<?xml version="1.0" encoding="UTF-8"?>
<proc:LineItemList xmlns:proc="http://www.dtic.mil/comptroller/xml/schema/20100219/procurement">
    <proc:LineItem quantityUnits="Each" quantityUnitName="Each" unitCostUnits="Millions" totalCostUnits="Millions" manufacturerRateUnits="Monthly" combinedP5Flag="false">
        <proc:LineItemNumber>500</proc:LineItemNumber>
        <proc:LineItemTitle>Personnel Administration</proc:LineItemTitle>
        <proc:P1LineNumber>59</proc:P1LineNumber>
        <proc:BudgetYear>2026</proc:BudgetYear>
        <proc:BudgetCycle>PB</proc:BudgetCycle>
        <proc:SubmissionDate>2025-06</proc:SubmissionDate>
        <proc:ServiceAgencyName>DoD Human Resources Activity</proc:ServiceAgencyName>
        <proc:AppropriationNumber>0300D</proc:AppropriationNumber>
        <proc:AppropriationTitle>Procurement, Defense-Wide</proc:AppropriationTitle>
        <proc:BudgetActivityNumber>1</proc:BudgetActivityNumber>
        <proc:BudgetActivityTitle>Major Equipment</proc:BudgetActivityTitle>
        <proc:BudgetSubActivityNumber>20</proc:BudgetSubActivityNumber>
        <proc:BudgetSubActivityTitle>Major Equipment, DHRA</proc:BudgetSubActivityTitle>
        <proc:ResourceSummary>
            <proc:TotalCost>
                <proc:AllPriorYears>28.437</proc:AllPriorYears>
                <proc:PriorYear>4.445</proc:PriorYear>
                <proc:CurrentYear>3.717</proc:CurrentYear>
                <proc:BudgetYearOneBase>3.797</proc:BudgetYearOneBase>
                <proc:BudgetYearOne>3.797</proc:BudgetYearOne>
                <proc:Continuing>true</proc:Continuing>
            </proc:TotalCost>
            <proc:NetProcurementP1>
                <proc:AllPriorYears>28.437</proc:AllPriorYears>
                <proc:PriorYear>4.445</proc:PriorYear>
                <proc:CurrentYear>3.717</proc:CurrentYear>
                <proc:BudgetYearOneBase>3.797</proc:BudgetYearOneBase>
                <proc:BudgetYearOne>3.797</proc:BudgetYearOne>
                <proc:Continuing>true</proc:Continuing>
            </proc:NetProcurementP1>
            <proc:TotalObligationAuthority>
                <proc:AllPriorYears>28.437</proc:AllPriorYears>
                <proc:PriorYear>4.445</proc:PriorYear>
                <proc:CurrentYear>3.717</proc:CurrentYear>
                <proc:BudgetYearOneBase>3.797</proc:BudgetYearOneBase>
                <proc:BudgetYearOne>3.797</proc:BudgetYearOne>
                <proc:Continuing>true</proc:Continuing>
            </proc:TotalObligationAuthority>
        </proc:ResourceSummary>
        <proc:CodeBProgramElementList>
            <proc:ProgramElementNumber>0901220SE</proc:ProgramElementNumber>
        </proc:CodeBProgramElementList>
        <proc:Description>The Department of Defense Human Resources Activity (DHRA) is a consolidated Field Activity under the direction and control of the Under Secretary of Defense (Personnel and Readiness) (USD (P&amp;R)) established for the collection and interaction of manpower and personnel data to support Department-wide tracking, analysis, research, studies, a wide variety of reporting requirements, and enterprise personnel services and solutions. DHRA provides functional information management, civilian personnel policy support, and civilian personnel administrative services to DoD Components and activities. The scope of operations is necessarily broad and encompasses all aspects of data collection and utilization of Defense manpower and personnel data records to support DoD-wide analysis, studies, research, and reporting requirements. DHRA is the responsible organization within DoD for the interchange of automated manpower data with other government agencies. 

The Identity Credential Management (ICM) program supports the Real-time Automated Personnel Identification System (RAPIDS) as the enterprise system that issues Common Access Card (CAC) and the Uniformed Services ID (USID) card and provides online personnel and family member updates to the Defense Enrollment Eligibility Reporting System (DEERS). The CAC is an enterprise-wide credential for physical and logical access to DoD facilities and networks, and also facilitates access to DoD benefits and entitlements.  The ICM program additionally provides DoD Enterprise capabilities to credential and authenticate non-CAC eligible beneficiaries and other individuals with a continuing DoD affiliation or need for access to a DoD owned resource.  
 
Personnel Support Programs (PSP) designs and implements technological solutions to gather, analyze, and share information on the physical location of DoD members and affiliated personnel in order to ensure the safety and enhance the readiness of the Armed Forces of the United States. PSP provides end-to-end tracking, reconciliation and reporting of DoD personnel location and movements, to include Service members, DoD-affiliated civilians and contractors, other DoD-affiliated personnel, and U.S. citizens. This includes DoD travel, contracts, and contractor personnel tracking in support of contingencies, military readiness, reporting of locations at the unit and person level, accountability of DoD personnel during (and after) natural or man-made disasters, and accountability and visibility of noncombatant evacuees.</proc:Description>
        <proc:Justification>Project: ICM FY 2026 investment supports ongoing lifecycle replacement of RAPIDS workstations, allowing the replacement of outdated and/or maintenance-intensive equipment in order to continue to ensure full functionality, system security, and HSPD-12 compliance of the RAPIDS/CAC system.  In FY 2026, ICM's program continues to support the department's priority for Operationalizing Zero Trust across the DoD initiative; its purpose is to transition DoD Information Network Core to a Zero Trust implementation at a measured pace, prioritizing the transition timeline and level of capability by warfighting impact.

Project: PSP FY 2026 investment in the Non-combatant Evacuation Operation (NEO) Tracking System (NTS) will be used to upgrade fielded NTS across the Combatant Commands (CCMDs) and the National Guard (Emergency Tracking System). This centralized procurement of equipment will enable DMDC to track the systems in the field and provide support such as software upgrades, training and equipment tracking. Providing this upgraded equipment will ensure consistency among NTS systems and provide the CCMDs with more manageable and reliable systems.</proc:Justification>
        <proc:DocumentAssemblyOptions>
            <proc:p40AItemScheduleSetting>expandItemSuppressExhibit</proc:p40AItemScheduleSetting>
        </proc:DocumentAssemblyOptions>
    </proc:LineItem>
</proc:LineItemList>