<?xml version="1.0" encoding="UTF-8"?>
<r2:ProgramElementList xmlns:r2="http://www.dtic.mil/comptroller/xml/schema/022009/r2" targetSchemaVersion="1.0">
    <r2:ProgramElement monetaryUnit="Millions">
        <r2:ProgramElementNumber>0204571J</r2:ProgramElementNumber>
        <r2:ProgramElementTitle>Joint Staff Analytical Support</r2:ProgramElementTitle>
        <r2:R1LineNumber>208</r2:R1LineNumber>
        <r2:BudgetYear>2026</r2:BudgetYear>
        <r2:BudgetCycle>PB</r2:BudgetCycle>
        <r2:SubmissionDate>2025-06</r2:SubmissionDate>
        <r2:ServiceAgencyName>The Joint Staff</r2:ServiceAgencyName>
        <r2:AppropriationCode>0400</r2:AppropriationCode>
        <r2:AppropriationName>Research, Development, Test &amp; Evaluation, Defense-Wide</r2:AppropriationName>
        <r2:BudgetActivityNumber>6</r2:BudgetActivityNumber>
        <r2:BudgetActivityTitle>RDT&amp;E Management Support</r2:BudgetActivityTitle>
        <r2:ProgramElementFunding>
            <r2:AllPriorYears>71.422</r2:AllPriorYears>
            <r2:PriorYear>4.737</r2:PriorYear>
            <r2:CurrentYear>7.433</r2:CurrentYear>
            <r2:BudgetYearOne>8.070</r2:BudgetYearOne>
            <r2:BudgetYearOneBase>8.070</r2:BudgetYearOneBase>
        </r2:ProgramElementFunding>
        <r2:ProgramElementMissionDescription>The Joint Staff Analytical Support (JSAS) family of programs provide defense analytical support capabilities for the Joint Staff and Combatant Commands (CCMDs).  JSAS encompasses tools and infrastructure required to conduct analyses and formulate results that assist the Chairman in fulfilling his statutory responsibilities.  Key deliverables provided by JSAS include development of Joint Concepts, concepts of operation,  innovative operational concept assessments, course of action development for the future joint force operating environment, analyses and studies for joint concept driven, threat-informed capability development approach to joint force development to aid in decision-making, and other analysis efforts to implement timely, low-cost joint force development initiatives.</r2:ProgramElementMissionDescription>
        <r2:ChangeSummary>
            <r2:PreviousPresidentBudget>
                <r2:PriorYear>4.916</r2:PriorYear>
                <r2:CurrentYear>7.433</r2:CurrentYear>
                <r2:BudgetYearOne>8.860</r2:BudgetYearOne>
                <r2:BudgetYearOneBase>8.860</r2:BudgetYearOneBase>
            </r2:PreviousPresidentBudget>
            <r2:CurrentPresidentBudget>
                <r2:PriorYear>4.737</r2:PriorYear>
                <r2:CurrentYear>7.433</r2:CurrentYear>
                <r2:BudgetYearOne>8.070</r2:BudgetYearOne>
                <r2:BudgetYearOneBase>8.070</r2:BudgetYearOneBase>
            </r2:CurrentPresidentBudget>
            <r2:TotalAdjustments>
                <r2:PriorYear>-0.179</r2:PriorYear>
                <r2:CurrentYear>0.000</r2:CurrentYear>
                <r2:BudgetYearOne>-0.790</r2:BudgetYearOne>
                <r2:BudgetYearOneBase>-0.790</r2:BudgetYearOneBase>
            </r2:TotalAdjustments>
            <r2:AdjustmentDetails>
                <r2:SBIRSTTRTransfer>
                    <r2:PriorYear>-0.179</r2:PriorYear>
                </r2:SBIRSTTRTransfer>
                <r2:OtherAdjustmentDetailList>
                    <r2:OtherAdjustmentDetail>
                        <r2:Title>Efficiency - Travel</r2:Title>
                        <r2:Funding>
                            <r2:BudgetYearOne>-1.126</r2:BudgetYearOne>
                            <r2:BudgetYearOneBase>-1.126</r2:BudgetYearOneBase>
                        </r2:Funding>
                    </r2:OtherAdjustmentDetail>
                    <r2:OtherAdjustmentDetail>
                        <r2:Title>Campaign Modeling and Simulation</r2:Title>
                        <r2:Funding>
                            <r2:BudgetYearOne>0.336</r2:BudgetYearOne>
                            <r2:BudgetYearOneBase>0.336</r2:BudgetYearOneBase>
                        </r2:Funding>
                    </r2:OtherAdjustmentDetail>
                </r2:OtherAdjustmentDetailList>
            </r2:AdjustmentDetails>
            <r2:SummaryExplanation>Supports the FY 2024 - FY 2026 development of Logbook-Next to deliver a modernized requirements-gathering, collaborative staffing, and Global Force Management (GFM) allocation workflow capability providing the Secretary of Defense sourcing solutions from which to initiate deployment orders, replacing the current, legacy Events Logbook and Joint Capability Requirements Manager (JCRM) mission-enabling technologies that have been in use in their current form since 2002.  Reduces discretionary travel funding to align with Executive Order 14222,  “Implementing the President’s Department of Government Efficiency Cost Efficiency Initiative.”  Funding increase to mature analytic community Information Technology (IT) investments.  Minor programmatic adjustment for FY 2024.</r2:SummaryExplanation>
        </r2:ChangeSummary>
        <r2:ProjectList>
            <r2:Project>
                <r2:ProjectNumber>P001</r2:ProjectNumber>
                <r2:ProjectTitle>Future Joint Force Development and Design</r2:ProjectTitle>
                <r2:SpecialProject>0</r2:SpecialProject>
                <r2:ProjectFunding>
                    <r2:AllPriorYears>71.422</r2:AllPriorYears>
                    <r2:PriorYear>4.737</r2:PriorYear>
                    <r2:CurrentYear>7.433</r2:CurrentYear>
                    <r2:BudgetYearOne>8.070</r2:BudgetYearOne>
                    <r2:BudgetYearOneBase>8.070</r2:BudgetYearOneBase>
                </r2:ProjectFunding>
                <r2:R2aExhibit>
                    <r2:ProjectMissionDescription>The Joint Staff Analytical Support (JSAS) program supports the Chairman’s Title 10 responsibility for the analytical support, management, and development of future-based joint concepts. These threats based Joint concepts include Joint concepts of operations that advance Joint Force operational effectiveness and enable the introduction and incorporation of new capabilities. The Joint Concepts program supports the Chairman's responsibility to express a vision for the future joint force; addressing operational problems on a 20-year horizon; identifying joint force development implications; and identifying capabilities required to mitigate and solve future joint warfighting gaps. The goal is to enable investment decisions balancing near and long-term risk. Threat-informed joint concepts drive capability development and promote horizontal integration for force development across the Services, Combatant Commands, Defense agencies, OSD and Joint Staff. Key deliverables include:  

Joint Warfighting Design (JWD): Further identifies innovative and alternative approaches and design options to describe the characteristics, abilities, and technologies of the 2040 Joint Force.  

Concepts of Operations (CONOPS): Describe how the actions of the joint force components and supporting organizations, consistent with ideas from Joint Concepts, are integrated, synchronized, and phased to accomplish a specific mission, war plan or function within the construct of a future scenario.  CONOPS support evaluation of new ways of operating, future force posture mix, advanced capabilities, and authorities in exercises, wargames, and experiments.

Joint Operating Environment (JOE) and the Gamechangers report: Developed in partnership with the Defense Intelligence Agency (DIA), these reports describe the future security environment and project the implications of change for the Joint Force. The documents describe the circumstances that may alter the security environment and explore how the intersection and interaction of these changes might impact the character of war in the future. They provide a framework to think about the full range of Joint Force missions and how they may evolve over time to support development of threat-based future Joint concepts and CONOPS.

Joint Advanced Fires Qualification Course (JAFQ-C): Develop, standup, and execute JAFQ-C as the OCR for an OUSD P&amp;R initiative as a critical task under CJADC2. JAFQ-C will deliver qualified specialist for operational-level, all-domain joint fires to address Joint Warfighter Concept issues for CCMDs, JTFs, and Components supporting Joint Fires Elements.</r2:ProjectMissionDescription>
                    <r2:AccomplishmentPlannedProgramList>
                        <r2:AccomplishmentPlannedProgram>
                            <r2:Title>Future Joint Force Development and Design</r2:Title>
                            <r2:Description>Future Joint Force Development and Design provides analytic support required to develop future-based joint concepts. The goal is to enable investment decisions balancing near and long- term risk. Threat-informed joint concepts drive capability development and promote horizontal integration for force development and design across the Services, Combatant Commands, Defense agencies, OSD and Joint Staff.</r2:Description>
                            <r2:Accomplishment>
                                <r2:PriorYear>
                                    <r2:Funding>4.737</r2:Funding>
                                    <r2:Text>Execute the Chairman's Joint Concepts Program.  Support the execution of the FY 2024 Globally Integrated War Game. Complete updated version of Joint Warfighting Concept – Next 2040. Continue global CONOPS development to support evaluation of joint concepts in exercises, war games, and experimentation.  Support to Logbook Next efforts to deliver a modernized requirements-gathering, collaborative staffing, and Global Force Management (GFM) allocation workflow capability.</r2:Text>
                                </r2:PriorYear>
                            </r2:Accomplishment>
                            <r2:PlannedProgram>
                                <r2:CurrentYear>
                                    <r2:Funding>7.433</r2:Funding>
                                    <r2:Text>Execute the Chairman's Joint Concepts Program.  Complete, and garner approval for, the updated version of Joint Warfighting Design 2040. Continue global CONOPS development to support evaluation of joint concepts in exercises, war games, and experimentation.  Support the execution of the FY 2025 Globally Integrated War Game. Support the development of curriculum for Joint Advanced Fires Qualification Course.</r2:Text>
                                </r2:CurrentYear>
                                <r2:BudgetYearOne>
                                    <r2:Funding>8.070</r2:Funding>
                                </r2:BudgetYearOne>
                                <r2:BudgetYearOneBase>
                                    <r2:Funding>8.070</r2:Funding>
                                    <r2:Text>Execute the Chairman's Joint Concepts Program.  Refinement of Joint Warfighting Design 2040 as needed. Continue global CONOPS development to support evaluation of joint concepts in exercises, war games, and experimentation.  Support the execution of the FY 2026 Globally Integrated War Game. Support the execution of the Joint Advanced Fires Qualification Course.</r2:Text>
                                </r2:BudgetYearOneBase>
                                <r2:AppChangeSummary>Minor programmatic adjustment.</r2:AppChangeSummary>
                            </r2:PlannedProgram>
                        </r2:AccomplishmentPlannedProgram>
                    </r2:AccomplishmentPlannedProgramList>
                </r2:R2aExhibit>
            </r2:Project>
        </r2:ProjectList>
    </r2:ProgramElement>
</r2:ProgramElementList>