<?xml version="1.0" encoding="UTF-8"?>
<r2:ProgramElementList xmlns:r2="http://www.dtic.mil/comptroller/xml/schema/022009/r2" targetSchemaVersion="1.0">
    <r2:ProgramElement monetaryUnit="Millions">
        <r2:ProgramElementNumber>0305248J</r2:ProgramElementNumber>
        <r2:ProgramElementTitle>Joint Staff Office of the Chief Digital and Artificial Intelligence Officer</r2:ProgramElementTitle>
        <r2:R1LineNumber>214</r2:R1LineNumber>
        <r2:BudgetYear>2026</r2:BudgetYear>
        <r2:BudgetCycle>PB</r2:BudgetCycle>
        <r2:SubmissionDate>2025-06</r2:SubmissionDate>
        <r2:ServiceAgencyName>The Joint Staff</r2:ServiceAgencyName>
        <r2:AppropriationCode>0400</r2:AppropriationCode>
        <r2:AppropriationName>Research, Development, Test &amp; Evaluation, Defense-Wide</r2:AppropriationName>
        <r2:BudgetActivityNumber>6</r2:BudgetActivityNumber>
        <r2:BudgetActivityTitle>RDT&amp;E Management Support</r2:BudgetActivityTitle>
        <r2:ProgramElementFunding>
            <r2:AllPriorYears>0.000</r2:AllPriorYears>
            <r2:PriorYear>0.000</r2:PriorYear>
            <r2:CurrentYear>12.700</r2:CurrentYear>
            <r2:BudgetYearOne>14.500</r2:BudgetYearOne>
            <r2:BudgetYearOneBase>14.500</r2:BudgetYearOneBase>
        </r2:ProgramElementFunding>
        <r2:ProgramElementNote>This Joint Staff (JS) Program Element Code was established in FY 2023, effective beginning in FY 2025, for Joint Staff Office of the Chief Digital and Artificial Intelligence Officer (OCDAO) Activities.</r2:ProgramElementNote>
        <r2:ProgramElementMissionDescription>Provides funds for the operation and support of activities directly related to the Joint Staff (JS) Office of the Chief Data Officer (OCDO) mission to enable data-centric efforts across the JS. This includes concept refinement, technology/system development, hardware/software requirements, training, and other activities necessary for OCDO to facilitate the linkages and integration of authoritative data flows between the Joint Staff, Combatant Commands (CCMDs), Services, and Office of the Secretary of Defense (OSD). In collaboration with each of the Joint Staff Directorates, the OCDO advances data interoperability and strengthens leadership on data governance to ensure that digital systems can fully support Combined Joint All-Domain Operations.  As the Joint Staff focal point for data-centric efforts, on behalf of the Chairman, the JS OCDO also works closely with the Office of the Secretary of Defense (OSD) Chief Digital and Artificial Intelligence Officer (CDAO) to communicate and represent the Joint Staff and Chairman’s requirements necessary to develop sustained information advantage capabilities to enable senior leader decision-making and action at the speed of the problem.</r2:ProgramElementMissionDescription>
        <r2:ChangeSummary>
            <r2:PreviousPresidentBudget>
                <r2:PriorYear>0.000</r2:PriorYear>
                <r2:CurrentYear>12.700</r2:CurrentYear>
                <r2:BudgetYearOne>14.500</r2:BudgetYearOne>
                <r2:BudgetYearOneBase>14.500</r2:BudgetYearOneBase>
            </r2:PreviousPresidentBudget>
            <r2:CurrentPresidentBudget>
                <r2:PriorYear>0.000</r2:PriorYear>
                <r2:CurrentYear>12.700</r2:CurrentYear>
                <r2:BudgetYearOne>14.500</r2:BudgetYearOne>
                <r2:BudgetYearOneBase>14.500</r2:BudgetYearOneBase>
            </r2:CurrentPresidentBudget>
            <r2:TotalAdjustments>
                <r2:PriorYear>0.000</r2:PriorYear>
                <r2:CurrentYear>0.000</r2:CurrentYear>
                <r2:BudgetYearOne>0.000</r2:BudgetYearOne>
                <r2:BudgetYearOneBase>0.000</r2:BudgetYearOneBase>
            </r2:TotalAdjustments>
            <r2:SummaryExplanation>This Joint Staff (JS) Program Element Code was established in FY 2023, effective beginning in FY 2025, for Joint Staff Office of the Chief Digital and Artificial Intelligence Officer (OCDAO) Activities.  Minor adjustment for economic assumptions.</r2:SummaryExplanation>
        </r2:ChangeSummary>
        <r2:ProjectList>
            <r2:Project>
                <r2:ProjectNumber>001</r2:ProjectNumber>
                <r2:ProjectTitle>Joint Staff Dashboard / CJCS Decision Support Capabilities</r2:ProjectTitle>
                <r2:SpecialProject>0</r2:SpecialProject>
                <r2:ProjectFunding>
                    <r2:AllPriorYears>0.000</r2:AllPriorYears>
                    <r2:PriorYear>0.000</r2:PriorYear>
                    <r2:CurrentYear>12.700</r2:CurrentYear>
                    <r2:BudgetYearOne>14.500</r2:BudgetYearOne>
                    <r2:BudgetYearOneBase>14.500</r2:BudgetYearOneBase>
                </r2:ProjectFunding>
                <r2:R2aExhibit>
                    <r2:ProjectMissionDescription>Data and analytics are the foundation necessary to create the critical data-driven applications and artificial intelligence (AI) systems needed to build enduring advantages for the Joint Force to remain competitive with pacing adversaries. However, recent events have demonstrated that the DoD’s capabilities in data, analytics, and AI need further development.  

Specifically for the Joint Staff (JS), this means developing and testing JS-specific software applications (use cases) to achieve the Chairman of the Joint Chiefs of Staff’s (CJCS) and the Vice Chairman of the Joint Chiefs of Staff’s (VCJCS) requirement for a Senior Leader Decision Support Capabilities.  The CJCS has a statutory responsibility to provide military advice to the President, the National Security Council, the Homeland Security Council, and the Secretary of Defense.  These decision support capabilities and the associated dashboard interface directly support the CJCS’s military advice through interaction with integrated, real-time authoritative data, enabling data-driven decision making.</r2:ProjectMissionDescription>
                    <r2:AccomplishmentPlannedProgramList>
                        <r2:AccomplishmentPlannedProgram>
                            <r2:Title>Joint Staff Dashboard / CJCS Decision Support Capabilities</r2:Title>
                            <r2:Description>The JS OCDAO, in coordination with Office of Secretary of Defense (OSD) Chief Digital and Artificial Intelligence Officer (OCDAO), will develop JS workflow automation, business intelligence, and Artificial Intelligence applications to achieve decision advantage. This includes developing and testing JS-specific software applications or use cases to support the Chairman’s statutory responsibility to provide military advice to the President, the National Security Council, the Homeland Security Council, and the Secretary of Defense. These JS Dashboard use cases will be part of the CDAO’s DoD Enterprise Application Layer interacting with the Data Integration Layer (DIL); ensuring that these applications as they are developed are fully interoperable with existing Joint and Service data analytics platforms (e.g., Advana cloud, Advana Edge, SUNet, Maven Smart Systems (MSS), and Army Vantage).</r2:Description>
                            <r2:PlannedProgram>
                                <r2:CurrentYear>
                                    <r2:Funding>12.700</r2:Funding>
                                    <r2:Text>To achieve necessary Joint Staff senior leader decision support capabilities, the Dashboard will be built upon a JS Application Layer integrated with CDAO’s Combined Joint All-Domain Command and Control (CJADC2) DIL. Initially focusing on four priority use cases identified below as Lines of Effort (LOE), over time, additional use cases will be added to support a comprehensive, cross-directorate Dashboard capability:

1.	LOE 1: Digitizing and automating workflows and analytics for the Secretary of Defense Orders Book (SDOB) for Global Force Management (GFM), including global integration features for Combatant Command (CCMD)/Service readiness and Operations, Activities, and Investments (OAI), and Joint Force readiness data.

2.	LOE 2: Supporting the Crisis Management Team (CMT) in the National Military Command Center by overlaying the Common Operating Pictures (COP), Common Intelligence Pictures (CIP), and working real-time assessments during 24/7 crisis response efforts.    

3.	LOE 3: The Joint Requirements Oversight Council (JROC) Data Modernization. This LOE will improve data accessibility and data retrieval from Knowledge Management and Decision Support (KM/DS), the primary support tool for the Joint Requirements Oversight Council and Joint Capabilities Integration and Development System (JCIDS) process.

4.  LOE 4: Digitizing the Joint Strategic Planning System (JSPS) Portfolio.  The JSPS is the foundation for providing the Chairman’s strategic guidance and military advice in support of Title 10 authorities; digitizing this process, developing a collaborative workspace, and workflows allows for efficiency and effectiveness in this joint strategic planning system.</r2:Text>
                                </r2:CurrentYear>
                                <r2:BudgetYearOne>
                                    <r2:Funding>14.500</r2:Funding>
                                </r2:BudgetYearOne>
                                <r2:BudgetYearOneBase>
                                    <r2:Funding>14.500</r2:Funding>
                                    <r2:Text>Continue efforts established in FY 2025, along stated Lines of Effort.  Over time, additional use cases will be added to support a comprehensive, cross-directorate Dashboard capability:

1.	LOE 1: Digitizing and automating workflows and analytics for the Secretary of Defense Orders Book (SDOB) for Global Force Management (GFM), including global integration features for Combatant Command (CCMD)/Service readiness and Operations, Activities, and Investments (OAI), and Joint Force readiness data.

2.	LOE 2: Supporting the Crisis Management Team (CMT) in the National Military Command Center by overlaying the Common Operating Pictures (COP), Common Intelligence Pictures (CIP), and working real-time assessments during 24/7 crisis response efforts.    

3.	LOE 3: The Joint Requirements Oversight Council (JROC) Data Modernization. This LOE will improve data accessibility and data retrieval from Knowledge Management and Decision Support (KM/DS), the primary support tool for the Joint Requirements Oversight Council and Joint Capabilities Integration and Development System (JCIDS) process.

4.      LOE 4: Digitizing the Joint Strategic Planning System (JSPS) Portfolio.  The JSPS is the foundation for providing the Chairman’s strategic guidance and military advice in support of Title 10 authorities; digitizing this process, developing a collaborative workspace, and workflows allows for efficiency and effectiveness in this joint strategic planning system.</r2:Text>
                                </r2:BudgetYearOneBase>
                                <r2:AppChangeSummary>Increased funding to develop decision support capabilities.</r2:AppChangeSummary>
                            </r2:PlannedProgram>
                        </r2:AccomplishmentPlannedProgram>
                    </r2:AccomplishmentPlannedProgramList>
                    <r2:AcquisitionStrategy>The JS Dashboard development effort will continue to leverage CDAO enterprise tools, the DoD Federated Data Catalog, and integrate with Mission Command Applications.  Although the Joint Staff Dashboard is nested with CDAO’s enterprise solutions, it encompasses unique Joint Staff Title 10 functions and requirements to support the National Command authority. Accordingly, Joint Staff-unique Dashboard development efforts will be developed in line with DoD Instruction 5000.87, Software Acquisition Pathway guidance.  Specifically, utilizing development of Joint Staff cases within DevSecOps environments to deploy data automations, workflows, modeling, meta data management, data ontologies, user interface/experience design (UI/UX) and engineering and human-centered design contract support.</r2:AcquisitionStrategy>
                </r2:R2aExhibit>
            </r2:Project>
        </r2:ProjectList>
    </r2:ProgramElement>
</r2:ProgramElementList>