<?xml version="1.0" encoding="UTF-8"?>
<r2:ProgramElementList xmlns:r2="http://www.dtic.mil/comptroller/xml/schema/022009/r2" targetSchemaVersion="1.0">
    <r2:ProgramElement monetaryUnit="Millions">
        <r2:ProgramElementNumber>0604331J</r2:ProgramElementNumber>
        <r2:ProgramElementTitle>Rapid Prototyping Program</r2:ProgramElementTitle>
        <r2:R1LineNumber>110</r2:R1LineNumber>
        <r2:BudgetYear>2026</r2:BudgetYear>
        <r2:BudgetCycle>PB</r2:BudgetCycle>
        <r2:SubmissionDate>2025-06</r2:SubmissionDate>
        <r2:ServiceAgencyName>The Joint Staff</r2:ServiceAgencyName>
        <r2:AppropriationCode>0400</r2:AppropriationCode>
        <r2:AppropriationName>Research, Development, Test &amp; Evaluation, Defense-Wide</r2:AppropriationName>
        <r2:BudgetActivityNumber>4</r2:BudgetActivityNumber>
        <r2:BudgetActivityTitle>Advanced Component Development &amp; Prototypes (ACD&amp;P)</r2:BudgetActivityTitle>
        <r2:ProgramElementFunding>
            <r2:AllPriorYears>7.226</r2:AllPriorYears>
            <r2:PriorYear>5.665</r2:PriorYear>
            <r2:CurrentYear>7.710</r2:CurrentYear>
            <r2:BudgetYearOne>0.000</r2:BudgetYearOne>
            <r2:BudgetYearOneBase>0.000</r2:BudgetYearOneBase>
        </r2:ProgramElementFunding>
        <r2:ProgramElementMissionDescription>The RDER program accelerates Joint Warfighting Concept (JWC) experimentation.  JS J-7 provides RDER leadership with independent JWC alignment and assessment, and integration into the overall JWC Experimentation Campaign.  PE 0604331J, Rapid Prototyping Program is an essential JS J-7 component of an integrated RDER program. The JS contribution is complementary of OUSD R&amp;E RDER field experimentation planning and execution, not duplicative. JS J-7 is designated by OUSD R&amp;E to lead and manage the RDER JWC Working Group to accomplish the functions above, and to provide data management for the overall RDER effort.  

The JS support is integral and embedded.
1.  The RDER program accelerates JWC experimentation.
2.  JS J-7 provides RDER leadership with independent JWC alignment and assessment, and integration into the overall JWC Experimentation Campaign.
3.  PE 0604331J, Rapid Prototyping Program is an essential JS J-7 component of an integrated RDER program. The JS contribution is complementary of OUSD R&amp;E RDER field experimentation planning and execution, not duplicative.
4.  Crosswalk of OUSD R&amp;E and JS J-7 efforts for RDER - OUSD R&amp;E leads and manages the entire RDER program. JS J-7 is designated by OUSD R&amp;E to lead and manage the RDER JWC Working Group to accomplish the functions above, and to provide data management for the overall RDER effort. The JS support is integral and embedded.  The OUSD R&amp;E narrative describes the entire program – which includes the JS J-7 roles and functions.</r2:ProgramElementMissionDescription>
        <r2:ChangeSummary>
            <r2:PreviousPresidentBudget>
                <r2:PriorYear>9.880</r2:PriorYear>
                <r2:CurrentYear>7.710</r2:CurrentYear>
                <r2:BudgetYearOne>9.075</r2:BudgetYearOne>
                <r2:BudgetYearOneBase>9.075</r2:BudgetYearOneBase>
            </r2:PreviousPresidentBudget>
            <r2:CurrentPresidentBudget>
                <r2:PriorYear>5.665</r2:PriorYear>
                <r2:CurrentYear>7.710</r2:CurrentYear>
                <r2:BudgetYearOne>0.000</r2:BudgetYearOne>
                <r2:BudgetYearOneBase>0.000</r2:BudgetYearOneBase>
            </r2:CurrentPresidentBudget>
            <r2:TotalAdjustments>
                <r2:PriorYear>-4.215</r2:PriorYear>
                <r2:CurrentYear>0.000</r2:CurrentYear>
                <r2:BudgetYearOne>-9.075</r2:BudgetYearOne>
                <r2:BudgetYearOneBase>-9.075</r2:BudgetYearOneBase>
            </r2:TotalAdjustments>
            <r2:AdjustmentDetails>
                <r2:CongressionalDirectedReductions>
                    <r2:PriorYear>-4.000</r2:PriorYear>
                </r2:CongressionalDirectedReductions>
                <r2:SBIRSTTRTransfer>
                    <r2:PriorYear>-0.215</r2:PriorYear>
                </r2:SBIRSTTRTransfer>
                <r2:OtherAdjustmentDetailList>
                    <r2:OtherAdjustmentDetail>
                        <r2:Title>Program Adjustment</r2:Title>
                        <r2:Funding>
                            <r2:BudgetYearOne>-9.075</r2:BudgetYearOne>
                            <r2:BudgetYearOneBase>-9.075</r2:BudgetYearOneBase>
                        </r2:Funding>
                    </r2:OtherAdjustmentDetail>
                </r2:OtherAdjustmentDetailList>
            </r2:AdjustmentDetails>
            <r2:SummaryExplanation>Funding to Rapid Defense Experimentation Reserve efforts was eliminated.</r2:SummaryExplanation>
        </r2:ChangeSummary>
        <r2:ProjectList>
            <r2:Project>
                <r2:ProjectNumber>001</r2:ProjectNumber>
                <r2:ProjectTitle>: Rapid Defense Experimentation Reserve</r2:ProjectTitle>
                <r2:SpecialProject>0</r2:SpecialProject>
                <r2:ProjectFunding>
                    <r2:AllPriorYears>7.226</r2:AllPriorYears>
                    <r2:PriorYear>5.665</r2:PriorYear>
                    <r2:CurrentYear>7.710</r2:CurrentYear>
                    <r2:BudgetYearOne>0.000</r2:BudgetYearOne>
                    <r2:BudgetYearOneBase>0.000</r2:BudgetYearOneBase>
                </r2:ProjectFunding>
                <r2:R2aExhibit>
                    <r2:ProjectMissionDescription>Rapid Defense Experimentation Reserve (RDER) facilitates rapid force modernization. The program was established to encourage multi-service experimentation through a campaign of learning. Services, Agencies, and other participating organizations identified “best of breed” existing capabilities developed among the DoD prototyping programs and executed approved projects through large-scale experiments to refine the Joint Warfighting Concept (JWC). The JS J-7 leads the RDER JWC Working Group for the overall program. The Working Group provided four functions for the overall effort:

1.	Assess JWC alignment for RDER proposed experiments as part of triage and proposal approval process
2.	Assess RDER prototyping and field experimentation during execution.
3.	Provide verification of JWC alignment for completed RDER experiments and provide validation of RDER experimentation impact to concept key operational problems, tasks, and imperatives.
4.	Throughout RDER experiment lifecycle, provide data management, analytics, and archiving for the RDER campaign of learning.

The JS support is integral and embedded:
1.  The RDER program accelerates JWC experimentation.
2.  JS J-7 provides RDER leadership with independent JWC alignment and assessment, and integration into the overall JWC Experimentation Campaign.
3.  PE 0604331J, Rapid Prototyping Program is a JS J-7 component of an integrated RDER program. The JS contribution is complementary of OUSD R&amp;E RDER field experimentation planning and execution, not duplicative.
4.  JS J-7 is designated by OUSD R&amp;E to lead and manage the RDER JWC Working Group in order to accomplish the functions above, and to provide data management for the overall RDER effort.  The OUSD R&amp;E narrative describes the entire program – which includes the JS J-7 roles and functions.</r2:ProjectMissionDescription>
                    <r2:AccomplishmentPlannedProgramList>
                        <r2:AccomplishmentPlannedProgram>
                            <r2:Title>Rapid Defense Experimentation Reserve</r2:Title>
                            <r2:Description>Experimentation outcomes will be designed to validate required capabilities enabling the JWC by evaluating and integrating prototyped technologies in operationally relevant, multi-domain environments.</r2:Description>
                            <r2:Accomplishment>
                                <r2:PriorYear>
                                    <r2:Funding>5.665</r2:Funding>
                                    <r2:Text>•	Continue to align RDER proposals against the Joint Warfighting Concept. This allows leadership to accelerate experimentation while remaining aligned to the concept guiding Joint Force Design and Development across the Department.
•	Continue to provide RDER experimentation data collection, curation, preservation using JExNet.
•	Assess RDER experimentation for its impacts on JWC operational problems and required capabilities.
•	Provide decision makers and analysts decision ready data and analysis to make informed Joint Force Design and Development decisions at speed.</r2:Text>
                                </r2:PriorYear>
                            </r2:Accomplishment>
                            <r2:PlannedProgram>
                                <r2:CurrentYear>
                                    <r2:Funding>7.710</r2:Funding>
                                    <r2:Text>•	Continue to align RDER proposals against the Joint Warfighting Concept. This allows leadership to accelerate experimentation while remaining aligned to the concept guiding Joint Force Design and Development across the Department.
•	Continue to provide RDER experimentation data collection, curation, preservation using JExNet.
•	Assess RDER experimentation for its impacts on JWC operational problems and required capabilities.
•	Provide decision makers and analysts decision ready data and analysis to make informed Joint Force Design and Development decisions at speed.</r2:Text>
                                </r2:CurrentYear>
                                <r2:BudgetYearOne>
                                    <r2:Funding>0.000</r2:Funding>
                                </r2:BudgetYearOne>
                                <r2:BudgetYearOneBase>
                                    <r2:Funding>0.000</r2:Funding>
                                    <r2:Text>Eliminated funding for Rapid Defense Experimentation Reserve efforts.</r2:Text>
                                </r2:BudgetYearOneBase>
                                <r2:AppChangeSummary>Eliminated support to experimentation efforts.</r2:AppChangeSummary>
                            </r2:PlannedProgram>
                        </r2:AccomplishmentPlannedProgram>
                    </r2:AccomplishmentPlannedProgramList>
                </r2:R2aExhibit>
                <r2:R3Exhibit>
                    <r2:CostCategoryGroupList>
                        <r2:CostCategoryGroup>
                            <r2:Name>Product Development</r2:Name>
                            <r2:CostCategoryItemList>
                                <r2:CostCategoryItem>
                                    <r2:Name>RDER</r2:Name>
                                    <r2:FundingVehicle>IA</r2:FundingVehicle>
                                    <r2:PerformingActivity>Joint Experimentation : Pentagon</r2:PerformingActivity>
                                    <r2:PerformingActivityLocation>Joint Experimentation : Pentagon</r2:PerformingActivityLocation>
                                    <r2:Cost>
                                        <r2:TotalPreviousYears>7.226</r2:TotalPreviousYears>
                                        <r2:PriorYear>
                                            <r2:Amount>5.665</r2:Amount>
                                        </r2:PriorYear>
                                        <r2:CurrentYear>
                                            <r2:Amount>7.710</r2:Amount>
                                        </r2:CurrentYear>
                                        <r2:BudgetYearOne>
                                            <r2:Amount>0.000</r2:Amount>
                                        </r2:BudgetYearOne>
                                        <r2:BudgetYearOneBase>
                                            <r2:Amount>0.000</r2:Amount>
                                        </r2:BudgetYearOneBase>
                                    </r2:Cost>
                                </r2:CostCategoryItem>
                            </r2:CostCategoryItemList>
                        </r2:CostCategoryGroup>
                    </r2:CostCategoryGroupList>
                </r2:R3Exhibit>
                <r2:R4aExhibit>
                    <r2:SubProjectScheduleList>
                        <r2:SubProjectSchedule>
                            <r2:Title>RDER</r2:Title>
                            <r2:ScheduleDetailList>
                                <r2:ScheduleDetail>
                                    <r2:EventTitle>RDER</r2:EventTitle>
                                    <r2:Schedule>
                                        <r2:Start>
                                            <r2:Quarter>4</r2:Quarter>
                                            <r2:Year>2023</r2:Year>
                                        </r2:Start>
                                        <r2:End>
                                            <r2:Quarter>3</r2:Quarter>
                                            <r2:Year>2025</r2:Year>
                                        </r2:End>
                                    </r2:Schedule>
                                </r2:ScheduleDetail>
                            </r2:ScheduleDetailList>
                        </r2:SubProjectSchedule>
                    </r2:SubProjectScheduleList>
                </r2:R4aExhibit>
            </r2:Project>
        </r2:ProjectList>
    </r2:ProgramElement>
</r2:ProgramElementList>