<?xml version="1.0" encoding="UTF-8"?>
<r2:ProgramElementList xmlns:r2="http://www.dtic.mil/comptroller/xml/schema/022009/r2" targetSchemaVersion="1.0">
    <r2:ProgramElement monetaryUnit="Millions">
        <r2:ProgramElementNumber>0804768J</r2:ProgramElementNumber>
        <r2:ProgramElementTitle>Joint Training, Exercise and Evaluation Program (JTEEP)</r2:ProgramElementTitle>
        <r2:R1LineNumber>215</r2:R1LineNumber>
        <r2:BudgetYear>2026</r2:BudgetYear>
        <r2:BudgetCycle>PB</r2:BudgetCycle>
        <r2:SubmissionDate>2025-06</r2:SubmissionDate>
        <r2:ServiceAgencyName>The Joint Staff</r2:ServiceAgencyName>
        <r2:AppropriationCode>0400</r2:AppropriationCode>
        <r2:AppropriationName>Research, Development, Test &amp; Evaluation, Defense-Wide</r2:AppropriationName>
        <r2:BudgetActivityNumber>6</r2:BudgetActivityNumber>
        <r2:BudgetActivityTitle>RDT&amp;E Management Support</r2:BudgetActivityTitle>
        <r2:ProgramElementFunding>
            <r2:AllPriorYears>163.729</r2:AllPriorYears>
            <r2:PriorYear>53.097</r2:PriorYear>
            <r2:CurrentYear>131.021</r2:CurrentYear>
            <r2:BudgetYearOne>91.952</r2:BudgetYearOne>
            <r2:BudgetYearOneBase>91.952</r2:BudgetYearOneBase>
        </r2:ProgramElementFunding>
        <r2:ProgramElementMissionDescription>These programs support readiness of the joint force by creating a joint training environment to replicate the complex and changing operational environment. These investments directly support defense strategic guidance, Joint Operational Training Infrastructure strategy, and enhance joint warfighting readiness by building training capabilities that support the operational readiness of the joint force.  The elements associated with this coordinated effort consist of:

JNTC: The mission of the Joint National Training Capability (JNTC) program is to advance joint capabilities and interoperability by concentrating on emerging joint training requirements through collective training using a managed set of globally distributed capabilities and activities. The program resources Service and Special Operations Forces joint training to improve interoperability and create realistic tactical and operational joint training. JNTC enables joint training for Combatant Commands and Services by developing joint training content and ensuring global distributed access. JNTC enabling capabilities support Services and USSOCOM requirements to provide trained and ready joint forces in support of Combatant Command operational requirements. The program supports the Joint Operational Training Infrastructure (JOTI).  This program focuses efforts on improving readiness and creates a ready surge force consistent with Chairman’s guidance and will provide the means to train joint forces for the operationalization of the Joint Warfighting Concept.

JKDDC: Joint Knowledge Development &amp; Distribution Capability (JKDDC) Joint Knowledge Online (JKO) is the program of record for online joint training that implements and operationalizes the OSD training transformation JKDDC.  JKO directly supports the JTEEP program by developing, delivering, tracking, reporting, and supporting online training for Combatant Command exercises; Combatant Command required training; doctrinally based Joint Operations Core Curriculum; multinational, coalition, interagency training; OSD required training; and administration of the Senior Enlisted Joint Professional Military Education program. JKO expends RDT&amp;E funding for leading edge technology review, market research, and integration to directly enhance various aspects of the training capability required to support Combatant Commanders, JTEEP program objectives, and the Chairman's joint training guidance. JKO satisfies all requirements necessary to provide JTEEP stakeholders with a distributed learning capability and access to web-based training content, learning resources, and distributed online training tools.

Air Force Joint National Training Center (JNTC): Air Force JNTC funding provides a focused upgrade to develop models for space-based and cyber capabilities for integration into the Joint Live, Virtual, and Constructive (JLVC) environment as well supporting development of cross-domain solutions. Additionally, the Air Force invests in development of capabilities to enhance the rigor and fidelity of training for live and virtual members of joint training audiences.

Navy JNTC: These funds enable Navy to develop unique maritime capabilities that integrate JLVC elements into a seamless joint training environment. The Navy program activities include conducting research, development, and integration of a common, realistic, joint and coalition, operational to tactical level training architecture to deliver individual and collective constructive joint training for use in Fleet Synthetic Training (FST) events, CCDR exercises, Ballistic Missile Defense Exercises (BMDEX) certification events, and BMD at Sea training events in support of CCDR’s training, deployment certification and operational requirements.

Joint Staff Live, Virtual and Constructive Modernization: This funding supports the Department's priorities to defend the homeland, deter strategic attacks and aggression, prevail in conflict, build enduring advantage, and build a resilient and ready joint force and defense eco system. China has greatly increased the urgency for realism of joint training using JLVC to improve readiness and interoperability, unearth operational weaknesses to train a joint force to key operational problems. The Joint Live, Virtual and Constructive (JLVC) Modernization project seeks out, develops, and integrates training technologies to provide a reliable, realistic, relevant, repeatable, and recordable training environment to train joint warfighters to successfully execute operational plans (OPLANs). Through analysis driven by a threat-informed China task force study in 2022, the Joint force lacks the training enterprise capability and technical architecture required to provide all-domain, high-end training for globally operations. Aligned with the Interim National Defense Strategy, JLVC Modernization is critical to ensure the Department of Defense (DoD) can close joint operational training gaps, provide a key enabler for the Pacific Multi-Domain Training and Experimentation Capability, provide training for advanced systems that cannot be realistically trained in live environments, provide training for future capabilities the force must be prepared to employ, and to build the readiness of a more lethal force. To meet this objective, the JLVC Modernization project performs the following activities:

•	Exploit new technologies and leverage industry advances in equipment, modeling and simulation, and networks support the joint training enterprise
•	Expedite the transition and integration of new training technologies (simulations, network, range integration) from Services, Industry, and Academic environments to the joint training enterprise
•	Establish data standards to enable the transition to a data-centric architecture, aligned to CJADC2, ensuring consistency and provide ‘analytic ready’ data to support all domain training; implement Joint LVC interoperability standards to enable all domain joint force training across LVC training ranges
•	Develop and integrate a fully-informed (Program to S/REL) Space, Cyber, Electromagnetic Spectrum (EMS), and 5th/6th Gen synthetic capabilities for the joint training enterprise  
•	Work with CCMDs and Services to optimize existing service programs while beginning to develop Next Generation simulations and simulators that are inherently interoperable across warfighting and security domains 
•	Advance the use of innovative applications of Artificial Intelligence for scenario generation, dynamic threat, smart opposing force (OPFOR), and after-action review (AAR) for the joint training enterprise   

Additionally, the JLVC Modernization project examines emerging joint training requirements resulting from new operational concepts, wargames, experiments, and exercises to identify training technology needs and develop a long-range roadmap for technology insertion into the joint training enterprise.  The project leverages and employs applicable applied research efforts from the highly developed technology base in the DoD/DOE laboratories, Service System engineering Centers, test and evaluation centers, other Government agencies, and industry to accelerate development and integration of new training capabilities.  The project outreaches and engages Academia to address joint training technology challenges in DoD. This program provides travel funds for JLVC Modernization project oversight, special studies, analyses, and strategic planning related to modernization of training capabilities and infrastructure.</r2:ProgramElementMissionDescription>
        <r2:ChangeSummary>
            <r2:PreviousPresidentBudget>
                <r2:PriorYear>101.319</r2:PriorYear>
                <r2:CurrentYear>166.021</r2:CurrentYear>
                <r2:BudgetYearOne>168.629</r2:BudgetYearOne>
                <r2:BudgetYearOneBase>168.629</r2:BudgetYearOneBase>
            </r2:PreviousPresidentBudget>
            <r2:CurrentPresidentBudget>
                <r2:PriorYear>53.097</r2:PriorYear>
                <r2:CurrentYear>131.021</r2:CurrentYear>
                <r2:BudgetYearOne>91.952</r2:BudgetYearOne>
                <r2:BudgetYearOneBase>91.952</r2:BudgetYearOneBase>
            </r2:CurrentPresidentBudget>
            <r2:TotalAdjustments>
                <r2:PriorYear>-48.222</r2:PriorYear>
                <r2:CurrentYear>-35.000</r2:CurrentYear>
                <r2:BudgetYearOne>-76.677</r2:BudgetYearOne>
                <r2:BudgetYearOneBase>-76.677</r2:BudgetYearOneBase>
            </r2:TotalAdjustments>
            <r2:AdjustmentDetails>
                <r2:CongressionalDirectedReductions>
                    <r2:PriorYear>-47.250</r2:PriorYear>
                    <r2:CurrentYear>-35.000</r2:CurrentYear>
                </r2:CongressionalDirectedReductions>
                <r2:SBIRSTTRTransfer>
                    <r2:PriorYear>-0.972</r2:PriorYear>
                </r2:SBIRSTTRTransfer>
                <r2:OtherAdjustmentDetailList>
                    <r2:OtherAdjustmentDetail>
                        <r2:Title>Department Fiscal Guidance</r2:Title>
                        <r2:Funding>
                            <r2:BudgetYearOne>-38.910</r2:BudgetYearOne>
                            <r2:BudgetYearOneBase>-38.910</r2:BudgetYearOneBase>
                        </r2:Funding>
                    </r2:OtherAdjustmentDetail>
                    <r2:OtherAdjustmentDetail>
                        <r2:Title>Economic Assumptions</r2:Title>
                        <r2:Funding>
                            <r2:BudgetYearOne>-0.509</r2:BudgetYearOne>
                            <r2:BudgetYearOneBase>-0.509</r2:BudgetYearOneBase>
                        </r2:Funding>
                    </r2:OtherAdjustmentDetail>
                    <r2:OtherAdjustmentDetail>
                        <r2:Title>Efficiency - Contract Services</r2:Title>
                        <r2:Funding>
                            <r2:BudgetYearOne>-31.624</r2:BudgetYearOne>
                            <r2:BudgetYearOneBase>-31.624</r2:BudgetYearOneBase>
                        </r2:Funding>
                    </r2:OtherAdjustmentDetail>
                    <r2:OtherAdjustmentDetail>
                        <r2:Title>Programmatic Adjustment</r2:Title>
                        <r2:Funding>
                            <r2:BudgetYearOne>-13.469</r2:BudgetYearOne>
                            <r2:BudgetYearOneBase>-13.469</r2:BudgetYearOneBase>
                        </r2:Funding>
                    </r2:OtherAdjustmentDetail>
                    <r2:OtherAdjustmentDetail>
                        <r2:Title>ELITE CONSTELLATION</r2:Title>
                        <r2:Funding>
                            <r2:BudgetYearOne>7.835</r2:BudgetYearOne>
                            <r2:BudgetYearOneBase>7.835</r2:BudgetYearOneBase>
                        </r2:Funding>
                    </r2:OtherAdjustmentDetail>
                </r2:OtherAdjustmentDetailList>
            </r2:AdjustmentDetails>
            <r2:SummaryExplanation>Adjustments for economic assumptions.  Reduces contracts for Advisory and Assistance Services to promote efficiencies and advance the policies of the Administration in alignment with Executive Order 14222, "Implementing the President's Department of Government Efficiency Cost Efficiency Initiative."  Programmatic adjustment to support ELITE CONSTELLATION efforts.

Primary focus of the LSGE program is to ensure the joint training synthetic environment is optimized and responsive for the coordinating authority to conduct LSGE at a time and place of their choosing uninhibited by current training architecture shortfalls. JLVC Modernization program is targeting modernization of the entire JLVC synthetic training environment to better represent current and future friendly and enemy capabilities in all domains. JLVC Modernization transitions our synthetic environment to a data-centric modular open systems architecture that aligns to the DoD Zero Trust Architecture (ZTA) strategy.  This leverages the material development capabilities within the Services and Combat Support Agencies to mitigate or close the Joint Operational Training Gaps (JOTGs) identified in the China Task Force study. In FY 2026 JNTC program increases by $7.835 to support Elite Constellation The DoD developed the Joint Warfighting Concept to address changing and growing global threats. The JWC recognizes the changing character of war, identifies new military challenges, and proposes an integrated approach to modernize and adapt the Joint Force to maintain U.S. warfighting advantage. The JWC focuses on preparing the future Joint Force to execute expanded maneuver, to deter and, if necessary, defeat adversaries by integrating and synchronizing effects globally across all domains, environments, and time alongside allies and partners.</r2:SummaryExplanation>
        </r2:ChangeSummary>
        <r2:ProjectList>
            <r2:Project>
                <r2:ProjectNumber>701</r2:ProjectNumber>
                <r2:ProjectTitle>Air Force Joint National Training Capability (JNTC)</r2:ProjectTitle>
                <r2:SpecialProject>0</r2:SpecialProject>
                <r2:ProjectFunding>
                    <r2:AllPriorYears>13.437</r2:AllPriorYears>
                    <r2:PriorYear>5.569</r2:PriorYear>
                    <r2:CurrentYear>3.156</r2:CurrentYear>
                    <r2:BudgetYearOne>11.000</r2:BudgetYearOne>
                    <r2:BudgetYearOneBase>11.000</r2:BudgetYearOneBase>
                </r2:ProjectFunding>
                <r2:R2aExhibit>
                    <r2:ProjectMissionDescription>Air Force JNTC funding provides a focused upgrade to develop models for employment of cyber and 5th generation capabilities for integration into the Joint Live, Virtual, and Constructive (JLVC) environment as well as supporting development of cross-domain solutions. Additionally, the Air Force invests in development of capabilities to enhance the rigor and fidelity of training for live and virtual members of joint training audiences.</r2:ProjectMissionDescription>
                    <r2:AccomplishmentPlannedProgramList>
                        <r2:AccomplishmentPlannedProgram>
                            <r2:Title>Air Force Joint National Training Capability (JNTC)</r2:Title>
                            <r2:Description>Air Force continues to develop joint enablers that drive realistic/effective training in contested and degraded environments across the JTEEP/CE2T2 enterprise. These capability enhancements provide a thinking and reactive Opposing Force (OPFOR) to challenge and engage both live and virtual Blue Forces using a combination of kinetic, non-kinetic, and cyber capabilities. Additionally, it continues to build upon prior investments in the cyber and space domains by improving fidelity of synthetic environments, ability to portray and control blue, red, and neutral entities and effects, interoperability with other Service, joint, and JLVC federation models and simulations, and support of JTEEP/CE2T2 mission partners. It also builds on prior investments in the One War Training System (OWTS) to enhance exercise control, safety, and feedback to training audiences in blended live and synthetic air and land domains.</r2:Description>
                            <r2:Accomplishment>
                                <r2:PriorYear>
                                    <r2:Funding>5.569</r2:Funding>
                                    <r2:Text>1. Continue to develop capabilities for live OPFOR surface-to-air threats to engage virtual as well as live Blue Force (BLUFOR) aircraft.

2. Sustain development of and enhance new capabilities for integration of the cyber simulator environment generator and "blue" cyber effects simulation. Further develop the capabilities of the Joint Electric Power Range (JEPR) to ensure the Joint community has access to a high-fidelity, configurable, targetable electrical power distribution grids in order to support training for Joint ISR analysts, EW systems, cyber operators and campaign planners while enhancing infrastructure attack capabilities and defensive measures. 

3. Sustain development of and enhance new all-domain, full-spectrum operations capabilities against adversary-representative control systems (CS) which support adversary war making capabilities such as POL and chemical production, power generation/distribution, etc. Adversary CS replication provides enhanced planning and employment of integrated kinetic, EW, cyber, and ISR assets to achieve desired effects against adversary CS through all domains. 

4. Sustain development of an enhanced anechoic chamber to support controlled RF exercise events during all-domain Joint training enabling the execution of cost-effective, high-impact, timely and scoped training and exercising of integrated or converged technologies that will provide significant insight to the joint cyber/EW community and to the warfighter.</r2:Text>
                                </r2:PriorYear>
                            </r2:Accomplishment>
                            <r2:PlannedProgram>
                                <r2:CurrentYear>
                                    <r2:Funding>3.156</r2:Funding>
                                    <r2:Text>1. Continue to develop capabilities for live OPFOR surface-to-air threats to engage virtual as well as live Blue Force (BLUFOR) aircraft.

2. Sustain development of and enhance new capabilities for integration of the cyber simulator environment generator and "blue" cyber effects simulation. Further develop the capabilities of the Joint Electric Power Range (JEPR) to ensure the Joint community has access to a high-fidelity, configurable, targetable electrical power distribution grids in order to support training for Joint ISR analysts, EW systems, cyber operators and campaign planners while enhancing infrastructure attack capabilities and defensive measures. 

3. Sustain development of and enhance new all-domain, full-spectrum operations capabilities against adversary-representative control systems (CS) which support adversary war making capabilities such as POL and chemical production, power generation/distribution, etc. Adversary CS replication provides enhanced planning and employment of integrated kinetic, EW, cyber, and ISR assets to achieve desired effects against adversary CS through all domains. 

4. Sustain development of an enhanced anechoic chamber to support controlled radio frequency (RF) exercise events during all-domain Joint training enabling the execution of cost-effective, high-impact, timely and scoped training and exercising of integrated or converged technologies that will provide significant insight to the joint cyber/EW community and to the warfighter.</r2:Text>
                                </r2:CurrentYear>
                                <r2:BudgetYearOne>
                                    <r2:Funding>11.000</r2:Funding>
                                </r2:BudgetYearOne>
                                <r2:BudgetYearOneBase>
                                    <r2:Funding>11.000</r2:Funding>
                                    <r2:Text>1. Continue to develop capabilities for live Opposing Force (OPFOR) surface-to-air threats to engage virtual as well as live Blue Force (BLUFOR) aircraft.

2. Sustain development of and enhance new capabilities for integration of the cyber simulator environment generator and "blue" cyber effects simulation. Further develop the capabilities of the Joint Electric Power Range (JEPR) to ensure the Joint community has access to a high-fidelity, configurable, targetable electrical power distribution grids in order to support training for Joint ISR analysts, EW systems, cyber operators and campaign planners while enhancing infrastructure attack capabilities and defensive measures. 

3. Sustain development of and enhance new all-domain, full-spectrum operations capabilities against adversary-representative control systems (CS) which support adversary war making capabilities such as POL and chemical production, power generation/distribution, etc. Adversary CS replication provides enhanced planning and employment of integrated kinetic, EW, cyber, and ISR assets to achieve desired effects against adversary CS through all domains. 

4. Sustain development of an enhanced anechoic chamber to support controlled RF exercise events during all-domain Joint training enabling the execution of cost-effective, high-impact, timely and scoped training and exercising of integrated or converged technologies that will provide significant insight to the joint cyber/EW community and to the warfighter.</r2:Text>
                                </r2:BudgetYearOneBase>
                                <r2:AppChangeSummary>Continued support to the Secretary of Defense’s Joint Training Infrastructure Goals.</r2:AppChangeSummary>
                            </r2:PlannedProgram>
                        </r2:AccomplishmentPlannedProgram>
                    </r2:AccomplishmentPlannedProgramList>
                </r2:R2aExhibit>
            </r2:Project>
            <r2:Project>
                <r2:ProjectNumber>758</r2:ProjectNumber>
                <r2:ProjectTitle>Joint National Training Capability (JNTC)</r2:ProjectTitle>
                <r2:SpecialProject>0</r2:SpecialProject>
                <r2:ProjectFunding>
                    <r2:AllPriorYears>128.448</r2:AllPriorYears>
                    <r2:PriorYear>17.185</r2:PriorYear>
                    <r2:CurrentYear>15.926</r2:CurrentYear>
                    <r2:BudgetYearOne>7.445</r2:BudgetYearOne>
                    <r2:BudgetYearOneBase>7.445</r2:BudgetYearOneBase>
                </r2:ProjectFunding>
                <r2:R2aExhibit>
                    <r2:ProjectMissionDescription>Investment in the Joint National Training Capability (JNTC) program enables Service and Combatant Commands to train as they operate as part of the overall Joint Force. JNTC provides the technical standards, architecture, and development processes required to integrate/link joint training enablers in programs across the Department of Defense. The capabilities enable simultaneous training at scale, with aggregation of training audiences at the Combatant Command, Joint Task Force, Component Command headquarters, and Service tactical levels.  The funding also supports modernization of the Joint Training Environment (JTE) through a Modular Open Systems Architecture (MOSA) approach to include development of a cloudready, web-accessible Joint Training Platform providing the Joint Training Tool (JTT) and supporting data services that support all phases of an exercise from initiation, force sourcing, planning, design, execution, integration with JLVC, AAR, and analytics of results with Artificial Intelligence (AI). The JTT will increase warfighter access to semi-automated training enablers within the Joint Training Synthetic Environment (JTSE).  The JTT will also modernize the automation of Joint Training System (JTS) by incorporating functionality and capabilities of the Joint Training Information Management System (JTIMS).  JNTC enables the Department of Defense to train the Joint Force on the operationalization of the current and future Joint Warfighting Concept, and provides more effective training by providing capabilities that replicate the contemporary and future operating environment. This program will implement the goals listed in the Joint Operational Training Infrastructure (JOTI).</r2:ProjectMissionDescription>
                    <r2:AccomplishmentPlannedProgramList>
                        <r2:AccomplishmentPlannedProgram>
                            <r2:Title>Joint National Training Capability (JNTC)</r2:Title>
                            <r2:Description>JNTC provides the technical standards, architecture, and development processes required to integrate/link joint training enablers in programs across the Department of Defense. The capabilities enable simultaneous training at scale, with aggregation of training audiences at the Combatant Command, Joint Task Force, Component Command headquarters, and Service tactical levels.  The funding also supports modernization of the Joint Training Environment (JTE) through a Modular Open Systems Architecture (MOSA) approach to include development of a cloud-ready, web-accessible Joint Training Platform and Joint Training Tool (JTT) that supports all phases of an exercise (planning and design, execution, and AAR). The JTT will increase warfighter access to semi-automated training enablers within the Joint Training Synthetic Environment (JTSE).  The JTT will also modernize the automation the Joint Training System (JTS) by incorporating authoritative data sources and leveraging AI with a focus on data centricity, as outlined in the DoD Data Strategy and the DoD Data, Analytics and Artificial Intelligence Adoption Strategy.</r2:Description>
                            <r2:Accomplishment>
                                <r2:PriorYear>
                                    <r2:Funding>17.185</r2:Funding>
                                    <r2:Text>1. Continue Expand capability of cloud-based, web-enabled JTT exercise design and planning and execution modules, furthering use as the primary tool supporting Tier 1 and Tier 2 joint training exercise, and enabling synchronization of linked Tier 3 and Tier 4 exercises.

2. Continue development of JTIMS capability within JTT.

3. Continue to develop additional capability within planned persistent simulation service of web-enabled, modular JTT and test against first CCMD use-cases. 

4. Continue to enhance joint simulation (within JLVC) to keep pace with operational environment changes (annual requirement).

5. Support the Joint Operation Training infrastructure goals.</r2:Text>
                                </r2:PriorYear>
                            </r2:Accomplishment>
                            <r2:PlannedProgram>
                                <r2:CurrentYear>
                                    <r2:Funding>15.926</r2:Funding>
                                    <r2:Text>1. The JTT will continue to improve and enhance existing capabilities to expand functionality and user experience for the C/S/A user community.  The JTT will also integrate authoritative data sources to include terrain, key infrastructure, capability/readiness for US and ally nation forces, and threat data (forces, platforms, etc.).

2. The Joint Training Platform will integrate modern data management and analytical capabilities (AI/ML) to enable the ability to query data, make connections across systems, inform decisions, and conduct assessments of Joint training events.

3. The JTT will develop simulation and white cell capabilities and integrate AAR capabilities within the Joint Training Platform to align JTT and the JLVC to connect data across all phases of the JTS. Continue to develop additional capability within planned persistent simulation service of web-enabled, modular JTT and test against first CCMD use-cases. 

4. Continue to enhance Joint simulation advancement (within JLVC) to keep pace with operational environment changes (annual requirement).

5. Continue to support the Joint Operation Training infrastructure goals (annual requirement).</r2:Text>
                                </r2:CurrentYear>
                                <r2:BudgetYearOne>
                                    <r2:Funding>7.445</r2:Funding>
                                </r2:BudgetYearOne>
                                <r2:BudgetYearOneBase>
                                    <r2:Funding>7.445</r2:Funding>
                                    <r2:Text>1. The JTT will continue to improve and enhance existing capabilities to expand functionality and user experience for the C/S/A user community.  The JTT will also integrate authoritative data sources to include terrain, key infrastructure, capability/readiness for US and ally nation forces, and threat data (forces, platforms, etc.).

2. The Joint Training Platform will integrate modern data management and analytical capabilities (AI/ML) to enable the ability to query data, make connections across systems, inform decisions, and conduct assessments of Joint training events.

3. The JTT will develop simulation and white cell capabilities and integrate AAR capabilities within the Joint Training Platform to align JTT and the JLVC to connect data across all phases of the JTS. Continue to develop additional capability within planned persistent simulation service of web-enabled, modular JTT and test against first CCMD use-cases. 

4. Continue to enhance Joint simulation advancement (within JLVC) to keep pace with operational environment changes (annual requirement).

5. Continue to support the Joint Operation Training infrastructure goals (annual requirement).</r2:Text>
                                </r2:BudgetYearOneBase>
                                <r2:AppChangeSummary>Decreases to this program are due to efficiencies in contract reductions.</r2:AppChangeSummary>
                            </r2:PlannedProgram>
                        </r2:AccomplishmentPlannedProgram>
                    </r2:AccomplishmentPlannedProgramList>
                </r2:R2aExhibit>
            </r2:Project>
            <r2:Project>
                <r2:ProjectNumber>769</r2:ProjectNumber>
                <r2:ProjectTitle>Joint Knowledge Development &amp; Distribution Capability (JKDDC)</r2:ProjectTitle>
                <r2:SpecialProject>0</r2:SpecialProject>
                <r2:ProjectFunding>
                    <r2:AllPriorYears>4.981</r2:AllPriorYears>
                    <r2:PriorYear>0.808</r2:PriorYear>
                    <r2:CurrentYear>0.808</r2:CurrentYear>
                    <r2:BudgetYearOne>0.808</r2:BudgetYearOne>
                    <r2:BudgetYearOneBase>0.808</r2:BudgetYearOneBase>
                </r2:ProjectFunding>
                <r2:R2aExhibit>
                    <r2:ProjectMissionDescription>Joint Knowledge Online (JKO) is the DoD unique and authoritative source for online joint training. JKO is tasked to develop a DoD enterprise-wide, joint individual training toolkit of web-enabled individual and small group training products, services, and enabling training technology. Products and services are developed in response to OSD program goals, CJCS training guidance,  Joint Staff training priorities, and JKO stakeholders (Combatant Commands, Services, Combat Support Agencies, Interagency, and multinational partners) prioritized training requirements. JKO supports a career-long joint learning continuum, joint professional military education, and tailored common training standards to Service members on tasks that are jointly executed. JKO’s research and development will improve all components of the Joint Total Learning Architecture (JTLA) including:

1. JKO Learning Management System (LMS): Development and enhancement is required to integrate advanced individual and staff training technologies and methodologies with larger scale, collective training exercises, and modernize military training capability with a DoD enterprise-wide online training toolkit. There are currently over 4.5 million registered users of the JKO LMS.

2.  JKO Course Builder: JKO’s Course Builder is a separate component used for organizations to develop online content by both internal and external joint enterprise teams. Course Builder mitigates the need to have programmer’s code Shareable Content Object Reference Model (SCORM) standards into content with automation that promotes fiscal efficiency as well as operational responsiveness. Course Builder  will advance to support new JKO Content Development techniques including responsive design, micro-learning, parallax scrolling and adaptive learning methodology.

3.  Warrior Readiness Site (WRS) – Warrior Readiness is a JKO-SIPR capability focused on providing current and relevant education and training on the Changing Character of War, related Joint concepts, ready-reference information on key adversaries, and service-related warfighting concepts to prepare Joint Force personnel for employment across the DoD.  WRS is a collective site of critical need-to-know information, utilizing micro-learning for the inquisitive learner looking to improve their Joint Force acumen.

4.  JKO Virtual Classroom (VC LASS): JKO’s new virtual classroom, or VCLASS, meets the need for an enhanced distributed learning capability with the introduction of a collaborative learning environment. VCLASS is a customizable platform within JKO's architecture and that provides JKO elevated users the tools to meet the unique needs of DoD’s training and education audience by providing online/blended course support with syllabus, messaging, gradebook, resources, announcements and synchronous instructional forums.</r2:ProjectMissionDescription>
                    <r2:AccomplishmentPlannedProgramList>
                        <r2:AccomplishmentPlannedProgram>
                            <r2:Title>Joint Knowledge Development &amp; Distribution Capability (JKDDC)</r2:Title>
                            <r2:Description>Joint Knowledge Online (JKO) advance technology initiatives primarily include the JKO Learning Management System (LMS) application, Course Builder, Warrior Readiness Site, and Virtual Classroom, training applications.  These capabilities increase access to, and facilitate the training and preparation of hundreds of thousands of military and civilian personnel deploying to Combatant Command (CCMD) theaters of operation prior to serving in their assigned Joint and Combined/Joint Task Force (C/JTF) billets.  JKO LMS development and enhancements are required to develop, host, deliver, track, report and support students’ completions, progress and survey results more effectively and efficiently.  The Globally Integrated Joint Force and combatant command (CCMD) personnel will be better trained, as individuals and as staffs, based on joint courses, WRS, VCLASS development, and implementation throughout the joint training enterprise.</r2:Description>
                            <r2:Accomplishment>
                                <r2:PriorYear>
                                    <r2:Funding>0.808</r2:Funding>
                                    <r2:Text>Continue to integrate and expand the virtual classroom (VCLASS opensource capability (Sakai) into the Global Content Distribution System (GCDS) and the JKO LMS suite of tools for synchronous (live) and asynchronous instructor-led training.   Integrate JTLA for component tools such as LMS, Coursebuilder, SGST, and VCLASS in support of advanced content and development techniques such as micro-learning, parallax scrolling, and Adaptive Learning Methodology.  Continue extension of micro learning technology, xAPI adaptation, Learning Record Store and Adaptive Learning Methodology to increase personalization capability of learning content.  Increasing personalization capability delivers self-regulated micro-learning training that is designed to be engaging, usable and practical, allowing individuals to quickly access desired learning content whenever an opportunity arises. As DoD organizations increase training via DL opportunities, the methodologies of developing and delivering DL must be cutting edge, timely and optimize the learning experience of the joint warfighter. JKO content development advancements are allowing individuals to quickly access desired learning content whenever an opportunity arises. Continue to build out FVEY access and integrate JWICS military networks.</r2:Text>
                                </r2:PriorYear>
                            </r2:Accomplishment>
                            <r2:PlannedProgram>
                                <r2:CurrentYear>
                                    <r2:Funding>0.808</r2:Funding>
                                    <r2:Text>Continue to integrate and expand the virtual classroom (VCLASS opensource capability (Sakai) into the Global Content Distribution System (GCDS) and the JKO LMS suite of tools for synchronous (live) and asynchronous instructor-led training.   Integrate JTLA for component tools such as LMS, Coursebuilder, WRS, and VCLASS in support of advanced content and development techniques such as micro-learning, parallax scrolling, and Adaptive Learning Methodology.  Continue extension of micro learning technology, xAPI adaptation, Learning Record Store and Adaptive Learning Methodology to increase personalization capability of learning content.  Increasing personalization capability delivers self-regulated micro-learning training that is designed to be engaging, usable and practical, allowing individuals to quickly access desired learning content whenever an opportunity arises. The implementation of “recommender” capabilities will facilitate the discovery of training and tailor the learning environment to each user. As DoD organizations increase training via DL opportunities, the methodologies of developing and delivering DL must be cutting edge, timely and optimize the learning experience of the joint warfighter. JKO content development advancements are allowing individuals to quickly access desired learning content whenever an opportunity arises. Continue to build out WRS micro-learning on JKO-SIPR and integrate JKO-TS on JWICS military networks.</r2:Text>
                                </r2:CurrentYear>
                                <r2:BudgetYearOne>
                                    <r2:Funding>0.808</r2:Funding>
                                </r2:BudgetYearOne>
                                <r2:BudgetYearOneBase>
                                    <r2:Funding>0.808</r2:Funding>
                                    <r2:Text>Continue to integrate and expand the virtual classroom (VCLASS opensource capability (Sakai) into the Global Content Distribution System (GCDS) and the JKO LMS suite of tools for synchronous (live) and asynchronous instructor-led training.   Integrate JTLA for component tools such as LMS, Coursebuilder, WRS, and VCLASS in support of advanced content and development techniques such as micro-learning, parallax scrolling, and Adaptive Learning Methodology.  Continue extension of micro learning technology, xAPI adaptation, Learning Record Store and Adaptive Learning Methodology to increase personalization capability of learning content.  Increasing personalization capability delivers self-regulated micro-learning training that is designed to be engaging, usable and practical, allowing individuals to quickly access desired learning content whenever an opportunity arises. The implementation of “recommender” capabilities will facilitate the discovery of training and tailor the learning environment to each user. As DoD organizations increase training via distance learning (DL) opportunities, the methodologies of developing and delivering DL must be cutting edge, timely and optimize the learning experience of the joint warfighter. JKO content development advancements are allowing individuals to quickly access desired learning content whenever an opportunity arises. Continue to build out Warfighter Readiness Site (WRS) micro-learning on JKO-SIPR and integrate JKO-TS on JWICS military networks.</r2:Text>
                                </r2:BudgetYearOneBase>
                                <r2:AppChangeSummary>No change.</r2:AppChangeSummary>
                            </r2:PlannedProgram>
                        </r2:AccomplishmentPlannedProgram>
                    </r2:AccomplishmentPlannedProgramList>
                </r2:R2aExhibit>
            </r2:Project>
            <r2:Project>
                <r2:ProjectNumber>772</r2:ProjectNumber>
                <r2:ProjectTitle>Navy Joint National Training Capability (JNTC)</r2:ProjectTitle>
                <r2:SpecialProject>0</r2:SpecialProject>
                <r2:ProjectFunding>
                    <r2:AllPriorYears>13.599</r2:AllPriorYears>
                    <r2:PriorYear>9.677</r2:PriorYear>
                    <r2:CurrentYear>3.165</r2:CurrentYear>
                    <r2:BudgetYearOne>2.409</r2:BudgetYearOne>
                    <r2:BudgetYearOneBase>2.409</r2:BudgetYearOneBase>
                </r2:ProjectFunding>
                <r2:R2aExhibit>
                    <r2:ProjectMissionDescription>These funds enable the Navy to develop unique maritime capabilities that integrate joint live, virtual, and constructive elements into a seamless joint training environment. The Navy program activities include conducting research, development, and integration of a common, realistic, joint and coalition, operational to tactical level training architecture to deliver individual and collective constructive joint training for use in Fleet Synthetic Training (FST) events, Combatant Commander (CCDR) exercises, Ballistic Missile Defense Exercises (BMDEX) certification events, and BMD at Sea training events in support of CCDR’s training, deployment certification and operational requirements.</r2:ProjectMissionDescription>
                    <r2:AccomplishmentPlannedProgramList>
                        <r2:AccomplishmentPlannedProgram>
                            <r2:Title>Navy Joint National Training Capability (JNTC)</r2:Title>
                            <r2:Description>Develops unique maritime capabilities that integrate joint live, virtual, and constructive (JLVC) elements into a seamless joint training environment.  Using a scientific and phased approach that focuses on modeling ground, air, space, and maritime capabilities, this program researches new technologies and methods that provide a crucial technology-based foundation that supports all JNTC training transformation, JLVC federation, and Combatant Commanders exercise and engagement operations.  This program provides a current and emerging multi-functional and multi-domain near-peer threat environment and associated warfighting challenges to stimulate Joint and Navy training audiences, enabling the Fleet Commander to certify deploying forces in a synthetic Joint training environment and Joint Force Maritime Component Commands (JFMCCs) to participate in realistic Combatant Commander Exercises.</r2:Description>
                            <r2:Accomplishment>
                                <r2:PriorYear>
                                    <r2:Funding>9.677</r2:Funding>
                                    <r2:Text>Provide continued development of capability for integration with annual software release of the Navy Training Baseline (NTB) to enable tactics, techniques and procedures (TTP) development for contested environments and Ballistic Missile Defense (BMD).

Continue to develop advanced models to support Navy and Joint Operational Level of War (OLW) exercises and tactical training; to include Anti-ship Cruise Missile (ASCM) defense, Counter-ISR, including unmanned system (UxS) defense, theater and regional BMD, and AEGIS Weapons System, maritime air, tactical air and unmanned sensor and weapon system capability upgrades.</r2:Text>
                                </r2:PriorYear>
                            </r2:Accomplishment>
                            <r2:PlannedProgram>
                                <r2:CurrentYear>
                                    <r2:Funding>3.165</r2:Funding>
                                    <r2:Text>Provide continued development of capability for integration with annual software release of the Navy Training Baseline (NTB) to enable tactics, techniques and procedures (TTP) development for contested environments and Ballistic Missile Defense (BMD).

Continue to develop advanced models to support Navy and Joint Operational Level of War (OLW) exercises and tactical training; to include Anti-ship Cruise Missile (ASCM) defense, Counter-ISR, including unmanned system (UxS) defense, theater and regional BMD, and AEGIS Weapons System, maritime air, tactical air and unmanned sensor and weapon system capability upgrades.
Provide continued development of capability for integration with annual software release of the Navy Training Baseline (NTB) to enable tactics, techniques and procedures (TTP) development for contested environments and Ballistic Missile Defense (BMD).

Continue to develop advanced models to support Navy and Joint Operational Level of War (OLW) exercises and tactical training; to include Anti-ship Cruise Missile (ASCM) defense, Counter-ISR, including unmanned system (UxS) defense, theater and regional BMD, and AEGIS Weapons System, maritime air, tactical air and unmanned sensor and weapon system capability upgrades.</r2:Text>
                                </r2:CurrentYear>
                                <r2:BudgetYearOne>
                                    <r2:Funding>2.409</r2:Funding>
                                </r2:BudgetYearOne>
                                <r2:BudgetYearOneBase>
                                    <r2:Funding>2.409</r2:Funding>
                                    <r2:Text>Provide continued development of capability for integration with annual software release of the Navy Training Baseline (NTB) to enable tactics, techniques and procedures (TTP) development for contested environments and Ballistic Missile Defense (BMD).

Continue to develop advanced models to support Navy and Joint Operational Level of War (OLW) exercises and tactical training; to include Anti-ship Cruise Missile (ASCM) defense, Counter-ISR, including unmanned system (UxS) defense, theater and regional BMD, and AEGIS Weapons System, maritime air, tactical air and unmanned sensor and weapon system capability upgrades.
Provide continued development of capability for integration with annual software release of the Navy Training Baseline (NTB) to enable tactics, techniques and procedures (TTP) development for contested environments and Ballistic Missile Defense (BMD).

Continue to develop advanced models to support Navy and Joint Operational Level of War (OLW) exercises and tactical training; to include Anti-ship Cruise Missile (ASCM) defense, Counter-ISR, including unmanned system (UxS) defense, theater and regional BMD, and AEGIS Weapons System, maritime air, tactical air and unmanned sensor and weapon system capability upgrades.</r2:Text>
                                </r2:BudgetYearOneBase>
                                <r2:AppChangeSummary>Changes to support the Secretary of Defense’s Joint Training Infrastructure Goals.</r2:AppChangeSummary>
                            </r2:PlannedProgram>
                        </r2:AccomplishmentPlannedProgram>
                    </r2:AccomplishmentPlannedProgramList>
                </r2:R2aExhibit>
            </r2:Project>
            <r2:Project>
                <r2:ProjectNumber>774</r2:ProjectNumber>
                <r2:ProjectTitle>USMC Joint National Training Capability (JNTC)</r2:ProjectTitle>
                <r2:SpecialProject>0</r2:SpecialProject>
                <r2:ProjectFunding>
                    <r2:AllPriorYears>3.264</r2:AllPriorYears>
                    <r2:CurrentYear>0.268</r2:CurrentYear>
                    <r2:BudgetYearOne>0.000</r2:BudgetYearOne>
                    <r2:BudgetYearOneBase>0.000</r2:BudgetYearOneBase>
                </r2:ProjectFunding>
                <r2:R2aExhibit>
                    <r2:ProjectMissionDescription>These funds advance USMC training capabilities by providing stability and risk reduction to a variety of efforts focused on improving the fidelity and realism of training simulation systems. These systems are tailored to prepare operational Marine Air Ground Task Force (MAGTF) units for worldwide deployment in support of CCMD operations and engagements and are available to any organization or entity training via the JLVC federation of training tools.  Based on the Commandant's planning guidance and JOTI Strategy Goal #1 and objectives,  the Marine Corps will continue to improve performance of the MAGTF Tactical Warfare Simulation in the areas of the JLVC-multi-resolution federation bridge, common database terrain data ingestion, and JLVC interoperability.  The MAGTF Tactical Warfare Simulation also provides a single source training environment capability that enables users to select single or multiple play boxes (terrain data sets) for training simulation systems easing the burden of requesting terrain, 3D models, and other geographic layers into a single source. In addition to developing an exercise planning, design, implementation, execution, and control tool, the MAGTF Tactical Warfare Simulation also enhances indigenous population modular service enabling exercise designers the ability to rapidly build new scenarios and incorporate human geography elements into the training scenarios.</r2:ProjectMissionDescription>
                    <r2:AccomplishmentPlannedProgramList>
                        <r2:AccomplishmentPlannedProgram>
                            <r2:Title>Marine Corps Joint National Training Capability (JNTC)</r2:Title>
                            <r2:Description>Provides indigenous population (IP) concept development and integration, supporting both constructive and virtual training simulation systems by injecting “people packs” with realistic attributes and behaviors associated with specified regions. Full integration of terrain generation 3D models and objects into joint federation synthetic training environment eliminates the burden of requesting terrain data by the Services and CCMDs creates a single, shareable, repository across the federation.  Initiates design and development of a joint exercise design and control tool enhancing connectivity across multiple platforms providing exercise planning, design and control within various joint simulation constructs.  Addresses crucial integration of MAGTF Tactical Warfare Simulator (MTWS) into the Korean side of multi-resolution federation bridge supporting Ulchi Freedom Guardian covering training shortfalls in engineering obstacle simulations (minefields, chemical, anti-tank ditches, bridges, etc.).</r2:Description>
                            <r2:Accomplishment>
                                <r2:PriorYear>
                                    <r2:Text>Continue to work on providing a capability for all simulation systems to use the same standardized terrain datasets across training domains. Sustain pre-deployment training for operations while supporting the readiness of deployed forces, particularly those primarily focused on global response force readiness.</r2:Text>
                                </r2:PriorYear>
                            </r2:Accomplishment>
                            <r2:PlannedProgram>
                                <r2:CurrentYear>
                                    <r2:Funding>0.268</r2:Funding>
                                    <r2:Text>The funding line was closed out in FY 2025.</r2:Text>
                                </r2:CurrentYear>
                                <r2:AppChangeSummary>FY 2025 was the last year for USMC RDTE.</r2:AppChangeSummary>
                            </r2:PlannedProgram>
                        </r2:AccomplishmentPlannedProgram>
                    </r2:AccomplishmentPlannedProgramList>
                </r2:R2aExhibit>
            </r2:Project>
            <r2:Project>
                <r2:ProjectNumber>779</r2:ProjectNumber>
                <r2:ProjectTitle>Joint Staff Live, Virtual and Constructive (JLVC) Modernization</r2:ProjectTitle>
                <r2:SpecialProject>0</r2:SpecialProject>
                <r2:ProjectFunding>
                    <r2:AllPriorYears>0.000</r2:AllPriorYears>
                    <r2:PriorYear>19.858</r2:PriorYear>
                    <r2:CurrentYear>107.698</r2:CurrentYear>
                    <r2:BudgetYearOne>70.290</r2:BudgetYearOne>
                    <r2:BudgetYearOneBase>70.290</r2:BudgetYearOneBase>
                </r2:ProjectFunding>
                <r2:R2aExhibit>
                    <r2:ProjectMissionDescription>The Joint Live, Virtual and Constructive (JLVC) Modernization project was developed to address the joint operational training gaps identified in the 2022 China Task Force:  Inability of current JLVC capabilities to replicate peer competitor capabilities/capacity at the appropriate classification levels, train to Joint Warfighting Concept (JWC) 3.0-identified Key Operational Problems (KOP) and Concept Required Capabilities (CRC) with existing JLVC training capability and Global Joint Training Infrastructure (GJTI).  JLVC Modernization funding will be utilized to develop core data standardization, non-kinetic effects, exercise control, and fully informed simulation environment within the JLVC training capability while investing in Service and Combat Support Agency corresponding JLVC-compliant simulation all-domain capabilities.  Additionally, JLVC Modernization funds will invest in rapid capability advancement via Industry and Academia, primarily through other transaction authorities (OTA) vehicles, to leverage Artificial Intelligence (AI) for a wide range of JLVC applications, from software integration, test and interoperability, scenario generation to AI-powered After-Action Review (AAR) and analysis.</r2:ProjectMissionDescription>
                    <r2:AccomplishmentPlannedProgramList>
                        <r2:AccomplishmentPlannedProgram>
                            <r2:Title>Joint Staff Live, Virtual and Constructive (JLVC) Modernization</r2:Title>
                            <r2:Description>Joint Live, Virtual and Constructive (JLVC) Modernization project will develop and integrate joint training capabilities to enable all-domain collective training within Service and Combatant Command joint exercises. JLVC is the only joint LVC integrating architecture that creates a complex operating environment to enable tactical, operational, and strategic joint training. This modernization effort is a VCJCS and OSD priority and essential to close validated joint training gaps for the Joint Force to train against an increasing China threat.  

The JLVC Modernization project includes the evaluation of innovative training technologies from Industry, academia and across the Services to ensure efficiency and incorporate technologies that supports the JLVC Modernization construct by focusing on standardizing simulations, data libraries and implementing cross domain solutions, incorporating space, cyber, and realistic electromagnetic spectrum (EMS), Information Operations (IO  environments, and increasing capacity and integrating with Allies and partners ensuring the greatest value to the Department of Defense. 

JLVC Modernization is working directly with CCMDs and the Services to optimize existing training programs of records and training environments while developing Joint interoperability and data standards, AI-based training systems, and integrating next generation Joint LVC training capabilities to ensure inherent training interoperability across all warfighter domains. 

In addition, JLVC Modernization is leveraging non-traditional industry, academia, and small business consortiums to target, adapt, and accelerate advanced technologies and AI-based training capabilities for rapid technology integration and insertion into the Global Joint Training Enterprise to advance the high-end training environment to enable training and mission rehearsal in support of the Joint Warfighting Concept.</r2:Description>
                            <r2:Accomplishment>
                                <r2:PriorYear>
                                    <r2:Funding>19.858</r2:Funding>
                                    <r2:Text>JLVC Modernization established the project management structure, repeatable annual processes, LVC stakeholder community of interest, and refined requirements.  Key accomplishments include: 1) JLVC Modernization joint operational training gap identification and prioritization; 2) alignment of FY 2024/2025 technology investment strategies with JWC 3.0 and operational training gap Joint LVC training requirements; 3) direct outreach through government/industry/academia consortiums to non-traditional Joint LVC industry, academia, and small business partners to address critical training challenges through rapid technology development and insertion; 4) coordination, synchronization and deconfliction with INDOPACOM’s Pacific Multi-domain Training and Experimentation Capability (PMTEC) and Test and Evaluation community (TRMC) to ensure alignment of training requirements and technology testing and insertion requirements; 5) and coordination with CCMDs, the Services, and combat support agencies on addressing the application  of non-kinetic/non-lethal effects within the Joint LVC training environment.  

FY 2024 $63M ‘Shovel-ready’ projects focused on foundational technology and enterprise requirements, fully informed simulation environment development, rapid integration of mature simulation technologies to support all domain requirements, implementation of enterprise-wide data standards, development of Joint LVC interoperability requirements, and development and integration of technologies that rapidly address prioritized Joint Operational Training Gaps (JOTG). Initial pathfinder experimental development with AI-based technologies to address rapid scenario generation and smart OPFOR challenges. Focused projects include:
-	JLVC Coalition Simulation Interoperability
-	Joint Innovation and Integration Lab (JIIL)
-	Defense Continuous Training Environment (DCTE)
-	Joint Training Enterprise Network Expeditionary (JTEN-X) node capability
-	JLVC Standardization for All-Domain Effects
-	Terrain Database Interoperability
-	JLVC High Level Architecture (HLA) Library Application Programming Interface (API)
-	Data Governance Framework
-	JLVC Modernization Technical Engineering Teams
-	Cyber Effects for Joint Ground Model
-	Space Combat Simulator
-	JLVC Contested Logistics Simulation Capability
-	JLVC Mission Partner Environment (MPE)
-	Fully Informed Simulation Environment / Cross-Domain Solution (CDS)</r2:Text>
                                </r2:PriorYear>
                            </r2:Accomplishment>
                            <r2:PlannedProgram>
                                <r2:CurrentYear>
                                    <r2:Funding>107.698</r2:Funding>
                                    <r2:Text>The JLVC Modernization moved to aggressively tackle key JLVC technical, infrastructure, and policy gaps to enable high-end training for CCMD Tier 1 exercises.  Modernization construct in FY25 focused on five levels of effort to close Joint Operational Training Gaps (JOTG) for CCMD Tier 1 training:  1) Fully Informed Simulation Environment (FISE), developing a cross domain-based simulation architecture to deliver OPLAN training capability from TS/SCI to SECRET//REL; 2) Non-Kinetic Effects core capability development within the JLVC; 3) Standardizing JLVC Federation simulation data libraries to ensure data interoperability across the JLVC; 4) Modernizing Service and Combat Support Agencies’ simulation systems for all-domain modeling, incorporating space, cyber, and realistic electromagnetic spectrum (EMS) and information environments; 5) Leverage other transaction authority (OTA) to invest in rapid AI technology integration.

FY 2025 Plans: 
The JLVC Modernization moved to aggressively tackle key JLVC technical, infrastructure, and policy gaps to enable high-end training for CCMD Tier 1 exercises.  Modernization construct in FY25 focused on five levels of effort to close Joint Operational Training Gaps (JOTG) for CCMD Tier 1 training:  1) Fully Informed Simulation Environment (FISE), developing a cross domain-based simulation architecture to deliver OPLAN training capability from TS/SCI to SECRET//REL; 2) Non-Kinetic Effects core capability development within the JLVC; 3) Standardizing JLVC Federation simulation data libraries to ensure data interoperability across the JLVC; 4) Modernizing Service and Combat Support Agencies’ simulation systems for all-domain modeling, incorporating space, cyber, and realistic electromagnetic spectrum (EMS) and information environments; 5) Leverage other transaction authority (OTA) to invest in rapid AI technology integration.

LOE 1 (Fully Informed Simulation Environment)
•	Main Goal:  Fully interoperable all-domain environment across multiple classification enclaves to enable the Combatant Commander to fully train to OPLANs with Service Components, Allies and Partners.
Completed development, testing, and integration of JLVC FISE capability, enabling interoperability and data integration of one JLVC Federation on one network with a larger JLVC Federation on another network via a cross domain solution (CDS). Completing this capability paves the way for FY26 integration and deployment of the National Security Agency (NSA)-approved CDS capability for the JLVC Federation. 
•	Identified two CDS products for potential development and integration as a key enabling capability for FISE.  CDS testing with JLVC FISE use cases was completed identified one solution to move forward with SimShield (COTS product). Coordinated directly with NSA CDS branch to prioritize SimShield raise the bar (RTB) testing and certification for delivery of capability in Q2 FY 2026. 
•	Completed development of CDS rulesets for SimShield in support of Joint Innovation and Integration Laboratory (JIIL) testing.  Resulting rulesets will be deployed for ELITE CONSTELLATION exercises in 2026 and 2027.
•	Identified JLVC TS/SCI federates (12) for deployment on the exercise TS/SCI network in preparation for full FISE operational capability in late FY 2026. JLVC Modernization team is coordinating all cyber security accreditation in preparation for FY26 FISE initial operation capability (IOC). IOC = TS/SCI-to- SECRET/REL with FOC = Program-to-SECRET/REL.
•	Identified weapons, platforms, capabilities, and kill webs for development in TS/SCI versions of Service and Combat Support Agency JLVC models and simulation, coordinating development efforts with key stakeholders and preparing FY26 investment plan to support development, integration, and testing of JLVC simulations in support of ELITE CONSTELLATION campaign in 2026/27.   
•	Engineering architecture development completed for a TS/SCI training network to enable distributed training and wargaming capability for Joint and Service simulation centers across the globe.  Coordinating with Defense Intelligence Agency (DIA) on the extension and expansion of the JS J7 JWICS training enclave for FY26.  The FY26 JLVC Modernization investment plan enables the critical roll-out of the TS/SCI training network, additional JLVC federate tools on the TS/SCI training network, site support, and DIA capacity support for ELITE CONSTELLATION 2027.

LOE 2 (Non-Kinetic Effects core capability)
•	Main Goal: Generate non-kinetic effects into the JLVC federation and model the response in the JLVC Federation.
•	Completed development, testing, and integration of the IOC version of JLVC non-kinetic effects (NKE) service.  Utilizing the existing Joint Training Tool (JTT) simulation capability, the JLVC Modernization team developed a federation-wide effects service to enable Exercise Control imposition of NKE in support of scenario requirements – Space, Cyber, EMS and IO effects that have been traditionally white carded can now by directed at weapons, platforms, communications networks, etc.. modeling NKE and enabling coordination on all-domain NKE fires between the CCMD Joint Operations Center (JOC), Service Components, and supporting task forces.  
•	In coordination with the Services and Combat Support Agencies, the JLVC Modernization project is developing an NKE service interface design standard to support the integration of JVLC federate NKE development in FY 2026/2027.  FY 2026 JLVC Modernization investment plan has been developed to support the development, integration, and utilization of Service and Combat Support Agency NKE model development.
•	Through the Joint Training Synthetic Environment (JTSE) working group process, the JLVC Modernization has hosted multiple NKE workshops with Cyber, Space, EMS, and IO stakeholders to map out NKE capability development and employment in CCMD Tier 1 exercises.  NKE service development was directly influenced through these workshops.
•	Effects Standard - Architected and implemented Effects into JLVC Federated Object Model (FOM).
•	Cyber Standard - Architected and implemented CyberDEM into JLVC FOM.
•	JTT user interface development.
•	Demonstrated Effects modeling (IOC):
•	Demo of Initial Architecture Test - CBRN Effect generated, traverse through notional guard - Federate receive, display, respond, impact
•	Demo of Validation test - Cyber Effect generated, traverse through guard, receive, display, respond, impact
•	Use case development with JExD personnel for implementation in INTERNAL LOOK 26.
•	DTRA MINES CBRN effects capability development in progress; tested at JLVC integration event 4 (IE4).
•	Invested in engineering integration and capability interoperability support to ensure new NKE capability is transitioned to the Joint Exercise Division (JExD), following IOC milestone.

LOE 3 (Standardizing JLVC Federation Simulation Data)
•	Main Goal: Enterprise and Federation-wide data interoperability capable of training all domains inclusively in real-time.
•	Development of JLVC Data Standards, Data Dashboard, and Data Architecture is underway. Significant stakeholder engagement on Data Standardization within the JLVC and direct engagement with the Test Resource Management Center (TRMC) on shared Data Lake/Architecture construct between Joint Training and Test and Evaluation communities.
•	Developed and promulgated the Data Strategy Implementation Plan (DSIP) enabling a comprehensive, data-driven assessment and reporting of readiness to ensure greater alignment with priorities.
•	Joint Training Data Service (JTDS) upgrade completed.  JTDS upgraded to align data inputs with the DSIP and include a 25% increase in data volume to include expanded order of battle, EMS, and logistics data.
•	FY26 JLVC Modernization investment plan has been developed to support the development and standardization of data of Service and Combat Support Agency models and simulation systems.

LOE 4 (All Domain Modeling)
•	Main Goal: Rapid development and integration of Space, Cyber, EMS, IO capabilities, data layers, and interoperable network environments and advanced platform, weapons systems, and warfighting capabilities at the right security classification level.
•	Space.  Coordinated and hosted a half dozen Space training cadre workshops with USSF, SPACECOM, JExD, NRO, MDA, and other Service and Agency stakeholders to develop an actionable Space training architecture to support for FY25 investment, development, integration, and testing.
•	Research, Evaluation and Selection of a Space M&amp;S capability – selected USSF’s Paladin/SWARM suite of sim tools
•	Effects standard for space effects
•	Effects service to support space effects
•	Development of necessary capabilities in the Space M&amp;S tool
•	Plan of attack for distributed training with the 392d for ELITE CONSTELLATION 2027
•	EMS.  Coordinated directly with OSD R&amp;E to work new EMS C2 system (EMBM) for use by the JLVC during CCMD Tier 1 exercises. During I/ITSEC 2024, Battle Simulation Inc demonstrated it’s EMS tool called MACE.  The JLVC Modernization team was able to integrate MACE with JLVC to support testing.  Goal will be to utilize MACE for IADS and Theater RF modeling to support EMS and NKE for ELITE CONSTELLATION. 
•	Cyber. Coordinated with the JIWOC, CYBERCOM, US 10th Fleet, National Cyber Range, and the Joint IO Range on a way forward for Cyber training in CCMD Tier 1 exercises.  The JLVC Modernization team identified CyberBoss and the JLVC NKE service as the way forward for introducing advanced Cyber effects into the JLVC Federation as an IOC capability for FY 2026.  NKE development completed in FY 2025 provides the core JLVC capability to enable further Cyber training integration in FY26 with NCR, JIOR, and DECRE.    
•	IO.  FY 2025 efforts have developed IO requirements, in coordination with Joint training stakeholders and the JIOWC.  Investment in Sandia Labs RAVEN capability has resulted in an increase (fidelity and volume) of capability for the existing JLVC IO tool (ION) in support of INDOPACOM J39 requirements.  Further development and integration of IO tools and capabilities is reflected in the FY26 investment plan.
•	Unmanned Systems.  Executed a rapid technology insertion cycle (1.5 months) with Lawerence Livermore National Laboratory (LLNL) for advanced theater drone swarm capability development in support of INDOPACOM PACIFIC SENTRY 25 requirements. 
•	FY 2026 JLVC Modernization investment plan has been developed to support the hosting, development, and integration more robust all domain modeling in Service and Combat Support Agency models and simulation systems.

LOE 5 (AI-powered Capability Development)
•	Main Goal: Integration of AI to streamline scenario generation, facilitate smart OPFOR operations for reduction in planning &amp; exercise manpower needs; Decrease planning cycle time; Institute automated BLU/OPFOR realism; Increase exercise staff ability to train in rapidly evolving battlespace.
•	Planning, Researching, Architecting into integration of AI across the JLVC
•	Investment into ScaleAI for NIPRGPT, SIPRGPT
•	Design of experiment with scenario generation and historical data ingestion
•	Scenario Generation
•	Historical Data
•	MSEL Data
•	The FY 2025 JLVC Modernization investment plan has focused on rapid AI technology development in support of after-action review (AAR) and analysis.  Four separate projects with academia and small businesses are underway to develop key AI-driven components for AAR data scraping, large language model synthesis, faster—than-real-time course of action (COA) modeling, and AI COA analysis and Commander’s Dashboard development.   

FY 2026 JLVC Modernization investment plan has been developed to continue rapid development, integration, testing, employment and utilization of both AI projects in run and in the development of AI-powered logistics modeling, advanced signals intelligence, JLVC Federation intelligent operators, and population/information environment modeling.</r2:Text>
                                </r2:CurrentYear>
                                <r2:BudgetYearOne>
                                    <r2:Funding>70.290</r2:Funding>
                                </r2:BudgetYearOne>
                                <r2:BudgetYearOneBase>
                                    <r2:Funding>70.290</r2:Funding>
                                    <r2:Text>Continue efforts begun in FY 2025.</r2:Text>
                                </r2:BudgetYearOneBase>
                                <r2:AppChangeSummary>TFY24 initial project funding was decreased from $63M to $15.75M, which was not available until the end of Q3 in FY 2024.  For FY25, full funding of $140.554M was reduced to $101.10M with funding not made available until Q3 in FY25.  The cumulative effect of a 43% reduction of funding plus the loss of 12 months of execution time over two years has degraded JLVC Modernization’s progress and represents risk to delivery of high-end training JLVC capability for ELITE CONSTELLATION.  Full funding of $130M in FY26 is required to continue advanced modeling and simulation / exercise architecture development, capability integration and testing, and implementation of capability into the JVLC for ELITE CONSTELLATION 2027.  This program is targeting modernization of the entire JLVC synthetic training environment to better represent current and future friendly and enemy capabilities in all domains. JLVC Modernization transitions our synthetic environment to a data-centric modular open systems architecture that aligns to the DoD Zero Trust Architecture (ZTA) strategy.  This leverages the material development capabilities within the Services and Combat Support Agencies to mitigate or close the Joint Operational Training Gaps (JOTGs) identified in the China Task Force study. Document and integrate technology to support the Fully Informed Simulation Environment.</r2:AppChangeSummary>
                            </r2:PlannedProgram>
                        </r2:AccomplishmentPlannedProgram>
                    </r2:AccomplishmentPlannedProgramList>
                    <r2:AcquisitionStrategy>JLVC-M has developed a deliberate acquisition strategy that leverages existing and competitive award contracts through the Joint Staff and the Services.  Importantly, fully resourcing the JLVC Modernization authorization is critical to delivering the technical environment required for ELITE CONSTELLATION on time.  The strategy integrates industry proven technology and expertise by using Service Agency agreements with the Army Combat Capabilities Development Command (DEVCOM) , Navy Systems Commands, DTIC IAC MAC, Other  Transaction Authorities (OTA’s) and partnering using Cooperative Research Development Agreements (CRADA's) The acquisition strategy address the technical, business and program reporting requirements to ensure accountability and transparency of the JLVC-M program through its intended lifecycle.   These partners allow the program to accelerate development without significant growth on the JLVC program.  They also help uniquely close the JOTGs identified previously and can pinpoint specific shortcomings in the status quo needed to bring the joint training community to a common standard.  These gaps are unique to the training community and not being closed by other simulation modernization efforts within the DOD.  Most notably, modernization efforts to close T&amp;E gaps on the technical facets of their simulations, has not had a similar positive impact on the training audience, which is our approach solves the issues unique to the JTEEP community.</r2:AcquisitionStrategy>
                </r2:R2aExhibit>
            </r2:Project>
        </r2:ProjectList>
    </r2:ProgramElement>
</r2:ProgramElementList>