<?xml version="1.0" encoding="UTF-8"?>
<proc:LineItemList xmlns:proc="http://www.dtic.mil/comptroller/xml/schema/20100219/procurement">
    <proc:LineItem quantityUnits="Each" quantityUnitName="Each" unitCostUnits="Thousands" totalCostUnits="Millions" manufacturerRateUnits="Monthly">
        <proc:LineItemNumber>5757A05111</proc:LineItemNumber>
        <proc:LineItemTitle>AH-64 Apache Block IIIA Reman</proc:LineItemTitle>
        <proc:P1LineNumber>9</proc:P1LineNumber>
        <proc:BudgetYear>2026</proc:BudgetYear>
        <proc:BudgetCycle>PB</proc:BudgetCycle>
        <proc:SubmissionDate>2025-06</proc:SubmissionDate>
        <proc:ServiceAgencyName>Army</proc:ServiceAgencyName>
        <proc:AppropriationNumber>2031A</proc:AppropriationNumber>
        <proc:AppropriationTitle>Aircraft Procurement, Army</proc:AppropriationTitle>
        <proc:BudgetActivityNumber>1</proc:BudgetActivityNumber>
        <proc:BudgetActivityTitle>Aircraft</proc:BudgetActivityTitle>
        <proc:BudgetSubActivityNumber>20</proc:BudgetSubActivityNumber>
        <proc:BudgetSubActivityTitle>Rotary</proc:BudgetSubActivityTitle>
        <proc:ResourceSummary>
            <proc:Quantity>
                <proc:AllPriorYears>545</proc:AllPriorYears>
                <proc:PriorYear>37</proc:PriorYear>
                <proc:CurrentYear>31</proc:CurrentYear>
            </proc:Quantity>
            <proc:TotalCost>
                <proc:AllPriorYears>11231.589</proc:AllPriorYears>
                <proc:PriorYear>818.535</proc:PriorYear>
                <proc:CurrentYear>667.759</proc:CurrentYear>
                <proc:BudgetYearOneBase>1.669</proc:BudgetYearOneBase>
                <proc:BudgetYearOne>1.669</proc:BudgetYearOne>
            </proc:TotalCost>
            <proc:UnitCost>
                <proc:AllPriorYears>20608.42</proc:AllPriorYears>
                <proc:PriorYear>22122.568</proc:PriorYear>
                <proc:CurrentYear>21540.613</proc:CurrentYear>
            </proc:UnitCost>
            <proc:PYAdvanceProcurement>
                <proc:AllPriorYears>2125.206</proc:AllPriorYears>
                <proc:PriorYear>169.218</proc:PriorYear>
                <proc:CurrentYear>110.36</proc:CurrentYear>
            </proc:PYAdvanceProcurement>
            <proc:NetProcurementP1>
                <proc:AllPriorYears>9106.383</proc:AllPriorYears>
                <proc:PriorYear>649.317</proc:PriorYear>
                <proc:CurrentYear>557.399</proc:CurrentYear>
                <proc:BudgetYearOneBase>1.669</proc:BudgetYearOneBase>
                <proc:BudgetYearOne>1.669</proc:BudgetYearOne>
            </proc:NetProcurementP1>
            <proc:CYAdvanceProcurement>
                <proc:AllPriorYears>2294.424</proc:AllPriorYears>
                <proc:PriorYear>110.36</proc:PriorYear>
            </proc:CYAdvanceProcurement>
            <proc:TotalObligationAuthority>
                <proc:AllPriorYears>11400.807</proc:AllPriorYears>
                <proc:PriorYear>759.677</proc:PriorYear>
                <proc:CurrentYear>557.399</proc:CurrentYear>
                <proc:BudgetYearOneBase>1.669</proc:BudgetYearOneBase>
                <proc:BudgetYearOne>1.669</proc:BudgetYearOne>
            </proc:TotalObligationAuthority>
            <proc:InitialSpares>
                <proc:AllPriorYears>119.715</proc:AllPriorYears>
                <proc:PriorYear>0</proc:PriorYear>
                <proc:CurrentYear>7.979</proc:CurrentYear>
                <proc:BudgetYearOneBase>0</proc:BudgetYearOneBase>
                <proc:BudgetYearOne>0</proc:BudgetYearOne>
            </proc:InitialSpares>
            <proc:FlyawayUnitCost>
                <proc:AllPriorYears>19.95</proc:AllPriorYears>
                <proc:PriorYear>21.9</proc:PriorYear>
                <proc:CurrentYear>21.28</proc:CurrentYear>
            </proc:FlyawayUnitCost>
        </proc:ResourceSummary>
        <proc:SecondaryDistribution>
            <proc:ComponentList>
                <proc:Component>
                    <proc:Name>Army Active</proc:Name>
                    <proc:Cost>
                        <proc:Quantity>
                            <proc:PriorYear>13</proc:PriorYear>
                            <proc:CurrentYear>31</proc:CurrentYear>
                        </proc:Quantity>
                        <proc:TotalCost>
                            <proc:PriorYear>271.071</proc:PriorYear>
                            <proc:CurrentYear>557.399</proc:CurrentYear>
                            <proc:BudgetYearOneBase>1.669</proc:BudgetYearOneBase>
                            <proc:BudgetYearOne>1.669</proc:BudgetYearOne>
                        </proc:TotalCost>
                    </proc:Cost>
                </proc:Component>
                <proc:Component>
                    <proc:Name>Army National Guard</proc:Name>
                    <proc:Cost>
                        <proc:Quantity>
                            <proc:PriorYear>24</proc:PriorYear>
                        </proc:Quantity>
                        <proc:TotalCost>
                            <proc:PriorYear>488.606</proc:PriorYear>
                        </proc:TotalCost>
                    </proc:Cost>
                </proc:Component>
            </proc:ComponentList>
            <proc:TotalCost>
                <proc:Quantity>
                    <proc:PriorYear>37</proc:PriorYear>
                    <proc:CurrentYear>31</proc:CurrentYear>
                </proc:Quantity>
                <proc:TotalCost>
                    <proc:PriorYear>759.677</proc:PriorYear>
                    <proc:CurrentYear>557.399</proc:CurrentYear>
                    <proc:BudgetYearOneBase>1.669</proc:BudgetYearOneBase>
                    <proc:BudgetYearOne>1.669</proc:BudgetYearOne>
                </proc:TotalCost>
            </proc:TotalCost>
        </proc:SecondaryDistribution>
        <proc:Description>AH-64E Reman is a complete remanufacture using a new airframe and meets all the requirements for Army and Joint interoperability goals for the future and adds significant combat capability while addressing obsolescence issues, ensuring the aircraft remains a viable combat multiplier beyond its lifecycle.  The Army's only heavy attack helicopter, the AH-64E is fully digital with the latest technologies, which adds significant combat capability to the aircraft.  The AH-64E Apache is implementing an incremental design and fielding strategy as noted in the approved Capability Production Document (CPD).  AH-64E Capability Version 1 includes Improved Drive and Propulsion System, Composite Main Rotor Blades (CMRB), Unmanned Aircraft System (UAS) Level III-IV Control, Improved Communications Suite, Improved Electronics / Modular Open Systems Approach, and Radar Electronics Unit (REU).  Capability Version 4 includes Link 16, Air to Air to Ground (AAG) Video Relay, System Level Embedded Diagnostics (SLED), and provisions for Reduced-Size Crashworthy External Fuel Systems (RCEFS).  Capability Version 6 includes Fire Control Radar (FCR) enhancements, Maritime Targeting Mode, Expanded Link-16, Image Blending, Multi-Mode Laser (MML), and Interactive Electronic Technical Manual (IETM) Upgrades.  Production Lots 1-4 are Version 1 capable, Production Lots 5-8 are Version 4 capable, and Version 6 is included into the remaining Production Lots beginning with Production Lot 9. Upgrades are integrated as incremental block modifications.  Other associated Government Furnished Equipment (GFE) such as the GEN2 Radar Frequency Interferometer (G2RFI), Radar Electronics Unit (REU), and Manned/Unmanned Teaming Extended Capability (MUMT-X) will be procured and provided in accordance with the basis of issue plan.  The program addresses operational shortfalls identified during real-world combat missions, meets Apache Capability Production Document (CPD) requirements for modernization, and provides necessary training, initial spares, and Peculiar Ground Support Equipment (PGSE).  AH-64E aircraft entered the fleet in 2012.</proc:Description>
        <proc:Justification>FY 2026 Base procurement dollars in the amount of $1.669 million supports production line activities, airworthiness, and safety support of AH-64E Remanufacture aircraft delivered. The program was restructured in 2010 from the single AH-64E Apache (A05111) into two separate programs, AH-64E Apache Reman (A05111) and AH-64E Apache New Build (A05133).

FY 2025 to FY 2026 funding decrease due to prioritization and leadership decisions to decrease funding related to AH-64E Remanufacture production. The last aircraft was procured in FY 2025.

The current AH-64E Apache Remanufacture and New Build Army Procurement Objective (APO) is 791 Aircraft. The total AH-64E (Remanufacture and New Build) Army Acquisition Objective (AAO) is 812 Aircraft.

The Apache Reman Program quantities and associated funding include Multi-Year contracts from FY 2017-FY 2021 and FY 2022-FY 2025.

Currently the total lead time (time from when first materials must be committed to aircraft delivery) is in excess of 36 months. The Cost Assessment and Program Evaluation (CAPE) Independent Cost Estimate (ICE) utilized 18% to 22% for Advance Procurement (AP).  Each year's AP can be divided into two segments: 1) Government Furnished Equipment (GFE) such as engines, sensors and avionics and 2) Contractor Furnished Equipment (CFE) such as: production components to support deliveries, provisioning material, pre-modification effort, and any potential termination liability costs. Long lead items include, but are not limited to: Main Rotor Drive Shaft, Composite Main Rotor Blade, Improved Drive System, and Composite Stabilator IAW Financial Management Regulation (FMR) 7000.14-R.

The Economical Production Rate of 82 aircraft per year is the maximum capacity at Full Rate Production. The production line is tooled to meet a max capacity of 98 aircraft per year assuming a 1-8-5 shift, however this would require additional hired labor and parts. In order to increase the 1-8-5 (single shift) production rate, additional tooling and manpower must be procured. Capacity can be expanded to 144 aircraft per year with additional investment.

In accordance with Section 1815 of the FY 2008 National Defense Authorization Act (P.L. 110-181), this item is necessary for use by the active and reserve components of the Armed Forces for homeland defense missions, domestic emergency responses, and providing military support to civil authorities.</proc:Justification>
        <proc:MDAPCode>202</proc:MDAPCode>
        <proc:AdvanceProcurement>
            <proc:P1LineNumber>10</proc:P1LineNumber>
            <proc:Description>AH-64E Reman is a complete remanufacture using a new airframe and meets all the requirements for Army and Joint interoperability goals for the future and adds significant combat capability while addressing obsolescence issues, ensuring the aircraft remains a viable combat multiplier beyond its lifecycle.  The Army's only heavy attack helicopter, the AH-64E is fully digital with the latest technologies, adding significant combat capability to the aircraft.  The AH-64E Apache is implementing an incremental design and fielding strategy as noted in the approved Capability Production Document (CPD).  AH-64E Capability Version 1 includes Improved Drive and Propulsion System, Composite Main Rotor Blades (CMRB), Unmanned Aircraft System (UAS) Level III-IV Control, Improved Communications Suite, Improved Electronics / Modular Open Systems Approach, and Radar Electronics Unit (REU).  Capability Version 4 includes Link 16, Air to Air to Ground (AAG) Video Relay, System Level Embedded Diagnostics (SLED), and provisions for Reduced-Size Crashworthy External Fuel Systems (RCEFS).  Capability Version 6 includes Fire Control Radar (FCR) enhancements, Maritime Targeting Mode, Expanded Link-16, Image Blending, Multi-Mode Laser (MML), and Interactive Electronic Technical Manual (IETM) Upgrade.  Production Lots 1-4 are Version 1 capable, Production Lots 5-8 are Version 4 capable, and Version 6 is included into the remaining Production Lots beginning with Production Lot 9.  Upgrades are integrated as incremental block modifications.  Other associated Government Furnished Equipment (GFE) such as the, Modernized Radar Frequency Interferometer (M-RFI), Radar Electronics Unit (REU), and Manned/Unmanned Teaming Extended Capability (MUMT-X) will be procured and provided in accordance with the basis of issue plan.  The program addresses operational shortfalls identified during real-world combat missions, meets Apache Capability Production Document (CPD) requirements for modernization, and provides necessary training, initial spares, and Peculiar Ground Support Equipment (PGSE).  AH-64E aircraft entered the fleet in 2012.</proc:Description>
            <proc:Justification>FY 2024 is the final year of Advanced Procurement (AP) funding to support AH-64E Remanufacture production. 

The current AH-64E Apache Remanufacture and New Build Army Procurement Objective (APO) is 791 Aircraft. The total AH-64E (Remanufacture and New Build) Army Acquisition Objective (AAO) is 812 Aircraft.

The Apache Reman Program quantities and associated funding include Multi-year contracts from FY 2017-FY 2021 and FY 2022-FY 2025.

Currently the total lead time (time from when first materials must be committed to aircraft delivery) is in excess of 36 months. The Cost Assessment and Program Evaluation (CAPE) Independent Cost Estimate (ICE) utilized 18% to 22% for Advance Procurement (AP).  Each year's AP can be divided into 2 segments: 1) Government Furnished Equipment (GFE) such as engines, sensors and avionics and 2) Contractor Furnished Equipment (CFE). Material includes production components to support deliveries, provisioning material, pre-modification effort, and any potential termination liability costs. Long lead items include, but not limited to, such items as the Main Rotor Drive Shaft, Composite Main Rotor Blade, Improved Drive System, and Composite Stabilator IAW Financial Management Regulation (FMR) 7000.14-R.

The Economical Production Rate of 82 aircraft per year is the maximum capacity at Full Rate Production. The production line is tooled to meet a max capacity of 98 aircraft per year assuming a 1-8-5 shift, however this would require additional hired labor and parts. In order to increase the 1-8-5 (single shift) production rate, additional tooling and manpower must be procured. Capacity can be expanded to 144 aircraft per year with additional investment.


"In accordance with Section 1815 of the FY 2008 National Defense Authorization Act (P.L. 110-181), this item is necessary for use by the active and reserve components of the Armed Forces for homeland defense missions, domestic emergency responses, and providing military support to civil authorities."</proc:Justification>
        </proc:AdvanceProcurement>
        <proc:ItemExhibitList>
            <proc:P5Item>
                <proc:Name>AH-64 Apache Block IIIA Reman</proc:Name>
                <proc:ItemNumber>A05111</proc:ItemNumber>
                <proc:SecondaryDistribution>
                    <proc:ComponentList>
                        <proc:Component>
                            <proc:Name>Army Active</proc:Name>
                            <proc:Cost>
                                <proc:Quantity>
                                    <proc:PriorYear>13</proc:PriorYear>
                                    <proc:CurrentYear>31</proc:CurrentYear>
                                </proc:Quantity>
                                <proc:TotalCost>
                                    <proc:PriorYear>271.071</proc:PriorYear>
                                    <proc:CurrentYear>557.399</proc:CurrentYear>
                                    <proc:BudgetYearOneBase>1.669</proc:BudgetYearOneBase>
                                    <proc:BudgetYearOne>1.669</proc:BudgetYearOne>
                                </proc:TotalCost>
                            </proc:Cost>
                        </proc:Component>
                        <proc:Component>
                            <proc:Name>Army National Guard</proc:Name>
                            <proc:Cost>
                                <proc:Quantity>
                                    <proc:PriorYear>24</proc:PriorYear>
                                </proc:Quantity>
                                <proc:TotalCost>
                                    <proc:PriorYear>488.606</proc:PriorYear>
                                </proc:TotalCost>
                            </proc:Cost>
                        </proc:Component>
                    </proc:ComponentList>
                </proc:SecondaryDistribution>
                <proc:Remarks>The Prior Year quantity of 549 that is reported under the Flyaway Recurring Cost elements for CFE and GFE are correct. The Gross/Weapon System Cost quantity of 545 is being pulled from the P40 and cannot be updated. 

Other Costs is inclusive of the Apache PM cost share that is allocated by percentage across each funding line. Yearly adjustments in Other Costs correspond to increases or decreases across all Apache PM funding lines. These costs are for personnel that perform duties associated with Safety, Compliance, Training, Product Support, Engineering Services, and Logistics.</proc:Remarks>
                <proc:ResourceSummary>
                    <proc:Quantity>
                        <proc:AllPriorYears>545</proc:AllPriorYears>
                        <proc:PriorYear>37</proc:PriorYear>
                        <proc:CurrentYear>31</proc:CurrentYear>
                    </proc:Quantity>
                    <proc:TotalCost>
                        <proc:AllPriorYears>11231.589</proc:AllPriorYears>
                        <proc:PriorYear>818.535</proc:PriorYear>
                        <proc:CurrentYear>667.759</proc:CurrentYear>
                        <proc:BudgetYearOneBase>1.669</proc:BudgetYearOneBase>
                        <proc:BudgetYearOne>1.669</proc:BudgetYearOne>
                    </proc:TotalCost>
                    <proc:UnitCost>
                        <proc:AllPriorYears>20608.42</proc:AllPriorYears>
                        <proc:PriorYear>22122.568</proc:PriorYear>
                        <proc:CurrentYear>21540.613</proc:CurrentYear>
                    </proc:UnitCost>
                    <proc:PYAdvanceProcurement>
                        <proc:AllPriorYears>2125.206</proc:AllPriorYears>
                        <proc:PriorYear>169.218</proc:PriorYear>
                        <proc:CurrentYear>110.36</proc:CurrentYear>
                    </proc:PYAdvanceProcurement>
                    <proc:NetProcurementP1>
                        <proc:AllPriorYears>9106.383</proc:AllPriorYears>
                        <proc:PriorYear>649.317</proc:PriorYear>
                        <proc:CurrentYear>557.399</proc:CurrentYear>
                        <proc:BudgetYearOneBase>1.669</proc:BudgetYearOneBase>
                        <proc:BudgetYearOne>1.669</proc:BudgetYearOne>
                    </proc:NetProcurementP1>
                    <proc:CYAdvanceProcurement>
                        <proc:AllPriorYears>2294.424</proc:AllPriorYears>
                        <proc:PriorYear>110.36</proc:PriorYear>
                    </proc:CYAdvanceProcurement>
                    <proc:TotalObligationAuthority>
                        <proc:AllPriorYears>11400.807</proc:AllPriorYears>
                        <proc:PriorYear>759.677</proc:PriorYear>
                        <proc:CurrentYear>557.399</proc:CurrentYear>
                        <proc:BudgetYearOneBase>1.669</proc:BudgetYearOneBase>
                        <proc:BudgetYearOne>1.669</proc:BudgetYearOne>
                    </proc:TotalObligationAuthority>
                </proc:ResourceSummary>
                <proc:CostElementCategoryList>
                    <proc:Flyaway>
                        <proc:Recurring>
                            <proc:CostElementList>
                                <proc:CostElement>
                                    <proc:Name>CFE</proc:Name>
                                    <proc:Cost>
                                        <proc:Quantity>
                                            <proc:AllPriorYears>549</proc:AllPriorYears>
                                            <proc:PriorYear>37</proc:PriorYear>
                                            <proc:CurrentYear>31</proc:CurrentYear>
                                        </proc:Quantity>
                                        <proc:TotalCost>
                                            <proc:AllPriorYears>8381.553</proc:AllPriorYears>
                                            <proc:PriorYear>606.041</proc:PriorYear>
                                            <proc:CurrentYear>489.839</proc:CurrentYear>
                                        </proc:TotalCost>
                                        <proc:UnitCost>
                                            <proc:AllPriorYears>15266.945</proc:AllPriorYears>
                                            <proc:PriorYear>16379.486</proc:PriorYear>
                                            <proc:CurrentYear>15801.258</proc:CurrentYear>
                                        </proc:UnitCost>
                                    </proc:Cost>
                                    <proc:AllPriorYearsDeliveries>88</proc:AllPriorYearsDeliveries>
                                    <proc:ManufacturerList>
                                        <proc:Manufacturer>
                                            <proc:Name>The Boeing Company</proc:Name>
                                            <proc:Location>Mesa, AZ</proc:Location>
                                            <proc:HistoryPlanningList>
                                                <proc:HistoryPlanning>
                                                    <proc:FiscalYear>2014</proc:FiscalYear>
                                                    <proc:PCOLocation>AMCOM</proc:PCOLocation>
                                                    <proc:AwardDate>2014-03</proc:AwardDate>
                                                    <proc:FirstDeliveryDate>2015-02</proc:FirstDeliveryDate>
                                                    <proc:Quantity>35</proc:Quantity>
                                                    <proc:UnitCost>15570.229</proc:UnitCost>
                                                    <proc:SpecsAvailableNow>true</proc:SpecsAvailableNow>
                                                    <proc:RFPIssueDate>2012-07</proc:RFPIssueDate>
                                                    <proc:ContractMethod>SS</proc:ContractMethod>
                                                    <proc:ContractType>FPIF</proc:ContractType>
                                                </proc:HistoryPlanning>
                                                <proc:HistoryPlanning>
                                                    <proc:FiscalYear>2015</proc:FiscalYear>
                                                    <proc:PCOLocation>AMCOM</proc:PCOLocation>
                                                    <proc:AwardDate>2015-03</proc:AwardDate>
                                                    <proc:FirstDeliveryDate>2016-02</proc:FirstDeliveryDate>
                                                    <proc:Quantity>53</proc:Quantity>
                                                    <proc:UnitCost>14679.51</proc:UnitCost>
                                                    <proc:SpecsAvailableNow>true</proc:SpecsAvailableNow>
                                                    <proc:RFPIssueDate>2014-08</proc:RFPIssueDate>
                                                    <proc:ContractMethod>SS</proc:ContractMethod>
                                                    <proc:ContractType>FPIF</proc:ContractType>
                                                </proc:HistoryPlanning>
                                                <proc:HistoryPlanning>
                                                    <proc:FiscalYear>2016</proc:FiscalYear>
                                                    <proc:PCOLocation>AMCOM</proc:PCOLocation>
                                                    <proc:AwardDate>2016-03</proc:AwardDate>
                                                    <proc:FirstDeliveryDate>2017-01</proc:FirstDeliveryDate>
                                                    <proc:Quantity>64</proc:Quantity>
                                                    <proc:UnitCost>13759.47</proc:UnitCost>
                                                    <proc:SpecsAvailableNow>true</proc:SpecsAvailableNow>
                                                    <proc:RFPIssueDate>2014-08</proc:RFPIssueDate>
                                                    <proc:ContractMethod>SS</proc:ContractMethod>
                                                    <proc:ContractType>FPIF</proc:ContractType>
                                                </proc:HistoryPlanning>
                                                <proc:HistoryPlanning>
                                                    <proc:FiscalYear>2017</proc:FiscalYear>
                                                    <proc:PCOLocation>AMCOM</proc:PCOLocation>
                                                    <proc:AwardDate>2017-03</proc:AwardDate>
                                                    <proc:FirstDeliveryDate>2019-01</proc:FirstDeliveryDate>
                                                    <proc:Quantity>52</proc:Quantity>
                                                    <proc:UnitCost>13565.81</proc:UnitCost>
                                                    <proc:SpecsAvailableNow>true</proc:SpecsAvailableNow>
                                                    <proc:RFPIssueDate>2015-08</proc:RFPIssueDate>
                                                    <proc:ContractMethod>SS</proc:ContractMethod>
                                                    <proc:ContractType>FFP</proc:ContractType>
                                                </proc:HistoryPlanning>
                                                <proc:HistoryPlanning>
                                                    <proc:FiscalYear>2018</proc:FiscalYear>
                                                    <proc:PCOLocation>AMCOM</proc:PCOLocation>
                                                    <proc:AwardDate>2018-03</proc:AwardDate>
                                                    <proc:FirstDeliveryDate>2019-07</proc:FirstDeliveryDate>
                                                    <proc:Quantity>48</proc:Quantity>
                                                    <proc:UnitCost>12956.958</proc:UnitCost>
                                                    <proc:SpecsAvailableNow>true</proc:SpecsAvailableNow>
                                                    <proc:RFPIssueDate>2015-08</proc:RFPIssueDate>
                                                    <proc:ContractMethod>SS</proc:ContractMethod>
                                                    <proc:ContractType>FFP</proc:ContractType>
                                                </proc:HistoryPlanning>
                                                <proc:HistoryPlanning>
                                                    <proc:FiscalYear>2019</proc:FiscalYear>
                                                    <proc:PCOLocation>AMCOM</proc:PCOLocation>
                                                    <proc:AwardDate>2019-03</proc:AwardDate>
                                                    <proc:FirstDeliveryDate>2020-07</proc:FirstDeliveryDate>
                                                    <proc:Quantity>48</proc:Quantity>
                                                    <proc:UnitCost>13794.229</proc:UnitCost>
                                                    <proc:SpecsAvailableNow>true</proc:SpecsAvailableNow>
                                                    <proc:RFPIssueDate>2015-08</proc:RFPIssueDate>
                                                    <proc:ContractMethod>SS</proc:ContractMethod>
                                                    <proc:ContractType>FFP</proc:ContractType>
                                                </proc:HistoryPlanning>
                                                <proc:HistoryPlanning>
                                                    <proc:FiscalYear>2020</proc:FiscalYear>
                                                    <proc:PCOLocation>AMCOM</proc:PCOLocation>
                                                    <proc:AwardDate>2020-03</proc:AwardDate>
                                                    <proc:FirstDeliveryDate>2021-05</proc:FirstDeliveryDate>
                                                    <proc:Quantity>49</proc:Quantity>
                                                    <proc:UnitCost>13969.796</proc:UnitCost>
                                                    <proc:SpecsAvailableNow>true</proc:SpecsAvailableNow>
                                                    <proc:RFPIssueDate>2015-08</proc:RFPIssueDate>
                                                    <proc:ContractMethod>SS</proc:ContractMethod>
                                                    <proc:ContractType>FFP</proc:ContractType>
                                                </proc:HistoryPlanning>
                                                <proc:HistoryPlanning>
                                                    <proc:FiscalYear>2021</proc:FiscalYear>
                                                    <proc:PCOLocation>AMCOM</proc:PCOLocation>
                                                    <proc:AwardDate>2021-03</proc:AwardDate>
                                                    <proc:FirstDeliveryDate>2022-06</proc:FirstDeliveryDate>
                                                    <proc:Quantity>50</proc:Quantity>
                                                    <proc:UnitCost>13915.12</proc:UnitCost>
                                                    <proc:SpecsAvailableNow>true</proc:SpecsAvailableNow>
                                                    <proc:RFPIssueDate>2015-08</proc:RFPIssueDate>
                                                    <proc:ContractMethod>SS</proc:ContractMethod>
                                                    <proc:ContractType>FFP</proc:ContractType>
                                                </proc:HistoryPlanning>
                                                <proc:HistoryPlanning>
                                                    <proc:FiscalYear>2022</proc:FiscalYear>
                                                    <proc:PCOLocation>AMCOM</proc:PCOLocation>
                                                    <proc:AwardDate>2022-03</proc:AwardDate>
                                                    <proc:FirstDeliveryDate>2024-08</proc:FirstDeliveryDate>
                                                    <proc:Quantity>24</proc:Quantity>
                                                    <proc:UnitCost>17217.083</proc:UnitCost>
                                                    <proc:SpecsAvailableNow>true</proc:SpecsAvailableNow>
                                                    <proc:RFPIssueDate>2020-02</proc:RFPIssueDate>
                                                    <proc:ContractMethod>SS</proc:ContractMethod>
                                                    <proc:ContractType>FFP</proc:ContractType>
                                                </proc:HistoryPlanning>
                                                <proc:HistoryPlanning>
                                                    <proc:FiscalYear>2023</proc:FiscalYear>
                                                    <proc:PCOLocation>AMCOM</proc:PCOLocation>
                                                    <proc:AwardDate>2023-03</proc:AwardDate>
                                                    <proc:FirstDeliveryDate>2025-04</proc:FirstDeliveryDate>
                                                    <proc:Quantity>38</proc:Quantity>
                                                    <proc:UnitCost>15836.105</proc:UnitCost>
                                                    <proc:SpecsAvailableNow>true</proc:SpecsAvailableNow>
                                                    <proc:RFPIssueDate>2020-02</proc:RFPIssueDate>
                                                    <proc:ContractMethod>SS</proc:ContractMethod>
                                                    <proc:ContractType>FFP</proc:ContractType>
                                                </proc:HistoryPlanning>
                                                <proc:HistoryPlanning>
                                                    <proc:FiscalYear>2024</proc:FiscalYear>
                                                    <proc:PCOLocation>AMCOM</proc:PCOLocation>
                                                    <proc:AwardDate>2024-03</proc:AwardDate>
                                                    <proc:FirstDeliveryDate>2026-02</proc:FirstDeliveryDate>
                                                    <proc:Quantity>37</proc:Quantity>
                                                    <proc:UnitCost>16379.486</proc:UnitCost>
                                                    <proc:SpecsAvailableNow>true</proc:SpecsAvailableNow>
                                                    <proc:RFPIssueDate>2020-02</proc:RFPIssueDate>
                                                    <proc:ContractMethod>SS</proc:ContractMethod>
                                                    <proc:ContractType>FFP</proc:ContractType>
                                                </proc:HistoryPlanning>
                                                <proc:HistoryPlanning>
                                                    <proc:FiscalYear>2025</proc:FiscalYear>
                                                    <proc:PCOLocation>AMCOM</proc:PCOLocation>
                                                    <proc:AwardDate>2025-03</proc:AwardDate>
                                                    <proc:FirstDeliveryDate>2027-01</proc:FirstDeliveryDate>
                                                    <proc:Quantity>31</proc:Quantity>
                                                    <proc:UnitCost>15801.258</proc:UnitCost>
                                                    <proc:SpecsAvailableNow>true</proc:SpecsAvailableNow>
                                                    <proc:RFPIssueDate>2020-02</proc:RFPIssueDate>
                                                    <proc:ContractMethod>SS</proc:ContractMethod>
                                                    <proc:ContractType>FFP</proc:ContractType>
                                                </proc:HistoryPlanning>
                                            </proc:HistoryPlanningList>
                                        </proc:Manufacturer>
                                    </proc:ManufacturerList>
                                </proc:CostElement>
                                <proc:CostElement>
                                    <proc:Name>GFE</proc:Name>
                                    <proc:Cost>
                                        <proc:Quantity>
                                            <proc:AllPriorYears>549</proc:AllPriorYears>
                                            <proc:PriorYear>37</proc:PriorYear>
                                            <proc:CurrentYear>31</proc:CurrentYear>
                                        </proc:Quantity>
                                        <proc:TotalCost>
                                            <proc:AllPriorYears>1697.343</proc:AllPriorYears>
                                            <proc:PriorYear>122.421</proc:PriorYear>
                                            <proc:CurrentYear>101.186</proc:CurrentYear>
                                        </proc:TotalCost>
                                        <proc:UnitCost>
                                            <proc:AllPriorYears>3091.699</proc:AllPriorYears>
                                            <proc:PriorYear>3308.676</proc:PriorYear>
                                            <proc:CurrentYear>3264.065</proc:CurrentYear>
                                        </proc:UnitCost>
                                    </proc:Cost>
                                </proc:CostElement>
                                <proc:CostElement>
                                    <proc:Name>Non-Recurring Costs</proc:Name>
                                    <proc:Cost>
                                        <proc:TotalCost>
                                            <proc:AllPriorYears>251.288</proc:AllPriorYears>
                                            <proc:PriorYear>2</proc:PriorYear>
                                            <proc:CurrentYear>2</proc:CurrentYear>
                                        </proc:TotalCost>
                                    </proc:Cost>
                                </proc:CostElement>
                                <proc:CostElement>
                                    <proc:Name>Support Equipment</proc:Name>
                                    <proc:Cost>
                                        <proc:TotalCost>
                                            <proc:AllPriorYears>160.058</proc:AllPriorYears>
                                            <proc:PriorYear>8.419</proc:PriorYear>
                                        </proc:TotalCost>
                                    </proc:Cost>
                                </proc:CostElement>
                                <proc:CostElement>
                                    <proc:Name>Other Costs</proc:Name>
                                    <proc:Cost>
                                        <proc:TotalCost>
                                            <proc:AllPriorYears>621.632</proc:AllPriorYears>
                                            <proc:PriorYear>79.654</proc:PriorYear>
                                            <proc:CurrentYear>66.755</proc:CurrentYear>
                                            <proc:BudgetYearOneBase>1.669</proc:BudgetYearOneBase>
                                            <proc:BudgetYearOne>1.669</proc:BudgetYearOne>
                                        </proc:TotalCost>
                                    </proc:Cost>
                                </proc:CostElement>
                                <proc:CostElement>
                                    <proc:Name>Initial Spares</proc:Name>
                                    <proc:Cost>
                                        <proc:TotalCost>
                                            <proc:AllPriorYears>119.715</proc:AllPriorYears>
                                            <proc:CurrentYear>7.979</proc:CurrentYear>
                                        </proc:TotalCost>
                                    </proc:Cost>
                                </proc:CostElement>
                            </proc:CostElementList>
                            <proc:CategorySubtotal>
                                <proc:TotalCost>
                                    <proc:AllPriorYears>11231.589</proc:AllPriorYears>
                                    <proc:PriorYear>818.535</proc:PriorYear>
                                    <proc:CurrentYear>667.759</proc:CurrentYear>
                                    <proc:BudgetYearOneBase>1.669</proc:BudgetYearOneBase>
                                    <proc:BudgetYearOne>1.669</proc:BudgetYearOne>
                                </proc:TotalCost>
                            </proc:CategorySubtotal>
                        </proc:Recurring>
                        <proc:CategorySubtotal>
                            <proc:TotalCost>
                                <proc:AllPriorYears>11231.589</proc:AllPriorYears>
                                <proc:PriorYear>818.535</proc:PriorYear>
                                <proc:CurrentYear>667.759</proc:CurrentYear>
                                <proc:BudgetYearOneBase>1.669</proc:BudgetYearOneBase>
                                <proc:BudgetYearOne>1.669</proc:BudgetYearOne>
                            </proc:TotalCost>
                        </proc:CategorySubtotal>
                    </proc:Flyaway>
                </proc:CostElementCategoryList>
                <proc:OverallHistoryPlanningRemarks>Major Contractor Furnished Equipment (CFE) cost drivers include, but are not limited to: Fuselage, Transmission, and Composite Main Rotor Blades. Major Government Furnished Equipment (GFE) includes engines, Embedded Global Positioning System Inertial Navigation Systems (EGIs), Radar Electronics Unit (REU), GEN2 Target Acquisition Designation System (TADS)/Pilot Night Vision System (PNVS) and Manned/Unmanned Teaming Extended Capability (MUMT-X). Other Cost includes Support Equipment, Peculiar Ground Support Equipment (PGSE), and Government Program Management Support.

Delivery schedules appear to extend beyond the 12 month period for the following reasons:  Yearly procurement consist of AH-64E Remanufactured and New Build aircraft. Both variants are awarded on different contract line items. While each of these efforts deliver all of their aircraft within a 12 month span, they do not deliver within the same 12 month time period.

In FY 2022 supply chain delivery delays experienced during the COVID-19 global pandemic delayed the initial deliveries and increased production lead time by approximately one year.  Subsequently, the Army and Boeing adjusted the production capacity downward (from 98 to 82 A/C per year) with a bilateral agreement which was negotiated as part of the MYII contract awarded in March 2023. There is no gap between MYI and MYII deliveries. FY 2022 deliveries started in Aug 2024, FY 2023 deliveries started in Apr 2025, FY 2024 deliveries will start in Feb 2026, and FY 2025 deliveries will start in Jan 2027.</proc:OverallHistoryPlanningRemarks>
                <proc:P10AdvanceProcurement>
                    <proc:FirstSystemAwardDate>2009-07</proc:FirstSystemAwardDate>
                    <proc:FirstSystemCompletionDate>2011-11</proc:FirstSystemCompletionDate>
                    <proc:IntervalBetweenSystems>1</proc:IntervalBetweenSystems>
                    <proc:Description>Currently the total lead time (time from when first materials must be committed to aircraft delivery) is in excess of 36 months. The Cost Assessment and Program Evaluation (CAPE) Independent Cost Estimate (ICE) utilized 18% to 22% for Advance Procurement (AP) for single year contracts. Each year's AP can be divided into two segments: 1) Government Furnished Equipment (GFE) such as engines, sensors and avionics and 2) Contractor Furnished Equipment (CFE) such as: production components to support deliveries, provisioning material, pre-modification effort, and any potential termination liability costs. Long lead items include the Main Rotor Drive Shaft, Composite Main Rotor Blade, Improved Drive System, and Composite Stabilator.</proc:Description>
                    <proc:APCostElementCategoryList>
                        <proc:Other>
                            <proc:APCostElement>
                                <proc:Name>CFE</proc:Name>
                                <proc:WhenRequiredInMonths>6</proc:WhenRequiredInMonths>
                                <proc:QuantityPerAssembly>26</proc:QuantityPerAssembly>
                                <proc:SCNProductionLeadtime>6</proc:SCNProductionLeadtime>
                                <proc:Cost>
                                    <proc:AllPriorYears>1814.203</proc:AllPriorYears>
                                    <proc:PriorYear>110.36</proc:PriorYear>
                                </proc:Cost>
                            </proc:APCostElement>
                            <proc:APCostElement>
                                <proc:Name>GFE</proc:Name>
                                <proc:WhenRequiredInMonths>6</proc:WhenRequiredInMonths>
                                <proc:QuantityPerAssembly>26</proc:QuantityPerAssembly>
                                <proc:SCNProductionLeadtime>6</proc:SCNProductionLeadtime>
                                <proc:Cost>
                                    <proc:AllPriorYears>480.221</proc:AllPriorYears>
                                </proc:Cost>
                            </proc:APCostElement>
                            <proc:CategorySubtotal>
                                <proc:AllPriorYears>2294.424</proc:AllPriorYears>
                                <proc:PriorYear>110.36</proc:PriorYear>
                            </proc:CategorySubtotal>
                        </proc:Other>
                    </proc:APCostElementCategoryList>
                </proc:P10AdvanceProcurement>
            </proc:P5Item>
        </proc:ItemExhibitList>
        <proc:DocumentAssemblyOptions>
            <proc:p40AItemScheduleSetting>item</proc:p40AItemScheduleSetting>
        </proc:DocumentAssemblyOptions>
    </proc:LineItem>
</proc:LineItemList>