<?xml version="1.0" encoding="UTF-8"?>
<proc:LineItemList xmlns:proc="http://www.dtic.mil/comptroller/xml/schema/20100219/procurement">
    <proc:LineItem quantityUnits="Each" quantityUnitName="Each" unitCostUnits="Thousands" totalCostUnits="Millions" manufacturerRateUnits="Monthly">
        <proc:LineItemNumber>6380AZ3110</proc:LineItemNumber>
        <proc:LineItemTitle>Aircrew Integrated Systems</proc:LineItemTitle>
        <proc:P1LineNumber>52</proc:P1LineNumber>
        <proc:BudgetYear>2026</proc:BudgetYear>
        <proc:BudgetCycle>PB</proc:BudgetCycle>
        <proc:SubmissionDate>2025-06</proc:SubmissionDate>
        <proc:ServiceAgencyName>Army</proc:ServiceAgencyName>
        <proc:AppropriationNumber>2031A</proc:AppropriationNumber>
        <proc:AppropriationTitle>Aircraft Procurement, Army</proc:AppropriationTitle>
        <proc:BudgetActivityNumber>4</proc:BudgetActivityNumber>
        <proc:BudgetActivityTitle>Support Equipment and Facilities</proc:BudgetActivityTitle>
        <proc:BudgetSubActivityNumber>30</proc:BudgetSubActivityNumber>
        <proc:BudgetSubActivityTitle>Other Support</proc:BudgetSubActivityTitle>
        <proc:ResourceSummary>
            <proc:TotalCost>
                <proc:AllPriorYears>1056.377</proc:AllPriorYears>
                <proc:PriorYear>22.097</proc:PriorYear>
                <proc:CurrentYear>14.478</proc:CurrentYear>
                <proc:BudgetYearOneBase>10.489</proc:BudgetYearOneBase>
                <proc:BudgetYearOneOOC>4.497</proc:BudgetYearOneOOC>
                <proc:BudgetYearOne>14.986</proc:BudgetYearOne>
            </proc:TotalCost>
            <proc:NetProcurementP1>
                <proc:AllPriorYears>1056.377</proc:AllPriorYears>
                <proc:PriorYear>22.097</proc:PriorYear>
                <proc:CurrentYear>14.478</proc:CurrentYear>
                <proc:BudgetYearOneBase>10.489</proc:BudgetYearOneBase>
                <proc:BudgetYearOneOOC>4.497</proc:BudgetYearOneOOC>
                <proc:BudgetYearOne>14.986</proc:BudgetYearOne>
            </proc:NetProcurementP1>
            <proc:TotalObligationAuthority>
                <proc:AllPriorYears>1056.377</proc:AllPriorYears>
                <proc:PriorYear>22.097</proc:PriorYear>
                <proc:CurrentYear>14.478</proc:CurrentYear>
                <proc:BudgetYearOneBase>10.489</proc:BudgetYearOneBase>
                <proc:BudgetYearOneOOC>4.497</proc:BudgetYearOneOOC>
                <proc:BudgetYearOne>14.986</proc:BudgetYearOne>
            </proc:TotalObligationAuthority>
        </proc:ResourceSummary>
        <proc:OtherRelatedProgramElementList>
            <proc:ProgramElementNumber>0603827A</proc:ProgramElementNumber>
            <proc:ProgramElementNumber>0604601A</proc:ProgramElementNumber>
        </proc:OtherRelatedProgramElementList>
        <proc:SecondaryDistribution>
            <proc:ComponentList>
                <proc:Component>
                    <proc:Name>Army Active</proc:Name>
                    <proc:Cost>
                        <proc:TotalCost>
                            <proc:PriorYear>12.123</proc:PriorYear>
                            <proc:CurrentYear>10.828</proc:CurrentYear>
                            <proc:BudgetYearOneBase>6.745</proc:BudgetYearOneBase>
                            <proc:BudgetYearOneOOC>3.081</proc:BudgetYearOneOOC>
                            <proc:BudgetYearOne>9.826</proc:BudgetYearOne>
                        </proc:TotalCost>
                    </proc:Cost>
                </proc:Component>
                <proc:Component>
                    <proc:Name>Army National Guard</proc:Name>
                    <proc:Cost>
                        <proc:TotalCost>
                            <proc:PriorYear>7.481</proc:PriorYear>
                            <proc:CurrentYear>2.738</proc:CurrentYear>
                            <proc:BudgetYearOneBase>2.808</proc:BudgetYearOneBase>
                            <proc:BudgetYearOneOOC>1.416</proc:BudgetYearOneOOC>
                            <proc:BudgetYearOne>4.224</proc:BudgetYearOne>
                        </proc:TotalCost>
                    </proc:Cost>
                </proc:Component>
                <proc:Component>
                    <proc:Name>Army Reserve</proc:Name>
                    <proc:Cost>
                        <proc:TotalCost>
                            <proc:PriorYear>2.493</proc:PriorYear>
                            <proc:CurrentYear>0.912</proc:CurrentYear>
                            <proc:BudgetYearOneBase>0.936</proc:BudgetYearOneBase>
                            <proc:BudgetYearOne>0.936</proc:BudgetYearOne>
                        </proc:TotalCost>
                    </proc:Cost>
                </proc:Component>
            </proc:ComponentList>
            <proc:TotalCost>
                <proc:TotalCost>
                    <proc:PriorYear>22.097</proc:PriorYear>
                    <proc:CurrentYear>14.478</proc:CurrentYear>
                    <proc:BudgetYearOneBase>10.489</proc:BudgetYearOneBase>
                    <proc:BudgetYearOneOOC>4.497</proc:BudgetYearOneOOC>
                    <proc:BudgetYearOne>14.986</proc:BudgetYearOne>
                </proc:TotalCost>
            </proc:TotalCost>
        </proc:SecondaryDistribution>
        <proc:Description>Aircrew Integrated Systems funds Air Soldier System (Air SS) Aviation Life Support Equipment efforts.  The Air Soldier system provides Army rotary wing aircrews with protective mission and survival equipment.  Air SS consists of clothing, individual equipment, and mission electronics integrated with the aircraft, enabling the aircrew member to successfully perform their missions while protecting, sustaining, and facilitating the safe return to friendly forces in the event of a downed aircraft scenario, all while providing a lethal aviation capability. Air SS is the phased replacement of the legacy Air Warrior (AW) system that addresses capability gaps while equipping Army aircrews with protective, survival, and personal mission equipment, including modernized mission electronics tools that improve aircrew Situational Awareness (SA) and reduced Soldier load through reductions in bulk and weight of mission and survival gear.

These efforts support targeted modernization of the enduring Aviation fleet.  Recent and future efforts are shifting from program- or platform-specific hardware and software solutions to common, integrated air and ground solutions that align with Network, Soldier Lethality, and Future Vertical Lift (FVL) modernization priorities.</proc:Description>
        <proc:Justification>FY 2026 Base procurement dollars in the amount of $10.489 million support Air SS requirements and continued production and fielding of Air SS capabilities to provide safety, sustainability, lethality, operations, and mission planning.  Air SS provides improved flight helmets; Nett Warrior-Aviation (NW-A) to replace paper DoD Flight Information Publications and aircraft publications and provide modernized Situational Awareness (SA) and enables air/ground convergence; improved personal survival equipment; Heads-up Display (HUD) which provides a wider field of view providing enhanced flight symbology for day/night operations on rotary wing aircraft; and the Aircrew Combat Equipment (ACE) provides integrated and ergonomic next-generation flight survival vest and reductions in Soldier-worn bulk and weight.  These capabilities reduce Soldier load and enhance SA, Safety, Survivability, and lethality.  Funds also procure Air Soldier platform-mounted components necessary for airframe interface with the Air Soldier and installation of airframe integration kits.

Overseas Operations Costs funds this requirement in the amount of $4.497 million for the FY 2026 Budget Estimate.  Overseas Operations Costs are those financed with funds from former Overseas Contingency Operations.  These funds support the procurement of NW-A, Rotary Wing Helmet (RWH), and ACE (including soft body armor inserts) capability utilized in support of organizations conducting ongoing contingency operations.

FY2025 to FY2026 procurement cost increase are due to the award of a competitive prime vendor contract. Prices and exercising option periods are based on actual cost.

The FY 2026 request was reduced by $0.127 million for Advisory and Assistance Services to promote efficiencies and advance the policies of the Administration in alignment with Executive Order 14222, "Implementing the President's Department of Government Efficiency Cost Efficiency Initiative."</proc:Justification>
        <proc:ItemExhibitList>
            <proc:P5Item>
                <proc:Name>Aircrew Integrated Systems</proc:Name>
                <proc:ItemNumber>AZ3110</proc:ItemNumber>
                <proc:SecondaryDistribution>
                    <proc:ComponentList>
                        <proc:Component>
                            <proc:Name>Army Active</proc:Name>
                            <proc:Cost>
                                <proc:TotalCost>
                                    <proc:PriorYear>12.123</proc:PriorYear>
                                    <proc:CurrentYear>10.828</proc:CurrentYear>
                                    <proc:BudgetYearOneBase>6.745</proc:BudgetYearOneBase>
                                    <proc:BudgetYearOneOOC>3.081</proc:BudgetYearOneOOC>
                                    <proc:BudgetYearOne>9.826</proc:BudgetYearOne>
                                </proc:TotalCost>
                            </proc:Cost>
                        </proc:Component>
                        <proc:Component>
                            <proc:Name>Army National Guard</proc:Name>
                            <proc:Cost>
                                <proc:TotalCost>
                                    <proc:PriorYear>7.481</proc:PriorYear>
                                    <proc:CurrentYear>2.738</proc:CurrentYear>
                                    <proc:BudgetYearOneBase>2.808</proc:BudgetYearOneBase>
                                    <proc:BudgetYearOneOOC>1.416</proc:BudgetYearOneOOC>
                                    <proc:BudgetYearOne>4.224</proc:BudgetYearOne>
                                </proc:TotalCost>
                            </proc:Cost>
                        </proc:Component>
                        <proc:Component>
                            <proc:Name>Army Reserve</proc:Name>
                            <proc:Cost>
                                <proc:TotalCost>
                                    <proc:PriorYear>2.493</proc:PriorYear>
                                    <proc:CurrentYear>0.912</proc:CurrentYear>
                                    <proc:BudgetYearOneBase>0.936</proc:BudgetYearOneBase>
                                    <proc:BudgetYearOne>0.936</proc:BudgetYearOne>
                                </proc:TotalCost>
                            </proc:Cost>
                        </proc:Component>
                    </proc:ComponentList>
                </proc:SecondaryDistribution>
                <proc:Remarks>Unit Cost changes across the years reflect the different mix of subsystem components procured each year.  The Air SS Soldier Kit component is the primary cost driver of the program, and fluctuations in quantities in a fiscal year can substantially change the overall program Unit Cost.  The Air SS Aircraft Kit subsystem components and associated platform installation costs comprise the other bulk of hardware procured under this program, which also affects the overall program Unit Cost based on the quantities procured.  The subsystem component quantities for each fiscal year are shown on the P-5 cost elements.

Subsystem component procurement quantities are as follows:
Air SS Combat Equipment 2,400; Rotary Wing Helmet 2,250; Nett Warrior -Aviation HW 2,352; Mission Planning Adapters 156

FY2025 to FY2026 procurement cost increase are due to the award of a competitive prime vendor contract. Prices and exercising option periods are based on actual cost.</proc:Remarks>
                <proc:ResourceSummary>
                    <proc:TotalCost>
                        <proc:AllPriorYears>1056.377</proc:AllPriorYears>
                        <proc:PriorYear>22.097</proc:PriorYear>
                        <proc:CurrentYear>14.478</proc:CurrentYear>
                        <proc:BudgetYearOneBase>10.489</proc:BudgetYearOneBase>
                        <proc:BudgetYearOneOOC>4.497</proc:BudgetYearOneOOC>
                        <proc:BudgetYearOne>14.986</proc:BudgetYearOne>
                    </proc:TotalCost>
                    <proc:NetProcurementP1>
                        <proc:AllPriorYears>1056.377</proc:AllPriorYears>
                        <proc:PriorYear>22.097</proc:PriorYear>
                        <proc:CurrentYear>14.478</proc:CurrentYear>
                        <proc:BudgetYearOneBase>10.489</proc:BudgetYearOneBase>
                        <proc:BudgetYearOneOOC>4.497</proc:BudgetYearOneOOC>
                        <proc:BudgetYearOne>14.986</proc:BudgetYearOne>
                    </proc:NetProcurementP1>
                    <proc:TotalObligationAuthority>
                        <proc:AllPriorYears>1056.377</proc:AllPriorYears>
                        <proc:PriorYear>22.097</proc:PriorYear>
                        <proc:CurrentYear>14.478</proc:CurrentYear>
                        <proc:BudgetYearOneBase>10.489</proc:BudgetYearOneBase>
                        <proc:BudgetYearOneOOC>4.497</proc:BudgetYearOneOOC>
                        <proc:BudgetYearOne>14.986</proc:BudgetYearOne>
                    </proc:TotalObligationAuthority>
                </proc:ResourceSummary>
                <proc:CostElementCategoryList>
                    <proc:Flyaway>
                        <proc:Recurring>
                            <proc:CostElementList>
                                <proc:CostElement>
                                    <proc:Name>Air SS Soldier Kits</proc:Name>
                                    <proc:Cost>
                                        <proc:Quantity>
                                            <proc:AllPriorYears>15441</proc:AllPriorYears>
                                            <proc:PriorYear>647</proc:PriorYear>
                                            <proc:CurrentYear>1342</proc:CurrentYear>
                                            <proc:BudgetYearOneBase>890</proc:BudgetYearOneBase>
                                            <proc:BudgetYearOneOOC>514</proc:BudgetYearOneOOC>
                                            <proc:BudgetYearOne>1404</proc:BudgetYearOne>
                                        </proc:Quantity>
                                        <proc:TotalCost>
                                            <proc:AllPriorYears>72.494</proc:AllPriorYears>
                                            <proc:PriorYear>3.939</proc:PriorYear>
                                            <proc:CurrentYear>11.568</proc:CurrentYear>
                                            <proc:BudgetYearOneBase>7.793</proc:BudgetYearOneBase>
                                            <proc:BudgetYearOneOOC>4.497</proc:BudgetYearOneOOC>
                                            <proc:BudgetYearOne>12.29</proc:BudgetYearOne>
                                        </proc:TotalCost>
                                        <proc:UnitCost>
                                            <proc:AllPriorYears>4.695</proc:AllPriorYears>
                                            <proc:PriorYear>6.088</proc:PriorYear>
                                            <proc:CurrentYear>8.62</proc:CurrentYear>
                                            <proc:BudgetYearOneBase>8.756</proc:BudgetYearOneBase>
                                            <proc:BudgetYearOneOOC>8.749</proc:BudgetYearOneOOC>
                                            <proc:BudgetYearOne>8.754</proc:BudgetYearOne>
                                        </proc:UnitCost>
                                    </proc:Cost>
                                </proc:CostElement>
                                <proc:CostElement>
                                    <proc:Name>Air Soldier System Airframe Kits</proc:Name>
                                    <proc:Cost>
                                        <proc:Quantity>
                                            <proc:AllPriorYears>1235</proc:AllPriorYears>
                                            <proc:PriorYear>34</proc:PriorYear>
                                        </proc:Quantity>
                                        <proc:TotalCost>
                                            <proc:AllPriorYears>173.7</proc:AllPriorYears>
                                            <proc:PriorYear>9.738</proc:PriorYear>
                                        </proc:TotalCost>
                                        <proc:UnitCost>
                                            <proc:AllPriorYears>140.648</proc:AllPriorYears>
                                            <proc:PriorYear>286.412</proc:PriorYear>
                                        </proc:UnitCost>
                                    </proc:Cost>
                                </proc:CostElement>
                                <proc:CostElement>
                                    <proc:Name>Airframe Kit Install</proc:Name>
                                    <proc:Cost>
                                        <proc:TotalCost>
                                            <proc:AllPriorYears>24.093</proc:AllPriorYears>
                                            <proc:PriorYear>1.73</proc:PriorYear>
                                        </proc:TotalCost>
                                    </proc:Cost>
                                </proc:CostElement>
                                <proc:CostElement>
                                    <proc:Name>Manual</proc:Name>
                                    <proc:Cost>
                                        <proc:TotalCost>
                                            <proc:AllPriorYears>15.232</proc:AllPriorYears>
                                            <proc:PriorYear>0.43</proc:PriorYear>
                                            <proc:CurrentYear>0.165</proc:CurrentYear>
                                            <proc:BudgetYearOneBase>0.173</proc:BudgetYearOneBase>
                                            <proc:BudgetYearOne>0.173</proc:BudgetYearOne>
                                        </proc:TotalCost>
                                    </proc:Cost>
                                </proc:CostElement>
                                <proc:CostElement>
                                    <proc:Name>New Equipment Training</proc:Name>
                                    <proc:Cost>
                                        <proc:TotalCost>
                                            <proc:AllPriorYears>6.615</proc:AllPriorYears>
                                            <proc:PriorYear>0.2</proc:PriorYear>
                                            <proc:CurrentYear>0.077</proc:CurrentYear>
                                            <proc:BudgetYearOneBase>0.081</proc:BudgetYearOneBase>
                                            <proc:BudgetYearOne>0.081</proc:BudgetYearOne>
                                        </proc:TotalCost>
                                    </proc:Cost>
                                </proc:CostElement>
                                <proc:CostElement>
                                    <proc:Name>Initial Spares</proc:Name>
                                    <proc:Cost>
                                        <proc:TotalCost>
                                            <proc:AllPriorYears>18.654</proc:AllPriorYears>
                                            <proc:PriorYear>1.184</proc:PriorYear>
                                            <proc:CurrentYear>0.304</proc:CurrentYear>
                                            <proc:BudgetYearOneBase>0.318</proc:BudgetYearOneBase>
                                            <proc:BudgetYearOne>0.318</proc:BudgetYearOne>
                                        </proc:TotalCost>
                                    </proc:Cost>
                                </proc:CostElement>
                                <proc:CostElement>
                                    <proc:Name>Support Equipment</proc:Name>
                                    <proc:Cost>
                                        <proc:TotalCost>
                                            <proc:AllPriorYears>10.728</proc:AllPriorYears>
                                            <proc:PriorYear>0.1</proc:PriorYear>
                                            <proc:CurrentYear>0.038</proc:CurrentYear>
                                            <proc:BudgetYearOneBase>0.04</proc:BudgetYearOneBase>
                                            <proc:BudgetYearOne>0.04</proc:BudgetYearOne>
                                        </proc:TotalCost>
                                    </proc:Cost>
                                </proc:CostElement>
                                <proc:CostElement>
                                    <proc:Name>Systems Test and Evaluation</proc:Name>
                                    <proc:Cost>
                                        <proc:TotalCost>
                                            <proc:AllPriorYears>17.403</proc:AllPriorYears>
                                        </proc:TotalCost>
                                    </proc:Cost>
                                </proc:CostElement>
                                <proc:CostElement>
                                    <proc:Name>Nonrecurring Engineering (NRE)</proc:Name>
                                    <proc:Cost>
                                        <proc:TotalCost>
                                            <proc:AllPriorYears>36.102</proc:AllPriorYears>
                                            <proc:PriorYear>0.161</proc:PriorYear>
                                            <proc:CurrentYear>0.062</proc:CurrentYear>
                                            <proc:BudgetYearOneBase>0.065</proc:BudgetYearOneBase>
                                            <proc:BudgetYearOne>0.065</proc:BudgetYearOne>
                                        </proc:TotalCost>
                                    </proc:Cost>
                                </proc:CostElement>
                                <proc:CostElement>
                                    <proc:Name>Engineering Changes</proc:Name>
                                    <proc:Cost>
                                        <proc:TotalCost>
                                            <proc:AllPriorYears>14.801</proc:AllPriorYears>
                                            <proc:PriorYear>0.141</proc:PriorYear>
                                            <proc:CurrentYear>0.054</proc:CurrentYear>
                                            <proc:BudgetYearOneBase>0.056</proc:BudgetYearOneBase>
                                            <proc:BudgetYearOne>0.056</proc:BudgetYearOne>
                                        </proc:TotalCost>
                                    </proc:Cost>
                                </proc:CostElement>
                                <proc:CostElement>
                                    <proc:Name>Systems Integration Engineering</proc:Name>
                                    <proc:Cost>
                                        <proc:TotalCost>
                                            <proc:AllPriorYears>13.413</proc:AllPriorYears>
                                            <proc:PriorYear>0.656</proc:PriorYear>
                                            <proc:CurrentYear>0.112</proc:CurrentYear>
                                            <proc:BudgetYearOneBase>0.117</proc:BudgetYearOneBase>
                                            <proc:BudgetYearOne>0.117</proc:BudgetYearOne>
                                        </proc:TotalCost>
                                    </proc:Cost>
                                </proc:CostElement>
                                <proc:CostElement>
                                    <proc:Name>Program Management &amp; Matrix Support</proc:Name>
                                    <proc:Cost>
                                        <proc:TotalCost>
                                            <proc:AllPriorYears>54.003</proc:AllPriorYears>
                                            <proc:PriorYear>2.18</proc:PriorYear>
                                            <proc:CurrentYear>1.44</proc:CurrentYear>
                                            <proc:BudgetYearOneBase>1.158</proc:BudgetYearOneBase>
                                            <proc:BudgetYearOne>1.158</proc:BudgetYearOne>
                                        </proc:TotalCost>
                                    </proc:Cost>
                                </proc:CostElement>
                                <proc:CostElement>
                                    <proc:Name>Total Package Fielding</proc:Name>
                                    <proc:Cost>
                                        <proc:TotalCost>
                                            <proc:AllPriorYears>6.447</proc:AllPriorYears>
                                            <proc:PriorYear>1.517</proc:PriorYear>
                                            <proc:CurrentYear>0.612</proc:CurrentYear>
                                            <proc:BudgetYearOneBase>0.64</proc:BudgetYearOneBase>
                                            <proc:BudgetYearOne>0.64</proc:BudgetYearOne>
                                        </proc:TotalCost>
                                    </proc:Cost>
                                </proc:CostElement>
                                <proc:CostElement>
                                    <proc:Name>Contract Logistics Support</proc:Name>
                                    <proc:Cost>
                                        <proc:TotalCost>
                                            <proc:AllPriorYears>9.833</proc:AllPriorYears>
                                            <proc:PriorYear>0.121</proc:PriorYear>
                                            <proc:CurrentYear>0.046</proc:CurrentYear>
                                            <proc:BudgetYearOneBase>0.048</proc:BudgetYearOneBase>
                                            <proc:BudgetYearOne>0.048</proc:BudgetYearOne>
                                        </proc:TotalCost>
                                    </proc:Cost>
                                </proc:CostElement>
                                <proc:CostElement>
                                    <proc:Name>Air Warrior ECPs Supporting Air SS Rqmts</proc:Name>
                                    <proc:Cost>
                                        <proc:TotalCost>
                                            <proc:AllPriorYears>18.158</proc:AllPriorYears>
                                        </proc:TotalCost>
                                    </proc:Cost>
                                </proc:CostElement>
                            </proc:CostElementList>
                            <proc:CategorySubtotal>
                                <proc:TotalCost>
                                    <proc:AllPriorYears>491.676</proc:AllPriorYears>
                                    <proc:PriorYear>22.097</proc:PriorYear>
                                    <proc:CurrentYear>14.478</proc:CurrentYear>
                                    <proc:BudgetYearOneBase>10.489</proc:BudgetYearOneBase>
                                    <proc:BudgetYearOneOOC>4.497</proc:BudgetYearOneOOC>
                                    <proc:BudgetYearOne>14.986</proc:BudgetYearOne>
                                </proc:TotalCost>
                            </proc:CategorySubtotal>
                        </proc:Recurring>
                        <proc:NonRecurring>
                            <proc:CostElementList>
                                <proc:CostElement>
                                    <proc:Name>Legacy/Air Wrrior Costs</proc:Name>
                                    <proc:Cost>
                                        <proc:TotalCost>
                                            <proc:AllPriorYears>564.701</proc:AllPriorYears>
                                        </proc:TotalCost>
                                    </proc:Cost>
                                </proc:CostElement>
                            </proc:CostElementList>
                            <proc:CategorySubtotal>
                                <proc:TotalCost>
                                    <proc:AllPriorYears>564.701</proc:AllPriorYears>
                                </proc:TotalCost>
                            </proc:CategorySubtotal>
                        </proc:NonRecurring>
                        <proc:CategorySubtotal>
                            <proc:TotalCost>
                                <proc:AllPriorYears>1056.377</proc:AllPriorYears>
                                <proc:PriorYear>22.097</proc:PriorYear>
                                <proc:CurrentYear>14.478</proc:CurrentYear>
                                <proc:BudgetYearOneBase>10.489</proc:BudgetYearOneBase>
                                <proc:BudgetYearOneOOC>4.497</proc:BudgetYearOneOOC>
                                <proc:BudgetYearOne>14.986</proc:BudgetYearOne>
                            </proc:TotalCost>
                        </proc:CategorySubtotal>
                    </proc:Flyaway>
                </proc:CostElementCategoryList>
            </proc:P5Item>
        </proc:ItemExhibitList>
        <proc:DocumentAssemblyOptions>
            <proc:p40AItemScheduleSetting>item</proc:p40AItemScheduleSetting>
        </proc:DocumentAssemblyOptions>
    </proc:LineItem>
</proc:LineItemList>