<?xml version="1.0" encoding="UTF-8"?>
<proc:LineItemList xmlns:proc="http://www.dtic.mil/comptroller/xml/schema/20100219/procurement">
    <proc:LineItem quantityUnits="Each" quantityUnitName="Each" unitCostUnits="Thousands" totalCostUnits="Millions" manufacturerRateUnits="Yearly">
        <proc:LineItemNumber>6771AA0005</proc:LineItemNumber>
        <proc:LineItemTitle>UH-60 Blackhawk M Model (MYP)</proc:LineItemTitle>
        <proc:P1LineNumber>13</proc:P1LineNumber>
        <proc:BudgetYear>2026</proc:BudgetYear>
        <proc:BudgetCycle>PB</proc:BudgetCycle>
        <proc:SubmissionDate>2025-06</proc:SubmissionDate>
        <proc:ServiceAgencyName>Army</proc:ServiceAgencyName>
        <proc:AppropriationNumber>2031A</proc:AppropriationNumber>
        <proc:AppropriationTitle>Aircraft Procurement, Army</proc:AppropriationTitle>
        <proc:BudgetActivityNumber>1</proc:BudgetActivityNumber>
        <proc:BudgetActivityTitle>Aircraft</proc:BudgetActivityTitle>
        <proc:BudgetSubActivityNumber>20</proc:BudgetSubActivityNumber>
        <proc:BudgetSubActivityTitle>Rotary</proc:BudgetSubActivityTitle>
        <proc:ResourceSummary>
            <proc:Quantity>
                <proc:AllPriorYears>1231</proc:AllPriorYears>
                <proc:PriorYear>26</proc:PriorYear>
                <proc:CurrentYear>26</proc:CurrentYear>
                <proc:BudgetYearOneBase>24</proc:BudgetYearOneBase>
                <proc:BudgetYearOne>24</proc:BudgetYearOne>
            </proc:Quantity>
            <proc:TotalCost>
                <proc:AllPriorYears>23306.795</proc:AllPriorYears>
                <proc:PriorYear>796.405</proc:PriorYear>
                <proc:CurrentYear>861.548</proc:CurrentYear>
                <proc:BudgetYearOneBase>790.23</proc:BudgetYearOneBase>
                <proc:BudgetYearOne>790.23</proc:BudgetYearOne>
            </proc:TotalCost>
            <proc:UnitCost>
                <proc:AllPriorYears>18933.221</proc:AllPriorYears>
                <proc:PriorYear>30630.962</proc:PriorYear>
                <proc:CurrentYear>33136.462</proc:CurrentYear>
                <proc:BudgetYearOneBase>32926.25</proc:BudgetYearOneBase>
                <proc:BudgetYearOne>32926.25</proc:BudgetYearOne>
            </proc:UnitCost>
            <proc:PYAdvanceProcurement>
                <proc:AllPriorYears>4604.724</proc:AllPriorYears>
                <proc:PriorYear>68.147</proc:PriorYear>
                <proc:CurrentYear>92.494</proc:CurrentYear>
                <proc:BudgetYearOneBase>58.17</proc:BudgetYearOneBase>
                <proc:BudgetYearOne>58.17</proc:BudgetYearOne>
            </proc:PYAdvanceProcurement>
            <proc:NetProcurementP1>
                <proc:AllPriorYears>18702.071</proc:AllPriorYears>
                <proc:PriorYear>728.258</proc:PriorYear>
                <proc:CurrentYear>769.054</proc:CurrentYear>
                <proc:BudgetYearOneBase>732.06</proc:BudgetYearOneBase>
                <proc:BudgetYearOne>732.06</proc:BudgetYearOne>
            </proc:NetProcurementP1>
            <proc:CYAdvanceProcurement>
                <proc:AllPriorYears>4672.871</proc:AllPriorYears>
                <proc:PriorYear>92.494</proc:PriorYear>
                <proc:CurrentYear>58.17</proc:CurrentYear>
            </proc:CYAdvanceProcurement>
            <proc:TotalObligationAuthority>
                <proc:AllPriorYears>23374.942</proc:AllPriorYears>
                <proc:PriorYear>820.752</proc:PriorYear>
                <proc:CurrentYear>827.224</proc:CurrentYear>
                <proc:BudgetYearOneBase>732.06</proc:BudgetYearOneBase>
                <proc:BudgetYearOne>732.06</proc:BudgetYearOne>
            </proc:TotalObligationAuthority>
        </proc:ResourceSummary>
        <proc:SecondaryDistribution>
            <proc:ComponentList>
                <proc:Component>
                    <proc:Name>Army Active</proc:Name>
                    <proc:Cost>
                        <proc:Quantity>
                            <proc:PriorYear>1</proc:PriorYear>
                            <proc:CurrentYear>9</proc:CurrentYear>
                            <proc:BudgetYearOneBase>18</proc:BudgetYearOneBase>
                            <proc:BudgetYearOne>18</proc:BudgetYearOne>
                        </proc:Quantity>
                        <proc:TotalCost>
                            <proc:PriorYear>30.351</proc:PriorYear>
                            <proc:CurrentYear>277.111</proc:CurrentYear>
                            <proc:BudgetYearOneBase>544.25</proc:BudgetYearOneBase>
                            <proc:BudgetYearOne>544.25</proc:BudgetYearOne>
                        </proc:TotalCost>
                    </proc:Cost>
                </proc:Component>
                <proc:Component>
                    <proc:Name>Army National Guard</proc:Name>
                    <proc:Cost>
                        <proc:Quantity>
                            <proc:PriorYear>25</proc:PriorYear>
                            <proc:CurrentYear>17</proc:CurrentYear>
                            <proc:BudgetYearOneBase>6</proc:BudgetYearOneBase>
                            <proc:BudgetYearOne>6</proc:BudgetYearOne>
                        </proc:Quantity>
                        <proc:TotalCost>
                            <proc:PriorYear>790.401</proc:PriorYear>
                            <proc:CurrentYear>550.113</proc:CurrentYear>
                            <proc:BudgetYearOneBase>187.81</proc:BudgetYearOneBase>
                            <proc:BudgetYearOne>187.81</proc:BudgetYearOne>
                        </proc:TotalCost>
                    </proc:Cost>
                </proc:Component>
            </proc:ComponentList>
            <proc:TotalCost>
                <proc:Quantity>
                    <proc:PriorYear>26</proc:PriorYear>
                    <proc:CurrentYear>26</proc:CurrentYear>
                    <proc:BudgetYearOneBase>24</proc:BudgetYearOneBase>
                    <proc:BudgetYearOne>24</proc:BudgetYearOne>
                </proc:Quantity>
                <proc:TotalCost>
                    <proc:PriorYear>820.752</proc:PriorYear>
                    <proc:CurrentYear>827.224</proc:CurrentYear>
                    <proc:BudgetYearOneBase>732.06</proc:BudgetYearOneBase>
                    <proc:BudgetYearOne>732.06</proc:BudgetYearOne>
                </proc:TotalCost>
            </proc:TotalCost>
        </proc:SecondaryDistribution>
        <proc:Description>The Utility Helicopter (UH)-60M Black Hawk Helicopter serves as the Army's utility helicopter for the near and midterm force and is in line with the Army's Modernization Strategy, the National Military Strategy, and the National Defense Strategy.  The UH-60M Black Hawk is a digital networked platform with greater range and lift to support maneuver Commanders through air assault, general support command and control, and aeromedical evacuation.  Full rate production for this new build helicopter began in 2007.  The current UH-60 Army Acquisition Objective (AAO) is 1978 which will be obtained by continued procurement of UH-60M. The HH-60M is a version of the UH-60M that includes an integrated Medical Evacuation (MEDEVAC) Mission Equipment Package (MEP).  The HH-60M provides the joint services with an aeromedical evacuation capability enabling the Critical Care Flight Paramedic (CCFP) to provide lifesaving, enroute medical treatment to casualties who have suffered survivable wounds. Aeromedical evacuation builds the morale of the warfighter while clearing the battlefield allowing the tactical commander to continue the mission.</proc:Description>
        <proc:Justification>FY 2026 Base procurement dollars in the amount of $732.060 million supports the procurement of 24 Aircraft (A/C) (9 UH-60M and 15 HH-60M) as part of the Multi-Year X (MYX) contract.

The FY 2026 request was reduced by $8.898 million for Advisory and Assistance Services to promote efficiencies and advance the policies of the Administration in alignment with Executive Order 14222, "Implementing the President's Department of Government Efficiency Cost Efficiency Initiative."

In accordance with section 1815 of the FY 2008 NDAA (Public Law (P.L.) 110-181), this item is necessary for use by the active and reserve components of the Armed Forces for homeland defense missions, domestic emergency responses and providing military support to civil authorities.

UH-60 Blackhawk M Model (MYP) is part of the Army Transformation Initiative</proc:Justification>
        <proc:AdvanceProcurement>
            <proc:P1LineNumber>14</proc:P1LineNumber>
            <proc:Description>The Advance Procurement (AP) for the UH-60M Black Hawk is separated into two main components: 1. Government Furnished Equipment (GFE) and 2. Contractor Furnished Equipment (CFE).  

1.  The GFE AP includes turbo-shaft engines, multi-function displays, Embedded Global Positioning System Inertial Navigation System (EGI), Heads Up Display (HUD) Aviation Night Vision Imaging System (AN/AVS-7) communication and navigation avionics, radios, antennas, radio receiver transmitters, speech security equipment, UH-60M and MEDEVAC flyaway equipment.  These GFE components are UH-60M direct procurement items.  The GFE AP provided by PM Aviation Mission Systems and Architecture (AMSA) includes the AN/ARC-231 receiver/transmitter, Improved Data Modem (IDM), and signal comparator.

2. The CFE AP includes long lead material, parts, components, any potential termination liability cost, and effort for long lead items to maintain production schedule. Efforts include but are not limited to provisioning, material handling, component assembly, and direct labor.</proc:Description>
            <proc:Justification>Current available funds may be utilized to procure long lead items in support of UH-60M continued production.</proc:Justification>
        </proc:AdvanceProcurement>
        <proc:ItemExhibitList>
            <proc:P5Item>
                <proc:Name>UH-60 BLACK HAWK (MYP)</proc:Name>
                <proc:ItemNumber>A05002</proc:ItemNumber>
                <proc:SecondaryDistribution>
                    <proc:ComponentList>
                        <proc:Component>
                            <proc:Name>Army Active</proc:Name>
                            <proc:Cost>
                                <proc:Quantity>
                                    <proc:PriorYear>1</proc:PriorYear>
                                    <proc:CurrentYear>9</proc:CurrentYear>
                                    <proc:BudgetYearOneBase>18</proc:BudgetYearOneBase>
                                    <proc:BudgetYearOne>18</proc:BudgetYearOne>
                                </proc:Quantity>
                                <proc:TotalCost>
                                    <proc:PriorYear>30.351</proc:PriorYear>
                                    <proc:CurrentYear>277.111</proc:CurrentYear>
                                    <proc:BudgetYearOneBase>544.25</proc:BudgetYearOneBase>
                                    <proc:BudgetYearOne>544.25</proc:BudgetYearOne>
                                </proc:TotalCost>
                            </proc:Cost>
                        </proc:Component>
                        <proc:Component>
                            <proc:Name>Army National Guard</proc:Name>
                            <proc:Cost>
                                <proc:Quantity>
                                    <proc:PriorYear>25</proc:PriorYear>
                                    <proc:CurrentYear>17</proc:CurrentYear>
                                    <proc:BudgetYearOneBase>6</proc:BudgetYearOneBase>
                                    <proc:BudgetYearOne>6</proc:BudgetYearOne>
                                </proc:Quantity>
                                <proc:TotalCost>
                                    <proc:PriorYear>790.401</proc:PriorYear>
                                    <proc:CurrentYear>550.113</proc:CurrentYear>
                                    <proc:BudgetYearOneBase>187.81</proc:BudgetYearOneBase>
                                    <proc:BudgetYearOne>187.81</proc:BudgetYearOne>
                                </proc:TotalCost>
                            </proc:Cost>
                        </proc:Component>
                    </proc:ComponentList>
                </proc:SecondaryDistribution>
                <proc:Remarks>FY 2024 Appropriations Conference Mark included 2 additional UH A/C, an increase of $60 million to procure 2 UH-60M A/C for the Army National Guard (ARNG), increasing the total to 26 A/C for FY 2024.</proc:Remarks>
                <proc:ResourceSummary>
                    <proc:Quantity>
                        <proc:AllPriorYears>1231</proc:AllPriorYears>
                        <proc:PriorYear>26</proc:PriorYear>
                        <proc:CurrentYear>26</proc:CurrentYear>
                        <proc:BudgetYearOneBase>24</proc:BudgetYearOneBase>
                        <proc:BudgetYearOne>24</proc:BudgetYearOne>
                    </proc:Quantity>
                    <proc:TotalCost>
                        <proc:AllPriorYears>23306.795</proc:AllPriorYears>
                        <proc:PriorYear>796.405</proc:PriorYear>
                        <proc:CurrentYear>861.548</proc:CurrentYear>
                        <proc:BudgetYearOneBase>790.23</proc:BudgetYearOneBase>
                        <proc:BudgetYearOne>790.23</proc:BudgetYearOne>
                    </proc:TotalCost>
                    <proc:UnitCost>
                        <proc:AllPriorYears>18933.221</proc:AllPriorYears>
                        <proc:PriorYear>30630.962</proc:PriorYear>
                        <proc:CurrentYear>33136.462</proc:CurrentYear>
                        <proc:BudgetYearOneBase>32926.25</proc:BudgetYearOneBase>
                        <proc:BudgetYearOne>32926.25</proc:BudgetYearOne>
                    </proc:UnitCost>
                    <proc:PYAdvanceProcurement>
                        <proc:AllPriorYears>4604.724</proc:AllPriorYears>
                        <proc:PriorYear>68.147</proc:PriorYear>
                        <proc:CurrentYear>92.494</proc:CurrentYear>
                        <proc:BudgetYearOneBase>58.17</proc:BudgetYearOneBase>
                        <proc:BudgetYearOne>58.17</proc:BudgetYearOne>
                    </proc:PYAdvanceProcurement>
                    <proc:NetProcurementP1>
                        <proc:AllPriorYears>18702.071</proc:AllPriorYears>
                        <proc:PriorYear>728.258</proc:PriorYear>
                        <proc:CurrentYear>769.054</proc:CurrentYear>
                        <proc:BudgetYearOneBase>732.06</proc:BudgetYearOneBase>
                        <proc:BudgetYearOne>732.06</proc:BudgetYearOne>
                    </proc:NetProcurementP1>
                    <proc:CYAdvanceProcurement>
                        <proc:AllPriorYears>4672.871</proc:AllPriorYears>
                        <proc:PriorYear>92.494</proc:PriorYear>
                        <proc:CurrentYear>58.17</proc:CurrentYear>
                    </proc:CYAdvanceProcurement>
                    <proc:TotalObligationAuthority>
                        <proc:AllPriorYears>23374.942</proc:AllPriorYears>
                        <proc:PriorYear>820.752</proc:PriorYear>
                        <proc:CurrentYear>827.224</proc:CurrentYear>
                        <proc:BudgetYearOneBase>732.06</proc:BudgetYearOneBase>
                        <proc:BudgetYearOne>732.06</proc:BudgetYearOne>
                    </proc:TotalObligationAuthority>
                </proc:ResourceSummary>
                <proc:CostElementCategoryList>
                    <proc:Flyaway>
                        <proc:Recurring>
                            <proc:CostElementList>
                                <proc:CostElement>
                                    <proc:Name>Airframes/CFE</proc:Name>
                                    <proc:Cost>
                                        <proc:Quantity>
                                            <proc:AllPriorYears>1235</proc:AllPriorYears>
                                            <proc:PriorYear>26</proc:PriorYear>
                                            <proc:CurrentYear>26</proc:CurrentYear>
                                            <proc:BudgetYearOneBase>24</proc:BudgetYearOneBase>
                                            <proc:BudgetYearOne>24</proc:BudgetYearOne>
                                        </proc:Quantity>
                                        <proc:TotalCost>
                                            <proc:AllPriorYears>16046.816</proc:AllPriorYears>
                                            <proc:PriorYear>550.662</proc:PriorYear>
                                            <proc:CurrentYear>582.309</proc:CurrentYear>
                                            <proc:BudgetYearOneBase>512.354</proc:BudgetYearOneBase>
                                            <proc:BudgetYearOne>512.354</proc:BudgetYearOne>
                                        </proc:TotalCost>
                                        <proc:UnitCost>
                                            <proc:AllPriorYears>12993.373</proc:AllPriorYears>
                                            <proc:PriorYear>21179.308</proc:PriorYear>
                                            <proc:CurrentYear>22396.5</proc:CurrentYear>
                                            <proc:BudgetYearOneBase>21348.083</proc:BudgetYearOneBase>
                                            <proc:BudgetYearOne>21348.083</proc:BudgetYearOne>
                                        </proc:UnitCost>
                                    </proc:Cost>
                                    <proc:AllPriorYearsDeliveries>1169</proc:AllPriorYearsDeliveries>
                                    <proc:ManufacturerList>
                                        <proc:Manufacturer>
                                            <proc:Name>Sikorsky Aircraft</proc:Name>
                                            <proc:Location>Stratford CT</proc:Location>
                                            <proc:MinimumSustainingRate>18</proc:MinimumSustainingRate>
                                            <proc:MaximumProductionRate>72</proc:MaximumProductionRate>
                                            <proc:Rate185>72</proc:Rate185>
                                            <proc:InitialQuantity>
                                                <proc:AdminLeadTimeBeforeOct1InMonths>8</proc:AdminLeadTimeBeforeOct1InMonths>
                                                <proc:AdminLeadTimeAfterOct1InMonths>3</proc:AdminLeadTimeAfterOct1InMonths>
                                                <proc:ProductionLeadTimeAfterOct1InMonths>6</proc:ProductionLeadTimeAfterOct1InMonths>
                                                <proc:TotalLeadTimeAfterOct1InMonths>9</proc:TotalLeadTimeAfterOct1InMonths>
                                            </proc:InitialQuantity>
                                            <proc:ReorderQuantity>
                                                <proc:AdminLeadTimeBeforeOct1InMonths>0</proc:AdminLeadTimeBeforeOct1InMonths>
                                                <proc:AdminLeadTimeAfterOct1InMonths>3</proc:AdminLeadTimeAfterOct1InMonths>
                                                <proc:ProductionLeadTimeAfterOct1InMonths>6</proc:ProductionLeadTimeAfterOct1InMonths>
                                                <proc:TotalLeadTimeAfterOct1InMonths>9</proc:TotalLeadTimeAfterOct1InMonths>
                                            </proc:ReorderQuantity>
                                            <proc:HistoryPlanningList>
                                                <proc:HistoryPlanning>
                                                    <proc:FiscalYear>2022</proc:FiscalYear>
                                                    <proc:PCOLocation>ACC-Redstone</proc:PCOLocation>
                                                    <proc:AwardDate>2021-12</proc:AwardDate>
                                                    <proc:FirstDeliveryDate>2022-07</proc:FirstDeliveryDate>
                                                    <proc:Quantity>31</proc:Quantity>
                                                    <proc:UnitCost>20616.226</proc:UnitCost>
                                                    <proc:SpecsAvailableNow>true</proc:SpecsAvailableNow>
                                                    <proc:RFPIssueDate>2018-08</proc:RFPIssueDate>
                                                    <proc:ContractMethod>SS</proc:ContractMethod>
                                                    <proc:ContractType>FFP</proc:ContractType>
                                                    <proc:MonthlyDeliveryScheduleList>
                                                        <proc:MonthlyDeliverySchedule>
                                                            <proc:ServiceAgencyName>Army</proc:ServiceAgencyName>
                                                            <proc:ProcQuantity>31</proc:ProcQuantity>
                                                            <proc:MonthlyDeliveryList>
                                                                <proc:MonthlyDelivery>
                                                                    <proc:Month>2022-07</proc:Month>
                                                                    <proc:Amount>2</proc:Amount>
                                                                </proc:MonthlyDelivery>
                                                                <proc:MonthlyDelivery>
                                                                    <proc:Month>2022-08</proc:Month>
                                                                    <proc:Amount>2</proc:Amount>
                                                                </proc:MonthlyDelivery>
                                                                <proc:MonthlyDelivery>
                                                                    <proc:Month>2022-09</proc:Month>
                                                                    <proc:Amount>2</proc:Amount>
                                                                </proc:MonthlyDelivery>
                                                                <proc:MonthlyDelivery>
                                                                    <proc:Month>2022-10</proc:Month>
                                                                    <proc:Amount>2</proc:Amount>
                                                                </proc:MonthlyDelivery>
                                                                <proc:MonthlyDelivery>
                                                                    <proc:Month>2022-11</proc:Month>
                                                                    <proc:Amount>2</proc:Amount>
                                                                </proc:MonthlyDelivery>
                                                                <proc:MonthlyDelivery>
                                                                    <proc:Month>2022-12</proc:Month>
                                                                    <proc:Amount>3</proc:Amount>
                                                                </proc:MonthlyDelivery>
                                                                <proc:MonthlyDelivery>
                                                                    <proc:Month>2023-01</proc:Month>
                                                                    <proc:Amount>3</proc:Amount>
                                                                </proc:MonthlyDelivery>
                                                                <proc:MonthlyDelivery>
                                                                    <proc:Month>2023-02</proc:Month>
                                                                    <proc:Amount>3</proc:Amount>
                                                                </proc:MonthlyDelivery>
                                                                <proc:MonthlyDelivery>
                                                                    <proc:Month>2023-03</proc:Month>
                                                                    <proc:Amount>3</proc:Amount>
                                                                </proc:MonthlyDelivery>
                                                                <proc:MonthlyDelivery>
                                                                    <proc:Month>2023-04</proc:Month>
                                                                    <proc:Amount>3</proc:Amount>
                                                                </proc:MonthlyDelivery>
                                                                <proc:MonthlyDelivery>
                                                                    <proc:Month>2023-05</proc:Month>
                                                                    <proc:Amount>3</proc:Amount>
                                                                </proc:MonthlyDelivery>
                                                                <proc:MonthlyDelivery>
                                                                    <proc:Month>2023-06</proc:Month>
                                                                    <proc:Amount>3</proc:Amount>
                                                                </proc:MonthlyDelivery>
                                                            </proc:MonthlyDeliveryList>
                                                        </proc:MonthlyDeliverySchedule>
                                                    </proc:MonthlyDeliveryScheduleList>
                                                    <proc:MonthlyDeliveryScheduleTotal>
                                                        <proc:ProcQuantity>31</proc:ProcQuantity>
                                                        <proc:MonthlyDeliveryList>
                                                            <proc:MonthlyDelivery>
                                                                <proc:Month>2022-07</proc:Month>
                                                                <proc:Amount>2</proc:Amount>
                                                            </proc:MonthlyDelivery>
                                                            <proc:MonthlyDelivery>
                                                                <proc:Month>2022-08</proc:Month>
                                                                <proc:Amount>2</proc:Amount>
                                                            </proc:MonthlyDelivery>
                                                            <proc:MonthlyDelivery>
                                                                <proc:Month>2022-09</proc:Month>
                                                                <proc:Amount>2</proc:Amount>
                                                            </proc:MonthlyDelivery>
                                                            <proc:MonthlyDelivery>
                                                                <proc:Month>2022-10</proc:Month>
                                                                <proc:Amount>2</proc:Amount>
                                                            </proc:MonthlyDelivery>
                                                            <proc:MonthlyDelivery>
                                                                <proc:Month>2022-11</proc:Month>
                                                                <proc:Amount>2</proc:Amount>
                                                            </proc:MonthlyDelivery>
                                                            <proc:MonthlyDelivery>
                                                                <proc:Month>2022-12</proc:Month>
                                                                <proc:Amount>3</proc:Amount>
                                                            </proc:MonthlyDelivery>
                                                            <proc:MonthlyDelivery>
                                                                <proc:Month>2023-01</proc:Month>
                                                                <proc:Amount>3</proc:Amount>
                                                            </proc:MonthlyDelivery>
                                                            <proc:MonthlyDelivery>
                                                                <proc:Month>2023-02</proc:Month>
                                                                <proc:Amount>3</proc:Amount>
                                                            </proc:MonthlyDelivery>
                                                            <proc:MonthlyDelivery>
                                                                <proc:Month>2023-03</proc:Month>
                                                                <proc:Amount>3</proc:Amount>
                                                            </proc:MonthlyDelivery>
                                                            <proc:MonthlyDelivery>
                                                                <proc:Month>2023-04</proc:Month>
                                                                <proc:Amount>3</proc:Amount>
                                                            </proc:MonthlyDelivery>
                                                            <proc:MonthlyDelivery>
                                                                <proc:Month>2023-05</proc:Month>
                                                                <proc:Amount>3</proc:Amount>
                                                            </proc:MonthlyDelivery>
                                                            <proc:MonthlyDelivery>
                                                                <proc:Month>2023-06</proc:Month>
                                                                <proc:Amount>3</proc:Amount>
                                                            </proc:MonthlyDelivery>
                                                        </proc:MonthlyDeliveryList>
                                                    </proc:MonthlyDeliveryScheduleTotal>
                                                </proc:HistoryPlanning>
                                                <proc:HistoryPlanning>
                                                    <proc:FiscalYear>2023</proc:FiscalYear>
                                                    <proc:PCOLocation>ACC-Redstone</proc:PCOLocation>
                                                    <proc:AwardDate>2022-12</proc:AwardDate>
                                                    <proc:FirstDeliveryDate>2023-07</proc:FirstDeliveryDate>
                                                    <proc:Quantity>35</proc:Quantity>
                                                    <proc:UnitCost>21792.886</proc:UnitCost>
                                                    <proc:SpecsAvailableNow>true</proc:SpecsAvailableNow>
                                                    <proc:RFPIssueDate>2018-08</proc:RFPIssueDate>
                                                    <proc:ContractMethod>SS</proc:ContractMethod>
                                                    <proc:ContractType>FFP</proc:ContractType>
                                                    <proc:MonthlyDeliveryScheduleList>
                                                        <proc:MonthlyDeliverySchedule>
                                                            <proc:ServiceAgencyName>Army</proc:ServiceAgencyName>
                                                            <proc:ProcQuantity>35</proc:ProcQuantity>
                                                            <proc:MonthlyDeliveryList>
                                                                <proc:MonthlyDelivery>
                                                                    <proc:Month>2023-07</proc:Month>
                                                                    <proc:Amount>3</proc:Amount>
                                                                </proc:MonthlyDelivery>
                                                                <proc:MonthlyDelivery>
                                                                    <proc:Month>2023-08</proc:Month>
                                                                    <proc:Amount>3</proc:Amount>
                                                                </proc:MonthlyDelivery>
                                                                <proc:MonthlyDelivery>
                                                                    <proc:Month>2023-09</proc:Month>
                                                                    <proc:Amount>3</proc:Amount>
                                                                </proc:MonthlyDelivery>
                                                                <proc:MonthlyDelivery>
                                                                    <proc:Month>2023-10</proc:Month>
                                                                    <proc:Amount>3</proc:Amount>
                                                                </proc:MonthlyDelivery>
                                                                <proc:MonthlyDelivery>
                                                                    <proc:Month>2023-11</proc:Month>
                                                                    <proc:Amount>3</proc:Amount>
                                                                </proc:MonthlyDelivery>
                                                                <proc:MonthlyDelivery>
                                                                    <proc:Month>2023-12</proc:Month>
                                                                    <proc:Amount>3</proc:Amount>
                                                                </proc:MonthlyDelivery>
                                                                <proc:MonthlyDelivery>
                                                                    <proc:Month>2024-01</proc:Month>
                                                                    <proc:Amount>3</proc:Amount>
                                                                </proc:MonthlyDelivery>
                                                                <proc:MonthlyDelivery>
                                                                    <proc:Month>2024-02</proc:Month>
                                                                    <proc:Amount>3</proc:Amount>
                                                                </proc:MonthlyDelivery>
                                                                <proc:MonthlyDelivery>
                                                                    <proc:Month>2024-03</proc:Month>
                                                                    <proc:Amount>3</proc:Amount>
                                                                </proc:MonthlyDelivery>
                                                                <proc:MonthlyDelivery>
                                                                    <proc:Month>2024-04</proc:Month>
                                                                    <proc:Amount>3</proc:Amount>
                                                                </proc:MonthlyDelivery>
                                                                <proc:MonthlyDelivery>
                                                                    <proc:Month>2024-05</proc:Month>
                                                                    <proc:Amount>3</proc:Amount>
                                                                </proc:MonthlyDelivery>
                                                                <proc:MonthlyDelivery>
                                                                    <proc:Month>2024-06</proc:Month>
                                                                    <proc:Amount>2</proc:Amount>
                                                                </proc:MonthlyDelivery>
                                                            </proc:MonthlyDeliveryList>
                                                        </proc:MonthlyDeliverySchedule>
                                                    </proc:MonthlyDeliveryScheduleList>
                                                    <proc:MonthlyDeliveryScheduleTotal>
                                                        <proc:ProcQuantity>35</proc:ProcQuantity>
                                                        <proc:MonthlyDeliveryList>
                                                            <proc:MonthlyDelivery>
                                                                <proc:Month>2023-07</proc:Month>
                                                                <proc:Amount>3</proc:Amount>
                                                            </proc:MonthlyDelivery>
                                                            <proc:MonthlyDelivery>
                                                                <proc:Month>2023-08</proc:Month>
                                                                <proc:Amount>3</proc:Amount>
                                                            </proc:MonthlyDelivery>
                                                            <proc:MonthlyDelivery>
                                                                <proc:Month>2023-09</proc:Month>
                                                                <proc:Amount>3</proc:Amount>
                                                            </proc:MonthlyDelivery>
                                                            <proc:MonthlyDelivery>
                                                                <proc:Month>2023-10</proc:Month>
                                                                <proc:Amount>3</proc:Amount>
                                                            </proc:MonthlyDelivery>
                                                            <proc:MonthlyDelivery>
                                                                <proc:Month>2023-11</proc:Month>
                                                                <proc:Amount>3</proc:Amount>
                                                            </proc:MonthlyDelivery>
                                                            <proc:MonthlyDelivery>
                                                                <proc:Month>2023-12</proc:Month>
                                                                <proc:Amount>3</proc:Amount>
                                                            </proc:MonthlyDelivery>
                                                            <proc:MonthlyDelivery>
                                                                <proc:Month>2024-01</proc:Month>
                                                                <proc:Amount>3</proc:Amount>
                                                            </proc:MonthlyDelivery>
                                                            <proc:MonthlyDelivery>
                                                                <proc:Month>2024-02</proc:Month>
                                                                <proc:Amount>3</proc:Amount>
                                                            </proc:MonthlyDelivery>
                                                            <proc:MonthlyDelivery>
                                                                <proc:Month>2024-03</proc:Month>
                                                                <proc:Amount>3</proc:Amount>
                                                            </proc:MonthlyDelivery>
                                                            <proc:MonthlyDelivery>
                                                                <proc:Month>2024-04</proc:Month>
                                                                <proc:Amount>3</proc:Amount>
                                                            </proc:MonthlyDelivery>
                                                            <proc:MonthlyDelivery>
                                                                <proc:Month>2024-05</proc:Month>
                                                                <proc:Amount>3</proc:Amount>
                                                            </proc:MonthlyDelivery>
                                                            <proc:MonthlyDelivery>
                                                                <proc:Month>2024-06</proc:Month>
                                                                <proc:Amount>2</proc:Amount>
                                                            </proc:MonthlyDelivery>
                                                        </proc:MonthlyDeliveryList>
                                                    </proc:MonthlyDeliveryScheduleTotal>
                                                </proc:HistoryPlanning>
                                                <proc:HistoryPlanning>
                                                    <proc:FiscalYear>2024</proc:FiscalYear>
                                                    <proc:PCOLocation>ACC-Redstone</proc:PCOLocation>
                                                    <proc:AwardDate>2023-12</proc:AwardDate>
                                                    <proc:FirstDeliveryDate>2024-07</proc:FirstDeliveryDate>
                                                    <proc:Quantity>26</proc:Quantity>
                                                    <proc:UnitCost>21179.308</proc:UnitCost>
                                                    <proc:SpecsAvailableNow>true</proc:SpecsAvailableNow>
                                                    <proc:RFPIssueDate>2018-08</proc:RFPIssueDate>
                                                    <proc:ContractMethod>SS</proc:ContractMethod>
                                                    <proc:ContractType>FFP</proc:ContractType>
                                                    <proc:MonthlyDeliveryScheduleList>
                                                        <proc:MonthlyDeliverySchedule>
                                                            <proc:ServiceAgencyName>Army</proc:ServiceAgencyName>
                                                            <proc:ProcQuantity>26</proc:ProcQuantity>
                                                            <proc:MonthlyDeliveryList>
                                                                <proc:MonthlyDelivery>
                                                                    <proc:Month>2024-07</proc:Month>
                                                                    <proc:Amount>3</proc:Amount>
                                                                </proc:MonthlyDelivery>
                                                                <proc:MonthlyDelivery>
                                                                    <proc:Month>2024-08</proc:Month>
                                                                    <proc:Amount>3</proc:Amount>
                                                                </proc:MonthlyDelivery>
                                                                <proc:MonthlyDelivery>
                                                                    <proc:Month>2024-09</proc:Month>
                                                                    <proc:Amount>3</proc:Amount>
                                                                </proc:MonthlyDelivery>
                                                                <proc:MonthlyDelivery>
                                                                    <proc:Month>2024-10</proc:Month>
                                                                    <proc:Amount>3</proc:Amount>
                                                                </proc:MonthlyDelivery>
                                                                <proc:MonthlyDelivery>
                                                                    <proc:Month>2024-11</proc:Month>
                                                                    <proc:Amount>3</proc:Amount>
                                                                </proc:MonthlyDelivery>
                                                                <proc:MonthlyDelivery>
                                                                    <proc:Month>2024-12</proc:Month>
                                                                    <proc:Amount>3</proc:Amount>
                                                                </proc:MonthlyDelivery>
                                                                <proc:MonthlyDelivery>
                                                                    <proc:Month>2025-01</proc:Month>
                                                                    <proc:Amount>3</proc:Amount>
                                                                </proc:MonthlyDelivery>
                                                                <proc:MonthlyDelivery>
                                                                    <proc:Month>2025-02</proc:Month>
                                                                    <proc:Amount>3</proc:Amount>
                                                                </proc:MonthlyDelivery>
                                                                <proc:MonthlyDelivery>
                                                                    <proc:Month>2025-03</proc:Month>
                                                                    <proc:Amount>2</proc:Amount>
                                                                </proc:MonthlyDelivery>
                                                            </proc:MonthlyDeliveryList>
                                                        </proc:MonthlyDeliverySchedule>
                                                    </proc:MonthlyDeliveryScheduleList>
                                                    <proc:MonthlyDeliveryScheduleTotal>
                                                        <proc:ProcQuantity>26</proc:ProcQuantity>
                                                        <proc:MonthlyDeliveryList>
                                                            <proc:MonthlyDelivery>
                                                                <proc:Month>2024-07</proc:Month>
                                                                <proc:Amount>3</proc:Amount>
                                                            </proc:MonthlyDelivery>
                                                            <proc:MonthlyDelivery>
                                                                <proc:Month>2024-08</proc:Month>
                                                                <proc:Amount>3</proc:Amount>
                                                            </proc:MonthlyDelivery>
                                                            <proc:MonthlyDelivery>
                                                                <proc:Month>2024-09</proc:Month>
                                                                <proc:Amount>3</proc:Amount>
                                                            </proc:MonthlyDelivery>
                                                            <proc:MonthlyDelivery>
                                                                <proc:Month>2024-10</proc:Month>
                                                                <proc:Amount>3</proc:Amount>
                                                            </proc:MonthlyDelivery>
                                                            <proc:MonthlyDelivery>
                                                                <proc:Month>2024-11</proc:Month>
                                                                <proc:Amount>3</proc:Amount>
                                                            </proc:MonthlyDelivery>
                                                            <proc:MonthlyDelivery>
                                                                <proc:Month>2024-12</proc:Month>
                                                                <proc:Amount>3</proc:Amount>
                                                            </proc:MonthlyDelivery>
                                                            <proc:MonthlyDelivery>
                                                                <proc:Month>2025-01</proc:Month>
                                                                <proc:Amount>3</proc:Amount>
                                                            </proc:MonthlyDelivery>
                                                            <proc:MonthlyDelivery>
                                                                <proc:Month>2025-02</proc:Month>
                                                                <proc:Amount>3</proc:Amount>
                                                            </proc:MonthlyDelivery>
                                                            <proc:MonthlyDelivery>
                                                                <proc:Month>2025-03</proc:Month>
                                                                <proc:Amount>2</proc:Amount>
                                                            </proc:MonthlyDelivery>
                                                        </proc:MonthlyDeliveryList>
                                                    </proc:MonthlyDeliveryScheduleTotal>
                                                </proc:HistoryPlanning>
                                                <proc:HistoryPlanning>
                                                    <proc:FiscalYear>2025</proc:FiscalYear>
                                                    <proc:PCOLocation>ACC-Redstone</proc:PCOLocation>
                                                    <proc:AwardDate>2024-12</proc:AwardDate>
                                                    <proc:FirstDeliveryDate>2025-07</proc:FirstDeliveryDate>
                                                    <proc:Quantity>26</proc:Quantity>
                                                    <proc:UnitCost>22396.5</proc:UnitCost>
                                                    <proc:SpecsAvailableNow>true</proc:SpecsAvailableNow>
                                                    <proc:RFPIssueDate>2018-08</proc:RFPIssueDate>
                                                    <proc:ContractMethod>SS</proc:ContractMethod>
                                                    <proc:ContractType>FFP</proc:ContractType>
                                                    <proc:MonthlyDeliveryScheduleList>
                                                        <proc:MonthlyDeliverySchedule>
                                                            <proc:ServiceAgencyName>Army</proc:ServiceAgencyName>
                                                            <proc:ProcQuantity>26</proc:ProcQuantity>
                                                            <proc:MonthlyDeliveryList>
                                                                <proc:MonthlyDelivery>
                                                                    <proc:Month>2025-07</proc:Month>
                                                                    <proc:Amount>2</proc:Amount>
                                                                </proc:MonthlyDelivery>
                                                                <proc:MonthlyDelivery>
                                                                    <proc:Month>2025-08</proc:Month>
                                                                    <proc:Amount>2</proc:Amount>
                                                                </proc:MonthlyDelivery>
                                                                <proc:MonthlyDelivery>
                                                                    <proc:Month>2025-09</proc:Month>
                                                                    <proc:Amount>2</proc:Amount>
                                                                </proc:MonthlyDelivery>
                                                                <proc:MonthlyDelivery>
                                                                    <proc:Month>2025-10</proc:Month>
                                                                    <proc:Amount>2</proc:Amount>
                                                                </proc:MonthlyDelivery>
                                                                <proc:MonthlyDelivery>
                                                                    <proc:Month>2025-11</proc:Month>
                                                                    <proc:Amount>2</proc:Amount>
                                                                </proc:MonthlyDelivery>
                                                                <proc:MonthlyDelivery>
                                                                    <proc:Month>2025-12</proc:Month>
                                                                    <proc:Amount>2</proc:Amount>
                                                                </proc:MonthlyDelivery>
                                                                <proc:MonthlyDelivery>
                                                                    <proc:Month>2026-01</proc:Month>
                                                                    <proc:Amount>2</proc:Amount>
                                                                </proc:MonthlyDelivery>
                                                                <proc:MonthlyDelivery>
                                                                    <proc:Month>2026-02</proc:Month>
                                                                    <proc:Amount>2</proc:Amount>
                                                                </proc:MonthlyDelivery>
                                                                <proc:MonthlyDelivery>
                                                                    <proc:Month>2026-03</proc:Month>
                                                                    <proc:Amount>2</proc:Amount>
                                                                </proc:MonthlyDelivery>
                                                                <proc:MonthlyDelivery>
                                                                    <proc:Month>2026-04</proc:Month>
                                                                    <proc:Amount>2</proc:Amount>
                                                                </proc:MonthlyDelivery>
                                                                <proc:MonthlyDelivery>
                                                                    <proc:Month>2026-05</proc:Month>
                                                                    <proc:Amount>2</proc:Amount>
                                                                </proc:MonthlyDelivery>
                                                                <proc:MonthlyDelivery>
                                                                    <proc:Month>2026-06</proc:Month>
                                                                    <proc:Amount>2</proc:Amount>
                                                                </proc:MonthlyDelivery>
                                                            </proc:MonthlyDeliveryList>
                                                        </proc:MonthlyDeliverySchedule>
                                                    </proc:MonthlyDeliveryScheduleList>
                                                    <proc:MonthlyDeliveryScheduleTotal>
                                                        <proc:ProcQuantity>24</proc:ProcQuantity>
                                                        <proc:MonthlyDeliveryList>
                                                            <proc:MonthlyDelivery>
                                                                <proc:Month>2025-07</proc:Month>
                                                                <proc:Amount>2</proc:Amount>
                                                            </proc:MonthlyDelivery>
                                                            <proc:MonthlyDelivery>
                                                                <proc:Month>2025-08</proc:Month>
                                                                <proc:Amount>2</proc:Amount>
                                                            </proc:MonthlyDelivery>
                                                            <proc:MonthlyDelivery>
                                                                <proc:Month>2025-09</proc:Month>
                                                                <proc:Amount>2</proc:Amount>
                                                            </proc:MonthlyDelivery>
                                                            <proc:MonthlyDelivery>
                                                                <proc:Month>2025-10</proc:Month>
                                                                <proc:Amount>2</proc:Amount>
                                                            </proc:MonthlyDelivery>
                                                            <proc:MonthlyDelivery>
                                                                <proc:Month>2025-11</proc:Month>
                                                                <proc:Amount>2</proc:Amount>
                                                            </proc:MonthlyDelivery>
                                                            <proc:MonthlyDelivery>
                                                                <proc:Month>2025-12</proc:Month>
                                                                <proc:Amount>2</proc:Amount>
                                                            </proc:MonthlyDelivery>
                                                            <proc:MonthlyDelivery>
                                                                <proc:Month>2026-01</proc:Month>
                                                                <proc:Amount>2</proc:Amount>
                                                            </proc:MonthlyDelivery>
                                                            <proc:MonthlyDelivery>
                                                                <proc:Month>2026-02</proc:Month>
                                                                <proc:Amount>2</proc:Amount>
                                                            </proc:MonthlyDelivery>
                                                            <proc:MonthlyDelivery>
                                                                <proc:Month>2026-03</proc:Month>
                                                                <proc:Amount>2</proc:Amount>
                                                            </proc:MonthlyDelivery>
                                                            <proc:MonthlyDelivery>
                                                                <proc:Month>2026-04</proc:Month>
                                                                <proc:Amount>2</proc:Amount>
                                                            </proc:MonthlyDelivery>
                                                            <proc:MonthlyDelivery>
                                                                <proc:Month>2026-05</proc:Month>
                                                                <proc:Amount>2</proc:Amount>
                                                            </proc:MonthlyDelivery>
                                                            <proc:MonthlyDelivery>
                                                                <proc:Month>2026-06</proc:Month>
                                                                <proc:Amount>2</proc:Amount>
                                                            </proc:MonthlyDelivery>
                                                        </proc:MonthlyDeliveryList>
                                                    </proc:MonthlyDeliveryScheduleTotal>
                                                </proc:HistoryPlanning>
                                                <proc:HistoryPlanning>
                                                    <proc:FiscalYear>2026</proc:FiscalYear>
                                                    <proc:PCOLocation>ACC-Redstone</proc:PCOLocation>
                                                    <proc:AwardDate>2025-12</proc:AwardDate>
                                                    <proc:FirstDeliveryDate>2026-07</proc:FirstDeliveryDate>
                                                    <proc:Quantity>24</proc:Quantity>
                                                    <proc:UnitCost>21348.083</proc:UnitCost>
                                                    <proc:SpecsAvailableNow>true</proc:SpecsAvailableNow>
                                                    <proc:RFPIssueDate>2018-08</proc:RFPIssueDate>
                                                    <proc:ContractMethod>SS</proc:ContractMethod>
                                                    <proc:ContractType>FFP</proc:ContractType>
                                                    <proc:MonthlyDeliveryScheduleList>
                                                        <proc:MonthlyDeliverySchedule>
                                                            <proc:ServiceAgencyName>Army</proc:ServiceAgencyName>
                                                            <proc:ProcQuantity>24</proc:ProcQuantity>
                                                            <proc:MonthlyDeliveryList>
                                                                <proc:MonthlyDelivery>
                                                                    <proc:Month>2026-07</proc:Month>
                                                                    <proc:Amount>2</proc:Amount>
                                                                </proc:MonthlyDelivery>
                                                                <proc:MonthlyDelivery>
                                                                    <proc:Month>2026-08</proc:Month>
                                                                    <proc:Amount>2</proc:Amount>
                                                                </proc:MonthlyDelivery>
                                                                <proc:MonthlyDelivery>
                                                                    <proc:Month>2026-09</proc:Month>
                                                                    <proc:Amount>2</proc:Amount>
                                                                </proc:MonthlyDelivery>
                                                                <proc:MonthlyDelivery>
                                                                    <proc:Month>2026-10</proc:Month>
                                                                    <proc:Amount>2</proc:Amount>
                                                                </proc:MonthlyDelivery>
                                                                <proc:MonthlyDelivery>
                                                                    <proc:Month>2026-11</proc:Month>
                                                                    <proc:Amount>2</proc:Amount>
                                                                </proc:MonthlyDelivery>
                                                                <proc:MonthlyDelivery>
                                                                    <proc:Month>2026-12</proc:Month>
                                                                    <proc:Amount>2</proc:Amount>
                                                                </proc:MonthlyDelivery>
                                                                <proc:MonthlyDelivery>
                                                                    <proc:Month>2027-01</proc:Month>
                                                                    <proc:Amount>2</proc:Amount>
                                                                </proc:MonthlyDelivery>
                                                                <proc:MonthlyDelivery>
                                                                    <proc:Month>2027-02</proc:Month>
                                                                    <proc:Amount>2</proc:Amount>
                                                                </proc:MonthlyDelivery>
                                                                <proc:MonthlyDelivery>
                                                                    <proc:Month>2027-03</proc:Month>
                                                                    <proc:Amount>2</proc:Amount>
                                                                </proc:MonthlyDelivery>
                                                                <proc:MonthlyDelivery>
                                                                    <proc:Month>2027-04</proc:Month>
                                                                    <proc:Amount>2</proc:Amount>
                                                                </proc:MonthlyDelivery>
                                                                <proc:MonthlyDelivery>
                                                                    <proc:Month>2027-05</proc:Month>
                                                                    <proc:Amount>2</proc:Amount>
                                                                </proc:MonthlyDelivery>
                                                                <proc:MonthlyDelivery>
                                                                    <proc:Month>2027-06</proc:Month>
                                                                    <proc:Amount>2</proc:Amount>
                                                                </proc:MonthlyDelivery>
                                                            </proc:MonthlyDeliveryList>
                                                        </proc:MonthlyDeliverySchedule>
                                                    </proc:MonthlyDeliveryScheduleList>
                                                    <proc:MonthlyDeliveryScheduleTotal>
                                                        <proc:ProcQuantity>24</proc:ProcQuantity>
                                                        <proc:MonthlyDeliveryList>
                                                            <proc:MonthlyDelivery>
                                                                <proc:Month>2026-07</proc:Month>
                                                                <proc:Amount>2</proc:Amount>
                                                            </proc:MonthlyDelivery>
                                                            <proc:MonthlyDelivery>
                                                                <proc:Month>2026-08</proc:Month>
                                                                <proc:Amount>2</proc:Amount>
                                                            </proc:MonthlyDelivery>
                                                            <proc:MonthlyDelivery>
                                                                <proc:Month>2026-09</proc:Month>
                                                                <proc:Amount>2</proc:Amount>
                                                            </proc:MonthlyDelivery>
                                                            <proc:MonthlyDelivery>
                                                                <proc:Month>2026-10</proc:Month>
                                                                <proc:Amount>2</proc:Amount>
                                                            </proc:MonthlyDelivery>
                                                            <proc:MonthlyDelivery>
                                                                <proc:Month>2026-11</proc:Month>
                                                                <proc:Amount>2</proc:Amount>
                                                            </proc:MonthlyDelivery>
                                                            <proc:MonthlyDelivery>
                                                                <proc:Month>2026-12</proc:Month>
                                                                <proc:Amount>2</proc:Amount>
                                                            </proc:MonthlyDelivery>
                                                            <proc:MonthlyDelivery>
                                                                <proc:Month>2027-01</proc:Month>
                                                                <proc:Amount>2</proc:Amount>
                                                            </proc:MonthlyDelivery>
                                                            <proc:MonthlyDelivery>
                                                                <proc:Month>2027-02</proc:Month>
                                                                <proc:Amount>2</proc:Amount>
                                                            </proc:MonthlyDelivery>
                                                            <proc:MonthlyDelivery>
                                                                <proc:Month>2027-03</proc:Month>
                                                                <proc:Amount>2</proc:Amount>
                                                            </proc:MonthlyDelivery>
                                                            <proc:MonthlyDelivery>
                                                                <proc:Month>2027-04</proc:Month>
                                                                <proc:Amount>2</proc:Amount>
                                                            </proc:MonthlyDelivery>
                                                            <proc:MonthlyDelivery>
                                                                <proc:Month>2027-05</proc:Month>
                                                                <proc:Amount>2</proc:Amount>
                                                            </proc:MonthlyDelivery>
                                                            <proc:MonthlyDelivery>
                                                                <proc:Month>2027-06</proc:Month>
                                                                <proc:Amount>2</proc:Amount>
                                                            </proc:MonthlyDelivery>
                                                        </proc:MonthlyDeliveryList>
                                                    </proc:MonthlyDeliveryScheduleTotal>
                                                </proc:HistoryPlanning>
                                            </proc:HistoryPlanningList>
                                        </proc:Manufacturer>
                                    </proc:ManufacturerList>
                                </proc:CostElement>
                                <proc:CostElement>
                                    <proc:Name>Engines/Accessories</proc:Name>
                                    <proc:Cost>
                                        <proc:Quantity>
                                            <proc:AllPriorYears>2470</proc:AllPriorYears>
                                            <proc:PriorYear>52</proc:PriorYear>
                                            <proc:CurrentYear>48</proc:CurrentYear>
                                            <proc:BudgetYearOneBase>48</proc:BudgetYearOneBase>
                                            <proc:BudgetYearOne>48</proc:BudgetYearOne>
                                        </proc:Quantity>
                                        <proc:TotalCost>
                                            <proc:AllPriorYears>1848.824</proc:AllPriorYears>
                                            <proc:PriorYear>60.277</proc:PriorYear>
                                            <proc:CurrentYear>63.741</proc:CurrentYear>
                                            <proc:BudgetYearOneBase>63.43</proc:BudgetYearOneBase>
                                            <proc:BudgetYearOne>63.43</proc:BudgetYearOne>
                                        </proc:TotalCost>
                                        <proc:UnitCost>
                                            <proc:AllPriorYears>748.512</proc:AllPriorYears>
                                            <proc:PriorYear>1159.173</proc:PriorYear>
                                            <proc:CurrentYear>1327.938</proc:CurrentYear>
                                            <proc:BudgetYearOneBase>1321.458</proc:BudgetYearOneBase>
                                            <proc:BudgetYearOne>1321.458</proc:BudgetYearOne>
                                        </proc:UnitCost>
                                    </proc:Cost>
                                </proc:CostElement>
                                <proc:CostElement>
                                    <proc:Name>Avionics (GFE)</proc:Name>
                                    <proc:Cost>
                                        <proc:TotalCost>
                                            <proc:AllPriorYears>850.539</proc:AllPriorYears>
                                            <proc:PriorYear>20.711</proc:PriorYear>
                                            <proc:CurrentYear>23.726</proc:CurrentYear>
                                            <proc:BudgetYearOneBase>23.611</proc:BudgetYearOneBase>
                                            <proc:BudgetYearOne>23.611</proc:BudgetYearOne>
                                        </proc:TotalCost>
                                    </proc:Cost>
                                </proc:CostElement>
                                <proc:CostElement>
                                    <proc:Name>Other GFE</proc:Name>
                                    <proc:Cost>
                                        <proc:TotalCost>
                                            <proc:AllPriorYears>460.845</proc:AllPriorYears>
                                            <proc:PriorYear>10.226</proc:PriorYear>
                                            <proc:CurrentYear>11.715</proc:CurrentYear>
                                            <proc:BudgetYearOneBase>11.658</proc:BudgetYearOneBase>
                                            <proc:BudgetYearOne>11.658</proc:BudgetYearOne>
                                        </proc:TotalCost>
                                    </proc:Cost>
                                </proc:CostElement>
                            </proc:CostElementList>
                            <proc:CategorySubtotal>
                                <proc:TotalCost>
                                    <proc:AllPriorYears>19207.024</proc:AllPriorYears>
                                    <proc:PriorYear>641.876</proc:PriorYear>
                                    <proc:CurrentYear>681.491</proc:CurrentYear>
                                    <proc:BudgetYearOneBase>611.053</proc:BudgetYearOneBase>
                                    <proc:BudgetYearOne>611.053</proc:BudgetYearOne>
                                </proc:TotalCost>
                            </proc:CategorySubtotal>
                        </proc:Recurring>
                        <proc:NonRecurring>
                            <proc:CostElementList>
                                <proc:CostElement>
                                    <proc:Name>ECO (All FLYAWAY Components)</proc:Name>
                                    <proc:Cost>
                                        <proc:TotalCost>
                                            <proc:AllPriorYears>661.746</proc:AllPriorYears>
                                            <proc:PriorYear>22.608</proc:PriorYear>
                                            <proc:CurrentYear>26.331</proc:CurrentYear>
                                            <proc:BudgetYearOneBase>26.202</proc:BudgetYearOneBase>
                                            <proc:BudgetYearOne>26.202</proc:BudgetYearOne>
                                        </proc:TotalCost>
                                    </proc:Cost>
                                </proc:CostElement>
                                <proc:CostElement>
                                    <proc:Name>Other Costs (Mission Equipment)</proc:Name>
                                    <proc:Cost>
                                        <proc:TotalCost>
                                            <proc:AllPriorYears>932.487</proc:AllPriorYears>
                                            <proc:PriorYear>31.635</proc:PriorYear>
                                            <proc:CurrentYear>37.708</proc:CurrentYear>
                                            <proc:BudgetYearOneBase>37.524</proc:BudgetYearOneBase>
                                            <proc:BudgetYearOne>37.524</proc:BudgetYearOne>
                                        </proc:TotalCost>
                                    </proc:Cost>
                                </proc:CostElement>
                                <proc:CostElement>
                                    <proc:Name>Tooling Equipment</proc:Name>
                                    <proc:Cost>
                                        <proc:TotalCost>
                                            <proc:AllPriorYears>107.951</proc:AllPriorYears>
                                            <proc:PriorYear>0.511</proc:PriorYear>
                                            <proc:CurrentYear>0.568</proc:CurrentYear>
                                            <proc:BudgetYearOneBase>0.566</proc:BudgetYearOneBase>
                                            <proc:BudgetYearOne>0.566</proc:BudgetYearOne>
                                        </proc:TotalCost>
                                    </proc:Cost>
                                </proc:CostElement>
                                <proc:CostElement>
                                    <proc:Name>Other Nonrecurring Cost</proc:Name>
                                    <proc:Cost>
                                        <proc:TotalCost>
                                            <proc:AllPriorYears>90.757</proc:AllPriorYears>
                                            <proc:CurrentYear>0.603</proc:CurrentYear>
                                            <proc:BudgetYearOneBase>0.6</proc:BudgetYearOneBase>
                                            <proc:BudgetYearOne>0.6</proc:BudgetYearOne>
                                        </proc:TotalCost>
                                    </proc:Cost>
                                </proc:CostElement>
                            </proc:CostElementList>
                            <proc:CategorySubtotal>
                                <proc:TotalCost>
                                    <proc:AllPriorYears>1792.941</proc:AllPriorYears>
                                    <proc:PriorYear>54.754</proc:PriorYear>
                                    <proc:CurrentYear>65.21</proc:CurrentYear>
                                    <proc:BudgetYearOneBase>64.892</proc:BudgetYearOneBase>
                                    <proc:BudgetYearOne>64.892</proc:BudgetYearOne>
                                </proc:TotalCost>
                            </proc:CategorySubtotal>
                        </proc:NonRecurring>
                        <proc:CategorySubtotal>
                            <proc:TotalCost>
                                <proc:AllPriorYears>20999.965</proc:AllPriorYears>
                                <proc:PriorYear>696.63</proc:PriorYear>
                                <proc:CurrentYear>746.701</proc:CurrentYear>
                                <proc:BudgetYearOneBase>675.945</proc:BudgetYearOneBase>
                                <proc:BudgetYearOne>675.945</proc:BudgetYearOne>
                            </proc:TotalCost>
                        </proc:CategorySubtotal>
                    </proc:Flyaway>
                    <proc:Support>
                        <proc:CostElementList>
                            <proc:CostElement>
                                <proc:Name>Technical Publications</proc:Name>
                                <proc:Cost>
                                    <proc:TotalCost>
                                        <proc:AllPriorYears>55.378</proc:AllPriorYears>
                                        <proc:PriorYear>4.115</proc:PriorYear>
                                        <proc:CurrentYear>5.259</proc:CurrentYear>
                                        <proc:BudgetYearOneBase>5.233</proc:BudgetYearOneBase>
                                        <proc:BudgetYearOne>5.233</proc:BudgetYearOne>
                                    </proc:TotalCost>
                                </proc:Cost>
                            </proc:CostElement>
                        </proc:CostElementList>
                        <proc:CategorySubtotal>
                            <proc:TotalCost>
                                <proc:AllPriorYears>55.378</proc:AllPriorYears>
                                <proc:PriorYear>4.115</proc:PriorYear>
                                <proc:CurrentYear>5.259</proc:CurrentYear>
                                <proc:BudgetYearOneBase>5.233</proc:BudgetYearOneBase>
                                <proc:BudgetYearOne>5.233</proc:BudgetYearOne>
                            </proc:TotalCost>
                        </proc:CategorySubtotal>
                        <proc:Name>Data</proc:Name>
                    </proc:Support>
                    <proc:Support>
                        <proc:CostElementList>
                            <proc:CostElement>
                                <proc:Name>Fielding</proc:Name>
                                <proc:Cost>
                                    <proc:TotalCost>
                                        <proc:AllPriorYears>1048.309</proc:AllPriorYears>
                                        <proc:PriorYear>56.677</proc:PriorYear>
                                        <proc:CurrentYear>64.929</proc:CurrentYear>
                                        <proc:BudgetYearOneBase>64.612</proc:BudgetYearOneBase>
                                        <proc:BudgetYearOne>64.612</proc:BudgetYearOne>
                                    </proc:TotalCost>
                                </proc:Cost>
                            </proc:CostElement>
                        </proc:CostElementList>
                        <proc:CategorySubtotal>
                            <proc:TotalCost>
                                <proc:AllPriorYears>1048.309</proc:AllPriorYears>
                                <proc:PriorYear>56.677</proc:PriorYear>
                                <proc:CurrentYear>64.929</proc:CurrentYear>
                                <proc:BudgetYearOneBase>64.612</proc:BudgetYearOneBase>
                                <proc:BudgetYearOne>64.612</proc:BudgetYearOne>
                            </proc:TotalCost>
                        </proc:CategorySubtotal>
                        <proc:Name>Fielding</proc:Name>
                    </proc:Support>
                    <proc:Support>
                        <proc:CostElementList>
                            <proc:CostElement>
                                <proc:Name>Government Management</proc:Name>
                                <proc:Cost>
                                    <proc:TotalCost>
                                        <proc:AllPriorYears>628.417</proc:AllPriorYears>
                                        <proc:PriorYear>34.097</proc:PriorYear>
                                        <proc:CurrentYear>39.061</proc:CurrentYear>
                                        <proc:BudgetYearOneBase>38.871</proc:BudgetYearOneBase>
                                        <proc:BudgetYearOne>38.871</proc:BudgetYearOne>
                                    </proc:TotalCost>
                                </proc:Cost>
                            </proc:CostElement>
                        </proc:CostElementList>
                        <proc:CategorySubtotal>
                            <proc:TotalCost>
                                <proc:AllPriorYears>628.417</proc:AllPriorYears>
                                <proc:PriorYear>34.097</proc:PriorYear>
                                <proc:CurrentYear>39.061</proc:CurrentYear>
                                <proc:BudgetYearOneBase>38.871</proc:BudgetYearOneBase>
                                <proc:BudgetYearOne>38.871</proc:BudgetYearOne>
                            </proc:TotalCost>
                        </proc:CategorySubtotal>
                        <proc:Name>Program Management</proc:Name>
                    </proc:Support>
                    <proc:Support>
                        <proc:CostElementList>
                            <proc:CostElement>
                                <proc:Name>Equipment</proc:Name>
                                <proc:Cost>
                                    <proc:TotalCost>
                                        <proc:AllPriorYears>574.723</proc:AllPriorYears>
                                        <proc:PriorYear>4.886</proc:PriorYear>
                                        <proc:CurrentYear>5.598</proc:CurrentYear>
                                        <proc:BudgetYearOneBase>5.569</proc:BudgetYearOneBase>
                                        <proc:BudgetYearOne>5.569</proc:BudgetYearOne>
                                    </proc:TotalCost>
                                </proc:Cost>
                            </proc:CostElement>
                        </proc:CostElementList>
                        <proc:CategorySubtotal>
                            <proc:TotalCost>
                                <proc:AllPriorYears>574.723</proc:AllPriorYears>
                                <proc:PriorYear>4.886</proc:PriorYear>
                                <proc:CurrentYear>5.598</proc:CurrentYear>
                                <proc:BudgetYearOneBase>5.569</proc:BudgetYearOneBase>
                                <proc:BudgetYearOne>5.569</proc:BudgetYearOne>
                            </proc:TotalCost>
                        </proc:CategorySubtotal>
                        <proc:Name>Training</proc:Name>
                    </proc:Support>
                </proc:CostElementCategoryList>
                <proc:OverallHistoryPlanningRemarks>Multi-Year Procurement (MYP) X was awarded on 26 June 2022 and includes the purchase of a minimum 120 UH/HH-60M Black Hawk aircraft beginning in FY 2022 through FY 2026 under a single, five year Firm Fixed Price (FFP) contract.  This multiyear contract for the procurement of Army UH-60M/HH-60M Black Hawk aircraft is a follow-on to the previous contract (FY 2017 through FY 2021) between the Army and Sikorsky Aircraft Corporation for UH-60M/HH-60M helicopters. The UH-60M/HH-60M aircraft that will be procured on the multiyear contract are essentially the same configuration as those being procured on the previous multiyear contract.

Delivery schedules appear to extend beyond the 12-month period for the following reasons:

Yearly procurements consist of UH-60M, HH-60M and supplemental aircraft.  Each of the three are awarded on different contract line items.  While each of these efforts deliver all of their aircraft within a 12 month span, they do not deliver within the same 12 month time period.</proc:OverallHistoryPlanningRemarks>
                <proc:P10AdvanceProcurement>
                    <proc:FirstSystemAwardDate>2005-05</proc:FirstSystemAwardDate>
                    <proc:FirstSystemCompletionDate>2006-06</proc:FirstSystemCompletionDate>
                    <proc:IntervalBetweenSystems>18</proc:IntervalBetweenSystems>
                    <proc:Description>FY 2025 Advance Procurement was the last request for the Multi-Year X contract.</proc:Description>
                    <proc:APCostElementCategoryList>
                        <proc:Other>
                            <proc:APCostElement>
                                <proc:Name>Prior Year</proc:Name>
                                <proc:Cost>
                                    <proc:AllPriorYears>2531.426</proc:AllPriorYears>
                                </proc:Cost>
                            </proc:APCostElement>
                            <proc:APCostElement>
                                <proc:Name>Airframe - Contractor Furnished Equipment (CFE)</proc:Name>
                                <proc:WhenRequiredInMonths>6</proc:WhenRequiredInMonths>
                                <proc:QuantityPerAssembly>1</proc:QuantityPerAssembly>
                                <proc:SCNProductionLeadtime>18</proc:SCNProductionLeadtime>
                                <proc:Cost>
                                    <proc:AllPriorYears>993.612</proc:AllPriorYears>
                                    <proc:PriorYear>31.564</proc:PriorYear>
                                    <proc:CurrentYear>19.167</proc:CurrentYear>
                                </proc:Cost>
                            </proc:APCostElement>
                            <proc:APCostElement>
                                <proc:Name>Auxiliary Power Unit (APU)</proc:Name>
                                <proc:WhenRequiredInMonths>3</proc:WhenRequiredInMonths>
                                <proc:QuantityPerAssembly>1</proc:QuantityPerAssembly>
                                <proc:SCNProductionLeadtime>6</proc:SCNProductionLeadtime>
                                <proc:Cost>
                                    <proc:AllPriorYears>49.99</proc:AllPriorYears>
                                </proc:Cost>
                            </proc:APCostElement>
                            <proc:APCostElement>
                                <proc:Name>Engines</proc:Name>
                                <proc:WhenRequiredInMonths>3</proc:WhenRequiredInMonths>
                                <proc:QuantityPerAssembly>2</proc:QuantityPerAssembly>
                                <proc:SCNProductionLeadtime>14</proc:SCNProductionLeadtime>
                                <proc:Cost>
                                    <proc:AllPriorYears>850.338</proc:AllPriorYears>
                                    <proc:PriorYear>47.622</proc:PriorYear>
                                    <proc:CurrentYear>30.484</proc:CurrentYear>
                                </proc:Cost>
                            </proc:APCostElement>
                            <proc:APCostElement>
                                <proc:Name>Embedded GPS Inertial (EGI)</proc:Name>
                                <proc:WhenRequiredInMonths>3</proc:WhenRequiredInMonths>
                                <proc:QuantityPerAssembly>2</proc:QuantityPerAssembly>
                                <proc:SCNProductionLeadtime>13</proc:SCNProductionLeadtime>
                                <proc:Cost>
                                    <proc:AllPriorYears>133.381</proc:AllPriorYears>
                                    <proc:PriorYear>7.4</proc:PriorYear>
                                    <proc:CurrentYear>4.737</proc:CurrentYear>
                                </proc:Cost>
                            </proc:APCostElement>
                            <proc:APCostElement>
                                <proc:Name>Heads Up Display (HUD) AVS-7</proc:Name>
                                <proc:WhenRequiredInMonths>3</proc:WhenRequiredInMonths>
                                <proc:QuantityPerAssembly>2</proc:QuantityPerAssembly>
                                <proc:SCNProductionLeadtime>12</proc:SCNProductionLeadtime>
                                <proc:Cost>
                                    <proc:AllPriorYears>40.634</proc:AllPriorYears>
                                    <proc:PriorYear>1.388</proc:PriorYear>
                                    <proc:CurrentYear>0.889</proc:CurrentYear>
                                </proc:Cost>
                            </proc:APCostElement>
                            <proc:APCostElement>
                                <proc:Name>Avionics - Communication / Navigation</proc:Name>
                                <proc:WhenRequiredInMonths>3</proc:WhenRequiredInMonths>
                                <proc:QuantityPerAssembly>1</proc:QuantityPerAssembly>
                                <proc:SCNProductionLeadtime>13</proc:SCNProductionLeadtime>
                                <proc:Cost>
                                    <proc:AllPriorYears>66.202</proc:AllPriorYears>
                                </proc:Cost>
                            </proc:APCostElement>
                            <proc:APCostElement>
                                <proc:Name>Blade Fold Kits</proc:Name>
                                <proc:WhenRequiredInMonths>3</proc:WhenRequiredInMonths>
                                <proc:QuantityPerAssembly>2</proc:QuantityPerAssembly>
                                <proc:SCNProductionLeadtime>13</proc:SCNProductionLeadtime>
                                <proc:Cost>
                                    <proc:AllPriorYears>3.23</proc:AllPriorYears>
                                    <proc:PriorYear>2.003</proc:PriorYear>
                                    <proc:CurrentYear>1.282</proc:CurrentYear>
                                </proc:Cost>
                            </proc:APCostElement>
                            <proc:APCostElement>
                                <proc:Name>Seat Pallets</proc:Name>
                                <proc:WhenRequiredInMonths>3</proc:WhenRequiredInMonths>
                                <proc:QuantityPerAssembly>1</proc:QuantityPerAssembly>
                                <proc:SCNProductionLeadtime>15</proc:SCNProductionLeadtime>
                                <proc:Cost>
                                    <proc:AllPriorYears>0.304</proc:AllPriorYears>
                                    <proc:PriorYear>0.189</proc:PriorYear>
                                    <proc:CurrentYear>0.12</proc:CurrentYear>
                                </proc:Cost>
                            </proc:APCostElement>
                            <proc:APCostElement>
                                <proc:Name>Multi-Function Operator Seat (MFOS)</proc:Name>
                                <proc:WhenRequiredInMonths>3</proc:WhenRequiredInMonths>
                                <proc:QuantityPerAssembly>2</proc:QuantityPerAssembly>
                                <proc:SCNProductionLeadtime>13</proc:SCNProductionLeadtime>
                                <proc:Cost>
                                    <proc:AllPriorYears>1.187</proc:AllPriorYears>
                                    <proc:PriorYear>0.736</proc:PriorYear>
                                    <proc:CurrentYear>0.471</proc:CurrentYear>
                                </proc:Cost>
                            </proc:APCostElement>
                            <proc:APCostElement>
                                <proc:Name>Signal Data Converter (SDC)</proc:Name>
                                <proc:WhenRequiredInMonths>3</proc:WhenRequiredInMonths>
                                <proc:QuantityPerAssembly>1</proc:QuantityPerAssembly>
                                <proc:SCNProductionLeadtime>24</proc:SCNProductionLeadtime>
                                <proc:Cost>
                                    <proc:AllPriorYears>2.567</proc:AllPriorYears>
                                    <proc:PriorYear>1.592</proc:PriorYear>
                                    <proc:CurrentYear>1.02</proc:CurrentYear>
                                </proc:Cost>
                            </proc:APCostElement>
                            <proc:CategorySubtotal>
                                <proc:AllPriorYears>4672.871</proc:AllPriorYears>
                                <proc:PriorYear>92.494</proc:PriorYear>
                                <proc:CurrentYear>58.17</proc:CurrentYear>
                            </proc:CategorySubtotal>
                        </proc:Other>
                    </proc:APCostElementCategoryList>
                </proc:P10AdvanceProcurement>
            </proc:P5Item>
        </proc:ItemExhibitList>
        <proc:DocumentAssemblyOptions>
            <proc:p40AItemScheduleSetting>item</proc:p40AItemScheduleSetting>
        </proc:DocumentAssemblyOptions>
    </proc:LineItem>
</proc:LineItemList>