<?xml version="1.0" encoding="UTF-8"?>
<proc:LineItemList xmlns:proc="http://www.dtic.mil/comptroller/xml/schema/20100219/procurement">
    <proc:LineItem quantityUnits="Each" quantityUnitName="Each" unitCostUnits="Thousands" totalCostUnits="Millions" manufacturerRateUnits="Monthly">
        <proc:LineItemNumber>8660A00713</proc:LineItemNumber>
        <proc:LineItemTitle>Degraded Visual Environment</proc:LineItemTitle>
        <proc:P1LineNumber>38</proc:P1LineNumber>
        <proc:BudgetYear>2026</proc:BudgetYear>
        <proc:BudgetCycle>PB</proc:BudgetCycle>
        <proc:SubmissionDate>2025-06</proc:SubmissionDate>
        <proc:ServiceAgencyName>Army</proc:ServiceAgencyName>
        <proc:AppropriationNumber>2031A</proc:AppropriationNumber>
        <proc:AppropriationTitle>Aircraft Procurement, Army</proc:AppropriationTitle>
        <proc:BudgetActivityNumber>2</proc:BudgetActivityNumber>
        <proc:BudgetActivityTitle>Modification of Aircraft</proc:BudgetActivityTitle>
        <proc:BudgetSubActivityNumber>10</proc:BudgetSubActivityNumber>
        <proc:BudgetSubActivityTitle>Modification of Aircraft</proc:BudgetSubActivityTitle>
        <proc:ResourceSummary>
            <proc:TotalCost>
                <proc:AllPriorYears>82.694</proc:AllPriorYears>
                <proc:PriorYear>16.838</proc:PriorYear>
                <proc:CurrentYear>3.839</proc:CurrentYear>
            </proc:TotalCost>
            <proc:NetProcurementP1>
                <proc:AllPriorYears>82.694</proc:AllPriorYears>
                <proc:PriorYear>16.838</proc:PriorYear>
                <proc:CurrentYear>3.839</proc:CurrentYear>
            </proc:NetProcurementP1>
            <proc:TotalObligationAuthority>
                <proc:AllPriorYears>82.694</proc:AllPriorYears>
                <proc:PriorYear>16.838</proc:PriorYear>
                <proc:CurrentYear>3.839</proc:CurrentYear>
            </proc:TotalObligationAuthority>
        </proc:ResourceSummary>
        <proc:SecondaryDistribution>
            <proc:ComponentList>
                <proc:Component>
                    <proc:Name>Army Active</proc:Name>
                    <proc:Cost>
                        <proc:TotalCost>
                            <proc:PriorYear>16.838</proc:PriorYear>
                            <proc:CurrentYear>3.839</proc:CurrentYear>
                        </proc:TotalCost>
                    </proc:Cost>
                </proc:Component>
            </proc:ComponentList>
            <proc:TotalCost>
                <proc:TotalCost>
                    <proc:PriorYear>16.838</proc:PriorYear>
                    <proc:CurrentYear>3.839</proc:CurrentYear>
                </proc:TotalCost>
            </proc:TotalCost>
        </proc:SecondaryDistribution>
        <proc:Description>Army's current Degraded Visual Environment (DVE) solution is the Degraded Visual Environment Pilotage System (DVEPS).  DVEPS provides the aircrew with a visual representation of the physical environment forward of the aircraft through a multi-sensor, fused image of terrain and obstacles for hazard avoidance in austere conditions during all phases of flight.  

DVE Directed Requirement (DR) #1 (signed 2017):  A joint effort between PEO AVN and SOCOM that fielded DVEPS to 15 HH-60M AC. AC were fielded in FY21 and continue to collect flight and RAM data. 

DVE DR#2 (signed 2022):   Decision was made by the General Officer Steering Committee (GOSC) to readdress scope of Requirement.  Upon receipt of revised Requirement, funding will be repurposed to field DVEPS to 12 UH-60M AC. 

The DVE Inc 1 A-CDD will enable rapid prototype delivery of enhanced DVE, Modular Open Systems Approach (MOSA) and Future Airborne Capability Environment (FACE) compliant systems for the enduring fleet while informing system development requirements for the future fleet (FLRAA).  This effort has not received funding.</proc:Description>
        <proc:Justification>No funding in FY26</proc:Justification>
        <proc:DocumentAssemblyOptions>
            <proc:p40AItemScheduleSetting>item</proc:p40AItemScheduleSetting>
        </proc:DocumentAssemblyOptions>
    </proc:LineItem>
</proc:LineItemList>