<?xml version="1.0" encoding="UTF-8"?>
<proc:LineItemList xmlns:proc="http://www.dtic.mil/comptroller/xml/schema/20100219/procurement">
    <proc:LineItem quantityUnits="Each" quantityUnitName="Each" unitCostUnits="Thousands" totalCostUnits="Millions" manufacturerRateUnits="Monthly">
        <proc:LineItemNumber>9157J01200</proc:LineItemNumber>
        <proc:LineItemTitle>Launcher Guided Missile: Longbow Hellfire XM299</proc:LineItemTitle>
        <proc:P1LineNumber>55</proc:P1LineNumber>
        <proc:BudgetYear>2026</proc:BudgetYear>
        <proc:BudgetCycle>PB</proc:BudgetCycle>
        <proc:SubmissionDate>2025-06</proc:SubmissionDate>
        <proc:ServiceAgencyName>Army</proc:ServiceAgencyName>
        <proc:AppropriationNumber>2031A</proc:AppropriationNumber>
        <proc:AppropriationTitle>Aircraft Procurement, Army</proc:AppropriationTitle>
        <proc:BudgetActivityNumber>4</proc:BudgetActivityNumber>
        <proc:BudgetActivityTitle>Support Equipment and Facilities</proc:BudgetActivityTitle>
        <proc:BudgetSubActivityNumber>30</proc:BudgetSubActivityNumber>
        <proc:BudgetSubActivityTitle>Other Support</proc:BudgetSubActivityTitle>
        <proc:ResourceSummary>
            <proc:TotalCost>
                <proc:AllPriorYears>12.964</proc:AllPriorYears>
                <proc:CurrentYear>21.543</proc:CurrentYear>
            </proc:TotalCost>
            <proc:NetProcurementP1>
                <proc:AllPriorYears>12.964</proc:AllPriorYears>
                <proc:CurrentYear>21.543</proc:CurrentYear>
            </proc:NetProcurementP1>
            <proc:TotalObligationAuthority>
                <proc:AllPriorYears>12.964</proc:AllPriorYears>
                <proc:CurrentYear>21.543</proc:CurrentYear>
            </proc:TotalObligationAuthority>
        </proc:ResourceSummary>
        <proc:SecondaryDistribution>
            <proc:ComponentList>
                <proc:Component>
                    <proc:Name>Army Active</proc:Name>
                    <proc:Cost>
                        <proc:TotalCost>
                            <proc:CurrentYear>21.543</proc:CurrentYear>
                        </proc:TotalCost>
                    </proc:Cost>
                </proc:Component>
            </proc:ComponentList>
            <proc:TotalCost>
                <proc:TotalCost>
                    <proc:CurrentYear>21.543</proc:CurrentYear>
                </proc:TotalCost>
            </proc:TotalCost>
        </proc:SecondaryDistribution>
        <proc:Description>The M299 launchers are qualified to carry and fire the AGM-114 Family of Missiles. Each launcher contains: Launcher electronics assembly (LEA) that communicates with the
aircraft via bus commands, provides missile launch sequencing, seeker type ID, missile "Hang fire/Misfire" determination, alternate laser code algorithm processing, and AC to DC power conversion for supplying missile DC power; Wiring harnesses that provide electrical connection from LEA to missile rails (not interchangeable with M272 harnesses); Holdback latch that retains missiles on rails and Safe/Arm switch that mechanically interrupts the arm power going to the LEA. The weight of the M299 launcher (4-Rail Launcher) is approximately 114 pounds and the length of the M299 is approximately 66.3 inches.

9157J01200 / Launcher Guided Missile: Longbow Hellfire XM299 has no FY 2026 funding request.</proc:Description>
        <proc:Justification>J01200 Launcher Guided Missile: Longbow Hellfire XM299 has no FY 2026 funding.

In accordance with Section 1815 of the FY 2008 National Defense Authorization Act (P.L. 110-181), this item is necessary for use by the active and reserve components of the Armed Forces for homeland defense missions, domestic emergency responses, and providing military support to civil authorities.</proc:Justification>
        <proc:DocumentAssemblyOptions>
            <proc:p40AItemScheduleSetting>item</proc:p40AItemScheduleSetting>
        </proc:DocumentAssemblyOptions>
    </proc:LineItem>
</proc:LineItemList>