<?xml version="1.0" encoding="UTF-8"?>
<proc:LineItemList xmlns:proc="http://www.dtic.mil/comptroller/xml/schema/20100219/procurement">
    <proc:LineItem quantityUnits="Each" quantityUnitName="Each" unitCostUnits="Thousands" totalCostUnits="Millions" manufacturerRateUnits="Monthly">
        <proc:LineItemNumber>7000I47000</proc:LineItemNumber>
        <proc:LineItemTitle>SMALL UNMANNED AERIAL SYSTEMS</proc:LineItemTitle>
        <proc:P1LineNumber>57</proc:P1LineNumber>
        <proc:BudgetYear>2026</proc:BudgetYear>
        <proc:BudgetCycle>PB</proc:BudgetCycle>
        <proc:SubmissionDate>2025-06</proc:SubmissionDate>
        <proc:ServiceAgencyName>Army</proc:ServiceAgencyName>
        <proc:AppropriationNumber>2031A</proc:AppropriationNumber>
        <proc:AppropriationTitle>Aircraft Procurement, Army</proc:AppropriationTitle>
        <proc:BudgetActivityNumber>6</proc:BudgetActivityNumber>
        <proc:BudgetActivityTitle>Agile Portfolio Management</proc:BudgetActivityTitle>
        <proc:BudgetSubActivityNumber>10</proc:BudgetSubActivityNumber>
        <proc:BudgetSubActivityTitle>Agile Portfolio Management</proc:BudgetSubActivityTitle>
        <proc:ResourceSummary>
            <proc:Quantity>
                <proc:BudgetYearOneBase>265</proc:BudgetYearOneBase>
                <proc:BudgetYearOne>265</proc:BudgetYearOne>
            </proc:Quantity>
            <proc:TotalCost>
                <proc:BudgetYearOneBase>726.034</proc:BudgetYearOneBase>
                <proc:BudgetYearOne>726.034</proc:BudgetYearOne>
            </proc:TotalCost>
            <proc:UnitCost>
                <proc:BudgetYearOneBase>2739.751</proc:BudgetYearOneBase>
                <proc:BudgetYearOne>2739.751</proc:BudgetYearOne>
            </proc:UnitCost>
            <proc:NetProcurementP1>
                <proc:BudgetYearOneBase>726.034</proc:BudgetYearOneBase>
                <proc:BudgetYearOne>726.034</proc:BudgetYearOne>
            </proc:NetProcurementP1>
            <proc:TotalObligationAuthority>
                <proc:BudgetYearOneBase>726.034</proc:BudgetYearOneBase>
                <proc:BudgetYearOne>726.034</proc:BudgetYearOne>
            </proc:TotalObligationAuthority>
        </proc:ResourceSummary>
        <proc:SecondaryDistribution>
            <proc:ComponentList>
                <proc:Component>
                    <proc:Name>Army Active</proc:Name>
                    <proc:Cost>
                        <proc:Quantity>
                            <proc:BudgetYearOneBase>159</proc:BudgetYearOneBase>
                            <proc:BudgetYearOne>159</proc:BudgetYearOne>
                        </proc:Quantity>
                        <proc:TotalCost>
                            <proc:BudgetYearOneBase>717.798</proc:BudgetYearOneBase>
                            <proc:BudgetYearOne>717.798</proc:BudgetYearOne>
                        </proc:TotalCost>
                    </proc:Cost>
                </proc:Component>
                <proc:Component>
                    <proc:Name>Army National Guard</proc:Name>
                    <proc:Cost>
                        <proc:Quantity>
                            <proc:BudgetYearOneBase>80</proc:BudgetYearOneBase>
                            <proc:BudgetYearOne>80</proc:BudgetYearOne>
                        </proc:Quantity>
                        <proc:TotalCost>
                            <proc:BudgetYearOneBase>6.177</proc:BudgetYearOneBase>
                            <proc:BudgetYearOne>6.177</proc:BudgetYearOne>
                        </proc:TotalCost>
                    </proc:Cost>
                </proc:Component>
                <proc:Component>
                    <proc:Name>Army Reserve</proc:Name>
                    <proc:Cost>
                        <proc:Quantity>
                            <proc:BudgetYearOneBase>26</proc:BudgetYearOneBase>
                            <proc:BudgetYearOne>26</proc:BudgetYearOne>
                        </proc:Quantity>
                        <proc:TotalCost>
                            <proc:BudgetYearOneBase>2.059</proc:BudgetYearOneBase>
                            <proc:BudgetYearOne>2.059</proc:BudgetYearOne>
                        </proc:TotalCost>
                    </proc:Cost>
                </proc:Component>
            </proc:ComponentList>
            <proc:TotalCost>
                <proc:Quantity>
                    <proc:BudgetYearOneBase>265</proc:BudgetYearOneBase>
                    <proc:BudgetYearOne>265</proc:BudgetYearOne>
                </proc:Quantity>
                <proc:TotalCost>
                    <proc:BudgetYearOneBase>726.034</proc:BudgetYearOneBase>
                    <proc:BudgetYearOne>726.034</proc:BudgetYearOne>
                </proc:TotalCost>
            </proc:TotalCost>
        </proc:SecondaryDistribution>
        <proc:Description>Small Unmanned Aerial Systems (Agile) is a part of the Department of Defense Capability Based (Agile) Funding Pilot. Funding in this portfolio will be directed towards enhanced warfighting effectiveness and combating limitations from the pace and proliferation of technological change.

This funding is not a new start, it is a realignment from:

1) Small Unmanned Aerial Systems / SHORT RANGE RECONNAISSANCE (A12511)
2) Small Unmanned Aerial Systems/ LONG RANGE RECONNAISSANCE (A12513)


This capability portfolio provides support to the Army's UAS Priority to deliver cutting-edge technology and rapidly evolving critical capabilities. 

Small Uncrewed Aircraft Systems (SUAS) are critical aviation assets that increase lethality and security through organic aerial reconnaissance, surveillance, and targeting capabilities for battalion and below echelons. SUAS enhances situational awareness and force protection for maneuver elements operating in complex environments by providing real-time Full Motion Video (FMV) and sensor data through a variety of modular sensors. These multifaceted capabilities enable Army formations to leverage the air-ground littoral to project combat power across domains, disrupt near-peer threats, secure key terrain, and support mission success through persistent overwatch. Leveraging a Modular Open Systems Approach (MOSA), SUAS platforms are designed for rapid adaptation through swappable payloads, advanced autonomous flight capabilities, and scalable software-ensuring relevance against both current and emerging operational threats.

PM will inform Congress of any quantity changes between products in the next update.</proc:Description>
        <proc:Justification>FY 2026 funding was transferred from Budget Activity (BA) 1, A12500 SMALL UNMANNED AIRCRAFT SYSTEMS to BA 6, I47000 SMALL UNMANNED AERIAL SYSTEMS in support of Agile Portfolio Management.

This funding is not a new start, it is a realignment from:

1) Small Unmanned Aerial Systems / SHORT RANGE RECONNAISSANCE (A12511)
2) Small Unmanned Aerial Systems/ LONG RANGE RECONNAISSANCE (A12513)

FY 2026 Base procurement dollars support Short Range Reconnaissance (SRR), Joint Tactical Autonomous Aerial Resupply System (JTAARS), Company Level SUAS Directed Requirement (Co Lvl  SUAS DR), Medium Range Reconnaissance (MRR), Long Range Reconnaissance (LRR) and Purpose Built Attritable System (PBAS).

Small Unmanned Aerial Systems is part of the Army Transformation Initiative.

PM will inform Congress of any quantity changes between products in the next update.</proc:Justification>
        <proc:ItemExhibitList>
            <proc:P5Item>
                <proc:Name>SHORT RANGE RECONNAISSANCE (SRR)</proc:Name>
                <proc:ItemNumber>I47011</proc:ItemNumber>
                <proc:SecondaryDistribution>
                    <proc:ComponentList>
                        <proc:Component>
                            <proc:Name>Army Active</proc:Name>
                            <proc:Cost>
                                <proc:Quantity>
                                    <proc:BudgetYearOneBase>159</proc:BudgetYearOneBase>
                                    <proc:BudgetYearOne>159</proc:BudgetYearOne>
                                </proc:Quantity>
                                <proc:TotalCost>
                                    <proc:BudgetYearOneBase>392.654</proc:BudgetYearOneBase>
                                    <proc:BudgetYearOne>392.654</proc:BudgetYearOne>
                                </proc:TotalCost>
                            </proc:Cost>
                        </proc:Component>
                        <proc:Component>
                            <proc:Name>Army National Guard</proc:Name>
                            <proc:Cost>
                                <proc:Quantity>
                                    <proc:BudgetYearOneBase>80</proc:BudgetYearOneBase>
                                    <proc:BudgetYearOne>80</proc:BudgetYearOne>
                                </proc:Quantity>
                                <proc:TotalCost>
                                    <proc:BudgetYearOneBase>6.177</proc:BudgetYearOneBase>
                                    <proc:BudgetYearOne>6.177</proc:BudgetYearOne>
                                </proc:TotalCost>
                            </proc:Cost>
                        </proc:Component>
                        <proc:Component>
                            <proc:Name>Army Reserve</proc:Name>
                            <proc:Cost>
                                <proc:Quantity>
                                    <proc:BudgetYearOneBase>26</proc:BudgetYearOneBase>
                                    <proc:BudgetYearOne>26</proc:BudgetYearOne>
                                </proc:Quantity>
                                <proc:TotalCost>
                                    <proc:BudgetYearOneBase>2.059</proc:BudgetYearOneBase>
                                    <proc:BudgetYearOne>2.059</proc:BudgetYearOne>
                                </proc:TotalCost>
                            </proc:Cost>
                        </proc:Component>
                    </proc:ComponentList>
                </proc:SecondaryDistribution>
                <proc:ResourceSummary>
                    <proc:Quantity>
                        <proc:BudgetYearOneBase>265</proc:BudgetYearOneBase>
                        <proc:BudgetYearOne>265</proc:BudgetYearOne>
                    </proc:Quantity>
                    <proc:TotalCost>
                        <proc:BudgetYearOneBase>400.89</proc:BudgetYearOneBase>
                        <proc:BudgetYearOne>400.89</proc:BudgetYearOne>
                    </proc:TotalCost>
                    <proc:UnitCost>
                        <proc:BudgetYearOneBase>1512.792</proc:BudgetYearOneBase>
                        <proc:BudgetYearOne>1512.792</proc:BudgetYearOne>
                    </proc:UnitCost>
                    <proc:NetProcurementP1>
                        <proc:BudgetYearOneBase>400.89</proc:BudgetYearOneBase>
                        <proc:BudgetYearOne>400.89</proc:BudgetYearOne>
                    </proc:NetProcurementP1>
                    <proc:TotalObligationAuthority>
                        <proc:BudgetYearOneBase>400.89</proc:BudgetYearOneBase>
                        <proc:BudgetYearOne>400.89</proc:BudgetYearOne>
                    </proc:TotalObligationAuthority>
                </proc:ResourceSummary>
                <proc:CostElementCategoryList>
                    <proc:Flyaway>
                        <proc:Recurring>
                            <proc:CostElementList>
                                <proc:CostElement>
                                    <proc:Name>SUAS Fielding/Spares</proc:Name>
                                    <proc:Cost>
                                        <proc:TotalCost>
                                            <proc:BudgetYearOneBase>38.501</proc:BudgetYearOneBase>
                                            <proc:BudgetYearOne>38.501</proc:BudgetYearOne>
                                        </proc:TotalCost>
                                    </proc:Cost>
                                </proc:CostElement>
                                <proc:CostElement>
                                    <proc:Name>SUAS NET/NEF</proc:Name>
                                    <proc:Cost>
                                        <proc:TotalCost>
                                            <proc:BudgetYearOneBase>54.994</proc:BudgetYearOneBase>
                                            <proc:BudgetYearOne>54.994</proc:BudgetYearOne>
                                        </proc:TotalCost>
                                    </proc:Cost>
                                </proc:CostElement>
                                <proc:CostElement>
                                    <proc:Name>SUAS SEPM</proc:Name>
                                    <proc:Cost>
                                        <proc:TotalCost>
                                            <proc:BudgetYearOneBase>29.343</proc:BudgetYearOneBase>
                                            <proc:BudgetYearOne>29.343</proc:BudgetYearOne>
                                        </proc:TotalCost>
                                    </proc:Cost>
                                </proc:CostElement>
                            </proc:CostElementList>
                            <proc:CategorySubtotal>
                                <proc:TotalCost>
                                    <proc:BudgetYearOneBase>122.838</proc:BudgetYearOneBase>
                                    <proc:BudgetYearOne>122.838</proc:BudgetYearOne>
                                </proc:TotalCost>
                            </proc:CategorySubtotal>
                        </proc:Recurring>
                        <proc:NonRecurring>
                            <proc:CostElementList>
                                <proc:CostElement>
                                    <proc:Name>SUAS Development and Qualification</proc:Name>
                                    <proc:Cost>
                                        <proc:TotalCost>
                                            <proc:BudgetYearOneBase>2.502</proc:BudgetYearOneBase>
                                            <proc:BudgetYearOne>2.502</proc:BudgetYearOne>
                                        </proc:TotalCost>
                                    </proc:Cost>
                                </proc:CostElement>
                            </proc:CostElementList>
                            <proc:CategorySubtotal>
                                <proc:TotalCost>
                                    <proc:BudgetYearOneBase>2.502</proc:BudgetYearOneBase>
                                    <proc:BudgetYearOne>2.502</proc:BudgetYearOne>
                                </proc:TotalCost>
                            </proc:CategorySubtotal>
                        </proc:NonRecurring>
                        <proc:CategorySubtotal>
                            <proc:TotalCost>
                                <proc:BudgetYearOneBase>125.34</proc:BudgetYearOneBase>
                                <proc:BudgetYearOne>125.34</proc:BudgetYearOne>
                            </proc:TotalCost>
                        </proc:CategorySubtotal>
                    </proc:Flyaway>
                    <proc:Hardware>
                        <proc:Recurring>
                            <proc:CostElementList>
                                <proc:CostElement>
                                    <proc:Name>Short Range Reconnaissance Systems</proc:Name>
                                    <proc:Cost>
                                        <proc:Quantity>
                                            <proc:BudgetYearOneBase>2290</proc:BudgetYearOneBase>
                                            <proc:BudgetYearOne>2290</proc:BudgetYearOne>
                                        </proc:Quantity>
                                        <proc:TotalCost>
                                            <proc:BudgetYearOneBase>148.85</proc:BudgetYearOneBase>
                                            <proc:BudgetYearOne>148.85</proc:BudgetYearOne>
                                        </proc:TotalCost>
                                        <proc:UnitCost>
                                            <proc:BudgetYearOneBase>65</proc:BudgetYearOneBase>
                                            <proc:BudgetYearOne>65</proc:BudgetYearOne>
                                        </proc:UnitCost>
                                    </proc:Cost>
                                </proc:CostElement>
                                <proc:CostElement>
                                    <proc:Name>Directed Requirement Uncrewed Aircraft Systems</proc:Name>
                                    <proc:Cost>
                                        <proc:Quantity>
                                            <proc:BudgetYearOneBase>107</proc:BudgetYearOneBase>
                                            <proc:BudgetYearOne>107</proc:BudgetYearOne>
                                        </proc:Quantity>
                                        <proc:TotalCost>
                                            <proc:BudgetYearOneBase>65.839</proc:BudgetYearOneBase>
                                            <proc:BudgetYearOne>65.839</proc:BudgetYearOne>
                                        </proc:TotalCost>
                                        <proc:UnitCost>
                                            <proc:BudgetYearOneBase>615.318</proc:BudgetYearOneBase>
                                            <proc:BudgetYearOne>615.318</proc:BudgetYearOne>
                                        </proc:UnitCost>
                                    </proc:Cost>
                                </proc:CostElement>
                                <proc:CostElement>
                                    <proc:Name>FPV/PBAS Systems</proc:Name>
                                    <proc:Cost>
                                        <proc:Quantity>
                                            <proc:BudgetYearOneBase>1057</proc:BudgetYearOneBase>
                                            <proc:BudgetYearOne>1057</proc:BudgetYearOne>
                                        </proc:Quantity>
                                        <proc:TotalCost>
                                            <proc:BudgetYearOneBase>36.811</proc:BudgetYearOneBase>
                                            <proc:BudgetYearOne>36.811</proc:BudgetYearOne>
                                        </proc:TotalCost>
                                        <proc:UnitCost>
                                            <proc:BudgetYearOneBase>34.826</proc:BudgetYearOneBase>
                                            <proc:BudgetYearOne>34.826</proc:BudgetYearOne>
                                        </proc:UnitCost>
                                    </proc:Cost>
                                </proc:CostElement>
                                <proc:CostElement>
                                    <proc:Name>Short Range Reconnaissance Attritable Aircraft</proc:Name>
                                    <proc:Cost>
                                        <proc:TotalCost>
                                            <proc:BudgetYearOneBase>13.15</proc:BudgetYearOneBase>
                                            <proc:BudgetYearOne>13.15</proc:BudgetYearOne>
                                        </proc:TotalCost>
                                    </proc:Cost>
                                </proc:CostElement>
                                <proc:CostElement>
                                    <proc:Name>Directed Requirement Attritable Aircraft</proc:Name>
                                    <proc:Cost>
                                        <proc:TotalCost>
                                            <proc:BudgetYearOneBase>6.727</proc:BudgetYearOneBase>
                                            <proc:BudgetYearOne>6.727</proc:BudgetYearOne>
                                        </proc:TotalCost>
                                    </proc:Cost>
                                </proc:CostElement>
                                <proc:CostElement>
                                    <proc:Name>FPV/PBAS Attritable Aircraft</proc:Name>
                                    <proc:Cost>
                                        <proc:TotalCost>
                                            <proc:BudgetYearOneBase>0.827</proc:BudgetYearOneBase>
                                            <proc:BudgetYearOne>0.827</proc:BudgetYearOne>
                                        </proc:TotalCost>
                                    </proc:Cost>
                                </proc:CostElement>
                            </proc:CostElementList>
                            <proc:CategorySubtotal>
                                <proc:TotalCost>
                                    <proc:BudgetYearOneBase>272.204</proc:BudgetYearOneBase>
                                    <proc:BudgetYearOne>272.204</proc:BudgetYearOne>
                                </proc:TotalCost>
                            </proc:CategorySubtotal>
                        </proc:Recurring>
                        <proc:CategorySubtotal>
                            <proc:TotalCost>
                                <proc:BudgetYearOneBase>272.204</proc:BudgetYearOneBase>
                                <proc:BudgetYearOne>272.204</proc:BudgetYearOne>
                            </proc:TotalCost>
                        </proc:CategorySubtotal>
                    </proc:Hardware>
                    <proc:Software>
                        <proc:Recurring>
                            <proc:CostElementList>
                                <proc:CostElement>
                                    <proc:Name>SUAS Software Maintenance</proc:Name>
                                    <proc:Cost>
                                        <proc:TotalCost>
                                            <proc:BudgetYearOneBase>3.346</proc:BudgetYearOneBase>
                                            <proc:BudgetYearOne>3.346</proc:BudgetYearOne>
                                        </proc:TotalCost>
                                    </proc:Cost>
                                </proc:CostElement>
                            </proc:CostElementList>
                            <proc:CategorySubtotal>
                                <proc:TotalCost>
                                    <proc:BudgetYearOneBase>3.346</proc:BudgetYearOneBase>
                                    <proc:BudgetYearOne>3.346</proc:BudgetYearOne>
                                </proc:TotalCost>
                            </proc:CategorySubtotal>
                        </proc:Recurring>
                        <proc:CategorySubtotal>
                            <proc:TotalCost>
                                <proc:BudgetYearOneBase>3.346</proc:BudgetYearOneBase>
                                <proc:BudgetYearOne>3.346</proc:BudgetYearOne>
                            </proc:TotalCost>
                        </proc:CategorySubtotal>
                    </proc:Software>
                </proc:CostElementCategoryList>
            </proc:P5Item>
            <proc:P5Item>
                <proc:Name>LONG RANGE RECONNAISSANCE (LRR)</proc:Name>
                <proc:ItemNumber>I47012</proc:ItemNumber>
                <proc:SecondaryDistribution>
                    <proc:ComponentList>
                        <proc:Component>
                            <proc:Name>Army Active</proc:Name>
                            <proc:Cost>
                                <proc:TotalCost>
                                    <proc:BudgetYearOneBase>325.144</proc:BudgetYearOneBase>
                                    <proc:BudgetYearOne>325.144</proc:BudgetYearOne>
                                </proc:TotalCost>
                            </proc:Cost>
                        </proc:Component>
                    </proc:ComponentList>
                </proc:SecondaryDistribution>
                <proc:ResourceSummary>
                    <proc:TotalCost>
                        <proc:BudgetYearOneBase>325.144</proc:BudgetYearOneBase>
                        <proc:BudgetYearOne>325.144</proc:BudgetYearOne>
                    </proc:TotalCost>
                    <proc:NetProcurementP1>
                        <proc:BudgetYearOneBase>325.144</proc:BudgetYearOneBase>
                        <proc:BudgetYearOne>325.144</proc:BudgetYearOne>
                    </proc:NetProcurementP1>
                    <proc:TotalObligationAuthority>
                        <proc:BudgetYearOneBase>325.144</proc:BudgetYearOneBase>
                        <proc:BudgetYearOne>325.144</proc:BudgetYearOne>
                    </proc:TotalObligationAuthority>
                </proc:ResourceSummary>
                <proc:CostElementCategoryList>
                    <proc:Flyaway>
                        <proc:Recurring>
                            <proc:CostElementList>
                                <proc:CostElement>
                                    <proc:Name>SUAS Fielding</proc:Name>
                                    <proc:Cost>
                                        <proc:TotalCost>
                                            <proc:BudgetYearOneBase>30.589</proc:BudgetYearOneBase>
                                            <proc:BudgetYearOne>30.589</proc:BudgetYearOne>
                                        </proc:TotalCost>
                                    </proc:Cost>
                                </proc:CostElement>
                                <proc:CostElement>
                                    <proc:Name>SUAS NET/NEF</proc:Name>
                                    <proc:Cost>
                                        <proc:TotalCost>
                                            <proc:BudgetYearOneBase>10.55</proc:BudgetYearOneBase>
                                            <proc:BudgetYearOne>10.55</proc:BudgetYearOne>
                                        </proc:TotalCost>
                                    </proc:Cost>
                                </proc:CostElement>
                                <proc:CostElement>
                                    <proc:Name>SUAS Systems Engineering and Program Management</proc:Name>
                                    <proc:Cost>
                                        <proc:TotalCost>
                                            <proc:BudgetYearOneBase>26.031</proc:BudgetYearOneBase>
                                            <proc:BudgetYearOne>26.031</proc:BudgetYearOne>
                                        </proc:TotalCost>
                                    </proc:Cost>
                                </proc:CostElement>
                            </proc:CostElementList>
                            <proc:CategorySubtotal>
                                <proc:TotalCost>
                                    <proc:BudgetYearOneBase>67.17</proc:BudgetYearOneBase>
                                    <proc:BudgetYearOne>67.17</proc:BudgetYearOne>
                                </proc:TotalCost>
                            </proc:CategorySubtotal>
                        </proc:Recurring>
                        <proc:CategorySubtotal>
                            <proc:TotalCost>
                                <proc:BudgetYearOneBase>67.17</proc:BudgetYearOneBase>
                                <proc:BudgetYearOne>67.17</proc:BudgetYearOne>
                            </proc:TotalCost>
                        </proc:CategorySubtotal>
                    </proc:Flyaway>
                    <proc:Hardware>
                        <proc:Recurring>
                            <proc:CostElementList>
                                <proc:CostElement>
                                    <proc:Name>Long Range Reconnaissance Production</proc:Name>
                                    <proc:Cost>
                                        <proc:Quantity>
                                            <proc:BudgetYearOneBase>95</proc:BudgetYearOneBase>
                                            <proc:BudgetYearOne>95</proc:BudgetYearOne>
                                        </proc:Quantity>
                                        <proc:TotalCost>
                                            <proc:BudgetYearOneBase>155.474</proc:BudgetYearOneBase>
                                            <proc:BudgetYearOne>155.474</proc:BudgetYearOne>
                                        </proc:TotalCost>
                                        <proc:UnitCost>
                                            <proc:BudgetYearOneBase>1636.568</proc:BudgetYearOneBase>
                                            <proc:BudgetYearOne>1636.568</proc:BudgetYearOne>
                                        </proc:UnitCost>
                                    </proc:Cost>
                                </proc:CostElement>
                                <proc:CostElement>
                                    <proc:Name>JTAARS Production</proc:Name>
                                    <proc:Cost>
                                        <proc:Quantity>
                                            <proc:BudgetYearOneBase>250</proc:BudgetYearOneBase>
                                            <proc:BudgetYearOne>250</proc:BudgetYearOne>
                                        </proc:Quantity>
                                        <proc:TotalCost>
                                            <proc:BudgetYearOneBase>102.5</proc:BudgetYearOneBase>
                                            <proc:BudgetYearOne>102.5</proc:BudgetYearOne>
                                        </proc:TotalCost>
                                        <proc:UnitCost>
                                            <proc:BudgetYearOneBase>410</proc:BudgetYearOneBase>
                                            <proc:BudgetYearOne>410</proc:BudgetYearOne>
                                        </proc:UnitCost>
                                    </proc:Cost>
                                </proc:CostElement>
                            </proc:CostElementList>
                            <proc:CategorySubtotal>
                                <proc:TotalCost>
                                    <proc:BudgetYearOneBase>257.974</proc:BudgetYearOneBase>
                                    <proc:BudgetYearOne>257.974</proc:BudgetYearOne>
                                </proc:TotalCost>
                            </proc:CategorySubtotal>
                        </proc:Recurring>
                        <proc:CategorySubtotal>
                            <proc:TotalCost>
                                <proc:BudgetYearOneBase>257.974</proc:BudgetYearOneBase>
                                <proc:BudgetYearOne>257.974</proc:BudgetYearOne>
                            </proc:TotalCost>
                        </proc:CategorySubtotal>
                    </proc:Hardware>
                </proc:CostElementCategoryList>
            </proc:P5Item>
        </proc:ItemExhibitList>
        <proc:DocumentAssemblyOptions>
            <proc:p40AItemScheduleSetting>item</proc:p40AItemScheduleSetting>
        </proc:DocumentAssemblyOptions>
    </proc:LineItem>
</proc:LineItemList>