<?xml version="1.0" encoding="UTF-8"?>
<proc:LineItemList xmlns:proc="http://www.dtic.mil/comptroller/xml/schema/20100219/procurement">
    <proc:LineItem quantityUnits="Each" quantityUnitName="Each" unitCostUnits="Thousands" totalCostUnits="Millions" manufacturerRateUnits="Yearly">
        <proc:LineItemNumber>6775A05101</proc:LineItemNumber>
        <proc:LineItemTitle>CH-47 Helicopter</proc:LineItemTitle>
        <proc:P1LineNumber>17</proc:P1LineNumber>
        <proc:BudgetYear>2026</proc:BudgetYear>
        <proc:BudgetCycle>PB</proc:BudgetCycle>
        <proc:SubmissionDate>2025-06</proc:SubmissionDate>
        <proc:ServiceAgencyName>Army</proc:ServiceAgencyName>
        <proc:AppropriationNumber>2031A</proc:AppropriationNumber>
        <proc:AppropriationTitle>Aircraft Procurement, Army</proc:AppropriationTitle>
        <proc:BudgetActivityNumber>1</proc:BudgetActivityNumber>
        <proc:BudgetActivityTitle>Aircraft</proc:BudgetActivityTitle>
        <proc:BudgetSubActivityNumber>20</proc:BudgetSubActivityNumber>
        <proc:BudgetSubActivityTitle>Rotary</proc:BudgetSubActivityTitle>
        <proc:ResourceSummary>
            <proc:Quantity>
                <proc:AllPriorYears>198</proc:AllPriorYears>
                <proc:PriorYear>9</proc:PriorYear>
                <proc:CurrentYear>10</proc:CurrentYear>
                <proc:BudgetYearOneBase>11</proc:BudgetYearOneBase>
                <proc:BudgetYearOne>11</proc:BudgetYearOne>
            </proc:Quantity>
            <proc:TotalCost>
                <proc:AllPriorYears>5947.855</proc:AllPriorYears>
                <proc:PriorYear>442.636</proc:PriorYear>
                <proc:CurrentYear>718.634</proc:CurrentYear>
                <proc:BudgetYearOneBase>618.798</proc:BudgetYearOneBase>
                <proc:BudgetYearOne>618.798</proc:BudgetYearOne>
            </proc:TotalCost>
            <proc:UnitCost>
                <proc:AllPriorYears>30039.672</proc:AllPriorYears>
                <proc:PriorYear>49181.778</proc:PriorYear>
                <proc:CurrentYear>71863.4</proc:CurrentYear>
                <proc:BudgetYearOneBase>56254.364</proc:BudgetYearOneBase>
                <proc:BudgetYearOne>56254.364</proc:BudgetYearOne>
            </proc:UnitCost>
            <proc:PYAdvanceProcurement>
                <proc:AllPriorYears>737.368</proc:AllPriorYears>
                <proc:PriorYear>18.749</proc:PriorYear>
                <proc:CurrentYear>18.936</proc:CurrentYear>
            </proc:PYAdvanceProcurement>
            <proc:NetProcurementP1>
                <proc:AllPriorYears>5210.487</proc:AllPriorYears>
                <proc:PriorYear>423.887</proc:PriorYear>
                <proc:CurrentYear>699.698</proc:CurrentYear>
                <proc:BudgetYearOneBase>618.798</proc:BudgetYearOneBase>
                <proc:BudgetYearOne>618.798</proc:BudgetYearOne>
            </proc:NetProcurementP1>
            <proc:CYAdvanceProcurement>
                <proc:AllPriorYears>756.117</proc:AllPriorYears>
                <proc:PriorYear>18.936</proc:PriorYear>
                <proc:BudgetYearOneBase>61.421</proc:BudgetYearOneBase>
                <proc:BudgetYearOne>61.421</proc:BudgetYearOne>
            </proc:CYAdvanceProcurement>
            <proc:TotalObligationAuthority>
                <proc:AllPriorYears>5966.604</proc:AllPriorYears>
                <proc:PriorYear>442.823</proc:PriorYear>
                <proc:CurrentYear>699.698</proc:CurrentYear>
                <proc:BudgetYearOneBase>680.219</proc:BudgetYearOneBase>
                <proc:BudgetYearOne>680.219</proc:BudgetYearOne>
            </proc:TotalObligationAuthority>
        </proc:ResourceSummary>
        <proc:OtherRelatedProgramElementList>
            <proc:ProgramElementNumber>0607137A</proc:ProgramElementNumber>
        </proc:OtherRelatedProgramElementList>
        <proc:SecondaryDistribution>
            <proc:ComponentList>
                <proc:Component>
                    <proc:Name>Army Active</proc:Name>
                    <proc:Cost>
                        <proc:Quantity>
                            <proc:PriorYear>9</proc:PriorYear>
                            <proc:CurrentYear>10</proc:CurrentYear>
                            <proc:BudgetYearOneBase>11</proc:BudgetYearOneBase>
                            <proc:BudgetYearOne>11</proc:BudgetYearOne>
                        </proc:Quantity>
                        <proc:TotalCost>
                            <proc:PriorYear>442.823</proc:PriorYear>
                            <proc:CurrentYear>699.698</proc:CurrentYear>
                            <proc:BudgetYearOneBase>680.219</proc:BudgetYearOneBase>
                            <proc:BudgetYearOne>680.219</proc:BudgetYearOne>
                        </proc:TotalCost>
                    </proc:Cost>
                </proc:Component>
            </proc:ComponentList>
            <proc:TotalCost>
                <proc:Quantity>
                    <proc:PriorYear>9</proc:PriorYear>
                    <proc:CurrentYear>10</proc:CurrentYear>
                    <proc:BudgetYearOneBase>11</proc:BudgetYearOneBase>
                    <proc:BudgetYearOne>11</proc:BudgetYearOne>
                </proc:Quantity>
                <proc:TotalCost>
                    <proc:PriorYear>442.823</proc:PriorYear>
                    <proc:CurrentYear>699.698</proc:CurrentYear>
                    <proc:BudgetYearOneBase>680.219</proc:BudgetYearOneBase>
                    <proc:BudgetYearOne>680.219</proc:BudgetYearOne>
                </proc:TotalCost>
            </proc:TotalCost>
        </proc:SecondaryDistribution>
        <proc:Description>The CH-47F Chinook, the Army's only heavy lift helicopter, is critical to achieving the heavy lift capability in support of Transformation in Contact (TiC) and Continuous Transformation objectives. The CH-47F provides additional capability to field with increased payload, extended reach, improved sustainability, and an increased maximum gross weight to 54,000 pounds. The CH-47F is a critical component of the Aviation Campaign objective of Modernization, Equipping, and Sustaining the Army aviation portfolio. The Chinook fleet has multiple missions: transporting troops (air assault); supply and resupply weapons and equipment; casualty evacuation (CASEVAC) and performing other cargo operations. The Chinook operates in support roles throughout the theater in combat. Secondary missions include aircraft recovery, parachute drops, disaster relief, and search and rescue. The CH-47F is vital to our nation's Overseas Contingency Operations and Homeland Security needs. The Army fields these aircraft to heavy lift companies within Combat Aviation Brigades and Special Operations Aviation units. The Army currently expects the CH-47F and MH-47G aircraft to remain the Army's lone heavy lift helicopter for the next several decades.

The H-47 Digital Cockpit Support &amp; Sustainment (DCSS) funding maintains aircraft readiness by procuring necessary hardware, software and services to address aircraft obsolescence, needed technology insertions and improvements, integration of common equipment provider solutions including, Assured Positioning Navigation Timing (APNT), crypto modernization, enhanced and integrated Aircraft Survivability Equipment (ASE), "Approach to X" (the term for an autopilot function that allows the helicopter to land at an X on a map designated by the pilot) capability growth toward autonomy, and cyber security. The DCSS funding focuses on critical capabilities and operational readiness across all COMPOs. The funding ensures the safety, operation, and relevancy of the aircraft, crew and mission in all combat operational environments. The funds support enduring Obsolescence and Software Engineering tasks defined and approved during the Operations and Sustainment Review in Fiscal Year (FY) 2021. The first year of DCSS funding was in FY2023, with a ramp up to minimally support and sustain the H-47 digital cockpit.

The CH-47F Block II program is inserting critical and affordable technologies into the Chinook fleet to maintain platform operational capabilities, while continuing to meet the Warfighter requirements. Key improvements to the aircraft's safety and reliability include: refinements to the rotor, fuel and electrical systems and a strengthened airframe providing commonality with the MH-47G. The Chinook Block II program updates the Common Avionics Architecture System (CAAS) and Digital Advanced Flight Control System (DAFCS) software packages of the aircraft and incorporates other avionics changes introduced into the final CH-47F production lots. The program includes provisions for anticipated future upgrades, weight savings and cost savings that provide significantly increased capability to the field. These initiatives ensure the Army has a platform with the flexibility and performance needed to meet the needs of TiC operations. The 11 September 2015 Program Delegation Acquisition Decision Memorandum (ADM) designated the CH-47F Block II as an Acquisition Category (ACAT) 1C program with the Milestone Decision Authority (MDA) delegated to the Army Acquisition Executive (AAE).

H-47 Block II Renew and New Build programs rebuild or replace 69 MH-47G Special Operations Aircraft and 432 CH-47F aircraft to the Block II configuration.

PM Cargo procurement funding lines provided are for the Army common component portion for the MH-47G. Modernization Product Office, in conjunction with Technology Applications Program Office (TAPO), is replacing the aging fleet of MH-47G aircraft that has airframe components dating back more than 45 years. The MH-47G program, while complementary to the CH-47F Block II program, is separately managed by the TAPO Army Special Operations Aviation Command (ARSOAC) program with a stand-alone Acquisition Strategy. The current Army Acquisition Objective (AAO) is 501 aircraft (432 CH-47F/69 MH-47G).</proc:Description>
        <proc:Justification>FY 2026 Base procurement dollars total $680.219 million
 
FY 2026 Procurement dollars in the amount of $618.798 million supports the Army H-47 program to include the Army common material for MH-47G Block II, Renew CH-47F Block II, and H-47F Block I fleet Digital Cockpit Support &amp; Sustainment (DCSS).

FY 2026 Procurement dollars in the amount of $171.264 million supports the Army common material for five (5) MH-47G and $19.421 million FY 2026 Advanced Procurement in support of FY27 aircraft.

FY 2026 Procurement dollars in the amount of $415.439 million supports for six (6) Renew CH-47F Block II and $42.000 million FY 2026 Advanced Procurement in support of FY27 aircraft.

FY 2026 Procurement dollars in the amounts of $32.095 million supports the H-47F fleet Digital Cockpit Support &amp; Sustainment.

The FY 2026 request was reduced by $8.268 million for Advisory and Assistance Services to promote efficiencies and advance the policies of the Administration in alignment with Executive Order 14222, "Implementing the President's Department of Government Efficiency Cost Efficiency Initiative."

In accordance with section 1815 of the FY 2008 National Defense Authorization Act (P.L. 110 - 181), this item is necessary for use by the active and reserve components of the Armed Forces for homeland defense missions, domestic emergency responses, and providing military support to civil authorities.</proc:Justification>
        <proc:AdvanceProcurement>
            <proc:P1LineNumber>18</proc:P1LineNumber>
            <proc:Description>Note:  This is a continuing effort, not a new start.  In February 2024, all advanced procurement (AP) was moved to FY2025 baseline for both the CH-47F and MH-47G.  

The CH-47F Chinook, the Army's only heavy lift helicopter, is critical to achieving the heavy lift capability in support of Transformation in Contact (TiC) and Continuous Transformation objectives. The CH-47F provides additional capability to field with increased payload, extended reach, improved sustainability, and an increased maximum gross weight to 54,000 pounds. The CH-47F is a critical component of the Aviation Campaign objective of Modernization, Equipping, and Sustaining the Army aviation portfolio. The Chinook fleet has multiple missions: transporting troops (air assault); supply and resupply weapons and equipment; casualty evacuation (CASEVAC) and performing other cargo operations. The Chinook operates in support roles throughout the theater in combat. Secondary missions include aircraft recovery, parachute drops, disaster relief, and search and rescue. The CH-47F is vital to our nation's Overseas Contingency Operations and Homeland Security needs. The Army fields these aircraft to heavy lift companies within Combat Aviation Brigades and Special Operations Aviation units. The Army currently expects the CH-47F and MH-47G aircraft to remain the Army's lone heavy lift helicopter for the next several decades.

The H-47 Digital Cockpit Support &amp; Sustainment (DCSS) funding maintains aircraft readiness by procuring necessary hardware, software and services to address aircraft obsolescence, needed technology insertions and improvements, integration of common equipment provider solutions including, Assured Positioning Navigation Timing (APNT), crypto modernization, enhanced and integrated Aircraft Survivability Equipment (ASE), "Approach to X" (the term for an autopilot function that allows the helicopter to land at an X on a map designated by the pilot) capability growth toward autonomy, and cyber security. The DCSS funding focuses on critical capabilities and operational readiness across all COMPOs. The funding ensures the safety, operation, and relevancy of the aircraft, crew and mission in all combat operational environments. The funds support enduring Obsolescence and Software Engineering tasks defined and approved during the Operations and Sustainment Review in Fiscal Year (FY) 2021. The first year of DCSS funding was in FY2023, with a ramp up to minimally support and sustain the H-47 digital cockpit.

The CH-47F Block II program is inserting critical and affordable technologies into the Chinook fleet to maintain platform operational capabilities, while continuing to meet the Warfighter requirements. Key improvements to the aircraft's safety and reliability include: refinements to the rotor, fuel and electrical systems and a strengthened airframe providing commonality with the MH-47G. The Chinook Block II program updates the Common Avionics Architecture System (CAAS) and Digital Advanced Flight Control System (DAFCS) software packages of the aircraft and incorporates other avionics changes introduced into the final CH-47F production lots. The program includes provisions for anticipated future upgrades, weight savings and cost savings that provide significantly increased capability to the field. These initiatives ensure the Army has a platform with the flexibility and performance needed to meet the needs of TiC operations. The 11 September 2015 Program Delegation Acquisition Decision Memorandum (ADM) designated the CH-47F Block II as an Acquisition Category (ACAT) 1C program with the Milestone Decision Authority (MDA) delegated to the Army Acquisition Executive (AAE).

H-47 Block II Renew and New Build programs rebuild or replace 69 MH-47G Special Operations Aircraft and 432 CH-47F aircraft to the Block II configuration.

PM Cargo procurement funding lines provided are for the Army common component portion for the MH-47G. Modernization Product Office, in conjunction with Technology Applications Program Office (TAPO), is replacing the aging fleet of MH-47G aircraft that has airframe components dating back more than 45 years. The MH-47G program, while complementary to the CH-47F Block II program, is separately managed by the TAPO Army Special Operations Aviation Command (ARSOAC) program with a stand-alone Acquisition Strategy. The current Army Acquisition Objective (AAO) is 501 aircraft (432 CH-47F/69 MH-47G).</proc:Description>
            <proc:Justification>FY 2026 Advanced procurement dollars in the amount of $19.421 support the MH-47G Block II.
FY 2026 Advanced procurement dollars in the amount of $42.000 support the CH-47F Block II.</proc:Justification>
        </proc:AdvanceProcurement>
        <proc:ItemExhibitList>
            <proc:P5Item>
                <proc:Name>CH-47 SLEP</proc:Name>
                <proc:ItemNumber>A05105</proc:ItemNumber>
                <proc:SecondaryDistribution>
                    <proc:ComponentList>
                        <proc:Component>
                            <proc:Name>Army Active</proc:Name>
                            <proc:Cost>
                                <proc:Quantity>
                                    <proc:PriorYear>9</proc:PriorYear>
                                    <proc:CurrentYear>10</proc:CurrentYear>
                                    <proc:BudgetYearOneBase>11</proc:BudgetYearOneBase>
                                    <proc:BudgetYearOne>11</proc:BudgetYearOne>
                                </proc:Quantity>
                                <proc:TotalCost>
                                    <proc:PriorYear>442.823</proc:PriorYear>
                                    <proc:CurrentYear>699.698</proc:CurrentYear>
                                    <proc:BudgetYearOneBase>680.219</proc:BudgetYearOneBase>
                                    <proc:BudgetYearOne>680.219</proc:BudgetYearOne>
                                </proc:TotalCost>
                            </proc:Cost>
                        </proc:Component>
                    </proc:ComponentList>
                </proc:SecondaryDistribution>
                <proc:Remarks>The production line for Chinook combines three separate products: CH-47F Block II production (Congressional add funding &amp; aviation rebalancing funding starting in FY2025), MH-47G Block II (common production funding including retrofits and advance procurement), and H-47 Digital Cockpit Support &amp; Sustainment (base procurement). The Gross Weapon System Cost cannot be calculated by dividing quantities by the total of these lines.

H-47:
The H-47 Digital Cockpit Support &amp; Sustainment (DCSS) funding maintains aircraft readiness by procuring necessary hardware, software and services to address aircraft obsolescence, needed technology insertions and improvements, integration of common equipment provider solutions including crypto modernization, Assured Positioning Navigation Timing (APNT), enhanced and integrated Aircraft Survivability Equipment (ASE), and cyber security. The DCSS funding focuses on critical capabilities and operational readiness across all COMPOs. The funding ensures the safety and relevancy of the aircraft, crew and mission in all combat operational environments.  The funding supports enduring Obsolescence and Software Engineering tasks defined and approved during the Operations and Sustainment Review in FY2021. The first year of funding was in FY2023, with a ramp up to minimally support the H-47 digital cockpit.

MH-47G Block II:
MH-47G Block II procurement quantities reduced from 6 per year to 4 per year for FY2023 and from 6 per year to 5 per year in FY2024 -FY2026. The quantity changes are due to increased production costs resulting from post-COVID production impacts, ongoing global supply chain uncertainties, and recent increases in contractor labor rates. 

*FY2024 Congressional add for 1 New Build War Replacement Aircraft (WRA) negotiated better buying power on contract to increase from 5 aircraft to a total of 6 aircraft purchased.

CH-47F Block II:
FY2025 - FY2030 Army aviation realignment provided funding for 6 CH-47F Block II aircraft through the FYDP.</proc:Remarks>
                <proc:ResourceSummary>
                    <proc:Quantity>
                        <proc:AllPriorYears>198</proc:AllPriorYears>
                        <proc:PriorYear>9</proc:PriorYear>
                        <proc:CurrentYear>10</proc:CurrentYear>
                        <proc:BudgetYearOneBase>11</proc:BudgetYearOneBase>
                        <proc:BudgetYearOne>11</proc:BudgetYearOne>
                    </proc:Quantity>
                    <proc:TotalCost>
                        <proc:AllPriorYears>5947.855</proc:AllPriorYears>
                        <proc:PriorYear>442.636</proc:PriorYear>
                        <proc:CurrentYear>718.634</proc:CurrentYear>
                        <proc:BudgetYearOneBase>618.798</proc:BudgetYearOneBase>
                        <proc:BudgetYearOne>618.798</proc:BudgetYearOne>
                    </proc:TotalCost>
                    <proc:UnitCost>
                        <proc:AllPriorYears>30039.672</proc:AllPriorYears>
                        <proc:PriorYear>49181.778</proc:PriorYear>
                        <proc:CurrentYear>71863.4</proc:CurrentYear>
                        <proc:BudgetYearOneBase>56254.364</proc:BudgetYearOneBase>
                        <proc:BudgetYearOne>56254.364</proc:BudgetYearOne>
                    </proc:UnitCost>
                    <proc:PYAdvanceProcurement>
                        <proc:AllPriorYears>737.368</proc:AllPriorYears>
                        <proc:PriorYear>18.749</proc:PriorYear>
                        <proc:CurrentYear>18.936</proc:CurrentYear>
                    </proc:PYAdvanceProcurement>
                    <proc:NetProcurementP1>
                        <proc:AllPriorYears>5210.487</proc:AllPriorYears>
                        <proc:PriorYear>423.887</proc:PriorYear>
                        <proc:CurrentYear>699.698</proc:CurrentYear>
                        <proc:BudgetYearOneBase>618.798</proc:BudgetYearOneBase>
                        <proc:BudgetYearOne>618.798</proc:BudgetYearOne>
                    </proc:NetProcurementP1>
                    <proc:CYAdvanceProcurement>
                        <proc:AllPriorYears>756.117</proc:AllPriorYears>
                        <proc:PriorYear>18.936</proc:PriorYear>
                        <proc:BudgetYearOneBase>61.421</proc:BudgetYearOneBase>
                        <proc:BudgetYearOne>61.421</proc:BudgetYearOne>
                    </proc:CYAdvanceProcurement>
                    <proc:TotalObligationAuthority>
                        <proc:AllPriorYears>5966.604</proc:AllPriorYears>
                        <proc:PriorYear>442.823</proc:PriorYear>
                        <proc:CurrentYear>699.698</proc:CurrentYear>
                        <proc:BudgetYearOneBase>680.219</proc:BudgetYearOneBase>
                        <proc:BudgetYearOne>680.219</proc:BudgetYearOne>
                    </proc:TotalObligationAuthority>
                </proc:ResourceSummary>
                <proc:CostElementCategoryList>
                    <proc:Flyaway>
                        <proc:Recurring>
                            <proc:CostElementList>
                                <proc:CostElement>
                                    <proc:Name>MH-47G Block I to Block II Army Common Funding</proc:Name>
                                    <proc:Cost>
                                        <proc:Quantity>
                                            <proc:AllPriorYears>35</proc:AllPriorYears>
                                            <proc:PriorYear>6</proc:PriorYear>
                                            <proc:CurrentYear>5</proc:CurrentYear>
                                            <proc:BudgetYearOneBase>5</proc:BudgetYearOneBase>
                                            <proc:BudgetYearOne>5</proc:BudgetYearOne>
                                        </proc:Quantity>
                                        <proc:TotalCost>
                                            <proc:AllPriorYears>852.44</proc:AllPriorYears>
                                            <proc:PriorYear>173.855</proc:PriorYear>
                                            <proc:CurrentYear>195.102</proc:CurrentYear>
                                            <proc:BudgetYearOneBase>171.264</proc:BudgetYearOneBase>
                                            <proc:BudgetYearOne>171.264</proc:BudgetYearOne>
                                        </proc:TotalCost>
                                        <proc:UnitCost>
                                            <proc:AllPriorYears>24355.429</proc:AllPriorYears>
                                            <proc:PriorYear>28975.833</proc:PriorYear>
                                            <proc:CurrentYear>39020.4</proc:CurrentYear>
                                            <proc:BudgetYearOneBase>34252.8</proc:BudgetYearOneBase>
                                            <proc:BudgetYearOne>34252.8</proc:BudgetYearOne>
                                        </proc:UnitCost>
                                    </proc:Cost>
                                    <proc:AllPriorYearsDeliveries>10</proc:AllPriorYearsDeliveries>
                                    <proc:ManufacturerList>
                                        <proc:Manufacturer>
                                            <proc:Name>Boeing</proc:Name>
                                            <proc:Location>Philadelphia PA</proc:Location>
                                            <proc:MinimumSustainingRate>18</proc:MinimumSustainingRate>
                                            <proc:MaximumProductionRate>72</proc:MaximumProductionRate>
                                            <proc:Rate185>18</proc:Rate185>
                                            <proc:InitialQuantity>
                                                <proc:AdminLeadTimeBeforeOct1InMonths>11</proc:AdminLeadTimeBeforeOct1InMonths>
                                                <proc:AdminLeadTimeAfterOct1InMonths>10</proc:AdminLeadTimeAfterOct1InMonths>
                                                <proc:ProductionLeadTimeAfterOct1InMonths>25</proc:ProductionLeadTimeAfterOct1InMonths>
                                                <proc:TotalLeadTimeAfterOct1InMonths>35</proc:TotalLeadTimeAfterOct1InMonths>
                                            </proc:InitialQuantity>
                                            <proc:ReorderQuantity>
                                                <proc:AdminLeadTimeBeforeOct1InMonths>0</proc:AdminLeadTimeBeforeOct1InMonths>
                                                <proc:AdminLeadTimeAfterOct1InMonths>0</proc:AdminLeadTimeAfterOct1InMonths>
                                                <proc:ProductionLeadTimeAfterOct1InMonths>0</proc:ProductionLeadTimeAfterOct1InMonths>
                                                <proc:TotalLeadTimeAfterOct1InMonths>0</proc:TotalLeadTimeAfterOct1InMonths>
                                            </proc:ReorderQuantity>
                                            <proc:HistoryPlanningList>
                                                <proc:HistoryPlanning>
                                                    <proc:FiscalYear>2018</proc:FiscalYear>
                                                    <proc:PCOLocation>Fort Eustis</proc:PCOLocation>
                                                    <proc:AwardDate>2018-07</proc:AwardDate>
                                                    <proc:FirstDeliveryDate>2020-08</proc:FirstDeliveryDate>
                                                    <proc:Quantity>4</proc:Quantity>
                                                    <proc:UnitCost>18000</proc:UnitCost>
                                                    <proc:SpecsAvailableNow>true</proc:SpecsAvailableNow>
                                                    <proc:RFPIssueDate>2016-11</proc:RFPIssueDate>
                                                    <proc:ContractMethod>SS</proc:ContractMethod>
                                                    <proc:ContractType>CPFF</proc:ContractType>
                                                    <proc:MonthlyDeliveryScheduleList>
                                                        <proc:MonthlyDeliverySchedule>
                                                            <proc:ServiceAgencyName>Army</proc:ServiceAgencyName>
                                                            <proc:ProcQuantity>4</proc:ProcQuantity>
                                                            <proc:MonthlyDeliveryList>
                                                                <proc:MonthlyDelivery>
                                                                    <proc:Month>2020-08</proc:Month>
                                                                    <proc:Amount>4</proc:Amount>
                                                                </proc:MonthlyDelivery>
                                                            </proc:MonthlyDeliveryList>
                                                        </proc:MonthlyDeliverySchedule>
                                                    </proc:MonthlyDeliveryScheduleList>
                                                    <proc:MonthlyDeliveryScheduleTotal>
                                                        <proc:ProcQuantity>4</proc:ProcQuantity>
                                                        <proc:MonthlyDeliveryList>
                                                            <proc:MonthlyDelivery>
                                                                <proc:Month>2020-08</proc:Month>
                                                                <proc:Amount>4</proc:Amount>
                                                            </proc:MonthlyDelivery>
                                                        </proc:MonthlyDeliveryList>
                                                    </proc:MonthlyDeliveryScheduleTotal>
                                                </proc:HistoryPlanning>
                                                <proc:HistoryPlanning>
                                                    <proc:FiscalYear>2019</proc:FiscalYear>
                                                    <proc:PCOLocation>Fort Eustis</proc:PCOLocation>
                                                    <proc:AwardDate>2019-06</proc:AwardDate>
                                                    <proc:FirstDeliveryDate>2021-08</proc:FirstDeliveryDate>
                                                    <proc:Quantity>7</proc:Quantity>
                                                    <proc:UnitCost>18594.286</proc:UnitCost>
                                                    <proc:SpecsAvailableNow>true</proc:SpecsAvailableNow>
                                                    <proc:RFPIssueDate>2016-11</proc:RFPIssueDate>
                                                    <proc:ContractMethod>SS</proc:ContractMethod>
                                                    <proc:ContractType>CPFF</proc:ContractType>
                                                    <proc:MonthlyDeliveryScheduleList>
                                                        <proc:MonthlyDeliverySchedule>
                                                            <proc:ServiceAgencyName>Army</proc:ServiceAgencyName>
                                                            <proc:ProcQuantity>7</proc:ProcQuantity>
                                                            <proc:MonthlyDeliveryList>
                                                                <proc:MonthlyDelivery>
                                                                    <proc:Month>2021-08</proc:Month>
                                                                    <proc:Amount>4</proc:Amount>
                                                                </proc:MonthlyDelivery>
                                                                <proc:MonthlyDelivery>
                                                                    <proc:Month>2021-09</proc:Month>
                                                                    <proc:Amount>3</proc:Amount>
                                                                </proc:MonthlyDelivery>
                                                            </proc:MonthlyDeliveryList>
                                                        </proc:MonthlyDeliverySchedule>
                                                    </proc:MonthlyDeliveryScheduleList>
                                                    <proc:MonthlyDeliveryScheduleTotal>
                                                        <proc:ProcQuantity>7</proc:ProcQuantity>
                                                        <proc:MonthlyDeliveryList>
                                                            <proc:MonthlyDelivery>
                                                                <proc:Month>2021-08</proc:Month>
                                                                <proc:Amount>4</proc:Amount>
                                                            </proc:MonthlyDelivery>
                                                            <proc:MonthlyDelivery>
                                                                <proc:Month>2021-09</proc:Month>
                                                                <proc:Amount>3</proc:Amount>
                                                            </proc:MonthlyDelivery>
                                                        </proc:MonthlyDeliveryList>
                                                    </proc:MonthlyDeliveryScheduleTotal>
                                                </proc:HistoryPlanning>
                                                <proc:HistoryPlanning>
                                                    <proc:FiscalYear>2020</proc:FiscalYear>
                                                    <proc:PCOLocation>Fort Eustis</proc:PCOLocation>
                                                    <proc:AwardDate>2020-06</proc:AwardDate>
                                                    <proc:FirstDeliveryDate>2022-08</proc:FirstDeliveryDate>
                                                    <proc:Quantity>8</proc:Quantity>
                                                    <proc:UnitCost>18966.125</proc:UnitCost>
                                                    <proc:SpecsAvailableNow>true</proc:SpecsAvailableNow>
                                                    <proc:RFPIssueDate>2016-11</proc:RFPIssueDate>
                                                    <proc:ContractMethod>SS</proc:ContractMethod>
                                                    <proc:ContractType>FFP</proc:ContractType>
                                                    <proc:MonthlyDeliveryScheduleList>
                                                        <proc:MonthlyDeliverySchedule>
                                                            <proc:ServiceAgencyName>Army</proc:ServiceAgencyName>
                                                            <proc:ProcQuantity>8</proc:ProcQuantity>
                                                            <proc:MonthlyDeliveryList>
                                                                <proc:MonthlyDelivery>
                                                                    <proc:Month>2022-08</proc:Month>
                                                                    <proc:Amount>4</proc:Amount>
                                                                </proc:MonthlyDelivery>
                                                                <proc:MonthlyDelivery>
                                                                    <proc:Month>2022-09</proc:Month>
                                                                    <proc:Amount>4</proc:Amount>
                                                                </proc:MonthlyDelivery>
                                                            </proc:MonthlyDeliveryList>
                                                        </proc:MonthlyDeliverySchedule>
                                                    </proc:MonthlyDeliveryScheduleList>
                                                    <proc:MonthlyDeliveryScheduleTotal>
                                                        <proc:ProcQuantity>8</proc:ProcQuantity>
                                                        <proc:MonthlyDeliveryList>
                                                            <proc:MonthlyDelivery>
                                                                <proc:Month>2022-08</proc:Month>
                                                                <proc:Amount>4</proc:Amount>
                                                            </proc:MonthlyDelivery>
                                                            <proc:MonthlyDelivery>
                                                                <proc:Month>2022-09</proc:Month>
                                                                <proc:Amount>4</proc:Amount>
                                                            </proc:MonthlyDelivery>
                                                        </proc:MonthlyDeliveryList>
                                                    </proc:MonthlyDeliveryScheduleTotal>
                                                </proc:HistoryPlanning>
                                                <proc:HistoryPlanning>
                                                    <proc:FiscalYear>2021</proc:FiscalYear>
                                                    <proc:PCOLocation>Fort Eustis</proc:PCOLocation>
                                                    <proc:AwardDate>2021-11</proc:AwardDate>
                                                    <proc:FirstDeliveryDate>2023-08</proc:FirstDeliveryDate>
                                                    <proc:Quantity>6</proc:Quantity>
                                                    <proc:UnitCost>27211.833</proc:UnitCost>
                                                    <proc:SpecsAvailableNow>true</proc:SpecsAvailableNow>
                                                    <proc:RFPIssueDate>2016-11</proc:RFPIssueDate>
                                                    <proc:ContractMethod>SS</proc:ContractMethod>
                                                    <proc:ContractType>CPFF</proc:ContractType>
                                                    <proc:MonthlyDeliveryScheduleList>
                                                        <proc:MonthlyDeliverySchedule>
                                                            <proc:ServiceAgencyName>Army</proc:ServiceAgencyName>
                                                            <proc:ProcQuantity>6</proc:ProcQuantity>
                                                            <proc:MonthlyDeliveryList>
                                                                <proc:MonthlyDelivery>
                                                                    <proc:Month>2023-08</proc:Month>
                                                                    <proc:Amount>3</proc:Amount>
                                                                </proc:MonthlyDelivery>
                                                                <proc:MonthlyDelivery>
                                                                    <proc:Month>2023-09</proc:Month>
                                                                    <proc:Amount>3</proc:Amount>
                                                                </proc:MonthlyDelivery>
                                                            </proc:MonthlyDeliveryList>
                                                        </proc:MonthlyDeliverySchedule>
                                                    </proc:MonthlyDeliveryScheduleList>
                                                    <proc:MonthlyDeliveryScheduleTotal>
                                                        <proc:ProcQuantity>6</proc:ProcQuantity>
                                                        <proc:MonthlyDeliveryList>
                                                            <proc:MonthlyDelivery>
                                                                <proc:Month>2023-08</proc:Month>
                                                                <proc:Amount>3</proc:Amount>
                                                            </proc:MonthlyDelivery>
                                                            <proc:MonthlyDelivery>
                                                                <proc:Month>2023-09</proc:Month>
                                                                <proc:Amount>3</proc:Amount>
                                                            </proc:MonthlyDelivery>
                                                        </proc:MonthlyDeliveryList>
                                                    </proc:MonthlyDeliveryScheduleTotal>
                                                </proc:HistoryPlanning>
                                            </proc:HistoryPlanningList>
                                        </proc:Manufacturer>
                                    </proc:ManufacturerList>
                                </proc:CostElement>
                                <proc:CostElement>
                                    <proc:Name>MH-47G Block II Army Common Funding Advanced Procurement</proc:Name>
                                    <proc:Cost>
                                        <proc:TotalCost>
                                            <proc:PriorYear>18.936</proc:PriorYear>
                                            <proc:CurrentYear>19.163</proc:CurrentYear>
                                        </proc:TotalCost>
                                    </proc:Cost>
                                </proc:CostElement>
                                <proc:CostElement>
                                    <proc:Name>MH-47G Block II Retrofits</proc:Name>
                                    <proc:Cost>
                                        <proc:TotalCost>
                                            <proc:AllPriorYears>28.057</proc:AllPriorYears>
                                            <proc:PriorYear>43.713</proc:PriorYear>
                                        </proc:TotalCost>
                                    </proc:Cost>
                                </proc:CostElement>
                                <proc:CostElement>
                                    <proc:Name>CH-47 Block II CFE</proc:Name>
                                    <proc:Cost>
                                        <proc:Quantity>
                                            <proc:PriorYear>5</proc:PriorYear>
                                            <proc:CurrentYear>6</proc:CurrentYear>
                                            <proc:BudgetYearOneBase>6</proc:BudgetYearOneBase>
                                            <proc:BudgetYearOne>6</proc:BudgetYearOne>
                                        </proc:Quantity>
                                        <proc:TotalCost>
                                            <proc:PriorYear>134.479</proc:PriorYear>
                                            <proc:CurrentYear>325.904</proc:CurrentYear>
                                            <proc:BudgetYearOneBase>293.564</proc:BudgetYearOneBase>
                                            <proc:BudgetYearOne>293.564</proc:BudgetYearOne>
                                        </proc:TotalCost>
                                        <proc:UnitCost>
                                            <proc:PriorYear>26895.8</proc:PriorYear>
                                            <proc:CurrentYear>54317.333</proc:CurrentYear>
                                            <proc:BudgetYearOneBase>48927.333</proc:BudgetYearOneBase>
                                            <proc:BudgetYearOne>48927.333</proc:BudgetYearOne>
                                        </proc:UnitCost>
                                    </proc:Cost>
                                </proc:CostElement>
                                <proc:CostElement>
                                    <proc:Name>CH-47 Block II GFE</proc:Name>
                                    <proc:Cost>
                                        <proc:TotalCost>
                                            <proc:PriorYear>19.533</proc:PriorYear>
                                            <proc:CurrentYear>30.377</proc:CurrentYear>
                                            <proc:BudgetYearOneBase>45.676</proc:BudgetYearOneBase>
                                            <proc:BudgetYearOne>45.676</proc:BudgetYearOne>
                                        </proc:TotalCost>
                                    </proc:Cost>
                                </proc:CostElement>
                                <proc:CostElement>
                                    <proc:Name>CH-47 Block II Initial Spares</proc:Name>
                                    <proc:Cost>
                                        <proc:TotalCost>
                                            <proc:PriorYear>1.916</proc:PriorYear>
                                            <proc:CurrentYear>18.1</proc:CurrentYear>
                                            <proc:BudgetYearOneBase>5.2</proc:BudgetYearOneBase>
                                            <proc:BudgetYearOne>5.2</proc:BudgetYearOne>
                                        </proc:TotalCost>
                                    </proc:Cost>
                                </proc:CostElement>
                                <proc:CostElement>
                                    <proc:Name>CH-47 Block II Other Costs</proc:Name>
                                    <proc:Cost>
                                        <proc:TotalCost>
                                            <proc:PriorYear>5.772</proc:PriorYear>
                                            <proc:CurrentYear>11.471</proc:CurrentYear>
                                            <proc:BudgetYearOneBase>11.388</proc:BudgetYearOneBase>
                                            <proc:BudgetYearOne>11.388</proc:BudgetYearOne>
                                        </proc:TotalCost>
                                    </proc:Cost>
                                </proc:CostElement>
                                <proc:CostElement>
                                    <proc:Name>Block II Software Support</proc:Name>
                                    <proc:Cost>
                                        <proc:TotalCost>
                                            <proc:CurrentYear>7.298</proc:CurrentYear>
                                        </proc:TotalCost>
                                    </proc:Cost>
                                </proc:CostElement>
                                <proc:CostElement>
                                    <proc:Name>CH-47D to CH-47F Conversion</proc:Name>
                                    <proc:Cost>
                                        <proc:Quantity>
                                            <proc:AllPriorYears>154</proc:AllPriorYears>
                                        </proc:Quantity>
                                        <proc:TotalCost>
                                            <proc:AllPriorYears>4452.093</proc:AllPriorYears>
                                        </proc:TotalCost>
                                        <proc:UnitCost>
                                            <proc:AllPriorYears>28909.695</proc:AllPriorYears>
                                        </proc:UnitCost>
                                    </proc:Cost>
                                </proc:CostElement>
                            </proc:CostElementList>
                            <proc:CategorySubtotal>
                                <proc:TotalCost>
                                    <proc:AllPriorYears>5332.59</proc:AllPriorYears>
                                    <proc:PriorYear>398.204</proc:PriorYear>
                                    <proc:CurrentYear>607.415</proc:CurrentYear>
                                    <proc:BudgetYearOneBase>527.092</proc:BudgetYearOneBase>
                                    <proc:BudgetYearOne>527.092</proc:BudgetYearOne>
                                </proc:TotalCost>
                            </proc:CategorySubtotal>
                        </proc:Recurring>
                        <proc:NonRecurring>
                            <proc:CostElementList>
                                <proc:CostElement>
                                    <proc:Name>CH-47 Block II Support Equipment</proc:Name>
                                    <proc:Cost>
                                        <proc:TotalCost>
                                            <proc:PriorYear>0.5</proc:PriorYear>
                                            <proc:CurrentYear>3</proc:CurrentYear>
                                            <proc:BudgetYearOneBase>3.95</proc:BudgetYearOneBase>
                                            <proc:BudgetYearOne>3.95</proc:BudgetYearOne>
                                        </proc:TotalCost>
                                    </proc:Cost>
                                </proc:CostElement>
                                <proc:CostElement>
                                    <proc:Name>CH-47 Block II NRE</proc:Name>
                                    <proc:Cost>
                                        <proc:TotalCost>
                                            <proc:PriorYear>1.1</proc:PriorYear>
                                            <proc:CurrentYear>22.558</proc:CurrentYear>
                                            <proc:BudgetYearOneBase>8.342</proc:BudgetYearOneBase>
                                            <proc:BudgetYearOne>8.342</proc:BudgetYearOne>
                                        </proc:TotalCost>
                                    </proc:Cost>
                                </proc:CostElement>
                            </proc:CostElementList>
                            <proc:CategorySubtotal>
                                <proc:TotalCost>
                                    <proc:PriorYear>1.6</proc:PriorYear>
                                    <proc:CurrentYear>25.558</proc:CurrentYear>
                                    <proc:BudgetYearOneBase>12.292</proc:BudgetYearOneBase>
                                    <proc:BudgetYearOne>12.292</proc:BudgetYearOne>
                                </proc:TotalCost>
                            </proc:CategorySubtotal>
                        </proc:NonRecurring>
                        <proc:CategorySubtotal>
                            <proc:TotalCost>
                                <proc:AllPriorYears>5332.59</proc:AllPriorYears>
                                <proc:PriorYear>399.804</proc:PriorYear>
                                <proc:CurrentYear>632.973</proc:CurrentYear>
                                <proc:BudgetYearOneBase>539.384</proc:BudgetYearOneBase>
                                <proc:BudgetYearOne>539.384</proc:BudgetYearOne>
                            </proc:TotalCost>
                        </proc:CategorySubtotal>
                    </proc:Flyaway>
                    <proc:Hardware>
                        <proc:NonRecurring>
                            <proc:CostElementList>
                                <proc:CostElement>
                                    <proc:Name>CH-47 Block II</proc:Name>
                                    <proc:Cost>
                                        <proc:Quantity>
                                            <proc:AllPriorYears>9</proc:AllPriorYears>
                                        </proc:Quantity>
                                        <proc:TotalCost>
                                            <proc:AllPriorYears>433.448</proc:AllPriorYears>
                                        </proc:TotalCost>
                                        <proc:UnitCost>
                                            <proc:AllPriorYears>48160.889</proc:AllPriorYears>
                                        </proc:UnitCost>
                                    </proc:Cost>
                                    <proc:ManufacturerList>
                                        <proc:Manufacturer>
                                            <proc:Name>Boeing</proc:Name>
                                            <proc:Location>Philadelphia PA</proc:Location>
                                            <proc:HistoryPlanningList>
                                                <proc:HistoryPlanning>
                                                    <proc:FiscalYear>2021</proc:FiscalYear>
                                                    <proc:PCOLocation>Redstone Arsenal AL</proc:PCOLocation>
                                                    <proc:AwardDate>2021-09</proc:AwardDate>
                                                    <proc:FirstDeliveryDate>2024-03</proc:FirstDeliveryDate>
                                                    <proc:Quantity>4</proc:Quantity>
                                                    <proc:UnitCost>45409.75</proc:UnitCost>
                                                    <proc:SpecsAvailableNow>true</proc:SpecsAvailableNow>
                                                    <proc:RFPIssueDate>2021-03</proc:RFPIssueDate>
                                                    <proc:ContractMethod>SS</proc:ContractMethod>
                                                    <proc:ContractType>FPIF</proc:ContractType>
                                                </proc:HistoryPlanning>
                                                <proc:HistoryPlanning>
                                                    <proc:FiscalYear>2022</proc:FiscalYear>
                                                    <proc:PCOLocation>Redstone Arsenal AL</proc:PCOLocation>
                                                    <proc:AwardDate>2022-09</proc:AwardDate>
                                                    <proc:FirstDeliveryDate>2025-03</proc:FirstDeliveryDate>
                                                    <proc:Quantity>2</proc:Quantity>
                                                    <proc:UnitCost>44314.5</proc:UnitCost>
                                                    <proc:SpecsAvailableNow>true</proc:SpecsAvailableNow>
                                                    <proc:RFPIssueDate>2022-08</proc:RFPIssueDate>
                                                    <proc:ContractMethod>SS</proc:ContractMethod>
                                                    <proc:ContractType>FPIF</proc:ContractType>
                                                </proc:HistoryPlanning>
                                                <proc:HistoryPlanning>
                                                    <proc:FiscalYear>2023</proc:FiscalYear>
                                                    <proc:PCOLocation>Redstone Arsenal, AL</proc:PCOLocation>
                                                    <proc:AwardDate>2024-11</proc:AwardDate>
                                                    <proc:FirstDeliveryDate>2026-07</proc:FirstDeliveryDate>
                                                    <proc:Quantity>3</proc:Quantity>
                                                    <proc:UnitCost>45214.8</proc:UnitCost>
                                                    <proc:SpecsAvailableNow>true</proc:SpecsAvailableNow>
                                                    <proc:RFPIssueDate>2024-04</proc:RFPIssueDate>
                                                    <proc:ContractMethod>SS</proc:ContractMethod>
                                                    <proc:ContractType>FFP</proc:ContractType>
                                                </proc:HistoryPlanning>
                                            </proc:HistoryPlanningList>
                                        </proc:Manufacturer>
                                    </proc:ManufacturerList>
                                </proc:CostElement>
                                <proc:CostElement>
                                    <proc:Name>CH-47 Avionics (Advanced Procurement)</proc:Name>
                                    <proc:Cost>
                                        <proc:TotalCost>
                                            <proc:AllPriorYears>43.4</proc:AllPriorYears>
                                        </proc:TotalCost>
                                    </proc:Cost>
                                </proc:CostElement>
                                <proc:CostElement>
                                    <proc:Name>CH-47 Airframe (Advanced Procurement)</proc:Name>
                                    <proc:Cost>
                                        <proc:TotalCost>
                                            <proc:AllPriorYears>65.1</proc:AllPriorYears>
                                        </proc:TotalCost>
                                    </proc:Cost>
                                </proc:CostElement>
                                <proc:CostElement>
                                    <proc:Name>CH47F Block II Logistics</proc:Name>
                                    <proc:Cost>
                                        <proc:TotalCost>
                                            <proc:AllPriorYears>44.45</proc:AllPriorYears>
                                        </proc:TotalCost>
                                    </proc:Cost>
                                </proc:CostElement>
                            </proc:CostElementList>
                            <proc:CategorySubtotal>
                                <proc:TotalCost>
                                    <proc:AllPriorYears>586.398</proc:AllPriorYears>
                                </proc:TotalCost>
                            </proc:CategorySubtotal>
                        </proc:NonRecurring>
                        <proc:CategorySubtotal>
                            <proc:TotalCost>
                                <proc:AllPriorYears>586.398</proc:AllPriorYears>
                            </proc:TotalCost>
                        </proc:CategorySubtotal>
                    </proc:Hardware>
                    <proc:Software>
                        <proc:NonRecurring>
                            <proc:CostElementList>
                                <proc:CostElement>
                                    <proc:Name>CH-47F Digital Block I Cockpit Support &amp; Sustainment</proc:Name>
                                    <proc:Cost>
                                        <proc:TotalCost>
                                            <proc:AllPriorYears>6.726</proc:AllPriorYears>
                                            <proc:PriorYear>28.632</proc:PriorYear>
                                            <proc:CurrentYear>39.138</proc:CurrentYear>
                                            <proc:BudgetYearOneBase>32.095</proc:BudgetYearOneBase>
                                            <proc:BudgetYearOne>32.095</proc:BudgetYearOne>
                                        </proc:TotalCost>
                                    </proc:Cost>
                                </proc:CostElement>
                                <proc:CostElement>
                                    <proc:Name>CH-47F Block II Cockpit Software Support</proc:Name>
                                    <proc:Cost>
                                        <proc:TotalCost>
                                            <proc:AllPriorYears>22.141</proc:AllPriorYears>
                                        </proc:TotalCost>
                                    </proc:Cost>
                                </proc:CostElement>
                            </proc:CostElementList>
                            <proc:CategorySubtotal>
                                <proc:TotalCost>
                                    <proc:AllPriorYears>28.867</proc:AllPriorYears>
                                    <proc:PriorYear>28.632</proc:PriorYear>
                                    <proc:CurrentYear>39.138</proc:CurrentYear>
                                    <proc:BudgetYearOneBase>32.095</proc:BudgetYearOneBase>
                                    <proc:BudgetYearOne>32.095</proc:BudgetYearOne>
                                </proc:TotalCost>
                            </proc:CategorySubtotal>
                        </proc:NonRecurring>
                        <proc:CategorySubtotal>
                            <proc:TotalCost>
                                <proc:AllPriorYears>28.867</proc:AllPriorYears>
                                <proc:PriorYear>28.632</proc:PriorYear>
                                <proc:CurrentYear>39.138</proc:CurrentYear>
                                <proc:BudgetYearOneBase>32.095</proc:BudgetYearOneBase>
                                <proc:BudgetYearOne>32.095</proc:BudgetYearOne>
                            </proc:TotalCost>
                        </proc:CategorySubtotal>
                    </proc:Software>
                    <proc:Support>
                        <proc:CostElementList>
                            <proc:CostElement>
                                <proc:Name>Contractor Management</proc:Name>
                                <proc:Cost>
                                    <proc:TotalCost>
                                        <proc:PriorYear>14.2</proc:PriorYear>
                                        <proc:CurrentYear>46.523</proc:CurrentYear>
                                        <proc:BudgetYearOneBase>45.744</proc:BudgetYearOneBase>
                                        <proc:BudgetYearOne>45.744</proc:BudgetYearOne>
                                    </proc:TotalCost>
                                </proc:Cost>
                            </proc:CostElement>
                        </proc:CostElementList>
                        <proc:CategorySubtotal>
                            <proc:TotalCost>
                                <proc:PriorYear>14.2</proc:PriorYear>
                                <proc:CurrentYear>46.523</proc:CurrentYear>
                                <proc:BudgetYearOneBase>45.744</proc:BudgetYearOneBase>
                                <proc:BudgetYearOne>45.744</proc:BudgetYearOne>
                            </proc:TotalCost>
                        </proc:CategorySubtotal>
                        <proc:Name>Program Management</proc:Name>
                    </proc:Support>
                    <proc:Support>
                        <proc:CostElementList>
                            <proc:CostElement>
                                <proc:Name>Test and Evaluation Support</proc:Name>
                                <proc:Cost>
                                    <proc:TotalCost>
                                        <proc:BudgetYearOneBase>1.575</proc:BudgetYearOneBase>
                                        <proc:BudgetYearOne>1.575</proc:BudgetYearOne>
                                    </proc:TotalCost>
                                </proc:Cost>
                            </proc:CostElement>
                        </proc:CostElementList>
                        <proc:CategorySubtotal>
                            <proc:TotalCost>
                                <proc:BudgetYearOneBase>1.575</proc:BudgetYearOneBase>
                                <proc:BudgetYearOne>1.575</proc:BudgetYearOne>
                            </proc:TotalCost>
                        </proc:CategorySubtotal>
                        <proc:Name>System Test and Evaluation</proc:Name>
                    </proc:Support>
                </proc:CostElementCategoryList>
                <proc:OverallDeliveryScheduleRemarks>Note:  FMS compensates for Minimum sustainment Rate (MSR).
Procurement funding and production schedules currently support the Army common portion of funding to rebuild or replace MH-47G Special Operations Aircraft and the CH-47F Block II.</proc:OverallDeliveryScheduleRemarks>
                <proc:P10AdvanceProcurement>
                    <proc:FirstSystemAwardDate>2003-12</proc:FirstSystemAwardDate>
                    <proc:FirstSystemCompletionDate>2006-12</proc:FirstSystemCompletionDate>
                    <proc:IntervalBetweenSystems>2</proc:IntervalBetweenSystems>
                    <proc:Description>N/A</proc:Description>
                    <proc:APCostElementCategoryList>
                        <proc:CFE>
                            <proc:APCostElement>
                                <proc:Name>MH-47 Avionics</proc:Name>
                                <proc:WhenRequiredInMonths>16</proc:WhenRequiredInMonths>
                                <proc:QuantityPerAssembly>1</proc:QuantityPerAssembly>
                                <proc:SCNProductionLeadtime>15</proc:SCNProductionLeadtime>
                                <proc:Cost>
                                    <proc:AllPriorYears>314.933</proc:AllPriorYears>
                                    <proc:PriorYear>7.574</proc:PriorYear>
                                    <proc:BudgetYearOne>7.768</proc:BudgetYearOne>
                                </proc:Cost>
                            </proc:APCostElement>
                            <proc:APCostElement>
                                <proc:Name>MH-47 Airframe</proc:Name>
                                <proc:WhenRequiredInMonths>14</proc:WhenRequiredInMonths>
                                <proc:QuantityPerAssembly>1</proc:QuantityPerAssembly>
                                <proc:SCNProductionLeadtime>13</proc:SCNProductionLeadtime>
                                <proc:Cost>
                                    <proc:AllPriorYears>413.184</proc:AllPriorYears>
                                    <proc:PriorYear>11.362</proc:PriorYear>
                                    <proc:BudgetYearOne>11.653</proc:BudgetYearOne>
                                </proc:Cost>
                            </proc:APCostElement>
                            <proc:APCostElement>
                                <proc:Name>CH-47 Avionics</proc:Name>
                                <proc:Cost>
                                    <proc:AllPriorYears>11.2</proc:AllPriorYears>
                                    <proc:BudgetYearOne>16.8</proc:BudgetYearOne>
                                </proc:Cost>
                            </proc:APCostElement>
                            <proc:APCostElement>
                                <proc:Name>CH-47 Airframe</proc:Name>
                                <proc:Cost>
                                    <proc:AllPriorYears>16.8</proc:AllPriorYears>
                                    <proc:BudgetYearOne>25.2</proc:BudgetYearOne>
                                </proc:Cost>
                            </proc:APCostElement>
                            <proc:CategorySubtotal>
                                <proc:AllPriorYears>756.117</proc:AllPriorYears>
                                <proc:PriorYear>18.936</proc:PriorYear>
                                <proc:BudgetYearOne>61.421</proc:BudgetYearOne>
                            </proc:CategorySubtotal>
                        </proc:CFE>
                    </proc:APCostElementCategoryList>
                </proc:P10AdvanceProcurement>
            </proc:P5Item>
        </proc:ItemExhibitList>
        <proc:DocumentAssemblyOptions>
            <proc:p40AItemScheduleSetting>item</proc:p40AItemScheduleSetting>
        </proc:DocumentAssemblyOptions>
    </proc:LineItem>
</proc:LineItemList>