<?xml version="1.0" encoding="UTF-8"?>
<proc:LineItemList xmlns:proc="http://www.dtic.mil/comptroller/xml/schema/20100219/procurement">
    <proc:LineItem quantityUnits="Each" quantityUnitName="Each" unitCostUnits="Thousands" totalCostUnits="Millions" manufacturerRateUnits="Monthly">
        <proc:LineItemNumber>8658AA0712</proc:LineItemNumber>
        <proc:LineItemTitle>Network And Mission Plan</proc:LineItemTitle>
        <proc:P1LineNumber>36</proc:P1LineNumber>
        <proc:BudgetYear>2026</proc:BudgetYear>
        <proc:BudgetCycle>PB</proc:BudgetCycle>
        <proc:SubmissionDate>2025-06</proc:SubmissionDate>
        <proc:ServiceAgencyName>Army</proc:ServiceAgencyName>
        <proc:AppropriationNumber>2031A</proc:AppropriationNumber>
        <proc:AppropriationTitle>Aircraft Procurement, Army</proc:AppropriationTitle>
        <proc:BudgetActivityNumber>2</proc:BudgetActivityNumber>
        <proc:BudgetActivityTitle>Modification of Aircraft</proc:BudgetActivityTitle>
        <proc:BudgetSubActivityNumber>10</proc:BudgetSubActivityNumber>
        <proc:BudgetSubActivityTitle>Modification of Aircraft</proc:BudgetSubActivityTitle>
        <proc:ResourceSummary>
            <proc:TotalCost>
                <proc:AllPriorYears>1098.384</proc:AllPriorYears>
                <proc:PriorYear>44.558</proc:PriorYear>
                <proc:CurrentYear>52.862</proc:CurrentYear>
                <proc:BudgetYearOneBase>40.472</proc:BudgetYearOneBase>
                <proc:BudgetYearOne>40.472</proc:BudgetYearOne>
            </proc:TotalCost>
            <proc:NetProcurementP1>
                <proc:AllPriorYears>1098.384</proc:AllPriorYears>
                <proc:PriorYear>44.558</proc:PriorYear>
                <proc:CurrentYear>52.862</proc:CurrentYear>
                <proc:BudgetYearOneBase>40.472</proc:BudgetYearOneBase>
                <proc:BudgetYearOne>40.472</proc:BudgetYearOne>
            </proc:NetProcurementP1>
            <proc:TotalObligationAuthority>
                <proc:AllPriorYears>1098.384</proc:AllPriorYears>
                <proc:PriorYear>44.558</proc:PriorYear>
                <proc:CurrentYear>52.862</proc:CurrentYear>
                <proc:BudgetYearOneBase>40.472</proc:BudgetYearOneBase>
                <proc:BudgetYearOne>40.472</proc:BudgetYearOne>
            </proc:TotalObligationAuthority>
        </proc:ResourceSummary>
        <proc:OtherRelatedProgramElementList>
            <proc:ProgramElementNumber>0604201A</proc:ProgramElementNumber>
        </proc:OtherRelatedProgramElementList>
        <proc:SecondaryDistribution>
            <proc:ComponentList>
                <proc:Component>
                    <proc:Name>Army Active</proc:Name>
                    <proc:Cost>
                        <proc:TotalCost>
                            <proc:PriorYear>32.349</proc:PriorYear>
                            <proc:CurrentYear>32.476</proc:CurrentYear>
                            <proc:BudgetYearOneBase>25.428</proc:BudgetYearOneBase>
                            <proc:BudgetYearOne>25.428</proc:BudgetYearOne>
                        </proc:TotalCost>
                    </proc:Cost>
                </proc:Component>
                <proc:Component>
                    <proc:Name>Army National Guard</proc:Name>
                    <proc:Cost>
                        <proc:TotalCost>
                            <proc:PriorYear>11.046</proc:PriorYear>
                            <proc:CurrentYear>18.73</proc:CurrentYear>
                            <proc:BudgetYearOneBase>13.612</proc:BudgetYearOneBase>
                            <proc:BudgetYearOne>13.612</proc:BudgetYearOne>
                        </proc:TotalCost>
                    </proc:Cost>
                </proc:Component>
                <proc:Component>
                    <proc:Name>Army Reserve</proc:Name>
                    <proc:Cost>
                        <proc:TotalCost>
                            <proc:PriorYear>1.163</proc:PriorYear>
                            <proc:CurrentYear>1.656</proc:CurrentYear>
                            <proc:BudgetYearOneBase>1.432</proc:BudgetYearOneBase>
                            <proc:BudgetYearOne>1.432</proc:BudgetYearOne>
                        </proc:TotalCost>
                    </proc:Cost>
                </proc:Component>
            </proc:ComponentList>
            <proc:TotalCost>
                <proc:TotalCost>
                    <proc:PriorYear>44.558</proc:PriorYear>
                    <proc:CurrentYear>52.862</proc:CurrentYear>
                    <proc:BudgetYearOneBase>40.472</proc:BudgetYearOneBase>
                    <proc:BudgetYearOne>40.472</proc:BudgetYearOne>
                </proc:TotalCost>
            </proc:TotalCost>
        </proc:SecondaryDistribution>
        <proc:Description>Aviation Mission Planning System (AMPS) supports pre-mission planning and rehearsal, including route planning, communications planning, and aircraft configuration. It receives data from multiple sources and provides that data digitally to aircraft platforms to support aviation missions. That data is loaded onto the aircraft platforms utilizing a Data Transfer Device initializing the communication, navigation, and weapons systems on the aircraft. Currently, funding has been transitioned to Force Development - Communications (FDC) portfolio for management and execution.  It is assumed that FDC will potentially fund the program on a TBD FDC funding line once Office of Coordinating Responsibility (OCR) roles have been defined and endorsed by Assistant Secretary of the Army (Acquisition, Logistics and Technology (ASA ALT)).

The Improved Data Modem (IDM) is a mission computer that requires software to provide functionality. The IDM is the common solution for digitizing Army Aviation and is fielded on every modernized, rotary-wing Army aircraft. IDM provides digital air-to-air and air-to-ground connectivity and transmission of air-to-air target data between IDM equipped aircraft using legacy radio and crypto equipment. IDM also serves as interface between aircraft mission computers, data capable radios, and Tactical Internet (TI). IDM also manages Situational Awareness (SA) data, processes command and control messages, and incorporates protocols for sending and receiving mission command digital messages on the TI, Private Net, and Longbow Net using the protocols Air Force Application Program Development Net (AFAPD) and Variable Messaging Format (VMF).  The IDM 401 requires updated technology to mitigate obsolescence and enable multi-core processing to meet requirements for air to ground communications.  The IDM Open System REMAN (OSR) will serve as the stepping stone for a longer-term solution, the General-Purpose Computing Platform (GPCP).

The Aviation Mission Common Server (AMCS) will become a General-Purpose Computing Platform (GPCP). The GPCP will provide a more capable, computing environment to process broader use cases and enable the Next Generation Command and Control (NGC2) on the Aviation fleet. The GPCP will utilize a Modular Open Systems Approach (MOSA) with a nonproprietary Open Systems Architecture (OSA) to keep pace with evolving threats in the Multi-Domain Battlefield.  The GPCP will enable the hosting of software applications to communicate, navigate, sense, and deploy weapon systems across the Joint Force in support of future aviation operations.  It will support the future Common Digital Backbone for the enduring and future Army Aviation fleets with the ability for further growth to host flight critical capabilities.  The GPCP will begin development in FY28 and production in FY31.</proc:Description>
        <proc:Justification>FY 2026 Base Procurement dollars in the amount of $4.652 million continues mission planning capability. 

The Centralized Aviation Flight Records System (CAFRS) information system provides aircrew member flight hours, aircraft currency, aircraft qualification and training. The CAFRS architecture is planning to evolve from enterprise servers with software distributed throughout the Army Aviation structure to a modern solution accessed through a web-based solution.  FY2026 AMPS funding was reduced to support transfer of funding to FDC for Next Generation Command and Control (NGC2) mission planning requirements.  Funding for CAFRs was part of this funding and therefore is not funded past FY25.

FY 2026 Base procurement dollars in the amount of $35.820 million supports IDM refresh and fielding to communicate, navigate, sense, and deploy weapon systems across the Joint Force in support of Army 2030 enduring and future aviation operations. Funding supports IDM OSR production activities as the obsolescence replacement for the IDM 401A to include the procurement of production units and airworthiness support for the fielding of the IDM OSR. Funding also supports software integration activities, including the Interoperability Software Application (ISA), Aviation Radio Control Manager (ARCM), and the Aircraft Survivability Equipment B-Kit Emulator software application, supporting Army Networking initiatives for integrating new radios and mission command modernization in support of NGC2. The funding is also for IDM OSR software compliance with cybersecurity requirements.

The FY 2026 request was reduced by $0.514 million for Advisory and Assistance Services to promote efficiencies and advance the policies of the Administration in alignment with Executive Order 14222, "Implementing the President's Department of Government Efficiency Cost Efficiency Initiative."

Network And Mission Plan is part of the Army Transformation Initiative.

In accordance with section 1815 of the FY 2008 National Defense Authorization Act (P.L. 110 - 181), this item is necessary for use by the active and reserve components of the Armed Forces for homeland defense missions, domestic emergency responses, and providing military support to civil authorities.</proc:Justification>
        <proc:ItemExhibitList>
            <proc:P3AModificationItemGroup>
                <proc:ModificationTitle>Network And Mission Plan</proc:ModificationTitle>
                <proc:ModificationNumber>AA0712</proc:ModificationNumber>
                <proc:ModificationType>Rationalization, Standardization, Interoperability, Compatibility, Simplification</proc:ModificationType>
                <proc:ModelsAffectedList>
                    <proc:ModelAffected>AH-64D/E</proc:ModelAffected>
                    <proc:ModelAffected>CH-47D/F</proc:ModelAffected>
                    <proc:ModelAffected>UH-60A/L/M/Q/V</proc:ModelAffected>
                    <proc:ModelAffected>HH-60L/M</proc:ModelAffected>
                    <proc:ModelAffected>EMARSS</proc:ModelAffected>
                    <proc:ModelAffected>UH-72</proc:ModelAffected>
                    <proc:ModelAffected>UAS</proc:ModelAffected>
                </proc:ModelsAffectedList>
                <proc:ResourceSummary>
                    <proc:TotalCost>
                        <proc:AllPriorYears>1098.384</proc:AllPriorYears>
                        <proc:PriorYear>44.558</proc:PriorYear>
                        <proc:CurrentYear>52.862</proc:CurrentYear>
                        <proc:BudgetYearOneBase>40.472</proc:BudgetYearOneBase>
                        <proc:BudgetYearOne>40.472</proc:BudgetYearOne>
                    </proc:TotalCost>
                    <proc:NetProcurementP1>
                        <proc:AllPriorYears>1098.384</proc:AllPriorYears>
                        <proc:PriorYear>44.558</proc:PriorYear>
                        <proc:CurrentYear>52.862</proc:CurrentYear>
                        <proc:BudgetYearOneBase>40.472</proc:BudgetYearOneBase>
                        <proc:BudgetYearOne>40.472</proc:BudgetYearOne>
                    </proc:NetProcurementP1>
                    <proc:TotalObligationAuthority>
                        <proc:AllPriorYears>1098.384</proc:AllPriorYears>
                        <proc:PriorYear>44.558</proc:PriorYear>
                        <proc:CurrentYear>52.862</proc:CurrentYear>
                        <proc:BudgetYearOneBase>40.472</proc:BudgetYearOneBase>
                        <proc:BudgetYearOne>40.472</proc:BudgetYearOne>
                    </proc:TotalObligationAuthority>
                </proc:ResourceSummary>
                <proc:SecondaryDistribution>
                    <proc:ComponentList>
                        <proc:Component>
                            <proc:Name>Army Active</proc:Name>
                            <proc:Cost>
                                <proc:TotalCost>
                                    <proc:PriorYear>32.349</proc:PriorYear>
                                    <proc:CurrentYear>32.476</proc:CurrentYear>
                                    <proc:BudgetYearOneBase>25.428</proc:BudgetYearOneBase>
                                    <proc:BudgetYearOne>25.428</proc:BudgetYearOne>
                                </proc:TotalCost>
                            </proc:Cost>
                        </proc:Component>
                        <proc:Component>
                            <proc:Name>Army National Guard</proc:Name>
                            <proc:Cost>
                                <proc:TotalCost>
                                    <proc:PriorYear>11.046</proc:PriorYear>
                                    <proc:CurrentYear>18.73</proc:CurrentYear>
                                    <proc:BudgetYearOneBase>13.612</proc:BudgetYearOneBase>
                                    <proc:BudgetYearOne>13.612</proc:BudgetYearOne>
                                </proc:TotalCost>
                            </proc:Cost>
                        </proc:Component>
                        <proc:Component>
                            <proc:Name>Army Reserve</proc:Name>
                            <proc:Cost>
                                <proc:TotalCost>
                                    <proc:PriorYear>1.163</proc:PriorYear>
                                    <proc:CurrentYear>1.656</proc:CurrentYear>
                                    <proc:BudgetYearOneBase>1.432</proc:BudgetYearOneBase>
                                    <proc:BudgetYearOne>1.432</proc:BudgetYearOne>
                                </proc:TotalCost>
                            </proc:Cost>
                        </proc:Component>
                    </proc:ComponentList>
                </proc:SecondaryDistribution>
                <proc:ModificationItemList>
                    <proc:ModificationItem>
                        <proc:Title>Aviation Mission Planning System (AMPS)</proc:Title>
                        <proc:Procurement>
                            <proc:BKits>
                                <proc:Recurring>
                                    <proc:KitList>
                                        <proc:Kit>
                                            <proc:Name>Kit Quantity- (Computer)</proc:Name>
                                            <proc:Cost>
                                                <proc:Quantity>
                                                    <proc:AllPriorYears>7780</proc:AllPriorYears>
                                                </proc:Quantity>
                                                <proc:TotalCost>
                                                    <proc:AllPriorYears>33.247</proc:AllPriorYears>
                                                </proc:TotalCost>
                                            </proc:Cost>
                                        </proc:Kit>
                                        <proc:Kit>
                                            <proc:Name>ECPs</proc:Name>
                                            <proc:Cost>
                                                <proc:TotalCost>
                                                    <proc:AllPriorYears>180.93</proc:AllPriorYears>
                                                    <proc:PriorYear>5.113</proc:PriorYear>
                                                    <proc:CurrentYear>2.632</proc:CurrentYear>
                                                    <proc:BudgetYearOneBase>2.387</proc:BudgetYearOneBase>
                                                    <proc:BudgetYearOne>2.387</proc:BudgetYearOne>
                                                </proc:TotalCost>
                                            </proc:Cost>
                                        </proc:Kit>
                                        <proc:Kit>
                                            <proc:Name>Systems Engineering</proc:Name>
                                            <proc:Cost>
                                                <proc:TotalCost>
                                                    <proc:AllPriorYears>26.772</proc:AllPriorYears>
                                                    <proc:PriorYear>3.145</proc:PriorYear>
                                                    <proc:CurrentYear>1.649</proc:CurrentYear>
                                                </proc:TotalCost>
                                            </proc:Cost>
                                        </proc:Kit>
                                        <proc:Kit>
                                            <proc:Name>System Test and Eval</proc:Name>
                                            <proc:Cost>
                                                <proc:TotalCost>
                                                    <proc:AllPriorYears>16.33</proc:AllPriorYears>
                                                    <proc:PriorYear>1.445</proc:PriorYear>
                                                    <proc:CurrentYear>0.879</proc:CurrentYear>
                                                    <proc:BudgetYearOneBase>0.501</proc:BudgetYearOneBase>
                                                    <proc:BudgetYearOne>0.501</proc:BudgetYearOne>
                                                </proc:TotalCost>
                                            </proc:Cost>
                                        </proc:Kit>
                                        <proc:Kit>
                                            <proc:Name>Fielding/Training</proc:Name>
                                            <proc:Cost>
                                                <proc:TotalCost>
                                                    <proc:AllPriorYears>75.749</proc:AllPriorYears>
                                                    <proc:PriorYear>3.931</proc:PriorYear>
                                                    <proc:CurrentYear>2.176</proc:CurrentYear>
                                                    <proc:BudgetYearOneBase>0.548</proc:BudgetYearOneBase>
                                                    <proc:BudgetYearOne>0.548</proc:BudgetYearOne>
                                                </proc:TotalCost>
                                            </proc:Cost>
                                        </proc:Kit>
                                        <proc:Kit>
                                            <proc:Name>Systems Engineering / Program Management</proc:Name>
                                            <proc:Cost>
                                                <proc:TotalCost>
                                                    <proc:AllPriorYears>21.116</proc:AllPriorYears>
                                                    <proc:PriorYear>1.107</proc:PriorYear>
                                                    <proc:CurrentYear>1.131</proc:CurrentYear>
                                                    <proc:BudgetYearOneBase>1.216</proc:BudgetYearOneBase>
                                                    <proc:BudgetYearOne>1.216</proc:BudgetYearOne>
                                                </proc:TotalCost>
                                            </proc:Cost>
                                        </proc:Kit>
                                    </proc:KitList>
                                    <proc:CategorySubtotal>
                                        <proc:Quantity>
                                            <proc:AllPriorYears>7780</proc:AllPriorYears>
                                        </proc:Quantity>
                                        <proc:TotalCost>
                                            <proc:AllPriorYears>354.144</proc:AllPriorYears>
                                            <proc:PriorYear>14.741</proc:PriorYear>
                                            <proc:CurrentYear>8.467</proc:CurrentYear>
                                            <proc:BudgetYearOneBase>4.652</proc:BudgetYearOneBase>
                                            <proc:BudgetYearOne>4.652</proc:BudgetYearOne>
                                        </proc:TotalCost>
                                    </proc:CategorySubtotal>
                                </proc:Recurring>
                                <proc:CategorySubtotal>
                                    <proc:Quantity>
                                        <proc:AllPriorYears>7780</proc:AllPriorYears>
                                    </proc:Quantity>
                                    <proc:TotalCost>
                                        <proc:AllPriorYears>354.144</proc:AllPriorYears>
                                        <proc:PriorYear>14.741</proc:PriorYear>
                                        <proc:CurrentYear>8.467</proc:CurrentYear>
                                        <proc:BudgetYearOneBase>4.652</proc:BudgetYearOneBase>
                                        <proc:BudgetYearOne>4.652</proc:BudgetYearOne>
                                    </proc:TotalCost>
                                </proc:CategorySubtotal>
                            </proc:BKits>
                            <proc:ManufacturerList>
                                <proc:Manufacturer>
                                    <proc:Name>Getac</proc:Name>
                                    <proc:Location>Irvine, CA</proc:Location>
                                </proc:Manufacturer>
                            </proc:ManufacturerList>
                            <proc:TotalCost>
                                <proc:Quantity>
                                    <proc:AllPriorYears>7780</proc:AllPriorYears>
                                </proc:Quantity>
                                <proc:TotalCost>
                                    <proc:AllPriorYears>354.144</proc:AllPriorYears>
                                    <proc:PriorYear>14.741</proc:PriorYear>
                                    <proc:CurrentYear>8.467</proc:CurrentYear>
                                    <proc:BudgetYearOneBase>4.652</proc:BudgetYearOneBase>
                                    <proc:BudgetYearOne>4.652</proc:BudgetYearOne>
                                </proc:TotalCost>
                            </proc:TotalCost>
                        </proc:Procurement>
                        <proc:Installation>
                            <proc:ImplementationMethodList>
                                <proc:ImplementationMethod>
                                    <proc:OrganicInstallation>
                                        <proc:ImplementationMethodName>Not applicable</proc:ImplementationMethodName>
                                        <proc:InstallationQuantity>0</proc:InstallationQuantity>
                                    </proc:OrganicInstallation>
                                </proc:ImplementationMethod>
                            </proc:ImplementationMethodList>
                        </proc:Installation>
                    </proc:ModificationItem>
                    <proc:ModificationItem>
                        <proc:Title>Improved Data Modem Open System REMAN (IDM OSR)</proc:Title>
                        <proc:Procurement>
                            <proc:AKits>
                                <proc:Recurring>
                                    <proc:KitList>
                                        <proc:Kit>
                                            <proc:Name>A-Kit Fabrication</proc:Name>
                                            <proc:Cost>
                                                <proc:TotalCost>
                                                    <proc:BudgetYearOneBase>0.473</proc:BudgetYearOneBase>
                                                    <proc:BudgetYearOne>0.473</proc:BudgetYearOne>
                                                </proc:TotalCost>
                                            </proc:Cost>
                                        </proc:Kit>
                                    </proc:KitList>
                                    <proc:CategorySubtotal>
                                        <proc:TotalCost>
                                            <proc:BudgetYearOneBase>0.473</proc:BudgetYearOneBase>
                                            <proc:BudgetYearOne>0.473</proc:BudgetYearOne>
                                        </proc:TotalCost>
                                    </proc:CategorySubtotal>
                                </proc:Recurring>
                                <proc:CategorySubtotal>
                                    <proc:TotalCost>
                                        <proc:BudgetYearOneBase>0.473</proc:BudgetYearOneBase>
                                        <proc:BudgetYearOne>0.473</proc:BudgetYearOne>
                                    </proc:TotalCost>
                                </proc:CategorySubtotal>
                            </proc:AKits>
                            <proc:BKits>
                                <proc:Recurring>
                                    <proc:KitList>
                                        <proc:Kit>
                                            <proc:Name>Kit Quantity- IDM OSA</proc:Name>
                                            <proc:Cost>
                                                <proc:Quantity>
                                                    <proc:AllPriorYears>5781</proc:AllPriorYears>
                                                </proc:Quantity>
                                                <proc:TotalCost>
                                                    <proc:AllPriorYears>160.424</proc:AllPriorYears>
                                                </proc:TotalCost>
                                            </proc:Cost>
                                        </proc:Kit>
                                        <proc:Kit>
                                            <proc:Name>Kit Quantity - IDM OSR</proc:Name>
                                            <proc:Cost>
                                                <proc:Quantity>
                                                    <proc:CurrentYear>50</proc:CurrentYear>
                                                    <proc:BudgetYearOneBase>32</proc:BudgetYearOneBase>
                                                    <proc:BudgetYearOne>32</proc:BudgetYearOne>
                                                </proc:Quantity>
                                                <proc:TotalCost>
                                                    <proc:CurrentYear>8.658</proc:CurrentYear>
                                                    <proc:BudgetYearOneBase>6.691</proc:BudgetYearOneBase>
                                                    <proc:BudgetYearOne>6.691</proc:BudgetYearOne>
                                                </proc:TotalCost>
                                            </proc:Cost>
                                        </proc:Kit>
                                        <proc:Kit>
                                            <proc:Name>Aircraft Integration</proc:Name>
                                            <proc:Cost>
                                                <proc:TotalCost>
                                                    <proc:AllPriorYears>169.95</proc:AllPriorYears>
                                                    <proc:BudgetYearOneBase>2.57</proc:BudgetYearOneBase>
                                                    <proc:BudgetYearOne>2.57</proc:BudgetYearOne>
                                                </proc:TotalCost>
                                            </proc:Cost>
                                        </proc:Kit>
                                        <proc:Kit>
                                            <proc:Name>Cybersecurity</proc:Name>
                                            <proc:Cost>
                                                <proc:TotalCost>
                                                    <proc:BudgetYearOneBase>0.201</proc:BudgetYearOneBase>
                                                    <proc:BudgetYearOne>0.201</proc:BudgetYearOne>
                                                </proc:TotalCost>
                                            </proc:Cost>
                                        </proc:Kit>
                                        <proc:Kit>
                                            <proc:Name>Obsolescence Support</proc:Name>
                                            <proc:Cost>
                                                <proc:TotalCost>
                                                    <proc:BudgetYearOneBase>0.177</proc:BudgetYearOneBase>
                                                    <proc:BudgetYearOne>0.177</proc:BudgetYearOne>
                                                </proc:TotalCost>
                                            </proc:Cost>
                                        </proc:Kit>
                                        <proc:Kit>
                                            <proc:Name>Other- PM Admin</proc:Name>
                                            <proc:Cost>
                                                <proc:TotalCost>
                                                    <proc:AllPriorYears>32.576</proc:AllPriorYears>
                                                    <proc:BudgetYearOneBase>4.67</proc:BudgetYearOneBase>
                                                    <proc:BudgetYearOne>4.67</proc:BudgetYearOne>
                                                </proc:TotalCost>
                                            </proc:Cost>
                                        </proc:Kit>
                                        <proc:Kit>
                                            <proc:Name>System Test &amp; Eval</proc:Name>
                                            <proc:Cost>
                                                <proc:TotalCost>
                                                    <proc:AllPriorYears>75.547</proc:AllPriorYears>
                                                    <proc:BudgetYearOneBase>11.909</proc:BudgetYearOneBase>
                                                    <proc:BudgetYearOne>11.909</proc:BudgetYearOne>
                                                </proc:TotalCost>
                                            </proc:Cost>
                                        </proc:Kit>
                                        <proc:Kit>
                                            <proc:Name>Systems Engineering</proc:Name>
                                            <proc:Cost>
                                                <proc:TotalCost>
                                                    <proc:AllPriorYears>26.116</proc:AllPriorYears>
                                                    <proc:PriorYear>0.4</proc:PriorYear>
                                                    <proc:CurrentYear>12.06</proc:CurrentYear>
                                                    <proc:BudgetYearOneBase>8.698</proc:BudgetYearOneBase>
                                                    <proc:BudgetYearOne>8.698</proc:BudgetYearOne>
                                                </proc:TotalCost>
                                            </proc:Cost>
                                        </proc:Kit>
                                        <proc:Kit>
                                            <proc:Name>ECP (SW)</proc:Name>
                                            <proc:Cost>
                                                <proc:TotalCost>
                                                    <proc:AllPriorYears>105.593</proc:AllPriorYears>
                                                </proc:TotalCost>
                                            </proc:Cost>
                                        </proc:Kit>
                                    </proc:KitList>
                                    <proc:CategorySubtotal>
                                        <proc:Quantity>
                                            <proc:AllPriorYears>5781</proc:AllPriorYears>
                                            <proc:CurrentYear>50</proc:CurrentYear>
                                            <proc:BudgetYearOneBase>32</proc:BudgetYearOneBase>
                                            <proc:BudgetYearOne>32</proc:BudgetYearOne>
                                        </proc:Quantity>
                                        <proc:TotalCost>
                                            <proc:AllPriorYears>570.206</proc:AllPriorYears>
                                            <proc:PriorYear>0.4</proc:PriorYear>
                                            <proc:CurrentYear>20.718</proc:CurrentYear>
                                            <proc:BudgetYearOneBase>34.916</proc:BudgetYearOneBase>
                                            <proc:BudgetYearOne>34.916</proc:BudgetYearOne>
                                        </proc:TotalCost>
                                    </proc:CategorySubtotal>
                                </proc:Recurring>
                                <proc:NonRecurring>
                                    <proc:KitList>
                                        <proc:Kit>
                                            <proc:Name>Fielding and Training</proc:Name>
                                            <proc:Cost>
                                                <proc:TotalCost>
                                                    <proc:AllPriorYears>1.144</proc:AllPriorYears>
                                                    <proc:BudgetYearOneBase>0.431</proc:BudgetYearOneBase>
                                                    <proc:BudgetYearOne>0.431</proc:BudgetYearOne>
                                                </proc:TotalCost>
                                            </proc:Cost>
                                        </proc:Kit>
                                        <proc:Kit>
                                            <proc:Name>Kit Quantity - IDM</proc:Name>
                                            <proc:Cost>
                                                <proc:TotalCost>
                                                    <proc:AllPriorYears>9.776</proc:AllPriorYears>
                                                </proc:TotalCost>
                                            </proc:Cost>
                                        </proc:Kit>
                                    </proc:KitList>
                                    <proc:CategorySubtotal>
                                        <proc:TotalCost>
                                            <proc:AllPriorYears>10.92</proc:AllPriorYears>
                                            <proc:BudgetYearOneBase>0.431</proc:BudgetYearOneBase>
                                            <proc:BudgetYearOne>0.431</proc:BudgetYearOne>
                                        </proc:TotalCost>
                                    </proc:CategorySubtotal>
                                </proc:NonRecurring>
                                <proc:CategorySubtotal>
                                    <proc:Quantity>
                                        <proc:AllPriorYears>5781</proc:AllPriorYears>
                                        <proc:CurrentYear>50</proc:CurrentYear>
                                        <proc:BudgetYearOneBase>32</proc:BudgetYearOneBase>
                                        <proc:BudgetYearOne>32</proc:BudgetYearOne>
                                    </proc:Quantity>
                                    <proc:TotalCost>
                                        <proc:AllPriorYears>581.126</proc:AllPriorYears>
                                        <proc:PriorYear>0.4</proc:PriorYear>
                                        <proc:CurrentYear>20.718</proc:CurrentYear>
                                        <proc:BudgetYearOneBase>35.347</proc:BudgetYearOneBase>
                                        <proc:BudgetYearOne>35.347</proc:BudgetYearOne>
                                    </proc:TotalCost>
                                </proc:CategorySubtotal>
                            </proc:BKits>
                            <proc:ManufacturerList>
                                <proc:Manufacturer>
                                    <proc:Name>DEVCOM S3I / North Atlantic Industries NAI</proc:Name>
                                    <proc:Location>Redstone Arsenal, AL / Long Island NY</proc:Location>
                                    <proc:ProductionLeadTimeAfterOct1InMonths>12</proc:ProductionLeadTimeAfterOct1InMonths>
                                </proc:Manufacturer>
                            </proc:ManufacturerList>
                            <proc:TotalCost>
                                <proc:Quantity>
                                    <proc:AllPriorYears>5781</proc:AllPriorYears>
                                    <proc:CurrentYear>50</proc:CurrentYear>
                                    <proc:BudgetYearOneBase>32</proc:BudgetYearOneBase>
                                    <proc:BudgetYearOne>32</proc:BudgetYearOne>
                                </proc:Quantity>
                                <proc:TotalCost>
                                    <proc:AllPriorYears>581.126</proc:AllPriorYears>
                                    <proc:PriorYear>0.4</proc:PriorYear>
                                    <proc:CurrentYear>20.718</proc:CurrentYear>
                                    <proc:BudgetYearOneBase>35.82</proc:BudgetYearOneBase>
                                    <proc:BudgetYearOne>35.82</proc:BudgetYearOne>
                                </proc:TotalCost>
                            </proc:TotalCost>
                        </proc:Procurement>
                        <proc:Installation>
                            <proc:ImplementationMethodList>
                                <proc:ImplementationMethod>
                                    <proc:OrganicInstallation>
                                        <proc:ImplementationMethodName>NETT</proc:ImplementationMethodName>
                                        <proc:InstallationQuantity>428</proc:InstallationQuantity>
                                    </proc:OrganicInstallation>
                                </proc:ImplementationMethod>
                            </proc:ImplementationMethodList>
                        </proc:Installation>
                    </proc:ModificationItem>
                    <proc:ModificationItem>
                        <proc:Title>Aviation Data Exploitation Capability (ADEC)</proc:Title>
                        <proc:Procurement>
                            <proc:BKits>
                                <proc:Recurring>
                                    <proc:KitList>
                                        <proc:Kit>
                                            <proc:Name>Kit Quantity- Workstation</proc:Name>
                                            <proc:Cost>
                                                <proc:Quantity>
                                                    <proc:AllPriorYears>452</proc:AllPriorYears>
                                                </proc:Quantity>
                                                <proc:TotalCost>
                                                    <proc:AllPriorYears>1.035</proc:AllPriorYears>
                                                </proc:TotalCost>
                                            </proc:Cost>
                                        </proc:Kit>
                                        <proc:Kit>
                                            <proc:Name>Kit Quantity- Server</proc:Name>
                                            <proc:Cost>
                                                <proc:Quantity>
                                                    <proc:AllPriorYears>50</proc:AllPriorYears>
                                                </proc:Quantity>
                                                <proc:TotalCost>
                                                    <proc:AllPriorYears>0.763</proc:AllPriorYears>
                                                </proc:TotalCost>
                                            </proc:Cost>
                                        </proc:Kit>
                                        <proc:Kit>
                                            <proc:Name>ECP (SW)</proc:Name>
                                            <proc:Cost>
                                                <proc:TotalCost>
                                                    <proc:AllPriorYears>1.186</proc:AllPriorYears>
                                                </proc:TotalCost>
                                            </proc:Cost>
                                        </proc:Kit>
                                        <proc:Kit>
                                            <proc:Name>Data</proc:Name>
                                            <proc:Cost>
                                                <proc:TotalCost>
                                                    <proc:AllPriorYears>0.843</proc:AllPriorYears>
                                                </proc:TotalCost>
                                            </proc:Cost>
                                        </proc:Kit>
                                        <proc:Kit>
                                            <proc:Name>Systems Engineering</proc:Name>
                                            <proc:Cost>
                                                <proc:TotalCost>
                                                    <proc:AllPriorYears>4.362</proc:AllPriorYears>
                                                </proc:TotalCost>
                                            </proc:Cost>
                                        </proc:Kit>
                                        <proc:Kit>
                                            <proc:Name>System Test &amp; Eval</proc:Name>
                                            <proc:Cost>
                                                <proc:TotalCost>
                                                    <proc:AllPriorYears>0.304</proc:AllPriorYears>
                                                </proc:TotalCost>
                                            </proc:Cost>
                                        </proc:Kit>
                                        <proc:Kit>
                                            <proc:Name>Fielding/Training</proc:Name>
                                            <proc:Cost>
                                                <proc:TotalCost>
                                                    <proc:AllPriorYears>4.972</proc:AllPriorYears>
                                                </proc:TotalCost>
                                            </proc:Cost>
                                        </proc:Kit>
                                        <proc:Kit>
                                            <proc:Name>Other- PM Admin</proc:Name>
                                            <proc:Cost>
                                                <proc:TotalCost>
                                                    <proc:AllPriorYears>7.17</proc:AllPriorYears>
                                                </proc:TotalCost>
                                            </proc:Cost>
                                        </proc:Kit>
                                    </proc:KitList>
                                    <proc:CategorySubtotal>
                                        <proc:Quantity>
                                            <proc:AllPriorYears>502</proc:AllPriorYears>
                                        </proc:Quantity>
                                        <proc:TotalCost>
                                            <proc:AllPriorYears>20.635</proc:AllPriorYears>
                                        </proc:TotalCost>
                                    </proc:CategorySubtotal>
                                </proc:Recurring>
                                <proc:CategorySubtotal>
                                    <proc:Quantity>
                                        <proc:AllPriorYears>502</proc:AllPriorYears>
                                    </proc:Quantity>
                                    <proc:TotalCost>
                                        <proc:AllPriorYears>20.635</proc:AllPriorYears>
                                    </proc:TotalCost>
                                </proc:CategorySubtotal>
                            </proc:BKits>
                            <proc:ManufacturerList>
                                <proc:Manufacturer>
                                    <proc:Name>AMRDEC Software Engineering Directorate</proc:Name>
                                    <proc:Location>Redstone Arsenal, AL</proc:Location>
                                </proc:Manufacturer>
                            </proc:ManufacturerList>
                            <proc:TotalCost>
                                <proc:Quantity>
                                    <proc:AllPriorYears>502</proc:AllPriorYears>
                                </proc:Quantity>
                                <proc:TotalCost>
                                    <proc:AllPriorYears>20.635</proc:AllPriorYears>
                                </proc:TotalCost>
                            </proc:TotalCost>
                        </proc:Procurement>
                        <proc:Installation>
                            <proc:ImplementationMethodList>
                                <proc:ImplementationMethod>
                                    <proc:NonOrganicInstallation>
                                        <proc:ImplementationMethodName>Not Applicable</proc:ImplementationMethodName>
                                        <proc:InstallationCost>
                                            <proc:AllPriorYears>
                                                <proc:Cost>
                                                    <proc:Quantity>
                                                        <proc:AllPriorYears>1</proc:AllPriorYears>
                                                    </proc:Quantity>
                                                    <proc:TotalCost>
                                                        <proc:AllPriorYears>0</proc:AllPriorYears>
                                                    </proc:TotalCost>
                                                </proc:Cost>
                                            </proc:AllPriorYears>
                                            <proc:PriorYear>
                                                <proc:Cost>
                                                    <proc:Quantity>
                                                        <proc:AllPriorYears>0</proc:AllPriorYears>
                                                    </proc:Quantity>
                                                    <proc:TotalCost>
                                                        <proc:AllPriorYears>0</proc:AllPriorYears>
                                                    </proc:TotalCost>
                                                </proc:Cost>
                                            </proc:PriorYear>
                                            <proc:CurrentYear>
                                                <proc:Cost>
                                                    <proc:Quantity>
                                                        <proc:AllPriorYears>0</proc:AllPriorYears>
                                                    </proc:Quantity>
                                                    <proc:TotalCost>
                                                        <proc:AllPriorYears>0</proc:AllPriorYears>
                                                    </proc:TotalCost>
                                                </proc:Cost>
                                            </proc:CurrentYear>
                                            <proc:BudgetYearOne>
                                                <proc:Cost>
                                                    <proc:Quantity>
                                                        <proc:AllPriorYears>0</proc:AllPriorYears>
                                                    </proc:Quantity>
                                                    <proc:TotalCost>
                                                        <proc:AllPriorYears>0</proc:AllPriorYears>
                                                    </proc:TotalCost>
                                                </proc:Cost>
                                            </proc:BudgetYearOne>
                                            <proc:Total>
                                                <proc:Cost>
                                                    <proc:Quantity>
                                                        <proc:AllPriorYears>1</proc:AllPriorYears>
                                                    </proc:Quantity>
                                                    <proc:TotalCost>
                                                        <proc:AllPriorYears>0</proc:AllPriorYears>
                                                    </proc:TotalCost>
                                                </proc:Cost>
                                            </proc:Total>
                                        </proc:InstallationCost>
                                        <proc:InstallationSchedule>
                                            <proc:In>
                                                <proc:AllPriorYears>1</proc:AllPriorYears>
                                            </proc:In>
                                            <proc:Out>
                                                <proc:AllPriorYears>1</proc:AllPriorYears>
                                            </proc:Out>
                                        </proc:InstallationSchedule>
                                    </proc:NonOrganicInstallation>
                                </proc:ImplementationMethod>
                            </proc:ImplementationMethodList>
                            <proc:TotalCost>
                                <proc:Quantity>
                                    <proc:AllPriorYears>1</proc:AllPriorYears>
                                </proc:Quantity>
                            </proc:TotalCost>
                        </proc:Installation>
                    </proc:ModificationItem>
                    <proc:ModificationItem>
                        <proc:Title>Aircraft Notebook (ACN)</proc:Title>
                        <proc:Procurement>
                            <proc:BKits>
                                <proc:Recurring>
                                    <proc:KitList>
                                        <proc:Kit>
                                            <proc:Name>ECP (SW)</proc:Name>
                                            <proc:Cost>
                                                <proc:TotalCost>
                                                    <proc:AllPriorYears>12.234</proc:AllPriorYears>
                                                </proc:TotalCost>
                                            </proc:Cost>
                                        </proc:Kit>
                                        <proc:Kit>
                                            <proc:Name>Data</proc:Name>
                                            <proc:Cost>
                                                <proc:TotalCost>
                                                    <proc:AllPriorYears>0.781</proc:AllPriorYears>
                                                </proc:TotalCost>
                                            </proc:Cost>
                                        </proc:Kit>
                                        <proc:Kit>
                                            <proc:Name>Systems Engineering</proc:Name>
                                            <proc:Cost>
                                                <proc:TotalCost>
                                                    <proc:AllPriorYears>11.582</proc:AllPriorYears>
                                                </proc:TotalCost>
                                            </proc:Cost>
                                        </proc:Kit>
                                        <proc:Kit>
                                            <proc:Name>System Test</proc:Name>
                                            <proc:Cost>
                                                <proc:TotalCost>
                                                    <proc:AllPriorYears>1.849</proc:AllPriorYears>
                                                </proc:TotalCost>
                                            </proc:Cost>
                                        </proc:Kit>
                                        <proc:Kit>
                                            <proc:Name>Fielding/Training</proc:Name>
                                            <proc:Cost>
                                                <proc:TotalCost>
                                                    <proc:AllPriorYears>43.43</proc:AllPriorYears>
                                                </proc:TotalCost>
                                            </proc:Cost>
                                        </proc:Kit>
                                        <proc:Kit>
                                            <proc:Name>Other- PM Admin</proc:Name>
                                            <proc:Cost>
                                                <proc:TotalCost>
                                                    <proc:AllPriorYears>4.774</proc:AllPriorYears>
                                                </proc:TotalCost>
                                            </proc:Cost>
                                        </proc:Kit>
                                    </proc:KitList>
                                    <proc:CategorySubtotal>
                                        <proc:TotalCost>
                                            <proc:AllPriorYears>74.65</proc:AllPriorYears>
                                        </proc:TotalCost>
                                    </proc:CategorySubtotal>
                                </proc:Recurring>
                                <proc:CategorySubtotal>
                                    <proc:TotalCost>
                                        <proc:AllPriorYears>74.65</proc:AllPriorYears>
                                    </proc:TotalCost>
                                </proc:CategorySubtotal>
                            </proc:BKits>
                            <proc:ManufacturerList>
                                <proc:Manufacturer>
                                    <proc:Name>AMRDEC Software Engineering Directorate</proc:Name>
                                    <proc:Location>Redstone Arsenal, AL</proc:Location>
                                </proc:Manufacturer>
                            </proc:ManufacturerList>
                            <proc:TotalCost>
                                <proc:TotalCost>
                                    <proc:AllPriorYears>74.65</proc:AllPriorYears>
                                </proc:TotalCost>
                            </proc:TotalCost>
                        </proc:Procurement>
                        <proc:Installation>
                            <proc:ImplementationMethodList>
                                <proc:ImplementationMethod>
                                    <proc:NonOrganicInstallation>
                                        <proc:ImplementationMethodName>Not Applicable</proc:ImplementationMethodName>
                                        <proc:InstallationCost>
                                            <proc:AllPriorYears>
                                                <proc:Cost>
                                                    <proc:Quantity>
                                                        <proc:AllPriorYears>1</proc:AllPriorYears>
                                                    </proc:Quantity>
                                                    <proc:TotalCost>
                                                        <proc:AllPriorYears>0</proc:AllPriorYears>
                                                    </proc:TotalCost>
                                                </proc:Cost>
                                            </proc:AllPriorYears>
                                            <proc:PriorYear>
                                                <proc:Cost>
                                                    <proc:Quantity>
                                                        <proc:AllPriorYears>0</proc:AllPriorYears>
                                                    </proc:Quantity>
                                                    <proc:TotalCost>
                                                        <proc:AllPriorYears>0</proc:AllPriorYears>
                                                    </proc:TotalCost>
                                                </proc:Cost>
                                            </proc:PriorYear>
                                            <proc:CurrentYear>
                                                <proc:Cost>
                                                    <proc:Quantity>
                                                        <proc:AllPriorYears>0</proc:AllPriorYears>
                                                    </proc:Quantity>
                                                    <proc:TotalCost>
                                                        <proc:AllPriorYears>0</proc:AllPriorYears>
                                                    </proc:TotalCost>
                                                </proc:Cost>
                                            </proc:CurrentYear>
                                            <proc:BudgetYearOne>
                                                <proc:Cost>
                                                    <proc:Quantity>
                                                        <proc:AllPriorYears>0</proc:AllPriorYears>
                                                    </proc:Quantity>
                                                    <proc:TotalCost>
                                                        <proc:AllPriorYears>0</proc:AllPriorYears>
                                                    </proc:TotalCost>
                                                </proc:Cost>
                                            </proc:BudgetYearOne>
                                            <proc:Total>
                                                <proc:Cost>
                                                    <proc:Quantity>
                                                        <proc:AllPriorYears>1</proc:AllPriorYears>
                                                    </proc:Quantity>
                                                    <proc:TotalCost>
                                                        <proc:AllPriorYears>0</proc:AllPriorYears>
                                                    </proc:TotalCost>
                                                </proc:Cost>
                                            </proc:Total>
                                        </proc:InstallationCost>
                                        <proc:InstallationSchedule>
                                            <proc:In>
                                                <proc:AllPriorYears>1</proc:AllPriorYears>
                                            </proc:In>
                                            <proc:Out>
                                                <proc:AllPriorYears>1</proc:AllPriorYears>
                                            </proc:Out>
                                        </proc:InstallationSchedule>
                                    </proc:NonOrganicInstallation>
                                </proc:ImplementationMethod>
                            </proc:ImplementationMethodList>
                            <proc:TotalCost>
                                <proc:Quantity>
                                    <proc:AllPriorYears>1</proc:AllPriorYears>
                                </proc:Quantity>
                            </proc:TotalCost>
                        </proc:Installation>
                    </proc:ModificationItem>
                    <proc:ModificationItem>
                        <proc:Title>Aviation Mission Common Server (AMCS)</proc:Title>
                        <proc:Procurement>
                            <proc:BKits>
                                <proc:Recurring>
                                    <proc:KitList>
                                        <proc:Kit>
                                            <proc:Name>System Engineering</proc:Name>
                                            <proc:Cost>
                                                <proc:TotalCost>
                                                    <proc:AllPriorYears>11.053</proc:AllPriorYears>
                                                    <proc:PriorYear>20.451</proc:PriorYear>
                                                    <proc:CurrentYear>11.555</proc:CurrentYear>
                                                </proc:TotalCost>
                                            </proc:Cost>
                                        </proc:Kit>
                                        <proc:Kit>
                                            <proc:Name>System Test and Evaluation</proc:Name>
                                            <proc:Cost>
                                                <proc:TotalCost>
                                                    <proc:AllPriorYears>9.142</proc:AllPriorYears>
                                                </proc:TotalCost>
                                            </proc:Cost>
                                        </proc:Kit>
                                        <proc:Kit>
                                            <proc:Name>Other - PM Admin</proc:Name>
                                            <proc:Cost>
                                                <proc:TotalCost>
                                                    <proc:AllPriorYears>7.654</proc:AllPriorYears>
                                                    <proc:PriorYear>8.216</proc:PriorYear>
                                                    <proc:CurrentYear>9.122</proc:CurrentYear>
                                                </proc:TotalCost>
                                            </proc:Cost>
                                        </proc:Kit>
                                    </proc:KitList>
                                    <proc:CategorySubtotal>
                                        <proc:TotalCost>
                                            <proc:AllPriorYears>27.849</proc:AllPriorYears>
                                            <proc:PriorYear>28.667</proc:PriorYear>
                                            <proc:CurrentYear>20.677</proc:CurrentYear>
                                        </proc:TotalCost>
                                    </proc:CategorySubtotal>
                                </proc:Recurring>
                                <proc:NonRecurring>
                                    <proc:KitList>
                                        <proc:Kit>
                                            <proc:Name>AMCS Aircraft Integration</proc:Name>
                                            <proc:Cost>
                                                <proc:TotalCost>
                                                    <proc:AllPriorYears>13.697</proc:AllPriorYears>
                                                </proc:TotalCost>
                                            </proc:Cost>
                                        </proc:Kit>
                                        <proc:Kit>
                                            <proc:Name>AMCS SW App ECP</proc:Name>
                                            <proc:Cost>
                                                <proc:TotalCost>
                                                    <proc:AllPriorYears>26.283</proc:AllPriorYears>
                                                </proc:TotalCost>
                                            </proc:Cost>
                                        </proc:Kit>
                                    </proc:KitList>
                                    <proc:CategorySubtotal>
                                        <proc:TotalCost>
                                            <proc:AllPriorYears>39.98</proc:AllPriorYears>
                                        </proc:TotalCost>
                                    </proc:CategorySubtotal>
                                </proc:NonRecurring>
                                <proc:CategorySubtotal>
                                    <proc:TotalCost>
                                        <proc:AllPriorYears>67.829</proc:AllPriorYears>
                                        <proc:PriorYear>28.667</proc:PriorYear>
                                        <proc:CurrentYear>20.677</proc:CurrentYear>
                                    </proc:TotalCost>
                                </proc:CategorySubtotal>
                            </proc:BKits>
                            <proc:ManufacturerList>
                                <proc:Manufacturer>
                                    <proc:Name>Mercury Systems</proc:Name>
                                    <proc:Location>Phoenix, AZ</proc:Location>
                                    <proc:ProductionLeadTimeAfterOct1InMonths>18</proc:ProductionLeadTimeAfterOct1InMonths>
                                </proc:Manufacturer>
                            </proc:ManufacturerList>
                            <proc:TotalCost>
                                <proc:TotalCost>
                                    <proc:AllPriorYears>67.829</proc:AllPriorYears>
                                    <proc:PriorYear>28.667</proc:PriorYear>
                                    <proc:CurrentYear>20.677</proc:CurrentYear>
                                </proc:TotalCost>
                            </proc:TotalCost>
                        </proc:Procurement>
                        <proc:Installation>
                            <proc:ImplementationMethodList>
                                <proc:ImplementationMethod>
                                    <proc:OrganicInstallation>
                                        <proc:ImplementationMethodName>MWO</proc:ImplementationMethodName>
                                        <proc:InstallationQuantity>0</proc:InstallationQuantity>
                                    </proc:OrganicInstallation>
                                </proc:ImplementationMethod>
                            </proc:ImplementationMethodList>
                        </proc:Installation>
                    </proc:ModificationItem>
                    <proc:ModificationItem>
                        <proc:Title>Aviation Status Dashboard Congressional Add</proc:Title>
                        <proc:Procurement>
                            <proc:BKits>
                                <proc:NonRecurring>
                                    <proc:KitList>
                                        <proc:Kit>
                                            <proc:Name>Software</proc:Name>
                                            <proc:Cost>
                                                <proc:TotalCost>
                                                    <proc:PriorYear>0.75</proc:PriorYear>
                                                    <proc:CurrentYear>3</proc:CurrentYear>
                                                </proc:TotalCost>
                                            </proc:Cost>
                                        </proc:Kit>
                                    </proc:KitList>
                                    <proc:CategorySubtotal>
                                        <proc:TotalCost>
                                            <proc:PriorYear>0.75</proc:PriorYear>
                                            <proc:CurrentYear>3</proc:CurrentYear>
                                        </proc:TotalCost>
                                    </proc:CategorySubtotal>
                                </proc:NonRecurring>
                                <proc:CategorySubtotal>
                                    <proc:TotalCost>
                                        <proc:PriorYear>0.75</proc:PriorYear>
                                        <proc:CurrentYear>3</proc:CurrentYear>
                                    </proc:TotalCost>
                                </proc:CategorySubtotal>
                            </proc:BKits>
                            <proc:ManufacturerList>
                                <proc:Manufacturer>
                                    <proc:Name>Lulius Innovation Inc</proc:Name>
                                    <proc:Location>Reno NV</proc:Location>
                                </proc:Manufacturer>
                            </proc:ManufacturerList>
                            <proc:TotalCost>
                                <proc:TotalCost>
                                    <proc:PriorYear>0.75</proc:PriorYear>
                                    <proc:CurrentYear>3</proc:CurrentYear>
                                </proc:TotalCost>
                            </proc:TotalCost>
                        </proc:Procurement>
                        <proc:Installation>
                            <proc:ImplementationMethodList>
                                <proc:ImplementationMethod>
                                    <proc:OrganicInstallation>
                                        <proc:ImplementationMethodName>Software Install</proc:ImplementationMethodName>
                                        <proc:InstallationQuantity>0</proc:InstallationQuantity>
                                    </proc:OrganicInstallation>
                                </proc:ImplementationMethod>
                            </proc:ImplementationMethodList>
                        </proc:Installation>
                    </proc:ModificationItem>
                </proc:ModificationItemList>
                <proc:ProcurementSubtotal>
                    <proc:Quantity>
                        <proc:AllPriorYears>14063</proc:AllPriorYears>
                        <proc:CurrentYear>50</proc:CurrentYear>
                        <proc:BudgetYearOneBase>32</proc:BudgetYearOneBase>
                        <proc:BudgetYearOne>32</proc:BudgetYearOne>
                    </proc:Quantity>
                    <proc:TotalCost>
                        <proc:AllPriorYears>1098.384</proc:AllPriorYears>
                        <proc:PriorYear>44.558</proc:PriorYear>
                        <proc:CurrentYear>52.862</proc:CurrentYear>
                        <proc:BudgetYearOneBase>40.472</proc:BudgetYearOneBase>
                        <proc:BudgetYearOne>40.472</proc:BudgetYearOne>
                    </proc:TotalCost>
                </proc:ProcurementSubtotal>
                <proc:InstallationSubtotal>
                    <proc:Quantity>
                        <proc:AllPriorYears>2</proc:AllPriorYears>
                    </proc:Quantity>
                </proc:InstallationSubtotal>
                <proc:Description>Aviation Mission Planning System (AMPS) supports pre-mission planning and rehearsal, including route planning, communications planning, and aircraft configuration. It receives data from multiple sources and provides that data digitally to aircraft platforms to support aviation missions. That data is loaded onto the aircraft platforms utilizing a Data Transfer Device initializing the communication, navigation, and weapons systems on the aircraft. Currently, funding has been transitioned to Force Development - Communications (FDC) portfolio for management and execution.  It is assumed that FDC will potentially fund the program on a TBD FDC funding line once Office of Coordinating Responsibility (OCR) roles have been defined and endorsed by Assistant Secretary of the Army (Acquisition, Logistics and Technology (ASA ALT)).

The Improved Data Modem (IDM) is a mission computer that requires software to provide functionality. The IDM is the common solution for digitizing Army Aviation and is fielded on every modernized, rotary-wing Army aircraft. IDM provides digital air-to-air and air-to-ground connectivity and transmission of air-to-air target data between IDM equipped aircraft using legacy radio and crypto equipment. IDM also serves as interface between aircraft mission computers, data capable radios, and Tactical Internet (TI). IDM also manages Situational Awareness (SA) data, processes command and control messages, and incorporates protocols for sending and receiving mission command digital messages on the TI, Private Net, and Longbow Net using the protocols Air Force Application Program Development Net (AFAPD) and Variable Messaging Format (VMF).  The IDM 401 requires updated technology to mitigate obsolescence and enable multi-core processing to meet requirements for air to ground communications.  The IDM Open System REMAN (OSR) will serve as the stepping stone for a longer-term solution, the General-Purpose Computing Platform (GPCP).

The Aviation Mission Common Server (AMCS) will become a General-Purpose Computing Platform (GPCP). The GPCP will provide a more capable, computing environment to process broader use cases and enable the Next Generation Command and Control (NGC2) on the Aviation fleet. The GPCP will utilize a Modular Open Systems Approach (MOSA) with a nonproprietary Open Systems Architecture (OSA) to keep pace with evolving threats in the Multi-Domain Battlefield.  The GPCP will enable the hosting of software applications to communicate, navigate, sense, and deploy weapon systems across the Joint Force in support of future aviation operations.  It will support the future Common Digital Backbone for the enduring and future Army Aviation fleets with the ability for further growth to host flight critical capabilities.  The GPCP will begin development in FY28 and production in FY31.

.</proc:Description>
            </proc:P3AModificationItemGroup>
        </proc:ItemExhibitList>
        <proc:DocumentAssemblyOptions>
            <proc:p40AItemScheduleSetting>item</proc:p40AItemScheduleSetting>
        </proc:DocumentAssemblyOptions>
    </proc:LineItem>
</proc:LineItemList>