<?xml version="1.0" encoding="UTF-8"?>
<proc:LineItemList xmlns:proc="http://www.dtic.mil/comptroller/xml/schema/20100219/procurement">
    <proc:LineItem quantityUnits="Each" unitCostUnits="Dollars" totalCostUnits="Millions" manufacturerRateUnits="Yearly" suppressOutfittingDeliveryBY2ToBY5="true">
        <proc:LineItemNumber>1776</proc:LineItemNumber>
        <proc:LineItemTitle>Expeditionary Loitering Munitions</proc:LineItemTitle>
        <proc:P1LineNumber>16</proc:P1LineNumber>
        <proc:BudgetYear>2026</proc:BudgetYear>
        <proc:BudgetCycle>PB</proc:BudgetCycle>
        <proc:SubmissionDate>2025-06</proc:SubmissionDate>
        <proc:ServiceAgencyName>Navy</proc:ServiceAgencyName>
        <proc:AppropriationNumber>1508N</proc:AppropriationNumber>
        <proc:AppropriationTitle>Procurement of Ammo, Navy &amp; MC</proc:AppropriationTitle>
        <proc:BudgetActivityNumber>1</proc:BudgetActivityNumber>
        <proc:BudgetActivityTitle>Proc Ammo, Navy</proc:BudgetActivityTitle>
        <proc:BudgetSubActivityNumber>1</proc:BudgetSubActivityNumber>
        <proc:BudgetSubActivityTitle>Navy Ammunition</proc:BudgetSubActivityTitle>
        <proc:ResourceSummary>
            <proc:TotalCost>
                <proc:AllPriorYears>13</proc:AllPriorYears>
                <proc:PriorYear>249.575</proc:PriorYear>
                <proc:CurrentYear>588.005</proc:CurrentYear>
                <proc:BudgetYearOneBase>0</proc:BudgetYearOneBase>
                <proc:BudgetYearOneOOC>0</proc:BudgetYearOneOOC>
                <proc:BudgetYearOne>0</proc:BudgetYearOne>
            </proc:TotalCost>
            <proc:NetProcurementP1>
                <proc:AllPriorYears>13</proc:AllPriorYears>
                <proc:PriorYear>249.575</proc:PriorYear>
                <proc:CurrentYear>588.005</proc:CurrentYear>
                <proc:BudgetYearOneBase>0</proc:BudgetYearOneBase>
                <proc:BudgetYearOneOOC>0</proc:BudgetYearOneOOC>
                <proc:BudgetYearOne>0</proc:BudgetYearOne>
            </proc:NetProcurementP1>
            <proc:TotalObligationAuthority>
                <proc:AllPriorYears>13</proc:AllPriorYears>
                <proc:PriorYear>249.575</proc:PriorYear>
                <proc:CurrentYear>588.005</proc:CurrentYear>
                <proc:BudgetYearOneBase>0</proc:BudgetYearOneBase>
                <proc:BudgetYearOneOOC>0</proc:BudgetYearOneOOC>
                <proc:BudgetYearOne>0</proc:BudgetYearOne>
            </proc:TotalObligationAuthority>
        </proc:ResourceSummary>
        <proc:Code>A</proc:Code>
        <proc:Description>The Expeditionary Loitering Munitions Portfolio consists of two Navy loitering munition programs (air and surface) designed to meet an urgent Geographic Combatant Command Requirement. Air and Surface Expeditionary Loitering Munitions will leverage and continue prior development efforts including an Office of Naval Research (ONR) Innovative Naval Prototype (INP). The Navy is pursuing commercial-off-the-shelf solutions with autonomous government-provided software and auxiliary systems. The systems will be expeditionary and deployable by small teams to support operations in various environments. The air system has transitioned from Low-Rate Initial Production to Full-Rate Production with the initial vendor solutions and is now expanding the industrial base for this capability by integrating government-owned technology with other vendor platform solutions. The surface system has transitioned from the ONR INP and is now in Low-Rate Initial Production.</proc:Description>
        <proc:Justification>The FY 2026 request for the Expeditionary Loitering Munitions portfolio includes $0 of discretionary and $125,000 of mandatory (reconciliation) for a total of $125,000. The mandatory funds the procurement of Expeditionary Loitering Munition - Surface.  Further information for this reconciliation request is provided in Section 20005 (Low-Cost Weapons) of the Reconciliation Exhibit.</proc:Justification>
        <proc:ItemExhibitList>
            <proc:P40AItemGroup>
                <proc:Name>Expeditionary Loitering Munitions</proc:Name>
                <proc:CategoryList>
                    <proc:Category>
                        <proc:Name footnote="FY 2025 continues funding lots of full rate production. Increase from FY 2024 due to increased quantity of rounds procured resulting from increased production system maturity and production capacity at the Prime Contractor in order to meet JEON quantity requirement. Concurrent RDTEN and PANMC funding due to the completion of spiral software development in parallel with full rate production.">1) Expeditionary Loitering Munitions</proc:Name>
                        <proc:ItemList>
                            <proc:Item>
                                <proc:Name>1.1) AIR SYSTEM MATERIALS</proc:Name>
                                <proc:IdCode>A</proc:IdCode>
                                <proc:ResourceSummary>
                                    <proc:Quantity>
                                        <proc:AllPriorYears>550</proc:AllPriorYears>
                                        <proc:PriorYear>455</proc:PriorYear>
                                        <proc:CurrentYear>300</proc:CurrentYear>
                                    </proc:Quantity>
                                    <proc:TotalCost>
                                        <proc:AllPriorYears>12.65</proc:AllPriorYears>
                                        <proc:PriorYear>6.572</proc:PriorYear>
                                        <proc:CurrentYear>6.9</proc:CurrentYear>
                                    </proc:TotalCost>
                                    <proc:UnitCost>
                                        <proc:AllPriorYears>23000</proc:AllPriorYears>
                                        <proc:PriorYear>14444</proc:PriorYear>
                                        <proc:CurrentYear>23000</proc:CurrentYear>
                                    </proc:UnitCost>
                                </proc:ResourceSummary>
                                <proc:ManufacturerList>
                                    <proc:Manufacturer>
                                        <proc:Name>Raytheon</proc:Name>
                                        <proc:Location>Tucson, AZ</proc:Location>
                                        <proc:HistoryPlanningList>
                                            <proc:HistoryPlanning>
                                                <proc:FiscalYear footnote="Initial contract RFP release was delayed 6 mo due to agency level protest of the Sole Source Justification and Approval (J&amp;A)">2023</proc:FiscalYear>
                                                <proc:PCOLocation>Washington, DC</proc:PCOLocation>
                                                <proc:AwardDate>2023-11</proc:AwardDate>
                                                <proc:FirstDeliveryDate>2024-11</proc:FirstDeliveryDate>
                                                <proc:Quantity>550</proc:Quantity>
                                                <proc:UnitCost>23000.00</proc:UnitCost>
                                                <proc:SpecsAvailableNow>false</proc:SpecsAvailableNow>
                                                <proc:RevisionsAvailableDate>2024-01</proc:RevisionsAvailableDate>
                                                <proc:RFPIssueDate>2023-07</proc:RFPIssueDate>
                                                <proc:ContractMethod>SS</proc:ContractMethod>
                                                <proc:ContractType>CPIF</proc:ContractType>
                                            </proc:HistoryPlanning>
                                            <proc:HistoryPlanning>
                                                <proc:FiscalYear>2024</proc:FiscalYear>
                                                <proc:PCOLocation>Washington, DC</proc:PCOLocation>
                                                <proc:AwardDate>2024-04</proc:AwardDate>
                                                <proc:FirstDeliveryDate>2025-04</proc:FirstDeliveryDate>
                                                <proc:Quantity>455</proc:Quantity>
                                                <proc:UnitCost>14444.00</proc:UnitCost>
                                                <proc:SpecsAvailableNow>true</proc:SpecsAvailableNow>
                                                <proc:RFPIssueDate>2024-01</proc:RFPIssueDate>
                                                <proc:ContractMethod>SS</proc:ContractMethod>
                                                <proc:ContractType>CPIF</proc:ContractType>
                                            </proc:HistoryPlanning>
                                            <proc:HistoryPlanning>
                                                <proc:FiscalYear>2025</proc:FiscalYear>
                                                <proc:PCOLocation>Washington, DC</proc:PCOLocation>
                                                <proc:AwardDate>2025-02</proc:AwardDate>
                                                <proc:FirstDeliveryDate>2026-02</proc:FirstDeliveryDate>
                                                <proc:Quantity>300</proc:Quantity>
                                                <proc:UnitCost>23000.00</proc:UnitCost>
                                                <proc:SpecsAvailableNow>true</proc:SpecsAvailableNow>
                                                <proc:RFPIssueDate>2023-12</proc:RFPIssueDate>
                                                <proc:ContractMethod>SS</proc:ContractMethod>
                                                <proc:ContractType>CPIF</proc:ContractType>
                                            </proc:HistoryPlanning>
                                        </proc:HistoryPlanningList>
                                    </proc:Manufacturer>
                                </proc:ManufacturerList>
                            </proc:Item>
                            <proc:Item>
                                <proc:Name footnote="FY 2026 funding decrease is due to decrease in the round production quantity and a transition of other support activities to OMN.">1.2) AIR SYSTEM PRODUCTION</proc:Name>
                                <proc:ResourceSummary>
                                    <proc:TotalCost>
                                        <proc:AllPriorYears>0.35</proc:AllPriorYears>
                                        <proc:PriorYear>18.966</proc:PriorYear>
                                        <proc:CurrentYear>46.38</proc:CurrentYear>
                                    </proc:TotalCost>
                                </proc:ResourceSummary>
                            </proc:Item>
                            <proc:Item>
                                <proc:Name footnote="FY 2026 round procurement decreased after meeting delivery requirement.">1.3) AIR SYSTEM MUNITIONS</proc:Name>
                                <proc:ResourceSummary>
                                    <proc:Quantity>
                                        <proc:PriorYear>510</proc:PriorYear>
                                        <proc:CurrentYear>2100</proc:CurrentYear>
                                    </proc:Quantity>
                                    <proc:TotalCost>
                                        <proc:PriorYear>224.037</proc:PriorYear>
                                        <proc:CurrentYear>497.7</proc:CurrentYear>
                                    </proc:TotalCost>
                                    <proc:UnitCost>
                                        <proc:PriorYear>439289</proc:PriorYear>
                                        <proc:CurrentYear>237000</proc:CurrentYear>
                                    </proc:UnitCost>
                                </proc:ResourceSummary>
                                <proc:ManufacturerList>
                                    <proc:Manufacturer>
                                        <proc:Name>Raytheon</proc:Name>
                                        <proc:Location>Tucson, AZ</proc:Location>
                                        <proc:MinimumSustainingRate>0</proc:MinimumSustainingRate>
                                        <proc:MaximumProductionRate>TBD</proc:MaximumProductionRate>
                                        <proc:Rate185>0</proc:Rate185>
                                        <proc:InitialQuantity>
                                            <proc:AdminLeadTimeBeforeOct1InMonths>0</proc:AdminLeadTimeBeforeOct1InMonths>
                                            <proc:AdminLeadTimeAfterOct1InMonths>0</proc:AdminLeadTimeAfterOct1InMonths>
                                            <proc:ProductionLeadTimeAfterOct1InMonths>12</proc:ProductionLeadTimeAfterOct1InMonths>
                                            <proc:TotalLeadTimeAfterOct1InMonths>12</proc:TotalLeadTimeAfterOct1InMonths>
                                        </proc:InitialQuantity>
                                        <proc:ReorderQuantity>
                                            <proc:AdminLeadTimeBeforeOct1InMonths>0</proc:AdminLeadTimeBeforeOct1InMonths>
                                            <proc:AdminLeadTimeAfterOct1InMonths>0</proc:AdminLeadTimeAfterOct1InMonths>
                                            <proc:ProductionLeadTimeAfterOct1InMonths>12</proc:ProductionLeadTimeAfterOct1InMonths>
                                            <proc:TotalLeadTimeAfterOct1InMonths>12</proc:TotalLeadTimeAfterOct1InMonths>
                                        </proc:ReorderQuantity>
                                        <proc:HistoryPlanningList>
                                            <proc:HistoryPlanning>
                                                <proc:FiscalYear>2024</proc:FiscalYear>
                                                <proc:PCOLocation>Washington, DC</proc:PCOLocation>
                                                <proc:AwardDate>2024-08</proc:AwardDate>
                                                <proc:FirstDeliveryDate>2026-04</proc:FirstDeliveryDate>
                                                <proc:Quantity>510</proc:Quantity>
                                                <proc:UnitCost>439289.00</proc:UnitCost>
                                                <proc:SpecsAvailableNow>false</proc:SpecsAvailableNow>
                                                <proc:RevisionsAvailableDate>2024-03</proc:RevisionsAvailableDate>
                                                <proc:RFPIssueDate>2023-12</proc:RFPIssueDate>
                                                <proc:ContractMethod>SS</proc:ContractMethod>
                                                <proc:ContractType>CPIF</proc:ContractType>
                                                <proc:MonthlyDeliveryScheduleList>
                                                    <proc:MonthlyDeliverySchedule>
                                                        <proc:ServiceAgencyName>Navy</proc:ServiceAgencyName>
                                                        <proc:ProcQuantity>510</proc:ProcQuantity>
                                                        <proc:MonthlyDeliveryList>
                                                            <proc:MonthlyDelivery>
                                                                <proc:Month>2026-04</proc:Month>
                                                                <proc:Amount>200</proc:Amount>
                                                            </proc:MonthlyDelivery>
                                                            <proc:MonthlyDelivery>
                                                                <proc:Month>2026-05</proc:Month>
                                                                <proc:Amount>200</proc:Amount>
                                                            </proc:MonthlyDelivery>
                                                            <proc:MonthlyDelivery>
                                                                <proc:Month>2026-08</proc:Month>
                                                                <proc:Amount>110</proc:Amount>
                                                            </proc:MonthlyDelivery>
                                                        </proc:MonthlyDeliveryList>
                                                    </proc:MonthlyDeliverySchedule>
                                                </proc:MonthlyDeliveryScheduleList>
                                            </proc:HistoryPlanning>
                                            <proc:HistoryPlanning>
                                                <proc:FiscalYear>2025</proc:FiscalYear>
                                                <proc:PCOLocation>Washington, DC</proc:PCOLocation>
                                                <proc:AwardDate>2025-07</proc:AwardDate>
                                                <proc:FirstDeliveryDate>2026-09</proc:FirstDeliveryDate>
                                                <proc:Quantity>2100</proc:Quantity>
                                                <proc:UnitCost>237000.00</proc:UnitCost>
                                                <proc:SpecsAvailableNow>false</proc:SpecsAvailableNow>
                                                <proc:RevisionsAvailableDate>2024-03</proc:RevisionsAvailableDate>
                                                <proc:RFPIssueDate>2023-12</proc:RFPIssueDate>
                                                <proc:ContractMethod>SS</proc:ContractMethod>
                                                <proc:ContractType>CPIF</proc:ContractType>
                                                <proc:MonthlyDeliveryScheduleList>
                                                    <proc:MonthlyDeliverySchedule>
                                                        <proc:ServiceAgencyName>Navy</proc:ServiceAgencyName>
                                                        <proc:ProcQuantity>2100</proc:ProcQuantity>
                                                        <proc:MonthlyDeliveryList>
                                                            <proc:MonthlyDelivery>
                                                                <proc:Month>2026-09</proc:Month>
                                                                <proc:Amount>150</proc:Amount>
                                                            </proc:MonthlyDelivery>
                                                            <proc:MonthlyDelivery>
                                                                <proc:Month>2026-10</proc:Month>
                                                                <proc:Amount>200</proc:Amount>
                                                            </proc:MonthlyDelivery>
                                                            <proc:MonthlyDelivery>
                                                                <proc:Month>2026-11</proc:Month>
                                                                <proc:Amount>200</proc:Amount>
                                                            </proc:MonthlyDelivery>
                                                            <proc:MonthlyDelivery>
                                                                <proc:Month>2026-12</proc:Month>
                                                                <proc:Amount>200</proc:Amount>
                                                            </proc:MonthlyDelivery>
                                                            <proc:MonthlyDelivery>
                                                                <proc:Month>2027-01</proc:Month>
                                                                <proc:Amount>200</proc:Amount>
                                                            </proc:MonthlyDelivery>
                                                            <proc:MonthlyDelivery>
                                                                <proc:Month>2027-02</proc:Month>
                                                                <proc:Amount>200</proc:Amount>
                                                            </proc:MonthlyDelivery>
                                                            <proc:MonthlyDelivery>
                                                                <proc:Month>2027-03</proc:Month>
                                                                <proc:Amount>200</proc:Amount>
                                                            </proc:MonthlyDelivery>
                                                            <proc:MonthlyDelivery>
                                                                <proc:Month>2027-04</proc:Month>
                                                                <proc:Amount>200</proc:Amount>
                                                            </proc:MonthlyDelivery>
                                                            <proc:MonthlyDelivery>
                                                                <proc:Month>2027-05</proc:Month>
                                                                <proc:Amount>200</proc:Amount>
                                                            </proc:MonthlyDelivery>
                                                            <proc:MonthlyDelivery>
                                                                <proc:Month>2027-06</proc:Month>
                                                                <proc:Amount>200</proc:Amount>
                                                            </proc:MonthlyDelivery>
                                                            <proc:MonthlyDelivery>
                                                                <proc:Month>2027-07</proc:Month>
                                                                <proc:Amount>150</proc:Amount>
                                                            </proc:MonthlyDelivery>
                                                        </proc:MonthlyDeliveryList>
                                                    </proc:MonthlyDeliverySchedule>
                                                </proc:MonthlyDeliveryScheduleList>
                                            </proc:HistoryPlanning>
                                        </proc:HistoryPlanningList>
                                    </proc:Manufacturer>
                                </proc:ManufacturerList>
                            </proc:Item>
                            <proc:Item>
                                <proc:Name footnote="FY 2026 Software development for additional vendor integration development efforts shifted to RDT&amp;E and support for legacy system maintenance shifted to OMN.">1.4) AIR SYSTEM SOFTWARE</proc:Name>
                                <proc:ResourceSummary>
                                    <proc:TotalCost>
                                        <proc:CurrentYear>12.025</proc:CurrentYear>
                                    </proc:TotalCost>
                                </proc:ResourceSummary>
                            </proc:Item>
                            <proc:Item>
                                <proc:Name>1.5) SURFACE SYSTEM PRODUCTION</proc:Name>
                                <proc:ResourceSummary>
                                    <proc:TotalCost>
                                        <proc:CurrentYear>7</proc:CurrentYear>
                                    </proc:TotalCost>
                                </proc:ResourceSummary>
                            </proc:Item>
                            <proc:Item>
                                <proc:Name>1.7) SURFACE SYSTEM MATERIAL</proc:Name>
                                <proc:IdCode>A</proc:IdCode>
                                <proc:ResourceSummary>
                                    <proc:Quantity>
                                        <proc:CurrentYear>600</proc:CurrentYear>
                                    </proc:Quantity>
                                    <proc:TotalCost>
                                        <proc:CurrentYear>18</proc:CurrentYear>
                                    </proc:TotalCost>
                                    <proc:UnitCost>
                                        <proc:CurrentYear>30000</proc:CurrentYear>
                                    </proc:UnitCost>
                                </proc:ResourceSummary>
                                <proc:ManufacturerList>
                                    <proc:Manufacturer>
                                        <proc:Name>Various</proc:Name>
                                        <proc:Location>Various</proc:Location>
                                        <proc:HistoryPlanningList>
                                            <proc:HistoryPlanning>
                                                <proc:FiscalYear>2025</proc:FiscalYear>
                                                <proc:PCOLocation>Various</proc:PCOLocation>
                                                <proc:AwardDate>2025-06</proc:AwardDate>
                                                <proc:FirstDeliveryDate>2025-12</proc:FirstDeliveryDate>
                                                <proc:Quantity>600</proc:Quantity>
                                                <proc:UnitCost>30000.00</proc:UnitCost>
                                                <proc:SpecsAvailableNow>false</proc:SpecsAvailableNow>
                                                <proc:RevisionsAvailableDate>2024-03</proc:RevisionsAvailableDate>
                                                <proc:RFPIssueDate>2024-10</proc:RFPIssueDate>
                                                <proc:ContractMethod>C</proc:ContractMethod>
                                                <proc:ContractType>TBD</proc:ContractType>
                                            </proc:HistoryPlanning>
                                        </proc:HistoryPlanningList>
                                    </proc:Manufacturer>
                                </proc:ManufacturerList>
                            </proc:Item>
                        </proc:ItemList>
                        <proc:CategorySubtotal>
                            <proc:TotalCost>
                                <proc:AllPriorYears>13</proc:AllPriorYears>
                                <proc:PriorYear>249.575</proc:PriorYear>
                                <proc:CurrentYear>588.005</proc:CurrentYear>
                            </proc:TotalCost>
                        </proc:CategorySubtotal>
                    </proc:Category>
                </proc:CategoryList>
                <proc:TotalCost>
                    <proc:TotalCost>
                        <proc:AllPriorYears>13</proc:AllPriorYears>
                        <proc:PriorYear>249.575</proc:PriorYear>
                        <proc:CurrentYear>588.005</proc:CurrentYear>
                    </proc:TotalCost>
                </proc:TotalCost>
            </proc:P40AItemGroup>
        </proc:ItemExhibitList>
        <proc:DocumentAssemblyOptions>
            <proc:p40AItemScheduleSetting>total</proc:p40AItemScheduleSetting>
        </proc:DocumentAssemblyOptions>
    </proc:LineItem>
</proc:LineItemList>