<?xml version="1.0" encoding="UTF-8"?>
<proc:LineItemList xmlns:proc="http://www.dtic.mil/comptroller/xml/schema/20100219/procurement">
    <proc:LineItem quantityUnits="Each" unitCostUnits="Dollars" totalCostUnits="Millions" manufacturerRateUnits="Yearly" suppressOutfittingDeliveryBY2ToBY5="true">
        <proc:LineItemNumber>0180</proc:LineItemNumber>
        <proc:LineItemTitle>Cartridge Actuated Devices/Propellant Act Devices</proc:LineItemTitle>
        <proc:P1LineNumber>6</proc:P1LineNumber>
        <proc:BudgetYear>2026</proc:BudgetYear>
        <proc:BudgetCycle>PB</proc:BudgetCycle>
        <proc:SubmissionDate>2025-06</proc:SubmissionDate>
        <proc:ServiceAgencyName>Navy</proc:ServiceAgencyName>
        <proc:AppropriationNumber>1508N</proc:AppropriationNumber>
        <proc:AppropriationTitle>Procurement of Ammo, Navy &amp; MC</proc:AppropriationTitle>
        <proc:BudgetActivityNumber>1</proc:BudgetActivityNumber>
        <proc:BudgetActivityTitle>Proc Ammo, Navy</proc:BudgetActivityTitle>
        <proc:BudgetSubActivityNumber>1</proc:BudgetSubActivityNumber>
        <proc:BudgetSubActivityTitle>Navy Ammunition</proc:BudgetSubActivityTitle>
        <proc:ResourceSummary>
            <proc:TotalCost>
                <proc:AllPriorYears>1194.932</proc:AllPriorYears>
                <proc:PriorYear>72.426</proc:PriorYear>
                <proc:CurrentYear>73.782</proc:CurrentYear>
                <proc:BudgetYearOneBase>74.535</proc:BudgetYearOneBase>
                <proc:BudgetYearOneOOC>0</proc:BudgetYearOneOOC>
                <proc:BudgetYearOne>74.535</proc:BudgetYearOne>
            </proc:TotalCost>
            <proc:NetProcurementP1>
                <proc:AllPriorYears>1194.932</proc:AllPriorYears>
                <proc:PriorYear>72.426</proc:PriorYear>
                <proc:CurrentYear>73.782</proc:CurrentYear>
                <proc:BudgetYearOneBase>74.535</proc:BudgetYearOneBase>
                <proc:BudgetYearOneOOC>0</proc:BudgetYearOneOOC>
                <proc:BudgetYearOne>74.535</proc:BudgetYearOne>
            </proc:NetProcurementP1>
            <proc:TotalObligationAuthority>
                <proc:AllPriorYears>1194.932</proc:AllPriorYears>
                <proc:PriorYear>72.426</proc:PriorYear>
                <proc:CurrentYear>73.782</proc:CurrentYear>
                <proc:BudgetYearOneBase>74.535</proc:BudgetYearOneBase>
                <proc:BudgetYearOneOOC>0</proc:BudgetYearOneOOC>
                <proc:BudgetYearOne>74.535</proc:BudgetYearOne>
            </proc:TotalObligationAuthority>
        </proc:ResourceSummary>
        <proc:Code>A</proc:Code>
        <proc:Description>FY 2026 funding totals include $74.535 million.    

Cartridge Actuated Devices/Propellant Actuated Devices (CAD/PAD) program's mission is to procure over 700 distinct service life-limited explosive/energetic devices. These devices perform critical safety functions in support of flight operations. Specifically, these devices are in US Navy's Naval Aircrew Common Ejection Seats (NACES), Aircraft safety of flight components, aircrew survival equipment and weapon systems release systems. The CAD/PAD yearly requirement is modeled on the total reported active aircraft as per the Office of the Naval Operations (OPNAV). The quantity for these unique requirements vary due to the distinct energetics of each CAD/PAD service life. Extending service life of CAD/PAD components beyond recommended use due to unavailability can pose a significant safety risk to aircrew. These explosives/energetics have finite service lives and are replaced during scheduled maintenance. Aircraft readiness may be impacted if any one of these items does not meet service life recommendations and cannot be extended. The new layout is listed below, by aircraft and description.    

T-6: Funding supports procurement of cartridge actuated and propellant actuated devices. Examples of items used on this aircraft include: Ejection seat catapult cartridges and rocket motors including Under Seat Rocket Motors, Impulse Cartridges, Digital Inline Timers, and Small-Column Insulated Delay initiators.  Other aircraft cartridge actuated devices include Internal Canopy Mechanical Actuated Initiators, Seat Movement Mechanical Actuated Initiators, External Canopy Mechanical Actuated Initiators, Donor Assemblies, Manifolds, and ballistic transfer and canopy fracturing lines, 

T-38/F-5: Funding supports procurement of cartridge actuated and propellant actuated devices. Examples of items used on this aircraft include: Ejection seat catapult cartridges and rocket motors including Under Seat Rocket Motors, Impulse Cartridges, Digital Inline Timers, and Small-Column Insulated Delay initiators.  Other aircraft cartridge actuated devices include  Canopy removers and thrusters, and Donor Assemblies, 

V-22: Funding supports procurement of cartridge actuated devices. Examples of items used on this aircraft include: Internal Canopy Mechanical Actuated Initiators, External Canopy Mechanical Actuated Initiators, Gas Generators, Canopy and Hatch Shape Charge Assemblies, Thin Linear Explosive Ballistic Transfer Lines, Fire Extinguisher Cartridges, and Impulse Cartridges. 

AV-8B: Funding supports procurement of cartridge actuated and propellant actuated devices. Examples of items used on this aircraft include: Ejection seat cartridges and rocket motors, canopy fracturing mild detonating cords, Impulse Cartridges, Cartridge Actuated Delay Initiators, Cartridge Actuated Initiators, Flexible Confined Detonating Cord, and Ballistic Transfer Lines. 

F/A-18 &amp; EA-18: Funding supports procurement of cartridge actuated and propellant actuated devices. Examples of items used on this aircraft include: Ejection seat cartridges and rocket motors including Parachute Deployment Rocket Motors, sequencer thermal batteries, Under Seat Rocket Motors, Impulse Cartridges, and seat catapult primary initiators, Digital Inline Timers, and Small-Column Insulated Delay initiators. Other aircraft devices include Fire Suppression Gas Generators, Fire Extinguisher Cartridges, ballistic transfer lines, canopy jettison rocket motors, DFIRS explosive doors, and DFIRS initiation components.

T-45: Funding supports procurement of cartridge actuated and propellant actuated devices. Examples of items used on this aircraft include: Ejection seat cartridges and rocket motors including Parachute Deployment Rocket Motors, sequencer thermal batteries, Under Seat Rocket Motors, Impulse Cartridges, and seat catapult primary initiators, Digital Inline Timers, and Small-Column Insulated Delay initiators. Other aircraft devices include ballistic transfer lines and canopy fracturing mild detonating cords. 

All Other Platforms: CAD/PAD devices typically procured yearly under this budget line, but not limited to, include explosive separators, aircrew and deck crew inflators, safety and arming devices, sequence controls, shielded mild detonating cords, initiators, thrusters, fire extinguisher cartridges, and other devices used in aircraft emergency escape and safety systems.

These devices number in the hundreds of unique components where the unit cost varies based on Economic Order Quantities varying from budget to budget for planned procurements.</proc:Description>
        <proc:Justification>FY 2026 baseline funding is required to support fleet requirements that take into account the aircraft inventory, maintenance cycle and aircraft installed Cartridge Actuated Devices/Propellant Actuated Devices (CAD/PAD) service life, on-hand inventory, procurement lead-time, historical costs and projected contract delivery date. Funding is also required for Integrated Logistics, Reliability Life which tests the life of propellant, Production Engineering Support and lot acceptance testing. Quality Assurance and Product Improvement Programs are used to address second source qualification, address safety of design and quality manufacturing efforts.  Obsolescence identifies and qualifies replacement propellants for CAD/PAD due to obsolescence of ingredients and/or diminishing sources of supply.

The yearly requirements are modeled based upon the active aircraft in the OPNAV A-II Aircraft Inventory Budget, which feeds into the CAD/PAD Requirements Determination Module (RDM). The RDM accounts for the changing number of aircraft, platform availability, and unique component service lives of all procured commodities and respective quantities, which vary from year to year.

The FY 2026 request was reduced by $0.202 million for Advisory and Assistance Services to promote efficiencies and advance the policies of the Administration in alignment with Executive Order 14222, "Implementing the President's Department of Government Efficiency Cost Efficiency Initiative."</proc:Justification>
        <proc:ItemExhibitList>
            <proc:P40AItemGroup>
                <proc:Name>Cartridge Actuated Devices/Propellant Act Devices</proc:Name>
                <proc:CategoryList>
                    <proc:Category>
                        <proc:Name footnote="Hardware-Stores Release &amp; Hardware Safety- Stores Release cartridges are utilized to release weapons and other stores from aircraft. This includes MF64, MT95/JM92, and MD65.  Hardware Safety Items used in ejection seats to include thermal batteries, parachute deployed rocket motors, under seat rocket motors, aircrew and deck crew inflators, primary and secondary cartridges, DFIR doors, Navy Aircrew Common Ejection Seats (NACES), and Fire Suppression Gas Generators. Additional items procured under the hardware safety include Safety and arming devices, sequence controls, shielded mild detonating cords, initiators, thrusters, fire extinguisher cartridges, rocket motors, catapults, and more, are used in aircraft emergency escape and safety systems. These explosives/energetics have finite service lives and are replaced during scheduled maintenance. An aircraft may be grounded if a single one of these items does not meet service life recommendations and cannot be extended.">1) Hardware-Stores Release &amp; Hardware Safety</proc:Name>
                        <proc:ItemList>
                            <proc:Item>
                                <proc:Name footnote="1.1) T-6 Funding supports procurement of cartridge actuated and propellant actuated devices. Examples of items used on this aircraft include: Under Seat Rocket Motor, Impulse Cartridge, Internal Canopy Mechanical Actuated Initiator, Seat Movement Mechanical Actuated Initiator, External Canopy Mechanical Actuated Initiator, Donor Assembly, Manifolds, Shielded Mild Detonating Cord Transfer Line, Holder Assembly, and Digital Inline Timers.   Fluctuations in requirements across the FYDP are based on the Fleet's actual need.  FY2025 to FY2026 Increases due to new higher-cost timed-change item sustainment requirements for T-6 Aircraft platform.">1.1) T-6</proc:Name>
                                <proc:IdCode>A</proc:IdCode>
                                <proc:ResourceSummary>
                                    <proc:TotalCost>
                                        <proc:AllPriorYears>1.923</proc:AllPriorYears>
                                        <proc:PriorYear>8.777</proc:PriorYear>
                                        <proc:CurrentYear>4.606</proc:CurrentYear>
                                        <proc:BudgetYearOneBase>5.558</proc:BudgetYearOneBase>
                                        <proc:BudgetYearOne>5.558</proc:BudgetYearOne>
                                    </proc:TotalCost>
                                </proc:ResourceSummary>
                            </proc:Item>
                            <proc:Item>
                                <proc:Name footnote="1.2) T-38/F-5 Funding supports procurement of cartridge actuated and propellant actuated devices. Examples of items used on this aircraft include: Under Seat Rocket Motor, Impulse Cartridge, Cartridge Actuated Initiator Internal Canopy Mechanical Actuated Initiator, Seat Movement Mechanical Actuated Initiator, External Canopy Mechanical Actuated Initiator, Donor Assembly, Digital Inline Timers and Small-Column Insulated Delay. Fluctuations in requirements across the FYDP are based on the Fleet's actual need.">1.2) T-38/F-5</proc:Name>
                                <proc:IdCode>A</proc:IdCode>
                                <proc:ResourceSummary>
                                    <proc:TotalCost>
                                        <proc:AllPriorYears>0.024</proc:AllPriorYears>
                                        <proc:PriorYear>6.511</proc:PriorYear>
                                        <proc:CurrentYear>4.708</proc:CurrentYear>
                                        <proc:BudgetYearOneBase>0.329</proc:BudgetYearOneBase>
                                        <proc:BudgetYearOne>0.329</proc:BudgetYearOne>
                                    </proc:TotalCost>
                                </proc:ResourceSummary>
                            </proc:Item>
                            <proc:Item>
                                <proc:Name footnote="1.3) V-22 Funding supports procurement of cartridge actuated and propellant actuated devices. Examples of items used on this aircraft include: Internal Canopy Mechanical Actuated Initiator, External Canopy Mechanical Actuated Initiator, Gas Generators, Canopy and Hatch Shape Charge Assemblies, Thin Linear Explosive Ballistic Transfer Lines, Fire Extinguisher Cartridge and Impulse Cartridge.   Fluctuations in requirements across the FYDP are based on the Fleet's actual need.">1.3) V-22</proc:Name>
                                <proc:IdCode>A</proc:IdCode>
                                <proc:ResourceSummary>
                                    <proc:TotalCost>
                                        <proc:AllPriorYears>12.31</proc:AllPriorYears>
                                        <proc:PriorYear>7.65</proc:PriorYear>
                                        <proc:CurrentYear>17.544</proc:CurrentYear>
                                        <proc:BudgetYearOneBase>8.284</proc:BudgetYearOneBase>
                                        <proc:BudgetYearOne>8.284</proc:BudgetYearOne>
                                    </proc:TotalCost>
                                </proc:ResourceSummary>
                            </proc:Item>
                            <proc:Item>
                                <proc:Name footnote="1.4) AV-8B Funding supports procurement of cartridge actuated and propellant actuated devices. Examples of items used on this aircraft include: Mild detonating cord, Impulse Cartridge, Cartridge Actuated Delay Initiators, Cartridge Actuated Initiator, Rocket Motors, Flexible Confined Detonating Cord, and Ballistic Transfer Lines.  Fluctuations in requirements across the FYDP are based on the Fleet's actual need.">1.4) AV-8B</proc:Name>
                                <proc:IdCode>A</proc:IdCode>
                                <proc:ResourceSummary>
                                    <proc:TotalCost>
                                        <proc:AllPriorYears>0.442</proc:AllPriorYears>
                                        <proc:PriorYear>1.77</proc:PriorYear>
                                        <proc:CurrentYear>0.995</proc:CurrentYear>
                                        <proc:BudgetYearOneBase>0.203</proc:BudgetYearOneBase>
                                        <proc:BudgetYearOne>0.203</proc:BudgetYearOne>
                                    </proc:TotalCost>
                                </proc:ResourceSummary>
                            </proc:Item>
                            <proc:Item>
                                <proc:Name footnote="1.5) F/A-18 &amp; EA-18 Funding supports procurement of cartridge actuated and propellant actuated devices. Examples of items used on this aircraft include: Thermal Battery, Under Seat Rocket Motor, Impulse Cartridge, Internal Canopy Mechanical Actuated Initiator, Seat Movement Mechanical Actuated Initiator, Gas Generator, Digital Inline Timers, Fire Extinguisher Cartridge, Small-Column Insulated Delay and Shielded Mild Detonating Cords.  Fluctuations in requirements across the FYDP are based on the Fleet's actual need.  FY2025 to FY2026 Increase in requirement for the F/A-18 &amp; EA-18G platforms is due to additional alternate sources of supply to include ejection seat parachute deployment rocket motors (JN30) and time delay initiators (JN92-JN93, MC50). New sustainment pipelines will increase dangerously low stockpiles to meet minimum needed to maintain aircraft readiness requirements. These increases will also permit cost avoidance within sustainment as install lives of new devices are longer than current technology and will enable future deferred maintenance for maximum operational flexibility.">1.5) F/A-18 &amp; EA-18</proc:Name>
                                <proc:IdCode>A</proc:IdCode>
                                <proc:ResourceSummary>
                                    <proc:TotalCost>
                                        <proc:AllPriorYears>30.523</proc:AllPriorYears>
                                        <proc:PriorYear>17.114</proc:PriorYear>
                                        <proc:CurrentYear>16.361</proc:CurrentYear>
                                        <proc:BudgetYearOneBase>27.276</proc:BudgetYearOneBase>
                                        <proc:BudgetYearOne>27.276</proc:BudgetYearOne>
                                    </proc:TotalCost>
                                </proc:ResourceSummary>
                            </proc:Item>
                            <proc:Item>
                                <proc:Name footnote="1.6) T-45 Funding supports procurement of cartridge actuated and propellant actuated devices. Examples of items used on this aircraft include: Under Seat Rocket Motor, Impulse Cartridge, Internal Canopy Mechanical Actuated Initiator, Seat Movement Mechanical Actuated Initiator, Digital Inline Timers and Small-Column Insulated Delay. Fluctuations in requirements across the FYDP are based on the Fleet's actual need.">1.6) T-45</proc:Name>
                                <proc:IdCode>A</proc:IdCode>
                                <proc:ResourceSummary>
                                    <proc:TotalCost>
                                        <proc:AllPriorYears>3.767</proc:AllPriorYears>
                                        <proc:PriorYear>6.365</proc:PriorYear>
                                        <proc:CurrentYear>5.282</proc:CurrentYear>
                                        <proc:BudgetYearOneBase>5.866</proc:BudgetYearOneBase>
                                        <proc:BudgetYearOne>5.866</proc:BudgetYearOne>
                                    </proc:TotalCost>
                                </proc:ResourceSummary>
                            </proc:Item>
                            <proc:Item>
                                <proc:Name footnote="1.7) Other Platforms Funding supports procurement of cartridge actuated and propellant actuated devices for all other platforms not specifically called out in the cost elements above. Devices consist of hundreds of unique components; the unit cost varies based on Economic Order Quantities, which vary from budget to budget for planned procurements. Fluctuations in requirements across the FYDP are based on the Fleet's actual need.  FY2025 to FY2026 Increases due to new higher-cost timed-change item sustainment requirements for: CH-53K (replacing MH-53E/CH-53E), additional F-16 (30 new aircraft), additional F-5 (10 new aircraft), additional VH-92A (5 new aircraft)">1.7) Other Platforms</proc:Name>
                                <proc:IdCode>A</proc:IdCode>
                                <proc:ResourceSummary>
                                    <proc:TotalCost>
                                        <proc:AllPriorYears>5.138</proc:AllPriorYears>
                                        <proc:PriorYear>6.683</proc:PriorYear>
                                        <proc:CurrentYear>6.823</proc:CurrentYear>
                                        <proc:BudgetYearOneBase>9.92</proc:BudgetYearOneBase>
                                        <proc:BudgetYearOne>9.92</proc:BudgetYearOne>
                                    </proc:TotalCost>
                                </proc:ResourceSummary>
                            </proc:Item>
                        </proc:ItemList>
                        <proc:CategorySubtotal>
                            <proc:TotalCost>
                                <proc:AllPriorYears>54.127</proc:AllPriorYears>
                                <proc:PriorYear>54.87</proc:PriorYear>
                                <proc:CurrentYear>56.319</proc:CurrentYear>
                                <proc:BudgetYearOneBase>57.436</proc:BudgetYearOneBase>
                                <proc:BudgetYearOne>57.436</proc:BudgetYearOne>
                            </proc:TotalCost>
                        </proc:CategorySubtotal>
                    </proc:Category>
                    <proc:Category>
                        <proc:Name>2) (Q8800) Intergrated Logistics Support</proc:Name>
                        <proc:ItemList>
                            <proc:Item>
                                <proc:Name>2.1) Stores Release ILS</proc:Name>
                                <proc:IdCode>A</proc:IdCode>
                                <proc:ResourceSummary>
                                    <proc:TotalCost>
                                        <proc:AllPriorYears>3.31</proc:AllPriorYears>
                                        <proc:PriorYear>0.287</proc:PriorYear>
                                        <proc:CurrentYear>0.293</proc:CurrentYear>
                                        <proc:BudgetYearOneBase>0.287</proc:BudgetYearOneBase>
                                        <proc:BudgetYearOne>0.287</proc:BudgetYearOne>
                                    </proc:TotalCost>
                                </proc:ResourceSummary>
                            </proc:Item>
                            <proc:Item>
                                <proc:Name>2.2) Safety ILS</proc:Name>
                                <proc:IdCode>A</proc:IdCode>
                                <proc:ResourceSummary>
                                    <proc:TotalCost>
                                        <proc:AllPriorYears>11.19</proc:AllPriorYears>
                                        <proc:PriorYear>0.943</proc:PriorYear>
                                        <proc:CurrentYear>0.962</proc:CurrentYear>
                                        <proc:BudgetYearOneBase>0.942</proc:BudgetYearOneBase>
                                        <proc:BudgetYearOne>0.942</proc:BudgetYearOne>
                                    </proc:TotalCost>
                                </proc:ResourceSummary>
                            </proc:Item>
                            <proc:Item>
                                <proc:Name>2.3) Misc. Devices ILS</proc:Name>
                                <proc:IdCode>A</proc:IdCode>
                                <proc:ResourceSummary>
                                    <proc:TotalCost>
                                        <proc:AllPriorYears>4.739</proc:AllPriorYears>
                                        <proc:PriorYear>0.342</proc:PriorYear>
                                        <proc:CurrentYear>0.349</proc:CurrentYear>
                                        <proc:BudgetYearOneBase>0.342</proc:BudgetYearOneBase>
                                        <proc:BudgetYearOne>0.342</proc:BudgetYearOne>
                                    </proc:TotalCost>
                                </proc:ResourceSummary>
                            </proc:Item>
                        </proc:ItemList>
                        <proc:CategorySubtotal>
                            <proc:TotalCost>
                                <proc:AllPriorYears>19.239</proc:AllPriorYears>
                                <proc:PriorYear>1.572</proc:PriorYear>
                                <proc:CurrentYear>1.604</proc:CurrentYear>
                                <proc:BudgetYearOneBase>1.571</proc:BudgetYearOneBase>
                                <proc:BudgetYearOne>1.571</proc:BudgetYearOne>
                            </proc:TotalCost>
                        </proc:CategorySubtotal>
                    </proc:Category>
                    <proc:Category>
                        <proc:Name>3) (Q8820) Reliability Life</proc:Name>
                        <proc:ItemList>
                            <proc:Item>
                                <proc:Name>3.1) Stores Release Reliability Life</proc:Name>
                                <proc:IdCode>A</proc:IdCode>
                                <proc:ResourceSummary>
                                    <proc:TotalCost>
                                        <proc:AllPriorYears>1.777</proc:AllPriorYears>
                                        <proc:PriorYear>0.151</proc:PriorYear>
                                        <proc:CurrentYear>0.154</proc:CurrentYear>
                                        <proc:BudgetYearOneBase>0.147</proc:BudgetYearOneBase>
                                        <proc:BudgetYearOne>0.147</proc:BudgetYearOne>
                                    </proc:TotalCost>
                                </proc:ResourceSummary>
                            </proc:Item>
                            <proc:Item>
                                <proc:Name>3.2) Safety Reliability Life</proc:Name>
                                <proc:IdCode>A</proc:IdCode>
                                <proc:ResourceSummary>
                                    <proc:TotalCost>
                                        <proc:AllPriorYears>4.797</proc:AllPriorYears>
                                        <proc:PriorYear>0.338</proc:PriorYear>
                                        <proc:CurrentYear>0.341</proc:CurrentYear>
                                        <proc:BudgetYearOneBase>0.334</proc:BudgetYearOneBase>
                                        <proc:BudgetYearOne>0.334</proc:BudgetYearOne>
                                    </proc:TotalCost>
                                </proc:ResourceSummary>
                            </proc:Item>
                            <proc:Item>
                                <proc:Name>3.3) Misc. Devices Reliability Life</proc:Name>
                                <proc:IdCode>A</proc:IdCode>
                                <proc:ResourceSummary>
                                    <proc:TotalCost>
                                        <proc:AllPriorYears>2.673</proc:AllPriorYears>
                                        <proc:PriorYear>0.18</proc:PriorYear>
                                        <proc:CurrentYear>0.184</proc:CurrentYear>
                                        <proc:BudgetYearOneBase>0.18</proc:BudgetYearOneBase>
                                        <proc:BudgetYearOne>0.18</proc:BudgetYearOne>
                                    </proc:TotalCost>
                                </proc:ResourceSummary>
                            </proc:Item>
                        </proc:ItemList>
                        <proc:CategorySubtotal>
                            <proc:TotalCost>
                                <proc:AllPriorYears>9.247</proc:AllPriorYears>
                                <proc:PriorYear>0.669</proc:PriorYear>
                                <proc:CurrentYear>0.679</proc:CurrentYear>
                                <proc:BudgetYearOneBase>0.661</proc:BudgetYearOneBase>
                                <proc:BudgetYearOne>0.661</proc:BudgetYearOne>
                            </proc:TotalCost>
                        </proc:CategorySubtotal>
                    </proc:Category>
                    <proc:Category>
                        <proc:Name>4) (Q8830) Production Engineering</proc:Name>
                        <proc:ItemList>
                            <proc:Item>
                                <proc:Name>4.1) Stores Release PES</proc:Name>
                                <proc:IdCode>A</proc:IdCode>
                                <proc:ResourceSummary>
                                    <proc:TotalCost>
                                        <proc:AllPriorYears>11.18</proc:AllPriorYears>
                                        <proc:PriorYear>0.54</proc:PriorYear>
                                        <proc:CurrentYear>0.55</proc:CurrentYear>
                                        <proc:BudgetYearOneBase>0.539</proc:BudgetYearOneBase>
                                        <proc:BudgetYearOne>0.539</proc:BudgetYearOne>
                                    </proc:TotalCost>
                                </proc:ResourceSummary>
                            </proc:Item>
                            <proc:Item>
                                <proc:Name>4.2) Safety PES</proc:Name>
                                <proc:IdCode>A</proc:IdCode>
                                <proc:ResourceSummary>
                                    <proc:TotalCost>
                                        <proc:AllPriorYears>50.825</proc:AllPriorYears>
                                        <proc:PriorYear>4.852</proc:PriorYear>
                                        <proc:CurrentYear>4.749</proc:CurrentYear>
                                        <proc:BudgetYearOneBase>4.654</proc:BudgetYearOneBase>
                                        <proc:BudgetYearOne>4.654</proc:BudgetYearOne>
                                    </proc:TotalCost>
                                </proc:ResourceSummary>
                            </proc:Item>
                            <proc:Item>
                                <proc:Name>4.3) Misc. Devices PES</proc:Name>
                                <proc:IdCode>A</proc:IdCode>
                                <proc:ResourceSummary>
                                    <proc:TotalCost>
                                        <proc:AllPriorYears>13.637</proc:AllPriorYears>
                                        <proc:PriorYear>1.106</proc:PriorYear>
                                        <proc:CurrentYear>1.128</proc:CurrentYear>
                                        <proc:BudgetYearOneBase>1.105</proc:BudgetYearOneBase>
                                        <proc:BudgetYearOne>1.105</proc:BudgetYearOne>
                                    </proc:TotalCost>
                                </proc:ResourceSummary>
                            </proc:Item>
                        </proc:ItemList>
                        <proc:CategorySubtotal>
                            <proc:TotalCost>
                                <proc:AllPriorYears>75.642</proc:AllPriorYears>
                                <proc:PriorYear>6.498</proc:PriorYear>
                                <proc:CurrentYear>6.427</proc:CurrentYear>
                                <proc:BudgetYearOneBase>6.298</proc:BudgetYearOneBase>
                                <proc:BudgetYearOne>6.298</proc:BudgetYearOne>
                            </proc:TotalCost>
                        </proc:CategorySubtotal>
                    </proc:Category>
                    <proc:Category>
                        <proc:Name>5) (Q8840) Quality Assurance</proc:Name>
                        <proc:ItemList>
                            <proc:Item>
                                <proc:Name>5.1) Stores Release QA</proc:Name>
                                <proc:IdCode>A</proc:IdCode>
                                <proc:ResourceSummary>
                                    <proc:TotalCost>
                                        <proc:AllPriorYears>1.781</proc:AllPriorYears>
                                        <proc:PriorYear>0.159</proc:PriorYear>
                                        <proc:CurrentYear>0.162</proc:CurrentYear>
                                        <proc:BudgetYearOneBase>0.161</proc:BudgetYearOneBase>
                                        <proc:BudgetYearOne>0.161</proc:BudgetYearOne>
                                    </proc:TotalCost>
                                </proc:ResourceSummary>
                            </proc:Item>
                            <proc:Item>
                                <proc:Name>5.2) Safety QA</proc:Name>
                                <proc:IdCode>A</proc:IdCode>
                                <proc:ResourceSummary>
                                    <proc:TotalCost>
                                        <proc:AllPriorYears>6.086</proc:AllPriorYears>
                                        <proc:PriorYear>0.497</proc:PriorYear>
                                        <proc:CurrentYear>0.507</proc:CurrentYear>
                                        <proc:BudgetYearOneBase>0.495</proc:BudgetYearOneBase>
                                        <proc:BudgetYearOne>0.495</proc:BudgetYearOne>
                                    </proc:TotalCost>
                                </proc:ResourceSummary>
                            </proc:Item>
                            <proc:Item>
                                <proc:Name>5.3) Misc. Devices QA</proc:Name>
                                <proc:IdCode>A</proc:IdCode>
                                <proc:ResourceSummary>
                                    <proc:TotalCost>
                                        <proc:AllPriorYears>2.599</proc:AllPriorYears>
                                        <proc:PriorYear>0.188</proc:PriorYear>
                                        <proc:CurrentYear>0.192</proc:CurrentYear>
                                        <proc:BudgetYearOneBase>0.195</proc:BudgetYearOneBase>
                                        <proc:BudgetYearOne>0.195</proc:BudgetYearOne>
                                    </proc:TotalCost>
                                </proc:ResourceSummary>
                            </proc:Item>
                        </proc:ItemList>
                        <proc:CategorySubtotal>
                            <proc:TotalCost>
                                <proc:AllPriorYears>10.466</proc:AllPriorYears>
                                <proc:PriorYear>0.844</proc:PriorYear>
                                <proc:CurrentYear>0.861</proc:CurrentYear>
                                <proc:BudgetYearOneBase>0.851</proc:BudgetYearOneBase>
                                <proc:BudgetYearOne>0.851</proc:BudgetYearOne>
                            </proc:TotalCost>
                        </proc:CategorySubtotal>
                    </proc:Category>
                    <proc:Category>
                        <proc:Name>6) (Q8850) Product Improvement</proc:Name>
                        <proc:ItemList>
                            <proc:Item>
                                <proc:Name>6.1) Stores Release PIP</proc:Name>
                                <proc:IdCode>A</proc:IdCode>
                                <proc:ResourceSummary>
                                    <proc:TotalCost>
                                        <proc:AllPriorYears>5.494</proc:AllPriorYears>
                                        <proc:PriorYear>0.108</proc:PriorYear>
                                        <proc:CurrentYear>0.11</proc:CurrentYear>
                                        <proc:BudgetYearOneBase>0.107</proc:BudgetYearOneBase>
                                        <proc:BudgetYearOne>0.107</proc:BudgetYearOne>
                                    </proc:TotalCost>
                                </proc:ResourceSummary>
                            </proc:Item>
                            <proc:Item>
                                <proc:Name>6.2) Safety PIP</proc:Name>
                                <proc:IdCode>A</proc:IdCode>
                                <proc:ResourceSummary>
                                    <proc:TotalCost>
                                        <proc:AllPriorYears>31.417</proc:AllPriorYears>
                                        <proc:PriorYear>3.13</proc:PriorYear>
                                        <proc:CurrentYear>3</proc:CurrentYear>
                                        <proc:BudgetYearOneBase>2.922</proc:BudgetYearOneBase>
                                        <proc:BudgetYearOne>2.922</proc:BudgetYearOne>
                                    </proc:TotalCost>
                                </proc:ResourceSummary>
                            </proc:Item>
                            <proc:Item>
                                <proc:Name>6.3) Misc. Devices PIP</proc:Name>
                                <proc:IdCode>A</proc:IdCode>
                                <proc:ResourceSummary>
                                    <proc:TotalCost>
                                        <proc:AllPriorYears>9.04</proc:AllPriorYears>
                                        <proc:PriorYear>0.424</proc:PriorYear>
                                        <proc:CurrentYear>0.432</proc:CurrentYear>
                                        <proc:BudgetYearOneBase>0.423</proc:BudgetYearOneBase>
                                        <proc:BudgetYearOne>0.423</proc:BudgetYearOne>
                                    </proc:TotalCost>
                                </proc:ResourceSummary>
                            </proc:Item>
                        </proc:ItemList>
                        <proc:CategorySubtotal>
                            <proc:TotalCost>
                                <proc:AllPriorYears>45.951</proc:AllPriorYears>
                                <proc:PriorYear>3.662</proc:PriorYear>
                                <proc:CurrentYear>3.542</proc:CurrentYear>
                                <proc:BudgetYearOneBase>3.452</proc:BudgetYearOneBase>
                                <proc:BudgetYearOne>3.452</proc:BudgetYearOne>
                            </proc:TotalCost>
                        </proc:CategorySubtotal>
                    </proc:Category>
                    <proc:Category>
                        <proc:Name>7) (Q8860) Acceptance Testing</proc:Name>
                        <proc:ItemList>
                            <proc:Item>
                                <proc:Name>7.1) Stores Release Acceptance Testing</proc:Name>
                                <proc:IdCode>A</proc:IdCode>
                                <proc:ResourceSummary>
                                    <proc:TotalCost>
                                        <proc:AllPriorYears>6.501</proc:AllPriorYears>
                                        <proc:PriorYear>0.523</proc:PriorYear>
                                        <proc:CurrentYear>0.518</proc:CurrentYear>
                                        <proc:BudgetYearOneBase>0.51</proc:BudgetYearOneBase>
                                        <proc:BudgetYearOne>0.51</proc:BudgetYearOne>
                                    </proc:TotalCost>
                                </proc:ResourceSummary>
                            </proc:Item>
                            <proc:Item>
                                <proc:Name>7.2) Safety Acceptance Testing</proc:Name>
                                <proc:IdCode>A</proc:IdCode>
                                <proc:ResourceSummary>
                                    <proc:TotalCost>
                                        <proc:AllPriorYears>15.4</proc:AllPriorYears>
                                        <proc:PriorYear>0.879</proc:PriorYear>
                                        <proc:CurrentYear>0.882</proc:CurrentYear>
                                        <proc:BudgetYearOneBase>0.86</proc:BudgetYearOneBase>
                                        <proc:BudgetYearOne>0.86</proc:BudgetYearOne>
                                    </proc:TotalCost>
                                </proc:ResourceSummary>
                            </proc:Item>
                            <proc:Item>
                                <proc:Name>7.3) Misc. Devices Acceptance Testing</proc:Name>
                                <proc:IdCode>A</proc:IdCode>
                                <proc:ResourceSummary>
                                    <proc:TotalCost>
                                        <proc:AllPriorYears>10.027</proc:AllPriorYears>
                                        <proc:PriorYear>0.643</proc:PriorYear>
                                        <proc:CurrentYear>0.64</proc:CurrentYear>
                                        <proc:BudgetYearOneBase>0.634</proc:BudgetYearOneBase>
                                        <proc:BudgetYearOne>0.634</proc:BudgetYearOne>
                                    </proc:TotalCost>
                                </proc:ResourceSummary>
                            </proc:Item>
                        </proc:ItemList>
                        <proc:CategorySubtotal>
                            <proc:TotalCost>
                                <proc:AllPriorYears>31.928</proc:AllPriorYears>
                                <proc:PriorYear>2.045</proc:PriorYear>
                                <proc:CurrentYear>2.04</proc:CurrentYear>
                                <proc:BudgetYearOneBase>2.004</proc:BudgetYearOneBase>
                                <proc:BudgetYearOne>2.004</proc:BudgetYearOne>
                            </proc:TotalCost>
                        </proc:CategorySubtotal>
                    </proc:Category>
                    <proc:Category>
                        <proc:Name>8) (Q8870) Obsolescence</proc:Name>
                        <proc:ItemList>
                            <proc:Item>
                                <proc:Name>8.1) Stores Release Obsolescence</proc:Name>
                                <proc:IdCode>A</proc:IdCode>
                                <proc:ResourceSummary>
                                    <proc:TotalCost>
                                        <proc:AllPriorYears>2.618</proc:AllPriorYears>
                                        <proc:PriorYear>0.457</proc:PriorYear>
                                        <proc:CurrentYear>0.466</proc:CurrentYear>
                                        <proc:BudgetYearOneBase>0.456</proc:BudgetYearOneBase>
                                        <proc:BudgetYearOne>0.456</proc:BudgetYearOne>
                                    </proc:TotalCost>
                                </proc:ResourceSummary>
                            </proc:Item>
                            <proc:Item>
                                <proc:Name footnote="Obsolescence identifies and qualifies replacement propellants for CAD/PAD due to obsolescence of ingredients and/or diminishing sources of supply.">8.2) Safety Obsolescence</proc:Name>
                                <proc:IdCode>A</proc:IdCode>
                                <proc:ResourceSummary>
                                    <proc:TotalCost>
                                        <proc:AllPriorYears>7.784</proc:AllPriorYears>
                                        <proc:PriorYear>1.544</proc:PriorYear>
                                        <proc:CurrentYear>1.574</proc:CurrentYear>
                                        <proc:BudgetYearOneBase>1.542</proc:BudgetYearOneBase>
                                        <proc:BudgetYearOne>1.542</proc:BudgetYearOne>
                                    </proc:TotalCost>
                                </proc:ResourceSummary>
                            </proc:Item>
                            <proc:Item>
                                <proc:Name>8.3) Misc. Devices Obsolescence</proc:Name>
                                <proc:IdCode>A</proc:IdCode>
                                <proc:ResourceSummary>
                                    <proc:TotalCost>
                                        <proc:AllPriorYears>1.388</proc:AllPriorYears>
                                        <proc:PriorYear>0.265</proc:PriorYear>
                                        <proc:CurrentYear>0.27</proc:CurrentYear>
                                        <proc:BudgetYearOneBase>0.264</proc:BudgetYearOneBase>
                                        <proc:BudgetYearOne>0.264</proc:BudgetYearOne>
                                    </proc:TotalCost>
                                </proc:ResourceSummary>
                            </proc:Item>
                        </proc:ItemList>
                        <proc:CategorySubtotal>
                            <proc:TotalCost>
                                <proc:AllPriorYears>11.79</proc:AllPriorYears>
                                <proc:PriorYear>2.266</proc:PriorYear>
                                <proc:CurrentYear>2.31</proc:CurrentYear>
                                <proc:BudgetYearOneBase>2.262</proc:BudgetYearOneBase>
                                <proc:BudgetYearOne>2.262</proc:BudgetYearOne>
                            </proc:TotalCost>
                        </proc:CategorySubtotal>
                    </proc:Category>
                    <proc:Category>
                        <proc:Name>9) Prior Years</proc:Name>
                        <proc:ItemList>
                            <proc:Item>
                                <proc:Name>9.1) Prior Years Cumulative Funding</proc:Name>
                                <proc:IdCode>A</proc:IdCode>
                                <proc:ResourceSummary>
                                    <proc:TotalCost>
                                        <proc:AllPriorYears>936.542</proc:AllPriorYears>
                                    </proc:TotalCost>
                                </proc:ResourceSummary>
                            </proc:Item>
                        </proc:ItemList>
                        <proc:CategorySubtotal>
                            <proc:TotalCost>
                                <proc:AllPriorYears>936.542</proc:AllPriorYears>
                            </proc:TotalCost>
                        </proc:CategorySubtotal>
                    </proc:Category>
                </proc:CategoryList>
                <proc:TotalCost>
                    <proc:TotalCost>
                        <proc:AllPriorYears>1194.932</proc:AllPriorYears>
                        <proc:PriorYear>72.426</proc:PriorYear>
                        <proc:CurrentYear>73.782</proc:CurrentYear>
                        <proc:BudgetYearOneBase>74.535</proc:BudgetYearOneBase>
                        <proc:BudgetYearOne>74.535</proc:BudgetYearOne>
                    </proc:TotalCost>
                </proc:TotalCost>
            </proc:P40AItemGroup>
        </proc:ItemExhibitList>
        <proc:DocumentAssemblyOptions>
            <proc:p40AItemScheduleSetting>total</proc:p40AItemScheduleSetting>
        </proc:DocumentAssemblyOptions>
    </proc:LineItem>
</proc:LineItemList>