<?xml version="1.0" encoding="UTF-8"?>
<proc:LineItemList xmlns:proc="http://www.dtic.mil/comptroller/xml/schema/20100219/procurement">
    <proc:LineItem quantityUnits="Each" unitCostUnits="Dollars" totalCostUnits="Millions" manufacturerRateUnits="Yearly" suppressOutfittingDeliveryBY2ToBY5="true">
        <proc:LineItemNumber>0250</proc:LineItemNumber>
        <proc:LineItemTitle>5 Inch/54 Gun Ammunition</proc:LineItemTitle>
        <proc:P1LineNumber>9</proc:P1LineNumber>
        <proc:BudgetYear>2026</proc:BudgetYear>
        <proc:BudgetCycle>PB</proc:BudgetCycle>
        <proc:SubmissionDate>2025-06</proc:SubmissionDate>
        <proc:ServiceAgencyName>Navy</proc:ServiceAgencyName>
        <proc:AppropriationNumber>1508N</proc:AppropriationNumber>
        <proc:AppropriationTitle>Procurement of Ammo, Navy &amp; MC</proc:AppropriationTitle>
        <proc:BudgetActivityNumber>1</proc:BudgetActivityNumber>
        <proc:BudgetActivityTitle>Proc Ammo, Navy</proc:BudgetActivityTitle>
        <proc:BudgetSubActivityNumber>1</proc:BudgetSubActivityNumber>
        <proc:BudgetSubActivityTitle>Navy Ammunition</proc:BudgetSubActivityTitle>
        <proc:ResourceSummary>
            <proc:TotalCost>
                <proc:AllPriorYears>492.264</proc:AllPriorYears>
                <proc:PriorYear>35.571</proc:PriorYear>
                <proc:CurrentYear>19.99</proc:CurrentYear>
                <proc:BudgetYearOneBase>24.864</proc:BudgetYearOneBase>
                <proc:BudgetYearOneOOC>0</proc:BudgetYearOneOOC>
                <proc:BudgetYearOne>24.864</proc:BudgetYearOne>
            </proc:TotalCost>
            <proc:NetProcurementP1>
                <proc:AllPriorYears>492.264</proc:AllPriorYears>
                <proc:PriorYear>35.571</proc:PriorYear>
                <proc:CurrentYear>19.99</proc:CurrentYear>
                <proc:BudgetYearOneBase>24.864</proc:BudgetYearOneBase>
                <proc:BudgetYearOneOOC>0</proc:BudgetYearOneOOC>
                <proc:BudgetYearOne>24.864</proc:BudgetYearOne>
            </proc:NetProcurementP1>
            <proc:TotalObligationAuthority>
                <proc:AllPriorYears>492.264</proc:AllPriorYears>
                <proc:PriorYear>35.571</proc:PriorYear>
                <proc:CurrentYear>19.99</proc:CurrentYear>
                <proc:BudgetYearOneBase>24.864</proc:BudgetYearOneBase>
                <proc:BudgetYearOneOOC>0</proc:BudgetYearOneOOC>
                <proc:BudgetYearOne>24.864</proc:BudgetYearOne>
            </proc:TotalObligationAuthority>
        </proc:ResourceSummary>
        <proc:Code>A</proc:Code>
        <proc:Description>Program procures conventional 5"/54 ammunition and Counter Unmanned Aerial Systems (C-UAS) Hypervelocity Projectile (HVP) rounds supporting CENTCOM Operations Transfer, Israel Security Supplemental (P.L. 118-50, Division A., Sec. 101). Both ammunition are fired from MK 45 gun installed on Cruiser and Destroyer combatant ships against air, surface, and shore targets.  Conventional 5"/54 Ammunition items procured includes propelling charges, high-explosive projectiles, fuzes, and training rounds.</proc:Description>
        <proc:Justification>FY 2026 Baseline program funds Product Improvement Program to address source of supply and ammunition obsolescence issues, as well as Renovation Program to restore legacy assets to fleet issuable condition.  Baseline program also funds Production Engineering and Gauge requirements for all 5"/54 ammunition.

FY 2026 funding is to restore 5"/54 ammunition production capability and to convert unserviceable rounds to training rounds to reduce the gap between current inventory levels and the USN ammunition requirements for training and operational purposes. Operational purposes include surface warfare, air warfare, Counter Unmanned Aerial Systems (CUAS) and shore engagements. 5"/54 ammunition types are inert training rounds, high explosive and shotgun rounds, and high velocity projectiles.  Baseline program also funds production engineering and gauge requirements for all 5"/54 ammunition. 

In FY 2024 the USN 5"/54 ammunition production was line was shut down due to the production facility eliminating their 5'/54 ammunition production capability in support of the Ukraine requirement for 155mm ammunition. As a result, the USN 5''/54 ammunition inventory is critically low and will worsen if action is not taken immediately.   The FY2026 funding will be used to address the inventory issue near term by refurbishing unserviceable rounds into inert training rounds, and long term by reestablishment of supplier production capability of all types of rounds using the treated cast iron process (Austempered Ductile Iron ADI).  ADI will create a stronger projectile casting with superior strength.

FY 2024 includes supplemental funding from Israel Security Supplemental Appropriations Act, 2024 (Division A of Public Law 118-50) or Ukraine Security Supplemental Appropriations Act, 2024 (Division B of Public Law 118-50).  DON has received $24.7 million for the procurement of twenty-two (22) Hypervelocity Projectile (HVP) rounds, twenty-two (22) HVP Warheads, twenty-two (22) HVP Projectile Data Links (PDLs), and associated HVP integration efforts. This results in an increase FY 2024 quantities from 0 to 22.

The FY 2026 request was reduced by $0.630 million for Advisory and Assistance Services to promote efficiencies and advance the policies of the Administration in alignment with Executive Order 14222, "Implementing the President's Department of Government Efficiency Cost Efficiency Initiative."

OOC: 
FY 2022 includes $0.000M in OOC execution.
FY 2023 includes $0.000M in OOC enacted budget.
FY 2024 includes $0.000M for the OOC budget request.</proc:Justification>
        <proc:ItemExhibitList>
            <proc:P5Item>
                <proc:Name>5 Inch/54 Gun Ammunition</proc:Name>
                <proc:ItemNumber>1</proc:ItemNumber>
                <proc:Remarks>[Hardware] AC100: 5"54 Ammunition Hardware includes costs to procure components, load and assembly of complete rounds, and acceptance tests.  Costs associated with Transportation Account Code (TAC) are for first destination of delivery of production items.  Unit costs and quantities are adjusted during year of execution.

[Hardware] AC850: Product Improvement engineering services and related efforts by government activities, the producing contractor or manufacturing installation, are executed to extend the useful military life of an item or to improve the item/address component obsolescence within the current performance envelope. Product Improvement engineering services are required to execute the reestablishment of the 5"/54 ammo production line.

[Hardware] AC893: Renovation includes costs to procure upgraded components necessary to maximize fleet's tactical capabilities and restoration of unserviceable assets to issuable condition.

[Hardware] AC894: Gauge Requirements are for the procurement of gauges, auxiliary and test equipment and support costs necessary for ammunition metrology to check critical dimensions/parameters of ammunition items and their parts.

[Hardware] AC900: Newly established C-UAS Hypervelocity Projectile (HVP) cost elements in support of FY2024 CENTCOM Operations Transfer, Israel Security Supplemental (P.L. 118-50, Division A., Sec. 101).

[Support Cost] AC830: Production engineering for engineering services to support new acquisition, in production ammunition, and the reestablishment of the 5"/54 ammo production line.</proc:Remarks>
                <proc:ResourceSummary>
                    <proc:TotalCost>
                        <proc:AllPriorYears>492.264</proc:AllPriorYears>
                        <proc:PriorYear>35.571</proc:PriorYear>
                        <proc:CurrentYear>19.99</proc:CurrentYear>
                        <proc:BudgetYearOneBase>24.864</proc:BudgetYearOneBase>
                        <proc:BudgetYearOneOOC>0</proc:BudgetYearOneOOC>
                        <proc:BudgetYearOne>24.864</proc:BudgetYearOne>
                    </proc:TotalCost>
                    <proc:NetProcurementP1>
                        <proc:AllPriorYears>492.264</proc:AllPriorYears>
                        <proc:PriorYear>35.571</proc:PriorYear>
                        <proc:CurrentYear>19.99</proc:CurrentYear>
                        <proc:BudgetYearOneBase>24.864</proc:BudgetYearOneBase>
                        <proc:BudgetYearOneOOC>0</proc:BudgetYearOneOOC>
                        <proc:BudgetYearOne>24.864</proc:BudgetYearOne>
                    </proc:NetProcurementP1>
                    <proc:TotalObligationAuthority>
                        <proc:AllPriorYears>492.264</proc:AllPriorYears>
                        <proc:PriorYear>35.571</proc:PriorYear>
                        <proc:CurrentYear>19.99</proc:CurrentYear>
                        <proc:BudgetYearOneBase>24.864</proc:BudgetYearOneBase>
                        <proc:BudgetYearOneOOC>0</proc:BudgetYearOneOOC>
                        <proc:BudgetYearOne>24.864</proc:BudgetYearOne>
                    </proc:TotalObligationAuthority>
                </proc:ResourceSummary>
                <proc:CostElementCategoryList>
                    <proc:Hardware>
                        <proc:Name>AC100 5"/54 AMMUNITION HARDWARE</proc:Name>
                        <proc:Recurring>
                            <proc:CostElementList>
                                <proc:CostElement>
                                    <proc:Name>1.1.1) 5"54 CHG, PROP, CLEARING, MK65  (D296)</proc:Name>
                                    <proc:Cost>
                                        <proc:Quantity>
                                            <proc:AllPriorYears>491</proc:AllPriorYears>
                                        </proc:Quantity>
                                        <proc:TotalCost>
                                            <proc:AllPriorYears>0.534</proc:AllPriorYears>
                                        </proc:TotalCost>
                                        <proc:UnitCost>
                                            <proc:AllPriorYears>1087.58</proc:AllPriorYears>
                                        </proc:UnitCost>
                                    </proc:Cost>
                                </proc:CostElement>
                                <proc:CostElement>
                                    <proc:Name>1.1.2) 5/54 CHG, PROP, FULL (D326)</proc:Name>
                                    <proc:Cost>
                                        <proc:Quantity>
                                            <proc:AllPriorYears>74327</proc:AllPriorYears>
                                        </proc:Quantity>
                                        <proc:TotalCost>
                                            <proc:AllPriorYears>67.593</proc:AllPriorYears>
                                        </proc:TotalCost>
                                        <proc:UnitCost>
                                            <proc:AllPriorYears>909.4</proc:AllPriorYears>
                                        </proc:UnitCost>
                                    </proc:Cost>
                                </proc:CostElement>
                                <proc:CostElement>
                                    <proc:Name footnote="AC100: FY2026 DA65 1.1.3: FY2026 funding will implement product improvement qualifications for production restart of the 5&quot;54 ammunition (AC850, CE 2.1.5, 2.1.6, 2.1.7) while performing renovation efforts (AC893, CE 3.1.3) that will expedite fleet inventory replenishment. This renovation effort uses spare components and unserviceable assets for more immediate component delivery.">1.1.3) 5"/54 CHG, PROP, FULL (DA65)</proc:Name>
                                    <proc:Cost>
                                        <proc:Quantity>
                                            <proc:AllPriorYears>34873</proc:AllPriorYears>
                                        </proc:Quantity>
                                        <proc:TotalCost>
                                            <proc:AllPriorYears>48.586</proc:AllPriorYears>
                                        </proc:TotalCost>
                                        <proc:UnitCost>
                                            <proc:AllPriorYears>1393.23</proc:AllPriorYears>
                                        </proc:UnitCost>
                                    </proc:Cost>
                                    <proc:AllPriorYearsDeliveries>13494</proc:AllPriorYearsDeliveries>
                                    <proc:ManufacturerList>
                                        <proc:Manufacturer>
                                            <proc:Name>GDOTS/CCC</proc:Name>
                                            <proc:Location>VALLEYFIELD, CANADA</proc:Location>
                                            <proc:MinimumSustainingRate>5000</proc:MinimumSustainingRate>
                                            <proc:MaximumProductionRate>120000</proc:MaximumProductionRate>
                                            <proc:Rate185>60000</proc:Rate185>
                                            <proc:InitialQuantity>
                                                <proc:AdminLeadTimeBeforeOct1InMonths>6</proc:AdminLeadTimeBeforeOct1InMonths>
                                                <proc:AdminLeadTimeAfterOct1InMonths>6</proc:AdminLeadTimeAfterOct1InMonths>
                                                <proc:ProductionLeadTimeAfterOct1InMonths>23</proc:ProductionLeadTimeAfterOct1InMonths>
                                                <proc:TotalLeadTimeAfterOct1InMonths>29</proc:TotalLeadTimeAfterOct1InMonths>
                                            </proc:InitialQuantity>
                                            <proc:ReorderQuantity>
                                                <proc:AdminLeadTimeBeforeOct1InMonths>6</proc:AdminLeadTimeBeforeOct1InMonths>
                                                <proc:AdminLeadTimeAfterOct1InMonths>6</proc:AdminLeadTimeAfterOct1InMonths>
                                                <proc:ProductionLeadTimeAfterOct1InMonths>5</proc:ProductionLeadTimeAfterOct1InMonths>
                                                <proc:TotalLeadTimeAfterOct1InMonths>11</proc:TotalLeadTimeAfterOct1InMonths>
                                            </proc:ReorderQuantity>
                                            <proc:HistoryPlanningList>
                                                <proc:HistoryPlanning>
                                                    <proc:FiscalYear footnote="FY2019 delivery date has shifted to June 2024. FY2019 quantity has been fully delivered ahead of schedule.">2019</proc:FiscalYear>
                                                    <proc:PCOLocation>NSWC IH</proc:PCOLocation>
                                                    <proc:AwardDate>2018-10</proc:AwardDate>
                                                    <proc:FirstDeliveryDate>2024-06</proc:FirstDeliveryDate>
                                                    <proc:Quantity>6591</proc:Quantity>
                                                    <proc:UnitCost>1145.34</proc:UnitCost>
                                                    <proc:SpecsAvailableNow>true</proc:SpecsAvailableNow>
                                                    <proc:RFPIssueDate>2018-06</proc:RFPIssueDate>
                                                    <proc:ContractMethod>C</proc:ContractMethod>
                                                    <proc:ContractType>FFP</proc:ContractType>
                                                    <proc:MonthlyDeliveryScheduleList>
                                                        <proc:MonthlyDeliverySchedule>
                                                            <proc:ServiceAgencyName>Navy</proc:ServiceAgencyName>
                                                            <proc:ProcQuantity>6591</proc:ProcQuantity>
                                                            <proc:MonthlyDeliveryList>
                                                                <proc:MonthlyDelivery>
                                                                    <proc:Month>2024-06</proc:Month>
                                                                    <proc:Amount>6591</proc:Amount>
                                                                </proc:MonthlyDelivery>
                                                            </proc:MonthlyDeliveryList>
                                                        </proc:MonthlyDeliverySchedule>
                                                    </proc:MonthlyDeliveryScheduleList>
                                                </proc:HistoryPlanning>
                                                <proc:HistoryPlanning>
                                                    <proc:FiscalYear>2020</proc:FiscalYear>
                                                    <proc:PCOLocation>NSWC IH</proc:PCOLocation>
                                                    <proc:AwardDate>2019-11</proc:AwardDate>
                                                    <proc:FirstDeliveryDate>2024-10</proc:FirstDeliveryDate>
                                                    <proc:Quantity>4131</proc:Quantity>
                                                    <proc:UnitCost>1556.69</proc:UnitCost>
                                                    <proc:SpecsAvailableNow>true</proc:SpecsAvailableNow>
                                                    <proc:RFPIssueDate>2018-06</proc:RFPIssueDate>
                                                    <proc:ContractMethod>C</proc:ContractMethod>
                                                    <proc:ContractType>FFP</proc:ContractType>
                                                    <proc:MonthlyDeliveryScheduleList>
                                                        <proc:MonthlyDeliverySchedule>
                                                            <proc:ServiceAgencyName>Navy</proc:ServiceAgencyName>
                                                            <proc:ProcQuantity>4131</proc:ProcQuantity>
                                                            <proc:MonthlyDeliveryList>
                                                                <proc:MonthlyDelivery>
                                                                    <proc:Month>2024-10</proc:Month>
                                                                    <proc:Amount>927</proc:Amount>
                                                                </proc:MonthlyDelivery>
                                                                <proc:MonthlyDelivery>
                                                                    <proc:Month>2026-09</proc:Month>
                                                                    <proc:Amount>3204</proc:Amount>
                                                                </proc:MonthlyDelivery>
                                                            </proc:MonthlyDeliveryList>
                                                        </proc:MonthlyDeliverySchedule>
                                                    </proc:MonthlyDeliveryScheduleList>
                                                </proc:HistoryPlanning>
                                                <proc:HistoryPlanning>
                                                    <proc:FiscalYear footnote="Delivery dates have shifted to Sept 2026 for receipt of oustanding materials.">2021</proc:FiscalYear>
                                                    <proc:PCOLocation>NSWC IH</proc:PCOLocation>
                                                    <proc:AwardDate>2021-04</proc:AwardDate>
                                                    <proc:FirstDeliveryDate>2026-09</proc:FirstDeliveryDate>
                                                    <proc:Quantity>5551</proc:Quantity>
                                                    <proc:UnitCost>2161.12</proc:UnitCost>
                                                    <proc:SpecsAvailableNow>true</proc:SpecsAvailableNow>
                                                    <proc:RFPIssueDate>2018-06</proc:RFPIssueDate>
                                                    <proc:ContractMethod>C</proc:ContractMethod>
                                                    <proc:ContractType>FFP</proc:ContractType>
                                                    <proc:MonthlyDeliveryScheduleList>
                                                        <proc:MonthlyDeliverySchedule>
                                                            <proc:ServiceAgencyName>Navy</proc:ServiceAgencyName>
                                                            <proc:ProcQuantity>5551</proc:ProcQuantity>
                                                            <proc:MonthlyDeliveryList>
                                                                <proc:MonthlyDelivery>
                                                                    <proc:Month>2026-09</proc:Month>
                                                                    <proc:Amount>5551</proc:Amount>
                                                                </proc:MonthlyDelivery>
                                                            </proc:MonthlyDeliveryList>
                                                        </proc:MonthlyDeliverySchedule>
                                                    </proc:MonthlyDeliveryScheduleList>
                                                </proc:HistoryPlanning>
                                                <proc:HistoryPlanning>
                                                    <proc:FiscalYear footnote="Delivery dates have shifted to Sept 2026 for receipt of oustanding materials.">2022</proc:FiscalYear>
                                                    <proc:PCOLocation>NSWC IH</proc:PCOLocation>
                                                    <proc:AwardDate>2021-10</proc:AwardDate>
                                                    <proc:FirstDeliveryDate>2026-09</proc:FirstDeliveryDate>
                                                    <proc:Quantity>5106</proc:Quantity>
                                                    <proc:UnitCost>1401.25</proc:UnitCost>
                                                    <proc:SpecsAvailableNow>true</proc:SpecsAvailableNow>
                                                    <proc:RFPIssueDate>2018-06</proc:RFPIssueDate>
                                                    <proc:ContractMethod>C</proc:ContractMethod>
                                                    <proc:ContractType>FFP</proc:ContractType>
                                                    <proc:MonthlyDeliveryScheduleList>
                                                        <proc:MonthlyDeliverySchedule>
                                                            <proc:ServiceAgencyName>Navy</proc:ServiceAgencyName>
                                                            <proc:ProcQuantity>5106</proc:ProcQuantity>
                                                            <proc:MonthlyDeliveryList>
                                                                <proc:MonthlyDelivery>
                                                                    <proc:Month>2026-09</proc:Month>
                                                                    <proc:Amount>5106</proc:Amount>
                                                                </proc:MonthlyDelivery>
                                                            </proc:MonthlyDeliveryList>
                                                        </proc:MonthlyDeliverySchedule>
                                                    </proc:MonthlyDeliveryScheduleList>
                                                </proc:HistoryPlanning>
                                            </proc:HistoryPlanningList>
                                        </proc:Manufacturer>
                                    </proc:ManufacturerList>
                                </proc:CostElement>
                                <proc:CostElement>
                                    <proc:Name footnote="AC100: FY2026 and FY2027 D349 1.1.4: FY2026 procurement funding is being utilized to maintain Product Improvement qualifications for Cast Austempered Ductile Iron (ADI) projectiles (AC850, CE 2.1.2, 2.1.3, 2.1.4) and performing renovation efforts (AC893, CE 3.1.2) to expedite Fleet inventory replenishment. This cost-effective renovation approach leverages existing components and unserviceable assets, ensuring continued fleet training capability.">1.1.4) 5"54 PROJ, BLP/T  (D349)</proc:Name>
                                    <proc:Cost>
                                        <proc:Quantity>
                                            <proc:AllPriorYears>57765</proc:AllPriorYears>
                                        </proc:Quantity>
                                        <proc:TotalCost>
                                            <proc:AllPriorYears>27.879</proc:AllPriorYears>
                                        </proc:TotalCost>
                                        <proc:UnitCost>
                                            <proc:AllPriorYears>482.63</proc:AllPriorYears>
                                        </proc:UnitCost>
                                    </proc:Cost>
                                    <proc:AllPriorYearsDeliveries>51937</proc:AllPriorYearsDeliveries>
                                    <proc:ManufacturerList>
                                        <proc:Manufacturer>
                                            <proc:Name>NGDS</proc:Name>
                                            <proc:Location>ROCKET CENTER, WV</proc:Location>
                                            <proc:MinimumSustainingRate>3000</proc:MinimumSustainingRate>
                                            <proc:MaximumProductionRate>60000</proc:MaximumProductionRate>
                                            <proc:Rate185>36000</proc:Rate185>
                                            <proc:InitialQuantity>
                                                <proc:AdminLeadTimeBeforeOct1InMonths>6</proc:AdminLeadTimeBeforeOct1InMonths>
                                                <proc:AdminLeadTimeAfterOct1InMonths>6</proc:AdminLeadTimeAfterOct1InMonths>
                                                <proc:ProductionLeadTimeAfterOct1InMonths>24</proc:ProductionLeadTimeAfterOct1InMonths>
                                                <proc:TotalLeadTimeAfterOct1InMonths>30</proc:TotalLeadTimeAfterOct1InMonths>
                                            </proc:InitialQuantity>
                                            <proc:ReorderQuantity>
                                                <proc:AdminLeadTimeBeforeOct1InMonths>6</proc:AdminLeadTimeBeforeOct1InMonths>
                                                <proc:AdminLeadTimeAfterOct1InMonths>6</proc:AdminLeadTimeAfterOct1InMonths>
                                                <proc:ProductionLeadTimeAfterOct1InMonths>21</proc:ProductionLeadTimeAfterOct1InMonths>
                                                <proc:TotalLeadTimeAfterOct1InMonths>27</proc:TotalLeadTimeAfterOct1InMonths>
                                            </proc:ReorderQuantity>
                                            <proc:HistoryPlanningList>
                                                <proc:HistoryPlanning>
                                                    <proc:FiscalYear footnote="Delivery dates are delayed due to the removal of the Navy 5 inch Production line as part of the 155mm Artillery Expansion at Scranton. Navy is working with the Prime Contractor to bring Austempered Cast Ductile Iron (ADI) up to production readiness as the material replacement for product previously manufactured at Scranton.  Quantities may be adjusted depending on the outcome.">2020</proc:FiscalYear>
                                                    <proc:PCOLocation>NSWC IH</proc:PCOLocation>
                                                    <proc:AwardDate>2020-03</proc:AwardDate>
                                                    <proc:FirstDeliveryDate>2026-09</proc:FirstDeliveryDate>
                                                    <proc:Quantity>5828</proc:Quantity>
                                                    <proc:UnitCost>878.42</proc:UnitCost>
                                                    <proc:SpecsAvailableNow>true</proc:SpecsAvailableNow>
                                                    <proc:RFPIssueDate>2019-02</proc:RFPIssueDate>
                                                    <proc:ContractMethod>C</proc:ContractMethod>
                                                    <proc:ContractType>FFP</proc:ContractType>
                                                    <proc:MonthlyDeliveryScheduleList>
                                                        <proc:MonthlyDeliverySchedule>
                                                            <proc:ServiceAgencyName>Navy</proc:ServiceAgencyName>
                                                            <proc:ProcQuantity>5828</proc:ProcQuantity>
                                                            <proc:MonthlyDeliveryList>
                                                                <proc:MonthlyDelivery>
                                                                    <proc:Month>2026-09</proc:Month>
                                                                    <proc:Amount>3000</proc:Amount>
                                                                </proc:MonthlyDelivery>
                                                                <proc:MonthlyDelivery>
                                                                    <proc:Month>2026-10</proc:Month>
                                                                    <proc:Amount>2828</proc:Amount>
                                                                </proc:MonthlyDelivery>
                                                            </proc:MonthlyDeliveryList>
                                                        </proc:MonthlyDeliverySchedule>
                                                    </proc:MonthlyDeliveryScheduleList>
                                                </proc:HistoryPlanning>
                                            </proc:HistoryPlanningList>
                                        </proc:Manufacturer>
                                    </proc:ManufacturerList>
                                </proc:CostElement>
                                <proc:CostElement>
                                    <proc:Name>1.1.5) 5"/54 PROJ, MULTI OPTION FUZE    (DA48)</proc:Name>
                                    <proc:Cost>
                                        <proc:Quantity>
                                            <proc:AllPriorYears>28944</proc:AllPriorYears>
                                        </proc:Quantity>
                                        <proc:TotalCost>
                                            <proc:AllPriorYears>56.188</proc:AllPriorYears>
                                        </proc:TotalCost>
                                        <proc:UnitCost>
                                            <proc:AllPriorYears>1941.27</proc:AllPriorYears>
                                        </proc:UnitCost>
                                    </proc:Cost>
                                </proc:CostElement>
                                <proc:CostElement>
                                    <proc:Name>1.1.6) MK187 MOD 0 PROJECTILE (DA53)</proc:Name>
                                    <proc:Cost>
                                        <proc:Quantity>
                                            <proc:AllPriorYears>14902</proc:AllPriorYears>
                                        </proc:Quantity>
                                        <proc:TotalCost>
                                            <proc:AllPriorYears>51.952</proc:AllPriorYears>
                                        </proc:TotalCost>
                                        <proc:UnitCost>
                                            <proc:AllPriorYears>3486.24</proc:AllPriorYears>
                                        </proc:UnitCost>
                                    </proc:Cost>
                                </proc:CostElement>
                                <proc:CostElement>
                                    <proc:Name>1.1.7) MK14 Tank</proc:Name>
                                    <proc:Cost>
                                        <proc:TotalCost>
                                            <proc:AllPriorYears>2.04</proc:AllPriorYears>
                                        </proc:TotalCost>
                                    </proc:Cost>
                                </proc:CostElement>
                                <proc:CostElement>
                                    <proc:Name footnote="AC100 FY 2026 Transportation Account Code (TAC) 1.1.8: FY2025-26 funding increase supports critical shipping requirements driven by expanded international deliveries, renovation logistics, and expedited Fleet asset positioning to address current inventory shortages.">1.1.8) TRANSPORTATION ACCT CODE</proc:Name>
                                    <proc:Cost>
                                        <proc:TotalCost>
                                            <proc:AllPriorYears>4.287</proc:AllPriorYears>
                                            <proc:PriorYear>0.225</proc:PriorYear>
                                            <proc:CurrentYear>0.225</proc:CurrentYear>
                                            <proc:BudgetYearOneBase>0.4</proc:BudgetYearOneBase>
                                            <proc:BudgetYearOne>0.4</proc:BudgetYearOne>
                                        </proc:TotalCost>
                                    </proc:Cost>
                                </proc:CostElement>
                                <proc:CostElement>
                                    <proc:Name>1.1.9) PE/QA SMCA</proc:Name>
                                    <proc:Cost>
                                        <proc:TotalCost>
                                            <proc:AllPriorYears>1.559</proc:AllPriorYears>
                                        </proc:TotalCost>
                                    </proc:Cost>
                                </proc:CostElement>
                                <proc:CostElement>
                                    <proc:Name>1.1.10) PRIOR YEARS CUMULATIVE FUNDING</proc:Name>
                                    <proc:Cost>
                                        <proc:TotalCost>
                                            <proc:AllPriorYears>25.388</proc:AllPriorYears>
                                        </proc:TotalCost>
                                    </proc:Cost>
                                </proc:CostElement>
                            </proc:CostElementList>
                            <proc:CategorySubtotal>
                                <proc:TotalCost>
                                    <proc:AllPriorYears>286.006</proc:AllPriorYears>
                                    <proc:PriorYear>0.225</proc:PriorYear>
                                    <proc:CurrentYear>0.225</proc:CurrentYear>
                                    <proc:BudgetYearOneBase>0.4</proc:BudgetYearOneBase>
                                    <proc:BudgetYearOne>0.4</proc:BudgetYearOne>
                                </proc:TotalCost>
                            </proc:CategorySubtotal>
                        </proc:Recurring>
                        <proc:CategorySubtotal>
                            <proc:TotalCost>
                                <proc:AllPriorYears>286.006</proc:AllPriorYears>
                                <proc:PriorYear>0.225</proc:PriorYear>
                                <proc:CurrentYear>0.225</proc:CurrentYear>
                                <proc:BudgetYearOneBase>0.4</proc:BudgetYearOneBase>
                                <proc:BudgetYearOne>0.4</proc:BudgetYearOne>
                            </proc:TotalCost>
                        </proc:CategorySubtotal>
                    </proc:Hardware>
                    <proc:Hardware>
                        <proc:Name>AC850 PRODUCT IMPROVEMENT</proc:Name>
                        <proc:Recurring>
                            <proc:CostElementList>
                                <proc:CostElement>
                                    <proc:Name footnote="AC850 FY 2026: AC850 PIP funding is mission-critical to secure domestic production capability and qualify modernized designs for both projectiles and propelling charges. The program is qualifying essential manufacturing innovations: already established-brass and domestically-sourced flowformed steel cartridge cases as drop-in replacements for the obsolete DA65 Mk 200 Propelling Charge, and cast Austempered Ductile Iron (ADI) to replace high-tonnage steel forging for projectile bodies. These proven technologies ensure sustainable, economical production at varying demand levels while maintaining superior performance for 5&quot;/127mm gun ammunition. Cost elements detail implementation, testing, and engineering support required to establish this resilient industrial base capability.">2.1.1) PRODUCT IMPROVEMENT</proc:Name>
                                    <proc:Cost>
                                        <proc:TotalCost>
                                            <proc:AllPriorYears>30.208</proc:AllPriorYears>
                                            <proc:PriorYear>7.288</proc:PriorYear>
                                        </proc:TotalCost>
                                    </proc:Cost>
                                </proc:CostElement>
                                <proc:CostElement>
                                    <proc:Name>2.1.2) PROJECTILE MATERIAL IMPLEMENTATION PRODUCT IMPROVEMENT</proc:Name>
                                    <proc:Cost>
                                        <proc:TotalCost>
                                            <proc:CurrentYear>6</proc:CurrentYear>
                                            <proc:BudgetYearOneBase>7.4</proc:BudgetYearOneBase>
                                            <proc:BudgetYearOne>7.4</proc:BudgetYearOne>
                                        </proc:TotalCost>
                                    </proc:Cost>
                                </proc:CostElement>
                                <proc:CostElement>
                                    <proc:Name>2.1.3) PROJECTILE BALLISTIC &amp; ENVIRONMENTAL TESTING PRODUCT IMPROVEMENT</proc:Name>
                                    <proc:Cost>
                                        <proc:TotalCost>
                                            <proc:CurrentYear>1.9</proc:CurrentYear>
                                            <proc:BudgetYearOneBase>1.35</proc:BudgetYearOneBase>
                                            <proc:BudgetYearOne>1.35</proc:BudgetYearOne>
                                        </proc:TotalCost>
                                    </proc:Cost>
                                </proc:CostElement>
                                <proc:CostElement>
                                    <proc:Name>2.1.4) PROJECTILE ENGINEERING &amp; SAFETY PRODUCT IMPROVEMENT</proc:Name>
                                    <proc:Cost>
                                        <proc:TotalCost>
                                            <proc:CurrentYear>0.75</proc:CurrentYear>
                                            <proc:BudgetYearOneBase>0.345</proc:BudgetYearOneBase>
                                            <proc:BudgetYearOne>0.345</proc:BudgetYearOne>
                                        </proc:TotalCost>
                                    </proc:Cost>
                                </proc:CostElement>
                                <proc:CostElement>
                                    <proc:Name>2.1.5) PROPELLING CHARGE MATERIAL IMPLEMENTATION PRODUCT IMPROVEMENT</proc:Name>
                                    <proc:Cost>
                                        <proc:TotalCost>
                                            <proc:CurrentYear>4.45</proc:CurrentYear>
                                            <proc:BudgetYearOneBase>3.35</proc:BudgetYearOneBase>
                                            <proc:BudgetYearOne>3.35</proc:BudgetYearOne>
                                        </proc:TotalCost>
                                    </proc:Cost>
                                </proc:CostElement>
                                <proc:CostElement>
                                    <proc:Name>2.1.6) PROPELLING CHARGE BALLISTIC &amp; ENVIRONMENTAL TESTING PRODUCT IMPROVEMENT</proc:Name>
                                    <proc:Cost>
                                        <proc:TotalCost>
                                            <proc:CurrentYear>1.8</proc:CurrentYear>
                                            <proc:BudgetYearOneBase>0.95</proc:BudgetYearOneBase>
                                            <proc:BudgetYearOne>0.95</proc:BudgetYearOne>
                                        </proc:TotalCost>
                                    </proc:Cost>
                                </proc:CostElement>
                                <proc:CostElement>
                                    <proc:Name>2.1.7) PROPELLING CHARGE ENGINEERING &amp; SAFETY PRODUCT IMPROVEMENT</proc:Name>
                                    <proc:Cost>
                                        <proc:TotalCost>
                                            <proc:CurrentYear>0.578</proc:CurrentYear>
                                            <proc:BudgetYearOneBase>0.254</proc:BudgetYearOneBase>
                                            <proc:BudgetYearOne>0.254</proc:BudgetYearOne>
                                        </proc:TotalCost>
                                    </proc:Cost>
                                </proc:CostElement>
                            </proc:CostElementList>
                            <proc:CategorySubtotal>
                                <proc:TotalCost>
                                    <proc:AllPriorYears>30.208</proc:AllPriorYears>
                                    <proc:PriorYear>7.288</proc:PriorYear>
                                    <proc:CurrentYear>15.478</proc:CurrentYear>
                                    <proc:BudgetYearOneBase>13.649</proc:BudgetYearOneBase>
                                    <proc:BudgetYearOne>13.649</proc:BudgetYearOne>
                                </proc:TotalCost>
                            </proc:CategorySubtotal>
                        </proc:Recurring>
                        <proc:CategorySubtotal>
                            <proc:TotalCost>
                                <proc:AllPriorYears>30.208</proc:AllPriorYears>
                                <proc:PriorYear>7.288</proc:PriorYear>
                                <proc:CurrentYear>15.478</proc:CurrentYear>
                                <proc:BudgetYearOneBase>13.649</proc:BudgetYearOneBase>
                                <proc:BudgetYearOne>13.649</proc:BudgetYearOne>
                            </proc:TotalCost>
                        </proc:CategorySubtotal>
                    </proc:Hardware>
                    <proc:Hardware>
                        <proc:Name>AC893 RENOVATION COMPONENTS</proc:Name>
                        <proc:Recurring>
                            <proc:CostElementList>
                                <proc:CostElement>
                                    <proc:Name>3.1.1) RENOVATION COMPONENTS</proc:Name>
                                    <proc:Cost>
                                        <proc:TotalCost>
                                            <proc:AllPriorYears>108.664</proc:AllPriorYears>
                                        </proc:TotalCost>
                                    </proc:Cost>
                                </proc:CostElement>
                                <proc:CostElement>
                                    <proc:Name footnote="AC893: FY2026 and FY2027 3.1.2 (Projectile Renovation) Newly established cost element to renovate unserviceable assets to newly serviceable assets (QTY 6,428 and 6,250) to the fleet. Efforts include removing the unserviceable asset from its current packaging, safely removing and disposing of the nose fuze and current explosive fill, certifying the components structural integrity, and renovating the exterior and rotating band back to serviceable condition. This effort is necessary to address critical inventory posture.">3.1.2) PROJECTILE RENOVATION</proc:Name>
                                    <proc:Cost>
                                        <proc:Quantity>
                                            <proc:BudgetYearOneBase>6428</proc:BudgetYearOneBase>
                                            <proc:BudgetYearOne>6428</proc:BudgetYearOne>
                                        </proc:Quantity>
                                        <proc:TotalCost>
                                            <proc:BudgetYearOneBase>3.75</proc:BudgetYearOneBase>
                                            <proc:BudgetYearOne>3.75</proc:BudgetYearOne>
                                        </proc:TotalCost>
                                        <proc:UnitCost>
                                            <proc:BudgetYearOneBase>583.35</proc:BudgetYearOneBase>
                                            <proc:BudgetYearOne>583.35</proc:BudgetYearOne>
                                        </proc:UnitCost>
                                    </proc:Cost>
                                    <proc:ManufacturerList>
                                        <proc:Manufacturer>
                                            <proc:Name>Crane Army Ammunition Activity</proc:Name>
                                            <proc:Location>NSWC CRANE, IND</proc:Location>
                                            <proc:MinimumSustainingRate>0</proc:MinimumSustainingRate>
                                            <proc:MaximumProductionRate>TBD</proc:MaximumProductionRate>
                                            <proc:Rate185>0</proc:Rate185>
                                            <proc:InitialQuantity>
                                                <proc:AdminLeadTimeBeforeOct1InMonths>6</proc:AdminLeadTimeBeforeOct1InMonths>
                                                <proc:AdminLeadTimeAfterOct1InMonths>6</proc:AdminLeadTimeAfterOct1InMonths>
                                                <proc:ProductionLeadTimeAfterOct1InMonths>24</proc:ProductionLeadTimeAfterOct1InMonths>
                                                <proc:TotalLeadTimeAfterOct1InMonths>30</proc:TotalLeadTimeAfterOct1InMonths>
                                            </proc:InitialQuantity>
                                            <proc:ReorderQuantity>
                                                <proc:AdminLeadTimeBeforeOct1InMonths>6</proc:AdminLeadTimeBeforeOct1InMonths>
                                                <proc:AdminLeadTimeAfterOct1InMonths>6</proc:AdminLeadTimeAfterOct1InMonths>
                                                <proc:ProductionLeadTimeAfterOct1InMonths>18</proc:ProductionLeadTimeAfterOct1InMonths>
                                                <proc:TotalLeadTimeAfterOct1InMonths>24</proc:TotalLeadTimeAfterOct1InMonths>
                                            </proc:ReorderQuantity>
                                            <proc:HistoryPlanningList>
                                                <proc:HistoryPlanning>
                                                    <proc:FiscalYear>2026</proc:FiscalYear>
                                                    <proc:PCOLocation>TBD</proc:PCOLocation>
                                                    <proc:AwardDate>2025-11</proc:AwardDate>
                                                    <proc:FirstDeliveryDate>2027-05</proc:FirstDeliveryDate>
                                                    <proc:Quantity>6428</proc:Quantity>
                                                    <proc:UnitCost>583.35</proc:UnitCost>
                                                    <proc:SpecsAvailableNow>true</proc:SpecsAvailableNow>
                                                    <proc:RFPIssueDate>2025-10</proc:RFPIssueDate>
                                                    <proc:FundingVehicle>PO</proc:FundingVehicle>
                                                    <proc:MonthlyDeliveryScheduleList>
                                                        <proc:MonthlyDeliverySchedule>
                                                            <proc:ServiceAgencyName>Navy</proc:ServiceAgencyName>
                                                            <proc:ProcQuantity>6428</proc:ProcQuantity>
                                                            <proc:MonthlyDeliveryList>
                                                                <proc:MonthlyDelivery>
                                                                    <proc:Month>2027-05</proc:Month>
                                                                    <proc:Amount>2500</proc:Amount>
                                                                </proc:MonthlyDelivery>
                                                                <proc:MonthlyDelivery>
                                                                    <proc:Month>2027-06</proc:Month>
                                                                    <proc:Amount>2500</proc:Amount>
                                                                </proc:MonthlyDelivery>
                                                                <proc:MonthlyDelivery>
                                                                    <proc:Month>2027-07</proc:Month>
                                                                    <proc:Amount>1428</proc:Amount>
                                                                </proc:MonthlyDelivery>
                                                            </proc:MonthlyDeliveryList>
                                                        </proc:MonthlyDeliverySchedule>
                                                    </proc:MonthlyDeliveryScheduleList>
                                                </proc:HistoryPlanning>
                                            </proc:HistoryPlanningList>
                                        </proc:Manufacturer>
                                    </proc:ManufacturerList>
                                </proc:CostElement>
                                <proc:CostElement>
                                    <proc:Name footnote="AC893: FY2026 3.1.3 (Propelling Charge Renovation) newly established cost element to outfit components with brass cartridge cases to be serviceable fleet issuable assets (QTY 23,000). Efforts include removing the components from their current packaging, inspecting, and certifying the components ready for fleet issue. This effort is necessary to address critical inventory posture.">3.1.3) PROPELLING CHARGE RENOVATION</proc:Name>
                                    <proc:Cost>
                                        <proc:Quantity>
                                            <proc:BudgetYearOneBase>23000</proc:BudgetYearOneBase>
                                            <proc:BudgetYearOne>23000</proc:BudgetYearOne>
                                        </proc:Quantity>
                                        <proc:TotalCost>
                                            <proc:BudgetYearOneBase>2.99</proc:BudgetYearOneBase>
                                            <proc:BudgetYearOne>2.99</proc:BudgetYearOne>
                                        </proc:TotalCost>
                                        <proc:UnitCost>
                                            <proc:BudgetYearOneBase>130</proc:BudgetYearOneBase>
                                            <proc:BudgetYearOne>130</proc:BudgetYearOne>
                                        </proc:UnitCost>
                                    </proc:Cost>
                                    <proc:ManufacturerList>
                                        <proc:Manufacturer>
                                            <proc:Name>McAlester Army Ammunition Plant</proc:Name>
                                            <proc:Location>McAlester, OK</proc:Location>
                                            <proc:HistoryPlanningList>
                                                <proc:HistoryPlanning>
                                                    <proc:FiscalYear>2026</proc:FiscalYear>
                                                    <proc:PCOLocation>TBD</proc:PCOLocation>
                                                    <proc:AwardDate>2025-11</proc:AwardDate>
                                                    <proc:FirstDeliveryDate>2027-05</proc:FirstDeliveryDate>
                                                    <proc:Quantity>23000</proc:Quantity>
                                                    <proc:UnitCost>130.00</proc:UnitCost>
                                                    <proc:SpecsAvailableNow>true</proc:SpecsAvailableNow>
                                                    <proc:RFPIssueDate>2024-10</proc:RFPIssueDate>
                                                    <proc:FundingVehicle>PO</proc:FundingVehicle>
                                                </proc:HistoryPlanning>
                                            </proc:HistoryPlanningList>
                                        </proc:Manufacturer>
                                    </proc:ManufacturerList>
                                </proc:CostElement>
                            </proc:CostElementList>
                            <proc:CategorySubtotal>
                                <proc:TotalCost>
                                    <proc:AllPriorYears>108.664</proc:AllPriorYears>
                                    <proc:BudgetYearOneBase>6.74</proc:BudgetYearOneBase>
                                    <proc:BudgetYearOne>6.74</proc:BudgetYearOne>
                                </proc:TotalCost>
                            </proc:CategorySubtotal>
                        </proc:Recurring>
                        <proc:CategorySubtotal>
                            <proc:TotalCost>
                                <proc:AllPriorYears>108.664</proc:AllPriorYears>
                                <proc:BudgetYearOneBase>6.74</proc:BudgetYearOneBase>
                                <proc:BudgetYearOne>6.74</proc:BudgetYearOne>
                            </proc:TotalCost>
                        </proc:CategorySubtotal>
                    </proc:Hardware>
                    <proc:Hardware>
                        <proc:Name>AC894 GAUGE REQUIREMENTS</proc:Name>
                        <proc:Recurring>
                            <proc:CostElementList>
                                <proc:CostElement>
                                    <proc:Name>4.1.1) GAUGE REQUIREMENTS</proc:Name>
                                    <proc:Cost>
                                        <proc:TotalCost>
                                            <proc:AllPriorYears>5.44</proc:AllPriorYears>
                                            <proc:PriorYear>0.184</proc:PriorYear>
                                            <proc:CurrentYear>0.377</proc:CurrentYear>
                                            <proc:BudgetYearOneBase>0.38</proc:BudgetYearOneBase>
                                            <proc:BudgetYearOne>0.38</proc:BudgetYearOne>
                                        </proc:TotalCost>
                                    </proc:Cost>
                                </proc:CostElement>
                            </proc:CostElementList>
                            <proc:CategorySubtotal>
                                <proc:TotalCost>
                                    <proc:AllPriorYears>5.44</proc:AllPriorYears>
                                    <proc:PriorYear>0.184</proc:PriorYear>
                                    <proc:CurrentYear>0.377</proc:CurrentYear>
                                    <proc:BudgetYearOneBase>0.38</proc:BudgetYearOneBase>
                                    <proc:BudgetYearOne>0.38</proc:BudgetYearOne>
                                </proc:TotalCost>
                            </proc:CategorySubtotal>
                        </proc:Recurring>
                        <proc:CategorySubtotal>
                            <proc:TotalCost>
                                <proc:AllPriorYears>5.44</proc:AllPriorYears>
                                <proc:PriorYear>0.184</proc:PriorYear>
                                <proc:CurrentYear>0.377</proc:CurrentYear>
                                <proc:BudgetYearOneBase>0.38</proc:BudgetYearOneBase>
                                <proc:BudgetYearOne>0.38</proc:BudgetYearOne>
                            </proc:TotalCost>
                        </proc:CategorySubtotal>
                    </proc:Hardware>
                    <proc:Hardware>
                        <proc:Name>(AC895) NON-STANDARD</proc:Name>
                        <proc:NonRecurring>
                            <proc:CostElementList>
                                <proc:CostElement>
                                    <proc:Name>5.1.1) NON-STANDARD</proc:Name>
                                    <proc:Cost>
                                        <proc:TotalCost>
                                            <proc:AllPriorYears>2.286</proc:AllPriorYears>
                                        </proc:TotalCost>
                                    </proc:Cost>
                                </proc:CostElement>
                            </proc:CostElementList>
                            <proc:CategorySubtotal>
                                <proc:TotalCost>
                                    <proc:AllPriorYears>2.286</proc:AllPriorYears>
                                </proc:TotalCost>
                            </proc:CategorySubtotal>
                        </proc:NonRecurring>
                        <proc:CategorySubtotal>
                            <proc:TotalCost>
                                <proc:AllPriorYears>2.286</proc:AllPriorYears>
                            </proc:TotalCost>
                        </proc:CategorySubtotal>
                    </proc:Hardware>
                    <proc:Hardware>
                        <proc:Name>AC900 CENTCOM CUAS</proc:Name>
                        <proc:NonRecurring>
                            <proc:CostElementList>
                                <proc:CostElement>
                                    <proc:Name footnote="AC900: 6.1.1 HVP Rounds: Newly established Counter Unmanned Aerial Systems (C-UAS) Hypervelocity Projectile (HVP) Round cost element to procure twenty-two (22) HVP rounds in support of FY2024 CENTCOM Operations Transfer, Israel Security Supplemental (P.L. 118-50, Division A., Sec. 101).">6.1.1) HVP ROUNDS</proc:Name>
                                    <proc:Cost>
                                        <proc:TotalCost>
                                            <proc:PriorYear>16.876</proc:PriorYear>
                                        </proc:TotalCost>
                                    </proc:Cost>
                                </proc:CostElement>
                                <proc:CostElement>
                                    <proc:Name footnote="AC900: 6.1.2 HVP Warheads: Newly established Counter Unmanned Aerial Systems (C-UAS) Hypervelocity Projectile (HVP) Warheads cost element to procure twenty-two (22) HVP warheads in support of FY2024 CENTCOM Operations Transfer, Israel Security Supplemental (P.L. 118-50, Division A., Sec. 101).">6.1.2) HVP WARHEADS</proc:Name>
                                    <proc:Cost>
                                        <proc:TotalCost>
                                            <proc:PriorYear>0.945</proc:PriorYear>
                                        </proc:TotalCost>
                                    </proc:Cost>
                                </proc:CostElement>
                                <proc:CostElement>
                                    <proc:Name footnote="AC900: 6.1.3 HVP Projectile Data Link: Newly established Counter Unmanned Aerial Systems (C-UAS) Hypervelocity Projectile (HVP) Projectile Data Link (PDL) cost element to procure twenty-two (22) HVP Projectile Data Links in support of FY2024 CENTCOM Operations Transfer, Israel Security Supplemental (P.L. 118-50, Division A., Sec. 101).">6.1.3) HVP PROJECTILE DATA LINK (PDLs)</proc:Name>
                                    <proc:Cost>
                                        <proc:TotalCost>
                                            <proc:PriorYear>2.585</proc:PriorYear>
                                        </proc:TotalCost>
                                    </proc:Cost>
                                </proc:CostElement>
                                <proc:CostElement>
                                    <proc:Name footnote="AC900: 6.1.4 HVP Integration: Newly established Counter Unmanned Aerial Systems (C-UAS) Hypervelocity Projectile (HVP) integration cost element for HVP integration efforts in support of FY2024 CENTCOM Operations Transfer, Israel Security Supplemental (P.L. 118-50, Division A., Sec. 101).">6.1.4) HVP INTEGRATION</proc:Name>
                                    <proc:Cost>
                                        <proc:TotalCost>
                                            <proc:PriorYear>4.294</proc:PriorYear>
                                        </proc:TotalCost>
                                    </proc:Cost>
                                </proc:CostElement>
                            </proc:CostElementList>
                            <proc:CategorySubtotal>
                                <proc:TotalCost>
                                    <proc:PriorYear>24.7</proc:PriorYear>
                                </proc:TotalCost>
                            </proc:CategorySubtotal>
                        </proc:NonRecurring>
                        <proc:CategorySubtotal>
                            <proc:TotalCost>
                                <proc:PriorYear>24.7</proc:PriorYear>
                            </proc:TotalCost>
                        </proc:CategorySubtotal>
                    </proc:Hardware>
                    <proc:Support>
                        <proc:CostElementList>
                            <proc:CostElement>
                                <proc:Name>7.1) PRODUCTION ENGINEERING</proc:Name>
                                <proc:Cost>
                                    <proc:TotalCost>
                                        <proc:AllPriorYears>52.724</proc:AllPriorYears>
                                        <proc:PriorYear>2.926</proc:PriorYear>
                                        <proc:CurrentYear>3.91</proc:CurrentYear>
                                        <proc:BudgetYearOneBase>3.695</proc:BudgetYearOneBase>
                                        <proc:BudgetYearOne>3.695</proc:BudgetYearOne>
                                    </proc:TotalCost>
                                </proc:Cost>
                            </proc:CostElement>
                            <proc:CostElement>
                                <proc:Name>7.2) QCCCF PE Support</proc:Name>
                                <proc:Cost>
                                    <proc:TotalCost>
                                        <proc:AllPriorYears>6.936</proc:AllPriorYears>
                                        <proc:PriorYear>0.248</proc:PriorYear>
                                    </proc:TotalCost>
                                </proc:Cost>
                            </proc:CostElement>
                        </proc:CostElementList>
                        <proc:CategorySubtotal>
                            <proc:TotalCost>
                                <proc:AllPriorYears>59.66</proc:AllPriorYears>
                                <proc:PriorYear>3.174</proc:PriorYear>
                                <proc:CurrentYear>3.91</proc:CurrentYear>
                                <proc:BudgetYearOneBase>3.695</proc:BudgetYearOneBase>
                                <proc:BudgetYearOne>3.695</proc:BudgetYearOne>
                            </proc:TotalCost>
                        </proc:CategorySubtotal>
                        <proc:Name>AC830 PRODUCTION ENGINEERING</proc:Name>
                    </proc:Support>
                </proc:CostElementCategoryList>
            </proc:P5Item>
        </proc:ItemExhibitList>
        <proc:DocumentAssemblyOptions>
            <proc:p40AItemScheduleSetting>total</proc:p40AItemScheduleSetting>
        </proc:DocumentAssemblyOptions>
    </proc:LineItem>
</proc:LineItemList>