<?xml version="1.0" encoding="UTF-8"?>
<proc:LineItemList xmlns:proc="http://www.dtic.mil/comptroller/xml/schema/20100219/procurement">
    <proc:LineItem quantityUnits="Each" unitCostUnits="Dollars" totalCostUnits="Millions" manufacturerRateUnits="Yearly" suppressOutfittingDeliveryBY2ToBY5="true">
        <proc:LineItemNumber>0400</proc:LineItemNumber>
        <proc:LineItemTitle>Ammunition less than $5 million</proc:LineItemTitle>
        <proc:P1LineNumber>15</proc:P1LineNumber>
        <proc:BudgetYear>2026</proc:BudgetYear>
        <proc:BudgetCycle>PB</proc:BudgetCycle>
        <proc:SubmissionDate>2025-06</proc:SubmissionDate>
        <proc:ServiceAgencyName>Navy</proc:ServiceAgencyName>
        <proc:AppropriationNumber>1508N</proc:AppropriationNumber>
        <proc:AppropriationTitle>Procurement of Ammo, Navy &amp; MC</proc:AppropriationTitle>
        <proc:BudgetActivityNumber>1</proc:BudgetActivityNumber>
        <proc:BudgetActivityTitle>Proc Ammo, Navy</proc:BudgetActivityTitle>
        <proc:BudgetSubActivityNumber>1</proc:BudgetSubActivityNumber>
        <proc:BudgetSubActivityTitle>Navy Ammunition</proc:BudgetSubActivityTitle>
        <proc:ResourceSummary>
            <proc:TotalCost>
                <proc:AllPriorYears>101.511</proc:AllPriorYears>
                <proc:PriorYear>1.679</proc:PriorYear>
                <proc:CurrentYear>1.703</proc:CurrentYear>
                <proc:BudgetYearOneBase>1.723</proc:BudgetYearOneBase>
                <proc:BudgetYearOneOOC>0</proc:BudgetYearOneOOC>
                <proc:BudgetYearOne>1.723</proc:BudgetYearOne>
            </proc:TotalCost>
            <proc:NetProcurementP1>
                <proc:AllPriorYears>101.511</proc:AllPriorYears>
                <proc:PriorYear>1.679</proc:PriorYear>
                <proc:CurrentYear>1.703</proc:CurrentYear>
                <proc:BudgetYearOneBase>1.723</proc:BudgetYearOneBase>
                <proc:BudgetYearOneOOC>0</proc:BudgetYearOneOOC>
                <proc:BudgetYearOne>1.723</proc:BudgetYearOne>
            </proc:NetProcurementP1>
            <proc:TotalObligationAuthority>
                <proc:AllPriorYears>101.511</proc:AllPriorYears>
                <proc:PriorYear>1.679</proc:PriorYear>
                <proc:CurrentYear>1.703</proc:CurrentYear>
                <proc:BudgetYearOneBase>1.723</proc:BudgetYearOneBase>
                <proc:BudgetYearOneOOC>0</proc:BudgetYearOneOOC>
                <proc:BudgetYearOne>1.723</proc:BudgetYearOne>
            </proc:TotalObligationAuthority>
        </proc:ResourceSummary>
        <proc:Code>A</proc:Code>
        <proc:Description>This program provides funding for ammunition with value less than $5 million. These pyrotechnic devices consist of Parachute Flares (Paraflares) and Marine Location Markers (MLMs). Paraflares provide battlefield illumination of surface areas in search and attack operations in the near infrared spectrum and are deployed from fixed wing aircraft (racks or dispensers) or rotary wing aircraft (dispensers). MLMs produce a yellow flame and white smoke and are visible for three miles under normal operating conditions. MLMs are deployed from fixed wing aircraft racks or hand deployed from rotary wing aircraft. MLMs are also hand deployed from surface vessels. 
The MK-25 and MK-58 MLM units are used in a variety of situations to include Search and Rescue operations, Man Overboard drills and Target Marking in support of Fleet Operations and Readiness.</proc:Description>
        <proc:Justification>FY 2026 funding is required to procure MK-25 Marine Location Markers (MLMs) to enable day and night Search and Rescue operations and target marking from aircraft and surface combatants.  

FY 2026 funding is required for Marine Location Markers Production Support which includes product improvements needed for components designed as well as Production Engineering Support, Integrated Logistics Support, Reliability Life (i.e. Safety and Product Improvement Program, Quality Assurance and Acceptance Testing).</proc:Justification>
        <proc:ItemExhibitList>
            <proc:P40AItemGroup>
                <proc:Name>Ammunition less than $5 million</proc:Name>
                <proc:CategoryList>
                    <proc:Category>
                        <proc:Name>1) HARDWARE</proc:Name>
                        <proc:ItemList>
                            <proc:Item>
                                <proc:Name>1.1) (A5012) MK-25 MARINE LOCATION MARKERS</proc:Name>
                                <proc:IdCode>A</proc:IdCode>
                                <proc:ResourceSummary>
                                    <proc:Quantity>
                                        <proc:AllPriorYears>8856</proc:AllPriorYears>
                                        <proc:CurrentYear>2233</proc:CurrentYear>
                                        <proc:BudgetYearOneBase>2228</proc:BudgetYearOneBase>
                                        <proc:BudgetYearOne>2228</proc:BudgetYearOne>
                                    </proc:Quantity>
                                    <proc:TotalCost>
                                        <proc:AllPriorYears>4.115</proc:AllPriorYears>
                                        <proc:CurrentYear>1.081</proc:CurrentYear>
                                        <proc:BudgetYearOneBase>1.1</proc:BudgetYearOneBase>
                                        <proc:BudgetYearOne>1.1</proc:BudgetYearOne>
                                    </proc:TotalCost>
                                    <proc:UnitCost>
                                        <proc:AllPriorYears>464.66</proc:AllPriorYears>
                                        <proc:CurrentYear>484.1</proc:CurrentYear>
                                        <proc:BudgetYearOneBase>493.78</proc:BudgetYearOneBase>
                                        <proc:BudgetYearOne>493.78</proc:BudgetYearOne>
                                    </proc:UnitCost>
                                </proc:ResourceSummary>
                                <proc:AllPriorYearsDeliveries>8856</proc:AllPriorYearsDeliveries>
                                <proc:ManufacturerList>
                                    <proc:Manufacturer>
                                        <proc:Name>HFI PYROTECHNICS INC</proc:Name>
                                        <proc:Location>Ontario, Canada</proc:Location>
                                        <proc:HistoryPlanningList>
                                            <proc:HistoryPlanning>
                                                <proc:FiscalYear>2025</proc:FiscalYear>
                                                <proc:PCOLocation>Crane, IN</proc:PCOLocation>
                                                <proc:AwardDate>2025-09</proc:AwardDate>
                                                <proc:FirstDeliveryDate>2026-06</proc:FirstDeliveryDate>
                                                <proc:Quantity>2233</proc:Quantity>
                                                <proc:UnitCost>484.10</proc:UnitCost>
                                                <proc:SpecsAvailableNow>true</proc:SpecsAvailableNow>
                                                <proc:RFPIssueDate>2024-06</proc:RFPIssueDate>
                                                <proc:ContractMethod>C</proc:ContractMethod>
                                                <proc:ContractType>FFP</proc:ContractType>
                                            </proc:HistoryPlanning>
                                            <proc:HistoryPlanning>
                                                <proc:FiscalYear>2026</proc:FiscalYear>
                                                <proc:PCOLocation>Crane, IN</proc:PCOLocation>
                                                <proc:AwardDate>2026-08</proc:AwardDate>
                                                <proc:FirstDeliveryDate>2027-05</proc:FirstDeliveryDate>
                                                <proc:Quantity>2228</proc:Quantity>
                                                <proc:UnitCost>493.78</proc:UnitCost>
                                                <proc:SpecsAvailableNow>true</proc:SpecsAvailableNow>
                                                <proc:RFPIssueDate>2024-06</proc:RFPIssueDate>
                                                <proc:ContractMethod>C</proc:ContractMethod>
                                                <proc:ContractType>FFP</proc:ContractType>
                                            </proc:HistoryPlanning>
                                        </proc:HistoryPlanningList>
                                    </proc:Manufacturer>
                                </proc:ManufacturerList>
                            </proc:Item>
                            <proc:Item>
                                <proc:Name>1.2) (A5010) MK-58 MARINE LOCATION MARKERS</proc:Name>
                                <proc:IdCode>A</proc:IdCode>
                                <proc:ResourceSummary>
                                    <proc:Quantity>
                                        <proc:AllPriorYears>47219</proc:AllPriorYears>
                                        <proc:PriorYear>1910</proc:PriorYear>
                                    </proc:Quantity>
                                    <proc:TotalCost>
                                        <proc:AllPriorYears>30.868</proc:AllPriorYears>
                                        <proc:PriorYear>0.865</proc:PriorYear>
                                    </proc:TotalCost>
                                    <proc:UnitCost>
                                        <proc:AllPriorYears>653.72</proc:AllPriorYears>
                                        <proc:PriorYear>453</proc:PriorYear>
                                    </proc:UnitCost>
                                </proc:ResourceSummary>
                                <proc:AllPriorYearsDeliveries>47219</proc:AllPriorYearsDeliveries>
                                <proc:ManufacturerList>
                                    <proc:Manufacturer>
                                        <proc:Name>HFI PYROTECHNICS INC</proc:Name>
                                        <proc:Location>Ontario, Canada</proc:Location>
                                        <proc:HistoryPlanningList>
                                            <proc:HistoryPlanning>
                                                <proc:FiscalYear>2024</proc:FiscalYear>
                                                <proc:PCOLocation>Crane, IN</proc:PCOLocation>
                                                <proc:AwardDate>2024-06</proc:AwardDate>
                                                <proc:FirstDeliveryDate>2025-03</proc:FirstDeliveryDate>
                                                <proc:Quantity>1910</proc:Quantity>
                                                <proc:UnitCost>453.00</proc:UnitCost>
                                                <proc:SpecsAvailableNow>true</proc:SpecsAvailableNow>
                                                <proc:RFPIssueDate>2018-11</proc:RFPIssueDate>
                                                <proc:ContractMethod>C</proc:ContractMethod>
                                                <proc:ContractType>FFP</proc:ContractType>
                                            </proc:HistoryPlanning>
                                        </proc:HistoryPlanningList>
                                    </proc:Manufacturer>
                                </proc:ManufacturerList>
                            </proc:Item>
                            <proc:Item>
                                <proc:Name>1.3) (A5011) PARAFLARES</proc:Name>
                                <proc:IdCode>A</proc:IdCode>
                                <proc:ResourceSummary>
                                    <proc:Quantity>
                                        <proc:AllPriorYears>25393</proc:AllPriorYears>
                                    </proc:Quantity>
                                    <proc:TotalCost>
                                        <proc:AllPriorYears>39.656</proc:AllPriorYears>
                                    </proc:TotalCost>
                                    <proc:UnitCost>
                                        <proc:AllPriorYears>1561.69</proc:AllPriorYears>
                                    </proc:UnitCost>
                                </proc:ResourceSummary>
                            </proc:Item>
                            <proc:Item>
                                <proc:Name>1.4) (A5894) Miscellaneous</proc:Name>
                                <proc:IdCode>A</proc:IdCode>
                                <proc:ResourceSummary>
                                    <proc:TotalCost>
                                        <proc:AllPriorYears>0.895</proc:AllPriorYears>
                                    </proc:TotalCost>
                                </proc:ResourceSummary>
                            </proc:Item>
                        </proc:ItemList>
                        <proc:CategorySubtotal>
                            <proc:TotalCost>
                                <proc:AllPriorYears>75.534</proc:AllPriorYears>
                                <proc:PriorYear>0.865</proc:PriorYear>
                                <proc:CurrentYear>1.081</proc:CurrentYear>
                                <proc:BudgetYearOneBase>1.1</proc:BudgetYearOneBase>
                                <proc:BudgetYearOne>1.1</proc:BudgetYearOne>
                            </proc:TotalCost>
                        </proc:CategorySubtotal>
                    </proc:Category>
                    <proc:Category>
                        <proc:Name>2) PRODUCTION SUPPORT</proc:Name>
                        <proc:ItemList>
                            <proc:Item>
                                <proc:Name>2.1) (A5821) MARINE LOCATION MARKERS</proc:Name>
                                <proc:IdCode>A</proc:IdCode>
                                <proc:ResourceSummary>
                                    <proc:TotalCost>
                                        <proc:AllPriorYears>23.258</proc:AllPriorYears>
                                        <proc:PriorYear>0.814</proc:PriorYear>
                                        <proc:CurrentYear>0.622</proc:CurrentYear>
                                        <proc:BudgetYearOneBase>0.623</proc:BudgetYearOneBase>
                                        <proc:BudgetYearOne>0.623</proc:BudgetYearOne>
                                    </proc:TotalCost>
                                </proc:ResourceSummary>
                            </proc:Item>
                            <proc:Item>
                                <proc:Name>2.2) (A5820) Paraflares Support</proc:Name>
                                <proc:IdCode>A</proc:IdCode>
                                <proc:ResourceSummary>
                                    <proc:TotalCost>
                                        <proc:AllPriorYears>2.719</proc:AllPriorYears>
                                    </proc:TotalCost>
                                </proc:ResourceSummary>
                            </proc:Item>
                        </proc:ItemList>
                        <proc:CategorySubtotal>
                            <proc:TotalCost>
                                <proc:AllPriorYears>25.977</proc:AllPriorYears>
                                <proc:PriorYear>0.814</proc:PriorYear>
                                <proc:CurrentYear>0.622</proc:CurrentYear>
                                <proc:BudgetYearOneBase>0.623</proc:BudgetYearOneBase>
                                <proc:BudgetYearOne>0.623</proc:BudgetYearOne>
                            </proc:TotalCost>
                        </proc:CategorySubtotal>
                    </proc:Category>
                </proc:CategoryList>
                <proc:TotalCost>
                    <proc:TotalCost>
                        <proc:AllPriorYears>101.511</proc:AllPriorYears>
                        <proc:PriorYear>1.679</proc:PriorYear>
                        <proc:CurrentYear>1.703</proc:CurrentYear>
                        <proc:BudgetYearOneBase>1.723</proc:BudgetYearOneBase>
                        <proc:BudgetYearOne>1.723</proc:BudgetYearOne>
                    </proc:TotalCost>
                </proc:TotalCost>
            </proc:P40AItemGroup>
        </proc:ItemExhibitList>
        <proc:DocumentAssemblyOptions>
            <proc:p40AItemScheduleSetting>total</proc:p40AItemScheduleSetting>
        </proc:DocumentAssemblyOptions>
    </proc:LineItem>
</proc:LineItemList>