<?xml version="1.0" encoding="UTF-8"?>
<proc:LineItemList xmlns:proc="http://www.dtic.mil/comptroller/xml/schema/20100219/procurement">
    <proc:LineItem quantityUnits="Each" quantityUnitName="Each" unitCostUnits="Millions" totalCostUnits="Millions">
        <proc:LineItemNumber>20</proc:LineItemNumber>
        <proc:LineItemTitle>Major Equipment, DCSA</proc:LineItemTitle>
        <proc:P1LineNumber>38</proc:P1LineNumber>
        <proc:BudgetYear>2026</proc:BudgetYear>
        <proc:BudgetCycle>PB</proc:BudgetCycle>
        <proc:SubmissionDate>2025-06</proc:SubmissionDate>
        <proc:ServiceAgencyName>Defense Counterintelligence and Security Agency</proc:ServiceAgencyName>
        <proc:AppropriationNumber>0300D</proc:AppropriationNumber>
        <proc:AppropriationTitle>Procurement, Defense-Wide</proc:AppropriationTitle>
        <proc:BudgetActivityNumber>1</proc:BudgetActivityNumber>
        <proc:BudgetActivityTitle>Major Equipment</proc:BudgetActivityTitle>
        <proc:BudgetSubActivityNumber>9</proc:BudgetSubActivityNumber>
        <proc:BudgetSubActivityTitle>Major Equipment, DCSA</proc:BudgetSubActivityTitle>
        <proc:ResourceSummary>
            <proc:TotalCost>
                <proc:AllPriorYears>27.269</proc:AllPriorYears>
                <proc:PriorYear>2.135</proc:PriorYear>
                <proc:CurrentYear>2.191</proc:CurrentYear>
                <proc:BudgetYearOneBase>2.23</proc:BudgetYearOneBase>
                <proc:BudgetYearOne>2.23</proc:BudgetYearOne>
            </proc:TotalCost>
            <proc:NetProcurementP1>
                <proc:AllPriorYears>27.269</proc:AllPriorYears>
                <proc:PriorYear>2.135</proc:PriorYear>
                <proc:CurrentYear>2.191</proc:CurrentYear>
                <proc:BudgetYearOneBase>2.23</proc:BudgetYearOneBase>
                <proc:BudgetYearOne>2.23</proc:BudgetYearOne>
            </proc:NetProcurementP1>
            <proc:TotalObligationAuthority>
                <proc:AllPriorYears>27.269</proc:AllPriorYears>
                <proc:PriorYear>2.135</proc:PriorYear>
                <proc:CurrentYear>2.191</proc:CurrentYear>
                <proc:BudgetYearOneBase>2.23</proc:BudgetYearOneBase>
                <proc:BudgetYearOne>2.23</proc:BudgetYearOne>
            </proc:TotalObligationAuthority>
        </proc:ResourceSummary>
        <proc:Description>Program Overview: 

The Defense Counterintelligence and Security Agency (DCSA) Zero Trust (ZT) program is designed  in support of the President's Executive Order on Improving the Nation's Cybersecurity (EO 14028) and National Security Memorandum 8 (NSM-8) that directs the Federal Civilian Executive Branch agencies and National Security System (NSS) owners to develop and implement plans to adopt ZT and Identity, Credential and Access Management (ICAM) cybersecurity &amp; architecture capabilities.

The program is focused on the premise that trust is never granted implicitly but must be continually evaluated and guides towards DoD strategic goals of ZT Cultural Adoption, DoD Information Systems Secured and Defended, Technology Acceleration, and ZT enablement.</proc:Description>
        <proc:Justification>The funding will ensure compliance to provide resources necessary to address the ever-changing cybersecurity threats, emerging information technology, modernizing the agency's automation, and providing agency IT governance, policy, and oversight of essential mission and business systems. This methodology prevents unauthorized access to data and services in real-time through context-aware access control, leveraging automated risk decision points that incorporate system, applications, user, networks, endpoints, and data.  In doing so will comply with the DoD CIO Capability Planning Guidance to achieve 185 ZT basic and advanced target areas across all three classification level enclaves (NIPR/SIPR/JWICS) for over 1.1 million user accounts, and over 60 information systems on premise and in the cloud.</proc:Justification>
        <proc:DocumentAssemblyOptions>
            <proc:p40AItemScheduleSetting>expandItemSuppressExhibit</proc:p40AItemScheduleSetting>
        </proc:DocumentAssemblyOptions>
    </proc:LineItem>
</proc:LineItemList>