<?xml version="1.0" encoding="UTF-8"?>
<proc:LineItemList xmlns:proc="http://www.dtic.mil/comptroller/xml/schema/20100219/procurement">
    <proc:LineItem quantityUnits="Each" quantityUnitName="Each" unitCostUnits="Thousands" totalCostUnits="Millions" manufacturerRateUnits="Monthly">
        <proc:LineItemNumber>5726K99200</proc:LineItemNumber>
        <proc:LineItemTitle>Computer Ballistics:  LHMBC XM32</proc:LineItemTitle>
        <proc:P1LineNumber>109</proc:P1LineNumber>
        <proc:BudgetYear>2026</proc:BudgetYear>
        <proc:BudgetCycle>PB</proc:BudgetCycle>
        <proc:SubmissionDate>2025-06</proc:SubmissionDate>
        <proc:ServiceAgencyName>Army</proc:ServiceAgencyName>
        <proc:AppropriationNumber>2035A</proc:AppropriationNumber>
        <proc:AppropriationTitle>Other Procurement, Army</proc:AppropriationTitle>
        <proc:BudgetActivityNumber>2</proc:BudgetActivityNumber>
        <proc:BudgetActivityTitle>Communications and Electronics Equipment</proc:BudgetActivityTitle>
        <proc:BudgetSubActivityNumber>86</proc:BudgetSubActivityNumber>
        <proc:BudgetSubActivityTitle>Elect Equip - Tactical Surv. (Tac Surv)</proc:BudgetSubActivityTitle>
        <proc:ResourceSummary>
            <proc:Quantity>
                <proc:AllPriorYears>183</proc:AllPriorYears>
                <proc:PriorYear>44</proc:PriorYear>
                <proc:CurrentYear>63</proc:CurrentYear>
                <proc:BudgetYearOneBase>195</proc:BudgetYearOneBase>
                <proc:BudgetYearOne>195</proc:BudgetYearOne>
            </proc:Quantity>
            <proc:TotalCost>
                <proc:AllPriorYears>171.295</proc:AllPriorYears>
                <proc:PriorYear>1.653</proc:PriorYear>
                <proc:CurrentYear>2.966</proc:CurrentYear>
                <proc:BudgetYearOneBase>6.325</proc:BudgetYearOneBase>
                <proc:BudgetYearOne>6.325</proc:BudgetYearOne>
            </proc:TotalCost>
            <proc:UnitCost>
                <proc:AllPriorYears>936.038</proc:AllPriorYears>
                <proc:PriorYear>37.568</proc:PriorYear>
                <proc:CurrentYear>47.079</proc:CurrentYear>
                <proc:BudgetYearOneBase>32.436</proc:BudgetYearOneBase>
                <proc:BudgetYearOne>32.436</proc:BudgetYearOne>
            </proc:UnitCost>
            <proc:NetProcurementP1>
                <proc:AllPriorYears>171.295</proc:AllPriorYears>
                <proc:PriorYear>1.653</proc:PriorYear>
                <proc:CurrentYear>2.966</proc:CurrentYear>
                <proc:BudgetYearOneBase>6.325</proc:BudgetYearOneBase>
                <proc:BudgetYearOne>6.325</proc:BudgetYearOne>
            </proc:NetProcurementP1>
            <proc:TotalObligationAuthority>
                <proc:AllPriorYears>171.295</proc:AllPriorYears>
                <proc:PriorYear>1.653</proc:PriorYear>
                <proc:CurrentYear>2.966</proc:CurrentYear>
                <proc:BudgetYearOneBase>6.325</proc:BudgetYearOneBase>
                <proc:BudgetYearOne>6.325</proc:BudgetYearOne>
            </proc:TotalObligationAuthority>
        </proc:ResourceSummary>
        <proc:Code>B</proc:Code>
        <proc:SecondaryDistribution>
            <proc:ComponentList>
                <proc:Component>
                    <proc:Name>Army Active</proc:Name>
                    <proc:Cost>
                        <proc:Quantity>
                            <proc:PriorYear>44</proc:PriorYear>
                            <proc:CurrentYear>63</proc:CurrentYear>
                            <proc:BudgetYearOneBase>195</proc:BudgetYearOneBase>
                            <proc:BudgetYearOne>195</proc:BudgetYearOne>
                        </proc:Quantity>
                        <proc:TotalCost>
                            <proc:PriorYear>1.653</proc:PriorYear>
                            <proc:CurrentYear>2.966</proc:CurrentYear>
                            <proc:BudgetYearOneBase>6.325</proc:BudgetYearOneBase>
                            <proc:BudgetYearOne>6.325</proc:BudgetYearOne>
                        </proc:TotalCost>
                    </proc:Cost>
                </proc:Component>
            </proc:ComponentList>
            <proc:TotalCost>
                <proc:Quantity>
                    <proc:PriorYear>44</proc:PriorYear>
                    <proc:CurrentYear>63</proc:CurrentYear>
                    <proc:BudgetYearOneBase>195</proc:BudgetYearOneBase>
                    <proc:BudgetYearOne>195</proc:BudgetYearOne>
                </proc:Quantity>
                <proc:TotalCost>
                    <proc:PriorYear>1.653</proc:PriorYear>
                    <proc:CurrentYear>2.966</proc:CurrentYear>
                    <proc:BudgetYearOneBase>6.325</proc:BudgetYearOneBase>
                    <proc:BudgetYearOne>6.325</proc:BudgetYearOne>
                </proc:TotalCost>
            </proc:TotalCost>
        </proc:SecondaryDistribution>
        <proc:Description>The Lightweight Handheld Mortar Ballistic Computer (LHMBC) calculates ballistic solutions that give the 60mm, 81mm and 120mm mortar weapon system user data to aim the mortar weapon and set the charge as well as serves as the Fire Direction Center for all mortar platforms. The LHMBC communicates digitally to the Fire Support Network. All LHMBC versions provide firing computations for all calibers of mortars as well as digital messaging capability. LHMBC eliminates the need of a paper firing table, improves the accuracy of mortar ballistic calculation, and increases survivability of mortar crews by digitally connecting to the Fire Support network to receive fire missions and Fire Support Coordination Measures to conduct fratricide check. The common software (SW) design and architecture will enable seamless vehicle integration. The M32A2 LHMBC utilizes the Net Warrior (NW) Mobile/Handheld (M/HH) End User Device (EUD). The common hardware (HW) and SW architecture and design will enable seamless integration to current and future Army Platforms, weapon systems and fire control systems/subsystems. The LHMBC HW and SW addresses obsolescence and will modernize mounted and dismounted mortar weapon system and fire control system.</proc:Description>
        <proc:Justification>Fiscal Year (FY) 2026 Base procurement dollars in the amount of $6.325 million will support the procurement of 195 Lightweight Handheld Mortar Ballistic Computer (LHMBC) M32A2 systems to include hardware, as well as the continuation of required software, logistics, fielding, and production engineering efforts. The LHMBC M32A2 computer system will be used in conjunction with common software to reduce reliance on unique hardware and operating system configurations.</proc:Justification>
        <proc:ItemExhibitList>
            <proc:P5Item>
                <proc:Name>Computer Ballistics:  LHMBC XM32</proc:Name>
                <proc:ItemNumber>K99200</proc:ItemNumber>
                <proc:IdCode>B</proc:IdCode>
                <proc:SecondaryDistribution>
                    <proc:ComponentList>
                        <proc:Component>
                            <proc:Name>Army Active</proc:Name>
                            <proc:Cost>
                                <proc:Quantity>
                                    <proc:PriorYear>44</proc:PriorYear>
                                    <proc:CurrentYear>63</proc:CurrentYear>
                                    <proc:BudgetYearOneBase>195</proc:BudgetYearOneBase>
                                    <proc:BudgetYearOne>195</proc:BudgetYearOne>
                                </proc:Quantity>
                                <proc:TotalCost>
                                    <proc:PriorYear>1.653</proc:PriorYear>
                                    <proc:CurrentYear>2.966</proc:CurrentYear>
                                    <proc:BudgetYearOneBase>6.325</proc:BudgetYearOneBase>
                                    <proc:BudgetYearOne>6.325</proc:BudgetYearOne>
                                </proc:TotalCost>
                            </proc:Cost>
                        </proc:Component>
                    </proc:ComponentList>
                </proc:SecondaryDistribution>
                <proc:Remarks>Additional funding required for fielding and support efforts due to the increased procurement of quantity (195) LHMBC systems in FY 2026.</proc:Remarks>
                <proc:ResourceSummary>
                    <proc:Quantity>
                        <proc:AllPriorYears>183</proc:AllPriorYears>
                        <proc:PriorYear>44</proc:PriorYear>
                        <proc:CurrentYear>63</proc:CurrentYear>
                        <proc:BudgetYearOneBase>195</proc:BudgetYearOneBase>
                        <proc:BudgetYearOne>195</proc:BudgetYearOne>
                    </proc:Quantity>
                    <proc:TotalCost>
                        <proc:AllPriorYears>171.295</proc:AllPriorYears>
                        <proc:PriorYear>1.653</proc:PriorYear>
                        <proc:CurrentYear>2.966</proc:CurrentYear>
                        <proc:BudgetYearOneBase>6.325</proc:BudgetYearOneBase>
                        <proc:BudgetYearOne>6.325</proc:BudgetYearOne>
                    </proc:TotalCost>
                    <proc:UnitCost>
                        <proc:AllPriorYears>936.038</proc:AllPriorYears>
                        <proc:PriorYear>37.568</proc:PriorYear>
                        <proc:CurrentYear>47.079</proc:CurrentYear>
                        <proc:BudgetYearOneBase>32.436</proc:BudgetYearOneBase>
                        <proc:BudgetYearOne>32.436</proc:BudgetYearOne>
                    </proc:UnitCost>
                    <proc:NetProcurementP1>
                        <proc:AllPriorYears>171.295</proc:AllPriorYears>
                        <proc:PriorYear>1.653</proc:PriorYear>
                        <proc:CurrentYear>2.966</proc:CurrentYear>
                        <proc:BudgetYearOneBase>6.325</proc:BudgetYearOneBase>
                        <proc:BudgetYearOne>6.325</proc:BudgetYearOne>
                    </proc:NetProcurementP1>
                    <proc:TotalObligationAuthority>
                        <proc:AllPriorYears>171.295</proc:AllPriorYears>
                        <proc:PriorYear>1.653</proc:PriorYear>
                        <proc:CurrentYear>2.966</proc:CurrentYear>
                        <proc:BudgetYearOneBase>6.325</proc:BudgetYearOneBase>
                        <proc:BudgetYearOne>6.325</proc:BudgetYearOne>
                    </proc:TotalObligationAuthority>
                </proc:ResourceSummary>
                <proc:CostElementCategoryList>
                    <proc:Hardware>
                        <proc:Recurring>
                            <proc:CostElementList>
                                <proc:CostElement>
                                    <proc:Name>LHMBC</proc:Name>
                                    <proc:Cost>
                                        <proc:Quantity>
                                            <proc:AllPriorYears>685</proc:AllPriorYears>
                                            <proc:PriorYear>35</proc:PriorYear>
                                            <proc:CurrentYear>63</proc:CurrentYear>
                                            <proc:BudgetYearOneBase>195</proc:BudgetYearOneBase>
                                            <proc:BudgetYearOne>195</proc:BudgetYearOne>
                                        </proc:Quantity>
                                        <proc:TotalCost>
                                            <proc:AllPriorYears>17.835</proc:AllPriorYears>
                                            <proc:PriorYear>1.015</proc:PriorYear>
                                            <proc:CurrentYear>1.871</proc:CurrentYear>
                                            <proc:BudgetYearOneBase>3.57</proc:BudgetYearOneBase>
                                            <proc:BudgetYearOne>3.57</proc:BudgetYearOne>
                                        </proc:TotalCost>
                                        <proc:UnitCost>
                                            <proc:AllPriorYears>26.036</proc:AllPriorYears>
                                            <proc:PriorYear>29</proc:PriorYear>
                                            <proc:CurrentYear>29.698</proc:CurrentYear>
                                            <proc:BudgetYearOneBase>18.308</proc:BudgetYearOneBase>
                                            <proc:BudgetYearOne>18.308</proc:BudgetYearOne>
                                        </proc:UnitCost>
                                    </proc:Cost>
                                    <proc:AllPriorYearsDeliveries>685</proc:AllPriorYearsDeliveries>
                                    <proc:ManufacturerList>
                                        <proc:Manufacturer>
                                            <proc:Name>DLA TLS</proc:Name>
                                            <proc:Location>Columbus, OH</proc:Location>
                                            <proc:HistoryPlanningList>
                                                <proc:HistoryPlanning>
                                                    <proc:FiscalYear>2026</proc:FiscalYear>
                                                    <proc:PCOLocation>Columbus, OH</proc:PCOLocation>
                                                    <proc:AwardDate>2026-03</proc:AwardDate>
                                                    <proc:FirstDeliveryDate>2026-06</proc:FirstDeliveryDate>
                                                    <proc:Quantity>195</proc:Quantity>
                                                    <proc:UnitCost>18.308</proc:UnitCost>
                                                    <proc:SpecsAvailableNow>true</proc:SpecsAvailableNow>
                                                    <proc:FundingVehicle>MIPR</proc:FundingVehicle>
                                                </proc:HistoryPlanning>
                                            </proc:HistoryPlanningList>
                                        </proc:Manufacturer>
                                    </proc:ManufacturerList>
                                </proc:CostElement>
                            </proc:CostElementList>
                            <proc:CategorySubtotal>
                                <proc:TotalCost>
                                    <proc:AllPriorYears>17.835</proc:AllPriorYears>
                                    <proc:PriorYear>1.015</proc:PriorYear>
                                    <proc:CurrentYear>1.871</proc:CurrentYear>
                                    <proc:BudgetYearOneBase>3.57</proc:BudgetYearOneBase>
                                    <proc:BudgetYearOne>3.57</proc:BudgetYearOne>
                                </proc:TotalCost>
                            </proc:CategorySubtotal>
                        </proc:Recurring>
                        <proc:CategorySubtotal>
                            <proc:TotalCost>
                                <proc:AllPriorYears>17.835</proc:AllPriorYears>
                                <proc:PriorYear>1.015</proc:PriorYear>
                                <proc:CurrentYear>1.871</proc:CurrentYear>
                                <proc:BudgetYearOneBase>3.57</proc:BudgetYearOneBase>
                                <proc:BudgetYearOne>3.57</proc:BudgetYearOne>
                            </proc:TotalCost>
                        </proc:CategorySubtotal>
                    </proc:Hardware>
                    <proc:Software>
                        <proc:Recurring>
                            <proc:CostElementList>
                                <proc:CostElement>
                                    <proc:Name>Software Support</proc:Name>
                                    <proc:Cost>
                                        <proc:TotalCost>
                                            <proc:AllPriorYears>75.99</proc:AllPriorYears>
                                            <proc:PriorYear>0.127</proc:PriorYear>
                                            <proc:CurrentYear>0.2</proc:CurrentYear>
                                            <proc:BudgetYearOneBase>0.23</proc:BudgetYearOneBase>
                                            <proc:BudgetYearOne>0.23</proc:BudgetYearOne>
                                        </proc:TotalCost>
                                    </proc:Cost>
                                </proc:CostElement>
                            </proc:CostElementList>
                            <proc:CategorySubtotal>
                                <proc:TotalCost>
                                    <proc:AllPriorYears>75.99</proc:AllPriorYears>
                                    <proc:PriorYear>0.127</proc:PriorYear>
                                    <proc:CurrentYear>0.2</proc:CurrentYear>
                                    <proc:BudgetYearOneBase>0.23</proc:BudgetYearOneBase>
                                    <proc:BudgetYearOne>0.23</proc:BudgetYearOne>
                                </proc:TotalCost>
                            </proc:CategorySubtotal>
                        </proc:Recurring>
                        <proc:CategorySubtotal>
                            <proc:TotalCost>
                                <proc:AllPriorYears>75.99</proc:AllPriorYears>
                                <proc:PriorYear>0.127</proc:PriorYear>
                                <proc:CurrentYear>0.2</proc:CurrentYear>
                                <proc:BudgetYearOneBase>0.23</proc:BudgetYearOneBase>
                                <proc:BudgetYearOne>0.23</proc:BudgetYearOne>
                            </proc:TotalCost>
                        </proc:CategorySubtotal>
                    </proc:Software>
                    <proc:Support>
                        <proc:CostElementList>
                            <proc:CostElement>
                                <proc:Name>Fielding</proc:Name>
                                <proc:Cost>
                                    <proc:TotalCost>
                                        <proc:AllPriorYears>37.619</proc:AllPriorYears>
                                        <proc:PriorYear>0.15</proc:PriorYear>
                                        <proc:CurrentYear>0.15</proc:CurrentYear>
                                        <proc:BudgetYearOneBase>1.062</proc:BudgetYearOneBase>
                                        <proc:BudgetYearOne>1.062</proc:BudgetYearOne>
                                    </proc:TotalCost>
                                </proc:Cost>
                            </proc:CostElement>
                        </proc:CostElementList>
                        <proc:CategorySubtotal>
                            <proc:TotalCost>
                                <proc:AllPriorYears>37.619</proc:AllPriorYears>
                                <proc:PriorYear>0.15</proc:PriorYear>
                                <proc:CurrentYear>0.15</proc:CurrentYear>
                                <proc:BudgetYearOneBase>1.062</proc:BudgetYearOneBase>
                                <proc:BudgetYearOne>1.062</proc:BudgetYearOne>
                            </proc:TotalCost>
                        </proc:CategorySubtotal>
                        <proc:Name>Fielding</proc:Name>
                    </proc:Support>
                    <proc:Support>
                        <proc:CostElementList>
                            <proc:CostElement>
                                <proc:Name>Production Engineering</proc:Name>
                                <proc:Cost>
                                    <proc:TotalCost>
                                        <proc:AllPriorYears>39.851</proc:AllPriorYears>
                                        <proc:PriorYear>0.361</proc:PriorYear>
                                        <proc:CurrentYear>0.745</proc:CurrentYear>
                                        <proc:BudgetYearOneBase>1.463</proc:BudgetYearOneBase>
                                        <proc:BudgetYearOne>1.463</proc:BudgetYearOne>
                                    </proc:TotalCost>
                                </proc:Cost>
                            </proc:CostElement>
                        </proc:CostElementList>
                        <proc:CategorySubtotal>
                            <proc:TotalCost>
                                <proc:AllPriorYears>39.851</proc:AllPriorYears>
                                <proc:PriorYear>0.361</proc:PriorYear>
                                <proc:CurrentYear>0.745</proc:CurrentYear>
                                <proc:BudgetYearOneBase>1.463</proc:BudgetYearOneBase>
                                <proc:BudgetYearOne>1.463</proc:BudgetYearOne>
                            </proc:TotalCost>
                        </proc:CategorySubtotal>
                        <proc:Name>Production Engineering</proc:Name>
                    </proc:Support>
                </proc:CostElementCategoryList>
            </proc:P5Item>
        </proc:ItemExhibitList>
        <proc:DocumentAssemblyOptions>
            <proc:p40AItemScheduleSetting>item</proc:p40AItemScheduleSetting>
        </proc:DocumentAssemblyOptions>
    </proc:LineItem>
</proc:LineItemList>