<?xml version="1.0" encoding="UTF-8"?>
<proc:LineItemList xmlns:proc="http://www.dtic.mil/comptroller/xml/schema/20100219/procurement">
    <proc:LineItem quantityUnits="Each" quantityUnitName="Each" unitCostUnits="Thousands" totalCostUnits="Millions" manufacturerRateUnits="Monthly">
        <proc:LineItemNumber>0187AD3260</proc:LineItemNumber>
        <proc:LineItemTitle>ENHANCED PORTABLE INDUCTIVE ARTILLERY FUZE SETTER</proc:LineItemTitle>
        <proc:P1LineNumber>102</proc:P1LineNumber>
        <proc:BudgetYear>2026</proc:BudgetYear>
        <proc:BudgetCycle>PB</proc:BudgetCycle>
        <proc:SubmissionDate>2025-06</proc:SubmissionDate>
        <proc:ServiceAgencyName>Army</proc:ServiceAgencyName>
        <proc:AppropriationNumber>2035A</proc:AppropriationNumber>
        <proc:AppropriationTitle>Other Procurement, Army</proc:AppropriationTitle>
        <proc:BudgetActivityNumber>2</proc:BudgetActivityNumber>
        <proc:BudgetActivityTitle>Communications and Electronics Equipment</proc:BudgetActivityTitle>
        <proc:BudgetSubActivityNumber>86</proc:BudgetSubActivityNumber>
        <proc:BudgetSubActivityTitle>Elect Equip - Tactical Surv. (Tac Surv)</proc:BudgetSubActivityTitle>
        <proc:ResourceSummary>
            <proc:Quantity>
                <proc:AllPriorYears>30</proc:AllPriorYears>
                <proc:PriorYear>0</proc:PriorYear>
                <proc:CurrentYear>45</proc:CurrentYear>
                <proc:BudgetYearOneBase>300</proc:BudgetYearOneBase>
                <proc:BudgetYearOne>300</proc:BudgetYearOne>
            </proc:Quantity>
            <proc:TotalCost>
                <proc:AllPriorYears>42.992</proc:AllPriorYears>
                <proc:PriorYear>3.652</proc:PriorYear>
                <proc:CurrentYear>2.971</proc:CurrentYear>
                <proc:BudgetYearOneBase>10.456</proc:BudgetYearOneBase>
                <proc:BudgetYearOne>10.456</proc:BudgetYearOne>
            </proc:TotalCost>
            <proc:UnitCost>
                <proc:AllPriorYears>1433.067</proc:AllPriorYears>
                <proc:CurrentYear>66.022</proc:CurrentYear>
                <proc:BudgetYearOneBase>34.853</proc:BudgetYearOneBase>
                <proc:BudgetYearOne>34.853</proc:BudgetYearOne>
            </proc:UnitCost>
            <proc:NetProcurementP1>
                <proc:AllPriorYears>42.992</proc:AllPriorYears>
                <proc:PriorYear>3.652</proc:PriorYear>
                <proc:CurrentYear>2.971</proc:CurrentYear>
                <proc:BudgetYearOneBase>10.456</proc:BudgetYearOneBase>
                <proc:BudgetYearOne>10.456</proc:BudgetYearOne>
            </proc:NetProcurementP1>
            <proc:TotalObligationAuthority>
                <proc:AllPriorYears>42.992</proc:AllPriorYears>
                <proc:PriorYear>3.652</proc:PriorYear>
                <proc:CurrentYear>2.971</proc:CurrentYear>
                <proc:BudgetYearOneBase>10.456</proc:BudgetYearOneBase>
                <proc:BudgetYearOne>10.456</proc:BudgetYearOne>
            </proc:TotalObligationAuthority>
        </proc:ResourceSummary>
        <proc:Code>A</proc:Code>
        <proc:SecondaryDistribution>
            <proc:ComponentList>
                <proc:Component>
                    <proc:Name>Army Active</proc:Name>
                    <proc:Cost>
                        <proc:Quantity>
                            <proc:CurrentYear>45</proc:CurrentYear>
                            <proc:BudgetYearOneBase>300</proc:BudgetYearOneBase>
                            <proc:BudgetYearOne>300</proc:BudgetYearOne>
                        </proc:Quantity>
                        <proc:TotalCost>
                            <proc:PriorYear>3.652</proc:PriorYear>
                            <proc:CurrentYear>2.971</proc:CurrentYear>
                            <proc:BudgetYearOneBase>10.456</proc:BudgetYearOneBase>
                            <proc:BudgetYearOne>10.456</proc:BudgetYearOne>
                        </proc:TotalCost>
                    </proc:Cost>
                </proc:Component>
            </proc:ComponentList>
            <proc:TotalCost>
                <proc:Quantity>
                    <proc:CurrentYear>45</proc:CurrentYear>
                    <proc:BudgetYearOneBase>300</proc:BudgetYearOneBase>
                    <proc:BudgetYearOne>300</proc:BudgetYearOne>
                </proc:Quantity>
                <proc:TotalCost>
                    <proc:PriorYear>3.652</proc:PriorYear>
                    <proc:CurrentYear>2.971</proc:CurrentYear>
                    <proc:BudgetYearOneBase>10.456</proc:BudgetYearOneBase>
                    <proc:BudgetYearOne>10.456</proc:BudgetYearOne>
                </proc:TotalCost>
            </proc:TotalCost>
        </proc:SecondaryDistribution>
        <proc:Description>The Enhanced Portable Inductive Artillery Fuze Setter (EPIAFS) program supports the Army's Cannon Transformation Strategy and is a critical system required to enable setting with current and future Precision Guided Munitions (PGMs) and Fuzes, as well as 155mm weapon system platforms. The EPIAFS systems provide direct set capability to integrate with modernized ammunition, electronics/hardware to enable new data requirements and software updates that provide new initialization data sets to support legacy and future platforms, precision artillery projectiles and precision fuzes. Future PGMs and Fuzes will incorporate guidance technologies that will require more data for initialization in less time to support higher rates of fire providing overmatching capability.</proc:Description>
        <proc:Justification>Fiscal Year (FY) 2026 Base procurement dollars in the amount of $10.456 million supports the procurement of 300 modernized Enhanced Portable Inductive Artillery Fuze Setter (EPIAFS) systems that include an improved Platform Integration Kit (iPIK-M) as well as the ability to complete Direct Set Interface required to set Precision Guidance Munitions (PGMs) and Fuzes with current and future 155mm weapon systems. Funding will also support nonrecurring engineering efforts to mitigate obsolescence, upgrade software and improve platform integration components. These critical efforts will reduce hardware obsolescence and system failures as well as enable flexibility and long-term viability in support of the Army's Cannon Transformation Strategy.</proc:Justification>
        <proc:ItemExhibitList>
            <proc:P5Item>
                <proc:Name>ENHANCED PORTABLE INDUCTIVE ARTILLERY FUZE SETTER</proc:Name>
                <proc:ItemNumber>AD3260</proc:ItemNumber>
                <proc:IdCode>A</proc:IdCode>
                <proc:SecondaryDistribution>
                    <proc:ComponentList>
                        <proc:Component>
                            <proc:Name>Army Active</proc:Name>
                            <proc:Cost>
                                <proc:Quantity>
                                    <proc:CurrentYear>45</proc:CurrentYear>
                                    <proc:BudgetYearOneBase>300</proc:BudgetYearOneBase>
                                    <proc:BudgetYearOne>300</proc:BudgetYearOne>
                                </proc:Quantity>
                                <proc:TotalCost>
                                    <proc:PriorYear>3.652</proc:PriorYear>
                                    <proc:CurrentYear>2.971</proc:CurrentYear>
                                    <proc:BudgetYearOneBase>10.456</proc:BudgetYearOneBase>
                                    <proc:BudgetYearOne>10.456</proc:BudgetYearOne>
                                </proc:TotalCost>
                            </proc:Cost>
                        </proc:Component>
                    </proc:ComponentList>
                </proc:SecondaryDistribution>
                <proc:Remarks>Hardware Cost - Unit cost each year is based on a linear curve with decreasing prices from high quantity procurement. It is a sliding scale with lower unit costs as quantities increase and higher unit costs as quantities decrease.

Software and Support Costs - FY 2026 cost increase due to increased quantity procurement of modernized Enhanced Portable Inductive Artillery Fuze Setter (EPIAFS) systems required to enable setting with current and future Precision Guided Munitions (PGMs) and Fuzes, as well as 155mm weapon system platforms.</proc:Remarks>
                <proc:ResourceSummary>
                    <proc:Quantity>
                        <proc:AllPriorYears>30</proc:AllPriorYears>
                        <proc:PriorYear>0</proc:PriorYear>
                        <proc:CurrentYear>45</proc:CurrentYear>
                        <proc:BudgetYearOneBase>300</proc:BudgetYearOneBase>
                        <proc:BudgetYearOne>300</proc:BudgetYearOne>
                    </proc:Quantity>
                    <proc:TotalCost>
                        <proc:AllPriorYears>42.992</proc:AllPriorYears>
                        <proc:PriorYear>3.652</proc:PriorYear>
                        <proc:CurrentYear>2.971</proc:CurrentYear>
                        <proc:BudgetYearOneBase>10.456</proc:BudgetYearOneBase>
                        <proc:BudgetYearOne>10.456</proc:BudgetYearOne>
                    </proc:TotalCost>
                    <proc:UnitCost>
                        <proc:AllPriorYears>1433.067</proc:AllPriorYears>
                        <proc:CurrentYear>66.022</proc:CurrentYear>
                        <proc:BudgetYearOneBase>34.853</proc:BudgetYearOneBase>
                        <proc:BudgetYearOne>34.853</proc:BudgetYearOne>
                    </proc:UnitCost>
                    <proc:NetProcurementP1>
                        <proc:AllPriorYears>42.992</proc:AllPriorYears>
                        <proc:PriorYear>3.652</proc:PriorYear>
                        <proc:CurrentYear>2.971</proc:CurrentYear>
                        <proc:BudgetYearOneBase>10.456</proc:BudgetYearOneBase>
                        <proc:BudgetYearOne>10.456</proc:BudgetYearOne>
                    </proc:NetProcurementP1>
                    <proc:TotalObligationAuthority>
                        <proc:AllPriorYears>42.992</proc:AllPriorYears>
                        <proc:PriorYear>3.652</proc:PriorYear>
                        <proc:CurrentYear>2.971</proc:CurrentYear>
                        <proc:BudgetYearOneBase>10.456</proc:BudgetYearOneBase>
                        <proc:BudgetYearOne>10.456</proc:BudgetYearOne>
                    </proc:TotalObligationAuthority>
                </proc:ResourceSummary>
                <proc:CostElementCategoryList>
                    <proc:Hardware>
                        <proc:Recurring>
                            <proc:CostElementList>
                                <proc:CostElement>
                                    <proc:Name>Precision Guided Munition (PGM) Setter</proc:Name>
                                    <proc:Cost>
                                        <proc:Quantity>
                                            <proc:AllPriorYears>165</proc:AllPriorYears>
                                            <proc:PriorYear>70</proc:PriorYear>
                                            <proc:CurrentYear>45</proc:CurrentYear>
                                            <proc:BudgetYearOneBase>300</proc:BudgetYearOneBase>
                                            <proc:BudgetYearOne>300</proc:BudgetYearOne>
                                        </proc:Quantity>
                                        <proc:TotalCost>
                                            <proc:AllPriorYears>33.81</proc:AllPriorYears>
                                            <proc:PriorYear>2.502</proc:PriorYear>
                                            <proc:CurrentYear>1.971</proc:CurrentYear>
                                            <proc:BudgetYearOneBase>7.907</proc:BudgetYearOneBase>
                                            <proc:BudgetYearOne>7.907</proc:BudgetYearOne>
                                        </proc:TotalCost>
                                        <proc:UnitCost>
                                            <proc:AllPriorYears>204.909</proc:AllPriorYears>
                                            <proc:PriorYear>35.743</proc:PriorYear>
                                            <proc:CurrentYear>43.8</proc:CurrentYear>
                                            <proc:BudgetYearOneBase>26.357</proc:BudgetYearOneBase>
                                            <proc:BudgetYearOne>26.357</proc:BudgetYearOne>
                                        </proc:UnitCost>
                                    </proc:Cost>
                                    <proc:AllPriorYearsDeliveries>165</proc:AllPriorYearsDeliveries>
                                    <proc:ManufacturerList>
                                        <proc:Manufacturer>
                                            <proc:Name>DRS</proc:Name>
                                            <proc:Location>Melborne,FL</proc:Location>
                                            <proc:MinimumSustainingRate>1</proc:MinimumSustainingRate>
                                            <proc:MaximumProductionRate>300</proc:MaximumProductionRate>
                                            <proc:Rate185>300</proc:Rate185>
                                            <proc:InitialQuantity>
                                                <proc:AdminLeadTimeBeforeOct1InMonths>6</proc:AdminLeadTimeBeforeOct1InMonths>
                                                <proc:AdminLeadTimeAfterOct1InMonths>12</proc:AdminLeadTimeAfterOct1InMonths>
                                                <proc:ProductionLeadTimeAfterOct1InMonths>12</proc:ProductionLeadTimeAfterOct1InMonths>
                                                <proc:TotalLeadTimeAfterOct1InMonths>24</proc:TotalLeadTimeAfterOct1InMonths>
                                            </proc:InitialQuantity>
                                            <proc:ReorderQuantity>
                                                <proc:AdminLeadTimeBeforeOct1InMonths>6</proc:AdminLeadTimeBeforeOct1InMonths>
                                                <proc:AdminLeadTimeAfterOct1InMonths>12</proc:AdminLeadTimeAfterOct1InMonths>
                                                <proc:ProductionLeadTimeAfterOct1InMonths>12</proc:ProductionLeadTimeAfterOct1InMonths>
                                                <proc:TotalLeadTimeAfterOct1InMonths>24</proc:TotalLeadTimeAfterOct1InMonths>
                                            </proc:ReorderQuantity>
                                            <proc:HistoryPlanningList>
                                                <proc:HistoryPlanning>
                                                    <proc:FiscalYear>2026</proc:FiscalYear>
                                                    <proc:PCOLocation>PICATINNY ARSENAL, NJ</proc:PCOLocation>
                                                    <proc:AwardDate>2026-03</proc:AwardDate>
                                                    <proc:FirstDeliveryDate>2027-03</proc:FirstDeliveryDate>
                                                    <proc:Quantity>300</proc:Quantity>
                                                    <proc:UnitCost>26.357</proc:UnitCost>
                                                    <proc:SpecsAvailableNow>true</proc:SpecsAvailableNow>
                                                    <proc:ContractMethod>SS</proc:ContractMethod>
                                                    <proc:ContractType>FFP</proc:ContractType>
                                                    <proc:MonthlyDeliveryScheduleList>
                                                        <proc:MonthlyDeliverySchedule>
                                                            <proc:ServiceAgencyName>Army</proc:ServiceAgencyName>
                                                            <proc:ProcQuantity>300</proc:ProcQuantity>
                                                            <proc:MonthlyDeliveryList>
                                                                <proc:MonthlyDelivery>
                                                                    <proc:Month>2027-03</proc:Month>
                                                                    <proc:Amount>25</proc:Amount>
                                                                </proc:MonthlyDelivery>
                                                                <proc:MonthlyDelivery>
                                                                    <proc:Month>2027-04</proc:Month>
                                                                    <proc:Amount>25</proc:Amount>
                                                                </proc:MonthlyDelivery>
                                                                <proc:MonthlyDelivery>
                                                                    <proc:Month>2027-05</proc:Month>
                                                                    <proc:Amount>25</proc:Amount>
                                                                </proc:MonthlyDelivery>
                                                                <proc:MonthlyDelivery>
                                                                    <proc:Month>2027-06</proc:Month>
                                                                    <proc:Amount>25</proc:Amount>
                                                                </proc:MonthlyDelivery>
                                                                <proc:MonthlyDelivery>
                                                                    <proc:Month>2027-07</proc:Month>
                                                                    <proc:Amount>25</proc:Amount>
                                                                </proc:MonthlyDelivery>
                                                                <proc:MonthlyDelivery>
                                                                    <proc:Month>2027-08</proc:Month>
                                                                    <proc:Amount>25</proc:Amount>
                                                                </proc:MonthlyDelivery>
                                                                <proc:MonthlyDelivery>
                                                                    <proc:Month>2027-09</proc:Month>
                                                                    <proc:Amount>25</proc:Amount>
                                                                </proc:MonthlyDelivery>
                                                                <proc:MonthlyDelivery>
                                                                    <proc:Month>2027-10</proc:Month>
                                                                    <proc:Amount>25</proc:Amount>
                                                                </proc:MonthlyDelivery>
                                                                <proc:MonthlyDelivery>
                                                                    <proc:Month>2027-11</proc:Month>
                                                                    <proc:Amount>25</proc:Amount>
                                                                </proc:MonthlyDelivery>
                                                                <proc:MonthlyDelivery>
                                                                    <proc:Month>2027-12</proc:Month>
                                                                    <proc:Amount>25</proc:Amount>
                                                                </proc:MonthlyDelivery>
                                                                <proc:MonthlyDelivery>
                                                                    <proc:Month>2028-01</proc:Month>
                                                                    <proc:Amount>25</proc:Amount>
                                                                </proc:MonthlyDelivery>
                                                                <proc:MonthlyDelivery>
                                                                    <proc:Month>2028-02</proc:Month>
                                                                    <proc:Amount>25</proc:Amount>
                                                                </proc:MonthlyDelivery>
                                                            </proc:MonthlyDeliveryList>
                                                        </proc:MonthlyDeliverySchedule>
                                                    </proc:MonthlyDeliveryScheduleList>
                                                    <proc:MonthlyDeliveryScheduleTotal>
                                                        <proc:ProcQuantity>300</proc:ProcQuantity>
                                                        <proc:MonthlyDeliveryList>
                                                            <proc:MonthlyDelivery>
                                                                <proc:Month>2027-03</proc:Month>
                                                                <proc:Amount>25</proc:Amount>
                                                            </proc:MonthlyDelivery>
                                                            <proc:MonthlyDelivery>
                                                                <proc:Month>2027-04</proc:Month>
                                                                <proc:Amount>25</proc:Amount>
                                                            </proc:MonthlyDelivery>
                                                            <proc:MonthlyDelivery>
                                                                <proc:Month>2027-05</proc:Month>
                                                                <proc:Amount>25</proc:Amount>
                                                            </proc:MonthlyDelivery>
                                                            <proc:MonthlyDelivery>
                                                                <proc:Month>2027-06</proc:Month>
                                                                <proc:Amount>25</proc:Amount>
                                                            </proc:MonthlyDelivery>
                                                            <proc:MonthlyDelivery>
                                                                <proc:Month>2027-07</proc:Month>
                                                                <proc:Amount>25</proc:Amount>
                                                            </proc:MonthlyDelivery>
                                                            <proc:MonthlyDelivery>
                                                                <proc:Month>2027-08</proc:Month>
                                                                <proc:Amount>25</proc:Amount>
                                                            </proc:MonthlyDelivery>
                                                            <proc:MonthlyDelivery>
                                                                <proc:Month>2027-09</proc:Month>
                                                                <proc:Amount>25</proc:Amount>
                                                            </proc:MonthlyDelivery>
                                                            <proc:MonthlyDelivery>
                                                                <proc:Month>2027-10</proc:Month>
                                                                <proc:Amount>25</proc:Amount>
                                                            </proc:MonthlyDelivery>
                                                            <proc:MonthlyDelivery>
                                                                <proc:Month>2027-11</proc:Month>
                                                                <proc:Amount>25</proc:Amount>
                                                            </proc:MonthlyDelivery>
                                                            <proc:MonthlyDelivery>
                                                                <proc:Month>2027-12</proc:Month>
                                                                <proc:Amount>25</proc:Amount>
                                                            </proc:MonthlyDelivery>
                                                            <proc:MonthlyDelivery>
                                                                <proc:Month>2028-01</proc:Month>
                                                                <proc:Amount>25</proc:Amount>
                                                            </proc:MonthlyDelivery>
                                                            <proc:MonthlyDelivery>
                                                                <proc:Month>2028-02</proc:Month>
                                                                <proc:Amount>25</proc:Amount>
                                                            </proc:MonthlyDelivery>
                                                        </proc:MonthlyDeliveryList>
                                                    </proc:MonthlyDeliveryScheduleTotal>
                                                </proc:HistoryPlanning>
                                            </proc:HistoryPlanningList>
                                        </proc:Manufacturer>
                                    </proc:ManufacturerList>
                                </proc:CostElement>
                            </proc:CostElementList>
                            <proc:CategorySubtotal>
                                <proc:TotalCost>
                                    <proc:AllPriorYears>33.81</proc:AllPriorYears>
                                    <proc:PriorYear>2.502</proc:PriorYear>
                                    <proc:CurrentYear>1.971</proc:CurrentYear>
                                    <proc:BudgetYearOneBase>7.907</proc:BudgetYearOneBase>
                                    <proc:BudgetYearOne>7.907</proc:BudgetYearOne>
                                </proc:TotalCost>
                            </proc:CategorySubtotal>
                        </proc:Recurring>
                        <proc:CategorySubtotal>
                            <proc:TotalCost>
                                <proc:AllPriorYears>33.81</proc:AllPriorYears>
                                <proc:PriorYear>2.502</proc:PriorYear>
                                <proc:CurrentYear>1.971</proc:CurrentYear>
                                <proc:BudgetYearOneBase>7.907</proc:BudgetYearOneBase>
                                <proc:BudgetYearOne>7.907</proc:BudgetYearOne>
                            </proc:TotalCost>
                        </proc:CategorySubtotal>
                    </proc:Hardware>
                    <proc:Software>
                        <proc:Recurring>
                            <proc:CostElementList>
                                <proc:CostElement>
                                    <proc:Name>Software</proc:Name>
                                    <proc:Cost>
                                        <proc:TotalCost>
                                            <proc:AllPriorYears>1.095</proc:AllPriorYears>
                                            <proc:PriorYear>0.4</proc:PriorYear>
                                            <proc:CurrentYear>0.25</proc:CurrentYear>
                                            <proc:BudgetYearOneBase>0.575</proc:BudgetYearOneBase>
                                            <proc:BudgetYearOne>0.575</proc:BudgetYearOne>
                                        </proc:TotalCost>
                                    </proc:Cost>
                                </proc:CostElement>
                            </proc:CostElementList>
                            <proc:CategorySubtotal>
                                <proc:TotalCost>
                                    <proc:AllPriorYears>1.095</proc:AllPriorYears>
                                    <proc:PriorYear>0.4</proc:PriorYear>
                                    <proc:CurrentYear>0.25</proc:CurrentYear>
                                    <proc:BudgetYearOneBase>0.575</proc:BudgetYearOneBase>
                                    <proc:BudgetYearOne>0.575</proc:BudgetYearOne>
                                </proc:TotalCost>
                            </proc:CategorySubtotal>
                        </proc:Recurring>
                        <proc:CategorySubtotal>
                            <proc:TotalCost>
                                <proc:AllPriorYears>1.095</proc:AllPriorYears>
                                <proc:PriorYear>0.4</proc:PriorYear>
                                <proc:CurrentYear>0.25</proc:CurrentYear>
                                <proc:BudgetYearOneBase>0.575</proc:BudgetYearOneBase>
                                <proc:BudgetYearOne>0.575</proc:BudgetYearOne>
                            </proc:TotalCost>
                        </proc:CategorySubtotal>
                    </proc:Software>
                    <proc:Support>
                        <proc:CostElementList>
                            <proc:CostElement>
                                <proc:Name>Value Engineering</proc:Name>
                                <proc:Cost>
                                    <proc:TotalCost>
                                        <proc:AllPriorYears>3.48</proc:AllPriorYears>
                                        <proc:PriorYear>0.4</proc:PriorYear>
                                        <proc:CurrentYear>0.325</proc:CurrentYear>
                                        <proc:BudgetYearOneBase>0.427</proc:BudgetYearOneBase>
                                        <proc:BudgetYearOne>0.427</proc:BudgetYearOne>
                                    </proc:TotalCost>
                                </proc:Cost>
                            </proc:CostElement>
                        </proc:CostElementList>
                        <proc:CategorySubtotal>
                            <proc:TotalCost>
                                <proc:AllPriorYears>3.48</proc:AllPriorYears>
                                <proc:PriorYear>0.4</proc:PriorYear>
                                <proc:CurrentYear>0.325</proc:CurrentYear>
                                <proc:BudgetYearOneBase>0.427</proc:BudgetYearOneBase>
                                <proc:BudgetYearOne>0.427</proc:BudgetYearOne>
                            </proc:TotalCost>
                        </proc:CategorySubtotal>
                        <proc:Name>Non-Recurring Support</proc:Name>
                    </proc:Support>
                    <proc:Support>
                        <proc:CostElementList>
                            <proc:CostElement>
                                <proc:Name>Production Engineering</proc:Name>
                                <proc:Cost>
                                    <proc:TotalCost>
                                        <proc:AllPriorYears>4.607</proc:AllPriorYears>
                                        <proc:PriorYear>0.35</proc:PriorYear>
                                        <proc:CurrentYear>0.425</proc:CurrentYear>
                                        <proc:BudgetYearOneBase>1.547</proc:BudgetYearOneBase>
                                        <proc:BudgetYearOne>1.547</proc:BudgetYearOne>
                                    </proc:TotalCost>
                                </proc:Cost>
                            </proc:CostElement>
                        </proc:CostElementList>
                        <proc:CategorySubtotal>
                            <proc:TotalCost>
                                <proc:AllPriorYears>4.607</proc:AllPriorYears>
                                <proc:PriorYear>0.35</proc:PriorYear>
                                <proc:CurrentYear>0.425</proc:CurrentYear>
                                <proc:BudgetYearOneBase>1.547</proc:BudgetYearOneBase>
                                <proc:BudgetYearOne>1.547</proc:BudgetYearOne>
                            </proc:TotalCost>
                        </proc:CategorySubtotal>
                        <proc:Name>Production Engineering</proc:Name>
                    </proc:Support>
                </proc:CostElementCategoryList>
            </proc:P5Item>
        </proc:ItemExhibitList>
        <proc:DocumentAssemblyOptions>
            <proc:p40AItemScheduleSetting>item</proc:p40AItemScheduleSetting>
        </proc:DocumentAssemblyOptions>
    </proc:LineItem>
</proc:LineItemList>