<?xml version="1.0" encoding="UTF-8"?>
<proc:LineItemList xmlns:proc="http://www.dtic.mil/comptroller/xml/schema/20100219/procurement">
    <proc:LineItem quantityUnits="Each" quantityUnitName="Each" unitCostUnits="Thousands" totalCostUnits="Millions">
        <proc:LineItemNumber>2161B47200</proc:LineItemNumber>
        <proc:LineItemTitle>Disaster Incident Response Comms Terminal (DIRECT)</proc:LineItemTitle>
        <proc:P1LineNumber>30</proc:P1LineNumber>
        <proc:BudgetYear>2026</proc:BudgetYear>
        <proc:BudgetCycle>PB</proc:BudgetCycle>
        <proc:SubmissionDate>2025-06</proc:SubmissionDate>
        <proc:ServiceAgencyName>Army</proc:ServiceAgencyName>
        <proc:AppropriationNumber>2035A</proc:AppropriationNumber>
        <proc:AppropriationTitle>Other Procurement, Army</proc:AppropriationTitle>
        <proc:BudgetActivityNumber>2</proc:BudgetActivityNumber>
        <proc:BudgetActivityTitle>Communications and Electronics Equipment</proc:BudgetActivityTitle>
        <proc:BudgetSubActivityNumber>12</proc:BudgetSubActivityNumber>
        <proc:BudgetSubActivityTitle>Comm - Joint Communications</proc:BudgetSubActivityTitle>
        <proc:ResourceSummary>
            <proc:TotalCost>
                <proc:AllPriorYears>0.55</proc:AllPriorYears>
                <proc:PriorYear>0.254</proc:PriorYear>
            </proc:TotalCost>
            <proc:NetProcurementP1>
                <proc:AllPriorYears>0.55</proc:AllPriorYears>
                <proc:PriorYear>0.254</proc:PriorYear>
            </proc:NetProcurementP1>
            <proc:TotalObligationAuthority>
                <proc:AllPriorYears>0.55</proc:AllPriorYears>
                <proc:PriorYear>0.254</proc:PriorYear>
            </proc:TotalObligationAuthority>
        </proc:ResourceSummary>
        <proc:SecondaryDistribution>
            <proc:ComponentList>
                <proc:Component>
                    <proc:Name>Army Active</proc:Name>
                    <proc:Cost>
                        <proc:TotalCost>
                            <proc:PriorYear>0.008</proc:PriorYear>
                        </proc:TotalCost>
                    </proc:Cost>
                </proc:Component>
                <proc:Component>
                    <proc:Name>Army National Guard</proc:Name>
                    <proc:Cost>
                        <proc:TotalCost>
                            <proc:PriorYear>0.246</proc:PriorYear>
                        </proc:TotalCost>
                    </proc:Cost>
                </proc:Component>
            </proc:ComponentList>
            <proc:TotalCost>
                <proc:TotalCost>
                    <proc:PriorYear>0.254</proc:PriorYear>
                </proc:TotalCost>
            </proc:TotalCost>
        </proc:SecondaryDistribution>
        <proc:Description>Disaster Incident Response Emergency Communications Terminal (DIRECT) capability provides communication to each of the 50 States and 4 Territories to meet the information exchange requirements of the States National Guard (NG) operational commanders while performing Defense Support of Civil Authorities (DSCA) missions. DIRECT leverages the Army's Tactical Network to provide seamless network connectivity to support first responders and emergency managers.

DIRECT Capabilities consist of:
Commercial Coalition Equipment (CCE): Provides commercial internet access to civilian and multinational partners to reduce Size Weight and Power (SWaP) technology, thus fully addressing the increasingly high demand for accelerated capabilities. Interconnects disparate voice communications networks/devices used by multiple response agencies at an incident site.
Cellular Solution (Commercial Wireless and Secure Cellular): Provides immediate cellular and wireless network connectivity to first responders, state authorities, and federal authorities allowing for enhanced Command and Control (C2) and shared situational awareness at an incident site.

DIRECT capability was previously funded under The Joint Incident Site Communications Capability (JISCC) (B0009) and are realigned to B47200 beginning in FY 2022.</proc:Description>
        <proc:Justification>B47200 has no funding request in FY 2026.

In accordance with Section 1815 of the FY 2008 National Defense Authorization Act (P.L. 110-181), this item is necessary for use by the active and reserve components of the Armed Forces for homeland defense missions, domestic emergency responses, and providing military support to civil authorities.</proc:Justification>
        <proc:DocumentAssemblyOptions>
            <proc:p40AItemScheduleSetting>item</proc:p40AItemScheduleSetting>
        </proc:DocumentAssemblyOptions>
    </proc:LineItem>
</proc:LineItemList>