<?xml version="1.0" encoding="UTF-8"?>
<proc:LineItemList xmlns:proc="http://www.dtic.mil/comptroller/xml/schema/20100219/procurement">
    <proc:LineItem quantityUnits="Each" quantityUnitName="Each" unitCostUnits="Thousands" totalCostUnits="Millions">
        <proc:LineItemNumber>9113R07005</proc:LineItemNumber>
        <proc:LineItemTitle>Family of Diver Support Equipment</proc:LineItemTitle>
        <proc:P1LineNumber>176</proc:P1LineNumber>
        <proc:BudgetYear>2026</proc:BudgetYear>
        <proc:BudgetCycle>PB</proc:BudgetCycle>
        <proc:SubmissionDate>2025-06</proc:SubmissionDate>
        <proc:ServiceAgencyName>Army</proc:ServiceAgencyName>
        <proc:AppropriationNumber>2035A</proc:AppropriationNumber>
        <proc:AppropriationTitle>Other Procurement, Army</proc:AppropriationTitle>
        <proc:BudgetActivityNumber>3</proc:BudgetActivityNumber>
        <proc:BudgetActivityTitle>Other Support Equipment</proc:BudgetActivityTitle>
        <proc:BudgetSubActivityNumber>50</proc:BudgetSubActivityNumber>
        <proc:BudgetSubActivityTitle>Construction Equipment</proc:BudgetSubActivityTitle>
        <proc:ResourceSummary>
            <proc:Quantity>
                <proc:AllPriorYears>5</proc:AllPriorYears>
                <proc:PriorYear>2</proc:PriorYear>
            </proc:Quantity>
            <proc:TotalCost>
                <proc:AllPriorYears>3.256</proc:AllPriorYears>
                <proc:PriorYear>1.811</proc:PriorYear>
            </proc:TotalCost>
            <proc:UnitCost>
                <proc:AllPriorYears>651.2</proc:AllPriorYears>
                <proc:PriorYear>905.5</proc:PriorYear>
            </proc:UnitCost>
            <proc:NetProcurementP1>
                <proc:AllPriorYears>3.256</proc:AllPriorYears>
                <proc:PriorYear>1.811</proc:PriorYear>
            </proc:NetProcurementP1>
            <proc:TotalObligationAuthority>
                <proc:AllPriorYears>3.256</proc:AllPriorYears>
                <proc:PriorYear>1.811</proc:PriorYear>
            </proc:TotalObligationAuthority>
        </proc:ResourceSummary>
        <proc:SecondaryDistribution>
            <proc:ComponentList>
                <proc:Component>
                    <proc:Name>Army Active</proc:Name>
                    <proc:Cost>
                        <proc:Quantity>
                            <proc:PriorYear>2</proc:PriorYear>
                        </proc:Quantity>
                        <proc:TotalCost>
                            <proc:PriorYear>1.811</proc:PriorYear>
                        </proc:TotalCost>
                    </proc:Cost>
                </proc:Component>
            </proc:ComponentList>
            <proc:TotalCost>
                <proc:Quantity>
                    <proc:PriorYear>2</proc:PriorYear>
                </proc:Quantity>
                <proc:TotalCost>
                    <proc:PriorYear>1.811</proc:PriorYear>
                </proc:TotalCost>
            </proc:TotalCost>
        </proc:SecondaryDistribution>
        <proc:Description>The Family of Diver Support Equipment consist of: Containerized Diver Recompression Chamber (CDRC), Deep Sea Set (DSS), and Underwater Construction Set (UCS).

The Containerized Diver Recompression Chamber (CDRC) is a 3-person recompression chamber required for all high-risk diving missions. The CDRC supports MOS 12D Army Engineer Divers. The chamber is mounted on a skid base, inner and outer lifting eyes, and is constructed of aluminum. The CDRC is housed in an International Organization for Standards (ISO) container facilitating rapid deploy-ability. This system is designed to support training, surface decompression, and lifesaving recompression treatment operations. An Air Supply Rack Assembly (ASRA) supplies high pressure air to the system. Oxygen is supplied from four oxygen bottles that are mounted within the container and can also be supplied by other certified oxygen sources. The CDRC has an Environmental Control System (ECS) that provides temperature and humidity control for the chamber. It provides a maximum pressure of 100 psi gauge (psig), which is equivalent to the pressure attained at a sea water depth of 225 feet. Supports Surface Supplied and SCUBA diving operations that employ Engineer Dive teams for missions ISO Joint Logistics Over the Shore (JLOTS), Port Opening for (SPODS) and Defense Support of Civil Authorities (DSCA). Also used to treat pilots for decompression sickness derived from loss of cabin pressure.

The Deep Sea Set (DSS) provides a surface supplied diving system that meets all commercial and military safety standards. Major assemblies: Helmet assembly: keeps the diver's head dry and provides communications with the surface. Umbilical Assembly: Supplies breathing air, communications, depth monitoring and a strength member supporting the diver's weight. Communications Assembly: Allows three divers and the diving supervisor to communicate. The set can be used to a depth of 250 feet and is the only system that protects the diver while conducting heavy construction and salvage operations. Supports long-term sustained underwater construction operations ISO Ship-to-Shore logistics, Port Opening for (SPODS), and Defense Support of Civil Authorities (DSCA).

The Underwater Construction Set (UCS) provides tools and equipment required to support all Engineer Diving operations. It consists of five individual containers (ISU 90s). Salvage package used for lifting heavy debris and recovering objects up to 160,000 pounds. Cutting and welding package used for underwater and surface operations. Recon package with tools to locate and mark underwater obstacles and perform engineer reconnaissance. Hydraulic tool package used for construction/debris removal and cutting concrete, wood, and metal. Hand tools and hardware package for surface construction and support tools. Supports underwater construction ISO Port Opening for (SPODS), and Defense Support of Civil Authorities (DSCA).</proc:Description>
        <proc:Justification>R07005/Containerized Diver Recompression Chamber (CDRC) has no FY 2026 funding request.</proc:Justification>
        <proc:DocumentAssemblyOptions>
            <proc:p40AItemScheduleSetting>item</proc:p40AItemScheduleSetting>
        </proc:DocumentAssemblyOptions>
    </proc:LineItem>
</proc:LineItemList>