<?xml version="1.0" encoding="UTF-8"?>
<proc:LineItemList xmlns:proc="http://www.dtic.mil/comptroller/xml/schema/20100219/procurement">
    <proc:LineItem quantityUnits="Each" quantityUnitName="Each" unitCostUnits="Thousands" totalCostUnits="Millions" manufacturerRateUnits="Monthly">
        <proc:LineItemNumber>8488K00002</proc:LineItemNumber>
        <proc:LineItemTitle>EW Planning &amp; Management Tools (EWPMT)</proc:LineItemTitle>
        <proc:P1LineNumber>90</proc:P1LineNumber>
        <proc:BudgetYear>2026</proc:BudgetYear>
        <proc:BudgetCycle>PB</proc:BudgetCycle>
        <proc:SubmissionDate>2025-06</proc:SubmissionDate>
        <proc:ServiceAgencyName>Army</proc:ServiceAgencyName>
        <proc:AppropriationNumber>2035A</proc:AppropriationNumber>
        <proc:AppropriationTitle>Other Procurement, Army</proc:AppropriationTitle>
        <proc:BudgetActivityNumber>2</proc:BudgetActivityNumber>
        <proc:BudgetActivityTitle>Communications and Electronics Equipment</proc:BudgetActivityTitle>
        <proc:BudgetSubActivityNumber>83</proc:BudgetSubActivityNumber>
        <proc:BudgetSubActivityTitle>Elect Equip - Electronic Warfare (EW)</proc:BudgetSubActivityTitle>
        <proc:ResourceSummary>
            <proc:TotalCost>
                <proc:AllPriorYears>41.669</proc:AllPriorYears>
                <proc:PriorYear>21.188</proc:PriorYear>
                <proc:CurrentYear>26.327</proc:CurrentYear>
            </proc:TotalCost>
            <proc:NetProcurementP1>
                <proc:AllPriorYears>41.669</proc:AllPriorYears>
                <proc:PriorYear>21.188</proc:PriorYear>
                <proc:CurrentYear>26.327</proc:CurrentYear>
            </proc:NetProcurementP1>
            <proc:TotalObligationAuthority>
                <proc:AllPriorYears>41.669</proc:AllPriorYears>
                <proc:PriorYear>21.188</proc:PriorYear>
                <proc:CurrentYear>26.327</proc:CurrentYear>
            </proc:TotalObligationAuthority>
        </proc:ResourceSummary>
        <proc:OtherRelatedProgramElementList>
            <proc:ProgramElementNumber>0604270A</proc:ProgramElementNumber>
        </proc:OtherRelatedProgramElementList>
        <proc:SecondaryDistribution>
            <proc:ComponentList>
                <proc:Component>
                    <proc:Name>Army Active</proc:Name>
                    <proc:Cost>
                        <proc:TotalCost>
                            <proc:PriorYear>21.188</proc:PriorYear>
                            <proc:CurrentYear>26.327</proc:CurrentYear>
                        </proc:TotalCost>
                    </proc:Cost>
                </proc:Component>
            </proc:ComponentList>
            <proc:TotalCost>
                <proc:TotalCost>
                    <proc:PriorYear>21.188</proc:PriorYear>
                    <proc:CurrentYear>26.327</proc:CurrentYear>
                </proc:TotalCost>
            </proc:TotalCost>
        </proc:SecondaryDistribution>
        <proc:Description>The Electronic Warfare Planning and Management Tool-X (EWPMT-X) is a software modernization effort on EWPMT Version 1 to an updated software architecture. Leveraging community contributions provides enhanced capability and features based on a government supported framework (TAKX) to enable quicker reaction to subsequent EW requirements. At end state, EWPMT-X will deliver spectrum dominance across Multi-Domain Operations (MDO) through spectrum visualization and modeling, Electromagnetic Warfare planning, sensor orchestration, fusion of intelligence, command and control (C2) that supports kinetic and non-kinetic targeting for the Commander's scheme of maneuver.

Electronic Warfare procures, equips, and trains warfighters on capabilities to plan, manage, detect, interpret, and display the Electromagnetic Spectrum (EMS) and its use by friendly and hostile forces.  This program will deliver spectrum dominance across Multi-Domain Operations (MDO) through spectrum visualization and modeling, Electromagnetic Warfare planning, sensor orchestration, fusion of intelligence, command and control (C2) that supports kinetic and non-kinetic targeting for the Commander's scheme of maneuver. These systems allow commanders to sense and see themselves in the Electro-Magnetic Spectrum (EMS), preventing electronic fratricide, helping shape the electronic operating environment, and increasing Command Post (CP) survivability.  

Spectrum Situational Awareness System (S2AS) supports Army key modernization initiatives by allowing commanders to sense and see themselves in the Electro-Magnetic Spectrum (EMS), preventing electronic fratricide, helping shape the electronic operating environment, and increasing Command Post (CP) survivability. Operationally S2AS allows commanders to determine and impact their visibility to enemy fire chain. S2AS is a dedicated EMS situational awareness management system that provides the Commander with real time EMS Situational Awareness to support Emissions Control (EMCON) decisions, Electromagnetic Interference (EMI) Resolution, and detect/warn operations centers of unauthorized or intentional sources of interference on today's complex battlefield. S2AS will employ sophisticated hardware and software to strengthen the capabilities of the Army and ensuring resilience against potential adversarial threat. S2AS will address current and future EMS challenges, ensuring awareness and secure use of the EMS.

FY 2026 was transferred from Budget Activity (BA) 2, K00002 EW Planning &amp; Management Tools (EWPMT) to BA 6, I31000 ELECTRONIC WARFARE in support of Agile Portfolio Management.</proc:Description>
        <proc:Justification>FY 2026 was transferred from Budget Activity (BA) 2, K00002 EW Planning &amp; Management Tools (EWPMT) to BA 6, I31000 ELECTRONIC WARFARE in support of Agile Portfolio Management.

Electronic Warfare (EW) is a part of the Department of Defense Capability Based (Agile) Funding Pilot. Funding in this portfolio will be directed towards providing Electronic Warfare and Electromagnetic Spectrum planning, monitoring, and management tools, while combating the limitations from the pace and proliferation of technological change.

This funding is a transfer from:
(1)	EW Planning &amp; Management Tools (EWPMT) (K00002000)
(2)	SPECTRUM SITUATIONAL AWARENESS SYSTEM (S2AS) (DJ8)

Electronic Warfare procures, equips, and trains warfighters on capabilities to plan, manage, detect, interpret, and display the Electromagnetic Spectrum (EMS) and its use by friendly and hostile forces.  This program will deliver spectrum dominance across Multi-Domain Operations (MDO) through spectrum visualization and modeling, Electromagnetic Warfare planning, sensor orchestration, fusion of intelligence, command and control (C2) that supports kinetic and non-kinetic targeting for the Commander's scheme of maneuver. These systems allow commanders to sense and see themselves in the Electro-Magnetic Spectrum (EMS), preventing electronic fratricide, helping shape the electronic operating environment, and increasing Command Post (CP) survivability.  

Spectrum Situational Awareness System (S2AS) supports Army key modernization initiatives by allowing commanders to sense and see themselves in the Electro-Magnetic Spectrum (EMS), preventing electronic fratricide, helping shape the electronic operating environment, and increasing Command Post (CP) survivability. Operationally S2AS allows commanders to determine and impact their visibility to enemy fire chain. S2AS is a dedicated EMS situational awareness management system that provides the Commander with real time EMS Situational Awareness to support Emissions Control (EMCON) decisions, Electromagnetic Interference (EMI) Resolution, and detect/warn operations centers of unauthorized or intentional sources of interference on today's complex battlefield. S2AS will employ sophisticated hardware and software to strengthen the capabilities of the Army and ensuring resilience against potential adversarial threat. S2AS will address current and future EMS challenges, ensuring awareness and secure use of the EMS.</proc:Justification>
        <proc:DocumentAssemblyOptions>
            <proc:p40AItemScheduleSetting>item</proc:p40AItemScheduleSetting>
        </proc:DocumentAssemblyOptions>
    </proc:LineItem>
</proc:LineItemList>