<?xml version="1.0" encoding="UTF-8"?>
<proc:LineItemList xmlns:proc="http://www.dtic.mil/comptroller/xml/schema/20100219/procurement">
    <proc:LineItem quantityUnits="Each" quantityUnitName="Each" unitCostUnits="Thousands" totalCostUnits="Millions" manufacturerRateUnits="Yearly">
        <proc:LineItemNumber>8491B05000</proc:LineItemNumber>
        <proc:LineItemTitle>Multi-Function Electronic Warfare (MFEW) Systems</proc:LineItemTitle>
        <proc:P1LineNumber>92</proc:P1LineNumber>
        <proc:BudgetYear>2026</proc:BudgetYear>
        <proc:BudgetCycle>PB</proc:BudgetCycle>
        <proc:SubmissionDate>2025-06</proc:SubmissionDate>
        <proc:ServiceAgencyName>Army</proc:ServiceAgencyName>
        <proc:AppropriationNumber>2035A</proc:AppropriationNumber>
        <proc:AppropriationTitle>Other Procurement, Army</proc:AppropriationTitle>
        <proc:BudgetActivityNumber>2</proc:BudgetActivityNumber>
        <proc:BudgetActivityTitle>Communications and Electronics Equipment</proc:BudgetActivityTitle>
        <proc:BudgetSubActivityNumber>83</proc:BudgetSubActivityNumber>
        <proc:BudgetSubActivityTitle>Elect Equip - Electronic Warfare (EW)</proc:BudgetSubActivityTitle>
        <proc:ResourceSummary>
            <proc:TotalCost>
                <proc:AllPriorYears>11.729</proc:AllPriorYears>
                <proc:PriorYear>15.941</proc:PriorYear>
                <proc:CurrentYear>17.004</proc:CurrentYear>
            </proc:TotalCost>
            <proc:NetProcurementP1>
                <proc:AllPriorYears>11.729</proc:AllPriorYears>
                <proc:PriorYear>15.941</proc:PriorYear>
                <proc:CurrentYear>17.004</proc:CurrentYear>
            </proc:NetProcurementP1>
            <proc:TotalObligationAuthority>
                <proc:AllPriorYears>11.729</proc:AllPriorYears>
                <proc:PriorYear>15.941</proc:PriorYear>
                <proc:CurrentYear>17.004</proc:CurrentYear>
            </proc:TotalObligationAuthority>
        </proc:ResourceSummary>
        <proc:SecondaryDistribution>
            <proc:ComponentList>
                <proc:Component>
                    <proc:Name>Army Active</proc:Name>
                    <proc:Cost>
                        <proc:TotalCost>
                            <proc:PriorYear>15.941</proc:PriorYear>
                            <proc:CurrentYear>17.004</proc:CurrentYear>
                        </proc:TotalCost>
                    </proc:Cost>
                </proc:Component>
            </proc:ComponentList>
            <proc:TotalCost>
                <proc:TotalCost>
                    <proc:PriorYear>15.941</proc:PriorYear>
                    <proc:CurrentYear>17.004</proc:CurrentYear>
                </proc:TotalCost>
            </proc:TotalCost>
        </proc:SecondaryDistribution>
        <proc:Description>The Multi-Function Electronic Warfare Air Large (MFEW-AL) funding is required to produce sufficient production quantities to support fielding to the 1st and 2nd units equipped.  Fielding will be to Army Combat Aviation Brigade's Gray Eagle Unmanned Aerial System (UAS).  MFEW-AL will provide tactical Commanders with deep look, organic, airborne, offensive electronic warfare, empowering Commanders to shape the Electromagnetic Spectrum to their advantage and enhance the capabilities of the Gray Eagle UAS.

FY 2026 funding was realigned from Budget Activity (BA) 2, B05000 Multi-Function Electronic Warfare (MFEW) Systems to BA 6, I43000 MULTI-FUNCTION ELECTRONIC WARFARE SYS in support of Agile Portfolio Management.</proc:Description>
        <proc:Justification>FY 2026 funding was realigned from Budget Activity (BA) 2, B05000 Multi-Function Electronic Warfare (MFEW) Systems to BA 6, I43000 MULTI-FUNCTION ELECTRONIC WARFARE SYS in support of Agile Portfolio Management.</proc:Justification>
        <proc:DocumentAssemblyOptions>
            <proc:p40AItemScheduleSetting>item</proc:p40AItemScheduleSetting>
        </proc:DocumentAssemblyOptions>
    </proc:LineItem>
</proc:LineItemList>