<?xml version="1.0" encoding="UTF-8"?>
<proc:LineItemList xmlns:proc="http://www.dtic.mil/comptroller/xml/schema/20100219/procurement">
    <proc:LineItem quantityUnits="Each" quantityUnitName="Each" unitCostUnits="Thousands" totalCostUnits="Millions" manufacturerRateUnits="Monthly">
        <proc:LineItemNumber>2930BB5777</proc:LineItemNumber>
        <proc:LineItemTitle>JCSE Equipment (USRDECOM)</proc:LineItemTitle>
        <proc:P1LineNumber>31</proc:P1LineNumber>
        <proc:BudgetYear>2026</proc:BudgetYear>
        <proc:BudgetCycle>PB</proc:BudgetCycle>
        <proc:SubmissionDate>2025-06</proc:SubmissionDate>
        <proc:ServiceAgencyName>Army</proc:ServiceAgencyName>
        <proc:AppropriationNumber>2035A</proc:AppropriationNumber>
        <proc:AppropriationTitle>Other Procurement, Army</proc:AppropriationTitle>
        <proc:BudgetActivityNumber>2</proc:BudgetActivityNumber>
        <proc:BudgetActivityTitle>Communications and Electronics Equipment</proc:BudgetActivityTitle>
        <proc:BudgetSubActivityNumber>12</proc:BudgetSubActivityNumber>
        <proc:BudgetSubActivityTitle>Comm - Joint Communications</proc:BudgetSubActivityTitle>
        <proc:ResourceSummary>
            <proc:TotalCost>
                <proc:AllPriorYears>189.763</proc:AllPriorYears>
                <proc:PriorYear>5.097</proc:PriorYear>
                <proc:CurrentYear>5.504</proc:CurrentYear>
                <proc:BudgetYearOneBase>5.389</proc:BudgetYearOneBase>
                <proc:BudgetYearOne>5.389</proc:BudgetYearOne>
            </proc:TotalCost>
            <proc:NetProcurementP1>
                <proc:AllPriorYears>189.763</proc:AllPriorYears>
                <proc:PriorYear>5.097</proc:PriorYear>
                <proc:CurrentYear>5.504</proc:CurrentYear>
                <proc:BudgetYearOneBase>5.389</proc:BudgetYearOneBase>
                <proc:BudgetYearOne>5.389</proc:BudgetYearOne>
            </proc:NetProcurementP1>
            <proc:TotalObligationAuthority>
                <proc:AllPriorYears>189.763</proc:AllPriorYears>
                <proc:PriorYear>5.097</proc:PriorYear>
                <proc:CurrentYear>5.504</proc:CurrentYear>
                <proc:BudgetYearOneBase>5.389</proc:BudgetYearOneBase>
                <proc:BudgetYearOne>5.389</proc:BudgetYearOne>
            </proc:TotalObligationAuthority>
        </proc:ResourceSummary>
        <proc:SecondaryDistribution>
            <proc:ComponentList>
                <proc:Component>
                    <proc:Name>Army Active</proc:Name>
                    <proc:Cost>
                        <proc:TotalCost>
                            <proc:PriorYear>5.097</proc:PriorYear>
                            <proc:CurrentYear>5.504</proc:CurrentYear>
                            <proc:BudgetYearOneBase>5.389</proc:BudgetYearOneBase>
                            <proc:BudgetYearOne>5.389</proc:BudgetYearOne>
                        </proc:TotalCost>
                    </proc:Cost>
                </proc:Component>
            </proc:ComponentList>
            <proc:TotalCost>
                <proc:TotalCost>
                    <proc:PriorYear>5.097</proc:PriorYear>
                    <proc:CurrentYear>5.504</proc:CurrentYear>
                    <proc:BudgetYearOneBase>5.389</proc:BudgetYearOneBase>
                    <proc:BudgetYearOne>5.389</proc:BudgetYearOne>
                </proc:TotalCost>
            </proc:TotalCost>
        </proc:SecondaryDistribution>
        <proc:Description>JOINT COMMUNICATION SUPPORT ELEMENT (JCSE): Aligned under Joint Enabling Capabilities Command (JECC), US Transportation Command (USTRANSCOM), is the only Department of Defense (DOD) organization specifically formed that provides contingency and crisis communications to meet the operational support needs of the Joint Chiefs of Staff (JCS), Combatant Commands (CC), DOD agencies and non-DOD agencies.  JCSE mission is to provide rapidly deployable, enroute, early entry, and scalable coalition command, control, computers, intelligence, surveillance, and reconnaissance (C4ISR) capability to CCS and other agencies as directed to facilitate rapid establishment and transitions of JFHQs and bridge joint communications requirements. JCSE seamlessly scales C4ISR support for up to four conventional or unconventional JFHQs. JCSE has a robust 24/7 reach back capability through its Global Enterprise Network and has access to a full range of DOD and commercial networks.</proc:Description>
        <proc:Justification>FY 2026 base procurement dollars in the amount of $5.389 million procures communications equipment in concert with Strategic Planning Guidance, Joint All Domain Command and Control (JADC2) architecture and CC JTF capability requests.  This includes maximum capabilities for narrowband, wide band and protected satellite communications (SATCOM) terminals and systems, tactical radios, terrestrial communications systems, satellite hubs, networking elements, virtual appliances, Video Teleconferencing (VTC) capabilities, alternative power solutions, Airborne/En route, Forced entry, Cyber Security, Denied, Degraded C2 Environments (D2C2E), and mobile joint C2 requirements.  Advancements in technology, especially in commercial off-the-shelf solutions continue to provide opportunities to modernize JCSEs equipment sets with enhanced capabilities to support Delayed/Disconnected Intermittent Low Bandwidth (DDIL) and zero trust capabilities with the smallest footprint, enhanced cyber security, reduced operations and maintenance costs and seamless integration with the Department of Defense Information Network (DODIN) and the Joint Information Environment (JIE).   The equipment is a critical part of delivering scalable C4ISR across the full spectrum of operations for the JFHQ that is in line with the JADC2 framework and the direction of C3 modernization.  
 
To consistently deliver state of the art technology solutions to meet emergent CC operational communications requirements, JCSE relies on the Modernization Program as outlined in Director, Joint Staff Memorandum (DJSM) 0148-20 whereby services are mandated to apportion and program procurement funds each year to support JCSE's Modernization Program.  Per Defense Planning Guidance and DJSM 0148-20, the Army is mandated to fund 1/3rd of $16.698 million fair share of JCSEs validated Modernization Program.  JCSE's Modernization Program is based on Combatant Commands (CC) and Service Components requirements and emerging technologies.  The Services influence JCSEs spending plan through recommendations in concert with Major Defense Acquisition Program (MDAP) schedules, ensuring the Service monies meet Joint Service Requirements.

This line funds the Department of the Army's one third portion of the total JCSE Modernization Program.  This program is jointly funded by Army, Navy, and Air Force.</proc:Justification>
        <proc:ItemExhibitList>
            <proc:P5Item>
                <proc:Name>JCSE Equipment (USRDECOM)</proc:Name>
                <proc:ItemNumber>BB5777</proc:ItemNumber>
                <proc:SecondaryDistribution>
                    <proc:ComponentList>
                        <proc:Component>
                            <proc:Name>Army Active</proc:Name>
                            <proc:Cost>
                                <proc:TotalCost>
                                    <proc:PriorYear>5.097</proc:PriorYear>
                                    <proc:CurrentYear>5.504</proc:CurrentYear>
                                    <proc:BudgetYearOneBase>5.389</proc:BudgetYearOneBase>
                                    <proc:BudgetYearOne>5.389</proc:BudgetYearOne>
                                </proc:TotalCost>
                            </proc:Cost>
                        </proc:Component>
                    </proc:ComponentList>
                </proc:SecondaryDistribution>
                <proc:Remarks>Multiple contract awards for small acquisitions in work through different government contracts and contracting agencies. JCSE contracting actions primarily provided by 6th Contracting Squadron, MacDill AFB, FL.

Note: Currently employed commercial-off-the-shelf (COTS) equipment is approaching the end of its life cycle and requires replacement, along with technology refresh, to meet the modernization program goals which include meeting emerging real-world operational requirements with improved capabilities, smaller footprint, reduced operations and maintenance costs, and seamless integration with the global information grid. This equipment is a critical part of Command and Control communications packages that provide direct operational support to joint forces and HQ elements deployed to austere locations around the globe.</proc:Remarks>
                <proc:ResourceSummary>
                    <proc:TotalCost>
                        <proc:AllPriorYears>189.763</proc:AllPriorYears>
                        <proc:PriorYear>5.097</proc:PriorYear>
                        <proc:CurrentYear>5.504</proc:CurrentYear>
                        <proc:BudgetYearOneBase>5.389</proc:BudgetYearOneBase>
                        <proc:BudgetYearOne>5.389</proc:BudgetYearOne>
                    </proc:TotalCost>
                    <proc:NetProcurementP1>
                        <proc:AllPriorYears>189.763</proc:AllPriorYears>
                        <proc:PriorYear>5.097</proc:PriorYear>
                        <proc:CurrentYear>5.504</proc:CurrentYear>
                        <proc:BudgetYearOneBase>5.389</proc:BudgetYearOneBase>
                        <proc:BudgetYearOne>5.389</proc:BudgetYearOne>
                    </proc:NetProcurementP1>
                    <proc:TotalObligationAuthority>
                        <proc:AllPriorYears>189.763</proc:AllPriorYears>
                        <proc:PriorYear>5.097</proc:PriorYear>
                        <proc:CurrentYear>5.504</proc:CurrentYear>
                        <proc:BudgetYearOneBase>5.389</proc:BudgetYearOneBase>
                        <proc:BudgetYearOne>5.389</proc:BudgetYearOne>
                    </proc:TotalObligationAuthority>
                </proc:ResourceSummary>
                <proc:CostElementCategoryList>
                    <proc:Flyaway>
                        <proc:Recurring>
                            <proc:CostElementList>
                                <proc:CostElement>
                                    <proc:Name>(JCSE)</proc:Name>
                                    <proc:Cost>
                                        <proc:Quantity>
                                            <proc:AllPriorYears>6</proc:AllPriorYears>
                                            <proc:PriorYear>1</proc:PriorYear>
                                            <proc:CurrentYear>1</proc:CurrentYear>
                                            <proc:BudgetYearOneBase>1</proc:BudgetYearOneBase>
                                            <proc:BudgetYearOne>1</proc:BudgetYearOne>
                                        </proc:Quantity>
                                        <proc:TotalCost>
                                            <proc:AllPriorYears>189.763</proc:AllPriorYears>
                                            <proc:PriorYear>5.097</proc:PriorYear>
                                            <proc:CurrentYear>5.504</proc:CurrentYear>
                                            <proc:BudgetYearOneBase>5.389</proc:BudgetYearOneBase>
                                            <proc:BudgetYearOne>5.389</proc:BudgetYearOne>
                                        </proc:TotalCost>
                                        <proc:UnitCost>
                                            <proc:AllPriorYears>31627.166</proc:AllPriorYears>
                                            <proc:PriorYear>5097</proc:PriorYear>
                                            <proc:CurrentYear>5504</proc:CurrentYear>
                                            <proc:BudgetYearOneBase>5389</proc:BudgetYearOneBase>
                                            <proc:BudgetYearOne>5389</proc:BudgetYearOne>
                                        </proc:UnitCost>
                                    </proc:Cost>
                                    <proc:AllPriorYearsDeliveries>6</proc:AllPriorYearsDeliveries>
                                    <proc:ManufacturerList>
                                        <proc:Manufacturer>
                                            <proc:Name>Multiple (3)</proc:Name>
                                            <proc:Location>MULTIPLE</proc:Location>
                                            <proc:HistoryPlanningList>
                                                <proc:HistoryPlanning>
                                                    <proc:FiscalYear>2024</proc:FiscalYear>
                                                    <proc:PCOLocation>Various</proc:PCOLocation>
                                                    <proc:AwardDate>2024-04</proc:AwardDate>
                                                    <proc:FirstDeliveryDate>2024-09</proc:FirstDeliveryDate>
                                                    <proc:Quantity>1</proc:Quantity>
                                                    <proc:UnitCost>5097</proc:UnitCost>
                                                    <proc:SpecsAvailableNow>false</proc:SpecsAvailableNow>
                                                    <proc:FundingVehicle>Various</proc:FundingVehicle>
                                                </proc:HistoryPlanning>
                                                <proc:HistoryPlanning>
                                                    <proc:FiscalYear>2025</proc:FiscalYear>
                                                    <proc:PCOLocation>Various</proc:PCOLocation>
                                                    <proc:AwardDate>2025-04</proc:AwardDate>
                                                    <proc:FirstDeliveryDate>2025-09</proc:FirstDeliveryDate>
                                                    <proc:Quantity>1</proc:Quantity>
                                                    <proc:UnitCost>5504</proc:UnitCost>
                                                    <proc:SpecsAvailableNow>false</proc:SpecsAvailableNow>
                                                    <proc:FundingVehicle>Various</proc:FundingVehicle>
                                                </proc:HistoryPlanning>
                                                <proc:HistoryPlanning>
                                                    <proc:FiscalYear>2026</proc:FiscalYear>
                                                    <proc:PCOLocation>Various</proc:PCOLocation>
                                                    <proc:AwardDate>2026-08</proc:AwardDate>
                                                    <proc:FirstDeliveryDate>2026-09</proc:FirstDeliveryDate>
                                                    <proc:Quantity>1</proc:Quantity>
                                                    <proc:UnitCost>5389</proc:UnitCost>
                                                    <proc:SpecsAvailableNow>false</proc:SpecsAvailableNow>
                                                    <proc:FundingVehicle>Various</proc:FundingVehicle>
                                                </proc:HistoryPlanning>
                                            </proc:HistoryPlanningList>
                                        </proc:Manufacturer>
                                    </proc:ManufacturerList>
                                </proc:CostElement>
                            </proc:CostElementList>
                            <proc:CategorySubtotal>
                                <proc:TotalCost>
                                    <proc:AllPriorYears>189.763</proc:AllPriorYears>
                                    <proc:PriorYear>5.097</proc:PriorYear>
                                    <proc:CurrentYear>5.504</proc:CurrentYear>
                                    <proc:BudgetYearOneBase>5.389</proc:BudgetYearOneBase>
                                    <proc:BudgetYearOne>5.389</proc:BudgetYearOne>
                                </proc:TotalCost>
                            </proc:CategorySubtotal>
                        </proc:Recurring>
                        <proc:CategorySubtotal>
                            <proc:TotalCost>
                                <proc:AllPriorYears>189.763</proc:AllPriorYears>
                                <proc:PriorYear>5.097</proc:PriorYear>
                                <proc:CurrentYear>5.504</proc:CurrentYear>
                                <proc:BudgetYearOneBase>5.389</proc:BudgetYearOneBase>
                                <proc:BudgetYearOne>5.389</proc:BudgetYearOne>
                            </proc:TotalCost>
                        </proc:CategorySubtotal>
                    </proc:Flyaway>
                </proc:CostElementCategoryList>
                <proc:OverallHistoryPlanningRemarks>No P-21 because the equipment being procured is COTS.</proc:OverallHistoryPlanningRemarks>
            </proc:P5Item>
        </proc:ItemExhibitList>
        <proc:DocumentAssemblyOptions>
            <proc:p40AItemScheduleSetting>item</proc:p40AItemScheduleSetting>
        </proc:DocumentAssemblyOptions>
    </proc:LineItem>
</proc:LineItemList>