<?xml version="1.0" encoding="UTF-8"?>
<proc:LineItemList xmlns:proc="http://www.dtic.mil/comptroller/xml/schema/20100219/procurement">
    <proc:LineItem quantityUnits="Each" quantityUnitName="Each" unitCostUnits="Thousands" totalCostUnits="Millions" manufacturerRateUnits="Monthly">
        <proc:LineItemNumber>5862D16001</proc:LineItemNumber>
        <proc:LineItemTitle>TRUCK, DUMP, 20T (CCE)</proc:LineItemTitle>
        <proc:P1LineNumber>10</proc:P1LineNumber>
        <proc:BudgetYear>2026</proc:BudgetYear>
        <proc:BudgetCycle>PB</proc:BudgetCycle>
        <proc:SubmissionDate>2025-06</proc:SubmissionDate>
        <proc:ServiceAgencyName>Army</proc:ServiceAgencyName>
        <proc:AppropriationNumber>2035A</proc:AppropriationNumber>
        <proc:AppropriationTitle>Other Procurement, Army</proc:AppropriationTitle>
        <proc:BudgetActivityNumber>1</proc:BudgetActivityNumber>
        <proc:BudgetActivityTitle>Tactical and Support Vehicles</proc:BudgetActivityTitle>
        <proc:BudgetSubActivityNumber>10</proc:BudgetSubActivityNumber>
        <proc:BudgetSubActivityTitle>Tactical Vehicles</proc:BudgetSubActivityTitle>
        <proc:ResourceSummary>
            <proc:Quantity>
                <proc:AllPriorYears>136</proc:AllPriorYears>
                <proc:PriorYear>73</proc:PriorYear>
                <proc:CurrentYear>74</proc:CurrentYear>
                <proc:BudgetYearOneBase>31</proc:BudgetYearOneBase>
                <proc:BudgetYearOne>31</proc:BudgetYearOne>
            </proc:Quantity>
            <proc:TotalCost>
                <proc:AllPriorYears>156.621</proc:AllPriorYears>
                <proc:PriorYear>35.075</proc:PriorYear>
                <proc:CurrentYear>49.086</proc:CurrentYear>
                <proc:BudgetYearOneBase>17</proc:BudgetYearOneBase>
                <proc:BudgetYearOne>17</proc:BudgetYearOne>
            </proc:TotalCost>
            <proc:UnitCost>
                <proc:AllPriorYears>1151.625</proc:AllPriorYears>
                <proc:PriorYear>480.479</proc:PriorYear>
                <proc:CurrentYear>663.324</proc:CurrentYear>
                <proc:BudgetYearOneBase>548.387</proc:BudgetYearOneBase>
                <proc:BudgetYearOne>548.387</proc:BudgetYearOne>
            </proc:UnitCost>
            <proc:NetProcurementP1>
                <proc:AllPriorYears>156.621</proc:AllPriorYears>
                <proc:PriorYear>35.075</proc:PriorYear>
                <proc:CurrentYear>49.086</proc:CurrentYear>
                <proc:BudgetYearOneBase>17</proc:BudgetYearOneBase>
                <proc:BudgetYearOne>17</proc:BudgetYearOne>
            </proc:NetProcurementP1>
            <proc:TotalObligationAuthority>
                <proc:AllPriorYears>156.621</proc:AllPriorYears>
                <proc:PriorYear>35.075</proc:PriorYear>
                <proc:CurrentYear>49.086</proc:CurrentYear>
                <proc:BudgetYearOneBase>17</proc:BudgetYearOneBase>
                <proc:BudgetYearOne>17</proc:BudgetYearOne>
            </proc:TotalObligationAuthority>
        </proc:ResourceSummary>
        <proc:Code>A</proc:Code>
        <proc:OtherRelatedProgramElementList>
            <proc:ProgramElementNumber>0604622A</proc:ProgramElementNumber>
        </proc:OtherRelatedProgramElementList>
        <proc:SecondaryDistribution>
            <proc:ComponentList>
                <proc:Component>
                    <proc:Name>Army Active</proc:Name>
                    <proc:Cost>
                        <proc:Quantity>
                            <proc:PriorYear>21</proc:PriorYear>
                            <proc:CurrentYear>44</proc:CurrentYear>
                            <proc:BudgetYearOneBase>21</proc:BudgetYearOneBase>
                            <proc:BudgetYearOne>21</proc:BudgetYearOne>
                        </proc:Quantity>
                        <proc:TotalCost>
                            <proc:PriorYear>9.075</proc:PriorYear>
                            <proc:CurrentYear>29.186</proc:CurrentYear>
                            <proc:BudgetYearOneBase>11.516</proc:BudgetYearOneBase>
                            <proc:BudgetYearOne>11.516</proc:BudgetYearOne>
                        </proc:TotalCost>
                    </proc:Cost>
                </proc:Component>
                <proc:Component>
                    <proc:Name>Army National Guard</proc:Name>
                    <proc:Cost>
                        <proc:Quantity>
                            <proc:PriorYear>34</proc:PriorYear>
                            <proc:CurrentYear>30</proc:CurrentYear>
                            <proc:BudgetYearOneBase>10</proc:BudgetYearOneBase>
                            <proc:BudgetYearOne>10</proc:BudgetYearOne>
                        </proc:Quantity>
                        <proc:TotalCost>
                            <proc:PriorYear>17</proc:PriorYear>
                            <proc:CurrentYear>19.9</proc:CurrentYear>
                            <proc:BudgetYearOneBase>5.484</proc:BudgetYearOneBase>
                            <proc:BudgetYearOne>5.484</proc:BudgetYearOne>
                        </proc:TotalCost>
                    </proc:Cost>
                </proc:Component>
                <proc:Component>
                    <proc:Name>Army Reserve</proc:Name>
                    <proc:Cost>
                        <proc:Quantity>
                            <proc:PriorYear>18</proc:PriorYear>
                        </proc:Quantity>
                        <proc:TotalCost>
                            <proc:PriorYear>9</proc:PriorYear>
                        </proc:TotalCost>
                    </proc:Cost>
                </proc:Component>
            </proc:ComponentList>
            <proc:TotalCost>
                <proc:Quantity>
                    <proc:PriorYear>73</proc:PriorYear>
                    <proc:CurrentYear>74</proc:CurrentYear>
                    <proc:BudgetYearOneBase>31</proc:BudgetYearOneBase>
                    <proc:BudgetYearOne>31</proc:BudgetYearOne>
                </proc:Quantity>
                <proc:TotalCost>
                    <proc:PriorYear>35.075</proc:PriorYear>
                    <proc:CurrentYear>49.086</proc:CurrentYear>
                    <proc:BudgetYearOneBase>17</proc:BudgetYearOneBase>
                    <proc:BudgetYearOne>17</proc:BudgetYearOne>
                </proc:TotalCost>
            </proc:TotalCost>
        </proc:SecondaryDistribution>
        <proc:Description>The M917A3 Heavy Dump Truck (HDT) is a 27.0-ton vehicle based off of a commercial platform. It can be procured with an armor solution that is in compliance with the Long-Term Armor Strategy (LTAS) v3.6 perimeter ballistic specifications and Mine Resistant Ambush Protected (MRAP) CPD v1.1 underbody ballistic specifications.  Able to be operated with or without armor, provides Crew Protection and Vehicle Survivability capabilities. The HDT supports construction and maintenance of main supply routes, logistical facilities, helipads, airfields, landing strips, motor pools and parking areas.  It also supports construction by loading, transporting, and dumping payloads of sand and gravel aggregates, crushed rock, hot paving mixes, earth, clay, rubble, and large boulders at engineering and construction sites under worldwide climatic conditions in a military environment.  The HDT is required to replace the F5070, M917, and M917A1/A2 HDT with the oldest fielded variant over 50 years of age. The Army Acquisition Objective (AAO) is 1,039 vehicles.</proc:Description>
        <proc:Justification>FY 2026 Base procurement funding of $17 million procures 31 Heavy Dump Trucks (HDTs) to support Base requirements. This program supports Multi Domain Operations (MDO) and Large-Scale Combat Operations (LSCO) by providing significant modernized debris hauling capability in support of ABCT mobility, counter mobility and survivability.  In addition, the M917A3 Heavy Dump truck is required as part of the Joint Concept for Contested Logistics. The legacy fleet of HDTs is well beyond their economic useful life with an average age of 30 years. The oldest models are approaching 50 years in age. Legacy Variant repair parts are difficult to obtain and the older model HDTs are not meeting Army readiness goals. Procuring new vehicles will enable Combat Support Engineer units to accomplish Combatant Commander mission requirements in today's operational environment and the operational environment of the future. This program supports the National Defense Strategy to prioritize maintaining the capabilities of combat commanders and enhances their ability to compete and provide freedom of maneuver during conflict. The HDT supports construction and maintenance of main supply routes, logistical facilities, helipads, airfields, landing strips, motor pools, and parking areas.

Matrix Functional Support is required to address/augment Engineering and Logistic functions, capabilities and gaps to supplement core employee competencies. System Engineering oversight and multiple functions of Logistics support such as management, fielding, tracking and documentation is required during the acquisition process.

In accordance with Section 1815 of the FY 2008 National Defense Authorization Act (P.L. 110-181), this item is necessary for use by the active and reserve components of the Armed Forces for homeland defense missions, domestic emergency responses, and providing military support to civil authorities.</proc:Justification>
        <proc:ItemExhibitList>
            <proc:P5Item>
                <proc:Name>TRUCK, DUMP, 20T (CCE)</proc:Name>
                <proc:ItemNumber>D16001</proc:ItemNumber>
                <proc:IdCode>A</proc:IdCode>
                <proc:SecondaryDistribution>
                    <proc:ComponentList>
                        <proc:Component>
                            <proc:Name>Army Active</proc:Name>
                            <proc:Cost>
                                <proc:Quantity>
                                    <proc:PriorYear>21</proc:PriorYear>
                                    <proc:CurrentYear>44</proc:CurrentYear>
                                    <proc:BudgetYearOneBase>21</proc:BudgetYearOneBase>
                                    <proc:BudgetYearOne>21</proc:BudgetYearOne>
                                </proc:Quantity>
                                <proc:TotalCost>
                                    <proc:PriorYear>9.075</proc:PriorYear>
                                    <proc:CurrentYear>29.186</proc:CurrentYear>
                                    <proc:BudgetYearOneBase>11.516</proc:BudgetYearOneBase>
                                    <proc:BudgetYearOne>11.516</proc:BudgetYearOne>
                                </proc:TotalCost>
                            </proc:Cost>
                        </proc:Component>
                        <proc:Component>
                            <proc:Name>Army National Guard</proc:Name>
                            <proc:Cost>
                                <proc:Quantity>
                                    <proc:PriorYear>34</proc:PriorYear>
                                    <proc:CurrentYear>30</proc:CurrentYear>
                                    <proc:BudgetYearOneBase>10</proc:BudgetYearOneBase>
                                    <proc:BudgetYearOne>10</proc:BudgetYearOne>
                                </proc:Quantity>
                                <proc:TotalCost>
                                    <proc:PriorYear>17</proc:PriorYear>
                                    <proc:CurrentYear>19.9</proc:CurrentYear>
                                    <proc:BudgetYearOneBase>5.484</proc:BudgetYearOneBase>
                                    <proc:BudgetYearOne>5.484</proc:BudgetYearOne>
                                </proc:TotalCost>
                            </proc:Cost>
                        </proc:Component>
                        <proc:Component>
                            <proc:Name>Army Reserve</proc:Name>
                            <proc:Cost>
                                <proc:Quantity>
                                    <proc:PriorYear>18</proc:PriorYear>
                                </proc:Quantity>
                                <proc:TotalCost>
                                    <proc:PriorYear>9</proc:PriorYear>
                                </proc:TotalCost>
                            </proc:Cost>
                        </proc:Component>
                    </proc:ComponentList>
                </proc:SecondaryDistribution>
                <proc:Remarks>Unit costs increased from FY 2025 to FY 2026 due to increased contract option year price which accounts for inflation of material and increased labor costs.
FY25 quantity is 86, P-5 cost element quantity reflects the correct quantity</proc:Remarks>
                <proc:ResourceSummary>
                    <proc:Quantity>
                        <proc:AllPriorYears>136</proc:AllPriorYears>
                        <proc:PriorYear>73</proc:PriorYear>
                        <proc:CurrentYear>74</proc:CurrentYear>
                        <proc:BudgetYearOneBase>31</proc:BudgetYearOneBase>
                        <proc:BudgetYearOne>31</proc:BudgetYearOne>
                    </proc:Quantity>
                    <proc:TotalCost>
                        <proc:AllPriorYears>156.621</proc:AllPriorYears>
                        <proc:PriorYear>35.075</proc:PriorYear>
                        <proc:CurrentYear>49.086</proc:CurrentYear>
                        <proc:BudgetYearOneBase>17</proc:BudgetYearOneBase>
                        <proc:BudgetYearOne>17</proc:BudgetYearOne>
                    </proc:TotalCost>
                    <proc:UnitCost>
                        <proc:AllPriorYears>1151.625</proc:AllPriorYears>
                        <proc:PriorYear>480.479</proc:PriorYear>
                        <proc:CurrentYear>663.324</proc:CurrentYear>
                        <proc:BudgetYearOneBase>548.387</proc:BudgetYearOneBase>
                        <proc:BudgetYearOne>548.387</proc:BudgetYearOne>
                    </proc:UnitCost>
                    <proc:NetProcurementP1>
                        <proc:AllPriorYears>156.621</proc:AllPriorYears>
                        <proc:PriorYear>35.075</proc:PriorYear>
                        <proc:CurrentYear>49.086</proc:CurrentYear>
                        <proc:BudgetYearOneBase>17</proc:BudgetYearOneBase>
                        <proc:BudgetYearOne>17</proc:BudgetYearOne>
                    </proc:NetProcurementP1>
                    <proc:TotalObligationAuthority>
                        <proc:AllPriorYears>156.621</proc:AllPriorYears>
                        <proc:PriorYear>35.075</proc:PriorYear>
                        <proc:CurrentYear>49.086</proc:CurrentYear>
                        <proc:BudgetYearOneBase>17</proc:BudgetYearOneBase>
                        <proc:BudgetYearOne>17</proc:BudgetYearOne>
                    </proc:TotalObligationAuthority>
                </proc:ResourceSummary>
                <proc:CostElementCategoryList>
                    <proc:Flyaway>
                        <proc:Recurring>
                            <proc:CostElementList>
                                <proc:CostElement>
                                    <proc:Name>M917A3 Truck w/ MCS</proc:Name>
                                    <proc:Cost>
                                        <proc:Quantity>
                                            <proc:AllPriorYears>212</proc:AllPriorYears>
                                            <proc:PriorYear>73</proc:PriorYear>
                                            <proc:CurrentYear>86</proc:CurrentYear>
                                            <proc:BudgetYearOneBase>31</proc:BudgetYearOneBase>
                                            <proc:BudgetYearOne>31</proc:BudgetYearOne>
                                        </proc:Quantity>
                                        <proc:TotalCost>
                                            <proc:AllPriorYears>100.926</proc:AllPriorYears>
                                            <proc:PriorYear>24.949</proc:PriorYear>
                                            <proc:CurrentYear>34.424</proc:CurrentYear>
                                            <proc:BudgetYearOneBase>13.683</proc:BudgetYearOneBase>
                                            <proc:BudgetYearOne>13.683</proc:BudgetYearOne>
                                        </proc:TotalCost>
                                        <proc:UnitCost>
                                            <proc:AllPriorYears>476.066</proc:AllPriorYears>
                                            <proc:PriorYear>341.767</proc:PriorYear>
                                            <proc:CurrentYear>400.279</proc:CurrentYear>
                                            <proc:BudgetYearOneBase>441.387</proc:BudgetYearOneBase>
                                            <proc:BudgetYearOne>441.387</proc:BudgetYearOne>
                                        </proc:UnitCost>
                                    </proc:Cost>
                                    <proc:AllPriorYearsDeliveries>212</proc:AllPriorYearsDeliveries>
                                    <proc:ManufacturerList>
                                        <proc:Manufacturer>
                                            <proc:Name>Mack Defense, LLC</proc:Name>
                                            <proc:Location>Allentown, PA</proc:Location>
                                            <proc:MinimumSustainingRate>8</proc:MinimumSustainingRate>
                                            <proc:MaximumProductionRate>32</proc:MaximumProductionRate>
                                            <proc:Rate185>16</proc:Rate185>
                                            <proc:InitialQuantity>
                                                <proc:AdminLeadTimeBeforeOct1InMonths>0</proc:AdminLeadTimeBeforeOct1InMonths>
                                                <proc:AdminLeadTimeAfterOct1InMonths>6</proc:AdminLeadTimeAfterOct1InMonths>
                                                <proc:ProductionLeadTimeAfterOct1InMonths>6</proc:ProductionLeadTimeAfterOct1InMonths>
                                                <proc:TotalLeadTimeAfterOct1InMonths>12</proc:TotalLeadTimeAfterOct1InMonths>
                                            </proc:InitialQuantity>
                                            <proc:ReorderQuantity>
                                                <proc:AdminLeadTimeBeforeOct1InMonths>0</proc:AdminLeadTimeBeforeOct1InMonths>
                                                <proc:AdminLeadTimeAfterOct1InMonths>6</proc:AdminLeadTimeAfterOct1InMonths>
                                                <proc:ProductionLeadTimeAfterOct1InMonths>6</proc:ProductionLeadTimeAfterOct1InMonths>
                                                <proc:TotalLeadTimeAfterOct1InMonths>12</proc:TotalLeadTimeAfterOct1InMonths>
                                            </proc:ReorderQuantity>
                                            <proc:HistoryPlanningList>
                                                <proc:HistoryPlanning>
                                                    <proc:FiscalYear>2024</proc:FiscalYear>
                                                    <proc:OOC>true</proc:OOC>
                                                    <proc:PCOLocation>TACOM, Warren, MI</proc:PCOLocation>
                                                    <proc:AwardDate>2024-03</proc:AwardDate>
                                                    <proc:FirstDeliveryDate>2024-09</proc:FirstDeliveryDate>
                                                    <proc:Quantity>73</proc:Quantity>
                                                    <proc:UnitCost>341.767</proc:UnitCost>
                                                    <proc:SpecsAvailableNow>false</proc:SpecsAvailableNow>
                                                    <proc:ContractMethod>Option</proc:ContractMethod>
                                                    <proc:ContractType>IDIQ</proc:ContractType>
                                                </proc:HistoryPlanning>
                                                <proc:HistoryPlanning>
                                                    <proc:FiscalYear>2025</proc:FiscalYear>
                                                    <proc:PCOLocation>TACOM, Warren, MI</proc:PCOLocation>
                                                    <proc:AwardDate>2025-03</proc:AwardDate>
                                                    <proc:FirstDeliveryDate>2025-09</proc:FirstDeliveryDate>
                                                    <proc:Quantity>86</proc:Quantity>
                                                    <proc:UnitCost>400.279</proc:UnitCost>
                                                    <proc:SpecsAvailableNow>false</proc:SpecsAvailableNow>
                                                    <proc:ContractMethod>Option</proc:ContractMethod>
                                                    <proc:ContractType>IDIQ</proc:ContractType>
                                                    <proc:MonthlyDeliveryScheduleList>
                                                        <proc:MonthlyDeliverySchedule>
                                                            <proc:ServiceAgencyName>Army</proc:ServiceAgencyName>
                                                            <proc:ProcQuantity>86</proc:ProcQuantity>
                                                            <proc:MonthlyDeliveryList>
                                                                <proc:MonthlyDelivery>
                                                                    <proc:Month>2025-09</proc:Month>
                                                                    <proc:Amount>10</proc:Amount>
                                                                </proc:MonthlyDelivery>
                                                                <proc:MonthlyDelivery>
                                                                    <proc:Month>2025-10</proc:Month>
                                                                    <proc:Amount>7</proc:Amount>
                                                                </proc:MonthlyDelivery>
                                                                <proc:MonthlyDelivery>
                                                                    <proc:Month>2025-11</proc:Month>
                                                                    <proc:Amount>7</proc:Amount>
                                                                </proc:MonthlyDelivery>
                                                                <proc:MonthlyDelivery>
                                                                    <proc:Month>2025-12</proc:Month>
                                                                    <proc:Amount>7</proc:Amount>
                                                                </proc:MonthlyDelivery>
                                                                <proc:MonthlyDelivery>
                                                                    <proc:Month>2026-01</proc:Month>
                                                                    <proc:Amount>7</proc:Amount>
                                                                </proc:MonthlyDelivery>
                                                                <proc:MonthlyDelivery>
                                                                    <proc:Month>2026-02</proc:Month>
                                                                    <proc:Amount>7</proc:Amount>
                                                                </proc:MonthlyDelivery>
                                                                <proc:MonthlyDelivery>
                                                                    <proc:Month>2026-03</proc:Month>
                                                                    <proc:Amount>7</proc:Amount>
                                                                </proc:MonthlyDelivery>
                                                                <proc:MonthlyDelivery>
                                                                    <proc:Month>2026-04</proc:Month>
                                                                    <proc:Amount>5</proc:Amount>
                                                                </proc:MonthlyDelivery>
                                                                <proc:MonthlyDelivery>
                                                                    <proc:Month>2026-05</proc:Month>
                                                                    <proc:Amount>6</proc:Amount>
                                                                </proc:MonthlyDelivery>
                                                                <proc:MonthlyDelivery>
                                                                    <proc:Month>2026-06</proc:Month>
                                                                    <proc:Amount>5</proc:Amount>
                                                                </proc:MonthlyDelivery>
                                                                <proc:MonthlyDelivery>
                                                                    <proc:Month>2026-07</proc:Month>
                                                                    <proc:Amount>6</proc:Amount>
                                                                </proc:MonthlyDelivery>
                                                                <proc:MonthlyDelivery>
                                                                    <proc:Month>2026-08</proc:Month>
                                                                    <proc:Amount>6</proc:Amount>
                                                                </proc:MonthlyDelivery>
                                                                <proc:MonthlyDelivery>
                                                                    <proc:Month>2026-09</proc:Month>
                                                                    <proc:Amount>6</proc:Amount>
                                                                </proc:MonthlyDelivery>
                                                            </proc:MonthlyDeliveryList>
                                                        </proc:MonthlyDeliverySchedule>
                                                    </proc:MonthlyDeliveryScheduleList>
                                                    <proc:MonthlyDeliveryScheduleTotal>
                                                        <proc:ProcQuantity>86</proc:ProcQuantity>
                                                        <proc:MonthlyDeliveryList>
                                                            <proc:MonthlyDelivery>
                                                                <proc:Month>2025-09</proc:Month>
                                                                <proc:Amount>10</proc:Amount>
                                                            </proc:MonthlyDelivery>
                                                            <proc:MonthlyDelivery>
                                                                <proc:Month>2025-10</proc:Month>
                                                                <proc:Amount>7</proc:Amount>
                                                            </proc:MonthlyDelivery>
                                                            <proc:MonthlyDelivery>
                                                                <proc:Month>2025-11</proc:Month>
                                                                <proc:Amount>7</proc:Amount>
                                                            </proc:MonthlyDelivery>
                                                            <proc:MonthlyDelivery>
                                                                <proc:Month>2025-12</proc:Month>
                                                                <proc:Amount>7</proc:Amount>
                                                            </proc:MonthlyDelivery>
                                                            <proc:MonthlyDelivery>
                                                                <proc:Month>2026-01</proc:Month>
                                                                <proc:Amount>7</proc:Amount>
                                                            </proc:MonthlyDelivery>
                                                            <proc:MonthlyDelivery>
                                                                <proc:Month>2026-02</proc:Month>
                                                                <proc:Amount>7</proc:Amount>
                                                            </proc:MonthlyDelivery>
                                                            <proc:MonthlyDelivery>
                                                                <proc:Month>2026-03</proc:Month>
                                                                <proc:Amount>7</proc:Amount>
                                                            </proc:MonthlyDelivery>
                                                            <proc:MonthlyDelivery>
                                                                <proc:Month>2026-04</proc:Month>
                                                                <proc:Amount>5</proc:Amount>
                                                            </proc:MonthlyDelivery>
                                                            <proc:MonthlyDelivery>
                                                                <proc:Month>2026-05</proc:Month>
                                                                <proc:Amount>6</proc:Amount>
                                                            </proc:MonthlyDelivery>
                                                            <proc:MonthlyDelivery>
                                                                <proc:Month>2026-06</proc:Month>
                                                                <proc:Amount>5</proc:Amount>
                                                            </proc:MonthlyDelivery>
                                                            <proc:MonthlyDelivery>
                                                                <proc:Month>2026-07</proc:Month>
                                                                <proc:Amount>6</proc:Amount>
                                                            </proc:MonthlyDelivery>
                                                            <proc:MonthlyDelivery>
                                                                <proc:Month>2026-08</proc:Month>
                                                                <proc:Amount>6</proc:Amount>
                                                            </proc:MonthlyDelivery>
                                                            <proc:MonthlyDelivery>
                                                                <proc:Month>2026-09</proc:Month>
                                                                <proc:Amount>6</proc:Amount>
                                                            </proc:MonthlyDelivery>
                                                        </proc:MonthlyDeliveryList>
                                                    </proc:MonthlyDeliveryScheduleTotal>
                                                </proc:HistoryPlanning>
                                                <proc:HistoryPlanning>
                                                    <proc:FiscalYear>2026</proc:FiscalYear>
                                                    <proc:PCOLocation>TACOM, Warren MI</proc:PCOLocation>
                                                    <proc:AwardDate>2026-03</proc:AwardDate>
                                                    <proc:FirstDeliveryDate>2027-05</proc:FirstDeliveryDate>
                                                    <proc:Quantity>31</proc:Quantity>
                                                    <proc:UnitCost>441.387</proc:UnitCost>
                                                    <proc:SpecsAvailableNow>false</proc:SpecsAvailableNow>
                                                    <proc:ContractMethod>Option</proc:ContractMethod>
                                                    <proc:ContractType>IDIQ</proc:ContractType>
                                                    <proc:MonthlyDeliveryScheduleList>
                                                        <proc:MonthlyDeliverySchedule>
                                                            <proc:ServiceAgencyName>Army</proc:ServiceAgencyName>
                                                            <proc:ProcQuantity>31</proc:ProcQuantity>
                                                            <proc:MonthlyDeliveryList>
                                                                <proc:MonthlyDelivery>
                                                                    <proc:Month>2027-05</proc:Month>
                                                                    <proc:Amount>6</proc:Amount>
                                                                </proc:MonthlyDelivery>
                                                                <proc:MonthlyDelivery>
                                                                    <proc:Month>2027-06</proc:Month>
                                                                    <proc:Amount>6</proc:Amount>
                                                                </proc:MonthlyDelivery>
                                                                <proc:MonthlyDelivery>
                                                                    <proc:Month>2027-07</proc:Month>
                                                                    <proc:Amount>6</proc:Amount>
                                                                </proc:MonthlyDelivery>
                                                                <proc:MonthlyDelivery>
                                                                    <proc:Month>2027-08</proc:Month>
                                                                    <proc:Amount>7</proc:Amount>
                                                                </proc:MonthlyDelivery>
                                                                <proc:MonthlyDelivery>
                                                                    <proc:Month>2027-09</proc:Month>
                                                                    <proc:Amount>6</proc:Amount>
                                                                </proc:MonthlyDelivery>
                                                            </proc:MonthlyDeliveryList>
                                                        </proc:MonthlyDeliverySchedule>
                                                    </proc:MonthlyDeliveryScheduleList>
                                                    <proc:MonthlyDeliveryScheduleTotal>
                                                        <proc:ProcQuantity>31</proc:ProcQuantity>
                                                        <proc:MonthlyDeliveryList>
                                                            <proc:MonthlyDelivery>
                                                                <proc:Month>2027-05</proc:Month>
                                                                <proc:Amount>6</proc:Amount>
                                                            </proc:MonthlyDelivery>
                                                            <proc:MonthlyDelivery>
                                                                <proc:Month>2027-06</proc:Month>
                                                                <proc:Amount>6</proc:Amount>
                                                            </proc:MonthlyDelivery>
                                                            <proc:MonthlyDelivery>
                                                                <proc:Month>2027-07</proc:Month>
                                                                <proc:Amount>6</proc:Amount>
                                                            </proc:MonthlyDelivery>
                                                            <proc:MonthlyDelivery>
                                                                <proc:Month>2027-08</proc:Month>
                                                                <proc:Amount>7</proc:Amount>
                                                            </proc:MonthlyDelivery>
                                                            <proc:MonthlyDelivery>
                                                                <proc:Month>2027-09</proc:Month>
                                                                <proc:Amount>6</proc:Amount>
                                                            </proc:MonthlyDelivery>
                                                        </proc:MonthlyDeliveryList>
                                                    </proc:MonthlyDeliveryScheduleTotal>
                                                </proc:HistoryPlanning>
                                            </proc:HistoryPlanningList>
                                        </proc:Manufacturer>
                                    </proc:ManufacturerList>
                                </proc:CostElement>
                                <proc:CostElement>
                                    <proc:Name>FRET</proc:Name>
                                    <proc:Cost>
                                        <proc:TotalCost>
                                            <proc:AllPriorYears>8.096</proc:AllPriorYears>
                                            <proc:PriorYear>2.993</proc:PriorYear>
                                            <proc:CurrentYear>3.749</proc:CurrentYear>
                                            <proc:BudgetYearOneBase>1.395</proc:BudgetYearOneBase>
                                            <proc:BudgetYearOne>1.395</proc:BudgetYearOne>
                                        </proc:TotalCost>
                                    </proc:Cost>
                                </proc:CostElement>
                                <proc:CostElement>
                                    <proc:Name>Engineering Changes</proc:Name>
                                    <proc:Cost>
                                        <proc:TotalCost>
                                            <proc:AllPriorYears>2.649</proc:AllPriorYears>
                                            <proc:PriorYear>1.456</proc:PriorYear>
                                            <proc:CurrentYear>2.013</proc:CurrentYear>
                                            <proc:BudgetYearOneBase>0.322</proc:BudgetYearOneBase>
                                            <proc:BudgetYearOne>0.322</proc:BudgetYearOne>
                                        </proc:TotalCost>
                                    </proc:Cost>
                                </proc:CostElement>
                                <proc:CostElement>
                                    <proc:Name>Functional Matrix Support /PM Support</proc:Name>
                                    <proc:Cost>
                                        <proc:TotalCost>
                                            <proc:AllPriorYears>13.668</proc:AllPriorYears>
                                            <proc:PriorYear>2.199</proc:PriorYear>
                                            <proc:CurrentYear>3</proc:CurrentYear>
                                            <proc:BudgetYearOneBase>1.2</proc:BudgetYearOneBase>
                                            <proc:BudgetYearOne>1.2</proc:BudgetYearOne>
                                        </proc:TotalCost>
                                    </proc:Cost>
                                </proc:CostElement>
                                <proc:CostElement>
                                    <proc:Name>Test</proc:Name>
                                    <proc:Cost>
                                        <proc:TotalCost>
                                            <proc:AllPriorYears>15.916</proc:AllPriorYears>
                                            <proc:PriorYear>0.1</proc:PriorYear>
                                            <proc:CurrentYear>0.7</proc:CurrentYear>
                                        </proc:TotalCost>
                                    </proc:Cost>
                                </proc:CostElement>
                                <proc:CostElement>
                                    <proc:Name>Documentation</proc:Name>
                                    <proc:Cost>
                                        <proc:TotalCost>
                                            <proc:AllPriorYears>8.92</proc:AllPriorYears>
                                        </proc:TotalCost>
                                    </proc:Cost>
                                </proc:CostElement>
                                <proc:CostElement>
                                    <proc:Name>Support Equipment</proc:Name>
                                    <proc:Cost>
                                        <proc:TotalCost>
                                            <proc:AllPriorYears>3.719</proc:AllPriorYears>
                                            <proc:PriorYear>2.064</proc:PriorYear>
                                            <proc:CurrentYear>3.7</proc:CurrentYear>
                                        </proc:TotalCost>
                                    </proc:Cost>
                                </proc:CostElement>
                                <proc:CostElement>
                                    <proc:Name>Fielding</proc:Name>
                                    <proc:Cost>
                                        <proc:TotalCost>
                                            <proc:AllPriorYears>1.398</proc:AllPriorYears>
                                            <proc:PriorYear>0.584</proc:PriorYear>
                                            <proc:CurrentYear>1</proc:CurrentYear>
                                            <proc:BudgetYearOneBase>0.2</proc:BudgetYearOneBase>
                                            <proc:BudgetYearOne>0.2</proc:BudgetYearOne>
                                        </proc:TotalCost>
                                    </proc:Cost>
                                </proc:CostElement>
                                <proc:CostElement>
                                    <proc:Name>First Destination Transportation</proc:Name>
                                    <proc:Cost>
                                        <proc:TotalCost>
                                            <proc:AllPriorYears>1.329</proc:AllPriorYears>
                                            <proc:PriorYear>0.73</proc:PriorYear>
                                            <proc:CurrentYear>0.5</proc:CurrentYear>
                                            <proc:BudgetYearOneBase>0.2</proc:BudgetYearOneBase>
                                            <proc:BudgetYearOne>0.2</proc:BudgetYearOne>
                                        </proc:TotalCost>
                                    </proc:Cost>
                                </proc:CostElement>
                            </proc:CostElementList>
                            <proc:CategorySubtotal>
                                <proc:TotalCost>
                                    <proc:AllPriorYears>156.621</proc:AllPriorYears>
                                    <proc:PriorYear>35.075</proc:PriorYear>
                                    <proc:CurrentYear>49.086</proc:CurrentYear>
                                    <proc:BudgetYearOneBase>17</proc:BudgetYearOneBase>
                                    <proc:BudgetYearOne>17</proc:BudgetYearOne>
                                </proc:TotalCost>
                            </proc:CategorySubtotal>
                        </proc:Recurring>
                        <proc:CategorySubtotal>
                            <proc:TotalCost>
                                <proc:AllPriorYears>156.621</proc:AllPriorYears>
                                <proc:PriorYear>35.075</proc:PriorYear>
                                <proc:CurrentYear>49.086</proc:CurrentYear>
                                <proc:BudgetYearOneBase>17</proc:BudgetYearOneBase>
                                <proc:BudgetYearOne>17</proc:BudgetYearOne>
                            </proc:TotalCost>
                        </proc:CategorySubtotal>
                    </proc:Flyaway>
                </proc:CostElementCategoryList>
                <proc:OverallDeliveryScheduleRemarks>This schedule accounts for production associated with dollars outlined on the P-40.  It does not account for funds provided by other entities.</proc:OverallDeliveryScheduleRemarks>
            </proc:P5Item>
        </proc:ItemExhibitList>
        <proc:DocumentAssemblyOptions>
            <proc:p40AItemScheduleSetting>item</proc:p40AItemScheduleSetting>
        </proc:DocumentAssemblyOptions>
    </proc:LineItem>
</proc:LineItemList>