<?xml version="1.0" encoding="UTF-8"?>
<proc:LineItemList xmlns:proc="http://www.dtic.mil/comptroller/xml/schema/20100219/procurement">
    <proc:LineItem quantityUnits="Each" quantityUnitName="Each" unitCostUnits="Thousands" totalCostUnits="Millions" manufacturerRateUnits="Yearly">
        <proc:LineItemNumber>7500MN1000</proc:LineItemNumber>
        <proc:LineItemTitle>Combat Support Medical</proc:LineItemTitle>
        <proc:P1LineNumber>165</proc:P1LineNumber>
        <proc:BudgetYear>2026</proc:BudgetYear>
        <proc:BudgetCycle>PB</proc:BudgetCycle>
        <proc:SubmissionDate>2025-06</proc:SubmissionDate>
        <proc:ServiceAgencyName>Army</proc:ServiceAgencyName>
        <proc:AppropriationNumber>2035A</proc:AppropriationNumber>
        <proc:AppropriationTitle>Other Procurement, Army</proc:AppropriationTitle>
        <proc:BudgetActivityNumber>3</proc:BudgetActivityNumber>
        <proc:BudgetActivityTitle>Other Support Equipment</proc:BudgetActivityTitle>
        <proc:BudgetSubActivityNumber>40</proc:BudgetSubActivityNumber>
        <proc:BudgetSubActivityTitle>Medical Equipment</proc:BudgetSubActivityTitle>
        <proc:ResourceSummary>
            <proc:Quantity>
                <proc:AllPriorYears>10148</proc:AllPriorYears>
                <proc:PriorYear>1784</proc:PriorYear>
                <proc:CurrentYear>3824</proc:CurrentYear>
                <proc:BudgetYearOneBase>3995</proc:BudgetYearOneBase>
                <proc:BudgetYearOne>3995</proc:BudgetYearOne>
            </proc:Quantity>
            <proc:TotalCost>
                <proc:AllPriorYears>1482.899</proc:AllPriorYears>
                <proc:PriorYear>86.829</proc:PriorYear>
                <proc:CurrentYear>72.157</proc:CurrentYear>
                <proc:BudgetYearOneBase>99.567</proc:BudgetYearOneBase>
                <proc:BudgetYearOne>99.567</proc:BudgetYearOne>
            </proc:TotalCost>
            <proc:UnitCost>
                <proc:AllPriorYears>146.127</proc:AllPriorYears>
                <proc:PriorYear>48.671</proc:PriorYear>
                <proc:CurrentYear>18.87</proc:CurrentYear>
                <proc:BudgetYearOneBase>24.923</proc:BudgetYearOneBase>
                <proc:BudgetYearOne>24.923</proc:BudgetYearOne>
            </proc:UnitCost>
            <proc:NetProcurementP1>
                <proc:AllPriorYears>1482.899</proc:AllPriorYears>
                <proc:PriorYear>86.829</proc:PriorYear>
                <proc:CurrentYear>72.157</proc:CurrentYear>
                <proc:BudgetYearOneBase>99.567</proc:BudgetYearOneBase>
                <proc:BudgetYearOne>99.567</proc:BudgetYearOne>
            </proc:NetProcurementP1>
            <proc:TotalObligationAuthority>
                <proc:AllPriorYears>1482.899</proc:AllPriorYears>
                <proc:PriorYear>86.829</proc:PriorYear>
                <proc:CurrentYear>72.157</proc:CurrentYear>
                <proc:BudgetYearOneBase>99.567</proc:BudgetYearOneBase>
                <proc:BudgetYearOne>99.567</proc:BudgetYearOne>
            </proc:TotalObligationAuthority>
        </proc:ResourceSummary>
        <proc:SecondaryDistribution>
            <proc:ComponentList>
                <proc:Component>
                    <proc:Name>Army Active</proc:Name>
                    <proc:Cost>
                        <proc:Quantity>
                            <proc:PriorYear>1537</proc:PriorYear>
                            <proc:CurrentYear>1862</proc:CurrentYear>
                            <proc:BudgetYearOneBase>2095</proc:BudgetYearOneBase>
                            <proc:BudgetYearOne>2095</proc:BudgetYearOne>
                        </proc:Quantity>
                        <proc:TotalCost>
                            <proc:PriorYear>70.168</proc:PriorYear>
                            <proc:CurrentYear>36.344</proc:CurrentYear>
                            <proc:BudgetYearOneBase>63.134</proc:BudgetYearOneBase>
                            <proc:BudgetYearOne>63.134</proc:BudgetYearOne>
                        </proc:TotalCost>
                    </proc:Cost>
                </proc:Component>
                <proc:Component>
                    <proc:Name>Army National Guard</proc:Name>
                    <proc:Cost>
                        <proc:Quantity>
                            <proc:PriorYear>101</proc:PriorYear>
                            <proc:CurrentYear>1024</proc:CurrentYear>
                            <proc:BudgetYearOneBase>597</proc:BudgetYearOneBase>
                            <proc:BudgetYearOne>597</proc:BudgetYearOne>
                        </proc:Quantity>
                        <proc:TotalCost>
                            <proc:PriorYear>0.807</proc:PriorYear>
                            <proc:CurrentYear>14.92</proc:CurrentYear>
                            <proc:BudgetYearOneBase>11.75</proc:BudgetYearOneBase>
                            <proc:BudgetYearOne>11.75</proc:BudgetYearOne>
                        </proc:TotalCost>
                    </proc:Cost>
                </proc:Component>
                <proc:Component>
                    <proc:Name>Army Reserve</proc:Name>
                    <proc:Cost>
                        <proc:Quantity>
                            <proc:PriorYear>146</proc:PriorYear>
                            <proc:CurrentYear>938</proc:CurrentYear>
                            <proc:BudgetYearOneBase>1303</proc:BudgetYearOneBase>
                            <proc:BudgetYearOne>1303</proc:BudgetYearOne>
                        </proc:Quantity>
                        <proc:TotalCost>
                            <proc:PriorYear>15.854</proc:PriorYear>
                            <proc:CurrentYear>20.893</proc:CurrentYear>
                            <proc:BudgetYearOneBase>24.683</proc:BudgetYearOneBase>
                            <proc:BudgetYearOne>24.683</proc:BudgetYearOne>
                        </proc:TotalCost>
                    </proc:Cost>
                </proc:Component>
            </proc:ComponentList>
            <proc:TotalCost>
                <proc:Quantity>
                    <proc:PriorYear>1784</proc:PriorYear>
                    <proc:CurrentYear>3824</proc:CurrentYear>
                    <proc:BudgetYearOneBase>3995</proc:BudgetYearOneBase>
                    <proc:BudgetYearOne>3995</proc:BudgetYearOne>
                </proc:Quantity>
                <proc:TotalCost>
                    <proc:PriorYear>86.829</proc:PriorYear>
                    <proc:CurrentYear>72.157</proc:CurrentYear>
                    <proc:BudgetYearOneBase>99.567</proc:BudgetYearOneBase>
                    <proc:BudgetYearOne>99.567</proc:BudgetYearOne>
                </proc:TotalCost>
            </proc:TotalCost>
        </proc:SecondaryDistribution>
        <proc:Description>The Army's Combat Support Medical (CSM) program provides solutions to the Army's high-risk medical capability gap of Prolonged Care in support of Large Scale Combat Operations aligned by the Army Health System (AHS) and its ten medical functional areas. Note CSM does not have equities within two of the ten functional areas: Medical Command and Control and Combat and Operational Stress Control. In order to support Multi-Domain Operations (MDO), the Medical Enterprise must provide prolonged care, trauma care, enroute care, treatment and hospitalization solutions to support warfighting operations from the strategic support area to the deep maneuver area.

CSM represents the highly diverse and complex equipping component of Army operational medical capabilities. In FY 2026, CSM supports 100 medical Line Item Number (LINs)--including equipment (Army Support Items of Equipment (ASIOE) and Medical Equipment Sets) for the Army.  LINs are aligned to each medical functional area.
 
CSM promotes, improves, conserves, and maximizes mental and physical performance of Warfighters operational force unit readiness within the spectrum of military operations by fielding to operational units throughout the Army's Roles of Care and Range of Military Operations (ROMO). CSM supports technologically advanced medical/surgical capabilities, medical materiel, and medical-related equipment (e.g., capabilities to make vehicles into ambulances) required in our Combat, Combat Support, and Combat Service Support force structure.

The CSM program is divided into the AHS medical functional areas aligning with medical disciplines that are interdependent and continuously synchronized to reduce morbidity and mortality, improve operational force readiness and to maximize patient outcomes. The CSM program supports requirements within eight of the ten medical functional areas, as follows:

* Medical Treatment - Supports return-to-duty for patients who can be treated on-site, in the operating environment, or stabilization and evacuation of patients requiring definitive, recovering, and rehabilitative care in stateside hospitals or other safe haven. Examples of devices used, but not limited to providing medical treatment include patient vital signs monitors, infusion pumps, fluid warming systems, tourniquets, ultrasounds, x-ray and medical equipment sets (MES) for Holistic Health and Fitness.
* Medical Evacuation - Medical Evacuation supports medical equipment and medical sets to ground and air medical evacuation units to move casualties from point of injury, company aid posts, or casualty/patient collection points to medical treatment facilities often within hostile operational environments.
* Hospitalization - Includes procurement of the field hospital, which may include augmentation detachment modules depending on specific configuration. The modules contain equipment and supplies for patient hospitalization such as surgical lights, anesthesia machines, oxygen generation systems, CT Scanners, C-arms, and devices for surgery or medical care. Hospitalization also includes infrastructure such as fresh water and waste water distribution sets and shelters.
* Dental Services - Provides necessary dental care designed to eliminate potential dental emergencies in operational settings across the Army's multi-domain operations.
* Preventive Medical Services - Designed to prevent casualties from disease and non-battle Injuries through medical and health assessments, hygiene and sanitation, and personal protective measures across the ROMO and in support of Large Scale Combat Operations
* Veterinary services - Provides food safety and inspection, animal medicine, and preventive medical services. Animal medical care provides preventive care, sick call, combat casualty care, military and contract working dogs hospitalization and medical evacuation between veterinary roles of care.
* Medical Laboratory Services - Provides laboratory and diagnostic testing at the hospital level or area support. The laboratory contains the necessary supplies, assays, and equipment to allow personnel to provide clinical laboratory testing in support of diagnosis and treatment of military and non-military patients in the field. The services provided include blood banking, hematology, immunohematology, clinical chemistry, serology, bacteriology, parasitology, and urinalysis. FY 2024 began the initial procurement of the Analyzer Traumatic Brain Injury (ATBI) Block 1.
* Medical Logistics - Includes capabilities to provide supply chain operations in the operating force for the medical supply commodity; providing operational and maintenance support to the Army medical units; management of set assembly, fielding, and follow-on logistics support to ensure combat ready forces in peacetime and during times of conflict. This includes support to deployed Combat Medics and Expeditionary Forces, Ground Ambulances, Forward Surgical Teams and fully operational field hospitals, as well as non-medical units with medical requirements (Active, Reserve, and National Guard units).</proc:Description>
        <proc:Justification>Combat Support Medical (MN1000) lines funds multiple systems with differing unit costs. The Unit Cost on the P40 will fluctuate year-to-year depending on the underlying mix of systems procured. 

Combat Support Medical (MN1000) focuses on building Army operational force readiness along with the modernization of all equipment and medical sets used in the operational environment supporting all types of contingencies. The procurement focus will be on total Army authorization growth, modernizing high priority units, and addressing current shortages.

FY 2026 Base procurement dollars in the amount of $99.567M million supports the procurement of 3,995 pieces of medical equipment and sets for Army's Multi-Domain Operations.

In accordance with section 1815 of the FY 2008 National Defense Authorization Act (P.L. 110 - 181), this item is necessary for use by the active and reserve components of the Armed Forces for homeland defense missions, domestic emergency responses, and providing military support to civil authorities.</proc:Justification>
        <proc:ItemExhibitList>
            <proc:P5Item>
                <proc:Name>FIELD MEDICAL EQUIPMENT - Medical ASIOE</proc:Name>
                <proc:ItemNumber>MB1100</proc:ItemNumber>
                <proc:SecondaryDistribution>
                    <proc:ComponentList>
                        <proc:Component>
                            <proc:Name>Army Active</proc:Name>
                            <proc:Cost>
                                <proc:Quantity>
                                    <proc:PriorYear>851</proc:PriorYear>
                                    <proc:CurrentYear>1167</proc:CurrentYear>
                                    <proc:BudgetYearOneBase>2095</proc:BudgetYearOneBase>
                                    <proc:BudgetYearOne>2095</proc:BudgetYearOne>
                                </proc:Quantity>
                                <proc:TotalCost>
                                    <proc:PriorYear>53.441</proc:PriorYear>
                                    <proc:CurrentYear>29.313</proc:CurrentYear>
                                    <proc:BudgetYearOneBase>63.134</proc:BudgetYearOneBase>
                                    <proc:BudgetYearOne>63.134</proc:BudgetYearOne>
                                </proc:TotalCost>
                            </proc:Cost>
                        </proc:Component>
                        <proc:Component>
                            <proc:Name>Army National Guard</proc:Name>
                            <proc:Cost>
                                <proc:Quantity>
                                    <proc:PriorYear>7</proc:PriorYear>
                                    <proc:CurrentYear>504</proc:CurrentYear>
                                    <proc:BudgetYearOneBase>597</proc:BudgetYearOneBase>
                                    <proc:BudgetYearOne>597</proc:BudgetYearOne>
                                </proc:Quantity>
                                <proc:TotalCost>
                                    <proc:PriorYear>0.042</proc:PriorYear>
                                    <proc:CurrentYear>8.257</proc:CurrentYear>
                                    <proc:BudgetYearOneBase>11.75</proc:BudgetYearOneBase>
                                    <proc:BudgetYearOne>11.75</proc:BudgetYearOne>
                                </proc:TotalCost>
                            </proc:Cost>
                        </proc:Component>
                        <proc:Component>
                            <proc:Name>Army Reserve</proc:Name>
                            <proc:Cost>
                                <proc:Quantity>
                                    <proc:PriorYear>126</proc:PriorYear>
                                    <proc:CurrentYear>506</proc:CurrentYear>
                                    <proc:BudgetYearOneBase>1303</proc:BudgetYearOneBase>
                                    <proc:BudgetYearOne>1303</proc:BudgetYearOne>
                                </proc:Quantity>
                                <proc:TotalCost>
                                    <proc:PriorYear>15.391</proc:PriorYear>
                                    <proc:CurrentYear>17.168</proc:CurrentYear>
                                    <proc:BudgetYearOneBase>24.683</proc:BudgetYearOneBase>
                                    <proc:BudgetYearOne>24.683</proc:BudgetYearOne>
                                </proc:TotalCost>
                            </proc:Cost>
                        </proc:Component>
                    </proc:ComponentList>
                </proc:SecondaryDistribution>
                <proc:Remarks>For FY 2022 and beyond, MB1100 - Field Medical Equipment ASIOE includes requirements and funding for the balance of the seven medical functions. These include: hospitalization, veterinary services, medical laboratory services, medical logistics, dental, and preventive medicine as detailed within P-1 Descriptions and Justifications under Line Item 7500MN1000 - Combat Support Medical.  

Unit costs vary depending on types of equipment purchased in each year.  FY2026 is the first year that funding has moved from Q10011 Medical Treatment and Q13015 Medical Evacuation back into the MB1100 - Field Medical Equipment ASIOE.

Cost increases are due to requirements in equipment modernization of specific medical capabilities.</proc:Remarks>
                <proc:ResourceSummary>
                    <proc:Quantity>
                        <proc:AllPriorYears>7362</proc:AllPriorYears>
                        <proc:PriorYear>984</proc:PriorYear>
                        <proc:CurrentYear>2177</proc:CurrentYear>
                        <proc:BudgetYearOneBase>3995</proc:BudgetYearOneBase>
                        <proc:BudgetYearOne>3995</proc:BudgetYearOne>
                    </proc:Quantity>
                    <proc:TotalCost>
                        <proc:AllPriorYears>1421.864</proc:AllPriorYears>
                        <proc:PriorYear>68.874</proc:PriorYear>
                        <proc:CurrentYear>54.738</proc:CurrentYear>
                        <proc:BudgetYearOneBase>99.567</proc:BudgetYearOneBase>
                        <proc:BudgetYearOne>99.567</proc:BudgetYearOne>
                    </proc:TotalCost>
                    <proc:UnitCost>
                        <proc:AllPriorYears>193.136</proc:AllPriorYears>
                        <proc:PriorYear>69.994</proc:PriorYear>
                        <proc:CurrentYear>25.144</proc:CurrentYear>
                        <proc:BudgetYearOneBase>24.923</proc:BudgetYearOneBase>
                        <proc:BudgetYearOne>24.923</proc:BudgetYearOne>
                    </proc:UnitCost>
                    <proc:NetProcurementP1>
                        <proc:AllPriorYears>1421.864</proc:AllPriorYears>
                        <proc:PriorYear>68.874</proc:PriorYear>
                        <proc:CurrentYear>54.738</proc:CurrentYear>
                        <proc:BudgetYearOneBase>99.567</proc:BudgetYearOneBase>
                        <proc:BudgetYearOne>99.567</proc:BudgetYearOne>
                    </proc:NetProcurementP1>
                    <proc:TotalObligationAuthority>
                        <proc:AllPriorYears>1421.864</proc:AllPriorYears>
                        <proc:PriorYear>68.874</proc:PriorYear>
                        <proc:CurrentYear>54.738</proc:CurrentYear>
                        <proc:BudgetYearOneBase>99.567</proc:BudgetYearOneBase>
                        <proc:BudgetYearOne>99.567</proc:BudgetYearOne>
                    </proc:TotalObligationAuthority>
                </proc:ResourceSummary>
                <proc:CostElementCategoryList>
                    <proc:Flyaway>
                        <proc:Recurring>
                            <proc:CostElementList>
                                <proc:CostElement>
                                    <proc:Name>Laboratory science Equipment</proc:Name>
                                    <proc:Cost>
                                        <proc:Quantity>
                                            <proc:AllPriorYears>1991</proc:AllPriorYears>
                                        </proc:Quantity>
                                        <proc:TotalCost>
                                            <proc:AllPriorYears>69.821</proc:AllPriorYears>
                                        </proc:TotalCost>
                                        <proc:UnitCost>
                                            <proc:AllPriorYears>35.068</proc:AllPriorYears>
                                        </proc:UnitCost>
                                    </proc:Cost>
                                </proc:CostElement>
                                <proc:CostElement>
                                    <proc:Name>Ambulatory Care Equipment</proc:Name>
                                    <proc:Cost>
                                        <proc:Quantity>
                                            <proc:AllPriorYears>19428</proc:AllPriorYears>
                                        </proc:Quantity>
                                        <proc:TotalCost>
                                            <proc:AllPriorYears>271.494</proc:AllPriorYears>
                                        </proc:TotalCost>
                                        <proc:UnitCost>
                                            <proc:AllPriorYears>13.974</proc:AllPriorYears>
                                        </proc:UnitCost>
                                    </proc:Cost>
                                </proc:CostElement>
                                <proc:CostElement>
                                    <proc:Name>Dental Equipment</proc:Name>
                                    <proc:Cost>
                                        <proc:Quantity>
                                            <proc:AllPriorYears>58394</proc:AllPriorYears>
                                        </proc:Quantity>
                                        <proc:TotalCost>
                                            <proc:AllPriorYears>183.83</proc:AllPriorYears>
                                        </proc:TotalCost>
                                        <proc:UnitCost>
                                            <proc:AllPriorYears>3.148</proc:AllPriorYears>
                                        </proc:UnitCost>
                                    </proc:Cost>
                                </proc:CostElement>
                                <proc:CostElement>
                                    <proc:Name>Opthamology/optometry Equipment</proc:Name>
                                    <proc:Cost>
                                        <proc:Quantity>
                                            <proc:AllPriorYears>33</proc:AllPriorYears>
                                        </proc:Quantity>
                                        <proc:TotalCost>
                                            <proc:AllPriorYears>13.121</proc:AllPriorYears>
                                        </proc:TotalCost>
                                        <proc:UnitCost>
                                            <proc:AllPriorYears>397.603</proc:AllPriorYears>
                                        </proc:UnitCost>
                                    </proc:Cost>
                                </proc:CostElement>
                                <proc:CostElement>
                                    <proc:Name>Surgical Equipment</proc:Name>
                                    <proc:Cost>
                                        <proc:Quantity>
                                            <proc:AllPriorYears>2077</proc:AllPriorYears>
                                        </proc:Quantity>
                                        <proc:TotalCost>
                                            <proc:AllPriorYears>93.428</proc:AllPriorYears>
                                        </proc:TotalCost>
                                        <proc:UnitCost>
                                            <proc:AllPriorYears>44.982</proc:AllPriorYears>
                                        </proc:UnitCost>
                                    </proc:Cost>
                                </proc:CostElement>
                                <proc:CostElement>
                                    <proc:Name>Veterinary Equipment</proc:Name>
                                    <proc:Cost>
                                        <proc:Quantity>
                                            <proc:AllPriorYears>224</proc:AllPriorYears>
                                        </proc:Quantity>
                                        <proc:TotalCost>
                                            <proc:AllPriorYears>29.631</proc:AllPriorYears>
                                        </proc:TotalCost>
                                        <proc:UnitCost>
                                            <proc:AllPriorYears>132.281</proc:AllPriorYears>
                                        </proc:UnitCost>
                                    </proc:Cost>
                                </proc:CostElement>
                                <proc:CostElement>
                                    <proc:Name>Diagnostic Imaging Equipment</proc:Name>
                                    <proc:Cost>
                                        <proc:Quantity>
                                            <proc:AllPriorYears>493</proc:AllPriorYears>
                                        </proc:Quantity>
                                        <proc:TotalCost>
                                            <proc:AllPriorYears>244.45</proc:AllPriorYears>
                                        </proc:TotalCost>
                                        <proc:UnitCost>
                                            <proc:AllPriorYears>495.842</proc:AllPriorYears>
                                        </proc:UnitCost>
                                    </proc:Cost>
                                </proc:CostElement>
                                <proc:CostElement>
                                    <proc:Name>Therapy/Treatment</proc:Name>
                                    <proc:Cost>
                                        <proc:Quantity>
                                            <proc:AllPriorYears>1374</proc:AllPriorYears>
                                        </proc:Quantity>
                                        <proc:TotalCost>
                                            <proc:AllPriorYears>10.717</proc:AllPriorYears>
                                        </proc:TotalCost>
                                        <proc:UnitCost>
                                            <proc:AllPriorYears>7.8</proc:AllPriorYears>
                                        </proc:UnitCost>
                                    </proc:Cost>
                                </proc:CostElement>
                                <proc:CostElement>
                                    <proc:Name>Environmental (Water)</proc:Name>
                                    <proc:Cost>
                                        <proc:Quantity>
                                            <proc:AllPriorYears>2289</proc:AllPriorYears>
                                        </proc:Quantity>
                                        <proc:TotalCost>
                                            <proc:AllPriorYears>16.95</proc:AllPriorYears>
                                        </proc:TotalCost>
                                        <proc:UnitCost>
                                            <proc:AllPriorYears>7.405</proc:AllPriorYears>
                                        </proc:UnitCost>
                                    </proc:Cost>
                                </proc:CostElement>
                                <proc:CostElement>
                                    <proc:Name>TMDE (Test, Measurement, Diagnostic Eq)</proc:Name>
                                    <proc:Cost>
                                        <proc:Quantity>
                                            <proc:AllPriorYears>782</proc:AllPriorYears>
                                        </proc:Quantity>
                                        <proc:TotalCost>
                                            <proc:AllPriorYears>24.812</proc:AllPriorYears>
                                        </proc:TotalCost>
                                        <proc:UnitCost>
                                            <proc:AllPriorYears>31.729</proc:AllPriorYears>
                                        </proc:UnitCost>
                                    </proc:Cost>
                                </proc:CostElement>
                                <proc:CostElement>
                                    <proc:Name>HOSPITAL</proc:Name>
                                    <proc:Cost>
                                        <proc:Quantity>
                                            <proc:AllPriorYears>67201</proc:AllPriorYears>
                                        </proc:Quantity>
                                        <proc:TotalCost>
                                            <proc:AllPriorYears>228.33</proc:AllPriorYears>
                                        </proc:TotalCost>
                                        <proc:UnitCost>
                                            <proc:AllPriorYears>3.398</proc:AllPriorYears>
                                        </proc:UnitCost>
                                    </proc:Cost>
                                </proc:CostElement>
                                <proc:CostElement>
                                    <proc:Name>MED OXYGEN</proc:Name>
                                    <proc:Cost>
                                        <proc:Quantity>
                                            <proc:AllPriorYears>389</proc:AllPriorYears>
                                        </proc:Quantity>
                                        <proc:TotalCost>
                                            <proc:AllPriorYears>39.992</proc:AllPriorYears>
                                        </proc:TotalCost>
                                        <proc:UnitCost>
                                            <proc:AllPriorYears>102.808</proc:AllPriorYears>
                                        </proc:UnitCost>
                                    </proc:Cost>
                                </proc:CostElement>
                                <proc:CostElement>
                                    <proc:Name>PHARM</proc:Name>
                                    <proc:Cost>
                                        <proc:Quantity>
                                            <proc:AllPriorYears>23</proc:AllPriorYears>
                                        </proc:Quantity>
                                        <proc:TotalCost>
                                            <proc:AllPriorYears>0.653</proc:AllPriorYears>
                                        </proc:TotalCost>
                                        <proc:UnitCost>
                                            <proc:AllPriorYears>28.392</proc:AllPriorYears>
                                        </proc:UnitCost>
                                    </proc:Cost>
                                </proc:CostElement>
                                <proc:CostElement>
                                    <proc:Name>HOLISTIC HEALTH AND FITNESS - FULL UFR</proc:Name>
                                    <proc:Cost>
                                        <proc:Quantity>
                                            <proc:AllPriorYears>1</proc:AllPriorYears>
                                        </proc:Quantity>
                                        <proc:TotalCost>
                                            <proc:AllPriorYears>22.1</proc:AllPriorYears>
                                        </proc:TotalCost>
                                        <proc:UnitCost>
                                            <proc:AllPriorYears>22100</proc:AllPriorYears>
                                        </proc:UnitCost>
                                    </proc:Cost>
                                </proc:CostElement>
                                <proc:CostElement>
                                    <proc:Name>Hospitalization</proc:Name>
                                    <proc:Cost>
                                        <proc:Quantity>
                                            <proc:AllPriorYears>2</proc:AllPriorYears>
                                            <proc:PriorYear>1</proc:PriorYear>
                                            <proc:CurrentYear>1</proc:CurrentYear>
                                            <proc:BudgetYearOneBase>1</proc:BudgetYearOneBase>
                                            <proc:BudgetYearOne>1</proc:BudgetYearOne>
                                        </proc:Quantity>
                                        <proc:TotalCost>
                                            <proc:AllPriorYears>63.249</proc:AllPriorYears>
                                            <proc:PriorYear>24.161</proc:PriorYear>
                                            <proc:CurrentYear>21.011</proc:CurrentYear>
                                            <proc:BudgetYearOneBase>13.87</proc:BudgetYearOneBase>
                                            <proc:BudgetYearOne>13.87</proc:BudgetYearOne>
                                        </proc:TotalCost>
                                        <proc:UnitCost>
                                            <proc:AllPriorYears>31624.683</proc:AllPriorYears>
                                            <proc:PriorYear>24160.913</proc:PriorYear>
                                            <proc:CurrentYear>21011.187</proc:CurrentYear>
                                            <proc:BudgetYearOneBase>13870</proc:BudgetYearOneBase>
                                            <proc:BudgetYearOne>13870</proc:BudgetYearOne>
                                        </proc:UnitCost>
                                    </proc:Cost>
                                    <proc:ManufacturerList>
                                        <proc:Manufacturer>
                                            <proc:Name>Various</proc:Name>
                                            <proc:Location>Various</proc:Location>
                                            <proc:HistoryPlanningList>
                                                <proc:HistoryPlanning>
                                                    <proc:FiscalYear>2022</proc:FiscalYear>
                                                    <proc:PCOLocation>DLA, Philadelphia, PA/USAMRAA, Ft. Detrick, MD</proc:PCOLocation>
                                                    <proc:AwardDate>2021-10</proc:AwardDate>
                                                    <proc:FirstDeliveryDate>2021-12</proc:FirstDeliveryDate>
                                                    <proc:Quantity>1</proc:Quantity>
                                                    <proc:UnitCost>46215.325</proc:UnitCost>
                                                    <proc:SpecsAvailableNow>false</proc:SpecsAvailableNow>
                                                    <proc:FundingVehicle>Various</proc:FundingVehicle>
                                                </proc:HistoryPlanning>
                                                <proc:HistoryPlanning>
                                                    <proc:FiscalYear>2023</proc:FiscalYear>
                                                    <proc:PCOLocation>DLA, Philadelphia, PA/USAMRAA, Ft. Detrick, MD</proc:PCOLocation>
                                                    <proc:AwardDate>2022-10</proc:AwardDate>
                                                    <proc:FirstDeliveryDate>2022-12</proc:FirstDeliveryDate>
                                                    <proc:Quantity>1</proc:Quantity>
                                                    <proc:UnitCost>17034.04</proc:UnitCost>
                                                    <proc:SpecsAvailableNow>false</proc:SpecsAvailableNow>
                                                    <proc:FundingVehicle>Various</proc:FundingVehicle>
                                                </proc:HistoryPlanning>
                                                <proc:HistoryPlanning>
                                                    <proc:FiscalYear>2024</proc:FiscalYear>
                                                    <proc:PCOLocation>DLA, Philadelphia, PA/USAMRAA, Ft. Detrick, MD</proc:PCOLocation>
                                                    <proc:AwardDate>2023-10</proc:AwardDate>
                                                    <proc:FirstDeliveryDate>2023-12</proc:FirstDeliveryDate>
                                                    <proc:Quantity>1</proc:Quantity>
                                                    <proc:UnitCost>24160.913</proc:UnitCost>
                                                    <proc:SpecsAvailableNow>false</proc:SpecsAvailableNow>
                                                    <proc:FundingVehicle>Various</proc:FundingVehicle>
                                                </proc:HistoryPlanning>
                                            </proc:HistoryPlanningList>
                                        </proc:Manufacturer>
                                    </proc:ManufacturerList>
                                </proc:CostElement>
                                <proc:CostElement>
                                    <proc:Name>Preventive Medicine</proc:Name>
                                    <proc:Cost>
                                        <proc:Quantity>
                                            <proc:AllPriorYears>2</proc:AllPriorYears>
                                            <proc:PriorYear>1</proc:PriorYear>
                                            <proc:CurrentYear>1</proc:CurrentYear>
                                            <proc:BudgetYearOneBase>1</proc:BudgetYearOneBase>
                                            <proc:BudgetYearOne>1</proc:BudgetYearOne>
                                        </proc:Quantity>
                                        <proc:TotalCost>
                                            <proc:AllPriorYears>7.288</proc:AllPriorYears>
                                            <proc:PriorYear>1.281</proc:PriorYear>
                                            <proc:CurrentYear>1.614</proc:CurrentYear>
                                            <proc:BudgetYearOneBase>7.147</proc:BudgetYearOneBase>
                                            <proc:BudgetYearOne>7.147</proc:BudgetYearOne>
                                        </proc:TotalCost>
                                        <proc:UnitCost>
                                            <proc:AllPriorYears>3643.762</proc:AllPriorYears>
                                            <proc:PriorYear>1281.452</proc:PriorYear>
                                            <proc:CurrentYear>1614.092</proc:CurrentYear>
                                            <proc:BudgetYearOneBase>7147</proc:BudgetYearOneBase>
                                            <proc:BudgetYearOne>7147</proc:BudgetYearOne>
                                        </proc:UnitCost>
                                    </proc:Cost>
                                    <proc:ManufacturerList>
                                        <proc:Manufacturer>
                                            <proc:Name>Various</proc:Name>
                                            <proc:Location>Various</proc:Location>
                                            <proc:HistoryPlanningList>
                                                <proc:HistoryPlanning>
                                                    <proc:FiscalYear>2022</proc:FiscalYear>
                                                    <proc:PCOLocation>DLA, Philadelphia, PA</proc:PCOLocation>
                                                    <proc:AwardDate>2021-10</proc:AwardDate>
                                                    <proc:FirstDeliveryDate>2021-12</proc:FirstDeliveryDate>
                                                    <proc:Quantity>1</proc:Quantity>
                                                    <proc:UnitCost>312.023</proc:UnitCost>
                                                    <proc:SpecsAvailableNow>false</proc:SpecsAvailableNow>
                                                    <proc:FundingVehicle>Various</proc:FundingVehicle>
                                                </proc:HistoryPlanning>
                                                <proc:HistoryPlanning>
                                                    <proc:FiscalYear>2024</proc:FiscalYear>
                                                    <proc:PCOLocation>DLA, Philadelphia, PA/USAMRAA, Ft. Detrick, MD</proc:PCOLocation>
                                                    <proc:AwardDate>2023-10</proc:AwardDate>
                                                    <proc:FirstDeliveryDate>2023-12</proc:FirstDeliveryDate>
                                                    <proc:Quantity>1</proc:Quantity>
                                                    <proc:UnitCost>1281.452</proc:UnitCost>
                                                    <proc:SpecsAvailableNow>false</proc:SpecsAvailableNow>
                                                    <proc:FundingVehicle>Various</proc:FundingVehicle>
                                                </proc:HistoryPlanning>
                                                <proc:HistoryPlanning>
                                                    <proc:FiscalYear>2023</proc:FiscalYear>
                                                    <proc:PCOLocation>DLA, Philadelphia, PA/USAMRAA, Ft. Detrick, MD</proc:PCOLocation>
                                                    <proc:AwardDate>2022-10</proc:AwardDate>
                                                    <proc:FirstDeliveryDate>2022-12</proc:FirstDeliveryDate>
                                                    <proc:Quantity>1</proc:Quantity>
                                                    <proc:UnitCost>6975.5</proc:UnitCost>
                                                    <proc:SpecsAvailableNow>false</proc:SpecsAvailableNow>
                                                    <proc:FundingVehicle>Various</proc:FundingVehicle>
                                                </proc:HistoryPlanning>
                                            </proc:HistoryPlanningList>
                                        </proc:Manufacturer>
                                    </proc:ManufacturerList>
                                </proc:CostElement>
                                <proc:CostElement>
                                    <proc:Name>Medical Logistics</proc:Name>
                                    <proc:Cost>
                                        <proc:Quantity>
                                            <proc:AllPriorYears>2</proc:AllPriorYears>
                                            <proc:PriorYear>1</proc:PriorYear>
                                            <proc:CurrentYear>1</proc:CurrentYear>
                                            <proc:BudgetYearOneBase>1</proc:BudgetYearOneBase>
                                            <proc:BudgetYearOne>1</proc:BudgetYearOne>
                                        </proc:Quantity>
                                        <proc:TotalCost>
                                            <proc:AllPriorYears>20.826</proc:AllPriorYears>
                                            <proc:PriorYear>2.977</proc:PriorYear>
                                            <proc:CurrentYear>9.596</proc:CurrentYear>
                                            <proc:BudgetYearOneBase>12.349</proc:BudgetYearOneBase>
                                            <proc:BudgetYearOne>12.349</proc:BudgetYearOne>
                                        </proc:TotalCost>
                                        <proc:UnitCost>
                                            <proc:AllPriorYears>10413.103</proc:AllPriorYears>
                                            <proc:PriorYear>2977.141</proc:PriorYear>
                                            <proc:CurrentYear>9596.282</proc:CurrentYear>
                                            <proc:BudgetYearOneBase>12349</proc:BudgetYearOneBase>
                                            <proc:BudgetYearOne>12349</proc:BudgetYearOne>
                                        </proc:UnitCost>
                                    </proc:Cost>
                                    <proc:ManufacturerList>
                                        <proc:Manufacturer>
                                            <proc:Name>Various</proc:Name>
                                            <proc:Location>Various</proc:Location>
                                            <proc:HistoryPlanningList>
                                                <proc:HistoryPlanning>
                                                    <proc:FiscalYear>2022</proc:FiscalYear>
                                                    <proc:PCOLocation>DLA, Philadelphia, PA</proc:PCOLocation>
                                                    <proc:AwardDate>2021-10</proc:AwardDate>
                                                    <proc:FirstDeliveryDate>2021-12</proc:FirstDeliveryDate>
                                                    <proc:Quantity>1</proc:Quantity>
                                                    <proc:UnitCost>19827.246</proc:UnitCost>
                                                    <proc:SpecsAvailableNow>false</proc:SpecsAvailableNow>
                                                    <proc:FundingVehicle>Various</proc:FundingVehicle>
                                                </proc:HistoryPlanning>
                                                <proc:HistoryPlanning>
                                                    <proc:FiscalYear>2024</proc:FiscalYear>
                                                    <proc:PCOLocation>DLA, Philadelphia, PA/USAMRAA, Ft. Detrick, MD</proc:PCOLocation>
                                                    <proc:AwardDate>2023-10</proc:AwardDate>
                                                    <proc:FirstDeliveryDate>2023-12</proc:FirstDeliveryDate>
                                                    <proc:Quantity>1</proc:Quantity>
                                                    <proc:UnitCost>2977.141</proc:UnitCost>
                                                    <proc:SpecsAvailableNow>false</proc:SpecsAvailableNow>
                                                    <proc:FundingVehicle>Various</proc:FundingVehicle>
                                                </proc:HistoryPlanning>
                                                <proc:HistoryPlanning>
                                                    <proc:FiscalYear>2023</proc:FiscalYear>
                                                    <proc:PCOLocation>DLA, Philadelphia, PA/USAMRAA, Ft. Detrick, MD</proc:PCOLocation>
                                                    <proc:AwardDate>2022-10</proc:AwardDate>
                                                    <proc:FirstDeliveryDate>2022-12</proc:FirstDeliveryDate>
                                                    <proc:Quantity>1</proc:Quantity>
                                                    <proc:UnitCost>998.959</proc:UnitCost>
                                                    <proc:SpecsAvailableNow>false</proc:SpecsAvailableNow>
                                                    <proc:FundingVehicle>Various</proc:FundingVehicle>
                                                </proc:HistoryPlanning>
                                            </proc:HistoryPlanningList>
                                        </proc:Manufacturer>
                                    </proc:ManufacturerList>
                                </proc:CostElement>
                                <proc:CostElement>
                                    <proc:Name>Dental Services</proc:Name>
                                    <proc:Cost>
                                        <proc:Quantity>
                                            <proc:AllPriorYears>2</proc:AllPriorYears>
                                            <proc:PriorYear>1</proc:PriorYear>
                                            <proc:CurrentYear>1</proc:CurrentYear>
                                            <proc:BudgetYearOneBase>1</proc:BudgetYearOneBase>
                                            <proc:BudgetYearOne>1</proc:BudgetYearOne>
                                        </proc:Quantity>
                                        <proc:TotalCost>
                                            <proc:AllPriorYears>0.705</proc:AllPriorYears>
                                            <proc:PriorYear>9.582</proc:PriorYear>
                                            <proc:CurrentYear>3.382</proc:CurrentYear>
                                            <proc:BudgetYearOneBase>7.501</proc:BudgetYearOneBase>
                                            <proc:BudgetYearOne>7.501</proc:BudgetYearOne>
                                        </proc:TotalCost>
                                        <proc:UnitCost>
                                            <proc:AllPriorYears>352.561</proc:AllPriorYears>
                                            <proc:PriorYear>9582.419</proc:PriorYear>
                                            <proc:CurrentYear>3381.587</proc:CurrentYear>
                                            <proc:BudgetYearOneBase>7501</proc:BudgetYearOneBase>
                                            <proc:BudgetYearOne>7501</proc:BudgetYearOne>
                                        </proc:UnitCost>
                                    </proc:Cost>
                                    <proc:ManufacturerList>
                                        <proc:Manufacturer>
                                            <proc:Name>Various</proc:Name>
                                            <proc:Location>Various</proc:Location>
                                            <proc:HistoryPlanningList>
                                                <proc:HistoryPlanning>
                                                    <proc:FiscalYear>2022</proc:FiscalYear>
                                                    <proc:PCOLocation>DLA, Philadelphia, PA</proc:PCOLocation>
                                                    <proc:AwardDate>2021-10</proc:AwardDate>
                                                    <proc:FirstDeliveryDate>2021-12</proc:FirstDeliveryDate>
                                                    <proc:Quantity>1</proc:Quantity>
                                                    <proc:UnitCost>328.956</proc:UnitCost>
                                                    <proc:SpecsAvailableNow>false</proc:SpecsAvailableNow>
                                                    <proc:FundingVehicle>Various</proc:FundingVehicle>
                                                </proc:HistoryPlanning>
                                                <proc:HistoryPlanning>
                                                    <proc:FiscalYear>2024</proc:FiscalYear>
                                                    <proc:PCOLocation>DLA, Philadelphia, PA/USAMRAA, Ft. Detrick, MD</proc:PCOLocation>
                                                    <proc:AwardDate>2023-10</proc:AwardDate>
                                                    <proc:FirstDeliveryDate>2023-12</proc:FirstDeliveryDate>
                                                    <proc:Quantity>1</proc:Quantity>
                                                    <proc:UnitCost>9582.419</proc:UnitCost>
                                                    <proc:SpecsAvailableNow>false</proc:SpecsAvailableNow>
                                                    <proc:FundingVehicle>Various</proc:FundingVehicle>
                                                </proc:HistoryPlanning>
                                                <proc:HistoryPlanning>
                                                    <proc:FiscalYear>2023</proc:FiscalYear>
                                                    <proc:PCOLocation>DLA, Philadelphia, PA/USAMRAA, Ft. Detrick, MD</proc:PCOLocation>
                                                    <proc:AwardDate>2022-10</proc:AwardDate>
                                                    <proc:FirstDeliveryDate>2022-12</proc:FirstDeliveryDate>
                                                    <proc:Quantity>1</proc:Quantity>
                                                    <proc:UnitCost>376.166</proc:UnitCost>
                                                    <proc:SpecsAvailableNow>false</proc:SpecsAvailableNow>
                                                    <proc:FundingVehicle>Various</proc:FundingVehicle>
                                                </proc:HistoryPlanning>
                                            </proc:HistoryPlanningList>
                                        </proc:Manufacturer>
                                    </proc:ManufacturerList>
                                </proc:CostElement>
                                <proc:CostElement>
                                    <proc:Name>Medical Lab</proc:Name>
                                    <proc:Cost>
                                        <proc:Quantity>
                                            <proc:AllPriorYears>2</proc:AllPriorYears>
                                            <proc:PriorYear>1</proc:PriorYear>
                                            <proc:CurrentYear>1</proc:CurrentYear>
                                            <proc:BudgetYearOneBase>1</proc:BudgetYearOneBase>
                                            <proc:BudgetYearOne>1</proc:BudgetYearOne>
                                        </proc:Quantity>
                                        <proc:TotalCost>
                                            <proc:AllPriorYears>2.287</proc:AllPriorYears>
                                            <proc:PriorYear>7.34</proc:PriorYear>
                                            <proc:CurrentYear>1.548</proc:CurrentYear>
                                            <proc:BudgetYearOneBase>6.406</proc:BudgetYearOneBase>
                                            <proc:BudgetYearOne>6.406</proc:BudgetYearOne>
                                        </proc:TotalCost>
                                        <proc:UnitCost>
                                            <proc:AllPriorYears>1143.583</proc:AllPriorYears>
                                            <proc:PriorYear>7340.191</proc:PriorYear>
                                            <proc:CurrentYear>1547.843</proc:CurrentYear>
                                            <proc:BudgetYearOneBase>6406</proc:BudgetYearOneBase>
                                            <proc:BudgetYearOne>6406</proc:BudgetYearOne>
                                        </proc:UnitCost>
                                    </proc:Cost>
                                    <proc:ManufacturerList>
                                        <proc:Manufacturer>
                                            <proc:Name>Various</proc:Name>
                                            <proc:Location>Various</proc:Location>
                                            <proc:HistoryPlanningList>
                                                <proc:HistoryPlanning>
                                                    <proc:FiscalYear>2022</proc:FiscalYear>
                                                    <proc:PCOLocation>DLA, Philadelphia, PA</proc:PCOLocation>
                                                    <proc:AwardDate>2021-10</proc:AwardDate>
                                                    <proc:FirstDeliveryDate>2021-12</proc:FirstDeliveryDate>
                                                    <proc:Quantity>1</proc:Quantity>
                                                    <proc:UnitCost>1843.347</proc:UnitCost>
                                                    <proc:SpecsAvailableNow>false</proc:SpecsAvailableNow>
                                                    <proc:FundingVehicle>Various</proc:FundingVehicle>
                                                </proc:HistoryPlanning>
                                                <proc:HistoryPlanning>
                                                    <proc:FiscalYear>2024</proc:FiscalYear>
                                                    <proc:PCOLocation>DLA, Philadelphia, PA/USAMRAA, Ft. Detrick, MD</proc:PCOLocation>
                                                    <proc:AwardDate>2023-10</proc:AwardDate>
                                                    <proc:FirstDeliveryDate>2023-12</proc:FirstDeliveryDate>
                                                    <proc:Quantity>1</proc:Quantity>
                                                    <proc:UnitCost>7340.191</proc:UnitCost>
                                                    <proc:SpecsAvailableNow>false</proc:SpecsAvailableNow>
                                                    <proc:FundingVehicle>Various</proc:FundingVehicle>
                                                </proc:HistoryPlanning>
                                                <proc:HistoryPlanning>
                                                    <proc:FiscalYear>2023</proc:FiscalYear>
                                                    <proc:PCOLocation>DLA, Philadelphia, PA/USAMRAA, Ft. Detrick, MD</proc:PCOLocation>
                                                    <proc:AwardDate>2022-10</proc:AwardDate>
                                                    <proc:FirstDeliveryDate>2022-12</proc:FirstDeliveryDate>
                                                    <proc:Quantity>1</proc:Quantity>
                                                    <proc:UnitCost>443.819</proc:UnitCost>
                                                    <proc:SpecsAvailableNow>false</proc:SpecsAvailableNow>
                                                    <proc:FundingVehicle>Various</proc:FundingVehicle>
                                                </proc:HistoryPlanning>
                                            </proc:HistoryPlanningList>
                                        </proc:Manufacturer>
                                    </proc:ManufacturerList>
                                </proc:CostElement>
                                <proc:CostElement>
                                    <proc:Name>Veterinary Services</proc:Name>
                                    <proc:Cost>
                                        <proc:Quantity>
                                            <proc:AllPriorYears>2</proc:AllPriorYears>
                                            <proc:PriorYear>1</proc:PriorYear>
                                            <proc:CurrentYear>1</proc:CurrentYear>
                                        </proc:Quantity>
                                        <proc:TotalCost>
                                            <proc:AllPriorYears>3.269</proc:AllPriorYears>
                                            <proc:PriorYear>0.469</proc:PriorYear>
                                            <proc:CurrentYear>0.867</proc:CurrentYear>
                                        </proc:TotalCost>
                                        <proc:UnitCost>
                                            <proc:AllPriorYears>1634.385</proc:AllPriorYears>
                                            <proc:PriorYear>469.465</proc:PriorYear>
                                            <proc:CurrentYear>866.809</proc:CurrentYear>
                                        </proc:UnitCost>
                                    </proc:Cost>
                                    <proc:ManufacturerList>
                                        <proc:Manufacturer>
                                            <proc:Name>Various</proc:Name>
                                            <proc:Location>Various</proc:Location>
                                            <proc:HistoryPlanningList>
                                                <proc:HistoryPlanning>
                                                    <proc:FiscalYear>2022</proc:FiscalYear>
                                                    <proc:PCOLocation>DLA, Philadelphia, PA</proc:PCOLocation>
                                                    <proc:AwardDate>2021-10</proc:AwardDate>
                                                    <proc:FirstDeliveryDate>2021-12</proc:FirstDeliveryDate>
                                                    <proc:Quantity>1</proc:Quantity>
                                                    <proc:UnitCost>2906.913</proc:UnitCost>
                                                    <proc:SpecsAvailableNow>false</proc:SpecsAvailableNow>
                                                    <proc:FundingVehicle>Various</proc:FundingVehicle>
                                                </proc:HistoryPlanning>
                                                <proc:HistoryPlanning>
                                                    <proc:FiscalYear>2024</proc:FiscalYear>
                                                    <proc:PCOLocation>DLA, Philadelphia, PA/USAMRAA, Ft. Detrick, MD</proc:PCOLocation>
                                                    <proc:AwardDate>2023-10</proc:AwardDate>
                                                    <proc:FirstDeliveryDate>2023-12</proc:FirstDeliveryDate>
                                                    <proc:Quantity>1</proc:Quantity>
                                                    <proc:UnitCost>469.465</proc:UnitCost>
                                                    <proc:SpecsAvailableNow>false</proc:SpecsAvailableNow>
                                                    <proc:FundingVehicle>Various</proc:FundingVehicle>
                                                </proc:HistoryPlanning>
                                                <proc:HistoryPlanning>
                                                    <proc:FiscalYear>2023</proc:FiscalYear>
                                                    <proc:PCOLocation>DLA, Philadelphia, PA/USAMRAA, Ft. Detrick, MD</proc:PCOLocation>
                                                    <proc:AwardDate>2022-10</proc:AwardDate>
                                                    <proc:FirstDeliveryDate>2022-12</proc:FirstDeliveryDate>
                                                    <proc:Quantity>1</proc:Quantity>
                                                    <proc:UnitCost>361.856</proc:UnitCost>
                                                    <proc:SpecsAvailableNow>false</proc:SpecsAvailableNow>
                                                    <proc:FundingVehicle>Various</proc:FundingVehicle>
                                                </proc:HistoryPlanning>
                                            </proc:HistoryPlanningList>
                                        </proc:Manufacturer>
                                    </proc:ManufacturerList>
                                </proc:CostElement>
                                <proc:CostElement>
                                    <proc:Name>Medical Evacuation</proc:Name>
                                    <proc:Cost>
                                        <proc:Quantity>
                                            <proc:AllPriorYears>2</proc:AllPriorYears>
                                            <proc:PriorYear>1</proc:PriorYear>
                                            <proc:BudgetYearOneBase>1</proc:BudgetYearOneBase>
                                            <proc:BudgetYearOne>1</proc:BudgetYearOne>
                                        </proc:Quantity>
                                        <proc:TotalCost>
                                            <proc:AllPriorYears>9.321</proc:AllPriorYears>
                                            <proc:PriorYear>6.388</proc:PriorYear>
                                            <proc:BudgetYearOneBase>5.748</proc:BudgetYearOneBase>
                                            <proc:BudgetYearOne>5.748</proc:BudgetYearOne>
                                        </proc:TotalCost>
                                        <proc:UnitCost>
                                            <proc:AllPriorYears>4660.358</proc:AllPriorYears>
                                            <proc:PriorYear>6387.5</proc:PriorYear>
                                            <proc:BudgetYearOneBase>5748</proc:BudgetYearOneBase>
                                            <proc:BudgetYearOne>5748</proc:BudgetYearOne>
                                        </proc:UnitCost>
                                    </proc:Cost>
                                    <proc:ManufacturerList>
                                        <proc:Manufacturer>
                                            <proc:Name>Various</proc:Name>
                                            <proc:Location>Various</proc:Location>
                                            <proc:HistoryPlanningList>
                                                <proc:HistoryPlanning>
                                                    <proc:FiscalYear>2022</proc:FiscalYear>
                                                    <proc:PCOLocation>DLA, Philadelphia, PA</proc:PCOLocation>
                                                    <proc:AwardDate>2021-10</proc:AwardDate>
                                                    <proc:FirstDeliveryDate>2021-12</proc:FirstDeliveryDate>
                                                    <proc:Quantity>1</proc:Quantity>
                                                    <proc:UnitCost>9124.008</proc:UnitCost>
                                                    <proc:SpecsAvailableNow>false</proc:SpecsAvailableNow>
                                                    <proc:FundingVehicle>Various</proc:FundingVehicle>
                                                </proc:HistoryPlanning>
                                                <proc:HistoryPlanning>
                                                    <proc:FiscalYear>2024</proc:FiscalYear>
                                                    <proc:PCOLocation>DLA, Philadelphia, PA/USAMRAA, Ft. Detrick, MD</proc:PCOLocation>
                                                    <proc:AwardDate>2023-10</proc:AwardDate>
                                                    <proc:FirstDeliveryDate>2023-12</proc:FirstDeliveryDate>
                                                    <proc:Quantity>1</proc:Quantity>
                                                    <proc:UnitCost>6387.5</proc:UnitCost>
                                                    <proc:SpecsAvailableNow>false</proc:SpecsAvailableNow>
                                                    <proc:FundingVehicle>Various</proc:FundingVehicle>
                                                </proc:HistoryPlanning>
                                                <proc:HistoryPlanning>
                                                    <proc:FiscalYear>2023</proc:FiscalYear>
                                                    <proc:PCOLocation>DLA, Philadelphia, PA/USAMRAA, Ft. Detrick, MD</proc:PCOLocation>
                                                    <proc:AwardDate>2022-10</proc:AwardDate>
                                                    <proc:FirstDeliveryDate>2022-12</proc:FirstDeliveryDate>
                                                    <proc:Quantity>1</proc:Quantity>
                                                    <proc:UnitCost>196.708</proc:UnitCost>
                                                    <proc:SpecsAvailableNow>false</proc:SpecsAvailableNow>
                                                    <proc:FundingVehicle>Various</proc:FundingVehicle>
                                                </proc:HistoryPlanning>
                                            </proc:HistoryPlanningList>
                                        </proc:Manufacturer>
                                    </proc:ManufacturerList>
                                </proc:CostElement>
                                <proc:CostElement>
                                    <proc:Name>Medical Treatment</proc:Name>
                                    <proc:Cost>
                                        <proc:Quantity>
                                            <proc:AllPriorYears>2</proc:AllPriorYears>
                                            <proc:PriorYear>1</proc:PriorYear>
                                            <proc:CurrentYear>1</proc:CurrentYear>
                                            <proc:BudgetYearOneBase>1</proc:BudgetYearOneBase>
                                            <proc:BudgetYearOne>1</proc:BudgetYearOne>
                                        </proc:Quantity>
                                        <proc:TotalCost>
                                            <proc:AllPriorYears>23.493</proc:AllPriorYears>
                                            <proc:PriorYear>14.78</proc:PriorYear>
                                            <proc:CurrentYear>6.751</proc:CurrentYear>
                                            <proc:BudgetYearOneBase>30.588</proc:BudgetYearOneBase>
                                            <proc:BudgetYearOne>30.588</proc:BudgetYearOne>
                                        </proc:TotalCost>
                                        <proc:UnitCost>
                                            <proc:AllPriorYears>11746.436</proc:AllPriorYears>
                                            <proc:PriorYear>14780.232</proc:PriorYear>
                                            <proc:CurrentYear>6751</proc:CurrentYear>
                                            <proc:BudgetYearOneBase>30588</proc:BudgetYearOneBase>
                                            <proc:BudgetYearOne>30588</proc:BudgetYearOne>
                                        </proc:UnitCost>
                                    </proc:Cost>
                                    <proc:ManufacturerList>
                                        <proc:Manufacturer>
                                            <proc:Name>Various</proc:Name>
                                            <proc:Location>Various</proc:Location>
                                            <proc:HistoryPlanningList>
                                                <proc:HistoryPlanning>
                                                    <proc:FiscalYear>2022</proc:FiscalYear>
                                                    <proc:PCOLocation>DLA, Philadelphia, PA</proc:PCOLocation>
                                                    <proc:AwardDate>2021-10</proc:AwardDate>
                                                    <proc:FirstDeliveryDate>2021-12</proc:FirstDeliveryDate>
                                                    <proc:Quantity>1</proc:Quantity>
                                                    <proc:UnitCost>21742.579</proc:UnitCost>
                                                    <proc:SpecsAvailableNow>false</proc:SpecsAvailableNow>
                                                    <proc:FundingVehicle>Various</proc:FundingVehicle>
                                                </proc:HistoryPlanning>
                                                <proc:HistoryPlanning>
                                                    <proc:FiscalYear>2024</proc:FiscalYear>
                                                    <proc:PCOLocation>DLA, Philadelphia, PA/USAMRAA, Ft. Detrick, MD</proc:PCOLocation>
                                                    <proc:AwardDate>2023-10</proc:AwardDate>
                                                    <proc:FirstDeliveryDate>2023-12</proc:FirstDeliveryDate>
                                                    <proc:Quantity>1</proc:Quantity>
                                                    <proc:UnitCost>14780.232</proc:UnitCost>
                                                    <proc:SpecsAvailableNow>false</proc:SpecsAvailableNow>
                                                    <proc:FundingVehicle>Various</proc:FundingVehicle>
                                                </proc:HistoryPlanning>
                                                <proc:HistoryPlanning>
                                                    <proc:FiscalYear>2023</proc:FiscalYear>
                                                    <proc:PCOLocation>DLA, Philadelphia, PA/USAMRAA, Ft. Detrick, MD</proc:PCOLocation>
                                                    <proc:AwardDate>2022-10</proc:AwardDate>
                                                    <proc:FirstDeliveryDate>2022-12</proc:FirstDeliveryDate>
                                                    <proc:Quantity>1</proc:Quantity>
                                                    <proc:UnitCost>1750.293</proc:UnitCost>
                                                    <proc:SpecsAvailableNow>false</proc:SpecsAvailableNow>
                                                    <proc:FundingVehicle>Various</proc:FundingVehicle>
                                                </proc:HistoryPlanning>
                                            </proc:HistoryPlanningList>
                                        </proc:Manufacturer>
                                    </proc:ManufacturerList>
                                </proc:CostElement>
                                <proc:CostElement>
                                    <proc:Name>DLA SMS FEES</proc:Name>
                                    <proc:Cost>
                                        <proc:Quantity>
                                            <proc:AllPriorYears>2</proc:AllPriorYears>
                                            <proc:PriorYear>1</proc:PriorYear>
                                        </proc:Quantity>
                                        <proc:TotalCost>
                                            <proc:AllPriorYears>6.967</proc:AllPriorYears>
                                            <proc:PriorYear>1.896</proc:PriorYear>
                                        </proc:TotalCost>
                                        <proc:UnitCost>
                                            <proc:AllPriorYears>3483.303</proc:AllPriorYears>
                                            <proc:PriorYear>1895.5</proc:PriorYear>
                                        </proc:UnitCost>
                                    </proc:Cost>
                                </proc:CostElement>
                                <proc:CostElement>
                                    <proc:Name>Holistic Health and Fitness (H2F) Equipment Sets</proc:Name>
                                    <proc:Cost>
                                        <proc:TotalCost>
                                            <proc:BudgetYearOneBase>15.958</proc:BudgetYearOneBase>
                                            <proc:BudgetYearOne>15.958</proc:BudgetYearOne>
                                        </proc:TotalCost>
                                    </proc:Cost>
                                </proc:CostElement>
                            </proc:CostElementList>
                            <proc:CategorySubtotal>
                                <proc:TotalCost>
                                    <proc:AllPriorYears>1386.734</proc:AllPriorYears>
                                    <proc:PriorYear>68.874</proc:PriorYear>
                                    <proc:CurrentYear>44.769</proc:CurrentYear>
                                    <proc:BudgetYearOneBase>99.567</proc:BudgetYearOneBase>
                                    <proc:BudgetYearOne>99.567</proc:BudgetYearOne>
                                </proc:TotalCost>
                            </proc:CategorySubtotal>
                        </proc:Recurring>
                        <proc:NonRecurring>
                            <proc:CostElementList>
                                <proc:CostElement>
                                    <proc:Name>CSI AMEDDS Hospital Program for Deployable Hospital Infrastructure</proc:Name>
                                    <proc:Cost>
                                        <proc:TotalCost>
                                            <proc:AllPriorYears>10</proc:AllPriorYears>
                                        </proc:TotalCost>
                                    </proc:Cost>
                                </proc:CostElement>
                                <proc:CostElement>
                                    <proc:Name>CSI Future Shelters support of the Hospital Centers</proc:Name>
                                    <proc:Cost>
                                        <proc:Quantity>
                                            <proc:AllPriorYears>1</proc:AllPriorYears>
                                        </proc:Quantity>
                                        <proc:TotalCost>
                                            <proc:AllPriorYears>5</proc:AllPriorYears>
                                        </proc:TotalCost>
                                        <proc:UnitCost>
                                            <proc:AllPriorYears>5000</proc:AllPriorYears>
                                        </proc:UnitCost>
                                    </proc:Cost>
                                </proc:CostElement>
                                <proc:CostElement>
                                    <proc:Name>CSI Vet Mobile X-Ray</proc:Name>
                                    <proc:Cost>
                                        <proc:Quantity>
                                            <proc:AllPriorYears>1</proc:AllPriorYears>
                                        </proc:Quantity>
                                        <proc:TotalCost>
                                            <proc:AllPriorYears>2.5</proc:AllPriorYears>
                                        </proc:TotalCost>
                                        <proc:UnitCost>
                                            <proc:AllPriorYears>2500</proc:AllPriorYears>
                                        </proc:UnitCost>
                                    </proc:Cost>
                                </proc:CostElement>
                                <proc:CostElement>
                                    <proc:Name>Reconstitute Field Hospital in ARCENT/APS-5</proc:Name>
                                    <proc:Cost>
                                        <proc:Quantity>
                                            <proc:CurrentYear>1</proc:CurrentYear>
                                        </proc:Quantity>
                                        <proc:TotalCost>
                                            <proc:CurrentYear>9.969</proc:CurrentYear>
                                        </proc:TotalCost>
                                        <proc:UnitCost>
                                            <proc:CurrentYear>9969</proc:CurrentYear>
                                        </proc:UnitCost>
                                    </proc:Cost>
                                </proc:CostElement>
                                <proc:CostElement>
                                    <proc:Name>Ukraine President Drawdown for APS-2 MES Sets</proc:Name>
                                    <proc:Cost>
                                        <proc:Quantity>
                                            <proc:AllPriorYears>1</proc:AllPriorYears>
                                        </proc:Quantity>
                                        <proc:TotalCost>
                                            <proc:AllPriorYears>17.63</proc:AllPriorYears>
                                        </proc:TotalCost>
                                        <proc:UnitCost>
                                            <proc:AllPriorYears>17630</proc:AllPriorYears>
                                        </proc:UnitCost>
                                    </proc:Cost>
                                </proc:CostElement>
                            </proc:CostElementList>
                            <proc:CategorySubtotal>
                                <proc:TotalCost>
                                    <proc:AllPriorYears>35.13</proc:AllPriorYears>
                                    <proc:CurrentYear>9.969</proc:CurrentYear>
                                </proc:TotalCost>
                            </proc:CategorySubtotal>
                        </proc:NonRecurring>
                        <proc:CategorySubtotal>
                            <proc:TotalCost>
                                <proc:AllPriorYears>1421.864</proc:AllPriorYears>
                                <proc:PriorYear>68.874</proc:PriorYear>
                                <proc:CurrentYear>54.738</proc:CurrentYear>
                                <proc:BudgetYearOneBase>99.567</proc:BudgetYearOneBase>
                                <proc:BudgetYearOne>99.567</proc:BudgetYearOne>
                            </proc:TotalCost>
                        </proc:CategorySubtotal>
                    </proc:Flyaway>
                </proc:CostElementCategoryList>
                <proc:OverallHistoryPlanningRemarks>Equipment is Commercial Products / Government Off the Shelf (GOTS), therefore is ordered on an as needed basis to manage program most effectively.

Flyaway costs include the DLA surcharge.  The DLA surcharge is the DLA Cost recovery Rate for SMS, 41.5%, which includes cost to set up/manage contracts, hipping, handling for each item, and any inventory costs. (Latest estimate from DLA Troop Support.)  The Cost Recovery Rate (CRR) is the amount added to the cost of an item to recover costs associated with purchasing and selling supplies to the customer.  These costs include operating costs such as payroll, shipping, storage, accounting, and cataloging as well as recovery or return of prior year operating results and any necessary capital or cash surcharges.</proc:OverallHistoryPlanningRemarks>
            </proc:P5Item>
            <proc:P5Item>
                <proc:Name>MEDICAL TREATMENT</proc:Name>
                <proc:ItemNumber>Q10011</proc:ItemNumber>
                <proc:SecondaryDistribution>
                    <proc:ComponentList>
                        <proc:Component>
                            <proc:Name>Army Active</proc:Name>
                            <proc:Cost>
                                <proc:Quantity>
                                    <proc:PriorYear>300</proc:PriorYear>
                                    <proc:CurrentYear>669</proc:CurrentYear>
                                </proc:Quantity>
                                <proc:TotalCost>
                                    <proc:PriorYear>9.109</proc:PriorYear>
                                    <proc:CurrentYear>6.407</proc:CurrentYear>
                                </proc:TotalCost>
                            </proc:Cost>
                        </proc:Component>
                        <proc:Component>
                            <proc:Name>Army National Guard</proc:Name>
                            <proc:Cost>
                                <proc:Quantity>
                                    <proc:PriorYear>94</proc:PriorYear>
                                    <proc:CurrentYear>477</proc:CurrentYear>
                                </proc:Quantity>
                                <proc:TotalCost>
                                    <proc:PriorYear>0.765</proc:PriorYear>
                                    <proc:CurrentYear>5.296</proc:CurrentYear>
                                </proc:TotalCost>
                            </proc:Cost>
                        </proc:Component>
                        <proc:Component>
                            <proc:Name>Army Reserve</proc:Name>
                            <proc:Cost>
                                <proc:Quantity>
                                    <proc:PriorYear>20</proc:PriorYear>
                                    <proc:CurrentYear>432</proc:CurrentYear>
                                </proc:Quantity>
                                <proc:TotalCost>
                                    <proc:PriorYear>0.463</proc:PriorYear>
                                    <proc:CurrentYear>3.725</proc:CurrentYear>
                                </proc:TotalCost>
                            </proc:Cost>
                        </proc:Component>
                    </proc:ComponentList>
                </proc:SecondaryDistribution>
                <proc:Remarks>Prior to FY 2022, requirements and funding for Line Item Q10011 - Medical Treatment was included within Line Item MB1100 - Field Medical Equipment ASIOE. Starting in FY 2022, requirements and funding for this functional area are included within this Line Item.

Starting in FY 2026 - All funds from this line have moved to Line Item MB1100 - Field Medical Equipment ASIOE</proc:Remarks>
                <proc:ResourceSummary>
                    <proc:Quantity>
                        <proc:AllPriorYears>1075</proc:AllPriorYears>
                        <proc:PriorYear>414</proc:PriorYear>
                        <proc:CurrentYear>1578</proc:CurrentYear>
                    </proc:Quantity>
                    <proc:TotalCost>
                        <proc:AllPriorYears>16.302</proc:AllPriorYears>
                        <proc:PriorYear>10.337</proc:PriorYear>
                        <proc:CurrentYear>15.428</proc:CurrentYear>
                    </proc:TotalCost>
                    <proc:UnitCost>
                        <proc:AllPriorYears>15.165</proc:AllPriorYears>
                        <proc:PriorYear>24.969</proc:PriorYear>
                        <proc:CurrentYear>9.777</proc:CurrentYear>
                    </proc:UnitCost>
                    <proc:NetProcurementP1>
                        <proc:AllPriorYears>16.302</proc:AllPriorYears>
                        <proc:PriorYear>10.337</proc:PriorYear>
                        <proc:CurrentYear>15.428</proc:CurrentYear>
                    </proc:NetProcurementP1>
                    <proc:TotalObligationAuthority>
                        <proc:AllPriorYears>16.302</proc:AllPriorYears>
                        <proc:PriorYear>10.337</proc:PriorYear>
                        <proc:CurrentYear>15.428</proc:CurrentYear>
                    </proc:TotalObligationAuthority>
                </proc:ResourceSummary>
                <proc:CostElementCategoryList>
                    <proc:Flyaway>
                        <proc:Recurring>
                            <proc:CostElementList>
                                <proc:CostElement>
                                    <proc:Name>DLA SMS Fees</proc:Name>
                                    <proc:Cost>
                                        <proc:Quantity>
                                            <proc:AllPriorYears>2</proc:AllPriorYears>
                                            <proc:PriorYear>1</proc:PriorYear>
                                        </proc:Quantity>
                                        <proc:TotalCost>
                                            <proc:AllPriorYears>3.694</proc:AllPriorYears>
                                            <proc:PriorYear>1.209</proc:PriorYear>
                                        </proc:TotalCost>
                                        <proc:UnitCost>
                                            <proc:AllPriorYears>1847.106</proc:AllPriorYears>
                                            <proc:PriorYear>1209</proc:PriorYear>
                                        </proc:UnitCost>
                                    </proc:Cost>
                                </proc:CostElement>
                                <proc:CostElement>
                                    <proc:Name>MEDICAL TREATMENT</proc:Name>
                                    <proc:Cost>
                                        <proc:Quantity>
                                            <proc:AllPriorYears>2</proc:AllPriorYears>
                                            <proc:PriorYear>1</proc:PriorYear>
                                            <proc:CurrentYear>1</proc:CurrentYear>
                                        </proc:Quantity>
                                        <proc:TotalCost>
                                            <proc:AllPriorYears>12.608</proc:AllPriorYears>
                                            <proc:PriorYear>9.128</proc:PriorYear>
                                            <proc:CurrentYear>15.428</proc:CurrentYear>
                                        </proc:TotalCost>
                                        <proc:UnitCost>
                                            <proc:AllPriorYears>6304.023</proc:AllPriorYears>
                                            <proc:PriorYear>9127.816</proc:PriorYear>
                                            <proc:CurrentYear>15428</proc:CurrentYear>
                                        </proc:UnitCost>
                                    </proc:Cost>
                                </proc:CostElement>
                            </proc:CostElementList>
                            <proc:CategorySubtotal>
                                <proc:TotalCost>
                                    <proc:AllPriorYears>16.302</proc:AllPriorYears>
                                    <proc:PriorYear>10.337</proc:PriorYear>
                                    <proc:CurrentYear>15.428</proc:CurrentYear>
                                </proc:TotalCost>
                            </proc:CategorySubtotal>
                        </proc:Recurring>
                        <proc:CategorySubtotal>
                            <proc:TotalCost>
                                <proc:AllPriorYears>16.302</proc:AllPriorYears>
                                <proc:PriorYear>10.337</proc:PriorYear>
                                <proc:CurrentYear>15.428</proc:CurrentYear>
                            </proc:TotalCost>
                        </proc:CategorySubtotal>
                    </proc:Flyaway>
                </proc:CostElementCategoryList>
            </proc:P5Item>
            <proc:P5Item>
                <proc:Name>MEDICAL EVACUATION</proc:Name>
                <proc:ItemNumber>Q13015</proc:ItemNumber>
                <proc:SecondaryDistribution>
                    <proc:ComponentList>
                        <proc:Component>
                            <proc:Name>Army Active</proc:Name>
                            <proc:Cost>
                                <proc:Quantity>
                                    <proc:PriorYear>386</proc:PriorYear>
                                    <proc:CurrentYear>26</proc:CurrentYear>
                                </proc:Quantity>
                                <proc:TotalCost>
                                    <proc:PriorYear>7.618</proc:PriorYear>
                                    <proc:CurrentYear>0.624</proc:CurrentYear>
                                </proc:TotalCost>
                            </proc:Cost>
                        </proc:Component>
                        <proc:Component>
                            <proc:Name>Army National Guard</proc:Name>
                            <proc:Cost>
                                <proc:Quantity>
                                    <proc:CurrentYear>43</proc:CurrentYear>
                                </proc:Quantity>
                                <proc:TotalCost>
                                    <proc:CurrentYear>1.367</proc:CurrentYear>
                                </proc:TotalCost>
                            </proc:Cost>
                        </proc:Component>
                    </proc:ComponentList>
                </proc:SecondaryDistribution>
                <proc:Remarks>Prior to FY 2022, requirements and funding for Line Item Q10011 - Medical Treatment was included within Line Item MB1100 - Field Medical Equipment ASIOE. Starting in FY 2022, requirements and funding for this functional area are included within this Line Item.

Starting in FY 2026 - All funds from this line have moved to Line Item MB1100 - Field Medical Equipment ASIOE</proc:Remarks>
                <proc:ResourceSummary>
                    <proc:Quantity>
                        <proc:AllPriorYears>1711</proc:AllPriorYears>
                        <proc:PriorYear>386</proc:PriorYear>
                        <proc:CurrentYear>69</proc:CurrentYear>
                    </proc:Quantity>
                    <proc:TotalCost>
                        <proc:AllPriorYears>44.733</proc:AllPriorYears>
                        <proc:PriorYear>7.618</proc:PriorYear>
                        <proc:CurrentYear>1.991</proc:CurrentYear>
                    </proc:TotalCost>
                    <proc:UnitCost>
                        <proc:AllPriorYears>26.144</proc:AllPriorYears>
                        <proc:PriorYear>19.736</proc:PriorYear>
                        <proc:CurrentYear>28.855</proc:CurrentYear>
                    </proc:UnitCost>
                    <proc:NetProcurementP1>
                        <proc:AllPriorYears>44.733</proc:AllPriorYears>
                        <proc:PriorYear>7.618</proc:PriorYear>
                        <proc:CurrentYear>1.991</proc:CurrentYear>
                    </proc:NetProcurementP1>
                    <proc:TotalObligationAuthority>
                        <proc:AllPriorYears>44.733</proc:AllPriorYears>
                        <proc:PriorYear>7.618</proc:PriorYear>
                        <proc:CurrentYear>1.991</proc:CurrentYear>
                    </proc:TotalObligationAuthority>
                </proc:ResourceSummary>
                <proc:CostElementCategoryList>
                    <proc:Flyaway>
                        <proc:Recurring>
                            <proc:CostElementList>
                                <proc:CostElement>
                                    <proc:Name>Medical Evacuation</proc:Name>
                                    <proc:Cost>
                                        <proc:Quantity>
                                            <proc:AllPriorYears>2</proc:AllPriorYears>
                                            <proc:PriorYear>1</proc:PriorYear>
                                            <proc:CurrentYear>1</proc:CurrentYear>
                                        </proc:Quantity>
                                        <proc:TotalCost>
                                            <proc:AllPriorYears>35.124</proc:AllPriorYears>
                                            <proc:PriorYear>7.559</proc:PriorYear>
                                            <proc:CurrentYear>1.991</proc:CurrentYear>
                                        </proc:TotalCost>
                                        <proc:UnitCost>
                                            <proc:AllPriorYears>17561.762</proc:AllPriorYears>
                                            <proc:PriorYear>7559.292</proc:PriorYear>
                                            <proc:CurrentYear>1991</proc:CurrentYear>
                                        </proc:UnitCost>
                                    </proc:Cost>
                                </proc:CostElement>
                                <proc:CostElement>
                                    <proc:Name>MEDEVAC MEP</proc:Name>
                                    <proc:Cost>
                                        <proc:Quantity>
                                            <proc:AllPriorYears>1</proc:AllPriorYears>
                                        </proc:Quantity>
                                        <proc:TotalCost>
                                            <proc:AllPriorYears>7.634</proc:AllPriorYears>
                                        </proc:TotalCost>
                                        <proc:UnitCost>
                                            <proc:AllPriorYears>7633.952</proc:AllPriorYears>
                                        </proc:UnitCost>
                                    </proc:Cost>
                                </proc:CostElement>
                                <proc:CostElement>
                                    <proc:Name>DLA SMS Fees</proc:Name>
                                    <proc:Cost>
                                        <proc:Quantity>
                                            <proc:AllPriorYears>1</proc:AllPriorYears>
                                            <proc:PriorYear>1</proc:PriorYear>
                                        </proc:Quantity>
                                        <proc:TotalCost>
                                            <proc:AllPriorYears>1.975</proc:AllPriorYears>
                                            <proc:PriorYear>0.059</proc:PriorYear>
                                        </proc:TotalCost>
                                        <proc:UnitCost>
                                            <proc:AllPriorYears>1975</proc:AllPriorYears>
                                            <proc:PriorYear>59</proc:PriorYear>
                                        </proc:UnitCost>
                                    </proc:Cost>
                                </proc:CostElement>
                            </proc:CostElementList>
                            <proc:CategorySubtotal>
                                <proc:TotalCost>
                                    <proc:AllPriorYears>44.732</proc:AllPriorYears>
                                    <proc:PriorYear>7.618</proc:PriorYear>
                                    <proc:CurrentYear>1.991</proc:CurrentYear>
                                </proc:TotalCost>
                            </proc:CategorySubtotal>
                        </proc:Recurring>
                        <proc:CategorySubtotal>
                            <proc:TotalCost>
                                <proc:AllPriorYears>44.732</proc:AllPriorYears>
                                <proc:PriorYear>7.618</proc:PriorYear>
                                <proc:CurrentYear>1.991</proc:CurrentYear>
                            </proc:TotalCost>
                        </proc:CategorySubtotal>
                    </proc:Flyaway>
                </proc:CostElementCategoryList>
            </proc:P5Item>
        </proc:ItemExhibitList>
        <proc:DocumentAssemblyOptions>
            <proc:p40AItemScheduleSetting>item</proc:p40AItemScheduleSetting>
        </proc:DocumentAssemblyOptions>
    </proc:LineItem>
</proc:LineItemList>