<?xml version="1.0" encoding="UTF-8"?>
<proc:LineItemList xmlns:proc="http://www.dtic.mil/comptroller/xml/schema/20100219/procurement">
    <proc:LineItem quantityUnits="Each" quantityUnitName="Each" unitCostUnits="Thousands" totalCostUnits="Millions" manufacturerRateUnits="Monthly">
        <proc:LineItemNumber>0155K35110</proc:LineItemNumber>
        <proc:LineItemTitle>Small Tactical Optical Rifle Mounted MLRF</proc:LineItemTitle>
        <proc:P1LineNumber>98</proc:P1LineNumber>
        <proc:BudgetYear>2026</proc:BudgetYear>
        <proc:BudgetCycle>PB</proc:BudgetCycle>
        <proc:SubmissionDate>2025-06</proc:SubmissionDate>
        <proc:ServiceAgencyName>Army</proc:ServiceAgencyName>
        <proc:AppropriationNumber>2035A</proc:AppropriationNumber>
        <proc:AppropriationTitle>Other Procurement, Army</proc:AppropriationTitle>
        <proc:BudgetActivityNumber>2</proc:BudgetActivityNumber>
        <proc:BudgetActivityTitle>Communications and Electronics Equipment</proc:BudgetActivityTitle>
        <proc:BudgetSubActivityNumber>86</proc:BudgetSubActivityNumber>
        <proc:BudgetSubActivityTitle>Elect Equip - Tactical Surv. (Tac Surv)</proc:BudgetSubActivityTitle>
        <proc:ResourceSummary>
            <proc:Quantity>
                <proc:AllPriorYears>2785</proc:AllPriorYears>
                <proc:PriorYear>1066</proc:PriorYear>
                <proc:CurrentYear>680</proc:CurrentYear>
            </proc:Quantity>
            <proc:TotalCost>
                <proc:AllPriorYears>223.192</proc:AllPriorYears>
                <proc:PriorYear>15.484</proc:PriorYear>
                <proc:CurrentYear>10.864</proc:CurrentYear>
                <proc:BudgetYearOneBase>2.111</proc:BudgetYearOneBase>
                <proc:BudgetYearOne>2.111</proc:BudgetYearOne>
            </proc:TotalCost>
            <proc:UnitCost>
                <proc:AllPriorYears>80.141</proc:AllPriorYears>
                <proc:PriorYear>14.525</proc:PriorYear>
                <proc:CurrentYear>15.976</proc:CurrentYear>
            </proc:UnitCost>
            <proc:NetProcurementP1>
                <proc:AllPriorYears>223.192</proc:AllPriorYears>
                <proc:PriorYear>15.484</proc:PriorYear>
                <proc:CurrentYear>10.864</proc:CurrentYear>
                <proc:BudgetYearOneBase>2.111</proc:BudgetYearOneBase>
                <proc:BudgetYearOne>2.111</proc:BudgetYearOne>
            </proc:NetProcurementP1>
            <proc:TotalObligationAuthority>
                <proc:AllPriorYears>223.192</proc:AllPriorYears>
                <proc:PriorYear>15.484</proc:PriorYear>
                <proc:CurrentYear>10.864</proc:CurrentYear>
                <proc:BudgetYearOneBase>2.111</proc:BudgetYearOneBase>
                <proc:BudgetYearOne>2.111</proc:BudgetYearOne>
            </proc:TotalObligationAuthority>
        </proc:ResourceSummary>
        <proc:Code>A</proc:Code>
        <proc:OtherRelatedProgramElementList>
            <proc:ProgramElementNumber>0604710A</proc:ProgramElementNumber>
        </proc:OtherRelatedProgramElementList>
        <proc:SecondaryDistribution>
            <proc:ComponentList>
                <proc:Component>
                    <proc:Name>Army Active</proc:Name>
                    <proc:Cost>
                        <proc:Quantity>
                            <proc:PriorYear>700</proc:PriorYear>
                            <proc:CurrentYear>680</proc:CurrentYear>
                        </proc:Quantity>
                        <proc:TotalCost>
                            <proc:PriorYear>10.344</proc:PriorYear>
                            <proc:CurrentYear>10.864</proc:CurrentYear>
                            <proc:BudgetYearOneBase>2.111</proc:BudgetYearOneBase>
                            <proc:BudgetYearOne>2.111</proc:BudgetYearOne>
                        </proc:TotalCost>
                    </proc:Cost>
                </proc:Component>
                <proc:Component>
                    <proc:Name>Army National Guard</proc:Name>
                    <proc:Cost>
                        <proc:Quantity>
                            <proc:PriorYear>366</proc:PriorYear>
                        </proc:Quantity>
                        <proc:TotalCost>
                            <proc:PriorYear>5.14</proc:PriorYear>
                        </proc:TotalCost>
                    </proc:Cost>
                </proc:Component>
            </proc:ComponentList>
            <proc:TotalCost>
                <proc:Quantity>
                    <proc:PriorYear>1066</proc:PriorYear>
                    <proc:CurrentYear>680</proc:CurrentYear>
                </proc:Quantity>
                <proc:TotalCost>
                    <proc:PriorYear>15.484</proc:PriorYear>
                    <proc:CurrentYear>10.864</proc:CurrentYear>
                    <proc:BudgetYearOneBase>2.111</proc:BudgetYearOneBase>
                    <proc:BudgetYearOne>2.111</proc:BudgetYearOne>
                </proc:TotalCost>
            </proc:TotalCost>
        </proc:SecondaryDistribution>
        <proc:Description>This funding line provides support to the Close Combat Soldier in the area of situational awareness.  The Small Tactical Optical Rifle Mounted (STORM) Micro-Laser Rangefinder (MLRF) is a weapon-mounted, multi-function laser system. It provides an eye safe laser rangefinder, digital compass, Infrared (IR) and visible aiming lights, and an IR illuminator for far target location with continuous range, accuracy, weight and power performance enhanced capabilities. STORM is a  laser range finder supporting squad and unit level formations. When connected to a Precision Lightweight Global Receiver/Defense Advanced Global Positioning System (GPS) Receiver (PLGR/DAGR), the STORM provides range and direction information to develop accurate and timely far target locations. The STORM addresses the lack of depth perception for night applications through use of its IR illuminator and rangefinder. The latest STORM variant includes a ballistic calculator for Soldiers. 

Funding in this project aligns with the National Defense Strategy.

The Army Acquisition Objective (AAO) for this program is 15,570.</proc:Description>
        <proc:Justification>FY 2026 Base procurement dollars in the amount of $2.111 million supports the prioritized fielding of STORM II systems to Snipers, Mortar, Institutional Training Requirements, USASOC and Air Defense Dismounted authorizations. Also funds the prime contractor to provide Interim Contractor Maintenance Support, track potential parts obsolescence, track trends in field usage and repair data, conduct annual reliability testing and, if required, make updates to the system.</proc:Justification>
        <proc:DocumentAssemblyOptions>
            <proc:p40AItemScheduleSetting>item</proc:p40AItemScheduleSetting>
        </proc:DocumentAssemblyOptions>
    </proc:LineItem>
</proc:LineItemList>