<?xml version="1.0" encoding="UTF-8"?>
<proc:LineItemList xmlns:proc="http://www.dtic.mil/comptroller/xml/schema/20100219/procurement">
    <proc:LineItem quantityUnits="Each" quantityUnitName="Each" unitCostUnits="Thousands" totalCostUnits="Millions" manufacturerRateUnits="Yearly">
        <proc:LineItemNumber>9301H37300</proc:LineItemNumber>
        <proc:LineItemTitle>AIAMD FAMILY OF SYSTEMS (FOS) COMPONENTS</proc:LineItemTitle>
        <proc:P1LineNumber>117</proc:P1LineNumber>
        <proc:BudgetYear>2026</proc:BudgetYear>
        <proc:BudgetCycle>PB</proc:BudgetCycle>
        <proc:SubmissionDate>2025-06</proc:SubmissionDate>
        <proc:ServiceAgencyName>Army</proc:ServiceAgencyName>
        <proc:AppropriationNumber>2035A</proc:AppropriationNumber>
        <proc:AppropriationTitle>Other Procurement, Army</proc:AppropriationTitle>
        <proc:BudgetActivityNumber>2</proc:BudgetActivityNumber>
        <proc:BudgetActivityTitle>Communications and Electronics Equipment</proc:BudgetActivityTitle>
        <proc:BudgetSubActivityNumber>89</proc:BudgetSubActivityNumber>
        <proc:BudgetSubActivityTitle>Elect Equip - Tactical C2 Systems</proc:BudgetSubActivityTitle>
        <proc:ResourceSummary>
            <proc:Quantity>
                <proc:CurrentYear>1</proc:CurrentYear>
                <proc:BudgetYearOneBase>10</proc:BudgetYearOneBase>
                <proc:BudgetYearOne>10</proc:BudgetYearOne>
            </proc:Quantity>
            <proc:TotalCost>
                <proc:CurrentYear>2.756</proc:CurrentYear>
                <proc:BudgetYearOneBase>31.016</proc:BudgetYearOneBase>
                <proc:BudgetYearOne>31.016</proc:BudgetYearOne>
            </proc:TotalCost>
            <proc:UnitCost>
                <proc:CurrentYear>2756</proc:CurrentYear>
                <proc:BudgetYearOneBase>3101.6</proc:BudgetYearOneBase>
                <proc:BudgetYearOne>3101.6</proc:BudgetYearOne>
            </proc:UnitCost>
            <proc:NetProcurementP1>
                <proc:CurrentYear>2.756</proc:CurrentYear>
                <proc:BudgetYearOneBase>31.016</proc:BudgetYearOneBase>
                <proc:BudgetYearOne>31.016</proc:BudgetYearOne>
            </proc:NetProcurementP1>
            <proc:TotalObligationAuthority>
                <proc:CurrentYear>2.756</proc:CurrentYear>
                <proc:BudgetYearOneBase>31.016</proc:BudgetYearOneBase>
                <proc:BudgetYearOne>31.016</proc:BudgetYearOne>
            </proc:TotalObligationAuthority>
        </proc:ResourceSummary>
        <proc:SecondaryDistribution>
            <proc:ComponentList>
                <proc:Component>
                    <proc:Name>Army Active</proc:Name>
                    <proc:Cost>
                        <proc:Quantity>
                            <proc:CurrentYear>1</proc:CurrentYear>
                            <proc:BudgetYearOneBase>10</proc:BudgetYearOneBase>
                            <proc:BudgetYearOne>10</proc:BudgetYearOne>
                        </proc:Quantity>
                        <proc:TotalCost>
                            <proc:CurrentYear>2.756</proc:CurrentYear>
                            <proc:BudgetYearOneBase>31.016</proc:BudgetYearOneBase>
                            <proc:BudgetYearOne>31.016</proc:BudgetYearOne>
                        </proc:TotalCost>
                    </proc:Cost>
                </proc:Component>
            </proc:ComponentList>
            <proc:TotalCost>
                <proc:Quantity>
                    <proc:CurrentYear>1</proc:CurrentYear>
                    <proc:BudgetYearOneBase>10</proc:BudgetYearOneBase>
                    <proc:BudgetYearOne>10</proc:BudgetYearOne>
                </proc:Quantity>
                <proc:TotalCost>
                    <proc:CurrentYear>2.756</proc:CurrentYear>
                    <proc:BudgetYearOneBase>31.016</proc:BudgetYearOneBase>
                    <proc:BudgetYearOne>31.016</proc:BudgetYearOne>
                </proc:TotalCost>
            </proc:TotalCost>
        </proc:SecondaryDistribution>
        <proc:Description>This funding line is directly aligned to the U.S. Army Air and Missile Defense (AMD) Modernization Priority. The Army Integrated Air and Missile Defense (AIAMD) program is a designated Major Defense Acquisition Program (MDAP), a critical component of the Army's AMD strategy, and is a top AMD Cross Functional Team modernization priority program.

AIAMD is directly aligned to the U.S. Army Air and Missile Defense (AMD) Modernization Priority.  The AIAMD program is a direct response to the U.S. Army AMD Concept and Operational and Organizational (O&amp;O) Plan for the Future Force, the AIAMD System of Systems (SoS) Capabilities Development Document (CDD) and the AMD Task Force Concept of Operations (CONOPS) and a top Cross Functional Team Priority. The AIAMD Program is uniquely structured to enable the development of an overarching SoS capability with all participating Department of Defense (DoD) Air Defense Artillery (ADA) components functioning interdependently to provide total operational capabilities not achievable by the individual element systems.  This funding will optimize effort to modernize air defense systems under an Integrated Fires architecture to manage and defend the battlespace in a joint environment against complex threats using the Integrated Battle Command System (IBCS) as the centerpiece. As more sensors and interceptors are integrated with IBCS per the 1-N list, the Army's integrated air and missile defense system will multiply its effectiveness by leveraging the best sensors and best interceptors to engage threats.

This funding line provides for procurement of the RIG-360 component to include Government Furnished Equipment that provides uplinker capability for both the PAC 3/MSE and IFPC family of interceptors.   

Remote Interceptor Guidance 360 (RIG-360) is a software-defined, X-band missile communications device that provides full hemispherical, 360-degree in-flight communications with IAMD Composite Task Force interceptors including the PATRIOT Advanced Capability 3 (PAC-3) family of interceptors. The RIG-360 adds capability to the AIAMD architecture by unlocking the full kinematic potential of the PAC-3 family of interceptors providing full 360-degree coverage against attacking non-ballistic threats.  The system expands the Warfighter's area of control and increases AMD effectiveness.  RIG's 360-degree engagement capability leverages sensors integrated within the IBCS architecture and integrates an interceptor datalink device as a network component. Integration of an independent, adapted IFPC Uplinker into IBCS will support PAC-3/MSE and IPFC Family of Interceptor engagements and advances IAMD goals of pairing any sensor with best shooter.</proc:Description>
        <proc:Justification>FY 2026 Base procurement dollars in the amount of $31.016 million supports the procurement of Army Standard Prime Movers and Generators provided as GFE to support Low Rate Production.</proc:Justification>
        <proc:ItemExhibitList>
            <proc:P5Item>
                <proc:Name>UPLINKER</proc:Name>
                <proc:ItemNumber>H37311</proc:ItemNumber>
                <proc:SecondaryDistribution>
                    <proc:ComponentList>
                        <proc:Component>
                            <proc:Name>Army Active</proc:Name>
                            <proc:Cost>
                                <proc:Quantity>
                                    <proc:CurrentYear>1</proc:CurrentYear>
                                    <proc:BudgetYearOneBase>10</proc:BudgetYearOneBase>
                                    <proc:BudgetYearOne>10</proc:BudgetYearOne>
                                </proc:Quantity>
                                <proc:TotalCost>
                                    <proc:CurrentYear>2.756</proc:CurrentYear>
                                    <proc:BudgetYearOneBase>31.016</proc:BudgetYearOneBase>
                                    <proc:BudgetYearOne>31.016</proc:BudgetYearOne>
                                </proc:TotalCost>
                            </proc:Cost>
                        </proc:Component>
                    </proc:ComponentList>
                </proc:SecondaryDistribution>
                <proc:Remarks>The quantities on the P-40 are not correct. The funding requested in FY26 supports the Government Furnished Equipment required to support the Army End Item Interchange policy requirement for Component Major Item. The GFE consists of Prime Movers and Generators of varying unit costs.</proc:Remarks>
                <proc:ResourceSummary>
                    <proc:Quantity>
                        <proc:CurrentYear>1</proc:CurrentYear>
                        <proc:BudgetYearOneBase>10</proc:BudgetYearOneBase>
                        <proc:BudgetYearOne>10</proc:BudgetYearOne>
                    </proc:Quantity>
                    <proc:TotalCost>
                        <proc:CurrentYear>2.756</proc:CurrentYear>
                        <proc:BudgetYearOneBase>31.016</proc:BudgetYearOneBase>
                        <proc:BudgetYearOne>31.016</proc:BudgetYearOne>
                    </proc:TotalCost>
                    <proc:UnitCost>
                        <proc:CurrentYear>2756</proc:CurrentYear>
                        <proc:BudgetYearOneBase>3101.6</proc:BudgetYearOneBase>
                        <proc:BudgetYearOne>3101.6</proc:BudgetYearOne>
                    </proc:UnitCost>
                    <proc:NetProcurementP1>
                        <proc:CurrentYear>2.756</proc:CurrentYear>
                        <proc:BudgetYearOneBase>31.016</proc:BudgetYearOneBase>
                        <proc:BudgetYearOne>31.016</proc:BudgetYearOne>
                    </proc:NetProcurementP1>
                    <proc:TotalObligationAuthority>
                        <proc:CurrentYear>2.756</proc:CurrentYear>
                        <proc:BudgetYearOneBase>31.016</proc:BudgetYearOneBase>
                        <proc:BudgetYearOne>31.016</proc:BudgetYearOne>
                    </proc:TotalObligationAuthority>
                </proc:ResourceSummary>
                <proc:CostElementCategoryList>
                    <proc:Hardware>
                        <proc:Recurring>
                            <proc:CostElementList>
                                <proc:CostElement>
                                    <proc:Name>Government Furnished Equipment</proc:Name>
                                    <proc:Cost>
                                        <proc:TotalCost>
                                            <proc:CurrentYear>2.756</proc:CurrentYear>
                                            <proc:BudgetYearOneBase>31.016</proc:BudgetYearOneBase>
                                            <proc:BudgetYearOne>31.016</proc:BudgetYearOne>
                                        </proc:TotalCost>
                                    </proc:Cost>
                                </proc:CostElement>
                            </proc:CostElementList>
                            <proc:CategorySubtotal>
                                <proc:TotalCost>
                                    <proc:CurrentYear>2.756</proc:CurrentYear>
                                    <proc:BudgetYearOneBase>31.016</proc:BudgetYearOneBase>
                                    <proc:BudgetYearOne>31.016</proc:BudgetYearOne>
                                </proc:TotalCost>
                            </proc:CategorySubtotal>
                        </proc:Recurring>
                        <proc:CategorySubtotal>
                            <proc:TotalCost>
                                <proc:CurrentYear>2.756</proc:CurrentYear>
                                <proc:BudgetYearOneBase>31.016</proc:BudgetYearOneBase>
                                <proc:BudgetYearOne>31.016</proc:BudgetYearOne>
                            </proc:TotalCost>
                        </proc:CategorySubtotal>
                    </proc:Hardware>
                </proc:CostElementCategoryList>
            </proc:P5Item>
        </proc:ItemExhibitList>
        <proc:DocumentAssemblyOptions>
            <proc:p40AItemScheduleSetting>item</proc:p40AItemScheduleSetting>
        </proc:DocumentAssemblyOptions>
    </proc:LineItem>
</proc:LineItemList>