<?xml version="1.0" encoding="UTF-8"?>
<proc:LineItemList xmlns:proc="http://www.dtic.mil/comptroller/xml/schema/20100219/procurement">
    <proc:LineItem quantityUnits="Each" quantityUnitName="Each" unitCostUnits="Thousands" totalCostUnits="Millions" manufacturerRateUnits="Monthly">
        <proc:LineItemNumber>0010I24000</proc:LineItemNumber>
        <proc:LineItemTitle>COUNTER-SMALL UNMANNED AERIAL SYSTEM (C-SUAS)</proc:LineItemTitle>
        <proc:P1LineNumber>207</proc:P1LineNumber>
        <proc:BudgetYear>2026</proc:BudgetYear>
        <proc:BudgetCycle>PB</proc:BudgetCycle>
        <proc:SubmissionDate>2025-06</proc:SubmissionDate>
        <proc:ServiceAgencyName>Army</proc:ServiceAgencyName>
        <proc:AppropriationNumber>2035A</proc:AppropriationNumber>
        <proc:AppropriationTitle>Other Procurement, Army</proc:AppropriationTitle>
        <proc:BudgetActivityNumber>6</proc:BudgetActivityNumber>
        <proc:BudgetActivityTitle>Agile Portfolio Management</proc:BudgetActivityTitle>
        <proc:BudgetSubActivityNumber>10</proc:BudgetSubActivityNumber>
        <proc:BudgetSubActivityTitle>Agile Portfolio Management</proc:BudgetSubActivityTitle>
        <proc:ResourceSummary>
            <proc:Quantity>
                <proc:BudgetYearOneBase>224</proc:BudgetYearOneBase>
                <proc:BudgetYearOneOOC>161</proc:BudgetYearOneOOC>
                <proc:BudgetYearOne>385</proc:BudgetYearOne>
            </proc:Quantity>
            <proc:TotalCost>
                <proc:BudgetYearOneBase>284.897</proc:BudgetYearOneBase>
                <proc:BudgetYearOneOOC>21.671</proc:BudgetYearOneOOC>
                <proc:BudgetYearOne>306.568</proc:BudgetYearOne>
            </proc:TotalCost>
            <proc:UnitCost>
                <proc:BudgetYearOneBase>1271.862</proc:BudgetYearOneBase>
                <proc:BudgetYearOneOOC>134.602</proc:BudgetYearOneOOC>
                <proc:BudgetYearOne>796.281</proc:BudgetYearOne>
            </proc:UnitCost>
            <proc:NetProcurementP1>
                <proc:BudgetYearOneBase>284.897</proc:BudgetYearOneBase>
                <proc:BudgetYearOneOOC>21.671</proc:BudgetYearOneOOC>
                <proc:BudgetYearOne>306.568</proc:BudgetYearOne>
            </proc:NetProcurementP1>
            <proc:TotalObligationAuthority>
                <proc:BudgetYearOneBase>284.897</proc:BudgetYearOneBase>
                <proc:BudgetYearOneOOC>21.671</proc:BudgetYearOneOOC>
                <proc:BudgetYearOne>306.568</proc:BudgetYearOne>
            </proc:TotalObligationAuthority>
        </proc:ResourceSummary>
        <proc:SecondaryDistribution>
            <proc:ComponentList>
                <proc:Component>
                    <proc:Name>Army Active</proc:Name>
                    <proc:Cost>
                        <proc:Quantity>
                            <proc:BudgetYearOneBase>224</proc:BudgetYearOneBase>
                            <proc:BudgetYearOneOOC>161</proc:BudgetYearOneOOC>
                            <proc:BudgetYearOne>385</proc:BudgetYearOne>
                        </proc:Quantity>
                        <proc:TotalCost>
                            <proc:BudgetYearOneBase>284.897</proc:BudgetYearOneBase>
                            <proc:BudgetYearOneOOC>21.671</proc:BudgetYearOneOOC>
                            <proc:BudgetYearOne>306.568</proc:BudgetYearOne>
                        </proc:TotalCost>
                    </proc:Cost>
                </proc:Component>
            </proc:ComponentList>
            <proc:TotalCost>
                <proc:Quantity>
                    <proc:BudgetYearOneBase>224</proc:BudgetYearOneBase>
                    <proc:BudgetYearOneOOC>161</proc:BudgetYearOneOOC>
                    <proc:BudgetYearOne>385</proc:BudgetYearOne>
                </proc:Quantity>
                <proc:TotalCost>
                    <proc:BudgetYearOneBase>284.897</proc:BudgetYearOneBase>
                    <proc:BudgetYearOneOOC>21.671</proc:BudgetYearOneOOC>
                    <proc:BudgetYearOne>306.568</proc:BudgetYearOne>
                </proc:TotalCost>
            </proc:TotalCost>
        </proc:SecondaryDistribution>
        <proc:Description>SSN I24016 / C-SUAS DIRECTED ENERGY is a new start within the COUNTER-SMALL UNMANNED AERIAL SYSTEM (C-SUAS) program in FY 2026

Counter Small Unmanned Aerial System (C-sUAS) is a part of the Department of Defense Capability Based (Agile) Funding pilot, which provides enhanced capabilities by fostering innovation and accelerated deployment of promising technology.

This is not a new start. The funding is an administrative realignment from:
(1)	Counter Small Unmanned Aerial System (C-SUAS) (AD0500)
(2)	Counter Small Unmanned Aerial System Intercept (C82200)

This funding line supports the Army Transformation Initiative and Homeland Defense and is an Air and Missile Defense Army modernization priority.

Advances in unmanned aircraft systems (UAS) technology and ease of accessibility increase the potential use of UAS as weapons and intelligence-gathering mechanisms against U.S. forces and Department of Defense (DoD) facilities. Funds support the procurement, training, and equipping of fixed, semi-fixed, mounted, dismounted, and handheld counter-UAS capabilities for U.S. forces and strategically-important DoD facilities worldwide. Planned counter-UAS capability procurements provide a layered defense construct against UAS threats and include a mix of electronic warfare capabilities, fire control, and kinetic and non-kinetic effectors.

The C-sUAS system-of-systems was initiated in JUN 2016 in response to Joint Urgent Operational Need (JUON) CC-0558, to detect, track, classify, evaluate, and defeat Groups 1 and 2 UAS threats. On 19 NOV 2021, the Army Requirements Oversight Council approved C-sUAS Capability Development Document (CDD) Increment 1 for C-UAS Batteries. On 1 FEB 2022, the Chief of Staff of the Army (CSA) accelerated C-sUAS procurement into FY 2022 (from FY 2023) and specified the systems and quantities for each battery. In a 30 MAR 2022 Acquisition Decision Memorandum (ADM), the Army Acquisition Executive (AAE) authorized use of the Major Capability Acquisition (MCA) pathway for five separate Acquisition Category III C-sUAS programs, including expeditionary and mobile platforms, sensors, effectors, and handheld/dismounted systems. These programs were approved for entry into the MCA pathway at post-Full Rate Production (FRP) following an 8 MAY 2024 program initiation briefing to the Milestone Decision Authority. Enduring programs are required to develop, test, evaluate, and continuously integrate solutions, to address a rapidly-emerging UAS threat that continues to grow in sophistication, range, lethality, and numbers. Both Joint and Army RDTE will develop Joint and Army-unique solutions that will be procured under this budget line.

Prior to FY 2022, C-sUAS procurement funding resided in line item 0713BZ0501 Indirect Fire Protection Family of Systems.</proc:Description>
        <proc:Justification>I24011 / C-SUAS EFFECTOR: The total FY 2026 capabilities-based funding request of $56.310 million will procure a total of 363 ea. kinetic interceptors. Base funding of $34.639 million will procure 172 ea. kinetic interceptors for one Army C-UAS Battery, to support self-protection for critical assets, facilities, and infrastructure; and 30 ea. for deployed systems in support of JUON C-0558. BOIR funding of $21.671 million will procure 161 ea. kinetic interceptors to replace interceptors expended in support of Operation Inherent Resolve (OIR). FY 2026 funds are an administrative realignment from C82200 COUNTER SMALL UNMANNED AERIAL SYSTEM INTERCEPT / C82216 C-SUAS EFFECTORS for Agile Portfolio Management. This is not a new start.

I24012 / C-SUAS LAUNCHER: The FY 2026 capabilities-based funding request will procure 22 ea. Expeditionary Launcher Systems, including 12 ea. for one Army C-UAS Battery and 10 ea. to replace deployed mobile systems (i.e., dual vehicle systems) with an expeditionary kinetic capability, and 5 ea. Quantities in the P-40 are not correct; please refer to the P-5. Mobile Launcher Systems for one Army C-UAS Battery. FY 2026 funds are an administrative realignment from C82200 COUNTER SMALL UNMANNED AERIAL SYSTEM INTERCEPT / C82217 C-SUAS LAUNCHERS for Agile Portfolio Management. This is not a new start.

I24013 / C-SUAS FIXED SITE: The FY 2026 request for C-sUAS Fixed Site includes $164,129 thousand of discretionary and $36,800 thousand of mandatory (reconciliation) for a total of $200,929 thousand. The mandatory funds procure additional Joint and Army C-sUAS capabilities for Homeland and Specified Fixed Sites (HSFS), for self-protection against small UAS threats. Further information for this reconciliation request is provided in Section 20004 (Munitions &amp; Supply Chain) of the Reconciliation Exhibit. The discretionary funds procure additional C-sUAS capabilities for HSFS locations and support upgrade of current HSFS sites to a heavy configuration, as well as providing obsolescence mitigation, sustainment spares, fielding, and Integrated Logistics Support (ILS) efforts. FY 2026 funds are an administrative realignment from AD0500 COUNTER SMALL UNMANNED AERIAL SYSTEM (C-SUAS) / AD0511 C-SUAS FIXED for Agile Portfolio Management. This is not a new start.

I24014 / C-SUAS OPERATIONS: The FY 2026 request for C-sUAS Operations includes $3,773 thousand of discretionary and $350,000 thousand of mandatory (reconciliation) for a total of $353,773 thousand. The mandatory funds will support procurement, integration, and fielding to provide one C-UAS Battery with expeditionary and mobile platforms, sensors, and handheld/dismounted C-sUAS capabilities, to enable self-protection for critical assets, facilities, and infrastructure, and include increases to support the Army Transformation Initiative and to procure Soldier Common C-sUAS handheld/dismounted systems and platform-agnostic equipment for Unit Common C-sUAS mobile solutions. Further information for this reconciliation request is provided in Section 20004 (Munitions &amp; Supply Chain) of the Reconciliation Exhibit. FY 2026 funds are an administrative realignment from AD0500 COUNTER SMALL UNMANNED AERIAL SYSTEM (C-SUAS) / AD0512 C-SUAS OPERATIONAL for Agile Portfolio Management. This is not a new start.

I24015 / C-SUAS GRND READINESS: The FY 2026 capabilities-based funding request will provide Integrated Logistics Support (ILS) in support of Family of Counter-Unmanned Aircraft Systems (FoCUS) procured in prior years. FoCUS sustainment is critical to mitigate force protection capability gaps in countering UAS threats to personnel, facilities, and infrastructure in CONUS and OCONUS locations. FY 2026 funds are an administrative realignment from AD0500 COUNTER SMALL UNMANNED AERIAL SYSTEM (C-SUAS) / AD0513 C-SUAS GROUND READINESS for Agile Portfolio Management. This is not a new start.

I24016 / C-SUAS DIRECTED ENERGY: The FY 2026 capabilities-based funding request will produce up to two Enduring High Energy Laser systems based on the Army's enduring DE integrated system test.

The FY 2026 request for C-SUAS includes $306,568 thousand of discretionary and $386,800 thousand of mandatory (reconciliation) for a total of $693,368 thousand.  The mandatory funds procure additional Joint and Army C-sUAS capabilities for Homeland and Specified Fixed Sites (HSFS), for self-protection against small UAS threats.  The mandatory funds will support procurement, integration, and fielding to provide one C-UAS Battery with expeditionary and mobile platforms, sensors, and handheld/dismounted C-sUAS capabilities, to enable self-protection for critical assets, facilities, and infrastructure, and include increases to support the Army Transformation Initiative and to procure Soldier Common C-sUAS handheld/dismounted systems and platform-agnostic equipment for Unit Common C-sUAS mobile solutions. Further information for this reconciliation request is provided in Section 20004 (Munitions &amp; Supply Chain) of the Reconciliation Exhibit.</proc:Justification>
        <proc:ItemExhibitList>
            <proc:P5Item>
                <proc:Name>C-SUAS EFFECTOR</proc:Name>
                <proc:ItemNumber>I24011</proc:ItemNumber>
                <proc:SecondaryDistribution>
                    <proc:ComponentList>
                        <proc:Component>
                            <proc:Name>Army Active</proc:Name>
                            <proc:Cost>
                                <proc:Quantity>
                                    <proc:BudgetYearOneBase>202</proc:BudgetYearOneBase>
                                    <proc:BudgetYearOneOOC>161</proc:BudgetYearOneOOC>
                                    <proc:BudgetYearOne>363</proc:BudgetYearOne>
                                </proc:Quantity>
                                <proc:TotalCost>
                                    <proc:BudgetYearOneBase>34.639</proc:BudgetYearOneBase>
                                    <proc:BudgetYearOneOOC>21.671</proc:BudgetYearOneOOC>
                                    <proc:BudgetYearOne>56.31</proc:BudgetYearOne>
                                </proc:TotalCost>
                            </proc:Cost>
                        </proc:Component>
                    </proc:ComponentList>
                </proc:SecondaryDistribution>
                <proc:ResourceSummary>
                    <proc:Quantity>
                        <proc:BudgetYearOneBase>202</proc:BudgetYearOneBase>
                        <proc:BudgetYearOneOOC>161</proc:BudgetYearOneOOC>
                        <proc:BudgetYearOne>363</proc:BudgetYearOne>
                    </proc:Quantity>
                    <proc:TotalCost>
                        <proc:BudgetYearOneBase>34.639</proc:BudgetYearOneBase>
                        <proc:BudgetYearOneOOC>21.671</proc:BudgetYearOneOOC>
                        <proc:BudgetYearOne>56.31</proc:BudgetYearOne>
                    </proc:TotalCost>
                    <proc:UnitCost>
                        <proc:BudgetYearOneBase>171.48</proc:BudgetYearOneBase>
                        <proc:BudgetYearOneOOC>134.602</proc:BudgetYearOneOOC>
                        <proc:BudgetYearOne>155.124</proc:BudgetYearOne>
                    </proc:UnitCost>
                    <proc:NetProcurementP1>
                        <proc:BudgetYearOneBase>34.639</proc:BudgetYearOneBase>
                        <proc:BudgetYearOneOOC>21.671</proc:BudgetYearOneOOC>
                        <proc:BudgetYearOne>56.31</proc:BudgetYearOne>
                    </proc:NetProcurementP1>
                    <proc:TotalObligationAuthority>
                        <proc:BudgetYearOneBase>34.639</proc:BudgetYearOneBase>
                        <proc:BudgetYearOneOOC>21.671</proc:BudgetYearOneOOC>
                        <proc:BudgetYearOne>56.31</proc:BudgetYearOne>
                    </proc:TotalObligationAuthority>
                </proc:ResourceSummary>
                <proc:CostElementCategoryList>
                    <proc:Flyaway>
                        <proc:Recurring>
                            <proc:CostElementList>
                                <proc:CostElement>
                                    <proc:Name>Kinetic Interceptor</proc:Name>
                                    <proc:Cost>
                                        <proc:Quantity>
                                            <proc:BudgetYearOneBase>202</proc:BudgetYearOneBase>
                                            <proc:BudgetYearOneOOC>161</proc:BudgetYearOneOOC>
                                            <proc:BudgetYearOne>363</proc:BudgetYearOne>
                                        </proc:Quantity>
                                        <proc:TotalCost>
                                            <proc:BudgetYearOneBase>26.808</proc:BudgetYearOneBase>
                                            <proc:BudgetYearOneOOC>21.364</proc:BudgetYearOneOOC>
                                            <proc:BudgetYearOne>48.172</proc:BudgetYearOne>
                                        </proc:TotalCost>
                                        <proc:UnitCost>
                                            <proc:BudgetYearOneBase>132.713</proc:BudgetYearOneBase>
                                            <proc:BudgetYearOneOOC>132.696</proc:BudgetYearOneOOC>
                                            <proc:BudgetYearOne>132.705</proc:BudgetYearOne>
                                        </proc:UnitCost>
                                    </proc:Cost>
                                    <proc:ManufacturerList>
                                        <proc:Manufacturer>
                                            <proc:Name>Raytheon</proc:Name>
                                            <proc:Location>Tucson, AZ</proc:Location>
                                            <proc:MinimumSustainingRate>480</proc:MinimumSustainingRate>
                                            <proc:MaximumProductionRate>1200</proc:MaximumProductionRate>
                                            <proc:Rate185>1200</proc:Rate185>
                                            <proc:InitialQuantity>
                                                <proc:AdminLeadTimeBeforeOct1InMonths>0</proc:AdminLeadTimeBeforeOct1InMonths>
                                                <proc:AdminLeadTimeAfterOct1InMonths>4</proc:AdminLeadTimeAfterOct1InMonths>
                                                <proc:ProductionLeadTimeAfterOct1InMonths>18</proc:ProductionLeadTimeAfterOct1InMonths>
                                                <proc:TotalLeadTimeAfterOct1InMonths>22</proc:TotalLeadTimeAfterOct1InMonths>
                                            </proc:InitialQuantity>
                                            <proc:ReorderQuantity>
                                                <proc:AdminLeadTimeBeforeOct1InMonths>0</proc:AdminLeadTimeBeforeOct1InMonths>
                                                <proc:AdminLeadTimeAfterOct1InMonths>4</proc:AdminLeadTimeAfterOct1InMonths>
                                                <proc:ProductionLeadTimeAfterOct1InMonths>18</proc:ProductionLeadTimeAfterOct1InMonths>
                                                <proc:TotalLeadTimeAfterOct1InMonths>22</proc:TotalLeadTimeAfterOct1InMonths>
                                            </proc:ReorderQuantity>
                                            <proc:HistoryPlanningList>
                                                <proc:HistoryPlanning>
                                                    <proc:FiscalYear>2026</proc:FiscalYear>
                                                    <proc:PCOLocation>Huntsville, AL</proc:PCOLocation>
                                                    <proc:AwardDate>2026-03</proc:AwardDate>
                                                    <proc:FirstDeliveryDate>2029-03</proc:FirstDeliveryDate>
                                                    <proc:Quantity>202</proc:Quantity>
                                                    <proc:UnitCost>132.713</proc:UnitCost>
                                                    <proc:SpecsAvailableNow>false</proc:SpecsAvailableNow>
                                                    <proc:ContractMethod>C</proc:ContractMethod>
                                                    <proc:ContractType>IDIQ</proc:ContractType>
                                                    <proc:MonthlyDeliveryScheduleList>
                                                        <proc:MonthlyDeliverySchedule>
                                                            <proc:ServiceAgencyName>Army</proc:ServiceAgencyName>
                                                            <proc:ProcQuantity>202</proc:ProcQuantity>
                                                            <proc:MonthlyDeliveryList>
                                                                <proc:MonthlyDelivery>
                                                                    <proc:Month>2029-03</proc:Month>
                                                                    <proc:Amount>28</proc:Amount>
                                                                </proc:MonthlyDelivery>
                                                                <proc:MonthlyDelivery>
                                                                    <proc:Month>2029-04</proc:Month>
                                                                    <proc:Amount>100</proc:Amount>
                                                                </proc:MonthlyDelivery>
                                                                <proc:MonthlyDelivery>
                                                                    <proc:Month>2029-05</proc:Month>
                                                                    <proc:Amount>44</proc:Amount>
                                                                </proc:MonthlyDelivery>
                                                                <proc:MonthlyDelivery>
                                                                    <proc:Month>2029-07</proc:Month>
                                                                    <proc:Amount>30</proc:Amount>
                                                                </proc:MonthlyDelivery>
                                                            </proc:MonthlyDeliveryList>
                                                        </proc:MonthlyDeliverySchedule>
                                                    </proc:MonthlyDeliveryScheduleList>
                                                    <proc:MonthlyDeliveryScheduleTotal>
                                                        <proc:ProcQuantity>202</proc:ProcQuantity>
                                                        <proc:MonthlyDeliveryList>
                                                            <proc:MonthlyDelivery>
                                                                <proc:Month>2029-03</proc:Month>
                                                                <proc:Amount>28</proc:Amount>
                                                            </proc:MonthlyDelivery>
                                                            <proc:MonthlyDelivery>
                                                                <proc:Month>2029-04</proc:Month>
                                                                <proc:Amount>100</proc:Amount>
                                                            </proc:MonthlyDelivery>
                                                            <proc:MonthlyDelivery>
                                                                <proc:Month>2029-05</proc:Month>
                                                                <proc:Amount>44</proc:Amount>
                                                            </proc:MonthlyDelivery>
                                                            <proc:MonthlyDelivery>
                                                                <proc:Month>2029-07</proc:Month>
                                                                <proc:Amount>30</proc:Amount>
                                                            </proc:MonthlyDelivery>
                                                        </proc:MonthlyDeliveryList>
                                                    </proc:MonthlyDeliveryScheduleTotal>
                                                </proc:HistoryPlanning>
                                                <proc:HistoryPlanning>
                                                    <proc:FiscalYear>2026</proc:FiscalYear>
                                                    <proc:OOC>true</proc:OOC>
                                                    <proc:PCOLocation>Huntsville, AL</proc:PCOLocation>
                                                    <proc:AwardDate>2026-03</proc:AwardDate>
                                                    <proc:FirstDeliveryDate>2029-05</proc:FirstDeliveryDate>
                                                    <proc:Quantity>161</proc:Quantity>
                                                    <proc:UnitCost>132.696</proc:UnitCost>
                                                    <proc:SpecsAvailableNow>false</proc:SpecsAvailableNow>
                                                    <proc:ContractMethod>C</proc:ContractMethod>
                                                    <proc:ContractType>IDIQ</proc:ContractType>
                                                    <proc:MonthlyDeliveryScheduleList>
                                                        <proc:MonthlyDeliverySchedule>
                                                            <proc:ServiceAgencyName>Army</proc:ServiceAgencyName>
                                                            <proc:ProcQuantity>161</proc:ProcQuantity>
                                                            <proc:MonthlyDeliveryList>
                                                                <proc:MonthlyDelivery>
                                                                    <proc:Month>2029-05</proc:Month>
                                                                    <proc:Amount>56</proc:Amount>
                                                                </proc:MonthlyDelivery>
                                                                <proc:MonthlyDelivery>
                                                                    <proc:Month>2029-06</proc:Month>
                                                                    <proc:Amount>100</proc:Amount>
                                                                </proc:MonthlyDelivery>
                                                                <proc:MonthlyDelivery>
                                                                    <proc:Month>2029-07</proc:Month>
                                                                    <proc:Amount>5</proc:Amount>
                                                                </proc:MonthlyDelivery>
                                                            </proc:MonthlyDeliveryList>
                                                        </proc:MonthlyDeliverySchedule>
                                                    </proc:MonthlyDeliveryScheduleList>
                                                    <proc:MonthlyDeliveryScheduleTotal>
                                                        <proc:ProcQuantity>161</proc:ProcQuantity>
                                                        <proc:MonthlyDeliveryList>
                                                            <proc:MonthlyDelivery>
                                                                <proc:Month>2029-05</proc:Month>
                                                                <proc:Amount>56</proc:Amount>
                                                            </proc:MonthlyDelivery>
                                                            <proc:MonthlyDelivery>
                                                                <proc:Month>2029-06</proc:Month>
                                                                <proc:Amount>100</proc:Amount>
                                                            </proc:MonthlyDelivery>
                                                            <proc:MonthlyDelivery>
                                                                <proc:Month>2029-07</proc:Month>
                                                                <proc:Amount>5</proc:Amount>
                                                            </proc:MonthlyDelivery>
                                                        </proc:MonthlyDeliveryList>
                                                    </proc:MonthlyDeliveryScheduleTotal>
                                                </proc:HistoryPlanning>
                                            </proc:HistoryPlanningList>
                                        </proc:Manufacturer>
                                    </proc:ManufacturerList>
                                </proc:CostElement>
                                <proc:CostElement>
                                    <proc:Name>Spares</proc:Name>
                                    <proc:Cost>
                                        <proc:TotalCost>
                                            <proc:BudgetYearOneBase>0.901</proc:BudgetYearOneBase>
                                            <proc:BudgetYearOneOOC>0.307</proc:BudgetYearOneOOC>
                                            <proc:BudgetYearOne>1.208</proc:BudgetYearOne>
                                        </proc:TotalCost>
                                    </proc:Cost>
                                </proc:CostElement>
                                <proc:CostElement>
                                    <proc:Name>Recurring Engineering &amp; Engineering Change Proposals (ECP)</proc:Name>
                                    <proc:Cost>
                                        <proc:TotalCost>
                                            <proc:BudgetYearOneBase>2.595</proc:BudgetYearOneBase>
                                            <proc:BudgetYearOne>2.595</proc:BudgetYearOne>
                                        </proc:TotalCost>
                                    </proc:Cost>
                                </proc:CostElement>
                            </proc:CostElementList>
                            <proc:CategorySubtotal>
                                <proc:TotalCost>
                                    <proc:BudgetYearOneBase>30.304</proc:BudgetYearOneBase>
                                    <proc:BudgetYearOneOOC>21.671</proc:BudgetYearOneOOC>
                                    <proc:BudgetYearOne>51.975</proc:BudgetYearOne>
                                </proc:TotalCost>
                            </proc:CategorySubtotal>
                        </proc:Recurring>
                        <proc:CategorySubtotal>
                            <proc:TotalCost>
                                <proc:BudgetYearOneBase>30.304</proc:BudgetYearOneBase>
                                <proc:BudgetYearOneOOC>21.671</proc:BudgetYearOneOOC>
                                <proc:BudgetYearOne>51.975</proc:BudgetYearOne>
                            </proc:TotalCost>
                        </proc:CategorySubtotal>
                    </proc:Flyaway>
                    <proc:Support>
                        <proc:CostElementList>
                            <proc:CostElement>
                                <proc:Name>Integrated Logistics Support</proc:Name>
                                <proc:Cost>
                                    <proc:TotalCost>
                                        <proc:BudgetYearOneBase>1.409</proc:BudgetYearOneBase>
                                        <proc:BudgetYearOne>1.409</proc:BudgetYearOne>
                                    </proc:TotalCost>
                                </proc:Cost>
                            </proc:CostElement>
                        </proc:CostElementList>
                        <proc:CategorySubtotal>
                            <proc:TotalCost>
                                <proc:BudgetYearOneBase>1.409</proc:BudgetYearOneBase>
                                <proc:BudgetYearOne>1.409</proc:BudgetYearOne>
                            </proc:TotalCost>
                        </proc:CategorySubtotal>
                        <proc:Name>Logistics</proc:Name>
                    </proc:Support>
                    <proc:Support>
                        <proc:CostElementList>
                            <proc:CostElement>
                                <proc:Name>Government Management</proc:Name>
                                <proc:Cost>
                                    <proc:TotalCost>
                                        <proc:BudgetYearOneBase>2.926</proc:BudgetYearOneBase>
                                        <proc:BudgetYearOne>2.926</proc:BudgetYearOne>
                                    </proc:TotalCost>
                                </proc:Cost>
                            </proc:CostElement>
                        </proc:CostElementList>
                        <proc:CategorySubtotal>
                            <proc:TotalCost>
                                <proc:BudgetYearOneBase>2.926</proc:BudgetYearOneBase>
                                <proc:BudgetYearOne>2.926</proc:BudgetYearOne>
                            </proc:TotalCost>
                        </proc:CategorySubtotal>
                        <proc:Name>Program Management</proc:Name>
                    </proc:Support>
                </proc:CostElementCategoryList>
            </proc:P5Item>
            <proc:P5Item>
                <proc:Name>C-SUAS LAUNCHER</proc:Name>
                <proc:ItemNumber>I24012</proc:ItemNumber>
                <proc:SecondaryDistribution>
                    <proc:ComponentList>
                        <proc:Component>
                            <proc:Name>Army Active</proc:Name>
                            <proc:Cost>
                                <proc:Quantity>
                                    <proc:BudgetYearOneBase>22</proc:BudgetYearOneBase>
                                    <proc:BudgetYearOne>22</proc:BudgetYearOne>
                                </proc:Quantity>
                                <proc:TotalCost>
                                    <proc:BudgetYearOneBase>27.866</proc:BudgetYearOneBase>
                                    <proc:BudgetYearOne>27.866</proc:BudgetYearOne>
                                </proc:TotalCost>
                            </proc:Cost>
                        </proc:Component>
                    </proc:ComponentList>
                </proc:SecondaryDistribution>
                <proc:ResourceSummary>
                    <proc:Quantity>
                        <proc:BudgetYearOneBase>22</proc:BudgetYearOneBase>
                        <proc:BudgetYearOne>22</proc:BudgetYearOne>
                    </proc:Quantity>
                    <proc:TotalCost>
                        <proc:BudgetYearOneBase>27.866</proc:BudgetYearOneBase>
                        <proc:BudgetYearOne>27.866</proc:BudgetYearOne>
                    </proc:TotalCost>
                    <proc:UnitCost>
                        <proc:BudgetYearOneBase>1266.636</proc:BudgetYearOneBase>
                        <proc:BudgetYearOne>1266.636</proc:BudgetYearOne>
                    </proc:UnitCost>
                    <proc:NetProcurementP1>
                        <proc:BudgetYearOneBase>27.866</proc:BudgetYearOneBase>
                        <proc:BudgetYearOne>27.866</proc:BudgetYearOne>
                    </proc:NetProcurementP1>
                    <proc:TotalObligationAuthority>
                        <proc:BudgetYearOneBase>27.866</proc:BudgetYearOneBase>
                        <proc:BudgetYearOne>27.866</proc:BudgetYearOne>
                    </proc:TotalObligationAuthority>
                </proc:ResourceSummary>
                <proc:CostElementCategoryList>
                    <proc:Flyaway>
                        <proc:Recurring>
                            <proc:CostElementList>
                                <proc:CostElement>
                                    <proc:Name>Expeditionary Launcher System</proc:Name>
                                    <proc:Cost>
                                        <proc:Quantity>
                                            <proc:BudgetYearOneBase>22</proc:BudgetYearOneBase>
                                            <proc:BudgetYearOne>22</proc:BudgetYearOne>
                                        </proc:Quantity>
                                        <proc:TotalCost>
                                            <proc:BudgetYearOneBase>17.94</proc:BudgetYearOneBase>
                                            <proc:BudgetYearOne>17.94</proc:BudgetYearOne>
                                        </proc:TotalCost>
                                        <proc:UnitCost>
                                            <proc:BudgetYearOneBase>815.455</proc:BudgetYearOneBase>
                                            <proc:BudgetYearOne>815.455</proc:BudgetYearOne>
                                        </proc:UnitCost>
                                    </proc:Cost>
                                    <proc:ManufacturerList>
                                        <proc:Manufacturer>
                                            <proc:Name>Raytheon</proc:Name>
                                            <proc:Location>Tucson, AZ</proc:Location>
                                            <proc:MinimumSustainingRate>24</proc:MinimumSustainingRate>
                                            <proc:MaximumProductionRate>120</proc:MaximumProductionRate>
                                            <proc:Rate185>48</proc:Rate185>
                                            <proc:InitialQuantity>
                                                <proc:AdminLeadTimeBeforeOct1InMonths>0</proc:AdminLeadTimeBeforeOct1InMonths>
                                                <proc:AdminLeadTimeAfterOct1InMonths>4</proc:AdminLeadTimeAfterOct1InMonths>
                                                <proc:ProductionLeadTimeAfterOct1InMonths>14</proc:ProductionLeadTimeAfterOct1InMonths>
                                                <proc:TotalLeadTimeAfterOct1InMonths>18</proc:TotalLeadTimeAfterOct1InMonths>
                                            </proc:InitialQuantity>
                                            <proc:ReorderQuantity>
                                                <proc:AdminLeadTimeBeforeOct1InMonths>0</proc:AdminLeadTimeBeforeOct1InMonths>
                                                <proc:AdminLeadTimeAfterOct1InMonths>4</proc:AdminLeadTimeAfterOct1InMonths>
                                                <proc:ProductionLeadTimeAfterOct1InMonths>14</proc:ProductionLeadTimeAfterOct1InMonths>
                                                <proc:TotalLeadTimeAfterOct1InMonths>18</proc:TotalLeadTimeAfterOct1InMonths>
                                            </proc:ReorderQuantity>
                                            <proc:HistoryPlanningList>
                                                <proc:HistoryPlanning>
                                                    <proc:FiscalYear>2026</proc:FiscalYear>
                                                    <proc:PCOLocation>Huntsville, AL</proc:PCOLocation>
                                                    <proc:AwardDate>2026-03</proc:AwardDate>
                                                    <proc:FirstDeliveryDate>2028-03</proc:FirstDeliveryDate>
                                                    <proc:Quantity>22</proc:Quantity>
                                                    <proc:UnitCost>815.455</proc:UnitCost>
                                                    <proc:SpecsAvailableNow>false</proc:SpecsAvailableNow>
                                                    <proc:ContractMethod>C</proc:ContractMethod>
                                                    <proc:ContractType>IDIQ</proc:ContractType>
                                                    <proc:MonthlyDeliveryScheduleList>
                                                        <proc:MonthlyDeliverySchedule>
                                                            <proc:ServiceAgencyName>Army</proc:ServiceAgencyName>
                                                            <proc:ProcQuantity>22</proc:ProcQuantity>
                                                            <proc:MonthlyDeliveryList>
                                                                <proc:MonthlyDelivery>
                                                                    <proc:Month>2028-03</proc:Month>
                                                                    <proc:Amount>2</proc:Amount>
                                                                </proc:MonthlyDelivery>
                                                                <proc:MonthlyDelivery>
                                                                    <proc:Month>2028-04</proc:Month>
                                                                    <proc:Amount>4</proc:Amount>
                                                                </proc:MonthlyDelivery>
                                                                <proc:MonthlyDelivery>
                                                                    <proc:Month>2028-05</proc:Month>
                                                                    <proc:Amount>4</proc:Amount>
                                                                </proc:MonthlyDelivery>
                                                                <proc:MonthlyDelivery>
                                                                    <proc:Month>2028-06</proc:Month>
                                                                    <proc:Amount>4</proc:Amount>
                                                                </proc:MonthlyDelivery>
                                                                <proc:MonthlyDelivery>
                                                                    <proc:Month>2028-07</proc:Month>
                                                                    <proc:Amount>4</proc:Amount>
                                                                </proc:MonthlyDelivery>
                                                                <proc:MonthlyDelivery>
                                                                    <proc:Month>2028-08</proc:Month>
                                                                    <proc:Amount>4</proc:Amount>
                                                                </proc:MonthlyDelivery>
                                                            </proc:MonthlyDeliveryList>
                                                        </proc:MonthlyDeliverySchedule>
                                                    </proc:MonthlyDeliveryScheduleList>
                                                    <proc:MonthlyDeliveryScheduleTotal>
                                                        <proc:ProcQuantity>22</proc:ProcQuantity>
                                                        <proc:MonthlyDeliveryList>
                                                            <proc:MonthlyDelivery>
                                                                <proc:Month>2028-03</proc:Month>
                                                                <proc:Amount>2</proc:Amount>
                                                            </proc:MonthlyDelivery>
                                                            <proc:MonthlyDelivery>
                                                                <proc:Month>2028-04</proc:Month>
                                                                <proc:Amount>4</proc:Amount>
                                                            </proc:MonthlyDelivery>
                                                            <proc:MonthlyDelivery>
                                                                <proc:Month>2028-05</proc:Month>
                                                                <proc:Amount>4</proc:Amount>
                                                            </proc:MonthlyDelivery>
                                                            <proc:MonthlyDelivery>
                                                                <proc:Month>2028-06</proc:Month>
                                                                <proc:Amount>4</proc:Amount>
                                                            </proc:MonthlyDelivery>
                                                            <proc:MonthlyDelivery>
                                                                <proc:Month>2028-07</proc:Month>
                                                                <proc:Amount>4</proc:Amount>
                                                            </proc:MonthlyDelivery>
                                                            <proc:MonthlyDelivery>
                                                                <proc:Month>2028-08</proc:Month>
                                                                <proc:Amount>4</proc:Amount>
                                                            </proc:MonthlyDelivery>
                                                        </proc:MonthlyDeliveryList>
                                                    </proc:MonthlyDeliveryScheduleTotal>
                                                </proc:HistoryPlanning>
                                            </proc:HistoryPlanningList>
                                        </proc:Manufacturer>
                                    </proc:ManufacturerList>
                                </proc:CostElement>
                                <proc:CostElement>
                                    <proc:Name>Mobile Launcher System</proc:Name>
                                    <proc:Cost>
                                        <proc:Quantity>
                                            <proc:BudgetYearOneBase>5</proc:BudgetYearOneBase>
                                            <proc:BudgetYearOne>5</proc:BudgetYearOne>
                                        </proc:Quantity>
                                        <proc:TotalCost>
                                            <proc:BudgetYearOneBase>3.114</proc:BudgetYearOneBase>
                                            <proc:BudgetYearOne>3.114</proc:BudgetYearOne>
                                        </proc:TotalCost>
                                        <proc:UnitCost>
                                            <proc:BudgetYearOneBase>622.8</proc:BudgetYearOneBase>
                                            <proc:BudgetYearOne>622.8</proc:BudgetYearOne>
                                        </proc:UnitCost>
                                    </proc:Cost>
                                    <proc:ManufacturerList>
                                        <proc:Manufacturer>
                                            <proc:Name>Raytheon</proc:Name>
                                            <proc:Location>Tucson, AZ</proc:Location>
                                            <proc:HistoryPlanningList>
                                                <proc:HistoryPlanning>
                                                    <proc:FiscalYear>2026</proc:FiscalYear>
                                                    <proc:PCOLocation>Huntsville, AL</proc:PCOLocation>
                                                    <proc:AwardDate>2026-03</proc:AwardDate>
                                                    <proc:FirstDeliveryDate>2027-09</proc:FirstDeliveryDate>
                                                    <proc:Quantity>5</proc:Quantity>
                                                    <proc:UnitCost>622.8</proc:UnitCost>
                                                    <proc:SpecsAvailableNow>false</proc:SpecsAvailableNow>
                                                    <proc:ContractMethod>C</proc:ContractMethod>
                                                    <proc:ContractType>IDIQ</proc:ContractType>
                                                </proc:HistoryPlanning>
                                            </proc:HistoryPlanningList>
                                        </proc:Manufacturer>
                                    </proc:ManufacturerList>
                                </proc:CostElement>
                                <proc:CostElement>
                                    <proc:Name>Spares</proc:Name>
                                    <proc:Cost>
                                        <proc:TotalCost>
                                            <proc:BudgetYearOneBase>1.263</proc:BudgetYearOneBase>
                                            <proc:BudgetYearOne>1.263</proc:BudgetYearOne>
                                        </proc:TotalCost>
                                    </proc:Cost>
                                </proc:CostElement>
                                <proc:CostElement>
                                    <proc:Name>Recurring Engineering &amp; Engineering Change Proposals (ECP)</proc:Name>
                                    <proc:Cost>
                                        <proc:TotalCost>
                                            <proc:BudgetYearOneBase>0.393</proc:BudgetYearOneBase>
                                            <proc:BudgetYearOne>0.393</proc:BudgetYearOne>
                                        </proc:TotalCost>
                                    </proc:Cost>
                                </proc:CostElement>
                            </proc:CostElementList>
                            <proc:CategorySubtotal>
                                <proc:TotalCost>
                                    <proc:BudgetYearOneBase>22.71</proc:BudgetYearOneBase>
                                    <proc:BudgetYearOne>22.71</proc:BudgetYearOne>
                                </proc:TotalCost>
                            </proc:CategorySubtotal>
                        </proc:Recurring>
                        <proc:CategorySubtotal>
                            <proc:TotalCost>
                                <proc:BudgetYearOneBase>22.71</proc:BudgetYearOneBase>
                                <proc:BudgetYearOne>22.71</proc:BudgetYearOne>
                            </proc:TotalCost>
                        </proc:CategorySubtotal>
                    </proc:Flyaway>
                    <proc:Support>
                        <proc:CostElementList>
                            <proc:CostElement>
                                <proc:Name>Fielding</proc:Name>
                                <proc:Cost>
                                    <proc:TotalCost>
                                        <proc:BudgetYearOneBase>1.219</proc:BudgetYearOneBase>
                                        <proc:BudgetYearOne>1.219</proc:BudgetYearOne>
                                    </proc:TotalCost>
                                </proc:Cost>
                            </proc:CostElement>
                        </proc:CostElementList>
                        <proc:CategorySubtotal>
                            <proc:TotalCost>
                                <proc:BudgetYearOneBase>1.219</proc:BudgetYearOneBase>
                                <proc:BudgetYearOne>1.219</proc:BudgetYearOne>
                            </proc:TotalCost>
                        </proc:CategorySubtotal>
                        <proc:Name>Fielding</proc:Name>
                    </proc:Support>
                    <proc:Support>
                        <proc:CostElementList>
                            <proc:CostElement>
                                <proc:Name>Integrated Logistics Support</proc:Name>
                                <proc:Cost>
                                    <proc:TotalCost>
                                        <proc:BudgetYearOneBase>0.601</proc:BudgetYearOneBase>
                                        <proc:BudgetYearOne>0.601</proc:BudgetYearOne>
                                    </proc:TotalCost>
                                </proc:Cost>
                            </proc:CostElement>
                        </proc:CostElementList>
                        <proc:CategorySubtotal>
                            <proc:TotalCost>
                                <proc:BudgetYearOneBase>0.601</proc:BudgetYearOneBase>
                                <proc:BudgetYearOne>0.601</proc:BudgetYearOne>
                            </proc:TotalCost>
                        </proc:CategorySubtotal>
                        <proc:Name>Logistics</proc:Name>
                    </proc:Support>
                    <proc:Support>
                        <proc:CostElementList>
                            <proc:CostElement>
                                <proc:Name>Government Management</proc:Name>
                                <proc:Cost>
                                    <proc:TotalCost>
                                        <proc:BudgetYearOneBase>2.564</proc:BudgetYearOneBase>
                                        <proc:BudgetYearOne>2.564</proc:BudgetYearOne>
                                    </proc:TotalCost>
                                </proc:Cost>
                            </proc:CostElement>
                        </proc:CostElementList>
                        <proc:CategorySubtotal>
                            <proc:TotalCost>
                                <proc:BudgetYearOneBase>2.564</proc:BudgetYearOneBase>
                                <proc:BudgetYearOne>2.564</proc:BudgetYearOne>
                            </proc:TotalCost>
                        </proc:CategorySubtotal>
                        <proc:Name>Program Management</proc:Name>
                    </proc:Support>
                    <proc:Support>
                        <proc:CostElementList>
                            <proc:CostElement>
                                <proc:Name>System Engineering</proc:Name>
                                <proc:Cost>
                                    <proc:TotalCost>
                                        <proc:BudgetYearOneBase>0.772</proc:BudgetYearOneBase>
                                        <proc:BudgetYearOne>0.772</proc:BudgetYearOne>
                                    </proc:TotalCost>
                                </proc:Cost>
                            </proc:CostElement>
                        </proc:CostElementList>
                        <proc:CategorySubtotal>
                            <proc:TotalCost>
                                <proc:BudgetYearOneBase>0.772</proc:BudgetYearOneBase>
                                <proc:BudgetYearOne>0.772</proc:BudgetYearOne>
                            </proc:TotalCost>
                        </proc:CategorySubtotal>
                        <proc:Name>System Engineering</proc:Name>
                    </proc:Support>
                </proc:CostElementCategoryList>
            </proc:P5Item>
            <proc:P5Item>
                <proc:Name>C-SUAS FIXED SITE</proc:Name>
                <proc:ItemNumber>I24013</proc:ItemNumber>
                <proc:SecondaryDistribution>
                    <proc:ComponentList>
                        <proc:Component>
                            <proc:Name>Army Active</proc:Name>
                            <proc:Cost>
                                <proc:TotalCost>
                                    <proc:BudgetYearOneBase>164.129</proc:BudgetYearOneBase>
                                    <proc:BudgetYearOne>164.129</proc:BudgetYearOne>
                                </proc:TotalCost>
                            </proc:Cost>
                        </proc:Component>
                    </proc:ComponentList>
                </proc:SecondaryDistribution>
                <proc:Remarks>The FY 2026 request for C-sUAS Fixed Site includes $164.129 million to procure additional C-sUAS capabilities for HSFS locations and support upgrade of current HSFS sites to a heavy configuration, as well as providing obsolescence mitigation, sustainment spares, fielding, and Integrated Logistics Support (ILS) efforts. 

Obsolescence efforts include replacement of handheld/dismounted systems and procurement of additional equipment to enhance capability at designated critical locations.</proc:Remarks>
                <proc:ResourceSummary>
                    <proc:TotalCost>
                        <proc:BudgetYearOneBase>164.129</proc:BudgetYearOneBase>
                        <proc:BudgetYearOne>164.129</proc:BudgetYearOne>
                    </proc:TotalCost>
                    <proc:NetProcurementP1>
                        <proc:BudgetYearOneBase>164.129</proc:BudgetYearOneBase>
                        <proc:BudgetYearOne>164.129</proc:BudgetYearOne>
                    </proc:NetProcurementP1>
                    <proc:TotalObligationAuthority>
                        <proc:BudgetYearOneBase>164.129</proc:BudgetYearOneBase>
                        <proc:BudgetYearOne>164.129</proc:BudgetYearOne>
                    </proc:TotalObligationAuthority>
                </proc:ResourceSummary>
                <proc:CostElementCategoryList>
                    <proc:Flyaway>
                        <proc:Recurring>
                            <proc:CostElementList>
                                <proc:CostElement>
                                    <proc:Name>Joint and Army C-sUAS Capabilities</proc:Name>
                                    <proc:Cost>
                                        <proc:TotalCost>
                                            <proc:BudgetYearOneBase>127.329</proc:BudgetYearOneBase>
                                            <proc:BudgetYearOne>127.329</proc:BudgetYearOne>
                                        </proc:TotalCost>
                                    </proc:Cost>
                                </proc:CostElement>
                                <proc:CostElement>
                                    <proc:Name>Obsolescence</proc:Name>
                                    <proc:Cost>
                                        <proc:TotalCost>
                                            <proc:BudgetYearOneBase>13.703</proc:BudgetYearOneBase>
                                            <proc:BudgetYearOne>13.703</proc:BudgetYearOne>
                                        </proc:TotalCost>
                                    </proc:Cost>
                                </proc:CostElement>
                                <proc:CostElement>
                                    <proc:Name>Spares</proc:Name>
                                    <proc:Cost>
                                        <proc:TotalCost>
                                            <proc:BudgetYearOneBase>4.543</proc:BudgetYearOneBase>
                                            <proc:BudgetYearOne>4.543</proc:BudgetYearOne>
                                        </proc:TotalCost>
                                    </proc:Cost>
                                </proc:CostElement>
                                <proc:CostElement>
                                    <proc:Name>Recurring Engineering &amp; Engineering Change Proposals (ECP)</proc:Name>
                                    <proc:Cost>
                                        <proc:TotalCost>
                                            <proc:BudgetYearOneBase>1.37</proc:BudgetYearOneBase>
                                            <proc:BudgetYearOne>1.37</proc:BudgetYearOne>
                                        </proc:TotalCost>
                                    </proc:Cost>
                                </proc:CostElement>
                            </proc:CostElementList>
                            <proc:CategorySubtotal>
                                <proc:TotalCost>
                                    <proc:BudgetYearOneBase>146.945</proc:BudgetYearOneBase>
                                    <proc:BudgetYearOne>146.945</proc:BudgetYearOne>
                                </proc:TotalCost>
                            </proc:CategorySubtotal>
                        </proc:Recurring>
                        <proc:CategorySubtotal>
                            <proc:TotalCost>
                                <proc:BudgetYearOneBase>146.945</proc:BudgetYearOneBase>
                                <proc:BudgetYearOne>146.945</proc:BudgetYearOne>
                            </proc:TotalCost>
                        </proc:CategorySubtotal>
                    </proc:Flyaway>
                    <proc:Support>
                        <proc:CostElementList>
                            <proc:CostElement>
                                <proc:Name>Fielding</proc:Name>
                                <proc:Cost>
                                    <proc:TotalCost>
                                        <proc:BudgetYearOneBase>3.53</proc:BudgetYearOneBase>
                                        <proc:BudgetYearOne>3.53</proc:BudgetYearOne>
                                    </proc:TotalCost>
                                </proc:Cost>
                            </proc:CostElement>
                        </proc:CostElementList>
                        <proc:CategorySubtotal>
                            <proc:TotalCost>
                                <proc:BudgetYearOneBase>3.53</proc:BudgetYearOneBase>
                                <proc:BudgetYearOne>3.53</proc:BudgetYearOne>
                            </proc:TotalCost>
                        </proc:CategorySubtotal>
                        <proc:Name>Fielding</proc:Name>
                    </proc:Support>
                    <proc:Support>
                        <proc:CostElementList>
                            <proc:CostElement>
                                <proc:Name>Integrated Logistics Support</proc:Name>
                                <proc:Cost>
                                    <proc:TotalCost>
                                        <proc:BudgetYearOneBase>6.753</proc:BudgetYearOneBase>
                                        <proc:BudgetYearOne>6.753</proc:BudgetYearOne>
                                    </proc:TotalCost>
                                </proc:Cost>
                            </proc:CostElement>
                        </proc:CostElementList>
                        <proc:CategorySubtotal>
                            <proc:TotalCost>
                                <proc:BudgetYearOneBase>6.753</proc:BudgetYearOneBase>
                                <proc:BudgetYearOne>6.753</proc:BudgetYearOne>
                            </proc:TotalCost>
                        </proc:CategorySubtotal>
                        <proc:Name>Logistics</proc:Name>
                    </proc:Support>
                    <proc:Support>
                        <proc:CostElementList>
                            <proc:CostElement>
                                <proc:Name>Government Management</proc:Name>
                                <proc:Cost>
                                    <proc:TotalCost>
                                        <proc:BudgetYearOneBase>2.214</proc:BudgetYearOneBase>
                                        <proc:BudgetYearOne>2.214</proc:BudgetYearOne>
                                    </proc:TotalCost>
                                </proc:Cost>
                            </proc:CostElement>
                        </proc:CostElementList>
                        <proc:CategorySubtotal>
                            <proc:TotalCost>
                                <proc:BudgetYearOneBase>2.214</proc:BudgetYearOneBase>
                                <proc:BudgetYearOne>2.214</proc:BudgetYearOne>
                            </proc:TotalCost>
                        </proc:CategorySubtotal>
                        <proc:Name>Program Management</proc:Name>
                    </proc:Support>
                    <proc:Support>
                        <proc:CostElementList>
                            <proc:CostElement>
                                <proc:Name>System Engineering</proc:Name>
                                <proc:Cost>
                                    <proc:TotalCost>
                                        <proc:BudgetYearOneBase>4.687</proc:BudgetYearOneBase>
                                        <proc:BudgetYearOne>4.687</proc:BudgetYearOne>
                                    </proc:TotalCost>
                                </proc:Cost>
                            </proc:CostElement>
                        </proc:CostElementList>
                        <proc:CategorySubtotal>
                            <proc:TotalCost>
                                <proc:BudgetYearOneBase>4.687</proc:BudgetYearOneBase>
                                <proc:BudgetYearOne>4.687</proc:BudgetYearOne>
                            </proc:TotalCost>
                        </proc:CategorySubtotal>
                        <proc:Name>System Engineering</proc:Name>
                    </proc:Support>
                </proc:CostElementCategoryList>
            </proc:P5Item>
            <proc:P5Item>
                <proc:Name>C-SUAS OPERATIONS</proc:Name>
                <proc:ItemNumber>I24014</proc:ItemNumber>
                <proc:SecondaryDistribution>
                    <proc:ComponentList>
                        <proc:Component>
                            <proc:Name>Army Active</proc:Name>
                            <proc:Cost>
                                <proc:TotalCost>
                                    <proc:BudgetYearOneBase>3.773</proc:BudgetYearOneBase>
                                    <proc:BudgetYearOne>3.773</proc:BudgetYearOne>
                                </proc:TotalCost>
                            </proc:Cost>
                        </proc:Component>
                    </proc:ComponentList>
                </proc:SecondaryDistribution>
                <proc:Remarks>The FY 2026 request for C-sUAS Operations includes $3,773 thousand of discretionary and $350,000 thousand of mandatory (reconciliation) for a total of $353,773 thousand. The mandatory funds will support procurement, integration, and fielding to provide one C-UAS Battery with expeditionary and mobile platforms, sensors, and handheld/dismounted C-sUAS capabilities, to enable self-protection for critical assets, facilities, and infrastructure, and include increases to support the Army Transformation Initiative and to procure Soldier Common C-sUAS handheld/dismounted systems and platform-agnostic equipment for Unit Common C-sUAS mobile solutions. Further information for this reconciliation request is provided in Section 20004 (Munitions &amp; Supply Chain) of the Reconciliation Exhibit.

The $350,000 thousand in mandatory (reconciliation) funding will be allocated across multiple cost elements, and it will include recurring costs for procurement of expeditionary and mobile C-UAS, expeditionary and mobile sensors, handheld/dismounted systems, and spares; as well as support costs, such as fielding, integrated logistics support, government management, and system engineering.</proc:Remarks>
                <proc:ResourceSummary>
                    <proc:TotalCost>
                        <proc:BudgetYearOneBase>3.773</proc:BudgetYearOneBase>
                        <proc:BudgetYearOne>3.773</proc:BudgetYearOne>
                    </proc:TotalCost>
                    <proc:NetProcurementP1>
                        <proc:BudgetYearOneBase>3.773</proc:BudgetYearOneBase>
                        <proc:BudgetYearOne>3.773</proc:BudgetYearOne>
                    </proc:NetProcurementP1>
                    <proc:TotalObligationAuthority>
                        <proc:BudgetYearOneBase>3.773</proc:BudgetYearOneBase>
                        <proc:BudgetYearOne>3.773</proc:BudgetYearOne>
                    </proc:TotalObligationAuthority>
                </proc:ResourceSummary>
                <proc:CostElementCategoryList>
                    <proc:Support>
                        <proc:CostElementList>
                            <proc:CostElement>
                                <proc:Name>Government Management</proc:Name>
                                <proc:Cost>
                                    <proc:TotalCost>
                                        <proc:BudgetYearOneBase>3.773</proc:BudgetYearOneBase>
                                        <proc:BudgetYearOne>3.773</proc:BudgetYearOne>
                                    </proc:TotalCost>
                                </proc:Cost>
                            </proc:CostElement>
                        </proc:CostElementList>
                        <proc:CategorySubtotal>
                            <proc:TotalCost>
                                <proc:BudgetYearOneBase>3.773</proc:BudgetYearOneBase>
                                <proc:BudgetYearOne>3.773</proc:BudgetYearOne>
                            </proc:TotalCost>
                        </proc:CategorySubtotal>
                        <proc:Name>Program Management</proc:Name>
                    </proc:Support>
                </proc:CostElementCategoryList>
            </proc:P5Item>
            <proc:P5Item>
                <proc:Name>C-SUAS GRND READINESS</proc:Name>
                <proc:ItemNumber>I24015</proc:ItemNumber>
                <proc:SecondaryDistribution>
                    <proc:ComponentList>
                        <proc:Component>
                            <proc:Name>Army Active</proc:Name>
                            <proc:Cost>
                                <proc:TotalCost>
                                    <proc:BudgetYearOneBase>4.74</proc:BudgetYearOneBase>
                                    <proc:BudgetYearOne>4.74</proc:BudgetYearOne>
                                </proc:TotalCost>
                            </proc:Cost>
                        </proc:Component>
                    </proc:ComponentList>
                </proc:SecondaryDistribution>
                <proc:ResourceSummary>
                    <proc:TotalCost>
                        <proc:BudgetYearOneBase>4.74</proc:BudgetYearOneBase>
                        <proc:BudgetYearOne>4.74</proc:BudgetYearOne>
                    </proc:TotalCost>
                    <proc:NetProcurementP1>
                        <proc:BudgetYearOneBase>4.74</proc:BudgetYearOneBase>
                        <proc:BudgetYearOne>4.74</proc:BudgetYearOne>
                    </proc:NetProcurementP1>
                    <proc:TotalObligationAuthority>
                        <proc:BudgetYearOneBase>4.74</proc:BudgetYearOneBase>
                        <proc:BudgetYearOne>4.74</proc:BudgetYearOne>
                    </proc:TotalObligationAuthority>
                </proc:ResourceSummary>
                <proc:CostElementCategoryList>
                    <proc:Support>
                        <proc:CostElementList>
                            <proc:CostElement>
                                <proc:Name>Integrated Logistics Support</proc:Name>
                                <proc:Cost>
                                    <proc:TotalCost>
                                        <proc:BudgetYearOneBase>4.503</proc:BudgetYearOneBase>
                                        <proc:BudgetYearOne>4.503</proc:BudgetYearOne>
                                    </proc:TotalCost>
                                </proc:Cost>
                            </proc:CostElement>
                        </proc:CostElementList>
                        <proc:CategorySubtotal>
                            <proc:TotalCost>
                                <proc:BudgetYearOneBase>4.503</proc:BudgetYearOneBase>
                                <proc:BudgetYearOne>4.503</proc:BudgetYearOne>
                            </proc:TotalCost>
                        </proc:CategorySubtotal>
                        <proc:Name>Logistics</proc:Name>
                    </proc:Support>
                    <proc:Support>
                        <proc:CostElementList>
                            <proc:CostElement>
                                <proc:Name>Government Management</proc:Name>
                                <proc:Cost>
                                    <proc:TotalCost>
                                        <proc:BudgetYearOneBase>0.237</proc:BudgetYearOneBase>
                                        <proc:BudgetYearOne>0.237</proc:BudgetYearOne>
                                    </proc:TotalCost>
                                </proc:Cost>
                            </proc:CostElement>
                        </proc:CostElementList>
                        <proc:CategorySubtotal>
                            <proc:TotalCost>
                                <proc:BudgetYearOneBase>0.237</proc:BudgetYearOneBase>
                                <proc:BudgetYearOne>0.237</proc:BudgetYearOne>
                            </proc:TotalCost>
                        </proc:CategorySubtotal>
                        <proc:Name>Program Management</proc:Name>
                    </proc:Support>
                </proc:CostElementCategoryList>
            </proc:P5Item>
            <proc:P5Item>
                <proc:Name>C-SUAS DIRECTED ENERGY</proc:Name>
                <proc:ItemNumber>I24016</proc:ItemNumber>
                <proc:SecondaryDistribution>
                    <proc:ComponentList>
                        <proc:Component>
                            <proc:Name>Army Active</proc:Name>
                            <proc:Cost>
                                <proc:TotalCost>
                                    <proc:BudgetYearOneBase>49.75</proc:BudgetYearOneBase>
                                    <proc:BudgetYearOne>49.75</proc:BudgetYearOne>
                                </proc:TotalCost>
                            </proc:Cost>
                        </proc:Component>
                    </proc:ComponentList>
                </proc:SecondaryDistribution>
                <proc:Remarks>This funding line provides support to the Air and Missile Defense Army Modernization Priority. Funding the Army Rapid Capabilities and Critical Technologies Office (RCCTO) efforts to provide needed capabilities to Soldiers, inform future Army capability requirements, and potentially transition the capability to an Army acquisition program.

Advances in unmanned aerial systems (UAS) technology and ease of accessibility increase the potential use of UAS as weapons and intelligence-gathering mechanisms against U.S. forces and Department of Defense (DoD) facilities. Funds support the procurement, training, and equipping of fixed, semi-fixed, mounted, and dismounted, counter-UAS (C-UAS) capabilities for U.S. forces and strategically important DoD facilities worldwide. Planned C-UAS capability procurements provide a layered defense construct against UAS threats and include a mix of electronic warfare capabilities, fire control, and kinetic and non-kinetic effectors.

The Directed Energy (DE) Enduring High Energy Laser (HEL) C-UAS capability is an Air Defense weapon system capable of fixed site defense and/or integration onto an existing Army platform, that is capable of acquiring, tracking, identifying and demonstrating lethality against groups 1-3 UAS threats. The DE Enduring system is a rapid prototyping effort and is interoperable with the Army's Forward Area Air Defense Command and Control (FAAD C2) system.

The DE Enduring HEL capability will transition from a rapid acquisition and deployment of interim capabilities to a formalized acquisition approach, based on M-SHORAD Inc 2 (DE) Abbreviated Capability Development Document (A-CDD) (dated 20 JAN 2023) and ASA(ALT) Acquisition Shaping Panel, part 1 (convened 07 FEB 2023). The FY26 procurement will support up to two DE Enduring HEL systems that will help inform the Army's C-UAS Directed Energy capabilities.

FY 2026 P-5 Quantities are accurate; updates to P-40 quantities will be made at next COMPO/Qty update opportunity.</proc:Remarks>
                <proc:ResourceSummary>
                    <proc:TotalCost>
                        <proc:BudgetYearOneBase>49.75</proc:BudgetYearOneBase>
                        <proc:BudgetYearOne>49.75</proc:BudgetYearOne>
                    </proc:TotalCost>
                    <proc:NetProcurementP1>
                        <proc:BudgetYearOneBase>49.75</proc:BudgetYearOneBase>
                        <proc:BudgetYearOne>49.75</proc:BudgetYearOne>
                    </proc:NetProcurementP1>
                    <proc:TotalObligationAuthority>
                        <proc:BudgetYearOneBase>49.75</proc:BudgetYearOneBase>
                        <proc:BudgetYearOne>49.75</proc:BudgetYearOne>
                    </proc:TotalObligationAuthority>
                </proc:ResourceSummary>
                <proc:CostElementCategoryList>
                    <proc:Flyaway>
                        <proc:Recurring>
                            <proc:CostElementList>
                                <proc:CostElement>
                                    <proc:Name>Enduring - High Energy Laser (E-HEL)</proc:Name>
                                    <proc:Cost>
                                        <proc:Quantity>
                                            <proc:BudgetYearOneBase>2</proc:BudgetYearOneBase>
                                            <proc:BudgetYearOne>2</proc:BudgetYearOne>
                                        </proc:Quantity>
                                        <proc:TotalCost>
                                            <proc:BudgetYearOneBase>49.75</proc:BudgetYearOneBase>
                                            <proc:BudgetYearOne>49.75</proc:BudgetYearOne>
                                        </proc:TotalCost>
                                        <proc:UnitCost>
                                            <proc:BudgetYearOneBase>24875</proc:BudgetYearOneBase>
                                            <proc:BudgetYearOne>24875</proc:BudgetYearOne>
                                        </proc:UnitCost>
                                    </proc:Cost>
                                </proc:CostElement>
                            </proc:CostElementList>
                            <proc:CategorySubtotal>
                                <proc:TotalCost>
                                    <proc:BudgetYearOneBase>49.75</proc:BudgetYearOneBase>
                                    <proc:BudgetYearOne>49.75</proc:BudgetYearOne>
                                </proc:TotalCost>
                            </proc:CategorySubtotal>
                        </proc:Recurring>
                        <proc:CategorySubtotal>
                            <proc:TotalCost>
                                <proc:BudgetYearOneBase>49.75</proc:BudgetYearOneBase>
                                <proc:BudgetYearOne>49.75</proc:BudgetYearOne>
                            </proc:TotalCost>
                        </proc:CategorySubtotal>
                    </proc:Flyaway>
                </proc:CostElementCategoryList>
            </proc:P5Item>
        </proc:ItemExhibitList>
        <proc:DocumentAssemblyOptions>
            <proc:p40AItemScheduleSetting>item</proc:p40AItemScheduleSetting>
        </proc:DocumentAssemblyOptions>
    </proc:LineItem>
</proc:LineItemList>