<?xml version="1.0" encoding="UTF-8"?>
<proc:LineItemList xmlns:proc="http://www.dtic.mil/comptroller/xml/schema/20100219/procurement">
    <proc:LineItem quantityUnits="Each" quantityUnitName="Each" unitCostUnits="Thousands" totalCostUnits="Millions" manufacturerRateUnits="Monthly">
        <proc:LineItemNumber>2000I32000</proc:LineItemNumber>
        <proc:LineItemTitle>ELECTRONIC WARFARE AGILE</proc:LineItemTitle>
        <proc:P1LineNumber>209</proc:P1LineNumber>
        <proc:BudgetYear>2026</proc:BudgetYear>
        <proc:BudgetCycle>PB</proc:BudgetCycle>
        <proc:SubmissionDate>2025-06</proc:SubmissionDate>
        <proc:ServiceAgencyName>Army</proc:ServiceAgencyName>
        <proc:AppropriationNumber>2035A</proc:AppropriationNumber>
        <proc:AppropriationTitle>Other Procurement, Army</proc:AppropriationTitle>
        <proc:BudgetActivityNumber>6</proc:BudgetActivityNumber>
        <proc:BudgetActivityTitle>Agile Portfolio Management</proc:BudgetActivityTitle>
        <proc:BudgetSubActivityNumber>10</proc:BudgetSubActivityNumber>
        <proc:BudgetSubActivityTitle>Agile Portfolio Management</proc:BudgetSubActivityTitle>
        <proc:ResourceSummary>
            <proc:Quantity>
                <proc:BudgetYearOneBase>33</proc:BudgetYearOneBase>
                <proc:BudgetYearOne>33</proc:BudgetYearOne>
            </proc:Quantity>
            <proc:TotalCost>
                <proc:BudgetYearOneBase>54.427</proc:BudgetYearOneBase>
                <proc:BudgetYearOne>54.427</proc:BudgetYearOne>
            </proc:TotalCost>
            <proc:UnitCost>
                <proc:BudgetYearOneBase>1649.303</proc:BudgetYearOneBase>
                <proc:BudgetYearOne>1649.303</proc:BudgetYearOne>
            </proc:UnitCost>
            <proc:NetProcurementP1>
                <proc:BudgetYearOneBase>54.427</proc:BudgetYearOneBase>
                <proc:BudgetYearOne>54.427</proc:BudgetYearOne>
            </proc:NetProcurementP1>
            <proc:TotalObligationAuthority>
                <proc:BudgetYearOneBase>54.427</proc:BudgetYearOneBase>
                <proc:BudgetYearOne>54.427</proc:BudgetYearOne>
            </proc:TotalObligationAuthority>
        </proc:ResourceSummary>
        <proc:Code>A</proc:Code>
        <proc:SecondaryDistribution>
            <proc:ComponentList>
                <proc:Component>
                    <proc:Name>Army Active</proc:Name>
                    <proc:Cost>
                        <proc:Quantity>
                            <proc:BudgetYearOneBase>33</proc:BudgetYearOneBase>
                            <proc:BudgetYearOne>33</proc:BudgetYearOne>
                        </proc:Quantity>
                        <proc:TotalCost>
                            <proc:BudgetYearOneBase>54.427</proc:BudgetYearOneBase>
                            <proc:BudgetYearOne>54.427</proc:BudgetYearOne>
                        </proc:TotalCost>
                    </proc:Cost>
                </proc:Component>
            </proc:ComponentList>
            <proc:TotalCost>
                <proc:Quantity>
                    <proc:BudgetYearOneBase>33</proc:BudgetYearOneBase>
                    <proc:BudgetYearOne>33</proc:BudgetYearOne>
                </proc:Quantity>
                <proc:TotalCost>
                    <proc:BudgetYearOneBase>54.427</proc:BudgetYearOneBase>
                    <proc:BudgetYearOne>54.427</proc:BudgetYearOne>
                </proc:TotalCost>
            </proc:TotalCost>
        </proc:SecondaryDistribution>
        <proc:Description>Electronic Warfare (EW) Agile is a part of the Department of Defense Capability Based (Agile) Funding Pilot, which provides enhanced capabilities by fostering innovation and accelerated deployment of promising technology. Funding in this portfolio will be directed towards providing enhanced tactical and strategic Signal Intelligence (SIGINT) and EW capabilities, while combating the limitations from the pace and proliferation of technological change.

This is not a new start. This funding is a realignment from:
(1)	B97600 TERRESTRIAL LAYER SYSTEMS (TLS) / B97610 TERRESTRIAL LAYER SYSTEM BCT 
(2)	B97600 TERRESTRIAL LAYER SYSTEMS (TLS) / B97611 TERRESTRIAL LAYER SYSTEM ECHELON ABOVE BRIGADE 
(3)	BZ9750 MOD OF IN-SVC EQUIP (INTEL SUPPORT) / BZ9751 SPECIAL PURPOSE SYSTEMS 

Electronic Warfare (EW) Agile procures, equips, and trains warfighters on tactical and strategic systems with the capability to detect, identify, locate, collect/process, report, and engage (disrupt, degrade, and/or deny) hostile forces to prevent their effective use of communications and non-communications networks, counter-mortar/counter-battery radars, surveillance radars, electronically fused munitions, and other enemy threats using the Electromagnetic Spectrum (EMS).  This program element also delivers upgraded capabilities to legacy systems enhancing the Army's tactical advantage in Large Scale Combat Operations (LSCO).</proc:Description>
        <proc:Justification>I32011 / TERRESTRIAL LAYER SYS BRIDGADE COMBAT TEAM: FY 2026 Base procurement dollars in the amount of $46.718 million funds the procurement, delivery, training, and initial sparing of TLS Manpack Systems. This is not a new start. I32011 was realigned from Budget Activity (BA) 2, B97600 TERRESTRIAL LAYER SYSTEMS (TLS) / B97610 TERRESTRIAL LAYER SYSTEM BCT in support of Agile Portfolio Management.

I32012 / TERRESTRIAL LAYER SYS ECHELON ABOVE BRIGADE: FY 2026 Base procurement dollars in the amount of $1.308 million funds continued support for MDTF Operational Needs Statement (ONS). This is not a new start. I32012 was realigned from Budget Activity (BA) 2, B97600 TERRESTRIAL LAYER SYSTEMS (TLS) / B97611 TERRESTRIAL LAYER SYSTEM ECHELON ABOVE BRIGADE in support of Agile Portfolio Management.

I32013 / MOD OF IN-SVC EQUIP SPECIAL PURPOSE SYSTEM: FY 2026 Base procurement dollars in the amount of $6.401 million funds productization, procurement, installation and training of capability improvements to provide Prophet Enhanced the ability to address an evolving threat signal base against modern Signals of Interest. Upgraded signal relevance capabilities are required to ensure that Prophet remains relevant against emerging and evolving threats, providing an open architecture with improved components and capabilities to address advanced signal types in a constantly contested spectrum environment. This is not a new start. I32013 was realigned from Budget Activity (BA) 2, BZ9750 MOD OF IN-SVC EQUIP (INTEL SPT) / BZ9751 Special Purpose Systems in support of Agile Portfolio Management.</proc:Justification>
        <proc:ItemExhibitList>
            <proc:P5Item>
                <proc:Name>TERRESTRIAL LAYER SYS BRIGADE COMBAT TEAM</proc:Name>
                <proc:ItemNumber>I32011</proc:ItemNumber>
                <proc:SecondaryDistribution>
                    <proc:ComponentList>
                        <proc:Component>
                            <proc:Name>Army Active</proc:Name>
                            <proc:Cost>
                                <proc:Quantity>
                                    <proc:BudgetYearOneBase>33</proc:BudgetYearOneBase>
                                    <proc:BudgetYearOne>33</proc:BudgetYearOne>
                                </proc:Quantity>
                                <proc:TotalCost>
                                    <proc:BudgetYearOneBase>46.718</proc:BudgetYearOneBase>
                                    <proc:BudgetYearOne>46.718</proc:BudgetYearOne>
                                </proc:TotalCost>
                            </proc:Cost>
                        </proc:Component>
                    </proc:ComponentList>
                </proc:SecondaryDistribution>
                <proc:ResourceSummary>
                    <proc:Quantity>
                        <proc:BudgetYearOneBase>33</proc:BudgetYearOneBase>
                        <proc:BudgetYearOne>33</proc:BudgetYearOne>
                    </proc:Quantity>
                    <proc:TotalCost>
                        <proc:BudgetYearOneBase>46.718</proc:BudgetYearOneBase>
                        <proc:BudgetYearOne>46.718</proc:BudgetYearOne>
                    </proc:TotalCost>
                    <proc:UnitCost>
                        <proc:BudgetYearOneBase>1415.697</proc:BudgetYearOneBase>
                        <proc:BudgetYearOne>1415.697</proc:BudgetYearOne>
                    </proc:UnitCost>
                    <proc:NetProcurementP1>
                        <proc:BudgetYearOneBase>46.718</proc:BudgetYearOneBase>
                        <proc:BudgetYearOne>46.718</proc:BudgetYearOne>
                    </proc:NetProcurementP1>
                    <proc:TotalObligationAuthority>
                        <proc:BudgetYearOneBase>46.718</proc:BudgetYearOneBase>
                        <proc:BudgetYearOne>46.718</proc:BudgetYearOne>
                    </proc:TotalObligationAuthority>
                </proc:ResourceSummary>
                <proc:CostElementCategoryList>
                    <proc:Hardware>
                        <proc:Recurring>
                            <proc:CostElementList>
                                <proc:CostElement>
                                    <proc:Name>TLS Manpack Variant Production</proc:Name>
                                    <proc:Cost>
                                        <proc:Quantity>
                                            <proc:BudgetYearOneBase>33</proc:BudgetYearOneBase>
                                            <proc:BudgetYearOne>33</proc:BudgetYearOne>
                                        </proc:Quantity>
                                        <proc:TotalCost>
                                            <proc:BudgetYearOneBase>33.264</proc:BudgetYearOneBase>
                                            <proc:BudgetYearOne>33.264</proc:BudgetYearOne>
                                        </proc:TotalCost>
                                        <proc:UnitCost>
                                            <proc:BudgetYearOneBase>1008</proc:BudgetYearOneBase>
                                            <proc:BudgetYearOne>1008</proc:BudgetYearOne>
                                        </proc:UnitCost>
                                    </proc:Cost>
                                    <proc:ManufacturerList>
                                        <proc:Manufacturer>
                                            <proc:Name>Mastodon Design (Manpack)</proc:Name>
                                            <proc:Location>Rochester, NY</proc:Location>
                                            <proc:MinimumSustainingRate>3</proc:MinimumSustainingRate>
                                            <proc:MaximumProductionRate>200</proc:MaximumProductionRate>
                                            <proc:Rate185>20</proc:Rate185>
                                            <proc:InitialQuantity>
                                                <proc:AdminLeadTimeBeforeOct1InMonths>0</proc:AdminLeadTimeBeforeOct1InMonths>
                                                <proc:AdminLeadTimeAfterOct1InMonths>0</proc:AdminLeadTimeAfterOct1InMonths>
                                                <proc:ProductionLeadTimeAfterOct1InMonths>0</proc:ProductionLeadTimeAfterOct1InMonths>
                                                <proc:TotalLeadTimeAfterOct1InMonths>0</proc:TotalLeadTimeAfterOct1InMonths>
                                            </proc:InitialQuantity>
                                            <proc:ReorderQuantity>
                                                <proc:AdminLeadTimeBeforeOct1InMonths>0</proc:AdminLeadTimeBeforeOct1InMonths>
                                                <proc:AdminLeadTimeAfterOct1InMonths>0</proc:AdminLeadTimeAfterOct1InMonths>
                                                <proc:ProductionLeadTimeAfterOct1InMonths>0</proc:ProductionLeadTimeAfterOct1InMonths>
                                                <proc:TotalLeadTimeAfterOct1InMonths>0</proc:TotalLeadTimeAfterOct1InMonths>
                                            </proc:ReorderQuantity>
                                            <proc:HistoryPlanningList>
                                                <proc:HistoryPlanning>
                                                    <proc:FiscalYear>2026</proc:FiscalYear>
                                                    <proc:PCOLocation>APG, MD</proc:PCOLocation>
                                                    <proc:AwardDate>2025-11</proc:AwardDate>
                                                    <proc:FirstDeliveryDate>2026-01</proc:FirstDeliveryDate>
                                                    <proc:Quantity>33</proc:Quantity>
                                                    <proc:UnitCost>1008</proc:UnitCost>
                                                    <proc:SpecsAvailableNow>false</proc:SpecsAvailableNow>
                                                    <proc:ContractMethod>C</proc:ContractMethod>
                                                    <proc:ContractType>IDIQ</proc:ContractType>
                                                    <proc:MonthlyDeliveryScheduleList>
                                                        <proc:MonthlyDeliverySchedule>
                                                            <proc:ServiceAgencyName>Army</proc:ServiceAgencyName>
                                                            <proc:ProcQuantity>33</proc:ProcQuantity>
                                                            <proc:MonthlyDeliveryList>
                                                                <proc:MonthlyDelivery>
                                                                    <proc:Month>2026-01</proc:Month>
                                                                    <proc:Amount>6</proc:Amount>
                                                                </proc:MonthlyDelivery>
                                                                <proc:MonthlyDelivery>
                                                                    <proc:Month>2026-02</proc:Month>
                                                                    <proc:Amount>6</proc:Amount>
                                                                </proc:MonthlyDelivery>
                                                                <proc:MonthlyDelivery>
                                                                    <proc:Month>2026-03</proc:Month>
                                                                    <proc:Amount>6</proc:Amount>
                                                                </proc:MonthlyDelivery>
                                                                <proc:MonthlyDelivery>
                                                                    <proc:Month>2026-04</proc:Month>
                                                                    <proc:Amount>6</proc:Amount>
                                                                </proc:MonthlyDelivery>
                                                                <proc:MonthlyDelivery>
                                                                    <proc:Month>2026-05</proc:Month>
                                                                    <proc:Amount>6</proc:Amount>
                                                                </proc:MonthlyDelivery>
                                                                <proc:MonthlyDelivery>
                                                                    <proc:Month>2026-06</proc:Month>
                                                                    <proc:Amount>3</proc:Amount>
                                                                </proc:MonthlyDelivery>
                                                            </proc:MonthlyDeliveryList>
                                                        </proc:MonthlyDeliverySchedule>
                                                    </proc:MonthlyDeliveryScheduleList>
                                                    <proc:MonthlyDeliveryScheduleTotal>
                                                        <proc:ProcQuantity>33</proc:ProcQuantity>
                                                        <proc:MonthlyDeliveryList>
                                                            <proc:MonthlyDelivery>
                                                                <proc:Month>2026-01</proc:Month>
                                                                <proc:Amount>6</proc:Amount>
                                                            </proc:MonthlyDelivery>
                                                            <proc:MonthlyDelivery>
                                                                <proc:Month>2026-02</proc:Month>
                                                                <proc:Amount>6</proc:Amount>
                                                            </proc:MonthlyDelivery>
                                                            <proc:MonthlyDelivery>
                                                                <proc:Month>2026-03</proc:Month>
                                                                <proc:Amount>6</proc:Amount>
                                                            </proc:MonthlyDelivery>
                                                            <proc:MonthlyDelivery>
                                                                <proc:Month>2026-04</proc:Month>
                                                                <proc:Amount>6</proc:Amount>
                                                            </proc:MonthlyDelivery>
                                                            <proc:MonthlyDelivery>
                                                                <proc:Month>2026-05</proc:Month>
                                                                <proc:Amount>6</proc:Amount>
                                                            </proc:MonthlyDelivery>
                                                            <proc:MonthlyDelivery>
                                                                <proc:Month>2026-06</proc:Month>
                                                                <proc:Amount>3</proc:Amount>
                                                            </proc:MonthlyDelivery>
                                                        </proc:MonthlyDeliveryList>
                                                    </proc:MonthlyDeliveryScheduleTotal>
                                                </proc:HistoryPlanning>
                                            </proc:HistoryPlanningList>
                                        </proc:Manufacturer>
                                    </proc:ManufacturerList>
                                </proc:CostElement>
                            </proc:CostElementList>
                            <proc:CategorySubtotal>
                                <proc:TotalCost>
                                    <proc:BudgetYearOneBase>33.264</proc:BudgetYearOneBase>
                                    <proc:BudgetYearOne>33.264</proc:BudgetYearOne>
                                </proc:TotalCost>
                            </proc:CategorySubtotal>
                        </proc:Recurring>
                        <proc:CategorySubtotal>
                            <proc:TotalCost>
                                <proc:BudgetYearOneBase>33.264</proc:BudgetYearOneBase>
                                <proc:BudgetYearOne>33.264</proc:BudgetYearOne>
                            </proc:TotalCost>
                        </proc:CategorySubtotal>
                    </proc:Hardware>
                    <proc:Logistics>
                        <proc:Recurring>
                            <proc:CostElementList>
                                <proc:CostElement>
                                    <proc:Name>Fielding/Training/Depot Support</proc:Name>
                                    <proc:Cost>
                                        <proc:TotalCost>
                                            <proc:BudgetYearOneBase>8.854</proc:BudgetYearOneBase>
                                            <proc:BudgetYearOne>8.854</proc:BudgetYearOne>
                                        </proc:TotalCost>
                                    </proc:Cost>
                                </proc:CostElement>
                            </proc:CostElementList>
                            <proc:CategorySubtotal>
                                <proc:TotalCost>
                                    <proc:BudgetYearOneBase>8.854</proc:BudgetYearOneBase>
                                    <proc:BudgetYearOne>8.854</proc:BudgetYearOne>
                                </proc:TotalCost>
                            </proc:CategorySubtotal>
                        </proc:Recurring>
                        <proc:CategorySubtotal>
                            <proc:TotalCost>
                                <proc:BudgetYearOneBase>8.854</proc:BudgetYearOneBase>
                                <proc:BudgetYearOne>8.854</proc:BudgetYearOne>
                            </proc:TotalCost>
                        </proc:CategorySubtotal>
                    </proc:Logistics>
                    <proc:Support>
                        <proc:CostElementList>
                            <proc:CostElement>
                                <proc:Name>Contractor Management</proc:Name>
                                <proc:Cost>
                                    <proc:TotalCost>
                                        <proc:BudgetYearOneBase>4.6</proc:BudgetYearOneBase>
                                        <proc:BudgetYearOne>4.6</proc:BudgetYearOne>
                                    </proc:TotalCost>
                                </proc:Cost>
                            </proc:CostElement>
                        </proc:CostElementList>
                        <proc:CategorySubtotal>
                            <proc:TotalCost>
                                <proc:BudgetYearOneBase>4.6</proc:BudgetYearOneBase>
                                <proc:BudgetYearOne>4.6</proc:BudgetYearOne>
                            </proc:TotalCost>
                        </proc:CategorySubtotal>
                        <proc:Name>Program Management</proc:Name>
                    </proc:Support>
                </proc:CostElementCategoryList>
            </proc:P5Item>
            <proc:P5Item>
                <proc:Name>TERRESTRIAL LAYER SYS ECHELON ABOVE BRIGADE</proc:Name>
                <proc:ItemNumber>I32012</proc:ItemNumber>
                <proc:SecondaryDistribution>
                    <proc:ComponentList>
                        <proc:Component>
                            <proc:Name>Army Active</proc:Name>
                            <proc:Cost>
                                <proc:TotalCost>
                                    <proc:BudgetYearOneBase>1.308</proc:BudgetYearOneBase>
                                    <proc:BudgetYearOne>1.308</proc:BudgetYearOne>
                                </proc:TotalCost>
                            </proc:Cost>
                        </proc:Component>
                    </proc:ComponentList>
                </proc:SecondaryDistribution>
                <proc:Remarks>This is not a new start. FY2026-2030 funding was realigned in the Agile Portfolio Management from:
Budget Activity-02 (BA-02) Line Item Number (LIN) 9546B97600: Item Number B97611 Terrestrial Layer System Echelons Above Brigade (TLS EAB).</proc:Remarks>
                <proc:ResourceSummary>
                    <proc:TotalCost>
                        <proc:BudgetYearOneBase>1.308</proc:BudgetYearOneBase>
                        <proc:BudgetYearOne>1.308</proc:BudgetYearOne>
                    </proc:TotalCost>
                    <proc:NetProcurementP1>
                        <proc:BudgetYearOneBase>1.308</proc:BudgetYearOneBase>
                        <proc:BudgetYearOne>1.308</proc:BudgetYearOne>
                    </proc:NetProcurementP1>
                    <proc:TotalObligationAuthority>
                        <proc:BudgetYearOneBase>1.308</proc:BudgetYearOneBase>
                        <proc:BudgetYearOne>1.308</proc:BudgetYearOne>
                    </proc:TotalObligationAuthority>
                </proc:ResourceSummary>
                <proc:CostElementCategoryList>
                    <proc:Hardware>
                        <proc:Recurring>
                            <proc:CostElementList>
                                <proc:CostElement>
                                    <proc:Name>MDTF ONS Support</proc:Name>
                                    <proc:Cost>
                                        <proc:TotalCost>
                                            <proc:BudgetYearOneBase>1.308</proc:BudgetYearOneBase>
                                            <proc:BudgetYearOne>1.308</proc:BudgetYearOne>
                                        </proc:TotalCost>
                                    </proc:Cost>
                                </proc:CostElement>
                            </proc:CostElementList>
                            <proc:CategorySubtotal>
                                <proc:TotalCost>
                                    <proc:BudgetYearOneBase>1.308</proc:BudgetYearOneBase>
                                    <proc:BudgetYearOne>1.308</proc:BudgetYearOne>
                                </proc:TotalCost>
                            </proc:CategorySubtotal>
                        </proc:Recurring>
                        <proc:CategorySubtotal>
                            <proc:TotalCost>
                                <proc:BudgetYearOneBase>1.308</proc:BudgetYearOneBase>
                                <proc:BudgetYearOne>1.308</proc:BudgetYearOne>
                            </proc:TotalCost>
                        </proc:CategorySubtotal>
                    </proc:Hardware>
                </proc:CostElementCategoryList>
            </proc:P5Item>
            <proc:P5Item>
                <proc:Name>MOD OF IN-SVC EQUIP SPECIAL PURPOSE SYSTEM</proc:Name>
                <proc:ItemNumber>I32013</proc:ItemNumber>
                <proc:SecondaryDistribution>
                    <proc:ComponentList>
                        <proc:Component>
                            <proc:Name>Army Active</proc:Name>
                            <proc:Cost>
                                <proc:TotalCost>
                                    <proc:BudgetYearOneBase>6.401</proc:BudgetYearOneBase>
                                    <proc:BudgetYearOne>6.401</proc:BudgetYearOne>
                                </proc:TotalCost>
                            </proc:Cost>
                        </proc:Component>
                    </proc:ComponentList>
                </proc:SecondaryDistribution>
                <proc:ResourceSummary>
                    <proc:TotalCost>
                        <proc:BudgetYearOneBase>6.401</proc:BudgetYearOneBase>
                        <proc:BudgetYearOne>6.401</proc:BudgetYearOne>
                    </proc:TotalCost>
                    <proc:NetProcurementP1>
                        <proc:BudgetYearOneBase>6.401</proc:BudgetYearOneBase>
                        <proc:BudgetYearOne>6.401</proc:BudgetYearOne>
                    </proc:NetProcurementP1>
                    <proc:TotalObligationAuthority>
                        <proc:BudgetYearOneBase>6.401</proc:BudgetYearOneBase>
                        <proc:BudgetYearOne>6.401</proc:BudgetYearOne>
                    </proc:TotalObligationAuthority>
                </proc:ResourceSummary>
                <proc:CostElementCategoryList>
                    <proc:Flyaway>
                        <proc:Recurring>
                            <proc:CostElementList>
                                <proc:CostElement>
                                    <proc:Name>Integration, fielding and logistics products for Signal of Interest Technical Insertions</proc:Name>
                                    <proc:Cost>
                                        <proc:TotalCost>
                                            <proc:BudgetYearOneBase>6.401</proc:BudgetYearOneBase>
                                            <proc:BudgetYearOne>6.401</proc:BudgetYearOne>
                                        </proc:TotalCost>
                                    </proc:Cost>
                                </proc:CostElement>
                            </proc:CostElementList>
                            <proc:CategorySubtotal>
                                <proc:TotalCost>
                                    <proc:BudgetYearOneBase>6.401</proc:BudgetYearOneBase>
                                    <proc:BudgetYearOne>6.401</proc:BudgetYearOne>
                                </proc:TotalCost>
                            </proc:CategorySubtotal>
                        </proc:Recurring>
                        <proc:CategorySubtotal>
                            <proc:TotalCost>
                                <proc:BudgetYearOneBase>6.401</proc:BudgetYearOneBase>
                                <proc:BudgetYearOne>6.401</proc:BudgetYearOne>
                            </proc:TotalCost>
                        </proc:CategorySubtotal>
                    </proc:Flyaway>
                </proc:CostElementCategoryList>
            </proc:P5Item>
        </proc:ItemExhibitList>
        <proc:DocumentAssemblyOptions>
            <proc:p40AItemScheduleSetting>item</proc:p40AItemScheduleSetting>
        </proc:DocumentAssemblyOptions>
    </proc:LineItem>
</proc:LineItemList>