<?xml version="1.0" encoding="UTF-8"?>
<proc:LineItemList xmlns:proc="http://www.dtic.mil/comptroller/xml/schema/20100219/procurement">
    <proc:LineItem quantityUnits="Each" quantityUnitName="Each" unitCostUnits="Thousands" totalCostUnits="Millions" manufacturerRateUnits="Monthly">
        <proc:LineItemNumber>0100MF9000</proc:LineItemNumber>
        <proc:LineItemTitle>Heaters and ECU's</proc:LineItemTitle>
        <proc:P1LineNumber>153</proc:P1LineNumber>
        <proc:BudgetYear>2026</proc:BudgetYear>
        <proc:BudgetCycle>PB</proc:BudgetCycle>
        <proc:SubmissionDate>2025-06</proc:SubmissionDate>
        <proc:ServiceAgencyName>Army</proc:ServiceAgencyName>
        <proc:AppropriationNumber>2035A</proc:AppropriationNumber>
        <proc:AppropriationTitle>Other Procurement, Army</proc:AppropriationTitle>
        <proc:BudgetActivityNumber>3</proc:BudgetActivityNumber>
        <proc:BudgetActivityTitle>Other Support Equipment</proc:BudgetActivityTitle>
        <proc:BudgetSubActivityNumber>25</proc:BudgetSubActivityNumber>
        <proc:BudgetSubActivityTitle>Combat Service Support Equipment</proc:BudgetSubActivityTitle>
        <proc:ResourceSummary>
            <proc:Quantity>
                <proc:AllPriorYears>132</proc:AllPriorYears>
                <proc:PriorYear>58</proc:PriorYear>
                <proc:CurrentYear>39</proc:CurrentYear>
                <proc:BudgetYearOneBase>442</proc:BudgetYearOneBase>
                <proc:BudgetYearOne>442</proc:BudgetYearOne>
            </proc:Quantity>
            <proc:TotalCost>
                <proc:AllPriorYears>171.971</proc:AllPriorYears>
                <proc:PriorYear>7.17</proc:PriorYear>
                <proc:CurrentYear>14.355</proc:CurrentYear>
                <proc:BudgetYearOneBase>14.288</proc:BudgetYearOneBase>
                <proc:BudgetYearOne>14.288</proc:BudgetYearOne>
            </proc:TotalCost>
            <proc:UnitCost>
                <proc:AllPriorYears>1302.811</proc:AllPriorYears>
                <proc:PriorYear>123.621</proc:PriorYear>
                <proc:CurrentYear>368.077</proc:CurrentYear>
                <proc:BudgetYearOneBase>32.326</proc:BudgetYearOneBase>
                <proc:BudgetYearOne>32.326</proc:BudgetYearOne>
            </proc:UnitCost>
            <proc:NetProcurementP1>
                <proc:AllPriorYears>171.971</proc:AllPriorYears>
                <proc:PriorYear>7.17</proc:PriorYear>
                <proc:CurrentYear>14.355</proc:CurrentYear>
                <proc:BudgetYearOneBase>14.288</proc:BudgetYearOneBase>
                <proc:BudgetYearOne>14.288</proc:BudgetYearOne>
            </proc:NetProcurementP1>
            <proc:TotalObligationAuthority>
                <proc:AllPriorYears>171.971</proc:AllPriorYears>
                <proc:PriorYear>7.17</proc:PriorYear>
                <proc:CurrentYear>14.355</proc:CurrentYear>
                <proc:BudgetYearOneBase>14.288</proc:BudgetYearOneBase>
                <proc:BudgetYearOne>14.288</proc:BudgetYearOne>
            </proc:TotalObligationAuthority>
        </proc:ResourceSummary>
        <proc:OtherRelatedProgramElementList>
            <proc:ProgramElementNumber>0608804A</proc:ProgramElementNumber>
        </proc:OtherRelatedProgramElementList>
        <proc:SecondaryDistribution>
            <proc:ComponentList>
                <proc:Component>
                    <proc:Name>Army Active</proc:Name>
                    <proc:Cost>
                        <proc:Quantity>
                            <proc:PriorYear>58</proc:PriorYear>
                            <proc:CurrentYear>36</proc:CurrentYear>
                            <proc:BudgetYearOneBase>165</proc:BudgetYearOneBase>
                            <proc:BudgetYearOne>165</proc:BudgetYearOne>
                        </proc:Quantity>
                        <proc:TotalCost>
                            <proc:PriorYear>7.17</proc:PriorYear>
                            <proc:CurrentYear>13.245</proc:CurrentYear>
                            <proc:BudgetYearOneBase>5.35</proc:BudgetYearOneBase>
                            <proc:BudgetYearOne>5.35</proc:BudgetYearOne>
                        </proc:TotalCost>
                    </proc:Cost>
                </proc:Component>
                <proc:Component>
                    <proc:Name>Army National Guard</proc:Name>
                    <proc:Cost>
                        <proc:Quantity>
                            <proc:CurrentYear>3</proc:CurrentYear>
                            <proc:BudgetYearOneBase>203</proc:BudgetYearOneBase>
                            <proc:BudgetYearOne>203</proc:BudgetYearOne>
                        </proc:Quantity>
                        <proc:TotalCost>
                            <proc:CurrentYear>1.11</proc:CurrentYear>
                            <proc:BudgetYearOneBase>6.528</proc:BudgetYearOneBase>
                            <proc:BudgetYearOne>6.528</proc:BudgetYearOne>
                        </proc:TotalCost>
                    </proc:Cost>
                </proc:Component>
                <proc:Component>
                    <proc:Name>Army Reserve</proc:Name>
                    <proc:Cost>
                        <proc:Quantity>
                            <proc:BudgetYearOneBase>74</proc:BudgetYearOneBase>
                            <proc:BudgetYearOne>74</proc:BudgetYearOne>
                        </proc:Quantity>
                        <proc:TotalCost>
                            <proc:BudgetYearOneBase>2.41</proc:BudgetYearOneBase>
                            <proc:BudgetYearOne>2.41</proc:BudgetYearOne>
                        </proc:TotalCost>
                    </proc:Cost>
                </proc:Component>
            </proc:ComponentList>
            <proc:TotalCost>
                <proc:Quantity>
                    <proc:PriorYear>58</proc:PriorYear>
                    <proc:CurrentYear>39</proc:CurrentYear>
                    <proc:BudgetYearOneBase>442</proc:BudgetYearOneBase>
                    <proc:BudgetYearOne>442</proc:BudgetYearOne>
                </proc:Quantity>
                <proc:TotalCost>
                    <proc:PriorYear>7.17</proc:PriorYear>
                    <proc:CurrentYear>14.355</proc:CurrentYear>
                    <proc:BudgetYearOneBase>14.288</proc:BudgetYearOneBase>
                    <proc:BudgetYearOne>14.288</proc:BudgetYearOne>
                </proc:TotalCost>
            </proc:TotalCost>
        </proc:SecondaryDistribution>
        <proc:Description>This budget line represents the Army's family of Improved Environmental Control Units (IECUs), commonly known as Air Conditioners.  IECUs provide cooling and supplemental heating for Army tents and shelters.  Systems range in size from 9,000 to 60,000 British Thermal Units/hour (BTU/hr) and are powered by common electrical currents supplied by both mobile electric power systems and standard commercial facilities.  IECUs also provide dehumidification and filtering of air in support of environmentally sensitive electronic equipment in mobile shelters and vans.  IECUs support critical electronic equipment that would not support the Army mission without proper environmental control. IECUs support numerous major tactical weapon systems. The majority of the supported weapon systems are command, control, and communication items. Other applications include medical facilities, expeditionary basing, support equipment, satellite communications, intelligence gathering systems, petroleum and water logistics laboratories, electronic shop sets, Test Measurement and Diagnostic Equipment (TMDE), aviation shop sets and topographic support sets.

The IECU program will provide a new generation of Environmental Control Units (ECUs) that use environmentally approved refrigerants, with zero ozone-depleting chemicals (ODCs), to replace the current Military Standard (MIL-STD) Family of ECUs.  IECUs are required to replace currently fielded environmental control units in order to comply with statutory and regulatory restrictions on the use of Class II Ozone Depleting Chemicals (ODCs) and to increase the performance of military ECUs. IECUs operate at wider operating temperatures, are more ruggedized than commercial ECUs, and employ embedded diagnostics and automatic safety controls. Technical improvements over existing military-standard ECUs will yield significant fuel and weight savings, reduction in scheduled maintenance, and increased reliability.

60,000 (3 phase / 50-60 hertz) BTUH (British Thermal Units per Hour) Army Acquisition Objective (AAO) = 3,630
9,000 (single phase / 60 hertz) BTUH AAO = 223
18,000 (3 phase / 60 hertz / 208V) BTUH AAO = 3,573
18,000 (single phase / 60 hertz / 230V) BTUH AAO= 440
36,000 (3 phase / 60 hertz) BTUH AAO= 874

Note: Requirement is to fill existing shortages or provide replacement for assets that are over age, non-supportable, and non-repairable. The IECUs are critical to the systems they support. Additionally, IECUs are required to fill urgent shortages on new fielding of high priority weapon systems. They are used in select shelters which house critical life-saving operations in Combat Support Hospitals and storage of perishable supplies in Brigade Support Battalions.  The IECUs provide an EPA compliant capability to the force structure before commercial/military stocks of previously used refrigerant are exhausted and no longer available. IECUs provide essential air conditioning, dehumidification and filtering of air in support of environmentally sensitive electronic equipment in mobile shelters and vans critical to the CP mission and are a critical component of multiple mobile weapons systems. Present and emerging command, control, communications, computers, intelligence, surveillance, and reconnaissance (C4ISR) systems require environmental control to moderate the environmental temperatures in which these systems operate.</proc:Description>
        <proc:Justification>FY2026 base procurement dollars in the amount of $14.288 million supports the family of Improved Environmental Control Units (IECU) and Base requirements. Funding will support procurement of First Article production assets and an additional delivery order. FY2026 funding also continues to fund technical and logistics support documentation for 10 year IDIQ.

In accordance with Section 1815 of the FY 2008 National Defense Authorization Act (P.L. 110-181), this item is necessary for use by the active and reserve components of the Armed Forces for homeland defense missions, domestic emergency responses, and providing military support to civil authorities.</proc:Justification>
        <proc:ItemExhibitList>
            <proc:P5Item>
                <proc:Name>IMPROVED ENVIRONMENTAL CONTROL UNITS</proc:Name>
                <proc:ItemNumber>MF9303</proc:ItemNumber>
                <proc:SecondaryDistribution>
                    <proc:ComponentList>
                        <proc:Component>
                            <proc:Name>Army Active</proc:Name>
                            <proc:Cost>
                                <proc:Quantity>
                                    <proc:PriorYear>58</proc:PriorYear>
                                    <proc:CurrentYear>36</proc:CurrentYear>
                                    <proc:BudgetYearOneBase>165</proc:BudgetYearOneBase>
                                    <proc:BudgetYearOne>165</proc:BudgetYearOne>
                                </proc:Quantity>
                                <proc:TotalCost>
                                    <proc:PriorYear>7.17</proc:PriorYear>
                                    <proc:CurrentYear>13.245</proc:CurrentYear>
                                    <proc:BudgetYearOneBase>5.35</proc:BudgetYearOneBase>
                                    <proc:BudgetYearOne>5.35</proc:BudgetYearOne>
                                </proc:TotalCost>
                            </proc:Cost>
                        </proc:Component>
                        <proc:Component>
                            <proc:Name>Army National Guard</proc:Name>
                            <proc:Cost>
                                <proc:Quantity>
                                    <proc:CurrentYear>3</proc:CurrentYear>
                                    <proc:BudgetYearOneBase>203</proc:BudgetYearOneBase>
                                    <proc:BudgetYearOne>203</proc:BudgetYearOne>
                                </proc:Quantity>
                                <proc:TotalCost>
                                    <proc:CurrentYear>1.11</proc:CurrentYear>
                                    <proc:BudgetYearOneBase>6.528</proc:BudgetYearOneBase>
                                    <proc:BudgetYearOne>6.528</proc:BudgetYearOne>
                                </proc:TotalCost>
                            </proc:Cost>
                        </proc:Component>
                        <proc:Component>
                            <proc:Name>Army Reserve</proc:Name>
                            <proc:Cost>
                                <proc:Quantity>
                                    <proc:BudgetYearOneBase>74</proc:BudgetYearOneBase>
                                    <proc:BudgetYearOne>74</proc:BudgetYearOne>
                                </proc:Quantity>
                                <proc:TotalCost>
                                    <proc:BudgetYearOneBase>2.41</proc:BudgetYearOneBase>
                                    <proc:BudgetYearOne>2.41</proc:BudgetYearOne>
                                </proc:TotalCost>
                            </proc:Cost>
                        </proc:Component>
                    </proc:ComponentList>
                </proc:SecondaryDistribution>
                <proc:Remarks>FY 2026 increase will purchase additional units towards the AAO.</proc:Remarks>
                <proc:ResourceSummary>
                    <proc:Quantity>
                        <proc:AllPriorYears>132</proc:AllPriorYears>
                        <proc:PriorYear>58</proc:PriorYear>
                        <proc:CurrentYear>39</proc:CurrentYear>
                        <proc:BudgetYearOneBase>442</proc:BudgetYearOneBase>
                        <proc:BudgetYearOne>442</proc:BudgetYearOne>
                    </proc:Quantity>
                    <proc:TotalCost>
                        <proc:AllPriorYears>171.971</proc:AllPriorYears>
                        <proc:PriorYear>7.17</proc:PriorYear>
                        <proc:CurrentYear>14.355</proc:CurrentYear>
                        <proc:BudgetYearOneBase>14.288</proc:BudgetYearOneBase>
                        <proc:BudgetYearOne>14.288</proc:BudgetYearOne>
                    </proc:TotalCost>
                    <proc:UnitCost>
                        <proc:AllPriorYears>1302.811</proc:AllPriorYears>
                        <proc:PriorYear>123.621</proc:PriorYear>
                        <proc:CurrentYear>368.077</proc:CurrentYear>
                        <proc:BudgetYearOneBase>32.326</proc:BudgetYearOneBase>
                        <proc:BudgetYearOne>32.326</proc:BudgetYearOne>
                    </proc:UnitCost>
                    <proc:NetProcurementP1>
                        <proc:AllPriorYears>171.971</proc:AllPriorYears>
                        <proc:PriorYear>7.17</proc:PriorYear>
                        <proc:CurrentYear>14.355</proc:CurrentYear>
                        <proc:BudgetYearOneBase>14.288</proc:BudgetYearOneBase>
                        <proc:BudgetYearOne>14.288</proc:BudgetYearOne>
                    </proc:NetProcurementP1>
                    <proc:TotalObligationAuthority>
                        <proc:AllPriorYears>171.971</proc:AllPriorYears>
                        <proc:PriorYear>7.17</proc:PriorYear>
                        <proc:CurrentYear>14.355</proc:CurrentYear>
                        <proc:BudgetYearOneBase>14.288</proc:BudgetYearOneBase>
                        <proc:BudgetYearOne>14.288</proc:BudgetYearOne>
                    </proc:TotalObligationAuthority>
                </proc:ResourceSummary>
                <proc:CostElementCategoryList>
                    <proc:Flyaway>
                        <proc:Recurring>
                            <proc:CostElementList>
                                <proc:CostElement>
                                    <proc:Name>1. Engineering Support</proc:Name>
                                    <proc:Cost>
                                        <proc:TotalCost>
                                            <proc:AllPriorYears>27.371</proc:AllPriorYears>
                                            <proc:PriorYear>1.185</proc:PriorYear>
                                            <proc:CurrentYear>3</proc:CurrentYear>
                                            <proc:BudgetYearOneBase>1.845</proc:BudgetYearOneBase>
                                            <proc:BudgetYearOne>1.845</proc:BudgetYearOne>
                                        </proc:TotalCost>
                                    </proc:Cost>
                                </proc:CostElement>
                                <proc:CostElement>
                                    <proc:Name>2. Engineering Change Orders</proc:Name>
                                    <proc:Cost>
                                        <proc:TotalCost>
                                            <proc:AllPriorYears>15.363</proc:AllPriorYears>
                                            <proc:PriorYear>0.247</proc:PriorYear>
                                            <proc:CurrentYear>0.25</proc:CurrentYear>
                                        </proc:TotalCost>
                                    </proc:Cost>
                                </proc:CostElement>
                                <proc:CostElement>
                                    <proc:Name>Initial Spares</proc:Name>
                                    <proc:Cost>
                                        <proc:TotalCost>
                                            <proc:AllPriorYears>0.84</proc:AllPriorYears>
                                            <proc:PriorYear>0.024</proc:PriorYear>
                                            <proc:CurrentYear>0.521</proc:CurrentYear>
                                            <proc:BudgetYearOneBase>0.4</proc:BudgetYearOneBase>
                                            <proc:BudgetYearOne>0.4</proc:BudgetYearOne>
                                        </proc:TotalCost>
                                    </proc:Cost>
                                </proc:CostElement>
                                <proc:CostElement>
                                    <proc:Name>3. Testing</proc:Name>
                                    <proc:Cost>
                                        <proc:TotalCost>
                                            <proc:AllPriorYears>4.33</proc:AllPriorYears>
                                            <proc:PriorYear>0.4</proc:PriorYear>
                                            <proc:CurrentYear>0.989</proc:CurrentYear>
                                            <proc:BudgetYearOneBase>0.3</proc:BudgetYearOneBase>
                                            <proc:BudgetYearOne>0.3</proc:BudgetYearOne>
                                        </proc:TotalCost>
                                    </proc:Cost>
                                </proc:CostElement>
                                <proc:CostElement>
                                    <proc:Name>4. System Fielding Support</proc:Name>
                                    <proc:Cost>
                                        <proc:TotalCost>
                                            <proc:AllPriorYears>3.239</proc:AllPriorYears>
                                            <proc:PriorYear>0.52</proc:PriorYear>
                                            <proc:CurrentYear>0.263</proc:CurrentYear>
                                            <proc:BudgetYearOneBase>0.154</proc:BudgetYearOneBase>
                                            <proc:BudgetYearOne>0.154</proc:BudgetYearOne>
                                        </proc:TotalCost>
                                    </proc:Cost>
                                </proc:CostElement>
                                <proc:CostElement>
                                    <proc:Name>5. System Assessment</proc:Name>
                                    <proc:Cost>
                                        <proc:TotalCost>
                                            <proc:AllPriorYears>1.205</proc:AllPriorYears>
                                        </proc:TotalCost>
                                    </proc:Cost>
                                </proc:CostElement>
                                <proc:CostElement>
                                    <proc:Name>6. Logistic Support</proc:Name>
                                    <proc:Cost>
                                        <proc:TotalCost>
                                            <proc:AllPriorYears>32.844</proc:AllPriorYears>
                                            <proc:PriorYear>0.914</proc:PriorYear>
                                            <proc:CurrentYear>7.206</proc:CurrentYear>
                                            <proc:BudgetYearOneBase>2.3</proc:BudgetYearOneBase>
                                            <proc:BudgetYearOne>2.3</proc:BudgetYearOne>
                                        </proc:TotalCost>
                                    </proc:Cost>
                                </proc:CostElement>
                                <proc:CostElement>
                                    <proc:Name>7. Data</proc:Name>
                                    <proc:Cost>
                                        <proc:TotalCost>
                                            <proc:AllPriorYears>4.495</proc:AllPriorYears>
                                            <proc:PriorYear>0.9</proc:PriorYear>
                                            <proc:CurrentYear>0.685</proc:CurrentYear>
                                            <proc:BudgetYearOneBase>0.685</proc:BudgetYearOneBase>
                                            <proc:BudgetYearOne>0.685</proc:BudgetYearOne>
                                        </proc:TotalCost>
                                    </proc:Cost>
                                </proc:CostElement>
                                <proc:CostElement>
                                    <proc:Name>8. Program Management Support</proc:Name>
                                    <proc:Cost>
                                        <proc:TotalCost>
                                            <proc:AllPriorYears>23.138</proc:AllPriorYears>
                                            <proc:PriorYear>0.381</proc:PriorYear>
                                            <proc:CurrentYear>0.718</proc:CurrentYear>
                                            <proc:BudgetYearOneBase>0.552</proc:BudgetYearOneBase>
                                            <proc:BudgetYearOne>0.552</proc:BudgetYearOne>
                                        </proc:TotalCost>
                                    </proc:Cost>
                                </proc:CostElement>
                            </proc:CostElementList>
                            <proc:CategorySubtotal>
                                <proc:TotalCost>
                                    <proc:AllPriorYears>112.825</proc:AllPriorYears>
                                    <proc:PriorYear>4.571</proc:PriorYear>
                                    <proc:CurrentYear>13.632</proc:CurrentYear>
                                    <proc:BudgetYearOneBase>6.236</proc:BudgetYearOneBase>
                                    <proc:BudgetYearOne>6.236</proc:BudgetYearOne>
                                </proc:TotalCost>
                            </proc:CategorySubtotal>
                        </proc:Recurring>
                        <proc:CategorySubtotal>
                            <proc:TotalCost>
                                <proc:AllPriorYears>112.825</proc:AllPriorYears>
                                <proc:PriorYear>4.571</proc:PriorYear>
                                <proc:CurrentYear>13.632</proc:CurrentYear>
                                <proc:BudgetYearOneBase>6.236</proc:BudgetYearOneBase>
                                <proc:BudgetYearOne>6.236</proc:BudgetYearOne>
                            </proc:TotalCost>
                        </proc:CategorySubtotal>
                    </proc:Flyaway>
                    <proc:Hardware>
                        <proc:Recurring>
                            <proc:CostElementList>
                                <proc:CostElement>
                                    <proc:Name>9,000 BTU/H ECU</proc:Name>
                                    <proc:Cost>
                                        <proc:Quantity>
                                            <proc:AllPriorYears>584</proc:AllPriorYears>
                                            <proc:PriorYear>8</proc:PriorYear>
                                            <proc:BudgetYearOneBase>42</proc:BudgetYearOneBase>
                                            <proc:BudgetYearOne>42</proc:BudgetYearOne>
                                        </proc:Quantity>
                                        <proc:TotalCost>
                                            <proc:AllPriorYears>4.376</proc:AllPriorYears>
                                            <proc:PriorYear>0.418</proc:PriorYear>
                                            <proc:BudgetYearOneBase>0.699</proc:BudgetYearOneBase>
                                            <proc:BudgetYearOne>0.699</proc:BudgetYearOne>
                                        </proc:TotalCost>
                                        <proc:UnitCost>
                                            <proc:AllPriorYears>7.493</proc:AllPriorYears>
                                            <proc:PriorYear>52.25</proc:PriorYear>
                                            <proc:BudgetYearOneBase>16.643</proc:BudgetYearOneBase>
                                            <proc:BudgetYearOne>16.643</proc:BudgetYearOne>
                                        </proc:UnitCost>
                                    </proc:Cost>
                                    <proc:AllPriorYearsDeliveries>584</proc:AllPriorYearsDeliveries>
                                    <proc:ManufacturerList>
                                        <proc:Manufacturer>
                                            <proc:Name>TBD</proc:Name>
                                            <proc:Location>TBD</proc:Location>
                                            <proc:HistoryPlanningList>
                                                <proc:HistoryPlanning>
                                                    <proc:FiscalYear>2024</proc:FiscalYear>
                                                    <proc:PCOLocation>ACC-APG Natick, MA</proc:PCOLocation>
                                                    <proc:AwardDate>2024-03</proc:AwardDate>
                                                    <proc:FirstDeliveryDate>2025-06</proc:FirstDeliveryDate>
                                                    <proc:Quantity>8</proc:Quantity>
                                                    <proc:UnitCost>52.25</proc:UnitCost>
                                                    <proc:SpecsAvailableNow>false</proc:SpecsAvailableNow>
                                                    <proc:RevisionsAvailableDate>2023-03</proc:RevisionsAvailableDate>
                                                    <proc:RFPIssueDate>2023-06</proc:RFPIssueDate>
                                                    <proc:ContractMethod>C</proc:ContractMethod>
                                                    <proc:ContractType>FFP</proc:ContractType>
                                                </proc:HistoryPlanning>
                                            </proc:HistoryPlanningList>
                                        </proc:Manufacturer>
                                        <proc:Manufacturer>
                                            <proc:Name>HDT Global</proc:Name>
                                            <proc:Location>Solon, OH</proc:Location>
                                            <proc:HistoryPlanningList>
                                                <proc:HistoryPlanning>
                                                    <proc:FiscalYear>2026</proc:FiscalYear>
                                                    <proc:PCOLocation>ACC-APG Natick, MA</proc:PCOLocation>
                                                    <proc:AwardDate>2026-03</proc:AwardDate>
                                                    <proc:FirstDeliveryDate>2026-06</proc:FirstDeliveryDate>
                                                    <proc:Quantity>42</proc:Quantity>
                                                    <proc:UnitCost>16.643</proc:UnitCost>
                                                    <proc:SpecsAvailableNow>false</proc:SpecsAvailableNow>
                                                    <proc:RFPIssueDate>2024-07</proc:RFPIssueDate>
                                                    <proc:ContractMethod>C</proc:ContractMethod>
                                                    <proc:ContractType>TBD</proc:ContractType>
                                                </proc:HistoryPlanning>
                                            </proc:HistoryPlanningList>
                                        </proc:Manufacturer>
                                    </proc:ManufacturerList>
                                </proc:CostElement>
                                <proc:CostElement>
                                    <proc:Name>18,000 BTU/H ECU (208V 3PH/50/60Hz)</proc:Name>
                                    <proc:Cost>
                                        <proc:Quantity>
                                            <proc:AllPriorYears>1082</proc:AllPriorYears>
                                            <proc:PriorYear>8</proc:PriorYear>
                                            <proc:CurrentYear>34</proc:CurrentYear>
                                            <proc:BudgetYearOneBase>300</proc:BudgetYearOneBase>
                                            <proc:BudgetYearOne>300</proc:BudgetYearOne>
                                        </proc:Quantity>
                                        <proc:TotalCost>
                                            <proc:AllPriorYears>13.526</proc:AllPriorYears>
                                            <proc:PriorYear>0.501</proc:PriorYear>
                                            <proc:CurrentYear>0.611</proc:CurrentYear>
                                            <proc:BudgetYearOneBase>5.358</proc:BudgetYearOneBase>
                                            <proc:BudgetYearOne>5.358</proc:BudgetYearOne>
                                        </proc:TotalCost>
                                        <proc:UnitCost>
                                            <proc:AllPriorYears>12.501</proc:AllPriorYears>
                                            <proc:PriorYear>62.625</proc:PriorYear>
                                            <proc:CurrentYear>17.971</proc:CurrentYear>
                                            <proc:BudgetYearOneBase>17.86</proc:BudgetYearOneBase>
                                            <proc:BudgetYearOne>17.86</proc:BudgetYearOne>
                                        </proc:UnitCost>
                                    </proc:Cost>
                                    <proc:AllPriorYearsDeliveries>1082</proc:AllPriorYearsDeliveries>
                                    <proc:ManufacturerList>
                                        <proc:Manufacturer>
                                            <proc:Name>TBD</proc:Name>
                                            <proc:Location>TBD</proc:Location>
                                            <proc:HistoryPlanningList>
                                                <proc:HistoryPlanning>
                                                    <proc:FiscalYear>2024</proc:FiscalYear>
                                                    <proc:PCOLocation>ACC-APG Natick, MA</proc:PCOLocation>
                                                    <proc:AwardDate>2024-03</proc:AwardDate>
                                                    <proc:FirstDeliveryDate>2025-06</proc:FirstDeliveryDate>
                                                    <proc:Quantity>8</proc:Quantity>
                                                    <proc:UnitCost>62.625</proc:UnitCost>
                                                    <proc:SpecsAvailableNow>false</proc:SpecsAvailableNow>
                                                    <proc:RevisionsAvailableDate>2023-03</proc:RevisionsAvailableDate>
                                                    <proc:RFPIssueDate>2023-06</proc:RFPIssueDate>
                                                    <proc:ContractMethod>C</proc:ContractMethod>
                                                    <proc:ContractType>FFP</proc:ContractType>
                                                </proc:HistoryPlanning>
                                            </proc:HistoryPlanningList>
                                        </proc:Manufacturer>
                                        <proc:Manufacturer>
                                            <proc:Name>HDT Global</proc:Name>
                                            <proc:Location>Solon, OH</proc:Location>
                                            <proc:MinimumSustainingRate>20</proc:MinimumSustainingRate>
                                            <proc:MaximumProductionRate>130</proc:MaximumProductionRate>
                                            <proc:Rate185>40</proc:Rate185>
                                            <proc:InitialQuantity>
                                                <proc:AdminLeadTimeBeforeOct1InMonths>0</proc:AdminLeadTimeBeforeOct1InMonths>
                                                <proc:AdminLeadTimeAfterOct1InMonths>0</proc:AdminLeadTimeAfterOct1InMonths>
                                                <proc:ProductionLeadTimeAfterOct1InMonths>0</proc:ProductionLeadTimeAfterOct1InMonths>
                                                <proc:TotalLeadTimeAfterOct1InMonths>0</proc:TotalLeadTimeAfterOct1InMonths>
                                            </proc:InitialQuantity>
                                            <proc:ReorderQuantity>
                                                <proc:AdminLeadTimeBeforeOct1InMonths>0</proc:AdminLeadTimeBeforeOct1InMonths>
                                                <proc:AdminLeadTimeAfterOct1InMonths>0</proc:AdminLeadTimeAfterOct1InMonths>
                                                <proc:ProductionLeadTimeAfterOct1InMonths>0</proc:ProductionLeadTimeAfterOct1InMonths>
                                                <proc:TotalLeadTimeAfterOct1InMonths>0</proc:TotalLeadTimeAfterOct1InMonths>
                                            </proc:ReorderQuantity>
                                            <proc:HistoryPlanningList>
                                                <proc:HistoryPlanning>
                                                    <proc:FiscalYear>2025</proc:FiscalYear>
                                                    <proc:PCOLocation>ACC-APG Natick, MA</proc:PCOLocation>
                                                    <proc:AwardDate>2025-03</proc:AwardDate>
                                                    <proc:FirstDeliveryDate>2027-05</proc:FirstDeliveryDate>
                                                    <proc:Quantity>34</proc:Quantity>
                                                    <proc:UnitCost>17.971</proc:UnitCost>
                                                    <proc:SpecsAvailableNow>false</proc:SpecsAvailableNow>
                                                    <proc:ContractMethod>C</proc:ContractMethod>
                                                    <proc:ContractType>TBD</proc:ContractType>
                                                </proc:HistoryPlanning>
                                                <proc:HistoryPlanning>
                                                    <proc:FiscalYear>2026</proc:FiscalYear>
                                                    <proc:PCOLocation>ACC-APG Natick, MA</proc:PCOLocation>
                                                    <proc:AwardDate>2026-03</proc:AwardDate>
                                                    <proc:FirstDeliveryDate>2027-05</proc:FirstDeliveryDate>
                                                    <proc:Quantity>300</proc:Quantity>
                                                    <proc:UnitCost>17.86</proc:UnitCost>
                                                    <proc:SpecsAvailableNow>false</proc:SpecsAvailableNow>
                                                    <proc:RFPIssueDate>2024-07</proc:RFPIssueDate>
                                                    <proc:ContractMethod>C</proc:ContractMethod>
                                                    <proc:ContractType>TBD</proc:ContractType>
                                                    <proc:MonthlyDeliveryScheduleList>
                                                        <proc:MonthlyDeliverySchedule>
                                                            <proc:ServiceAgencyName>Army</proc:ServiceAgencyName>
                                                            <proc:ProcQuantity>300</proc:ProcQuantity>
                                                            <proc:MonthlyDeliveryList>
                                                                <proc:MonthlyDelivery>
                                                                    <proc:Month>2027-05</proc:Month>
                                                                    <proc:Amount>50</proc:Amount>
                                                                </proc:MonthlyDelivery>
                                                                <proc:MonthlyDelivery>
                                                                    <proc:Month>2027-06</proc:Month>
                                                                    <proc:Amount>50</proc:Amount>
                                                                </proc:MonthlyDelivery>
                                                                <proc:MonthlyDelivery>
                                                                    <proc:Month>2027-07</proc:Month>
                                                                    <proc:Amount>50</proc:Amount>
                                                                </proc:MonthlyDelivery>
                                                                <proc:MonthlyDelivery>
                                                                    <proc:Month>2027-08</proc:Month>
                                                                    <proc:Amount>50</proc:Amount>
                                                                </proc:MonthlyDelivery>
                                                                <proc:MonthlyDelivery>
                                                                    <proc:Month>2027-09</proc:Month>
                                                                    <proc:Amount>50</proc:Amount>
                                                                </proc:MonthlyDelivery>
                                                                <proc:MonthlyDelivery>
                                                                    <proc:Month>2027-10</proc:Month>
                                                                    <proc:Amount>50</proc:Amount>
                                                                </proc:MonthlyDelivery>
                                                            </proc:MonthlyDeliveryList>
                                                        </proc:MonthlyDeliverySchedule>
                                                    </proc:MonthlyDeliveryScheduleList>
                                                    <proc:MonthlyDeliveryScheduleTotal>
                                                        <proc:ProcQuantity>300</proc:ProcQuantity>
                                                        <proc:MonthlyDeliveryList>
                                                            <proc:MonthlyDelivery>
                                                                <proc:Month>2027-05</proc:Month>
                                                                <proc:Amount>50</proc:Amount>
                                                            </proc:MonthlyDelivery>
                                                            <proc:MonthlyDelivery>
                                                                <proc:Month>2027-06</proc:Month>
                                                                <proc:Amount>50</proc:Amount>
                                                            </proc:MonthlyDelivery>
                                                            <proc:MonthlyDelivery>
                                                                <proc:Month>2027-07</proc:Month>
                                                                <proc:Amount>50</proc:Amount>
                                                            </proc:MonthlyDelivery>
                                                            <proc:MonthlyDelivery>
                                                                <proc:Month>2027-08</proc:Month>
                                                                <proc:Amount>50</proc:Amount>
                                                            </proc:MonthlyDelivery>
                                                            <proc:MonthlyDelivery>
                                                                <proc:Month>2027-09</proc:Month>
                                                                <proc:Amount>50</proc:Amount>
                                                            </proc:MonthlyDelivery>
                                                            <proc:MonthlyDelivery>
                                                                <proc:Month>2027-10</proc:Month>
                                                                <proc:Amount>50</proc:Amount>
                                                            </proc:MonthlyDelivery>
                                                        </proc:MonthlyDeliveryList>
                                                    </proc:MonthlyDeliveryScheduleTotal>
                                                </proc:HistoryPlanning>
                                            </proc:HistoryPlanningList>
                                        </proc:Manufacturer>
                                    </proc:ManufacturerList>
                                </proc:CostElement>
                                <proc:CostElement>
                                    <proc:Name>18,000 BTU/H ECU (230V 1PH/50/60Hz)</proc:Name>
                                    <proc:Cost>
                                        <proc:Quantity>
                                            <proc:AllPriorYears>485</proc:AllPriorYears>
                                            <proc:PriorYear>8</proc:PriorYear>
                                            <proc:CurrentYear>2</proc:CurrentYear>
                                            <proc:BudgetYearOneBase>40</proc:BudgetYearOneBase>
                                            <proc:BudgetYearOne>40</proc:BudgetYearOne>
                                        </proc:Quantity>
                                        <proc:TotalCost>
                                            <proc:AllPriorYears>5.67</proc:AllPriorYears>
                                            <proc:PriorYear>0.501</proc:PriorYear>
                                            <proc:CurrentYear>0.041</proc:CurrentYear>
                                            <proc:BudgetYearOneBase>0.715</proc:BudgetYearOneBase>
                                            <proc:BudgetYearOne>0.715</proc:BudgetYearOne>
                                        </proc:TotalCost>
                                        <proc:UnitCost>
                                            <proc:AllPriorYears>11.691</proc:AllPriorYears>
                                            <proc:PriorYear>62.625</proc:PriorYear>
                                            <proc:CurrentYear>20.5</proc:CurrentYear>
                                            <proc:BudgetYearOneBase>17.875</proc:BudgetYearOneBase>
                                            <proc:BudgetYearOne>17.875</proc:BudgetYearOne>
                                        </proc:UnitCost>
                                    </proc:Cost>
                                    <proc:AllPriorYearsDeliveries>485</proc:AllPriorYearsDeliveries>
                                    <proc:ManufacturerList>
                                        <proc:Manufacturer>
                                            <proc:Name>TBD</proc:Name>
                                            <proc:Location>TBD</proc:Location>
                                            <proc:HistoryPlanningList>
                                                <proc:HistoryPlanning>
                                                    <proc:FiscalYear>2024</proc:FiscalYear>
                                                    <proc:PCOLocation>ACC-APG Natick, MA</proc:PCOLocation>
                                                    <proc:AwardDate>2024-03</proc:AwardDate>
                                                    <proc:FirstDeliveryDate>2025-06</proc:FirstDeliveryDate>
                                                    <proc:Quantity>8</proc:Quantity>
                                                    <proc:UnitCost>62.625</proc:UnitCost>
                                                    <proc:SpecsAvailableNow>false</proc:SpecsAvailableNow>
                                                    <proc:RevisionsAvailableDate>2023-03</proc:RevisionsAvailableDate>
                                                    <proc:RFPIssueDate>2023-06</proc:RFPIssueDate>
                                                    <proc:ContractMethod>C</proc:ContractMethod>
                                                    <proc:ContractType>FFP</proc:ContractType>
                                                </proc:HistoryPlanning>
                                            </proc:HistoryPlanningList>
                                        </proc:Manufacturer>
                                        <proc:Manufacturer>
                                            <proc:Name>HDT Global</proc:Name>
                                            <proc:Location>Solon, OH</proc:Location>
                                            <proc:HistoryPlanningList>
                                                <proc:HistoryPlanning>
                                                    <proc:FiscalYear>2025</proc:FiscalYear>
                                                    <proc:PCOLocation>ACC-APG Natick, MA</proc:PCOLocation>
                                                    <proc:AwardDate>2025-03</proc:AwardDate>
                                                    <proc:FirstDeliveryDate>2027-05</proc:FirstDeliveryDate>
                                                    <proc:Quantity>2</proc:Quantity>
                                                    <proc:UnitCost>20.5</proc:UnitCost>
                                                    <proc:SpecsAvailableNow>false</proc:SpecsAvailableNow>
                                                    <proc:ContractMethod>C</proc:ContractMethod>
                                                    <proc:ContractType>TBD</proc:ContractType>
                                                </proc:HistoryPlanning>
                                                <proc:HistoryPlanning>
                                                    <proc:FiscalYear>2026</proc:FiscalYear>
                                                    <proc:PCOLocation>ACC-APG Natick, MA</proc:PCOLocation>
                                                    <proc:AwardDate>2026-03</proc:AwardDate>
                                                    <proc:FirstDeliveryDate>2026-06</proc:FirstDeliveryDate>
                                                    <proc:Quantity>40</proc:Quantity>
                                                    <proc:UnitCost>17.875</proc:UnitCost>
                                                    <proc:SpecsAvailableNow>false</proc:SpecsAvailableNow>
                                                    <proc:RFPIssueDate>2024-07</proc:RFPIssueDate>
                                                    <proc:ContractMethod>C</proc:ContractMethod>
                                                    <proc:ContractType>TBD</proc:ContractType>
                                                </proc:HistoryPlanning>
                                            </proc:HistoryPlanningList>
                                        </proc:Manufacturer>
                                    </proc:ManufacturerList>
                                </proc:CostElement>
                                <proc:CostElement>
                                    <proc:Name>36,000 BTU/H ECU</proc:Name>
                                    <proc:Cost>
                                        <proc:Quantity>
                                            <proc:AllPriorYears>462</proc:AllPriorYears>
                                            <proc:PriorYear>16</proc:PriorYear>
                                            <proc:CurrentYear>3</proc:CurrentYear>
                                            <proc:BudgetYearOneBase>60</proc:BudgetYearOneBase>
                                            <proc:BudgetYearOne>60</proc:BudgetYearOne>
                                        </proc:Quantity>
                                        <proc:TotalCost>
                                            <proc:AllPriorYears>5.411</proc:AllPriorYears>
                                            <proc:PriorYear>1.179</proc:PriorYear>
                                            <proc:CurrentYear>0.071</proc:CurrentYear>
                                            <proc:BudgetYearOneBase>1.28</proc:BudgetYearOneBase>
                                            <proc:BudgetYearOne>1.28</proc:BudgetYearOne>
                                        </proc:TotalCost>
                                        <proc:UnitCost>
                                            <proc:AllPriorYears>11.712</proc:AllPriorYears>
                                            <proc:PriorYear>73.688</proc:PriorYear>
                                            <proc:CurrentYear>23.667</proc:CurrentYear>
                                            <proc:BudgetYearOneBase>21.333</proc:BudgetYearOneBase>
                                            <proc:BudgetYearOne>21.333</proc:BudgetYearOne>
                                        </proc:UnitCost>
                                    </proc:Cost>
                                    <proc:AllPriorYearsDeliveries>462</proc:AllPriorYearsDeliveries>
                                    <proc:ManufacturerList>
                                        <proc:Manufacturer>
                                            <proc:Name>TBD</proc:Name>
                                            <proc:Location>TBD</proc:Location>
                                            <proc:HistoryPlanningList>
                                                <proc:HistoryPlanning>
                                                    <proc:FiscalYear>2024</proc:FiscalYear>
                                                    <proc:PCOLocation>ACC-APG Natick, MA</proc:PCOLocation>
                                                    <proc:AwardDate>2024-03</proc:AwardDate>
                                                    <proc:FirstDeliveryDate>2025-06</proc:FirstDeliveryDate>
                                                    <proc:Quantity>16</proc:Quantity>
                                                    <proc:UnitCost>73.688</proc:UnitCost>
                                                    <proc:SpecsAvailableNow>false</proc:SpecsAvailableNow>
                                                    <proc:RevisionsAvailableDate>2023-03</proc:RevisionsAvailableDate>
                                                    <proc:RFPIssueDate>2023-06</proc:RFPIssueDate>
                                                    <proc:ContractMethod>C</proc:ContractMethod>
                                                    <proc:ContractType>FFP</proc:ContractType>
                                                </proc:HistoryPlanning>
                                            </proc:HistoryPlanningList>
                                        </proc:Manufacturer>
                                        <proc:Manufacturer>
                                            <proc:Name>HDT Global</proc:Name>
                                            <proc:Location>Solon, OH</proc:Location>
                                            <proc:HistoryPlanningList>
                                                <proc:HistoryPlanning>
                                                    <proc:FiscalYear>2025</proc:FiscalYear>
                                                    <proc:PCOLocation>ACC-APG Natick, MA</proc:PCOLocation>
                                                    <proc:AwardDate>2025-03</proc:AwardDate>
                                                    <proc:FirstDeliveryDate>2027-05</proc:FirstDeliveryDate>
                                                    <proc:Quantity>3</proc:Quantity>
                                                    <proc:UnitCost>23.667</proc:UnitCost>
                                                    <proc:SpecsAvailableNow>false</proc:SpecsAvailableNow>
                                                    <proc:ContractMethod>C</proc:ContractMethod>
                                                    <proc:ContractType>TBD</proc:ContractType>
                                                </proc:HistoryPlanning>
                                                <proc:HistoryPlanning>
                                                    <proc:FiscalYear>2026</proc:FiscalYear>
                                                    <proc:PCOLocation>ACC-APG Natick, MA</proc:PCOLocation>
                                                    <proc:AwardDate>2026-03</proc:AwardDate>
                                                    <proc:FirstDeliveryDate>2026-06</proc:FirstDeliveryDate>
                                                    <proc:Quantity>60</proc:Quantity>
                                                    <proc:UnitCost>21.333</proc:UnitCost>
                                                    <proc:SpecsAvailableNow>false</proc:SpecsAvailableNow>
                                                    <proc:RFPIssueDate>2024-07</proc:RFPIssueDate>
                                                    <proc:ContractMethod>C</proc:ContractMethod>
                                                    <proc:ContractType>TBD</proc:ContractType>
                                                </proc:HistoryPlanning>
                                            </proc:HistoryPlanningList>
                                        </proc:Manufacturer>
                                    </proc:ManufacturerList>
                                </proc:CostElement>
                                <proc:CostElement>
                                    <proc:Name>60,000 BTU/H IECU (Full Rate)</proc:Name>
                                    <proc:Cost>
                                        <proc:Quantity>
                                            <proc:AllPriorYears>3628</proc:AllPriorYears>
                                        </proc:Quantity>
                                        <proc:TotalCost>
                                            <proc:AllPriorYears>30.164</proc:AllPriorYears>
                                        </proc:TotalCost>
                                        <proc:UnitCost>
                                            <proc:AllPriorYears>8.314</proc:AllPriorYears>
                                        </proc:UnitCost>
                                    </proc:Cost>
                                </proc:CostElement>
                            </proc:CostElementList>
                            <proc:CategorySubtotal>
                                <proc:TotalCost>
                                    <proc:AllPriorYears>59.147</proc:AllPriorYears>
                                    <proc:PriorYear>2.599</proc:PriorYear>
                                    <proc:CurrentYear>0.723</proc:CurrentYear>
                                    <proc:BudgetYearOneBase>8.052</proc:BudgetYearOneBase>
                                    <proc:BudgetYearOne>8.052</proc:BudgetYearOne>
                                </proc:TotalCost>
                            </proc:CategorySubtotal>
                        </proc:Recurring>
                        <proc:CategorySubtotal>
                            <proc:TotalCost>
                                <proc:AllPriorYears>59.147</proc:AllPriorYears>
                                <proc:PriorYear>2.599</proc:PriorYear>
                                <proc:CurrentYear>0.723</proc:CurrentYear>
                                <proc:BudgetYearOneBase>8.052</proc:BudgetYearOneBase>
                                <proc:BudgetYearOne>8.052</proc:BudgetYearOne>
                            </proc:TotalCost>
                        </proc:CategorySubtotal>
                    </proc:Hardware>
                </proc:CostElementCategoryList>
            </proc:P5Item>
        </proc:ItemExhibitList>
        <proc:DocumentAssemblyOptions>
            <proc:p40AItemScheduleSetting>item</proc:p40AItemScheduleSetting>
        </proc:DocumentAssemblyOptions>
    </proc:LineItem>
</proc:LineItemList>