<?xml version="1.0" encoding="UTF-8"?>
<proc:LineItemList xmlns:proc="http://www.dtic.mil/comptroller/xml/schema/20100219/procurement">
    <proc:LineItem quantityUnits="Each" quantityUnitName="Each" unitCostUnits="Thousands" totalCostUnits="Millions" manufacturerRateUnits="Monthly">
        <proc:LineItemNumber>1500MA9160</proc:LineItemNumber>
        <proc:LineItemTitle>BUILDING, PRE-FAB, RELOCATABLE</proc:LineItemTitle>
        <proc:P1LineNumber>198</proc:P1LineNumber>
        <proc:BudgetYear>2026</proc:BudgetYear>
        <proc:BudgetCycle>PB</proc:BudgetCycle>
        <proc:SubmissionDate>2025-06</proc:SubmissionDate>
        <proc:ServiceAgencyName>Army</proc:ServiceAgencyName>
        <proc:AppropriationNumber>2035A</proc:AppropriationNumber>
        <proc:AppropriationTitle>Other Procurement, Army</proc:AppropriationTitle>
        <proc:BudgetActivityNumber>3</proc:BudgetActivityNumber>
        <proc:BudgetActivityTitle>Other Support Equipment</proc:BudgetActivityTitle>
        <proc:BudgetSubActivityNumber>90</proc:BudgetSubActivityNumber>
        <proc:BudgetSubActivityTitle>Other Support Equipment</proc:BudgetSubActivityTitle>
        <proc:ResourceSummary>
            <proc:TotalCost>
                <proc:AllPriorYears>1142.036</proc:AllPriorYears>
                <proc:PriorYear>12.5</proc:PriorYear>
                <proc:CurrentYear>14.622</proc:CurrentYear>
                <proc:BudgetYearOneOOC>10.49</proc:BudgetYearOneOOC>
                <proc:BudgetYearOne>10.49</proc:BudgetYearOne>
            </proc:TotalCost>
            <proc:NetProcurementP1>
                <proc:AllPriorYears>1142.036</proc:AllPriorYears>
                <proc:PriorYear>12.5</proc:PriorYear>
                <proc:CurrentYear>14.622</proc:CurrentYear>
                <proc:BudgetYearOneOOC>10.49</proc:BudgetYearOneOOC>
                <proc:BudgetYearOne>10.49</proc:BudgetYearOne>
            </proc:NetProcurementP1>
            <proc:TotalObligationAuthority>
                <proc:AllPriorYears>1142.036</proc:AllPriorYears>
                <proc:PriorYear>12.5</proc:PriorYear>
                <proc:CurrentYear>14.622</proc:CurrentYear>
                <proc:BudgetYearOneOOC>10.49</proc:BudgetYearOneOOC>
                <proc:BudgetYearOne>10.49</proc:BudgetYearOne>
            </proc:TotalObligationAuthority>
        </proc:ResourceSummary>
        <proc:SecondaryDistribution>
            <proc:ComponentList>
                <proc:Component>
                    <proc:Name>Army Active</proc:Name>
                    <proc:Cost>
                        <proc:TotalCost>
                            <proc:PriorYear>12.5</proc:PriorYear>
                            <proc:CurrentYear>14.622</proc:CurrentYear>
                            <proc:BudgetYearOneOOC>10.49</proc:BudgetYearOneOOC>
                            <proc:BudgetYearOne>10.49</proc:BudgetYearOne>
                        </proc:TotalCost>
                    </proc:Cost>
                </proc:Component>
            </proc:ComponentList>
            <proc:TotalCost>
                <proc:TotalCost>
                    <proc:PriorYear>12.5</proc:PriorYear>
                    <proc:CurrentYear>14.622</proc:CurrentYear>
                    <proc:BudgetYearOneOOC>10.49</proc:BudgetYearOneOOC>
                    <proc:BudgetYearOne>10.49</proc:BudgetYearOne>
                </proc:TotalCost>
            </proc:TotalCost>
        </proc:SecondaryDistribution>
        <proc:Description>The Building, Pre-Fab, Relocatable Program (MA9160) funding line supports the relocatable building Restoration and Modernization (RM) activity and provides the capability to emplace relocatable buildings to meet emerging building requirements such as offices, armories, dining facilities, billeting, latrines, training facilities and Sensitive Compartmented Information Facilities (SCIFs).  Restoration and Modernization (RM) provides resources which support Facilities Restoration, Modernization, Demolition, and Utilities Restoration &amp; Modernization.    
 
MA9160 / BUILDING, PRE-FAB, RELOCATABLE
This line emplaces and modernizes relocatable buildings in multiple locations including CONUS and OCONUS contingency locations such as Southwest Asia.

U.S. CENTRAL COMMAND (USARCENT) supports Operation Spartan Shield (OSS) will procure relocatable buildings to replace and lifecycle needed facilities for modernization. These procurements include offices, armories, dining facilities, billeting and latrines in enduring locations such as Jordan, Kuwait, Qatar, and U.A.E.

Overseas Operations Costs (OOC) funds this requirement in FY 2026.</proc:Description>
        <proc:Justification>FY 2026 Base procurement dollars of $10.490 million in support Operation Spartan Shield (OSS) will procure relocatable buildings to replace and lifecycle needed facilities for modernization. These procurements include offices, armories, dining facilities, billeting and latrines in enduring locations such as Jordan, Kuwait, Qatar, and U.A.E.  This is a decrease of $4.132 million from the FY 2025 request.

The cost per item is averaged because each of the relocatable building types will have a different contract cost.  The buildings are needed to provide and/or replace working and living facilities for troops in the enduring locations.  Without the new buildings, troops would continue to live and work in expeditionary facilities and tents in enduring locations with exceptionally hot climates creating safety and health risks.  Without the ability to replace relocatable buildings that are beyond life cycle, troops would continue to live in buildings that will become unrepairable and could expose them to potential electrical dangers.</proc:Justification>
        <proc:ItemExhibitList>
            <proc:P5Item>
                <proc:Name>BUILDING, PRE-FAB, RELOCATABLE</proc:Name>
                <proc:ItemNumber>MA9160</proc:ItemNumber>
                <proc:SecondaryDistribution>
                    <proc:ComponentList>
                        <proc:Component>
                            <proc:Name>Army Active</proc:Name>
                            <proc:Cost>
                                <proc:TotalCost>
                                    <proc:PriorYear>12.5</proc:PriorYear>
                                    <proc:CurrentYear>14.622</proc:CurrentYear>
                                    <proc:BudgetYearOneOOC>10.49</proc:BudgetYearOneOOC>
                                    <proc:BudgetYearOne>10.49</proc:BudgetYearOne>
                                </proc:TotalCost>
                            </proc:Cost>
                        </proc:Component>
                    </proc:ComponentList>
                </proc:SecondaryDistribution>
                <proc:Remarks>The Building, Pre-Fab, Relocatable Program (MA9160) funding line supports the relocatable building Restoration and Modernization (RM) activity providing the capability to emplace and lifecycle relocatable buildings in the U.S. Central Command region.  Restoration and Modernization (RM) provides resources which support Facilities Restoration, Modernization, Demolition, and Utilities Restoration &amp; Modernization.  Resources are Other Procurement, Army (OPA) funding for the Active Component.  RM excludes undertakings by military construction funds or categorized as Base Realignment and Closure (BRAC) effort.</proc:Remarks>
                <proc:ResourceSummary>
                    <proc:TotalCost>
                        <proc:AllPriorYears>1142.036</proc:AllPriorYears>
                        <proc:PriorYear>12.5</proc:PriorYear>
                        <proc:CurrentYear>14.622</proc:CurrentYear>
                        <proc:BudgetYearOneOOC>10.49</proc:BudgetYearOneOOC>
                        <proc:BudgetYearOne>10.49</proc:BudgetYearOne>
                    </proc:TotalCost>
                    <proc:NetProcurementP1>
                        <proc:AllPriorYears>1142.036</proc:AllPriorYears>
                        <proc:PriorYear>12.5</proc:PriorYear>
                        <proc:CurrentYear>14.622</proc:CurrentYear>
                        <proc:BudgetYearOneOOC>10.49</proc:BudgetYearOneOOC>
                        <proc:BudgetYearOne>10.49</proc:BudgetYearOne>
                    </proc:NetProcurementP1>
                    <proc:TotalObligationAuthority>
                        <proc:AllPriorYears>1142.036</proc:AllPriorYears>
                        <proc:PriorYear>12.5</proc:PriorYear>
                        <proc:CurrentYear>14.622</proc:CurrentYear>
                        <proc:BudgetYearOneOOC>10.49</proc:BudgetYearOneOOC>
                        <proc:BudgetYearOne>10.49</proc:BudgetYearOne>
                    </proc:TotalObligationAuthority>
                </proc:ResourceSummary>
                <proc:CostElementCategoryList>
                    <proc:Hardware>
                        <proc:Recurring>
                            <proc:CostElementList>
                                <proc:CostElement>
                                    <proc:Name>Relocatable Buildings for BASE Program</proc:Name>
                                    <proc:Cost>
                                        <proc:Quantity>
                                            <proc:AllPriorYears>403</proc:AllPriorYears>
                                            <proc:PriorYear>252</proc:PriorYear>
                                            <proc:CurrentYear>2</proc:CurrentYear>
                                        </proc:Quantity>
                                        <proc:TotalCost>
                                            <proc:AllPriorYears>1057.933</proc:AllPriorYears>
                                            <proc:PriorYear>12.5</proc:PriorYear>
                                            <proc:CurrentYear>14.622</proc:CurrentYear>
                                        </proc:TotalCost>
                                        <proc:UnitCost>
                                            <proc:AllPriorYears>2625.144</proc:AllPriorYears>
                                            <proc:PriorYear>49.603</proc:PriorYear>
                                            <proc:CurrentYear>7311</proc:CurrentYear>
                                        </proc:UnitCost>
                                    </proc:Cost>
                                    <proc:AllPriorYearsDeliveries>253</proc:AllPriorYearsDeliveries>
                                    <proc:ManufacturerList>
                                        <proc:Manufacturer>
                                            <proc:Name>Ready One Industries</proc:Name>
                                            <proc:Location>El Paso, Texas</proc:Location>
                                            <proc:HistoryPlanningList>
                                                <proc:HistoryPlanning>
                                                    <proc:FiscalYear>2023</proc:FiscalYear>
                                                    <proc:PCOLocation>408th Contracting Command, Kuwait</proc:PCOLocation>
                                                    <proc:AwardDate>2022-12</proc:AwardDate>
                                                    <proc:FirstDeliveryDate>2025-06</proc:FirstDeliveryDate>
                                                    <proc:Quantity>150</proc:Quantity>
                                                    <proc:UnitCost>167.673</proc:UnitCost>
                                                    <proc:SpecsAvailableNow>false</proc:SpecsAvailableNow>
                                                    <proc:ContractMethod>C</proc:ContractMethod>
                                                    <proc:ContractType>FFP</proc:ContractType>
                                                </proc:HistoryPlanning>
                                            </proc:HistoryPlanningList>
                                        </proc:Manufacturer>
                                        <proc:Manufacturer>
                                            <proc:Name>TBD</proc:Name>
                                            <proc:Location>TBD</proc:Location>
                                            <proc:HistoryPlanningList>
                                                <proc:HistoryPlanning>
                                                    <proc:FiscalYear>2025</proc:FiscalYear>
                                                    <proc:PCOLocation>DLA, Kuwait</proc:PCOLocation>
                                                    <proc:AwardDate>2025-09</proc:AwardDate>
                                                    <proc:FirstDeliveryDate>2026-02</proc:FirstDeliveryDate>
                                                    <proc:Quantity>2</proc:Quantity>
                                                    <proc:UnitCost>7311</proc:UnitCost>
                                                    <proc:SpecsAvailableNow>false</proc:SpecsAvailableNow>
                                                    <proc:ContractMethod>C</proc:ContractMethod>
                                                    <proc:ContractType>FFP</proc:ContractType>
                                                </proc:HistoryPlanning>
                                            </proc:HistoryPlanningList>
                                        </proc:Manufacturer>
                                    </proc:ManufacturerList>
                                </proc:CostElement>
                                <proc:CostElement>
                                    <proc:Name>Relocatable Buildings for OOC Program</proc:Name>
                                    <proc:Cost>
                                        <proc:Quantity>
                                            <proc:AllPriorYears>706</proc:AllPriorYears>
                                            <proc:BudgetYearOneOOC>220</proc:BudgetYearOneOOC>
                                            <proc:BudgetYearOne>220</proc:BudgetYearOne>
                                        </proc:Quantity>
                                        <proc:TotalCost>
                                            <proc:AllPriorYears>84.103</proc:AllPriorYears>
                                            <proc:BudgetYearOneOOC>10.49</proc:BudgetYearOneOOC>
                                            <proc:BudgetYearOne>10.49</proc:BudgetYearOne>
                                        </proc:TotalCost>
                                        <proc:UnitCost>
                                            <proc:AllPriorYears>119.126</proc:AllPriorYears>
                                            <proc:BudgetYearOneOOC>47.682</proc:BudgetYearOneOOC>
                                            <proc:BudgetYearOne>47.682</proc:BudgetYearOne>
                                        </proc:UnitCost>
                                    </proc:Cost>
                                    <proc:AllPriorYearsDeliveries>706</proc:AllPriorYearsDeliveries>
                                    <proc:ManufacturerList>
                                        <proc:Manufacturer>
                                            <proc:Name>TBD</proc:Name>
                                            <proc:Location>TBD</proc:Location>
                                            <proc:HistoryPlanningList>
                                                <proc:HistoryPlanning>
                                                    <proc:FiscalYear>2026</proc:FiscalYear>
                                                    <proc:OOC>true</proc:OOC>
                                                    <proc:PCOLocation>408th Contracting Command, Kuwait</proc:PCOLocation>
                                                    <proc:AwardDate>2026-03</proc:AwardDate>
                                                    <proc:FirstDeliveryDate>2026-09</proc:FirstDeliveryDate>
                                                    <proc:Quantity>220</proc:Quantity>
                                                    <proc:UnitCost>47.682</proc:UnitCost>
                                                    <proc:SpecsAvailableNow>false</proc:SpecsAvailableNow>
                                                    <proc:ContractMethod>C</proc:ContractMethod>
                                                    <proc:ContractType>FFP</proc:ContractType>
                                                </proc:HistoryPlanning>
                                            </proc:HistoryPlanningList>
                                        </proc:Manufacturer>
                                    </proc:ManufacturerList>
                                </proc:CostElement>
                            </proc:CostElementList>
                            <proc:CategorySubtotal>
                                <proc:TotalCost>
                                    <proc:AllPriorYears>1142.036</proc:AllPriorYears>
                                    <proc:PriorYear>12.5</proc:PriorYear>
                                    <proc:CurrentYear>14.622</proc:CurrentYear>
                                    <proc:BudgetYearOneOOC>10.49</proc:BudgetYearOneOOC>
                                    <proc:BudgetYearOne>10.49</proc:BudgetYearOne>
                                </proc:TotalCost>
                            </proc:CategorySubtotal>
                        </proc:Recurring>
                        <proc:CategorySubtotal>
                            <proc:TotalCost>
                                <proc:AllPriorYears>1142.036</proc:AllPriorYears>
                                <proc:PriorYear>12.5</proc:PriorYear>
                                <proc:CurrentYear>14.622</proc:CurrentYear>
                                <proc:BudgetYearOneOOC>10.49</proc:BudgetYearOneOOC>
                                <proc:BudgetYearOne>10.49</proc:BudgetYearOne>
                            </proc:TotalCost>
                        </proc:CategorySubtotal>
                    </proc:Hardware>
                </proc:CostElementCategoryList>
                <proc:OverallHistoryPlanningRemarks>The Building, Pre-Fab, Relocatable Program (MA9160) funding line supports the relocatable building Restoration and Modernization (RM) activity providing the capability to emplace and lifecycle relocatable buildings in the U.S. Central Command region in Southwest Asia.  Restoration and Modernization (RM) provides resources which support Facilities Restoration, Modernization, Demolition, and Utilities Restoration &amp; Modernization.  Resources are Other Procurement, Army (OPA) funding for the Active Component.  RM excludes undertakings by military construction funds or categorized as Base Realignment and Closure (BRAC) effort.

U.S. Africa Command (AFRICOM): Two relocatable Sensitive Compartmented Information Facilities (SCIF) will provide the necessary space needed for the Combined Joint Interagency Coordination Group - West Africa (CJIACG-WA) team to work the current problem set.</proc:OverallHistoryPlanningRemarks>
            </proc:P5Item>
        </proc:ItemExhibitList>
        <proc:DocumentAssemblyOptions>
            <proc:p40AItemScheduleSetting>item</proc:p40AItemScheduleSetting>
        </proc:DocumentAssemblyOptions>
    </proc:LineItem>
</proc:LineItemList>