<?xml version="1.0" encoding="UTF-8"?>
<proc:LineItemList xmlns:proc="http://www.dtic.mil/comptroller/xml/schema/20100219/procurement">
    <proc:LineItem quantityUnits="Each" unitCostUnits="Dollars" totalCostUnits="Millions" manufacturerRateUnits="Yearly" suppressOutfittingDeliveryBY2ToBY5="true">
        <proc:LineItemNumber>0575</proc:LineItemNumber>
        <proc:LineItemTitle>Aviation Life Support Mods</proc:LineItemTitle>
        <proc:P1LineNumber>63</proc:P1LineNumber>
        <proc:BudgetYear>2026</proc:BudgetYear>
        <proc:BudgetCycle>PB</proc:BudgetCycle>
        <proc:SubmissionDate>2025-06</proc:SubmissionDate>
        <proc:ServiceAgencyName>Navy</proc:ServiceAgencyName>
        <proc:AppropriationNumber>1506N</proc:AppropriationNumber>
        <proc:AppropriationTitle>Aircraft Procurement, Navy</proc:AppropriationTitle>
        <proc:BudgetActivityNumber>5</proc:BudgetActivityNumber>
        <proc:BudgetActivityTitle>Modification of Aircraft</proc:BudgetActivityTitle>
        <proc:BudgetSubActivityNumber>1</proc:BudgetSubActivityNumber>
        <proc:BudgetSubActivityTitle>Modification of Aircraft</proc:BudgetSubActivityTitle>
        <proc:ResourceSummary>
            <proc:TotalCost>
                <proc:AllPriorYears>124.836</proc:AllPriorYears>
                <proc:PriorYear>0</proc:PriorYear>
                <proc:CurrentYear>3.964</proc:CurrentYear>
                <proc:BudgetYearOneBase>0</proc:BudgetYearOneBase>
                <proc:BudgetYearOneOOC>0</proc:BudgetYearOneOOC>
                <proc:BudgetYearOne>0</proc:BudgetYearOne>
            </proc:TotalCost>
            <proc:NetProcurementP1>
                <proc:AllPriorYears>124.836</proc:AllPriorYears>
                <proc:PriorYear>0</proc:PriorYear>
                <proc:CurrentYear>3.964</proc:CurrentYear>
                <proc:BudgetYearOneBase>0</proc:BudgetYearOneBase>
                <proc:BudgetYearOneOOC>0</proc:BudgetYearOneOOC>
                <proc:BudgetYearOne>0</proc:BudgetYearOne>
            </proc:NetProcurementP1>
            <proc:TotalObligationAuthority>
                <proc:AllPriorYears>124.836</proc:AllPriorYears>
                <proc:PriorYear>0</proc:PriorYear>
                <proc:CurrentYear>3.964</proc:CurrentYear>
                <proc:BudgetYearOneBase>0</proc:BudgetYearOneBase>
                <proc:BudgetYearOneOOC>0</proc:BudgetYearOneOOC>
                <proc:BudgetYearOne>0</proc:BudgetYearOne>
            </proc:TotalObligationAuthority>
        </proc:ResourceSummary>
        <proc:Code>A</proc:Code>
        <proc:Description>Provides funding for procurement of aircraft modification kits and installation to support integration of Improved Joint Helmet Mounted Cueing System (IJHMCS), the upgraded helmet mounted solution for the F/A-18 E/F and EA-18G aircraft.

IJHMCS has been resourced to address legacy JHMCS obsolescence, reduce weight, and improve center of gravity to mitigate chronic back and neck injury, and reduce injury risk during ejection.  System technology refresh enables head up display (HUD) of aircraft and tactical situational awareness enhancements programmed for the cockpit displays.  IJHMCS replaces legacy JHMCS and Night Vision Cueing Device (NVCD) with a single day/night high-definition color capable display of critical flight parameters and tactical data.</proc:Description>
        <proc:ItemExhibitList>
            <proc:P3AModificationItemGroup>
                <proc:ModificationTitle>001-26 IJHMCS</proc:ModificationTitle>
                <proc:ModificationNumber>1</proc:ModificationNumber>
                <proc:ModificationType>Performance Enhancement</proc:ModificationType>
                <proc:Model>F/A-18 E/F, EA-18G</proc:Model>
                <proc:ResourceSummary>
                    <proc:TotalCost>
                        <proc:AllPriorYears>0</proc:AllPriorYears>
                        <proc:PriorYear>0</proc:PriorYear>
                        <proc:CurrentYear>3.964</proc:CurrentYear>
                        <proc:BudgetYearOneBase>0</proc:BudgetYearOneBase>
                        <proc:BudgetYearOneOOC>0</proc:BudgetYearOneOOC>
                        <proc:BudgetYearOne>0</proc:BudgetYearOne>
                    </proc:TotalCost>
                    <proc:NetProcurementP1>
                        <proc:AllPriorYears>0</proc:AllPriorYears>
                        <proc:PriorYear>0</proc:PriorYear>
                        <proc:CurrentYear>3.964</proc:CurrentYear>
                        <proc:BudgetYearOneBase>0</proc:BudgetYearOneBase>
                        <proc:BudgetYearOneOOC>0</proc:BudgetYearOneOOC>
                        <proc:BudgetYearOne>0</proc:BudgetYearOne>
                    </proc:NetProcurementP1>
                    <proc:TotalObligationAuthority>
                        <proc:AllPriorYears>0</proc:AllPriorYears>
                        <proc:PriorYear>0</proc:PriorYear>
                        <proc:CurrentYear>3.964</proc:CurrentYear>
                        <proc:BudgetYearOneBase>0</proc:BudgetYearOneBase>
                        <proc:BudgetYearOneOOC>0</proc:BudgetYearOneOOC>
                        <proc:BudgetYearOne>0</proc:BudgetYearOne>
                    </proc:TotalObligationAuthority>
                </proc:ResourceSummary>
                <proc:RelatedProgramElementList>
                    <proc:ProgramElementNumber>0604264N</proc:ProgramElementNumber>
                </proc:RelatedProgramElementList>
                <proc:SupportCost>
                    <proc:CostElementList>
                        <proc:CostElement>
                            <proc:Name footnote="IMPROVED JOINT HELMET MOUNTED CUEING SYSTEM (IJHMCS) funding from FY26-30 has been moved to the platform BLI (BLI 0525).">3.1) Other Support</proc:Name>
                            <proc:Cost>
                                <proc:TotalCost>
                                    <proc:CurrentYear>0.3</proc:CurrentYear>
                                </proc:TotalCost>
                            </proc:Cost>
                        </proc:CostElement>
                        <proc:CostElement>
                            <proc:Name footnote="IMPROVED JOINT HELMET MOUNTED CUEING SYSTEM (IJHMCS) funding from FY26-30 has been moved to the platform BLI (BLI 0525).">3.2) Data</proc:Name>
                            <proc:Cost>
                                <proc:TotalCost>
                                    <proc:CurrentYear>0.013</proc:CurrentYear>
                                </proc:TotalCost>
                            </proc:Cost>
                        </proc:CostElement>
                    </proc:CostElementList>
                    <proc:CategorySubtotal>
                        <proc:TotalCost>
                            <proc:AllPriorYears>0</proc:AllPriorYears>
                            <proc:CurrentYear>0.313</proc:CurrentYear>
                        </proc:TotalCost>
                    </proc:CategorySubtotal>
                </proc:SupportCost>
                <proc:ModificationItemList>
                    <proc:ModificationItem>
                        <proc:Title>001-26 IJHMCS</proc:Title>
                        <proc:Procurement>
                            <proc:AKits>
                                <proc:Recurring>
                                    <proc:KitList>
                                        <proc:Kit>
                                            <proc:Name footnote="IMPROVED JOINT HELMET MOUNTED CUEING SYSTEM (IJHMCS) funding from FY26-30 has been moved to the platform BLI (BLI 0525).">1.1.1) F/A 18 E/F &amp; EA-18G - Organic</proc:Name>
                                            <proc:Cost>
                                                <proc:Quantity>
                                                    <proc:CurrentYear>31</proc:CurrentYear>
                                                </proc:Quantity>
                                                <proc:TotalCost>
                                                    <proc:CurrentYear>3.651</proc:CurrentYear>
                                                </proc:TotalCost>
                                            </proc:Cost>
                                        </proc:Kit>
                                    </proc:KitList>
                                    <proc:CategorySubtotal>
                                        <proc:TotalCost>
                                            <proc:AllPriorYears>0</proc:AllPriorYears>
                                            <proc:CurrentYear>3.651</proc:CurrentYear>
                                        </proc:TotalCost>
                                    </proc:CategorySubtotal>
                                </proc:Recurring>
                                <proc:CategorySubtotal>
                                    <proc:TotalCost>
                                        <proc:AllPriorYears>0</proc:AllPriorYears>
                                        <proc:CurrentYear>3.651</proc:CurrentYear>
                                    </proc:TotalCost>
                                </proc:CategorySubtotal>
                            </proc:AKits>
                            <proc:TotalCost>
                                <proc:Quantity>
                                    <proc:CurrentYear>31</proc:CurrentYear>
                                </proc:Quantity>
                                <proc:TotalCost>
                                    <proc:CurrentYear>3.651</proc:CurrentYear>
                                </proc:TotalCost>
                            </proc:TotalCost>
                        </proc:Procurement>
                    </proc:ModificationItem>
                </proc:ModificationItemList>
                <proc:ProcurementSubtotal>
                    <proc:TotalCost>
                        <proc:AllPriorYears>0</proc:AllPriorYears>
                        <proc:CurrentYear>3.651</proc:CurrentYear>
                    </proc:TotalCost>
                </proc:ProcurementSubtotal>
                <proc:Description>Provides funding for procurement of aircraft modification kits and installation to support integration of Improved Joint Helmet Mounted Cueing System (IJHMCS), the upgraded helmet mounted solution for the F/A-18 E/F and EA-18G aircraft.</proc:Description>
            </proc:P3AModificationItemGroup>
            <proc:P3AModificationItemGroup>
                <proc:ModificationTitle>Inactive OSIPs</proc:ModificationTitle>
                <proc:ModificationNumber>2</proc:ModificationNumber>
                <proc:ModificationType>N/A</proc:ModificationType>
                <proc:Model>N/A</proc:Model>
                <proc:ResourceSummary>
                    <proc:TotalCost>
                        <proc:AllPriorYears>124.836</proc:AllPriorYears>
                        <proc:PriorYear>0</proc:PriorYear>
                        <proc:CurrentYear>0</proc:CurrentYear>
                        <proc:BudgetYearOneBase>0</proc:BudgetYearOneBase>
                        <proc:BudgetYearOneOOC>0</proc:BudgetYearOneOOC>
                        <proc:BudgetYearOne>0</proc:BudgetYearOne>
                    </proc:TotalCost>
                    <proc:NetProcurementP1>
                        <proc:AllPriorYears>124.836</proc:AllPriorYears>
                        <proc:PriorYear>0</proc:PriorYear>
                        <proc:CurrentYear>0</proc:CurrentYear>
                        <proc:BudgetYearOneBase>0</proc:BudgetYearOneBase>
                        <proc:BudgetYearOneOOC>0</proc:BudgetYearOneOOC>
                        <proc:BudgetYearOne>0</proc:BudgetYearOne>
                    </proc:NetProcurementP1>
                    <proc:TotalObligationAuthority>
                        <proc:AllPriorYears>124.836</proc:AllPriorYears>
                        <proc:PriorYear>0</proc:PriorYear>
                        <proc:CurrentYear>0</proc:CurrentYear>
                        <proc:BudgetYearOneBase>0</proc:BudgetYearOneBase>
                        <proc:BudgetYearOneOOC>0</proc:BudgetYearOneOOC>
                        <proc:BudgetYearOne>0</proc:BudgetYearOne>
                    </proc:TotalObligationAuthority>
                </proc:ResourceSummary>
                <proc:ModificationItemList>
                    <proc:ModificationItem>
                        <proc:Title>Inactive OSIPs</proc:Title>
                        <proc:Procurement>
                            <proc:TotalCost>
                                <proc:TotalCost>
                                    <proc:AllPriorYears>124.836</proc:AllPriorYears>
                                </proc:TotalCost>
                            </proc:TotalCost>
                        </proc:Procurement>
                        <proc:IndividualModInstallationList>
                            <proc:IndividualModInstallation>
                                <proc:Title>Inactive OSIPs</proc:Title>
                                <proc:KitList>
                                    <proc:Kit>
                                        <proc:Name>1.2.1) Inactive OSIPs - Organic</proc:Name>
                                        <proc:Cost>
                                            <proc:TotalCost>
                                                <proc:AllPriorYears>124.836</proc:AllPriorYears>
                                            </proc:TotalCost>
                                        </proc:Cost>
                                    </proc:Kit>
                                </proc:KitList>
                                <proc:TotalCost>
                                    <proc:TotalCost>
                                        <proc:AllPriorYears>124.836</proc:AllPriorYears>
                                    </proc:TotalCost>
                                </proc:TotalCost>
                            </proc:IndividualModInstallation>
                        </proc:IndividualModInstallationList>
                    </proc:ModificationItem>
                </proc:ModificationItemList>
                <proc:ProcurementSubtotal>
                    <proc:TotalCost>
                        <proc:AllPriorYears>124.836</proc:AllPriorYears>
                    </proc:TotalCost>
                </proc:ProcurementSubtotal>
                <proc:Description>Inactive OSIPs prior year totals.</proc:Description>
            </proc:P3AModificationItemGroup>
        </proc:ItemExhibitList>
        <proc:DocumentAssemblyOptions>
            <proc:p40AItemScheduleSetting>total</proc:p40AItemScheduleSetting>
        </proc:DocumentAssemblyOptions>
    </proc:LineItem>
</proc:LineItemList>