<?xml version="1.0" encoding="UTF-8"?>
<proc:LineItemList xmlns:proc="http://www.dtic.mil/comptroller/xml/schema/20100219/procurement">
    <proc:LineItem quantityUnits="Each" unitCostUnits="Dollars" totalCostUnits="Millions" manufacturerRateUnits="Yearly" suppressOutfittingDeliveryBY2ToBY5="true">
        <proc:LineItemNumber>3141</proc:LineItemNumber>
        <proc:LineItemTitle>ASW Targets</proc:LineItemTitle>
        <proc:P1LineNumber>42</proc:P1LineNumber>
        <proc:BudgetYear>2026</proc:BudgetYear>
        <proc:BudgetCycle>PB</proc:BudgetCycle>
        <proc:SubmissionDate>2025-06</proc:SubmissionDate>
        <proc:ServiceAgencyName>Navy</proc:ServiceAgencyName>
        <proc:AppropriationNumber>1507N</proc:AppropriationNumber>
        <proc:AppropriationTitle>Weapons Procurement, Navy</proc:AppropriationTitle>
        <proc:BudgetActivityNumber>3</proc:BudgetActivityNumber>
        <proc:BudgetActivityTitle>Torpedoes and Related Equipment</proc:BudgetActivityTitle>
        <proc:BudgetSubActivityNumber>1</proc:BudgetSubActivityNumber>
        <proc:BudgetSubActivityTitle>Torpedoes and Related Equip</proc:BudgetSubActivityTitle>
        <proc:ResourceSummary>
            <proc:TotalCost>
                <proc:AllPriorYears>284.454</proc:AllPriorYears>
                <proc:PriorYear>24.817</proc:PriorYear>
                <proc:CurrentYear>30.476</proc:CurrentYear>
                <proc:BudgetYearOneBase>38.386</proc:BudgetYearOneBase>
                <proc:BudgetYearOneOOC>0</proc:BudgetYearOneOOC>
                <proc:BudgetYearOne>38.386</proc:BudgetYearOne>
            </proc:TotalCost>
            <proc:NetProcurementP1>
                <proc:AllPriorYears>284.454</proc:AllPriorYears>
                <proc:PriorYear>24.817</proc:PriorYear>
                <proc:CurrentYear>30.476</proc:CurrentYear>
                <proc:BudgetYearOneBase>38.386</proc:BudgetYearOneBase>
                <proc:BudgetYearOneOOC>0</proc:BudgetYearOneOOC>
                <proc:BudgetYearOne>38.386</proc:BudgetYearOne>
            </proc:NetProcurementP1>
            <proc:TotalObligationAuthority>
                <proc:AllPriorYears>284.454</proc:AllPriorYears>
                <proc:PriorYear>24.817</proc:PriorYear>
                <proc:CurrentYear>30.476</proc:CurrentYear>
                <proc:BudgetYearOneBase>38.386</proc:BudgetYearOneBase>
                <proc:BudgetYearOneOOC>0</proc:BudgetYearOneOOC>
                <proc:BudgetYearOne>38.386</proc:BudgetYearOne>
            </proc:TotalObligationAuthority>
        </proc:ResourceSummary>
        <proc:Code>A</proc:Code>
        <proc:Description>The MK-39 MOD 3 Expendable Mobile ASW Training Target (EMATT) is a small self-propelled underwater vehicle launched from fixed wing and rotary wing Anti-Submarine Warfare (ASW) aircraft and ASW surface ships for the purpose of providing basic open ocean sonar training and torpedo placement exercises. Its operation consists of a dynamic run trajectory that is actively controlled in depth and course with pre-programmable run maneuvers emulating threat submarines and is detectable by all current U.S. ASW Platforms.

The MK-30 is an ASW training target for Navy surface ships, submarines, and aircraft that are capable of simulating submarine threats anticipated in the twenty-first century littoral warfare environment.

The MK-30 Service Life Extension Program (SLEP) extends the useful service life of MK-30 ASW Targets to meet annual fleet training requirements.

The MK66 Heavyweight USW Training Target (HUTT) (MK-30 Replacement) is a Heavyweight USW Training Target to replace the MK-30 ASW Training Target for Navy surface ships, submarines, and aircrafts that are capable of simulating submarine threats anticipated in the twenty-first century undersea warfare environment.

[P5 / TG002 - MK39 MOD 3 EMATT]: Funding under this cost code provides for the procurement of MK-39 MOD 3 EMATT vehicles and Non-Recurring Engineering (NRE). NRE funds the cost of Pre-Proof of Manufacturing (POM) units and POM units, first article testing, tooling and test equipment, procurement of technical data package updates, start-up costs, and other one-time costs for production contractors.  New Sprint speed capabilities which were developed in FY20 and will be incorporated into all production MK39 Mod 3 EMATT baseline vehicles starting in FY2026, with a maximum total production capacity of 2,000 MK39 EMATTs per year.  Sprint Speed upgrade allows the MK39 MOD 3 EMATT to more closely represent submarine tactics for evasion with up to 12 knot sprints.

[P5 / TG003 - MK39 EMATT Upgrades]: Provides for the procurement of production MK 39 EMATT Variants to support the family of expendables needed to meet all USN ASW training requirements. Modular kits will provide additional capability to baseline units for specific training events.  Low Frequency Active Expansion upgrade allows the MK39 EMATT to be compatible with future ASW sensors such as the FFG Constellation CAPTAS-4 and P-8A launched SSQ-125 Sonobuoys. The Long Endurance Variant upgrade is being developed under Phase I and II SBIRs [Alternative Power ASW Targets] which are planned to be completed late FY2024.  The transition to procurement of this EMATT Upgrade is planned in FY2025 and will support training operations up to 24 hours.  This extended endurance allows for submarine and Maritime Patrol and Reconnaissance Aircraft (MPRA) to conduct representative missions where the prosecuting platform can tradeoff the target to fresh crews or aircraft.  Very Low Frequency Projector attached to an EMATT body will allow for low frequency tonal emulations consistent with current threats for ASW training missions.  The MK39 EMATT upgrade address Fleet requirements for a target to support Undersea Warfare training events by emulating real world threats.  Production Support provides funding for government production and systems engineering support to support the MK39 EMATT Upgrades.

[P5 / TG007 - MK30 SLEP]: MK 30 MOD 1 Service Life Extension Program (SLEP) extends the MK 30 MOD 1 ASW Target Service Life to continue the use of MK 30 ASW Target until FY 2027. The SLEP efforts required include the replacement of critical navigation subsystems, power distribution subsystems, mechanical parts including replacement hull sections, and test equipment that are no longer procurable and/or can no longer be maintained or that needs updates for cyber vulnerabilities. In FY 2026, MK 30 SLEP Funding is reduced to $0 to partially offset funding of the new MK 30 Replacement Target under Cost Code TG009 and start the sundowning of the MK30 SLEP.  Increase in MK 30 SLEP funding in FY 2027 and beyond will support demilitarization of legacy MK30 Targets as they are removed from service and replaced with the MK66 Heavyweight USW Training Target (HUTT).

[P5 / TG009 - MK66 Heavyweight USW Training Target (HUTT)]: Provides for the procurement of new Heavyweight USW MK-30 Replacement Target vehicles now referred to as MK66 HUTT, first article testing, tooling and test equipment, procurement of technical data package updates, start-up costs, and other one-time costs for production contractors. Funding also provides for contractor engineering services and government support by NUWC NPT for production engineering support, quality assurance efforts, and production acceptance of contractor hardware for the MK30 Replacement Target Vehicles.

[P5 / TG832 - MK39 MOD 2/3 EMATT PROD ENG (IN-HOUSE)]: Funding under this cost code provides for production engineering tasks performed by NUWC NPT and KPT including EMATT program management support, systems engineering, and production engineering.

[P5 / TG842 - MK39 MOD 2/3 EMATT QUALITY ASSURANCE]: Funding under this cost code provides for quality assurance efforts in support of the EMATT program.

[P5 / TG862 - MK39MOD 2/3 EMATT ACCEPTANCE T&amp;E]: Funding under this cost code provides for production acceptance of contractor hardware for the EMATT program.

[P5 / TG900 - MK39 MOD 2/3 EMATT CONSULTING SERVICES]: Funding under this cost code provides for contractor support services at the program office.</proc:Description>
        <proc:Justification>The FY 2026 request was reduced by $1.082 million for Advisory and Assistance Services to promote efficiencies and advance the policies of the Administration in alignment with Executive Order 14222, "Implementing the President's Department of Government Efficiency Cost Efficiency Initiative."

FY 2026 Program Changes:

Cost Element 1.1.1 MK39 Mod 3 EMATTs - increase in procurement quantity from 662 in FY 2025 to 892 in FY 2026. Starting in FY 2026 Increase in unit price is due to adding Sprint Speed Capability Upgrade into MK39 Mod 3 Baseline EMATTs.

Cost Element 2.1.1 Low Frequency Active Upgrade - increase in procurement quantity from 0 in FY 2025 to 100 in FY 2026 for first year of procurements.

Cost Element 2.1.2 Long Endurance Upgrade - Increase in funding is due to increase in procurement quantity from 0 in FY 2025 to 87 in FY 2026.

Cost Element 2.1.3 Extremely Low Frequency Expansion Upgrade - Increase in funding is due to increase in procurement quantity from 0 in FY 2025 to 25 in FY 2026.

Cost Element 2.1.4 Production Engineering Support - increase funding from $0 in FY25 to $0.376M in FY26 for production of Long Endurance and Low Frequency production upgrades.

Cost Elements 5.1.1 MK66 Heavyweight USW Training Target (HUTT) - increase in procurement quantity from 3 MK66 HUTT Targets in FY 2025 to 4 in FY 2026.</proc:Justification>
        <proc:ItemExhibitList>
            <proc:P5Item>
                <proc:Name>ASW TARGETS</proc:Name>
                <proc:ItemNumber>1</proc:ItemNumber>
                <proc:Remarks>[Hardware/Recurring]</proc:Remarks>
                <proc:ResourceSummary>
                    <proc:TotalCost>
                        <proc:AllPriorYears>284.454</proc:AllPriorYears>
                        <proc:PriorYear>24.817</proc:PriorYear>
                        <proc:CurrentYear>30.476</proc:CurrentYear>
                        <proc:BudgetYearOneBase>38.386</proc:BudgetYearOneBase>
                        <proc:BudgetYearOneOOC>0</proc:BudgetYearOneOOC>
                        <proc:BudgetYearOne>38.386</proc:BudgetYearOne>
                    </proc:TotalCost>
                    <proc:NetProcurementP1>
                        <proc:AllPriorYears>284.454</proc:AllPriorYears>
                        <proc:PriorYear>24.817</proc:PriorYear>
                        <proc:CurrentYear>30.476</proc:CurrentYear>
                        <proc:BudgetYearOneBase>38.386</proc:BudgetYearOneBase>
                        <proc:BudgetYearOneOOC>0</proc:BudgetYearOneOOC>
                        <proc:BudgetYearOne>38.386</proc:BudgetYearOne>
                    </proc:NetProcurementP1>
                    <proc:TotalObligationAuthority>
                        <proc:AllPriorYears>284.454</proc:AllPriorYears>
                        <proc:PriorYear>24.817</proc:PriorYear>
                        <proc:CurrentYear>30.476</proc:CurrentYear>
                        <proc:BudgetYearOneBase>38.386</proc:BudgetYearOneBase>
                        <proc:BudgetYearOneOOC>0</proc:BudgetYearOneOOC>
                        <proc:BudgetYearOne>38.386</proc:BudgetYearOne>
                    </proc:TotalObligationAuthority>
                </proc:ResourceSummary>
                <proc:CostElementCategoryList>
                    <proc:Hardware>
                        <proc:Name>TG002 - MK39 MOD 3 EMATT</proc:Name>
                        <proc:Recurring>
                            <proc:CostElementList>
                                <proc:CostElement>
                                    <proc:Name footnote="Cost Element 1.1.1 MK39 Mod 3 EMATTs - increase in procurement quantity from 662 in FY 2025 to 892 in FY 2026. Starting in FY 2026 Increase in unit price is due to adding Sprint Speed Capability Upgrade into MK39 Mod 3 Baseline EMATTs.">1.1.1) MK39 MOD 3 EMATTs</proc:Name>
                                    <proc:Cost>
                                        <proc:Quantity>
                                            <proc:AllPriorYears>9004</proc:AllPriorYears>
                                            <proc:PriorYear>851</proc:PriorYear>
                                            <proc:CurrentYear>662</proc:CurrentYear>
                                            <proc:BudgetYearOneBase>892</proc:BudgetYearOneBase>
                                            <proc:BudgetYearOne>892</proc:BudgetYearOne>
                                        </proc:Quantity>
                                        <proc:TotalCost>
                                            <proc:AllPriorYears>101.414</proc:AllPriorYears>
                                            <proc:PriorYear>7.216</proc:PriorYear>
                                            <proc:CurrentYear>5.62</proc:CurrentYear>
                                            <proc:BudgetYearOneBase>9.008</proc:BudgetYearOneBase>
                                            <proc:BudgetYearOne>9.008</proc:BudgetYearOne>
                                        </proc:TotalCost>
                                        <proc:UnitCost>
                                            <proc:AllPriorYears>11263.22</proc:AllPriorYears>
                                            <proc:PriorYear>8480</proc:PriorYear>
                                            <proc:CurrentYear>8490</proc:CurrentYear>
                                            <proc:BudgetYearOneBase>10098.65</proc:BudgetYearOneBase>
                                            <proc:BudgetYearOne>10098.65</proc:BudgetYearOne>
                                        </proc:UnitCost>
                                    </proc:Cost>
                                    <proc:AllPriorYearsDeliveries>3175</proc:AllPriorYearsDeliveries>
                                    <proc:ManufacturerList>
                                        <proc:Manufacturer>
                                            <proc:Name>LOCKHEED MARTIN/SIPPICAN FY17</proc:Name>
                                            <proc:Location>Marion, MA</proc:Location>
                                            <proc:MinimumSustainingRate>300</proc:MinimumSustainingRate>
                                            <proc:MaximumProductionRate>1800</proc:MaximumProductionRate>
                                            <proc:Rate185>1000</proc:Rate185>
                                            <proc:InitialQuantity>
                                                <proc:AdminLeadTimeBeforeOct1InMonths>0</proc:AdminLeadTimeBeforeOct1InMonths>
                                                <proc:AdminLeadTimeAfterOct1InMonths>0</proc:AdminLeadTimeAfterOct1InMonths>
                                                <proc:ProductionLeadTimeAfterOct1InMonths>21</proc:ProductionLeadTimeAfterOct1InMonths>
                                                <proc:TotalLeadTimeAfterOct1InMonths>21</proc:TotalLeadTimeAfterOct1InMonths>
                                            </proc:InitialQuantity>
                                            <proc:ReorderQuantity>
                                                <proc:AdminLeadTimeBeforeOct1InMonths>0</proc:AdminLeadTimeBeforeOct1InMonths>
                                                <proc:AdminLeadTimeAfterOct1InMonths>0</proc:AdminLeadTimeAfterOct1InMonths>
                                                <proc:ProductionLeadTimeAfterOct1InMonths>15</proc:ProductionLeadTimeAfterOct1InMonths>
                                                <proc:TotalLeadTimeAfterOct1InMonths>15</proc:TotalLeadTimeAfterOct1InMonths>
                                            </proc:ReorderQuantity>
                                            <proc:HistoryPlanningList>
                                                <proc:HistoryPlanning>
                                                    <proc:FiscalYear>2017</proc:FiscalYear>
                                                    <proc:PCOLocation>NUWC NEWPORT</proc:PCOLocation>
                                                    <proc:AwardDate>2016-11</proc:AwardDate>
                                                    <proc:FirstDeliveryDate>2018-02</proc:FirstDeliveryDate>
                                                    <proc:Quantity>715</proc:Quantity>
                                                    <proc:UnitCost>6999.00</proc:UnitCost>
                                                    <proc:SpecsAvailableNow>true</proc:SpecsAvailableNow>
                                                    <proc:ContractMethod>C</proc:ContractMethod>
                                                    <proc:ContractType>FFP</proc:ContractType>
                                                    <proc:MonthlyDeliveryScheduleList>
                                                        <proc:MonthlyDeliverySchedule>
                                                            <proc:ServiceAgencyName>Navy</proc:ServiceAgencyName>
                                                            <proc:ProcQuantity>715</proc:ProcQuantity>
                                                            <proc:MonthlyDeliveryList>
                                                                <proc:MonthlyDelivery>
                                                                    <proc:Month>2018-02</proc:Month>
                                                                    <proc:Amount>208</proc:Amount>
                                                                </proc:MonthlyDelivery>
                                                                <proc:MonthlyDelivery>
                                                                    <proc:Month>2018-05</proc:Month>
                                                                    <proc:Amount>250</proc:Amount>
                                                                </proc:MonthlyDelivery>
                                                                <proc:MonthlyDelivery>
                                                                    <proc:Month>2018-09</proc:Month>
                                                                    <proc:Amount>257</proc:Amount>
                                                                </proc:MonthlyDelivery>
                                                            </proc:MonthlyDeliveryList>
                                                        </proc:MonthlyDeliverySchedule>
                                                    </proc:MonthlyDeliveryScheduleList>
                                                </proc:HistoryPlanning>
                                            </proc:HistoryPlanningList>
                                        </proc:Manufacturer>
                                        <proc:Manufacturer>
                                            <proc:Name>LOCKHEED MARTIN/SIPPICAN FY18</proc:Name>
                                            <proc:Location>Marion, MA</proc:Location>
                                            <proc:MinimumSustainingRate>300</proc:MinimumSustainingRate>
                                            <proc:MaximumProductionRate>1800</proc:MaximumProductionRate>
                                            <proc:Rate185>1000</proc:Rate185>
                                            <proc:InitialQuantity>
                                                <proc:AdminLeadTimeBeforeOct1InMonths>0</proc:AdminLeadTimeBeforeOct1InMonths>
                                                <proc:AdminLeadTimeAfterOct1InMonths>0</proc:AdminLeadTimeAfterOct1InMonths>
                                                <proc:ProductionLeadTimeAfterOct1InMonths>21</proc:ProductionLeadTimeAfterOct1InMonths>
                                                <proc:TotalLeadTimeAfterOct1InMonths>21</proc:TotalLeadTimeAfterOct1InMonths>
                                            </proc:InitialQuantity>
                                            <proc:ReorderQuantity>
                                                <proc:AdminLeadTimeBeforeOct1InMonths>0</proc:AdminLeadTimeBeforeOct1InMonths>
                                                <proc:AdminLeadTimeAfterOct1InMonths>0</proc:AdminLeadTimeAfterOct1InMonths>
                                                <proc:ProductionLeadTimeAfterOct1InMonths>14</proc:ProductionLeadTimeAfterOct1InMonths>
                                                <proc:TotalLeadTimeAfterOct1InMonths>14</proc:TotalLeadTimeAfterOct1InMonths>
                                            </proc:ReorderQuantity>
                                            <proc:HistoryPlanningList>
                                                <proc:HistoryPlanning>
                                                    <proc:FiscalYear>2018</proc:FiscalYear>
                                                    <proc:PCOLocation>NUWC NEWPORT</proc:PCOLocation>
                                                    <proc:AwardDate>2017-11</proc:AwardDate>
                                                    <proc:FirstDeliveryDate>2019-01</proc:FirstDeliveryDate>
                                                    <proc:Quantity>1017</proc:Quantity>
                                                    <proc:UnitCost>6925.00</proc:UnitCost>
                                                    <proc:SpecsAvailableNow>true</proc:SpecsAvailableNow>
                                                    <proc:ContractMethod>C</proc:ContractMethod>
                                                    <proc:ContractType>FFP</proc:ContractType>
                                                    <proc:MonthlyDeliveryScheduleList>
                                                        <proc:MonthlyDeliverySchedule>
                                                            <proc:ServiceAgencyName>Navy</proc:ServiceAgencyName>
                                                            <proc:ProcQuantity>1017</proc:ProcQuantity>
                                                            <proc:MonthlyDeliveryList>
                                                                <proc:MonthlyDelivery>
                                                                    <proc:Month>2019-01</proc:Month>
                                                                    <proc:Amount>333</proc:Amount>
                                                                </proc:MonthlyDelivery>
                                                                <proc:MonthlyDelivery>
                                                                    <proc:Month>2019-05</proc:Month>
                                                                    <proc:Amount>333</proc:Amount>
                                                                </proc:MonthlyDelivery>
                                                                <proc:MonthlyDelivery>
                                                                    <proc:Month>2019-09</proc:Month>
                                                                    <proc:Amount>351</proc:Amount>
                                                                </proc:MonthlyDelivery>
                                                            </proc:MonthlyDeliveryList>
                                                        </proc:MonthlyDeliverySchedule>
                                                    </proc:MonthlyDeliveryScheduleList>
                                                </proc:HistoryPlanning>
                                            </proc:HistoryPlanningList>
                                        </proc:Manufacturer>
                                        <proc:Manufacturer>
                                            <proc:Name>LOCKHEED MARTIN/SIPPICAN FY19/20</proc:Name>
                                            <proc:Location>Marion, MA</proc:Location>
                                            <proc:MinimumSustainingRate>300</proc:MinimumSustainingRate>
                                            <proc:MaximumProductionRate>1800</proc:MaximumProductionRate>
                                            <proc:Rate185>1000</proc:Rate185>
                                            <proc:InitialQuantity>
                                                <proc:AdminLeadTimeBeforeOct1InMonths>0</proc:AdminLeadTimeBeforeOct1InMonths>
                                                <proc:AdminLeadTimeAfterOct1InMonths>0</proc:AdminLeadTimeAfterOct1InMonths>
                                                <proc:ProductionLeadTimeAfterOct1InMonths>25</proc:ProductionLeadTimeAfterOct1InMonths>
                                                <proc:TotalLeadTimeAfterOct1InMonths>25</proc:TotalLeadTimeAfterOct1InMonths>
                                            </proc:InitialQuantity>
                                            <proc:ReorderQuantity>
                                                <proc:AdminLeadTimeBeforeOct1InMonths>0</proc:AdminLeadTimeBeforeOct1InMonths>
                                                <proc:AdminLeadTimeAfterOct1InMonths>0</proc:AdminLeadTimeAfterOct1InMonths>
                                                <proc:ProductionLeadTimeAfterOct1InMonths>22</proc:ProductionLeadTimeAfterOct1InMonths>
                                                <proc:TotalLeadTimeAfterOct1InMonths>22</proc:TotalLeadTimeAfterOct1InMonths>
                                            </proc:ReorderQuantity>
                                            <proc:HistoryPlanningList>
                                                <proc:HistoryPlanning>
                                                    <proc:FiscalYear>2019</proc:FiscalYear>
                                                    <proc:PCOLocation>NUWC NEWPORT</proc:PCOLocation>
                                                    <proc:AwardDate>2019-01</proc:AwardDate>
                                                    <proc:FirstDeliveryDate>2020-11</proc:FirstDeliveryDate>
                                                    <proc:Quantity>1019</proc:Quantity>
                                                    <proc:UnitCost>7097.00</proc:UnitCost>
                                                    <proc:SpecsAvailableNow>true</proc:SpecsAvailableNow>
                                                    <proc:ContractMethod>C</proc:ContractMethod>
                                                    <proc:ContractType>FFP</proc:ContractType>
                                                    <proc:MonthlyDeliveryScheduleList>
                                                        <proc:MonthlyDeliverySchedule>
                                                            <proc:ServiceAgencyName>Navy</proc:ServiceAgencyName>
                                                            <proc:ProcQuantity>1019</proc:ProcQuantity>
                                                            <proc:MonthlyDeliveryList>
                                                                <proc:MonthlyDelivery>
                                                                    <proc:Month>2020-11</proc:Month>
                                                                    <proc:Amount>333</proc:Amount>
                                                                </proc:MonthlyDelivery>
                                                                <proc:MonthlyDelivery>
                                                                    <proc:Month>2021-01</proc:Month>
                                                                    <proc:Amount>333</proc:Amount>
                                                                </proc:MonthlyDelivery>
                                                                <proc:MonthlyDelivery>
                                                                    <proc:Month>2021-05</proc:Month>
                                                                    <proc:Amount>353</proc:Amount>
                                                                </proc:MonthlyDelivery>
                                                            </proc:MonthlyDeliveryList>
                                                        </proc:MonthlyDeliverySchedule>
                                                    </proc:MonthlyDeliveryScheduleList>
                                                </proc:HistoryPlanning>
                                                <proc:HistoryPlanning>
                                                    <proc:FiscalYear>2020</proc:FiscalYear>
                                                    <proc:PCOLocation>NUWC NEWPORT</proc:PCOLocation>
                                                    <proc:AwardDate>2019-12</proc:AwardDate>
                                                    <proc:FirstDeliveryDate>2022-02</proc:FirstDeliveryDate>
                                                    <proc:Quantity>964</proc:Quantity>
                                                    <proc:UnitCost>7273.86</proc:UnitCost>
                                                    <proc:SpecsAvailableNow>true</proc:SpecsAvailableNow>
                                                    <proc:ContractMethod>C</proc:ContractMethod>
                                                    <proc:ContractType>FFP</proc:ContractType>
                                                    <proc:MonthlyDeliveryScheduleList>
                                                        <proc:MonthlyDeliverySchedule>
                                                            <proc:ServiceAgencyName>Navy</proc:ServiceAgencyName>
                                                            <proc:ProcQuantity>964</proc:ProcQuantity>
                                                            <proc:MonthlyDeliveryList>
                                                                <proc:MonthlyDelivery>
                                                                    <proc:Month>2022-02</proc:Month>
                                                                    <proc:Amount>333</proc:Amount>
                                                                </proc:MonthlyDelivery>
                                                                <proc:MonthlyDelivery>
                                                                    <proc:Month>2022-08</proc:Month>
                                                                    <proc:Amount>333</proc:Amount>
                                                                </proc:MonthlyDelivery>
                                                                <proc:MonthlyDelivery>
                                                                    <proc:Month>2022-10</proc:Month>
                                                                    <proc:Amount>298</proc:Amount>
                                                                </proc:MonthlyDelivery>
                                                            </proc:MonthlyDeliveryList>
                                                        </proc:MonthlyDeliverySchedule>
                                                    </proc:MonthlyDeliveryScheduleList>
                                                </proc:HistoryPlanning>
                                            </proc:HistoryPlanningList>
                                        </proc:Manufacturer>
                                        <proc:Manufacturer>
                                            <proc:Name>LOCKHEED MARTIN/SIPPICAN FY20/21</proc:Name>
                                            <proc:Location>Marion, MA</proc:Location>
                                            <proc:MinimumSustainingRate>300</proc:MinimumSustainingRate>
                                            <proc:MaximumProductionRate>1800</proc:MaximumProductionRate>
                                            <proc:Rate185>1000</proc:Rate185>
                                            <proc:InitialQuantity>
                                                <proc:AdminLeadTimeBeforeOct1InMonths>0</proc:AdminLeadTimeBeforeOct1InMonths>
                                                <proc:AdminLeadTimeAfterOct1InMonths>0</proc:AdminLeadTimeAfterOct1InMonths>
                                                <proc:ProductionLeadTimeAfterOct1InMonths>27</proc:ProductionLeadTimeAfterOct1InMonths>
                                                <proc:TotalLeadTimeAfterOct1InMonths>27</proc:TotalLeadTimeAfterOct1InMonths>
                                            </proc:InitialQuantity>
                                            <proc:ReorderQuantity>
                                                <proc:AdminLeadTimeBeforeOct1InMonths>0</proc:AdminLeadTimeBeforeOct1InMonths>
                                                <proc:AdminLeadTimeAfterOct1InMonths>0</proc:AdminLeadTimeAfterOct1InMonths>
                                                <proc:ProductionLeadTimeAfterOct1InMonths>22</proc:ProductionLeadTimeAfterOct1InMonths>
                                                <proc:TotalLeadTimeAfterOct1InMonths>22</proc:TotalLeadTimeAfterOct1InMonths>
                                            </proc:ReorderQuantity>
                                            <proc:HistoryPlanningList>
                                                <proc:HistoryPlanning>
                                                    <proc:FiscalYear>2021</proc:FiscalYear>
                                                    <proc:PCOLocation>NUWC NEWPORT</proc:PCOLocation>
                                                    <proc:AwardDate>2020-12</proc:AwardDate>
                                                    <proc:FirstDeliveryDate>2023-03</proc:FirstDeliveryDate>
                                                    <proc:Quantity>965</proc:Quantity>
                                                    <proc:UnitCost>7455.00</proc:UnitCost>
                                                    <proc:SpecsAvailableNow>true</proc:SpecsAvailableNow>
                                                    <proc:ContractMethod>C</proc:ContractMethod>
                                                    <proc:ContractType>FFP</proc:ContractType>
                                                    <proc:MonthlyDeliveryScheduleList>
                                                        <proc:MonthlyDeliverySchedule>
                                                            <proc:ServiceAgencyName>Navy</proc:ServiceAgencyName>
                                                            <proc:ProcQuantity>965</proc:ProcQuantity>
                                                            <proc:MonthlyDeliveryList>
                                                                <proc:MonthlyDelivery>
                                                                    <proc:Month>2023-03</proc:Month>
                                                                    <proc:Amount>321</proc:Amount>
                                                                </proc:MonthlyDelivery>
                                                                <proc:MonthlyDelivery>
                                                                    <proc:Month>2023-05</proc:Month>
                                                                    <proc:Amount>322</proc:Amount>
                                                                </proc:MonthlyDelivery>
                                                                <proc:MonthlyDelivery>
                                                                    <proc:Month>2023-07</proc:Month>
                                                                    <proc:Amount>322</proc:Amount>
                                                                </proc:MonthlyDelivery>
                                                            </proc:MonthlyDeliveryList>
                                                        </proc:MonthlyDeliverySchedule>
                                                    </proc:MonthlyDeliveryScheduleList>
                                                </proc:HistoryPlanning>
                                            </proc:HistoryPlanningList>
                                        </proc:Manufacturer>
                                        <proc:Manufacturer>
                                            <proc:Name>SAAB  FY22/23</proc:Name>
                                            <proc:Location>Cranston RI</proc:Location>
                                            <proc:MinimumSustainingRate>400</proc:MinimumSustainingRate>
                                            <proc:MaximumProductionRate>1800</proc:MaximumProductionRate>
                                            <proc:Rate185>1000</proc:Rate185>
                                            <proc:InitialQuantity>
                                                <proc:AdminLeadTimeBeforeOct1InMonths>0</proc:AdminLeadTimeBeforeOct1InMonths>
                                                <proc:AdminLeadTimeAfterOct1InMonths>0</proc:AdminLeadTimeAfterOct1InMonths>
                                                <proc:ProductionLeadTimeAfterOct1InMonths>30</proc:ProductionLeadTimeAfterOct1InMonths>
                                                <proc:TotalLeadTimeAfterOct1InMonths>30</proc:TotalLeadTimeAfterOct1InMonths>
                                            </proc:InitialQuantity>
                                            <proc:ReorderQuantity>
                                                <proc:AdminLeadTimeBeforeOct1InMonths>0</proc:AdminLeadTimeBeforeOct1InMonths>
                                                <proc:AdminLeadTimeAfterOct1InMonths>0</proc:AdminLeadTimeAfterOct1InMonths>
                                                <proc:ProductionLeadTimeAfterOct1InMonths>25</proc:ProductionLeadTimeAfterOct1InMonths>
                                                <proc:TotalLeadTimeAfterOct1InMonths>25</proc:TotalLeadTimeAfterOct1InMonths>
                                            </proc:ReorderQuantity>
                                            <proc:HistoryPlanningList>
                                                <proc:HistoryPlanning>
                                                    <proc:FiscalYear>2022</proc:FiscalYear>
                                                    <proc:PCOLocation>NUWC NEWPORT</proc:PCOLocation>
                                                    <proc:AwardDate>2023-09</proc:AwardDate>
                                                    <proc:FirstDeliveryDate>2025-10</proc:FirstDeliveryDate>
                                                    <proc:Quantity>227</proc:Quantity>
                                                    <proc:UnitCost>8321.00</proc:UnitCost>
                                                    <proc:SpecsAvailableNow>true</proc:SpecsAvailableNow>
                                                    <proc:ContractMethod>C</proc:ContractMethod>
                                                    <proc:ContractType>FFP</proc:ContractType>
                                                    <proc:MonthlyDeliveryScheduleList>
                                                        <proc:MonthlyDeliverySchedule>
                                                            <proc:ServiceAgencyName>Navy</proc:ServiceAgencyName>
                                                            <proc:ProcQuantity>227</proc:ProcQuantity>
                                                            <proc:MonthlyDeliveryList>
                                                                <proc:MonthlyDelivery>
                                                                    <proc:Month>2025-10</proc:Month>
                                                                    <proc:Amount>227</proc:Amount>
                                                                </proc:MonthlyDelivery>
                                                            </proc:MonthlyDeliveryList>
                                                        </proc:MonthlyDeliverySchedule>
                                                    </proc:MonthlyDeliveryScheduleList>
                                                </proc:HistoryPlanning>
                                                <proc:HistoryPlanning>
                                                    <proc:FiscalYear>2023</proc:FiscalYear>
                                                    <proc:PCOLocation>NUWC NEWPORT</proc:PCOLocation>
                                                    <proc:AwardDate>2023-03</proc:AwardDate>
                                                    <proc:FirstDeliveryDate>2025-10</proc:FirstDeliveryDate>
                                                    <proc:Quantity>922</proc:Quantity>
                                                    <proc:UnitCost>8321.00</proc:UnitCost>
                                                    <proc:SpecsAvailableNow>true</proc:SpecsAvailableNow>
                                                    <proc:ContractMethod>C</proc:ContractMethod>
                                                    <proc:ContractType>FFP</proc:ContractType>
                                                    <proc:MonthlyDeliveryScheduleList>
                                                        <proc:MonthlyDeliverySchedule>
                                                            <proc:ServiceAgencyName>Navy</proc:ServiceAgencyName>
                                                            <proc:ProcQuantity>922</proc:ProcQuantity>
                                                            <proc:MonthlyDeliveryList>
                                                                <proc:MonthlyDelivery>
                                                                    <proc:Month>2025-10</proc:Month>
                                                                    <proc:Amount>173</proc:Amount>
                                                                </proc:MonthlyDelivery>
                                                                <proc:MonthlyDelivery>
                                                                    <proc:Month>2026-01</proc:Month>
                                                                    <proc:Amount>400</proc:Amount>
                                                                </proc:MonthlyDelivery>
                                                                <proc:MonthlyDelivery>
                                                                    <proc:Month>2026-04</proc:Month>
                                                                    <proc:Amount>349</proc:Amount>
                                                                </proc:MonthlyDelivery>
                                                            </proc:MonthlyDeliveryList>
                                                        </proc:MonthlyDeliverySchedule>
                                                    </proc:MonthlyDeliveryScheduleList>
                                                </proc:HistoryPlanning>
                                            </proc:HistoryPlanningList>
                                        </proc:Manufacturer>
                                        <proc:Manufacturer>
                                            <proc:Name>SAAB  FY25</proc:Name>
                                            <proc:Location>Cranston RI</proc:Location>
                                            <proc:MinimumSustainingRate>400</proc:MinimumSustainingRate>
                                            <proc:MaximumProductionRate>1800</proc:MaximumProductionRate>
                                            <proc:Rate185>1000</proc:Rate185>
                                            <proc:InitialQuantity>
                                                <proc:AdminLeadTimeBeforeOct1InMonths>0</proc:AdminLeadTimeBeforeOct1InMonths>
                                                <proc:AdminLeadTimeAfterOct1InMonths>0</proc:AdminLeadTimeAfterOct1InMonths>
                                                <proc:ProductionLeadTimeAfterOct1InMonths>23</proc:ProductionLeadTimeAfterOct1InMonths>
                                                <proc:TotalLeadTimeAfterOct1InMonths>23</proc:TotalLeadTimeAfterOct1InMonths>
                                            </proc:InitialQuantity>
                                            <proc:ReorderQuantity>
                                                <proc:AdminLeadTimeBeforeOct1InMonths>0</proc:AdminLeadTimeBeforeOct1InMonths>
                                                <proc:AdminLeadTimeAfterOct1InMonths>0</proc:AdminLeadTimeAfterOct1InMonths>
                                                <proc:ProductionLeadTimeAfterOct1InMonths>23</proc:ProductionLeadTimeAfterOct1InMonths>
                                                <proc:TotalLeadTimeAfterOct1InMonths>23</proc:TotalLeadTimeAfterOct1InMonths>
                                            </proc:ReorderQuantity>
                                            <proc:HistoryPlanningList>
                                                <proc:HistoryPlanning>
                                                    <proc:FiscalYear>2024</proc:FiscalYear>
                                                    <proc:PCOLocation>NUWC NEWPORT</proc:PCOLocation>
                                                    <proc:AwardDate>2024-03</proc:AwardDate>
                                                    <proc:FirstDeliveryDate>2026-03</proc:FirstDeliveryDate>
                                                    <proc:Quantity>851</proc:Quantity>
                                                    <proc:UnitCost>8480.00</proc:UnitCost>
                                                    <proc:SpecsAvailableNow>true</proc:SpecsAvailableNow>
                                                    <proc:ContractMethod>C</proc:ContractMethod>
                                                    <proc:ContractType>FFP</proc:ContractType>
                                                    <proc:MonthlyDeliveryScheduleList>
                                                        <proc:MonthlyDeliverySchedule>
                                                            <proc:ServiceAgencyName>Navy</proc:ServiceAgencyName>
                                                            <proc:ProcQuantity>851</proc:ProcQuantity>
                                                            <proc:MonthlyDeliveryList>
                                                                <proc:MonthlyDelivery>
                                                                    <proc:Month>2026-03</proc:Month>
                                                                    <proc:Amount>348</proc:Amount>
                                                                </proc:MonthlyDelivery>
                                                                <proc:MonthlyDelivery>
                                                                    <proc:Month>2026-06</proc:Month>
                                                                    <proc:Amount>348</proc:Amount>
                                                                </proc:MonthlyDelivery>
                                                                <proc:MonthlyDelivery>
                                                                    <proc:Month>2026-10</proc:Month>
                                                                    <proc:Amount>155</proc:Amount>
                                                                </proc:MonthlyDelivery>
                                                            </proc:MonthlyDeliveryList>
                                                        </proc:MonthlyDeliverySchedule>
                                                    </proc:MonthlyDeliveryScheduleList>
                                                </proc:HistoryPlanning>
                                                <proc:HistoryPlanning>
                                                    <proc:FiscalYear>2025</proc:FiscalYear>
                                                    <proc:PCOLocation>NUWC NEWPORT</proc:PCOLocation>
                                                    <proc:AwardDate>2025-05</proc:AwardDate>
                                                    <proc:FirstDeliveryDate>2027-04</proc:FirstDeliveryDate>
                                                    <proc:Quantity>662</proc:Quantity>
                                                    <proc:UnitCost>8490.00</proc:UnitCost>
                                                    <proc:SpecsAvailableNow>true</proc:SpecsAvailableNow>
                                                    <proc:ContractMethod>C</proc:ContractMethod>
                                                    <proc:ContractType>FFP</proc:ContractType>
                                                    <proc:MonthlyDeliveryScheduleList>
                                                        <proc:MonthlyDeliverySchedule>
                                                            <proc:ServiceAgencyName>Navy</proc:ServiceAgencyName>
                                                            <proc:ProcQuantity>662</proc:ProcQuantity>
                                                            <proc:MonthlyDeliveryList>
                                                                <proc:MonthlyDelivery>
                                                                    <proc:Month>2027-04</proc:Month>
                                                                    <proc:Amount>348</proc:Amount>
                                                                </proc:MonthlyDelivery>
                                                                <proc:MonthlyDelivery>
                                                                    <proc:Month>2027-07</proc:Month>
                                                                    <proc:Amount>314</proc:Amount>
                                                                </proc:MonthlyDelivery>
                                                            </proc:MonthlyDeliveryList>
                                                        </proc:MonthlyDeliverySchedule>
                                                    </proc:MonthlyDeliveryScheduleList>
                                                </proc:HistoryPlanning>
                                                <proc:HistoryPlanning>
                                                    <proc:FiscalYear>2026</proc:FiscalYear>
                                                    <proc:PCOLocation>NUWC NEWPORT</proc:PCOLocation>
                                                    <proc:AwardDate>2026-02</proc:AwardDate>
                                                    <proc:FirstDeliveryDate>2028-02</proc:FirstDeliveryDate>
                                                    <proc:Quantity>892</proc:Quantity>
                                                    <proc:UnitCost>10098.65</proc:UnitCost>
                                                    <proc:SpecsAvailableNow>true</proc:SpecsAvailableNow>
                                                    <proc:ContractMethod>C</proc:ContractMethod>
                                                    <proc:ContractType>FFP</proc:ContractType>
                                                    <proc:MonthlyDeliveryScheduleList>
                                                        <proc:MonthlyDeliverySchedule>
                                                            <proc:ServiceAgencyName>Navy</proc:ServiceAgencyName>
                                                            <proc:ProcQuantity>892</proc:ProcQuantity>
                                                            <proc:MonthlyDeliveryList>
                                                                <proc:MonthlyDelivery>
                                                                    <proc:Month>2028-02</proc:Month>
                                                                    <proc:Amount>223</proc:Amount>
                                                                </proc:MonthlyDelivery>
                                                                <proc:MonthlyDelivery>
                                                                    <proc:Month>2028-05</proc:Month>
                                                                    <proc:Amount>223</proc:Amount>
                                                                </proc:MonthlyDelivery>
                                                                <proc:MonthlyDelivery>
                                                                    <proc:Month>2028-08</proc:Month>
                                                                    <proc:Amount>223</proc:Amount>
                                                                </proc:MonthlyDelivery>
                                                                <proc:MonthlyDelivery>
                                                                    <proc:Month>2028-11</proc:Month>
                                                                    <proc:Amount>223</proc:Amount>
                                                                </proc:MonthlyDelivery>
                                                            </proc:MonthlyDeliveryList>
                                                        </proc:MonthlyDeliverySchedule>
                                                    </proc:MonthlyDeliveryScheduleList>
                                                </proc:HistoryPlanning>
                                            </proc:HistoryPlanningList>
                                        </proc:Manufacturer>
                                    </proc:ManufacturerList>
                                </proc:CostElement>
                                <proc:CostElement>
                                    <proc:Name>1.1.2) ENGINEERING SERVICES/ECP</proc:Name>
                                    <proc:Cost>
                                        <proc:TotalCost>
                                            <proc:AllPriorYears>9.659</proc:AllPriorYears>
                                            <proc:PriorYear>1.765</proc:PriorYear>
                                            <proc:CurrentYear>2.733</proc:CurrentYear>
                                            <proc:BudgetYearOneBase>0.899</proc:BudgetYearOneBase>
                                            <proc:BudgetYearOne>0.899</proc:BudgetYearOne>
                                        </proc:TotalCost>
                                    </proc:Cost>
                                </proc:CostElement>
                                <proc:CostElement>
                                    <proc:Name>1.1.3) MK39 MOD 2 EMATT TARGETS OPTION 2</proc:Name>
                                    <proc:Cost>
                                        <proc:Quantity>
                                            <proc:AllPriorYears>1000</proc:AllPriorYears>
                                        </proc:Quantity>
                                        <proc:TotalCost>
                                            <proc:AllPriorYears>6.993</proc:AllPriorYears>
                                        </proc:TotalCost>
                                        <proc:UnitCost>
                                            <proc:AllPriorYears>6993</proc:AllPriorYears>
                                        </proc:UnitCost>
                                    </proc:Cost>
                                </proc:CostElement>
                            </proc:CostElementList>
                            <proc:CategorySubtotal>
                                <proc:TotalCost>
                                    <proc:AllPriorYears>118.066</proc:AllPriorYears>
                                    <proc:PriorYear>8.981</proc:PriorYear>
                                    <proc:CurrentYear>8.353</proc:CurrentYear>
                                    <proc:BudgetYearOneBase>9.907</proc:BudgetYearOneBase>
                                    <proc:BudgetYearOne>9.907</proc:BudgetYearOne>
                                </proc:TotalCost>
                            </proc:CategorySubtotal>
                        </proc:Recurring>
                        <proc:NonRecurring>
                            <proc:CostElementList>
                                <proc:CostElement>
                                    <proc:Name>1.2.1) NON-RECURRING</proc:Name>
                                    <proc:Cost>
                                        <proc:TotalCost>
                                            <proc:AllPriorYears>9.983</proc:AllPriorYears>
                                        </proc:TotalCost>
                                    </proc:Cost>
                                </proc:CostElement>
                            </proc:CostElementList>
                            <proc:CategorySubtotal>
                                <proc:TotalCost>
                                    <proc:AllPriorYears>9.983</proc:AllPriorYears>
                                </proc:TotalCost>
                            </proc:CategorySubtotal>
                        </proc:NonRecurring>
                        <proc:CategorySubtotal>
                            <proc:TotalCost>
                                <proc:AllPriorYears>128.049</proc:AllPriorYears>
                                <proc:PriorYear>8.981</proc:PriorYear>
                                <proc:CurrentYear>8.353</proc:CurrentYear>
                                <proc:BudgetYearOneBase>9.907</proc:BudgetYearOneBase>
                                <proc:BudgetYearOne>9.907</proc:BudgetYearOne>
                            </proc:TotalCost>
                        </proc:CategorySubtotal>
                    </proc:Hardware>
                    <proc:Hardware>
                        <proc:Name>TG003 - MK39 EMATT Upgrades</proc:Name>
                        <proc:Recurring>
                            <proc:CostElementList>
                                <proc:CostElement>
                                    <proc:Name footnote="Cost Element 2.1.1 Low Frequency Active Upgrade - increase in procurement quantity from 0 in FY 2025 to 100 in FY 2026 for first year of procurements.">2.1.1) Low Frequency Active</proc:Name>
                                    <proc:Cost>
                                        <proc:Quantity>
                                            <proc:BudgetYearOneBase>100</proc:BudgetYearOneBase>
                                            <proc:BudgetYearOne>100</proc:BudgetYearOne>
                                        </proc:Quantity>
                                        <proc:TotalCost>
                                            <proc:BudgetYearOneBase>0.5</proc:BudgetYearOneBase>
                                            <proc:BudgetYearOne>0.5</proc:BudgetYearOne>
                                        </proc:TotalCost>
                                        <proc:UnitCost>
                                            <proc:BudgetYearOneBase>5000</proc:BudgetYearOneBase>
                                            <proc:BudgetYearOne>5000</proc:BudgetYearOne>
                                        </proc:UnitCost>
                                    </proc:Cost>
                                    <proc:ManufacturerList>
                                        <proc:Manufacturer>
                                            <proc:Name>New MFG - TBD</proc:Name>
                                            <proc:Location>TBD</proc:Location>
                                            <proc:HistoryPlanningList>
                                                <proc:HistoryPlanning>
                                                    <proc:FiscalYear>2026</proc:FiscalYear>
                                                    <proc:PCOLocation>NUWC NEWPORT</proc:PCOLocation>
                                                    <proc:AwardDate>2026-05</proc:AwardDate>
                                                    <proc:FirstDeliveryDate>2027-05</proc:FirstDeliveryDate>
                                                    <proc:Quantity>100</proc:Quantity>
                                                    <proc:UnitCost>5000.00</proc:UnitCost>
                                                    <proc:SpecsAvailableNow>true</proc:SpecsAvailableNow>
                                                    <proc:ContractMethod>C</proc:ContractMethod>
                                                    <proc:ContractType>TBD</proc:ContractType>
                                                </proc:HistoryPlanning>
                                            </proc:HistoryPlanningList>
                                        </proc:Manufacturer>
                                    </proc:ManufacturerList>
                                </proc:CostElement>
                                <proc:CostElement>
                                    <proc:Name footnote="Cost Element 2.1.2 Long Endurance Upgrade - Increase in funding is due to increase in procurement quantity from 0 in FY 2025 to 87 in FY 2026.">2.1.2) Long Endurance Upgrade</proc:Name>
                                    <proc:Cost>
                                        <proc:Quantity>
                                            <proc:BudgetYearOneBase>87</proc:BudgetYearOneBase>
                                            <proc:BudgetYearOne>87</proc:BudgetYearOne>
                                        </proc:Quantity>
                                        <proc:TotalCost>
                                            <proc:BudgetYearOneBase>2.84</proc:BudgetYearOneBase>
                                            <proc:BudgetYearOne>2.84</proc:BudgetYearOne>
                                        </proc:TotalCost>
                                        <proc:UnitCost>
                                            <proc:BudgetYearOneBase>32643.68</proc:BudgetYearOneBase>
                                            <proc:BudgetYearOne>32643.68</proc:BudgetYearOne>
                                        </proc:UnitCost>
                                    </proc:Cost>
                                    <proc:ManufacturerList>
                                        <proc:Manufacturer>
                                            <proc:Name>New MFG - TBD</proc:Name>
                                            <proc:Location>TBD</proc:Location>
                                            <proc:HistoryPlanningList>
                                                <proc:HistoryPlanning>
                                                    <proc:FiscalYear>2026</proc:FiscalYear>
                                                    <proc:PCOLocation>NUWC NEWPORT</proc:PCOLocation>
                                                    <proc:AwardDate>2025-10</proc:AwardDate>
                                                    <proc:FirstDeliveryDate>2026-10</proc:FirstDeliveryDate>
                                                    <proc:Quantity>87</proc:Quantity>
                                                    <proc:UnitCost>32643.68</proc:UnitCost>
                                                    <proc:SpecsAvailableNow>true</proc:SpecsAvailableNow>
                                                    <proc:ContractMethod>C</proc:ContractMethod>
                                                    <proc:ContractType>TBD</proc:ContractType>
                                                </proc:HistoryPlanning>
                                            </proc:HistoryPlanningList>
                                        </proc:Manufacturer>
                                    </proc:ManufacturerList>
                                </proc:CostElement>
                                <proc:CostElement>
                                    <proc:Name footnote="Cost Element 2.1.3 Extremely Low Frequency Expansion Upgrade - Increase in funding is due to increase in procurement quantity from 0 in FY 2025 to 25 in FY 2026.">2.1.3) Extremely Low Frequency Expansion Upgrade</proc:Name>
                                    <proc:Cost>
                                        <proc:Quantity>
                                            <proc:BudgetYearOneBase>25</proc:BudgetYearOneBase>
                                            <proc:BudgetYearOne>25</proc:BudgetYearOne>
                                        </proc:Quantity>
                                        <proc:TotalCost>
                                            <proc:BudgetYearOneBase>0.376</proc:BudgetYearOneBase>
                                            <proc:BudgetYearOne>0.376</proc:BudgetYearOne>
                                        </proc:TotalCost>
                                        <proc:UnitCost>
                                            <proc:BudgetYearOneBase>15040</proc:BudgetYearOneBase>
                                            <proc:BudgetYearOne>15040</proc:BudgetYearOne>
                                        </proc:UnitCost>
                                    </proc:Cost>
                                    <proc:ManufacturerList>
                                        <proc:Manufacturer>
                                            <proc:Name>New MFG - TBD</proc:Name>
                                            <proc:Location>TBD</proc:Location>
                                            <proc:HistoryPlanningList>
                                                <proc:HistoryPlanning>
                                                    <proc:FiscalYear>2026</proc:FiscalYear>
                                                    <proc:PCOLocation>NUWC NEWPORT</proc:PCOLocation>
                                                    <proc:AwardDate>2026-05</proc:AwardDate>
                                                    <proc:FirstDeliveryDate>2027-05</proc:FirstDeliveryDate>
                                                    <proc:Quantity>25</proc:Quantity>
                                                    <proc:UnitCost>15040.00</proc:UnitCost>
                                                    <proc:SpecsAvailableNow>true</proc:SpecsAvailableNow>
                                                    <proc:ContractMethod>C</proc:ContractMethod>
                                                    <proc:ContractType>TBD</proc:ContractType>
                                                </proc:HistoryPlanning>
                                            </proc:HistoryPlanningList>
                                        </proc:Manufacturer>
                                    </proc:ManufacturerList>
                                </proc:CostElement>
                                <proc:CostElement>
                                    <proc:Name footnote="Cost Element 2.1.4 Production Engineering Support - Increase in funding from $0 in FY25 to $0.376M in FY26 for production of Long Endurance and Low Frequency production upgrades.">2.1.4) Production Support</proc:Name>
                                    <proc:Cost>
                                        <proc:TotalCost>
                                            <proc:BudgetYearOneBase>0.376</proc:BudgetYearOneBase>
                                            <proc:BudgetYearOne>0.376</proc:BudgetYearOne>
                                        </proc:TotalCost>
                                    </proc:Cost>
                                </proc:CostElement>
                            </proc:CostElementList>
                            <proc:CategorySubtotal>
                                <proc:TotalCost>
                                    <proc:BudgetYearOneBase>4.092</proc:BudgetYearOneBase>
                                    <proc:BudgetYearOne>4.092</proc:BudgetYearOne>
                                </proc:TotalCost>
                            </proc:CategorySubtotal>
                        </proc:Recurring>
                        <proc:CategorySubtotal>
                            <proc:TotalCost>
                                <proc:BudgetYearOneBase>4.092</proc:BudgetYearOneBase>
                                <proc:BudgetYearOne>4.092</proc:BudgetYearOne>
                            </proc:TotalCost>
                        </proc:CategorySubtotal>
                    </proc:Hardware>
                    <proc:Hardware>
                        <proc:Name>TG005 - MK30 MOD 2 PROCUREMENT</proc:Name>
                        <proc:Recurring>
                            <proc:CostElementList>
                                <proc:CostElement>
                                    <proc:Name>3.1.1) MK30 MOD 2 TARGETS</proc:Name>
                                    <proc:Cost>
                                        <proc:TotalCost>
                                            <proc:AllPriorYears>52.759</proc:AllPriorYears>
                                        </proc:TotalCost>
                                    </proc:Cost>
                                </proc:CostElement>
                                <proc:CostElement>
                                    <proc:Name>3.1.2) ENGINEERING COSTS</proc:Name>
                                    <proc:Cost>
                                        <proc:TotalCost>
                                            <proc:AllPriorYears>0.75</proc:AllPriorYears>
                                        </proc:TotalCost>
                                    </proc:Cost>
                                </proc:CostElement>
                            </proc:CostElementList>
                            <proc:CategorySubtotal>
                                <proc:TotalCost>
                                    <proc:AllPriorYears>53.509</proc:AllPriorYears>
                                </proc:TotalCost>
                            </proc:CategorySubtotal>
                        </proc:Recurring>
                        <proc:CategorySubtotal>
                            <proc:TotalCost>
                                <proc:AllPriorYears>53.509</proc:AllPriorYears>
                            </proc:TotalCost>
                        </proc:CategorySubtotal>
                    </proc:Hardware>
                    <proc:Hardware>
                        <proc:Name>TG007 - MK30 SLEP</proc:Name>
                        <proc:Recurring>
                            <proc:CostElementList>
                                <proc:CostElement>
                                    <proc:Name>4.1.1) MK30 SLEP</proc:Name>
                                    <proc:Cost>
                                        <proc:TotalCost>
                                            <proc:AllPriorYears>53.675</proc:AllPriorYears>
                                            <proc:PriorYear>4.531</proc:PriorYear>
                                            <proc:CurrentYear>0.6</proc:CurrentYear>
                                        </proc:TotalCost>
                                    </proc:Cost>
                                </proc:CostElement>
                            </proc:CostElementList>
                            <proc:CategorySubtotal>
                                <proc:TotalCost>
                                    <proc:AllPriorYears>53.675</proc:AllPriorYears>
                                    <proc:PriorYear>4.531</proc:PriorYear>
                                    <proc:CurrentYear>0.6</proc:CurrentYear>
                                </proc:TotalCost>
                            </proc:CategorySubtotal>
                        </proc:Recurring>
                        <proc:CategorySubtotal>
                            <proc:TotalCost>
                                <proc:AllPriorYears>53.675</proc:AllPriorYears>
                                <proc:PriorYear>4.531</proc:PriorYear>
                                <proc:CurrentYear>0.6</proc:CurrentYear>
                            </proc:TotalCost>
                        </proc:CategorySubtotal>
                    </proc:Hardware>
                    <proc:Hardware>
                        <proc:Name>TG009 - MK66 Heavyweight USW Training Target (HUTT)</proc:Name>
                        <proc:Recurring>
                            <proc:CostElementList>
                                <proc:CostElement>
                                    <proc:Name footnote="Cost Elements 5.1.1 MK66 Heavyweight USW Training Target (HUTT) - increase in procurement quantity from 3 MK66 HUTT Targets in FY 2025 to 4 in FY 2026.">5.1.1) MK66 Heavyweight USW Training Target (HUTT)</proc:Name>
                                    <proc:Cost>
                                        <proc:Quantity>
                                            <proc:PriorYear>1</proc:PriorYear>
                                            <proc:CurrentYear>3</proc:CurrentYear>
                                            <proc:BudgetYearOneBase>4</proc:BudgetYearOneBase>
                                            <proc:BudgetYearOne>4</proc:BudgetYearOne>
                                        </proc:Quantity>
                                        <proc:TotalCost>
                                            <proc:PriorYear>5.61</proc:PriorYear>
                                            <proc:CurrentYear>16.83</proc:CurrentYear>
                                            <proc:BudgetYearOneBase>21.64</proc:BudgetYearOneBase>
                                            <proc:BudgetYearOne>21.64</proc:BudgetYearOne>
                                        </proc:TotalCost>
                                        <proc:UnitCost>
                                            <proc:PriorYear>5610000</proc:PriorYear>
                                            <proc:CurrentYear>5610000</proc:CurrentYear>
                                            <proc:BudgetYearOneBase>5410000</proc:BudgetYearOneBase>
                                            <proc:BudgetYearOne>5410000</proc:BudgetYearOne>
                                        </proc:UnitCost>
                                    </proc:Cost>
                                    <proc:ManufacturerList>
                                        <proc:Manufacturer>
                                            <proc:Name>SAAB</proc:Name>
                                            <proc:Location>Cranston RI</proc:Location>
                                            <proc:MinimumSustainingRate>0</proc:MinimumSustainingRate>
                                            <proc:MaximumProductionRate>6</proc:MaximumProductionRate>
                                            <proc:Rate185>0</proc:Rate185>
                                            <proc:InitialQuantity>
                                                <proc:AdminLeadTimeBeforeOct1InMonths>0</proc:AdminLeadTimeBeforeOct1InMonths>
                                                <proc:AdminLeadTimeAfterOct1InMonths>0</proc:AdminLeadTimeAfterOct1InMonths>
                                                <proc:ProductionLeadTimeAfterOct1InMonths>24</proc:ProductionLeadTimeAfterOct1InMonths>
                                                <proc:TotalLeadTimeAfterOct1InMonths>24</proc:TotalLeadTimeAfterOct1InMonths>
                                            </proc:InitialQuantity>
                                            <proc:ReorderQuantity>
                                                <proc:AdminLeadTimeBeforeOct1InMonths>0</proc:AdminLeadTimeBeforeOct1InMonths>
                                                <proc:AdminLeadTimeAfterOct1InMonths>0</proc:AdminLeadTimeAfterOct1InMonths>
                                                <proc:ProductionLeadTimeAfterOct1InMonths>0</proc:ProductionLeadTimeAfterOct1InMonths>
                                                <proc:TotalLeadTimeAfterOct1InMonths>0</proc:TotalLeadTimeAfterOct1InMonths>
                                            </proc:ReorderQuantity>
                                            <proc:HistoryPlanningList>
                                                <proc:HistoryPlanning>
                                                    <proc:FiscalYear>2024</proc:FiscalYear>
                                                    <proc:PCOLocation>NUWC NEWPORT</proc:PCOLocation>
                                                    <proc:AwardDate>2025-06</proc:AwardDate>
                                                    <proc:FirstDeliveryDate>2027-06</proc:FirstDeliveryDate>
                                                    <proc:Quantity>1</proc:Quantity>
                                                    <proc:UnitCost>5610000.00</proc:UnitCost>
                                                    <proc:SpecsAvailableNow>true</proc:SpecsAvailableNow>
                                                    <proc:ContractMethod>C</proc:ContractMethod>
                                                    <proc:ContractType>FFP</proc:ContractType>
                                                    <proc:MonthlyDeliveryScheduleList>
                                                        <proc:MonthlyDeliverySchedule>
                                                            <proc:ServiceAgencyName>Navy</proc:ServiceAgencyName>
                                                            <proc:ProcQuantity>1</proc:ProcQuantity>
                                                            <proc:MonthlyDeliveryList>
                                                                <proc:MonthlyDelivery>
                                                                    <proc:Month>2027-06</proc:Month>
                                                                    <proc:Amount>1</proc:Amount>
                                                                </proc:MonthlyDelivery>
                                                            </proc:MonthlyDeliveryList>
                                                        </proc:MonthlyDeliverySchedule>
                                                    </proc:MonthlyDeliveryScheduleList>
                                                </proc:HistoryPlanning>
                                                <proc:HistoryPlanning>
                                                    <proc:FiscalYear>2025</proc:FiscalYear>
                                                    <proc:PCOLocation>NUWC NEWPORT</proc:PCOLocation>
                                                    <proc:AwardDate>2025-06</proc:AwardDate>
                                                    <proc:FirstDeliveryDate>2027-06</proc:FirstDeliveryDate>
                                                    <proc:Quantity>3</proc:Quantity>
                                                    <proc:UnitCost>5610000.00</proc:UnitCost>
                                                    <proc:SpecsAvailableNow>true</proc:SpecsAvailableNow>
                                                    <proc:ContractMethod>C</proc:ContractMethod>
                                                    <proc:ContractType>FFP</proc:ContractType>
                                                    <proc:MonthlyDeliveryScheduleList>
                                                        <proc:MonthlyDeliverySchedule>
                                                            <proc:ServiceAgencyName>Navy</proc:ServiceAgencyName>
                                                            <proc:ProcQuantity>3</proc:ProcQuantity>
                                                            <proc:MonthlyDeliveryList>
                                                                <proc:MonthlyDelivery>
                                                                    <proc:Month>2027-06</proc:Month>
                                                                    <proc:Amount>3</proc:Amount>
                                                                </proc:MonthlyDelivery>
                                                            </proc:MonthlyDeliveryList>
                                                        </proc:MonthlyDeliverySchedule>
                                                    </proc:MonthlyDeliveryScheduleList>
                                                </proc:HistoryPlanning>
                                                <proc:HistoryPlanning>
                                                    <proc:FiscalYear>2026</proc:FiscalYear>
                                                    <proc:PCOLocation>NUWC NEWPORT</proc:PCOLocation>
                                                    <proc:AwardDate>2026-02</proc:AwardDate>
                                                    <proc:FirstDeliveryDate>2028-02</proc:FirstDeliveryDate>
                                                    <proc:Quantity>4</proc:Quantity>
                                                    <proc:UnitCost>5410000.00</proc:UnitCost>
                                                    <proc:SpecsAvailableNow>true</proc:SpecsAvailableNow>
                                                    <proc:ContractMethod>C</proc:ContractMethod>
                                                    <proc:ContractType>FFP</proc:ContractType>
                                                    <proc:MonthlyDeliveryScheduleList>
                                                        <proc:MonthlyDeliverySchedule>
                                                            <proc:ServiceAgencyName>Navy</proc:ServiceAgencyName>
                                                            <proc:ProcQuantity>4</proc:ProcQuantity>
                                                            <proc:MonthlyDeliveryList>
                                                                <proc:MonthlyDelivery>
                                                                    <proc:Month>2028-02</proc:Month>
                                                                    <proc:Amount>4</proc:Amount>
                                                                </proc:MonthlyDelivery>
                                                            </proc:MonthlyDeliveryList>
                                                        </proc:MonthlyDeliverySchedule>
                                                    </proc:MonthlyDeliveryScheduleList>
                                                </proc:HistoryPlanning>
                                            </proc:HistoryPlanningList>
                                        </proc:Manufacturer>
                                    </proc:ManufacturerList>
                                </proc:CostElement>
                                <proc:CostElement>
                                    <proc:Name>5.1.2) Engineering Services</proc:Name>
                                    <proc:Cost>
                                        <proc:TotalCost>
                                            <proc:PriorYear>3.428</proc:PriorYear>
                                            <proc:CurrentYear>2.4</proc:CurrentYear>
                                            <proc:BudgetYearOneBase>0.408</proc:BudgetYearOneBase>
                                            <proc:BudgetYearOne>0.408</proc:BudgetYearOne>
                                        </proc:TotalCost>
                                    </proc:Cost>
                                </proc:CostElement>
                                <proc:CostElement>
                                    <proc:Name>5.1.3) Production Support</proc:Name>
                                    <proc:Cost>
                                        <proc:TotalCost>
                                            <proc:PriorYear>0.434</proc:PriorYear>
                                            <proc:CurrentYear>0.434</proc:CurrentYear>
                                            <proc:BudgetYearOneBase>0.443</proc:BudgetYearOneBase>
                                            <proc:BudgetYearOne>0.443</proc:BudgetYearOne>
                                        </proc:TotalCost>
                                    </proc:Cost>
                                </proc:CostElement>
                                <proc:CostElement>
                                    <proc:Name>5.1.4) Quality Assurance</proc:Name>
                                    <proc:Cost>
                                        <proc:TotalCost>
                                            <proc:PriorYear>0.264</proc:PriorYear>
                                            <proc:CurrentYear>0.264</proc:CurrentYear>
                                            <proc:BudgetYearOneBase>0.269</proc:BudgetYearOneBase>
                                            <proc:BudgetYearOne>0.269</proc:BudgetYearOne>
                                        </proc:TotalCost>
                                    </proc:Cost>
                                </proc:CostElement>
                                <proc:CostElement>
                                    <proc:Name>5.1.5) Acceptance Test &amp; Evaluation</proc:Name>
                                    <proc:Cost>
                                        <proc:TotalCost>
                                            <proc:PriorYear>0.264</proc:PriorYear>
                                            <proc:CurrentYear>0.264</proc:CurrentYear>
                                            <proc:BudgetYearOneBase>0.269</proc:BudgetYearOneBase>
                                            <proc:BudgetYearOne>0.269</proc:BudgetYearOne>
                                        </proc:TotalCost>
                                    </proc:Cost>
                                </proc:CostElement>
                            </proc:CostElementList>
                            <proc:CategorySubtotal>
                                <proc:TotalCost>
                                    <proc:PriorYear>10</proc:PriorYear>
                                    <proc:CurrentYear>20.192</proc:CurrentYear>
                                    <proc:BudgetYearOneBase>23.029</proc:BudgetYearOneBase>
                                    <proc:BudgetYearOne>23.029</proc:BudgetYearOne>
                                </proc:TotalCost>
                            </proc:CategorySubtotal>
                        </proc:Recurring>
                        <proc:CategorySubtotal>
                            <proc:TotalCost>
                                <proc:PriorYear>10</proc:PriorYear>
                                <proc:CurrentYear>20.192</proc:CurrentYear>
                                <proc:BudgetYearOneBase>23.029</proc:BudgetYearOneBase>
                                <proc:BudgetYearOne>23.029</proc:BudgetYearOne>
                            </proc:TotalCost>
                        </proc:CategorySubtotal>
                    </proc:Hardware>
                    <proc:Support>
                        <proc:CostElementList>
                            <proc:CostElement>
                                <proc:Name>6.1) MK30 SUPPORT &amp; TEST EQUIPMENT</proc:Name>
                                <proc:Cost>
                                    <proc:TotalCost>
                                        <proc:AllPriorYears>1.122</proc:AllPriorYears>
                                    </proc:TotalCost>
                                </proc:Cost>
                            </proc:CostElement>
                        </proc:CostElementList>
                        <proc:CategorySubtotal>
                            <proc:TotalCost>
                                <proc:AllPriorYears>1.122</proc:AllPriorYears>
                            </proc:TotalCost>
                        </proc:CategorySubtotal>
                        <proc:Name>TG015 - MK30 SUPPORT &amp; TEST EQUIPMENT</proc:Name>
                    </proc:Support>
                    <proc:Support>
                        <proc:CostElementList>
                            <proc:CostElement>
                                <proc:Name>7.1) MK39 MOD 2/3 EMATT PROD ENG (IN-HOUSE)</proc:Name>
                                <proc:Cost>
                                    <proc:TotalCost>
                                        <proc:AllPriorYears>20.983</proc:AllPriorYears>
                                        <proc:PriorYear>0.765</proc:PriorYear>
                                        <proc:CurrentYear>0.78</proc:CurrentYear>
                                        <proc:BudgetYearOneBase>0.796</proc:BudgetYearOneBase>
                                        <proc:BudgetYearOne>0.796</proc:BudgetYearOne>
                                    </proc:TotalCost>
                                </proc:Cost>
                            </proc:CostElement>
                        </proc:CostElementList>
                        <proc:CategorySubtotal>
                            <proc:TotalCost>
                                <proc:AllPriorYears>20.983</proc:AllPriorYears>
                                <proc:PriorYear>0.765</proc:PriorYear>
                                <proc:CurrentYear>0.78</proc:CurrentYear>
                                <proc:BudgetYearOneBase>0.796</proc:BudgetYearOneBase>
                                <proc:BudgetYearOne>0.796</proc:BudgetYearOne>
                            </proc:TotalCost>
                        </proc:CategorySubtotal>
                        <proc:Name>TG832 - MK39 MOD 2/3 EMATT PROD ENG (IN-HOUSE)</proc:Name>
                    </proc:Support>
                    <proc:Support>
                        <proc:CostElementList>
                            <proc:CostElement>
                                <proc:Name>8.1) MK30 MOD 2 PROD ENG (IN-HOUSE)</proc:Name>
                                <proc:Cost>
                                    <proc:TotalCost>
                                        <proc:AllPriorYears>13.118</proc:AllPriorYears>
                                    </proc:TotalCost>
                                </proc:Cost>
                            </proc:CostElement>
                        </proc:CostElementList>
                        <proc:CategorySubtotal>
                            <proc:TotalCost>
                                <proc:AllPriorYears>13.118</proc:AllPriorYears>
                            </proc:TotalCost>
                        </proc:CategorySubtotal>
                        <proc:Name>TG835 - MK30 MOD 2 PROD ENG (IN-HOUSE)</proc:Name>
                    </proc:Support>
                    <proc:Support>
                        <proc:CostElementList>
                            <proc:CostElement>
                                <proc:Name>9.1) MK39 MOD 2/3 EMATT QUALITY ASSURANCE</proc:Name>
                                <proc:Cost>
                                    <proc:TotalCost>
                                        <proc:AllPriorYears>2.601</proc:AllPriorYears>
                                        <proc:PriorYear>0.155</proc:PriorYear>
                                        <proc:CurrentYear>0.158</proc:CurrentYear>
                                        <proc:BudgetYearOneBase>0.161</proc:BudgetYearOneBase>
                                        <proc:BudgetYearOne>0.161</proc:BudgetYearOne>
                                    </proc:TotalCost>
                                </proc:Cost>
                            </proc:CostElement>
                        </proc:CostElementList>
                        <proc:CategorySubtotal>
                            <proc:TotalCost>
                                <proc:AllPriorYears>2.601</proc:AllPriorYears>
                                <proc:PriorYear>0.155</proc:PriorYear>
                                <proc:CurrentYear>0.158</proc:CurrentYear>
                                <proc:BudgetYearOneBase>0.161</proc:BudgetYearOneBase>
                                <proc:BudgetYearOne>0.161</proc:BudgetYearOne>
                            </proc:TotalCost>
                        </proc:CategorySubtotal>
                        <proc:Name>TG842 - MK39 MOD 2/3 EMATT QUALITY ASSURANCE</proc:Name>
                    </proc:Support>
                    <proc:Support>
                        <proc:CostElementList>
                            <proc:CostElement>
                                <proc:Name>10.1) MK39 MOD 2/3 EMATT ACCEPTANCE T&amp;E</proc:Name>
                                <proc:Cost>
                                    <proc:TotalCost>
                                        <proc:AllPriorYears>3.883</proc:AllPriorYears>
                                        <proc:PriorYear>0.209</proc:PriorYear>
                                        <proc:CurrentYear>0.213</proc:CurrentYear>
                                        <proc:BudgetYearOneBase>0.217</proc:BudgetYearOneBase>
                                        <proc:BudgetYearOne>0.217</proc:BudgetYearOne>
                                    </proc:TotalCost>
                                </proc:Cost>
                            </proc:CostElement>
                        </proc:CostElementList>
                        <proc:CategorySubtotal>
                            <proc:TotalCost>
                                <proc:AllPriorYears>3.883</proc:AllPriorYears>
                                <proc:PriorYear>0.209</proc:PriorYear>
                                <proc:CurrentYear>0.213</proc:CurrentYear>
                                <proc:BudgetYearOneBase>0.217</proc:BudgetYearOneBase>
                                <proc:BudgetYearOne>0.217</proc:BudgetYearOne>
                            </proc:TotalCost>
                        </proc:CategorySubtotal>
                        <proc:Name>TG862 - MK39MOD 2/3 EMATT ACCEPTANCE T&amp;E</proc:Name>
                    </proc:Support>
                    <proc:Support>
                        <proc:CostElementList>
                            <proc:CostElement>
                                <proc:Name>11.1) MK30 MOD 2 ACCEPTANCE TESTING</proc:Name>
                                <proc:Cost>
                                    <proc:TotalCost>
                                        <proc:AllPriorYears>2.084</proc:AllPriorYears>
                                    </proc:TotalCost>
                                </proc:Cost>
                            </proc:CostElement>
                        </proc:CostElementList>
                        <proc:CategorySubtotal>
                            <proc:TotalCost>
                                <proc:AllPriorYears>2.084</proc:AllPriorYears>
                            </proc:TotalCost>
                        </proc:CategorySubtotal>
                        <proc:Name>TG865 - MK30 MOD 2 ACCEPTANCE TESTING</proc:Name>
                    </proc:Support>
                    <proc:Support>
                        <proc:CostElementList>
                            <proc:CostElement>
                                <proc:Name>12.1) MK39 MOD 2/3 EMATT CONSULTING SERVICES</proc:Name>
                                <proc:Cost>
                                    <proc:TotalCost>
                                        <proc:AllPriorYears>5.43</proc:AllPriorYears>
                                        <proc:PriorYear>0.176</proc:PriorYear>
                                        <proc:CurrentYear>0.18</proc:CurrentYear>
                                        <proc:BudgetYearOneBase>0.184</proc:BudgetYearOneBase>
                                        <proc:BudgetYearOne>0.184</proc:BudgetYearOne>
                                    </proc:TotalCost>
                                </proc:Cost>
                            </proc:CostElement>
                        </proc:CostElementList>
                        <proc:CategorySubtotal>
                            <proc:TotalCost>
                                <proc:AllPriorYears>5.43</proc:AllPriorYears>
                                <proc:PriorYear>0.176</proc:PriorYear>
                                <proc:CurrentYear>0.18</proc:CurrentYear>
                                <proc:BudgetYearOneBase>0.184</proc:BudgetYearOneBase>
                                <proc:BudgetYearOne>0.184</proc:BudgetYearOne>
                            </proc:TotalCost>
                        </proc:CategorySubtotal>
                        <proc:Name>TG900 - MK39 MOD 2/3 EMATT CONSULTING SERVICES</proc:Name>
                    </proc:Support>
                </proc:CostElementCategoryList>
            </proc:P5Item>
        </proc:ItemExhibitList>
        <proc:DocumentAssemblyOptions>
            <proc:p40AItemScheduleSetting>total</proc:p40AItemScheduleSetting>
        </proc:DocumentAssemblyOptions>
    </proc:LineItem>
</proc:LineItemList>