<?xml version="1.0" encoding="UTF-8"?>
<proc:LineItemList xmlns:proc="http://www.dtic.mil/comptroller/xml/schema/20100219/procurement">
    <proc:LineItem quantityUnits="Each" unitCostUnits="Dollars" totalCostUnits="Millions" manufacturerRateUnits="Yearly" suppressOutfittingDeliveryBY2ToBY5="true">
        <proc:LineItemNumber>3231</proc:LineItemNumber>
        <proc:LineItemTitle>Maritime Mines</proc:LineItemTitle>
        <proc:P1LineNumber>45</proc:P1LineNumber>
        <proc:BudgetYear>2026</proc:BudgetYear>
        <proc:BudgetCycle>PB</proc:BudgetCycle>
        <proc:SubmissionDate>2025-06</proc:SubmissionDate>
        <proc:ServiceAgencyName>Navy</proc:ServiceAgencyName>
        <proc:AppropriationNumber>1507N</proc:AppropriationNumber>
        <proc:AppropriationTitle>Weapons Procurement, Navy</proc:AppropriationTitle>
        <proc:BudgetActivityNumber>3</proc:BudgetActivityNumber>
        <proc:BudgetActivityTitle>Torpedoes and Related Equipment</proc:BudgetActivityTitle>
        <proc:BudgetSubActivityNumber>2</proc:BudgetSubActivityNumber>
        <proc:BudgetSubActivityTitle>Mod of Torpedoes and Related Equip</proc:BudgetSubActivityTitle>
        <proc:ResourceSummary>
            <proc:TotalCost>
                <proc:AllPriorYears>98.262</proc:AllPriorYears>
                <proc:PriorYear>58.731</proc:PriorYear>
                <proc:CurrentYear>100.065</proc:CurrentYear>
                <proc:BudgetYearOneBase>0</proc:BudgetYearOneBase>
                <proc:BudgetYearOneOOC>0</proc:BudgetYearOneOOC>
                <proc:BudgetYearOne>0</proc:BudgetYearOne>
            </proc:TotalCost>
            <proc:NetProcurementP1>
                <proc:AllPriorYears>98.262</proc:AllPriorYears>
                <proc:PriorYear>58.731</proc:PriorYear>
                <proc:CurrentYear>100.065</proc:CurrentYear>
                <proc:BudgetYearOneBase>0</proc:BudgetYearOneBase>
                <proc:BudgetYearOneOOC>0</proc:BudgetYearOneOOC>
                <proc:BudgetYearOne>0</proc:BudgetYearOne>
            </proc:NetProcurementP1>
            <proc:TotalObligationAuthority>
                <proc:AllPriorYears>98.262</proc:AllPriorYears>
                <proc:PriorYear>58.731</proc:PriorYear>
                <proc:CurrentYear>100.065</proc:CurrentYear>
                <proc:BudgetYearOneBase>0</proc:BudgetYearOneBase>
                <proc:BudgetYearOneOOC>0</proc:BudgetYearOneOOC>
                <proc:BudgetYearOne>0</proc:BudgetYearOne>
            </proc:TotalObligationAuthority>
            <proc:InitialSpares>
                <proc:CurrentYear>1.442</proc:CurrentYear>
                <proc:BudgetYearOneBase>0.258</proc:BudgetYearOneBase>
                <proc:BudgetYearOne>0.258</proc:BudgetYearOne>
            </proc:InitialSpares>
        </proc:ResourceSummary>
        <proc:Code>A</proc:Code>
        <proc:Description>This funding procures all naval mines used for sea denial anti-surface ship or anti-submarine subsurface weapons. The Naval mining capability consists of the MK 67 Submarine Launched Mobile Mine (SLMM), in sustainment only, the MK 68 Clandestine Delivered Mine (CDM), Quickstrike (QS) family of mines, and the Hammerhead Encapsulated Effector.

The MK 68 CDM uses existing MK 67 SLMM components to provide a mine delivered by unmanned maritime platforms or surface vessels. The CDM program uses an incremental approach to improve capability and to align with delivery platform availability. MOD 0 replicated the MK 67 SLMM capability. MOD 1 provides a security enhancement and incorporates the Target Detecting Device (TDD) MK 71. MOD 2 incorporates additional security enhancements and a new explosive fill.
 
QS is a family of shallow water, aircraft laid mines used against surface and subsurface targets. The QS family of mines has 3 variants based on size - the MK 62, MK 63, and MK 65. The MK 62 and MK 63 (500 lb. and 1000 lb., respectively) QS are created by adding mine hardware to the MK 82 and MK 83 general purpose bombs. The MK 65 (2400 lb.) QS consists entirely of hardware designed for use as a mine. The MOD 0, 1, and 3 variants utilize various (TDDs). The QS MOD 3 utilizes a TDD MK 71, which is a software-programmable device capable of being programmed to optimize detection of new threats. For the QS MK 62 and 63, the QS MOD 3 Kit consists of the TDD MK 71, a future Safe and Arming device, MK 176 battery, MK 163 TDD Adapter Ring, and miscellaneous hardware. For the QS MK 65, the MOD 3 Kit consists of the TDD MK 71, the existing S&amp;A device, existing batteries (MK 131 or 132), MK 157 TDD Adapter, and miscellaneous hardware. Additional support hardware for the QS MK 62/63/65 MOD 3 includes a variety of maintenance and programming test sets to maintain mine operational readiness.

The Quickstrike-Extended Range (QS-ER) Mine is the newest member of the QS family that is being developed to deliver capabilities required by a Joint Emergent Operational Need Statement (JEONS). This includes adding GPS-enabled tail kit and a wing kit to the QS series to reduce risk to the delivery aircraft by enabling precision mine placement and mid-range standoff delivery.

The Hammerhead Encapsulated Effector is a moored-torpedo variant mine system uses the existing MK 54 lightweight torpedo as the effector to engage enemy targets within a wide area of coverage per each weapon.  The system consists of a capsule module, a mooring module, a sensor module, and organic sensing, command, control, and signal processing.  The system uses modern sensing and processing technology to enable accurate targeting at increased range and maintains minefield resilience even as weapons are expended against targets.  Additional efforts include transitioning an encapsulation system with different end effectors.

[P5 / ]: The increase from FY2026 to FY2027 for QS Component acquisition for Repair/Upgrade and Modernization of 2 additional Test sets. The quanity increase of TDD procurements is based upon the new contract which will be in place in FY27.</proc:Description>
        <proc:Justification>The FY 2026 request for Maritime Mines includes $0.000 of discretionary and $179.351M of mandatory (reconciliation) for a total of $179.351M. The mandatory funds Quickstrike Mine, Hammerhead Encapsulated Effector, Quickstrike Extended Range,  and Clandestine Delivered Mine.  Further information for this reconciliation request is provided in Section 20004 (Munitions and Supply Chain) of the Reconciliation Exhibit.

1) Quickstrike Mine (QS): FY 2026 funding supports QS MOD 3 hardware procurements of MK 71 Target Detection Devices, Test Set Maintenance and Programming, and associated components to maintain Mine Systems Operational readiness. Unit costs are based on step ladder pricing negotiated in QS MOD 3 contracts. QS increase from 2026 to 2027 is due to component procurements for the repair/upgrade and modernization of 2 Test sets.
2) Encapsulated Effector: FY 2026 funding supports the procurement of Encapsulated Effector Systems associated engineering and support equipment for the deployment inventory objective requirements. Encapsulated Effector funding and procurement quantities increased FY2026-FY2030 to meet INDOPACOM requirements and get closer to maximum production quantity.
3) Quickstrike Extended Range (QS-ER): FY 2026 funding supports continued procurement of primary hardware (wing kits, bomb bodies, tail kits) associated engineering and support equipment (loading adapter) for inventory objective requirements. Unit costs are based on the technical advisory report (TAR) and rate recommendations from DCMA. 
4) Clandestine Delivered Mine (CDM) FY 2026 funding supports the hardware procurement of MK 68 MOD 1 mines and associated components, Multi Mission Buoys (MMB) and associated hardware components and system shipping containers.</proc:Justification>
        <proc:ItemExhibitList>
            <proc:P5Item>
                <proc:Name>Quickstrike Mine</proc:Name>
                <proc:ItemNumber>1</proc:ItemNumber>
                <proc:Remarks>[Hardware/Recurring] FY 2026 funding supports QS component procurement for repair upgrade modernization of test sets for Mine Readiness of Naval Fleet Forces.  Starting FY 2027 TDD procurement quantity is based on new contract.</proc:Remarks>
                <proc:ResourceSummary>
                    <proc:TotalCost>
                        <proc:AllPriorYears>95.943</proc:AllPriorYears>
                        <proc:PriorYear>5.507</proc:PriorYear>
                        <proc:CurrentYear>5.942</proc:CurrentYear>
                        <proc:BudgetYearOneBase>0</proc:BudgetYearOneBase>
                        <proc:BudgetYearOneOOC>0</proc:BudgetYearOneOOC>
                        <proc:BudgetYearOne>0</proc:BudgetYearOne>
                    </proc:TotalCost>
                    <proc:NetProcurementP1>
                        <proc:AllPriorYears>95.943</proc:AllPriorYears>
                        <proc:PriorYear>5.507</proc:PriorYear>
                        <proc:CurrentYear>5.942</proc:CurrentYear>
                        <proc:BudgetYearOneBase>0</proc:BudgetYearOneBase>
                        <proc:BudgetYearOneOOC>0</proc:BudgetYearOneOOC>
                        <proc:BudgetYearOne>0</proc:BudgetYearOne>
                    </proc:NetProcurementP1>
                    <proc:TotalObligationAuthority>
                        <proc:AllPriorYears>95.943</proc:AllPriorYears>
                        <proc:PriorYear>5.507</proc:PriorYear>
                        <proc:CurrentYear>5.942</proc:CurrentYear>
                        <proc:BudgetYearOneBase>0</proc:BudgetYearOneBase>
                        <proc:BudgetYearOneOOC>0</proc:BudgetYearOneOOC>
                        <proc:BudgetYearOne>0</proc:BudgetYearOne>
                    </proc:TotalObligationAuthority>
                </proc:ResourceSummary>
                <proc:CostElementCategoryList>
                    <proc:Hardware>
                        <proc:Recurring>
                            <proc:CostElementList>
                                <proc:CostElement>
                                    <proc:Name footnote="FY 2026 funding supports the procurement of MK 71 TDD Test Set Maintenance and Programming to maintain the mine systems operational readiness. The increase from FY 2026 to FY 2027 for QS Component acquisition for Repair/Upgrade and Modernization of 2 additional Test Sets. The funding in FY 2026 will be used for the MK 71 TDD production along with Repair/Upgrade and Modernization for Test Sets. If repairs and upgrades are not made, Mines cannot be readied for deployment; impacting Mine Readiness of Naval Fleet Forces. The quantity increase of TDD procurements is based upon the new contract which will be in place in FY26.">1.1.1) TDD MK-71</proc:Name>
                                    <proc:Cost>
                                        <proc:Quantity>
                                            <proc:AllPriorYears>225</proc:AllPriorYears>
                                            <proc:PriorYear>143</proc:PriorYear>
                                        </proc:Quantity>
                                        <proc:TotalCost>
                                            <proc:AllPriorYears>38.22</proc:AllPriorYears>
                                            <proc:PriorYear>2.7</proc:PriorYear>
                                            <proc:CurrentYear>0</proc:CurrentYear>
                                            <proc:BudgetYearOneBase>0</proc:BudgetYearOneBase>
                                            <proc:BudgetYearOneOOC>0</proc:BudgetYearOneOOC>
                                            <proc:BudgetYearOne>0</proc:BudgetYearOne>
                                        </proc:TotalCost>
                                        <proc:UnitCost>
                                            <proc:AllPriorYears>169866.67</proc:AllPriorYears>
                                            <proc:PriorYear>18881.12</proc:PriorYear>
                                        </proc:UnitCost>
                                    </proc:Cost>
                                </proc:CostElement>
                                <proc:CostElement>
                                    <proc:Name>1.1.2) Support Equipment</proc:Name>
                                    <proc:Cost>
                                        <proc:TotalCost>
                                            <proc:AllPriorYears>7.687</proc:AllPriorYears>
                                            <proc:PriorYear>0</proc:PriorYear>
                                            <proc:CurrentYear>1.895</proc:CurrentYear>
                                            <proc:BudgetYearOneBase>0</proc:BudgetYearOneBase>
                                            <proc:BudgetYearOneOOC>0</proc:BudgetYearOneOOC>
                                            <proc:BudgetYearOne>0</proc:BudgetYearOne>
                                        </proc:TotalCost>
                                    </proc:Cost>
                                </proc:CostElement>
                                <proc:CostElement>
                                    <proc:Name>1.1.3) MK-65 Mod Kit</proc:Name>
                                    <proc:Cost>
                                        <proc:Quantity>
                                            <proc:AllPriorYears>188</proc:AllPriorYears>
                                        </proc:Quantity>
                                        <proc:TotalCost>
                                            <proc:AllPriorYears>5.752</proc:AllPriorYears>
                                            <proc:PriorYear>0</proc:PriorYear>
                                            <proc:CurrentYear>0</proc:CurrentYear>
                                            <proc:BudgetYearOneBase>0</proc:BudgetYearOneBase>
                                            <proc:BudgetYearOneOOC>0</proc:BudgetYearOneOOC>
                                            <proc:BudgetYearOne>0</proc:BudgetYearOne>
                                        </proc:TotalCost>
                                        <proc:UnitCost>
                                            <proc:AllPriorYears>30595.74</proc:AllPriorYears>
                                        </proc:UnitCost>
                                    </proc:Cost>
                                </proc:CostElement>
                                <proc:CostElement>
                                    <proc:Name>1.1.4) MK-62/63 Mod Kit</proc:Name>
                                    <proc:Cost>
                                        <proc:Quantity>
                                            <proc:AllPriorYears>1200</proc:AllPriorYears>
                                        </proc:Quantity>
                                        <proc:TotalCost>
                                            <proc:AllPriorYears>22.28</proc:AllPriorYears>
                                            <proc:PriorYear>0</proc:PriorYear>
                                            <proc:CurrentYear>0</proc:CurrentYear>
                                            <proc:BudgetYearOneBase>0</proc:BudgetYearOneBase>
                                            <proc:BudgetYearOneOOC>0</proc:BudgetYearOneOOC>
                                            <proc:BudgetYearOne>0</proc:BudgetYearOne>
                                        </proc:TotalCost>
                                        <proc:UnitCost>
                                            <proc:AllPriorYears>18566.67</proc:AllPriorYears>
                                        </proc:UnitCost>
                                    </proc:Cost>
                                </proc:CostElement>
                                <proc:CostElement>
                                    <proc:Name>1.1.5) Clandestine Delivered Mine (CDM)</proc:Name>
                                    <proc:Cost>
                                        <proc:TotalCost>
                                            <proc:AllPriorYears>3.264</proc:AllPriorYears>
                                            <proc:PriorYear>0</proc:PriorYear>
                                            <proc:CurrentYear>0</proc:CurrentYear>
                                            <proc:BudgetYearOneBase>0</proc:BudgetYearOneBase>
                                            <proc:BudgetYearOneOOC>0</proc:BudgetYearOneOOC>
                                            <proc:BudgetYearOne>0</proc:BudgetYearOne>
                                        </proc:TotalCost>
                                    </proc:Cost>
                                </proc:CostElement>
                                <proc:CostElement>
                                    <proc:Name>1.1.6) Production ECP (HW/SW)</proc:Name>
                                    <proc:Cost>
                                        <proc:TotalCost>
                                            <proc:AllPriorYears>2.126</proc:AllPriorYears>
                                            <proc:PriorYear>0</proc:PriorYear>
                                            <proc:CurrentYear>0</proc:CurrentYear>
                                            <proc:BudgetYearOneBase>0</proc:BudgetYearOneBase>
                                            <proc:BudgetYearOneOOC>0</proc:BudgetYearOneOOC>
                                            <proc:BudgetYearOne>0</proc:BudgetYearOne>
                                        </proc:TotalCost>
                                    </proc:Cost>
                                </proc:CostElement>
                                <proc:CostElement>
                                    <proc:Name>1.1.7) Misc Test Set Repair Components</proc:Name>
                                    <proc:Cost>
                                        <proc:TotalCost>
                                            <proc:AllPriorYears>0</proc:AllPriorYears>
                                            <proc:PriorYear>0</proc:PriorYear>
                                            <proc:CurrentYear>0.85</proc:CurrentYear>
                                            <proc:BudgetYearOneBase>0</proc:BudgetYearOneBase>
                                            <proc:BudgetYearOneOOC>0</proc:BudgetYearOneOOC>
                                            <proc:BudgetYearOne>0</proc:BudgetYearOne>
                                        </proc:TotalCost>
                                    </proc:Cost>
                                </proc:CostElement>
                            </proc:CostElementList>
                            <proc:CategorySubtotal>
                                <proc:TotalCost>
                                    <proc:AllPriorYears>79.329</proc:AllPriorYears>
                                    <proc:PriorYear>2.7</proc:PriorYear>
                                    <proc:CurrentYear>2.745</proc:CurrentYear>
                                    <proc:BudgetYearOneBase>0</proc:BudgetYearOneBase>
                                    <proc:BudgetYearOneOOC>0</proc:BudgetYearOneOOC>
                                    <proc:BudgetYearOne>0</proc:BudgetYearOne>
                                </proc:TotalCost>
                            </proc:CategorySubtotal>
                        </proc:Recurring>
                        <proc:CategorySubtotal>
                            <proc:TotalCost>
                                <proc:AllPriorYears>79.329</proc:AllPriorYears>
                                <proc:PriorYear>2.7</proc:PriorYear>
                                <proc:CurrentYear>2.745</proc:CurrentYear>
                                <proc:BudgetYearOneBase>0</proc:BudgetYearOneBase>
                                <proc:BudgetYearOneOOC>0</proc:BudgetYearOneOOC>
                                <proc:BudgetYearOne>0</proc:BudgetYearOne>
                            </proc:TotalCost>
                        </proc:CategorySubtotal>
                    </proc:Hardware>
                    <proc:Support>
                        <proc:CostElementList>
                            <proc:CostElement>
                                <proc:Name>2.1) Production Engineering</proc:Name>
                                <proc:Cost>
                                    <proc:TotalCost>
                                        <proc:AllPriorYears>15.303</proc:AllPriorYears>
                                        <proc:PriorYear>1.929</proc:PriorYear>
                                        <proc:CurrentYear>3.197</proc:CurrentYear>
                                        <proc:BudgetYearOneBase>0</proc:BudgetYearOneBase>
                                        <proc:BudgetYearOneOOC>0</proc:BudgetYearOneOOC>
                                        <proc:BudgetYearOne>0</proc:BudgetYearOne>
                                    </proc:TotalCost>
                                </proc:Cost>
                            </proc:CostElement>
                            <proc:CostElement>
                                <proc:Name>2.2) Integrated Logistics Support</proc:Name>
                                <proc:Cost>
                                    <proc:TotalCost>
                                        <proc:AllPriorYears>1.311</proc:AllPriorYears>
                                        <proc:PriorYear>0.878</proc:PriorYear>
                                        <proc:CurrentYear>0</proc:CurrentYear>
                                        <proc:BudgetYearOneBase>0</proc:BudgetYearOneBase>
                                        <proc:BudgetYearOneOOC>0</proc:BudgetYearOneOOC>
                                        <proc:BudgetYearOne>0</proc:BudgetYearOne>
                                    </proc:TotalCost>
                                </proc:Cost>
                            </proc:CostElement>
                        </proc:CostElementList>
                        <proc:CategorySubtotal>
                            <proc:TotalCost>
                                <proc:AllPriorYears>16.614</proc:AllPriorYears>
                                <proc:PriorYear>2.807</proc:PriorYear>
                                <proc:CurrentYear>3.197</proc:CurrentYear>
                                <proc:BudgetYearOneBase>0</proc:BudgetYearOneBase>
                                <proc:BudgetYearOneOOC>0</proc:BudgetYearOneOOC>
                                <proc:BudgetYearOne>0</proc:BudgetYearOne>
                            </proc:TotalCost>
                        </proc:CategorySubtotal>
                    </proc:Support>
                </proc:CostElementCategoryList>
            </proc:P5Item>
            <proc:P5Item>
                <proc:Name>Encapsulated Effector</proc:Name>
                <proc:ItemNumber>2</proc:ItemNumber>
                <proc:Remarks>[Hardware/Recurring] Funding supports the procurement of Encapsulated Effector Systems, payload,
associated engineering, and support equipment to support the deployment inventory objective requirements. Unit costs are based on pricing negotiated in the GDMS
Contract awarded in June 2024.

Footnote: Increase in quantity resulted from an increased demand signal from United States Indo-Pacific Command (INDOPACOM). Increase in quantity results from Indo-Pacific Command's increased demand for mines in support of maritime operations

[Support Cost] "A" in the Delivery Schedule indicates the Contract Award Date. 

Note: Due to space limitations, quantities in the Exhibit P-21 delivery calendar are truncated and rounded based on the maximum quantity in the calendar as follows. If the maximum quantity is less than or equal to than 9,999, all quantities are shown as each. If the maximum quantity is between 10,000 and 999,999 all quantities are shown in thousands. If the maximum quantity is between 1,000,000 and 999,999,999 all quantities are shown in millions (rounded to the nearest thousand).If the maximum quantity is equal or greater than 1,000,000,000 all quantities are shown in billions (rounded to the nearest million). 

 

Footnotes: 

(5) Lead time between award and delivery is 12 months</proc:Remarks>
                <proc:ResourceSummary>
                    <proc:TotalCost>
                        <proc:AllPriorYears>0</proc:AllPriorYears>
                        <proc:PriorYear>28.453</proc:PriorYear>
                        <proc:CurrentYear>46.9</proc:CurrentYear>
                        <proc:BudgetYearOneBase>0</proc:BudgetYearOneBase>
                        <proc:BudgetYearOneOOC>0</proc:BudgetYearOneOOC>
                        <proc:BudgetYearOne>0</proc:BudgetYearOne>
                    </proc:TotalCost>
                    <proc:NetProcurementP1>
                        <proc:AllPriorYears>0</proc:AllPriorYears>
                        <proc:PriorYear>28.453</proc:PriorYear>
                        <proc:CurrentYear>46.9</proc:CurrentYear>
                        <proc:BudgetYearOneBase>0</proc:BudgetYearOneBase>
                        <proc:BudgetYearOneOOC>0</proc:BudgetYearOneOOC>
                        <proc:BudgetYearOne>0</proc:BudgetYearOne>
                    </proc:NetProcurementP1>
                    <proc:TotalObligationAuthority>
                        <proc:AllPriorYears>0</proc:AllPriorYears>
                        <proc:PriorYear>28.453</proc:PriorYear>
                        <proc:CurrentYear>46.9</proc:CurrentYear>
                        <proc:BudgetYearOneBase>0</proc:BudgetYearOneBase>
                        <proc:BudgetYearOneOOC>0</proc:BudgetYearOneOOC>
                        <proc:BudgetYearOne>0</proc:BudgetYearOne>
                    </proc:TotalObligationAuthority>
                </proc:ResourceSummary>
                <proc:CostElementCategoryList>
                    <proc:Hardware>
                        <proc:Recurring>
                            <proc:CostElementList>
                                <proc:CostElement>
                                    <proc:Name footnote="Increase in quantity resulted from an increased demand signal from United States Indo-Pacific Command (INDOPACOM). Increase in quantity results from Indo-Pacific Command's increased demand for mines in support of maritime operations">1.1.1) Primary Hardware</proc:Name>
                                    <proc:Cost>
                                        <proc:Quantity>
                                            <proc:PriorYear>14</proc:PriorYear>
                                            <proc:CurrentYear>23</proc:CurrentYear>
                                        </proc:Quantity>
                                        <proc:TotalCost>
                                            <proc:AllPriorYears>0</proc:AllPriorYears>
                                            <proc:PriorYear>20.734</proc:PriorYear>
                                            <proc:CurrentYear>34.41</proc:CurrentYear>
                                            <proc:BudgetYearOneBase>0</proc:BudgetYearOneBase>
                                            <proc:BudgetYearOneOOC>0</proc:BudgetYearOneOOC>
                                            <proc:BudgetYearOne>0</proc:BudgetYearOne>
                                        </proc:TotalCost>
                                        <proc:UnitCost>
                                            <proc:PriorYear>1481000</proc:PriorYear>
                                            <proc:CurrentYear>1496086.96</proc:CurrentYear>
                                        </proc:UnitCost>
                                    </proc:Cost>
                                    <proc:ManufacturerList>
                                        <proc:Manufacturer>
                                            <proc:Name>GENERAL DYNAMICS MISSION SYSTEMS</proc:Name>
                                            <proc:Location>TAUNTON, MA</proc:Location>
                                            <proc:MinimumSustainingRate>0</proc:MinimumSustainingRate>
                                            <proc:MaximumProductionRate>TBD</proc:MaximumProductionRate>
                                            <proc:Rate185>0</proc:Rate185>
                                            <proc:InitialQuantity>
                                                <proc:AdminLeadTimeBeforeOct1InMonths>0</proc:AdminLeadTimeBeforeOct1InMonths>
                                                <proc:AdminLeadTimeAfterOct1InMonths>0</proc:AdminLeadTimeAfterOct1InMonths>
                                                <proc:ProductionLeadTimeAfterOct1InMonths>12</proc:ProductionLeadTimeAfterOct1InMonths>
                                                <proc:TotalLeadTimeAfterOct1InMonths>12</proc:TotalLeadTimeAfterOct1InMonths>
                                            </proc:InitialQuantity>
                                            <proc:ReorderQuantity>
                                                <proc:AdminLeadTimeBeforeOct1InMonths>0</proc:AdminLeadTimeBeforeOct1InMonths>
                                                <proc:AdminLeadTimeAfterOct1InMonths>0</proc:AdminLeadTimeAfterOct1InMonths>
                                                <proc:ProductionLeadTimeAfterOct1InMonths>0</proc:ProductionLeadTimeAfterOct1InMonths>
                                                <proc:TotalLeadTimeAfterOct1InMonths>0</proc:TotalLeadTimeAfterOct1InMonths>
                                            </proc:ReorderQuantity>
                                            <proc:HistoryPlanningList>
                                                <proc:HistoryPlanning>
                                                    <proc:FiscalYear footnote="Contract No. N00024-21C6425">2024</proc:FiscalYear>
                                                    <proc:PCOLocation>NAVSEA</proc:PCOLocation>
                                                    <proc:AwardDate>2024-06</proc:AwardDate>
                                                    <proc:FirstDeliveryDate>2025-06</proc:FirstDeliveryDate>
                                                    <proc:Quantity>14</proc:Quantity>
                                                    <proc:UnitCost>1481000.00</proc:UnitCost>
                                                    <proc:SpecsAvailableNow>false</proc:SpecsAvailableNow>
                                                    <proc:RevisionsAvailableDate>2024-07</proc:RevisionsAvailableDate>
                                                    <proc:ContractMethod>C</proc:ContractMethod>
                                                    <proc:ContractType>CPFF</proc:ContractType>
                                                    <proc:MonthlyDeliveryScheduleList>
                                                        <proc:MonthlyDeliverySchedule>
                                                            <proc:ServiceAgencyName>Navy</proc:ServiceAgencyName>
                                                            <proc:ProcQuantity footnote="Lead time between award and delivery is 12 months.">14</proc:ProcQuantity>
                                                            <proc:MonthlyDeliveryList>
                                                                <proc:MonthlyDelivery>
                                                                    <proc:Month>2025-06</proc:Month>
                                                                    <proc:Amount>2</proc:Amount>
                                                                </proc:MonthlyDelivery>
                                                                <proc:MonthlyDelivery>
                                                                    <proc:Month>2025-09</proc:Month>
                                                                    <proc:Amount>3</proc:Amount>
                                                                </proc:MonthlyDelivery>
                                                                <proc:MonthlyDelivery>
                                                                    <proc:Month>2025-10</proc:Month>
                                                                    <proc:Amount>3</proc:Amount>
                                                                </proc:MonthlyDelivery>
                                                                <proc:MonthlyDelivery>
                                                                    <proc:Month>2025-11</proc:Month>
                                                                    <proc:Amount>3</proc:Amount>
                                                                </proc:MonthlyDelivery>
                                                                <proc:MonthlyDelivery>
                                                                    <proc:Month>2025-12</proc:Month>
                                                                    <proc:Amount>3</proc:Amount>
                                                                </proc:MonthlyDelivery>
                                                            </proc:MonthlyDeliveryList>
                                                        </proc:MonthlyDeliverySchedule>
                                                    </proc:MonthlyDeliveryScheduleList>
                                                </proc:HistoryPlanning>
                                                <proc:HistoryPlanning>
                                                    <proc:FiscalYear footnote="Contract No. N00024-21C6425">2025</proc:FiscalYear>
                                                    <proc:PCOLocation>NAVSEA</proc:PCOLocation>
                                                    <proc:AwardDate>2025-03</proc:AwardDate>
                                                    <proc:FirstDeliveryDate>2026-03</proc:FirstDeliveryDate>
                                                    <proc:Quantity>23</proc:Quantity>
                                                    <proc:UnitCost>1496086.96</proc:UnitCost>
                                                    <proc:SpecsAvailableNow>true</proc:SpecsAvailableNow>
                                                    <proc:ContractMethod>C</proc:ContractMethod>
                                                    <proc:ContractType>FPIF</proc:ContractType>
                                                    <proc:MonthlyDeliveryScheduleList>
                                                        <proc:MonthlyDeliverySchedule>
                                                            <proc:ServiceAgencyName>Navy</proc:ServiceAgencyName>
                                                            <proc:ProcQuantity>23</proc:ProcQuantity>
                                                            <proc:MonthlyDeliveryList>
                                                                <proc:MonthlyDelivery>
                                                                    <proc:Month>2026-03</proc:Month>
                                                                    <proc:Amount>5</proc:Amount>
                                                                </proc:MonthlyDelivery>
                                                                <proc:MonthlyDelivery>
                                                                    <proc:Month>2026-04</proc:Month>
                                                                    <proc:Amount>5</proc:Amount>
                                                                </proc:MonthlyDelivery>
                                                                <proc:MonthlyDelivery>
                                                                    <proc:Month>2026-05</proc:Month>
                                                                    <proc:Amount>5</proc:Amount>
                                                                </proc:MonthlyDelivery>
                                                                <proc:MonthlyDelivery>
                                                                    <proc:Month>2026-06</proc:Month>
                                                                    <proc:Amount>5</proc:Amount>
                                                                </proc:MonthlyDelivery>
                                                                <proc:MonthlyDelivery>
                                                                    <proc:Month>2026-07</proc:Month>
                                                                    <proc:Amount>3</proc:Amount>
                                                                </proc:MonthlyDelivery>
                                                            </proc:MonthlyDeliveryList>
                                                        </proc:MonthlyDeliverySchedule>
                                                    </proc:MonthlyDeliveryScheduleList>
                                                </proc:HistoryPlanning>
                                            </proc:HistoryPlanningList>
                                        </proc:Manufacturer>
                                    </proc:ManufacturerList>
                                </proc:CostElement>
                                <proc:CostElement>
                                    <proc:Name>1.1.2) Payload</proc:Name>
                                    <proc:Cost>
                                        <proc:TotalCost>
                                            <proc:AllPriorYears>0</proc:AllPriorYears>
                                            <proc:PriorYear>6.13</proc:PriorYear>
                                            <proc:CurrentYear>10.603</proc:CurrentYear>
                                            <proc:BudgetYearOneBase>0</proc:BudgetYearOneBase>
                                            <proc:BudgetYearOneOOC>0</proc:BudgetYearOneOOC>
                                            <proc:BudgetYearOne>0</proc:BudgetYearOne>
                                        </proc:TotalCost>
                                    </proc:Cost>
                                </proc:CostElement>
                                <proc:CostElement>
                                    <proc:Name>1.1.4) Support Equipment</proc:Name>
                                    <proc:Cost>
                                        <proc:TotalCost>
                                            <proc:AllPriorYears>0</proc:AllPriorYears>
                                            <proc:PriorYear>0.831</proc:PriorYear>
                                            <proc:CurrentYear>1.485</proc:CurrentYear>
                                            <proc:BudgetYearOneBase>0</proc:BudgetYearOneBase>
                                            <proc:BudgetYearOneOOC>0</proc:BudgetYearOneOOC>
                                            <proc:BudgetYearOne>0</proc:BudgetYearOne>
                                        </proc:TotalCost>
                                    </proc:Cost>
                                </proc:CostElement>
                            </proc:CostElementList>
                            <proc:CategorySubtotal>
                                <proc:TotalCost>
                                    <proc:AllPriorYears>0</proc:AllPriorYears>
                                    <proc:PriorYear>27.695</proc:PriorYear>
                                    <proc:CurrentYear>46.498</proc:CurrentYear>
                                    <proc:BudgetYearOneBase>0</proc:BudgetYearOneBase>
                                    <proc:BudgetYearOneOOC>0</proc:BudgetYearOneOOC>
                                    <proc:BudgetYearOne>0</proc:BudgetYearOne>
                                </proc:TotalCost>
                            </proc:CategorySubtotal>
                        </proc:Recurring>
                        <proc:CategorySubtotal>
                            <proc:TotalCost>
                                <proc:AllPriorYears>0</proc:AllPriorYears>
                                <proc:PriorYear>27.695</proc:PriorYear>
                                <proc:CurrentYear>46.498</proc:CurrentYear>
                                <proc:BudgetYearOneBase>0</proc:BudgetYearOneBase>
                                <proc:BudgetYearOneOOC>0</proc:BudgetYearOneOOC>
                                <proc:BudgetYearOne>0</proc:BudgetYearOne>
                            </proc:TotalCost>
                        </proc:CategorySubtotal>
                    </proc:Hardware>
                    <proc:Support>
                        <proc:CostElementList>
                            <proc:CostElement>
                                <proc:Name>2.1) Production Support</proc:Name>
                                <proc:Cost>
                                    <proc:TotalCost>
                                        <proc:AllPriorYears>0</proc:AllPriorYears>
                                        <proc:PriorYear>0.593</proc:PriorYear>
                                        <proc:CurrentYear>0.194</proc:CurrentYear>
                                        <proc:BudgetYearOneBase>0</proc:BudgetYearOneBase>
                                        <proc:BudgetYearOneOOC>0</proc:BudgetYearOneOOC>
                                        <proc:BudgetYearOne>0</proc:BudgetYearOne>
                                    </proc:TotalCost>
                                </proc:Cost>
                            </proc:CostElement>
                            <proc:CostElement>
                                <proc:Name>2.2) Integrated Logistics Support</proc:Name>
                                <proc:Cost>
                                    <proc:TotalCost>
                                        <proc:AllPriorYears>0</proc:AllPriorYears>
                                        <proc:PriorYear>0.165</proc:PriorYear>
                                        <proc:CurrentYear>0.208</proc:CurrentYear>
                                        <proc:BudgetYearOneBase>0</proc:BudgetYearOneBase>
                                        <proc:BudgetYearOneOOC>0</proc:BudgetYearOneOOC>
                                        <proc:BudgetYearOne>0</proc:BudgetYearOne>
                                    </proc:TotalCost>
                                </proc:Cost>
                            </proc:CostElement>
                        </proc:CostElementList>
                        <proc:CategorySubtotal>
                            <proc:TotalCost>
                                <proc:AllPriorYears>0</proc:AllPriorYears>
                                <proc:PriorYear>0.758</proc:PriorYear>
                                <proc:CurrentYear>0.402</proc:CurrentYear>
                                <proc:BudgetYearOneBase>0</proc:BudgetYearOneBase>
                                <proc:BudgetYearOneOOC>0</proc:BudgetYearOneOOC>
                                <proc:BudgetYearOne>0</proc:BudgetYearOne>
                            </proc:TotalCost>
                        </proc:CategorySubtotal>
                    </proc:Support>
                </proc:CostElementCategoryList>
            </proc:P5Item>
            <proc:P5Item>
                <proc:Name>Quickstrike Extended Range</proc:Name>
                <proc:ItemNumber>3</proc:ItemNumber>
                <proc:Remarks>[Hardware/Recurring] FY 2026 funding supports continued QS-ER procurement of primary hardware (wing kits, bomb bodies), associated engineering and support equipment (tail kit, loading adapter) for inventory objective requirements. Unit costs are based on the TAR recommendations and rate recommendations from DCMA.

(?) indicates the presence of a P-5a</proc:Remarks>
                <proc:ResourceSummary>
                    <proc:TotalCost>
                        <proc:AllPriorYears>1.119</proc:AllPriorYears>
                        <proc:PriorYear>24.771</proc:PriorYear>
                        <proc:CurrentYear>24.923</proc:CurrentYear>
                        <proc:BudgetYearOneBase>0</proc:BudgetYearOneBase>
                        <proc:BudgetYearOneOOC>0</proc:BudgetYearOneOOC>
                        <proc:BudgetYearOne>0</proc:BudgetYearOne>
                    </proc:TotalCost>
                    <proc:NetProcurementP1>
                        <proc:AllPriorYears>1.119</proc:AllPriorYears>
                        <proc:PriorYear>24.771</proc:PriorYear>
                        <proc:CurrentYear>24.923</proc:CurrentYear>
                        <proc:BudgetYearOneBase>0</proc:BudgetYearOneBase>
                        <proc:BudgetYearOneOOC>0</proc:BudgetYearOneOOC>
                        <proc:BudgetYearOne>0</proc:BudgetYearOne>
                    </proc:NetProcurementP1>
                    <proc:TotalObligationAuthority>
                        <proc:AllPriorYears>1.119</proc:AllPriorYears>
                        <proc:PriorYear>24.771</proc:PriorYear>
                        <proc:CurrentYear>24.923</proc:CurrentYear>
                        <proc:BudgetYearOneBase>0</proc:BudgetYearOneBase>
                        <proc:BudgetYearOneOOC>0</proc:BudgetYearOneOOC>
                        <proc:BudgetYearOne>0</proc:BudgetYearOne>
                    </proc:TotalObligationAuthority>
                </proc:ResourceSummary>
                <proc:CostElementCategoryList>
                    <proc:Hardware>
                        <proc:Recurring>
                            <proc:CostElementList>
                                <proc:CostElement>
                                    <proc:Name>1.1.1) Primary Hardware</proc:Name>
                                    <proc:Cost>
                                        <proc:Quantity>
                                            <proc:PriorYear>100</proc:PriorYear>
                                            <proc:CurrentYear>100</proc:CurrentYear>
                                        </proc:Quantity>
                                        <proc:TotalCost>
                                            <proc:AllPriorYears>0</proc:AllPriorYears>
                                            <proc:PriorYear>17.082</proc:PriorYear>
                                            <proc:CurrentYear>17.527</proc:CurrentYear>
                                            <proc:BudgetYearOneBase>0</proc:BudgetYearOneBase>
                                            <proc:BudgetYearOneOOC>0</proc:BudgetYearOneOOC>
                                            <proc:BudgetYearOne>0</proc:BudgetYearOne>
                                        </proc:TotalCost>
                                        <proc:UnitCost>
                                            <proc:PriorYear>170820</proc:PriorYear>
                                            <proc:CurrentYear>175270</proc:CurrentYear>
                                        </proc:UnitCost>
                                    </proc:Cost>
                                    <proc:ManufacturerList>
                                        <proc:Manufacturer>
                                            <proc:Name>BOEING INC</proc:Name>
                                            <proc:Location>ST LOUIS, MO</proc:Location>
                                            <proc:MinimumSustainingRate>0</proc:MinimumSustainingRate>
                                            <proc:MaximumProductionRate>TBD</proc:MaximumProductionRate>
                                            <proc:Rate185>0</proc:Rate185>
                                            <proc:InitialQuantity>
                                                <proc:AdminLeadTimeBeforeOct1InMonths>0</proc:AdminLeadTimeBeforeOct1InMonths>
                                                <proc:AdminLeadTimeAfterOct1InMonths>0</proc:AdminLeadTimeAfterOct1InMonths>
                                                <proc:ProductionLeadTimeAfterOct1InMonths>12</proc:ProductionLeadTimeAfterOct1InMonths>
                                                <proc:TotalLeadTimeAfterOct1InMonths>12</proc:TotalLeadTimeAfterOct1InMonths>
                                            </proc:InitialQuantity>
                                            <proc:ReorderQuantity>
                                                <proc:AdminLeadTimeBeforeOct1InMonths>0</proc:AdminLeadTimeBeforeOct1InMonths>
                                                <proc:AdminLeadTimeAfterOct1InMonths>0</proc:AdminLeadTimeAfterOct1InMonths>
                                                <proc:ProductionLeadTimeAfterOct1InMonths>12</proc:ProductionLeadTimeAfterOct1InMonths>
                                                <proc:TotalLeadTimeAfterOct1InMonths>12</proc:TotalLeadTimeAfterOct1InMonths>
                                            </proc:ReorderQuantity>
                                            <proc:HistoryPlanningList>
                                                <proc:HistoryPlanning>
                                                    <proc:FiscalYear footnote="Contract No. TBD">2024</proc:FiscalYear>
                                                    <proc:PCOLocation>Washington D.C.</proc:PCOLocation>
                                                    <proc:AwardDate>2024-10</proc:AwardDate>
                                                    <proc:FirstDeliveryDate>2025-10</proc:FirstDeliveryDate>
                                                    <proc:Quantity>100</proc:Quantity>
                                                    <proc:UnitCost>170820.00</proc:UnitCost>
                                                    <proc:SpecsAvailableNow>true</proc:SpecsAvailableNow>
                                                    <proc:RevisionsAvailableDate>2024-10</proc:RevisionsAvailableDate>
                                                    <proc:ContractMethod>C</proc:ContractMethod>
                                                    <proc:ContractType>FFP</proc:ContractType>
                                                    <proc:MonthlyDeliveryScheduleList>
                                                        <proc:MonthlyDeliverySchedule>
                                                            <proc:ServiceAgencyName>Navy</proc:ServiceAgencyName>
                                                            <proc:ProcQuantity>100</proc:ProcQuantity>
                                                            <proc:MonthlyDeliveryList>
                                                                <proc:MonthlyDelivery>
                                                                    <proc:Month>2025-10</proc:Month>
                                                                    <proc:Amount>10</proc:Amount>
                                                                </proc:MonthlyDelivery>
                                                                <proc:MonthlyDelivery>
                                                                    <proc:Month>2025-11</proc:Month>
                                                                    <proc:Amount>10</proc:Amount>
                                                                </proc:MonthlyDelivery>
                                                                <proc:MonthlyDelivery>
                                                                    <proc:Month>2025-12</proc:Month>
                                                                    <proc:Amount>10</proc:Amount>
                                                                </proc:MonthlyDelivery>
                                                                <proc:MonthlyDelivery>
                                                                    <proc:Month>2026-01</proc:Month>
                                                                    <proc:Amount>10</proc:Amount>
                                                                </proc:MonthlyDelivery>
                                                                <proc:MonthlyDelivery>
                                                                    <proc:Month>2026-02</proc:Month>
                                                                    <proc:Amount>10</proc:Amount>
                                                                </proc:MonthlyDelivery>
                                                                <proc:MonthlyDelivery>
                                                                    <proc:Month>2026-03</proc:Month>
                                                                    <proc:Amount>10</proc:Amount>
                                                                </proc:MonthlyDelivery>
                                                                <proc:MonthlyDelivery>
                                                                    <proc:Month>2026-04</proc:Month>
                                                                    <proc:Amount>10</proc:Amount>
                                                                </proc:MonthlyDelivery>
                                                                <proc:MonthlyDelivery>
                                                                    <proc:Month>2026-05</proc:Month>
                                                                    <proc:Amount>10</proc:Amount>
                                                                </proc:MonthlyDelivery>
                                                                <proc:MonthlyDelivery>
                                                                    <proc:Month>2026-06</proc:Month>
                                                                    <proc:Amount>10</proc:Amount>
                                                                </proc:MonthlyDelivery>
                                                                <proc:MonthlyDelivery>
                                                                    <proc:Month>2026-07</proc:Month>
                                                                    <proc:Amount>10</proc:Amount>
                                                                </proc:MonthlyDelivery>
                                                            </proc:MonthlyDeliveryList>
                                                        </proc:MonthlyDeliverySchedule>
                                                    </proc:MonthlyDeliveryScheduleList>
                                                </proc:HistoryPlanning>
                                                <proc:HistoryPlanning>
                                                    <proc:FiscalYear footnote="Contract No. TBD">2025</proc:FiscalYear>
                                                    <proc:PCOLocation>Washington D.C.</proc:PCOLocation>
                                                    <proc:AwardDate>2024-10</proc:AwardDate>
                                                    <proc:FirstDeliveryDate>2025-10</proc:FirstDeliveryDate>
                                                    <proc:Quantity>100</proc:Quantity>
                                                    <proc:UnitCost>175270.00</proc:UnitCost>
                                                    <proc:SpecsAvailableNow>true</proc:SpecsAvailableNow>
                                                    <proc:RevisionsAvailableDate>2024-10</proc:RevisionsAvailableDate>
                                                    <proc:ContractMethod>C</proc:ContractMethod>
                                                    <proc:ContractType>FFP</proc:ContractType>
                                                    <proc:MonthlyDeliveryScheduleList>
                                                        <proc:MonthlyDeliverySchedule>
                                                            <proc:ServiceAgencyName>Navy</proc:ServiceAgencyName>
                                                            <proc:ProcQuantity>100</proc:ProcQuantity>
                                                            <proc:MonthlyDeliveryList>
                                                                <proc:MonthlyDelivery>
                                                                    <proc:Month>2025-10</proc:Month>
                                                                    <proc:Amount>10</proc:Amount>
                                                                </proc:MonthlyDelivery>
                                                                <proc:MonthlyDelivery>
                                                                    <proc:Month>2025-11</proc:Month>
                                                                    <proc:Amount>10</proc:Amount>
                                                                </proc:MonthlyDelivery>
                                                                <proc:MonthlyDelivery>
                                                                    <proc:Month>2025-12</proc:Month>
                                                                    <proc:Amount>10</proc:Amount>
                                                                </proc:MonthlyDelivery>
                                                                <proc:MonthlyDelivery>
                                                                    <proc:Month>2026-01</proc:Month>
                                                                    <proc:Amount>10</proc:Amount>
                                                                </proc:MonthlyDelivery>
                                                                <proc:MonthlyDelivery>
                                                                    <proc:Month>2026-02</proc:Month>
                                                                    <proc:Amount>10</proc:Amount>
                                                                </proc:MonthlyDelivery>
                                                                <proc:MonthlyDelivery>
                                                                    <proc:Month>2026-03</proc:Month>
                                                                    <proc:Amount>10</proc:Amount>
                                                                </proc:MonthlyDelivery>
                                                                <proc:MonthlyDelivery>
                                                                    <proc:Month>2026-04</proc:Month>
                                                                    <proc:Amount>10</proc:Amount>
                                                                </proc:MonthlyDelivery>
                                                                <proc:MonthlyDelivery>
                                                                    <proc:Month>2026-05</proc:Month>
                                                                    <proc:Amount>10</proc:Amount>
                                                                </proc:MonthlyDelivery>
                                                                <proc:MonthlyDelivery>
                                                                    <proc:Month>2026-06</proc:Month>
                                                                    <proc:Amount>10</proc:Amount>
                                                                </proc:MonthlyDelivery>
                                                                <proc:MonthlyDelivery>
                                                                    <proc:Month>2026-07</proc:Month>
                                                                    <proc:Amount>10</proc:Amount>
                                                                </proc:MonthlyDelivery>
                                                            </proc:MonthlyDeliveryList>
                                                        </proc:MonthlyDeliverySchedule>
                                                    </proc:MonthlyDeliveryScheduleList>
                                                </proc:HistoryPlanning>
                                            </proc:HistoryPlanningList>
                                        </proc:Manufacturer>
                                    </proc:ManufacturerList>
                                </proc:CostElement>
                                <proc:CostElement>
                                    <proc:Name>1.1.2) Payload ECP</proc:Name>
                                    <proc:Cost>
                                        <proc:TotalCost>
                                            <proc:AllPriorYears>0</proc:AllPriorYears>
                                            <proc:PriorYear>0.361</proc:PriorYear>
                                            <proc:CurrentYear>0.361</proc:CurrentYear>
                                            <proc:BudgetYearOneBase>0</proc:BudgetYearOneBase>
                                            <proc:BudgetYearOneOOC>0</proc:BudgetYearOneOOC>
                                            <proc:BudgetYearOne>0</proc:BudgetYearOne>
                                        </proc:TotalCost>
                                    </proc:Cost>
                                </proc:CostElement>
                                <proc:CostElement>
                                    <proc:Name>1.1.3) Support Equipment</proc:Name>
                                    <proc:Cost>
                                        <proc:TotalCost>
                                            <proc:AllPriorYears>1.119</proc:AllPriorYears>
                                            <proc:PriorYear>6.105</proc:PriorYear>
                                            <proc:CurrentYear>5.782</proc:CurrentYear>
                                            <proc:BudgetYearOneBase>0</proc:BudgetYearOneBase>
                                            <proc:BudgetYearOneOOC>0</proc:BudgetYearOneOOC>
                                            <proc:BudgetYearOne>0</proc:BudgetYearOne>
                                        </proc:TotalCost>
                                    </proc:Cost>
                                </proc:CostElement>
                            </proc:CostElementList>
                            <proc:CategorySubtotal>
                                <proc:TotalCost>
                                    <proc:AllPriorYears>1.119</proc:AllPriorYears>
                                    <proc:PriorYear>23.548</proc:PriorYear>
                                    <proc:CurrentYear>23.67</proc:CurrentYear>
                                    <proc:BudgetYearOneBase>0</proc:BudgetYearOneBase>
                                    <proc:BudgetYearOneOOC>0</proc:BudgetYearOneOOC>
                                    <proc:BudgetYearOne>0</proc:BudgetYearOne>
                                </proc:TotalCost>
                            </proc:CategorySubtotal>
                        </proc:Recurring>
                        <proc:CategorySubtotal>
                            <proc:TotalCost>
                                <proc:AllPriorYears>1.119</proc:AllPriorYears>
                                <proc:PriorYear>23.548</proc:PriorYear>
                                <proc:CurrentYear>23.67</proc:CurrentYear>
                                <proc:BudgetYearOneBase>0</proc:BudgetYearOneBase>
                                <proc:BudgetYearOneOOC>0</proc:BudgetYearOneOOC>
                                <proc:BudgetYearOne>0</proc:BudgetYearOne>
                            </proc:TotalCost>
                        </proc:CategorySubtotal>
                    </proc:Hardware>
                    <proc:Support>
                        <proc:CostElementList>
                            <proc:CostElement>
                                <proc:Name>2.1) Production Support</proc:Name>
                                <proc:Cost>
                                    <proc:TotalCost>
                                        <proc:AllPriorYears>0</proc:AllPriorYears>
                                        <proc:PriorYear>1.043</proc:PriorYear>
                                        <proc:CurrentYear>1.067</proc:CurrentYear>
                                        <proc:BudgetYearOneBase>0</proc:BudgetYearOneBase>
                                        <proc:BudgetYearOneOOC>0</proc:BudgetYearOneOOC>
                                        <proc:BudgetYearOne>0</proc:BudgetYearOne>
                                    </proc:TotalCost>
                                </proc:Cost>
                            </proc:CostElement>
                            <proc:CostElement>
                                <proc:Name>2.2) Integrated Logistics Support</proc:Name>
                                <proc:Cost>
                                    <proc:TotalCost>
                                        <proc:AllPriorYears>0</proc:AllPriorYears>
                                        <proc:PriorYear>0.18</proc:PriorYear>
                                        <proc:CurrentYear>0.186</proc:CurrentYear>
                                        <proc:BudgetYearOneBase>0</proc:BudgetYearOneBase>
                                        <proc:BudgetYearOneOOC>0</proc:BudgetYearOneOOC>
                                        <proc:BudgetYearOne>0</proc:BudgetYearOne>
                                    </proc:TotalCost>
                                </proc:Cost>
                            </proc:CostElement>
                        </proc:CostElementList>
                        <proc:CategorySubtotal>
                            <proc:TotalCost>
                                <proc:AllPriorYears>0</proc:AllPriorYears>
                                <proc:PriorYear>1.223</proc:PriorYear>
                                <proc:CurrentYear>1.253</proc:CurrentYear>
                                <proc:BudgetYearOneBase>0</proc:BudgetYearOneBase>
                                <proc:BudgetYearOneOOC>0</proc:BudgetYearOneOOC>
                                <proc:BudgetYearOne>0</proc:BudgetYearOne>
                            </proc:TotalCost>
                        </proc:CategorySubtotal>
                    </proc:Support>
                </proc:CostElementCategoryList>
            </proc:P5Item>
            <proc:P5Item>
                <proc:Name>Clandestine Delivered Mine (CDM)</proc:Name>
                <proc:ItemNumber>4</proc:ItemNumber>
                <proc:Remarks>[Hardware] FY 2025 and 2026 funding supports the increased quantities for CDM.</proc:Remarks>
                <proc:ResourceSummary>
                    <proc:TotalCost>
                        <proc:AllPriorYears>1.2</proc:AllPriorYears>
                        <proc:PriorYear>0</proc:PriorYear>
                        <proc:CurrentYear>22.3</proc:CurrentYear>
                        <proc:BudgetYearOneBase>0</proc:BudgetYearOneBase>
                        <proc:BudgetYearOneOOC>0</proc:BudgetYearOneOOC>
                        <proc:BudgetYearOne>0</proc:BudgetYearOne>
                    </proc:TotalCost>
                    <proc:NetProcurementP1>
                        <proc:AllPriorYears>1.2</proc:AllPriorYears>
                        <proc:PriorYear>0</proc:PriorYear>
                        <proc:CurrentYear>22.3</proc:CurrentYear>
                        <proc:BudgetYearOneBase>0</proc:BudgetYearOneBase>
                        <proc:BudgetYearOneOOC>0</proc:BudgetYearOneOOC>
                        <proc:BudgetYearOne>0</proc:BudgetYearOne>
                    </proc:NetProcurementP1>
                    <proc:TotalObligationAuthority>
                        <proc:AllPriorYears>1.2</proc:AllPriorYears>
                        <proc:PriorYear>0</proc:PriorYear>
                        <proc:CurrentYear>22.3</proc:CurrentYear>
                        <proc:BudgetYearOneBase>0</proc:BudgetYearOneBase>
                        <proc:BudgetYearOneOOC>0</proc:BudgetYearOneOOC>
                        <proc:BudgetYearOne>0</proc:BudgetYearOne>
                    </proc:TotalObligationAuthority>
                </proc:ResourceSummary>
                <proc:CostElementCategoryList>
                    <proc:Hardware>
                        <proc:Recurring>
                            <proc:CostElementList>
                                <proc:CostElement>
                                    <proc:Name>1.1.1) MK 68 MOD 1 CDM and MMB containers</proc:Name>
                                    <proc:Cost>
                                        <proc:Quantity>
                                            <proc:CurrentYear>50</proc:CurrentYear>
                                        </proc:Quantity>
                                        <proc:TotalCost>
                                            <proc:AllPriorYears>0</proc:AllPriorYears>
                                            <proc:PriorYear>0</proc:PriorYear>
                                            <proc:CurrentYear>8.45</proc:CurrentYear>
                                            <proc:BudgetYearOneBase>0</proc:BudgetYearOneBase>
                                            <proc:BudgetYearOneOOC>0</proc:BudgetYearOneOOC>
                                            <proc:BudgetYearOne>0</proc:BudgetYearOne>
                                        </proc:TotalCost>
                                        <proc:UnitCost>
                                            <proc:CurrentYear>169000</proc:CurrentYear>
                                        </proc:UnitCost>
                                    </proc:Cost>
                                </proc:CostElement>
                                <proc:CostElement>
                                    <proc:Name>1.1.2) Internal Components</proc:Name>
                                    <proc:Cost>
                                        <proc:TotalCost>
                                            <proc:AllPriorYears>1.2</proc:AllPriorYears>
                                            <proc:PriorYear>0</proc:PriorYear>
                                            <proc:CurrentYear>5.1</proc:CurrentYear>
                                            <proc:BudgetYearOneBase>0</proc:BudgetYearOneBase>
                                            <proc:BudgetYearOneOOC>0</proc:BudgetYearOneOOC>
                                            <proc:BudgetYearOne>0</proc:BudgetYearOne>
                                        </proc:TotalCost>
                                    </proc:Cost>
                                </proc:CostElement>
                                <proc:CostElement>
                                    <proc:Name>1.1.3) Mulit-Mission Buoy (MMB)</proc:Name>
                                    <proc:Cost>
                                        <proc:Quantity>
                                            <proc:CurrentYear>36</proc:CurrentYear>
                                        </proc:Quantity>
                                        <proc:TotalCost>
                                            <proc:AllPriorYears>0</proc:AllPriorYears>
                                            <proc:PriorYear>0</proc:PriorYear>
                                            <proc:CurrentYear>7.056</proc:CurrentYear>
                                            <proc:BudgetYearOneBase>0</proc:BudgetYearOneBase>
                                            <proc:BudgetYearOneOOC>0</proc:BudgetYearOneOOC>
                                            <proc:BudgetYearOne>0</proc:BudgetYearOne>
                                        </proc:TotalCost>
                                        <proc:UnitCost>
                                            <proc:CurrentYear>196000</proc:CurrentYear>
                                        </proc:UnitCost>
                                    </proc:Cost>
                                </proc:CostElement>
                                <proc:CostElement>
                                    <proc:Name>1.1.4) MK68 MOD 1 CDM Kits</proc:Name>
                                    <proc:Cost>
                                        <proc:TotalCost>
                                            <proc:AllPriorYears>0</proc:AllPriorYears>
                                            <proc:PriorYear>0</proc:PriorYear>
                                            <proc:CurrentYear>1.694</proc:CurrentYear>
                                            <proc:BudgetYearOneBase>0</proc:BudgetYearOneBase>
                                            <proc:BudgetYearOneOOC>0</proc:BudgetYearOneOOC>
                                            <proc:BudgetYearOne>0</proc:BudgetYearOne>
                                        </proc:TotalCost>
                                    </proc:Cost>
                                </proc:CostElement>
                            </proc:CostElementList>
                            <proc:CategorySubtotal>
                                <proc:TotalCost>
                                    <proc:AllPriorYears>1.2</proc:AllPriorYears>
                                    <proc:PriorYear>0</proc:PriorYear>
                                    <proc:CurrentYear>22.3</proc:CurrentYear>
                                    <proc:BudgetYearOneBase>0</proc:BudgetYearOneBase>
                                    <proc:BudgetYearOneOOC>0</proc:BudgetYearOneOOC>
                                    <proc:BudgetYearOne>0</proc:BudgetYearOne>
                                </proc:TotalCost>
                            </proc:CategorySubtotal>
                        </proc:Recurring>
                        <proc:CategorySubtotal>
                            <proc:TotalCost>
                                <proc:AllPriorYears>1.2</proc:AllPriorYears>
                                <proc:PriorYear>0</proc:PriorYear>
                                <proc:CurrentYear>22.3</proc:CurrentYear>
                                <proc:BudgetYearOneBase>0</proc:BudgetYearOneBase>
                                <proc:BudgetYearOneOOC>0</proc:BudgetYearOneOOC>
                                <proc:BudgetYearOne>0</proc:BudgetYearOne>
                            </proc:TotalCost>
                        </proc:CategorySubtotal>
                    </proc:Hardware>
                </proc:CostElementCategoryList>
            </proc:P5Item>
        </proc:ItemExhibitList>
        <proc:DocumentAssemblyOptions>
            <proc:p40AItemScheduleSetting>total</proc:p40AItemScheduleSetting>
        </proc:DocumentAssemblyOptions>
    </proc:LineItem>
</proc:LineItemList>