<?xml version="1.0" encoding="UTF-8"?>
<proc:LineItemList xmlns:proc="http://www.dtic.mil/comptroller/xml/schema/20100219/procurement">
    <proc:LineItem quantityUnits="Each" unitCostUnits="Thousands" totalCostUnits="Millions" manufacturerRateUnits="Yearly" suppressOutfittingDeliveryBY2ToBY5="true">
        <proc:LineItemNumber>2301</proc:LineItemNumber>
        <proc:LineItemTitle>Tomahawk Mods</proc:LineItemTitle>
        <proc:P1LineNumber>25</proc:P1LineNumber>
        <proc:BudgetYear>2026</proc:BudgetYear>
        <proc:BudgetCycle>PB</proc:BudgetCycle>
        <proc:SubmissionDate>2025-06</proc:SubmissionDate>
        <proc:ServiceAgencyName>Navy</proc:ServiceAgencyName>
        <proc:AppropriationNumber>1507N</proc:AppropriationNumber>
        <proc:AppropriationTitle>Weapons Procurement, Navy</proc:AppropriationTitle>
        <proc:BudgetActivityNumber>2</proc:BudgetActivityNumber>
        <proc:BudgetActivityTitle>Other Missiles</proc:BudgetActivityTitle>
        <proc:BudgetSubActivityNumber>3</proc:BudgetSubActivityNumber>
        <proc:BudgetSubActivityTitle>Modification of Missiles</proc:BudgetSubActivityTitle>
        <proc:ResourceSummary>
            <proc:TotalCost>
                <proc:AllPriorYears>750.946</proc:AllPriorYears>
                <proc:PriorYear>494.799</proc:PriorYear>
                <proc:CurrentYear>296.839</proc:CurrentYear>
                <proc:BudgetYearOneBase>6.283</proc:BudgetYearOneBase>
                <proc:BudgetYearOneOOC>0</proc:BudgetYearOneOOC>
                <proc:BudgetYearOne>6.283</proc:BudgetYearOne>
            </proc:TotalCost>
            <proc:NetProcurementP1>
                <proc:AllPriorYears>750.946</proc:AllPriorYears>
                <proc:PriorYear>494.799</proc:PriorYear>
                <proc:CurrentYear>296.839</proc:CurrentYear>
                <proc:BudgetYearOneBase>6.283</proc:BudgetYearOneBase>
                <proc:BudgetYearOneOOC>0</proc:BudgetYearOneOOC>
                <proc:BudgetYearOne>6.283</proc:BudgetYearOne>
            </proc:NetProcurementP1>
            <proc:TotalObligationAuthority>
                <proc:AllPriorYears>750.946</proc:AllPriorYears>
                <proc:PriorYear>494.799</proc:PriorYear>
                <proc:CurrentYear>296.839</proc:CurrentYear>
                <proc:BudgetYearOneBase>6.283</proc:BudgetYearOneBase>
                <proc:BudgetYearOneOOC>0</proc:BudgetYearOneOOC>
                <proc:BudgetYearOne>6.283</proc:BudgetYearOne>
            </proc:TotalObligationAuthority>
        </proc:ResourceSummary>
        <proc:Code>A</proc:Code>
        <proc:Description>The Block V Tactical Tomahawk (TACTOM RGM/UGM-109E) preserves Tomahawk's long-range precision-strike capability while increasing responsiveness and flexibility. TACTOM is capable of in-flight retargeting, the ability to loiter over the battlefield, in-flight missile health and status monitoring, and battle damage indication. Other Tomahawk Weapon System functionality includes rapid mission planning and execution via Global Positioning System (GPS) onboard the launch platform and improved anti-jam GPS.  

The TACTOM service life for RGM109E and UGM109E Block IV/V Tomahawk cruise missiles is 30 years with a 15-year deployment and recertification cycle. During the Recertification availability period, Block IV TACTOMS will undergo their 15-year service life extension activities and are then updated to a modernized Block V configuration with the installation of a NAV/COMM kit. 

NAV/COMMs is a subprogram upgrade that consists of the Integrated Single Box Solution (ISBS) radio, two new antennas and associated cabling, a new mid-body cover, and changes to the aft-body structure and aft-body cover. The ISBS radio is replacing the existing Satellite Data Link Terminal (SDLT) and two new antennas are added to replace the previous antenna. The changes to the missile are driven by the obsolescence of the SDLT hardware and the obsolescence of the UHF Demand Assigned Multiple Access (DAMA) communications infrastructure that is being phased out of service.

Maritime Strike Tomahawk (MST) is a subprogram that includes seeker kit hardware, assemblies/subassemblies, packaging and storage. Seeker kit hardware procurement includes the sensors, nosecone, ULTRA processor, cooling pump and plumbing, bulkhead, power and signal harnesses, power supply, plumbing and electrical chase insulators, telemetry unit, wiring, hybrid homopolar permanent magnet generator, and Primary Power Interface Unit. Includes modifying existing missile infrastructure to accept/install seeker kit components and assemblies into a modernized Block V missile during the Recertification availability period.

Recertification is an ACAT II program to recertify the RGM109E and UGM109E Block IV/V Tomahawk cruise missiles service life subsequent to a 15-year deployment. Recertification activity include the costs associated with the Raytheon labor, vendor recertification of specific components (i.e. mechanical and electrical components), recertification of the MK 45 submarine capsule, missile consumables, fuze recertification, Armed Firing Device (AFD) recertification, installation of Advanced Communication Package (ACP), shipping assets to and from weapon stations, and fuel. Recertification is planned to occur concurrently with installation of NAV/COMMs Modernization Kits, which will replace the existing Satellite Data Link Terminal (SDLT) radio and antenna.

M-Code is an ACAT IVT program that upgrades the TACTOM missile with the next generation, modernized Global Positioning System (GPS) capability. TACTOM M-Code kits consist of new Anti-Jam GPS Receiver (AGR) hardware/software and installation of the upgrade kit into TACTOM Block V AURs. Fielding of M-Code equipped AURs, enable TACTOM to be compliant with Public Law 111-38, sec 913. M-Code kits will be installed into modernized Block V missiles during the Recertification availability.

JMEWS is an ACAT III program to develop, produce, and field a new warhead for the Block V Tomahawk Cruise Missile. JMEWS expands the land target set that the Tomahawk missile is capable of defeating by combining existing blast and fragmentation with a new penetration capability and improved mission planning. JMEWS will also be compliant with Insensitive Munitions requirements, which improve safety during transportation and storage on land and aboard ships and submarines. JMEWS warheads will be installed into modernized Block V missiles during the Recertification availability.</proc:Description>
        <proc:Justification>The FY 2026 request was reduced by $0.413 million for Advisory and Assistance Services to promote efficiencies and advance the policies of the Administration in alignment with Executive Order 14222, "Implementing the President's Department of Government Efficiency Cost Efficiency Initiative."

The FY 2026 request for Tomahawk Mods includes $6,283 thousand of discretionary and $473,848 thousand of mandatory (reconciliation) for a total of $480,131 thousand. The mandatory funds provide for:

- 237 Recertified TACTOM BLK V for $151,506 thousand
- 23 Recertified TACTOM BLK Va (MST) for $19,464 thousand
- 234 NAV/COMMs kits for $44,943 thousand
- 73 MST Kits for $197,779 thousand
- MST cost overruns for $6,000 thousand
- JMEWS long-lead material for $1,134 thousand
- Support Equipment - Classified for $37,338 thousand
- Associated Support Costs for $15,684 thousand

Further information for this reconciliation request is provided in Section 20004 (Munitions &amp; Supply Chain) of the Reconciliation Exhibit.</proc:Justification>
        <proc:ItemExhibitList>
            <proc:P3AModificationItemGroup>
                <proc:ModificationTitle>TACTOM NAV/COMMs Modernization and Recertification Kits</proc:ModificationTitle>
                <proc:ModificationNumber>1</proc:ModificationNumber>
                <proc:ModificationType>Increase Capability and Extend Missile Service Life</proc:ModificationType>
                <proc:Model>TACTOM</proc:Model>
                <proc:MDAPCode>289</proc:MDAPCode>
                <proc:ResourceSummary>
                    <proc:TotalCost>
                        <proc:AllPriorYears>750.946</proc:AllPriorYears>
                        <proc:PriorYear>494.799</proc:PriorYear>
                        <proc:CurrentYear>296.838</proc:CurrentYear>
                        <proc:BudgetYearOneBase>6.283</proc:BudgetYearOneBase>
                        <proc:BudgetYearOneOOC>0</proc:BudgetYearOneOOC>
                        <proc:BudgetYearOne>6.283</proc:BudgetYearOne>
                    </proc:TotalCost>
                    <proc:NetProcurementP1>
                        <proc:AllPriorYears>750.946</proc:AllPriorYears>
                        <proc:PriorYear>494.799</proc:PriorYear>
                        <proc:CurrentYear>296.838</proc:CurrentYear>
                        <proc:BudgetYearOneBase>6.283</proc:BudgetYearOneBase>
                        <proc:BudgetYearOneOOC>0</proc:BudgetYearOneOOC>
                        <proc:BudgetYearOne>6.283</proc:BudgetYearOne>
                    </proc:NetProcurementP1>
                    <proc:TotalObligationAuthority>
                        <proc:AllPriorYears>750.946</proc:AllPriorYears>
                        <proc:PriorYear>494.799</proc:PriorYear>
                        <proc:CurrentYear>296.838</proc:CurrentYear>
                        <proc:BudgetYearOneBase>6.283</proc:BudgetYearOneBase>
                        <proc:BudgetYearOneOOC>0</proc:BudgetYearOneOOC>
                        <proc:BudgetYearOne>6.283</proc:BudgetYearOne>
                    </proc:TotalObligationAuthority>
                </proc:ResourceSummary>
                <proc:RelatedProgramElementList>
                    <proc:ProgramElementNumber>0204229N</proc:ProgramElementNumber>
                </proc:RelatedProgramElementList>
                <proc:SupportCost>
                    <proc:CostElementList>
                        <proc:CostElement>
                            <proc:Name footnote="Cost Element Other Production Support - FY 2026 includes discretionary funding for $6,283 thousand plus reconciliation funding for Other Production Support for $6,579 thousand, for a total of $12,862 thousand.  Includes unique government and contractor production support and recurring fixed costs that are required per Recertification lot and per production lot of NAV/COMMs kits, MST kits, M-Code kits and JMEWS kits. Funding includes engineering support to include hardware repairs, obsolescence mitigation, production line support, software upgrades, crypto support, production capacity analysis and increases, and the replacement of FMU-148A/B fuzes due to high test failure rate.">6.1) Other Production Support</proc:Name>
                            <proc:Cost>
                                <proc:TotalCost>
                                    <proc:AllPriorYears>39.691</proc:AllPriorYears>
                                    <proc:PriorYear>69.658</proc:PriorYear>
                                    <proc:CurrentYear>35.761</proc:CurrentYear>
                                    <proc:BudgetYearOneBase>6.283</proc:BudgetYearOneBase>
                                    <proc:BudgetYearOne>6.283</proc:BudgetYearOne>
                                </proc:TotalCost>
                            </proc:Cost>
                        </proc:CostElement>
                        <proc:CostElement>
                            <proc:Name footnote="Cost Element Support Equipment - FY 2026 includes $0 discretionary funding plus reconciliation funding for Support Equipment for $4,205 thousand.  Includes unique support and test equipment required to support the recertified TACTOM, NAV/COMMs kits, MST kits, M-Code kits, and JMEWS kits. Funding includes planning, resourcing, and implementing management actions to acquire and support the equipment required to sustain and validate the Recertified capability/functionality.">6.2) Support Equipment</proc:Name>
                            <proc:Cost>
                                <proc:TotalCost>
                                    <proc:AllPriorYears>56.58</proc:AllPriorYears>
                                    <proc:PriorYear>3.095</proc:PriorYear>
                                    <proc:CurrentYear>3.68</proc:CurrentYear>
                                </proc:TotalCost>
                            </proc:Cost>
                        </proc:CostElement>
                        <proc:CostElement>
                            <proc:Name footnote="Cost Element Integrated Logistics Support - FY 2026 includes $0 discretionary funding plus reconciliation funding for Integrated Logistics Support for $1,724 thousand.  Costs reported under this element combine costs previously reported under Integrated Logistics Support broken out by multiple programs. Includes costs for support equipment management, computer resources support, training and training support, ILS program management, and packaging, handling, storage and transportation as associated with the Recertified TACTOM.">6.3) Integrated Logistics Support</proc:Name>
                            <proc:Cost>
                                <proc:TotalCost>
                                    <proc:AllPriorYears>4.448</proc:AllPriorYears>
                                    <proc:PriorYear>1.933</proc:PriorYear>
                                    <proc:CurrentYear>1.693</proc:CurrentYear>
                                </proc:TotalCost>
                            </proc:Cost>
                        </proc:CostElement>
                        <proc:CostElement>
                            <proc:Name footnote="Cost Element MK-45 Support- Recertification - FY 2026 includes $0 discretionary funding plus reconciliation funding for MK 45 support for $3,176 thousand.  Funding is required to recertify and fund the Non-Recurring Engineering (NRE) associated with recertification and to address obsolescence related to extending the service life of the Composite Capsule Launching System (CCLS) barrels and associated hardware. Funding also reflects procurement of replacement Capsule Launching System (CLS) hardware, support for CLS test equipment parts, and associated CLS maintenance.">6.4) MK-45 Support</proc:Name>
                            <proc:Cost>
                                <proc:TotalCost>
                                    <proc:AllPriorYears>6.126</proc:AllPriorYears>
                                    <proc:PriorYear>3.086</proc:PriorYear>
                                    <proc:CurrentYear>5.065</proc:CurrentYear>
                                </proc:TotalCost>
                            </proc:Cost>
                        </proc:CostElement>
                        <proc:CostElement>
                            <proc:Name footnote="Cost Element Support Equipment - Classified - details held at a higher classification. FY 2026 includes $0 discretionary funding plus reconciliation funding for Support Equipment - Classified for $37,338 thousand.">6.5) Support Equipment - Classified</proc:Name>
                            <proc:Cost>
                                <proc:TotalCost>
                                    <proc:AllPriorYears>103.12</proc:AllPriorYears>
                                    <proc:PriorYear>106.832</proc:PriorYear>
                                    <proc:CurrentYear>45.866</proc:CurrentYear>
                                </proc:TotalCost>
                            </proc:Cost>
                        </proc:CostElement>
                    </proc:CostElementList>
                    <proc:CategorySubtotal>
                        <proc:TotalCost>
                            <proc:AllPriorYears>209.965</proc:AllPriorYears>
                            <proc:PriorYear>184.604</proc:PriorYear>
                            <proc:CurrentYear>92.065</proc:CurrentYear>
                            <proc:BudgetYearOneBase>6.283</proc:BudgetYearOneBase>
                            <proc:BudgetYearOne>6.283</proc:BudgetYearOne>
                        </proc:TotalCost>
                    </proc:CategorySubtotal>
                </proc:SupportCost>
                <proc:ModificationItemList>
                    <proc:ModificationItem>
                        <proc:Title>TACTOM BLK V</proc:Title>
                        <proc:Procurement>
                            <proc:AKits>
                                <proc:Recurring>
                                    <proc:KitList>
                                        <proc:Kit>
                                            <proc:Name footnote="Cost Element Recertification TACTOM BLK V - FY 2026 includes $0 discretionary funding plus reconciliation funding for 237 Recertified TACTOM BLK V for $151,506 thousand.  Learning curve and quantity variations affecting economy of scale account for the variation of the recertification kit costs across the FYDP.  Unit cost increase from FY 2025 to FY 2026 are due to increases in supplier costs and are based on actual negotiated values for FY 2023 lot 4.  Increases in costs have been driven by several factors including supplier quality issues and notice of escape delays, repair turn-around times increasing by 40% or more, delays in receiving materials driving additional material handling costs and overall period of performance extensions increasing Systems Engineering and Program Management costs.">1.1.1) Recertification TACTOM BLK V - NonOrganic</proc:Name>
                                            <proc:Cost>
                                                <proc:Quantity>
                                                    <proc:AllPriorYears>454</proc:AllPriorYears>
                                                    <proc:PriorYear>218</proc:PriorYear>
                                                    <proc:CurrentYear>127</proc:CurrentYear>
                                                    <proc:BudgetYearOneBase>237</proc:BudgetYearOneBase>
                                                    <proc:BudgetYearOne>237</proc:BudgetYearOne>
                                                </proc:Quantity>
                                                <proc:TotalCost>
                                                    <proc:AllPriorYears>120.008</proc:AllPriorYears>
                                                    <proc:PriorYear>140.177</proc:PriorYear>
                                                    <proc:CurrentYear>86.464</proc:CurrentYear>
                                                    <proc:BudgetYearOneBase>0</proc:BudgetYearOneBase>
                                                    <proc:BudgetYearOne>0</proc:BudgetYearOne>
                                                </proc:TotalCost>
                                            </proc:Cost>
                                        </proc:Kit>
                                        <proc:Kit>
                                            <proc:Name footnote="Cost Element Recertification TACTOM BLK Va (MST) - FY 2026 includes $0 discretionary funding plus reconciliation funding for 23 Recertified TACTOM BLK Va (MST) for $19,464 thousand.  Costs reported under this element include costs previously reported under Installation TACTOM BLK V, NAV/COMMs, and MST.  MST Hardware costs are accounted for in CE 3.1.1. 23 BLK Va missiles will be assembled starting in FY 2026 with MST kits procured in FY 2025.">1.1.2) Recertification TACTOM BLK Va (MST) - NonOrganic</proc:Name>
                                            <proc:Cost>
                                                <proc:Quantity>
                                                    <proc:CurrentYear>37</proc:CurrentYear>
                                                    <proc:BudgetYearOneBase>23</proc:BudgetYearOneBase>
                                                    <proc:BudgetYearOne>23</proc:BudgetYearOne>
                                                </proc:Quantity>
                                                <proc:TotalCost>
                                                    <proc:CurrentYear>28.961</proc:CurrentYear>
                                                    <proc:BudgetYearOneBase>0</proc:BudgetYearOneBase>
                                                    <proc:BudgetYearOne>0</proc:BudgetYearOne>
                                                </proc:TotalCost>
                                            </proc:Cost>
                                        </proc:Kit>
                                    </proc:KitList>
                                    <proc:CategorySubtotal>
                                        <proc:TotalCost>
                                            <proc:AllPriorYears>120.008</proc:AllPriorYears>
                                            <proc:PriorYear>140.177</proc:PriorYear>
                                            <proc:CurrentYear>115.425</proc:CurrentYear>
                                        </proc:TotalCost>
                                    </proc:CategorySubtotal>
                                </proc:Recurring>
                                <proc:CategorySubtotal>
                                    <proc:TotalCost>
                                        <proc:AllPriorYears>120.008</proc:AllPriorYears>
                                        <proc:PriorYear>140.177</proc:PriorYear>
                                        <proc:CurrentYear>115.425</proc:CurrentYear>
                                    </proc:TotalCost>
                                </proc:CategorySubtotal>
                            </proc:AKits>
                            <proc:ManufacturerList>
                                <proc:Manufacturer>
                                    <proc:Name footnote="Production lead times and dates of first deliveries vary by fiscal year based on the flow of Recertified and new Tomahawk production at Raytheon's facility.">RAYTHEON Company (BLK V Recertification)</proc:Name>
                                    <proc:Location>TUCSON, AZ</proc:Location>
                                    <proc:ContractDates>
                                        <proc:PriorYear>2025-08</proc:PriorYear>
                                        <proc:CurrentYear>2025-12</proc:CurrentYear>
                                        <proc:BudgetYearOne>2026-08</proc:BudgetYearOne>
                                    </proc:ContractDates>
                                    <proc:DeliveryDates>
                                        <proc:PriorYear>2026-08</proc:PriorYear>
                                        <proc:CurrentYear>2027-02</proc:CurrentYear>
                                        <proc:BudgetYearOne>2027-08</proc:BudgetYearOne>
                                    </proc:DeliveryDates>
                                    <proc:AdminLeadTimeAfterOct1InMonths>9</proc:AdminLeadTimeAfterOct1InMonths>
                                    <proc:ProductionLeadTimeAfterOct1InMonths>16</proc:ProductionLeadTimeAfterOct1InMonths>
                                </proc:Manufacturer>
                                <proc:Manufacturer>
                                    <proc:Name footnote="Production lead times and dates of first deliveries vary by fiscal year based on the flow of Recertified and new Tomahawk production at Raytheon's facility.">RAYTHEON Company (BLK Va MST Recertification)</proc:Name>
                                    <proc:Location>TUCSON, AZ</proc:Location>
                                    <proc:ContractDates>
                                        <proc:CurrentYear>2025-12</proc:CurrentYear>
                                        <proc:BudgetYearOne>2026-08</proc:BudgetYearOne>
                                    </proc:ContractDates>
                                    <proc:DeliveryDates>
                                        <proc:CurrentYear>2027-02</proc:CurrentYear>
                                        <proc:BudgetYearOne>2027-08</proc:BudgetYearOne>
                                    </proc:DeliveryDates>
                                    <proc:AdminLeadTimeAfterOct1InMonths>9</proc:AdminLeadTimeAfterOct1InMonths>
                                    <proc:ProductionLeadTimeAfterOct1InMonths>16</proc:ProductionLeadTimeAfterOct1InMonths>
                                </proc:Manufacturer>
                            </proc:ManufacturerList>
                            <proc:TotalCost>
                                <proc:Quantity>
                                    <proc:AllPriorYears>454</proc:AllPriorYears>
                                    <proc:PriorYear>218</proc:PriorYear>
                                    <proc:CurrentYear>164</proc:CurrentYear>
                                    <proc:BudgetYearOneBase>260</proc:BudgetYearOneBase>
                                    <proc:BudgetYearOne>260</proc:BudgetYearOne>
                                </proc:Quantity>
                                <proc:TotalCost>
                                    <proc:AllPriorYears>120.008</proc:AllPriorYears>
                                    <proc:PriorYear>140.177</proc:PriorYear>
                                    <proc:CurrentYear>115.425</proc:CurrentYear>
                                    <proc:BudgetYearOneBase>0</proc:BudgetYearOneBase>
                                    <proc:BudgetYearOne>0</proc:BudgetYearOne>
                                </proc:TotalCost>
                            </proc:TotalCost>
                        </proc:Procurement>
                        <proc:Installation>
                            <proc:ImplementationMethodList>
                                <proc:ImplementationMethod>
                                    <proc:NonOrganicInstallation>
                                        <proc:ImplementationMethodName>Contractor:: Installation Name: Recertification TACTOM BLK V</proc:ImplementationMethodName>
                                        <proc:InstallationCost>
                                            <proc:AllPriorYears>
                                                <proc:Cost>
                                                    <proc:Quantity>
                                                        <proc:AllPriorYears>382</proc:AllPriorYears>
                                                        <proc:PriorYear>72</proc:PriorYear>
                                                    </proc:Quantity>
                                                    <proc:TotalCost>
                                                        <proc:AllPriorYears>119.511</proc:AllPriorYears>
                                                        <proc:PriorYear>0</proc:PriorYear>
                                                    </proc:TotalCost>
                                                </proc:Cost>
                                            </proc:AllPriorYears>
                                            <proc:Total>
                                                <proc:Cost>
                                                    <proc:Quantity>
                                                        <proc:AllPriorYears>382</proc:AllPriorYears>
                                                        <proc:PriorYear>72</proc:PriorYear>
                                                    </proc:Quantity>
                                                    <proc:TotalCost>
                                                        <proc:AllPriorYears>119.511</proc:AllPriorYears>
                                                        <proc:PriorYear>0</proc:PriorYear>
                                                    </proc:TotalCost>
                                                </proc:Cost>
                                            </proc:Total>
                                        </proc:InstallationCost>
                                        <proc:InstallationSchedule>
                                            <proc:In>
                                                <proc:AllPriorYears>382</proc:AllPriorYears>
                                                <proc:PriorYear>
                                                    <proc:FirstQuarter>36</proc:FirstQuarter>
                                                    <proc:SecondQuarter>36</proc:SecondQuarter>
                                                </proc:PriorYear>
                                            </proc:In>
                                            <proc:Out>
                                                <proc:AllPriorYears>230</proc:AllPriorYears>
                                                <proc:PriorYear>
                                                    <proc:FirstQuarter>41</proc:FirstQuarter>
                                                    <proc:SecondQuarter>41</proc:SecondQuarter>
                                                    <proc:ThirdQuarter>35</proc:ThirdQuarter>
                                                    <proc:FourthQuarter>35</proc:FourthQuarter>
                                                </proc:PriorYear>
                                                <proc:CurrentYear>
                                                    <proc:FirstQuarter>36</proc:FirstQuarter>
                                                    <proc:SecondQuarter>36</proc:SecondQuarter>
                                                </proc:CurrentYear>
                                            </proc:Out>
                                        </proc:InstallationSchedule>
                                    </proc:NonOrganicInstallation>
                                </proc:ImplementationMethod>
                            </proc:ImplementationMethodList>
                            <proc:TotalCost>
                                <proc:TotalCost>
                                    <proc:AllPriorYears>119.511</proc:AllPriorYears>
                                    <proc:PriorYear>0</proc:PriorYear>
                                    <proc:CurrentYear>0</proc:CurrentYear>
                                    <proc:BudgetYearOneBase>0</proc:BudgetYearOneBase>
                                    <proc:BudgetYearOneOOC>0</proc:BudgetYearOneOOC>
                                    <proc:BudgetYearOne>0</proc:BudgetYearOne>
                                </proc:TotalCost>
                            </proc:TotalCost>
                        </proc:Installation>
                    </proc:ModificationItem>
                    <proc:ModificationItem>
                        <proc:Title>NAV/COMMs</proc:Title>
                        <proc:Procurement>
                            <proc:AKits>
                                <proc:Recurring>
                                    <proc:KitList>
                                        <proc:Kit>
                                            <proc:Name footnote="Cost Element NAV/COMMs - FY 2026 includes $0 discretionary funding plus reconciliation funding for 234 NAV/COMMs kits for $44,943 thousand.  The funding for 234 NAV/COMMs kits budgeted in FY 2026 will support the 234 Recertifications planned for induction in FY 2027. Learning curve, quantity variations affecting economy of scale, and escalation rates account for the variation in NAV/COMM kit costs across the FYDP. Production lead-time drives NAV/COMMs kit procurements to occur one year ahead of install into a recertified missile. NAV/COMMs kits are treated as Government Furnished Property (GFP) to recertification and have to be available for missile recertification prior to missile induction.  Cost increases on Recertification Lots 3 thru 5 drove the quantities of missiles recertified below the quantities of NAV/COMMs Kits procured the year before.  Recert Lot 3 was descoped from 156 to 131, Lot 4 from 166 to 142 and Lot 5 from 274 to 218, resulting in 105 additional NAV/COMMs Kits on hand or on order than needed for those lots.  59 of the 216 NAV/COMMs Kits funded in FY 2024 will be combined with these 105 additional kits to support the 164 Recerts funded in FY 2025 (Lot 6).  The other 157 of 216 NAV/COMMs Kits funded in FY 2024 will be combined with the 103 NAV/COMMs Kits funded in FY 2025 to support the 260 Recerts funded in FY 2026 (Lot 7).">2.1.1) NAV/COMMs - NonOrganic</proc:Name>
                                            <proc:Cost>
                                                <proc:Quantity>
                                                    <proc:AllPriorYears>752</proc:AllPriorYears>
                                                    <proc:PriorYear>216</proc:PriorYear>
                                                    <proc:CurrentYear>103</proc:CurrentYear>
                                                    <proc:BudgetYearOneBase>234</proc:BudgetYearOneBase>
                                                    <proc:BudgetYearOne>234</proc:BudgetYearOne>
                                                </proc:Quantity>
                                                <proc:TotalCost>
                                                    <proc:AllPriorYears>101.251</proc:AllPriorYears>
                                                    <proc:PriorYear>41.501</proc:PriorYear>
                                                    <proc:CurrentYear>20.111</proc:CurrentYear>
                                                    <proc:BudgetYearOneBase>0</proc:BudgetYearOneBase>
                                                    <proc:BudgetYearOne>0</proc:BudgetYearOne>
                                                </proc:TotalCost>
                                            </proc:Cost>
                                        </proc:Kit>
                                    </proc:KitList>
                                    <proc:CategorySubtotal>
                                        <proc:TotalCost>
                                            <proc:AllPriorYears>101.251</proc:AllPriorYears>
                                            <proc:PriorYear>41.501</proc:PriorYear>
                                            <proc:CurrentYear>20.111</proc:CurrentYear>
                                        </proc:TotalCost>
                                    </proc:CategorySubtotal>
                                </proc:Recurring>
                                <proc:CategorySubtotal>
                                    <proc:TotalCost>
                                        <proc:AllPriorYears>101.251</proc:AllPriorYears>
                                        <proc:PriorYear>41.501</proc:PriorYear>
                                        <proc:CurrentYear>20.111</proc:CurrentYear>
                                    </proc:TotalCost>
                                </proc:CategorySubtotal>
                            </proc:AKits>
                            <proc:ManufacturerList>
                                <proc:Manufacturer>
                                    <proc:Name>RAYTHEON Company (NAV/COMMs)</proc:Name>
                                    <proc:Location>TUCSON, AZ</proc:Location>
                                    <proc:ContractDates>
                                        <proc:PriorYear>2024-03</proc:PriorYear>
                                        <proc:CurrentYear>2025-03</proc:CurrentYear>
                                        <proc:BudgetYearOne>2025-12</proc:BudgetYearOne>
                                    </proc:ContractDates>
                                    <proc:DeliveryDates>
                                        <proc:PriorYear>2025-03</proc:PriorYear>
                                        <proc:CurrentYear>2026-03</proc:CurrentYear>
                                        <proc:BudgetYearOne>2027-03</proc:BudgetYearOne>
                                    </proc:DeliveryDates>
                                    <proc:AdminLeadTimeAfterOct1InMonths>3</proc:AdminLeadTimeAfterOct1InMonths>
                                    <proc:ProductionLeadTimeAfterOct1InMonths>27</proc:ProductionLeadTimeAfterOct1InMonths>
                                </proc:Manufacturer>
                            </proc:ManufacturerList>
                            <proc:TotalCost>
                                <proc:Quantity>
                                    <proc:AllPriorYears>752</proc:AllPriorYears>
                                    <proc:PriorYear>216</proc:PriorYear>
                                    <proc:CurrentYear>103</proc:CurrentYear>
                                    <proc:BudgetYearOneBase>234</proc:BudgetYearOneBase>
                                    <proc:BudgetYearOne>234</proc:BudgetYearOne>
                                </proc:Quantity>
                                <proc:TotalCost>
                                    <proc:AllPriorYears>101.251</proc:AllPriorYears>
                                    <proc:PriorYear>41.501</proc:PriorYear>
                                    <proc:CurrentYear>20.111</proc:CurrentYear>
                                    <proc:BudgetYearOneBase>0</proc:BudgetYearOneBase>
                                    <proc:BudgetYearOne>0</proc:BudgetYearOne>
                                </proc:TotalCost>
                            </proc:TotalCost>
                        </proc:Procurement>
                        <proc:Installation>
                            <proc:ImplementationMethodList>
                                <proc:ImplementationMethod>
                                    <proc:NonOrganicInstallation>
                                        <proc:ImplementationMethodName>Contractor:: Installation Name: NAV/COMMs</proc:ImplementationMethodName>
                                        <proc:InstallationCost>
                                            <proc:AllPriorYears>
                                                <proc:Cost>
                                                    <proc:Quantity>
                                                        <proc:AllPriorYears>394</proc:AllPriorYears>
                                                        <proc:PriorYear>192</proc:PriorYear>
                                                    </proc:Quantity>
                                                    <proc:TotalCost>
                                                        <proc:AllPriorYears>15.07</proc:AllPriorYears>
                                                        <proc:PriorYear>0</proc:PriorYear>
                                                    </proc:TotalCost>
                                                </proc:Cost>
                                            </proc:AllPriorYears>
                                            <proc:Total>
                                                <proc:Cost>
                                                    <proc:Quantity>
                                                        <proc:AllPriorYears>394</proc:AllPriorYears>
                                                        <proc:PriorYear>192</proc:PriorYear>
                                                    </proc:Quantity>
                                                    <proc:TotalCost>
                                                        <proc:AllPriorYears>15.07</proc:AllPriorYears>
                                                        <proc:PriorYear>0</proc:PriorYear>
                                                    </proc:TotalCost>
                                                </proc:Cost>
                                            </proc:Total>
                                        </proc:InstallationCost>
                                        <proc:InstallationSchedule>
                                            <proc:In>
                                                <proc:AllPriorYears>394</proc:AllPriorYears>
                                                <proc:PriorYear>
                                                    <proc:FirstQuarter>42</proc:FirstQuarter>
                                                    <proc:SecondQuarter>42</proc:SecondQuarter>
                                                    <proc:ThirdQuarter>54</proc:ThirdQuarter>
                                                    <proc:FourthQuarter>54</proc:FourthQuarter>
                                                </proc:PriorYear>
                                            </proc:In>
                                            <proc:Out>
                                                <proc:AllPriorYears>230</proc:AllPriorYears>
                                                <proc:PriorYear>
                                                    <proc:FirstQuarter>41</proc:FirstQuarter>
                                                    <proc:SecondQuarter>41</proc:SecondQuarter>
                                                    <proc:ThirdQuarter>41</proc:ThirdQuarter>
                                                    <proc:FourthQuarter>41</proc:FourthQuarter>
                                                </proc:PriorYear>
                                                <proc:CurrentYear>
                                                    <proc:FirstQuarter>42</proc:FirstQuarter>
                                                    <proc:SecondQuarter>42</proc:SecondQuarter>
                                                    <proc:ThirdQuarter>54</proc:ThirdQuarter>
                                                    <proc:FourthQuarter>54</proc:FourthQuarter>
                                                </proc:CurrentYear>
                                            </proc:Out>
                                        </proc:InstallationSchedule>
                                    </proc:NonOrganicInstallation>
                                </proc:ImplementationMethod>
                            </proc:ImplementationMethodList>
                            <proc:TotalCost>
                                <proc:TotalCost>
                                    <proc:AllPriorYears>15.07</proc:AllPriorYears>
                                    <proc:PriorYear>0</proc:PriorYear>
                                    <proc:CurrentYear>0</proc:CurrentYear>
                                    <proc:BudgetYearOneBase>0</proc:BudgetYearOneBase>
                                    <proc:BudgetYearOneOOC>0</proc:BudgetYearOneOOC>
                                    <proc:BudgetYearOne>0</proc:BudgetYearOne>
                                </proc:TotalCost>
                            </proc:TotalCost>
                        </proc:Installation>
                    </proc:ModificationItem>
                    <proc:ModificationItem>
                        <proc:Title>MST</proc:Title>
                        <proc:Procurement>
                            <proc:AKits>
                                <proc:Recurring>
                                    <proc:KitList>
                                        <proc:Kit>
                                            <proc:Name footnote="Cost Element MST Kits - FY 2026 includes $0 discretionary funding plus reconciliation funding for 73 MST Kits for $197,779 thousand.  MST kits are treated as GFP to recertification and must be available for missile recertification prior to missile induction. Unit cost increases are due to initial cost estimates not accounting for the amount of troubleshooting and rework realized for the Processor and Sensor assemblies during the combined LRP-1 and LRP-2 contract.  Costs are expected to stabilize as the production line continues to mature and the program transitions to fixed price production contracts in FY 2025. 77 MST kits bought in Prior Years will be installed in Cost Element 1.1.1 in Recertification Lot 4 (FY 2023) (QTY 35) and Recertification Lot 5 (FY 2024) (QTY 42) in FY 2024 with Installation Modification Item 3 of 5: MST funding. Reduced MST Kit quantity in FY2025 by 9 due to budget reduction for production delays.">3.1.1) MST - NonOrganic</proc:Name>
                                            <proc:Cost>
                                                <proc:Quantity>
                                                    <proc:AllPriorYears>77</proc:AllPriorYears>
                                                    <proc:PriorYear>37</proc:PriorYear>
                                                    <proc:CurrentYear>23</proc:CurrentYear>
                                                    <proc:BudgetYearOneBase>73</proc:BudgetYearOneBase>
                                                    <proc:BudgetYearOne>73</proc:BudgetYearOne>
                                                </proc:Quantity>
                                                <proc:TotalCost>
                                                    <proc:AllPriorYears>161.032</proc:AllPriorYears>
                                                    <proc:PriorYear>88.23</proc:PriorYear>
                                                    <proc:CurrentYear>53.891</proc:CurrentYear>
                                                    <proc:BudgetYearOneBase>0</proc:BudgetYearOneBase>
                                                    <proc:BudgetYearOne>0</proc:BudgetYearOne>
                                                </proc:TotalCost>
                                            </proc:Cost>
                                        </proc:Kit>
                                        <proc:Kit>
                                            <proc:Name footnote="Cost Element MST - Prior Year Cost Overrun - FY 2026 includes $0 discretionary funding plus reconciliation funding for MST cost overruns for $6,000 thousand. These costs are attributed to LRP-3 and are currently an estimate until costs are finalized.  This cost element reflects funding awarded to the LRP-1 (FY 2021-funded) and LRP-2 (FY 2022-funded) contract overrun due to amount of troubleshooting and rework realized for the Processor and Sensor assemblies.  These over-runs are ongoing and may result in additional costs as these cost-plus contracts progress through final deliveries and closeout. The $22.717M in Prior Years and $4.441M in FY 2024 is attributed to LRP-1 and $24.932M in FY 2024 is attributed to LRP-2.">3.1.2) MST - Prior Year Cost Overrun - NonOrganic</proc:Name>
                                            <proc:Cost>
                                                <proc:TotalCost>
                                                    <proc:AllPriorYears>22.717</proc:AllPriorYears>
                                                    <proc:PriorYear>28.833</proc:PriorYear>
                                                </proc:TotalCost>
                                            </proc:Cost>
                                        </proc:Kit>
                                    </proc:KitList>
                                    <proc:CategorySubtotal>
                                        <proc:TotalCost>
                                            <proc:AllPriorYears>183.749</proc:AllPriorYears>
                                            <proc:PriorYear>117.063</proc:PriorYear>
                                            <proc:CurrentYear>53.891</proc:CurrentYear>
                                        </proc:TotalCost>
                                    </proc:CategorySubtotal>
                                </proc:Recurring>
                                <proc:CategorySubtotal>
                                    <proc:TotalCost>
                                        <proc:AllPriorYears>183.749</proc:AllPriorYears>
                                        <proc:PriorYear>117.063</proc:PriorYear>
                                        <proc:CurrentYear>53.891</proc:CurrentYear>
                                    </proc:TotalCost>
                                </proc:CategorySubtotal>
                            </proc:AKits>
                            <proc:ManufacturerList>
                                <proc:Manufacturer>
                                    <proc:Name footnote="MST LRP-4 was delayed due to late Contract proposal.  Therefore, MST recognized an opportunity to combine LRP-4 and LRP-5 to gain economic order quantity cost efficiencies.">RAYTHEON Company (MST Kit)</proc:Name>
                                    <proc:Location>TUCSON, AZ</proc:Location>
                                    <proc:ContractDates>
                                        <proc:PriorYear>2025-07</proc:PriorYear>
                                        <proc:CurrentYear>2025-07</proc:CurrentYear>
                                        <proc:BudgetYearOne>2026-02</proc:BudgetYearOne>
                                    </proc:ContractDates>
                                    <proc:DeliveryDates>
                                        <proc:PriorYear>2027-07</proc:PriorYear>
                                        <proc:CurrentYear>2027-07</proc:CurrentYear>
                                        <proc:BudgetYearOne>2028-02</proc:BudgetYearOne>
                                    </proc:DeliveryDates>
                                    <proc:AdminLeadTimeAfterOct1InMonths>5</proc:AdminLeadTimeAfterOct1InMonths>
                                    <proc:ProductionLeadTimeAfterOct1InMonths>24</proc:ProductionLeadTimeAfterOct1InMonths>
                                </proc:Manufacturer>
                            </proc:ManufacturerList>
                            <proc:TotalCost>
                                <proc:Quantity>
                                    <proc:AllPriorYears>77</proc:AllPriorYears>
                                    <proc:PriorYear>37</proc:PriorYear>
                                    <proc:CurrentYear>23</proc:CurrentYear>
                                    <proc:BudgetYearOneBase>73</proc:BudgetYearOneBase>
                                    <proc:BudgetYearOne>73</proc:BudgetYearOne>
                                </proc:Quantity>
                                <proc:TotalCost>
                                    <proc:AllPriorYears>183.749</proc:AllPriorYears>
                                    <proc:PriorYear>117.063</proc:PriorYear>
                                    <proc:CurrentYear>53.891</proc:CurrentYear>
                                    <proc:BudgetYearOneBase>0</proc:BudgetYearOneBase>
                                    <proc:BudgetYearOne>0</proc:BudgetYearOne>
                                </proc:TotalCost>
                            </proc:TotalCost>
                        </proc:Procurement>
                        <proc:Installation>
                            <proc:ImplementationMethodList>
                                <proc:ImplementationMethod>
                                    <proc:NonOrganicInstallation>
                                        <proc:ImplementationMethodName>Contractor:: Installation Name: MST</proc:ImplementationMethodName>
                                        <proc:InstallationCost>
                                            <proc:AllPriorYears>
                                                <proc:Cost>
                                                    <proc:Quantity>
                                                        <proc:PriorYear>35</proc:PriorYear>
                                                        <proc:CurrentYear>42</proc:CurrentYear>
                                                    </proc:Quantity>
                                                    <proc:TotalCost>
                                                        <proc:PriorYear>5.158</proc:PriorYear>
                                                        <proc:CurrentYear>0</proc:CurrentYear>
                                                    </proc:TotalCost>
                                                </proc:Cost>
                                            </proc:AllPriorYears>
                                            <proc:Total>
                                                <proc:Cost>
                                                    <proc:Quantity>
                                                        <proc:PriorYear>35</proc:PriorYear>
                                                        <proc:CurrentYear>42</proc:CurrentYear>
                                                    </proc:Quantity>
                                                    <proc:TotalCost>
                                                        <proc:PriorYear>5.158</proc:PriorYear>
                                                        <proc:CurrentYear>0</proc:CurrentYear>
                                                    </proc:TotalCost>
                                                </proc:Cost>
                                            </proc:Total>
                                        </proc:InstallationCost>
                                        <proc:InstallationSchedule>
                                            <proc:In>
                                                <proc:PriorYear>
                                                    <proc:FourthQuarter>35</proc:FourthQuarter>
                                                </proc:PriorYear>
                                                <proc:CurrentYear>
                                                    <proc:ThirdQuarter>42</proc:ThirdQuarter>
                                                </proc:CurrentYear>
                                            </proc:In>
                                            <proc:Out>
                                                <proc:CurrentYear>
                                                    <proc:FourthQuarter>20</proc:FourthQuarter>
                                                </proc:CurrentYear>
                                                <proc:BudgetYearOne>
                                                    <proc:FirstQuarter>19</proc:FirstQuarter>
                                                    <proc:SecondQuarter>19</proc:SecondQuarter>
                                                    <proc:ThirdQuarter>19</proc:ThirdQuarter>
                                                </proc:BudgetYearOne>
                                            </proc:Out>
                                        </proc:InstallationSchedule>
                                    </proc:NonOrganicInstallation>
                                </proc:ImplementationMethod>
                            </proc:ImplementationMethodList>
                            <proc:TotalCost>
                                <proc:TotalCost>
                                    <proc:AllPriorYears>0</proc:AllPriorYears>
                                    <proc:PriorYear>5.158</proc:PriorYear>
                                    <proc:CurrentYear>0</proc:CurrentYear>
                                    <proc:BudgetYearOneBase>0</proc:BudgetYearOneBase>
                                    <proc:BudgetYearOneOOC>0</proc:BudgetYearOneOOC>
                                    <proc:BudgetYearOne>0</proc:BudgetYearOne>
                                </proc:TotalCost>
                            </proc:TotalCost>
                        </proc:Installation>
                    </proc:ModificationItem>
                    <proc:ModificationItem>
                        <proc:Title>M-CODE-CAPABLE GPS USER EQUIPMENT (MGUE)</proc:Title>
                        <proc:Procurement>
                            <proc:AKits>
                                <proc:Recurring>
                                    <proc:KitList>
                                        <proc:Kit>
                                            <proc:Name footnote="Cost Element M-Code Kits - M-Code kit production is deferred to late FY 2026 to allow completion of M-Code hardware and software development. FY 2025 funding budgeted for M-Code kits will be placed on contract in 3rd Quarter FY 2026 when production commences.">4.1.1) M-Code - Organic</proc:Name>
                                            <proc:Cost>
                                                <proc:Quantity>
                                                    <proc:CurrentYear>221</proc:CurrentYear>
                                                </proc:Quantity>
                                                <proc:TotalCost>
                                                    <proc:CurrentYear>11.682</proc:CurrentYear>
                                                </proc:TotalCost>
                                            </proc:Cost>
                                        </proc:Kit>
                                    </proc:KitList>
                                    <proc:CategorySubtotal>
                                        <proc:TotalCost>
                                            <proc:AllPriorYears>0</proc:AllPriorYears>
                                            <proc:CurrentYear>11.682</proc:CurrentYear>
                                        </proc:TotalCost>
                                    </proc:CategorySubtotal>
                                </proc:Recurring>
                                <proc:CategorySubtotal>
                                    <proc:TotalCost>
                                        <proc:AllPriorYears>0</proc:AllPriorYears>
                                        <proc:CurrentYear>11.682</proc:CurrentYear>
                                    </proc:TotalCost>
                                </proc:CategorySubtotal>
                            </proc:AKits>
                            <proc:TotalCost>
                                <proc:Quantity>
                                    <proc:CurrentYear>221</proc:CurrentYear>
                                </proc:Quantity>
                                <proc:TotalCost>
                                    <proc:CurrentYear>11.682</proc:CurrentYear>
                                </proc:TotalCost>
                            </proc:TotalCost>
                        </proc:Procurement>
                    </proc:ModificationItem>
                    <proc:ModificationItem>
                        <proc:Title>JMEWS</proc:Title>
                        <proc:Procurement>
                            <proc:AKits>
                                <proc:Recurring>
                                    <proc:KitList>
                                        <proc:Kit>
                                            <proc:Name footnote="Cost Element JMEWS Kits - FY 2026 includes $0 discretionary funding plus reconciliation funding for JMEWS long-lead material for $1,134 thousand  Funding supports the procurement of JMEWS Kits to be provided as GFE to the Recertification Contract for TACTOM BLK V JMEWS AURs. FY 2026 funding supports procurement of long-lead material for the JMEWS Kits to be procured in FY 2028. FY 2025 Kit quantity of 5 reduced to 0 and FY 2026 Kit quantity of 26 reduced to 0 due to delays in transition to production. Adjusted quantities added to To Complete.">5.1.1) JMEWS - Organic</proc:Name>
                                            <proc:Cost>
                                                <proc:TotalCost>
                                                    <proc:AllPriorYears>1.392</proc:AllPriorYears>
                                                    <proc:PriorYear>6.296</proc:PriorYear>
                                                    <proc:CurrentYear>3.664</proc:CurrentYear>
                                                </proc:TotalCost>
                                            </proc:Cost>
                                        </proc:Kit>
                                    </proc:KitList>
                                    <proc:CategorySubtotal>
                                        <proc:TotalCost>
                                            <proc:AllPriorYears>1.392</proc:AllPriorYears>
                                            <proc:PriorYear>6.296</proc:PriorYear>
                                            <proc:CurrentYear>3.664</proc:CurrentYear>
                                        </proc:TotalCost>
                                    </proc:CategorySubtotal>
                                </proc:Recurring>
                                <proc:CategorySubtotal>
                                    <proc:TotalCost>
                                        <proc:AllPriorYears>1.392</proc:AllPriorYears>
                                        <proc:PriorYear>6.296</proc:PriorYear>
                                        <proc:CurrentYear>3.664</proc:CurrentYear>
                                    </proc:TotalCost>
                                </proc:CategorySubtotal>
                            </proc:AKits>
                            <proc:TotalCost>
                                <proc:TotalCost>
                                    <proc:AllPriorYears>1.392</proc:AllPriorYears>
                                    <proc:PriorYear>6.296</proc:PriorYear>
                                    <proc:CurrentYear>3.664</proc:CurrentYear>
                                </proc:TotalCost>
                            </proc:TotalCost>
                        </proc:Procurement>
                    </proc:ModificationItem>
                </proc:ModificationItemList>
                <proc:ProcurementSubtotal>
                    <proc:TotalCost>
                        <proc:AllPriorYears>406.4</proc:AllPriorYears>
                        <proc:PriorYear>305.037</proc:PriorYear>
                        <proc:CurrentYear>204.773</proc:CurrentYear>
                    </proc:TotalCost>
                </proc:ProcurementSubtotal>
                <proc:InstallationSubtotal>
                    <proc:TotalCost>
                        <proc:AllPriorYears>134.581</proc:AllPriorYears>
                        <proc:PriorYear>5.158</proc:PriorYear>
                    </proc:TotalCost>
                </proc:InstallationSubtotal>
                <proc:Description>The TACTOM Modernization profile includes:

Recertification: Mid-life recertification of RGM109E and UGM109E Block IV Tomahawk cruise missiles, extending total service life to 30 years.

Navigation Communication Modernization upgrades (NAV/COMMs): Integrates updated antennas and radios into a Tactical Tomahawk, migrating Tomahawk out of the UHF Demand Assigned Multiple Access (DAMA) communications infrastructure; upgraded missile designated as Block V.

Maritime Strike Tomahawk (MST): Integrates a seeker and supporting hardware into a Tactical Tomahawk to provide a Maritime Strike capability; upgraded missile designated as Block Va.

Military Code (M-Code): Integrates new Anti-Jam GPS Receiver (AGR) hardware/software into the Tactical Tomahawk (all variants) for compliance with Public Law 111-38, sec 913.

Joint Multiple Effects Warhead System (JMEWS): Integrates a new warhead into a Tactical Tomahawk expanding the land target set and providing compliance with Insensitive Munitions requirements; upgraded missile designated as Block Vb.

[Recertification TACTOM BLK V] Installation costs for Recertification TACTOM BLK V/Va/Vb, NAV/COMMs kits, MST kits, M-Code kits, and JMEWS kits are included in the costs of the All Up Round Recertification reflected in cost elements 1.1.1, 1.1.2, and 1.1.3, reflecting how the modifications are actually contracted.</proc:Description>
            </proc:P3AModificationItemGroup>
        </proc:ItemExhibitList>
        <proc:DocumentAssemblyOptions>
            <proc:p40AItemScheduleSetting>total</proc:p40AItemScheduleSetting>
        </proc:DocumentAssemblyOptions>
    </proc:LineItem>
</proc:LineItemList>