<?xml version="1.0" encoding="UTF-8"?>
<proc:LineItemList xmlns:proc="http://www.dtic.mil/comptroller/xml/schema/20100219/procurement">
    <proc:LineItem quantityUnits="Each" unitCostUnits="Dollars" totalCostUnits="Millions" manufacturerRateUnits="Yearly" suppressOutfittingDeliveryBY2ToBY5="true">
        <proc:LineItemNumber>2290</proc:LineItemNumber>
        <proc:LineItemTitle>Other Missile Support</proc:LineItemTitle>
        <proc:P1LineNumber>19</proc:P1LineNumber>
        <proc:BudgetYear>2026</proc:BudgetYear>
        <proc:BudgetCycle>PB</proc:BudgetCycle>
        <proc:SubmissionDate>2025-06</proc:SubmissionDate>
        <proc:ServiceAgencyName>Navy</proc:ServiceAgencyName>
        <proc:AppropriationNumber>1507N</proc:AppropriationNumber>
        <proc:AppropriationTitle>Weapons Procurement, Navy</proc:AppropriationTitle>
        <proc:BudgetActivityNumber>2</proc:BudgetActivityNumber>
        <proc:BudgetActivityTitle>Other Missiles</proc:BudgetActivityTitle>
        <proc:BudgetSubActivityNumber>2</proc:BudgetSubActivityNumber>
        <proc:BudgetSubActivityTitle>Tactical Missiles</proc:BudgetSubActivityTitle>
        <proc:ResourceSummary>
            <proc:TotalCost>
                <proc:AllPriorYears>74.457</proc:AllPriorYears>
                <proc:PriorYear>3.687</proc:PriorYear>
                <proc:CurrentYear>3.411</proc:CurrentYear>
                <proc:BudgetYearOneBase>3.49</proc:BudgetYearOneBase>
                <proc:BudgetYearOneOOC>0</proc:BudgetYearOneOOC>
                <proc:BudgetYearOne>3.49</proc:BudgetYearOne>
            </proc:TotalCost>
            <proc:NetProcurementP1>
                <proc:AllPriorYears>74.457</proc:AllPriorYears>
                <proc:PriorYear>3.687</proc:PriorYear>
                <proc:CurrentYear>3.411</proc:CurrentYear>
                <proc:BudgetYearOneBase>3.49</proc:BudgetYearOneBase>
                <proc:BudgetYearOneOOC>0</proc:BudgetYearOneOOC>
                <proc:BudgetYearOne>3.49</proc:BudgetYearOne>
            </proc:NetProcurementP1>
            <proc:TotalObligationAuthority>
                <proc:AllPriorYears>74.457</proc:AllPriorYears>
                <proc:PriorYear>3.687</proc:PriorYear>
                <proc:CurrentYear>3.411</proc:CurrentYear>
                <proc:BudgetYearOneBase>3.49</proc:BudgetYearOneBase>
                <proc:BudgetYearOneOOC>0</proc:BudgetYearOneOOC>
                <proc:BudgetYearOne>3.49</proc:BudgetYearOne>
            </proc:TotalObligationAuthority>
        </proc:ResourceSummary>
        <proc:Code>A</proc:Code>
        <proc:Description>The MK-41 Vertical Launching System (VLS) is a surface combatant missile launching system designed to store, select, and launch various Standard Missile configurations, Tomahawk, Tactical Tomahawk (TACTOM), Evolved SeaSparrow (ESSM) and Vertical Launch Anti-Submarine Rocket (ASROC) (VLA) missiles.  The MK-41 VLS significantly improves missile capacity, flexibility, multi-mission capability, reaction time, rate of fire, and is designed to be adaptable to present and future weapon systems.  Current configurations are: two 61 cell launchers (forward and aft) for 22 TICONDEROGA (CG 47) Class Cruisers beginning with CG-52, one 61-cell aft and one 29-cell launcher forward for 28 ARLEIGH BURKE (DDG 51) Class Destroyers, one 64-cell launcher aft and one 32-cell launcher forward for 34 DDG 51 FLT IIA ships.</proc:Description>
        <proc:Justification>FY 2026 funds are required for production support and Integrated Logistics Support (ILS) including: supply support, provisioning and technical documentation in support of weapon stations, All Up Round (AUR) facilities, and the fleet. Funds also provide for development and procurement of critical Engineering Change Proposals (ECP) and Ordnance Alterations (ORDALT) that improve reliability and implement safety upgrades for MK-41 VLS canisters and gas management hardware.  Availability of upgraded canisters, canister hardware, and gas management hardware directly impacts fleet loadouts, operational availability, and safety.</proc:Justification>
        <proc:ItemExhibitList>
            <proc:P5Item>
                <proc:Name>Other Missile Support</proc:Name>
                <proc:ItemNumber>1</proc:ItemNumber>
                <proc:ResourceSummary>
                    <proc:TotalCost>
                        <proc:AllPriorYears>74.457</proc:AllPriorYears>
                        <proc:PriorYear>3.687</proc:PriorYear>
                        <proc:CurrentYear>3.411</proc:CurrentYear>
                        <proc:BudgetYearOneBase>3.49</proc:BudgetYearOneBase>
                        <proc:BudgetYearOneOOC>0</proc:BudgetYearOneOOC>
                        <proc:BudgetYearOne>3.49</proc:BudgetYearOne>
                    </proc:TotalCost>
                    <proc:NetProcurementP1>
                        <proc:AllPriorYears>74.457</proc:AllPriorYears>
                        <proc:PriorYear>3.687</proc:PriorYear>
                        <proc:CurrentYear>3.411</proc:CurrentYear>
                        <proc:BudgetYearOneBase>3.49</proc:BudgetYearOneBase>
                        <proc:BudgetYearOneOOC>0</proc:BudgetYearOneOOC>
                        <proc:BudgetYearOne>3.49</proc:BudgetYearOne>
                    </proc:NetProcurementP1>
                    <proc:TotalObligationAuthority>
                        <proc:AllPriorYears>74.457</proc:AllPriorYears>
                        <proc:PriorYear>3.687</proc:PriorYear>
                        <proc:CurrentYear>3.411</proc:CurrentYear>
                        <proc:BudgetYearOneBase>3.49</proc:BudgetYearOneBase>
                        <proc:BudgetYearOneOOC>0</proc:BudgetYearOneOOC>
                        <proc:BudgetYearOne>3.49</proc:BudgetYearOne>
                    </proc:TotalObligationAuthority>
                </proc:ResourceSummary>
                <proc:CostElementCategoryList>
                    <proc:Flyaway>
                        <proc:Recurring>
                            <proc:CostElementList>
                                <proc:CostElement>
                                    <proc:Name footnote="Canister Equipment - Funds procurement and installation of canister and gas management hardware Engineering Change Proposals (ECPs) and Ordnance Alterations (ORDALTs).">1.1.1) CANISTER EQUIPMENT</proc:Name>
                                    <proc:Cost>
                                        <proc:TotalCost>
                                            <proc:AllPriorYears>54.846</proc:AllPriorYears>
                                            <proc:PriorYear>1.563</proc:PriorYear>
                                            <proc:CurrentYear>1.468</proc:CurrentYear>
                                            <proc:BudgetYearOneBase>1.48</proc:BudgetYearOneBase>
                                            <proc:BudgetYearOne>1.48</proc:BudgetYearOne>
                                        </proc:TotalCost>
                                    </proc:Cost>
                                </proc:CostElement>
                            </proc:CostElementList>
                            <proc:CategorySubtotal>
                                <proc:TotalCost>
                                    <proc:AllPriorYears>54.846</proc:AllPriorYears>
                                    <proc:PriorYear>1.563</proc:PriorYear>
                                    <proc:CurrentYear>1.468</proc:CurrentYear>
                                    <proc:BudgetYearOneBase>1.48</proc:BudgetYearOneBase>
                                    <proc:BudgetYearOne>1.48</proc:BudgetYearOne>
                                </proc:TotalCost>
                            </proc:CategorySubtotal>
                        </proc:Recurring>
                        <proc:CategorySubtotal>
                            <proc:TotalCost>
                                <proc:AllPriorYears>54.846</proc:AllPriorYears>
                                <proc:PriorYear>1.563</proc:PriorYear>
                                <proc:CurrentYear>1.468</proc:CurrentYear>
                                <proc:BudgetYearOneBase>1.48</proc:BudgetYearOneBase>
                                <proc:BudgetYearOne>1.48</proc:BudgetYearOne>
                            </proc:TotalCost>
                        </proc:CategorySubtotal>
                    </proc:Flyaway>
                    <proc:Support>
                        <proc:CostElementList>
                            <proc:CostElement>
                                <proc:Name>2.1) ILS SUPPORT</proc:Name>
                                <proc:Cost>
                                    <proc:TotalCost>
                                        <proc:AllPriorYears>19.611</proc:AllPriorYears>
                                        <proc:PriorYear>2.124</proc:PriorYear>
                                        <proc:CurrentYear>1.943</proc:CurrentYear>
                                        <proc:BudgetYearOneBase>2.01</proc:BudgetYearOneBase>
                                        <proc:BudgetYearOne>2.01</proc:BudgetYearOne>
                                    </proc:TotalCost>
                                </proc:Cost>
                            </proc:CostElement>
                        </proc:CostElementList>
                        <proc:CategorySubtotal>
                            <proc:TotalCost>
                                <proc:AllPriorYears>19.611</proc:AllPriorYears>
                                <proc:PriorYear>2.124</proc:PriorYear>
                                <proc:CurrentYear>1.943</proc:CurrentYear>
                                <proc:BudgetYearOneBase>2.01</proc:BudgetYearOneBase>
                                <proc:BudgetYearOne>2.01</proc:BudgetYearOne>
                            </proc:TotalCost>
                        </proc:CategorySubtotal>
                    </proc:Support>
                </proc:CostElementCategoryList>
            </proc:P5Item>
        </proc:ItemExhibitList>
        <proc:DocumentAssemblyOptions>
            <proc:p40AItemScheduleSetting>total</proc:p40AItemScheduleSetting>
        </proc:DocumentAssemblyOptions>
    </proc:LineItem>
</proc:LineItemList>