<?xml version="1.0" encoding="UTF-8"?>
<proc:LineItemList xmlns:proc="http://www.dtic.mil/comptroller/xml/schema/20100219/procurement">
    <proc:LineItem quantityUnits="Each" unitCostUnits="Dollars" totalCostUnits="Millions" manufacturerRateUnits="Yearly" suppressOutfittingDeliveryBY2ToBY5="true">
        <proc:LineItemNumber>4217</proc:LineItemNumber>
        <proc:LineItemTitle>Gun Mount Mods</proc:LineItemTitle>
        <proc:P1LineNumber>54</proc:P1LineNumber>
        <proc:BudgetYear>2026</proc:BudgetYear>
        <proc:BudgetCycle>PB</proc:BudgetCycle>
        <proc:SubmissionDate>2025-06</proc:SubmissionDate>
        <proc:ServiceAgencyName>Navy</proc:ServiceAgencyName>
        <proc:AppropriationNumber>1507N</proc:AppropriationNumber>
        <proc:AppropriationTitle>Weapons Procurement, Navy</proc:AppropriationTitle>
        <proc:BudgetActivityNumber>4</proc:BudgetActivityNumber>
        <proc:BudgetActivityTitle>Other Weapons</proc:BudgetActivityTitle>
        <proc:BudgetSubActivityNumber>2</proc:BudgetSubActivityNumber>
        <proc:BudgetSubActivityTitle>Modification of Guns And Gun Mounts</proc:BudgetSubActivityTitle>
        <proc:ResourceSummary>
            <proc:TotalCost>
                <proc:AllPriorYears>471.681</proc:AllPriorYears>
                <proc:PriorYear>95.282</proc:PriorYear>
                <proc:CurrentYear>82.246</proc:CurrentYear>
                <proc:BudgetYearOneBase>83.969</proc:BudgetYearOneBase>
                <proc:BudgetYearOneOOC>0</proc:BudgetYearOneOOC>
                <proc:BudgetYearOne>83.969</proc:BudgetYearOne>
            </proc:TotalCost>
            <proc:NetProcurementP1>
                <proc:AllPriorYears>471.681</proc:AllPriorYears>
                <proc:PriorYear>95.282</proc:PriorYear>
                <proc:CurrentYear>82.246</proc:CurrentYear>
                <proc:BudgetYearOneBase>83.969</proc:BudgetYearOneBase>
                <proc:BudgetYearOneOOC>0</proc:BudgetYearOneOOC>
                <proc:BudgetYearOne>83.969</proc:BudgetYearOne>
            </proc:NetProcurementP1>
            <proc:TotalObligationAuthority>
                <proc:AllPriorYears>471.681</proc:AllPriorYears>
                <proc:PriorYear>95.282</proc:PriorYear>
                <proc:CurrentYear>82.246</proc:CurrentYear>
                <proc:BudgetYearOneBase>83.969</proc:BudgetYearOneBase>
                <proc:BudgetYearOneOOC>0</proc:BudgetYearOneOOC>
                <proc:BudgetYearOne>83.969</proc:BudgetYearOne>
            </proc:TotalObligationAuthority>
            <proc:InitialSpares>
                <proc:PriorYear>3.982</proc:PriorYear>
                <proc:CurrentYear>4.052</proc:CurrentYear>
                <proc:BudgetYearOneBase>4.126</proc:BudgetYearOneBase>
                <proc:BudgetYearOne>4.126</proc:BudgetYearOne>
            </proc:InitialSpares>
        </proc:ResourceSummary>
        <proc:Code>A</proc:Code>
        <proc:Description>Gun Mount Mods supports various types of Gun Weapon Systems, sub-system modifications, and upgrade requirements.

[P5 / E5002 MEDIUM CALIBER GUN MODS]: Medium Caliber Gun Mounts (MK110 57mm) installed on United States Coast Guard (USCG) Maritime Security Cutters, Large (WMSL), and USCG Maritime Security Cutters, Medium (WMSM) as well as land based training/test units. The gun mounts provide an anti-surface warfare and anti-air warfare capability for outfitted ships. Funds procure Ordnance Alterations (ORDALT) kits, provide Integrated Logistics Support (ILS), and provide production engineering for system improvements that affect safety, reliability and maintainability.

[P5 / E5006 MINOR CALIBER GUN MODS]: Minor Caliber Gun Mounts (MK38 MOD or MK46 MOD) are installed on Amphibious Assault Ships (AS), Aircraft Carrier (nuclear propulsion) (CVN), Guided Missile Cruisers, (CG), Destroyer Designated Guided ships (DDG), Littoral Combat Ships (LCS), Landing Ship Dock amphibious assault ships (LSD), Landing Helicopter Assault ships (LHA), Landing Helicopter Dock amphibious assault ships (LHD), Landing Platform Dock amphibious transport ship (LPD), Patrol Crafts Coastal (PC), Amphibious Command Ships (LCC), MK VI Patrol Boats and land based training/test units. The gun mounts provide an anti-surface warfare and anti-air warfare capability for outfitted ships. Funds procure gun weapon system, ordnance alteration (ORDALT), and conversion kits. Funds also deliver integrated logistics support (ILS), production engineering, and installations for system improvements that affect safety, cybersecurity, reliability, and maintainability. USN Fleet population of 25mm MK38 Machine Gun System (MGS) consists of MOD 2 and MOD 3 variants.  The MOD 2 will be converted to the MOD 3 to receive obsolescence, cybersecurity, and Counter Unmanned Aerial System (C-UAS) capability upgrades. DDG 51 Flight IIA and Flight III Destroyers will receive the new 30mm MK38 MOD 4 Gun Weapon System (GWS), which is integrated with the AEGIS combat system for greater lethality and accuracy in the execution of C-UAS and Counter Unmanned Surface Vehicles (C-USV) operations.

[P5 / E5011 MAJOR CALIBER GUN MODS]: The 5-Inch MK45 MOD Gun Mounts are automated, lightweight, single-barrel gun mounts that provide an anti-surface warfare, anti-air warfare, and naval surface fire support capability for outfitted ships. The MK45 is installed on CG47 and DDG51 Class surface ships and land based training/test units.  Funds procure ORDALTs kits and provide ILS and production engineering for system improvements that affect safety, reliability, maintainability. Supports MK45 Counter Unmanned Aircraft System (C-UAS) integration and fielding of Hypervelocity Projectile (HVP) capability into MK34/MK160/MK20 in support of FY2024 CENTCOM Operations Transfer, Israel Security Supplemental (P.L. 118-50, Division A., Sec. 101).

[P5 / E5CON BALLISTIC SHIELDING]: Crew Served Weapon Systems (CSWS) Advanced Ballistic Shielding (ABS) - Advanced Ballistic Shielding will be procured and installed onboard Aircraft Carrier (nuclear propulsion) (CVN), providing ballistic protection for Crew Served Weapon Systems. Funds are used for ship checks, Ship Installation Drawings (SID), procure materials, shipboard M2200 Shielding Kits, and production engineering for system improvements that affect safety, reliability, and maintainability.</proc:Description>
        <proc:Justification>FY 2026 E5002 MEDIUM CALIBER GUN MODS 1.1.1 FY 2025 to FY 2026 increase attributed to additional requirements for Ordnance Alterations (ORDALT) kits, Integrated Logistics Support (ILS), and production engineering for system improvements that affect safety, reliability and maintainability of in-service guns.

E5006 MINOR CALIBER GUN MODS MK38: The USN stopped procuring new MK38 MOD 3 MGS (MK38 GUN KITS).  Future MK38 MOD 3 MGS will be created by refurbishing and upgrading 25mm MK38 MOD 2 MGS. Cost elements: 2.1.1 - MK38 COAX ORDALT KIT, 2.1.2 - MK38 COAX ORDALT KIT INSTALL, 2.1.3 - MK38 MOD 3 CONVERSION KIT, 2.1.4 - MK38 MOD 3 CONVERSION KIT FWD FIT INSTALL, and 2.1.5 - MK38 MOD 3 CONVERSION KIT BACKFIT INSTALL reflect this fielding change. Cost elements for MK38 MOD 4 Gun Weapon System (GWS), MK38 MOD 4 GWS Install Planning, and MK38 MOD 4 GWS Installation support procurements of the MK38 MOD 4 GWS and installations on DDG 51 Flight IIA and Flight III Destroyers.

FY 2026 E5006 MINOR CALIBER GUN MODS 2.1.1) MK38 COAX ORDALT KIT: This cost element procures the 7.62mm Coaxial Automatic Gun Ordnance Alteration Kit (COAX ORDALT KIT). This upgrade is required for full Counter Unmanned Aerial System (C-UAS) capability. The C-UAS capability is a critical and urgent ship self-defense capability per Joint Urgent Operational Need Statement CC-0558 (JUONS CC-0558). Decrease from FY 2025 to FY 2026 is due to decreased MK38 COAX ORDALT Kits quantities in FY 2026.

FY 2026 E5006 MINOR CALIBER GUN MODS 2.1.2) MK38 COAX ORDALT KIT INSTALL: This cost element installs the COAX ORDALT KITs procured under cost element 2.1.1 MK38 COAX ORDALT KIT. FY 2025 to FY 2026 decrease due to decreased MK38 COAX ORDALT Kit installations in FY 2026.

FY 2026 E5006 MINOR CALIBER GUN MODS 2.1.3) MK38 MOD 3 CONVERSION KIT: This cost element procures kits to convert fielded MK38 MOD 2 MGS units to MK38 MOD 3 with C-UAS and cybersecurity upgrades. This funds procurement in FY 2026 of QTY 15 MK38 MOD 2 to MOD 3 conversion kits (unit cost $379 thousand), QTY 15 C-UAS kits (unit cost $246 thousand), and QTY 15 2U Toplite EOSS conversion kits (unit cost $121 thousand) that will be installed in FY 2028 and FY 2029. The procurement and installation quantities are based on a 28-month production lead time and ship availability schedules. This effort supports procurement quantities to support eight (8) ships. FY 2025 to FY 2026 decrease due to decreased MK38 MOD 3 Conversion Kit quantities in FY 2026.

FY 2026 E5006 MINOR CALIBER GUN MODS 2.1.4) MK38 MOD 3 CONVERSION KIT FWD FIT INSTALL: This cost element refurbishes and upgrades a 25mm MK38 MOD 2 MGS by installing a MK38 MOD 3 CONVERSION KIT. The newly created MK38 MOD 3 is installed on a new ship as a forward fit. FY 2025 to FY 2026 increase attributed to combined cost to install both the gun mount conversion kit and the EOSS conversion kit to the overall machine gun system. 

FY 2026 E5006 MINOR CALIBER GUN MODS 2.1.5) MK38 MOD 3 CONVERSION KIT BACKFIT INSTALL: FY 2025 to FY 2026 decrease due to the number of planned backfit installations in FY 2026. This cost element refurbishes and upgrades a 25mm MK38 MOD 2 MGS by installing a MK38 MOD 3 CONVERSION KIT.  The newly created MK38 MOD 3 is installed on a ship, which previously had a MK38 MOD 2 MGS.  This refers to the upgrade from MK38 MOD 2 to MOD 3 of an existing mount on an in-service ship. In FY 2026, this funds the installation of QTY 10 MOD 3 conversion kits to upgrade MK 38 MOD 2 mounts on five (5) ships.

FY 2026 E5006 MINOR CALIBER GUN MODS 2.1.6) MK38 GUN KITS ILS/TEST/PRODUCTION SUPT: This cost element funds element support of MK 38 MOD2 through MOD4 MGS during production and testing prior to installation onboard a ship. FY 2025 to FY 2026 decrease attributed to initial development of supporting products for MOD4 backfit installations completed in FY 2025.  In FY 2026, Other Customer Funds (OCF) from new construction hulls will offset MK38 WPN funding requirements.

FY 2026 E5006 MINOR CALIBER GUN MODS 2.1.7) MK38 UPGRADE LOGISTICS SUPT: This cost element funds development of integrated logistics support certification, ship change directive development, technical manual updates, provisioning support, and other logistics efforts required to support the system while installed onboard a ship. FY 2025 to FY 2026 increase attributed to increased cost associated with the management of multiple system configurations between MK38 MOD2 through MK38 MOD4.  

FY 2026 E5006 MINOR CALIBER GUN MODS 2.1.8) TECH REFRESH: Increase from FY2025 to FY2026 due to increased engineering change proposal requirements required to mitigate increased obsolescence issues, multiple system configurations, and software upgrades.

FY 2026 E5006 MINOR CALIBER GUN MODS 2.1.9) MK38 MOD 4 GWS: This cost element previously funded the procurement of eight (8) MK38 MOD 4 GWS (unit cost $3.550 thousand) in FY 2026 to meet fielding requirements. This effort supports fielding of critical C-UAS and C-USV capability to four (4) DDG 51 ships. FY 2025 to FY 2026 decrease is due to properly separating the 4 subsystems being used to now fund MOD4. See new Cost elements 2.1.10-2.1.13 for the MK38 MOD4 Gun Mount, EOSS, Cannon, and Consoles breakout across the FYDP. 

FY 2026 E5006 MINOR CALIBER GUN MODS 2.1.10) MK38 MOD 4 GUN MOUNT: This cost element funds the procurement of eight (8) MK38 MOD 4 Gun Mounts (unit cost $1.553 thousand) in FY 2026 to meet the fielding requirements. This effort supports fielding of critical C-UAS and C-USV capability to four (4) DDG 51 ships. FY 2025 to FY 2026 increase is due to separating the previously funded MOD 4 GWS (2.1.9) to the 4 individual subsystems currently being used to fund MOD4 as well as known vice anticipated costs for hardware for this subsystem.

FY 2026 E5006 MINOR CALIBER GUN MODS 2.1.11) MK38 MOD 4 EOSS: This cost element funds the procurement of nine (9) MK38 MOD 4 EOSS (unit cost $1.142 thousand) in FY 2026 to meet the fielding requirements. This effort supports fielding of critical C-UAS and C-USV capability to four (4) DDG 51 ships. FY 2025 to FY 2026 increase is due to separating the previously funded MOD 4 GWS (2.1.9) to the 4 individual subsystems currently being used to fund MOD4 as well as known vice anticipated costs for hardware for this subsystem.

FY 2026 E5006 MINOR CALIBER GUN MODS 2.1.12) MK38 MOD 4 CANNON: This cost element funds the procurement of eight (8) MK38 MOD 4 CANNON (unit cost $302 thousand) in FY 2026 to meet the fielding requirements. This effort supports fielding of critical C-UAS and C-USV capability to four (4) DDG 51 ships FY 2025 to FY 2026 increase is due to separating the previously funded MOD 4 GWS (2.1.9) to the 4 individual subsystems currently being used to fund MOD4 as well as known vice anticipated costs for hardware for this subsystem.

FY 2026 E5006 MINOR CALIBER GUN MODS 2.1.13) MK38 MOD 4 CONSOLE: This cost element funds the procurement of nine (9) MK38 MOD 4 Console (unit cost $332 thousand) in FY 2026 to meet the fielding requirements. This effort supports fielding of critical C-UAS and C-USV capability to four (4) DDG 51 ships. FY 2025 to FY 2026 increase is due to separating the previously funded MOD 4 GWS (2.1.9) to the 4 individual subsystems currently being used to fund MOD4 as well as known vice anticipated costs for hardware for this subsystem.

FY 2026 E5006 MINOR CALIBER GUN MODS 2.1.14) MK38 MOD 4 GWS INSTALL PLANNING: Cost to conduct installation planning to field MK38 MOD 4 GWS on DDG 51 ships. Installation planning includes development of installation drawings and topside analysis. This cost element funds all efforts required to plan the installations of the gun systems on their respective ships. This includes development of a ship installation drawing package, which is required to start 22 months before installation and takes 7.5 months to develop, since it involves ship checks and extensive safety and engineering analysis. This effort supports fielding of critical C-UAS and CUSV capability to four (4) DDG 51 ships.  

FY 2026 E5006 MINOR CALIBER GUN MODS 2.1.15) MK38 MOD 4 GWS INSTALLATION: FY 2025 to FY 2026 increase attributed to deployment of initial operating capability (IOC) MK38 MOD4 systems on four (4) DDG-51 ships in FY 2026. 

FY 2026 E5006 MINOR CALIBER GUN MODS 2.1.16) MK46 GWS KIT and 2.1.17) MK46 GWS KIT INSTALL: FY 2025 to FY 2026 increase is attributed to additional MK46 Kit requirements due to the increased number of MK46 in-service Gun Weapon Systems (GWS). The number of in-service MK46 GWS's within the fleet increased to DDG 1000 (3), LCS (12), and LPD 17 (14) ships, which require Installation Kits and associated installation efforts to address fleet obsolescence and software issues.

FY 2026 E5011 MAJOR CALIBER GUN MODS 3.1.1) MK45 MOD 1, 2, &amp; 4 KITS and 3.1.2) MK45 MOD 1, 2. &amp; 4 INSTALL / ILS / PRODUCTION SUPPORT: FY 2025 to FY 2026 increase attributed to additional Major Caliber Kit requirements and associated Installation, Integrated Logisitics Support (ILS), and Production Support to address obsolescence and reliability of aging in-service gun mounts in the fleet.

FY 2026 E5011 MAJOR CALIBER GUN MODS 3.1.4) MK45 Counter Unmanned Aircraft System (C-UAS) MK160/MK20 Integration: This newly established cost element funds an emergent requirement in support of Counter Unmanned Aircraft System (C-UAS) for the integration and fielding of Hypervelocity Projectile (HVP) capability into MK160/MK34. FY2024 CENTCOM Operations Transfer, Israel Security Supplemental (P.L. 118-50, Division A., Sec. 101).

FY 2025 matches the Base for Reprogramming Actions, DD 1414 and does not include supplemental funding from Israel Security Supplemental Appropriations Act, 2024 (Division A of Public Law 118-50). In FY 2025, DON has received $40.000 million for the procurement of the modification of 5-inch Gun Mounts for improved Counter Unmanned Air System (C-UAS) defense to provide continued support of DoD's response to the situation in Israel.</proc:Justification>
        <proc:ItemExhibitList>
            <proc:P5Item>
                <proc:Name>Gun Mount Mods</proc:Name>
                <proc:ItemNumber>1</proc:ItemNumber>
                <proc:ResourceSummary>
                    <proc:TotalCost>
                        <proc:AllPriorYears>471.681</proc:AllPriorYears>
                        <proc:PriorYear>95.282</proc:PriorYear>
                        <proc:CurrentYear>82.246</proc:CurrentYear>
                        <proc:BudgetYearOneBase>83.969</proc:BudgetYearOneBase>
                        <proc:BudgetYearOneOOC>0</proc:BudgetYearOneOOC>
                        <proc:BudgetYearOne>83.969</proc:BudgetYearOne>
                    </proc:TotalCost>
                    <proc:NetProcurementP1>
                        <proc:AllPriorYears>471.681</proc:AllPriorYears>
                        <proc:PriorYear>95.282</proc:PriorYear>
                        <proc:CurrentYear>82.246</proc:CurrentYear>
                        <proc:BudgetYearOneBase>83.969</proc:BudgetYearOneBase>
                        <proc:BudgetYearOneOOC>0</proc:BudgetYearOneOOC>
                        <proc:BudgetYearOne>83.969</proc:BudgetYearOne>
                    </proc:NetProcurementP1>
                    <proc:TotalObligationAuthority>
                        <proc:AllPriorYears>471.681</proc:AllPriorYears>
                        <proc:PriorYear>95.282</proc:PriorYear>
                        <proc:CurrentYear>82.246</proc:CurrentYear>
                        <proc:BudgetYearOneBase>83.969</proc:BudgetYearOneBase>
                        <proc:BudgetYearOneOOC>0</proc:BudgetYearOneOOC>
                        <proc:BudgetYearOne>83.969</proc:BudgetYearOne>
                    </proc:TotalObligationAuthority>
                    <proc:InitialSpares>
                        <proc:PriorYear>3.982</proc:PriorYear>
                        <proc:CurrentYear>4.052</proc:CurrentYear>
                        <proc:BudgetYearOneBase>4.126</proc:BudgetYearOneBase>
                        <proc:BudgetYearOne>4.126</proc:BudgetYearOne>
                    </proc:InitialSpares>
                </proc:ResourceSummary>
                <proc:CostElementCategoryList>
                    <proc:Hardware>
                        <proc:Name>E5002 MEDIUM CALIBER GUN MODS</proc:Name>
                        <proc:Recurring>
                            <proc:CostElementList>
                                <proc:CostElement>
                                    <proc:Name footnote="FY 2026 E5002 MEDIUM CALIBER GUN MODS 1.1.1 FY 2025 to FY2026 increase attributed to additional requirements for Ordnance Alterations (ORDALT) kits, Integrated Logistics Support (ILS), and production engineering for system improvements that affect safety, reliability and maintainability of in-service guns.">1.1.1) MEDIUM CALIBER KITS</proc:Name>
                                    <proc:Cost>
                                        <proc:TotalCost>
                                            <proc:AllPriorYears>29.86</proc:AllPriorYears>
                                            <proc:PriorYear>4.052</proc:PriorYear>
                                            <proc:CurrentYear>4.114</proc:CurrentYear>
                                            <proc:BudgetYearOneBase>4.197</proc:BudgetYearOneBase>
                                            <proc:BudgetYearOne>4.197</proc:BudgetYearOne>
                                        </proc:TotalCost>
                                    </proc:Cost>
                                </proc:CostElement>
                                <proc:CostElement>
                                    <proc:Name>1.1.2) MEDIUM CALIBER GUN</proc:Name>
                                    <proc:Cost>
                                        <proc:TotalCost>
                                            <proc:AllPriorYears>22.021</proc:AllPriorYears>
                                        </proc:TotalCost>
                                    </proc:Cost>
                                </proc:CostElement>
                            </proc:CostElementList>
                            <proc:CategorySubtotal>
                                <proc:TotalCost>
                                    <proc:AllPriorYears>51.881</proc:AllPriorYears>
                                    <proc:PriorYear>4.052</proc:PriorYear>
                                    <proc:CurrentYear>4.114</proc:CurrentYear>
                                    <proc:BudgetYearOneBase>4.197</proc:BudgetYearOneBase>
                                    <proc:BudgetYearOne>4.197</proc:BudgetYearOne>
                                </proc:TotalCost>
                            </proc:CategorySubtotal>
                        </proc:Recurring>
                        <proc:CategorySubtotal>
                            <proc:TotalCost>
                                <proc:AllPriorYears>51.881</proc:AllPriorYears>
                                <proc:PriorYear>4.052</proc:PriorYear>
                                <proc:CurrentYear>4.114</proc:CurrentYear>
                                <proc:BudgetYearOneBase>4.197</proc:BudgetYearOneBase>
                                <proc:BudgetYearOne>4.197</proc:BudgetYearOne>
                            </proc:TotalCost>
                        </proc:CategorySubtotal>
                    </proc:Hardware>
                    <proc:Hardware>
                        <proc:Name>E5006 MINOR CALIBER GUN MODS</proc:Name>
                        <proc:Recurring>
                            <proc:CostElementList>
                                <proc:CostElement>
                                    <proc:Name footnote="FY 2026 E5006 MINOR CALIBER GUN MODS 2.1.1) MK38 COAX ORDALT KIT: This cost element procures the 7.62mm Coaxial Automatic Gun Ordnance Alteration Kit (COAX ORDALT KIT). This upgrade is required for full Counter Unmanned Aerial System (C-UAS) capability. The C-UAS capability is a critical and urgent ship self-defense capability per Joint Urgent Operational Need Statement CC-0558 (JUONS CC-0558). FY 2025 to FY 2026 decrease due to reduced MK38 COAX ORDALT Kit procurement quantities in FY 2026. FY 2024 cancelled procurement to support increased MK38 MOD 4 GWS requirements.">2.1.1) MK38 COAX ORDALT KIT</proc:Name>
                                    <proc:Cost>
                                        <proc:TotalCost>
                                            <proc:AllPriorYears>7.746</proc:AllPriorYears>
                                            <proc:PriorYear>0.477</proc:PriorYear>
                                            <proc:CurrentYear>6.498</proc:CurrentYear>
                                            <proc:BudgetYearOneBase>2.097</proc:BudgetYearOneBase>
                                            <proc:BudgetYearOne>2.097</proc:BudgetYearOne>
                                        </proc:TotalCost>
                                    </proc:Cost>
                                </proc:CostElement>
                                <proc:CostElement>
                                    <proc:Name footnote="FY 2026 E5006 MINOR CALIBER GUN MODS 2.1.2) MK38 COAX ORDALT KIT INSTALL: This cost element installs the COAX ORDALT KITs procured under cost element 2.1.1 MK38 COAX ORDALT KIT. FY 2025 to FY 2026 decrease due to decreased MK38 COAX ORDALT Kit installations in FY 2026.">2.1.2) MK38 COAX ORDALT KIT INSTALL</proc:Name>
                                    <proc:Cost>
                                        <proc:TotalCost>
                                            <proc:AllPriorYears>0.036</proc:AllPriorYears>
                                            <proc:PriorYear>0.024</proc:PriorYear>
                                            <proc:CurrentYear>0.09</proc:CurrentYear>
                                            <proc:BudgetYearOneBase>0.06</proc:BudgetYearOneBase>
                                            <proc:BudgetYearOne>0.06</proc:BudgetYearOne>
                                        </proc:TotalCost>
                                    </proc:Cost>
                                </proc:CostElement>
                                <proc:CostElement>
                                    <proc:Name footnote="FY 2026 E5006 MINOR CALIBER GUN MODS 2.1.3) MK38 MOD 3 CONVERSION KIT: This cost element procures kits to convert fielded MK38 MOD 2 MGS units to MK38 MOD 3 with C-UAS and cybersecurity upgrades. This funds procurement in FY 2026 of QTY 15 MK38 MOD 2 to MOD 3 conversion kits (unit cost $379K), QTY 15 C-UAS kits (unit cost $246K), and QTY 15 2U Toplite EOSS conversion kits (unit cost $121k) that will be installed in FY 2028 and FY 2029. The procurement and installation quantities are based on a 28-month production lead time and ship availability schedules. This effort supports procurement quantities to support eight (8) ships. FY 2025 to FY 2026 decrease due to decreased MK38 MOD 3 Conversion Kit quantities in FY 2026.">2.1.3) MK38 MOD 3 CONVERSION KIT</proc:Name>
                                    <proc:Cost>
                                        <proc:TotalCost>
                                            <proc:AllPriorYears>29.791</proc:AllPriorYears>
                                            <proc:PriorYear>9.462</proc:PriorYear>
                                            <proc:CurrentYear>24.273</proc:CurrentYear>
                                            <proc:BudgetYearOneBase>11.19</proc:BudgetYearOneBase>
                                            <proc:BudgetYearOne>11.19</proc:BudgetYearOne>
                                        </proc:TotalCost>
                                    </proc:Cost>
                                </proc:CostElement>
                                <proc:CostElement>
                                    <proc:Name footnote="FY 2026 E5006 MINOR CALIBER GUN MODS 2.1.4) MK38 MOD 3 CONVERSION KIT FWD FIT INSTALL: This cost element refurbishes and upgrades a 25mm MK38 MOD 2 MGS by installing a MK38 MOD 3 CONVERSION KIT. The newly created MK38 MOD 3 is installed on a new ship as a forward fit. FY 2024 increase and FY 2025 to FY 2026 increase attributed to combined cost to install both the gun mount conversion kit and the EOSS conversion kit to the overall machine gun system.">2.1.4) MK38 MOD 3 CONVERSION KIT FWD FIT INSTALL</proc:Name>
                                    <proc:Cost>
                                        <proc:TotalCost>
                                            <proc:AllPriorYears>0.728</proc:AllPriorYears>
                                            <proc:PriorYear>0.4</proc:PriorYear>
                                            <proc:CurrentYear>0.624</proc:CurrentYear>
                                            <proc:BudgetYearOneBase>1.248</proc:BudgetYearOneBase>
                                            <proc:BudgetYearOne>1.248</proc:BudgetYearOne>
                                        </proc:TotalCost>
                                    </proc:Cost>
                                </proc:CostElement>
                                <proc:CostElement>
                                    <proc:Name footnote="FY 2026 E5006 MINOR CALIBER GUN MODS 2.1.5) MK38 MOD 3 CONVERSION KIT BACKFIT INSTALL: FY 2025 to FY 2026 decrease due to the number of planned backfit installations in FY 2026. This cost element refurbishes and upgrades a 25mm MK38 MOD 2 MGS by installing a MK38 MOD 3 CONVERSION KIT.  The newly created MK38 MOD 3 is installed on a ship, which previously had a MK38 MOD 2 MGS.  This refers to the upgrade from MK38 MOD 2 to MOD 3 of an existing mount on an in-service ship. In FY 2026, this funds the installation of QTY 10 MOD 3 conversion kits to upgrade MK 38 MOD 2 mounts on five (5) ships.">2.1.5) MK38 MOD 3 CONVERSION KIT BACKFIT INSTALL</proc:Name>
                                    <proc:Cost>
                                        <proc:TotalCost>
                                            <proc:AllPriorYears>1.488</proc:AllPriorYears>
                                            <proc:PriorYear>2.4</proc:PriorYear>
                                            <proc:CurrentYear>2.797</proc:CurrentYear>
                                            <proc:BudgetYearOneBase>2.078</proc:BudgetYearOneBase>
                                            <proc:BudgetYearOne>2.078</proc:BudgetYearOne>
                                        </proc:TotalCost>
                                    </proc:Cost>
                                </proc:CostElement>
                                <proc:CostElement>
                                    <proc:Name footnote="FY 2026 E5006 MINOR CALIBER GUN MODS 2.1.6) MK38 GUN KITS ILS/TEST/PRODUCTION SUPT: This cost element funds element support of MK 38 MOD2 through MOD4 MGS during production and testing prior to installation onboard a ship. FY 2025 to FY 2026 decrease attributed to initial development of supporting products for MOD4 backfit installations completed in FY 2025.  In FY 2026, Other Customer Funds (OCF) from new construction hulls will offset MK38 WPN funding requirements.">2.1.6) MK38 GUN KITS ILS / TEST / PRODUCTION SUPT (Surface Warfare)</proc:Name>
                                    <proc:Cost>
                                        <proc:TotalCost>
                                            <proc:AllPriorYears>49.85</proc:AllPriorYears>
                                            <proc:PriorYear>21.02</proc:PriorYear>
                                            <proc:CurrentYear>3.183</proc:CurrentYear>
                                            <proc:BudgetYearOneBase>2.435</proc:BudgetYearOneBase>
                                            <proc:BudgetYearOne>2.435</proc:BudgetYearOne>
                                        </proc:TotalCost>
                                    </proc:Cost>
                                </proc:CostElement>
                                <proc:CostElement>
                                    <proc:Name footnote="FY 2026 E5006 MINOR CALIBER GUN MODS 2.1.7) MK38 UPGRADE LOGISTICS SUPT: This cost element funds development of integrated logistics support certification, ship change directive development, technical manual updates, provisioning support, and other logistics efforts required to support the system while installed onboard a ship. FY 2025 to FY 2026 increase attributed to increased cost associated with the management of multiple system configurations between MK38 MOD2 through MK38 MOD4.">2.1.7) MK38 UPGRADE LOGISTICS SUPT</proc:Name>
                                    <proc:Cost>
                                        <proc:TotalCost>
                                            <proc:AllPriorYears>19.138</proc:AllPriorYears>
                                            <proc:PriorYear>2.992</proc:PriorYear>
                                            <proc:CurrentYear>1.268</proc:CurrentYear>
                                            <proc:BudgetYearOneBase>4.142</proc:BudgetYearOneBase>
                                            <proc:BudgetYearOne>4.142</proc:BudgetYearOne>
                                        </proc:TotalCost>
                                    </proc:Cost>
                                </proc:CostElement>
                                <proc:CostElement>
                                    <proc:Name footnote="FY 2026 E5006 MINOR CALIBER GUN MODS 2.1.8) TECH REFRESH: Increase from FY2025 to FY2026 due to increased engineering change proposal requirements required to mitigate increased obsolescence issues, multiple system configurations, and software upgrades.">2.1.8) MK38 TECH REFRESH</proc:Name>
                                    <proc:Cost>
                                        <proc:TotalCost>
                                            <proc:AllPriorYears>20.893</proc:AllPriorYears>
                                            <proc:PriorYear>8.234</proc:PriorYear>
                                            <proc:CurrentYear>3.25</proc:CurrentYear>
                                            <proc:BudgetYearOneBase>5.064</proc:BudgetYearOneBase>
                                            <proc:BudgetYearOne>5.064</proc:BudgetYearOne>
                                        </proc:TotalCost>
                                    </proc:Cost>
                                </proc:CostElement>
                                <proc:CostElement>
                                    <proc:Name footnote="FY 2026 E5006 MINOR CALIBER GUN MODS 2.1.9) MK38 MOD 4 GWS: Cost to procure MK38 MOD 4 GWS. This cost element previously funded the procurement of eight (8) MK38 MOD 4 GWS (unit cost $3.550K) in FY 2026 to meet the fielding requirements. This effort supports fielding of critical C-UAS and C-USV capability to four (4) DDG 51 ships. FY 2025 to FY 2026 decrease is due to properly separating the 4 subsystems being used to fund MOD4. See new Cost elements 2.1.10-2.1.13 for the MK38 MOD4 Gun Mount, EOSS, Cannon, and Consoles breakout across the FYDP.">2.1.9) MK38 MOD 4 GWS</proc:Name>
                                    <proc:Cost>
                                        <proc:TotalCost>
                                            <proc:CurrentYear>13.92</proc:CurrentYear>
                                        </proc:TotalCost>
                                    </proc:Cost>
                                </proc:CostElement>
                                <proc:CostElement>
                                    <proc:Name footnote="FY 2026 E5006 MINOR CALIBER GUN MODS 2.1.10) MK38 MOD 4 GUN MOUNT: This cost element funds the procurement of eight (8) MK38 MOD 4 Gun Mounts (unit cost $1.553K) in FY 2026 to meet the fielding requirements. This effort supports fielding of critical C-UAS and C-USV capability to four (4) DDG 51 ships. FY 2025 to FY 2026 increase is due to separating the previously funded MOD 4 GWS (2.1.9) to the 4 individual subsystems currently being used to fund MOD4 as well as known vice anticipated costs for hardware for this subsystem.">2.1.10) MK38 MOD 4 GUN MOUNT</proc:Name>
                                    <proc:Cost>
                                        <proc:Quantity>
                                            <proc:AllPriorYears>10</proc:AllPriorYears>
                                            <proc:BudgetYearOneBase>8</proc:BudgetYearOneBase>
                                            <proc:BudgetYearOne>8</proc:BudgetYearOne>
                                        </proc:Quantity>
                                        <proc:TotalCost>
                                            <proc:AllPriorYears>14.921</proc:AllPriorYears>
                                            <proc:BudgetYearOneBase>12.424</proc:BudgetYearOneBase>
                                            <proc:BudgetYearOne>12.424</proc:BudgetYearOne>
                                        </proc:TotalCost>
                                        <proc:UnitCost>
                                            <proc:AllPriorYears>1492100</proc:AllPriorYears>
                                            <proc:BudgetYearOneBase>1553000</proc:BudgetYearOneBase>
                                            <proc:BudgetYearOne>1553000</proc:BudgetYearOne>
                                        </proc:UnitCost>
                                    </proc:Cost>
                                    <proc:AllPriorYearsDeliveries>10</proc:AllPriorYearsDeliveries>
                                    <proc:ManufacturerList>
                                        <proc:Manufacturer>
                                            <proc:Name>MSI Defense Systems</proc:Name>
                                            <proc:Location>ROCK HILL, SC</proc:Location>
                                            <proc:MinimumSustainingRate>5</proc:MinimumSustainingRate>
                                            <proc:MaximumProductionRate>24</proc:MaximumProductionRate>
                                            <proc:Rate185>10</proc:Rate185>
                                            <proc:InitialQuantity>
                                                <proc:AdminLeadTimeBeforeOct1InMonths>6</proc:AdminLeadTimeBeforeOct1InMonths>
                                                <proc:AdminLeadTimeAfterOct1InMonths>6</proc:AdminLeadTimeAfterOct1InMonths>
                                                <proc:ProductionLeadTimeAfterOct1InMonths>12</proc:ProductionLeadTimeAfterOct1InMonths>
                                                <proc:TotalLeadTimeAfterOct1InMonths>18</proc:TotalLeadTimeAfterOct1InMonths>
                                            </proc:InitialQuantity>
                                            <proc:ReorderQuantity>
                                                <proc:AdminLeadTimeBeforeOct1InMonths>8</proc:AdminLeadTimeBeforeOct1InMonths>
                                                <proc:AdminLeadTimeAfterOct1InMonths>8</proc:AdminLeadTimeAfterOct1InMonths>
                                                <proc:ProductionLeadTimeAfterOct1InMonths>16</proc:ProductionLeadTimeAfterOct1InMonths>
                                                <proc:TotalLeadTimeAfterOct1InMonths>24</proc:TotalLeadTimeAfterOct1InMonths>
                                            </proc:ReorderQuantity>
                                            <proc:HistoryPlanningList>
                                                <proc:HistoryPlanning>
                                                    <proc:FiscalYear>2026</proc:FiscalYear>
                                                    <proc:PCOLocation>NSWC IH</proc:PCOLocation>
                                                    <proc:AwardDate>2026-08</proc:AwardDate>
                                                    <proc:FirstDeliveryDate>2027-08</proc:FirstDeliveryDate>
                                                    <proc:Quantity>8</proc:Quantity>
                                                    <proc:UnitCost>1553000.00</proc:UnitCost>
                                                    <proc:SpecsAvailableNow>true</proc:SpecsAvailableNow>
                                                    <proc:RFPIssueDate>2026-01</proc:RFPIssueDate>
                                                    <proc:ContractMethod>C</proc:ContractMethod>
                                                    <proc:ContractType>FFP</proc:ContractType>
                                                    <proc:MonthlyDeliveryScheduleList>
                                                        <proc:MonthlyDeliverySchedule>
                                                            <proc:ServiceAgencyName>Navy</proc:ServiceAgencyName>
                                                            <proc:ProcQuantity>8</proc:ProcQuantity>
                                                            <proc:MonthlyDeliveryList>
                                                                <proc:MonthlyDelivery>
                                                                    <proc:Month>2027-08</proc:Month>
                                                                    <proc:Amount>3</proc:Amount>
                                                                </proc:MonthlyDelivery>
                                                                <proc:MonthlyDelivery>
                                                                    <proc:Month>2027-09</proc:Month>
                                                                    <proc:Amount>3</proc:Amount>
                                                                </proc:MonthlyDelivery>
                                                                <proc:MonthlyDelivery>
                                                                    <proc:Month>2027-10</proc:Month>
                                                                    <proc:Amount>2</proc:Amount>
                                                                </proc:MonthlyDelivery>
                                                            </proc:MonthlyDeliveryList>
                                                        </proc:MonthlyDeliverySchedule>
                                                    </proc:MonthlyDeliveryScheduleList>
                                                </proc:HistoryPlanning>
                                            </proc:HistoryPlanningList>
                                        </proc:Manufacturer>
                                    </proc:ManufacturerList>
                                </proc:CostElement>
                                <proc:CostElement>
                                    <proc:Name footnote="FY 2026 E5006 MINOR CALIBER GUN MODS 2.1.11) MK38 MOD 4 EOSS: This cost element funds the procurement of nine (9) MK38 MOD 4 EOSS (unit cost $1.142K) in FY 2026 to meet the fielding requirements. This effort supports fielding of critical C-UAS and C-USV capability to four (4) DDG 51 ships. FY 2025 to FY 2026 increase is due to separating the previously funded MOD 4 GWS (2.1.9) to the 4 individual subsystems currently being used to fund MOD4 as well as known vice anticipated costs for hardware for this subsystem.">2.1.11) MK38 MOD 4 EOSS</proc:Name>
                                    <proc:Cost>
                                        <proc:Quantity>
                                            <proc:AllPriorYears>13</proc:AllPriorYears>
                                            <proc:BudgetYearOneBase>9</proc:BudgetYearOneBase>
                                            <proc:BudgetYearOne>9</proc:BudgetYearOne>
                                        </proc:Quantity>
                                        <proc:TotalCost>
                                            <proc:AllPriorYears>10.177</proc:AllPriorYears>
                                            <proc:BudgetYearOneBase>10.278</proc:BudgetYearOneBase>
                                            <proc:BudgetYearOne>10.278</proc:BudgetYearOne>
                                        </proc:TotalCost>
                                        <proc:UnitCost>
                                            <proc:AllPriorYears>782846.15</proc:AllPriorYears>
                                            <proc:BudgetYearOneBase>1142000</proc:BudgetYearOneBase>
                                            <proc:BudgetYearOne>1142000</proc:BudgetYearOne>
                                        </proc:UnitCost>
                                    </proc:Cost>
                                    <proc:AllPriorYearsDeliveries>13</proc:AllPriorYearsDeliveries>
                                    <proc:ManufacturerList>
                                        <proc:Manufacturer>
                                            <proc:Name>MSI Defense Systems</proc:Name>
                                            <proc:Location>ROCK HILL, SC</proc:Location>
                                            <proc:MinimumSustainingRate>5</proc:MinimumSustainingRate>
                                            <proc:MaximumProductionRate>36</proc:MaximumProductionRate>
                                            <proc:Rate185>10</proc:Rate185>
                                            <proc:InitialQuantity>
                                                <proc:AdminLeadTimeBeforeOct1InMonths>6</proc:AdminLeadTimeBeforeOct1InMonths>
                                                <proc:AdminLeadTimeAfterOct1InMonths>6</proc:AdminLeadTimeAfterOct1InMonths>
                                                <proc:ProductionLeadTimeAfterOct1InMonths>12</proc:ProductionLeadTimeAfterOct1InMonths>
                                                <proc:TotalLeadTimeAfterOct1InMonths>18</proc:TotalLeadTimeAfterOct1InMonths>
                                            </proc:InitialQuantity>
                                            <proc:ReorderQuantity>
                                                <proc:AdminLeadTimeBeforeOct1InMonths>8</proc:AdminLeadTimeBeforeOct1InMonths>
                                                <proc:AdminLeadTimeAfterOct1InMonths>8</proc:AdminLeadTimeAfterOct1InMonths>
                                                <proc:ProductionLeadTimeAfterOct1InMonths>16</proc:ProductionLeadTimeAfterOct1InMonths>
                                                <proc:TotalLeadTimeAfterOct1InMonths>24</proc:TotalLeadTimeAfterOct1InMonths>
                                            </proc:ReorderQuantity>
                                            <proc:HistoryPlanningList>
                                                <proc:HistoryPlanning>
                                                    <proc:FiscalYear>2026</proc:FiscalYear>
                                                    <proc:PCOLocation>NSWC IH</proc:PCOLocation>
                                                    <proc:AwardDate>2026-08</proc:AwardDate>
                                                    <proc:FirstDeliveryDate>2027-08</proc:FirstDeliveryDate>
                                                    <proc:Quantity>9</proc:Quantity>
                                                    <proc:UnitCost>1142000.00</proc:UnitCost>
                                                    <proc:SpecsAvailableNow>true</proc:SpecsAvailableNow>
                                                    <proc:RFPIssueDate>2026-01</proc:RFPIssueDate>
                                                    <proc:ContractMethod>C</proc:ContractMethod>
                                                    <proc:ContractType>FFP</proc:ContractType>
                                                    <proc:MonthlyDeliveryScheduleList>
                                                        <proc:MonthlyDeliverySchedule>
                                                            <proc:ServiceAgencyName>Navy</proc:ServiceAgencyName>
                                                            <proc:ProcQuantity>9</proc:ProcQuantity>
                                                            <proc:MonthlyDeliveryList>
                                                                <proc:MonthlyDelivery>
                                                                    <proc:Month>2027-08</proc:Month>
                                                                    <proc:Amount>2</proc:Amount>
                                                                </proc:MonthlyDelivery>
                                                                <proc:MonthlyDelivery>
                                                                    <proc:Month>2027-09</proc:Month>
                                                                    <proc:Amount>2</proc:Amount>
                                                                </proc:MonthlyDelivery>
                                                                <proc:MonthlyDelivery>
                                                                    <proc:Month>2027-10</proc:Month>
                                                                    <proc:Amount>2</proc:Amount>
                                                                </proc:MonthlyDelivery>
                                                                <proc:MonthlyDelivery>
                                                                    <proc:Month>2027-11</proc:Month>
                                                                    <proc:Amount>2</proc:Amount>
                                                                </proc:MonthlyDelivery>
                                                                <proc:MonthlyDelivery>
                                                                    <proc:Month>2027-12</proc:Month>
                                                                    <proc:Amount>1</proc:Amount>
                                                                </proc:MonthlyDelivery>
                                                            </proc:MonthlyDeliveryList>
                                                        </proc:MonthlyDeliverySchedule>
                                                    </proc:MonthlyDeliveryScheduleList>
                                                </proc:HistoryPlanning>
                                            </proc:HistoryPlanningList>
                                        </proc:Manufacturer>
                                    </proc:ManufacturerList>
                                </proc:CostElement>
                                <proc:CostElement>
                                    <proc:Name footnote="FY 2026 E5006 MINOR CALIBER GUN MODS 2.1.12) MK38 MOD 4 CANNON: This cost element funds the procurement of eight (8) MK38 MOD 4 CANNON (unit cost $302K) in FY 2026 to meet the fielding requirements. This effort supports fielding of critical C-UAS and C-USV capability to four (4) DDG 51 ships FY 2025 to FY 2026 increase is due to separating the previously funded MOD 4 GWS (2.1.9) to the 4 individual subsystems currently being used to fund MOD4 as well as known vice anticipated costs for hardware for this subsystem.">2.1.12) MK38 MOD 4 CANNON</proc:Name>
                                    <proc:Cost>
                                        <proc:Quantity>
                                            <proc:AllPriorYears>8</proc:AllPriorYears>
                                            <proc:BudgetYearOneBase>8</proc:BudgetYearOneBase>
                                            <proc:BudgetYearOne>8</proc:BudgetYearOne>
                                        </proc:Quantity>
                                        <proc:TotalCost>
                                            <proc:AllPriorYears>1.829</proc:AllPriorYears>
                                            <proc:PriorYear>6.152</proc:PriorYear>
                                            <proc:BudgetYearOneBase>2.416</proc:BudgetYearOneBase>
                                            <proc:BudgetYearOne>2.416</proc:BudgetYearOne>
                                        </proc:TotalCost>
                                        <proc:UnitCost>
                                            <proc:AllPriorYears>228625</proc:AllPriorYears>
                                            <proc:BudgetYearOneBase>302000</proc:BudgetYearOneBase>
                                            <proc:BudgetYearOne>302000</proc:BudgetYearOne>
                                        </proc:UnitCost>
                                    </proc:Cost>
                                    <proc:AllPriorYearsDeliveries>8</proc:AllPriorYearsDeliveries>
                                    <proc:ManufacturerList>
                                        <proc:Manufacturer>
                                            <proc:Name>NORTHROP GRUMMAN INNOVATION SYSTEMS</proc:Name>
                                            <proc:Location>Mesa, AZ</proc:Location>
                                            <proc:HistoryPlanningList>
                                                <proc:HistoryPlanning>
                                                    <proc:FiscalYear>2026</proc:FiscalYear>
                                                    <proc:PCOLocation>NSWC CRANE</proc:PCOLocation>
                                                    <proc:AwardDate>2026-05</proc:AwardDate>
                                                    <proc:FirstDeliveryDate>2027-07</proc:FirstDeliveryDate>
                                                    <proc:Quantity>8</proc:Quantity>
                                                    <proc:UnitCost>302000.00</proc:UnitCost>
                                                    <proc:SpecsAvailableNow>true</proc:SpecsAvailableNow>
                                                    <proc:RFPIssueDate>2025-07</proc:RFPIssueDate>
                                                    <proc:ContractMethod>C</proc:ContractMethod>
                                                    <proc:ContractType>FFP</proc:ContractType>
                                                </proc:HistoryPlanning>
                                            </proc:HistoryPlanningList>
                                        </proc:Manufacturer>
                                    </proc:ManufacturerList>
                                </proc:CostElement>
                                <proc:CostElement>
                                    <proc:Name footnote="FY 2026 E5006 MINOR CALIBER GUN MODS 2.1.13) MK38 MOD 4 CONSOLE-DALHGREN WFC EFFORTS. This cost element funds the procurement of nine (9) MK38 MOD 4 Console (unit cost $332K) in FY 2026 to meet the fielding requirements. This effort supports fielding of critical C-UAS and C-USV capability to four (4) DDG 51 ships. FY 2025 to FY 2026 increase is due to separating the previously funded MOD 4 GWS (2.1.9) to the 4 individual subsystems currently being used to fund MOD4 as well as known vice anticipated costs for hardware for this subsystem.">2.1.13) MK38 MOD4 CONSOLE</proc:Name>
                                    <proc:Cost>
                                        <proc:Quantity>
                                            <proc:AllPriorYears>17</proc:AllPriorYears>
                                            <proc:PriorYear>9</proc:PriorYear>
                                            <proc:BudgetYearOneBase>9</proc:BudgetYearOneBase>
                                            <proc:BudgetYearOne>9</proc:BudgetYearOne>
                                        </proc:Quantity>
                                        <proc:TotalCost>
                                            <proc:AllPriorYears>10.131</proc:AllPriorYears>
                                            <proc:PriorYear>7.443</proc:PriorYear>
                                            <proc:BudgetYearOneBase>2.988</proc:BudgetYearOneBase>
                                            <proc:BudgetYearOne>2.988</proc:BudgetYearOne>
                                        </proc:TotalCost>
                                        <proc:UnitCost>
                                            <proc:AllPriorYears>595941.18</proc:AllPriorYears>
                                            <proc:PriorYear>827000</proc:PriorYear>
                                            <proc:BudgetYearOneBase>332000</proc:BudgetYearOneBase>
                                            <proc:BudgetYearOne>332000</proc:BudgetYearOne>
                                        </proc:UnitCost>
                                    </proc:Cost>
                                    <proc:AllPriorYearsDeliveries>17</proc:AllPriorYearsDeliveries>
                                    <proc:ManufacturerList>
                                        <proc:Manufacturer>
                                            <proc:Name>TBD</proc:Name>
                                            <proc:Location>TBD</proc:Location>
                                            <proc:HistoryPlanningList>
                                                <proc:HistoryPlanning>
                                                    <proc:FiscalYear>2026</proc:FiscalYear>
                                                    <proc:PCOLocation>TBD</proc:PCOLocation>
                                                    <proc:AwardDate>2025-10</proc:AwardDate>
                                                    <proc:FirstDeliveryDate>2026-10</proc:FirstDeliveryDate>
                                                    <proc:Quantity>9</proc:Quantity>
                                                    <proc:UnitCost>332000.00</proc:UnitCost>
                                                    <proc:SpecsAvailableNow>true</proc:SpecsAvailableNow>
                                                    <proc:RFPIssueDate>2024-01</proc:RFPIssueDate>
                                                    <proc:ContractMethod>C</proc:ContractMethod>
                                                    <proc:ContractType>TBD</proc:ContractType>
                                                </proc:HistoryPlanning>
                                            </proc:HistoryPlanningList>
                                        </proc:Manufacturer>
                                        <proc:Manufacturer>
                                            <proc:Name>BAE</proc:Name>
                                            <proc:Location>California, MD</proc:Location>
                                            <proc:HistoryPlanningList>
                                                <proc:HistoryPlanning>
                                                    <proc:FiscalYear>2024</proc:FiscalYear>
                                                    <proc:PCOLocation>NAWC AD</proc:PCOLocation>
                                                    <proc:AwardDate>2024-12</proc:AwardDate>
                                                    <proc:FirstDeliveryDate>2025-03</proc:FirstDeliveryDate>
                                                    <proc:Quantity>9</proc:Quantity>
                                                    <proc:UnitCost>827000.00</proc:UnitCost>
                                                    <proc:SpecsAvailableNow>true</proc:SpecsAvailableNow>
                                                    <proc:RFPIssueDate>2024-01</proc:RFPIssueDate>
                                                    <proc:ContractMethod>C</proc:ContractMethod>
                                                    <proc:ContractType>CPFF</proc:ContractType>
                                                </proc:HistoryPlanning>
                                            </proc:HistoryPlanningList>
                                        </proc:Manufacturer>
                                    </proc:ManufacturerList>
                                </proc:CostElement>
                                <proc:CostElement>
                                    <proc:Name footnote="FY 2026 E5006 MINOR CALIBER GUN MODS 2.1.14) MK38 MOD 4 GWS INSTALL PLANNING: Cost to conduct installation planning to field MK38 MOD 4 GWS on DDG 51 ships. Installation planning includes development of installation drawings and topside analysis. This cost element funds all efforts required to plan the installations of the gun systems on their respective ships. This includes development of a ship installation drawing package, which is required to start 22 months before installation and takes 7.5 months to develop, since it involves ship checks and extensive safety and engineering analysis. This effort supports fielding of critical C-UAS and CUSV capability to four (4) DDG 51 ships.">2.1.14) MK38 MOD 4 GWS INSTALL PLANNING</proc:Name>
                                    <proc:Cost>
                                        <proc:TotalCost>
                                            <proc:AllPriorYears>3.488</proc:AllPriorYears>
                                            <proc:PriorYear>0.958</proc:PriorYear>
                                            <proc:CurrentYear>1.457</proc:CurrentYear>
                                            <proc:BudgetYearOneBase>1.485</proc:BudgetYearOneBase>
                                            <proc:BudgetYearOne>1.485</proc:BudgetYearOne>
                                        </proc:TotalCost>
                                    </proc:Cost>
                                </proc:CostElement>
                                <proc:CostElement>
                                    <proc:Name footnote="FY 2026 E5006 MINOR CALIBER GUN MODS 2.1.15) MK38 MOD 4 GWS INSTALLATION: FY 2025 to FY 2026 increase attributed to deployment of initial operating capability (IOC) MK38 MOD4 systems on four (4) DDG-51 ships in FY 2026.">2.1.15) MK38 MOD 4 GWS INSTALLATION</proc:Name>
                                    <proc:Cost>
                                        <proc:TotalCost>
                                            <proc:AllPriorYears>9.491</proc:AllPriorYears>
                                            <proc:PriorYear>5.217</proc:PriorYear>
                                            <proc:CurrentYear>6.6</proc:CurrentYear>
                                            <proc:BudgetYearOneBase>7.344</proc:BudgetYearOneBase>
                                            <proc:BudgetYearOne>7.344</proc:BudgetYearOne>
                                        </proc:TotalCost>
                                    </proc:Cost>
                                </proc:CostElement>
                                <proc:CostElement>
                                    <proc:Name footnote="FY 2026 E5006 MINOR CALIBER GUN MODS 2.1.16) MK46 GWS KIT FY 2025 to FY 2026 increase is attributed to additional MK46 Kit requirements due to the increased number of MK46 in-service Gun Weapon Systems (GWS). The number of in-service MK46 GWS's within the fleet increased to DDG 1000 (3), LCS (12), and LPD 17 (14) ships, which require Installation Kits and associated installation efforts to address fleet obsolescence and software issues.">2.1.16) MK46 GWS KITS</proc:Name>
                                    <proc:Cost>
                                        <proc:TotalCost>
                                            <proc:AllPriorYears>30.196</proc:AllPriorYears>
                                            <proc:PriorYear>3.556</proc:PriorYear>
                                            <proc:CurrentYear>3.68</proc:CurrentYear>
                                            <proc:BudgetYearOneBase>3.802</proc:BudgetYearOneBase>
                                            <proc:BudgetYearOne>3.802</proc:BudgetYearOne>
                                        </proc:TotalCost>
                                    </proc:Cost>
                                </proc:CostElement>
                                <proc:CostElement>
                                    <proc:Name footnote="FY 2026 E5006 MINOR CALIBER GUN MODS 2.1.17) MK46 GWS KIT INSTALL FY 2025 to FY 2026 increase is attributed to additional MK46 Kit installation requirements due to the increased number of MK46 in-service Gun Weapon Systems (GWS). The number of in-service MK46 GWS's within the fleet increased to DDG 1000 (3), LCS (12), and LPD 17 (14) ships, which require Installation Kits and associated installation efforts to address fleet obsolescence and software issues.">2.1.17) MK46 GWS KIT INSTALL</proc:Name>
                                    <proc:Cost>
                                        <proc:TotalCost>
                                            <proc:AllPriorYears>5.26</proc:AllPriorYears>
                                            <proc:PriorYear>0.9</proc:PriorYear>
                                            <proc:CurrentYear>0.916</proc:CurrentYear>
                                            <proc:BudgetYearOneBase>0.95</proc:BudgetYearOneBase>
                                            <proc:BudgetYearOne>0.95</proc:BudgetYearOne>
                                        </proc:TotalCost>
                                    </proc:Cost>
                                </proc:CostElement>
                            </proc:CostElementList>
                            <proc:CategorySubtotal>
                                <proc:TotalCost>
                                    <proc:AllPriorYears>215.163</proc:AllPriorYears>
                                    <proc:PriorYear>69.235</proc:PriorYear>
                                    <proc:CurrentYear>68.556</proc:CurrentYear>
                                    <proc:BudgetYearOneBase>70.001</proc:BudgetYearOneBase>
                                    <proc:BudgetYearOne>70.001</proc:BudgetYearOne>
                                </proc:TotalCost>
                            </proc:CategorySubtotal>
                        </proc:Recurring>
                        <proc:CategorySubtotal>
                            <proc:TotalCost>
                                <proc:AllPriorYears>215.163</proc:AllPriorYears>
                                <proc:PriorYear>69.235</proc:PriorYear>
                                <proc:CurrentYear>68.556</proc:CurrentYear>
                                <proc:BudgetYearOneBase>70.001</proc:BudgetYearOneBase>
                                <proc:BudgetYearOne>70.001</proc:BudgetYearOne>
                            </proc:TotalCost>
                        </proc:CategorySubtotal>
                    </proc:Hardware>
                    <proc:Hardware>
                        <proc:Name>E5011 MAJOR CALIBER GUN MODS</proc:Name>
                        <proc:Recurring>
                            <proc:CostElementList>
                                <proc:CostElement>
                                    <proc:Name footnote="FY 2026 E5011 MAJOR CALIBER GUN MODS 3.1.1) MK45 MOD 1, 2, &amp; 4 KITS: FY 2025 to FY 2026 increase attributed to additional Major Caliber Kit requirements to address obsolescence and reliability of aging in-service gun mounts in the fleet.">3.1.1) MK45 MOD 1, 2 &amp; 4 KITS</proc:Name>
                                    <proc:Cost>
                                        <proc:TotalCost>
                                            <proc:AllPriorYears>67.08</proc:AllPriorYears>
                                            <proc:PriorYear>6.181</proc:PriorYear>
                                            <proc:CurrentYear>6.309</proc:CurrentYear>
                                            <proc:BudgetYearOneBase>6.425</proc:BudgetYearOneBase>
                                            <proc:BudgetYearOne>6.425</proc:BudgetYearOne>
                                        </proc:TotalCost>
                                    </proc:Cost>
                                </proc:CostElement>
                                <proc:CostElement>
                                    <proc:Name footnote="FY 2026 E5011 MAJOR CALIBER GUN MODS 3.1.2) MK45 MOD 1, 2. &amp; 4 INSTALL / ILS / PRODUCTION SUPPORT: FY 2025 to FY 2026 increase attributed to additional Major Caliber Kit requirements and associated Installation, Integrated Logisitics Support (ILS), and Production Support to address obsolescence and reliability of aging in-service gun mounts in the fleet.">3.1.2) MK45 MOD 1 , 2 &amp; 4 INSTALL / ILS / PROD SUPT</proc:Name>
                                    <proc:Cost>
                                        <proc:TotalCost>
                                            <proc:AllPriorYears>36.135</proc:AllPriorYears>
                                            <proc:PriorYear>3.214</proc:PriorYear>
                                            <proc:CurrentYear>3.267</proc:CurrentYear>
                                            <proc:BudgetYearOneBase>3.346</proc:BudgetYearOneBase>
                                            <proc:BudgetYearOne>3.346</proc:BudgetYearOne>
                                        </proc:TotalCost>
                                    </proc:Cost>
                                </proc:CostElement>
                                <proc:CostElement>
                                    <proc:Name>3.1.3) MK45 GM CG MOD</proc:Name>
                                    <proc:Cost>
                                        <proc:TotalCost>
                                            <proc:AllPriorYears>16.322</proc:AllPriorYears>
                                        </proc:TotalCost>
                                    </proc:Cost>
                                </proc:CostElement>
                                <proc:CostElement>
                                    <proc:Name footnote="FY 2026 E5011 MAJOR CALIBER GUN MODS 3.1.4) MK45 Counter Unmanned Aircraft System (C-UAS) MK160/MK20 Integration: This newly established cost element funds an emergent requirement in support of Counter Unmanned Aircraft System (C-UAS) for the integration and fielding of Hypervelocity Projectile (HVP) capability into MK160/MK34. FY2024 CENTCOM Operations Transfer, Israel Security Supplemental (P.L. 118-50, Division A., Sec. 101).">3.1.4) M45 C-UAS MK160/MK20 INTEGRATION</proc:Name>
                                    <proc:Cost>
                                        <proc:TotalCost>
                                            <proc:AllPriorYears>2</proc:AllPriorYears>
                                            <proc:PriorYear>12.6</proc:PriorYear>
                                        </proc:TotalCost>
                                    </proc:Cost>
                                </proc:CostElement>
                            </proc:CostElementList>
                            <proc:CategorySubtotal>
                                <proc:TotalCost>
                                    <proc:AllPriorYears>121.537</proc:AllPriorYears>
                                    <proc:PriorYear>21.995</proc:PriorYear>
                                    <proc:CurrentYear>9.576</proc:CurrentYear>
                                    <proc:BudgetYearOneBase>9.771</proc:BudgetYearOneBase>
                                    <proc:BudgetYearOne>9.771</proc:BudgetYearOne>
                                </proc:TotalCost>
                            </proc:CategorySubtotal>
                        </proc:Recurring>
                        <proc:CategorySubtotal>
                            <proc:TotalCost>
                                <proc:AllPriorYears>121.537</proc:AllPriorYears>
                                <proc:PriorYear>21.995</proc:PriorYear>
                                <proc:CurrentYear>9.576</proc:CurrentYear>
                                <proc:BudgetYearOneBase>9.771</proc:BudgetYearOneBase>
                                <proc:BudgetYearOne>9.771</proc:BudgetYearOne>
                            </proc:TotalCost>
                        </proc:CategorySubtotal>
                    </proc:Hardware>
                    <proc:Hardware>
                        <proc:Name>E5CON BALLISTIC SHIELDING</proc:Name>
                        <proc:NonRecurring>
                            <proc:CostElementList>
                                <proc:CostElement>
                                    <proc:Name>4.1.1) BALLISTIC SHIELDING HARDWARE/INSTALLATION</proc:Name>
                                    <proc:Cost>
                                        <proc:TotalCost>
                                            <proc:AllPriorYears>83.1</proc:AllPriorYears>
                                        </proc:TotalCost>
                                    </proc:Cost>
                                </proc:CostElement>
                            </proc:CostElementList>
                            <proc:CategorySubtotal>
                                <proc:TotalCost>
                                    <proc:AllPriorYears>83.1</proc:AllPriorYears>
                                </proc:TotalCost>
                            </proc:CategorySubtotal>
                        </proc:NonRecurring>
                        <proc:CategorySubtotal>
                            <proc:TotalCost>
                                <proc:AllPriorYears>83.1</proc:AllPriorYears>
                            </proc:TotalCost>
                        </proc:CategorySubtotal>
                    </proc:Hardware>
                </proc:CostElementCategoryList>
            </proc:P5Item>
        </proc:ItemExhibitList>
        <proc:DocumentAssemblyOptions>
            <proc:p40AItemScheduleSetting>total</proc:p40AItemScheduleSetting>
        </proc:DocumentAssemblyOptions>
    </proc:LineItem>
</proc:LineItemList>