<?xml version="1.0" encoding="UTF-8"?>
<proc:LineItemList xmlns:proc="http://www.dtic.mil/comptroller/xml/schema/20100219/procurement">
    <proc:LineItem quantityUnits="Each" unitCostUnits="Thousands" totalCostUnits="Millions" manufacturerRateUnits="Yearly" suppressOutfittingDeliveryBY2ToBY5="true">
        <proc:LineItemNumber>2206</proc:LineItemNumber>
        <proc:LineItemTitle>AMRAAM</proc:LineItemTitle>
        <proc:P1LineNumber>7</proc:P1LineNumber>
        <proc:BudgetYear>2026</proc:BudgetYear>
        <proc:BudgetCycle>PB</proc:BudgetCycle>
        <proc:SubmissionDate>2025-06</proc:SubmissionDate>
        <proc:ServiceAgencyName>Navy</proc:ServiceAgencyName>
        <proc:AppropriationNumber>1507N</proc:AppropriationNumber>
        <proc:AppropriationTitle>Weapons Procurement, Navy</proc:AppropriationTitle>
        <proc:BudgetActivityNumber>2</proc:BudgetActivityNumber>
        <proc:BudgetActivityTitle>Other Missiles</proc:BudgetActivityTitle>
        <proc:BudgetSubActivityNumber>2</proc:BudgetSubActivityNumber>
        <proc:BudgetSubActivityTitle>Tactical Missiles</proc:BudgetSubActivityTitle>
        <proc:ResourceSummary>
            <proc:Quantity>
                <proc:AllPriorYears>3674</proc:AllPriorYears>
                <proc:PriorYear>300</proc:PriorYear>
                <proc:CurrentYear>181</proc:CurrentYear>
                <proc:BudgetYearOneBase>51</proc:BudgetYearOneBase>
                <proc:BudgetYearOne>51</proc:BudgetYearOne>
            </proc:Quantity>
            <proc:TotalCost>
                <proc:AllPriorYears>3741.193</proc:AllPriorYears>
                <proc:PriorYear>385.678</proc:PriorYear>
                <proc:CurrentYear>191.493</proc:CurrentYear>
                <proc:BudgetYearOneBase>69.913</proc:BudgetYearOneBase>
                <proc:BudgetYearOneOOC>0</proc:BudgetYearOneOOC>
                <proc:BudgetYearOne>69.913</proc:BudgetYearOne>
            </proc:TotalCost>
            <proc:NetProcurementP1>
                <proc:AllPriorYears>3741.193</proc:AllPriorYears>
                <proc:PriorYear>385.678</proc:PriorYear>
                <proc:CurrentYear>191.493</proc:CurrentYear>
                <proc:BudgetYearOneBase>69.913</proc:BudgetYearOneBase>
                <proc:BudgetYearOneOOC>0</proc:BudgetYearOneOOC>
                <proc:BudgetYearOne>69.913</proc:BudgetYearOne>
            </proc:NetProcurementP1>
            <proc:TotalObligationAuthority>
                <proc:AllPriorYears>3741.193</proc:AllPriorYears>
                <proc:PriorYear>385.678</proc:PriorYear>
                <proc:CurrentYear>191.493</proc:CurrentYear>
                <proc:BudgetYearOneBase>69.913</proc:BudgetYearOneBase>
                <proc:BudgetYearOneOOC>0</proc:BudgetYearOneOOC>
                <proc:BudgetYearOne>69.913</proc:BudgetYearOne>
            </proc:TotalObligationAuthority>
            <proc:InitialSpares>
                <proc:PriorYear>6.344</proc:PriorYear>
                <proc:CurrentYear>15.02</proc:CurrentYear>
                <proc:BudgetYearOneBase>1.543</proc:BudgetYearOneBase>
                <proc:BudgetYearOne>1.543</proc:BudgetYearOne>
            </proc:InitialSpares>
            <proc:FlyawayUnitCost>
                <proc:AllPriorYears>967.48</proc:AllPriorYears>
                <proc:PriorYear>1278.44</proc:PriorYear>
                <proc:CurrentYear>1044.867</proc:CurrentYear>
                <proc:BudgetYearOneBase>1323.49</proc:BudgetYearOneBase>
                <proc:BudgetYearOne>1323.49</proc:BudgetYearOne>
            </proc:FlyawayUnitCost>
        </proc:ResourceSummary>
        <proc:Code>A</proc:Code>
        <proc:Description>The Advanced Medium Range Air-to-Air Missile (AMRAAM) is a joint Air Force/Navy, Acquisition Category 1C program with Air Force as lead service.  AMRAAM is the premier all-weather, all-environment, radar-guided missile with improved capabilities against very low and high-altitude targets in an electronic attack environment.  The current AMRAAM AIM-120D variant delivers improved performance via Global Positioning System (GPS) aided navigation, two-way datalink capability for enhanced aircrew survivability and improved network compatibility, and incorporates new guidance software that improves kinematic performance and weapon effectiveness.

FY 2025 matches the Base for Reprogramming Actions, DD 1414 and does not include supplemental funding from Israel Security Supplemental Appropriations Act, 2024 (Division A of Public Law 118-50). In FY 2025, DON has received $14.400 million for the procurement of AMRAAM missiles for the replacement of Navy stock.  This results in an increase in FY 2025 quantities from 142 to 154.

Differences in USN and USAF All Up Round (AUR) Unit Cost is the result of the variations in procurement of missile types by each service.</proc:Description>
        <proc:Justification>FY 2026 funding procures 51 AMRAAM missiles in support of warfighter requirements.

FY 2024 and FY 2025 quantities of 331 and 142, respectively, are properly displayed on the P-5. For FY 2025, the P-5 does not include supplemental funding or QTYs.

Funding is also provided for test and technical production support, procurement of training equipment and test equipment upgrades to support the AMRAAM configurations. Additionally, funding is used to resolve production Diminishing Manufacturing Sources and Material Shortages, obsolescence issues, studies, bridge buys, life of type buys, supplier/parts replacement and qualification activities to preserve future production capabilities and capacities.

Due to AMRAAM inventories being critically low, the program will procure the maximum quantity of missiles with the provided funding in accordance with Title 10, US Code Section 2308 BUY-TO-BUDGET ACQUISITION.</proc:Justification>
        <proc:MDAPCode>185</proc:MDAPCode>
        <proc:ItemExhibitList>
            <proc:P5Item>
                <proc:Name>AMRAAM</proc:Name>
                <proc:ItemNumber>1</proc:ItemNumber>
                <proc:ResourceSummary>
                    <proc:Quantity>
                        <proc:AllPriorYears>3674</proc:AllPriorYears>
                        <proc:PriorYear>300</proc:PriorYear>
                        <proc:CurrentYear>181</proc:CurrentYear>
                        <proc:BudgetYearOneBase>51</proc:BudgetYearOneBase>
                        <proc:BudgetYearOne>51</proc:BudgetYearOne>
                    </proc:Quantity>
                    <proc:TotalCost>
                        <proc:AllPriorYears>3741.193</proc:AllPriorYears>
                        <proc:PriorYear>385.678</proc:PriorYear>
                        <proc:CurrentYear>191.493</proc:CurrentYear>
                        <proc:BudgetYearOneBase>69.913</proc:BudgetYearOneBase>
                        <proc:BudgetYearOneOOC>0</proc:BudgetYearOneOOC>
                        <proc:BudgetYearOne>69.913</proc:BudgetYearOne>
                    </proc:TotalCost>
                    <proc:UnitCost>
                        <proc:AllPriorYears>1018.289</proc:AllPriorYears>
                        <proc:PriorYear>1285.593</proc:PriorYear>
                        <proc:CurrentYear>1057.972</proc:CurrentYear>
                        <proc:BudgetYearOneBase>1370.843</proc:BudgetYearOneBase>
                        <proc:BudgetYearOne>1370.843</proc:BudgetYearOne>
                    </proc:UnitCost>
                    <proc:NetProcurementP1>
                        <proc:AllPriorYears>3741.193</proc:AllPriorYears>
                        <proc:PriorYear>385.678</proc:PriorYear>
                        <proc:CurrentYear>191.493</proc:CurrentYear>
                        <proc:BudgetYearOneBase>69.913</proc:BudgetYearOneBase>
                        <proc:BudgetYearOneOOC>0</proc:BudgetYearOneOOC>
                        <proc:BudgetYearOne>69.913</proc:BudgetYearOne>
                    </proc:NetProcurementP1>
                    <proc:TotalObligationAuthority>
                        <proc:AllPriorYears>3741.193</proc:AllPriorYears>
                        <proc:PriorYear>385.678</proc:PriorYear>
                        <proc:CurrentYear>191.493</proc:CurrentYear>
                        <proc:BudgetYearOneBase>69.913</proc:BudgetYearOneBase>
                        <proc:BudgetYearOneOOC>0</proc:BudgetYearOneOOC>
                        <proc:BudgetYearOne>69.913</proc:BudgetYearOne>
                    </proc:TotalObligationAuthority>
                    <proc:InitialSpares>
                        <proc:PriorYear>6.344</proc:PriorYear>
                        <proc:CurrentYear>15.02</proc:CurrentYear>
                        <proc:BudgetYearOneBase>1.543</proc:BudgetYearOneBase>
                        <proc:BudgetYearOne>1.543</proc:BudgetYearOne>
                    </proc:InitialSpares>
                </proc:ResourceSummary>
                <proc:CostElementCategoryList>
                    <proc:Flyaway>
                        <proc:Name>MISSILE</proc:Name>
                        <proc:Recurring>
                            <proc:CostElementList>
                                <proc:CostElement>
                                    <proc:Name footnote="Differences in USN and USAF All Up Round (AUR) Unit Cost is the result of the variations in procurement of missile types by each service.  CRA 2025 marked FY 2025 funds by $88.133 million for FY 2024 carryover resulting in a decrease of 80 missiles.   FY 2025 unit cost increase is due to numerous material cost increases to include the Radio Frequency processor, rocket motor, and support structure associated with the vendor base.  CRA 2025 Sec 8010 removed the Multi Year Procurement authority for AMRAAM, resulting in a Single Lot Procurement contract action (Undefinitized Contract Action) in Jun 2025 with definitization Dec 2025.  FY 2025 matches the Base for Reprogramming Actions, DD 1414 and does not include supplemental funding from Israel Security Supplemental Appropriations Act, 2024 (Division A of Public Law 118-50). In FY 2025, DON has received $14.400 million for the procurement of AMRAAM missiles for the replacement of Navy stock.  This results in an increase in FY 2025 quantities from 142 to 154.">1.1.1) AIM-120 MISSILE - ALL-UP-ROUND (AUR)</proc:Name>
                                    <proc:Cost>
                                        <proc:Quantity>
                                            <proc:AllPriorYears>3189</proc:AllPriorYears>
                                            <proc:PriorYear>331</proc:PriorYear>
                                            <proc:CurrentYear>142</proc:CurrentYear>
                                            <proc:BudgetYearOneBase>51</proc:BudgetYearOneBase>
                                            <proc:BudgetYearOne>51</proc:BudgetYearOne>
                                        </proc:Quantity>
                                        <proc:TotalCost>
                                            <proc:AllPriorYears>2260.511</proc:AllPriorYears>
                                            <proc:PriorYear>362.095</proc:PriorYear>
                                            <proc:CurrentYear>160.886</proc:CurrentYear>
                                            <proc:BudgetYearOneBase>59.517</proc:BudgetYearOneBase>
                                            <proc:BudgetYearOne>59.517</proc:BudgetYearOne>
                                        </proc:TotalCost>
                                        <proc:UnitCost>
                                            <proc:AllPriorYears>708.846</proc:AllPriorYears>
                                            <proc:PriorYear>1093.943</proc:PriorYear>
                                            <proc:CurrentYear>1133</proc:CurrentYear>
                                            <proc:BudgetYearOneBase>1167</proc:BudgetYearOneBase>
                                            <proc:BudgetYearOne>1167</proc:BudgetYearOne>
                                        </proc:UnitCost>
                                    </proc:Cost>
                                    <proc:AllPriorYearsDeliveries>2624</proc:AllPriorYearsDeliveries>
                                    <proc:ManufacturerList>
                                        <proc:Manufacturer>
                                            <proc:Name footnote="AIM-120 MSR is 400 missiles per year, consisting of USN, USAF, and approved FMS procurement with no less than 100 of a particular variant.  FY 2026 max factory capacity enables production of 1,200 missiles per year. Due to Service specific guidance, differences exist between USAF and DoN Initial and Reorder Procurement Lead Time within each Service's budget exhibits. Within the USAF (lead service) P-21 exhibit, the Initial Procurement Leadtime data is based on contract data for the budget year, while the Reorder Procurement Leadtime data is left blank.  Within this DoN P-21 exhibit, Initial Procurement Leadtime data is based on first DoN missile procurement in FY 1989, while the Reorder Procurement Leadtime data is based on contract data for the budget year.">Raytheon Missile System</proc:Name>
                                            <proc:Location>Tucson, AZ</proc:Location>
                                            <proc:MinimumSustainingRate>400</proc:MinimumSustainingRate>
                                            <proc:MaximumProductionRate>1200</proc:MaximumProductionRate>
                                            <proc:Rate185>400</proc:Rate185>
                                            <proc:InitialQuantity>
                                                <proc:AdminLeadTimeBeforeOct1InMonths>6</proc:AdminLeadTimeBeforeOct1InMonths>
                                                <proc:AdminLeadTimeAfterOct1InMonths>3</proc:AdminLeadTimeAfterOct1InMonths>
                                                <proc:ProductionLeadTimeAfterOct1InMonths>21</proc:ProductionLeadTimeAfterOct1InMonths>
                                                <proc:TotalLeadTimeAfterOct1InMonths>24</proc:TotalLeadTimeAfterOct1InMonths>
                                            </proc:InitialQuantity>
                                            <proc:ReorderQuantity>
                                                <proc:AdminLeadTimeBeforeOct1InMonths>4</proc:AdminLeadTimeBeforeOct1InMonths>
                                                <proc:AdminLeadTimeAfterOct1InMonths>3</proc:AdminLeadTimeAfterOct1InMonths>
                                                <proc:ProductionLeadTimeAfterOct1InMonths>48</proc:ProductionLeadTimeAfterOct1InMonths>
                                                <proc:TotalLeadTimeAfterOct1InMonths>51</proc:TotalLeadTimeAfterOct1InMonths>
                                            </proc:ReorderQuantity>
                                            <proc:HistoryPlanningList>
                                                <proc:HistoryPlanning>
                                                    <proc:FiscalYear footnote="FY 2019 OCO AUR has been delivered. System glitch will not delete.">2019</proc:FiscalYear>
                                                    <proc:OOC>true</proc:OOC>
                                                    <proc:PCOLocation>EGLIN AFB, FL</proc:PCOLocation>
                                                    <proc:AwardDate>2019-12</proc:AwardDate>
                                                    <proc:FirstDeliveryDate>2021-06</proc:FirstDeliveryDate>
                                                    <proc:Quantity>1</proc:Quantity>
                                                    <proc:UnitCost>1065.500</proc:UnitCost>
                                                    <proc:SpecsAvailableNow>true</proc:SpecsAvailableNow>
                                                    <proc:RFPIssueDate>2017-11</proc:RFPIssueDate>
                                                    <proc:ContractMethod>SS</proc:ContractMethod>
                                                    <proc:ContractType>FPIF</proc:ContractType>
                                                    <proc:MonthlyDeliveryScheduleList>
                                                        <proc:MonthlyDeliverySchedule>
                                                            <proc:ServiceAgencyName>Navy</proc:ServiceAgencyName>
                                                            <proc:ProcQuantity footnote="FY 2019 OCO AUR has been delivered. System glitch will not delete.">1</proc:ProcQuantity>
                                                            <proc:MonthlyDeliveryList>
                                                                <proc:MonthlyDelivery>
                                                                    <proc:Month>2021-06</proc:Month>
                                                                    <proc:Amount>1</proc:Amount>
                                                                </proc:MonthlyDelivery>
                                                            </proc:MonthlyDeliveryList>
                                                        </proc:MonthlyDeliverySchedule>
                                                        <proc:MonthlyDeliverySchedule>
                                                            <proc:ServiceAgencyName>Air Force</proc:ServiceAgencyName>
                                                            <proc:ProcQuantity>2</proc:ProcQuantity>
                                                            <proc:MonthlyDeliveryList>
                                                                <proc:MonthlyDelivery>
                                                                    <proc:Month>2021-06</proc:Month>
                                                                    <proc:Amount>2</proc:Amount>
                                                                </proc:MonthlyDelivery>
                                                            </proc:MonthlyDeliveryList>
                                                        </proc:MonthlyDeliverySchedule>
                                                    </proc:MonthlyDeliveryScheduleList>
                                                    <proc:MonthlyDeliveryScheduleTotal>
                                                        <proc:ProcQuantity>3</proc:ProcQuantity>
                                                        <proc:MonthlyDeliveryList>
                                                            <proc:MonthlyDelivery>
                                                                <proc:Month>2021-06</proc:Month>
                                                                <proc:Amount>3</proc:Amount>
                                                            </proc:MonthlyDelivery>
                                                        </proc:MonthlyDeliveryList>
                                                    </proc:MonthlyDeliveryScheduleTotal>
                                                </proc:HistoryPlanning>
                                                <proc:HistoryPlanning>
                                                    <proc:FiscalYear>2021</proc:FiscalYear>
                                                    <proc:PCOLocation>EGLIN AFB, FL</proc:PCOLocation>
                                                    <proc:AwardDate>2022-08</proc:AwardDate>
                                                    <proc:FirstDeliveryDate>2024-06</proc:FirstDeliveryDate>
                                                    <proc:Quantity>174</proc:Quantity>
                                                    <proc:UnitCost>870.141</proc:UnitCost>
                                                    <proc:SpecsAvailableNow>true</proc:SpecsAvailableNow>
                                                    <proc:RFPIssueDate>2018-09</proc:RFPIssueDate>
                                                    <proc:ContractMethod>SS</proc:ContractMethod>
                                                    <proc:ContractType>FPIF</proc:ContractType>
                                                    <proc:MonthlyDeliveryScheduleList>
                                                        <proc:MonthlyDeliverySchedule>
                                                            <proc:ServiceAgencyName>Navy</proc:ServiceAgencyName>
                                                            <proc:ProcQuantity>174</proc:ProcQuantity>
                                                            <proc:MonthlyDeliveryList>
                                                                <proc:MonthlyDelivery>
                                                                    <proc:Month>2024-06</proc:Month>
                                                                    <proc:Amount>29</proc:Amount>
                                                                </proc:MonthlyDelivery>
                                                                <proc:MonthlyDelivery>
                                                                    <proc:Month>2024-09</proc:Month>
                                                                    <proc:Amount>29</proc:Amount>
                                                                </proc:MonthlyDelivery>
                                                                <proc:MonthlyDelivery>
                                                                    <proc:Month>2024-12</proc:Month>
                                                                    <proc:Amount>29</proc:Amount>
                                                                </proc:MonthlyDelivery>
                                                                <proc:MonthlyDelivery>
                                                                    <proc:Month>2025-03</proc:Month>
                                                                    <proc:Amount>29</proc:Amount>
                                                                </proc:MonthlyDelivery>
                                                                <proc:MonthlyDelivery>
                                                                    <proc:Month>2025-06</proc:Month>
                                                                    <proc:Amount>29</proc:Amount>
                                                                </proc:MonthlyDelivery>
                                                                <proc:MonthlyDelivery>
                                                                    <proc:Month>2025-08</proc:Month>
                                                                    <proc:Amount>29</proc:Amount>
                                                                </proc:MonthlyDelivery>
                                                            </proc:MonthlyDeliveryList>
                                                        </proc:MonthlyDeliverySchedule>
                                                        <proc:MonthlyDeliverySchedule>
                                                            <proc:ServiceAgencyName>Air Force</proc:ServiceAgencyName>
                                                            <proc:ProcQuantity>269</proc:ProcQuantity>
                                                            <proc:MonthlyDeliveryList>
                                                                <proc:MonthlyDelivery>
                                                                    <proc:Month>2024-06</proc:Month>
                                                                    <proc:Amount>67</proc:Amount>
                                                                </proc:MonthlyDelivery>
                                                                <proc:MonthlyDelivery>
                                                                    <proc:Month>2024-09</proc:Month>
                                                                    <proc:Amount>67</proc:Amount>
                                                                </proc:MonthlyDelivery>
                                                                <proc:MonthlyDelivery>
                                                                    <proc:Month>2024-12</proc:Month>
                                                                    <proc:Amount>67</proc:Amount>
                                                                </proc:MonthlyDelivery>
                                                                <proc:MonthlyDelivery>
                                                                    <proc:Month>2025-03</proc:Month>
                                                                    <proc:Amount>68</proc:Amount>
                                                                </proc:MonthlyDelivery>
                                                            </proc:MonthlyDeliveryList>
                                                        </proc:MonthlyDeliverySchedule>
                                                        <proc:MonthlyDeliverySchedule>
                                                            <proc:ServiceAgencyName>Foreign Military Sales</proc:ServiceAgencyName>
                                                            <proc:ProcQuantity>164</proc:ProcQuantity>
                                                            <proc:MonthlyDeliveryList>
                                                                <proc:MonthlyDelivery>
                                                                    <proc:Month>2024-06</proc:Month>
                                                                    <proc:Amount>41</proc:Amount>
                                                                </proc:MonthlyDelivery>
                                                                <proc:MonthlyDelivery>
                                                                    <proc:Month>2024-09</proc:Month>
                                                                    <proc:Amount>41</proc:Amount>
                                                                </proc:MonthlyDelivery>
                                                                <proc:MonthlyDelivery>
                                                                    <proc:Month>2024-12</proc:Month>
                                                                    <proc:Amount>41</proc:Amount>
                                                                </proc:MonthlyDelivery>
                                                                <proc:MonthlyDelivery>
                                                                    <proc:Month>2025-03</proc:Month>
                                                                    <proc:Amount>41</proc:Amount>
                                                                </proc:MonthlyDelivery>
                                                            </proc:MonthlyDeliveryList>
                                                        </proc:MonthlyDeliverySchedule>
                                                    </proc:MonthlyDeliveryScheduleList>
                                                    <proc:MonthlyDeliveryScheduleTotal>
                                                        <proc:ProcQuantity>607</proc:ProcQuantity>
                                                        <proc:MonthlyDeliveryList>
                                                            <proc:MonthlyDelivery>
                                                                <proc:Month>2024-06</proc:Month>
                                                                <proc:Amount>137</proc:Amount>
                                                            </proc:MonthlyDelivery>
                                                            <proc:MonthlyDelivery>
                                                                <proc:Month>2024-09</proc:Month>
                                                                <proc:Amount>137</proc:Amount>
                                                            </proc:MonthlyDelivery>
                                                            <proc:MonthlyDelivery>
                                                                <proc:Month>2024-12</proc:Month>
                                                                <proc:Amount>137</proc:Amount>
                                                            </proc:MonthlyDelivery>
                                                            <proc:MonthlyDelivery>
                                                                <proc:Month>2025-03</proc:Month>
                                                                <proc:Amount>138</proc:Amount>
                                                            </proc:MonthlyDelivery>
                                                            <proc:MonthlyDelivery>
                                                                <proc:Month>2025-06</proc:Month>
                                                                <proc:Amount>29</proc:Amount>
                                                            </proc:MonthlyDelivery>
                                                            <proc:MonthlyDelivery>
                                                                <proc:Month>2025-08</proc:Month>
                                                                <proc:Amount>29</proc:Amount>
                                                            </proc:MonthlyDelivery>
                                                        </proc:MonthlyDeliveryList>
                                                    </proc:MonthlyDeliveryScheduleTotal>
                                                </proc:HistoryPlanning>
                                                <proc:HistoryPlanning>
                                                    <proc:FiscalYear>2022</proc:FiscalYear>
                                                    <proc:PCOLocation>EGLIN AFB, FL</proc:PCOLocation>
                                                    <proc:AwardDate>2022-08</proc:AwardDate>
                                                    <proc:FirstDeliveryDate>2025-04</proc:FirstDeliveryDate>
                                                    <proc:Quantity>85</proc:Quantity>
                                                    <proc:UnitCost>873.694</proc:UnitCost>
                                                    <proc:SpecsAvailableNow>true</proc:SpecsAvailableNow>
                                                    <proc:RFPIssueDate>2018-09</proc:RFPIssueDate>
                                                    <proc:ContractMethod>SS</proc:ContractMethod>
                                                    <proc:ContractType>FPIF</proc:ContractType>
                                                    <proc:MonthlyDeliveryScheduleList>
                                                        <proc:MonthlyDeliverySchedule>
                                                            <proc:ServiceAgencyName>Navy</proc:ServiceAgencyName>
                                                            <proc:ProcQuantity>85</proc:ProcQuantity>
                                                            <proc:MonthlyDeliveryList>
                                                                <proc:MonthlyDelivery>
                                                                    <proc:Month>2025-04</proc:Month>
                                                                    <proc:Amount>21</proc:Amount>
                                                                </proc:MonthlyDelivery>
                                                                <proc:MonthlyDelivery>
                                                                    <proc:Month>2025-07</proc:Month>
                                                                    <proc:Amount>21</proc:Amount>
                                                                </proc:MonthlyDelivery>
                                                                <proc:MonthlyDelivery>
                                                                    <proc:Month>2025-10</proc:Month>
                                                                    <proc:Amount>21</proc:Amount>
                                                                </proc:MonthlyDelivery>
                                                                <proc:MonthlyDelivery>
                                                                    <proc:Month>2026-01</proc:Month>
                                                                    <proc:Amount>22</proc:Amount>
                                                                </proc:MonthlyDelivery>
                                                            </proc:MonthlyDeliveryList>
                                                        </proc:MonthlyDeliverySchedule>
                                                        <proc:MonthlyDeliverySchedule>
                                                            <proc:ServiceAgencyName>Air Force</proc:ServiceAgencyName>
                                                            <proc:ProcQuantity>317</proc:ProcQuantity>
                                                            <proc:MonthlyDeliveryList>
                                                                <proc:MonthlyDelivery>
                                                                    <proc:Month>2025-04</proc:Month>
                                                                    <proc:Amount>79</proc:Amount>
                                                                </proc:MonthlyDelivery>
                                                                <proc:MonthlyDelivery>
                                                                    <proc:Month>2025-07</proc:Month>
                                                                    <proc:Amount>79</proc:Amount>
                                                                </proc:MonthlyDelivery>
                                                                <proc:MonthlyDelivery>
                                                                    <proc:Month>2025-10</proc:Month>
                                                                    <proc:Amount>79</proc:Amount>
                                                                </proc:MonthlyDelivery>
                                                                <proc:MonthlyDelivery>
                                                                    <proc:Month>2026-01</proc:Month>
                                                                    <proc:Amount>80</proc:Amount>
                                                                </proc:MonthlyDelivery>
                                                            </proc:MonthlyDeliveryList>
                                                        </proc:MonthlyDeliverySchedule>
                                                        <proc:MonthlyDeliverySchedule>
                                                            <proc:ServiceAgencyName>Foreign Military Sales</proc:ServiceAgencyName>
                                                            <proc:ProcQuantity>547</proc:ProcQuantity>
                                                            <proc:MonthlyDeliveryList>
                                                                <proc:MonthlyDelivery>
                                                                    <proc:Month>2025-04</proc:Month>
                                                                    <proc:Amount>136</proc:Amount>
                                                                </proc:MonthlyDelivery>
                                                                <proc:MonthlyDelivery>
                                                                    <proc:Month>2025-07</proc:Month>
                                                                    <proc:Amount>136</proc:Amount>
                                                                </proc:MonthlyDelivery>
                                                                <proc:MonthlyDelivery>
                                                                    <proc:Month>2025-10</proc:Month>
                                                                    <proc:Amount>137</proc:Amount>
                                                                </proc:MonthlyDelivery>
                                                                <proc:MonthlyDelivery>
                                                                    <proc:Month>2026-01</proc:Month>
                                                                    <proc:Amount>138</proc:Amount>
                                                                </proc:MonthlyDelivery>
                                                            </proc:MonthlyDeliveryList>
                                                        </proc:MonthlyDeliverySchedule>
                                                    </proc:MonthlyDeliveryScheduleList>
                                                    <proc:MonthlyDeliveryScheduleTotal>
                                                        <proc:ProcQuantity>949</proc:ProcQuantity>
                                                        <proc:MonthlyDeliveryList>
                                                            <proc:MonthlyDelivery>
                                                                <proc:Month>2025-04</proc:Month>
                                                                <proc:Amount>236</proc:Amount>
                                                            </proc:MonthlyDelivery>
                                                            <proc:MonthlyDelivery>
                                                                <proc:Month>2025-07</proc:Month>
                                                                <proc:Amount>236</proc:Amount>
                                                            </proc:MonthlyDelivery>
                                                            <proc:MonthlyDelivery>
                                                                <proc:Month>2025-10</proc:Month>
                                                                <proc:Amount>237</proc:Amount>
                                                            </proc:MonthlyDelivery>
                                                            <proc:MonthlyDelivery>
                                                                <proc:Month>2026-01</proc:Month>
                                                                <proc:Amount>240</proc:Amount>
                                                            </proc:MonthlyDelivery>
                                                        </proc:MonthlyDeliveryList>
                                                    </proc:MonthlyDeliveryScheduleTotal>
                                                </proc:HistoryPlanning>
                                                <proc:HistoryPlanning>
                                                    <proc:FiscalYear>2023</proc:FiscalYear>
                                                    <proc:PCOLocation>EGLIN AFB, FL</proc:PCOLocation>
                                                    <proc:AwardDate>2023-06</proc:AwardDate>
                                                    <proc:FirstDeliveryDate>2025-10</proc:FirstDeliveryDate>
                                                    <proc:Quantity>305</proc:Quantity>
                                                    <proc:UnitCost>1054.452</proc:UnitCost>
                                                    <proc:SpecsAvailableNow>true</proc:SpecsAvailableNow>
                                                    <proc:RFPIssueDate>2021-09</proc:RFPIssueDate>
                                                    <proc:ContractMethod>SS</proc:ContractMethod>
                                                    <proc:ContractType>FPIF</proc:ContractType>
                                                    <proc:MonthlyDeliveryScheduleList>
                                                        <proc:MonthlyDeliverySchedule>
                                                            <proc:ServiceAgencyName>Navy</proc:ServiceAgencyName>
                                                            <proc:ProcQuantity>305</proc:ProcQuantity>
                                                            <proc:MonthlyDeliveryList>
                                                                <proc:MonthlyDelivery>
                                                                    <proc:Month>2025-10</proc:Month>
                                                                    <proc:Amount>50</proc:Amount>
                                                                </proc:MonthlyDelivery>
                                                                <proc:MonthlyDelivery>
                                                                    <proc:Month>2026-01</proc:Month>
                                                                    <proc:Amount>50</proc:Amount>
                                                                </proc:MonthlyDelivery>
                                                                <proc:MonthlyDelivery>
                                                                    <proc:Month>2026-04</proc:Month>
                                                                    <proc:Amount>50</proc:Amount>
                                                                </proc:MonthlyDelivery>
                                                                <proc:MonthlyDelivery>
                                                                    <proc:Month>2026-07</proc:Month>
                                                                    <proc:Amount>50</proc:Amount>
                                                                </proc:MonthlyDelivery>
                                                                <proc:MonthlyDelivery>
                                                                    <proc:Month>2026-10</proc:Month>
                                                                    <proc:Amount>52</proc:Amount>
                                                                </proc:MonthlyDelivery>
                                                                <proc:MonthlyDelivery>
                                                                    <proc:Month>2027-01</proc:Month>
                                                                    <proc:Amount>53</proc:Amount>
                                                                </proc:MonthlyDelivery>
                                                            </proc:MonthlyDeliveryList>
                                                        </proc:MonthlyDeliverySchedule>
                                                        <proc:MonthlyDeliverySchedule>
                                                            <proc:ServiceAgencyName>Air Force</proc:ServiceAgencyName>
                                                            <proc:ProcQuantity>279</proc:ProcQuantity>
                                                            <proc:MonthlyDeliveryList>
                                                                <proc:MonthlyDelivery>
                                                                    <proc:Month>2025-10</proc:Month>
                                                                    <proc:Amount>69</proc:Amount>
                                                                </proc:MonthlyDelivery>
                                                                <proc:MonthlyDelivery>
                                                                    <proc:Month>2026-01</proc:Month>
                                                                    <proc:Amount>69</proc:Amount>
                                                                </proc:MonthlyDelivery>
                                                                <proc:MonthlyDelivery>
                                                                    <proc:Month>2026-04</proc:Month>
                                                                    <proc:Amount>70</proc:Amount>
                                                                </proc:MonthlyDelivery>
                                                                <proc:MonthlyDelivery>
                                                                    <proc:Month>2026-07</proc:Month>
                                                                    <proc:Amount>71</proc:Amount>
                                                                </proc:MonthlyDelivery>
                                                            </proc:MonthlyDeliveryList>
                                                        </proc:MonthlyDeliverySchedule>
                                                        <proc:MonthlyDeliverySchedule>
                                                            <proc:ServiceAgencyName>Foreign Military Sales</proc:ServiceAgencyName>
                                                            <proc:ProcQuantity>364</proc:ProcQuantity>
                                                            <proc:MonthlyDeliveryList>
                                                                <proc:MonthlyDelivery>
                                                                    <proc:Month>2025-10</proc:Month>
                                                                    <proc:Amount>91</proc:Amount>
                                                                </proc:MonthlyDelivery>
                                                                <proc:MonthlyDelivery>
                                                                    <proc:Month>2026-01</proc:Month>
                                                                    <proc:Amount>91</proc:Amount>
                                                                </proc:MonthlyDelivery>
                                                                <proc:MonthlyDelivery>
                                                                    <proc:Month>2026-04</proc:Month>
                                                                    <proc:Amount>91</proc:Amount>
                                                                </proc:MonthlyDelivery>
                                                                <proc:MonthlyDelivery>
                                                                    <proc:Month>2026-07</proc:Month>
                                                                    <proc:Amount>91</proc:Amount>
                                                                </proc:MonthlyDelivery>
                                                            </proc:MonthlyDeliveryList>
                                                        </proc:MonthlyDeliverySchedule>
                                                    </proc:MonthlyDeliveryScheduleList>
                                                    <proc:MonthlyDeliveryScheduleTotal>
                                                        <proc:ProcQuantity>948</proc:ProcQuantity>
                                                        <proc:MonthlyDeliveryList>
                                                            <proc:MonthlyDelivery>
                                                                <proc:Month>2025-10</proc:Month>
                                                                <proc:Amount>210</proc:Amount>
                                                            </proc:MonthlyDelivery>
                                                            <proc:MonthlyDelivery>
                                                                <proc:Month>2026-01</proc:Month>
                                                                <proc:Amount>210</proc:Amount>
                                                            </proc:MonthlyDelivery>
                                                            <proc:MonthlyDelivery>
                                                                <proc:Month>2026-04</proc:Month>
                                                                <proc:Amount>211</proc:Amount>
                                                            </proc:MonthlyDelivery>
                                                            <proc:MonthlyDelivery>
                                                                <proc:Month>2026-07</proc:Month>
                                                                <proc:Amount>212</proc:Amount>
                                                            </proc:MonthlyDelivery>
                                                            <proc:MonthlyDelivery>
                                                                <proc:Month>2026-10</proc:Month>
                                                                <proc:Amount>52</proc:Amount>
                                                            </proc:MonthlyDelivery>
                                                            <proc:MonthlyDelivery>
                                                                <proc:Month>2027-01</proc:Month>
                                                                <proc:Amount>53</proc:Amount>
                                                            </proc:MonthlyDelivery>
                                                        </proc:MonthlyDeliveryList>
                                                    </proc:MonthlyDeliveryScheduleTotal>
                                                </proc:HistoryPlanning>
                                                <proc:HistoryPlanning>
                                                    <proc:FiscalYear>2024</proc:FiscalYear>
                                                    <proc:PCOLocation>EGLIN AFB, FL</proc:PCOLocation>
                                                    <proc:AwardDate>2024-09</proc:AwardDate>
                                                    <proc:FirstDeliveryDate>2027-02</proc:FirstDeliveryDate>
                                                    <proc:Quantity>331</proc:Quantity>
                                                    <proc:UnitCost>1093.943</proc:UnitCost>
                                                    <proc:SpecsAvailableNow>true</proc:SpecsAvailableNow>
                                                    <proc:RFPIssueDate>2021-09</proc:RFPIssueDate>
                                                    <proc:ContractMethod>SS</proc:ContractMethod>
                                                    <proc:ContractType>FPIF</proc:ContractType>
                                                    <proc:MonthlyDeliveryScheduleList>
                                                        <proc:MonthlyDeliverySchedule>
                                                            <proc:ServiceAgencyName>Navy</proc:ServiceAgencyName>
                                                            <proc:ProcQuantity>331</proc:ProcQuantity>
                                                            <proc:MonthlyDeliveryList>
                                                                <proc:MonthlyDelivery>
                                                                    <proc:Month>2027-02</proc:Month>
                                                                    <proc:Amount>82</proc:Amount>
                                                                </proc:MonthlyDelivery>
                                                                <proc:MonthlyDelivery>
                                                                    <proc:Month>2027-05</proc:Month>
                                                                    <proc:Amount>83</proc:Amount>
                                                                </proc:MonthlyDelivery>
                                                                <proc:MonthlyDelivery>
                                                                    <proc:Month>2027-08</proc:Month>
                                                                    <proc:Amount>83</proc:Amount>
                                                                </proc:MonthlyDelivery>
                                                                <proc:MonthlyDelivery>
                                                                    <proc:Month>2027-11</proc:Month>
                                                                    <proc:Amount>83</proc:Amount>
                                                                </proc:MonthlyDelivery>
                                                            </proc:MonthlyDeliveryList>
                                                        </proc:MonthlyDeliverySchedule>
                                                        <proc:MonthlyDeliverySchedule>
                                                            <proc:ServiceAgencyName>Air Force</proc:ServiceAgencyName>
                                                            <proc:ProcQuantity>457</proc:ProcQuantity>
                                                            <proc:MonthlyDeliveryList>
                                                                <proc:MonthlyDelivery>
                                                                    <proc:Month>2027-02</proc:Month>
                                                                    <proc:Amount>114</proc:Amount>
                                                                </proc:MonthlyDelivery>
                                                                <proc:MonthlyDelivery>
                                                                    <proc:Month>2027-05</proc:Month>
                                                                    <proc:Amount>114</proc:Amount>
                                                                </proc:MonthlyDelivery>
                                                                <proc:MonthlyDelivery>
                                                                    <proc:Month>2027-08</proc:Month>
                                                                    <proc:Amount>114</proc:Amount>
                                                                </proc:MonthlyDelivery>
                                                                <proc:MonthlyDelivery>
                                                                    <proc:Month>2027-11</proc:Month>
                                                                    <proc:Amount>115</proc:Amount>
                                                                </proc:MonthlyDelivery>
                                                            </proc:MonthlyDeliveryList>
                                                        </proc:MonthlyDeliverySchedule>
                                                        <proc:MonthlyDeliverySchedule>
                                                            <proc:ServiceAgencyName>Foreign Military Sales</proc:ServiceAgencyName>
                                                            <proc:ProcQuantity>350</proc:ProcQuantity>
                                                            <proc:MonthlyDeliveryList>
                                                                <proc:MonthlyDelivery>
                                                                    <proc:Month>2027-02</proc:Month>
                                                                    <proc:Amount>88</proc:Amount>
                                                                </proc:MonthlyDelivery>
                                                                <proc:MonthlyDelivery>
                                                                    <proc:Month>2027-05</proc:Month>
                                                                    <proc:Amount>87</proc:Amount>
                                                                </proc:MonthlyDelivery>
                                                                <proc:MonthlyDelivery>
                                                                    <proc:Month>2027-08</proc:Month>
                                                                    <proc:Amount>87</proc:Amount>
                                                                </proc:MonthlyDelivery>
                                                                <proc:MonthlyDelivery>
                                                                    <proc:Month>2027-11</proc:Month>
                                                                    <proc:Amount>88</proc:Amount>
                                                                </proc:MonthlyDelivery>
                                                            </proc:MonthlyDeliveryList>
                                                        </proc:MonthlyDeliverySchedule>
                                                    </proc:MonthlyDeliveryScheduleList>
                                                    <proc:MonthlyDeliveryScheduleTotal>
                                                        <proc:ProcQuantity>1138</proc:ProcQuantity>
                                                        <proc:MonthlyDeliveryList>
                                                            <proc:MonthlyDelivery>
                                                                <proc:Month>2027-02</proc:Month>
                                                                <proc:Amount>284</proc:Amount>
                                                            </proc:MonthlyDelivery>
                                                            <proc:MonthlyDelivery>
                                                                <proc:Month>2027-05</proc:Month>
                                                                <proc:Amount>284</proc:Amount>
                                                            </proc:MonthlyDelivery>
                                                            <proc:MonthlyDelivery>
                                                                <proc:Month>2027-08</proc:Month>
                                                                <proc:Amount>284</proc:Amount>
                                                            </proc:MonthlyDelivery>
                                                            <proc:MonthlyDelivery>
                                                                <proc:Month>2027-11</proc:Month>
                                                                <proc:Amount>286</proc:Amount>
                                                            </proc:MonthlyDelivery>
                                                        </proc:MonthlyDeliveryList>
                                                    </proc:MonthlyDeliveryScheduleTotal>
                                                </proc:HistoryPlanning>
                                                <proc:HistoryPlanning>
                                                    <proc:FiscalYear>2025</proc:FiscalYear>
                                                    <proc:PCOLocation>EGLIN AFB, FL</proc:PCOLocation>
                                                    <proc:AwardDate>2025-06</proc:AwardDate>
                                                    <proc:FirstDeliveryDate>2028-08</proc:FirstDeliveryDate>
                                                    <proc:Quantity>142</proc:Quantity>
                                                    <proc:UnitCost>1133.000</proc:UnitCost>
                                                    <proc:SpecsAvailableNow>true</proc:SpecsAvailableNow>
                                                    <proc:RFPIssueDate>2024-07</proc:RFPIssueDate>
                                                    <proc:ContractMethod>SS</proc:ContractMethod>
                                                    <proc:ContractType>FPIF</proc:ContractType>
                                                    <proc:MonthlyDeliveryScheduleList>
                                                        <proc:MonthlyDeliverySchedule>
                                                            <proc:ServiceAgencyName>Navy</proc:ServiceAgencyName>
                                                            <proc:ProcQuantity>142</proc:ProcQuantity>
                                                            <proc:MonthlyDeliveryList>
                                                                <proc:MonthlyDelivery>
                                                                    <proc:Month>2028-08</proc:Month>
                                                                    <proc:Amount>35</proc:Amount>
                                                                </proc:MonthlyDelivery>
                                                                <proc:MonthlyDelivery>
                                                                    <proc:Month>2028-11</proc:Month>
                                                                    <proc:Amount>35</proc:Amount>
                                                                </proc:MonthlyDelivery>
                                                                <proc:MonthlyDelivery>
                                                                    <proc:Month>2029-02</proc:Month>
                                                                    <proc:Amount>36</proc:Amount>
                                                                </proc:MonthlyDelivery>
                                                                <proc:MonthlyDelivery>
                                                                    <proc:Month>2029-05</proc:Month>
                                                                    <proc:Amount>36</proc:Amount>
                                                                </proc:MonthlyDelivery>
                                                            </proc:MonthlyDeliveryList>
                                                        </proc:MonthlyDeliverySchedule>
                                                        <proc:MonthlyDeliverySchedule>
                                                            <proc:ServiceAgencyName>Air Force</proc:ServiceAgencyName>
                                                            <proc:ProcQuantity>290</proc:ProcQuantity>
                                                            <proc:MonthlyDeliveryList>
                                                                <proc:MonthlyDelivery>
                                                                    <proc:Month>2028-08</proc:Month>
                                                                    <proc:Amount>72</proc:Amount>
                                                                </proc:MonthlyDelivery>
                                                                <proc:MonthlyDelivery>
                                                                    <proc:Month>2028-11</proc:Month>
                                                                    <proc:Amount>72</proc:Amount>
                                                                </proc:MonthlyDelivery>
                                                                <proc:MonthlyDelivery>
                                                                    <proc:Month>2029-02</proc:Month>
                                                                    <proc:Amount>73</proc:Amount>
                                                                </proc:MonthlyDelivery>
                                                                <proc:MonthlyDelivery>
                                                                    <proc:Month>2029-05</proc:Month>
                                                                    <proc:Amount>73</proc:Amount>
                                                                </proc:MonthlyDelivery>
                                                            </proc:MonthlyDeliveryList>
                                                        </proc:MonthlyDeliverySchedule>
                                                        <proc:MonthlyDeliverySchedule>
                                                            <proc:ServiceAgencyName>Foreign Military Sales</proc:ServiceAgencyName>
                                                            <proc:ProcQuantity>350</proc:ProcQuantity>
                                                            <proc:MonthlyDeliveryList>
                                                                <proc:MonthlyDelivery>
                                                                    <proc:Month>2028-08</proc:Month>
                                                                    <proc:Amount>88</proc:Amount>
                                                                </proc:MonthlyDelivery>
                                                                <proc:MonthlyDelivery>
                                                                    <proc:Month>2028-11</proc:Month>
                                                                    <proc:Amount>87</proc:Amount>
                                                                </proc:MonthlyDelivery>
                                                                <proc:MonthlyDelivery>
                                                                    <proc:Month>2029-02</proc:Month>
                                                                    <proc:Amount>87</proc:Amount>
                                                                </proc:MonthlyDelivery>
                                                                <proc:MonthlyDelivery>
                                                                    <proc:Month>2029-05</proc:Month>
                                                                    <proc:Amount>88</proc:Amount>
                                                                </proc:MonthlyDelivery>
                                                            </proc:MonthlyDeliveryList>
                                                        </proc:MonthlyDeliverySchedule>
                                                    </proc:MonthlyDeliveryScheduleList>
                                                    <proc:MonthlyDeliveryScheduleTotal>
                                                        <proc:ProcQuantity>782</proc:ProcQuantity>
                                                        <proc:MonthlyDeliveryList>
                                                            <proc:MonthlyDelivery>
                                                                <proc:Month>2028-08</proc:Month>
                                                                <proc:Amount>195</proc:Amount>
                                                            </proc:MonthlyDelivery>
                                                            <proc:MonthlyDelivery>
                                                                <proc:Month>2028-11</proc:Month>
                                                                <proc:Amount>194</proc:Amount>
                                                            </proc:MonthlyDelivery>
                                                            <proc:MonthlyDelivery>
                                                                <proc:Month>2029-02</proc:Month>
                                                                <proc:Amount>196</proc:Amount>
                                                            </proc:MonthlyDelivery>
                                                            <proc:MonthlyDelivery>
                                                                <proc:Month>2029-05</proc:Month>
                                                                <proc:Amount>197</proc:Amount>
                                                            </proc:MonthlyDelivery>
                                                        </proc:MonthlyDeliveryList>
                                                    </proc:MonthlyDeliveryScheduleTotal>
                                                </proc:HistoryPlanning>
                                                <proc:HistoryPlanning>
                                                    <proc:FiscalYear>2026</proc:FiscalYear>
                                                    <proc:PCOLocation>EGLIN AFB, FL</proc:PCOLocation>
                                                    <proc:AwardDate>2025-12</proc:AwardDate>
                                                    <proc:FirstDeliveryDate>2029-12</proc:FirstDeliveryDate>
                                                    <proc:Quantity>51</proc:Quantity>
                                                    <proc:UnitCost>1167.000</proc:UnitCost>
                                                    <proc:SpecsAvailableNow>true</proc:SpecsAvailableNow>
                                                    <proc:RFPIssueDate>2024-07</proc:RFPIssueDate>
                                                    <proc:ContractMethod>SS</proc:ContractMethod>
                                                    <proc:ContractType>FPIF</proc:ContractType>
                                                    <proc:MonthlyDeliveryScheduleList>
                                                        <proc:MonthlyDeliverySchedule>
                                                            <proc:ServiceAgencyName>Navy</proc:ServiceAgencyName>
                                                            <proc:ProcQuantity>51</proc:ProcQuantity>
                                                            <proc:MonthlyDeliveryList>
                                                                <proc:MonthlyDelivery>
                                                                    <proc:Month>2029-12</proc:Month>
                                                                    <proc:Amount>12</proc:Amount>
                                                                </proc:MonthlyDelivery>
                                                                <proc:MonthlyDelivery>
                                                                    <proc:Month>2030-03</proc:Month>
                                                                    <proc:Amount>13</proc:Amount>
                                                                </proc:MonthlyDelivery>
                                                                <proc:MonthlyDelivery>
                                                                    <proc:Month>2030-06</proc:Month>
                                                                    <proc:Amount>13</proc:Amount>
                                                                </proc:MonthlyDelivery>
                                                                <proc:MonthlyDelivery>
                                                                    <proc:Month>2030-09</proc:Month>
                                                                    <proc:Amount>13</proc:Amount>
                                                                </proc:MonthlyDelivery>
                                                            </proc:MonthlyDeliveryList>
                                                        </proc:MonthlyDeliverySchedule>
                                                        <proc:MonthlyDeliverySchedule>
                                                            <proc:ServiceAgencyName>Air Force</proc:ServiceAgencyName>
                                                            <proc:ProcQuantity>664</proc:ProcQuantity>
                                                            <proc:MonthlyDeliveryList>
                                                                <proc:MonthlyDelivery>
                                                                    <proc:Month>2029-12</proc:Month>
                                                                    <proc:Amount>166</proc:Amount>
                                                                </proc:MonthlyDelivery>
                                                                <proc:MonthlyDelivery>
                                                                    <proc:Month>2030-03</proc:Month>
                                                                    <proc:Amount>166</proc:Amount>
                                                                </proc:MonthlyDelivery>
                                                                <proc:MonthlyDelivery>
                                                                    <proc:Month>2030-06</proc:Month>
                                                                    <proc:Amount>166</proc:Amount>
                                                                </proc:MonthlyDelivery>
                                                                <proc:MonthlyDelivery>
                                                                    <proc:Month>2030-09</proc:Month>
                                                                    <proc:Amount>166</proc:Amount>
                                                                </proc:MonthlyDelivery>
                                                            </proc:MonthlyDeliveryList>
                                                        </proc:MonthlyDeliverySchedule>
                                                        <proc:MonthlyDeliverySchedule>
                                                            <proc:ServiceAgencyName>Foreign Military Sales</proc:ServiceAgencyName>
                                                            <proc:ProcQuantity>300</proc:ProcQuantity>
                                                            <proc:MonthlyDeliveryList>
                                                                <proc:MonthlyDelivery>
                                                                    <proc:Month>2029-12</proc:Month>
                                                                    <proc:Amount>75</proc:Amount>
                                                                </proc:MonthlyDelivery>
                                                                <proc:MonthlyDelivery>
                                                                    <proc:Month>2030-03</proc:Month>
                                                                    <proc:Amount>75</proc:Amount>
                                                                </proc:MonthlyDelivery>
                                                                <proc:MonthlyDelivery>
                                                                    <proc:Month>2030-06</proc:Month>
                                                                    <proc:Amount>75</proc:Amount>
                                                                </proc:MonthlyDelivery>
                                                                <proc:MonthlyDelivery>
                                                                    <proc:Month>2030-09</proc:Month>
                                                                    <proc:Amount>75</proc:Amount>
                                                                </proc:MonthlyDelivery>
                                                            </proc:MonthlyDeliveryList>
                                                        </proc:MonthlyDeliverySchedule>
                                                    </proc:MonthlyDeliveryScheduleList>
                                                    <proc:MonthlyDeliveryScheduleTotal>
                                                        <proc:ProcQuantity>1015</proc:ProcQuantity>
                                                        <proc:MonthlyDeliveryList>
                                                            <proc:MonthlyDelivery>
                                                                <proc:Month>2029-12</proc:Month>
                                                                <proc:Amount>253</proc:Amount>
                                                            </proc:MonthlyDelivery>
                                                            <proc:MonthlyDelivery>
                                                                <proc:Month>2030-03</proc:Month>
                                                                <proc:Amount>254</proc:Amount>
                                                            </proc:MonthlyDelivery>
                                                            <proc:MonthlyDelivery>
                                                                <proc:Month>2030-06</proc:Month>
                                                                <proc:Amount>254</proc:Amount>
                                                            </proc:MonthlyDelivery>
                                                            <proc:MonthlyDelivery>
                                                                <proc:Month>2030-09</proc:Month>
                                                                <proc:Amount>254</proc:Amount>
                                                            </proc:MonthlyDelivery>
                                                        </proc:MonthlyDeliveryList>
                                                    </proc:MonthlyDeliveryScheduleTotal>
                                                </proc:HistoryPlanning>
                                            </proc:HistoryPlanningList>
                                        </proc:Manufacturer>
                                    </proc:ManufacturerList>
                                </proc:CostElement>
                                <proc:CostElement>
                                    <proc:Name>1.1.2) AIM-120 MISSILE - CAPTIVE AIR TRAINING MISSILE (CATM)</proc:Name>
                                    <proc:Cost>
                                        <proc:Quantity>
                                            <proc:AllPriorYears>485</proc:AllPriorYears>
                                        </proc:Quantity>
                                        <proc:TotalCost>
                                            <proc:AllPriorYears>282.876</proc:AllPriorYears>
                                        </proc:TotalCost>
                                        <proc:UnitCost>
                                            <proc:AllPriorYears>583.249</proc:AllPriorYears>
                                        </proc:UnitCost>
                                    </proc:Cost>
                                </proc:CostElement>
                                <proc:CostElement>
                                    <proc:Name>1.1.3) WARRANTY</proc:Name>
                                    <proc:Cost>
                                        <proc:TotalCost>
                                            <proc:AllPriorYears>36.12</proc:AllPriorYears>
                                        </proc:TotalCost>
                                    </proc:Cost>
                                </proc:CostElement>
                                <proc:CostElement>
                                    <proc:Name footnote="DMS funding is used to resolve production Diminishing Manufacturing Sources and Material Shortages, obsolescence issues, studies, bridge buys, life of type buys, supplier/parts replacement and qualification activities to preserve future production capabilities and capacities.  DMS cost increase in FY 2024, as compared to the FY 2025 budget, is due to an increase in a number of DMS components to include but are not limited to Down Convertor Local, Oscillator Circuit Card, Digital and Analog Secondary Power Supplies, Quad Target Detection Device, and Variable Control Augmentation System.  DMS cost increase in FY 2025, as compared to FY 2024, is due to an increase in a number of DMS components to include but are not limited to Launch Sequencer Frequency Power Hybrid, Frequency Reference Unit, Crystal Oscillator, Signal Integrator, Coherent Processor, and Common Remote Terminal.">1.1.4) DIMINISHING MANUFACTURING SOURCES (DMS)</proc:Name>
                                    <proc:Cost>
                                        <proc:TotalCost>
                                            <proc:AllPriorYears>353.876</proc:AllPriorYears>
                                            <proc:PriorYear>15.691</proc:PriorYear>
                                            <proc:CurrentYear>18.977</proc:CurrentYear>
                                            <proc:BudgetYearOneBase>2.943</proc:BudgetYearOneBase>
                                            <proc:BudgetYearOne>2.943</proc:BudgetYearOne>
                                        </proc:TotalCost>
                                    </proc:Cost>
                                </proc:CostElement>
                                <proc:CostElement>
                                    <proc:Name footnote="FY 2025 Tooling and Test Equipment funding increased from $1.562 million, as reflected in the FY 2025 budget, to $2.087 million due to required Test Equipment updates. The current Test Equipment has a software incompatibility issue when used with legacy Test Equipment and is driving the requirement to update several components of the legacy Test Equipment.">1.1.5) TOOLING AND TEST EQUIPMENT</proc:Name>
                                    <proc:Cost>
                                        <proc:TotalCost>
                                            <proc:AllPriorYears>61.01</proc:AllPriorYears>
                                            <proc:PriorYear>0.526</proc:PriorYear>
                                            <proc:CurrentYear>2.087</proc:CurrentYear>
                                            <proc:BudgetYearOneBase>1.807</proc:BudgetYearOneBase>
                                            <proc:BudgetYearOne>1.807</proc:BudgetYearOne>
                                        </proc:TotalCost>
                                    </proc:Cost>
                                </proc:CostElement>
                                <proc:CostElement>
                                    <proc:Name footnote="Engineering Change Orders cost element provides funding to test and qualify class I engineering change proposals by the prime vendor into missile production.  Fluctuations correspond directly with total cost of hardware procured.">1.1.7) ENGINEERING CHANGE ORDERS (ECO)</proc:Name>
                                    <proc:Cost>
                                        <proc:TotalCost>
                                            <proc:AllPriorYears>36.019</proc:AllPriorYears>
                                            <proc:CurrentYear>1.649</proc:CurrentYear>
                                            <proc:BudgetYearOneBase>0.303</proc:BudgetYearOneBase>
                                            <proc:BudgetYearOne>0.303</proc:BudgetYearOne>
                                        </proc:TotalCost>
                                    </proc:Cost>
                                </proc:CostElement>
                            </proc:CostElementList>
                            <proc:CategorySubtotal>
                                <proc:TotalCost>
                                    <proc:AllPriorYears>3030.412</proc:AllPriorYears>
                                    <proc:PriorYear>378.312</proc:PriorYear>
                                    <proc:CurrentYear>183.599</proc:CurrentYear>
                                    <proc:BudgetYearOneBase>64.57</proc:BudgetYearOneBase>
                                    <proc:BudgetYearOne>64.57</proc:BudgetYearOne>
                                </proc:TotalCost>
                            </proc:CategorySubtotal>
                        </proc:Recurring>
                        <proc:CategorySubtotal>
                            <proc:TotalCost>
                                <proc:AllPriorYears>3030.412</proc:AllPriorYears>
                                <proc:PriorYear>378.312</proc:PriorYear>
                                <proc:CurrentYear>183.599</proc:CurrentYear>
                                <proc:BudgetYearOneBase>64.57</proc:BudgetYearOneBase>
                                <proc:BudgetYearOne>64.57</proc:BudgetYearOne>
                            </proc:TotalCost>
                        </proc:CategorySubtotal>
                    </proc:Flyaway>
                    <proc:Flyaway>
                        <proc:Name>NONRECURRING and ANCILLARY EQUIPMENT</proc:Name>
                        <proc:NonRecurring>
                            <proc:CostElementList>
                                <proc:CostElement>
                                    <proc:Name>2.1.1) SPECIAL TOOLING AND TEST EQUIPMENT</proc:Name>
                                    <proc:Cost>
                                        <proc:TotalCost>
                                            <proc:AllPriorYears>93.514</proc:AllPriorYears>
                                        </proc:TotalCost>
                                    </proc:Cost>
                                </proc:CostElement>
                                <proc:CostElement>
                                    <proc:Name footnote="Containers are procured every other year as required to maintain pace with quantities, ensure in-container reprogramming capability is maintained and replace outdated/damaged containers.">2.1.2) CONTAINERS</proc:Name>
                                    <proc:Cost>
                                        <proc:TotalCost>
                                            <proc:AllPriorYears>9.256</proc:AllPriorYears>
                                            <proc:CurrentYear>2.5</proc:CurrentYear>
                                        </proc:TotalCost>
                                    </proc:Cost>
                                </proc:CostElement>
                            </proc:CostElementList>
                            <proc:CategorySubtotal>
                                <proc:TotalCost>
                                    <proc:AllPriorYears>102.77</proc:AllPriorYears>
                                    <proc:CurrentYear>2.5</proc:CurrentYear>
                                </proc:TotalCost>
                            </proc:CategorySubtotal>
                        </proc:NonRecurring>
                        <proc:CategorySubtotal>
                            <proc:TotalCost>
                                <proc:AllPriorYears>102.77</proc:AllPriorYears>
                                <proc:CurrentYear>2.5</proc:CurrentYear>
                            </proc:TotalCost>
                        </proc:CategorySubtotal>
                    </proc:Flyaway>
                    <proc:Flyaway>
                        <proc:Name>PRODUCTION SUPPORT</proc:Name>
                        <proc:Recurring>
                            <proc:CostElementList>
                                <proc:CostElement>
                                    <proc:Name>3.1.1) TEST SUPPORT</proc:Name>
                                    <proc:Cost>
                                        <proc:TotalCost>
                                            <proc:AllPriorYears>139.525</proc:AllPriorYears>
                                            <proc:PriorYear>1.303</proc:PriorYear>
                                            <proc:CurrentYear>0.825</proc:CurrentYear>
                                            <proc:BudgetYearOneBase>0.884</proc:BudgetYearOneBase>
                                            <proc:BudgetYearOne>0.884</proc:BudgetYearOne>
                                        </proc:TotalCost>
                                    </proc:Cost>
                                </proc:CostElement>
                                <proc:CostElement>
                                    <proc:Name>3.1.2) TECHNICAL SUPPORT</proc:Name>
                                    <proc:Cost>
                                        <proc:TotalCost>
                                            <proc:AllPriorYears>281.816</proc:AllPriorYears>
                                            <proc:PriorYear>3.917</proc:PriorYear>
                                            <proc:CurrentYear>2.197</proc:CurrentYear>
                                            <proc:BudgetYearOneBase>2.044</proc:BudgetYearOneBase>
                                            <proc:BudgetYearOne>2.044</proc:BudgetYearOne>
                                        </proc:TotalCost>
                                    </proc:Cost>
                                </proc:CostElement>
                            </proc:CostElementList>
                            <proc:CategorySubtotal>
                                <proc:TotalCost>
                                    <proc:AllPriorYears>421.341</proc:AllPriorYears>
                                    <proc:PriorYear>5.22</proc:PriorYear>
                                    <proc:CurrentYear>3.022</proc:CurrentYear>
                                    <proc:BudgetYearOneBase>2.928</proc:BudgetYearOneBase>
                                    <proc:BudgetYearOne>2.928</proc:BudgetYearOne>
                                </proc:TotalCost>
                            </proc:CategorySubtotal>
                        </proc:Recurring>
                        <proc:CategorySubtotal>
                            <proc:TotalCost>
                                <proc:AllPriorYears>421.341</proc:AllPriorYears>
                                <proc:PriorYear>5.22</proc:PriorYear>
                                <proc:CurrentYear>3.022</proc:CurrentYear>
                                <proc:BudgetYearOneBase>2.928</proc:BudgetYearOneBase>
                                <proc:BudgetYearOne>2.928</proc:BudgetYearOne>
                            </proc:TotalCost>
                        </proc:CategorySubtotal>
                    </proc:Flyaway>
                    <proc:Support>
                        <proc:CostElementList>
                            <proc:CostElement>
                                <proc:Name>4.1) PECULIAR SUPPORT EQUIPMENT</proc:Name>
                                <proc:Cost>
                                    <proc:TotalCost>
                                        <proc:AllPriorYears>60.88</proc:AllPriorYears>
                                    </proc:TotalCost>
                                </proc:Cost>
                            </proc:CostElement>
                            <proc:CostElement>
                                <proc:Name footnote="Training Equipment request includes funding for the AMRAAM Telemetry System (ATS) to replenish the stock of ATS kits the warfighter expends during AMRAAM live-fire missile training exercises and is based upon the projected number of ATS missile shots planned each year. The ATS enables the warfighter to measure the effectiveness of missile improvements while also becoming more proficient on the missile employment and tactics necessary to fully utilize missile capabilities.">4.2) TRAINING EQUIPMENT</proc:Name>
                                <proc:Cost>
                                    <proc:TotalCost>
                                        <proc:AllPriorYears>42.276</proc:AllPriorYears>
                                        <proc:PriorYear>1.957</proc:PriorYear>
                                        <proc:CurrentYear>2.109</proc:CurrentYear>
                                        <proc:BudgetYearOneBase>2.147</proc:BudgetYearOneBase>
                                        <proc:BudgetYearOne>2.147</proc:BudgetYearOne>
                                    </proc:TotalCost>
                                </proc:Cost>
                            </proc:CostElement>
                            <proc:CostElement>
                                <proc:Name>4.3) INTEGRATED LOGISTICS SUPPORT (ILS)</proc:Name>
                                <proc:Cost>
                                    <proc:TotalCost>
                                        <proc:AllPriorYears>83.514</proc:AllPriorYears>
                                        <proc:PriorYear>0.189</proc:PriorYear>
                                        <proc:CurrentYear>0.263</proc:CurrentYear>
                                        <proc:BudgetYearOneBase>0.268</proc:BudgetYearOneBase>
                                        <proc:BudgetYearOne>0.268</proc:BudgetYearOne>
                                    </proc:TotalCost>
                                </proc:Cost>
                            </proc:CostElement>
                        </proc:CostElementList>
                        <proc:CategorySubtotal>
                            <proc:TotalCost>
                                <proc:AllPriorYears>186.67</proc:AllPriorYears>
                                <proc:PriorYear>2.146</proc:PriorYear>
                                <proc:CurrentYear>2.372</proc:CurrentYear>
                                <proc:BudgetYearOneBase>2.415</proc:BudgetYearOneBase>
                                <proc:BudgetYearOne>2.415</proc:BudgetYearOne>
                            </proc:TotalCost>
                        </proc:CategorySubtotal>
                        <proc:Name>SUPPORT COST - FLEET</proc:Name>
                    </proc:Support>
                </proc:CostElementCategoryList>
            </proc:P5Item>
        </proc:ItemExhibitList>
        <proc:DocumentAssemblyOptions>
            <proc:p40AItemScheduleSetting>total</proc:p40AItemScheduleSetting>
        </proc:DocumentAssemblyOptions>
    </proc:LineItem>
</proc:LineItemList>