<?xml version="1.0" encoding="UTF-8"?>
<proc:LineItemList xmlns:proc="http://www.dtic.mil/comptroller/xml/schema/20100219/procurement">
    <proc:LineItem quantityUnits="Each" unitCostUnits="Dollars" totalCostUnits="Millions" manufacturerRateUnits="Yearly" suppressOutfittingDeliveryBY2ToBY5="true">
        <proc:LineItemNumber>4205</proc:LineItemNumber>
        <proc:LineItemTitle>Close-In Wpns Sys (CIWS) Mods</proc:LineItemTitle>
        <proc:P1LineNumber>52</proc:P1LineNumber>
        <proc:BudgetYear>2026</proc:BudgetYear>
        <proc:BudgetCycle>PB</proc:BudgetCycle>
        <proc:SubmissionDate>2025-06</proc:SubmissionDate>
        <proc:ServiceAgencyName>Navy</proc:ServiceAgencyName>
        <proc:AppropriationNumber>1507N</proc:AppropriationNumber>
        <proc:AppropriationTitle>Weapons Procurement, Navy</proc:AppropriationTitle>
        <proc:BudgetActivityNumber>4</proc:BudgetActivityNumber>
        <proc:BudgetActivityTitle>Other Weapons</proc:BudgetActivityTitle>
        <proc:BudgetSubActivityNumber>2</proc:BudgetSubActivityNumber>
        <proc:BudgetSubActivityTitle>Modification of Guns And Gun Mounts</proc:BudgetSubActivityTitle>
        <proc:ResourceSummary>
            <proc:TotalCost>
                <proc:AllPriorYears>1851.007</proc:AllPriorYears>
                <proc:PriorYear>4.088</proc:PriorYear>
                <proc:CurrentYear>4.266</proc:CurrentYear>
                <proc:BudgetYearOneBase>8.122</proc:BudgetYearOneBase>
                <proc:BudgetYearOneOOC>0</proc:BudgetYearOneOOC>
                <proc:BudgetYearOne>8.122</proc:BudgetYearOne>
            </proc:TotalCost>
            <proc:NetProcurementP1>
                <proc:AllPriorYears>1851.007</proc:AllPriorYears>
                <proc:PriorYear>4.088</proc:PriorYear>
                <proc:CurrentYear>4.266</proc:CurrentYear>
                <proc:BudgetYearOneBase>8.122</proc:BudgetYearOneBase>
                <proc:BudgetYearOneOOC>0</proc:BudgetYearOneOOC>
                <proc:BudgetYearOne>8.122</proc:BudgetYearOne>
            </proc:NetProcurementP1>
            <proc:TotalObligationAuthority>
                <proc:AllPriorYears>1851.007</proc:AllPriorYears>
                <proc:PriorYear>4.088</proc:PriorYear>
                <proc:CurrentYear>4.266</proc:CurrentYear>
                <proc:BudgetYearOneBase>8.122</proc:BudgetYearOneBase>
                <proc:BudgetYearOneOOC>0</proc:BudgetYearOneOOC>
                <proc:BudgetYearOne>8.122</proc:BudgetYearOne>
            </proc:TotalObligationAuthority>
        </proc:ResourceSummary>
        <proc:Code>A</proc:Code>
        <proc:Description>Phalanx Close-In Weapon System (CIWS) is an autonomous combat system that searches, detects, tracks (radar and electro-optic), and engages threats with a 20mm Gatling gun capable of firing 4,500 tungsten penetrator rounds per
minute. Integral to ship self-defense and the anti-air warfare "defense-in-depth" concept, CIWS provides terminal defense against anti-ship missiles and high-speed aircraft penetrating other fleet defenses. Phalanx CIWS can operate
autonomously or be integrated with a ship's combat system.

The CIWS Block 1B configuration provides further defense against asymmetric threats such as small, fast surface craft, low slow-flying fixed and rotary-winged aircraft and unmanned aerial vehicles through the addition of an
integrated Forward-Looking Infra-Red (FLIR) sensor. Block 1B also incorporates an Optimized Gun Barrel (OGB) for tighter ordnance dispersion. Enhanced Lethality Cartridges (ELC) can be used with the OGB for improved target
penetration.

The MK 15 MOD 40 CIWS RAM Defense Capability (CRDC) configuration is fielded aboard select Nimitz Class Carriers (CVN). It is a fast reaction, rapid fire, computer-controlled radar system that employs the Rolling Airframe
Missiles (RAM) as an effector for Anti-Ship Missile (ASM) defense. The latest RAM missile variant (Block 2B) defends against highly maneuverable Anti-Ship Cruise Missile (ASCM) threats and emerging complex raid attacks
utilizing an advanced infrared (IR) seeker and Missile-to-Missile Link (MML) while maintaining all the proven capabilities of previous RAM variants: accurate terminal guidance, proven lethality, and post-launch fire and forget
capability.

[P5 / DT001 CIWS BLOCK 1B]: This budget provides for hardware procurements to address safety, obsolescence, and reliability improvements. There are 237 U.S. (USN/USCG) shipboard systems, 8 trainers, and 3 Engineering Development Module (EDM)/Periodic Conformance Inspection (PCI) mounts.

[P5 / DT001 CIWS (CRDC) MK 15 MOD 40]: Funding supports MK 15 MOD 40 hardware procurement and installation of Ordnance Alterations (ORDALT) to address safety, obsolescence, and reliability.</proc:Description>
        <proc:Justification>The FY 2025 to FY 2026 funding increase procures corrective action and reliability ORDALTs for the MK 15 MOD 40 CRDC sensor.  It also continues 10 procurements for the Gun Ammo Handling System (GAHS) and Electronic Gun Drive (E-Gun) ORDALTs.

The GAHS ORDALT improves system operational availability and reliability by introducing a modified design with improved materials for components that are prone to fatigue and causing ammo handling jams.
The E-Gun ORDALT replaces the pneumatic gun drive components with an electric drive system providing an increased number of engagements thru better control of fire rates and a reduced rate of fire variability. It also reduces
maintenance hours, improves Built-In Test (BIT) and troubleshooting, increases reliability by eliminating high failure pneumatic components and reduces gun jams.

The CRDC reliability ORDALTs increase reliability of the CRDC sensor. The sensor is the primary reliability degrader of the system and corrective actions are necessary to achieve the systems required operational availability.
CRDC corrective action and reliability improvement kit procurements (two per hull) for the Linear Oscillator (LO) and Transformer Rectifier Unit (TRU) begin in FY2026.</proc:Justification>
        <proc:ItemExhibitList>
            <proc:P5Item>
                <proc:Name>Close-In Wpns Sys (CIWS) Mods</proc:Name>
                <proc:ItemNumber>1</proc:ItemNumber>
                <proc:ResourceSummary>
                    <proc:TotalCost>
                        <proc:AllPriorYears>518.566</proc:AllPriorYears>
                        <proc:PriorYear>4.088</proc:PriorYear>
                        <proc:CurrentYear>4.266</proc:CurrentYear>
                        <proc:BudgetYearOneBase>8.122</proc:BudgetYearOneBase>
                        <proc:BudgetYearOneOOC>0</proc:BudgetYearOneOOC>
                        <proc:BudgetYearOne>8.122</proc:BudgetYearOne>
                    </proc:TotalCost>
                    <proc:NetProcurementP1>
                        <proc:AllPriorYears>518.566</proc:AllPriorYears>
                        <proc:PriorYear>4.088</proc:PriorYear>
                        <proc:CurrentYear>4.266</proc:CurrentYear>
                        <proc:BudgetYearOneBase>8.122</proc:BudgetYearOneBase>
                        <proc:BudgetYearOneOOC>0</proc:BudgetYearOneOOC>
                        <proc:BudgetYearOne>8.122</proc:BudgetYearOne>
                    </proc:NetProcurementP1>
                    <proc:TotalObligationAuthority>
                        <proc:AllPriorYears>518.566</proc:AllPriorYears>
                        <proc:PriorYear>4.088</proc:PriorYear>
                        <proc:CurrentYear>4.266</proc:CurrentYear>
                        <proc:BudgetYearOneBase>8.122</proc:BudgetYearOneBase>
                        <proc:BudgetYearOneOOC>0</proc:BudgetYearOneOOC>
                        <proc:BudgetYearOne>8.122</proc:BudgetYearOne>
                    </proc:TotalObligationAuthority>
                </proc:ResourceSummary>
                <proc:CostElementCategoryList>
                    <proc:Flyaway>
                        <proc:Recurring>
                            <proc:CostElementList>
                                <proc:CostElement>
                                    <proc:Name footnote="For ORDALTs the hardware production lead time is 24 months and installations are executed in accordance with Ship Maintenance Availability Schedules.">1.1.1) MK 15 MOD 40 Configuration ORDALT</proc:Name>
                                    <proc:Cost>
                                        <proc:Quantity>
                                            <proc:BudgetYearOneBase>2</proc:BudgetYearOneBase>
                                            <proc:BudgetYearOne>2</proc:BudgetYearOne>
                                        </proc:Quantity>
                                        <proc:TotalCost>
                                            <proc:AllPriorYears>0</proc:AllPriorYears>
                                            <proc:PriorYear>0</proc:PriorYear>
                                            <proc:CurrentYear>0</proc:CurrentYear>
                                            <proc:BudgetYearOneBase>3.557</proc:BudgetYearOneBase>
                                            <proc:BudgetYearOneOOC>0</proc:BudgetYearOneOOC>
                                            <proc:BudgetYearOne>3.557</proc:BudgetYearOne>
                                        </proc:TotalCost>
                                        <proc:UnitCost>
                                            <proc:BudgetYearOneBase>1778500</proc:BudgetYearOneBase>
                                            <proc:BudgetYearOne>1778500</proc:BudgetYearOne>
                                        </proc:UnitCost>
                                    </proc:Cost>
                                </proc:CostElement>
                            </proc:CostElementList>
                            <proc:CategorySubtotal>
                                <proc:TotalCost>
                                    <proc:AllPriorYears>0</proc:AllPriorYears>
                                    <proc:PriorYear>0</proc:PriorYear>
                                    <proc:CurrentYear>0</proc:CurrentYear>
                                    <proc:BudgetYearOneBase>3.557</proc:BudgetYearOneBase>
                                    <proc:BudgetYearOneOOC>0</proc:BudgetYearOneOOC>
                                    <proc:BudgetYearOne>3.557</proc:BudgetYearOne>
                                </proc:TotalCost>
                            </proc:CategorySubtotal>
                        </proc:Recurring>
                        <proc:CategorySubtotal>
                            <proc:TotalCost>
                                <proc:AllPriorYears>0</proc:AllPriorYears>
                                <proc:PriorYear>0</proc:PriorYear>
                                <proc:CurrentYear>0</proc:CurrentYear>
                                <proc:BudgetYearOneBase>3.557</proc:BudgetYearOneBase>
                                <proc:BudgetYearOneOOC>0</proc:BudgetYearOneOOC>
                                <proc:BudgetYearOne>3.557</proc:BudgetYearOne>
                            </proc:TotalCost>
                        </proc:CategorySubtotal>
                    </proc:Flyaway>
                    <proc:Hardware>
                        <proc:Name>DT001 CIWS BLOCK 1B</proc:Name>
                        <proc:Recurring>
                            <proc:CostElementList>
                                <proc:CostElement>
                                    <proc:Name>2.1.1) ECP/ORDALT</proc:Name>
                                    <proc:Cost>
                                        <proc:TotalCost>
                                            <proc:AllPriorYears>380.199</proc:AllPriorYears>
                                            <proc:PriorYear>4.088</proc:PriorYear>
                                            <proc:CurrentYear>0.415</proc:CurrentYear>
                                            <proc:BudgetYearOneBase>0.239</proc:BudgetYearOneBase>
                                            <proc:BudgetYearOneOOC>0</proc:BudgetYearOneOOC>
                                            <proc:BudgetYearOne>0.239</proc:BudgetYearOne>
                                        </proc:TotalCost>
                                    </proc:Cost>
                                </proc:CostElement>
                                <proc:CostElement>
                                    <proc:Name>2.1.2) Gun Ammo Handling System ORDALT</proc:Name>
                                    <proc:Cost>
                                        <proc:TotalCost>
                                            <proc:AllPriorYears>0</proc:AllPriorYears>
                                            <proc:PriorYear>0</proc:PriorYear>
                                            <proc:CurrentYear>0.451</proc:CurrentYear>
                                            <proc:BudgetYearOneBase>0.507</proc:BudgetYearOneBase>
                                            <proc:BudgetYearOneOOC>0</proc:BudgetYearOneOOC>
                                            <proc:BudgetYearOne>0.507</proc:BudgetYearOne>
                                        </proc:TotalCost>
                                    </proc:Cost>
                                </proc:CostElement>
                                <proc:CostElement>
                                    <proc:Name>2.1.3) EGUN ORDALT</proc:Name>
                                    <proc:Cost>
                                        <proc:TotalCost>
                                            <proc:AllPriorYears>0</proc:AllPriorYears>
                                            <proc:PriorYear>0</proc:PriorYear>
                                            <proc:CurrentYear>3.4</proc:CurrentYear>
                                            <proc:BudgetYearOneBase>3.819</proc:BudgetYearOneBase>
                                            <proc:BudgetYearOneOOC>0</proc:BudgetYearOneOOC>
                                            <proc:BudgetYearOne>3.819</proc:BudgetYearOne>
                                        </proc:TotalCost>
                                    </proc:Cost>
                                </proc:CostElement>
                            </proc:CostElementList>
                            <proc:CategorySubtotal>
                                <proc:TotalCost>
                                    <proc:AllPriorYears>380.199</proc:AllPriorYears>
                                    <proc:PriorYear>4.088</proc:PriorYear>
                                    <proc:CurrentYear>4.266</proc:CurrentYear>
                                    <proc:BudgetYearOneBase>4.565</proc:BudgetYearOneBase>
                                    <proc:BudgetYearOneOOC>0</proc:BudgetYearOneOOC>
                                    <proc:BudgetYearOne>4.565</proc:BudgetYearOne>
                                </proc:TotalCost>
                            </proc:CategorySubtotal>
                        </proc:Recurring>
                        <proc:CategorySubtotal>
                            <proc:TotalCost>
                                <proc:AllPriorYears>380.199</proc:AllPriorYears>
                                <proc:PriorYear>4.088</proc:PriorYear>
                                <proc:CurrentYear>4.266</proc:CurrentYear>
                                <proc:BudgetYearOneBase>4.565</proc:BudgetYearOneBase>
                                <proc:BudgetYearOneOOC>0</proc:BudgetYearOneOOC>
                                <proc:BudgetYearOne>4.565</proc:BudgetYearOne>
                            </proc:TotalCost>
                        </proc:CategorySubtotal>
                    </proc:Hardware>
                    <proc:Hardware>
                        <proc:Name>DT001 CIWS (CRDC) MK 15 MOD 40</proc:Name>
                        <proc:NonRecurring>
                            <proc:CostElementList>
                                <proc:CostElement>
                                    <proc:Name>3.1.1) Sensor Upgrades</proc:Name>
                                    <proc:Cost>
                                        <proc:TotalCost>
                                            <proc:AllPriorYears>138.367</proc:AllPriorYears>
                                            <proc:PriorYear>0</proc:PriorYear>
                                            <proc:CurrentYear>0</proc:CurrentYear>
                                            <proc:BudgetYearOneBase>0</proc:BudgetYearOneBase>
                                            <proc:BudgetYearOneOOC>0</proc:BudgetYearOneOOC>
                                            <proc:BudgetYearOne>0</proc:BudgetYearOne>
                                        </proc:TotalCost>
                                    </proc:Cost>
                                </proc:CostElement>
                            </proc:CostElementList>
                            <proc:CategorySubtotal>
                                <proc:TotalCost>
                                    <proc:AllPriorYears>138.367</proc:AllPriorYears>
                                    <proc:PriorYear>0</proc:PriorYear>
                                    <proc:CurrentYear>0</proc:CurrentYear>
                                    <proc:BudgetYearOneBase>0</proc:BudgetYearOneBase>
                                    <proc:BudgetYearOneOOC>0</proc:BudgetYearOneOOC>
                                    <proc:BudgetYearOne>0</proc:BudgetYearOne>
                                </proc:TotalCost>
                            </proc:CategorySubtotal>
                        </proc:NonRecurring>
                        <proc:CategorySubtotal>
                            <proc:TotalCost>
                                <proc:AllPriorYears>138.367</proc:AllPriorYears>
                                <proc:PriorYear>0</proc:PriorYear>
                                <proc:CurrentYear>0</proc:CurrentYear>
                                <proc:BudgetYearOneBase>0</proc:BudgetYearOneBase>
                                <proc:BudgetYearOneOOC>0</proc:BudgetYearOneOOC>
                                <proc:BudgetYearOne>0</proc:BudgetYearOne>
                            </proc:TotalCost>
                        </proc:CategorySubtotal>
                    </proc:Hardware>
                </proc:CostElementCategoryList>
            </proc:P5Item>
            <proc:P3AModificationItemGroup>
                <proc:ModificationTitle>Block 1B Baseline 2 Radar Upgrades</proc:ModificationTitle>
                <proc:ModificationNumber>1</proc:ModificationNumber>
                <proc:ModificationType>ECP/ORDALT</proc:ModificationType>
                <proc:Model>CIWS Block 1B Block 1B Baseline 2 Radar Upgrades</proc:Model>
                <proc:ResourceSummary>
                    <proc:TotalCost>
                        <proc:AllPriorYears>187.359</proc:AllPriorYears>
                        <proc:PriorYear>0</proc:PriorYear>
                        <proc:CurrentYear>0</proc:CurrentYear>
                        <proc:BudgetYearOneBase>0</proc:BudgetYearOneBase>
                        <proc:BudgetYearOneOOC>0</proc:BudgetYearOneOOC>
                        <proc:BudgetYearOne>0</proc:BudgetYearOne>
                    </proc:TotalCost>
                    <proc:NetProcurementP1>
                        <proc:AllPriorYears>187.359</proc:AllPriorYears>
                        <proc:PriorYear>0</proc:PriorYear>
                        <proc:CurrentYear>0</proc:CurrentYear>
                        <proc:BudgetYearOneBase>0</proc:BudgetYearOneBase>
                        <proc:BudgetYearOneOOC>0</proc:BudgetYearOneOOC>
                        <proc:BudgetYearOne>0</proc:BudgetYearOne>
                    </proc:NetProcurementP1>
                    <proc:TotalObligationAuthority>
                        <proc:AllPriorYears>187.359</proc:AllPriorYears>
                        <proc:PriorYear>0</proc:PriorYear>
                        <proc:CurrentYear>0</proc:CurrentYear>
                        <proc:BudgetYearOneBase>0</proc:BudgetYearOneBase>
                        <proc:BudgetYearOneOOC>0</proc:BudgetYearOneOOC>
                        <proc:BudgetYearOne>0</proc:BudgetYearOne>
                    </proc:TotalObligationAuthority>
                </proc:ResourceSummary>
                <proc:ModificationItemList>
                    <proc:ModificationItem>
                        <proc:Title>Block 1B Baseline 2 Radar Upgrades</proc:Title>
                        <proc:Procurement>
                            <proc:BKits>
                                <proc:Recurring>
                                    <proc:KitList>
                                        <proc:Kit>
                                            <proc:Name>1.1.1) Block 1B Baseline 2 Radar Upgrades - Organic</proc:Name>
                                            <proc:Cost>
                                                <proc:Quantity>
                                                    <proc:AllPriorYears>259</proc:AllPriorYears>
                                                </proc:Quantity>
                                                <proc:TotalCost>
                                                    <proc:AllPriorYears>187.359</proc:AllPriorYears>
                                                </proc:TotalCost>
                                            </proc:Cost>
                                        </proc:Kit>
                                    </proc:KitList>
                                    <proc:CategorySubtotal>
                                        <proc:TotalCost>
                                            <proc:AllPriorYears>187.359</proc:AllPriorYears>
                                        </proc:TotalCost>
                                    </proc:CategorySubtotal>
                                </proc:Recurring>
                                <proc:CategorySubtotal>
                                    <proc:TotalCost>
                                        <proc:AllPriorYears>187.359</proc:AllPriorYears>
                                    </proc:TotalCost>
                                </proc:CategorySubtotal>
                            </proc:BKits>
                            <proc:ManufacturerList>
                                <proc:Manufacturer>
                                    <proc:Name>Raytheon CO</proc:Name>
                                    <proc:Location>Louisville KY</proc:Location>
                                    <proc:AdminLeadTimeAfterOct1InMonths>3</proc:AdminLeadTimeAfterOct1InMonths>
                                    <proc:ProductionLeadTimeAfterOct1InMonths>12</proc:ProductionLeadTimeAfterOct1InMonths>
                                </proc:Manufacturer>
                            </proc:ManufacturerList>
                            <proc:TotalCost>
                                <proc:Quantity>
                                    <proc:AllPriorYears>259</proc:AllPriorYears>
                                </proc:Quantity>
                                <proc:TotalCost>
                                    <proc:AllPriorYears>187.359</proc:AllPriorYears>
                                </proc:TotalCost>
                            </proc:TotalCost>
                        </proc:Procurement>
                    </proc:ModificationItem>
                </proc:ModificationItemList>
                <proc:ProcurementSubtotal>
                    <proc:TotalCost>
                        <proc:AllPriorYears>187.359</proc:AllPriorYears>
                    </proc:TotalCost>
                </proc:ProcurementSubtotal>
                <proc:Description>The CIWS Block 1B Baseline 2 Radar Upgrade (RUG) Kit is required for CGs, CVNs, DDGs, LCCs, LHAs, LHDs, LPDs, LSDs and WMSLs platforms. The CIWS Block IB Baseline 2 RUG kit is new state of the art digital radar that provides improved performance and increased reliability. It mitigates 200 obsolete components inherent in the existing analog radar by introducing advanced COTS-based signal processing coupled with new low noise signal source. It provides a 2x sensitivity increase along with expanded Doppler (velocity) coverage required for detection and tracking of advanced ASCM and asymmetric threats, provides a 10% increase in system level reliability and provides a 15% reduction in sailor man-hours required for CIWS planned system maintenance.</proc:Description>
            </proc:P3AModificationItemGroup>
            <proc:P3AModificationItemGroup>
                <proc:ModificationTitle>CIWS Block 1 B</proc:ModificationTitle>
                <proc:ModificationNumber>2</proc:ModificationNumber>
                <proc:ModificationType>Phalanx CIWS Block 1</proc:ModificationType>
                <proc:Model>DT001 CIWS Block 1B CIWS Block 1B</proc:Model>
                <proc:ResourceSummary>
                    <proc:TotalCost>
                        <proc:AllPriorYears>1145.082</proc:AllPriorYears>
                        <proc:PriorYear>0</proc:PriorYear>
                        <proc:CurrentYear>0</proc:CurrentYear>
                        <proc:BudgetYearOneBase>0</proc:BudgetYearOneBase>
                        <proc:BudgetYearOneOOC>0</proc:BudgetYearOneOOC>
                        <proc:BudgetYearOne>0</proc:BudgetYearOne>
                    </proc:TotalCost>
                    <proc:NetProcurementP1>
                        <proc:AllPriorYears>1145.082</proc:AllPriorYears>
                        <proc:PriorYear>0</proc:PriorYear>
                        <proc:CurrentYear>0</proc:CurrentYear>
                        <proc:BudgetYearOneBase>0</proc:BudgetYearOneBase>
                        <proc:BudgetYearOneOOC>0</proc:BudgetYearOneOOC>
                        <proc:BudgetYearOne>0</proc:BudgetYearOne>
                    </proc:NetProcurementP1>
                    <proc:TotalObligationAuthority>
                        <proc:AllPriorYears>1145.082</proc:AllPriorYears>
                        <proc:PriorYear>0</proc:PriorYear>
                        <proc:CurrentYear>0</proc:CurrentYear>
                        <proc:BudgetYearOneBase>0</proc:BudgetYearOneBase>
                        <proc:BudgetYearOneOOC>0</proc:BudgetYearOneOOC>
                        <proc:BudgetYearOne>0</proc:BudgetYearOne>
                    </proc:TotalObligationAuthority>
                </proc:ResourceSummary>
                <proc:ModificationItemList>
                    <proc:ModificationItem>
                        <proc:Title>CIWS Block 1 B</proc:Title>
                        <proc:Procurement>
                            <proc:BKits>
                                <proc:NonRecurring>
                                    <proc:KitList>
                                        <proc:Kit>
                                            <proc:Name>1.1.1) CIWS Block 1B - NonOrganic</proc:Name>
                                            <proc:Cost>
                                                <proc:Quantity>
                                                    <proc:AllPriorYears>239</proc:AllPriorYears>
                                                </proc:Quantity>
                                                <proc:TotalCost>
                                                    <proc:AllPriorYears>505.717</proc:AllPriorYears>
                                                </proc:TotalCost>
                                            </proc:Cost>
                                        </proc:Kit>
                                        <proc:Kit>
                                            <proc:Name>1.1.2) Modifications Kits CIWS Block 1B Conversion and Upgrade - Organic</proc:Name>
                                            <proc:Cost>
                                                <proc:TotalCost>
                                                    <proc:AllPriorYears>464.686</proc:AllPriorYears>
                                                </proc:TotalCost>
                                            </proc:Cost>
                                        </proc:Kit>
                                    </proc:KitList>
                                    <proc:CategorySubtotal>
                                        <proc:TotalCost>
                                            <proc:AllPriorYears>970.403</proc:AllPriorYears>
                                        </proc:TotalCost>
                                    </proc:CategorySubtotal>
                                </proc:NonRecurring>
                                <proc:CategorySubtotal>
                                    <proc:TotalCost>
                                        <proc:AllPriorYears>970.403</proc:AllPriorYears>
                                    </proc:TotalCost>
                                </proc:CategorySubtotal>
                            </proc:BKits>
                            <proc:ManufacturerList>
                                <proc:Manufacturer>
                                    <proc:Name>Raytheon Co</proc:Name>
                                    <proc:Location>Louisville KY</proc:Location>
                                    <proc:AdminLeadTimeAfterOct1InMonths>0</proc:AdminLeadTimeAfterOct1InMonths>
                                    <proc:ProductionLeadTimeAfterOct1InMonths>26</proc:ProductionLeadTimeAfterOct1InMonths>
                                </proc:Manufacturer>
                            </proc:ManufacturerList>
                            <proc:TotalCost>
                                <proc:Quantity>
                                    <proc:AllPriorYears>239</proc:AllPriorYears>
                                </proc:Quantity>
                                <proc:TotalCost>
                                    <proc:AllPriorYears>970.403</proc:AllPriorYears>
                                </proc:TotalCost>
                            </proc:TotalCost>
                        </proc:Procurement>
                        <proc:Installation>
                            <proc:ImplementationMethodList>
                                <proc:ImplementationMethod>
                                    <proc:NonOrganicInstallation>
                                        <proc:ImplementationMethodName>Non-Recurring:: Installation Name: BKits</proc:ImplementationMethodName>
                                        <proc:InstallationCost>
                                            <proc:AllPriorYears>
                                                <proc:Cost>
                                                    <proc:Quantity>
                                                        <proc:AllPriorYears>247</proc:AllPriorYears>
                                                    </proc:Quantity>
                                                    <proc:TotalCost>
                                                        <proc:AllPriorYears>174.679</proc:AllPriorYears>
                                                    </proc:TotalCost>
                                                </proc:Cost>
                                            </proc:AllPriorYears>
                                            <proc:Total>
                                                <proc:Cost>
                                                    <proc:Quantity>
                                                        <proc:AllPriorYears>247</proc:AllPriorYears>
                                                    </proc:Quantity>
                                                    <proc:TotalCost>
                                                        <proc:AllPriorYears>174.679</proc:AllPriorYears>
                                                    </proc:TotalCost>
                                                </proc:Cost>
                                            </proc:Total>
                                        </proc:InstallationCost>
                                        <proc:InstallationSchedule>
                                            <proc:In>
                                                <proc:AllPriorYears>237</proc:AllPriorYears>
                                            </proc:In>
                                            <proc:Out>
                                                <proc:AllPriorYears>237</proc:AllPriorYears>
                                            </proc:Out>
                                        </proc:InstallationSchedule>
                                    </proc:NonOrganicInstallation>
                                </proc:ImplementationMethod>
                            </proc:ImplementationMethodList>
                            <proc:TotalCost>
                                <proc:TotalCost>
                                    <proc:AllPriorYears>174.679</proc:AllPriorYears>
                                    <proc:PriorYear>0</proc:PriorYear>
                                    <proc:CurrentYear>0</proc:CurrentYear>
                                    <proc:BudgetYearOneBase>0</proc:BudgetYearOneBase>
                                    <proc:BudgetYearOneOOC>0</proc:BudgetYearOneOOC>
                                    <proc:BudgetYearOne>0</proc:BudgetYearOne>
                                </proc:TotalCost>
                            </proc:TotalCost>
                        </proc:Installation>
                    </proc:ModificationItem>
                </proc:ModificationItemList>
                <proc:ProcurementSubtotal>
                    <proc:TotalCost>
                        <proc:AllPriorYears>970.403</proc:AllPriorYears>
                    </proc:TotalCost>
                </proc:ProcurementSubtotal>
                <proc:InstallationSubtotal>
                    <proc:TotalCost>
                        <proc:AllPriorYears>174.679</proc:AllPriorYears>
                    </proc:TotalCost>
                </proc:InstallationSubtotal>
                <proc:Description>The Block 1B mount includes the addition of a thermal imager, an automatic acquisition video tracker, and stabilization system for the tracker.  The upgrade is essential to provide the Fleet capability against small high speed surface threats and low speed air threats.

[CIWS Block 1B] Installation schedule reflects the installation of the CIWS Block 1B and the modification kits CIWS Block 1B conversion upgrade.  These 2 cost elements are incorporated into the mount at the factory and the complete mount is installed.  It also includes eight SeaRAM installations for Rota-based DDGs (in FY 2019-2021) procured under separate budget line items.  The budget also provides for the Design Service Allocation (DSA) efforts associated with the planning yard ship checks, Ship Installation Drawing (SID) development, installation on-site support and Ship Selected Record (SSR) updates.</proc:Description>
            </proc:P3AModificationItemGroup>
        </proc:ItemExhibitList>
        <proc:DocumentAssemblyOptions>
            <proc:p40AItemScheduleSetting>total</proc:p40AItemScheduleSetting>
        </proc:DocumentAssemblyOptions>
    </proc:LineItem>
</proc:LineItemList>