<?xml version="1.0" encoding="UTF-8"?>
<proc:LineItemList xmlns:proc="http://www.dtic.mil/comptroller/xml/schema/20100219/procurement">
    <proc:LineItem quantityUnits="Each" unitCostUnits="Dollars" totalCostUnits="Millions" manufacturerRateUnits="Yearly" suppressOutfittingDeliveryBY2ToBY5="true">
        <proc:LineItemNumber>3225</proc:LineItemNumber>
        <proc:LineItemTitle>MK-48 Torpedo ADCAP Mods</proc:LineItemTitle>
        <proc:P1LineNumber>44</proc:P1LineNumber>
        <proc:BudgetYear>2026</proc:BudgetYear>
        <proc:BudgetCycle>PB</proc:BudgetCycle>
        <proc:SubmissionDate>2025-06</proc:SubmissionDate>
        <proc:ServiceAgencyName>Navy</proc:ServiceAgencyName>
        <proc:AppropriationNumber>1507N</proc:AppropriationNumber>
        <proc:AppropriationTitle>Weapons Procurement, Navy</proc:AppropriationTitle>
        <proc:BudgetActivityNumber>3</proc:BudgetActivityNumber>
        <proc:BudgetActivityTitle>Torpedoes and Related Equipment</proc:BudgetActivityTitle>
        <proc:BudgetSubActivityNumber>2</proc:BudgetSubActivityNumber>
        <proc:BudgetSubActivityTitle>Mod of Torpedoes and Related Equip</proc:BudgetSubActivityTitle>
        <proc:ResourceSummary>
            <proc:Quantity>
                <proc:AllPriorYears>58</proc:AllPriorYears>
            </proc:Quantity>
            <proc:TotalCost>
                <proc:AllPriorYears>1406.491</proc:AllPriorYears>
                <proc:PriorYear>20.714</proc:PriorYear>
                <proc:CurrentYear>17.363</proc:CurrentYear>
                <proc:BudgetYearOneBase>31.479</proc:BudgetYearOneBase>
                <proc:BudgetYearOneOOC>0</proc:BudgetYearOneOOC>
                <proc:BudgetYearOne>31.479</proc:BudgetYearOne>
            </proc:TotalCost>
            <proc:UnitCost>
                <proc:AllPriorYears>24249844.83</proc:AllPriorYears>
            </proc:UnitCost>
            <proc:NetProcurementP1>
                <proc:AllPriorYears>1406.491</proc:AllPriorYears>
                <proc:PriorYear>20.714</proc:PriorYear>
                <proc:CurrentYear>17.363</proc:CurrentYear>
                <proc:BudgetYearOneBase>31.479</proc:BudgetYearOneBase>
                <proc:BudgetYearOneOOC>0</proc:BudgetYearOneOOC>
                <proc:BudgetYearOne>31.479</proc:BudgetYearOne>
            </proc:NetProcurementP1>
            <proc:TotalObligationAuthority>
                <proc:AllPriorYears>1406.491</proc:AllPriorYears>
                <proc:PriorYear>20.714</proc:PriorYear>
                <proc:CurrentYear>17.363</proc:CurrentYear>
                <proc:BudgetYearOneBase>31.479</proc:BudgetYearOneBase>
                <proc:BudgetYearOneOOC>0</proc:BudgetYearOneOOC>
                <proc:BudgetYearOne>31.479</proc:BudgetYearOne>
            </proc:TotalObligationAuthority>
            <proc:InitialSpares>
                <proc:BudgetYearOneBase>0.862</proc:BudgetYearOneBase>
                <proc:BudgetYearOne>0.862</proc:BudgetYearOne>
            </proc:InitialSpares>
            <proc:FlyawayUnitCost>
                <proc:AllPriorYears>0</proc:AllPriorYears>
            </proc:FlyawayUnitCost>
        </proc:ResourceSummary>
        <proc:Code>A</proc:Code>
        <proc:Description>The CBASS torpedo kit consists of three major components: Guidance &amp; Control Box (GCB), a Broadband Sonar Analog Receiver (BSAR), and preamplifier. Procurement of GCB continues from Mods in production since FY 2002 and procurement of the BSAR began in FY 2004. The BSAR is a CBASS specific item, which consists of a preamplifier, receiver, and interfacing hardware that provides the capability to transmit and receive over a wide frequency band; taking advantage of broadband signal processing techniques. This provides for improvements in advanced threat countermeasures (CMs) capabilities.

[P5 / D1001 Hardware]: Funding under this cost code provides for the procurement of CBASS hardware kits from the contractor.
 - Engineering Services / Engineering Change Proposals (ECP) funding for (1)studies, (2)plans, (3)design changes, and (4)implementation of design changes by the contractor; primarily due to obsolescence that occurs during the contract performance.
 - Non-Recurring Engineering (NRE) funding to resolve production issues, including obsolescence. Non-Recurring Engineering (NRE) funds the procurement of Proof of Manufacturing (POM) units for government testing, first article testing, tooling and test equipment, procurement of technical data package updates, and start-up costs for the production contract.
 - Installation funding for government installation of kits procured in prior years. The installation includes required upgrades to convert the MK 48 MOD 6 Torpedo into a MK 48 MOD 7 Torpedo. The pre-amp, guidance control box, EMI filter, and Broadband Sonar Analog Receiver (BSAR) are installed at the government Intermediate Maintenance Activity. 
 - Diminishing Manufacturing Sources (DMS) funds are provided to procure electronic parts, which are declared obsolete by the original equipment manufacturing. This is done to avoid the cost of an expensive redesign in the CBASS kit during execution of the production contract. The contractor will be required to procure, deliver, and store the MK 48 Mod 7 DMS material for these obsolete components.

[P5 / D1002 - MK 48 MOD 8 Hardware]: This cost code provides for the procurement of the MK 48 MOD 8 Guidance &amp; Control (G&amp;C) Section upgrade, which will supply a new G&amp;C section, including new Sonar Assembly (higher density array, transmitter, receiver), Guidance and Control Box (GCB), Tuning Box, and an Ethernet device switch. In addition to the G&amp;C section, the MOD 8 upgrade will also feature a new Warhead Electronics System (WES) to support improved fuzing and the Improved Post Launch Communications System (IPLCS), which will replace the existing copper guidance wire with fiber optics. Improvements are needed in the presence of advanced countermeasures, shallow water, low Doppler targets, Very Shallow Water (VSW), improved fuzing and Anti Surface Warfare (ASuW) performance. MK 48 MOD 8 upgrade allows full fleet introduction of the APB-6 and to meet requirements of MK 48 Improvements CDD (857-97-12). Other Items in this Cost Code include:
 -Engineering services / Engineering Change Proposals (ECPs) funding for (1)studies, (2)plans, (3)design changes, and (4)implementation of design changes by the contractor(s), primarily due to obsolescence that occurs during the
contract performance. 
 - Diminishing Manufacturing Sources (DMS) funds are provided to procure electronic parts, which are declared obsolete by the original equipment manufacturing. This is done to avoid the cost of an expensive redesign in the MK 48 MOD 8 kit during execution of the production contract. The contractor will be required to procure, deliver, and store the MK 48 MOD 8 DMS material for these obsolete components.

[P5 / D1004 - MK48 MOD 9 Afterbody Tail cone (ABTC) Section Upgrade]: MK48 Mod 9 Technology Insertion TI-2 represents significant improvements to the MK 48 MOD 7 and MOD 8 heavyweight torpedo (HWT) including propulsion upgrades providing extended range and advance sensing capabilities against surface and subsurface targets. MK 48 MOD 8 (TI-1) and MK 48 MOD 9 (TI-2) provide two distinctly different capabilities and are operationally intended for different mission sets. The MK48 Mod 9 ABTC Technology Insertion 2 (TI-2) hardware upgrades, which provides advanced sensing, processing, and propulsion technologies were developed under OSD SCO, and ONR FNC research and development programs and are transitioning to Production starting FY28 and out.

[P5 / D1003 - Support and Ancillary Equipment]: Funding under this cost code provides procurement and maintenance of support and test equipment at Naval Undersea Warfare Centers (NUWC) Keyport and the contractor facility for assembly, testing, and integration.

[P5 / D1830 - Production Engineering (Contractor &amp; In-House)]: Funding under this cost code provides for production tasks performed by NUWC NPT and KPT and includes review of contractor generated Engineering Change Proposals (ECP), review and resolution of contractor failures and proposed corrective action, configuration management activities, contractor monitoring, risk analysis, technical problem resolution, software engineering, safety, integrated logistics support, environmental engineering, and information systems.  Funding maintains production specification in accordance with production processes, provides subject matter experts to support root cause analysis of failed contractor hardware, and monitor contractor defect reduction processes to ensure deficiencies are effectively addressed.  Funding is also provided for program office acquisition support.

[P5 / D1840 - Quality Assurance]: Funding under this cost code provides for quality assurance (QA) tasks performed by NUWC DIV KPT and NPT including: QA review of the contractor and subcontractor's data, review of the documentation indicating conformity to product performance requirements, and review of objective quality evidence.

[P5 / D1860 - Acceptance T&amp;E (Contractor &amp; In-House)]: Funding under this cost code provides for Government production acceptance testing of contractor hardware.

[P5 / D1CA1 - Obsolescence]: Funding under this cost code provides for production engineering tasks associated with MK-48 hardware obsolescence.

[P5 / D1CA2 - Tech Insert]: Funding under this cost code provides for production engineering tasks associated with a technology refresh for the MK-48 sonar array and signal processor cards.

[P5 / D1CA3 - ASW Enhancements]: Funding under this cost code provides for production engineering tasks associated with a technology refresh for the MK-48 sonar array.</proc:Description>
        <proc:Justification>FY26 Program Changes:

ITEM 1.1.4 D1001 CBASS Installation:  FY 2026 funding request decreased due to a reduction in the installation of 4 MK48 MOD 7 Common Broadband Advanced Sonar System (CBASS) kits procured in prior years (4 from FY 2022 option) versus 22 kits installed in FY 2025 (22 from FY 2021 Option).

ITEM 4.1 D1003 Support Equipment:  increase from FY 2025 to FY 2026 of $16.138 million for MK48 Support Equipment funding request is to support the procurement MK48 Mod 8 G&amp;C Unique Test Equipment to be able to procure expected MOD 8 Kits, AUR procurements and increase production capacity to full rate quantities. The test sets require up to three years to procure and build so need to be ordered at least a year before the production procurement to support testing of the production units. This supports the ability to maintain a "hot" MK48 HWT production line.</proc:Justification>
        <proc:ItemExhibitList>
            <proc:P5Item>
                <proc:Name>MK-48 Torpedo ADCAP Mods</proc:Name>
                <proc:ItemNumber>1</proc:ItemNumber>
                <proc:ResourceSummary>
                    <proc:Quantity>
                        <proc:AllPriorYears>58</proc:AllPriorYears>
                    </proc:Quantity>
                    <proc:TotalCost>
                        <proc:AllPriorYears>1406.491</proc:AllPriorYears>
                        <proc:PriorYear>20.714</proc:PriorYear>
                        <proc:CurrentYear>17.363</proc:CurrentYear>
                        <proc:BudgetYearOneBase>31.479</proc:BudgetYearOneBase>
                        <proc:BudgetYearOneOOC>0</proc:BudgetYearOneOOC>
                        <proc:BudgetYearOne>31.479</proc:BudgetYearOne>
                    </proc:TotalCost>
                    <proc:UnitCost>
                        <proc:AllPriorYears>24249844.83</proc:AllPriorYears>
                    </proc:UnitCost>
                    <proc:NetProcurementP1>
                        <proc:AllPriorYears>1406.491</proc:AllPriorYears>
                        <proc:PriorYear>20.714</proc:PriorYear>
                        <proc:CurrentYear>17.363</proc:CurrentYear>
                        <proc:BudgetYearOneBase>31.479</proc:BudgetYearOneBase>
                        <proc:BudgetYearOneOOC>0</proc:BudgetYearOneOOC>
                        <proc:BudgetYearOne>31.479</proc:BudgetYearOne>
                    </proc:NetProcurementP1>
                    <proc:TotalObligationAuthority>
                        <proc:AllPriorYears>1406.491</proc:AllPriorYears>
                        <proc:PriorYear>20.714</proc:PriorYear>
                        <proc:CurrentYear>17.363</proc:CurrentYear>
                        <proc:BudgetYearOneBase>31.479</proc:BudgetYearOneBase>
                        <proc:BudgetYearOneOOC>0</proc:BudgetYearOneOOC>
                        <proc:BudgetYearOne>31.479</proc:BudgetYearOne>
                    </proc:TotalObligationAuthority>
                    <proc:InitialSpares>
                        <proc:BudgetYearOneBase>0.862</proc:BudgetYearOneBase>
                        <proc:BudgetYearOne>0.862</proc:BudgetYearOne>
                    </proc:InitialSpares>
                </proc:ResourceSummary>
                <proc:CostElementCategoryList>
                    <proc:Hardware>
                        <proc:Name>D1001 Hardware</proc:Name>
                        <proc:Recurring>
                            <proc:CostElementList>
                                <proc:CostElement>
                                    <proc:Name>1.1.1) ADCAP Mod Kits</proc:Name>
                                    <proc:Cost>
                                        <proc:TotalCost>
                                            <proc:AllPriorYears>228.988</proc:AllPriorYears>
                                        </proc:TotalCost>
                                    </proc:Cost>
                                </proc:CostElement>
                                <proc:CostElement>
                                    <proc:Name>1.1.2) CBASS Kits</proc:Name>
                                    <proc:Cost>
                                        <proc:Quantity>
                                            <proc:AllPriorYears>1149</proc:AllPriorYears>
                                        </proc:Quantity>
                                        <proc:TotalCost>
                                            <proc:AllPriorYears>329.827</proc:AllPriorYears>
                                        </proc:TotalCost>
                                        <proc:UnitCost>
                                            <proc:AllPriorYears>287055.7</proc:AllPriorYears>
                                        </proc:UnitCost>
                                    </proc:Cost>
                                    <proc:AllPriorYearsDeliveries>925</proc:AllPriorYearsDeliveries>
                                    <proc:ManufacturerList>
                                        <proc:Manufacturer>
                                            <proc:Name>LOCKHEED MARTIN/SIPPICAN FY18 Option</proc:Name>
                                            <proc:Location>Marion, MA</proc:Location>
                                            <proc:MinimumSustainingRate>30</proc:MinimumSustainingRate>
                                            <proc:MaximumProductionRate>90</proc:MaximumProductionRate>
                                            <proc:Rate185>50</proc:Rate185>
                                            <proc:InitialQuantity>
                                                <proc:AdminLeadTimeBeforeOct1InMonths>0</proc:AdminLeadTimeBeforeOct1InMonths>
                                                <proc:AdminLeadTimeAfterOct1InMonths>0</proc:AdminLeadTimeAfterOct1InMonths>
                                                <proc:ProductionLeadTimeAfterOct1InMonths>35</proc:ProductionLeadTimeAfterOct1InMonths>
                                                <proc:TotalLeadTimeAfterOct1InMonths>35</proc:TotalLeadTimeAfterOct1InMonths>
                                            </proc:InitialQuantity>
                                            <proc:ReorderQuantity>
                                                <proc:AdminLeadTimeBeforeOct1InMonths>0</proc:AdminLeadTimeBeforeOct1InMonths>
                                                <proc:AdminLeadTimeAfterOct1InMonths>0</proc:AdminLeadTimeAfterOct1InMonths>
                                                <proc:ProductionLeadTimeAfterOct1InMonths>35</proc:ProductionLeadTimeAfterOct1InMonths>
                                                <proc:TotalLeadTimeAfterOct1InMonths>35</proc:TotalLeadTimeAfterOct1InMonths>
                                            </proc:ReorderQuantity>
                                            <proc:HistoryPlanningList>
                                                <proc:HistoryPlanning>
                                                    <proc:FiscalYear>2018</proc:FiscalYear>
                                                    <proc:PCOLocation>NAVSEA</proc:PCOLocation>
                                                    <proc:AwardDate>2018-08</proc:AwardDate>
                                                    <proc:FirstDeliveryDate>2021-07</proc:FirstDeliveryDate>
                                                    <proc:Quantity>53</proc:Quantity>
                                                    <proc:UnitCost>204193.00</proc:UnitCost>
                                                    <proc:SpecsAvailableNow>true</proc:SpecsAvailableNow>
                                                    <proc:ContractMethod>C</proc:ContractMethod>
                                                    <proc:ContractType>FFP</proc:ContractType>
                                                    <proc:MonthlyDeliveryScheduleList>
                                                        <proc:MonthlyDeliverySchedule>
                                                            <proc:ServiceAgencyName>Navy</proc:ServiceAgencyName>
                                                            <proc:ProcQuantity>53</proc:ProcQuantity>
                                                            <proc:MonthlyDeliveryList>
                                                                <proc:MonthlyDelivery>
                                                                    <proc:Month>2021-07</proc:Month>
                                                                    <proc:Amount>3</proc:Amount>
                                                                </proc:MonthlyDelivery>
                                                                <proc:MonthlyDelivery>
                                                                    <proc:Month>2021-08</proc:Month>
                                                                    <proc:Amount>9</proc:Amount>
                                                                </proc:MonthlyDelivery>
                                                                <proc:MonthlyDelivery>
                                                                    <proc:Month>2021-09</proc:Month>
                                                                    <proc:Amount>9</proc:Amount>
                                                                </proc:MonthlyDelivery>
                                                                <proc:MonthlyDelivery>
                                                                    <proc:Month>2021-10</proc:Month>
                                                                    <proc:Amount>3</proc:Amount>
                                                                </proc:MonthlyDelivery>
                                                                <proc:MonthlyDelivery>
                                                                    <proc:Month>2021-11</proc:Month>
                                                                    <proc:Amount>3</proc:Amount>
                                                                </proc:MonthlyDelivery>
                                                                <proc:MonthlyDelivery>
                                                                    <proc:Month>2021-12</proc:Month>
                                                                    <proc:Amount>3</proc:Amount>
                                                                </proc:MonthlyDelivery>
                                                                <proc:MonthlyDelivery>
                                                                    <proc:Month>2022-01</proc:Month>
                                                                    <proc:Amount>4</proc:Amount>
                                                                </proc:MonthlyDelivery>
                                                                <proc:MonthlyDelivery>
                                                                    <proc:Month>2022-02</proc:Month>
                                                                    <proc:Amount>4</proc:Amount>
                                                                </proc:MonthlyDelivery>
                                                                <proc:MonthlyDelivery>
                                                                    <proc:Month>2022-03</proc:Month>
                                                                    <proc:Amount>4</proc:Amount>
                                                                </proc:MonthlyDelivery>
                                                                <proc:MonthlyDelivery>
                                                                    <proc:Month>2022-04</proc:Month>
                                                                    <proc:Amount>3</proc:Amount>
                                                                </proc:MonthlyDelivery>
                                                                <proc:MonthlyDelivery>
                                                                    <proc:Month>2022-05</proc:Month>
                                                                    <proc:Amount>4</proc:Amount>
                                                                </proc:MonthlyDelivery>
                                                                <proc:MonthlyDelivery>
                                                                    <proc:Month>2022-06</proc:Month>
                                                                    <proc:Amount>4</proc:Amount>
                                                                </proc:MonthlyDelivery>
                                                            </proc:MonthlyDeliveryList>
                                                        </proc:MonthlyDeliverySchedule>
                                                    </proc:MonthlyDeliveryScheduleList>
                                                </proc:HistoryPlanning>
                                            </proc:HistoryPlanningList>
                                        </proc:Manufacturer>
                                        <proc:Manufacturer>
                                            <proc:Name>LOCKHEED MARTIN/SIPPICAN FY19 Option</proc:Name>
                                            <proc:Location>Marion, MA</proc:Location>
                                            <proc:MinimumSustainingRate>30</proc:MinimumSustainingRate>
                                            <proc:MaximumProductionRate>90</proc:MaximumProductionRate>
                                            <proc:Rate185>50</proc:Rate185>
                                            <proc:InitialQuantity>
                                                <proc:AdminLeadTimeBeforeOct1InMonths>0</proc:AdminLeadTimeBeforeOct1InMonths>
                                                <proc:AdminLeadTimeAfterOct1InMonths>0</proc:AdminLeadTimeAfterOct1InMonths>
                                                <proc:ProductionLeadTimeAfterOct1InMonths>37</proc:ProductionLeadTimeAfterOct1InMonths>
                                                <proc:TotalLeadTimeAfterOct1InMonths>37</proc:TotalLeadTimeAfterOct1InMonths>
                                            </proc:InitialQuantity>
                                            <proc:ReorderQuantity>
                                                <proc:AdminLeadTimeBeforeOct1InMonths>0</proc:AdminLeadTimeBeforeOct1InMonths>
                                                <proc:AdminLeadTimeAfterOct1InMonths>0</proc:AdminLeadTimeAfterOct1InMonths>
                                                <proc:ProductionLeadTimeAfterOct1InMonths>37</proc:ProductionLeadTimeAfterOct1InMonths>
                                                <proc:TotalLeadTimeAfterOct1InMonths>37</proc:TotalLeadTimeAfterOct1InMonths>
                                            </proc:ReorderQuantity>
                                            <proc:HistoryPlanningList>
                                                <proc:HistoryPlanning>
                                                    <proc:FiscalYear>2019</proc:FiscalYear>
                                                    <proc:PCOLocation>NAVSEA</proc:PCOLocation>
                                                    <proc:AwardDate>2019-06</proc:AwardDate>
                                                    <proc:FirstDeliveryDate>2022-07</proc:FirstDeliveryDate>
                                                    <proc:Quantity>79</proc:Quantity>
                                                    <proc:UnitCost>205964.00</proc:UnitCost>
                                                    <proc:SpecsAvailableNow>true</proc:SpecsAvailableNow>
                                                    <proc:ContractMethod>C</proc:ContractMethod>
                                                    <proc:ContractType>FFP</proc:ContractType>
                                                    <proc:MonthlyDeliveryScheduleList>
                                                        <proc:MonthlyDeliverySchedule>
                                                            <proc:ServiceAgencyName>Navy</proc:ServiceAgencyName>
                                                            <proc:ProcQuantity>79</proc:ProcQuantity>
                                                            <proc:MonthlyDeliveryList>
                                                                <proc:MonthlyDelivery>
                                                                    <proc:Month>2022-07</proc:Month>
                                                                    <proc:Amount>8</proc:Amount>
                                                                </proc:MonthlyDelivery>
                                                                <proc:MonthlyDelivery>
                                                                    <proc:Month>2022-08</proc:Month>
                                                                    <proc:Amount>8</proc:Amount>
                                                                </proc:MonthlyDelivery>
                                                                <proc:MonthlyDelivery>
                                                                    <proc:Month>2022-09</proc:Month>
                                                                    <proc:Amount>8</proc:Amount>
                                                                </proc:MonthlyDelivery>
                                                                <proc:MonthlyDelivery>
                                                                    <proc:Month>2022-10</proc:Month>
                                                                    <proc:Amount>7</proc:Amount>
                                                                </proc:MonthlyDelivery>
                                                                <proc:MonthlyDelivery>
                                                                    <proc:Month>2022-11</proc:Month>
                                                                    <proc:Amount>6</proc:Amount>
                                                                </proc:MonthlyDelivery>
                                                                <proc:MonthlyDelivery>
                                                                    <proc:Month>2022-12</proc:Month>
                                                                    <proc:Amount>6</proc:Amount>
                                                                </proc:MonthlyDelivery>
                                                                <proc:MonthlyDelivery>
                                                                    <proc:Month>2023-01</proc:Month>
                                                                    <proc:Amount>6</proc:Amount>
                                                                </proc:MonthlyDelivery>
                                                                <proc:MonthlyDelivery>
                                                                    <proc:Month>2023-02</proc:Month>
                                                                    <proc:Amount>6</proc:Amount>
                                                                </proc:MonthlyDelivery>
                                                                <proc:MonthlyDelivery>
                                                                    <proc:Month>2023-03</proc:Month>
                                                                    <proc:Amount>6</proc:Amount>
                                                                </proc:MonthlyDelivery>
                                                                <proc:MonthlyDelivery>
                                                                    <proc:Month>2023-04</proc:Month>
                                                                    <proc:Amount>6</proc:Amount>
                                                                </proc:MonthlyDelivery>
                                                                <proc:MonthlyDelivery>
                                                                    <proc:Month>2023-05</proc:Month>
                                                                    <proc:Amount>6</proc:Amount>
                                                                </proc:MonthlyDelivery>
                                                                <proc:MonthlyDelivery>
                                                                    <proc:Month>2023-06</proc:Month>
                                                                    <proc:Amount>6</proc:Amount>
                                                                </proc:MonthlyDelivery>
                                                            </proc:MonthlyDeliveryList>
                                                        </proc:MonthlyDeliverySchedule>
                                                    </proc:MonthlyDeliveryScheduleList>
                                                </proc:HistoryPlanning>
                                            </proc:HistoryPlanningList>
                                        </proc:Manufacturer>
                                        <proc:Manufacturer>
                                            <proc:Name>LOCKHEED MARTIN/SIPPICAN FY20 Option</proc:Name>
                                            <proc:Location>Marion, MA</proc:Location>
                                            <proc:MinimumSustainingRate>30</proc:MinimumSustainingRate>
                                            <proc:MaximumProductionRate>70</proc:MaximumProductionRate>
                                            <proc:Rate185>50</proc:Rate185>
                                            <proc:InitialQuantity>
                                                <proc:AdminLeadTimeBeforeOct1InMonths>0</proc:AdminLeadTimeBeforeOct1InMonths>
                                                <proc:AdminLeadTimeAfterOct1InMonths>0</proc:AdminLeadTimeAfterOct1InMonths>
                                                <proc:ProductionLeadTimeAfterOct1InMonths>33</proc:ProductionLeadTimeAfterOct1InMonths>
                                                <proc:TotalLeadTimeAfterOct1InMonths>33</proc:TotalLeadTimeAfterOct1InMonths>
                                            </proc:InitialQuantity>
                                            <proc:ReorderQuantity>
                                                <proc:AdminLeadTimeBeforeOct1InMonths>0</proc:AdminLeadTimeBeforeOct1InMonths>
                                                <proc:AdminLeadTimeAfterOct1InMonths>0</proc:AdminLeadTimeAfterOct1InMonths>
                                                <proc:ProductionLeadTimeAfterOct1InMonths>33</proc:ProductionLeadTimeAfterOct1InMonths>
                                                <proc:TotalLeadTimeAfterOct1InMonths>33</proc:TotalLeadTimeAfterOct1InMonths>
                                            </proc:ReorderQuantity>
                                            <proc:HistoryPlanningList>
                                                <proc:HistoryPlanning>
                                                    <proc:FiscalYear>2020</proc:FiscalYear>
                                                    <proc:PCOLocation>NAVSEA</proc:PCOLocation>
                                                    <proc:AwardDate>2020-09</proc:AwardDate>
                                                    <proc:FirstDeliveryDate>2023-06</proc:FirstDeliveryDate>
                                                    <proc:Quantity>54</proc:Quantity>
                                                    <proc:UnitCost>231462.96</proc:UnitCost>
                                                    <proc:SpecsAvailableNow>true</proc:SpecsAvailableNow>
                                                    <proc:ContractMethod>C</proc:ContractMethod>
                                                    <proc:ContractType>FFP</proc:ContractType>
                                                    <proc:MonthlyDeliveryScheduleList>
                                                        <proc:MonthlyDeliverySchedule>
                                                            <proc:ServiceAgencyName>Navy</proc:ServiceAgencyName>
                                                            <proc:ProcQuantity>54</proc:ProcQuantity>
                                                            <proc:MonthlyDeliveryList>
                                                                <proc:MonthlyDelivery>
                                                                    <proc:Month>2023-06</proc:Month>
                                                                    <proc:Amount>1</proc:Amount>
                                                                </proc:MonthlyDelivery>
                                                                <proc:MonthlyDelivery>
                                                                    <proc:Month>2023-07</proc:Month>
                                                                    <proc:Amount>1</proc:Amount>
                                                                </proc:MonthlyDelivery>
                                                                <proc:MonthlyDelivery>
                                                                    <proc:Month>2023-08</proc:Month>
                                                                    <proc:Amount>1</proc:Amount>
                                                                </proc:MonthlyDelivery>
                                                                <proc:MonthlyDelivery>
                                                                    <proc:Month>2023-09</proc:Month>
                                                                    <proc:Amount>1</proc:Amount>
                                                                </proc:MonthlyDelivery>
                                                                <proc:MonthlyDelivery>
                                                                    <proc:Month>2023-10</proc:Month>
                                                                    <proc:Amount>6</proc:Amount>
                                                                </proc:MonthlyDelivery>
                                                                <proc:MonthlyDelivery>
                                                                    <proc:Month>2023-11</proc:Month>
                                                                    <proc:Amount>6</proc:Amount>
                                                                </proc:MonthlyDelivery>
                                                                <proc:MonthlyDelivery>
                                                                    <proc:Month>2023-12</proc:Month>
                                                                    <proc:Amount>6</proc:Amount>
                                                                </proc:MonthlyDelivery>
                                                                <proc:MonthlyDelivery>
                                                                    <proc:Month>2024-01</proc:Month>
                                                                    <proc:Amount>6</proc:Amount>
                                                                </proc:MonthlyDelivery>
                                                                <proc:MonthlyDelivery>
                                                                    <proc:Month>2024-02</proc:Month>
                                                                    <proc:Amount>6</proc:Amount>
                                                                </proc:MonthlyDelivery>
                                                                <proc:MonthlyDelivery>
                                                                    <proc:Month>2024-03</proc:Month>
                                                                    <proc:Amount>6</proc:Amount>
                                                                </proc:MonthlyDelivery>
                                                                <proc:MonthlyDelivery>
                                                                    <proc:Month>2024-04</proc:Month>
                                                                    <proc:Amount>7</proc:Amount>
                                                                </proc:MonthlyDelivery>
                                                                <proc:MonthlyDelivery>
                                                                    <proc:Month>2024-05</proc:Month>
                                                                    <proc:Amount>7</proc:Amount>
                                                                </proc:MonthlyDelivery>
                                                            </proc:MonthlyDeliveryList>
                                                        </proc:MonthlyDeliverySchedule>
                                                    </proc:MonthlyDeliveryScheduleList>
                                                </proc:HistoryPlanning>
                                            </proc:HistoryPlanningList>
                                        </proc:Manufacturer>
                                        <proc:Manufacturer>
                                            <proc:Name>LOCKHEED MARTIN SIPPICAN / FY21 Option</proc:Name>
                                            <proc:Location>Marion, MA</proc:Location>
                                            <proc:MinimumSustainingRate>0</proc:MinimumSustainingRate>
                                            <proc:MaximumProductionRate>TBD</proc:MaximumProductionRate>
                                            <proc:Rate185>0</proc:Rate185>
                                            <proc:InitialQuantity>
                                                <proc:AdminLeadTimeBeforeOct1InMonths>0</proc:AdminLeadTimeBeforeOct1InMonths>
                                                <proc:AdminLeadTimeAfterOct1InMonths>0</proc:AdminLeadTimeAfterOct1InMonths>
                                                <proc:ProductionLeadTimeAfterOct1InMonths>31</proc:ProductionLeadTimeAfterOct1InMonths>
                                                <proc:TotalLeadTimeAfterOct1InMonths>31</proc:TotalLeadTimeAfterOct1InMonths>
                                            </proc:InitialQuantity>
                                            <proc:ReorderQuantity>
                                                <proc:AdminLeadTimeBeforeOct1InMonths>0</proc:AdminLeadTimeBeforeOct1InMonths>
                                                <proc:AdminLeadTimeAfterOct1InMonths>0</proc:AdminLeadTimeAfterOct1InMonths>
                                                <proc:ProductionLeadTimeAfterOct1InMonths>31</proc:ProductionLeadTimeAfterOct1InMonths>
                                                <proc:TotalLeadTimeAfterOct1InMonths>31</proc:TotalLeadTimeAfterOct1InMonths>
                                            </proc:ReorderQuantity>
                                            <proc:HistoryPlanningList>
                                                <proc:HistoryPlanning>
                                                    <proc:FiscalYear>2021</proc:FiscalYear>
                                                    <proc:PCOLocation>NAVSEA</proc:PCOLocation>
                                                    <proc:AwardDate>2021-11</proc:AwardDate>
                                                    <proc:FirstDeliveryDate>2024-06</proc:FirstDeliveryDate>
                                                    <proc:Quantity>34</proc:Quantity>
                                                    <proc:UnitCost>346558.82</proc:UnitCost>
                                                    <proc:SpecsAvailableNow>true</proc:SpecsAvailableNow>
                                                    <proc:ContractMethod>C</proc:ContractMethod>
                                                    <proc:ContractType>FFP</proc:ContractType>
                                                    <proc:MonthlyDeliveryScheduleList>
                                                        <proc:MonthlyDeliverySchedule>
                                                            <proc:ServiceAgencyName>Navy</proc:ServiceAgencyName>
                                                            <proc:ProcQuantity>34</proc:ProcQuantity>
                                                            <proc:MonthlyDeliveryList>
                                                                <proc:MonthlyDelivery>
                                                                    <proc:Month>2024-06</proc:Month>
                                                                    <proc:Amount>3</proc:Amount>
                                                                </proc:MonthlyDelivery>
                                                                <proc:MonthlyDelivery>
                                                                    <proc:Month>2024-07</proc:Month>
                                                                    <proc:Amount>3</proc:Amount>
                                                                </proc:MonthlyDelivery>
                                                                <proc:MonthlyDelivery>
                                                                    <proc:Month>2024-08</proc:Month>
                                                                    <proc:Amount>3</proc:Amount>
                                                                </proc:MonthlyDelivery>
                                                                <proc:MonthlyDelivery>
                                                                    <proc:Month>2024-09</proc:Month>
                                                                    <proc:Amount>3</proc:Amount>
                                                                </proc:MonthlyDelivery>
                                                                <proc:MonthlyDelivery>
                                                                    <proc:Month>2024-10</proc:Month>
                                                                    <proc:Amount>3</proc:Amount>
                                                                </proc:MonthlyDelivery>
                                                                <proc:MonthlyDelivery>
                                                                    <proc:Month>2024-11</proc:Month>
                                                                    <proc:Amount>3</proc:Amount>
                                                                </proc:MonthlyDelivery>
                                                                <proc:MonthlyDelivery>
                                                                    <proc:Month>2024-12</proc:Month>
                                                                    <proc:Amount>3</proc:Amount>
                                                                </proc:MonthlyDelivery>
                                                                <proc:MonthlyDelivery>
                                                                    <proc:Month>2025-01</proc:Month>
                                                                    <proc:Amount>3</proc:Amount>
                                                                </proc:MonthlyDelivery>
                                                                <proc:MonthlyDelivery>
                                                                    <proc:Month>2025-02</proc:Month>
                                                                    <proc:Amount>3</proc:Amount>
                                                                </proc:MonthlyDelivery>
                                                                <proc:MonthlyDelivery>
                                                                    <proc:Month>2025-03</proc:Month>
                                                                    <proc:Amount>3</proc:Amount>
                                                                </proc:MonthlyDelivery>
                                                                <proc:MonthlyDelivery>
                                                                    <proc:Month>2025-04</proc:Month>
                                                                    <proc:Amount>4</proc:Amount>
                                                                </proc:MonthlyDelivery>
                                                            </proc:MonthlyDeliveryList>
                                                        </proc:MonthlyDeliverySchedule>
                                                    </proc:MonthlyDeliveryScheduleList>
                                                </proc:HistoryPlanning>
                                            </proc:HistoryPlanningList>
                                        </proc:Manufacturer>
                                        <proc:Manufacturer>
                                            <proc:Name>LOCKHEED MARTIN SIPPICAN / FY22 Base Year</proc:Name>
                                            <proc:Location>Marion, MA</proc:Location>
                                            <proc:MinimumSustainingRate>0</proc:MinimumSustainingRate>
                                            <proc:MaximumProductionRate>TBD</proc:MaximumProductionRate>
                                            <proc:Rate185>0</proc:Rate185>
                                            <proc:InitialQuantity>
                                                <proc:AdminLeadTimeBeforeOct1InMonths>0</proc:AdminLeadTimeBeforeOct1InMonths>
                                                <proc:AdminLeadTimeAfterOct1InMonths>0</proc:AdminLeadTimeAfterOct1InMonths>
                                                <proc:ProductionLeadTimeAfterOct1InMonths>36</proc:ProductionLeadTimeAfterOct1InMonths>
                                                <proc:TotalLeadTimeAfterOct1InMonths>36</proc:TotalLeadTimeAfterOct1InMonths>
                                            </proc:InitialQuantity>
                                            <proc:ReorderQuantity>
                                                <proc:AdminLeadTimeBeforeOct1InMonths>0</proc:AdminLeadTimeBeforeOct1InMonths>
                                                <proc:AdminLeadTimeAfterOct1InMonths>0</proc:AdminLeadTimeAfterOct1InMonths>
                                                <proc:ProductionLeadTimeAfterOct1InMonths>33</proc:ProductionLeadTimeAfterOct1InMonths>
                                                <proc:TotalLeadTimeAfterOct1InMonths>33</proc:TotalLeadTimeAfterOct1InMonths>
                                            </proc:ReorderQuantity>
                                            <proc:HistoryPlanningList>
                                                <proc:HistoryPlanning>
                                                    <proc:FiscalYear>2022</proc:FiscalYear>
                                                    <proc:PCOLocation>NAVSEA</proc:PCOLocation>
                                                    <proc:AwardDate>2022-12</proc:AwardDate>
                                                    <proc:FirstDeliveryDate>2025-12</proc:FirstDeliveryDate>
                                                    <proc:Quantity>4</proc:Quantity>
                                                    <proc:UnitCost>655250.00</proc:UnitCost>
                                                    <proc:SpecsAvailableNow>true</proc:SpecsAvailableNow>
                                                    <proc:ContractMethod>SS</proc:ContractMethod>
                                                    <proc:ContractType>FFP</proc:ContractType>
                                                    <proc:MonthlyDeliveryScheduleList>
                                                        <proc:MonthlyDeliverySchedule>
                                                            <proc:ServiceAgencyName>Navy</proc:ServiceAgencyName>
                                                            <proc:ProcQuantity>4</proc:ProcQuantity>
                                                            <proc:MonthlyDeliveryList>
                                                                <proc:MonthlyDelivery>
                                                                    <proc:Month>2025-12</proc:Month>
                                                                    <proc:Amount>1</proc:Amount>
                                                                </proc:MonthlyDelivery>
                                                                <proc:MonthlyDelivery>
                                                                    <proc:Month>2026-01</proc:Month>
                                                                    <proc:Amount>1</proc:Amount>
                                                                </proc:MonthlyDelivery>
                                                                <proc:MonthlyDelivery>
                                                                    <proc:Month>2026-02</proc:Month>
                                                                    <proc:Amount>1</proc:Amount>
                                                                </proc:MonthlyDelivery>
                                                                <proc:MonthlyDelivery>
                                                                    <proc:Month>2026-03</proc:Month>
                                                                    <proc:Amount>1</proc:Amount>
                                                                </proc:MonthlyDelivery>
                                                            </proc:MonthlyDeliveryList>
                                                        </proc:MonthlyDeliverySchedule>
                                                    </proc:MonthlyDeliveryScheduleList>
                                                </proc:HistoryPlanning>
                                            </proc:HistoryPlanningList>
                                        </proc:Manufacturer>
                                    </proc:ManufacturerList>
                                </proc:CostElement>
                                <proc:CostElement>
                                    <proc:Name>1.1.3) CBASS Engineering Services/ECPs</proc:Name>
                                    <proc:Cost>
                                        <proc:TotalCost>
                                            <proc:AllPriorYears>53.521</proc:AllPriorYears>
                                            <proc:PriorYear>2.338</proc:PriorYear>
                                            <proc:CurrentYear>1.154</proc:CurrentYear>
                                        </proc:TotalCost>
                                    </proc:Cost>
                                </proc:CostElement>
                                <proc:CostElement>
                                    <proc:Name footnote="ITEM 1.1.4 D1001 CBASS Installation:  FY 2026 funding request decreased due to a reduction in the installation of 4 MK48 MOD 7 Common Broadband Advanced Sonar System (CBASS) kits procured in prior years (4 from FY 2022 option) versus 22 kits installed in FY 2025 (22 from FY 2021 Option).">1.1.4) CBASS Installation</proc:Name>
                                    <proc:Cost>
                                        <proc:TotalCost>
                                            <proc:AllPriorYears>64.313</proc:AllPriorYears>
                                            <proc:PriorYear>3.844</proc:PriorYear>
                                            <proc:CurrentYear>1.386</proc:CurrentYear>
                                            <proc:BudgetYearOneBase>0.257</proc:BudgetYearOneBase>
                                            <proc:BudgetYearOne>0.257</proc:BudgetYearOne>
                                        </proc:TotalCost>
                                    </proc:Cost>
                                </proc:CostElement>
                                <proc:CostElement>
                                    <proc:Name>1.1.5) Diminishing Manufacturing Sources</proc:Name>
                                    <proc:Cost>
                                        <proc:TotalCost>
                                            <proc:AllPriorYears>2.138</proc:AllPriorYears>
                                        </proc:TotalCost>
                                    </proc:Cost>
                                </proc:CostElement>
                            </proc:CostElementList>
                            <proc:CategorySubtotal>
                                <proc:TotalCost>
                                    <proc:AllPriorYears>678.787</proc:AllPriorYears>
                                    <proc:PriorYear>6.182</proc:PriorYear>
                                    <proc:CurrentYear>2.54</proc:CurrentYear>
                                    <proc:BudgetYearOneBase>0.257</proc:BudgetYearOneBase>
                                    <proc:BudgetYearOne>0.257</proc:BudgetYearOne>
                                </proc:TotalCost>
                            </proc:CategorySubtotal>
                        </proc:Recurring>
                        <proc:NonRecurring>
                            <proc:CostElementList>
                                <proc:CostElement>
                                    <proc:Name>1.2.1) CBASS NRE</proc:Name>
                                    <proc:Cost>
                                        <proc:TotalCost>
                                            <proc:AllPriorYears>72.935</proc:AllPriorYears>
                                        </proc:TotalCost>
                                    </proc:Cost>
                                </proc:CostElement>
                            </proc:CostElementList>
                            <proc:CategorySubtotal>
                                <proc:TotalCost>
                                    <proc:AllPriorYears>72.935</proc:AllPriorYears>
                                </proc:TotalCost>
                            </proc:CategorySubtotal>
                        </proc:NonRecurring>
                        <proc:CategorySubtotal>
                            <proc:TotalCost>
                                <proc:AllPriorYears>751.722</proc:AllPriorYears>
                                <proc:PriorYear>6.182</proc:PriorYear>
                                <proc:CurrentYear>2.54</proc:CurrentYear>
                                <proc:BudgetYearOneBase>0.257</proc:BudgetYearOneBase>
                                <proc:BudgetYearOne>0.257</proc:BudgetYearOne>
                            </proc:TotalCost>
                        </proc:CategorySubtotal>
                    </proc:Hardware>
                    <proc:Support>
                        <proc:CostElementList>
                            <proc:CostElement>
                                <proc:Name footnote="ITEM 4.1 D1003 Support Equipment:  increase from FY25 to FY26 of $16.138M for MK48 Support Equipment funding request is to support the procurement MK48 Mod 8 G&amp;C Unique Test Equipment to be able to procure expected MOD 8 Kits, AUR procurements and increase production capacity to full rate quantities. The test sets require up to three years to procure and build so need to be ordered at least a year before the production procurement to support testing of the production units. This supports the ability to maintain a &quot;hot&quot; MK48 HWT production line.">4.1) Support &amp; Ancillary Equipment</proc:Name>
                                <proc:Cost>
                                    <proc:TotalCost>
                                        <proc:AllPriorYears>63.052</proc:AllPriorYears>
                                        <proc:PriorYear>1.692</proc:PriorYear>
                                        <proc:CurrentYear>1.726</proc:CurrentYear>
                                        <proc:BudgetYearOneBase>17.864</proc:BudgetYearOneBase>
                                        <proc:BudgetYearOne>17.864</proc:BudgetYearOne>
                                    </proc:TotalCost>
                                </proc:Cost>
                            </proc:CostElement>
                        </proc:CostElementList>
                        <proc:CategorySubtotal>
                            <proc:TotalCost>
                                <proc:AllPriorYears>63.052</proc:AllPriorYears>
                                <proc:PriorYear>1.692</proc:PriorYear>
                                <proc:CurrentYear>1.726</proc:CurrentYear>
                                <proc:BudgetYearOneBase>17.864</proc:BudgetYearOneBase>
                                <proc:BudgetYearOne>17.864</proc:BudgetYearOne>
                            </proc:TotalCost>
                        </proc:CategorySubtotal>
                        <proc:Name>D1003 - Support and Ancillary Equipment</proc:Name>
                    </proc:Support>
                    <proc:Support>
                        <proc:CostElementList>
                            <proc:CostElement>
                                <proc:Name>5.1) Production Enginnering (Contractor &amp; In-House)</proc:Name>
                                <proc:Cost>
                                    <proc:TotalCost>
                                        <proc:AllPriorYears>328.908</proc:AllPriorYears>
                                        <proc:PriorYear>6.726</proc:PriorYear>
                                        <proc:CurrentYear>6.861</proc:CurrentYear>
                                        <proc:BudgetYearOneBase>6.998</proc:BudgetYearOneBase>
                                        <proc:BudgetYearOne>6.998</proc:BudgetYearOne>
                                    </proc:TotalCost>
                                </proc:Cost>
                            </proc:CostElement>
                        </proc:CostElementList>
                        <proc:CategorySubtotal>
                            <proc:TotalCost>
                                <proc:AllPriorYears>328.908</proc:AllPriorYears>
                                <proc:PriorYear>6.726</proc:PriorYear>
                                <proc:CurrentYear>6.861</proc:CurrentYear>
                                <proc:BudgetYearOneBase>6.998</proc:BudgetYearOneBase>
                                <proc:BudgetYearOne>6.998</proc:BudgetYearOne>
                            </proc:TotalCost>
                        </proc:CategorySubtotal>
                        <proc:Name>D1830 - Production Engineering (Contractor &amp; In-House)</proc:Name>
                    </proc:Support>
                    <proc:Support>
                        <proc:CostElementList>
                            <proc:CostElement>
                                <proc:Name>6.1) Quality Assurance (In-House)</proc:Name>
                                <proc:Cost>
                                    <proc:TotalCost>
                                        <proc:AllPriorYears>40.544</proc:AllPriorYears>
                                        <proc:PriorYear>3.06</proc:PriorYear>
                                        <proc:CurrentYear>3.121</proc:CurrentYear>
                                        <proc:BudgetYearOneBase>3.183</proc:BudgetYearOneBase>
                                        <proc:BudgetYearOne>3.183</proc:BudgetYearOne>
                                    </proc:TotalCost>
                                </proc:Cost>
                            </proc:CostElement>
                        </proc:CostElementList>
                        <proc:CategorySubtotal>
                            <proc:TotalCost>
                                <proc:AllPriorYears>40.544</proc:AllPriorYears>
                                <proc:PriorYear>3.06</proc:PriorYear>
                                <proc:CurrentYear>3.121</proc:CurrentYear>
                                <proc:BudgetYearOneBase>3.183</proc:BudgetYearOneBase>
                                <proc:BudgetYearOne>3.183</proc:BudgetYearOne>
                            </proc:TotalCost>
                        </proc:CategorySubtotal>
                        <proc:Name>D1840 - Quality Assurance</proc:Name>
                    </proc:Support>
                    <proc:Support>
                        <proc:CostElementList>
                            <proc:CostElement>
                                <proc:Name>7.1) Acceptance T&amp;E (Contractor &amp; In-House)</proc:Name>
                                <proc:Cost>
                                    <proc:TotalCost>
                                        <proc:AllPriorYears>203.165</proc:AllPriorYears>
                                        <proc:PriorYear>3.054</proc:PriorYear>
                                        <proc:CurrentYear>3.115</proc:CurrentYear>
                                        <proc:BudgetYearOneBase>3.177</proc:BudgetYearOneBase>
                                        <proc:BudgetYearOne>3.177</proc:BudgetYearOne>
                                    </proc:TotalCost>
                                </proc:Cost>
                            </proc:CostElement>
                        </proc:CostElementList>
                        <proc:CategorySubtotal>
                            <proc:TotalCost>
                                <proc:AllPriorYears>203.165</proc:AllPriorYears>
                                <proc:PriorYear>3.054</proc:PriorYear>
                                <proc:CurrentYear>3.115</proc:CurrentYear>
                                <proc:BudgetYearOneBase>3.177</proc:BudgetYearOneBase>
                                <proc:BudgetYearOne>3.177</proc:BudgetYearOne>
                            </proc:TotalCost>
                        </proc:CategorySubtotal>
                        <proc:Name>D1860 - Acceptance T&amp;E (Contractor &amp; In-House)</proc:Name>
                    </proc:Support>
                    <proc:Support>
                        <proc:CostElementList>
                            <proc:CostElement>
                                <proc:Name>8.1) Obsolescence</proc:Name>
                                <proc:Cost>
                                    <proc:TotalCost>
                                        <proc:AllPriorYears>10</proc:AllPriorYears>
                                    </proc:TotalCost>
                                </proc:Cost>
                            </proc:CostElement>
                        </proc:CostElementList>
                        <proc:CategorySubtotal>
                            <proc:TotalCost>
                                <proc:AllPriorYears>10</proc:AllPriorYears>
                            </proc:TotalCost>
                        </proc:CategorySubtotal>
                        <proc:Name>D1CA1 - Obsolescence</proc:Name>
                    </proc:Support>
                    <proc:Support>
                        <proc:CostElementList>
                            <proc:CostElement>
                                <proc:Name>9.1) Tech Insertion</proc:Name>
                                <proc:Cost>
                                    <proc:TotalCost>
                                        <proc:AllPriorYears>2.7</proc:AllPriorYears>
                                    </proc:TotalCost>
                                </proc:Cost>
                            </proc:CostElement>
                        </proc:CostElementList>
                        <proc:CategorySubtotal>
                            <proc:TotalCost>
                                <proc:AllPriorYears>2.7</proc:AllPriorYears>
                            </proc:TotalCost>
                        </proc:CategorySubtotal>
                        <proc:Name>D1CA2 - Tech Insert</proc:Name>
                    </proc:Support>
                    <proc:Support>
                        <proc:CostElementList>
                            <proc:CostElement>
                                <proc:Name>10.1) ASW Enhancements</proc:Name>
                                <proc:Cost>
                                    <proc:TotalCost>
                                        <proc:AllPriorYears>6.4</proc:AllPriorYears>
                                    </proc:TotalCost>
                                </proc:Cost>
                            </proc:CostElement>
                        </proc:CostElementList>
                        <proc:CategorySubtotal>
                            <proc:TotalCost>
                                <proc:AllPriorYears>6.4</proc:AllPriorYears>
                            </proc:TotalCost>
                        </proc:CategorySubtotal>
                        <proc:Name>D1CA3 - ASW Enhancements</proc:Name>
                    </proc:Support>
                </proc:CostElementCategoryList>
            </proc:P5Item>
        </proc:ItemExhibitList>
        <proc:DocumentAssemblyOptions>
            <proc:p40AItemScheduleSetting>total</proc:p40AItemScheduleSetting>
        </proc:DocumentAssemblyOptions>
    </proc:LineItem>
</proc:LineItemList>