<?xml version="1.0" encoding="UTF-8"?>
<proc:LineItemList xmlns:proc="http://www.dtic.mil/comptroller/xml/schema/20100219/procurement">
    <proc:LineItem quantityUnits="Each" quantityUnitName="Each" unitCostUnits="Thousands" totalCostUnits="Millions" manufacturerRateUnits="Monthly">
        <proc:LineItemNumber>7054G02100</proc:LineItemNumber>
        <proc:LineItemTitle>Mortar Modification</proc:LineItemTitle>
        <proc:P1LineNumber>44</proc:P1LineNumber>
        <proc:BudgetYear>2026</proc:BudgetYear>
        <proc:BudgetCycle>PB</proc:BudgetCycle>
        <proc:SubmissionDate>2025-06</proc:SubmissionDate>
        <proc:ServiceAgencyName>Army</proc:ServiceAgencyName>
        <proc:AppropriationNumber>2033A</proc:AppropriationNumber>
        <proc:AppropriationTitle>Procurement of W&amp;TCV, Army</proc:AppropriationTitle>
        <proc:BudgetActivityNumber>2</proc:BudgetActivityNumber>
        <proc:BudgetActivityTitle>Weapons and Other Combat Vehicles</proc:BudgetActivityTitle>
        <proc:BudgetSubActivityNumber>20</proc:BudgetSubActivityNumber>
        <proc:BudgetSubActivityTitle>Mod of Weapons and Other Combat Veh</proc:BudgetSubActivityTitle>
        <proc:ResourceSummary>
            <proc:TotalCost>
                <proc:AllPriorYears>138.18</proc:AllPriorYears>
                <proc:PriorYear>0.423</proc:PriorYear>
            </proc:TotalCost>
            <proc:NetProcurementP1>
                <proc:AllPriorYears>138.18</proc:AllPriorYears>
                <proc:PriorYear>0.423</proc:PriorYear>
            </proc:NetProcurementP1>
            <proc:TotalObligationAuthority>
                <proc:AllPriorYears>138.18</proc:AllPriorYears>
                <proc:PriorYear>0.423</proc:PriorYear>
            </proc:TotalObligationAuthority>
        </proc:ResourceSummary>
        <proc:Code>A</proc:Code>
        <proc:SecondaryDistribution>
            <proc:ComponentList>
                <proc:Component>
                    <proc:Name>Army Active</proc:Name>
                    <proc:Cost>
                        <proc:TotalCost>
                            <proc:PriorYear>0.423</proc:PriorYear>
                        </proc:TotalCost>
                    </proc:Cost>
                </proc:Component>
            </proc:ComponentList>
            <proc:TotalCost>
                <proc:TotalCost>
                    <proc:PriorYear>0.423</proc:PriorYear>
                </proc:TotalCost>
            </proc:TotalCost>
        </proc:SecondaryDistribution>
        <proc:Description>Mortar System Modification provides 60mm Lightweight M224A1, 81mm Lightweight M252A1 and 120mm M120A1/M121 mortar weapon systems modification to support current and modernized mounted and dismounted platforms and enables the replacement of aging/obsolete major system components and subcomponents including Basic Issue Items (BII) kits, Additional Authorized List (AAL) items, Modified Work Order (MWO) kits, Engineering Change Proposals (ECPs), Technical Data Packages (TDPs), etc. These modification efforts increase producibility, manufacturability and procurement of required assets within the United States industrial base, supporting higher firing pressures, integration of new components for system accuracy, reliability, and enable better tracking cannon service life and address obsolescence and/or technical issues related to weapon system safety.

Mortar Modification does not have a FY 2026 budget request.</proc:Description>
        <proc:Justification>There is no FY 2026 budget request for this funding line.

In accordance with Section 1815 of the FY 2008 National Defense Authorization Act (P.L 110-181), this item is necessary for use by the active and reserve components of the Armed Forces for homeland defense missions, domestic emergency responses, and providing military support to civil authorities.</proc:Justification>
        <proc:DocumentAssemblyOptions>
            <proc:p40AItemScheduleSetting>item</proc:p40AItemScheduleSetting>
        </proc:DocumentAssemblyOptions>
    </proc:LineItem>
</proc:LineItemList>