<?xml version="1.0" encoding="UTF-8"?>
<proc:LineItemList xmlns:proc="http://www.dtic.mil/comptroller/xml/schema/20100219/procurement">
    <proc:LineItem quantityUnits="Each" quantityUnitName="Each" unitCostUnits="Thousands" totalCostUnits="Millions" manufacturerRateUnits="Monthly">
        <proc:LineItemNumber>6659G08100</proc:LineItemNumber>
        <proc:LineItemTitle>LOCATION &amp; AZIMUTH DETERMINATION SYSTEM (LADS)</proc:LineItemTitle>
        <proc:P1LineNumber>29</proc:P1LineNumber>
        <proc:BudgetYear>2026</proc:BudgetYear>
        <proc:BudgetCycle>PB</proc:BudgetCycle>
        <proc:SubmissionDate>2025-06</proc:SubmissionDate>
        <proc:ServiceAgencyName>Army</proc:ServiceAgencyName>
        <proc:AppropriationNumber>2033A</proc:AppropriationNumber>
        <proc:AppropriationTitle>Procurement of W&amp;TCV, Army</proc:AppropriationTitle>
        <proc:BudgetActivityNumber>2</proc:BudgetActivityNumber>
        <proc:BudgetActivityTitle>Weapons and Other Combat Vehicles</proc:BudgetActivityTitle>
        <proc:BudgetSubActivityNumber>10</proc:BudgetSubActivityNumber>
        <proc:BudgetSubActivityTitle>Weapons &amp; Other Combat Vehicles</proc:BudgetSubActivityTitle>
        <proc:ResourceSummary>
            <proc:Quantity>
                <proc:AllPriorYears>126</proc:AllPriorYears>
            </proc:Quantity>
            <proc:TotalCost>
                <proc:AllPriorYears>83.678</proc:AllPriorYears>
                <proc:PriorYear>3.174</proc:PriorYear>
                <proc:CurrentYear>2.543</proc:CurrentYear>
                <proc:BudgetYearOneBase>9.477</proc:BudgetYearOneBase>
                <proc:BudgetYearOne>9.477</proc:BudgetYearOne>
            </proc:TotalCost>
            <proc:UnitCost>
                <proc:AllPriorYears>664.111</proc:AllPriorYears>
            </proc:UnitCost>
            <proc:NetProcurementP1>
                <proc:AllPriorYears>83.678</proc:AllPriorYears>
                <proc:PriorYear>3.174</proc:PriorYear>
                <proc:CurrentYear>2.543</proc:CurrentYear>
                <proc:BudgetYearOneBase>9.477</proc:BudgetYearOneBase>
                <proc:BudgetYearOne>9.477</proc:BudgetYearOne>
            </proc:NetProcurementP1>
            <proc:TotalObligationAuthority>
                <proc:AllPriorYears>83.678</proc:AllPriorYears>
                <proc:PriorYear>3.174</proc:PriorYear>
                <proc:CurrentYear>2.543</proc:CurrentYear>
                <proc:BudgetYearOneBase>9.477</proc:BudgetYearOneBase>
                <proc:BudgetYearOne>9.477</proc:BudgetYearOne>
            </proc:TotalObligationAuthority>
        </proc:ResourceSummary>
        <proc:Code>A</proc:Code>
        <proc:SecondaryDistribution>
            <proc:ComponentList>
                <proc:Component>
                    <proc:Name>Army Active</proc:Name>
                    <proc:Cost>
                        <proc:TotalCost>
                            <proc:PriorYear>3.174</proc:PriorYear>
                            <proc:CurrentYear>2.543</proc:CurrentYear>
                            <proc:BudgetYearOneBase>9.477</proc:BudgetYearOneBase>
                            <proc:BudgetYearOne>9.477</proc:BudgetYearOne>
                        </proc:TotalCost>
                    </proc:Cost>
                </proc:Component>
            </proc:ComponentList>
            <proc:TotalCost>
                <proc:TotalCost>
                    <proc:PriorYear>3.174</proc:PriorYear>
                    <proc:CurrentYear>2.543</proc:CurrentYear>
                    <proc:BudgetYearOneBase>9.477</proc:BudgetYearOneBase>
                    <proc:BudgetYearOne>9.477</proc:BudgetYearOne>
                </proc:TotalCost>
            </proc:TotalCost>
        </proc:SecondaryDistribution>
        <proc:Description>The Location and Azimuth Determining System (LADS) provides a lightweight, portable, and deployable common inertial survey capability for field artillery cannon, rocket, missile, radar and mortar platforms that is not dependent on the Global Positioning System (GPS). LADS replaces the legacy Improved Position and Azimuth Determining System - GPS (IPADS-G) which is no longer supportable and facing multiple obsolescence issues.  The LADS system is operable by multiple military occupational specialties (MOS) and can be integrated into multiple vehicles.</proc:Description>
        <proc:Justification>FY 2026 Base procurement funds in the amount of $9.477 million supports the production engineering and fielding costs for Location and Azimuth Determining Systems (LADS) and Assured Position, Navigation and Timing (APNT) (aka: M-Code) compliance initiatives. The Location and Azimuth Determining System (LADS) provides a lightweight, portable, and deployable common inertial survey capability for field artillery cannon, rocket, missile, radar and mortar platforms that is not dependent on the Global Positioning System (GPS). LADS provides accurate location, azimuth and direction for all field artillery systems while being reliable, intuitive to use, and more cost effective than the predecessor system while operating in GPS denied and degraded environments. Military Code (M-Code) signal initiatives support improved security and meet Public Law (P.L.) 111-383 for the Global Position System (GPS) to receive M-Code.

Net funding increase of $8.411 million from FY 2025 to FY 2026 reflects the procurement and implementation of Military Code (M-Code) compliance initiatives which provide the LADS system with the continued ability to conduct precision and near precision fires in a Global Positioning System (GPS) contested environment while maintaining current operational tempo. 

In accordance with Section 1815 of the FY 2008 National Defense Authorization Act (P.L. 110-181), this item is necessary for use by the active and reserve components of the Armed Forces for homeland defense missions, domestic emergency responses, and providing military support to civil authorities</proc:Justification>
        <proc:ItemExhibitList>
            <proc:P5Item>
                <proc:Name>LOCATION &amp; AZIMUTH DETERMINATION SYSTEM</proc:Name>
                <proc:ItemNumber>G08112</proc:ItemNumber>
                <proc:SecondaryDistribution>
                    <proc:ComponentList>
                        <proc:Component>
                            <proc:Name>Army Active</proc:Name>
                            <proc:Cost>
                                <proc:TotalCost>
                                    <proc:PriorYear>3.174</proc:PriorYear>
                                    <proc:CurrentYear>2.543</proc:CurrentYear>
                                    <proc:BudgetYearOneBase>9.477</proc:BudgetYearOneBase>
                                    <proc:BudgetYearOne>9.477</proc:BudgetYearOne>
                                </proc:TotalCost>
                            </proc:Cost>
                        </proc:Component>
                    </proc:ComponentList>
                </proc:SecondaryDistribution>
                <proc:ResourceSummary>
                    <proc:Quantity>
                        <proc:AllPriorYears>126</proc:AllPriorYears>
                    </proc:Quantity>
                    <proc:TotalCost>
                        <proc:AllPriorYears>83.678</proc:AllPriorYears>
                        <proc:PriorYear>3.174</proc:PriorYear>
                        <proc:CurrentYear>2.543</proc:CurrentYear>
                        <proc:BudgetYearOneBase>9.477</proc:BudgetYearOneBase>
                        <proc:BudgetYearOne>9.477</proc:BudgetYearOne>
                    </proc:TotalCost>
                    <proc:UnitCost>
                        <proc:AllPriorYears>664.111</proc:AllPriorYears>
                    </proc:UnitCost>
                    <proc:NetProcurementP1>
                        <proc:AllPriorYears>83.678</proc:AllPriorYears>
                        <proc:PriorYear>3.174</proc:PriorYear>
                        <proc:CurrentYear>2.543</proc:CurrentYear>
                        <proc:BudgetYearOneBase>9.477</proc:BudgetYearOneBase>
                        <proc:BudgetYearOne>9.477</proc:BudgetYearOne>
                    </proc:NetProcurementP1>
                    <proc:TotalObligationAuthority>
                        <proc:AllPriorYears>83.678</proc:AllPriorYears>
                        <proc:PriorYear>3.174</proc:PriorYear>
                        <proc:CurrentYear>2.543</proc:CurrentYear>
                        <proc:BudgetYearOneBase>9.477</proc:BudgetYearOneBase>
                        <proc:BudgetYearOne>9.477</proc:BudgetYearOne>
                    </proc:TotalObligationAuthority>
                </proc:ResourceSummary>
                <proc:CostElementCategoryList>
                    <proc:Hardware>
                        <proc:Recurring>
                            <proc:CostElementList>
                                <proc:CostElement>
                                    <proc:Name>Hardware</proc:Name>
                                    <proc:Cost>
                                        <proc:Quantity>
                                            <proc:AllPriorYears>126</proc:AllPriorYears>
                                        </proc:Quantity>
                                        <proc:TotalCost>
                                            <proc:AllPriorYears>71.484</proc:AllPriorYears>
                                        </proc:TotalCost>
                                        <proc:UnitCost>
                                            <proc:AllPriorYears>567.333</proc:AllPriorYears>
                                        </proc:UnitCost>
                                    </proc:Cost>
                                </proc:CostElement>
                                <proc:CostElement>
                                    <proc:Name>Assembly &amp; Integration</proc:Name>
                                    <proc:Cost>
                                        <proc:TotalCost>
                                            <proc:AllPriorYears>0.681</proc:AllPriorYears>
                                            <proc:PriorYear>0.772</proc:PriorYear>
                                        </proc:TotalCost>
                                    </proc:Cost>
                                </proc:CostElement>
                                <proc:CostElement>
                                    <proc:Name>M-Code</proc:Name>
                                    <proc:Cost>
                                        <proc:TotalCost>
                                            <proc:BudgetYearOneBase>8.411</proc:BudgetYearOneBase>
                                            <proc:BudgetYearOne>8.411</proc:BudgetYearOne>
                                        </proc:TotalCost>
                                    </proc:Cost>
                                </proc:CostElement>
                            </proc:CostElementList>
                            <proc:CategorySubtotal>
                                <proc:TotalCost>
                                    <proc:AllPriorYears>72.165</proc:AllPriorYears>
                                    <proc:PriorYear>0.772</proc:PriorYear>
                                    <proc:BudgetYearOneBase>8.411</proc:BudgetYearOneBase>
                                    <proc:BudgetYearOne>8.411</proc:BudgetYearOne>
                                </proc:TotalCost>
                            </proc:CategorySubtotal>
                        </proc:Recurring>
                        <proc:CategorySubtotal>
                            <proc:TotalCost>
                                <proc:AllPriorYears>72.165</proc:AllPriorYears>
                                <proc:PriorYear>0.772</proc:PriorYear>
                                <proc:BudgetYearOneBase>8.411</proc:BudgetYearOneBase>
                                <proc:BudgetYearOne>8.411</proc:BudgetYearOne>
                            </proc:TotalCost>
                        </proc:CategorySubtotal>
                    </proc:Hardware>
                    <proc:PackageFielding>
                        <proc:Recurring>
                            <proc:CostElementList>
                                <proc:CostElement>
                                    <proc:Name>New Equipment Fielding &amp; Training</proc:Name>
                                    <proc:Cost>
                                        <proc:TotalCost>
                                            <proc:PriorYear>0.958</proc:PriorYear>
                                            <proc:CurrentYear>2.543</proc:CurrentYear>
                                            <proc:BudgetYearOneBase>1.066</proc:BudgetYearOneBase>
                                            <proc:BudgetYearOne>1.066</proc:BudgetYearOne>
                                        </proc:TotalCost>
                                    </proc:Cost>
                                </proc:CostElement>
                            </proc:CostElementList>
                            <proc:CategorySubtotal>
                                <proc:TotalCost>
                                    <proc:PriorYear>0.958</proc:PriorYear>
                                    <proc:CurrentYear>2.543</proc:CurrentYear>
                                    <proc:BudgetYearOneBase>1.066</proc:BudgetYearOneBase>
                                    <proc:BudgetYearOne>1.066</proc:BudgetYearOne>
                                </proc:TotalCost>
                            </proc:CategorySubtotal>
                        </proc:Recurring>
                        <proc:NonRecurring>
                            <proc:CostElementList>
                                <proc:CostElement>
                                    <proc:Name>Technical Manual &amp; Publication</proc:Name>
                                    <proc:Cost>
                                        <proc:TotalCost>
                                            <proc:AllPriorYears>0.907</proc:AllPriorYears>
                                            <proc:PriorYear>0.258</proc:PriorYear>
                                        </proc:TotalCost>
                                    </proc:Cost>
                                </proc:CostElement>
                            </proc:CostElementList>
                            <proc:CategorySubtotal>
                                <proc:TotalCost>
                                    <proc:AllPriorYears>0.907</proc:AllPriorYears>
                                    <proc:PriorYear>0.258</proc:PriorYear>
                                </proc:TotalCost>
                            </proc:CategorySubtotal>
                        </proc:NonRecurring>
                        <proc:CategorySubtotal>
                            <proc:TotalCost>
                                <proc:AllPriorYears>0.907</proc:AllPriorYears>
                                <proc:PriorYear>1.216</proc:PriorYear>
                                <proc:CurrentYear>2.543</proc:CurrentYear>
                                <proc:BudgetYearOneBase>1.066</proc:BudgetYearOneBase>
                                <proc:BudgetYearOne>1.066</proc:BudgetYearOne>
                            </proc:TotalCost>
                        </proc:CategorySubtotal>
                    </proc:PackageFielding>
                    <proc:Support>
                        <proc:CostElementList>
                            <proc:CostElement>
                                <proc:Name>Initial Spares and Repair Parts</proc:Name>
                                <proc:Cost>
                                    <proc:Quantity>
                                        <proc:AllPriorYears>25</proc:AllPriorYears>
                                    </proc:Quantity>
                                    <proc:TotalCost>
                                        <proc:AllPriorYears>9.305</proc:AllPriorYears>
                                    </proc:TotalCost>
                                    <proc:UnitCost>
                                        <proc:AllPriorYears>372.2</proc:AllPriorYears>
                                    </proc:UnitCost>
                                </proc:Cost>
                            </proc:CostElement>
                        </proc:CostElementList>
                        <proc:CategorySubtotal>
                            <proc:TotalCost>
                                <proc:AllPriorYears>9.305</proc:AllPriorYears>
                            </proc:TotalCost>
                        </proc:CategorySubtotal>
                        <proc:Name>Initial Spares and Repair Parts</proc:Name>
                    </proc:Support>
                    <proc:Support>
                        <proc:CostElementList>
                            <proc:CostElement>
                                <proc:Name>Production Engineering</proc:Name>
                                <proc:Cost>
                                    <proc:TotalCost>
                                        <proc:AllPriorYears>1.036</proc:AllPriorYears>
                                        <proc:PriorYear>0.953</proc:PriorYear>
                                    </proc:TotalCost>
                                </proc:Cost>
                            </proc:CostElement>
                        </proc:CostElementList>
                        <proc:CategorySubtotal>
                            <proc:TotalCost>
                                <proc:AllPriorYears>1.036</proc:AllPriorYears>
                                <proc:PriorYear>0.953</proc:PriorYear>
                            </proc:TotalCost>
                        </proc:CategorySubtotal>
                        <proc:Name>Production Engineering</proc:Name>
                    </proc:Support>
                    <proc:Support>
                        <proc:CostElementList>
                            <proc:CostElement>
                                <proc:Name>System Engineering</proc:Name>
                                <proc:Cost>
                                    <proc:TotalCost>
                                        <proc:AllPriorYears>0.265</proc:AllPriorYears>
                                        <proc:PriorYear>0.233</proc:PriorYear>
                                    </proc:TotalCost>
                                </proc:Cost>
                            </proc:CostElement>
                        </proc:CostElementList>
                        <proc:CategorySubtotal>
                            <proc:TotalCost>
                                <proc:AllPriorYears>0.265</proc:AllPriorYears>
                                <proc:PriorYear>0.233</proc:PriorYear>
                            </proc:TotalCost>
                        </proc:CategorySubtotal>
                        <proc:Name>System Engineering</proc:Name>
                    </proc:Support>
                </proc:CostElementCategoryList>
            </proc:P5Item>
        </proc:ItemExhibitList>
        <proc:DocumentAssemblyOptions>
            <proc:p40AItemScheduleSetting>item</proc:p40AItemScheduleSetting>
        </proc:DocumentAssemblyOptions>
    </proc:LineItem>
</proc:LineItemList>