<?xml version="1.0" encoding="UTF-8"?>
<proc:LineItemList xmlns:proc="http://www.dtic.mil/comptroller/xml/schema/20100219/procurement">
    <proc:LineItem quantityUnits="Each" quantityUnitName="Each" unitCostUnits="Thousands" totalCostUnits="Millions" manufacturerRateUnits="Monthly">
        <proc:LineItemNumber>0363G85200</proc:LineItemNumber>
        <proc:LineItemTitle>Stryker Upgrade</proc:LineItemTitle>
        <proc:P1LineNumber>8</proc:P1LineNumber>
        <proc:BudgetYear>2026</proc:BudgetYear>
        <proc:BudgetCycle>PB</proc:BudgetCycle>
        <proc:SubmissionDate>2025-06</proc:SubmissionDate>
        <proc:ServiceAgencyName>Army</proc:ServiceAgencyName>
        <proc:AppropriationNumber>2033A</proc:AppropriationNumber>
        <proc:AppropriationTitle>Procurement of W&amp;TCV, Army</proc:AppropriationTitle>
        <proc:BudgetActivityNumber>1</proc:BudgetActivityNumber>
        <proc:BudgetActivityTitle>Tracked Combat Vehicles</proc:BudgetActivityTitle>
        <proc:BudgetSubActivityNumber>20</proc:BudgetSubActivityNumber>
        <proc:BudgetSubActivityTitle>Modification of Tracked Combat Vehicles</proc:BudgetSubActivityTitle>
        <proc:ResourceSummary>
            <proc:Quantity>
                <proc:AllPriorYears>1493</proc:AllPriorYears>
                <proc:PriorYear>150</proc:PriorYear>
                <proc:CurrentYear>38</proc:CurrentYear>
            </proc:Quantity>
            <proc:TotalCost>
                <proc:AllPriorYears>5683.958</proc:AllPriorYears>
                <proc:PriorYear>676.121</proc:PriorYear>
                <proc:CurrentYear>388.32</proc:CurrentYear>
                <proc:BudgetYearOneBase>135.816</proc:BudgetYearOneBase>
                <proc:BudgetYearOne>135.816</proc:BudgetYearOne>
            </proc:TotalCost>
            <proc:UnitCost>
                <proc:AllPriorYears>3807.072</proc:AllPriorYears>
                <proc:PriorYear>4507.473</proc:PriorYear>
                <proc:CurrentYear>10218.947</proc:CurrentYear>
            </proc:UnitCost>
            <proc:NetProcurementP1>
                <proc:AllPriorYears>5683.958</proc:AllPriorYears>
                <proc:PriorYear>676.121</proc:PriorYear>
                <proc:CurrentYear>388.32</proc:CurrentYear>
                <proc:BudgetYearOneBase>135.816</proc:BudgetYearOneBase>
                <proc:BudgetYearOne>135.816</proc:BudgetYearOne>
            </proc:NetProcurementP1>
            <proc:TotalObligationAuthority>
                <proc:AllPriorYears>5683.958</proc:AllPriorYears>
                <proc:PriorYear>676.121</proc:PriorYear>
                <proc:CurrentYear>388.32</proc:CurrentYear>
                <proc:BudgetYearOneBase>135.816</proc:BudgetYearOneBase>
                <proc:BudgetYearOne>135.816</proc:BudgetYearOne>
            </proc:TotalObligationAuthority>
        </proc:ResourceSummary>
        <proc:Code>A</proc:Code>
        <proc:OtherRelatedProgramElementList>
            <proc:ProgramElementNumber>0203735A</proc:ProgramElementNumber>
        </proc:OtherRelatedProgramElementList>
        <proc:SecondaryDistribution>
            <proc:ComponentList>
                <proc:Component>
                    <proc:Name>Army Active</proc:Name>
                    <proc:Cost>
                        <proc:Quantity>
                            <proc:PriorYear>150</proc:PriorYear>
                            <proc:CurrentYear>38</proc:CurrentYear>
                        </proc:Quantity>
                        <proc:TotalCost>
                            <proc:PriorYear>676.121</proc:PriorYear>
                            <proc:CurrentYear>388.32</proc:CurrentYear>
                            <proc:BudgetYearOneBase>135.816</proc:BudgetYearOneBase>
                            <proc:BudgetYearOne>135.816</proc:BudgetYearOne>
                        </proc:TotalCost>
                    </proc:Cost>
                </proc:Component>
            </proc:ComponentList>
            <proc:TotalCost>
                <proc:Quantity>
                    <proc:PriorYear>150</proc:PriorYear>
                    <proc:CurrentYear>38</proc:CurrentYear>
                </proc:Quantity>
                <proc:TotalCost>
                    <proc:PriorYear>676.121</proc:PriorYear>
                    <proc:CurrentYear>388.32</proc:CurrentYear>
                    <proc:BudgetYearOneBase>135.816</proc:BudgetYearOneBase>
                    <proc:BudgetYearOne>135.816</proc:BudgetYearOne>
                </proc:TotalCost>
            </proc:TotalCost>
        </proc:SecondaryDistribution>
        <proc:Description>A dynamic, asymmetric threat and operational environment demands full spectrum, strategically responsive, agile, and dominant land forces. Immediate response by a lethal, versatile, tactically agile joint force capable of operational maneuver is essential to fulfilling the Army's Warfighting needs. The Stryker-equipped Brigade Combat Team (BCT) is this force. The use of a common platform/common chassis design reduces requirements for repair parts and logistics support in the area of operations. In response to operational needs identified in the Theater of Operations, the Stryker Double-V-Hull (DVH) survivability enhancement was approved for development and production by Acquisition Decision Memorandums (ADM) signed April 2010 and May 2011, respectively. A Double-V-Hull (DVH) brigade is constructed through an exchange effort by which components and mission equipment packages are removed from flat bottom hull Strykers to be reassembled in the DVH structure along with the associated DVH unique components. In May 2012, Phase 1 (Technology Development), Stryker Double-V-Hull (DVH) A1 Engineering Change Proposal (DVHA1 ECP), formerly ECP1, development effort was approved to provide power generation, suspension, and network upgrades to restore Stryker DVH Space, Weight, and Power-Cooling (SWaP-C) lost as a result of incorporating vehicle changes to counter threats encountered during deployment operations. In May 2013, Phase II for the Double-V-Hull (DVH) A1 Engineering Change Proposal (ECP) development effort was approved. The Double-V-Hull (DVH) A1 ECP was approved for production in August 2016, with the Double-V-Hull (DVH) A1 ECP vehicles being produced using the exchange production process. Stryker Brigade Combat Teams (SBCTs), equipped with DVH A1 ECP vehicles, can be used across the full spectrum of military operations. Stryker Brigade Combat Teams (SBCTs) are required to deploy rapidly and conduct effective combat operations immediately on arrival to prevent, contain, stabilize, or resolve a conflict through shaping and decisive operations. On 23 March 2018, the Army Requirements Oversight Council (AROC) approved the exchange of all remaining flat bottom hull Stryker Brigades from flat bottom hull to Double-V-Hull (DVH) A1 ECP. Program Office awarded on 30 June 2020 a follow-on DVH A1 ECP requirements contract for FY 2020 - 2025, with an additional one-year option. Production of Stryker DVH A1 Engineering Change Proposal (ECP) vehicles for this contract was produced through a blend of new vehicle production and the current exchange process due to the limited available inventory of flat bottom hull Strykers required to feed the exchange production process. Configurations of Stryker Double-V-Hull (DVH) A1 Engineering Change Proposal vehicles are: 

Double-V-Hull A1 Engineering Change Proposal (ECP) Infantry Carrier: The DVH A1 ECP Infantry Carrier Vehicle (ICVVA1) carries an infantry squad with individual equipment. The Infantry Carrier Vehicle also provides protected transport and supporting fires for the infantry squad during dismounted assault. DVH A1 ECP Infantry Carrier Vehicles with a Scout Dismount Kit provide for dismounted force situational awareness, gathering, and transmitting real time intelligence while moving throughout the battlefield in close, complex, and urban terrain.

Double-V-Hull A1 Engineering Change Proposal (ECP) Mortar Carrier: The DVH A1 ECP Mortar Carrier (MCVVA1) supports infantry units with screening obscurants, suppressive forces and on-call supporting fires. 120mm, 81mm, and 60mm mortars provide complementary capabilities with responsive, accurate and lethal indirect fire support to the dismounted infantry assault.

Double-V-Hull A1 Engineering Change Proposal (ECP) Commander's Vehicle: The DVH A1 ECP Commander's Vehicle (CVVA1) provides the brigade commanders and infantry battalion commanders with the means to receive information and data, analyze, prepare, and transmit data, and control the forces/functions carrying out combat missions.

Double-V-Hull A1 Engineering Change Proposal (ECP) Fire Support Vehicle: The DVH A1 ECP Fire Support Vehicle (FSVVA1) provides automated enhanced surveillance, target acquisition, target identification, target tracking, target designation, position location, and communications functionality. Targets will be transmitted instantly to the fire support system and shooter.

Double-V-Hull A1 Engineering Change Proposal (ECP) Engineer Squad Vehicle: The DVH A1 ECP Engineer Squad Vehicle (ESVVA1) provides maneuver/mobility support capabilities which include obstacle clearing, in-stride breaching of surface mines, proofing of subsurface mines, and smoke generation for local protection.

Double-V-Hull A1 Engineering Change Proposal (ECP) Medical Evacuation Vehicle: The DVH A1 ECP Medical Evacuation Vehicle (MEVVA1) is the Battalion Aid Station for brigade units, providing treatment for serious injury and advanced trauma cases.

Double-V-Hull A1 Engineering Change Proposal (ECP) Antitank Guided Missile Vehicle: The DVH A1 ECP Antitank Guided Missile Vehicle (ATVVA1) is the brigade's primary tank killing system. The Antitank Guided Missile Vehicle (ATW) reinforces the brigade's infantry battalion, reinforces the brigade reconnaissance squadron, and provides long-range direct fire.

Double V Hull A1 (DVHA1) Infantry Carrier Vehicle (ICVVA1)-30mm (formerly Medium Caliber Weapon System (MCWS): The Stryker ICVVA1-30mm integrates a 30mm cannon onto the DVHA1 platform to provide increased lethality, capable of firing a variety of munitions designed to support mounted and dismounted elements when executing combined arms maneuver and wide area security operations. The ICVVA1-30mm provides protected transport for an infantry or cavalry squad with individual equipment. 

Design, develop, modify, and provide supporting documentation for the Stryker Family of Vehicles (FoV) to resolve configuration management, reliability, lethality, safety, operational, performance degradation, chemical detection and Command, Control, Communications, Computers, Cyber Intelligence, Surveillance, and Reconnaissance (C5ISR) obsolescence issues. Primary efforts involve the testing and incorporation of fleet modifications, to include, C5ISR updates, DVH Safety and Survivability updates, training device procurement and the retrofit of Lethality Engineering Change Proposals (ECPs) upgrades to enhance the suppressive fire and armored vehicle engagement capabilities of the Army's Stryker Brigade Combat Teams (SBCTs). Fleet modifications include the ICVVA1-30 hardware fixes found during testing, replacement of the obsolete Video Display Electronics Terminal (VDET) with Squad Leader Display (SLDv3), upgrade to electronics power system to support integration of the Mounted-Integrated Tactical Network Stryker (M-ITN-S), and other necessary upgrades to address evolving threats, emerging technologies and unforeseen system deficiencies of the Stryker FoV.

Training Aids, Devices, Simulators, and Simulations (TADSS): Funding provides for the integration of the Vehicle Tactical Engagement Simulation System (V-TESS), Javelin Outdoor Training System (JOTS), and supports the United States Army Combined Arms Support Command (CASCOM) and the requirement for the Stryker Vehicle Maintainer Training Course to support establishment of the Stryker-unique 91S Military Occupational Series (MOS). The 91S training course requires purchase of the following training devices: Diagnostic Troubleshooting Trainers (DTTs), Anti-Tank Guided Missile Vehicle Hands-On Trainers (HOTs), Full-Up Power Pack Part Task Trainers (FUPP PTTs), Mortar Carrier Hands-On Trainers (MC HOTs). 

Retrofit Planning and Site Management: Funding supports kit material handling and fleet-wide retrofits for the Stryker Family of Vehicles (FoV).

Test Fleet Maintenance funding maintains the Stryker test fleet, to include contractor repair labor and operations of Stryker repair parts warehouses located at the Army's test centers.

Program management, engineering, and logistics support necessary to execute Stryker modifications to include Double V Hull A1 (DVHA1) Engineering Change Proposals (ECPs); Fleet Modifications; Command, Control, Communications, Computers, Cyber, Intelligence, Surveillance, and Reconnaissance (C5ISR); Next Generation items, and Lethality Engineering Change Proposals (ECPs).</proc:Description>
        <proc:Justification>FY 2026 Base procurement dollars in the amount of $135.816 million supports the following:
- Fielding Support for DVHA1 including New Equipment Training, transportation, interim Contractor Logistics Support for ICVVA1-30mm (MCWS), and Field Service Representative (FSR) support.
- Program management, engineering, logistics and system technical support necessary to execute DVHA1 fielding activities and remaining logistic products.

Due to Army Structure Memorandum (ARSTRUC) changes and the Army Transformation Initiative (ATI) EXORD, the Army has directed a cessation of Stryker Double V Hull A1 (DVH A1) vehicle procurement, as outlined in the G8 Memorandum for Record dated 06 JUN 2025. While no DVH A1 vehicles are planned for purchase in FY 2025, fielding of the 4th and 5th DVH A1 brigades, and the 3rd and 4th ICVVA1-30mm (MCWS) brigades, will continue beyond FY26.  The FY 2025 quantity of 38 will be updated to 0 prior to the next budget submission.

In accordance with Section 1815 of the FY 2008 National Defense Authorization Act (P.L. 110-181), this item is necessary for use by the active and reserve components of the Armed Forces for homeland defense missions, domestic emergency responses, and providing military support to civil authorities.

Army Acquisition Objective: 4,459

The Army Acquisition Objective includes quantity requirements for Stryker Brigade Combat Teams and other Army programs of record which utilize the Stryker vehicle as their base platform.</proc:Justification>
        <proc:ItemExhibitList>
            <proc:P5Item>
                <proc:Name>Stryker Upgrade</proc:Name>
                <proc:ItemNumber>G85200</proc:ItemNumber>
                <proc:IdCode>A</proc:IdCode>
                <proc:SecondaryDistribution>
                    <proc:ComponentList>
                        <proc:Component>
                            <proc:Name>Army Active</proc:Name>
                            <proc:Cost>
                                <proc:Quantity>
                                    <proc:PriorYear>150</proc:PriorYear>
                                    <proc:CurrentYear>38</proc:CurrentYear>
                                </proc:Quantity>
                                <proc:TotalCost>
                                    <proc:PriorYear>676.121</proc:PriorYear>
                                    <proc:CurrentYear>388.32</proc:CurrentYear>
                                    <proc:BudgetYearOneBase>135.816</proc:BudgetYearOneBase>
                                    <proc:BudgetYearOne>135.816</proc:BudgetYearOne>
                                </proc:TotalCost>
                            </proc:Cost>
                        </proc:Component>
                    </proc:ComponentList>
                </proc:SecondaryDistribution>
                <proc:Remarks>Stryker DVHA1 variant unit costs fluctuate annually based on the total quantity of DVHA1 vehicles procured and the quantities of individual variants procured as established in the DVHA1 contract range pricing.

FY 2024
Based on actual execution the program FY 2024 quantities are 126 (changed from 150) and will be updated prior to the next budget submission. Details of the FY 2024 quantities totaling 126 are below:
-	Double-V-Hull A1 Engineering Change Proposal (ECP) Infantry Carrier Vehicle: 43
-	Double-V-Hull A1 Engineering Change Proposal (ECP) Mortar Carrier Vehicle: 32
-	Double-V-Hull A1 Engineering Change Proposal (ECP) Fire Support Vehicle: 10
-	Double-V-Hull A1 Engineering Change Proposal (ECP) Engineer Squad Vehicle: 20
-	Double-V-Hull A1 Engineering Change Proposal (ECP) Commander's Vehicle: 16
-	Double-V-Hull A1 Engineering Change Proposal (ECP) Medical Evacuation Vehicle: 5
-	Total FY 2024 Quantity: 126


FY 2025
Due to Army Structure Memorandum (ARSTRUC) changes and the Army Transformation Initiative (ATI) EXORD, the Army has directed a cessation of Stryker Double V Hull A1 (DVH A1) vehicle procurement, as outlined in the G8 Memorandum for Record dated 06 JUN 2025.  The FY 2025 quantity of 38 will be updated to 0 prior to the next budget submission.</proc:Remarks>
                <proc:ResourceSummary>
                    <proc:Quantity>
                        <proc:AllPriorYears>1493</proc:AllPriorYears>
                        <proc:PriorYear>150</proc:PriorYear>
                        <proc:CurrentYear>38</proc:CurrentYear>
                    </proc:Quantity>
                    <proc:TotalCost>
                        <proc:AllPriorYears>5683.958</proc:AllPriorYears>
                        <proc:PriorYear>676.121</proc:PriorYear>
                        <proc:CurrentYear>388.32</proc:CurrentYear>
                        <proc:BudgetYearOneBase>135.816</proc:BudgetYearOneBase>
                        <proc:BudgetYearOne>135.816</proc:BudgetYearOne>
                    </proc:TotalCost>
                    <proc:UnitCost>
                        <proc:AllPriorYears>3807.072</proc:AllPriorYears>
                        <proc:PriorYear>4507.473</proc:PriorYear>
                        <proc:CurrentYear>10218.947</proc:CurrentYear>
                    </proc:UnitCost>
                    <proc:NetProcurementP1>
                        <proc:AllPriorYears>5683.958</proc:AllPriorYears>
                        <proc:PriorYear>676.121</proc:PriorYear>
                        <proc:CurrentYear>388.32</proc:CurrentYear>
                        <proc:BudgetYearOneBase>135.816</proc:BudgetYearOneBase>
                        <proc:BudgetYearOne>135.816</proc:BudgetYearOne>
                    </proc:NetProcurementP1>
                    <proc:TotalObligationAuthority>
                        <proc:AllPriorYears>5683.958</proc:AllPriorYears>
                        <proc:PriorYear>676.121</proc:PriorYear>
                        <proc:CurrentYear>388.32</proc:CurrentYear>
                        <proc:BudgetYearOneBase>135.816</proc:BudgetYearOneBase>
                        <proc:BudgetYearOne>135.816</proc:BudgetYearOne>
                    </proc:TotalObligationAuthority>
                </proc:ResourceSummary>
                <proc:CostElementCategoryList>
                    <proc:Flyaway>
                        <proc:Recurring>
                            <proc:CostElementList>
                                <proc:CostElement>
                                    <proc:Name>DVH A1 ECP Infantry Carrier Vehicle</proc:Name>
                                    <proc:Cost>
                                        <proc:Quantity>
                                            <proc:AllPriorYears>642</proc:AllPriorYears>
                                            <proc:PriorYear>43</proc:PriorYear>
                                        </proc:Quantity>
                                        <proc:TotalCost>
                                            <proc:AllPriorYears>2190.214</proc:AllPriorYears>
                                            <proc:PriorYear>127.805</proc:PriorYear>
                                        </proc:TotalCost>
                                        <proc:UnitCost>
                                            <proc:AllPriorYears>3411.548</proc:AllPriorYears>
                                            <proc:PriorYear>2972.209</proc:PriorYear>
                                        </proc:UnitCost>
                                    </proc:Cost>
                                    <proc:AllPriorYearsDeliveries>642</proc:AllPriorYearsDeliveries>
                                    <proc:ManufacturerList>
                                        <proc:Manufacturer>
                                            <proc:Name>GM GDLS Defense Group L.L.C.</proc:Name>
                                            <proc:Location>Shelby Township</proc:Location>
                                            <proc:HistoryPlanningList>
                                                <proc:HistoryPlanning>
                                                    <proc:FiscalYear>2024</proc:FiscalYear>
                                                    <proc:PCOLocation>TACOM</proc:PCOLocation>
                                                    <proc:AwardDate>2024-03</proc:AwardDate>
                                                    <proc:FirstDeliveryDate>2026-01</proc:FirstDeliveryDate>
                                                    <proc:Quantity>43</proc:Quantity>
                                                    <proc:UnitCost>2972.209</proc:UnitCost>
                                                    <proc:SpecsAvailableNow>true</proc:SpecsAvailableNow>
                                                    <proc:ContractMethod>SS</proc:ContractMethod>
                                                    <proc:ContractType>FPIF</proc:ContractType>
                                                </proc:HistoryPlanning>
                                            </proc:HistoryPlanningList>
                                        </proc:Manufacturer>
                                    </proc:ManufacturerList>
                                </proc:CostElement>
                                <proc:CostElement>
                                    <proc:Name>DVH A1 ECP Anti-Tank Guided Missile Veh</proc:Name>
                                    <proc:Cost>
                                        <proc:Quantity>
                                            <proc:AllPriorYears>31</proc:AllPriorYears>
                                        </proc:Quantity>
                                        <proc:TotalCost>
                                            <proc:AllPriorYears>96.016</proc:AllPriorYears>
                                        </proc:TotalCost>
                                        <proc:UnitCost>
                                            <proc:AllPriorYears>3097.29</proc:AllPriorYears>
                                        </proc:UnitCost>
                                    </proc:Cost>
                                    <proc:AllPriorYearsDeliveries>31</proc:AllPriorYearsDeliveries>
                                </proc:CostElement>
                                <proc:CostElement>
                                    <proc:Name>DVH A1 ECP Mortar Carrier Vehicle</proc:Name>
                                    <proc:Cost>
                                        <proc:Quantity>
                                            <proc:AllPriorYears>138</proc:AllPriorYears>
                                            <proc:PriorYear>32</proc:PriorYear>
                                        </proc:Quantity>
                                        <proc:TotalCost>
                                            <proc:AllPriorYears>399.323</proc:AllPriorYears>
                                            <proc:PriorYear>101.268</proc:PriorYear>
                                        </proc:TotalCost>
                                        <proc:UnitCost>
                                            <proc:AllPriorYears>2893.645</proc:AllPriorYears>
                                            <proc:PriorYear>3164.625</proc:PriorYear>
                                        </proc:UnitCost>
                                    </proc:Cost>
                                    <proc:AllPriorYearsDeliveries>138</proc:AllPriorYearsDeliveries>
                                    <proc:ManufacturerList>
                                        <proc:Manufacturer>
                                            <proc:Name>GM GDLS Defense Group L.L.C.</proc:Name>
                                            <proc:Location>Shelby Township</proc:Location>
                                            <proc:HistoryPlanningList>
                                                <proc:HistoryPlanning>
                                                    <proc:FiscalYear>2024</proc:FiscalYear>
                                                    <proc:PCOLocation>TACOM</proc:PCOLocation>
                                                    <proc:AwardDate>2024-03</proc:AwardDate>
                                                    <proc:FirstDeliveryDate>2026-04</proc:FirstDeliveryDate>
                                                    <proc:Quantity>32</proc:Quantity>
                                                    <proc:UnitCost>3164.625</proc:UnitCost>
                                                    <proc:SpecsAvailableNow>true</proc:SpecsAvailableNow>
                                                    <proc:ContractMethod>SS</proc:ContractMethod>
                                                    <proc:ContractType>FPIF</proc:ContractType>
                                                </proc:HistoryPlanning>
                                            </proc:HistoryPlanningList>
                                        </proc:Manufacturer>
                                    </proc:ManufacturerList>
                                </proc:CostElement>
                                <proc:CostElement>
                                    <proc:Name>DVH A1 ECP Fire Support Vehicle</proc:Name>
                                    <proc:Cost>
                                        <proc:Quantity>
                                            <proc:AllPriorYears>50</proc:AllPriorYears>
                                            <proc:PriorYear>10</proc:PriorYear>
                                        </proc:Quantity>
                                        <proc:TotalCost>
                                            <proc:AllPriorYears>143.616</proc:AllPriorYears>
                                            <proc:PriorYear>31.814</proc:PriorYear>
                                        </proc:TotalCost>
                                        <proc:UnitCost>
                                            <proc:AllPriorYears>2872.32</proc:AllPriorYears>
                                            <proc:PriorYear>3181.4</proc:PriorYear>
                                        </proc:UnitCost>
                                    </proc:Cost>
                                    <proc:AllPriorYearsDeliveries>50</proc:AllPriorYearsDeliveries>
                                    <proc:ManufacturerList>
                                        <proc:Manufacturer>
                                            <proc:Name>GM GDLS Defense Group L.L.C.</proc:Name>
                                            <proc:Location>Shelby Township</proc:Location>
                                            <proc:HistoryPlanningList>
                                                <proc:HistoryPlanning>
                                                    <proc:FiscalYear>2024</proc:FiscalYear>
                                                    <proc:PCOLocation>TACOM</proc:PCOLocation>
                                                    <proc:AwardDate>2024-03</proc:AwardDate>
                                                    <proc:FirstDeliveryDate>2026-06</proc:FirstDeliveryDate>
                                                    <proc:Quantity>10</proc:Quantity>
                                                    <proc:UnitCost>3181.4</proc:UnitCost>
                                                    <proc:SpecsAvailableNow>true</proc:SpecsAvailableNow>
                                                    <proc:ContractMethod>SS</proc:ContractMethod>
                                                    <proc:ContractType>FPIF</proc:ContractType>
                                                </proc:HistoryPlanning>
                                            </proc:HistoryPlanningList>
                                        </proc:Manufacturer>
                                    </proc:ManufacturerList>
                                </proc:CostElement>
                                <proc:CostElement>
                                    <proc:Name>DVH A1 ECP Engineer Squad Vehicle</proc:Name>
                                    <proc:Cost>
                                        <proc:Quantity>
                                            <proc:AllPriorYears>46</proc:AllPriorYears>
                                            <proc:PriorYear>20</proc:PriorYear>
                                        </proc:Quantity>
                                        <proc:TotalCost>
                                            <proc:AllPriorYears>98.901</proc:AllPriorYears>
                                            <proc:PriorYear>63.58</proc:PriorYear>
                                        </proc:TotalCost>
                                        <proc:UnitCost>
                                            <proc:AllPriorYears>2150.022</proc:AllPriorYears>
                                            <proc:PriorYear>3179</proc:PriorYear>
                                        </proc:UnitCost>
                                    </proc:Cost>
                                    <proc:AllPriorYearsDeliveries>46</proc:AllPriorYearsDeliveries>
                                    <proc:ManufacturerList>
                                        <proc:Manufacturer>
                                            <proc:Name>GM GDLS Defense Group L.L.C.</proc:Name>
                                            <proc:Location>Shelby Township</proc:Location>
                                            <proc:HistoryPlanningList>
                                                <proc:HistoryPlanning>
                                                    <proc:FiscalYear>2024</proc:FiscalYear>
                                                    <proc:PCOLocation>TACOM</proc:PCOLocation>
                                                    <proc:AwardDate>2024-03</proc:AwardDate>
                                                    <proc:FirstDeliveryDate>2026-01</proc:FirstDeliveryDate>
                                                    <proc:Quantity>20</proc:Quantity>
                                                    <proc:UnitCost>3179</proc:UnitCost>
                                                    <proc:SpecsAvailableNow>true</proc:SpecsAvailableNow>
                                                    <proc:ContractMethod>SS</proc:ContractMethod>
                                                    <proc:ContractType>FPIF</proc:ContractType>
                                                </proc:HistoryPlanning>
                                            </proc:HistoryPlanningList>
                                        </proc:Manufacturer>
                                    </proc:ManufacturerList>
                                </proc:CostElement>
                                <proc:CostElement>
                                    <proc:Name>DVH A1 ECP Commander's Vehicle</proc:Name>
                                    <proc:Cost>
                                        <proc:Quantity>
                                            <proc:AllPriorYears>131</proc:AllPriorYears>
                                            <proc:PriorYear>16</proc:PriorYear>
                                        </proc:Quantity>
                                        <proc:TotalCost>
                                            <proc:AllPriorYears>371.296</proc:AllPriorYears>
                                            <proc:PriorYear>51.693</proc:PriorYear>
                                        </proc:TotalCost>
                                        <proc:UnitCost>
                                            <proc:AllPriorYears>2834.321</proc:AllPriorYears>
                                            <proc:PriorYear>3230.813</proc:PriorYear>
                                        </proc:UnitCost>
                                    </proc:Cost>
                                    <proc:AllPriorYearsDeliveries>131</proc:AllPriorYearsDeliveries>
                                    <proc:ManufacturerList>
                                        <proc:Manufacturer>
                                            <proc:Name>GM GDLS Defense Group L.L.C.</proc:Name>
                                            <proc:Location>Shelby Township</proc:Location>
                                            <proc:HistoryPlanningList>
                                                <proc:HistoryPlanning>
                                                    <proc:FiscalYear>2024</proc:FiscalYear>
                                                    <proc:PCOLocation>TACOM</proc:PCOLocation>
                                                    <proc:AwardDate>2024-03</proc:AwardDate>
                                                    <proc:FirstDeliveryDate>2026-09</proc:FirstDeliveryDate>
                                                    <proc:Quantity>16</proc:Quantity>
                                                    <proc:UnitCost>3230.813</proc:UnitCost>
                                                    <proc:SpecsAvailableNow>true</proc:SpecsAvailableNow>
                                                    <proc:ContractMethod>SS</proc:ContractMethod>
                                                    <proc:ContractType>FPIF</proc:ContractType>
                                                </proc:HistoryPlanning>
                                            </proc:HistoryPlanningList>
                                        </proc:Manufacturer>
                                    </proc:ManufacturerList>
                                </proc:CostElement>
                                <proc:CostElement>
                                    <proc:Name>DVH A1 ECP Medical Evacuation Vehicle</proc:Name>
                                    <proc:Cost>
                                        <proc:Quantity>
                                            <proc:AllPriorYears>140</proc:AllPriorYears>
                                            <proc:PriorYear>5</proc:PriorYear>
                                        </proc:Quantity>
                                        <proc:TotalCost>
                                            <proc:AllPriorYears>293.32</proc:AllPriorYears>
                                            <proc:PriorYear>16.006</proc:PriorYear>
                                        </proc:TotalCost>
                                        <proc:UnitCost>
                                            <proc:AllPriorYears>2095.143</proc:AllPriorYears>
                                            <proc:PriorYear>3201.2</proc:PriorYear>
                                        </proc:UnitCost>
                                    </proc:Cost>
                                    <proc:AllPriorYearsDeliveries>140</proc:AllPriorYearsDeliveries>
                                    <proc:ManufacturerList>
                                        <proc:Manufacturer>
                                            <proc:Name>GM GDLS Defense Group L.L.C.</proc:Name>
                                            <proc:Location>Shelby Township</proc:Location>
                                            <proc:HistoryPlanningList>
                                                <proc:HistoryPlanning>
                                                    <proc:FiscalYear>2024</proc:FiscalYear>
                                                    <proc:PCOLocation>TACOM</proc:PCOLocation>
                                                    <proc:AwardDate>2024-03</proc:AwardDate>
                                                    <proc:FirstDeliveryDate>2027-11</proc:FirstDeliveryDate>
                                                    <proc:Quantity>5</proc:Quantity>
                                                    <proc:UnitCost>3201.2</proc:UnitCost>
                                                    <proc:SpecsAvailableNow>true</proc:SpecsAvailableNow>
                                                    <proc:ContractMethod>SS</proc:ContractMethod>
                                                    <proc:ContractType>FPIF</proc:ContractType>
                                                </proc:HistoryPlanning>
                                            </proc:HistoryPlanningList>
                                        </proc:Manufacturer>
                                    </proc:ManufacturerList>
                                </proc:CostElement>
                                <proc:CostElement>
                                    <proc:Name>DVH A1 30mm MCWS</proc:Name>
                                    <proc:Cost>
                                        <proc:Quantity>
                                            <proc:AllPriorYears>142</proc:AllPriorYears>
                                        </proc:Quantity>
                                        <proc:TotalCost>
                                            <proc:AllPriorYears>800.651</proc:AllPriorYears>
                                        </proc:TotalCost>
                                        <proc:UnitCost>
                                            <proc:AllPriorYears>5638.387</proc:AllPriorYears>
                                        </proc:UnitCost>
                                    </proc:Cost>
                                </proc:CostElement>
                                <proc:CostElement>
                                    <proc:Name>Program Management Support (Govt)</proc:Name>
                                    <proc:Cost>
                                        <proc:TotalCost>
                                            <proc:AllPriorYears>233.928</proc:AllPriorYears>
                                            <proc:PriorYear>44.694</proc:PriorYear>
                                            <proc:CurrentYear>38.65</proc:CurrentYear>
                                            <proc:BudgetYearOneBase>26.179</proc:BudgetYearOneBase>
                                            <proc:BudgetYearOne>26.179</proc:BudgetYearOne>
                                        </proc:TotalCost>
                                    </proc:Cost>
                                </proc:CostElement>
                                <proc:CostElement>
                                    <proc:Name>Government Furnished Equipment (GFE)</proc:Name>
                                    <proc:Cost>
                                        <proc:TotalCost>
                                            <proc:AllPriorYears>50.014</proc:AllPriorYears>
                                            <proc:PriorYear>2.804</proc:PriorYear>
                                        </proc:TotalCost>
                                    </proc:Cost>
                                </proc:CostElement>
                            </proc:CostElementList>
                            <proc:CategorySubtotal>
                                <proc:TotalCost>
                                    <proc:AllPriorYears>4677.279</proc:AllPriorYears>
                                    <proc:PriorYear>439.664</proc:PriorYear>
                                    <proc:CurrentYear>38.65</proc:CurrentYear>
                                    <proc:BudgetYearOneBase>26.179</proc:BudgetYearOneBase>
                                    <proc:BudgetYearOne>26.179</proc:BudgetYearOne>
                                </proc:TotalCost>
                            </proc:CategorySubtotal>
                        </proc:Recurring>
                        <proc:CategorySubtotal>
                            <proc:TotalCost>
                                <proc:AllPriorYears>4677.279</proc:AllPriorYears>
                                <proc:PriorYear>439.664</proc:PriorYear>
                                <proc:CurrentYear>38.65</proc:CurrentYear>
                                <proc:BudgetYearOneBase>26.179</proc:BudgetYearOneBase>
                                <proc:BudgetYearOne>26.179</proc:BudgetYearOne>
                            </proc:TotalCost>
                        </proc:CategorySubtotal>
                    </proc:Flyaway>
                    <proc:Hardware>
                        <proc:Recurring>
                            <proc:CostElementList>
                                <proc:CostElement>
                                    <proc:Name>Fleet Modifications</proc:Name>
                                    <proc:Cost>
                                        <proc:TotalCost>
                                            <proc:AllPriorYears>33.985</proc:AllPriorYears>
                                            <proc:PriorYear>18.465</proc:PriorYear>
                                        </proc:TotalCost>
                                    </proc:Cost>
                                </proc:CostElement>
                                <proc:CostElement>
                                    <proc:Name>CROWS-J ECP</proc:Name>
                                    <proc:Cost>
                                        <proc:TotalCost>
                                            <proc:AllPriorYears>129.977</proc:AllPriorYears>
                                            <proc:CurrentYear>68.528</proc:CurrentYear>
                                        </proc:TotalCost>
                                    </proc:Cost>
                                </proc:CostElement>
                                <proc:CostElement>
                                    <proc:Name>ATGM ECP</proc:Name>
                                    <proc:Cost>
                                        <proc:TotalCost>
                                            <proc:AllPriorYears>35.575</proc:AllPriorYears>
                                        </proc:TotalCost>
                                    </proc:Cost>
                                </proc:CostElement>
                                <proc:CostElement>
                                    <proc:Name>MCWS 30mm</proc:Name>
                                    <proc:Cost>
                                        <proc:TotalCost>
                                            <proc:PriorYear>20.036</proc:PriorYear>
                                            <proc:CurrentYear>40.93</proc:CurrentYear>
                                            <proc:BudgetYearOneBase>6.571</proc:BudgetYearOneBase>
                                            <proc:BudgetYearOne>6.571</proc:BudgetYearOne>
                                        </proc:TotalCost>
                                    </proc:Cost>
                                </proc:CostElement>
                                <proc:CostElement>
                                    <proc:Name>Squad Leader Display v3 (SLDv3)</proc:Name>
                                    <proc:Cost>
                                        <proc:TotalCost>
                                            <proc:PriorYear>19.864</proc:PriorYear>
                                            <proc:CurrentYear>36.23</proc:CurrentYear>
                                            <proc:BudgetYearOneBase>10.386</proc:BudgetYearOneBase>
                                            <proc:BudgetYearOne>10.386</proc:BudgetYearOne>
                                        </proc:TotalCost>
                                    </proc:Cost>
                                </proc:CostElement>
                                <proc:CostElement>
                                    <proc:Name>M-ITN Power Solution Hardware</proc:Name>
                                    <proc:Cost>
                                        <proc:TotalCost>
                                            <proc:CurrentYear>54.884</proc:CurrentYear>
                                        </proc:TotalCost>
                                    </proc:Cost>
                                </proc:CostElement>
                            </proc:CostElementList>
                            <proc:CategorySubtotal>
                                <proc:TotalCost>
                                    <proc:AllPriorYears>199.537</proc:AllPriorYears>
                                    <proc:PriorYear>58.365</proc:PriorYear>
                                    <proc:CurrentYear>200.572</proc:CurrentYear>
                                    <proc:BudgetYearOneBase>16.957</proc:BudgetYearOneBase>
                                    <proc:BudgetYearOne>16.957</proc:BudgetYearOne>
                                </proc:TotalCost>
                            </proc:CategorySubtotal>
                        </proc:Recurring>
                        <proc:CategorySubtotal>
                            <proc:TotalCost>
                                <proc:AllPriorYears>199.537</proc:AllPriorYears>
                                <proc:PriorYear>58.365</proc:PriorYear>
                                <proc:CurrentYear>200.572</proc:CurrentYear>
                                <proc:BudgetYearOneBase>16.957</proc:BudgetYearOneBase>
                                <proc:BudgetYearOne>16.957</proc:BudgetYearOne>
                            </proc:TotalCost>
                        </proc:CategorySubtotal>
                    </proc:Hardware>
                    <proc:PackageFielding>
                        <proc:Recurring>
                            <proc:CostElementList>
                                <proc:CostElement>
                                    <proc:Name>System Fielding Support - DVH A1</proc:Name>
                                    <proc:Cost>
                                        <proc:TotalCost>
                                            <proc:AllPriorYears>248.215</proc:AllPriorYears>
                                            <proc:PriorYear>82.422</proc:PriorYear>
                                            <proc:CurrentYear>68.683</proc:CurrentYear>
                                            <proc:BudgetYearOneBase>70.234</proc:BudgetYearOneBase>
                                            <proc:BudgetYearOne>70.234</proc:BudgetYearOne>
                                        </proc:TotalCost>
                                    </proc:Cost>
                                </proc:CostElement>
                            </proc:CostElementList>
                            <proc:CategorySubtotal>
                                <proc:TotalCost>
                                    <proc:AllPriorYears>248.215</proc:AllPriorYears>
                                    <proc:PriorYear>82.422</proc:PriorYear>
                                    <proc:CurrentYear>68.683</proc:CurrentYear>
                                    <proc:BudgetYearOneBase>70.234</proc:BudgetYearOneBase>
                                    <proc:BudgetYearOne>70.234</proc:BudgetYearOne>
                                </proc:TotalCost>
                            </proc:CategorySubtotal>
                        </proc:Recurring>
                        <proc:NonRecurring>
                            <proc:CostElementList>
                                <proc:CostElement>
                                    <proc:Name>Authorized Stockage List - DVH A1</proc:Name>
                                    <proc:Cost>
                                        <proc:TotalCost>
                                            <proc:AllPriorYears>155.744</proc:AllPriorYears>
                                            <proc:PriorYear>19.253</proc:PriorYear>
                                        </proc:TotalCost>
                                    </proc:Cost>
                                </proc:CostElement>
                            </proc:CostElementList>
                            <proc:CategorySubtotal>
                                <proc:TotalCost>
                                    <proc:AllPriorYears>155.744</proc:AllPriorYears>
                                    <proc:PriorYear>19.253</proc:PriorYear>
                                </proc:TotalCost>
                            </proc:CategorySubtotal>
                        </proc:NonRecurring>
                        <proc:CategorySubtotal>
                            <proc:TotalCost>
                                <proc:AllPriorYears>403.959</proc:AllPriorYears>
                                <proc:PriorYear>101.675</proc:PriorYear>
                                <proc:CurrentYear>68.683</proc:CurrentYear>
                                <proc:BudgetYearOneBase>70.234</proc:BudgetYearOneBase>
                                <proc:BudgetYearOne>70.234</proc:BudgetYearOne>
                            </proc:TotalCost>
                        </proc:CategorySubtotal>
                    </proc:PackageFielding>
                    <proc:Logistics>
                        <proc:Recurring>
                            <proc:CostElementList>
                                <proc:CostElement>
                                    <proc:Name>Retrofit Planning and Site Management</proc:Name>
                                    <proc:Cost>
                                        <proc:TotalCost>
                                            <proc:AllPriorYears>22.907</proc:AllPriorYears>
                                            <proc:PriorYear>10.344</proc:PriorYear>
                                            <proc:CurrentYear>10.593</proc:CurrentYear>
                                            <proc:BudgetYearOneBase>4.288</proc:BudgetYearOneBase>
                                            <proc:BudgetYearOne>4.288</proc:BudgetYearOne>
                                        </proc:TotalCost>
                                    </proc:Cost>
                                </proc:CostElement>
                            </proc:CostElementList>
                            <proc:CategorySubtotal>
                                <proc:TotalCost>
                                    <proc:AllPriorYears>22.907</proc:AllPriorYears>
                                    <proc:PriorYear>10.344</proc:PriorYear>
                                    <proc:CurrentYear>10.593</proc:CurrentYear>
                                    <proc:BudgetYearOneBase>4.288</proc:BudgetYearOneBase>
                                    <proc:BudgetYearOne>4.288</proc:BudgetYearOne>
                                </proc:TotalCost>
                            </proc:CategorySubtotal>
                        </proc:Recurring>
                        <proc:CategorySubtotal>
                            <proc:TotalCost>
                                <proc:AllPriorYears>22.907</proc:AllPriorYears>
                                <proc:PriorYear>10.344</proc:PriorYear>
                                <proc:CurrentYear>10.593</proc:CurrentYear>
                                <proc:BudgetYearOneBase>4.288</proc:BudgetYearOneBase>
                                <proc:BudgetYearOne>4.288</proc:BudgetYearOne>
                            </proc:TotalCost>
                        </proc:CategorySubtotal>
                    </proc:Logistics>
                    <proc:Support>
                        <proc:CostElementList>
                            <proc:CostElement>
                                <proc:Name>Maintenance Equipment</proc:Name>
                                <proc:Cost>
                                    <proc:TotalCost>
                                        <proc:AllPriorYears>15.253</proc:AllPriorYears>
                                        <proc:PriorYear>5.218</proc:PriorYear>
                                        <proc:CurrentYear>9.367</proc:CurrentYear>
                                    </proc:TotalCost>
                                </proc:Cost>
                            </proc:CostElement>
                        </proc:CostElementList>
                        <proc:CategorySubtotal>
                            <proc:TotalCost>
                                <proc:AllPriorYears>15.253</proc:AllPriorYears>
                                <proc:PriorYear>5.218</proc:PriorYear>
                                <proc:CurrentYear>9.367</proc:CurrentYear>
                            </proc:TotalCost>
                        </proc:CategorySubtotal>
                        <proc:Name>Support Equipment</proc:Name>
                    </proc:Support>
                    <proc:Support>
                        <proc:CostElementList>
                            <proc:CostElement>
                                <proc:Name>System Engineering</proc:Name>
                                <proc:Cost>
                                    <proc:TotalCost>
                                        <proc:AllPriorYears>192.498</proc:AllPriorYears>
                                        <proc:PriorYear>39.046</proc:PriorYear>
                                        <proc:CurrentYear>36.322</proc:CurrentYear>
                                        <proc:BudgetYearOneBase>18.158</proc:BudgetYearOneBase>
                                        <proc:BudgetYearOne>18.158</proc:BudgetYearOne>
                                    </proc:TotalCost>
                                </proc:Cost>
                            </proc:CostElement>
                        </proc:CostElementList>
                        <proc:CategorySubtotal>
                            <proc:TotalCost>
                                <proc:AllPriorYears>192.498</proc:AllPriorYears>
                                <proc:PriorYear>39.046</proc:PriorYear>
                                <proc:CurrentYear>36.322</proc:CurrentYear>
                                <proc:BudgetYearOneBase>18.158</proc:BudgetYearOneBase>
                                <proc:BudgetYearOne>18.158</proc:BudgetYearOne>
                            </proc:TotalCost>
                        </proc:CategorySubtotal>
                        <proc:Name>System Engineering</proc:Name>
                    </proc:Support>
                    <proc:Support>
                        <proc:CostElementList>
                            <proc:CostElement>
                                <proc:Name>Development Test and Evaluation</proc:Name>
                                <proc:Cost>
                                    <proc:TotalCost>
                                        <proc:AllPriorYears>30.627</proc:AllPriorYears>
                                        <proc:CurrentYear>2.746</proc:CurrentYear>
                                    </proc:TotalCost>
                                </proc:Cost>
                            </proc:CostElement>
                            <proc:CostElement>
                                <proc:Name>Test and Evaluation Support</proc:Name>
                                <proc:Cost>
                                    <proc:TotalCost>
                                        <proc:AllPriorYears>83.935</proc:AllPriorYears>
                                        <proc:PriorYear>5.597</proc:PriorYear>
                                        <proc:CurrentYear>6.79</proc:CurrentYear>
                                    </proc:TotalCost>
                                </proc:Cost>
                            </proc:CostElement>
                        </proc:CostElementList>
                        <proc:CategorySubtotal>
                            <proc:TotalCost>
                                <proc:AllPriorYears>114.562</proc:AllPriorYears>
                                <proc:PriorYear>5.597</proc:PriorYear>
                                <proc:CurrentYear>9.536</proc:CurrentYear>
                            </proc:TotalCost>
                        </proc:CategorySubtotal>
                        <proc:Name>System Test and Evaluation</proc:Name>
                    </proc:Support>
                    <proc:Support>
                        <proc:CostElementList>
                            <proc:CostElement>
                                <proc:Name>Equipment</proc:Name>
                                <proc:Cost>
                                    <proc:TotalCost>
                                        <proc:AllPriorYears>57.963</proc:AllPriorYears>
                                        <proc:PriorYear>16.212</proc:PriorYear>
                                        <proc:CurrentYear>14.597</proc:CurrentYear>
                                    </proc:TotalCost>
                                </proc:Cost>
                            </proc:CostElement>
                        </proc:CostElementList>
                        <proc:CategorySubtotal>
                            <proc:TotalCost>
                                <proc:AllPriorYears>57.963</proc:AllPriorYears>
                                <proc:PriorYear>16.212</proc:PriorYear>
                                <proc:CurrentYear>14.597</proc:CurrentYear>
                            </proc:TotalCost>
                        </proc:CategorySubtotal>
                        <proc:Name>Training</proc:Name>
                    </proc:Support>
                </proc:CostElementCategoryList>
                <proc:OverallHistoryPlanningRemarks>Stryker DVHA1 variant unit costs fluctuate annually based on the total quantity of DVHA1 vehicles procured and the quantities of individual variants procured as established in the DVHA1 contract range pricing.

FY 2024
Based on actual execution the program FY 2024 quantities are 126 (changed from 150) and will be updated prior to the next budget submission. Details of the FY 2024 quantities totaling 126 are below:
- Double-V-Hull A1 Engineering Change Proposal (ECP) Infantry Carrier Vehicle: 43
- Double-V-Hull A1 Engineering Change Proposal (ECP) Mortar Carrier Vehicle: 32
- Double-V-Hull A1 Engineering Change Proposal (ECP) Fire Support Vehicle: 10
- Double-V-Hull A1 Engineering Change Proposal (ECP) Engineer Squad Vehicle: 20
- Double-V-Hull A1 Engineering Change Proposal (ECP) Commander's Vehicle: 16
- Double-V-Hull A1 Engineering Change Proposal (ECP) Medical Evacuation Vehicle: 5
- Total FY 2024 Quantity: 126

FY 2025
Due to Army Structure Memorandum (ARSTRUC) changes and the Army Transformation Initiative (ATI) EXORD, the Army has directed a cessation of Stryker Double V Hull A1 (DVH A1) vehicle procurement, as outlined in the G8 Memorandum for Record dated 06 JUN 2025.  The FY 2025 quantity of 38 will be updated to 0 prior to the next budget submission.</proc:OverallHistoryPlanningRemarks>
            </proc:P5Item>
        </proc:ItemExhibitList>
        <proc:DocumentAssemblyOptions>
            <proc:p40AItemScheduleSetting>item</proc:p40AItemScheduleSetting>
        </proc:DocumentAssemblyOptions>
    </proc:LineItem>
</proc:LineItemList>