<?xml version="1.0" encoding="UTF-8"?>
<proc:LineItemList xmlns:proc="http://www.dtic.mil/comptroller/xml/schema/20100219/procurement">
    <proc:LineItem quantityUnits="Each" quantityUnitName="Each" unitCostUnits="Thousands" totalCostUnits="Millions" manufacturerRateUnits="Monthly">
        <proc:LineItemNumber>3181GZ1500</proc:LineItemNumber>
        <proc:LineItemTitle>Sniper Rifles Modifications</proc:LineItemTitle>
        <proc:P1LineNumber>42</proc:P1LineNumber>
        <proc:BudgetYear>2026</proc:BudgetYear>
        <proc:BudgetCycle>PB</proc:BudgetCycle>
        <proc:SubmissionDate>2025-06</proc:SubmissionDate>
        <proc:ServiceAgencyName>Army</proc:ServiceAgencyName>
        <proc:AppropriationNumber>2033A</proc:AppropriationNumber>
        <proc:AppropriationTitle>Procurement of W&amp;TCV, Army</proc:AppropriationTitle>
        <proc:BudgetActivityNumber>2</proc:BudgetActivityNumber>
        <proc:BudgetActivityTitle>Weapons and Other Combat Vehicles</proc:BudgetActivityTitle>
        <proc:BudgetSubActivityNumber>20</proc:BudgetSubActivityNumber>
        <proc:BudgetSubActivityTitle>Mod of Weapons and Other Combat Veh</proc:BudgetSubActivityTitle>
        <proc:ResourceSummary>
            <proc:TotalCost>
                <proc:AllPriorYears>51.351</proc:AllPriorYears>
                <proc:BudgetYearOneBase>0.019</proc:BudgetYearOneBase>
                <proc:BudgetYearOne>0.019</proc:BudgetYearOne>
            </proc:TotalCost>
            <proc:NetProcurementP1>
                <proc:AllPriorYears>51.351</proc:AllPriorYears>
                <proc:BudgetYearOneBase>0.019</proc:BudgetYearOneBase>
                <proc:BudgetYearOne>0.019</proc:BudgetYearOne>
            </proc:NetProcurementP1>
            <proc:TotalObligationAuthority>
                <proc:AllPriorYears>51.351</proc:AllPriorYears>
                <proc:BudgetYearOneBase>0.019</proc:BudgetYearOneBase>
                <proc:BudgetYearOne>0.019</proc:BudgetYearOne>
            </proc:TotalObligationAuthority>
        </proc:ResourceSummary>
        <proc:Code>B</proc:Code>
        <proc:CodeBProgramElementList>
            <proc:ProgramElementNumber>0604601A</proc:ProgramElementNumber>
        </proc:CodeBProgramElementList>
        <proc:SecondaryDistribution>
            <proc:ComponentList>
                <proc:Component>
                    <proc:Name>Army Active</proc:Name>
                    <proc:Cost>
                        <proc:TotalCost>
                            <proc:BudgetYearOneBase>0.019</proc:BudgetYearOneBase>
                            <proc:BudgetYearOne>0.019</proc:BudgetYearOne>
                        </proc:TotalCost>
                    </proc:Cost>
                </proc:Component>
            </proc:ComponentList>
            <proc:TotalCost>
                <proc:TotalCost>
                    <proc:BudgetYearOneBase>0.019</proc:BudgetYearOneBase>
                    <proc:BudgetYearOne>0.019</proc:BudgetYearOne>
                </proc:TotalCost>
            </proc:TotalCost>
        </proc:SecondaryDistribution>
        <proc:Description>BLI 3181GZ1500 / Sniper Rifles Modifications is a new start in FY 2026.

The Sniper Rifles Modifications program supports the Army Modernization priorities (Build a More Lethal Force) through enhancement of Joint Lethality in contested environments by minimizing and eliminating erosion of close combat capability relative to peer competitors in complex terrain as outlined in the National Defense Strategy (NDS). The program conducts investigative engineering studies, procure modifications or conversions of sniper weapons and related system components to include gages/gage kits, Advanced Sniper Accessory Kit (ASAK) items, M151 Spotting Scope System, Tactical Tripod Kit (TTK) components, sniper optics, laser range finders, and ballistic compensating systems. Initial buys of items to support or meet operational needs and lighten sniper load. It includes the procurement of rifle scope optics, spotting scopes, an accompanying Accessory Interface Mounting kit (AIM), Improved Sniper Tripod, improved capabilities including an enhanced common reticle pattern and special tool kit.

This program also provides improved ancillary equipment such as intelligent rails, ballistic chronographs, Ballistic Weather Meter (BWM), Sniper Scope Covert Cap, Weapon Tripod Cradle, Sniper Data Board, improved Sniper Buttstock, Sniper Tool Kit, Sniper Accessory Mount, improved Upper Receiver Groups and/or recalibered barrels, fire controls, enhanced suppressors, other components, and support costs.

The current Army fleet of sniper weapons, consisting of the M110 Semi-Automatic Sniper System (SASS), the M2010 Enhanced Sniper Rifle (ESR), the M107 Semi-Automatic Long Range Sniper Rifle (LRSR), the MK22 Precision Sniper Rifle (PSR) and the M110A1 Squad Designated Marksman Rifle (SDMR), require continuous upgrades to the weapon, components, and/or ancillary equipment. Sniper upgrades seek to enhance sniper mission capability, effectiveness, and survivability by overmatching continuously evolving threats and extending the sniper's influence through emerging technologies in perfecting ballistics with exacting hardware and precise calculations, reducing sniper team burden through decreased weight and enhanced ergonomics, portability, signature reduction, faster more precise target reconnaissance, surveillance, and target acquisition (RSTA) and precision aiming with automated ballistic prediction systems. Upgrades also support sniper/spotter mission collaboration with information sharing of targets and better situational awareness.</proc:Description>
        <proc:Justification>FY 2026 base procurement dollars in the amount of $0.019 million supports Sniper accessories, modifications, and conversions.

In accordance with Section 1815 of the FY 2008 National Defense Act, (P.L.110-181), this item is necessary for use by the active and reserve components of the Armed Forces for homeland defense missions, domestic emergency responses, and providing military support to civil authorities.</proc:Justification>
        <proc:DocumentAssemblyOptions>
            <proc:p40AItemScheduleSetting>item</proc:p40AItemScheduleSetting>
        </proc:DocumentAssemblyOptions>
    </proc:LineItem>
</proc:LineItemList>