<?xml version="1.0" encoding="UTF-8"?>
<proc:LineItemList xmlns:proc="http://www.dtic.mil/comptroller/xml/schema/20100219/procurement">
    <proc:LineItem quantityUnits="Each" quantityUnitName="Each" unitCostUnits="Thousands" totalCostUnits="Millions">
        <proc:LineItemNumber>8310G04700</proc:LineItemNumber>
        <proc:LineItemTitle>Common Remotely Operated Weapons Station</proc:LineItemTitle>
        <proc:P1LineNumber>35</proc:P1LineNumber>
        <proc:BudgetYear>2026</proc:BudgetYear>
        <proc:BudgetCycle>PB</proc:BudgetCycle>
        <proc:SubmissionDate>2025-06</proc:SubmissionDate>
        <proc:ServiceAgencyName>Army</proc:ServiceAgencyName>
        <proc:AppropriationNumber>2033A</proc:AppropriationNumber>
        <proc:AppropriationTitle>Procurement of W&amp;TCV, Army</proc:AppropriationTitle>
        <proc:BudgetActivityNumber>2</proc:BudgetActivityNumber>
        <proc:BudgetActivityTitle>Weapons and Other Combat Vehicles</proc:BudgetActivityTitle>
        <proc:BudgetSubActivityNumber>10</proc:BudgetSubActivityNumber>
        <proc:BudgetSubActivityTitle>Weapons &amp; Other Combat Vehicles</proc:BudgetSubActivityTitle>
        <proc:ResourceSummary>
            <proc:TotalCost>
                <proc:AllPriorYears>2336.911</proc:AllPriorYears>
                <proc:PriorYear>15</proc:PriorYear>
            </proc:TotalCost>
            <proc:NetProcurementP1>
                <proc:AllPriorYears>2336.911</proc:AllPriorYears>
                <proc:PriorYear>15</proc:PriorYear>
            </proc:NetProcurementP1>
            <proc:TotalObligationAuthority>
                <proc:AllPriorYears>2336.911</proc:AllPriorYears>
                <proc:PriorYear>15</proc:PriorYear>
            </proc:TotalObligationAuthority>
        </proc:ResourceSummary>
        <proc:SecondaryDistribution>
            <proc:ComponentList>
                <proc:Component>
                    <proc:Name>Army Active</proc:Name>
                    <proc:Cost>
                        <proc:TotalCost>
                            <proc:PriorYear>15</proc:PriorYear>
                        </proc:TotalCost>
                    </proc:Cost>
                </proc:Component>
            </proc:ComponentList>
            <proc:TotalCost>
                <proc:TotalCost>
                    <proc:PriorYear>15</proc:PriorYear>
                </proc:TotalCost>
            </proc:TotalCost>
        </proc:SecondaryDistribution>
        <proc:Description>This program supports the Army Modernization priorities (Build a More Lethal Force) through enhancement of Joint Lethality in contested environments by minimizing and eliminating erosion of close combat capability relative to peer competitors in complex terrain as outlined in the National Defense Strategy (NDS). The M153 Common Remotely Operated Weapon Station (CROWS) is an integrated system that provides the capability to remotely operate all standard U.S. Army machine guns (i.e., M2 Heavy Barrel Machine Guns, MK-19 Grenade Machine Guns, M240B/L Medium Machine Guns and M249 Squad Automatic Weapons) and increase lethality solutions (to include Javelin) on a variety of vehicles from an Up-Armored High Mobility Multi-Purpose Wheeled Vehicle (HMMWV) to a M1A2 Main Battle Tank. The CROWS system includes a three axis stabilized mount, a sensor suite with fire control software, and a vehicle integration kit.  CROWS permits the gunner to manipulate the sight and weapon from under armor using a hand controller and a flat panel display.  Missions can be carried out under conditions of varying visibility via the day camera or thermal camera.  The laser range finder and three-axis stabilization allows for accurate fire on the move.</proc:Description>
        <proc:Justification>There is no FY 2026 budget request for this funding line. 

In accordance with Section 1815 of the FY 2008 National Defense Act, (P.L.110-181), this item is necessary for use by the active and reserve components of the Armed Forces for homeland defense missions, domestic emergency responses, and providing military support to civil authorities.</proc:Justification>
        <proc:DocumentAssemblyOptions>
            <proc:p40AItemScheduleSetting>item</proc:p40AItemScheduleSetting>
        </proc:DocumentAssemblyOptions>
    </proc:LineItem>
</proc:LineItemList>