<?xml version="1.0" encoding="UTF-8"?>
<proc:LineItemList xmlns:proc="http://www.dtic.mil/comptroller/xml/schema/20100219/procurement">
    <proc:LineItem quantityUnits="Each" quantityUnitName="Each" unitCostUnits="Thousands" totalCostUnits="Millions" manufacturerRateUnits="Monthly">
        <proc:LineItemNumber>6500GA0750</proc:LineItemNumber>
        <proc:LineItemTitle>Abrams Upgrade Program</proc:LineItemTitle>
        <proc:P1LineNumber>19</proc:P1LineNumber>
        <proc:BudgetYear>2026</proc:BudgetYear>
        <proc:BudgetCycle>PB</proc:BudgetCycle>
        <proc:SubmissionDate>2025-06</proc:SubmissionDate>
        <proc:ServiceAgencyName>Army</proc:ServiceAgencyName>
        <proc:AppropriationNumber>2033A</proc:AppropriationNumber>
        <proc:AppropriationTitle>Procurement of W&amp;TCV, Army</proc:AppropriationTitle>
        <proc:BudgetActivityNumber>1</proc:BudgetActivityNumber>
        <proc:BudgetActivityTitle>Tracked Combat Vehicles</proc:BudgetActivityTitle>
        <proc:BudgetSubActivityNumber>20</proc:BudgetSubActivityNumber>
        <proc:BudgetSubActivityTitle>Modification of Tracked Combat Vehicles</proc:BudgetSubActivityTitle>
        <proc:ResourceSummary>
            <proc:Quantity>
                <proc:AllPriorYears>2116</proc:AllPriorYears>
                <proc:PriorYear>100</proc:PriorYear>
                <proc:CurrentYear>30</proc:CurrentYear>
                <proc:BudgetYearOneBase>30</proc:BudgetYearOneBase>
                <proc:BudgetYearOne>30</proc:BudgetYearOne>
            </proc:Quantity>
            <proc:TotalCost>
                <proc:AllPriorYears>17036.993</proc:AllPriorYears>
                <proc:PriorYear>1137.883</proc:PriorYear>
                <proc:CurrentYear>902.185</proc:CurrentYear>
                <proc:BudgetYearOneBase>740.528</proc:BudgetYearOneBase>
                <proc:BudgetYearOne>740.528</proc:BudgetYearOne>
            </proc:TotalCost>
            <proc:UnitCost>
                <proc:AllPriorYears>8051.509</proc:AllPriorYears>
                <proc:PriorYear>11378.83</proc:PriorYear>
                <proc:CurrentYear>30072.833</proc:CurrentYear>
                <proc:BudgetYearOneBase>24684.267</proc:BudgetYearOneBase>
                <proc:BudgetYearOne>24684.267</proc:BudgetYearOne>
            </proc:UnitCost>
            <proc:PYAdvanceProcurement>
                <proc:AllPriorYears>2064.494</proc:AllPriorYears>
                <proc:CurrentYear>102.44</proc:CurrentYear>
            </proc:PYAdvanceProcurement>
            <proc:NetProcurementP1>
                <proc:AllPriorYears>14972.499</proc:AllPriorYears>
                <proc:PriorYear>1137.883</proc:PriorYear>
                <proc:CurrentYear>799.745</proc:CurrentYear>
                <proc:BudgetYearOneBase>740.528</proc:BudgetYearOneBase>
                <proc:BudgetYearOne>740.528</proc:BudgetYearOne>
            </proc:NetProcurementP1>
            <proc:CYAdvanceProcurement>
                <proc:AllPriorYears>2064.494</proc:AllPriorYears>
                <proc:PriorYear>102.44</proc:PriorYear>
            </proc:CYAdvanceProcurement>
            <proc:TotalObligationAuthority>
                <proc:AllPriorYears>17036.993</proc:AllPriorYears>
                <proc:PriorYear>1240.323</proc:PriorYear>
                <proc:CurrentYear>799.745</proc:CurrentYear>
                <proc:BudgetYearOneBase>740.528</proc:BudgetYearOneBase>
                <proc:BudgetYearOne>740.528</proc:BudgetYearOne>
            </proc:TotalObligationAuthority>
        </proc:ResourceSummary>
        <proc:Code>A</proc:Code>
        <proc:OtherRelatedProgramElementList>
            <proc:ProgramElementNumber>0203735A</proc:ProgramElementNumber>
        </proc:OtherRelatedProgramElementList>
        <proc:SecondaryDistribution>
            <proc:ComponentList>
                <proc:Component>
                    <proc:Name>Army Active</proc:Name>
                    <proc:Cost>
                        <proc:Quantity>
                            <proc:PriorYear>100</proc:PriorYear>
                            <proc:CurrentYear>30</proc:CurrentYear>
                            <proc:BudgetYearOneBase>30</proc:BudgetYearOneBase>
                            <proc:BudgetYearOne>30</proc:BudgetYearOne>
                        </proc:Quantity>
                        <proc:TotalCost>
                            <proc:PriorYear>1240.323</proc:PriorYear>
                            <proc:CurrentYear>799.745</proc:CurrentYear>
                            <proc:BudgetYearOneBase>740.528</proc:BudgetYearOneBase>
                            <proc:BudgetYearOne>740.528</proc:BudgetYearOne>
                        </proc:TotalCost>
                    </proc:Cost>
                </proc:Component>
            </proc:ComponentList>
            <proc:TotalCost>
                <proc:Quantity>
                    <proc:PriorYear>100</proc:PriorYear>
                    <proc:CurrentYear>30</proc:CurrentYear>
                    <proc:BudgetYearOneBase>30</proc:BudgetYearOneBase>
                    <proc:BudgetYearOne>30</proc:BudgetYearOne>
                </proc:Quantity>
                <proc:TotalCost>
                    <proc:PriorYear>1240.323</proc:PriorYear>
                    <proc:CurrentYear>799.745</proc:CurrentYear>
                    <proc:BudgetYearOneBase>740.528</proc:BudgetYearOneBase>
                    <proc:BudgetYearOne>740.528</proc:BudgetYearOne>
                </proc:TotalCost>
            </proc:TotalCost>
        </proc:SecondaryDistribution>
        <proc:Description>The Abrams Tank Program enables combat supremacy by upgrading existing tank variants to the M1A2 System Enhancement Package version 3 (SEPv3) configuration, modifying the fielded tank fleet and managing the industrial base (IB) recurring cost of daily operations and support of the production plants. This program focuses on planning, preparing, and executing all efforts required to produce the current and future Abrams tanks. The Abrams Program provides total package fielding and associated training devices to support fleet upgrades and modifications.

This funding line is directly aligned and supports the Army Armored Brigade Combat Team (ABCT) Modernization priority.

The Abrams Tank Production Program upgrades existing Abrams tank variants to the M1A2 SEPv3 tank configuration in order to enhance tank survivability, lethality, and mobility while improving overall system reliability and durability.  The M1A2 SEPv3 incorporates turret and hull armor upgrades, mine blast improvements, reactive armor tiles, lightweight belly armor, improved countermine equipment, Improvised Explosive Device (IED) jamming equipment, a Total Integrated Engine Revitalization (TIGER) engine, an upgraded transmission, an Auxiliary Power Unit (APU), improved power generation &amp; distribution, Ammunition Data Link (ADL) for smart munitions, Embedded Training, Blue Force Tracker, Block 1 Second Generation Forward Looking Infra-Red (FLIR) technology, and improved computer systems with Line Replaceable Modules (LRMs) to include microprocessors, high-definition color flat panel displays, increased memory capacity, Gigabit Ethernet, and a new operating system designed to run the Common Operating Environment (COE) software.  The Abrams Tank Production Program funds the costs required for the daily operation of the production plants producing M1A2 SEPv3 tanks and components. The Abrams Tank Production Program also mitigates SEPv3 tank obsolescence through Bill of Materiel (BOM) screening, last chance buys, and hardware refresh projects.

The Abrams Tank Fleet Modification Program provides System Technical Support (STS) for critical Abrams's suppliers.  The program applies the Material Developer and Combat Developer approved modifications to the fielded Abrams family of vehicles either through field modifications at the unit or through application during vehicle recapitalization.</proc:Description>
        <proc:Justification>FY 2026 Base Procurement dollars in the amount of $740.528 million supports the following:

The upgrade and assembly of 30 Abrams tank variants to the M1A2 System Enhancement Package (SEP)v3 configuration, which enhances tank survivability, the automotive power pack, computer systems and night vision capabilities. The M1A2 System Enhancement Package (SEP)v3 also incorporates turret and hull armor upgrades for enhanced crew survivability. This upgrade is part of the Engineering Change Proposal (ECP) that addresses capability gaps in the tank fleet. The program upgrades will begin at Anniston Army Depot (ANAD) where Vehicle and Component Refurbishment will occur, and finish by General Dynamics Land Systems (GDLS) at the Joint Systems Manufacturing Center (JSMC) in Lima, OH. It also includes the procurement of Government Furnished Equipment, Common Remote Operated Weapon Station Low Profile (CROWS-LP), Gun Tubes, Engines, Transmissions, and Mounting Hardware for Mine Plows and Rollers.  The program funds the recurring costs required for the daily operation and support of the production plants to include utilities and Energy Savings Performance Contract (ESPC) payments, manufacturing studies, security, inspections, and minor emergency repairs.  

Funding supports the following efforts for Field Modification: procurement and installation of field modification hardware, System Technical Support (STS) efforts, continued support of the Total Integrated Engine Revitalization (TIGER) and Transmission programs; Direct Support Electrical Systems Test Set (DSESTS); upgrades to Training Aids, Devices, Simulators and Simulations (TADSS); logistics support to facilitate the installation of the improved Active Protection System, which is critical to counter anti-armor capabilities in near-peer adversaries. 

The Abrams calculation for unit cost is the sum of Upgrade Vehicle Production (Basic Vehicle), Upgrade Government Furnished Equipment (GFE), Upgrade Vehicle and Component Refurbishment, and Upgrade Total Package Fielding (TPF) divided by vehicle quantity (see Exhibit P-5).  The Average Procurement Unit Cost (APUC) for FY 2026 is $19.577 million for quantity of 30 Tanks M1A2 SEPv3.

In accordance with section 1815 of the FY 2008 National Defense Authorization Act (P.L. 110 - 181), this item is necessary for use by the active and reserve components of the Armed Forces for homeland defense missions, domestic emergency responses, and providing military support to civil authorities.</proc:Justification>
        <proc:AdvanceProcurement>
            <proc:P1LineNumber>20</proc:P1LineNumber>
            <proc:Description>GA0750C / Abrams Upgrade Advance Procurement (CY) is not requested for the Abrams Upgrade Program Budget Line FY 2025 and FY 2026.

This funding line was initially requested in FY 2024 to provide Advance Procurement (AP) for the production of the Abrams M1A2 Systems Enhancement Program (SEP) version 4 (M1A2 SEPv4) tank.  There is no FY 2025 or FY 2026 budget request for this funding line.

The FY 2024 Budget included a request for $102.440 million for Advance Procurement to procure long lead items supporting Abrams M1A2 Systems Enhancement Program (SEP) version 4 (M1A2 SEPv4) tank.  The Army later determined that the SEPv4 program was cancelled and on 8 September 2023, a notification letter requesting the realignment of the $102.440 million advance procurement back to the Base Program funding line to procure seven additional SEPv3 vehicles and to conduct Field Modifications on the SEPv2 tanks for the Advance Multipurpose Round (AMP) and Trophy Ready Kits prior to final conference of the final FY24 Enactment.  

This funding line is directly aligned and supports the Army Armored Brigade Combat Team (ABCT) Modernization priority.</proc:Description>
            <proc:Justification>There is no FY 2025 or FY 2026 budget request for this funding line.

Note:  The FY 2024 Budget included a request for $102.440 million for Advance Procurement to procure long lead items supporting Abrams M1A2 Systems Enhancement Program (SEP) version 4 (M1A2 SEPv4) tank.  The Army later determined that the SEPv4 program was cancelled and on 8 September 2023, a notification letter requesting the realignment of the $102.440 million advance procurement back to the Base Program funding line to procure seven additional SEPv3 vehicles and to conduct Field Modifications on the SEPv2 tanks for the Advance Multipurpose Round (AMP) and Trophy Ready Kits prior to final conference of the final FY24 Enactment.  No future requirements for Advance Procurement are needed in FY 2025 and beyond.</proc:Justification>
        </proc:AdvanceProcurement>
        <proc:ItemExhibitList>
            <proc:P5Item>
                <proc:Name>Abrams Upgrade Program</proc:Name>
                <proc:ItemNumber>GA0750</proc:ItemNumber>
                <proc:IdCode>A</proc:IdCode>
                <proc:SecondaryDistribution>
                    <proc:ComponentList>
                        <proc:Component>
                            <proc:Name>Army Active</proc:Name>
                            <proc:Cost>
                                <proc:Quantity>
                                    <proc:PriorYear>100</proc:PriorYear>
                                    <proc:CurrentYear>30</proc:CurrentYear>
                                    <proc:BudgetYearOneBase>30</proc:BudgetYearOneBase>
                                    <proc:BudgetYearOne>30</proc:BudgetYearOne>
                                </proc:Quantity>
                                <proc:TotalCost>
                                    <proc:PriorYear>1240.323</proc:PriorYear>
                                    <proc:CurrentYear>799.745</proc:CurrentYear>
                                    <proc:BudgetYearOneBase>740.528</proc:BudgetYearOneBase>
                                    <proc:BudgetYearOne>740.528</proc:BudgetYearOne>
                                </proc:TotalCost>
                            </proc:Cost>
                        </proc:Component>
                    </proc:ComponentList>
                </proc:SecondaryDistribution>
                <proc:Remarks>-  Abrams calculation for unit cost is the sum of Upgrade Vehicle Production (Basic Vehicle), Upgrade Government Furnished Equipment (GFE), Upgrade Vehicle and Component Refurbishment, and Upgrade Total Package Fielding (TPF) divided by vehicle quantity.

-  The Average Procurement Unit Cost (APUC) for FY 2026 is $19.577 million for a quantity of 30 M1A2 SEPv3 tanks.

-  The Average Procurement Unit Cost (APUC) for FY 2025 is $17.063 million for a quantity of 30 M1A2 SEPv3 tanks. 

-  The Average Procurement Unit Cost (APUC) for FY 2024 is $10.776 million for a quantity of 87 M1A2 SEPv3 tanks.

The FY 2025 Upgrade Government Furnished Equipment (GFE) cost increase of $62.375 million between FY 2025 ($232.447M) to FY 2026 ($294.822M) is due primarily to the increased cost of armor.   This cost element also includes Common Remotely Operated Weapons Station (CROWS), gun tubes, and other Government Furnished Equipment (GFE).</proc:Remarks>
                <proc:ResourceSummary>
                    <proc:Quantity>
                        <proc:AllPriorYears>2116</proc:AllPriorYears>
                        <proc:PriorYear>100</proc:PriorYear>
                        <proc:CurrentYear>30</proc:CurrentYear>
                        <proc:BudgetYearOneBase>30</proc:BudgetYearOneBase>
                        <proc:BudgetYearOne>30</proc:BudgetYearOne>
                    </proc:Quantity>
                    <proc:TotalCost>
                        <proc:AllPriorYears>17036.993</proc:AllPriorYears>
                        <proc:PriorYear>1137.883</proc:PriorYear>
                        <proc:CurrentYear>902.185</proc:CurrentYear>
                        <proc:BudgetYearOneBase>740.528</proc:BudgetYearOneBase>
                        <proc:BudgetYearOne>740.528</proc:BudgetYearOne>
                    </proc:TotalCost>
                    <proc:UnitCost>
                        <proc:AllPriorYears>8051.509</proc:AllPriorYears>
                        <proc:PriorYear>11378.83</proc:PriorYear>
                        <proc:CurrentYear>30072.833</proc:CurrentYear>
                        <proc:BudgetYearOneBase>24684.267</proc:BudgetYearOneBase>
                        <proc:BudgetYearOne>24684.267</proc:BudgetYearOne>
                    </proc:UnitCost>
                    <proc:PYAdvanceProcurement>
                        <proc:AllPriorYears>2064.494</proc:AllPriorYears>
                        <proc:CurrentYear>102.44</proc:CurrentYear>
                    </proc:PYAdvanceProcurement>
                    <proc:NetProcurementP1>
                        <proc:AllPriorYears>14972.499</proc:AllPriorYears>
                        <proc:PriorYear>1137.883</proc:PriorYear>
                        <proc:CurrentYear>799.745</proc:CurrentYear>
                        <proc:BudgetYearOneBase>740.528</proc:BudgetYearOneBase>
                        <proc:BudgetYearOne>740.528</proc:BudgetYearOne>
                    </proc:NetProcurementP1>
                    <proc:CYAdvanceProcurement>
                        <proc:AllPriorYears>2064.494</proc:AllPriorYears>
                        <proc:PriorYear>102.44</proc:PriorYear>
                    </proc:CYAdvanceProcurement>
                    <proc:TotalObligationAuthority>
                        <proc:AllPriorYears>17036.993</proc:AllPriorYears>
                        <proc:PriorYear>1240.323</proc:PriorYear>
                        <proc:CurrentYear>799.745</proc:CurrentYear>
                        <proc:BudgetYearOneBase>740.528</proc:BudgetYearOneBase>
                        <proc:BudgetYearOne>740.528</proc:BudgetYearOne>
                    </proc:TotalObligationAuthority>
                </proc:ResourceSummary>
                <proc:CostElementCategoryList>
                    <proc:Flyaway>
                        <proc:Recurring>
                            <proc:CostElementList>
                                <proc:CostElement>
                                    <proc:Name>Basic Vehicle</proc:Name>
                                    <proc:Cost>
                                        <proc:Quantity>
                                            <proc:AllPriorYears>2384</proc:AllPriorYears>
                                            <proc:PriorYear>87</proc:PriorYear>
                                            <proc:CurrentYear>30</proc:CurrentYear>
                                            <proc:BudgetYearOneBase>30</proc:BudgetYearOneBase>
                                            <proc:BudgetYearOne>30</proc:BudgetYearOne>
                                        </proc:Quantity>
                                        <proc:TotalCost>
                                            <proc:AllPriorYears>9785.781</proc:AllPriorYears>
                                            <proc:PriorYear>451.341</proc:PriorYear>
                                            <proc:CurrentYear>201.094</proc:CurrentYear>
                                            <proc:BudgetYearOneBase>205.885</proc:BudgetYearOneBase>
                                            <proc:BudgetYearOne>205.885</proc:BudgetYearOne>
                                        </proc:TotalCost>
                                        <proc:UnitCost>
                                            <proc:AllPriorYears>4104.774</proc:AllPriorYears>
                                            <proc:PriorYear>5187.828</proc:PriorYear>
                                            <proc:CurrentYear>6703.133</proc:CurrentYear>
                                            <proc:BudgetYearOneBase>6862.833</proc:BudgetYearOneBase>
                                            <proc:BudgetYearOne>6862.833</proc:BudgetYearOne>
                                        </proc:UnitCost>
                                    </proc:Cost>
                                    <proc:AllPriorYearsDeliveries>2384</proc:AllPriorYearsDeliveries>
                                    <proc:ManufacturerList>
                                        <proc:Manufacturer>
                                            <proc:Name>GDLS</proc:Name>
                                            <proc:Location>Sterling Heights, MI</proc:Location>
                                            <proc:MinimumSustainingRate>2</proc:MinimumSustainingRate>
                                            <proc:MaximumProductionRate>37</proc:MaximumProductionRate>
                                            <proc:Rate185>12</proc:Rate185>
                                            <proc:InitialQuantity>
                                                <proc:AdminLeadTimeBeforeOct1InMonths>0</proc:AdminLeadTimeBeforeOct1InMonths>
                                                <proc:AdminLeadTimeAfterOct1InMonths>14</proc:AdminLeadTimeAfterOct1InMonths>
                                                <proc:ProductionLeadTimeAfterOct1InMonths>18</proc:ProductionLeadTimeAfterOct1InMonths>
                                                <proc:TotalLeadTimeAfterOct1InMonths>32</proc:TotalLeadTimeAfterOct1InMonths>
                                            </proc:InitialQuantity>
                                            <proc:ReorderQuantity>
                                                <proc:AdminLeadTimeBeforeOct1InMonths>0</proc:AdminLeadTimeBeforeOct1InMonths>
                                                <proc:AdminLeadTimeAfterOct1InMonths>5</proc:AdminLeadTimeAfterOct1InMonths>
                                                <proc:ProductionLeadTimeAfterOct1InMonths>18</proc:ProductionLeadTimeAfterOct1InMonths>
                                                <proc:TotalLeadTimeAfterOct1InMonths>23</proc:TotalLeadTimeAfterOct1InMonths>
                                            </proc:ReorderQuantity>
                                            <proc:HistoryPlanningList>
                                                <proc:HistoryPlanning>
                                                    <proc:FiscalYear>2024</proc:FiscalYear>
                                                    <proc:PCOLocation>TACOM-Warren</proc:PCOLocation>
                                                    <proc:AwardDate>2024-03</proc:AwardDate>
                                                    <proc:FirstDeliveryDate>2025-11</proc:FirstDeliveryDate>
                                                    <proc:Quantity>87</proc:Quantity>
                                                    <proc:UnitCost>5187.828</proc:UnitCost>
                                                    <proc:SpecsAvailableNow>false</proc:SpecsAvailableNow>
                                                    <proc:ContractMethod>SS</proc:ContractMethod>
                                                    <proc:ContractType>FPIF</proc:ContractType>
                                                    <proc:MonthlyDeliveryScheduleList>
                                                        <proc:MonthlyDeliverySchedule>
                                                            <proc:ServiceAgencyName>Army</proc:ServiceAgencyName>
                                                            <proc:ProcQuantity>87</proc:ProcQuantity>
                                                            <proc:MonthlyDeliveryList>
                                                                <proc:MonthlyDelivery>
                                                                    <proc:Month>2025-11</proc:Month>
                                                                    <proc:Amount>2</proc:Amount>
                                                                </proc:MonthlyDelivery>
                                                                <proc:MonthlyDelivery>
                                                                    <proc:Month>2025-12</proc:Month>
                                                                    <proc:Amount>6</proc:Amount>
                                                                </proc:MonthlyDelivery>
                                                                <proc:MonthlyDelivery>
                                                                    <proc:Month>2026-01</proc:Month>
                                                                    <proc:Amount>6</proc:Amount>
                                                                </proc:MonthlyDelivery>
                                                                <proc:MonthlyDelivery>
                                                                    <proc:Month>2026-02</proc:Month>
                                                                    <proc:Amount>5</proc:Amount>
                                                                </proc:MonthlyDelivery>
                                                                <proc:MonthlyDelivery>
                                                                    <proc:Month>2026-03</proc:Month>
                                                                    <proc:Amount>5</proc:Amount>
                                                                </proc:MonthlyDelivery>
                                                                <proc:MonthlyDelivery>
                                                                    <proc:Month>2026-04</proc:Month>
                                                                    <proc:Amount>5</proc:Amount>
                                                                </proc:MonthlyDelivery>
                                                                <proc:MonthlyDelivery>
                                                                    <proc:Month>2026-05</proc:Month>
                                                                    <proc:Amount>5</proc:Amount>
                                                                </proc:MonthlyDelivery>
                                                                <proc:MonthlyDelivery>
                                                                    <proc:Month>2026-06</proc:Month>
                                                                    <proc:Amount>8</proc:Amount>
                                                                </proc:MonthlyDelivery>
                                                                <proc:MonthlyDelivery>
                                                                    <proc:Month>2026-07</proc:Month>
                                                                    <proc:Amount>12</proc:Amount>
                                                                </proc:MonthlyDelivery>
                                                                <proc:MonthlyDelivery>
                                                                    <proc:Month>2026-08</proc:Month>
                                                                    <proc:Amount>12</proc:Amount>
                                                                </proc:MonthlyDelivery>
                                                                <proc:MonthlyDelivery>
                                                                    <proc:Month>2026-09</proc:Month>
                                                                    <proc:Amount>12</proc:Amount>
                                                                </proc:MonthlyDelivery>
                                                                <proc:MonthlyDelivery>
                                                                    <proc:Month>2026-10</proc:Month>
                                                                    <proc:Amount>9</proc:Amount>
                                                                </proc:MonthlyDelivery>
                                                            </proc:MonthlyDeliveryList>
                                                        </proc:MonthlyDeliverySchedule>
                                                    </proc:MonthlyDeliveryScheduleList>
                                                    <proc:MonthlyDeliveryScheduleTotal>
                                                        <proc:ProcQuantity>87</proc:ProcQuantity>
                                                        <proc:MonthlyDeliveryList>
                                                            <proc:MonthlyDelivery>
                                                                <proc:Month>2025-11</proc:Month>
                                                                <proc:Amount>2</proc:Amount>
                                                            </proc:MonthlyDelivery>
                                                            <proc:MonthlyDelivery>
                                                                <proc:Month>2025-12</proc:Month>
                                                                <proc:Amount>6</proc:Amount>
                                                            </proc:MonthlyDelivery>
                                                            <proc:MonthlyDelivery>
                                                                <proc:Month>2026-01</proc:Month>
                                                                <proc:Amount>6</proc:Amount>
                                                            </proc:MonthlyDelivery>
                                                            <proc:MonthlyDelivery>
                                                                <proc:Month>2026-02</proc:Month>
                                                                <proc:Amount>5</proc:Amount>
                                                            </proc:MonthlyDelivery>
                                                            <proc:MonthlyDelivery>
                                                                <proc:Month>2026-03</proc:Month>
                                                                <proc:Amount>5</proc:Amount>
                                                            </proc:MonthlyDelivery>
                                                            <proc:MonthlyDelivery>
                                                                <proc:Month>2026-04</proc:Month>
                                                                <proc:Amount>5</proc:Amount>
                                                            </proc:MonthlyDelivery>
                                                            <proc:MonthlyDelivery>
                                                                <proc:Month>2026-05</proc:Month>
                                                                <proc:Amount>5</proc:Amount>
                                                            </proc:MonthlyDelivery>
                                                            <proc:MonthlyDelivery>
                                                                <proc:Month>2026-06</proc:Month>
                                                                <proc:Amount>8</proc:Amount>
                                                            </proc:MonthlyDelivery>
                                                            <proc:MonthlyDelivery>
                                                                <proc:Month>2026-07</proc:Month>
                                                                <proc:Amount>12</proc:Amount>
                                                            </proc:MonthlyDelivery>
                                                            <proc:MonthlyDelivery>
                                                                <proc:Month>2026-08</proc:Month>
                                                                <proc:Amount>12</proc:Amount>
                                                            </proc:MonthlyDelivery>
                                                            <proc:MonthlyDelivery>
                                                                <proc:Month>2026-09</proc:Month>
                                                                <proc:Amount>12</proc:Amount>
                                                            </proc:MonthlyDelivery>
                                                            <proc:MonthlyDelivery>
                                                                <proc:Month>2026-10</proc:Month>
                                                                <proc:Amount>9</proc:Amount>
                                                            </proc:MonthlyDelivery>
                                                        </proc:MonthlyDeliveryList>
                                                    </proc:MonthlyDeliveryScheduleTotal>
                                                </proc:HistoryPlanning>
                                                <proc:HistoryPlanning>
                                                    <proc:FiscalYear>2025</proc:FiscalYear>
                                                    <proc:PCOLocation>TACOM-Warren</proc:PCOLocation>
                                                    <proc:AwardDate>2025-03</proc:AwardDate>
                                                    <proc:FirstDeliveryDate>2027-01</proc:FirstDeliveryDate>
                                                    <proc:Quantity>30</proc:Quantity>
                                                    <proc:UnitCost>6703.133</proc:UnitCost>
                                                    <proc:SpecsAvailableNow>false</proc:SpecsAvailableNow>
                                                    <proc:ContractMethod>SS</proc:ContractMethod>
                                                    <proc:ContractType>FPIF</proc:ContractType>
                                                    <proc:MonthlyDeliveryScheduleList>
                                                        <proc:MonthlyDeliverySchedule>
                                                            <proc:ServiceAgencyName>Army</proc:ServiceAgencyName>
                                                            <proc:ProcQuantity>30</proc:ProcQuantity>
                                                            <proc:MonthlyDeliveryList>
                                                                <proc:MonthlyDelivery>
                                                                    <proc:Month>2027-01</proc:Month>
                                                                    <proc:Amount>3</proc:Amount>
                                                                </proc:MonthlyDelivery>
                                                                <proc:MonthlyDelivery>
                                                                    <proc:Month>2027-02</proc:Month>
                                                                    <proc:Amount>4</proc:Amount>
                                                                </proc:MonthlyDelivery>
                                                                <proc:MonthlyDelivery>
                                                                    <proc:Month>2027-03</proc:Month>
                                                                    <proc:Amount>4</proc:Amount>
                                                                </proc:MonthlyDelivery>
                                                                <proc:MonthlyDelivery>
                                                                    <proc:Month>2027-04</proc:Month>
                                                                    <proc:Amount>4</proc:Amount>
                                                                </proc:MonthlyDelivery>
                                                                <proc:MonthlyDelivery>
                                                                    <proc:Month>2027-05</proc:Month>
                                                                    <proc:Amount>4</proc:Amount>
                                                                </proc:MonthlyDelivery>
                                                                <proc:MonthlyDelivery>
                                                                    <proc:Month>2027-06</proc:Month>
                                                                    <proc:Amount>4</proc:Amount>
                                                                </proc:MonthlyDelivery>
                                                                <proc:MonthlyDelivery>
                                                                    <proc:Month>2027-07</proc:Month>
                                                                    <proc:Amount>4</proc:Amount>
                                                                </proc:MonthlyDelivery>
                                                                <proc:MonthlyDelivery>
                                                                    <proc:Month>2027-08</proc:Month>
                                                                    <proc:Amount>3</proc:Amount>
                                                                </proc:MonthlyDelivery>
                                                            </proc:MonthlyDeliveryList>
                                                        </proc:MonthlyDeliverySchedule>
                                                    </proc:MonthlyDeliveryScheduleList>
                                                    <proc:MonthlyDeliveryScheduleTotal>
                                                        <proc:ProcQuantity>30</proc:ProcQuantity>
                                                        <proc:MonthlyDeliveryList>
                                                            <proc:MonthlyDelivery>
                                                                <proc:Month>2027-01</proc:Month>
                                                                <proc:Amount>3</proc:Amount>
                                                            </proc:MonthlyDelivery>
                                                            <proc:MonthlyDelivery>
                                                                <proc:Month>2027-02</proc:Month>
                                                                <proc:Amount>4</proc:Amount>
                                                            </proc:MonthlyDelivery>
                                                            <proc:MonthlyDelivery>
                                                                <proc:Month>2027-03</proc:Month>
                                                                <proc:Amount>4</proc:Amount>
                                                            </proc:MonthlyDelivery>
                                                            <proc:MonthlyDelivery>
                                                                <proc:Month>2027-04</proc:Month>
                                                                <proc:Amount>4</proc:Amount>
                                                            </proc:MonthlyDelivery>
                                                            <proc:MonthlyDelivery>
                                                                <proc:Month>2027-05</proc:Month>
                                                                <proc:Amount>4</proc:Amount>
                                                            </proc:MonthlyDelivery>
                                                            <proc:MonthlyDelivery>
                                                                <proc:Month>2027-06</proc:Month>
                                                                <proc:Amount>4</proc:Amount>
                                                            </proc:MonthlyDelivery>
                                                            <proc:MonthlyDelivery>
                                                                <proc:Month>2027-07</proc:Month>
                                                                <proc:Amount>4</proc:Amount>
                                                            </proc:MonthlyDelivery>
                                                            <proc:MonthlyDelivery>
                                                                <proc:Month>2027-08</proc:Month>
                                                                <proc:Amount>3</proc:Amount>
                                                            </proc:MonthlyDelivery>
                                                        </proc:MonthlyDeliveryList>
                                                    </proc:MonthlyDeliveryScheduleTotal>
                                                </proc:HistoryPlanning>
                                                <proc:HistoryPlanning>
                                                    <proc:FiscalYear>2026</proc:FiscalYear>
                                                    <proc:PCOLocation>TACOM-Warren</proc:PCOLocation>
                                                    <proc:AwardDate>2026-03</proc:AwardDate>
                                                    <proc:FirstDeliveryDate>2027-09</proc:FirstDeliveryDate>
                                                    <proc:Quantity>30</proc:Quantity>
                                                    <proc:UnitCost>6862.833</proc:UnitCost>
                                                    <proc:SpecsAvailableNow>false</proc:SpecsAvailableNow>
                                                    <proc:ContractMethod>SS</proc:ContractMethod>
                                                    <proc:ContractType>FPIF</proc:ContractType>
                                                    <proc:MonthlyDeliveryScheduleList>
                                                        <proc:MonthlyDeliverySchedule>
                                                            <proc:ServiceAgencyName>Army</proc:ServiceAgencyName>
                                                            <proc:ProcQuantity>30</proc:ProcQuantity>
                                                            <proc:MonthlyDeliveryList>
                                                                <proc:MonthlyDelivery>
                                                                    <proc:Month>2027-09</proc:Month>
                                                                    <proc:Amount>2</proc:Amount>
                                                                </proc:MonthlyDelivery>
                                                                <proc:MonthlyDelivery>
                                                                    <proc:Month>2027-10</proc:Month>
                                                                    <proc:Amount>2</proc:Amount>
                                                                </proc:MonthlyDelivery>
                                                                <proc:MonthlyDelivery>
                                                                    <proc:Month>2027-11</proc:Month>
                                                                    <proc:Amount>2</proc:Amount>
                                                                </proc:MonthlyDelivery>
                                                                <proc:MonthlyDelivery>
                                                                    <proc:Month>2027-12</proc:Month>
                                                                    <proc:Amount>2</proc:Amount>
                                                                </proc:MonthlyDelivery>
                                                                <proc:MonthlyDelivery>
                                                                    <proc:Month>2028-01</proc:Month>
                                                                    <proc:Amount>2</proc:Amount>
                                                                </proc:MonthlyDelivery>
                                                                <proc:MonthlyDelivery>
                                                                    <proc:Month>2028-02</proc:Month>
                                                                    <proc:Amount>3</proc:Amount>
                                                                </proc:MonthlyDelivery>
                                                                <proc:MonthlyDelivery>
                                                                    <proc:Month>2028-03</proc:Month>
                                                                    <proc:Amount>3</proc:Amount>
                                                                </proc:MonthlyDelivery>
                                                                <proc:MonthlyDelivery>
                                                                    <proc:Month>2028-04</proc:Month>
                                                                    <proc:Amount>3</proc:Amount>
                                                                </proc:MonthlyDelivery>
                                                                <proc:MonthlyDelivery>
                                                                    <proc:Month>2028-05</proc:Month>
                                                                    <proc:Amount>3</proc:Amount>
                                                                </proc:MonthlyDelivery>
                                                                <proc:MonthlyDelivery>
                                                                    <proc:Month>2028-06</proc:Month>
                                                                    <proc:Amount>3</proc:Amount>
                                                                </proc:MonthlyDelivery>
                                                                <proc:MonthlyDelivery>
                                                                    <proc:Month>2028-07</proc:Month>
                                                                    <proc:Amount>3</proc:Amount>
                                                                </proc:MonthlyDelivery>
                                                                <proc:MonthlyDelivery>
                                                                    <proc:Month>2028-08</proc:Month>
                                                                    <proc:Amount>2</proc:Amount>
                                                                </proc:MonthlyDelivery>
                                                            </proc:MonthlyDeliveryList>
                                                        </proc:MonthlyDeliverySchedule>
                                                    </proc:MonthlyDeliveryScheduleList>
                                                    <proc:MonthlyDeliveryScheduleTotal>
                                                        <proc:ProcQuantity>30</proc:ProcQuantity>
                                                        <proc:MonthlyDeliveryList>
                                                            <proc:MonthlyDelivery>
                                                                <proc:Month>2027-09</proc:Month>
                                                                <proc:Amount>2</proc:Amount>
                                                            </proc:MonthlyDelivery>
                                                            <proc:MonthlyDelivery>
                                                                <proc:Month>2027-10</proc:Month>
                                                                <proc:Amount>2</proc:Amount>
                                                            </proc:MonthlyDelivery>
                                                            <proc:MonthlyDelivery>
                                                                <proc:Month>2027-11</proc:Month>
                                                                <proc:Amount>2</proc:Amount>
                                                            </proc:MonthlyDelivery>
                                                            <proc:MonthlyDelivery>
                                                                <proc:Month>2027-12</proc:Month>
                                                                <proc:Amount>2</proc:Amount>
                                                            </proc:MonthlyDelivery>
                                                            <proc:MonthlyDelivery>
                                                                <proc:Month>2028-01</proc:Month>
                                                                <proc:Amount>2</proc:Amount>
                                                            </proc:MonthlyDelivery>
                                                            <proc:MonthlyDelivery>
                                                                <proc:Month>2028-02</proc:Month>
                                                                <proc:Amount>3</proc:Amount>
                                                            </proc:MonthlyDelivery>
                                                            <proc:MonthlyDelivery>
                                                                <proc:Month>2028-03</proc:Month>
                                                                <proc:Amount>3</proc:Amount>
                                                            </proc:MonthlyDelivery>
                                                            <proc:MonthlyDelivery>
                                                                <proc:Month>2028-04</proc:Month>
                                                                <proc:Amount>3</proc:Amount>
                                                            </proc:MonthlyDelivery>
                                                            <proc:MonthlyDelivery>
                                                                <proc:Month>2028-05</proc:Month>
                                                                <proc:Amount>3</proc:Amount>
                                                            </proc:MonthlyDelivery>
                                                            <proc:MonthlyDelivery>
                                                                <proc:Month>2028-06</proc:Month>
                                                                <proc:Amount>3</proc:Amount>
                                                            </proc:MonthlyDelivery>
                                                            <proc:MonthlyDelivery>
                                                                <proc:Month>2028-07</proc:Month>
                                                                <proc:Amount>3</proc:Amount>
                                                            </proc:MonthlyDelivery>
                                                            <proc:MonthlyDelivery>
                                                                <proc:Month>2028-08</proc:Month>
                                                                <proc:Amount>2</proc:Amount>
                                                            </proc:MonthlyDelivery>
                                                        </proc:MonthlyDeliveryList>
                                                    </proc:MonthlyDeliveryScheduleTotal>
                                                </proc:HistoryPlanning>
                                            </proc:HistoryPlanningList>
                                        </proc:Manufacturer>
                                    </proc:ManufacturerList>
                                </proc:CostElement>
                                <proc:CostElement>
                                    <proc:Name>Government Furnished Equipment (GFE)</proc:Name>
                                    <proc:Cost>
                                        <proc:TotalCost>
                                            <proc:AllPriorYears>2522.314</proc:AllPriorYears>
                                        </proc:TotalCost>
                                    </proc:Cost>
                                </proc:CostElement>
                                <proc:CostElement>
                                    <proc:Name>Upgrade Government Furnished Equipment (GFE)</proc:Name>
                                    <proc:Cost>
                                        <proc:TotalCost>
                                            <proc:AllPriorYears>614.426</proc:AllPriorYears>
                                            <proc:PriorYear>328.165</proc:PriorYear>
                                            <proc:CurrentYear>232.447</proc:CurrentYear>
                                            <proc:BudgetYearOneBase>294.822</proc:BudgetYearOneBase>
                                            <proc:BudgetYearOne>294.822</proc:BudgetYearOne>
                                        </proc:TotalCost>
                                    </proc:Cost>
                                </proc:CostElement>
                                <proc:CostElement>
                                    <proc:Name>Pre-Modification Vehicle Teardown/Refurb</proc:Name>
                                    <proc:Cost>
                                        <proc:TotalCost>
                                            <proc:AllPriorYears>682.084</proc:AllPriorYears>
                                        </proc:TotalCost>
                                    </proc:Cost>
                                </proc:CostElement>
                                <proc:CostElement>
                                    <proc:Name>Upgrade Vehicle and Component Refurbishment</proc:Name>
                                    <proc:Cost>
                                        <proc:TotalCost>
                                            <proc:AllPriorYears>270.662</proc:AllPriorYears>
                                            <proc:PriorYear>116.718</proc:PriorYear>
                                            <proc:CurrentYear>49.285</proc:CurrentYear>
                                            <proc:BudgetYearOneBase>53.434</proc:BudgetYearOneBase>
                                            <proc:BudgetYearOne>53.434</proc:BudgetYearOne>
                                        </proc:TotalCost>
                                    </proc:Cost>
                                </proc:CostElement>
                                <proc:CostElement>
                                    <proc:Name>TPF/New Equipment Training</proc:Name>
                                    <proc:Cost>
                                        <proc:TotalCost>
                                            <proc:AllPriorYears>329.113</proc:AllPriorYears>
                                        </proc:TotalCost>
                                    </proc:Cost>
                                </proc:CostElement>
                                <proc:CostElement>
                                    <proc:Name>Total Package Fielding (TPF)</proc:Name>
                                    <proc:Cost>
                                        <proc:TotalCost>
                                            <proc:AllPriorYears>75.517</proc:AllPriorYears>
                                            <proc:PriorYear>41.315</proc:PriorYear>
                                            <proc:CurrentYear>29.053</proc:CurrentYear>
                                            <proc:BudgetYearOneBase>33.157</proc:BudgetYearOneBase>
                                            <proc:BudgetYearOne>33.157</proc:BudgetYearOne>
                                        </proc:TotalCost>
                                    </proc:Cost>
                                </proc:CostElement>
                                <proc:CostElement>
                                    <proc:Name>Field Modifications</proc:Name>
                                    <proc:Cost>
                                        <proc:TotalCost>
                                            <proc:AllPriorYears>483.452</proc:AllPriorYears>
                                            <proc:PriorYear>246.529</proc:PriorYear>
                                        </proc:TotalCost>
                                    </proc:Cost>
                                </proc:CostElement>
                                <proc:CostElement>
                                    <proc:Name>Production Support Activities</proc:Name>
                                    <proc:Cost>
                                        <proc:TotalCost>
                                            <proc:CurrentYear>156.036</proc:CurrentYear>
                                            <proc:BudgetYearOneBase>54.783</proc:BudgetYearOneBase>
                                            <proc:BudgetYearOne>54.783</proc:BudgetYearOne>
                                        </proc:TotalCost>
                                    </proc:Cost>
                                </proc:CostElement>
                                <proc:CostElement>
                                    <proc:Name>Field Modifications Installation</proc:Name>
                                    <proc:Cost>
                                        <proc:TotalCost>
                                            <proc:CurrentYear>21.443</proc:CurrentYear>
                                            <proc:BudgetYearOneBase>21.893</proc:BudgetYearOneBase>
                                            <proc:BudgetYearOne>21.893</proc:BudgetYearOne>
                                        </proc:TotalCost>
                                    </proc:Cost>
                                </proc:CostElement>
                                <proc:CostElement>
                                    <proc:Name>Training Devices</proc:Name>
                                    <proc:Cost>
                                        <proc:TotalCost>
                                            <proc:CurrentYear>31.911</proc:CurrentYear>
                                            <proc:BudgetYearOneBase>2.529</proc:BudgetYearOneBase>
                                            <proc:BudgetYearOne>2.529</proc:BudgetYearOne>
                                        </proc:TotalCost>
                                    </proc:Cost>
                                </proc:CostElement>
                                <proc:CostElement>
                                    <proc:Name>Active Protection System</proc:Name>
                                    <proc:Cost>
                                        <proc:TotalCost>
                                            <proc:CurrentYear>18.553</proc:CurrentYear>
                                            <proc:BudgetYearOneBase>12.966</proc:BudgetYearOneBase>
                                            <proc:BudgetYearOne>12.966</proc:BudgetYearOne>
                                        </proc:TotalCost>
                                    </proc:Cost>
                                </proc:CostElement>
                                <proc:CostElement>
                                    <proc:Name>Government Support</proc:Name>
                                    <proc:Cost>
                                        <proc:TotalCost>
                                            <proc:AllPriorYears>1233.261</proc:AllPriorYears>
                                        </proc:TotalCost>
                                    </proc:Cost>
                                </proc:CostElement>
                                <proc:CostElement>
                                    <proc:Name>Government Program Support</proc:Name>
                                    <proc:Cost>
                                        <proc:TotalCost>
                                            <proc:AllPriorYears>87.969</proc:AllPriorYears>
                                            <proc:PriorYear>56.255</proc:PriorYear>
                                            <proc:CurrentYear>59.923</proc:CurrentYear>
                                            <proc:BudgetYearOneBase>61.059</proc:BudgetYearOneBase>
                                            <proc:BudgetYearOne>61.059</proc:BudgetYearOne>
                                        </proc:TotalCost>
                                    </proc:Cost>
                                </proc:CostElement>
                                <proc:CostElement>
                                    <proc:Name>Transmissions</proc:Name>
                                    <proc:Cost>
                                        <proc:TotalCost>
                                            <proc:AllPriorYears>288.344</proc:AllPriorYears>
                                        </proc:TotalCost>
                                    </proc:Cost>
                                </proc:CostElement>
                                <proc:CostElement>
                                    <proc:Name>Forward Looking Infrared (FLIR)</proc:Name>
                                    <proc:Cost>
                                        <proc:TotalCost>
                                            <proc:AllPriorYears>476.848</proc:AllPriorYears>
                                        </proc:TotalCost>
                                    </proc:Cost>
                                </proc:CostElement>
                                <proc:CostElement>
                                    <proc:Name>Industrial Base Mitigation Support/Facilities Optimization and Maintenance</proc:Name>
                                    <proc:Cost>
                                        <proc:TotalCost>
                                            <proc:AllPriorYears>185.429</proc:AllPriorYears>
                                        </proc:TotalCost>
                                    </proc:Cost>
                                </proc:CostElement>
                            </proc:CostElementList>
                            <proc:CategorySubtotal>
                                <proc:TotalCost>
                                    <proc:AllPriorYears>17035.2</proc:AllPriorYears>
                                    <proc:PriorYear>1240.323</proc:PriorYear>
                                    <proc:CurrentYear>799.745</proc:CurrentYear>
                                    <proc:BudgetYearOneBase>740.528</proc:BudgetYearOneBase>
                                    <proc:BudgetYearOne>740.528</proc:BudgetYearOne>
                                </proc:TotalCost>
                            </proc:CategorySubtotal>
                        </proc:Recurring>
                        <proc:NonRecurring>
                            <proc:CostElementList>
                                <proc:CostElement>
                                    <proc:Name>FY 2019 NDAA SEC 825 MDAP Cost Overrun</proc:Name>
                                    <proc:Cost>
                                        <proc:TotalCost>
                                            <proc:AllPriorYears>1.793</proc:AllPriorYears>
                                        </proc:TotalCost>
                                    </proc:Cost>
                                </proc:CostElement>
                                <proc:CostElement>
                                    <proc:Name>Advance Procurement Adjustments</proc:Name>
                                    <proc:Cost>
                                        <proc:TotalCost>
                                            <proc:PriorYear>-102.44</proc:PriorYear>
                                            <proc:CurrentYear>102.44</proc:CurrentYear>
                                            <proc:BudgetYearOne>0</proc:BudgetYearOne>
                                        </proc:TotalCost>
                                    </proc:Cost>
                                </proc:CostElement>
                            </proc:CostElementList>
                            <proc:CategorySubtotal>
                                <proc:TotalCost>
                                    <proc:AllPriorYears>1.793</proc:AllPriorYears>
                                    <proc:PriorYear>-102.44</proc:PriorYear>
                                    <proc:CurrentYear>102.44</proc:CurrentYear>
                                </proc:TotalCost>
                            </proc:CategorySubtotal>
                        </proc:NonRecurring>
                        <proc:CategorySubtotal>
                            <proc:TotalCost>
                                <proc:AllPriorYears>17036.993</proc:AllPriorYears>
                                <proc:PriorYear>1137.883</proc:PriorYear>
                                <proc:CurrentYear>902.185</proc:CurrentYear>
                                <proc:BudgetYearOneBase>740.528</proc:BudgetYearOneBase>
                                <proc:BudgetYearOne>740.528</proc:BudgetYearOne>
                            </proc:TotalCost>
                        </proc:CategorySubtotal>
                    </proc:Flyaway>
                </proc:CostElementCategoryList>
                <proc:OverallHistoryPlanningRemarks>GDLS-Prime Contractor, Sterling Heights, MI
Manufactured at the Joint Systems Manufacturing Center (JSMC), Lima, OH</proc:OverallHistoryPlanningRemarks>
                <proc:P10AdvanceProcurement>
                    <proc:FirstSystemAwardDate>2023-11</proc:FirstSystemAwardDate>
                    <proc:FirstSystemCompletionDate>2025-11</proc:FirstSystemCompletionDate>
                    <proc:IntervalBetweenSystems>24</proc:IntervalBetweenSystems>
                    <proc:Description>GA0750C / Abrams Upgrade Advance Procurement (CY) is not requested for the Abrams Upgrade Program Budget Line FY 2025 through FY2026.

This funding line was initially requested in FY 2024 to provide Advance Procurement (AP) for the production of the Abrams M1A2 Systems Enhancement Program (SEP) version 4 (M1A2 SEPv4) tank.  There is no FY 2025 or FY 2026 budget request for this funding line.

The FY 2024 Budget included a request for $102.440 million for Advance Procurement to procure long lead items supporting Abrams M1A2 Systems Enhancement Program (SEP) version 4 (M1A2 SEPv4) tank.  The Army later determined that the SEPv4 program was cancelled and on 8 September 2023, a notification letter requesting the realignment of the $102.440 million advance procurement back to the Base Program funding line to procure seven additional SEPv3 vehicles and to conduct Field Modifications on the SEPv2 tanks for the Advance Multipurpose Round (AMP) and Trophy Ready Kits prior to final conference of the final FY24 Enactment.  

This funding line is directly aligned and supports the Army Armored Brigade Combat Team (ABCT) Modernization priority.</proc:Description>
                    <proc:APCostElementCategoryList>
                        <proc:CFE>
                            <proc:APCostElement>
                                <proc:Name>Commander's and Gunner's Primary Sight</proc:Name>
                                <proc:WhenRequiredInMonths>24</proc:WhenRequiredInMonths>
                                <proc:QuantityPerAssembly>45</proc:QuantityPerAssembly>
                                <proc:SCNProductionLeadtime>24</proc:SCNProductionLeadtime>
                                <proc:Cost>
                                    <proc:AllPriorYears>2064.494</proc:AllPriorYears>
                                    <proc:PriorYear>102.44</proc:PriorYear>
                                </proc:Cost>
                            </proc:APCostElement>
                            <proc:CategorySubtotal>
                                <proc:AllPriorYears>2064.494</proc:AllPriorYears>
                                <proc:PriorYear>102.44</proc:PriorYear>
                            </proc:CategorySubtotal>
                        </proc:CFE>
                    </proc:APCostElementCategoryList>
                </proc:P10AdvanceProcurement>
            </proc:P5Item>
        </proc:ItemExhibitList>
        <proc:DocumentAssemblyOptions>
            <proc:p40AItemScheduleSetting>item</proc:p40AItemScheduleSetting>
        </proc:DocumentAssemblyOptions>
    </proc:LineItem>
</proc:LineItemList>