<?xml version="1.0" encoding="UTF-8"?>
<proc:LineItemList xmlns:proc="http://www.dtic.mil/comptroller/xml/schema/20100219/procurement">
    <proc:LineItem quantityUnits="Each" quantityUnitName="Each" unitCostUnits="Thousands" totalCostUnits="Millions" manufacturerRateUnits="Monthly">
        <proc:LineItemNumber>5225GZ3001</proc:LineItemNumber>
        <proc:LineItemTitle>Joint Assault Bridge</proc:LineItemTitle>
        <proc:P1LineNumber>17</proc:P1LineNumber>
        <proc:BudgetYear>2026</proc:BudgetYear>
        <proc:BudgetCycle>PB</proc:BudgetCycle>
        <proc:SubmissionDate>2025-06</proc:SubmissionDate>
        <proc:ServiceAgencyName>Army</proc:ServiceAgencyName>
        <proc:AppropriationNumber>2033A</proc:AppropriationNumber>
        <proc:AppropriationTitle>Procurement of W&amp;TCV, Army</proc:AppropriationTitle>
        <proc:BudgetActivityNumber>1</proc:BudgetActivityNumber>
        <proc:BudgetActivityTitle>Tracked Combat Vehicles</proc:BudgetActivityTitle>
        <proc:BudgetSubActivityNumber>20</proc:BudgetSubActivityNumber>
        <proc:BudgetSubActivityTitle>Modification of Tracked Combat Vehicles</proc:BudgetSubActivityTitle>
        <proc:ResourceSummary>
            <proc:Quantity>
                <proc:AllPriorYears>116</proc:AllPriorYears>
                <proc:PriorYear>26</proc:PriorYear>
                <proc:CurrentYear>28</proc:CurrentYear>
                <proc:BudgetYearOneBase>20</proc:BudgetYearOneBase>
                <proc:BudgetYearOneOOC>1</proc:BudgetYearOneOOC>
                <proc:BudgetYearOne>21</proc:BudgetYearOne>
            </proc:Quantity>
            <proc:TotalCost>
                <proc:AllPriorYears>694.643</proc:AllPriorYears>
                <proc:PriorYear>159.804</proc:PriorYear>
                <proc:CurrentYear>174.779</proc:CurrentYear>
                <proc:BudgetYearOneBase>124.948</proc:BudgetYearOneBase>
                <proc:BudgetYearOneOOC>7.689</proc:BudgetYearOneOOC>
                <proc:BudgetYearOne>132.637</proc:BudgetYearOne>
            </proc:TotalCost>
            <proc:UnitCost>
                <proc:AllPriorYears>5988.302</proc:AllPriorYears>
                <proc:PriorYear>6146.308</proc:PriorYear>
                <proc:CurrentYear>6242.107</proc:CurrentYear>
                <proc:BudgetYearOneBase>6247.4</proc:BudgetYearOneBase>
                <proc:BudgetYearOneOOC>7689</proc:BudgetYearOneOOC>
                <proc:BudgetYearOne>6316.048</proc:BudgetYearOne>
            </proc:UnitCost>
            <proc:NetProcurementP1>
                <proc:AllPriorYears>694.643</proc:AllPriorYears>
                <proc:PriorYear>159.804</proc:PriorYear>
                <proc:CurrentYear>174.779</proc:CurrentYear>
                <proc:BudgetYearOneBase>124.948</proc:BudgetYearOneBase>
                <proc:BudgetYearOneOOC>7.689</proc:BudgetYearOneOOC>
                <proc:BudgetYearOne>132.637</proc:BudgetYearOne>
            </proc:NetProcurementP1>
            <proc:TotalObligationAuthority>
                <proc:AllPriorYears>694.643</proc:AllPriorYears>
                <proc:PriorYear>159.804</proc:PriorYear>
                <proc:CurrentYear>174.779</proc:CurrentYear>
                <proc:BudgetYearOneBase>124.948</proc:BudgetYearOneBase>
                <proc:BudgetYearOneOOC>7.689</proc:BudgetYearOneOOC>
                <proc:BudgetYearOne>132.637</proc:BudgetYearOne>
            </proc:TotalObligationAuthority>
        </proc:ResourceSummary>
        <proc:Code>A</proc:Code>
        <proc:OtherRelatedProgramElementList>
            <proc:ProgramElementNumber>0604804A</proc:ProgramElementNumber>
        </proc:OtherRelatedProgramElementList>
        <proc:SecondaryDistribution>
            <proc:ComponentList>
                <proc:Component>
                    <proc:Name>Army Active</proc:Name>
                    <proc:Cost>
                        <proc:Quantity>
                            <proc:PriorYear>20</proc:PriorYear>
                            <proc:CurrentYear>18</proc:CurrentYear>
                            <proc:BudgetYearOneBase>11</proc:BudgetYearOneBase>
                            <proc:BudgetYearOneOOC>1</proc:BudgetYearOneOOC>
                            <proc:BudgetYearOne>12</proc:BudgetYearOne>
                        </proc:Quantity>
                        <proc:TotalCost>
                            <proc:PriorYear>120.14</proc:PriorYear>
                            <proc:CurrentYear>115.96</proc:CurrentYear>
                            <proc:BudgetYearOneBase>67.867</proc:BudgetYearOneBase>
                            <proc:BudgetYearOneOOC>7.689</proc:BudgetYearOneOOC>
                            <proc:BudgetYearOne>75.556</proc:BudgetYearOne>
                        </proc:TotalCost>
                    </proc:Cost>
                </proc:Component>
                <proc:Component>
                    <proc:Name>Army National Guard</proc:Name>
                    <proc:Cost>
                        <proc:Quantity>
                            <proc:PriorYear>6</proc:PriorYear>
                            <proc:CurrentYear>10</proc:CurrentYear>
                            <proc:BudgetYearOneBase>9</proc:BudgetYearOneBase>
                            <proc:BudgetYearOne>9</proc:BudgetYearOne>
                        </proc:Quantity>
                        <proc:TotalCost>
                            <proc:PriorYear>39.664</proc:PriorYear>
                            <proc:CurrentYear>58.819</proc:CurrentYear>
                            <proc:BudgetYearOneBase>57.081</proc:BudgetYearOneBase>
                            <proc:BudgetYearOne>57.081</proc:BudgetYearOne>
                        </proc:TotalCost>
                    </proc:Cost>
                </proc:Component>
            </proc:ComponentList>
            <proc:TotalCost>
                <proc:Quantity>
                    <proc:PriorYear>26</proc:PriorYear>
                    <proc:CurrentYear>28</proc:CurrentYear>
                    <proc:BudgetYearOneBase>20</proc:BudgetYearOneBase>
                    <proc:BudgetYearOneOOC>1</proc:BudgetYearOneOOC>
                    <proc:BudgetYearOne>21</proc:BudgetYearOne>
                </proc:Quantity>
                <proc:TotalCost>
                    <proc:PriorYear>159.804</proc:PriorYear>
                    <proc:CurrentYear>174.779</proc:CurrentYear>
                    <proc:BudgetYearOneBase>124.948</proc:BudgetYearOneBase>
                    <proc:BudgetYearOneOOC>7.689</proc:BudgetYearOneOOC>
                    <proc:BudgetYearOne>132.637</proc:BudgetYearOne>
                </proc:TotalCost>
            </proc:TotalCost>
        </proc:SecondaryDistribution>
        <proc:Description>Overseas Operations Costs (OOC) funds this requirement in FY 2026.

The M1110 Joint Assault Bridge (JAB) replaces the existing M104 Wolverine and M48A5/M60 chassis-based Armored Vehicle Launched Bridge (AVLB) to meet current maneuver force survivability, suitability and supportability requirements and provide the only gap crossing capabilities to the armored forces during combat operations. The JAB is an M1A1 Abrams chassis-based engineer vehicle with a M1A2 Abrams heavy suspension that launches and retrieves the 18.3-meter Heavy Assault Scissor Bridge (HASB), which is currently rated at Military Load Classification (MLC) 115 Tons. JAB system will be employed with Army Armored Brigade Combat Teams (ABCT) in the Brigade Engineer Battalions (BEB), Engineer Mobility Augmentation Companies (MAC), and Combat Engineer Companies - Armored (CEC-A). The production / acquisition strategy includes a partnership with Anniston Army Depot (ANAD) for the production of the Abrams chassis and HASB; the ANAD effort includes upgraded AVLBs to the MLC-115 HASB. The JAB prime contractor, Leonardo DRS, produces and integrates the Bridge Launch Mechanism (BLM) along with the Armor Protection kits and Mounted Family of Computer Systems (MFoCS). Common Drive Trainers (Simulators) will be employed to support training efforts for the JAB program. The JAB program completed Initial Operational Test (IOT) in November 2020, received Type Classification-Standard (TC-STD) and Full Rate Production (FRP) approval in March 2021, and achieved Full Materiel Release on 3 Apr 2023.
 
Joint Assault Bridge (JAB) Army Acquisition Objective (AAO): 297</proc:Description>
        <proc:Justification>FY 2026 funding total includes $132.637 million for Base to procure twenty (20) Joint Assault Bridges (JABs) and $7.689 million for Overseas Operations Costs (OOC) to procure one (1) Joint Assault Bridge (JAB) in support of Operation Atlantic Resolve (OAR).

Funding also supports the organic industrial base with work to be performed at Anniston Army Depot (ANAD), including purchase of long lead material and subsequent production effort. 

The Joint Assault Bridge (JAB) fills a critical need in the Army Armored Brigade Combat Teams (ABCT) / Brigade Engineer Battalions (BEB), Engineer Mobility Augmentation Companies (MAC), Combat Engineer Companies - Armored (CEC-A) formations, and provides a system that offers the Combatant Commander improved readiness and enhanced survivability, mobility, and sustainability over the legacy M48A5/M60 Armored Vehicle Launched Bridge (AVLB). Without the JAB, these armored forces will not have the ability to cross gaps during combat operations, severely limiting movement and maneuver and degrading our advantage.

In accordance with Section 1815 of the FY 2008 National Defense Authorization Act (P.L. 110-181), this item is necessary for use by the active and reserve components of the Armed Forces for homeland defense missions, domestic emergency responses, and providing military support to civil authorities.</proc:Justification>
        <proc:ItemExhibitList>
            <proc:P5Item>
                <proc:Name>Joint Assault Bridge</proc:Name>
                <proc:ItemNumber>GZ3001</proc:ItemNumber>
                <proc:IdCode>A</proc:IdCode>
                <proc:SecondaryDistribution>
                    <proc:ComponentList>
                        <proc:Component>
                            <proc:Name>Army Active</proc:Name>
                            <proc:Cost>
                                <proc:Quantity>
                                    <proc:PriorYear>20</proc:PriorYear>
                                    <proc:CurrentYear>18</proc:CurrentYear>
                                    <proc:BudgetYearOneBase>11</proc:BudgetYearOneBase>
                                    <proc:BudgetYearOneOOC>1</proc:BudgetYearOneOOC>
                                    <proc:BudgetYearOne>12</proc:BudgetYearOne>
                                </proc:Quantity>
                                <proc:TotalCost>
                                    <proc:PriorYear>120.14</proc:PriorYear>
                                    <proc:CurrentYear>115.96</proc:CurrentYear>
                                    <proc:BudgetYearOneBase>67.867</proc:BudgetYearOneBase>
                                    <proc:BudgetYearOneOOC>7.689</proc:BudgetYearOneOOC>
                                    <proc:BudgetYearOne>75.556</proc:BudgetYearOne>
                                </proc:TotalCost>
                            </proc:Cost>
                        </proc:Component>
                        <proc:Component>
                            <proc:Name>Army National Guard</proc:Name>
                            <proc:Cost>
                                <proc:Quantity>
                                    <proc:PriorYear>6</proc:PriorYear>
                                    <proc:CurrentYear>10</proc:CurrentYear>
                                    <proc:BudgetYearOneBase>9</proc:BudgetYearOneBase>
                                    <proc:BudgetYearOne>9</proc:BudgetYearOne>
                                </proc:Quantity>
                                <proc:TotalCost>
                                    <proc:PriorYear>39.664</proc:PriorYear>
                                    <proc:CurrentYear>58.819</proc:CurrentYear>
                                    <proc:BudgetYearOneBase>57.081</proc:BudgetYearOneBase>
                                    <proc:BudgetYearOne>57.081</proc:BudgetYearOne>
                                </proc:TotalCost>
                            </proc:Cost>
                        </proc:Component>
                    </proc:ComponentList>
                </proc:SecondaryDistribution>
                <proc:Remarks>The FY 2025 to FY 2026 hardware contractual per unit cost decrease is mainly attributable to the DRS contract extension awarded in May 2024, where the program quantity aligned with the next tier of lower range pricing.</proc:Remarks>
                <proc:ResourceSummary>
                    <proc:Quantity>
                        <proc:AllPriorYears>116</proc:AllPriorYears>
                        <proc:PriorYear>26</proc:PriorYear>
                        <proc:CurrentYear>28</proc:CurrentYear>
                        <proc:BudgetYearOneBase>20</proc:BudgetYearOneBase>
                        <proc:BudgetYearOneOOC>1</proc:BudgetYearOneOOC>
                        <proc:BudgetYearOne>21</proc:BudgetYearOne>
                    </proc:Quantity>
                    <proc:TotalCost>
                        <proc:AllPriorYears>694.643</proc:AllPriorYears>
                        <proc:PriorYear>159.804</proc:PriorYear>
                        <proc:CurrentYear>174.779</proc:CurrentYear>
                        <proc:BudgetYearOneBase>124.948</proc:BudgetYearOneBase>
                        <proc:BudgetYearOneOOC>7.689</proc:BudgetYearOneOOC>
                        <proc:BudgetYearOne>132.637</proc:BudgetYearOne>
                    </proc:TotalCost>
                    <proc:UnitCost>
                        <proc:AllPriorYears>5988.302</proc:AllPriorYears>
                        <proc:PriorYear>6146.308</proc:PriorYear>
                        <proc:CurrentYear>6242.107</proc:CurrentYear>
                        <proc:BudgetYearOneBase>6247.4</proc:BudgetYearOneBase>
                        <proc:BudgetYearOneOOC>7689</proc:BudgetYearOneOOC>
                        <proc:BudgetYearOne>6316.048</proc:BudgetYearOne>
                    </proc:UnitCost>
                    <proc:NetProcurementP1>
                        <proc:AllPriorYears>694.643</proc:AllPriorYears>
                        <proc:PriorYear>159.804</proc:PriorYear>
                        <proc:CurrentYear>174.779</proc:CurrentYear>
                        <proc:BudgetYearOneBase>124.948</proc:BudgetYearOneBase>
                        <proc:BudgetYearOneOOC>7.689</proc:BudgetYearOneOOC>
                        <proc:BudgetYearOne>132.637</proc:BudgetYearOne>
                    </proc:NetProcurementP1>
                    <proc:TotalObligationAuthority>
                        <proc:AllPriorYears>694.643</proc:AllPriorYears>
                        <proc:PriorYear>159.804</proc:PriorYear>
                        <proc:CurrentYear>174.779</proc:CurrentYear>
                        <proc:BudgetYearOneBase>124.948</proc:BudgetYearOneBase>
                        <proc:BudgetYearOneOOC>7.689</proc:BudgetYearOneOOC>
                        <proc:BudgetYearOne>132.637</proc:BudgetYearOne>
                    </proc:TotalObligationAuthority>
                </proc:ResourceSummary>
                <proc:CostElementCategoryList>
                    <proc:Flyaway>
                        <proc:Recurring>
                            <proc:CostElementList>
                                <proc:CostElement>
                                    <proc:Name>Hardware - Low Rate Initial Production (LRIP)</proc:Name>
                                    <proc:Cost>
                                        <proc:Quantity>
                                            <proc:AllPriorYears>79</proc:AllPriorYears>
                                        </proc:Quantity>
                                        <proc:TotalCost>
                                            <proc:AllPriorYears>111.915</proc:AllPriorYears>
                                        </proc:TotalCost>
                                        <proc:UnitCost>
                                            <proc:AllPriorYears>1416.646</proc:AllPriorYears>
                                        </proc:UnitCost>
                                    </proc:Cost>
                                </proc:CostElement>
                                <proc:CostElement>
                                    <proc:Name>Hardware - Full Rate Production (FRP)</proc:Name>
                                    <proc:Cost>
                                        <proc:Quantity>
                                            <proc:AllPriorYears>41</proc:AllPriorYears>
                                            <proc:PriorYear>26</proc:PriorYear>
                                            <proc:CurrentYear>28</proc:CurrentYear>
                                            <proc:BudgetYearOneBase>19</proc:BudgetYearOneBase>
                                            <proc:BudgetYearOneOOC>1</proc:BudgetYearOneOOC>
                                            <proc:BudgetYearOne>20</proc:BudgetYearOne>
                                        </proc:Quantity>
                                        <proc:TotalCost>
                                            <proc:AllPriorYears>52</proc:AllPriorYears>
                                            <proc:PriorYear>47.585</proc:PriorYear>
                                            <proc:CurrentYear>56.085</proc:CurrentYear>
                                            <proc:BudgetYearOneBase>41.872</proc:BudgetYearOneBase>
                                            <proc:BudgetYearOneOOC>2.203</proc:BudgetYearOneOOC>
                                            <proc:BudgetYearOne>44.075</proc:BudgetYearOne>
                                        </proc:TotalCost>
                                        <proc:UnitCost>
                                            <proc:AllPriorYears>1268.293</proc:AllPriorYears>
                                            <proc:PriorYear>1830.192</proc:PriorYear>
                                            <proc:CurrentYear>2003.036</proc:CurrentYear>
                                            <proc:BudgetYearOneBase>2203.789</proc:BudgetYearOneBase>
                                            <proc:BudgetYearOneOOC>2203</proc:BudgetYearOneOOC>
                                            <proc:BudgetYearOne>2203.75</proc:BudgetYearOne>
                                        </proc:UnitCost>
                                    </proc:Cost>
                                    <proc:AllPriorYearsDeliveries>41</proc:AllPriorYearsDeliveries>
                                    <proc:ManufacturerList>
                                        <proc:Manufacturer>
                                            <proc:Name>Leonardo DRS Sustainment Systems, Inc.</proc:Name>
                                            <proc:Location>Saint Louis, MO</proc:Location>
                                            <proc:MinimumSustainingRate>2</proc:MinimumSustainingRate>
                                            <proc:MaximumProductionRate>4</proc:MaximumProductionRate>
                                            <proc:Rate185>3</proc:Rate185>
                                            <proc:InitialQuantity>
                                                <proc:AdminLeadTimeBeforeOct1InMonths>0</proc:AdminLeadTimeBeforeOct1InMonths>
                                                <proc:AdminLeadTimeAfterOct1InMonths>5</proc:AdminLeadTimeAfterOct1InMonths>
                                                <proc:ProductionLeadTimeAfterOct1InMonths>14</proc:ProductionLeadTimeAfterOct1InMonths>
                                                <proc:TotalLeadTimeAfterOct1InMonths>19</proc:TotalLeadTimeAfterOct1InMonths>
                                            </proc:InitialQuantity>
                                            <proc:ReorderQuantity>
                                                <proc:AdminLeadTimeBeforeOct1InMonths>0</proc:AdminLeadTimeBeforeOct1InMonths>
                                                <proc:AdminLeadTimeAfterOct1InMonths>2</proc:AdminLeadTimeAfterOct1InMonths>
                                                <proc:ProductionLeadTimeAfterOct1InMonths>22</proc:ProductionLeadTimeAfterOct1InMonths>
                                                <proc:TotalLeadTimeAfterOct1InMonths>24</proc:TotalLeadTimeAfterOct1InMonths>
                                            </proc:ReorderQuantity>
                                            <proc:HistoryPlanningList>
                                                <proc:HistoryPlanning>
                                                    <proc:FiscalYear>2024</proc:FiscalYear>
                                                    <proc:PCOLocation>Tacom, Warren,MI</proc:PCOLocation>
                                                    <proc:AwardDate>2023-11</proc:AwardDate>
                                                    <proc:FirstDeliveryDate>2025-12</proc:FirstDeliveryDate>
                                                    <proc:Quantity>26</proc:Quantity>
                                                    <proc:UnitCost>1830.192</proc:UnitCost>
                                                    <proc:SpecsAvailableNow>true</proc:SpecsAvailableNow>
                                                    <proc:ContractMethod>C</proc:ContractMethod>
                                                    <proc:ContractType>FFP</proc:ContractType>
                                                    <proc:MonthlyDeliveryScheduleList>
                                                        <proc:MonthlyDeliverySchedule>
                                                            <proc:ServiceAgencyName>Army</proc:ServiceAgencyName>
                                                            <proc:ProcQuantity>26</proc:ProcQuantity>
                                                            <proc:MonthlyDeliveryList>
                                                                <proc:MonthlyDelivery>
                                                                    <proc:Month>2025-12</proc:Month>
                                                                    <proc:Amount>2</proc:Amount>
                                                                </proc:MonthlyDelivery>
                                                                <proc:MonthlyDelivery>
                                                                    <proc:Month>2026-01</proc:Month>
                                                                    <proc:Amount>3</proc:Amount>
                                                                </proc:MonthlyDelivery>
                                                                <proc:MonthlyDelivery>
                                                                    <proc:Month>2026-02</proc:Month>
                                                                    <proc:Amount>3</proc:Amount>
                                                                </proc:MonthlyDelivery>
                                                                <proc:MonthlyDelivery>
                                                                    <proc:Month>2026-03</proc:Month>
                                                                    <proc:Amount>3</proc:Amount>
                                                                </proc:MonthlyDelivery>
                                                                <proc:MonthlyDelivery>
                                                                    <proc:Month>2026-04</proc:Month>
                                                                    <proc:Amount>3</proc:Amount>
                                                                </proc:MonthlyDelivery>
                                                                <proc:MonthlyDelivery>
                                                                    <proc:Month>2026-05</proc:Month>
                                                                    <proc:Amount>3</proc:Amount>
                                                                </proc:MonthlyDelivery>
                                                                <proc:MonthlyDelivery>
                                                                    <proc:Month>2026-06</proc:Month>
                                                                    <proc:Amount>3</proc:Amount>
                                                                </proc:MonthlyDelivery>
                                                                <proc:MonthlyDelivery>
                                                                    <proc:Month>2026-07</proc:Month>
                                                                    <proc:Amount>3</proc:Amount>
                                                                </proc:MonthlyDelivery>
                                                                <proc:MonthlyDelivery>
                                                                    <proc:Month>2026-08</proc:Month>
                                                                    <proc:Amount>3</proc:Amount>
                                                                </proc:MonthlyDelivery>
                                                            </proc:MonthlyDeliveryList>
                                                        </proc:MonthlyDeliverySchedule>
                                                    </proc:MonthlyDeliveryScheduleList>
                                                    <proc:MonthlyDeliveryScheduleTotal>
                                                        <proc:ProcQuantity>26</proc:ProcQuantity>
                                                        <proc:MonthlyDeliveryList>
                                                            <proc:MonthlyDelivery>
                                                                <proc:Month>2025-12</proc:Month>
                                                                <proc:Amount>2</proc:Amount>
                                                            </proc:MonthlyDelivery>
                                                            <proc:MonthlyDelivery>
                                                                <proc:Month>2026-01</proc:Month>
                                                                <proc:Amount>3</proc:Amount>
                                                            </proc:MonthlyDelivery>
                                                            <proc:MonthlyDelivery>
                                                                <proc:Month>2026-02</proc:Month>
                                                                <proc:Amount>3</proc:Amount>
                                                            </proc:MonthlyDelivery>
                                                            <proc:MonthlyDelivery>
                                                                <proc:Month>2026-03</proc:Month>
                                                                <proc:Amount>3</proc:Amount>
                                                            </proc:MonthlyDelivery>
                                                            <proc:MonthlyDelivery>
                                                                <proc:Month>2026-04</proc:Month>
                                                                <proc:Amount>3</proc:Amount>
                                                            </proc:MonthlyDelivery>
                                                            <proc:MonthlyDelivery>
                                                                <proc:Month>2026-05</proc:Month>
                                                                <proc:Amount>3</proc:Amount>
                                                            </proc:MonthlyDelivery>
                                                            <proc:MonthlyDelivery>
                                                                <proc:Month>2026-06</proc:Month>
                                                                <proc:Amount>3</proc:Amount>
                                                            </proc:MonthlyDelivery>
                                                            <proc:MonthlyDelivery>
                                                                <proc:Month>2026-07</proc:Month>
                                                                <proc:Amount>3</proc:Amount>
                                                            </proc:MonthlyDelivery>
                                                            <proc:MonthlyDelivery>
                                                                <proc:Month>2026-08</proc:Month>
                                                                <proc:Amount>3</proc:Amount>
                                                            </proc:MonthlyDelivery>
                                                        </proc:MonthlyDeliveryList>
                                                    </proc:MonthlyDeliveryScheduleTotal>
                                                </proc:HistoryPlanning>
                                                <proc:HistoryPlanning>
                                                    <proc:FiscalYear>2025</proc:FiscalYear>
                                                    <proc:PCOLocation>TACOM, Detroit Arsenal, MI</proc:PCOLocation>
                                                    <proc:AwardDate>2024-11</proc:AwardDate>
                                                    <proc:FirstDeliveryDate>2026-09</proc:FirstDeliveryDate>
                                                    <proc:Quantity>28</proc:Quantity>
                                                    <proc:UnitCost>2003.036</proc:UnitCost>
                                                    <proc:SpecsAvailableNow>true</proc:SpecsAvailableNow>
                                                    <proc:ContractMethod>C</proc:ContractMethod>
                                                    <proc:ContractType>FFP</proc:ContractType>
                                                    <proc:MonthlyDeliveryScheduleList>
                                                        <proc:MonthlyDeliverySchedule>
                                                            <proc:ServiceAgencyName>Army</proc:ServiceAgencyName>
                                                            <proc:ProcQuantity>28</proc:ProcQuantity>
                                                            <proc:MonthlyDeliveryList>
                                                                <proc:MonthlyDelivery>
                                                                    <proc:Month>2026-09</proc:Month>
                                                                    <proc:Amount>2</proc:Amount>
                                                                </proc:MonthlyDelivery>
                                                                <proc:MonthlyDelivery>
                                                                    <proc:Month>2026-10</proc:Month>
                                                                    <proc:Amount>2</proc:Amount>
                                                                </proc:MonthlyDelivery>
                                                                <proc:MonthlyDelivery>
                                                                    <proc:Month>2026-11</proc:Month>
                                                                    <proc:Amount>2</proc:Amount>
                                                                </proc:MonthlyDelivery>
                                                                <proc:MonthlyDelivery>
                                                                    <proc:Month>2026-12</proc:Month>
                                                                    <proc:Amount>2</proc:Amount>
                                                                </proc:MonthlyDelivery>
                                                                <proc:MonthlyDelivery>
                                                                    <proc:Month>2027-01</proc:Month>
                                                                    <proc:Amount>2</proc:Amount>
                                                                </proc:MonthlyDelivery>
                                                                <proc:MonthlyDelivery>
                                                                    <proc:Month>2027-02</proc:Month>
                                                                    <proc:Amount>3</proc:Amount>
                                                                </proc:MonthlyDelivery>
                                                                <proc:MonthlyDelivery>
                                                                    <proc:Month>2027-03</proc:Month>
                                                                    <proc:Amount>3</proc:Amount>
                                                                </proc:MonthlyDelivery>
                                                                <proc:MonthlyDelivery>
                                                                    <proc:Month>2027-04</proc:Month>
                                                                    <proc:Amount>3</proc:Amount>
                                                                </proc:MonthlyDelivery>
                                                                <proc:MonthlyDelivery>
                                                                    <proc:Month>2027-05</proc:Month>
                                                                    <proc:Amount>3</proc:Amount>
                                                                </proc:MonthlyDelivery>
                                                                <proc:MonthlyDelivery>
                                                                    <proc:Month>2027-06</proc:Month>
                                                                    <proc:Amount>2</proc:Amount>
                                                                </proc:MonthlyDelivery>
                                                                <proc:MonthlyDelivery>
                                                                    <proc:Month>2027-07</proc:Month>
                                                                    <proc:Amount>2</proc:Amount>
                                                                </proc:MonthlyDelivery>
                                                                <proc:MonthlyDelivery>
                                                                    <proc:Month>2027-08</proc:Month>
                                                                    <proc:Amount>2</proc:Amount>
                                                                </proc:MonthlyDelivery>
                                                            </proc:MonthlyDeliveryList>
                                                        </proc:MonthlyDeliverySchedule>
                                                    </proc:MonthlyDeliveryScheduleList>
                                                    <proc:MonthlyDeliveryScheduleTotal>
                                                        <proc:ProcQuantity>28</proc:ProcQuantity>
                                                        <proc:MonthlyDeliveryList>
                                                            <proc:MonthlyDelivery>
                                                                <proc:Month>2026-09</proc:Month>
                                                                <proc:Amount>2</proc:Amount>
                                                            </proc:MonthlyDelivery>
                                                            <proc:MonthlyDelivery>
                                                                <proc:Month>2026-10</proc:Month>
                                                                <proc:Amount>2</proc:Amount>
                                                            </proc:MonthlyDelivery>
                                                            <proc:MonthlyDelivery>
                                                                <proc:Month>2026-11</proc:Month>
                                                                <proc:Amount>2</proc:Amount>
                                                            </proc:MonthlyDelivery>
                                                            <proc:MonthlyDelivery>
                                                                <proc:Month>2026-12</proc:Month>
                                                                <proc:Amount>2</proc:Amount>
                                                            </proc:MonthlyDelivery>
                                                            <proc:MonthlyDelivery>
                                                                <proc:Month>2027-01</proc:Month>
                                                                <proc:Amount>2</proc:Amount>
                                                            </proc:MonthlyDelivery>
                                                            <proc:MonthlyDelivery>
                                                                <proc:Month>2027-02</proc:Month>
                                                                <proc:Amount>3</proc:Amount>
                                                            </proc:MonthlyDelivery>
                                                            <proc:MonthlyDelivery>
                                                                <proc:Month>2027-03</proc:Month>
                                                                <proc:Amount>3</proc:Amount>
                                                            </proc:MonthlyDelivery>
                                                            <proc:MonthlyDelivery>
                                                                <proc:Month>2027-04</proc:Month>
                                                                <proc:Amount>3</proc:Amount>
                                                            </proc:MonthlyDelivery>
                                                            <proc:MonthlyDelivery>
                                                                <proc:Month>2027-05</proc:Month>
                                                                <proc:Amount>3</proc:Amount>
                                                            </proc:MonthlyDelivery>
                                                            <proc:MonthlyDelivery>
                                                                <proc:Month>2027-06</proc:Month>
                                                                <proc:Amount>2</proc:Amount>
                                                            </proc:MonthlyDelivery>
                                                            <proc:MonthlyDelivery>
                                                                <proc:Month>2027-07</proc:Month>
                                                                <proc:Amount>2</proc:Amount>
                                                            </proc:MonthlyDelivery>
                                                            <proc:MonthlyDelivery>
                                                                <proc:Month>2027-08</proc:Month>
                                                                <proc:Amount>2</proc:Amount>
                                                            </proc:MonthlyDelivery>
                                                        </proc:MonthlyDeliveryList>
                                                    </proc:MonthlyDeliveryScheduleTotal>
                                                </proc:HistoryPlanning>
                                                <proc:HistoryPlanning>
                                                    <proc:FiscalYear>2026</proc:FiscalYear>
                                                    <proc:PCOLocation>TACOM, Detroit Arsenal, MI</proc:PCOLocation>
                                                    <proc:AwardDate>2025-11</proc:AwardDate>
                                                    <proc:FirstDeliveryDate>2027-09</proc:FirstDeliveryDate>
                                                    <proc:Quantity>19</proc:Quantity>
                                                    <proc:UnitCost>2203.789</proc:UnitCost>
                                                    <proc:SpecsAvailableNow>true</proc:SpecsAvailableNow>
                                                    <proc:ContractMethod>C</proc:ContractMethod>
                                                    <proc:ContractType>FFP</proc:ContractType>
                                                    <proc:MonthlyDeliveryScheduleList>
                                                        <proc:MonthlyDeliverySchedule>
                                                            <proc:ServiceAgencyName>Army</proc:ServiceAgencyName>
                                                            <proc:ProcQuantity>19</proc:ProcQuantity>
                                                            <proc:MonthlyDeliveryList>
                                                                <proc:MonthlyDelivery>
                                                                    <proc:Month>2027-09</proc:Month>
                                                                    <proc:Amount>1</proc:Amount>
                                                                </proc:MonthlyDelivery>
                                                                <proc:MonthlyDelivery>
                                                                    <proc:Month>2027-10</proc:Month>
                                                                    <proc:Amount>2</proc:Amount>
                                                                </proc:MonthlyDelivery>
                                                                <proc:MonthlyDelivery>
                                                                    <proc:Month>2027-11</proc:Month>
                                                                    <proc:Amount>2</proc:Amount>
                                                                </proc:MonthlyDelivery>
                                                                <proc:MonthlyDelivery>
                                                                    <proc:Month>2027-12</proc:Month>
                                                                    <proc:Amount>2</proc:Amount>
                                                                </proc:MonthlyDelivery>
                                                                <proc:MonthlyDelivery>
                                                                    <proc:Month>2028-01</proc:Month>
                                                                    <proc:Amount>2</proc:Amount>
                                                                </proc:MonthlyDelivery>
                                                                <proc:MonthlyDelivery>
                                                                    <proc:Month>2028-02</proc:Month>
                                                                    <proc:Amount>2</proc:Amount>
                                                                </proc:MonthlyDelivery>
                                                                <proc:MonthlyDelivery>
                                                                    <proc:Month>2028-03</proc:Month>
                                                                    <proc:Amount>2</proc:Amount>
                                                                </proc:MonthlyDelivery>
                                                                <proc:MonthlyDelivery>
                                                                    <proc:Month>2028-04</proc:Month>
                                                                    <proc:Amount>2</proc:Amount>
                                                                </proc:MonthlyDelivery>
                                                                <proc:MonthlyDelivery>
                                                                    <proc:Month>2028-05</proc:Month>
                                                                    <proc:Amount>1</proc:Amount>
                                                                </proc:MonthlyDelivery>
                                                                <proc:MonthlyDelivery>
                                                                    <proc:Month>2028-06</proc:Month>
                                                                    <proc:Amount>1</proc:Amount>
                                                                </proc:MonthlyDelivery>
                                                                <proc:MonthlyDelivery>
                                                                    <proc:Month>2028-07</proc:Month>
                                                                    <proc:Amount>1</proc:Amount>
                                                                </proc:MonthlyDelivery>
                                                                <proc:MonthlyDelivery>
                                                                    <proc:Month>2028-08</proc:Month>
                                                                    <proc:Amount>1</proc:Amount>
                                                                </proc:MonthlyDelivery>
                                                            </proc:MonthlyDeliveryList>
                                                        </proc:MonthlyDeliverySchedule>
                                                    </proc:MonthlyDeliveryScheduleList>
                                                    <proc:MonthlyDeliveryScheduleTotal>
                                                        <proc:ProcQuantity>19</proc:ProcQuantity>
                                                        <proc:MonthlyDeliveryList>
                                                            <proc:MonthlyDelivery>
                                                                <proc:Month>2027-09</proc:Month>
                                                                <proc:Amount>1</proc:Amount>
                                                            </proc:MonthlyDelivery>
                                                            <proc:MonthlyDelivery>
                                                                <proc:Month>2027-10</proc:Month>
                                                                <proc:Amount>2</proc:Amount>
                                                            </proc:MonthlyDelivery>
                                                            <proc:MonthlyDelivery>
                                                                <proc:Month>2027-11</proc:Month>
                                                                <proc:Amount>2</proc:Amount>
                                                            </proc:MonthlyDelivery>
                                                            <proc:MonthlyDelivery>
                                                                <proc:Month>2027-12</proc:Month>
                                                                <proc:Amount>2</proc:Amount>
                                                            </proc:MonthlyDelivery>
                                                            <proc:MonthlyDelivery>
                                                                <proc:Month>2028-01</proc:Month>
                                                                <proc:Amount>2</proc:Amount>
                                                            </proc:MonthlyDelivery>
                                                            <proc:MonthlyDelivery>
                                                                <proc:Month>2028-02</proc:Month>
                                                                <proc:Amount>2</proc:Amount>
                                                            </proc:MonthlyDelivery>
                                                            <proc:MonthlyDelivery>
                                                                <proc:Month>2028-03</proc:Month>
                                                                <proc:Amount>2</proc:Amount>
                                                            </proc:MonthlyDelivery>
                                                            <proc:MonthlyDelivery>
                                                                <proc:Month>2028-04</proc:Month>
                                                                <proc:Amount>2</proc:Amount>
                                                            </proc:MonthlyDelivery>
                                                            <proc:MonthlyDelivery>
                                                                <proc:Month>2028-05</proc:Month>
                                                                <proc:Amount>1</proc:Amount>
                                                            </proc:MonthlyDelivery>
                                                            <proc:MonthlyDelivery>
                                                                <proc:Month>2028-06</proc:Month>
                                                                <proc:Amount>1</proc:Amount>
                                                            </proc:MonthlyDelivery>
                                                            <proc:MonthlyDelivery>
                                                                <proc:Month>2028-07</proc:Month>
                                                                <proc:Amount>1</proc:Amount>
                                                            </proc:MonthlyDelivery>
                                                            <proc:MonthlyDelivery>
                                                                <proc:Month>2028-08</proc:Month>
                                                                <proc:Amount>1</proc:Amount>
                                                            </proc:MonthlyDelivery>
                                                        </proc:MonthlyDeliveryList>
                                                    </proc:MonthlyDeliveryScheduleTotal>
                                                </proc:HistoryPlanning>
                                                <proc:HistoryPlanning>
                                                    <proc:FiscalYear>2026</proc:FiscalYear>
                                                    <proc:OOC>true</proc:OOC>
                                                    <proc:PCOLocation>TACOM, Detroit Arsenal, MI</proc:PCOLocation>
                                                    <proc:AwardDate>2025-11</proc:AwardDate>
                                                    <proc:FirstDeliveryDate>2027-09</proc:FirstDeliveryDate>
                                                    <proc:Quantity>1</proc:Quantity>
                                                    <proc:UnitCost>2203</proc:UnitCost>
                                                    <proc:SpecsAvailableNow>true</proc:SpecsAvailableNow>
                                                    <proc:ContractMethod>C</proc:ContractMethod>
                                                    <proc:ContractType>FFP</proc:ContractType>
                                                    <proc:MonthlyDeliveryScheduleList>
                                                        <proc:MonthlyDeliverySchedule>
                                                            <proc:ServiceAgencyName>Army</proc:ServiceAgencyName>
                                                            <proc:ProcQuantity>1</proc:ProcQuantity>
                                                            <proc:MonthlyDeliveryList>
                                                                <proc:MonthlyDelivery>
                                                                    <proc:Month>2027-09</proc:Month>
                                                                    <proc:Amount>1</proc:Amount>
                                                                </proc:MonthlyDelivery>
                                                            </proc:MonthlyDeliveryList>
                                                        </proc:MonthlyDeliverySchedule>
                                                    </proc:MonthlyDeliveryScheduleList>
                                                    <proc:MonthlyDeliveryScheduleTotal>
                                                        <proc:ProcQuantity>1</proc:ProcQuantity>
                                                        <proc:MonthlyDeliveryList>
                                                            <proc:MonthlyDelivery>
                                                                <proc:Month>2027-09</proc:Month>
                                                                <proc:Amount>1</proc:Amount>
                                                            </proc:MonthlyDelivery>
                                                        </proc:MonthlyDeliveryList>
                                                    </proc:MonthlyDeliveryScheduleTotal>
                                                </proc:HistoryPlanning>
                                            </proc:HistoryPlanningList>
                                        </proc:Manufacturer>
                                    </proc:ManufacturerList>
                                </proc:CostElement>
                                <proc:CostElement>
                                    <proc:Name>Government Furnished Materials (GFM) Anniston Army Depot (ANAD) Rolling Chassis</proc:Name>
                                    <proc:Cost>
                                        <proc:Quantity>
                                            <proc:AllPriorYears>120</proc:AllPriorYears>
                                            <proc:PriorYear>26</proc:PriorYear>
                                            <proc:CurrentYear>28</proc:CurrentYear>
                                            <proc:BudgetYearOneBase>19</proc:BudgetYearOneBase>
                                            <proc:BudgetYearOneOOC>1</proc:BudgetYearOneOOC>
                                            <proc:BudgetYearOne>20</proc:BudgetYearOne>
                                        </proc:Quantity>
                                        <proc:TotalCost>
                                            <proc:AllPriorYears>340.778</proc:AllPriorYears>
                                            <proc:PriorYear>73.704</proc:PriorYear>
                                            <proc:CurrentYear>85.262</proc:CurrentYear>
                                            <proc:BudgetYearOneBase>60.819</proc:BudgetYearOneBase>
                                            <proc:BudgetYearOneOOC>3.201</proc:BudgetYearOneOOC>
                                            <proc:BudgetYearOne>64.02</proc:BudgetYearOne>
                                        </proc:TotalCost>
                                        <proc:UnitCost>
                                            <proc:AllPriorYears>2839.817</proc:AllPriorYears>
                                            <proc:PriorYear>2834.769</proc:PriorYear>
                                            <proc:CurrentYear>3045.071</proc:CurrentYear>
                                            <proc:BudgetYearOneBase>3201</proc:BudgetYearOneBase>
                                            <proc:BudgetYearOneOOC>3201</proc:BudgetYearOneOOC>
                                            <proc:BudgetYearOne>3201</proc:BudgetYearOne>
                                        </proc:UnitCost>
                                    </proc:Cost>
                                </proc:CostElement>
                                <proc:CostElement>
                                    <proc:Name>Bridge Upgrades</proc:Name>
                                    <proc:Cost>
                                        <proc:Quantity>
                                            <proc:AllPriorYears>120</proc:AllPriorYears>
                                            <proc:PriorYear>26</proc:PriorYear>
                                            <proc:CurrentYear>28</proc:CurrentYear>
                                            <proc:BudgetYearOneBase>19</proc:BudgetYearOneBase>
                                            <proc:BudgetYearOneOOC>1</proc:BudgetYearOneOOC>
                                            <proc:BudgetYearOne>20</proc:BudgetYearOne>
                                        </proc:Quantity>
                                        <proc:TotalCost>
                                            <proc:AllPriorYears>61.508</proc:AllPriorYears>
                                            <proc:PriorYear>12.354</proc:PriorYear>
                                            <proc:CurrentYear>14.507</proc:CurrentYear>
                                            <proc:BudgetYearOneBase>9.958</proc:BudgetYearOneBase>
                                            <proc:BudgetYearOneOOC>0.524</proc:BudgetYearOneOOC>
                                            <proc:BudgetYearOne>10.482</proc:BudgetYearOne>
                                        </proc:TotalCost>
                                        <proc:UnitCost>
                                            <proc:AllPriorYears>512.567</proc:AllPriorYears>
                                            <proc:PriorYear>475.154</proc:PriorYear>
                                            <proc:CurrentYear>518.107</proc:CurrentYear>
                                            <proc:BudgetYearOneBase>524.105</proc:BudgetYearOneBase>
                                            <proc:BudgetYearOneOOC>524</proc:BudgetYearOneOOC>
                                            <proc:BudgetYearOne>524.1</proc:BudgetYearOne>
                                        </proc:UnitCost>
                                    </proc:Cost>
                                </proc:CostElement>
                                <proc:CostElement>
                                    <proc:Name>Engineering Changes</proc:Name>
                                    <proc:Cost>
                                        <proc:TotalCost>
                                            <proc:AllPriorYears>37.922</proc:AllPriorYears>
                                            <proc:PriorYear>14.361</proc:PriorYear>
                                            <proc:CurrentYear>4.756</proc:CurrentYear>
                                            <proc:BudgetYearOneBase>4.669</proc:BudgetYearOneBase>
                                            <proc:BudgetYearOneOOC>1.496</proc:BudgetYearOneOOC>
                                            <proc:BudgetYearOne>6.165</proc:BudgetYearOne>
                                        </proc:TotalCost>
                                    </proc:Cost>
                                </proc:CostElement>
                                <proc:CostElement>
                                    <proc:Name>System Engineering/Program Management</proc:Name>
                                    <proc:Cost>
                                        <proc:TotalCost>
                                            <proc:AllPriorYears>40.983</proc:AllPriorYears>
                                            <proc:PriorYear>6.731</proc:PriorYear>
                                            <proc:CurrentYear>6.733</proc:CurrentYear>
                                            <proc:BudgetYearOneBase>5.045</proc:BudgetYearOneBase>
                                            <proc:BudgetYearOne>5.045</proc:BudgetYearOne>
                                        </proc:TotalCost>
                                    </proc:Cost>
                                </proc:CostElement>
                                <proc:CostElement>
                                    <proc:Name>Support Equipment/Associated Support Items Of Equipment (ASIOE)</proc:Name>
                                    <proc:Cost>
                                        <proc:TotalCost>
                                            <proc:AllPriorYears>9.919</proc:AllPriorYears>
                                            <proc:PriorYear>0.157</proc:PriorYear>
                                            <proc:CurrentYear>4.456</proc:CurrentYear>
                                            <proc:BudgetYearOneBase>1.285</proc:BudgetYearOneBase>
                                            <proc:BudgetYearOneOOC>0.065</proc:BudgetYearOneOOC>
                                            <proc:BudgetYearOne>1.35</proc:BudgetYearOne>
                                        </proc:TotalCost>
                                    </proc:Cost>
                                </proc:CostElement>
                                <proc:CostElement>
                                    <proc:Name>Fielding</proc:Name>
                                    <proc:Cost>
                                        <proc:TotalCost>
                                            <proc:AllPriorYears>7.894</proc:AllPriorYears>
                                            <proc:PriorYear>3.723</proc:PriorYear>
                                            <proc:CurrentYear>2.23</proc:CurrentYear>
                                            <proc:BudgetYearOneBase>0.9</proc:BudgetYearOneBase>
                                            <proc:BudgetYearOneOOC>0.1</proc:BudgetYearOneOOC>
                                            <proc:BudgetYearOne>1</proc:BudgetYearOne>
                                        </proc:TotalCost>
                                    </proc:Cost>
                                </proc:CostElement>
                                <proc:CostElement>
                                    <proc:Name>First Destination Transportation - FDT</proc:Name>
                                    <proc:Cost>
                                        <proc:TotalCost>
                                            <proc:AllPriorYears>3.255</proc:AllPriorYears>
                                            <proc:PriorYear>0.75</proc:PriorYear>
                                            <proc:CurrentYear>0.75</proc:CurrentYear>
                                            <proc:BudgetYearOneBase>0.4</proc:BudgetYearOneBase>
                                            <proc:BudgetYearOneOOC>0.1</proc:BudgetYearOneOOC>
                                            <proc:BudgetYearOne>0.5</proc:BudgetYearOne>
                                        </proc:TotalCost>
                                    </proc:Cost>
                                </proc:CostElement>
                            </proc:CostElementList>
                            <proc:CategorySubtotal>
                                <proc:TotalCost>
                                    <proc:AllPriorYears>666.174</proc:AllPriorYears>
                                    <proc:PriorYear>159.365</proc:PriorYear>
                                    <proc:CurrentYear>174.779</proc:CurrentYear>
                                    <proc:BudgetYearOneBase>124.948</proc:BudgetYearOneBase>
                                    <proc:BudgetYearOneOOC>7.689</proc:BudgetYearOneOOC>
                                    <proc:BudgetYearOne>132.637</proc:BudgetYearOne>
                                </proc:TotalCost>
                            </proc:CategorySubtotal>
                        </proc:Recurring>
                        <proc:NonRecurring>
                            <proc:CostElementList>
                                <proc:CostElement>
                                    <proc:Name>Logistics Products</proc:Name>
                                    <proc:Cost>
                                        <proc:TotalCost>
                                            <proc:AllPriorYears>6.132</proc:AllPriorYears>
                                        </proc:TotalCost>
                                    </proc:Cost>
                                </proc:CostElement>
                                <proc:CostElement>
                                    <proc:Name>Simulator - Common Driver Trainer (CDT) Update</proc:Name>
                                    <proc:Cost>
                                        <proc:TotalCost>
                                            <proc:AllPriorYears>13.755</proc:AllPriorYears>
                                        </proc:TotalCost>
                                    </proc:Cost>
                                </proc:CostElement>
                                <proc:CostElement>
                                    <proc:Name>Interim Contractor Logistics Support (ICLS)</proc:Name>
                                    <proc:Cost>
                                        <proc:TotalCost>
                                            <proc:AllPriorYears>3.767</proc:AllPriorYears>
                                            <proc:PriorYear>0.439</proc:PriorYear>
                                        </proc:TotalCost>
                                    </proc:Cost>
                                </proc:CostElement>
                                <proc:CostElement>
                                    <proc:Name>Reprogrammed dollars</proc:Name>
                                    <proc:Cost>
                                        <proc:TotalCost>
                                            <proc:AllPriorYears>4.815</proc:AllPriorYears>
                                        </proc:TotalCost>
                                    </proc:Cost>
                                </proc:CostElement>
                            </proc:CostElementList>
                            <proc:CategorySubtotal>
                                <proc:TotalCost>
                                    <proc:AllPriorYears>28.469</proc:AllPriorYears>
                                    <proc:PriorYear>0.439</proc:PriorYear>
                                </proc:TotalCost>
                            </proc:CategorySubtotal>
                        </proc:NonRecurring>
                        <proc:CategorySubtotal>
                            <proc:TotalCost>
                                <proc:AllPriorYears>694.643</proc:AllPriorYears>
                                <proc:PriorYear>159.804</proc:PriorYear>
                                <proc:CurrentYear>174.779</proc:CurrentYear>
                                <proc:BudgetYearOneBase>124.948</proc:BudgetYearOneBase>
                                <proc:BudgetYearOneOOC>7.689</proc:BudgetYearOneOOC>
                                <proc:BudgetYearOne>132.637</proc:BudgetYearOne>
                            </proc:TotalCost>
                        </proc:CategorySubtotal>
                    </proc:Flyaway>
                </proc:CostElementCategoryList>
                <proc:OverallHistoryPlanningRemarks>The FY 2025 to FY 2026 hardware contractual per unit cost decrease is mainly attributable to the DRS contract extension awarded in May 2024, where the program quantity aligned with the next tier of lower range pricing.</proc:OverallHistoryPlanningRemarks>
                <proc:OverallDeliveryScheduleRemarks>n/a</proc:OverallDeliveryScheduleRemarks>
            </proc:P5Item>
        </proc:ItemExhibitList>
        <proc:DocumentAssemblyOptions>
            <proc:p40AItemScheduleSetting>item</proc:p40AItemScheduleSetting>
        </proc:DocumentAssemblyOptions>
    </proc:LineItem>
</proc:LineItemList>