<?xml version="1.0" encoding="UTF-8"?>
<proc:LineItemList xmlns:proc="http://www.dtic.mil/comptroller/xml/schema/20100219/procurement">
    <proc:LineItem quantityUnits="Each" quantityUnitName="Each" unitCostUnits="Thousands" totalCostUnits="Millions" manufacturerRateUnits="Monthly">
        <proc:LineItemNumber>7181G80820</proc:LineItemNumber>
        <proc:LineItemTitle>M10 BOOKER</proc:LineItemTitle>
        <proc:P1LineNumber>5</proc:P1LineNumber>
        <proc:BudgetYear>2026</proc:BudgetYear>
        <proc:BudgetCycle>PB</proc:BudgetCycle>
        <proc:SubmissionDate>2025-06</proc:SubmissionDate>
        <proc:ServiceAgencyName>Army</proc:ServiceAgencyName>
        <proc:AppropriationNumber>2033A</proc:AppropriationNumber>
        <proc:AppropriationTitle>Procurement of W&amp;TCV, Army</proc:AppropriationTitle>
        <proc:BudgetActivityNumber>1</proc:BudgetActivityNumber>
        <proc:BudgetActivityTitle>Tracked Combat Vehicles</proc:BudgetActivityTitle>
        <proc:BudgetSubActivityNumber>10</proc:BudgetSubActivityNumber>
        <proc:BudgetSubActivityTitle>Tracked Combat Vehicles</proc:BudgetSubActivityTitle>
        <proc:ResourceSummary>
            <proc:Quantity>
                <proc:AllPriorYears>51</proc:AllPriorYears>
                <proc:PriorYear>33</proc:PriorYear>
                <proc:CurrentYear>32</proc:CurrentYear>
            </proc:Quantity>
            <proc:TotalCost>
                <proc:AllPriorYears>636.685</proc:AllPriorYears>
                <proc:PriorYear>386.635</proc:PriorYear>
                <proc:CurrentYear>439.111</proc:CurrentYear>
                <proc:BudgetYearOneBase>64.919</proc:BudgetYearOneBase>
                <proc:BudgetYearOne>64.919</proc:BudgetYearOne>
            </proc:TotalCost>
            <proc:UnitCost>
                <proc:AllPriorYears>12484.02</proc:AllPriorYears>
                <proc:PriorYear>11716.212</proc:PriorYear>
                <proc:CurrentYear>13722.219</proc:CurrentYear>
            </proc:UnitCost>
            <proc:NetProcurementP1>
                <proc:AllPriorYears>636.685</proc:AllPriorYears>
                <proc:PriorYear>386.635</proc:PriorYear>
                <proc:CurrentYear>439.111</proc:CurrentYear>
                <proc:BudgetYearOneBase>64.919</proc:BudgetYearOneBase>
                <proc:BudgetYearOne>64.919</proc:BudgetYearOne>
            </proc:NetProcurementP1>
            <proc:TotalObligationAuthority>
                <proc:AllPriorYears>636.685</proc:AllPriorYears>
                <proc:PriorYear>386.635</proc:PriorYear>
                <proc:CurrentYear>439.111</proc:CurrentYear>
                <proc:BudgetYearOneBase>64.919</proc:BudgetYearOneBase>
                <proc:BudgetYearOne>64.919</proc:BudgetYearOne>
            </proc:TotalObligationAuthority>
        </proc:ResourceSummary>
        <proc:Code>A</proc:Code>
        <proc:OtherRelatedProgramElementList>
            <proc:ProgramElementNumber>0604645A</proc:ProgramElementNumber>
        </proc:OtherRelatedProgramElementList>
        <proc:SecondaryDistribution>
            <proc:ComponentList>
                <proc:Component>
                    <proc:Name>Army Active</proc:Name>
                    <proc:Cost>
                        <proc:Quantity>
                            <proc:PriorYear>33</proc:PriorYear>
                            <proc:CurrentYear>32</proc:CurrentYear>
                        </proc:Quantity>
                        <proc:TotalCost>
                            <proc:PriorYear>386.635</proc:PriorYear>
                            <proc:CurrentYear>439.111</proc:CurrentYear>
                            <proc:BudgetYearOneBase>64.919</proc:BudgetYearOneBase>
                            <proc:BudgetYearOne>64.919</proc:BudgetYearOne>
                        </proc:TotalCost>
                    </proc:Cost>
                </proc:Component>
            </proc:ComponentList>
            <proc:TotalCost>
                <proc:Quantity>
                    <proc:PriorYear>33</proc:PriorYear>
                    <proc:CurrentYear>32</proc:CurrentYear>
                </proc:Quantity>
                <proc:TotalCost>
                    <proc:PriorYear>386.635</proc:PriorYear>
                    <proc:CurrentYear>439.111</proc:CurrentYear>
                    <proc:BudgetYearOneBase>64.919</proc:BudgetYearOneBase>
                    <proc:BudgetYearOne>64.919</proc:BudgetYearOne>
                </proc:TotalCost>
            </proc:TotalCost>
        </proc:SecondaryDistribution>
        <proc:Description>Infantry Brigade Combat Teams (IBCTs) currently lack the mobile, protected firepower capability necessary to defeat enemy prepared positions, destroy enemy armored vehicles, close with the enemy through fire and maneuver, and ensure freedom of maneuver and action in close contact with the enemy. The M10 Booker (formerly, Mobile Protected Firepower (MPF)) will provide the Army's Infantry Brigade Combat Teams (IBCTs) a protected, long range, precision direct-fire capability to ensure freedom of movement during offensive operations and defeat attacking enemy during defensive operations.

The M10 Booker Army Acquisition Objective (AAO) is 504 systems.

The M10 Booker Army Procurement Objective (APO) is 350 systems.</proc:Description>
        <proc:Justification>FY 2026 Base procurement funds in the amount of $64.919 million will be utilized for program management, engineering, logistics, and system technical support necessary for contract close-out and final disposition of M10 Booker vehicle systems.

As a result of the Army Transformation Initiative (ATI) EXORD, the Army has given direction to cease procurement of M10 Booker and inactivated all M10 Booker battalions.  There is no planned M10 Booker vehicle buy in FY 2025.  The quantity of 32 in FY 2025 will be updated to 0 prior to the next budget submission.  

On 11 June 2025, the Government issued a partial Termination for Convenience (T4C) to General Dynamic Land Systems (GDLS) and instructed to cease all activities that are not in the best interest of the United States Government.
The Army is planning an Army Requirements Oversight Council (AROC) to adjust Army Acquisition Objective (AAO)/Army Procurement Objective (APO) for all Army Transformation Initiative (ATI) programs at a future date.   The AAO and APO details will be updated at that time.

Army Acquisition Objective (AAO): 504 vehicles.

Army Procurement Objective (APO): 350 vehicles.

In accordance with section 1815 of the FY 2008 National Defense Authorization Act (P.L. 110 - 181), this item is necessary for use by the active and reserve components of the Armed Forces for homeland defense missions, domestic emergency responses, and providing military support to civil authorities.</proc:Justification>
        <proc:ItemExhibitList>
            <proc:P5Item>
                <proc:Name>M10 BOOKER</proc:Name>
                <proc:ItemNumber>G80820</proc:ItemNumber>
                <proc:IdCode>A</proc:IdCode>
                <proc:SecondaryDistribution>
                    <proc:ComponentList>
                        <proc:Component>
                            <proc:Name>Army Active</proc:Name>
                            <proc:Cost>
                                <proc:Quantity>
                                    <proc:PriorYear>33</proc:PriorYear>
                                    <proc:CurrentYear>32</proc:CurrentYear>
                                </proc:Quantity>
                                <proc:TotalCost>
                                    <proc:PriorYear>386.635</proc:PriorYear>
                                    <proc:CurrentYear>439.111</proc:CurrentYear>
                                    <proc:BudgetYearOneBase>64.919</proc:BudgetYearOneBase>
                                    <proc:BudgetYearOne>64.919</proc:BudgetYearOne>
                                </proc:TotalCost>
                            </proc:Cost>
                        </proc:Component>
                    </proc:ComponentList>
                </proc:SecondaryDistribution>
                <proc:Remarks>FY 2026 Base Procurement dollars in the amount of $64.919 million supports implementation of Army EXORD 222-25, Army Transformation Initiative.  Full Rate Production of the M10 Booker has ceased pursuant to Army EXORD 222-25.  Execution of Army EXORD 222-25 is the primary reason for cost category reductions from FY 2025 to FY 2026.</proc:Remarks>
                <proc:ResourceSummary>
                    <proc:Quantity>
                        <proc:AllPriorYears>51</proc:AllPriorYears>
                        <proc:PriorYear>33</proc:PriorYear>
                        <proc:CurrentYear>32</proc:CurrentYear>
                    </proc:Quantity>
                    <proc:TotalCost>
                        <proc:AllPriorYears>636.685</proc:AllPriorYears>
                        <proc:PriorYear>386.635</proc:PriorYear>
                        <proc:CurrentYear>439.111</proc:CurrentYear>
                        <proc:BudgetYearOneBase>64.919</proc:BudgetYearOneBase>
                        <proc:BudgetYearOne>64.919</proc:BudgetYearOne>
                    </proc:TotalCost>
                    <proc:UnitCost>
                        <proc:AllPriorYears>12484.02</proc:AllPriorYears>
                        <proc:PriorYear>11716.212</proc:PriorYear>
                        <proc:CurrentYear>13722.219</proc:CurrentYear>
                    </proc:UnitCost>
                    <proc:NetProcurementP1>
                        <proc:AllPriorYears>636.685</proc:AllPriorYears>
                        <proc:PriorYear>386.635</proc:PriorYear>
                        <proc:CurrentYear>439.111</proc:CurrentYear>
                        <proc:BudgetYearOneBase>64.919</proc:BudgetYearOneBase>
                        <proc:BudgetYearOne>64.919</proc:BudgetYearOne>
                    </proc:NetProcurementP1>
                    <proc:TotalObligationAuthority>
                        <proc:AllPriorYears>636.685</proc:AllPriorYears>
                        <proc:PriorYear>386.635</proc:PriorYear>
                        <proc:CurrentYear>439.111</proc:CurrentYear>
                        <proc:BudgetYearOneBase>64.919</proc:BudgetYearOneBase>
                        <proc:BudgetYearOne>64.919</proc:BudgetYearOne>
                    </proc:TotalObligationAuthority>
                </proc:ResourceSummary>
                <proc:CostElementCategoryList>
                    <proc:Flyaway>
                        <proc:NonRecurring>
                            <proc:CostElementList>
                                <proc:CostElement>
                                    <proc:Name>System Technical Support</proc:Name>
                                    <proc:Cost>
                                        <proc:TotalCost>
                                            <proc:AllPriorYears>10.46</proc:AllPriorYears>
                                            <proc:PriorYear>1.998</proc:PriorYear>
                                            <proc:CurrentYear>19.258</proc:CurrentYear>
                                        </proc:TotalCost>
                                    </proc:Cost>
                                    <proc:SubCostElementList>
                                        <proc:SubCostElement>
                                            <proc:Name>Systems Technical Support - Contractor Program Management</proc:Name>
                                            <proc:Cost>
                                                <proc:TotalCost>
                                                    <proc:AllPriorYears>0.288</proc:AllPriorYears>
                                                    <proc:CurrentYear>19.258</proc:CurrentYear>
                                                </proc:TotalCost>
                                            </proc:Cost>
                                        </proc:SubCostElement>
                                        <proc:SubCostElement>
                                            <proc:Name>Systems Technical Support - Systems Engineering and Logistics Engineering</proc:Name>
                                            <proc:Cost>
                                                <proc:TotalCost>
                                                    <proc:AllPriorYears>10.172</proc:AllPriorYears>
                                                </proc:TotalCost>
                                            </proc:Cost>
                                        </proc:SubCostElement>
                                        <proc:SubCostElement>
                                            <proc:Name>Systems Technical Support - Software Maintenance</proc:Name>
                                            <proc:Cost>
                                                <proc:TotalCost>
                                                    <proc:PriorYear>1.998</proc:PriorYear>
                                                </proc:TotalCost>
                                            </proc:Cost>
                                        </proc:SubCostElement>
                                    </proc:SubCostElementList>
                                </proc:CostElement>
                            </proc:CostElementList>
                            <proc:CategorySubtotal>
                                <proc:TotalCost>
                                    <proc:AllPriorYears>10.46</proc:AllPriorYears>
                                    <proc:PriorYear>1.998</proc:PriorYear>
                                    <proc:CurrentYear>19.258</proc:CurrentYear>
                                </proc:TotalCost>
                            </proc:CategorySubtotal>
                        </proc:NonRecurring>
                        <proc:CategorySubtotal>
                            <proc:TotalCost>
                                <proc:AllPriorYears>10.46</proc:AllPriorYears>
                                <proc:PriorYear>1.998</proc:PriorYear>
                                <proc:CurrentYear>19.258</proc:CurrentYear>
                            </proc:TotalCost>
                        </proc:CategorySubtotal>
                    </proc:Flyaway>
                    <proc:Hardware>
                        <proc:Recurring>
                            <proc:CostElementList>
                                <proc:CostElement>
                                    <proc:Name>Production - Contractor Furnished End Item</proc:Name>
                                    <proc:Cost>
                                        <proc:Quantity>
                                            <proc:AllPriorYears>51</proc:AllPriorYears>
                                            <proc:PriorYear>33</proc:PriorYear>
                                            <proc:CurrentYear>32</proc:CurrentYear>
                                        </proc:Quantity>
                                        <proc:TotalCost>
                                            <proc:AllPriorYears>602.484</proc:AllPriorYears>
                                            <proc:PriorYear>334.714</proc:PriorYear>
                                            <proc:CurrentYear>356.24</proc:CurrentYear>
                                        </proc:TotalCost>
                                        <proc:UnitCost>
                                            <proc:AllPriorYears>11813.412</proc:AllPriorYears>
                                            <proc:PriorYear>10142.848</proc:PriorYear>
                                            <proc:CurrentYear>11132.5</proc:CurrentYear>
                                        </proc:UnitCost>
                                    </proc:Cost>
                                    <proc:AllPriorYearsDeliveries>51</proc:AllPriorYearsDeliveries>
                                    <proc:ManufacturerList>
                                        <proc:Manufacturer>
                                            <proc:Name>General Dynamics Land Systems</proc:Name>
                                            <proc:Location>Various</proc:Location>
                                            <proc:HistoryPlanningList>
                                                <proc:HistoryPlanning>
                                                    <proc:FiscalYear>2024</proc:FiscalYear>
                                                    <proc:PCOLocation>Army Contracting Command - Warren, Michigan</proc:PCOLocation>
                                                    <proc:AwardDate>2024-06</proc:AwardDate>
                                                    <proc:FirstDeliveryDate>2025-11</proc:FirstDeliveryDate>
                                                    <proc:Quantity>33</proc:Quantity>
                                                    <proc:UnitCost>10142.848</proc:UnitCost>
                                                    <proc:SpecsAvailableNow>false</proc:SpecsAvailableNow>
                                                    <proc:ContractMethod>Option</proc:ContractMethod>
                                                    <proc:ContractType>FPIF</proc:ContractType>
                                                </proc:HistoryPlanning>
                                            </proc:HistoryPlanningList>
                                        </proc:Manufacturer>
                                    </proc:ManufacturerList>
                                </proc:CostElement>
                                <proc:CostElement>
                                    <proc:Name>Production - Government Furnished Equipment</proc:Name>
                                    <proc:Cost>
                                        <proc:TotalCost>
                                            <proc:AllPriorYears>1.766</proc:AllPriorYears>
                                            <proc:PriorYear>0.85</proc:PriorYear>
                                            <proc:CurrentYear>3.04</proc:CurrentYear>
                                        </proc:TotalCost>
                                    </proc:Cost>
                                </proc:CostElement>
                            </proc:CostElementList>
                            <proc:CategorySubtotal>
                                <proc:TotalCost>
                                    <proc:AllPriorYears>604.25</proc:AllPriorYears>
                                    <proc:PriorYear>335.564</proc:PriorYear>
                                    <proc:CurrentYear>359.28</proc:CurrentYear>
                                </proc:TotalCost>
                            </proc:CategorySubtotal>
                        </proc:Recurring>
                        <proc:CategorySubtotal>
                            <proc:TotalCost>
                                <proc:AllPriorYears>604.25</proc:AllPriorYears>
                                <proc:PriorYear>335.564</proc:PriorYear>
                                <proc:CurrentYear>359.28</proc:CurrentYear>
                            </proc:TotalCost>
                        </proc:CategorySubtotal>
                    </proc:Hardware>
                    <proc:PackageFielding>
                        <proc:Recurring>
                            <proc:CostElementList>
                                <proc:CostElement>
                                    <proc:Name>Initial Spares and Special Tools</proc:Name>
                                    <proc:Cost>
                                        <proc:TotalCost>
                                            <proc:AllPriorYears>8.693</proc:AllPriorYears>
                                            <proc:PriorYear>27.346</proc:PriorYear>
                                            <proc:CurrentYear>22.307</proc:CurrentYear>
                                        </proc:TotalCost>
                                    </proc:Cost>
                                </proc:CostElement>
                                <proc:CostElement>
                                    <proc:Name>New Equipment Training and Deprocessing</proc:Name>
                                    <proc:Cost>
                                        <proc:TotalCost>
                                            <proc:CurrentYear>2.645</proc:CurrentYear>
                                        </proc:TotalCost>
                                    </proc:Cost>
                                </proc:CostElement>
                            </proc:CostElementList>
                            <proc:CategorySubtotal>
                                <proc:TotalCost>
                                    <proc:AllPriorYears>8.693</proc:AllPriorYears>
                                    <proc:PriorYear>27.346</proc:PriorYear>
                                    <proc:CurrentYear>24.952</proc:CurrentYear>
                                </proc:TotalCost>
                            </proc:CategorySubtotal>
                        </proc:Recurring>
                        <proc:CategorySubtotal>
                            <proc:TotalCost>
                                <proc:AllPriorYears>8.693</proc:AllPriorYears>
                                <proc:PriorYear>27.346</proc:PriorYear>
                                <proc:CurrentYear>24.952</proc:CurrentYear>
                            </proc:TotalCost>
                        </proc:CategorySubtotal>
                    </proc:PackageFielding>
                    <proc:Logistics>
                        <proc:NonRecurring>
                            <proc:CostElementList>
                                <proc:CostElement>
                                    <proc:Name>Training Devices - Production</proc:Name>
                                    <proc:Cost>
                                        <proc:TotalCost>
                                            <proc:PriorYear>10.804</proc:PriorYear>
                                            <proc:CurrentYear>17.834</proc:CurrentYear>
                                        </proc:TotalCost>
                                    </proc:Cost>
                                </proc:CostElement>
                            </proc:CostElementList>
                            <proc:CategorySubtotal>
                                <proc:TotalCost>
                                    <proc:PriorYear>10.804</proc:PriorYear>
                                    <proc:CurrentYear>17.834</proc:CurrentYear>
                                </proc:TotalCost>
                            </proc:CategorySubtotal>
                        </proc:NonRecurring>
                        <proc:CategorySubtotal>
                            <proc:TotalCost>
                                <proc:PriorYear>10.804</proc:PriorYear>
                                <proc:CurrentYear>17.834</proc:CurrentYear>
                            </proc:TotalCost>
                        </proc:CategorySubtotal>
                    </proc:Logistics>
                    <proc:Support>
                        <proc:CostElementList>
                            <proc:CostElement>
                                <proc:Name>Government Management</proc:Name>
                                <proc:Cost>
                                    <proc:TotalCost>
                                        <proc:AllPriorYears>13.282</proc:AllPriorYears>
                                        <proc:PriorYear>10.923</proc:PriorYear>
                                        <proc:CurrentYear>17.654</proc:CurrentYear>
                                        <proc:BudgetYearOneBase>64.919</proc:BudgetYearOneBase>
                                        <proc:BudgetYearOne>64.919</proc:BudgetYearOne>
                                    </proc:TotalCost>
                                </proc:Cost>
                            </proc:CostElement>
                        </proc:CostElementList>
                        <proc:CategorySubtotal>
                            <proc:TotalCost>
                                <proc:AllPriorYears>13.282</proc:AllPriorYears>
                                <proc:PriorYear>10.923</proc:PriorYear>
                                <proc:CurrentYear>17.654</proc:CurrentYear>
                                <proc:BudgetYearOneBase>64.919</proc:BudgetYearOneBase>
                                <proc:BudgetYearOne>64.919</proc:BudgetYearOne>
                            </proc:TotalCost>
                        </proc:CategorySubtotal>
                        <proc:Name>Program Management</proc:Name>
                    </proc:Support>
                    <proc:Support>
                        <proc:CostElementList>
                            <proc:CostElement>
                                <proc:Name>Test and Evaluation Support</proc:Name>
                                <proc:Cost>
                                    <proc:TotalCost>
                                        <proc:CurrentYear>0.133</proc:CurrentYear>
                                    </proc:TotalCost>
                                </proc:Cost>
                            </proc:CostElement>
                        </proc:CostElementList>
                        <proc:CategorySubtotal>
                            <proc:TotalCost>
                                <proc:CurrentYear>0.133</proc:CurrentYear>
                            </proc:TotalCost>
                        </proc:CategorySubtotal>
                        <proc:Name>System Test and Evaluation</proc:Name>
                    </proc:Support>
                </proc:CostElementCategoryList>
            </proc:P5Item>
        </proc:ItemExhibitList>
        <proc:DocumentAssemblyOptions>
            <proc:p40AItemScheduleSetting>item</proc:p40AItemScheduleSetting>
        </proc:DocumentAssemblyOptions>
    </proc:LineItem>
</proc:LineItemList>