<?xml version="1.0" encoding="UTF-8"?>
<proc:LineItemList xmlns:proc="http://www.dtic.mil/comptroller/xml/schema/20100219/procurement">
    <proc:LineItem quantityUnits="Each" quantityUnitName="Each" unitCostUnits="Thousands" totalCostUnits="Millions" manufacturerRateUnits="Monthly">
        <proc:LineItemNumber>8201G13501</proc:LineItemNumber>
        <proc:LineItemTitle>Carbine</proc:LineItemTitle>
        <proc:P1LineNumber>33</proc:P1LineNumber>
        <proc:BudgetYear>2026</proc:BudgetYear>
        <proc:BudgetCycle>PB</proc:BudgetCycle>
        <proc:SubmissionDate>2025-06</proc:SubmissionDate>
        <proc:ServiceAgencyName>Army</proc:ServiceAgencyName>
        <proc:AppropriationNumber>2033A</proc:AppropriationNumber>
        <proc:AppropriationTitle>Procurement of W&amp;TCV, Army</proc:AppropriationTitle>
        <proc:BudgetActivityNumber>2</proc:BudgetActivityNumber>
        <proc:BudgetActivityTitle>Weapons and Other Combat Vehicles</proc:BudgetActivityTitle>
        <proc:BudgetSubActivityNumber>10</proc:BudgetSubActivityNumber>
        <proc:BudgetSubActivityTitle>Weapons &amp; Other Combat Vehicles</proc:BudgetSubActivityTitle>
        <proc:ResourceSummary>
            <proc:TotalCost>
                <proc:AllPriorYears>285.218</proc:AllPriorYears>
                <proc:PriorYear>8.571</proc:PriorYear>
                <proc:CurrentYear>8.003</proc:CurrentYear>
            </proc:TotalCost>
            <proc:NetProcurementP1>
                <proc:AllPriorYears>285.218</proc:AllPriorYears>
                <proc:PriorYear>8.571</proc:PriorYear>
                <proc:CurrentYear>8.003</proc:CurrentYear>
            </proc:NetProcurementP1>
            <proc:TotalObligationAuthority>
                <proc:AllPriorYears>285.218</proc:AllPriorYears>
                <proc:PriorYear>8.571</proc:PriorYear>
                <proc:CurrentYear>8.003</proc:CurrentYear>
            </proc:TotalObligationAuthority>
        </proc:ResourceSummary>
        <proc:Code>A</proc:Code>
        <proc:SecondaryDistribution>
            <proc:ComponentList>
                <proc:Component>
                    <proc:Name>Army Active</proc:Name>
                    <proc:Cost>
                        <proc:TotalCost>
                            <proc:PriorYear>8.049</proc:PriorYear>
                            <proc:CurrentYear>8.003</proc:CurrentYear>
                        </proc:TotalCost>
                    </proc:Cost>
                </proc:Component>
                <proc:Component>
                    <proc:Name>Army National Guard</proc:Name>
                    <proc:Cost>
                        <proc:TotalCost>
                            <proc:PriorYear>0.261</proc:PriorYear>
                        </proc:TotalCost>
                    </proc:Cost>
                </proc:Component>
                <proc:Component>
                    <proc:Name>Army Reserve</proc:Name>
                    <proc:Cost>
                        <proc:TotalCost>
                            <proc:PriorYear>0.261</proc:PriorYear>
                        </proc:TotalCost>
                    </proc:Cost>
                </proc:Component>
            </proc:ComponentList>
            <proc:TotalCost>
                <proc:TotalCost>
                    <proc:PriorYear>8.571</proc:PriorYear>
                    <proc:CurrentYear>8.003</proc:CurrentYear>
                </proc:TotalCost>
            </proc:TotalCost>
        </proc:SecondaryDistribution>
        <proc:Description>The Carbine program supports the National Defense Strategy (NDS) of "Build a More Lethal Force" through enhancement of Joint Lethality in contested environments by minimizing and eliminating erosion of close combat capability relative to peer competitors in complex terrain. 

This funding line is used to procure M4A1 Carbines for the Army and 30 round Enhanced Performance Magazine (EPM).  The M4A1 Carbines are 5.56mm, gas operated, air-cooled weapons designed for lightness, speed, mobility and firepower.  The M4A1 Carbine is a more compact weapon than the M16 rifle series since it uses a shorter barrel and collapsible stock.  When compared to the M4 Carbine, the M4A1 Carbine has a (safe/semi-automatic/full automatic) trigger group, with a heavier barrel thickness to support increased sustained rates of fire, and an ambidextrous fire control selector.  The M4A1 Carbine also includes a back-up iron sight and the adapter rail system to attach accessories and components.</proc:Description>
        <proc:Justification>There is no FY 2026 budget request for this funding line.

In accordance with Section 1815 of the FY 2008 National Defense Authorization Act (P.L. 110-181), this item is necessary for use by the active and reserve components of the Armed Forces for homeland defense missions, domestic emergency responses, and providing military support to civil authorities.

M4A1's Army Acquisition Objective (AAO):  845,563</proc:Justification>
        <proc:DocumentAssemblyOptions>
            <proc:p40AItemScheduleSetting>item</proc:p40AItemScheduleSetting>
        </proc:DocumentAssemblyOptions>
    </proc:LineItem>
</proc:LineItemList>