<?xml version="1.0" encoding="UTF-8"?>
<proc:LineItemList xmlns:proc="http://www.dtic.mil/comptroller/xml/schema/20100219/procurement">
    <proc:LineItem quantityUnits="Each" quantityUnitName="Each" unitCostUnits="Thousands" totalCostUnits="Millions" manufacturerRateUnits="Monthly">
        <proc:LineItemNumber>3000GB3000</proc:LineItemNumber>
        <proc:LineItemTitle>MK-19 Grenade Machine Gun MODS</proc:LineItemTitle>
        <proc:P1LineNumber>37</proc:P1LineNumber>
        <proc:BudgetYear>2026</proc:BudgetYear>
        <proc:BudgetCycle>PB</proc:BudgetCycle>
        <proc:SubmissionDate>2025-06</proc:SubmissionDate>
        <proc:ServiceAgencyName>Army</proc:ServiceAgencyName>
        <proc:AppropriationNumber>2033A</proc:AppropriationNumber>
        <proc:AppropriationTitle>Procurement of W&amp;TCV, Army</proc:AppropriationTitle>
        <proc:BudgetActivityNumber>2</proc:BudgetActivityNumber>
        <proc:BudgetActivityTitle>Weapons and Other Combat Vehicles</proc:BudgetActivityTitle>
        <proc:BudgetSubActivityNumber>20</proc:BudgetSubActivityNumber>
        <proc:BudgetSubActivityTitle>Mod of Weapons and Other Combat Veh</proc:BudgetSubActivityTitle>
        <proc:ResourceSummary>
            <proc:TotalCost>
                <proc:AllPriorYears>103.252</proc:AllPriorYears>
                <proc:PriorYear>10</proc:PriorYear>
                <proc:CurrentYear>10.531</proc:CurrentYear>
            </proc:TotalCost>
            <proc:UnitCost>
                <proc:AllPriorYears>28.421</proc:AllPriorYears>
            </proc:UnitCost>
            <proc:NetProcurementP1>
                <proc:AllPriorYears>103.252</proc:AllPriorYears>
                <proc:PriorYear>10</proc:PriorYear>
                <proc:CurrentYear>10.531</proc:CurrentYear>
            </proc:NetProcurementP1>
            <proc:TotalObligationAuthority>
                <proc:AllPriorYears>103.252</proc:AllPriorYears>
                <proc:PriorYear>10</proc:PriorYear>
                <proc:CurrentYear>10.531</proc:CurrentYear>
            </proc:TotalObligationAuthority>
        </proc:ResourceSummary>
        <proc:Code>B</proc:Code>
        <proc:CodeBProgramElementList>
            <proc:ProgramElementNumber>0604601A</proc:ProgramElementNumber>
        </proc:CodeBProgramElementList>
        <proc:OtherRelatedProgramElementList>
            <proc:ProgramElementNumber>0604802A</proc:ProgramElementNumber>
        </proc:OtherRelatedProgramElementList>
        <proc:SecondaryDistribution>
            <proc:ComponentList>
                <proc:Component>
                    <proc:Name>Army Active</proc:Name>
                    <proc:Cost>
                        <proc:TotalCost>
                            <proc:PriorYear>10</proc:PriorYear>
                            <proc:CurrentYear>10.531</proc:CurrentYear>
                        </proc:TotalCost>
                    </proc:Cost>
                </proc:Component>
            </proc:ComponentList>
            <proc:TotalCost>
                <proc:TotalCost>
                    <proc:PriorYear>10</proc:PriorYear>
                    <proc:CurrentYear>10.531</proc:CurrentYear>
                </proc:TotalCost>
            </proc:TotalCost>
        </proc:SecondaryDistribution>
        <proc:Description>The MK19 Grenade Machine Gun MODS program supports the Army Modernization priorities (Build a More Lethal Force) through enhancement of Joint Lethality in contested environments by minimizing and eliminating erosion of close combat capability relative to peer competitors in complex terrain as outlined in the National Defense Strategy (NDS). The MK19 Mod 3 is a self-powered, air-cooled, 40mm automatic grenade machine gun with a firing rate of 325-375 rounds per minute. It is used to engage point targets up to 1,500 meters and provide suppressive fire at ranges up to 2,200 meters. Various system enhancements have been identified to improve the system by increasing operational capabilities and improving reliability, readiness, maintainability, and safety. The MK19 is fielded with the MK93 mount for vehicle utilization and the M205 Tripod for ground deployment during static defensive operations. An ongoing system improvement is application of an improved mechanical sight thru a Modification Work Order. The improved sight decreases the MK19 logistic burden by reducing the number of parts as well as increasing Soldier lethality thru updated ballistic solutions. The Mounted Machine Gun Optic (MMO) will provide increased accuracy by equipping the MK19 with a combined reflex and magnified optic to mounted Combat Support &amp; Combat Service Support (CS/CSS) troops, who currently have no optic. The Mounted Machine Gun Optic (MMO) will significantly improve target identification, target acquisition and effective engagement time at extended ranges while retaining the capability of short range, transition fire. MK93 Improvement Kits will enhance hit performance and improve Soldier interface with optical sighting systems during on the move engagement by dampening mount movement. The XM101 Programmer Unit (PU) provides the means for fuze setting for the 40mm High Velocity, High Explosive Dual Purpose-Air Burst (HEDP-AB) capability for the MK19.</proc:Description>
        <proc:Justification>There is no FY 2026 budget request for this funding line.

In accordance with Section 1815 of the FY 2008 National Defense Authorization Act (P.L.110-181), this item is necessary for use by the active and reserve components of the Armed Forces for homeland defense missions, domestic emergency responses, and providing military support to civil authorities.

The FY 2023 actuals for base include $10.943 million emergency supplemental funding to support the procurement of replacement weapons transferred to Ukraine in support of the international effort to counter Russian aggression.</proc:Justification>
        <proc:DocumentAssemblyOptions>
            <proc:p40AItemScheduleSetting>item</proc:p40AItemScheduleSetting>
        </proc:DocumentAssemblyOptions>
    </proc:LineItem>
</proc:LineItemList>