<?xml version="1.0" encoding="UTF-8"?>
<proc:LineItemList xmlns:proc="http://www.dtic.mil/comptroller/xml/schema/20100219/procurement">
    <proc:LineItem quantityUnits="Each" quantityUnitName="Each" unitCostUnits="Millions" totalCostUnits="Millions" manufacturerRateUnits="Monthly" combinedP5Flag="false">
        <proc:LineItemNumber>30</proc:LineItemNumber>
        <proc:LineItemTitle>Major Equipment</proc:LineItemTitle>
        <proc:P1LineNumber>70</proc:P1LineNumber>
        <proc:BudgetYear>2026</proc:BudgetYear>
        <proc:BudgetCycle>PB</proc:BudgetCycle>
        <proc:SubmissionDate>2025-06</proc:SubmissionDate>
        <proc:ServiceAgencyName>Defense Media Activity</proc:ServiceAgencyName>
        <proc:AppropriationNumber>0300D</proc:AppropriationNumber>
        <proc:AppropriationTitle>Procurement, Defense-Wide</proc:AppropriationTitle>
        <proc:BudgetActivityNumber>1</proc:BudgetActivityNumber>
        <proc:BudgetActivityTitle>Major Equipment</proc:BudgetActivityTitle>
        <proc:BudgetSubActivityNumber>55</proc:BudgetSubActivityNumber>
        <proc:BudgetSubActivityTitle>Major Equipment, DMACT</proc:BudgetSubActivityTitle>
        <proc:ResourceSummary>
            <proc:TotalCost>
                <proc:AllPriorYears>172.529</proc:AllPriorYears>
                <proc:PriorYear>13.012</proc:PriorYear>
                <proc:CurrentYear>7.332</proc:CurrentYear>
                <proc:BudgetYearOneBase>7.258</proc:BudgetYearOneBase>
                <proc:BudgetYearOne>7.258</proc:BudgetYearOne>
                <proc:Continuing>true</proc:Continuing>
            </proc:TotalCost>
            <proc:NetProcurementP1>
                <proc:AllPriorYears>172.529</proc:AllPriorYears>
                <proc:PriorYear>13.012</proc:PriorYear>
                <proc:CurrentYear>7.332</proc:CurrentYear>
                <proc:BudgetYearOneBase>7.258</proc:BudgetYearOneBase>
                <proc:BudgetYearOne>7.258</proc:BudgetYearOne>
                <proc:Continuing>true</proc:Continuing>
            </proc:NetProcurementP1>
            <proc:TotalObligationAuthority>
                <proc:AllPriorYears>172.529</proc:AllPriorYears>
                <proc:PriorYear>13.012</proc:PriorYear>
                <proc:CurrentYear>7.332</proc:CurrentYear>
                <proc:BudgetYearOneBase>7.258</proc:BudgetYearOneBase>
                <proc:BudgetYearOne>7.258</proc:BudgetYearOne>
                <proc:Continuing>true</proc:Continuing>
            </proc:TotalObligationAuthority>
        </proc:ResourceSummary>
        <proc:Code>A</proc:Code>
        <proc:Description>The Defense Media Activity (DMA) Fiscal Year 2026 program of $7.258 million will provide capital investment funds for major equipment and systems used to execute the overseas radio and television, news and media information, training and education, and enterprise-wide missions.</proc:Description>
        <proc:Justification>The FY 2026 program reflects an overall $0.074 million decrease in major equipment capital investments due to the completion of previous capital investment efforts. This includes a -$0.725 million decrease in equipment and systems in overseas radio and television and a -$1.549 million decrease for enterprise-wide communications and information systems and equipment. There is an increase of +$2.200 million to replenish operating systems for news and media information equipment in FY 2026.

o   The FY 2026 request for DMA includes $7,258 thousand of discretionary and $0 thousand of mandatory (reconciliation) for a total of $7,258 thousand.</proc:Justification>
        <proc:ItemExhibitList>
            <proc:P40AItemGroup>
                <proc:Name>Equipment and Systems</proc:Name>
                <proc:CategoryList>
                    <proc:Category>
                        <proc:Name>News and Media Information Equipment</proc:Name>
                        <proc:ItemList>
                            <proc:Item>
                                <proc:Name>24/7 OPS Systems Equipment</proc:Name>
                                <proc:ResourceSummary>
                                    <proc:Quantity>
                                        <proc:AllPriorYears>1</proc:AllPriorYears>
                                        <proc:PriorYear>1</proc:PriorYear>
                                        <proc:CurrentYear>0</proc:CurrentYear>
                                        <proc:BudgetYearOneBase>2</proc:BudgetYearOneBase>
                                        <proc:BudgetYearOne>2</proc:BudgetYearOne>
                                    </proc:Quantity>
                                    <proc:TotalCost>
                                        <proc:AllPriorYears>21.335</proc:AllPriorYears>
                                        <proc:PriorYear>0.385</proc:PriorYear>
                                        <proc:CurrentYear>0</proc:CurrentYear>
                                        <proc:BudgetYearOneBase>2.2</proc:BudgetYearOneBase>
                                        <proc:BudgetYearOne>2.2</proc:BudgetYearOne>
                                    </proc:TotalCost>
                                    <proc:UnitCost>
                                        <proc:AllPriorYears>21.335</proc:AllPriorYears>
                                        <proc:PriorYear>0.385</proc:PriorYear>
                                        <proc:CurrentYear>0</proc:CurrentYear>
                                        <proc:BudgetYearOneBase>1.1</proc:BudgetYearOneBase>
                                        <proc:BudgetYearOne>1.1</proc:BudgetYearOne>
                                    </proc:UnitCost>
                                </proc:ResourceSummary>
                            </proc:Item>
                        </proc:ItemList>
                        <proc:CategorySubtotal>
                            <proc:TotalCost>
                                <proc:AllPriorYears>21.335</proc:AllPriorYears>
                                <proc:PriorYear>0.385</proc:PriorYear>
                                <proc:CurrentYear>0</proc:CurrentYear>
                                <proc:BudgetYearOneBase>2.2</proc:BudgetYearOneBase>
                                <proc:BudgetYearOne>2.2</proc:BudgetYearOne>
                            </proc:TotalCost>
                        </proc:CategorySubtotal>
                    </proc:Category>
                    <proc:Category>
                        <proc:Name>Overseas Radio &amp; Television Equip and Enterprise Systems</proc:Name>
                        <proc:ItemList>
                            <proc:Item>
                                <proc:Name>Equipment and Systems</proc:Name>
                                <proc:ResourceSummary>
                                    <proc:Quantity>
                                        <proc:AllPriorYears>2</proc:AllPriorYears>
                                        <proc:PriorYear>4</proc:PriorYear>
                                        <proc:CurrentYear>4</proc:CurrentYear>
                                        <proc:BudgetYearOneBase>2</proc:BudgetYearOneBase>
                                        <proc:BudgetYearOne>2</proc:BudgetYearOne>
                                    </proc:Quantity>
                                    <proc:TotalCost>
                                        <proc:AllPriorYears>151.194</proc:AllPriorYears>
                                        <proc:PriorYear>12.627</proc:PriorYear>
                                        <proc:CurrentYear>2.725</proc:CurrentYear>
                                        <proc:BudgetYearOneBase>2</proc:BudgetYearOneBase>
                                        <proc:BudgetYearOne>2</proc:BudgetYearOne>
                                    </proc:TotalCost>
                                    <proc:UnitCost>
                                        <proc:AllPriorYears>75.597</proc:AllPriorYears>
                                        <proc:PriorYear>3.157</proc:PriorYear>
                                        <proc:CurrentYear>0.681</proc:CurrentYear>
                                        <proc:BudgetYearOneBase>1</proc:BudgetYearOneBase>
                                        <proc:BudgetYearOne>1</proc:BudgetYearOne>
                                    </proc:UnitCost>
                                </proc:ResourceSummary>
                            </proc:Item>
                        </proc:ItemList>
                        <proc:CategorySubtotal>
                            <proc:TotalCost>
                                <proc:AllPriorYears>151.194</proc:AllPriorYears>
                                <proc:PriorYear>12.627</proc:PriorYear>
                                <proc:CurrentYear>2.725</proc:CurrentYear>
                                <proc:BudgetYearOneBase>2</proc:BudgetYearOneBase>
                                <proc:BudgetYearOne>2</proc:BudgetYearOne>
                            </proc:TotalCost>
                        </proc:CategorySubtotal>
                    </proc:Category>
                    <proc:Category>
                        <proc:Name>Communications and Information Systems and Equipment</proc:Name>
                        <proc:ItemList>
                            <proc:Item>
                                <proc:Name>Enterprise-Wide Equipment</proc:Name>
                                <proc:ResourceSummary>
                                    <proc:Quantity>
                                        <proc:AllPriorYears>0</proc:AllPriorYears>
                                        <proc:PriorYear>0</proc:PriorYear>
                                        <proc:CurrentYear>3</proc:CurrentYear>
                                        <proc:BudgetYearOneBase>1</proc:BudgetYearOneBase>
                                        <proc:BudgetYearOne>1</proc:BudgetYearOne>
                                    </proc:Quantity>
                                    <proc:TotalCost>
                                        <proc:AllPriorYears>0</proc:AllPriorYears>
                                        <proc:PriorYear>0</proc:PriorYear>
                                        <proc:CurrentYear>4.607</proc:CurrentYear>
                                        <proc:BudgetYearOneBase>3.058</proc:BudgetYearOneBase>
                                        <proc:BudgetYearOne>3.058</proc:BudgetYearOne>
                                    </proc:TotalCost>
                                    <proc:UnitCost>
                                        <proc:AllPriorYears>0</proc:AllPriorYears>
                                        <proc:PriorYear>0</proc:PriorYear>
                                        <proc:CurrentYear>1.536</proc:CurrentYear>
                                        <proc:BudgetYearOneBase>3.058</proc:BudgetYearOneBase>
                                        <proc:BudgetYearOne>3.058</proc:BudgetYearOne>
                                    </proc:UnitCost>
                                </proc:ResourceSummary>
                            </proc:Item>
                        </proc:ItemList>
                        <proc:CategorySubtotal>
                            <proc:TotalCost>
                                <proc:AllPriorYears>0</proc:AllPriorYears>
                                <proc:PriorYear>0</proc:PriorYear>
                                <proc:CurrentYear>4.607</proc:CurrentYear>
                                <proc:BudgetYearOneBase>3.058</proc:BudgetYearOneBase>
                                <proc:BudgetYearOne>3.058</proc:BudgetYearOne>
                            </proc:TotalCost>
                        </proc:CategorySubtotal>
                    </proc:Category>
                </proc:CategoryList>
                <proc:TotalCost>
                    <proc:TotalCost>
                        <proc:AllPriorYears>172.529</proc:AllPriorYears>
                        <proc:PriorYear>13.012</proc:PriorYear>
                        <proc:CurrentYear>7.332</proc:CurrentYear>
                        <proc:BudgetYearOneBase>7.258</proc:BudgetYearOneBase>
                        <proc:BudgetYearOne>7.258</proc:BudgetYearOne>
                    </proc:TotalCost>
                </proc:TotalCost>
            </proc:P40AItemGroup>
        </proc:ItemExhibitList>
        <proc:DocumentAssemblyOptions>
            <proc:p40AItemScheduleSetting>item</proc:p40AItemScheduleSetting>
        </proc:DocumentAssemblyOptions>
    </proc:LineItem>
</proc:LineItemList>