<?xml version="1.0" encoding="UTF-8"?>
<proc:LineItemList xmlns:proc="http://www.dtic.mil/comptroller/xml/schema/20100219/procurement">
    <proc:LineItem quantityUnits="Each" quantityUnitName="Each" unitCostUnits="Millions" totalCostUnits="Millions" manufacturerRateUnits="Monthly" combinedP5Flag="false">
        <proc:LineItemNumber>30</proc:LineItemNumber>
        <proc:LineItemTitle>OTHER MAJOR EQUIPMENT</proc:LineItemTitle>
        <proc:P1LineNumber>63</proc:P1LineNumber>
        <proc:BudgetYear>2026</proc:BudgetYear>
        <proc:BudgetCycle>PB</proc:BudgetCycle>
        <proc:SubmissionDate>2025-06</proc:SubmissionDate>
        <proc:ServiceAgencyName>Defense Threat Reduction Agency</proc:ServiceAgencyName>
        <proc:AppropriationNumber>0300D</proc:AppropriationNumber>
        <proc:AppropriationTitle>Procurement, Defense-Wide</proc:AppropriationTitle>
        <proc:BudgetActivityNumber>1</proc:BudgetActivityNumber>
        <proc:BudgetActivityTitle>Major Equipment</proc:BudgetActivityTitle>
        <proc:BudgetSubActivityNumber>23</proc:BudgetSubActivityNumber>
        <proc:BudgetSubActivityTitle>Major Equipment, Defense Threat Reduction Agency</proc:BudgetSubActivityTitle>
        <proc:ResourceSummary>
            <proc:TotalCost>
                <proc:AllPriorYears>137.433</proc:AllPriorYears>
                <proc:PriorYear>12.787</proc:PriorYear>
                <proc:CurrentYear>8.783</proc:CurrentYear>
                <proc:BudgetYearOneBase>12.023</proc:BudgetYearOneBase>
                <proc:BudgetYearOne>12.023</proc:BudgetYearOne>
            </proc:TotalCost>
            <proc:NetProcurementP1>
                <proc:AllPriorYears>137.433</proc:AllPriorYears>
                <proc:PriorYear>12.787</proc:PriorYear>
                <proc:CurrentYear>8.783</proc:CurrentYear>
                <proc:BudgetYearOneBase>12.023</proc:BudgetYearOneBase>
                <proc:BudgetYearOne>12.023</proc:BudgetYearOne>
            </proc:NetProcurementP1>
            <proc:TotalObligationAuthority>
                <proc:AllPriorYears>137.433</proc:AllPriorYears>
                <proc:PriorYear>12.787</proc:PriorYear>
                <proc:CurrentYear>8.783</proc:CurrentYear>
                <proc:BudgetYearOneBase>12.023</proc:BudgetYearOneBase>
                <proc:BudgetYearOne>12.023</proc:BudgetYearOne>
            </proc:TotalObligationAuthority>
        </proc:ResourceSummary>
        <proc:Code>A</proc:Code>
        <proc:Description>The Other Major Equipment Procurement Program supports the following mission requirements:

- Enable the Nuclear Arms Control Technology (NACT) program to meet on-going operational responsibilities for the recapitalization of the U.S. International Monitoring System stations in support of the United States and Department of Defense objectives related to implementation, monitoring, and verification for nuclear arms control activities;

- Modernize the Defense Stockpile Management System (DSMS). DSMS contains the Defense Integration and Management of Nuclear Data Services (DIAMONDS), an information system providing nuclear weapons stockpile tracking, management, and nuclear weapons reporting necessary to support the DoD Nuclear Weapons Stockpile Database of record and other nuclear weapons sustainment and management applications;

- Material Handling Equipment (MHE) to support missions in the United States and overseas. MHE refers to various equipment for handling supplies with greater ease and economy, to include but not limited to forklifts. The equipment is operated on rocky and unpaved terrain, resulting in shortened life cycles and increased maintenance;

- Lifecycle replacement of end of life mission IT infrastructure and deployable Joint Expeditionary Kits to maintain 99.9% service availability, maintain network Authorizations to Operate, remediate Defense Intelligence Agency cybersecurity inspection findings, and consolidate/integrate mission networks; and

- Joint DoD Radiation Detection System (RDS) to train all service members at the Defense Nuclear Weapons School to operate in a realistic combined joint radiological environment.</proc:Description>
        <proc:Justification>The FY 2024 budget of $12.787 million resourced the following efforts:

- Procure and install one of three remaining next-generation Noble Gas Systems, upgrade one radionuclide particulate system, and upgrade one radionuclide shelter for the Nuclear Arms Control Technology (NACT) program to improve detection capability and strengthen arms control verification regime;

- Modernize the core equipment for the Defense Stockpile Management System (DSMS) network infrastructure, replacing end-of-life equipment such as servers, switches, and network encryption devices;

- Modernize and increase capacity of the DTRA Integration, Test and Engineering Center (DITEC) capability;

- Perform technical refresh of back-end Information Technology infrastructure supporting DTRA's mission critical systems and capabilities; and

- Acquire a Joint DoD Radiation Detection System (RDS) to replace legacy radiological detection systems that are used to train service members at Kirtland AFB.

The FY 2025 budget of $8.783 will fund the following efforts:

- Procure and install one of two remaining next-generation Noble Gas Systems, upgrade one radionuclide particulate system, and upgrade one radionuclide shelter for the Nuclear Arms Control Technology (NACT) program to improve detection capability and strengthen arms control verification regime;

- Modernize the Defense Stockpile Management System (DSMS) network infrastructure with advanced network encryption, cyber and Artificial intelligence (AI) capabilities to enhance security and detection capabilities;

- Acquisition of 40 components that comprise the overall Joint DoD Radiation Detection System (RDS) to train Service Members at the Defense Nuclear Weapons School on Kirtland AFB to operate in a realistic combined joint radiological environment. This acquisition will replace the current system used by the individual Services for radiological detection;

- Perform technical refresh of Joint Expeditionary Kits (JEKs) to remain on schedule for 20% lifecycle replacement, per each year of the Future Years Defense Program (FYDP).  This will ensure kits are not at risk of failing in the field due to aging equipment; and

- Provide standard life-cycle replacement for Special Purpose Processing Nodes (SPPN) to ensure full functionality of the unclassified and classified Local Area Networks (LANs).

The FY 2026 budget of $12.023 million will fund the following efforts:

- Procure the last of five next-generation noble-gas systems and recapitalize one radionuclide particulate system for the Nuclear Arms Control Technology (NACT) program to strengthen arms control and improve the U.S. International Monitoring System (IMS);

- Modernize the Defense Stockpile Management System (DSMS) network infrastructure with advanced network encryption, cyber and Artificial intelligence (AI) capabilities to enhance security and detection capabilities;

- Final procurement of Joint DoD Radiation Detection System (RDS) components to support training of Service Members at the Defense Nuclear Weapons School on Kirtland AFB to operate in a realistic combined joint radiological environment;

- Perform conditions-based tech refresh of Joint Expeditionary Kits (JEKs) to retain working kits for use on a contingency basis; refresh mission infrastructure to maintain 99.9% availability on Non-classified Internet Protocol Router Network (NIPRNet), Secret Internet Protocol Router Network (SIPRNet), and Joint Worldwide Intelligence Communication System (JWICS); and 

- Consolidate DTRA mission networks and invest in Agency-wide Development, Security, and Operations (DevSecOps) platform and containerized infrastructure to host countering weapons of mass destruction (CWMD) technologies at three classification levels.</proc:Justification>
        <proc:ItemExhibitList>
            <proc:P40AItemGroup>
                <proc:Name>Mission Management</proc:Name>
                <proc:CategoryList>
                    <proc:Category>
                        <proc:Name>Mission Management</proc:Name>
                        <proc:ItemList>
                            <proc:Item>
                                <proc:Name>Mission Management</proc:Name>
                                <proc:ResourceSummary>
                                    <proc:TotalCost>
                                        <proc:AllPriorYears>52.981</proc:AllPriorYears>
                                        <proc:PriorYear>4.519</proc:PriorYear>
                                        <proc:CurrentYear>5.24</proc:CurrentYear>
                                        <proc:BudgetYearOneBase>5.291</proc:BudgetYearOneBase>
                                        <proc:BudgetYearOne>5.291</proc:BudgetYearOne>
                                    </proc:TotalCost>
                                </proc:ResourceSummary>
                            </proc:Item>
                        </proc:ItemList>
                        <proc:CategorySubtotal>
                            <proc:TotalCost>
                                <proc:AllPriorYears>52.981</proc:AllPriorYears>
                                <proc:PriorYear>4.519</proc:PriorYear>
                                <proc:CurrentYear>5.24</proc:CurrentYear>
                                <proc:BudgetYearOneBase>5.291</proc:BudgetYearOneBase>
                                <proc:BudgetYearOne>5.291</proc:BudgetYearOne>
                            </proc:TotalCost>
                        </proc:CategorySubtotal>
                    </proc:Category>
                </proc:CategoryList>
                <proc:Remarks>The FY 2026 request supports the following mission critical programs: 

- Nuclear Arms Control Technology (NACT):  Procure the last of five next-generation noble-gas systems and recapitalize one radionuclide particulate system for the Nuclear Arms Control Technology (NACT) program to strengthen arms control and improve the U.S. International Monitoring System (IMS);

- Stockpile Logistics: Provide life-cycle replacement of enterprise server equipment for the primary Defense Stockpile Management System (DSMS). DSMS includes nuclear weapons applications for stockpile accountability management and related databases/systems including the Defense Integration and Management of Nuclear Data Services (DIAMONDS) application; and

- Radiation Detection System:  Final procurement of Joint DoD Radiation Detection System (RDS) components to support training of Service Members at the Defense Nuclear Weapons School on Kirtland AFB to operate in a realistic combined joint radiological environment. This is the current system used by the individual Services for radiological detection.</proc:Remarks>
                <proc:TotalCost>
                    <proc:TotalCost>
                        <proc:AllPriorYears>52.981</proc:AllPriorYears>
                        <proc:PriorYear>4.519</proc:PriorYear>
                        <proc:CurrentYear>5.24</proc:CurrentYear>
                        <proc:BudgetYearOneBase>5.291</proc:BudgetYearOneBase>
                        <proc:BudgetYearOne>5.291</proc:BudgetYearOne>
                    </proc:TotalCost>
                </proc:TotalCost>
            </proc:P40AItemGroup>
            <proc:P40AItemGroup>
                <proc:Name>Infrastructure</proc:Name>
                <proc:CategoryList>
                    <proc:Category>
                        <proc:Name>Infrastructure</proc:Name>
                        <proc:ItemList>
                            <proc:Item>
                                <proc:Name>Infrastructure</proc:Name>
                                <proc:ResourceSummary>
                                    <proc:TotalCost>
                                        <proc:AllPriorYears>84.452</proc:AllPriorYears>
                                        <proc:PriorYear>8.268</proc:PriorYear>
                                        <proc:CurrentYear>3.543</proc:CurrentYear>
                                        <proc:BudgetYearOneBase>6.732</proc:BudgetYearOneBase>
                                        <proc:BudgetYearOne>6.732</proc:BudgetYearOne>
                                    </proc:TotalCost>
                                </proc:ResourceSummary>
                            </proc:Item>
                        </proc:ItemList>
                        <proc:CategorySubtotal>
                            <proc:TotalCost>
                                <proc:AllPriorYears>84.452</proc:AllPriorYears>
                                <proc:PriorYear>8.268</proc:PriorYear>
                                <proc:CurrentYear>3.543</proc:CurrentYear>
                                <proc:BudgetYearOneBase>6.732</proc:BudgetYearOneBase>
                                <proc:BudgetYearOne>6.732</proc:BudgetYearOne>
                            </proc:TotalCost>
                        </proc:CategorySubtotal>
                    </proc:Category>
                </proc:CategoryList>
                <proc:Remarks>The FY 2026 request supports the following infrastructure critical programs:

- DTRA's Information Technology (IT): Standard, backend mission IT infrastructure lifecycle replacement to ensure full functionality of the unclassified and classified Local Area Networks (LANs) that support DTRA's mission critical systems and capabilities; and

- DTRA's Mission IT: Life-cycle replacement of the Joint Expeditionary Kits (JEKs), which provide warfighters with self-contained analytical tool kits.

An increase of $3.189 million from FY 2025 to FY 2026 funds replacement of end-of-life IT capital assets; consolidation of DTRA mission networks; and investment in Agency-wide Development, Security, and Operations (DevSecOps) platform and containerized infrastructure to host countering weapons of mass destruction (CWMD) technologies at three classification levels.</proc:Remarks>
                <proc:TotalCost>
                    <proc:TotalCost>
                        <proc:AllPriorYears>84.452</proc:AllPriorYears>
                        <proc:PriorYear>8.268</proc:PriorYear>
                        <proc:CurrentYear>3.543</proc:CurrentYear>
                        <proc:BudgetYearOneBase>6.732</proc:BudgetYearOneBase>
                        <proc:BudgetYearOne>6.732</proc:BudgetYearOne>
                    </proc:TotalCost>
                </proc:TotalCost>
            </proc:P40AItemGroup>
        </proc:ItemExhibitList>
        <proc:DocumentAssemblyOptions>
            <proc:p40AItemScheduleSetting>item</proc:p40AItemScheduleSetting>
        </proc:DocumentAssemblyOptions>
    </proc:LineItem>
</proc:LineItemList>