<?xml version="1.0" encoding="UTF-8"?>
<proc:LineItemList xmlns:proc="http://www.dtic.mil/comptroller/xml/schema/20100219/procurement">
    <proc:LineItem quantityUnits="Each" quantityUnitName="Each" unitCostUnits="Millions" totalCostUnits="Millions" manufacturerRateUnits="Monthly" combinedP5Flag="false">
        <proc:LineItemNumber>20</proc:LineItemNumber>
        <proc:LineItemTitle>VEHICLES</proc:LineItemTitle>
        <proc:P1LineNumber>62</proc:P1LineNumber>
        <proc:BudgetYear>2026</proc:BudgetYear>
        <proc:BudgetCycle>PB</proc:BudgetCycle>
        <proc:SubmissionDate>2025-06</proc:SubmissionDate>
        <proc:ServiceAgencyName>Defense Threat Reduction Agency</proc:ServiceAgencyName>
        <proc:AppropriationNumber>0300D</proc:AppropriationNumber>
        <proc:AppropriationTitle>Procurement, Defense-Wide</proc:AppropriationTitle>
        <proc:BudgetActivityNumber>1</proc:BudgetActivityNumber>
        <proc:BudgetActivityTitle>Major Equipment</proc:BudgetActivityTitle>
        <proc:BudgetSubActivityNumber>23</proc:BudgetSubActivityNumber>
        <proc:BudgetSubActivityTitle>Major Equipment, Defense Threat Reduction Agency</proc:BudgetSubActivityTitle>
        <proc:ResourceSummary>
            <proc:TotalCost>
                <proc:AllPriorYears>3.161</proc:AllPriorYears>
                <proc:PriorYear>0.356</proc:PriorYear>
                <proc:CurrentYear>2.754</proc:CurrentYear>
                <proc:BudgetYearOneBase>0.911</proc:BudgetYearOneBase>
                <proc:BudgetYearOne>0.911</proc:BudgetYearOne>
            </proc:TotalCost>
            <proc:NetProcurementP1>
                <proc:AllPriorYears>3.161</proc:AllPriorYears>
                <proc:PriorYear>0.356</proc:PriorYear>
                <proc:CurrentYear>2.754</proc:CurrentYear>
                <proc:BudgetYearOneBase>0.911</proc:BudgetYearOneBase>
                <proc:BudgetYearOne>0.911</proc:BudgetYearOne>
            </proc:NetProcurementP1>
            <proc:TotalObligationAuthority>
                <proc:AllPriorYears>3.161</proc:AllPriorYears>
                <proc:PriorYear>0.356</proc:PriorYear>
                <proc:CurrentYear>2.754</proc:CurrentYear>
                <proc:BudgetYearOneBase>0.911</proc:BudgetYearOneBase>
                <proc:BudgetYearOne>0.911</proc:BudgetYearOne>
            </proc:TotalObligationAuthority>
        </proc:ResourceSummary>
        <proc:Code>A</proc:Code>
        <proc:Description>The Defense Threat Reduction Agency (DTRA) invests in delivering the technologies, methodologies and capabilities required to counter WMD threats and mitigate risk while enabling DoD, the U.S. Government (USG), and international partners to deter strategic attacks against the United States and its Allies; prevent, reduce, and counter WMD and emerging CBRN threats; and prevail against WMD-armed adversaries in crisis and conflict. DTRA purchases are through the General Services Administration (GSA) and other approved acquisition sources that provide vehicle programs that ensure uniform serviceability to all areas, to include tractors and other specialized industrial trucks. These vehicles are heavily operated in rocky unpaved terrain resulting in shortened life-cycles and increased maintenance volume. Pricing is based on factors such as terrain, special support requirements and location.

Life-cycle requirements align to GSA guidelines for fleet management and vehicle maintenance. DTRA continues to replace agency owned vehicles, when practical, with GSA leased vehicles. The out-year funding estimates will continue to support the replacement cycle.

The Vehicle program supports the following mission requirements:  

- Life-cycle replacement of DTRA's fleet aged Agency owned non-tactical vehicles (NTVs) located in the continental United States (CONUS) and overseas (OCONUS); and

- Life-cycle replacement of fleet aged specialized industrial trucks in direct support of real-world missions, exercises, deployments and large load shipping for all classes of materials.</proc:Description>
        <proc:Justification>The FY 2024 budget of $0.356 million resourced the life-cycle replacement of fleet-aged, Agency owned non-tactical vehicles (NTVs) with specific requirements based on factors such as terrain, special support requirements and location; and life-cycle replacement of specialized industrial trucks in support of DTRA programs.

The FY 2025 budget of $2.754 million will fund the following efforts:

- Life-cycle replacement of fleet-aged, Agency owned non-tactical vehicles (NTVs) with specific requirements based on factors such as terrain, special support requirements and location; and

- Life-cycle replacement of aging specialized industrial trucks in support of DTRA programs.


The FY 2026 budget of $0.911 million will fund the following efforts:

- Life-cycle replacement of fleet-aged, Agency owned NTVs with specific requirements based on factors such as terrain, special support requirements and location; and

- Life-cycle replacement of aging specialized industrial trucks in support of DTRA programs.

These vehicles range in model production years 1980-2014 and have grossly exceeded the GSA life cycle projections based on age and mileage. Replacement remains a priority in the FY 2026 budget request to mitigate increased maintenance cost and risk to operators. The estimated cost of specialized industrial trucks (quantity 3) and NTVs (quantity 7) is $0.911 million. In comparison, the FY 2025 budget request funded 11 specialized industrial trucks and 7 NTVs.

The decrease of $1.843 million from FY 2025 to FY 2026 is due to the procurement of fewer specialized industrial trucks in FY 2026.</proc:Justification>
        <proc:DocumentAssemblyOptions>
            <proc:p40AItemScheduleSetting>item</proc:p40AItemScheduleSetting>
        </proc:DocumentAssemblyOptions>
    </proc:LineItem>
</proc:LineItemList>