<?xml version="1.0" encoding="UTF-8"?>
<!--Sample XML file generated by XMLSpy v2013 rel. 2 sp2 (http://www.altova.com)-->
<JustificationBook targetSchemaVersion="1.0" xsi:schemaLocation="http://www.dtic.mil/comptroller/xml/schema/022009/jb dticjb.xsd" xmlns="http://www.dtic.mil/comptroller/xml/schema/022009/jb" xmlns:r2="http://www.dtic.mil/comptroller/xml/schema/022009/r2" xmlns:xsi="http://www.w3.org/2001/XMLSchema-instance">
	<Title>a</Title>
	<BudgetYear>2000</BudgetYear>
	<BudgetCycle>PB</BudgetCycle>
	<SubmissionDate>2001-12</SubmissionDate>
	<ServiceAgencyName>a</ServiceAgencyName>
	<AppropriationCode>0130</AppropriationCode>
	<AppropriationName>Operational Test and Evaluation, Defense</AppropriationName>
	<CoverPage>
		<Title>a</Title>
		<BookDescription>a</BookDescription>
		<LogoFileName>a</LogoFileName>
	</CoverPage>
	<ExternalDocuments>
		<CostDoc>
			<Title>a</Title>
			<FileName>a</FileName>
		</CostDoc>
		<IntroductionDoc>
			<Title>a</Title>
			<FileName>a</FileName>
		</IntroductionDoc>
		<SummaryDoc>
			<Title>a</Title>
			<FileName>a</FileName>
		</SummaryDoc>
		<AcronymDoc>
			<Title>a</Title>
			<FileName>a</FileName>
		</AcronymDoc>
		<UserR1Doc>
			<Title>a</Title>
			<FileName>a</FileName>
		</UserR1Doc>
		<UserP1Doc>
			<Title>a</Title>
			<FileName>a</FileName>
		</UserP1Doc>
		<SupplementalDocList>
			<SupplementalDoc>
				<Title>a</Title>
				<FileName>a</FileName>
			</SupplementalDoc>
		</SupplementalDocList>
	</ExternalDocuments>
	<DocumentAssemblyOptions>
		<ForceEvenPages>true</ForceEvenPages>
		<P1mCheckbox>true</P1mCheckbox>
		<Watermark>a</Watermark>
		<HonorSubordinateDocumentAssemblyOptions>true</HonorSubordinateDocumentAssemblyOptions>
		<GenerateR1Summary>true</GenerateR1Summary>
		<GenerateR1>true</GenerateR1>
		<GenerateR1C>true</GenerateR1C>
		<GenerateR1D>true</GenerateR1D>
		<GenerateProgramElementTocByTitle>true</GenerateProgramElementTocByTitle>
		<GenerateProgramElementTocByBA>true</GenerateProgramElementTocByBA>
		<GenerateP1>true</GenerateP1>
		<GenerateP1m>true</GenerateP1m>
		<GenerateLineItemTocByTitle>true</GenerateLineItemTocByTitle>
		<GenerateLineItemTocByBA>true</GenerateLineItemTocByBA>
		<IncludeTableOfVolumes>true</IncludeTableOfVolumes>
		<IncludeMasterR1>true</IncludeMasterR1>
		<IncludeMasterR1Summary>true</IncludeMasterR1Summary>
		<IncludeMasterR1C>true</IncludeMasterR1C>
		<IncludeMasterR1D>true</IncludeMasterR1D>
		<IncludeMasterProgramElementTocByTitle>true</IncludeMasterProgramElementTocByTitle>
		<IncludeMasterProgramElementTocByBA>true</IncludeMasterProgramElementTocByBA>
		<IncludeMasterP1>true</IncludeMasterP1>
		<IncludeMasterP1m>true</IncludeMasterP1m>
		<IncludeMasterLineItemTocByBA>true</IncludeMasterLineItemTocByBA>
		<IncludeMasterLineItemTocByTitle>true</IncludeMasterLineItemTocByTitle>
	</DocumentAssemblyOptions>
	<r2:ProgramElementList targetSchemaVersion="1.0">
			<r2:ProgramElement monetaryUnit="Millions" format="R2Long">
				<r2:ProgramElementNumber>00000000</r2:ProgramElementNumber>
				<r2:ProgramElementTitle>a</r2:ProgramElementTitle>
				<r2:R1LineNumber>0</r2:R1LineNumber>
				<r2:MdapCode>000</r2:MdapCode>
				<r2:PriorYearsDelta>0</r2:PriorYearsDelta>
				<r2:BudgetYear>2000</r2:BudgetYear>
				<r2:BudgetCycle>BES</r2:BudgetCycle>
				<r2:SubmissionDate>2001-12</r2:SubmissionDate>
				<r2:ServiceAgencyName>a</r2:ServiceAgencyName>
				<r2:AppropriationCode>0130</r2:AppropriationCode>
				<r2:AppropriationName>National Defense Sealift Fund</r2:AppropriationName>
				<r2:BudgetActivityNumber>1</r2:BudgetActivityNumber>
				<r2:BudgetActivityTitle>Applied Research</r2:BudgetActivityTitle>
				<r2:ProgramElementFunding>
					<r2:AllPriorYears>0</r2:AllPriorYears>
					<r2:PriorYear>0</r2:PriorYear>
					<r2:CurrentYear>0</r2:CurrentYear>
					<r2:BudgetYearOne>0</r2:BudgetYearOne>
					<r2:BudgetYearOneBase>0</r2:BudgetYearOneBase>
					<r2:BudgetYearOneOOC>0</r2:BudgetYearOneOOC>
					<r2:BudgetYearTwo>0</r2:BudgetYearTwo>
					<r2:BudgetYearThree>0</r2:BudgetYearThree>
					<r2:BudgetYearFour>0</r2:BudgetYearFour>
					<r2:BudgetYearFive>0</r2:BudgetYearFive>
					<r2:CostToComplete>a</r2:CostToComplete>
					<r2:TotalCost>a</r2:TotalCost>
				</r2:ProgramElementFunding>
				<r2:ProgramElementNote>a</r2:ProgramElementNote>
				<r2:ProgramElementMissionDescription>a</r2:ProgramElementMissionDescription>
				<r2:ChangeSummary>
					<r2:PreviousPresidentBudget>
						<r2:PriorYear>0</r2:PriorYear>
						<r2:CurrentYear>0</r2:CurrentYear>
						<r2:BudgetYearOne>0</r2:BudgetYearOne>
						<r2:BudgetYearOneBase>0</r2:BudgetYearOneBase>
						<r2:BudgetYearOneOOC>0</r2:BudgetYearOneOOC>
					</r2:PreviousPresidentBudget>
					<r2:CurrentPresidentBudget>
						<r2:PriorYear>0</r2:PriorYear>
						<r2:CurrentYear>0</r2:CurrentYear>
						<r2:BudgetYearOne>0</r2:BudgetYearOne>
						<r2:BudgetYearOneBase>0</r2:BudgetYearOneBase>
						<r2:BudgetYearOneOOC>0</r2:BudgetYearOneOOC>
					</r2:CurrentPresidentBudget>
					<r2:TotalAdjustments>
						<r2:PriorYear>-999999.999</r2:PriorYear>
						<r2:CurrentYear>-999999.999</r2:CurrentYear>
						<r2:BudgetYearOne>-999999.999</r2:BudgetYearOne>
						<r2:BudgetYearOneBase>-999999.999</r2:BudgetYearOneBase>
						<r2:BudgetYearOneOOC>-999999.999</r2:BudgetYearOneOOC>
					</r2:TotalAdjustments>
					<r2:AdjustmentDetails>
						<r2:CongressionalGeneralReductions>
							<r2:PriorYear>-999999.999</r2:PriorYear>
							<r2:CurrentYear>-999999.999</r2:CurrentYear>
						</r2:CongressionalGeneralReductions>
						<r2:CongressionalDirectedReductions>
							<r2:PriorYear>-999999.999</r2:PriorYear>
							<r2:CurrentYear>-999999.999</r2:CurrentYear>
						</r2:CongressionalDirectedReductions>
						<r2:CongressionalRescissions>
							<r2:PriorYear>-999999.999</r2:PriorYear>
							<r2:CurrentYear>-999999.999</r2:CurrentYear>
						</r2:CongressionalRescissions>
						<r2:CongressionalAdds>
							<r2:PriorYear>0</r2:PriorYear>
							<r2:CurrentYear>0</r2:CurrentYear>
						</r2:CongressionalAdds>
						<r2:CongressionalDirectedTransfers>
							<r2:PriorYear>-999999.999</r2:PriorYear>
							<r2:CurrentYear>-999999.999</r2:CurrentYear>
						</r2:CongressionalDirectedTransfers>
						<r2:Reprogrammings>
							<r2:PriorYear>-999999.999</r2:PriorYear>
							<r2:CurrentYear>-999999.999</r2:CurrentYear>
						</r2:Reprogrammings>
						<r2:SBIRSTTRTransfer>
							<r2:PriorYear>-999999.999</r2:PriorYear>
							<r2:CurrentYear>-999999.999</r2:CurrentYear>
						</r2:SBIRSTTRTransfer>
						<r2:OtherAdjustmentDetailList>
							<r2:OtherAdjustmentDetail>
								<r2:Title>a</r2:Title>
								<r2:Funding>
									<r2:PriorYear>-999999.999</r2:PriorYear>
									<r2:CurrentYear>-999999.999</r2:CurrentYear>
									<r2:BudgetYearOne>-999999.999</r2:BudgetYearOne>
									<r2:BudgetYearOneBase>-999999.999</r2:BudgetYearOneBase>
									<r2:BudgetYearOneOOC>-999999.999</r2:BudgetYearOneOOC>
								</r2:Funding>
							</r2:OtherAdjustmentDetail>
						</r2:OtherAdjustmentDetailList>
					</r2:AdjustmentDetails>
					<r2:SummaryExplanation>a</r2:SummaryExplanation>
				</r2:ChangeSummary>
				<r2:ProjectList>
					<r2:Project articlesInApp="true">
						<r2:ProjectNumber>a</r2:ProjectNumber>
						<r2:ProjectTitle>a</r2:ProjectTitle>
						<r2:SpecialProject>a</r2:SpecialProject>
						<r2:MdapCode>000</r2:MdapCode>
						<r2:PriorYearsDelta>0</r2:PriorYearsDelta>
						<r2:ProjectFunding>
							<r2:AllPriorYears>0</r2:AllPriorYears>
							<r2:PriorYear>0</r2:PriorYear>
							<r2:CurrentYear>0</r2:CurrentYear>
							<r2:BudgetYearOne>0</r2:BudgetYearOne>
							<r2:BudgetYearOneBase>0</r2:BudgetYearOneBase>
							<r2:BudgetYearOneOOC>0</r2:BudgetYearOneOOC>
							<r2:BudgetYearTwo>0</r2:BudgetYearTwo>
							<r2:BudgetYearThree>0</r2:BudgetYearThree>
							<r2:BudgetYearFour>0</r2:BudgetYearFour>
							<r2:BudgetYearFive>0</r2:BudgetYearFive>
							<r2:CostToComplete>a</r2:CostToComplete>
							<r2:TotalCost>a</r2:TotalCost>
						</r2:ProjectFunding>
						<r2:R2aExhibit>
							<r2:ProjectArticles>
								<r2:AllPriorYears>9999</r2:AllPriorYears>
								<r2:PriorYear>9999</r2:PriorYear>
								<r2:CurrentYear>9999</r2:CurrentYear>
								<r2:BudgetYearOne>9999</r2:BudgetYearOne>
								<r2:BudgetYearOneBase>9999</r2:BudgetYearOneBase>
								<r2:BudgetYearOneOOC>9999</r2:BudgetYearOneOOC>
								<r2:BudgetYearTwo>9999</r2:BudgetYearTwo>
								<r2:BudgetYearThree>9999</r2:BudgetYearThree>
								<r2:BudgetYearFour>9999</r2:BudgetYearFour>
								<r2:BudgetYearFive>9999</r2:BudgetYearFive>
							</r2:ProjectArticles>
							<r2:ProjectNote>a</r2:ProjectNote>
							<r2:ProjectMissionDescription>a</r2:ProjectMissionDescription>
							<r2:CongressionalAddDetailList>
								<r2:CongressionalAddDetail>
									<r2:Title>a</r2:Title>
									<r2:PriorYear>
										<r2:Funding>0</r2:Funding>
										<r2:Text>a</r2:Text>
									</r2:PriorYear>
									<r2:CurrentYear>
										<r2:Funding>0</r2:Funding>
										<r2:Text>a</r2:Text>
									</r2:CurrentYear>
								</r2:CongressionalAddDetail>
							</r2:CongressionalAddDetailList>
							<r2:AccomplishmentPlannedProgramList>
								<r2:AccomplishmentPlannedProgram>
									<r2:Title>a</r2:Title>
									<r2:Description>a</r2:Description>
									<r2:Accomplishment>
										<r2:PriorYear>
											<r2:Funding>0</r2:Funding>
											<r2:OtherFunding>0</r2:OtherFunding>
											<r2:Articles>9999</r2:Articles>
											<r2:Text>a</r2:Text>
										</r2:PriorYear>
									</r2:Accomplishment>
									<r2:PlannedProgram>
										<r2:CurrentYear>
											<r2:Funding>0</r2:Funding>
											<r2:OtherFunding>0</r2:OtherFunding>
											<r2:Articles>9999</r2:Articles>
											<r2:Text>a</r2:Text>
										</r2:CurrentYear>
										<r2:BudgetYearOne>
											<r2:Funding>0</r2:Funding>
											<r2:OtherFunding>0</r2:OtherFunding>
											<r2:Articles>9999</r2:Articles>
										</r2:BudgetYearOne>
										<r2:BudgetYearOneBase>
											<r2:Funding>0</r2:Funding>
											<r2:OtherFunding>0</r2:OtherFunding>
											<r2:Articles>9999</r2:Articles>
											<r2:Text>a</r2:Text>
										</r2:BudgetYearOneBase>
										<r2:BudgetYearOneOOC>
											<r2:Funding>0</r2:Funding>
											<r2:OtherFunding>0</r2:OtherFunding>
											<r2:Articles>9999</r2:Articles>
											<r2:Text>a</r2:Text>
										</r2:BudgetYearOneOOC>
									</r2:PlannedProgram>
								</r2:AccomplishmentPlannedProgram>
							</r2:AccomplishmentPlannedProgramList>
							<r2:JointFundingList>
								<r2:JointFunding>
									<r2:Title>a</r2:Title>
									<r2:Funding>
										<r2:TotalPreviousYears>0</r2:TotalPreviousYears>
										<r2:PriorYear>0</r2:PriorYear>
										<r2:CurrentYear>0</r2:CurrentYear>
										<r2:BudgetYearOne>0</r2:BudgetYearOne>
										<r2:BudgetYearOneBase>0</r2:BudgetYearOneBase>
										<r2:BudgetYearOneOOC>0</r2:BudgetYearOneOOC>
										<r2:CostToComplete>a</r2:CostToComplete>
										<r2:TotalCost>a</r2:TotalCost>
										<r2:TargetValue>0</r2:TargetValue>
									</r2:Funding>
								</r2:JointFunding>
							</r2:JointFundingList>
							<r2:OtherProgramFundingSummaryList>
								<r2:OtherProgramFundingSummary>
									<r2:LineItem>a</r2:LineItem>
									<r2:Title>a</r2:Title>
									<r2:Funding>
										<r2:PriorYear>0</r2:PriorYear>
										<r2:CurrentYear>0</r2:CurrentYear>
										<r2:BudgetYearOne>0</r2:BudgetYearOne>
										<r2:BudgetYearOneBase>0</r2:BudgetYearOneBase>
										<r2:BudgetYearOneOOC>0</r2:BudgetYearOneOOC>
										<r2:BudgetYearTwo>0</r2:BudgetYearTwo>
										<r2:BudgetYearThree>0</r2:BudgetYearThree>
										<r2:BudgetYearFour>0</r2:BudgetYearFour>
										<r2:BudgetYearFive>0</r2:BudgetYearFive>
										<r2:CostToComplete>a</r2:CostToComplete>
										<r2:TotalCost>a</r2:TotalCost>
									</r2:Funding>
								</r2:OtherProgramFundingSummary>
							</r2:OtherProgramFundingSummaryList>
							<r2:OtherProgramFundingSummaryRemarks>a</r2:OtherProgramFundingSummaryRemarks>
							<r2:AcquisitionStrategy>a</r2:AcquisitionStrategy>
						</r2:R2aExhibit>
						<r2:R3Exhibit>
							<r2:Remarks>a</r2:Remarks>
							<r2:CostCategoryGroupList>
								<r2:CostCategoryGroup>
									<r2:Name>Test and Evaluation</r2:Name>
									<r2:Remarks>a</r2:Remarks>
									<r2:CostCategoryItemList>
										<r2:CostCategoryItem>
											<r2:Name>a</r2:Name>
											<r2:ContractMethod>Option</r2:ContractMethod>
											<r2:ContractType>FPAF</r2:ContractType>
											<r2:PerformingActivity>a</r2:PerformingActivity>
											<r2:PerformingActivityLocation>a</r2:PerformingActivityLocation>
											<r2:Cost>
												<r2:TotalPreviousYears>0</r2:TotalPreviousYears>
												<r2:PriorYear>
													<r2:Amount>0</r2:Amount>
													<r2:AwardDate>2001-12</r2:AwardDate>
												</r2:PriorYear>
												<r2:CurrentYear>
													<r2:Amount>0</r2:Amount>
													<r2:AwardDate>2001-12</r2:AwardDate>
												</r2:CurrentYear>
												<r2:BudgetYearOne>
													<r2:Amount>0</r2:Amount>
												</r2:BudgetYearOne>
												<r2:BudgetYearOneBase>
													<r2:Amount>0</r2:Amount>
													<r2:AwardDate>2001-12</r2:AwardDate>
												</r2:BudgetYearOneBase>
												<r2:BudgetYearOneOOC>
													<r2:Amount>0</r2:Amount>
													<r2:AwardDate>2001-12</r2:AwardDate>
												</r2:BudgetYearOneOOC>
												<r2:CostToComplete>a</r2:CostToComplete>
												<r2:TotalCost>a</r2:TotalCost>
												<r2:TargetValue>a</r2:TargetValue>
											</r2:Cost>
										</r2:CostCategoryItem>
									</r2:CostCategoryItemList>
								</r2:CostCategoryGroup>
							</r2:CostCategoryGroupList>
						</r2:R3Exhibit>
						<r2:R4Exhibit>
							<r2:ScheduleProfile>
								<r2:ImageFileName>a</r2:ImageFileName>
							</r2:ScheduleProfile>
							<r2:ScheduleProfileNote>a</r2:ScheduleProfileNote>
						</r2:R4Exhibit>
						<r2:R4aExhibit>
							<r2:ScheduleDetailList>
								<r2:ScheduleDetail>
									<r2:EventTitle>a</r2:EventTitle>
									<r2:Schedule>
										<r2:Start>
											<r2:Quarter>1</r2:Quarter>
											<r2:Year>2001</r2:Year>
										</r2:Start>
										<r2:End>
											<r2:Quarter>1</r2:Quarter>
											<r2:Year>2001</r2:Year>
										</r2:End>
									</r2:Schedule>
								</r2:ScheduleDetail>
							</r2:ScheduleDetailList>
							<r2:ScheduleDetailNote>a</r2:ScheduleDetailNote>
						</r2:R4aExhibit>
					</r2:Project>
				</r2:ProjectList>
			</r2:ProgramElement>
	</r2:ProgramElementList
</JustificationBook>
