<?xml version="1.0" encoding="UTF-8"?>
<proc:LineItemList xmlns:proc="http://www.dtic.mil/comptroller/xml/schema/20100219/procurement">
    <proc:LineItem quantityUnits="Each" unitCostUnits="Millions" totalCostUnits="Millions" manufacturerRateUnits="Yearly">
        <proc:LineItemNumber>SDN000</proc:LineItemNumber>
        <proc:LineItemTitle>Space Digital Integrated Network (SDIN)</proc:LineItemTitle>
        <proc:P1LineNumber>27</proc:P1LineNumber>
        <proc:BudgetYear>2026</proc:BudgetYear>
        <proc:BudgetCycle>PB</proc:BudgetCycle>
        <proc:SubmissionDate>2025-06</proc:SubmissionDate>
        <proc:ServiceAgencyName>Air Force</proc:ServiceAgencyName>
        <proc:AppropriationNumber>3022F</proc:AppropriationNumber>
        <proc:AppropriationTitle>Procurement, Space Force</proc:AppropriationTitle>
        <proc:BudgetActivityNumber>1</proc:BudgetActivityNumber>
        <proc:BudgetActivityTitle>Space Procurement, SF</proc:BudgetActivityTitle>
        <proc:BudgetSubActivityNumber>10</proc:BudgetSubActivityNumber>
        <proc:BudgetSubActivityTitle>Space Programs</proc:BudgetSubActivityTitle>
        <proc:ResourceSummary>
            <proc:TotalCost>
                <proc:PriorYear>0</proc:PriorYear>
                <proc:CurrentYear>0</proc:CurrentYear>
                <proc:BudgetYearOneBase>4.984</proc:BudgetYearOneBase>
                <proc:BudgetYearOne>4.984</proc:BudgetYearOne>
            </proc:TotalCost>
            <proc:NetProcurementP1>
                <proc:PriorYear>0</proc:PriorYear>
                <proc:CurrentYear>0</proc:CurrentYear>
                <proc:BudgetYearOneBase>4.984</proc:BudgetYearOneBase>
                <proc:BudgetYearOne>4.984</proc:BudgetYearOne>
            </proc:NetProcurementP1>
            <proc:TotalObligationAuthority>
                <proc:PriorYear>0</proc:PriorYear>
                <proc:CurrentYear>0</proc:CurrentYear>
                <proc:BudgetYearOneBase>4.984</proc:BudgetYearOneBase>
                <proc:BudgetYearOne>4.984</proc:BudgetYearOne>
            </proc:TotalObligationAuthority>
        </proc:ResourceSummary>
        <proc:Code>A</proc:Code>
        <proc:Description>The Air Force created the Space Digital Integrated Network (SDIN) in the 1980's as the Air Force Space Command (AFSPC) Space Defense Interface Network. While it was built to support communication between Missile Warning/Missile Track (MW/MT) sensors and Command and Control (C2) nodes to support nuclear deterrence and missile defense of the homeland, it has grown to support every Space Force mission area with connections to almost all Space Force operating locations. This includes Space Domain Awareness (SDA) sensors, MILSTAR Family of Advanced Beyond Line-of-Sight Terminals (FAB-T) communications, Space Based Infrared System (SBIRS) ground segment communications, intra-base and inter-base communication between SOCs and other force elements, Defense Red Switch Network (DRSN) long local communications, Land Mobile Radios, and more.</proc:Description>
        <proc:Justification>This program is a new start.

This program is an FY 2026 New Start.

Space Digital Integrated Network (SDIN) - Modernization: The Air Force modernized some of legacy 1980's SDIN hardware in 2012 to mitigate obsolescence, but some of the equipment is once again nearing end of life. The Space Force needs to modernize the network technology to ensure continuity of operations. Starting in FY26, the Space Force will perform architectural analysis, hardware procurement, integration, and installation activities to modernize this critical network.</proc:Justification>
        <proc:DocumentAssemblyOptions>
            <proc:p40AItemScheduleSetting>expandItemSuppressExhibit</proc:p40AItemScheduleSetting>
        </proc:DocumentAssemblyOptions>
    </proc:LineItem>
</proc:LineItemList>