<?xml version="1.0" encoding="UTF-8"?>
<proc:LineItemList xmlns:proc="http://www.dtic.mil/comptroller/xml/schema/20100219/procurement">
    <proc:LineItem quantityUnits="Each" unitCostUnits="Millions" totalCostUnits="Millions" manufacturerRateUnits="Yearly">
        <proc:LineItemNumber>FBLOST</proc:LineItemNumber>
        <proc:LineItemTitle>Family of Beyond Line-of-Sight Terminals</proc:LineItemTitle>
        <proc:P1LineNumber>7</proc:P1LineNumber>
        <proc:BudgetYear>2026</proc:BudgetYear>
        <proc:BudgetCycle>PB</proc:BudgetCycle>
        <proc:SubmissionDate>2025-06</proc:SubmissionDate>
        <proc:ServiceAgencyName>Air Force</proc:ServiceAgencyName>
        <proc:AppropriationNumber>3022F</proc:AppropriationNumber>
        <proc:AppropriationTitle>Procurement, Space Force</proc:AppropriationTitle>
        <proc:BudgetActivityNumber>1</proc:BudgetActivityNumber>
        <proc:BudgetActivityTitle>Space Procurement, SF</proc:BudgetActivityTitle>
        <proc:BudgetSubActivityNumber>10</proc:BudgetSubActivityNumber>
        <proc:BudgetSubActivityTitle>Space Programs</proc:BudgetSubActivityTitle>
        <proc:ResourceSummary>
            <proc:TotalCost>
                <proc:PriorYear>25.057</proc:PriorYear>
                <proc:CurrentYear>17.264</proc:CurrentYear>
                <proc:BudgetYearOneBase>15.404</proc:BudgetYearOneBase>
                <proc:BudgetYearOne>15.404</proc:BudgetYearOne>
            </proc:TotalCost>
            <proc:NetProcurementP1>
                <proc:PriorYear>25.057</proc:PriorYear>
                <proc:CurrentYear>17.264</proc:CurrentYear>
                <proc:BudgetYearOneBase>15.404</proc:BudgetYearOneBase>
                <proc:BudgetYearOne>15.404</proc:BudgetYearOne>
            </proc:NetProcurementP1>
            <proc:TotalObligationAuthority>
                <proc:PriorYear>25.057</proc:PriorYear>
                <proc:CurrentYear>17.264</proc:CurrentYear>
                <proc:BudgetYearOneBase>15.404</proc:BudgetYearOneBase>
                <proc:BudgetYearOne>15.404</proc:BudgetYearOne>
            </proc:TotalObligationAuthority>
        </proc:ResourceSummary>
        <proc:Code>B</proc:Code>
        <proc:CodeBProgramElementList>
            <proc:ProgramElementNumber>1203001SF</proc:ProgramElementNumber>
        </proc:CodeBProgramElementList>
        <proc:OtherRelatedProgramElementList>
            <proc:ProgramElementNumber>0303001F</proc:ProgramElementNumber>
            <proc:ProgramElementNumber>0303601F</proc:ProgramElementNumber>
            <proc:ProgramElementNumber>1203001F</proc:ProgramElementNumber>
        </proc:OtherRelatedProgramElementList>
        <proc:Description>Activities funded in this program element continue to pay for AN/USQ-225 modernization and integration into multiple legacy systems, other ongoing NC3 acquisition programs, and future capabilities for the overall AF NC3 WS.

The Family of Advanced Beyond Line-of-Sight Terminals (FAB-T) Command Post Terminals (CPT) program replaces legacy Milstar terminals and will provide Extremely High Frequency (EHF), protected high data rate communication for nuclear and conventional forces to include Presidential and National Voice Conferencing (PNVC).

FAB-T CPT will provide this new, highly secure, state-of-the-art capability for Department of Defense (DoD) platforms to include strategic platforms and airborne/ground command posts via Milstar, Advanced EHF (AEHF), and Evolved Strategic SATCOM (ESS) satellite constellations. FAB-T CPTs will also support the critical command and control (C2) of the Milstar, AEHF, and ESS satellite constellations. In June 2014, the Department of the Air Force down-selected to Raytheon for production of FAB-T CPT. Production contract options to produce CPT terminals were exercised after a successful Milestone C decision was approved September 1, 2015. In FY 2019, the FAB-T Program Management Office executed the final Low Rate Initial Production (LRIP) procurement to complete the total of 84 LRIP CPTs on contract. In FY 2026, FAB-T CPT will continue to pursue activities that ensure FAB-T CPT terminal interoperability with the full AEHF satellite constellation.

The Presidential and National Voice Conferencing (PNVC) Integrator project is a critical element of the Nuclear Command, Control, and Communications (NC3) System. PNVC integrator replaces the Survivable Emergency Conferencing Network (SECN) capability, and will provide anti-jam, anti-scintillation, survivable, and enduring voice communications via the AEHF, and ESS satellite constellations for national and strategic users. Equipment upgrades required for this system include the development and production of several new components by other organizations, including the Baseband Interface Group (BIG) and Multi-Stream Summing Device (MSD III) for airborne users and the Baseband Kit (BBK) / PNVC Equipment enclosure for mobile users.

The PNVC Integrator is responsible for all program elements and funding, including those related to the Defense Information Systems Agency (DISA) and National Security Agency (NSA) components of the PNVC system, in accordance with the transfer directed in the FY 2018 National Defense Authorization Act, Sec. 1661. PNVC funds were transferred from DISA to the Department of the Air Force (DAF) beginning in FY 2021, and the PNVC Integrator will continue to procure remaining PNVC equipment until all fielding is complete. In October 2021, PNVC completed Milestone B/C.

FAB-T CPT was reflected in previous Program Exhibits in the Prior Years through FY 2014 - 2020. PNVC was reflected in previous Program Exhibits in the Prior Years through FY 2015 - 2020. Funding for this exhibit is contained in PE 1203001SF.</proc:Description>
        <proc:Justification>In FY 2026, FAB-T CPT will continue activities that ensure CPT terminal interoperability with the full AEHF satellite constellation, deliver airborne terminals to aircraft depots, provide interim contractor support for the existing fielded terminals, operator training, and organic depot activation in preparation for long-term hardware, software, and crypto sustainment.

In FY 2026, PNVC Integrator will continue to procure any remaining PNVC equipment required for fielding activities and provide support capability for fielded units including interim contractor support and depot activation activities.

Activities may also include program office support, studies, technical analysis, prototyping, training, and mitigations to address Diminishing Manufacturing Sources and Material Shortages associated with production and fielding of the AEHF family of terminals.

The FY 2026 request was reduced by $0.679 million for Advisory and Assistance Services (A&amp;AS) to promote efficiencies and advance the policies of the Administration in alignment with EO 14222 "Implementing the President's Department of Government Efficiency Cost Efficiency Initiative."
The FY 2026 request was reduced by $0.050 million for Inflation Rate adjustments.</proc:Justification>
        <proc:ItemExhibitList>
            <proc:P5Item>
                <proc:Name>Family of Beyond Line-of-Sight Terminals</proc:Name>
                <proc:IdCode>B</proc:IdCode>
                <proc:Remarks>This P-Doc incorporates PE 1203001SF for FAB-T CPT / PNVC.</proc:Remarks>
                <proc:ResourceSummary>
                    <proc:TotalCost>
                        <proc:PriorYear>25.057</proc:PriorYear>
                        <proc:CurrentYear>17.264</proc:CurrentYear>
                        <proc:BudgetYearOneBase>15.404</proc:BudgetYearOneBase>
                        <proc:BudgetYearOne>15.404</proc:BudgetYearOne>
                    </proc:TotalCost>
                    <proc:NetProcurementP1>
                        <proc:PriorYear>25.057</proc:PriorYear>
                        <proc:CurrentYear>17.264</proc:CurrentYear>
                        <proc:BudgetYearOneBase>15.404</proc:BudgetYearOneBase>
                        <proc:BudgetYearOne>15.404</proc:BudgetYearOne>
                    </proc:NetProcurementP1>
                    <proc:TotalObligationAuthority>
                        <proc:PriorYear>25.057</proc:PriorYear>
                        <proc:CurrentYear>17.264</proc:CurrentYear>
                        <proc:BudgetYearOneBase>15.404</proc:BudgetYearOneBase>
                        <proc:BudgetYearOne>15.404</proc:BudgetYearOne>
                    </proc:TotalObligationAuthority>
                </proc:ResourceSummary>
                <proc:CostElementCategoryList>
                    <proc:Hardware>
                        <proc:Name>Presidential and National Voice Conferencing (PNVC)</proc:Name>
                        <proc:Recurring>
                            <proc:CostElementList>
                                <proc:CostElement>
                                    <proc:Name>BBKs / PNVC Equipment</proc:Name>
                                    <proc:Cost>
                                        <proc:TotalCost>
                                            <proc:PriorYear>3.308</proc:PriorYear>
                                            <proc:CurrentYear>1.675</proc:CurrentYear>
                                            <proc:BudgetYearOneBase>1.711</proc:BudgetYearOneBase>
                                            <proc:BudgetYearOne>1.711</proc:BudgetYearOne>
                                        </proc:TotalCost>
                                    </proc:Cost>
                                </proc:CostElement>
                            </proc:CostElementList>
                            <proc:CategorySubtotal>
                                <proc:TotalCost>
                                    <proc:PriorYear>3.308</proc:PriorYear>
                                    <proc:CurrentYear>1.675</proc:CurrentYear>
                                    <proc:BudgetYearOneBase>1.711</proc:BudgetYearOneBase>
                                    <proc:BudgetYearOne>1.711</proc:BudgetYearOne>
                                </proc:TotalCost>
                            </proc:CategorySubtotal>
                        </proc:Recurring>
                        <proc:CategorySubtotal>
                            <proc:TotalCost>
                                <proc:PriorYear>3.308</proc:PriorYear>
                                <proc:CurrentYear>1.675</proc:CurrentYear>
                                <proc:BudgetYearOneBase>1.711</proc:BudgetYearOneBase>
                                <proc:BudgetYearOne>1.711</proc:BudgetYearOne>
                            </proc:TotalCost>
                        </proc:CategorySubtotal>
                    </proc:Hardware>
                    <proc:Hardware>
                        <proc:Name>Family of Beyond Line-of-Sight Terminals (FAB-T)</proc:Name>
                        <proc:Recurring>
                            <proc:CostElementList>
                                <proc:CostElement>
                                    <proc:Name>FAB-T Terminals (PE 33601F/33001F)</proc:Name>
                                    <proc:Cost>
                                        <proc:TotalCost>
                                            <proc:PriorYear>0.8</proc:PriorYear>
                                            <proc:CurrentYear>0.58</proc:CurrentYear>
                                            <proc:BudgetYearOneBase>0.542</proc:BudgetYearOneBase>
                                            <proc:BudgetYearOne>0.542</proc:BudgetYearOne>
                                        </proc:TotalCost>
                                    </proc:Cost>
                                </proc:CostElement>
                                <proc:CostElement>
                                    <proc:Name>Technical Mission Analysis</proc:Name>
                                    <proc:Cost>
                                        <proc:TotalCost>
                                            <proc:PriorYear>0.84</proc:PriorYear>
                                            <proc:CurrentYear>0.499</proc:CurrentYear>
                                            <proc:BudgetYearOneBase>0.466</proc:BudgetYearOneBase>
                                            <proc:BudgetYearOne>0.466</proc:BudgetYearOne>
                                        </proc:TotalCost>
                                    </proc:Cost>
                                </proc:CostElement>
                            </proc:CostElementList>
                            <proc:CategorySubtotal>
                                <proc:TotalCost>
                                    <proc:PriorYear>1.64</proc:PriorYear>
                                    <proc:CurrentYear>1.079</proc:CurrentYear>
                                    <proc:BudgetYearOneBase>1.008</proc:BudgetYearOneBase>
                                    <proc:BudgetYearOne>1.008</proc:BudgetYearOne>
                                </proc:TotalCost>
                            </proc:CategorySubtotal>
                        </proc:Recurring>
                        <proc:CategorySubtotal>
                            <proc:TotalCost>
                                <proc:PriorYear>1.64</proc:PriorYear>
                                <proc:CurrentYear>1.079</proc:CurrentYear>
                                <proc:BudgetYearOneBase>1.008</proc:BudgetYearOneBase>
                                <proc:BudgetYearOne>1.008</proc:BudgetYearOne>
                            </proc:TotalCost>
                        </proc:CategorySubtotal>
                    </proc:Hardware>
                    <proc:Logistics>
                        <proc:Name>Family of Beyond Line-of-Sight Terminals (FAB-T)</proc:Name>
                        <proc:Recurring>
                            <proc:CostElementList>
                                <proc:CostElement>
                                    <proc:Name>Interim Contractor Support</proc:Name>
                                    <proc:Cost>
                                        <proc:TotalCost>
                                            <proc:PriorYear>4.5</proc:PriorYear>
                                            <proc:CurrentYear>4</proc:CurrentYear>
                                            <proc:BudgetYearOneBase>3.75</proc:BudgetYearOneBase>
                                            <proc:BudgetYearOne>3.75</proc:BudgetYearOne>
                                        </proc:TotalCost>
                                    </proc:Cost>
                                </proc:CostElement>
                                <proc:CostElement>
                                    <proc:Name>Depot Activation</proc:Name>
                                    <proc:Cost>
                                        <proc:TotalCost>
                                            <proc:PriorYear>12.809</proc:PriorYear>
                                            <proc:CurrentYear>8.26</proc:CurrentYear>
                                            <proc:BudgetYearOneBase>7.489</proc:BudgetYearOneBase>
                                            <proc:BudgetYearOne>7.489</proc:BudgetYearOne>
                                        </proc:TotalCost>
                                    </proc:Cost>
                                </proc:CostElement>
                            </proc:CostElementList>
                            <proc:CategorySubtotal>
                                <proc:TotalCost>
                                    <proc:PriorYear>17.309</proc:PriorYear>
                                    <proc:CurrentYear>12.26</proc:CurrentYear>
                                    <proc:BudgetYearOneBase>11.239</proc:BudgetYearOneBase>
                                    <proc:BudgetYearOne>11.239</proc:BudgetYearOne>
                                </proc:TotalCost>
                            </proc:CategorySubtotal>
                        </proc:Recurring>
                        <proc:CategorySubtotal>
                            <proc:TotalCost>
                                <proc:PriorYear>17.309</proc:PriorYear>
                                <proc:CurrentYear>12.26</proc:CurrentYear>
                                <proc:BudgetYearOneBase>11.239</proc:BudgetYearOneBase>
                                <proc:BudgetYearOne>11.239</proc:BudgetYearOne>
                            </proc:TotalCost>
                        </proc:CategorySubtotal>
                    </proc:Logistics>
                    <proc:Support>
                        <proc:CostElementList>
                            <proc:CostElement>
                                <proc:Name>FAB-T A&amp;AS</proc:Name>
                                <proc:Cost>
                                    <proc:TotalCost>
                                        <proc:PriorYear>2</proc:PriorYear>
                                        <proc:CurrentYear>1.75</proc:CurrentYear>
                                        <proc:BudgetYearOneBase>0.971</proc:BudgetYearOneBase>
                                        <proc:BudgetYearOne>0.971</proc:BudgetYearOne>
                                    </proc:TotalCost>
                                </proc:Cost>
                            </proc:CostElement>
                            <proc:CostElement>
                                <proc:Name>Other Support</proc:Name>
                                <proc:Cost>
                                    <proc:TotalCost>
                                        <proc:PriorYear>0.8</proc:PriorYear>
                                        <proc:CurrentYear>0.5</proc:CurrentYear>
                                        <proc:BudgetYearOneBase>0.475</proc:BudgetYearOneBase>
                                        <proc:BudgetYearOne>0.475</proc:BudgetYearOne>
                                    </proc:TotalCost>
                                </proc:Cost>
                            </proc:CostElement>
                        </proc:CostElementList>
                        <proc:CategorySubtotal>
                            <proc:TotalCost>
                                <proc:PriorYear>2.8</proc:PriorYear>
                                <proc:CurrentYear>2.25</proc:CurrentYear>
                                <proc:BudgetYearOneBase>1.446</proc:BudgetYearOneBase>
                                <proc:BudgetYearOne>1.446</proc:BudgetYearOne>
                            </proc:TotalCost>
                        </proc:CategorySubtotal>
                        <proc:Name>Family of Beyond Line-of-Sight Terminals (FAB-T)</proc:Name>
                    </proc:Support>
                </proc:CostElementCategoryList>
            </proc:P5Item>
        </proc:ItemExhibitList>
        <proc:DocumentAssemblyOptions>
            <proc:p40AItemScheduleSetting>expandItemSuppressExhibit</proc:p40AItemScheduleSetting>
        </proc:DocumentAssemblyOptions>
    </proc:LineItem>
</proc:LineItemList>