<?xml version="1.0" encoding="UTF-8"?>
<proc:LineItemList xmlns:proc="http://www.dtic.mil/comptroller/xml/schema/20100219/procurement">
    <proc:LineItem quantityUnits="Each" unitCostUnits="Millions" totalCostUnits="Millions" manufacturerRateUnits="Monthly">
        <proc:LineItemNumber>GPS03C</proc:LineItemNumber>
        <proc:LineItemTitle>GPSIII Follow On</proc:LineItemTitle>
        <proc:P1LineNumber>11</proc:P1LineNumber>
        <proc:BudgetYear>2026</proc:BudgetYear>
        <proc:BudgetCycle>PB</proc:BudgetCycle>
        <proc:SubmissionDate>2025-06</proc:SubmissionDate>
        <proc:ServiceAgencyName>Air Force</proc:ServiceAgencyName>
        <proc:AppropriationNumber>3022F</proc:AppropriationNumber>
        <proc:AppropriationTitle>Procurement, Space Force</proc:AppropriationTitle>
        <proc:BudgetActivityNumber>1</proc:BudgetActivityNumber>
        <proc:BudgetActivityTitle>Space Procurement, SF</proc:BudgetActivityTitle>
        <proc:BudgetSubActivityNumber>10</proc:BudgetSubActivityNumber>
        <proc:BudgetSubActivityTitle>Space Programs</proc:BudgetSubActivityTitle>
        <proc:ResourceSummary>
            <proc:Quantity>
                <proc:AllPriorYears>7</proc:AllPriorYears>
                <proc:CurrentYear>2</proc:CurrentYear>
            </proc:Quantity>
            <proc:TotalCost>
                <proc:AllPriorYears>2016.176</proc:AllPriorYears>
                <proc:PriorYear>53.248</proc:PriorYear>
                <proc:CurrentYear>647.165</proc:CurrentYear>
                <proc:BudgetYearOneBase>109.944</proc:BudgetYearOneBase>
                <proc:BudgetYearOne>109.944</proc:BudgetYearOne>
            </proc:TotalCost>
            <proc:UnitCost>
                <proc:AllPriorYears>288.025</proc:AllPriorYears>
                <proc:CurrentYear>323.583</proc:CurrentYear>
            </proc:UnitCost>
            <proc:NetProcurementP1>
                <proc:AllPriorYears>2016.176</proc:AllPriorYears>
                <proc:PriorYear>53.248</proc:PriorYear>
                <proc:CurrentYear>647.165</proc:CurrentYear>
                <proc:BudgetYearOneBase>109.944</proc:BudgetYearOneBase>
                <proc:BudgetYearOne>109.944</proc:BudgetYearOne>
            </proc:NetProcurementP1>
            <proc:TotalObligationAuthority>
                <proc:AllPriorYears>2016.176</proc:AllPriorYears>
                <proc:PriorYear>53.248</proc:PriorYear>
                <proc:CurrentYear>647.165</proc:CurrentYear>
                <proc:BudgetYearOneBase>109.944</proc:BudgetYearOneBase>
                <proc:BudgetYearOne>109.944</proc:BudgetYearOne>
            </proc:TotalObligationAuthority>
        </proc:ResourceSummary>
        <proc:Code>B</proc:Code>
        <proc:CodeBProgramElementList>
            <proc:ProgramElementNumber>1203269SF</proc:ProgramElementNumber>
        </proc:CodeBProgramElementList>
        <proc:OtherRelatedProgramElementList>
            <proc:ProgramElementNumber>1203269F</proc:ProgramElementNumber>
        </proc:OtherRelatedProgramElementList>
        <proc:Description>The Global Positioning System (GPS) is a space-based navigation system that fills validated Joint Service requirements for worldwide, accurate, common grid, three-dimensional positioning/navigation for military aircraft, ships, and ground personnel. The consistent accuracy, unaffected by location or weather and available in real time, significantly improves effectiveness of reconnaissance, weapons delivery, mine countermeasures and rapid deployment for all services. GPS must comply with Title 10 United States Code (USC) Sec. 2281, which requires that the Secretary of Defense ensures the continued sustainment and operation of GPS for military and civilian purposes, and 51 USC Sec. 50112, which requires that GPS complies with certain standards and facilitates international cooperation.

The system is composed of three programs: User Equipment (funded under Program Element (PE) 1203164F, 1203164SF), Space (funded under PE 1203165F, 1203265F, 1203265SF, 1203269F, and 1203269SF), and a Control Network (funded under PE 1206423F, 1206423SF and 1203165F). The satellites broadcast high accuracy data using precisely synchronized signals that are received and processed by user equipment installed in military platforms. The user equipment computes the platform position and velocity and provides steering vectors to target locations or navigation waypoints. The control segment provides daily updates to the navigation messages broadcast from the satellites to maintain system precision in three dimensions to 16 meters (spherical error probable) worldwide. Additionally, GPS supports the United States Nuclear Detonation (NUDET) Detection System (USNDS) mission and provides strategic and tactical support to the following Department of Defense missions: Joint Operations by providing capabilities for Positioning, Navigation, and Timing (PNT); Command, Control, Communications, and Intelligence; Special Operations; Military Operations in Urban Terrain; Defense-Wide Mission Support; Air Mobility; and Space Launch Orbital Support.

GPS III Follow On (GPS IIIF) delivers improved satellites beyond the first ten space vehicles (SVs) being delivered by the GPS III program (funded in PE 1203265SF GPS III Space Segment). The GPS IIIF satellites maintain the same capabilities as the GPS III satellites, and also deliver significant enhancements to include: backward compatibility, Unified S-Band interface compliance, integration of hosted payloads including a redesigned USNDS payload, Laser Retro-reflector Arrays (LRAs), Search and Rescue/GPS (SAR/GPS), and Regional Military Protection (RMP) capabilities that provide the ability to deliver high-power regional Military Code signals in specific areas of intended effect. Implementation of RMP into the GPS Enterprise requires integration with the ground and user segments, executed by the GPS Next Generation Operational Control System and Military GPS User Equipment programs, respectively. The SAR/GPS payload provided by Canada fills a validated National Search and Rescue Committee requirement to provide an enduring, space-based distress alerting capability to detect, locate, and relay distress alerts to fulfill its responsibilities under international agreements for Search and Rescue. The LRA, built by the Naval Research Lab, is a passive reflector that improves accuracy and provides better ephemeris data. National Geospatial-Intelligence Agency funds the integration costs of the LRA.

GPS IIIF SVs 11 - 12 are in development and expected Available for Launch dates in FY27. Procurement of SVs 13 and 14 was awarded on October 7, 2020. Additionally, the GPS IIIF program office capitalized on a one-time only opportunity for economy of scale acquisition, via an Alternate Buy Strategy, that reduced total production costs with no expected impact to Acquisition Program Baseline milestones or planned on-orbit delivery of the SVs. SVs 15, 16, and 17 were awarded on October 22, 2021. GPS IIIF SVs 18, 19, and 20 were awarded on October 27, 2022.

An FY 2026 gap in SV procurement supports an updated production alignment resulting from GPS constellation launch delays and GPS IIIF RDT&amp;E technical challenges.  This production rate slow down also leverages a healthy GPS constellation while funding near-term priority Space Force needs in FY 2026.  This extends GPS IIIF SV procurement into FY 2031.

Funding for this exhibit is contained in PE 1203269SF.</proc:Description>
        <proc:Justification>FY 2026 funding procures all resources necessary to maintain the current build schedules for the production GPS IIIF SVs13-20 SVs to support the planned GPS IIIF Available for Launch (AFL) dates. GPS IIIF will continue additional product procurement activities such as upgrading its Electrical Ground Support Equipment (EGSE) to ensure efficient and successful testing of the 10 space vehicles currently on contract and to ensure new security requirements are being met. EGSE is critical to the space vehicle build process providing verification of workmanship and performance before it is launched and placed in operation.. These funds will be utilized to maintain the GPS IIIF Flight Software baseline and updates to the simulators due to the larger evolved Bus (eBus) for SVs 13+. GPS IIIF will fund Mission Unique Hardware (MUH) and services for two launch service contracts which SSC Assured Access to Space (SSC/AATS) will award in FY 2026 for launch in FY2028. The mission unique items and services are critical to ensuring a successful integration and launch with the launch service providers.

FY 2026 funding will allow the program to rapidly respond to implement system resiliency and situational awareness necessary to operate through the contested space domain. Activities may include, but are not limited to, program office support, studies, technical analysis, and activities that may leverage commercial, U.S. Government partnership, and international opportunities to respond to existing and emerging adversarial threats with speed and agility, etc.</proc:Justification>
        <proc:MDAPCode>590</proc:MDAPCode>
        <proc:ItemExhibitList>
            <proc:P5Item>
                <proc:Name>GPSIII Follow On</proc:Name>
                <proc:IdCode>B</proc:IdCode>
                <proc:Remarks>GPS IIIF Other Contract Actions and Launch Readiness increases in FY26 are due to preparation for launch activities in FY28, including integration and risk reduction activities.</proc:Remarks>
                <proc:ResourceSummary>
                    <proc:Quantity>
                        <proc:AllPriorYears>7</proc:AllPriorYears>
                        <proc:CurrentYear>2</proc:CurrentYear>
                    </proc:Quantity>
                    <proc:TotalCost>
                        <proc:AllPriorYears>2016.176</proc:AllPriorYears>
                        <proc:PriorYear>53.248</proc:PriorYear>
                        <proc:CurrentYear>647.165</proc:CurrentYear>
                        <proc:BudgetYearOneBase>109.944</proc:BudgetYearOneBase>
                        <proc:BudgetYearOne>109.944</proc:BudgetYearOne>
                    </proc:TotalCost>
                    <proc:UnitCost>
                        <proc:AllPriorYears>288.025</proc:AllPriorYears>
                        <proc:CurrentYear>323.583</proc:CurrentYear>
                    </proc:UnitCost>
                    <proc:NetProcurementP1>
                        <proc:AllPriorYears>2016.176</proc:AllPriorYears>
                        <proc:PriorYear>53.248</proc:PriorYear>
                        <proc:CurrentYear>647.165</proc:CurrentYear>
                        <proc:BudgetYearOneBase>109.944</proc:BudgetYearOneBase>
                        <proc:BudgetYearOne>109.944</proc:BudgetYearOne>
                    </proc:NetProcurementP1>
                    <proc:TotalObligationAuthority>
                        <proc:AllPriorYears>2016.176</proc:AllPriorYears>
                        <proc:PriorYear>53.248</proc:PriorYear>
                        <proc:CurrentYear>647.165</proc:CurrentYear>
                        <proc:BudgetYearOneBase>109.944</proc:BudgetYearOneBase>
                        <proc:BudgetYearOne>109.944</proc:BudgetYearOne>
                    </proc:TotalObligationAuthority>
                </proc:ResourceSummary>
                <proc:CostElementCategoryList>
                    <proc:SpaceVehicle>
                        <proc:Name>GPSIII Follow On</proc:Name>
                        <proc:Recurring>
                            <proc:CostElementList>
                                <proc:CostElement>
                                    <proc:Name>GPS IIIF SV13-32</proc:Name>
                                    <proc:Cost>
                                        <proc:Quantity>
                                            <proc:AllPriorYears>7</proc:AllPriorYears>
                                            <proc:CurrentYear>2</proc:CurrentYear>
                                        </proc:Quantity>
                                        <proc:TotalCost>
                                            <proc:AllPriorYears>1794.54</proc:AllPriorYears>
                                            <proc:CurrentYear>545.964</proc:CurrentYear>
                                        </proc:TotalCost>
                                        <proc:UnitCost>
                                            <proc:AllPriorYears>256.363</proc:AllPriorYears>
                                            <proc:CurrentYear>272.982</proc:CurrentYear>
                                        </proc:UnitCost>
                                    </proc:Cost>
                                    <proc:AllPriorYearsDeliveries>0</proc:AllPriorYearsDeliveries>
                                    <proc:ManufacturerList>
                                        <proc:Manufacturer>
                                            <proc:Name>Lockheed Martin</proc:Name>
                                            <proc:Location>Littleton, CO</proc:Location>
                                            <proc:MinimumSustainingRate>1.00</proc:MinimumSustainingRate>
                                            <proc:MaximumProductionRate>4.00</proc:MaximumProductionRate>
                                            <proc:Rate185>2.00</proc:Rate185>
                                            <proc:InitialQuantity>
                                                <proc:AdminLeadTimeBeforeOct1InMonths>0</proc:AdminLeadTimeBeforeOct1InMonths>
                                                <proc:AdminLeadTimeAfterOct1InMonths>8</proc:AdminLeadTimeAfterOct1InMonths>
                                                <proc:ProductionLeadTimeAfterOct1InMonths>70</proc:ProductionLeadTimeAfterOct1InMonths>
                                                <proc:TotalLeadTimeAfterOct1InMonths>78</proc:TotalLeadTimeAfterOct1InMonths>
                                            </proc:InitialQuantity>
                                            <proc:ReorderQuantity>
                                                <proc:AdminLeadTimeBeforeOct1InMonths>0</proc:AdminLeadTimeBeforeOct1InMonths>
                                                <proc:AdminLeadTimeAfterOct1InMonths>0</proc:AdminLeadTimeAfterOct1InMonths>
                                                <proc:ProductionLeadTimeAfterOct1InMonths>0</proc:ProductionLeadTimeAfterOct1InMonths>
                                                <proc:TotalLeadTimeAfterOct1InMonths>0</proc:TotalLeadTimeAfterOct1InMonths>
                                            </proc:ReorderQuantity>
                                            <proc:HistoryPlanningList>
                                                <proc:HistoryPlanning>
                                                    <proc:FiscalYear>2021</proc:FiscalYear>
                                                    <proc:PCOLocation>SSC, LA AFB, CA</proc:PCOLocation>
                                                    <proc:AwardDate>2020-10</proc:AwardDate>
                                                    <proc:FirstDeliveryDate>2028-04</proc:FirstDeliveryDate>
                                                    <proc:Quantity>2</proc:Quantity>
                                                    <proc:UnitCost>277.083</proc:UnitCost>
                                                    <proc:SpecsAvailableNow>false</proc:SpecsAvailableNow>
                                                    <proc:RevisionsAvailableDate>2020-09</proc:RevisionsAvailableDate>
                                                    <proc:ContractMethod>C</proc:ContractMethod>
                                                    <proc:ContractType>FPIF</proc:ContractType>
                                                    <proc:MonthlyDeliveryScheduleList>
                                                        <proc:MonthlyDeliverySchedule>
                                                            <proc:ServiceAgencyName>Air Force</proc:ServiceAgencyName>
                                                            <proc:ProcQuantity>2</proc:ProcQuantity>
                                                            <proc:MonthlyDeliveryList>
                                                                <proc:MonthlyDelivery>
                                                                    <proc:Month>2028-04</proc:Month>
                                                                    <proc:Amount>1</proc:Amount>
                                                                </proc:MonthlyDelivery>
                                                                <proc:MonthlyDelivery>
                                                                    <proc:Month>2028-08</proc:Month>
                                                                    <proc:Amount>1</proc:Amount>
                                                                </proc:MonthlyDelivery>
                                                            </proc:MonthlyDeliveryList>
                                                        </proc:MonthlyDeliverySchedule>
                                                    </proc:MonthlyDeliveryScheduleList>
                                                    <proc:MonthlyDeliveryScheduleTotal>
                                                        <proc:ProcQuantity>2</proc:ProcQuantity>
                                                        <proc:MonthlyDeliveryList>
                                                            <proc:MonthlyDelivery>
                                                                <proc:Month>2028-04</proc:Month>
                                                                <proc:Amount>1</proc:Amount>
                                                            </proc:MonthlyDelivery>
                                                            <proc:MonthlyDelivery>
                                                                <proc:Month>2028-08</proc:Month>
                                                                <proc:Amount>1</proc:Amount>
                                                            </proc:MonthlyDelivery>
                                                        </proc:MonthlyDeliveryList>
                                                    </proc:MonthlyDeliveryScheduleTotal>
                                                </proc:HistoryPlanning>
                                                <proc:HistoryPlanning>
                                                    <proc:FiscalYear>2022</proc:FiscalYear>
                                                    <proc:PCOLocation>SSC, LA AFB, CA</proc:PCOLocation>
                                                    <proc:AwardDate>2021-10</proc:AwardDate>
                                                    <proc:FirstDeliveryDate>2028-12</proc:FirstDeliveryDate>
                                                    <proc:Quantity>3</proc:Quantity>
                                                    <proc:UnitCost>257.575</proc:UnitCost>
                                                    <proc:SpecsAvailableNow>false</proc:SpecsAvailableNow>
                                                    <proc:RevisionsAvailableDate>2021-09</proc:RevisionsAvailableDate>
                                                    <proc:ContractMethod>C</proc:ContractMethod>
                                                    <proc:ContractType>FPIF</proc:ContractType>
                                                    <proc:MonthlyDeliveryScheduleList>
                                                        <proc:MonthlyDeliverySchedule>
                                                            <proc:ServiceAgencyName>Air Force</proc:ServiceAgencyName>
                                                            <proc:ProcQuantity>3</proc:ProcQuantity>
                                                            <proc:MonthlyDeliveryList>
                                                                <proc:MonthlyDelivery>
                                                                    <proc:Month>2028-12</proc:Month>
                                                                    <proc:Amount>1</proc:Amount>
                                                                </proc:MonthlyDelivery>
                                                                <proc:MonthlyDelivery>
                                                                    <proc:Month>2029-04</proc:Month>
                                                                    <proc:Amount>1</proc:Amount>
                                                                </proc:MonthlyDelivery>
                                                                <proc:MonthlyDelivery>
                                                                    <proc:Month>2029-08</proc:Month>
                                                                    <proc:Amount>1</proc:Amount>
                                                                </proc:MonthlyDelivery>
                                                            </proc:MonthlyDeliveryList>
                                                        </proc:MonthlyDeliverySchedule>
                                                    </proc:MonthlyDeliveryScheduleList>
                                                    <proc:MonthlyDeliveryScheduleTotal>
                                                        <proc:ProcQuantity>3</proc:ProcQuantity>
                                                        <proc:MonthlyDeliveryList>
                                                            <proc:MonthlyDelivery>
                                                                <proc:Month>2028-12</proc:Month>
                                                                <proc:Amount>1</proc:Amount>
                                                            </proc:MonthlyDelivery>
                                                            <proc:MonthlyDelivery>
                                                                <proc:Month>2029-04</proc:Month>
                                                                <proc:Amount>1</proc:Amount>
                                                            </proc:MonthlyDelivery>
                                                            <proc:MonthlyDelivery>
                                                                <proc:Month>2029-08</proc:Month>
                                                                <proc:Amount>1</proc:Amount>
                                                            </proc:MonthlyDelivery>
                                                        </proc:MonthlyDeliveryList>
                                                    </proc:MonthlyDeliveryScheduleTotal>
                                                </proc:HistoryPlanning>
                                                <proc:HistoryPlanning>
                                                    <proc:FiscalYear>2023</proc:FiscalYear>
                                                    <proc:PCOLocation>SSC, LA AFB, CA</proc:PCOLocation>
                                                    <proc:AwardDate>2022-10</proc:AwardDate>
                                                    <proc:FirstDeliveryDate>2029-12</proc:FirstDeliveryDate>
                                                    <proc:Quantity>2</proc:Quantity>
                                                    <proc:UnitCost>271.524</proc:UnitCost>
                                                    <proc:SpecsAvailableNow>false</proc:SpecsAvailableNow>
                                                    <proc:RevisionsAvailableDate>2022-09</proc:RevisionsAvailableDate>
                                                    <proc:ContractMethod>C</proc:ContractMethod>
                                                    <proc:ContractType>FPIF</proc:ContractType>
                                                    <proc:MonthlyDeliveryScheduleList>
                                                        <proc:MonthlyDeliverySchedule>
                                                            <proc:ServiceAgencyName>Air Force</proc:ServiceAgencyName>
                                                            <proc:ProcQuantity>2</proc:ProcQuantity>
                                                            <proc:MonthlyDeliveryList>
                                                                <proc:MonthlyDelivery>
                                                                    <proc:Month>2029-12</proc:Month>
                                                                    <proc:Amount>1</proc:Amount>
                                                                </proc:MonthlyDelivery>
                                                                <proc:MonthlyDelivery>
                                                                    <proc:Month>2030-04</proc:Month>
                                                                    <proc:Amount>1</proc:Amount>
                                                                </proc:MonthlyDelivery>
                                                            </proc:MonthlyDeliveryList>
                                                        </proc:MonthlyDeliverySchedule>
                                                    </proc:MonthlyDeliveryScheduleList>
                                                    <proc:MonthlyDeliveryScheduleTotal>
                                                        <proc:ProcQuantity>2</proc:ProcQuantity>
                                                        <proc:MonthlyDeliveryList>
                                                            <proc:MonthlyDelivery>
                                                                <proc:Month>2029-12</proc:Month>
                                                                <proc:Amount>1</proc:Amount>
                                                            </proc:MonthlyDelivery>
                                                            <proc:MonthlyDelivery>
                                                                <proc:Month>2030-04</proc:Month>
                                                                <proc:Amount>1</proc:Amount>
                                                            </proc:MonthlyDelivery>
                                                        </proc:MonthlyDeliveryList>
                                                    </proc:MonthlyDeliveryScheduleTotal>
                                                </proc:HistoryPlanning>
                                                <proc:HistoryPlanning>
                                                    <proc:FiscalYear>2025</proc:FiscalYear>
                                                    <proc:PCOLocation>SSC, LA AFB, CA</proc:PCOLocation>
                                                    <proc:AwardDate>2025-05</proc:AwardDate>
                                                    <proc:FirstDeliveryDate>2031-03</proc:FirstDeliveryDate>
                                                    <proc:Quantity>2</proc:Quantity>
                                                    <proc:UnitCost>272.982</proc:UnitCost>
                                                    <proc:SpecsAvailableNow>false</proc:SpecsAvailableNow>
                                                    <proc:RevisionsAvailableDate>2024-09</proc:RevisionsAvailableDate>
                                                    <proc:ContractMethod>C</proc:ContractMethod>
                                                    <proc:ContractType>FPIF</proc:ContractType>
                                                    <proc:MonthlyDeliveryScheduleList>
                                                        <proc:MonthlyDeliverySchedule>
                                                            <proc:ServiceAgencyName>Air Force</proc:ServiceAgencyName>
                                                            <proc:ProcQuantity>2</proc:ProcQuantity>
                                                            <proc:MonthlyDeliveryList>
                                                                <proc:MonthlyDelivery>
                                                                    <proc:Month>2031-03</proc:Month>
                                                                    <proc:Amount>1</proc:Amount>
                                                                </proc:MonthlyDelivery>
                                                                <proc:MonthlyDelivery>
                                                                    <proc:Month>2031-09</proc:Month>
                                                                    <proc:Amount>1</proc:Amount>
                                                                </proc:MonthlyDelivery>
                                                            </proc:MonthlyDeliveryList>
                                                        </proc:MonthlyDeliverySchedule>
                                                    </proc:MonthlyDeliveryScheduleList>
                                                    <proc:MonthlyDeliveryScheduleTotal>
                                                        <proc:ProcQuantity>2</proc:ProcQuantity>
                                                        <proc:MonthlyDeliveryList>
                                                            <proc:MonthlyDelivery>
                                                                <proc:Month>2031-03</proc:Month>
                                                                <proc:Amount>1</proc:Amount>
                                                            </proc:MonthlyDelivery>
                                                            <proc:MonthlyDelivery>
                                                                <proc:Month>2031-09</proc:Month>
                                                                <proc:Amount>1</proc:Amount>
                                                            </proc:MonthlyDelivery>
                                                        </proc:MonthlyDeliveryList>
                                                    </proc:MonthlyDeliveryScheduleTotal>
                                                </proc:HistoryPlanning>
                                            </proc:HistoryPlanningList>
                                        </proc:Manufacturer>
                                    </proc:ManufacturerList>
                                </proc:CostElement>
                                <proc:CostElement>
                                    <proc:Name>GPS IIIF Other Contract Actions</proc:Name>
                                    <proc:Cost>
                                        <proc:TotalCost>
                                            <proc:AllPriorYears>7.289</proc:AllPriorYears>
                                            <proc:PriorYear>7.371</proc:PriorYear>
                                            <proc:CurrentYear>37.714</proc:CurrentYear>
                                            <proc:BudgetYearOneBase>44.469</proc:BudgetYearOneBase>
                                            <proc:BudgetYearOne>44.469</proc:BudgetYearOne>
                                        </proc:TotalCost>
                                    </proc:Cost>
                                </proc:CostElement>
                                <proc:CostElement>
                                    <proc:Name>GPS IIIF CGR-FFRDC</proc:Name>
                                    <proc:Cost>
                                        <proc:TotalCost>
                                            <proc:BudgetYearOneBase>0.11</proc:BudgetYearOneBase>
                                            <proc:BudgetYearOne>0.11</proc:BudgetYearOne>
                                        </proc:TotalCost>
                                    </proc:Cost>
                                </proc:CostElement>
                                <proc:CostElement>
                                    <proc:Name>GPS IIIF Enterprise SE&amp;I</proc:Name>
                                    <proc:Cost>
                                        <proc:TotalCost>
                                            <proc:AllPriorYears>20.23</proc:AllPriorYears>
                                            <proc:PriorYear>15.375</proc:PriorYear>
                                            <proc:CurrentYear>14.276</proc:CurrentYear>
                                            <proc:BudgetYearOneBase>17.818</proc:BudgetYearOneBase>
                                            <proc:BudgetYearOne>17.818</proc:BudgetYearOne>
                                        </proc:TotalCost>
                                    </proc:Cost>
                                </proc:CostElement>
                                <proc:CostElement>
                                    <proc:Name>GPS IIIF Technical Mission Analysis</proc:Name>
                                    <proc:Cost>
                                        <proc:TotalCost>
                                            <proc:AllPriorYears>22.643</proc:AllPriorYears>
                                            <proc:PriorYear>6.147</proc:PriorYear>
                                            <proc:CurrentYear>9.259</proc:CurrentYear>
                                            <proc:BudgetYearOneBase>6.799</proc:BudgetYearOneBase>
                                            <proc:BudgetYearOne>6.799</proc:BudgetYearOne>
                                        </proc:TotalCost>
                                    </proc:Cost>
                                </proc:CostElement>
                                <proc:CostElement>
                                    <proc:Name>GPS IIIF Associated Product Procurement</proc:Name>
                                    <proc:Cost>
                                        <proc:TotalCost>
                                            <proc:AllPriorYears>3.6</proc:AllPriorYears>
                                            <proc:CurrentYear>0</proc:CurrentYear>
                                        </proc:TotalCost>
                                    </proc:Cost>
                                </proc:CostElement>
                            </proc:CostElementList>
                            <proc:CategorySubtotal>
                                <proc:TotalCost>
                                    <proc:AllPriorYears>1848.302</proc:AllPriorYears>
                                    <proc:PriorYear>28.893</proc:PriorYear>
                                    <proc:CurrentYear>607.213</proc:CurrentYear>
                                    <proc:BudgetYearOneBase>69.196</proc:BudgetYearOneBase>
                                    <proc:BudgetYearOne>69.196</proc:BudgetYearOne>
                                </proc:TotalCost>
                            </proc:CategorySubtotal>
                        </proc:Recurring>
                        <proc:CategorySubtotal>
                            <proc:TotalCost>
                                <proc:AllPriorYears>1848.302</proc:AllPriorYears>
                                <proc:PriorYear>28.893</proc:PriorYear>
                                <proc:CurrentYear>607.213</proc:CurrentYear>
                                <proc:BudgetYearOneBase>69.196</proc:BudgetYearOneBase>
                                <proc:BudgetYearOne>69.196</proc:BudgetYearOne>
                            </proc:TotalCost>
                        </proc:CategorySubtotal>
                    </proc:SpaceVehicle>
                    <proc:SpaceVehicle>
                        <proc:Name>Resilient GPS</proc:Name>
                        <proc:NonRecurring>
                            <proc:CostElementList>
                                <proc:CostElement>
                                    <proc:Name>Resilient GPS</proc:Name>
                                    <proc:Cost>
                                        <proc:TotalCost>
                                            <proc:AllPriorYears>40</proc:AllPriorYears>
                                        </proc:TotalCost>
                                    </proc:Cost>
                                </proc:CostElement>
                            </proc:CostElementList>
                            <proc:CategorySubtotal>
                                <proc:TotalCost>
                                    <proc:AllPriorYears>40</proc:AllPriorYears>
                                </proc:TotalCost>
                            </proc:CategorySubtotal>
                        </proc:NonRecurring>
                        <proc:CategorySubtotal>
                            <proc:TotalCost>
                                <proc:AllPriorYears>40</proc:AllPriorYears>
                            </proc:TotalCost>
                        </proc:CategorySubtotal>
                    </proc:SpaceVehicle>
                    <proc:CheckoutAndLaunch>
                        <proc:CostElementList>
                            <proc:CostElement>
                                <proc:Name>GPS IIIF Launch Readiness</proc:Name>
                                <proc:Cost>
                                    <proc:TotalCost>
                                        <proc:CurrentYear>11.349</proc:CurrentYear>
                                        <proc:BudgetYearOneBase>17.876</proc:BudgetYearOneBase>
                                        <proc:BudgetYearOne>17.876</proc:BudgetYearOne>
                                    </proc:TotalCost>
                                </proc:Cost>
                            </proc:CostElement>
                            <proc:CostElement>
                                <proc:Name>GPS IIIF Launch Vehicle Integration</proc:Name>
                                <proc:Cost>
                                    <proc:TotalCost>
                                        <proc:BudgetYearOneBase>7.754</proc:BudgetYearOneBase>
                                        <proc:BudgetYearOne>7.754</proc:BudgetYearOne>
                                    </proc:TotalCost>
                                </proc:Cost>
                            </proc:CostElement>
                        </proc:CostElementList>
                        <proc:CategorySubtotal>
                            <proc:TotalCost>
                                <proc:CurrentYear>11.349</proc:CurrentYear>
                                <proc:BudgetYearOneBase>25.63</proc:BudgetYearOneBase>
                                <proc:BudgetYearOne>25.63</proc:BudgetYearOne>
                            </proc:TotalCost>
                        </proc:CategorySubtotal>
                        <proc:Name>GPSIII Follow On</proc:Name>
                    </proc:CheckoutAndLaunch>
                    <proc:Support>
                        <proc:CostElementList>
                            <proc:CostElement>
                                <proc:Name>GPS IIIF FFRDC</proc:Name>
                                <proc:Cost>
                                    <proc:TotalCost>
                                        <proc:AllPriorYears>25.275</proc:AllPriorYears>
                                        <proc:PriorYear>2.647</proc:PriorYear>
                                        <proc:CurrentYear>5.985</proc:CurrentYear>
                                        <proc:BudgetYearOneBase>1.98</proc:BudgetYearOneBase>
                                        <proc:BudgetYearOne>1.98</proc:BudgetYearOne>
                                    </proc:TotalCost>
                                </proc:Cost>
                            </proc:CostElement>
                            <proc:CostElement>
                                <proc:Name>GPS IIIF A&amp;AS</proc:Name>
                                <proc:Cost>
                                    <proc:TotalCost>
                                        <proc:AllPriorYears>100.524</proc:AllPriorYears>
                                        <proc:PriorYear>20.902</proc:PriorYear>
                                        <proc:CurrentYear>20.743</proc:CurrentYear>
                                        <proc:BudgetYearOneBase>12.888</proc:BudgetYearOneBase>
                                        <proc:BudgetYearOne>12.888</proc:BudgetYearOne>
                                    </proc:TotalCost>
                                </proc:Cost>
                            </proc:CostElement>
                            <proc:CostElement>
                                <proc:Name>GPS IIIF Other Support</proc:Name>
                                <proc:Cost>
                                    <proc:TotalCost>
                                        <proc:AllPriorYears>2.075</proc:AllPriorYears>
                                        <proc:PriorYear>0.806</proc:PriorYear>
                                        <proc:CurrentYear>1.875</proc:CurrentYear>
                                        <proc:BudgetYearOneBase>0.25</proc:BudgetYearOneBase>
                                        <proc:BudgetYearOne>0.25</proc:BudgetYearOne>
                                    </proc:TotalCost>
                                </proc:Cost>
                            </proc:CostElement>
                        </proc:CostElementList>
                        <proc:CategorySubtotal>
                            <proc:TotalCost>
                                <proc:AllPriorYears>127.874</proc:AllPriorYears>
                                <proc:PriorYear>24.355</proc:PriorYear>
                                <proc:CurrentYear>28.603</proc:CurrentYear>
                                <proc:BudgetYearOneBase>15.118</proc:BudgetYearOneBase>
                                <proc:BudgetYearOne>15.118</proc:BudgetYearOne>
                            </proc:TotalCost>
                        </proc:CategorySubtotal>
                        <proc:Name>GPSIII Follow On</proc:Name>
                    </proc:Support>
                </proc:CostElementCategoryList>
            </proc:P5Item>
        </proc:ItemExhibitList>
        <proc:DocumentAssemblyOptions>
            <proc:p40AItemScheduleSetting>expandItemSuppressExhibit</proc:p40AItemScheduleSetting>
        </proc:DocumentAssemblyOptions>
    </proc:LineItem>
</proc:LineItemList>