<?xml version="1.0" encoding="UTF-8"?>
<proc:LineItemList xmlns:proc="http://www.dtic.mil/comptroller/xml/schema/20100219/procurement">
    <proc:LineItem quantityUnits="Each" unitCostUnits="Millions" totalCostUnits="Millions" manufacturerRateUnits="Yearly">
        <proc:LineItemNumber>GNRLIT</proc:LineItemNumber>
        <proc:LineItemTitle>General Information Tech - Space</proc:LineItemTitle>
        <proc:P1LineNumber>10</proc:P1LineNumber>
        <proc:BudgetYear>2026</proc:BudgetYear>
        <proc:BudgetCycle>PB</proc:BudgetCycle>
        <proc:SubmissionDate>2025-06</proc:SubmissionDate>
        <proc:ServiceAgencyName>Air Force</proc:ServiceAgencyName>
        <proc:AppropriationNumber>3022F</proc:AppropriationNumber>
        <proc:AppropriationTitle>Procurement, Space Force</proc:AppropriationTitle>
        <proc:BudgetActivityNumber>1</proc:BudgetActivityNumber>
        <proc:BudgetActivityTitle>Space Procurement, SF</proc:BudgetActivityTitle>
        <proc:BudgetSubActivityNumber>10</proc:BudgetSubActivityNumber>
        <proc:BudgetSubActivityTitle>Space Programs</proc:BudgetSubActivityTitle>
        <proc:ResourceSummary>
            <proc:TotalCost>
                <proc:PriorYear>3.451</proc:PriorYear>
                <proc:CurrentYear>2.189</proc:CurrentYear>
                <proc:BudgetYearOneBase>1.835</proc:BudgetYearOneBase>
                <proc:BudgetYearOne>1.835</proc:BudgetYearOne>
            </proc:TotalCost>
            <proc:NetProcurementP1>
                <proc:PriorYear>3.451</proc:PriorYear>
                <proc:CurrentYear>2.189</proc:CurrentYear>
                <proc:BudgetYearOneBase>1.835</proc:BudgetYearOneBase>
                <proc:BudgetYearOne>1.835</proc:BudgetYearOne>
            </proc:NetProcurementP1>
            <proc:TotalObligationAuthority>
                <proc:PriorYear>3.451</proc:PriorYear>
                <proc:CurrentYear>2.189</proc:CurrentYear>
                <proc:BudgetYearOneBase>1.835</proc:BudgetYearOneBase>
                <proc:BudgetYearOne>1.835</proc:BudgetYearOne>
            </proc:TotalObligationAuthority>
        </proc:ResourceSummary>
        <proc:Code>B</proc:Code>
        <proc:CodeBProgramElementList>
            <proc:ProgramElementNumber>1203174SF</proc:ProgramElementNumber>
            <proc:ProgramElementNumber>1208736SF</proc:ProgramElementNumber>
        </proc:CodeBProgramElementList>
        <proc:Description>Funding for this exhibit is contained in PE 1203174SF, PE 1208736SF, and PE 1208739SF.

PE 1203174SF Space Innovation, Integration and Rapid Technology Development
Located at Peterson Space Force Base, Colorado, the Space Innovation, Integration and Rapid Technology Development (SIIRTD) program supports the U.S. Space Force Analysis Center Advanced Virtual Analysis Capability (AVAC) system, a stand-alone system that provides a crosscutting capability to conduct, support, and report analysis on a myriad of tools, data, models and simulations. AVAC allows leadership to make decisions based on quantifiable operational impacts using various vignettes and studies applied to space and cyber assets. Funding buys system-specific hardware, software, routers, licenses, etc., to maintain the efficiency and compatibility with all current models.

PE 1208736SF Range and Adversary
This effort is executed by the Space Training and Readiness Command (STARCOM) located at Peterson Space Force Base in Colorado Springs.  The Program Element enables the Department of Defense's only Space Test and Training Range, providing joint, service, and coalition customers with a safe and secure environment to support space control technique development and space test, training, and exercise activities. Also enables space aggressor capability which provides the United States Space Force's (USSF) professional adversary force, integrating across domains to ensure allied victory.  Aggressors replicate the threat through expertise in multi-domain adversary operations and tactics, education of USSF, United States Air Force, Joint, and Coalition communities on multi-domain threats, as well as execution of integrated, advanced, and credible multi-domain threat replication operations in exercise and test environments.  Provides threat replication across the full spectrum of space and counter space threats, to include Global Positioning System Electronic Attack, Satellite Communication EA, Orbital Warfare, and Adversary SATCOM Network.     

PE 1208739SF Training and Readiness
This effort is executed by the Space Training and Readiness Command (STARCOM) located at Peterson Space Force Base in Colorado Springs.  As directed by the AF Operational Training Infrastructure 2035 Flight Plan, space training holds a high priority for training capabilities that include a holistic and integrated approach and achieves full-spectrum readiness for space forces. The Distributed Communications Architecture (DCA) within the Distributed Mission Operations provides this technology and allows the USSF to evolve toward more space trainers and simulators that are network capable and able to interact in a synthetic environment with other weapon system trainers and a multi-domain command and control entity, pulling in data from a resilient enterprise ground architecture.  The technology within the DCA allows for a distributed combat training environment for warfighters around the globe, remotely, without the need to travel to a dedicated training/exercise site.</proc:Description>
        <proc:Justification>PE 1203174SF SIIRTD FY 2026 ($0.455M) Funding will be used to continue to upgrade hardware and software that is end-of-life to meet security compliance requirements. In additional, funding will continue to support configuration changes to systems requiring equipment procurement for the SIIRTD USSF Virtual Analysis Capability (AVAC) system and other supporting space and cyber modeling &amp; analysis using a variety of Linux and Windows based hardware and software suites. Also procures Information Technology (IT) hardware and software infrastructure.  

PE 1208736SF Range and Adversary FY 2025 ($1.073M) funds in this program provides realistic and relevant threat replication, through Commercial off-the-shelf (COTS) GPS and SATCOM equipment.  Current equipment is over 10 years old, failing, antiquated and therefore does not accurately replicate existing adversary threats due to system limitations.  Procurement funding will provide a 166% increase SATCOM availability and 120% increase in GPC electronic attack assets used to replicate adversary counter-space operations in support of Joint training audiences.  Funds provide recapitalization of five SATCOM equipment assets and eight GPS assets within FY23-25; FY26 and beyond provides a steady-state sustainment and replacement cycle for both SATCOM and GPS assets.  Without funding, the space aggressors are at risk of significant degradation in their threat replication capabilities. Aging equipment will prevent the space aggressors from providing a realistic threat environment and degrade our ability to train joint and coalition partners in a contested, degraded, operationally-limited space environment.

PE 1208739SF Training and Readiness FY 2025 ($1.067M) funds procures information technology hardware &amp; software infrastructure for the Distributed Communications Architecture (DCA) for the Distributed Mission Operations (DMO) for Space. This system provides a network-based communications capability enabling dispersed space personnel to participate in space exercises, like Space Flag, wargames and advanced space training events. DMO provides a high-fidelity theater synthetic battlespace and world-class exercise control to support joint distributed warfighter training, testing and experimentation across the operational and tactical levels of war. It can also support limited command and control capabilities for space operations.

The FY 2025 funding request was reduced by $0.40 million to account for the availability of prior year execution balances.</proc:Justification>
        <proc:DocumentAssemblyOptions>
            <proc:p40AItemScheduleSetting>expandItemSuppressExhibit</proc:p40AItemScheduleSetting>
        </proc:DocumentAssemblyOptions>
    </proc:LineItem>
</proc:LineItemList>