<?xml version="1.0" encoding="UTF-8"?>
<proc:LineItemList xmlns:proc="http://www.dtic.mil/comptroller/xml/schema/20100219/procurement">
    <proc:LineItem quantityUnits="Each" unitCostUnits="Millions" totalCostUnits="Millions" manufacturerRateUnits="Yearly">
        <proc:LineItemNumber>ESS000</proc:LineItemNumber>
        <proc:LineItemTitle>Evolved Strategic SATCOM (ESS)</proc:LineItemTitle>
        <proc:P1LineNumber>5</proc:P1LineNumber>
        <proc:BudgetYear>2026</proc:BudgetYear>
        <proc:BudgetCycle>PB</proc:BudgetCycle>
        <proc:SubmissionDate>2025-06</proc:SubmissionDate>
        <proc:ServiceAgencyName>Air Force</proc:ServiceAgencyName>
        <proc:AppropriationNumber>3022F</proc:AppropriationNumber>
        <proc:AppropriationTitle>Procurement, Space Force</proc:AppropriationTitle>
        <proc:BudgetActivityNumber>1</proc:BudgetActivityNumber>
        <proc:BudgetActivityTitle>Space Procurement, SF</proc:BudgetActivityTitle>
        <proc:BudgetSubActivityNumber>10</proc:BudgetSubActivityNumber>
        <proc:BudgetSubActivityTitle>Space Programs</proc:BudgetSubActivityTitle>
        <proc:ResourceSummary>
            <proc:TotalCost>
                <proc:PriorYear>0</proc:PriorYear>
                <proc:CurrentYear>0</proc:CurrentYear>
                <proc:BudgetYearOneBase>0</proc:BudgetYearOneBase>
                <proc:BudgetYearOne>0</proc:BudgetYearOne>
            </proc:TotalCost>
            <proc:PYAdvanceProcurement>
                <proc:PriorYear>0</proc:PriorYear>
                <proc:CurrentYear>0</proc:CurrentYear>
                <proc:BudgetYearOneBase>0</proc:BudgetYearOneBase>
                <proc:BudgetYearOne>0</proc:BudgetYearOne>
            </proc:PYAdvanceProcurement>
            <proc:NetProcurementP1>
                <proc:PriorYear>0</proc:PriorYear>
                <proc:CurrentYear>0</proc:CurrentYear>
                <proc:BudgetYearOneBase>0</proc:BudgetYearOneBase>
                <proc:BudgetYearOne>0</proc:BudgetYearOne>
            </proc:NetProcurementP1>
            <proc:CYAdvanceProcurement>
                <proc:PriorYear>0</proc:PriorYear>
                <proc:CurrentYear>0</proc:CurrentYear>
                <proc:BudgetYearOneBase>64.996</proc:BudgetYearOneBase>
                <proc:BudgetYearOne>64.996</proc:BudgetYearOne>
            </proc:CYAdvanceProcurement>
            <proc:TotalObligationAuthority>
                <proc:PriorYear>0</proc:PriorYear>
                <proc:CurrentYear>0</proc:CurrentYear>
                <proc:BudgetYearOneBase>64.996</proc:BudgetYearOneBase>
                <proc:BudgetYearOne>64.996</proc:BudgetYearOne>
            </proc:TotalObligationAuthority>
        </proc:ResourceSummary>
        <proc:Code>B</proc:Code>
        <proc:CodeBProgramElementList>
            <proc:ProgramElementNumber>1206855SF</proc:ProgramElementNumber>
        </proc:CodeBProgramElementList>
        <proc:OtherRelatedProgramElementList>
            <proc:ProgramElementNumber>1206855F</proc:ProgramElementNumber>
        </proc:OtherRelatedProgramElementList>
        <proc:Description>ESS is the backbone for Joint All Domain Nuclear Command, Control and Communications (NC3). The system will replace Advanced Extremely High Frequency (AEHF) Strategic Satellite Communications (SATCOM) services to provide global, integrated, survivable, resilient, and dynamic ground and satellite communications for assured strategic endurance across the conflict continuum. The ESS program underwent a resiliency architecture shift to address emerging sophisticated threats and to ensure strategic SATCOM capabilities are available to the National Command Authority (NCA), Combatant Commanders, and joint warfighters in any potential future conflict. It will provide the only arctic DoD strategic communication capability across the joint enterprise, and will provide worldwide secure, jam-resistant communications for strategic ground, sea, and air assets. ESS will support existing strategic user terminals in all operational environments.

ESS is acquired and developed in several parallel efforts to accelerate delivery of capability to warfighters by the strategic need date in FY 2032. The ESS System includes a Space Segment (ACAT-I), Ground, and Integration Segment (ACAT-I equiv), and a Crypto Segment (ACAT-III). The Space Segment plans to transition from a Middle-Tier Acquisition (MTA) to a Major Capability Acquisition (MCA) in FY 2025. The Ground Segment, also known as GRIFFON - Ground Resilient Integration &amp; Framework for Operational NC3, is comprised of the Ground Integration and Framework (GIF), System of Systems Integration (SoSI), and Mission Software Applications. This enables a resilient and modular cybersecure architecture that bridges the gap between modern software best practices and legacy user terminal capability. The GIF/ SoSI is leveraging Software Acquisition Pathway Other Transactional Authority for rapid prototyping of ground software. The ESS Ground Framework creates the cybersecure software development, integration, and operational environments utilizing agile Modular Open Systems Approach (MOSA) principles and onboards hosted external mission applications and services. The SoSI ensures all ESS segments that are acquired in parallel, in addition to external entities, work together to accomplish the mission. Additional mission-unique capabilities, like In-Band Command and Control (C2), Out-of-Band C2, Strategic Mission Planning, Test, Evaluation, Training, and other similar mission capabilities will be acquired modularly as applications that will be hosted on the ESS Ground Framework. The Crypto Segment is focused on the development, integration and testing of National Security Agency (NSA)-certified End-Cryptographic Units (ECUs) that are required for secure strategic communications encryption in the ESS payloads, bus, test terminals, and user terminals.

The modular acquisition approach allows the program to avoid vendor lock in all segments and creates opportunities for industry competition and teaming with small innovative non-traditional partners for the Ground Segment on the Space Enterprise Consortium (SpEC) Other Transactional Authority (OTA). SpEC requires ESS ground segment primary contractors that are developing software to utilize small businesses for significant portion of the prototyping work, allowing the program to integrate innovative best practices, increase agility, reduce costs and development lifecycles, while also expanding the resilient and strategic SATCOM capabilities.

The ESS system adheres to NC3 classification requirements. ESS will meet the requirements for strategic communications and capability gaps identified in the Protected Satellite Communications Services (PSCS) Analysis of Alternatives (AoA), the Protected Follow-on for Resiliency (PAFR) Study and the Strategic Tiger Team. The ESS architecture and functionality will be designed in accordance with the United States Strategic Command's signed ESS Concept of Operations and the Joint Requirements Oversight Council's validated Capability Development Document (CDD) satisfying the legacy Advanced Extremely High Frequency (AEHF) strategic requirements and mission performance with enhancements for increased resiliency and cybersecurity. The ESS system will satisfy emerging requirements using modular open system approaches to support incremental enhancements.

Advanced Procurement funds will be used in FY 2026. These are critical long lead parts for ESS Space Vehicles 3 and 4 in order to maintain the production schedule of ESS Space Vehicles and achieve initial operational capability by FY 2032.

This program element may include necessary civilian pay expenses required to manage, execute, and deliver ESS weapon system capability. The use of such program funds would be in addition to the civilian pay expenses budgeted in program elements 1206392SF, 1206398SF.</proc:Description>
        <proc:Justification>This program is a new start.

FY 2026 Advanced Procurement funds critical long lead parts for ESS Space Vehicles 3 and 4. These parts are crucial for maintaining the production schedule of ESS Space Vehicles to achieve initial operational capability by FY 2032. FY 2026 critical long lead purchases include field programmable gate arrays (FPGAs), printed circuit boards, antenna components, and other electronic components that are in high demand. Some long lead parts may require up to 52 weeks of lead time.

FY 2026 Advanced Procurement also procures independent technical, systems engineering, and integration support critical to managing ESS Space Vehicle production milestones and mission assurance activities. Funding will enable the ability to rapidly respond to emerging threats in the cyber and contested space domain. Additional activities may include, but are not limited to, program office support, studies, technical analysis, experimentation, prototyping, etc.

FY 2026 funding will allow the program to rapidly respond to implement system resiliency and situational awareness necessary to operate through the contested space domain. Activities may include, but are not limited to, program office support, studies, technical analysis, and activities that may leverage commercial, U.S. Government partnership, and international opportunities to respond to existing and emerging adversarial threats with speed and agility, etc.</proc:Justification>
        <proc:AdvanceProcurement>
            <proc:P1LineNumber>6</proc:P1LineNumber>
            <proc:Description>ESS is the backbone for Joint All Domain Nuclear Command, Control and Communications (NC3). The system will replace Advanced Extremely High Frequency (AEHF) Strategic Satellite Communications (SATCOM) services to provide global, integrated, survivable, resilient, and dynamic ground and satellite communications for assured strategic endurance across the conflict continuum. The ESS program underwent a resiliency architecture shift to address emerging sophisticated threats and to ensure strategic SATCOM capabilities are available to the National Command Authority (NCA), Combatant Commanders, and joint warfighters in any potential future conflict. It will provide the only arctic DoD strategic communication capability across the joint enterprise, and will provide worldwide secure, jam-resistant communications for strategic ground, sea, and air assets. ESS will support existing strategic user terminals in all operational environments.

ESS is acquired and developed in several parallel efforts to accelerate delivery of capability to warfighters by the strategic need date in FY 2032. The ESS System includes a Space Segment (ACAT-I), Ground, User, and Integration Segment (ACAT-I equiv), and a Crypto Segment (ACAT-III). The Space Segment plans to transition from a Middle-Tier Acquisition (MTA) to a Major Capability Acquisition (MCA) in FY 2025. The Ground Segment, also known as GRIFFON - Ground Resilient Integration &amp; Framework for Operational NC3, is comprised of the Ground Integration and Framework (GIF), System of Systems Integration (SoSI), and Mission Software Applications. This enables a resilient and modular cybersecure architecture that bridges the gap between modern software best practices and legacy user terminal capability. The GIF/SoSI is leveraging Software Acquisition Pathway Other Transactional Authority for rapid prototyping of ground software. The ESS Ground Framework creates the cybersecure software development, integration, and operational environments utilizing agile Modular Open Systems Approach (MOSA) principles and onboards hosted external mission applications and services. The SoSI ensures all ESS segments that are acquired in parallel, in addition to external entities, work together to accomplish the mission. Additional mission-unique capabilities, like In-Band Command and Control (C2), Out-of- Band C2, Strategic Mission Planning, Test, Evaluation, Training, and other similar mission capabilities will be acquired modularly as applications that will be hosted on the ESS Ground Framework. The Crypto Segment is focused on the development, integration and testing of National Security Agency (NSA)-certified End-Cryptographic Units (ECUs) that are required for secure strategic communications encryption in the ESS payloads, bus, test terminals, and user terminals.

The modular acquisition approach allows the program to avoid vendor lock in all segments and creates opportunities for industry competition and teaming with small innovative non-traditional partners for the Ground Segment on the Space Enterprise Consortium (SpEC) Other Transactional Authority (OTA). SpEC requires ESS ground segment primary contractors that are developing software to utilize small
businesses for significant portion of the prototyping work, allowing the program to integrate innovative best practices, increase agility, reduce costs and development lifecycles, while also expanding the resilient and strategic SATCOM capabilities.

The ESS system adheres to NC3 classification requirements. ESS will meet the requirements for strategic communications and capability gaps identified in the Protected Satellite Communications Services (PSCS) Analysis of Alternatives (AoA), the Protected Follow-on for Resiliency (PAFR) Study and the Strategic Tiger Team. The ESS architecture and functionality will be designed in accordance with the United States Strategic Command's signed ESS Concept of Operations and the Joint Requirements Oversight Council's validated Capability Development Document (CDD) satisfying the legacy Advanced Extremely High Frequency (AEHF) strategic requirements and mission performance with enhancements for increased resiliency and cybersecurity. The ESS system will satisfy emerging requirements using modular open system approaches to support incremental enhancements.

Advanced Procurement funds will be used in FY 2026 and FY 2027. These are critical long lead parts for ESS Space Vehicles 3 and 4 in order to maintain the production schedule of ESS Space Vehicles and achieve initial operational capability by FY 2032.

This program element may include necessary civilian pay expenses required to manage, execute, and deliver ESS weapon system capability. The use of such program funds would be in addition to the civilian pay expenses budgeted in program elements 1206392SF, 1206398SF.</proc:Description>
            <proc:Justification>FY 2026 Advanced Procurement funds critical long lead parts for ESS Space Vehicles 3 and 4. These parts are crucial for maintaining the production schedule of ESS Space Vehicles to achieve initial operational capability by FY 2032. Examples of critical long lead parts for the ESS Space Vehicles include field programmable gate arrays (FPGAs), printed circuit boards, antenna components, and other electronic components that are in high demand. Some long lead parts may require up to 52 weeks of lead time.

FY 2026 Advanced Procurement also funds independent technical, systems engineering, and integration support critical to managing ESS Space Vehicle production milestones and mission assurance activities. Funding will enable the ability to rapidly respond to emerging threats in the cyber and contested space domain. Additional activities may include, but are not limited to, program office support, studies, technical analysis, experimentation, prototyping, etc.</proc:Justification>
        </proc:AdvanceProcurement>
        <proc:ItemExhibitList>
            <proc:P5Item>
                <proc:Name>Evolved Strategic SATCOM (ESS)</proc:Name>
                <proc:IdCode>B</proc:IdCode>
                <proc:ResourceSummary>
                    <proc:TotalCost>
                        <proc:PriorYear>0</proc:PriorYear>
                        <proc:CurrentYear>0</proc:CurrentYear>
                        <proc:BudgetYearOneBase>0</proc:BudgetYearOneBase>
                        <proc:BudgetYearOne>0</proc:BudgetYearOne>
                    </proc:TotalCost>
                    <proc:PYAdvanceProcurement>
                        <proc:PriorYear>0</proc:PriorYear>
                        <proc:CurrentYear>0</proc:CurrentYear>
                        <proc:BudgetYearOneBase>0</proc:BudgetYearOneBase>
                        <proc:BudgetYearOne>0</proc:BudgetYearOne>
                    </proc:PYAdvanceProcurement>
                    <proc:NetProcurementP1>
                        <proc:PriorYear>0</proc:PriorYear>
                        <proc:CurrentYear>0</proc:CurrentYear>
                        <proc:BudgetYearOneBase>0</proc:BudgetYearOneBase>
                        <proc:BudgetYearOne>0</proc:BudgetYearOne>
                    </proc:NetProcurementP1>
                    <proc:CYAdvanceProcurement>
                        <proc:PriorYear>0</proc:PriorYear>
                        <proc:CurrentYear>0</proc:CurrentYear>
                        <proc:BudgetYearOneBase>64.996</proc:BudgetYearOneBase>
                        <proc:BudgetYearOne>64.996</proc:BudgetYearOne>
                    </proc:CYAdvanceProcurement>
                    <proc:TotalObligationAuthority>
                        <proc:PriorYear>0</proc:PriorYear>
                        <proc:CurrentYear>0</proc:CurrentYear>
                        <proc:BudgetYearOneBase>64.996</proc:BudgetYearOneBase>
                        <proc:BudgetYearOne>64.996</proc:BudgetYearOne>
                    </proc:TotalObligationAuthority>
                </proc:ResourceSummary>
                <proc:CostElementCategoryList>
                    <proc:Hardware>
                        <proc:Name>Evolved Strategic SATCOM (ESS)</proc:Name>
                        <proc:NonRecurring>
                            <proc:CostElementList>
                                <proc:CostElement>
                                    <proc:Name>ESS Long Lead Parts</proc:Name>
                                    <proc:Cost>
                                        <proc:TotalCost>
                                            <proc:PriorYear>0</proc:PriorYear>
                                            <proc:CurrentYear>0</proc:CurrentYear>
                                            <proc:BudgetYearOneBase>0</proc:BudgetYearOneBase>
                                            <proc:BudgetYearOne>0</proc:BudgetYearOne>
                                        </proc:TotalCost>
                                    </proc:Cost>
                                </proc:CostElement>
                            </proc:CostElementList>
                            <proc:CategorySubtotal>
                                <proc:TotalCost>
                                    <proc:PriorYear>0</proc:PriorYear>
                                    <proc:CurrentYear>0</proc:CurrentYear>
                                    <proc:BudgetYearOneBase>0</proc:BudgetYearOneBase>
                                    <proc:BudgetYearOne>0</proc:BudgetYearOne>
                                </proc:TotalCost>
                            </proc:CategorySubtotal>
                        </proc:NonRecurring>
                        <proc:CategorySubtotal>
                            <proc:TotalCost>
                                <proc:PriorYear>0</proc:PriorYear>
                                <proc:CurrentYear>0</proc:CurrentYear>
                                <proc:BudgetYearOneBase>0</proc:BudgetYearOneBase>
                                <proc:BudgetYearOne>0</proc:BudgetYearOne>
                            </proc:TotalCost>
                        </proc:CategorySubtotal>
                    </proc:Hardware>
                    <proc:SpaceVehicle>
                        <proc:Name>Evolved Strategic SATCOM (ESS)</proc:Name>
                        <proc:Recurring>
                            <proc:CostElementList>
                                <proc:CostElement>
                                    <proc:Name>ESS Enterprise SE&amp;I</proc:Name>
                                    <proc:Cost>
                                        <proc:TotalCost>
                                            <proc:PriorYear>0</proc:PriorYear>
                                            <proc:CurrentYear>0</proc:CurrentYear>
                                            <proc:BudgetYearOneBase>0</proc:BudgetYearOneBase>
                                            <proc:BudgetYearOne>0</proc:BudgetYearOne>
                                        </proc:TotalCost>
                                    </proc:Cost>
                                </proc:CostElement>
                                <proc:CostElement>
                                    <proc:Name>ESS Technical Mission Analysis</proc:Name>
                                    <proc:Cost>
                                        <proc:TotalCost>
                                            <proc:PriorYear>0</proc:PriorYear>
                                            <proc:CurrentYear>0</proc:CurrentYear>
                                            <proc:BudgetYearOneBase>0</proc:BudgetYearOneBase>
                                            <proc:BudgetYearOne>0</proc:BudgetYearOne>
                                        </proc:TotalCost>
                                    </proc:Cost>
                                </proc:CostElement>
                            </proc:CostElementList>
                            <proc:CategorySubtotal>
                                <proc:TotalCost>
                                    <proc:PriorYear>0</proc:PriorYear>
                                    <proc:CurrentYear>0</proc:CurrentYear>
                                    <proc:BudgetYearOneBase>0</proc:BudgetYearOneBase>
                                    <proc:BudgetYearOne>0</proc:BudgetYearOne>
                                </proc:TotalCost>
                            </proc:CategorySubtotal>
                        </proc:Recurring>
                        <proc:CategorySubtotal>
                            <proc:TotalCost>
                                <proc:PriorYear>0</proc:PriorYear>
                                <proc:CurrentYear>0</proc:CurrentYear>
                                <proc:BudgetYearOneBase>0</proc:BudgetYearOneBase>
                                <proc:BudgetYearOne>0</proc:BudgetYearOne>
                            </proc:TotalCost>
                        </proc:CategorySubtotal>
                    </proc:SpaceVehicle>
                    <proc:Support>
                        <proc:CostElementList>
                            <proc:CostElement>
                                <proc:Name>FFRDC</proc:Name>
                                <proc:Cost>
                                    <proc:TotalCost>
                                        <proc:PriorYear>0</proc:PriorYear>
                                        <proc:CurrentYear>0</proc:CurrentYear>
                                        <proc:BudgetYearOneBase>0</proc:BudgetYearOneBase>
                                        <proc:BudgetYearOne>0</proc:BudgetYearOne>
                                    </proc:TotalCost>
                                </proc:Cost>
                            </proc:CostElement>
                            <proc:CostElement>
                                <proc:Name>A&amp;AS</proc:Name>
                                <proc:Cost>
                                    <proc:TotalCost>
                                        <proc:PriorYear>0</proc:PriorYear>
                                        <proc:CurrentYear>0</proc:CurrentYear>
                                        <proc:BudgetYearOneBase>0</proc:BudgetYearOneBase>
                                        <proc:BudgetYearOne>0</proc:BudgetYearOne>
                                    </proc:TotalCost>
                                </proc:Cost>
                            </proc:CostElement>
                            <proc:CostElement>
                                <proc:Name>Other Support</proc:Name>
                                <proc:Cost>
                                    <proc:TotalCost>
                                        <proc:PriorYear>0</proc:PriorYear>
                                        <proc:CurrentYear>0</proc:CurrentYear>
                                        <proc:BudgetYearOneBase>0</proc:BudgetYearOneBase>
                                        <proc:BudgetYearOne>0</proc:BudgetYearOne>
                                    </proc:TotalCost>
                                </proc:Cost>
                            </proc:CostElement>
                        </proc:CostElementList>
                        <proc:CategorySubtotal>
                            <proc:TotalCost>
                                <proc:PriorYear>0</proc:PriorYear>
                                <proc:CurrentYear>0</proc:CurrentYear>
                                <proc:BudgetYearOneBase>0</proc:BudgetYearOneBase>
                                <proc:BudgetYearOne>0</proc:BudgetYearOne>
                            </proc:TotalCost>
                        </proc:CategorySubtotal>
                        <proc:Name>Evolved Strategic SATCOM (ESS)</proc:Name>
                    </proc:Support>
                </proc:CostElementCategoryList>
                <proc:P10AdvanceProcurement>
                    <proc:FirstSystemAwardDate>2025-06</proc:FirstSystemAwardDate>
                    <proc:FirstSystemCompletionDate>2030-09</proc:FirstSystemCompletionDate>
                    <proc:IntervalBetweenSystems>1</proc:IntervalBetweenSystems>
                    <proc:Description>Due to classification level concerns, we are unable to provide all the data in this document. Additional details will be provided through appropriate channels.

FY 2026 funding procures critical long lead parts for ESS Space Vehicles 3 and 4. These parts are crucial for maintaining the production schedule of ESS Space Vehicles to achieve initial operational capability by FY 2032. Examples of critical long lead parts for the ESS Space Vehicles include field programmable gate arrays (FPGAs), printed circuit boards, antenna components, and other electronic components that are in high demand. Some long lead parts may require up to 52 weeks of lead time.

FY 2026 funding also procures independent technical, systems engineering, and integration support critical to managing ESS Space Vehicle production milestones and mission assurance activities. Funding will enable the ability to rapidly respond to emerging threats in the cyber and contested space domain. Additional activities may include, but are not limited to, program office support, studies, technical analysis, experimentation, prototyping, etc.</proc:Description>
                    <proc:ProductionLeadtime>63</proc:ProductionLeadtime>
                    <proc:APCostElementCategoryList>
                        <proc:Other>
                            <proc:APCostElement>
                                <proc:Name>ESS Long Lead Parts: Space Vehicle 3 parts</proc:Name>
                                <proc:WhenRequiredInMonths>6</proc:WhenRequiredInMonths>
                                <proc:QuantityPerAssembly>15</proc:QuantityPerAssembly>
                                <proc:Cost>
                                    <proc:BudgetYearOne>59.996</proc:BudgetYearOne>
                                </proc:Cost>
                                <proc:ManufacturerList>
                                    <proc:Manufacturer>
                                        <proc:InitialQuantity>
                                            <proc:ProductionLeadTimeAfterOct1InMonths>6</proc:ProductionLeadTimeAfterOct1InMonths>
                                            <proc:TotalLeadTimeAfterOct1InMonths>6</proc:TotalLeadTimeAfterOct1InMonths>
                                        </proc:InitialQuantity>
                                    </proc:Manufacturer>
                                </proc:ManufacturerList>
                            </proc:APCostElement>
                            <proc:APCostElement>
                                <proc:Name>ESS Long Lead Parts: Space Vehicle 4 parts</proc:Name>
                                <proc:WhenRequiredInMonths>9</proc:WhenRequiredInMonths>
                                <proc:QuantityPerAssembly>15</proc:QuantityPerAssembly>
                                <proc:Cost>
                                    <proc:BudgetYearOne>5</proc:BudgetYearOne>
                                </proc:Cost>
                                <proc:ManufacturerList>
                                    <proc:Manufacturer>
                                        <proc:InitialQuantity>
                                            <proc:ProductionLeadTimeAfterOct1InMonths>9</proc:ProductionLeadTimeAfterOct1InMonths>
                                            <proc:TotalLeadTimeAfterOct1InMonths>9</proc:TotalLeadTimeAfterOct1InMonths>
                                        </proc:InitialQuantity>
                                    </proc:Manufacturer>
                                </proc:ManufacturerList>
                            </proc:APCostElement>
                            <proc:CategorySubtotal>
                                <proc:BudgetYearOne>64.996</proc:BudgetYearOne>
                            </proc:CategorySubtotal>
                        </proc:Other>
                    </proc:APCostElementCategoryList>
                </proc:P10AdvanceProcurement>
            </proc:P5Item>
        </proc:ItemExhibitList>
        <proc:DocumentAssemblyOptions>
            <proc:p40AItemScheduleSetting>expandItemSuppressExhibit</proc:p40AItemScheduleSetting>
        </proc:DocumentAssemblyOptions>
    </proc:LineItem>
</proc:LineItemList>