<?xml version="1.0" encoding="UTF-8"?>
<proc:LineItemList xmlns:proc="http://www.dtic.mil/comptroller/xml/schema/20100219/procurement">
    <proc:LineItem quantityUnits="Each" unitCostUnits="Millions" totalCostUnits="Millions" manufacturerRateUnits="Yearly">
        <proc:LineItemNumber>MILSAT</proc:LineItemNumber>
        <proc:LineItemTitle>MILSATCOM</proc:LineItemTitle>
        <proc:P1LineNumber>18</proc:P1LineNumber>
        <proc:BudgetYear>2026</proc:BudgetYear>
        <proc:BudgetCycle>PB</proc:BudgetCycle>
        <proc:SubmissionDate>2025-06</proc:SubmissionDate>
        <proc:ServiceAgencyName>Air Force</proc:ServiceAgencyName>
        <proc:AppropriationNumber>3022F</proc:AppropriationNumber>
        <proc:AppropriationTitle>Procurement, Space Force</proc:AppropriationTitle>
        <proc:BudgetActivityNumber>1</proc:BudgetActivityNumber>
        <proc:BudgetActivityTitle>Space Procurement, SF</proc:BudgetActivityTitle>
        <proc:BudgetSubActivityNumber>10</proc:BudgetSubActivityNumber>
        <proc:BudgetSubActivityTitle>Space Programs</proc:BudgetSubActivityTitle>
        <proc:ResourceSummary>
            <proc:TotalCost>
                <proc:PriorYear>44.672</proc:PriorYear>
                <proc:CurrentYear>37.684</proc:CurrentYear>
                <proc:BudgetYearOneBase>36.447</proc:BudgetYearOneBase>
                <proc:BudgetYearOne>36.447</proc:BudgetYearOne>
            </proc:TotalCost>
            <proc:NetProcurementP1>
                <proc:PriorYear>44.672</proc:PriorYear>
                <proc:CurrentYear>37.684</proc:CurrentYear>
                <proc:BudgetYearOneBase>36.447</proc:BudgetYearOneBase>
                <proc:BudgetYearOne>36.447</proc:BudgetYearOne>
            </proc:NetProcurementP1>
            <proc:TotalObligationAuthority>
                <proc:PriorYear>44.672</proc:PriorYear>
                <proc:CurrentYear>37.684</proc:CurrentYear>
                <proc:BudgetYearOneBase>36.447</proc:BudgetYearOneBase>
                <proc:BudgetYearOne>36.447</proc:BudgetYearOne>
            </proc:TotalObligationAuthority>
        </proc:ResourceSummary>
        <proc:Description>Joint service systems collectively provide a broad range of satellite communication capabilities, including secure, jam-resistant, 24-hour worldwide communications to meet essential strategic, tactical and general-purpose operational requirements.  Terminals support communications requirements for the President and Secretary of Defense, unified and specified commanders, uniformed services and defense agencies. To enable this support, this program element funds several efforts. 

AIR FORCE WIDEBAND ENTERPRISE TERMINALS (AFWET):  The Modernization of Enterprise Terminals (MET) features large bandwidth capable satellite communications in X-band, Ka-band, frequencies including dual-band, and simultaneous X and Ka-band, to support U.S. DoD, allied, and government requirements utilizing the Wideband Global Satellite (WGS) and commercial satellites.  As joint assets, these terminals make up part of the Global Information Grid, which provides worldwide, wideband SATCOM capabilities or strategic and tactical command, control, communications and intelligence, surveillance, and reconnaissance to users. The METs are the backbone of the Department of Defense Information Network (DoDIN) and its users include the communication requirements of the SECDEF, Department of State, U.S. strategic and tactical forces, Missile Defense Agency (MDA), and NATO allies.  30 Terminals Commissioned to date (26 METs, 3 Deployable Ku-band Earth Terminal (DKETs) &amp; 1 Ku-band terminal).  The United States Space Force (USSF) is responsible for terminal equipment at Space Force operated and maintained Enterprise ground terminal locations.

GLOBAL BROADCAST SERVICE (GBS): This Space Force-led joint implements a worldwide high-capacity satellite broadcast information system to provide a continuous, one-way, high-speed, high-volume flow of classified and unclassified intelligence products (full motion video, imagery, data) to 2000+ world-wide GBS receive suites. GBS Receive Suites provide lower-echelon United States Air Force (USAF) users with efficient high-data-rates via satellite-hosted GBS packages. GBS Procurement funding includes the necessary updates to address two GBS Liens, Transmission Security (TRANSEC) and Contested, Degraded and Operationally-Limited (CDO) capabilities (Remote Deny). First, National Security Agency (NSA), via the Committee on National Security Systems (CNSS) Policy 12 and CNSS instruction 1200, requires U.S. Government agencies to employ TRANSEC systems to protect information transmitted/received by National Security Space (NSS) systems. Second, the Chief Space Operations' (CSO) SATCOM Vision mandates a SATCOM Enterprise that can operate through a CDO environment. Army-Air Force Anti-Jam Modem (A3M) delivers TRANSEC and Anti-Jam capabilities required to address both GBS' Liens. 

A3M (PTW Modem Funding Line): Space Systems Command (SSC) is procuring and fielding Protected Tactical Waveform (PTW) capable modems to meet the Ground Multiband Terminal (GMT) and other Tactical SATCOM mission requirements.  The A3M is the program of record for development, procurement, and fielding of the PTW capability.  The United States Space Force (USSF) is teamed with the Army to expand the competitive industry base and gain volume cost savings of a common Line Replaceable Unit (LRU) modem.  The A3M modem will provide high throughput and enhanced anti-jam capability in benign and contested environments to prevent the disruption of communications from electronic jamming at identified threat levels of the WGS Operational Requirements Document (ORD).  The A3M modem meets the Internet Protocol (IP) mandate is forward compatible with the future Protected Tactical SATCOM (PTS), and contains a NSA certified End Cryptographic Unit (ECU). The A3M modem integrates into the GMT and other Tactical SATCOM terminals in operation using industry standard interfaces and is operator configurable to the different antenna sizes currently in operation.

A3M Procurement funding includes depot tooling, continues establishment of the Key Loading and Initialization Facility (KLIF), procures equipment to support a systems integration checkout capability (i.e. Systems Integration Lab (SIL)), and Interim Contractor Support (ICS). Funding for depot tooling includes but not limited to workstations, fixtures, or any other equipment that may be used for intake, rework, restock and testing of A3M LRU modems.  The KLIF is used to initialize and restore the modem with NSA provided cryptologic keys before being sent to the field. The SIL is used to test changes in software or Tactics, Techniques and Procedures (TTPs) on real terminals and modems, but in a laboratory environment, before making changes to fielded systems. Funding also purchases additional Protected Tactical Enterprise Service (PTES) KLIF Host equipment, A3M warehousing equipment, shipping containers, and A3M test equipment and repair work spaces.  Funding covers shipping of A3M cases to field units and return shipping of un-modified GMT equipment cases and fielding support. A3M purchases and delivers technical data and initial spares in a combination of spare modems and subassembly parts equivalent to 10% sparing. A3M's Indefinite Quantity Indefinite Delivery (IDIQ) contract enables future fielding for additional SATCOM users.

PROLIFERATED LEO (pLEO) GROUND (SDN GEPs funding line): SSC, in partnership with other organizations, is providing proliferated LEO capabilities to DoD and IC users using the Starshield constellation.  SSC will field ground entry terminals and ground bounce terminals as part of the resilient communications and redundant pathway for space-based data transport.  SSC procured Starshield ground entry terminals will facilitate high bandwidth mil-Ka backhaul of Starshield data and represents 10 of the 18 terminals planned for Starshield.  The 10 terminals enable site diversification and latency reduction of worldwide DoD and IC data transported by Starshield.  Ground bounce terminals provide high bandwidth transfer of crucial data from co-located DoD satellite ground stations into the Starshield and Starlink constellations.  These 6 sites will be established at vulnerable OCONUS sites and ensure continuous connectivity to CONUS based space operations centers.

Funding for this exhibit is contained in Program Element (PE) 1203601SF MILSATCOM TERMINALS.</proc:Description>
        <proc:Justification>AFWET:  In FY 2026, funding will extend the life of the system, modernize operational suitability, safety and effectiveness, and maintain high interoperability with other DoD, Army, Navy, and Air Force strategic and tactical terminals to include mobile capability. 

AFWET Terminal Modernization includes engineering, site preparation, terminal and radome installation, integration, acceptance testing and funding initial spares.  Full Operational Capability (FOC) was achieved in August 2023, one month ahead of the objective date of September 2023.

AFWET Maintenance Upgrades and Sustainment includes: 52B Terminal installations, radome modifications and installations, legacy deinstallations, power and communication infrastructure, Interconnect Facility (ICF) installations which provide incidental increases in capability, allowing for full utilization of WGS capabilities, compliance with directives on the usage of Internet Protocol, adherence to Unified Capabilities Requirements, compliance with Defense Information Systems Agency (DISA) and National Security Agency directives and more efficient and effective usage of satellite resources for jam-resistant and anti-scintillation wideband links.

AFWET Product Support includes: SATCOM Modernization Services (SMS) skillsets required for specialized SATCOM fielding and training supporting Terminal Modernization. 

AFWET Other Support includes: Advisory and Assistance Services (A&amp;AS), system engineering, and other related activities supporting successful program execution.   

GBS: No FY 2026 funding requested.

A3M: No FY 2026 funding requested.

pLEO Ground:  FY 2026 funding will procure, install, and operationalize up to four pLEO ground sites. Terminal costs include unit costs, shipment, and manufacturer onsite support. Civil costs are associated with fees and studies, land preparation, and actual install and connection costs. Support includes systems engineering support, onsite deployment, integration and testing, and other related activities including planning, installation, fielding, and successful program execution..

FY 2026 funding will allow the program to rapidly respond to implement system resiliency and situational awareness necessary to operate through the contested space domain. Activities may include, but are not limited to, program office support, studies, technical analysis, and activities that may leverage commercial, U.S. Government partnership, and international opportunities to respond to existing and emerging adversarial threats with speed and agility, etc.

The FY 2026 request was reduced by -0.796 million for Advisory and Assistance Services to promote efficiencies and advance the policies of the Administration in alignment with Executive Order 14222, "Implementing the President's Department of Government Efficiency Cost Efficiency Initiative.</proc:Justification>
        <proc:ItemExhibitList>
            <proc:P5Item>
                <proc:Name>AFWET</proc:Name>
                <proc:IdCode>A</proc:IdCode>
                <proc:ResourceSummary>
                    <proc:TotalCost>
                        <proc:PriorYear>20.969</proc:PriorYear>
                        <proc:CurrentYear>3.402</proc:CurrentYear>
                        <proc:BudgetYearOneBase>12.301</proc:BudgetYearOneBase>
                        <proc:BudgetYearOne>12.301</proc:BudgetYearOne>
                    </proc:TotalCost>
                    <proc:NetProcurementP1>
                        <proc:PriorYear>20.969</proc:PriorYear>
                        <proc:CurrentYear>3.402</proc:CurrentYear>
                        <proc:BudgetYearOneBase>12.301</proc:BudgetYearOneBase>
                        <proc:BudgetYearOne>12.301</proc:BudgetYearOne>
                    </proc:NetProcurementP1>
                    <proc:TotalObligationAuthority>
                        <proc:PriorYear>20.969</proc:PriorYear>
                        <proc:CurrentYear>3.402</proc:CurrentYear>
                        <proc:BudgetYearOneBase>12.301</proc:BudgetYearOneBase>
                        <proc:BudgetYearOne>12.301</proc:BudgetYearOne>
                    </proc:TotalObligationAuthority>
                </proc:ResourceSummary>
                <proc:CostElementCategoryList>
                    <proc:Hardware>
                        <proc:Name>AFWET</proc:Name>
                        <proc:Recurring>
                            <proc:CostElementList>
                                <proc:CostElement>
                                    <proc:Name>Install/Deinstall</proc:Name>
                                    <proc:Cost>
                                        <proc:TotalCost>
                                            <proc:PriorYear>0.019</proc:PriorYear>
                                        </proc:TotalCost>
                                    </proc:Cost>
                                </proc:CostElement>
                                <proc:CostElement>
                                    <proc:Name>Engineering/Integration (E&amp;I)</proc:Name>
                                    <proc:Cost>
                                        <proc:TotalCost>
                                            <proc:PriorYear>8.672</proc:PriorYear>
                                            <proc:BudgetYearOneBase>1.379</proc:BudgetYearOneBase>
                                            <proc:BudgetYearOne>1.379</proc:BudgetYearOne>
                                        </proc:TotalCost>
                                    </proc:Cost>
                                </proc:CostElement>
                                <proc:CostElement>
                                    <proc:Name>Post Modernization of Enterprise Terminals  (MET) Equipment</proc:Name>
                                    <proc:Cost>
                                        <proc:TotalCost>
                                            <proc:PriorYear>9.451</proc:PriorYear>
                                            <proc:BudgetYearOneBase>7.455</proc:BudgetYearOneBase>
                                            <proc:BudgetYearOne>7.455</proc:BudgetYearOne>
                                        </proc:TotalCost>
                                    </proc:Cost>
                                </proc:CostElement>
                            </proc:CostElementList>
                            <proc:CategorySubtotal>
                                <proc:TotalCost>
                                    <proc:PriorYear>18.142</proc:PriorYear>
                                    <proc:BudgetYearOneBase>8.834</proc:BudgetYearOneBase>
                                    <proc:BudgetYearOne>8.834</proc:BudgetYearOne>
                                </proc:TotalCost>
                            </proc:CategorySubtotal>
                        </proc:Recurring>
                        <proc:CategorySubtotal>
                            <proc:TotalCost>
                                <proc:PriorYear>18.142</proc:PriorYear>
                                <proc:BudgetYearOneBase>8.834</proc:BudgetYearOneBase>
                                <proc:BudgetYearOne>8.834</proc:BudgetYearOne>
                            </proc:TotalCost>
                        </proc:CategorySubtotal>
                    </proc:Hardware>
                    <proc:Support>
                        <proc:CostElementList>
                            <proc:CostElement>
                                <proc:Name>Advisory and Assistance Services (A&amp;AS)</proc:Name>
                                <proc:Cost>
                                    <proc:TotalCost>
                                        <proc:PriorYear>0.736</proc:PriorYear>
                                        <proc:CurrentYear>1.019</proc:CurrentYear>
                                        <proc:BudgetYearOneBase>0.563</proc:BudgetYearOneBase>
                                        <proc:BudgetYearOne>0.563</proc:BudgetYearOne>
                                    </proc:TotalCost>
                                </proc:Cost>
                            </proc:CostElement>
                            <proc:CostElement>
                                <proc:Name>SATCOM Modernization Services (SMS)</proc:Name>
                                <proc:Cost>
                                    <proc:TotalCost>
                                        <proc:PriorYear>1.858</proc:PriorYear>
                                        <proc:CurrentYear>1.51</proc:CurrentYear>
                                        <proc:BudgetYearOneBase>2.161</proc:BudgetYearOneBase>
                                        <proc:BudgetYearOne>2.161</proc:BudgetYearOne>
                                    </proc:TotalCost>
                                </proc:Cost>
                            </proc:CostElement>
                            <proc:CostElement>
                                <proc:Name>Other Government Costs</proc:Name>
                                <proc:Cost>
                                    <proc:TotalCost>
                                        <proc:PriorYear>0.233</proc:PriorYear>
                                        <proc:CurrentYear>0.873</proc:CurrentYear>
                                        <proc:BudgetYearOneBase>0.743</proc:BudgetYearOneBase>
                                        <proc:BudgetYearOne>0.743</proc:BudgetYearOne>
                                    </proc:TotalCost>
                                </proc:Cost>
                            </proc:CostElement>
                        </proc:CostElementList>
                        <proc:CategorySubtotal>
                            <proc:TotalCost>
                                <proc:PriorYear>2.827</proc:PriorYear>
                                <proc:CurrentYear>3.402</proc:CurrentYear>
                                <proc:BudgetYearOneBase>3.467</proc:BudgetYearOneBase>
                                <proc:BudgetYearOne>3.467</proc:BudgetYearOne>
                            </proc:TotalCost>
                        </proc:CategorySubtotal>
                        <proc:Name>AFWET</proc:Name>
                    </proc:Support>
                </proc:CostElementCategoryList>
            </proc:P5Item>
            <proc:P5Item>
                <proc:Name>GBS</proc:Name>
                <proc:IdCode>A</proc:IdCode>
                <proc:ResourceSummary>
                    <proc:TotalCost>
                        <proc:PriorYear>7.068</proc:PriorYear>
                        <proc:CurrentYear>10.13</proc:CurrentYear>
                    </proc:TotalCost>
                    <proc:NetProcurementP1>
                        <proc:PriorYear>7.068</proc:PriorYear>
                        <proc:CurrentYear>10.13</proc:CurrentYear>
                    </proc:NetProcurementP1>
                    <proc:TotalObligationAuthority>
                        <proc:PriorYear>7.068</proc:PriorYear>
                        <proc:CurrentYear>10.13</proc:CurrentYear>
                    </proc:TotalObligationAuthority>
                </proc:ResourceSummary>
                <proc:CostElementCategoryList>
                    <proc:Hardware>
                        <proc:Name>GBS</proc:Name>
                        <proc:Recurring>
                            <proc:CostElementList>
                                <proc:CostElement>
                                    <proc:Name>GBS-TRANSEC modem</proc:Name>
                                    <proc:Cost>
                                        <proc:TotalCost>
                                            <proc:PriorYear>7.068</proc:PriorYear>
                                            <proc:CurrentYear>10.13</proc:CurrentYear>
                                        </proc:TotalCost>
                                    </proc:Cost>
                                </proc:CostElement>
                            </proc:CostElementList>
                            <proc:CategorySubtotal>
                                <proc:TotalCost>
                                    <proc:PriorYear>7.068</proc:PriorYear>
                                    <proc:CurrentYear>10.13</proc:CurrentYear>
                                </proc:TotalCost>
                            </proc:CategorySubtotal>
                        </proc:Recurring>
                        <proc:CategorySubtotal>
                            <proc:TotalCost>
                                <proc:PriorYear>7.068</proc:PriorYear>
                                <proc:CurrentYear>10.13</proc:CurrentYear>
                            </proc:TotalCost>
                        </proc:CategorySubtotal>
                    </proc:Hardware>
                </proc:CostElementCategoryList>
            </proc:P5Item>
            <proc:P5Item>
                <proc:Name>PTW Modems</proc:Name>
                <proc:IdCode>B</proc:IdCode>
                <proc:ResourceSummary>
                    <proc:TotalCost>
                        <proc:PriorYear>16.635</proc:PriorYear>
                        <proc:CurrentYear>7.063</proc:CurrentYear>
                    </proc:TotalCost>
                    <proc:NetProcurementP1>
                        <proc:PriorYear>16.635</proc:PriorYear>
                        <proc:CurrentYear>7.063</proc:CurrentYear>
                    </proc:NetProcurementP1>
                    <proc:TotalObligationAuthority>
                        <proc:PriorYear>16.635</proc:PriorYear>
                        <proc:CurrentYear>7.063</proc:CurrentYear>
                    </proc:TotalObligationAuthority>
                </proc:ResourceSummary>
                <proc:CostElementCategoryList>
                    <proc:Hardware>
                        <proc:Name>A3M</proc:Name>
                        <proc:Recurring>
                            <proc:CostElementList>
                                <proc:CostElement>
                                    <proc:Name>Depot Tooling</proc:Name>
                                    <proc:Cost>
                                        <proc:TotalCost>
                                            <proc:PriorYear>2.795</proc:PriorYear>
                                            <proc:CurrentYear>3.229</proc:CurrentYear>
                                        </proc:TotalCost>
                                    </proc:Cost>
                                </proc:CostElement>
                                <proc:CostElement>
                                    <proc:Name>Modem Purchase (includes Labor &amp; Shipping)</proc:Name>
                                    <proc:Cost>
                                        <proc:Quantity>
                                            <proc:PriorYear>72</proc:PriorYear>
                                        </proc:Quantity>
                                        <proc:TotalCost>
                                            <proc:PriorYear>4.224</proc:PriorYear>
                                            <proc:CurrentYear>0.2</proc:CurrentYear>
                                        </proc:TotalCost>
                                        <proc:UnitCost>
                                            <proc:PriorYear>0.059</proc:PriorYear>
                                        </proc:UnitCost>
                                    </proc:Cost>
                                </proc:CostElement>
                                <proc:CostElement>
                                    <proc:Name>Program Evaluation Modem</proc:Name>
                                    <proc:Cost>
                                        <proc:TotalCost>
                                            <proc:PriorYear>0.463</proc:PriorYear>
                                        </proc:TotalCost>
                                    </proc:Cost>
                                </proc:CostElement>
                            </proc:CostElementList>
                            <proc:CategorySubtotal>
                                <proc:TotalCost>
                                    <proc:PriorYear>7.482</proc:PriorYear>
                                    <proc:CurrentYear>3.429</proc:CurrentYear>
                                </proc:TotalCost>
                            </proc:CategorySubtotal>
                        </proc:Recurring>
                        <proc:CategorySubtotal>
                            <proc:TotalCost>
                                <proc:PriorYear>7.482</proc:PriorYear>
                                <proc:CurrentYear>3.429</proc:CurrentYear>
                            </proc:TotalCost>
                        </proc:CategorySubtotal>
                    </proc:Hardware>
                    <proc:Support>
                        <proc:CostElementList>
                            <proc:CostElement>
                                <proc:Name>Systems Engineering &amp; Integration (SE&amp;I)</proc:Name>
                                <proc:Cost>
                                    <proc:TotalCost>
                                        <proc:PriorYear>0.133</proc:PriorYear>
                                        <proc:CurrentYear>1.867</proc:CurrentYear>
                                    </proc:TotalCost>
                                </proc:Cost>
                            </proc:CostElement>
                            <proc:CostElement>
                                <proc:Name>A&amp;AS</proc:Name>
                                <proc:Cost>
                                    <proc:TotalCost>
                                        <proc:PriorYear>1.509</proc:PriorYear>
                                        <proc:CurrentYear>1.667</proc:CurrentYear>
                                    </proc:TotalCost>
                                </proc:Cost>
                            </proc:CostElement>
                            <proc:CostElement>
                                <proc:Name>Interim Contractor Support (ICS)</proc:Name>
                                <proc:Cost>
                                    <proc:TotalCost>
                                        <proc:PriorYear>7.461</proc:PriorYear>
                                    </proc:TotalCost>
                                </proc:Cost>
                            </proc:CostElement>
                            <proc:CostElement>
                                <proc:Name>Other Support</proc:Name>
                                <proc:Cost>
                                    <proc:TotalCost>
                                        <proc:PriorYear>0.05</proc:PriorYear>
                                        <proc:CurrentYear>0.1</proc:CurrentYear>
                                    </proc:TotalCost>
                                </proc:Cost>
                            </proc:CostElement>
                        </proc:CostElementList>
                        <proc:CategorySubtotal>
                            <proc:TotalCost>
                                <proc:PriorYear>9.153</proc:PriorYear>
                                <proc:CurrentYear>3.634</proc:CurrentYear>
                            </proc:TotalCost>
                        </proc:CategorySubtotal>
                        <proc:Name>A3M</proc:Name>
                    </proc:Support>
                </proc:CostElementCategoryList>
            </proc:P5Item>
            <proc:P5Item>
                <proc:Name>SDN GEPs</proc:Name>
                <proc:IdCode>A</proc:IdCode>
                <proc:ResourceSummary>
                    <proc:TotalCost>
                        <proc:CurrentYear>17.089</proc:CurrentYear>
                        <proc:BudgetYearOneBase>24.146</proc:BudgetYearOneBase>
                        <proc:BudgetYearOne>24.146</proc:BudgetYearOne>
                    </proc:TotalCost>
                    <proc:NetProcurementP1>
                        <proc:CurrentYear>17.089</proc:CurrentYear>
                        <proc:BudgetYearOneBase>24.146</proc:BudgetYearOneBase>
                        <proc:BudgetYearOne>24.146</proc:BudgetYearOne>
                    </proc:NetProcurementP1>
                    <proc:TotalObligationAuthority>
                        <proc:CurrentYear>17.089</proc:CurrentYear>
                        <proc:BudgetYearOneBase>24.146</proc:BudgetYearOneBase>
                        <proc:BudgetYearOne>24.146</proc:BudgetYearOne>
                    </proc:TotalObligationAuthority>
                </proc:ResourceSummary>
                <proc:CostElementCategoryList>
                    <proc:Hardware>
                        <proc:Name>SDN GEPs</proc:Name>
                        <proc:Recurring>
                            <proc:CostElementList>
                                <proc:CostElement>
                                    <proc:Name>Terminals</proc:Name>
                                    <proc:Cost>
                                        <proc:Quantity>
                                            <proc:CurrentYear>3</proc:CurrentYear>
                                            <proc:BudgetYearOneBase>4</proc:BudgetYearOneBase>
                                            <proc:BudgetYearOne>4</proc:BudgetYearOne>
                                        </proc:Quantity>
                                        <proc:TotalCost>
                                            <proc:CurrentYear>5.239</proc:CurrentYear>
                                            <proc:BudgetYearOneBase>8.96</proc:BudgetYearOneBase>
                                            <proc:BudgetYearOne>8.96</proc:BudgetYearOne>
                                        </proc:TotalCost>
                                        <proc:UnitCost>
                                            <proc:CurrentYear>1.746</proc:CurrentYear>
                                            <proc:BudgetYearOneBase>2.24</proc:BudgetYearOneBase>
                                            <proc:BudgetYearOne>2.24</proc:BudgetYearOne>
                                        </proc:UnitCost>
                                    </proc:Cost>
                                </proc:CostElement>
                                <proc:CostElement>
                                    <proc:Name>Civils</proc:Name>
                                    <proc:Cost>
                                        <proc:TotalCost>
                                            <proc:CurrentYear>8.14</proc:CurrentYear>
                                            <proc:BudgetYearOneBase>11.536</proc:BudgetYearOneBase>
                                            <proc:BudgetYearOne>11.536</proc:BudgetYearOne>
                                        </proc:TotalCost>
                                    </proc:Cost>
                                </proc:CostElement>
                            </proc:CostElementList>
                            <proc:CategorySubtotal>
                                <proc:TotalCost>
                                    <proc:CurrentYear>13.379</proc:CurrentYear>
                                    <proc:BudgetYearOneBase>20.496</proc:BudgetYearOneBase>
                                    <proc:BudgetYearOne>20.496</proc:BudgetYearOne>
                                </proc:TotalCost>
                            </proc:CategorySubtotal>
                        </proc:Recurring>
                        <proc:CategorySubtotal>
                            <proc:TotalCost>
                                <proc:CurrentYear>13.379</proc:CurrentYear>
                                <proc:BudgetYearOneBase>20.496</proc:BudgetYearOneBase>
                                <proc:BudgetYearOne>20.496</proc:BudgetYearOne>
                            </proc:TotalCost>
                        </proc:CategorySubtotal>
                    </proc:Hardware>
                    <proc:Support>
                        <proc:CostElementList>
                            <proc:CostElement>
                                <proc:Name>A&amp;AS</proc:Name>
                                <proc:Cost>
                                    <proc:TotalCost>
                                        <proc:CurrentYear>3.71</proc:CurrentYear>
                                        <proc:BudgetYearOneBase>3.65</proc:BudgetYearOneBase>
                                        <proc:BudgetYearOne>3.65</proc:BudgetYearOne>
                                    </proc:TotalCost>
                                </proc:Cost>
                            </proc:CostElement>
                        </proc:CostElementList>
                        <proc:CategorySubtotal>
                            <proc:TotalCost>
                                <proc:CurrentYear>3.71</proc:CurrentYear>
                                <proc:BudgetYearOneBase>3.65</proc:BudgetYearOneBase>
                                <proc:BudgetYearOne>3.65</proc:BudgetYearOne>
                            </proc:TotalCost>
                        </proc:CategorySubtotal>
                        <proc:Name>SDN GEPs</proc:Name>
                    </proc:Support>
                </proc:CostElementCategoryList>
            </proc:P5Item>
        </proc:ItemExhibitList>
        <proc:DocumentAssemblyOptions>
            <proc:p40AItemScheduleSetting>expandItemSuppressExhibit</proc:p40AItemScheduleSetting>
        </proc:DocumentAssemblyOptions>
    </proc:LineItem>
</proc:LineItemList>