<?xml version="1.0" encoding="UTF-8"?>
<proc:LineItemList xmlns:proc="http://www.dtic.mil/comptroller/xml/schema/20100219/procurement">
    <proc:LineItem quantityUnits="Each" unitCostUnits="Millions" totalCostUnits="Millions" manufacturerRateUnits="Yearly">
        <proc:LineItemNumber>353620</proc:LineItemNumber>
        <proc:LineItemTitle>Joint Direct Attack Munition</proc:LineItemTitle>
        <proc:P1LineNumber>7</proc:P1LineNumber>
        <proc:BudgetYear>2026</proc:BudgetYear>
        <proc:BudgetCycle>PB</proc:BudgetCycle>
        <proc:SubmissionDate>2025-06</proc:SubmissionDate>
        <proc:ServiceAgencyName>Air Force</proc:ServiceAgencyName>
        <proc:AppropriationNumber>3011F</proc:AppropriationNumber>
        <proc:AppropriationTitle>Procurement of Ammunition, Air Force</proc:AppropriationTitle>
        <proc:BudgetActivityNumber>1</proc:BudgetActivityNumber>
        <proc:BudgetActivityTitle>Ammunition</proc:BudgetActivityTitle>
        <proc:BudgetSubActivityNumber>13</proc:BudgetSubActivityNumber>
        <proc:BudgetSubActivityTitle>Bombs</proc:BudgetSubActivityTitle>
        <proc:ResourceSummary>
            <proc:Quantity>
                <proc:AllPriorYears>342341</proc:AllPriorYears>
                <proc:PriorYear>1437</proc:PriorYear>
                <proc:CurrentYear>1500</proc:CurrentYear>
                <proc:BudgetYearOneBase>1500</proc:BudgetYearOneBase>
                <proc:BudgetYearOne>1500</proc:BudgetYearOne>
            </proc:Quantity>
            <proc:TotalCost>
                <proc:AllPriorYears>8806.345</proc:AllPriorYears>
                <proc:PriorYear>110.884</proc:PriorYear>
                <proc:CurrentYear>115.427</proc:CurrentYear>
                <proc:BudgetYearOneBase>126.389</proc:BudgetYearOneBase>
                <proc:BudgetYearOne>126.389</proc:BudgetYearOne>
            </proc:TotalCost>
            <proc:UnitCost>
                <proc:AllPriorYears>0.026</proc:AllPriorYears>
                <proc:PriorYear>0.077</proc:PriorYear>
                <proc:CurrentYear>0.077</proc:CurrentYear>
                <proc:BudgetYearOneBase>0.084</proc:BudgetYearOneBase>
                <proc:BudgetYearOne>0.084</proc:BudgetYearOne>
            </proc:UnitCost>
            <proc:NetProcurementP1>
                <proc:AllPriorYears>8806.345</proc:AllPriorYears>
                <proc:PriorYear>110.884</proc:PriorYear>
                <proc:CurrentYear>115.427</proc:CurrentYear>
                <proc:BudgetYearOneBase>126.389</proc:BudgetYearOneBase>
                <proc:BudgetYearOne>126.389</proc:BudgetYearOne>
            </proc:NetProcurementP1>
            <proc:TotalObligationAuthority>
                <proc:AllPriorYears>8806.345</proc:AllPriorYears>
                <proc:PriorYear>110.884</proc:PriorYear>
                <proc:CurrentYear>115.427</proc:CurrentYear>
                <proc:BudgetYearOneBase>126.389</proc:BudgetYearOneBase>
                <proc:BudgetYearOne>126.389</proc:BudgetYearOne>
            </proc:TotalObligationAuthority>
        </proc:ResourceSummary>
        <proc:Code>A</proc:Code>
        <proc:Description>Note: FY2025 amounts reflect 9.841M in reductions in the FY25 Appropriation Act.

The Joint Direct Attack Munition (JDAM) program is a joint Air Force/Navy program with the Air Force as the lead service. Designated ACAT IC, this program upgrades the existing inventory of general purpose bombs by integrating the bombs with a field installed guidance kit using a Global Positioning System-aided Inertial Navigation System (GPS/INS). JDAM provides an accurate, adverse weather capability. JDAM is integrated with the B-52H, B-2A, B-1B, F-16 (all variants), F/A-18A+/C/D/E/F, F-15E, AV-8B, A-10C, F-22A, F-35, and MQ-9 (500lb. variant) aircraft. Integration with the B-21 is in progress. 

The Air Force is currently procuring Strategic Anti-Jam Beamforming Receiver M-Code (SABR-M) guidance kits which are enhanced GPS-denied environment guidance systems, to meet Section 913 of the National Defense Authorization Act for FY 2011 (Public Law 111-383).    

Pursuant to section 2308 of Title 10, U.S. Code, this program will seek cost efficiencies where available through production lot negotiations. This program will continue procurement past FY2030 due to evolving warfighter requirements driven by ongoing combat and training expenditures.

Procurements for the execution year may vary due to changes in inventory objectives. Combatant commanders' requirements for Operational Plans influence these objectives, which are updated throughout the year.

Funds may be used to address production Diminishing Manufacturing Sources (DMS)/Material Shortages/Obsolescence issues through studies, bridge buys, life of type buys, supplier/parts replacement, to include electronic components used commercially and in short supply, and qualification activities to preserve future production capabilities and capacities.

Funding for this exhibit is contained in PE 0207583F.</proc:Description>
        <proc:Justification>FY 2026 budget request will procure approximately 1,500 JDAM guidance kits.

This program procures JDAM guidance kits, laser sensors, airborne test equipment, and supporting activities to include software block upgrades, integration, Program Support Costs (PSC), and other technical services. The hardware purchase includes a mixture of JDAM guidance kits as well as precision laser guidance sensors, and airborne test equipment for flight test.

This procurement is critical to providing M-Code capable guidance kits which are enhanced GPS-denied environment guidance systems in support of an increased Inventory Objective.

Procurement quantities can change based on negotiated options/pricing curves, economies of scale, and available funding, in accordance with Title 10, U.S. Code Section 2308 BUY-TO-BUDGET ACQUISITION.

The FY 2026 request was reduced by 0.999 million for Advisory and Assistance Services to promote efficiencies and advance the policies of the Administration in alignment with Executive Order 14222, implementing the President's Department of Government Efficiency Cost Efficiency Initiative.</proc:Justification>
        <proc:MDAPCode>503</proc:MDAPCode>
        <proc:ItemExhibitList>
            <proc:P5Item>
                <proc:Name>Joint Direct Attack Munition</proc:Name>
                <proc:IdCode>A</proc:IdCode>
                <proc:Remarks>The difference in the Hardware qty for FY2024 between the Resource Summary and the Funding section are due to excess funds being placed on the succeeding order for additional end item quantity.

The difference in the Hardware qty for FY2025 between the Resource Summary and the Funding section are due to shifting some funding towards the Laser JDAM contract.

The decrease in Hardware unit price from FY2024 to FY2025 is due to the total lot quantity buy.  Fewer customers (US Navy and Foreign partners) participated in the FY2024 buy than in FY2025, therefore the economies of scale were greater in FY2025 resulting in a lower price.

FY24-FY26 end item procurements will bundle quantities with USN and FMS customers to meet minimum order quantity requirement. Unit costs fluctuate based on total lot quantity.</proc:Remarks>
                <proc:ResourceSummary>
                    <proc:Quantity>
                        <proc:AllPriorYears>342341</proc:AllPriorYears>
                        <proc:PriorYear>1437</proc:PriorYear>
                        <proc:CurrentYear>1500</proc:CurrentYear>
                        <proc:BudgetYearOneBase>1500</proc:BudgetYearOneBase>
                        <proc:BudgetYearOne>1500</proc:BudgetYearOne>
                    </proc:Quantity>
                    <proc:TotalCost>
                        <proc:AllPriorYears>8806.345</proc:AllPriorYears>
                        <proc:PriorYear>110.884</proc:PriorYear>
                        <proc:CurrentYear>115.427</proc:CurrentYear>
                        <proc:BudgetYearOneBase>126.389</proc:BudgetYearOneBase>
                        <proc:BudgetYearOne>126.389</proc:BudgetYearOne>
                    </proc:TotalCost>
                    <proc:UnitCost>
                        <proc:AllPriorYears>0.026</proc:AllPriorYears>
                        <proc:PriorYear>0.077</proc:PriorYear>
                        <proc:CurrentYear>0.077</proc:CurrentYear>
                        <proc:BudgetYearOneBase>0.084</proc:BudgetYearOneBase>
                        <proc:BudgetYearOne>0.084</proc:BudgetYearOne>
                    </proc:UnitCost>
                    <proc:NetProcurementP1>
                        <proc:AllPriorYears>8806.345</proc:AllPriorYears>
                        <proc:PriorYear>110.884</proc:PriorYear>
                        <proc:CurrentYear>115.427</proc:CurrentYear>
                        <proc:BudgetYearOneBase>126.389</proc:BudgetYearOneBase>
                        <proc:BudgetYearOne>126.389</proc:BudgetYearOne>
                    </proc:NetProcurementP1>
                    <proc:TotalObligationAuthority>
                        <proc:AllPriorYears>8806.345</proc:AllPriorYears>
                        <proc:PriorYear>110.884</proc:PriorYear>
                        <proc:CurrentYear>115.427</proc:CurrentYear>
                        <proc:BudgetYearOneBase>126.389</proc:BudgetYearOneBase>
                        <proc:BudgetYearOne>126.389</proc:BudgetYearOne>
                    </proc:TotalObligationAuthority>
                </proc:ResourceSummary>
                <proc:CostElementCategoryList>
                    <proc:Hardware>
                        <proc:Name>END ITEM</proc:Name>
                        <proc:Recurring>
                            <proc:CostElementList>
                                <proc:CostElement>
                                    <proc:Name>JDAM TAIL KIT</proc:Name>
                                    <proc:Cost>
                                        <proc:Quantity>
                                            <proc:AllPriorYears>342221</proc:AllPriorYears>
                                            <proc:PriorYear>1551</proc:PriorYear>
                                            <proc:CurrentYear>1248</proc:CurrentYear>
                                            <proc:BudgetYearOneBase>1500</proc:BudgetYearOneBase>
                                            <proc:BudgetYearOne>1500</proc:BudgetYearOne>
                                        </proc:Quantity>
                                        <proc:TotalCost>
                                            <proc:AllPriorYears>7834.923</proc:AllPriorYears>
                                            <proc:PriorYear>98.962</proc:PriorYear>
                                            <proc:CurrentYear>62.412</proc:CurrentYear>
                                            <proc:BudgetYearOneBase>82.024</proc:BudgetYearOneBase>
                                            <proc:BudgetYearOne>82.024</proc:BudgetYearOne>
                                        </proc:TotalCost>
                                        <proc:UnitCost>
                                            <proc:AllPriorYears>0.023</proc:AllPriorYears>
                                            <proc:PriorYear>0.064</proc:PriorYear>
                                            <proc:CurrentYear>0.05</proc:CurrentYear>
                                            <proc:BudgetYearOneBase>0.055</proc:BudgetYearOneBase>
                                            <proc:BudgetYearOne>0.055</proc:BudgetYearOne>
                                        </proc:UnitCost>
                                    </proc:Cost>
                                    <proc:AllPriorYearsDeliveries>342221</proc:AllPriorYearsDeliveries>
                                    <proc:ManufacturerList>
                                        <proc:Manufacturer>
                                            <proc:Name>BOEING</proc:Name>
                                            <proc:Location>ST CHARLES, MO</proc:Location>
                                            <proc:MinimumSustainingRate>1500.00</proc:MinimumSustainingRate>
                                            <proc:MaximumProductionRate>25000.00</proc:MaximumProductionRate>
                                            <proc:Rate185>18900.00</proc:Rate185>
                                            <proc:InitialQuantity>
                                                <proc:AdminLeadTimeBeforeOct1InMonths>0</proc:AdminLeadTimeBeforeOct1InMonths>
                                                <proc:AdminLeadTimeAfterOct1InMonths>0</proc:AdminLeadTimeAfterOct1InMonths>
                                                <proc:ProductionLeadTimeAfterOct1InMonths>0</proc:ProductionLeadTimeAfterOct1InMonths>
                                                <proc:TotalLeadTimeAfterOct1InMonths>0</proc:TotalLeadTimeAfterOct1InMonths>
                                            </proc:InitialQuantity>
                                            <proc:ReorderQuantity>
                                                <proc:AdminLeadTimeBeforeOct1InMonths>0</proc:AdminLeadTimeBeforeOct1InMonths>
                                                <proc:AdminLeadTimeAfterOct1InMonths>5</proc:AdminLeadTimeAfterOct1InMonths>
                                                <proc:ProductionLeadTimeAfterOct1InMonths>12</proc:ProductionLeadTimeAfterOct1InMonths>
                                                <proc:TotalLeadTimeAfterOct1InMonths>17</proc:TotalLeadTimeAfterOct1InMonths>
                                            </proc:ReorderQuantity>
                                            <proc:HistoryPlanningList>
                                                <proc:HistoryPlanning>
                                                    <proc:FiscalYear>2024</proc:FiscalYear>
                                                    <proc:PCOLocation>AFLCMC Hill AFB</proc:PCOLocation>
                                                    <proc:AwardDate>2024-02</proc:AwardDate>
                                                    <proc:FirstDeliveryDate>2025-02</proc:FirstDeliveryDate>
                                                    <proc:Quantity>1551</proc:Quantity>
                                                    <proc:UnitCost>0.064</proc:UnitCost>
                                                    <proc:SpecsAvailableNow>true</proc:SpecsAvailableNow>
                                                    <proc:RFPIssueDate>2022-02</proc:RFPIssueDate>
                                                    <proc:ContractMethod>SS</proc:ContractMethod>
                                                    <proc:ContractType>FPIF</proc:ContractType>
                                                    <proc:MonthlyDeliveryScheduleList>
                                                        <proc:MonthlyDeliverySchedule>
                                                            <proc:ServiceAgencyName>Air Force</proc:ServiceAgencyName>
                                                            <proc:ProcQuantity>1551</proc:ProcQuantity>
                                                            <proc:MonthlyDeliveryList>
                                                                <proc:MonthlyDelivery>
                                                                    <proc:Month>2025-02</proc:Month>
                                                                    <proc:Amount>129</proc:Amount>
                                                                </proc:MonthlyDelivery>
                                                                <proc:MonthlyDelivery>
                                                                    <proc:Month>2025-03</proc:Month>
                                                                    <proc:Amount>129</proc:Amount>
                                                                </proc:MonthlyDelivery>
                                                                <proc:MonthlyDelivery>
                                                                    <proc:Month>2025-04</proc:Month>
                                                                    <proc:Amount>129</proc:Amount>
                                                                </proc:MonthlyDelivery>
                                                                <proc:MonthlyDelivery>
                                                                    <proc:Month>2025-05</proc:Month>
                                                                    <proc:Amount>129</proc:Amount>
                                                                </proc:MonthlyDelivery>
                                                                <proc:MonthlyDelivery>
                                                                    <proc:Month>2025-06</proc:Month>
                                                                    <proc:Amount>129</proc:Amount>
                                                                </proc:MonthlyDelivery>
                                                                <proc:MonthlyDelivery>
                                                                    <proc:Month>2025-07</proc:Month>
                                                                    <proc:Amount>129</proc:Amount>
                                                                </proc:MonthlyDelivery>
                                                                <proc:MonthlyDelivery>
                                                                    <proc:Month>2025-08</proc:Month>
                                                                    <proc:Amount>129</proc:Amount>
                                                                </proc:MonthlyDelivery>
                                                                <proc:MonthlyDelivery>
                                                                    <proc:Month>2025-09</proc:Month>
                                                                    <proc:Amount>129</proc:Amount>
                                                                </proc:MonthlyDelivery>
                                                                <proc:MonthlyDelivery>
                                                                    <proc:Month>2025-10</proc:Month>
                                                                    <proc:Amount>129</proc:Amount>
                                                                </proc:MonthlyDelivery>
                                                                <proc:MonthlyDelivery>
                                                                    <proc:Month>2025-11</proc:Month>
                                                                    <proc:Amount>130</proc:Amount>
                                                                </proc:MonthlyDelivery>
                                                                <proc:MonthlyDelivery>
                                                                    <proc:Month>2025-12</proc:Month>
                                                                    <proc:Amount>130</proc:Amount>
                                                                </proc:MonthlyDelivery>
                                                                <proc:MonthlyDelivery>
                                                                    <proc:Month>2026-01</proc:Month>
                                                                    <proc:Amount>130</proc:Amount>
                                                                </proc:MonthlyDelivery>
                                                            </proc:MonthlyDeliveryList>
                                                        </proc:MonthlyDeliverySchedule>
                                                        <proc:MonthlyDeliverySchedule>
                                                            <proc:ServiceAgencyName>Foreign Military Sales</proc:ServiceAgencyName>
                                                            <proc:ProcQuantity>226</proc:ProcQuantity>
                                                            <proc:MonthlyDeliveryList>
                                                                <proc:MonthlyDelivery>
                                                                    <proc:Month>2025-02</proc:Month>
                                                                    <proc:Amount>18</proc:Amount>
                                                                </proc:MonthlyDelivery>
                                                                <proc:MonthlyDelivery>
                                                                    <proc:Month>2025-03</proc:Month>
                                                                    <proc:Amount>18</proc:Amount>
                                                                </proc:MonthlyDelivery>
                                                                <proc:MonthlyDelivery>
                                                                    <proc:Month>2025-04</proc:Month>
                                                                    <proc:Amount>19</proc:Amount>
                                                                </proc:MonthlyDelivery>
                                                                <proc:MonthlyDelivery>
                                                                    <proc:Month>2025-05</proc:Month>
                                                                    <proc:Amount>19</proc:Amount>
                                                                </proc:MonthlyDelivery>
                                                                <proc:MonthlyDelivery>
                                                                    <proc:Month>2025-06</proc:Month>
                                                                    <proc:Amount>19</proc:Amount>
                                                                </proc:MonthlyDelivery>
                                                                <proc:MonthlyDelivery>
                                                                    <proc:Month>2025-07</proc:Month>
                                                                    <proc:Amount>19</proc:Amount>
                                                                </proc:MonthlyDelivery>
                                                                <proc:MonthlyDelivery>
                                                                    <proc:Month>2025-08</proc:Month>
                                                                    <proc:Amount>19</proc:Amount>
                                                                </proc:MonthlyDelivery>
                                                                <proc:MonthlyDelivery>
                                                                    <proc:Month>2025-09</proc:Month>
                                                                    <proc:Amount>19</proc:Amount>
                                                                </proc:MonthlyDelivery>
                                                                <proc:MonthlyDelivery>
                                                                    <proc:Month>2025-10</proc:Month>
                                                                    <proc:Amount>19</proc:Amount>
                                                                </proc:MonthlyDelivery>
                                                                <proc:MonthlyDelivery>
                                                                    <proc:Month>2025-11</proc:Month>
                                                                    <proc:Amount>19</proc:Amount>
                                                                </proc:MonthlyDelivery>
                                                                <proc:MonthlyDelivery>
                                                                    <proc:Month>2025-12</proc:Month>
                                                                    <proc:Amount>19</proc:Amount>
                                                                </proc:MonthlyDelivery>
                                                                <proc:MonthlyDelivery>
                                                                    <proc:Month>2026-01</proc:Month>
                                                                    <proc:Amount>19</proc:Amount>
                                                                </proc:MonthlyDelivery>
                                                            </proc:MonthlyDeliveryList>
                                                        </proc:MonthlyDeliverySchedule>
                                                        <proc:MonthlyDeliverySchedule>
                                                            <proc:ServiceAgencyName>Navy</proc:ServiceAgencyName>
                                                            <proc:ProcQuantity>662</proc:ProcQuantity>
                                                            <proc:MonthlyDeliveryList>
                                                                <proc:MonthlyDelivery>
                                                                    <proc:Month>2025-02</proc:Month>
                                                                    <proc:Amount>55</proc:Amount>
                                                                </proc:MonthlyDelivery>
                                                                <proc:MonthlyDelivery>
                                                                    <proc:Month>2025-03</proc:Month>
                                                                    <proc:Amount>55</proc:Amount>
                                                                </proc:MonthlyDelivery>
                                                                <proc:MonthlyDelivery>
                                                                    <proc:Month>2025-04</proc:Month>
                                                                    <proc:Amount>55</proc:Amount>
                                                                </proc:MonthlyDelivery>
                                                                <proc:MonthlyDelivery>
                                                                    <proc:Month>2025-05</proc:Month>
                                                                    <proc:Amount>55</proc:Amount>
                                                                </proc:MonthlyDelivery>
                                                                <proc:MonthlyDelivery>
                                                                    <proc:Month>2025-06</proc:Month>
                                                                    <proc:Amount>55</proc:Amount>
                                                                </proc:MonthlyDelivery>
                                                                <proc:MonthlyDelivery>
                                                                    <proc:Month>2025-07</proc:Month>
                                                                    <proc:Amount>55</proc:Amount>
                                                                </proc:MonthlyDelivery>
                                                                <proc:MonthlyDelivery>
                                                                    <proc:Month>2025-08</proc:Month>
                                                                    <proc:Amount>55</proc:Amount>
                                                                </proc:MonthlyDelivery>
                                                                <proc:MonthlyDelivery>
                                                                    <proc:Month>2025-09</proc:Month>
                                                                    <proc:Amount>55</proc:Amount>
                                                                </proc:MonthlyDelivery>
                                                                <proc:MonthlyDelivery>
                                                                    <proc:Month>2025-10</proc:Month>
                                                                    <proc:Amount>55</proc:Amount>
                                                                </proc:MonthlyDelivery>
                                                                <proc:MonthlyDelivery>
                                                                    <proc:Month>2025-11</proc:Month>
                                                                    <proc:Amount>55</proc:Amount>
                                                                </proc:MonthlyDelivery>
                                                                <proc:MonthlyDelivery>
                                                                    <proc:Month>2025-12</proc:Month>
                                                                    <proc:Amount>56</proc:Amount>
                                                                </proc:MonthlyDelivery>
                                                                <proc:MonthlyDelivery>
                                                                    <proc:Month>2026-01</proc:Month>
                                                                    <proc:Amount>56</proc:Amount>
                                                                </proc:MonthlyDelivery>
                                                            </proc:MonthlyDeliveryList>
                                                        </proc:MonthlyDeliverySchedule>
                                                    </proc:MonthlyDeliveryScheduleList>
                                                    <proc:MonthlyDeliveryScheduleTotal>
                                                        <proc:ProcQuantity>2439</proc:ProcQuantity>
                                                        <proc:MonthlyDeliveryList>
                                                            <proc:MonthlyDelivery>
                                                                <proc:Month>2025-02</proc:Month>
                                                                <proc:Amount>202</proc:Amount>
                                                            </proc:MonthlyDelivery>
                                                            <proc:MonthlyDelivery>
                                                                <proc:Month>2025-03</proc:Month>
                                                                <proc:Amount>202</proc:Amount>
                                                            </proc:MonthlyDelivery>
                                                            <proc:MonthlyDelivery>
                                                                <proc:Month>2025-04</proc:Month>
                                                                <proc:Amount>203</proc:Amount>
                                                            </proc:MonthlyDelivery>
                                                            <proc:MonthlyDelivery>
                                                                <proc:Month>2025-05</proc:Month>
                                                                <proc:Amount>203</proc:Amount>
                                                            </proc:MonthlyDelivery>
                                                            <proc:MonthlyDelivery>
                                                                <proc:Month>2025-06</proc:Month>
                                                                <proc:Amount>203</proc:Amount>
                                                            </proc:MonthlyDelivery>
                                                            <proc:MonthlyDelivery>
                                                                <proc:Month>2025-07</proc:Month>
                                                                <proc:Amount>203</proc:Amount>
                                                            </proc:MonthlyDelivery>
                                                            <proc:MonthlyDelivery>
                                                                <proc:Month>2025-08</proc:Month>
                                                                <proc:Amount>203</proc:Amount>
                                                            </proc:MonthlyDelivery>
                                                            <proc:MonthlyDelivery>
                                                                <proc:Month>2025-09</proc:Month>
                                                                <proc:Amount>203</proc:Amount>
                                                            </proc:MonthlyDelivery>
                                                            <proc:MonthlyDelivery>
                                                                <proc:Month>2025-10</proc:Month>
                                                                <proc:Amount>203</proc:Amount>
                                                            </proc:MonthlyDelivery>
                                                            <proc:MonthlyDelivery>
                                                                <proc:Month>2025-11</proc:Month>
                                                                <proc:Amount>204</proc:Amount>
                                                            </proc:MonthlyDelivery>
                                                            <proc:MonthlyDelivery>
                                                                <proc:Month>2025-12</proc:Month>
                                                                <proc:Amount>205</proc:Amount>
                                                            </proc:MonthlyDelivery>
                                                            <proc:MonthlyDelivery>
                                                                <proc:Month>2026-01</proc:Month>
                                                                <proc:Amount>205</proc:Amount>
                                                            </proc:MonthlyDelivery>
                                                        </proc:MonthlyDeliveryList>
                                                    </proc:MonthlyDeliveryScheduleTotal>
                                                </proc:HistoryPlanning>
                                                <proc:HistoryPlanning>
                                                    <proc:FiscalYear>2025</proc:FiscalYear>
                                                    <proc:PCOLocation>AFLCMC Hill AFB</proc:PCOLocation>
                                                    <proc:AwardDate>2025-02</proc:AwardDate>
                                                    <proc:FirstDeliveryDate>2026-02</proc:FirstDeliveryDate>
                                                    <proc:Quantity>1248</proc:Quantity>
                                                    <proc:UnitCost>0.050</proc:UnitCost>
                                                    <proc:SpecsAvailableNow>true</proc:SpecsAvailableNow>
                                                    <proc:RFPIssueDate>2022-02</proc:RFPIssueDate>
                                                    <proc:ContractMethod>SS</proc:ContractMethod>
                                                    <proc:ContractType>FPIF</proc:ContractType>
                                                    <proc:MonthlyDeliveryScheduleList>
                                                        <proc:MonthlyDeliverySchedule>
                                                            <proc:ServiceAgencyName>Air Force</proc:ServiceAgencyName>
                                                            <proc:ProcQuantity>1248</proc:ProcQuantity>
                                                            <proc:MonthlyDeliveryList>
                                                                <proc:MonthlyDelivery>
                                                                    <proc:Month>2026-02</proc:Month>
                                                                    <proc:Amount>104</proc:Amount>
                                                                </proc:MonthlyDelivery>
                                                                <proc:MonthlyDelivery>
                                                                    <proc:Month>2026-03</proc:Month>
                                                                    <proc:Amount>104</proc:Amount>
                                                                </proc:MonthlyDelivery>
                                                                <proc:MonthlyDelivery>
                                                                    <proc:Month>2026-04</proc:Month>
                                                                    <proc:Amount>104</proc:Amount>
                                                                </proc:MonthlyDelivery>
                                                                <proc:MonthlyDelivery>
                                                                    <proc:Month>2026-05</proc:Month>
                                                                    <proc:Amount>104</proc:Amount>
                                                                </proc:MonthlyDelivery>
                                                                <proc:MonthlyDelivery>
                                                                    <proc:Month>2026-06</proc:Month>
                                                                    <proc:Amount>104</proc:Amount>
                                                                </proc:MonthlyDelivery>
                                                                <proc:MonthlyDelivery>
                                                                    <proc:Month>2026-07</proc:Month>
                                                                    <proc:Amount>104</proc:Amount>
                                                                </proc:MonthlyDelivery>
                                                                <proc:MonthlyDelivery>
                                                                    <proc:Month>2026-08</proc:Month>
                                                                    <proc:Amount>104</proc:Amount>
                                                                </proc:MonthlyDelivery>
                                                                <proc:MonthlyDelivery>
                                                                    <proc:Month>2026-09</proc:Month>
                                                                    <proc:Amount>104</proc:Amount>
                                                                </proc:MonthlyDelivery>
                                                                <proc:MonthlyDelivery>
                                                                    <proc:Month>2026-10</proc:Month>
                                                                    <proc:Amount>104</proc:Amount>
                                                                </proc:MonthlyDelivery>
                                                                <proc:MonthlyDelivery>
                                                                    <proc:Month>2026-11</proc:Month>
                                                                    <proc:Amount>104</proc:Amount>
                                                                </proc:MonthlyDelivery>
                                                                <proc:MonthlyDelivery>
                                                                    <proc:Month>2026-12</proc:Month>
                                                                    <proc:Amount>104</proc:Amount>
                                                                </proc:MonthlyDelivery>
                                                                <proc:MonthlyDelivery>
                                                                    <proc:Month>2027-01</proc:Month>
                                                                    <proc:Amount>104</proc:Amount>
                                                                </proc:MonthlyDelivery>
                                                            </proc:MonthlyDeliveryList>
                                                        </proc:MonthlyDeliverySchedule>
                                                        <proc:MonthlyDeliverySchedule>
                                                            <proc:ServiceAgencyName>Foreign Military Sales</proc:ServiceAgencyName>
                                                            <proc:ProcQuantity>2141</proc:ProcQuantity>
                                                            <proc:MonthlyDeliveryList>
                                                                <proc:MonthlyDelivery>
                                                                    <proc:Month>2026-02</proc:Month>
                                                                    <proc:Amount>178</proc:Amount>
                                                                </proc:MonthlyDelivery>
                                                                <proc:MonthlyDelivery>
                                                                    <proc:Month>2026-03</proc:Month>
                                                                    <proc:Amount>178</proc:Amount>
                                                                </proc:MonthlyDelivery>
                                                                <proc:MonthlyDelivery>
                                                                    <proc:Month>2026-04</proc:Month>
                                                                    <proc:Amount>178</proc:Amount>
                                                                </proc:MonthlyDelivery>
                                                                <proc:MonthlyDelivery>
                                                                    <proc:Month>2026-05</proc:Month>
                                                                    <proc:Amount>178</proc:Amount>
                                                                </proc:MonthlyDelivery>
                                                                <proc:MonthlyDelivery>
                                                                    <proc:Month>2026-06</proc:Month>
                                                                    <proc:Amount>178</proc:Amount>
                                                                </proc:MonthlyDelivery>
                                                                <proc:MonthlyDelivery>
                                                                    <proc:Month>2026-07</proc:Month>
                                                                    <proc:Amount>178</proc:Amount>
                                                                </proc:MonthlyDelivery>
                                                                <proc:MonthlyDelivery>
                                                                    <proc:Month>2026-08</proc:Month>
                                                                    <proc:Amount>178</proc:Amount>
                                                                </proc:MonthlyDelivery>
                                                                <proc:MonthlyDelivery>
                                                                    <proc:Month>2026-09</proc:Month>
                                                                    <proc:Amount>179</proc:Amount>
                                                                </proc:MonthlyDelivery>
                                                                <proc:MonthlyDelivery>
                                                                    <proc:Month>2026-10</proc:Month>
                                                                    <proc:Amount>179</proc:Amount>
                                                                </proc:MonthlyDelivery>
                                                                <proc:MonthlyDelivery>
                                                                    <proc:Month>2026-11</proc:Month>
                                                                    <proc:Amount>179</proc:Amount>
                                                                </proc:MonthlyDelivery>
                                                                <proc:MonthlyDelivery>
                                                                    <proc:Month>2026-12</proc:Month>
                                                                    <proc:Amount>179</proc:Amount>
                                                                </proc:MonthlyDelivery>
                                                                <proc:MonthlyDelivery>
                                                                    <proc:Month>2027-01</proc:Month>
                                                                    <proc:Amount>179</proc:Amount>
                                                                </proc:MonthlyDelivery>
                                                            </proc:MonthlyDeliveryList>
                                                        </proc:MonthlyDeliverySchedule>
                                                        <proc:MonthlyDeliverySchedule>
                                                            <proc:ServiceAgencyName>Navy</proc:ServiceAgencyName>
                                                            <proc:ProcQuantity>1656</proc:ProcQuantity>
                                                            <proc:MonthlyDeliveryList>
                                                                <proc:MonthlyDelivery>
                                                                    <proc:Month>2026-02</proc:Month>
                                                                    <proc:Amount>138</proc:Amount>
                                                                </proc:MonthlyDelivery>
                                                                <proc:MonthlyDelivery>
                                                                    <proc:Month>2026-03</proc:Month>
                                                                    <proc:Amount>138</proc:Amount>
                                                                </proc:MonthlyDelivery>
                                                                <proc:MonthlyDelivery>
                                                                    <proc:Month>2026-04</proc:Month>
                                                                    <proc:Amount>138</proc:Amount>
                                                                </proc:MonthlyDelivery>
                                                                <proc:MonthlyDelivery>
                                                                    <proc:Month>2026-05</proc:Month>
                                                                    <proc:Amount>138</proc:Amount>
                                                                </proc:MonthlyDelivery>
                                                                <proc:MonthlyDelivery>
                                                                    <proc:Month>2026-06</proc:Month>
                                                                    <proc:Amount>138</proc:Amount>
                                                                </proc:MonthlyDelivery>
                                                                <proc:MonthlyDelivery>
                                                                    <proc:Month>2026-07</proc:Month>
                                                                    <proc:Amount>138</proc:Amount>
                                                                </proc:MonthlyDelivery>
                                                                <proc:MonthlyDelivery>
                                                                    <proc:Month>2026-08</proc:Month>
                                                                    <proc:Amount>138</proc:Amount>
                                                                </proc:MonthlyDelivery>
                                                                <proc:MonthlyDelivery>
                                                                    <proc:Month>2026-09</proc:Month>
                                                                    <proc:Amount>138</proc:Amount>
                                                                </proc:MonthlyDelivery>
                                                                <proc:MonthlyDelivery>
                                                                    <proc:Month>2026-10</proc:Month>
                                                                    <proc:Amount>138</proc:Amount>
                                                                </proc:MonthlyDelivery>
                                                                <proc:MonthlyDelivery>
                                                                    <proc:Month>2026-11</proc:Month>
                                                                    <proc:Amount>138</proc:Amount>
                                                                </proc:MonthlyDelivery>
                                                                <proc:MonthlyDelivery>
                                                                    <proc:Month>2026-12</proc:Month>
                                                                    <proc:Amount>138</proc:Amount>
                                                                </proc:MonthlyDelivery>
                                                                <proc:MonthlyDelivery>
                                                                    <proc:Month>2027-01</proc:Month>
                                                                    <proc:Amount>138</proc:Amount>
                                                                </proc:MonthlyDelivery>
                                                            </proc:MonthlyDeliveryList>
                                                        </proc:MonthlyDeliverySchedule>
                                                    </proc:MonthlyDeliveryScheduleList>
                                                    <proc:MonthlyDeliveryScheduleTotal>
                                                        <proc:ProcQuantity>5045</proc:ProcQuantity>
                                                        <proc:MonthlyDeliveryList>
                                                            <proc:MonthlyDelivery>
                                                                <proc:Month>2026-02</proc:Month>
                                                                <proc:Amount>420</proc:Amount>
                                                            </proc:MonthlyDelivery>
                                                            <proc:MonthlyDelivery>
                                                                <proc:Month>2026-03</proc:Month>
                                                                <proc:Amount>420</proc:Amount>
                                                            </proc:MonthlyDelivery>
                                                            <proc:MonthlyDelivery>
                                                                <proc:Month>2026-04</proc:Month>
                                                                <proc:Amount>420</proc:Amount>
                                                            </proc:MonthlyDelivery>
                                                            <proc:MonthlyDelivery>
                                                                <proc:Month>2026-05</proc:Month>
                                                                <proc:Amount>420</proc:Amount>
                                                            </proc:MonthlyDelivery>
                                                            <proc:MonthlyDelivery>
                                                                <proc:Month>2026-06</proc:Month>
                                                                <proc:Amount>420</proc:Amount>
                                                            </proc:MonthlyDelivery>
                                                            <proc:MonthlyDelivery>
                                                                <proc:Month>2026-07</proc:Month>
                                                                <proc:Amount>420</proc:Amount>
                                                            </proc:MonthlyDelivery>
                                                            <proc:MonthlyDelivery>
                                                                <proc:Month>2026-08</proc:Month>
                                                                <proc:Amount>420</proc:Amount>
                                                            </proc:MonthlyDelivery>
                                                            <proc:MonthlyDelivery>
                                                                <proc:Month>2026-09</proc:Month>
                                                                <proc:Amount>421</proc:Amount>
                                                            </proc:MonthlyDelivery>
                                                            <proc:MonthlyDelivery>
                                                                <proc:Month>2026-10</proc:Month>
                                                                <proc:Amount>421</proc:Amount>
                                                            </proc:MonthlyDelivery>
                                                            <proc:MonthlyDelivery>
                                                                <proc:Month>2026-11</proc:Month>
                                                                <proc:Amount>421</proc:Amount>
                                                            </proc:MonthlyDelivery>
                                                            <proc:MonthlyDelivery>
                                                                <proc:Month>2026-12</proc:Month>
                                                                <proc:Amount>421</proc:Amount>
                                                            </proc:MonthlyDelivery>
                                                            <proc:MonthlyDelivery>
                                                                <proc:Month>2027-01</proc:Month>
                                                                <proc:Amount>421</proc:Amount>
                                                            </proc:MonthlyDelivery>
                                                        </proc:MonthlyDeliveryList>
                                                    </proc:MonthlyDeliveryScheduleTotal>
                                                </proc:HistoryPlanning>
                                                <proc:HistoryPlanning>
                                                    <proc:FiscalYear>2026</proc:FiscalYear>
                                                    <proc:PCOLocation>AFLCMC Hill AFB</proc:PCOLocation>
                                                    <proc:AwardDate>2026-02</proc:AwardDate>
                                                    <proc:FirstDeliveryDate>2027-02</proc:FirstDeliveryDate>
                                                    <proc:Quantity>1500</proc:Quantity>
                                                    <proc:UnitCost>0.055</proc:UnitCost>
                                                    <proc:SpecsAvailableNow>true</proc:SpecsAvailableNow>
                                                    <proc:RFPIssueDate>2022-02</proc:RFPIssueDate>
                                                    <proc:ContractMethod>SS</proc:ContractMethod>
                                                    <proc:ContractType>FPIF</proc:ContractType>
                                                    <proc:MonthlyDeliveryScheduleList>
                                                        <proc:MonthlyDeliverySchedule>
                                                            <proc:ServiceAgencyName>Air Force</proc:ServiceAgencyName>
                                                            <proc:ProcQuantity>1500</proc:ProcQuantity>
                                                            <proc:MonthlyDeliveryList>
                                                                <proc:MonthlyDelivery>
                                                                    <proc:Month>2027-02</proc:Month>
                                                                    <proc:Amount>125</proc:Amount>
                                                                </proc:MonthlyDelivery>
                                                                <proc:MonthlyDelivery>
                                                                    <proc:Month>2027-03</proc:Month>
                                                                    <proc:Amount>125</proc:Amount>
                                                                </proc:MonthlyDelivery>
                                                                <proc:MonthlyDelivery>
                                                                    <proc:Month>2027-04</proc:Month>
                                                                    <proc:Amount>125</proc:Amount>
                                                                </proc:MonthlyDelivery>
                                                                <proc:MonthlyDelivery>
                                                                    <proc:Month>2027-05</proc:Month>
                                                                    <proc:Amount>125</proc:Amount>
                                                                </proc:MonthlyDelivery>
                                                                <proc:MonthlyDelivery>
                                                                    <proc:Month>2027-06</proc:Month>
                                                                    <proc:Amount>125</proc:Amount>
                                                                </proc:MonthlyDelivery>
                                                                <proc:MonthlyDelivery>
                                                                    <proc:Month>2027-07</proc:Month>
                                                                    <proc:Amount>125</proc:Amount>
                                                                </proc:MonthlyDelivery>
                                                                <proc:MonthlyDelivery>
                                                                    <proc:Month>2027-08</proc:Month>
                                                                    <proc:Amount>125</proc:Amount>
                                                                </proc:MonthlyDelivery>
                                                                <proc:MonthlyDelivery>
                                                                    <proc:Month>2027-09</proc:Month>
                                                                    <proc:Amount>125</proc:Amount>
                                                                </proc:MonthlyDelivery>
                                                                <proc:MonthlyDelivery>
                                                                    <proc:Month>2027-10</proc:Month>
                                                                    <proc:Amount>125</proc:Amount>
                                                                </proc:MonthlyDelivery>
                                                                <proc:MonthlyDelivery>
                                                                    <proc:Month>2027-11</proc:Month>
                                                                    <proc:Amount>125</proc:Amount>
                                                                </proc:MonthlyDelivery>
                                                                <proc:MonthlyDelivery>
                                                                    <proc:Month>2027-12</proc:Month>
                                                                    <proc:Amount>125</proc:Amount>
                                                                </proc:MonthlyDelivery>
                                                                <proc:MonthlyDelivery>
                                                                    <proc:Month>2028-01</proc:Month>
                                                                    <proc:Amount>125</proc:Amount>
                                                                </proc:MonthlyDelivery>
                                                            </proc:MonthlyDeliveryList>
                                                        </proc:MonthlyDeliverySchedule>
                                                        <proc:MonthlyDeliverySchedule>
                                                            <proc:ServiceAgencyName>Foreign Military Sales</proc:ServiceAgencyName>
                                                            <proc:ProcQuantity>2000</proc:ProcQuantity>
                                                            <proc:MonthlyDeliveryList>
                                                                <proc:MonthlyDelivery>
                                                                    <proc:Month>2027-02</proc:Month>
                                                                    <proc:Amount>166</proc:Amount>
                                                                </proc:MonthlyDelivery>
                                                                <proc:MonthlyDelivery>
                                                                    <proc:Month>2027-03</proc:Month>
                                                                    <proc:Amount>166</proc:Amount>
                                                                </proc:MonthlyDelivery>
                                                                <proc:MonthlyDelivery>
                                                                    <proc:Month>2027-04</proc:Month>
                                                                    <proc:Amount>166</proc:Amount>
                                                                </proc:MonthlyDelivery>
                                                                <proc:MonthlyDelivery>
                                                                    <proc:Month>2027-05</proc:Month>
                                                                    <proc:Amount>166</proc:Amount>
                                                                </proc:MonthlyDelivery>
                                                                <proc:MonthlyDelivery>
                                                                    <proc:Month>2027-06</proc:Month>
                                                                    <proc:Amount>167</proc:Amount>
                                                                </proc:MonthlyDelivery>
                                                                <proc:MonthlyDelivery>
                                                                    <proc:Month>2027-07</proc:Month>
                                                                    <proc:Amount>167</proc:Amount>
                                                                </proc:MonthlyDelivery>
                                                                <proc:MonthlyDelivery>
                                                                    <proc:Month>2027-08</proc:Month>
                                                                    <proc:Amount>167</proc:Amount>
                                                                </proc:MonthlyDelivery>
                                                                <proc:MonthlyDelivery>
                                                                    <proc:Month>2027-09</proc:Month>
                                                                    <proc:Amount>167</proc:Amount>
                                                                </proc:MonthlyDelivery>
                                                                <proc:MonthlyDelivery>
                                                                    <proc:Month>2027-10</proc:Month>
                                                                    <proc:Amount>167</proc:Amount>
                                                                </proc:MonthlyDelivery>
                                                                <proc:MonthlyDelivery>
                                                                    <proc:Month>2027-11</proc:Month>
                                                                    <proc:Amount>167</proc:Amount>
                                                                </proc:MonthlyDelivery>
                                                                <proc:MonthlyDelivery>
                                                                    <proc:Month>2027-12</proc:Month>
                                                                    <proc:Amount>167</proc:Amount>
                                                                </proc:MonthlyDelivery>
                                                                <proc:MonthlyDelivery>
                                                                    <proc:Month>2028-01</proc:Month>
                                                                    <proc:Amount>167</proc:Amount>
                                                                </proc:MonthlyDelivery>
                                                            </proc:MonthlyDeliveryList>
                                                        </proc:MonthlyDeliverySchedule>
                                                        <proc:MonthlyDeliverySchedule>
                                                            <proc:ServiceAgencyName>Navy</proc:ServiceAgencyName>
                                                            <proc:ProcQuantity>1000</proc:ProcQuantity>
                                                            <proc:MonthlyDeliveryList>
                                                                <proc:MonthlyDelivery>
                                                                    <proc:Month>2027-02</proc:Month>
                                                                    <proc:Amount>83</proc:Amount>
                                                                </proc:MonthlyDelivery>
                                                                <proc:MonthlyDelivery>
                                                                    <proc:Month>2027-03</proc:Month>
                                                                    <proc:Amount>83</proc:Amount>
                                                                </proc:MonthlyDelivery>
                                                                <proc:MonthlyDelivery>
                                                                    <proc:Month>2027-04</proc:Month>
                                                                    <proc:Amount>83</proc:Amount>
                                                                </proc:MonthlyDelivery>
                                                                <proc:MonthlyDelivery>
                                                                    <proc:Month>2027-05</proc:Month>
                                                                    <proc:Amount>83</proc:Amount>
                                                                </proc:MonthlyDelivery>
                                                                <proc:MonthlyDelivery>
                                                                    <proc:Month>2027-06</proc:Month>
                                                                    <proc:Amount>83</proc:Amount>
                                                                </proc:MonthlyDelivery>
                                                                <proc:MonthlyDelivery>
                                                                    <proc:Month>2027-07</proc:Month>
                                                                    <proc:Amount>83</proc:Amount>
                                                                </proc:MonthlyDelivery>
                                                                <proc:MonthlyDelivery>
                                                                    <proc:Month>2027-08</proc:Month>
                                                                    <proc:Amount>83</proc:Amount>
                                                                </proc:MonthlyDelivery>
                                                                <proc:MonthlyDelivery>
                                                                    <proc:Month>2027-09</proc:Month>
                                                                    <proc:Amount>83</proc:Amount>
                                                                </proc:MonthlyDelivery>
                                                                <proc:MonthlyDelivery>
                                                                    <proc:Month>2027-10</proc:Month>
                                                                    <proc:Amount>84</proc:Amount>
                                                                </proc:MonthlyDelivery>
                                                                <proc:MonthlyDelivery>
                                                                    <proc:Month>2027-11</proc:Month>
                                                                    <proc:Amount>84</proc:Amount>
                                                                </proc:MonthlyDelivery>
                                                                <proc:MonthlyDelivery>
                                                                    <proc:Month>2027-12</proc:Month>
                                                                    <proc:Amount>84</proc:Amount>
                                                                </proc:MonthlyDelivery>
                                                                <proc:MonthlyDelivery>
                                                                    <proc:Month>2028-01</proc:Month>
                                                                    <proc:Amount>84</proc:Amount>
                                                                </proc:MonthlyDelivery>
                                                            </proc:MonthlyDeliveryList>
                                                        </proc:MonthlyDeliverySchedule>
                                                    </proc:MonthlyDeliveryScheduleList>
                                                    <proc:MonthlyDeliveryScheduleTotal>
                                                        <proc:ProcQuantity>4500</proc:ProcQuantity>
                                                        <proc:MonthlyDeliveryList>
                                                            <proc:MonthlyDelivery>
                                                                <proc:Month>2027-02</proc:Month>
                                                                <proc:Amount>374</proc:Amount>
                                                            </proc:MonthlyDelivery>
                                                            <proc:MonthlyDelivery>
                                                                <proc:Month>2027-03</proc:Month>
                                                                <proc:Amount>374</proc:Amount>
                                                            </proc:MonthlyDelivery>
                                                            <proc:MonthlyDelivery>
                                                                <proc:Month>2027-04</proc:Month>
                                                                <proc:Amount>374</proc:Amount>
                                                            </proc:MonthlyDelivery>
                                                            <proc:MonthlyDelivery>
                                                                <proc:Month>2027-05</proc:Month>
                                                                <proc:Amount>374</proc:Amount>
                                                            </proc:MonthlyDelivery>
                                                            <proc:MonthlyDelivery>
                                                                <proc:Month>2027-06</proc:Month>
                                                                <proc:Amount>375</proc:Amount>
                                                            </proc:MonthlyDelivery>
                                                            <proc:MonthlyDelivery>
                                                                <proc:Month>2027-07</proc:Month>
                                                                <proc:Amount>375</proc:Amount>
                                                            </proc:MonthlyDelivery>
                                                            <proc:MonthlyDelivery>
                                                                <proc:Month>2027-08</proc:Month>
                                                                <proc:Amount>375</proc:Amount>
                                                            </proc:MonthlyDelivery>
                                                            <proc:MonthlyDelivery>
                                                                <proc:Month>2027-09</proc:Month>
                                                                <proc:Amount>375</proc:Amount>
                                                            </proc:MonthlyDelivery>
                                                            <proc:MonthlyDelivery>
                                                                <proc:Month>2027-10</proc:Month>
                                                                <proc:Amount>376</proc:Amount>
                                                            </proc:MonthlyDelivery>
                                                            <proc:MonthlyDelivery>
                                                                <proc:Month>2027-11</proc:Month>
                                                                <proc:Amount>376</proc:Amount>
                                                            </proc:MonthlyDelivery>
                                                            <proc:MonthlyDelivery>
                                                                <proc:Month>2027-12</proc:Month>
                                                                <proc:Amount>376</proc:Amount>
                                                            </proc:MonthlyDelivery>
                                                            <proc:MonthlyDelivery>
                                                                <proc:Month>2028-01</proc:Month>
                                                                <proc:Amount>376</proc:Amount>
                                                            </proc:MonthlyDelivery>
                                                        </proc:MonthlyDeliveryList>
                                                    </proc:MonthlyDeliveryScheduleTotal>
                                                </proc:HistoryPlanning>
                                            </proc:HistoryPlanningList>
                                        </proc:Manufacturer>
                                    </proc:ManufacturerList>
                                </proc:CostElement>
                                <proc:CostElement>
                                    <proc:Name>LASER SENSOR</proc:Name>
                                    <proc:Cost>
                                        <proc:Quantity>
                                            <proc:AllPriorYears>38034</proc:AllPriorYears>
                                            <proc:CurrentYear>1222</proc:CurrentYear>
                                            <proc:BudgetYearOneBase>1300</proc:BudgetYearOneBase>
                                            <proc:BudgetYearOne>1300</proc:BudgetYearOne>
                                        </proc:Quantity>
                                        <proc:TotalCost>
                                            <proc:AllPriorYears>497.324</proc:AllPriorYears>
                                            <proc:CurrentYear>31.4</proc:CurrentYear>
                                            <proc:BudgetYearOneBase>20</proc:BudgetYearOneBase>
                                            <proc:BudgetYearOne>20</proc:BudgetYearOne>
                                        </proc:TotalCost>
                                        <proc:UnitCost>
                                            <proc:AllPriorYears>0.013</proc:AllPriorYears>
                                            <proc:CurrentYear>0.026</proc:CurrentYear>
                                            <proc:BudgetYearOneBase>0.015</proc:BudgetYearOneBase>
                                            <proc:BudgetYearOne>0.015</proc:BudgetYearOne>
                                        </proc:UnitCost>
                                    </proc:Cost>
                                </proc:CostElement>
                            </proc:CostElementList>
                            <proc:CategorySubtotal>
                                <proc:TotalCost>
                                    <proc:AllPriorYears>8332.247</proc:AllPriorYears>
                                    <proc:PriorYear>98.962</proc:PriorYear>
                                    <proc:CurrentYear>93.812</proc:CurrentYear>
                                    <proc:BudgetYearOneBase>102.024</proc:BudgetYearOneBase>
                                    <proc:BudgetYearOne>102.024</proc:BudgetYearOne>
                                </proc:TotalCost>
                            </proc:CategorySubtotal>
                        </proc:Recurring>
                        <proc:CategorySubtotal>
                            <proc:TotalCost>
                                <proc:AllPriorYears>8332.247</proc:AllPriorYears>
                                <proc:PriorYear>98.962</proc:PriorYear>
                                <proc:CurrentYear>93.812</proc:CurrentYear>
                                <proc:BudgetYearOneBase>102.024</proc:BudgetYearOneBase>
                                <proc:BudgetYearOne>102.024</proc:BudgetYearOne>
                            </proc:TotalCost>
                        </proc:CategorySubtotal>
                    </proc:Hardware>
                    <proc:AncillaryEquipment>
                        <proc:Name>END ITEM</proc:Name>
                        <proc:Recurring>
                            <proc:CostElementList>
                                <proc:CostElement>
                                    <proc:Name>AIRBORNE TEST EQUIPMENT</proc:Name>
                                    <proc:Cost>
                                        <proc:TotalCost>
                                            <proc:AllPriorYears>106.456</proc:AllPriorYears>
                                            <proc:PriorYear>1.477</proc:PriorYear>
                                            <proc:CurrentYear>11.559</proc:CurrentYear>
                                            <proc:BudgetYearOneBase>11.774</proc:BudgetYearOneBase>
                                            <proc:BudgetYearOne>11.774</proc:BudgetYearOne>
                                        </proc:TotalCost>
                                    </proc:Cost>
                                </proc:CostElement>
                            </proc:CostElementList>
                            <proc:CategorySubtotal>
                                <proc:TotalCost>
                                    <proc:AllPriorYears>106.456</proc:AllPriorYears>
                                    <proc:PriorYear>1.477</proc:PriorYear>
                                    <proc:CurrentYear>11.559</proc:CurrentYear>
                                    <proc:BudgetYearOneBase>11.774</proc:BudgetYearOneBase>
                                    <proc:BudgetYearOne>11.774</proc:BudgetYearOne>
                                </proc:TotalCost>
                            </proc:CategorySubtotal>
                        </proc:Recurring>
                        <proc:CategorySubtotal>
                            <proc:TotalCost>
                                <proc:AllPriorYears>106.456</proc:AllPriorYears>
                                <proc:PriorYear>1.477</proc:PriorYear>
                                <proc:CurrentYear>11.559</proc:CurrentYear>
                                <proc:BudgetYearOneBase>11.774</proc:BudgetYearOneBase>
                                <proc:BudgetYearOne>11.774</proc:BudgetYearOne>
                            </proc:TotalCost>
                        </proc:CategorySubtotal>
                    </proc:AncillaryEquipment>
                    <proc:Support>
                        <proc:CostElementList>
                            <proc:CostElement>
                                <proc:Name>SUSTAINING ENGINEERING</proc:Name>
                                <proc:Cost>
                                    <proc:TotalCost>
                                        <proc:AllPriorYears>297.231</proc:AllPriorYears>
                                        <proc:PriorYear>8.106</proc:PriorYear>
                                        <proc:CurrentYear>5.706</proc:CurrentYear>
                                        <proc:BudgetYearOneBase>8.191</proc:BudgetYearOneBase>
                                        <proc:BudgetYearOne>8.191</proc:BudgetYearOne>
                                    </proc:TotalCost>
                                </proc:Cost>
                            </proc:CostElement>
                            <proc:CostElement>
                                <proc:Name>PSC Other Government Costs</proc:Name>
                                <proc:Cost>
                                    <proc:TotalCost>
                                        <proc:AllPriorYears>70.411</proc:AllPriorYears>
                                        <proc:PriorYear>0.683</proc:PriorYear>
                                        <proc:CurrentYear>0.732</proc:CurrentYear>
                                        <proc:BudgetYearOneBase>0.748</proc:BudgetYearOneBase>
                                        <proc:BudgetYearOne>0.748</proc:BudgetYearOne>
                                    </proc:TotalCost>
                                </proc:Cost>
                            </proc:CostElement>
                            <proc:CostElement>
                                <proc:Name>PSC Contractor Services</proc:Name>
                                <proc:Cost>
                                    <proc:TotalCost>
                                        <proc:PriorYear>1.656</proc:PriorYear>
                                        <proc:CurrentYear>3.618</proc:CurrentYear>
                                        <proc:BudgetYearOneBase>3.652</proc:BudgetYearOneBase>
                                        <proc:BudgetYearOne>3.652</proc:BudgetYearOne>
                                    </proc:TotalCost>
                                </proc:Cost>
                            </proc:CostElement>
                        </proc:CostElementList>
                        <proc:CategorySubtotal>
                            <proc:TotalCost>
                                <proc:AllPriorYears>367.642</proc:AllPriorYears>
                                <proc:PriorYear>10.445</proc:PriorYear>
                                <proc:CurrentYear>10.056</proc:CurrentYear>
                                <proc:BudgetYearOneBase>12.591</proc:BudgetYearOneBase>
                                <proc:BudgetYearOne>12.591</proc:BudgetYearOne>
                            </proc:TotalCost>
                        </proc:CategorySubtotal>
                        <proc:Name>END ITEM SUPPORT</proc:Name>
                    </proc:Support>
                </proc:CostElementCategoryList>
                <proc:OverallDeliveryScheduleRemarks>Minimum Sustainment Rate (MSR) includes US Air Force, US Navy and Foreign Military Sales (FMS) procurement.</proc:OverallDeliveryScheduleRemarks>
            </proc:P5Item>
        </proc:ItemExhibitList>
        <proc:DocumentAssemblyOptions>
            <proc:p40AItemScheduleSetting>expandItemSuppressExhibit</proc:p40AItemScheduleSetting>
        </proc:DocumentAssemblyOptions>
    </proc:LineItem>
</proc:LineItemList>