<?xml version="1.0" encoding="UTF-8"?>
<proc:LineItemList xmlns:proc="http://www.dtic.mil/comptroller/xml/schema/20100219/procurement">
    <proc:LineItem quantityUnits="Each" unitCostUnits="Millions" totalCostUnits="Millions" manufacturerRateUnits="Yearly">
        <proc:LineItemNumber>356120</proc:LineItemNumber>
        <proc:LineItemTitle>Fuzes</proc:LineItemTitle>
        <proc:P1LineNumber>18</proc:P1LineNumber>
        <proc:BudgetYear>2026</proc:BudgetYear>
        <proc:BudgetCycle>PB</proc:BudgetCycle>
        <proc:SubmissionDate>2025-06</proc:SubmissionDate>
        <proc:ServiceAgencyName>Air Force</proc:ServiceAgencyName>
        <proc:AppropriationNumber>3011F</proc:AppropriationNumber>
        <proc:AppropriationTitle>Procurement of Ammunition, Air Force</proc:AppropriationTitle>
        <proc:BudgetActivityNumber>1</proc:BudgetActivityNumber>
        <proc:BudgetActivityTitle>Ammunition</proc:BudgetActivityTitle>
        <proc:BudgetSubActivityNumber>18</proc:BudgetSubActivityNumber>
        <proc:BudgetSubActivityTitle>Fuzes</proc:BudgetSubActivityTitle>
        <proc:ResourceSummary>
            <proc:TotalCost>
                <proc:PriorYear>82.226</proc:PriorYear>
                <proc:CurrentYear>49.209</proc:CurrentYear>
                <proc:BudgetYearOneBase>125.721</proc:BudgetYearOneBase>
                <proc:BudgetYearOne>125.721</proc:BudgetYearOne>
            </proc:TotalCost>
            <proc:NetProcurementP1>
                <proc:PriorYear>82.226</proc:PriorYear>
                <proc:CurrentYear>49.209</proc:CurrentYear>
                <proc:BudgetYearOneBase>125.721</proc:BudgetYearOneBase>
                <proc:BudgetYearOne>125.721</proc:BudgetYearOne>
            </proc:NetProcurementP1>
            <proc:TotalObligationAuthority>
                <proc:PriorYear>82.226</proc:PriorYear>
                <proc:CurrentYear>49.209</proc:CurrentYear>
                <proc:BudgetYearOneBase>125.721</proc:BudgetYearOneBase>
                <proc:BudgetYearOne>125.721</proc:BudgetYearOne>
            </proc:TotalObligationAuthority>
        </proc:ResourceSummary>
        <proc:Code>A</proc:Code>
        <proc:Description>Note: FY2025 amounts reflect 65.455M in reductions in the FY25 Appropriation Act.

Procure advanced fuze/sensor systems and modernization capabilities required by US and Allied warfighters to support the commander's intent. These fuze/sensor systems provide the DoD with reliable and effective weapon safing, arming, sensing, and attack capabilities.  Characterize how fuzing impacts the survivability, producibility, and lethality of various weapon systems; including internal pressures, warhead effects, and ignition characteristics.

The following Weapon System Cost Elements are represented in this P-1 line:

- FMU-139D/B is a Navy-led general purpose fuze Engineering Change Proposal (ECP) program to replace the FMU-139C/B and FMU-152A/B in the USN and USAF inventories. This effort is a low cost option that meets both services' requirements for a better buying power business case. The USAF continues to monitor weapon expenditure rates in the Areas of Responsibility (AORs) and adjust fuze Inventory Objectives (IO) accordingly.  Legacy fuzes will age out and in response the FMU-139D/B inventory objective is anticipated to continue increasing through FY25. Joint USN/USAF acquisition will continue with USAF ordering between 15,000 and 25,000 units annually to meet inventory objectives and maximize budget. Manufacturing capacity for the FMU-139D/B is currently 50,000 fuzes per year for USN, FMS, and USAF requirements and surge capacity is available. 
  
- FMU-167 Hard Target Void Sensing Fuze (HTVSF) (EE27), is an advanced system designed to provide fuzing and void sensing functions, enabling a weapon to penetrate and destroy hardened, deeply buried targets protected by multiple layers of soil and/or reinforced concrete. The HTVSF provides for in-flight cockpit programmability, safing and arming, multi-function (time delay and void sensing) and multi-delay arming capabilities. USAF and USN will employ HTVSF in penetrator warheads, contributing to the ability to strike and functionally defeat high value/high payoff targets in order to achieve strategic and operational objectives. Inventory objective increases may necessitate additional sustainment acquisition. The Air Force is the lead service for procurement/sustainment.    

- DSU-43/B Cockpit Selectable Height-of-Burst Sensor (C-HOBS) replaces the current DSU-33D/B proximity sensor. C-HOBS eliminates two obsolescence issues the DSU-33D/B is currently experiencing and will replace the single factory Height-Of-Burst (HOB) setting with the addition of multiple HOB options selectable via both a manual switch and a cockpit-selectable interface. These selection options allow flexibility during flight to address a wide array of targets. The C-HOBS weapon system combines a sensor system and cable kit and is intended to optimize the effects of Next Generation Attack Weapons (NGAAWs). It interfaces with and provides a cockpit-selectable proximity function to general and special purpose weapons. USAF will continue ordering between 10-20K per year to meet inventory objectives and maximize budget.

- ULAG (FZU-65/B) Is designed to provide power to the FMU-139D/B, FMU-152A/B, FMU-167/B and FSU-32 Fuzes. ULAG is mechanically designed to integrate into the next generation penetration weapon systems such as the GBU-31(v)9/B (A2K) and GBU-72/B (A5K). ULAG will replace the FZU-63A/B, FZU-48A/B and FZU-60/B on the A2K and the FSU-32 on the A5K. It will condense the need for four separate FZUs to just one when used on the A2K and A5K. The Air Force is the lead service for procurement/sustainment. 

- Items Less Than Five Million Dollars: Various fuzes, to include inert training items, that have an annual procurement value of less than 5,000,000 and are code A.

Funds may be used to address production Diminishing Manufacturing Sources (DMS)/Material Shortages/Obsolescence issues through studies, bridge buys, life of type buys, supplier/parts replacement, to include electronic components used commercially and in short supply, and qualification activities to preserve future production capabilities and capacities.

This program leverages Digital acquisition tenets of open, agile, and digital.  Invests in analytical, information management, data management, digital environments, networks, facilities, and security infrastructure upgrades directly supporting development and sustainment of this program's capabilities, while leveraging DoD and DAF enterprise IT solutions.

In accordance with Section 1815 of the FY 2008 National Defense Authorization Act (P.L. 110-181), these items are necessary for use by the active components of the Armed Forces for homeland defense missions, domestic emergency responses, and providing military support to civil authorities.

Procurement quantities can change based on negotiated options/pricing bands and available funding, in accordance with Title 10, U.S Code Section 2308 BUY-TO-BUDGET ACQUISITION.

Procurements for the execution year may vary due to changes in inventory objectives. Combatant commanders' requirements for Operational Plans influence these objectives, which are updated throughout the year.
 


Funding for this exhibit contained in PEs 0208030F and 0207599F.</proc:Description>
        <proc:Justification>FY 2026 funding purchases fuzes and associated items.

The Air Force procures munitions to maintain appropriate quantities in the War Reserve Materiel (WRM) Munitions and test and training stockpiles. Active, Guard and Reserve components draw from the WRM stockpiles as required and receive test and training allocations annually based on current-year requirements.

The FY 2026 request was reduced by 0.993 million for Advisory and Assistance Services to promote efficiencies and advance the policies of the Administration in alignment with Executive Order 14222, Implementing the President's Department of Government Efficiency Cost Efficiency Initiative.

Funding increases from FY2025 to FY2026 are a result of C-HOBS receiving a congressional mark in FY2025 due to production delays. C-HOBS has resolved all production delay issues and is on track for full rate production in FY2026.</proc:Justification>
        <proc:ItemExhibitList>
            <proc:P5Item>
                <proc:Name>C-HOBS</proc:Name>
                <proc:IdCode>A</proc:IdCode>
                <proc:Remarks>C-HOBS received a congressional mark in FY25 due to production delays. C-HOBS has resolved all production delay issues and is on track for full rate production in FY26.</proc:Remarks>
                <proc:ResourceSummary>
                    <proc:TotalCost>
                        <proc:PriorYear>8.04</proc:PriorYear>
                        <proc:CurrentYear>2.126</proc:CurrentYear>
                        <proc:BudgetYearOneBase>97.595</proc:BudgetYearOneBase>
                        <proc:BudgetYearOne>97.595</proc:BudgetYearOne>
                    </proc:TotalCost>
                    <proc:NetProcurementP1>
                        <proc:PriorYear>8.04</proc:PriorYear>
                        <proc:CurrentYear>2.126</proc:CurrentYear>
                        <proc:BudgetYearOneBase>97.595</proc:BudgetYearOneBase>
                        <proc:BudgetYearOne>97.595</proc:BudgetYearOne>
                    </proc:NetProcurementP1>
                    <proc:TotalObligationAuthority>
                        <proc:PriorYear>8.04</proc:PriorYear>
                        <proc:CurrentYear>2.126</proc:CurrentYear>
                        <proc:BudgetYearOneBase>97.595</proc:BudgetYearOneBase>
                        <proc:BudgetYearOne>97.595</proc:BudgetYearOne>
                    </proc:TotalObligationAuthority>
                </proc:ResourceSummary>
                <proc:CostElementCategoryList>
                    <proc:Hardware>
                        <proc:Name>C-HOBS</proc:Name>
                        <proc:Recurring>
                            <proc:CostElementList>
                                <proc:CostElement>
                                    <proc:Name>C-HOBS</proc:Name>
                                    <proc:Cost>
                                        <proc:Quantity>
                                            <proc:PriorYear>3478</proc:PriorYear>
                                            <proc:BudgetYearOneBase>16099</proc:BudgetYearOneBase>
                                            <proc:BudgetYearOne>16099</proc:BudgetYearOne>
                                        </proc:Quantity>
                                        <proc:TotalCost>
                                            <proc:PriorYear>6.955</proc:PriorYear>
                                            <proc:CurrentYear>0</proc:CurrentYear>
                                            <proc:BudgetYearOneBase>96.593</proc:BudgetYearOneBase>
                                            <proc:BudgetYearOne>96.593</proc:BudgetYearOne>
                                        </proc:TotalCost>
                                        <proc:UnitCost>
                                            <proc:PriorYear>0.002</proc:PriorYear>
                                            <proc:BudgetYearOneBase>0.006</proc:BudgetYearOneBase>
                                            <proc:BudgetYearOne>0.006</proc:BudgetYearOne>
                                        </proc:UnitCost>
                                    </proc:Cost>
                                </proc:CostElement>
                            </proc:CostElementList>
                            <proc:CategorySubtotal>
                                <proc:TotalCost>
                                    <proc:PriorYear>6.955</proc:PriorYear>
                                    <proc:CurrentYear>0</proc:CurrentYear>
                                    <proc:BudgetYearOneBase>96.593</proc:BudgetYearOneBase>
                                    <proc:BudgetYearOne>96.593</proc:BudgetYearOne>
                                </proc:TotalCost>
                            </proc:CategorySubtotal>
                        </proc:Recurring>
                        <proc:CategorySubtotal>
                            <proc:TotalCost>
                                <proc:PriorYear>6.955</proc:PriorYear>
                                <proc:CurrentYear>0</proc:CurrentYear>
                                <proc:BudgetYearOneBase>96.593</proc:BudgetYearOneBase>
                                <proc:BudgetYearOne>96.593</proc:BudgetYearOne>
                            </proc:TotalCost>
                        </proc:CategorySubtotal>
                    </proc:Hardware>
                    <proc:Support>
                        <proc:CostElementList>
                            <proc:CostElement>
                                <proc:Name>Contract Services</proc:Name>
                                <proc:Cost>
                                    <proc:TotalCost>
                                        <proc:PriorYear>0.958</proc:PriorYear>
                                        <proc:CurrentYear>2.027</proc:CurrentYear>
                                        <proc:BudgetYearOneBase>0.902</proc:BudgetYearOneBase>
                                        <proc:BudgetYearOne>0.902</proc:BudgetYearOne>
                                    </proc:TotalCost>
                                </proc:Cost>
                            </proc:CostElement>
                            <proc:CostElement>
                                <proc:Name>Other Government Costs</proc:Name>
                                <proc:Cost>
                                    <proc:TotalCost>
                                        <proc:PriorYear>0.127</proc:PriorYear>
                                        <proc:CurrentYear>0.099</proc:CurrentYear>
                                        <proc:BudgetYearOneBase>0.1</proc:BudgetYearOneBase>
                                        <proc:BudgetYearOne>0.1</proc:BudgetYearOne>
                                    </proc:TotalCost>
                                </proc:Cost>
                            </proc:CostElement>
                        </proc:CostElementList>
                        <proc:CategorySubtotal>
                            <proc:TotalCost>
                                <proc:PriorYear>1.085</proc:PriorYear>
                                <proc:CurrentYear>2.126</proc:CurrentYear>
                                <proc:BudgetYearOneBase>1.002</proc:BudgetYearOneBase>
                                <proc:BudgetYearOne>1.002</proc:BudgetYearOne>
                            </proc:TotalCost>
                        </proc:CategorySubtotal>
                        <proc:Name>Support</proc:Name>
                    </proc:Support>
                </proc:CostElementCategoryList>
            </proc:P5Item>
            <proc:P5Item>
                <proc:Name>FMU-139D/B</proc:Name>
                <proc:IdCode>A</proc:IdCode>
                <proc:ResourceSummary>
                    <proc:TotalCost>
                        <proc:PriorYear>57.501</proc:PriorYear>
                        <proc:CurrentYear>47.083</proc:CurrentYear>
                        <proc:BudgetYearOneBase>28.126</proc:BudgetYearOneBase>
                        <proc:BudgetYearOne>28.126</proc:BudgetYearOne>
                    </proc:TotalCost>
                    <proc:NetProcurementP1>
                        <proc:PriorYear>57.501</proc:PriorYear>
                        <proc:CurrentYear>47.083</proc:CurrentYear>
                        <proc:BudgetYearOneBase>28.126</proc:BudgetYearOneBase>
                        <proc:BudgetYearOne>28.126</proc:BudgetYearOne>
                    </proc:NetProcurementP1>
                    <proc:TotalObligationAuthority>
                        <proc:PriorYear>57.501</proc:PriorYear>
                        <proc:CurrentYear>47.083</proc:CurrentYear>
                        <proc:BudgetYearOneBase>28.126</proc:BudgetYearOneBase>
                        <proc:BudgetYearOne>28.126</proc:BudgetYearOne>
                    </proc:TotalObligationAuthority>
                </proc:ResourceSummary>
                <proc:CostElementCategoryList>
                    <proc:Hardware>
                        <proc:Name>FMU-139D/B</proc:Name>
                        <proc:Recurring>
                            <proc:CostElementList>
                                <proc:CostElement>
                                    <proc:Name>FMU-139/B</proc:Name>
                                    <proc:Cost>
                                        <proc:Quantity>
                                            <proc:PriorYear>14329</proc:PriorYear>
                                            <proc:CurrentYear>11557</proc:CurrentYear>
                                            <proc:BudgetYearOneBase>6882</proc:BudgetYearOneBase>
                                            <proc:BudgetYearOne>6882</proc:BudgetYearOne>
                                        </proc:Quantity>
                                        <proc:TotalCost>
                                            <proc:PriorYear>57.315</proc:PriorYear>
                                            <proc:CurrentYear>46.23</proc:CurrentYear>
                                            <proc:BudgetYearOneBase>27.526</proc:BudgetYearOneBase>
                                            <proc:BudgetYearOne>27.526</proc:BudgetYearOne>
                                        </proc:TotalCost>
                                        <proc:UnitCost>
                                            <proc:PriorYear>0.004</proc:PriorYear>
                                            <proc:CurrentYear>0.004</proc:CurrentYear>
                                            <proc:BudgetYearOneBase>0.004</proc:BudgetYearOneBase>
                                            <proc:BudgetYearOne>0.004</proc:BudgetYearOne>
                                        </proc:UnitCost>
                                    </proc:Cost>
                                </proc:CostElement>
                            </proc:CostElementList>
                            <proc:CategorySubtotal>
                                <proc:TotalCost>
                                    <proc:PriorYear>57.315</proc:PriorYear>
                                    <proc:CurrentYear>46.23</proc:CurrentYear>
                                    <proc:BudgetYearOneBase>27.526</proc:BudgetYearOneBase>
                                    <proc:BudgetYearOne>27.526</proc:BudgetYearOne>
                                </proc:TotalCost>
                            </proc:CategorySubtotal>
                        </proc:Recurring>
                        <proc:CategorySubtotal>
                            <proc:TotalCost>
                                <proc:PriorYear>57.315</proc:PriorYear>
                                <proc:CurrentYear>46.23</proc:CurrentYear>
                                <proc:BudgetYearOneBase>27.526</proc:BudgetYearOneBase>
                                <proc:BudgetYearOne>27.526</proc:BudgetYearOne>
                            </proc:TotalCost>
                        </proc:CategorySubtotal>
                    </proc:Hardware>
                    <proc:Support>
                        <proc:CostElementList>
                            <proc:CostElement>
                                <proc:Name>Contractor Support</proc:Name>
                                <proc:Cost>
                                    <proc:TotalCost>
                                        <proc:PriorYear>0</proc:PriorYear>
                                        <proc:CurrentYear>0.683</proc:CurrentYear>
                                        <proc:BudgetYearOneBase>0.5</proc:BudgetYearOneBase>
                                        <proc:BudgetYearOne>0.5</proc:BudgetYearOne>
                                    </proc:TotalCost>
                                </proc:Cost>
                            </proc:CostElement>
                            <proc:CostElement>
                                <proc:Name>Other Government Costs</proc:Name>
                                <proc:Cost>
                                    <proc:TotalCost>
                                        <proc:PriorYear>0.186</proc:PriorYear>
                                        <proc:CurrentYear>0.17</proc:CurrentYear>
                                        <proc:BudgetYearOneBase>0.1</proc:BudgetYearOneBase>
                                        <proc:BudgetYearOne>0.1</proc:BudgetYearOne>
                                    </proc:TotalCost>
                                </proc:Cost>
                            </proc:CostElement>
                        </proc:CostElementList>
                        <proc:CategorySubtotal>
                            <proc:TotalCost>
                                <proc:PriorYear>0.186</proc:PriorYear>
                                <proc:CurrentYear>0.853</proc:CurrentYear>
                                <proc:BudgetYearOneBase>0.6</proc:BudgetYearOneBase>
                                <proc:BudgetYearOne>0.6</proc:BudgetYearOne>
                            </proc:TotalCost>
                        </proc:CategorySubtotal>
                        <proc:Name>FMU-139D/B</proc:Name>
                    </proc:Support>
                </proc:CostElementCategoryList>
            </proc:P5Item>
            <proc:P5Item>
                <proc:Name>(EE27) FMU-167 HTVSF</proc:Name>
                <proc:IdCode>A</proc:IdCode>
                <proc:ResourceSummary>
                    <proc:TotalCost>
                        <proc:PriorYear>16.685</proc:PriorYear>
                    </proc:TotalCost>
                    <proc:NetProcurementP1>
                        <proc:PriorYear>16.685</proc:PriorYear>
                    </proc:NetProcurementP1>
                    <proc:TotalObligationAuthority>
                        <proc:PriorYear>16.685</proc:PriorYear>
                    </proc:TotalObligationAuthority>
                </proc:ResourceSummary>
                <proc:CostElementCategoryList>
                    <proc:Hardware>
                        <proc:Name>(EE27) FMU-167 HTVSF</proc:Name>
                        <proc:Recurring>
                            <proc:CostElementList>
                                <proc:CostElement>
                                    <proc:Name>(EE27) FMU-167 HTVSF</proc:Name>
                                    <proc:Cost>
                                        <proc:Quantity>
                                            <proc:PriorYear>1112</proc:PriorYear>
                                        </proc:Quantity>
                                        <proc:TotalCost>
                                            <proc:PriorYear>16.685</proc:PriorYear>
                                        </proc:TotalCost>
                                        <proc:UnitCost>
                                            <proc:PriorYear>0.015</proc:PriorYear>
                                        </proc:UnitCost>
                                    </proc:Cost>
                                </proc:CostElement>
                            </proc:CostElementList>
                            <proc:CategorySubtotal>
                                <proc:TotalCost>
                                    <proc:PriorYear>16.685</proc:PriorYear>
                                </proc:TotalCost>
                            </proc:CategorySubtotal>
                        </proc:Recurring>
                        <proc:CategorySubtotal>
                            <proc:TotalCost>
                                <proc:PriorYear>16.685</proc:PriorYear>
                            </proc:TotalCost>
                        </proc:CategorySubtotal>
                    </proc:Hardware>
                </proc:CostElementCategoryList>
            </proc:P5Item>
        </proc:ItemExhibitList>
        <proc:DocumentAssemblyOptions>
            <proc:p40AItemScheduleSetting>expandItemSuppressExhibit</proc:p40AItemScheduleSetting>
        </proc:DocumentAssemblyOptions>
    </proc:LineItem>
</proc:LineItemList>