<?xml version="1.0" encoding="UTF-8"?>
<proc:LineItemList xmlns:proc="http://www.dtic.mil/comptroller/xml/schema/20100219/procurement">
    <proc:LineItem quantityUnits="Each" unitCostUnits="Millions" totalCostUnits="Millions" manufacturerRateUnits="Yearly">
        <proc:LineItemNumber>353190</proc:LineItemNumber>
        <proc:LineItemTitle>Massive Ordnance Penetrator (MOP)</proc:LineItemTitle>
        <proc:P1LineNumber>6</proc:P1LineNumber>
        <proc:BudgetYear>2026</proc:BudgetYear>
        <proc:BudgetCycle>PB</proc:BudgetCycle>
        <proc:SubmissionDate>2025-06</proc:SubmissionDate>
        <proc:ServiceAgencyName>Air Force</proc:ServiceAgencyName>
        <proc:AppropriationNumber>3011F</proc:AppropriationNumber>
        <proc:AppropriationTitle>Procurement of Ammunition, Air Force</proc:AppropriationTitle>
        <proc:BudgetActivityNumber>1</proc:BudgetActivityNumber>
        <proc:BudgetActivityTitle>Ammunition</proc:BudgetActivityTitle>
        <proc:BudgetSubActivityNumber>13</proc:BudgetSubActivityNumber>
        <proc:BudgetSubActivityTitle>Bombs</proc:BudgetSubActivityTitle>
        <proc:ResourceSummary>
            <proc:TotalCost>
                <proc:PriorYear>1.25</proc:PriorYear>
                <proc:CurrentYear>8.566</proc:CurrentYear>
                <proc:BudgetYearOneBase>6.813</proc:BudgetYearOneBase>
                <proc:BudgetYearOne>6.813</proc:BudgetYearOne>
            </proc:TotalCost>
            <proc:NetProcurementP1>
                <proc:PriorYear>1.25</proc:PriorYear>
                <proc:CurrentYear>8.566</proc:CurrentYear>
                <proc:BudgetYearOneBase>6.813</proc:BudgetYearOneBase>
                <proc:BudgetYearOne>6.813</proc:BudgetYearOne>
            </proc:NetProcurementP1>
            <proc:TotalObligationAuthority>
                <proc:PriorYear>1.25</proc:PriorYear>
                <proc:CurrentYear>8.566</proc:CurrentYear>
                <proc:BudgetYearOneBase>6.813</proc:BudgetYearOneBase>
                <proc:BudgetYearOne>6.813</proc:BudgetYearOne>
            </proc:TotalObligationAuthority>
        </proc:ResourceSummary>
        <proc:Code>A</proc:Code>
        <proc:Description>Massive Ordnance Penetrator (MOP) is a 30,000 lb class precision-guided penetrator designed to defeat hard and deeply buried targets.

Funding is for non-recurring engineering, analysis and studies, integration, test, qualification, production readiness and operational readiness of engineering change proposals to resolve safety, reliability or other operational deficiencies, decrease weapon system cost, preserve future production capabilities and capacities, and meet Congressional, National Agency and Defense Department mandates. 

Funding may be used to address Diminishing Manufacturing Sources (DMS) issues. For example through studies, bridge buys, life of type buys, supplier/parts replacement, to include electronic components used commercially and in short supply, energetics, and qualification activities to preserve future production capabilities and capacities.

This requirement supports performance of a full financial audit as required by title 10 U.S.C. Chapter 9A, Sec 240-D.

Funding for this exhibit is contained in PE 0208030F, project 353190.</proc:Description>
        <proc:Justification>FY 2026 funding includes any Diminishing Manufacturing Source and Material Shortages (DMSMS) to include MOP's Actuator Controller Electronic Control Unit (ECU), joint mission computer, SABR-Y (GPS
receiver), Inertial Measurement Unit (IMU) power supply card, Fuze Interface Electronics (FIE) Box Assembly, Electromagnetic Interface (EMI) Filer Box Assembly, and procurement of MOP assets for warheads,
guidance kits, fuzes, and associated support equipment.</proc:Justification>
        <proc:MDAPCode>527</proc:MDAPCode>
        <proc:ItemExhibitList>
            <proc:P5Item>
                <proc:Name>Massive Ordnance Penetrator (MOP)</proc:Name>
                <proc:IdCode>A</proc:IdCode>
                <proc:ResourceSummary>
                    <proc:TotalCost>
                        <proc:PriorYear>1.25</proc:PriorYear>
                        <proc:CurrentYear>8.566</proc:CurrentYear>
                        <proc:BudgetYearOneBase>6.813</proc:BudgetYearOneBase>
                        <proc:BudgetYearOne>6.813</proc:BudgetYearOne>
                    </proc:TotalCost>
                    <proc:NetProcurementP1>
                        <proc:PriorYear>1.25</proc:PriorYear>
                        <proc:CurrentYear>8.566</proc:CurrentYear>
                        <proc:BudgetYearOneBase>6.813</proc:BudgetYearOneBase>
                        <proc:BudgetYearOne>6.813</proc:BudgetYearOne>
                    </proc:NetProcurementP1>
                    <proc:TotalObligationAuthority>
                        <proc:PriorYear>1.25</proc:PriorYear>
                        <proc:CurrentYear>8.566</proc:CurrentYear>
                        <proc:BudgetYearOneBase>6.813</proc:BudgetYearOneBase>
                        <proc:BudgetYearOne>6.813</proc:BudgetYearOne>
                    </proc:TotalObligationAuthority>
                </proc:ResourceSummary>
                <proc:CostElementCategoryList>
                    <proc:Hardware>
                        <proc:Name>Massive Ordnance Penetrator (MOP)</proc:Name>
                        <proc:Recurring>
                            <proc:CostElementList>
                                <proc:CostElement>
                                    <proc:Name>MOP Equipment</proc:Name>
                                    <proc:Cost>
                                        <proc:TotalCost>
                                            <proc:CurrentYear>7.365</proc:CurrentYear>
                                            <proc:BudgetYearOneBase>6.107</proc:BudgetYearOneBase>
                                            <proc:BudgetYearOne>6.107</proc:BudgetYearOne>
                                        </proc:TotalCost>
                                    </proc:Cost>
                                </proc:CostElement>
                            </proc:CostElementList>
                            <proc:CategorySubtotal>
                                <proc:TotalCost>
                                    <proc:CurrentYear>7.365</proc:CurrentYear>
                                    <proc:BudgetYearOneBase>6.107</proc:BudgetYearOneBase>
                                    <proc:BudgetYearOne>6.107</proc:BudgetYearOne>
                                </proc:TotalCost>
                            </proc:CategorySubtotal>
                        </proc:Recurring>
                        <proc:CategorySubtotal>
                            <proc:TotalCost>
                                <proc:CurrentYear>7.365</proc:CurrentYear>
                                <proc:BudgetYearOneBase>6.107</proc:BudgetYearOneBase>
                                <proc:BudgetYearOne>6.107</proc:BudgetYearOne>
                            </proc:TotalCost>
                        </proc:CategorySubtotal>
                    </proc:Hardware>
                    <proc:Support>
                        <proc:CostElementList>
                            <proc:CostElement>
                                <proc:Name>Program Support Costs (PSC) Contractor Services</proc:Name>
                                <proc:Cost>
                                    <proc:TotalCost>
                                        <proc:PriorYear>1</proc:PriorYear>
                                        <proc:CurrentYear>1</proc:CurrentYear>
                                        <proc:BudgetYearOneBase>0.5</proc:BudgetYearOneBase>
                                        <proc:BudgetYearOne>0.5</proc:BudgetYearOne>
                                    </proc:TotalCost>
                                </proc:Cost>
                            </proc:CostElement>
                            <proc:CostElement>
                                <proc:Name>PSC Other Government Costs</proc:Name>
                                <proc:Cost>
                                    <proc:TotalCost>
                                        <proc:PriorYear>0.25</proc:PriorYear>
                                        <proc:CurrentYear>0.201</proc:CurrentYear>
                                        <proc:BudgetYearOneBase>0.206</proc:BudgetYearOneBase>
                                        <proc:BudgetYearOne>0.206</proc:BudgetYearOne>
                                    </proc:TotalCost>
                                </proc:Cost>
                            </proc:CostElement>
                        </proc:CostElementList>
                        <proc:CategorySubtotal>
                            <proc:TotalCost>
                                <proc:PriorYear>1.25</proc:PriorYear>
                                <proc:CurrentYear>1.201</proc:CurrentYear>
                                <proc:BudgetYearOneBase>0.706</proc:BudgetYearOneBase>
                                <proc:BudgetYearOne>0.706</proc:BudgetYearOne>
                            </proc:TotalCost>
                        </proc:CategorySubtotal>
                        <proc:Name>Massive Ordnance Penetrator (MOP) Cost</proc:Name>
                    </proc:Support>
                </proc:CostElementCategoryList>
            </proc:P5Item>
        </proc:ItemExhibitList>
        <proc:DocumentAssemblyOptions>
            <proc:p40AItemScheduleSetting>expandItemSuppressExhibit</proc:p40AItemScheduleSetting>
        </proc:DocumentAssemblyOptions>
    </proc:LineItem>
</proc:LineItemList>