<?xml version="1.0" encoding="UTF-8"?>
<proc:LineItemList xmlns:proc="http://www.dtic.mil/comptroller/xml/schema/20100219/procurement">
    <proc:LineItem quantityUnits="Each" unitCostUnits="Millions" totalCostUnits="Millions" manufacturerRateUnits="Yearly">
        <proc:LineItemNumber>357010</proc:LineItemNumber>
        <proc:LineItemTitle>Small Arms</proc:LineItemTitle>
        <proc:P1LineNumber>19</proc:P1LineNumber>
        <proc:BudgetYear>2026</proc:BudgetYear>
        <proc:BudgetCycle>PB</proc:BudgetCycle>
        <proc:SubmissionDate>2025-06</proc:SubmissionDate>
        <proc:ServiceAgencyName>Air Force</proc:ServiceAgencyName>
        <proc:AppropriationNumber>3011F</proc:AppropriationNumber>
        <proc:AppropriationTitle>Procurement of Ammunition, Air Force</proc:AppropriationTitle>
        <proc:BudgetActivityNumber>2</proc:BudgetActivityNumber>
        <proc:BudgetActivityTitle>Weapons</proc:BudgetActivityTitle>
        <proc:BudgetSubActivityNumber>1</proc:BudgetSubActivityNumber>
        <proc:BudgetSubActivityTitle>Small Arms</proc:BudgetSubActivityTitle>
        <proc:ResourceSummary>
            <proc:TotalCost>
                <proc:PriorYear>29.306</proc:PriorYear>
                <proc:CurrentYear>25.311</proc:CurrentYear>
                <proc:BudgetYearOneBase>21.169</proc:BudgetYearOneBase>
                <proc:BudgetYearOneOOC>5.091</proc:BudgetYearOneOOC>
                <proc:BudgetYearOne>26.26</proc:BudgetYearOne>
            </proc:TotalCost>
            <proc:NetProcurementP1>
                <proc:PriorYear>29.306</proc:PriorYear>
                <proc:CurrentYear>25.311</proc:CurrentYear>
                <proc:BudgetYearOneBase>21.169</proc:BudgetYearOneBase>
                <proc:BudgetYearOneOOC>5.091</proc:BudgetYearOneOOC>
                <proc:BudgetYearOne>26.26</proc:BudgetYearOne>
            </proc:NetProcurementP1>
            <proc:TotalObligationAuthority>
                <proc:PriorYear>29.306</proc:PriorYear>
                <proc:CurrentYear>25.311</proc:CurrentYear>
                <proc:BudgetYearOneBase>21.169</proc:BudgetYearOneBase>
                <proc:BudgetYearOneOOC>5.091</proc:BudgetYearOneOOC>
                <proc:BudgetYearOne>26.26</proc:BudgetYearOne>
            </proc:TotalObligationAuthority>
        </proc:ResourceSummary>
        <proc:Code>A</proc:Code>
        <proc:Description>Small Arms encompasses small caliber, hand fired weapons (pistols and rifles) used to support air base ground defense, aircrew protection, Office of Special Investigations, security functions, and other activities requiring small, portable firearms.  This line also procures various accessories needed to improve or maintain existing weapons. 

Overseas Operations Costs (OOC) funds this requirement in the amount of $5.091 million for FY 2026 Budget Estimate.  Overseas Operations Costs (OOC) are those financed with former Overseas Contingency Operations (OCO) funding.

PEs associated with this P-1 line are 0207227F, 0207580F, 0408011F and 0804731Fk.</proc:Description>
        <proc:Justification>FY2026 Baseline funding in the amount of $21.169M procures M4 Carbines, M240B Machine Guns (7.26mm), M4A1 Carbines (5.56mm-Auto), and allows for annual replacement of condemned items.

Major FY26 procurements include PEQ-15 Laser Designators, M68 Optics, M4s, and M2A1 Machine Guns.

The FY 2026 request was reduced by $0.816 million for Advisory and Assistance Services to promote efficiencies and advance the policies of the Administration in alignment with Executive Order 14222, Implementing the President's Department of Government Efficiency Cost Efficiency Initiative.</proc:Justification>
        <proc:ItemExhibitList>
            <proc:P40AItemGroup>
                <proc:Name>SMALL ARMS Items Less Than $5M</proc:Name>
                <proc:CategoryList>
                    <proc:Category>
                        <proc:Name>SMALL ARMS ITEMS LESS THAN $5 MILLION</proc:Name>
                        <proc:ItemList>
                            <proc:Item>
                                <proc:Name>Optics</proc:Name>
                                <proc:IdCode>A</proc:IdCode>
                                <proc:ResourceSummary>
                                    <proc:Quantity>
                                        <proc:PriorYear>6256</proc:PriorYear>
                                        <proc:BudgetYearOneBase>302</proc:BudgetYearOneBase>
                                        <proc:BudgetYearOne>302</proc:BudgetYearOne>
                                    </proc:Quantity>
                                    <proc:TotalCost>
                                        <proc:PriorYear>4.885</proc:PriorYear>
                                        <proc:CurrentYear>0</proc:CurrentYear>
                                        <proc:BudgetYearOneBase>4.832</proc:BudgetYearOneBase>
                                        <proc:BudgetYearOne>4.832</proc:BudgetYearOne>
                                    </proc:TotalCost>
                                    <proc:UnitCost>
                                        <proc:PriorYear>0.001</proc:PriorYear>
                                        <proc:BudgetYearOneBase>0.016</proc:BudgetYearOneBase>
                                        <proc:BudgetYearOne>0.016</proc:BudgetYearOne>
                                    </proc:UnitCost>
                                </proc:ResourceSummary>
                            </proc:Item>
                            <proc:Item>
                                <proc:Name>AN/PEQ-15 Laser Designator</proc:Name>
                                <proc:IdCode>A</proc:IdCode>
                                <proc:ResourceSummary>
                                    <proc:Quantity>
                                        <proc:PriorYear>2000</proc:PriorYear>
                                        <proc:CurrentYear>1558</proc:CurrentYear>
                                        <proc:BudgetYearOneBase>1454</proc:BudgetYearOneBase>
                                        <proc:BudgetYearOneOOC>2546</proc:BudgetYearOneOOC>
                                        <proc:BudgetYearOne>4000</proc:BudgetYearOne>
                                    </proc:Quantity>
                                    <proc:TotalCost>
                                        <proc:PriorYear>2.439</proc:PriorYear>
                                        <proc:CurrentYear>3.116</proc:CurrentYear>
                                        <proc:BudgetYearOneBase>1.309</proc:BudgetYearOneBase>
                                        <proc:BudgetYearOneOOC>5.091</proc:BudgetYearOneOOC>
                                        <proc:BudgetYearOne>6.4</proc:BudgetYearOne>
                                    </proc:TotalCost>
                                    <proc:UnitCost>
                                        <proc:PriorYear>0.001</proc:PriorYear>
                                        <proc:CurrentYear>0.002</proc:CurrentYear>
                                        <proc:BudgetYearOneBase>0.001</proc:BudgetYearOneBase>
                                        <proc:BudgetYearOneOOC>0.002</proc:BudgetYearOneOOC>
                                        <proc:BudgetYearOne>0.002</proc:BudgetYearOne>
                                    </proc:UnitCost>
                                </proc:ResourceSummary>
                            </proc:Item>
                            <proc:Item>
                                <proc:Name>M2A1 (.50 Cal Machine Gun)</proc:Name>
                                <proc:IdCode>A</proc:IdCode>
                                <proc:ResourceSummary>
                                    <proc:Quantity>
                                        <proc:PriorYear>14</proc:PriorYear>
                                        <proc:BudgetYearOneBase>10</proc:BudgetYearOneBase>
                                        <proc:BudgetYearOne>10</proc:BudgetYearOne>
                                    </proc:Quantity>
                                    <proc:TotalCost>
                                        <proc:PriorYear>0.18</proc:PriorYear>
                                        <proc:CurrentYear>0</proc:CurrentYear>
                                        <proc:BudgetYearOneBase>0.31</proc:BudgetYearOneBase>
                                        <proc:BudgetYearOne>0.31</proc:BudgetYearOne>
                                    </proc:TotalCost>
                                    <proc:UnitCost>
                                        <proc:PriorYear>0.013</proc:PriorYear>
                                        <proc:BudgetYearOneBase>0.031</proc:BudgetYearOneBase>
                                        <proc:BudgetYearOne>0.031</proc:BudgetYearOne>
                                    </proc:UnitCost>
                                </proc:ResourceSummary>
                            </proc:Item>
                            <proc:Item>
                                <proc:Name>M320A1</proc:Name>
                                <proc:IdCode>A</proc:IdCode>
                                <proc:ResourceSummary>
                                    <proc:Quantity>
                                        <proc:PriorYear>180</proc:PriorYear>
                                    </proc:Quantity>
                                    <proc:TotalCost>
                                        <proc:PriorYear>0.33</proc:PriorYear>
                                        <proc:CurrentYear>0</proc:CurrentYear>
                                    </proc:TotalCost>
                                    <proc:UnitCost>
                                        <proc:PriorYear>0.002</proc:PriorYear>
                                    </proc:UnitCost>
                                </proc:ResourceSummary>
                            </proc:Item>
                            <proc:Item>
                                <proc:Name>MK19</proc:Name>
                                <proc:IdCode>A</proc:IdCode>
                                <proc:ResourceSummary>
                                    <proc:Quantity>
                                        <proc:PriorYear>14</proc:PriorYear>
                                    </proc:Quantity>
                                    <proc:TotalCost>
                                        <proc:PriorYear>0.214</proc:PriorYear>
                                        <proc:CurrentYear>0</proc:CurrentYear>
                                    </proc:TotalCost>
                                    <proc:UnitCost>
                                        <proc:PriorYear>0.015</proc:PriorYear>
                                    </proc:UnitCost>
                                </proc:ResourceSummary>
                            </proc:Item>
                            <proc:Item>
                                <proc:Name>MK22</proc:Name>
                                <proc:IdCode>A</proc:IdCode>
                                <proc:ResourceSummary>
                                    <proc:Quantity>
                                        <proc:PriorYear>105</proc:PriorYear>
                                    </proc:Quantity>
                                    <proc:TotalCost>
                                        <proc:PriorYear>1.362</proc:PriorYear>
                                        <proc:CurrentYear>0</proc:CurrentYear>
                                    </proc:TotalCost>
                                    <proc:UnitCost>
                                        <proc:PriorYear>0.013</proc:PriorYear>
                                    </proc:UnitCost>
                                </proc:ResourceSummary>
                            </proc:Item>
                            <proc:Item>
                                <proc:Name>M3A1</proc:Name>
                                <proc:IdCode>A</proc:IdCode>
                                <proc:ResourceSummary>
                                    <proc:Quantity>
                                        <proc:PriorYear>142</proc:PriorYear>
                                    </proc:Quantity>
                                    <proc:TotalCost>
                                        <proc:PriorYear>5.68</proc:PriorYear>
                                    </proc:TotalCost>
                                    <proc:UnitCost>
                                        <proc:PriorYear>0.04</proc:PriorYear>
                                    </proc:UnitCost>
                                </proc:ResourceSummary>
                            </proc:Item>
                            <proc:Item>
                                <proc:Name>M3A1 Fire Control</proc:Name>
                                <proc:IdCode>A</proc:IdCode>
                                <proc:ResourceSummary>
                                    <proc:Quantity>
                                        <proc:PriorYear>142</proc:PriorYear>
                                        <proc:CurrentYear>276</proc:CurrentYear>
                                    </proc:Quantity>
                                    <proc:TotalCost>
                                        <proc:PriorYear>4.97</proc:PriorYear>
                                        <proc:CurrentYear>9.66</proc:CurrentYear>
                                    </proc:TotalCost>
                                    <proc:UnitCost>
                                        <proc:PriorYear>0.035</proc:PriorYear>
                                        <proc:CurrentYear>0.035</proc:CurrentYear>
                                    </proc:UnitCost>
                                </proc:ResourceSummary>
                            </proc:Item>
                            <proc:Item>
                                <proc:Name>M240B Machinegun (7.62mm)</proc:Name>
                                <proc:IdCode>A</proc:IdCode>
                                <proc:ResourceSummary>
                                    <proc:Quantity>
                                        <proc:PriorYear>300</proc:PriorYear>
                                        <proc:CurrentYear>130</proc:CurrentYear>
                                    </proc:Quantity>
                                    <proc:TotalCost>
                                        <proc:PriorYear>3.672</proc:PriorYear>
                                        <proc:CurrentYear>1.591</proc:CurrentYear>
                                    </proc:TotalCost>
                                    <proc:UnitCost>
                                        <proc:PriorYear>0.012</proc:PriorYear>
                                        <proc:CurrentYear>0.012</proc:CurrentYear>
                                    </proc:UnitCost>
                                </proc:ResourceSummary>
                            </proc:Item>
                            <proc:Item>
                                <proc:Name>M205 Tripods</proc:Name>
                                <proc:IdCode>A</proc:IdCode>
                                <proc:ResourceSummary>
                                    <proc:TotalCost>
                                        <proc:PriorYear>0</proc:PriorYear>
                                        <proc:CurrentYear>0</proc:CurrentYear>
                                    </proc:TotalCost>
                                </proc:ResourceSummary>
                            </proc:Item>
                            <proc:Item>
                                <proc:Name>M249 Automatic Rifle (5.56mm)</proc:Name>
                                <proc:IdCode>A</proc:IdCode>
                                <proc:ResourceSummary>
                                    <proc:Quantity>
                                        <proc:PriorYear>243</proc:PriorYear>
                                        <proc:CurrentYear>230</proc:CurrentYear>
                                    </proc:Quantity>
                                    <proc:TotalCost>
                                        <proc:PriorYear>2.023</proc:PriorYear>
                                        <proc:CurrentYear>1.915</proc:CurrentYear>
                                    </proc:TotalCost>
                                    <proc:UnitCost>
                                        <proc:PriorYear>0.008</proc:PriorYear>
                                        <proc:CurrentYear>0.008</proc:CurrentYear>
                                    </proc:UnitCost>
                                </proc:ResourceSummary>
                            </proc:Item>
                            <proc:Item>
                                <proc:Name>M4A1 Carbine (5.56mm - Auto)</proc:Name>
                                <proc:IdCode>A</proc:IdCode>
                                <proc:ResourceSummary>
                                    <proc:Quantity>
                                        <proc:PriorYear>800</proc:PriorYear>
                                        <proc:CurrentYear>2000</proc:CurrentYear>
                                        <proc:BudgetYearOneBase>4000</proc:BudgetYearOneBase>
                                        <proc:BudgetYearOne>4000</proc:BudgetYearOne>
                                    </proc:Quantity>
                                    <proc:TotalCost>
                                        <proc:PriorYear>0.522</proc:PriorYear>
                                        <proc:CurrentYear>1.306</proc:CurrentYear>
                                        <proc:BudgetYearOneBase>2.612</proc:BudgetYearOneBase>
                                        <proc:BudgetYearOne>2.612</proc:BudgetYearOne>
                                    </proc:TotalCost>
                                    <proc:UnitCost>
                                        <proc:PriorYear>0.001</proc:PriorYear>
                                        <proc:CurrentYear>0.001</proc:CurrentYear>
                                        <proc:BudgetYearOneBase>0.001</proc:BudgetYearOneBase>
                                        <proc:BudgetYearOne>0.001</proc:BudgetYearOne>
                                    </proc:UnitCost>
                                </proc:ResourceSummary>
                            </proc:Item>
                            <proc:Item>
                                <proc:Name>M4</proc:Name>
                                <proc:IdCode>A</proc:IdCode>
                                <proc:ResourceSummary>
                                    <proc:Quantity>
                                        <proc:CurrentYear>3000</proc:CurrentYear>
                                        <proc:BudgetYearOneBase>4909</proc:BudgetYearOneBase>
                                        <proc:BudgetYearOne>4909</proc:BudgetYearOne>
                                    </proc:Quantity>
                                    <proc:TotalCost>
                                        <proc:CurrentYear>2.281</proc:CurrentYear>
                                        <proc:BudgetYearOneBase>4.909</proc:BudgetYearOneBase>
                                        <proc:BudgetYearOne>4.909</proc:BudgetYearOne>
                                    </proc:TotalCost>
                                    <proc:UnitCost>
                                        <proc:CurrentYear>0.001</proc:CurrentYear>
                                        <proc:BudgetYearOneBase>0.001</proc:BudgetYearOneBase>
                                        <proc:BudgetYearOne>0.001</proc:BudgetYearOne>
                                    </proc:UnitCost>
                                </proc:ResourceSummary>
                            </proc:Item>
                            <proc:Item>
                                <proc:Name>M68 Comp 4S</proc:Name>
                                <proc:IdCode>A</proc:IdCode>
                                <proc:ResourceSummary>
                                    <proc:Quantity>
                                        <proc:CurrentYear>3000</proc:CurrentYear>
                                        <proc:BudgetYearOneBase>4909</proc:BudgetYearOneBase>
                                        <proc:BudgetYearOne>4909</proc:BudgetYearOne>
                                    </proc:Quantity>
                                    <proc:TotalCost>
                                        <proc:CurrentYear>2.07</proc:CurrentYear>
                                        <proc:BudgetYearOneBase>4.909</proc:BudgetYearOneBase>
                                        <proc:BudgetYearOne>4.909</proc:BudgetYearOne>
                                    </proc:TotalCost>
                                    <proc:UnitCost>
                                        <proc:CurrentYear>0.001</proc:CurrentYear>
                                        <proc:BudgetYearOneBase>0.001</proc:BudgetYearOneBase>
                                        <proc:BudgetYearOne>0.001</proc:BudgetYearOne>
                                    </proc:UnitCost>
                                </proc:ResourceSummary>
                            </proc:Item>
                            <proc:Item>
                                <proc:Name>MOD PROJECTS PARTS PROCUREMENT</proc:Name>
                                <proc:IdCode>A</proc:IdCode>
                                <proc:ResourceSummary>
                                    <proc:TotalCost>
                                        <proc:CurrentYear>0</proc:CurrentYear>
                                    </proc:TotalCost>
                                </proc:ResourceSummary>
                            </proc:Item>
                            <proc:Item>
                                <proc:Name>FIRST DESTINATION TRANSPORTATION</proc:Name>
                                <proc:IdCode>A</proc:IdCode>
                                <proc:ResourceSummary>
                                    <proc:Quantity>
                                        <proc:PriorYear>1</proc:PriorYear>
                                    </proc:Quantity>
                                    <proc:TotalCost>
                                        <proc:PriorYear>0.5</proc:PriorYear>
                                    </proc:TotalCost>
                                    <proc:UnitCost>
                                        <proc:PriorYear>0.5</proc:PriorYear>
                                    </proc:UnitCost>
                                </proc:ResourceSummary>
                            </proc:Item>
                            <proc:Item>
                                <proc:Name>Program Support Costs, Contractor Services</proc:Name>
                                <proc:IdCode>A</proc:IdCode>
                                <proc:ResourceSummary>
                                    <proc:Quantity>
                                        <proc:PriorYear>1</proc:PriorYear>
                                        <proc:CurrentYear>1</proc:CurrentYear>
                                        <proc:BudgetYearOneBase>1</proc:BudgetYearOneBase>
                                        <proc:BudgetYearOne>1</proc:BudgetYearOne>
                                    </proc:Quantity>
                                    <proc:TotalCost>
                                        <proc:PriorYear>2.1</proc:PriorYear>
                                        <proc:CurrentYear>2.1</proc:CurrentYear>
                                        <proc:BudgetYearOneBase>1.278</proc:BudgetYearOneBase>
                                        <proc:BudgetYearOne>1.278</proc:BudgetYearOne>
                                    </proc:TotalCost>
                                    <proc:UnitCost>
                                        <proc:PriorYear>2.1</proc:PriorYear>
                                        <proc:CurrentYear>2.1</proc:CurrentYear>
                                        <proc:BudgetYearOneBase>1.278</proc:BudgetYearOneBase>
                                        <proc:BudgetYearOne>1.278</proc:BudgetYearOne>
                                    </proc:UnitCost>
                                </proc:ResourceSummary>
                            </proc:Item>
                            <proc:Item>
                                <proc:Name>Program Support Cost, Other Government Costs</proc:Name>
                                <proc:IdCode>A</proc:IdCode>
                                <proc:ResourceSummary>
                                    <proc:Quantity>
                                        <proc:PriorYear>1</proc:PriorYear>
                                        <proc:CurrentYear>1</proc:CurrentYear>
                                        <proc:BudgetYearOneBase>1</proc:BudgetYearOneBase>
                                        <proc:BudgetYearOne>1</proc:BudgetYearOne>
                                    </proc:Quantity>
                                    <proc:TotalCost>
                                        <proc:PriorYear>0.427</proc:PriorYear>
                                        <proc:CurrentYear>0.579</proc:CurrentYear>
                                        <proc:BudgetYearOneBase>1.01</proc:BudgetYearOneBase>
                                        <proc:BudgetYearOne>1.01</proc:BudgetYearOne>
                                    </proc:TotalCost>
                                    <proc:UnitCost>
                                        <proc:PriorYear>0.427</proc:PriorYear>
                                        <proc:CurrentYear>0.579</proc:CurrentYear>
                                        <proc:BudgetYearOneBase>1.01</proc:BudgetYearOneBase>
                                        <proc:BudgetYearOne>1.01</proc:BudgetYearOne>
                                    </proc:UnitCost>
                                </proc:ResourceSummary>
                            </proc:Item>
                        </proc:ItemList>
                        <proc:CategorySubtotal>
                            <proc:TotalCost>
                                <proc:PriorYear>29.304</proc:PriorYear>
                                <proc:CurrentYear>24.618</proc:CurrentYear>
                                <proc:BudgetYearOneBase>21.169</proc:BudgetYearOneBase>
                                <proc:BudgetYearOneOOC>5.091</proc:BudgetYearOneOOC>
                                <proc:BudgetYearOne>26.26</proc:BudgetYearOne>
                            </proc:TotalCost>
                        </proc:CategorySubtotal>
                    </proc:Category>
                </proc:CategoryList>
                <proc:Remarks>Small Arms encompasses small caliber, hand fired weapons (pistols and rifles) used to support air base ground defense, aircrew protection, Office of Special Investigations, security functions, and other activities requiring small, portable firearms. This line also procures various accessories needed to improve or maintain existing weapons.

PEs associated with this P-1 line are 0207227F, 0207580F, 0408011F and 0804731F.

The $1.278 million request for Program Support Costs, Contractor Services, reflects the -$0.816 million identified as savings by the Service Contract Reductions efficiency.</proc:Remarks>
                <proc:TotalCost>
                    <proc:TotalCost>
                        <proc:PriorYear>29.304</proc:PriorYear>
                        <proc:CurrentYear>24.618</proc:CurrentYear>
                        <proc:BudgetYearOneBase>21.169</proc:BudgetYearOneBase>
                        <proc:BudgetYearOneOOC>5.091</proc:BudgetYearOneOOC>
                        <proc:BudgetYearOne>26.26</proc:BudgetYearOne>
                    </proc:TotalCost>
                </proc:TotalCost>
            </proc:P40AItemGroup>
        </proc:ItemExhibitList>
        <proc:DocumentAssemblyOptions>
            <proc:p40AItemScheduleSetting>total</proc:p40AItemScheduleSetting>
        </proc:DocumentAssemblyOptions>
    </proc:LineItem>
</proc:LineItemList>