<?xml version="1.0" encoding="UTF-8"?>
<proc:LineItemList xmlns:proc="http://www.dtic.mil/comptroller/xml/schema/20100219/procurement">
    <proc:LineItem quantityUnits="Each" unitCostUnits="Millions" totalCostUnits="Millions" manufacturerRateUnits="Yearly">
        <proc:LineItemNumber>355450</proc:LineItemNumber>
        <proc:LineItemTitle>Explosive Ordnance Disposal (EOD)</proc:LineItemTitle>
        <proc:P1LineNumber>11</proc:P1LineNumber>
        <proc:BudgetYear>2026</proc:BudgetYear>
        <proc:BudgetCycle>PB</proc:BudgetCycle>
        <proc:SubmissionDate>2025-06</proc:SubmissionDate>
        <proc:ServiceAgencyName>Air Force</proc:ServiceAgencyName>
        <proc:AppropriationNumber>3011F</proc:AppropriationNumber>
        <proc:AppropriationTitle>Procurement of Ammunition, Air Force</proc:AppropriationTitle>
        <proc:BudgetActivityNumber>1</proc:BudgetActivityNumber>
        <proc:BudgetActivityTitle>Ammunition</proc:BudgetActivityTitle>
        <proc:BudgetSubActivityNumber>15</proc:BudgetSubActivityNumber>
        <proc:BudgetSubActivityTitle>Other Items</proc:BudgetSubActivityTitle>
        <proc:ResourceSummary>
            <proc:TotalCost>
                <proc:PriorYear>6.707</proc:PriorYear>
                <proc:CurrentYear>7.076</proc:CurrentYear>
                <proc:BudgetYearOneBase>7.297</proc:BudgetYearOneBase>
                <proc:BudgetYearOne>7.297</proc:BudgetYearOne>
            </proc:TotalCost>
            <proc:NetProcurementP1>
                <proc:PriorYear>6.707</proc:PriorYear>
                <proc:CurrentYear>7.076</proc:CurrentYear>
                <proc:BudgetYearOneBase>7.297</proc:BudgetYearOneBase>
                <proc:BudgetYearOne>7.297</proc:BudgetYearOne>
            </proc:NetProcurementP1>
            <proc:TotalObligationAuthority>
                <proc:PriorYear>6.707</proc:PriorYear>
                <proc:CurrentYear>7.076</proc:CurrentYear>
                <proc:BudgetYearOneBase>7.297</proc:BudgetYearOneBase>
                <proc:BudgetYearOne>7.297</proc:BudgetYearOne>
            </proc:TotalObligationAuthority>
        </proc:ResourceSummary>
        <proc:Code>A</proc:Code>
        <proc:Description>Explosive Ordnance Disposal (EOD) materials support Civil Engineer, EOD, Security Forces Military Working Dogs, RED HORSE, Special Forces operations and training, and formal schools with demolition munitions. The materials are used in deployment packages, base response assets and range clearance resources in support of peacetime and contingency operations.  These items are certified for use by the Air Force Non-Nuclear Munitions Safety Board (NNMSB) and the Department of Defense Explosives Safety Board (DDESB).

Procurement quantities can change based on negotiated options/pricing bands and available funding, in accordance with Title 10, U.S Code Section 2308 BUY-TO-BUDGET ACQUISITION.

Procurements for the execution year may vary due to changes in inventory objectives. Combatant commanders' requirements for Operational Plans influence these objectives, which are updated throughout the year.

Funds will be used to address production Diminishing Manufacturing Sources (DMS)/Material Shortages/Obsolescence issues through studies, bridge buys, life of type buys, supplier/parts replacement, to include electronic components used commercially and in short supply, and qualification activities to preserve future production capabilities and capacities.

The Air Force procures munitions to maintain appropriate quantities in the War Reserve Material (WRM) Munitions and test and training stockpiles.  Active, Guard and Reserve components draw from the WRM stockpiles as required and receive test and training allocations annually based on current-year requirements.

In accordance with Section 1815 of the FY 2008 National Defense Authorization Act (P.L. 110-181), this item is necessary for use by the active and reserve components of the Armed Forces for homeland defense missions, domestic emergency responses, and providing military support to civil authorities.

Funding for this exhibit is contained in PE 0204424F.

This program leverages Digital acquisition tenets of open, agile, and digital.  Invests in analytical, information management, data management, digital environments, networks, facilities, and security infrastructure upgrades directly supporting development and sustainment of this program's capabilities, while leveraging DoD and DAF enterprise IT solutions.</proc:Description>
        <proc:Justification>This program, Category Uncategorized Item (DWEC) CTG, MK 277 ENHANCED BLANK, is a new start.
This program, Category Uncategorized Item (SS01) - CTG, 50 CAL ELEC BLANK MK209 MOD 1, is a new start.
This program, Category Uncategorized Item (M986) CHARGE, DEMO, EXP SHT .333, is a new start.

FY 2026 funds purchase Explosive Ordnance Disposal (EOD), Demolition Material, Civil Engineering Tools and Equipment including: all explosives, explosive tools and related equipment to render unexploded ordnance safe. Assets provide support for Counter Improvised Explosive Devices (IED) operations, Special Operations teams, formal schools, and Military Working Dog training.  EOD/Demolition Munitions items are used in deployment packages, base response assets, and range clearance resources in support of peacetime and contingency operations.</proc:Justification>
        <proc:ItemExhibitList>
            <proc:P40AItemGroup>
                <proc:Name>Explosive Ordnance Disposal (EOD)</proc:Name>
                <proc:CategoryList>
                    <proc:Category>
                        <proc:Name>Uncategorized</proc:Name>
                        <proc:ItemList>
                            <proc:Item>
                                <proc:Name>(DWEE) CTG, MK280 ALUMINUM SLUG</proc:Name>
                                <proc:IdCode>A</proc:IdCode>
                                <proc:ResourceSummary>
                                    <proc:Quantity>
                                        <proc:BudgetYearOneBase>15528</proc:BudgetYearOneBase>
                                        <proc:BudgetYearOne>15528</proc:BudgetYearOne>
                                    </proc:Quantity>
                                    <proc:TotalCost>
                                        <proc:BudgetYearOneBase>0.1</proc:BudgetYearOneBase>
                                        <proc:BudgetYearOne>0.1</proc:BudgetYearOne>
                                    </proc:TotalCost>
                                    <proc:UnitCost>
                                        <proc:BudgetYearOneBase>0</proc:BudgetYearOneBase>
                                        <proc:BudgetYearOne>0</proc:BudgetYearOne>
                                    </proc:UnitCost>
                                </proc:ResourceSummary>
                            </proc:Item>
                            <proc:Item>
                                <proc:Name>(AA63) 12 GAUGE M275 AVON CARTRIDGE</proc:Name>
                                <proc:IdCode>A</proc:IdCode>
                                <proc:ResourceSummary>
                                    <proc:Quantity>
                                        <proc:BudgetYearOneBase>17513</proc:BudgetYearOneBase>
                                        <proc:BudgetYearOne>17513</proc:BudgetYearOne>
                                    </proc:Quantity>
                                    <proc:TotalCost>
                                        <proc:BudgetYearOneBase>0.1</proc:BudgetYearOneBase>
                                        <proc:BudgetYearOne>0.1</proc:BudgetYearOne>
                                    </proc:TotalCost>
                                    <proc:UnitCost>
                                        <proc:BudgetYearOneBase>0</proc:BudgetYearOneBase>
                                        <proc:BudgetYearOne>0</proc:BudgetYearOne>
                                    </proc:UnitCost>
                                </proc:ResourceSummary>
                            </proc:Item>
                            <proc:Item>
                                <proc:Name>(AA62) 12 GAUGE M274 ULTRA CARTRIDGE</proc:Name>
                                <proc:IdCode>A</proc:IdCode>
                                <proc:ResourceSummary>
                                    <proc:Quantity>
                                        <proc:BudgetYearOneBase>18587</proc:BudgetYearOneBase>
                                        <proc:BudgetYearOne>18587</proc:BudgetYearOne>
                                    </proc:Quantity>
                                    <proc:TotalCost>
                                        <proc:BudgetYearOneBase>0.1</proc:BudgetYearOneBase>
                                        <proc:BudgetYearOne>0.1</proc:BudgetYearOne>
                                    </proc:TotalCost>
                                    <proc:UnitCost>
                                        <proc:BudgetYearOneBase>0</proc:BudgetYearOneBase>
                                        <proc:BudgetYearOne>0</proc:BudgetYearOne>
                                    </proc:UnitCost>
                                </proc:ResourceSummary>
                            </proc:Item>
                            <proc:Item>
                                <proc:Name>(M023) - CHARGE, DEMOLITION C4-M112</proc:Name>
                                <proc:IdCode>A</proc:IdCode>
                                <proc:ResourceSummary>
                                    <proc:Quantity>
                                        <proc:PriorYear>16260</proc:PriorYear>
                                        <proc:CurrentYear>17400</proc:CurrentYear>
                                        <proc:BudgetYearOneBase>31084</proc:BudgetYearOneBase>
                                        <proc:BudgetYearOne>31084</proc:BudgetYearOne>
                                    </proc:Quantity>
                                    <proc:TotalCost>
                                        <proc:PriorYear>1</proc:PriorYear>
                                        <proc:CurrentYear>1.5</proc:CurrentYear>
                                        <proc:BudgetYearOneBase>1.985</proc:BudgetYearOneBase>
                                        <proc:BudgetYearOne>1.985</proc:BudgetYearOne>
                                    </proc:TotalCost>
                                    <proc:UnitCost>
                                        <proc:PriorYear>0</proc:PriorYear>
                                        <proc:CurrentYear>0</proc:CurrentYear>
                                        <proc:BudgetYearOneBase>0</proc:BudgetYearOneBase>
                                        <proc:BudgetYearOne>0</proc:BudgetYearOne>
                                    </proc:UnitCost>
                                </proc:ResourceSummary>
                            </proc:Item>
                            <proc:Item>
                                <proc:Name>(M476) CONTAINER SHAPED CHRG MK3 MOD 0</proc:Name>
                                <proc:IdCode>A</proc:IdCode>
                                <proc:ResourceSummary>
                                    <proc:TotalCost>
                                        <proc:AllPriorYears>0</proc:AllPriorYears>
                                    </proc:TotalCost>
                                </proc:ResourceSummary>
                            </proc:Item>
                            <proc:Item>
                                <proc:Name>(M031) CHG DEMO TNT 1/2LB</proc:Name>
                                <proc:IdCode>A</proc:IdCode>
                                <proc:ResourceSummary>
                                    <proc:Quantity>
                                        <proc:BudgetYearOneBase>46323</proc:BudgetYearOneBase>
                                        <proc:BudgetYearOne>46323</proc:BudgetYearOne>
                                    </proc:Quantity>
                                    <proc:TotalCost>
                                        <proc:BudgetYearOneBase>0.8</proc:BudgetYearOneBase>
                                        <proc:BudgetYearOne>0.8</proc:BudgetYearOne>
                                    </proc:TotalCost>
                                    <proc:UnitCost>
                                        <proc:BudgetYearOneBase>0</proc:BudgetYearOneBase>
                                        <proc:BudgetYearOne>0</proc:BudgetYearOne>
                                    </proc:UnitCost>
                                </proc:ResourceSummary>
                            </proc:Item>
                            <proc:Item>
                                <proc:Name>(M097) INERT, NON-ELECTRIC CAP</proc:Name>
                                <proc:IdCode>A</proc:IdCode>
                                <proc:ResourceSummary>
                                    <proc:Quantity>
                                        <proc:PriorYear>2500</proc:PriorYear>
                                    </proc:Quantity>
                                    <proc:TotalCost>
                                        <proc:PriorYear>0.098</proc:PriorYear>
                                    </proc:TotalCost>
                                    <proc:UnitCost>
                                        <proc:PriorYear>0</proc:PriorYear>
                                    </proc:UnitCost>
                                </proc:ResourceSummary>
                            </proc:Item>
                            <proc:Item>
                                <proc:Name>(M994) Charge, Demolition, C1 Deta Sheet .042</proc:Name>
                                <proc:IdCode>A</proc:IdCode>
                                <proc:ResourceSummary>
                                    <proc:Quantity>
                                        <proc:CurrentYear>456</proc:CurrentYear>
                                    </proc:Quantity>
                                    <proc:TotalCost>
                                        <proc:CurrentYear>0.02</proc:CurrentYear>
                                    </proc:TotalCost>
                                    <proc:UnitCost>
                                        <proc:CurrentYear>0</proc:CurrentYear>
                                    </proc:UnitCost>
                                </proc:ResourceSummary>
                            </proc:Item>
                            <proc:Item>
                                <proc:Name>(M130) - CAP BLASTING ELECTRIC M6</proc:Name>
                                <proc:IdCode>A</proc:IdCode>
                                <proc:ResourceSummary>
                                    <proc:Quantity>
                                        <proc:PriorYear>36000</proc:PriorYear>
                                        <proc:CurrentYear>8160</proc:CurrentYear>
                                        <proc:BudgetYearOneBase>11133</proc:BudgetYearOneBase>
                                        <proc:BudgetYearOne>11133</proc:BudgetYearOne>
                                    </proc:Quantity>
                                    <proc:TotalCost>
                                        <proc:PriorYear>1.5</proc:PriorYear>
                                        <proc:CurrentYear>0.75</proc:CurrentYear>
                                        <proc:BudgetYearOneBase>0.5</proc:BudgetYearOneBase>
                                        <proc:BudgetYearOne>0.5</proc:BudgetYearOne>
                                    </proc:TotalCost>
                                    <proc:UnitCost>
                                        <proc:PriorYear>0</proc:PriorYear>
                                        <proc:CurrentYear>0</proc:CurrentYear>
                                        <proc:BudgetYearOneBase>0</proc:BudgetYearOneBase>
                                        <proc:BudgetYearOne>0</proc:BudgetYearOne>
                                    </proc:UnitCost>
                                </proc:ResourceSummary>
                            </proc:Item>
                            <proc:Item>
                                <proc:Name>(DWEC) CTG, MK 277 ENHANCED BLANK</proc:Name>
                                <proc:IdCode>A</proc:IdCode>
                                <proc:ResourceSummary>
                                    <proc:Quantity>
                                        <proc:BudgetYearOneBase>25840</proc:BudgetYearOneBase>
                                        <proc:BudgetYearOne>25840</proc:BudgetYearOne>
                                    </proc:Quantity>
                                    <proc:TotalCost>
                                        <proc:BudgetYearOneBase>0.1</proc:BudgetYearOneBase>
                                        <proc:BudgetYearOne>0.1</proc:BudgetYearOne>
                                    </proc:TotalCost>
                                    <proc:UnitCost>
                                        <proc:BudgetYearOneBase>0</proc:BudgetYearOneBase>
                                        <proc:BudgetYearOne>0</proc:BudgetYearOne>
                                    </proc:UnitCost>
                                </proc:ResourceSummary>
                            </proc:Item>
                            <proc:Item>
                                <proc:Name>(M131) - CAP, BLASTING NON-ELECTRIC-M7</proc:Name>
                                <proc:IdCode>A</proc:IdCode>
                                <proc:ResourceSummary>
                                    <proc:Quantity>
                                        <proc:PriorYear>50653</proc:PriorYear>
                                        <proc:CurrentYear>54560</proc:CurrentYear>
                                        <proc:BudgetYearOneBase>27503</proc:BudgetYearOneBase>
                                        <proc:BudgetYearOne>27503</proc:BudgetYearOne>
                                    </proc:Quantity>
                                    <proc:TotalCost>
                                        <proc:PriorYear>1.96</proc:PriorYear>
                                        <proc:CurrentYear>1.984</proc:CurrentYear>
                                        <proc:BudgetYearOneBase>1</proc:BudgetYearOneBase>
                                        <proc:BudgetYearOne>1</proc:BudgetYearOne>
                                    </proc:TotalCost>
                                    <proc:UnitCost>
                                        <proc:PriorYear>0</proc:PriorYear>
                                        <proc:CurrentYear>0</proc:CurrentYear>
                                        <proc:BudgetYearOneBase>0</proc:BudgetYearOneBase>
                                        <proc:BudgetYearOne>0</proc:BudgetYearOne>
                                    </proc:UnitCost>
                                </proc:ResourceSummary>
                            </proc:Item>
                            <proc:Item>
                                <proc:Name>(M456) - CORD ASBLY DETONATING</proc:Name>
                                <proc:IdCode>A</proc:IdCode>
                                <proc:ResourceSummary>
                                    <proc:Quantity>
                                        <proc:PriorYear>228000</proc:PriorYear>
                                    </proc:Quantity>
                                    <proc:TotalCost>
                                        <proc:PriorYear>0.1</proc:PriorYear>
                                    </proc:TotalCost>
                                    <proc:UnitCost>
                                        <proc:PriorYear>0</proc:PriorYear>
                                    </proc:UnitCost>
                                </proc:ResourceSummary>
                            </proc:Item>
                            <proc:Item>
                                <proc:Name>(M591) - DYNAMITE MILITARY M1 1LB BLOCK</proc:Name>
                                <proc:IdCode>A</proc:IdCode>
                                <proc:ResourceSummary>
                                    <proc:TotalCost>
                                        <proc:AllPriorYears>0</proc:AllPriorYears>
                                    </proc:TotalCost>
                                </proc:ResourceSummary>
                            </proc:Item>
                            <proc:Item>
                                <proc:Name>(MM24) DEMO ECT, MK 142, 300GPF</proc:Name>
                                <proc:IdCode>A</proc:IdCode>
                                <proc:ResourceSummary>
                                    <proc:Quantity>
                                        <proc:CurrentYear>21079</proc:CurrentYear>
                                    </proc:Quantity>
                                    <proc:TotalCost>
                                        <proc:CurrentYear>0.5</proc:CurrentYear>
                                    </proc:TotalCost>
                                    <proc:UnitCost>
                                        <proc:CurrentYear>0</proc:CurrentYear>
                                    </proc:UnitCost>
                                </proc:ResourceSummary>
                            </proc:Item>
                            <proc:Item>
                                <proc:Name>(MM30) CHARGE, 20 GRAM MK 140 MOD 0</proc:Name>
                                <proc:IdCode>A</proc:IdCode>
                                <proc:ResourceSummary>
                                    <proc:Quantity>
                                        <proc:CurrentYear>11815</proc:CurrentYear>
                                    </proc:Quantity>
                                    <proc:TotalCost>
                                        <proc:CurrentYear>0.25</proc:CurrentYear>
                                    </proc:TotalCost>
                                    <proc:UnitCost>
                                        <proc:CurrentYear>0</proc:CurrentYear>
                                    </proc:UnitCost>
                                </proc:ResourceSummary>
                            </proc:Item>
                            <proc:Item>
                                <proc:Name>(MM52) DEMO ECT, MK144, 1200GPF</proc:Name>
                                <proc:IdCode>A</proc:IdCode>
                                <proc:ResourceSummary>
                                    <proc:Quantity>
                                        <proc:PriorYear>1280</proc:PriorYear>
                                        <proc:CurrentYear>1920</proc:CurrentYear>
                                    </proc:Quantity>
                                    <proc:TotalCost>
                                        <proc:PriorYear>0.186</proc:PriorYear>
                                        <proc:CurrentYear>0.179</proc:CurrentYear>
                                    </proc:TotalCost>
                                    <proc:UnitCost>
                                        <proc:PriorYear>0</proc:PriorYear>
                                        <proc:CurrentYear>0</proc:CurrentYear>
                                    </proc:UnitCost>
                                </proc:ResourceSummary>
                            </proc:Item>
                            <proc:Item>
                                <proc:Name>(MM48) CHG DEMO LIN SHAPED 600 GR/FT</proc:Name>
                                <proc:IdCode>A</proc:IdCode>
                                <proc:ResourceSummary>
                                    <proc:TotalCost>
                                        <proc:AllPriorYears>0</proc:AllPriorYears>
                                    </proc:TotalCost>
                                </proc:ResourceSummary>
                            </proc:Item>
                            <proc:Item>
                                <proc:Name>(MM38) CHG, DEMO, LIN SHAPED 225 GR/FT</proc:Name>
                                <proc:IdCode>A</proc:IdCode>
                                <proc:ResourceSummary>
                                    <proc:TotalCost>
                                        <proc:AllPriorYears>0</proc:AllPriorYears>
                                    </proc:TotalCost>
                                </proc:ResourceSummary>
                            </proc:Item>
                            <proc:Item>
                                <proc:Name>(MM53) - DEMO ECT, MK145, 2400GPF</proc:Name>
                                <proc:IdCode>A</proc:IdCode>
                                <proc:ResourceSummary>
                                    <proc:TotalCost>
                                        <proc:AllPriorYears>0</proc:AllPriorYears>
                                    </proc:TotalCost>
                                </proc:ResourceSummary>
                            </proc:Item>
                            <proc:Item>
                                <proc:Name>(MM54) - EXPLOSIVE CUTTING TAPE</proc:Name>
                                <proc:IdCode>A</proc:IdCode>
                                <proc:ResourceSummary>
                                    <proc:Quantity>
                                        <proc:PriorYear>4320</proc:PriorYear>
                                        <proc:CurrentYear>3360</proc:CurrentYear>
                                        <proc:BudgetYearOneBase>1990</proc:BudgetYearOneBase>
                                        <proc:BudgetYearOne>1990</proc:BudgetYearOne>
                                    </proc:Quantity>
                                    <proc:TotalCost>
                                        <proc:PriorYear>0.583</proc:PriorYear>
                                        <proc:CurrentYear>0.52</proc:CurrentYear>
                                        <proc:BudgetYearOneBase>0.25</proc:BudgetYearOneBase>
                                        <proc:BudgetYearOne>0.25</proc:BudgetYearOne>
                                    </proc:TotalCost>
                                    <proc:UnitCost>
                                        <proc:PriorYear>0</proc:PriorYear>
                                        <proc:CurrentYear>0</proc:CurrentYear>
                                        <proc:BudgetYearOneBase>0</proc:BudgetYearOneBase>
                                        <proc:BudgetYearOne>0</proc:BudgetYearOne>
                                    </proc:UnitCost>
                                </proc:ResourceSummary>
                            </proc:Item>
                            <proc:Item>
                                <proc:Name>(M421) CHG DEMO SHPD M3A2 COMP B</proc:Name>
                                <proc:IdCode>A</proc:IdCode>
                                <proc:ResourceSummary>
                                    <proc:Quantity>
                                        <proc:BudgetYearOneBase>187</proc:BudgetYearOneBase>
                                        <proc:BudgetYearOne>187</proc:BudgetYearOne>
                                    </proc:Quantity>
                                    <proc:TotalCost>
                                        <proc:BudgetYearOneBase>0.3</proc:BudgetYearOneBase>
                                        <proc:BudgetYearOne>0.3</proc:BudgetYearOne>
                                    </proc:TotalCost>
                                    <proc:UnitCost>
                                        <proc:BudgetYearOneBase>0.002</proc:BudgetYearOneBase>
                                        <proc:BudgetYearOne>0.002</proc:BudgetYearOne>
                                    </proc:UnitCost>
                                </proc:ResourceSummary>
                            </proc:Item>
                            <proc:Item>
                                <proc:Name>(MN07) - N/E 70FT DELAY SHOCK TUBE</proc:Name>
                                <proc:IdCode>A</proc:IdCode>
                                <proc:ResourceSummary>
                                    <proc:Quantity>
                                        <proc:CurrentYear>1560</proc:CurrentYear>
                                    </proc:Quantity>
                                    <proc:TotalCost>
                                        <proc:CurrentYear>0.05</proc:CurrentYear>
                                    </proc:TotalCost>
                                    <proc:UnitCost>
                                        <proc:CurrentYear>0</proc:CurrentYear>
                                    </proc:UnitCost>
                                </proc:ResourceSummary>
                            </proc:Item>
                            <proc:Item>
                                <proc:Name>(MN06) M14 SET UP, N/E CAP WITH TIME FUZE</proc:Name>
                                <proc:IdCode>A</proc:IdCode>
                                <proc:ResourceSummary>
                                    <proc:Quantity>
                                        <proc:PriorYear>11200</proc:PriorYear>
                                        <proc:CurrentYear>21840</proc:CurrentYear>
                                        <proc:BudgetYearOneBase>18220</proc:BudgetYearOneBase>
                                        <proc:BudgetYearOne>18220</proc:BudgetYearOne>
                                    </proc:Quantity>
                                    <proc:TotalCost>
                                        <proc:PriorYear>0.3</proc:PriorYear>
                                        <proc:CurrentYear>0.7</proc:CurrentYear>
                                        <proc:BudgetYearOneBase>0.563</proc:BudgetYearOneBase>
                                        <proc:BudgetYearOne>0.563</proc:BudgetYearOne>
                                    </proc:TotalCost>
                                    <proc:UnitCost>
                                        <proc:PriorYear>0</proc:PriorYear>
                                        <proc:CurrentYear>0</proc:CurrentYear>
                                        <proc:BudgetYearOneBase>0</proc:BudgetYearOneBase>
                                        <proc:BudgetYearOne>0</proc:BudgetYearOne>
                                    </proc:UnitCost>
                                </proc:ResourceSummary>
                            </proc:Item>
                            <proc:Item>
                                <proc:Name>(MN08) - IGNITER TIME BLASTING</proc:Name>
                                <proc:IdCode>A</proc:IdCode>
                                <proc:ResourceSummary>
                                    <proc:Quantity>
                                        <proc:PriorYear>17820</proc:PriorYear>
                                        <proc:CurrentYear>28728</proc:CurrentYear>
                                        <proc:BudgetYearOneBase>30979</proc:BudgetYearOneBase>
                                        <proc:BudgetYearOne>30979</proc:BudgetYearOne>
                                    </proc:Quantity>
                                    <proc:TotalCost>
                                        <proc:PriorYear>0.334</proc:PriorYear>
                                        <proc:CurrentYear>0.6</proc:CurrentYear>
                                        <proc:BudgetYearOneBase>0.5</proc:BudgetYearOneBase>
                                        <proc:BudgetYearOne>0.5</proc:BudgetYearOne>
                                    </proc:TotalCost>
                                    <proc:UnitCost>
                                        <proc:PriorYear>0</proc:PriorYear>
                                        <proc:CurrentYear>0</proc:CurrentYear>
                                        <proc:BudgetYearOneBase>0</proc:BudgetYearOneBase>
                                        <proc:BudgetYearOne>0</proc:BudgetYearOne>
                                    </proc:UnitCost>
                                </proc:ResourceSummary>
                            </proc:Item>
                            <proc:Item>
                                <proc:Name>(SS01) - CTG, 50 CAL ELEC BLANK MK209 MOD 1</proc:Name>
                                <proc:IdCode>A</proc:IdCode>
                                <proc:ResourceSummary>
                                    <proc:Quantity>
                                        <proc:BudgetYearOneBase>4558</proc:BudgetYearOneBase>
                                        <proc:BudgetYearOne>4558</proc:BudgetYearOne>
                                    </proc:Quantity>
                                    <proc:TotalCost>
                                        <proc:BudgetYearOneBase>0.6</proc:BudgetYearOneBase>
                                        <proc:BudgetYearOne>0.6</proc:BudgetYearOne>
                                    </proc:TotalCost>
                                    <proc:UnitCost>
                                        <proc:BudgetYearOneBase>0</proc:BudgetYearOneBase>
                                        <proc:BudgetYearOne>0</proc:BudgetYearOne>
                                    </proc:UnitCost>
                                </proc:ResourceSummary>
                            </proc:Item>
                            <proc:Item>
                                <proc:Name>(M039) CHG DEMO 40LB CRATERING W/WELL</proc:Name>
                                <proc:IdCode>A</proc:IdCode>
                                <proc:ResourceSummary>
                                    <proc:Quantity>
                                        <proc:PriorYear>1</proc:PriorYear>
                                    </proc:Quantity>
                                    <proc:TotalCost>
                                        <proc:PriorYear>0.025</proc:PriorYear>
                                    </proc:TotalCost>
                                    <proc:UnitCost>
                                        <proc:PriorYear>0.025</proc:PriorYear>
                                    </proc:UnitCost>
                                </proc:ResourceSummary>
                            </proc:Item>
                            <proc:Item>
                                <proc:Name>(M670) FUZE, BLASTING TIME</proc:Name>
                                <proc:IdCode>A</proc:IdCode>
                                <proc:ResourceSummary>
                                    <proc:Quantity>
                                        <proc:PriorYear>180000</proc:PriorYear>
                                    </proc:Quantity>
                                    <proc:TotalCost>
                                        <proc:PriorYear>0.277</proc:PriorYear>
                                    </proc:TotalCost>
                                    <proc:UnitCost>
                                        <proc:PriorYear>0</proc:PriorYear>
                                    </proc:UnitCost>
                                </proc:ResourceSummary>
                            </proc:Item>
                            <proc:Item>
                                <proc:Name>(M420) CHG DEMO SHPD M2A4 15LB COMP B</proc:Name>
                                <proc:IdCode>A</proc:IdCode>
                                <proc:ResourceSummary>
                                    <proc:TotalCost>
                                        <proc:AllPriorYears>0</proc:AllPriorYears>
                                    </proc:TotalCost>
                                </proc:ResourceSummary>
                            </proc:Item>
                            <proc:Item>
                                <proc:Name>(M986) CHARGE, DEMO, EXP SHT .333</proc:Name>
                                <proc:IdCode>A</proc:IdCode>
                                <proc:ResourceSummary>
                                    <proc:TotalCost>
                                        <proc:BudgetYearOneBase>0.1</proc:BudgetYearOneBase>
                                        <proc:BudgetYearOne>0.1</proc:BudgetYearOne>
                                    </proc:TotalCost>
                                </proc:ResourceSummary>
                            </proc:Item>
                            <proc:Item>
                                <proc:Name>(M980) CHARGE, DEMOLITION</proc:Name>
                                <proc:IdCode>A</proc:IdCode>
                                <proc:ResourceSummary>
                                    <proc:TotalCost>
                                        <proc:BudgetYearOneBase>0.128</proc:BudgetYearOneBase>
                                        <proc:BudgetYearOne>0.128</proc:BudgetYearOne>
                                    </proc:TotalCost>
                                </proc:ResourceSummary>
                            </proc:Item>
                            <proc:Item>
                                <proc:Name>(YY34) - SHOCK TUBE</proc:Name>
                                <proc:IdCode>A</proc:IdCode>
                                <proc:ResourceSummary>
                                    <proc:Quantity>
                                        <proc:PriorYear>286</proc:PriorYear>
                                    </proc:Quantity>
                                    <proc:TotalCost>
                                        <proc:PriorYear>0.139</proc:PriorYear>
                                    </proc:TotalCost>
                                    <proc:UnitCost>
                                        <proc:PriorYear>0</proc:PriorYear>
                                    </proc:UnitCost>
                                </proc:ResourceSummary>
                            </proc:Item>
                            <proc:Item>
                                <proc:Name>(ML05) CUTTER, HE MK 24 MOD 0</proc:Name>
                                <proc:IdCode>A</proc:IdCode>
                                <proc:ResourceSummary>
                                    <proc:Quantity>
                                        <proc:PriorYear>532</proc:PriorYear>
                                    </proc:Quantity>
                                    <proc:TotalCost>
                                        <proc:PriorYear>0.165</proc:PriorYear>
                                    </proc:TotalCost>
                                    <proc:UnitCost>
                                        <proc:PriorYear>0</proc:PriorYear>
                                    </proc:UnitCost>
                                </proc:ResourceSummary>
                            </proc:Item>
                            <proc:Item>
                                <proc:Name>(ML03) FIRING DEVICE DEMO M142</proc:Name>
                                <proc:IdCode>A</proc:IdCode>
                                <proc:ResourceSummary>
                                    <proc:TotalCost>
                                        <proc:AllPriorYears>0</proc:AllPriorYears>
                                    </proc:TotalCost>
                                </proc:ResourceSummary>
                            </proc:Item>
                            <proc:Item>
                                <proc:Name>PMA</proc:Name>
                                <proc:IdCode>A</proc:IdCode>
                                <proc:ResourceSummary>
                                    <proc:TotalCost>
                                        <proc:PriorYear>0.04</proc:PriorYear>
                                        <proc:CurrentYear>0.023</proc:CurrentYear>
                                        <proc:BudgetYearOneBase>0.171</proc:BudgetYearOneBase>
                                        <proc:BudgetYearOne>0.171</proc:BudgetYearOne>
                                    </proc:TotalCost>
                                </proc:ResourceSummary>
                            </proc:Item>
                        </proc:ItemList>
                        <proc:CategorySubtotal>
                            <proc:TotalCost>
                                <proc:PriorYear>6.707</proc:PriorYear>
                                <proc:CurrentYear>7.076</proc:CurrentYear>
                                <proc:BudgetYearOneBase>7.297</proc:BudgetYearOneBase>
                                <proc:BudgetYearOne>7.297</proc:BudgetYearOne>
                            </proc:TotalCost>
                        </proc:CategorySubtotal>
                    </proc:Category>
                </proc:CategoryList>
                <proc:TotalCost>
                    <proc:TotalCost>
                        <proc:PriorYear>6.707</proc:PriorYear>
                        <proc:CurrentYear>7.076</proc:CurrentYear>
                        <proc:BudgetYearOneBase>7.297</proc:BudgetYearOneBase>
                        <proc:BudgetYearOne>7.297</proc:BudgetYearOne>
                    </proc:TotalCost>
                </proc:TotalCost>
            </proc:P40AItemGroup>
        </proc:ItemExhibitList>
        <proc:DocumentAssemblyOptions>
            <proc:p40AItemScheduleSetting>total</proc:p40AItemScheduleSetting>
        </proc:DocumentAssemblyOptions>
    </proc:LineItem>
</proc:LineItemList>