<?xml version="1.0" encoding="utf-8"?>
<!DOCTYPE hibernate-mapping PUBLIC "-//Hibernate/Hibernate Mapping DTD 3.0//EN"
"http://hibernate.sourceforge.net/hibernate-mapping-3.0.dtd">

<hibernate-mapping>
  <class name="mil.dtic.cbes.submissions.ValueObjects.AccomplishmentPlannedProgram" table="PROJECT_ACCOMP_PLANNED_PGM">
    <id name="id" type="java.lang.Integer">
      <column name="BUDGES_PROJ_ACCOMP_PLANNED_PGM_ID" />
      <generator class="native" />
    </id>
    <many-to-one name="project" class="mil.dtic.cbes.submissions.ValueObjects.Project" fetch="select">
      <column name="BUDGES_PROJ_ID" not-null="true" />
    </many-to-one>
    <property name="title" type="java.lang.String">
      <!-- <column name="APP_TITLE"  not-null="true" />-->
      <column name="APP_TITLE" />
    </property>
    <property name="description" type="java.lang.String">
      <column name="APP_DESC"  />
    </property>
    <property name="fundingPy" type="java.math.BigDecimal">
      <column name="ACC_PY" />
    </property>
    <property name="fundingCy" type="java.math.BigDecimal">
      <column name="PP_CY" />
    </property>
    <property name="fundingBy1" type="java.math.BigDecimal">
      <column name="PP_BY1" />
    </property>
    <property name="fundingBy1Base" type="java.math.BigDecimal">
      <column name="PP_BY1_BASE" />
    </property>
    <property name="fundingBy1Ooc" type="java.math.BigDecimal">
      <column name="PP_BY1_OOC" />
    </property>
    <property name="textChangeSummary" type="java.lang.String">
      <column name="PP_CS_TEXT"  />
    </property>
    <property name="textPy" type="java.lang.String">
      <column name="ACC_PY_TEXT"  />
    </property>
    <property name="textCy" type="java.lang.String">
      <column name="PP_CY_TEXT"  />
    </property>
    <property name="textBy1Base" type="java.lang.String">
      <column name="PP_BY1_TEXT_BASE"  />
    </property>
    <property name="textBy1Ooc" type="java.lang.String">
      <column name="PP_BY1_TEXT_OOC"  />
    </property>
    <property name="articleCountPy" type="java.lang.Integer">
      <column name="ACC_ART_PY" />
    </property>
    <property name="articleCountCy" type="java.lang.Integer">
      <column name="PP_ART_CY" />
    </property>
    <property name="articleCountBy1" type="java.lang.Integer">
      <column name="PP_ART_BY1" />
    </property>
    <property name="articleCountBy1Base" type="java.lang.Integer">
      <column name="PP_ART_BY1_BASE" />
    </property>
    <property name="articleCountBy1Ooc" type="java.lang.Integer">
      <column name="PP_ART_BY1_OOC" />
    </property>
    <property name="displayOrder" type="java.lang.Integer">
      <column name="DISPLAY_ORDER"/>
    </property>
  </class>
</hibernate-mapping>
