<?xml version="1.0" encoding="utf-8"?>
<!DOCTYPE hibernate-mapping PUBLIC "-//Hibernate/Hibernate Mapping DTD 3.0//EN"
"http://hibernate.sourceforge.net/hibernate-mapping-3.0.dtd">

<hibernate-mapping>
  <class name="mil.dtic.cbes.submissions.ValueObjects.Appropriation" table="APPROP_ACCOUNT">
    <id name="id" type="java.lang.Integer">
      <column name="BUDGES_APPROP_ACCT_ID" />
      <generator class="native" />
    </id>
    <property name="code" type="java.lang.String">
      <column name="BUDGES_APPROP_ACCT_CODE"  not-null="true" />
    </property>
    <property name="name" type="java.lang.String">
      <column name="BUDGES_APPROP_ACCT_NAME"  not-null="true" />
    </property>
    <set name="serviceAgencies" table="service_agency_acct">
      <key column="aa_ID"/>
      <many-to-many column="sa_ID" class="mil.dtic.cbes.submissions.ValueObjects.ServiceAgency"/>
    </set>
    <set name="budgetActivities" inverse="true">
      <key>
        <column name="aa_ID" not-null="true" />
      </key>
      <one-to-many class="mil.dtic.cbes.submissions.ValueObjects.BudgetActivity" />
    </set>
  </class>
</hibernate-mapping>
