<?xml version="1.0" encoding="utf-8"?>
<!DOCTYPE hibernate-mapping PUBLIC "-//Hibernate/Hibernate Mapping DTD 3.0//EN"
"http://hibernate.sourceforge.net/hibernate-mapping-3.0.dtd">

<hibernate-mapping>
  <class name="mil.dtic.cbes.submissions.ValueObjects.BudgesUser" table="USER">
    <id name="id" type="java.lang.Integer">
      <column name="BUDGES_USER_ID" />
      <generator class="native" />
    </id>
    
    <property name="userLdapId" type="java.lang.String">
      <column name="USER_LDAP_ID" not-null="true" />
    </property>
    <property name="fullName" type="java.lang.String">
      <column name="FULL_NAME" not-null="true" />
    </property>
    <property name="firstName" type="java.lang.String">
      <column name="FIRST_NAME" not-null="true" />
    </property>
    <property name="middleInitial" type="java.lang.String">
      <column name="MIDDLE_INITIAL" />
    </property>
    <property name="lastName" type="java.lang.String">
      <column name="LAST_NAME" />
    </property>
    <property name="phoneNumber" type="java.lang.String">
      <column name="PHONE_NUM" />
    </property>
    <property name="email" type="java.lang.String">
      <column name="EMAIL" not-null="true" />
    </property>
    <property name="role" type="java.lang.String">
      <column name="ROLE" not-null="true" />
    </property>
    <property name="lastVisitDate" type="java.util.Date">
      <column name="LAST_VISIT_DATE" />
    </property>
    <property name="createPeAllowed" type="yes_no">
      <column name="CREATE_PE_PRIV" not-null="true" />
    </property>
    <property name="createLiAllowed" type="yes_no">
      <column name="CREATE_LI_PRIV" not-null="true" />
    </property>
     <property name="testUser" type="yes_no">
      <column name="TEST_USER" not-null="true" />
    </property>
    <property name="savedLastVisitDate" type="java.util.Date" formula="LAST_VISIT_DATE" />

    <set name="budgesUserAndServiceAgencyLinks" inverse="true" batch-size="15" >
      <key>
        <column name="BUDGES_USER_ID" />
      </key>
      <one-to-many class="mil.dtic.cbes.submissions.ValueObjects.BudgesUserAndServiceAgencyLink" />
    </set>
    
    <set name="agencies" table="USER_SERVICE_AGENCY" inverse="false" batch-size="20">
      <key column="BUDGES_USER_ID"/>
      <many-to-many class="mil.dtic.cbes.submissions.ValueObjects.ServiceAgency" column="BUDGES_SERV_AGY_ID"/>
    </set>
    
    <property name="statusFlag" type="mil.dtic.cbes.data.config.StatusFlagType">
      <column name="STATUS_FLAG" />
    </property>
    
    <property name="dateCreated" type="java.util.Date" column="DATE_CREATED" />
    <property name="dateModified" type="java.util.Date" column="DATE_MODIFIED" />
    <many-to-one name="createdByBudgesUser" class="mil.dtic.cbes.submissions.ValueObjects.BudgesUser" not-found="ignore" >
      <column name="CREATED_BY_USER_ID" />
    </many-to-one>
    <many-to-one name="modifiedByBudgesUser" class="mil.dtic.cbes.submissions.ValueObjects.BudgesUser" not-found="ignore" >
      <column name="MODIFIED_BY_USER_ID" />
    </many-to-one>
    
  </class>
</hibernate-mapping>
