<?xml version="1.0" encoding="utf-8"?>
<!DOCTYPE hibernate-mapping PUBLIC "-//Hibernate/Hibernate Mapping DTD 3.0//EN"
"http://hibernate.sourceforge.net/hibernate-mapping-3.0.dtd">

<hibernate-mapping>
  <class name="mil.dtic.cbes.submissions.ValueObjects.BudgesUserAndServiceAgencyLink" table="USER_SERVICE_AGENCY">
    <id name="id" type="java.lang.Integer">
      <column name="BUDGES_USER_SERV_AGY_ID" />
      <generator class="native" />
    </id>
    <many-to-one name="budgesUser" class="mil.dtic.cbes.submissions.ValueObjects.BudgesUser" fetch="select">
      <column name="BUDGES_USER_ID" />
    </many-to-one>
    <many-to-one name="serviceAgency" class="mil.dtic.cbes.submissions.ValueObjects.ServiceAgency" fetch="select">
      <column name="BUDGES_SERV_AGY_ID" />
    </many-to-one>
  </class>
</hibernate-mapping>
