<?xml version="1.0" encoding="utf-8"?>
<!DOCTYPE hibernate-mapping PUBLIC "-//Hibernate/Hibernate Mapping DTD 3.0//EN"
"http://hibernate.sourceforge.net/hibernate-mapping-3.0.dtd">

<hibernate-mapping default-lazy="false">
	<class name="mil.dtic.cbes.submissions.ValueObjects.Config" table="config">

		<id name="id" type="java.lang.Integer" column="cf_ID">
			<generator class="native" />
		</id>

		<many-to-one name="createdByBudgesUser" column="creator_user_ID"
			class="mil.dtic.cbes.submissions.ValueObjects.BudgesUser" />
		<many-to-one name="modifiedByBudgesUser" column="modifier_user_ID"
			class="mil.dtic.cbes.submissions.ValueObjects.BudgesUser" />

		<property name="name" type="java.lang.String" column="cf_name" />
		<property name="value" type="java.lang.String" column="cf_value" />
		<property name="valueType" type="mil.dtic.cbes.data.config.ConfigTypeFlagType" column="cf_type" />
		<property name="dateCreated" type="java.util.Date" column="date_created" />
		<property name="dateModified" type="java.util.Date" column="date_modified" />
		<property name="description" type="java.lang.String" column="cf_desc" />
		<property name="readOnly" column="cf_read_only" />
		<property name="hostName" column="cf_env"/>
		<property name="budgetCycle" type="java.lang.String" column="cf_cycle"/>
		<property name="budgetYear" type="java.lang.Integer" column="cf_year"/>

	</class>
</hibernate-mapping>
