<?xml version="1.0" encoding="utf-8"?>
<!DOCTYPE hibernate-mapping PUBLIC "-//Hibernate/Hibernate Mapping DTD 3.0//EN"
"http://hibernate.sourceforge.net/hibernate-mapping-3.0.dtd">

<hibernate-mapping>
  <class name="mil.dtic.cbes.submissions.ValueObjects.CongressionalAddDetail" table="PROJECT_CONG_ADD_DETAIL">
    <id name="id" type="java.lang.Integer">
      <column name="BUDGES_PROJ_CONG_ADD_ID" />
      <generator class="native" />
    </id>
    <many-to-one name="project" class="mil.dtic.cbes.submissions.ValueObjects.Project" fetch="select">
      <column name="BUDGES_PROJ_ID" not-null="true" />
    </many-to-one>
    <property name="title" type="java.lang.String">
      <!-- <column name="BUDGES_CA_TITLE"  not-null="true" />-->
      <column name="BUDGES_CA_TITLE"  />
    </property>
    <property name="fundingPy" type="java.math.BigDecimal">
      <column name="CA_PY" />
    </property>
    <property name="fundingCy" type="java.math.BigDecimal">
      <column name="CA_CY" />
    </property>
    <property name="textPy" type="java.lang.String">
      <column name="CA_PY_TEXT"  />
    </property>
    <property name="textCy" type="java.lang.String">
      <column name="CA_CY_TEXT"  />
    </property>    
    <property name="displayOrder" type="java.lang.Integer">
      <column name="DISPLAY_ORDER"/>
    </property>
  </class>
</hibernate-mapping>
