<?xml version="1.0" encoding="utf-8"?>
<!DOCTYPE hibernate-mapping PUBLIC "-//Hibernate/Hibernate Mapping DTD 3.0//EN"
"http://hibernate.sourceforge.net/hibernate-mapping-3.0.dtd">

<hibernate-mapping default-lazy="false">
  <class name="mil.dtic.cbes.submissions.ValueObjects.ContractType" table="PCCI_CONTRACT_TYPE">
    <id name="id" type="java.lang.Integer">
      <column name="BUDGES_PCCI_CONTRACT_TYPE_ID" />
      <generator class="native" />
    </id>
    <property name="name" type="java.lang.String">
      <column name="PCCI_CONTRACT_TYPE" not-null="true"/>
    </property>
    <property name="description" type="java.lang.String">
      <column name="PCCI_CONTRACT_TYPE_DESC" />
    </property>    
    <property name="statusFlag" type="mil.dtic.cbes.data.config.SimpleStatusFlagType">
      <column name="PCT_STATUS_FLAG" />
    </property>    
  </class>
</hibernate-mapping>
