<?xml version="1.0" encoding="utf-8"?>
<!DOCTYPE hibernate-mapping PUBLIC "-//Hibernate/Hibernate Mapping DTD 3.0//EN"
"http://hibernate.sourceforge.net/hibernate-mapping-3.0.dtd">

<hibernate-mapping default-lazy="false">
  <class name="mil.dtic.cbes.submissions.ValueObjects.CostCategoryGroupName" table="PROJECT_COST_CATEGORY_GRP_NAME">
    <id name="id" type="java.lang.Integer">
      <column name="BUDGES_PJ_COST_CAT_GRP_NAME_ID" />
      <generator class="native" />
    </id>
    <property name="name" type="java.lang.String">
      <column name="PCCG_NAME" not-null="true"/>
    </property>
    <property name="description" type="java.lang.String">
      <column name="PCCG_DESC" />
    </property>    
  </class>
</hibernate-mapping>
