<?xml version="1.0" encoding="utf-8"?>
<!DOCTYPE hibernate-mapping PUBLIC "-//Hibernate/Hibernate Mapping DTD 3.0//EN"
"http://hibernate.sourceforge.net/hibernate-mapping-3.0.dtd">

<hibernate-mapping>
  <class name="mil.dtic.cbes.submissions.ValueObjects.JointFunding" table="PROJECT_JOINT_FUNDING">
    <id name="id" type="java.lang.Integer">
      <column name="PROJ_JOINT_FUNDING_ID" />
      <generator class="native" />
    </id>
    <many-to-one name="project" class="mil.dtic.cbes.submissions.ValueObjects.Project" fetch="select">
      <column name="BUDGES_PROJ_ID" not-null="true" />
    </many-to-one>
    <property name="title" type="java.lang.String">
      <column name="JF_TITLE" />
    </property>
    <property name="fundingPys" type="java.math.BigDecimal">
      <column name="jf_pyrs" />
    </property>
    <property name="fundingPy" type="java.math.BigDecimal">
      <column name="JF_PY" />
    </property>
    <property name="fundingCy" type="java.math.BigDecimal">
      <column name="JF_CY" />
    </property>
    <property name="fundingBy1" type="java.math.BigDecimal">
      <column name="JF_BY1" />
    </property>
    <property name="fundingBy1Base" type="java.math.BigDecimal">
      <column name="JF_BY1_BASE" />
    </property>
    <property name="fundingBy1Ooc" type="java.math.BigDecimal">
      <column name="JF_BY1_OOC" />
    </property>                     
    <property name="fundingCompCost" type="java.lang.String">
      <column name="jf_to_complete" />
    </property>
    <property name="fundingTotalCost" type="java.lang.String">
      <column name="jf_total_cost" />
    </property>
    <property name="fundingTargetValue" type="java.math.BigDecimal">
      <column name="jf_target_value" />
    </property>
    <property name="displayOrder" type="java.lang.Integer">
      <column name="DISPLAY_ORDER"/>
    </property>
  </class>
</hibernate-mapping>
