<?xml version="1.0" encoding="utf-8"?>
<!DOCTYPE hibernate-mapping PUBLIC "-//Hibernate/Hibernate Mapping DTD 3.0//EN"
"http://hibernate.sourceforge.net/hibernate-mapping-3.0.dtd">

<hibernate-mapping>
    <class name="mil.dtic.cbes.submissions.ValueObjects.Mapping" table="Mapping">
        <id name="mapping_id" type="java.lang.Integer" column="mapping_id">
            <generator class="native"/>
        </id>
        <property name="raw_column">
            <column name="raw_column"/>
        </property>
        <property name="valid_column">
            <column name="valid_column"/>
        </property>
        <property name="type_id">
            <column name="type_id"/>
        </property>
    </class>
</hibernate-mapping>