<?xml version="1.0"?>
<!DOCTYPE hibernate-mapping PUBLIC "-//Hibernate/Hibernate Mapping DTD 3.0//EN"
"http://hibernate.sourceforge.net/hibernate-mapping-3.0.dtd">

<hibernate-mapping>
  <class name="mil.dtic.cbes.submissions.ValueObjects.P1Data" table="P1Data">
    <id name="p1data_id" type="java.lang.Integer" column="p1data_id">
       <generator class="native"/>
    </id>
    <property name = "budgetYear" column = "budgetYear" type = "java.lang.Integer"/>
    <property name = "account" column = "account" type = "java.lang.String"/>
    <property name = "accountTitle" column = "accountTitle" type = "java.lang.String"/>
    <property name = "organization" column = "organization" type = "java.lang.String"/>
    <property name = "budgetActivity" column = "budgetActivity" type = "java.lang.String"/>
    <property name = "budgetActivityTitle" column = "budgetActivityTitle" type = "java.lang.String"/>
    <property name = "lineNumber" column = "lineNumber" type = "java.lang.String"/>
    <property name = "budgetSubActivity" column = "budgetSubActivity" type = "java.lang.String"/>
    <property name = "budgetSubActivityTitle" column = "budgetSubActivityTitle" type = "java.lang.String"/>
    <property name = "liNumber" column = "liNumber" type = "java.lang.String"/>
    <property name = "liTitle" column = "liTitle" type = "java.lang.String"/>
    <property name = "costType" column = "costType" type = "java.lang.String"/>
    <property name = "costTypeTitle" column = "costTypeTitle" type = "java.lang.String"/>
    <property name = "addNonAdd" column = "addNonAdd" type = "java.lang.String"/>
    <property name = "pyQuantity" column = "pyQuantity" type = "java.math.BigDecimal"/>
    <property name = "pyAmount" column = "pyAmount" type = "java.math.BigDecimal"/>
    <property name = "cyQuantity" column = "cyQuantity" type = "java.math.BigDecimal"/>
    <property name = "cyAmount" column = "cyAmount" type = "java.math.BigDecimal"/>
    <property name = "by1BaseAmount" column = "by1BaseAmount" type = "java.math.BigDecimal"/>
    <property name = "by1OOCAmount" column = "by1OOCAmount" type = "java.math.BigDecimal"/>
    <property name = "by1Quantity" column = "by1Quantity" type = "java.math.BigDecimal"/>
    <property name = "by1Amount" column = "by1Amount" type = "java.math.BigDecimal"/>
    <property name = "by2Quantity" column = "by2Quantity" type = "java.math.BigDecimal"/>
    <property name = "by2Amount" column = "by2Amount" type = "java.math.BigDecimal"/>
    <property name = "by3Quantity" column = "by3Quantity" type = "java.math.BigDecimal"/>
    <property name = "by3Amount" column = "by3Amount" type = "java.math.BigDecimal"/>
    <property name = "by4Quantity" column = "by4Quantity" type = "java.math.BigDecimal"/>
    <property name = "by4Amount" column = "by4Amount" type = "java.math.BigDecimal"/>
    <property name = "by5Quantity" column = "by5Quantity" type = "java.math.BigDecimal"/>
    <property name = "by5Amount" column = "by5Amount" type = "java.math.BigDecimal"/>
    <property name = "classification" column = "classification" type = "java.lang.String"/>
  </class>
</hibernate-mapping>

