<?xml version="1.0"?>
<!DOCTYPE hibernate-mapping PUBLIC "-//Hibernate/Hibernate Mapping DTD 3.0//EN"
"http://hibernate.sourceforge.net/hibernate-mapping-3.0.dtd">

<hibernate-mapping>
  <class name="mil.dtic.cbes.submissions.ValueObjects.P1SpreadsheetColumn" table="P1SpreadsheetColumn">
    <id name="p1spreadsheetcolumn_id" type="java.lang.Integer" column="p1spreadsheetcolumn_id">
       <generator class="native"/>
    </id>
    <property name = "columnTitle" column = "columnTitle" type = "java.lang.String"/>
    <property name = "columnLetter" column = "columnLetter" type = "java.lang.String"/>
    <property name = "columnOrder" column = "columnOrder" type = "java.lang.Integer"/>
  </class>
</hibernate-mapping>