<?xml version="1.0" encoding="utf-8"?>
<!DOCTYPE hibernate-mapping PUBLIC "-//Hibernate/Hibernate Mapping DTD 3.0//EN"
"http://hibernate.sourceforge.net/hibernate-mapping-3.0.dtd">

<hibernate-mapping>
  <class name="mil.dtic.cbes.submissions.ValueObjects.PELock" table="PGM_ELEMENT">
    
    <id name="id" type="java.lang.Integer">
      <column name="BUDGES_PGM_ELEM_ID" />
      <generator class="native" />
    </id>
    
    <property name="gateway" type="java.lang.String" column="EDIT_LOCK_MUTEX" length="5" />
    <many-to-one name="entirePeLockedBy" class="mil.dtic.cbes.submissions.ValueObjects.BudgesUser" not-found="ignore" column="EDIT_LOCK_ID_ALL" />
    <many-to-one name="r2OnlyLockedBy" class="mil.dtic.cbes.submissions.ValueObjects.BudgesUser" not-found="ignore" column="EDIT_LOCK_ID_PE_ONLY" />
    <property name="entirePeLockedDate" type="java.util.Date" column="DATE_LOCK_ALL" />
    <property name="r2OnlyLockedDate" type="java.util.Date" column="DATE_LOCK_PE" />
    
    <set name="projects" table="PROJECT" cascade="save-update" inverse="true">
      <key column="BUDGES_PGM_ELEM_ID" not-null="true" />
      <one-to-many class="mil.dtic.cbes.submissions.ValueObjects.ProjectLock" />
    </set>
    
  </class>
</hibernate-mapping>
