<?xml version="1.0" encoding="utf-8"?>
<!DOCTYPE hibernate-mapping PUBLIC "-//Hibernate/Hibernate Mapping DTD 3.0//EN"
"http://hibernate.sourceforge.net/hibernate-mapping-3.0.dtd">

<hibernate-mapping>
  <class name="mil.dtic.cbes.submissions.ValueObjects.ProjectList" table="PROJECT" >
    <id name="id" type="java.lang.Integer">
      <column name="BUDGES_PROJ_ID" />
      <generator class="native" />
    </id>
    
    <many-to-one name="programElement" class="mil.dtic.cbes.submissions.ValueObjects.ProgramElementBase" fetch="select" update="false">
      <column name="BUDGES_PGM_ELEM_ID" not-null="true" />
    </many-to-one>
    <property name="number" type="java.lang.String" column="BUDGES_PROJ_NUM" not-null="true" update="false" />
    <property name="title" type="java.lang.String" column="PROJ_TITLE" not-null="true" update="false"/>
    <property name="includeInMergedPdf" type="yes_no" column="PROJ_INCLUDE_IN_PDF" />
    <property name="displayOrder" type="java.lang.Integer" column="DISPLAY_ORDER" update="false"/>
    
    <property name="dateCreated" type="java.util.Date" column="DATE_CREATED_R2A" insert="false" update="false" />
    <property name="dateModified" type="java.util.Date" column="DATE_MODIFIED_PJ_OVERALL" />
    <many-to-one name="createdByBudgesUser" class="mil.dtic.cbes.submissions.ValueObjects.BudgesUser" not-found="ignore" insert="false" update="false" >
      <column name="CREATED_BY_USER_ID_R2A" />
    </many-to-one>
    <many-to-one name="modifiedByBudgesUser" class="mil.dtic.cbes.submissions.ValueObjects.BudgesUser" not-found="ignore" >
      <column name="MODIFIED_BY_USER_ID_PJ_OVERALL" />
    </many-to-one>
    
    <many-to-one name="lockedBy" class="mil.dtic.cbes.submissions.ValueObjects.BudgesUser" not-found="ignore" column="EDIT_LOCK_ID_PJ" insert="false" update="false" />
    
    <component name="r2aExhibit" class="mil.dtic.cbes.submissions.ValueObjects.R2aExhibitList">
      <parent name="projectList" />
      <property name="dateCreated" type="java.util.Date" >
        <column name="DATE_CREATED_R2A"  />
      </property>
      <many-to-one name="createdByBudgesUser" class="mil.dtic.cbes.submissions.ValueObjects.BudgesUser" not-found="ignore">
        <column name="CREATED_BY_USER_ID_R2A" />
      </many-to-one>
      <property name="dateModified" type="java.util.Date">
        <column name="DATE_MODIFIED_R2A"  />
      </property>
      <many-to-one name="modifiedByBudgesUser" class="mil.dtic.cbes.submissions.ValueObjects.BudgesUser" not-found="ignore">
        <column name="MODIFIED_BY_USER_ID_R2A" />
      </many-to-one>
    </component>
    

    <component name="r3Exhibit" class="mil.dtic.cbes.submissions.ValueObjects.R3Exhibit">
      <parent name="projectList" />
      <property name="dateCreated" type="java.util.Date" >
        <column name="DATE_CREATED_R3"  />
      </property>
      <many-to-one name="createdByBudgesUser" class="mil.dtic.cbes.submissions.ValueObjects.BudgesUser" not-found="ignore">
        <column name="CREATED_BY_USER_ID_R3" />
      </many-to-one>
      <property name="dateModified" type="java.util.Date">
        <column name="DATE_MODIFIED_R3"  />
      </property>
      <many-to-one name="modifiedByBudgesUser" class="mil.dtic.cbes.submissions.ValueObjects.BudgesUser" not-found="ignore">
        <column name="MODIFIED_BY_USER_ID_R3" />
      </many-to-one>
    </component>
    
    <component name="r4Exhibit" class="mil.dtic.cbes.submissions.ValueObjects.R4Exhibit">
      <parent name="projectList" />
      <property name="dateCreated" type="java.util.Date" >
        <column name="DATE_CREATED_R4"  />
      </property>
      <many-to-one name="createdByBudgesUser" class="mil.dtic.cbes.submissions.ValueObjects.BudgesUser" not-found="ignore">
        <column name="CREATED_BY_USER_ID_R4" />
      </many-to-one>
      <property name="dateModified" type="java.util.Date">
        <column name="DATE_MODIFIED_R4"  />
      </property>
      <many-to-one name="modifiedByBudgesUser" class="mil.dtic.cbes.submissions.ValueObjects.BudgesUser" not-found="ignore">
        <column name="MODIFIED_BY_USER_ID_R4" />
      </many-to-one>
    </component>
    
    <component name="r4aExhibit" class="mil.dtic.cbes.submissions.ValueObjects.R4aExhibit" >
      <parent name="projectList" />
      <property name="dateCreated" type="java.util.Date" >
        <column name="DATE_CREATED_R4A"  />
      </property>
      <many-to-one name="createdByBudgesUser" class="mil.dtic.cbes.submissions.ValueObjects.BudgesUser" not-found="ignore">
        <column name="CREATED_BY_USER_ID_R4A" />
      </many-to-one>
      <property name="dateModified" type="java.util.Date">
        <column name="DATE_MODIFIED_R4A"  />
      </property>
      <many-to-one name="modifiedByBudgesUser" class="mil.dtic.cbes.submissions.ValueObjects.BudgesUser" not-found="ignore">
        <column name="MODIFIED_BY_USER_ID_R4A" />
      </many-to-one>
    </component>
    
    <component name="r5Exhibit" class="mil.dtic.cbes.submissions.ValueObjects.R5Exhibit">
      <parent name="projectList" />
      <property name="dateCreated" type="java.util.Date" >
        <column name="DATE_CREATED_R5"  />
      </property>
      <many-to-one name="createdByBudgesUser" class="mil.dtic.cbes.submissions.ValueObjects.BudgesUser" not-found="ignore">
        <column name="CREATED_BY_USER_ID_R5" />
      </many-to-one>
      <property name="dateModified" type="java.util.Date">
        <column name="DATE_MODIFIED_R5"  />
      </property>
      <many-to-one name="modifiedByBudgesUser" class="mil.dtic.cbes.submissions.ValueObjects.BudgesUser" not-found="ignore">
        <column name="MODIFIED_BY_USER_ID_R5" />
      </many-to-one>
    </component>
  </class>
</hibernate-mapping>
