<?xml version="1.0" encoding="utf-8"?>
<!DOCTYPE hibernate-mapping PUBLIC "-//Hibernate/Hibernate Mapping DTD 3.0//EN"
"http://hibernate.sourceforge.net/hibernate-mapping-3.0.dtd">

<hibernate-mapping>
  <class name="mil.dtic.cbes.submissions.ValueObjects.ScheduleProfile" table="PROJECT_SCHEDULE_PROFILE">
    <id name="id" type="java.lang.Integer">
      <column name="HIBERNATE_LIST_INDEX" />
      <generator class="native" />
    </id>
    
    <many-to-one name="project" class="mil.dtic.cbes.submissions.ValueObjects.Project">
      <column name="BUDGES_PROJ_ID" not-null="true" />
    </many-to-one>
    
    <property name="imageData" type="blob" column="PSP_IMAGE_DATA" not-null="true" />
    <property name="thumbnailData" type="blob" column="PSP_THUMBNAIL_IMAGE_DATA" not-null="true" />
    <property name="imageFileName" type="java.lang.String" column="PSP_IMAGE_NAME" not-null="true" />
    <property name="displayOrder" type="java.lang.Integer" column="DISPLAY_ORDER" />

    
  </class>
</hibernate-mapping>
