<?xml version="1.0" encoding="utf-8"?>
<!DOCTYPE hibernate-mapping PUBLIC "-//Hibernate/Hibernate Mapping DTD 3.0//EN"
"http://hibernate.sourceforge.net/hibernate-mapping-3.0.dtd">

<hibernate-mapping>
  <class name="mil.dtic.cbes.submissions.ValueObjects.ScheduleDetail" table="PROJECT_SCHEDULE_DETAIL">
    <id name="id" type="java.lang.Integer">
      <column name="HIBERNATE_LIST_INDEX" />
      <generator class="native" />
    </id>

    <many-to-one name="subProjectSchedule" class="mil.dtic.cbes.submissions.ValueObjects.SubProjectSchedule">
     <column name="BUDGES_PJ_SCHED_SUBPJ_ID" not-null="true" />
    </many-to-one>
    
    <property name="eventTitle" type="java.lang.String" column="PSD_EVENT_TITLE" />
    
    <component name="start" class="mil.dtic.cbes.submissions.ValueObjects.QuarterDate">
      <property name="quarter" type="java.lang.Integer" column="PSD_START_QUARTER" not-null="true" />
      <property name="year" type="java.lang.Integer" column="PSD_START_YEAR" not-null="true" />
    </component>
    
    <component name="end" class="mil.dtic.cbes.submissions.ValueObjects.QuarterDate">
      <property name="quarter" type="java.lang.Integer" column="PSD_END_QUARTER" not-null="true" />
      <property name="year" type="java.lang.Integer" column="PSD_END_YEAR" not-null="true" />
    </component>
    
    <property name="displayOrder" type="java.lang.Integer" column="DISPLAY_ORDER" />
  </class>
</hibernate-mapping>
