<?xml version="1.0" encoding="utf-8"?>
<!DOCTYPE hibernate-mapping PUBLIC "-//Hibernate/Hibernate Mapping DTD 3.0//EN"
"http://hibernate.sourceforge.net/hibernate-mapping-3.0.dtd">

<hibernate-mapping>
	<class name="mil.dtic.cbes.submissions.ValueObjects.ValidationExemption" table="validation_exemption">

		<id name="id" type="java.lang.Integer">
			<column name="id" />
			<generator class="native" />
		</id>

    <property name="dateCreated" type="java.util.Date" column="date_created" />
    <property name="dateModified" type="java.util.Date" column="date_modified" />

    <property name="createdByBudgesUser" type="java.lang.String" column="created_by_user" />
    <property name="modifiedByBudgesUser" type="java.lang.String" column="modified_by_user" />


		<property name="status" type="mil.dtic.cbes.data.config.StatusFlagType">
			<column name="status" not-null="true" />
		</property>

		<property name="rdteRule" type="java.lang.String">
			<column name="rdte_rule" not-null="false" />
		</property>

		<many-to-one name="organization"
			class="mil.dtic.cbes.submissions.ValueObjects.ServiceAgency"
			not-found="exception" fetch="join">
			<column name="organization_fk" not-null="true" />
		</many-to-one>
		
<!-- 		<many-to-one name="ValidationExemption"
			class="mil.dtic.cbes.p40.vo.ValidationException"
			not-found="exception" fetch="join">
			<column name="validation_rule_fk" not-null="false" />
		</many-to-one>
 -->		

<!-- 		<many-to-one name="modifiedByBudgesUser"
			class="mil.dtic.cbes.submissions.ValueObjects.BudgesUser" not-found="exception">
			<column name="modification_user_fk" not-null="true" />
		</many-to-one>
 -->	</class>
</hibernate-mapping>
