<?xml version="1.0" encoding="UTF-8"?>
<binding name="P40AdvanceProcurementXmlJavaBinding" package="mil.dtic.cbes.p40.vo" trim-whitespace="true" xmlns:proc="http://www.dtic.mil/comptroller/xml/schema/20100219/procurement" xmlns:xsi="http://www.w3.org/2001/XMLSchema-instance">
  <mapping type-name="P10AdvanceProcurement" class="mil.dtic.cbes.p40.vo.P10AdvanceProcurement" factory="mil.P40CayenneJibxFactory.p10AdvanceProcurement" abstract="true" post-set="jibx_postSet">
    <structure name="FirstSystemAwardDate" usage="optional" test-method="jibx_hasFirstSystemAwardDate">
      <value style="text" get-method="getFirstSystemAwardDate" set-method="setFirstSystemAwardDate" format="MonthYearConversionFormat"/>
      <value style="attribute" name="footnote" get-method="getFirstSystemAwardDateFootnote" set-method="setFirstSystemAwardDateFootnote" usage="optional"/>
    </structure>
    <structure name="FirstSystemCompletionDate" usage="optional" test-method="jibx_hasFirstSystemCompletionDate">
      <value style="text" get-method="getFirstSystemCompletionDate" set-method="setFirstSystemCompletionDate" format="MonthYearConversionFormat"/>
      <value style="attribute" name="footnote" get-method="getFirstSystemCompletionDateFootnote" set-method="setFirstSystemCompletionDateFootnote" usage="optional" />
    </structure>
    <structure name="IntervalBetweenSystems" usage="optional" test-method="jibx_hasIntervalBetweenSystems">
      <value style="text" get-method="getIntervalBetweenSystems" set-method="setIntervalBetweenSystems"/>
      <value style="attribute" name="footnote" get-method="getIntervalBetweenSystemsFootnote" set-method="setIntervalBetweenSystemsFootnote" usage="optional" />
    </structure>
    <value style="element" name="Description" get-method="getDescription" set-method="setDescription" usage="optional" />
    <structure name="ProductionLeadtime" usage="optional" test-method="jibx_hasProductionLeadtime">
      <value style="text" get-method="getProductionLeadtime" set-method="setProductionLeadtime"/>
      <value style="attribute" name="footnote" get-method="getProductionLeadtimeFootnote" set-method="setProductionLeadtimeFootnote" usage="optional" />
    </structure>
    <structure name="APCostElementCategoryList">
      <structure name="CFE" test-method="jibx_hasCFE" usage="optional">
        <collection iter-method="jibx_CFEIterator" add-method="addToCostElements" item-type="mil.dtic.cbes.p40.vo.P10CostElement">
          <structure name="APCostElement" factory="mil.P40CayenneJibxFactory.p10CFECostElement">
            <structure map-as="P10CostElementMapping"/>
          </structure>
        </collection>
        <structure name="CategorySubtotal" usage="optional" test-method="jibx_hasCFECategorySubtotalCosts" get-method="getCFECategorySubtotalCosts" set-method="setCFECategorySubtotalCosts">
          <structure map-as="DollarCostListTypeMapping"/>
        </structure>
      </structure>
      <structure name="GFE" test-method="jibx_hasGFE" usage="optional">
        <collection iter-method="jibx_GFEIterator" add-method="addToCostElements" item-type="mil.dtic.cbes.p40.vo.P10CostElement">
          <structure name="APCostElement" factory="mil.P40CayenneJibxFactory.p10GFECostElement">
            <structure map-as="P10CostElementMapping" />
          </structure>
        </collection>
        <structure name="CategorySubtotal" usage="optional" test-method="jibx_hasGFECategorySubtotalCosts" get-method="getGFECategorySubtotalCosts" set-method="setGFECategorySubtotalCosts">
          <structure map-as="DollarCostListTypeMapping"/>
        </structure>
      </structure>
      <structure name="EOQ" test-method="jibx_hasEOQ" usage="optional">
        <collection iter-method="jibx_EOQIterator" add-method="addToCostElements" item-type="mil.dtic.cbes.p40.vo.P10CostElement">
          <structure name="APCostElement" factory="mil.P40CayenneJibxFactory.p10EOQCostElement">
            <structure map-as="P10CostElementMapping"/>
          </structure>
        </collection>
        <structure name="CategorySubtotal" usage="optional" test-method="jibx_hasEOQCategorySubtotalCosts" get-method="getEOQCategorySubtotalCosts" set-method="setEOQCategorySubtotalCosts">
          <structure map-as="DollarCostListTypeMapping"/>
        </structure>
      </structure>
      <structure name="Other" test-method="jibx_hasOther" usage="optional">
        <collection iter-method="jibx_OtherIterator" add-method="addToCostElements" item-type="mil.dtic.cbes.p40.vo.P10CostElement">
          <structure name="APCostElement" factory="mil.P40CayenneJibxFactory.p10OtherCostElement">
            <structure map-as="P10CostElementMapping"/>
          </structure>
        </collection>
        <structure name="CategorySubtotal" usage="optional" test-method="jibx_hasOtherCategorySubtotalCosts" get-method="getOtherCategorySubtotalCosts" set-method="setOtherCategorySubtotalCosts">
          <structure map-as="DollarCostListTypeMapping"/>
        </structure>
      </structure>
      <collection name="OtherCategoryList" test-method="jibx_hasCustomCategories" add-method="jibx_addToCustomCategories" iter-method="jibx_customCategoriesIterator" usage="optional" item-type="mil.dtic.cbes.p40.vo.P10AdvanceProcurementCustomCostElementCategory">
        <structure name="OtherCategory" factory="mil.P40CayenneJibxFactory.p10AdvanceProcurementCustomCostElementCategory">
          <value style="element" name="Title" get-method="getTitle" set-method="setTitle" usage="optional"/>
          <collection iter-method="jibx_costElementIterator" add-method="addToCostElements" item-type="mil.dtic.cbes.p40.vo.P10CostElement">
			<structure name="APCostElement" factory="mil.P40CayenneJibxFactory.p10CustomCostElement">
			  <structure map-as="P10CostElementMapping" />
			</structure>
		  </collection>
		  <structure name="CategorySubtotal" usage="optional" test-method="jibx_hasCategorySubtotalCosts" get-method="getCategorySubtotalCosts" set-method="setCategorySubtotalCosts">
            <structure map-as="DollarCostListTypeMapping"/>
          </structure>
        </structure> 
      </collection>
    </structure>
    <structure name="AdvanceProcurementTotalCost" usage="optional" test-method="jibx_hasAdvanceProcurementTotal" get-method="getAdvanceProcurementTotal" set-method="setAdvanceProcurementTotal">
      <structure map-as="DollarCostListTypeMapping"/>
    </structure>
  </mapping>
  <mapping type-name="P10CostElementMapping" class="mil.dtic.cbes.p40.vo.P10CostElement" factory="mil.P40CayenneJibxFactory.p10CostElement" abstract="true">
    <structure name="Name" usage="optional" test-method="jibx_hasName">
      <value style="text" get-method="getName" set-method="setName"/>
      <value style="attribute" name="footnote" get-method="getNameFootnote" set-method="setNameFootnote" usage="optional" />
    </structure>
    <structure name="WhenRequiredInMonths" usage="optional" test-method="jibx_hasWhenRequiredInMonths">
      <value style="text" get-method="getWhenRequired" set-method="setWhenRequired"/>
      <value style="attribute" name="footnote" get-method="getWhenRequiredFootnote" set-method="setWhenRequiredFootnote" usage="optional" />
    </structure>
    <structure name="QuantityPerAssembly" usage="optional" test-method="jibx_hasQuantityPerAssembly">
      <value style="text" get-method="getQuantityPerAssembly" set-method="setQuantityPerAssembly"/>
      <value style="attribute" name="footnote" get-method="getQuantityPerAssemblyFootnote" set-method="setQuantityPerAssemblyFootnote" usage="optional" />
    </structure>
    <structure name="SCNProductionLeadtime" usage="optional" test-method="jibx_hasSCNProductionLeadtime">
      <value style="text" get-method="getSCNProductionLeadtime" set-method="setSCNProductionLeadtime"/>
      <value style="attribute" name="footnote" get-method="getSCNProductionLeadtimeFootnote" set-method="setSCNProductionLeadtimeFootnote" usage="optional" />
    </structure>
    <structure name="Cost" usage="optional" test-method="jibx_hasCosts" get-method="getTotalCosts" set-method="setTotalCosts">
      <structure map-as="DollarCostListTypeMapping" />
    </structure>
    <collection name="ManufacturerList" test-method="jibx_hasManufacturerList" add-method="addToManufacturerList" iter-method="jibx_manufacturerIterator" usage="optional" item-type="mil.dtic.cbes.p40.vo.Manufacturer">
      <structure name="Manufacturer" map-as="ManufacturerMapping" />
    </collection>
    <structure name="TerminationLiability" usage="optional" test-method="jibx_hasTerminationLiabilityCosts">
      <structure name="Cost" get-method="getTerminationLiabilityCosts" set-method="setTerminationLiabilityCosts">
        <structure map-as="DollarCostListTypeMapping" />
      </structure>
      <value style="attribute" name="footnote" get-method="getTerminationLiabilityCostsFootnote" set-method="setTerminationLiabilityCostsFootnote" usage="optional" />
    </structure>
    <collection name="QuantityForBudgetYearList" add-method="addToQuantityForBudgetYear" iter-method="jibx_quantityForBudgetYearIterator" usage="optional" item-type="mil.dtic.cbes.p40.vo.QuantityForBudgetYear" test-method="jibx_hasQuantityForBudgetYear">
      <structure name="QuantityForBudgetYear" factory="mil.P40CayenneJibxFactory.quantityForBudgetYear">
        <structure name="BudgetYearQuantity" usage="optional" test-method="jibx_hasBudgetYearQuantity">
          <value style="text" get-method="getQuantity" set-method="setQuantity"/>
          <value style="attribute" name="footnote" get-method="getQuantityFootnote" set-method="setQuantityFootnote" usage="optional" />
        </structure>
        <structure name="BudgetYear" usage="optional" test-method="jibx_hasBudgetYear">
          <value style="text" get-method="getBudgetYear" set-method="setBudgetYear"/>
          <value style="attribute" name="footnote" get-method="getBudgetYearFootnote" set-method="setBudgetYearFootnote" usage="optional" />
        </structure>
        <structure name="Cost" usage="optional" test-method="jibx_hasCosts" get-method="getCosts" set-method="setCosts">
          <structure map-as="DollarCostListTypeMapping" />
        </structure>
      </structure>
    </collection>
    <structure name="ForFY" usage="optional" test-method="jibx_hasForFiscalYear">
      <value style="text" get-method="getForFiscalYear" set-method="setForFiscalYear"/>
      <value style="attribute" name="footnote" get-method="getForFiscalYearFootnote" set-method="setForFiscalYearFootnote" usage="optional" />
    </structure>
  </mapping>
</binding>