<?xml version="1.0" encoding="UTF-8"?>
<!-- $Id: p40binding.xml 54112 2011-05-05 14:59:19Z aahmed $ -->
<binding name="P40FacilXmlJavaBinding" package="mil.dtic.cbes.p40.vo" trim-whitespace="true" xmlns:proc="http://www.dtic.mil/comptroller/xml/schema/20100219/procurement" xmlns:xsi="http://www.w3.org/2001/XMLSchema-instance">
	<mapping type-name="ProductionSupportFacilityMapping" class="mil.dtic.cbes.p40.vo.ProductionSupportFacility" factory="mil.P40CayenneJibxFactory.productionSupportFacility" abstract="true" post-set="jibx_postSet">
		<value style="element" name="Name" get-method="getName" set-method="setName" usage="required"/>
		<value style="element" name="Location" get-method="getLocation" set-method="setLocation" usage="optional"/>
		<value style="element" name="Type" get-method="getType" set-method="setType" usage="optional"/>
		<collection name="FacilityProjectList" usage="optional" test-method="jibx_hasProductionSupportFacilityProjectList" add-method="addToProductionSupportFacilityProjectList" iter-method="jibx_ProductionSupportFacilityProjectIterator" item-type="mil.dtic.cbes.p40.vo.ProductionSupportFacilityProject">
			<structure name="FacilityProject" map-as="ProductionSupportFacilityProjectMapping" />
		</collection>
	</mapping>
	<mapping type-name="LayawayFacilityMapping" class="mil.dtic.cbes.p40.vo.LayawayFacility" factory="mil.P40CayenneJibxFactory.layawayFacility" abstract="true" post-set="jibx_postSet">
		<value style="element" name="Name" get-method="getName" set-method="setName" usage="required"/>
		<value style="element" name="Location" get-method="getLocation" set-method="setLocation" usage="optional"/>
		<value style="element" name="Type" get-method="getType" set-method="setType" usage="optional"/>
		<collection name="FacilityProjectList" usage="optional" test-method="jibx_hasLayawayDistributionProjectList" add-method="addToLayawayDistributionProjectList" iter-method="jibx_LayawayDistributionProjectIterator" item-type="mil.dtic.cbes.p40.vo.LayawayDistributionProject">
			<structure name="FacilityProject" map-as="LayawayFacilityProjectMapping" />
		</collection>
	</mapping>
	<mapping type-name="InactiveFacilityMapping" class="mil.dtic.cbes.p40.vo.InactiveIndustrialFacility" factory="mil.P40CayenneJibxFactory.inactiveIndustrialFacility" abstract="true" post-set="jibx_postSet">
		<value style="element" name="Name" get-method="getName" set-method="setName" usage="required"/>
		<value style="element" name="Location" get-method="getLocation" set-method="setLocation" usage="optional"/>
		<value style="element" name="Type" get-method="getType" set-method="setType" usage="optional"/>
		<collection name="FacilityProjectList" usage="optional" test-method="jibx_hasInactiveFacilityProjectList" add-method="addToInactiveFacilityProjectList" iter-method="jibx_InactiveFacilityProjectIterator" item-type="mil.dtic.cbes.p40.vo.InactiveIndustrialFacilityProject">
			<structure name="FacilityProject" map-as="InactiveFacilityProjectMapping" />
		</collection>
	</mapping>
	<mapping type-name="ProductionSupportFacilityProjectMapping" class="mil.dtic.cbes.p40.vo.ProductionSupportFacilityProject" factory="mil.P40CayenneJibxFactory.productionSupportFacilityProject" abstract="true" post-set="jibx_postSet">
		<structure name="Cost" map-as="FacilityCostListTypeMapping" get-method="getCosts" set-method="setCosts"/>
		<value style="element" name="Number" get-method="getCode" set-method="setCode"/>
		<value style="element" name="Title" get-method="getTitle" set-method="setTitle"/>
		<value style="element" name="EndItemSupportedModel" get-method="getEndItem" set-method="setEndItem" usage="optional"/>
		<value style="element" name="AnnualCapacityBefore" get-method="getCapacityBefore" set-method="setCapacityBefore" usage="optional"/>
		<value style="element" name="AnnualCapacityAfter" get-method="getCapacityAfter" set-method="setCapacityAfter" usage="optional"/>
		<structure name="CostElementList" usage="optional" test-method="jibx_isCostElement">
			<structure name="Construction" map-as="ProductionSupportFacilityProjectCostElementMapping" get-method="getConstructionCostElement" set-method="setConstructionCostElement" usage="optional"/>
			<structure name="Equipment" map-as="ProductionSupportFacilityProjectCostElementWithSubElementsMapping" get-method="getEquipmentCostElement" set-method="setEquipmentCostElement" usage="optional"/>
			<structure name="EquipmentInstallation" map-as="ProductionSupportFacilityProjectCostElementMapping" get-method="getEquipmentInstallationCostElement" set-method="setEquipmentInstallationCostElement" usage="optional"/>
			<structure name="ContractorSupport" map-as="ProductionSupportFacilityProjectCostElementMapping" get-method="getContractorSupportCostElement" set-method="setContractorSupportCostElement" usage="optional"/>
			<structure name="CorpsOfEngineersSupport" map-as="ProductionSupportFacilityProjectCostElementMapping" get-method="getCorpsOfEngineersSupportCostElement" set-method="setCorpsOfEngineersSupportCostElement" usage="optional"/>
			<structure name="OtherInHouseSupport" map-as="ProductionSupportFacilityProjectCostElementMapping" get-method="getOtherInHouseSupportCostElement" set-method="setOtherInHouseSupportCostElement" usage="optional"/>
			<structure name="TotalFacilityProject" map-as="ProductionSupportFacilityProjectCostElementMapping" get-method="getTotalFacilityProjectCostElement" set-method="setTotalFacilityProjectCostElement" usage="optional"/>
			<structure name="Other" map-as="ProductionSupportFacilityProjectCostElementWithSubElementsMapping" get-method="getOtherCostElement" set-method="setOtherCostElement" usage="optional"/>
		</structure>
		<collection name="RelatedProjectList" add-method="addToRelatedProjectList" iter-method="jibx_RelatedProjectListIterator" test-method="jibx_hasRelatedProjectList" usage="optional" item-type="mil.dtic.cbes.p40.vo.ProductionSupportFacilityProjectRelatedProject">
			<structure name="RelatedProject" map-as="RelatedProjectMapping"/>
		</collection>
		<structure name="MilestoneList" test-method="jibx_isMilestone" usage="optional">
			<value style="element" name="ConceptDesignComplete" get-method="getConceptDesignComplete" set-method="setConceptDesignComplete" format="MonthYearConversionFormat" usage="optional"/>
			<value style="element" name="FinalDesignComplete" get-method="getFinalDesignComplete" set-method="setFinalDesignComplete" format="MonthYearConversionFormat" usage="optional"/>
			<value style="element" name="InitialProjectAward" get-method="getInitialProjectAward" set-method="setInitialProjectAward" format="MonthYearConversionFormat" usage="optional"/>
			<value style="element" name="FinalProjectAward" get-method="getFinalProjectAward" set-method="setFinalProjectAward" format="MonthYearConversionFormat" usage="optional"/>
			<value style="element" name="ConstructionComplete" get-method="getConstructionComplete" set-method="setConstructionComplete" format="MonthYearConversionFormat" usage="optional"/>
			<value style="element" name="EquipmentInstallationComplete" get-method="getEquipmentInstallationComplete" set-method="setEquipmentInstallationComplete" format="MonthYearConversionFormat" usage="optional"/>
			<value style="element" name="ProveOutBegins" get-method="getProveOutBegins" set-method="setProveOutBegins" format="MonthYearConversionFormat" usage="optional"/>
			<value style="element" name="ProveOutComplete" get-method="getProveOutComplete" set-method="setProveOutComplete" format="MonthYearConversionFormat" usage="optional"/>
		</structure>
		<value style="element" name="NarrativeExplanation" get-method="getNarrative" set-method="setNarrative" usage="optional"/>
		<value style="attribute" name="projectCategoryName" get-method="getCategory" set-method="setCategory" usage="optional"/>
	</mapping>
	<mapping type-name="ProductionSupportFacilityProjectCostElementMapping" class="mil.dtic.cbes.p40.vo.ProductionSupportFacilityProjectCostElement" factory="mil.P40CayenneJibxFactory.productionSupportFacilityProjectCostElement" abstract="true">
		<structure map-as="FacilityCostListTypeMapping" get-method="getCosts" set-method="setCosts"/>
	</mapping>
	<mapping type-name="ProductionSupportFacilityProjectCostElementWithSubElementsMapping" class="mil.dtic.cbes.p40.vo.ProductionSupportFacilityProjectCostElement" factory="mil.P40CayenneJibxFactory.productionSupportFacilityProjectCostElement" abstract="true">
		<structure map-as="FacilityCostListTypeMapping" get-method="getCosts" set-method="setCosts"/>
		<collection name="FacilityCostSubElementList" get-method="getCostElementItemList" set-method="setCostElementItemList" create-type="java.util.ArrayList" test-method="jibx_isCostSubElement" usage="optional">
			<structure name="FacilityCostSubElement" map-as="ProductionSupportFacilityProjectCostElementSubElementMapping"/>
		</collection>
	</mapping>
	<mapping type-name="ProductionSupportFacilityProjectCostElementSubElementMapping" class="mil.dtic.cbes.p40.vo.ProductionSupportFacilityProjectCostElementItem" factory="mil.P40CayenneJibxFactory.productionSupportFacilityProjectCostElementItem" abstract="true">
		<structure map-as="FacilityCostListTypeMapping" get-method="getCosts" set-method="setCosts"/>
		<value style="element" name="Name" get-method="getTitle" set-method="setTitle"/>
	</mapping>
	<mapping type-name="RelatedProjectMapping" class="mil.dtic.cbes.p40.vo.ProductionSupportFacilityProjectRelatedProject" factory="mil.P40CayenneJibxFactory.productionSupportFacilityProjectRelatedProject" abstract="true">
		<value style="element" name="ProjectNumber" get-method="getCode" set-method="setCode"/>
		<value style="element" name="ProjectTitle" get-method="getTitle" set-method="setTitle"/>
		<value style="element" name="FiscalYear" get-method="getFiscalYear" set-method="setFiscalYear"/>
		<value style="element" name="Appropriation" get-method="getAppropriationCode" set-method="setAppropriationCode" usage="optional"/>
		<value style="element" name="Value" get-method="getValue" set-method="setValue"/>
		<value style="element" name="Facing" get-method="getFacing" set-method="setFacing" usage="optional"/>
		<value style="element" name="StartDate" get-method="getStartDate" set-method="setStartDate" format="MonthYearConversionFormat" usage="optional"/>
		<value style="element" name="CompletionDate" get-method="getCompletionDate" set-method="setCompletionDate" format="MonthYearConversionFormat" usage="optional"/>
	</mapping>
	<mapping type-name="LayawayFacilityProjectMapping" class="mil.dtic.cbes.p40.vo.LayawayDistributionProject" factory="mil.P40CayenneJibxFactory.layawayFacilityProject" abstract="true">
		<structure name="Cost" map-as="FacilityCostListExtendedTypeMapping" get-method="getCosts" set-method="setCosts"/>
		<value style="element" name="Number" get-method="getCode" set-method="setCode"/>
		<value style="element" name="Title" get-method="getTitle" set-method="setTitle"/>
		<structure name="ProductionLinesLayaway" usage="optional" test-method="jibx_hasProductionLinesLayaway">
			<value style="element" name="Name" get-method="getProductionLinesLaidAwayName" set-method="setProductionLinesLaidAwayName"/>
			<value style="element" name="Location" get-method="getProductionLinesLaidAwayLocation" set-method="setProductionLinesLaidAwayLocation" usage="optional"/>
		</structure>
		<value style="element" name="ProductionEnd" get-method="getProductionEnds" set-method="setProductionEnds" usage="optional"/>
		<value style="element" name="LayawayCost" get-method="getLayawayCost" set-method="setLayawayCost" usage="optional"/>
		<value style="element" name="OtherCosts" get-method="getOtherCosts" set-method="setOtherCosts" usage="optional"/>
		<value style="element" name="AnnualMaintenanceCost" get-method="getAnnualMaintenanceCost" set-method="setAnnualMaintenanceCost" usage="optional"/>
		<value style="element" name="Description" get-method="getDescription" set-method="setDescription" usage="optional"/>
		<value style="attribute" name="projectCategoryName" get-method="getCategory" set-method="setCategory" usage="optional"/>
	</mapping>
	<mapping type-name="InactiveFacilityProjectMapping" class="mil.dtic.cbes.p40.vo.InactiveIndustrialFacilityProject" factory="mil.P40CayenneJibxFactory.inactiveFacilityProject" abstract="true" post-set="jibx_postSet">
		<value style="element" name="Type" get-method="getCategory" set-method="setCategory"/>
		<value style="element" name="Contractor" get-method="getContractor" set-method="setContractor" usage="optional"/>
		<value style="element" name="Description" get-method="getDescription" set-method="setDescription" usage="optional"/>
		<structure name="CostList">
			<structure name="Maintenance" map-as="FacilityCostListExtendedTypeMapping" get-method="getMaintenanceCost" set-method="setMaintenanceCost" usage="optional"/>
			<structure name="Recurring" map-as="FacilityCostListExtendedTypeMapping" get-method="getRecurringCost" set-method="setRecurringCost" usage="optional"/>
			<structure name="Environmental" map-as="FacilityCostListExtendedTypeMapping" get-method="getEnvironmentalCost" set-method="setEnvironmentalCost" usage="optional"/>
			<structure name="Other" map-as="FacilityCostListExtendedTypeMapping" get-method="getOtherCost" set-method="setOtherCost" usage="optional"/>
			<structure name="Total" map-as="FacilityCostListExtendedTypeMapping" get-method="getCosts" set-method="setCosts"/>
		</structure>
	</mapping>
	<mapping type-name="FacilityCostListTypeMapping" class="mil.dtic.cbes.p40.vo.Costs" factory="mil.P40CayenneJibxFactory.costs" abstract="true">
		<structure name="PriorYear" usage="optional" test-method="jibx_isPriorYear">
			<value style="element" name="TotalCost" get-method="getPriorYear" set-method="setPriorYear" usage="optional" type="java.math.BigDecimal" />
		</structure>
		<structure name="CurrentYear" usage="optional" test-method="jibx_isCurrentYear">
			<value style="element" name="TotalCost" get-method="getCurrentYear" set-method="setCurrentYear" usage="optional" type="java.math.BigDecimal" />
		</structure>
		<structure name="BudgetYearOneBase" usage="optional" test-method="jibx_isBy1Base">
			<value style="element" name="TotalCost" get-method="getBy1Base" set-method="setBy1Base" usage="optional" type="java.math.BigDecimal" />
		</structure>
		<structure name="BudgetYearOneOOC" usage="optional" test-method="jibx_isBy1Ooc">
			<value style="element" name="TotalCost" get-method="getBy1Ooc" set-method="setBy1Ooc" usage="optional" type="java.math.BigDecimal" />
		</structure>				
		<structure name="BudgetYearOne" usage="optional" test-method="jibx_isBy1">
			<value style="element" name="TotalCost" get-method="getBy1" set-method="setBy1" usage="optional" type="java.math.BigDecimal" />
		</structure>
	</mapping>
	<mapping type-name="FacilityCostListExtendedTypeMapping" class="mil.dtic.cbes.p40.vo.Costs" factory="mil.P40CayenneJibxFactory.costs" abstract="true">
		<structure name="AllPriorYears" usage="optional" test-method="jibx_isPriorYears">
			<value style="element" name="TotalCost" get-method="getPriorYears" set-method="setPriorYears" usage="optional" type="java.math.BigDecimal" />
		</structure>
		<structure name="PriorYear" usage="optional" test-method="jibx_isPriorYear">
			<value style="element" name="TotalCost" get-method="getPriorYear" set-method="setPriorYear" usage="optional" type="java.math.BigDecimal" />
		</structure>
		<structure name="CurrentYear" usage="optional" test-method="jibx_isCurrentYear">
			<value style="element" name="TotalCost" get-method="getCurrentYear" set-method="setCurrentYear" usage="optional" type="java.math.BigDecimal" />
		</structure>
		<structure name="BudgetYearOneBase" usage="optional" test-method="jibx_isBy1Base">
			<value style="element" name="TotalCost" get-method="getBy1Base" set-method="setBy1Base" usage="optional" type="java.math.BigDecimal" />
		</structure>
		<structure name="BudgetYearOneOOC" usage="optional" test-method="jibx_isBy1Ooc">
			<value style="element" name="TotalCost" get-method="getBy1Ooc" set-method="setBy1Ooc" usage="optional" type="java.math.BigDecimal" />
		</structure>		
		<structure name="BudgetYearOne" usage="optional" test-method="jibx_isBy1">
			<value style="element" name="TotalCost" get-method="getBy1" set-method="setBy1" usage="optional" type="java.math.BigDecimal" />
		</structure>
		<structure name="BudgetYearTwo" usage="optional" test-method="jibx_isBy2">
			<value style="element" name="TotalCost" get-method="getBy2" set-method="setBy2" usage="optional" type="java.math.BigDecimal" />
		</structure>
		<structure name="BudgetYearThree" usage="optional" test-method="jibx_isBy3">
			<value style="element" name="TotalCost" get-method="getBy3" set-method="setBy3" usage="optional" type="java.math.BigDecimal" />
		</structure>
		<structure name="BudgetYearFour" usage="optional" test-method="jibx_isBy4">
			<value style="element" name="TotalCost" get-method="getBy4" set-method="setBy4" usage="optional" type="java.math.BigDecimal" />
		</structure>
		<structure name="BudgetYearFive" usage="optional" test-method="jibx_isBy5">
			<value style="element" name="TotalCost" get-method="getBy5" set-method="setBy5" usage="optional" type="java.math.BigDecimal" />
		</structure>
		<structure name="ToComplete" usage="optional" test-method="jibx_isToComplete">
			<value style="element" name="TotalCost" get-method="getToComplete" set-method="setToComplete" usage="optional" type="java.math.BigDecimal" />
		</structure>
		<structure name="Total" usage="optional" test-method="jibx_isTotal">
			<value style="element" name="TotalCost" get-method="getTotal" set-method="setTotal" usage="optional" type="java.math.BigDecimal" />
		</structure>
		<value style="element" name="Continuing" get-method="isContinuing" set-method="setContinuing" usage="optional" />
	</mapping>
</binding>
