<?xml version="1.0" encoding="UTF-8"?>
<binding name="MYPGroupBinding" package="mil.dtic.cbes.p40.vo" trim-whitespace="true" xmlns:proc="http://www.dtic.mil/comptroller/xml/schema/20100219/procurement" xmlns:xsi="http://www.w3.org/2001/XMLSchema-instance">
  <namespace prefix="proc" uri="http://www.dtic.mil/comptroller/xml/schema/20100219/procurement" default="elements"/>

  <mapping name="MultiYearProcurementList" class="mil.dtic.cbes.p40.vo.jibx.MultiYearProcurementList"> 
    <collection get-method="getMultiYearProcurements" set-method="setMultiYearProcurements" item-type="mil.dtic.cbes.p40.vo.MultiYearProcurement" create-type="java.util.ArrayList">
      <structure name="MultiYearProcurement" map-as="MultiYearProcurement" type="mil.dtic.cbes.p40.vo.MultiYearProcurement"/>
    </collection>
  </mapping>
  
  <mapping abstract="true" type-name="MultiYearProcurement" class="mil.dtic.cbes.p40.vo.MultiYearProcurement">
    <value style="attribute" name="quantityUnits" field="quantityUnits"/>
    <value style="attribute" name="quantityUnitName" field="quantityUnitName" usage="optional"/>
    <value style="attribute" name="unitCostUnits" field="unitCostUnits"/>
    <value style="attribute" name="totalCostUnits" field="totalCostUnits"/>
    <value style="attribute" name="manufacturerRateUnits" get-method="jibx_getManufacturerRateUnits" set-method="jibx_setManufacturerRateUnits" usage="optional"/>
    <value name="BudgetYear" get-method="getBudgetYear" set-method="setBudgetYear"/>
    <structure get-method="getLineItemPostprocessData" set-method="setLineItemPostprocessData" type="mil.dtic.cbes.p40.vo.jibx.LineItemPostprocessData">
      <value style="element" name="MYPPurchasingServiceAgency" field="serviceAgencyName" />
      <value style="element" name="MYPAppropriationNumber" field="appropriationNumber" />
      <value style="element" name="MYPAppropriationTitle" field="appropriationTitle" />
      <value style="element" name="MYPBudgetActivityNumber" field="budgetActivityNumber" />
      <value style="element" name="MYPBudgetActivityTitle" field="budgetActivityTitle" />
    </structure>
    <value name="SubmissionDate" get-method="getSubmissionDate" set-method="setSubmissionDate" format="MonthYearConversionFormat"/>
    <value name="MYPSystemName" get-method="getSystemName" set-method="setSystemName"/>
    <collection name="MYPAgencyFundingList" add-method="addToMYPAgencyFundingDetailsList" iter-method="jibx_MYPAgencyFundingDetailsListIterator" item-type="mil.dtic.cbes.p40.vo.MYPAgencyFundingDetails">
      <structure name="MYPAgencyFundingDetails" map-as="MYPAgencyFundingDetailsType"/>
    </collection>
    <structure name="MultiYearProcurementCriteria" get-method="getMultiYearProcurementCriteria" set-method="setMultiYearProcurementCriteria" map-as="MultiYearProcurementCriteriaType"/>
    <structure name="MYPFundingDocumentsSubtotal" usage="optional">
      <structure name="TotalProgramFundingPlan" map-as="MultiYearProcurementFundingPlanType" get-method="getTotalProgramFundingPlan" set-method="setTotalProgramFundingPlan" usage="optional"/>
      <structure name="ContractFundingPlan" map-as="MultiYearProcurementFundingPlanType" get-method="getContractFundingPlan" set-method="setContractFundingPlan" usage="optional"/>
      <structure name="PresentValueAnalysis" map-as="PresentValueAnalysisType" get-method="getPresentValueAnalysis" set-method="setPresentValueAnalysis" usage="optional"/>
      <collection name="MYPLineItemDetailsList" add-method="addToMYPLineItemDetailsList" iter-method="jibx_MYPLineItemDetailsListIterator" test-method="jibx_hasMYPLineItemDetails" item-type="mil.dtic.cbes.p40.vo.MYPLineItemDetails" usage="optional">
        <structure name="MYPLineItemDetails" map-as="MYPLineItemDetailsType" usage="optional"/>
      </collection>
    </structure>
  </mapping> 

  <mapping abstract="true" type-name="MYPAgencyFundingDetailsType" class="mil.dtic.cbes.p40.vo.MYPAgencyFundingDetails">
    <value style="element" name="ServiceAgencyName" field="serviceAgencyName"/>
    <value style="element" name="AppropriationNumber" field="appropriationNumber"/>
    <structure name="MYPFundingDocumentsForAgency">
      <structure name="TotalProgramFundingPlan" map-as="MultiYearProcurementFundingPlanType" get-method="getTotalProgramFundingPlan" set-method="setTotalProgramFundingPlan"/>
      <structure name="ContractFundingPlan" map-as="MultiYearProcurementFundingPlanType" get-method="getContractFundingPlan" set-method="setContractFundingPlan"/>
      <structure name="PresentValueAnalysis" map-as="PresentValueAnalysisType" get-method="getPresentValueAnalysis" set-method="setPresentValueAnalysis"/>
      <collection name="MYPLineItemDetailsList" add-method="addToMYPLineItemDetailsList" iter-method="jibx_MYPLineItemDetailsListIterator" test-method="jibx_hasLineItemDetails" item-type="mil.dtic.cbes.p40.vo.MYPLineItemDetails" usage="optional">
        <structure name="MYPLineItemDetails" map-as="MYPLineItemDetailsType"/>
      </collection>
    </structure>
  </mapping>
  
  <mapping abstract="true" type-name="MYPLineItemDetailsType" class="mil.dtic.cbes.p40.vo.MYPLineItemDetails">
    <value style="element" name="BudgetActivityNumber" field="budgetActivityNumber"/>
    <value style="element" name="BudgetSubActivityNumber" field="budgetSubActivityNumber"/>
    <value style="element" name="MYPLineItemNumber" field="lineItemNumber"/>
  </mapping>
  
  <!-- MYP Exhibit 1 -->
  <mapping abstract="true" type-name="MultiYearProcurementCriteriaType" class="mil.dtic.cbes.p40.vo.MultiYearProcurementCriteria">
    <value style="element" name="Description" field="description" usage="optional"/>
    <structure name="BenefitToTheGovt">
      <value style="element" name="SubstantialSavings" field="substantialSavings" usage="optional"/>
      <value style="element" name="StabilityOfRequirement" field="stabilityOfRequirement" usage="optional"/>
      <value style="element" name="StabilityOfFunding" field="stabilityOfFunding" usage="optional"/>
      <value style="element" name="StableDesign" field="stableDesign" usage="optional"/>
      <value style="element" name="RealisticCostEstimates" field="realisticCostEstimates" usage="optional"/>
      <value style="element" name="NationalSecurity" field="nationalSecurity" usage="optional"/>
    </structure>
    <structure name="SourceOfSavings">
      <value style="element" name="SourceOfSavingsDescription" field="sourceOfSavingsDescription" usage="optional"/>
      <structure name="Inflation" get-method="getInflation" set-method="setInflation" usage="optional" map-as="DollarAmountType"/>
      <structure name="VendorProcurement" get-method="getVendorProcurement" set-method="setVendorProcurement" usage="optional" map-as="DollarAmountType"/>
      <structure name="Manufacturing" get-method="getManufacturing" set-method="setManufacturing" usage="optional" map-as="DollarAmountType"/>
      <structure name="DesignEngineering" get-method="getDesignEngineering" set-method="setDesignEngineering" usage="optional" map-as="DollarAmountType"/>
      <structure name="ToolDesign" get-method="getToolDesign" set-method="setToolDesign" usage="optional" map-as="DollarAmountType"/>
      <structure name="SupportEquipment" get-method="getSupportEquipment" set-method="setSupportEquipment" usage="optional" map-as="DollarAmountType"/>
      <structure name="Other" get-method="getOther" set-method="setOther" usage="optional" map-as="DollarAmountType"/>
      <structure name="WorkloadSavings" get-method="getWorkloadSavings" set-method="setWorkloadSavings" usage="optional" map-as="DollarAmountType"/>
      <structure name="Total" get-method="getTotal" set-method="setTotal" usage="optional" map-as="DollarAmountType"/>
    </structure>
    <value style="element" name="Advantages" field="advantages" usage="optional"/>
    <value style="element" name="ImpactOnDIB" field="impactOnDefenseIndustrialBase" usage="optional"/>
    <structure name="MYPSummary">
      <structure name="AnnualContracts">
        <structure name="Quantity" get-method="getAnnualQuantity" set-method="setAnnualQuantity" usage="optional" map-as="DollarAmountType"/>
        <structure name="Total" get-method="getAnnualTotal" set-method="setAnnualTotal" usage="optional" map-as="DollarAmountType"/>
        <structure name="FundedCancellation" get-method="getAnnualFundedCancellation" set-method="setAnnualFundedCancellation" usage="optional" map-as="DollarAmountType"/>
        <structure name="UnfundedCancellation" get-method="getAnnualUnfundedCancellation" set-method="setAnnualUnfundedCancellation" usage="optional" map-as="DollarAmountType"/>
        <structure name="CostAvoidance" get-method="getAnnualCostAvoidance" set-method="setAnnualCostAvoidance" usage="optional" map-as="DollarAmountType"/>
        <structure name="PercentCostAvoidance" get-method="getAnnualPercentCostAvoidance" set-method="setAnnualPercentCostAvoidance" usage="optional" map-as="DollarAmountType"/>
      </structure>
      <structure name="MYPContract">
        <structure name="Quantity" get-method="getMultiYearQuantity" set-method="setMultiYearQuantity" usage="optional" map-as="DollarAmountType"/>
        <structure name="Total" get-method="getMultiYearTotal" set-method="setMultiYearTotal" usage="optional" map-as="DollarAmountType"/>
        <structure name="FundedCancellation" get-method="getMultiYearFundedCancellation" set-method="setMultiYearFundedCancellation" usage="optional" map-as="DollarAmountType"/>
        <structure name="UnfundedCancellation" get-method="getMultiYearUnfundedCancellation" set-method="setMultiYearUnfundedCancellation" usage="optional" map-as="DollarAmountType"/>
        <structure name="CostAvoidance" get-method="getMultiYearCostAvoidance" set-method="setMultiYearCostAvoidance" usage="optional" map-as="DollarAmountType"/>
        <structure name="PercentCostAvoidance" get-method="getMultiYearPercentCostAvoidance" set-method="setMultiYearPercentCostAvoidance" usage="optional" map-as="DollarAmountType"/>
      </structure>
    </structure>
  </mapping>
  
  <!-- MYP Exhibits 2 & 3 -->
  <mapping abstract="true" type-name="MultiYearProcurementFundingPlanType" class="mil.dtic.cbes.p40.vo.MultiYearProcurementFundingPlanType">
    <structure name="AnnualCosts" map-as="MultiyearProcurementResourceSummary" get-method="getAnnualCosts" set-method="setAnnualCosts" usage="optional"/>
    <structure name="MultiyearProcurement">
      <structure name="MultiyearCosts" map-as="MultiyearProcurementResourceSummary" get-method="getMultiyearCosts" set-method="setMultiyearCosts"/>
      <collection name="AdvanceProcurementList" add-method="addToAdvanceProcurementList" iter-method="jibx_AdvanceProcurementListIterator" test-method="jibx_hasAdvancedProcurement" item-type="mil.dtic.cbes.p40.vo.MultiyearAdvanceProcurementType" usage="optional">
        <structure name="AdvanceProcurement">
          <structure map-as="YearWithFootnoteType" get-method="getYear" set-method="setYear" name="Year" usage="optional"/>
          <structure map-as="MultiyearCostType" get-method="getCost" set-method="setCost" name="Cost" usage="optional"/>
        </structure>
      </collection>
    </structure>
    <structure name="MultiyearSavings">
      <structure name="MultiyearSavingsAmount" map-as="MultiyearCostType" get-method="getMultiyearSavings" set-method="setMultiyearSavings" usage="optional"/>
      <structure name="MultiyearSavingsPercent" test-method="jibx_hasMultiyearSavingsPercent" usage="optional">
        <value style="text" get-method="getMultiyearSavingsPercent" set-method="setMultiyearSavingsPercent"/>
        <value style="attribute" name="footnote" get-method="getMultiyearSavingsPercentFootnote" set-method="setMultiyearSavingsPercentFootnote" usage="optional" />
      </structure>
      <structure name="CancellationCeilingFunded" map-as="MultiyearCostType" get-method="getCancellationCeilingFunded" set-method="setCancellationCeilingFunded" usage="optional"/>
      <structure name="CancellationCeilingUnfunded" map-as="MultiyearCostType" get-method="getCancellationCeilingUnfunded" set-method="setCancellationCeilingUnfunded" usage="optional"/>
    </structure>
    <structure name="Outlays">
      <structure name="Annual" map-as="HugeMultiyearCostType" get-method="getAnnualOutlay" set-method="setAnnualOutlay" usage="optional"/>
      <structure name="Multiyear" map-as="HugeMultiyearCostType" get-method="getMultiyearOutlay" set-method="setMultiyearOutlay" usage="optional"/>
      <structure name="Savings" map-as="HugeMultiyearCostType" get-method="getSavingsOutlay" set-method="setSavingsOutlay" usage="optional"/>
    </structure>
  </mapping>
  
  <!-- MYP Exhibit 4 -->
  <mapping abstract="true" type-name="PresentValueAnalysisType" class="mil.dtic.cbes.p40.vo.MultiYearProcurementValueAnalysis">
    <structure name="AnnualProposal">
      <structure name="ThenYearCost" map-as="HugeMultiyearCostType" get-method="getAnnualThenYearCost" set-method="setAnnualThenYearCost" usage="optional"/>
      <structure name="ConstantYearCost" map-as="HugeMultiyearCostType" get-method="getAnnualConstantYearCost" set-method="setAnnualConstantYearCost" usage="optional"/>
      <structure name="PresentValue" map-as="HugeMultiyearCostType" get-method="getAnnualPresentValue" set-method="setAnnualPresentValue" usage="optional"/>
    </structure>
    <structure name="MultiyearProposal">
      <structure name="ThenYearCost" map-as="HugeMultiyearCostType" get-method="getMultiyearThenYearCost" set-method="setMultiyearThenYearCost" usage="optional"/>
      <structure name="ConstantYearCost" map-as="HugeMultiyearCostType" get-method="getMultiyearConstantYearCost" set-method="setMultiyearConstantYearCost" usage="optional"/>
      <structure name="PresentValue" map-as="HugeMultiyearCostType" get-method="getMultiyearPresentValue" set-method="setMultiyearPresentValue" usage="optional"/>
    </structure>
    <structure name="Difference">
      <structure name="ThenYearCost" map-as="HugeMultiyearCostType" get-method="getDifferenceThenYearCost" set-method="setDifferenceThenYearCost" usage="optional"/>
      <structure name="ConstantYearCost" map-as="HugeMultiyearCostType" get-method="getDifferenceConstantYearCost" set-method="setDifferenceConstantYearCost" usage="optional"/>
      <structure name="PresentValue" map-as="HugeMultiyearCostType" get-method="getDifferencePresentValue" set-method="setDifferencePresentValue" usage="optional"/>
    </structure>
    <structure name="Savings" map-as="HugeMultiyearCostType" get-method="getSavings" set-method="setSavings" usage="optional"/>
    <value style="element" name="Remarks" get-method="getRemarks" set-method="setRemarks"/>
  </mapping>
  
  <mapping abstract="true" type-name="MultiyearProcurementResourceSummary" class="mil.dtic.cbes.p40.vo.MultiyearProcurementResourceSummary">
    <structure map-as="MultiyearCostType" get-method="getGrossCost" set-method="setGrossCost" name="TotalCost" usage="optional"/>
    <structure map-as="MultiyearCostType" get-method="getPriorYearAdvanceProcurement" set-method="setPriorYearAdvanceProcurement" name="PYAdvanceProcurement" usage="optional"/>
    <structure map-as="MultiyearCostType" get-method="getNetProcurement" set-method="setNetProcurement" name="NetProcurementP1" usage="optional"/>
    <structure map-as="MultiyearCostType" get-method="getCurrentYearAdvanceProcurement" set-method="setCurrentYearAdvanceProcurement" name="CYAdvanceProcurement" usage="optional"/>
    <structure map-as="MultiyearCostType" get-method="getWeaponSystemCost" set-method="setWeaponSystemCost" name="TotalObligationAuthority" usage="optional"/>
    <structure map-as="MultiyearCostType" get-method="getQuantity" set-method="setQuantity" name="Quantity" usage="optional"/>
  </mapping>
  
  <mapping abstract="true" type-name="MultiyearCostType" class="mil.dtic.cbes.p40.vo.MultiyearCostType">
    <structure map-as="DollarAmountType" get-method="getAllPriorYears" set-method="setAllPriorYears" usage="optional" name="AllPriorYears"/>
    <structure map-as="DollarAmountType" get-method="getPriorYear" set-method="setPriorYear" usage="optional" name="PriorYear"/>
    <structure map-as="DollarAmountType" get-method="getCurrentYear" set-method="setCurrentYear" usage="optional" name="CurrentYear"/>
    <structure map-as="DollarAmountType" get-method="getBudgetYearOne" set-method="setBudgetYearOne" usage="optional" name="BudgetYearOne"/>
    <structure map-as="DollarAmountType" get-method="getBudgetYearTwo" set-method="setBudgetYearTwo" usage="optional" name="BudgetYearTwo"/>
    <structure map-as="DollarAmountType" get-method="getBudgetYearThree" set-method="setBudgetYearThree" usage="optional" name="BudgetYearThree"/>
    <structure map-as="DollarAmountType" get-method="getBudgetYearFour" set-method="setBudgetYearFour" usage="optional" name="BudgetYearFour"/>
    <structure map-as="DollarAmountType" get-method="getBudgetYearFive" set-method="setBudgetYearFive" usage="optional" name="BudgetYearFive"/>
    <structure map-as="DollarAmountType" get-method="getTotal" set-method="setTotal" usage="optional" name="Total"/>
  </mapping>
  
  <mapping abstract="true" type-name="HugeMultiyearCostType" class="mil.dtic.cbes.p40.vo.HugeMultiyearCostType">
    <structure map-as="DollarAmountType" get-method="getAllPriorYears" set-method="setAllPriorYears" usage="optional" name="AllPriorYears"/>
    <structure map-as="DollarAmountType" get-method="getPriorYear" set-method="setPriorYear" usage="optional" name="PriorYear"/>
    <structure map-as="DollarAmountType" get-method="getCurrentYear" set-method="setCurrentYear" usage="optional" name="CurrentYear"/>
    <structure map-as="DollarAmountType" get-method="getBudgetYearOne" set-method="setBudgetYearOne" usage="optional" name="BudgetYearOne"/>
    <structure map-as="DollarAmountType" get-method="getBudgetYearTwo" set-method="setBudgetYearTwo" usage="optional" name="BudgetYearTwo"/>
    <structure map-as="DollarAmountType" get-method="getBudgetYearThree" set-method="setBudgetYearThree" usage="optional" name="BudgetYearThree"/>
    <structure map-as="DollarAmountType" get-method="getBudgetYearFour" set-method="setBudgetYearFour" usage="optional" name="BudgetYearFour"/>
    <structure map-as="DollarAmountType" get-method="getBudgetYearFive" set-method="setBudgetYearFive" usage="optional" name="BudgetYearFive"/>
    <structure map-as="DollarAmountType" get-method="getBudgetYearSix" set-method="setBudgetYearSix" usage="optional" name="BudgetYearSix"/>
    <structure map-as="DollarAmountType" get-method="getBudgetYearSeven" set-method="setBudgetYearSeven" usage="optional" name="BudgetYearSeven"/>
    <structure map-as="DollarAmountType" get-method="getBudgetYearEight" set-method="setBudgetYearEight" usage="optional" name="BudgetYearEight"/>
    <structure map-as="DollarAmountType" get-method="getBudgetYearNine" set-method="setBudgetYearNine" usage="optional" name="BudgetYearNine"/>
    <structure map-as="DollarAmountType" get-method="getBudgetYearTen" set-method="setBudgetYearTen" usage="optional" name="BudgetYearTen"/>
    <structure map-as="DollarAmountType" get-method="getBudgetYearEleven" set-method="setBudgetYearEleven" usage="optional" name="BudgetYearEleven"/>
    <structure map-as="DollarAmountType" get-method="getBudgetYearTwelve" set-method="setBudgetYearTwelve" usage="optional" name="BudgetYearTwelve"/>
    <structure map-as="DollarAmountType" get-method="getBudgetYearThirteen" set-method="setBudgetYearThirteen" usage="optional" name="BudgetYearThirteen"/>
    <structure map-as="DollarAmountType" get-method="getBudgetYearFourteen" set-method="setBudgetYearFourteen" usage="optional" name="BudgetYearFourteen"/>
    <structure map-as="DollarAmountType" get-method="getBudgetYearFifteen" set-method="setBudgetYearFifteen" usage="optional" name="BudgetYearFifteen"/>
    <structure map-as="DollarAmountType" get-method="getBudgetYearSixteen" set-method="setBudgetYearSixteen" usage="optional" name="BudgetYearSixteen"/>
    <structure map-as="DollarAmountType" get-method="getBudgetYearSeventeen" set-method="setBudgetYearSeventeen" usage="optional" name="BudgetYearSeventeen"/>
    <structure map-as="DollarAmountType" get-method="getBudgetYearEighteen" set-method="setBudgetYearEighteen" usage="optional" name="BudgetYearEighteen"/>
    <structure map-as="DollarAmountType" get-method="getBudgetYearNineteen" set-method="setBudgetYearNineteen" usage="optional" name="BudgetYearNineteen"/>
    <structure map-as="DollarAmountType" get-method="getBudgetYearTwenty" set-method="setBudgetYearTwenty" usage="optional" name="BudgetYearTwenty"/>
    <structure map-as="DollarAmountType" get-method="getBudgetYearTwentyOne" set-method="setBudgetYearTwentyOne" usage="optional" name="BudgetYearTwentyOne"/>
    <structure map-as="DollarAmountType" get-method="getBudgetYearTwentyTwo" set-method="setBudgetYearTwentyTwo" usage="optional" name="BudgetYearTwentyTwo"/>
    <structure map-as="DollarAmountType" get-method="getBudgetYearTwentyThree" set-method="setBudgetYearTwentyThree" usage="optional" name="BudgetYearTwentyThree"/>
    <structure map-as="DollarAmountType" get-method="getBudgetYearTwentyFour" set-method="setBudgetYearTwentyFour" usage="optional" name="BudgetYearTwentyFour"/>
    <structure map-as="DollarAmountType" get-method="getBudgetYearTwentyFive" set-method="setBudgetYearTwentyFive" usage="optional" name="BudgetYearTwentyFive"/>
    <structure map-as="DollarAmountType" get-method="getBudgetYearTwentySix" set-method="setBudgetYearTwentySix" usage="optional" name="BudgetYearTwentySix"/>
    <structure map-as="DollarAmountType" get-method="getBudgetYearTwentySeven" set-method="setBudgetYearTwentySeven" usage="optional" name="BudgetYearTwentySeven"/>
    <structure map-as="DollarAmountType" get-method="getBudgetYearTwentyEight" set-method="setBudgetYearTwentyEight" usage="optional" name="BudgetYearTwentyEight"/>
    <structure map-as="DollarAmountType" get-method="getBudgetYearTwentyNine" set-method="setBudgetYearTwentyNine" usage="optional" name="BudgetYearTwentyNine"/>
    <structure map-as="DollarAmountType" get-method="getBudgetYearThirty" set-method="setBudgetYearThirty" usage="optional" name="BudgetYearThirty"/>
    <structure map-as="DollarAmountType" get-method="getTotal" set-method="setTotal" usage="optional" name="Total"/>
  </mapping>
  
  <mapping abstract="true" type-name="DollarAmountType" class="mil.dtic.cbes.p40.vo.DollarAmountType">
    <value style="text" get-method="getDecimal" set-method="setDecimal"/>
    <value style="attribute" name="footnote" get-method="getFootnote" set-method="setFootnote" usage="optional"/>
  </mapping>
  
  <mapping abstract="true" type-name="YearWithFootnoteType" class="mil.dtic.cbes.p40.vo.YearWithFootnoteType">
    <value style="text" get-method="getInteger" set-method="setInteger"/>
    <value style="attribute" name="footnote" get-method="getFootnote" set-method="setFootnote" usage="optional"/>
  </mapping>
</binding>
