<?xml version="1.0" encoding="UTF-8"?>
<!-- $Id: p40binding.xml 54112 2011-05-05 14:59:19Z aahmed $ -->
<binding name="P40SparesXmlJavaBinding" package="mil.dtic.cbes.p40.vo" trim-whitespace="true" xmlns:proc="http://www.dtic.mil/comptroller/xml/schema/20100219/procurement" xmlns:xsi="http://www.w3.org/2001/XMLSchema-instance">
  <mapping name="P18Item" class="mil.dtic.cbes.p40.vo.SparesRequirement" factory="mil.P40CayenneJibxFactory.sparesRequirement">
    <structure name="Name" usage="optional">
      <value style="attribute" name="footnote" get-method="getNameFootnote" set-method="setNameFootnote" usage="optional" />
      <value style="text" get-method="getName" set-method="setName" usage="optional"/>
    </structure>
    <structure name="InitialSpares" usage="optional" test-method="jibx_hasInitial" get-method="getInitialSparesList" set-method="setInitialSparesList" factory="mil.P40CayenneJibxFactory.sparesList">
      <structure map-as="SparesListMapping" />
    </structure>
    <structure name="ReplenishmentSpares" usage="optional" test-method="jibx_hasReplenishment" get-method="getReplenishmentSparesList" set-method="setReplenishmentSparesList" factory="mil.P40CayenneJibxFactory.sparesList">
      <structure map-as="SparesListMapping" />
    </structure>
    <value style="element" name="Remarks" get-method="getRemarks" set-method="setRemarks" usage="optional" />
    <structure name="WorkingCapitalFundSparesCost" get-method="getWorkingCapitalFundCosts" set-method="setWorkingCapitalFundCosts" usage="optional" test-method="jibx_hasWorkingCapitalFundCosts">
      <structure map-as="DollarCostListTypeMapping" />
    </structure>
    <structure name="VendorDirectSparesCost" get-method="getTotalExemptCosts" set-method="setTotalExemptCosts" usage="optional" test-method="jibx_hasTotalExemptCosts">
      <structure map-as="DollarCostListTypeMapping" />
    </structure>
    <structure name="TotalSparesCost" get-method="getTotalCosts" set-method="setTotalCosts" factory="mil.P40CayenneJibxFactory.costs" usage="optional" test-method="jibx_hasTotalCosts">
      <structure map-as="DollarCostListTypeMapping" />
    </structure>
	  <structure name="PriorYearsDelta" usage="optional" test-method="jibx_hasPysDelta">
      <structure map-as="PriorYearsDeltaMapping"/>    
    </structure>       
  </mapping>
  <mapping type-name="SparesListMapping" class="mil.dtic.cbes.p40.vo.SparesList" factory="mil.P40CayenneJibxFactory.sparesList" post-set="jibx_postSet" abstract="true">
    <collection add-method="addToSparesBudgetActivities" iter-method="jibx_SparesBudgetActivityIterator" item-type="mil.dtic.cbes.p40.vo.SparesBudgetActivity">
      <structure name="EndItemBudgetActivity" factory="mil.P40CayenneJibxFactory.sparesBudgetActivity" post-set="jibx_postSet">
        <value style="element" name="BudgetActivityNumber" get-method="getBudgetActivityNumber" set-method="setBudgetActivityNumber" />
        <value style="element" name="BudgetActivityTitle" get-method="getBudgetActivityTitle" set-method="setBudgetActivityTitle" />
        <collection name="EndItemList" add-method="addToSparesItems" iter-method="jibx_SparesItemIterator" item-type="mil.dtic.cbes.p40.vo.SparesItem">
          <structure name="EndItem" factory="mil.P40CayenneJibxFactory.sparesItem">
            <structure name="Name" usage="optional">
              <value style="attribute" name="footnote" get-method="getRemarks" set-method="setRemarks" usage="optional" />
              <value style="text" get-method="getName" set-method="setName" usage="optional" />
            </structure>
            <value style="element" name="LineItemNumber" get-method="getLineItemNumber" set-method="setLineItemNumber" usage="optional" />
            <structure name="Cost" get-method="getCosts" set-method="setCosts" factory="mil.P40CayenneJibxFactory.costs">
              <structure map-as="DollarCostListTypeMapping" />
            </structure>
		      <structure name="MDAPCode" test-method="jibx_hasMDAPCode" usage="optional">
		        <value style="text" get-method="getMdapCode" set-method="setMdapCode"/>
		        <value style="attribute" name="footnote" get-method="getMdapCodeFootnote" set-method="setMdapCodeFootnote" usage="optional" />
		      </structure>
          </structure>
        </collection>
      </structure>
    </collection>
    <structure name="SubtotalSparesCost" get-method="getSubtotalCosts" set-method="setSubtotalCosts" factory="mil.P40CayenneJibxFactory.costs" usage="optional" test-method="jibx_hasSubtotalCosts">
      <structure map-as="DollarCostListTypeMapping" />
    </structure>
  </mapping>
</binding>
