<assembly>
	<!-- xmlPackageVersions.txt file will only be included if a regular package 
		build has been executed already (or at the same time) since it is retrieved 
		from the target directory -->
	<id>myp-xmlpackage</id>
	<formats>
		<format>zip</format>
	</formats>
	<includeBaseDirectory>true</includeBaseDirectory>
	<baseDirectory>ComptrollerXmlExhibits/</baseDirectory>
	<fileSets>
		<fileSet>
			<directory>src/main/resources/xml/pb_2026/</directory>
			<outputDirectory>xml/pb_2026/</outputDirectory>
			<includes>
				<include>**/procurement-common.xsd</include>
				<include>**/procurement-multi-year.xsd</include>
				<include>**/procurement-multi-year-standalone.xsd</include>
				<include>xmlPackageVersions.txt</include>
			</includes>
		</fileSet>

	</fileSets>
</assembly>