<?xml version="1.0" encoding="UTF-8"?>
<!-- $Id: dticr2_minimal_sample.xml 70937 2012-05-07 19:57:22Z Lam Tran $ -->
<!--Sample XML file generated by XMLSpy v2009 (http://www.altova.com)-->
<r2:ProgramElementList targetSchemaVersion="1.0" xmlns:r2="http://www.dtic.mil/comptroller/xml/schema/022009/r2">

		<r2:ProgramElement monetaryUnit="Millions" format="R2Long">
			<r2:ProgramElementNumber>00000000</r2:ProgramElementNumber>
			<r2:ProgramElementTitle>a</r2:ProgramElementTitle>
			<r2:BudgetYear>2000</r2:BudgetYear>
			<r2:BudgetCycle>BES</r2:BudgetCycle>
			<r2:SubmissionDate>2001-12</r2:SubmissionDate>
			<r2:ServiceAgencyName>a</r2:ServiceAgencyName>
			<r2:AppropriationCode>0390D</r2:AppropriationCode>
			<r2:AppropriationName>Chem Agents &amp; Munitions Destruction</r2:AppropriationName>
			<r2:BudgetActivityNumber>1</r2:BudgetActivityNumber>
			<r2:BudgetActivityTitle>Basic Research</r2:BudgetActivityTitle>
			<r2:ProgramElementFunding>
				<r2:PriorYear>0</r2:PriorYear>
				<r2:CurrentYear>0</r2:CurrentYear>
				<r2:BudgetYearOne>0</r2:BudgetYearOne>
				<r2:BudgetYearOneBase>0</r2:BudgetYearOneBase>
				<r2:BudgetYearTwo>0</r2:BudgetYearTwo>
				<r2:BudgetYearThree>0</r2:BudgetYearThree>
				<r2:BudgetYearFour>0</r2:BudgetYearFour>
				<r2:BudgetYearFive>0</r2:BudgetYearFive>
			</r2:ProgramElementFunding>
			<r2:ChangeSummary>
				<r2:PreviousPresidentBudget>
					<r2:PriorYear>0</r2:PriorYear>
					<r2:CurrentYear>0</r2:CurrentYear>
					<r2:BudgetYearOne>0</r2:BudgetYearOne>
					<r2:BudgetYearOneBase>0</r2:BudgetYearOneBase>
				</r2:PreviousPresidentBudget>
				<r2:CurrentPresidentBudget>
					<r2:PriorYear>0</r2:PriorYear>
					<r2:CurrentYear>0</r2:CurrentYear>
					<r2:BudgetYearOne>0</r2:BudgetYearOne>
					<r2:BudgetYearOneBase>0</r2:BudgetYearOneBase>
				</r2:CurrentPresidentBudget>
				<r2:TotalAdjustments>
					<r2:PriorYear>-999999.999</r2:PriorYear>
					<r2:CurrentYear>-999999.999</r2:CurrentYear>
					<r2:BudgetYearOne>-999999.999</r2:BudgetYearOne>
					<r2:BudgetYearOneBase>-999999.999</r2:BudgetYearOneBase>
				</r2:TotalAdjustments>
			</r2:ChangeSummary>
			<r2:ProjectList>
				<r2:Project articlesInApp="true">
					<r2:ProjectNumber>a</r2:ProjectNumber>
					<r2:ProjectTitle>a</r2:ProjectTitle>
					<r2:ProjectFunding>
						<r2:PriorYear>0</r2:PriorYear>
						<r2:CurrentYear>0</r2:CurrentYear>
						<r2:BudgetYearOne>0</r2:BudgetYearOne>
						<r2:BudgetYearOneBase>0</r2:BudgetYearOneBase>
						<r2:BudgetYearTwo>0</r2:BudgetYearTwo>
						<r2:BudgetYearThree>0</r2:BudgetYearThree>
						<r2:BudgetYearFour>0</r2:BudgetYearFour>
						<r2:BudgetYearFive>0</r2:BudgetYearFive>
					</r2:ProjectFunding>
					<r2:R2aExhibit>
						<r2:ProjectMissionDescription>a</r2:ProjectMissionDescription>
						<r2:CongressionalAddDetailList>
							<r2:CongressionalAddDetail>
								<r2:Title>a</r2:Title>
								<r2:PriorYear>
									<r2:Funding>0</r2:Funding>
									<r2:Text>a</r2:Text>
								</r2:PriorYear>
							</r2:CongressionalAddDetail>
						</r2:CongressionalAddDetailList>
					</r2:R2aExhibit>
				</r2:Project>
			</r2:ProjectList>
		</r2:ProgramElement>
</r2:ProgramElementList>

