<?xml version="1.0" encoding="UTF-8"?>
<proc:LineItemList xmlns:proc="http://www.dtic.mil/comptroller/xml/schema/20100219/procurement">
    <proc:LineItem quantityUnits="Each" quantityUnitName="Each" unitCostUnits="Thousands" totalCostUnits="Millions" manufacturerRateUnits="Monthly">
        <proc:LineItemNumber>3446D15400</proc:LineItemNumber>
        <proc:LineItemTitle>HI MOB MULTI-PURP WHLD VEH (HMMWV)</proc:LineItemTitle>
        <proc:P1LineNumber>5</proc:P1LineNumber>
        <proc:BudgetYear>2026</proc:BudgetYear>
        <proc:BudgetCycle>PB</proc:BudgetCycle>
        <proc:SubmissionDate>2025-06</proc:SubmissionDate>
        <proc:ServiceAgencyName>Army</proc:ServiceAgencyName>
        <proc:AppropriationNumber>2035A</proc:AppropriationNumber>
        <proc:AppropriationTitle>Other Procurement, Army</proc:AppropriationTitle>
        <proc:BudgetActivityNumber>1</proc:BudgetActivityNumber>
        <proc:BudgetActivityTitle>Tactical and Support Vehicles</proc:BudgetActivityTitle>
        <proc:BudgetSubActivityNumber>10</proc:BudgetSubActivityNumber>
        <proc:BudgetSubActivityTitle>Tactical Vehicles</proc:BudgetSubActivityTitle>
        <proc:ResourceSummary>
            <proc:Quantity>
                <proc:AllPriorYears>1543</proc:AllPriorYears>
                <proc:PriorYear>113</proc:PriorYear>
                <proc:CurrentYear>249</proc:CurrentYear>
            </proc:Quantity>
            <proc:TotalCost>
                <proc:AllPriorYears>12999.062</proc:AllPriorYears>
                <proc:PriorYear>25.904</proc:PriorYear>
                <proc:CurrentYear>55.265</proc:CurrentYear>
            </proc:TotalCost>
            <proc:UnitCost>
                <proc:AllPriorYears>8424.538</proc:AllPriorYears>
                <proc:PriorYear>229.239</proc:PriorYear>
                <proc:CurrentYear>221.948</proc:CurrentYear>
            </proc:UnitCost>
            <proc:NetProcurementP1>
                <proc:AllPriorYears>12999.062</proc:AllPriorYears>
                <proc:PriorYear>25.904</proc:PriorYear>
                <proc:CurrentYear>55.265</proc:CurrentYear>
            </proc:NetProcurementP1>
            <proc:TotalObligationAuthority>
                <proc:AllPriorYears>12999.062</proc:AllPriorYears>
                <proc:PriorYear>25.904</proc:PriorYear>
                <proc:CurrentYear>55.265</proc:CurrentYear>
            </proc:TotalObligationAuthority>
        </proc:ResourceSummary>
        <proc:Code>A</proc:Code>
        <proc:SecondaryDistribution>
            <proc:ComponentList>
                <proc:Component>
                    <proc:Name>Army Active</proc:Name>
                    <proc:Cost>
                        <proc:Quantity>
                            <proc:PriorYear>113</proc:PriorYear>
                            <proc:CurrentYear>17</proc:CurrentYear>
                        </proc:Quantity>
                        <proc:TotalCost>
                            <proc:PriorYear>25.904</proc:PriorYear>
                            <proc:CurrentYear>5.265</proc:CurrentYear>
                        </proc:TotalCost>
                    </proc:Cost>
                </proc:Component>
                <proc:Component>
                    <proc:Name>Army Reserve</proc:Name>
                    <proc:Cost>
                        <proc:Quantity>
                            <proc:CurrentYear>232</proc:CurrentYear>
                        </proc:Quantity>
                        <proc:TotalCost>
                            <proc:CurrentYear>50</proc:CurrentYear>
                        </proc:TotalCost>
                    </proc:Cost>
                </proc:Component>
            </proc:ComponentList>
            <proc:TotalCost>
                <proc:Quantity>
                    <proc:PriorYear>113</proc:PriorYear>
                    <proc:CurrentYear>249</proc:CurrentYear>
                </proc:Quantity>
                <proc:TotalCost>
                    <proc:PriorYear>25.904</proc:PriorYear>
                    <proc:CurrentYear>55.265</proc:CurrentYear>
                </proc:TotalCost>
            </proc:TotalCost>
        </proc:SecondaryDistribution>
        <proc:Description>The Army HMMWV program procured new production armored or armor capable HMMWVs. This allowed for the divestiture of non-armor capable HMMWVs.</proc:Description>
        <proc:Justification>D15402 has no FY 2026 funding request. HMMWV is part of the Army Transformation Initiative
D15406 has no FY 2026 funding request. 

In accordance with Section 1815 of the FY 2008 National Defense Authorization Act (P.L. 110-181), this item is necessary for use by the active and reserve components of the Armed Forces for homeland defense missions, domestic emergency responses, and providing military support to civil authorities.</proc:Justification>
        <proc:DocumentAssemblyOptions>
            <proc:p40AItemScheduleSetting>item</proc:p40AItemScheduleSetting>
        </proc:DocumentAssemblyOptions>
    </proc:LineItem>
</proc:LineItemList>