<?xml version="1.0" encoding="UTF-8"?>
<proc:LineItemList xmlns:proc="http://www.dtic.mil/comptroller/xml/schema/20100219/procurement">
    <proc:LineItem quantityUnits="Each" quantityUnitName="Each" unitCostUnits="Thousands" totalCostUnits="Millions" manufacturerRateUnits="Yearly">
        <proc:LineItemNumber>9398K57300</proc:LineItemNumber>
        <proc:LineItemTitle>TITAN</proc:LineItemTitle>
        <proc:P1LineNumber>78</proc:P1LineNumber>
        <proc:BudgetYear>2026</proc:BudgetYear>
        <proc:BudgetCycle>PB</proc:BudgetCycle>
        <proc:SubmissionDate>2025-06</proc:SubmissionDate>
        <proc:ServiceAgencyName>Army</proc:ServiceAgencyName>
        <proc:AppropriationNumber>2035A</proc:AppropriationNumber>
        <proc:AppropriationTitle>Other Procurement, Army</proc:AppropriationTitle>
        <proc:BudgetActivityNumber>2</proc:BudgetActivityNumber>
        <proc:BudgetActivityTitle>Communications and Electronics Equipment</proc:BudgetActivityTitle>
        <proc:BudgetSubActivityNumber>80</proc:BudgetSubActivityNumber>
        <proc:BudgetSubActivityTitle>Elect Equip - Tact Int Rel Act (TIARA)</proc:BudgetSubActivityTitle>
        <proc:ResourceSummary>
            <proc:TotalCost>
                <proc:BudgetYearOneBase>236.314</proc:BudgetYearOneBase>
                <proc:BudgetYearOne>236.314</proc:BudgetYearOne>
            </proc:TotalCost>
            <proc:NetProcurementP1>
                <proc:BudgetYearOneBase>236.314</proc:BudgetYearOneBase>
                <proc:BudgetYearOne>236.314</proc:BudgetYearOne>
            </proc:NetProcurementP1>
            <proc:TotalObligationAuthority>
                <proc:BudgetYearOneBase>236.314</proc:BudgetYearOneBase>
                <proc:BudgetYearOne>236.314</proc:BudgetYearOne>
            </proc:TotalObligationAuthority>
        </proc:ResourceSummary>
        <proc:SecondaryDistribution>
            <proc:ComponentList>
                <proc:Component>
                    <proc:Name>Army Active</proc:Name>
                    <proc:Cost>
                        <proc:TotalCost>
                            <proc:BudgetYearOneBase>236.314</proc:BudgetYearOneBase>
                            <proc:BudgetYearOne>236.314</proc:BudgetYearOne>
                        </proc:TotalCost>
                    </proc:Cost>
                </proc:Component>
            </proc:ComponentList>
            <proc:TotalCost>
                <proc:TotalCost>
                    <proc:BudgetYearOneBase>236.314</proc:BudgetYearOneBase>
                    <proc:BudgetYearOne>236.314</proc:BudgetYearOne>
                </proc:TotalCost>
            </proc:TotalCost>
        </proc:SecondaryDistribution>
        <proc:Description>BLI 9398K57300 / TITAN is a new start in FY 2026.
SSN K57311 / TITAN GROUND STATION is a new start within the TITAN program in FY 2026

The Tactical Intelligence Targeting Access Node (TITAN) is a key enabler of the Army Modernization Priorities in support of Army Cross Functional Teams. TITAN is a scalable and expeditionary intelligence ground station that supports commanders across the entire Multi-Domain Operations (MDO)/Joint All Domain Operations (JADO) battlefield framework with capabilities tailored to echelon. TITAN leverages Space, High Altitude, Aerial and Terrestrial layer sensors to provide targetable data to fires networks as well as multi-discipline intelligence support to targeting and Situation Awareness/Situation Understanding (SA/SU) in support of mission command. TITAN
will support Artificial Intelligence/Machine Learning (AI/ML) tools through Project Linchpin and other government sources and leverage critical Radio Frequency (RF) technologies as they become available.

TITAN is the Army Intelligence, Surveillance, and Reconnaissance (ISR) ground station that consolidates the sensor processing capabilities in the current Distributed Common Ground System-Army (DCGS-A) Operational-Intelligence Ground Station (OGS), Tactical-Intelligence Ground Station (TGS), the Advanced Miniaturized Data Acquisition System Dissemination Vehicle (ADV) and the Remote Ground Terminal (RGT). Additionally, TITAN will access sensor data of Tactical Space Layer assets, National assets, the Multi-Domain Sensing Systems (MDSS) as well as commercial overhead sensors. Consequently, the TITAN ground station conducts deep sensing operations with the abilities to Task, Collect, Process, Exploit, and Disseminate (TCPED) information from Space, High Altitude, Aerial, and Terrestrial Layer sensors in support of Long Range Precision Fires (LRPF) operations.

Note: Please refer to the P-5 Exhibit for quantity data.</proc:Description>
        <proc:Justification>FY 2026 Base Procurement dollars in the amount of $236.314M support the acquisition and production of Advanced, Basic, and other TITAN articles. Additional major funding efforts include software licensing and data, acceptance testing, contractor logistics support, initial spares, new equipment training, and system engineering support. This is a new start effort in FY 2026 (discretionary funding).

Note: Please refer to the P-5 Exhibit for quantity data.</proc:Justification>
        <proc:ItemExhibitList>
            <proc:P5Item>
                <proc:Name>TITAN GROUND STATION</proc:Name>
                <proc:ItemNumber>K57311</proc:ItemNumber>
                <proc:SecondaryDistribution>
                    <proc:ComponentList>
                        <proc:Component>
                            <proc:Name>Army Active</proc:Name>
                            <proc:Cost>
                                <proc:TotalCost>
                                    <proc:BudgetYearOneBase>236.314</proc:BudgetYearOneBase>
                                    <proc:BudgetYearOne>236.314</proc:BudgetYearOne>
                                </proc:TotalCost>
                            </proc:Cost>
                        </proc:Component>
                    </proc:ComponentList>
                </proc:SecondaryDistribution>
                <proc:Remarks>TITAN is the modernized ground station beyond current legacy (TGS, OGS, ADV, RGT) capability for a single modular, scalable, expeditionary platform to provide targetable multi-intelligence data.   

The TITAN Advanced and Basic costs include contractor and government furnished hardware, contractor and government furnished initial software, vehicles, and efforts for system integration and checkout.

Contractor Logistics Support provides for the integration of TITAN logistics support functions to include providing engineering support, identifying requirements for spare and repair parts, facilities, materiel, equipment, personnel, and performing maintenance on weapon systems. 

Initial Spares will support the acquisition of various spare and repair parts for the Advanced, Basic, Trainer, and depot support.

Government Management costs include Systems Engineering and Technical Assistance (SETA) and Matrix support efforts to the PM office.

System Engineering costs are related to the product support efforts for continued engineering focus on the management of design and integration efforts of the TITAN system.

NET equipment costs are associated with production of one Advanced and one Basic TITAN trainer. Training support represents New Equipment Training costs. 

FY26 reflects actual planned quantity of 8 (3 TITAN Advanced, 3 TITAN Basic, 1 Advanced trainer and 1 Basic trainer).</proc:Remarks>
                <proc:ResourceSummary>
                    <proc:TotalCost>
                        <proc:BudgetYearOneBase>236.314</proc:BudgetYearOneBase>
                        <proc:BudgetYearOne>236.314</proc:BudgetYearOne>
                    </proc:TotalCost>
                    <proc:NetProcurementP1>
                        <proc:BudgetYearOneBase>236.314</proc:BudgetYearOneBase>
                        <proc:BudgetYearOne>236.314</proc:BudgetYearOne>
                    </proc:NetProcurementP1>
                    <proc:TotalObligationAuthority>
                        <proc:BudgetYearOneBase>236.314</proc:BudgetYearOneBase>
                        <proc:BudgetYearOne>236.314</proc:BudgetYearOne>
                    </proc:TotalObligationAuthority>
                </proc:ResourceSummary>
                <proc:CostElementCategoryList>
                    <proc:Hardware>
                        <proc:Recurring>
                            <proc:CostElementList>
                                <proc:CostElement>
                                    <proc:Name>TITAN Advanced</proc:Name>
                                    <proc:Cost>
                                        <proc:Quantity>
                                            <proc:BudgetYearOneBase>3</proc:BudgetYearOneBase>
                                            <proc:BudgetYearOne>3</proc:BudgetYearOne>
                                        </proc:Quantity>
                                        <proc:TotalCost>
                                            <proc:BudgetYearOneBase>76.009</proc:BudgetYearOneBase>
                                            <proc:BudgetYearOne>76.009</proc:BudgetYearOne>
                                        </proc:TotalCost>
                                        <proc:UnitCost>
                                            <proc:BudgetYearOneBase>25336.333</proc:BudgetYearOneBase>
                                            <proc:BudgetYearOne>25336.333</proc:BudgetYearOne>
                                        </proc:UnitCost>
                                    </proc:Cost>
                                    <proc:ManufacturerList>
                                        <proc:Manufacturer>
                                            <proc:Name>TBD</proc:Name>
                                            <proc:Location>TBD</proc:Location>
                                            <proc:MinimumSustainingRate>6</proc:MinimumSustainingRate>
                                            <proc:MaximumProductionRate>28</proc:MaximumProductionRate>
                                            <proc:Rate185>24</proc:Rate185>
                                            <proc:InitialQuantity>
                                                <proc:AdminLeadTimeBeforeOct1InMonths>0</proc:AdminLeadTimeBeforeOct1InMonths>
                                                <proc:AdminLeadTimeAfterOct1InMonths>0</proc:AdminLeadTimeAfterOct1InMonths>
                                                <proc:ProductionLeadTimeAfterOct1InMonths>0</proc:ProductionLeadTimeAfterOct1InMonths>
                                                <proc:TotalLeadTimeAfterOct1InMonths>0</proc:TotalLeadTimeAfterOct1InMonths>
                                            </proc:InitialQuantity>
                                            <proc:ReorderQuantity>
                                                <proc:AdminLeadTimeBeforeOct1InMonths>0</proc:AdminLeadTimeBeforeOct1InMonths>
                                                <proc:AdminLeadTimeAfterOct1InMonths>0</proc:AdminLeadTimeAfterOct1InMonths>
                                                <proc:ProductionLeadTimeAfterOct1InMonths>0</proc:ProductionLeadTimeAfterOct1InMonths>
                                                <proc:TotalLeadTimeAfterOct1InMonths>0</proc:TotalLeadTimeAfterOct1InMonths>
                                            </proc:ReorderQuantity>
                                            <proc:HistoryPlanningList>
                                                <proc:HistoryPlanning>
                                                    <proc:FiscalYear>2026</proc:FiscalYear>
                                                    <proc:PCOLocation>TBD</proc:PCOLocation>
                                                    <proc:AwardDate>2026-06</proc:AwardDate>
                                                    <proc:FirstDeliveryDate>2027-02</proc:FirstDeliveryDate>
                                                    <proc:Quantity>3</proc:Quantity>
                                                    <proc:UnitCost>25336.333</proc:UnitCost>
                                                    <proc:SpecsAvailableNow>false</proc:SpecsAvailableNow>
                                                    <proc:ContractMethod>C</proc:ContractMethod>
                                                    <proc:ContractType>FFP</proc:ContractType>
                                                    <proc:MonthlyDeliveryScheduleList>
                                                        <proc:MonthlyDeliverySchedule>
                                                            <proc:ServiceAgencyName>Army</proc:ServiceAgencyName>
                                                            <proc:ProcQuantity>3</proc:ProcQuantity>
                                                            <proc:MonthlyDeliveryList>
                                                                <proc:MonthlyDelivery>
                                                                    <proc:Month>2027-02</proc:Month>
                                                                    <proc:Amount>1</proc:Amount>
                                                                </proc:MonthlyDelivery>
                                                                <proc:MonthlyDelivery>
                                                                    <proc:Month>2027-03</proc:Month>
                                                                    <proc:Amount>1</proc:Amount>
                                                                </proc:MonthlyDelivery>
                                                                <proc:MonthlyDelivery>
                                                                    <proc:Month>2027-04</proc:Month>
                                                                    <proc:Amount>1</proc:Amount>
                                                                </proc:MonthlyDelivery>
                                                            </proc:MonthlyDeliveryList>
                                                        </proc:MonthlyDeliverySchedule>
                                                    </proc:MonthlyDeliveryScheduleList>
                                                    <proc:MonthlyDeliveryScheduleTotal>
                                                        <proc:ProcQuantity>3</proc:ProcQuantity>
                                                        <proc:MonthlyDeliveryList>
                                                            <proc:MonthlyDelivery>
                                                                <proc:Month>2027-02</proc:Month>
                                                                <proc:Amount>1</proc:Amount>
                                                            </proc:MonthlyDelivery>
                                                            <proc:MonthlyDelivery>
                                                                <proc:Month>2027-03</proc:Month>
                                                                <proc:Amount>1</proc:Amount>
                                                            </proc:MonthlyDelivery>
                                                            <proc:MonthlyDelivery>
                                                                <proc:Month>2027-04</proc:Month>
                                                                <proc:Amount>1</proc:Amount>
                                                            </proc:MonthlyDelivery>
                                                        </proc:MonthlyDeliveryList>
                                                    </proc:MonthlyDeliveryScheduleTotal>
                                                </proc:HistoryPlanning>
                                            </proc:HistoryPlanningList>
                                        </proc:Manufacturer>
                                    </proc:ManufacturerList>
                                </proc:CostElement>
                                <proc:CostElement>
                                    <proc:Name>TITAN Basic</proc:Name>
                                    <proc:Cost>
                                        <proc:Quantity>
                                            <proc:BudgetYearOneBase>3</proc:BudgetYearOneBase>
                                            <proc:BudgetYearOne>3</proc:BudgetYearOne>
                                        </proc:Quantity>
                                        <proc:TotalCost>
                                            <proc:BudgetYearOneBase>28.132</proc:BudgetYearOneBase>
                                            <proc:BudgetYearOne>28.132</proc:BudgetYearOne>
                                        </proc:TotalCost>
                                        <proc:UnitCost>
                                            <proc:BudgetYearOneBase>9377.333</proc:BudgetYearOneBase>
                                            <proc:BudgetYearOne>9377.333</proc:BudgetYearOne>
                                        </proc:UnitCost>
                                    </proc:Cost>
                                    <proc:ManufacturerList>
                                        <proc:Manufacturer>
                                            <proc:Name>TBD</proc:Name>
                                            <proc:Location>TBD</proc:Location>
                                            <proc:MinimumSustainingRate>6</proc:MinimumSustainingRate>
                                            <proc:MaximumProductionRate>28</proc:MaximumProductionRate>
                                            <proc:Rate185>24</proc:Rate185>
                                            <proc:InitialQuantity>
                                                <proc:AdminLeadTimeBeforeOct1InMonths>0</proc:AdminLeadTimeBeforeOct1InMonths>
                                                <proc:AdminLeadTimeAfterOct1InMonths>0</proc:AdminLeadTimeAfterOct1InMonths>
                                                <proc:ProductionLeadTimeAfterOct1InMonths>0</proc:ProductionLeadTimeAfterOct1InMonths>
                                                <proc:TotalLeadTimeAfterOct1InMonths>0</proc:TotalLeadTimeAfterOct1InMonths>
                                            </proc:InitialQuantity>
                                            <proc:ReorderQuantity>
                                                <proc:AdminLeadTimeBeforeOct1InMonths>0</proc:AdminLeadTimeBeforeOct1InMonths>
                                                <proc:AdminLeadTimeAfterOct1InMonths>0</proc:AdminLeadTimeAfterOct1InMonths>
                                                <proc:ProductionLeadTimeAfterOct1InMonths>0</proc:ProductionLeadTimeAfterOct1InMonths>
                                                <proc:TotalLeadTimeAfterOct1InMonths>0</proc:TotalLeadTimeAfterOct1InMonths>
                                            </proc:ReorderQuantity>
                                            <proc:HistoryPlanningList>
                                                <proc:HistoryPlanning>
                                                    <proc:FiscalYear>2026</proc:FiscalYear>
                                                    <proc:PCOLocation>TBD</proc:PCOLocation>
                                                    <proc:AwardDate>2026-06</proc:AwardDate>
                                                    <proc:FirstDeliveryDate>2027-02</proc:FirstDeliveryDate>
                                                    <proc:Quantity>3</proc:Quantity>
                                                    <proc:UnitCost>9377.333</proc:UnitCost>
                                                    <proc:SpecsAvailableNow>false</proc:SpecsAvailableNow>
                                                    <proc:ContractMethod>C</proc:ContractMethod>
                                                    <proc:ContractType>FFP</proc:ContractType>
                                                    <proc:MonthlyDeliveryScheduleList>
                                                        <proc:MonthlyDeliverySchedule>
                                                            <proc:ServiceAgencyName>Army</proc:ServiceAgencyName>
                                                            <proc:ProcQuantity>3</proc:ProcQuantity>
                                                            <proc:MonthlyDeliveryList>
                                                                <proc:MonthlyDelivery>
                                                                    <proc:Month>2027-02</proc:Month>
                                                                    <proc:Amount>1</proc:Amount>
                                                                </proc:MonthlyDelivery>
                                                                <proc:MonthlyDelivery>
                                                                    <proc:Month>2027-03</proc:Month>
                                                                    <proc:Amount>1</proc:Amount>
                                                                </proc:MonthlyDelivery>
                                                                <proc:MonthlyDelivery>
                                                                    <proc:Month>2027-04</proc:Month>
                                                                    <proc:Amount>1</proc:Amount>
                                                                </proc:MonthlyDelivery>
                                                            </proc:MonthlyDeliveryList>
                                                        </proc:MonthlyDeliverySchedule>
                                                    </proc:MonthlyDeliveryScheduleList>
                                                    <proc:MonthlyDeliveryScheduleTotal>
                                                        <proc:ProcQuantity>3</proc:ProcQuantity>
                                                        <proc:MonthlyDeliveryList>
                                                            <proc:MonthlyDelivery>
                                                                <proc:Month>2027-02</proc:Month>
                                                                <proc:Amount>1</proc:Amount>
                                                            </proc:MonthlyDelivery>
                                                            <proc:MonthlyDelivery>
                                                                <proc:Month>2027-03</proc:Month>
                                                                <proc:Amount>1</proc:Amount>
                                                            </proc:MonthlyDelivery>
                                                            <proc:MonthlyDelivery>
                                                                <proc:Month>2027-04</proc:Month>
                                                                <proc:Amount>1</proc:Amount>
                                                            </proc:MonthlyDelivery>
                                                        </proc:MonthlyDeliveryList>
                                                    </proc:MonthlyDeliveryScheduleTotal>
                                                </proc:HistoryPlanning>
                                            </proc:HistoryPlanningList>
                                        </proc:Manufacturer>
                                    </proc:ManufacturerList>
                                </proc:CostElement>
                            </proc:CostElementList>
                            <proc:CategorySubtotal>
                                <proc:TotalCost>
                                    <proc:BudgetYearOneBase>104.141</proc:BudgetYearOneBase>
                                    <proc:BudgetYearOne>104.141</proc:BudgetYearOne>
                                </proc:TotalCost>
                            </proc:CategorySubtotal>
                        </proc:Recurring>
                        <proc:CategorySubtotal>
                            <proc:TotalCost>
                                <proc:BudgetYearOneBase>104.141</proc:BudgetYearOneBase>
                                <proc:BudgetYearOne>104.141</proc:BudgetYearOne>
                            </proc:TotalCost>
                        </proc:CategorySubtotal>
                    </proc:Hardware>
                    <proc:Software>
                        <proc:Recurring>
                            <proc:CostElementList>
                                <proc:CostElement>
                                    <proc:Name>Software Support</proc:Name>
                                    <proc:Cost>
                                        <proc:TotalCost>
                                            <proc:BudgetYearOneBase>15.281</proc:BudgetYearOneBase>
                                            <proc:BudgetYearOne>15.281</proc:BudgetYearOne>
                                        </proc:TotalCost>
                                    </proc:Cost>
                                </proc:CostElement>
                                <proc:CostElement>
                                    <proc:Name>Data</proc:Name>
                                    <proc:Cost>
                                        <proc:TotalCost>
                                            <proc:BudgetYearOneBase>2.384</proc:BudgetYearOneBase>
                                            <proc:BudgetYearOne>2.384</proc:BudgetYearOne>
                                        </proc:TotalCost>
                                    </proc:Cost>
                                </proc:CostElement>
                            </proc:CostElementList>
                            <proc:CategorySubtotal>
                                <proc:TotalCost>
                                    <proc:BudgetYearOneBase>17.665</proc:BudgetYearOneBase>
                                    <proc:BudgetYearOne>17.665</proc:BudgetYearOne>
                                </proc:TotalCost>
                            </proc:CategorySubtotal>
                        </proc:Recurring>
                        <proc:CategorySubtotal>
                            <proc:TotalCost>
                                <proc:BudgetYearOneBase>17.665</proc:BudgetYearOneBase>
                                <proc:BudgetYearOne>17.665</proc:BudgetYearOne>
                            </proc:TotalCost>
                        </proc:CategorySubtotal>
                    </proc:Software>
                    <proc:Support>
                        <proc:CostElementList>
                            <proc:CostElement>
                                <proc:Name>Acceptance Test</proc:Name>
                                <proc:Cost>
                                    <proc:TotalCost>
                                        <proc:BudgetYearOneBase>1.731</proc:BudgetYearOneBase>
                                        <proc:BudgetYearOne>1.731</proc:BudgetYearOne>
                                    </proc:TotalCost>
                                </proc:Cost>
                            </proc:CostElement>
                        </proc:CostElementList>
                        <proc:CategorySubtotal>
                            <proc:TotalCost>
                                <proc:BudgetYearOneBase>1.731</proc:BudgetYearOneBase>
                                <proc:BudgetYearOne>1.731</proc:BudgetYearOne>
                            </proc:TotalCost>
                        </proc:CategorySubtotal>
                        <proc:Name>Acceptance Testing</proc:Name>
                    </proc:Support>
                    <proc:Support>
                        <proc:CostElementList>
                            <proc:CostElement>
                                <proc:Name>Training</proc:Name>
                                <proc:Cost>
                                    <proc:TotalCost>
                                        <proc:BudgetYearOneBase>2.366</proc:BudgetYearOneBase>
                                        <proc:BudgetYearOne>2.366</proc:BudgetYearOne>
                                    </proc:TotalCost>
                                </proc:Cost>
                            </proc:CostElement>
                        </proc:CostElementList>
                        <proc:CategorySubtotal>
                            <proc:TotalCost>
                                <proc:BudgetYearOneBase>2.366</proc:BudgetYearOneBase>
                                <proc:BudgetYearOne>2.366</proc:BudgetYearOne>
                            </proc:TotalCost>
                        </proc:CategorySubtotal>
                        <proc:Name>Contractor Logistics Support (CLS)</proc:Name>
                    </proc:Support>
                    <proc:Support>
                        <proc:CostElementList>
                            <proc:CostElement>
                                <proc:Name>Initial Spares and Repair Parts</proc:Name>
                                <proc:Cost>
                                    <proc:TotalCost>
                                        <proc:BudgetYearOneBase>27.774</proc:BudgetYearOneBase>
                                        <proc:BudgetYearOne>27.774</proc:BudgetYearOne>
                                    </proc:TotalCost>
                                </proc:Cost>
                            </proc:CostElement>
                        </proc:CostElementList>
                        <proc:CategorySubtotal>
                            <proc:TotalCost>
                                <proc:BudgetYearOneBase>27.774</proc:BudgetYearOneBase>
                                <proc:BudgetYearOne>27.774</proc:BudgetYearOne>
                            </proc:TotalCost>
                        </proc:CategorySubtotal>
                        <proc:Name>Initial Spares and Repair Parts</proc:Name>
                    </proc:Support>
                    <proc:Support>
                        <proc:CostElementList>
                            <proc:CostElement>
                                <proc:Name>Equipment</proc:Name>
                                <proc:Cost>
                                    <proc:Quantity>
                                        <proc:BudgetYearOneBase>2</proc:BudgetYearOneBase>
                                        <proc:BudgetYearOne>2</proc:BudgetYearOne>
                                    </proc:Quantity>
                                    <proc:TotalCost>
                                        <proc:BudgetYearOneBase>34.714</proc:BudgetYearOneBase>
                                        <proc:BudgetYearOne>34.714</proc:BudgetYearOne>
                                    </proc:TotalCost>
                                    <proc:UnitCost>
                                        <proc:BudgetYearOneBase>17357</proc:BudgetYearOneBase>
                                        <proc:BudgetYearOne>17357</proc:BudgetYearOne>
                                    </proc:UnitCost>
                                </proc:Cost>
                                <proc:ManufacturerList>
                                    <proc:Manufacturer>
                                        <proc:Name>TBD</proc:Name>
                                        <proc:Location>TBD</proc:Location>
                                        <proc:MinimumSustainingRate>6</proc:MinimumSustainingRate>
                                        <proc:MaximumProductionRate>28</proc:MaximumProductionRate>
                                        <proc:Rate185>24</proc:Rate185>
                                        <proc:InitialQuantity>
                                            <proc:AdminLeadTimeBeforeOct1InMonths>0</proc:AdminLeadTimeBeforeOct1InMonths>
                                            <proc:AdminLeadTimeAfterOct1InMonths>0</proc:AdminLeadTimeAfterOct1InMonths>
                                            <proc:ProductionLeadTimeAfterOct1InMonths>0</proc:ProductionLeadTimeAfterOct1InMonths>
                                            <proc:TotalLeadTimeAfterOct1InMonths>0</proc:TotalLeadTimeAfterOct1InMonths>
                                        </proc:InitialQuantity>
                                        <proc:ReorderQuantity>
                                            <proc:AdminLeadTimeBeforeOct1InMonths>0</proc:AdminLeadTimeBeforeOct1InMonths>
                                            <proc:AdminLeadTimeAfterOct1InMonths>0</proc:AdminLeadTimeAfterOct1InMonths>
                                            <proc:ProductionLeadTimeAfterOct1InMonths>0</proc:ProductionLeadTimeAfterOct1InMonths>
                                            <proc:TotalLeadTimeAfterOct1InMonths>0</proc:TotalLeadTimeAfterOct1InMonths>
                                        </proc:ReorderQuantity>
                                        <proc:HistoryPlanningList>
                                            <proc:HistoryPlanning>
                                                <proc:FiscalYear>2026</proc:FiscalYear>
                                                <proc:PCOLocation>TBD</proc:PCOLocation>
                                                <proc:AwardDate>2026-06</proc:AwardDate>
                                                <proc:FirstDeliveryDate>2027-04</proc:FirstDeliveryDate>
                                                <proc:Quantity>2</proc:Quantity>
                                                <proc:UnitCost>17357</proc:UnitCost>
                                                <proc:SpecsAvailableNow>false</proc:SpecsAvailableNow>
                                                <proc:ContractMethod>C</proc:ContractMethod>
                                                <proc:ContractType>FFP</proc:ContractType>
                                                <proc:MonthlyDeliveryScheduleList>
                                                    <proc:MonthlyDeliverySchedule>
                                                        <proc:ServiceAgencyName>Army</proc:ServiceAgencyName>
                                                        <proc:ProcQuantity>2</proc:ProcQuantity>
                                                        <proc:MonthlyDeliveryList>
                                                            <proc:MonthlyDelivery>
                                                                <proc:Month>2027-04</proc:Month>
                                                                <proc:Amount>1</proc:Amount>
                                                            </proc:MonthlyDelivery>
                                                            <proc:MonthlyDelivery>
                                                                <proc:Month>2027-05</proc:Month>
                                                                <proc:Amount>1</proc:Amount>
                                                            </proc:MonthlyDelivery>
                                                        </proc:MonthlyDeliveryList>
                                                    </proc:MonthlyDeliverySchedule>
                                                </proc:MonthlyDeliveryScheduleList>
                                                <proc:MonthlyDeliveryScheduleTotal>
                                                    <proc:ProcQuantity>2</proc:ProcQuantity>
                                                    <proc:MonthlyDeliveryList>
                                                        <proc:MonthlyDelivery>
                                                            <proc:Month>2027-04</proc:Month>
                                                            <proc:Amount>1</proc:Amount>
                                                        </proc:MonthlyDelivery>
                                                        <proc:MonthlyDelivery>
                                                            <proc:Month>2027-05</proc:Month>
                                                            <proc:Amount>1</proc:Amount>
                                                        </proc:MonthlyDelivery>
                                                    </proc:MonthlyDeliveryList>
                                                </proc:MonthlyDeliveryScheduleTotal>
                                            </proc:HistoryPlanning>
                                        </proc:HistoryPlanningList>
                                    </proc:Manufacturer>
                                </proc:ManufacturerList>
                            </proc:CostElement>
                            <proc:CostElement>
                                <proc:Name>Training Support</proc:Name>
                                <proc:Cost>
                                    <proc:TotalCost>
                                        <proc:BudgetYearOneBase>8.434</proc:BudgetYearOneBase>
                                        <proc:BudgetYearOne>8.434</proc:BudgetYearOne>
                                    </proc:TotalCost>
                                </proc:Cost>
                            </proc:CostElement>
                        </proc:CostElementList>
                        <proc:CategorySubtotal>
                            <proc:TotalCost>
                                <proc:BudgetYearOneBase>43.148</proc:BudgetYearOneBase>
                                <proc:BudgetYearOne>43.148</proc:BudgetYearOne>
                            </proc:TotalCost>
                        </proc:CategorySubtotal>
                        <proc:Name>New Equipment Training (NET)</proc:Name>
                    </proc:Support>
                    <proc:Support>
                        <proc:CostElementList>
                            <proc:CostElement>
                                <proc:Name>Government Management</proc:Name>
                                <proc:Cost>
                                    <proc:TotalCost>
                                        <proc:BudgetYearOneBase>18.631</proc:BudgetYearOneBase>
                                        <proc:BudgetYearOne>18.631</proc:BudgetYearOne>
                                    </proc:TotalCost>
                                </proc:Cost>
                            </proc:CostElement>
                        </proc:CostElementList>
                        <proc:CategorySubtotal>
                            <proc:TotalCost>
                                <proc:BudgetYearOneBase>18.631</proc:BudgetYearOneBase>
                                <proc:BudgetYearOne>18.631</proc:BudgetYearOne>
                            </proc:TotalCost>
                        </proc:CategorySubtotal>
                        <proc:Name>Program Management</proc:Name>
                    </proc:Support>
                    <proc:Support>
                        <proc:CostElementList>
                            <proc:CostElement>
                                <proc:Name>Maintenance Equipment</proc:Name>
                                <proc:Cost>
                                    <proc:TotalCost>
                                        <proc:BudgetYearOneBase>1.862</proc:BudgetYearOneBase>
                                        <proc:BudgetYearOne>1.862</proc:BudgetYearOne>
                                    </proc:TotalCost>
                                </proc:Cost>
                            </proc:CostElement>
                        </proc:CostElementList>
                        <proc:CategorySubtotal>
                            <proc:TotalCost>
                                <proc:BudgetYearOneBase>1.862</proc:BudgetYearOneBase>
                                <proc:BudgetYearOne>1.862</proc:BudgetYearOne>
                            </proc:TotalCost>
                        </proc:CategorySubtotal>
                        <proc:Name>Support Equipment</proc:Name>
                    </proc:Support>
                    <proc:Support>
                        <proc:CostElementList>
                            <proc:CostElement>
                                <proc:Name>System Engineering</proc:Name>
                                <proc:Cost>
                                    <proc:TotalCost>
                                        <proc:BudgetYearOneBase>18.996</proc:BudgetYearOneBase>
                                        <proc:BudgetYearOne>18.996</proc:BudgetYearOne>
                                    </proc:TotalCost>
                                </proc:Cost>
                            </proc:CostElement>
                        </proc:CostElementList>
                        <proc:CategorySubtotal>
                            <proc:TotalCost>
                                <proc:BudgetYearOneBase>18.996</proc:BudgetYearOneBase>
                                <proc:BudgetYearOne>18.996</proc:BudgetYearOne>
                            </proc:TotalCost>
                        </proc:CategorySubtotal>
                        <proc:Name>System Engineering</proc:Name>
                    </proc:Support>
                </proc:CostElementCategoryList>
                <proc:OverallHistoryPlanningRemarks>FY26 planned quantity is 8 (3 TITAN Advanced, 3 TITAN Basic, 1 Advanced trainer and 1 Basic trainer).</proc:OverallHistoryPlanningRemarks>
                <proc:OverallDeliveryScheduleRemarks>FY26 planned quantity is 8 (3 TITAN Advanced, 3 TITAN Basic, 1 Advanced trainer and 1 Basic trainer).</proc:OverallDeliveryScheduleRemarks>
            </proc:P5Item>
        </proc:ItemExhibitList>
        <proc:DocumentAssemblyOptions>
            <proc:p40AItemScheduleSetting>item</proc:p40AItemScheduleSetting>
        </proc:DocumentAssemblyOptions>
    </proc:LineItem>
</proc:LineItemList>