<?xml version="1.0" encoding="UTF-8"?>
<proc:LineItemList xmlns:proc="http://www.dtic.mil/comptroller/xml/schema/20100219/procurement">
    <proc:LineItem quantityUnits="Each" quantityUnitName="Each" unitCostUnits="Thousands" totalCostUnits="Millions" manufacturerRateUnits="Yearly">
        <proc:LineItemNumber>9546B97600</proc:LineItemNumber>
        <proc:LineItemTitle>TERRESTRIAL LAYER SYSTEMS (TLS)</proc:LineItemTitle>
        <proc:P1LineNumber>80</proc:P1LineNumber>
        <proc:BudgetYear>2026</proc:BudgetYear>
        <proc:BudgetCycle>PB</proc:BudgetCycle>
        <proc:SubmissionDate>2025-06</proc:SubmissionDate>
        <proc:ServiceAgencyName>Army</proc:ServiceAgencyName>
        <proc:AppropriationNumber>2035A</proc:AppropriationNumber>
        <proc:AppropriationTitle>Other Procurement, Army</proc:AppropriationTitle>
        <proc:BudgetActivityNumber>2</proc:BudgetActivityNumber>
        <proc:BudgetActivityTitle>Communications and Electronics Equipment</proc:BudgetActivityTitle>
        <proc:BudgetSubActivityNumber>80</proc:BudgetSubActivityNumber>
        <proc:BudgetSubActivityTitle>Elect Equip - Tact Int Rel Act (TIARA)</proc:BudgetSubActivityTitle>
        <proc:ResourceSummary>
            <proc:Quantity>
                <proc:AllPriorYears>3</proc:AllPriorYears>
                <proc:PriorYear>133</proc:PriorYear>
                <proc:CurrentYear>51</proc:CurrentYear>
            </proc:Quantity>
            <proc:TotalCost>
                <proc:AllPriorYears>55.699</proc:AllPriorYears>
                <proc:PriorYear>197.23</proc:PriorYear>
                <proc:CurrentYear>62.762</proc:CurrentYear>
            </proc:TotalCost>
            <proc:UnitCost>
                <proc:AllPriorYears>18566.333</proc:AllPriorYears>
                <proc:PriorYear>1482.932</proc:PriorYear>
                <proc:CurrentYear>1230.627</proc:CurrentYear>
            </proc:UnitCost>
            <proc:NetProcurementP1>
                <proc:AllPriorYears>55.699</proc:AllPriorYears>
                <proc:PriorYear>197.23</proc:PriorYear>
                <proc:CurrentYear>62.762</proc:CurrentYear>
            </proc:NetProcurementP1>
            <proc:TotalObligationAuthority>
                <proc:AllPriorYears>55.699</proc:AllPriorYears>
                <proc:PriorYear>197.23</proc:PriorYear>
                <proc:CurrentYear>62.762</proc:CurrentYear>
            </proc:TotalObligationAuthority>
        </proc:ResourceSummary>
        <proc:SecondaryDistribution>
            <proc:ComponentList>
                <proc:Component>
                    <proc:Name>Army Active</proc:Name>
                    <proc:Cost>
                        <proc:Quantity>
                            <proc:PriorYear>133</proc:PriorYear>
                            <proc:CurrentYear>51</proc:CurrentYear>
                        </proc:Quantity>
                        <proc:TotalCost>
                            <proc:PriorYear>197.23</proc:PriorYear>
                            <proc:CurrentYear>62.762</proc:CurrentYear>
                        </proc:TotalCost>
                    </proc:Cost>
                </proc:Component>
            </proc:ComponentList>
            <proc:TotalCost>
                <proc:Quantity>
                    <proc:PriorYear>133</proc:PriorYear>
                    <proc:CurrentYear>51</proc:CurrentYear>
                </proc:Quantity>
                <proc:TotalCost>
                    <proc:PriorYear>197.23</proc:PriorYear>
                    <proc:CurrentYear>62.762</proc:CurrentYear>
                </proc:TotalCost>
            </proc:TotalCost>
        </proc:SecondaryDistribution>
        <proc:Description>This funding line is a key enabler of the Army Modernization Priorities in support of multi domain operations and deep sensing.

Terrestrial Layer System Brigade Combat Team (TLS BCT) is a functionally integrated Signals Intelligence (SIGINT) and Electromagnetic Warfare (EW) system that operates within the electromagnetic spectrum to provide Army maneuver forces a competitive advantage. The TLS BCT Manpack system is a tailorable, modular, Soldier portable capability that enables Signals Intelligence (SIGINT) and Electronic Warfare (EW) collection, processing, exploitation, reporting, and effects capabilities within the SIGINT Collection Team (SCT) and Electronic Warfare Team (EWT) elements. TLS BCT Mounted systems are composed of two complementary variants which together provide Indications and Warnings, Force Protection, and Situational Awareness to influence the commander's decision cycle, improve targeting timeliness and accuracy, and provide the maneuver commander with electronic attack options to degrade, deny, disrupt, or otherwise manipulate the targeted force. TLS BCT aligns to Army modernization priorities (Long Range Precision Fires, Network, and Soldier Lethality) to field technologically advanced capabilities to prevail in Multi-domain and Large-Scale Combat Operations (LSCO).

Terrestrial Layer System Echelon Above Brigade (TLS EAB) is a family of systems composed of multiple variants which together provide integrated, distributed Signals Intelligence (SIGINT) and Electromagnetic Warfare (EW) cyber-enabled capabilities to Army Divisions, Corps and Multi-Domain Task Forces. TLS EAB provides indications and warnings to influence the commander's decision cycle, improves targeting quality, timeliness and accuracy, and provides electronic attack and offensive cyber warfare options to detect, deny, degrade, disrupt or otherwise manipulate the targeted force. TLS EAB supports Multi Domain Battle capability gaps and provide Force Protection, Situational Development, and Information Superiority to Army Divisions, Corps and Multi- Domain Task Forces. Enables integration, interoperability and force modernization with emerging capabilities in support of USAREUR-AF and USARPAC Operational Needs Statements, Transformation in Contact (TiC) initiatives, and Presidential Directives.

FY 2026 was transferred from Budget Activity (BA) 2, B97600 TERRESTRIAL LAYER SYSTEMS (TLS) to BA 6, I32000 ELECTRONIC WARFARE AGILE in support of Agile Portfolio Management.</proc:Description>
        <proc:Justification>FY 2026 was transferred from Budget Activity (BA) 2, B97600 TERRESTRIAL LAYER SYSTEMS (TLS) to BA 6, I32000 ELECTRONIC WARFARE AGILE in support of Agile Portfolio Management.
B97600 has no FY 2026 Request.

In accordance with section 1815 of the FY 2008 National Defense Authorization Act (P.L. 110 - 181), this item is necessary for use by the active and reserve components of the Armed Forces for homeland defense missions, domestic emergency responses, and providing military support to civil authorities.</proc:Justification>
        <proc:DocumentAssemblyOptions>
            <proc:p40AItemScheduleSetting>item</proc:p40AItemScheduleSetting>
        </proc:DocumentAssemblyOptions>
    </proc:LineItem>
</proc:LineItemList>