<?xml version="1.0" encoding="UTF-8"?>
<proc:LineItemList xmlns:proc="http://www.dtic.mil/comptroller/xml/schema/20100219/procurement">
    <proc:LineItem quantityUnits="Each" quantityUnitName="Each" unitCostUnits="Thousands" totalCostUnits="Millions" manufacturerRateUnits="Monthly">
        <proc:LineItemNumber>0200BS9100</proc:LineItemNumber>
        <proc:LineItemTitle>INITIAL SPARES - C&amp;E</proc:LineItemTitle>
        <proc:P1LineNumber>205</proc:P1LineNumber>
        <proc:BudgetYear>2026</proc:BudgetYear>
        <proc:BudgetCycle>PB</proc:BudgetCycle>
        <proc:SubmissionDate>2025-06</proc:SubmissionDate>
        <proc:ServiceAgencyName>Army</proc:ServiceAgencyName>
        <proc:AppropriationNumber>2035A</proc:AppropriationNumber>
        <proc:AppropriationTitle>Other Procurement, Army</proc:AppropriationTitle>
        <proc:BudgetActivityNumber>4</proc:BudgetActivityNumber>
        <proc:BudgetActivityTitle>Spare and Repair Parts</proc:BudgetActivityTitle>
        <proc:BudgetSubActivityNumber>20</proc:BudgetSubActivityNumber>
        <proc:BudgetSubActivityTitle>OPA2</proc:BudgetSubActivityTitle>
        <proc:ResourceSummary>
            <proc:Quantity>
                <proc:AllPriorYears>759</proc:AllPriorYears>
                <proc:PriorYear>234</proc:PriorYear>
                <proc:CurrentYear>804</proc:CurrentYear>
                <proc:BudgetYearOneBase>419</proc:BudgetYearOneBase>
                <proc:BudgetYearOne>419</proc:BudgetYearOne>
            </proc:Quantity>
            <proc:TotalCost>
                <proc:AllPriorYears>263.63</proc:AllPriorYears>
                <proc:PriorYear>9.169</proc:PriorYear>
                <proc:CurrentYear>9.81</proc:CurrentYear>
                <proc:BudgetYearOneBase>7.254</proc:BudgetYearOneBase>
                <proc:BudgetYearOne>7.254</proc:BudgetYearOne>
            </proc:TotalCost>
            <proc:UnitCost>
                <proc:AllPriorYears>347.339</proc:AllPriorYears>
                <proc:PriorYear>39.184</proc:PriorYear>
                <proc:CurrentYear>12.201</proc:CurrentYear>
                <proc:BudgetYearOneBase>17.313</proc:BudgetYearOneBase>
                <proc:BudgetYearOne>17.313</proc:BudgetYearOne>
            </proc:UnitCost>
            <proc:NetProcurementP1>
                <proc:AllPriorYears>263.63</proc:AllPriorYears>
                <proc:PriorYear>9.169</proc:PriorYear>
                <proc:CurrentYear>9.81</proc:CurrentYear>
                <proc:BudgetYearOneBase>7.254</proc:BudgetYearOneBase>
                <proc:BudgetYearOne>7.254</proc:BudgetYearOne>
            </proc:NetProcurementP1>
            <proc:TotalObligationAuthority>
                <proc:AllPriorYears>263.63</proc:AllPriorYears>
                <proc:PriorYear>9.169</proc:PriorYear>
                <proc:CurrentYear>9.81</proc:CurrentYear>
                <proc:BudgetYearOneBase>7.254</proc:BudgetYearOneBase>
                <proc:BudgetYearOne>7.254</proc:BudgetYearOne>
            </proc:TotalObligationAuthority>
        </proc:ResourceSummary>
        <proc:SecondaryDistribution>
            <proc:ComponentList>
                <proc:Component>
                    <proc:Name>Army Active</proc:Name>
                    <proc:Cost>
                        <proc:Quantity>
                            <proc:PriorYear>176</proc:PriorYear>
                            <proc:CurrentYear>606</proc:CurrentYear>
                            <proc:BudgetYearOneBase>314</proc:BudgetYearOneBase>
                            <proc:BudgetYearOne>314</proc:BudgetYearOne>
                        </proc:Quantity>
                        <proc:TotalCost>
                            <proc:PriorYear>8.253</proc:PriorYear>
                            <proc:CurrentYear>8.841</proc:CurrentYear>
                            <proc:BudgetYearOneBase>6.304</proc:BudgetYearOneBase>
                            <proc:BudgetYearOne>6.304</proc:BudgetYearOne>
                        </proc:TotalCost>
                    </proc:Cost>
                </proc:Component>
                <proc:Component>
                    <proc:Name>Army National Guard</proc:Name>
                    <proc:Cost>
                        <proc:Quantity>
                            <proc:PriorYear>35</proc:PriorYear>
                            <proc:CurrentYear>119</proc:CurrentYear>
                            <proc:BudgetYearOneBase>63</proc:BudgetYearOneBase>
                            <proc:BudgetYearOne>63</proc:BudgetYearOne>
                        </proc:Quantity>
                        <proc:TotalCost>
                            <proc:PriorYear>0.549</proc:PriorYear>
                            <proc:CurrentYear>0.582</proc:CurrentYear>
                            <proc:BudgetYearOneBase>0.57</proc:BudgetYearOneBase>
                            <proc:BudgetYearOne>0.57</proc:BudgetYearOne>
                        </proc:TotalCost>
                    </proc:Cost>
                </proc:Component>
                <proc:Component>
                    <proc:Name>Army Reserve</proc:Name>
                    <proc:Cost>
                        <proc:Quantity>
                            <proc:PriorYear>23</proc:PriorYear>
                            <proc:CurrentYear>79</proc:CurrentYear>
                            <proc:BudgetYearOneBase>42</proc:BudgetYearOneBase>
                            <proc:BudgetYearOne>42</proc:BudgetYearOne>
                        </proc:Quantity>
                        <proc:TotalCost>
                            <proc:PriorYear>0.367</proc:PriorYear>
                            <proc:CurrentYear>0.387</proc:CurrentYear>
                            <proc:BudgetYearOneBase>0.38</proc:BudgetYearOneBase>
                            <proc:BudgetYearOne>0.38</proc:BudgetYearOne>
                        </proc:TotalCost>
                    </proc:Cost>
                </proc:Component>
            </proc:ComponentList>
            <proc:TotalCost>
                <proc:Quantity>
                    <proc:PriorYear>234</proc:PriorYear>
                    <proc:CurrentYear>804</proc:CurrentYear>
                    <proc:BudgetYearOneBase>419</proc:BudgetYearOneBase>
                    <proc:BudgetYearOne>419</proc:BudgetYearOne>
                </proc:Quantity>
                <proc:TotalCost>
                    <proc:PriorYear>9.169</proc:PriorYear>
                    <proc:CurrentYear>9.81</proc:CurrentYear>
                    <proc:BudgetYearOneBase>7.254</proc:BudgetYearOneBase>
                    <proc:BudgetYearOne>7.254</proc:BudgetYearOne>
                </proc:TotalCost>
            </proc:TotalCost>
        </proc:SecondaryDistribution>
        <proc:Description>Program provides for procurement of spares to support operational readiness.  Spares are broken out as follows:

BS9716 / Non-PEO Spares: This project supports the Army's Command Control (C2) Infrastructure strategy. Procures COMSEC encryptors, secure voice devices, and fill devices ensuring adequate spares to increases item availability and decreases operational unit wait time for equipment from repair. 

BS9721 / Defense SATCOM Sys Spares (SPACE): This funding supports Joint and Next Generation Command and Control (NGC2) initiatives to modernize Command and Control (C2) systems. Spares support the Defense Enterprise Wideband SATCOM Systems (DEWSS) Program (SSN BB8500) for modernization and upgrade to the Modernization of Enterprise Terminals (MET) systems and Baseband Communications Systems.

Note:  Payload Control Systems (Wideband SATCOM Operation Management System (WSOMS)) portion transitions to the US Space Force in FY2026.</proc:Description>
        <proc:Justification>FY 2026 Base procurement funding in the amount of $7.254 million procures spares to support operational readiness.  

BS9716 / Non-PEO Spares: FY 2026 Base procurement dollars in the amount of $3.803 million procures COMSEC encryptors, secure voice devices, and fill devices.

BS9721 / Defense SATCOM Sys Spares (SPACE):  FY 2026 Base procurement dollars in the amount of $3.451 million procures spares for modernization and upgrade to the Modernization of Enterprise Terminals (MET) and Baseband communications systems.

In accordance with section 1815 of the FY 2008 National Defense Authorization Act (P.L. 110 - 181), this item is necessary for use by the active and reserve components of the Armed Forces for homeland defense missions, domestic emergency responses, and providing military support to civil authorities.</proc:Justification>
        <proc:ItemExhibitList>
            <proc:P5Item>
                <proc:Name>NON PEO-SPARES</proc:Name>
                <proc:ItemNumber>BS9716</proc:ItemNumber>
                <proc:IdCode>A</proc:IdCode>
                <proc:SecondaryDistribution>
                    <proc:ComponentList>
                        <proc:Component>
                            <proc:Name>Army Active</proc:Name>
                            <proc:Cost>
                                <proc:Quantity>
                                    <proc:PriorYear>176</proc:PriorYear>
                                    <proc:CurrentYear>606</proc:CurrentYear>
                                    <proc:BudgetYearOneBase>314</proc:BudgetYearOneBase>
                                    <proc:BudgetYearOne>314</proc:BudgetYearOne>
                                </proc:Quantity>
                                <proc:TotalCost>
                                    <proc:PriorYear>2.751</proc:PriorYear>
                                    <proc:CurrentYear>2.918</proc:CurrentYear>
                                    <proc:BudgetYearOneBase>2.853</proc:BudgetYearOneBase>
                                    <proc:BudgetYearOne>2.853</proc:BudgetYearOne>
                                </proc:TotalCost>
                            </proc:Cost>
                        </proc:Component>
                        <proc:Component>
                            <proc:Name>Army National Guard</proc:Name>
                            <proc:Cost>
                                <proc:Quantity>
                                    <proc:PriorYear>35</proc:PriorYear>
                                    <proc:CurrentYear>119</proc:CurrentYear>
                                    <proc:BudgetYearOneBase>63</proc:BudgetYearOneBase>
                                    <proc:BudgetYearOne>63</proc:BudgetYearOne>
                                </proc:Quantity>
                                <proc:TotalCost>
                                    <proc:PriorYear>0.549</proc:PriorYear>
                                    <proc:CurrentYear>0.582</proc:CurrentYear>
                                    <proc:BudgetYearOneBase>0.57</proc:BudgetYearOneBase>
                                    <proc:BudgetYearOne>0.57</proc:BudgetYearOne>
                                </proc:TotalCost>
                            </proc:Cost>
                        </proc:Component>
                        <proc:Component>
                            <proc:Name>Army Reserve</proc:Name>
                            <proc:Cost>
                                <proc:Quantity>
                                    <proc:PriorYear>23</proc:PriorYear>
                                    <proc:CurrentYear>79</proc:CurrentYear>
                                    <proc:BudgetYearOneBase>42</proc:BudgetYearOneBase>
                                    <proc:BudgetYearOne>42</proc:BudgetYearOne>
                                </proc:Quantity>
                                <proc:TotalCost>
                                    <proc:PriorYear>0.367</proc:PriorYear>
                                    <proc:CurrentYear>0.387</proc:CurrentYear>
                                    <proc:BudgetYearOneBase>0.38</proc:BudgetYearOneBase>
                                    <proc:BudgetYearOne>0.38</proc:BudgetYearOne>
                                </proc:TotalCost>
                            </proc:Cost>
                        </proc:Component>
                    </proc:ComponentList>
                </proc:SecondaryDistribution>
                <proc:Remarks>This funding enables the Army's Next Generation Command and Control (NGC2) initiative to modernize Command and Control (C2) systems.

In-Line Network Encryption (INE) spare requirements are higher in FY2026 than in FY2025 due to COMSEC's need for CM2 compliant INE spares. Unit cost ranges depending on devices procured. FY2026 unit cost is based on average of total quantities and total costs. 

SKL spare requirements are lower in FY2026 than in FY2025 due to the need for spares and parts to establish a KOV-21 card production facility at Tobyhanna Army Depot (TYAD) in FY 2025.</proc:Remarks>
                <proc:ResourceSummary>
                    <proc:Quantity>
                        <proc:AllPriorYears>759</proc:AllPriorYears>
                        <proc:PriorYear>234</proc:PriorYear>
                        <proc:CurrentYear>804</proc:CurrentYear>
                        <proc:BudgetYearOneBase>419</proc:BudgetYearOneBase>
                        <proc:BudgetYearOne>419</proc:BudgetYearOne>
                    </proc:Quantity>
                    <proc:TotalCost>
                        <proc:AllPriorYears>77.313</proc:AllPriorYears>
                        <proc:PriorYear>3.667</proc:PriorYear>
                        <proc:CurrentYear>3.887</proc:CurrentYear>
                        <proc:BudgetYearOneBase>3.803</proc:BudgetYearOneBase>
                        <proc:BudgetYearOne>3.803</proc:BudgetYearOne>
                    </proc:TotalCost>
                    <proc:UnitCost>
                        <proc:AllPriorYears>101.862</proc:AllPriorYears>
                        <proc:PriorYear>15.671</proc:PriorYear>
                        <proc:CurrentYear>4.835</proc:CurrentYear>
                        <proc:BudgetYearOneBase>9.076</proc:BudgetYearOneBase>
                        <proc:BudgetYearOne>9.076</proc:BudgetYearOne>
                    </proc:UnitCost>
                    <proc:NetProcurementP1>
                        <proc:AllPriorYears>77.313</proc:AllPriorYears>
                        <proc:PriorYear>3.667</proc:PriorYear>
                        <proc:CurrentYear>3.887</proc:CurrentYear>
                        <proc:BudgetYearOneBase>3.803</proc:BudgetYearOneBase>
                        <proc:BudgetYearOne>3.803</proc:BudgetYearOne>
                    </proc:NetProcurementP1>
                    <proc:TotalObligationAuthority>
                        <proc:AllPriorYears>77.313</proc:AllPriorYears>
                        <proc:PriorYear>3.667</proc:PriorYear>
                        <proc:CurrentYear>3.887</proc:CurrentYear>
                        <proc:BudgetYearOneBase>3.803</proc:BudgetYearOneBase>
                        <proc:BudgetYearOne>3.803</proc:BudgetYearOne>
                    </proc:TotalObligationAuthority>
                </proc:ResourceSummary>
                <proc:CostElementCategoryList>
                    <proc:Hardware>
                        <proc:Recurring>
                            <proc:CostElementList>
                                <proc:CostElement>
                                    <proc:Name>INE Procurement</proc:Name>
                                    <proc:Cost>
                                        <proc:Quantity>
                                            <proc:AllPriorYears>1387</proc:AllPriorYears>
                                            <proc:PriorYear>234</proc:PriorYear>
                                            <proc:CurrentYear>1</proc:CurrentYear>
                                            <proc:BudgetYearOneBase>415</proc:BudgetYearOneBase>
                                            <proc:BudgetYearOne>415</proc:BudgetYearOne>
                                        </proc:Quantity>
                                        <proc:TotalCost>
                                            <proc:AllPriorYears>16.075</proc:AllPriorYears>
                                            <proc:PriorYear>3.667</proc:PriorYear>
                                            <proc:CurrentYear>0.004</proc:CurrentYear>
                                            <proc:BudgetYearOneBase>3.788</proc:BudgetYearOneBase>
                                            <proc:BudgetYearOne>3.788</proc:BudgetYearOne>
                                        </proc:TotalCost>
                                        <proc:UnitCost>
                                            <proc:AllPriorYears>11.59</proc:AllPriorYears>
                                            <proc:PriorYear>15.671</proc:PriorYear>
                                            <proc:CurrentYear>4</proc:CurrentYear>
                                            <proc:BudgetYearOneBase>9.128</proc:BudgetYearOneBase>
                                            <proc:BudgetYearOne>9.128</proc:BudgetYearOne>
                                        </proc:UnitCost>
                                    </proc:Cost>
                                </proc:CostElement>
                                <proc:CostElement>
                                    <proc:Name>SV Procurement</proc:Name>
                                    <proc:Cost>
                                        <proc:Quantity>
                                            <proc:AllPriorYears>112</proc:AllPriorYears>
                                            <proc:CurrentYear>1</proc:CurrentYear>
                                            <proc:BudgetYearOneBase>1</proc:BudgetYearOneBase>
                                            <proc:BudgetYearOne>1</proc:BudgetYearOne>
                                        </proc:Quantity>
                                        <proc:TotalCost>
                                            <proc:AllPriorYears>0.357</proc:AllPriorYears>
                                            <proc:CurrentYear>0.003</proc:CurrentYear>
                                            <proc:BudgetYearOneBase>0.003</proc:BudgetYearOneBase>
                                            <proc:BudgetYearOne>0.003</proc:BudgetYearOne>
                                        </proc:TotalCost>
                                        <proc:UnitCost>
                                            <proc:AllPriorYears>3.188</proc:AllPriorYears>
                                            <proc:CurrentYear>3</proc:CurrentYear>
                                            <proc:BudgetYearOneBase>3</proc:BudgetYearOneBase>
                                            <proc:BudgetYearOne>3</proc:BudgetYearOne>
                                        </proc:UnitCost>
                                    </proc:Cost>
                                </proc:CostElement>
                                <proc:CostElement>
                                    <proc:Name>SKL Procurement</proc:Name>
                                    <proc:Cost>
                                        <proc:Quantity>
                                            <proc:AllPriorYears>619</proc:AllPriorYears>
                                            <proc:CurrentYear>800</proc:CurrentYear>
                                            <proc:BudgetYearOneBase>1</proc:BudgetYearOneBase>
                                            <proc:BudgetYearOne>1</proc:BudgetYearOne>
                                        </proc:Quantity>
                                        <proc:TotalCost>
                                            <proc:AllPriorYears>1.974</proc:AllPriorYears>
                                            <proc:CurrentYear>3.872</proc:CurrentYear>
                                            <proc:BudgetYearOneBase>0.004</proc:BudgetYearOneBase>
                                            <proc:BudgetYearOne>0.004</proc:BudgetYearOne>
                                        </proc:TotalCost>
                                        <proc:UnitCost>
                                            <proc:AllPriorYears>3.189</proc:AllPriorYears>
                                            <proc:CurrentYear>4.84</proc:CurrentYear>
                                            <proc:BudgetYearOneBase>4</proc:BudgetYearOneBase>
                                            <proc:BudgetYearOne>4</proc:BudgetYearOne>
                                        </proc:UnitCost>
                                    </proc:Cost>
                                </proc:CostElement>
                                <proc:CostElement>
                                    <proc:Name>NGLD-S Procurement</proc:Name>
                                    <proc:Cost>
                                        <proc:Quantity>
                                            <proc:CurrentYear>1</proc:CurrentYear>
                                            <proc:BudgetYearOneBase>1</proc:BudgetYearOneBase>
                                            <proc:BudgetYearOne>1</proc:BudgetYearOne>
                                        </proc:Quantity>
                                        <proc:TotalCost>
                                            <proc:CurrentYear>0.004</proc:CurrentYear>
                                            <proc:BudgetYearOneBase>0.004</proc:BudgetYearOneBase>
                                            <proc:BudgetYearOne>0.004</proc:BudgetYearOne>
                                        </proc:TotalCost>
                                        <proc:UnitCost>
                                            <proc:CurrentYear>4</proc:CurrentYear>
                                            <proc:BudgetYearOneBase>4</proc:BudgetYearOneBase>
                                            <proc:BudgetYearOne>4</proc:BudgetYearOne>
                                        </proc:UnitCost>
                                    </proc:Cost>
                                </proc:CostElement>
                                <proc:CostElement>
                                    <proc:Name>NGLD-M</proc:Name>
                                    <proc:Cost>
                                        <proc:Quantity>
                                            <proc:CurrentYear>1</proc:CurrentYear>
                                            <proc:BudgetYearOneBase>1</proc:BudgetYearOneBase>
                                            <proc:BudgetYearOne>1</proc:BudgetYearOne>
                                        </proc:Quantity>
                                        <proc:TotalCost>
                                            <proc:CurrentYear>0.004</proc:CurrentYear>
                                            <proc:BudgetYearOneBase>0.004</proc:BudgetYearOneBase>
                                            <proc:BudgetYearOne>0.004</proc:BudgetYearOne>
                                        </proc:TotalCost>
                                        <proc:UnitCost>
                                            <proc:CurrentYear>4</proc:CurrentYear>
                                            <proc:BudgetYearOneBase>4</proc:BudgetYearOneBase>
                                            <proc:BudgetYearOne>4</proc:BudgetYearOne>
                                        </proc:UnitCost>
                                    </proc:Cost>
                                </proc:CostElement>
                            </proc:CostElementList>
                            <proc:CategorySubtotal>
                                <proc:TotalCost>
                                    <proc:AllPriorYears>18.406</proc:AllPriorYears>
                                    <proc:PriorYear>3.667</proc:PriorYear>
                                    <proc:CurrentYear>3.887</proc:CurrentYear>
                                    <proc:BudgetYearOneBase>3.803</proc:BudgetYearOneBase>
                                    <proc:BudgetYearOne>3.803</proc:BudgetYearOne>
                                </proc:TotalCost>
                            </proc:CategorySubtotal>
                        </proc:Recurring>
                        <proc:CategorySubtotal>
                            <proc:TotalCost>
                                <proc:AllPriorYears>18.406</proc:AllPriorYears>
                                <proc:PriorYear>3.667</proc:PriorYear>
                                <proc:CurrentYear>3.887</proc:CurrentYear>
                                <proc:BudgetYearOneBase>3.803</proc:BudgetYearOneBase>
                                <proc:BudgetYearOne>3.803</proc:BudgetYearOne>
                            </proc:TotalCost>
                        </proc:CategorySubtotal>
                    </proc:Hardware>
                    <proc:Support>
                        <proc:CostElementList>
                            <proc:CostElement>
                                <proc:Name>Initial Spares and Repair Parts</proc:Name>
                                <proc:Cost>
                                    <proc:TotalCost>
                                        <proc:AllPriorYears>58.907</proc:AllPriorYears>
                                    </proc:TotalCost>
                                </proc:Cost>
                            </proc:CostElement>
                        </proc:CostElementList>
                        <proc:CategorySubtotal>
                            <proc:TotalCost>
                                <proc:AllPriorYears>58.907</proc:AllPriorYears>
                            </proc:TotalCost>
                        </proc:CategorySubtotal>
                        <proc:Name>Initial Spares and Repair Parts</proc:Name>
                    </proc:Support>
                </proc:CostElementCategoryList>
            </proc:P5Item>
            <proc:P5Item>
                <proc:Name>DEFENSE SATCOM SYS SPARES (SPACE)</proc:Name>
                <proc:ItemNumber>BS9721</proc:ItemNumber>
                <proc:SecondaryDistribution>
                    <proc:ComponentList>
                        <proc:Component>
                            <proc:Name>Army Active</proc:Name>
                            <proc:Cost>
                                <proc:TotalCost>
                                    <proc:PriorYear>5.502</proc:PriorYear>
                                    <proc:CurrentYear>5.923</proc:CurrentYear>
                                    <proc:BudgetYearOneBase>3.451</proc:BudgetYearOneBase>
                                    <proc:BudgetYearOne>3.451</proc:BudgetYearOne>
                                </proc:TotalCost>
                            </proc:Cost>
                        </proc:Component>
                    </proc:ComponentList>
                </proc:SecondaryDistribution>
                <proc:Remarks>Spares are procured across multiple systems of sub-systems; Modernization of Enterprise Terminals (MET) and Baseband communications systems.  WSOMS transitions to the US Space Force in FY2026.  Frequency Digital Multiple Access (FDMA) was redesignated to Enhanced Digital Intermediate Frequency (IF) Modem (EDIM) for FY2026.</proc:Remarks>
                <proc:ResourceSummary>
                    <proc:TotalCost>
                        <proc:AllPriorYears>186.317</proc:AllPriorYears>
                        <proc:PriorYear>5.502</proc:PriorYear>
                        <proc:CurrentYear>5.923</proc:CurrentYear>
                        <proc:BudgetYearOneBase>3.451</proc:BudgetYearOneBase>
                        <proc:BudgetYearOne>3.451</proc:BudgetYearOne>
                    </proc:TotalCost>
                    <proc:NetProcurementP1>
                        <proc:AllPriorYears>186.317</proc:AllPriorYears>
                        <proc:PriorYear>5.502</proc:PriorYear>
                        <proc:CurrentYear>5.923</proc:CurrentYear>
                        <proc:BudgetYearOneBase>3.451</proc:BudgetYearOneBase>
                        <proc:BudgetYearOne>3.451</proc:BudgetYearOne>
                    </proc:NetProcurementP1>
                    <proc:TotalObligationAuthority>
                        <proc:AllPriorYears>186.317</proc:AllPriorYears>
                        <proc:PriorYear>5.502</proc:PriorYear>
                        <proc:CurrentYear>5.923</proc:CurrentYear>
                        <proc:BudgetYearOneBase>3.451</proc:BudgetYearOneBase>
                        <proc:BudgetYearOne>3.451</proc:BudgetYearOne>
                    </proc:TotalObligationAuthority>
                </proc:ResourceSummary>
                <proc:CostElementCategoryList>
                    <proc:Flyaway>
                        <proc:Recurring>
                            <proc:CostElementList>
                                <proc:CostElement>
                                    <proc:Name>Modernization of Enterprise Terminals (MET)</proc:Name>
                                    <proc:Cost>
                                        <proc:TotalCost>
                                            <proc:AllPriorYears>122.236</proc:AllPriorYears>
                                            <proc:PriorYear>3.677</proc:PriorYear>
                                            <proc:CurrentYear>2.86</proc:CurrentYear>
                                            <proc:BudgetYearOneBase>2.189</proc:BudgetYearOneBase>
                                            <proc:BudgetYearOne>2.189</proc:BudgetYearOne>
                                        </proc:TotalCost>
                                    </proc:Cost>
                                </proc:CostElement>
                                <proc:CostElement>
                                    <proc:Name>Wideband Operational Mgmt System (WSOMS)</proc:Name>
                                    <proc:Cost>
                                        <proc:TotalCost>
                                            <proc:AllPriorYears>63.781</proc:AllPriorYears>
                                            <proc:PriorYear>1.825</proc:PriorYear>
                                            <proc:CurrentYear>2.5</proc:CurrentYear>
                                        </proc:TotalCost>
                                    </proc:Cost>
                                </proc:CostElement>
                                <proc:CostElement>
                                    <proc:Name>Frequency Digital Multiple Access (FDMA) Modem</proc:Name>
                                    <proc:Cost>
                                        <proc:TotalCost>
                                            <proc:AllPriorYears>0.3</proc:AllPriorYears>
                                            <proc:CurrentYear>0.563</proc:CurrentYear>
                                        </proc:TotalCost>
                                    </proc:Cost>
                                </proc:CostElement>
                                <proc:CostElement>
                                    <proc:Name>Enhanced Digital Intermediate Frequency (IF) Modem (EDIM) - Replacement Nomenclature for FDMA</proc:Name>
                                    <proc:Cost>
                                        <proc:TotalCost>
                                            <proc:BudgetYearOneBase>1.262</proc:BudgetYearOneBase>
                                            <proc:BudgetYearOne>1.262</proc:BudgetYearOne>
                                        </proc:TotalCost>
                                    </proc:Cost>
                                </proc:CostElement>
                            </proc:CostElementList>
                            <proc:CategorySubtotal>
                                <proc:TotalCost>
                                    <proc:AllPriorYears>186.317</proc:AllPriorYears>
                                    <proc:PriorYear>5.502</proc:PriorYear>
                                    <proc:CurrentYear>5.923</proc:CurrentYear>
                                    <proc:BudgetYearOneBase>3.451</proc:BudgetYearOneBase>
                                    <proc:BudgetYearOne>3.451</proc:BudgetYearOne>
                                </proc:TotalCost>
                            </proc:CategorySubtotal>
                        </proc:Recurring>
                        <proc:CategorySubtotal>
                            <proc:TotalCost>
                                <proc:AllPriorYears>186.317</proc:AllPriorYears>
                                <proc:PriorYear>5.502</proc:PriorYear>
                                <proc:CurrentYear>5.923</proc:CurrentYear>
                                <proc:BudgetYearOneBase>3.451</proc:BudgetYearOneBase>
                                <proc:BudgetYearOne>3.451</proc:BudgetYearOne>
                            </proc:TotalCost>
                        </proc:CategorySubtotal>
                    </proc:Flyaway>
                </proc:CostElementCategoryList>
            </proc:P5Item>
        </proc:ItemExhibitList>
        <proc:DocumentAssemblyOptions>
            <proc:p40AItemScheduleSetting>item</proc:p40AItemScheduleSetting>
        </proc:DocumentAssemblyOptions>
    </proc:LineItem>
</proc:LineItemList>