<?xml version="1.0" encoding="UTF-8"?>
<proc:LineItemList xmlns:proc="http://www.dtic.mil/comptroller/xml/schema/20100219/procurement">
    <proc:LineItem quantityUnits="Each" quantityUnitName="Each" unitCostUnits="Thousands" totalCostUnits="Millions" manufacturerRateUnits="Yearly">
        <proc:LineItemNumber>5731D15610</proc:LineItemNumber>
        <proc:LineItemTitle>JOINT LIGHT TACTICAL VEHICLE FAMILY OF VEHICLES</proc:LineItemTitle>
        <proc:P1LineNumber>9</proc:P1LineNumber>
        <proc:BudgetYear>2026</proc:BudgetYear>
        <proc:BudgetCycle>PB</proc:BudgetCycle>
        <proc:SubmissionDate>2025-06</proc:SubmissionDate>
        <proc:ServiceAgencyName>Army</proc:ServiceAgencyName>
        <proc:AppropriationNumber>2035A</proc:AppropriationNumber>
        <proc:AppropriationTitle>Other Procurement, Army</proc:AppropriationTitle>
        <proc:BudgetActivityNumber>1</proc:BudgetActivityNumber>
        <proc:BudgetActivityTitle>Tactical and Support Vehicles</proc:BudgetActivityTitle>
        <proc:BudgetSubActivityNumber>10</proc:BudgetSubActivityNumber>
        <proc:BudgetSubActivityTitle>Tactical Vehicles</proc:BudgetSubActivityTitle>
        <proc:ResourceSummary>
            <proc:Quantity>
                <proc:AllPriorYears>5979</proc:AllPriorYears>
                <proc:PriorYear>2797</proc:PriorYear>
                <proc:CurrentYear>1621</proc:CurrentYear>
            </proc:Quantity>
            <proc:TotalCost>
                <proc:AllPriorYears>2304.276</proc:AllPriorYears>
                <proc:PriorYear>795.459</proc:PriorYear>
                <proc:CurrentYear>627.988</proc:CurrentYear>
                <proc:BudgetYearOneBase>45.84</proc:BudgetYearOneBase>
                <proc:BudgetYearOne>45.84</proc:BudgetYearOne>
            </proc:TotalCost>
            <proc:UnitCost>
                <proc:AllPriorYears>385.395</proc:AllPriorYears>
                <proc:PriorYear>284.397</proc:PriorYear>
                <proc:CurrentYear>387.408</proc:CurrentYear>
            </proc:UnitCost>
            <proc:NetProcurementP1>
                <proc:AllPriorYears>2304.276</proc:AllPriorYears>
                <proc:PriorYear>795.459</proc:PriorYear>
                <proc:CurrentYear>627.988</proc:CurrentYear>
                <proc:BudgetYearOneBase>45.84</proc:BudgetYearOneBase>
                <proc:BudgetYearOne>45.84</proc:BudgetYearOne>
            </proc:NetProcurementP1>
            <proc:TotalObligationAuthority>
                <proc:AllPriorYears>2304.276</proc:AllPriorYears>
                <proc:PriorYear>795.459</proc:PriorYear>
                <proc:CurrentYear>627.988</proc:CurrentYear>
                <proc:BudgetYearOneBase>45.84</proc:BudgetYearOneBase>
                <proc:BudgetYearOne>45.84</proc:BudgetYearOne>
            </proc:TotalObligationAuthority>
        </proc:ResourceSummary>
        <proc:Code>B</proc:Code>
        <proc:OtherRelatedProgramElementList>
            <proc:ProgramElementNumber>0605812A</proc:ProgramElementNumber>
            <proc:ProgramElementNumber>0605812M</proc:ProgramElementNumber>
            <proc:ProgramElementNumber>0206211M</proc:ProgramElementNumber>
        </proc:OtherRelatedProgramElementList>
        <proc:SecondaryDistribution>
            <proc:ComponentList>
                <proc:Component>
                    <proc:Name>Army Active</proc:Name>
                    <proc:Cost>
                        <proc:Quantity>
                            <proc:PriorYear>1917</proc:PriorYear>
                            <proc:CurrentYear>1331</proc:CurrentYear>
                        </proc:Quantity>
                        <proc:TotalCost>
                            <proc:PriorYear>583.962</proc:PriorYear>
                            <proc:CurrentYear>608.946</proc:CurrentYear>
                            <proc:BudgetYearOneBase>45.84</proc:BudgetYearOneBase>
                            <proc:BudgetYearOne>45.84</proc:BudgetYearOne>
                        </proc:TotalCost>
                    </proc:Cost>
                </proc:Component>
                <proc:Component>
                    <proc:Name>Army National Guard</proc:Name>
                    <proc:Cost>
                        <proc:Quantity>
                            <proc:PriorYear>366</proc:PriorYear>
                            <proc:CurrentYear>145</proc:CurrentYear>
                        </proc:Quantity>
                        <proc:TotalCost>
                            <proc:PriorYear>133.13</proc:PriorYear>
                            <proc:CurrentYear>9.448</proc:CurrentYear>
                        </proc:TotalCost>
                    </proc:Cost>
                </proc:Component>
                <proc:Component>
                    <proc:Name>Army Reserve</proc:Name>
                    <proc:Cost>
                        <proc:Quantity>
                            <proc:PriorYear>514</proc:PriorYear>
                            <proc:CurrentYear>145</proc:CurrentYear>
                        </proc:Quantity>
                        <proc:TotalCost>
                            <proc:PriorYear>78.367</proc:PriorYear>
                            <proc:CurrentYear>9.594</proc:CurrentYear>
                        </proc:TotalCost>
                    </proc:Cost>
                </proc:Component>
            </proc:ComponentList>
            <proc:TotalCost>
                <proc:Quantity>
                    <proc:PriorYear>2797</proc:PriorYear>
                    <proc:CurrentYear>1621</proc:CurrentYear>
                </proc:Quantity>
                <proc:TotalCost>
                    <proc:PriorYear>795.459</proc:PriorYear>
                    <proc:CurrentYear>627.988</proc:CurrentYear>
                    <proc:BudgetYearOneBase>45.84</proc:BudgetYearOneBase>
                    <proc:BudgetYearOne>45.84</proc:BudgetYearOne>
                </proc:TotalCost>
            </proc:TotalCost>
        </proc:SecondaryDistribution>
        <proc:Description>(Note: Gross/Weapon System Unit Cost is a function of both Joint Light Tactical Vehicle (JLTV) Truck and JLTV Trailer quantities and unit costs.  The different JLTV Truck variants (General Purpose, Heavy Guns Carrier Vehicle, Close Combat Weapons Carrier, and Utility) affect the JLTV unit costs.

The Joint Light Tactical Vehicle (JLTV) Family of Vehicles (FoV), to include a companion trailer, is a United States Army (USA) acquisition lead, joint program with the U.S. Marine Corps (USMC).   FOV consists of various configurations, capable of performing multiple mission roles and designed to provide protected, sustained, networked mobility for personnel and payloads across the full range of military operations. JLTV objectives include increased protection and performance over the current fleet; and, minimizing ownership costs by maximizing commonality, fuel efficiency, reliability, and maintaining effective competition throughout the life cycle. Commonality of components, maintenance procedures, training, etc., among vehicles is expected to be inherent in FoV solutions across mission variants to minimize total ownership cost. Unique service requirements have been minimized.

The approved Army Procurement Objective (APO) is 49,099 trucks for the U.S. Army.

The JLTV Trailer (JLTV-T) is the companion trailer to the JLTV and safely carries its payload while maintaining the same mobility characteristics of the prime mover. The JLTV-T will be fielded to units receiving JLTV trucks with a documented trailer requirement.

The approved Army Procurement Objective (APO) is 18,224 for JLTV-T for the U.S. Army.

JLTV is part of the Army Transformation Initiative.</proc:Description>
        <proc:Justification>FY 2026 Base procurement dollars in the amount of $45.840 million supports fielding, completion of Full Material Release (FMR), transition to sustainment, and program transition to USMC as the acquisition lead program.  The Joint Light Tactical Vehicles (JLTV) Trailer program does not have a FY 2026 base funding request.     

JLTV allocations are based on 24 month fielding plans that are updated semi-annually based on operational requirements. For FY 2026 - FY 2030, there are no National Guard or Reserve units identified in the 24 month fielding window that have not been previously funded. The Army remains committed to fielding National Guard and Reserve units with their authorized quantities of JLTVs and JLTV trailers.

The total quantities listed on the P-40 are not accurate. The correct quantity for vehicles is as follows: Prior Year - 5,366; FY24 - 1,623;  The correct quantity for trailers is as follows:  Prior Year - 3,854; FY25: 360.  The correct quantities are reflected on each P-5.

NOTE: This budget line D15610 is a continuation of an existing effort where prior year funds through FY 2020 are reflected under the previous budget line D15603.

In accordance with Section 1815 of the FY 2008 National Defense Authorization Act (P.L. 110-181), this item is necessary for use by the active and reserve components of the Armed Forces for homeland defense missions, domestic emergency responses, and providing military support to civil authorities.

JLTV is part of the Army Transformation Initiative.</proc:Justification>
        <proc:MDAPCode>247</proc:MDAPCode>
        <proc:ItemExhibitList>
            <proc:P5Item>
                <proc:Name>JOINT LIGHT TACTICAL VEHICLE (JLTV)</proc:Name>
                <proc:ItemNumber>D15615</proc:ItemNumber>
                <proc:IdCode>A</proc:IdCode>
                <proc:SecondaryDistribution>
                    <proc:ComponentList>
                        <proc:Component>
                            <proc:Name>Army Active</proc:Name>
                            <proc:Cost>
                                <proc:Quantity>
                                    <proc:PriorYear>1385</proc:PriorYear>
                                    <proc:CurrentYear>1166</proc:CurrentYear>
                                </proc:Quantity>
                                <proc:TotalCost>
                                    <proc:PriorYear>524.894</proc:PriorYear>
                                    <proc:CurrentYear>597.882</proc:CurrentYear>
                                    <proc:BudgetYearOneBase>45.84</proc:BudgetYearOneBase>
                                    <proc:BudgetYearOne>45.84</proc:BudgetYearOne>
                                </proc:TotalCost>
                            </proc:Cost>
                        </proc:Component>
                        <proc:Component>
                            <proc:Name>Army National Guard</proc:Name>
                            <proc:Cost>
                                <proc:Quantity>
                                    <proc:PriorYear>263</proc:PriorYear>
                                </proc:Quantity>
                                <proc:TotalCost>
                                    <proc:PriorYear>126.954</proc:PriorYear>
                                </proc:TotalCost>
                            </proc:Cost>
                        </proc:Component>
                        <proc:Component>
                            <proc:Name>Army Reserve</proc:Name>
                            <proc:Cost>
                                <proc:Quantity>
                                    <proc:PriorYear>171</proc:PriorYear>
                                </proc:Quantity>
                                <proc:TotalCost>
                                    <proc:PriorYear>57.8</proc:PriorYear>
                                </proc:TotalCost>
                            </proc:Cost>
                        </proc:Component>
                    </proc:ComponentList>
                </proc:SecondaryDistribution>
                <proc:Remarks>FY 2025 Gross/Weapons System Unit cost supports completion of FMR and fieldings through FY 2027.

Engineering Change Proposals, Program Management, System Technical Support, Training Cost, Technical Publications - FY 2025 to FY 2026 decrease is due to the completion of the requirements in FY 2025. 

Fielding - FY 2025 to FY 2026 decrease due to the completion of vehicle procurement in FY 2025.

Interim Contractor Support (ICS) - FY 2025 to FY 2026 increase due to the start of A2 logistics support.

Test - FY 2025 to FY 2026 decrease due to completion of testing efforts.  Remaining FY 2026 amount is for refurbishment of vehicles.</proc:Remarks>
                <proc:ResourceSummary>
                    <proc:Quantity>
                        <proc:AllPriorYears>3138</proc:AllPriorYears>
                        <proc:PriorYear>1819</proc:PriorYear>
                        <proc:CurrentYear>1166</proc:CurrentYear>
                    </proc:Quantity>
                    <proc:TotalCost>
                        <proc:AllPriorYears>2104.624</proc:AllPriorYears>
                        <proc:PriorYear>709.648</proc:PriorYear>
                        <proc:CurrentYear>597.882</proc:CurrentYear>
                        <proc:BudgetYearOneBase>45.84</proc:BudgetYearOneBase>
                        <proc:BudgetYearOne>45.84</proc:BudgetYearOne>
                    </proc:TotalCost>
                    <proc:UnitCost>
                        <proc:AllPriorYears>670.69</proc:AllPriorYears>
                        <proc:PriorYear>390.131</proc:PriorYear>
                        <proc:CurrentYear>512.763</proc:CurrentYear>
                    </proc:UnitCost>
                    <proc:NetProcurementP1>
                        <proc:AllPriorYears>2104.624</proc:AllPriorYears>
                        <proc:PriorYear>709.648</proc:PriorYear>
                        <proc:CurrentYear>597.882</proc:CurrentYear>
                        <proc:BudgetYearOneBase>45.84</proc:BudgetYearOneBase>
                        <proc:BudgetYearOne>45.84</proc:BudgetYearOne>
                    </proc:NetProcurementP1>
                    <proc:TotalObligationAuthority>
                        <proc:AllPriorYears>2104.624</proc:AllPriorYears>
                        <proc:PriorYear>709.648</proc:PriorYear>
                        <proc:CurrentYear>597.882</proc:CurrentYear>
                        <proc:BudgetYearOneBase>45.84</proc:BudgetYearOneBase>
                        <proc:BudgetYearOne>45.84</proc:BudgetYearOne>
                    </proc:TotalObligationAuthority>
                </proc:ResourceSummary>
                <proc:CostElementCategoryList>
                    <proc:Flyaway>
                        <proc:Recurring>
                            <proc:CostElementList>
                                <proc:CostElement>
                                    <proc:Name>--General Purpose</proc:Name>
                                    <proc:Cost>
                                        <proc:Quantity>
                                            <proc:AllPriorYears>1933</proc:AllPriorYears>
                                            <proc:PriorYear>562</proc:PriorYear>
                                            <proc:CurrentYear>418</proc:CurrentYear>
                                        </proc:Quantity>
                                        <proc:TotalCost>
                                            <proc:AllPriorYears>533.006</proc:AllPriorYears>
                                            <proc:PriorYear>174.945</proc:PriorYear>
                                            <proc:CurrentYear>134.827</proc:CurrentYear>
                                        </proc:TotalCost>
                                        <proc:UnitCost>
                                            <proc:AllPriorYears>275.74</proc:AllPriorYears>
                                            <proc:PriorYear>311.29</proc:PriorYear>
                                            <proc:CurrentYear>322.553</proc:CurrentYear>
                                        </proc:UnitCost>
                                    </proc:Cost>
                                    <proc:AllPriorYearsDeliveries>1933</proc:AllPriorYearsDeliveries>
                                    <proc:ManufacturerList>
                                        <proc:Manufacturer>
                                            <proc:Name>- General Purpose</proc:Name>
                                            <proc:Location>Oshkosh Defense LLC, Oshkosh Wisconsin</proc:Location>
                                            <proc:HistoryPlanningList>
                                                <proc:HistoryPlanning>
                                                    <proc:FiscalYear>2024</proc:FiscalYear>
                                                    <proc:PCOLocation>TACOM Warren, MI</proc:PCOLocation>
                                                    <proc:AwardDate>2023-11</proc:AwardDate>
                                                    <proc:FirstDeliveryDate>2024-09</proc:FirstDeliveryDate>
                                                    <proc:Quantity>102</proc:Quantity>
                                                    <proc:UnitCost>286.11</proc:UnitCost>
                                                    <proc:SpecsAvailableNow>true</proc:SpecsAvailableNow>
                                                    <proc:RFPIssueDate>2014-02</proc:RFPIssueDate>
                                                    <proc:ContractMethod>C</proc:ContractMethod>
                                                    <proc:ContractType>FFP</proc:ContractType>
                                                </proc:HistoryPlanning>
                                            </proc:HistoryPlanningList>
                                        </proc:Manufacturer>
                                        <proc:Manufacturer>
                                            <proc:Name>-General Purpose</proc:Name>
                                            <proc:Location>AM General LLC, South Bend, IN</proc:Location>
                                            <proc:HistoryPlanningList>
                                                <proc:HistoryPlanning>
                                                    <proc:FiscalYear>2024</proc:FiscalYear>
                                                    <proc:PCOLocation>TACOM Warren, MI</proc:PCOLocation>
                                                    <proc:AwardDate>2024-01</proc:AwardDate>
                                                    <proc:FirstDeliveryDate>2025-07</proc:FirstDeliveryDate>
                                                    <proc:Quantity>311</proc:Quantity>
                                                    <proc:UnitCost>316.987</proc:UnitCost>
                                                    <proc:SpecsAvailableNow>true</proc:SpecsAvailableNow>
                                                    <proc:RFPIssueDate>2022-02</proc:RFPIssueDate>
                                                    <proc:ContractMethod>C</proc:ContractMethod>
                                                    <proc:ContractType>FFP</proc:ContractType>
                                                </proc:HistoryPlanning>
                                                <proc:HistoryPlanning>
                                                    <proc:FiscalYear>2024</proc:FiscalYear>
                                                    <proc:PCOLocation>TACOM Warren, MI</proc:PCOLocation>
                                                    <proc:AwardDate>2024-09</proc:AwardDate>
                                                    <proc:FirstDeliveryDate>2025-12</proc:FirstDeliveryDate>
                                                    <proc:Quantity>149</proc:Quantity>
                                                    <proc:UnitCost>316.638</proc:UnitCost>
                                                    <proc:SpecsAvailableNow>true</proc:SpecsAvailableNow>
                                                    <proc:RFPIssueDate>2022-02</proc:RFPIssueDate>
                                                    <proc:ContractMethod>C</proc:ContractMethod>
                                                    <proc:ContractType>FFP</proc:ContractType>
                                                </proc:HistoryPlanning>
                                                <proc:HistoryPlanning>
                                                    <proc:FiscalYear>2025</proc:FiscalYear>
                                                    <proc:PCOLocation>TACOM Warren, MI</proc:PCOLocation>
                                                    <proc:AwardDate>2025-01</proc:AwardDate>
                                                    <proc:FirstDeliveryDate>2026-04</proc:FirstDeliveryDate>
                                                    <proc:Quantity>232</proc:Quantity>
                                                    <proc:UnitCost>317.431</proc:UnitCost>
                                                    <proc:SpecsAvailableNow>true</proc:SpecsAvailableNow>
                                                    <proc:RFPIssueDate>2022-02</proc:RFPIssueDate>
                                                    <proc:ContractMethod>C</proc:ContractMethod>
                                                    <proc:ContractType>FFP</proc:ContractType>
                                                </proc:HistoryPlanning>
                                                <proc:HistoryPlanning>
                                                    <proc:FiscalYear>2025</proc:FiscalYear>
                                                    <proc:PCOLocation>TACOM Warren, MI</proc:PCOLocation>
                                                    <proc:AwardDate>2025-07</proc:AwardDate>
                                                    <proc:FirstDeliveryDate>2026-05</proc:FirstDeliveryDate>
                                                    <proc:Quantity>186</proc:Quantity>
                                                    <proc:UnitCost>328.943</proc:UnitCost>
                                                    <proc:SpecsAvailableNow>true</proc:SpecsAvailableNow>
                                                    <proc:RFPIssueDate>2022-02</proc:RFPIssueDate>
                                                    <proc:ContractMethod>C</proc:ContractMethod>
                                                    <proc:ContractType>FFP</proc:ContractType>
                                                </proc:HistoryPlanning>
                                            </proc:HistoryPlanningList>
                                        </proc:Manufacturer>
                                    </proc:ManufacturerList>
                                </proc:CostElement>
                                <proc:CostElement>
                                    <proc:Name>--Heavy Guns Carrier</proc:Name>
                                    <proc:Cost>
                                        <proc:Quantity>
                                            <proc:AllPriorYears>1216</proc:AllPriorYears>
                                            <proc:PriorYear>453</proc:PriorYear>
                                            <proc:CurrentYear>243</proc:CurrentYear>
                                        </proc:Quantity>
                                        <proc:TotalCost>
                                            <proc:AllPriorYears>322.483</proc:AllPriorYears>
                                            <proc:PriorYear>143.23</proc:PriorYear>
                                            <proc:CurrentYear>78.252</proc:CurrentYear>
                                        </proc:TotalCost>
                                        <proc:UnitCost>
                                            <proc:AllPriorYears>265.2</proc:AllPriorYears>
                                            <proc:PriorYear>316.181</proc:PriorYear>
                                            <proc:CurrentYear>322.025</proc:CurrentYear>
                                        </proc:UnitCost>
                                    </proc:Cost>
                                    <proc:AllPriorYearsDeliveries>1216</proc:AllPriorYearsDeliveries>
                                    <proc:ManufacturerList>
                                        <proc:Manufacturer>
                                            <proc:Name>-Heavy Guns Carrier</proc:Name>
                                            <proc:Location>AM General LLC, South Bend, IN</proc:Location>
                                            <proc:HistoryPlanningList>
                                                <proc:HistoryPlanning>
                                                    <proc:FiscalYear>2024</proc:FiscalYear>
                                                    <proc:PCOLocation>TACOM Warren, MI</proc:PCOLocation>
                                                    <proc:AwardDate>2024-01</proc:AwardDate>
                                                    <proc:FirstDeliveryDate>2025-07</proc:FirstDeliveryDate>
                                                    <proc:Quantity>254</proc:Quantity>
                                                    <proc:UnitCost>316.353</proc:UnitCost>
                                                    <proc:SpecsAvailableNow>true</proc:SpecsAvailableNow>
                                                    <proc:RFPIssueDate>2022-02</proc:RFPIssueDate>
                                                    <proc:ContractMethod>C</proc:ContractMethod>
                                                    <proc:ContractType>FFP</proc:ContractType>
                                                </proc:HistoryPlanning>
                                                <proc:HistoryPlanning>
                                                    <proc:FiscalYear>2024</proc:FiscalYear>
                                                    <proc:PCOLocation>TACOM Warren, MI</proc:PCOLocation>
                                                    <proc:AwardDate>2024-09</proc:AwardDate>
                                                    <proc:FirstDeliveryDate>2025-12</proc:FirstDeliveryDate>
                                                    <proc:Quantity>199</proc:Quantity>
                                                    <proc:UnitCost>315.963</proc:UnitCost>
                                                    <proc:SpecsAvailableNow>true</proc:SpecsAvailableNow>
                                                    <proc:RFPIssueDate>2022-02</proc:RFPIssueDate>
                                                    <proc:ContractMethod>C</proc:ContractMethod>
                                                    <proc:ContractType>FFP</proc:ContractType>
                                                </proc:HistoryPlanning>
                                                <proc:HistoryPlanning>
                                                    <proc:FiscalYear>2025</proc:FiscalYear>
                                                    <proc:PCOLocation>TACOM Warren, MI</proc:PCOLocation>
                                                    <proc:AwardDate>2025-01</proc:AwardDate>
                                                    <proc:FirstDeliveryDate>2026-04</proc:FirstDeliveryDate>
                                                    <proc:Quantity>133</proc:Quantity>
                                                    <proc:UnitCost>316.865</proc:UnitCost>
                                                    <proc:SpecsAvailableNow>true</proc:SpecsAvailableNow>
                                                    <proc:RFPIssueDate>2022-02</proc:RFPIssueDate>
                                                    <proc:ContractMethod>C</proc:ContractMethod>
                                                    <proc:ContractType>FFP</proc:ContractType>
                                                </proc:HistoryPlanning>
                                                <proc:HistoryPlanning>
                                                    <proc:FiscalYear>2025</proc:FiscalYear>
                                                    <proc:PCOLocation>TACOM Warren, MI</proc:PCOLocation>
                                                    <proc:AwardDate>2025-07</proc:AwardDate>
                                                    <proc:FirstDeliveryDate>2026-05</proc:FirstDeliveryDate>
                                                    <proc:Quantity>110</proc:Quantity>
                                                    <proc:UnitCost>328.264</proc:UnitCost>
                                                    <proc:SpecsAvailableNow>true</proc:SpecsAvailableNow>
                                                    <proc:RFPIssueDate>2022-02</proc:RFPIssueDate>
                                                    <proc:ContractMethod>C</proc:ContractMethod>
                                                    <proc:ContractType>FFP</proc:ContractType>
                                                </proc:HistoryPlanning>
                                            </proc:HistoryPlanningList>
                                        </proc:Manufacturer>
                                    </proc:ManufacturerList>
                                </proc:CostElement>
                                <proc:CostElement>
                                    <proc:Name>--Utility</proc:Name>
                                    <proc:Cost>
                                        <proc:Quantity>
                                            <proc:AllPriorYears>2217</proc:AllPriorYears>
                                            <proc:PriorYear>608</proc:PriorYear>
                                            <proc:CurrentYear>505</proc:CurrentYear>
                                        </proc:Quantity>
                                        <proc:TotalCost>
                                            <proc:AllPriorYears>583.557</proc:AllPriorYears>
                                            <proc:PriorYear>161.247</proc:PriorYear>
                                            <proc:CurrentYear>157.254</proc:CurrentYear>
                                        </proc:TotalCost>
                                        <proc:UnitCost>
                                            <proc:AllPriorYears>263.219</proc:AllPriorYears>
                                            <proc:PriorYear>265.209</proc:PriorYear>
                                            <proc:CurrentYear>311.394</proc:CurrentYear>
                                        </proc:UnitCost>
                                    </proc:Cost>
                                    <proc:AllPriorYearsDeliveries>2217</proc:AllPriorYearsDeliveries>
                                    <proc:ManufacturerList>
                                        <proc:Manufacturer>
                                            <proc:Name>-Utility</proc:Name>
                                            <proc:Location>AM General LLC, South Bend, IN</proc:Location>
                                            <proc:HistoryPlanningList>
                                                <proc:HistoryPlanning>
                                                    <proc:FiscalYear>2024</proc:FiscalYear>
                                                    <proc:PCOLocation>TACOM Warren, MI</proc:PCOLocation>
                                                    <proc:AwardDate>2024-01</proc:AwardDate>
                                                    <proc:FirstDeliveryDate>2025-07</proc:FirstDeliveryDate>
                                                    <proc:Quantity>522</proc:Quantity>
                                                    <proc:UnitCost>258.461</proc:UnitCost>
                                                    <proc:SpecsAvailableNow>true</proc:SpecsAvailableNow>
                                                    <proc:RFPIssueDate>2022-02</proc:RFPIssueDate>
                                                    <proc:ContractMethod>C</proc:ContractMethod>
                                                    <proc:ContractType>FFP</proc:ContractType>
                                                </proc:HistoryPlanning>
                                                <proc:HistoryPlanning>
                                                    <proc:FiscalYear>2024</proc:FiscalYear>
                                                    <proc:PCOLocation>TACOM Warren, MI</proc:PCOLocation>
                                                    <proc:AwardDate>2024-09</proc:AwardDate>
                                                    <proc:FirstDeliveryDate>2025-12</proc:FirstDeliveryDate>
                                                    <proc:Quantity>86</proc:Quantity>
                                                    <proc:UnitCost>306.159</proc:UnitCost>
                                                    <proc:SpecsAvailableNow>true</proc:SpecsAvailableNow>
                                                    <proc:RFPIssueDate>2022-02</proc:RFPIssueDate>
                                                    <proc:ContractMethod>C</proc:ContractMethod>
                                                    <proc:ContractType>FFP</proc:ContractType>
                                                </proc:HistoryPlanning>
                                                <proc:HistoryPlanning>
                                                    <proc:FiscalYear>2025</proc:FiscalYear>
                                                    <proc:PCOLocation>TACOM Warren, MI</proc:PCOLocation>
                                                    <proc:AwardDate>2025-01</proc:AwardDate>
                                                    <proc:FirstDeliveryDate>2026-04</proc:FirstDeliveryDate>
                                                    <proc:Quantity>299</proc:Quantity>
                                                    <proc:UnitCost>306.624</proc:UnitCost>
                                                    <proc:SpecsAvailableNow>true</proc:SpecsAvailableNow>
                                                    <proc:RFPIssueDate>2022-02</proc:RFPIssueDate>
                                                    <proc:ContractMethod>C</proc:ContractMethod>
                                                    <proc:ContractType>FFP</proc:ContractType>
                                                </proc:HistoryPlanning>
                                                <proc:HistoryPlanning>
                                                    <proc:FiscalYear>2025</proc:FiscalYear>
                                                    <proc:PCOLocation>TACOM Warren, MI</proc:PCOLocation>
                                                    <proc:AwardDate>2025-07</proc:AwardDate>
                                                    <proc:FirstDeliveryDate>2026-05</proc:FirstDeliveryDate>
                                                    <proc:Quantity>206</proc:Quantity>
                                                    <proc:UnitCost>318.318</proc:UnitCost>
                                                    <proc:SpecsAvailableNow>true</proc:SpecsAvailableNow>
                                                    <proc:RFPIssueDate>2022-02</proc:RFPIssueDate>
                                                    <proc:ContractMethod>C</proc:ContractMethod>
                                                    <proc:ContractType>FFP</proc:ContractType>
                                                </proc:HistoryPlanning>
                                            </proc:HistoryPlanningList>
                                        </proc:Manufacturer>
                                    </proc:ManufacturerList>
                                </proc:CostElement>
                                <proc:CostElement>
                                    <proc:Name>--Kits</proc:Name>
                                    <proc:Cost>
                                        <proc:TotalCost>
                                            <proc:AllPriorYears>323.275</proc:AllPriorYears>
                                            <proc:PriorYear>77.247</proc:PriorYear>
                                            <proc:CurrentYear>38.858</proc:CurrentYear>
                                        </proc:TotalCost>
                                    </proc:Cost>
                                </proc:CostElement>
                            </proc:CostElementList>
                            <proc:CategorySubtotal>
                                <proc:TotalCost>
                                    <proc:AllPriorYears>1762.321</proc:AllPriorYears>
                                    <proc:PriorYear>556.669</proc:PriorYear>
                                    <proc:CurrentYear>409.191</proc:CurrentYear>
                                </proc:TotalCost>
                            </proc:CategorySubtotal>
                        </proc:Recurring>
                        <proc:CategorySubtotal>
                            <proc:TotalCost>
                                <proc:AllPriorYears>1762.321</proc:AllPriorYears>
                                <proc:PriorYear>556.669</proc:PriorYear>
                                <proc:CurrentYear>409.191</proc:CurrentYear>
                            </proc:TotalCost>
                        </proc:CategorySubtotal>
                    </proc:Flyaway>
                    <proc:Support>
                        <proc:CostElementList>
                            <proc:CostElement>
                                <proc:Name>Technical Publications</proc:Name>
                                <proc:Cost>
                                    <proc:TotalCost>
                                        <proc:AllPriorYears>1.475</proc:AllPriorYears>
                                        <proc:CurrentYear>0.471</proc:CurrentYear>
                                    </proc:TotalCost>
                                </proc:Cost>
                            </proc:CostElement>
                        </proc:CostElementList>
                        <proc:CategorySubtotal>
                            <proc:TotalCost>
                                <proc:AllPriorYears>1.475</proc:AllPriorYears>
                                <proc:CurrentYear>0.471</proc:CurrentYear>
                            </proc:TotalCost>
                        </proc:CategorySubtotal>
                        <proc:Name>Data</proc:Name>
                    </proc:Support>
                    <proc:Support>
                        <proc:CostElementList>
                            <proc:CostElement>
                                <proc:Name>Engineering Change Proposals</proc:Name>
                                <proc:Cost>
                                    <proc:TotalCost>
                                        <proc:AllPriorYears>16.301</proc:AllPriorYears>
                                        <proc:PriorYear>8.022</proc:PriorYear>
                                        <proc:CurrentYear>0.254</proc:CurrentYear>
                                    </proc:TotalCost>
                                </proc:Cost>
                            </proc:CostElement>
                        </proc:CostElementList>
                        <proc:CategorySubtotal>
                            <proc:TotalCost>
                                <proc:AllPriorYears>16.301</proc:AllPriorYears>
                                <proc:PriorYear>8.022</proc:PriorYear>
                                <proc:CurrentYear>0.254</proc:CurrentYear>
                            </proc:TotalCost>
                        </proc:CategorySubtotal>
                        <proc:Name>Engineering Change Proposals</proc:Name>
                    </proc:Support>
                    <proc:Support>
                        <proc:CostElementList>
                            <proc:CostElement>
                                <proc:Name>Fielding</proc:Name>
                                <proc:Cost>
                                    <proc:TotalCost>
                                        <proc:AllPriorYears>118.312</proc:AllPriorYears>
                                        <proc:PriorYear>53.293</proc:PriorYear>
                                        <proc:CurrentYear>148.329</proc:CurrentYear>
                                        <proc:BudgetYearOneBase>30.74</proc:BudgetYearOneBase>
                                        <proc:BudgetYearOne>30.74</proc:BudgetYearOne>
                                    </proc:TotalCost>
                                </proc:Cost>
                            </proc:CostElement>
                        </proc:CostElementList>
                        <proc:CategorySubtotal>
                            <proc:TotalCost>
                                <proc:AllPriorYears>118.312</proc:AllPriorYears>
                                <proc:PriorYear>53.293</proc:PriorYear>
                                <proc:CurrentYear>148.329</proc:CurrentYear>
                                <proc:BudgetYearOneBase>30.74</proc:BudgetYearOneBase>
                                <proc:BudgetYearOne>30.74</proc:BudgetYearOne>
                            </proc:TotalCost>
                        </proc:CategorySubtotal>
                        <proc:Name>Fielding</proc:Name>
                    </proc:Support>
                    <proc:Support>
                        <proc:CostElementList>
                            <proc:CostElement>
                                <proc:Name>Sustainment/Interim Contractor Support</proc:Name>
                                <proc:Cost>
                                    <proc:TotalCost>
                                        <proc:AllPriorYears>17.614</proc:AllPriorYears>
                                        <proc:BudgetYearOneBase>14</proc:BudgetYearOneBase>
                                        <proc:BudgetYearOne>14</proc:BudgetYearOne>
                                    </proc:TotalCost>
                                </proc:Cost>
                            </proc:CostElement>
                        </proc:CostElementList>
                        <proc:CategorySubtotal>
                            <proc:TotalCost>
                                <proc:AllPriorYears>17.614</proc:AllPriorYears>
                                <proc:BudgetYearOneBase>14</proc:BudgetYearOneBase>
                                <proc:BudgetYearOne>14</proc:BudgetYearOne>
                            </proc:TotalCost>
                        </proc:CategorySubtotal>
                        <proc:Name>Operational/Site Activation</proc:Name>
                    </proc:Support>
                    <proc:Support>
                        <proc:CostElementList>
                            <proc:CostElement>
                                <proc:Name>Government Management</proc:Name>
                                <proc:Cost>
                                    <proc:TotalCost>
                                        <proc:AllPriorYears>87.623</proc:AllPriorYears>
                                        <proc:PriorYear>50.706</proc:PriorYear>
                                        <proc:CurrentYear>20.096</proc:CurrentYear>
                                    </proc:TotalCost>
                                </proc:Cost>
                            </proc:CostElement>
                            <proc:CostElement>
                                <proc:Name>Contractor Management</proc:Name>
                                <proc:Cost>
                                    <proc:TotalCost>
                                        <proc:AllPriorYears>21.04</proc:AllPriorYears>
                                        <proc:PriorYear>17.629</proc:PriorYear>
                                        <proc:CurrentYear>10.506</proc:CurrentYear>
                                    </proc:TotalCost>
                                </proc:Cost>
                            </proc:CostElement>
                        </proc:CostElementList>
                        <proc:CategorySubtotal>
                            <proc:TotalCost>
                                <proc:AllPriorYears>108.663</proc:AllPriorYears>
                                <proc:PriorYear>68.335</proc:PriorYear>
                                <proc:CurrentYear>30.602</proc:CurrentYear>
                            </proc:TotalCost>
                        </proc:CategorySubtotal>
                        <proc:Name>Program Management</proc:Name>
                    </proc:Support>
                    <proc:Support>
                        <proc:CostElementList>
                            <proc:CostElement>
                                <proc:Name>System Technical Support (STS)</proc:Name>
                                <proc:Cost>
                                    <proc:TotalCost>
                                        <proc:AllPriorYears>66.62</proc:AllPriorYears>
                                        <proc:PriorYear>19.238</proc:PriorYear>
                                    </proc:TotalCost>
                                </proc:Cost>
                            </proc:CostElement>
                        </proc:CostElementList>
                        <proc:CategorySubtotal>
                            <proc:TotalCost>
                                <proc:AllPriorYears>66.62</proc:AllPriorYears>
                                <proc:PriorYear>19.238</proc:PriorYear>
                            </proc:TotalCost>
                        </proc:CategorySubtotal>
                        <proc:Name>System Technical Support (STS)</proc:Name>
                    </proc:Support>
                    <proc:Support>
                        <proc:CostElementList>
                            <proc:CostElement>
                                <proc:Name>Test and Evaluation Support</proc:Name>
                                <proc:Cost>
                                    <proc:TotalCost>
                                        <proc:AllPriorYears>12.392</proc:AllPriorYears>
                                        <proc:PriorYear>3.435</proc:PriorYear>
                                        <proc:CurrentYear>8.628</proc:CurrentYear>
                                        <proc:BudgetYearOneBase>1.1</proc:BudgetYearOneBase>
                                        <proc:BudgetYearOne>1.1</proc:BudgetYearOne>
                                    </proc:TotalCost>
                                </proc:Cost>
                            </proc:CostElement>
                        </proc:CostElementList>
                        <proc:CategorySubtotal>
                            <proc:TotalCost>
                                <proc:AllPriorYears>12.392</proc:AllPriorYears>
                                <proc:PriorYear>3.435</proc:PriorYear>
                                <proc:CurrentYear>8.628</proc:CurrentYear>
                                <proc:BudgetYearOneBase>1.1</proc:BudgetYearOneBase>
                                <proc:BudgetYearOne>1.1</proc:BudgetYearOne>
                            </proc:TotalCost>
                        </proc:CategorySubtotal>
                        <proc:Name>System Test and Evaluation</proc:Name>
                    </proc:Support>
                    <proc:Support>
                        <proc:CostElementList>
                            <proc:CostElement>
                                <proc:Name>Equipment</proc:Name>
                                <proc:Cost>
                                    <proc:TotalCost>
                                        <proc:AllPriorYears>0.926</proc:AllPriorYears>
                                        <proc:PriorYear>0.656</proc:PriorYear>
                                        <proc:CurrentYear>0.407</proc:CurrentYear>
                                    </proc:TotalCost>
                                </proc:Cost>
                            </proc:CostElement>
                        </proc:CostElementList>
                        <proc:CategorySubtotal>
                            <proc:TotalCost>
                                <proc:AllPriorYears>0.926</proc:AllPriorYears>
                                <proc:PriorYear>0.656</proc:PriorYear>
                                <proc:CurrentYear>0.407</proc:CurrentYear>
                            </proc:TotalCost>
                        </proc:CategorySubtotal>
                        <proc:Name>Training</proc:Name>
                    </proc:Support>
                </proc:CostElementCategoryList>
            </proc:P5Item>
            <proc:P5Item>
                <proc:Name>JOINT LIGHT TACTICAL VEHICLE TRAILER (JLTV-T)</proc:Name>
                <proc:ItemNumber>D15618</proc:ItemNumber>
                <proc:SecondaryDistribution>
                    <proc:ComponentList>
                        <proc:Component>
                            <proc:Name>Army Active</proc:Name>
                            <proc:Cost>
                                <proc:Quantity>
                                    <proc:PriorYear>532</proc:PriorYear>
                                    <proc:CurrentYear>165</proc:CurrentYear>
                                </proc:Quantity>
                                <proc:TotalCost>
                                    <proc:PriorYear>59.068</proc:PriorYear>
                                    <proc:CurrentYear>11.064</proc:CurrentYear>
                                </proc:TotalCost>
                            </proc:Cost>
                        </proc:Component>
                        <proc:Component>
                            <proc:Name>Army National Guard</proc:Name>
                            <proc:Cost>
                                <proc:Quantity>
                                    <proc:PriorYear>103</proc:PriorYear>
                                    <proc:CurrentYear>145</proc:CurrentYear>
                                </proc:Quantity>
                                <proc:TotalCost>
                                    <proc:PriorYear>6.176</proc:PriorYear>
                                    <proc:CurrentYear>9.448</proc:CurrentYear>
                                </proc:TotalCost>
                            </proc:Cost>
                        </proc:Component>
                        <proc:Component>
                            <proc:Name>Army Reserve</proc:Name>
                            <proc:Cost>
                                <proc:Quantity>
                                    <proc:PriorYear>343</proc:PriorYear>
                                    <proc:CurrentYear>145</proc:CurrentYear>
                                </proc:Quantity>
                                <proc:TotalCost>
                                    <proc:PriorYear>20.567</proc:PriorYear>
                                    <proc:CurrentYear>9.594</proc:CurrentYear>
                                </proc:TotalCost>
                            </proc:Cost>
                        </proc:Component>
                    </proc:ComponentList>
                </proc:SecondaryDistribution>
                <proc:Remarks>Engineering Change Proposals, Fielding, Contractor Management, System Technical Support - FY 2025 to FY 2026 decrease is due to the completion of trailer procurement in FY 2025.</proc:Remarks>
                <proc:ResourceSummary>
                    <proc:Quantity>
                        <proc:AllPriorYears>2841</proc:AllPriorYears>
                        <proc:PriorYear>978</proc:PriorYear>
                        <proc:CurrentYear>455</proc:CurrentYear>
                    </proc:Quantity>
                    <proc:TotalCost>
                        <proc:AllPriorYears>199.652</proc:AllPriorYears>
                        <proc:PriorYear>85.811</proc:PriorYear>
                        <proc:CurrentYear>30.106</proc:CurrentYear>
                    </proc:TotalCost>
                    <proc:UnitCost>
                        <proc:AllPriorYears>70.275</proc:AllPriorYears>
                        <proc:PriorYear>87.741</proc:PriorYear>
                        <proc:CurrentYear>66.167</proc:CurrentYear>
                    </proc:UnitCost>
                    <proc:NetProcurementP1>
                        <proc:AllPriorYears>199.652</proc:AllPriorYears>
                        <proc:PriorYear>85.811</proc:PriorYear>
                        <proc:CurrentYear>30.106</proc:CurrentYear>
                    </proc:NetProcurementP1>
                    <proc:TotalObligationAuthority>
                        <proc:AllPriorYears>199.652</proc:AllPriorYears>
                        <proc:PriorYear>85.811</proc:PriorYear>
                        <proc:CurrentYear>30.106</proc:CurrentYear>
                    </proc:TotalObligationAuthority>
                </proc:ResourceSummary>
                <proc:CostElementCategoryList>
                    <proc:Flyaway>
                        <proc:Recurring>
                            <proc:CostElementList>
                                <proc:CostElement>
                                    <proc:Name>Trailers</proc:Name>
                                    <proc:Cost>
                                        <proc:Quantity>
                                            <proc:AllPriorYears>3854</proc:AllPriorYears>
                                            <proc:PriorYear>978</proc:PriorYear>
                                            <proc:CurrentYear>360</proc:CurrentYear>
                                        </proc:Quantity>
                                        <proc:TotalCost>
                                            <proc:AllPriorYears>180.431</proc:AllPriorYears>
                                            <proc:PriorYear>52.018</proc:PriorYear>
                                            <proc:CurrentYear>22.035</proc:CurrentYear>
                                        </proc:TotalCost>
                                        <proc:UnitCost>
                                            <proc:AllPriorYears>46.817</proc:AllPriorYears>
                                            <proc:PriorYear>53.188</proc:PriorYear>
                                            <proc:CurrentYear>61.208</proc:CurrentYear>
                                        </proc:UnitCost>
                                    </proc:Cost>
                                    <proc:AllPriorYearsDeliveries>3854</proc:AllPriorYearsDeliveries>
                                    <proc:ManufacturerList>
                                        <proc:Manufacturer>
                                            <proc:Name>AM General LLC</proc:Name>
                                            <proc:Location>South Bend, IN</proc:Location>
                                            <proc:HistoryPlanningList>
                                                <proc:HistoryPlanning>
                                                    <proc:FiscalYear>2024</proc:FiscalYear>
                                                    <proc:PCOLocation>TACOM Warren, MI</proc:PCOLocation>
                                                    <proc:AwardDate>2024-01</proc:AwardDate>
                                                    <proc:FirstDeliveryDate>2025-07</proc:FirstDeliveryDate>
                                                    <proc:Quantity>978</proc:Quantity>
                                                    <proc:UnitCost>53.188</proc:UnitCost>
                                                    <proc:SpecsAvailableNow>true</proc:SpecsAvailableNow>
                                                    <proc:RFPIssueDate>2022-02</proc:RFPIssueDate>
                                                    <proc:ContractMethod>C</proc:ContractMethod>
                                                    <proc:ContractType>FFP</proc:ContractType>
                                                </proc:HistoryPlanning>
                                                <proc:HistoryPlanning>
                                                    <proc:FiscalYear>2025</proc:FiscalYear>
                                                    <proc:PCOLocation>TACOM Warren, MI</proc:PCOLocation>
                                                    <proc:AwardDate>2025-01</proc:AwardDate>
                                                    <proc:FirstDeliveryDate>2025-07</proc:FirstDeliveryDate>
                                                    <proc:Quantity>219</proc:Quantity>
                                                    <proc:UnitCost>60.712</proc:UnitCost>
                                                    <proc:SpecsAvailableNow>true</proc:SpecsAvailableNow>
                                                    <proc:RFPIssueDate>2022-02</proc:RFPIssueDate>
                                                    <proc:ContractMethod>C</proc:ContractMethod>
                                                    <proc:ContractType>FFP</proc:ContractType>
                                                </proc:HistoryPlanning>
                                                <proc:HistoryPlanning>
                                                    <proc:FiscalYear>2025</proc:FiscalYear>
                                                    <proc:PCOLocation>TACOM Warren, MI</proc:PCOLocation>
                                                    <proc:AwardDate>2025-07</proc:AwardDate>
                                                    <proc:FirstDeliveryDate>2026-01</proc:FirstDeliveryDate>
                                                    <proc:Quantity>141</proc:Quantity>
                                                    <proc:UnitCost>61.864</proc:UnitCost>
                                                    <proc:SpecsAvailableNow>true</proc:SpecsAvailableNow>
                                                    <proc:RFPIssueDate>2022-02</proc:RFPIssueDate>
                                                    <proc:ContractMethod>C</proc:ContractMethod>
                                                    <proc:ContractType>FFP</proc:ContractType>
                                                </proc:HistoryPlanning>
                                            </proc:HistoryPlanningList>
                                        </proc:Manufacturer>
                                    </proc:ManufacturerList>
                                </proc:CostElement>
                            </proc:CostElementList>
                            <proc:CategorySubtotal>
                                <proc:TotalCost>
                                    <proc:AllPriorYears>180.431</proc:AllPriorYears>
                                    <proc:PriorYear>52.018</proc:PriorYear>
                                    <proc:CurrentYear>22.035</proc:CurrentYear>
                                </proc:TotalCost>
                            </proc:CategorySubtotal>
                        </proc:Recurring>
                        <proc:CategorySubtotal>
                            <proc:TotalCost>
                                <proc:AllPriorYears>180.431</proc:AllPriorYears>
                                <proc:PriorYear>52.018</proc:PriorYear>
                                <proc:CurrentYear>22.035</proc:CurrentYear>
                            </proc:TotalCost>
                        </proc:CategorySubtotal>
                    </proc:Flyaway>
                    <proc:Support>
                        <proc:CostElementList>
                            <proc:CostElement>
                                <proc:Name>Engineering Change Proposals</proc:Name>
                                <proc:Cost>
                                    <proc:TotalCost>
                                        <proc:AllPriorYears>1.004</proc:AllPriorYears>
                                        <proc:PriorYear>2.363</proc:PriorYear>
                                    </proc:TotalCost>
                                </proc:Cost>
                            </proc:CostElement>
                        </proc:CostElementList>
                        <proc:CategorySubtotal>
                            <proc:TotalCost>
                                <proc:AllPriorYears>1.004</proc:AllPriorYears>
                                <proc:PriorYear>2.363</proc:PriorYear>
                            </proc:TotalCost>
                        </proc:CategorySubtotal>
                        <proc:Name>Engineering Change Proposals</proc:Name>
                    </proc:Support>
                    <proc:Support>
                        <proc:CostElementList>
                            <proc:CostElement>
                                <proc:Name>Fielding</proc:Name>
                                <proc:Cost>
                                    <proc:TotalCost>
                                        <proc:AllPriorYears>14.061</proc:AllPriorYears>
                                        <proc:PriorYear>29.436</proc:PriorYear>
                                        <proc:CurrentYear>6.523</proc:CurrentYear>
                                    </proc:TotalCost>
                                </proc:Cost>
                            </proc:CostElement>
                        </proc:CostElementList>
                        <proc:CategorySubtotal>
                            <proc:TotalCost>
                                <proc:AllPriorYears>14.061</proc:AllPriorYears>
                                <proc:PriorYear>29.436</proc:PriorYear>
                                <proc:CurrentYear>6.523</proc:CurrentYear>
                            </proc:TotalCost>
                        </proc:CategorySubtotal>
                        <proc:Name>Fielding</proc:Name>
                    </proc:Support>
                    <proc:Support>
                        <proc:CostElementList>
                            <proc:CostElement>
                                <proc:Name>Government Management</proc:Name>
                                <proc:Cost>
                                    <proc:TotalCost>
                                        <proc:AllPriorYears>1.203</proc:AllPriorYears>
                                        <proc:PriorYear>0.124</proc:PriorYear>
                                    </proc:TotalCost>
                                </proc:Cost>
                            </proc:CostElement>
                            <proc:CostElement>
                                <proc:Name>Contractor Management</proc:Name>
                                <proc:Cost>
                                    <proc:TotalCost>
                                        <proc:AllPriorYears>1.279</proc:AllPriorYears>
                                        <proc:PriorYear>1.87</proc:PriorYear>
                                        <proc:CurrentYear>1.395</proc:CurrentYear>
                                    </proc:TotalCost>
                                </proc:Cost>
                            </proc:CostElement>
                        </proc:CostElementList>
                        <proc:CategorySubtotal>
                            <proc:TotalCost>
                                <proc:AllPriorYears>2.482</proc:AllPriorYears>
                                <proc:PriorYear>1.994</proc:PriorYear>
                                <proc:CurrentYear>1.395</proc:CurrentYear>
                            </proc:TotalCost>
                        </proc:CategorySubtotal>
                        <proc:Name>Program Management</proc:Name>
                    </proc:Support>
                    <proc:Support>
                        <proc:CostElementList>
                            <proc:CostElement>
                                <proc:Name>System Technical Support (STS)</proc:Name>
                                <proc:Cost>
                                    <proc:TotalCost>
                                        <proc:AllPriorYears>0.927</proc:AllPriorYears>
                                    </proc:TotalCost>
                                </proc:Cost>
                            </proc:CostElement>
                        </proc:CostElementList>
                        <proc:CategorySubtotal>
                            <proc:TotalCost>
                                <proc:AllPriorYears>0.927</proc:AllPriorYears>
                            </proc:TotalCost>
                        </proc:CategorySubtotal>
                        <proc:Name>System Technical Support (STS)</proc:Name>
                    </proc:Support>
                    <proc:Support>
                        <proc:CostElementList>
                            <proc:CostElement>
                                <proc:Name>Test and Evaluation Support</proc:Name>
                                <proc:Cost>
                                    <proc:TotalCost>
                                        <proc:AllPriorYears>0.747</proc:AllPriorYears>
                                        <proc:CurrentYear>0.153</proc:CurrentYear>
                                    </proc:TotalCost>
                                </proc:Cost>
                            </proc:CostElement>
                        </proc:CostElementList>
                        <proc:CategorySubtotal>
                            <proc:TotalCost>
                                <proc:AllPriorYears>0.747</proc:AllPriorYears>
                                <proc:CurrentYear>0.153</proc:CurrentYear>
                            </proc:TotalCost>
                        </proc:CategorySubtotal>
                        <proc:Name>System Test and Evaluation</proc:Name>
                    </proc:Support>
                </proc:CostElementCategoryList>
            </proc:P5Item>
        </proc:ItemExhibitList>
        <proc:DocumentAssemblyOptions>
            <proc:p40AItemScheduleSetting>item</proc:p40AItemScheduleSetting>
        </proc:DocumentAssemblyOptions>
    </proc:LineItem>
</proc:LineItemList>