<?xml version="1.0" encoding="UTF-8"?>
<proc:LineItemList xmlns:proc="http://www.dtic.mil/comptroller/xml/schema/20100219/procurement">
    <proc:LineItem quantityUnits="Each" quantityUnitName="Each" unitCostUnits="Thousands" totalCostUnits="Millions" manufacturerRateUnits="Monthly">
        <proc:LineItemNumber>9810BA9350</proc:LineItemNumber>
        <proc:LineItemTitle>SHF Term</proc:LineItemTitle>
        <proc:P1LineNumber>38</proc:P1LineNumber>
        <proc:BudgetYear>2026</proc:BudgetYear>
        <proc:BudgetCycle>PB</proc:BudgetCycle>
        <proc:SubmissionDate>2025-06</proc:SubmissionDate>
        <proc:ServiceAgencyName>Army</proc:ServiceAgencyName>
        <proc:AppropriationNumber>2035A</proc:AppropriationNumber>
        <proc:AppropriationTitle>Other Procurement, Army</proc:AppropriationTitle>
        <proc:BudgetActivityNumber>2</proc:BudgetActivityNumber>
        <proc:BudgetActivityTitle>Communications and Electronics Equipment</proc:BudgetActivityTitle>
        <proc:BudgetSubActivityNumber>18</proc:BudgetSubActivityNumber>
        <proc:BudgetSubActivityTitle>Comm - Satellite Communications</proc:BudgetSubActivityTitle>
        <proc:ResourceSummary>
            <proc:Quantity>
                <proc:AllPriorYears>28</proc:AllPriorYears>
                <proc:PriorYear>17</proc:PriorYear>
            </proc:Quantity>
            <proc:TotalCost>
                <proc:AllPriorYears>791.567</proc:AllPriorYears>
                <proc:PriorYear>41.634</proc:PriorYear>
            </proc:TotalCost>
            <proc:UnitCost>
                <proc:AllPriorYears>28270.25</proc:AllPriorYears>
                <proc:PriorYear>2449.059</proc:PriorYear>
            </proc:UnitCost>
            <proc:NetProcurementP1>
                <proc:AllPriorYears>791.567</proc:AllPriorYears>
                <proc:PriorYear>41.634</proc:PriorYear>
            </proc:NetProcurementP1>
            <proc:TotalObligationAuthority>
                <proc:AllPriorYears>791.567</proc:AllPriorYears>
                <proc:PriorYear>41.634</proc:PriorYear>
            </proc:TotalObligationAuthority>
        </proc:ResourceSummary>
        <proc:Code>A</proc:Code>
        <proc:SecondaryDistribution>
            <proc:ComponentList>
                <proc:Component>
                    <proc:Name>Army Active</proc:Name>
                    <proc:Cost>
                        <proc:Quantity>
                            <proc:PriorYear>10</proc:PriorYear>
                        </proc:Quantity>
                        <proc:TotalCost>
                            <proc:PriorYear>19.704</proc:PriorYear>
                        </proc:TotalCost>
                    </proc:Cost>
                </proc:Component>
                <proc:Component>
                    <proc:Name>Army National Guard</proc:Name>
                    <proc:Cost>
                        <proc:Quantity>
                            <proc:PriorYear>6</proc:PriorYear>
                        </proc:Quantity>
                        <proc:TotalCost>
                            <proc:PriorYear>14.62</proc:PriorYear>
                        </proc:TotalCost>
                    </proc:Cost>
                </proc:Component>
                <proc:Component>
                    <proc:Name>Army Reserve</proc:Name>
                    <proc:Cost>
                        <proc:Quantity>
                            <proc:PriorYear>1</proc:PriorYear>
                        </proc:Quantity>
                        <proc:TotalCost>
                            <proc:PriorYear>7.31</proc:PriorYear>
                        </proc:TotalCost>
                    </proc:Cost>
                </proc:Component>
            </proc:ComponentList>
            <proc:TotalCost>
                <proc:Quantity>
                    <proc:PriorYear>17</proc:PriorYear>
                </proc:Quantity>
                <proc:TotalCost>
                    <proc:PriorYear>41.634</proc:PriorYear>
                </proc:TotalCost>
            </proc:TotalCost>
        </proc:SecondaryDistribution>
        <proc:Description>This funding line is directly aligned to the Army Network Modernization Priority and the Army of 2030 and 2040 initiatives. 

The AN/TSC-156E Super High Frequency (SHF) terminal (Phoenix E-Model) is the Army's only quad-band capable, multi-carrier, high-capacity SATCOM terminal with the flexibility to expand capacity at priority network nodes and bridge seams in the network. The modernized AN/TSC-156E provides more flexibility, scalability, and modularity for the Multi-Domain Task Force (MDTF) and replaces the AN/TSC-156D in the Expeditionary Signal Battalion (ESB)/Expeditionary Signal Battalion - Enhanced (ESB-E) in support of expeditionary communications Joint and Army Headquarters at the Division and Corps levels.  The AN/TSC-156E also enables interface with strategic networks via Regional Hub Node (RHN) and Standardized Tactical Entry Points (STEP).  The AN/TSC-156E is based on modern architectures described in the Transmission Systems Increment 1 Capabilities Production Document (CPD), which increases demand for satellite bandwidth.  
 
The AN/TSC-156E provides broadband satellite data capability by leveraging commercial off-the-shelf (COTS) solutions to increase reliability, flexibility, mobility, and range.  The AN/TSC-156E is a network communications transport that operates over military and commercial satellite space segments to provide high-capacity links to support voice and data communications.  The AN/TSC-156E utilizes a transit-case based concept, allowing for rapid deployments with or without vehicle support.  Specifically, the AN/TSC-156E adds Internet Protocol (IP) routing capability as well as providing a dual head capability to access two satellites simultaneously in order to increase network diversity, robustness, and capacity. The AN/ TSC-156E allows seamless integration with current and future proposed tactical communications networks at high data rates and multiple bands required by current and future operations.  The Phoenix terminal supports and complements the Army's tactical network and architecture by increasing the operational reach and situational awareness of the entire force, while ensuring quality and technical relevancy. The program will leverage a Family of Terminals contracting approach to incorporate emerging technologies to ensure network resiliency, capacity, and convergence by providing high-throughput and low-latency broadband services. Supports Network Fix Architecture with downward reinforcing SATCOM capability. 

This project supports the Army's Command Control (C2) Transport strategy.

The Approved Acquisition Objective (AAO) for the SHF Terminal is 172.

This program is included in the OPA Budget Line Consolidation.  In FY 2025, the SHF Term (BA9350) was consolidated into the SATELLITE COMMUNICATIONS (B56000) program.</proc:Description>
        <proc:Justification>In FY 2025 funds transferred from project BA9350 Super High Frequency (SHF) Terminal to project B56222 Super High Frequency (SHF) Terminal under a new parent line B56000 SATELLITE COMMUNICATIONS. This consolidation was proposed in FY2025 and approved with FY 2025 full year continuing resolution. FY 2026 is the first year Army is presenting B56000 funding line with retroactive adjustments for FY2025.</proc:Justification>
        <proc:DocumentAssemblyOptions>
            <proc:p40AItemScheduleSetting>item</proc:p40AItemScheduleSetting>
        </proc:DocumentAssemblyOptions>
    </proc:LineItem>
</proc:LineItemList>