<?xml version="1.0" encoding="UTF-8"?>
<proc:LineItemList xmlns:proc="http://www.dtic.mil/comptroller/xml/schema/20100219/procurement">
    <proc:LineItem quantityUnits="Each" quantityUnitName="Each" unitCostUnits="Thousands" totalCostUnits="Millions" manufacturerRateUnits="Monthly">
        <proc:LineItemNumber>9875W30001</proc:LineItemNumber>
        <proc:LineItemTitle>Global Combat Support System-Army (GCSS-A)</proc:LineItemTitle>
        <proc:P1LineNumber>121</proc:P1LineNumber>
        <proc:BudgetYear>2026</proc:BudgetYear>
        <proc:BudgetCycle>PB</proc:BudgetCycle>
        <proc:SubmissionDate>2025-06</proc:SubmissionDate>
        <proc:ServiceAgencyName>Army</proc:ServiceAgencyName>
        <proc:AppropriationNumber>2035A</proc:AppropriationNumber>
        <proc:AppropriationTitle>Other Procurement, Army</proc:AppropriationTitle>
        <proc:BudgetActivityNumber>2</proc:BudgetActivityNumber>
        <proc:BudgetActivityTitle>Communications and Electronics Equipment</proc:BudgetActivityTitle>
        <proc:BudgetSubActivityNumber>89</proc:BudgetSubActivityNumber>
        <proc:BudgetSubActivityTitle>Elect Equip - Tactical C2 Systems</proc:BudgetSubActivityTitle>
        <proc:ResourceSummary>
            <proc:TotalCost>
                <proc:AllPriorYears>24.318</proc:AllPriorYears>
                <proc:PriorYear>1.987</proc:PriorYear>
                <proc:CurrentYear>3.624</proc:CurrentYear>
            </proc:TotalCost>
            <proc:NetProcurementP1>
                <proc:AllPriorYears>24.318</proc:AllPriorYears>
                <proc:PriorYear>1.987</proc:PriorYear>
                <proc:CurrentYear>3.624</proc:CurrentYear>
            </proc:NetProcurementP1>
            <proc:TotalObligationAuthority>
                <proc:AllPriorYears>24.318</proc:AllPriorYears>
                <proc:PriorYear>1.987</proc:PriorYear>
                <proc:CurrentYear>3.624</proc:CurrentYear>
            </proc:TotalObligationAuthority>
        </proc:ResourceSummary>
        <proc:SecondaryDistribution>
            <proc:ComponentList>
                <proc:Component>
                    <proc:Name>Army Active</proc:Name>
                    <proc:Cost>
                        <proc:TotalCost>
                            <proc:PriorYear>1.987</proc:PriorYear>
                            <proc:CurrentYear>3.624</proc:CurrentYear>
                        </proc:TotalCost>
                    </proc:Cost>
                </proc:Component>
            </proc:ComponentList>
            <proc:TotalCost>
                <proc:TotalCost>
                    <proc:PriorYear>1.987</proc:PriorYear>
                    <proc:CurrentYear>3.624</proc:CurrentYear>
                </proc:TotalCost>
            </proc:TotalCost>
        </proc:SecondaryDistribution>
        <proc:Description>GCSS-Army gives combat forces a decisive edge by providing Soldiers a seamless flow of timely, accurate, accessible, and secure logistics information to get combat power to the right place, at the right time. The GCSS-Army program is an information and communications technology investment that provides key enabling support to the transformation of the Army into a network-centric, knowledge-based future force. The GCSS-Army approved Capability Development Document (CDD) and Capability Production Document (CPD) require an enterprise approach to replace current logistics and maintenance Standard Army Management Information Systems (STAMIS) to include Supply, Maintenance, Ammunition, Aviation, and Property Book. GCSS-Army implements best business practices to streamline Supply, Accountability, Maintenance, Distribution, and Reporting procedures in support of the future force transition path of The Army Campaign Plan.  In addition, The Army requires a disconnected operations architecture for GCSS-Army to support disconnected supply, ground maintenance, and accountability.


GCSS-Army does not have an OPA funding request in FY 2026</proc:Description>
        <proc:Justification>GCSS-Army does not have an OPA funding request in FY 2026</proc:Justification>
        <proc:DocumentAssemblyOptions>
            <proc:p40AItemScheduleSetting>item</proc:p40AItemScheduleSetting>
        </proc:DocumentAssemblyOptions>
    </proc:LineItem>
</proc:LineItemList>