<?xml version="1.0" encoding="UTF-8"?>
<proc:LineItemList xmlns:proc="http://www.dtic.mil/comptroller/xml/schema/20100219/procurement">
    <proc:LineItem quantityUnits="Each" quantityUnitName="Each" unitCostUnits="Thousands" totalCostUnits="Millions" manufacturerRateUnits="Monthly">
        <proc:LineItemNumber>9266AD5070</proc:LineItemNumber>
        <proc:LineItemTitle>AIR &amp; MSL Defense Planning &amp; Control Sys</proc:LineItemTitle>
        <proc:P1LineNumber>115</proc:P1LineNumber>
        <proc:BudgetYear>2026</proc:BudgetYear>
        <proc:BudgetCycle>PB</proc:BudgetCycle>
        <proc:SubmissionDate>2025-06</proc:SubmissionDate>
        <proc:ServiceAgencyName>Army</proc:ServiceAgencyName>
        <proc:AppropriationNumber>2035A</proc:AppropriationNumber>
        <proc:AppropriationTitle>Other Procurement, Army</proc:AppropriationTitle>
        <proc:BudgetActivityNumber>2</proc:BudgetActivityNumber>
        <proc:BudgetActivityTitle>Communications and Electronics Equipment</proc:BudgetActivityTitle>
        <proc:BudgetSubActivityNumber>89</proc:BudgetSubActivityNumber>
        <proc:BudgetSubActivityTitle>Elect Equip - Tactical C2 Systems</proc:BudgetSubActivityTitle>
        <proc:ResourceSummary>
            <proc:Quantity>
                <proc:AllPriorYears>38</proc:AllPriorYears>
                <proc:PriorYear>15</proc:PriorYear>
                <proc:CurrentYear>205</proc:CurrentYear>
                <proc:BudgetYearOneBase>251</proc:BudgetYearOneBase>
                <proc:BudgetYearOne>251</proc:BudgetYearOne>
            </proc:Quantity>
            <proc:TotalCost>
                <proc:AllPriorYears>1247.723</proc:AllPriorYears>
                <proc:PriorYear>68.892</proc:PriorYear>
                <proc:CurrentYear>80.011</proc:CurrentYear>
                <proc:BudgetYearOneBase>33.103</proc:BudgetYearOneBase>
                <proc:BudgetYearOne>33.103</proc:BudgetYearOne>
            </proc:TotalCost>
            <proc:UnitCost>
                <proc:AllPriorYears>32834.816</proc:AllPriorYears>
                <proc:PriorYear>4592.8</proc:PriorYear>
                <proc:CurrentYear>390.298</proc:CurrentYear>
                <proc:BudgetYearOneBase>131.884</proc:BudgetYearOneBase>
                <proc:BudgetYearOne>131.884</proc:BudgetYearOne>
            </proc:UnitCost>
            <proc:NetProcurementP1>
                <proc:AllPriorYears>1247.723</proc:AllPriorYears>
                <proc:PriorYear>68.892</proc:PriorYear>
                <proc:CurrentYear>80.011</proc:CurrentYear>
                <proc:BudgetYearOneBase>33.103</proc:BudgetYearOneBase>
                <proc:BudgetYearOne>33.103</proc:BudgetYearOne>
            </proc:NetProcurementP1>
            <proc:TotalObligationAuthority>
                <proc:AllPriorYears>1247.723</proc:AllPriorYears>
                <proc:PriorYear>68.892</proc:PriorYear>
                <proc:CurrentYear>80.011</proc:CurrentYear>
                <proc:BudgetYearOneBase>33.103</proc:BudgetYearOneBase>
                <proc:BudgetYearOne>33.103</proc:BudgetYearOne>
            </proc:TotalObligationAuthority>
        </proc:ResourceSummary>
        <proc:OtherRelatedProgramElementList>
            <proc:ProgramElementNumber>0604741A</proc:ProgramElementNumber>
        </proc:OtherRelatedProgramElementList>
        <proc:SecondaryDistribution>
            <proc:ComponentList>
                <proc:Component>
                    <proc:Name>Army Active</proc:Name>
                    <proc:Cost>
                        <proc:Quantity>
                            <proc:PriorYear>11</proc:PriorYear>
                            <proc:CurrentYear>190</proc:CurrentYear>
                            <proc:BudgetYearOneBase>247</proc:BudgetYearOneBase>
                            <proc:BudgetYearOne>247</proc:BudgetYearOne>
                        </proc:Quantity>
                        <proc:TotalCost>
                            <proc:PriorYear>52.908</proc:PriorYear>
                            <proc:CurrentYear>17.981</proc:CurrentYear>
                            <proc:BudgetYearOneBase>20.378</proc:BudgetYearOneBase>
                            <proc:BudgetYearOne>20.378</proc:BudgetYearOne>
                        </proc:TotalCost>
                    </proc:Cost>
                </proc:Component>
                <proc:Component>
                    <proc:Name>Army National Guard</proc:Name>
                    <proc:Cost>
                        <proc:Quantity>
                            <proc:PriorYear>4</proc:PriorYear>
                            <proc:CurrentYear>15</proc:CurrentYear>
                            <proc:BudgetYearOneBase>4</proc:BudgetYearOneBase>
                            <proc:BudgetYearOne>4</proc:BudgetYearOne>
                        </proc:Quantity>
                        <proc:TotalCost>
                            <proc:PriorYear>15.984</proc:PriorYear>
                            <proc:CurrentYear>62.03</proc:CurrentYear>
                            <proc:BudgetYearOneBase>12.725</proc:BudgetYearOneBase>
                            <proc:BudgetYearOne>12.725</proc:BudgetYearOne>
                        </proc:TotalCost>
                    </proc:Cost>
                </proc:Component>
            </proc:ComponentList>
            <proc:TotalCost>
                <proc:Quantity>
                    <proc:PriorYear>15</proc:PriorYear>
                    <proc:CurrentYear>205</proc:CurrentYear>
                    <proc:BudgetYearOneBase>251</proc:BudgetYearOneBase>
                    <proc:BudgetYearOne>251</proc:BudgetYearOne>
                </proc:Quantity>
                <proc:TotalCost>
                    <proc:PriorYear>68.892</proc:PriorYear>
                    <proc:CurrentYear>80.011</proc:CurrentYear>
                    <proc:BudgetYearOneBase>33.103</proc:BudgetYearOneBase>
                    <proc:BudgetYearOne>33.103</proc:BudgetYearOne>
                </proc:TotalCost>
            </proc:TotalCost>
        </proc:SecondaryDistribution>
        <proc:Description>This funding line supports the Air and Missile Defense, Army Modernization Priorities. 

The Air Missile Defense Planning and Control System (AMDPCS) provides integration of air and missile defense operations at all echelons. AMDPCS is comprised of the following major subsystems: Air Missile Defense Work Station (AMDWS) ensures updated interfaces for interoperability between Air Defense and the rest of the force, allowing the Commander the visibility and situational understanding of the airspace; other tools in AMDWS affords Soldiers horizontal and vertical collaborative planning with adjacent units. Common Data Link Interface-Module (CDLI-M) serves as a joint tactical data-link gateway/air picture. Forward Area Air Defense (FAAD), correlates the joint and local air picture and when displayed on AMDWS, provides a near real time, three-dimensional air picture for the Commander. Joint Tactical Terminal (JTT) provides Soldiers Theater Ballistic Missile (TBM) early warning allowing them to take appropriate actions. AMDPCS are currently fielded to Army Air and Missile Defense Commands (AAMDC), Air Defense Artillery Brigades, (ADA BDE), Air and Missile Defense Battalions (AMD BN) and Terminal High Altitude Area Defense Batteries (THAAD BTRY). Air Defense Airspace Management (ADAM), a variant of AMDPCS, are fielded to Corps, Divisions, Brigade Combat Teams (BCTs) and multi-functional support brigades. As part of the capability and technology reuse, AMDWS external interfaces are being leveraged by Integrated Battle Command System (IBCS) to avoid redevelopment of existing capabilities. AMDWS and FAAD are core components of the Air and Missile Defense system-of-systems currently deployed in combat zones.

The Approved Acquisition Objective (AAO) for AMDPCS shelter systems is 503. FY 2026 Base procurement dollars support Maneuver Short Range Air Defense (M-SHORAD) Battalions and Grow the Army (GTA) requirements.</proc:Description>
        <proc:Justification>FY 2026 Base procurement dollars in the amount of $33.103 million procures the following AMDPCS shelters: one (1) AMDPCS-B shelter system, two (2) Air Battle Management Operations Centers (ABMOCs) shelters, and one (1) Sensor C2 Node shelter for Army National Guard M-SHORAD Battalions. Base dollars also procure net ready hardware for five (5) AMDPCS-A &amp; B shelter systems, fourteen (14) ADAM shelters in conjunction with Engineering Change Proposals (ECPs) and Modification Work Orders (MWOs), and 228 AMDPCS workstations and associated software and support (AMDWS, FAAD and CDLI-M) for AMDPCS shelter systems. Finally, these procurement dollars include program management, shipping/fielding costs, and New Equipment Training (NET). 

In accordance with Section 1815 of the FY 2008 National Defense Authorization Act (P.L. 110-181), this item is necessary for use by the active and reserve components of the Armed Forces for homeland defense missions, domestic emergency responses, and providing the military support to civil authorities.

Decrease from FY 2025 to FY 2026 reflects a reduction in AMDPCS shelter procurement quantity.</proc:Justification>
        <proc:ItemExhibitList>
            <proc:P5Item>
                <proc:Name>AIR &amp; MSL Defense Planning &amp; Control Sys</proc:Name>
                <proc:ItemNumber>AD5070</proc:ItemNumber>
                <proc:SecondaryDistribution>
                    <proc:ComponentList>
                        <proc:Component>
                            <proc:Name>Army Active</proc:Name>
                            <proc:Cost>
                                <proc:Quantity>
                                    <proc:PriorYear>11</proc:PriorYear>
                                    <proc:CurrentYear>190</proc:CurrentYear>
                                    <proc:BudgetYearOneBase>247</proc:BudgetYearOneBase>
                                    <proc:BudgetYearOne>247</proc:BudgetYearOne>
                                </proc:Quantity>
                                <proc:TotalCost>
                                    <proc:PriorYear>52.908</proc:PriorYear>
                                    <proc:CurrentYear>17.981</proc:CurrentYear>
                                    <proc:BudgetYearOneBase>20.378</proc:BudgetYearOneBase>
                                    <proc:BudgetYearOne>20.378</proc:BudgetYearOne>
                                </proc:TotalCost>
                            </proc:Cost>
                        </proc:Component>
                        <proc:Component>
                            <proc:Name>Army National Guard</proc:Name>
                            <proc:Cost>
                                <proc:Quantity>
                                    <proc:PriorYear>4</proc:PriorYear>
                                    <proc:CurrentYear>15</proc:CurrentYear>
                                    <proc:BudgetYearOneBase>4</proc:BudgetYearOneBase>
                                    <proc:BudgetYearOne>4</proc:BudgetYearOne>
                                </proc:Quantity>
                                <proc:TotalCost>
                                    <proc:PriorYear>15.984</proc:PriorYear>
                                    <proc:CurrentYear>62.03</proc:CurrentYear>
                                    <proc:BudgetYearOneBase>12.725</proc:BudgetYearOneBase>
                                    <proc:BudgetYearOne>12.725</proc:BudgetYearOne>
                                </proc:TotalCost>
                            </proc:Cost>
                        </proc:Component>
                    </proc:ComponentList>
                </proc:SecondaryDistribution>
                <proc:Remarks>System Integration/Hardware FY 2025 to FY 2026 unit cost increase reflects a reduction in AMDPCS shelter procurement quantity and a different AMDPCS shelter LIN/configuration.

AMDPCS Workstations quantities vary with the multiple shelter LINs/configurations (AMDPCS-A, AMDPCS-B, ADAM Cell, ABMOC, Battery CP, and Sensor C2 Node), each has a different unit cost, which results in fluctuation of unit cost by year, based on the quantities procured in support of Army fielding requirements.</proc:Remarks>
                <proc:ResourceSummary>
                    <proc:Quantity>
                        <proc:AllPriorYears>38</proc:AllPriorYears>
                        <proc:PriorYear>15</proc:PriorYear>
                        <proc:CurrentYear>205</proc:CurrentYear>
                        <proc:BudgetYearOneBase>251</proc:BudgetYearOneBase>
                        <proc:BudgetYearOne>251</proc:BudgetYearOne>
                    </proc:Quantity>
                    <proc:TotalCost>
                        <proc:AllPriorYears>1247.723</proc:AllPriorYears>
                        <proc:PriorYear>68.892</proc:PriorYear>
                        <proc:CurrentYear>80.011</proc:CurrentYear>
                        <proc:BudgetYearOneBase>33.103</proc:BudgetYearOneBase>
                        <proc:BudgetYearOne>33.103</proc:BudgetYearOne>
                    </proc:TotalCost>
                    <proc:UnitCost>
                        <proc:AllPriorYears>32834.816</proc:AllPriorYears>
                        <proc:PriorYear>4592.8</proc:PriorYear>
                        <proc:CurrentYear>390.298</proc:CurrentYear>
                        <proc:BudgetYearOneBase>131.884</proc:BudgetYearOneBase>
                        <proc:BudgetYearOne>131.884</proc:BudgetYearOne>
                    </proc:UnitCost>
                    <proc:NetProcurementP1>
                        <proc:AllPriorYears>1247.723</proc:AllPriorYears>
                        <proc:PriorYear>68.892</proc:PriorYear>
                        <proc:CurrentYear>80.011</proc:CurrentYear>
                        <proc:BudgetYearOneBase>33.103</proc:BudgetYearOneBase>
                        <proc:BudgetYearOne>33.103</proc:BudgetYearOne>
                    </proc:NetProcurementP1>
                    <proc:TotalObligationAuthority>
                        <proc:AllPriorYears>1247.723</proc:AllPriorYears>
                        <proc:PriorYear>68.892</proc:PriorYear>
                        <proc:CurrentYear>80.011</proc:CurrentYear>
                        <proc:BudgetYearOneBase>33.103</proc:BudgetYearOneBase>
                        <proc:BudgetYearOne>33.103</proc:BudgetYearOne>
                    </proc:TotalObligationAuthority>
                </proc:ResourceSummary>
                <proc:CostElementCategoryList>
                    <proc:Flyaway>
                        <proc:Recurring>
                            <proc:CostElementList>
                                <proc:CostElement>
                                    <proc:Name>1. System Integration/Hardware</proc:Name>
                                    <proc:Cost>
                                        <proc:Quantity>
                                            <proc:AllPriorYears>426</proc:AllPriorYears>
                                            <proc:PriorYear>15</proc:PriorYear>
                                            <proc:CurrentYear>15</proc:CurrentYear>
                                            <proc:BudgetYearOneBase>4</proc:BudgetYearOneBase>
                                            <proc:BudgetYearOne>4</proc:BudgetYearOne>
                                        </proc:Quantity>
                                        <proc:TotalCost>
                                            <proc:AllPriorYears>866.513</proc:AllPriorYears>
                                            <proc:PriorYear>45.752</proc:PriorYear>
                                            <proc:CurrentYear>47.115</proc:CurrentYear>
                                            <proc:BudgetYearOneBase>16.399</proc:BudgetYearOneBase>
                                            <proc:BudgetYearOne>16.399</proc:BudgetYearOne>
                                        </proc:TotalCost>
                                        <proc:UnitCost>
                                            <proc:AllPriorYears>2034.068</proc:AllPriorYears>
                                            <proc:PriorYear>3050.133</proc:PriorYear>
                                            <proc:CurrentYear>3141</proc:CurrentYear>
                                            <proc:BudgetYearOneBase>4099.75</proc:BudgetYearOneBase>
                                            <proc:BudgetYearOne>4099.75</proc:BudgetYearOne>
                                        </proc:UnitCost>
                                    </proc:Cost>
                                    <proc:AllPriorYearsDeliveries>407</proc:AllPriorYearsDeliveries>
                                    <proc:ManufacturerList>
                                        <proc:Manufacturer>
                                            <proc:Name>Northrop Grumman</proc:Name>
                                            <proc:Location>Huntsville, AL</proc:Location>
                                            <proc:HistoryPlanningList>
                                                <proc:HistoryPlanning>
                                                    <proc:FiscalYear>2023</proc:FiscalYear>
                                                    <proc:PCOLocation>Huntsville, AL</proc:PCOLocation>
                                                    <proc:AwardDate>2023-02</proc:AwardDate>
                                                    <proc:FirstDeliveryDate>2023-07</proc:FirstDeliveryDate>
                                                    <proc:Quantity>19</proc:Quantity>
                                                    <proc:UnitCost>2612.368</proc:UnitCost>
                                                    <proc:SpecsAvailableNow>false</proc:SpecsAvailableNow>
                                                    <proc:ContractMethod>C</proc:ContractMethod>
                                                    <proc:ContractType>CPFF</proc:ContractType>
                                                </proc:HistoryPlanning>
                                                <proc:HistoryPlanning>
                                                    <proc:FiscalYear>2024</proc:FiscalYear>
                                                    <proc:PCOLocation>Huntsville, AL</proc:PCOLocation>
                                                    <proc:AwardDate>2024-02</proc:AwardDate>
                                                    <proc:FirstDeliveryDate>2024-07</proc:FirstDeliveryDate>
                                                    <proc:Quantity>15</proc:Quantity>
                                                    <proc:UnitCost>3050.133</proc:UnitCost>
                                                    <proc:SpecsAvailableNow>false</proc:SpecsAvailableNow>
                                                    <proc:ContractMethod>C</proc:ContractMethod>
                                                    <proc:ContractType>CPFF</proc:ContractType>
                                                </proc:HistoryPlanning>
                                                <proc:HistoryPlanning>
                                                    <proc:FiscalYear>2026</proc:FiscalYear>
                                                    <proc:PCOLocation>Huntsville, AL</proc:PCOLocation>
                                                    <proc:AwardDate>2026-09</proc:AwardDate>
                                                    <proc:FirstDeliveryDate>2027-08</proc:FirstDeliveryDate>
                                                    <proc:Quantity>4</proc:Quantity>
                                                    <proc:UnitCost>4099.75</proc:UnitCost>
                                                    <proc:SpecsAvailableNow>false</proc:SpecsAvailableNow>
                                                    <proc:ContractMethod>C</proc:ContractMethod>
                                                    <proc:ContractType>CPFF</proc:ContractType>
                                                </proc:HistoryPlanning>
                                            </proc:HistoryPlanningList>
                                        </proc:Manufacturer>
                                    </proc:ManufacturerList>
                                </proc:CostElement>
                                <proc:CostElement>
                                    <proc:Name>Passive Identification Friend or Foe (PIFF) Hardware</proc:Name>
                                    <proc:Cost>
                                        <proc:Quantity>
                                            <proc:AllPriorYears>75</proc:AllPriorYears>
                                        </proc:Quantity>
                                        <proc:TotalCost>
                                            <proc:AllPriorYears>11.461</proc:AllPriorYears>
                                        </proc:TotalCost>
                                        <proc:UnitCost>
                                            <proc:AllPriorYears>152.813</proc:AllPriorYears>
                                        </proc:UnitCost>
                                    </proc:Cost>
                                    <proc:AllPriorYearsDeliveries>29</proc:AllPriorYearsDeliveries>
                                    <proc:ManufacturerList>
                                        <proc:Manufacturer>
                                            <proc:Name>Telephonics</proc:Name>
                                            <proc:Location>Farmingdale, NY</proc:Location>
                                            <proc:HistoryPlanningList>
                                                <proc:HistoryPlanning>
                                                    <proc:FiscalYear>2023</proc:FiscalYear>
                                                    <proc:PCOLocation>Huntsville, AL</proc:PCOLocation>
                                                    <proc:AwardDate>2023-04</proc:AwardDate>
                                                    <proc:FirstDeliveryDate>2023-11</proc:FirstDeliveryDate>
                                                    <proc:Quantity>46</proc:Quantity>
                                                    <proc:UnitCost>150.804</proc:UnitCost>
                                                    <proc:SpecsAvailableNow>false</proc:SpecsAvailableNow>
                                                    <proc:ContractMethod>SS</proc:ContractMethod>
                                                    <proc:ContractType>FFP</proc:ContractType>
                                                </proc:HistoryPlanning>
                                            </proc:HistoryPlanningList>
                                        </proc:Manufacturer>
                                    </proc:ManufacturerList>
                                </proc:CostElement>
                                <proc:CostElement>
                                    <proc:Name>AMDWS Workstations and Net Ready Hardware</proc:Name>
                                    <proc:Cost>
                                        <proc:Quantity>
                                            <proc:CurrentYear>6</proc:CurrentYear>
                                            <proc:BudgetYearOneBase>247</proc:BudgetYearOneBase>
                                            <proc:BudgetYearOne>247</proc:BudgetYearOne>
                                        </proc:Quantity>
                                        <proc:TotalCost>
                                            <proc:PriorYear>0.462</proc:PriorYear>
                                            <proc:CurrentYear>0.465</proc:CurrentYear>
                                            <proc:BudgetYearOneBase>5.255</proc:BudgetYearOneBase>
                                            <proc:BudgetYearOne>5.255</proc:BudgetYearOne>
                                        </proc:TotalCost>
                                        <proc:UnitCost>
                                            <proc:CurrentYear>77.5</proc:CurrentYear>
                                            <proc:BudgetYearOneBase>21.275</proc:BudgetYearOneBase>
                                            <proc:BudgetYearOne>21.275</proc:BudgetYearOne>
                                        </proc:UnitCost>
                                    </proc:Cost>
                                </proc:CostElement>
                            </proc:CostElementList>
                            <proc:CategorySubtotal>
                                <proc:TotalCost>
                                    <proc:AllPriorYears>877.974</proc:AllPriorYears>
                                    <proc:PriorYear>46.214</proc:PriorYear>
                                    <proc:CurrentYear>47.58</proc:CurrentYear>
                                    <proc:BudgetYearOneBase>21.654</proc:BudgetYearOneBase>
                                    <proc:BudgetYearOne>21.654</proc:BudgetYearOne>
                                </proc:TotalCost>
                            </proc:CategorySubtotal>
                        </proc:Recurring>
                        <proc:NonRecurring>
                            <proc:CostElementList>
                                <proc:CostElement>
                                    <proc:Name>Assured Positioning Navigation and Timing  (APNT) Hardware</proc:Name>
                                    <proc:Cost>
                                        <proc:Quantity>
                                            <proc:PriorYear>201</proc:PriorYear>
                                        </proc:Quantity>
                                        <proc:TotalCost>
                                            <proc:PriorYear>8.275</proc:PriorYear>
                                        </proc:TotalCost>
                                        <proc:UnitCost>
                                            <proc:PriorYear>41.169</proc:PriorYear>
                                        </proc:UnitCost>
                                    </proc:Cost>
                                </proc:CostElement>
                                <proc:CostElement>
                                    <proc:Name>Joint Tactical Terminal-Next Gen (JTT-NG) Radio</proc:Name>
                                    <proc:Cost>
                                        <proc:Quantity>
                                            <proc:CurrentYear>190</proc:CurrentYear>
                                        </proc:Quantity>
                                        <proc:TotalCost>
                                            <proc:CurrentYear>12.516</proc:CurrentYear>
                                        </proc:TotalCost>
                                        <proc:UnitCost>
                                            <proc:CurrentYear>65.874</proc:CurrentYear>
                                        </proc:UnitCost>
                                    </proc:Cost>
                                </proc:CostElement>
                                <proc:CostElement>
                                    <proc:Name>Assured Positioning Navigation and Timing (APNT) Hardware Integration and Fielding</proc:Name>
                                    <proc:Cost>
                                        <proc:Quantity>
                                            <proc:CurrentYear>201</proc:CurrentYear>
                                        </proc:Quantity>
                                        <proc:TotalCost>
                                            <proc:CurrentYear>5</proc:CurrentYear>
                                        </proc:TotalCost>
                                        <proc:UnitCost>
                                            <proc:CurrentYear>24.876</proc:CurrentYear>
                                        </proc:UnitCost>
                                    </proc:Cost>
                                </proc:CostElement>
                            </proc:CostElementList>
                            <proc:CategorySubtotal>
                                <proc:TotalCost>
                                    <proc:PriorYear>8.275</proc:PriorYear>
                                    <proc:CurrentYear>17.516</proc:CurrentYear>
                                </proc:TotalCost>
                            </proc:CategorySubtotal>
                        </proc:NonRecurring>
                        <proc:CategorySubtotal>
                            <proc:TotalCost>
                                <proc:AllPriorYears>877.974</proc:AllPriorYears>
                                <proc:PriorYear>54.489</proc:PriorYear>
                                <proc:CurrentYear>65.096</proc:CurrentYear>
                                <proc:BudgetYearOneBase>21.654</proc:BudgetYearOneBase>
                                <proc:BudgetYearOne>21.654</proc:BudgetYearOne>
                            </proc:TotalCost>
                        </proc:CategorySubtotal>
                    </proc:Flyaway>
                    <proc:Software>
                        <proc:Recurring>
                            <proc:CostElementList>
                                <proc:CostElement>
                                    <proc:Name>5. Software Modifications</proc:Name>
                                    <proc:Cost>
                                        <proc:TotalCost>
                                            <proc:AllPriorYears>53.224</proc:AllPriorYears>
                                            <proc:PriorYear>3.651</proc:PriorYear>
                                            <proc:CurrentYear>3.798</proc:CurrentYear>
                                        </proc:TotalCost>
                                    </proc:Cost>
                                </proc:CostElement>
                            </proc:CostElementList>
                            <proc:CategorySubtotal>
                                <proc:TotalCost>
                                    <proc:AllPriorYears>53.224</proc:AllPriorYears>
                                    <proc:PriorYear>3.651</proc:PriorYear>
                                    <proc:CurrentYear>3.798</proc:CurrentYear>
                                </proc:TotalCost>
                            </proc:CategorySubtotal>
                        </proc:Recurring>
                        <proc:CategorySubtotal>
                            <proc:TotalCost>
                                <proc:AllPriorYears>53.224</proc:AllPriorYears>
                                <proc:PriorYear>3.651</proc:PriorYear>
                                <proc:CurrentYear>3.798</proc:CurrentYear>
                            </proc:TotalCost>
                        </proc:CategorySubtotal>
                    </proc:Software>
                    <proc:Support>
                        <proc:CostElementList>
                            <proc:CostElement>
                                <proc:Name>Fielding</proc:Name>
                                <proc:Cost>
                                    <proc:TotalCost>
                                        <proc:AllPriorYears>127.814</proc:AllPriorYears>
                                        <proc:PriorYear>4.287</proc:PriorYear>
                                        <proc:CurrentYear>4.439</proc:CurrentYear>
                                        <proc:BudgetYearOneBase>4.572</proc:BudgetYearOneBase>
                                        <proc:BudgetYearOne>4.572</proc:BudgetYearOne>
                                    </proc:TotalCost>
                                </proc:Cost>
                            </proc:CostElement>
                        </proc:CostElementList>
                        <proc:CategorySubtotal>
                            <proc:TotalCost>
                                <proc:AllPriorYears>127.814</proc:AllPriorYears>
                                <proc:PriorYear>4.287</proc:PriorYear>
                                <proc:CurrentYear>4.439</proc:CurrentYear>
                                <proc:BudgetYearOneBase>4.572</proc:BudgetYearOneBase>
                                <proc:BudgetYearOne>4.572</proc:BudgetYearOne>
                            </proc:TotalCost>
                        </proc:CategorySubtotal>
                        <proc:Name>Fielding</proc:Name>
                    </proc:Support>
                    <proc:Support>
                        <proc:CostElementList>
                            <proc:CostElement>
                                <proc:Name>Equipment</proc:Name>
                                <proc:Cost>
                                    <proc:TotalCost>
                                        <proc:AllPriorYears>124.197</proc:AllPriorYears>
                                        <proc:PriorYear>3.668</proc:PriorYear>
                                        <proc:CurrentYear>3.798</proc:CurrentYear>
                                        <proc:BudgetYearOneBase>3.911</proc:BudgetYearOneBase>
                                        <proc:BudgetYearOne>3.911</proc:BudgetYearOne>
                                    </proc:TotalCost>
                                </proc:Cost>
                            </proc:CostElement>
                        </proc:CostElementList>
                        <proc:CategorySubtotal>
                            <proc:TotalCost>
                                <proc:AllPriorYears>124.197</proc:AllPriorYears>
                                <proc:PriorYear>3.668</proc:PriorYear>
                                <proc:CurrentYear>3.798</proc:CurrentYear>
                                <proc:BudgetYearOneBase>3.911</proc:BudgetYearOneBase>
                                <proc:BudgetYearOne>3.911</proc:BudgetYearOne>
                            </proc:TotalCost>
                        </proc:CategorySubtotal>
                        <proc:Name>New Equipment Training (NET)</proc:Name>
                    </proc:Support>
                    <proc:Support>
                        <proc:CostElementList>
                            <proc:CostElement>
                                <proc:Name>Government Management</proc:Name>
                                <proc:Cost>
                                    <proc:TotalCost>
                                        <proc:AllPriorYears>64.514</proc:AllPriorYears>
                                        <proc:PriorYear>2.797</proc:PriorYear>
                                        <proc:CurrentYear>2.88</proc:CurrentYear>
                                        <proc:BudgetYearOneBase>2.966</proc:BudgetYearOneBase>
                                        <proc:BudgetYearOne>2.966</proc:BudgetYearOne>
                                    </proc:TotalCost>
                                </proc:Cost>
                            </proc:CostElement>
                        </proc:CostElementList>
                        <proc:CategorySubtotal>
                            <proc:TotalCost>
                                <proc:AllPriorYears>64.514</proc:AllPriorYears>
                                <proc:PriorYear>2.797</proc:PriorYear>
                                <proc:CurrentYear>2.88</proc:CurrentYear>
                                <proc:BudgetYearOneBase>2.966</proc:BudgetYearOneBase>
                                <proc:BudgetYearOne>2.966</proc:BudgetYearOne>
                            </proc:TotalCost>
                        </proc:CategorySubtotal>
                        <proc:Name>Program Management</proc:Name>
                    </proc:Support>
                </proc:CostElementCategoryList>
                <proc:OverallHistoryPlanningRemarks>The Air and Missile Defense Planning and Control System (AMDPCS) is a COTS program.  COTS and Government Furnished Equipment (GFE) are integrated by the contractor.

Quantities reflect six (6) shelter types/LINs (AMDPCS-A, AMDPCS-B, ADAM Cell, ABMOC, Battery CP, and Sensor C2 Node), each with a different unit cost. This results in fluctuation of unit cost by year, based on the quantities procured in support of Army fielding requirements.  System Integration/Hardware cost also includes equipment obsolescence mitigation.</proc:OverallHistoryPlanningRemarks>
            </proc:P5Item>
        </proc:ItemExhibitList>
        <proc:DocumentAssemblyOptions>
            <proc:p40AItemScheduleSetting>item</proc:p40AItemScheduleSetting>
        </proc:DocumentAssemblyOptions>
    </proc:LineItem>
</proc:LineItemList>