<?xml version="1.0" encoding="UTF-8"?>
<proc:LineItemList xmlns:proc="http://www.dtic.mil/comptroller/xml/schema/20100219/procurement">
    <proc:LineItem quantityUnits="Each" quantityUnitName="Each" unitCostUnits="Thousands" totalCostUnits="Millions">
        <proc:LineItemNumber>9900MA9999</proc:LineItemNumber>
        <proc:LineItemTitle>CLOSED ACCOUNT ADJUSTMENTS</proc:LineItemTitle>
        <proc:P1LineNumber>203</proc:P1LineNumber>
        <proc:BudgetYear>2026</proc:BudgetYear>
        <proc:BudgetCycle>PB</proc:BudgetCycle>
        <proc:SubmissionDate>2025-06</proc:SubmissionDate>
        <proc:ServiceAgencyName>Army</proc:ServiceAgencyName>
        <proc:AppropriationNumber>2035A</proc:AppropriationNumber>
        <proc:AppropriationTitle>Other Procurement, Army</proc:AppropriationTitle>
        <proc:BudgetActivityNumber>3</proc:BudgetActivityNumber>
        <proc:BudgetActivityTitle>Other Support Equipment</proc:BudgetActivityTitle>
        <proc:BudgetSubActivityNumber>90</proc:BudgetSubActivityNumber>
        <proc:BudgetSubActivityTitle>Other Support Equipment</proc:BudgetSubActivityTitle>
        <proc:ResourceSummary>
            <proc:TotalCost>
                <proc:AllPriorYears>43.672</proc:AllPriorYears>
                <proc:PriorYear>0.103</proc:PriorYear>
            </proc:TotalCost>
            <proc:NetProcurementP1>
                <proc:AllPriorYears>43.672</proc:AllPriorYears>
                <proc:PriorYear>0.103</proc:PriorYear>
            </proc:NetProcurementP1>
            <proc:TotalObligationAuthority>
                <proc:AllPriorYears>43.672</proc:AllPriorYears>
                <proc:PriorYear>0.103</proc:PriorYear>
            </proc:TotalObligationAuthority>
        </proc:ResourceSummary>
        <proc:SecondaryDistribution>
            <proc:ComponentList>
                <proc:Component>
                    <proc:Name>Army Active</proc:Name>
                    <proc:Cost>
                        <proc:TotalCost>
                            <proc:PriorYear>0.103</proc:PriorYear>
                        </proc:TotalCost>
                    </proc:Cost>
                </proc:Component>
            </proc:ComponentList>
            <proc:TotalCost>
                <proc:TotalCost>
                    <proc:PriorYear>0.103</proc:PriorYear>
                </proc:TotalCost>
            </proc:TotalCost>
        </proc:SecondaryDistribution>
        <proc:Description>This line is used for closed account/expired year transactions.</proc:Description>
        <proc:Justification>MA9999 has no funding in FY 2026.</proc:Justification>
        <proc:DocumentAssemblyOptions>
            <proc:p40AItemScheduleSetting>item</proc:p40AItemScheduleSetting>
        </proc:DocumentAssemblyOptions>
    </proc:LineItem>
</proc:LineItemList>