<?xml version="1.0" encoding="UTF-8"?>
<proc:LineItemList xmlns:proc="http://www.dtic.mil/comptroller/xml/schema/20100219/procurement">
    <proc:LineItem quantityUnits="Each" quantityUnitName="Each" unitCostUnits="Thousands" totalCostUnits="Millions" manufacturerRateUnits="Monthly">
        <proc:LineItemNumber>8151B70000</proc:LineItemNumber>
        <proc:LineItemTitle>COE Tactical Server Infrastructure (TSI)</proc:LineItemTitle>
        <proc:P1LineNumber>45</proc:P1LineNumber>
        <proc:BudgetYear>2026</proc:BudgetYear>
        <proc:BudgetCycle>PB</proc:BudgetCycle>
        <proc:SubmissionDate>2025-06</proc:SubmissionDate>
        <proc:ServiceAgencyName>Army</proc:ServiceAgencyName>
        <proc:AppropriationNumber>2035A</proc:AppropriationNumber>
        <proc:AppropriationTitle>Other Procurement, Army</proc:AppropriationTitle>
        <proc:BudgetActivityNumber>2</proc:BudgetActivityNumber>
        <proc:BudgetActivityTitle>Communications and Electronics Equipment</proc:BudgetActivityTitle>
        <proc:BudgetSubActivityNumber>24</proc:BudgetSubActivityNumber>
        <proc:BudgetSubActivityTitle>Comm - C3 System</proc:BudgetSubActivityTitle>
        <proc:ResourceSummary>
            <proc:Quantity>
                <proc:AllPriorYears>1271</proc:AllPriorYears>
                <proc:PriorYear>322</proc:PriorYear>
                <proc:CurrentYear>195</proc:CurrentYear>
            </proc:Quantity>
            <proc:TotalCost>
                <proc:AllPriorYears>364.473</proc:AllPriorYears>
                <proc:PriorYear>77.999</proc:PriorYear>
                <proc:CurrentYear>58.692</proc:CurrentYear>
            </proc:TotalCost>
            <proc:UnitCost>
                <proc:AllPriorYears>286.761</proc:AllPriorYears>
                <proc:PriorYear>242.233</proc:PriorYear>
                <proc:CurrentYear>300.985</proc:CurrentYear>
            </proc:UnitCost>
            <proc:NetProcurementP1>
                <proc:AllPriorYears>364.473</proc:AllPriorYears>
                <proc:PriorYear>77.999</proc:PriorYear>
                <proc:CurrentYear>58.692</proc:CurrentYear>
            </proc:NetProcurementP1>
            <proc:TotalObligationAuthority>
                <proc:AllPriorYears>364.473</proc:AllPriorYears>
                <proc:PriorYear>77.999</proc:PriorYear>
                <proc:CurrentYear>58.692</proc:CurrentYear>
            </proc:TotalObligationAuthority>
        </proc:ResourceSummary>
        <proc:CodeBProgramElementList>
            <proc:ProgramElementNumber>0604818A</proc:ProgramElementNumber>
        </proc:CodeBProgramElementList>
        <proc:OtherRelatedProgramElementList>
            <proc:ProgramElementNumber>0604818A</proc:ProgramElementNumber>
        </proc:OtherRelatedProgramElementList>
        <proc:SecondaryDistribution>
            <proc:ComponentList>
                <proc:Component>
                    <proc:Name>Army Active</proc:Name>
                    <proc:Cost>
                        <proc:Quantity>
                            <proc:PriorYear>226</proc:PriorYear>
                            <proc:CurrentYear>136</proc:CurrentYear>
                        </proc:Quantity>
                        <proc:TotalCost>
                            <proc:PriorYear>54.599</proc:PriorYear>
                            <proc:CurrentYear>42.717</proc:CurrentYear>
                        </proc:TotalCost>
                    </proc:Cost>
                </proc:Component>
                <proc:Component>
                    <proc:Name>Army National Guard</proc:Name>
                    <proc:Cost>
                        <proc:Quantity>
                            <proc:PriorYear>64</proc:PriorYear>
                            <proc:CurrentYear>40</proc:CurrentYear>
                        </proc:Quantity>
                        <proc:TotalCost>
                            <proc:PriorYear>15.599</proc:PriorYear>
                            <proc:CurrentYear>12.22</proc:CurrentYear>
                        </proc:TotalCost>
                    </proc:Cost>
                </proc:Component>
                <proc:Component>
                    <proc:Name>Army Reserve</proc:Name>
                    <proc:Cost>
                        <proc:Quantity>
                            <proc:PriorYear>32</proc:PriorYear>
                            <proc:CurrentYear>19</proc:CurrentYear>
                        </proc:Quantity>
                        <proc:TotalCost>
                            <proc:PriorYear>7.801</proc:PriorYear>
                            <proc:CurrentYear>3.755</proc:CurrentYear>
                        </proc:TotalCost>
                    </proc:Cost>
                </proc:Component>
            </proc:ComponentList>
            <proc:TotalCost>
                <proc:Quantity>
                    <proc:PriorYear>322</proc:PriorYear>
                    <proc:CurrentYear>195</proc:CurrentYear>
                </proc:Quantity>
                <proc:TotalCost>
                    <proc:PriorYear>77.999</proc:PriorYear>
                    <proc:CurrentYear>58.692</proc:CurrentYear>
                </proc:TotalCost>
            </proc:TotalCost>
        </proc:SecondaryDistribution>
        <proc:Description>8151B70000 / COE Tactical Server Infrastructure (TSI) base procurement funding in FY 2026 and beyond was realigned to Lines B29810 (Item Number B29801) and BA9301 (Item Number B99418), in support of the Army's Next Generation Command and Control (NGC2) initiative to modernize Command and Control (C2) systems, Infrastructure Layer. This capability, along with its resources and requirement will transition under the overarching NGC2 capability to eliminate stove-piping, reduce duplication of effort, and provide capability within a single NGC2 core architecture.

The Tactical Server Infrastructure (TSI) is the server hardware platform that hosts Mission Command applications and enterprise software in Army units from the Battalion echelon up through the Army Service Component Command. The TSI provides the computing and data storage hardware/software required to host the tactical Computing Environments, supported Warfighter Functional Area applications, Cross-Cutting Capabilities and enables the collaborative work environment.

TSI standardizes server configurations using Commercial-off-the-shelf (COTS) hardware and software and TSI provides a common hosting platform for mission command systems. It extends support to the migration of future warfighting capabilities and facilitates cloud computing capabilities in the tactical space.</proc:Description>
        <proc:Justification>Base procurement funding in FY 2026 and beyond was realigned to Lines B29810 (Item Number B29801) and BA9301 (Item Number B99418), in support of the Army's Next Generation Command and Control (NGC2) initiative to modernize Command and Control (C2) systems, Infrastructure Layer. This capability, along with its resources and requirement will transition under the overarching NGC2 capability to eliminate stove-piping, reduce duplication of effort, and provide capability within a single NGC2 core architecture.

In accordance with section 1815 of the FY 2008 National Defense Authorization Act (P.L. 110 - 181), this item is necessary for use by the active and reserve components of the Armed Forces for homeland defense missions, domestic emergency responses, and providing military support to civil authorities.</proc:Justification>
        <proc:DocumentAssemblyOptions>
            <proc:p40AItemScheduleSetting>item</proc:p40AItemScheduleSetting>
        </proc:DocumentAssemblyOptions>
    </proc:LineItem>
</proc:LineItemList>