<?xml version="1.0" encoding="UTF-8"?>
<proc:LineItemList xmlns:proc="http://www.dtic.mil/comptroller/xml/schema/20100219/procurement">
    <proc:LineItem quantityUnits="Each" quantityUnitName="Each" unitCostUnits="Thousands" totalCostUnits="Millions" manufacturerRateUnits="Monthly">
        <proc:LineItemNumber>4700M05800</proc:LineItemNumber>
        <proc:LineItemTitle>Tractor, Full Tracked</proc:LineItemTitle>
        <proc:P1LineNumber>173</proc:P1LineNumber>
        <proc:BudgetYear>2026</proc:BudgetYear>
        <proc:BudgetCycle>PB</proc:BudgetCycle>
        <proc:SubmissionDate>2025-06</proc:SubmissionDate>
        <proc:ServiceAgencyName>Army</proc:ServiceAgencyName>
        <proc:AppropriationNumber>2035A</proc:AppropriationNumber>
        <proc:AppropriationTitle>Other Procurement, Army</proc:AppropriationTitle>
        <proc:BudgetActivityNumber>3</proc:BudgetActivityNumber>
        <proc:BudgetActivityTitle>Other Support Equipment</proc:BudgetActivityTitle>
        <proc:BudgetSubActivityNumber>50</proc:BudgetSubActivityNumber>
        <proc:BudgetSubActivityTitle>Construction Equipment</proc:BudgetSubActivityTitle>
        <proc:ResourceSummary>
            <proc:Quantity>
                <proc:PriorYear>56</proc:PriorYear>
            </proc:Quantity>
            <proc:TotalCost>
                <proc:AllPriorYears>628.772</proc:AllPriorYears>
                <proc:PriorYear>48.406</proc:PriorYear>
            </proc:TotalCost>
            <proc:UnitCost>
                <proc:PriorYear>864.393</proc:PriorYear>
            </proc:UnitCost>
            <proc:NetProcurementP1>
                <proc:AllPriorYears>628.772</proc:AllPriorYears>
                <proc:PriorYear>48.406</proc:PriorYear>
            </proc:NetProcurementP1>
            <proc:TotalObligationAuthority>
                <proc:AllPriorYears>628.772</proc:AllPriorYears>
                <proc:PriorYear>48.406</proc:PriorYear>
            </proc:TotalObligationAuthority>
        </proc:ResourceSummary>
        <proc:Code>A</proc:Code>
        <proc:SecondaryDistribution>
            <proc:ComponentList>
                <proc:Component>
                    <proc:Name>Army Active</proc:Name>
                    <proc:Cost>
                        <proc:Quantity>
                            <proc:PriorYear>9</proc:PriorYear>
                        </proc:Quantity>
                        <proc:TotalCost>
                            <proc:PriorYear>8.403</proc:PriorYear>
                        </proc:TotalCost>
                    </proc:Cost>
                </proc:Component>
                <proc:Component>
                    <proc:Name>Army National Guard</proc:Name>
                    <proc:Cost>
                        <proc:Quantity>
                            <proc:PriorYear>10</proc:PriorYear>
                        </proc:Quantity>
                        <proc:TotalCost>
                            <proc:PriorYear>9.337</proc:PriorYear>
                        </proc:TotalCost>
                    </proc:Cost>
                </proc:Component>
                <proc:Component>
                    <proc:Name>Army Reserve</proc:Name>
                    <proc:Cost>
                        <proc:Quantity>
                            <proc:PriorYear>37</proc:PriorYear>
                        </proc:Quantity>
                        <proc:TotalCost>
                            <proc:PriorYear>30.666</proc:PriorYear>
                        </proc:TotalCost>
                    </proc:Cost>
                </proc:Component>
            </proc:ComponentList>
            <proc:TotalCost>
                <proc:Quantity>
                    <proc:PriorYear>56</proc:PriorYear>
                </proc:Quantity>
                <proc:TotalCost>
                    <proc:PriorYear>48.406</proc:PriorYear>
                </proc:TotalCost>
            </proc:TotalCost>
        </proc:SecondaryDistribution>
        <proc:Description>The Family of Dozers includes several platforms. Near-term procurement focuses on modernizing the fleet through T-9 Medium Dozer production with technology insertion to enable autonomous operations in the future.

The T-9 Medium Type I Dozers with winch enables Combat Engineer, Quartermaster and Transportation Companies with the capabilities necessary to construct and maintain the infrastructure required to freely conduct and sustain activities across the range of military operations, including breaching operations, port opening operations and emplacement of standard and nonstandard Army bridging systems for wet and dry gap crossings. These capabilities include operator armor protection, creating obstacles, shaping the terrain and repairing lines of communication resulting in increased mobility, maneuverability, deployability and sustainability. The Army Acquisition Objective (AAO) for the  T-9 Medium Dozer Type I with winch is 939.

The T-9 Medium Type II Dozers with ripper enables Engineer and Vertical Construction Companies with the capabilities necessary to conduct horizontal and vertical construction tasks to establish and maintain the infrastructure required to freely conduct and sustain activities across the range of military operations, including breaching operations and emplacement of standard and nonstandard Army bridging systems for wet and dry gap crossings. These capabilities include a technology insert to enable future semi/full autonomous operation, armor protection, creating obstacles, shaping the terrain and repairing lines of communication resulting in increased mobility, maneuverability, deployability and sustainability. The T-9 Dozer enables Cross Functional Teams (CFT) in the Shoot, Communicate &amp; Sustain phase. The T-9 Medium Dozer Type II with ripper AAO is 772. 
 
The T-5 Light Type I Dozers with winch enables Engineer Support Companies, Stryker Brigade Combat Teams and Armored Brigade Combat Teams with the capabilities necessary to effectively conduct horizontal and vertical construction tasks with emphasis on rapid airfield repair and military facilities to establish and maintain the infrastructure required to conduct and sustain activities across the range of military operations. These capabilities include clearing, grubbing, stripping, dozing, rough grading, cutting and filling, loosening of materiel prior to excavation, reducing obstacles and towing in support of general engineering tasks. The T-5 Light Dozer Type I with ripper AAO is 145. 

The T-5 Light Type II Dozers with ripper enables Engineer Support Companies, Stryker Brigade Combat Teams and Armored Brigade Combat Teams with the capabilities necessary to conduct horizontal and vertical construction tasks with emphasis on rapid airfield repair, military facilities to establish and maintain the infrastructure required to conduct and sustain activities across the range of military operations. These capabilities include clearing, grubbing, stripping, dozing, rough grading, cutting and filling, loosening of materiel prior to excavation, reducing obstacles and towing in support of general engineering tasks. The T-5 Light Dozer Type II with winch AAO is 159.

The CEVT supports the National Defense Strategy goal of increased ingenuity in training commercial off the shelf virtual training devices with software modifications for military unique tasks.  These simulators enable the United States Army Engineer School with the capability to train Engineer Military Occupational Skill (MOS) to soldiers, while reducing maintenance of actual equipment and fuel costs during traditional training. The simulators provide the Engineer Warfighter with a multitude of training scenarios and continuous hands on training on a variety of construction equipment and in various simulated conditions. Use of CEVT increases skills and competency in the operation of equipment. CEVT also enables for unique training scenarios that are deemed too risky on actual equipment, thereby supporting the National Defense Strategy goal of increased ingenuity in training. The Army Acquisition Objective (AAO) for the Medium Dozer Construction Equipment Virtual Trainers (CEVT) is 33.

This program is included in the OPA Budget Line Consolidation. In FY 2025, the High Mobility Engineer Excavator (HMEE) (R05901), the All Terrain Cranes (R06701), the Tractor, Full (M05800), and the Const Equip ESP (M05500) were consolidated into the Construction Equipment (R02700) program.</proc:Description>
        <proc:Justification>This program is included in the OPA Budget Line Consolidation. In FY2025, this program consolidates the Const Equip ESP (M05500), High Mobility Engineer Excavator (HMEE) (R05901), Tractor Full Tracked Med T-9 (M05800), and All Terrain Cranes (R06701) into the new Construction Equipment (R02700) program.

In accordance with section 1815 of the FY 2008 National Defense Authorization Act (P.L. 110 - 181), this item is necessary for use by the active and reserve components of the Armed Forces for homeland defense missions, domestic emergency responses, and providing military support to civil authorities.</proc:Justification>
        <proc:DocumentAssemblyOptions>
            <proc:p40AItemScheduleSetting>item</proc:p40AItemScheduleSetting>
        </proc:DocumentAssemblyOptions>
    </proc:LineItem>
</proc:LineItemList>