<?xml version="1.0" encoding="UTF-8"?>
<proc:LineItemList xmlns:proc="http://www.dtic.mil/comptroller/xml/schema/20100219/procurement">
    <proc:LineItem quantityUnits="Each" quantityUnitName="Each" unitCostUnits="Thousands" totalCostUnits="Millions" manufacturerRateUnits="Yearly">
        <proc:LineItemNumber>3003B45000</proc:LineItemNumber>
        <proc:LineItemTitle>ACCESSIONS INFORMATION ENVIRONMENT (AIE)</proc:LineItemTitle>
        <proc:P1LineNumber>127</proc:P1LineNumber>
        <proc:BudgetYear>2026</proc:BudgetYear>
        <proc:BudgetCycle>PB</proc:BudgetCycle>
        <proc:SubmissionDate>2025-06</proc:SubmissionDate>
        <proc:ServiceAgencyName>Army</proc:ServiceAgencyName>
        <proc:AppropriationNumber>2035A</proc:AppropriationNumber>
        <proc:AppropriationTitle>Other Procurement, Army</proc:AppropriationTitle>
        <proc:BudgetActivityNumber>2</proc:BudgetActivityNumber>
        <proc:BudgetActivityTitle>Communications and Electronics Equipment</proc:BudgetActivityTitle>
        <proc:BudgetSubActivityNumber>92</proc:BudgetSubActivityNumber>
        <proc:BudgetSubActivityTitle>Elect Equip - Automation</proc:BudgetSubActivityTitle>
        <proc:ResourceSummary>
            <proc:TotalCost>
                <proc:PriorYear>4.198</proc:PriorYear>
                <proc:CurrentYear>1.303</proc:CurrentYear>
            </proc:TotalCost>
            <proc:NetProcurementP1>
                <proc:PriorYear>4.198</proc:PriorYear>
                <proc:CurrentYear>1.303</proc:CurrentYear>
            </proc:NetProcurementP1>
            <proc:TotalObligationAuthority>
                <proc:PriorYear>4.198</proc:PriorYear>
                <proc:CurrentYear>1.303</proc:CurrentYear>
            </proc:TotalObligationAuthority>
        </proc:ResourceSummary>
        <proc:OtherRelatedProgramElementList>
            <proc:ProgramElementNumber>0605233A</proc:ProgramElementNumber>
        </proc:OtherRelatedProgramElementList>
        <proc:SecondaryDistribution>
            <proc:ComponentList>
                <proc:Component>
                    <proc:Name>Army Active</proc:Name>
                    <proc:Cost>
                        <proc:TotalCost>
                            <proc:PriorYear>4.198</proc:PriorYear>
                            <proc:CurrentYear>1.303</proc:CurrentYear>
                        </proc:TotalCost>
                    </proc:Cost>
                </proc:Component>
            </proc:ComponentList>
            <proc:TotalCost>
                <proc:TotalCost>
                    <proc:PriorYear>4.198</proc:PriorYear>
                    <proc:CurrentYear>1.303</proc:CurrentYear>
                </proc:TotalCost>
            </proc:TotalCost>
        </proc:SecondaryDistribution>
        <proc:Description>The Accessions Information Environment (AIE) modernizes the Army's accession and recruiting process as a fully integrated enterprise system with new business practices and updated recruiting capabilities. Modernization allows the recruiters to dedicate more of their time in the field with potential recruits rather than at his/her desk processing paperwork and pulling data from multiple legacy systems, while using any mobile devices. AIE leverages Salesforce Inc., Original Equipment Manufacturer (OEM), to deliver a minimally customized Commercial-Off-The-Shelf Customer Relationship Management (CRM) solution hosted in a commercial Salesforce and Amazon Web Service (AWS) Cloud Impact Level 4 (IL4) environment for talent acquisition Army-wide. AIE supports the Army's accessioning process through its four missions: (1) Enlisted Soldiers, (2) Commission Officers through the Reserve Officers' Training Corps (ROTC) program, (3) In-Service requirements, and (4) Direct Commission. AIE will deliver eight core capabilities: lead generation &amp; management, prospecting, interviewing, processing, pay &amp; incentives, intelligence, marketing, and training/leader development. The AIE serves as the Army's accessions system of record to interface and synchronize with multiple Army HR agencies and systems to improve the Soldier's experience, which ultimately gains effectiveness and efficiency for the Army's recruiting force. 

The program transitioned from waterfall development to Agile Scaled Agile Framework (SAFe) 6.0 to better execute software development and fielding.  Within the SAFe 6.0 framework, AIE emphasizes on human-center design processes throughout the Development, Security, and Operations (DevSecOps) Continuous Integration/Continuous Delivery (CI/CD) pipeline using Agile ceremonies. With this approach, the program can accelerate software development to meet business requirements, ensures code quality, and ensures software security for end user requirements. Additionally, AIE partnered with National Guard early adopters, in 3QFY24 to maximize user feedback and release a series of prototype software previews to establish a Minimum Viable Capability Release (MVCR). In 1QFY25 the program deployed the MVCR, defined within DoDI 5000.87 as initial capabilities to enhance mission outcomes, by delivering initial capabilities of Lead Management, Prospecting, Interviewing, Processing, and setting the baseline for continuous and iterative deployment of functionality to support the Enlisted Mission throughout FY25. 

AIE will release new software capabilities to the field every 2 weeks aligned to following major capability areas:
1.0 Enlisted Recruiting Mission - final release projected 2QFY26
2.0 In-Service and Direct Commission Mission - final release projected 2QFY28
3.0 ROTC Campus and Summer Mission - final release projected 4QFY29-1QY2030
4.0 Accessions Support Mission - final release projected 4QFY28
Note: In accordance with DoDI 5000.87, AIE will continually release software updates until the final release and will then continue software updates and fixes through the system end of life (EOL) projected FY39.</proc:Description>
        <proc:Justification>B45000 has no FY26 funding requested.</proc:Justification>
        <proc:DocumentAssemblyOptions>
            <proc:p40AItemScheduleSetting>item</proc:p40AItemScheduleSetting>
        </proc:DocumentAssemblyOptions>
    </proc:LineItem>
</proc:LineItemList>