<?xml version="1.0" encoding="UTF-8"?>
<proc:LineItemList xmlns:proc="http://www.dtic.mil/comptroller/xml/schema/20100219/procurement">
    <proc:LineItem quantityUnits="Each" quantityUnitName="Each" unitCostUnits="Thousands" totalCostUnits="Millions" manufacturerRateUnits="Monthly">
        <proc:LineItemNumber>1981B00010</proc:LineItemNumber>
        <proc:LineItemTitle>Signal Modernization Program</proc:LineItemTitle>
        <proc:P1LineNumber>26</proc:P1LineNumber>
        <proc:BudgetYear>2026</proc:BudgetYear>
        <proc:BudgetCycle>PB</proc:BudgetCycle>
        <proc:SubmissionDate>2025-06</proc:SubmissionDate>
        <proc:ServiceAgencyName>Army</proc:ServiceAgencyName>
        <proc:AppropriationNumber>2035A</proc:AppropriationNumber>
        <proc:AppropriationTitle>Other Procurement, Army</proc:AppropriationTitle>
        <proc:BudgetActivityNumber>2</proc:BudgetActivityNumber>
        <proc:BudgetActivityTitle>Communications and Electronics Equipment</proc:BudgetActivityTitle>
        <proc:BudgetSubActivityNumber>12</proc:BudgetSubActivityNumber>
        <proc:BudgetSubActivityTitle>Comm - Joint Communications</proc:BudgetSubActivityTitle>
        <proc:ResourceSummary>
            <proc:Quantity>
                <proc:AllPriorYears>1212</proc:AllPriorYears>
                <proc:PriorYear>297</proc:PriorYear>
            </proc:Quantity>
            <proc:TotalCost>
                <proc:AllPriorYears>1114.705</proc:AllPriorYears>
                <proc:PriorYear>144.857</proc:PriorYear>
            </proc:TotalCost>
            <proc:UnitCost>
                <proc:AllPriorYears>919.724</proc:AllPriorYears>
                <proc:PriorYear>487.734</proc:PriorYear>
            </proc:UnitCost>
            <proc:NetProcurementP1>
                <proc:AllPriorYears>1114.705</proc:AllPriorYears>
                <proc:PriorYear>144.857</proc:PriorYear>
            </proc:NetProcurementP1>
            <proc:TotalObligationAuthority>
                <proc:AllPriorYears>1114.705</proc:AllPriorYears>
                <proc:PriorYear>144.857</proc:PriorYear>
            </proc:TotalObligationAuthority>
        </proc:ResourceSummary>
        <proc:OtherRelatedProgramElementList>
            <proc:ProgramElementNumber>0604818A</proc:ProgramElementNumber>
        </proc:OtherRelatedProgramElementList>
        <proc:SecondaryDistribution>
            <proc:ComponentList>
                <proc:Component>
                    <proc:Name>Army Active</proc:Name>
                    <proc:Cost>
                        <proc:Quantity>
                            <proc:PriorYear>144</proc:PriorYear>
                        </proc:Quantity>
                        <proc:TotalCost>
                            <proc:PriorYear>81.565</proc:PriorYear>
                        </proc:TotalCost>
                    </proc:Cost>
                </proc:Component>
                <proc:Component>
                    <proc:Name>Army National Guard</proc:Name>
                    <proc:Cost>
                        <proc:Quantity>
                            <proc:PriorYear>138</proc:PriorYear>
                        </proc:Quantity>
                        <proc:TotalCost>
                            <proc:PriorYear>58.808</proc:PriorYear>
                        </proc:TotalCost>
                    </proc:Cost>
                </proc:Component>
                <proc:Component>
                    <proc:Name>Army Reserve</proc:Name>
                    <proc:Cost>
                        <proc:Quantity>
                            <proc:PriorYear>15</proc:PriorYear>
                        </proc:Quantity>
                        <proc:TotalCost>
                            <proc:PriorYear>4.484</proc:PriorYear>
                        </proc:TotalCost>
                    </proc:Cost>
                </proc:Component>
            </proc:ComponentList>
            <proc:TotalCost>
                <proc:Quantity>
                    <proc:PriorYear>297</proc:PriorYear>
                </proc:Quantity>
                <proc:TotalCost>
                    <proc:PriorYear>144.857</proc:PriorYear>
                </proc:TotalCost>
            </proc:TotalCost>
        </proc:SecondaryDistribution>
        <proc:Description>This program is included in the OPA Budget Line Consolidation.  In FY 2025, B00010 Signal Modernization was consolidated into B11200 Tactical Network Communication (parent) /B11225 Signal Modernization Program.</proc:Description>
        <proc:Justification>In FY 2025, B00010 Signal Modernization was consolidated into B11200 Tactical Network Communication (parent) /B11225 Signal Modernization Program.

In accordance with section 1815 of the FY 2008 National Defense Authorization Act (P.L. 110 - 181), this item is necessary for use by the active and reserve components of the Armed Forces for homeland defense missions, domestic emergency responses, and providing military support to civil authorities.</proc:Justification>
        <proc:DocumentAssemblyOptions>
            <proc:p40AItemScheduleSetting>item</proc:p40AItemScheduleSetting>
        </proc:DocumentAssemblyOptions>
    </proc:LineItem>
</proc:LineItemList>