<?xml version="1.0" encoding="UTF-8"?>
<proc:LineItemList xmlns:proc="http://www.dtic.mil/comptroller/xml/schema/20100219/procurement">
    <proc:LineItem quantityUnits="Each" quantityUnitName="Each" unitCostUnits="Thousands" totalCostUnits="Millions" manufacturerRateUnits="Monthly">
        <proc:LineItemNumber>0250BK5284</proc:LineItemNumber>
        <proc:LineItemTitle>CI AUTOMATION ARCHITECTURE-INTEL</proc:LineItemTitle>
        <proc:P1LineNumber>56</proc:P1LineNumber>
        <proc:BudgetYear>2026</proc:BudgetYear>
        <proc:BudgetCycle>PB</proc:BudgetCycle>
        <proc:SubmissionDate>2025-06</proc:SubmissionDate>
        <proc:ServiceAgencyName>Army</proc:ServiceAgencyName>
        <proc:AppropriationNumber>2035A</proc:AppropriationNumber>
        <proc:AppropriationTitle>Other Procurement, Army</proc:AppropriationTitle>
        <proc:BudgetActivityNumber>2</proc:BudgetActivityNumber>
        <proc:BudgetActivityTitle>Communications and Electronics Equipment</proc:BudgetActivityTitle>
        <proc:BudgetSubActivityNumber>36</proc:BudgetSubActivityNumber>
        <proc:BudgetSubActivityTitle>Comm - Intelligence Comm</proc:BudgetSubActivityTitle>
        <proc:ResourceSummary>
            <proc:TotalCost>
                <proc:AllPriorYears>203.504</proc:AllPriorYears>
                <proc:PriorYear>17.64</proc:PriorYear>
                <proc:CurrentYear>15.512</proc:CurrentYear>
                <proc:BudgetYearOneBase>15.29</proc:BudgetYearOneBase>
                <proc:BudgetYearOne>15.29</proc:BudgetYearOne>
            </proc:TotalCost>
            <proc:NetProcurementP1>
                <proc:AllPriorYears>203.504</proc:AllPriorYears>
                <proc:PriorYear>17.64</proc:PriorYear>
                <proc:CurrentYear>15.512</proc:CurrentYear>
                <proc:BudgetYearOneBase>15.29</proc:BudgetYearOneBase>
                <proc:BudgetYearOne>15.29</proc:BudgetYearOne>
            </proc:NetProcurementP1>
            <proc:TotalObligationAuthority>
                <proc:AllPriorYears>203.504</proc:AllPriorYears>
                <proc:PriorYear>17.64</proc:PriorYear>
                <proc:CurrentYear>15.512</proc:CurrentYear>
                <proc:BudgetYearOneBase>15.29</proc:BudgetYearOneBase>
                <proc:BudgetYearOne>15.29</proc:BudgetYearOne>
            </proc:TotalObligationAuthority>
        </proc:ResourceSummary>
        <proc:SecondaryDistribution>
            <proc:ComponentList>
                <proc:Component>
                    <proc:Name>Army Active</proc:Name>
                    <proc:Cost>
                        <proc:TotalCost>
                            <proc:PriorYear>17.64</proc:PriorYear>
                            <proc:CurrentYear>15.512</proc:CurrentYear>
                            <proc:BudgetYearOneBase>15.29</proc:BudgetYearOneBase>
                            <proc:BudgetYearOne>15.29</proc:BudgetYearOne>
                        </proc:TotalCost>
                    </proc:Cost>
                </proc:Component>
            </proc:ComponentList>
            <proc:TotalCost>
                <proc:TotalCost>
                    <proc:PriorYear>17.64</proc:PriorYear>
                    <proc:CurrentYear>15.512</proc:CurrentYear>
                    <proc:BudgetYearOneBase>15.29</proc:BudgetYearOneBase>
                    <proc:BudgetYearOne>15.29</proc:BudgetYearOne>
                </proc:TotalCost>
            </proc:TotalCost>
        </proc:SecondaryDistribution>
        <proc:Description>This program provides the Army, as a member of the Department of Defense (DoD) Counterintelligence (CI) community, with advanced CI operational equipment to enhance its ability to contour the global threat through significant improvements in information sharing, common situational awareness, and knowledge management in a joint operational environment.

Joint Task Force Guantanamo (JTF-GTMO) Intel IT Systems provide critical intelligence capabilities in support of ongoing detainee operations, military commissions and detainee assessments as directed by OSD. In accordance with directives by OSD and DoD General Counsel on GTMO detainee records, JTF-GTMO is mandated to preserve all detainee relevant data. These systems were originally installed in a contingency nature with the intent of operating.

Sensitive Compartmented Information Facility - Information Technology (SCIF-IT) provides maintenance, manning, and sustainment in support of the Joint Worldwide Information Communications System (JWICS) Top Secret network services for the entire Army. In addition, the project supports Collateral (Secret and below) network services in the Army's military intelligence IT domains.</proc:Description>
        <proc:Justification>FY 2026 Base procurement dollars in the amount of $15.290 million procures the following efforts:

FY 2026 Base procurement dollars in the amount of $15.290 million supports the Department of Defense Intelligence Information System (DODIIS) - compliant CI and Human Intelligence (HUMINT) material solutions to support implementation of case management, threat management information systems, and information processing systems at Service, Major Command (MACOM) and user level Army Intelligence sites. Funding also provides specialized equipment necessary to support worldwide CI operations and investigation missions. Funding also procures Army Intelligence-Related Information Technology Systems and Networks. This effort will provide life-cycle replacement for critical information technology systems to include Joint Worldwide Intelligence Communications Systems (JWICS) required to support global Army intelligence operations.</proc:Justification>
        <proc:ItemExhibitList>
            <proc:P5Item>
                <proc:Name>CI AUTOMATION ARCHITECTURE-INTEL</proc:Name>
                <proc:ItemNumber>BK5284</proc:ItemNumber>
                <proc:SecondaryDistribution>
                    <proc:ComponentList>
                        <proc:Component>
                            <proc:Name>Army Active</proc:Name>
                            <proc:Cost>
                                <proc:TotalCost>
                                    <proc:PriorYear>17.64</proc:PriorYear>
                                    <proc:CurrentYear>15.512</proc:CurrentYear>
                                    <proc:BudgetYearOneBase>15.29</proc:BudgetYearOneBase>
                                    <proc:BudgetYearOne>15.29</proc:BudgetYearOne>
                                </proc:TotalCost>
                            </proc:Cost>
                        </proc:Component>
                    </proc:ComponentList>
                </proc:SecondaryDistribution>
                <proc:ResourceSummary>
                    <proc:TotalCost>
                        <proc:AllPriorYears>203.504</proc:AllPriorYears>
                        <proc:PriorYear>17.64</proc:PriorYear>
                        <proc:CurrentYear>15.512</proc:CurrentYear>
                        <proc:BudgetYearOneBase>15.29</proc:BudgetYearOneBase>
                        <proc:BudgetYearOne>15.29</proc:BudgetYearOne>
                    </proc:TotalCost>
                    <proc:NetProcurementP1>
                        <proc:AllPriorYears>203.504</proc:AllPriorYears>
                        <proc:PriorYear>17.64</proc:PriorYear>
                        <proc:CurrentYear>15.512</proc:CurrentYear>
                        <proc:BudgetYearOneBase>15.29</proc:BudgetYearOneBase>
                        <proc:BudgetYearOne>15.29</proc:BudgetYearOne>
                    </proc:NetProcurementP1>
                    <proc:TotalObligationAuthority>
                        <proc:AllPriorYears>203.504</proc:AllPriorYears>
                        <proc:PriorYear>17.64</proc:PriorYear>
                        <proc:CurrentYear>15.512</proc:CurrentYear>
                        <proc:BudgetYearOneBase>15.29</proc:BudgetYearOneBase>
                        <proc:BudgetYearOne>15.29</proc:BudgetYearOne>
                    </proc:TotalObligationAuthority>
                </proc:ResourceSummary>
                <proc:CostElementCategoryList>
                    <proc:Hardware>
                        <proc:Recurring>
                            <proc:CostElementList>
                                <proc:CostElement>
                                    <proc:Name>CERP Servers</proc:Name>
                                    <proc:Cost>
                                        <proc:Quantity>
                                            <proc:AllPriorYears>462</proc:AllPriorYears>
                                        </proc:Quantity>
                                        <proc:TotalCost>
                                            <proc:AllPriorYears>22.003</proc:AllPriorYears>
                                            <proc:PriorYear>2.103</proc:PriorYear>
                                            <proc:CurrentYear>2</proc:CurrentYear>
                                            <proc:BudgetYearOneBase>2.175</proc:BudgetYearOneBase>
                                            <proc:BudgetYearOne>2.175</proc:BudgetYearOne>
                                        </proc:TotalCost>
                                        <proc:UnitCost>
                                            <proc:AllPriorYears>47.626</proc:AllPriorYears>
                                        </proc:UnitCost>
                                    </proc:Cost>
                                </proc:CostElement>
                                <proc:CostElement>
                                    <proc:Name>CERP Storage</proc:Name>
                                    <proc:Cost>
                                        <proc:Quantity>
                                            <proc:AllPriorYears>236</proc:AllPriorYears>
                                        </proc:Quantity>
                                        <proc:TotalCost>
                                            <proc:AllPriorYears>15.792</proc:AllPriorYears>
                                            <proc:PriorYear>5.342</proc:PriorYear>
                                            <proc:CurrentYear>4.2</proc:CurrentYear>
                                            <proc:BudgetYearOneBase>4.375</proc:BudgetYearOneBase>
                                            <proc:BudgetYearOne>4.375</proc:BudgetYearOne>
                                        </proc:TotalCost>
                                        <proc:UnitCost>
                                            <proc:AllPriorYears>66.917</proc:AllPriorYears>
                                        </proc:UnitCost>
                                    </proc:Cost>
                                </proc:CostElement>
                                <proc:CostElement>
                                    <proc:Name>CERP Routers</proc:Name>
                                    <proc:Cost>
                                        <proc:Quantity>
                                            <proc:AllPriorYears>227</proc:AllPriorYears>
                                        </proc:Quantity>
                                        <proc:TotalCost>
                                            <proc:AllPriorYears>10.589</proc:AllPriorYears>
                                            <proc:PriorYear>1.905</proc:PriorYear>
                                            <proc:CurrentYear>1.905</proc:CurrentYear>
                                            <proc:BudgetYearOneBase>2.08</proc:BudgetYearOneBase>
                                            <proc:BudgetYearOne>2.08</proc:BudgetYearOne>
                                        </proc:TotalCost>
                                        <proc:UnitCost>
                                            <proc:AllPriorYears>46.648</proc:AllPriorYears>
                                        </proc:UnitCost>
                                    </proc:Cost>
                                </proc:CostElement>
                                <proc:CostElement>
                                    <proc:Name>CERP Switches</proc:Name>
                                    <proc:Cost>
                                        <proc:Quantity>
                                            <proc:AllPriorYears>662</proc:AllPriorYears>
                                        </proc:Quantity>
                                        <proc:TotalCost>
                                            <proc:AllPriorYears>93.573</proc:AllPriorYears>
                                            <proc:PriorYear>6.686</proc:PriorYear>
                                            <proc:CurrentYear>6.249</proc:CurrentYear>
                                            <proc:BudgetYearOneBase>5.502</proc:BudgetYearOneBase>
                                            <proc:BudgetYearOne>5.502</proc:BudgetYearOne>
                                        </proc:TotalCost>
                                        <proc:UnitCost>
                                            <proc:AllPriorYears>141.349</proc:AllPriorYears>
                                        </proc:UnitCost>
                                    </proc:Cost>
                                </proc:CostElement>
                                <proc:CostElement>
                                    <proc:Name>Non-MTOE Automation Equipment</proc:Name>
                                    <proc:Cost>
                                        <proc:Quantity>
                                            <proc:AllPriorYears>7</proc:AllPriorYears>
                                        </proc:Quantity>
                                        <proc:TotalCost>
                                            <proc:AllPriorYears>61.547</proc:AllPriorYears>
                                            <proc:PriorYear>1.604</proc:PriorYear>
                                            <proc:CurrentYear>1.158</proc:CurrentYear>
                                            <proc:BudgetYearOneBase>1.158</proc:BudgetYearOneBase>
                                            <proc:BudgetYearOne>1.158</proc:BudgetYearOne>
                                        </proc:TotalCost>
                                        <proc:UnitCost>
                                            <proc:AllPriorYears>8792.429</proc:AllPriorYears>
                                        </proc:UnitCost>
                                    </proc:Cost>
                                </proc:CostElement>
                            </proc:CostElementList>
                            <proc:CategorySubtotal>
                                <proc:TotalCost>
                                    <proc:AllPriorYears>203.504</proc:AllPriorYears>
                                    <proc:PriorYear>17.64</proc:PriorYear>
                                    <proc:CurrentYear>15.512</proc:CurrentYear>
                                    <proc:BudgetYearOneBase>15.29</proc:BudgetYearOneBase>
                                    <proc:BudgetYearOne>15.29</proc:BudgetYearOne>
                                </proc:TotalCost>
                            </proc:CategorySubtotal>
                        </proc:Recurring>
                        <proc:CategorySubtotal>
                            <proc:TotalCost>
                                <proc:AllPriorYears>203.504</proc:AllPriorYears>
                                <proc:PriorYear>17.64</proc:PriorYear>
                                <proc:CurrentYear>15.512</proc:CurrentYear>
                                <proc:BudgetYearOneBase>15.29</proc:BudgetYearOneBase>
                                <proc:BudgetYearOne>15.29</proc:BudgetYearOne>
                            </proc:TotalCost>
                        </proc:CategorySubtotal>
                    </proc:Hardware>
                </proc:CostElementCategoryList>
            </proc:P5Item>
        </proc:ItemExhibitList>
        <proc:DocumentAssemblyOptions>
            <proc:p40AItemScheduleSetting>item</proc:p40AItemScheduleSetting>
        </proc:DocumentAssemblyOptions>
    </proc:LineItem>
</proc:LineItemList>