<?xml version="1.0" encoding="UTF-8"?>
<proc:LineItemList xmlns:proc="http://www.dtic.mil/comptroller/xml/schema/20100219/procurement">
    <proc:LineItem quantityUnits="Each" quantityUnitName="Each" unitCostUnits="Thousands" totalCostUnits="Millions" manufacturerRateUnits="Monthly">
        <proc:LineItemNumber>8827R80800</proc:LineItemNumber>
        <proc:LineItemTitle>Mobile Soldier Power</proc:LineItemTitle>
        <proc:P1LineNumber>157</proc:P1LineNumber>
        <proc:BudgetYear>2026</proc:BudgetYear>
        <proc:BudgetCycle>PB</proc:BudgetCycle>
        <proc:SubmissionDate>2025-06</proc:SubmissionDate>
        <proc:ServiceAgencyName>Army</proc:ServiceAgencyName>
        <proc:AppropriationNumber>2035A</proc:AppropriationNumber>
        <proc:AppropriationTitle>Other Procurement, Army</proc:AppropriationTitle>
        <proc:BudgetActivityNumber>3</proc:BudgetActivityNumber>
        <proc:BudgetActivityTitle>Other Support Equipment</proc:BudgetActivityTitle>
        <proc:BudgetSubActivityNumber>25</proc:BudgetSubActivityNumber>
        <proc:BudgetSubActivityTitle>Combat Service Support Equipment</proc:BudgetSubActivityTitle>
        <proc:ResourceSummary>
            <proc:Quantity>
                <proc:AllPriorYears>1355</proc:AllPriorYears>
                <proc:PriorYear>224</proc:PriorYear>
                <proc:CurrentYear>1078</proc:CurrentYear>
                <proc:BudgetYearOneBase>612</proc:BudgetYearOneBase>
                <proc:BudgetYearOne>612</proc:BudgetYearOne>
            </proc:Quantity>
            <proc:TotalCost>
                <proc:AllPriorYears>131.7</proc:AllPriorYears>
                <proc:PriorYear>13.284</proc:PriorYear>
                <proc:CurrentYear>19.929</proc:CurrentYear>
                <proc:BudgetYearOneBase>15.729</proc:BudgetYearOneBase>
                <proc:BudgetYearOne>15.729</proc:BudgetYearOne>
            </proc:TotalCost>
            <proc:UnitCost>
                <proc:AllPriorYears>97.196</proc:AllPriorYears>
                <proc:PriorYear>59.304</proc:PriorYear>
                <proc:CurrentYear>18.487</proc:CurrentYear>
                <proc:BudgetYearOneBase>25.701</proc:BudgetYearOneBase>
                <proc:BudgetYearOne>25.701</proc:BudgetYearOne>
            </proc:UnitCost>
            <proc:NetProcurementP1>
                <proc:AllPriorYears>131.7</proc:AllPriorYears>
                <proc:PriorYear>13.284</proc:PriorYear>
                <proc:CurrentYear>19.929</proc:CurrentYear>
                <proc:BudgetYearOneBase>15.729</proc:BudgetYearOneBase>
                <proc:BudgetYearOne>15.729</proc:BudgetYearOne>
            </proc:NetProcurementP1>
            <proc:TotalObligationAuthority>
                <proc:AllPriorYears>131.7</proc:AllPriorYears>
                <proc:PriorYear>13.284</proc:PriorYear>
                <proc:CurrentYear>19.929</proc:CurrentYear>
                <proc:BudgetYearOneBase>15.729</proc:BudgetYearOneBase>
                <proc:BudgetYearOne>15.729</proc:BudgetYearOne>
            </proc:TotalObligationAuthority>
        </proc:ResourceSummary>
        <proc:SecondaryDistribution>
            <proc:ComponentList>
                <proc:Component>
                    <proc:Name>Army Active</proc:Name>
                    <proc:Cost>
                        <proc:Quantity>
                            <proc:PriorYear>224</proc:PriorYear>
                            <proc:CurrentYear>887</proc:CurrentYear>
                            <proc:BudgetYearOneBase>612</proc:BudgetYearOneBase>
                            <proc:BudgetYearOne>612</proc:BudgetYearOne>
                        </proc:Quantity>
                        <proc:TotalCost>
                            <proc:PriorYear>13.284</proc:PriorYear>
                            <proc:CurrentYear>16.791</proc:CurrentYear>
                            <proc:BudgetYearOneBase>15.729</proc:BudgetYearOneBase>
                            <proc:BudgetYearOne>15.729</proc:BudgetYearOne>
                        </proc:TotalCost>
                    </proc:Cost>
                </proc:Component>
                <proc:Component>
                    <proc:Name>Army National Guard</proc:Name>
                    <proc:Cost>
                        <proc:Quantity>
                            <proc:CurrentYear>143</proc:CurrentYear>
                        </proc:Quantity>
                        <proc:TotalCost>
                            <proc:CurrentYear>2.353</proc:CurrentYear>
                        </proc:TotalCost>
                    </proc:Cost>
                </proc:Component>
                <proc:Component>
                    <proc:Name>Army Reserve</proc:Name>
                    <proc:Cost>
                        <proc:Quantity>
                            <proc:CurrentYear>48</proc:CurrentYear>
                        </proc:Quantity>
                        <proc:TotalCost>
                            <proc:CurrentYear>0.785</proc:CurrentYear>
                        </proc:TotalCost>
                    </proc:Cost>
                </proc:Component>
            </proc:ComponentList>
            <proc:TotalCost>
                <proc:Quantity>
                    <proc:PriorYear>224</proc:PriorYear>
                    <proc:CurrentYear>1078</proc:CurrentYear>
                    <proc:BudgetYearOneBase>612</proc:BudgetYearOneBase>
                    <proc:BudgetYearOne>612</proc:BudgetYearOne>
                </proc:Quantity>
                <proc:TotalCost>
                    <proc:PriorYear>13.284</proc:PriorYear>
                    <proc:CurrentYear>19.929</proc:CurrentYear>
                    <proc:BudgetYearOneBase>15.729</proc:BudgetYearOneBase>
                    <proc:BudgetYearOne>15.729</proc:BudgetYearOne>
                </proc:TotalCost>
            </proc:TotalCost>
        </proc:SecondaryDistribution>
        <proc:Description>The Mobile Soldier Power funding line procures power systems to enable dismounted Soldiers to execute their missions with fewer battery resupplies, thus reducing the logistical burden associated with moving fuel, generators and batteries. These capabilities combined allow the dismounted Soldier to operate independently for longer missions without being tethered to a large generator, vehicle, or supply train in austere operating environments.   The funding line covers Integrated Soldier Power Data System - Core (ISPDS-C) and Universal Battery Charger (UBC).

The Integrated Soldier Power and Data System-Core (ISPDS-C) funding line procures the power and data hub, Conformal Wearable Battery (CWB), and Squad Power Management (SPM) devices to fill the power and energy gaps of the Soldier. The use of mission essential Soldier portable power consuming systems is increasing across the battlefield. As the battlefield demand for electronic devices and situational awareness tools such as Nett Warrior, Integrated Visual Augmentation System (IVAS), and Soldier Borne Mission Command (SBMC); global positioning systems (GPS); weapon sensors; and radios increases, the requirement to provide expeditionary power is a critical enabler to mission accomplishment. This effort is consistent with the Small Unit Power Capability Development Document (CDD) (March 2022), Army Futures Command Power and Battery Modernization Framework, and DRAFT Army Operational Energy Strategy. The ISPDS-C funding line procures the full system requirement for the SPM including its initial spares and Soldier Worn Power Generation (Fuel Cells). Additionally, this project is responsible for provisioning the initial provisioning and spares of CWBs, C1F Cables, CWB Pouches, and the Power &amp; Data Hub in alignment with Nett Warrior fieldings. 

The Universal Battery Charger (UBC) funding line fills the power and energy gap created by the increase in mission essential, Soldier portable power consumers, by providing charging and scavenging solutions capable of providing power to handheld communication devices and a suite of military batteries. The UBC charging solution is procured in two form factors suited for mounted and dismounted operations at the company level and below.  The mounted UBC is integrated with combat vehicle platforms and the dismounted UBC and UBC-Lite (UBC-L) support the dismounted squad.  The mounted UBC consists of an "A" and "B" kit both of which are procured through the UBC funding line.  UBC is intended for use in the most austere operating environments. This effort is consistent with the Small Unit Power CDD (March 2022).

The Small Unit Power (SUP) Platoon Power Generation (PPG) is a new start in FY2025.  PPG will provide small units with sufficient portable power to sustain Modified Table of Organizational Equipment (MTOE) unit power demand in support of 48-to-72-hour missions. It will be used for charging batteries and powering various types of Army communications and electronics devices. In FY25-28, the Lightweight Tactical Power Source (LWTPS) Indefinite Delivery Indefinite Quantity (IDIQ) will provide a bridging solution until Low-Rate Initial Production quantities of the PPG has been established. 

AAOs
UBC:  20,361
SPM (ISPDS-C):  1,604
Fuel Cell (ISPDS-C):  99,751
PPG:    5,581</proc:Description>
        <proc:Justification>R07091:  The Platoon Power Generator (PPG) program has no FY 2026 funding request. 

R08090:  FY 2026 base procurement funding of $2.874 million procures and fields integrated Soldier power and data system - core, battery chargers, conformable wearable batteries, and associated equipment in support of the Soldier Lethality Cross Functional Team's (SL-CFT) Nett Warrior, Integrated Visual Augmentation System (IVAS), and the Network Cross Functional Team's (N-CFT's) Network Baseline 4.0 (NWB) fielding plans for Armored, Stryker, and Infantry Brigade Combat Teams (A/S/I BCTs), security force assistance brigades (SFABs), Ranger, Special Forces units and base requirements. 

R09103:  FY 2026 base procurement funding of $12.855 million procures and fields Universal Battery Chargers. Soldiers face an ever-growing power demand that requires a comprehensive power generation, storage, and charging architecture. The gap between current power available and future power demand widens with the introduction of additional integrated digital electronic capabilities such as Nett Warrior (NW), Integrated Visual Augmentation System (IVAS), Soldier Borne Mission Command (SBMC), Leader Radios, Next Generation Squad Weapon (NGSW) and Assured Position Navigation and Timing (A-PNT).

In accordance with section 1815 of the FY 2008 National Defense Authorization Act (P.L. 110 - 181), this item is necessary for use by the active and reserve components of the Armed Forces for homeland defense missions, domestic emergency responses, and providing military support to civil authorities.</proc:Justification>
        <proc:ItemExhibitList>
            <proc:P5Item>
                <proc:Name>Platoon Power Generator</proc:Name>
                <proc:ItemNumber>R07091</proc:ItemNumber>
                <proc:SecondaryDistribution>
                    <proc:ComponentList>
                        <proc:Component>
                            <proc:Name>Army Active</proc:Name>
                            <proc:Cost>
                                <proc:Quantity>
                                    <proc:CurrentYear>287</proc:CurrentYear>
                                </proc:Quantity>
                                <proc:TotalCost>
                                    <proc:CurrentYear>4.707</proc:CurrentYear>
                                </proc:TotalCost>
                            </proc:Cost>
                        </proc:Component>
                        <proc:Component>
                            <proc:Name>Army National Guard</proc:Name>
                            <proc:Cost>
                                <proc:Quantity>
                                    <proc:CurrentYear>143</proc:CurrentYear>
                                </proc:Quantity>
                                <proc:TotalCost>
                                    <proc:CurrentYear>2.353</proc:CurrentYear>
                                </proc:TotalCost>
                            </proc:Cost>
                        </proc:Component>
                        <proc:Component>
                            <proc:Name>Army Reserve</proc:Name>
                            <proc:Cost>
                                <proc:Quantity>
                                    <proc:CurrentYear>48</proc:CurrentYear>
                                </proc:Quantity>
                                <proc:TotalCost>
                                    <proc:CurrentYear>0.785</proc:CurrentYear>
                                </proc:TotalCost>
                            </proc:Cost>
                        </proc:Component>
                    </proc:ComponentList>
                </proc:SecondaryDistribution>
                <proc:ResourceSummary>
                    <proc:Quantity>
                        <proc:CurrentYear>478</proc:CurrentYear>
                    </proc:Quantity>
                    <proc:TotalCost>
                        <proc:CurrentYear>7.845</proc:CurrentYear>
                    </proc:TotalCost>
                    <proc:UnitCost>
                        <proc:CurrentYear>16.412</proc:CurrentYear>
                    </proc:UnitCost>
                    <proc:NetProcurementP1>
                        <proc:CurrentYear>7.845</proc:CurrentYear>
                    </proc:NetProcurementP1>
                    <proc:TotalObligationAuthority>
                        <proc:CurrentYear>7.845</proc:CurrentYear>
                    </proc:TotalObligationAuthority>
                </proc:ResourceSummary>
                <proc:CostElementCategoryList>
                    <proc:Flyaway>
                        <proc:Recurring>
                            <proc:CostElementList>
                                <proc:CostElement>
                                    <proc:Name>Engineering Support</proc:Name>
                                    <proc:Cost>
                                        <proc:TotalCost>
                                            <proc:CurrentYear>0.938</proc:CurrentYear>
                                        </proc:TotalCost>
                                    </proc:Cost>
                                </proc:CostElement>
                                <proc:CostElement>
                                    <proc:Name>Engineering Change Orders</proc:Name>
                                    <proc:Cost>
                                        <proc:TotalCost>
                                            <proc:CurrentYear>0.479</proc:CurrentYear>
                                        </proc:TotalCost>
                                    </proc:Cost>
                                </proc:CostElement>
                                <proc:CostElement>
                                    <proc:Name>Logistics Support</proc:Name>
                                    <proc:Cost>
                                        <proc:TotalCost>
                                            <proc:CurrentYear>0.743</proc:CurrentYear>
                                        </proc:TotalCost>
                                    </proc:Cost>
                                </proc:CostElement>
                                <proc:CostElement>
                                    <proc:Name>PM Management Support</proc:Name>
                                    <proc:Cost>
                                        <proc:TotalCost>
                                            <proc:CurrentYear>0.905</proc:CurrentYear>
                                        </proc:TotalCost>
                                    </proc:Cost>
                                </proc:CostElement>
                            </proc:CostElementList>
                            <proc:CategorySubtotal>
                                <proc:TotalCost>
                                    <proc:CurrentYear>3.065</proc:CurrentYear>
                                </proc:TotalCost>
                            </proc:CategorySubtotal>
                        </proc:Recurring>
                        <proc:CategorySubtotal>
                            <proc:TotalCost>
                                <proc:CurrentYear>3.065</proc:CurrentYear>
                            </proc:TotalCost>
                        </proc:CategorySubtotal>
                    </proc:Flyaway>
                    <proc:Hardware>
                        <proc:Recurring>
                            <proc:CostElementList>
                                <proc:CostElement>
                                    <proc:Name>LWTPS</proc:Name>
                                    <proc:Cost>
                                        <proc:Quantity>
                                            <proc:CurrentYear>478</proc:CurrentYear>
                                        </proc:Quantity>
                                        <proc:TotalCost>
                                            <proc:CurrentYear>4.78</proc:CurrentYear>
                                        </proc:TotalCost>
                                        <proc:UnitCost>
                                            <proc:CurrentYear>10</proc:CurrentYear>
                                        </proc:UnitCost>
                                    </proc:Cost>
                                    <proc:ManufacturerList>
                                        <proc:Manufacturer>
                                            <proc:Name>Novatio Manufacturing</proc:Name>
                                            <proc:Location>Waltham, MA3</proc:Location>
                                            <proc:HistoryPlanningList>
                                                <proc:HistoryPlanning>
                                                    <proc:FiscalYear>2025</proc:FiscalYear>
                                                    <proc:PCOLocation>Watham, MA</proc:PCOLocation>
                                                    <proc:AwardDate>2025-03</proc:AwardDate>
                                                    <proc:FirstDeliveryDate>2025-04</proc:FirstDeliveryDate>
                                                    <proc:Quantity>478</proc:Quantity>
                                                    <proc:UnitCost>10</proc:UnitCost>
                                                    <proc:SpecsAvailableNow>true</proc:SpecsAvailableNow>
                                                    <proc:ContractMethod>C</proc:ContractMethod>
                                                    <proc:ContractType>IDIQ</proc:ContractType>
                                                </proc:HistoryPlanning>
                                            </proc:HistoryPlanningList>
                                        </proc:Manufacturer>
                                    </proc:ManufacturerList>
                                </proc:CostElement>
                            </proc:CostElementList>
                            <proc:CategorySubtotal>
                                <proc:TotalCost>
                                    <proc:CurrentYear>4.78</proc:CurrentYear>
                                </proc:TotalCost>
                            </proc:CategorySubtotal>
                        </proc:Recurring>
                        <proc:CategorySubtotal>
                            <proc:TotalCost>
                                <proc:CurrentYear>4.78</proc:CurrentYear>
                            </proc:TotalCost>
                        </proc:CategorySubtotal>
                    </proc:Hardware>
                </proc:CostElementCategoryList>
            </proc:P5Item>
            <proc:P5Item>
                <proc:Name>Integrated Soldier Power Data System - Core</proc:Name>
                <proc:ItemNumber>R08090</proc:ItemNumber>
                <proc:SecondaryDistribution>
                    <proc:ComponentList>
                        <proc:Component>
                            <proc:Name>Army Active</proc:Name>
                            <proc:Cost>
                                <proc:TotalCost>
                                    <proc:PriorYear>6.703</proc:PriorYear>
                                    <proc:CurrentYear>4.49</proc:CurrentYear>
                                    <proc:BudgetYearOneBase>2.874</proc:BudgetYearOneBase>
                                    <proc:BudgetYearOne>2.874</proc:BudgetYearOne>
                                </proc:TotalCost>
                            </proc:Cost>
                        </proc:Component>
                    </proc:ComponentList>
                </proc:SecondaryDistribution>
                <proc:Remarks>The ISPDS-C program provides the management and production support for the Hubs and Conformal Wearable Batteries (CWBs) that are procured for the Nett Warrior fieldings. Funding categories System Fielding/Support decreases due to hardware buys in FY 2026.</proc:Remarks>
                <proc:ResourceSummary>
                    <proc:Quantity>
                        <proc:AllPriorYears>130</proc:AllPriorYears>
                    </proc:Quantity>
                    <proc:TotalCost>
                        <proc:AllPriorYears>69.552</proc:AllPriorYears>
                        <proc:PriorYear>6.703</proc:PriorYear>
                        <proc:CurrentYear>4.49</proc:CurrentYear>
                        <proc:BudgetYearOneBase>2.874</proc:BudgetYearOneBase>
                        <proc:BudgetYearOne>2.874</proc:BudgetYearOne>
                    </proc:TotalCost>
                    <proc:UnitCost>
                        <proc:AllPriorYears>535.015</proc:AllPriorYears>
                    </proc:UnitCost>
                    <proc:NetProcurementP1>
                        <proc:AllPriorYears>69.552</proc:AllPriorYears>
                        <proc:PriorYear>6.703</proc:PriorYear>
                        <proc:CurrentYear>4.49</proc:CurrentYear>
                        <proc:BudgetYearOneBase>2.874</proc:BudgetYearOneBase>
                        <proc:BudgetYearOne>2.874</proc:BudgetYearOne>
                    </proc:NetProcurementP1>
                    <proc:TotalObligationAuthority>
                        <proc:AllPriorYears>69.552</proc:AllPriorYears>
                        <proc:PriorYear>6.703</proc:PriorYear>
                        <proc:CurrentYear>4.49</proc:CurrentYear>
                        <proc:BudgetYearOneBase>2.874</proc:BudgetYearOneBase>
                        <proc:BudgetYearOne>2.874</proc:BudgetYearOne>
                    </proc:TotalObligationAuthority>
                </proc:ResourceSummary>
                <proc:CostElementCategoryList>
                    <proc:Hardware>
                        <proc:Recurring>
                            <proc:CostElementList>
                                <proc:CostElement>
                                    <proc:Name>Soldier Power Hardware</proc:Name>
                                    <proc:Cost>
                                        <proc:Quantity>
                                            <proc:AllPriorYears>43936</proc:AllPriorYears>
                                            <proc:BudgetYearOneBase>1</proc:BudgetYearOneBase>
                                            <proc:BudgetYearOne>1</proc:BudgetYearOne>
                                        </proc:Quantity>
                                        <proc:TotalCost>
                                            <proc:AllPriorYears>38.604</proc:AllPriorYears>
                                            <proc:CurrentYear>3.07</proc:CurrentYear>
                                            <proc:BudgetYearOneBase>1.525</proc:BudgetYearOneBase>
                                            <proc:BudgetYearOne>1.525</proc:BudgetYearOne>
                                        </proc:TotalCost>
                                        <proc:UnitCost>
                                            <proc:AllPriorYears>0.879</proc:AllPriorYears>
                                            <proc:BudgetYearOneBase>1525</proc:BudgetYearOneBase>
                                            <proc:BudgetYearOne>1525</proc:BudgetYearOne>
                                        </proc:UnitCost>
                                    </proc:Cost>
                                    <proc:AllPriorYearsDeliveries>43936</proc:AllPriorYearsDeliveries>
                                </proc:CostElement>
                                <proc:CostElement>
                                    <proc:Name>System Fielding and Support</proc:Name>
                                    <proc:Cost>
                                        <proc:TotalCost>
                                            <proc:AllPriorYears>11.555</proc:AllPriorYears>
                                            <proc:PriorYear>2.485</proc:PriorYear>
                                            <proc:CurrentYear>0.72</proc:CurrentYear>
                                            <proc:BudgetYearOneBase>0.649</proc:BudgetYearOneBase>
                                            <proc:BudgetYearOne>0.649</proc:BudgetYearOne>
                                        </proc:TotalCost>
                                    </proc:Cost>
                                </proc:CostElement>
                                <proc:CostElement>
                                    <proc:Name>Sys Eng/Program Management</proc:Name>
                                    <proc:Cost>
                                        <proc:TotalCost>
                                            <proc:AllPriorYears>16.493</proc:AllPriorYears>
                                            <proc:PriorYear>4.218</proc:PriorYear>
                                            <proc:CurrentYear>0.7</proc:CurrentYear>
                                            <proc:BudgetYearOneBase>0.7</proc:BudgetYearOneBase>
                                            <proc:BudgetYearOne>0.7</proc:BudgetYearOne>
                                        </proc:TotalCost>
                                    </proc:Cost>
                                </proc:CostElement>
                                <proc:CostElement>
                                    <proc:Name>Stryker BCT CWB, Power, Data Hubs and SPM</proc:Name>
                                    <proc:Cost>
                                        <proc:TotalCost>
                                            <proc:AllPriorYears>2.884</proc:AllPriorYears>
                                        </proc:TotalCost>
                                    </proc:Cost>
                                </proc:CostElement>
                            </proc:CostElementList>
                            <proc:CategorySubtotal>
                                <proc:TotalCost>
                                    <proc:AllPriorYears>69.536</proc:AllPriorYears>
                                    <proc:PriorYear>6.703</proc:PriorYear>
                                    <proc:CurrentYear>4.49</proc:CurrentYear>
                                    <proc:BudgetYearOneBase>2.874</proc:BudgetYearOneBase>
                                    <proc:BudgetYearOne>2.874</proc:BudgetYearOne>
                                </proc:TotalCost>
                            </proc:CategorySubtotal>
                        </proc:Recurring>
                        <proc:CategorySubtotal>
                            <proc:TotalCost>
                                <proc:AllPriorYears>69.536</proc:AllPriorYears>
                                <proc:PriorYear>6.703</proc:PriorYear>
                                <proc:CurrentYear>4.49</proc:CurrentYear>
                                <proc:BudgetYearOneBase>2.874</proc:BudgetYearOneBase>
                                <proc:BudgetYearOne>2.874</proc:BudgetYearOne>
                            </proc:TotalCost>
                        </proc:CategorySubtotal>
                    </proc:Hardware>
                </proc:CostElementCategoryList>
            </proc:P5Item>
            <proc:P5Item>
                <proc:Name>Universal Battery Charger</proc:Name>
                <proc:ItemNumber>R09103</proc:ItemNumber>
                <proc:SecondaryDistribution>
                    <proc:ComponentList>
                        <proc:Component>
                            <proc:Name>Army Active</proc:Name>
                            <proc:Cost>
                                <proc:Quantity>
                                    <proc:PriorYear>224</proc:PriorYear>
                                    <proc:CurrentYear>600</proc:CurrentYear>
                                    <proc:BudgetYearOneBase>612</proc:BudgetYearOneBase>
                                    <proc:BudgetYearOne>612</proc:BudgetYearOne>
                                </proc:Quantity>
                                <proc:TotalCost>
                                    <proc:PriorYear>6.581</proc:PriorYear>
                                    <proc:CurrentYear>7.594</proc:CurrentYear>
                                    <proc:BudgetYearOneBase>12.855</proc:BudgetYearOneBase>
                                    <proc:BudgetYearOne>12.855</proc:BudgetYearOne>
                                </proc:TotalCost>
                            </proc:Cost>
                        </proc:Component>
                    </proc:ComponentList>
                </proc:SecondaryDistribution>
                <proc:Remarks>UBC Vehicle Integration costs include the material, fabrication and installation labor costs for the UBC vehicle mounts. These costs can vary significantly depending on the quantity and type of vehicle platforms which are dependent on the type of Brigade Combat Team that is being fielded the UBC. Reduction to the UBC Fielding and Support category due to reduction in matrix support for non-recurring engineering (NRE).</proc:Remarks>
                <proc:ResourceSummary>
                    <proc:Quantity>
                        <proc:AllPriorYears>1225</proc:AllPriorYears>
                        <proc:PriorYear>224</proc:PriorYear>
                        <proc:CurrentYear>600</proc:CurrentYear>
                        <proc:BudgetYearOneBase>612</proc:BudgetYearOneBase>
                        <proc:BudgetYearOne>612</proc:BudgetYearOne>
                    </proc:Quantity>
                    <proc:TotalCost>
                        <proc:AllPriorYears>62.148</proc:AllPriorYears>
                        <proc:PriorYear>6.581</proc:PriorYear>
                        <proc:CurrentYear>7.594</proc:CurrentYear>
                        <proc:BudgetYearOneBase>12.855</proc:BudgetYearOneBase>
                        <proc:BudgetYearOne>12.855</proc:BudgetYearOne>
                    </proc:TotalCost>
                    <proc:UnitCost>
                        <proc:AllPriorYears>50.733</proc:AllPriorYears>
                        <proc:PriorYear>29.379</proc:PriorYear>
                        <proc:CurrentYear>12.657</proc:CurrentYear>
                        <proc:BudgetYearOneBase>21.005</proc:BudgetYearOneBase>
                        <proc:BudgetYearOne>21.005</proc:BudgetYearOne>
                    </proc:UnitCost>
                    <proc:NetProcurementP1>
                        <proc:AllPriorYears>62.148</proc:AllPriorYears>
                        <proc:PriorYear>6.581</proc:PriorYear>
                        <proc:CurrentYear>7.594</proc:CurrentYear>
                        <proc:BudgetYearOneBase>12.855</proc:BudgetYearOneBase>
                        <proc:BudgetYearOne>12.855</proc:BudgetYearOne>
                    </proc:NetProcurementP1>
                    <proc:TotalObligationAuthority>
                        <proc:AllPriorYears>62.148</proc:AllPriorYears>
                        <proc:PriorYear>6.581</proc:PriorYear>
                        <proc:CurrentYear>7.594</proc:CurrentYear>
                        <proc:BudgetYearOneBase>12.855</proc:BudgetYearOneBase>
                        <proc:BudgetYearOne>12.855</proc:BudgetYearOne>
                    </proc:TotalObligationAuthority>
                </proc:ResourceSummary>
                <proc:CostElementCategoryList>
                    <proc:Hardware>
                        <proc:Recurring>
                            <proc:CostElementList>
                                <proc:CostElement>
                                    <proc:Name>Universal Battery Charger (UBC) Hardware</proc:Name>
                                    <proc:Cost>
                                        <proc:Quantity>
                                            <proc:AllPriorYears>7904</proc:AllPriorYears>
                                            <proc:PriorYear>224</proc:PriorYear>
                                            <proc:CurrentYear>600</proc:CurrentYear>
                                            <proc:BudgetYearOneBase>890</proc:BudgetYearOneBase>
                                            <proc:BudgetYearOne>890</proc:BudgetYearOne>
                                        </proc:Quantity>
                                        <proc:TotalCost>
                                            <proc:AllPriorYears>30.139</proc:AllPriorYears>
                                            <proc:PriorYear>5.312</proc:PriorYear>
                                            <proc:CurrentYear>4.108</proc:CurrentYear>
                                            <proc:BudgetYearOneBase>7.865</proc:BudgetYearOneBase>
                                            <proc:BudgetYearOne>7.865</proc:BudgetYearOne>
                                        </proc:TotalCost>
                                        <proc:UnitCost>
                                            <proc:AllPriorYears>3.813</proc:AllPriorYears>
                                            <proc:PriorYear>23.714</proc:PriorYear>
                                            <proc:CurrentYear>6.847</proc:CurrentYear>
                                            <proc:BudgetYearOneBase>8.837</proc:BudgetYearOneBase>
                                            <proc:BudgetYearOne>8.837</proc:BudgetYearOne>
                                        </proc:UnitCost>
                                    </proc:Cost>
                                    <proc:AllPriorYearsDeliveries>7904</proc:AllPriorYearsDeliveries>
                                    <proc:ManufacturerList>
                                        <proc:Manufacturer>
                                            <proc:Name>Thales Defense</proc:Name>
                                            <proc:Location>Clarksburg, MD</proc:Location>
                                            <proc:MinimumSustainingRate>600</proc:MinimumSustainingRate>
                                            <proc:MaximumProductionRate>1600</proc:MaximumProductionRate>
                                            <proc:Rate185>1100</proc:Rate185>
                                            <proc:InitialQuantity>
                                                <proc:AdminLeadTimeBeforeOct1InMonths>0</proc:AdminLeadTimeBeforeOct1InMonths>
                                                <proc:AdminLeadTimeAfterOct1InMonths>0</proc:AdminLeadTimeAfterOct1InMonths>
                                                <proc:ProductionLeadTimeAfterOct1InMonths>0</proc:ProductionLeadTimeAfterOct1InMonths>
                                                <proc:TotalLeadTimeAfterOct1InMonths>0</proc:TotalLeadTimeAfterOct1InMonths>
                                            </proc:InitialQuantity>
                                            <proc:ReorderQuantity>
                                                <proc:AdminLeadTimeBeforeOct1InMonths>0</proc:AdminLeadTimeBeforeOct1InMonths>
                                                <proc:AdminLeadTimeAfterOct1InMonths>0</proc:AdminLeadTimeAfterOct1InMonths>
                                                <proc:ProductionLeadTimeAfterOct1InMonths>0</proc:ProductionLeadTimeAfterOct1InMonths>
                                                <proc:TotalLeadTimeAfterOct1InMonths>0</proc:TotalLeadTimeAfterOct1InMonths>
                                            </proc:ReorderQuantity>
                                            <proc:HistoryPlanningList>
                                                <proc:HistoryPlanning>
                                                    <proc:FiscalYear>2024</proc:FiscalYear>
                                                    <proc:PCOLocation>DLA/TLS</proc:PCOLocation>
                                                    <proc:AwardDate>2024-02</proc:AwardDate>
                                                    <proc:FirstDeliveryDate>2024-08</proc:FirstDeliveryDate>
                                                    <proc:Quantity>224</proc:Quantity>
                                                    <proc:UnitCost>23.714</proc:UnitCost>
                                                    <proc:SpecsAvailableNow>true</proc:SpecsAvailableNow>
                                                    <proc:FundingVehicle>MIPR</proc:FundingVehicle>
                                                    <proc:MonthlyDeliveryScheduleList>
                                                        <proc:MonthlyDeliverySchedule>
                                                            <proc:ServiceAgencyName>Army</proc:ServiceAgencyName>
                                                            <proc:ProcQuantity>224</proc:ProcQuantity>
                                                            <proc:MonthlyDeliveryList>
                                                                <proc:MonthlyDelivery>
                                                                    <proc:Month>2024-08</proc:Month>
                                                                    <proc:Amount>20</proc:Amount>
                                                                </proc:MonthlyDelivery>
                                                                <proc:MonthlyDelivery>
                                                                    <proc:Month>2024-09</proc:Month>
                                                                    <proc:Amount>25</proc:Amount>
                                                                </proc:MonthlyDelivery>
                                                                <proc:MonthlyDelivery>
                                                                    <proc:Month>2024-10</proc:Month>
                                                                    <proc:Amount>30</proc:Amount>
                                                                </proc:MonthlyDelivery>
                                                                <proc:MonthlyDelivery>
                                                                    <proc:Month>2024-11</proc:Month>
                                                                    <proc:Amount>30</proc:Amount>
                                                                </proc:MonthlyDelivery>
                                                                <proc:MonthlyDelivery>
                                                                    <proc:Month>2024-12</proc:Month>
                                                                    <proc:Amount>30</proc:Amount>
                                                                </proc:MonthlyDelivery>
                                                                <proc:MonthlyDelivery>
                                                                    <proc:Month>2025-01</proc:Month>
                                                                    <proc:Amount>30</proc:Amount>
                                                                </proc:MonthlyDelivery>
                                                                <proc:MonthlyDelivery>
                                                                    <proc:Month>2025-02</proc:Month>
                                                                    <proc:Amount>10</proc:Amount>
                                                                </proc:MonthlyDelivery>
                                                                <proc:MonthlyDelivery>
                                                                    <proc:Month>2025-03</proc:Month>
                                                                    <proc:Amount>10</proc:Amount>
                                                                </proc:MonthlyDelivery>
                                                                <proc:MonthlyDelivery>
                                                                    <proc:Month>2025-04</proc:Month>
                                                                    <proc:Amount>10</proc:Amount>
                                                                </proc:MonthlyDelivery>
                                                                <proc:MonthlyDelivery>
                                                                    <proc:Month>2025-05</proc:Month>
                                                                    <proc:Amount>10</proc:Amount>
                                                                </proc:MonthlyDelivery>
                                                                <proc:MonthlyDelivery>
                                                                    <proc:Month>2025-06</proc:Month>
                                                                    <proc:Amount>10</proc:Amount>
                                                                </proc:MonthlyDelivery>
                                                                <proc:MonthlyDelivery>
                                                                    <proc:Month>2025-07</proc:Month>
                                                                    <proc:Amount>9</proc:Amount>
                                                                </proc:MonthlyDelivery>
                                                            </proc:MonthlyDeliveryList>
                                                        </proc:MonthlyDeliverySchedule>
                                                    </proc:MonthlyDeliveryScheduleList>
                                                    <proc:MonthlyDeliveryScheduleTotal>
                                                        <proc:ProcQuantity>224</proc:ProcQuantity>
                                                        <proc:MonthlyDeliveryList>
                                                            <proc:MonthlyDelivery>
                                                                <proc:Month>2024-08</proc:Month>
                                                                <proc:Amount>20</proc:Amount>
                                                            </proc:MonthlyDelivery>
                                                            <proc:MonthlyDelivery>
                                                                <proc:Month>2024-09</proc:Month>
                                                                <proc:Amount>25</proc:Amount>
                                                            </proc:MonthlyDelivery>
                                                            <proc:MonthlyDelivery>
                                                                <proc:Month>2024-10</proc:Month>
                                                                <proc:Amount>30</proc:Amount>
                                                            </proc:MonthlyDelivery>
                                                            <proc:MonthlyDelivery>
                                                                <proc:Month>2024-11</proc:Month>
                                                                <proc:Amount>30</proc:Amount>
                                                            </proc:MonthlyDelivery>
                                                            <proc:MonthlyDelivery>
                                                                <proc:Month>2024-12</proc:Month>
                                                                <proc:Amount>30</proc:Amount>
                                                            </proc:MonthlyDelivery>
                                                            <proc:MonthlyDelivery>
                                                                <proc:Month>2025-01</proc:Month>
                                                                <proc:Amount>30</proc:Amount>
                                                            </proc:MonthlyDelivery>
                                                            <proc:MonthlyDelivery>
                                                                <proc:Month>2025-02</proc:Month>
                                                                <proc:Amount>10</proc:Amount>
                                                            </proc:MonthlyDelivery>
                                                            <proc:MonthlyDelivery>
                                                                <proc:Month>2025-03</proc:Month>
                                                                <proc:Amount>10</proc:Amount>
                                                            </proc:MonthlyDelivery>
                                                            <proc:MonthlyDelivery>
                                                                <proc:Month>2025-04</proc:Month>
                                                                <proc:Amount>10</proc:Amount>
                                                            </proc:MonthlyDelivery>
                                                            <proc:MonthlyDelivery>
                                                                <proc:Month>2025-05</proc:Month>
                                                                <proc:Amount>10</proc:Amount>
                                                            </proc:MonthlyDelivery>
                                                            <proc:MonthlyDelivery>
                                                                <proc:Month>2025-06</proc:Month>
                                                                <proc:Amount>10</proc:Amount>
                                                            </proc:MonthlyDelivery>
                                                            <proc:MonthlyDelivery>
                                                                <proc:Month>2025-07</proc:Month>
                                                                <proc:Amount>9</proc:Amount>
                                                            </proc:MonthlyDelivery>
                                                        </proc:MonthlyDeliveryList>
                                                    </proc:MonthlyDeliveryScheduleTotal>
                                                </proc:HistoryPlanning>
                                                <proc:HistoryPlanning>
                                                    <proc:FiscalYear>2025</proc:FiscalYear>
                                                    <proc:PCOLocation>DLA/TLS</proc:PCOLocation>
                                                    <proc:AwardDate>2025-02</proc:AwardDate>
                                                    <proc:FirstDeliveryDate>2025-08</proc:FirstDeliveryDate>
                                                    <proc:Quantity>600</proc:Quantity>
                                                    <proc:UnitCost>6.847</proc:UnitCost>
                                                    <proc:SpecsAvailableNow>true</proc:SpecsAvailableNow>
                                                    <proc:FundingVehicle>MIPR</proc:FundingVehicle>
                                                    <proc:MonthlyDeliveryScheduleList>
                                                        <proc:MonthlyDeliverySchedule>
                                                            <proc:ServiceAgencyName>Army</proc:ServiceAgencyName>
                                                            <proc:ProcQuantity>600</proc:ProcQuantity>
                                                            <proc:MonthlyDeliveryList>
                                                                <proc:MonthlyDelivery>
                                                                    <proc:Month>2025-08</proc:Month>
                                                                    <proc:Amount>50</proc:Amount>
                                                                </proc:MonthlyDelivery>
                                                                <proc:MonthlyDelivery>
                                                                    <proc:Month>2025-09</proc:Month>
                                                                    <proc:Amount>60</proc:Amount>
                                                                </proc:MonthlyDelivery>
                                                                <proc:MonthlyDelivery>
                                                                    <proc:Month>2025-10</proc:Month>
                                                                    <proc:Amount>60</proc:Amount>
                                                                </proc:MonthlyDelivery>
                                                                <proc:MonthlyDelivery>
                                                                    <proc:Month>2025-11</proc:Month>
                                                                    <proc:Amount>60</proc:Amount>
                                                                </proc:MonthlyDelivery>
                                                                <proc:MonthlyDelivery>
                                                                    <proc:Month>2025-12</proc:Month>
                                                                    <proc:Amount>60</proc:Amount>
                                                                </proc:MonthlyDelivery>
                                                                <proc:MonthlyDelivery>
                                                                    <proc:Month>2026-01</proc:Month>
                                                                    <proc:Amount>60</proc:Amount>
                                                                </proc:MonthlyDelivery>
                                                                <proc:MonthlyDelivery>
                                                                    <proc:Month>2026-02</proc:Month>
                                                                    <proc:Amount>60</proc:Amount>
                                                                </proc:MonthlyDelivery>
                                                                <proc:MonthlyDelivery>
                                                                    <proc:Month>2026-03</proc:Month>
                                                                    <proc:Amount>60</proc:Amount>
                                                                </proc:MonthlyDelivery>
                                                                <proc:MonthlyDelivery>
                                                                    <proc:Month>2026-04</proc:Month>
                                                                    <proc:Amount>50</proc:Amount>
                                                                </proc:MonthlyDelivery>
                                                                <proc:MonthlyDelivery>
                                                                    <proc:Month>2026-05</proc:Month>
                                                                    <proc:Amount>40</proc:Amount>
                                                                </proc:MonthlyDelivery>
                                                                <proc:MonthlyDelivery>
                                                                    <proc:Month>2026-06</proc:Month>
                                                                    <proc:Amount>40</proc:Amount>
                                                                </proc:MonthlyDelivery>
                                                            </proc:MonthlyDeliveryList>
                                                        </proc:MonthlyDeliverySchedule>
                                                    </proc:MonthlyDeliveryScheduleList>
                                                    <proc:MonthlyDeliveryScheduleTotal>
                                                        <proc:ProcQuantity>600</proc:ProcQuantity>
                                                        <proc:MonthlyDeliveryList>
                                                            <proc:MonthlyDelivery>
                                                                <proc:Month>2025-08</proc:Month>
                                                                <proc:Amount>50</proc:Amount>
                                                            </proc:MonthlyDelivery>
                                                            <proc:MonthlyDelivery>
                                                                <proc:Month>2025-09</proc:Month>
                                                                <proc:Amount>60</proc:Amount>
                                                            </proc:MonthlyDelivery>
                                                            <proc:MonthlyDelivery>
                                                                <proc:Month>2025-10</proc:Month>
                                                                <proc:Amount>60</proc:Amount>
                                                            </proc:MonthlyDelivery>
                                                            <proc:MonthlyDelivery>
                                                                <proc:Month>2025-11</proc:Month>
                                                                <proc:Amount>60</proc:Amount>
                                                            </proc:MonthlyDelivery>
                                                            <proc:MonthlyDelivery>
                                                                <proc:Month>2025-12</proc:Month>
                                                                <proc:Amount>60</proc:Amount>
                                                            </proc:MonthlyDelivery>
                                                            <proc:MonthlyDelivery>
                                                                <proc:Month>2026-01</proc:Month>
                                                                <proc:Amount>60</proc:Amount>
                                                            </proc:MonthlyDelivery>
                                                            <proc:MonthlyDelivery>
                                                                <proc:Month>2026-02</proc:Month>
                                                                <proc:Amount>60</proc:Amount>
                                                            </proc:MonthlyDelivery>
                                                            <proc:MonthlyDelivery>
                                                                <proc:Month>2026-03</proc:Month>
                                                                <proc:Amount>60</proc:Amount>
                                                            </proc:MonthlyDelivery>
                                                            <proc:MonthlyDelivery>
                                                                <proc:Month>2026-04</proc:Month>
                                                                <proc:Amount>50</proc:Amount>
                                                            </proc:MonthlyDelivery>
                                                            <proc:MonthlyDelivery>
                                                                <proc:Month>2026-05</proc:Month>
                                                                <proc:Amount>40</proc:Amount>
                                                            </proc:MonthlyDelivery>
                                                            <proc:MonthlyDelivery>
                                                                <proc:Month>2026-06</proc:Month>
                                                                <proc:Amount>40</proc:Amount>
                                                            </proc:MonthlyDelivery>
                                                        </proc:MonthlyDeliveryList>
                                                    </proc:MonthlyDeliveryScheduleTotal>
                                                </proc:HistoryPlanning>
                                                <proc:HistoryPlanning>
                                                    <proc:FiscalYear>2026</proc:FiscalYear>
                                                    <proc:PCOLocation>DLA/TLS</proc:PCOLocation>
                                                    <proc:AwardDate>2026-02</proc:AwardDate>
                                                    <proc:FirstDeliveryDate>2026-08</proc:FirstDeliveryDate>
                                                    <proc:Quantity>890</proc:Quantity>
                                                    <proc:UnitCost>8.837</proc:UnitCost>
                                                    <proc:SpecsAvailableNow>true</proc:SpecsAvailableNow>
                                                    <proc:FundingVehicle>MIPR</proc:FundingVehicle>
                                                    <proc:MonthlyDeliveryScheduleList>
                                                        <proc:MonthlyDeliverySchedule>
                                                            <proc:ServiceAgencyName>Army</proc:ServiceAgencyName>
                                                            <proc:ProcQuantity>890</proc:ProcQuantity>
                                                            <proc:MonthlyDeliveryList>
                                                                <proc:MonthlyDelivery>
                                                                    <proc:Month>2026-08</proc:Month>
                                                                    <proc:Amount>50</proc:Amount>
                                                                </proc:MonthlyDelivery>
                                                                <proc:MonthlyDelivery>
                                                                    <proc:Month>2026-09</proc:Month>
                                                                    <proc:Amount>60</proc:Amount>
                                                                </proc:MonthlyDelivery>
                                                                <proc:MonthlyDelivery>
                                                                    <proc:Month>2026-10</proc:Month>
                                                                    <proc:Amount>65</proc:Amount>
                                                                </proc:MonthlyDelivery>
                                                                <proc:MonthlyDelivery>
                                                                    <proc:Month>2026-11</proc:Month>
                                                                    <proc:Amount>65</proc:Amount>
                                                                </proc:MonthlyDelivery>
                                                                <proc:MonthlyDelivery>
                                                                    <proc:Month>2026-12</proc:Month>
                                                                    <proc:Amount>65</proc:Amount>
                                                                </proc:MonthlyDelivery>
                                                                <proc:MonthlyDelivery>
                                                                    <proc:Month>2027-01</proc:Month>
                                                                    <proc:Amount>65</proc:Amount>
                                                                </proc:MonthlyDelivery>
                                                                <proc:MonthlyDelivery>
                                                                    <proc:Month>2027-02</proc:Month>
                                                                    <proc:Amount>65</proc:Amount>
                                                                </proc:MonthlyDelivery>
                                                                <proc:MonthlyDelivery>
                                                                    <proc:Month>2027-03</proc:Month>
                                                                    <proc:Amount>65</proc:Amount>
                                                                </proc:MonthlyDelivery>
                                                                <proc:MonthlyDelivery>
                                                                    <proc:Month>2027-04</proc:Month>
                                                                    <proc:Amount>65</proc:Amount>
                                                                </proc:MonthlyDelivery>
                                                                <proc:MonthlyDelivery>
                                                                    <proc:Month>2027-05</proc:Month>
                                                                    <proc:Amount>65</proc:Amount>
                                                                </proc:MonthlyDelivery>
                                                                <proc:MonthlyDelivery>
                                                                    <proc:Month>2027-06</proc:Month>
                                                                    <proc:Amount>65</proc:Amount>
                                                                </proc:MonthlyDelivery>
                                                                <proc:MonthlyDelivery>
                                                                    <proc:Month>2027-07</proc:Month>
                                                                    <proc:Amount>65</proc:Amount>
                                                                </proc:MonthlyDelivery>
                                                                <proc:MonthlyDelivery>
                                                                    <proc:Month>2027-08</proc:Month>
                                                                    <proc:Amount>65</proc:Amount>
                                                                </proc:MonthlyDelivery>
                                                                <proc:MonthlyDelivery>
                                                                    <proc:Month>2027-09</proc:Month>
                                                                    <proc:Amount>65</proc:Amount>
                                                                </proc:MonthlyDelivery>
                                                            </proc:MonthlyDeliveryList>
                                                        </proc:MonthlyDeliverySchedule>
                                                    </proc:MonthlyDeliveryScheduleList>
                                                    <proc:MonthlyDeliveryScheduleTotal>
                                                        <proc:ProcQuantity>890</proc:ProcQuantity>
                                                        <proc:MonthlyDeliveryList>
                                                            <proc:MonthlyDelivery>
                                                                <proc:Month>2026-08</proc:Month>
                                                                <proc:Amount>50</proc:Amount>
                                                            </proc:MonthlyDelivery>
                                                            <proc:MonthlyDelivery>
                                                                <proc:Month>2026-09</proc:Month>
                                                                <proc:Amount>60</proc:Amount>
                                                            </proc:MonthlyDelivery>
                                                            <proc:MonthlyDelivery>
                                                                <proc:Month>2026-10</proc:Month>
                                                                <proc:Amount>65</proc:Amount>
                                                            </proc:MonthlyDelivery>
                                                            <proc:MonthlyDelivery>
                                                                <proc:Month>2026-11</proc:Month>
                                                                <proc:Amount>65</proc:Amount>
                                                            </proc:MonthlyDelivery>
                                                            <proc:MonthlyDelivery>
                                                                <proc:Month>2026-12</proc:Month>
                                                                <proc:Amount>65</proc:Amount>
                                                            </proc:MonthlyDelivery>
                                                            <proc:MonthlyDelivery>
                                                                <proc:Month>2027-01</proc:Month>
                                                                <proc:Amount>65</proc:Amount>
                                                            </proc:MonthlyDelivery>
                                                            <proc:MonthlyDelivery>
                                                                <proc:Month>2027-02</proc:Month>
                                                                <proc:Amount>65</proc:Amount>
                                                            </proc:MonthlyDelivery>
                                                            <proc:MonthlyDelivery>
                                                                <proc:Month>2027-03</proc:Month>
                                                                <proc:Amount>65</proc:Amount>
                                                            </proc:MonthlyDelivery>
                                                            <proc:MonthlyDelivery>
                                                                <proc:Month>2027-04</proc:Month>
                                                                <proc:Amount>65</proc:Amount>
                                                            </proc:MonthlyDelivery>
                                                            <proc:MonthlyDelivery>
                                                                <proc:Month>2027-05</proc:Month>
                                                                <proc:Amount>65</proc:Amount>
                                                            </proc:MonthlyDelivery>
                                                            <proc:MonthlyDelivery>
                                                                <proc:Month>2027-06</proc:Month>
                                                                <proc:Amount>65</proc:Amount>
                                                            </proc:MonthlyDelivery>
                                                            <proc:MonthlyDelivery>
                                                                <proc:Month>2027-07</proc:Month>
                                                                <proc:Amount>65</proc:Amount>
                                                            </proc:MonthlyDelivery>
                                                            <proc:MonthlyDelivery>
                                                                <proc:Month>2027-08</proc:Month>
                                                                <proc:Amount>65</proc:Amount>
                                                            </proc:MonthlyDelivery>
                                                            <proc:MonthlyDelivery>
                                                                <proc:Month>2027-09</proc:Month>
                                                                <proc:Amount>65</proc:Amount>
                                                            </proc:MonthlyDelivery>
                                                        </proc:MonthlyDeliveryList>
                                                    </proc:MonthlyDeliveryScheduleTotal>
                                                </proc:HistoryPlanning>
                                            </proc:HistoryPlanningList>
                                        </proc:Manufacturer>
                                    </proc:ManufacturerList>
                                </proc:CostElement>
                                <proc:CostElement>
                                    <proc:Name>UBC Fielding and Support</proc:Name>
                                    <proc:Cost>
                                        <proc:TotalCost>
                                            <proc:AllPriorYears>7.206</proc:AllPriorYears>
                                            <proc:PriorYear>0.361</proc:PriorYear>
                                            <proc:CurrentYear>1.086</proc:CurrentYear>
                                            <proc:BudgetYearOneBase>1.058</proc:BudgetYearOneBase>
                                            <proc:BudgetYearOne>1.058</proc:BudgetYearOne>
                                        </proc:TotalCost>
                                    </proc:Cost>
                                </proc:CostElement>
                                <proc:CostElement>
                                    <proc:Name>Initial Spares</proc:Name>
                                    <proc:Cost>
                                        <proc:TotalCost>
                                            <proc:BudgetYearOneBase>0.296</proc:BudgetYearOneBase>
                                            <proc:BudgetYearOne>0.296</proc:BudgetYearOne>
                                        </proc:TotalCost>
                                    </proc:Cost>
                                </proc:CostElement>
                            </proc:CostElementList>
                            <proc:CategorySubtotal>
                                <proc:TotalCost>
                                    <proc:AllPriorYears>37.345</proc:AllPriorYears>
                                    <proc:PriorYear>5.673</proc:PriorYear>
                                    <proc:CurrentYear>5.194</proc:CurrentYear>
                                    <proc:BudgetYearOneBase>9.219</proc:BudgetYearOneBase>
                                    <proc:BudgetYearOne>9.219</proc:BudgetYearOne>
                                </proc:TotalCost>
                            </proc:CategorySubtotal>
                        </proc:Recurring>
                        <proc:NonRecurring>
                            <proc:CostElementList>
                                <proc:CostElement>
                                    <proc:Name>UBC Vehicle Integration</proc:Name>
                                    <proc:Cost>
                                        <proc:TotalCost>
                                            <proc:AllPriorYears>16.363</proc:AllPriorYears>
                                            <proc:PriorYear>0.078</proc:PriorYear>
                                            <proc:CurrentYear>1</proc:CurrentYear>
                                            <proc:BudgetYearOneBase>0.898</proc:BudgetYearOneBase>
                                            <proc:BudgetYearOne>0.898</proc:BudgetYearOne>
                                        </proc:TotalCost>
                                    </proc:Cost>
                                </proc:CostElement>
                                <proc:CostElement>
                                    <proc:Name>System Engineering/Program Management</proc:Name>
                                    <proc:Cost>
                                        <proc:TotalCost>
                                            <proc:AllPriorYears>8.441</proc:AllPriorYears>
                                            <proc:PriorYear>0.83</proc:PriorYear>
                                            <proc:CurrentYear>1.4</proc:CurrentYear>
                                            <proc:BudgetYearOneBase>2.738</proc:BudgetYearOneBase>
                                            <proc:BudgetYearOne>2.738</proc:BudgetYearOne>
                                        </proc:TotalCost>
                                    </proc:Cost>
                                </proc:CostElement>
                            </proc:CostElementList>
                            <proc:CategorySubtotal>
                                <proc:TotalCost>
                                    <proc:AllPriorYears>24.804</proc:AllPriorYears>
                                    <proc:PriorYear>0.908</proc:PriorYear>
                                    <proc:CurrentYear>2.4</proc:CurrentYear>
                                    <proc:BudgetYearOneBase>3.636</proc:BudgetYearOneBase>
                                    <proc:BudgetYearOne>3.636</proc:BudgetYearOne>
                                </proc:TotalCost>
                            </proc:CategorySubtotal>
                        </proc:NonRecurring>
                        <proc:CategorySubtotal>
                            <proc:TotalCost>
                                <proc:AllPriorYears>62.149</proc:AllPriorYears>
                                <proc:PriorYear>6.581</proc:PriorYear>
                                <proc:CurrentYear>7.594</proc:CurrentYear>
                                <proc:BudgetYearOneBase>12.855</proc:BudgetYearOneBase>
                                <proc:BudgetYearOne>12.855</proc:BudgetYearOne>
                            </proc:TotalCost>
                        </proc:CategorySubtotal>
                    </proc:Hardware>
                </proc:CostElementCategoryList>
                <proc:OverallHistoryPlanningRemarks>FY 2026 Increased unit cost due to DLA pricing.</proc:OverallHistoryPlanningRemarks>
            </proc:P5Item>
        </proc:ItemExhibitList>
        <proc:DocumentAssemblyOptions>
            <proc:p40AItemScheduleSetting>item</proc:p40AItemScheduleSetting>
        </proc:DocumentAssemblyOptions>
    </proc:LineItem>
</proc:LineItemList>