<?xml version="1.0" encoding="UTF-8"?>
<proc:LineItemList xmlns:proc="http://www.dtic.mil/comptroller/xml/schema/20100219/procurement">
    <proc:LineItem quantityUnits="Each" quantityUnitName="Each" unitCostUnits="Thousands" totalCostUnits="Millions" manufacturerRateUnits="Monthly">
        <proc:LineItemNumber>9921B66701</proc:LineItemNumber>
        <proc:LineItemTitle>Integrated Personnel and Pay System-Army (IPPS-A)</proc:LineItemTitle>
        <proc:P1LineNumber>122</proc:P1LineNumber>
        <proc:BudgetYear>2026</proc:BudgetYear>
        <proc:BudgetCycle>PB</proc:BudgetCycle>
        <proc:SubmissionDate>2025-06</proc:SubmissionDate>
        <proc:ServiceAgencyName>Army</proc:ServiceAgencyName>
        <proc:AppropriationNumber>2035A</proc:AppropriationNumber>
        <proc:AppropriationTitle>Other Procurement, Army</proc:AppropriationTitle>
        <proc:BudgetActivityNumber>2</proc:BudgetActivityNumber>
        <proc:BudgetActivityTitle>Communications and Electronics Equipment</proc:BudgetActivityTitle>
        <proc:BudgetSubActivityNumber>89</proc:BudgetSubActivityNumber>
        <proc:BudgetSubActivityTitle>Elect Equip - Tactical C2 Systems</proc:BudgetSubActivityTitle>
        <proc:ResourceSummary>
            <proc:TotalCost>
                <proc:AllPriorYears>104.77</proc:AllPriorYears>
                <proc:PriorYear>5.318</proc:PriorYear>
                <proc:CurrentYear>5.43</proc:CurrentYear>
            </proc:TotalCost>
            <proc:NetProcurementP1>
                <proc:AllPriorYears>104.77</proc:AllPriorYears>
                <proc:PriorYear>5.318</proc:PriorYear>
                <proc:CurrentYear>5.43</proc:CurrentYear>
            </proc:NetProcurementP1>
            <proc:TotalObligationAuthority>
                <proc:AllPriorYears>104.77</proc:AllPriorYears>
                <proc:PriorYear>5.318</proc:PriorYear>
                <proc:CurrentYear>5.43</proc:CurrentYear>
            </proc:TotalObligationAuthority>
        </proc:ResourceSummary>
        <proc:OtherRelatedProgramElementList>
            <proc:ProgramElementNumber>0605018A</proc:ProgramElementNumber>
        </proc:OtherRelatedProgramElementList>
        <proc:SecondaryDistribution>
            <proc:ComponentList>
                <proc:Component>
                    <proc:Name>Army Active</proc:Name>
                    <proc:Cost>
                        <proc:TotalCost>
                            <proc:PriorYear>5.318</proc:PriorYear>
                            <proc:CurrentYear>5.43</proc:CurrentYear>
                        </proc:TotalCost>
                    </proc:Cost>
                </proc:Component>
            </proc:ComponentList>
            <proc:TotalCost>
                <proc:TotalCost>
                    <proc:PriorYear>5.318</proc:PriorYear>
                    <proc:CurrentYear>5.43</proc:CurrentYear>
                </proc:TotalCost>
            </proc:TotalCost>
        </proc:SecondaryDistribution>
        <proc:Description>The Integrated Personnel and Pay System-Army Increment II (IPPS-A Inc II) provides an integrated, multi-Component, personnel and pay system that streamlines existing Human Resources (HR) systems and processes by enhancing efficiency and accuracy of personnel and pay procedures in support of 1.1 million Soldiers. This program is an essential building block to reform the Department of the Army towards achieving greater performance and affordability in support of the National Defense Strategy and the Congressional audit mandate. 

The IPPS-A program to date has completed a phased deployment of Military Human Resource and talent management capabilities across all Army components (Active, Guard and Reserve). This includes all Army National Guard units in the 54 states and territories into one single solution. The program has subsumed 120 systems/instances and six partial capabilities bringing the Army's total military force into a single HR authoritative system.

In accordance with the Acquisition Strategy approved by the Army Acquisition Executive on 21 June 2022, the program office will incrementally release Army Military Payroll, additional Human Resource (HR) Capabilities (e.g., Archiving, Talent and Strength Management, and Audit), and HR Enhancements to the deployed baseline. In 4QFY24, IPPS-A began migration from the legacy infrastructure hosting solution with Defense Information Systems Agency (DISA) to a Cloud Hosting solution. In 1QFY25, the program will award System Integrator Services (SIS) bridge contract to enable competition for the new Capability Support contract in FY26 that provides maintenance and system enhancements enabling subsumption of legacy systems.</proc:Description>
        <proc:Justification>B66701 has no FY 2026 funding request.</proc:Justification>
        <proc:DocumentAssemblyOptions>
            <proc:p40AItemScheduleSetting>item</proc:p40AItemScheduleSetting>
        </proc:DocumentAssemblyOptions>
    </proc:LineItem>
</proc:LineItemList>