<?xml version="1.0" encoding="UTF-8"?>
<proc:LineItemList xmlns:proc="http://www.dtic.mil/comptroller/xml/schema/20100219/procurement">
    <proc:LineItem quantityUnits="Each" quantityUnitName="Each" unitCostUnits="Thousands" totalCostUnits="Millions" manufacturerRateUnits="Yearly">
        <proc:LineItemNumber>6860NA0176</proc:LineItemNumber>
        <proc:LineItemTitle>Gaming Technology In Support of Army Training</proc:LineItemTitle>
        <proc:P1LineNumber>189</proc:P1LineNumber>
        <proc:BudgetYear>2026</proc:BudgetYear>
        <proc:BudgetCycle>PB</proc:BudgetCycle>
        <proc:SubmissionDate>2025-06</proc:SubmissionDate>
        <proc:ServiceAgencyName>Army</proc:ServiceAgencyName>
        <proc:AppropriationNumber>2035A</proc:AppropriationNumber>
        <proc:AppropriationTitle>Other Procurement, Army</proc:AppropriationTitle>
        <proc:BudgetActivityNumber>3</proc:BudgetActivityNumber>
        <proc:BudgetActivityTitle>Other Support Equipment</proc:BudgetActivityTitle>
        <proc:BudgetSubActivityNumber>70</proc:BudgetSubActivityNumber>
        <proc:BudgetSubActivityTitle>Training Equipment</proc:BudgetSubActivityTitle>
        <proc:ResourceSummary>
            <proc:Quantity>
                <proc:AllPriorYears>48</proc:AllPriorYears>
                <proc:PriorYear>8</proc:PriorYear>
                <proc:CurrentYear>14</proc:CurrentYear>
            </proc:Quantity>
            <proc:TotalCost>
                <proc:AllPriorYears>130.41</proc:AllPriorYears>
                <proc:PriorYear>9.698</proc:PriorYear>
                <proc:CurrentYear>10.172</proc:CurrentYear>
                <proc:BudgetYearOneBase>7.32</proc:BudgetYearOneBase>
                <proc:BudgetYearOne>7.32</proc:BudgetYearOne>
            </proc:TotalCost>
            <proc:UnitCost>
                <proc:AllPriorYears>2716.875</proc:AllPriorYears>
                <proc:PriorYear>1212.25</proc:PriorYear>
                <proc:CurrentYear>726.571</proc:CurrentYear>
            </proc:UnitCost>
            <proc:NetProcurementP1>
                <proc:AllPriorYears>130.41</proc:AllPriorYears>
                <proc:PriorYear>9.698</proc:PriorYear>
                <proc:CurrentYear>10.172</proc:CurrentYear>
                <proc:BudgetYearOneBase>7.32</proc:BudgetYearOneBase>
                <proc:BudgetYearOne>7.32</proc:BudgetYearOne>
            </proc:NetProcurementP1>
            <proc:TotalObligationAuthority>
                <proc:AllPriorYears>130.41</proc:AllPriorYears>
                <proc:PriorYear>9.698</proc:PriorYear>
                <proc:CurrentYear>10.172</proc:CurrentYear>
                <proc:BudgetYearOneBase>7.32</proc:BudgetYearOneBase>
                <proc:BudgetYearOne>7.32</proc:BudgetYearOne>
            </proc:TotalObligationAuthority>
        </proc:ResourceSummary>
        <proc:SecondaryDistribution>
            <proc:ComponentList>
                <proc:Component>
                    <proc:Name>Army Active</proc:Name>
                    <proc:Cost>
                        <proc:Quantity>
                            <proc:PriorYear>7</proc:PriorYear>
                            <proc:CurrentYear>12</proc:CurrentYear>
                        </proc:Quantity>
                        <proc:TotalCost>
                            <proc:PriorYear>5.613</proc:PriorYear>
                            <proc:CurrentYear>6.188</proc:CurrentYear>
                            <proc:BudgetYearOneBase>3.802</proc:BudgetYearOneBase>
                            <proc:BudgetYearOne>3.802</proc:BudgetYearOne>
                        </proc:TotalCost>
                    </proc:Cost>
                </proc:Component>
                <proc:Component>
                    <proc:Name>Army National Guard</proc:Name>
                    <proc:Cost>
                        <proc:Quantity>
                            <proc:PriorYear>1</proc:PriorYear>
                            <proc:CurrentYear>2</proc:CurrentYear>
                        </proc:Quantity>
                        <proc:TotalCost>
                            <proc:PriorYear>3.433</proc:PriorYear>
                            <proc:CurrentYear>3.556</proc:CurrentYear>
                            <proc:BudgetYearOneBase>3.101</proc:BudgetYearOneBase>
                            <proc:BudgetYearOne>3.101</proc:BudgetYearOne>
                        </proc:TotalCost>
                    </proc:Cost>
                </proc:Component>
                <proc:Component>
                    <proc:Name>Army Reserve</proc:Name>
                    <proc:Cost>
                        <proc:TotalCost>
                            <proc:PriorYear>0.652</proc:PriorYear>
                            <proc:CurrentYear>0.428</proc:CurrentYear>
                            <proc:BudgetYearOneBase>0.417</proc:BudgetYearOneBase>
                            <proc:BudgetYearOne>0.417</proc:BudgetYearOne>
                        </proc:TotalCost>
                    </proc:Cost>
                </proc:Component>
            </proc:ComponentList>
            <proc:TotalCost>
                <proc:Quantity>
                    <proc:PriorYear>8</proc:PriorYear>
                    <proc:CurrentYear>14</proc:CurrentYear>
                </proc:Quantity>
                <proc:TotalCost>
                    <proc:PriorYear>9.698</proc:PriorYear>
                    <proc:CurrentYear>10.172</proc:CurrentYear>
                    <proc:BudgetYearOneBase>7.32</proc:BudgetYearOneBase>
                    <proc:BudgetYearOne>7.32</proc:BudgetYearOne>
                </proc:TotalCost>
            </proc:TotalCost>
        </proc:SecondaryDistribution>
        <proc:Description>The Games for Training (GFT) Program prepares Soldiers and Leaders by delivering robust training and mission rehearsal capabilities while providing advanced software capabilities to COTS hardware computing systems. The GFT program satisfies the Active, National Guard, and Army Reserves' educational requirements in the Operational, Institutional, and Self-Development Training Domains with a low-overhead capability on geo-specific and geo-typical terrain with relevant platforms and weapon systems. This gaming capability allows units and commanders to train individual and collective tasks at the company and below level with minimal amount of resourcing required (land, ammunition, transportation, etc.). GFT systems provide commanders the ability to refine and rehearse unit Tactics, Techniques, and Procedures (TTPs) and Standard Operating Procedures (SOPs) prior to executing live, large-scale training events. GFT trains units and staffs by facilitating Tactical Exercises Without Troops (TEWT).</proc:Description>
        <proc:Justification>FY 2026 Base procurement dollars in the amount of $7.320 million will maintain the Virtual Battlespace software. It allows for the Games for Training (GFT) program to sustain readiness by efficiently and effectively building soldier, leader, and unit competency on technical skills necessary to perform multiple mission types in accordance with current tactics, techniques, and procedures. Funding will provide program management, testing, cybersecurity, and system technical support of fielded GFT Systems. Lastly, funding will continue to provide Government Furnished Material to distribute gaming content via Web Portal and to facilitate technical support to the Army training community.

In accordance with Section 1815 of the FY 2008 National Defense Authorization Act (P.L. 110-181), these items are necessary for use by the active and reserve components of the Armed Forces for homeland defense missions, domestic emergency responses, and providing military support to civil authorities.</proc:Justification>
        <proc:ItemExhibitList>
            <proc:P5Item>
                <proc:Name>Gaming Technology In Support of Army Training</proc:Name>
                <proc:ItemNumber>NA0176</proc:ItemNumber>
                <proc:SecondaryDistribution>
                    <proc:ComponentList>
                        <proc:Component>
                            <proc:Name>Army Active</proc:Name>
                            <proc:Cost>
                                <proc:Quantity>
                                    <proc:PriorYear>7</proc:PriorYear>
                                    <proc:CurrentYear>12</proc:CurrentYear>
                                </proc:Quantity>
                                <proc:TotalCost>
                                    <proc:PriorYear>5.613</proc:PriorYear>
                                    <proc:CurrentYear>6.188</proc:CurrentYear>
                                    <proc:BudgetYearOneBase>3.802</proc:BudgetYearOneBase>
                                    <proc:BudgetYearOne>3.802</proc:BudgetYearOne>
                                </proc:TotalCost>
                            </proc:Cost>
                        </proc:Component>
                        <proc:Component>
                            <proc:Name>Army National Guard</proc:Name>
                            <proc:Cost>
                                <proc:Quantity>
                                    <proc:PriorYear>1</proc:PriorYear>
                                    <proc:CurrentYear>2</proc:CurrentYear>
                                </proc:Quantity>
                                <proc:TotalCost>
                                    <proc:PriorYear>3.433</proc:PriorYear>
                                    <proc:CurrentYear>3.556</proc:CurrentYear>
                                    <proc:BudgetYearOneBase>3.101</proc:BudgetYearOneBase>
                                    <proc:BudgetYearOne>3.101</proc:BudgetYearOne>
                                </proc:TotalCost>
                            </proc:Cost>
                        </proc:Component>
                        <proc:Component>
                            <proc:Name>Army Reserve</proc:Name>
                            <proc:Cost>
                                <proc:TotalCost>
                                    <proc:PriorYear>0.652</proc:PriorYear>
                                    <proc:CurrentYear>0.428</proc:CurrentYear>
                                    <proc:BudgetYearOneBase>0.417</proc:BudgetYearOneBase>
                                    <proc:BudgetYearOne>0.417</proc:BudgetYearOne>
                                </proc:TotalCost>
                            </proc:Cost>
                        </proc:Component>
                    </proc:ComponentList>
                </proc:SecondaryDistribution>
                <proc:Remarks>No hardware purchases in FY 2026.

This item is a Commercial Off the Shelf (COTS) / Government Off the Shelf (GOTS) item and does not require the P-21 form</proc:Remarks>
                <proc:ResourceSummary>
                    <proc:Quantity>
                        <proc:AllPriorYears>48</proc:AllPriorYears>
                        <proc:PriorYear>8</proc:PriorYear>
                        <proc:CurrentYear>14</proc:CurrentYear>
                    </proc:Quantity>
                    <proc:TotalCost>
                        <proc:AllPriorYears>130.41</proc:AllPriorYears>
                        <proc:PriorYear>9.698</proc:PriorYear>
                        <proc:CurrentYear>10.172</proc:CurrentYear>
                        <proc:BudgetYearOneBase>7.32</proc:BudgetYearOneBase>
                        <proc:BudgetYearOne>7.32</proc:BudgetYearOne>
                    </proc:TotalCost>
                    <proc:UnitCost>
                        <proc:AllPriorYears>2716.875</proc:AllPriorYears>
                        <proc:PriorYear>1212.25</proc:PriorYear>
                        <proc:CurrentYear>726.571</proc:CurrentYear>
                    </proc:UnitCost>
                    <proc:NetProcurementP1>
                        <proc:AllPriorYears>130.41</proc:AllPriorYears>
                        <proc:PriorYear>9.698</proc:PriorYear>
                        <proc:CurrentYear>10.172</proc:CurrentYear>
                        <proc:BudgetYearOneBase>7.32</proc:BudgetYearOneBase>
                        <proc:BudgetYearOne>7.32</proc:BudgetYearOne>
                    </proc:NetProcurementP1>
                    <proc:TotalObligationAuthority>
                        <proc:AllPriorYears>130.41</proc:AllPriorYears>
                        <proc:PriorYear>9.698</proc:PriorYear>
                        <proc:CurrentYear>10.172</proc:CurrentYear>
                        <proc:BudgetYearOneBase>7.32</proc:BudgetYearOneBase>
                        <proc:BudgetYearOne>7.32</proc:BudgetYearOne>
                    </proc:TotalObligationAuthority>
                </proc:ResourceSummary>
                <proc:CostElementCategoryList>
                    <proc:Flyaway>
                        <proc:Recurring>
                            <proc:CostElementList>
                                <proc:CostElement>
                                    <proc:Name>New Gaming Hardware Suites</proc:Name>
                                    <proc:Cost>
                                        <proc:Quantity>
                                            <proc:AllPriorYears>53</proc:AllPriorYears>
                                        </proc:Quantity>
                                        <proc:TotalCost>
                                            <proc:AllPriorYears>8.686</proc:AllPriorYears>
                                        </proc:TotalCost>
                                        <proc:UnitCost>
                                            <proc:AllPriorYears>163.887</proc:AllPriorYears>
                                        </proc:UnitCost>
                                    </proc:Cost>
                                </proc:CostElement>
                                <proc:CostElement>
                                    <proc:Name>Stryker Virtual Collective Trainer</proc:Name>
                                    <proc:Cost>
                                        <proc:Quantity>
                                            <proc:AllPriorYears>8</proc:AllPriorYears>
                                        </proc:Quantity>
                                        <proc:TotalCost>
                                            <proc:AllPriorYears>12.415</proc:AllPriorYears>
                                        </proc:TotalCost>
                                        <proc:UnitCost>
                                            <proc:AllPriorYears>1551.875</proc:AllPriorYears>
                                        </proc:UnitCost>
                                    </proc:Cost>
                                </proc:CostElement>
                            </proc:CostElementList>
                            <proc:CategorySubtotal>
                                <proc:TotalCost>
                                    <proc:AllPriorYears>21.101</proc:AllPriorYears>
                                </proc:TotalCost>
                            </proc:CategorySubtotal>
                        </proc:Recurring>
                        <proc:CategorySubtotal>
                            <proc:TotalCost>
                                <proc:AllPriorYears>21.101</proc:AllPriorYears>
                            </proc:TotalCost>
                        </proc:CategorySubtotal>
                    </proc:Flyaway>
                    <proc:Hardware>
                        <proc:NonRecurring>
                            <proc:CostElementList>
                                <proc:CostElement>
                                    <proc:Name>Gaming Systems Refresh</proc:Name>
                                    <proc:Cost>
                                        <proc:Quantity>
                                            <proc:AllPriorYears>154</proc:AllPriorYears>
                                            <proc:PriorYear>8</proc:PriorYear>
                                            <proc:CurrentYear>14</proc:CurrentYear>
                                        </proc:Quantity>
                                        <proc:TotalCost>
                                            <proc:AllPriorYears>23.269</proc:AllPriorYears>
                                            <proc:PriorYear>1.52</proc:PriorYear>
                                            <proc:CurrentYear>3.206</proc:CurrentYear>
                                        </proc:TotalCost>
                                        <proc:UnitCost>
                                            <proc:AllPriorYears>151.097</proc:AllPriorYears>
                                            <proc:PriorYear>190</proc:PriorYear>
                                            <proc:CurrentYear>229</proc:CurrentYear>
                                        </proc:UnitCost>
                                    </proc:Cost>
                                    <proc:AllPriorYearsDeliveries>154</proc:AllPriorYearsDeliveries>
                                    <proc:ManufacturerList>
                                        <proc:Manufacturer>
                                            <proc:Name>Atlantic Diving Supply</proc:Name>
                                            <proc:Location>Virginia Beach, VA</proc:Location>
                                            <proc:HistoryPlanningList>
                                                <proc:HistoryPlanning>
                                                    <proc:FiscalYear>2024</proc:FiscalYear>
                                                    <proc:PCOLocation>Defense Logistics Agency (Troop Support)</proc:PCOLocation>
                                                    <proc:AwardDate>2024-01</proc:AwardDate>
                                                    <proc:FirstDeliveryDate>2024-03</proc:FirstDeliveryDate>
                                                    <proc:Quantity>8</proc:Quantity>
                                                    <proc:UnitCost>190</proc:UnitCost>
                                                    <proc:SpecsAvailableNow>true</proc:SpecsAvailableNow>
                                                    <proc:ContractMethod>C</proc:ContractMethod>
                                                    <proc:ContractType>FFP</proc:ContractType>
                                                </proc:HistoryPlanning>
                                                <proc:HistoryPlanning>
                                                    <proc:FiscalYear>2025</proc:FiscalYear>
                                                    <proc:PCOLocation>Defense Logistics Agency (Troop Support)</proc:PCOLocation>
                                                    <proc:AwardDate>2025-01</proc:AwardDate>
                                                    <proc:FirstDeliveryDate>2025-03</proc:FirstDeliveryDate>
                                                    <proc:Quantity>14</proc:Quantity>
                                                    <proc:UnitCost>229</proc:UnitCost>
                                                    <proc:SpecsAvailableNow>true</proc:SpecsAvailableNow>
                                                    <proc:ContractMethod>C</proc:ContractMethod>
                                                    <proc:ContractType>FFP</proc:ContractType>
                                                </proc:HistoryPlanning>
                                            </proc:HistoryPlanningList>
                                        </proc:Manufacturer>
                                    </proc:ManufacturerList>
                                </proc:CostElement>
                                <proc:CostElement>
                                    <proc:Name>Gaming Toolkits/Ancillary Equipment</proc:Name>
                                    <proc:Cost>
                                        <proc:TotalCost>
                                            <proc:AllPriorYears>0.188</proc:AllPriorYears>
                                            <proc:PriorYear>0.075</proc:PriorYear>
                                            <proc:CurrentYear>0.078</proc:CurrentYear>
                                        </proc:TotalCost>
                                    </proc:Cost>
                                </proc:CostElement>
                                <proc:CostElement>
                                    <proc:Name>RMF Hardware</proc:Name>
                                    <proc:Cost>
                                        <proc:TotalCost>
                                            <proc:AllPriorYears>1.22</proc:AllPriorYears>
                                        </proc:TotalCost>
                                    </proc:Cost>
                                </proc:CostElement>
                                <proc:CostElement>
                                    <proc:Name>SVCT Spares</proc:Name>
                                    <proc:Cost>
                                        <proc:TotalCost>
                                            <proc:AllPriorYears>0.737</proc:AllPriorYears>
                                        </proc:TotalCost>
                                    </proc:Cost>
                                </proc:CostElement>
                            </proc:CostElementList>
                            <proc:CategorySubtotal>
                                <proc:TotalCost>
                                    <proc:AllPriorYears>25.414</proc:AllPriorYears>
                                    <proc:PriorYear>1.595</proc:PriorYear>
                                    <proc:CurrentYear>3.284</proc:CurrentYear>
                                </proc:TotalCost>
                            </proc:CategorySubtotal>
                        </proc:NonRecurring>
                        <proc:CategorySubtotal>
                            <proc:TotalCost>
                                <proc:AllPriorYears>25.414</proc:AllPriorYears>
                                <proc:PriorYear>1.595</proc:PriorYear>
                                <proc:CurrentYear>3.284</proc:CurrentYear>
                            </proc:TotalCost>
                        </proc:CategorySubtotal>
                    </proc:Hardware>
                    <proc:Software>
                        <proc:Recurring>
                            <proc:CostElementList>
                                <proc:CostElement>
                                    <proc:Name>VBS3 License</proc:Name>
                                    <proc:Cost>
                                        <proc:TotalCost>
                                            <proc:AllPriorYears>26.812</proc:AllPriorYears>
                                        </proc:TotalCost>
                                    </proc:Cost>
                                </proc:CostElement>
                                <proc:CostElement>
                                    <proc:Name>VBS3 Software Concurrency</proc:Name>
                                    <proc:Cost>
                                        <proc:TotalCost>
                                            <proc:AllPriorYears>20.602</proc:AllPriorYears>
                                            <proc:PriorYear>4.508</proc:PriorYear>
                                            <proc:CurrentYear>4.644</proc:CurrentYear>
                                            <proc:BudgetYearOneBase>4.785</proc:BudgetYearOneBase>
                                            <proc:BudgetYearOne>4.785</proc:BudgetYearOne>
                                        </proc:TotalCost>
                                    </proc:Cost>
                                </proc:CostElement>
                            </proc:CostElementList>
                            <proc:CategorySubtotal>
                                <proc:TotalCost>
                                    <proc:AllPriorYears>47.414</proc:AllPriorYears>
                                    <proc:PriorYear>4.508</proc:PriorYear>
                                    <proc:CurrentYear>4.644</proc:CurrentYear>
                                    <proc:BudgetYearOneBase>4.785</proc:BudgetYearOneBase>
                                    <proc:BudgetYearOne>4.785</proc:BudgetYearOne>
                                </proc:TotalCost>
                            </proc:CategorySubtotal>
                        </proc:Recurring>
                        <proc:NonRecurring>
                            <proc:CostElementList>
                                <proc:CostElement>
                                    <proc:Name>Modifications and Upgrades</proc:Name>
                                    <proc:Cost>
                                        <proc:TotalCost>
                                            <proc:AllPriorYears>2.998</proc:AllPriorYears>
                                        </proc:TotalCost>
                                    </proc:Cost>
                                </proc:CostElement>
                            </proc:CostElementList>
                            <proc:CategorySubtotal>
                                <proc:TotalCost>
                                    <proc:AllPriorYears>2.998</proc:AllPriorYears>
                                </proc:TotalCost>
                            </proc:CategorySubtotal>
                        </proc:NonRecurring>
                        <proc:CategorySubtotal>
                            <proc:TotalCost>
                                <proc:AllPriorYears>50.412</proc:AllPriorYears>
                                <proc:PriorYear>4.508</proc:PriorYear>
                                <proc:CurrentYear>4.644</proc:CurrentYear>
                                <proc:BudgetYearOneBase>4.785</proc:BudgetYearOneBase>
                                <proc:BudgetYearOne>4.785</proc:BudgetYearOne>
                            </proc:TotalCost>
                        </proc:CategorySubtotal>
                    </proc:Software>
                    <proc:Support>
                        <proc:CostElementList>
                            <proc:CostElement>
                                <proc:Name>Fielding</proc:Name>
                                <proc:Cost>
                                    <proc:TotalCost>
                                        <proc:AllPriorYears>6.913</proc:AllPriorYears>
                                        <proc:PriorYear>1.101</proc:PriorYear>
                                        <proc:BudgetYearOneBase>0.169</proc:BudgetYearOneBase>
                                        <proc:BudgetYearOne>0.169</proc:BudgetYearOne>
                                    </proc:TotalCost>
                                </proc:Cost>
                            </proc:CostElement>
                        </proc:CostElementList>
                        <proc:CategorySubtotal>
                            <proc:TotalCost>
                                <proc:AllPriorYears>6.913</proc:AllPriorYears>
                                <proc:PriorYear>1.101</proc:PriorYear>
                                <proc:BudgetYearOneBase>0.169</proc:BudgetYearOneBase>
                                <proc:BudgetYearOne>0.169</proc:BudgetYearOne>
                            </proc:TotalCost>
                        </proc:CategorySubtotal>
                        <proc:Name>Fielding</proc:Name>
                    </proc:Support>
                    <proc:Support>
                        <proc:CostElementList>
                            <proc:CostElement>
                                <proc:Name>Government Furnished Materials</proc:Name>
                                <proc:Cost>
                                    <proc:TotalCost>
                                        <proc:AllPriorYears>6.181</proc:AllPriorYears>
                                        <proc:PriorYear>0.636</proc:PriorYear>
                                        <proc:CurrentYear>0.66</proc:CurrentYear>
                                        <proc:BudgetYearOneBase>0.674</proc:BudgetYearOneBase>
                                        <proc:BudgetYearOne>0.674</proc:BudgetYearOne>
                                    </proc:TotalCost>
                                </proc:Cost>
                            </proc:CostElement>
                        </proc:CostElementList>
                        <proc:CategorySubtotal>
                            <proc:TotalCost>
                                <proc:AllPriorYears>6.181</proc:AllPriorYears>
                                <proc:PriorYear>0.636</proc:PriorYear>
                                <proc:CurrentYear>0.66</proc:CurrentYear>
                                <proc:BudgetYearOneBase>0.674</proc:BudgetYearOneBase>
                                <proc:BudgetYearOne>0.674</proc:BudgetYearOne>
                            </proc:TotalCost>
                        </proc:CategorySubtotal>
                        <proc:Name>Government Furnished Materials</proc:Name>
                    </proc:Support>
                    <proc:Support>
                        <proc:CostElementList>
                            <proc:CostElement>
                                <proc:Name>Integrated Logistics Support</proc:Name>
                                <proc:Cost>
                                    <proc:TotalCost>
                                        <proc:AllPriorYears>0.129</proc:AllPriorYears>
                                        <proc:PriorYear>0.091</proc:PriorYear>
                                    </proc:TotalCost>
                                </proc:Cost>
                            </proc:CostElement>
                        </proc:CostElementList>
                        <proc:CategorySubtotal>
                            <proc:TotalCost>
                                <proc:AllPriorYears>0.129</proc:AllPriorYears>
                                <proc:PriorYear>0.091</proc:PriorYear>
                            </proc:TotalCost>
                        </proc:CategorySubtotal>
                        <proc:Name>Logistics</proc:Name>
                    </proc:Support>
                    <proc:Support>
                        <proc:CostElementList>
                            <proc:CostElement>
                                <proc:Name>Equipment</proc:Name>
                                <proc:Cost>
                                    <proc:TotalCost>
                                        <proc:AllPriorYears>2.026</proc:AllPriorYears>
                                    </proc:TotalCost>
                                </proc:Cost>
                            </proc:CostElement>
                        </proc:CostElementList>
                        <proc:CategorySubtotal>
                            <proc:TotalCost>
                                <proc:AllPriorYears>2.026</proc:AllPriorYears>
                            </proc:TotalCost>
                        </proc:CategorySubtotal>
                        <proc:Name>New Equipment Training (NET)</proc:Name>
                    </proc:Support>
                    <proc:Support>
                        <proc:CostElementList>
                            <proc:CostElement>
                                <proc:Name>Contractor Management</proc:Name>
                                <proc:Cost>
                                    <proc:TotalCost>
                                        <proc:AllPriorYears>13.398</proc:AllPriorYears>
                                        <proc:PriorYear>1.065</proc:PriorYear>
                                        <proc:CurrentYear>0.895</proc:CurrentYear>
                                        <proc:BudgetYearOneBase>0.91</proc:BudgetYearOneBase>
                                        <proc:BudgetYearOne>0.91</proc:BudgetYearOne>
                                    </proc:TotalCost>
                                </proc:Cost>
                            </proc:CostElement>
                        </proc:CostElementList>
                        <proc:CategorySubtotal>
                            <proc:TotalCost>
                                <proc:AllPriorYears>13.398</proc:AllPriorYears>
                                <proc:PriorYear>1.065</proc:PriorYear>
                                <proc:CurrentYear>0.895</proc:CurrentYear>
                                <proc:BudgetYearOneBase>0.91</proc:BudgetYearOneBase>
                                <proc:BudgetYearOne>0.91</proc:BudgetYearOne>
                            </proc:TotalCost>
                        </proc:CategorySubtotal>
                        <proc:Name>Program Management</proc:Name>
                    </proc:Support>
                    <proc:Support>
                        <proc:CostElementList>
                            <proc:CostElement>
                                <proc:Name>System Technical Support (STS)</proc:Name>
                                <proc:Cost>
                                    <proc:TotalCost>
                                        <proc:AllPriorYears>4.836</proc:AllPriorYears>
                                        <proc:PriorYear>0.702</proc:PriorYear>
                                        <proc:CurrentYear>0.689</proc:CurrentYear>
                                        <proc:BudgetYearOneBase>0.782</proc:BudgetYearOneBase>
                                        <proc:BudgetYearOne>0.782</proc:BudgetYearOne>
                                    </proc:TotalCost>
                                </proc:Cost>
                            </proc:CostElement>
                        </proc:CostElementList>
                        <proc:CategorySubtotal>
                            <proc:TotalCost>
                                <proc:AllPriorYears>4.836</proc:AllPriorYears>
                                <proc:PriorYear>0.702</proc:PriorYear>
                                <proc:CurrentYear>0.689</proc:CurrentYear>
                                <proc:BudgetYearOneBase>0.782</proc:BudgetYearOneBase>
                                <proc:BudgetYearOne>0.782</proc:BudgetYearOne>
                            </proc:TotalCost>
                        </proc:CategorySubtotal>
                        <proc:Name>System Technical Support (STS)</proc:Name>
                    </proc:Support>
                </proc:CostElementCategoryList>
                <proc:OverallHistoryPlanningRemarks>Gaming System Refresh are commercial off-the-shelf (COTS) equipment procured through the Special Operations &amp; Equipment Tailored Logistic Support Program with Defense Logistics Agency (Troop Support) located in Philadelphia, PA.</proc:OverallHistoryPlanningRemarks>
            </proc:P5Item>
        </proc:ItemExhibitList>
        <proc:DocumentAssemblyOptions>
            <proc:p40AItemScheduleSetting>item</proc:p40AItemScheduleSetting>
        </proc:DocumentAssemblyOptions>
    </proc:LineItem>
</proc:LineItemList>