<?xml version="1.0" encoding="UTF-8"?>
<proc:LineItemList xmlns:proc="http://www.dtic.mil/comptroller/xml/schema/20100219/procurement">
    <proc:LineItem quantityUnits="Each" quantityUnitName="Each" unitCostUnits="Thousands" totalCostUnits="Millions" manufacturerRateUnits="Yearly">
        <proc:LineItemNumber>0219AD0500</proc:LineItemNumber>
        <proc:LineItemTitle>COUNTER SMALL UNMANNED AERIAL SYSTEM (C-SUAS)</proc:LineItemTitle>
        <proc:P1LineNumber>105</proc:P1LineNumber>
        <proc:BudgetYear>2026</proc:BudgetYear>
        <proc:BudgetCycle>PB</proc:BudgetCycle>
        <proc:SubmissionDate>2025-06</proc:SubmissionDate>
        <proc:ServiceAgencyName>Army</proc:ServiceAgencyName>
        <proc:AppropriationNumber>2035A</proc:AppropriationNumber>
        <proc:AppropriationTitle>Other Procurement, Army</proc:AppropriationTitle>
        <proc:BudgetActivityNumber>2</proc:BudgetActivityNumber>
        <proc:BudgetActivityTitle>Communications and Electronics Equipment</proc:BudgetActivityTitle>
        <proc:BudgetSubActivityNumber>86</proc:BudgetSubActivityNumber>
        <proc:BudgetSubActivityTitle>Elect Equip - Tactical Surv. (Tac Surv)</proc:BudgetSubActivityTitle>
        <proc:ResourceSummary>
            <proc:Quantity>
                <proc:AllPriorYears>1402</proc:AllPriorYears>
                <proc:PriorYear>1619</proc:PriorYear>
                <proc:CurrentYear>28</proc:CurrentYear>
            </proc:Quantity>
            <proc:TotalCost>
                <proc:AllPriorYears>1009.932</proc:AllPriorYears>
                <proc:PriorYear>628.062</proc:PriorYear>
                <proc:CurrentYear>288.386</proc:CurrentYear>
            </proc:TotalCost>
            <proc:UnitCost>
                <proc:AllPriorYears>720.351</proc:AllPriorYears>
                <proc:PriorYear>387.932</proc:PriorYear>
                <proc:CurrentYear>10299.5</proc:CurrentYear>
            </proc:UnitCost>
            <proc:NetProcurementP1>
                <proc:AllPriorYears>1009.932</proc:AllPriorYears>
                <proc:PriorYear>628.062</proc:PriorYear>
                <proc:CurrentYear>288.386</proc:CurrentYear>
            </proc:NetProcurementP1>
            <proc:TotalObligationAuthority>
                <proc:AllPriorYears>1009.932</proc:AllPriorYears>
                <proc:PriorYear>628.062</proc:PriorYear>
                <proc:CurrentYear>288.386</proc:CurrentYear>
            </proc:TotalObligationAuthority>
        </proc:ResourceSummary>
        <proc:SecondaryDistribution>
            <proc:ComponentList>
                <proc:Component>
                    <proc:Name>Army Active</proc:Name>
                    <proc:Cost>
                        <proc:Quantity>
                            <proc:PriorYear>1619</proc:PriorYear>
                            <proc:CurrentYear>28</proc:CurrentYear>
                        </proc:Quantity>
                        <proc:TotalCost>
                            <proc:PriorYear>628.062</proc:PriorYear>
                            <proc:CurrentYear>288.386</proc:CurrentYear>
                        </proc:TotalCost>
                    </proc:Cost>
                </proc:Component>
            </proc:ComponentList>
            <proc:TotalCost>
                <proc:Quantity>
                    <proc:PriorYear>1619</proc:PriorYear>
                    <proc:CurrentYear>28</proc:CurrentYear>
                </proc:Quantity>
                <proc:TotalCost>
                    <proc:PriorYear>628.062</proc:PriorYear>
                    <proc:CurrentYear>288.386</proc:CurrentYear>
                </proc:TotalCost>
            </proc:TotalCost>
        </proc:SecondaryDistribution>
        <proc:Description>SSN AD0514 / DIRECTED ENERGY (DE) is a new start within the COUNTER SMALL UNMANNED AERIAL SYSTEM (C-SUAS) program in FY 2026

This line has no funding for FY 2026. 

FY 2026 funding was realigned from Budget Activity (BA) 2, AD0500 COUNTER SMALL UNMANNED AERIAL SYSTEM (C-SUAS) to BA 6, I24000 COUNTER-SMALL UNMANNED AERIAL SYSTEM (C-SUAS) in support of Agile Portfolio Management.

Advances in unmanned aircraft systems (UAS) technology and ease of accessibility increase the potential use of UAS as weapons and intelligence-gathering mechanisms against U.S. forces and Department of Defense (DoD) facilities. Funds support the procurement, training, and equipping of fixed, semi-fixed, mounted, dismounted, and handheld counter-UAS capabilities for U.S. forces and strategically-important DoD facilities worldwide. Planned counter-UAS capability procurements provide a layered defense construct against UAS threats and include a mix of electronic warfare capabilities, command and control, and kinetic and non-kinetic effectors. 

The Counter-small Unmanned Aircraft Systems (C-sUAS) system-of-systems was initiated in JUN 2016 in response to Joint Urgent Operational Need (JUON) CC-0558, to detect, track, classify, evaluate, and defeat Groups 1 and 2 UAS threats. On 19 NOV 2021, the Army Requirements Oversight Council approved C-sUAS Capability Development Document (CDD) Increment 1 for a C-sUAS capability at Operational Divisions (now C-UAS Batteries). On 1 FEB 2022, the Chief of Staff of the Army (CSA) accelerated C-sUAS procurement into FY 2022 (from FY 2023) and specified the systems and quantities for each battery. This CSA guidance was documented in a 2 FEB 2022 Department of the Army Military Operations Fires Division (DAMO-Fires) memorandum. In a 30 MAR 2022 Acquisition Decision Memorandum (ADM), the Army Acquisition Executive (AAE) authorized use of the Major Capability Acquisition (MCA) pathway for five separate Acquisition Category III programs: Fixed Site-Low, slow, small Unmanned Aircraft System (UAS) Integrated Defeat System (FS-LIDS); Mobile-Low, slow, small UAS Integrated Defeat System (M-LIDS); Ku-band Radio Frequency System (KuRFS) Family of Radars; Coyote Launchers/Interceptors; and Handheld/Dismounted Systems. Following an 8 MAY 2024 program initiation briefing to the Milestone Decision Authority, the C-sUAS programs were approved for entry into the MCA pathway at post-Full Rate Production (FRP).

Enduring programs are required to develop, test, evaluate, and continuously integrate solutions, to address a rapidly-emerging UAS threat that continues to grow in sophistication, range, lethality, and numbers. Both Joint and Army RDTE will develop Joint and Army-unique solutions that will be procured under this budget line. 

Prior C-UAS procurement funding resides in line item 0173BZ0501 Indirect Fire Protection Family of Systems.</proc:Description>
        <proc:Justification>FY 2026 funding was realigned from Budget Activity (BA) 2, AD0500 COUNTER SMALL UNMANNED AERIAL SYSTEM (C-SUAS) to BA 6, I24000 COUNTER-SMALL UNMANNED AERIAL SYSTEM (C-SUAS) in support of Agile Portfolio Management:
AD0511 C-SUAS FIXED transferred to I24013 C-SUAS FIXED SITE
AD0512 C-SUAS OPERATIONAL transferred to I24014 C-SUAS OPERATIONS
AD0513 C-SUAS GROUND READINESS transferred to I24015 C-SUAS GRND READINESS</proc:Justification>
        <proc:DocumentAssemblyOptions>
            <proc:p40AItemScheduleSetting>item</proc:p40AItemScheduleSetting>
        </proc:DocumentAssemblyOptions>
    </proc:LineItem>
</proc:LineItemList>