{
    "MasterJustificationBook": {
        "CXE#MJB-120": "The budget cycle [{0}] for the Justification Book with the title [{1}] must be the same as the parent Master Justification Book budget cycle [{2}].",
        "CXE#MJB-130": "Budget Cycle {0} {1} is invalid",
        "CXE#MJB-140": "The submission date {0} is not one of the following valid dates for budget cycle {1}: {2}.",
        "CXE#MJB-150": "Appropriation with Code \"{0}\" and Name \"{1}\" is invalid or does not correspond to the specified Service Agency \"{2}\".",
        "CXE#MJB-160": "Volume description [{0}] in the Master Justification Book does not match the Service Agency [{1}] in the included Justification Book."
    },
    "JustificationBook": {
        "CXE#JB-100": "Budget Cycle {0} {1} is invalid",
        "CXE#JB-110": "The submission date {0} is not one of the following valid dates for budget cycle {1}: {2}.",
        "CXE#JB-120": "Appropriation with Code \"{0}\" and Name \"{1}\" is invalid or does not correspond to the specified Service Agency \"{2}\".",
        "RDTE#JB-130": "The budget cycle [{0}] for the Program Element Number [{1}] must be the same as the parent Justification Book budget cycle [{2}].",
        "PROC#JB-140": "The attached Justification Books contain the following duplicate P1 numbers {0}.",
        "RDTE#JB-150": "The attached Justification Books contain the following duplicate R1 numbers {0}."
    },
	"R2List": {
        "RDTE#R2-120": "The following R-1 numbers are duplicates: [{0}].",
        "RDTE#JB-160": "Individual exhibit Tracking Notes are not allowed in Justification Books. Please remove the Tracking Note from Line Item [{0}]." 
    },
	"R2-ProgramElement": {
        "RDTE#PE-100": "Project is a duplicate. Project number must be unique within a Program Element. Duplicate: ''{0}''", 
        "RDTE#PE-110": "The sum of all Projects'' costs for {0}, which is {1}, does not equal the Program Element''s cost provided for {0}, which is {2}.",
        "RDTE#PE-120": "The sum of all Projects'' costs, plus the Prior Years Delta, for {0}, which is {1}, must equal the Program Element''s cost provided for {0}, which is {2}.",
        "RDTE#PE-130": "The sum of all Projects'' Cost To Complete, which is {0}, does not equal the Program Element''s provided Cost To Complete, which is {1}.",
        "RDTE#PE-140": "The sum of all Projects'' Total Cost, which is {0}, does not equal the Program Element''s provided Total Cost, which is {1}.",
        "RDTE#PE-150": "The sum of all funding years and Cost To Complete, which is {0}, does not equal the provided Total Cost, which is {1}.",
        "RDTE#PE-160": "The sum of Base and OOC costs for {0}, which is {1}, does not equal the provided cost for {0}, which is {2}.",
        "RDTE#PE-170": "This Program Element is \"Continuing\", but none of its Projects are. If a Program Element is \"Continuing\", then at least one of its Projects must be \"Continuing\" too.",
        "RDTE#PE-175": "Change summary data for previous President''s Budget is required.",
        "RDTE#PE-176": "Change summary data for current President''s Budget is required.",
        "RDTE#PE-177": "Total adjustments data is required.",
        "RDTE#PE-180": "Current President''s Budget for {0}, which is {1}, does not equal the provided Program Element Cost for {0}, which is {2}.",
        "RDTE#PE-190": "Current President''s Budget minus Previous President''s Budget for {0}, which is {1}, does not equal the provided Total Adjustments for {0}, which is {2}.",
        "RDTE#PE-195": "The Previous President''s Budget value for {0}, which is {1}, does not equal the {3} PE Total value for {4}, which is {2}.",
        "RDTE#PE-200": "The sum of Congressional Rescissions, Reprogrammings, SBIR/STTR Transfer and Adjustments for {0}, which is {1}, does not equal the provided Total Adjustments for {0}, which is {2}.",
        "RDTE#PE-210": "The sum of Congressional General Reductions, Congressional Directed Reductions, Congressional Recissions, Congressional Adds, Congressional Directed Transfers, Reprogrammings, SBIR/STTR Transfer and Adjustments for {0}, which is {1}, does not equal the provided Total Adjustments for {0}, which is {2}.",
        "RDTE#PE-220": "The sum of Adjustments for {0}, which is {1}, does not equal the provided Total Adjustments for {0}, which is {2}.",
        "RDTE#PE-230": "The sum of Base and OOC costs for Previous President''s Budget {0}, which is {1}, does not equal the provided Total cost for {0}, which is {2}.",
        "RDTE#PE-240": "The sum of Base and OOC costs for Current President''s Budget {0}, which is {1}, does not equal the provided Total cost for {0}, which is {2}.",
        "RDTE#PE-250": "The sum of Base and OOC costs for Total Adjustments {0}, which is {1}, does not equal the provided Total cost for {0}, which is {2}.",
        "RDTE#PE-260": "This Exhibit R-2 has been marked as an \"R2 Long\" and contains multiple projects, but it should have exactly one project. Note that generating a full PDF for this Exhibit R-2 will result in only the first project being included in the PDF.",
        "RDTE#PE-270": "The sum of Base and OOC costs for {0}, which is {1}, does not equal the provided Total cost for {0}, which is {2}.",
        "RDTE#PE-280": "The PE Number \"{0}\" is not seven digits followed by the capitalized alphanumeric agency suffix.",
        "RDTE#PE-300": "The MDAP Code {0} is not valid.  An MDAP Code must be a PNO number with 3 to 4 letters/numbers.",
        "RDTE#PE-310": "Budget Activity of {0} with Budget Activity Name \"{1}\" is invalid or does not correspond to the specified Budget Activity Name of \"{2}\".",
        "RDTE#PE-320": "Budget Activity of {0} with Budget Activity Name \"{1}\" is invalid for the specified Service Agency \"{2}\".",
        "RDTE#PE-340": "The submission date is not one of the following valid dates for budget cycle {0}: {1}.",
        "RDTE#PE-350": "Cost To Complete and Total Cost must both be numeric or both be \"Continuing\" (absence of a value for either will also be interpreted as \"Continuing\", but only in the PDF).",
        "RDTE#PE-355": "Cost To Complete ({0}) and Total Cost ({1}) must be either \"Continuing\" or a number with exactly three decimal places.",
        "RDTE#PE-360": "Adjustment titles must be unique within a Program Element.",
        "RDTE#PE-370": "Cost must be specified for at least one of the years.",
        "RDTE#PE-380": "Adjustment title is required.",
        "RDTE#PE-390": "If a Total for {0} is specified, then the Base and optionally the OOC must be specified.",
        "RDTE#PE-400": "If a Base or OOC value for {0} is specified, then the Total must be specified.",
        "RDTE#PE-410": "The MDAP Code \"{0}\" from this Program Element must not be replicated in the Project \"{1}\".",
        "RDTE#PE-420": "The R-1 Line Number must be numeric.",
        "RDTE#PE-425": "The R-1 Line Number must be provided.",
        "RDTE#PE-430": "Program Element Note is not allowed in an R-2 Long exhibit.",
        "RDTE#PE-440": "Program Element Mission Description is not allowed in a R-2 Long exhibit.",
        "RDTE#PE-450": "Budget Cycle ''{0} {1}'' is invalid",
        "RDTE#PE-460": "Program Element Funding must be provided.",
        "RDTE#PE-470": "A Change Summary must be provided for the Program Element.",
        "RDTE#PE-480": "Funding from the Previous PB Budget must be provided for the Program Element Change Summary.",
        "RDTE#PE-490": "Funding for the Current PB Budget must be provided for the Program Element Change Summary.",
        "RDTE#PE-500": "Total Funding Adjustments must be provided for the Program Element Change Summary.",
        "RDTE#PE-510": "At least one Project must be provided under a Program Element.",
        "RDTE#NGRMS-600": "Exhibit not NGRMS validated.  Locked NGRMS data not available.",
        "RDTE#NGRMS-610": "The combination of PE Number ({0}), Organization ({1}), Appropriation ({2}), and Budget Activity ({3}) does not match any entry in the NGRMS R-1",
        "RDTE#NGRMS-615": "R-1 Line Number ({0}) does not match any NGRMS R-1 Line Number entry ({1}) for Organization ({2}), Appropriation ({3}) and Budget Activity ({4}).",
        "RDTE#NGRMS-620": "Project Number ({0}), listed in the NGRMS R-1 for this Program Element, is missing from the exhibit.",
        "RDTE#NGRMS-650": "PE Level Prior Year Total Funding {0}, does not match the NGRMS R-1 Prior Year Total Funding {1}.",
        "RDTE#NGRMS-651": "PE Level Current Year Total Funding {0}, does not match the NGRMS R-1 Current Year Total Funding {1}.",
        "RDTE#NGRMS-652": "PE Level Budget Year One Total Funding {0}, does not match the NGRMS R-1 Budget Year One Total Funding {1}.",
        "RDTE#NGRMS-653": "PE Level Budget Year Two Total Funding {0}, does not match the NGRMS R-1 Budget Year Two Total Funding {1}.",
        "RDTE#NGRMS-654": "PE Level Budget Year Three Total Funding {0}, does not match the NGRMS R-1 Budget Year Three Total Funding {1}.",
        "RDTE#NGRMS-655": "PE Level Budget Year Four Total Funding {0}, does not match the NGRMS R-1 Budget Year Four Total Funding {1}.",
        "RDTE#NGRMS-656": "PE Level Budget Year Five Total Funding {0}, does not match the NGRMS R-1 Budget Year Five Total Funding {1}.",
        "RDTE#NGRMS-657": "PE Level Budget Year One Base Total Funding {0}, does not match the NGRMS R-1 Budget Year One Base Total Funding {1}.",
        "RDTE#NGRMS-658": "PE Level Budget Year One OOC Total Funding {0}, does not match the NGRMS R-1 Budget Year One OOC Total Funding {1}."
    },
    "R2-Project": {
        "RDTE#PJ-105": "Project Number is required.",
        "RDTE#PJ-106": "Project Title is required.",
        "RDTE#PJ-100": "The sum of Base and OOC costs for {0}, which is {1}, does not equal the provided Total cost for {0}, which is {2}.",
        "RDTE#PJ-110": "The Program Element Total Cost is numeric, {0}, but this Program Element has a \"Continuing\" Project. If a Project is \"Continuing\", then its parent Program Element must be \"Continuing\" too.",
        "RDTE#PJ-120": "The Program Element Cost To Complete is numeric, {0}, but this Program Element has a \"Continuing\" Project. If a Project is \"Continuing\", then its parent Program Element must be \"Continuing\" too.",
        "RDTE#PJ-130": "The sum of all costs for all funding years and Cost To Complete, which is {0}, does not equal the provided Total Cost, which is {1}.",
        "RDTE#PJ-140": "Cost To Complete and Total Cost must both be numeric or both be \"Continuing\" (absence of a value for either will also be interpreted as \"Continuing\", but only in the PDF).",
        "RDTE#PJ-145": "Cost To Complete ({0}) and Total Cost ({1}) must be either \"Continuing\" or a number with exactly three decimal places.",
        "RDTE#PJ-150": "Projects must have funding for at least one Budget Year.",
        "RDTE#PJ-160": "All Projects must provide an R-2a exhibit.",
        "RDTE#PJ-170": "Projects that are suppressing the R-2a exhibit PDF may not contain any information besides the out-year (BY2-BY5) funding for the Project.",
        "RDTE#PJ-180": "The MDAP Code {0} is not valid.  An MDAP Code must be a PNO number with 3 to 4 letters/numbers.",
        "RDTE#NGRMS-630": "Project Number ({0}) does not match any of the projects listed in the NGRMS R-1 for this Program Element: {1}.",
        "RDTE#NGRMS-640": "Project Level Prior Year Total Funding {0}, does not match the NGRMS R-1 Prior Year Total Funding {1}.",
        "RDTE#NGRMS-641": "Project Level Current Year Total Funding {0}, does not match the NGRMS R-1 Current Year Total Funding {1}.",
        "RDTE#NGRMS-642": "Project Level Budget Year One Total Funding {0}, does not match the NGRMS R-1 Budget Year One Total Funding {1}.",
        "RDTE#NGRMS-643": "Project Level Budget Year Two Total Funding {0}, does not match the NGRMS R-1 Budget Year Two Total Funding {1}.",
        "RDTE#NGRMS-644": "Project Level Budget Year Three Total Funding {0}, does not match the NGRMS R-1 Budget Year Three Total Funding {1}.",
        "RDTE#NGRMS-645": "Project Level Budget Year Four Total Funding {0}, does not match the NGRMS R-1 Budget Year Four Total Funding {1}.",
        "RDTE#NGRMS-646": "Project Level Budget Year Five Total Funding {0}, does not match the NGRMS R-1 Budget Year Five Total Funding {1}.",
        "RDTE#NGRMS-647": "Project Level Budget Year One Base Total Funding {0}, does not match the NGRMS R-1 Budget Year One Base Total Funding {1}.",
        "RDTE#NGRMS-648": "Project Level Budget Year One OOC Total Funding {0}, does not match the NGRMS R-1 Budget Year One OOC Total Funding {1}."
    },
    "R2a-AccomplishmentPlannedProgram": {
        "RDTE#R2a-130": "The sum of Base and OOC Articles for {0}, which is {1}, does not equal the provided Total Articles for {0}, which is {2}.",
        "RDTE#R2a-140": "The sum of Accomplishments/Planned Program Base  and OOC costs for {0}, which is {1}, does not equal the provided Accomplishments/Planned Program Total for {0}, which is {2}.",
        "RDTE#R2a-160": "For {0}, enter both a dollar amount and the Accomplishments/Plans text, or leave both blank.",
        "RDTE#R2a-165": "{0} to {1} Increase/Decrease Statement cannot be blank if {0} and {1} values differ",
        "RDTE#R2a-170": "A value must be specified for at least one of the years.",
        "RDTE#R2a-190": "For {0}, if a Total {1} has been specified, then the Base must be specified.",
        "RDTE#R2a-200": "For {0}, if a Base or OOC {1} has been specified, then the Total must be specified.",
        "RDTE#R2a-210": "For {0}, if Article Quantity or Other Funding has been specified, then the matching normal dollar amount and text must also be entered, or leave all fields blank.",
        "RDTE#R2a-219": "Accomplishment/Planned Program Event Title is required."
    },
    "R2a-CongressionalAddDetail": {
        "RDTE#R2a-251": "Congressional Add Detail title is required.",
        "RDTE#R2a-280": "For {0}, enter both a dollar amount and the associated text, or leave both blank.",
        "RDTE#R2a-290": "A value must be specified for at least one of the years."
    },
    "R2a-OtherProgramFundingSummary": {
        "RDTE#R2a-311": "Other Program Funding Summary line item number is required.",
        "RDTE#R2a-312": "Other Program Funding Summary line items title is required.",
        "RDTE#R2a-320": "The sum of Base and OOC for {0}, which is {1}, does not equal the provided Total for {0}, which is {2}.",
        "RDTE#R2a-330": "For {0}, if a Total has been specified, then the Base must be specified.",
        "RDTE#R2a-340": "For {0}, if a Base or OOC has been specified, then the Total must be specified.",
        "RDTE#R2a-350": "Cost To Complete and Total Cost must both be numeric or both be \"Continuing\" (absence of a value for either will also be interpreted as \"Continuing\", but only in the PDF).",
        "RDTE#R2a-355": "Cost To Complete ({0}) and Total Cost ({1}) must be either \"Continuing\" or a number with exactly three decimal places."
    },
    "R2a": {    
        "RDTE#R2a-220": "Accomplishments/Planned Program titles must be unique within a Project. Duplicate: ''{0}''",
        "RDTE#R2a-230": "Project Mission Description and Budget Item Justification is required.",
        "RDTE#R2a-250": "Congressional Add Detail titles must be unique within a Project. Duplicate: ''{0}''",
        "RDTE#R2a-310": "Other Program Funding Summary line items must be unique within a Project. Duplicate: ''{0}''",
        "RDTE#R2a-360": "The sum of Base and OOC Articles for {0}, which is {1}, does not equal the provided Total Articles for {0}, which is {2}.",
        "RDTE#R2a-370": "Project has no Accomplishments/Planned Program or Congressional Add Detail. A project must have at least one Accomplishment/Planned Program or Congressional Add Detail if it contains non-zero funding for any inner year.",
        "RDTE#R2a-380": "The Accomplishments/Planned Program {0} cannot contain only spaces for the Description.  It must either be null or contain at least one non-space character.",
        "RDTE#R2a-400": "If a total for {0} Articles is specified, then the base and optionally the OOC value must be specified.",
        "RDTE#R2a-410": "If a base or OOC value for {0} Articles is specified, then the total must also be specified.",
        "RDTE#R2a-420": "If an OOC value for {0} Project Articles is specified, then an OOC value must be specified for {0} Project Cost.",
        "RDTE#R2a-430": "The sum of Accomplishments/Planned Programs and Congressional Adds (minus Joint Funding) for {0}, which is {1}, does not equal the provided Project Cost for {0}, which is {2}.",
        "RDTE#R2a-440": "The sum of Accomplishments/Planned Programs minus Joint Funding for {0}, which is {1}, does not equal the provided Project Cost for {0}, which is {2}.",
        "RDTE#R2a-460": "Joint Funding titles are required.",
        "RDTE#R2a-480": "Joint Funding titles must be unique within a Project. Duplicate: {0}",
        "RDTE#R2a-490": "A Cost must be specified for at least one of the years.",
        "RDTE#R2a-500": "If a Total for {0} is specified, then the Base and optionally the OOC must be specified.",
        "RDTE#R2a-510": "If a Base or OOC value for {0} is specified, then the Total must be specified.",
        "RDTE#R2a-520": "The sum of all costs for all years and Cost To Complete, which is {0}, does not equal the provided Total Cost, which is {1}.",
        "RDTE#R2a-530": "Cost To Complete and Total Cost must both be numeric or both be \"Continuing\" (absence of a value for either will also be interpreted as \"Continuing\", but only in the PDF).",
        "RDTE#R2a-540": "Cost To Complete ({0}) and Total Cost ({1}) must be either \"Continuing\" or a number with exactly three decimal places.",
        "RDTE#R2a-550": "An R-2A marked as an ''R-2A Short'' must not have any of the following: R-3, R-4, or R-4a.",
        "RDTE#R2a-560": "An R-2A marked as an ''R-2A Short'' may only have ''Mission Description and Budget Item Justification'' provided.  All other fields must be blank.",
        "RDTE#R2a-590": "Program Elements for Budget Activity {0} must have a corresponding R-3 for each R-2a project.",
        "RDTE#R2a-600": "Program Elements for Budget Activity {0} must have a corresponding R-4 or R-4a for each R-2a project.",
        "RDTE#THRR2a-650":"R-3 and R-4 exhibits cannot be submitted for non-MDAP/MAIS Program Elements whose BY1 Project Cost is less than $5 million.",
        "RDTE#THRR2a-660": "Program Elements for Budget Activity {0}, whose BY1 Project Cost is greater than $10 million, must have a corresponding R-3 for each R-2a project.",
        "RDTE#THRR2a-670": "Program Elements for Budget Activity {0}, whose BY1 Project Cost is greater than $10 million, must have a corresponding R-4 or R-4a for each R-2a project."
    },
    "R3": {
        "RDTE#R3-120": "The sum of the costs for all Cost Category Groups less Joint Funding for {0}, which is {1}, does not equal the provided Project Cost for {0}, which is {2}.",
        "RDTE#R3-130": "The sum of the costs for all Cost Category Groups less Joint Funding for {0}, which is {1}, must equal the Project Cost less Prior Years Delta for {0}, which is {2}.",
        "RDTE#R3-225": "Cost Category Group names must be unique. Duplicate: {0}",
        "RDTE#R3-300": "Data for Exhibit-R3 cannot be provided unless the budget activity number is one of {0}."
    },
    "R3-CostCategoryItem" : {
        "RDTE#R3-110": "Item name is required.",
        "RDTE#R3-125": "Performing Activity name is required for {0}.",
        "RDTE#R3-135": "Performing Activity location is required for {0}.",
        "RDTE#R3-140": "The sum of all costs for all years and Cost To Complete, which is {0}, does not equal the provided Total Cost, which is {1}.",
        "RDTE#R3-150": "The sum of Base and OOC for {0}, which is {1}, does not equal the provided Total for {0}, which is {2}.",
        "RDTE#R3-190": "A Contract Method/Type or Funding Vehicle must be specified.",
        "RDTE#R3-200": "A Contract Type cannot be specified since no Contract Method is specified.",
        "RDTE#R3-210": "A Cost value must be provided for at least one of the years.",
        "RDTE#R3-230": "For {0}, if an Award Date has been specified, then its Cost must be specified.",
        "RDTE#R3-240": "For {0}, if a Base Award Date has been specified, then its Cost must be specified.",
        "RDTE#R3-250": "For {0}, if an OOC Award Date has been specified, then its Cost must be specified.",
        "RDTE#R3-260": "For {0}, if a Total has been specified, then the Base must be specified.",
        "RDTE#R3-270": "For {0}, if a Base or OOC has been specified, then the Total must be specified.",
        "RDTE#R3-280": "Cost To Complete and Total Cost must both be numeric or both be \"Continuing\" (absence of a value for either will also be interpreted as \"Continuing\", but only in the PDF).",        
        "RDTE#R3-290": "Cost To Complete ({0}), Total Cost ({1}), and Target Value ({2}) must be either \"Continuing\" or a number with exactly three decimal places.",
        "RDTE#R3-310": "The combination of Contract Type/Method or Funding Vehicle (\"{0}\"/\"{1}\" or \"{2}\") is not allowed."        
    },
    "R3-CostCategoryGroup" : {
        "RDTE#R3-215": "Cost Category Group name is required.",
        "RDTE#R3-220": "Cost Category Items in the same group cannot have the same name and performing activity name/location. Duplicate: {0}"
    },
    "R4": {
        "RDTE#R4-100": "Data for Exhibit R-4 cannot be provided unless the budget activity number is one of {0}.",
        "RDTE#R4-110": "Duplicate Schedule Profile image filenames are not allowed: {0}"
    },
    "R4a": {
        "RDTE#R4a-100": "Data for Exhibit R-4a cannot be provided unless the budget activity number is one of {0}.",
        "RDTE#R4a-130": "Duplicate Sub Project Schedule titles are not allowed: {0}"
    },
    "R4a-ScheduleDetail": {
        "RDTE#R4a-110": "Start date cannot be after end date.",
        "RDTE#R4a-105": "Schedule Detail Event Title is required."
    },
    "R4a-SubProjectSchedule": {
        "RDTE#R4a-120": "Duplicate Schedule Detail titles are not allowed: {0}",
        "RDTE#R4a-115": "Sub Project Schedule title is required.",
        "RDTE#R4a-125": "A Schedule Detail List is required for Sub Project {0}"
    }
}