<?xml version="1.0" encoding="UTF-8"?>
<r2:ProgramElementList xmlns:r2="http://www.dtic.mil/comptroller/xml/schema/022009/r2" targetSchemaVersion="1.0">
    <r2:ProgramElement monetaryUnit="Millions">
        <r2:ProgramElementNumber>0605502BP</r2:ProgramElementNumber>
        <r2:ProgramElementTitle>Small Business Innovative Research - Chemical Biological Def</r2:ProgramElementTitle>
        <r2:R1LineNumber>180</r2:R1LineNumber>
        <r2:BudgetYear>2026</r2:BudgetYear>
        <r2:BudgetCycle>PB</r2:BudgetCycle>
        <r2:SubmissionDate>2025-06</r2:SubmissionDate>
        <r2:ServiceAgencyName>Chemical and Biological Defense Program</r2:ServiceAgencyName>
        <r2:AppropriationCode>0400</r2:AppropriationCode>
        <r2:AppropriationName>Research, Development, Test &amp; Evaluation, Defense-Wide</r2:AppropriationName>
        <r2:BudgetActivityNumber>6</r2:BudgetActivityNumber>
        <r2:BudgetActivityTitle>RDT&amp;E Management Support</r2:BudgetActivityTitle>
        <r2:ProgramElementFunding>
            <r2:AllPriorYears>0</r2:AllPriorYears>
            <r2:PriorYear>31.904</r2:PriorYear>
            <r2:CurrentYear>0.000</r2:CurrentYear>
            <r2:BudgetYearOne>0.000</r2:BudgetYearOne>
            <r2:BudgetYearOneBase>0.000</r2:BudgetYearOneBase>
            <r2:BudgetYearOneOOC>0</r2:BudgetYearOneOOC>
        </r2:ProgramElementFunding>
        <r2:ProgramElementMissionDescription>The overall objective of the Chemical Biological Defense (CBD) Small Business Innovative Research (SBIR) program is to improve the transition or transfer of innovative CBD technologies between Department of Defense (DoD) components and the private sector for mutual benefit.  The CBD SBIR program includes those technology efforts that maximize a strong defensive posture in a biological or chemical environment using passive and active means as deterrents.  These technologies include chemical and biological detection; information assessment, which includes identification, modeling, and intelligence; contamination avoidance; and protection of both individual soldiers and equipment. Information beyond FY 2026 is not included in this document, which is prepared in support of the FY 2026 President's Budget submission.</r2:ProgramElementMissionDescription>
        <r2:ChangeSummary>
            <r2:PreviousPresidentBudget>
                <r2:PriorYear>0.000</r2:PriorYear>
                <r2:CurrentYear>0.000</r2:CurrentYear>
                <r2:BudgetYearOne>0.000</r2:BudgetYearOne>
                <r2:BudgetYearOneBase>0.000</r2:BudgetYearOneBase>
            </r2:PreviousPresidentBudget>
            <r2:CurrentPresidentBudget>
                <r2:PriorYear>31.904</r2:PriorYear>
                <r2:CurrentYear>0.000</r2:CurrentYear>
                <r2:BudgetYearOne>0.000</r2:BudgetYearOne>
                <r2:BudgetYearOneBase>0.000</r2:BudgetYearOneBase>
            </r2:CurrentPresidentBudget>
            <r2:TotalAdjustments>
                <r2:PriorYear>31.904</r2:PriorYear>
                <r2:CurrentYear>0.000</r2:CurrentYear>
                <r2:BudgetYearOne>0.000</r2:BudgetYearOne>
                <r2:BudgetYearOneBase>0.000</r2:BudgetYearOneBase>
            </r2:TotalAdjustments>
            <r2:AdjustmentDetails>
                <r2:SBIRSTTRTransfer>
                    <r2:PriorYear>31.904</r2:PriorYear>
                </r2:SBIRSTTRTransfer>
                <r2:OtherAdjustmentDetailList>
                    <r2:OtherAdjustmentDetail>
                        <r2:Title>Other Adjustments</r2:Title>
                        <r2:Funding>
                            <r2:BudgetYearOne>0.000</r2:BudgetYearOne>
                            <r2:BudgetYearOneBase>0.000</r2:BudgetYearOneBase>
                        </r2:Funding>
                    </r2:OtherAdjustmentDetail>
                </r2:OtherAdjustmentDetailList>
            </r2:AdjustmentDetails>
            <r2:SummaryExplanation>Funding: FY 2024 (+$31.904 Million): Funding transferred and applied to Small Business Innovative Research/Small Business Technology Transfer (SBIR/STTR) program.

Schedule: N/A

Technical: N/A</r2:SummaryExplanation>
        </r2:ChangeSummary>
        <r2:ProjectList>
            <r2:Project>
                <r2:ProjectNumber>SB6</r2:ProjectNumber>
                <r2:ProjectTitle>Small Business Innovative Research (Mgmt Support)</r2:ProjectTitle>
                <r2:SpecialProject>0</r2:SpecialProject>
                <r2:ProjectFunding>
                    <r2:PriorYear>31.904</r2:PriorYear>
                    <r2:CurrentYear>0.000</r2:CurrentYear>
                    <r2:BudgetYearOne>0.000</r2:BudgetYearOne>
                    <r2:BudgetYearOneBase>0.000</r2:BudgetYearOneBase>
                    <r2:BudgetYearOneOOC>0</r2:BudgetYearOneOOC>
                </r2:ProjectFunding>
                <r2:R2aExhibit>
                    <r2:ProjectMissionDescription>The Small Business Innovative Research (SBIR) Program is a Congressionally mandated program established to increase the participation of small business in federal research and development (R&amp;D).  Currently, each participating Government agency must reserve 3.2% of its extramural R&amp;D for SBIR awards to competing small businesses.  The goal of the SBIR Program is to invest in the innovative capabilities of the small business community to help meet Government R&amp;D objectives while allowing small companies to develop technologies and products which they can then commercialize through sales back to the Government or in the private sector.

The Small Business Technology Transfer (STTR) Program like SBIR, is a Government-wide program, mandated by the Small Business Research and Development Enhancement Act of 1992, Public Law (PL) 102-564.  STTR was established as a companion program to the SBIR Program and is executed in essentially the same manner; however, there are several distinct differences.  The STTR Program provides a mechanism for participation by university, Federally-Funded Research and Development Centers (FFRDCs), and other non-profit research institutions.  Specifically, the STTR Program is designed to provide an incentive for small companies and research at academic institutions and non-profit research and development institutions to work together to move emerging technical ideas from the laboratory to the marketplace to foster high-tech economic development and to advance U.S. economic competitiveness.  Each STTR proposal must be submitted by a team which includes a small business (as the prime contractor for contracting purposes) and at least one research institution, which have entered into a Cooperative Research and Development Agreement for the purposes of the STTR effort.  Furthermore, the project must be divided up such that the small business performs at least 40% of the work and the research institution(s) performs at least 30% of the work.  The remainder of the work may be performed by either party or a third party.  The budget is separate from the SBIR budget and is significantly smaller (0.45% of the extramural R&amp;D budget vs. 3.2% for the SBIR Program).

The overall objective of the Chemical and Biological Defense (CBD) SBIR/STTR program is to improve the transition or transfer of innovative CBD technologies between DoD components and the private sector for mutual benefit.  The CBD program includes those technology efforts that maximize a strong defensive posture in a biological or chemical environment using passive and active means as deterrents.  These technologies include chemical and biological detection; information assessment, which includes identification, modeling, and intelligence; contamination avoidance; and protection of both individual soldiers and equipment.</r2:ProjectMissionDescription>
                    <r2:AccomplishmentPlannedProgramList>
                        <r2:AccomplishmentPlannedProgram>
                            <r2:Title>1) SBIR/STTR (ZSBIR)</r2:Title>
                            <r2:Description>Small Business Innovative Research/Small Business Technology Transfer (SBIR/STTR)</r2:Description>
                            <r2:Accomplishment>
                                <r2:PriorYear>
                                    <r2:Funding>31.904</r2:Funding>
                                </r2:PriorYear>
                            </r2:Accomplishment>
                            <r2:PlannedProgram>
                                <r2:CurrentYear>
                                    <r2:Funding>0.000</r2:Funding>
                                    <r2:Text>SBIR:
- CB Detection (estimated funding $4.0 Million): Compact Hyperspectral micro-Raman Aerosol Detector
- CB Detection (estimated funding $2.7 Million): Multiplexed Agent Detector with Cavity Ring-Down Spectroscopy (MADCaRS)  
- CB Detection (estimated funding $2.7 Million): A room temperature PbS/PbSe photoconductive detector for the mid-infrared wavelength region
- CB Decontamination / CB Detection (estimated funding $1.4 Million): Technologies for the quick and easily detection, decontamination and prevention of the spread of chemical warfare agents 
- CB Medical Countermeasures – Biological Countermeasures (estimated funding $3.0 Million): Host Directed Therapeutics for treatment for viral disease 
- CB Medical Countermeasures (estimated funding $2 Million): Continue development of alternative approaches to improve MCM logistics, administration, and storage. 
- CB Physical Protection (estimated funding $2 Million): Continue development of a self-contained breathing apparatus for improved respiratory protection.
- CB Detection (estimated funding $2.7 Million): Quantum Chemical Sensing
STTR: 
- CB Physical Protection (estimated funding $1.4 Million): Continue development of novel technologies (porous organic polymers) to be used in protective applications for CB defense.
- CB Detection (estimated funding $1.5 Million): Initiate develop and integrate innovative detection methodologies that leverage artificial intelligence and machine learning to provide rapid, sensitive, and specific detection of aerosolized chemical and biological threats.</r2:Text>
                                </r2:CurrentYear>
                                <r2:BudgetYearOne>
                                    <r2:Funding>0.000</r2:Funding>
                                </r2:BudgetYearOne>
                                <r2:BudgetYearOneBase>
                                    <r2:Funding>0.000</r2:Funding>
                                    <r2:Text>SBIR:
- CB Decontamination/Hazard Mitigation (estimated funding, $2.6 Million)
- CB Physical Protection (estimated funding, $3.8 Million)
- CB Warning and Decision Support (estimated funding, $2.0 Million)
- CB Medical Diagnostics (estimated funding, $3.7 Million)
- CB Medical Countermeasures (estimated funding, $4.2 Million)
- CB Detection (estimated funding, $4.0 Million)
STTR:
- CB Physical Protection (estimated funding $1.4 Million)
- CB Detection (estimated funding $1.5 Million)</r2:Text>
                                </r2:BudgetYearOneBase>
                            </r2:PlannedProgram>
                        </r2:AccomplishmentPlannedProgram>
                    </r2:AccomplishmentPlannedProgramList>
                    <r2:AcquisitionStrategy>N/A</r2:AcquisitionStrategy>
                </r2:R2aExhibit>
            </r2:Project>
        </r2:ProjectList>
    </r2:ProgramElement>
</r2:ProgramElementList>