<?xml version="1.0" encoding="UTF-8"?>
<r2:ProgramElementList xmlns:r2="http://www.dtic.mil/comptroller/xml/schema/022009/r2" targetSchemaVersion="1.0">
    <r2:ProgramElement monetaryUnit="Millions">
        <r2:ProgramElementNumber>0605384BP</r2:ProgramElementNumber>
        <r2:ProgramElementTitle>Chemical and Biological Defense Program</r2:ProgramElementTitle>
        <r2:R1LineNumber>179</r2:R1LineNumber>
        <r2:BudgetYear>2026</r2:BudgetYear>
        <r2:BudgetCycle>PB</r2:BudgetCycle>
        <r2:SubmissionDate>2025-06</r2:SubmissionDate>
        <r2:ServiceAgencyName>Chemical and Biological Defense Program</r2:ServiceAgencyName>
        <r2:AppropriationCode>0400</r2:AppropriationCode>
        <r2:AppropriationName>Research, Development, Test &amp; Evaluation, Defense-Wide</r2:AppropriationName>
        <r2:BudgetActivityNumber>6</r2:BudgetActivityNumber>
        <r2:BudgetActivityTitle>RDT&amp;E Management Support</r2:BudgetActivityTitle>
        <r2:ProgramElementFunding>
            <r2:AllPriorYears>0</r2:AllPriorYears>
            <r2:PriorYear>75.027</r2:PriorYear>
            <r2:CurrentYear>83.238</r2:CurrentYear>
            <r2:BudgetYearOne>67.263</r2:BudgetYearOne>
            <r2:BudgetYearOneBase>67.263</r2:BudgetYearOneBase>
            <r2:BudgetYearOneOOC>0</r2:BudgetYearOneOOC>
        </r2:ProgramElementFunding>
        <r2:ProgramElementMissionDescription>This program element (PE) resources to research, development, test, and evaluation (RDT&amp;E) management support as a key enabler across the Understand, Protect, Mitigate, and Enabling Investments portfolios.  Chemical and Biological Defense Program (CBDP) investments provide an integrated, layered capability to enable Department of Defense (DoD) missions in a chemical and biological environment, ranging from combat operations to domestic incident prevention and response. The Projects in this PE support sustainment and modernization of laboratory infrastructure, test capabilities, studies and analyses, Joint doctrine and training, and program and financial management support.  FY 2026 funding accelerates characterization and situational awareness of emerging biothreats and accelerates delivery of improved protection from and mitigation of biothreats, including rapid repurposing of available therapeutics and development of new vaccines. Information beyond FY 2026 is not included in this document, which is prepared in support of the FY 2026 President's Budget submission.

Individual Projects include:

- Laboratory Support (LS6): Operating support for sustainment and modernization efforts for surety laboratory infrastructure in order to maintain and enhance DoD infrastructure capabilities to counter an expanding threat space, exploit advances in technology, and develop and transition CB defense equipment and countermeasures to the warfighter.

- Management Support (MS6): Management support for the DoD CBDP to allow program overview and integration of overall medical and physical programs by the Assistant Secretary of Defense for Nuclear Deterrence, Chemical, and Biological Defense Programs and Policy (ODASD(ND-CBD)), through the Deputy Assistant Secretary of Defense for CBRN Defense (DASD(CBRND)).</r2:ProgramElementMissionDescription>
        <r2:ChangeSummary>
            <r2:PreviousPresidentBudget>
                <r2:PriorYear>74.382</r2:PriorYear>
                <r2:CurrentYear>79.263</r2:CurrentYear>
                <r2:BudgetYearOne>82.024</r2:BudgetYearOne>
                <r2:BudgetYearOneBase>82.024</r2:BudgetYearOneBase>
            </r2:PreviousPresidentBudget>
            <r2:CurrentPresidentBudget>
                <r2:PriorYear>75.027</r2:PriorYear>
                <r2:CurrentYear>83.238</r2:CurrentYear>
                <r2:BudgetYearOne>67.263</r2:BudgetYearOne>
                <r2:BudgetYearOneBase>67.263</r2:BudgetYearOneBase>
            </r2:CurrentPresidentBudget>
            <r2:TotalAdjustments>
                <r2:PriorYear>0.645</r2:PriorYear>
                <r2:CurrentYear>3.975</r2:CurrentYear>
                <r2:BudgetYearOne>-14.761</r2:BudgetYearOne>
                <r2:BudgetYearOneBase>-14.761</r2:BudgetYearOneBase>
            </r2:TotalAdjustments>
            <r2:AdjustmentDetails>
                <r2:CongressionalDirectedReductions>
                    <r2:CurrentYear>-1.585</r2:CurrentYear>
                </r2:CongressionalDirectedReductions>
                <r2:CongressionalDirectedTransfers>
                    <r2:CurrentYear>5.560</r2:CurrentYear>
                </r2:CongressionalDirectedTransfers>
                <r2:Reprogrammings>
                    <r2:PriorYear>1.751</r2:PriorYear>
                </r2:Reprogrammings>
                <r2:SBIRSTTRTransfer>
                    <r2:PriorYear>-1.106</r2:PriorYear>
                </r2:SBIRSTTRTransfer>
                <r2:OtherAdjustmentDetailList>
                    <r2:OtherAdjustmentDetail>
                        <r2:Title>Other Adjustments</r2:Title>
                        <r2:Funding>
                            <r2:BudgetYearOne>-14.761</r2:BudgetYearOne>
                            <r2:BudgetYearOneBase>-14.761</r2:BudgetYearOneBase>
                        </r2:Funding>
                    </r2:OtherAdjustmentDetail>
                </r2:OtherAdjustmentDetailList>
            </r2:AdjustmentDetails>
            <r2:SummaryExplanation>Funding: FY 2024 ($0.645 Million): Reprogrammed prior year execution balances from Advanced Technology Development, Budget Activity 3 (+$1.751 Million) and transfer of funding to support Small Business Innovative Research/Small Business Technology Transfer efforts (-$1.106 Million).

FY 2025 (+$3.975 Million): OSD requested transfer from P,DW line 73 (CB PROTECTION &amp; HAZARD MITIGATION) (+$5.560 Million) and Program Decrease - Excess growth (-$1.585 Million).

FY 2026 (-$14.761 Million): The overall decrease includes an increase to support essential mission support operational costs on new Joint Requirements Office contract (+$2.765 Million), an increase to ensure optimal percutaneous testing capabilities (+$3.700 Million), an adjustment to RDT&amp;E Management Support efforts (-$17.347 Million), the FY 2026 request was reduced by (-$3.780 Million) for Advisory and Assistance Services to promote efficiencies and advance the policies of the Administration in alignment with Executive Order 14222, “Implementing the President’s Department of Government Efficiency Cost Efficiency Initiative”, the FY 2026 request reduces discretionary travel funding by (-$0.030 Million) to align with Executive Order 14222, “Implementing the President’s Department of Government Efficiency Cost Efficiency Initiative.”, and an inflation rate adjustment (-$0.069 Million).

Schedule: N/A

Technical: N/A</r2:SummaryExplanation>
        </r2:ChangeSummary>
        <r2:ProjectList>
            <r2:Project>
                <r2:ProjectNumber>LS6</r2:ProjectNumber>
                <r2:ProjectTitle>Laboratory Support (Mgmt Support)</r2:ProjectTitle>
                <r2:SpecialProject>0</r2:SpecialProject>
                <r2:ProjectFunding>
                    <r2:PriorYear>9.491</r2:PriorYear>
                    <r2:CurrentYear>15.550</r2:CurrentYear>
                    <r2:BudgetYearOne>11.932</r2:BudgetYearOne>
                    <r2:BudgetYearOneBase>11.932</r2:BudgetYearOneBase>
                    <r2:BudgetYearOneOOC>0</r2:BudgetYearOneOOC>
                </r2:ProjectFunding>
                <r2:R2aExhibit>
                    <r2:ProjectMissionDescription>The Laboratory Support Research, Development, Test, and Evaluation (RDT&amp;E) Management Support Project provides Department of Defense (DoD) laboratory infrastructure sustainment and modernization to upgrade key systems to current state-of-the-art capabilities.  Ensures that the necessary surety operations can be conducted effectively and safely in support of the Chemical and Biological Defense Program (CBDP).  Provides increased robust capabilities to the CBDP and ensures continuity of operations and environmental compliance.

Efforts included in this Project are:

(1) Laboratory Infrastructure (LABINF) - Chemical Biological Center (CBC) Laboratory Infrastructure
(2) Laboratory Infrastructure (LABINF) - Medical Research and Development Command (MRDC) Laboratory Infrastructure
(3) Agent Mannikin Integrated Ensemble Examination (AMIEE)</r2:ProjectMissionDescription>
                    <r2:AccomplishmentPlannedProgramList>
                        <r2:AccomplishmentPlannedProgram>
                            <r2:Title>1) Laboratory Infrastructure (LABINF) - Chemical Biological Center (CBC) Laboratory Infrastructure</r2:Title>
                            <r2:Description>The U.S. Army Combat Capabilities Development Command (DEVCOM) Chemical Biological Center (CBC) laboratory infrastructure funding is dedicated to sustaining and modernizing research, development, testing, and support for Chemical and Biological Defense (CBD) capabilities, empowering the Joint Force to succeed in challenging environments.  DEVCOM CBC focuses on exploring, evaluating, demonstrating, and testing the operational effectiveness of Integrated Early Warning and Integrated Layered Defense strategies, which are crucial for enhancing the warfighter's decision-making abilities.  DEVCOM CBC is instrumental in updating the Army and Department of Defense's biodefense capabilities. Additionally, it assesses and characterizes emerging threats to prevent their use and avoid surprises, while also exploring, prototyping, and integrating CBD technology into combat platforms.</r2:Description>
                            <r2:Accomplishment>
                                <r2:PriorYear>
                                    <r2:Funding>8.062</r2:Funding>
                                    <r2:Text>CBC continued sustainment and modernization efforts that supported CBD research, development, and life-cycle engineering capabilities at DEVCOM CBC. CBC completed a multi-year, complete renovation of a laboratory in a 1969 surety facility where permeation tests on military-issued gloves, airline hoses, and various permeable, semi-permeable, and non-permeable materials essential for warfighter are tested. Funding was also used to support air handling projects in two different surety buildings.</r2:Text>
                                </r2:PriorYear>
                            </r2:Accomplishment>
                            <r2:PlannedProgram>
                                <r2:CurrentYear>
                                    <r2:Funding>8.549</r2:Funding>
                                    <r2:Text>Provide ongoing sustainment and modernization efforts of existing Chemical, Biological, Radiological, Nuclear, and Explosives (CBRNE) test infrastructure at DEVCOM CBC, necessary for the safe operation of biological and chemical surety laboratories, chambers, and associated facilities that support research, development, and life-cycle engineering capabilities at DEVCOM CBC.  Will modernize critical infrastructure systems and conduct routine life-cycle and use-related maintenance activities of existing components and equipment.  Infrastructure will support surety operations for Chemical Biological Defense Program (CBDP) science and technology and advanced development.  DEVCOM CBC will test, validate, and ensure product lot acceptance of materials used in individual and collective protection filters. DEVCOM CBC will provide live testing on respirator equipment in support of National Institute for Occupational Safety and Health's (NIOSH) Chemical, Biological, Radiological, and Nuclear (CBRN) respirator certification program that serves domestic first responders.</r2:Text>
                                </r2:CurrentYear>
                                <r2:BudgetYearOne>
                                    <r2:Funding>7.080</r2:Funding>
                                </r2:BudgetYearOne>
                                <r2:BudgetYearOneBase>
                                    <r2:Funding>7.080</r2:Funding>
                                    <r2:Text>Continue to provide ongoing sustainment and modernization of existing CBRNE surety infrastructure at DEVCOM CBC, necessary for the safe operation of biological and chemical surety laboratories, chambers, and associated facilities that support research, development, and life-cycle engineering capabilities.</r2:Text>
                                </r2:BudgetYearOneBase>
                                <r2:AppChangeSummary>Decrease adjusted preventive maintenance activities.</r2:AppChangeSummary>
                            </r2:PlannedProgram>
                        </r2:AccomplishmentPlannedProgram>
                        <r2:AccomplishmentPlannedProgram>
                            <r2:Title>2) Laboratory Infrastructure (LABINF) - Medical Research and Development Command (MRDC) Laboratory Infrastructure</r2:Title>
                            <r2:Description>MRDC laboratory infrastructure provides for laboratory operations, facilities sustainment, and regulatory compliance for critical CB defense activities at the U.S. Army Medical Research Institute for Infectious Diseases (USAMRIID) and the U.S. Army Medical Research Institute for Chemical Defense (USAMRICD) to counter an expanding threat space, exploit advances in technology, and develop and transition CB defense equipment and countermeasures to the warfighter.</r2:Description>
                            <r2:Accomplishment>
                                <r2:PriorYear>
                                    <r2:Funding>1.429</r2:Funding>
                                    <r2:Text>Supported laboratory infrastructure for laboratory operations, facilities sustainment, and regulatory compliance for critical chemical and biological defense activities at USAMRIID and USAMRICD. Support included elements of laboratory support operations, maintenance and repair of existing capabilities, chemical and biological agent security, quality systems compliance, chemical and biological safety, key maintenance contracts, and/or research protections. Reimbursed provider for Joint Worldwide Intelligence Communications System (JWICS) access at USAMRICD for Top Secret (TS) and TS/SCI onsite communication. The SCIF ensures USAMRICD meets all security regulations and policies related to its chemical defense mission.</r2:Text>
                                </r2:PriorYear>
                            </r2:Accomplishment>
                            <r2:PlannedProgram>
                                <r2:CurrentYear>
                                    <r2:Funding>1.441</r2:Funding>
                                    <r2:Text>Continue to support laboratory infrastructure for laboratory operations; facilities sustainment, maintenance and repair; chemical and biological agent security and surety; quality, safety and regulatory compliance for critical chemical and biological defense activities at USAMRIID and USAMRICD.</r2:Text>
                                </r2:CurrentYear>
                                <r2:BudgetYearOne>
                                    <r2:Funding>1.152</r2:Funding>
                                </r2:BudgetYearOne>
                                <r2:BudgetYearOneBase>
                                    <r2:Funding>1.152</r2:Funding>
                                    <r2:Text>Continue to support laboratory infrastructure for laboratory operations; facilities sustainment, maintenance and repair; chemical and biological agent security and surety; quality, safety and regulatory compliance for critical chemical and biological defense activities at USAMRIID and USAMRICD.</r2:Text>
                                </r2:BudgetYearOneBase>
                                <r2:AppChangeSummary>Decrease adjusted facility and logistic activity resourcing.</r2:AppChangeSummary>
                            </r2:PlannedProgram>
                        </r2:AccomplishmentPlannedProgram>
                        <r2:AccomplishmentPlannedProgram>
                            <r2:Title>3) Agent Mannikin Integrated Ensemble Examination (AMIEE)</r2:Title>
                            <r2:Description>AMIEE will develop a U.S. based full ensemble mannikin test capability.  AMIEE is a modernized, humanoid robot that allows for full individual ensemble permeation testing.</r2:Description>
                            <r2:PlannedProgram>
                                <r2:CurrentYear>
                                    <r2:Funding>5.560</r2:Funding>
                                    <r2:Text>Initiate upgrade and modernization of critical test and evaluation systems, including a humanoid robot for protective ensemble testing.</r2:Text>
                                </r2:CurrentYear>
                                <r2:BudgetYearOne>
                                    <r2:Funding>3.700</r2:Funding>
                                </r2:BudgetYearOne>
                                <r2:BudgetYearOneBase>
                                    <r2:Funding>3.700</r2:Funding>
                                    <r2:Text>Continue upgrade and modernization of critical test and evaluation systems, including a humanoid robot for protective ensemble testing.</r2:Text>
                                </r2:BudgetYearOneBase>
                                <r2:AppChangeSummary>Program/project was a Congressional approved new start in FY 2025.  Funding was Congressionally approved to transfer from individual protection program for acceleration of individual protection test capability in FY 2025.  FY 2025 to FY 2026 decrease is due to a decrease in the costs of materials and set up in the second year of test capability development.</r2:AppChangeSummary>
                            </r2:PlannedProgram>
                        </r2:AccomplishmentPlannedProgram>
                    </r2:AccomplishmentPlannedProgramList>
                    <r2:AcquisitionStrategy>N/A</r2:AcquisitionStrategy>
                </r2:R2aExhibit>
            </r2:Project>
            <r2:Project>
                <r2:ProjectNumber>MS6</r2:ProjectNumber>
                <r2:ProjectTitle>Management Support (Mgmt Support)</r2:ProjectTitle>
                <r2:SpecialProject>0</r2:SpecialProject>
                <r2:ProjectFunding>
                    <r2:PriorYear>65.536</r2:PriorYear>
                    <r2:CurrentYear>67.688</r2:CurrentYear>
                    <r2:BudgetYearOne>55.331</r2:BudgetYearOne>
                    <r2:BudgetYearOneBase>55.331</r2:BudgetYearOneBase>
                    <r2:BudgetYearOneOOC>0</r2:BudgetYearOneOOC>
                </r2:ProjectFunding>
                <r2:R2aExhibit>
                    <r2:ProjectMissionDescription>The Management Support Research, Development, Test, and Evaluation (RDT&amp;E) Project provides management support for the Department of Defense (DoD) Chemical and Biological Defense Program (CBDP).  It includes program oversight and integration of overall non-chemical and biological (CB) Defense Equipment (non-CDE) and CB Defense Equipment (CDE) programs by the Assistant Secretary of Defense for Nuclear Deterrence, Chemical, and Biological Defense Programs and Policy (ODASD(ND-CBD)) and defense programs through the Deputy Assistant Secretary of Defense for CBRN Defense (DASD(CBRND)).  

Efforts included in this Project are:

(1) Biological Safety Research Support (BSAT RSRCH SPT)
(2) OSD Biosafety Oversight (OSD BIOSAFETY)
(3) Biodefense Materiel Readiness Common Operating Picture (BDMR COP)
(4) Executive Agent Secretariat Management (EA MGT)
(5) Joint Acquisition CB Knowledge System Defense Business System (JACKS DBS)
(6) Joint Concepts, Studies, and Analysis (JCSA)
(7) Joint Requirements Office Management (JRO MGT)
(8) Joint Test Infrastructure Working Group (JTIWG)
(9) Office of the Secretary of Defense Management (OSD MGT)
(10) Program Analysis and Integration Office Management (PAIO MGT)
(11) Workforce and Biosafety - Enhanced Biological Defense (WB-ENBD)</r2:ProjectMissionDescription>
                    <r2:AccomplishmentPlannedProgramList>
                        <r2:AccomplishmentPlannedProgram>
                            <r2:Title>1) Biological Safety Research Support (BSAT RSRCH SPT)</r2:Title>
                            <r2:Description>The Biological Safety (BSAT) Biorisk Program Office (BBPO) supports the DoD Executive Agent (EA) and EA Responsible Official (EARO) for BSAT Biosafety and Biosecurity Programs in their responsibilities for mission oversight, technical review, inspection, harmonization of biosafety and biosecurity protocols and procedures across DoD laboratories handling BSAT.  This effort supports the Scientific Gaps in Biorisk Research Program (SGBRP) to address gaps in scientific knowledge to facilitate validation of BSAT protocols and procedures, ensuring compliance with Title 50 USC § 1527, "Improved biosafety for handling of select agents and toxins."  Closing these gaps will reduce the inherent risks associated with BSAT research in DoD laboratories, support research and development work on priority agents, and complies with Federal BSAT regulations (42 CFR 73, 9 CFR 121, and 7 CFR 331). Research projects, selected from an order of merit list, are funded for one year.</r2:Description>
                            <r2:Accomplishment>
                                <r2:PriorYear>
                                    <r2:Funding>0.738</r2:Funding>
                                    <r2:Text>Select gap research projects based on a new order of merit list, while remaining in accordance with the Scientific Gap Biorisk Research Program (SGBRP) Charter. The plan is to execute one to two projects.</r2:Text>
                                </r2:PriorYear>
                            </r2:Accomplishment>
                            <r2:PlannedProgram>
                                <r2:CurrentYear>
                                    <r2:Funding>0.806</r2:Funding>
                                    <r2:Text>Select gap research projects based on a new order of merit list, while remaining in accordance with the Scientific Gap Biorisk Research Program (SGBRP) Charter.</r2:Text>
                                </r2:CurrentYear>
                                <r2:BudgetYearOne>
                                    <r2:Funding>0.806</r2:Funding>
                                </r2:BudgetYearOne>
                                <r2:BudgetYearOneBase>
                                    <r2:Funding>0.806</r2:Funding>
                                    <r2:Text>Select gap research projects based on a new order of merit list (OML), while remaining in accordance with the Scientific Gap Biorisk Research Program (SGBRP) Charter.</r2:Text>
                                </r2:BudgetYearOneBase>
                            </r2:PlannedProgram>
                        </r2:AccomplishmentPlannedProgram>
                        <r2:AccomplishmentPlannedProgram>
                            <r2:Title>2) OSD Biosafety Oversight (OSD BIOSAFETY)</r2:Title>
                            <r2:Description>BSAT BBPO supports the DoD EA and EA Responsible Official (EARO) for BSAT Biosafety and Biosecurity Programs in their responsibilities for mission oversight, technical review, inspection, harmonization of biosafety and biosecurity protocols and procedures across DoD laboratories handling BSAT.  This effort supports the Scientific Gaps in Biorisk Research Program (SGBRP) to address gaps in scientific knowledge to facilitate validation of BSAT protocols and procedures, ensuring compliance with Title 50 USC § 1527, "Improved biosafety for handling of select agents and toxins."  Closing these gaps will reduce the inherent risks associated with BSAT research in DoD laboratories, support research and development work on priority agents, and complies with Federal BSAT regulations (42 CFR 73, 9 CFR 121, and 7 CFR 331). Research projects, selected from an order of merit list, are funded for one year.</r2:Description>
                            <r2:Accomplishment>
                                <r2:PriorYear>
                                    <r2:Funding>2.033</r2:Funding>
                                    <r2:Text>Continue to maintain the Joint Interagency Biorisk Program System (JIBS) (Defense BSAT Business System), continue to perform laboratory site visits, participate and oversee laboratory inspections, execute stakeholders meetings, BSRP meetings, SGBRP committees, contribute towards harmonization of the biosafety and biosecurity across DoD BSAT registered laboratories.</r2:Text>
                                </r2:PriorYear>
                            </r2:Accomplishment>
                        </r2:AccomplishmentPlannedProgram>
                        <r2:AccomplishmentPlannedProgram>
                            <r2:Title>3) Biological Defense Materiel Readiness Common Operating Picture (BDMR COP)</r2:Title>
                            <r2:Description>The BDMR COP will increase situational awareness of biodefense readiness through a biodefense logistics common operating picture (COP) to ensure preparedness and enable a more rapid response to biological threats.  The platform will enable the biodefense enterprise to monitor assets and acquisition programs to consolidate data streams into executive dashboards, working level planning tools to provide material readiness status, and provide supply chain visibility and illuminations.  This situational awareness of required biodefense materiel capabilities, including medical and non-medical personal protective equipment, will also enable leaders to track and manage the necessary capabilities to protect the Total Force and mitigate the effects of biological incidents.  This effort will enable a holistic approach to addressing supply chain risk management, resiliency and security to across the entire biological defense aperture.</r2:Description>
                            <r2:Accomplishment>
                                <r2:PriorYear>
                                    <r2:Funding>5.200</r2:Funding>
                                    <r2:Text>Initiate management support and activities for the execution of a logistic COP to enable situational awareness across biodefense materials to include both medical and non-medical personal protective equipment.  Supports multiple support contracts to enable a holistic view to ensure complete readiness across biological defense material solutions.</r2:Text>
                                </r2:PriorYear>
                            </r2:Accomplishment>
                            <r2:PlannedProgram>
                                <r2:CurrentYear>
                                    <r2:Funding>4.800</r2:Funding>
                                    <r2:Text>Continue management support and activities for the execution of a logistics COP to enable situational awareness across biodefense materials to include both medical and non-medical personal protective equipment.  Initiate efforts to integrate with the Department's Advancing Analytics (ADVANA) tool and build system relationships with the CBDP JACKS repository.</r2:Text>
                                </r2:CurrentYear>
                                <r2:BudgetYearOne>
                                    <r2:Funding>3.000</r2:Funding>
                                </r2:BudgetYearOne>
                                <r2:BudgetYearOneBase>
                                    <r2:Funding>3.000</r2:Funding>
                                    <r2:Text>Continue management support and activities for the execution of a logistic COP to enable situational awareness across biodefense materials to include both medical and non-medical personal protective equipment.  Continue efforts to integrate with the Department's ADVANA tool and build system relationships with the CBDP Joint Acquisition Biological Knowledge System (JACKS) repository.</r2:Text>
                                </r2:BudgetYearOneBase>
                                <r2:AppChangeSummary>Decrease adjustment to align to planned efforts.</r2:AppChangeSummary>
                            </r2:PlannedProgram>
                        </r2:AccomplishmentPlannedProgram>
                        <r2:AccomplishmentPlannedProgram>
                            <r2:Title>4) Executive Agent Secretariat Management (EA MGT)</r2:Title>
                            <r2:Description>The CBDP Executive Agent Management coordinates and integrates research, development, test and evaluation, and acquisition requirements of the Military Departments and National Guard Bureau for chemical and biological warfare defense.</r2:Description>
                            <r2:Accomplishment>
                                <r2:PriorYear>
                                    <r2:Funding>0.992</r2:Funding>
                                    <r2:Text>Provide subject matter expertise and acquisition program management to work across research, development, test and evaluation and acquisition functions.  Conduct reviews and assessments of current chemical and biological (CB) strategy, guidance and plans to identify and inform solutions for issues requiring EA decision, coordination, and integration.  Developed a process that assessed Services gaps to inform the development of the Joint CBRN Modernization Plan.</r2:Text>
                                </r2:PriorYear>
                            </r2:Accomplishment>
                            <r2:PlannedProgram>
                                <r2:CurrentYear>
                                    <r2:Funding>0.997</r2:Funding>
                                    <r2:Text>Provide subject matter expertise and acquisition program management to work across research, development, test and evaluation and acquisition functions.  Conduct reviews and assessments of current chemical and biological (CB) strategy, guidance and plans to identify and inform solutions for issues requiring EA decision, coordination, and integration.</r2:Text>
                                </r2:CurrentYear>
                                <r2:BudgetYearOne>
                                    <r2:Funding>0.717</r2:Funding>
                                </r2:BudgetYearOne>
                                <r2:BudgetYearOneBase>
                                    <r2:Funding>0.717</r2:Funding>
                                    <r2:Text>Provide chemical and biological (CB) subject matter expertise to conduct comprehensive reviews of current Departmental and CB strategy, guidance, and plans to identify areas for improvement and inform Enterprise-level decisions. Use a gap analysis process to assess Service-level capabilities, inform the development of the Joint CB Modernization Plan, and ensure a unified, effective approach to CB modernization.</r2:Text>
                                </r2:BudgetYearOneBase>
                                <r2:AppChangeSummary>Decrease adjustment to align to planned efforts.</r2:AppChangeSummary>
                            </r2:PlannedProgram>
                        </r2:AccomplishmentPlannedProgram>
                        <r2:AccomplishmentPlannedProgram>
                            <r2:Title>5) Joint Acquisition Chemical Biological Knowledge System Defense Business System (JACKS DBS)</r2:Title>
                            <r2:Description>The JACKS DBS provides a centralized repository of chemical and biological systems acquisition information and analytic tools.</r2:Description>
                            <r2:Accomplishment>
                                <r2:PriorYear>
                                    <r2:Funding>3.545</r2:Funding>
                                    <r2:Text>The JACKS Defense Business System (DBS) achieved the Authority to Operate with Continuous Monitoring (ATO/ConMon) and the Authority to Connect (ATC), distinguishing it as one of the most trusted systems within Army Sentinel's cybersecurity framework. The continuous Authority to Connect replaces the traditional three-year recertification process, enabling ongoing authorization as long as cybersecurity controls are actively upheld and monitored. This advancement significantly reduces cybersecurity risks and operational costs by streamlining the authorization process.</r2:Text>
                                </r2:PriorYear>
                            </r2:Accomplishment>
                            <r2:PlannedProgram>
                                <r2:CurrentYear>
                                    <r2:Funding>3.591</r2:Funding>
                                    <r2:Text>JACKS DBS will continue developing and deploying data marts into the JACKS Data Warehouse to preposition JACKS data into compartmentalized areas. The compartmentalized areas will then feed into various web-based decision making tools that will enable JACKS users to quickly analyze data and make informed decisions.</r2:Text>
                                </r2:CurrentYear>
                                <r2:BudgetYearOne>
                                    <r2:Funding>3.893</r2:Funding>
                                </r2:BudgetYearOne>
                                <r2:BudgetYearOneBase>
                                    <r2:Funding>3.893</r2:Funding>
                                    <r2:Text>The JACKS Defense Business System (JACKS DBS) will to continue to expand its data marts to provide real-time chemical and biological product support and material readiness information. This enhancement will enable JACKS users to efficiently access, analyze and make informed decisions based on up-to-date data.</r2:Text>
                                </r2:BudgetYearOneBase>
                                <r2:AppChangeSummary>Minor increase due to user experience improvements and routine program adjustments.</r2:AppChangeSummary>
                            </r2:PlannedProgram>
                        </r2:AccomplishmentPlannedProgram>
                        <r2:AccomplishmentPlannedProgram>
                            <r2:Title>6) Joint Concepts Studies and Analyses (JCSA)</r2:Title>
                            <r2:Description>JCSA supports foundational Joint Concepts development, studies/assessments and analyses to enable requirements and capabilities development of both medical and physical chemical and biological (CB) defense systems; coordinates weapons of mass destruction (WMD)/CB threat information requirements; and conducts integrated CB risk assessments.</r2:Description>
                            <r2:Accomplishment>
                                <r2:PriorYear>
                                    <r2:Funding>0.339</r2:Funding>
                                    <r2:Text>Funds will be used to conduct studies/assessments and analysis in support of approved acquisition program requirements development to meet milestone decisions in coordination with the DASD(CBD) and CBDP Component organizations.  Funding will additionally be used to plan and conduct CASSANDRA 24, the preeminent CBRN-focused Operational Risk Analysis exercise.  Lastly, funds will continue to support detailed operational risk analyses to support CBDP leadership decisions and Joint Force planning constructs.</r2:Text>
                                </r2:PriorYear>
                            </r2:Accomplishment>
                            <r2:PlannedProgram>
                                <r2:CurrentYear>
                                    <r2:Funding>4.554</r2:Funding>
                                    <r2:Text>Conduct six Analysis of Alternatives (AoAs) in FY 2025.  JRO will additionally plan and conduct all modelling and scenario development for Combatant Command-focused CASSANDRA exercises, to prioritize gaps and solutions and inform chemical and biological (CB) -focused Operational Risk Analysis to support CBDP leadership decisions.  JRO will continue to support additional Capability Based Assessments (CBAs) as tasked in the CBDP CBA Framework.</r2:Text>
                                </r2:CurrentYear>
                                <r2:BudgetYearOne>
                                    <r2:Funding>2.420</r2:Funding>
                                </r2:BudgetYearOne>
                                <r2:BudgetYearOneBase>
                                    <r2:Funding>2.420</r2:Funding>
                                    <r2:Text>Continue to conduct analysis of alternatives to support initial milestone decisions for new start programs. Conduct and sponsor additional studies/assessments and analysis in support of acquisition program requirements development. Plan and conduct modelling and scenario development for Combatant Command-focused exercises. Support detailed operational risk analyses.</r2:Text>
                                </r2:BudgetYearOneBase>
                                <r2:AppChangeSummary>Decrease due an adjustment in planned Capability Based Assessments (CBAs).</r2:AppChangeSummary>
                            </r2:PlannedProgram>
                        </r2:AccomplishmentPlannedProgram>
                        <r2:AccomplishmentPlannedProgram>
                            <r2:Title>7) Joint Requirements Office Management (JRO MGT)</r2:Title>
                            <r2:Description>Facilitates Chairman of the Joint Chiefs of Staff (CJCS) development of military advice through the assessment of capability needs, identification of capability gaps, and development of Joint chemical and biological (CB) operational capability requirements.  Represents the Services and Combatant Commands (CCMD) in the development of materiel and non-materiel solutions.</r2:Description>
                            <r2:Accomplishment>
                                <r2:PriorYear>
                                    <r2:Funding>9.158</r2:Funding>
                                    <r2:Text>Funds will continue to represent the Services and Combatant Commands (CCMD) in the requirements generation process for Joint materiel and non-materiel solutions in the medical and physical CBRN defense mission areas; conduct foundational studies for the combating weapons of mass destruction (CWMD) / CBRN defense community; provide support to Joint and Multi-service doctrine development, including the preparation of various Joint publications which then inform Multi-service Tactics, Techniques and Procedures (MTTPs).  Continue to support CBRN/CWMD training efforts at various Joint Senior Leadership schools.  Continue to support CCMD scenario development and controller/evaluator training and provide expertise to CCMD exercises.  Continue to chair the CWMD Working Group to ensure synchronized Joint Capabilities Integration and Development System (JCIDS) documents are appropriately vetted and staffed prior to being brought to the Protection Functional Capabilities Board (P-FCB).  Continue to chair the CBRN Support to Command and Control Sub-working Group supporting the C4 Cyber Functional Capabilities Board (FCB) include the preparation and validation of Capability Development Packages and Capability Packages.</r2:Text>
                                </r2:PriorYear>
                            </r2:Accomplishment>
                            <r2:PlannedProgram>
                                <r2:CurrentYear>
                                    <r2:Funding>8.901</r2:Funding>
                                    <r2:Text>JRO will continue to represent the Services and Combatant Commands (CCMD) throughout the Joint Capabilities Integration and Development System (JCIDS) process through the development of Joint materiel and non-materiel solutions in the medical and physical chemical and biological (CB) defense mission areas and conduct foundational studies and analysis for the CB defense community.  JRO will additionally support CCMD scenario development and controller/evaluator training and provide subject matter expertise to CCMD exercises.  Lastly, JRO will continue to chair the CB Support to Command and Control Sub-working Group supporting the C4Cyber Functional Capabilities Board (FCB) include the preparation and validation of Capability Development Packages and Capability Packages.</r2:Text>
                                </r2:CurrentYear>
                                <r2:BudgetYearOne>
                                    <r2:Funding>8.006</r2:Funding>
                                </r2:BudgetYearOne>
                                <r2:BudgetYearOneBase>
                                    <r2:Funding>8.006</r2:Funding>
                                    <r2:Text>Represent the Services and Combatant Commands (CCMD) in the requirements generation process; conduct foundational studies for the chemical and biological (CB) defense community; and support doctrine development. Support operational scenario development and controller/evaluator training and provide expertise to CCMD exercises.</r2:Text>
                                </r2:BudgetYearOneBase>
                                <r2:AppChangeSummary>Decrease adjustment to align to planned efforts including service support contract efficiencies.</r2:AppChangeSummary>
                            </r2:PlannedProgram>
                        </r2:AccomplishmentPlannedProgram>
                        <r2:AccomplishmentPlannedProgram>
                            <r2:Title>8) Joint Test Infrastructure Working Group (JTIWG)</r2:Title>
                            <r2:Description>JTIWG, through the Chemical, Biological, Radiological and Nuclear Defense (CBRND) Test and Evaluation (T&amp;E) Executive, is responsible for overseeing Enterprise-wide processes to develop and sustain standardized T&amp;E methodologies and validated instrumentation and infrastructure to ensure the adequacy of test for CBRND systems in alignment with acquisition milestones and associated decision points.</r2:Description>
                            <r2:Accomplishment>
                                <r2:PriorYear>
                                    <r2:Funding>6.151</r2:Funding>
                                    <r2:Text>Continued Test and Evaluation (T&amp;E) Executive mission support to ensure credible testing; T&amp;E Early Involvement; T&amp;E Studies; evaluation and decision support for CBDP systems; supported the Director of Operational T&amp;E (DOT&amp;E) for OSD T&amp;E Oversight; supported the NCB in infrastructure planning; continued efforts to develop, refine, and/or streamline processes for identifying, assessing, and addressing gaps in T&amp;E capabilities to ensure timely support to acquisition programs.  Continued mission to improve the quality and reduce the costs of test planning and execution; eliminated unnecessary redundancies in test infrastructure.  Continued efforts to identify and mitigate critical T&amp;E capability gaps in order to reduce cost/test schedule impacts to near-term programs.  Continued aligning and streamlining policies and processes to support more efficient and effective management and sustainment of test infrastructure and methodologies.</r2:Text>
                                </r2:PriorYear>
                            </r2:Accomplishment>
                            <r2:PlannedProgram>
                                <r2:CurrentYear>
                                    <r2:Funding>6.116</r2:Funding>
                                    <r2:Text>Continued Test and Evaluation (T&amp;E) Executive mission support to ensure credible testing; T&amp;E Early Involvement; T&amp;E Studies; evaluation and decision support for CBDP systems; supported the Director of Operational T&amp;E (DOT&amp;E) for Office of the Secretary of Defense (OSD) T&amp;E Oversight; support the NCB in infrastructure planning; continued efforts to develop, refine, and/or streamline processes and policies for identifying, assessing, and addressing gaps in T&amp;E capabilities to ensure timely support to acquisition programs and reduce cost/test schedule. Continued mission to improve the quality and reduce the costs of test planning and execution; eliminate unnecessary redundancies in test infrastructure.</r2:Text>
                                </r2:CurrentYear>
                                <r2:BudgetYearOne>
                                    <r2:Funding>5.657</r2:Funding>
                                </r2:BudgetYearOne>
                                <r2:BudgetYearOneBase>
                                    <r2:Funding>5.657</r2:Funding>
                                    <r2:Text>Continue to ensure credible testing and T&amp;E Early Involvement.  Sponsor T&amp;E Studies and provide evaluation and decision support.  Provide testing oversight.  Support infrastructure planning.  Develop, refine, and/or streamline processes and policies and reduce cost/test schedule.  Continue mission to improve the quality and reduce the costs of test planning and execution; eliminate unnecessary redundancies in test infrastructure.</r2:Text>
                                </r2:BudgetYearOneBase>
                                <r2:AppChangeSummary>Decrease adjustment to align to planned efforts.</r2:AppChangeSummary>
                            </r2:PlannedProgram>
                        </r2:AccomplishmentPlannedProgram>
                        <r2:AccomplishmentPlannedProgram>
                            <r2:Title>9) Office of the Secretary of Defense Management (OSD MGT)</r2:Title>
                            <r2:Description>OSD MGT performs program reviews/assessments, provides programmatic planning, programming, budgeting, and execution (PPBE) oversight/analysis, provides Congressional issue analysis and support, and financial management.  OSD MGT also provides the CBDP Enterprise all aspects of accounting, to include financial statements, reconciliation of budgetary and proprietary accounts, and compliance.</r2:Description>
                            <r2:Accomplishment>
                                <r2:PriorYear>
                                    <r2:Funding>19.354</r2:Funding>
                                    <r2:Text>Funds continue performing program reviews/assessments, providing planning, programming, budgeting, and execution (PPBE) oversight/analysis, and providing Congressional issue analysis and support.  Supporting financial management services provided by the Defense Threat Reduction Agency (DTRA), such as funding distribution and execution reporting.  Continue to provide the CBDP Enterprise all aspects of accounting; financial statements; reconciliation of budgetary and proprietary accounts, processing of commitments and obligations; financial accounting compliance; funds management and control; management of the Managers' Internal Control Program and financial systems integration and coordination.</r2:Text>
                                </r2:PriorYear>
                            </r2:Accomplishment>
                            <r2:PlannedProgram>
                                <r2:CurrentYear>
                                    <r2:Funding>17.361</r2:Funding>
                                    <r2:Text>Continue performing program reviews/assessments, providing planning, programming, budgeting, and execution (PPBE) oversight/analysis, and providing Congressional issue analysis and support.  Supports financial management services provided by the Defense Threat Reduction Agency (DTRA), such as funding distribution and execution reporting.  Continue to provide the CBDP Enterprise all aspects of accounting; financial statements; reconciliation of budgetary and proprietary accounts, processing of commitments and obligations; financial accounting compliance; funds management and control; management of the Managers' Internal Control Program and financial systems integration and coordination.</r2:Text>
                                </r2:CurrentYear>
                                <r2:BudgetYearOne>
                                    <r2:Funding>14.918</r2:Funding>
                                </r2:BudgetYearOne>
                                <r2:BudgetYearOneBase>
                                    <r2:Funding>14.918</r2:Funding>
                                    <r2:Text>Continue performing program reviews/assessments, providing planning, programming, budgeting, and execution (PPBE) oversight/analysis, and providing Congressional issue analysis and support.  Supports financial management services provided by the Defense Threat Reduction Agency (DTRA), such as funding distribution and execution reporting.  Continue to provide the CBDP Enterprise all aspects of accounting; financial statements; reconciliation of budgetary and proprietary accounts, processing of commitments and obligations; financial accounting compliance; funds management and control; management of the Managers' Internal Control Program and financial systems integration and coordination.</r2:Text>
                                </r2:BudgetYearOneBase>
                                <r2:AppChangeSummary>Decrease adjustment to align to planned efforts including service support contract and efficiency adjustments.</r2:AppChangeSummary>
                            </r2:PlannedProgram>
                        </r2:AccomplishmentPlannedProgram>
                        <r2:AccomplishmentPlannedProgram>
                            <r2:Title>10) Program Analysis and Integration Office Management (PAIO MGT)</r2:Title>
                            <r2:Description>Conduct independent analysis and provide objective advice to the CBDP and its stakeholders.  Ensure CB defense programs mission areas, policies, and processes support operational requirements, promote efficiency and readiness, and enhance data management and advanced analytics capabilities to streamline administration of program life-cycle activities.</r2:Description>
                            <r2:Accomplishment>
                                <r2:PriorYear>
                                    <r2:Funding>9.530</r2:Funding>
                                    <r2:Text>Continued to provide independent analysis and objective advice to ensure CBDP programs, policies, and processes support operational requirements, promote efficiency and readiness, and meet Department level strategies.  Continued to evaluate CB defense plans, programs, and budgets to measure portfolio effectiveness and identify alternative approaches.  Developed CBDP data processes to promote analytics tools and methods for analyzing CB defense planning and resource allocations.</r2:Text>
                                </r2:PriorYear>
                            </r2:Accomplishment>
                            <r2:PlannedProgram>
                                <r2:CurrentYear>
                                    <r2:Funding>13.762</r2:Funding>
                                    <r2:Text>Continue to provide independent analysis and objective advice to ensure CBDP programs, policies, and processes support operational requirements, promote efficiency and readiness, and meet Department level strategies.  Continue to evaluate CB defense plans, programs, and budgets to measure portfolio effectiveness and identify alternative approaches.  Expand CBDP data processes for advanced analytics capabilities.</r2:Text>
                                </r2:CurrentYear>
                                <r2:BudgetYearOne>
                                    <r2:Funding>11.914</r2:Funding>
                                </r2:BudgetYearOne>
                                <r2:BudgetYearOneBase>
                                    <r2:Funding>11.914</r2:Funding>
                                    <r2:Text>Continue to provide independent analysis and objective advice to ensure CBDP programs, policies, and processes support operational requirements, promote efficiency and readiness, and meet Department level strategies.  Continue to evaluate CB defense plans, programs, and budgets to measure portfolio effectiveness and identify alternative approaches.  Continue CBDP data processes for advanced analytics capabilities.</r2:Text>
                                </r2:BudgetYearOneBase>
                                <r2:AppChangeSummary>Decrease due to planned ramp down of contract as higher level support for data processes for integrated, near-real time advanced analytics informing data-driven decisions near completion and adjustment to align to planned efforts.</r2:AppChangeSummary>
                            </r2:PlannedProgram>
                        </r2:AccomplishmentPlannedProgram>
                        <r2:AccomplishmentPlannedProgram>
                            <r2:Title>11) Workforce and Biological Safety - Enhanced Biological Defense (WB-ENBD)</r2:Title>
                            <r2:Description>Provides centralized DoD expertise, implements biosafety improvements, and adds protections for CBDP defense industrial supply chain, tools and intellectual property.</r2:Description>
                            <r2:Accomplishment>
                                <r2:PriorYear>
                                    <r2:Funding>8.496</r2:Funding>
                                    <r2:Text>Support CBDP biosafety and biosecurity (biorisk) priorities through biosafety personnel retention and development, biorisk research to close gaps in scientific knowledge to facilitate validation of DoD biological agent procedures and protocols, and tools to manage and ensure DoD biorisk.  Continue implementing an enduring capability to surveil, address threats, and mitigate risks related to the CBDP supply chain, its cybersecurity, protection of intellectual property, and information security.</r2:Text>
                                </r2:PriorYear>
                            </r2:Accomplishment>
                            <r2:PlannedProgram>
                                <r2:CurrentYear>
                                    <r2:Funding>6.800</r2:Funding>
                                    <r2:Text>Support CBDP biosafety and biosecurity (biorisk) priorities through personnel retention and development, research to close gaps in scientific knowledge, and tools to manage biorisk.  Continue implementation of CBDP Supply Chain Risk Management Framework, risk management toolkit development, and establish associated policies and procedures.</r2:Text>
                                </r2:CurrentYear>
                                <r2:BudgetYearOne>
                                    <r2:Funding>4.000</r2:Funding>
                                </r2:BudgetYearOne>
                                <r2:BudgetYearOneBase>
                                    <r2:Funding>4.000</r2:Funding>
                                    <r2:Text>Support CBDP biosafety and biosecurity (biorisk) priorities through personnel retention and development, research to close gaps in scientific knowledge, and tools to manage biorisk.  Continue implementation of CBDP Supply Chain Risk Management Framework, risk management toolkit development, and establish associated policies and procedures.</r2:Text>
                                </r2:BudgetYearOneBase>
                                <r2:AppChangeSummary>Decrease is due to reduced manpower and related overhead costs.</r2:AppChangeSummary>
                            </r2:PlannedProgram>
                        </r2:AccomplishmentPlannedProgram>
                    </r2:AccomplishmentPlannedProgramList>
                    <r2:AcquisitionStrategy>N/A</r2:AcquisitionStrategy>
                </r2:R2aExhibit>
            </r2:Project>
        </r2:ProjectList>
    </r2:ProgramElement>
</r2:ProgramElementList>