<?xml version="1.0"?>

<fop version="1.0">
  <!-- Base URL for resolving relative URLs -->
  <font-base>file:///d2/webfiles/r2/fop/fonts</font-base>    
  <renderers>
    <renderer mime="application/pdf">          
      <fonts> 
        <font metrics-url="ARIALUNI.xml" kerning="yes" embed-url="ARIALUNI.ttf">
          <font-triplet name="ArialR2" style="normal" weight="normal"/>          
        </font>              
        <font metrics-url="ARIALBD.xml" kerning="yes" embed-url="ARIALBD.ttf">
          <font-triplet name="ArialR2" style="normal" weight="bold"/>
        </font>                                      
        <font metrics-url="ARIALI.xml" kerning="yes" embed-url="ARIALI.ttf">
          <font-triplet name="ArialR2" style="italic" weight="normal"/>
        </font>        
        <font metrics-url="ARIALBI.xml" kerning="yes" embed-url="ARIALBI.ttf">
          <font-triplet name="ArialR2" style="italic" weight="bold"/>
        </font>        
      </fonts>
    </renderer>
  </renderers>
</fop>
