<?xml version="1.0" encoding="UTF-8"?>
<proc:LineItemList xmlns:proc="http://www.dtic.mil/comptroller/xml/schema/20100219/procurement">
    <proc:LineItem quantityUnits="Each" unitCostUnits="Millions" totalCostUnits="Millions" manufacturerRateUnits="Yearly">
        <proc:LineItemNumber>H06000</proc:LineItemNumber>
        <proc:LineItemTitle>H-60</proc:LineItemTitle>
        <proc:P1LineNumber>82</proc:P1LineNumber>
        <proc:BudgetYear>2026</proc:BudgetYear>
        <proc:BudgetCycle>PB</proc:BudgetCycle>
        <proc:SubmissionDate>2025-06</proc:SubmissionDate>
        <proc:ServiceAgencyName>Air Force</proc:ServiceAgencyName>
        <proc:AppropriationNumber>3010F</proc:AppropriationNumber>
        <proc:AppropriationTitle>Aircraft Procurement, Air Force</proc:AppropriationTitle>
        <proc:BudgetActivityNumber>5</proc:BudgetActivityNumber>
        <proc:BudgetActivityTitle>Modification of Inservice Aircraft</proc:BudgetActivityTitle>
        <proc:BudgetSubActivityNumber>5</proc:BudgetSubActivityNumber>
        <proc:BudgetSubActivityTitle>Other Aircraft</proc:BudgetSubActivityTitle>
        <proc:ResourceSummary>
            <proc:TotalCost>
                <proc:AllPriorYears>712.588</proc:AllPriorYears>
                <proc:PriorYear>4.207</proc:PriorYear>
                <proc:CurrentYear>2.035</proc:CurrentYear>
                <proc:BudgetYearOneBase>1.749</proc:BudgetYearOneBase>
                <proc:BudgetYearOne>1.749</proc:BudgetYearOne>
            </proc:TotalCost>
            <proc:NetProcurementP1>
                <proc:AllPriorYears>712.588</proc:AllPriorYears>
                <proc:PriorYear>4.207</proc:PriorYear>
                <proc:CurrentYear>2.035</proc:CurrentYear>
                <proc:BudgetYearOneBase>1.749</proc:BudgetYearOneBase>
                <proc:BudgetYearOne>1.749</proc:BudgetYearOne>
            </proc:NetProcurementP1>
            <proc:TotalObligationAuthority>
                <proc:AllPriorYears>712.588</proc:AllPriorYears>
                <proc:PriorYear>4.207</proc:PriorYear>
                <proc:CurrentYear>2.035</proc:CurrentYear>
                <proc:BudgetYearOneBase>1.749</proc:BudgetYearOneBase>
                <proc:BudgetYearOne>1.749</proc:BudgetYearOne>
            </proc:TotalObligationAuthority>
        </proc:ResourceSummary>
        <proc:CodeBProgramElementList>
            <proc:ProgramElementNumber>0207224F</proc:ProgramElementNumber>
            <proc:ProgramElementNumber>0207228F</proc:ProgramElementNumber>
        </proc:CodeBProgramElementList>
        <proc:OtherRelatedProgramElementList>
            <proc:ProgramElementNumber>0207224F</proc:ProgramElementNumber>
            <proc:ProgramElementNumber>0207228F</proc:ProgramElementNumber>
        </proc:OtherRelatedProgramElementList>
        <proc:SecondaryDistribution>
            <proc:ComponentList>
                <proc:Component>
                    <proc:Name>Air Force Active</proc:Name>
                    <proc:Cost>
                        <proc:TotalCost>
                            <proc:PriorYear>4.207</proc:PriorYear>
                            <proc:CurrentYear>2.035</proc:CurrentYear>
                            <proc:BudgetYearOneBase>1.749</proc:BudgetYearOneBase>
                            <proc:BudgetYearOne>1.749</proc:BudgetYearOne>
                        </proc:TotalCost>
                    </proc:Cost>
                </proc:Component>
            </proc:ComponentList>
            <proc:TotalCost>
                <proc:TotalCost>
                    <proc:PriorYear>4.207</proc:PriorYear>
                    <proc:CurrentYear>2.035</proc:CurrentYear>
                    <proc:BudgetYearOneBase>1.749</proc:BudgetYearOneBase>
                    <proc:BudgetYearOne>1.749</proc:BudgetYearOne>
                </proc:TotalCost>
            </proc:TotalCost>
        </proc:SecondaryDistribution>
        <proc:Description>The HH-60G currently supports the Air Force's core function of Personnel Recovery.  The primary mission of the HH-60G is to conduct day, night, and marginal weather Combat Search and Rescue (CSAR) in order to recover isolated personnel in hostile or permissive environments.  Potential mission areas include casualty evacuation (CASEVAC), medical evacuation (MEDEVAC), non-combatant evacuation operations, civil search and rescue, international aid, disaster humanitarian relief, and insertion/extraction of combat forces. 

The remaining 11 HH-60Gs will be divested by the end of FY 2026.

The FY 2026 request was reduced by $0.309 million for Advisory and Assistance Services to promote efficiencies and advance the policies of the Administration in alignment with Executive Order 14222, "Implementing the President's Department of Government Efficiency Cost Efficiency Initiative."

Funding may be used to address Diminishing Manufacturing Sources (DMS) issues. 

Funding for this exhibit is contained in PE 0207228F.

In accordance with Section 1815 of the FY 2008 National Defense Authorization Act (P.L. 110-181), this item is necessary for use by the active and reserve components of the Armed Forces for homeland defense missions, domestic emergency responses, and providing military support to civil authorities.</proc:Description>
        <proc:Justification>FY 2026 funding will be used for program support costs and Interim Contractor Support (ICS).</proc:Justification>
        <proc:MDAPCode>None</proc:MDAPCode>
        <proc:DocumentAssemblyOptions>
            <proc:p40AItemScheduleSetting>expandItemSuppressExhibit</proc:p40AItemScheduleSetting>
        </proc:DocumentAssemblyOptions>
    </proc:LineItem>
</proc:LineItemList>