<?xml version="1.0" encoding="UTF-8"?>
<proc:LineItemList xmlns:proc="http://www.dtic.mil/comptroller/xml/schema/20100219/procurement">
    <proc:LineItem quantityUnits="Each" unitCostUnits="Millions" totalCostUnits="Millions" manufacturerRateUnits="Yearly">
        <proc:LineItemNumber>T03800</proc:LineItemNumber>
        <proc:LineItemTitle>T-38</proc:LineItemTitle>
        <proc:P1LineNumber>60</proc:P1LineNumber>
        <proc:BudgetYear>2026</proc:BudgetYear>
        <proc:BudgetCycle>PB</proc:BudgetCycle>
        <proc:SubmissionDate>2025-06</proc:SubmissionDate>
        <proc:ServiceAgencyName>Air Force</proc:ServiceAgencyName>
        <proc:AppropriationNumber>3010F</proc:AppropriationNumber>
        <proc:AppropriationTitle>Aircraft Procurement, Air Force</proc:AppropriationTitle>
        <proc:BudgetActivityNumber>5</proc:BudgetActivityNumber>
        <proc:BudgetActivityTitle>Modification of Inservice Aircraft</proc:BudgetActivityTitle>
        <proc:BudgetSubActivityNumber>4</proc:BudgetSubActivityNumber>
        <proc:BudgetSubActivityTitle>Trainer Aircraft</proc:BudgetSubActivityTitle>
        <proc:ResourceSummary>
            <proc:TotalCost>
                <proc:AllPriorYears>550.447</proc:AllPriorYears>
                <proc:PriorYear>115.34</proc:PriorYear>
                <proc:CurrentYear>112.986</proc:CurrentYear>
                <proc:BudgetYearOneBase>85.381</proc:BudgetYearOneBase>
                <proc:BudgetYearOne>85.381</proc:BudgetYearOne>
            </proc:TotalCost>
            <proc:NetProcurementP1>
                <proc:AllPriorYears>550.447</proc:AllPriorYears>
                <proc:PriorYear>115.34</proc:PriorYear>
                <proc:CurrentYear>112.986</proc:CurrentYear>
                <proc:BudgetYearOneBase>85.381</proc:BudgetYearOneBase>
                <proc:BudgetYearOne>85.381</proc:BudgetYearOne>
            </proc:NetProcurementP1>
            <proc:TotalObligationAuthority>
                <proc:AllPriorYears>550.447</proc:AllPriorYears>
                <proc:PriorYear>115.34</proc:PriorYear>
                <proc:CurrentYear>112.986</proc:CurrentYear>
                <proc:BudgetYearOneBase>85.381</proc:BudgetYearOneBase>
                <proc:BudgetYearOne>85.381</proc:BudgetYearOne>
            </proc:TotalObligationAuthority>
        </proc:ResourceSummary>
        <proc:CodeBProgramElementList>
            <proc:ProgramElementNumber>0604233F</proc:ProgramElementNumber>
            <proc:ProgramElementNumber>0804741F</proc:ProgramElementNumber>
        </proc:CodeBProgramElementList>
        <proc:OtherRelatedProgramElementList>
            <proc:ProgramElementNumber>0604233F</proc:ProgramElementNumber>
        </proc:OtherRelatedProgramElementList>
        <proc:Description>The T-38 is a twin-engine, two-seat (tandem), supersonic jet trainer. The T-38C is used by Air Education and Training Command (AETC) as an advanced trainer in Specialized Undergraduate Pilot Training and Introduction to Fighter Fundamentals, and by Air Force Materiel Command (AFMC) as a test bed for fighter-type aircraft capability. T-38A/B aircraft are used by Air Combat Command (ACC) as a companion trainer for U-2 operational units and in Adversary Air (ADAIR) exercises supporting F-22 readiness, and by Air Force Global Strike Command (AFGSC) as a companion trainer for B-2 operational units. There are currently 497 active T-38s in the Air Force inventory (53 T-38A, six (6) AT-38B and 438 T-38C). T-38s first entered service in 1960 and average age is over 50 years old.

Funding may be used to address Diminishing Manufacturing Sources &amp; Material Shortage (DMSMS) issues and modification projects required by MAJCOMs

Funding for this exhibit contained in PE 0804741F.

This requirement (or modification) supports performance of a full financial audit as required by title 10 U.S.C. Chapter 9A, Sec 240-D.

The FY 2026 request was reduced by $0.700 million for Advisory and Assistance Services to promote efficiencies and advance the policies of the Administration in alignment with Executive Order 14222, "Implementing the President's Department of Government Efficiency Cost Efficiency Initiative.</proc:Description>
        <proc:Justification>FY 2026 funding supports Talon Repair, Inspection, and Maintenance (TRIM) and the T-38 Avionics programs. T-38 TRIM is procuring 49 kits and 38 installs in FY 2026.  In FY 2026 T-38 Avionics is focused on Video Data Transfer Unit (VDTU), procuring 127 kits. This line also includes funding for Pacer Classic III and Low Cost Modifications (LCM).</proc:Justification>
        <proc:ItemExhibitList>
            <proc:P40AItemGroup>
                <proc:Name>T-38</proc:Name>
                <proc:CategoryList>
                    <proc:Category>
                        <proc:ItemList>
                            <proc:Item>
                                <proc:Name>Pacer Classic III</proc:Name>
                                <proc:ItemNumber>6088</proc:ItemNumber>
                                <proc:ModificationType>Service Life Extension</proc:ModificationType>
                                <proc:ModelsAffectedList>
                                    <proc:ModelAffected>T-38</proc:ModelAffected>
                                </proc:ModelsAffectedList>
                                <proc:ResourceSummary>
                                    <proc:TotalCost>
                                        <proc:AllPriorYears>354.264</proc:AllPriorYears>
                                        <proc:PriorYear>27.932</proc:PriorYear>
                                        <proc:CurrentYear>35.844</proc:CurrentYear>
                                        <proc:BudgetYearOneBase>0.51</proc:BudgetYearOneBase>
                                        <proc:BudgetYearOne>0.51</proc:BudgetYearOne>
                                    </proc:TotalCost>
                                </proc:ResourceSummary>
                            </proc:Item>
                            <proc:Item>
                                <proc:Name>T-38 A/B ADS-B Out</proc:Name>
                                <proc:ItemNumber>6092</proc:ItemNumber>
                                <proc:ModificationType>Reliability &amp; Maintainability</proc:ModificationType>
                                <proc:ModelsAffectedList>
                                    <proc:ModelAffected>T-38</proc:ModelAffected>
                                </proc:ModelsAffectedList>
                                <proc:ResourceSummary>
                                    <proc:TotalCost>
                                        <proc:AllPriorYears>8.269</proc:AllPriorYears>
                                    </proc:TotalCost>
                                </proc:ResourceSummary>
                            </proc:Item>
                            <proc:Item>
                                <proc:Name>T-38 Canopy</proc:Name>
                                <proc:ItemNumber>6093</proc:ItemNumber>
                                <proc:ModificationType>Safety</proc:ModificationType>
                                <proc:ModelsAffectedList>
                                    <proc:ModelAffected>T03800</proc:ModelAffected>
                                </proc:ModelsAffectedList>
                                <proc:ResourceSummary>
                                    <proc:TotalCost>
                                        <proc:AllPriorYears>3.917</proc:AllPriorYears>
                                    </proc:TotalCost>
                                </proc:ResourceSummary>
                            </proc:Item>
                            <proc:Item>
                                <proc:Name>T-38A/B ESUP II</proc:Name>
                                <proc:ItemNumber>6094</proc:ItemNumber>
                                <proc:ModificationType>Safety</proc:ModificationType>
                                <proc:ModelsAffectedList>
                                    <proc:ModelAffected>T-38</proc:ModelAffected>
                                </proc:ModelsAffectedList>
                                <proc:ResourceSummary>
                                    <proc:TotalCost>
                                        <proc:AllPriorYears>31.408</proc:AllPriorYears>
                                        <proc:CurrentYear>14.968</proc:CurrentYear>
                                    </proc:TotalCost>
                                </proc:ResourceSummary>
                            </proc:Item>
                            <proc:Item>
                                <proc:Name>LOW COST SAFETY MODIFICATIONS</proc:Name>
                                <proc:ItemNumber>99999A</proc:ItemNumber>
                                <proc:ModificationType>Safety</proc:ModificationType>
                                <proc:ModelsAffectedList>
                                    <proc:ModelAffected>T-38</proc:ModelAffected>
                                </proc:ModelsAffectedList>
                                <proc:ResourceSummary>
                                    <proc:TotalCost>
                                        <proc:AllPriorYears>0.034</proc:AllPriorYears>
                                        <proc:BudgetYearOneBase>0.005</proc:BudgetYearOneBase>
                                        <proc:BudgetYearOne>0.005</proc:BudgetYearOne>
                                    </proc:TotalCost>
                                </proc:ResourceSummary>
                            </proc:Item>
                            <proc:Item>
                                <proc:Name>Low Cost Modifications</proc:Name>
                                <proc:ItemNumber>99999X</proc:ItemNumber>
                                <proc:ModificationType>Service Life Extension</proc:ModificationType>
                                <proc:ModelsAffectedList>
                                    <proc:ModelAffected>T-38</proc:ModelAffected>
                                </proc:ModelsAffectedList>
                                <proc:ResourceSummary>
                                    <proc:TotalCost>
                                        <proc:AllPriorYears>0.049</proc:AllPriorYears>
                                        <proc:CurrentYear>0.034</proc:CurrentYear>
                                        <proc:BudgetYearOneBase>0.002</proc:BudgetYearOneBase>
                                        <proc:BudgetYearOne>0.002</proc:BudgetYearOne>
                                    </proc:TotalCost>
                                </proc:ResourceSummary>
                            </proc:Item>
                        </proc:ItemList>
                        <proc:CategorySubtotal>
                            <proc:TotalCost>
                                <proc:AllPriorYears>397.941</proc:AllPriorYears>
                                <proc:PriorYear>27.932</proc:PriorYear>
                                <proc:CurrentYear>50.846</proc:CurrentYear>
                                <proc:BudgetYearOneBase>0.517</proc:BudgetYearOneBase>
                                <proc:BudgetYearOneOOC>0</proc:BudgetYearOneOOC>
                                <proc:BudgetYearOne>0.517</proc:BudgetYearOne>
                            </proc:TotalCost>
                        </proc:CategorySubtotal>
                    </proc:Category>
                </proc:CategoryList>
                <proc:TotalCost>
                    <proc:TotalCost>
                        <proc:AllPriorYears>397.941</proc:AllPriorYears>
                        <proc:PriorYear>27.932</proc:PriorYear>
                        <proc:CurrentYear>50.846</proc:CurrentYear>
                        <proc:BudgetYearOneBase>0.517</proc:BudgetYearOneBase>
                        <proc:BudgetYearOneOOC>0</proc:BudgetYearOneOOC>
                        <proc:BudgetYearOne>0.517</proc:BudgetYearOne>
                    </proc:TotalCost>
                </proc:TotalCost>
                <proc:ModificationItemsIndicator>true</proc:ModificationItemsIndicator>
            </proc:P40AItemGroup>
            <proc:P3AModificationItemGroup>
                <proc:ModificationTitle>T-38 Avionics</proc:ModificationTitle>
                <proc:ModificationNumber>6090</proc:ModificationNumber>
                <proc:ModificationType>Reliability &amp; Maintainability</proc:ModificationType>
                <proc:ModelsAffectedList>
                    <proc:ModelAffected>T-38</proc:ModelAffected>
                </proc:ModelsAffectedList>
                <proc:IdCode>B</proc:IdCode>
                <proc:ResourceSummary>
                    <proc:TotalCost>
                        <proc:AllPriorYears>122.191</proc:AllPriorYears>
                        <proc:PriorYear>60.514</proc:PriorYear>
                        <proc:CurrentYear>26.852</proc:CurrentYear>
                        <proc:BudgetYearOneBase>6.357</proc:BudgetYearOneBase>
                        <proc:BudgetYearOneOOC>0</proc:BudgetYearOneOOC>
                        <proc:BudgetYearOne>6.357</proc:BudgetYearOne>
                    </proc:TotalCost>
                    <proc:NetProcurementP1>
                        <proc:AllPriorYears>122.191</proc:AllPriorYears>
                        <proc:PriorYear>60.514</proc:PriorYear>
                        <proc:CurrentYear>26.852</proc:CurrentYear>
                        <proc:BudgetYearOneBase>6.357</proc:BudgetYearOneBase>
                        <proc:BudgetYearOneOOC>0</proc:BudgetYearOneOOC>
                        <proc:BudgetYearOne>6.357</proc:BudgetYearOne>
                    </proc:NetProcurementP1>
                    <proc:TotalObligationAuthority>
                        <proc:AllPriorYears>122.191</proc:AllPriorYears>
                        <proc:PriorYear>60.514</proc:PriorYear>
                        <proc:CurrentYear>26.852</proc:CurrentYear>
                        <proc:BudgetYearOneBase>6.357</proc:BudgetYearOneBase>
                        <proc:BudgetYearOneOOC>0</proc:BudgetYearOneOOC>
                        <proc:BudgetYearOne>6.357</proc:BudgetYearOne>
                    </proc:TotalObligationAuthority>
                </proc:ResourceSummary>
                <proc:RelatedProgramElementList>
                    <proc:ProgramElementNumber>0604233F</proc:ProgramElementNumber>
                </proc:RelatedProgramElementList>
                <proc:SupportCost>
                    <proc:CostElementList>
                        <proc:CostElement>
                            <proc:Name>A&amp;AS</proc:Name>
                            <proc:Cost>
                                <proc:TotalCost>
                                    <proc:AllPriorYears>0.595</proc:AllPriorYears>
                                </proc:TotalCost>
                            </proc:Cost>
                        </proc:CostElement>
                        <proc:CostElement>
                            <proc:Name>PSC - Other Gov't Costs</proc:Name>
                            <proc:Cost>
                                <proc:TotalCost>
                                    <proc:AllPriorYears>0.019</proc:AllPriorYears>
                                    <proc:PriorYear>1.472</proc:PriorYear>
                                </proc:TotalCost>
                            </proc:Cost>
                        </proc:CostElement>
                        <proc:CostElement>
                            <proc:Name>OTHER GOVT</proc:Name>
                            <proc:Cost>
                                <proc:TotalCost>
                                    <proc:AllPriorYears>110.305</proc:AllPriorYears>
                                </proc:TotalCost>
                            </proc:Cost>
                        </proc:CostElement>
                        <proc:CostElement>
                            <proc:Name>PSC - Contractor Services</proc:Name>
                            <proc:Cost>
                                <proc:TotalCost>
                                    <proc:AllPriorYears>0.438</proc:AllPriorYears>
                                </proc:TotalCost>
                            </proc:Cost>
                        </proc:CostElement>
                    </proc:CostElementList>
                    <proc:CategorySubtotal>
                        <proc:TotalCost>
                            <proc:AllPriorYears>111.357</proc:AllPriorYears>
                            <proc:PriorYear>1.472</proc:PriorYear>
                        </proc:TotalCost>
                    </proc:CategorySubtotal>
                </proc:SupportCost>
                <proc:ModificationItemList>
                    <proc:ModificationItem>
                        <proc:Title>Electronic Engine Display (EED)</proc:Title>
                        <proc:RDTE>
                            <proc:ProgramElementSummaryList>
                                <proc:ProgramElementSummary>
                                    <proc:ProgramElementNumber>0604233F</proc:ProgramElementNumber>
                                    <proc:ProgramElementFunding>
                                        <proc:TotalCost>
                                            <proc:AllPriorYears>7.691</proc:AllPriorYears>
                                        </proc:TotalCost>
                                    </proc:ProgramElementFunding>
                                </proc:ProgramElementSummary>
                            </proc:ProgramElementSummaryList>
                        </proc:RDTE>
                        <proc:Procurement>
                            <proc:BKits>
                                <proc:Recurring>
                                    <proc:KitList>
                                        <proc:Kit>
                                            <proc:Name>Electronic Engine Display (EED):EQUIPMENT Group B (Active)</proc:Name>
                                            <proc:Cost>
                                                <proc:Quantity>
                                                    <proc:AllPriorYears>37</proc:AllPriorYears>
                                                    <proc:PriorYear>709</proc:PriorYear>
                                                    <proc:CurrentYear>219</proc:CurrentYear>
                                                </proc:Quantity>
                                                <proc:TotalCost>
                                                    <proc:AllPriorYears>1.075</proc:AllPriorYears>
                                                    <proc:PriorYear>35.064</proc:PriorYear>
                                                    <proc:CurrentYear>9.886</proc:CurrentYear>
                                                </proc:TotalCost>
                                            </proc:Cost>
                                        </proc:Kit>
                                    </proc:KitList>
                                    <proc:CategorySubtotal>
                                        <proc:TotalCost>
                                            <proc:AllPriorYears>1.075</proc:AllPriorYears>
                                            <proc:PriorYear>35.064</proc:PriorYear>
                                            <proc:CurrentYear>9.886</proc:CurrentYear>
                                        </proc:TotalCost>
                                    </proc:CategorySubtotal>
                                </proc:Recurring>
                            </proc:BKits>
                            <proc:ManufacturerList>
                                <proc:Manufacturer>
                                    <proc:Name>Boeing Company</proc:Name>
                                    <proc:Location>St. Louis, MO</proc:Location>
                                    <proc:ContractDates>
                                        <proc:PriorYear>2024-03</proc:PriorYear>
                                        <proc:CurrentYear>2025-03</proc:CurrentYear>
                                    </proc:ContractDates>
                                    <proc:DeliveryDates>
                                        <proc:PriorYear>2025-03</proc:PriorYear>
                                        <proc:CurrentYear>2026-03</proc:CurrentYear>
                                    </proc:DeliveryDates>
                                    <proc:AdminLeadTimeAfterOct1InMonths>5</proc:AdminLeadTimeAfterOct1InMonths>
                                    <proc:ProductionLeadTimeAfterOct1InMonths>12</proc:ProductionLeadTimeAfterOct1InMonths>
                                </proc:Manufacturer>
                            </proc:ManufacturerList>
                            <proc:TotalCost>
                                <proc:TotalCost>
                                    <proc:AllPriorYears>1.075</proc:AllPriorYears>
                                    <proc:PriorYear>35.064</proc:PriorYear>
                                    <proc:CurrentYear>9.886</proc:CurrentYear>
                                </proc:TotalCost>
                            </proc:TotalCost>
                        </proc:Procurement>
                        <proc:Installation>
                            <proc:ImplementationMethodList>
                                <proc:ImplementationMethod>
                                    <proc:OrganicInstallation>
                                        <proc:ImplementationMethodName>Org/Intermediate</proc:ImplementationMethodName>
                                        <proc:InstallationQuantity>965</proc:InstallationQuantity>
                                    </proc:OrganicInstallation>
                                </proc:ImplementationMethod>
                            </proc:ImplementationMethodList>
                        </proc:Installation>
                    </proc:ModificationItem>
                    <proc:ModificationItem>
                        <proc:Title>LAMP</proc:Title>
                        <proc:Procurement>
                            <proc:BKits>
                                <proc:Recurring>
                                    <proc:KitList>
                                        <proc:Kit>
                                            <proc:Name>LAMP:EQUIPMENT Group B (Active)</proc:Name>
                                            <proc:Cost>
                                                <proc:Quantity>
                                                    <proc:AllPriorYears>72</proc:AllPriorYears>
                                                </proc:Quantity>
                                                <proc:TotalCost>
                                                    <proc:AllPriorYears>8.697</proc:AllPriorYears>
                                                </proc:TotalCost>
                                            </proc:Cost>
                                        </proc:Kit>
                                    </proc:KitList>
                                    <proc:CategorySubtotal>
                                        <proc:TotalCost>
                                            <proc:AllPriorYears>8.697</proc:AllPriorYears>
                                        </proc:TotalCost>
                                    </proc:CategorySubtotal>
                                </proc:Recurring>
                            </proc:BKits>
                            <proc:ManufacturerList>
                                <proc:Manufacturer>
                                    <proc:Name>Boeing Company</proc:Name>
                                    <proc:Location>St. Louis, MO</proc:Location>
                                    <proc:AdminLeadTimeAfterOct1InMonths>9</proc:AdminLeadTimeAfterOct1InMonths>
                                    <proc:ProductionLeadTimeAfterOct1InMonths>2</proc:ProductionLeadTimeAfterOct1InMonths>
                                </proc:Manufacturer>
                            </proc:ManufacturerList>
                            <proc:TotalCost>
                                <proc:TotalCost>
                                    <proc:AllPriorYears>8.697</proc:AllPriorYears>
                                </proc:TotalCost>
                            </proc:TotalCost>
                        </proc:Procurement>
                        <proc:Installation>
                            <proc:ImplementationMethodList>
                                <proc:ImplementationMethod>
                                    <proc:OrganicInstallation>
                                        <proc:ImplementationMethodName>Org/Intermediate</proc:ImplementationMethodName>
                                        <proc:InstallationQuantity>72</proc:InstallationQuantity>
                                    </proc:OrganicInstallation>
                                </proc:ImplementationMethod>
                            </proc:ImplementationMethodList>
                        </proc:Installation>
                    </proc:ModificationItem>
                    <proc:ModificationItem>
                        <proc:Title>Multi-Function Display (MFD)</proc:Title>
                        <proc:Procurement>
                            <proc:BKits>
                                <proc:Recurring>
                                    <proc:KitList>
                                        <proc:Kit>
                                            <proc:Name>Multi-Function Display (MFD):EQUIPMENT Group B (Active)</proc:Name>
                                            <proc:Cost>
                                                <proc:Quantity>
                                                    <proc:AllPriorYears>37</proc:AllPriorYears>
                                                    <proc:PriorYear>532</proc:PriorYear>
                                                    <proc:CurrentYear>219</proc:CurrentYear>
                                                </proc:Quantity>
                                                <proc:TotalCost>
                                                    <proc:AllPriorYears>1.062</proc:AllPriorYears>
                                                    <proc:PriorYear>23.978</proc:PriorYear>
                                                    <proc:CurrentYear>9.886</proc:CurrentYear>
                                                </proc:TotalCost>
                                            </proc:Cost>
                                        </proc:Kit>
                                    </proc:KitList>
                                    <proc:CategorySubtotal>
                                        <proc:TotalCost>
                                            <proc:AllPriorYears>1.062</proc:AllPriorYears>
                                            <proc:PriorYear>23.978</proc:PriorYear>
                                            <proc:CurrentYear>9.886</proc:CurrentYear>
                                        </proc:TotalCost>
                                    </proc:CategorySubtotal>
                                </proc:Recurring>
                            </proc:BKits>
                            <proc:ManufacturerList>
                                <proc:Manufacturer>
                                    <proc:Name>Boeing Company</proc:Name>
                                    <proc:Location>St. Louis, MO</proc:Location>
                                    <proc:ContractDates>
                                        <proc:PriorYear>2024-03</proc:PriorYear>
                                        <proc:CurrentYear>2025-03</proc:CurrentYear>
                                    </proc:ContractDates>
                                    <proc:DeliveryDates>
                                        <proc:PriorYear>2025-03</proc:PriorYear>
                                        <proc:CurrentYear>2026-03</proc:CurrentYear>
                                    </proc:DeliveryDates>
                                    <proc:AdminLeadTimeAfterOct1InMonths>5</proc:AdminLeadTimeAfterOct1InMonths>
                                    <proc:ProductionLeadTimeAfterOct1InMonths>12</proc:ProductionLeadTimeAfterOct1InMonths>
                                </proc:Manufacturer>
                            </proc:ManufacturerList>
                            <proc:TotalCost>
                                <proc:TotalCost>
                                    <proc:AllPriorYears>1.062</proc:AllPriorYears>
                                    <proc:PriorYear>23.978</proc:PriorYear>
                                    <proc:CurrentYear>9.886</proc:CurrentYear>
                                </proc:TotalCost>
                            </proc:TotalCost>
                        </proc:Procurement>
                        <proc:Installation>
                            <proc:ImplementationMethodList>
                                <proc:ImplementationMethod>
                                    <proc:OrganicInstallation>
                                        <proc:ImplementationMethodName>Org/Intermediate</proc:ImplementationMethodName>
                                        <proc:InstallationQuantity>788</proc:InstallationQuantity>
                                    </proc:OrganicInstallation>
                                </proc:ImplementationMethod>
                            </proc:ImplementationMethodList>
                        </proc:Installation>
                    </proc:ModificationItem>
                    <proc:ModificationItem>
                        <proc:Title>Video Data Transfer Unit/Hud Camera</proc:Title>
                        <proc:Procurement>
                            <proc:BKits>
                                <proc:Recurring>
                                    <proc:KitList>
                                        <proc:Kit>
                                            <proc:Name>Video Data Transfer Unit/Hud Camera:EQUIPMENT Group B (Active)</proc:Name>
                                            <proc:Cost>
                                                <proc:Quantity>
                                                    <proc:CurrentYear>141</proc:CurrentYear>
                                                    <proc:BudgetYearOneBase>127</proc:BudgetYearOneBase>
                                                    <proc:BudgetYearOne>127</proc:BudgetYearOne>
                                                </proc:Quantity>
                                                <proc:TotalCost>
                                                    <proc:CurrentYear>7.08</proc:CurrentYear>
                                                    <proc:BudgetYearOneBase>6.357</proc:BudgetYearOneBase>
                                                    <proc:BudgetYearOne>6.357</proc:BudgetYearOne>
                                                </proc:TotalCost>
                                            </proc:Cost>
                                        </proc:Kit>
                                    </proc:KitList>
                                    <proc:CategorySubtotal>
                                        <proc:TotalCost>
                                            <proc:CurrentYear>7.08</proc:CurrentYear>
                                            <proc:BudgetYearOneBase>6.357</proc:BudgetYearOneBase>
                                            <proc:BudgetYearOne>6.357</proc:BudgetYearOne>
                                        </proc:TotalCost>
                                    </proc:CategorySubtotal>
                                </proc:Recurring>
                            </proc:BKits>
                            <proc:ManufacturerList>
                                <proc:Manufacturer>
                                    <proc:Name>Boeing</proc:Name>
                                    <proc:Location>St. Louis, MO</proc:Location>
                                    <proc:ContractDates>
                                        <proc:CurrentYear>2025-04</proc:CurrentYear>
                                        <proc:BudgetYearOne>2026-04</proc:BudgetYearOne>
                                    </proc:ContractDates>
                                    <proc:DeliveryDates>
                                        <proc:CurrentYear>2026-04</proc:CurrentYear>
                                        <proc:BudgetYearOne>2027-04</proc:BudgetYearOne>
                                    </proc:DeliveryDates>
                                    <proc:AdminLeadTimeAfterOct1InMonths>6</proc:AdminLeadTimeAfterOct1InMonths>
                                    <proc:ProductionLeadTimeAfterOct1InMonths>12</proc:ProductionLeadTimeAfterOct1InMonths>
                                </proc:Manufacturer>
                            </proc:ManufacturerList>
                            <proc:TotalCost>
                                <proc:TotalCost>
                                    <proc:CurrentYear>7.08</proc:CurrentYear>
                                    <proc:BudgetYearOneBase>6.357</proc:BudgetYearOneBase>
                                    <proc:BudgetYearOne>6.357</proc:BudgetYearOne>
                                </proc:TotalCost>
                            </proc:TotalCost>
                        </proc:Procurement>
                        <proc:Installation>
                            <proc:ImplementationMethodList>
                                <proc:ImplementationMethod>
                                    <proc:OrganicInstallation>
                                        <proc:ImplementationMethodName>Org/Intermediate</proc:ImplementationMethodName>
                                        <proc:InstallationQuantity>268</proc:InstallationQuantity>
                                    </proc:OrganicInstallation>
                                </proc:ImplementationMethod>
                            </proc:ImplementationMethodList>
                        </proc:Installation>
                    </proc:ModificationItem>
                </proc:ModificationItemList>
                <proc:ProcurementSubtotal>
                    <proc:TotalCost>
                        <proc:AllPriorYears>10.834</proc:AllPriorYears>
                        <proc:PriorYear>59.042</proc:PriorYear>
                        <proc:CurrentYear>26.852</proc:CurrentYear>
                        <proc:BudgetYearOneBase>6.357</proc:BudgetYearOneBase>
                        <proc:BudgetYearOne>6.357</proc:BudgetYearOne>
                    </proc:TotalCost>
                </proc:ProcurementSubtotal>
                <proc:Description>T-38 Avionics work consists of two major programs, the T-38C Terminal Avionics Replacement Program (TARP), and the T-38A/B Low-cost Avionics Modification Program (LAMP), described below.

TARP develops replacements for four T-38C avionics components facing obsolescence. Failure to fund this effort will result in fleet-wide T-38C non-serviceability starting in Apr 2026. TARP includes, but is not limited to:

1-2. Electronic Engine Display (EED) and Multi-Function Display (MFD) (T-38C Displays): Without a replacement, T-38C aircraft will be grounded once the repair contract for EED and MFD expires in Mar 2026. 

3-4. Video Data Transfer Unit (VDTU) and Head-Up Display Camera (HUDC) (T-38C Recording Devices): Compact Flash Cards that record flight data are no longer procurable. Without a functioning VDTU, the T-38C will be unsuitable for training purposes, with no ability to record flight data. Without a replacement, the current HUDC will no longer function after the repair contract expires in Mar 2026. The HUDC is essential to the T-38C training mission, as a critical tool for student/instructor feedback.
 
5. LAMP addresses high failure rates in T-38A/B navigation system components, which are currently causing a safety risk to pilot spatial orientation. Flight restrictions associated with this risk are impacting F-22, U-2, and B-2 readiness. Planned component replacements include, but are not limited to, the Attitude Director Indicator and the Horizontal Situation Indicator. Failure to fund this effort will result in ongoing safety risk for the T-38A/B fleet, and increased impact to F-22, U-2, and B-2 readiness. LAMP will replace the current Attitude Director Indicator (ADI) and Horizontal Situation Indicator (HSI), which have low Mean Times Between Failure (MTBF). Ongoing LAMP activity may either refurbish or replace other navigation components, to include the Attitude Gyro Control Assembly, Rate Switching Gyro, Rate Gyro Transmitter, Servo-Amplifier, and Flight Director Computer.

All T-38 Avionics modifications' (T-38C EED, MFD, VDTU, and HUD Camera) method of implementation is Contractor Field Team and/or Contractor Depot Offload. The T-38 program office provides organic engineering support to the T-38 fleet, and has suitable expertise to develop and issue tech data associated with these installs, negating any need for a Contractor Field Team or similar.

This requirement (or modification) supports performance of a full financial audit as required by title 10 U.S.C. Chapter 9A, Sec 240-D.

Milestone/Development Status

TARP and LAMP components are in varying stages of development, with procurement starting as soon as development is complete. EED and MFD long-lead procurement started in late FY 2023, while VDTU and HUDC are planned for production start in FY 2024.</proc:Description>
            </proc:P3AModificationItemGroup>
            <proc:P3AModificationItemGroup>
                <proc:ModificationTitle>Talon Repair, Inspection and Maintenance</proc:ModificationTitle>
                <proc:ModificationNumber>6091</proc:ModificationNumber>
                <proc:ModificationType>Reliability &amp; Maintainability</proc:ModificationType>
                <proc:ModelsAffectedList>
                    <proc:ModelAffected>T-38</proc:ModelAffected>
                </proc:ModelsAffectedList>
                <proc:IdCode>A</proc:IdCode>
                <proc:ResourceSummary>
                    <proc:TotalCost>
                        <proc:AllPriorYears>30.315</proc:AllPriorYears>
                        <proc:PriorYear>26.894</proc:PriorYear>
                        <proc:CurrentYear>35.288</proc:CurrentYear>
                        <proc:BudgetYearOneBase>78.507</proc:BudgetYearOneBase>
                        <proc:BudgetYearOneOOC>0</proc:BudgetYearOneOOC>
                        <proc:BudgetYearOne>78.507</proc:BudgetYearOne>
                    </proc:TotalCost>
                    <proc:NetProcurementP1>
                        <proc:AllPriorYears>30.315</proc:AllPriorYears>
                        <proc:PriorYear>26.894</proc:PriorYear>
                        <proc:CurrentYear>35.288</proc:CurrentYear>
                        <proc:BudgetYearOneBase>78.507</proc:BudgetYearOneBase>
                        <proc:BudgetYearOneOOC>0</proc:BudgetYearOneOOC>
                        <proc:BudgetYearOne>78.507</proc:BudgetYearOne>
                    </proc:NetProcurementP1>
                    <proc:TotalObligationAuthority>
                        <proc:AllPriorYears>30.315</proc:AllPriorYears>
                        <proc:PriorYear>26.894</proc:PriorYear>
                        <proc:CurrentYear>35.288</proc:CurrentYear>
                        <proc:BudgetYearOneBase>78.507</proc:BudgetYearOneBase>
                        <proc:BudgetYearOneOOC>0</proc:BudgetYearOneOOC>
                        <proc:BudgetYearOne>78.507</proc:BudgetYearOne>
                    </proc:TotalObligationAuthority>
                </proc:ResourceSummary>
                <proc:SupportCost>
                    <proc:CostElementList>
                        <proc:CostElement>
                            <proc:Name>GROUP A: TOTAL NONRECURRING</proc:Name>
                            <proc:Cost>
                                <proc:TotalCost>
                                    <proc:AllPriorYears>2.539</proc:AllPriorYears>
                                    <proc:PriorYear>6.451</proc:PriorYear>
                                    <proc:CurrentYear>0.562</proc:CurrentYear>
                                </proc:TotalCost>
                            </proc:Cost>
                        </proc:CostElement>
                        <proc:CostElement>
                            <proc:Name>SUPPORT-EQUIP</proc:Name>
                            <proc:Cost>
                                <proc:TotalCost>
                                    <proc:AllPriorYears>2.107</proc:AllPriorYears>
                                    <proc:PriorYear>5.135</proc:PriorYear>
                                    <proc:CurrentYear>5.483</proc:CurrentYear>
                                    <proc:BudgetYearOneBase>3.009</proc:BudgetYearOneBase>
                                    <proc:BudgetYearOne>3.009</proc:BudgetYearOne>
                                </proc:TotalCost>
                            </proc:Cost>
                        </proc:CostElement>
                        <proc:CostElement>
                            <proc:Name>PSC - Other Gov't Costs</proc:Name>
                            <proc:Cost>
                                <proc:TotalCost>
                                    <proc:AllPriorYears>0.578</proc:AllPriorYears>
                                    <proc:PriorYear>0.252</proc:PriorYear>
                                    <proc:CurrentYear>0.075</proc:CurrentYear>
                                    <proc:BudgetYearOneBase>0.075</proc:BudgetYearOneBase>
                                    <proc:BudgetYearOne>0.075</proc:BudgetYearOne>
                                </proc:TotalCost>
                            </proc:Cost>
                        </proc:CostElement>
                        <proc:CostElement>
                            <proc:Name>PSC - Contractor Services</proc:Name>
                            <proc:Cost>
                                <proc:TotalCost>
                                    <proc:AllPriorYears>0.424</proc:AllPriorYears>
                                    <proc:PriorYear>1.413</proc:PriorYear>
                                    <proc:CurrentYear>0.631</proc:CurrentYear>
                                    <proc:BudgetYearOneBase>1.7</proc:BudgetYearOneBase>
                                    <proc:BudgetYearOne>1.7</proc:BudgetYearOne>
                                </proc:TotalCost>
                            </proc:Cost>
                        </proc:CostElement>
                    </proc:CostElementList>
                    <proc:CategorySubtotal>
                        <proc:TotalCost>
                            <proc:AllPriorYears>5.648</proc:AllPriorYears>
                            <proc:PriorYear>13.251</proc:PriorYear>
                            <proc:CurrentYear>6.751</proc:CurrentYear>
                            <proc:BudgetYearOneBase>4.784</proc:BudgetYearOneBase>
                            <proc:BudgetYearOne>4.784</proc:BudgetYearOne>
                        </proc:TotalCost>
                    </proc:CategorySubtotal>
                </proc:SupportCost>
                <proc:ModificationItemList>
                    <proc:ModificationItem>
                        <proc:Title>Install Kit</proc:Title>
                        <proc:Procurement>
                            <proc:AKits>
                                <proc:Recurring>
                                    <proc:KitList>
                                        <proc:Kit>
                                            <proc:Name>Install Kit:INSTALL KITS Group A (Active)</proc:Name>
                                            <proc:Cost>
                                                <proc:Quantity>
                                                    <proc:AllPriorYears>168</proc:AllPriorYears>
                                                    <proc:CurrentYear>47</proc:CurrentYear>
                                                    <proc:BudgetYearOneBase>47</proc:BudgetYearOneBase>
                                                    <proc:BudgetYearOne>47</proc:BudgetYearOne>
                                                </proc:Quantity>
                                                <proc:TotalCost>
                                                    <proc:AllPriorYears>20.291</proc:AllPriorYears>
                                                    <proc:CurrentYear>7.127</proc:CurrentYear>
                                                    <proc:BudgetYearOneBase>5.386</proc:BudgetYearOneBase>
                                                    <proc:BudgetYearOne>5.386</proc:BudgetYearOne>
                                                </proc:TotalCost>
                                            </proc:Cost>
                                        </proc:Kit>
                                    </proc:KitList>
                                    <proc:CategorySubtotal>
                                        <proc:TotalCost>
                                            <proc:AllPriorYears>20.291</proc:AllPriorYears>
                                            <proc:CurrentYear>7.127</proc:CurrentYear>
                                            <proc:BudgetYearOneBase>5.386</proc:BudgetYearOneBase>
                                            <proc:BudgetYearOne>5.386</proc:BudgetYearOne>
                                        </proc:TotalCost>
                                    </proc:CategorySubtotal>
                                </proc:Recurring>
                            </proc:AKits>
                            <proc:ManufacturerList>
                                <proc:Manufacturer>
                                    <proc:Name>CPI Aerostructures, Inc.</proc:Name>
                                    <proc:Location>Edgewood, NY</proc:Location>
                                    <proc:ContractDates>
                                        <proc:CurrentYear>2025-06</proc:CurrentYear>
                                        <proc:BudgetYearOne>2026-06</proc:BudgetYearOne>
                                    </proc:ContractDates>
                                    <proc:DeliveryDates>
                                        <proc:CurrentYear>2029-02</proc:CurrentYear>
                                        <proc:BudgetYearOne>2030-02</proc:BudgetYearOne>
                                    </proc:DeliveryDates>
                                    <proc:AdminLeadTimeAfterOct1InMonths>8</proc:AdminLeadTimeAfterOct1InMonths>
                                    <proc:ProductionLeadTimeAfterOct1InMonths>44</proc:ProductionLeadTimeAfterOct1InMonths>
                                </proc:Manufacturer>
                            </proc:ManufacturerList>
                            <proc:TotalCost>
                                <proc:TotalCost>
                                    <proc:AllPriorYears>20.291</proc:AllPriorYears>
                                    <proc:CurrentYear>7.127</proc:CurrentYear>
                                    <proc:BudgetYearOneBase>5.386</proc:BudgetYearOneBase>
                                    <proc:BudgetYearOne>5.386</proc:BudgetYearOne>
                                </proc:TotalCost>
                            </proc:TotalCost>
                        </proc:Procurement>
                        <proc:Installation>
                            <proc:ImplementationMethodList>
                                <proc:ImplementationMethod>
                                    <proc:NonOrganicInstallation>
                                        <proc:ImplementationMethodName>Depot</proc:ImplementationMethodName>
                                        <proc:InstallationCost>
                                            <proc:AllPriorYears>
                                                <proc:Cost>
                                                    <proc:Quantity>
                                                        <proc:AllPriorYears>3</proc:AllPriorYears>
                                                        <proc:PriorYear>9</proc:PriorYear>
                                                        <proc:CurrentYear>14</proc:CurrentYear>
                                                        <proc:BudgetYearOneBase>42</proc:BudgetYearOneBase>
                                                        <proc:BudgetYearOne>42</proc:BudgetYearOne>
                                                    </proc:Quantity>
                                                    <proc:TotalCost>
                                                        <proc:AllPriorYears>4.376</proc:AllPriorYears>
                                                        <proc:PriorYear>13.643</proc:PriorYear>
                                                        <proc:CurrentYear>21.41</proc:CurrentYear>
                                                        <proc:BudgetYearOneBase>68.337</proc:BudgetYearOneBase>
                                                        <proc:BudgetYearOne>68.337</proc:BudgetYearOne>
                                                    </proc:TotalCost>
                                                </proc:Cost>
                                            </proc:AllPriorYears>
                                            <proc:Total>
                                                <proc:Cost>
                                                    <proc:Quantity>
                                                        <proc:AllPriorYears>3</proc:AllPriorYears>
                                                        <proc:PriorYear>9</proc:PriorYear>
                                                        <proc:CurrentYear>14</proc:CurrentYear>
                                                        <proc:BudgetYearOneBase>42</proc:BudgetYearOneBase>
                                                        <proc:BudgetYearOne>42</proc:BudgetYearOne>
                                                    </proc:Quantity>
                                                    <proc:TotalCost>
                                                        <proc:AllPriorYears>4.376</proc:AllPriorYears>
                                                        <proc:PriorYear>13.643</proc:PriorYear>
                                                        <proc:CurrentYear>21.41</proc:CurrentYear>
                                                        <proc:BudgetYearOneBase>68.337</proc:BudgetYearOneBase>
                                                        <proc:BudgetYearOne>68.337</proc:BudgetYearOne>
                                                    </proc:TotalCost>
                                                </proc:Cost>
                                            </proc:Total>
                                        </proc:InstallationCost>
                                        <proc:InstallationSchedule>
                                            <proc:In>
                                                <proc:AllPriorYears>3</proc:AllPriorYears>
                                                <proc:PriorYear>
                                                    <proc:FirstQuarter>0</proc:FirstQuarter>
                                                    <proc:SecondQuarter>0</proc:SecondQuarter>
                                                    <proc:ThirdQuarter>4</proc:ThirdQuarter>
                                                    <proc:FourthQuarter>5</proc:FourthQuarter>
                                                </proc:PriorYear>
                                                <proc:CurrentYear>
                                                    <proc:FirstQuarter>2</proc:FirstQuarter>
                                                    <proc:SecondQuarter>1</proc:SecondQuarter>
                                                    <proc:ThirdQuarter>5</proc:ThirdQuarter>
                                                    <proc:FourthQuarter>6</proc:FourthQuarter>
                                                </proc:CurrentYear>
                                                <proc:BudgetYearOne>
                                                    <proc:FirstQuarter>10</proc:FirstQuarter>
                                                    <proc:SecondQuarter>10</proc:SecondQuarter>
                                                    <proc:ThirdQuarter>11</proc:ThirdQuarter>
                                                    <proc:FourthQuarter>11</proc:FourthQuarter>
                                                </proc:BudgetYearOne>
                                            </proc:In>
                                            <proc:Out>
                                                <proc:AllPriorYears>1</proc:AllPriorYears>
                                                <proc:PriorYear>
                                                    <proc:SecondQuarter>2</proc:SecondQuarter>
                                                </proc:PriorYear>
                                                <proc:CurrentYear>
                                                    <proc:SecondQuarter>4</proc:SecondQuarter>
                                                    <proc:ThirdQuarter>5</proc:ThirdQuarter>
                                                    <proc:FourthQuarter>2</proc:FourthQuarter>
                                                </proc:CurrentYear>
                                                <proc:BudgetYearOne>
                                                    <proc:FirstQuarter>1</proc:FirstQuarter>
                                                    <proc:SecondQuarter>5</proc:SecondQuarter>
                                                    <proc:ThirdQuarter>6</proc:ThirdQuarter>
                                                    <proc:FourthQuarter>10</proc:FourthQuarter>
                                                </proc:BudgetYearOne>
                                            </proc:Out>
                                        </proc:InstallationSchedule>
                                    </proc:NonOrganicInstallation>
                                </proc:ImplementationMethod>
                            </proc:ImplementationMethodList>
                            <proc:TotalCost>
                                <proc:Quantity>
                                    <proc:AllPriorYears>3</proc:AllPriorYears>
                                    <proc:PriorYear>9</proc:PriorYear>
                                    <proc:CurrentYear>14</proc:CurrentYear>
                                    <proc:BudgetYearOneBase>42</proc:BudgetYearOneBase>
                                    <proc:BudgetYearOne>42</proc:BudgetYearOne>
                                </proc:Quantity>
                                <proc:TotalCost>
                                    <proc:AllPriorYears>4.376</proc:AllPriorYears>
                                    <proc:PriorYear>13.643</proc:PriorYear>
                                    <proc:CurrentYear>21.41</proc:CurrentYear>
                                    <proc:BudgetYearOneBase>68.337</proc:BudgetYearOneBase>
                                    <proc:BudgetYearOne>68.337</proc:BudgetYearOne>
                                </proc:TotalCost>
                            </proc:TotalCost>
                        </proc:Installation>
                    </proc:ModificationItem>
                </proc:ModificationItemList>
                <proc:ProcurementSubtotal>
                    <proc:TotalCost>
                        <proc:AllPriorYears>20.291</proc:AllPriorYears>
                        <proc:CurrentYear>7.127</proc:CurrentYear>
                        <proc:BudgetYearOneBase>5.386</proc:BudgetYearOneBase>
                        <proc:BudgetYearOne>5.386</proc:BudgetYearOne>
                    </proc:TotalCost>
                </proc:ProcurementSubtotal>
                <proc:InstallationSubtotal>
                    <proc:Quantity>
                        <proc:AllPriorYears>3</proc:AllPriorYears>
                        <proc:PriorYear>9</proc:PriorYear>
                        <proc:CurrentYear>14</proc:CurrentYear>
                        <proc:BudgetYearOneBase>42</proc:BudgetYearOneBase>
                        <proc:BudgetYearOne>42</proc:BudgetYearOne>
                    </proc:Quantity>
                    <proc:TotalCost>
                        <proc:AllPriorYears>4.376</proc:AllPriorYears>
                        <proc:PriorYear>13.643</proc:PriorYear>
                        <proc:CurrentYear>21.41</proc:CurrentYear>
                        <proc:BudgetYearOneBase>68.337</proc:BudgetYearOneBase>
                        <proc:BudgetYearOne>68.337</proc:BudgetYearOne>
                    </proc:TotalCost>
                </proc:InstallationSubtotal>
                <proc:Description>Talon Repair, Inspection, and Maintenance (TRIM) is a depot-level modification program which replaces or repairs critical structural items that are subject to time-based degradation. TRIM will be fielded to the complete T-38A/B fleet, and select T-38C aircraft. Of the T-38s to be modified, the T-38A/Bs lack the structural modifications made during the Propulsion Modernization Program (PMP) and the T-38Cs lack the structural modifications made during PCIII. Extended service requirements and continued utilization of these T-38A/B/C aircraft drive the need to correct material deficiencies and fatigue damage to key parts such as upper/lower center longerons, formers/bulkheads, and vertical stabilizer attach angles, and many other parts. These modifications will ensure fleet viability and airworthiness through the required T-38 retirement/divestiture dates. If uncorrected, the structural performance risk may result in aircraft groundings, flight restrictions, more frequent inspection intervals, and/or an unacceptable risk to personnel.

A portion of TRIM procurement funding is being used for expanding facilities at Randolph AFB, TX as the primary source of repair and at other approved locations for additional aircraft hangar space, maintenance stands, and other depot equipment.

This modification supports performance of a full financial audit as required by title 10 U.S.C. Chapter 9A, Sec 240-D.

Milestone/Development Status

Production and deployment underway.</proc:Description>
            </proc:P3AModificationItemGroup>
        </proc:ItemExhibitList>
        <proc:DocumentAssemblyOptions>
            <proc:p40AItemScheduleSetting>total</proc:p40AItemScheduleSetting>
        </proc:DocumentAssemblyOptions>
    </proc:LineItem>
</proc:LineItemList>