<?xml version="1.0" encoding="UTF-8"?>
<proc:LineItemList xmlns:proc="http://www.dtic.mil/comptroller/xml/schema/20100219/procurement">
    <proc:LineItem quantityUnits="Each" unitCostUnits="Millions" totalCostUnits="Millions" manufacturerRateUnits="Yearly">
        <proc:LineItemNumber>F02200</proc:LineItemNumber>
        <proc:LineItemTitle>F-22A</proc:LineItemTitle>
        <proc:P1LineNumber>115</proc:P1LineNumber>
        <proc:BudgetYear>2026</proc:BudgetYear>
        <proc:BudgetCycle>PB</proc:BudgetCycle>
        <proc:SubmissionDate>2025-06</proc:SubmissionDate>
        <proc:ServiceAgencyName>Air Force</proc:ServiceAgencyName>
        <proc:AppropriationNumber>3010F</proc:AppropriationNumber>
        <proc:AppropriationTitle>Aircraft Procurement, Air Force</proc:AppropriationTitle>
        <proc:BudgetActivityNumber>7</proc:BudgetActivityNumber>
        <proc:BudgetActivityTitle>Aircraft Supt Equipment &amp; Facilities</proc:BudgetActivityTitle>
        <proc:BudgetSubActivityNumber>2</proc:BudgetSubActivityNumber>
        <proc:BudgetSubActivityTitle>Post Production Support</proc:BudgetSubActivityTitle>
        <proc:ResourceSummary>
            <proc:TotalCost>
                <proc:PriorYear>38.418</proc:PriorYear>
                <proc:CurrentYear>0</proc:CurrentYear>
                <proc:BudgetYearOneBase>0</proc:BudgetYearOneBase>
                <proc:BudgetYearOne>0</proc:BudgetYearOne>
            </proc:TotalCost>
            <proc:NetProcurementP1>
                <proc:PriorYear>38.418</proc:PriorYear>
                <proc:CurrentYear>0</proc:CurrentYear>
                <proc:BudgetYearOneBase>0</proc:BudgetYearOneBase>
                <proc:BudgetYearOne>0</proc:BudgetYearOne>
            </proc:NetProcurementP1>
            <proc:TotalObligationAuthority>
                <proc:PriorYear>38.418</proc:PriorYear>
                <proc:CurrentYear>0</proc:CurrentYear>
                <proc:BudgetYearOneBase>0</proc:BudgetYearOneBase>
                <proc:BudgetYearOne>0</proc:BudgetYearOne>
            </proc:TotalObligationAuthority>
        </proc:ResourceSummary>
        <proc:Code>A</proc:Code>
        <proc:Description>This effort procures necessary support equipment for a simulation environment. The battlespace environment and the computing infrastructure to implement the battlespace is referred to as Joint Simulation Environment (JSE) in a box.

Funding for this exhibit is contained in PE 0207138F.</proc:Description>
        <proc:Justification>No FY 2026 funding is requested.

FY 2024 funding procured the production and integration of F-22 In a Box (IAB) systems including Hardware (HW), all required Software (SW) licenses, and SW build to deliver a complete F-22 IAB system to the Virtual Test &amp; Training Center (VTTC), Nellis AFB, Las Vegas, Nevada. An F-22 IAB system includes the cockpit, Hands-On-Throttle And Stick (HOTAS), landing gear panel, Cockpit Support Rack (CSR), spares, appropriate SW licenses, and current SW build.

Funding allows these systems to operate within the JSE environment to provide "Night-1" capability and high end integrated advanced tactics, test, and training.  It will also ensure the capabilities developed through the operational imperatives can be rapidly incorporated into warfighting concepts of employment (CONEMPs).

Funding may be used to resolve emerging safety of flight and DMS issues, accommodate technology insertion, respond to field support equipment issues, and fulfill Federal Aviation Administration (FAA) or other mandates to ensure continued aircrew safety maintenance capability and mission effectiveness.</proc:Justification>
        <proc:DocumentAssemblyOptions>
            <proc:p40AItemScheduleSetting>expandItemSuppressExhibit</proc:p40AItemScheduleSetting>
        </proc:DocumentAssemblyOptions>
    </proc:LineItem>
</proc:LineItemList>