<?xml version="1.0" encoding="UTF-8"?>
<proc:LineItemList xmlns:proc="http://www.dtic.mil/comptroller/xml/schema/20100219/procurement">
    <proc:LineItem quantityUnits="Each" unitCostUnits="Millions" totalCostUnits="Millions" manufacturerRateUnits="Yearly">
        <proc:LineItemNumber>000999</proc:LineItemNumber>
        <proc:LineItemTitle>Initial Spares/Repair Parts</proc:LineItemTitle>
        <proc:P1LineNumber>94</proc:P1LineNumber>
        <proc:BudgetYear>2026</proc:BudgetYear>
        <proc:BudgetCycle>PB</proc:BudgetCycle>
        <proc:SubmissionDate>2025-06</proc:SubmissionDate>
        <proc:ServiceAgencyName>Air Force</proc:ServiceAgencyName>
        <proc:AppropriationNumber>3010F</proc:AppropriationNumber>
        <proc:AppropriationTitle>Aircraft Procurement, Air Force</proc:AppropriationTitle>
        <proc:BudgetActivityNumber>6</proc:BudgetActivityNumber>
        <proc:BudgetActivityTitle>Aircraft Spares and Repair Parts</proc:BudgetActivityTitle>
        <proc:BudgetSubActivityNumber>10</proc:BudgetSubActivityNumber>
        <proc:BudgetSubActivityTitle>Aircraft Spares and Repair Parts</proc:BudgetSubActivityTitle>
        <proc:ResourceSummary>
            <proc:TotalCost>
                <proc:AllPriorYears>10.57</proc:AllPriorYears>
                <proc:PriorYear>865.79</proc:PriorYear>
                <proc:CurrentYear>982.491</proc:CurrentYear>
                <proc:BudgetYearOneBase>973.535</proc:BudgetYearOneBase>
                <proc:BudgetYearOne>973.535</proc:BudgetYearOne>
            </proc:TotalCost>
            <proc:NetProcurementP1>
                <proc:AllPriorYears>10.57</proc:AllPriorYears>
                <proc:PriorYear>865.79</proc:PriorYear>
                <proc:CurrentYear>982.491</proc:CurrentYear>
                <proc:BudgetYearOneBase>973.535</proc:BudgetYearOneBase>
                <proc:BudgetYearOne>973.535</proc:BudgetYearOne>
            </proc:NetProcurementP1>
            <proc:TotalObligationAuthority>
                <proc:AllPriorYears>10.57</proc:AllPriorYears>
                <proc:PriorYear>865.79</proc:PriorYear>
                <proc:CurrentYear>982.491</proc:CurrentYear>
                <proc:BudgetYearOneBase>973.535</proc:BudgetYearOneBase>
                <proc:BudgetYearOne>973.535</proc:BudgetYearOne>
            </proc:TotalObligationAuthority>
        </proc:ResourceSummary>
        <proc:Description>Program Description:  Aircraft Initial Spares are required to fill the initial pipeline or inventory for all new aircraft systems, including modifications, support equipment, and other production categories.  Initial spares include peculiar repairable and consumable components, assemblies, and sub-assemblies that must be available for issue at all levels of supply in time to support newly fielded end items.

The following Major Defense Acquisition Programs (MDAP) have funding in this line:
F-35,198 
B-2, 431
FAB-T, 199
CV-22, 212
AWACS UPGRADE, 277
KC-46A, 387
MQ-9 UAS Reaper, 424
T-7A (APT), 436
F-15 EPAWSS, 485
HH-60W (CRH), 479
MH-139A, 562

Initial spares are funded in the two program segments described below.

Working Capital Fund (WCF) Spares.  Since FY 1994, some programs have used obligation authority in the WCF to procure initial spares.  When the spares are delivered this central procurement account will reimburse the WCF.  Types of spares in this program segment are Readiness Spares Packages, New Acquisition Spares, Modification Spares, Support Equipment, Other Production, and Consumables.

Exempt Spares.  This program segment finances spares that are not purchased through the WCF.  The budget authority is a direct cite on the contract.  Types of spares in this program segment are Whole Spare Engines, Whole Spare Quick Engine Change Kits, Contractor Logistics Support, Simulators/Trainers, New Acquisition Spares, Modification Spares, Support Equipment, Classified Equipment, and Munitions.

The FY 2026 request for initial spares includes $973,535 thousand for discretionary and $1,023,806 thousand for mandatory (reconciliation) for a total of $1,997,341 thousand. The mandatory (reconciliation) funding supports initial spares for air vehicle propulsion, survivability, airframe and avionics programs.  Further information for this reconciliation request is provided in Section 20007 (Air Superiority) and 20010 (Readiness) of the Reconciliation Exhibit.

The FY 2026 funding request was reduced by a total of $28.222 million ($19.250 million for ATA000 and $8.972 million for E011A0) to account for the availability of prior year execution balances.</proc:Description>
        <proc:Justification>This program, B00200 B-2 Squadrons, is a new start.
This program, PRDTB1 MQ-9 UAV, is a new start.

B-2 Squadrons: FY 2026 funding is required to procure necessary initial spares including, but not limited to, the following B-2 modernization programs: Adaptable Communications Suite (ACS) 4.0 and B-2 Collaborative Combat Communications (B2C3).

B-52: FY 2026 funding is required to procure necessary initial spares including, but not limited to, the following B-52 modernization programs: Radar Modernization, Technical Data Link, Crypto Modernization,
VLF/LF, Mission Employment Trainer, other mods, and low-cost improvement programs.

C-5: FY 2026 funding request is to procure C-5 aircraft initial spares.  Funding request to ensure C-5 viability and improve aircraft availability in support of the Office of Secretary of Defense (OSD) Cost Assessment and Program Evaluation (CAPE) readiness study.

C-17: FY 2026 funding requested to procure initial spares of the hardware kits for on-going modification programs for C-17 aircraft to include but not limited to Beyond Line of Sight (BLOS), Replacement Heads-Up Display (RHUD), Filter Fire Mitigation (FFM), Aircraft Connectivity, training systems, and other production efforts.

C-130H Avionics Modernization Program (AMP) Incr. 2: FY 2026 funding request provides initial spares supporting fielding of C-130H AMP Increment 2 modification.

E-4B National Airborne Operations Center (NAOC): FY 2026 funds are required to support initial spares for numerous program efforts, including, but not limited to, Survivable Super High Frequency (SSHF) for
Increment 1 Ka baseplate and modem, SSHF Increment 2 WPM Modems, Various UPS systems, Spectrum Analyzer, Power Distribution Units, adapters, switches, and control panels, Low Frequency Transmit
System (LFTS) Diminishing Manufacturing Sources and Material Shortages (DMSMS) spare parts, Mobile User Objective System (MUOS) Receiver/Transmitter, Control/Radio Set, Amplifier Mount, Amplifier,
Mounting base and Cooling Shroud, Advanced Extremely High Frequency (AEHF) developed systems including Airborne Computing System (ACS), Enhanced Command Consoles (ECC), Automatic Patch and
Test System (APTS), Live Data Recording Element (DRE), 10GigaByte Ethernet, and APIP developed A Kit, and Low Cost Modifications.

F-15E: FY 2026 funding will be used to procure initial spares for F-15 modification programs including, but not limited to, MIDS-JTRS, MUOS/SATURN, and DTM II.

F-15EX - No FY26 funding is being requested

F-15 EPAWSS: FY 2026 funding will be used to procure critical EPAWSS initial spares required to support F-15E missions and aircraft availability metrics.

F-16: FY 2026 funds are required to procure initial spares to support the fielding of multiple program efforts, including, but not limited to, Comm Suite Radio Upgrade, Modular Mission Computer (MMC) Programmable Display Generator (PDG), Secure Mission Data System (SMDS) and Active Electronically Scanned Array (AESA). For additional detail, BP11 Line Number 29 Doc can be referenced.

F-22 Squadrons: The FY 2026 funds support the procurement of initial spares to include repairable and consumables items necessary at all levels of supply in time to support newly fielded end items. Efforts include but are not limited to the following: Link 16, Sensor Enhancement, CRPA, Crypto Modification, Mode 5 Identification Friend or Foe (IFF), and Low Drag Tanks and Pylons (LDTP). Link 16 hardware is required to enable Link 16 transmit, critical for combat operations. Sensor Enhancement hardware is required to implement advanced technology developments to maintain the platform's air superiority role. Crypto hardware is required to support National Security Administration mandates. Mode 5 IFF enables IFF Challenge and Reply capabilities on all Block 30/35 F-22 aircraft. LDTP provides increased range capability while maintaining own-ship survivability. Additional initial spares may be required to support newly fielded end items which are not tied to a specific thrust but rather are a result of a small project, reliability, maintainability or sustainability retrofit.

F-35: The FY 2026 discretionary funding supports the necessary production lead time for procurement of initial spares for Air Vehicle, Propulsion and Site Activation and Hardware for new production aircraft in Lot 20 and Depot Lay in spares required for F135 engine overhaul maintenance. Funds the Department of the Air Force's unique Deployed Spares Packages (DSP) to ensure USAF requirements align with Operational Plans for Combatant Commanders to support the National Defense Strategy. The USAF share of the JSF Global Spares Pool (GSP) costs are maintained with proper inventory levels to support daily training and operational USAF Fleet sustainment activities. The GSP is a foundational tenet of the F-35 joint program, whereby the USAF, Navy, Marine Corps, seven international Partners and twelve Foreign Military Sales (FMS) customers share the cost of spares, eliminating the need for each individual Participant to procure their own full depth and range of spares. Continued investment supports War on Readiness initiatives to increase Mission Capable (MC) rates across the Enterprise and ensures procurement of spares at required levels to meet sustainment milestones for all Participants.

HH-60W: FY 2026 funding request is to procure HH-60W initial spares for Diminishing Manufacturing Sources including, but not limited to, Radar Altimeter and Low Noise Amplifier items, as well as spares for training devices and modifications.

KC-46: FY 2026 funding request is for initial spares parts pipeline and repair spare parts, to include spare engines, in support of newly fielded KC-46A aircraft; supports Air Mobility Command's bed-down plan, as required by title 10 U.S.C. Chapter 9A, Sec 240-D. FY 2026 funds will be used to competitively procure initial spares using multiple-award IDIQ contracts.

KC-135: FY 2026 funding request is for initial spares to support KC-135 efforts to include but not limited to Real Time Information In Cockpit (RTIC); Mobile User Objective System (MUOS); Communication (COMM) 2 Cryptographic and Data program; High Frequency (HF) Modernization; and Center Console Refresh (CCR) programs. 

MH-139A: FY 2026 funding request is for initial spares, including but not limited to airframe, engine, readiness, and training systems to support the MH-139A aircraft.

MQ-9: FY 2026 funding request to procure minimal level of spares for Proliferated Low Earth Orbit (PLEO) and MQ-9 Multi-Domain Operations (M2DO) kits as part of the modification schedule for the fleet.   

Precision Attack Systems Procurement: FY 2026 funding is required for procurement of initial spares to support and maintain Advanced Targeting Pods modified with enhanced combat identification, longer range target location, improved imagery processing and target identification. Efforts will reduce collateral damage, and increase fratricide prevention for F-15E, F-16, A-10, B-1B, and B-52. Spares will include major sub-components such as mid-wave and long wave infrared cameras, mission processors and controllers, and redesigned data links for encryption, as well as eye-safe lasers for use in urban environments.

RC-135 Aircraft: FY 2026 funds are required to procure initial spares in support of modifications of three different RC-135 aircraft mission design series utilizing seven separate engineering baselines. The initial spares consist of numerous non-stock listed, commercial-off-the-shelf (COTS) LRU's, SRU's and piece part electronic components necessary for initial fielding and operations at seven world-wide operating locations.

T-7A (APT): FY 2026 funding request for initial spares, including but not limited to airframe, engine, readiness, and training systems to support the T-7A aircraft and devices.</proc:Justification>
        <proc:ItemExhibitList>
            <proc:P18Item>
                <proc:Name>Initial Spares/Repair Parts</proc:Name>
                <proc:InitialSpares>
                    <proc:EndItemBudgetActivity>
                        <proc:BudgetActivityNumber>6</proc:BudgetActivityNumber>
                        <proc:BudgetActivityTitle>Aircraft Spares and Repair Parts</proc:BudgetActivityTitle>
                        <proc:EndItemList>
                            <proc:EndItem>
                                <proc:Name>Aerial Targets</proc:Name>
                                <proc:LineItemNumber>10TRGT</proc:LineItemNumber>
                                <proc:Cost>
                                    <proc:PriorYear>0.643</proc:PriorYear>
                                    <proc:CurrentYear>0.659</proc:CurrentYear>
                                    <proc:BudgetYearOneBase>0.668</proc:BudgetYearOneBase>
                                    <proc:BudgetYearOneOOC>0</proc:BudgetYearOneOOC>
                                    <proc:BudgetYearOne>0.668</proc:BudgetYearOne>
                                </proc:Cost>
                            </proc:EndItem>
                            <proc:EndItem>
                                <proc:Name>Precision Attack Systems Procurement</proc:Name>
                                <proc:LineItemNumber>OTHACF</proc:LineItemNumber>
                                <proc:Cost>
                                    <proc:PriorYear>3.669</proc:PriorYear>
                                    <proc:CurrentYear>3.759</proc:CurrentYear>
                                    <proc:BudgetYearOneBase>3.811</proc:BudgetYearOneBase>
                                    <proc:BudgetYearOneOOC>0</proc:BudgetYearOneOOC>
                                    <proc:BudgetYearOne>3.811</proc:BudgetYearOne>
                                </proc:Cost>
                            </proc:EndItem>
                            <proc:EndItem>
                                <proc:Name>B-2 Squadrons</proc:Name>
                                <proc:LineItemNumber>B00200</proc:LineItemNumber>
                                <proc:Cost>
                                    <proc:BudgetYearOneBase>4.385</proc:BudgetYearOneBase>
                                    <proc:BudgetYearOneOOC>0</proc:BudgetYearOneOOC>
                                    <proc:BudgetYearOne>4.385</proc:BudgetYearOne>
                                </proc:Cost>
                            </proc:EndItem>
                            <proc:EndItem>
                                <proc:Name>B-52 Squadrons</proc:Name>
                                <proc:LineItemNumber>B05200</proc:LineItemNumber>
                                <proc:Cost>
                                    <proc:PriorYear>9.173</proc:PriorYear>
                                    <proc:CurrentYear>19.501</proc:CurrentYear>
                                    <proc:BudgetYearOneBase>19.789</proc:BudgetYearOneBase>
                                    <proc:BudgetYearOneOOC>0</proc:BudgetYearOneOOC>
                                    <proc:BudgetYearOne>19.789</proc:BudgetYearOne>
                                </proc:Cost>
                            </proc:EndItem>
                            <proc:EndItem>
                                <proc:Name>C-130 Airlift Squadron</proc:Name>
                                <proc:LineItemNumber>C13000</proc:LineItemNumber>
                                <proc:Cost>
                                    <proc:PriorYear>0.695</proc:PriorYear>
                                    <proc:CurrentYear>3.879</proc:CurrentYear>
                                    <proc:BudgetYearOneBase>3.208</proc:BudgetYearOneBase>
                                    <proc:BudgetYearOneOOC>0</proc:BudgetYearOneOOC>
                                    <proc:BudgetYearOne>3.208</proc:BudgetYearOne>
                                </proc:Cost>
                            </proc:EndItem>
                            <proc:EndItem>
                                <proc:Name>C-17 Aircraft (IF)</proc:Name>
                                <proc:LineItemNumber>C01700</proc:LineItemNumber>
                                <proc:Cost>
                                    <proc:PriorYear>11.637</proc:PriorYear>
                                    <proc:CurrentYear>10.405</proc:CurrentYear>
                                    <proc:BudgetYearOneBase>2.549</proc:BudgetYearOneBase>
                                    <proc:BudgetYearOneOOC>0</proc:BudgetYearOneOOC>
                                    <proc:BudgetYearOne>2.549</proc:BudgetYearOne>
                                </proc:Cost>
                            </proc:EndItem>
                            <proc:EndItem>
                                <proc:Name>C-5 AIRLIFT SQUADRONS (IF)</proc:Name>
                                <proc:LineItemNumber>C00500</proc:LineItemNumber>
                                <proc:Cost>
                                    <proc:PriorYear>2.053</proc:PriorYear>
                                    <proc:CurrentYear>9.519</proc:CurrentYear>
                                    <proc:BudgetYearOneBase>9.486</proc:BudgetYearOneBase>
                                    <proc:BudgetYearOneOOC>0</proc:BudgetYearOneOOC>
                                    <proc:BudgetYearOne>9.486</proc:BudgetYearOne>
                                </proc:Cost>
                            </proc:EndItem>
                            <proc:EndItem>
                                <proc:Name>Combat Developments</proc:Name>
                                <proc:LineItemNumber>OTHACF</proc:LineItemNumber>
                                <proc:Cost>
                                    <proc:PriorYear>0.168</proc:PriorYear>
                                    <proc:CurrentYear>0.173</proc:CurrentYear>
                                    <proc:BudgetYearOneBase>0.173</proc:BudgetYearOneBase>
                                    <proc:BudgetYearOneOOC>0</proc:BudgetYearOneOOC>
                                    <proc:BudgetYearOne>0.173</proc:BudgetYearOne>
                                </proc:Cost>
                            </proc:EndItem>
                            <proc:EndItem>
                                <proc:Name>Compass Call</proc:Name>
                                <proc:LineItemNumber>CALL00</proc:LineItemNumber>
                                <proc:Cost>
                                    <proc:PriorYear>68.555</proc:PriorYear>
                                    <proc:CurrentYear>13.949</proc:CurrentYear>
                                    <proc:BudgetYearOneBase>0</proc:BudgetYearOneBase>
                                    <proc:BudgetYearOneOOC>0</proc:BudgetYearOneOOC>
                                    <proc:BudgetYearOne>0</proc:BudgetYearOne>
                                </proc:Cost>
                            </proc:EndItem>
                            <proc:EndItem>
                                <proc:Name>Combat Rescue Helicopter</proc:Name>
                                <proc:LineItemNumber>H060WM</proc:LineItemNumber>
                                <proc:Cost>
                                    <proc:CurrentYear>1.859</proc:CurrentYear>
                                    <proc:BudgetYearOneBase>2.329</proc:BudgetYearOneBase>
                                    <proc:BudgetYearOneOOC>0</proc:BudgetYearOneOOC>
                                    <proc:BudgetYearOne>2.329</proc:BudgetYearOne>
                                </proc:Cost>
                            </proc:EndItem>
                            <proc:EndItem>
                                <proc:Name>CV-22</proc:Name>
                                <proc:LineItemNumber>V022A0</proc:LineItemNumber>
                                <proc:Cost>
                                    <proc:PriorYear>3.989</proc:PriorYear>
                                    <proc:CurrentYear>3.738</proc:CurrentYear>
                                    <proc:BudgetYearOneBase>1.975</proc:BudgetYearOneBase>
                                    <proc:BudgetYearOneOOC>0</proc:BudgetYearOneOOC>
                                    <proc:BudgetYearOne>1.975</proc:BudgetYearOne>
                                </proc:Cost>
                                <proc:MDAPCode>212</proc:MDAPCode>
                            </proc:EndItem>
                            <proc:EndItem>
                                <proc:Name>E-11A</proc:Name>
                                <proc:LineItemNumber>E011A0</proc:LineItemNumber>
                                <proc:Cost>
                                    <proc:AllPriorYears>10.57</proc:AllPriorYears>
                                    <proc:PriorYear>17.406</proc:PriorYear>
                                    <proc:CurrentYear>8.842</proc:CurrentYear>
                                    <proc:BudgetYearOneBase>0.018</proc:BudgetYearOneBase>
                                    <proc:BudgetYearOneOOC>0</proc:BudgetYearOneOOC>
                                    <proc:BudgetYearOne>0.018</proc:BudgetYearOne>
                                </proc:Cost>
                            </proc:EndItem>
                            <proc:EndItem>
                                <proc:Name>E-3 Airborne Warning and Control System (AWACS)</proc:Name>
                                <proc:LineItemNumber>E00300</proc:LineItemNumber>
                                <proc:Cost>
                                    <proc:CurrentYear>0.351</proc:CurrentYear>
                                    <proc:BudgetYearOneBase>0</proc:BudgetYearOneBase>
                                    <proc:BudgetYearOneOOC>0</proc:BudgetYearOneOOC>
                                    <proc:BudgetYearOne>0</proc:BudgetYearOne>
                                </proc:Cost>
                                <proc:MDAPCode>277</proc:MDAPCode>
                            </proc:EndItem>
                            <proc:EndItem>
                                <proc:Name>E-4B National Airborne Operations Center (NAOC)</proc:Name>
                                <proc:LineItemNumber>E00400</proc:LineItemNumber>
                                <proc:Cost>
                                    <proc:PriorYear>0.364</proc:PriorYear>
                                    <proc:CurrentYear>0.373</proc:CurrentYear>
                                    <proc:BudgetYearOneBase>0.378</proc:BudgetYearOneBase>
                                    <proc:BudgetYearOneOOC>0</proc:BudgetYearOneOOC>
                                    <proc:BudgetYearOne>0.378</proc:BudgetYearOne>
                                </proc:Cost>
                            </proc:EndItem>
                            <proc:EndItem>
                                <proc:Name>F-15 EPAWSS</proc:Name>
                                <proc:LineItemNumber>F15EWS</proc:LineItemNumber>
                                <proc:Cost>
                                    <proc:CurrentYear>21.945</proc:CurrentYear>
                                    <proc:BudgetYearOneBase>11.75</proc:BudgetYearOneBase>
                                    <proc:BudgetYearOneOOC>0</proc:BudgetYearOneOOC>
                                    <proc:BudgetYearOne>11.75</proc:BudgetYearOne>
                                </proc:Cost>
                            </proc:EndItem>
                            <proc:EndItem>
                                <proc:Name>F-15E Squadrons</proc:Name>
                                <proc:LineItemNumber>F01500E</proc:LineItemNumber>
                                <proc:Cost>
                                    <proc:PriorYear>14.081</proc:PriorYear>
                                    <proc:CurrentYear>2.861</proc:CurrentYear>
                                    <proc:BudgetYearOneBase>19.327</proc:BudgetYearOneBase>
                                    <proc:BudgetYearOneOOC>0</proc:BudgetYearOneOOC>
                                    <proc:BudgetYearOne>19.327</proc:BudgetYearOne>
                                </proc:Cost>
                            </proc:EndItem>
                            <proc:EndItem>
                                <proc:Name>F-16 Squadrons</proc:Name>
                                <proc:LineItemNumber>F01600</proc:LineItemNumber>
                                <proc:Cost>
                                    <proc:PriorYear>8.271</proc:PriorYear>
                                    <proc:CurrentYear>77.373</proc:CurrentYear>
                                    <proc:BudgetYearOneBase>14.564</proc:BudgetYearOneBase>
                                    <proc:BudgetYearOneOOC>0</proc:BudgetYearOneOOC>
                                    <proc:BudgetYearOne>14.564</proc:BudgetYearOne>
                                </proc:Cost>
                            </proc:EndItem>
                            <proc:EndItem>
                                <proc:Name>F-22A Squadrons</proc:Name>
                                <proc:LineItemNumber>F02200</proc:LineItemNumber>
                                <proc:Cost>
                                    <proc:PriorYear>35.941</proc:PriorYear>
                                    <proc:CurrentYear>42.047</proc:CurrentYear>
                                    <proc:BudgetYearOneBase>84.263</proc:BudgetYearOneBase>
                                    <proc:BudgetYearOneOOC>0</proc:BudgetYearOneOOC>
                                    <proc:BudgetYearOne>84.263</proc:BudgetYearOne>
                                </proc:Cost>
                                <proc:MDAPCode>265</proc:MDAPCode>
                            </proc:EndItem>
                            <proc:EndItem>
                                <proc:Name>F-35 Squadrons</proc:Name>
                                <proc:LineItemNumber>ATA000</proc:LineItemNumber>
                                <proc:Cost>
                                    <proc:PriorYear>446.47</proc:PriorYear>
                                    <proc:CurrentYear>440.846</proc:CurrentYear>
                                    <proc:BudgetYearOneBase>311.759</proc:BudgetYearOneBase>
                                    <proc:BudgetYearOneOOC>0</proc:BudgetYearOneOOC>
                                    <proc:BudgetYearOne>311.759</proc:BudgetYearOne>
                                </proc:Cost>
                                <proc:MDAPCode>198</proc:MDAPCode>
                            </proc:EndItem>
                            <proc:EndItem>
                                <proc:Name>KC-135S</proc:Name>
                                <proc:LineItemNumber>C13500</proc:LineItemNumber>
                                <proc:Cost>
                                    <proc:PriorYear>2.591</proc:PriorYear>
                                    <proc:CurrentYear>3.219</proc:CurrentYear>
                                    <proc:BudgetYearOneBase>4.839</proc:BudgetYearOneBase>
                                    <proc:BudgetYearOneOOC>0</proc:BudgetYearOneOOC>
                                    <proc:BudgetYearOne>4.839</proc:BudgetYearOne>
                                </proc:Cost>
                            </proc:EndItem>
                            <proc:EndItem>
                                <proc:Name>KC-46A Tanker Squadrons</proc:Name>
                                <proc:LineItemNumber>KC046A</proc:LineItemNumber>
                                <proc:Cost>
                                    <proc:PriorYear>159.072</proc:PriorYear>
                                    <proc:CurrentYear>206.754</proc:CurrentYear>
                                    <proc:BudgetYearOneBase>352.54</proc:BudgetYearOneBase>
                                    <proc:BudgetYearOneOOC>0</proc:BudgetYearOneOOC>
                                    <proc:BudgetYearOne>352.54</proc:BudgetYearOne>
                                </proc:Cost>
                                <proc:MDAPCode>387</proc:MDAPCode>
                            </proc:EndItem>
                            <proc:EndItem>
                                <proc:Name>MQ-9 UAV</proc:Name>
                                <proc:LineItemNumber>PRDTB1</proc:LineItemNumber>
                                <proc:Cost>
                                    <proc:BudgetYearOneBase>20.728</proc:BudgetYearOneBase>
                                    <proc:BudgetYearOneOOC>0</proc:BudgetYearOneOOC>
                                    <proc:BudgetYearOne>20.728</proc:BudgetYearOne>
                                </proc:Cost>
                                <proc:MDAPCode>424</proc:MDAPCode>
                            </proc:EndItem>
                            <proc:EndItem>
                                <proc:Name>Operational Support Airlift</proc:Name>
                                <proc:LineItemNumber>C02500</proc:LineItemNumber>
                                <proc:Cost>
                                    <proc:PriorYear>0.027</proc:PriorYear>
                                    <proc:BudgetYearOneBase>0</proc:BudgetYearOneBase>
                                    <proc:BudgetYearOneOOC>0</proc:BudgetYearOneOOC>
                                    <proc:BudgetYearOne>0</proc:BudgetYearOne>
                                </proc:Cost>
                            </proc:EndItem>
                            <proc:EndItem>
                                <proc:Name>RC-135 (Manned Reconnaissance Systems)</proc:Name>
                                <proc:LineItemNumber>DARP01</proc:LineItemNumber>
                                <proc:Cost>
                                    <proc:PriorYear>55.614</proc:PriorYear>
                                    <proc:CurrentYear>56.408</proc:CurrentYear>
                                    <proc:BudgetYearOneBase>57.108</proc:BudgetYearOneBase>
                                    <proc:BudgetYearOneOOC>0</proc:BudgetYearOneOOC>
                                    <proc:BudgetYearOne>57.108</proc:BudgetYearOne>
                                </proc:Cost>
                            </proc:EndItem>
                            <proc:EndItem>
                                <proc:Name>Advanced Trainer Replacement T-7A</proc:Name>
                                <proc:LineItemNumber>APT000</proc:LineItemNumber>
                                <proc:Cost>
                                    <proc:CurrentYear>19.638</proc:CurrentYear>
                                    <proc:BudgetYearOneBase>43</proc:BudgetYearOneBase>
                                    <proc:BudgetYearOneOOC>0</proc:BudgetYearOneOOC>
                                    <proc:BudgetYearOne>43</proc:BudgetYearOne>
                                </proc:Cost>
                                <proc:MDAPCode>436</proc:MDAPCode>
                            </proc:EndItem>
                            <proc:EndItem>
                                <proc:Name>U2 (Airborne Reconnaissance Systems)</proc:Name>
                                <proc:LineItemNumber>11U200</proc:LineItemNumber>
                                <proc:Cost>
                                    <proc:PriorYear>1.707</proc:PriorYear>
                                    <proc:CurrentYear>0</proc:CurrentYear>
                                    <proc:BudgetYearOneBase>0</proc:BudgetYearOneBase>
                                    <proc:BudgetYearOneOOC>0</proc:BudgetYearOneOOC>
                                    <proc:BudgetYearOne>0</proc:BudgetYearOne>
                                </proc:Cost>
                            </proc:EndItem>
                            <proc:EndItem>
                                <proc:Name>Undergraduate Pilot Training (UPT)</proc:Name>
                                <proc:LineItemNumber>T00100</proc:LineItemNumber>
                                <proc:Cost>
                                    <proc:PriorYear>3.35</proc:PriorYear>
                                    <proc:BudgetYearOneBase>0</proc:BudgetYearOneBase>
                                    <proc:BudgetYearOneOOC>0</proc:BudgetYearOneOOC>
                                    <proc:BudgetYearOne>0</proc:BudgetYearOne>
                                </proc:Cost>
                            </proc:EndItem>
                            <proc:EndItem>
                                <proc:Name>MH-139A (UH-1N Replacement)</proc:Name>
                                <proc:LineItemNumber>H0106O</proc:LineItemNumber>
                                <proc:Cost>
                                    <proc:PriorYear>20.314</proc:PriorYear>
                                    <proc:CurrentYear>34.393</proc:CurrentYear>
                                    <proc:BudgetYearOneBase>4.888</proc:BudgetYearOneBase>
                                    <proc:BudgetYearOneOOC>0</proc:BudgetYearOneOOC>
                                    <proc:BudgetYearOne>4.888</proc:BudgetYearOne>
                                </proc:Cost>
                            </proc:EndItem>
                        </proc:EndItemList>
                    </proc:EndItemBudgetActivity>
                    <proc:SubtotalSparesCost>
                        <proc:AllPriorYears>10.57</proc:AllPriorYears>
                        <proc:PriorYear>865.79</proc:PriorYear>
                        <proc:CurrentYear>982.491</proc:CurrentYear>
                        <proc:BudgetYearOneBase>973.535</proc:BudgetYearOneBase>
                        <proc:BudgetYearOneOOC>0</proc:BudgetYearOneOOC>
                        <proc:BudgetYearOne>973.535</proc:BudgetYearOne>
                    </proc:SubtotalSparesCost>
                </proc:InitialSpares>
                <proc:TotalSparesCost>
                    <proc:AllPriorYears>10.57</proc:AllPriorYears>
                    <proc:PriorYear>865.79</proc:PriorYear>
                    <proc:CurrentYear>982.491</proc:CurrentYear>
                    <proc:BudgetYearOneBase>973.535</proc:BudgetYearOneBase>
                    <proc:BudgetYearOneOOC>0</proc:BudgetYearOneOOC>
                    <proc:BudgetYearOne>973.535</proc:BudgetYearOne>
                </proc:TotalSparesCost>
            </proc:P18Item>
        </proc:ItemExhibitList>
        <proc:DocumentAssemblyOptions>
            <proc:p40AItemScheduleSetting>expandItemSuppressExhibit</proc:p40AItemScheduleSetting>
        </proc:DocumentAssemblyOptions>
    </proc:LineItem>
</proc:LineItemList>