<?xml version="1.0" encoding="UTF-8"?>
<proc:LineItemList xmlns:proc="http://www.dtic.mil/comptroller/xml/schema/20100219/procurement">
    <proc:LineItem quantityUnits="Each" unitCostUnits="Millions" totalCostUnits="Millions" manufacturerRateUnits="Yearly">
        <proc:LineItemNumber>11U200</proc:LineItemNumber>
        <proc:LineItemTitle>U-2 Mods</proc:LineItemTitle>
        <proc:P1LineNumber>62</proc:P1LineNumber>
        <proc:BudgetYear>2026</proc:BudgetYear>
        <proc:BudgetCycle>PB</proc:BudgetCycle>
        <proc:SubmissionDate>2025-06</proc:SubmissionDate>
        <proc:ServiceAgencyName>Air Force</proc:ServiceAgencyName>
        <proc:AppropriationNumber>3010F</proc:AppropriationNumber>
        <proc:AppropriationTitle>Aircraft Procurement, Air Force</proc:AppropriationTitle>
        <proc:BudgetActivityNumber>5</proc:BudgetActivityNumber>
        <proc:BudgetActivityTitle>Modification of Inservice Aircraft</proc:BudgetActivityTitle>
        <proc:BudgetSubActivityNumber>5</proc:BudgetSubActivityNumber>
        <proc:BudgetSubActivityTitle>Other Aircraft</proc:BudgetSubActivityTitle>
        <proc:ResourceSummary>
            <proc:TotalCost>
                <proc:AllPriorYears>629.168</proc:AllPriorYears>
                <proc:PriorYear>54.727</proc:PriorYear>
                <proc:CurrentYear>0</proc:CurrentYear>
                <proc:BudgetYearOneBase>0</proc:BudgetYearOneBase>
                <proc:BudgetYearOne>0</proc:BudgetYearOne>
            </proc:TotalCost>
            <proc:NetProcurementP1>
                <proc:AllPriorYears>629.168</proc:AllPriorYears>
                <proc:PriorYear>54.727</proc:PriorYear>
                <proc:CurrentYear>0</proc:CurrentYear>
                <proc:BudgetYearOneBase>0</proc:BudgetYearOneBase>
                <proc:BudgetYearOne>0</proc:BudgetYearOne>
            </proc:NetProcurementP1>
            <proc:TotalObligationAuthority>
                <proc:AllPriorYears>629.168</proc:AllPriorYears>
                <proc:PriorYear>54.727</proc:PriorYear>
                <proc:CurrentYear>0</proc:CurrentYear>
                <proc:BudgetYearOneBase>0</proc:BudgetYearOneBase>
                <proc:BudgetYearOne>0</proc:BudgetYearOne>
            </proc:TotalObligationAuthority>
            <proc:InitialSpares>
                <proc:PriorYear>1.707</proc:PriorYear>
                <proc:CurrentYear>2.674</proc:CurrentYear>
                <proc:BudgetYearOneBase>2.72</proc:BudgetYearOneBase>
                <proc:BudgetYearOne>2.72</proc:BudgetYearOne>
            </proc:InitialSpares>
        </proc:ResourceSummary>
        <proc:Code>B</proc:Code>
        <proc:CodeBProgramElementList>
            <proc:ProgramElementNumber>0305202F</proc:ProgramElementNumber>
            <proc:ProgramElementNumber>0305206F</proc:ProgramElementNumber>
        </proc:CodeBProgramElementList>
        <proc:OtherRelatedProgramElementList>
            <proc:ProgramElementNumber>0305202F</proc:ProgramElementNumber>
            <proc:ProgramElementNumber>0604257F</proc:ProgramElementNumber>
        </proc:OtherRelatedProgramElementList>
        <proc:Description>The U-2S Dragon Lady platform is a high-demand/low-density aircraft equipped with modular sensor and data link systems providing flexibility and mission essential Intelligence, Surveillance, and Reconnaissance (ISR) to the Combatant Commands, Joint and Combined forces, and the Intelligence Community in peacetime and wartime. The program supports core missions such as Sensitive Reconnaissance Operations (outlined in CJCSI 3250.01) supporting the National Defense Strategy, in addition to other missions that include execution of CCMD OPLANs and CONPLANs, Humanitarian Assistance/Disaster Response (HADR), Counter Violent Extremist Organizations, and third-party treaty verification/monitoring via the OLIVE HARVEST mission. 

Procurement funds were used to procure the Advanced Synthetic Aperture Radar System (ASARS).

There are no requirements for ASARS procurement in Fiscal Year 2026.

The FY 2026 request for U-2 Mods includes $0.000 thousand of discretionary and $0.000 thousand of mandatory (reconciliation) for a total of $0.000.  There are no U-2 Mods FY 2026 RDT&amp;E mandatory funds</proc:Description>
        <proc:Justification>FY26 budget reflects budgeted U-2 divestiture in FY26 with procurement funds shifted to the ARS PE.  Some of these funds may be obligated by the U-2 program office in support of ASARS-2C kitting and fielding and Avionics Technical Refresh efforts, which are a prerequisite to fielding ASARS-2C.</proc:Justification>
        <proc:DocumentAssemblyOptions>
            <proc:p40AItemScheduleSetting>expandItemSuppressExhibit</proc:p40AItemScheduleSetting>
        </proc:DocumentAssemblyOptions>
    </proc:LineItem>
</proc:LineItemList>