<?xml version="1.0" encoding="UTF-8"?>
<proc:LineItemList xmlns:proc="http://www.dtic.mil/comptroller/xml/schema/20100219/procurement">
    <proc:LineItem quantityUnits="Each" unitCostUnits="Millions" totalCostUnits="Millions" manufacturerRateUnits="Yearly">
        <proc:LineItemNumber>B002B0</proc:LineItemNumber>
        <proc:LineItemTitle>B-2B</proc:LineItemTitle>
        <proc:P1LineNumber>103</proc:P1LineNumber>
        <proc:BudgetYear>2026</proc:BudgetYear>
        <proc:BudgetCycle>PB</proc:BudgetCycle>
        <proc:SubmissionDate>2025-06</proc:SubmissionDate>
        <proc:ServiceAgencyName>Air Force</proc:ServiceAgencyName>
        <proc:AppropriationNumber>3010F</proc:AppropriationNumber>
        <proc:AppropriationTitle>Aircraft Procurement, Air Force</proc:AppropriationTitle>
        <proc:BudgetActivityNumber>7</proc:BudgetActivityNumber>
        <proc:BudgetActivityTitle>Aircraft Supt Equipment &amp; Facilities</proc:BudgetActivityTitle>
        <proc:BudgetSubActivityNumber>2</proc:BudgetSubActivityNumber>
        <proc:BudgetSubActivityTitle>Post Production Support</proc:BudgetSubActivityTitle>
        <proc:ResourceSummary>
            <proc:TotalCost>
                <proc:PriorYear>17.869</proc:PriorYear>
                <proc:CurrentYear>15.709</proc:CurrentYear>
                <proc:BudgetYearOneBase>18.969</proc:BudgetYearOneBase>
                <proc:BudgetYearOne>18.969</proc:BudgetYearOne>
            </proc:TotalCost>
            <proc:NetProcurementP1>
                <proc:PriorYear>17.869</proc:PriorYear>
                <proc:CurrentYear>15.709</proc:CurrentYear>
                <proc:BudgetYearOneBase>18.969</proc:BudgetYearOneBase>
                <proc:BudgetYearOne>18.969</proc:BudgetYearOne>
            </proc:NetProcurementP1>
            <proc:TotalObligationAuthority>
                <proc:PriorYear>17.869</proc:PriorYear>
                <proc:CurrentYear>15.709</proc:CurrentYear>
                <proc:BudgetYearOneBase>18.969</proc:BudgetYearOneBase>
                <proc:BudgetYearOne>18.969</proc:BudgetYearOne>
            </proc:TotalObligationAuthority>
        </proc:ResourceSummary>
        <proc:Code>A</proc:Code>
        <proc:Description>Interim Contractor Support (ICS) provides maintenance, and repair capability for depot-level repairs to meet Air Force Global Strike Command (AFGSC) operational requirements for the B-2 weapon system. The ICS program is an on-condition and limited overhaul repair capability repairing Line Replaceable Units (LRUs) and Shop Replaceable Units (SRUs) associated with airframe structures, hydro-mechanical components, and avionics components until permanent depot repair capability is established. ICS also provides travel support and interim repair to alternate mission equipment and new or modified components stemming from B-2 aircraft modification programs until a permanent source of repair has been achieved either organically or through Contractor Depot Maintenance (CDM).
 
Weapon System Support Center (WSSC) provides procurement, replacement, upgrade, test, integration, and shipment of B-2 peculiar support equipment (PSE) and Special Test Equipment (STE) capabilities, associated sub-components, and software development equipment and architecture required for B-2 software development and sustainment activities in support of of AFGSC operational support facilities, Aircraft Program Depot Maintenance, and Test Ranges.  The B-2 WSSC is a one of a kind facility that develops, maintains, sustains, integrates, tests and certifies the B-2 Spirit Software.  The B-2 WSSC combines Flight Controls, Radar, Weapons, Navigation, Traffic Control, Communications, Displays, Flight Management, External interfaces, and Defensive Management functionality in a test environment to conduct component, subsystem, and end to end software test before deployment to the test aircraft and/or the operational fleet. 

B-2 Display Modernization (BDM) will purchase ICS. Multi-Functional Display Unit - Replacement (MDU-Rs) Depot Source of Repair approved May 2022.  Request for Proposal (RFP) to be released 2QFY25 which requests the contractor provide three one-year options to repair displays.   BDM ICS will be a FY26 New Start with contract award at the time of Spirit Real, fielding release in 1QFY26.  Additionally, B-2 Adaptable Communications Suite (ACS) 4.0 will purchase ICS until final maintenance support is determined.

Other Post Production Support (PPS) provides funds to procurement, replacement, upgrade, test, integration and shipment of other PSE and STE capabilities, associated support systems and subcomponents, and software development systems and architecture used in B-2 associated laboratories, sustainment depot maintenance activities, test ranges, and AFGSC operational support facilities.

This Line Item covers ICS for legacy components, BDM, ACS, and the WSSC. ICS for new B-2 modifications is covered in Line Item 36 under B00200 B-2A.

ICS will continue to provide interim maintenance and repair capability to legacy B-2 LRUs/SRUs as well as new aircraft modification components and alternate mission equipment until either an organic repair capability or contractor repair capability is established.

The FY 2026 request was reduced by $.188 million for Advisory and Assistance Services to promote efficiencies and advance the policies of the Administration in alignment with Executive Order 14222, Implementing the President's Department of Government Efficiency Cost Efficiency Initiative

Post Production Support funds are used to acquire, replace, upgrade, integrate, and test obsolete B-2 Peculiar Support Equipment and Special Test Equipment capabilities, associated subcomponents, and software development systems and architecture required to support software development and sustainment activities, and other B-2 testing at the Weapon System Support Center, as well as Program Depot Maintenance, Test Range, and Air Force Global Strike Command support facilities.</proc:Description>
        <proc:Justification>This program, Category Uncategorized Item BDM; Program Code AP5000, is a new start.

FY2026 funding for Weapon System Support Center (WSSC) provides procurement, replacement, upgrade, test, integration, and shipment of B-2 peculiar support equipment (PSE) and Special Test Equipment (STE) capabilities, associated sub-components, and software development equipment and architecture required for B-2 software development and sustainment activities in support of AFGSC operational support facilities, Aircraft Program Depot Maintenance, and Test Ranges.  The B-2 WSSC is a one-of-a-kind facility that develops, maintains, sustains, integrates, tests and certifies the B-2 Spirit Software.  The B-2 WSSC combines Flight Controls, Radar, Weapons, Navigation, Traffic Control, Communications, Displays, Flight Management, External interfaces, and Defensive Management functionality in a test environment to conduct component, subsystem, and end to end software test before deployment to the test aircraft and/or the operational fleet. 

B-2 Display Modernization (BDM) will purchase Interim Contractor Support (ICS). Multi-Functional Display Unit - Replacement (MDU-Rs) Depot Source of Repair approved May 2022.  Request for Proposal (RFP) to be released 2QFY25 which requests the contractor provide three one-year options to repair displays.   BDM ICS will be a FY26 New Start with contract award at the time of Spirit Real, fielding release in 1QFY26.  Additionally, B-2 Adaptable Communications Suite (ACS) 4.0 will purchase ICS until final maintenance support is determined.

Other Post-Production Support (PPS) provides funds to procurement, replacement, upgrade, test, integration and shipment of other PSE and STE capabilities, associated support systems and subcomponents, and software development systems and architecture used in B-2 associated laboratories, sustainment depot maintenance activities, test ranges, and AFGSC operational support facilities.

FY26 funding increase to address and replace aging peculiar support equipment (PSE) and Special Test Equipment (STE) in the Weapon System Support Center (WSSC).</proc:Justification>
        <proc:ItemExhibitList>
            <proc:P40AItemGroup>
                <proc:Name>B-2B</proc:Name>
                <proc:CategoryList>
                    <proc:Category>
                        <proc:Name>Uncategorized</proc:Name>
                        <proc:ItemList>
                            <proc:Item>
                                <proc:Name>PMA</proc:Name>
                                <proc:IdCode>A</proc:IdCode>
                                <proc:ResourceSummary>
                                    <proc:TotalCost>
                                        <proc:CurrentYear>4.219</proc:CurrentYear>
                                        <proc:BudgetYearOneBase>1.547</proc:BudgetYearOneBase>
                                        <proc:BudgetYearOne>1.547</proc:BudgetYearOne>
                                    </proc:TotalCost>
                                </proc:ResourceSummary>
                            </proc:Item>
                            <proc:Item>
                                <proc:Name>BDM; Program Code AP5000</proc:Name>
                                <proc:IdCode>A</proc:IdCode>
                                <proc:ResourceSummary>
                                    <proc:TotalCost>
                                        <proc:PriorYear>0</proc:PriorYear>
                                        <proc:CurrentYear>0</proc:CurrentYear>
                                        <proc:BudgetYearOneBase>3.2</proc:BudgetYearOneBase>
                                        <proc:BudgetYearOne>3.2</proc:BudgetYearOne>
                                    </proc:TotalCost>
                                </proc:ResourceSummary>
                            </proc:Item>
                            <proc:Item>
                                <proc:Name>Legacy ICS; Program Code ap5000</proc:Name>
                                <proc:IdCode>A</proc:IdCode>
                                <proc:ResourceSummary>
                                    <proc:TotalCost>
                                        <proc:PriorYear>3.557</proc:PriorYear>
                                        <proc:CurrentYear>1.145</proc:CurrentYear>
                                        <proc:BudgetYearOneBase>1.136</proc:BudgetYearOneBase>
                                        <proc:BudgetYearOne>1.136</proc:BudgetYearOne>
                                    </proc:TotalCost>
                                </proc:ResourceSummary>
                            </proc:Item>
                            <proc:Item>
                                <proc:Name>WSSC; Program Code bem000</proc:Name>
                                <proc:IdCode>A</proc:IdCode>
                                <proc:ResourceSummary>
                                    <proc:TotalCost>
                                        <proc:PriorYear>14.312</proc:PriorYear>
                                        <proc:CurrentYear>10.345</proc:CurrentYear>
                                        <proc:BudgetYearOneBase>13.086</proc:BudgetYearOneBase>
                                        <proc:BudgetYearOne>13.086</proc:BudgetYearOne>
                                    </proc:TotalCost>
                                </proc:ResourceSummary>
                            </proc:Item>
                        </proc:ItemList>
                        <proc:CategorySubtotal>
                            <proc:TotalCost>
                                <proc:PriorYear>17.869</proc:PriorYear>
                                <proc:CurrentYear>15.709</proc:CurrentYear>
                                <proc:BudgetYearOneBase>18.969</proc:BudgetYearOneBase>
                                <proc:BudgetYearOne>18.969</proc:BudgetYearOne>
                            </proc:TotalCost>
                        </proc:CategorySubtotal>
                    </proc:Category>
                </proc:CategoryList>
                <proc:Remarks>This Line Item covers Interim Contractor Support (ICS) for legacy components, BDM, ACS, and the WSSC. ICS for new B-2 modifications is covered in Line Item 36 under B00200 B-2A.</proc:Remarks>
                <proc:TotalCost>
                    <proc:TotalCost>
                        <proc:PriorYear>17.869</proc:PriorYear>
                        <proc:CurrentYear>15.709</proc:CurrentYear>
                        <proc:BudgetYearOneBase>18.969</proc:BudgetYearOneBase>
                        <proc:BudgetYearOne>18.969</proc:BudgetYearOne>
                    </proc:TotalCost>
                </proc:TotalCost>
            </proc:P40AItemGroup>
        </proc:ItemExhibitList>
        <proc:DocumentAssemblyOptions>
            <proc:p40AItemScheduleSetting>total</proc:p40AItemScheduleSetting>
        </proc:DocumentAssemblyOptions>
    </proc:LineItem>
</proc:LineItemList>