<?xml version="1.0" encoding="UTF-8"?>
<proc:LineItemList xmlns:proc="http://www.dtic.mil/comptroller/xml/schema/20100219/procurement">
    <proc:LineItem quantityUnits="Each" unitCostUnits="Millions" totalCostUnits="Millions" manufacturerRateUnits="Yearly">
        <proc:LineItemNumber>B05200</proc:LineItemNumber>
        <proc:LineItemTitle>B-52</proc:LineItemTitle>
        <proc:P1LineNumber>104</proc:P1LineNumber>
        <proc:BudgetYear>2026</proc:BudgetYear>
        <proc:BudgetCycle>PB</proc:BudgetCycle>
        <proc:SubmissionDate>2025-06</proc:SubmissionDate>
        <proc:ServiceAgencyName>Air Force</proc:ServiceAgencyName>
        <proc:AppropriationNumber>3010F</proc:AppropriationNumber>
        <proc:AppropriationTitle>Aircraft Procurement, Air Force</proc:AppropriationTitle>
        <proc:BudgetActivityNumber>7</proc:BudgetActivityNumber>
        <proc:BudgetActivityTitle>Aircraft Supt Equipment &amp; Facilities</proc:BudgetActivityTitle>
        <proc:BudgetSubActivityNumber>2</proc:BudgetSubActivityNumber>
        <proc:BudgetSubActivityTitle>Post Production Support</proc:BudgetSubActivityTitle>
        <proc:ResourceSummary>
            <proc:TotalCost>
                <proc:PriorYear>0</proc:PriorYear>
                <proc:CurrentYear>0</proc:CurrentYear>
                <proc:BudgetYearOneBase>0.111</proc:BudgetYearOneBase>
                <proc:BudgetYearOne>0.111</proc:BudgetYearOne>
            </proc:TotalCost>
            <proc:NetProcurementP1>
                <proc:PriorYear>0</proc:PriorYear>
                <proc:CurrentYear>0</proc:CurrentYear>
                <proc:BudgetYearOneBase>0.111</proc:BudgetYearOneBase>
                <proc:BudgetYearOne>0.111</proc:BudgetYearOne>
            </proc:NetProcurementP1>
            <proc:TotalObligationAuthority>
                <proc:PriorYear>0</proc:PriorYear>
                <proc:CurrentYear>0</proc:CurrentYear>
                <proc:BudgetYearOneBase>0.111</proc:BudgetYearOneBase>
                <proc:BudgetYearOne>0.111</proc:BudgetYearOne>
            </proc:TotalObligationAuthority>
        </proc:ResourceSummary>
        <proc:Code>A</proc:Code>
        <proc:OtherRelatedProgramElementList>
            <proc:ProgramElementNumber>0101113F</proc:ProgramElementNumber>
        </proc:OtherRelatedProgramElementList>
        <proc:Description>This is an FY 2026 New Start

The B-52H Combat Network Communication Technology (CONECT) acquisition project supports nuclear and conventional operations by upgrading the B-52H fleet with data and voice communications capabilities along with improved threat and situational awareness to support participation in network centric operations. This CONECT modification includes procurement of 74 aircraft kits + 2 EMD kits that will be installed in conjunction with Programmed Depot Maintenance (PDM). Ground station mission planning hardware, support equipment, initial spares, and Interim Contractor Support (ICS) will be procured. Additional initial support/readiness efforts will develop and upgrade B-52H training devices with CONECT functionality.  The CONECT training device upgrades provide full CONECT functionality to support aircrew training. The Aircrew Training Devices (ATDs) include three B-52H Weapon System Trainers (WST) and two Offensive Station Mission Trainers (OSMT), and the upgrades will also be installed in the Systems Integration Lab (SIL). The Other Government Cost line includes, but is not limited to, Diminishing Manufacturing Sources (DMS) and Material Shortages (DMSMS) costs to maintain the production configuration through the identification, review and monitoring of items with high obsolescence risk potential, classification of identified items according to criticality, identification of alternatives and implementation of resolutions. Resolutions may include non-recurring engineering (NRE) and/or replacement costs for DMSMS components, bridge buys of DMSMS components until NRE can be completed or Life of Type buys, whichever is most appropriate. Included in the Support Equipment line is the planning for establishment of an organic Depot capability, stand-up of the depot, procurement of depot equipment and procurement of the CONECT ground station. 

Funds may be used to address emerging and short-notice DMSMS issues. DMSMS efforts to include removal of end-of-life software/hardware within simulators systems and move to a modular, common open system architecture that is sustainable and cyber-resilient. Implement requirements and standards defined under the Simulator Common Architecture Requirements and Standards (SCARS) initiative.  Funds may be used to resolve emerging safety of flight issues, accommodate technology insertion and fulfill Federal Aviation Agency (FAA) or other mandates necessary to ensure continued aircrew safety and mission effectiveness.
  
CONECT installation completed in FY21 for the entire B-52 fleet of 76 aircraft.  

Post Production Support funds ICS until the depot is established for CONECT. DMSMS costs support maintaining the production configuration through the identification, review, and monitoring of items with high obsolescence risk potential, classification of identified items according to criticality, identification of alternatives, and the implementation of resolutions.

This program has associated Research Development Test and Evaluation (RDT&amp;E) funding in PE 0101113F.

FY26 New start for the Radar Modernization Program (RMP) for the start of minor post production support requirements.</proc:Description>
        <proc:Justification>FY 2026 Post Production Support funds for the B-52 Radar Modernization Program (RMP) to cover costs begin any initial post production support.</proc:Justification>
        <proc:DocumentAssemblyOptions>
            <proc:p40AItemScheduleSetting>expandItemSuppressExhibit</proc:p40AItemScheduleSetting>
        </proc:DocumentAssemblyOptions>
    </proc:LineItem>
</proc:LineItemList>