<?xml version="1.0" encoding="UTF-8"?>
<proc:LineItemList xmlns:proc="http://www.dtic.mil/comptroller/xml/schema/20100219/procurement">
    <proc:LineItem quantityUnits="Each" unitCostUnits="Millions" totalCostUnits="Millions" manufacturerRateUnits="Yearly">
        <proc:LineItemNumber>E00700</proc:LineItemNumber>
        <proc:LineItemTitle>E-7</proc:LineItemTitle>
        <proc:P1LineNumber>29</proc:P1LineNumber>
        <proc:BudgetYear>2026</proc:BudgetYear>
        <proc:BudgetCycle>PB</proc:BudgetCycle>
        <proc:SubmissionDate>2025-06</proc:SubmissionDate>
        <proc:ServiceAgencyName>Air Force</proc:ServiceAgencyName>
        <proc:AppropriationNumber>3010F</proc:AppropriationNumber>
        <proc:AppropriationTitle>Aircraft Procurement, Air Force</proc:AppropriationTitle>
        <proc:BudgetActivityNumber>4</proc:BudgetActivityNumber>
        <proc:BudgetActivityTitle>Other Aircraft</proc:BudgetActivityTitle>
        <proc:BudgetSubActivityNumber>5</proc:BudgetSubActivityNumber>
        <proc:BudgetSubActivityTitle>Other Aircraft</proc:BudgetSubActivityTitle>
        <proc:ResourceSummary>
            <proc:TotalCost>
                <proc:PriorYear>0</proc:PriorYear>
                <proc:CurrentYear>0</proc:CurrentYear>
                <proc:BudgetYearOneBase>200</proc:BudgetYearOneBase>
                <proc:BudgetYearOne>200</proc:BudgetYearOne>
            </proc:TotalCost>
            <proc:PYAdvanceProcurement>
                <proc:PriorYear>0</proc:PriorYear>
                <proc:CurrentYear>0</proc:CurrentYear>
                <proc:BudgetYearOneBase>200</proc:BudgetYearOneBase>
                <proc:BudgetYearOne>200</proc:BudgetYearOne>
            </proc:PYAdvanceProcurement>
            <proc:NetProcurementP1>
                <proc:PriorYear>0</proc:PriorYear>
                <proc:CurrentYear>0</proc:CurrentYear>
                <proc:BudgetYearOneBase>0</proc:BudgetYearOneBase>
                <proc:BudgetYearOne>0</proc:BudgetYearOne>
            </proc:NetProcurementP1>
            <proc:CYAdvanceProcurement>
                <proc:PriorYear>0</proc:PriorYear>
                <proc:CurrentYear>200</proc:CurrentYear>
                <proc:BudgetYearOneBase>0</proc:BudgetYearOneBase>
                <proc:BudgetYearOne>0</proc:BudgetYearOne>
            </proc:CYAdvanceProcurement>
            <proc:TotalObligationAuthority>
                <proc:PriorYear>0</proc:PriorYear>
                <proc:CurrentYear>200</proc:CurrentYear>
                <proc:BudgetYearOneBase>0</proc:BudgetYearOneBase>
                <proc:BudgetYearOne>0</proc:BudgetYearOne>
            </proc:TotalObligationAuthority>
        </proc:ResourceSummary>
        <proc:Code>B</proc:Code>
        <proc:CodeBProgramElementList>
            <proc:ProgramElementNumber>0604007F</proc:ProgramElementNumber>
        </proc:CodeBProgramElementList>
        <proc:Description>The E-7 program replaces the unsustainable E-3 Airborne Warning and Control System (AWACS). The E-3 AWACS, first fielded in the 1970s, is at the end of its service life, and costly to maintain. The E-7 will serve as the USAF's principal airborne platform for airborne command and control and airborne moving target indicator, providing a reliable, persistent critical node in the long range kill chain for the Joint Force Air Component Commander (JFACC).

The E-7 will provide increased capabilities to the USAF and the Joint Services to include the ability to detect and track highly maneuverable, small radar cross-section airborne targets (modern and emerging threats), the ability to real-time process and create a precise air picture, and the ability to battle manage (e.g. command and control) under a wide range of operational conditions.

The E-7A is a highly modified Airborne Battle Management and Command and Control aircraft integrating a Boeing 737-700 Next Generation (737NG) airframe with a reinforced Section 46, a Northrop Grumman Multi-Role Electronically Scanned Array (MESA) Radar mounted on the aircraft's Section 46, and two 180-kVA generators added to commercial CFM-56 engines mounted beneath each wing. The E-7 will provide a reliable, operationally available, maintainable, and sustainable capability.

Funding for this exhibit contained in PE 0604007F.

This requirement supports performance of a full financial audit as required by title 10 U.S.C. Chapter 9A, Sec 240-D.

Funding may be used to address Diminishing Manufacturing Sources (DMS) issues, Life-of-type part buys, management, and non-recurring redesign engineering.</proc:Description>
        <proc:Justification>PE 0604007F E-7

This program had a FY2025 200M Congressional Add for E-7 Program Increase - E-7 Long Lead Materials.  

Funding for this exhibit contained in PE 0604007F</proc:Justification>
        <proc:AdvanceProcurement>
            <proc:P1LineNumber>30</proc:P1LineNumber>
            <proc:Description>The E-7 program replaces the unsustainable E-3 Airborne Warning and Control System (AWACS). The E-3 AWACS, first fielded in the 1970s, is at the end of its service life, and costly to maintain. The E-7 will serve as the USAF's principal airborne platform for airborne command and control and airborne moving target indicator, providing a reliable, persistent critical node in the long range kill chain for the Joint Force Air Component Commander (JFACC).

The E-7 will provide increased capabilities to the USAF and the Joint Services to include the ability to detect and track highly maneuverable, small radar cross-section airborne targets (modern and emerging threats), the ability to real-time process and create a precise air picture, and the ability to battle manage (e.g. command and control) under a wide range of operational conditions.

The E-7A is a highly modified Airborne Battle Management and Command and Control aircraft integrating a Boeing 737-700 Next Generation (737NG) airframe with a reinforced Section 46, a Northrop Grumman Multi-Role Electronically Scanned Array (MESA) Radar mounted on the aircraft's Section 46, and two 180-kVA generators added to commercial CFM-56 engines mounted beneath each wing. The E-7 will provide a reliable, operationally available, maintainable, and sustainable capability.

Funding for this exhibit contained in PE 0604007F.

This requirement supports performance of a full financial audit as required by title 10 U.S.C. Chapter 9A, Sec 240-D.

Funding may be used to address Diminishing Manufacturing Sources (DMS) issues, Life-of-type part buys, management, and non-recurring redesign engineering.</proc:Description>
            <proc:Justification>PE 0604007F E-7

This program is an FY2025 new start based on an FY2025 $200M Congressional Add for E-7 Program Increase - E-7 Long Lead Materials.

Funding for this exhibit contained in PE 0604007F.</proc:Justification>
        </proc:AdvanceProcurement>
        <proc:ItemExhibitList>
            <proc:P5Item>
                <proc:Name>E-7</proc:Name>
                <proc:IdCode>B</proc:IdCode>
                <proc:ResourceSummary>
                    <proc:TotalCost>
                        <proc:PriorYear>0</proc:PriorYear>
                        <proc:CurrentYear>0</proc:CurrentYear>
                        <proc:BudgetYearOneBase>200</proc:BudgetYearOneBase>
                        <proc:BudgetYearOne>200</proc:BudgetYearOne>
                    </proc:TotalCost>
                    <proc:PYAdvanceProcurement>
                        <proc:PriorYear>0</proc:PriorYear>
                        <proc:CurrentYear>0</proc:CurrentYear>
                        <proc:BudgetYearOneBase>200</proc:BudgetYearOneBase>
                        <proc:BudgetYearOne>200</proc:BudgetYearOne>
                    </proc:PYAdvanceProcurement>
                    <proc:NetProcurementP1>
                        <proc:PriorYear>0</proc:PriorYear>
                        <proc:CurrentYear>0</proc:CurrentYear>
                        <proc:BudgetYearOneBase>0</proc:BudgetYearOneBase>
                        <proc:BudgetYearOne>0</proc:BudgetYearOne>
                    </proc:NetProcurementP1>
                    <proc:CYAdvanceProcurement>
                        <proc:PriorYear>0</proc:PriorYear>
                        <proc:CurrentYear>200</proc:CurrentYear>
                        <proc:BudgetYearOneBase>0</proc:BudgetYearOneBase>
                        <proc:BudgetYearOne>0</proc:BudgetYearOne>
                    </proc:CYAdvanceProcurement>
                    <proc:TotalObligationAuthority>
                        <proc:PriorYear>0</proc:PriorYear>
                        <proc:CurrentYear>200</proc:CurrentYear>
                        <proc:BudgetYearOneBase>0</proc:BudgetYearOneBase>
                        <proc:BudgetYearOne>0</proc:BudgetYearOne>
                    </proc:TotalObligationAuthority>
                </proc:ResourceSummary>
                <proc:CostElementCategoryList>
                    <proc:Flyaway>
                        <proc:Name>E-7</proc:Name>
                        <proc:Recurring>
                            <proc:CostElementList>
                                <proc:CostElement>
                                    <proc:Name>Long Lead : Various</proc:Name>
                                    <proc:Cost>
                                        <proc:Quantity>
                                            <proc:CurrentYear>1</proc:CurrentYear>
                                            <proc:BudgetYearOneBase>1</proc:BudgetYearOneBase>
                                            <proc:BudgetYearOne>1</proc:BudgetYearOne>
                                        </proc:Quantity>
                                        <proc:TotalCost>
                                            <proc:PriorYear>0</proc:PriorYear>
                                            <proc:CurrentYear>0</proc:CurrentYear>
                                            <proc:BudgetYearOneBase>200</proc:BudgetYearOneBase>
                                            <proc:BudgetYearOne>200</proc:BudgetYearOne>
                                        </proc:TotalCost>
                                        <proc:UnitCost>
                                            <proc:CurrentYear>0</proc:CurrentYear>
                                            <proc:BudgetYearOneBase>200</proc:BudgetYearOneBase>
                                            <proc:BudgetYearOne>200</proc:BudgetYearOne>
                                        </proc:UnitCost>
                                    </proc:Cost>
                                </proc:CostElement>
                            </proc:CostElementList>
                            <proc:CategorySubtotal>
                                <proc:TotalCost>
                                    <proc:PriorYear>0</proc:PriorYear>
                                    <proc:CurrentYear>0</proc:CurrentYear>
                                    <proc:BudgetYearOneBase>200</proc:BudgetYearOneBase>
                                    <proc:BudgetYearOne>200</proc:BudgetYearOne>
                                </proc:TotalCost>
                            </proc:CategorySubtotal>
                        </proc:Recurring>
                        <proc:CategorySubtotal>
                            <proc:TotalCost>
                                <proc:PriorYear>0</proc:PriorYear>
                                <proc:CurrentYear>0</proc:CurrentYear>
                                <proc:BudgetYearOneBase>200</proc:BudgetYearOneBase>
                                <proc:BudgetYearOne>200</proc:BudgetYearOne>
                            </proc:TotalCost>
                        </proc:CategorySubtotal>
                    </proc:Flyaway>
                </proc:CostElementCategoryList>
                <proc:P10AdvanceProcurement>
                    <proc:FirstSystemAwardDate>2025-07</proc:FirstSystemAwardDate>
                    <proc:FirstSystemCompletionDate>2027-01</proc:FirstSystemCompletionDate>
                    <proc:IntervalBetweenSystems>0</proc:IntervalBetweenSystems>
                    <proc:Description>E-7 AP</proc:Description>
                    <proc:ProductionLeadtime>18</proc:ProductionLeadtime>
                    <proc:APCostElementCategoryList>
                        <proc:CFE>
                            <proc:APCostElement>
                                <proc:Name>Long Lead : Various</proc:Name>
                                <proc:WhenRequiredInMonths>0</proc:WhenRequiredInMonths>
                                <proc:Cost>
                                    <proc:CurrentYear>200</proc:CurrentYear>
                                </proc:Cost>
                            </proc:APCostElement>
                            <proc:CategorySubtotal>
                                <proc:CurrentYear>200</proc:CurrentYear>
                            </proc:CategorySubtotal>
                        </proc:CFE>
                    </proc:APCostElementCategoryList>
                </proc:P10AdvanceProcurement>
            </proc:P5Item>
        </proc:ItemExhibitList>
        <proc:DocumentAssemblyOptions>
            <proc:p40AItemScheduleSetting>expandItemSuppressExhibit</proc:p40AItemScheduleSetting>
        </proc:DocumentAssemblyOptions>
    </proc:LineItem>
</proc:LineItemList>