<?xml version="1.0" encoding="UTF-8"?>
<proc:LineItemList xmlns:proc="http://www.dtic.mil/comptroller/xml/schema/20100219/procurement">
    <proc:LineItem quantityUnits="Each" unitCostUnits="Millions" totalCostUnits="Millions" manufacturerRateUnits="Yearly">
        <proc:LineItemNumber>F01500</proc:LineItemNumber>
        <proc:LineItemTitle>F-15</proc:LineItemTitle>
        <proc:P1LineNumber>111</proc:P1LineNumber>
        <proc:BudgetYear>2026</proc:BudgetYear>
        <proc:BudgetCycle>PB</proc:BudgetCycle>
        <proc:SubmissionDate>2025-06</proc:SubmissionDate>
        <proc:ServiceAgencyName>Air Force</proc:ServiceAgencyName>
        <proc:AppropriationNumber>3010F</proc:AppropriationNumber>
        <proc:AppropriationTitle>Aircraft Procurement, Air Force</proc:AppropriationTitle>
        <proc:BudgetActivityNumber>7</proc:BudgetActivityNumber>
        <proc:BudgetActivityTitle>Aircraft Supt Equipment &amp; Facilities</proc:BudgetActivityTitle>
        <proc:BudgetSubActivityNumber>2</proc:BudgetSubActivityNumber>
        <proc:BudgetSubActivityTitle>Post Production Support</proc:BudgetSubActivityTitle>
        <proc:ResourceSummary>
            <proc:TotalCost>
                <proc:PriorYear>0</proc:PriorYear>
                <proc:CurrentYear>0</proc:CurrentYear>
                <proc:BudgetYearOneBase>5.112</proc:BudgetYearOneBase>
                <proc:BudgetYearOne>5.112</proc:BudgetYearOne>
            </proc:TotalCost>
            <proc:NetProcurementP1>
                <proc:PriorYear>0</proc:PriorYear>
                <proc:CurrentYear>0</proc:CurrentYear>
                <proc:BudgetYearOneBase>5.112</proc:BudgetYearOneBase>
                <proc:BudgetYearOne>5.112</proc:BudgetYearOne>
            </proc:NetProcurementP1>
            <proc:TotalObligationAuthority>
                <proc:PriorYear>0</proc:PriorYear>
                <proc:CurrentYear>0</proc:CurrentYear>
                <proc:BudgetYearOneBase>5.112</proc:BudgetYearOneBase>
                <proc:BudgetYearOne>5.112</proc:BudgetYearOne>
            </proc:TotalObligationAuthority>
        </proc:ResourceSummary>
        <proc:Code>A</proc:Code>
        <proc:Description>The F-15C and F-15D Eagle are highly maneuverable all-weather air superiority fighters. The F-15E Strike Eagle retains the basic air-to-air capability of the F-15C and F-15D, but adds a weapon systems officer (WSO), rear cockpit, conformal fuel tanks, and advanced systems for all-weather, day/night, all-altitude, deep penetration, air-to-surface attack.

F-15E Integrated Aircrew Trainers (IATs), funded in PE 0207134F, supported the procurement of additional IATs in order to better implement formal syllabus training and meet HAF intent by preparing for 20% increase in FTU production (in accordance with ACC/A3T memo, dated 29 Jun 2016). Training plans included moving all Computer Based Training (CBTs) from desktop PCs to the IATs for increased fidelity and reduced Subject Matter Expert (SME) hours when teaching basic avionics use in IATs and Mission Training Center (MTC) events.  

Through FY 2023, the program continued post-production support of the F-15C, F-15D, and F-15E support equipment and tooling, to include Electronic Systems Test Set (ESTS) and post production support for the F-15 tooling storage at Granite City, IL. This equipment is used for the manufacture, test, support, or repair of the F-15 aircraft and/or its associated system components. The retention of Special Tooling/Special Test Equipment (ST/STE) is based on past usage history, current spare/repair parts contracts, and projections for future requirements.

In accordance with Section 1815 of the FY2008 National Defense Authorization Act (P.L. 110-181), this item is necessary for use by the active and reserve components of the Armed Forces for homeland defense missions, domestic emergency response, and providing military support to civil authorities. 

No Research Development Test and Evaluation funding is associated with this effort.

Funds may be used to address Diminishing manufacturing Sources (DMS) efforts to include removal of end-of-life software/hardware within simulators systems and move to a modular, common open system architecture that is sustainable and cyber-resilient. 

Tooling is loaned/leased to support manufacturing of spares, as well as to support the execution of modification programs, life extension activities, and sustainment efforts.</proc:Description>
        <proc:Justification>FY2026 funding supports F-15 Conformal Fuel Tank (CFT) fixtures and tech data required to overhaul (repair and upgrade) existing CFTs, in accordance with Depot Source of Repair documentation.
 
Funding also supports annual tool storage costs.  F-15 tooling including approximately 65,000 active assets valued at $1.9B.</proc:Justification>
        <proc:ItemExhibitList>
            <proc:P40AItemGroup>
                <proc:Name>F-15</proc:Name>
                <proc:CategoryList>
                    <proc:Category>
                        <proc:Name>Post Production Support</proc:Name>
                        <proc:ItemList>
                            <proc:Item>
                                <proc:Name>PPS tooling</proc:Name>
                                <proc:IdCode>A</proc:IdCode>
                                <proc:ResourceSummary>
                                    <proc:TotalCost>
                                        <proc:PriorYear>0</proc:PriorYear>
                                        <proc:CurrentYear>0</proc:CurrentYear>
                                        <proc:BudgetYearOneBase>1.1</proc:BudgetYearOneBase>
                                        <proc:BudgetYearOne>1.1</proc:BudgetYearOne>
                                    </proc:TotalCost>
                                </proc:ResourceSummary>
                            </proc:Item>
                            <proc:Item>
                                <proc:Name>ESTS</proc:Name>
                                <proc:IdCode>A</proc:IdCode>
                                <proc:ResourceSummary>
                                    <proc:TotalCost>
                                        <proc:PriorYear>0</proc:PriorYear>
                                        <proc:CurrentYear>0</proc:CurrentYear>
                                        <proc:BudgetYearOneBase>4.012</proc:BudgetYearOneBase>
                                        <proc:BudgetYearOne>4.012</proc:BudgetYearOne>
                                    </proc:TotalCost>
                                </proc:ResourceSummary>
                            </proc:Item>
                        </proc:ItemList>
                        <proc:CategorySubtotal>
                            <proc:TotalCost>
                                <proc:PriorYear>0</proc:PriorYear>
                                <proc:CurrentYear>0</proc:CurrentYear>
                                <proc:BudgetYearOneBase>5.112</proc:BudgetYearOneBase>
                                <proc:BudgetYearOne>5.112</proc:BudgetYearOne>
                            </proc:TotalCost>
                        </proc:CategorySubtotal>
                    </proc:Category>
                    <proc:Category>
                        <proc:Name>Trainers</proc:Name>
                        <proc:ItemList>
                            <proc:Item>
                                <proc:Name>Full Mission Trainers (FMT)</proc:Name>
                                <proc:IdCode>A</proc:IdCode>
                                <proc:ResourceSummary>
                                    <proc:TotalCost>
                                        <proc:AllPriorYears>0</proc:AllPriorYears>
                                    </proc:TotalCost>
                                </proc:ResourceSummary>
                            </proc:Item>
                        </proc:ItemList>
                        <proc:CategorySubtotal>
                            <proc:TotalCost>
                                <proc:AllPriorYears>0</proc:AllPriorYears>
                            </proc:TotalCost>
                        </proc:CategorySubtotal>
                    </proc:Category>
                </proc:CategoryList>
                <proc:TotalCost>
                    <proc:TotalCost>
                        <proc:PriorYear>0</proc:PriorYear>
                        <proc:CurrentYear>0</proc:CurrentYear>
                        <proc:BudgetYearOneBase>5.112</proc:BudgetYearOneBase>
                        <proc:BudgetYearOne>5.112</proc:BudgetYearOne>
                    </proc:TotalCost>
                </proc:TotalCost>
            </proc:P40AItemGroup>
        </proc:ItemExhibitList>
        <proc:DocumentAssemblyOptions>
            <proc:p40AItemScheduleSetting>total</proc:p40AItemScheduleSetting>
        </proc:DocumentAssemblyOptions>
    </proc:LineItem>
</proc:LineItemList>