<?xml version="1.0" encoding="UTF-8"?>
<proc:LineItemList xmlns:proc="http://www.dtic.mil/comptroller/xml/schema/20100219/procurement">
    <proc:LineItem quantityUnits="Each" unitCostUnits="Millions" totalCostUnits="Millions" manufacturerRateUnits="Yearly">
        <proc:LineItemNumber>H01061</proc:LineItemNumber>
        <proc:LineItemTitle>MH-139A Mod</proc:LineItemTitle>
        <proc:P1LineNumber>81</proc:P1LineNumber>
        <proc:BudgetYear>2026</proc:BudgetYear>
        <proc:BudgetCycle>PB</proc:BudgetCycle>
        <proc:SubmissionDate>2025-06</proc:SubmissionDate>
        <proc:ServiceAgencyName>Air Force</proc:ServiceAgencyName>
        <proc:AppropriationNumber>3010F</proc:AppropriationNumber>
        <proc:AppropriationTitle>Aircraft Procurement, Air Force</proc:AppropriationTitle>
        <proc:BudgetActivityNumber>5</proc:BudgetActivityNumber>
        <proc:BudgetActivityTitle>Modification of Inservice Aircraft</proc:BudgetActivityTitle>
        <proc:BudgetSubActivityNumber>5</proc:BudgetSubActivityNumber>
        <proc:BudgetSubActivityTitle>Other Aircraft</proc:BudgetSubActivityTitle>
        <proc:ResourceSummary>
            <proc:TotalCost>
                <proc:AllPriorYears>0</proc:AllPriorYears>
                <proc:PriorYear>0</proc:PriorYear>
                <proc:CurrentYear>5.01</proc:CurrentYear>
                <proc:BudgetYearOneBase>4.992</proc:BudgetYearOneBase>
                <proc:BudgetYearOne>4.992</proc:BudgetYearOne>
            </proc:TotalCost>
            <proc:NetProcurementP1>
                <proc:AllPriorYears>0</proc:AllPriorYears>
                <proc:PriorYear>0</proc:PriorYear>
                <proc:CurrentYear>5.01</proc:CurrentYear>
                <proc:BudgetYearOneBase>4.992</proc:BudgetYearOneBase>
                <proc:BudgetYearOne>4.992</proc:BudgetYearOne>
            </proc:NetProcurementP1>
            <proc:TotalObligationAuthority>
                <proc:AllPriorYears>0</proc:AllPriorYears>
                <proc:PriorYear>0</proc:PriorYear>
                <proc:CurrentYear>5.01</proc:CurrentYear>
                <proc:BudgetYearOneBase>4.992</proc:BudgetYearOneBase>
                <proc:BudgetYearOne>4.992</proc:BudgetYearOne>
            </proc:TotalObligationAuthority>
        </proc:ResourceSummary>
        <proc:Code>B</proc:Code>
        <proc:CodeBProgramElementList>
            <proc:ProgramElementNumber>0102110F</proc:ProgramElementNumber>
        </proc:CodeBProgramElementList>
        <proc:OtherRelatedProgramElementList>
            <proc:ProgramElementNumber>0102110F</proc:ProgramElementNumber>
        </proc:OtherRelatedProgramElementList>
        <proc:Description>The MH-139A program will replace the Air Force fleet of UH-1N aircraft, which have significant capability gaps in speed, range, endurance, payload capacity, and aircraft self-protection. The program of record is 56 aircraft, including 8 total Aircrew Training Devices (ATDs), and associated support equipment. The replacement aircraft will provide a vertical airlift and support the requirements for Air Force Global Strike Command (AFGSC) and Air Force Reserve Command (AFRC). AFGSC is the Air Force lead command and operational capability requirements sponsor. This program is an element of the Air Force's nuclear enterprise reform initiatives.

MH-139A Low-Cost Modifications encompass, but are not limited to, efforts to implement performance enhancements, product improvement solutions, and the associated test efforts, to resolve capability gaps and meet emerging requirements for the MH-139A aircraft and associated training systems as well as necessary efforts to improve reliability, maintainability, safety, and mission performance, to reduce logistics costs, and to improve cryptographic modernizations. Modifications are prioritized in coordination with the user based on the safety of flights, critical to the mission, or mission enhancement.

This funding will support potentially Diminishing Manufacturing Sources (DMS) and obsolescence solutions, including, if optimal, life-of-type buys or bridge buys limited to the program of record quantity.  Program funding includes, but is not limited to, the purchase of Government Furnished Equipment, Trainers, Pub/Tech Data, Interim Contractor Support, Interim Supply Support, Data, and Program costs needed to field the capability.  MH-139A Low-Cost Modifications may include installation costs depending upon the modification.

Funding for this exhibit contained in PE 0102110F.

In accordance with Section 1815 of the FY 2008 National Defense Authorization Act (P.L. 110-181), this item is necessary for use by the active and reserve components of the Armed Forces for homeland defense missions, domestic emergency responses, and providing military support to civil authorities.</proc:Description>
        <proc:Justification>This program, P-3A Mod H139A3, Gun Mount Modification, is a new start.

This FY 2026 funding supports Engineering Change Proposal (ECPs), Correction of Deficiencies (CODs), Diminishing Manufacturing Sources (DMS), and Performance Improvements to delivered aircraft.</proc:Justification>
        <proc:DocumentAssemblyOptions>
            <proc:p40AItemScheduleSetting>expandItemSuppressExhibit</proc:p40AItemScheduleSetting>
        </proc:DocumentAssemblyOptions>
    </proc:LineItem>
</proc:LineItemList>