<?xml version="1.0" encoding="UTF-8"?>
<proc:LineItemList xmlns:proc="http://www.dtic.mil/comptroller/xml/schema/20100219/procurement">
    <proc:LineItem quantityUnits="Each" unitCostUnits="Millions" totalCostUnits="Millions" manufacturerRateUnits="Yearly">
        <proc:LineItemNumber>OSAEA0</proc:LineItemNumber>
        <proc:LineItemTitle>OSA-EA Modifications</proc:LineItemTitle>
        <proc:P1LineNumber>56</proc:P1LineNumber>
        <proc:BudgetYear>2026</proc:BudgetYear>
        <proc:BudgetCycle>PB</proc:BudgetCycle>
        <proc:SubmissionDate>2025-06</proc:SubmissionDate>
        <proc:ServiceAgencyName>Air Force</proc:ServiceAgencyName>
        <proc:AppropriationNumber>3010F</proc:AppropriationNumber>
        <proc:AppropriationTitle>Aircraft Procurement, Air Force</proc:AppropriationTitle>
        <proc:BudgetActivityNumber>5</proc:BudgetActivityNumber>
        <proc:BudgetActivityTitle>Modification of Inservice Aircraft</proc:BudgetActivityTitle>
        <proc:BudgetSubActivityNumber>3</proc:BudgetSubActivityNumber>
        <proc:BudgetSubActivityTitle>Airlift Aircraft</proc:BudgetSubActivityTitle>
        <proc:ResourceSummary>
            <proc:TotalCost>
                <proc:AllPriorYears>0</proc:AllPriorYears>
                <proc:PriorYear>0</proc:PriorYear>
                <proc:CurrentYear>0</proc:CurrentYear>
                <proc:BudgetYearOneBase>87.515</proc:BudgetYearOneBase>
                <proc:BudgetYearOne>87.515</proc:BudgetYearOne>
            </proc:TotalCost>
            <proc:NetProcurementP1>
                <proc:AllPriorYears>0</proc:AllPriorYears>
                <proc:PriorYear>0</proc:PriorYear>
                <proc:CurrentYear>0</proc:CurrentYear>
                <proc:BudgetYearOneBase>87.515</proc:BudgetYearOneBase>
                <proc:BudgetYearOne>87.515</proc:BudgetYearOne>
            </proc:NetProcurementP1>
            <proc:TotalObligationAuthority>
                <proc:AllPriorYears>0</proc:AllPriorYears>
                <proc:PriorYear>0</proc:PriorYear>
                <proc:CurrentYear>0</proc:CurrentYear>
                <proc:BudgetYearOneBase>87.515</proc:BudgetYearOneBase>
                <proc:BudgetYearOne>87.515</proc:BudgetYearOne>
            </proc:TotalObligationAuthority>
        </proc:ResourceSummary>
        <proc:CodeBProgramElementList>
            <proc:ProgramElementNumber>0401314F</proc:ProgramElementNumber>
            <proc:ProgramElementNumber>0401319F</proc:ProgramElementNumber>
        </proc:CodeBProgramElementList>
        <proc:OtherRelatedProgramElementList>
            <proc:ProgramElementNumber>0401314F</proc:ProgramElementNumber>
        </proc:OtherRelatedProgramElementList>
        <proc:Description>The modifications covered under this program include C-32, C-37, VC-25A, VC-25B, C-40, C-12, C-21, and Combat Flight Inspection (CFIN) Commercial derivative aircraft fleets. These modifications provide increased capability and Federal Aviation Administration (FAA) compliance.

Executive Airlift (EA) supports the President, Vice President, First Lady, SECDEF, Joint Chiefs, cabinet members, combatant commanders, congressional delegations, and foreign dignitaries. Operational Support Airlift (OSA) provides support for command and unit operations.

C-32: The C-32 is expected to be in service until 2038, with an average of 13 years of service remaining.

C-37: The designed service life for C-37B is 40,000 hours (average of 31,360 hours remaining).

C-12: The design service life is 30,000 hours with 15,950 remaining on the C-model (16), 12,200 hours remaining on the D-model (6), 12,500 on the F-model (3), 10,500 on the J-model (4).

C-21: The design service life is 50 years with an average of 9 years remaining; undergoing service life extension to add another 40 years.

C-40: The design service life is 35,000 flying hours with an average of 21,700 hours remaining.

Funding for this exhibit contained in PE 0401314F and 0401319F.

In FY 2026, BLI C01200 (C-12), C02100 (C-21), C03200 (C-32), C03700 (C-37), C04000 (C-40), CFIN00 (combat flight inspection - CFIN), and C02500 (VC-25A Mod) efforts were transferred to BLI OSAEA0, OSA-EA Modifications, in order to consolidate Budget Line Items for increased funding flexibility.

The FY 2026 request was reduced by $0.166 million for Advisory and Assistance Services to promote efficiencies and advance the policies of the Administration in alignment with Executive Order 14222, "Implementing the President's Department of Government Efficiency Cost Efficiency Initiative."</proc:Description>
        <proc:Justification>This program, P-3A Mod 1019, VC-25B Block Upgrade, is a new start.

FY 2026 funding will support C-12 Electronic Flight Instruments System (EFIS) Low-Cost Modification (LCM), VC-25A Block Upgrade, and VC-25B Block Upgrade.

The VC-25B Block Upgrade program will manage capabilities beyond the configuration defined in the firm-fixed-price EMD contract with Boeing. FY26 funds will be used for the first major activity of architecture integration design for the Mission Communication Systems.</proc:Justification>
        <proc:ItemExhibitList>
            <proc:P40AItemGroup>
                <proc:Name>OSA-EA Modifications</proc:Name>
                <proc:CategoryList>
                    <proc:Category>
                        <proc:ItemList>
                            <proc:Item>
                                <proc:Name>C-12 Low Cost Mods</proc:Name>
                                <proc:ItemNumber>99999Y</proc:ItemNumber>
                                <proc:ModificationType>No text provided.</proc:ModificationType>
                                <proc:ModelsAffectedList>
                                    <proc:ModelAffected>No text provided.</proc:ModelAffected>
                                </proc:ModelsAffectedList>
                                <proc:ResourceSummary>
                                    <proc:TotalCost>
                                        <proc:BudgetYearOneBase>4.954</proc:BudgetYearOneBase>
                                        <proc:BudgetYearOne>4.954</proc:BudgetYearOne>
                                    </proc:TotalCost>
                                </proc:ResourceSummary>
                            </proc:Item>
                        </proc:ItemList>
                        <proc:CategorySubtotal>
                            <proc:TotalCost>
                                <proc:AllPriorYears>0</proc:AllPriorYears>
                                <proc:PriorYear>0</proc:PriorYear>
                                <proc:CurrentYear>0</proc:CurrentYear>
                                <proc:BudgetYearOneBase>4.954</proc:BudgetYearOneBase>
                                <proc:BudgetYearOneOOC>0</proc:BudgetYearOneOOC>
                                <proc:BudgetYearOne>4.954</proc:BudgetYearOne>
                            </proc:TotalCost>
                        </proc:CategorySubtotal>
                    </proc:Category>
                </proc:CategoryList>
                <proc:TotalCost>
                    <proc:TotalCost>
                        <proc:AllPriorYears>0</proc:AllPriorYears>
                        <proc:PriorYear>0</proc:PriorYear>
                        <proc:CurrentYear>0</proc:CurrentYear>
                        <proc:BudgetYearOneBase>4.954</proc:BudgetYearOneBase>
                        <proc:BudgetYearOneOOC>0</proc:BudgetYearOneOOC>
                        <proc:BudgetYearOne>4.954</proc:BudgetYearOne>
                    </proc:TotalCost>
                </proc:TotalCost>
                <proc:ModificationItemsIndicator>true</proc:ModificationItemsIndicator>
            </proc:P40AItemGroup>
            <proc:P3AModificationItemGroup>
                <proc:ModificationTitle>VC-25A Block Upgrade</proc:ModificationTitle>
                <proc:ModificationNumber>1018</proc:ModificationNumber>
                <proc:ModificationType>Capability Improvement</proc:ModificationType>
                <proc:ModelsAffectedList>
                    <proc:ModelAffected>VC-25A</proc:ModelAffected>
                </proc:ModelsAffectedList>
                <proc:IdCode>A</proc:IdCode>
                <proc:ResourceSummary>
                    <proc:TotalCost>
                        <proc:PriorYear>0</proc:PriorYear>
                        <proc:CurrentYear>0</proc:CurrentYear>
                        <proc:BudgetYearOneBase>9.232</proc:BudgetYearOneBase>
                        <proc:BudgetYearOneOOC>0</proc:BudgetYearOneOOC>
                        <proc:BudgetYearOne>9.232</proc:BudgetYearOne>
                    </proc:TotalCost>
                    <proc:NetProcurementP1>
                        <proc:PriorYear>0</proc:PriorYear>
                        <proc:CurrentYear>0</proc:CurrentYear>
                        <proc:BudgetYearOneBase>9.232</proc:BudgetYearOneBase>
                        <proc:BudgetYearOneOOC>0</proc:BudgetYearOneOOC>
                        <proc:BudgetYearOne>9.232</proc:BudgetYearOne>
                    </proc:NetProcurementP1>
                    <proc:TotalObligationAuthority>
                        <proc:PriorYear>0</proc:PriorYear>
                        <proc:CurrentYear>0</proc:CurrentYear>
                        <proc:BudgetYearOneBase>9.232</proc:BudgetYearOneBase>
                        <proc:BudgetYearOneOOC>0</proc:BudgetYearOneOOC>
                        <proc:BudgetYearOne>9.232</proc:BudgetYearOne>
                    </proc:TotalObligationAuthority>
                </proc:ResourceSummary>
                <proc:RelatedProgramElementList>
                    <proc:ProgramElementNumber>0401314F</proc:ProgramElementNumber>
                </proc:RelatedProgramElementList>
                <proc:SupportCost>
                    <proc:CostElementList>
                        <proc:CostElement>
                            <proc:Name>GROUP A: TOTAL NONRECURRING</proc:Name>
                            <proc:Cost>
                                <proc:TotalCost>
                                    <proc:BudgetYearOneBase>0.9</proc:BudgetYearOneBase>
                                    <proc:BudgetYearOne>0.9</proc:BudgetYearOne>
                                </proc:TotalCost>
                            </proc:Cost>
                        </proc:CostElement>
                        <proc:CostElement>
                            <proc:Name>PSC - Other Gov't Costs</proc:Name>
                            <proc:Cost>
                                <proc:TotalCost>
                                    <proc:BudgetYearOneBase>0.025</proc:BudgetYearOneBase>
                                    <proc:BudgetYearOne>0.025</proc:BudgetYearOne>
                                </proc:TotalCost>
                            </proc:Cost>
                        </proc:CostElement>
                        <proc:CostElement>
                            <proc:Name>PSC - Contractor Services</proc:Name>
                            <proc:Cost>
                                <proc:TotalCost>
                                    <proc:BudgetYearOneBase>0.219</proc:BudgetYearOneBase>
                                    <proc:BudgetYearOne>0.219</proc:BudgetYearOne>
                                </proc:TotalCost>
                            </proc:Cost>
                        </proc:CostElement>
                    </proc:CostElementList>
                    <proc:CategorySubtotal>
                        <proc:TotalCost>
                            <proc:BudgetYearOneBase>1.144</proc:BudgetYearOneBase>
                            <proc:BudgetYearOne>1.144</proc:BudgetYearOne>
                        </proc:TotalCost>
                    </proc:CategorySubtotal>
                </proc:SupportCost>
                <proc:ModificationItemList>
                    <proc:ModificationItem>
                        <proc:Title>Block Upgrade: INSTALL KITS Group A</proc:Title>
                        <proc:Procurement>
                            <proc:AKits>
                                <proc:Recurring>
                                    <proc:KitList>
                                        <proc:Kit>
                                            <proc:Name>Block Upgrade: INSTALL KITS Group A:INSTALL KITS Group A (Active)</proc:Name>
                                            <proc:Cost>
                                                <proc:Quantity>
                                                    <proc:BudgetYearOneBase>1</proc:BudgetYearOneBase>
                                                    <proc:BudgetYearOne>1</proc:BudgetYearOne>
                                                </proc:Quantity>
                                                <proc:TotalCost>
                                                    <proc:BudgetYearOneBase>2.5</proc:BudgetYearOneBase>
                                                    <proc:BudgetYearOne>2.5</proc:BudgetYearOne>
                                                </proc:TotalCost>
                                            </proc:Cost>
                                        </proc:Kit>
                                    </proc:KitList>
                                    <proc:CategorySubtotal>
                                        <proc:TotalCost>
                                            <proc:BudgetYearOneBase>2.5</proc:BudgetYearOneBase>
                                            <proc:BudgetYearOne>2.5</proc:BudgetYearOne>
                                        </proc:TotalCost>
                                    </proc:CategorySubtotal>
                                </proc:Recurring>
                            </proc:AKits>
                            <proc:ManufacturerList>
                                <proc:Manufacturer>
                                    <proc:Name>Unknown</proc:Name>
                                    <proc:Location>Unknown</proc:Location>
                                    <proc:AdminLeadTimeAfterOct1InMonths>0</proc:AdminLeadTimeAfterOct1InMonths>
                                    <proc:ProductionLeadTimeAfterOct1InMonths>0</proc:ProductionLeadTimeAfterOct1InMonths>
                                </proc:Manufacturer>
                            </proc:ManufacturerList>
                            <proc:TotalCost>
                                <proc:TotalCost>
                                    <proc:BudgetYearOneBase>2.5</proc:BudgetYearOneBase>
                                    <proc:BudgetYearOne>2.5</proc:BudgetYearOne>
                                </proc:TotalCost>
                            </proc:TotalCost>
                        </proc:Procurement>
                        <proc:Installation>
                            <proc:ImplementationMethodList>
                                <proc:ImplementationMethod>
                                    <proc:NonOrganicInstallation>
                                        <proc:ImplementationMethodName>Contractor Facility</proc:ImplementationMethodName>
                                        <proc:InstallationCost>
                                            <proc:BudgetYearOne>
                                                <proc:Cost>
                                                    <proc:Quantity>
                                                        <proc:BudgetYearOneBase>1</proc:BudgetYearOneBase>
                                                        <proc:BudgetYearOne>1</proc:BudgetYearOne>
                                                    </proc:Quantity>
                                                    <proc:TotalCost>
                                                        <proc:BudgetYearOneBase>4.588</proc:BudgetYearOneBase>
                                                        <proc:BudgetYearOne>4.588</proc:BudgetYearOne>
                                                    </proc:TotalCost>
                                                </proc:Cost>
                                            </proc:BudgetYearOne>
                                            <proc:Total>
                                                <proc:Cost>
                                                    <proc:Quantity>
                                                        <proc:BudgetYearOneBase>1</proc:BudgetYearOneBase>
                                                        <proc:BudgetYearOne>1</proc:BudgetYearOne>
                                                    </proc:Quantity>
                                                    <proc:TotalCost>
                                                        <proc:BudgetYearOneBase>4.588</proc:BudgetYearOneBase>
                                                        <proc:BudgetYearOne>4.588</proc:BudgetYearOne>
                                                    </proc:TotalCost>
                                                </proc:Cost>
                                            </proc:Total>
                                        </proc:InstallationCost>
                                        <proc:InstallationSchedule>
                                            <proc:In>
                                                <proc:AllPriorYears>0</proc:AllPriorYears>
                                                <proc:CurrentYear>
                                                    <proc:FirstQuarter>1</proc:FirstQuarter>
                                                </proc:CurrentYear>
                                                <proc:BudgetYearOne>
                                                    <proc:FourthQuarter>1</proc:FourthQuarter>
                                                </proc:BudgetYearOne>
                                            </proc:In>
                                            <proc:Out>
                                                <proc:AllPriorYears>0</proc:AllPriorYears>
                                                <proc:BudgetYearOne>
                                                    <proc:SecondQuarter>1</proc:SecondQuarter>
                                                </proc:BudgetYearOne>
                                            </proc:Out>
                                        </proc:InstallationSchedule>
                                    </proc:NonOrganicInstallation>
                                </proc:ImplementationMethod>
                            </proc:ImplementationMethodList>
                            <proc:TotalCost>
                                <proc:Quantity>
                                    <proc:BudgetYearOneBase>1</proc:BudgetYearOneBase>
                                    <proc:BudgetYearOne>1</proc:BudgetYearOne>
                                </proc:Quantity>
                                <proc:TotalCost>
                                    <proc:BudgetYearOneBase>4.588</proc:BudgetYearOneBase>
                                    <proc:BudgetYearOne>4.588</proc:BudgetYearOne>
                                </proc:TotalCost>
                            </proc:TotalCost>
                        </proc:Installation>
                    </proc:ModificationItem>
                    <proc:ModificationItem>
                        <proc:Title>COMMON: Block Upgrade: Equipment Group B (Active)</proc:Title>
                        <proc:Procurement>
                            <proc:BKits>
                                <proc:Recurring>
                                    <proc:KitList>
                                        <proc:Kit>
                                            <proc:Name>COMMON: Block Upgrade: Equipment Group B (Active):EQUIPMENT Group B (Active)</proc:Name>
                                            <proc:Cost>
                                                <proc:Quantity>
                                                    <proc:BudgetYearOneBase>1</proc:BudgetYearOneBase>
                                                    <proc:BudgetYearOne>1</proc:BudgetYearOne>
                                                </proc:Quantity>
                                                <proc:TotalCost>
                                                    <proc:BudgetYearOneBase>1</proc:BudgetYearOneBase>
                                                    <proc:BudgetYearOne>1</proc:BudgetYearOne>
                                                </proc:TotalCost>
                                            </proc:Cost>
                                        </proc:Kit>
                                    </proc:KitList>
                                    <proc:CategorySubtotal>
                                        <proc:TotalCost>
                                            <proc:BudgetYearOneBase>1</proc:BudgetYearOneBase>
                                            <proc:BudgetYearOne>1</proc:BudgetYearOne>
                                        </proc:TotalCost>
                                    </proc:CategorySubtotal>
                                </proc:Recurring>
                            </proc:BKits>
                            <proc:ManufacturerList>
                                <proc:Manufacturer>
                                    <proc:Name>N/A</proc:Name>
                                    <proc:Location>N/A</proc:Location>
                                </proc:Manufacturer>
                            </proc:ManufacturerList>
                            <proc:TotalCost>
                                <proc:TotalCost>
                                    <proc:BudgetYearOneBase>1</proc:BudgetYearOneBase>
                                    <proc:BudgetYearOne>1</proc:BudgetYearOne>
                                </proc:TotalCost>
                            </proc:TotalCost>
                        </proc:Procurement>
                        <proc:Installation>
                            <proc:ImplementationMethodList>
                                <proc:ImplementationMethod>
                                    <proc:OrganicInstallation>
                                        <proc:ImplementationMethodName>Org/Intermediate</proc:ImplementationMethodName>
                                        <proc:InstallationQuantity>0</proc:InstallationQuantity>
                                    </proc:OrganicInstallation>
                                </proc:ImplementationMethod>
                            </proc:ImplementationMethodList>
                        </proc:Installation>
                    </proc:ModificationItem>
                </proc:ModificationItemList>
                <proc:ProcurementSubtotal>
                    <proc:TotalCost>
                        <proc:BudgetYearOneBase>3.5</proc:BudgetYearOneBase>
                        <proc:BudgetYearOne>3.5</proc:BudgetYearOne>
                    </proc:TotalCost>
                </proc:ProcurementSubtotal>
                <proc:InstallationSubtotal>
                    <proc:Quantity>
                        <proc:BudgetYearOneBase>1</proc:BudgetYearOneBase>
                        <proc:BudgetYearOne>1</proc:BudgetYearOne>
                    </proc:Quantity>
                    <proc:TotalCost>
                        <proc:BudgetYearOneBase>4.588</proc:BudgetYearOneBase>
                        <proc:BudgetYearOne>4.588</proc:BudgetYearOne>
                    </proc:TotalCost>
                </proc:InstallationSubtotal>
                <proc:Description>This modification completes technical data integration and installation of the Multi-Role Tactical Common Data Link (MR-TCDL) on one (1) Air Force VC-25A (Tail 28000) and includes new requirements: low latency worldwide data (Low Earth Orbital Satellite Communications) and aggregated throughput bandwidth. Future Air Force VC-25A (Tail 29000) modification effort will only include low latency worldwide data and aggregated throughput bandwidth having previously accomplished MR-TCDL. These modifications will be aligned with aircraft heavy maintenance depot. These items satisfy presidential mission requirements requested through the White House Military Office via AF 1067 (22-035, 22-036, and 22-039).

Low latency worldwide data is part of a redundant global satellite connectivity to obtain satellite communications using low earth orbital, mid earth orbital, and geosynchronous constellations. This effort will focus on low earth orbital solutions to minimize latency experienced during global video/teleconference.

Aggregate throughput will increase the upload and download capacity of global wideband satellite communications through redundant pathways of low earth orbital, mid earth orbital, and geosynchronous satellite communications. It will also increase the capacity of onboard infrastructure (wiring, switching, and routing) to support this higher bandwidth: This modification has synergy with the low earth orbital solution within low latency worldwide data.

MR-TCDL is a three (3) antenna equipment package which allows access to, and seamlessly transition between, airborne platforms and Phoenix Air-Ground Communications Network (PAGCN) Ground Entry Points (GEP).

Previously installed block upgrade modifications included protected SATCOM, weather radar, digital voice/data systems and mobile user objective system (MUOS).

This funding may include emerging modification requirements to provide program support costs (PSC), advisory &amp; assistance services (A&amp;AS), support equipment, and other government cost.

This is not a new start. This program was previously documented under Budget Line Item (BLI) C02500.

This modification supports performance of a full financial audit as required by title 10 U.S.C. Chapter 9A, Sec 240-D.

Milestone/Development Status

Non Developmental.  Commercial-off-the-shelf item with non-recurring engineering for integration.</proc:Description>
            </proc:P3AModificationItemGroup>
            <proc:P3AModificationItemGroup>
                <proc:ModificationTitle>VC-25B Block Upgrade</proc:ModificationTitle>
                <proc:ModificationNumber>1019</proc:ModificationNumber>
                <proc:ModificationType>Capability Improvement</proc:ModificationType>
                <proc:ModelsAffectedList>
                    <proc:ModelAffected>VC-25B</proc:ModelAffected>
                </proc:ModelsAffectedList>
                <proc:IdCode>B</proc:IdCode>
                <proc:ResourceSummary>
                    <proc:TotalCost>
                        <proc:BudgetYearOneBase>73.329</proc:BudgetYearOneBase>
                        <proc:BudgetYearOneOOC>0</proc:BudgetYearOneOOC>
                        <proc:BudgetYearOne>73.329</proc:BudgetYearOne>
                    </proc:TotalCost>
                    <proc:NetProcurementP1>
                        <proc:BudgetYearOneBase>73.329</proc:BudgetYearOneBase>
                        <proc:BudgetYearOneOOC>0</proc:BudgetYearOneOOC>
                        <proc:BudgetYearOne>73.329</proc:BudgetYearOne>
                    </proc:NetProcurementP1>
                    <proc:TotalObligationAuthority>
                        <proc:BudgetYearOneBase>73.329</proc:BudgetYearOneBase>
                        <proc:BudgetYearOneOOC>0</proc:BudgetYearOneOOC>
                        <proc:BudgetYearOne>73.329</proc:BudgetYearOne>
                    </proc:TotalObligationAuthority>
                </proc:ResourceSummary>
                <proc:RelatedProgramElementList>
                    <proc:ProgramElementNumber>0401314F</proc:ProgramElementNumber>
                </proc:RelatedProgramElementList>
                <proc:SupportCost>
                    <proc:CostElementList>
                        <proc:CostElement>
                            <proc:Name>GROUP A: TOTAL NONRECURRING</proc:Name>
                            <proc:Cost>
                                <proc:TotalCost>
                                    <proc:BudgetYearOneBase>32.691</proc:BudgetYearOneBase>
                                    <proc:BudgetYearOne>32.691</proc:BudgetYearOne>
                                </proc:TotalCost>
                            </proc:Cost>
                        </proc:CostElement>
                        <proc:CostElement>
                            <proc:Name>PSC - Other Gov't Costs</proc:Name>
                            <proc:Cost>
                                <proc:TotalCost>
                                    <proc:BudgetYearOneBase>0.415</proc:BudgetYearOneBase>
                                    <proc:BudgetYearOne>0.415</proc:BudgetYearOne>
                                </proc:TotalCost>
                            </proc:Cost>
                        </proc:CostElement>
                        <proc:CostElement>
                            <proc:Name>PSC - Contractor Services</proc:Name>
                            <proc:Cost>
                                <proc:TotalCost>
                                    <proc:BudgetYearOneBase>2.348</proc:BudgetYearOneBase>
                                    <proc:BudgetYearOne>2.348</proc:BudgetYearOne>
                                </proc:TotalCost>
                            </proc:Cost>
                        </proc:CostElement>
                    </proc:CostElementList>
                    <proc:CategorySubtotal>
                        <proc:TotalCost>
                            <proc:BudgetYearOneBase>35.454</proc:BudgetYearOneBase>
                            <proc:BudgetYearOne>35.454</proc:BudgetYearOne>
                        </proc:TotalCost>
                    </proc:CategorySubtotal>
                </proc:SupportCost>
                <proc:ModificationItemList>
                    <proc:ModificationItem>
                        <proc:Title>Block Upgrade</proc:Title>
                        <proc:Procurement>
                            <proc:AKits>
                                <proc:Recurring>
                                    <proc:KitList>
                                        <proc:Kit>
                                            <proc:Name>Block Upgrade:INSTALL KITS Group A (Active)</proc:Name>
                                            <proc:Cost>
                                                <proc:Quantity>
                                                    <proc:BudgetYearOneBase>1</proc:BudgetYearOneBase>
                                                    <proc:BudgetYearOne>1</proc:BudgetYearOne>
                                                </proc:Quantity>
                                                <proc:TotalCost>
                                                    <proc:BudgetYearOneBase>21.134</proc:BudgetYearOneBase>
                                                    <proc:BudgetYearOne>21.134</proc:BudgetYearOne>
                                                </proc:TotalCost>
                                            </proc:Cost>
                                        </proc:Kit>
                                    </proc:KitList>
                                    <proc:CategorySubtotal>
                                        <proc:TotalCost>
                                            <proc:BudgetYearOneBase>21.134</proc:BudgetYearOneBase>
                                            <proc:BudgetYearOne>21.134</proc:BudgetYearOne>
                                        </proc:TotalCost>
                                    </proc:CategorySubtotal>
                                </proc:Recurring>
                            </proc:AKits>
                            <proc:BKits>
                                <proc:Recurring>
                                    <proc:KitList>
                                        <proc:Kit>
                                            <proc:Name>Block Upgrade:EQUIPMENT Group B (Active)</proc:Name>
                                            <proc:Cost>
                                                <proc:TotalCost>
                                                    <proc:BudgetYearOneBase>14.741</proc:BudgetYearOneBase>
                                                    <proc:BudgetYearOne>14.741</proc:BudgetYearOne>
                                                </proc:TotalCost>
                                            </proc:Cost>
                                        </proc:Kit>
                                    </proc:KitList>
                                    <proc:CategorySubtotal>
                                        <proc:TotalCost>
                                            <proc:BudgetYearOneBase>14.741</proc:BudgetYearOneBase>
                                            <proc:BudgetYearOne>14.741</proc:BudgetYearOne>
                                        </proc:TotalCost>
                                    </proc:CategorySubtotal>
                                </proc:Recurring>
                            </proc:BKits>
                            <proc:ManufacturerList>
                                <proc:Manufacturer>
                                    <proc:Name>L3 Harris</proc:Name>
                                    <proc:Location>Greenville, TX</proc:Location>
                                    <proc:ContractDates>
                                        <proc:BudgetYearOne>2025-10</proc:BudgetYearOne>
                                    </proc:ContractDates>
                                    <proc:DeliveryDates>
                                        <proc:BudgetYearOne>2026-07</proc:BudgetYearOne>
                                    </proc:DeliveryDates>
                                    <proc:AdminLeadTimeAfterOct1InMonths>0</proc:AdminLeadTimeAfterOct1InMonths>
                                    <proc:ProductionLeadTimeAfterOct1InMonths>9</proc:ProductionLeadTimeAfterOct1InMonths>
                                </proc:Manufacturer>
                            </proc:ManufacturerList>
                            <proc:TotalCost>
                                <proc:TotalCost>
                                    <proc:BudgetYearOneBase>35.875</proc:BudgetYearOneBase>
                                    <proc:BudgetYearOne>35.875</proc:BudgetYearOne>
                                </proc:TotalCost>
                            </proc:TotalCost>
                        </proc:Procurement>
                        <proc:Installation>
                            <proc:ImplementationMethodList>
                                <proc:ImplementationMethod>
                                    <proc:NonOrganicInstallation>
                                        <proc:ImplementationMethodName>Contractor Facility</proc:ImplementationMethodName>
                                        <proc:InstallationCost>
                                            <proc:BudgetYearOne>
                                                <proc:Cost>
                                                    <proc:Quantity>
                                                        <proc:BudgetYearOneBase>1</proc:BudgetYearOneBase>
                                                        <proc:BudgetYearOne>1</proc:BudgetYearOne>
                                                    </proc:Quantity>
                                                    <proc:TotalCost>
                                                        <proc:BudgetYearOneBase>2</proc:BudgetYearOneBase>
                                                        <proc:BudgetYearOne>2</proc:BudgetYearOne>
                                                    </proc:TotalCost>
                                                </proc:Cost>
                                            </proc:BudgetYearOne>
                                            <proc:Total>
                                                <proc:Cost>
                                                    <proc:Quantity>
                                                        <proc:BudgetYearOneBase>1</proc:BudgetYearOneBase>
                                                        <proc:BudgetYearOne>1</proc:BudgetYearOne>
                                                    </proc:Quantity>
                                                    <proc:TotalCost>
                                                        <proc:BudgetYearOneBase>2</proc:BudgetYearOneBase>
                                                        <proc:BudgetYearOne>2</proc:BudgetYearOne>
                                                    </proc:TotalCost>
                                                </proc:Cost>
                                            </proc:Total>
                                        </proc:InstallationCost>
                                        <proc:InstallationSchedule>
                                            <proc:In>
                                                <proc:AllPriorYears>0</proc:AllPriorYears>
                                                <proc:BudgetYearOne>
                                                    <proc:FourthQuarter>1</proc:FourthQuarter>
                                                </proc:BudgetYearOne>
                                            </proc:In>
                                            <proc:Out>
                                                <proc:AllPriorYears>0</proc:AllPriorYears>
                                            </proc:Out>
                                        </proc:InstallationSchedule>
                                    </proc:NonOrganicInstallation>
                                </proc:ImplementationMethod>
                            </proc:ImplementationMethodList>
                            <proc:TotalCost>
                                <proc:Quantity>
                                    <proc:BudgetYearOneBase>1</proc:BudgetYearOneBase>
                                    <proc:BudgetYearOne>1</proc:BudgetYearOne>
                                </proc:Quantity>
                                <proc:TotalCost>
                                    <proc:BudgetYearOneBase>2</proc:BudgetYearOneBase>
                                    <proc:BudgetYearOne>2</proc:BudgetYearOne>
                                </proc:TotalCost>
                            </proc:TotalCost>
                        </proc:Installation>
                    </proc:ModificationItem>
                </proc:ModificationItemList>
                <proc:ProcurementSubtotal>
                    <proc:TotalCost>
                        <proc:BudgetYearOneBase>35.875</proc:BudgetYearOneBase>
                        <proc:BudgetYearOne>35.875</proc:BudgetYearOne>
                    </proc:TotalCost>
                </proc:ProcurementSubtotal>
                <proc:InstallationSubtotal>
                    <proc:Quantity>
                        <proc:BudgetYearOneBase>1</proc:BudgetYearOneBase>
                        <proc:BudgetYearOne>1</proc:BudgetYearOne>
                    </proc:Quantity>
                    <proc:TotalCost>
                        <proc:BudgetYearOneBase>2</proc:BudgetYearOneBase>
                        <proc:BudgetYearOne>2</proc:BudgetYearOne>
                    </proc:TotalCost>
                </proc:InstallationSubtotal>
                <proc:Description>This program, P-3A Mod 1019, VC-25B Block Upgrade, is a new start.
The VC-25B Block Upgrade/Tech Refresh effort provides the capability to rapidly acquire, integrate in the Systems Integration Lab (SIL), modify, install, and test new airborne communications technologies for two (2) VC-25B Executive Airlift aircraft.  These modifications consist of Top Secret/Sensitive Compartmented Information (TS/SCI), Secret (S), and Unclassified voice/data/video architecture enhancements enabling Senior Leaders to make time critical decisions and manage crisis actions while airborne.

These efforts ensure National Senior Leaders have redundant, protected, survivable, and secure global wideband satellite, air-to-air, and air-to-ground communications for modern business enterprise systems and Command and Control functions while airborne.  In addition to the aforementioned modifications, this funding implements National Leadership Command Capability Senior Leader Communications Council actions to correct mission communication system failures and address imminent capability and/or training deltas. 

This funding may include, but is not limited to, emerging modification requirements to support program support costs (PCS), advisory and assistance services (A and AS), systems integration lab, trainers, support equipment, other government costs, and Senior Leader Communications System modernization efforts.

VC-25B Block Upgrade/Tech Refresh unit kit costs are dependent on the starting configuration of each aircraft before modification, the communication upgrades required in the budget year, and the associated installation costs.

Funding may be used to address Diminishing Manufacturing Sources (DMS) issues.

Milestone/Development Status

Commercial-off-the-Shelf item with non-recurring engineering for integration.</proc:Description>
            </proc:P3AModificationItemGroup>
        </proc:ItemExhibitList>
        <proc:DocumentAssemblyOptions>
            <proc:p40AItemScheduleSetting>total</proc:p40AItemScheduleSetting>
        </proc:DocumentAssemblyOptions>
    </proc:LineItem>
</proc:LineItemList>