<?xml version="1.0" encoding="UTF-8"?>
<proc:LineItemList xmlns:proc="http://www.dtic.mil/comptroller/xml/schema/20100219/procurement">
    <proc:LineItem quantityUnits="Each" unitCostUnits="Millions" totalCostUnits="Millions" manufacturerRateUnits="Yearly">
        <proc:LineItemNumber>C04000</proc:LineItemNumber>
        <proc:LineItemTitle>C-40</proc:LineItemTitle>
        <proc:P1LineNumber>67</proc:P1LineNumber>
        <proc:BudgetYear>2026</proc:BudgetYear>
        <proc:BudgetCycle>PB</proc:BudgetCycle>
        <proc:SubmissionDate>2025-06</proc:SubmissionDate>
        <proc:ServiceAgencyName>Air Force</proc:ServiceAgencyName>
        <proc:AppropriationNumber>3010F</proc:AppropriationNumber>
        <proc:AppropriationTitle>Aircraft Procurement, Air Force</proc:AppropriationTitle>
        <proc:BudgetActivityNumber>5</proc:BudgetActivityNumber>
        <proc:BudgetActivityTitle>Modification of Inservice Aircraft</proc:BudgetActivityTitle>
        <proc:BudgetSubActivityNumber>5</proc:BudgetSubActivityNumber>
        <proc:BudgetSubActivityTitle>Other Aircraft</proc:BudgetSubActivityTitle>
        <proc:ResourceSummary>
            <proc:TotalCost>
                <proc:AllPriorYears>214.847</proc:AllPriorYears>
                <proc:PriorYear>8.921</proc:PriorYear>
                <proc:CurrentYear>7.114</proc:CurrentYear>
                <proc:BudgetYearOneBase>0</proc:BudgetYearOneBase>
                <proc:BudgetYearOne>0</proc:BudgetYearOne>
            </proc:TotalCost>
            <proc:NetProcurementP1>
                <proc:AllPriorYears>214.847</proc:AllPriorYears>
                <proc:PriorYear>8.921</proc:PriorYear>
                <proc:CurrentYear>7.114</proc:CurrentYear>
                <proc:BudgetYearOneBase>0</proc:BudgetYearOneBase>
                <proc:BudgetYearOne>0</proc:BudgetYearOne>
            </proc:NetProcurementP1>
            <proc:TotalObligationAuthority>
                <proc:AllPriorYears>214.847</proc:AllPriorYears>
                <proc:PriorYear>8.921</proc:PriorYear>
                <proc:CurrentYear>7.114</proc:CurrentYear>
                <proc:BudgetYearOneBase>0</proc:BudgetYearOneBase>
                <proc:BudgetYearOne>0</proc:BudgetYearOne>
            </proc:TotalObligationAuthority>
        </proc:ResourceSummary>
        <proc:Code>B</proc:Code>
        <proc:CodeBProgramElementList>
            <proc:ProgramElementNumber>0401314F</proc:ProgramElementNumber>
        </proc:CodeBProgramElementList>
        <proc:OtherRelatedProgramElementList>
            <proc:ProgramElementNumber>0401314F</proc:ProgramElementNumber>
            <proc:ProgramElementNumber>0504324F</proc:ProgramElementNumber>
        </proc:OtherRelatedProgramElementList>
        <proc:SecondaryDistribution>
            <proc:ComponentList>
                <proc:Component>
                    <proc:Name>Air Force Active</proc:Name>
                    <proc:Cost>
                        <proc:TotalCost>
                            <proc:PriorYear>8.921</proc:PriorYear>
                            <proc:CurrentYear>7.114</proc:CurrentYear>
                        </proc:TotalCost>
                    </proc:Cost>
                </proc:Component>
            </proc:ComponentList>
            <proc:TotalCost>
                <proc:TotalCost>
                    <proc:PriorYear>8.921</proc:PriorYear>
                    <proc:CurrentYear>7.114</proc:CurrentYear>
                </proc:TotalCost>
            </proc:TotalCost>
        </proc:SecondaryDistribution>
        <proc:Description>This line item funds all modifications for four (4) C-40B and seven (7) C-40C aircraft: commercial-derivative Boeing 737 business jets.  The C-40B/C is a twin-engine, turbo fan aircraft used to airlift DoD officials and United States government personnel worldwide.  The design service life is 35,000 flying hours with an average of 22,175 hours remaining.  

Crypto Modernization will replace the obsolescing Ultra High Frequency (UHF) Military Satellite Communication (SATCOM) System with a system that can connect to the Mobile User Objective System (MUOS) satellite constellation.

Service bulletins and low cost modifications are necessary for continuing Federal Aviation Administration (FAA) certification while improving flight safety, reliability, and maintainability.

This funding may include emerging modification requirements to support program support costs (PCS), advisory &amp; assistance services (A&amp;AS), systems integration lab, trainers, support equipment, other government costs, and Senior Leader Communications System modernization efforts.

Funding may be used to address Diminishing Manufacturing Sources (DMS) issues.

In accordance with Section 1815 of the FY 2008 National Defense Authorization Act (P.L. 110-181), this item is necessary for use by the active and reserve components of the Armed Forces for homeland defense missions, domestic emergency responses, and providing military support to civil authorities.

Funding for this exhibit contained in PE 0401314F. 

In FY 2026, BLI C04000, C-40, efforts were transferred to BLI OSAEA0, OSA-EA Modifications, in order to consolidate Budget Line Items for increased funding flexibility.</proc:Description>
        <proc:Justification>No FY 2026 funding requested.</proc:Justification>
        <proc:DocumentAssemblyOptions>
            <proc:p40AItemScheduleSetting>expandItemSuppressExhibit</proc:p40AItemScheduleSetting>
        </proc:DocumentAssemblyOptions>
    </proc:LineItem>
</proc:LineItemList>