<?xml version="1.0" encoding="UTF-8"?>
<proc:LineItemList xmlns:proc="http://www.dtic.mil/comptroller/xml/schema/20100219/procurement">
    <proc:LineItem quantityUnits="Each" unitCostUnits="Millions" totalCostUnits="Millions" manufacturerRateUnits="Yearly">
        <proc:LineItemNumber>C03700</proc:LineItemNumber>
        <proc:LineItemTitle>C-37A</proc:LineItemTitle>
        <proc:P1LineNumber>55</proc:P1LineNumber>
        <proc:BudgetYear>2026</proc:BudgetYear>
        <proc:BudgetCycle>PB</proc:BudgetCycle>
        <proc:SubmissionDate>2025-06</proc:SubmissionDate>
        <proc:ServiceAgencyName>Air Force</proc:ServiceAgencyName>
        <proc:AppropriationNumber>3010F</proc:AppropriationNumber>
        <proc:AppropriationTitle>Aircraft Procurement, Air Force</proc:AppropriationTitle>
        <proc:BudgetActivityNumber>5</proc:BudgetActivityNumber>
        <proc:BudgetActivityTitle>Modification of Inservice Aircraft</proc:BudgetActivityTitle>
        <proc:BudgetSubActivityNumber>3</proc:BudgetSubActivityNumber>
        <proc:BudgetSubActivityTitle>Airlift Aircraft</proc:BudgetSubActivityTitle>
        <proc:ResourceSummary>
            <proc:TotalCost>
                <proc:AllPriorYears>43.435</proc:AllPriorYears>
                <proc:PriorYear>13.454</proc:PriorYear>
                <proc:CurrentYear>9.146</proc:CurrentYear>
                <proc:BudgetYearOneBase>0</proc:BudgetYearOneBase>
                <proc:BudgetYearOne>0</proc:BudgetYearOne>
            </proc:TotalCost>
            <proc:NetProcurementP1>
                <proc:AllPriorYears>43.435</proc:AllPriorYears>
                <proc:PriorYear>13.454</proc:PriorYear>
                <proc:CurrentYear>9.146</proc:CurrentYear>
                <proc:BudgetYearOneBase>0</proc:BudgetYearOneBase>
                <proc:BudgetYearOne>0</proc:BudgetYearOne>
            </proc:NetProcurementP1>
            <proc:TotalObligationAuthority>
                <proc:AllPriorYears>43.435</proc:AllPriorYears>
                <proc:PriorYear>13.454</proc:PriorYear>
                <proc:CurrentYear>9.146</proc:CurrentYear>
                <proc:BudgetYearOneBase>0</proc:BudgetYearOneBase>
                <proc:BudgetYearOne>0</proc:BudgetYearOne>
            </proc:TotalObligationAuthority>
        </proc:ResourceSummary>
        <proc:CodeBProgramElementList>
            <proc:ProgramElementNumber>0401314F</proc:ProgramElementNumber>
        </proc:CodeBProgramElementList>
        <proc:OtherRelatedProgramElementList>
            <proc:ProgramElementNumber>0401314F</proc:ProgramElementNumber>
        </proc:OtherRelatedProgramElementList>
        <proc:Description>This line item funds modifications to nine (9) C-37A and seven (7) C-37B aircraft, equivalent to commercial Gulfstream 5 and Gulfstream 550 aircraft. The C-37A/B is a twin-engine jet transport designed to transport high-ranking United States government officials worldwide. The designed service life for C-37A is 40,000 hours (average of 24,740 hours remaining). The designed service life for C-37B is 40,000 hours (average of 31,293 hours remaining for our 3 legacy and 37,246 hours remaining for 4 new aircraft).  As the fleet nears the service life limits, additional evaluations are made for continued service.

Service bulletins and low cost modifications are necessary for continuing Federal Aviation Administration (FAA) certification while improving flight safety, reliability, and maintainability.

This funding may include, but is not limited to, emerging modification requirements to support Program Support Costs (PSC), Advisory &amp; Assistance Services (A&amp;AS), systems integration lab, trainers, equipment, other government costs, and Senior Leader Communications System modernization efforts.

Funding may be used to address Diminishing Manufacturing Sources (DMS) issues.

Funding for this exhibit is contained in PE 0401314F.

In FY 2026, BLI C03700, C-37, efforts were transferred to BLI OSAEA0, OSA-EA Modifications, in order to consolidate Budget Line Items for increased funding flexibility.</proc:Description>
        <proc:Justification>No FY 2026 funding requested.</proc:Justification>
        <proc:DocumentAssemblyOptions>
            <proc:p40AItemScheduleSetting>expandItemSuppressExhibit</proc:p40AItemScheduleSetting>
        </proc:DocumentAssemblyOptions>
    </proc:LineItem>
</proc:LineItemList>