<?xml version="1.0" encoding="UTF-8"?>
<proc:LineItemList xmlns:proc="http://www.dtic.mil/comptroller/xml/schema/20100219/procurement">
    <proc:LineItem quantityUnits="Each" unitCostUnits="Millions" totalCostUnits="Millions" manufacturerRateUnits="Yearly">
        <proc:LineItemNumber>DARP01</proc:LineItemNumber>
        <proc:LineItemTitle>RC-135</proc:LineItemTitle>
        <proc:P1LineNumber>74</proc:P1LineNumber>
        <proc:BudgetYear>2026</proc:BudgetYear>
        <proc:BudgetCycle>PB</proc:BudgetCycle>
        <proc:SubmissionDate>2025-06</proc:SubmissionDate>
        <proc:ServiceAgencyName>Air Force</proc:ServiceAgencyName>
        <proc:AppropriationNumber>3010F</proc:AppropriationNumber>
        <proc:AppropriationTitle>Aircraft Procurement, Air Force</proc:AppropriationTitle>
        <proc:BudgetActivityNumber>5</proc:BudgetActivityNumber>
        <proc:BudgetActivityTitle>Modification of Inservice Aircraft</proc:BudgetActivityTitle>
        <proc:BudgetSubActivityNumber>5</proc:BudgetSubActivityNumber>
        <proc:BudgetSubActivityTitle>Other Aircraft</proc:BudgetSubActivityTitle>
        <proc:ResourceSummary>
            <proc:TotalCost>
                <proc:AllPriorYears>1845.245</proc:AllPriorYears>
                <proc:PriorYear>220.121</proc:PriorYear>
                <proc:CurrentYear>242.066</proc:CurrentYear>
                <proc:BudgetYearOneBase>231.001</proc:BudgetYearOneBase>
                <proc:BudgetYearOne>231.001</proc:BudgetYearOne>
            </proc:TotalCost>
            <proc:NetProcurementP1>
                <proc:AllPriorYears>1845.245</proc:AllPriorYears>
                <proc:PriorYear>220.121</proc:PriorYear>
                <proc:CurrentYear>242.066</proc:CurrentYear>
                <proc:BudgetYearOneBase>231.001</proc:BudgetYearOneBase>
                <proc:BudgetYearOne>231.001</proc:BudgetYearOne>
            </proc:NetProcurementP1>
            <proc:TotalObligationAuthority>
                <proc:AllPriorYears>1845.245</proc:AllPriorYears>
                <proc:PriorYear>220.121</proc:PriorYear>
                <proc:CurrentYear>242.066</proc:CurrentYear>
                <proc:BudgetYearOneBase>231.001</proc:BudgetYearOneBase>
                <proc:BudgetYearOne>231.001</proc:BudgetYearOne>
            </proc:TotalObligationAuthority>
            <proc:InitialSpares>
                <proc:PriorYear>55.614</proc:PriorYear>
                <proc:CurrentYear>56.408</proc:CurrentYear>
                <proc:BudgetYearOneBase>57.108</proc:BudgetYearOneBase>
                <proc:BudgetYearOne>57.108</proc:BudgetYearOne>
            </proc:InitialSpares>
        </proc:ResourceSummary>
        <proc:CodeBProgramElementList>
            <proc:ProgramElementNumber>0305207F</proc:ProgramElementNumber>
        </proc:CodeBProgramElementList>
        <proc:OtherRelatedProgramElementList>
            <proc:ProgramElementNumber>0305207F</proc:ProgramElementNumber>
        </proc:OtherRelatedProgramElementList>
        <proc:Description>The USAF's Manned Reconnaissance Systems program includes seventeen (17) RC-135V/W RIVET JOINT, three (3) RC-135S COBRA BALL and two (2) RC-135U COMBAT SENT mission aircraft performing Air Combat Command (ACC) operational missions. The RC-135V/W RIVET JOINT is the majority variant that drives the Baseline integration and modification upgrade strategy for the entire RC-135 fleet.
Therefore, a significant amount of the modification budget is directly related to RIVET JOINT weapon system baseline strategy enhancements which subsequently transfer into the follow-on baseline strategy enhancements for the COBRA BALL and COMBAT SENT weapon systems.

RC-135 Viability Assessments in 2008, 2012, and 2019 reported that despite the fleet average airframe age (57 years) and accumulated flight hours (42,740) as of the end of FY 2018, the RC-135 should be able to continue to meet the user's needs by performing intended operations through at least 2050. Viability was assessed based on underlying analyses of reliability, maintainability, performance, corrosion, fatigue, architectural stability, safety and availability. The Viability Assessment also summarized that the RC-135 fleet has experienced significant improvements in reliability, maintainability and availability since FY 2001. The Program Manager attributes these improvements directly to the 645th Aeronautical Systems Group's (645 AESG) Baseline integration and spiral modification upgrade strategy and synergies gained with long-standing relationships with the RC-135 industry partners.

The RIVET JOINT Baseline integration efforts of Baselines 12 and 13 which started in early FY19, address the 2012 RC-135 Multi-Attribute Utility Assessment (MUA) that detailed operational effectiveness, cost and program analyses of the alternative weapon system configurations. The MUA determined that retaining and sustaining the RC-135V/W airframe offers the highest assessed weapons system utility (measured as a benefit of cost-to-risk ratio) over the 25-year assessment period.

Funding for this exhibit is contained in PE 0305207F.</proc:Description>
        <proc:Justification>FY26 procurement funding will concentrate on three major efforts: (1) initiate the integration and testing of Baseline 15, (2) continue the conversion of Baseline 12 aircraft into Baseline 14 aircraft, and (3) start the conversion of Baseline 13 aircraft into Baseline 15 aircraft. Nine USAD RIVET JOINT aircraft are projected to receive the Baseline 14 configuration and eight USAF RIVET JOINT aircraft are projected to receive the Baseline 15 configuration. During this same period, COMBAT SENT will complete the conversion of the Baseline 5 aircraft to Baseline 6, and the COBRA BALL complete integration and testing of Baseline 14. The COMBAT SENT and COBRA BALL baselines closely align with RIVET JOINT Baseline 14. Additionally, FY26 procurement will ensure integration and fielding updates to the RC-135 ground systems, which include RIVET JOINT Ground Data Processing Systems (GDPS), Distributed Mission Shelters (DMS), Mission Crew Training Systems (MCTS), Airborne Capabilities Extension System (ACES) and Operational Flight Trainers (OFT). The ground systems are upgraded to remain consistent with the fielded aircraft configurations to allow for training and qualification of the aircrew and maintenance personnel assigned, plus verification and certification of software builds that are continuously modified to address the dynamic mission requirements of these weapons systems. 

Due to the changing threat and rapidly evolving near peer electromagnetic combat environment, the acquisition program manager has the authority to redirect funding as necessary to meet current and emerging Combatant Commander and/or Intelligence Community requirements to better meet the war fighting objectives.</proc:Justification>
        <proc:ItemExhibitList>
            <proc:P40AItemGroup>
                <proc:Name>RC-135</proc:Name>
                <proc:CategoryList>
                    <proc:Category>
                        <proc:ItemList>
                            <proc:Item>
                                <proc:Name>CONSTANT PHOENIX</proc:Name>
                                <proc:ItemNumber>4266</proc:ItemNumber>
                                <proc:ModificationType>Capability Improvement</proc:ModificationType>
                                <proc:ModelsAffectedList>
                                    <proc:ModelAffected>WC-135R</proc:ModelAffected>
                                </proc:ModelsAffectedList>
                                <proc:ResourceSummary>
                                    <proc:TotalCost>
                                        <proc:AllPriorYears>216.227</proc:AllPriorYears>
                                        <proc:CurrentYear>4.5</proc:CurrentYear>
                                        <proc:BudgetYearOneBase>4.5</proc:BudgetYearOneBase>
                                        <proc:BudgetYearOne>4.5</proc:BudgetYearOne>
                                    </proc:TotalCost>
                                </proc:ResourceSummary>
                            </proc:Item>
                        </proc:ItemList>
                        <proc:CategorySubtotal>
                            <proc:TotalCost>
                                <proc:AllPriorYears>216.227</proc:AllPriorYears>
                                <proc:PriorYear>0</proc:PriorYear>
                                <proc:CurrentYear>4.5</proc:CurrentYear>
                                <proc:BudgetYearOneBase>4.5</proc:BudgetYearOneBase>
                                <proc:BudgetYearOneOOC>0</proc:BudgetYearOneOOC>
                                <proc:BudgetYearOne>4.5</proc:BudgetYearOne>
                            </proc:TotalCost>
                        </proc:CategorySubtotal>
                    </proc:Category>
                </proc:CategoryList>
                <proc:TotalCost>
                    <proc:TotalCost>
                        <proc:AllPriorYears>216.227</proc:AllPriorYears>
                        <proc:PriorYear>0</proc:PriorYear>
                        <proc:CurrentYear>4.5</proc:CurrentYear>
                        <proc:BudgetYearOneBase>4.5</proc:BudgetYearOneBase>
                        <proc:BudgetYearOneOOC>0</proc:BudgetYearOneOOC>
                        <proc:BudgetYearOne>4.5</proc:BudgetYearOne>
                    </proc:TotalCost>
                </proc:TotalCost>
                <proc:ModificationItemsIndicator>true</proc:ModificationItemsIndicator>
            </proc:P40AItemGroup>
            <proc:P3AModificationItemGroup>
                <proc:ModificationTitle>COBRA BALL</proc:ModificationTitle>
                <proc:ModificationNumber>2504</proc:ModificationNumber>
                <proc:ModificationType>Capability Improvement</proc:ModificationType>
                <proc:ModelsAffectedList>
                    <proc:ModelAffected>RC-135S</proc:ModelAffected>
                    <proc:ModelAffected>TC-135W</proc:ModelAffected>
                </proc:ModelsAffectedList>
                <proc:IdCode>A</proc:IdCode>
                <proc:ResourceSummary>
                    <proc:TotalCost>
                        <proc:AllPriorYears>73.242</proc:AllPriorYears>
                        <proc:PriorYear>13.59</proc:PriorYear>
                        <proc:CurrentYear>13.851</proc:CurrentYear>
                        <proc:BudgetYearOneBase>14.039</proc:BudgetYearOneBase>
                        <proc:BudgetYearOneOOC>0</proc:BudgetYearOneOOC>
                        <proc:BudgetYearOne>14.039</proc:BudgetYearOne>
                    </proc:TotalCost>
                    <proc:NetProcurementP1>
                        <proc:AllPriorYears>73.242</proc:AllPriorYears>
                        <proc:PriorYear>13.59</proc:PriorYear>
                        <proc:CurrentYear>13.851</proc:CurrentYear>
                        <proc:BudgetYearOneBase>14.039</proc:BudgetYearOneBase>
                        <proc:BudgetYearOneOOC>0</proc:BudgetYearOneOOC>
                        <proc:BudgetYearOne>14.039</proc:BudgetYearOne>
                    </proc:NetProcurementP1>
                    <proc:TotalObligationAuthority>
                        <proc:AllPriorYears>73.242</proc:AllPriorYears>
                        <proc:PriorYear>13.59</proc:PriorYear>
                        <proc:CurrentYear>13.851</proc:CurrentYear>
                        <proc:BudgetYearOneBase>14.039</proc:BudgetYearOneBase>
                        <proc:BudgetYearOneOOC>0</proc:BudgetYearOneOOC>
                        <proc:BudgetYearOne>14.039</proc:BudgetYearOne>
                    </proc:TotalObligationAuthority>
                </proc:ResourceSummary>
                <proc:RelatedProgramElementList>
                    <proc:ProgramElementNumber>0305207F</proc:ProgramElementNumber>
                </proc:RelatedProgramElementList>
                <proc:ModificationItemList>
                    <proc:ModificationItem>
                        <proc:Title>Baseline Upgrade</proc:Title>
                        <proc:Procurement>
                            <proc:AKits>
                                <proc:Recurring>
                                    <proc:KitList>
                                        <proc:Kit>
                                            <proc:Name>Baseline Upgrade:INSTALL KITS Group A (Active)</proc:Name>
                                            <proc:Cost>
                                                <proc:Quantity>
                                                    <proc:AllPriorYears>8</proc:AllPriorYears>
                                                    <proc:PriorYear>1</proc:PriorYear>
                                                    <proc:CurrentYear>1</proc:CurrentYear>
                                                    <proc:BudgetYearOneBase>1</proc:BudgetYearOneBase>
                                                    <proc:BudgetYearOne>1</proc:BudgetYearOne>
                                                </proc:Quantity>
                                                <proc:TotalCost>
                                                    <proc:AllPriorYears>17.397</proc:AllPriorYears>
                                                    <proc:PriorYear>3.431</proc:PriorYear>
                                                    <proc:CurrentYear>3.497</proc:CurrentYear>
                                                    <proc:BudgetYearOneBase>3.544</proc:BudgetYearOneBase>
                                                    <proc:BudgetYearOne>3.544</proc:BudgetYearOne>
                                                </proc:TotalCost>
                                            </proc:Cost>
                                        </proc:Kit>
                                    </proc:KitList>
                                    <proc:CategorySubtotal>
                                        <proc:TotalCost>
                                            <proc:AllPriorYears>17.397</proc:AllPriorYears>
                                            <proc:PriorYear>3.431</proc:PriorYear>
                                            <proc:CurrentYear>3.497</proc:CurrentYear>
                                            <proc:BudgetYearOneBase>3.544</proc:BudgetYearOneBase>
                                            <proc:BudgetYearOne>3.544</proc:BudgetYearOne>
                                        </proc:TotalCost>
                                    </proc:CategorySubtotal>
                                </proc:Recurring>
                            </proc:AKits>
                            <proc:BKits>
                                <proc:Recurring>
                                    <proc:KitList>
                                        <proc:Kit>
                                            <proc:Name>Baseline Upgrade:EQUIPMENT Group B (Active)</proc:Name>
                                            <proc:Cost>
                                                <proc:Quantity>
                                                    <proc:AllPriorYears>8</proc:AllPriorYears>
                                                    <proc:PriorYear>1</proc:PriorYear>
                                                    <proc:CurrentYear>1</proc:CurrentYear>
                                                    <proc:BudgetYearOneBase>1</proc:BudgetYearOneBase>
                                                    <proc:BudgetYearOne>1</proc:BudgetYearOne>
                                                </proc:Quantity>
                                                <proc:TotalCost>
                                                    <proc:AllPriorYears>28.89</proc:AllPriorYears>
                                                    <proc:PriorYear>5.934</proc:PriorYear>
                                                    <proc:CurrentYear>6.048</proc:CurrentYear>
                                                    <proc:BudgetYearOneBase>6.13</proc:BudgetYearOneBase>
                                                    <proc:BudgetYearOne>6.13</proc:BudgetYearOne>
                                                </proc:TotalCost>
                                            </proc:Cost>
                                        </proc:Kit>
                                    </proc:KitList>
                                    <proc:CategorySubtotal>
                                        <proc:TotalCost>
                                            <proc:AllPriorYears>28.89</proc:AllPriorYears>
                                            <proc:PriorYear>5.934</proc:PriorYear>
                                            <proc:CurrentYear>6.048</proc:CurrentYear>
                                            <proc:BudgetYearOneBase>6.13</proc:BudgetYearOneBase>
                                            <proc:BudgetYearOne>6.13</proc:BudgetYearOne>
                                        </proc:TotalCost>
                                    </proc:CategorySubtotal>
                                </proc:Recurring>
                            </proc:BKits>
                            <proc:ManufacturerList>
                                <proc:Manufacturer>
                                    <proc:Name>L-3Harris Technologies</proc:Name>
                                    <proc:Location>Greenville, TX</proc:Location>
                                    <proc:ContractDates>
                                        <proc:PriorYear>2023-12</proc:PriorYear>
                                        <proc:CurrentYear>2024-12</proc:CurrentYear>
                                        <proc:BudgetYearOne>2025-12</proc:BudgetYearOne>
                                    </proc:ContractDates>
                                    <proc:DeliveryDates>
                                        <proc:PriorYear>2024-06</proc:PriorYear>
                                        <proc:CurrentYear>2025-06</proc:CurrentYear>
                                        <proc:BudgetYearOne>2026-06</proc:BudgetYearOne>
                                    </proc:DeliveryDates>
                                    <proc:AdminLeadTimeAfterOct1InMonths>2</proc:AdminLeadTimeAfterOct1InMonths>
                                    <proc:ProductionLeadTimeAfterOct1InMonths>6</proc:ProductionLeadTimeAfterOct1InMonths>
                                </proc:Manufacturer>
                            </proc:ManufacturerList>
                            <proc:TotalCost>
                                <proc:TotalCost>
                                    <proc:AllPriorYears>46.287</proc:AllPriorYears>
                                    <proc:PriorYear>9.365</proc:PriorYear>
                                    <proc:CurrentYear>9.545</proc:CurrentYear>
                                    <proc:BudgetYearOneBase>9.674</proc:BudgetYearOneBase>
                                    <proc:BudgetYearOne>9.674</proc:BudgetYearOne>
                                </proc:TotalCost>
                            </proc:TotalCost>
                        </proc:Procurement>
                        <proc:Installation>
                            <proc:ImplementationMethodList>
                                <proc:ImplementationMethod>
                                    <proc:NonOrganicInstallation>
                                        <proc:ImplementationMethodName>Contractor Facility</proc:ImplementationMethodName>
                                        <proc:InstallationCost>
                                            <proc:AllPriorYears>
                                                <proc:Cost>
                                                    <proc:Quantity>
                                                        <proc:AllPriorYears>8</proc:AllPriorYears>
                                                    </proc:Quantity>
                                                    <proc:TotalCost>
                                                        <proc:AllPriorYears>26.955</proc:AllPriorYears>
                                                    </proc:TotalCost>
                                                </proc:Cost>
                                            </proc:AllPriorYears>
                                            <proc:PriorYear>
                                                <proc:Cost>
                                                    <proc:Quantity>
                                                        <proc:PriorYear>1</proc:PriorYear>
                                                    </proc:Quantity>
                                                    <proc:TotalCost>
                                                        <proc:PriorYear>4.225</proc:PriorYear>
                                                    </proc:TotalCost>
                                                </proc:Cost>
                                            </proc:PriorYear>
                                            <proc:CurrentYear>
                                                <proc:Cost>
                                                    <proc:Quantity>
                                                        <proc:CurrentYear>1</proc:CurrentYear>
                                                    </proc:Quantity>
                                                    <proc:TotalCost>
                                                        <proc:CurrentYear>4.306</proc:CurrentYear>
                                                    </proc:TotalCost>
                                                </proc:Cost>
                                            </proc:CurrentYear>
                                            <proc:BudgetYearOne>
                                                <proc:Cost>
                                                    <proc:Quantity>
                                                        <proc:BudgetYearOneBase>1</proc:BudgetYearOneBase>
                                                        <proc:BudgetYearOne>1</proc:BudgetYearOne>
                                                    </proc:Quantity>
                                                    <proc:TotalCost>
                                                        <proc:BudgetYearOneBase>4.365</proc:BudgetYearOneBase>
                                                        <proc:BudgetYearOne>4.365</proc:BudgetYearOne>
                                                    </proc:TotalCost>
                                                </proc:Cost>
                                            </proc:BudgetYearOne>
                                            <proc:Total>
                                                <proc:Cost>
                                                    <proc:Quantity>
                                                        <proc:AllPriorYears>8</proc:AllPriorYears>
                                                        <proc:PriorYear>1</proc:PriorYear>
                                                        <proc:CurrentYear>1</proc:CurrentYear>
                                                        <proc:BudgetYearOneBase>1</proc:BudgetYearOneBase>
                                                        <proc:BudgetYearOne>1</proc:BudgetYearOne>
                                                    </proc:Quantity>
                                                    <proc:TotalCost>
                                                        <proc:AllPriorYears>26.955</proc:AllPriorYears>
                                                        <proc:PriorYear>4.225</proc:PriorYear>
                                                        <proc:CurrentYear>4.306</proc:CurrentYear>
                                                        <proc:BudgetYearOneBase>4.365</proc:BudgetYearOneBase>
                                                        <proc:BudgetYearOne>4.365</proc:BudgetYearOne>
                                                    </proc:TotalCost>
                                                </proc:Cost>
                                            </proc:Total>
                                        </proc:InstallationCost>
                                        <proc:InstallationSchedule>
                                            <proc:In>
                                                <proc:AllPriorYears>8</proc:AllPriorYears>
                                                <proc:PriorYear>
                                                    <proc:FirstQuarter>1</proc:FirstQuarter>
                                                </proc:PriorYear>
                                                <proc:CurrentYear>
                                                    <proc:FirstQuarter>1</proc:FirstQuarter>
                                                </proc:CurrentYear>
                                                <proc:BudgetYearOne>
                                                    <proc:FirstQuarter>1</proc:FirstQuarter>
                                                </proc:BudgetYearOne>
                                            </proc:In>
                                            <proc:Out>
                                                <proc:AllPriorYears>8</proc:AllPriorYears>
                                                <proc:PriorYear>
                                                    <proc:FirstQuarter>1</proc:FirstQuarter>
                                                </proc:PriorYear>
                                                <proc:CurrentYear>
                                                    <proc:FirstQuarter>1</proc:FirstQuarter>
                                                </proc:CurrentYear>
                                                <proc:BudgetYearOne>
                                                    <proc:FirstQuarter>1</proc:FirstQuarter>
                                                </proc:BudgetYearOne>
                                            </proc:Out>
                                        </proc:InstallationSchedule>
                                    </proc:NonOrganicInstallation>
                                </proc:ImplementationMethod>
                            </proc:ImplementationMethodList>
                            <proc:TotalCost>
                                <proc:Quantity>
                                    <proc:AllPriorYears>8</proc:AllPriorYears>
                                    <proc:PriorYear>1</proc:PriorYear>
                                    <proc:CurrentYear>1</proc:CurrentYear>
                                    <proc:BudgetYearOneBase>1</proc:BudgetYearOneBase>
                                    <proc:BudgetYearOne>1</proc:BudgetYearOne>
                                </proc:Quantity>
                                <proc:TotalCost>
                                    <proc:AllPriorYears>26.955</proc:AllPriorYears>
                                    <proc:PriorYear>4.225</proc:PriorYear>
                                    <proc:CurrentYear>4.306</proc:CurrentYear>
                                    <proc:BudgetYearOneBase>4.365</proc:BudgetYearOneBase>
                                    <proc:BudgetYearOne>4.365</proc:BudgetYearOne>
                                </proc:TotalCost>
                            </proc:TotalCost>
                        </proc:Installation>
                    </proc:ModificationItem>
                </proc:ModificationItemList>
                <proc:ProcurementSubtotal>
                    <proc:TotalCost>
                        <proc:AllPriorYears>46.287</proc:AllPriorYears>
                        <proc:PriorYear>9.365</proc:PriorYear>
                        <proc:CurrentYear>9.545</proc:CurrentYear>
                        <proc:BudgetYearOneBase>9.674</proc:BudgetYearOneBase>
                        <proc:BudgetYearOne>9.674</proc:BudgetYearOne>
                    </proc:TotalCost>
                </proc:ProcurementSubtotal>
                <proc:InstallationSubtotal>
                    <proc:Quantity>
                        <proc:AllPriorYears>8</proc:AllPriorYears>
                        <proc:PriorYear>1</proc:PriorYear>
                        <proc:CurrentYear>1</proc:CurrentYear>
                        <proc:BudgetYearOneBase>1</proc:BudgetYearOneBase>
                        <proc:BudgetYearOne>1</proc:BudgetYearOne>
                    </proc:Quantity>
                    <proc:TotalCost>
                        <proc:AllPriorYears>26.955</proc:AllPriorYears>
                        <proc:PriorYear>4.225</proc:PriorYear>
                        <proc:CurrentYear>4.306</proc:CurrentYear>
                        <proc:BudgetYearOneBase>4.365</proc:BudgetYearOneBase>
                        <proc:BudgetYearOne>4.365</proc:BudgetYearOne>
                    </proc:TotalCost>
                </proc:InstallationSubtotal>
                <proc:Description>FY26 procurement funding acquires and installs various upgrades and enhancement modifications for the three (3) RC-135S COBRA BALL aircraft performing Air Combat Command (ACC) directed operational missions. Due to the rapidly changing global threat environment, the acquisition program manager has the authority to redirect funding as necessary to meet current stated and emerging Combatant Command (CCMD) and Intelligence Community (IC) requirements.

The Capability Description Document (CDD) addresses airframe, sensor, navigation, communications, data link, and processing requirements necessary to keep the RC-135 fleet viable through 2050. A Program Management Directive (PMD) provides direction to the 645th Aeronautical Systems Group (645 AESG) for the acquisition and sustainment of the weapons system, associated mission support equipment, and processing, exploitation and dissemination tools.

The RC-135S COBRA BALL program--Defense Airborne Reconnaissance Program (DARP)/Manned Reconnaissance Systems is managed in accordance with an incremental baseline upgrade acquisition strategy in order to maintain collection parity with evolving and emerging adversarial weapons systems utilized by state and non-state actors. The 645 AESG Baseline upgrade strategy requires purchase agreements for long-lead items that take approximately 10 to 12 months from contract award to delivery. Items required for integration in a given Baseline upgrade are contracted for purchase in the first year of the procurement funding cycle and are acquired and installed in the subsequent year. This acquisition strategy has been successful in maintaining critical combat capability in the Intelligence, Surveillance, and Reconnaissance (ISR) arena over the last 50 years.

FY26 procurement funding efforts will concentrate on integration and testing of COBRA BALL Baseline 14 enhancements and long lead items for Baseline 15. Baseline 14 subsystem upgrades consist of but are not limited to: Foreign Instrumentation Signals Intelligence (FISINT) Direction Finding antenna, high-gain steerable-beam K-band collection antenna, and Digital Data Recording, Digital Search, enhanced signal identification and classification, Target Discrimination via SATCOM, and the integration of the RIVET JOINT Baseline 14 communications intelligence (COMINT) suite.

Funding for this exhibit contained in PE 0305207F

Milestone/Development Status

FY26 procurement funding is associated with the acquisition, integration, and testing of Baseline 14. Funding provides logistical support efforts for the Baseline 14 configuration upgrades and enhancements on the three (3) RC-135S COBRA BALL aircraft, their sensor systems, and associated ground support systems. These upgrades are attributed to the research and development efforts initiated in FY 2023 and FY 2024.</proc:Description>
            </proc:P3AModificationItemGroup>
            <proc:P3AModificationItemGroup>
                <proc:ModificationTitle>RIVET JOINT</proc:ModificationTitle>
                <proc:ModificationNumber>4263</proc:ModificationNumber>
                <proc:ModificationType>Capability Improvement</proc:ModificationType>
                <proc:ModelsAffectedList>
                    <proc:ModelAffected>RC-135V</proc:ModelAffected>
                    <proc:ModelAffected>RC-135W</proc:ModelAffected>
                    <proc:ModelAffected>TC-135W</proc:ModelAffected>
                </proc:ModelsAffectedList>
                <proc:IdCode>A</proc:IdCode>
                <proc:ResourceSummary>
                    <proc:TotalCost>
                        <proc:AllPriorYears>1467.972</proc:AllPriorYears>
                        <proc:PriorYear>195.619</proc:PriorYear>
                        <proc:CurrentYear>212.593</proc:CurrentYear>
                        <proc:BudgetYearOneBase>201.189</proc:BudgetYearOneBase>
                        <proc:BudgetYearOneOOC>0</proc:BudgetYearOneOOC>
                        <proc:BudgetYearOne>201.189</proc:BudgetYearOne>
                    </proc:TotalCost>
                    <proc:NetProcurementP1>
                        <proc:AllPriorYears>1467.972</proc:AllPriorYears>
                        <proc:PriorYear>195.619</proc:PriorYear>
                        <proc:CurrentYear>212.593</proc:CurrentYear>
                        <proc:BudgetYearOneBase>201.189</proc:BudgetYearOneBase>
                        <proc:BudgetYearOneOOC>0</proc:BudgetYearOneOOC>
                        <proc:BudgetYearOne>201.189</proc:BudgetYearOne>
                    </proc:NetProcurementP1>
                    <proc:TotalObligationAuthority>
                        <proc:AllPriorYears>1467.972</proc:AllPriorYears>
                        <proc:PriorYear>195.619</proc:PriorYear>
                        <proc:CurrentYear>212.593</proc:CurrentYear>
                        <proc:BudgetYearOneBase>201.189</proc:BudgetYearOneBase>
                        <proc:BudgetYearOneOOC>0</proc:BudgetYearOneOOC>
                        <proc:BudgetYearOne>201.189</proc:BudgetYearOne>
                    </proc:TotalObligationAuthority>
                    <proc:InitialSpares>
                        <proc:AllPriorYears>325.755</proc:AllPriorYears>
                        <proc:PriorYear>55.614</proc:PriorYear>
                        <proc:CurrentYear>56.408</proc:CurrentYear>
                        <proc:BudgetYearOneBase>57.108</proc:BudgetYearOneBase>
                        <proc:BudgetYearOne>57.108</proc:BudgetYearOne>
                    </proc:InitialSpares>
                </proc:ResourceSummary>
                <proc:RelatedProgramElementList>
                    <proc:ProgramElementNumber>0305207F</proc:ProgramElementNumber>
                </proc:RelatedProgramElementList>
                <proc:SupportCost>
                    <proc:CostElementList>
                        <proc:CostElement>
                            <proc:Name>PMA - Other Gov't Costs</proc:Name>
                            <proc:Cost>
                                <proc:TotalCost>
                                    <proc:AllPriorYears>10.885</proc:AllPriorYears>
                                    <proc:PriorYear>1.57</proc:PriorYear>
                                    <proc:CurrentYear>1.603</proc:CurrentYear>
                                    <proc:BudgetYearOneBase>1.625</proc:BudgetYearOneBase>
                                    <proc:BudgetYearOne>1.625</proc:BudgetYearOne>
                                </proc:TotalCost>
                            </proc:Cost>
                        </proc:CostElement>
                    </proc:CostElementList>
                    <proc:CategorySubtotal>
                        <proc:TotalCost>
                            <proc:AllPriorYears>10.885</proc:AllPriorYears>
                            <proc:PriorYear>1.57</proc:PriorYear>
                            <proc:CurrentYear>1.603</proc:CurrentYear>
                            <proc:BudgetYearOneBase>1.625</proc:BudgetYearOneBase>
                            <proc:BudgetYearOne>1.625</proc:BudgetYearOne>
                        </proc:TotalCost>
                    </proc:CategorySubtotal>
                </proc:SupportCost>
                <proc:ModificationItemList>
                    <proc:ModificationItem>
                        <proc:Title>Baseline Upgrade (2)</proc:Title>
                        <proc:Procurement>
                            <proc:AKits>
                                <proc:Recurring>
                                    <proc:KitList>
                                        <proc:Kit>
                                            <proc:Name>Baseline Upgrade:INSTALL KITS Group A (Active)</proc:Name>
                                            <proc:Cost>
                                                <proc:Quantity>
                                                    <proc:AllPriorYears>32</proc:AllPriorYears>
                                                    <proc:PriorYear>4</proc:PriorYear>
                                                    <proc:CurrentYear>4</proc:CurrentYear>
                                                    <proc:BudgetYearOneBase>4</proc:BudgetYearOneBase>
                                                    <proc:BudgetYearOne>4</proc:BudgetYearOne>
                                                </proc:Quantity>
                                                <proc:TotalCost>
                                                    <proc:AllPriorYears>959.528</proc:AllPriorYears>
                                                    <proc:PriorYear>126.617</proc:PriorYear>
                                                    <proc:CurrentYear>142.278</proc:CurrentYear>
                                                    <proc:BudgetYearOneBase>129.881</proc:BudgetYearOneBase>
                                                    <proc:BudgetYearOne>129.881</proc:BudgetYearOne>
                                                </proc:TotalCost>
                                            </proc:Cost>
                                        </proc:Kit>
                                    </proc:KitList>
                                    <proc:CategorySubtotal>
                                        <proc:TotalCost>
                                            <proc:AllPriorYears>959.528</proc:AllPriorYears>
                                            <proc:PriorYear>126.617</proc:PriorYear>
                                            <proc:CurrentYear>142.278</proc:CurrentYear>
                                            <proc:BudgetYearOneBase>129.881</proc:BudgetYearOneBase>
                                            <proc:BudgetYearOne>129.881</proc:BudgetYearOne>
                                        </proc:TotalCost>
                                    </proc:CategorySubtotal>
                                </proc:Recurring>
                            </proc:AKits>
                            <proc:BKits>
                                <proc:Recurring>
                                    <proc:KitList>
                                        <proc:Kit>
                                            <proc:Name>Baseline Upgrade:EQUIPMENT Group B (Active)</proc:Name>
                                            <proc:Cost>
                                                <proc:Quantity>
                                                    <proc:AllPriorYears>32</proc:AllPriorYears>
                                                    <proc:PriorYear>4</proc:PriorYear>
                                                    <proc:CurrentYear>4</proc:CurrentYear>
                                                    <proc:BudgetYearOneBase>4</proc:BudgetYearOneBase>
                                                    <proc:BudgetYearOne>4</proc:BudgetYearOne>
                                                </proc:Quantity>
                                                <proc:TotalCost>
                                                    <proc:AllPriorYears>105.442</proc:AllPriorYears>
                                                    <proc:PriorYear>14.76</proc:PriorYear>
                                                    <proc:CurrentYear>15.042</proc:CurrentYear>
                                                    <proc:BudgetYearOneBase>15.245</proc:BudgetYearOneBase>
                                                    <proc:BudgetYearOne>15.245</proc:BudgetYearOne>
                                                </proc:TotalCost>
                                            </proc:Cost>
                                        </proc:Kit>
                                    </proc:KitList>
                                    <proc:CategorySubtotal>
                                        <proc:TotalCost>
                                            <proc:AllPriorYears>105.442</proc:AllPriorYears>
                                            <proc:PriorYear>14.76</proc:PriorYear>
                                            <proc:CurrentYear>15.042</proc:CurrentYear>
                                            <proc:BudgetYearOneBase>15.245</proc:BudgetYearOneBase>
                                            <proc:BudgetYearOne>15.245</proc:BudgetYearOne>
                                        </proc:TotalCost>
                                    </proc:CategorySubtotal>
                                </proc:Recurring>
                            </proc:BKits>
                            <proc:ManufacturerList>
                                <proc:Manufacturer>
                                    <proc:Name>L3Harris Technologies</proc:Name>
                                    <proc:Location>Greenville, TX</proc:Location>
                                    <proc:ContractDates>
                                        <proc:PriorYear>2023-12</proc:PriorYear>
                                        <proc:CurrentYear>2024-12</proc:CurrentYear>
                                        <proc:BudgetYearOne>2025-12</proc:BudgetYearOne>
                                    </proc:ContractDates>
                                    <proc:DeliveryDates>
                                        <proc:PriorYear>2024-09</proc:PriorYear>
                                        <proc:CurrentYear>2025-09</proc:CurrentYear>
                                        <proc:BudgetYearOne>2026-09</proc:BudgetYearOne>
                                    </proc:DeliveryDates>
                                    <proc:AdminLeadTimeAfterOct1InMonths>2</proc:AdminLeadTimeAfterOct1InMonths>
                                    <proc:ProductionLeadTimeAfterOct1InMonths>9</proc:ProductionLeadTimeAfterOct1InMonths>
                                </proc:Manufacturer>
                            </proc:ManufacturerList>
                            <proc:TotalCost>
                                <proc:TotalCost>
                                    <proc:AllPriorYears>1064.97</proc:AllPriorYears>
                                    <proc:PriorYear>141.377</proc:PriorYear>
                                    <proc:CurrentYear>157.32</proc:CurrentYear>
                                    <proc:BudgetYearOneBase>145.126</proc:BudgetYearOneBase>
                                    <proc:BudgetYearOne>145.126</proc:BudgetYearOne>
                                </proc:TotalCost>
                            </proc:TotalCost>
                        </proc:Procurement>
                        <proc:Installation>
                            <proc:ImplementationMethodList>
                                <proc:ImplementationMethod>
                                    <proc:NonOrganicInstallation>
                                        <proc:ImplementationMethodName>Contractor Facility</proc:ImplementationMethodName>
                                        <proc:InstallationCost>
                                            <proc:AllPriorYears>
                                                <proc:Cost>
                                                    <proc:Quantity>
                                                        <proc:AllPriorYears>32</proc:AllPriorYears>
                                                    </proc:Quantity>
                                                    <proc:TotalCost>
                                                        <proc:AllPriorYears>392.117</proc:AllPriorYears>
                                                    </proc:TotalCost>
                                                </proc:Cost>
                                            </proc:AllPriorYears>
                                            <proc:PriorYear>
                                                <proc:Cost>
                                                    <proc:Quantity>
                                                        <proc:PriorYear>4</proc:PriorYear>
                                                    </proc:Quantity>
                                                    <proc:TotalCost>
                                                        <proc:PriorYear>52.672</proc:PriorYear>
                                                    </proc:TotalCost>
                                                </proc:Cost>
                                            </proc:PriorYear>
                                            <proc:CurrentYear>
                                                <proc:Cost>
                                                    <proc:Quantity>
                                                        <proc:CurrentYear>4</proc:CurrentYear>
                                                    </proc:Quantity>
                                                    <proc:TotalCost>
                                                        <proc:CurrentYear>53.67</proc:CurrentYear>
                                                    </proc:TotalCost>
                                                </proc:Cost>
                                            </proc:CurrentYear>
                                            <proc:BudgetYearOne>
                                                <proc:Cost>
                                                    <proc:Quantity>
                                                        <proc:BudgetYearOneBase>4</proc:BudgetYearOneBase>
                                                        <proc:BudgetYearOne>4</proc:BudgetYearOne>
                                                    </proc:Quantity>
                                                    <proc:TotalCost>
                                                        <proc:BudgetYearOneBase>54.438</proc:BudgetYearOneBase>
                                                        <proc:BudgetYearOne>54.438</proc:BudgetYearOne>
                                                    </proc:TotalCost>
                                                </proc:Cost>
                                            </proc:BudgetYearOne>
                                            <proc:Total>
                                                <proc:Cost>
                                                    <proc:Quantity>
                                                        <proc:AllPriorYears>32</proc:AllPriorYears>
                                                        <proc:PriorYear>4</proc:PriorYear>
                                                        <proc:CurrentYear>4</proc:CurrentYear>
                                                        <proc:BudgetYearOneBase>4</proc:BudgetYearOneBase>
                                                        <proc:BudgetYearOne>4</proc:BudgetYearOne>
                                                    </proc:Quantity>
                                                    <proc:TotalCost>
                                                        <proc:AllPriorYears>392.117</proc:AllPriorYears>
                                                        <proc:PriorYear>52.672</proc:PriorYear>
                                                        <proc:CurrentYear>53.67</proc:CurrentYear>
                                                        <proc:BudgetYearOneBase>54.438</proc:BudgetYearOneBase>
                                                        <proc:BudgetYearOne>54.438</proc:BudgetYearOne>
                                                    </proc:TotalCost>
                                                </proc:Cost>
                                            </proc:Total>
                                        </proc:InstallationCost>
                                        <proc:InstallationSchedule>
                                            <proc:In>
                                                <proc:AllPriorYears>32</proc:AllPriorYears>
                                                <proc:PriorYear>
                                                    <proc:FirstQuarter>1</proc:FirstQuarter>
                                                    <proc:SecondQuarter>1</proc:SecondQuarter>
                                                    <proc:ThirdQuarter>1</proc:ThirdQuarter>
                                                    <proc:FourthQuarter>1</proc:FourthQuarter>
                                                </proc:PriorYear>
                                                <proc:CurrentYear>
                                                    <proc:FirstQuarter>1</proc:FirstQuarter>
                                                    <proc:SecondQuarter>1</proc:SecondQuarter>
                                                    <proc:ThirdQuarter>1</proc:ThirdQuarter>
                                                    <proc:FourthQuarter>1</proc:FourthQuarter>
                                                </proc:CurrentYear>
                                                <proc:BudgetYearOne>
                                                    <proc:FirstQuarter>1</proc:FirstQuarter>
                                                    <proc:SecondQuarter>1</proc:SecondQuarter>
                                                    <proc:ThirdQuarter>1</proc:ThirdQuarter>
                                                    <proc:FourthQuarter>1</proc:FourthQuarter>
                                                </proc:BudgetYearOne>
                                            </proc:In>
                                            <proc:Out>
                                                <proc:AllPriorYears>32</proc:AllPriorYears>
                                                <proc:PriorYear>
                                                    <proc:FirstQuarter>1</proc:FirstQuarter>
                                                    <proc:SecondQuarter>1</proc:SecondQuarter>
                                                    <proc:ThirdQuarter>1</proc:ThirdQuarter>
                                                    <proc:FourthQuarter>1</proc:FourthQuarter>
                                                </proc:PriorYear>
                                                <proc:CurrentYear>
                                                    <proc:FirstQuarter>1</proc:FirstQuarter>
                                                    <proc:SecondQuarter>1</proc:SecondQuarter>
                                                    <proc:ThirdQuarter>1</proc:ThirdQuarter>
                                                    <proc:FourthQuarter>1</proc:FourthQuarter>
                                                </proc:CurrentYear>
                                                <proc:BudgetYearOne>
                                                    <proc:FirstQuarter>1</proc:FirstQuarter>
                                                    <proc:SecondQuarter>1</proc:SecondQuarter>
                                                    <proc:ThirdQuarter>1</proc:ThirdQuarter>
                                                    <proc:FourthQuarter>1</proc:FourthQuarter>
                                                </proc:BudgetYearOne>
                                            </proc:Out>
                                        </proc:InstallationSchedule>
                                    </proc:NonOrganicInstallation>
                                </proc:ImplementationMethod>
                            </proc:ImplementationMethodList>
                            <proc:TotalCost>
                                <proc:Quantity>
                                    <proc:AllPriorYears>32</proc:AllPriorYears>
                                    <proc:PriorYear>4</proc:PriorYear>
                                    <proc:CurrentYear>4</proc:CurrentYear>
                                    <proc:BudgetYearOneBase>4</proc:BudgetYearOneBase>
                                    <proc:BudgetYearOne>4</proc:BudgetYearOne>
                                </proc:Quantity>
                                <proc:TotalCost>
                                    <proc:AllPriorYears>392.117</proc:AllPriorYears>
                                    <proc:PriorYear>52.672</proc:PriorYear>
                                    <proc:CurrentYear>53.67</proc:CurrentYear>
                                    <proc:BudgetYearOneBase>54.438</proc:BudgetYearOneBase>
                                    <proc:BudgetYearOne>54.438</proc:BudgetYearOne>
                                </proc:TotalCost>
                            </proc:TotalCost>
                        </proc:Installation>
                    </proc:ModificationItem>
                </proc:ModificationItemList>
                <proc:ProcurementSubtotal>
                    <proc:TotalCost>
                        <proc:AllPriorYears>1064.97</proc:AllPriorYears>
                        <proc:PriorYear>141.377</proc:PriorYear>
                        <proc:CurrentYear>157.32</proc:CurrentYear>
                        <proc:BudgetYearOneBase>145.126</proc:BudgetYearOneBase>
                        <proc:BudgetYearOne>145.126</proc:BudgetYearOne>
                    </proc:TotalCost>
                </proc:ProcurementSubtotal>
                <proc:InstallationSubtotal>
                    <proc:Quantity>
                        <proc:AllPriorYears>32</proc:AllPriorYears>
                        <proc:PriorYear>4</proc:PriorYear>
                        <proc:CurrentYear>4</proc:CurrentYear>
                        <proc:BudgetYearOneBase>4</proc:BudgetYearOneBase>
                        <proc:BudgetYearOne>4</proc:BudgetYearOne>
                    </proc:Quantity>
                    <proc:TotalCost>
                        <proc:AllPriorYears>392.117</proc:AllPriorYears>
                        <proc:PriorYear>52.672</proc:PriorYear>
                        <proc:CurrentYear>53.67</proc:CurrentYear>
                        <proc:BudgetYearOneBase>54.438</proc:BudgetYearOneBase>
                        <proc:BudgetYearOne>54.438</proc:BudgetYearOne>
                    </proc:TotalCost>
                </proc:InstallationSubtotal>
                <proc:Description>FY26 procurement funding acquires and installs various upgrade and enhancement modifications for the seventeen (17) RC-135V/W RIVET JOINT aircraft performing Air Combat Command (ACC) directed operational missions. The enhancements will focus on improving the RC-135's ability to compete and deter in the near-peer environment across the range of military operations. Due to the rapidly changing global threat environment, the acquisition program manager has the authority to redirect funding as necessary to meet current stated and emerging Combatant Command (CCMD) and Intelligence Community (IC) requirements.

The Capability Description Document (CDD) addresses airframe, sensor, navigation, communications, data link, and processing requirements necessary to keep the RC-135 fleet viable through 2050. A Program Management Directive (PMD) provides direction to the 645th Aeronautical Systems Group (645 AESG) for the acquisition and sustainment of the weapons system, associated mission support equipment, and processing, exploitation and dissemination tools.

The RC-135V/W RIVET JOINT program -- Defense Airborne Reconnaissance Program (DARP)/Manned Reconnaissance Systems is managed in accordance with an incremental baseline upgrade acquisition strategy in order to maintain collection parity with an evolving threat environment. The 645 AESG's Baseline upgrade strategy requires purchase agreements for long lead items that take approximately 10 to 12 months from contract award to delivery. Items required for integration in a given Baseline upgrade are contracted and purchased in the first year of the procurement funding cycle and are acquired and installed in the next year. This acquisition strategy has been successful in maintaining critical combat capability in the Intelligence, Surveillance and Reconnaissance (ISR) arena over the last 50 years.

FY26 procurement funding will upgrade fielded RIVET JOINT Baseline 14 configured aircraft but will concentrate on integration of Baseline 15 aircraft. RIVET JOINT BL-15 upgrades consist of, but are not limited to, scalable processor improvements, Wideband Agile Receiver and Pulse Detector (WARPD), Expanded Steered Beam capability, and augmented Remote Maintenance. Funding will also enhance reach back comms diversity with the integration of StarShield on Baseline 14 and 15 aircraft.

Funding for this exhibit is contained in PE 0305207F.

Milestone/Development Status

FY26 procurement funding is associated with acquisition and integration efforts for the Baseline 15 configuration upgrades/enhancements on the RC-135V/W RIVET JOINT aircraft, sensor systems, and
associated ground support systems. These upgrades are attributed to the research and development efforts initiated in FY23 and FY24. These initiatives formed the basis for the RC-135V/W RIVET JOINT fleet modification strategy.</proc:Description>
            </proc:P3AModificationItemGroup>
            <proc:P3AModificationItemGroup>
                <proc:ModificationTitle>COMBAT SENT</proc:ModificationTitle>
                <proc:ModificationNumber>4265</proc:ModificationNumber>
                <proc:ModificationType>Capability Improvement</proc:ModificationType>
                <proc:ModelsAffectedList>
                    <proc:ModelAffected>RC-135U</proc:ModelAffected>
                </proc:ModelsAffectedList>
                <proc:IdCode>A</proc:IdCode>
                <proc:ResourceSummary>
                    <proc:TotalCost>
                        <proc:AllPriorYears>87.804</proc:AllPriorYears>
                        <proc:PriorYear>10.912</proc:PriorYear>
                        <proc:CurrentYear>11.122</proc:CurrentYear>
                        <proc:BudgetYearOneBase>11.273</proc:BudgetYearOneBase>
                        <proc:BudgetYearOneOOC>0</proc:BudgetYearOneOOC>
                        <proc:BudgetYearOne>11.273</proc:BudgetYearOne>
                    </proc:TotalCost>
                    <proc:NetProcurementP1>
                        <proc:AllPriorYears>87.804</proc:AllPriorYears>
                        <proc:PriorYear>10.912</proc:PriorYear>
                        <proc:CurrentYear>11.122</proc:CurrentYear>
                        <proc:BudgetYearOneBase>11.273</proc:BudgetYearOneBase>
                        <proc:BudgetYearOneOOC>0</proc:BudgetYearOneOOC>
                        <proc:BudgetYearOne>11.273</proc:BudgetYearOne>
                    </proc:NetProcurementP1>
                    <proc:TotalObligationAuthority>
                        <proc:AllPriorYears>87.804</proc:AllPriorYears>
                        <proc:PriorYear>10.912</proc:PriorYear>
                        <proc:CurrentYear>11.122</proc:CurrentYear>
                        <proc:BudgetYearOneBase>11.273</proc:BudgetYearOneBase>
                        <proc:BudgetYearOneOOC>0</proc:BudgetYearOneOOC>
                        <proc:BudgetYearOne>11.273</proc:BudgetYearOne>
                    </proc:TotalObligationAuthority>
                </proc:ResourceSummary>
                <proc:RelatedProgramElementList>
                    <proc:ProgramElementNumber>0305207F</proc:ProgramElementNumber>
                </proc:RelatedProgramElementList>
                <proc:ModificationItemList>
                    <proc:ModificationItem>
                        <proc:Title>Baseline Upgrade (3)</proc:Title>
                        <proc:Procurement>
                            <proc:AKits>
                                <proc:Recurring>
                                    <proc:KitList>
                                        <proc:Kit>
                                            <proc:Name>Baseline Upgrade:INSTALL KITS Group A (Active)</proc:Name>
                                            <proc:Cost>
                                                <proc:Quantity>
                                                    <proc:AllPriorYears>8</proc:AllPriorYears>
                                                    <proc:PriorYear>1</proc:PriorYear>
                                                    <proc:CurrentYear>1</proc:CurrentYear>
                                                    <proc:BudgetYearOneBase>1</proc:BudgetYearOneBase>
                                                    <proc:BudgetYearOne>1</proc:BudgetYearOne>
                                                </proc:Quantity>
                                                <proc:TotalCost>
                                                    <proc:AllPriorYears>30.251</proc:AllPriorYears>
                                                    <proc:PriorYear>2.309</proc:PriorYear>
                                                    <proc:CurrentYear>2.353</proc:CurrentYear>
                                                    <proc:BudgetYearOneBase>2.385</proc:BudgetYearOneBase>
                                                    <proc:BudgetYearOne>2.385</proc:BudgetYearOne>
                                                </proc:TotalCost>
                                            </proc:Cost>
                                        </proc:Kit>
                                    </proc:KitList>
                                    <proc:CategorySubtotal>
                                        <proc:TotalCost>
                                            <proc:AllPriorYears>30.251</proc:AllPriorYears>
                                            <proc:PriorYear>2.309</proc:PriorYear>
                                            <proc:CurrentYear>2.353</proc:CurrentYear>
                                            <proc:BudgetYearOneBase>2.385</proc:BudgetYearOneBase>
                                            <proc:BudgetYearOne>2.385</proc:BudgetYearOne>
                                        </proc:TotalCost>
                                    </proc:CategorySubtotal>
                                </proc:Recurring>
                            </proc:AKits>
                            <proc:BKits>
                                <proc:Recurring>
                                    <proc:KitList>
                                        <proc:Kit>
                                            <proc:Name>Baseline Upgrade:EQUIPMENT Group B (Active)</proc:Name>
                                            <proc:Cost>
                                                <proc:Quantity>
                                                    <proc:AllPriorYears>8</proc:AllPriorYears>
                                                    <proc:PriorYear>1</proc:PriorYear>
                                                    <proc:CurrentYear>1</proc:CurrentYear>
                                                    <proc:BudgetYearOneBase>1</proc:BudgetYearOneBase>
                                                    <proc:BudgetYearOne>1</proc:BudgetYearOne>
                                                </proc:Quantity>
                                                <proc:TotalCost>
                                                    <proc:AllPriorYears>8.893</proc:AllPriorYears>
                                                    <proc:PriorYear>1.243</proc:PriorYear>
                                                    <proc:CurrentYear>1.267</proc:CurrentYear>
                                                    <proc:BudgetYearOneBase>1.284</proc:BudgetYearOneBase>
                                                    <proc:BudgetYearOne>1.284</proc:BudgetYearOne>
                                                </proc:TotalCost>
                                            </proc:Cost>
                                        </proc:Kit>
                                    </proc:KitList>
                                    <proc:CategorySubtotal>
                                        <proc:TotalCost>
                                            <proc:AllPriorYears>8.893</proc:AllPriorYears>
                                            <proc:PriorYear>1.243</proc:PriorYear>
                                            <proc:CurrentYear>1.267</proc:CurrentYear>
                                            <proc:BudgetYearOneBase>1.284</proc:BudgetYearOneBase>
                                            <proc:BudgetYearOne>1.284</proc:BudgetYearOne>
                                        </proc:TotalCost>
                                    </proc:CategorySubtotal>
                                </proc:Recurring>
                            </proc:BKits>
                            <proc:ManufacturerList>
                                <proc:Manufacturer>
                                    <proc:Name>L3Harris Technologies</proc:Name>
                                    <proc:Location>Greenville, TX</proc:Location>
                                    <proc:ContractDates>
                                        <proc:PriorYear>2023-12</proc:PriorYear>
                                        <proc:CurrentYear>2024-12</proc:CurrentYear>
                                        <proc:BudgetYearOne>2025-12</proc:BudgetYearOne>
                                    </proc:ContractDates>
                                    <proc:DeliveryDates>
                                        <proc:PriorYear>2024-06</proc:PriorYear>
                                        <proc:CurrentYear>2025-06</proc:CurrentYear>
                                        <proc:BudgetYearOne>2026-06</proc:BudgetYearOne>
                                    </proc:DeliveryDates>
                                    <proc:AdminLeadTimeAfterOct1InMonths>2</proc:AdminLeadTimeAfterOct1InMonths>
                                    <proc:ProductionLeadTimeAfterOct1InMonths>6</proc:ProductionLeadTimeAfterOct1InMonths>
                                </proc:Manufacturer>
                            </proc:ManufacturerList>
                            <proc:TotalCost>
                                <proc:TotalCost>
                                    <proc:AllPriorYears>39.144</proc:AllPriorYears>
                                    <proc:PriorYear>3.552</proc:PriorYear>
                                    <proc:CurrentYear>3.62</proc:CurrentYear>
                                    <proc:BudgetYearOneBase>3.669</proc:BudgetYearOneBase>
                                    <proc:BudgetYearOne>3.669</proc:BudgetYearOne>
                                </proc:TotalCost>
                            </proc:TotalCost>
                        </proc:Procurement>
                        <proc:Installation>
                            <proc:ImplementationMethodList>
                                <proc:ImplementationMethod>
                                    <proc:NonOrganicInstallation>
                                        <proc:ImplementationMethodName>Contractor Facility</proc:ImplementationMethodName>
                                        <proc:InstallationCost>
                                            <proc:AllPriorYears>
                                                <proc:Cost>
                                                    <proc:Quantity>
                                                        <proc:AllPriorYears>8</proc:AllPriorYears>
                                                    </proc:Quantity>
                                                    <proc:TotalCost>
                                                        <proc:AllPriorYears>48.66</proc:AllPriorYears>
                                                    </proc:TotalCost>
                                                </proc:Cost>
                                            </proc:AllPriorYears>
                                            <proc:PriorYear>
                                                <proc:Cost>
                                                    <proc:Quantity>
                                                        <proc:PriorYear>1</proc:PriorYear>
                                                    </proc:Quantity>
                                                    <proc:TotalCost>
                                                        <proc:PriorYear>7.36</proc:PriorYear>
                                                    </proc:TotalCost>
                                                </proc:Cost>
                                            </proc:PriorYear>
                                            <proc:CurrentYear>
                                                <proc:Cost>
                                                    <proc:Quantity>
                                                        <proc:CurrentYear>1</proc:CurrentYear>
                                                    </proc:Quantity>
                                                    <proc:TotalCost>
                                                        <proc:CurrentYear>7.502</proc:CurrentYear>
                                                    </proc:TotalCost>
                                                </proc:Cost>
                                            </proc:CurrentYear>
                                            <proc:BudgetYearOne>
                                                <proc:Cost>
                                                    <proc:Quantity>
                                                        <proc:BudgetYearOneBase>1</proc:BudgetYearOneBase>
                                                        <proc:BudgetYearOne>1</proc:BudgetYearOne>
                                                    </proc:Quantity>
                                                    <proc:TotalCost>
                                                        <proc:BudgetYearOneBase>7.604</proc:BudgetYearOneBase>
                                                        <proc:BudgetYearOne>7.604</proc:BudgetYearOne>
                                                    </proc:TotalCost>
                                                </proc:Cost>
                                            </proc:BudgetYearOne>
                                            <proc:Total>
                                                <proc:Cost>
                                                    <proc:Quantity>
                                                        <proc:AllPriorYears>8</proc:AllPriorYears>
                                                        <proc:PriorYear>1</proc:PriorYear>
                                                        <proc:CurrentYear>1</proc:CurrentYear>
                                                        <proc:BudgetYearOneBase>1</proc:BudgetYearOneBase>
                                                        <proc:BudgetYearOne>1</proc:BudgetYearOne>
                                                    </proc:Quantity>
                                                    <proc:TotalCost>
                                                        <proc:AllPriorYears>48.66</proc:AllPriorYears>
                                                        <proc:PriorYear>7.36</proc:PriorYear>
                                                        <proc:CurrentYear>7.502</proc:CurrentYear>
                                                        <proc:BudgetYearOneBase>7.604</proc:BudgetYearOneBase>
                                                        <proc:BudgetYearOne>7.604</proc:BudgetYearOne>
                                                    </proc:TotalCost>
                                                </proc:Cost>
                                            </proc:Total>
                                        </proc:InstallationCost>
                                        <proc:InstallationSchedule>
                                            <proc:In>
                                                <proc:AllPriorYears>8</proc:AllPriorYears>
                                                <proc:PriorYear>
                                                    <proc:FirstQuarter>1</proc:FirstQuarter>
                                                </proc:PriorYear>
                                                <proc:CurrentYear>
                                                    <proc:FirstQuarter>1</proc:FirstQuarter>
                                                </proc:CurrentYear>
                                                <proc:BudgetYearOne>
                                                    <proc:FirstQuarter>1</proc:FirstQuarter>
                                                </proc:BudgetYearOne>
                                            </proc:In>
                                            <proc:Out>
                                                <proc:AllPriorYears>8</proc:AllPriorYears>
                                                <proc:PriorYear>
                                                    <proc:ThirdQuarter>1</proc:ThirdQuarter>
                                                </proc:PriorYear>
                                                <proc:CurrentYear>
                                                    <proc:ThirdQuarter>1</proc:ThirdQuarter>
                                                </proc:CurrentYear>
                                                <proc:BudgetYearOne>
                                                    <proc:ThirdQuarter>1</proc:ThirdQuarter>
                                                </proc:BudgetYearOne>
                                            </proc:Out>
                                        </proc:InstallationSchedule>
                                    </proc:NonOrganicInstallation>
                                </proc:ImplementationMethod>
                            </proc:ImplementationMethodList>
                            <proc:TotalCost>
                                <proc:Quantity>
                                    <proc:AllPriorYears>8</proc:AllPriorYears>
                                    <proc:PriorYear>1</proc:PriorYear>
                                    <proc:CurrentYear>1</proc:CurrentYear>
                                    <proc:BudgetYearOneBase>1</proc:BudgetYearOneBase>
                                    <proc:BudgetYearOne>1</proc:BudgetYearOne>
                                </proc:Quantity>
                                <proc:TotalCost>
                                    <proc:AllPriorYears>48.66</proc:AllPriorYears>
                                    <proc:PriorYear>7.36</proc:PriorYear>
                                    <proc:CurrentYear>7.502</proc:CurrentYear>
                                    <proc:BudgetYearOneBase>7.604</proc:BudgetYearOneBase>
                                    <proc:BudgetYearOne>7.604</proc:BudgetYearOne>
                                </proc:TotalCost>
                            </proc:TotalCost>
                        </proc:Installation>
                    </proc:ModificationItem>
                </proc:ModificationItemList>
                <proc:ProcurementSubtotal>
                    <proc:TotalCost>
                        <proc:AllPriorYears>39.144</proc:AllPriorYears>
                        <proc:PriorYear>3.552</proc:PriorYear>
                        <proc:CurrentYear>3.62</proc:CurrentYear>
                        <proc:BudgetYearOneBase>3.669</proc:BudgetYearOneBase>
                        <proc:BudgetYearOne>3.669</proc:BudgetYearOne>
                    </proc:TotalCost>
                </proc:ProcurementSubtotal>
                <proc:InstallationSubtotal>
                    <proc:Quantity>
                        <proc:AllPriorYears>8</proc:AllPriorYears>
                        <proc:PriorYear>1</proc:PriorYear>
                        <proc:CurrentYear>1</proc:CurrentYear>
                        <proc:BudgetYearOneBase>1</proc:BudgetYearOneBase>
                        <proc:BudgetYearOne>1</proc:BudgetYearOne>
                    </proc:Quantity>
                    <proc:TotalCost>
                        <proc:AllPriorYears>48.66</proc:AllPriorYears>
                        <proc:PriorYear>7.36</proc:PriorYear>
                        <proc:CurrentYear>7.502</proc:CurrentYear>
                        <proc:BudgetYearOneBase>7.604</proc:BudgetYearOneBase>
                        <proc:BudgetYearOne>7.604</proc:BudgetYearOne>
                    </proc:TotalCost>
                </proc:InstallationSubtotal>
                <proc:Description>FY26 procurement funding acquires and installs various upgrade and enhancement modifications for the two (2) RC-135U COMBAT SENT aircraft performing Air Combat Command (ACC) directed operational missions. Due to the rapidly changing global threat environment and technological advances of our adversaries, the acquisition program manager has the authority to redirect funding as necessary to meet current stated and emerging Combatant Command (CCMD) and Intelligence Community (IC) requirements.

The Capability Decision Document (CDD) addresses airframe, sensor, navigation, communications, data link, and processing requirements necessary to keep the RC-135 fleet viable through 2050. A Program Management Directive (PMD) provides direction to the 645th Aeronautical Systems Group (645 AESG) for the acquisition and sustainment of the weapons system, associated mission support equipment, and processing, exploitation and dissemination tools.

The RC-135U COMBAT SENT program -- Defense Airborne Reconnaissance Program (DARP)/Manned Reconnaissance Systems) is managed in accordance with an incremental baseline upgrade acquisition strategy in order to maintain collection parity with the evolving threat environment. The 645 AESG's Baseline upgrade strategy requires purchase agreements for long-lead items that take approximately 12 months from contract award to delivery. Items required for integration in a given Baseline upgrade are contracted for purchase in the first year of the procurement funding cycle and are acquired and installed in the next year. This acquisition strategy has been successful in maintaining critical combat capability in the ISR arena over the last 50 years.

FY26 procurement funding efforts will concentrate on supporting the fielded COMBAT SENT Baseline 6 aircraft. Baseline 6 subsystem upgrades consist of, but are not limited to: Wideband collection, Scientific and Technical Processors, improved antennas, improved operator interface and reporting tools, sensor calibration/testing systems, integration of the RIVET JOINT Baseline 13 Communication Intelligence (COMINT) suite, and enhancing capabilities in dense signal environments. Initial BL 7 RF engineering and design efforts which begin in FY23 will continue into FY25. Program will initiate procurement on long lead BL7 requirements.

Funding for this exhibit contained in PE 0305207F.

Milestone/Development Status

FY26 procurement funding is associated with the acquisition, integration, and logistical support efforts for the Baseline 6 configuration upgrades/enhancements of the two (2) RC-135U COMBAT SENT aircraft, sensor systems, and associated ground support systems. These upgrades are attributed to the research and development efforts initiated in FY21 and FY22. These initiatives formed the basis for the RC-135U COMBAT SENT fleet modification strategy.</proc:Description>
            </proc:P3AModificationItemGroup>
        </proc:ItemExhibitList>
        <proc:DocumentAssemblyOptions>
            <proc:p40AItemScheduleSetting>total</proc:p40AItemScheduleSetting>
        </proc:DocumentAssemblyOptions>
    </proc:LineItem>
</proc:LineItemList>