<?xml version="1.0" encoding="UTF-8"?>
<proc:LineItemList xmlns:proc="http://www.dtic.mil/comptroller/xml/schema/20100219/procurement">
    <proc:LineItem quantityUnits="Each" unitCostUnits="Millions" totalCostUnits="Millions" manufacturerRateUnits="Yearly">
        <proc:LineItemNumber>C130J0</proc:LineItemNumber>
        <proc:LineItemTitle>C-130J</proc:LineItemTitle>
        <proc:P1LineNumber>13</proc:P1LineNumber>
        <proc:BudgetYear>2026</proc:BudgetYear>
        <proc:BudgetCycle>PB</proc:BudgetCycle>
        <proc:SubmissionDate>2025-06</proc:SubmissionDate>
        <proc:ServiceAgencyName>Air Force</proc:ServiceAgencyName>
        <proc:AppropriationNumber>3010F</proc:AppropriationNumber>
        <proc:AppropriationTitle>Aircraft Procurement, Air Force</proc:AppropriationTitle>
        <proc:BudgetActivityNumber>2</proc:BudgetActivityNumber>
        <proc:BudgetActivityTitle>Airlift Aircraft</proc:BudgetActivityTitle>
        <proc:BudgetSubActivityNumber>3</proc:BudgetSubActivityNumber>
        <proc:BudgetSubActivityTitle>Other Airlift</proc:BudgetSubActivityTitle>
        <proc:ResourceSummary>
            <proc:Quantity>
                <proc:AllPriorYears>218</proc:AllPriorYears>
                <proc:PriorYear>8</proc:PriorYear>
                <proc:CurrentYear>1</proc:CurrentYear>
            </proc:Quantity>
            <proc:TotalCost>
                <proc:AllPriorYears>20519.62</proc:AllPriorYears>
                <proc:PriorYear>1153.521</proc:PriorYear>
                <proc:CurrentYear>414.005</proc:CurrentYear>
                <proc:BudgetYearOneBase>0</proc:BudgetYearOneBase>
                <proc:BudgetYearOne>0</proc:BudgetYearOne>
            </proc:TotalCost>
            <proc:UnitCost>
                <proc:AllPriorYears>94.127</proc:AllPriorYears>
                <proc:PriorYear>144.19</proc:PriorYear>
                <proc:CurrentYear>414.005</proc:CurrentYear>
            </proc:UnitCost>
            <proc:NetProcurementP1>
                <proc:AllPriorYears>20519.62</proc:AllPriorYears>
                <proc:PriorYear>1153.521</proc:PriorYear>
                <proc:CurrentYear>414.005</proc:CurrentYear>
                <proc:BudgetYearOneBase>0</proc:BudgetYearOneBase>
                <proc:BudgetYearOne>0</proc:BudgetYearOne>
            </proc:NetProcurementP1>
            <proc:TotalObligationAuthority>
                <proc:AllPriorYears>20519.62</proc:AllPriorYears>
                <proc:PriorYear>1153.521</proc:PriorYear>
                <proc:CurrentYear>414.005</proc:CurrentYear>
                <proc:BudgetYearOneBase>0</proc:BudgetYearOneBase>
                <proc:BudgetYearOne>0</proc:BudgetYearOne>
            </proc:TotalObligationAuthority>
            <proc:FlyawayUnitCost>
                <proc:AllPriorYears>76.471</proc:AllPriorYears>
                <proc:PriorYear>119.85</proc:PriorYear>
                <proc:CurrentYear>132.4</proc:CurrentYear>
            </proc:FlyawayUnitCost>
        </proc:ResourceSummary>
        <proc:Code>A</proc:Code>
        <proc:OtherRelatedProgramElementList>
            <proc:ProgramElementNumber>0207224F</proc:ProgramElementNumber>
            <proc:ProgramElementNumber>0207230F</proc:ProgramElementNumber>
            <proc:ProgramElementNumber>0207237F</proc:ProgramElementNumber>
        </proc:OtherRelatedProgramElementList>
        <proc:Description>The C-130J is a medium-size transport aircraft capable of performing a variety of combat delivery (tactical airlift) operations across a broad range of mission environments. The C-130J aircraft, with its extended (by 15 ft) fuselage, provides additional cargo carrying capacity for the USAF combat delivery mission compared with legacy C-130E/Hs and the C-130J (short). 

Other variants of the USAF C-130J fleet are all short-bodied aircraft and include the WC-130J (weather reconnaissance), HC-130J (combat search and rescue), MC-130J (special operations), and the AC-130J (close air support and armed reconnaissance). The HC-130J, MC-130J, and AC-130J variants are addressed in their own budget documents. 

17 C-130Js were procured with National Guard, Reserve Equipment Account (NGREA) funds early in the program. 

Funding for this exhibit is contained in PE 0401132F.  

Program funding, including Congressional Add funding, includes efforts related to, but not limited to, Diminishing Manufacturing Sources, Depot Activation, Production cut-ins, Program Support Costs, Initial Spares, and Studies and/or Risk Reduction efforts.  

Product/Other Support is for spare engines and propellers required for fleet of C-130J.

This program includes costs for the following C-130J aircraft variants: C-130J stretch aircraft, C-130J short aircraft, and WC-130J aircraft.</proc:Description>
        <proc:Justification>No FY 2026 funding requested.</proc:Justification>
        <proc:MDAPCode>220</proc:MDAPCode>
        <proc:ItemExhibitList>
            <proc:P5Item>
                <proc:Name>C-130J</proc:Name>
                <proc:IdCode>A</proc:IdCode>
                <proc:ResourceSummary>
                    <proc:Quantity>
                        <proc:AllPriorYears>218</proc:AllPriorYears>
                        <proc:PriorYear>8</proc:PriorYear>
                        <proc:CurrentYear>1</proc:CurrentYear>
                    </proc:Quantity>
                    <proc:TotalCost>
                        <proc:AllPriorYears>20519.62</proc:AllPriorYears>
                        <proc:PriorYear>1153.521</proc:PriorYear>
                        <proc:CurrentYear>414.005</proc:CurrentYear>
                        <proc:BudgetYearOneBase>0</proc:BudgetYearOneBase>
                        <proc:BudgetYearOne>0</proc:BudgetYearOne>
                    </proc:TotalCost>
                    <proc:UnitCost>
                        <proc:AllPriorYears>94.127</proc:AllPriorYears>
                        <proc:PriorYear>144.19</proc:PriorYear>
                        <proc:CurrentYear>414.005</proc:CurrentYear>
                    </proc:UnitCost>
                    <proc:NetProcurementP1>
                        <proc:AllPriorYears>20519.62</proc:AllPriorYears>
                        <proc:PriorYear>1153.521</proc:PriorYear>
                        <proc:CurrentYear>414.005</proc:CurrentYear>
                        <proc:BudgetYearOneBase>0</proc:BudgetYearOneBase>
                        <proc:BudgetYearOne>0</proc:BudgetYearOne>
                    </proc:NetProcurementP1>
                    <proc:TotalObligationAuthority>
                        <proc:AllPriorYears>20519.62</proc:AllPriorYears>
                        <proc:PriorYear>1153.521</proc:PriorYear>
                        <proc:CurrentYear>414.005</proc:CurrentYear>
                        <proc:BudgetYearOneBase>0</proc:BudgetYearOneBase>
                        <proc:BudgetYearOne>0</proc:BudgetYearOne>
                    </proc:TotalObligationAuthority>
                    <proc:InitialSpares>
                        <proc:PriorYear>0</proc:PriorYear>
                    </proc:InitialSpares>
                </proc:ResourceSummary>
                <proc:CostElementCategoryList>
                    <proc:Flyaway>
                        <proc:Name>Flyaway End Item</proc:Name>
                        <proc:Recurring>
                            <proc:CostElementList>
                                <proc:CostElement>
                                    <proc:Name>Airframe</proc:Name>
                                    <proc:Cost>
                                        <proc:Quantity>
                                            <proc:AllPriorYears>218</proc:AllPriorYears>
                                            <proc:PriorYear>8</proc:PriorYear>
                                            <proc:CurrentYear>1</proc:CurrentYear>
                                        </proc:Quantity>
                                        <proc:TotalCost>
                                            <proc:AllPriorYears>16236.254</proc:AllPriorYears>
                                            <proc:PriorYear>936</proc:PriorYear>
                                            <proc:CurrentYear>128</proc:CurrentYear>
                                            <proc:BudgetYearOneBase>0</proc:BudgetYearOneBase>
                                            <proc:BudgetYearOne>0</proc:BudgetYearOne>
                                        </proc:TotalCost>
                                        <proc:UnitCost>
                                            <proc:AllPriorYears>74.478</proc:AllPriorYears>
                                            <proc:PriorYear>117</proc:PriorYear>
                                            <proc:CurrentYear>128</proc:CurrentYear>
                                        </proc:UnitCost>
                                    </proc:Cost>
                                </proc:CostElement>
                                <proc:CostElement>
                                    <proc:Name>Other Government Furnished Equipment</proc:Name>
                                    <proc:Cost>
                                        <proc:TotalCost>
                                            <proc:AllPriorYears>434.367</proc:AllPriorYears>
                                            <proc:PriorYear>22.8</proc:PriorYear>
                                            <proc:CurrentYear>4.4</proc:CurrentYear>
                                        </proc:TotalCost>
                                    </proc:Cost>
                                </proc:CostElement>
                            </proc:CostElementList>
                            <proc:CategorySubtotal>
                                <proc:TotalCost>
                                    <proc:AllPriorYears>16670.621</proc:AllPriorYears>
                                    <proc:PriorYear>958.8</proc:PriorYear>
                                    <proc:CurrentYear>132.4</proc:CurrentYear>
                                    <proc:BudgetYearOneBase>0</proc:BudgetYearOneBase>
                                    <proc:BudgetYearOne>0</proc:BudgetYearOne>
                                </proc:TotalCost>
                            </proc:CategorySubtotal>
                        </proc:Recurring>
                        <proc:CategorySubtotal>
                            <proc:TotalCost>
                                <proc:AllPriorYears>16670.621</proc:AllPriorYears>
                                <proc:PriorYear>958.8</proc:PriorYear>
                                <proc:CurrentYear>132.4</proc:CurrentYear>
                                <proc:BudgetYearOneBase>0</proc:BudgetYearOneBase>
                                <proc:BudgetYearOne>0</proc:BudgetYearOne>
                            </proc:TotalCost>
                        </proc:CategorySubtotal>
                    </proc:Flyaway>
                    <proc:Support>
                        <proc:CostElementList>
                            <proc:CostElement>
                                <proc:Name>Airframe Peculiar Ground Support Equipment (PGSE)</proc:Name>
                                <proc:Cost>
                                    <proc:TotalCost>
                                        <proc:AllPriorYears>23.872</proc:AllPriorYears>
                                    </proc:TotalCost>
                                </proc:Cost>
                            </proc:CostElement>
                            <proc:CostElement>
                                <proc:Name>Peculiar Training Equipment</proc:Name>
                                <proc:Cost>
                                    <proc:TotalCost>
                                        <proc:AllPriorYears>319.524</proc:AllPriorYears>
                                    </proc:TotalCost>
                                </proc:Cost>
                            </proc:CostElement>
                            <proc:CostElement>
                                <proc:Name>Engineering and Logistics Services</proc:Name>
                                <proc:Cost>
                                    <proc:TotalCost>
                                        <proc:AllPriorYears>79.197</proc:AllPriorYears>
                                        <proc:PriorYear>5.021</proc:PriorYear>
                                        <proc:CurrentYear>6</proc:CurrentYear>
                                        <proc:BudgetYearOneBase>0</proc:BudgetYearOneBase>
                                        <proc:BudgetYearOne>0</proc:BudgetYearOne>
                                    </proc:TotalCost>
                                </proc:Cost>
                            </proc:CostElement>
                            <proc:CostElement>
                                <proc:Name>Diminishing Manufacturing Sources (DMS)</proc:Name>
                                <proc:Cost>
                                    <proc:TotalCost>
                                        <proc:AllPriorYears>571.449</proc:AllPriorYears>
                                        <proc:PriorYear>161.8</proc:PriorYear>
                                        <proc:CurrentYear>122</proc:CurrentYear>
                                    </proc:TotalCost>
                                </proc:Cost>
                            </proc:CostElement>
                            <proc:CostElement>
                                <proc:Name>Interim Contractor Support (ICS)</proc:Name>
                                <proc:Cost>
                                    <proc:TotalCost>
                                        <proc:AllPriorYears>103.904</proc:AllPriorYears>
                                    </proc:TotalCost>
                                </proc:Cost>
                            </proc:CostElement>
                            <proc:CostElement>
                                <proc:Name>Interim Supply Support (ISS) (Spares)</proc:Name>
                                <proc:Cost>
                                    <proc:TotalCost>
                                        <proc:AllPriorYears>1046.835</proc:AllPriorYears>
                                        <proc:CurrentYear>1.8</proc:CurrentYear>
                                    </proc:TotalCost>
                                </proc:Cost>
                            </proc:CostElement>
                            <proc:CostElement>
                                <proc:Name>Post Delivery Support</proc:Name>
                                <proc:Cost>
                                    <proc:TotalCost>
                                        <proc:AllPriorYears>181.25</proc:AllPriorYears>
                                        <proc:PriorYear>2.2</proc:PriorYear>
                                        <proc:CurrentYear>2.4</proc:CurrentYear>
                                    </proc:TotalCost>
                                </proc:Cost>
                            </proc:CostElement>
                            <proc:CostElement>
                                <proc:Name>Organic Depot Support</proc:Name>
                                <proc:Cost>
                                    <proc:TotalCost>
                                        <proc:AllPriorYears>34.11</proc:AllPriorYears>
                                    </proc:TotalCost>
                                </proc:Cost>
                            </proc:CostElement>
                            <proc:CostElement>
                                <proc:Name>Program Support Costs</proc:Name>
                                <proc:Cost>
                                    <proc:TotalCost>
                                        <proc:AllPriorYears>151.831</proc:AllPriorYears>
                                        <proc:PriorYear>5.7</proc:PriorYear>
                                    </proc:TotalCost>
                                </proc:Cost>
                            </proc:CostElement>
                            <proc:CostElement>
                                <proc:Name>Product/Other Support</proc:Name>
                                <proc:Cost>
                                    <proc:TotalCost>
                                        <proc:AllPriorYears>4.383</proc:AllPriorYears>
                                        <proc:CurrentYear>148.305</proc:CurrentYear>
                                    </proc:TotalCost>
                                </proc:Cost>
                            </proc:CostElement>
                            <proc:CostElement>
                                <proc:Name>Alternate Mission Equipment</proc:Name>
                                <proc:Cost>
                                    <proc:TotalCost>
                                        <proc:AllPriorYears>3.458</proc:AllPriorYears>
                                        <proc:PriorYear>2.8</proc:PriorYear>
                                        <proc:CurrentYear>1.1</proc:CurrentYear>
                                    </proc:TotalCost>
                                </proc:Cost>
                            </proc:CostElement>
                            <proc:CostElement>
                                <proc:Name>Other</proc:Name>
                                <proc:Cost>
                                    <proc:TotalCost>
                                        <proc:AllPriorYears>1329.186</proc:AllPriorYears>
                                        <proc:PriorYear>17.2</proc:PriorYear>
                                    </proc:TotalCost>
                                </proc:Cost>
                            </proc:CostElement>
                        </proc:CostElementList>
                        <proc:CategorySubtotal>
                            <proc:TotalCost>
                                <proc:AllPriorYears>3848.999</proc:AllPriorYears>
                                <proc:PriorYear>194.721</proc:PriorYear>
                                <proc:CurrentYear>281.605</proc:CurrentYear>
                                <proc:BudgetYearOneBase>0</proc:BudgetYearOneBase>
                                <proc:BudgetYearOne>0</proc:BudgetYearOne>
                            </proc:TotalCost>
                        </proc:CategorySubtotal>
                        <proc:Name>Support End Item</proc:Name>
                    </proc:Support>
                </proc:CostElementCategoryList>
            </proc:P5Item>
        </proc:ItemExhibitList>
        <proc:DocumentAssemblyOptions>
            <proc:p40AItemScheduleSetting>expandItemSuppressExhibit</proc:p40AItemScheduleSetting>
        </proc:DocumentAssemblyOptions>
    </proc:LineItem>
</proc:LineItemList>