<?xml version="1.0" encoding="UTF-8"?>
<proc:LineItemList xmlns:proc="http://www.dtic.mil/comptroller/xml/schema/20100219/procurement">
    <proc:LineItem quantityUnits="Each" unitCostUnits="Millions" totalCostUnits="Millions" manufacturerRateUnits="Yearly">
        <proc:LineItemNumber>KC046A</proc:LineItemNumber>
        <proc:LineItemTitle>KC-46A MDAP</proc:LineItemTitle>
        <proc:P1LineNumber>50</proc:P1LineNumber>
        <proc:BudgetYear>2026</proc:BudgetYear>
        <proc:BudgetCycle>PB</proc:BudgetCycle>
        <proc:SubmissionDate>2025-06</proc:SubmissionDate>
        <proc:ServiceAgencyName>Air Force</proc:ServiceAgencyName>
        <proc:AppropriationNumber>3010F</proc:AppropriationNumber>
        <proc:AppropriationTitle>Aircraft Procurement, Air Force</proc:AppropriationTitle>
        <proc:BudgetActivityNumber>5</proc:BudgetActivityNumber>
        <proc:BudgetActivityTitle>Modification of Inservice Aircraft</proc:BudgetActivityTitle>
        <proc:BudgetSubActivityNumber>2</proc:BudgetSubActivityNumber>
        <proc:BudgetSubActivityTitle>Tactical Aircraft</proc:BudgetSubActivityTitle>
        <proc:ResourceSummary>
            <proc:TotalCost>
                <proc:AllPriorYears>3.295</proc:AllPriorYears>
                <proc:PriorYear>0</proc:PriorYear>
                <proc:CurrentYear>24.954</proc:CurrentYear>
                <proc:BudgetYearOneBase>19.344</proc:BudgetYearOneBase>
                <proc:BudgetYearOne>19.344</proc:BudgetYearOne>
            </proc:TotalCost>
            <proc:NetProcurementP1>
                <proc:AllPriorYears>3.295</proc:AllPriorYears>
                <proc:PriorYear>0</proc:PriorYear>
                <proc:CurrentYear>24.954</proc:CurrentYear>
                <proc:BudgetYearOneBase>19.344</proc:BudgetYearOneBase>
                <proc:BudgetYearOne>19.344</proc:BudgetYearOne>
            </proc:NetProcurementP1>
            <proc:TotalObligationAuthority>
                <proc:AllPriorYears>3.295</proc:AllPriorYears>
                <proc:PriorYear>0</proc:PriorYear>
                <proc:CurrentYear>24.954</proc:CurrentYear>
                <proc:BudgetYearOneBase>19.344</proc:BudgetYearOneBase>
                <proc:BudgetYearOne>19.344</proc:BudgetYearOne>
            </proc:TotalObligationAuthority>
        </proc:ResourceSummary>
        <proc:Code>B</proc:Code>
        <proc:CodeBProgramElementList>
            <proc:ProgramElementNumber>0401221F</proc:ProgramElementNumber>
        </proc:CodeBProgramElementList>
        <proc:OtherRelatedProgramElementList>
            <proc:ProgramElementNumber>0401221F</proc:ProgramElementNumber>
            <proc:ProgramElementNumber>0605221F</proc:ProgramElementNumber>
        </proc:OtherRelatedProgramElementList>
        <proc:SecondaryDistribution>
            <proc:ComponentList>
                <proc:Component>
                    <proc:Name>Air Force Active</proc:Name>
                    <proc:Cost>
                        <proc:TotalCost>
                            <proc:CurrentYear>16.954</proc:CurrentYear>
                            <proc:BudgetYearOneBase>19.344</proc:BudgetYearOneBase>
                            <proc:BudgetYearOne>19.344</proc:BudgetYearOne>
                        </proc:TotalCost>
                    </proc:Cost>
                </proc:Component>
                <proc:Component>
                    <proc:Name>Air National Guard</proc:Name>
                    <proc:Cost>
                        <proc:TotalCost>
                            <proc:CurrentYear>5</proc:CurrentYear>
                        </proc:TotalCost>
                    </proc:Cost>
                </proc:Component>
                <proc:Component>
                    <proc:Name>Air Force Reserve</proc:Name>
                    <proc:Cost>
                        <proc:TotalCost>
                            <proc:CurrentYear>3</proc:CurrentYear>
                        </proc:TotalCost>
                    </proc:Cost>
                </proc:Component>
            </proc:ComponentList>
            <proc:TotalCost>
                <proc:TotalCost>
                    <proc:CurrentYear>24.954</proc:CurrentYear>
                    <proc:BudgetYearOneBase>19.344</proc:BudgetYearOneBase>
                    <proc:BudgetYearOne>19.344</proc:BudgetYearOne>
                </proc:TotalCost>
            </proc:TotalCost>
        </proc:SecondaryDistribution>
        <proc:Description>The KC-46A has been validated at the Joint Requirements Oversight Council (JROC) multiple times from Nov 2004 to Apr 2024, and is a critical force extender in our Joint Warfighting Concept. In addition to its air refueling capability, the KC-46 is planned to be a key joint and coalition communications node. The KC-46 will provide the capability to fuel joint and coalition receivers via a boom or drogue system on every mission and will also augment the airlift fleet with cargo, passenger, and aeromedical evacuation capabilities. The KC-46 will operate in day/night and adverse weather conditions to enable deployment, employment, sustainment, and redeployment of U.S. joint, allied, and coalition forces. The KC-46 will have communication, navigation, and surveillance equipment for world-wide operations; the capability to perform missions in chemical and biological environments; the ability to operate in up to medium threat environments with self-defense/protection (both active and passive) capabilities; and the necessary battle space awareness to mitigate survivability threats. The dynamics and mission urgency of the post-production environment requires the program to maintain flexible and responsive posture to support a broad range of mission support needs.  The KC-46 will continue to identify, design, develop, integrate, verify, certify, produce, install, field, and sustain a comprehensive range of non-recurring and recurring post-production, air vehicle enhancements and field support needs.  These needs may originate from programmed Mobility Air Force (MAF) requirements, Combatant Commander Joint or Urgent Operational Needs (JUON/UON), non-programmed Federal Aviation Administration (FAA) directives, or correction of deficiency reports.

The KC-46 will continue to develop, field, and sustain warfighter capabilities to meet evolving threats and mission support requirements through Block or discrete modification or modernization programs depending on mission urgency, available funding, and programmatic and technical risks.  Post-production requirements can include, but will not be limited to, avionics and structural systems/architecture and subsystem updates, general mission equipment updates and procurement, general sustainment support, studies and analyses, and correction of deficiency reports.

Other modifications to the KC-46 through FY 2030 include, but are not limited to: Connectivity, Reliability &amp; Maintainability mods, Safety mods, Avionics and Flight Systems enhancements, Pegasus Advanced Communications Suite (PACS) modification, efforts executed under the auspices of Pegasus Combat Capability (PC2) (M-Code Global Positioning System (GPS), Multifunctional Information Distribution Systems (MIDS) Enhancements, Advanced Communication Systems, Survivability and Mission Performance), requirements identified and supported by Major Command (MAJCOM)-approved 1067s, Higher Headquarters (HHQ) Enterprise Capability Collaboration Teams (i.e., High Value Airborne Asset [HVAA], Air Superiority 2030, and Multi-Domain Command and Control [MDC2]), Airworthiness Directives (ADs)/Service Bulletins (SBs), and Low Cost Modifications (LCMs).

Aircraft Connectivity is a requirement for Line-of-Sight (LOS) and Beyond-Line-of-Sight (BLOS) connectivity capability on the KC-46A to provide the communications resiliency and bandwidth via integration of Multi-band, Multi-orbit SATCOM terminal and array installation to allow the selective movement between satellite constellations, resulting in over higher Mbps required for the data rate pace needed for C2 in a near-peer fight.  This will enable maximum Mobility Air Forces (MAF) connectivity and real-time secure command and control for aircrew situational awareness.

Funding for this exhibit contained in PE 0401221F.

Funding may be used to address Diminishing Manufacturing Sources (DMS) issues.

The FY 2026 request was reduced by $0.150 million for Advisory and Assistance Services to promote efficiencies and advance the policies of the Administration in alignment with Executive Order 14222, "Implementing the President's Department of Government Efficiency Cost Efficiency Initiative."

This requirement (or modification) supports performance of a full financial audit as required by title 10 U.S.C. Chapter 9A, Sec 240-D.</proc:Description>
        <proc:Justification>This program, P-3A Mod 4602, Pegasus Advanced Communications Suite (PACS), is a new start.

FY 2026 funding will procure the initial 12 kits for the Pegasus Advanced Communications Suite (PACS) modification.</proc:Justification>
        <proc:ItemExhibitList>
            <proc:P40AItemGroup>
                <proc:Name>KC-46A MDAP</proc:Name>
                <proc:CategoryList>
                    <proc:Category>
                        <proc:ItemList>
                            <proc:Item>
                                <proc:Name>R&amp;M Safety Mods</proc:Name>
                                <proc:ItemNumber>4601</proc:ItemNumber>
                                <proc:ModificationType>Safety</proc:ModificationType>
                                <proc:ModelsAffectedList>
                                    <proc:ModelAffected>KC-46</proc:ModelAffected>
                                </proc:ModelsAffectedList>
                            </proc:Item>
                            <proc:Item>
                                <proc:Name>KC-46 MAF Connectivity</proc:Name>
                                <proc:ItemNumber>4603</proc:ItemNumber>
                                <proc:SecondaryDistribution>
                                    <proc:ComponentList>
                                        <proc:Component>
                                            <proc:Name>Air Force Active</proc:Name>
                                            <proc:Cost>
                                                <proc:TotalCost>
                                                    <proc:CurrentYear>13</proc:CurrentYear>
                                                </proc:TotalCost>
                                            </proc:Cost>
                                        </proc:Component>
                                        <proc:Component>
                                            <proc:Name>Air National Guard</proc:Name>
                                            <proc:Cost>
                                                <proc:TotalCost>
                                                    <proc:CurrentYear>5</proc:CurrentYear>
                                                </proc:TotalCost>
                                            </proc:Cost>
                                        </proc:Component>
                                        <proc:Component>
                                            <proc:Name>Air Force Reserve</proc:Name>
                                            <proc:Cost>
                                                <proc:TotalCost>
                                                    <proc:CurrentYear>3</proc:CurrentYear>
                                                </proc:TotalCost>
                                            </proc:Cost>
                                        </proc:Component>
                                    </proc:ComponentList>
                                </proc:SecondaryDistribution>
                                <proc:ModificationType>Capability Improvement</proc:ModificationType>
                                <proc:ModelsAffectedList>
                                    <proc:ModelAffected>KC-46A</proc:ModelAffected>
                                </proc:ModelsAffectedList>
                                <proc:ResourceSummary>
                                    <proc:TotalCost>
                                        <proc:CurrentYear>21</proc:CurrentYear>
                                    </proc:TotalCost>
                                </proc:ResourceSummary>
                            </proc:Item>
                            <proc:Item>
                                <proc:Name>Airworthiness Directives</proc:Name>
                                <proc:ItemNumber>99999S</proc:ItemNumber>
                                <proc:SecondaryDistribution>
                                    <proc:ComponentList>
                                        <proc:Component>
                                            <proc:Name>Air Force Active</proc:Name>
                                            <proc:Cost>
                                                <proc:TotalCost>
                                                    <proc:CurrentYear>0.052</proc:CurrentYear>
                                                </proc:TotalCost>
                                            </proc:Cost>
                                        </proc:Component>
                                    </proc:ComponentList>
                                </proc:SecondaryDistribution>
                                <proc:ModificationType>Service Life Extension</proc:ModificationType>
                                <proc:ModelsAffectedList>
                                    <proc:ModelAffected>KC-46</proc:ModelAffected>
                                </proc:ModelsAffectedList>
                                <proc:ResourceSummary>
                                    <proc:TotalCost>
                                        <proc:AllPriorYears>0.038</proc:AllPriorYears>
                                        <proc:CurrentYear>0.052</proc:CurrentYear>
                                    </proc:TotalCost>
                                </proc:ResourceSummary>
                            </proc:Item>
                            <proc:Item>
                                <proc:Name>Low Cost Modifications</proc:Name>
                                <proc:ItemNumber>99999X</proc:ItemNumber>
                                <proc:SecondaryDistribution>
                                    <proc:ComponentList>
                                        <proc:Component>
                                            <proc:Name>Air Force Active</proc:Name>
                                            <proc:Cost>
                                                <proc:TotalCost>
                                                    <proc:CurrentYear>3.902</proc:CurrentYear>
                                                </proc:TotalCost>
                                            </proc:Cost>
                                        </proc:Component>
                                    </proc:ComponentList>
                                </proc:SecondaryDistribution>
                                <proc:ModificationType>Capability Improvement</proc:ModificationType>
                                <proc:ModelsAffectedList>
                                    <proc:ModelAffected>KC-46</proc:ModelAffected>
                                </proc:ModelsAffectedList>
                                <proc:ResourceSummary>
                                    <proc:TotalCost>
                                        <proc:AllPriorYears>3.257</proc:AllPriorYears>
                                        <proc:CurrentYear>3.902</proc:CurrentYear>
                                    </proc:TotalCost>
                                </proc:ResourceSummary>
                            </proc:Item>
                        </proc:ItemList>
                        <proc:CategorySubtotal>
                            <proc:TotalCost>
                                <proc:AllPriorYears>3.295</proc:AllPriorYears>
                                <proc:PriorYear>0</proc:PriorYear>
                                <proc:CurrentYear>24.954</proc:CurrentYear>
                                <proc:BudgetYearOneBase>0</proc:BudgetYearOneBase>
                                <proc:BudgetYearOneOOC>0</proc:BudgetYearOneOOC>
                                <proc:BudgetYearOne>0</proc:BudgetYearOne>
                            </proc:TotalCost>
                        </proc:CategorySubtotal>
                    </proc:Category>
                </proc:CategoryList>
                <proc:TotalCost>
                    <proc:TotalCost>
                        <proc:AllPriorYears>3.295</proc:AllPriorYears>
                        <proc:PriorYear>0</proc:PriorYear>
                        <proc:CurrentYear>24.954</proc:CurrentYear>
                        <proc:BudgetYearOneBase>0</proc:BudgetYearOneBase>
                        <proc:BudgetYearOneOOC>0</proc:BudgetYearOneOOC>
                        <proc:BudgetYearOne>0</proc:BudgetYearOne>
                    </proc:TotalCost>
                </proc:TotalCost>
                <proc:ModificationItemsIndicator>true</proc:ModificationItemsIndicator>
            </proc:P40AItemGroup>
            <proc:P3AModificationItemGroup>
                <proc:ModificationTitle>Pegasus Advanced Communications Suite (PACS)</proc:ModificationTitle>
                <proc:ModificationNumber>4602</proc:ModificationNumber>
                <proc:ModificationType>Capability Improvement</proc:ModificationType>
                <proc:ModelsAffectedList>
                    <proc:ModelAffected>KC-46</proc:ModelAffected>
                </proc:ModelsAffectedList>
                <proc:IdCode>B</proc:IdCode>
                <proc:ResourceSummary>
                    <proc:TotalCost>
                        <proc:BudgetYearOneBase>19.344</proc:BudgetYearOneBase>
                        <proc:BudgetYearOneOOC>0</proc:BudgetYearOneOOC>
                        <proc:BudgetYearOne>19.344</proc:BudgetYearOne>
                    </proc:TotalCost>
                    <proc:NetProcurementP1>
                        <proc:BudgetYearOneBase>19.344</proc:BudgetYearOneBase>
                        <proc:BudgetYearOneOOC>0</proc:BudgetYearOneOOC>
                        <proc:BudgetYearOne>19.344</proc:BudgetYearOne>
                    </proc:NetProcurementP1>
                    <proc:TotalObligationAuthority>
                        <proc:BudgetYearOneBase>19.344</proc:BudgetYearOneBase>
                        <proc:BudgetYearOneOOC>0</proc:BudgetYearOneOOC>
                        <proc:BudgetYearOne>19.344</proc:BudgetYearOne>
                    </proc:TotalObligationAuthority>
                </proc:ResourceSummary>
                <proc:SecondaryDistribution>
                    <proc:ComponentList>
                        <proc:Component>
                            <proc:Name>Air Force Active</proc:Name>
                            <proc:Cost>
                                <proc:TotalCost>
                                    <proc:BudgetYearOneBase>19.344</proc:BudgetYearOneBase>
                                    <proc:BudgetYearOne>19.344</proc:BudgetYearOne>
                                </proc:TotalCost>
                            </proc:Cost>
                        </proc:Component>
                    </proc:ComponentList>
                </proc:SecondaryDistribution>
                <proc:RelatedProgramElementList>
                    <proc:ProgramElementNumber>0401221F</proc:ProgramElementNumber>
                </proc:RelatedProgramElementList>
                <proc:SupportCost>
                    <proc:CostElementList>
                        <proc:CostElement>
                            <proc:Name>PSC - Other Gov't Costs</proc:Name>
                            <proc:Cost>
                                <proc:TotalCost>
                                    <proc:BudgetYearOneBase>0.347</proc:BudgetYearOneBase>
                                    <proc:BudgetYearOne>0.347</proc:BudgetYearOne>
                                </proc:TotalCost>
                            </proc:Cost>
                        </proc:CostElement>
                        <proc:CostElement>
                            <proc:Name>GFP</proc:Name>
                            <proc:Cost>
                                <proc:TotalCost>
                                    <proc:BudgetYearOneBase>6.624</proc:BudgetYearOneBase>
                                    <proc:BudgetYearOne>6.624</proc:BudgetYearOne>
                                </proc:TotalCost>
                            </proc:Cost>
                        </proc:CostElement>
                        <proc:CostElement>
                            <proc:Name>OTHER GOVT</proc:Name>
                            <proc:Cost>
                                <proc:TotalCost>
                                    <proc:BudgetYearOneBase>0.178</proc:BudgetYearOneBase>
                                    <proc:BudgetYearOne>0.178</proc:BudgetYearOne>
                                </proc:TotalCost>
                            </proc:Cost>
                        </proc:CostElement>
                    </proc:CostElementList>
                    <proc:CategorySubtotal>
                        <proc:TotalCost>
                            <proc:BudgetYearOneBase>7.149</proc:BudgetYearOneBase>
                            <proc:BudgetYearOne>7.149</proc:BudgetYearOne>
                        </proc:TotalCost>
                    </proc:CategorySubtotal>
                </proc:SupportCost>
                <proc:ModificationItemList>
                    <proc:ModificationItem>
                        <proc:Title>PACS Block 1</proc:Title>
                        <proc:Procurement>
                            <proc:AKits>
                                <proc:Recurring>
                                    <proc:KitList>
                                        <proc:Kit>
                                            <proc:Name>PACS Block 1:INSTALL KITS Group A (Active)</proc:Name>
                                            <proc:Cost>
                                                <proc:Quantity>
                                                    <proc:BudgetYearOneBase>12</proc:BudgetYearOneBase>
                                                    <proc:BudgetYearOne>12</proc:BudgetYearOne>
                                                </proc:Quantity>
                                                <proc:TotalCost>
                                                    <proc:BudgetYearOneBase>12.195</proc:BudgetYearOneBase>
                                                    <proc:BudgetYearOne>12.195</proc:BudgetYearOne>
                                                </proc:TotalCost>
                                            </proc:Cost>
                                        </proc:Kit>
                                    </proc:KitList>
                                    <proc:CategorySubtotal>
                                        <proc:TotalCost>
                                            <proc:BudgetYearOneBase>12.195</proc:BudgetYearOneBase>
                                            <proc:BudgetYearOne>12.195</proc:BudgetYearOne>
                                        </proc:TotalCost>
                                    </proc:CategorySubtotal>
                                </proc:Recurring>
                            </proc:AKits>
                            <proc:ManufacturerList>
                                <proc:Manufacturer>
                                    <proc:Name>TBD</proc:Name>
                                    <proc:Location>TBD</proc:Location>
                                    <proc:ContractDates>
                                        <proc:BudgetYearOne>2026-01</proc:BudgetYearOne>
                                    </proc:ContractDates>
                                    <proc:DeliveryDates>
                                        <proc:BudgetYearOne>2027-01</proc:BudgetYearOne>
                                    </proc:DeliveryDates>
                                    <proc:AdminLeadTimeAfterOct1InMonths>3</proc:AdminLeadTimeAfterOct1InMonths>
                                    <proc:ProductionLeadTimeAfterOct1InMonths>12</proc:ProductionLeadTimeAfterOct1InMonths>
                                </proc:Manufacturer>
                            </proc:ManufacturerList>
                            <proc:TotalCost>
                                <proc:TotalCost>
                                    <proc:BudgetYearOneBase>12.195</proc:BudgetYearOneBase>
                                    <proc:BudgetYearOne>12.195</proc:BudgetYearOne>
                                </proc:TotalCost>
                            </proc:TotalCost>
                        </proc:Procurement>
                        <proc:Installation>
                            <proc:ImplementationMethodList>
                                <proc:ImplementationMethod>
                                    <proc:NonOrganicInstallation>
                                        <proc:ImplementationMethodName>Contract Field Team</proc:ImplementationMethodName>
                                        <proc:InstallationSchedule>
                                            <proc:In>
                                                <proc:AllPriorYears>0</proc:AllPriorYears>
                                            </proc:In>
                                            <proc:Out>
                                                <proc:AllPriorYears>0</proc:AllPriorYears>
                                            </proc:Out>
                                        </proc:InstallationSchedule>
                                    </proc:NonOrganicInstallation>
                                </proc:ImplementationMethod>
                            </proc:ImplementationMethodList>
                        </proc:Installation>
                    </proc:ModificationItem>
                </proc:ModificationItemList>
                <proc:ProcurementSubtotal>
                    <proc:TotalCost>
                        <proc:BudgetYearOneBase>12.195</proc:BudgetYearOneBase>
                        <proc:BudgetYearOne>12.195</proc:BudgetYearOne>
                    </proc:TotalCost>
                </proc:ProcurementSubtotal>
                <proc:Description>This program, P-3A Mod 4602, Pegasus Advanced Communications Suite (PACS), is a new start.
Pegasus Advanced Communication Suite (PACS)

The dynamics and mission urgency of the post-production environment requires the program to maintain flexible and responsive posture to support a broad range of mission support needs.  The KC-46 will continue to identify, design, develop, integrate, verify, certify, produce, install, field, and sustain a comprehensive range of non-recurring and recurring post-production, air vehicle enhancements and field support needs.  These needs may originate from programmed Mobility Air Force (MAF) requirements, Combatant Commander Joint or Urgent Operational Needs (JUON/UON), non-programmed Federal Aviation Administration (FAA) directives, or correction of deficiency reports.

The KC-46A Block I Pegasus Advanced Communications Suite (PACS) program will satisfy DoD, NSA, DoT and USAF mandates by upgrading legacy Tactical Data Link 16, Beyond Line-of-Sight (BLOS), UHF Line-of-Sight (LOS) capabilities with next-generation Link 16 terminals and UHF secure, global, BLOS and anti-jam LOS satellite voice communications capabilities for the KC-46 weapon system.  PACS enables compatibility and interoperability with current and planned future joint and allied forces while simultaneously increasing the survivability of secure global voice and data communications capabilities between Mobility Air Force (MAF) C2 agencies and MAF aircraft operating worldwide in or near contested environments. 

The retrofit strategy for PACS requires the contractor to assemble the complete kit using Government Furnished Equipment (GFE), including the Multifunctional Information Distribution System - Joint Tactical Radio System (MIDS-JTRS). Therefore, only A kits are listed with corresponding GFE under support starting in FY26.

This funding request will support potential DMS and obsolescence solutions, to include if optimal, life-of-type buys or bridge buys limited to the program of record quantity.

Funding for this exhibit contained in PE 0401221F.

This modification supports performance of a full financial audit as required by title 10 U.S.C. Chapter 9A, Sec 240-D.

Milestone/Development Status

PACS development is currently working towards CDR completion, TRR, and IOT&amp;E, expect completion capability release in FY 2028.</proc:Description>
            </proc:P3AModificationItemGroup>
        </proc:ItemExhibitList>
        <proc:DocumentAssemblyOptions>
            <proc:p40AItemScheduleSetting>total</proc:p40AItemScheduleSetting>
        </proc:DocumentAssemblyOptions>
    </proc:LineItem>
</proc:LineItemList>