<?xml version="1.0" encoding="UTF-8"?>
<proc:LineItemList xmlns:proc="http://www.dtic.mil/comptroller/xml/schema/20100219/procurement">
    <proc:LineItem quantityUnits="Each" unitCostUnits="Millions" totalCostUnits="Millions" manufacturerRateUnits="Yearly">
        <proc:LineItemNumber>F15EWS</proc:LineItemNumber>
        <proc:LineItemTitle>F-15 EPAW</proc:LineItemTitle>
        <proc:P1LineNumber>48</proc:P1LineNumber>
        <proc:BudgetYear>2026</proc:BudgetYear>
        <proc:BudgetCycle>PB</proc:BudgetCycle>
        <proc:SubmissionDate>2025-06</proc:SubmissionDate>
        <proc:ServiceAgencyName>Air Force</proc:ServiceAgencyName>
        <proc:AppropriationNumber>3010F</proc:AppropriationNumber>
        <proc:AppropriationTitle>Aircraft Procurement, Air Force</proc:AppropriationTitle>
        <proc:BudgetActivityNumber>5</proc:BudgetActivityNumber>
        <proc:BudgetActivityTitle>Modification of Inservice Aircraft</proc:BudgetActivityTitle>
        <proc:BudgetSubActivityNumber>2</proc:BudgetSubActivityNumber>
        <proc:BudgetSubActivityTitle>Tactical Aircraft</proc:BudgetSubActivityTitle>
        <proc:ResourceSummary>
            <proc:TotalCost>
                <proc:AllPriorYears>696.23</proc:AllPriorYears>
                <proc:PriorYear>233.339</proc:PriorYear>
                <proc:CurrentYear>227.342</proc:CurrentYear>
                <proc:BudgetYearOneBase>252.607</proc:BudgetYearOneBase>
                <proc:BudgetYearOne>252.607</proc:BudgetYearOne>
            </proc:TotalCost>
            <proc:NetProcurementP1>
                <proc:AllPriorYears>696.23</proc:AllPriorYears>
                <proc:PriorYear>233.339</proc:PriorYear>
                <proc:CurrentYear>227.342</proc:CurrentYear>
                <proc:BudgetYearOneBase>252.607</proc:BudgetYearOneBase>
                <proc:BudgetYearOne>252.607</proc:BudgetYearOne>
            </proc:NetProcurementP1>
            <proc:TotalObligationAuthority>
                <proc:AllPriorYears>696.23</proc:AllPriorYears>
                <proc:PriorYear>233.339</proc:PriorYear>
                <proc:CurrentYear>227.342</proc:CurrentYear>
                <proc:BudgetYearOneBase>252.607</proc:BudgetYearOneBase>
                <proc:BudgetYearOne>252.607</proc:BudgetYearOne>
            </proc:TotalObligationAuthority>
            <proc:InitialSpares>
                <proc:AllPriorYears>47.801</proc:AllPriorYears>
                <proc:CurrentYear>21.945</proc:CurrentYear>
                <proc:BudgetYearOneBase>11.791</proc:BudgetYearOneBase>
                <proc:BudgetYearOne>11.791</proc:BudgetYearOne>
            </proc:InitialSpares>
        </proc:ResourceSummary>
        <proc:Code>B</proc:Code>
        <proc:CodeBProgramElementList>
            <proc:ProgramElementNumber>0207171F</proc:ProgramElementNumber>
        </proc:CodeBProgramElementList>
        <proc:OtherRelatedProgramElementList>
            <proc:ProgramElementNumber>0207146F</proc:ProgramElementNumber>
        </proc:OtherRelatedProgramElementList>
        <proc:Description>The F-15 Eagle Passive Active Warning Survivability System (EPAWSS) replaces the legacy, functionally-obsolete F-15 Tactical Electronic Warfare System (TEWS). F-15 EPAWSS is a state-of-the-art electronic warfare system which includes electronic detection and identification, geolocation, electronic countermeasures (jamming), and countermeasures dispensing (chaff/flares). The EPAWSS upgrade will significantly improve the F-15's ability to deny, degrade, deceive, disrupt, and defeat radio frequency (RF) and electro-optical / infrared threat systems within contested and highly contested environments. 

The Air Force aligned F-15E EPAWSS procurement with the Air Force's Future Force Structure, which supports 99 EPAWSS-equipped F-15E aircraft. The Low-Rate Initial Production (LRIP) and Full Rate Production (FRP) phases overlap in years FY 2024 through FY 2026, providing a seamless transition to maintain the production schedule. Aircraft modifications will take place at the Contractor Modification Facility (CMF) in San Antonio, TX (SAT) and at the organic modification facility at Warner Robins Air Logistics Complex (WR-ALC), Robins AFB, GA. The LRIP / FRP contract overlap allowed for procurement of long-lead material required to maintain a consistent aircraft flow at both modification lines. 

Funding will be used to address ongoing Diminishing Manufacturing Sources (DMS) issues.  

EPAWSS' designed service life (DSL) aligns with the DSL of the aircraft.</proc:Description>
        <proc:Justification>Funding and budget data were revised to reflect execution actuals and updated program office projections based on the Full Rate Production proposal and contract award, which occurred in January 2025.

FY 2026 funding supports the following efforts:

- Installations: F-15E aircraft modifications occurring simultaneously between the Contractor Modification Facility (CMF) in San Antonio, TX (SAT) and the organic modification facility at Warner Robins Air Logistics Complex (WR-ALC), Robins AFB, GA; the Program is continually assessing opportunities to maximize additional opportunities for organic installs at WR-ALC
- SEPM: System Engineering/Program Management covering both the LRIP and FRP contracts
- DMSMS: Monitoring and resolving Diminishing Manufacturing Sources/Material Shortages and/or obsolescence issues 
- Production NRE: Software/operating system upgrades and applicable support equipment; efforts that increase maintenance data gathering capability
- Production Over &amp; Above: Work discovered during modification that is not within EPAWSS scope but necessary to return aircraft to service
- ICS: Interim Contractor Support (ICS), to include Field Service Representatives (FSR), at operating locations
- CTR Repair Line Standup: Infrastructure investments to increase repair line capacity, thus avoiding impacts to concurrent hardware production
- Organic Install Tooling / Spt Equip: material required to maximize organic install capability at Warner Robins Air Logistics Complex
- SE/GFP Repair: Repair of Government Furnished Property (GFP); Supplemental tooling and support equipment (SE) for modification line and operating locations
- Data/Training: Updates to technical orders/manuals; technician and operator training
- OGCs/PMA/ECOs: Program Office requirements and change orders


The FY 2026 request was reduced by 0.290 million for Advisory and Assistance Services to promote efficiencies and advance the policies of the Administration in alignment with Executive Order 14222, "Implementing the President's Department of Government Efficiency Cost Efficiency Initiative.</proc:Justification>
        <proc:MDAPCode>485</proc:MDAPCode>
        <proc:ItemExhibitList>
            <proc:P3AModificationItemGroup>
                <proc:ModificationTitle>EPAWSS F-15E</proc:ModificationTitle>
                <proc:ModificationNumber>8796</proc:ModificationNumber>
                <proc:ModificationType>Capability Improvement</proc:ModificationType>
                <proc:ModelsAffectedList>
                    <proc:ModelAffected>F-15E</proc:ModelAffected>
                </proc:ModelsAffectedList>
                <proc:IdCode>B</proc:IdCode>
                <proc:ResourceSummary>
                    <proc:TotalCost>
                        <proc:AllPriorYears>696.23</proc:AllPriorYears>
                        <proc:PriorYear>233.339</proc:PriorYear>
                        <proc:CurrentYear>227.342</proc:CurrentYear>
                        <proc:BudgetYearOneBase>252.607</proc:BudgetYearOneBase>
                        <proc:BudgetYearOneOOC>0</proc:BudgetYearOneOOC>
                        <proc:BudgetYearOne>252.607</proc:BudgetYearOne>
                    </proc:TotalCost>
                    <proc:NetProcurementP1>
                        <proc:AllPriorYears>696.23</proc:AllPriorYears>
                        <proc:PriorYear>233.339</proc:PriorYear>
                        <proc:CurrentYear>227.342</proc:CurrentYear>
                        <proc:BudgetYearOneBase>252.607</proc:BudgetYearOneBase>
                        <proc:BudgetYearOneOOC>0</proc:BudgetYearOneOOC>
                        <proc:BudgetYearOne>252.607</proc:BudgetYearOne>
                    </proc:NetProcurementP1>
                    <proc:TotalObligationAuthority>
                        <proc:AllPriorYears>696.23</proc:AllPriorYears>
                        <proc:PriorYear>233.339</proc:PriorYear>
                        <proc:CurrentYear>227.342</proc:CurrentYear>
                        <proc:BudgetYearOneBase>252.607</proc:BudgetYearOneBase>
                        <proc:BudgetYearOneOOC>0</proc:BudgetYearOneOOC>
                        <proc:BudgetYearOne>252.607</proc:BudgetYearOne>
                    </proc:TotalObligationAuthority>
                    <proc:InitialSpares>
                        <proc:AllPriorYears>47.801</proc:AllPriorYears>
                        <proc:CurrentYear>21.945</proc:CurrentYear>
                        <proc:BudgetYearOneBase>11.791</proc:BudgetYearOneBase>
                        <proc:BudgetYearOne>11.791</proc:BudgetYearOne>
                    </proc:InitialSpares>
                </proc:ResourceSummary>
                <proc:RelatedProgramElementList>
                    <proc:ProgramElementNumber>0207146F</proc:ProgramElementNumber>
                    <proc:ProgramElementNumber>0207171F</proc:ProgramElementNumber>
                </proc:RelatedProgramElementList>
                <proc:SupportCost>
                    <proc:CostElementList>
                        <proc:CostElement>
                            <proc:Name>SEPM - LRIP Contract</proc:Name>
                            <proc:Cost>
                                <proc:TotalCost>
                                    <proc:AllPriorYears>84.75</proc:AllPriorYears>
                                    <proc:PriorYear>21.52</proc:PriorYear>
                                    <proc:CurrentYear>21.53</proc:CurrentYear>
                                    <proc:BudgetYearOneBase>21.541</proc:BudgetYearOneBase>
                                    <proc:BudgetYearOne>21.541</proc:BudgetYearOne>
                                </proc:TotalCost>
                            </proc:Cost>
                        </proc:CostElement>
                        <proc:CostElement>
                            <proc:Name>SEPM - FRP Contract</proc:Name>
                            <proc:Cost>
                                <proc:TotalCost>
                                    <proc:CurrentYear>18.566</proc:CurrentYear>
                                    <proc:BudgetYearOneBase>10.315</proc:BudgetYearOneBase>
                                    <proc:BudgetYearOne>10.315</proc:BudgetYearOne>
                                </proc:TotalCost>
                            </proc:Cost>
                        </proc:CostElement>
                        <proc:CostElement>
                            <proc:Name>DMSMS</proc:Name>
                            <proc:Cost>
                                <proc:TotalCost>
                                    <proc:AllPriorYears>64.327</proc:AllPriorYears>
                                    <proc:PriorYear>6.136</proc:PriorYear>
                                    <proc:CurrentYear>5.88</proc:CurrentYear>
                                    <proc:BudgetYearOneBase>6.031</proc:BudgetYearOneBase>
                                    <proc:BudgetYearOne>6.031</proc:BudgetYearOne>
                                </proc:TotalCost>
                            </proc:Cost>
                        </proc:CostElement>
                        <proc:CostElement>
                            <proc:Name>Production NRE</proc:Name>
                            <proc:Cost>
                                <proc:TotalCost>
                                    <proc:AllPriorYears>24.204</proc:AllPriorYears>
                                    <proc:PriorYear>2.32</proc:PriorYear>
                                    <proc:BudgetYearOneBase>9.97</proc:BudgetYearOneBase>
                                    <proc:BudgetYearOne>9.97</proc:BudgetYearOne>
                                </proc:TotalCost>
                            </proc:Cost>
                        </proc:CostElement>
                        <proc:CostElement>
                            <proc:Name>Production Over &amp; Above</proc:Name>
                            <proc:Cost>
                                <proc:TotalCost>
                                    <proc:AllPriorYears>2.273</proc:AllPriorYears>
                                    <proc:PriorYear>5.24</proc:PriorYear>
                                    <proc:CurrentYear>19.429</proc:CurrentYear>
                                    <proc:BudgetYearOneBase>25.568</proc:BudgetYearOneBase>
                                    <proc:BudgetYearOne>25.568</proc:BudgetYearOne>
                                </proc:TotalCost>
                            </proc:Cost>
                        </proc:CostElement>
                        <proc:CostElement>
                            <proc:Name>Ctr Mod Facility Standup</proc:Name>
                            <proc:Cost>
                                <proc:TotalCost>
                                    <proc:AllPriorYears>21.277</proc:AllPriorYears>
                                    <proc:CurrentYear>2.877</proc:CurrentYear>
                                </proc:TotalCost>
                            </proc:Cost>
                        </proc:CostElement>
                        <proc:CostElement>
                            <proc:Name>Interim Contractor Support (ICS)</proc:Name>
                            <proc:Cost>
                                <proc:TotalCost>
                                    <proc:AllPriorYears>87.048</proc:AllPriorYears>
                                    <proc:PriorYear>11.042</proc:PriorYear>
                                    <proc:CurrentYear>15.693</proc:CurrentYear>
                                    <proc:BudgetYearOneBase>10.056</proc:BudgetYearOneBase>
                                    <proc:BudgetYearOne>10.056</proc:BudgetYearOne>
                                </proc:TotalCost>
                            </proc:Cost>
                        </proc:CostElement>
                        <proc:CostElement>
                            <proc:Name>CTR Repair Line Standup - FRP Contract</proc:Name>
                            <proc:Cost>
                                <proc:TotalCost>
                                    <proc:PriorYear>65</proc:PriorYear>
                                    <proc:BudgetYearOneBase>59.662</proc:BudgetYearOneBase>
                                    <proc:BudgetYearOne>59.662</proc:BudgetYearOne>
                                </proc:TotalCost>
                            </proc:Cost>
                        </proc:CostElement>
                        <proc:CostElement>
                            <proc:Name>Organic Install Tolling/Support Equipment</proc:Name>
                            <proc:Cost>
                                <proc:TotalCost>
                                    <proc:PriorYear>25</proc:PriorYear>
                                    <proc:BudgetYearOneBase>10.23</proc:BudgetYearOneBase>
                                    <proc:BudgetYearOne>10.23</proc:BudgetYearOne>
                                </proc:TotalCost>
                            </proc:Cost>
                        </proc:CostElement>
                        <proc:CostElement>
                            <proc:Name>SE/GFP Repair</proc:Name>
                            <proc:Cost>
                                <proc:TotalCost>
                                    <proc:AllPriorYears>26.127</proc:AllPriorYears>
                                    <proc:PriorYear>0.885</proc:PriorYear>
                                    <proc:CurrentYear>0.896</proc:CurrentYear>
                                    <proc:BudgetYearOneBase>0.993</proc:BudgetYearOneBase>
                                    <proc:BudgetYearOne>0.993</proc:BudgetYearOne>
                                </proc:TotalCost>
                            </proc:Cost>
                        </proc:CostElement>
                        <proc:CostElement>
                            <proc:Name>Other Contractor Costs</proc:Name>
                            <proc:Cost>
                                <proc:TotalCost>
                                    <proc:AllPriorYears>1.044</proc:AllPriorYears>
                                    <proc:BudgetYearOneBase>17.166</proc:BudgetYearOneBase>
                                    <proc:BudgetYearOne>17.166</proc:BudgetYearOne>
                                </proc:TotalCost>
                            </proc:Cost>
                        </proc:CostElement>
                        <proc:CostElement>
                            <proc:Name>Data/Training</proc:Name>
                            <proc:Cost>
                                <proc:TotalCost>
                                    <proc:AllPriorYears>3.289</proc:AllPriorYears>
                                    <proc:BudgetYearOneBase>3.202</proc:BudgetYearOneBase>
                                    <proc:BudgetYearOne>3.202</proc:BudgetYearOne>
                                </proc:TotalCost>
                            </proc:Cost>
                        </proc:CostElement>
                        <proc:CostElement>
                            <proc:Name>OGCs/PMA/ECOs</proc:Name>
                            <proc:Cost>
                                <proc:TotalCost>
                                    <proc:AllPriorYears>11.387</proc:AllPriorYears>
                                    <proc:PriorYear>0.025</proc:PriorYear>
                                    <proc:CurrentYear>0.15</proc:CurrentYear>
                                    <proc:BudgetYearOneBase>17.333</proc:BudgetYearOneBase>
                                    <proc:BudgetYearOne>17.333</proc:BudgetYearOne>
                                </proc:TotalCost>
                            </proc:Cost>
                        </proc:CostElement>
                    </proc:CostElementList>
                    <proc:CategorySubtotal>
                        <proc:TotalCost>
                            <proc:AllPriorYears>325.726</proc:AllPriorYears>
                            <proc:PriorYear>137.168</proc:PriorYear>
                            <proc:CurrentYear>85.021</proc:CurrentYear>
                            <proc:BudgetYearOneBase>192.067</proc:BudgetYearOneBase>
                            <proc:BudgetYearOne>192.067</proc:BudgetYearOne>
                        </proc:TotalCost>
                    </proc:CategorySubtotal>
                </proc:SupportCost>
                <proc:ModificationItemList>
                    <proc:ModificationItem>
                        <proc:Title>F-15E EPAWSS</proc:Title>
                        <proc:RDTE>
                            <proc:ProgramElementSummaryList>
                                <proc:ProgramElementSummary>
                                    <proc:ProgramElementNumber>0207171F</proc:ProgramElementNumber>
                                    <proc:ProgramElementFunding>
                                        <proc:Quantity>
                                            <proc:AllPriorYears>8</proc:AllPriorYears>
                                        </proc:Quantity>
                                        <proc:TotalCost>
                                            <proc:AllPriorYears>510.541</proc:AllPriorYears>
                                            <proc:PriorYear>13.982</proc:PriorYear>
                                        </proc:TotalCost>
                                    </proc:ProgramElementFunding>
                                </proc:ProgramElementSummary>
                            </proc:ProgramElementSummaryList>
                        </proc:RDTE>
                        <proc:Procurement>
                            <proc:AKits>
                                <proc:Recurring>
                                    <proc:KitList>
                                        <proc:Kit>
                                            <proc:Name>F-15E EPAWSS:INSTALL KITS Group A (Active)</proc:Name>
                                            <proc:Cost>
                                                <proc:Quantity>
                                                    <proc:AllPriorYears>47</proc:AllPriorYears>
                                                    <proc:PriorYear>19</proc:PriorYear>
                                                    <proc:CurrentYear>28</proc:CurrentYear>
                                                </proc:Quantity>
                                                <proc:TotalCost>
                                                    <proc:AllPriorYears>53.738</proc:AllPriorYears>
                                                    <proc:PriorYear>24.428</proc:PriorYear>
                                                    <proc:CurrentYear>36.756</proc:CurrentYear>
                                                </proc:TotalCost>
                                            </proc:Cost>
                                        </proc:Kit>
                                    </proc:KitList>
                                    <proc:CategorySubtotal>
                                        <proc:TotalCost>
                                            <proc:AllPriorYears>53.738</proc:AllPriorYears>
                                            <proc:PriorYear>24.428</proc:PriorYear>
                                            <proc:CurrentYear>36.756</proc:CurrentYear>
                                        </proc:TotalCost>
                                    </proc:CategorySubtotal>
                                </proc:Recurring>
                            </proc:AKits>
                            <proc:BKits>
                                <proc:Recurring>
                                    <proc:KitList>
                                        <proc:Kit>
                                            <proc:Name>F-15E EPAWSS:EQUIPMENT Group B (Active)</proc:Name>
                                            <proc:Cost>
                                                <proc:Quantity>
                                                    <proc:AllPriorYears>49</proc:AllPriorYears>
                                                    <proc:PriorYear>17</proc:PriorYear>
                                                    <proc:CurrentYear>28</proc:CurrentYear>
                                                </proc:Quantity>
                                                <proc:TotalCost>
                                                    <proc:AllPriorYears>180.35</proc:AllPriorYears>
                                                    <proc:PriorYear>62.442</proc:PriorYear>
                                                    <proc:CurrentYear>102.145</proc:CurrentYear>
                                                </proc:TotalCost>
                                            </proc:Cost>
                                        </proc:Kit>
                                    </proc:KitList>
                                    <proc:CategorySubtotal>
                                        <proc:TotalCost>
                                            <proc:AllPriorYears>180.35</proc:AllPriorYears>
                                            <proc:PriorYear>62.442</proc:PriorYear>
                                            <proc:CurrentYear>102.145</proc:CurrentYear>
                                        </proc:TotalCost>
                                    </proc:CategorySubtotal>
                                </proc:Recurring>
                            </proc:BKits>
                            <proc:ManufacturerList>
                                <proc:Manufacturer>
                                    <proc:Name>BAE</proc:Name>
                                    <proc:Location>Nashua, NH/Austin,TX</proc:Location>
                                    <proc:ContractDates>
                                        <proc:PriorYear>2024-06</proc:PriorYear>
                                        <proc:CurrentYear>2025-06</proc:CurrentYear>
                                    </proc:ContractDates>
                                    <proc:DeliveryDates>
                                        <proc:PriorYear>2025-09</proc:PriorYear>
                                        <proc:CurrentYear>2026-09</proc:CurrentYear>
                                    </proc:DeliveryDates>
                                    <proc:AdminLeadTimeAfterOct1InMonths>6</proc:AdminLeadTimeAfterOct1InMonths>
                                    <proc:ProductionLeadTimeAfterOct1InMonths>15</proc:ProductionLeadTimeAfterOct1InMonths>
                                </proc:Manufacturer>
                            </proc:ManufacturerList>
                            <proc:TotalCost>
                                <proc:TotalCost>
                                    <proc:AllPriorYears>234.088</proc:AllPriorYears>
                                    <proc:PriorYear>86.87</proc:PriorYear>
                                    <proc:CurrentYear>138.901</proc:CurrentYear>
                                </proc:TotalCost>
                            </proc:TotalCost>
                        </proc:Procurement>
                        <proc:Installation>
                            <proc:ImplementationMethodList>
                                <proc:ImplementationMethod>
                                    <proc:NonOrganicInstallation>
                                        <proc:ImplementationMethodName>Contractor Facility</proc:ImplementationMethodName>
                                        <proc:InstallationCost>
                                            <proc:AllPriorYears>
                                                <proc:Cost>
                                                    <proc:Quantity>
                                                        <proc:AllPriorYears>6</proc:AllPriorYears>
                                                        <proc:PriorYear>4</proc:PriorYear>
                                                        <proc:CurrentYear>8</proc:CurrentYear>
                                                        <proc:BudgetYearOneBase>8</proc:BudgetYearOneBase>
                                                        <proc:BudgetYearOne>8</proc:BudgetYearOne>
                                                    </proc:Quantity>
                                                    <proc:TotalCost>
                                                        <proc:AllPriorYears>134.684</proc:AllPriorYears>
                                                        <proc:PriorYear>2.46</proc:PriorYear>
                                                        <proc:CurrentYear>0</proc:CurrentYear>
                                                        <proc:BudgetYearOneBase>30.64</proc:BudgetYearOneBase>
                                                        <proc:BudgetYearOne>30.64</proc:BudgetYearOne>
                                                    </proc:TotalCost>
                                                </proc:Cost>
                                            </proc:AllPriorYears>
                                            <proc:Total>
                                                <proc:Cost>
                                                    <proc:Quantity>
                                                        <proc:AllPriorYears>6</proc:AllPriorYears>
                                                        <proc:PriorYear>4</proc:PriorYear>
                                                        <proc:CurrentYear>8</proc:CurrentYear>
                                                        <proc:BudgetYearOneBase>8</proc:BudgetYearOneBase>
                                                        <proc:BudgetYearOne>8</proc:BudgetYearOne>
                                                    </proc:Quantity>
                                                    <proc:TotalCost>
                                                        <proc:AllPriorYears>134.684</proc:AllPriorYears>
                                                        <proc:PriorYear>2.46</proc:PriorYear>
                                                        <proc:CurrentYear>0</proc:CurrentYear>
                                                        <proc:BudgetYearOneBase>30.64</proc:BudgetYearOneBase>
                                                        <proc:BudgetYearOne>30.64</proc:BudgetYearOne>
                                                    </proc:TotalCost>
                                                </proc:Cost>
                                            </proc:Total>
                                        </proc:InstallationCost>
                                        <proc:InstallationSchedule>
                                            <proc:In>
                                                <proc:AllPriorYears>6</proc:AllPriorYears>
                                                <proc:PriorYear>
                                                    <proc:FirstQuarter>1</proc:FirstQuarter>
                                                    <proc:SecondQuarter>1</proc:SecondQuarter>
                                                    <proc:ThirdQuarter>2</proc:ThirdQuarter>
                                                </proc:PriorYear>
                                                <proc:CurrentYear>
                                                    <proc:FirstQuarter>2</proc:FirstQuarter>
                                                    <proc:SecondQuarter>2</proc:SecondQuarter>
                                                    <proc:ThirdQuarter>3</proc:ThirdQuarter>
                                                    <proc:FourthQuarter>1</proc:FourthQuarter>
                                                </proc:CurrentYear>
                                                <proc:BudgetYearOne>
                                                    <proc:SecondQuarter>2</proc:SecondQuarter>
                                                    <proc:ThirdQuarter>5</proc:ThirdQuarter>
                                                    <proc:FourthQuarter>1</proc:FourthQuarter>
                                                </proc:BudgetYearOne>
                                            </proc:In>
                                            <proc:Out>
                                                <proc:AllPriorYears>0</proc:AllPriorYears>
                                                <proc:PriorYear>
                                                    <proc:ThirdQuarter>1</proc:ThirdQuarter>
                                                    <proc:FourthQuarter>1</proc:FourthQuarter>
                                                </proc:PriorYear>
                                                <proc:CurrentYear>
                                                    <proc:SecondQuarter>3</proc:SecondQuarter>
                                                    <proc:ThirdQuarter>1</proc:ThirdQuarter>
                                                    <proc:FourthQuarter>4</proc:FourthQuarter>
                                                </proc:CurrentYear>
                                                <proc:BudgetYearOne>
                                                    <proc:ThirdQuarter>2</proc:ThirdQuarter>
                                                    <proc:FourthQuarter>6</proc:FourthQuarter>
                                                </proc:BudgetYearOne>
                                            </proc:Out>
                                        </proc:InstallationSchedule>
                                    </proc:NonOrganicInstallation>
                                </proc:ImplementationMethod>
                                <proc:ImplementationMethod>
                                    <proc:NonOrganicInstallation>
                                        <proc:ImplementationMethodName>Depot</proc:ImplementationMethodName>
                                        <proc:InstallationCost>
                                            <proc:AllPriorYears>
                                                <proc:Cost>
                                                    <proc:Quantity>
                                                        <proc:AllPriorYears>0</proc:AllPriorYears>
                                                        <proc:PriorYear>2</proc:PriorYear>
                                                        <proc:CurrentYear>5</proc:CurrentYear>
                                                        <proc:BudgetYearOneBase>13</proc:BudgetYearOneBase>
                                                        <proc:BudgetYearOne>13</proc:BudgetYearOne>
                                                    </proc:Quantity>
                                                    <proc:TotalCost>
                                                        <proc:AllPriorYears>1.672</proc:AllPriorYears>
                                                        <proc:PriorYear>6.841</proc:PriorYear>
                                                        <proc:CurrentYear>3.42</proc:CurrentYear>
                                                        <proc:BudgetYearOneBase>29.9</proc:BudgetYearOneBase>
                                                        <proc:BudgetYearOne>29.9</proc:BudgetYearOne>
                                                    </proc:TotalCost>
                                                </proc:Cost>
                                            </proc:AllPriorYears>
                                            <proc:Total>
                                                <proc:Cost>
                                                    <proc:Quantity>
                                                        <proc:AllPriorYears>0</proc:AllPriorYears>
                                                        <proc:PriorYear>2</proc:PriorYear>
                                                        <proc:CurrentYear>5</proc:CurrentYear>
                                                        <proc:BudgetYearOneBase>13</proc:BudgetYearOneBase>
                                                        <proc:BudgetYearOne>13</proc:BudgetYearOne>
                                                    </proc:Quantity>
                                                    <proc:TotalCost>
                                                        <proc:AllPriorYears>1.672</proc:AllPriorYears>
                                                        <proc:PriorYear>6.841</proc:PriorYear>
                                                        <proc:CurrentYear>3.42</proc:CurrentYear>
                                                        <proc:BudgetYearOneBase>29.9</proc:BudgetYearOneBase>
                                                        <proc:BudgetYearOne>29.9</proc:BudgetYearOne>
                                                    </proc:TotalCost>
                                                </proc:Cost>
                                            </proc:Total>
                                        </proc:InstallationCost>
                                        <proc:InstallationSchedule>
                                            <proc:In>
                                                <proc:AllPriorYears>0</proc:AllPriorYears>
                                                <proc:PriorYear>
                                                    <proc:SecondQuarter>1</proc:SecondQuarter>
                                                    <proc:ThirdQuarter>1</proc:ThirdQuarter>
                                                </proc:PriorYear>
                                                <proc:CurrentYear>
                                                    <proc:SecondQuarter>1</proc:SecondQuarter>
                                                    <proc:ThirdQuarter>2</proc:ThirdQuarter>
                                                    <proc:FourthQuarter>2</proc:FourthQuarter>
                                                </proc:CurrentYear>
                                                <proc:BudgetYearOne>
                                                    <proc:FirstQuarter>2</proc:FirstQuarter>
                                                    <proc:SecondQuarter>4</proc:SecondQuarter>
                                                    <proc:ThirdQuarter>2</proc:ThirdQuarter>
                                                    <proc:FourthQuarter>5</proc:FourthQuarter>
                                                </proc:BudgetYearOne>
                                            </proc:In>
                                            <proc:Out>
                                                <proc:AllPriorYears>0</proc:AllPriorYears>
                                                <proc:CurrentYear>
                                                    <proc:SecondQuarter>1</proc:SecondQuarter>
                                                    <proc:ThirdQuarter>1</proc:ThirdQuarter>
                                                </proc:CurrentYear>
                                                <proc:BudgetYearOne>
                                                    <proc:FirstQuarter>1</proc:FirstQuarter>
                                                    <proc:SecondQuarter>2</proc:SecondQuarter>
                                                    <proc:ThirdQuarter>1</proc:ThirdQuarter>
                                                    <proc:FourthQuarter>3</proc:FourthQuarter>
                                                </proc:BudgetYearOne>
                                            </proc:Out>
                                        </proc:InstallationSchedule>
                                    </proc:NonOrganicInstallation>
                                </proc:ImplementationMethod>
                            </proc:ImplementationMethodList>
                            <proc:TotalCost>
                                <proc:Quantity>
                                    <proc:AllPriorYears>6</proc:AllPriorYears>
                                    <proc:PriorYear>6</proc:PriorYear>
                                    <proc:CurrentYear>13</proc:CurrentYear>
                                    <proc:BudgetYearOneBase>21</proc:BudgetYearOneBase>
                                    <proc:BudgetYearOne>21</proc:BudgetYearOne>
                                </proc:Quantity>
                                <proc:TotalCost>
                                    <proc:AllPriorYears>136.356</proc:AllPriorYears>
                                    <proc:PriorYear>9.301</proc:PriorYear>
                                    <proc:CurrentYear>3.42</proc:CurrentYear>
                                    <proc:BudgetYearOneBase>60.54</proc:BudgetYearOneBase>
                                    <proc:BudgetYearOne>60.54</proc:BudgetYearOne>
                                </proc:TotalCost>
                            </proc:TotalCost>
                        </proc:Installation>
                    </proc:ModificationItem>
                    <proc:ModificationItem>
                        <proc:Title>Group B Retrofit Kit</proc:Title>
                        <proc:Procurement>
                            <proc:BKits>
                                <proc:Recurring>
                                    <proc:KitList>
                                        <proc:Kit>
                                            <proc:Name>Group B Retrofit Kit:EQUIPMENT Group B (Active)</proc:Name>
                                            <proc:Cost>
                                                <proc:Quantity>
                                                    <proc:AllPriorYears>2</proc:AllPriorYears>
                                                </proc:Quantity>
                                                <proc:TotalCost>
                                                    <proc:AllPriorYears>0.06</proc:AllPriorYears>
                                                </proc:TotalCost>
                                            </proc:Cost>
                                        </proc:Kit>
                                    </proc:KitList>
                                    <proc:CategorySubtotal>
                                        <proc:TotalCost>
                                            <proc:AllPriorYears>0.06</proc:AllPriorYears>
                                        </proc:TotalCost>
                                    </proc:CategorySubtotal>
                                </proc:Recurring>
                            </proc:BKits>
                            <proc:ManufacturerList>
                                <proc:Manufacturer>
                                    <proc:Name>BAE</proc:Name>
                                    <proc:Location>Nashua, NH / Austin,TX</proc:Location>
                                    <proc:AdminLeadTimeAfterOct1InMonths>6</proc:AdminLeadTimeAfterOct1InMonths>
                                    <proc:ProductionLeadTimeAfterOct1InMonths>15</proc:ProductionLeadTimeAfterOct1InMonths>
                                </proc:Manufacturer>
                            </proc:ManufacturerList>
                            <proc:TotalCost>
                                <proc:TotalCost>
                                    <proc:AllPriorYears>0.06</proc:AllPriorYears>
                                </proc:TotalCost>
                            </proc:TotalCost>
                        </proc:Procurement>
                        <proc:Installation>
                            <proc:ImplementationMethodList>
                                <proc:ImplementationMethod>
                                    <proc:OrganicInstallation>
                                        <proc:ImplementationMethodName>Org/Intermediate</proc:ImplementationMethodName>
                                        <proc:InstallationQuantity>5</proc:InstallationQuantity>
                                    </proc:OrganicInstallation>
                                </proc:ImplementationMethod>
                            </proc:ImplementationMethodList>
                        </proc:Installation>
                    </proc:ModificationItem>
                </proc:ModificationItemList>
                <proc:ProcurementSubtotal>
                    <proc:TotalCost>
                        <proc:AllPriorYears>234.148</proc:AllPriorYears>
                        <proc:PriorYear>86.87</proc:PriorYear>
                        <proc:CurrentYear>138.901</proc:CurrentYear>
                    </proc:TotalCost>
                </proc:ProcurementSubtotal>
                <proc:InstallationSubtotal>
                    <proc:Quantity>
                        <proc:AllPriorYears>6</proc:AllPriorYears>
                        <proc:PriorYear>6</proc:PriorYear>
                        <proc:CurrentYear>13</proc:CurrentYear>
                        <proc:BudgetYearOneBase>21</proc:BudgetYearOneBase>
                        <proc:BudgetYearOne>21</proc:BudgetYearOne>
                    </proc:Quantity>
                    <proc:TotalCost>
                        <proc:AllPriorYears>136.356</proc:AllPriorYears>
                        <proc:PriorYear>9.301</proc:PriorYear>
                        <proc:CurrentYear>3.42</proc:CurrentYear>
                        <proc:BudgetYearOneBase>60.54</proc:BudgetYearOneBase>
                        <proc:BudgetYearOne>60.54</proc:BudgetYearOne>
                    </proc:TotalCost>
                </proc:InstallationSubtotal>
                <proc:Description>The F-15 is a versatile 4th-generation fighter aircraft and is central to Combatant Commanders' ability to fulfill National Defense requirements (Joint Lethality in Contested Environments) for numerous operational plans (OPLANS) and contingency plans (CONPLANS) in near-peer conflicts. The proliferation of 4th generation enemy aircraft, sophisticated "double-digit" anti-aircraft missile systems, and other threat systems pose a significant threat to F-15 survivability. 

The F-15 Eagle Passive Active Warning Survivability System (EPAWSS) ensures future F-15 viability, and replaces the legacy, functionally-obsolete F-15 Tactical Electronic Warfare System (TEWS). F-15 EPAWSS is an integrated and digital electronic warfare suite which includes electronic detection and identification, geolocation, electronic countermeasures (jamming), and countermeasures dispensing (chaff/ flares). EPAWSS will significantly improve the F-15's ability to deny, degrade, deceive, disrupt, and defeat Radio Frequency (RF) and electro-optical / infrared threat systems within contested and highly contested environments. 

Core Candidate Decision (CCD), dated 10 May 2013, and Depot Source of Repair (DSOR) #13-077F, dated 8 July 2016 and updated 8 August 2023, approved and assigned Warner-Robins Air Logistics Complex as the site for organic repair of F-15 EPAWSS hardware and software. 

QUANTITY &amp; INSTALLATION INFORMATION:

-The Air Force will equip 99 F-15E aircraft with EPAWSS production hardware. Prior-year's funding supports 94 production shipsets, and 2 Group B retrofit hardware kits (to retrofit the 5 test aircraft initially modified during development; modification will be done organically during Programmed Depot Maintenance), leaving 3 partial Group B retrofit hardware kits to be procured in subsequent years. 

-All kits were procured with prior year funding, enabling the Air Force to maximize opportunities for organic installations at Warner Robins Air Logistics Complex (WR-ALC), in parallel with installations at the Contractor Modification Facility (CMF) (reference P-3a Installation Information). 

-FY 2024+ funding requested for F-15E EPAWSS installations were aligned to the annual induction schedule to avoid early-to-need funding caused by installation delays (a shift from previous requests which funded contractor installations by procurement lot). Resulting from previous delays, prior-year funding accounts for contractor installs into FY 2026.  

-FY 2026 funding will support 15 installation starts planned for FY 2026 (2 of 8 CMF installs and all 13 organic installs).

Milestone/Development Status

The program is operating within the Acquisition Program Baseline, having achieved Milestone C Decision Point #1 in December 2020 and Decision Point #2 in June 2022. The Full Rate Production (FRP) decision brief occurred in September 2024, with approval in October 2024, followed by FRP contract award January 2025.  

Initial Operational Test and Evaluation (IOT&amp;E) started as planned in July 2023 and AFOTEC completed IOT&amp;E test events in January 2024. The Engineering &amp; Manufacturing Development (EMD) phase is effectively complete and anticipates contract closure in 4Q FY2025.</proc:Description>
            </proc:P3AModificationItemGroup>
        </proc:ItemExhibitList>
        <proc:DocumentAssemblyOptions>
            <proc:p40AItemScheduleSetting>expandItemSuppressExhibit</proc:p40AItemScheduleSetting>
        </proc:DocumentAssemblyOptions>
    </proc:LineItem>
</proc:LineItemList>