<?xml version="1.0" encoding="UTF-8"?>
<proc:LineItemList xmlns:proc="http://www.dtic.mil/comptroller/xml/schema/20100219/procurement">
    <proc:LineItem quantityUnits="Each" unitCostUnits="Millions" totalCostUnits="Millions" manufacturerRateUnits="Yearly">
        <proc:LineItemNumber>C01700</proc:LineItemNumber>
        <proc:LineItemTitle>C-17A</proc:LineItemTitle>
        <proc:P1LineNumber>52</proc:P1LineNumber>
        <proc:BudgetYear>2026</proc:BudgetYear>
        <proc:BudgetCycle>PB</proc:BudgetCycle>
        <proc:SubmissionDate>2025-06</proc:SubmissionDate>
        <proc:ServiceAgencyName>Air Force</proc:ServiceAgencyName>
        <proc:AppropriationNumber>3010F</proc:AppropriationNumber>
        <proc:AppropriationTitle>Aircraft Procurement, Air Force</proc:AppropriationTitle>
        <proc:BudgetActivityNumber>5</proc:BudgetActivityNumber>
        <proc:BudgetActivityTitle>Modification of Inservice Aircraft</proc:BudgetActivityTitle>
        <proc:BudgetSubActivityNumber>3</proc:BudgetSubActivityNumber>
        <proc:BudgetSubActivityTitle>Airlift Aircraft</proc:BudgetSubActivityTitle>
        <proc:ResourceSummary>
            <proc:TotalCost>
                <proc:AllPriorYears>628.333</proc:AllPriorYears>
                <proc:PriorYear>120.71</proc:PriorYear>
                <proc:CurrentYear>85.691</proc:CurrentYear>
                <proc:BudgetYearOneBase>9.853</proc:BudgetYearOneBase>
                <proc:BudgetYearOne>9.853</proc:BudgetYearOne>
            </proc:TotalCost>
            <proc:NetProcurementP1>
                <proc:AllPriorYears>628.333</proc:AllPriorYears>
                <proc:PriorYear>120.71</proc:PriorYear>
                <proc:CurrentYear>85.691</proc:CurrentYear>
                <proc:BudgetYearOneBase>9.853</proc:BudgetYearOneBase>
                <proc:BudgetYearOne>9.853</proc:BudgetYearOne>
            </proc:NetProcurementP1>
            <proc:TotalObligationAuthority>
                <proc:AllPriorYears>628.333</proc:AllPriorYears>
                <proc:PriorYear>120.71</proc:PriorYear>
                <proc:CurrentYear>85.691</proc:CurrentYear>
                <proc:BudgetYearOneBase>9.853</proc:BudgetYearOneBase>
                <proc:BudgetYearOne>9.853</proc:BudgetYearOne>
            </proc:TotalObligationAuthority>
        </proc:ResourceSummary>
        <proc:CodeBProgramElementList>
            <proc:ProgramElementNumber>0401130F</proc:ProgramElementNumber>
        </proc:CodeBProgramElementList>
        <proc:OtherRelatedProgramElementList>
            <proc:ProgramElementNumber>0401130F</proc:ProgramElementNumber>
        </proc:OtherRelatedProgramElementList>
        <proc:SecondaryDistribution>
            <proc:ComponentList>
                <proc:Component>
                    <proc:Name>Air Force Active</proc:Name>
                    <proc:Cost>
                        <proc:TotalCost>
                            <proc:PriorYear>74.65</proc:PriorYear>
                            <proc:CurrentYear>66.039</proc:CurrentYear>
                            <proc:BudgetYearOneBase>7.089</proc:BudgetYearOneBase>
                            <proc:BudgetYearOne>7.089</proc:BudgetYearOne>
                        </proc:TotalCost>
                    </proc:Cost>
                </proc:Component>
                <proc:Component>
                    <proc:Name>Air National Guard</proc:Name>
                    <proc:Cost>
                        <proc:TotalCost>
                            <proc:PriorYear>31.62</proc:PriorYear>
                            <proc:CurrentYear>12.679</proc:CurrentYear>
                            <proc:BudgetYearOneBase>2.304</proc:BudgetYearOneBase>
                            <proc:BudgetYearOne>2.304</proc:BudgetYearOne>
                        </proc:TotalCost>
                    </proc:Cost>
                </proc:Component>
                <proc:Component>
                    <proc:Name>Air Force Reserve</proc:Name>
                    <proc:Cost>
                        <proc:TotalCost>
                            <proc:PriorYear>14.44</proc:PriorYear>
                            <proc:CurrentYear>6.973</proc:CurrentYear>
                            <proc:BudgetYearOneBase>0.46</proc:BudgetYearOneBase>
                            <proc:BudgetYearOne>0.46</proc:BudgetYearOne>
                        </proc:TotalCost>
                    </proc:Cost>
                </proc:Component>
            </proc:ComponentList>
            <proc:TotalCost>
                <proc:TotalCost>
                    <proc:PriorYear>120.71</proc:PriorYear>
                    <proc:CurrentYear>85.691</proc:CurrentYear>
                    <proc:BudgetYearOneBase>9.853</proc:BudgetYearOneBase>
                    <proc:BudgetYearOne>9.853</proc:BudgetYearOne>
                </proc:TotalCost>
            </proc:TotalCost>
        </proc:SecondaryDistribution>
        <proc:Description>The four-engine C-17 is the only aircraft capable of routine delivery of outsize cargo (tanks, helicopters, etc.) to short, austere airfields. The USAF operates a fleet of 222 C-17 Globemaster III aircraft.  The aircraft were delivered to the USAF from 1995-2015, the fleet is planned to be in operational until 2050. 

The aircraft can carry up to 102 troops, 36 litter patients or 18 standard 463-L pallets. The C-17 can perform the entire spectrum of airlift missions and is specifically designed to operate effectively and efficiently in both strategic and theater environments.  Not only can the C-17 deliver outsize cargo to austere tactical environments, but it also reduces ground time during air and land operations. 

Strategic Airlift provides essential flexibility when responding to contingencies on short notice anywhere in the world.  It is a major element of America's national security strategy and constitutes the most responsive means of meeting mobility requirements.  Specific tasks associated with the airlift mission include deployment, employment, sustaining support, retrograde, aeromedical evacuation, and combat redeployment.  The C-17 will perform this airlift mission well into this century.

This funding includes Rapid Global Mobility (RGM) platform-related rapid prototyping and fielding activities executed under the authority of the National Defense Authorization Act 2016, Section 804, as amended.  Such activities include, but are not limited to, roll-on/roll-off, carry-on/carry-off, and pod-based aircraft integrated support equipment, as well as other technical solutions supporting the full spectrum of the platform's RGM mission.  

Filter Fire Mitigation redesigns the On-Board Inert Gas Generation System (OBIGGS) II Shutoff Valve to a failsafe closed condition, thus eliminating a safety-of-flight issue.  

Funding may also be used to address Diminishing Manufacturing Sources (DMS) issues, obsolescence resolution, fuel efficiency and drag reduction improvements, cockpit situational awareness, command and control (radios), flight deck modernization/replacement, aircraft data bus maintenance initiatives, and structural enhancements.

In accordance with Section 1815 of the FY08 National Defense Authorization Act (P.L.110-181), these items are necessary for use by the active and reserve components of the Armed Forces for homeland defense missions, domestic emergency responses and providing military support to civil authorities.  

Funding for this exhibit is contained in PE 0401130F and 0401897F.

The FY 2026 request was reduced by $0.556 million for Advisory and Assistance Services to promote efficiencies and advance the policies of the Administration in alignment with Executive Order 14222, "Implementing the President's Department of Government Efficiency Cost Efficiency Initiative."</proc:Description>
        <proc:Justification>The FY 2026 request for C-17 includes $9,853 thousand of discretionary and $64,724 thousand of mandatory (reconciliation) for a total of 74,577 thousand.  The mandatory funds Filter Fire Mitigation, Beyond Line of Sight, Low-Cost Modifications, Aircraft Connectivity, and Training Systems programs.  Further information for this reconciliation request is provided in Section 20007 (Air Superiority) of the Reconciliation Exhibit.

FY 2026 discretionary funding effort includes Replacement Heads Up Display (RHUD) installations for 36 aircraft.</proc:Justification>
        <proc:ItemExhibitList>
            <proc:P40AItemGroup>
                <proc:Name>C-17A</proc:Name>
                <proc:CategoryList>
                    <proc:Category>
                        <proc:ItemList>
                            <proc:Item>
                                <proc:Name>Pylon Stub FFLZ, FF, Translating Fairing</proc:Name>
                                <proc:ItemNumber>_2000</proc:ItemNumber>
                                <proc:ModificationType>Safety</proc:ModificationType>
                                <proc:ModelsAffectedList>
                                    <proc:ModelAffected>C-17</proc:ModelAffected>
                                </proc:ModelsAffectedList>
                                <proc:ResourceSummary>
                                    <proc:TotalCost>
                                        <proc:AllPriorYears>96.487</proc:AllPriorYears>
                                    </proc:TotalCost>
                                </proc:ResourceSummary>
                            </proc:Item>
                            <proc:Item>
                                <proc:Name>ELT Frequency Change</proc:Name>
                                <proc:ItemNumber>_2590</proc:ItemNumber>
                                <proc:ModificationType>Capability Improvement</proc:ModificationType>
                                <proc:ModelsAffectedList>
                                    <proc:ModelAffected>C-17</proc:ModelAffected>
                                </proc:ModelsAffectedList>
                                <proc:ResourceSummary>
                                    <proc:TotalCost>
                                        <proc:AllPriorYears>5.182</proc:AllPriorYears>
                                    </proc:TotalCost>
                                </proc:ResourceSummary>
                            </proc:Item>
                            <proc:Item>
                                <proc:Name>MFOQA</proc:Name>
                                <proc:ItemNumber>_2633</proc:ItemNumber>
                                <proc:ModificationType>Capability Improvement</proc:ModificationType>
                                <proc:ModelsAffectedList>
                                    <proc:ModelAffected>C-17</proc:ModelAffected>
                                </proc:ModelsAffectedList>
                                <proc:ResourceSummary>
                                    <proc:TotalCost>
                                        <proc:AllPriorYears>14.07</proc:AllPriorYears>
                                    </proc:TotalCost>
                                </proc:ResourceSummary>
                            </proc:Item>
                            <proc:Item>
                                <proc:Name>IFF GATM</proc:Name>
                                <proc:ItemNumber>1508</proc:ItemNumber>
                                <proc:ModificationType>Capability Improvement</proc:ModificationType>
                                <proc:ModelsAffectedList>
                                    <proc:ModelAffected>C-17</proc:ModelAffected>
                                </proc:ModelsAffectedList>
                                <proc:ResourceSummary>
                                    <proc:TotalCost>
                                        <proc:AllPriorYears>124.593</proc:AllPriorYears>
                                    </proc:TotalCost>
                                </proc:ResourceSummary>
                            </proc:Item>
                            <proc:Item>
                                <proc:Name>Automatic Dependent Surveillance - Broadcast Out (ADS-B Out)</proc:Name>
                                <proc:ItemNumber>2901</proc:ItemNumber>
                                <proc:ModificationType>Capability Improvement</proc:ModificationType>
                                <proc:ModelsAffectedList>
                                    <proc:ModelAffected>C-17</proc:ModelAffected>
                                </proc:ModelsAffectedList>
                                <proc:ResourceSummary>
                                    <proc:TotalCost>
                                        <proc:AllPriorYears>83.887</proc:AllPriorYears>
                                    </proc:TotalCost>
                                </proc:ResourceSummary>
                            </proc:Item>
                            <proc:Item>
                                <proc:Name>Filter Fire Mitigation</proc:Name>
                                <proc:ItemNumber>6403</proc:ItemNumber>
                                <proc:SecondaryDistribution>
                                    <proc:ComponentList>
                                        <proc:Component>
                                            <proc:Name>Air Force Active</proc:Name>
                                            <proc:Cost>
                                                <proc:TotalCost>
                                                    <proc:PriorYear>2.191</proc:PriorYear>
                                                    <proc:CurrentYear>3.229</proc:CurrentYear>
                                                </proc:TotalCost>
                                            </proc:Cost>
                                        </proc:Component>
                                        <proc:Component>
                                            <proc:Name>Air National Guard</proc:Name>
                                            <proc:Cost/>
                                        </proc:Component>
                                        <proc:Component>
                                            <proc:Name>Air Force Reserve</proc:Name>
                                            <proc:Cost/>
                                        </proc:Component>
                                    </proc:ComponentList>
                                </proc:SecondaryDistribution>
                                <proc:ModificationType>Capability Improvement</proc:ModificationType>
                                <proc:ModelsAffectedList>
                                    <proc:ModelAffected>C-17</proc:ModelAffected>
                                </proc:ModelsAffectedList>
                                <proc:ResourceSummary>
                                    <proc:TotalCost>
                                        <proc:AllPriorYears>3.556</proc:AllPriorYears>
                                        <proc:PriorYear>2.191</proc:PriorYear>
                                        <proc:CurrentYear>3.229</proc:CurrentYear>
                                    </proc:TotalCost>
                                </proc:ResourceSummary>
                            </proc:Item>
                            <proc:Item>
                                <proc:Name>Fixed Installation Satellite Antenna (FISA)</proc:Name>
                                <proc:ItemNumber>9740</proc:ItemNumber>
                                <proc:ModificationType>Capability Improvement</proc:ModificationType>
                                <proc:ModelsAffectedList>
                                    <proc:ModelAffected>C-17</proc:ModelAffected>
                                </proc:ModelsAffectedList>
                                <proc:ResourceSummary>
                                    <proc:TotalCost>
                                        <proc:AllPriorYears>7.079</proc:AllPriorYears>
                                    </proc:TotalCost>
                                </proc:ResourceSummary>
                            </proc:Item>
                            <proc:Item>
                                <proc:Name>Beyond Line of Sight (BLOS)</proc:Name>
                                <proc:ItemNumber>9741</proc:ItemNumber>
                                <proc:SecondaryDistribution>
                                    <proc:ComponentList>
                                        <proc:Component>
                                            <proc:Name>Air Force Active</proc:Name>
                                            <proc:Cost>
                                                <proc:TotalCost>
                                                    <proc:PriorYear>42.898</proc:PriorYear>
                                                    <proc:CurrentYear>32.113</proc:CurrentYear>
                                                </proc:TotalCost>
                                            </proc:Cost>
                                        </proc:Component>
                                        <proc:Component>
                                            <proc:Name>Air National Guard</proc:Name>
                                            <proc:Cost>
                                                <proc:TotalCost>
                                                    <proc:PriorYear>20.231</proc:PriorYear>
                                                    <proc:CurrentYear>2.404</proc:CurrentYear>
                                                </proc:TotalCost>
                                            </proc:Cost>
                                        </proc:Component>
                                        <proc:Component>
                                            <proc:Name>Air Force Reserve</proc:Name>
                                            <proc:Cost>
                                                <proc:TotalCost>
                                                    <proc:PriorYear>9.268</proc:PriorYear>
                                                </proc:TotalCost>
                                            </proc:Cost>
                                        </proc:Component>
                                    </proc:ComponentList>
                                </proc:SecondaryDistribution>
                                <proc:ModificationType>Capability Improvement</proc:ModificationType>
                                <proc:ModelsAffectedList>
                                    <proc:ModelAffected>C-17</proc:ModelAffected>
                                </proc:ModelsAffectedList>
                                <proc:ResourceSummary>
                                    <proc:TotalCost>
                                        <proc:AllPriorYears>52.222</proc:AllPriorYears>
                                        <proc:PriorYear>72.397</proc:PriorYear>
                                        <proc:CurrentYear>34.517</proc:CurrentYear>
                                    </proc:TotalCost>
                                </proc:ResourceSummary>
                            </proc:Item>
                            <proc:Item>
                                <proc:Name>C-17 Simulator Lateral Motion Maneuver Enhancement</proc:Name>
                                <proc:ItemNumber>9742</proc:ItemNumber>
                                <proc:ModificationType>Other</proc:ModificationType>
                                <proc:ModelsAffectedList>
                                    <proc:ModelAffected>C-17</proc:ModelAffected>
                                </proc:ModelsAffectedList>
                                <proc:ResourceSummary>
                                    <proc:TotalCost>
                                        <proc:AllPriorYears>1.438</proc:AllPriorYears>
                                    </proc:TotalCost>
                                </proc:ResourceSummary>
                            </proc:Item>
                            <proc:Item>
                                <proc:Name>C-17 Visual System Field of View</proc:Name>
                                <proc:ItemNumber>9744</proc:ItemNumber>
                                <proc:ModificationType>Other</proc:ModificationType>
                                <proc:ModelsAffectedList>
                                    <proc:ModelAffected>C-17</proc:ModelAffected>
                                </proc:ModelsAffectedList>
                                <proc:ResourceSummary>
                                    <proc:TotalCost>
                                        <proc:AllPriorYears>1.008</proc:AllPriorYears>
                                    </proc:TotalCost>
                                </proc:ResourceSummary>
                            </proc:Item>
                            <proc:Item>
                                <proc:Name>C-17 Training System (Other Mods)</proc:Name>
                                <proc:ItemNumber>9747</proc:ItemNumber>
                                <proc:SecondaryDistribution>
                                    <proc:ComponentList>
                                        <proc:Component>
                                            <proc:Name>Air Force Active</proc:Name>
                                            <proc:Cost>
                                                <proc:TotalCost>
                                                    <proc:PriorYear>2.533</proc:PriorYear>
                                                    <proc:CurrentYear>1.85</proc:CurrentYear>
                                                </proc:TotalCost>
                                            </proc:Cost>
                                        </proc:Component>
                                    </proc:ComponentList>
                                </proc:SecondaryDistribution>
                                <proc:ModificationType>Other</proc:ModificationType>
                                <proc:ModelsAffectedList>
                                    <proc:ModelAffected>C-17</proc:ModelAffected>
                                </proc:ModelsAffectedList>
                                <proc:ResourceSummary>
                                    <proc:TotalCost>
                                        <proc:AllPriorYears>22.913</proc:AllPriorYears>
                                        <proc:PriorYear>2.533</proc:PriorYear>
                                        <proc:CurrentYear>1.85</proc:CurrentYear>
                                    </proc:TotalCost>
                                </proc:ResourceSummary>
                            </proc:Item>
                            <proc:Item>
                                <proc:Name>C-17 Training System (Training Mods)</proc:Name>
                                <proc:ItemNumber>9748</proc:ItemNumber>
                                <proc:ModificationType>Other</proc:ModificationType>
                                <proc:ModelsAffectedList>
                                    <proc:ModelAffected>c-17</proc:ModelAffected>
                                </proc:ModelsAffectedList>
                                <proc:ResourceSummary>
                                    <proc:TotalCost>
                                        <proc:AllPriorYears>9.112</proc:AllPriorYears>
                                    </proc:TotalCost>
                                </proc:ResourceSummary>
                            </proc:Item>
                            <proc:Item>
                                <proc:Name>C-17A Flight Deck Replacement</proc:Name>
                                <proc:ItemNumber>9749</proc:ItemNumber>
                                <proc:SecondaryDistribution>
                                    <proc:ComponentList>
                                        <proc:Component>
                                            <proc:Name>Air Force Active</proc:Name>
                                            <proc:Cost/>
                                        </proc:Component>
                                    </proc:ComponentList>
                                </proc:SecondaryDistribution>
                                <proc:ModificationType>No text provided.</proc:ModificationType>
                                <proc:ModelsAffectedList>
                                    <proc:ModelAffected>No text provided.</proc:ModelAffected>
                                </proc:ModelsAffectedList>
                            </proc:Item>
                            <proc:Item>
                                <proc:Name>9751 - Aircraft Connectivity</proc:Name>
                                <proc:ItemNumber>9751</proc:ItemNumber>
                                <proc:SecondaryDistribution>
                                    <proc:ComponentList>
                                        <proc:Component>
                                            <proc:Name>Air Force Active</proc:Name>
                                            <proc:Cost>
                                                <proc:TotalCost>
                                                    <proc:CurrentYear>1</proc:CurrentYear>
                                                </proc:TotalCost>
                                            </proc:Cost>
                                        </proc:Component>
                                    </proc:ComponentList>
                                </proc:SecondaryDistribution>
                                <proc:ModificationType>Capability Improvement</proc:ModificationType>
                                <proc:ModelsAffectedList>
                                    <proc:ModelAffected>C-17</proc:ModelAffected>
                                </proc:ModelsAffectedList>
                                <proc:ResourceSummary>
                                    <proc:TotalCost>
                                        <proc:CurrentYear>1</proc:CurrentYear>
                                    </proc:TotalCost>
                                </proc:ResourceSummary>
                            </proc:Item>
                            <proc:Item>
                                <proc:Name>Microvanes</proc:Name>
                                <proc:ItemNumber>9752</proc:ItemNumber>
                                <proc:ModificationType>No text provided.</proc:ModificationType>
                                <proc:ModelsAffectedList>
                                    <proc:ModelAffected>No text provided.</proc:ModelAffected>
                                </proc:ModelsAffectedList>
                                <proc:ResourceSummary>
                                    <proc:TotalCost>
                                        <proc:AllPriorYears>3</proc:AllPriorYears>
                                    </proc:TotalCost>
                                </proc:ResourceSummary>
                            </proc:Item>
                            <proc:Item>
                                <proc:Name>Engine Pylon Fairings</proc:Name>
                                <proc:ItemNumber>9753</proc:ItemNumber>
                                <proc:ModificationType>No text provided.</proc:ModificationType>
                                <proc:ModelsAffectedList>
                                    <proc:ModelAffected>No text provided.</proc:ModelAffected>
                                </proc:ModelsAffectedList>
                                <proc:ResourceSummary>
                                    <proc:TotalCost>
                                        <proc:AllPriorYears>2.5</proc:AllPriorYears>
                                    </proc:TotalCost>
                                </proc:ResourceSummary>
                            </proc:Item>
                            <proc:Item>
                                <proc:Name>Low Cost Modifications</proc:Name>
                                <proc:ItemNumber>99999X</proc:ItemNumber>
                                <proc:SecondaryDistribution>
                                    <proc:ComponentList>
                                        <proc:Component>
                                            <proc:Name>Air Force Active</proc:Name>
                                            <proc:Cost>
                                                <proc:TotalCost>
                                                    <proc:PriorYear>0.145</proc:PriorYear>
                                                    <proc:CurrentYear>2.745</proc:CurrentYear>
                                                </proc:TotalCost>
                                            </proc:Cost>
                                        </proc:Component>
                                    </proc:ComponentList>
                                </proc:SecondaryDistribution>
                                <proc:ModificationType>Capability Improvement</proc:ModificationType>
                                <proc:ModelsAffectedList>
                                    <proc:ModelAffected>C-17</proc:ModelAffected>
                                </proc:ModelsAffectedList>
                                <proc:ResourceSummary>
                                    <proc:TotalCost>
                                        <proc:AllPriorYears>7.227</proc:AllPriorYears>
                                        <proc:PriorYear>0.145</proc:PriorYear>
                                        <proc:CurrentYear>2.745</proc:CurrentYear>
                                    </proc:TotalCost>
                                </proc:ResourceSummary>
                            </proc:Item>
                        </proc:ItemList>
                        <proc:CategorySubtotal>
                            <proc:TotalCost>
                                <proc:AllPriorYears>434.274</proc:AllPriorYears>
                                <proc:PriorYear>77.266</proc:PriorYear>
                                <proc:CurrentYear>43.341</proc:CurrentYear>
                                <proc:BudgetYearOneBase>0</proc:BudgetYearOneBase>
                                <proc:BudgetYearOneOOC>0</proc:BudgetYearOneOOC>
                                <proc:BudgetYearOne>0</proc:BudgetYearOne>
                            </proc:TotalCost>
                        </proc:CategorySubtotal>
                    </proc:Category>
                </proc:CategoryList>
                <proc:TotalCost>
                    <proc:TotalCost>
                        <proc:AllPriorYears>434.274</proc:AllPriorYears>
                        <proc:PriorYear>77.266</proc:PriorYear>
                        <proc:CurrentYear>43.341</proc:CurrentYear>
                        <proc:BudgetYearOneBase>0</proc:BudgetYearOneBase>
                        <proc:BudgetYearOneOOC>0</proc:BudgetYearOneOOC>
                        <proc:BudgetYearOne>0</proc:BudgetYearOne>
                    </proc:TotalCost>
                </proc:TotalCost>
                <proc:ModificationItemsIndicator>true</proc:ModificationItemsIndicator>
            </proc:P40AItemGroup>
            <proc:P3AModificationItemGroup>
                <proc:ModificationTitle>Replacement Heads Up Display (RHUD)</proc:ModificationTitle>
                <proc:ModificationNumber>3080</proc:ModificationNumber>
                <proc:ModificationType>Capability Improvement</proc:ModificationType>
                <proc:ModelsAffectedList>
                    <proc:ModelAffected>C-17</proc:ModelAffected>
                </proc:ModelsAffectedList>
                <proc:IdCode>A</proc:IdCode>
                <proc:ResourceSummary>
                    <proc:TotalCost>
                        <proc:AllPriorYears>194.059</proc:AllPriorYears>
                        <proc:PriorYear>43.444</proc:PriorYear>
                        <proc:CurrentYear>42.35</proc:CurrentYear>
                        <proc:BudgetYearOneBase>9.853</proc:BudgetYearOneBase>
                        <proc:BudgetYearOneOOC>0</proc:BudgetYearOneOOC>
                        <proc:BudgetYearOne>9.853</proc:BudgetYearOne>
                    </proc:TotalCost>
                    <proc:NetProcurementP1>
                        <proc:AllPriorYears>194.059</proc:AllPriorYears>
                        <proc:PriorYear>43.444</proc:PriorYear>
                        <proc:CurrentYear>42.35</proc:CurrentYear>
                        <proc:BudgetYearOneBase>9.853</proc:BudgetYearOneBase>
                        <proc:BudgetYearOneOOC>0</proc:BudgetYearOneOOC>
                        <proc:BudgetYearOne>9.853</proc:BudgetYearOne>
                    </proc:NetProcurementP1>
                    <proc:TotalObligationAuthority>
                        <proc:AllPriorYears>194.059</proc:AllPriorYears>
                        <proc:PriorYear>43.444</proc:PriorYear>
                        <proc:CurrentYear>42.35</proc:CurrentYear>
                        <proc:BudgetYearOneBase>9.853</proc:BudgetYearOneBase>
                        <proc:BudgetYearOneOOC>0</proc:BudgetYearOneOOC>
                        <proc:BudgetYearOne>9.853</proc:BudgetYearOne>
                    </proc:TotalObligationAuthority>
                </proc:ResourceSummary>
                <proc:SecondaryDistribution>
                    <proc:ComponentList>
                        <proc:Component>
                            <proc:Name>Air Force Active</proc:Name>
                            <proc:Cost>
                                <proc:TotalCost>
                                    <proc:PriorYear>26.883</proc:PriorYear>
                                    <proc:CurrentYear>25.102</proc:CurrentYear>
                                    <proc:BudgetYearOneBase>7.089</proc:BudgetYearOneBase>
                                    <proc:BudgetYearOne>7.089</proc:BudgetYearOne>
                                </proc:TotalCost>
                            </proc:Cost>
                        </proc:Component>
                        <proc:Component>
                            <proc:Name>Air National Guard</proc:Name>
                            <proc:Cost>
                                <proc:TotalCost>
                                    <proc:PriorYear>11.389</proc:PriorYear>
                                    <proc:CurrentYear>10.275</proc:CurrentYear>
                                    <proc:BudgetYearOneBase>2.304</proc:BudgetYearOneBase>
                                    <proc:BudgetYearOne>2.304</proc:BudgetYearOne>
                                </proc:TotalCost>
                            </proc:Cost>
                        </proc:Component>
                        <proc:Component>
                            <proc:Name>Air Force Reserve</proc:Name>
                            <proc:Cost>
                                <proc:TotalCost>
                                    <proc:PriorYear>5.172</proc:PriorYear>
                                    <proc:CurrentYear>6.973</proc:CurrentYear>
                                    <proc:BudgetYearOneBase>0.46</proc:BudgetYearOneBase>
                                    <proc:BudgetYearOne>0.46</proc:BudgetYearOne>
                                </proc:TotalCost>
                            </proc:Cost>
                        </proc:Component>
                    </proc:ComponentList>
                </proc:SecondaryDistribution>
                <proc:RelatedProgramElementList>
                    <proc:ProgramElementNumber>0401130F</proc:ProgramElementNumber>
                </proc:RelatedProgramElementList>
                <proc:SupportCost>
                    <proc:CostElementList>
                        <proc:CostElement>
                            <proc:Name>SUPPORT-EQUIP</proc:Name>
                            <proc:Cost>
                                <proc:TotalCost>
                                    <proc:AllPriorYears>8.819</proc:AllPriorYears>
                                    <proc:PriorYear>1.147</proc:PriorYear>
                                    <proc:CurrentYear>2.5</proc:CurrentYear>
                                </proc:TotalCost>
                            </proc:Cost>
                        </proc:CostElement>
                        <proc:CostElement>
                            <proc:Name>SIM/TRAINER</proc:Name>
                            <proc:Cost>
                                <proc:TotalCost>
                                    <proc:AllPriorYears>4.614</proc:AllPriorYears>
                                </proc:TotalCost>
                            </proc:Cost>
                        </proc:CostElement>
                        <proc:CostElement>
                            <proc:Name>PMA - Other Gov't Costs</proc:Name>
                            <proc:Cost>
                                <proc:TotalCost>
                                    <proc:AllPriorYears>35.675</proc:AllPriorYears>
                                    <proc:PriorYear>1.221</proc:PriorYear>
                                    <proc:CurrentYear>9.58</proc:CurrentYear>
                                    <proc:BudgetYearOneBase>1.561</proc:BudgetYearOneBase>
                                    <proc:BudgetYearOne>1.561</proc:BudgetYearOne>
                                </proc:TotalCost>
                            </proc:Cost>
                        </proc:CostElement>
                    </proc:CostElementList>
                    <proc:CategorySubtotal>
                        <proc:TotalCost>
                            <proc:AllPriorYears>49.108</proc:AllPriorYears>
                            <proc:PriorYear>2.368</proc:PriorYear>
                            <proc:CurrentYear>12.08</proc:CurrentYear>
                            <proc:BudgetYearOneBase>1.561</proc:BudgetYearOneBase>
                            <proc:BudgetYearOne>1.561</proc:BudgetYearOne>
                        </proc:TotalCost>
                    </proc:CategorySubtotal>
                </proc:SupportCost>
                <proc:ModificationItemList>
                    <proc:ModificationItem>
                        <proc:Title>RHUD</proc:Title>
                        <proc:RDTE>
                            <proc:ProgramElementSummaryList>
                                <proc:ProgramElementSummary>
                                    <proc:ProgramElementNumber>0401130F</proc:ProgramElementNumber>
                                    <proc:ProgramElementFunding>
                                        <proc:TotalCost>
                                            <proc:AllPriorYears>117.21</proc:AllPriorYears>
                                        </proc:TotalCost>
                                    </proc:ProgramElementFunding>
                                </proc:ProgramElementSummary>
                            </proc:ProgramElementSummaryList>
                        </proc:RDTE>
                        <proc:Procurement>
                            <proc:AKits>
                                <proc:Recurring>
                                    <proc:KitList>
                                        <proc:Kit>
                                            <proc:Name>RHUD:INSTALL KITS Group A (Active)</proc:Name>
                                            <proc:Cost>
                                                <proc:Quantity>
                                                    <proc:AllPriorYears>121</proc:AllPriorYears>
                                                    <proc:PriorYear>18</proc:PriorYear>
                                                    <proc:CurrentYear>7</proc:CurrentYear>
                                                </proc:Quantity>
                                                <proc:TotalCost>
                                                    <proc:AllPriorYears>89.531</proc:AllPriorYears>
                                                    <proc:PriorYear>19.447</proc:PriorYear>
                                                    <proc:CurrentYear>7.724</proc:CurrentYear>
                                                </proc:TotalCost>
                                            </proc:Cost>
                                        </proc:Kit>
                                        <proc:Kit>
                                            <proc:Name>RHUD:INSTALL KITS Group A (Guard)</proc:Name>
                                            <proc:Cost>
                                                <proc:Quantity>
                                                    <proc:AllPriorYears>32</proc:AllPriorYears>
                                                    <proc:PriorYear>10</proc:PriorYear>
                                                    <proc:CurrentYear>8</proc:CurrentYear>
                                                </proc:Quantity>
                                                <proc:TotalCost>
                                                    <proc:AllPriorYears>21.471</proc:AllPriorYears>
                                                    <proc:PriorYear>9.316</proc:PriorYear>
                                                    <proc:CurrentYear>8.662</proc:CurrentYear>
                                                </proc:TotalCost>
                                            </proc:Cost>
                                        </proc:Kit>
                                        <proc:Kit>
                                            <proc:Name>RHUD:INSTALL KITS Group A (Reserve)</proc:Name>
                                            <proc:Cost>
                                                <proc:Quantity>
                                                    <proc:AllPriorYears>20</proc:AllPriorYears>
                                                    <proc:PriorYear>2</proc:PriorYear>
                                                    <proc:CurrentYear>4</proc:CurrentYear>
                                                </proc:Quantity>
                                                <proc:TotalCost>
                                                    <proc:AllPriorYears>13.667</proc:AllPriorYears>
                                                    <proc:PriorYear>4.02</proc:PriorYear>
                                                    <proc:CurrentYear>5.592</proc:CurrentYear>
                                                </proc:TotalCost>
                                            </proc:Cost>
                                        </proc:Kit>
                                    </proc:KitList>
                                    <proc:CategorySubtotal>
                                        <proc:TotalCost>
                                            <proc:AllPriorYears>124.669</proc:AllPriorYears>
                                            <proc:PriorYear>32.783</proc:PriorYear>
                                            <proc:CurrentYear>21.978</proc:CurrentYear>
                                        </proc:TotalCost>
                                    </proc:CategorySubtotal>
                                </proc:Recurring>
                            </proc:AKits>
                            <proc:ManufacturerList>
                                <proc:Manufacturer>
                                    <proc:Name>The Boeing Company</proc:Name>
                                    <proc:Location>Long Beach, Ca</proc:Location>
                                    <proc:ContractDates>
                                        <proc:PriorYear>2024-05</proc:PriorYear>
                                        <proc:CurrentYear>2025-05</proc:CurrentYear>
                                    </proc:ContractDates>
                                    <proc:DeliveryDates>
                                        <proc:PriorYear>2025-10</proc:PriorYear>
                                        <proc:CurrentYear>2026-10</proc:CurrentYear>
                                    </proc:DeliveryDates>
                                    <proc:AdminLeadTimeAfterOct1InMonths>7</proc:AdminLeadTimeAfterOct1InMonths>
                                    <proc:ProductionLeadTimeAfterOct1InMonths>17</proc:ProductionLeadTimeAfterOct1InMonths>
                                </proc:Manufacturer>
                            </proc:ManufacturerList>
                            <proc:TotalCost>
                                <proc:TotalCost>
                                    <proc:AllPriorYears>124.669</proc:AllPriorYears>
                                    <proc:PriorYear>32.783</proc:PriorYear>
                                    <proc:CurrentYear>21.978</proc:CurrentYear>
                                </proc:TotalCost>
                            </proc:TotalCost>
                        </proc:Procurement>
                        <proc:Installation>
                            <proc:ImplementationMethodList>
                                <proc:ImplementationMethod>
                                    <proc:NonOrganicInstallation>
                                        <proc:ImplementationMethodName>Contractor Facility</proc:ImplementationMethodName>
                                        <proc:InstallationCost>
                                            <proc:AllPriorYears>
                                                <proc:Cost>
                                                    <proc:Quantity>
                                                        <proc:AllPriorYears>43</proc:AllPriorYears>
                                                        <proc:PriorYear>17</proc:PriorYear>
                                                        <proc:CurrentYear>18</proc:CurrentYear>
                                                        <proc:BudgetYearOneBase>9</proc:BudgetYearOneBase>
                                                        <proc:BudgetYearOne>9</proc:BudgetYearOne>
                                                    </proc:Quantity>
                                                    <proc:TotalCost>
                                                        <proc:AllPriorYears>11.068</proc:AllPriorYears>
                                                        <proc:PriorYear>3.916</proc:PriorYear>
                                                        <proc:CurrentYear>4.146</proc:CurrentYear>
                                                        <proc:BudgetYearOneBase>2.073</proc:BudgetYearOneBase>
                                                        <proc:BudgetYearOne>2.073</proc:BudgetYearOne>
                                                    </proc:TotalCost>
                                                </proc:Cost>
                                            </proc:AllPriorYears>
                                            <proc:PriorYear>
                                                <proc:Cost>
                                                    <proc:Quantity>
                                                        <proc:BudgetYearOneBase>8</proc:BudgetYearOneBase>
                                                        <proc:BudgetYearOne>8</proc:BudgetYearOne>
                                                    </proc:Quantity>
                                                    <proc:TotalCost>
                                                        <proc:BudgetYearOneBase>1.843</proc:BudgetYearOneBase>
                                                        <proc:BudgetYearOne>1.843</proc:BudgetYearOne>
                                                    </proc:TotalCost>
                                                </proc:Cost>
                                            </proc:PriorYear>
                                            <proc:Total>
                                                <proc:Cost>
                                                    <proc:Quantity>
                                                        <proc:AllPriorYears>43</proc:AllPriorYears>
                                                        <proc:PriorYear>17</proc:PriorYear>
                                                        <proc:CurrentYear>18</proc:CurrentYear>
                                                        <proc:BudgetYearOneBase>17</proc:BudgetYearOneBase>
                                                        <proc:BudgetYearOne>17</proc:BudgetYearOne>
                                                    </proc:Quantity>
                                                    <proc:TotalCost>
                                                        <proc:AllPriorYears>11.068</proc:AllPriorYears>
                                                        <proc:PriorYear>3.916</proc:PriorYear>
                                                        <proc:CurrentYear>4.146</proc:CurrentYear>
                                                        <proc:BudgetYearOneBase>3.916</proc:BudgetYearOneBase>
                                                        <proc:BudgetYearOne>3.916</proc:BudgetYearOne>
                                                    </proc:TotalCost>
                                                </proc:Cost>
                                            </proc:Total>
                                        </proc:InstallationCost>
                                        <proc:InstallationSchedule>
                                            <proc:In>
                                                <proc:AllPriorYears>43</proc:AllPriorYears>
                                                <proc:PriorYear>
                                                    <proc:FirstQuarter>0</proc:FirstQuarter>
                                                    <proc:SecondQuarter>0</proc:SecondQuarter>
                                                    <proc:ThirdQuarter>17</proc:ThirdQuarter>
                                                    <proc:FourthQuarter>0</proc:FourthQuarter>
                                                </proc:PriorYear>
                                                <proc:CurrentYear>
                                                    <proc:FirstQuarter>0</proc:FirstQuarter>
                                                    <proc:SecondQuarter>0</proc:SecondQuarter>
                                                    <proc:ThirdQuarter>18</proc:ThirdQuarter>
                                                    <proc:FourthQuarter>0</proc:FourthQuarter>
                                                </proc:CurrentYear>
                                                <proc:BudgetYearOne>
                                                    <proc:FirstQuarter>0</proc:FirstQuarter>
                                                    <proc:SecondQuarter>0</proc:SecondQuarter>
                                                    <proc:ThirdQuarter>17</proc:ThirdQuarter>
                                                    <proc:FourthQuarter>0</proc:FourthQuarter>
                                                </proc:BudgetYearOne>
                                            </proc:In>
                                            <proc:Out>
                                                <proc:AllPriorYears>38</proc:AllPriorYears>
                                                <proc:PriorYear>
                                                    <proc:FirstQuarter>5</proc:FirstQuarter>
                                                    <proc:SecondQuarter>5</proc:SecondQuarter>
                                                    <proc:ThirdQuarter>5</proc:ThirdQuarter>
                                                    <proc:FourthQuarter>4</proc:FourthQuarter>
                                                </proc:PriorYear>
                                                <proc:CurrentYear>
                                                    <proc:FirstQuarter>3</proc:FirstQuarter>
                                                    <proc:SecondQuarter>5</proc:SecondQuarter>
                                                    <proc:ThirdQuarter>4</proc:ThirdQuarter>
                                                    <proc:FourthQuarter>4</proc:FourthQuarter>
                                                </proc:CurrentYear>
                                                <proc:BudgetYearOne>
                                                    <proc:FirstQuarter>5</proc:FirstQuarter>
                                                    <proc:SecondQuarter>4</proc:SecondQuarter>
                                                    <proc:ThirdQuarter>5</proc:ThirdQuarter>
                                                    <proc:FourthQuarter>5</proc:FourthQuarter>
                                                </proc:BudgetYearOne>
                                            </proc:Out>
                                        </proc:InstallationSchedule>
                                    </proc:NonOrganicInstallation>
                                </proc:ImplementationMethod>
                                <proc:ImplementationMethod>
                                    <proc:NonOrganicInstallation>
                                        <proc:ImplementationMethodName>Depot</proc:ImplementationMethodName>
                                        <proc:InstallationCost>
                                            <proc:AllPriorYears>
                                                <proc:Cost>
                                                    <proc:Quantity>
                                                        <proc:AllPriorYears>40</proc:AllPriorYears>
                                                        <proc:PriorYear>19</proc:PriorYear>
                                                        <proc:CurrentYear>18</proc:CurrentYear>
                                                        <proc:BudgetYearOneBase>9</proc:BudgetYearOneBase>
                                                        <proc:BudgetYearOne>9</proc:BudgetYearOne>
                                                    </proc:Quantity>
                                                    <proc:TotalCost>
                                                        <proc:AllPriorYears>9.214</proc:AllPriorYears>
                                                        <proc:PriorYear>4.377</proc:PriorYear>
                                                        <proc:CurrentYear>4.146</proc:CurrentYear>
                                                        <proc:BudgetYearOneBase>2.073</proc:BudgetYearOneBase>
                                                        <proc:BudgetYearOne>2.073</proc:BudgetYearOne>
                                                    </proc:TotalCost>
                                                </proc:Cost>
                                            </proc:AllPriorYears>
                                            <proc:PriorYear>
                                                <proc:Cost>
                                                    <proc:Quantity>
                                                        <proc:BudgetYearOneBase>10</proc:BudgetYearOneBase>
                                                        <proc:BudgetYearOne>10</proc:BudgetYearOne>
                                                    </proc:Quantity>
                                                    <proc:TotalCost>
                                                        <proc:BudgetYearOneBase>2.303</proc:BudgetYearOneBase>
                                                        <proc:BudgetYearOne>2.303</proc:BudgetYearOne>
                                                    </proc:TotalCost>
                                                </proc:Cost>
                                            </proc:PriorYear>
                                            <proc:Total>
                                                <proc:Cost>
                                                    <proc:Quantity>
                                                        <proc:AllPriorYears>40</proc:AllPriorYears>
                                                        <proc:PriorYear>19</proc:PriorYear>
                                                        <proc:CurrentYear>18</proc:CurrentYear>
                                                        <proc:BudgetYearOneBase>19</proc:BudgetYearOneBase>
                                                        <proc:BudgetYearOne>19</proc:BudgetYearOne>
                                                    </proc:Quantity>
                                                    <proc:TotalCost>
                                                        <proc:AllPriorYears>9.214</proc:AllPriorYears>
                                                        <proc:PriorYear>4.377</proc:PriorYear>
                                                        <proc:CurrentYear>4.146</proc:CurrentYear>
                                                        <proc:BudgetYearOneBase>4.376</proc:BudgetYearOneBase>
                                                        <proc:BudgetYearOne>4.376</proc:BudgetYearOne>
                                                    </proc:TotalCost>
                                                </proc:Cost>
                                            </proc:Total>
                                        </proc:InstallationCost>
                                        <proc:InstallationSchedule>
                                            <proc:In>
                                                <proc:AllPriorYears>40</proc:AllPriorYears>
                                                <proc:PriorYear>
                                                    <proc:FirstQuarter>0</proc:FirstQuarter>
                                                    <proc:SecondQuarter>0</proc:SecondQuarter>
                                                    <proc:ThirdQuarter>19</proc:ThirdQuarter>
                                                    <proc:FourthQuarter>0</proc:FourthQuarter>
                                                </proc:PriorYear>
                                                <proc:CurrentYear>
                                                    <proc:FirstQuarter>0</proc:FirstQuarter>
                                                    <proc:SecondQuarter>0</proc:SecondQuarter>
                                                    <proc:ThirdQuarter>18</proc:ThirdQuarter>
                                                    <proc:FourthQuarter>0</proc:FourthQuarter>
                                                </proc:CurrentYear>
                                                <proc:BudgetYearOne>
                                                    <proc:FirstQuarter>0</proc:FirstQuarter>
                                                    <proc:SecondQuarter>19</proc:SecondQuarter>
                                                    <proc:ThirdQuarter>0</proc:ThirdQuarter>
                                                    <proc:FourthQuarter>0</proc:FourthQuarter>
                                                </proc:BudgetYearOne>
                                            </proc:In>
                                            <proc:Out>
                                                <proc:AllPriorYears>36</proc:AllPriorYears>
                                                <proc:PriorYear>
                                                    <proc:FirstQuarter>4</proc:FirstQuarter>
                                                    <proc:SecondQuarter>5</proc:SecondQuarter>
                                                    <proc:ThirdQuarter>5</proc:ThirdQuarter>
                                                    <proc:FourthQuarter>5</proc:FourthQuarter>
                                                </proc:PriorYear>
                                                <proc:CurrentYear>
                                                    <proc:FirstQuarter>4</proc:FirstQuarter>
                                                    <proc:SecondQuarter>5</proc:SecondQuarter>
                                                    <proc:ThirdQuarter>4</proc:ThirdQuarter>
                                                    <proc:FourthQuarter>4</proc:FourthQuarter>
                                                </proc:CurrentYear>
                                                <proc:BudgetYearOne>
                                                    <proc:FirstQuarter>5</proc:FirstQuarter>
                                                    <proc:SecondQuarter>5</proc:SecondQuarter>
                                                    <proc:ThirdQuarter>5</proc:ThirdQuarter>
                                                    <proc:FourthQuarter>5</proc:FourthQuarter>
                                                </proc:BudgetYearOne>
                                            </proc:Out>
                                        </proc:InstallationSchedule>
                                    </proc:NonOrganicInstallation>
                                </proc:ImplementationMethod>
                            </proc:ImplementationMethodList>
                            <proc:TotalCost>
                                <proc:Quantity>
                                    <proc:AllPriorYears>83</proc:AllPriorYears>
                                    <proc:PriorYear>36</proc:PriorYear>
                                    <proc:CurrentYear>36</proc:CurrentYear>
                                    <proc:BudgetYearOneBase>36</proc:BudgetYearOneBase>
                                    <proc:BudgetYearOne>36</proc:BudgetYearOne>
                                </proc:Quantity>
                                <proc:TotalCost>
                                    <proc:AllPriorYears>20.282</proc:AllPriorYears>
                                    <proc:PriorYear>8.293</proc:PriorYear>
                                    <proc:CurrentYear>8.292</proc:CurrentYear>
                                    <proc:BudgetYearOneBase>8.292</proc:BudgetYearOneBase>
                                    <proc:BudgetYearOne>8.292</proc:BudgetYearOne>
                                </proc:TotalCost>
                            </proc:TotalCost>
                        </proc:Installation>
                    </proc:ModificationItem>
                </proc:ModificationItemList>
                <proc:ProcurementSubtotal>
                    <proc:TotalCost>
                        <proc:AllPriorYears>124.669</proc:AllPriorYears>
                        <proc:PriorYear>32.783</proc:PriorYear>
                        <proc:CurrentYear>21.978</proc:CurrentYear>
                    </proc:TotalCost>
                </proc:ProcurementSubtotal>
                <proc:InstallationSubtotal>
                    <proc:Quantity>
                        <proc:AllPriorYears>83</proc:AllPriorYears>
                        <proc:PriorYear>36</proc:PriorYear>
                        <proc:CurrentYear>36</proc:CurrentYear>
                        <proc:BudgetYearOneBase>36</proc:BudgetYearOneBase>
                        <proc:BudgetYearOne>36</proc:BudgetYearOne>
                    </proc:Quantity>
                    <proc:TotalCost>
                        <proc:AllPriorYears>20.282</proc:AllPriorYears>
                        <proc:PriorYear>8.293</proc:PriorYear>
                        <proc:CurrentYear>8.292</proc:CurrentYear>
                        <proc:BudgetYearOneBase>8.292</proc:BudgetYearOneBase>
                        <proc:BudgetYearOne>8.292</proc:BudgetYearOne>
                    </proc:TotalCost>
                </proc:InstallationSubtotal>
                <proc:Description>This effort is for procurement and installation of the Replacement Heads-Up Display (RHUD) onto the C-17 aircraft.  Analysis indicates the current HUD, which is required to fly the C-17, is becoming unsupportable due to obsolescence. This effort retrofits the C-17 fleet with an RHUD that is certified as a Primary Flight Reference, providing improved reliability, maintainability, and supportability, while also providing growth to support future planned capability improvements. The total of 222 units will be sustainable for the planned life of the C-17 fleet.  The RHUD retrofit started in FY21.  Speedlines will commence in the future. To achieve the best unit cost for the USAF without extending the overall procurement timeline, remaining kits will be purchased with FY25 funds.  FY26 funding is for installation of kits already purchased and other government costs.

Projected allocations by component are subject to total force mission priorities and aircraft availability.

Funding may be used to address Diminishing Manufacturing Sources (DMS) issues.

This modification supports performance of a full financial audit as required by title 10 U.S.C. Chapter 9A, Sec 240-D.

Milestone/Development Status

The first RHUD was tested with RDT&amp;E funding in FY 2018.  The first production kitproof kits were purchased in FY 2019 and installed in FY 2021.</proc:Description>
            </proc:P3AModificationItemGroup>
        </proc:ItemExhibitList>
        <proc:DocumentAssemblyOptions>
            <proc:p40AItemScheduleSetting>total</proc:p40AItemScheduleSetting>
        </proc:DocumentAssemblyOptions>
    </proc:LineItem>
</proc:LineItemList>