<?xml version="1.0" encoding="UTF-8"?>
<proc:LineItemList xmlns:proc="http://www.dtic.mil/comptroller/xml/schema/20100219/procurement">
    <proc:LineItem quantityUnits="Each" unitCostUnits="Millions" totalCostUnits="Millions" manufacturerRateUnits="Yearly">
        <proc:LineItemNumber>Q020BR</proc:LineItemNumber>
        <proc:LineItemTitle>RQ-20B Puma</proc:LineItemTitle>
        <proc:P1LineNumber>34</proc:P1LineNumber>
        <proc:BudgetYear>2026</proc:BudgetYear>
        <proc:BudgetCycle>PB</proc:BudgetCycle>
        <proc:SubmissionDate>2025-06</proc:SubmissionDate>
        <proc:ServiceAgencyName>Air Force</proc:ServiceAgencyName>
        <proc:AppropriationNumber>3010F</proc:AppropriationNumber>
        <proc:AppropriationTitle>Aircraft Procurement, Air Force</proc:AppropriationTitle>
        <proc:BudgetActivityNumber>4</proc:BudgetActivityNumber>
        <proc:BudgetActivityTitle>Other Aircraft</proc:BudgetActivityTitle>
        <proc:BudgetSubActivityNumber>5</proc:BudgetSubActivityNumber>
        <proc:BudgetSubActivityTitle>Other Aircraft</proc:BudgetSubActivityTitle>
        <proc:ResourceSummary>
            <proc:Quantity>
                <proc:CurrentYear>6</proc:CurrentYear>
                <proc:BudgetYearOneBase>6</proc:BudgetYearOneBase>
                <proc:BudgetYearOne>6</proc:BudgetYearOne>
            </proc:Quantity>
            <proc:TotalCost>
                <proc:PriorYear>0</proc:PriorYear>
                <proc:CurrentYear>11.283</proc:CurrentYear>
                <proc:BudgetYearOneBase>11.437</proc:BudgetYearOneBase>
                <proc:BudgetYearOne>11.437</proc:BudgetYearOne>
            </proc:TotalCost>
            <proc:UnitCost>
                <proc:CurrentYear>1.881</proc:CurrentYear>
                <proc:BudgetYearOneBase>1.906</proc:BudgetYearOneBase>
                <proc:BudgetYearOne>1.906</proc:BudgetYearOne>
            </proc:UnitCost>
            <proc:NetProcurementP1>
                <proc:PriorYear>0</proc:PriorYear>
                <proc:CurrentYear>11.283</proc:CurrentYear>
                <proc:BudgetYearOneBase>11.437</proc:BudgetYearOneBase>
                <proc:BudgetYearOne>11.437</proc:BudgetYearOne>
            </proc:NetProcurementP1>
            <proc:TotalObligationAuthority>
                <proc:PriorYear>0</proc:PriorYear>
                <proc:CurrentYear>11.283</proc:CurrentYear>
                <proc:BudgetYearOneBase>11.437</proc:BudgetYearOneBase>
                <proc:BudgetYearOne>11.437</proc:BudgetYearOne>
            </proc:TotalObligationAuthority>
            <proc:FlyawayUnitCost>
                <proc:CurrentYear>1.88</proc:CurrentYear>
                <proc:BudgetYearOneBase>1.906</proc:BudgetYearOneBase>
                <proc:BudgetYearOne>1.906</proc:BudgetYearOne>
            </proc:FlyawayUnitCost>
        </proc:ResourceSummary>
        <proc:Code>A</proc:Code>
        <proc:Description>The RQ-20B is a small un-manned Aircraft System (UAS).  It gives situational awareness by providing persistent, intelligence, surveillance, reconnaissance and targeting data (ISRT) to convoy and ground troops.  

The RQ-20B has a 9.2 foot wing span, 4.6 foot nose to tail length, a weight 14.6 kg, and is fully waterproof for all environment operations.  It is capable of landing in water or on land.  It has precision navigation with secondary Global Positioning System (GPS).  The RQ-20B is equipped with both an electro-optical (EO) and an infrared (IR) camera.  It also has an illuminator-Geo-location, laser marker.

Funding for this exhibit contained in PE 0207588F.</proc:Description>
        <proc:Justification>The FY26 request will procure 6 kits in order to provide the final footprint of 63 kits with associated equipment.</proc:Justification>
        <proc:ItemExhibitList>
            <proc:P5Item>
                <proc:Name>RQ-20B Puma</proc:Name>
                <proc:IdCode>A</proc:IdCode>
                <proc:ResourceSummary>
                    <proc:Quantity>
                        <proc:CurrentYear>6</proc:CurrentYear>
                        <proc:BudgetYearOneBase>6</proc:BudgetYearOneBase>
                        <proc:BudgetYearOne>6</proc:BudgetYearOne>
                    </proc:Quantity>
                    <proc:TotalCost>
                        <proc:PriorYear>0</proc:PriorYear>
                        <proc:CurrentYear>11.283</proc:CurrentYear>
                        <proc:BudgetYearOneBase>11.437</proc:BudgetYearOneBase>
                        <proc:BudgetYearOne>11.437</proc:BudgetYearOne>
                    </proc:TotalCost>
                    <proc:UnitCost>
                        <proc:CurrentYear>1.881</proc:CurrentYear>
                        <proc:BudgetYearOneBase>1.906</proc:BudgetYearOneBase>
                        <proc:BudgetYearOne>1.906</proc:BudgetYearOne>
                    </proc:UnitCost>
                    <proc:NetProcurementP1>
                        <proc:PriorYear>0</proc:PriorYear>
                        <proc:CurrentYear>11.283</proc:CurrentYear>
                        <proc:BudgetYearOneBase>11.437</proc:BudgetYearOneBase>
                        <proc:BudgetYearOne>11.437</proc:BudgetYearOne>
                    </proc:NetProcurementP1>
                    <proc:TotalObligationAuthority>
                        <proc:PriorYear>0</proc:PriorYear>
                        <proc:CurrentYear>11.283</proc:CurrentYear>
                        <proc:BudgetYearOneBase>11.437</proc:BudgetYearOneBase>
                        <proc:BudgetYearOne>11.437</proc:BudgetYearOne>
                    </proc:TotalObligationAuthority>
                </proc:ResourceSummary>
                <proc:CostElementCategoryList>
                    <proc:Flyaway>
                        <proc:Name>RQ-20B Puma</proc:Name>
                        <proc:Recurring>
                            <proc:CostElementList>
                                <proc:CostElement>
                                    <proc:Name>RQ-20B Puma</proc:Name>
                                    <proc:Cost>
                                        <proc:Quantity>
                                            <proc:CurrentYear>14</proc:CurrentYear>
                                            <proc:BudgetYearOneBase>6</proc:BudgetYearOneBase>
                                            <proc:BudgetYearOne>6</proc:BudgetYearOne>
                                        </proc:Quantity>
                                        <proc:TotalCost>
                                            <proc:PriorYear>0</proc:PriorYear>
                                            <proc:CurrentYear>11.283</proc:CurrentYear>
                                            <proc:BudgetYearOneBase>11.437</proc:BudgetYearOneBase>
                                            <proc:BudgetYearOne>11.437</proc:BudgetYearOne>
                                        </proc:TotalCost>
                                        <proc:UnitCost>
                                            <proc:CurrentYear>0.806</proc:CurrentYear>
                                            <proc:BudgetYearOneBase>1.906</proc:BudgetYearOneBase>
                                            <proc:BudgetYearOne>1.906</proc:BudgetYearOne>
                                        </proc:UnitCost>
                                    </proc:Cost>
                                </proc:CostElement>
                            </proc:CostElementList>
                            <proc:CategorySubtotal>
                                <proc:TotalCost>
                                    <proc:PriorYear>0</proc:PriorYear>
                                    <proc:CurrentYear>11.283</proc:CurrentYear>
                                    <proc:BudgetYearOneBase>11.437</proc:BudgetYearOneBase>
                                    <proc:BudgetYearOne>11.437</proc:BudgetYearOne>
                                </proc:TotalCost>
                            </proc:CategorySubtotal>
                        </proc:Recurring>
                        <proc:CategorySubtotal>
                            <proc:TotalCost>
                                <proc:PriorYear>0</proc:PriorYear>
                                <proc:CurrentYear>11.283</proc:CurrentYear>
                                <proc:BudgetYearOneBase>11.437</proc:BudgetYearOneBase>
                                <proc:BudgetYearOne>11.437</proc:BudgetYearOne>
                            </proc:TotalCost>
                        </proc:CategorySubtotal>
                    </proc:Flyaway>
                </proc:CostElementCategoryList>
            </proc:P5Item>
        </proc:ItemExhibitList>
        <proc:DocumentAssemblyOptions>
            <proc:p40AItemScheduleSetting>expandItemSuppressExhibit</proc:p40AItemScheduleSetting>
        </proc:DocumentAssemblyOptions>
    </proc:LineItem>
</proc:LineItemList>