<?xml version="1.0" encoding="UTF-8"?>
<proc:LineItemList xmlns:proc="http://www.dtic.mil/comptroller/xml/schema/20100219/procurement">
    <proc:LineItem quantityUnits="Each" unitCostUnits="Millions" totalCostUnits="Millions" manufacturerRateUnits="Yearly">
        <proc:LineItemNumber>C01200</proc:LineItemNumber>
        <proc:LineItemTitle>C-12</proc:LineItemTitle>
        <proc:P1LineNumber>64</proc:P1LineNumber>
        <proc:BudgetYear>2026</proc:BudgetYear>
        <proc:BudgetCycle>PB</proc:BudgetCycle>
        <proc:SubmissionDate>2025-06</proc:SubmissionDate>
        <proc:ServiceAgencyName>Air Force</proc:ServiceAgencyName>
        <proc:AppropriationNumber>3010F</proc:AppropriationNumber>
        <proc:AppropriationTitle>Aircraft Procurement, Air Force</proc:AppropriationTitle>
        <proc:BudgetActivityNumber>5</proc:BudgetActivityNumber>
        <proc:BudgetActivityTitle>Modification of Inservice Aircraft</proc:BudgetActivityTitle>
        <proc:BudgetSubActivityNumber>5</proc:BudgetSubActivityNumber>
        <proc:BudgetSubActivityTitle>Other Aircraft</proc:BudgetSubActivityTitle>
        <proc:ResourceSummary>
            <proc:TotalCost>
                <proc:AllPriorYears>20.678</proc:AllPriorYears>
                <proc:PriorYear>0.446</proc:PriorYear>
                <proc:CurrentYear>0</proc:CurrentYear>
                <proc:BudgetYearOneBase>0</proc:BudgetYearOneBase>
                <proc:BudgetYearOne>0</proc:BudgetYearOne>
            </proc:TotalCost>
            <proc:NetProcurementP1>
                <proc:AllPriorYears>20.678</proc:AllPriorYears>
                <proc:PriorYear>0.446</proc:PriorYear>
                <proc:CurrentYear>0</proc:CurrentYear>
                <proc:BudgetYearOneBase>0</proc:BudgetYearOneBase>
                <proc:BudgetYearOne>0</proc:BudgetYearOne>
            </proc:NetProcurementP1>
            <proc:TotalObligationAuthority>
                <proc:AllPriorYears>20.678</proc:AllPriorYears>
                <proc:PriorYear>0.446</proc:PriorYear>
                <proc:CurrentYear>0</proc:CurrentYear>
                <proc:BudgetYearOneBase>0</proc:BudgetYearOneBase>
                <proc:BudgetYearOne>0</proc:BudgetYearOne>
            </proc:TotalObligationAuthority>
        </proc:ResourceSummary>
        <proc:Code>B</proc:Code>
        <proc:CodeBProgramElementList>
            <proc:ProgramElementNumber>0401314F</proc:ProgramElementNumber>
        </proc:CodeBProgramElementList>
        <proc:OtherRelatedProgramElementList>
            <proc:ProgramElementNumber>0401314F</proc:ProgramElementNumber>
            <proc:ProgramElementNumber>0604759F</proc:ProgramElementNumber>
        </proc:OtherRelatedProgramElementList>
        <proc:Description>This line item supports thirty (30) C-12 C/D/F/J aircraft, commercial equivalent to the Beechcraft Super King Air. The C-12 is a twin turboprop, support-airlift aircraft used to transport cargo and passengers over medium distances. The design service life is 30,000 hours with 17,200 remaining on the C-model (16), 12,200 hours remaining on the D-model (6), 15,000 on the F-model (3), 11,750 on the J-model (4). The soonest service life estimation is 2052.

Service bulletins and low-cost modifications are necessary for continuing Federal Aviation Administration certification while improving flight safety, reliability, and maintainability. Support funding for emerging modification requirements to support Program Management Administration, Advisory &amp; Assistance Services (A&amp;AS), system integration lab, trainers, equipment and other government costs.  

The Electronic Flight Instruments System (EFIS) incorporates mandated Communications, Navigation, Surveillance/Air Traffic Management (CNS/ATM) systems, Navigation Safety, and Global Positioning System (GPS) requirements and provides a capability for future upgrades.  EFIS will include new cockpit instruments, color radar and upgraded CNS/ATM systems to meet these requirements.  

Funding may be used to address diminishing manufacturing sources issues, and to support program management administration and advisory and assistance services.

In FY 2026, BLI C01200, C-12, efforts were transferred to BLI OSAEA0, OSA-EA Modifications, in order to consolidate Budget Line Items for increased funding flexibility.</proc:Description>
        <proc:Justification>No FY 2026 funding requested.</proc:Justification>
        <proc:DocumentAssemblyOptions>
            <proc:p40AItemScheduleSetting>expandItemSuppressExhibit</proc:p40AItemScheduleSetting>
        </proc:DocumentAssemblyOptions>
    </proc:LineItem>
</proc:LineItemList>