<?xml version="1.0" encoding="UTF-8"?>
<proc:LineItemList xmlns:proc="http://www.dtic.mil/comptroller/xml/schema/20100219/procurement">
    <proc:LineItem quantityUnits="Each" unitCostUnits="Millions" totalCostUnits="Millions" manufacturerRateUnits="Yearly">
        <proc:LineItemNumber>C03200</proc:LineItemNumber>
        <proc:LineItemTitle>C-32A</proc:LineItemTitle>
        <proc:P1LineNumber>54</proc:P1LineNumber>
        <proc:BudgetYear>2026</proc:BudgetYear>
        <proc:BudgetCycle>PB</proc:BudgetCycle>
        <proc:SubmissionDate>2025-06</proc:SubmissionDate>
        <proc:ServiceAgencyName>Air Force</proc:ServiceAgencyName>
        <proc:AppropriationNumber>3010F</proc:AppropriationNumber>
        <proc:AppropriationTitle>Aircraft Procurement, Air Force</proc:AppropriationTitle>
        <proc:BudgetActivityNumber>5</proc:BudgetActivityNumber>
        <proc:BudgetActivityTitle>Modification of Inservice Aircraft</proc:BudgetActivityTitle>
        <proc:BudgetSubActivityNumber>3</proc:BudgetSubActivityNumber>
        <proc:BudgetSubActivityTitle>Airlift Aircraft</proc:BudgetSubActivityTitle>
        <proc:ResourceSummary>
            <proc:TotalCost>
                <proc:AllPriorYears>249.929</proc:AllPriorYears>
                <proc:PriorYear>19.06</proc:PriorYear>
                <proc:CurrentYear>6.422</proc:CurrentYear>
                <proc:BudgetYearOneBase>0</proc:BudgetYearOneBase>
                <proc:BudgetYearOne>0</proc:BudgetYearOne>
            </proc:TotalCost>
            <proc:NetProcurementP1>
                <proc:AllPriorYears>249.929</proc:AllPriorYears>
                <proc:PriorYear>19.06</proc:PriorYear>
                <proc:CurrentYear>6.422</proc:CurrentYear>
                <proc:BudgetYearOneBase>0</proc:BudgetYearOneBase>
                <proc:BudgetYearOne>0</proc:BudgetYearOne>
            </proc:NetProcurementP1>
            <proc:TotalObligationAuthority>
                <proc:AllPriorYears>249.929</proc:AllPriorYears>
                <proc:PriorYear>19.06</proc:PriorYear>
                <proc:CurrentYear>6.422</proc:CurrentYear>
                <proc:BudgetYearOneBase>0</proc:BudgetYearOneBase>
                <proc:BudgetYearOne>0</proc:BudgetYearOne>
            </proc:TotalObligationAuthority>
        </proc:ResourceSummary>
        <proc:Code>B</proc:Code>
        <proc:CodeBProgramElementList>
            <proc:ProgramElementNumber>0401314F</proc:ProgramElementNumber>
        </proc:CodeBProgramElementList>
        <proc:OtherRelatedProgramElementList>
            <proc:ProgramElementNumber>0504314F</proc:ProgramElementNumber>
        </proc:OtherRelatedProgramElementList>
        <proc:SecondaryDistribution>
            <proc:ComponentList>
                <proc:Component>
                    <proc:Name>Air Force Active</proc:Name>
                    <proc:Cost>
                        <proc:TotalCost>
                            <proc:PriorYear>19.06</proc:PriorYear>
                            <proc:CurrentYear>6.422</proc:CurrentYear>
                        </proc:TotalCost>
                    </proc:Cost>
                </proc:Component>
            </proc:ComponentList>
            <proc:TotalCost>
                <proc:TotalCost>
                    <proc:PriorYear>19.06</proc:PriorYear>
                    <proc:CurrentYear>6.422</proc:CurrentYear>
                </proc:TotalCost>
            </proc:TotalCost>
        </proc:SecondaryDistribution>
        <proc:Description>This line item funds all aircraft modifications for four (4) C-32A aircraft, a commercial derivative of the Boeing 757-200.  The C-32A is a twin-engine, turbofan aircraft used to transport high-ranking United States government officials worldwide.  The C-32 is expected to be in service until 2038, with an average of 13 years of service remaining. This funding may include emerging modification requirements to support Program Support Costs (PSC), Advisory and Assistance Services (A&amp;AS), systems integration lab, trainers, equipment, other government costs, and Senior Leader Communications System modernization efforts.

Service bulletins and low cost modifications are necessary for continuing Federal Aviation Administration certification while improving flight safety, reliability, and maintainability of the C-32 fleet.

Funding may be used to address Diminishing Manufacturing Sources (DMS) issues.

Funding for this exhibit is contained in PEs 0401314F and 0504314F.

In FY 2026, BLI C03200, C-32, efforts were transferred to BLI OSAEA0, OSA-EA Modifications, in order to consolidate Budget Line Items for increased funding flexibility.</proc:Description>
        <proc:Justification>No FY 2026 funding requested.</proc:Justification>
        <proc:DocumentAssemblyOptions>
            <proc:p40AItemScheduleSetting>expandItemSuppressExhibit</proc:p40AItemScheduleSetting>
        </proc:DocumentAssemblyOptions>
    </proc:LineItem>
</proc:LineItemList>