<?xml version="1.0" encoding="UTF-8"?>
<proc:LineItemList xmlns:proc="http://www.dtic.mil/comptroller/xml/schema/20100219/procurement">
    <proc:LineItem quantityUnits="Each" unitCostUnits="Millions" totalCostUnits="Millions" manufacturerRateUnits="Yearly">
        <proc:LineItemNumber>E011A0</proc:LineItemNumber>
        <proc:LineItemTitle>E-11 BACN/HAG</proc:LineItemTitle>
        <proc:P1LineNumber>42</proc:P1LineNumber>
        <proc:BudgetYear>2026</proc:BudgetYear>
        <proc:BudgetCycle>PB</proc:BudgetCycle>
        <proc:SubmissionDate>2025-06</proc:SubmissionDate>
        <proc:ServiceAgencyName>Air Force</proc:ServiceAgencyName>
        <proc:AppropriationNumber>3010F</proc:AppropriationNumber>
        <proc:AppropriationTitle>Aircraft Procurement, Air Force</proc:AppropriationTitle>
        <proc:BudgetActivityNumber>5</proc:BudgetActivityNumber>
        <proc:BudgetActivityTitle>Modification of Inservice Aircraft</proc:BudgetActivityTitle>
        <proc:BudgetSubActivityNumber>2</proc:BudgetSubActivityNumber>
        <proc:BudgetSubActivityTitle>Tactical Aircraft</proc:BudgetSubActivityTitle>
        <proc:ResourceSummary>
            <proc:TotalCost>
                <proc:AllPriorYears>137.596</proc:AllPriorYears>
                <proc:PriorYear>56.923</proc:PriorYear>
                <proc:CurrentYear>76.139</proc:CurrentYear>
                <proc:BudgetYearOneBase>28.797</proc:BudgetYearOneBase>
                <proc:BudgetYearOne>28.797</proc:BudgetYearOne>
            </proc:TotalCost>
            <proc:NetProcurementP1>
                <proc:AllPriorYears>137.596</proc:AllPriorYears>
                <proc:PriorYear>56.923</proc:PriorYear>
                <proc:CurrentYear>76.139</proc:CurrentYear>
                <proc:BudgetYearOneBase>28.797</proc:BudgetYearOneBase>
                <proc:BudgetYearOne>28.797</proc:BudgetYearOne>
            </proc:NetProcurementP1>
            <proc:TotalObligationAuthority>
                <proc:AllPriorYears>137.596</proc:AllPriorYears>
                <proc:PriorYear>56.923</proc:PriorYear>
                <proc:CurrentYear>76.139</proc:CurrentYear>
                <proc:BudgetYearOneBase>28.797</proc:BudgetYearOneBase>
                <proc:BudgetYearOne>28.797</proc:BudgetYearOne>
            </proc:TotalObligationAuthority>
        </proc:ResourceSummary>
        <proc:Code>A</proc:Code>
        <proc:OtherRelatedProgramElementList>
            <proc:ProgramElementNumber>0207238F</proc:ProgramElementNumber>
        </proc:OtherRelatedProgramElementList>
        <proc:Description>Battlefield Airborne Communication Node (BACN) provides a Combatant Commander (CCDR) flexible, long-endurance, responsive airborne communications capability. BACN provides a dedicated airborne capability to conduct voice bridging/translation, Tactical Data Link (TDL) gateway, and TDL relay functions for beyond-line-of-sight (BLOS) data communications. Funding for this exhibit contained in PE 0207238F.

In accordance with Section 1815 of the FY 2008 National Defense Authorization Act (P.L. 110-181), this item is necessary for use by the active and reserve components of the Armed Forces for homeland defense mission, domestic emergency responses, and providing military support to civilian authorities.</proc:Description>
        <proc:Justification>BACN includes the payload, its host platforms, and associated ground systems. As mandates/ requirements emerge for new hardware and software capabilities that improve system performance, external time references, interoperability and open mission system technologies, BACN will host the integration of these and future emerging technologies, such as, but not limited to, Ka-Band Satellite Communications (SATCOM), Supplemental Type Certs (STC), and M-Code Military Global Positioning System (GPS).

Funding supports program support costs including but not limited to, A&amp;AS and assessments. The FY 2026 request was reduced by $0 for Advisory and Assistance Services to promote efficiencies and advance the policies of the Administration in alignment with Executive Order 14222, "Implementing the President's Department of Government Efficiency Cost Efficiency Initiative.

Funding will be used to address Diminishing Manufacturing Sources (DMS) issues and long lead procurement. This may include modifications required for enhanced capability and improvements to system reliability and maintainability. Safety of flight considerations, including but not limited to, performance, aircraft structural integrity, availability, and continuity of service requirements for long range reference, local area reference, and landing/ terminal reference. 

Funding will also be used to procure a flight simulator to support aircrew currency, mission profile training, and reduce reliance on industry-provided platform training. 

BACN aircraft platforms need to meet standardized avionics baseline and the production of all Supplemental Type Certificates of the most up to date configurations of the fleet. This effort includes Military GPS, Advanced Position, Navigation, and Timing (PNT) systems, communication systems/capabilities and any additional mandates levied on the BACN system and platforms. Funding will also be used for fulfillment of requirements in support of alteration, conversion, and modernization of the BACN fleet. 

FY2026 funding will procure installation kits for both M-Code Military GPS and Multifunctional Information Distribution System Joint Tactical Radio System (MIDS JTRS) Block Upgrade 3 (BU3). 

M-Code will provide significantly enhanced resilience against jamming and interference, reducing risks and ensuring continued aircraft and data link operational capability. This transition is mandated to replace the vulnerable P/Y code with the more secure M-Code system. By enabling successful mission accomplishment even in contested electromagnetic environments, M-Code allows for the reliable distribution of critical data under jamming conditions. This effort encompasses software development, integration, and deployment across all seven BACN aircraft. Each aircraft requires two M-Code units - one in the cockpit and one within the payload. These units comprise an Embedded GPS Inertial Navigation (EGI), an Antenna Electronics Unit (AEU), and a Controlled Reception Pattern Antenna (CRPA). Six M-Code units will be utilized during the Research and Development phase—two for the Global Express, two for the Global 6000, and two for additional test articles. The procurement phase will ultimately acquire 20 additional M-Code units: two for each of the remaining five aircraft, plus ten spares, resulting in a total of 26 EGIs, 26 AEUs, and 16 CRPAs.

MIDS JTRS BU3 is an ongoing effort to incorporate mandated Link 16 modernization that modifies the current BACN weapon system's payload and software with MIDS JTRS BU3 terminals.  This effort is driven by mandates to ensure the BACN fleet is at the forefront of Link 16 advancements. The BU3 upgrade enhances data exchange speeds, improves network performance, and enables the handling of more complex tactical information, such as advanced targeting data and real-time situational awareness. The first batch of terminals have been submitted for upgrade and there are five batches remaining.  Batch numbers are as follows (13, 10, 10, 10, 11, 7) for a total of 61 terminals.

Decrease from FY 2025 to FY 2026 is due to procurement of one flight simulator in FY 2025, with no requirement for further quantities in FY26.</proc:Justification>
        <proc:ItemExhibitList>
            <proc:P3AModificationItemGroup>
                <proc:ModificationTitle>E-11 Mods</proc:ModificationTitle>
                <proc:ModificationNumber>1</proc:ModificationNumber>
                <proc:ModificationType>Other</proc:ModificationType>
                <proc:ModelsAffectedList>
                    <proc:ModelAffected>E-11A</proc:ModelAffected>
                </proc:ModelsAffectedList>
                <proc:IdCode>A</proc:IdCode>
                <proc:ResourceSummary>
                    <proc:TotalCost>
                        <proc:AllPriorYears>137.596</proc:AllPriorYears>
                        <proc:PriorYear>56.923</proc:PriorYear>
                        <proc:CurrentYear>76.139</proc:CurrentYear>
                        <proc:BudgetYearOneBase>28.797</proc:BudgetYearOneBase>
                        <proc:BudgetYearOneOOC>0</proc:BudgetYearOneOOC>
                        <proc:BudgetYearOne>28.797</proc:BudgetYearOne>
                    </proc:TotalCost>
                    <proc:NetProcurementP1>
                        <proc:AllPriorYears>137.596</proc:AllPriorYears>
                        <proc:PriorYear>56.923</proc:PriorYear>
                        <proc:CurrentYear>76.139</proc:CurrentYear>
                        <proc:BudgetYearOneBase>28.797</proc:BudgetYearOneBase>
                        <proc:BudgetYearOneOOC>0</proc:BudgetYearOneOOC>
                        <proc:BudgetYearOne>28.797</proc:BudgetYearOne>
                    </proc:NetProcurementP1>
                    <proc:TotalObligationAuthority>
                        <proc:AllPriorYears>137.596</proc:AllPriorYears>
                        <proc:PriorYear>56.923</proc:PriorYear>
                        <proc:CurrentYear>76.139</proc:CurrentYear>
                        <proc:BudgetYearOneBase>28.797</proc:BudgetYearOneBase>
                        <proc:BudgetYearOneOOC>0</proc:BudgetYearOneOOC>
                        <proc:BudgetYearOne>28.797</proc:BudgetYearOne>
                    </proc:TotalObligationAuthority>
                </proc:ResourceSummary>
                <proc:RelatedProgramElementList>
                    <proc:ProgramElementNumber>0207238F</proc:ProgramElementNumber>
                </proc:RelatedProgramElementList>
                <proc:SupportCost>
                    <proc:CostElementList>
                        <proc:CostElement>
                            <proc:Name>PSC - Other Gov't Costs</proc:Name>
                            <proc:Cost>
                                <proc:TotalCost>
                                    <proc:AllPriorYears>14.508</proc:AllPriorYears>
                                    <proc:PriorYear>2.123</proc:PriorYear>
                                    <proc:CurrentYear>6.38</proc:CurrentYear>
                                    <proc:BudgetYearOneBase>0.801</proc:BudgetYearOneBase>
                                    <proc:BudgetYearOne>0.801</proc:BudgetYearOne>
                                </proc:TotalCost>
                            </proc:Cost>
                        </proc:CostElement>
                        <proc:CostElement>
                            <proc:Name>PSC - Contractor Services</proc:Name>
                            <proc:Cost>
                                <proc:TotalCost>
                                    <proc:AllPriorYears>5.432</proc:AllPriorYears>
                                    <proc:PriorYear>6.087</proc:PriorYear>
                                    <proc:CurrentYear>0.902</proc:CurrentYear>
                                    <proc:BudgetYearOneBase>2.244</proc:BudgetYearOneBase>
                                    <proc:BudgetYearOne>2.244</proc:BudgetYearOne>
                                </proc:TotalCost>
                            </proc:Cost>
                        </proc:CostElement>
                    </proc:CostElementList>
                    <proc:CategorySubtotal>
                        <proc:TotalCost>
                            <proc:AllPriorYears>19.94</proc:AllPriorYears>
                            <proc:PriorYear>8.21</proc:PriorYear>
                            <proc:CurrentYear>7.282</proc:CurrentYear>
                            <proc:BudgetYearOneBase>3.045</proc:BudgetYearOneBase>
                            <proc:BudgetYearOne>3.045</proc:BudgetYearOne>
                        </proc:TotalCost>
                    </proc:CategorySubtotal>
                </proc:SupportCost>
                <proc:ModificationItemList>
                    <proc:ModificationItem>
                        <proc:Title>ARC-210 Cockpit</proc:Title>
                        <proc:Procurement>
                            <proc:AKits>
                                <proc:Recurring>
                                    <proc:KitList>
                                        <proc:Kit>
                                            <proc:Name>ARC-210 Cockpit:INSTALL KITS Group A (Active)</proc:Name>
                                            <proc:Cost>
                                                <proc:Quantity>
                                                    <proc:AllPriorYears>1</proc:AllPriorYears>
                                                </proc:Quantity>
                                                <proc:TotalCost>
                                                    <proc:AllPriorYears>1.187</proc:AllPriorYears>
                                                </proc:TotalCost>
                                            </proc:Cost>
                                        </proc:Kit>
                                    </proc:KitList>
                                    <proc:CategorySubtotal>
                                        <proc:TotalCost>
                                            <proc:AllPriorYears>1.187</proc:AllPriorYears>
                                        </proc:TotalCost>
                                    </proc:CategorySubtotal>
                                </proc:Recurring>
                            </proc:AKits>
                            <proc:ManufacturerList>
                                <proc:Manufacturer>
                                    <proc:Name>Collins Aerospace</proc:Name>
                                    <proc:Location>Charlotte, NC</proc:Location>
                                    <proc:AdminLeadTimeAfterOct1InMonths>1</proc:AdminLeadTimeAfterOct1InMonths>
                                    <proc:ProductionLeadTimeAfterOct1InMonths>1</proc:ProductionLeadTimeAfterOct1InMonths>
                                </proc:Manufacturer>
                            </proc:ManufacturerList>
                            <proc:TotalCost>
                                <proc:TotalCost>
                                    <proc:AllPriorYears>1.187</proc:AllPriorYears>
                                </proc:TotalCost>
                            </proc:TotalCost>
                        </proc:Procurement>
                        <proc:Installation>
                            <proc:ImplementationMethodList>
                                <proc:ImplementationMethod>
                                    <proc:NonOrganicInstallation>
                                        <proc:ImplementationMethodName>Contractor Facility</proc:ImplementationMethodName>
                                        <proc:InstallationCost>
                                            <proc:AllPriorYears>
                                                <proc:Cost>
                                                    <proc:Quantity>
                                                        <proc:AllPriorYears>1</proc:AllPriorYears>
                                                    </proc:Quantity>
                                                    <proc:TotalCost>
                                                        <proc:AllPriorYears>0.839</proc:AllPriorYears>
                                                    </proc:TotalCost>
                                                </proc:Cost>
                                            </proc:AllPriorYears>
                                            <proc:Total>
                                                <proc:Cost>
                                                    <proc:Quantity>
                                                        <proc:AllPriorYears>1</proc:AllPriorYears>
                                                    </proc:Quantity>
                                                    <proc:TotalCost>
                                                        <proc:AllPriorYears>0.839</proc:AllPriorYears>
                                                    </proc:TotalCost>
                                                </proc:Cost>
                                            </proc:Total>
                                        </proc:InstallationCost>
                                        <proc:InstallationSchedule>
                                            <proc:In>
                                                <proc:AllPriorYears>1</proc:AllPriorYears>
                                            </proc:In>
                                            <proc:Out>
                                                <proc:AllPriorYears>1</proc:AllPriorYears>
                                            </proc:Out>
                                        </proc:InstallationSchedule>
                                    </proc:NonOrganicInstallation>
                                </proc:ImplementationMethod>
                            </proc:ImplementationMethodList>
                            <proc:TotalCost>
                                <proc:Quantity>
                                    <proc:AllPriorYears>1</proc:AllPriorYears>
                                </proc:Quantity>
                                <proc:TotalCost>
                                    <proc:AllPriorYears>0.839</proc:AllPriorYears>
                                </proc:TotalCost>
                            </proc:TotalCost>
                        </proc:Installation>
                    </proc:ModificationItem>
                    <proc:ModificationItem>
                        <proc:Title>ARC-210 Fleet Standardization</proc:Title>
                        <proc:Procurement>
                            <proc:AKits>
                                <proc:Recurring>
                                    <proc:KitList>
                                        <proc:Kit>
                                            <proc:Name>ARC-210 Fleet Standardization:INSTALL KITS Group A (Active)</proc:Name>
                                            <proc:Cost>
                                                <proc:Quantity>
                                                    <proc:PriorYear>1</proc:PriorYear>
                                                </proc:Quantity>
                                                <proc:TotalCost>
                                                    <proc:PriorYear>4.219</proc:PriorYear>
                                                </proc:TotalCost>
                                            </proc:Cost>
                                        </proc:Kit>
                                    </proc:KitList>
                                    <proc:CategorySubtotal>
                                        <proc:TotalCost>
                                            <proc:PriorYear>4.219</proc:PriorYear>
                                        </proc:TotalCost>
                                    </proc:CategorySubtotal>
                                </proc:Recurring>
                            </proc:AKits>
                            <proc:ManufacturerList>
                                <proc:Manufacturer>
                                    <proc:Name>TBD</proc:Name>
                                    <proc:Location>TBD</proc:Location>
                                    <proc:ContractDates>
                                        <proc:PriorYear>2024-01</proc:PriorYear>
                                    </proc:ContractDates>
                                    <proc:DeliveryDates>
                                        <proc:PriorYear>2024-02</proc:PriorYear>
                                    </proc:DeliveryDates>
                                    <proc:AdminLeadTimeAfterOct1InMonths>1</proc:AdminLeadTimeAfterOct1InMonths>
                                    <proc:ProductionLeadTimeAfterOct1InMonths>1</proc:ProductionLeadTimeAfterOct1InMonths>
                                </proc:Manufacturer>
                            </proc:ManufacturerList>
                            <proc:TotalCost>
                                <proc:TotalCost>
                                    <proc:PriorYear>4.219</proc:PriorYear>
                                </proc:TotalCost>
                            </proc:TotalCost>
                        </proc:Procurement>
                        <proc:Installation>
                            <proc:ImplementationMethodList>
                                <proc:ImplementationMethod>
                                    <proc:NonOrganicInstallation>
                                        <proc:ImplementationMethodName>Contractor Facility</proc:ImplementationMethodName>
                                        <proc:InstallationCost>
                                            <proc:PriorYear>
                                                <proc:Cost>
                                                    <proc:Quantity>
                                                        <proc:PriorYear>1</proc:PriorYear>
                                                    </proc:Quantity>
                                                    <proc:TotalCost>
                                                        <proc:PriorYear>3.254</proc:PriorYear>
                                                    </proc:TotalCost>
                                                </proc:Cost>
                                            </proc:PriorYear>
                                            <proc:Total>
                                                <proc:Cost>
                                                    <proc:Quantity>
                                                        <proc:PriorYear>1</proc:PriorYear>
                                                    </proc:Quantity>
                                                    <proc:TotalCost>
                                                        <proc:PriorYear>3.254</proc:PriorYear>
                                                    </proc:TotalCost>
                                                </proc:Cost>
                                            </proc:Total>
                                        </proc:InstallationCost>
                                        <proc:InstallationSchedule>
                                            <proc:In>
                                                <proc:AllPriorYears>0</proc:AllPriorYears>
                                                <proc:PriorYear>
                                                    <proc:FourthQuarter>1</proc:FourthQuarter>
                                                </proc:PriorYear>
                                            </proc:In>
                                            <proc:Out>
                                                <proc:AllPriorYears>0</proc:AllPriorYears>
                                                <proc:PriorYear>
                                                    <proc:FourthQuarter>1</proc:FourthQuarter>
                                                </proc:PriorYear>
                                            </proc:Out>
                                        </proc:InstallationSchedule>
                                    </proc:NonOrganicInstallation>
                                </proc:ImplementationMethod>
                            </proc:ImplementationMethodList>
                            <proc:TotalCost>
                                <proc:Quantity>
                                    <proc:PriorYear>1</proc:PriorYear>
                                </proc:Quantity>
                                <proc:TotalCost>
                                    <proc:PriorYear>3.254</proc:PriorYear>
                                </proc:TotalCost>
                            </proc:TotalCost>
                        </proc:Installation>
                    </proc:ModificationItem>
                    <proc:ModificationItem>
                        <proc:Title>BACN Payload</proc:Title>
                        <proc:Procurement>
                            <proc:AKits>
                                <proc:Recurring>
                                    <proc:KitList>
                                        <proc:Kit>
                                            <proc:Name>BACN Payload:INSTALL KITS Group A (Active)</proc:Name>
                                            <proc:Cost>
                                                <proc:Quantity>
                                                    <proc:AllPriorYears>1</proc:AllPriorYears>
                                                    <proc:PriorYear>1</proc:PriorYear>
                                                </proc:Quantity>
                                                <proc:TotalCost>
                                                    <proc:AllPriorYears>10.814</proc:AllPriorYears>
                                                    <proc:PriorYear>16.247</proc:PriorYear>
                                                </proc:TotalCost>
                                            </proc:Cost>
                                        </proc:Kit>
                                    </proc:KitList>
                                    <proc:CategorySubtotal>
                                        <proc:TotalCost>
                                            <proc:AllPriorYears>10.814</proc:AllPriorYears>
                                            <proc:PriorYear>16.247</proc:PriorYear>
                                        </proc:TotalCost>
                                    </proc:CategorySubtotal>
                                </proc:Recurring>
                            </proc:AKits>
                            <proc:ManufacturerList>
                                <proc:Manufacturer>
                                    <proc:Name>Northrop Grumman</proc:Name>
                                    <proc:Location>Various</proc:Location>
                                    <proc:ContractDates>
                                        <proc:PriorYear>2024-01</proc:PriorYear>
                                    </proc:ContractDates>
                                    <proc:DeliveryDates>
                                        <proc:PriorYear>2024-04</proc:PriorYear>
                                    </proc:DeliveryDates>
                                    <proc:AdminLeadTimeAfterOct1InMonths>3</proc:AdminLeadTimeAfterOct1InMonths>
                                    <proc:ProductionLeadTimeAfterOct1InMonths>3</proc:ProductionLeadTimeAfterOct1InMonths>
                                </proc:Manufacturer>
                            </proc:ManufacturerList>
                            <proc:TotalCost>
                                <proc:TotalCost>
                                    <proc:AllPriorYears>10.814</proc:AllPriorYears>
                                    <proc:PriorYear>16.247</proc:PriorYear>
                                </proc:TotalCost>
                            </proc:TotalCost>
                        </proc:Procurement>
                        <proc:Installation>
                            <proc:ImplementationMethodList>
                                <proc:ImplementationMethod>
                                    <proc:NonOrganicInstallation>
                                        <proc:ImplementationMethodName>Contractor Facility</proc:ImplementationMethodName>
                                        <proc:InstallationCost>
                                            <proc:AllPriorYears>
                                                <proc:Cost>
                                                    <proc:Quantity>
                                                        <proc:AllPriorYears>1</proc:AllPriorYears>
                                                    </proc:Quantity>
                                                    <proc:TotalCost>
                                                        <proc:AllPriorYears>3.604</proc:AllPriorYears>
                                                    </proc:TotalCost>
                                                </proc:Cost>
                                            </proc:AllPriorYears>
                                            <proc:PriorYear>
                                                <proc:Cost>
                                                    <proc:Quantity>
                                                        <proc:PriorYear>1</proc:PriorYear>
                                                    </proc:Quantity>
                                                    <proc:TotalCost>
                                                        <proc:PriorYear>0</proc:PriorYear>
                                                    </proc:TotalCost>
                                                </proc:Cost>
                                            </proc:PriorYear>
                                            <proc:Total>
                                                <proc:Cost>
                                                    <proc:Quantity>
                                                        <proc:AllPriorYears>1</proc:AllPriorYears>
                                                        <proc:PriorYear>1</proc:PriorYear>
                                                    </proc:Quantity>
                                                    <proc:TotalCost>
                                                        <proc:AllPriorYears>3.604</proc:AllPriorYears>
                                                        <proc:PriorYear>0</proc:PriorYear>
                                                    </proc:TotalCost>
                                                </proc:Cost>
                                            </proc:Total>
                                        </proc:InstallationCost>
                                        <proc:InstallationSchedule>
                                            <proc:In>
                                                <proc:AllPriorYears>1</proc:AllPriorYears>
                                                <proc:PriorYear>
                                                    <proc:ThirdQuarter>1</proc:ThirdQuarter>
                                                </proc:PriorYear>
                                            </proc:In>
                                            <proc:Out>
                                                <proc:AllPriorYears>1</proc:AllPriorYears>
                                                <proc:PriorYear>
                                                    <proc:ThirdQuarter>1</proc:ThirdQuarter>
                                                </proc:PriorYear>
                                            </proc:Out>
                                        </proc:InstallationSchedule>
                                    </proc:NonOrganicInstallation>
                                </proc:ImplementationMethod>
                            </proc:ImplementationMethodList>
                            <proc:TotalCost>
                                <proc:Quantity>
                                    <proc:AllPriorYears>1</proc:AllPriorYears>
                                    <proc:PriorYear>1</proc:PriorYear>
                                </proc:Quantity>
                                <proc:TotalCost>
                                    <proc:AllPriorYears>3.604</proc:AllPriorYears>
                                    <proc:PriorYear>0</proc:PriorYear>
                                </proc:TotalCost>
                            </proc:TotalCost>
                        </proc:Installation>
                    </proc:ModificationItem>
                    <proc:ModificationItem>
                        <proc:Title>E-11A IFF</proc:Title>
                        <proc:Procurement>
                            <proc:AKits>
                                <proc:Recurring>
                                    <proc:KitList>
                                        <proc:Kit>
                                            <proc:Name>E-11A IFF:INSTALL KITS Group A (Active)</proc:Name>
                                            <proc:Cost>
                                                <proc:Quantity>
                                                    <proc:AllPriorYears>3</proc:AllPriorYears>
                                                    <proc:PriorYear>1</proc:PriorYear>
                                                </proc:Quantity>
                                                <proc:TotalCost>
                                                    <proc:AllPriorYears>4.82</proc:AllPriorYears>
                                                    <proc:PriorYear>0.037</proc:PriorYear>
                                                </proc:TotalCost>
                                            </proc:Cost>
                                        </proc:Kit>
                                    </proc:KitList>
                                    <proc:CategorySubtotal>
                                        <proc:TotalCost>
                                            <proc:AllPriorYears>4.82</proc:AllPriorYears>
                                            <proc:PriorYear>0.037</proc:PriorYear>
                                        </proc:TotalCost>
                                    </proc:CategorySubtotal>
                                </proc:Recurring>
                            </proc:AKits>
                            <proc:ManufacturerList>
                                <proc:Manufacturer>
                                    <proc:Name>Northrop Grumman</proc:Name>
                                    <proc:Location>Various</proc:Location>
                                    <proc:ContractDates>
                                        <proc:PriorYear>2024-01</proc:PriorYear>
                                    </proc:ContractDates>
                                    <proc:DeliveryDates>
                                        <proc:PriorYear>2024-04</proc:PriorYear>
                                    </proc:DeliveryDates>
                                    <proc:AdminLeadTimeAfterOct1InMonths>3</proc:AdminLeadTimeAfterOct1InMonths>
                                    <proc:ProductionLeadTimeAfterOct1InMonths>3</proc:ProductionLeadTimeAfterOct1InMonths>
                                </proc:Manufacturer>
                            </proc:ManufacturerList>
                            <proc:TotalCost>
                                <proc:TotalCost>
                                    <proc:AllPriorYears>4.82</proc:AllPriorYears>
                                    <proc:PriorYear>0.037</proc:PriorYear>
                                </proc:TotalCost>
                            </proc:TotalCost>
                        </proc:Procurement>
                        <proc:Installation>
                            <proc:ImplementationMethodList>
                                <proc:ImplementationMethod>
                                    <proc:NonOrganicInstallation>
                                        <proc:ImplementationMethodName>Contractor Facility</proc:ImplementationMethodName>
                                        <proc:InstallationCost>
                                            <proc:AllPriorYears>
                                                <proc:Cost>
                                                    <proc:Quantity>
                                                        <proc:AllPriorYears>3</proc:AllPriorYears>
                                                    </proc:Quantity>
                                                    <proc:TotalCost>
                                                        <proc:AllPriorYears>1.482</proc:AllPriorYears>
                                                    </proc:TotalCost>
                                                </proc:Cost>
                                            </proc:AllPriorYears>
                                            <proc:PriorYear>
                                                <proc:Cost>
                                                    <proc:Quantity>
                                                        <proc:PriorYear>1</proc:PriorYear>
                                                    </proc:Quantity>
                                                    <proc:TotalCost>
                                                        <proc:PriorYear>0</proc:PriorYear>
                                                    </proc:TotalCost>
                                                </proc:Cost>
                                            </proc:PriorYear>
                                            <proc:Total>
                                                <proc:Cost>
                                                    <proc:Quantity>
                                                        <proc:AllPriorYears>3</proc:AllPriorYears>
                                                        <proc:PriorYear>1</proc:PriorYear>
                                                    </proc:Quantity>
                                                    <proc:TotalCost>
                                                        <proc:AllPriorYears>1.482</proc:AllPriorYears>
                                                        <proc:PriorYear>0</proc:PriorYear>
                                                    </proc:TotalCost>
                                                </proc:Cost>
                                            </proc:Total>
                                        </proc:InstallationCost>
                                        <proc:InstallationSchedule>
                                            <proc:In>
                                                <proc:AllPriorYears>3</proc:AllPriorYears>
                                                <proc:PriorYear>
                                                    <proc:FourthQuarter>1</proc:FourthQuarter>
                                                </proc:PriorYear>
                                            </proc:In>
                                            <proc:Out>
                                                <proc:AllPriorYears>3</proc:AllPriorYears>
                                                <proc:PriorYear>
                                                    <proc:FourthQuarter>1</proc:FourthQuarter>
                                                </proc:PriorYear>
                                            </proc:Out>
                                        </proc:InstallationSchedule>
                                    </proc:NonOrganicInstallation>
                                </proc:ImplementationMethod>
                            </proc:ImplementationMethodList>
                            <proc:TotalCost>
                                <proc:Quantity>
                                    <proc:AllPriorYears>3</proc:AllPriorYears>
                                    <proc:PriorYear>1</proc:PriorYear>
                                </proc:Quantity>
                                <proc:TotalCost>
                                    <proc:AllPriorYears>1.482</proc:AllPriorYears>
                                    <proc:PriorYear>0</proc:PriorYear>
                                </proc:TotalCost>
                            </proc:TotalCost>
                        </proc:Installation>
                    </proc:ModificationItem>
                    <proc:ModificationItem>
                        <proc:Title>E-11A MilGPS</proc:Title>
                        <proc:Procurement>
                            <proc:AKits>
                                <proc:Recurring>
                                    <proc:KitList>
                                        <proc:Kit>
                                            <proc:Name>E-11A MilGPS:INSTALL KITS Group A (Active)</proc:Name>
                                            <proc:Cost>
                                                <proc:Quantity>
                                                    <proc:AllPriorYears>2</proc:AllPriorYears>
                                                    <proc:PriorYear>1</proc:PriorYear>
                                                </proc:Quantity>
                                                <proc:TotalCost>
                                                    <proc:AllPriorYears>3.706</proc:AllPriorYears>
                                                    <proc:PriorYear>5.953</proc:PriorYear>
                                                </proc:TotalCost>
                                            </proc:Cost>
                                        </proc:Kit>
                                    </proc:KitList>
                                    <proc:CategorySubtotal>
                                        <proc:TotalCost>
                                            <proc:AllPriorYears>3.706</proc:AllPriorYears>
                                            <proc:PriorYear>5.953</proc:PriorYear>
                                        </proc:TotalCost>
                                    </proc:CategorySubtotal>
                                </proc:Recurring>
                            </proc:AKits>
                            <proc:ManufacturerList>
                                <proc:Manufacturer>
                                    <proc:Name>Northrop Grumman</proc:Name>
                                    <proc:Location>Various</proc:Location>
                                    <proc:ContractDates>
                                        <proc:PriorYear>2024-06</proc:PriorYear>
                                    </proc:ContractDates>
                                    <proc:DeliveryDates>
                                        <proc:PriorYear>2024-09</proc:PriorYear>
                                    </proc:DeliveryDates>
                                    <proc:AdminLeadTimeAfterOct1InMonths>3</proc:AdminLeadTimeAfterOct1InMonths>
                                    <proc:ProductionLeadTimeAfterOct1InMonths>3</proc:ProductionLeadTimeAfterOct1InMonths>
                                </proc:Manufacturer>
                            </proc:ManufacturerList>
                            <proc:TotalCost>
                                <proc:TotalCost>
                                    <proc:AllPriorYears>3.706</proc:AllPriorYears>
                                    <proc:PriorYear>5.953</proc:PriorYear>
                                </proc:TotalCost>
                            </proc:TotalCost>
                        </proc:Procurement>
                        <proc:Installation>
                            <proc:ImplementationMethodList>
                                <proc:ImplementationMethod>
                                    <proc:NonOrganicInstallation>
                                        <proc:ImplementationMethodName>Contractor Facility</proc:ImplementationMethodName>
                                        <proc:InstallationCost>
                                            <proc:AllPriorYears>
                                                <proc:Cost>
                                                    <proc:Quantity>
                                                        <proc:AllPriorYears>2</proc:AllPriorYears>
                                                        <proc:PriorYear>0</proc:PriorYear>
                                                        <proc:BudgetYearOneBase>0</proc:BudgetYearOneBase>
                                                        <proc:BudgetYearOne>0</proc:BudgetYearOne>
                                                    </proc:Quantity>
                                                    <proc:TotalCost>
                                                        <proc:AllPriorYears>1.235</proc:AllPriorYears>
                                                        <proc:PriorYear>0</proc:PriorYear>
                                                        <proc:BudgetYearOneBase>0</proc:BudgetYearOneBase>
                                                        <proc:BudgetYearOne>0</proc:BudgetYearOne>
                                                    </proc:TotalCost>
                                                </proc:Cost>
                                            </proc:AllPriorYears>
                                            <proc:PriorYear>
                                                <proc:Cost>
                                                    <proc:Quantity>
                                                        <proc:PriorYear>1</proc:PriorYear>
                                                        <proc:BudgetYearOneBase>0</proc:BudgetYearOneBase>
                                                        <proc:BudgetYearOne>0</proc:BudgetYearOne>
                                                    </proc:Quantity>
                                                    <proc:TotalCost>
                                                        <proc:PriorYear>0</proc:PriorYear>
                                                        <proc:BudgetYearOneBase>0</proc:BudgetYearOneBase>
                                                        <proc:BudgetYearOne>0</proc:BudgetYearOne>
                                                    </proc:TotalCost>
                                                </proc:Cost>
                                            </proc:PriorYear>
                                            <proc:Total>
                                                <proc:Cost>
                                                    <proc:Quantity>
                                                        <proc:AllPriorYears>2</proc:AllPriorYears>
                                                        <proc:PriorYear>1</proc:PriorYear>
                                                        <proc:BudgetYearOneBase>0</proc:BudgetYearOneBase>
                                                        <proc:BudgetYearOne>0</proc:BudgetYearOne>
                                                    </proc:Quantity>
                                                    <proc:TotalCost>
                                                        <proc:AllPriorYears>1.235</proc:AllPriorYears>
                                                        <proc:PriorYear>0</proc:PriorYear>
                                                        <proc:BudgetYearOneBase>0</proc:BudgetYearOneBase>
                                                        <proc:BudgetYearOne>0</proc:BudgetYearOne>
                                                    </proc:TotalCost>
                                                </proc:Cost>
                                            </proc:Total>
                                        </proc:InstallationCost>
                                        <proc:InstallationSchedule>
                                            <proc:In>
                                                <proc:AllPriorYears>2</proc:AllPriorYears>
                                                <proc:PriorYear>
                                                    <proc:ThirdQuarter>1</proc:ThirdQuarter>
                                                </proc:PriorYear>
                                            </proc:In>
                                            <proc:Out>
                                                <proc:AllPriorYears>2</proc:AllPriorYears>
                                                <proc:PriorYear>
                                                    <proc:ThirdQuarter>1</proc:ThirdQuarter>
                                                </proc:PriorYear>
                                            </proc:Out>
                                        </proc:InstallationSchedule>
                                    </proc:NonOrganicInstallation>
                                </proc:ImplementationMethod>
                            </proc:ImplementationMethodList>
                            <proc:TotalCost>
                                <proc:Quantity>
                                    <proc:AllPriorYears>2</proc:AllPriorYears>
                                    <proc:PriorYear>1</proc:PriorYear>
                                    <proc:BudgetYearOneBase>0</proc:BudgetYearOneBase>
                                    <proc:BudgetYearOne>0</proc:BudgetYearOne>
                                </proc:Quantity>
                                <proc:TotalCost>
                                    <proc:AllPriorYears>1.235</proc:AllPriorYears>
                                    <proc:PriorYear>0</proc:PriorYear>
                                    <proc:BudgetYearOneBase>0</proc:BudgetYearOneBase>
                                    <proc:BudgetYearOne>0</proc:BudgetYearOne>
                                </proc:TotalCost>
                            </proc:TotalCost>
                        </proc:Installation>
                    </proc:ModificationItem>
                    <proc:ModificationItem>
                        <proc:Title>Engines</proc:Title>
                        <proc:Procurement>
                            <proc:AKits>
                                <proc:Recurring>
                                    <proc:KitList>
                                        <proc:Kit>
                                            <proc:Name>Engines:INSTALL KITS Group A (Active)</proc:Name>
                                            <proc:Cost>
                                                <proc:Quantity>
                                                    <proc:AllPriorYears>4</proc:AllPriorYears>
                                                </proc:Quantity>
                                                <proc:TotalCost>
                                                    <proc:AllPriorYears>38.757</proc:AllPriorYears>
                                                </proc:TotalCost>
                                            </proc:Cost>
                                        </proc:Kit>
                                    </proc:KitList>
                                    <proc:CategorySubtotal>
                                        <proc:TotalCost>
                                            <proc:AllPriorYears>38.757</proc:AllPriorYears>
                                        </proc:TotalCost>
                                    </proc:CategorySubtotal>
                                </proc:Recurring>
                            </proc:AKits>
                            <proc:ManufacturerList>
                                <proc:Manufacturer>
                                    <proc:Name>Rolls Royce</proc:Name>
                                    <proc:Location>Various</proc:Location>
                                    <proc:AdminLeadTimeAfterOct1InMonths>3</proc:AdminLeadTimeAfterOct1InMonths>
                                    <proc:ProductionLeadTimeAfterOct1InMonths>3</proc:ProductionLeadTimeAfterOct1InMonths>
                                </proc:Manufacturer>
                            </proc:ManufacturerList>
                            <proc:TotalCost>
                                <proc:TotalCost>
                                    <proc:AllPriorYears>38.757</proc:AllPriorYears>
                                </proc:TotalCost>
                            </proc:TotalCost>
                        </proc:Procurement>
                        <proc:Installation>
                            <proc:ImplementationMethodList>
                                <proc:ImplementationMethod>
                                    <proc:NonOrganicInstallation>
                                        <proc:ImplementationMethodName>Contractor Facility</proc:ImplementationMethodName>
                                        <proc:InstallationCost>
                                            <proc:AllPriorYears>
                                                <proc:Cost>
                                                    <proc:Quantity>
                                                        <proc:AllPriorYears>4</proc:AllPriorYears>
                                                    </proc:Quantity>
                                                    <proc:TotalCost>
                                                        <proc:AllPriorYears>0</proc:AllPriorYears>
                                                    </proc:TotalCost>
                                                </proc:Cost>
                                            </proc:AllPriorYears>
                                            <proc:Total>
                                                <proc:Cost>
                                                    <proc:Quantity>
                                                        <proc:AllPriorYears>4</proc:AllPriorYears>
                                                    </proc:Quantity>
                                                    <proc:TotalCost>
                                                        <proc:AllPriorYears>0</proc:AllPriorYears>
                                                    </proc:TotalCost>
                                                </proc:Cost>
                                            </proc:Total>
                                        </proc:InstallationCost>
                                        <proc:InstallationSchedule>
                                            <proc:In>
                                                <proc:AllPriorYears>4</proc:AllPriorYears>
                                            </proc:In>
                                            <proc:Out>
                                                <proc:AllPriorYears>4</proc:AllPriorYears>
                                            </proc:Out>
                                        </proc:InstallationSchedule>
                                    </proc:NonOrganicInstallation>
                                </proc:ImplementationMethod>
                            </proc:ImplementationMethodList>
                            <proc:TotalCost>
                                <proc:Quantity>
                                    <proc:AllPriorYears>4</proc:AllPriorYears>
                                </proc:Quantity>
                                <proc:TotalCost>
                                    <proc:AllPriorYears>0</proc:AllPriorYears>
                                </proc:TotalCost>
                            </proc:TotalCost>
                        </proc:Installation>
                    </proc:ModificationItem>
                    <proc:ModificationItem>
                        <proc:Title>Flight Simulator</proc:Title>
                        <proc:Procurement>
                            <proc:AKits>
                                <proc:Recurring>
                                    <proc:KitList>
                                        <proc:Kit>
                                            <proc:Name>Flight Simulator:INSTALL KITS Group A (Active)</proc:Name>
                                            <proc:Cost>
                                                <proc:Quantity>
                                                    <proc:CurrentYear>1</proc:CurrentYear>
                                                </proc:Quantity>
                                                <proc:TotalCost>
                                                    <proc:CurrentYear>46.231</proc:CurrentYear>
                                                </proc:TotalCost>
                                            </proc:Cost>
                                        </proc:Kit>
                                    </proc:KitList>
                                    <proc:CategorySubtotal>
                                        <proc:TotalCost>
                                            <proc:CurrentYear>46.231</proc:CurrentYear>
                                        </proc:TotalCost>
                                    </proc:CategorySubtotal>
                                </proc:Recurring>
                            </proc:AKits>
                            <proc:ManufacturerList>
                                <proc:Manufacturer>
                                    <proc:Name>TBD</proc:Name>
                                    <proc:Location>TBD</proc:Location>
                                    <proc:ContractDates>
                                        <proc:CurrentYear>2024-12</proc:CurrentYear>
                                    </proc:ContractDates>
                                    <proc:DeliveryDates>
                                        <proc:CurrentYear>2025-09</proc:CurrentYear>
                                    </proc:DeliveryDates>
                                    <proc:AdminLeadTimeAfterOct1InMonths>1</proc:AdminLeadTimeAfterOct1InMonths>
                                    <proc:ProductionLeadTimeAfterOct1InMonths>9</proc:ProductionLeadTimeAfterOct1InMonths>
                                </proc:Manufacturer>
                            </proc:ManufacturerList>
                            <proc:TotalCost>
                                <proc:TotalCost>
                                    <proc:CurrentYear>46.231</proc:CurrentYear>
                                </proc:TotalCost>
                            </proc:TotalCost>
                        </proc:Procurement>
                        <proc:Installation>
                            <proc:ImplementationMethodList>
                                <proc:ImplementationMethod>
                                    <proc:NonOrganicInstallation>
                                        <proc:ImplementationMethodName>Contractor Facility</proc:ImplementationMethodName>
                                        <proc:InstallationCost>
                                            <proc:CurrentYear>
                                                <proc:Cost>
                                                    <proc:Quantity>
                                                        <proc:CurrentYear>1</proc:CurrentYear>
                                                    </proc:Quantity>
                                                    <proc:TotalCost>
                                                        <proc:CurrentYear>0</proc:CurrentYear>
                                                    </proc:TotalCost>
                                                </proc:Cost>
                                            </proc:CurrentYear>
                                            <proc:Total>
                                                <proc:Cost>
                                                    <proc:Quantity>
                                                        <proc:CurrentYear>1</proc:CurrentYear>
                                                    </proc:Quantity>
                                                    <proc:TotalCost>
                                                        <proc:CurrentYear>0</proc:CurrentYear>
                                                    </proc:TotalCost>
                                                </proc:Cost>
                                            </proc:Total>
                                        </proc:InstallationCost>
                                        <proc:InstallationSchedule>
                                            <proc:In>
                                                <proc:AllPriorYears>0</proc:AllPriorYears>
                                                <proc:CurrentYear>
                                                    <proc:FourthQuarter>1</proc:FourthQuarter>
                                                </proc:CurrentYear>
                                            </proc:In>
                                            <proc:Out>
                                                <proc:AllPriorYears>0</proc:AllPriorYears>
                                                <proc:CurrentYear>
                                                    <proc:FourthQuarter>1</proc:FourthQuarter>
                                                </proc:CurrentYear>
                                            </proc:Out>
                                        </proc:InstallationSchedule>
                                    </proc:NonOrganicInstallation>
                                </proc:ImplementationMethod>
                            </proc:ImplementationMethodList>
                            <proc:TotalCost>
                                <proc:Quantity>
                                    <proc:CurrentYear>1</proc:CurrentYear>
                                </proc:Quantity>
                                <proc:TotalCost>
                                    <proc:CurrentYear>0</proc:CurrentYear>
                                </proc:TotalCost>
                            </proc:TotalCost>
                        </proc:Installation>
                    </proc:ModificationItem>
                    <proc:ModificationItem>
                        <proc:Title>Ka SATCOM</proc:Title>
                        <proc:Procurement>
                            <proc:AKits>
                                <proc:Recurring>
                                    <proc:KitList>
                                        <proc:Kit>
                                            <proc:Name>Ka SATCOM:INSTALL KITS Group A (Active)</proc:Name>
                                            <proc:Cost>
                                                <proc:Quantity>
                                                    <proc:AllPriorYears>4</proc:AllPriorYears>
                                                </proc:Quantity>
                                                <proc:TotalCost>
                                                    <proc:AllPriorYears>5.794</proc:AllPriorYears>
                                                </proc:TotalCost>
                                            </proc:Cost>
                                        </proc:Kit>
                                    </proc:KitList>
                                    <proc:CategorySubtotal>
                                        <proc:TotalCost>
                                            <proc:AllPriorYears>5.794</proc:AllPriorYears>
                                        </proc:TotalCost>
                                    </proc:CategorySubtotal>
                                </proc:Recurring>
                            </proc:AKits>
                            <proc:ManufacturerList>
                                <proc:Manufacturer>
                                    <proc:Name>TBD</proc:Name>
                                    <proc:Location>TBD</proc:Location>
                                    <proc:AdminLeadTimeAfterOct1InMonths>1</proc:AdminLeadTimeAfterOct1InMonths>
                                    <proc:ProductionLeadTimeAfterOct1InMonths>1</proc:ProductionLeadTimeAfterOct1InMonths>
                                </proc:Manufacturer>
                            </proc:ManufacturerList>
                            <proc:TotalCost>
                                <proc:TotalCost>
                                    <proc:AllPriorYears>5.794</proc:AllPriorYears>
                                </proc:TotalCost>
                            </proc:TotalCost>
                        </proc:Procurement>
                        <proc:Installation>
                            <proc:ImplementationMethodList>
                                <proc:ImplementationMethod>
                                    <proc:NonOrganicInstallation>
                                        <proc:ImplementationMethodName>Contractor Facility</proc:ImplementationMethodName>
                                        <proc:InstallationCost>
                                            <proc:AllPriorYears>
                                                <proc:Cost>
                                                    <proc:Quantity>
                                                        <proc:AllPriorYears>4</proc:AllPriorYears>
                                                    </proc:Quantity>
                                                    <proc:TotalCost>
                                                        <proc:AllPriorYears>12.6</proc:AllPriorYears>
                                                    </proc:TotalCost>
                                                </proc:Cost>
                                            </proc:AllPriorYears>
                                            <proc:Total>
                                                <proc:Cost>
                                                    <proc:Quantity>
                                                        <proc:AllPriorYears>4</proc:AllPriorYears>
                                                    </proc:Quantity>
                                                    <proc:TotalCost>
                                                        <proc:AllPriorYears>12.6</proc:AllPriorYears>
                                                    </proc:TotalCost>
                                                </proc:Cost>
                                            </proc:Total>
                                        </proc:InstallationCost>
                                        <proc:InstallationSchedule>
                                            <proc:In>
                                                <proc:AllPriorYears>4</proc:AllPriorYears>
                                            </proc:In>
                                            <proc:Out>
                                                <proc:AllPriorYears>4</proc:AllPriorYears>
                                            </proc:Out>
                                        </proc:InstallationSchedule>
                                    </proc:NonOrganicInstallation>
                                </proc:ImplementationMethod>
                            </proc:ImplementationMethodList>
                            <proc:TotalCost>
                                <proc:Quantity>
                                    <proc:AllPriorYears>4</proc:AllPriorYears>
                                </proc:Quantity>
                                <proc:TotalCost>
                                    <proc:AllPriorYears>12.6</proc:AllPriorYears>
                                </proc:TotalCost>
                            </proc:TotalCost>
                        </proc:Installation>
                    </proc:ModificationItem>
                    <proc:ModificationItem>
                        <proc:Title>Low Cost Mods</proc:Title>
                        <proc:Procurement>
                            <proc:AKits>
                                <proc:Recurring>
                                    <proc:KitList>
                                        <proc:Kit>
                                            <proc:Name>Low Cost Mods:INSTALL KITS Group A (Active)</proc:Name>
                                            <proc:Cost>
                                                <proc:Quantity>
                                                    <proc:AllPriorYears>2</proc:AllPriorYears>
                                                </proc:Quantity>
                                                <proc:TotalCost>
                                                    <proc:AllPriorYears>7.18</proc:AllPriorYears>
                                                </proc:TotalCost>
                                            </proc:Cost>
                                        </proc:Kit>
                                    </proc:KitList>
                                    <proc:CategorySubtotal>
                                        <proc:TotalCost>
                                            <proc:AllPriorYears>7.18</proc:AllPriorYears>
                                        </proc:TotalCost>
                                    </proc:CategorySubtotal>
                                </proc:Recurring>
                            </proc:AKits>
                            <proc:ManufacturerList>
                                <proc:Manufacturer>
                                    <proc:Name>TBD</proc:Name>
                                    <proc:Location>Various</proc:Location>
                                    <proc:AdminLeadTimeAfterOct1InMonths>0</proc:AdminLeadTimeAfterOct1InMonths>
                                    <proc:ProductionLeadTimeAfterOct1InMonths>0</proc:ProductionLeadTimeAfterOct1InMonths>
                                </proc:Manufacturer>
                            </proc:ManufacturerList>
                            <proc:TotalCost>
                                <proc:TotalCost>
                                    <proc:AllPriorYears>7.18</proc:AllPriorYears>
                                </proc:TotalCost>
                            </proc:TotalCost>
                        </proc:Procurement>
                        <proc:Installation>
                            <proc:ImplementationMethodList>
                                <proc:ImplementationMethod>
                                    <proc:OrganicInstallation>
                                        <proc:ImplementationMethodName>Org/Intermediate</proc:ImplementationMethodName>
                                        <proc:InstallationQuantity>4</proc:InstallationQuantity>
                                    </proc:OrganicInstallation>
                                </proc:ImplementationMethod>
                            </proc:ImplementationMethodList>
                        </proc:Installation>
                    </proc:ModificationItem>
                    <proc:ModificationItem>
                        <proc:Title>M Code MilGPS</proc:Title>
                        <proc:Procurement>
                            <proc:AKits>
                                <proc:Recurring>
                                    <proc:KitList>
                                        <proc:Kit>
                                            <proc:Name>M Code MilGPS:INSTALL KITS Group A (Active)</proc:Name>
                                            <proc:Cost>
                                                <proc:Quantity>
                                                    <proc:CurrentYear>1</proc:CurrentYear>
                                                    <proc:BudgetYearOneBase>2</proc:BudgetYearOneBase>
                                                    <proc:BudgetYearOne>2</proc:BudgetYearOne>
                                                </proc:Quantity>
                                                <proc:TotalCost>
                                                    <proc:CurrentYear>8.415</proc:CurrentYear>
                                                    <proc:BudgetYearOneBase>4.173</proc:BudgetYearOneBase>
                                                    <proc:BudgetYearOne>4.173</proc:BudgetYearOne>
                                                </proc:TotalCost>
                                            </proc:Cost>
                                        </proc:Kit>
                                    </proc:KitList>
                                    <proc:CategorySubtotal>
                                        <proc:TotalCost>
                                            <proc:CurrentYear>8.415</proc:CurrentYear>
                                            <proc:BudgetYearOneBase>4.173</proc:BudgetYearOneBase>
                                            <proc:BudgetYearOne>4.173</proc:BudgetYearOne>
                                        </proc:TotalCost>
                                    </proc:CategorySubtotal>
                                </proc:Recurring>
                            </proc:AKits>
                            <proc:ManufacturerList>
                                <proc:Manufacturer>
                                    <proc:Name>TBD</proc:Name>
                                    <proc:Location>TBD</proc:Location>
                                    <proc:ContractDates>
                                        <proc:CurrentYear>2025-02</proc:CurrentYear>
                                        <proc:BudgetYearOne>2026-01</proc:BudgetYearOne>
                                    </proc:ContractDates>
                                    <proc:DeliveryDates>
                                        <proc:CurrentYear>2025-03</proc:CurrentYear>
                                        <proc:BudgetYearOne>2026-02</proc:BudgetYearOne>
                                    </proc:DeliveryDates>
                                    <proc:AdminLeadTimeAfterOct1InMonths>1</proc:AdminLeadTimeAfterOct1InMonths>
                                    <proc:ProductionLeadTimeAfterOct1InMonths>1</proc:ProductionLeadTimeAfterOct1InMonths>
                                </proc:Manufacturer>
                            </proc:ManufacturerList>
                            <proc:TotalCost>
                                <proc:TotalCost>
                                    <proc:CurrentYear>8.415</proc:CurrentYear>
                                    <proc:BudgetYearOneBase>4.173</proc:BudgetYearOneBase>
                                    <proc:BudgetYearOne>4.173</proc:BudgetYearOne>
                                </proc:TotalCost>
                            </proc:TotalCost>
                        </proc:Procurement>
                        <proc:Installation>
                            <proc:ImplementationMethodList>
                                <proc:ImplementationMethod>
                                    <proc:NonOrganicInstallation>
                                        <proc:ImplementationMethodName>Contractor Facility</proc:ImplementationMethodName>
                                        <proc:InstallationCost>
                                            <proc:CurrentYear>
                                                <proc:Cost>
                                                    <proc:Quantity>
                                                        <proc:CurrentYear>1</proc:CurrentYear>
                                                    </proc:Quantity>
                                                    <proc:TotalCost>
                                                        <proc:CurrentYear>13.986</proc:CurrentYear>
                                                    </proc:TotalCost>
                                                </proc:Cost>
                                            </proc:CurrentYear>
                                            <proc:BudgetYearOne>
                                                <proc:Cost>
                                                    <proc:Quantity>
                                                        <proc:BudgetYearOneBase>2</proc:BudgetYearOneBase>
                                                        <proc:BudgetYearOne>2</proc:BudgetYearOne>
                                                    </proc:Quantity>
                                                    <proc:TotalCost>
                                                        <proc:BudgetYearOneBase>21.056</proc:BudgetYearOneBase>
                                                        <proc:BudgetYearOne>21.056</proc:BudgetYearOne>
                                                    </proc:TotalCost>
                                                </proc:Cost>
                                            </proc:BudgetYearOne>
                                            <proc:Total>
                                                <proc:Cost>
                                                    <proc:Quantity>
                                                        <proc:CurrentYear>1</proc:CurrentYear>
                                                        <proc:BudgetYearOneBase>2</proc:BudgetYearOneBase>
                                                        <proc:BudgetYearOne>2</proc:BudgetYearOne>
                                                    </proc:Quantity>
                                                    <proc:TotalCost>
                                                        <proc:CurrentYear>13.986</proc:CurrentYear>
                                                        <proc:BudgetYearOneBase>21.056</proc:BudgetYearOneBase>
                                                        <proc:BudgetYearOne>21.056</proc:BudgetYearOne>
                                                    </proc:TotalCost>
                                                </proc:Cost>
                                            </proc:Total>
                                        </proc:InstallationCost>
                                        <proc:InstallationSchedule>
                                            <proc:In>
                                                <proc:AllPriorYears>0</proc:AllPriorYears>
                                                <proc:CurrentYear>
                                                    <proc:ThirdQuarter>1</proc:ThirdQuarter>
                                                </proc:CurrentYear>
                                                <proc:BudgetYearOne>
                                                    <proc:SecondQuarter>2</proc:SecondQuarter>
                                                </proc:BudgetYearOne>
                                            </proc:In>
                                            <proc:Out>
                                                <proc:AllPriorYears>0</proc:AllPriorYears>
                                                <proc:CurrentYear>
                                                    <proc:ThirdQuarter>1</proc:ThirdQuarter>
                                                </proc:CurrentYear>
                                                <proc:BudgetYearOne>
                                                    <proc:SecondQuarter>2</proc:SecondQuarter>
                                                </proc:BudgetYearOne>
                                            </proc:Out>
                                        </proc:InstallationSchedule>
                                    </proc:NonOrganicInstallation>
                                </proc:ImplementationMethod>
                            </proc:ImplementationMethodList>
                            <proc:TotalCost>
                                <proc:Quantity>
                                    <proc:CurrentYear>1</proc:CurrentYear>
                                    <proc:BudgetYearOneBase>2</proc:BudgetYearOneBase>
                                    <proc:BudgetYearOne>2</proc:BudgetYearOne>
                                </proc:Quantity>
                                <proc:TotalCost>
                                    <proc:CurrentYear>13.986</proc:CurrentYear>
                                    <proc:BudgetYearOneBase>21.056</proc:BudgetYearOneBase>
                                    <proc:BudgetYearOne>21.056</proc:BudgetYearOne>
                                </proc:TotalCost>
                            </proc:TotalCost>
                        </proc:Installation>
                    </proc:ModificationItem>
                    <proc:ModificationItem>
                        <proc:Title>MIDS JTRS / BU3</proc:Title>
                        <proc:Procurement>
                            <proc:AKits>
                                <proc:Recurring>
                                    <proc:KitList>
                                        <proc:Kit>
                                            <proc:Name>MIDS JTRS / BU3:INSTALL KITS Group A (Active)</proc:Name>
                                            <proc:Cost>
                                                <proc:Quantity>
                                                    <proc:AllPriorYears>8</proc:AllPriorYears>
                                                    <proc:CurrentYear>1</proc:CurrentYear>
                                                    <proc:BudgetYearOneBase>1</proc:BudgetYearOneBase>
                                                    <proc:BudgetYearOne>1</proc:BudgetYearOne>
                                                </proc:Quantity>
                                                <proc:TotalCost>
                                                    <proc:AllPriorYears>3.664</proc:AllPriorYears>
                                                    <proc:CurrentYear>0.225</proc:CurrentYear>
                                                    <proc:BudgetYearOneBase>0.523</proc:BudgetYearOneBase>
                                                    <proc:BudgetYearOne>0.523</proc:BudgetYearOne>
                                                </proc:TotalCost>
                                            </proc:Cost>
                                        </proc:Kit>
                                    </proc:KitList>
                                    <proc:CategorySubtotal>
                                        <proc:TotalCost>
                                            <proc:AllPriorYears>3.664</proc:AllPriorYears>
                                            <proc:CurrentYear>0.225</proc:CurrentYear>
                                            <proc:BudgetYearOneBase>0.523</proc:BudgetYearOneBase>
                                            <proc:BudgetYearOne>0.523</proc:BudgetYearOne>
                                        </proc:TotalCost>
                                    </proc:CategorySubtotal>
                                </proc:Recurring>
                            </proc:AKits>
                            <proc:ManufacturerList>
                                <proc:Manufacturer>
                                    <proc:Name>TBD</proc:Name>
                                    <proc:Location>TBD</proc:Location>
                                    <proc:ContractDates>
                                        <proc:CurrentYear>2025-04</proc:CurrentYear>
                                        <proc:BudgetYearOne>2026-04</proc:BudgetYearOne>
                                    </proc:ContractDates>
                                    <proc:DeliveryDates>
                                        <proc:CurrentYear>2025-05</proc:CurrentYear>
                                        <proc:BudgetYearOne>2026-05</proc:BudgetYearOne>
                                    </proc:DeliveryDates>
                                    <proc:AdminLeadTimeAfterOct1InMonths>1</proc:AdminLeadTimeAfterOct1InMonths>
                                    <proc:ProductionLeadTimeAfterOct1InMonths>1</proc:ProductionLeadTimeAfterOct1InMonths>
                                </proc:Manufacturer>
                            </proc:ManufacturerList>
                            <proc:TotalCost>
                                <proc:TotalCost>
                                    <proc:AllPriorYears>3.664</proc:AllPriorYears>
                                    <proc:CurrentYear>0.225</proc:CurrentYear>
                                    <proc:BudgetYearOneBase>0.523</proc:BudgetYearOneBase>
                                    <proc:BudgetYearOne>0.523</proc:BudgetYearOne>
                                </proc:TotalCost>
                            </proc:TotalCost>
                        </proc:Procurement>
                        <proc:Installation>
                            <proc:ImplementationMethodList>
                                <proc:ImplementationMethod>
                                    <proc:OrganicInstallation>
                                        <proc:ImplementationMethodName>Org/Intermediate</proc:ImplementationMethodName>
                                        <proc:InstallationQuantity>10</proc:InstallationQuantity>
                                    </proc:OrganicInstallation>
                                </proc:ImplementationMethod>
                            </proc:ImplementationMethodList>
                        </proc:Installation>
                    </proc:ModificationItem>
                    <proc:ModificationItem>
                        <proc:Title>STCs / A-Kit for New E-11A</proc:Title>
                        <proc:Procurement>
                            <proc:AKits>
                                <proc:Recurring>
                                    <proc:KitList>
                                        <proc:Kit>
                                            <proc:Name>STCs / A-Kit for New E-11A:INSTALL KITS Group A (Active)</proc:Name>
                                            <proc:Cost>
                                                <proc:Quantity>
                                                    <proc:AllPriorYears>1</proc:AllPriorYears>
                                                    <proc:PriorYear>1</proc:PriorYear>
                                                </proc:Quantity>
                                                <proc:TotalCost>
                                                    <proc:AllPriorYears>16.481</proc:AllPriorYears>
                                                    <proc:PriorYear>6.82</proc:PriorYear>
                                                </proc:TotalCost>
                                            </proc:Cost>
                                        </proc:Kit>
                                    </proc:KitList>
                                    <proc:CategorySubtotal>
                                        <proc:TotalCost>
                                            <proc:AllPriorYears>16.481</proc:AllPriorYears>
                                            <proc:PriorYear>6.82</proc:PriorYear>
                                        </proc:TotalCost>
                                    </proc:CategorySubtotal>
                                </proc:Recurring>
                            </proc:AKits>
                            <proc:ManufacturerList>
                                <proc:Manufacturer>
                                    <proc:Name>TBD</proc:Name>
                                    <proc:Location>Various</proc:Location>
                                    <proc:ContractDates>
                                        <proc:PriorYear>2024-01</proc:PriorYear>
                                    </proc:ContractDates>
                                    <proc:DeliveryDates>
                                        <proc:PriorYear>2024-04</proc:PriorYear>
                                    </proc:DeliveryDates>
                                    <proc:AdminLeadTimeAfterOct1InMonths>3</proc:AdminLeadTimeAfterOct1InMonths>
                                    <proc:ProductionLeadTimeAfterOct1InMonths>3</proc:ProductionLeadTimeAfterOct1InMonths>
                                </proc:Manufacturer>
                            </proc:ManufacturerList>
                            <proc:TotalCost>
                                <proc:TotalCost>
                                    <proc:AllPriorYears>16.481</proc:AllPriorYears>
                                    <proc:PriorYear>6.82</proc:PriorYear>
                                </proc:TotalCost>
                            </proc:TotalCost>
                        </proc:Procurement>
                        <proc:Installation>
                            <proc:ImplementationMethodList>
                                <proc:ImplementationMethod>
                                    <proc:NonOrganicInstallation>
                                        <proc:ImplementationMethodName>Contractor Facility</proc:ImplementationMethodName>
                                        <proc:InstallationCost>
                                            <proc:AllPriorYears>
                                                <proc:Cost>
                                                    <proc:Quantity>
                                                        <proc:AllPriorYears>1</proc:AllPriorYears>
                                                    </proc:Quantity>
                                                    <proc:TotalCost>
                                                        <proc:AllPriorYears>5.493</proc:AllPriorYears>
                                                    </proc:TotalCost>
                                                </proc:Cost>
                                            </proc:AllPriorYears>
                                            <proc:PriorYear>
                                                <proc:Cost>
                                                    <proc:Quantity>
                                                        <proc:PriorYear>1</proc:PriorYear>
                                                    </proc:Quantity>
                                                    <proc:TotalCost>
                                                        <proc:PriorYear>12.183</proc:PriorYear>
                                                    </proc:TotalCost>
                                                </proc:Cost>
                                            </proc:PriorYear>
                                            <proc:Total>
                                                <proc:Cost>
                                                    <proc:Quantity>
                                                        <proc:AllPriorYears>1</proc:AllPriorYears>
                                                        <proc:PriorYear>1</proc:PriorYear>
                                                    </proc:Quantity>
                                                    <proc:TotalCost>
                                                        <proc:AllPriorYears>5.493</proc:AllPriorYears>
                                                        <proc:PriorYear>12.183</proc:PriorYear>
                                                    </proc:TotalCost>
                                                </proc:Cost>
                                            </proc:Total>
                                        </proc:InstallationCost>
                                        <proc:InstallationSchedule>
                                            <proc:In>
                                                <proc:AllPriorYears>1</proc:AllPriorYears>
                                                <proc:PriorYear>
                                                    <proc:FirstQuarter>1</proc:FirstQuarter>
                                                </proc:PriorYear>
                                            </proc:In>
                                            <proc:Out>
                                                <proc:AllPriorYears>1</proc:AllPriorYears>
                                                <proc:PriorYear>
                                                    <proc:FirstQuarter>1</proc:FirstQuarter>
                                                </proc:PriorYear>
                                            </proc:Out>
                                        </proc:InstallationSchedule>
                                    </proc:NonOrganicInstallation>
                                </proc:ImplementationMethod>
                            </proc:ImplementationMethodList>
                            <proc:TotalCost>
                                <proc:Quantity>
                                    <proc:AllPriorYears>1</proc:AllPriorYears>
                                    <proc:PriorYear>1</proc:PriorYear>
                                </proc:Quantity>
                                <proc:TotalCost>
                                    <proc:AllPriorYears>5.493</proc:AllPriorYears>
                                    <proc:PriorYear>12.183</proc:PriorYear>
                                </proc:TotalCost>
                            </proc:TotalCost>
                        </proc:Installation>
                    </proc:ModificationItem>
                </proc:ModificationItemList>
                <proc:ProcurementSubtotal>
                    <proc:TotalCost>
                        <proc:AllPriorYears>92.403</proc:AllPriorYears>
                        <proc:PriorYear>33.276</proc:PriorYear>
                        <proc:CurrentYear>54.871</proc:CurrentYear>
                        <proc:BudgetYearOneBase>4.696</proc:BudgetYearOneBase>
                        <proc:BudgetYearOne>4.696</proc:BudgetYearOne>
                    </proc:TotalCost>
                </proc:ProcurementSubtotal>
                <proc:InstallationSubtotal>
                    <proc:Quantity>
                        <proc:AllPriorYears>16</proc:AllPriorYears>
                        <proc:PriorYear>5</proc:PriorYear>
                        <proc:CurrentYear>2</proc:CurrentYear>
                        <proc:BudgetYearOneBase>2</proc:BudgetYearOneBase>
                        <proc:BudgetYearOne>2</proc:BudgetYearOne>
                    </proc:Quantity>
                    <proc:TotalCost>
                        <proc:AllPriorYears>25.253</proc:AllPriorYears>
                        <proc:PriorYear>15.437</proc:PriorYear>
                        <proc:CurrentYear>13.986</proc:CurrentYear>
                        <proc:BudgetYearOneBase>21.056</proc:BudgetYearOneBase>
                        <proc:BudgetYearOne>21.056</proc:BudgetYearOne>
                    </proc:TotalCost>
                </proc:InstallationSubtotal>
                <proc:Description>Battlefield Airborne Communication Node (BACN) provides a Combatant Commander (CCDR) flexible, long-endurance, responsive airborne communications capability. BACN provides a dedicated airborne capability to conduct voice bridging/translation, Tactical Data Link (TDL) gateway, emerging capabilities, and TDL relay functions for beyond-line-of-sight (BLOS) data communications.

BACN includes the payload, its host platforms, and associated ground systems. The program is currently in the Operations and Support (O&amp;S) Phase of the Life Cycle Management System. As requirements emerge for new hardware and software capabilities that improve system performance such as, external time references, interoperability and open mission system technologies.  BACN will host the integration of these and future communication technologies. This line item funds modifications and may be used to address Diminishing Manufacturing Sources (DMS) issues for the overall BACN E-11A weapon system to include but not limited to aircraft, payload, simulators, and training devices. Moreover, this may include modifications required for enhanced capability and improvements to system reliability and maintainability; safety of flight considerations, including but not limited to, performance, aircraft structural integrity, availability, and continuity of service requirements for long range reference, local area reference, and landing/terminal reference. This effort includes Military GPS, advanced navigation systems and any additional mandates levied on the BACN system and platforms. 

Funding supports procurement of BACN weapons system provisioning supplies necessary to execute the current and future BACN operations and support the BACN product strategy.

Funding supports program support costs including but not limited to, A&amp;AS and assessments.

FY2026 funding will procure installation kits for both M-Code Military GPS and Multifunctional Information Distribution System Joint Tactical Radio System (MIDS JTRS) Block Upgrade 3 (BU3).

M-Code will utilize both RDT&amp;E funding as well as APAF to provide significantly enhanced resilience against jamming and interference, reducing risks and ensuring continued aircraft and data link operational capability. This transition is mandated to replace the vulnerable P/Y code with the more secure M-Code system. By enabling successful mission accomplishment even in contested electromagnetic environments, M-Code allows for the reliable distribution of critical data under jamming conditions. This effort encompasses software development, integration, and deployment across all seven BACN aircraft. Each aircraft requires two M-Code units - one in the cockpit and one within the payload. These units comprise an Embedded GPS Inertial Navigation (EGI), an Antenna Electronics Unit (AEU), and a Controlled Reception Pattern Antenna (CRPA). Six M-Code units will be utilized during the Research and Development phase—two for the Global Express, two for the Global 6000, and two for additional test articles. The procurement phase will ultimately acquire 20 additional M-Code units: two for each of the remaining five aircraft, plus ten spares, resulting in a total of 26 EGIs, 26 AEUs, and 16 CRPAs.

The MIDS JTRS Block Upgrade 3 (BU3) effort will modernize the BACN's Link 16 capability. 
This ongoing effort is driven by mandates to ensure the BACN fleet remains at the forefront of Link 16 advancements. The BU3 upgrade significantly enhances data exchange speeds, improves overall network performance, and enables the handling of more complex tactical information, such as advanced targeting data and real-time situational awareness. This modernization provides a more robust and modern data link system, crucial for the effectiveness of military aircraft and other platforms operating in complex environments. 
The first batch of terminals have been submitted for upgrade and there are 5 batches remaining - batch amounts are as follows (13, 10, 10, 10, 11, 7) for a total of 61 total terminals. Based on the vendor times for each vendor (4-9 months), will be perform the upgrades in phases.

Milestone/Development Status

BACN is a post-Milestone C fielded system and in sustainment.</proc:Description>
            </proc:P3AModificationItemGroup>
        </proc:ItemExhibitList>
        <proc:DocumentAssemblyOptions>
            <proc:p40AItemScheduleSetting>expandItemSuppressExhibit</proc:p40AItemScheduleSetting>
        </proc:DocumentAssemblyOptions>
    </proc:LineItem>
</proc:LineItemList>