<?xml version="1.0" encoding="UTF-8"?>
<proc:LineItemList xmlns:proc="http://www.dtic.mil/comptroller/xml/schema/20100219/procurement">
    <proc:LineItem quantityUnits="Each" unitCostUnits="Millions" totalCostUnits="Millions" manufacturerRateUnits="Yearly">
        <proc:LineItemNumber>H0106O</proc:LineItemNumber>
        <proc:LineItemTitle>MH-139A</proc:LineItemTitle>
        <proc:P1LineNumber>19</proc:P1LineNumber>
        <proc:BudgetYear>2026</proc:BudgetYear>
        <proc:BudgetCycle>PB</proc:BudgetCycle>
        <proc:SubmissionDate>2025-06</proc:SubmissionDate>
        <proc:ServiceAgencyName>Air Force</proc:ServiceAgencyName>
        <proc:AppropriationNumber>3010F</proc:AppropriationNumber>
        <proc:AppropriationTitle>Aircraft Procurement, Air Force</proc:AppropriationTitle>
        <proc:BudgetActivityNumber>4</proc:BudgetActivityNumber>
        <proc:BudgetActivityTitle>Other Aircraft</proc:BudgetActivityTitle>
        <proc:BudgetSubActivityNumber>1</proc:BudgetSubActivityNumber>
        <proc:BudgetSubActivityTitle>Helicopters</proc:BudgetSubActivityTitle>
        <proc:ResourceSummary>
            <proc:Quantity>
                <proc:AllPriorYears>13</proc:AllPriorYears>
                <proc:PriorYear>7</proc:PriorYear>
                <proc:CurrentYear>8</proc:CurrentYear>
                <proc:BudgetYearOneBase>2</proc:BudgetYearOneBase>
                <proc:BudgetYearOne>2</proc:BudgetYearOne>
            </proc:Quantity>
            <proc:TotalCost>
                <proc:AllPriorYears>329.989</proc:AllPriorYears>
                <proc:PriorYear>223.201</proc:PriorYear>
                <proc:CurrentYear>279.095</proc:CurrentYear>
                <proc:BudgetYearOneBase>4.478</proc:BudgetYearOneBase>
                <proc:BudgetYearOne>4.478</proc:BudgetYearOne>
            </proc:TotalCost>
            <proc:UnitCost>
                <proc:AllPriorYears>25.384</proc:AllPriorYears>
                <proc:PriorYear>31.886</proc:PriorYear>
                <proc:CurrentYear>34.887</proc:CurrentYear>
                <proc:BudgetYearOneBase>2.239</proc:BudgetYearOneBase>
                <proc:BudgetYearOne>2.239</proc:BudgetYearOne>
            </proc:UnitCost>
            <proc:NetProcurementP1>
                <proc:AllPriorYears>329.989</proc:AllPriorYears>
                <proc:PriorYear>223.201</proc:PriorYear>
                <proc:CurrentYear>279.095</proc:CurrentYear>
                <proc:BudgetYearOneBase>4.478</proc:BudgetYearOneBase>
                <proc:BudgetYearOne>4.478</proc:BudgetYearOne>
            </proc:NetProcurementP1>
            <proc:TotalObligationAuthority>
                <proc:AllPriorYears>329.989</proc:AllPriorYears>
                <proc:PriorYear>223.201</proc:PriorYear>
                <proc:CurrentYear>279.095</proc:CurrentYear>
                <proc:BudgetYearOneBase>4.478</proc:BudgetYearOneBase>
                <proc:BudgetYearOne>4.478</proc:BudgetYearOne>
            </proc:TotalObligationAuthority>
            <proc:InitialSpares>
                <proc:AllPriorYears>11.253</proc:AllPriorYears>
                <proc:PriorYear>20.314</proc:PriorYear>
                <proc:CurrentYear>34.393</proc:CurrentYear>
                <proc:BudgetYearOneBase>4.905</proc:BudgetYearOneBase>
                <proc:BudgetYearOne>4.905</proc:BudgetYearOne>
            </proc:InitialSpares>
            <proc:FlyawayUnitCost>
                <proc:AllPriorYears>17.932</proc:AllPriorYears>
                <proc:PriorYear>19.795</proc:PriorYear>
                <proc:CurrentYear>18.081</proc:CurrentYear>
                <proc:BudgetYearOneBase>2.239</proc:BudgetYearOneBase>
                <proc:BudgetYearOne>2.239</proc:BudgetYearOne>
            </proc:FlyawayUnitCost>
        </proc:ResourceSummary>
        <proc:Code>B</proc:Code>
        <proc:CodeBProgramElementList>
            <proc:ProgramElementNumber>0102110F</proc:ProgramElementNumber>
        </proc:CodeBProgramElementList>
        <proc:OtherRelatedProgramElementList>
            <proc:ProgramElementNumber>0102110F</proc:ProgramElementNumber>
        </proc:OtherRelatedProgramElementList>
        <proc:Description>The MH-139A program will replace the Air Force fleet of UH-1N aircraft, which have significant capability gaps in speed, range, endurance, payload capacity, and aircraft self-protection. The program of record is 56 aircraft, including 8 total Aircrew Training Devices (ATDs), and associated support equipment. The replacement aircraft will provide a vertical airlift and support the requirements for Air Force Global Strike Command (AFGSC) and Air Force Reserve Command (AFRC). AFGSC is the Air Force lead command and operational capability requirements sponsor. This program is an element of the Air Force's nuclear enterprise reform initiatives.

This requirement supports the performance of a full financial audit as required by Title 10 U.S.C. Chapter 9A, Sec 240-D

Funding for this exhibit contained in PE 0102110F. Anticipated Milestone Dates are as follows: TDP: Jun 2025; IOT&amp;E: Jun 2025; FRP: Feb 2026

Section 1815 of the FY08 National Defense Authorization Act (P.L. 110-181) is necessary for active and reserve components of the Armed Forces for homeland defense missions, domestic emergency responses, and providing military support to civil authorities.

The FY 2026 request was reduced by $2.647 million for Advisory and Assistance Services to promote efficiencies and advance the policies of the Administration in alignment with Executive Order 14222, "Implementing the President's Department of Government Efficiency Cost Efficiency Initiative."

Funding can be utilized to resolve issues related to Diminishing Manufacturing Sources (DMS).

Depot Source Of Repair (DSOR) decision received Sep 2022. The decision outlines Fleet Readiness Center East for Dynamic and Structural hardware components; Ogden ALC, Warner Robbins ALC, and Oklahoma City ALC for LRU hardware and software; Warner Robins ALC for software sustainment; and finally, JBSA-Lackland for cryptographic hardware work. Additionally, the sustainment business case analysis shifted training systems to contractor performance. Depot gap analysis conducted in FY 2024-FY 2025; working with Item Managers to integrate common assets into existing depots in FY 2025 and activating hardware and software locations per DSOR.</proc:Description>
        <proc:Justification>The FY 2026 request for MH-139A includes $4,478 thousand of discretionary and $150,100 thousand of mandatory (reconciliation) for a total of $154,578 thousand. The mandatory funds production aircraft and associated training, equipment, depot, and support costs. Further information for this reconciliation request is provided in Section 20008 (Nuclear) of the Reconciliation Exhibit.

FY 2026 will procure the full-rate production lot of two (2) aircraft with associated training, support equipment, site activation support, other government costs, program support, depot activation, interim supply support, and interim contractor support.</proc:Justification>
        <proc:MDAPCode>562</proc:MDAPCode>
        <proc:ItemExhibitList>
            <proc:P5Item>
                <proc:Name>MH-139A</proc:Name>
                <proc:IdCode>B</proc:IdCode>
                <proc:Remarks>Depot Source Of Repair (DSOR) decision received Sep 2022. The decision outlines Fleet Readiness Center East for Dynamic and Structural hardware components; Ogden ALC, Warner Robbins ALC, and Oklahoma City ALC for LRU hardware and software; Warner Robins ALC for software sustainment; and finally, JBSA-Lackland for cryptographic hardware work. Additionally, the sustainment business case analysis shifted training systems to contractor performance. Depot gap analysis conducted in FY 2024-FY 2025; working with Item Managers to integrate common assets into existing depots in FY 2025 and activating hardware and software locations per DSOR.</proc:Remarks>
                <proc:ResourceSummary>
                    <proc:Quantity>
                        <proc:AllPriorYears>13</proc:AllPriorYears>
                        <proc:PriorYear>7</proc:PriorYear>
                        <proc:CurrentYear>8</proc:CurrentYear>
                        <proc:BudgetYearOneBase>2</proc:BudgetYearOneBase>
                        <proc:BudgetYearOne>2</proc:BudgetYearOne>
                    </proc:Quantity>
                    <proc:TotalCost>
                        <proc:AllPriorYears>329.989</proc:AllPriorYears>
                        <proc:PriorYear>223.201</proc:PriorYear>
                        <proc:CurrentYear>279.095</proc:CurrentYear>
                        <proc:BudgetYearOneBase>4.478</proc:BudgetYearOneBase>
                        <proc:BudgetYearOne>4.478</proc:BudgetYearOne>
                    </proc:TotalCost>
                    <proc:UnitCost>
                        <proc:AllPriorYears>25.384</proc:AllPriorYears>
                        <proc:PriorYear>31.886</proc:PriorYear>
                        <proc:CurrentYear>34.887</proc:CurrentYear>
                        <proc:BudgetYearOneBase>2.239</proc:BudgetYearOneBase>
                        <proc:BudgetYearOne>2.239</proc:BudgetYearOne>
                    </proc:UnitCost>
                    <proc:NetProcurementP1>
                        <proc:AllPriorYears>329.989</proc:AllPriorYears>
                        <proc:PriorYear>223.201</proc:PriorYear>
                        <proc:CurrentYear>279.095</proc:CurrentYear>
                        <proc:BudgetYearOneBase>4.478</proc:BudgetYearOneBase>
                        <proc:BudgetYearOne>4.478</proc:BudgetYearOne>
                    </proc:NetProcurementP1>
                    <proc:TotalObligationAuthority>
                        <proc:AllPriorYears>329.989</proc:AllPriorYears>
                        <proc:PriorYear>223.201</proc:PriorYear>
                        <proc:CurrentYear>279.095</proc:CurrentYear>
                        <proc:BudgetYearOneBase>4.478</proc:BudgetYearOneBase>
                        <proc:BudgetYearOne>4.478</proc:BudgetYearOne>
                    </proc:TotalObligationAuthority>
                    <proc:InitialSpares>
                        <proc:AllPriorYears>11.253</proc:AllPriorYears>
                        <proc:PriorYear>20.314</proc:PriorYear>
                        <proc:CurrentYear>34.393</proc:CurrentYear>
                        <proc:BudgetYearOneBase>4.905</proc:BudgetYearOneBase>
                        <proc:BudgetYearOne>4.905</proc:BudgetYearOne>
                    </proc:InitialSpares>
                </proc:ResourceSummary>
                <proc:CostElementCategoryList>
                    <proc:Flyaway>
                        <proc:Name>MH-139</proc:Name>
                        <proc:Recurring>
                            <proc:CostElementList>
                                <proc:CostElement>
                                    <proc:Name>Airframe/Contractor Furnished Equipment</proc:Name>
                                    <proc:Cost>
                                        <proc:Quantity>
                                            <proc:AllPriorYears>13</proc:AllPriorYears>
                                            <proc:PriorYear>7</proc:PriorYear>
                                            <proc:CurrentYear>8</proc:CurrentYear>
                                            <proc:BudgetYearOneBase>2</proc:BudgetYearOneBase>
                                            <proc:BudgetYearOne>2</proc:BudgetYearOne>
                                        </proc:Quantity>
                                        <proc:TotalCost>
                                            <proc:AllPriorYears>219.4</proc:AllPriorYears>
                                            <proc:PriorYear>125.3</proc:PriorYear>
                                            <proc:CurrentYear>132.024</proc:CurrentYear>
                                            <proc:BudgetYearOneBase>4.478</proc:BudgetYearOneBase>
                                            <proc:BudgetYearOne>4.478</proc:BudgetYearOne>
                                        </proc:TotalCost>
                                        <proc:UnitCost>
                                            <proc:AllPriorYears>16.877</proc:AllPriorYears>
                                            <proc:PriorYear>17.9</proc:PriorYear>
                                            <proc:CurrentYear>16.503</proc:CurrentYear>
                                            <proc:BudgetYearOneBase>2.239</proc:BudgetYearOneBase>
                                            <proc:BudgetYearOne>2.239</proc:BudgetYearOne>
                                        </proc:UnitCost>
                                    </proc:Cost>
                                    <proc:AllPriorYearsDeliveries>0</proc:AllPriorYearsDeliveries>
                                    <proc:ManufacturerList>
                                        <proc:Manufacturer>
                                            <proc:Name>Boeing</proc:Name>
                                            <proc:Location>Ridley Park, PA</proc:Location>
                                            <proc:MinimumSustainingRate>2.00</proc:MinimumSustainingRate>
                                            <proc:MaximumProductionRate>16.00</proc:MaximumProductionRate>
                                            <proc:Rate185>16.00</proc:Rate185>
                                            <proc:InitialQuantity>
                                                <proc:AdminLeadTimeBeforeOct1InMonths>6</proc:AdminLeadTimeBeforeOct1InMonths>
                                                <proc:AdminLeadTimeAfterOct1InMonths>6</proc:AdminLeadTimeAfterOct1InMonths>
                                                <proc:ProductionLeadTimeAfterOct1InMonths>20</proc:ProductionLeadTimeAfterOct1InMonths>
                                                <proc:TotalLeadTimeAfterOct1InMonths>26</proc:TotalLeadTimeAfterOct1InMonths>
                                            </proc:InitialQuantity>
                                            <proc:ReorderQuantity>
                                                <proc:AdminLeadTimeBeforeOct1InMonths>0</proc:AdminLeadTimeBeforeOct1InMonths>
                                                <proc:AdminLeadTimeAfterOct1InMonths>0</proc:AdminLeadTimeAfterOct1InMonths>
                                                <proc:ProductionLeadTimeAfterOct1InMonths>0</proc:ProductionLeadTimeAfterOct1InMonths>
                                                <proc:TotalLeadTimeAfterOct1InMonths>0</proc:TotalLeadTimeAfterOct1InMonths>
                                            </proc:ReorderQuantity>
                                            <proc:HistoryPlanningList>
                                                <proc:HistoryPlanning>
                                                    <proc:FiscalYear>2022</proc:FiscalYear>
                                                    <proc:PCOLocation>AFLCMC/WI - ISR &amp; SOF</proc:PCOLocation>
                                                    <proc:AwardDate>2023-03</proc:AwardDate>
                                                    <proc:FirstDeliveryDate>2024-10</proc:FirstDeliveryDate>
                                                    <proc:Quantity>8</proc:Quantity>
                                                    <proc:UnitCost>16.044</proc:UnitCost>
                                                    <proc:SpecsAvailableNow>false</proc:SpecsAvailableNow>
                                                    <proc:RevisionsAvailableDate>2023-01</proc:RevisionsAvailableDate>
                                                    <proc:RFPIssueDate>2017-07</proc:RFPIssueDate>
                                                    <proc:ContractMethod>C</proc:ContractMethod>
                                                    <proc:ContractType>FFP</proc:ContractType>
                                                    <proc:MonthlyDeliveryScheduleList>
                                                        <proc:MonthlyDeliverySchedule>
                                                            <proc:ServiceAgencyName>Air Force</proc:ServiceAgencyName>
                                                            <proc:ProcQuantity>8</proc:ProcQuantity>
                                                            <proc:MonthlyDeliveryList>
                                                                <proc:MonthlyDelivery>
                                                                    <proc:Month>2024-10</proc:Month>
                                                                    <proc:Amount>1</proc:Amount>
                                                                </proc:MonthlyDelivery>
                                                                <proc:MonthlyDelivery>
                                                                    <proc:Month>2024-11</proc:Month>
                                                                    <proc:Amount>1</proc:Amount>
                                                                </proc:MonthlyDelivery>
                                                                <proc:MonthlyDelivery>
                                                                    <proc:Month>2024-12</proc:Month>
                                                                    <proc:Amount>2</proc:Amount>
                                                                </proc:MonthlyDelivery>
                                                                <proc:MonthlyDelivery>
                                                                    <proc:Month>2025-01</proc:Month>
                                                                    <proc:Amount>1</proc:Amount>
                                                                </proc:MonthlyDelivery>
                                                                <proc:MonthlyDelivery>
                                                                    <proc:Month>2025-02</proc:Month>
                                                                    <proc:Amount>1</proc:Amount>
                                                                </proc:MonthlyDelivery>
                                                                <proc:MonthlyDelivery>
                                                                    <proc:Month>2025-03</proc:Month>
                                                                    <proc:Amount>1</proc:Amount>
                                                                </proc:MonthlyDelivery>
                                                                <proc:MonthlyDelivery>
                                                                    <proc:Month>2025-04</proc:Month>
                                                                    <proc:Amount>1</proc:Amount>
                                                                </proc:MonthlyDelivery>
                                                            </proc:MonthlyDeliveryList>
                                                        </proc:MonthlyDeliverySchedule>
                                                    </proc:MonthlyDeliveryScheduleList>
                                                    <proc:MonthlyDeliveryScheduleTotal>
                                                        <proc:ProcQuantity>8</proc:ProcQuantity>
                                                        <proc:MonthlyDeliveryList>
                                                            <proc:MonthlyDelivery>
                                                                <proc:Month>2024-10</proc:Month>
                                                                <proc:Amount>1</proc:Amount>
                                                            </proc:MonthlyDelivery>
                                                            <proc:MonthlyDelivery>
                                                                <proc:Month>2024-11</proc:Month>
                                                                <proc:Amount>1</proc:Amount>
                                                            </proc:MonthlyDelivery>
                                                            <proc:MonthlyDelivery>
                                                                <proc:Month>2024-12</proc:Month>
                                                                <proc:Amount>2</proc:Amount>
                                                            </proc:MonthlyDelivery>
                                                            <proc:MonthlyDelivery>
                                                                <proc:Month>2025-01</proc:Month>
                                                                <proc:Amount>1</proc:Amount>
                                                            </proc:MonthlyDelivery>
                                                            <proc:MonthlyDelivery>
                                                                <proc:Month>2025-02</proc:Month>
                                                                <proc:Amount>1</proc:Amount>
                                                            </proc:MonthlyDelivery>
                                                            <proc:MonthlyDelivery>
                                                                <proc:Month>2025-03</proc:Month>
                                                                <proc:Amount>1</proc:Amount>
                                                            </proc:MonthlyDelivery>
                                                            <proc:MonthlyDelivery>
                                                                <proc:Month>2025-04</proc:Month>
                                                                <proc:Amount>1</proc:Amount>
                                                            </proc:MonthlyDelivery>
                                                        </proc:MonthlyDeliveryList>
                                                    </proc:MonthlyDeliveryScheduleTotal>
                                                </proc:HistoryPlanning>
                                                <proc:HistoryPlanning>
                                                    <proc:FiscalYear>2023</proc:FiscalYear>
                                                    <proc:PCOLocation>AFLCMC/WI - ISR &amp; SOF</proc:PCOLocation>
                                                    <proc:AwardDate>2023-03</proc:AwardDate>
                                                    <proc:FirstDeliveryDate>2025-05</proc:FirstDeliveryDate>
                                                    <proc:Quantity>5</proc:Quantity>
                                                    <proc:UnitCost>18.210</proc:UnitCost>
                                                    <proc:SpecsAvailableNow>false</proc:SpecsAvailableNow>
                                                    <proc:RevisionsAvailableDate>2023-01</proc:RevisionsAvailableDate>
                                                    <proc:RFPIssueDate>2017-07</proc:RFPIssueDate>
                                                    <proc:ContractMethod>C</proc:ContractMethod>
                                                    <proc:ContractType>FFP</proc:ContractType>
                                                    <proc:MonthlyDeliveryScheduleList>
                                                        <proc:MonthlyDeliverySchedule>
                                                            <proc:ServiceAgencyName>Air Force</proc:ServiceAgencyName>
                                                            <proc:ProcQuantity>5</proc:ProcQuantity>
                                                            <proc:MonthlyDeliveryList>
                                                                <proc:MonthlyDelivery>
                                                                    <proc:Month>2025-05</proc:Month>
                                                                    <proc:Amount>1</proc:Amount>
                                                                </proc:MonthlyDelivery>
                                                                <proc:MonthlyDelivery>
                                                                    <proc:Month>2025-06</proc:Month>
                                                                    <proc:Amount>2</proc:Amount>
                                                                </proc:MonthlyDelivery>
                                                                <proc:MonthlyDelivery>
                                                                    <proc:Month>2025-08</proc:Month>
                                                                    <proc:Amount>2</proc:Amount>
                                                                </proc:MonthlyDelivery>
                                                            </proc:MonthlyDeliveryList>
                                                        </proc:MonthlyDeliverySchedule>
                                                    </proc:MonthlyDeliveryScheduleList>
                                                    <proc:MonthlyDeliveryScheduleTotal>
                                                        <proc:ProcQuantity>5</proc:ProcQuantity>
                                                        <proc:MonthlyDeliveryList>
                                                            <proc:MonthlyDelivery>
                                                                <proc:Month>2025-05</proc:Month>
                                                                <proc:Amount>1</proc:Amount>
                                                            </proc:MonthlyDelivery>
                                                            <proc:MonthlyDelivery>
                                                                <proc:Month>2025-06</proc:Month>
                                                                <proc:Amount>2</proc:Amount>
                                                            </proc:MonthlyDelivery>
                                                            <proc:MonthlyDelivery>
                                                                <proc:Month>2025-08</proc:Month>
                                                                <proc:Amount>2</proc:Amount>
                                                            </proc:MonthlyDelivery>
                                                        </proc:MonthlyDeliveryList>
                                                    </proc:MonthlyDeliveryScheduleTotal>
                                                </proc:HistoryPlanning>
                                                <proc:HistoryPlanning>
                                                    <proc:FiscalYear>2024</proc:FiscalYear>
                                                    <proc:PCOLocation>AFLCMC/WI - ISR &amp; SOF</proc:PCOLocation>
                                                    <proc:AwardDate>2024-03</proc:AwardDate>
                                                    <proc:FirstDeliveryDate>2025-11</proc:FirstDeliveryDate>
                                                    <proc:Quantity>7</proc:Quantity>
                                                    <proc:UnitCost>17.900</proc:UnitCost>
                                                    <proc:SpecsAvailableNow>false</proc:SpecsAvailableNow>
                                                    <proc:RevisionsAvailableDate>2023-03</proc:RevisionsAvailableDate>
                                                    <proc:RFPIssueDate>2017-07</proc:RFPIssueDate>
                                                    <proc:ContractMethod>C</proc:ContractMethod>
                                                    <proc:ContractType>FFP</proc:ContractType>
                                                    <proc:MonthlyDeliveryScheduleList>
                                                        <proc:MonthlyDeliverySchedule>
                                                            <proc:ServiceAgencyName>Air Force</proc:ServiceAgencyName>
                                                            <proc:ProcQuantity>7</proc:ProcQuantity>
                                                            <proc:MonthlyDeliveryList>
                                                                <proc:MonthlyDelivery>
                                                                    <proc:Month>2025-11</proc:Month>
                                                                    <proc:Amount>2</proc:Amount>
                                                                </proc:MonthlyDelivery>
                                                                <proc:MonthlyDelivery>
                                                                    <proc:Month>2025-12</proc:Month>
                                                                    <proc:Amount>1</proc:Amount>
                                                                </proc:MonthlyDelivery>
                                                                <proc:MonthlyDelivery>
                                                                    <proc:Month>2026-01</proc:Month>
                                                                    <proc:Amount>1</proc:Amount>
                                                                </proc:MonthlyDelivery>
                                                                <proc:MonthlyDelivery>
                                                                    <proc:Month>2026-02</proc:Month>
                                                                    <proc:Amount>1</proc:Amount>
                                                                </proc:MonthlyDelivery>
                                                                <proc:MonthlyDelivery>
                                                                    <proc:Month>2026-03</proc:Month>
                                                                    <proc:Amount>1</proc:Amount>
                                                                </proc:MonthlyDelivery>
                                                                <proc:MonthlyDelivery>
                                                                    <proc:Month>2026-04</proc:Month>
                                                                    <proc:Amount>1</proc:Amount>
                                                                </proc:MonthlyDelivery>
                                                            </proc:MonthlyDeliveryList>
                                                        </proc:MonthlyDeliverySchedule>
                                                    </proc:MonthlyDeliveryScheduleList>
                                                    <proc:MonthlyDeliveryScheduleTotal>
                                                        <proc:ProcQuantity>7</proc:ProcQuantity>
                                                        <proc:MonthlyDeliveryList>
                                                            <proc:MonthlyDelivery>
                                                                <proc:Month>2025-11</proc:Month>
                                                                <proc:Amount>2</proc:Amount>
                                                            </proc:MonthlyDelivery>
                                                            <proc:MonthlyDelivery>
                                                                <proc:Month>2025-12</proc:Month>
                                                                <proc:Amount>1</proc:Amount>
                                                            </proc:MonthlyDelivery>
                                                            <proc:MonthlyDelivery>
                                                                <proc:Month>2026-01</proc:Month>
                                                                <proc:Amount>1</proc:Amount>
                                                            </proc:MonthlyDelivery>
                                                            <proc:MonthlyDelivery>
                                                                <proc:Month>2026-02</proc:Month>
                                                                <proc:Amount>1</proc:Amount>
                                                            </proc:MonthlyDelivery>
                                                            <proc:MonthlyDelivery>
                                                                <proc:Month>2026-03</proc:Month>
                                                                <proc:Amount>1</proc:Amount>
                                                            </proc:MonthlyDelivery>
                                                            <proc:MonthlyDelivery>
                                                                <proc:Month>2026-04</proc:Month>
                                                                <proc:Amount>1</proc:Amount>
                                                            </proc:MonthlyDelivery>
                                                        </proc:MonthlyDeliveryList>
                                                    </proc:MonthlyDeliveryScheduleTotal>
                                                </proc:HistoryPlanning>
                                                <proc:HistoryPlanning>
                                                    <proc:FiscalYear>2025</proc:FiscalYear>
                                                    <proc:PCOLocation>AFLCMC/WI - ISR &amp; SOF</proc:PCOLocation>
                                                    <proc:AwardDate>2025-06</proc:AwardDate>
                                                    <proc:FirstDeliveryDate>2026-11</proc:FirstDeliveryDate>
                                                    <proc:Quantity>8</proc:Quantity>
                                                    <proc:UnitCost>16.503</proc:UnitCost>
                                                    <proc:SpecsAvailableNow>false</proc:SpecsAvailableNow>
                                                    <proc:RevisionsAvailableDate>2023-01</proc:RevisionsAvailableDate>
                                                    <proc:RFPIssueDate>2017-07</proc:RFPIssueDate>
                                                    <proc:ContractMethod>C</proc:ContractMethod>
                                                    <proc:ContractType>FFP</proc:ContractType>
                                                    <proc:MonthlyDeliveryScheduleList>
                                                        <proc:MonthlyDeliverySchedule>
                                                            <proc:ServiceAgencyName>Air Force</proc:ServiceAgencyName>
                                                            <proc:ProcQuantity>8</proc:ProcQuantity>
                                                            <proc:MonthlyDeliveryList>
                                                                <proc:MonthlyDelivery>
                                                                    <proc:Month>2026-11</proc:Month>
                                                                    <proc:Amount>1</proc:Amount>
                                                                </proc:MonthlyDelivery>
                                                                <proc:MonthlyDelivery>
                                                                    <proc:Month>2026-12</proc:Month>
                                                                    <proc:Amount>1</proc:Amount>
                                                                </proc:MonthlyDelivery>
                                                                <proc:MonthlyDelivery>
                                                                    <proc:Month>2027-01</proc:Month>
                                                                    <proc:Amount>1</proc:Amount>
                                                                </proc:MonthlyDelivery>
                                                                <proc:MonthlyDelivery>
                                                                    <proc:Month>2027-02</proc:Month>
                                                                    <proc:Amount>1</proc:Amount>
                                                                </proc:MonthlyDelivery>
                                                                <proc:MonthlyDelivery>
                                                                    <proc:Month>2027-03</proc:Month>
                                                                    <proc:Amount>1</proc:Amount>
                                                                </proc:MonthlyDelivery>
                                                                <proc:MonthlyDelivery>
                                                                    <proc:Month>2027-04</proc:Month>
                                                                    <proc:Amount>1</proc:Amount>
                                                                </proc:MonthlyDelivery>
                                                                <proc:MonthlyDelivery>
                                                                    <proc:Month>2027-05</proc:Month>
                                                                    <proc:Amount>1</proc:Amount>
                                                                </proc:MonthlyDelivery>
                                                                <proc:MonthlyDelivery>
                                                                    <proc:Month>2027-06</proc:Month>
                                                                    <proc:Amount>1</proc:Amount>
                                                                </proc:MonthlyDelivery>
                                                            </proc:MonthlyDeliveryList>
                                                        </proc:MonthlyDeliverySchedule>
                                                    </proc:MonthlyDeliveryScheduleList>
                                                    <proc:MonthlyDeliveryScheduleTotal>
                                                        <proc:ProcQuantity>8</proc:ProcQuantity>
                                                        <proc:MonthlyDeliveryList>
                                                            <proc:MonthlyDelivery>
                                                                <proc:Month>2026-11</proc:Month>
                                                                <proc:Amount>1</proc:Amount>
                                                            </proc:MonthlyDelivery>
                                                            <proc:MonthlyDelivery>
                                                                <proc:Month>2026-12</proc:Month>
                                                                <proc:Amount>1</proc:Amount>
                                                            </proc:MonthlyDelivery>
                                                            <proc:MonthlyDelivery>
                                                                <proc:Month>2027-01</proc:Month>
                                                                <proc:Amount>1</proc:Amount>
                                                            </proc:MonthlyDelivery>
                                                            <proc:MonthlyDelivery>
                                                                <proc:Month>2027-02</proc:Month>
                                                                <proc:Amount>1</proc:Amount>
                                                            </proc:MonthlyDelivery>
                                                            <proc:MonthlyDelivery>
                                                                <proc:Month>2027-03</proc:Month>
                                                                <proc:Amount>1</proc:Amount>
                                                            </proc:MonthlyDelivery>
                                                            <proc:MonthlyDelivery>
                                                                <proc:Month>2027-04</proc:Month>
                                                                <proc:Amount>1</proc:Amount>
                                                            </proc:MonthlyDelivery>
                                                            <proc:MonthlyDelivery>
                                                                <proc:Month>2027-05</proc:Month>
                                                                <proc:Amount>1</proc:Amount>
                                                            </proc:MonthlyDelivery>
                                                            <proc:MonthlyDelivery>
                                                                <proc:Month>2027-06</proc:Month>
                                                                <proc:Amount>1</proc:Amount>
                                                            </proc:MonthlyDelivery>
                                                        </proc:MonthlyDeliveryList>
                                                    </proc:MonthlyDeliveryScheduleTotal>
                                                </proc:HistoryPlanning>
                                                <proc:HistoryPlanning>
                                                    <proc:FiscalYear>2026</proc:FiscalYear>
                                                    <proc:PCOLocation>AFLCMC/WI - ISR &amp; SOF</proc:PCOLocation>
                                                    <proc:AwardDate>2026-03</proc:AwardDate>
                                                    <proc:FirstDeliveryDate>2027-11</proc:FirstDeliveryDate>
                                                    <proc:Quantity>2</proc:Quantity>
                                                    <proc:UnitCost>2.239</proc:UnitCost>
                                                    <proc:SpecsAvailableNow>false</proc:SpecsAvailableNow>
                                                    <proc:RevisionsAvailableDate>2023-01</proc:RevisionsAvailableDate>
                                                    <proc:RFPIssueDate>2017-07</proc:RFPIssueDate>
                                                    <proc:ContractMethod>C</proc:ContractMethod>
                                                    <proc:ContractType>FFP</proc:ContractType>
                                                    <proc:MonthlyDeliveryScheduleList>
                                                        <proc:MonthlyDeliverySchedule>
                                                            <proc:ServiceAgencyName>Air Force</proc:ServiceAgencyName>
                                                            <proc:ProcQuantity>2</proc:ProcQuantity>
                                                            <proc:MonthlyDeliveryList>
                                                                <proc:MonthlyDelivery>
                                                                    <proc:Month>2027-11</proc:Month>
                                                                    <proc:Amount>1</proc:Amount>
                                                                </proc:MonthlyDelivery>
                                                                <proc:MonthlyDelivery>
                                                                    <proc:Month>2027-12</proc:Month>
                                                                    <proc:Amount>1</proc:Amount>
                                                                </proc:MonthlyDelivery>
                                                            </proc:MonthlyDeliveryList>
                                                        </proc:MonthlyDeliverySchedule>
                                                    </proc:MonthlyDeliveryScheduleList>
                                                    <proc:MonthlyDeliveryScheduleTotal>
                                                        <proc:ProcQuantity>2</proc:ProcQuantity>
                                                        <proc:MonthlyDeliveryList>
                                                            <proc:MonthlyDelivery>
                                                                <proc:Month>2027-11</proc:Month>
                                                                <proc:Amount>1</proc:Amount>
                                                            </proc:MonthlyDelivery>
                                                            <proc:MonthlyDelivery>
                                                                <proc:Month>2027-12</proc:Month>
                                                                <proc:Amount>1</proc:Amount>
                                                            </proc:MonthlyDelivery>
                                                        </proc:MonthlyDeliveryList>
                                                    </proc:MonthlyDeliveryScheduleTotal>
                                                </proc:HistoryPlanning>
                                            </proc:HistoryPlanningList>
                                        </proc:Manufacturer>
                                    </proc:ManufacturerList>
                                </proc:CostElement>
                                <proc:CostElement>
                                    <proc:Name>Other Flyaway Costs</proc:Name>
                                    <proc:Cost>
                                        <proc:TotalCost>
                                            <proc:AllPriorYears>13.715</proc:AllPriorYears>
                                            <proc:PriorYear>13.263</proc:PriorYear>
                                            <proc:CurrentYear>12.625</proc:CurrentYear>
                                        </proc:TotalCost>
                                    </proc:Cost>
                                </proc:CostElement>
                            </proc:CostElementList>
                            <proc:CategorySubtotal>
                                <proc:TotalCost>
                                    <proc:AllPriorYears>233.115</proc:AllPriorYears>
                                    <proc:PriorYear>138.563</proc:PriorYear>
                                    <proc:CurrentYear>144.649</proc:CurrentYear>
                                    <proc:BudgetYearOneBase>4.478</proc:BudgetYearOneBase>
                                    <proc:BudgetYearOne>4.478</proc:BudgetYearOne>
                                </proc:TotalCost>
                            </proc:CategorySubtotal>
                        </proc:Recurring>
                        <proc:CategorySubtotal>
                            <proc:TotalCost>
                                <proc:AllPriorYears>233.115</proc:AllPriorYears>
                                <proc:PriorYear>138.563</proc:PriorYear>
                                <proc:CurrentYear>144.649</proc:CurrentYear>
                                <proc:BudgetYearOneBase>4.478</proc:BudgetYearOneBase>
                                <proc:BudgetYearOne>4.478</proc:BudgetYearOne>
                            </proc:TotalCost>
                        </proc:CategorySubtotal>
                    </proc:Flyaway>
                    <proc:Support>
                        <proc:CostElementList>
                            <proc:CostElement>
                                <proc:Name>Training</proc:Name>
                                <proc:Cost>
                                    <proc:TotalCost>
                                        <proc:AllPriorYears>51.6</proc:AllPriorYears>
                                        <proc:PriorYear>20.931</proc:PriorYear>
                                        <proc:CurrentYear>24.49</proc:CurrentYear>
                                    </proc:TotalCost>
                                </proc:Cost>
                            </proc:CostElement>
                            <proc:CostElement>
                                <proc:Name>Support Equipment</proc:Name>
                                <proc:Cost>
                                    <proc:TotalCost>
                                        <proc:AllPriorYears>17.908</proc:AllPriorYears>
                                        <proc:PriorYear>8.92</proc:PriorYear>
                                        <proc:CurrentYear>12.004</proc:CurrentYear>
                                    </proc:TotalCost>
                                </proc:Cost>
                            </proc:CostElement>
                            <proc:CostElement>
                                <proc:Name>Site Activation Support</proc:Name>
                                <proc:Cost>
                                    <proc:TotalCost>
                                        <proc:AllPriorYears>0.4</proc:AllPriorYears>
                                        <proc:PriorYear>0.445</proc:PriorYear>
                                        <proc:CurrentYear>0.426</proc:CurrentYear>
                                    </proc:TotalCost>
                                </proc:Cost>
                            </proc:CostElement>
                            <proc:CostElement>
                                <proc:Name>Other Government Costs</proc:Name>
                                <proc:Cost>
                                    <proc:TotalCost>
                                        <proc:AllPriorYears>9.737</proc:AllPriorYears>
                                        <proc:PriorYear>23.427</proc:PriorYear>
                                        <proc:CurrentYear>13.778</proc:CurrentYear>
                                    </proc:TotalCost>
                                </proc:Cost>
                            </proc:CostElement>
                            <proc:CostElement>
                                <proc:Name>Program Support Costs Contractor Services</proc:Name>
                                <proc:Cost>
                                    <proc:TotalCost>
                                        <proc:AllPriorYears>11.2</proc:AllPriorYears>
                                        <proc:PriorYear>13.255</proc:PriorYear>
                                        <proc:CurrentYear>11.806</proc:CurrentYear>
                                    </proc:TotalCost>
                                </proc:Cost>
                            </proc:CostElement>
                            <proc:CostElement>
                                <proc:Name>Depot Stand up Costs</proc:Name>
                                <proc:Cost>
                                    <proc:TotalCost>
                                        <proc:AllPriorYears>4</proc:AllPriorYears>
                                        <proc:PriorYear>3.993</proc:PriorYear>
                                        <proc:CurrentYear>38.021</proc:CurrentYear>
                                    </proc:TotalCost>
                                </proc:Cost>
                            </proc:CostElement>
                            <proc:CostElement>
                                <proc:Name>Interim Contractor Support</proc:Name>
                                <proc:Cost>
                                    <proc:TotalCost>
                                        <proc:AllPriorYears>2.029</proc:AllPriorYears>
                                        <proc:PriorYear>13.667</proc:PriorYear>
                                        <proc:CurrentYear>33.921</proc:CurrentYear>
                                    </proc:TotalCost>
                                </proc:Cost>
                            </proc:CostElement>
                        </proc:CostElementList>
                        <proc:CategorySubtotal>
                            <proc:TotalCost>
                                <proc:AllPriorYears>96.874</proc:AllPriorYears>
                                <proc:PriorYear>84.638</proc:PriorYear>
                                <proc:CurrentYear>134.446</proc:CurrentYear>
                            </proc:TotalCost>
                        </proc:CategorySubtotal>
                        <proc:Name>MH-139</proc:Name>
                    </proc:Support>
                </proc:CostElementCategoryList>
            </proc:P5Item>
        </proc:ItemExhibitList>
        <proc:DocumentAssemblyOptions>
            <proc:p40AItemScheduleSetting>expandItemSuppressExhibit</proc:p40AItemScheduleSetting>
        </proc:DocumentAssemblyOptions>
    </proc:LineItem>
</proc:LineItemList>