<?xml version="1.0" encoding="UTF-8"?>
<proc:LineItemList xmlns:proc="http://www.dtic.mil/comptroller/xml/schema/20100219/procurement">
    <proc:LineItem quantityUnits="Each" unitCostUnits="Millions" totalCostUnits="Millions" manufacturerRateUnits="Yearly">
        <proc:LineItemNumber>B00200</proc:LineItemNumber>
        <proc:LineItemTitle>B-2A</proc:LineItemTitle>
        <proc:P1LineNumber>36</proc:P1LineNumber>
        <proc:BudgetYear>2026</proc:BudgetYear>
        <proc:BudgetCycle>PB</proc:BudgetCycle>
        <proc:SubmissionDate>2025-06</proc:SubmissionDate>
        <proc:ServiceAgencyName>Air Force</proc:ServiceAgencyName>
        <proc:AppropriationNumber>3010F</proc:AppropriationNumber>
        <proc:AppropriationTitle>Aircraft Procurement, Air Force</proc:AppropriationTitle>
        <proc:BudgetActivityNumber>5</proc:BudgetActivityNumber>
        <proc:BudgetActivityTitle>Modification of Inservice Aircraft</proc:BudgetActivityTitle>
        <proc:BudgetSubActivityNumber>1</proc:BudgetSubActivityNumber>
        <proc:BudgetSubActivityTitle>Strategic Aircraft</proc:BudgetSubActivityTitle>
        <proc:ResourceSummary>
            <proc:TotalCost>
                <proc:AllPriorYears>305.105</proc:AllPriorYears>
                <proc:PriorYear>89.738</proc:PriorYear>
                <proc:CurrentYear>60.707</proc:CurrentYear>
                <proc:BudgetYearOneBase>76.906</proc:BudgetYearOneBase>
                <proc:BudgetYearOne>76.906</proc:BudgetYearOne>
            </proc:TotalCost>
            <proc:NetProcurementP1>
                <proc:AllPriorYears>305.105</proc:AllPriorYears>
                <proc:PriorYear>89.738</proc:PriorYear>
                <proc:CurrentYear>60.707</proc:CurrentYear>
                <proc:BudgetYearOneBase>76.906</proc:BudgetYearOneBase>
                <proc:BudgetYearOne>76.906</proc:BudgetYearOne>
            </proc:NetProcurementP1>
            <proc:TotalObligationAuthority>
                <proc:AllPriorYears>305.105</proc:AllPriorYears>
                <proc:PriorYear>89.738</proc:PriorYear>
                <proc:CurrentYear>60.707</proc:CurrentYear>
                <proc:BudgetYearOneBase>76.906</proc:BudgetYearOneBase>
                <proc:BudgetYearOne>76.906</proc:BudgetYearOne>
            </proc:TotalObligationAuthority>
        </proc:ResourceSummary>
        <proc:CodeBProgramElementList>
            <proc:ProgramElementNumber>0101127F</proc:ProgramElementNumber>
        </proc:CodeBProgramElementList>
        <proc:OtherRelatedProgramElementList>
            <proc:ProgramElementNumber>0101127F</proc:ProgramElementNumber>
        </proc:OtherRelatedProgramElementList>
        <proc:Description>The B-2 is a multi-engine, long range bomber incorporating low-observable ('stealth') technology that enables the B-2 to penetrate enemy air defenses and strike high-value targets.  Specific modifications, budgeted and programmed, are below.

Funding for the exhibit is primarily in PE 0101127F (B-2 Squadrons). Some trainer efforts are funded in PE 0809731F (Training Support to Units), and other efforts are funded under PE 0207446F (Bomber Tactical Data Link).

Funds may be used to resolve emerging safety of flight and diminishing manufacturing sources issues, accommodate technology insertion and fulfill FAA or other mandates necessary to ensure continued aircrew safety and mission effectiveness.</proc:Description>
        <proc:Justification>See individual P-3A's for FY26 PB Budget justification</proc:Justification>
        <proc:ItemExhibitList>
            <proc:P40AItemGroup>
                <proc:Name>B-2A</proc:Name>
                <proc:CategoryList>
                    <proc:Category>
                        <proc:ItemList>
                            <proc:Item>
                                <proc:Name>B-2 Trainer System Upgrade</proc:Name>
                                <proc:ItemNumber>110031</proc:ItemNumber>
                                <proc:ModificationType>Capability Improvement</proc:ModificationType>
                                <proc:ModelsAffectedList>
                                    <proc:ModelAffected>B-2</proc:ModelAffected>
                                </proc:ModelsAffectedList>
                                <proc:ResourceSummary>
                                    <proc:TotalCost>
                                        <proc:AllPriorYears>71.759</proc:AllPriorYears>
                                        <proc:PriorYear>14.586</proc:PriorYear>
                                        <proc:CurrentYear>13.982</proc:CurrentYear>
                                        <proc:BudgetYearOneBase>1.163</proc:BudgetYearOneBase>
                                        <proc:BudgetYearOne>1.163</proc:BudgetYearOne>
                                    </proc:TotalCost>
                                </proc:ResourceSummary>
                            </proc:Item>
                            <proc:Item>
                                <proc:Name>LINK 16/CID/IFR</proc:Name>
                                <proc:ItemNumber>110032</proc:ItemNumber>
                                <proc:ModificationType>Capability Improvement</proc:ModificationType>
                                <proc:ModelsAffectedList>
                                    <proc:ModelAffected>B-2</proc:ModelAffected>
                                </proc:ModelsAffectedList>
                                <proc:ResourceSummary>
                                    <proc:TotalCost>
                                        <proc:AllPriorYears>0.213</proc:AllPriorYears>
                                        <proc:PriorYear>0.216</proc:PriorYear>
                                        <proc:CurrentYear>0.221</proc:CurrentYear>
                                        <proc:BudgetYearOneBase>0.224</proc:BudgetYearOneBase>
                                        <proc:BudgetYearOne>0.224</proc:BudgetYearOne>
                                    </proc:TotalCost>
                                </proc:ResourceSummary>
                            </proc:Item>
                            <proc:Item>
                                <proc:Name>B-2 DMS / Displays</proc:Name>
                                <proc:ItemNumber>110044</proc:ItemNumber>
                                <proc:ModificationType>Capability Improvement</proc:ModificationType>
                                <proc:ModelsAffectedList>
                                    <proc:ModelAffected>B-2</proc:ModelAffected>
                                </proc:ModelsAffectedList>
                                <proc:ResourceSummary>
                                    <proc:TotalCost>
                                        <proc:AllPriorYears>33.114</proc:AllPriorYears>
                                        <proc:PriorYear>20.794</proc:PriorYear>
                                        <proc:CurrentYear>1.782</proc:CurrentYear>
                                        <proc:BudgetYearOneBase>3.834</proc:BudgetYearOneBase>
                                        <proc:BudgetYearOne>3.834</proc:BudgetYearOne>
                                    </proc:TotalCost>
                                </proc:ResourceSummary>
                            </proc:Item>
                            <proc:Item>
                                <proc:Name>MGUE</proc:Name>
                                <proc:ItemNumber>110057</proc:ItemNumber>
                                <proc:ModificationType>Capability Improvement</proc:ModificationType>
                                <proc:ModelsAffectedList>
                                    <proc:ModelAffected>B-2</proc:ModelAffected>
                                </proc:ModelsAffectedList>
                                <proc:ResourceSummary>
                                    <proc:TotalCost>
                                        <proc:AllPriorYears>23.894</proc:AllPriorYears>
                                    </proc:TotalCost>
                                </proc:ResourceSummary>
                            </proc:Item>
                            <proc:Item>
                                <proc:Name>Crash Survivable Memory Unit (CSMU)</proc:Name>
                                <proc:ItemNumber>110062</proc:ItemNumber>
                                <proc:ModificationType>Capability Improvement</proc:ModificationType>
                                <proc:ModelsAffectedList>
                                    <proc:ModelAffected>B-2A</proc:ModelAffected>
                                </proc:ModelsAffectedList>
                                <proc:ResourceSummary>
                                    <proc:TotalCost>
                                        <proc:PriorYear>0.539</proc:PriorYear>
                                    </proc:TotalCost>
                                </proc:ResourceSummary>
                            </proc:Item>
                            <proc:Item>
                                <proc:Name>B-2 Low Cost Engine Modifications</proc:Name>
                                <proc:ItemNumber>99999U</proc:ItemNumber>
                                <proc:ModificationType>Reliability &amp; Maintainability</proc:ModificationType>
                                <proc:ModelsAffectedList>
                                    <proc:ModelAffected>B-2</proc:ModelAffected>
                                </proc:ModelsAffectedList>
                                <proc:ResourceSummary>
                                    <proc:TotalCost>
                                        <proc:AllPriorYears>18.32</proc:AllPriorYears>
                                        <proc:PriorYear>0.803</proc:PriorYear>
                                        <proc:CurrentYear>0.825</proc:CurrentYear>
                                        <proc:BudgetYearOneBase>0.835</proc:BudgetYearOneBase>
                                        <proc:BudgetYearOne>0.835</proc:BudgetYearOne>
                                    </proc:TotalCost>
                                </proc:ResourceSummary>
                            </proc:Item>
                            <proc:Item>
                                <proc:Name>Low Cost Modifications</proc:Name>
                                <proc:ItemNumber>99999X</proc:ItemNumber>
                                <proc:ModificationType>Capability Improvement</proc:ModificationType>
                                <proc:ModelsAffectedList>
                                    <proc:ModelAffected>B-2</proc:ModelAffected>
                                </proc:ModelsAffectedList>
                                <proc:ResourceSummary>
                                    <proc:TotalCost>
                                        <proc:AllPriorYears>22.241</proc:AllPriorYears>
                                        <proc:PriorYear>0.687</proc:PriorYear>
                                        <proc:CurrentYear>0.703</proc:CurrentYear>
                                        <proc:BudgetYearOneBase>0.714</proc:BudgetYearOneBase>
                                        <proc:BudgetYearOne>0.714</proc:BudgetYearOne>
                                    </proc:TotalCost>
                                </proc:ResourceSummary>
                            </proc:Item>
                        </proc:ItemList>
                        <proc:CategorySubtotal>
                            <proc:TotalCost>
                                <proc:AllPriorYears>169.541</proc:AllPriorYears>
                                <proc:PriorYear>37.625</proc:PriorYear>
                                <proc:CurrentYear>17.513</proc:CurrentYear>
                                <proc:BudgetYearOneBase>6.77</proc:BudgetYearOneBase>
                                <proc:BudgetYearOneOOC>0</proc:BudgetYearOneOOC>
                                <proc:BudgetYearOne>6.77</proc:BudgetYearOne>
                            </proc:TotalCost>
                        </proc:CategorySubtotal>
                    </proc:Category>
                </proc:CategoryList>
                <proc:TotalCost>
                    <proc:TotalCost>
                        <proc:AllPriorYears>169.541</proc:AllPriorYears>
                        <proc:PriorYear>37.625</proc:PriorYear>
                        <proc:CurrentYear>17.513</proc:CurrentYear>
                        <proc:BudgetYearOneBase>6.77</proc:BudgetYearOneBase>
                        <proc:BudgetYearOneOOC>0</proc:BudgetYearOneOOC>
                        <proc:BudgetYearOne>6.77</proc:BudgetYearOne>
                    </proc:TotalCost>
                </proc:TotalCost>
                <proc:ModificationItemsIndicator>true</proc:ModificationItemsIndicator>
            </proc:P40AItemGroup>
            <proc:P3AModificationItemGroup>
                <proc:ModificationTitle>LOW OBSERVABLE SIGNATURE AND SUPPORTABILITY MODS</proc:ModificationTitle>
                <proc:ModificationNumber>110035</proc:ModificationNumber>
                <proc:ModificationType>Reliability &amp; Maintainability</proc:ModificationType>
                <proc:ModelsAffectedList>
                    <proc:ModelAffected>B-2</proc:ModelAffected>
                </proc:ModelsAffectedList>
                <proc:IdCode>A</proc:IdCode>
                <proc:ResourceSummary>
                    <proc:TotalCost>
                        <proc:AllPriorYears>117.811</proc:AllPriorYears>
                        <proc:PriorYear>18.714</proc:PriorYear>
                        <proc:CurrentYear>8.751</proc:CurrentYear>
                        <proc:BudgetYearOneBase>8.451</proc:BudgetYearOneBase>
                        <proc:BudgetYearOneOOC>0</proc:BudgetYearOneOOC>
                        <proc:BudgetYearOne>8.451</proc:BudgetYearOne>
                    </proc:TotalCost>
                    <proc:NetProcurementP1>
                        <proc:AllPriorYears>117.811</proc:AllPriorYears>
                        <proc:PriorYear>18.714</proc:PriorYear>
                        <proc:CurrentYear>8.751</proc:CurrentYear>
                        <proc:BudgetYearOneBase>8.451</proc:BudgetYearOneBase>
                        <proc:BudgetYearOneOOC>0</proc:BudgetYearOneOOC>
                        <proc:BudgetYearOne>8.451</proc:BudgetYearOne>
                    </proc:NetProcurementP1>
                    <proc:TotalObligationAuthority>
                        <proc:AllPriorYears>117.811</proc:AllPriorYears>
                        <proc:PriorYear>18.714</proc:PriorYear>
                        <proc:CurrentYear>8.751</proc:CurrentYear>
                        <proc:BudgetYearOneBase>8.451</proc:BudgetYearOneBase>
                        <proc:BudgetYearOneOOC>0</proc:BudgetYearOneOOC>
                        <proc:BudgetYearOne>8.451</proc:BudgetYearOne>
                    </proc:TotalObligationAuthority>
                </proc:ResourceSummary>
                <proc:RelatedProgramElementList>
                    <proc:ProgramElementNumber>0101127F</proc:ProgramElementNumber>
                </proc:RelatedProgramElementList>
                <proc:SupportCost>
                    <proc:CostElementList>
                        <proc:CostElement>
                            <proc:Name>GROUP A: TOTAL NONRECURRING</proc:Name>
                            <proc:Cost>
                                <proc:TotalCost>
                                    <proc:AllPriorYears>2.717</proc:AllPriorYears>
                                </proc:TotalCost>
                            </proc:Cost>
                        </proc:CostElement>
                        <proc:CostElement>
                            <proc:Name>Data</proc:Name>
                            <proc:Cost>
                                <proc:TotalCost>
                                    <proc:AllPriorYears>5.603</proc:AllPriorYears>
                                </proc:TotalCost>
                            </proc:Cost>
                        </proc:CostElement>
                        <proc:CostElement>
                            <proc:Name>OTHER GOVT</proc:Name>
                            <proc:Cost>
                                <proc:TotalCost>
                                    <proc:AllPriorYears>62.869</proc:AllPriorYears>
                                    <proc:PriorYear>16.005</proc:PriorYear>
                                    <proc:CurrentYear>5.532</proc:CurrentYear>
                                    <proc:BudgetYearOneBase>7.557</proc:BudgetYearOneBase>
                                    <proc:BudgetYearOne>7.557</proc:BudgetYearOne>
                                </proc:TotalCost>
                            </proc:Cost>
                        </proc:CostElement>
                        <proc:CostElement>
                            <proc:Name>SUPPORT-EQUIP</proc:Name>
                            <proc:Cost>
                                <proc:TotalCost>
                                    <proc:AllPriorYears>9.081</proc:AllPriorYears>
                                </proc:TotalCost>
                            </proc:Cost>
                        </proc:CostElement>
                        <proc:CostElement>
                            <proc:Name>PMA - Other Gov't Costs</proc:Name>
                            <proc:Cost>
                                <proc:TotalCost>
                                    <proc:AllPriorYears>16.79</proc:AllPriorYears>
                                    <proc:PriorYear>2.709</proc:PriorYear>
                                    <proc:CurrentYear>3.219</proc:CurrentYear>
                                    <proc:BudgetYearOneBase footnote="PMA-Other Gov't Costs are allocated pro-rata across all B-2 programs and fair share is calculated as a percentage of total B-2 budget authority in each year.">0.894</proc:BudgetYearOneBase>
                                    <proc:BudgetYearOne>0.894</proc:BudgetYearOne>
                                </proc:TotalCost>
                            </proc:Cost>
                        </proc:CostElement>
                    </proc:CostElementList>
                    <proc:CategorySubtotal>
                        <proc:TotalCost>
                            <proc:AllPriorYears>97.06</proc:AllPriorYears>
                            <proc:PriorYear>18.714</proc:PriorYear>
                            <proc:CurrentYear>8.751</proc:CurrentYear>
                            <proc:BudgetYearOneBase>8.451</proc:BudgetYearOneBase>
                            <proc:BudgetYearOne>8.451</proc:BudgetYearOne>
                        </proc:TotalCost>
                    </proc:CategorySubtotal>
                </proc:SupportCost>
                <proc:ModificationItemList>
                    <proc:ModificationItem>
                        <proc:Title>LO Upgrades</proc:Title>
                        <proc:Procurement>
                            <proc:AKits>
                                <proc:Recurring>
                                    <proc:KitList>
                                        <proc:Kit>
                                            <proc:Name>LO Upgrades:INSTALL KITS Group A (Active)</proc:Name>
                                            <proc:Cost>
                                                <proc:TotalCost>
                                                    <proc:AllPriorYears>20.751</proc:AllPriorYears>
                                                </proc:TotalCost>
                                            </proc:Cost>
                                        </proc:Kit>
                                    </proc:KitList>
                                    <proc:CategorySubtotal>
                                        <proc:TotalCost>
                                            <proc:AllPriorYears>20.751</proc:AllPriorYears>
                                        </proc:TotalCost>
                                    </proc:CategorySubtotal>
                                </proc:Recurring>
                            </proc:AKits>
                            <proc:ManufacturerList>
                                <proc:Manufacturer>
                                    <proc:Name>Various</proc:Name>
                                    <proc:Location>Various</proc:Location>
                                    <proc:AdminLeadTimeAfterOct1InMonths>0</proc:AdminLeadTimeAfterOct1InMonths>
                                    <proc:ProductionLeadTimeAfterOct1InMonths>0</proc:ProductionLeadTimeAfterOct1InMonths>
                                </proc:Manufacturer>
                            </proc:ManufacturerList>
                            <proc:TotalCost>
                                <proc:TotalCost>
                                    <proc:AllPriorYears>20.751</proc:AllPriorYears>
                                </proc:TotalCost>
                            </proc:TotalCost>
                        </proc:Procurement>
                        <proc:Installation>
                            <proc:ImplementationMethodList>
                                <proc:ImplementationMethod>
                                    <proc:OrganicInstallation>
                                        <proc:ImplementationMethodName>Org/Intermediate</proc:ImplementationMethodName>
                                        <proc:InstallationQuantity>0</proc:InstallationQuantity>
                                    </proc:OrganicInstallation>
                                </proc:ImplementationMethod>
                            </proc:ImplementationMethodList>
                        </proc:Installation>
                    </proc:ModificationItem>
                </proc:ModificationItemList>
                <proc:ProcurementSubtotal>
                    <proc:TotalCost>
                        <proc:AllPriorYears>20.751</proc:AllPriorYears>
                    </proc:TotalCost>
                </proc:ProcurementSubtotal>
                <proc:Description>The Low Observable Signature and Supportability Modifications (LOSSM) program is a Continuous Improvement Program (CIP) that supports the B-2 (and other LO platforms) ability to penetrate highly contested combat environments, performing missions directed by the National Command Authority while maximizing aircrew survivability. The LOSSM portfolio maintains and improves the combat-ready LO signature for the B-2 fleet, reduces low observable (LO) maintenance man hours, and increases aircraft availability. This CIP positions investment dollars to rapidly contract suppliers to move forward on mature technologies and materials. LOSSM works directly with the LO Center of Excellence (COE) and AFRL to collaborate on the latest technologies across platforms and Primes in the LO realm. LOSSM includes multiple improvement projects related to improved LO materials (conductive gap fillers and tape, adhesives, electrically resistive materials, radar absorbing material, fastener fills, coatings, and improved processes), LO structures (radar radomes, hot trailing edges and tiles, intermediate section doors, tailpipes, windscreens, bay panels, permanent fasteners, exhaust pockets, gust load alleviation system, inlets, radar absorbing structures, antenna optimization, overall signature stability and survivability, and Alternate High Frequency Material expansion), radio frequency (RF) diagnostic tools and a near-field radar evaluation system, flight line Tier I Material Inspection System (probes and standards), Signature Diagnostic System, Portable Laser Removal Tool, next generation Tier II and Tier III systems, Hand held Imaging Tool, Test Article 0998 for process demonstration, LO-related special test equipment, and B-2 specific improvements/efforts to AFRL's Mobile Diagnostic Laboratory.

Installs occur at Depot and flight line level and can include organic or contractor teams individually or combined. 

The FY 2026 funding will be used for prioritized projects coordinated through AF Global Strike Command and the 509th Bomb Wing in support of the continued survivability and maintainability of the B-2 fleet as described above. Funds may be used to resolve emerging safety of flight and accommodate technology insertion and fulfill FAA or other mandates necessary to ensure continued aircrew safety and mission readiness/effectiveness. This program addresses current and forecasted obsolescence, Diminishing Manufacturing Sources/Material Shortages (DMSMS), and effective and timely repairs at both the field and depot levels. It also targets components whose failure rates, mean time to repair (MTTR) hours, and performance levels fail to meet established baseline targets/specifications.

Specific efforts currently include but may not be limited to the enhancement of survivability capabilities, ASR-1, AHFM/Kapton, B-2 Battlespace Defensive Suite (B2DS, classified effort), and Resonant Sciences Adaptable Zonal Radar - Low Frequency Antenna (RAZR-LFA). 

During FY26:

ASR-1 plans to purchase material in Q1 FY26 and will conduct installs on 2 A/V in Q2 FY26.  Note: ASR-1 costs also include SE/PM.

AHFM/Kapton material will be purchased and install on the last B-2 in Q2 FY26.

RAZR-LFA will procure six (6) High sub-band low frequency kits in Q1 FY26 with planned installation in Q FY26.  

Mission support and other expenses also included in FY26.

Milestone/Development Status

The LOSSM portfolio goes through periodic review with the PEO for an Acquisition Decision Memo.  LOSSM projects are in varied states of maturity of completion thus there is no one Milestone for the portfolio.   This program has associated Research Development Test and Evaluation funding in PE 0101127F.</proc:Description>
            </proc:P3AModificationItemGroup>
            <proc:P3AModificationItemGroup>
                <proc:ModificationTitle>B-2 Battlespace Collaborative Combat Communications</proc:ModificationTitle>
                <proc:ModificationNumber>110042</proc:ModificationNumber>
                <proc:ModificationType>Capability Improvement</proc:ModificationType>
                <proc:ModelsAffectedList>
                    <proc:ModelAffected>B-2A</proc:ModelAffected>
                </proc:ModelsAffectedList>
                <proc:IdCode>B</proc:IdCode>
                <proc:ResourceSummary>
                    <proc:TotalCost>
                        <proc:AllPriorYears>0</proc:AllPriorYears>
                        <proc:PriorYear>1.87</proc:PriorYear>
                        <proc:CurrentYear>2.775</proc:CurrentYear>
                        <proc:BudgetYearOneBase>32.788</proc:BudgetYearOneBase>
                        <proc:BudgetYearOneOOC>0</proc:BudgetYearOneOOC>
                        <proc:BudgetYearOne>32.788</proc:BudgetYearOne>
                    </proc:TotalCost>
                    <proc:NetProcurementP1>
                        <proc:AllPriorYears>0</proc:AllPriorYears>
                        <proc:PriorYear>1.87</proc:PriorYear>
                        <proc:CurrentYear>2.775</proc:CurrentYear>
                        <proc:BudgetYearOneBase>32.788</proc:BudgetYearOneBase>
                        <proc:BudgetYearOneOOC>0</proc:BudgetYearOneOOC>
                        <proc:BudgetYearOne>32.788</proc:BudgetYearOne>
                    </proc:NetProcurementP1>
                    <proc:TotalObligationAuthority>
                        <proc:AllPriorYears>0</proc:AllPriorYears>
                        <proc:PriorYear>1.87</proc:PriorYear>
                        <proc:CurrentYear>2.775</proc:CurrentYear>
                        <proc:BudgetYearOneBase>32.788</proc:BudgetYearOneBase>
                        <proc:BudgetYearOneOOC>0</proc:BudgetYearOneOOC>
                        <proc:BudgetYearOne>32.788</proc:BudgetYearOne>
                    </proc:TotalObligationAuthority>
                </proc:ResourceSummary>
                <proc:RelatedProgramElementList>
                    <proc:ProgramElementNumber>0101127F</proc:ProgramElementNumber>
                </proc:RelatedProgramElementList>
                <proc:SupportCost>
                    <proc:CostElementList>
                        <proc:CostElement>
                            <proc:Name>GROUP A: TOTAL NONRECURRING</proc:Name>
                            <proc:Cost>
                                <proc:TotalCost>
                                    <proc:BudgetYearOneBase>8.444</proc:BudgetYearOneBase>
                                    <proc:BudgetYearOne>8.444</proc:BudgetYearOne>
                                </proc:TotalCost>
                            </proc:Cost>
                        </proc:CostElement>
                        <proc:CostElement>
                            <proc:Name>GFP</proc:Name>
                            <proc:Cost>
                                <proc:TotalCost>
                                    <proc:PriorYear>1.702</proc:PriorYear>
                                    <proc:CurrentYear>2.146</proc:CurrentYear>
                                    <proc:BudgetYearOneBase>1.75</proc:BudgetYearOneBase>
                                    <proc:BudgetYearOne>1.75</proc:BudgetYearOne>
                                </proc:TotalCost>
                            </proc:Cost>
                        </proc:CostElement>
                        <proc:CostElement>
                            <proc:Name>PMA - Other Gov't Costs</proc:Name>
                            <proc:Cost>
                                <proc:TotalCost>
                                    <proc:PriorYear>0.168</proc:PriorYear>
                                    <proc:CurrentYear>0.629</proc:CurrentYear>
                                    <proc:BudgetYearOneBase footnote="PMA-Other Gov't Costs are allocated pro-rata across all B-2 programs and fair share is calculated as a percentage of total B-2 budget authority in each year.">5.978</proc:BudgetYearOneBase>
                                    <proc:BudgetYearOne>5.978</proc:BudgetYearOne>
                                </proc:TotalCost>
                            </proc:Cost>
                        </proc:CostElement>
                    </proc:CostElementList>
                    <proc:CategorySubtotal>
                        <proc:TotalCost>
                            <proc:PriorYear>1.87</proc:PriorYear>
                            <proc:CurrentYear>2.775</proc:CurrentYear>
                            <proc:BudgetYearOneBase>16.172</proc:BudgetYearOneBase>
                            <proc:BudgetYearOne>16.172</proc:BudgetYearOne>
                        </proc:TotalCost>
                    </proc:CategorySubtotal>
                </proc:SupportCost>
                <proc:ModificationItemList>
                    <proc:ModificationItem>
                        <proc:Title>Spiral 1</proc:Title>
                        <proc:RDTE>
                            <proc:ProgramElementSummaryList>
                                <proc:ProgramElementSummary>
                                    <proc:ProgramElementNumber>0101127F</proc:ProgramElementNumber>
                                    <proc:ProgramElementFunding>
                                        <proc:TotalCost>
                                            <proc:AllPriorYears>6.251</proc:AllPriorYears>
                                            <proc:PriorYear>31.168</proc:PriorYear>
                                            <proc:CurrentYear>14.658</proc:CurrentYear>
                                        </proc:TotalCost>
                                    </proc:ProgramElementFunding>
                                </proc:ProgramElementSummary>
                            </proc:ProgramElementSummaryList>
                        </proc:RDTE>
                        <proc:Procurement>
                            <proc:AKits>
                                <proc:Recurring>
                                    <proc:KitList>
                                        <proc:Kit>
                                            <proc:Name>Spiral 1:INSTALL KITS Group A (Active)</proc:Name>
                                            <proc:Cost>
                                                <proc:Quantity>
                                                    <proc:BudgetYearOneBase>8</proc:BudgetYearOneBase>
                                                    <proc:BudgetYearOne>8</proc:BudgetYearOne>
                                                </proc:Quantity>
                                                <proc:TotalCost>
                                                    <proc:BudgetYearOneBase>9.396</proc:BudgetYearOneBase>
                                                    <proc:BudgetYearOne>9.396</proc:BudgetYearOne>
                                                </proc:TotalCost>
                                            </proc:Cost>
                                        </proc:Kit>
                                    </proc:KitList>
                                    <proc:CategorySubtotal>
                                        <proc:TotalCost>
                                            <proc:BudgetYearOneBase>9.396</proc:BudgetYearOneBase>
                                            <proc:BudgetYearOne>9.396</proc:BudgetYearOne>
                                        </proc:TotalCost>
                                    </proc:CategorySubtotal>
                                </proc:Recurring>
                            </proc:AKits>
                            <proc:ManufacturerList>
                                <proc:Manufacturer>
                                    <proc:Name>Northrop Grumman</proc:Name>
                                    <proc:Location>Palmdale, CA</proc:Location>
                                    <proc:ContractDates>
                                        <proc:BudgetYearOne>2025-10</proc:BudgetYearOne>
                                    </proc:ContractDates>
                                    <proc:DeliveryDates>
                                        <proc:BudgetYearOne>2026-09</proc:BudgetYearOne>
                                    </proc:DeliveryDates>
                                    <proc:AdminLeadTimeAfterOct1InMonths>0</proc:AdminLeadTimeAfterOct1InMonths>
                                    <proc:ProductionLeadTimeAfterOct1InMonths>11</proc:ProductionLeadTimeAfterOct1InMonths>
                                </proc:Manufacturer>
                            </proc:ManufacturerList>
                            <proc:TotalCost>
                                <proc:TotalCost>
                                    <proc:BudgetYearOneBase>9.396</proc:BudgetYearOneBase>
                                    <proc:BudgetYearOne>9.396</proc:BudgetYearOne>
                                </proc:TotalCost>
                            </proc:TotalCost>
                        </proc:Procurement>
                        <proc:Installation>
                            <proc:ImplementationMethodList>
                                <proc:ImplementationMethod>
                                    <proc:NonOrganicInstallation>
                                        <proc:ImplementationMethodName>Contract Field Team</proc:ImplementationMethodName>
                                        <proc:InstallationSchedule>
                                            <proc:In>
                                                <proc:AllPriorYears>0</proc:AllPriorYears>
                                            </proc:In>
                                            <proc:Out>
                                                <proc:AllPriorYears>0</proc:AllPriorYears>
                                            </proc:Out>
                                        </proc:InstallationSchedule>
                                    </proc:NonOrganicInstallation>
                                </proc:ImplementationMethod>
                            </proc:ImplementationMethodList>
                        </proc:Installation>
                    </proc:ModificationItem>
                    <proc:ModificationItem>
                        <proc:Title>Spiral 2</proc:Title>
                        <proc:Procurement>
                            <proc:AKits>
                                <proc:Recurring>
                                    <proc:KitList>
                                        <proc:Kit>
                                            <proc:Name>Spiral 2:INSTALL KITS Group A (Active)</proc:Name>
                                            <proc:Cost>
                                                <proc:Quantity>
                                                    <proc:BudgetYearOneBase>8</proc:BudgetYearOneBase>
                                                    <proc:BudgetYearOne>8</proc:BudgetYearOne>
                                                </proc:Quantity>
                                                <proc:TotalCost>
                                                    <proc:BudgetYearOneBase>7.22</proc:BudgetYearOneBase>
                                                    <proc:BudgetYearOne>7.22</proc:BudgetYearOne>
                                                </proc:TotalCost>
                                            </proc:Cost>
                                        </proc:Kit>
                                    </proc:KitList>
                                    <proc:CategorySubtotal>
                                        <proc:TotalCost>
                                            <proc:BudgetYearOneBase>7.22</proc:BudgetYearOneBase>
                                            <proc:BudgetYearOne>7.22</proc:BudgetYearOne>
                                        </proc:TotalCost>
                                    </proc:CategorySubtotal>
                                </proc:Recurring>
                            </proc:AKits>
                            <proc:ManufacturerList>
                                <proc:Manufacturer>
                                    <proc:Name>Northrop Grumman</proc:Name>
                                    <proc:Location>Palmdale, CA</proc:Location>
                                    <proc:ContractDates>
                                        <proc:BudgetYearOne>2025-10</proc:BudgetYearOne>
                                    </proc:ContractDates>
                                    <proc:DeliveryDates>
                                        <proc:BudgetYearOne>2026-09</proc:BudgetYearOne>
                                    </proc:DeliveryDates>
                                    <proc:AdminLeadTimeAfterOct1InMonths>0</proc:AdminLeadTimeAfterOct1InMonths>
                                    <proc:ProductionLeadTimeAfterOct1InMonths>11</proc:ProductionLeadTimeAfterOct1InMonths>
                                </proc:Manufacturer>
                            </proc:ManufacturerList>
                            <proc:TotalCost>
                                <proc:TotalCost>
                                    <proc:BudgetYearOneBase>7.22</proc:BudgetYearOneBase>
                                    <proc:BudgetYearOne>7.22</proc:BudgetYearOne>
                                </proc:TotalCost>
                            </proc:TotalCost>
                        </proc:Procurement>
                        <proc:Installation>
                            <proc:ImplementationMethodList>
                                <proc:ImplementationMethod>
                                    <proc:NonOrganicInstallation>
                                        <proc:ImplementationMethodName>Contract Field Team</proc:ImplementationMethodName>
                                        <proc:InstallationSchedule>
                                            <proc:In>
                                                <proc:AllPriorYears>0</proc:AllPriorYears>
                                            </proc:In>
                                            <proc:Out>
                                                <proc:AllPriorYears>0</proc:AllPriorYears>
                                            </proc:Out>
                                        </proc:InstallationSchedule>
                                    </proc:NonOrganicInstallation>
                                </proc:ImplementationMethod>
                            </proc:ImplementationMethodList>
                        </proc:Installation>
                    </proc:ModificationItem>
                </proc:ModificationItemList>
                <proc:ProcurementSubtotal>
                    <proc:TotalCost>
                        <proc:BudgetYearOneBase>16.616</proc:BudgetYearOneBase>
                        <proc:BudgetYearOne>16.616</proc:BudgetYearOne>
                    </proc:TotalCost>
                </proc:ProcurementSubtotal>
                <proc:Description>B-2 Advanced Communications (formerly known only as B-2 Advanced Comms Adaptable Communications Suite) supports and enhances the aircraft's communications capabilities to keep the B-2 ready, effective, and survivable by complying with growing crypto mandates and mitigating end of life systems. Requirements include but are not limited to, Secure Beyond-Line-of-Sight (BLOS) communications, Line-of-Sight (LOS) communications, and the ability communicate and operate in the Joint All-Domain Command and Control (JADC2) environment throughout all mission phases. Multiple modernization efforts are underway to achieve the requirements listed in the AFGSC1067, including, but not limited to, Adaptable Communications Suite (ACS) 4.0, Airborne Integrated Terminal Group (AITG) Replacement and B-2 Battlespace Collaborative Combat Communication (B2C3).

B2C3 objective is to identify, leverage, and integrate existing capabilities (such as ACS &amp; AITG) to meet B-2 communications requirements. B2C3 is a compilation of multiple efforts the B-2 Program Office incrementally integrates in a spiral fashion where subsequent spirals build off previous spirals as funding is prioritized for this effort. Spiral 1 is designed to deliver the Open Mission Systems (OMS) architecture (domain) within the B-2. By building an OMS interface, new technologies can be rapidly developed and fielded. This will provide an integrated concept that merges BLOS and LOS Link-16 data into the cockpit display and provides a single consolidated Tactical Situation Display (TSD) centrally located for the aircrew.

Being developed and fielded as part of B2C3 Spiral 2, AITG provides LOS Ultra high Frequency (UHF) communications and Very High Frequency (VHF) anti-jam, encrypted, and unencrypted voice communications. AITG Replacement will disable legacy ARC 234 radios, which will reach end-of-life effective 01 Oct 2026, and install two ARC 210 Gen 6 radios. AITG replacement will also implement the SATURN Waveform for anti-jam voice communications; this is a transition from the HAVE QUICK Waveform which will be retired effective 01 Oct 2024.

Funds may be used to resolve emerging safety of flight and diminishing manufacturing sources issues, accommodate technology insertion and fulfill FAA or other necessary modifications to ensure continued aircrew safety and mission effectiveness.

One (1) operationalized EMD Spiral 2 kit will be installed as a retrofit with Procurement funding.

Milestone/Development Status

B2C3 is currently planned as a spiral development effort, the spirals build on each other to achieve requirements but are also flexible and severable in their development and fielding. Spiral 1 development began October 2022 and Spiral 2 development began March 2024.  Production/fielding of both Spiral 1 and 2 will occur simultaneously.</proc:Description>
            </proc:P3AModificationItemGroup>
            <proc:P3AModificationItemGroup>
                <proc:ModificationTitle>B-2 Advanced Communications</proc:ModificationTitle>
                <proc:ModificationNumber>110043</proc:ModificationNumber>
                <proc:ModificationType>Capability Improvement</proc:ModificationType>
                <proc:ModelsAffectedList>
                    <proc:ModelAffected>B-2</proc:ModelAffected>
                </proc:ModelsAffectedList>
                <proc:IdCode>A</proc:IdCode>
                <proc:ResourceSummary>
                    <proc:TotalCost>
                        <proc:AllPriorYears>14.537</proc:AllPriorYears>
                        <proc:PriorYear>27.109</proc:PriorYear>
                        <proc:CurrentYear>24.668</proc:CurrentYear>
                        <proc:BudgetYearOneBase>20.32</proc:BudgetYearOneBase>
                        <proc:BudgetYearOneOOC>0</proc:BudgetYearOneOOC>
                        <proc:BudgetYearOne>20.32</proc:BudgetYearOne>
                    </proc:TotalCost>
                    <proc:NetProcurementP1>
                        <proc:AllPriorYears>14.537</proc:AllPriorYears>
                        <proc:PriorYear>27.109</proc:PriorYear>
                        <proc:CurrentYear>24.668</proc:CurrentYear>
                        <proc:BudgetYearOneBase>20.32</proc:BudgetYearOneBase>
                        <proc:BudgetYearOneOOC>0</proc:BudgetYearOneOOC>
                        <proc:BudgetYearOne>20.32</proc:BudgetYearOne>
                    </proc:NetProcurementP1>
                    <proc:TotalObligationAuthority>
                        <proc:AllPriorYears>14.537</proc:AllPriorYears>
                        <proc:PriorYear>27.109</proc:PriorYear>
                        <proc:CurrentYear>24.668</proc:CurrentYear>
                        <proc:BudgetYearOneBase>20.32</proc:BudgetYearOneBase>
                        <proc:BudgetYearOneOOC>0</proc:BudgetYearOneOOC>
                        <proc:BudgetYearOne>20.32</proc:BudgetYearOne>
                    </proc:TotalObligationAuthority>
                </proc:ResourceSummary>
                <proc:RelatedProgramElementList>
                    <proc:ProgramElementNumber>0101127F</proc:ProgramElementNumber>
                </proc:RelatedProgramElementList>
                <proc:SupportCost>
                    <proc:CostElementList>
                        <proc:CostElement>
                            <proc:Name>GROUP A: TOTAL NONRECURRING</proc:Name>
                            <proc:Cost>
                                <proc:TotalCost>
                                    <proc:PriorYear footnote="System engineering program management charges">3.375</proc:PriorYear>
                                    <proc:BudgetYearOneBase footnote="System engineering program management charges">3.972</proc:BudgetYearOneBase>
                                    <proc:BudgetYearOne>3.972</proc:BudgetYearOne>
                                </proc:TotalCost>
                            </proc:Cost>
                        </proc:CostElement>
                        <proc:CostElement>
                            <proc:Name>GROUP B: TOTAL NONRECURRING</proc:Name>
                            <proc:Cost>
                                <proc:TotalCost>
                                    <proc:AllPriorYears>0.659</proc:AllPriorYears>
                                    <proc:PriorYear footnote="System engineering program management charges">9.96</proc:PriorYear>
                                    <proc:CurrentYear>3.04</proc:CurrentYear>
                                    <proc:BudgetYearOneBase footnote="System engineering program management charges">9.176</proc:BudgetYearOneBase>
                                    <proc:BudgetYearOne>9.176</proc:BudgetYearOne>
                                </proc:TotalCost>
                            </proc:Cost>
                        </proc:CostElement>
                        <proc:CostElement>
                            <proc:Name>Change Orders</proc:Name>
                            <proc:Cost>
                                <proc:TotalCost>
                                    <proc:AllPriorYears>0</proc:AllPriorYears>
                                </proc:TotalCost>
                            </proc:Cost>
                        </proc:CostElement>
                        <proc:CostElement>
                            <proc:Name>GFP</proc:Name>
                            <proc:Cost>
                                <proc:TotalCost>
                                    <proc:PriorYear>3.399</proc:PriorYear>
                                </proc:TotalCost>
                            </proc:Cost>
                        </proc:CostElement>
                        <proc:CostElement>
                            <proc:Name>Data</proc:Name>
                            <proc:Cost>
                                <proc:TotalCost>
                                    <proc:AllPriorYears>4.609</proc:AllPriorYears>
                                </proc:TotalCost>
                            </proc:Cost>
                        </proc:CostElement>
                        <proc:CostElement>
                            <proc:Name>OTHER GOVT</proc:Name>
                            <proc:Cost>
                                <proc:TotalCost>
                                    <proc:AllPriorYears>0.452</proc:AllPriorYears>
                                </proc:TotalCost>
                            </proc:Cost>
                        </proc:CostElement>
                        <proc:CostElement>
                            <proc:Name>PMA - Other Gov't Costs</proc:Name>
                            <proc:Cost>
                                <proc:TotalCost>
                                    <proc:AllPriorYears>1.231</proc:AllPriorYears>
                                    <proc:PriorYear>3.482</proc:PriorYear>
                                    <proc:CurrentYear>6.273</proc:CurrentYear>
                                    <proc:BudgetYearOneBase>5.752</proc:BudgetYearOneBase>
                                    <proc:BudgetYearOne>5.752</proc:BudgetYearOne>
                                </proc:TotalCost>
                            </proc:Cost>
                        </proc:CostElement>
                        <proc:CostElement>
                            <proc:Name>SUPPORT-EQUIP</proc:Name>
                            <proc:Cost>
                                <proc:TotalCost>
                                    <proc:AllPriorYears>2.672</proc:AllPriorYears>
                                </proc:TotalCost>
                            </proc:Cost>
                        </proc:CostElement>
                    </proc:CostElementList>
                    <proc:CategorySubtotal>
                        <proc:TotalCost>
                            <proc:AllPriorYears>9.623</proc:AllPriorYears>
                            <proc:PriorYear>20.216</proc:PriorYear>
                            <proc:CurrentYear>9.313</proc:CurrentYear>
                            <proc:BudgetYearOneBase>18.9</proc:BudgetYearOneBase>
                            <proc:BudgetYearOne>18.9</proc:BudgetYearOne>
                        </proc:TotalCost>
                    </proc:CategorySubtotal>
                </proc:SupportCost>
                <proc:ModificationItemList>
                    <proc:ModificationItem>
                        <proc:Title>ACS Upgrade</proc:Title>
                        <proc:Procurement>
                            <proc:AKits>
                                <proc:Recurring>
                                    <proc:KitList>
                                        <proc:Kit>
                                            <proc:Name>ACS Upgrade:INSTALL KITS Group A (Active)</proc:Name>
                                            <proc:Cost>
                                                <proc:Quantity>
                                                    <proc:PriorYear>4</proc:PriorYear>
                                                    <proc:CurrentYear>12</proc:CurrentYear>
                                                </proc:Quantity>
                                                <proc:TotalCost>
                                                    <proc:AllPriorYears>4.824</proc:AllPriorYears>
                                                    <proc:PriorYear>2.308</proc:PriorYear>
                                                    <proc:CurrentYear>2.85</proc:CurrentYear>
                                                </proc:TotalCost>
                                            </proc:Cost>
                                        </proc:Kit>
                                    </proc:KitList>
                                    <proc:CategorySubtotal>
                                        <proc:TotalCost>
                                            <proc:AllPriorYears>4.824</proc:AllPriorYears>
                                            <proc:PriorYear>2.308</proc:PriorYear>
                                            <proc:CurrentYear>2.85</proc:CurrentYear>
                                        </proc:TotalCost>
                                    </proc:CategorySubtotal>
                                </proc:Recurring>
                            </proc:AKits>
                            <proc:BKits>
                                <proc:Recurring>
                                    <proc:KitList>
                                        <proc:Kit>
                                            <proc:Name>ACS Upgrade:EQUIPMENT Group B (Active)</proc:Name>
                                            <proc:Cost>
                                                <proc:Quantity>
                                                    <proc:PriorYear>4</proc:PriorYear>
                                                    <proc:CurrentYear>12</proc:CurrentYear>
                                                </proc:Quantity>
                                                <proc:TotalCost>
                                                    <proc:AllPriorYears>0.09</proc:AllPriorYears>
                                                    <proc:PriorYear>4.585</proc:PriorYear>
                                                    <proc:CurrentYear>12.505</proc:CurrentYear>
                                                </proc:TotalCost>
                                            </proc:Cost>
                                        </proc:Kit>
                                    </proc:KitList>
                                    <proc:CategorySubtotal>
                                        <proc:TotalCost>
                                            <proc:AllPriorYears>0.09</proc:AllPriorYears>
                                            <proc:PriorYear>4.585</proc:PriorYear>
                                            <proc:CurrentYear>12.505</proc:CurrentYear>
                                        </proc:TotalCost>
                                    </proc:CategorySubtotal>
                                </proc:Recurring>
                            </proc:BKits>
                            <proc:ManufacturerList>
                                <proc:Manufacturer>
                                    <proc:Name>Sierra Nevada Corporation</proc:Name>
                                    <proc:Location>Englewood, CO</proc:Location>
                                    <proc:ContractDates>
                                        <proc:PriorYear>2024-11</proc:PriorYear>
                                        <proc:CurrentYear>2025-02</proc:CurrentYear>
                                    </proc:ContractDates>
                                    <proc:DeliveryDates>
                                        <proc:PriorYear>2025-08</proc:PriorYear>
                                        <proc:CurrentYear>2025-11</proc:CurrentYear>
                                    </proc:DeliveryDates>
                                    <proc:AdminLeadTimeAfterOct1InMonths>0</proc:AdminLeadTimeAfterOct1InMonths>
                                    <proc:ProductionLeadTimeAfterOct1InMonths>9</proc:ProductionLeadTimeAfterOct1InMonths>
                                </proc:Manufacturer>
                            </proc:ManufacturerList>
                            <proc:TotalCost>
                                <proc:TotalCost>
                                    <proc:AllPriorYears>4.914</proc:AllPriorYears>
                                    <proc:PriorYear>6.893</proc:PriorYear>
                                    <proc:CurrentYear>15.355</proc:CurrentYear>
                                </proc:TotalCost>
                            </proc:TotalCost>
                        </proc:Procurement>
                        <proc:Installation>
                            <proc:ImplementationMethodList>
                                <proc:ImplementationMethod>
                                    <proc:NonOrganicInstallation>
                                        <proc:ImplementationMethodName>Contract Field Team</proc:ImplementationMethodName>
                                        <proc:InstallationCost>
                                            <proc:PriorYear>
                                                <proc:Cost>
                                                    <proc:Quantity>
                                                        <proc:BudgetYearOneBase>4</proc:BudgetYearOneBase>
                                                        <proc:BudgetYearOne>4</proc:BudgetYearOne>
                                                    </proc:Quantity>
                                                    <proc:TotalCost>
                                                        <proc:BudgetYearOneBase>0.71</proc:BudgetYearOneBase>
                                                        <proc:BudgetYearOne>0.71</proc:BudgetYearOne>
                                                    </proc:TotalCost>
                                                </proc:Cost>
                                            </proc:PriorYear>
                                            <proc:CurrentYear>
                                                <proc:Cost>
                                                    <proc:Quantity>
                                                        <proc:BudgetYearOneBase>4</proc:BudgetYearOneBase>
                                                        <proc:BudgetYearOne>4</proc:BudgetYearOne>
                                                    </proc:Quantity>
                                                    <proc:TotalCost>
                                                        <proc:BudgetYearOneBase>0.71</proc:BudgetYearOneBase>
                                                        <proc:BudgetYearOne>0.71</proc:BudgetYearOne>
                                                    </proc:TotalCost>
                                                </proc:Cost>
                                            </proc:CurrentYear>
                                            <proc:Total>
                                                <proc:Cost>
                                                    <proc:Quantity>
                                                        <proc:BudgetYearOneBase>8</proc:BudgetYearOneBase>
                                                        <proc:BudgetYearOne>8</proc:BudgetYearOne>
                                                    </proc:Quantity>
                                                    <proc:TotalCost>
                                                        <proc:BudgetYearOneBase>1.42</proc:BudgetYearOneBase>
                                                        <proc:BudgetYearOne>1.42</proc:BudgetYearOne>
                                                    </proc:TotalCost>
                                                </proc:Cost>
                                            </proc:Total>
                                        </proc:InstallationCost>
                                        <proc:InstallationSchedule>
                                            <proc:In>
                                                <proc:AllPriorYears>0</proc:AllPriorYears>
                                                <proc:BudgetYearOne>
                                                    <proc:FirstQuarter>2</proc:FirstQuarter>
                                                    <proc:SecondQuarter>2</proc:SecondQuarter>
                                                    <proc:ThirdQuarter>4</proc:ThirdQuarter>
                                                    <proc:FourthQuarter>2</proc:FourthQuarter>
                                                </proc:BudgetYearOne>
                                            </proc:In>
                                            <proc:Out>
                                                <proc:AllPriorYears>0</proc:AllPriorYears>
                                                <proc:BudgetYearOne>
                                                    <proc:FirstQuarter>2</proc:FirstQuarter>
                                                    <proc:SecondQuarter>2</proc:SecondQuarter>
                                                    <proc:ThirdQuarter>4</proc:ThirdQuarter>
                                                    <proc:FourthQuarter>2</proc:FourthQuarter>
                                                </proc:BudgetYearOne>
                                            </proc:Out>
                                        </proc:InstallationSchedule>
                                    </proc:NonOrganicInstallation>
                                </proc:ImplementationMethod>
                            </proc:ImplementationMethodList>
                            <proc:TotalCost>
                                <proc:Quantity>
                                    <proc:BudgetYearOneBase>8</proc:BudgetYearOneBase>
                                    <proc:BudgetYearOne>8</proc:BudgetYearOne>
                                </proc:Quantity>
                                <proc:TotalCost>
                                    <proc:BudgetYearOneBase>1.42</proc:BudgetYearOneBase>
                                    <proc:BudgetYearOne>1.42</proc:BudgetYearOne>
                                </proc:TotalCost>
                            </proc:TotalCost>
                        </proc:Installation>
                    </proc:ModificationItem>
                </proc:ModificationItemList>
                <proc:ProcurementSubtotal>
                    <proc:TotalCost>
                        <proc:AllPriorYears>4.914</proc:AllPriorYears>
                        <proc:PriorYear>6.893</proc:PriorYear>
                        <proc:CurrentYear>15.355</proc:CurrentYear>
                    </proc:TotalCost>
                </proc:ProcurementSubtotal>
                <proc:InstallationSubtotal>
                    <proc:Quantity>
                        <proc:BudgetYearOneBase>8</proc:BudgetYearOneBase>
                        <proc:BudgetYearOne>8</proc:BudgetYearOne>
                    </proc:Quantity>
                    <proc:TotalCost>
                        <proc:BudgetYearOneBase>1.42</proc:BudgetYearOneBase>
                        <proc:BudgetYearOne>1.42</proc:BudgetYearOne>
                    </proc:TotalCost>
                </proc:InstallationSubtotal>
                <proc:Description>B-2 Advanced Communications (formerly known only as B-2 Advanced Comms Adaptable Communications Suite) supports and enhances the aircraft's communications capabilities to keep the B-2 ready, effective, and survivable by complying with growing crypto mandates and mitigating end of life systems. Requirements include but are not limited to, Secure Beyond-Line-of-Sight (BLOS) communications, Line-of-Sight (LOS) communications, and the ability communicate and operate in the Joint All-Domain Command and Control (JADC2) environment throughout all mission phases. Multiple modernization efforts are underway to achieve the requirements listed in the AFGSC1067, including, but not limited to, Adaptable Communications Suite (ACS) 4.0 and Airborne Integrated Terminal Group (AITG) Replacement.

ACS is a federated non-integrated system that provides SATCOM connectivity for Command and Control en route to the target. A critical capability is the ability to receive Airborne Mission Transfer (AMT) and BLOS situational awareness. Upgrades of the ACS racks are accomplished by multiple increments with multiple install schedules, the current fielded system is ACS 3.2. As requirements are identified, obsolescence issues may also be addressed to ensure continued system effectiveness. This effort includes improvements to the suite of B-2 ACS Ultra High Frequency (UHF) communications system in order to become part of the baseline configuration, as well as modernization upgrades to conform to mandates. The pending sunset of the UHF Follow-On satellite constellation will reduce ACS 3.2's communication effectiveness.

ACS 4.0 will retain secure BLOS communication capabilities via the Multiple User Objective System (MUOS) satellite constellation and significantly improve the transfer time for real-time mission planning data.

Funds may be used to resolve emerging safety of flight and diminishing manufacturing sources issues, accommodate technology insertion and fulfill FAA or other necessary modifications to ensure continued aircrew safety and mission effectiveness.

Funds will support the development and integration of a highly secure communications pathway that will enable the B-2 warfighter's to communicate and receive updated targeting data while operating in highly contested environments. This capability can be used globally, but it is critical once the B-2 enters a highly contested airspace.

Prior years procurement quantity and costs were from previous ACS increments.  Two (2) EMD units for ACS 4.0 will be installed and fielded with Procurement funding.

Milestone/Development Status

ACS Increments 1 through 3.2 started development in 2006, with the final install of ACS Increment 3.2 completed in January 2021. ACS 4.0 program entered Tech Maturation &amp; Risk Reduction (TMRR) phase in September 2018 and held the System Requirements Review (SRR) in March 2022. The program awarded the current follow-on TMRR phase in August 2022, and completed both System Functional Review (SFR)/ Preliminary Design Review (PDR) and Milestone B in December 2022. The follow-on EMD contract award with the prime contractor, Sierra Nevada Corporation (SNC), as awarded July 2023, completed Critical Design Review (CDR) in Nov 2023 with Milestone C planned for 3QFY25. The initial Production contracts for both SNC and Northrop Grumman were awarded in November 2024 to meet accelerated program schedule of fleet installations by December 2026 per AFGSC.</proc:Description>
            </proc:P3AModificationItemGroup>
            <proc:P3AModificationItemGroup>
                <proc:ModificationTitle>IFF Mode 5/S</proc:ModificationTitle>
                <proc:ModificationNumber>110061</proc:ModificationNumber>
                <proc:ModificationType>Capability Improvement</proc:ModificationType>
                <proc:ModelsAffectedList>
                    <proc:ModelAffected>B-2A</proc:ModelAffected>
                </proc:ModelsAffectedList>
                <proc:IdCode>B</proc:IdCode>
                <proc:ResourceSummary>
                    <proc:TotalCost>
                        <proc:AllPriorYears>3.216</proc:AllPriorYears>
                        <proc:PriorYear>4.42</proc:PriorYear>
                        <proc:CurrentYear>7</proc:CurrentYear>
                        <proc:BudgetYearOneBase>8.577</proc:BudgetYearOneBase>
                        <proc:BudgetYearOneOOC>0</proc:BudgetYearOneOOC>
                        <proc:BudgetYearOne>8.577</proc:BudgetYearOne>
                    </proc:TotalCost>
                    <proc:NetProcurementP1>
                        <proc:AllPriorYears>3.216</proc:AllPriorYears>
                        <proc:PriorYear>4.42</proc:PriorYear>
                        <proc:CurrentYear>7</proc:CurrentYear>
                        <proc:BudgetYearOneBase>8.577</proc:BudgetYearOneBase>
                        <proc:BudgetYearOneOOC>0</proc:BudgetYearOneOOC>
                        <proc:BudgetYearOne>8.577</proc:BudgetYearOne>
                    </proc:NetProcurementP1>
                    <proc:TotalObligationAuthority>
                        <proc:AllPriorYears>3.216</proc:AllPriorYears>
                        <proc:PriorYear>4.42</proc:PriorYear>
                        <proc:CurrentYear>7</proc:CurrentYear>
                        <proc:BudgetYearOneBase>8.577</proc:BudgetYearOneBase>
                        <proc:BudgetYearOneOOC>0</proc:BudgetYearOneOOC>
                        <proc:BudgetYearOne>8.577</proc:BudgetYearOne>
                    </proc:TotalObligationAuthority>
                </proc:ResourceSummary>
                <proc:RelatedProgramElementList>
                    <proc:ProgramElementNumber>0101127F</proc:ProgramElementNumber>
                </proc:RelatedProgramElementList>
                <proc:SupportCost>
                    <proc:CostElementList>
                        <proc:CostElement>
                            <proc:Name>GROUP A: TOTAL NONRECURRING</proc:Name>
                            <proc:Cost>
                                <proc:TotalCost>
                                    <proc:PriorYear>0.217</proc:PriorYear>
                                    <proc:CurrentYear>2.316</proc:CurrentYear>
                                    <proc:BudgetYearOneBase>3.046</proc:BudgetYearOneBase>
                                    <proc:BudgetYearOne>3.046</proc:BudgetYearOne>
                                </proc:TotalCost>
                            </proc:Cost>
                        </proc:CostElement>
                        <proc:CostElement>
                            <proc:Name>OTHER GOVT</proc:Name>
                            <proc:Cost>
                                <proc:TotalCost>
                                    <proc:AllPriorYears>0.76</proc:AllPriorYears>
                                    <proc:CurrentYear>0.337</proc:CurrentYear>
                                    <proc:BudgetYearOneBase>0.405</proc:BudgetYearOneBase>
                                    <proc:BudgetYearOne>0.405</proc:BudgetYearOne>
                                </proc:TotalCost>
                            </proc:Cost>
                        </proc:CostElement>
                        <proc:CostElement>
                            <proc:Name>GFP</proc:Name>
                            <proc:Cost>
                                <proc:TotalCost>
                                    <proc:PriorYear>0.27</proc:PriorYear>
                                </proc:TotalCost>
                            </proc:Cost>
                        </proc:CostElement>
                        <proc:CostElement>
                            <proc:Name>PMA - Other Gov't Costs</proc:Name>
                            <proc:Cost>
                                <proc:TotalCost>
                                    <proc:AllPriorYears>0.79</proc:AllPriorYears>
                                    <proc:PriorYear>0.492</proc:PriorYear>
                                    <proc:CurrentYear>0.963</proc:CurrentYear>
                                    <proc:BudgetYearOneBase>1.136</proc:BudgetYearOneBase>
                                    <proc:BudgetYearOne>1.136</proc:BudgetYearOne>
                                </proc:TotalCost>
                            </proc:Cost>
                        </proc:CostElement>
                    </proc:CostElementList>
                    <proc:CategorySubtotal>
                        <proc:TotalCost>
                            <proc:AllPriorYears>1.55</proc:AllPriorYears>
                            <proc:PriorYear>0.979</proc:PriorYear>
                            <proc:CurrentYear>3.616</proc:CurrentYear>
                            <proc:BudgetYearOneBase>4.587</proc:BudgetYearOneBase>
                            <proc:BudgetYearOne>4.587</proc:BudgetYearOne>
                        </proc:TotalCost>
                    </proc:CategorySubtotal>
                </proc:SupportCost>
                <proc:ModificationItemList>
                    <proc:ModificationItem>
                        <proc:Title>Airspace Compliance</proc:Title>
                        <proc:RDTE>
                            <proc:ProgramElementSummaryList>
                                <proc:ProgramElementSummary>
                                    <proc:ProgramElementNumber>0101127F</proc:ProgramElementNumber>
                                    <proc:ProgramElementFunding>
                                        <proc:TotalCost>
                                            <proc:AllPriorYears>60.642</proc:AllPriorYears>
                                        </proc:TotalCost>
                                    </proc:ProgramElementFunding>
                                </proc:ProgramElementSummary>
                            </proc:ProgramElementSummaryList>
                        </proc:RDTE>
                        <proc:Procurement>
                            <proc:AKits>
                                <proc:Recurring>
                                    <proc:KitList>
                                        <proc:Kit>
                                            <proc:Name>Airspace Compliance:INSTALL KITS Group A (Active)</proc:Name>
                                            <proc:Cost>
                                                <proc:Quantity>
                                                    <proc:PriorYear>7</proc:PriorYear>
                                                    <proc:CurrentYear>7</proc:CurrentYear>
                                                    <proc:BudgetYearOneBase>3</proc:BudgetYearOneBase>
                                                    <proc:BudgetYearOne>3</proc:BudgetYearOne>
                                                </proc:Quantity>
                                                <proc:TotalCost>
                                                    <proc:PriorYear>3.441</proc:PriorYear>
                                                    <proc:CurrentYear>2.972</proc:CurrentYear>
                                                    <proc:BudgetYearOneBase>2.973</proc:BudgetYearOneBase>
                                                    <proc:BudgetYearOne>2.973</proc:BudgetYearOne>
                                                </proc:TotalCost>
                                            </proc:Cost>
                                        </proc:Kit>
                                    </proc:KitList>
                                    <proc:CategorySubtotal>
                                        <proc:TotalCost>
                                            <proc:PriorYear>3.441</proc:PriorYear>
                                            <proc:CurrentYear>2.972</proc:CurrentYear>
                                            <proc:BudgetYearOneBase>2.973</proc:BudgetYearOneBase>
                                            <proc:BudgetYearOne>2.973</proc:BudgetYearOne>
                                        </proc:TotalCost>
                                    </proc:CategorySubtotal>
                                </proc:Recurring>
                            </proc:AKits>
                            <proc:BKits>
                                <proc:Recurring>
                                    <proc:KitList>
                                        <proc:Kit>
                                            <proc:Name>Airspace Compliance:EQUIPMENT Group B (Active)</proc:Name>
                                            <proc:Cost>
                                                <proc:Quantity>
                                                    <proc:AllPriorYears>20</proc:AllPriorYears>
                                                </proc:Quantity>
                                                <proc:TotalCost>
                                                    <proc:AllPriorYears>1.666</proc:AllPriorYears>
                                                </proc:TotalCost>
                                            </proc:Cost>
                                        </proc:Kit>
                                    </proc:KitList>
                                    <proc:CategorySubtotal>
                                        <proc:TotalCost>
                                            <proc:AllPriorYears>1.666</proc:AllPriorYears>
                                        </proc:TotalCost>
                                    </proc:CategorySubtotal>
                                </proc:Recurring>
                            </proc:BKits>
                            <proc:ManufacturerList>
                                <proc:Manufacturer>
                                    <proc:Name>Northrop Grumman</proc:Name>
                                    <proc:Location>Whiteman AFB</proc:Location>
                                    <proc:ContractDates>
                                        <proc:PriorYear>2024-12</proc:PriorYear>
                                        <proc:CurrentYear>2025-12</proc:CurrentYear>
                                        <proc:BudgetYearOne>2026-12</proc:BudgetYearOne>
                                    </proc:ContractDates>
                                    <proc:DeliveryDates>
                                        <proc:PriorYear>2025-12</proc:PriorYear>
                                        <proc:CurrentYear>2026-12</proc:CurrentYear>
                                        <proc:BudgetYearOne>2027-12</proc:BudgetYearOne>
                                    </proc:DeliveryDates>
                                    <proc:AdminLeadTimeAfterOct1InMonths>0</proc:AdminLeadTimeAfterOct1InMonths>
                                    <proc:ProductionLeadTimeAfterOct1InMonths>12</proc:ProductionLeadTimeAfterOct1InMonths>
                                </proc:Manufacturer>
                            </proc:ManufacturerList>
                            <proc:TotalCost>
                                <proc:TotalCost>
                                    <proc:AllPriorYears>1.666</proc:AllPriorYears>
                                    <proc:PriorYear>3.441</proc:PriorYear>
                                    <proc:CurrentYear>2.972</proc:CurrentYear>
                                    <proc:BudgetYearOneBase>2.973</proc:BudgetYearOneBase>
                                    <proc:BudgetYearOne>2.973</proc:BudgetYearOne>
                                </proc:TotalCost>
                            </proc:TotalCost>
                        </proc:Procurement>
                        <proc:Installation>
                            <proc:ImplementationMethodList>
                                <proc:ImplementationMethod>
                                    <proc:NonOrganicInstallation>
                                        <proc:ImplementationMethodName>Contract Field Team</proc:ImplementationMethodName>
                                        <proc:InstallationCost>
                                            <proc:PriorYear>
                                                <proc:Cost>
                                                    <proc:Quantity>
                                                        <proc:BudgetYearOneBase>7</proc:BudgetYearOneBase>
                                                        <proc:BudgetYearOne>7</proc:BudgetYearOne>
                                                    </proc:Quantity>
                                                    <proc:TotalCost>
                                                        <proc:BudgetYearOneBase>1.017</proc:BudgetYearOneBase>
                                                        <proc:BudgetYearOne>1.017</proc:BudgetYearOne>
                                                    </proc:TotalCost>
                                                </proc:Cost>
                                            </proc:PriorYear>
                                            <proc:Total>
                                                <proc:Cost>
                                                    <proc:Quantity>
                                                        <proc:BudgetYearOneBase>7</proc:BudgetYearOneBase>
                                                        <proc:BudgetYearOne>7</proc:BudgetYearOne>
                                                    </proc:Quantity>
                                                    <proc:TotalCost>
                                                        <proc:BudgetYearOneBase>1.017</proc:BudgetYearOneBase>
                                                        <proc:BudgetYearOne>1.017</proc:BudgetYearOne>
                                                    </proc:TotalCost>
                                                </proc:Cost>
                                            </proc:Total>
                                        </proc:InstallationCost>
                                        <proc:InstallationSchedule>
                                            <proc:In>
                                                <proc:AllPriorYears>0</proc:AllPriorYears>
                                                <proc:CurrentYear>
                                                    <proc:FourthQuarter>2</proc:FourthQuarter>
                                                </proc:CurrentYear>
                                                <proc:BudgetYearOne>
                                                    <proc:FirstQuarter>2</proc:FirstQuarter>
                                                    <proc:SecondQuarter>2</proc:SecondQuarter>
                                                    <proc:ThirdQuarter>2</proc:ThirdQuarter>
                                                    <proc:FourthQuarter>1</proc:FourthQuarter>
                                                </proc:BudgetYearOne>
                                            </proc:In>
                                            <proc:Out>
                                                <proc:AllPriorYears>0</proc:AllPriorYears>
                                                <proc:CurrentYear>
                                                    <proc:FourthQuarter>1</proc:FourthQuarter>
                                                </proc:CurrentYear>
                                                <proc:BudgetYearOne>
                                                    <proc:FirstQuarter>2</proc:FirstQuarter>
                                                    <proc:SecondQuarter>2</proc:SecondQuarter>
                                                    <proc:ThirdQuarter>2</proc:ThirdQuarter>
                                                    <proc:FourthQuarter>2</proc:FourthQuarter>
                                                </proc:BudgetYearOne>
                                            </proc:Out>
                                        </proc:InstallationSchedule>
                                    </proc:NonOrganicInstallation>
                                </proc:ImplementationMethod>
                            </proc:ImplementationMethodList>
                            <proc:TotalCost>
                                <proc:Quantity>
                                    <proc:BudgetYearOneBase>7</proc:BudgetYearOneBase>
                                    <proc:BudgetYearOne>7</proc:BudgetYearOne>
                                </proc:Quantity>
                                <proc:TotalCost>
                                    <proc:BudgetYearOneBase>1.017</proc:BudgetYearOneBase>
                                    <proc:BudgetYearOne>1.017</proc:BudgetYearOne>
                                </proc:TotalCost>
                            </proc:TotalCost>
                        </proc:Installation>
                    </proc:ModificationItem>
                </proc:ModificationItemList>
                <proc:ProcurementSubtotal>
                    <proc:TotalCost>
                        <proc:AllPriorYears>1.666</proc:AllPriorYears>
                        <proc:PriorYear>3.441</proc:PriorYear>
                        <proc:CurrentYear>2.972</proc:CurrentYear>
                        <proc:BudgetYearOneBase>2.973</proc:BudgetYearOneBase>
                        <proc:BudgetYearOne>2.973</proc:BudgetYearOne>
                    </proc:TotalCost>
                </proc:ProcurementSubtotal>
                <proc:InstallationSubtotal>
                    <proc:Quantity>
                        <proc:BudgetYearOneBase>7</proc:BudgetYearOneBase>
                        <proc:BudgetYearOne>7</proc:BudgetYearOne>
                    </proc:Quantity>
                    <proc:TotalCost>
                        <proc:BudgetYearOneBase>1.017</proc:BudgetYearOneBase>
                        <proc:BudgetYearOne>1.017</proc:BudgetYearOne>
                    </proc:TotalCost>
                </proc:InstallationSubtotal>
                <proc:Description>The B-2 Identification Friend or Foe (IFF) Mode 5/S Program is part of B-2 Integrated Functional Capability (IFC) drop Spirit Realm 1 (SR 1), which also includes software sustainment updates and form, fit, function hardware replacements. Similar to Block upgrades, the IFC Process is the framework within which B-2 modernization and sustainment improvements are designed, developed, integrated, tested, and delivered. The intent of the IFC construct is to minimize the number of different aircraft configurations in the field at any one time and to maximize aircraft availability. IFC SR 1 is baselined off of previous IFCs P6.4, P6.5, and P6.6 builds. Finally, planned B-2 IFF Mode 5 Program fielding takes 60 days per install.   

The DoD established Global Air Traffic Management renamed Communications, Navigation, Surveillance/Air Traffic Management (CNS/ATM) requirements in response to changes in global air traffic control procedures. IFF Mode 5 is a required element of Communications, Navigation, Surveillance/Air Traffic Management (CNS/ATM). Mode 5 is the DoD/NATO mandated standard for secure combat identification and provides improved discrimination between closely spaced platforms, while reducing interference with civil air traffic control transponders enabling the B-2 fleet to accomplish its anti-access and global strike mission. Mode 5 replaced the obsolete Mode 4 combat identification. Funding for this modification will be used for IFF transponder and Group A kit hardware purchases and hardware/software install/modification of the B-2 fleet, IFF related updates to B-2 training systems, and other items necessary to support IFF Mode 5 install on the B-2 fleet. Seventeen kits are planned with procurement dollars, and the remaining three kits funded with RDT&amp;E. The IFF transponders have a 12 month lead-time and Group A hardware has a 9-12 month lead-time from placement of order to delivery. In order to begin installs in 1QFY26, the IFF transponders and Group A hardware must be ordered in 1QFY25.

Funds may be used to resolve emerging safety of flight and diminishing manufacturing sources issues, accommodate technology insertion and fulfill FAA or other mandates necessary to ensure continued aircrew safety and mission effectiveness.

Included in the installation schedule are two (2) EMD kits that will be installed and fielded with Procurement funding in FY25.

The requirement for the B-2 Airspace Compliance program is to modify 20 B-2 aircraft.

Milestone/Development Status

Milestone B decision and Engineering &amp; Manufacturing Development (EMD) contract award occurred in 4QFY19 with EMD period of performance planned for 4QFY19 to 2QFY25. Milestone C and Production phase contract award occurred 1QFY25.

Aircraft Breakdown: ACTIVE 20, RESERVE 0, ANG 0, TOTAL 20</proc:Description>
            </proc:P3AModificationItemGroup>
        </proc:ItemExhibitList>
        <proc:DocumentAssemblyOptions>
            <proc:p40AItemScheduleSetting>total</proc:p40AItemScheduleSetting>
        </proc:DocumentAssemblyOptions>
    </proc:LineItem>
</proc:LineItemList>