<?xml version="1.0" encoding="UTF-8"?>
<proc:LineItemList xmlns:proc="http://www.dtic.mil/comptroller/xml/schema/20100219/procurement">
    <proc:LineItem quantityUnits="Each" unitCostUnits="Dollars" totalCostUnits="Millions" manufacturerRateUnits="Yearly" suppressOutfittingDeliveryBY2ToBY5="true">
        <proc:LineItemNumber>0561</proc:LineItemNumber>
        <proc:LineItemTitle>Flt Elect Wrfr Supt Grp (FEWSG)</proc:LineItemTitle>
        <proc:P1LineNumber>55</proc:P1LineNumber>
        <proc:BudgetYear>2026</proc:BudgetYear>
        <proc:BudgetCycle>PB</proc:BudgetCycle>
        <proc:SubmissionDate>2025-06</proc:SubmissionDate>
        <proc:ServiceAgencyName>Navy</proc:ServiceAgencyName>
        <proc:AppropriationNumber>1506N</proc:AppropriationNumber>
        <proc:AppropriationTitle>Aircraft Procurement, Navy</proc:AppropriationTitle>
        <proc:BudgetActivityNumber>5</proc:BudgetActivityNumber>
        <proc:BudgetActivityTitle>Modification of Aircraft</proc:BudgetActivityTitle>
        <proc:BudgetSubActivityNumber>1</proc:BudgetSubActivityNumber>
        <proc:BudgetSubActivityTitle>Modification of Aircraft</proc:BudgetSubActivityTitle>
        <proc:ResourceSummary>
            <proc:TotalCost>
                <proc:AllPriorYears>103.904</proc:AllPriorYears>
                <proc:PriorYear>0.651</proc:PriorYear>
                <proc:CurrentYear>0.663</proc:CurrentYear>
                <proc:BudgetYearOneBase>0.005</proc:BudgetYearOneBase>
                <proc:BudgetYearOneOOC>0</proc:BudgetYearOneOOC>
                <proc:BudgetYearOne>0.005</proc:BudgetYearOne>
            </proc:TotalCost>
            <proc:NetProcurementP1>
                <proc:AllPriorYears>103.904</proc:AllPriorYears>
                <proc:PriorYear>0.651</proc:PriorYear>
                <proc:CurrentYear>0.663</proc:CurrentYear>
                <proc:BudgetYearOneBase>0.005</proc:BudgetYearOneBase>
                <proc:BudgetYearOneOOC>0</proc:BudgetYearOneOOC>
                <proc:BudgetYearOne>0.005</proc:BudgetYearOne>
            </proc:NetProcurementP1>
            <proc:TotalObligationAuthority>
                <proc:AllPriorYears>103.904</proc:AllPriorYears>
                <proc:PriorYear>0.651</proc:PriorYear>
                <proc:CurrentYear>0.663</proc:CurrentYear>
                <proc:BudgetYearOneBase>0.005</proc:BudgetYearOneBase>
                <proc:BudgetYearOneOOC>0</proc:BudgetYearOneOOC>
                <proc:BudgetYearOne>0.005</proc:BudgetYearOne>
            </proc:TotalObligationAuthority>
        </proc:ResourceSummary>
        <proc:Code>A</proc:Code>
        <proc:Description>This line item funds Fleet Electronic Warfare Support Group (FEWSG) installations.  These installations are modifications to fleet systems based on the Adversary and FEWSG Electronic Attack Digital Radio Frequency Memory (DRFM) Roadmap. The program focuses on the FEWSG DRFM modification schedule and support of the required engineering and logistics to accomplish these upgrades. These systems provide Adversarial peer and near peer Electronic Warfare (EW) effects on USN sensor systems. USN operators must overcome these effects to demonstrate spectrum dominance and electromagnetic maneuver warfare (EMW) in an EW contested environment. Operational Safety Improvement Program (OSIP) 119-83 title includes new nomenclature ALQ-255/256 as a result of DRFM Engineering Change Proposal (ECP).</proc:Description>
        <proc:Justification>The FY 2026 request supports the FEWSG modification schedule and the required engineering and logistics to accomplish these upgrades. Modifications to systems provide increased system availability and reduced cost to squadron maintenance efforts through incorporation of higher reliability components. Modifications incorporate newer technologies that did not previously exist, to enable pacing with high end threat EW systems presentation.</proc:Justification>
        <proc:ItemExhibitList>
            <proc:P3AModificationItemGroup>
                <proc:ModificationTitle>AN/AST-6/9(V), AN/ULQ-21/24, AN/ALQ-237, AN/ALQ-167, ALQ-255/256 (OSIP 119-83)</proc:ModificationTitle>
                <proc:ModificationNumber>1</proc:ModificationNumber>
                <proc:ModificationType>RELIABILITY, MAINTAINABILITY, CAPABILITY</proc:ModificationType>
                <proc:Model>NOT APPLICABLE</proc:Model>
                <proc:ResourceSummary>
                    <proc:TotalCost>
                        <proc:AllPriorYears>103.904</proc:AllPriorYears>
                        <proc:PriorYear>0.651</proc:PriorYear>
                        <proc:CurrentYear>0.663</proc:CurrentYear>
                        <proc:BudgetYearOneBase>0.005</proc:BudgetYearOneBase>
                        <proc:BudgetYearOneOOC>0</proc:BudgetYearOneOOC>
                        <proc:BudgetYearOne>0.005</proc:BudgetYearOne>
                    </proc:TotalCost>
                    <proc:NetProcurementP1>
                        <proc:AllPriorYears>103.904</proc:AllPriorYears>
                        <proc:PriorYear>0.651</proc:PriorYear>
                        <proc:CurrentYear>0.663</proc:CurrentYear>
                        <proc:BudgetYearOneBase>0.005</proc:BudgetYearOneBase>
                        <proc:BudgetYearOneOOC>0</proc:BudgetYearOneOOC>
                        <proc:BudgetYearOne>0.005</proc:BudgetYearOne>
                    </proc:NetProcurementP1>
                    <proc:TotalObligationAuthority>
                        <proc:AllPriorYears>103.904</proc:AllPriorYears>
                        <proc:PriorYear>0.651</proc:PriorYear>
                        <proc:CurrentYear>0.663</proc:CurrentYear>
                        <proc:BudgetYearOneBase>0.005</proc:BudgetYearOneBase>
                        <proc:BudgetYearOneOOC>0</proc:BudgetYearOneOOC>
                        <proc:BudgetYearOne>0.005</proc:BudgetYearOne>
                    </proc:TotalObligationAuthority>
                </proc:ResourceSummary>
                <proc:SupportCost>
                    <proc:CostElementList>
                        <proc:CostElement>
                            <proc:Name>2.1) Engineering Change Orders</proc:Name>
                            <proc:Cost>
                                <proc:TotalCost>
                                    <proc:AllPriorYears>2.928</proc:AllPriorYears>
                                </proc:TotalCost>
                            </proc:Cost>
                        </proc:CostElement>
                        <proc:CostElement>
                            <proc:Name>2.2) Data</proc:Name>
                            <proc:Cost>
                                <proc:TotalCost>
                                    <proc:AllPriorYears>0.406</proc:AllPriorYears>
                                </proc:TotalCost>
                            </proc:Cost>
                        </proc:CostElement>
                        <proc:CostElement>
                            <proc:Name>2.3) Training Equipment</proc:Name>
                            <proc:Cost>
                                <proc:Quantity>
                                    <proc:AllPriorYears>3</proc:AllPriorYears>
                                </proc:Quantity>
                                <proc:TotalCost>
                                    <proc:AllPriorYears>4.815</proc:AllPriorYears>
                                </proc:TotalCost>
                            </proc:Cost>
                        </proc:CostElement>
                        <proc:CostElement>
                            <proc:Name>2.4) Support Equipment</proc:Name>
                            <proc:Cost>
                                <proc:TotalCost>
                                    <proc:AllPriorYears>5.51</proc:AllPriorYears>
                                </proc:TotalCost>
                            </proc:Cost>
                        </proc:CostElement>
                        <proc:CostElement>
                            <proc:Name>2.5) ILS</proc:Name>
                            <proc:Cost>
                                <proc:TotalCost>
                                    <proc:AllPriorYears>3.609</proc:AllPriorYears>
                                    <proc:PriorYear>0.105</proc:PriorYear>
                                    <proc:CurrentYear>0.107</proc:CurrentYear>
                                </proc:TotalCost>
                            </proc:Cost>
                        </proc:CostElement>
                        <proc:CostElement>
                            <proc:Name>2.6) Other Support</proc:Name>
                            <proc:Cost>
                                <proc:TotalCost>
                                    <proc:AllPriorYears>6.374</proc:AllPriorYears>
                                    <proc:PriorYear>0.249</proc:PriorYear>
                                    <proc:CurrentYear>0.252</proc:CurrentYear>
                                    <proc:BudgetYearOneBase>0.005</proc:BudgetYearOneBase>
                                    <proc:BudgetYearOne>0.005</proc:BudgetYearOne>
                                </proc:TotalCost>
                            </proc:Cost>
                        </proc:CostElement>
                    </proc:CostElementList>
                    <proc:CategorySubtotal>
                        <proc:TotalCost>
                            <proc:AllPriorYears>23.642</proc:AllPriorYears>
                            <proc:PriorYear>0.354</proc:PriorYear>
                            <proc:CurrentYear>0.359</proc:CurrentYear>
                            <proc:BudgetYearOneBase>0.005</proc:BudgetYearOneBase>
                            <proc:BudgetYearOne>0.005</proc:BudgetYearOne>
                        </proc:TotalCost>
                    </proc:CategorySubtotal>
                </proc:SupportCost>
                <proc:ModificationItemList>
                    <proc:ModificationItem>
                        <proc:Title>AN/AST-6/9(V), AN/ULQ-21/24, AN/ALQ-237, AN/ALQ-167, ALQ-255/256 (OSIP 119-83)</proc:Title>
                        <proc:Procurement>
                            <proc:BKits>
                                <proc:Recurring>
                                    <proc:KitList>
                                        <proc:Kit>
                                            <proc:Name>1.1.1) Install Equipment (B Kits) - Organic</proc:Name>
                                            <proc:Cost>
                                                <proc:Quantity>
                                                    <proc:AllPriorYears>1065</proc:AllPriorYears>
                                                    <proc:PriorYear>3</proc:PriorYear>
                                                    <proc:CurrentYear>3</proc:CurrentYear>
                                                </proc:Quantity>
                                                <proc:TotalCost>
                                                    <proc:AllPriorYears>77.815</proc:AllPriorYears>
                                                    <proc:PriorYear>0.297</proc:PriorYear>
                                                    <proc:CurrentYear>0.304</proc:CurrentYear>
                                                </proc:TotalCost>
                                            </proc:Cost>
                                        </proc:Kit>
                                    </proc:KitList>
                                    <proc:CategorySubtotal>
                                        <proc:TotalCost>
                                            <proc:AllPriorYears>77.815</proc:AllPriorYears>
                                            <proc:PriorYear>0.297</proc:PriorYear>
                                            <proc:CurrentYear>0.304</proc:CurrentYear>
                                        </proc:TotalCost>
                                    </proc:CategorySubtotal>
                                </proc:Recurring>
                                <proc:NonRecurring>
                                    <proc:KitList>
                                        <proc:Kit>
                                            <proc:Name>1.2.1) Install Equipment N/R - Organic</proc:Name>
                                            <proc:Cost>
                                                <proc:TotalCost>
                                                    <proc:AllPriorYears>2.447</proc:AllPriorYears>
                                                </proc:TotalCost>
                                            </proc:Cost>
                                        </proc:Kit>
                                    </proc:KitList>
                                    <proc:CategorySubtotal>
                                        <proc:TotalCost>
                                            <proc:AllPriorYears>2.447</proc:AllPriorYears>
                                        </proc:TotalCost>
                                    </proc:CategorySubtotal>
                                </proc:NonRecurring>
                                <proc:CategorySubtotal>
                                    <proc:TotalCost>
                                        <proc:AllPriorYears>80.262</proc:AllPriorYears>
                                        <proc:PriorYear>0.297</proc:PriorYear>
                                        <proc:CurrentYear>0.304</proc:CurrentYear>
                                    </proc:TotalCost>
                                </proc:CategorySubtotal>
                            </proc:BKits>
                            <proc:TotalCost>
                                <proc:Quantity>
                                    <proc:AllPriorYears>1065</proc:AllPriorYears>
                                    <proc:PriorYear>3</proc:PriorYear>
                                    <proc:CurrentYear>3</proc:CurrentYear>
                                </proc:Quantity>
                                <proc:TotalCost>
                                    <proc:AllPriorYears>80.262</proc:AllPriorYears>
                                    <proc:PriorYear>0.297</proc:PriorYear>
                                    <proc:CurrentYear>0.304</proc:CurrentYear>
                                </proc:TotalCost>
                            </proc:TotalCost>
                        </proc:Procurement>
                    </proc:ModificationItem>
                </proc:ModificationItemList>
                <proc:ProcurementSubtotal>
                    <proc:TotalCost>
                        <proc:AllPriorYears>80.262</proc:AllPriorYears>
                        <proc:PriorYear>0.297</proc:PriorYear>
                        <proc:CurrentYear>0.304</proc:CurrentYear>
                    </proc:TotalCost>
                </proc:ProcurementSubtotal>
                <proc:Description>Installations are modifications to fleet systems based on the FEWSG program requirements.  The program focuses on the FEWSG modification schedule and support of the required engineering and logistics to accomplish the upgrades.</proc:Description>
            </proc:P3AModificationItemGroup>
        </proc:ItemExhibitList>
        <proc:DocumentAssemblyOptions>
            <proc:p40AItemScheduleSetting>total</proc:p40AItemScheduleSetting>
        </proc:DocumentAssemblyOptions>
    </proc:LineItem>
</proc:LineItemList>