<?xml version="1.0" encoding="UTF-8"?>
<proc:LineItemList xmlns:proc="http://www.dtic.mil/comptroller/xml/schema/20100219/procurement">
    <proc:LineItem quantityUnits="Each" unitCostUnits="Dollars" totalCostUnits="Millions" manufacturerRateUnits="Yearly" suppressOutfittingDeliveryBY2ToBY5="true">
        <proc:LineItemNumber>0566</proc:LineItemNumber>
        <proc:LineItemTitle>Executive Helicopters Series</proc:LineItemTitle>
        <proc:P1LineNumber>58</proc:P1LineNumber>
        <proc:BudgetYear>2026</proc:BudgetYear>
        <proc:BudgetCycle>PB</proc:BudgetCycle>
        <proc:SubmissionDate>2025-06</proc:SubmissionDate>
        <proc:ServiceAgencyName>Navy</proc:ServiceAgencyName>
        <proc:AppropriationNumber>1506N</proc:AppropriationNumber>
        <proc:AppropriationTitle>Aircraft Procurement, Navy</proc:AppropriationTitle>
        <proc:BudgetActivityNumber>5</proc:BudgetActivityNumber>
        <proc:BudgetActivityTitle>Modification of Aircraft</proc:BudgetActivityTitle>
        <proc:BudgetSubActivityNumber>1</proc:BudgetSubActivityNumber>
        <proc:BudgetSubActivityTitle>Modification of Aircraft</proc:BudgetSubActivityTitle>
        <proc:ResourceSummary>
            <proc:TotalCost>
                <proc:AllPriorYears>993.563</proc:AllPriorYears>
                <proc:PriorYear>60.498</proc:PriorYear>
                <proc:CurrentYear>69.495</proc:CurrentYear>
                <proc:BudgetYearOneBase>66.645</proc:BudgetYearOneBase>
                <proc:BudgetYearOneOOC>0</proc:BudgetYearOneOOC>
                <proc:BudgetYearOne>66.645</proc:BudgetYearOne>
            </proc:TotalCost>
            <proc:NetProcurementP1>
                <proc:AllPriorYears>993.563</proc:AllPriorYears>
                <proc:PriorYear>60.498</proc:PriorYear>
                <proc:CurrentYear>69.495</proc:CurrentYear>
                <proc:BudgetYearOneBase>66.645</proc:BudgetYearOneBase>
                <proc:BudgetYearOneOOC>0</proc:BudgetYearOneOOC>
                <proc:BudgetYearOne>66.645</proc:BudgetYearOne>
            </proc:NetProcurementP1>
            <proc:TotalObligationAuthority>
                <proc:AllPriorYears>993.563</proc:AllPriorYears>
                <proc:PriorYear>60.498</proc:PriorYear>
                <proc:CurrentYear>69.495</proc:CurrentYear>
                <proc:BudgetYearOneBase>66.645</proc:BudgetYearOneBase>
                <proc:BudgetYearOneOOC>0</proc:BudgetYearOneOOC>
                <proc:BudgetYearOne>66.645</proc:BudgetYearOne>
            </proc:TotalObligationAuthority>
        </proc:ResourceSummary>
        <proc:Code>A</proc:Code>
        <proc:Description>This line item funds modifications to the (7) VH-3D, (6) VH-60N, (1) UH-60N, and (21) VH-92A. Initial Sundown efforts for legacy aircraft commenced in FY 2021. VH-92A Total Aircraft Inventory projected to be 23 in FY 2026 consisting of two Engineering Development Models and four System Demonstration Test Articles purchased with RDT&amp;E funding PE 0604273M and 17 with APN-4 BLI 0455 procured. The overall goal of the budget in FY 2026 is to continue efforts in accordance with the modification strategy to maintain the VH-3D, VH-60N and VH-92A.

OSIP 14-02: VH Comm Upgrade, supports communication interoperability retrofits through the remainder of the VH-3D and VH-60N aircraft lifecycle. 

OSIP 006-21: VH-92A Improvement Program, provides for the preparation and incorporation of Engineering Change Proposals that are based on added capability and correction of deficiencies, and the implementation of those changes to sustain and improve VH-92A operations. A variety of factors will be addressed including advanced capabilities, communications, air vehicle performance, navigation, weight, safety, and training to remain mission relevant. These modifications will also improve readiness and decrease operating costs.</proc:Description>
        <proc:Justification>Funds are required to continue efforts in accordance with the modification strategy to maintain the VH-3D, VH60N and VH-92A.

The FY 2026 request was reduced by $0.668 million for Advisory and Assistance Services to promote efficiencies and advance the policies of the Administration in alignment with Executive Order 14222, "Implementing the President's Department of Government Efficiency Cost Efficiency Initiative."

The FY 2026 request was reduced by $0.825 million for civilian personnel to optimize the workforce in compliance with Executive Order 14210, "Implementing the President's Department of Government Efficiency Workforce Optimization Initiative."</proc:Justification>
        <proc:ItemExhibitList>
            <proc:P3AModificationItemGroup>
                <proc:ModificationTitle>VH COMM UPGRADE (OSIP 014-02)</proc:ModificationTitle>
                <proc:ModificationNumber>1</proc:ModificationNumber>
                <proc:ModificationType>SAFETY</proc:ModificationType>
                <proc:Model>VH-60N/VH-3D</proc:Model>
                <proc:ResourceSummary>
                    <proc:TotalCost>
                        <proc:AllPriorYears>167.889</proc:AllPriorYears>
                        <proc:PriorYear>0.5</proc:PriorYear>
                        <proc:CurrentYear>0.5</proc:CurrentYear>
                        <proc:BudgetYearOneBase>0.5</proc:BudgetYearOneBase>
                        <proc:BudgetYearOneOOC>0</proc:BudgetYearOneOOC>
                        <proc:BudgetYearOne>0.5</proc:BudgetYearOne>
                    </proc:TotalCost>
                    <proc:NetProcurementP1>
                        <proc:AllPriorYears>167.889</proc:AllPriorYears>
                        <proc:PriorYear>0.5</proc:PriorYear>
                        <proc:CurrentYear>0.5</proc:CurrentYear>
                        <proc:BudgetYearOneBase>0.5</proc:BudgetYearOneBase>
                        <proc:BudgetYearOneOOC>0</proc:BudgetYearOneOOC>
                        <proc:BudgetYearOne>0.5</proc:BudgetYearOne>
                    </proc:NetProcurementP1>
                    <proc:TotalObligationAuthority>
                        <proc:AllPriorYears>167.889</proc:AllPriorYears>
                        <proc:PriorYear>0.5</proc:PriorYear>
                        <proc:CurrentYear>0.5</proc:CurrentYear>
                        <proc:BudgetYearOneBase>0.5</proc:BudgetYearOneBase>
                        <proc:BudgetYearOneOOC>0</proc:BudgetYearOneOOC>
                        <proc:BudgetYearOne>0.5</proc:BudgetYearOne>
                    </proc:TotalObligationAuthority>
                </proc:ResourceSummary>
                <proc:SupportCost>
                    <proc:CostElementList>
                        <proc:CostElement>
                            <proc:Name>3.1) Engineering Change Orders</proc:Name>
                            <proc:Cost>
                                <proc:TotalCost>
                                    <proc:AllPriorYears>2.576</proc:AllPriorYears>
                                </proc:TotalCost>
                            </proc:Cost>
                        </proc:CostElement>
                        <proc:CostElement>
                            <proc:Name>3.2) Data</proc:Name>
                            <proc:Cost>
                                <proc:TotalCost>
                                    <proc:AllPriorYears>10.416</proc:AllPriorYears>
                                </proc:TotalCost>
                            </proc:Cost>
                        </proc:CostElement>
                        <proc:CostElement>
                            <proc:Name>3.3) Software</proc:Name>
                            <proc:Cost>
                                <proc:TotalCost>
                                    <proc:AllPriorYears>13.733</proc:AllPriorYears>
                                </proc:TotalCost>
                            </proc:Cost>
                        </proc:CostElement>
                        <proc:CostElement>
                            <proc:Name>3.4) Training Equipment</proc:Name>
                            <proc:Cost>
                                <proc:TotalCost>
                                    <proc:AllPriorYears>4.894</proc:AllPriorYears>
                                </proc:TotalCost>
                            </proc:Cost>
                        </proc:CostElement>
                        <proc:CostElement>
                            <proc:Name>3.5) Support Equipment</proc:Name>
                            <proc:Cost>
                                <proc:TotalCost>
                                    <proc:AllPriorYears>10.127</proc:AllPriorYears>
                                </proc:TotalCost>
                            </proc:Cost>
                        </proc:CostElement>
                        <proc:CostElement>
                            <proc:Name footnote="Cost Element 3.7: Funding required to ensure communication interoperability through the remainder of the VH-3D and VH-60N aircraft lifecycle">3.7) Other Support</proc:Name>
                            <proc:Cost>
                                <proc:TotalCost>
                                    <proc:AllPriorYears>52.724</proc:AllPriorYears>
                                    <proc:PriorYear>0.5</proc:PriorYear>
                                    <proc:CurrentYear>0.5</proc:CurrentYear>
                                    <proc:BudgetYearOneBase>0.5</proc:BudgetYearOneBase>
                                    <proc:BudgetYearOne>0.5</proc:BudgetYearOne>
                                </proc:TotalCost>
                            </proc:Cost>
                        </proc:CostElement>
                    </proc:CostElementList>
                    <proc:CategorySubtotal>
                        <proc:TotalCost>
                            <proc:AllPriorYears>94.47</proc:AllPriorYears>
                            <proc:PriorYear>0.5</proc:PriorYear>
                            <proc:CurrentYear>0.5</proc:CurrentYear>
                            <proc:BudgetYearOneBase>0.5</proc:BudgetYearOneBase>
                            <proc:BudgetYearOne>0.5</proc:BudgetYearOne>
                        </proc:TotalCost>
                    </proc:CategorySubtotal>
                </proc:SupportCost>
                <proc:ModificationItemList>
                    <proc:ModificationItem>
                        <proc:Title>VH COMM UPGRADE (OSIP 014-02)</proc:Title>
                        <proc:Procurement>
                            <proc:TotalCost>
                                <proc:Quantity>
                                    <proc:AllPriorYears>245</proc:AllPriorYears>
                                </proc:Quantity>
                                <proc:TotalCost>
                                    <proc:AllPriorYears>73.419</proc:AllPriorYears>
                                </proc:TotalCost>
                            </proc:TotalCost>
                        </proc:Procurement>
                        <proc:IndividualModInstallationList>
                            <proc:IndividualModInstallation>
                                <proc:Title>VH-3D Comm Upgrade (WBLoS) Crisis Management System</proc:Title>
                                <proc:KitList>
                                    <proc:Kit>
                                        <proc:Name>1.1.1) VH-3D Comm Upgrade (WBLoS) Crisis Management System - Organic</proc:Name>
                                        <proc:Cost>
                                            <proc:Quantity>
                                                <proc:AllPriorYears>11</proc:AllPriorYears>
                                            </proc:Quantity>
                                            <proc:TotalCost>
                                                <proc:AllPriorYears>0.579</proc:AllPriorYears>
                                            </proc:TotalCost>
                                        </proc:Cost>
                                    </proc:Kit>
                                </proc:KitList>
                                <proc:TotalCost>
                                    <proc:Quantity>
                                        <proc:AllPriorYears>11</proc:AllPriorYears>
                                    </proc:Quantity>
                                    <proc:TotalCost>
                                        <proc:AllPriorYears>0.579</proc:AllPriorYears>
                                    </proc:TotalCost>
                                </proc:TotalCost>
                            </proc:IndividualModInstallation>
                            <proc:IndividualModInstallation>
                                <proc:Title>Archived A Kits</proc:Title>
                                <proc:KitList>
                                    <proc:Kit>
                                        <proc:Name>1.1.2) Archived A Kits - Organic</proc:Name>
                                        <proc:Cost>
                                            <proc:Quantity>
                                                <proc:AllPriorYears>107</proc:AllPriorYears>
                                            </proc:Quantity>
                                            <proc:TotalCost>
                                                <proc:AllPriorYears>9.914</proc:AllPriorYears>
                                            </proc:TotalCost>
                                        </proc:Cost>
                                    </proc:Kit>
                                </proc:KitList>
                                <proc:TotalCost>
                                    <proc:Quantity>
                                        <proc:AllPriorYears>107</proc:AllPriorYears>
                                    </proc:Quantity>
                                    <proc:TotalCost>
                                        <proc:AllPriorYears>9.914</proc:AllPriorYears>
                                    </proc:TotalCost>
                                </proc:TotalCost>
                            </proc:IndividualModInstallation>
                            <proc:IndividualModInstallation>
                                <proc:Title>Installation Kits N/R</proc:Title>
                                <proc:KitList>
                                    <proc:Kit>
                                        <proc:Name>1.2.1) Installation Kits N/R - Organic</proc:Name>
                                        <proc:Cost>
                                            <proc:TotalCost>
                                                <proc:AllPriorYears>12.516</proc:AllPriorYears>
                                            </proc:TotalCost>
                                        </proc:Cost>
                                    </proc:Kit>
                                </proc:KitList>
                                <proc:TotalCost>
                                    <proc:TotalCost>
                                        <proc:AllPriorYears>12.516</proc:AllPriorYears>
                                    </proc:TotalCost>
                                </proc:TotalCost>
                            </proc:IndividualModInstallation>
                            <proc:IndividualModInstallation>
                                <proc:Title>Archived B Kit</proc:Title>
                                <proc:KitList>
                                    <proc:Kit>
                                        <proc:Name>2.1.1) Archived B Kit - Organic</proc:Name>
                                        <proc:Cost>
                                            <proc:Quantity>
                                                <proc:AllPriorYears>127</proc:AllPriorYears>
                                            </proc:Quantity>
                                            <proc:TotalCost>
                                                <proc:AllPriorYears>34.823</proc:AllPriorYears>
                                            </proc:TotalCost>
                                        </proc:Cost>
                                    </proc:Kit>
                                </proc:KitList>
                                <proc:TotalCost>
                                    <proc:Quantity>
                                        <proc:AllPriorYears>127</proc:AllPriorYears>
                                    </proc:Quantity>
                                    <proc:TotalCost>
                                        <proc:AllPriorYears>34.823</proc:AllPriorYears>
                                    </proc:TotalCost>
                                </proc:TotalCost>
                            </proc:IndividualModInstallation>
                            <proc:IndividualModInstallation>
                                <proc:Title>Installation Equipment N/R</proc:Title>
                                <proc:KitList>
                                    <proc:Kit>
                                        <proc:Name>2.2.1) Installation Equipment N/R - Organic</proc:Name>
                                        <proc:Cost>
                                            <proc:TotalCost>
                                                <proc:AllPriorYears>15.587</proc:AllPriorYears>
                                            </proc:TotalCost>
                                        </proc:Cost>
                                    </proc:Kit>
                                </proc:KitList>
                                <proc:TotalCost>
                                    <proc:TotalCost>
                                        <proc:AllPriorYears>15.587</proc:AllPriorYears>
                                    </proc:TotalCost>
                                </proc:TotalCost>
                            </proc:IndividualModInstallation>
                        </proc:IndividualModInstallationList>
                    </proc:ModificationItem>
                </proc:ModificationItemList>
                <proc:ProcurementSubtotal>
                    <proc:TotalCost>
                        <proc:AllPriorYears>73.419</proc:AllPriorYears>
                    </proc:TotalCost>
                </proc:ProcurementSubtotal>
                <proc:Description>DESCRIPTION/JUSTIFICATION:   
In support of the Senior Leaders Communications, a Wideband Line of Sight (WBLoS) system is required. Prior year efforts include the FM (YZ) radio replacements on the VH-3D and VH-60N aircraft to maintain crypto security requirements, as well as all related software/firmware modifications. In FY 2016 procurements commenced for a new radio, antenna, associated accessories, aircraft Operational Flight Programs (OFP) and aircraft integration.  

WBLoS consists of two systems: Hydra Light and Crisis Management. The Hydra Light system consists of a radio, antenna, and amplifier (RFE) that provide the means for a Voice over IP (VoIP) call to be made using the Phoenix Air-to-Ground Communications Network (PAGCN) structure. The Crisis Management system is the router, call manager, and High Assurance Internet Protocol Encryptor (HAIPE) required to connect into the TS/SCI network controlled by DISA. Due to the unique challenges of the aircraft platform (limited space, weight, power, cooling, etc), the WBLoS effort was set up in phases to allow for the hardware development and maturation of technology, which is then employed through phases via software modifications to the radio and/or ground equipment after initial installations. Phase III of the four phase WBLoS effort began in FY 2017 and included the Non Recurring Engineering (NRE) for an upgraded software OFP that will provide the capability for a single WBLoS Terminal to communicate with more than one Ground Entry Point (GEP) at a time in order to minimize transition time between GEPs. It also included the testing and verification of that software. Phase IV, began in FY 2019 and continues through FY 2024.  Phase IV includes a network upgrade to reduce anticipated packet routing delays due to limitations of Open Shortest Path First (OSPF) protocol when transitioning from GEP to GEP. Global Positioning System (GPS) enhancements support the VH requirement of seamless transitions between GEPs. Development and deployment of enhanced capabilities through phases (via software and modifications to the radio and/ or ground equipment) continue after initial installations. As of 22 April 2016, the VH-3D and VH-60N WBLoS communication capability efforts received a Deputy Assistant Secretary of the Navy signed exception to the prohibitions of 10 USC 2244a relating to the modification of aircraft within five years of retirement and disposal. 

DEVELOPMENT STATUS/MAJOR DEVELOPMENT MILESTONES:  In FY 2013, the Deputy Secretary of Defense (DEPSECDEF) initiated the requirement for the WBLoS capability. Research and development efforts began in FY 2014 for this effort; the procurement efforts began in FY 2016. Non recurring engineering efforts for Phase III began in FY 2017. Phase IV software upgrades began in FY 2019.</proc:Description>
            </proc:P3AModificationItemGroup>
            <proc:P3AModificationItemGroup>
                <proc:ModificationTitle>VH-92A IMPROVEMENT PROGRAM (OSIP 006-21)</proc:ModificationTitle>
                <proc:ModificationNumber>3</proc:ModificationNumber>
                <proc:ModificationType>SAFETY</proc:ModificationType>
                <proc:Model>VH-92A</proc:Model>
                <proc:ResourceSummary>
                    <proc:TotalCost>
                        <proc:AllPriorYears>97.62</proc:AllPriorYears>
                        <proc:PriorYear>59.998</proc:PriorYear>
                        <proc:CurrentYear>68.995</proc:CurrentYear>
                        <proc:BudgetYearOneBase>66.145</proc:BudgetYearOneBase>
                        <proc:BudgetYearOneOOC>0</proc:BudgetYearOneOOC>
                        <proc:BudgetYearOne>66.145</proc:BudgetYearOne>
                    </proc:TotalCost>
                    <proc:NetProcurementP1>
                        <proc:AllPriorYears>97.62</proc:AllPriorYears>
                        <proc:PriorYear>59.998</proc:PriorYear>
                        <proc:CurrentYear>68.995</proc:CurrentYear>
                        <proc:BudgetYearOneBase>66.145</proc:BudgetYearOneBase>
                        <proc:BudgetYearOneOOC>0</proc:BudgetYearOneOOC>
                        <proc:BudgetYearOne>66.145</proc:BudgetYearOne>
                    </proc:NetProcurementP1>
                    <proc:TotalObligationAuthority>
                        <proc:AllPriorYears>97.62</proc:AllPriorYears>
                        <proc:PriorYear>59.998</proc:PriorYear>
                        <proc:CurrentYear>68.995</proc:CurrentYear>
                        <proc:BudgetYearOneBase>66.145</proc:BudgetYearOneBase>
                        <proc:BudgetYearOneOOC>0</proc:BudgetYearOneOOC>
                        <proc:BudgetYearOne>66.145</proc:BudgetYearOne>
                    </proc:TotalObligationAuthority>
                </proc:ResourceSummary>
                <proc:SupportCost>
                    <proc:CostElementList>
                        <proc:CostElement>
                            <proc:Name footnote="Cost Element 3.1: Data funding is required to update Interactive Electronic Technical Manuals and publications for all modifications.">3.1) Data</proc:Name>
                            <proc:Cost>
                                <proc:TotalCost>
                                    <proc:AllPriorYears>0.124</proc:AllPriorYears>
                                    <proc:PriorYear>0.378</proc:PriorYear>
                                    <proc:CurrentYear>0.386</proc:CurrentYear>
                                    <proc:BudgetYearOneBase>0.394</proc:BudgetYearOneBase>
                                    <proc:BudgetYearOne>0.394</proc:BudgetYearOne>
                                </proc:TotalCost>
                            </proc:Cost>
                        </proc:CostElement>
                        <proc:CostElement>
                            <proc:Name footnote="Cost Element 3.2: Software funding is required for continued upgrades/modifications to the MCS.">3.2) Software</proc:Name>
                            <proc:Cost>
                                <proc:TotalCost>
                                    <proc:AllPriorYears>7.041</proc:AllPriorYears>
                                    <proc:PriorYear>4.815</proc:PriorYear>
                                    <proc:CurrentYear>4.916</proc:CurrentYear>
                                    <proc:BudgetYearOneBase>5.019</proc:BudgetYearOneBase>
                                    <proc:BudgetYearOne>5.019</proc:BudgetYearOne>
                                </proc:TotalCost>
                            </proc:Cost>
                        </proc:CostElement>
                        <proc:CostElement>
                            <proc:Name footnote="Cost Element 3.3: Training Equipment funding is required to ensure all training devices delivered to the fleet (flight trainers, maintenance trainer, system emulation maintenance trainer, Communication System Operator trainer, aircraft cockpit procedures trainer, and courseware) are concurrent with latest aircraft configuration changes as they are upgraded for various avionics and communication systems.">3.3) Training Equipment</proc:Name>
                            <proc:Cost>
                                <proc:TotalCost>
                                    <proc:AllPriorYears>11.423</proc:AllPriorYears>
                                    <proc:PriorYear>2.273</proc:PriorYear>
                                    <proc:CurrentYear>2.321</proc:CurrentYear>
                                    <proc:BudgetYearOneBase>2.369</proc:BudgetYearOneBase>
                                    <proc:BudgetYearOne>2.369</proc:BudgetYearOne>
                                </proc:TotalCost>
                            </proc:Cost>
                        </proc:CostElement>
                        <proc:CostElement>
                            <proc:Name footnote="Cost Element 3.4: Special tooling and equipment required in support of MCS 5.0 retrofits and other airframe and avionics Engineering Change Proposals.">3.4) Support Equipment</proc:Name>
                            <proc:Cost>
                                <proc:TotalCost>
                                    <proc:AllPriorYears>0.044</proc:AllPriorYears>
                                    <proc:PriorYear>0.419</proc:PriorYear>
                                    <proc:CurrentYear>0.428</proc:CurrentYear>
                                    <proc:BudgetYearOneBase>0.437</proc:BudgetYearOneBase>
                                    <proc:BudgetYearOne>0.437</proc:BudgetYearOne>
                                </proc:TotalCost>
                            </proc:Cost>
                        </proc:CostElement>
                        <proc:CostElement>
                            <proc:Name footnote="Cost Element 3.5: ILS funding is required to support the management of closed loop supply of new A and B kits required for aircraft modifications prior to and upon delivery.">3.5) ILS</proc:Name>
                            <proc:Cost>
                                <proc:TotalCost>
                                    <proc:AllPriorYears>3.953</proc:AllPriorYears>
                                    <proc:PriorYear>2.104</proc:PriorYear>
                                    <proc:CurrentYear>2.148</proc:CurrentYear>
                                    <proc:BudgetYearOneBase>2.193</proc:BudgetYearOneBase>
                                    <proc:BudgetYearOne>2.193</proc:BudgetYearOne>
                                </proc:TotalCost>
                            </proc:Cost>
                        </proc:CostElement>
                        <proc:CostElement>
                            <proc:Name footnote="Cost Element 3.6: Other Support funds required for Level 3 physical security for the Presidential Helicopters Support Facility (PHSF) and PHSF security upgrades as required by the OPNAV instruction 5530.14; as well as, program management support of technical reviews, risk reduction activities, contractor deliverables, configuration management, training, information assurance/cyber security, engineering support, aircraft modification support and warehouse support.">3.6) Other Support</proc:Name>
                            <proc:Cost>
                                <proc:TotalCost>
                                    <proc:AllPriorYears>21.448</proc:AllPriorYears>
                                    <proc:PriorYear>5.467</proc:PriorYear>
                                    <proc:CurrentYear>5.582</proc:CurrentYear>
                                    <proc:BudgetYearOneBase>5.699</proc:BudgetYearOneBase>
                                    <proc:BudgetYearOne>5.699</proc:BudgetYearOne>
                                </proc:TotalCost>
                            </proc:Cost>
                        </proc:CostElement>
                        <proc:CostElement>
                            <proc:Name footnote="Cost Element 3.7: MCS Support funds are required for VH-92A MCS Specific organic engineering support, technical support and technical project management.">3.7) MCS Support</proc:Name>
                            <proc:Cost>
                                <proc:TotalCost>
                                    <proc:AllPriorYears>4.373</proc:AllPriorYears>
                                    <proc:PriorYear>5.493</proc:PriorYear>
                                    <proc:CurrentYear>5.608</proc:CurrentYear>
                                    <proc:BudgetYearOneBase>5.726</proc:BudgetYearOneBase>
                                    <proc:BudgetYearOne>5.726</proc:BudgetYearOne>
                                </proc:TotalCost>
                            </proc:Cost>
                        </proc:CostElement>
                    </proc:CostElementList>
                    <proc:CategorySubtotal>
                        <proc:TotalCost>
                            <proc:AllPriorYears>48.406</proc:AllPriorYears>
                            <proc:PriorYear>20.949</proc:PriorYear>
                            <proc:CurrentYear>21.389</proc:CurrentYear>
                            <proc:BudgetYearOneBase>21.837</proc:BudgetYearOneBase>
                            <proc:BudgetYearOne>21.837</proc:BudgetYearOne>
                        </proc:TotalCost>
                    </proc:CategorySubtotal>
                </proc:SupportCost>
                <proc:ModificationItemList>
                    <proc:ModificationItem>
                        <proc:Title>VH-92A IMPROVEMENT PROGRAM (OSIP 006-21)</proc:Title>
                        <proc:Procurement>
                            <proc:TotalCost>
                                <proc:Quantity>
                                    <proc:AllPriorYears>38</proc:AllPriorYears>
                                    <proc:PriorYear>25</proc:PriorYear>
                                    <proc:CurrentYear>42</proc:CurrentYear>
                                    <proc:BudgetYearOneBase>41</proc:BudgetYearOneBase>
                                    <proc:BudgetYearOne>41</proc:BudgetYearOne>
                                </proc:Quantity>
                                <proc:TotalCost>
                                    <proc:AllPriorYears>49.214</proc:AllPriorYears>
                                    <proc:PriorYear>38.362</proc:PriorYear>
                                    <proc:CurrentYear>44.053</proc:CurrentYear>
                                    <proc:BudgetYearOneBase>41.721</proc:BudgetYearOneBase>
                                    <proc:BudgetYearOne>41.721</proc:BudgetYearOne>
                                </proc:TotalCost>
                            </proc:TotalCost>
                        </proc:Procurement>
                        <proc:Installation>
                            <proc:ImplementationMethodList>
                                <proc:ImplementationMethod>
                                    <proc:NonOrganicInstallation>
                                        <proc:ImplementationMethodName>Contractor Field Mod Team: Sikorsky Aircraft Corp:: Installation Name: Avionics Modification MCS 4.0</proc:ImplementationMethodName>
                                        <proc:InstallationCost>
                                            <proc:AllPriorYears>
                                                <proc:Cost>
                                                    <proc:Quantity>
                                                        <proc:PriorYear>1</proc:PriorYear>
                                                        <proc:CurrentYear>3</proc:CurrentYear>
                                                    </proc:Quantity>
                                                    <proc:TotalCost>
                                                        <proc:PriorYear>0.687</proc:PriorYear>
                                                        <proc:CurrentYear>1.653</proc:CurrentYear>
                                                    </proc:TotalCost>
                                                </proc:Cost>
                                            </proc:AllPriorYears>
                                            <proc:Total>
                                                <proc:Cost>
                                                    <proc:Quantity>
                                                        <proc:PriorYear>1</proc:PriorYear>
                                                        <proc:CurrentYear>3</proc:CurrentYear>
                                                    </proc:Quantity>
                                                    <proc:TotalCost>
                                                        <proc:PriorYear>0.687</proc:PriorYear>
                                                        <proc:CurrentYear>1.653</proc:CurrentYear>
                                                    </proc:TotalCost>
                                                </proc:Cost>
                                            </proc:Total>
                                        </proc:InstallationCost>
                                        <proc:InstallationSchedule>
                                            <proc:In>
                                                <proc:PriorYear>
                                                    <proc:FourthQuarter>1</proc:FourthQuarter>
                                                </proc:PriorYear>
                                                <proc:CurrentYear>
                                                    <proc:SecondQuarter>1</proc:SecondQuarter>
                                                    <proc:ThirdQuarter>2</proc:ThirdQuarter>
                                                </proc:CurrentYear>
                                            </proc:In>
                                            <proc:Out>
                                                <proc:CurrentYear>
                                                    <proc:FirstQuarter>1</proc:FirstQuarter>
                                                    <proc:ThirdQuarter>1</proc:ThirdQuarter>
                                                    <proc:FourthQuarter>2</proc:FourthQuarter>
                                                </proc:CurrentYear>
                                            </proc:Out>
                                        </proc:InstallationSchedule>
                                    </proc:NonOrganicInstallation>
                                </proc:ImplementationMethod>
                                <proc:ImplementationMethod>
                                    <proc:NonOrganicInstallation>
                                        <proc:ImplementationMethodName>Contractor Field Mod Team: Sikorsky Aircraft Corp:: Installation Name: Avionics Modification MCS 5.0</proc:ImplementationMethodName>
                                        <proc:InstallationCost>
                                            <proc:CurrentYear>
                                                <proc:Cost>
                                                    <proc:Quantity>
                                                        <proc:CurrentYear>9</proc:CurrentYear>
                                                        <proc:BudgetYearOneBase>12</proc:BudgetYearOneBase>
                                                        <proc:BudgetYearOneOOC>0</proc:BudgetYearOneOOC>
                                                        <proc:BudgetYearOne>12</proc:BudgetYearOne>
                                                    </proc:Quantity>
                                                    <proc:TotalCost>
                                                        <proc:CurrentYear>1.9</proc:CurrentYear>
                                                        <proc:BudgetYearOneBase>2.587</proc:BudgetYearOneBase>
                                                        <proc:BudgetYearOneOOC>0</proc:BudgetYearOneOOC>
                                                        <proc:BudgetYearOne>2.587</proc:BudgetYearOne>
                                                    </proc:TotalCost>
                                                </proc:Cost>
                                            </proc:CurrentYear>
                                            <proc:Total>
                                                <proc:Cost>
                                                    <proc:Quantity>
                                                        <proc:CurrentYear>9</proc:CurrentYear>
                                                        <proc:BudgetYearOneBase>12</proc:BudgetYearOneBase>
                                                        <proc:BudgetYearOneOOC>0</proc:BudgetYearOneOOC>
                                                        <proc:BudgetYearOne>12</proc:BudgetYearOne>
                                                    </proc:Quantity>
                                                    <proc:TotalCost>
                                                        <proc:CurrentYear>1.9</proc:CurrentYear>
                                                        <proc:BudgetYearOneBase>2.587</proc:BudgetYearOneBase>
                                                        <proc:BudgetYearOneOOC>0</proc:BudgetYearOneOOC>
                                                        <proc:BudgetYearOne>2.587</proc:BudgetYearOne>
                                                    </proc:TotalCost>
                                                </proc:Cost>
                                            </proc:Total>
                                        </proc:InstallationCost>
                                        <proc:InstallationSchedule>
                                            <proc:In>
                                                <proc:CurrentYear>
                                                    <proc:ThirdQuarter>3</proc:ThirdQuarter>
                                                    <proc:FourthQuarter>6</proc:FourthQuarter>
                                                </proc:CurrentYear>
                                                <proc:BudgetYearOne>
                                                    <proc:FirstQuarter>7</proc:FirstQuarter>
                                                    <proc:SecondQuarter>5</proc:SecondQuarter>
                                                </proc:BudgetYearOne>
                                            </proc:In>
                                            <proc:Out>
                                                <proc:CurrentYear>
                                                    <proc:ThirdQuarter>3</proc:ThirdQuarter>
                                                    <proc:FourthQuarter>3</proc:FourthQuarter>
                                                </proc:CurrentYear>
                                                <proc:BudgetYearOne>
                                                    <proc:FirstQuarter>8</proc:FirstQuarter>
                                                    <proc:SecondQuarter>7</proc:SecondQuarter>
                                                </proc:BudgetYearOne>
                                            </proc:Out>
                                        </proc:InstallationSchedule>
                                    </proc:NonOrganicInstallation>
                                </proc:ImplementationMethod>
                                <proc:ImplementationMethod>
                                    <proc:NonOrganicInstallation>
                                        <proc:ImplementationMethodName>TBD Depot Install:: Installation Name: Avionics Modification MCS 5.0 A-Kits - Integrated Starshield</proc:ImplementationMethodName>
                                        <proc:InstallationSchedule>
                                            <proc:In/>
                                            <proc:Out/>
                                        </proc:InstallationSchedule>
                                    </proc:NonOrganicInstallation>
                                </proc:ImplementationMethod>
                            </proc:ImplementationMethodList>
                            <proc:TotalCost>
                                <proc:TotalCost>
                                    <proc:AllPriorYears>0</proc:AllPriorYears>
                                    <proc:PriorYear>0.687</proc:PriorYear>
                                    <proc:CurrentYear>3.553</proc:CurrentYear>
                                    <proc:BudgetYearOneBase>2.587</proc:BudgetYearOneBase>
                                    <proc:BudgetYearOneOOC>0</proc:BudgetYearOneOOC>
                                    <proc:BudgetYearOne>2.587</proc:BudgetYearOne>
                                </proc:TotalCost>
                            </proc:TotalCost>
                        </proc:Installation>
                        <proc:IndividualModInstallationList>
                            <proc:IndividualModInstallation>
                                <proc:Title>Archived Modifications</proc:Title>
                                <proc:KitList>
                                    <proc:Kit>
                                        <proc:Name>1.1.1) Archived Modifications - Organic</proc:Name>
                                        <proc:Cost>
                                            <proc:TotalCost>
                                                <proc:AllPriorYears>5.593</proc:AllPriorYears>
                                            </proc:TotalCost>
                                        </proc:Cost>
                                    </proc:Kit>
                                </proc:KitList>
                                <proc:TotalCost>
                                    <proc:TotalCost>
                                        <proc:AllPriorYears>5.593</proc:AllPriorYears>
                                    </proc:TotalCost>
                                </proc:TotalCost>
                            </proc:IndividualModInstallation>
                            <proc:IndividualModInstallation>
                                <proc:Title>Avionics Modification MCS 4.0 A-Kits</proc:Title>
                                <proc:KitList>
                                    <proc:Kit>
                                        <proc:Name footnote="Cost Element 1.1.6: Avionics Modifications MCS 4.0 remaining 5 through 21 A-kits will not be installed in FY 2025 or FY 2026.  The kits will be held at location and be retrofitted into Aircraft in conjunction with the MCS 5.0 - Integrated Starshield installation schedule.">1.1.6) Avionics Modification MCS 4.0 A-Kits - NonOrganic</proc:Name>
                                        <proc:Cost>
                                            <proc:Quantity>
                                                <proc:AllPriorYears>10</proc:AllPriorYears>
                                                <proc:PriorYear>11</proc:PriorYear>
                                            </proc:Quantity>
                                            <proc:TotalCost>
                                                <proc:AllPriorYears>1.941</proc:AllPriorYears>
                                                <proc:PriorYear>2.745</proc:PriorYear>
                                            </proc:TotalCost>
                                        </proc:Cost>
                                    </proc:Kit>
                                </proc:KitList>
                                <proc:Manufacturer>
                                    <proc:Name>Sikorsky Aircraft Corp - MCS 4.0</proc:Name>
                                    <proc:Location>Stratford, CT</proc:Location>
                                    <proc:ContractDates>
                                        <proc:PriorYear>2023-12</proc:PriorYear>
                                    </proc:ContractDates>
                                    <proc:DeliveryDates>
                                        <proc:PriorYear>2024-12</proc:PriorYear>
                                    </proc:DeliveryDates>
                                    <proc:AdminLeadTimeAfterOct1InMonths>2</proc:AdminLeadTimeAfterOct1InMonths>
                                    <proc:ProductionLeadTimeAfterOct1InMonths>12</proc:ProductionLeadTimeAfterOct1InMonths>
                                </proc:Manufacturer>
                                <proc:ImplementationMethod>
                                    <proc:NonOrganicInstallation>
                                        <proc:ImplementationMethodName>Contractor Field Mod Team: Sikorsky Aircraft Corp:: Installation Name: Avionics Modification MCS 4.0</proc:ImplementationMethodName>
                                        <proc:InstallationCost>
                                            <proc:AllPriorYears>
                                                <proc:Cost>
                                                    <proc:Quantity>
                                                        <proc:PriorYear>1</proc:PriorYear>
                                                        <proc:CurrentYear>3</proc:CurrentYear>
                                                    </proc:Quantity>
                                                    <proc:TotalCost>
                                                        <proc:PriorYear>0.687</proc:PriorYear>
                                                        <proc:CurrentYear>1.653</proc:CurrentYear>
                                                    </proc:TotalCost>
                                                </proc:Cost>
                                            </proc:AllPriorYears>
                                            <proc:Total>
                                                <proc:Cost>
                                                    <proc:Quantity>
                                                        <proc:PriorYear>1</proc:PriorYear>
                                                        <proc:CurrentYear>3</proc:CurrentYear>
                                                    </proc:Quantity>
                                                    <proc:TotalCost>
                                                        <proc:PriorYear>0.687</proc:PriorYear>
                                                        <proc:CurrentYear>1.653</proc:CurrentYear>
                                                    </proc:TotalCost>
                                                </proc:Cost>
                                            </proc:Total>
                                        </proc:InstallationCost>
                                        <proc:InstallationSchedule>
                                            <proc:In>
                                                <proc:PriorYear>
                                                    <proc:FourthQuarter>1</proc:FourthQuarter>
                                                </proc:PriorYear>
                                                <proc:CurrentYear>
                                                    <proc:SecondQuarter>1</proc:SecondQuarter>
                                                    <proc:ThirdQuarter>2</proc:ThirdQuarter>
                                                </proc:CurrentYear>
                                            </proc:In>
                                            <proc:Out>
                                                <proc:CurrentYear>
                                                    <proc:FirstQuarter>1</proc:FirstQuarter>
                                                    <proc:ThirdQuarter>1</proc:ThirdQuarter>
                                                    <proc:FourthQuarter>2</proc:FourthQuarter>
                                                </proc:CurrentYear>
                                            </proc:Out>
                                        </proc:InstallationSchedule>
                                    </proc:NonOrganicInstallation>
                                </proc:ImplementationMethod>
                                <proc:TotalCost>
                                    <proc:TotalCost>
                                        <proc:PriorYear>0.687</proc:PriorYear>
                                        <proc:CurrentYear>1.653</proc:CurrentYear>
                                    </proc:TotalCost>
                                </proc:TotalCost>
                            </proc:IndividualModInstallation>
                            <proc:IndividualModInstallation>
                                <proc:Title>Avionics Modification MCS 5.0 A-Kits - Federated Starshield</proc:Title>
                                <proc:KitList>
                                    <proc:Kit>
                                        <proc:Name>1.1.7) Avionics Modification MCS 5.0 A-Kits - Federated Starshield - NonOrganic</proc:Name>
                                        <proc:Cost>
                                            <proc:Quantity>
                                                <proc:CurrentYear>21</proc:CurrentYear>
                                            </proc:Quantity>
                                            <proc:TotalCost>
                                                <proc:CurrentYear>5.145</proc:CurrentYear>
                                            </proc:TotalCost>
                                        </proc:Cost>
                                    </proc:Kit>
                                </proc:KitList>
                                <proc:Manufacturer>
                                    <proc:Name>LOCKHEED MARTIN LOGISTIC SERVICES, INC - MCS 5.0 Federated Starshield</proc:Name>
                                    <proc:Location>Greenville, SC</proc:Location>
                                    <proc:ContractDates>
                                        <proc:CurrentYear>2025-02</proc:CurrentYear>
                                    </proc:ContractDates>
                                    <proc:DeliveryDates>
                                        <proc:CurrentYear>2025-05</proc:CurrentYear>
                                    </proc:DeliveryDates>
                                    <proc:AdminLeadTimeAfterOct1InMonths>4</proc:AdminLeadTimeAfterOct1InMonths>
                                    <proc:ProductionLeadTimeAfterOct1InMonths>3</proc:ProductionLeadTimeAfterOct1InMonths>
                                </proc:Manufacturer>
                                <proc:ImplementationMethod>
                                    <proc:NonOrganicInstallation>
                                        <proc:ImplementationMethodName>Contractor Field Mod Team: Sikorsky Aircraft Corp:: Installation Name: Avionics Modification MCS 5.0</proc:ImplementationMethodName>
                                        <proc:InstallationCost>
                                            <proc:CurrentYear>
                                                <proc:Cost>
                                                    <proc:Quantity>
                                                        <proc:CurrentYear>9</proc:CurrentYear>
                                                        <proc:BudgetYearOneBase>12</proc:BudgetYearOneBase>
                                                        <proc:BudgetYearOneOOC>0</proc:BudgetYearOneOOC>
                                                        <proc:BudgetYearOne>12</proc:BudgetYearOne>
                                                    </proc:Quantity>
                                                    <proc:TotalCost>
                                                        <proc:CurrentYear>1.9</proc:CurrentYear>
                                                        <proc:BudgetYearOneBase>2.587</proc:BudgetYearOneBase>
                                                        <proc:BudgetYearOneOOC>0</proc:BudgetYearOneOOC>
                                                        <proc:BudgetYearOne>2.587</proc:BudgetYearOne>
                                                    </proc:TotalCost>
                                                </proc:Cost>
                                            </proc:CurrentYear>
                                            <proc:Total>
                                                <proc:Cost>
                                                    <proc:Quantity>
                                                        <proc:CurrentYear>9</proc:CurrentYear>
                                                        <proc:BudgetYearOneBase>12</proc:BudgetYearOneBase>
                                                        <proc:BudgetYearOneOOC>0</proc:BudgetYearOneOOC>
                                                        <proc:BudgetYearOne>12</proc:BudgetYearOne>
                                                    </proc:Quantity>
                                                    <proc:TotalCost>
                                                        <proc:CurrentYear>1.9</proc:CurrentYear>
                                                        <proc:BudgetYearOneBase>2.587</proc:BudgetYearOneBase>
                                                        <proc:BudgetYearOneOOC>0</proc:BudgetYearOneOOC>
                                                        <proc:BudgetYearOne>2.587</proc:BudgetYearOne>
                                                    </proc:TotalCost>
                                                </proc:Cost>
                                            </proc:Total>
                                        </proc:InstallationCost>
                                        <proc:InstallationSchedule>
                                            <proc:In>
                                                <proc:CurrentYear>
                                                    <proc:ThirdQuarter>3</proc:ThirdQuarter>
                                                    <proc:FourthQuarter>6</proc:FourthQuarter>
                                                </proc:CurrentYear>
                                                <proc:BudgetYearOne>
                                                    <proc:FirstQuarter>7</proc:FirstQuarter>
                                                    <proc:SecondQuarter>5</proc:SecondQuarter>
                                                </proc:BudgetYearOne>
                                            </proc:In>
                                            <proc:Out>
                                                <proc:CurrentYear>
                                                    <proc:ThirdQuarter>3</proc:ThirdQuarter>
                                                    <proc:FourthQuarter>3</proc:FourthQuarter>
                                                </proc:CurrentYear>
                                                <proc:BudgetYearOne>
                                                    <proc:FirstQuarter>8</proc:FirstQuarter>
                                                    <proc:SecondQuarter>7</proc:SecondQuarter>
                                                </proc:BudgetYearOne>
                                            </proc:Out>
                                        </proc:InstallationSchedule>
                                    </proc:NonOrganicInstallation>
                                </proc:ImplementationMethod>
                                <proc:TotalCost>
                                    <proc:TotalCost>
                                        <proc:CurrentYear>1.9</proc:CurrentYear>
                                        <proc:BudgetYearOneBase>2.587</proc:BudgetYearOneBase>
                                        <proc:BudgetYearOneOOC>0</proc:BudgetYearOneOOC>
                                        <proc:BudgetYearOne>2.587</proc:BudgetYearOne>
                                    </proc:TotalCost>
                                </proc:TotalCost>
                            </proc:IndividualModInstallation>
                            <proc:IndividualModInstallation>
                                <proc:Title>Avionics Modification MCS 5.0 A-Kits - Integrated Starshield</proc:Title>
                                <proc:KitList>
                                    <proc:Kit>
                                        <proc:Name footnote="Cost Element 1.1.8: Avionics Modifications MCS 5.0 A-Kits Integrated Starshield funds are required for additional wiring and hardware upgrades to support wideband Satellite Communications (SATCOM) bandwidth expansion.">1.1.8) Avionics Modification MCS 5.0 A-Kits - Integrated Starshield - NonOrganic</proc:Name>
                                        <proc:Cost>
                                            <proc:Quantity>
                                                <proc:BudgetYearOneBase>10</proc:BudgetYearOneBase>
                                                <proc:BudgetYearOne>10</proc:BudgetYearOne>
                                            </proc:Quantity>
                                            <proc:TotalCost>
                                                <proc:BudgetYearOneBase>4.56</proc:BudgetYearOneBase>
                                                <proc:BudgetYearOne>4.56</proc:BudgetYearOne>
                                            </proc:TotalCost>
                                        </proc:Cost>
                                    </proc:Kit>
                                </proc:KitList>
                                <proc:Manufacturer>
                                    <proc:Name>Sikorsky Aircraft Corp - MCS 5.0 Integrated Starshield</proc:Name>
                                    <proc:Location>Stratford, CT</proc:Location>
                                    <proc:ContractDates>
                                        <proc:BudgetYearOne>2025-12</proc:BudgetYearOne>
                                    </proc:ContractDates>
                                    <proc:DeliveryDates>
                                        <proc:BudgetYearOne>2026-12</proc:BudgetYearOne>
                                    </proc:DeliveryDates>
                                    <proc:AdminLeadTimeAfterOct1InMonths>2</proc:AdminLeadTimeAfterOct1InMonths>
                                    <proc:ProductionLeadTimeAfterOct1InMonths>12</proc:ProductionLeadTimeAfterOct1InMonths>
                                </proc:Manufacturer>
                                <proc:ImplementationMethod>
                                    <proc:NonOrganicInstallation>
                                        <proc:ImplementationMethodName>TBD Depot Install:: Installation Name: Avionics Modification MCS 5.0 A-Kits - Integrated Starshield</proc:ImplementationMethodName>
                                        <proc:InstallationSchedule>
                                            <proc:In/>
                                            <proc:Out/>
                                        </proc:InstallationSchedule>
                                    </proc:NonOrganicInstallation>
                                </proc:ImplementationMethod>
                            </proc:IndividualModInstallation>
                            <proc:IndividualModInstallation>
                                <proc:Title>Installation A-Kits NRE</proc:Title>
                                <proc:KitList>
                                    <proc:Kit>
                                        <proc:Name footnote="Cost Element 1.2.1: Installation A-Kits NRE funds are required to integrate Mission Communication System (MCS) MUOS antenna upgrades. Installation Kits N/R costs are required for the Airframe and Avionics ECP preparation, tooling, GFE updates, correction of deficiencies coming out of Operational Test &amp; Evaluation, MCS software integration, and platform validation/verification efforts.">1.2.1) Installation A-Kits NRE - Organic</proc:Name>
                                        <proc:Cost>
                                            <proc:TotalCost>
                                                <proc:AllPriorYears>22.841</proc:AllPriorYears>
                                                <proc:PriorYear>18.133</proc:PriorYear>
                                                <proc:CurrentYear>18.514</proc:CurrentYear>
                                                <proc:BudgetYearOneBase>16.921</proc:BudgetYearOneBase>
                                                <proc:BudgetYearOne>16.921</proc:BudgetYearOne>
                                            </proc:TotalCost>
                                        </proc:Cost>
                                    </proc:Kit>
                                </proc:KitList>
                                <proc:TotalCost>
                                    <proc:TotalCost>
                                        <proc:AllPriorYears>22.841</proc:AllPriorYears>
                                        <proc:PriorYear>18.133</proc:PriorYear>
                                        <proc:CurrentYear>18.514</proc:CurrentYear>
                                        <proc:BudgetYearOneBase>16.921</proc:BudgetYearOneBase>
                                        <proc:BudgetYearOne>16.921</proc:BudgetYearOne>
                                    </proc:TotalCost>
                                </proc:TotalCost>
                            </proc:IndividualModInstallation>
                            <proc:IndividualModInstallation>
                                <proc:Title>Avionics Modification MCS 3.3 B-Kits</proc:Title>
                                <proc:KitList>
                                    <proc:Kit>
                                        <proc:Name>2.1.3) Avionics Modification MCS 3.3 B-Kits - Organic</proc:Name>
                                        <proc:Cost>
                                            <proc:Quantity>
                                                <proc:AllPriorYears>19</proc:AllPriorYears>
                                                <proc:PriorYear>2</proc:PriorYear>
                                            </proc:Quantity>
                                            <proc:TotalCost>
                                                <proc:AllPriorYears>3.809</proc:AllPriorYears>
                                                <proc:PriorYear>0.3</proc:PriorYear>
                                            </proc:TotalCost>
                                        </proc:Cost>
                                    </proc:Kit>
                                </proc:KitList>
                                <proc:TotalCost>
                                    <proc:Quantity>
                                        <proc:AllPriorYears>19</proc:AllPriorYears>
                                        <proc:PriorYear>2</proc:PriorYear>
                                    </proc:Quantity>
                                    <proc:TotalCost>
                                        <proc:AllPriorYears>3.809</proc:AllPriorYears>
                                        <proc:PriorYear>0.3</proc:PriorYear>
                                    </proc:TotalCost>
                                </proc:TotalCost>
                            </proc:IndividualModInstallation>
                            <proc:IndividualModInstallation>
                                <proc:Title>Avionics Modification MCS 4.0 B-Kits</proc:Title>
                                <proc:KitList>
                                    <proc:Kit>
                                        <proc:Name>2.1.4) Avionics Modification MCS 4.0 B-Kits - Organic</proc:Name>
                                        <proc:Cost>
                                            <proc:Quantity>
                                                <proc:AllPriorYears>9</proc:AllPriorYears>
                                                <proc:PriorYear>10</proc:PriorYear>
                                                <proc:CurrentYear>2</proc:CurrentYear>
                                            </proc:Quantity>
                                            <proc:TotalCost>
                                                <proc:AllPriorYears>2.4</proc:AllPriorYears>
                                                <proc:PriorYear>3.931</proc:PriorYear>
                                                <proc:CurrentYear>0.803</proc:CurrentYear>
                                            </proc:TotalCost>
                                        </proc:Cost>
                                    </proc:Kit>
                                </proc:KitList>
                                <proc:TotalCost>
                                    <proc:Quantity>
                                        <proc:AllPriorYears>9</proc:AllPriorYears>
                                        <proc:PriorYear>10</proc:PriorYear>
                                        <proc:CurrentYear>2</proc:CurrentYear>
                                    </proc:Quantity>
                                    <proc:TotalCost>
                                        <proc:AllPriorYears>2.4</proc:AllPriorYears>
                                        <proc:PriorYear>3.931</proc:PriorYear>
                                        <proc:CurrentYear>0.803</proc:CurrentYear>
                                    </proc:TotalCost>
                                </proc:TotalCost>
                            </proc:IndividualModInstallation>
                            <proc:IndividualModInstallation>
                                <proc:Title>Avionics Modification MCS 5.0 B-Kits - Federated Starshield</proc:Title>
                                <proc:KitList>
                                    <proc:Kit>
                                        <proc:Name>2.1.5) Avionics Modification MCS 5.0 B-Kits - Federated Starshield - Organic</proc:Name>
                                        <proc:Cost>
                                            <proc:Quantity>
                                                <proc:PriorYear>2</proc:PriorYear>
                                                <proc:CurrentYear>19</proc:CurrentYear>
                                            </proc:Quantity>
                                            <proc:TotalCost>
                                                <proc:PriorYear>3.6</proc:PriorYear>
                                                <proc:CurrentYear>8.703</proc:CurrentYear>
                                            </proc:TotalCost>
                                        </proc:Cost>
                                    </proc:Kit>
                                </proc:KitList>
                                <proc:TotalCost>
                                    <proc:Quantity>
                                        <proc:PriorYear>2</proc:PriorYear>
                                        <proc:CurrentYear>19</proc:CurrentYear>
                                    </proc:Quantity>
                                    <proc:TotalCost>
                                        <proc:PriorYear>3.6</proc:PriorYear>
                                        <proc:CurrentYear>8.703</proc:CurrentYear>
                                    </proc:TotalCost>
                                </proc:TotalCost>
                            </proc:IndividualModInstallation>
                            <proc:IndividualModInstallation>
                                <proc:Title>Avionics Modification MCS 5.0 B-Kits - Integrated Starshield</proc:Title>
                                <proc:KitList>
                                    <proc:Kit>
                                        <proc:Name footnote="Cost Element 2.1.6: Avionics Modifications MCS 5.0 B-Kits Integrated Starshield funding is required for data capacity upgrades for wideband Satellite Communications (SATCOM).">2.1.6) Avionics Modification MCS 5.0 B-Kits - Integrated Starshield - Organic</proc:Name>
                                        <proc:Cost>
                                            <proc:Quantity>
                                                <proc:BudgetYearOneBase>10</proc:BudgetYearOneBase>
                                                <proc:BudgetYearOne>10</proc:BudgetYearOne>
                                            </proc:Quantity>
                                            <proc:TotalCost>
                                                <proc:BudgetYearOneBase>3.323</proc:BudgetYearOneBase>
                                                <proc:BudgetYearOne>3.323</proc:BudgetYearOne>
                                            </proc:TotalCost>
                                        </proc:Cost>
                                    </proc:Kit>
                                </proc:KitList>
                                <proc:TotalCost>
                                    <proc:Quantity>
                                        <proc:BudgetYearOneBase>10</proc:BudgetYearOneBase>
                                        <proc:BudgetYearOne>10</proc:BudgetYearOne>
                                    </proc:Quantity>
                                    <proc:TotalCost>
                                        <proc:BudgetYearOneBase>3.323</proc:BudgetYearOneBase>
                                        <proc:BudgetYearOne>3.323</proc:BudgetYearOne>
                                    </proc:TotalCost>
                                </proc:TotalCost>
                            </proc:IndividualModInstallation>
                            <proc:IndividualModInstallation>
                                <proc:Title>Airframe Modification High Hot Performance (Power Margin Increment 1)</proc:Title>
                                <proc:KitList>
                                    <proc:Kit>
                                        <proc:Name footnote="Cost Element 2.1.8: Airframe Modification high hot performance (Power Margin Increment 1) funding required for 105% transient torque engine performance upgrade B-Kits.">2.1.8) Airframe Modification High Hot Performance (Power Margin Increment 1) - Organic</proc:Name>
                                        <proc:Cost>
                                            <proc:Quantity>
                                                <proc:BudgetYearOneBase>21</proc:BudgetYearOneBase>
                                                <proc:BudgetYearOne>21</proc:BudgetYearOne>
                                            </proc:Quantity>
                                            <proc:TotalCost>
                                                <proc:BudgetYearOneBase>4.8</proc:BudgetYearOneBase>
                                                <proc:BudgetYearOne>4.8</proc:BudgetYearOne>
                                            </proc:TotalCost>
                                        </proc:Cost>
                                    </proc:Kit>
                                </proc:KitList>
                                <proc:TotalCost>
                                    <proc:Quantity>
                                        <proc:BudgetYearOneBase>21</proc:BudgetYearOneBase>
                                        <proc:BudgetYearOne>21</proc:BudgetYearOne>
                                    </proc:Quantity>
                                    <proc:TotalCost>
                                        <proc:BudgetYearOneBase>4.8</proc:BudgetYearOneBase>
                                        <proc:BudgetYearOne>4.8</proc:BudgetYearOne>
                                    </proc:TotalCost>
                                </proc:TotalCost>
                            </proc:IndividualModInstallation>
                            <proc:IndividualModInstallation>
                                <proc:Title>VH-92A Obsolescence NRE</proc:Title>
                                <proc:KitList>
                                    <proc:Kit>
                                        <proc:Name footnote="Cost Element 2.2.1: Increasing VH-92A obsolescence NRE funding from FY2025 to FY2026 is required to address obsolescence issues with various avionics critical to VH-92A operations.">2.2.1) VH-92A Obsolescence NRE - Organic</proc:Name>
                                        <proc:Cost>
                                            <proc:TotalCost>
                                                <proc:AllPriorYears>4.381</proc:AllPriorYears>
                                                <proc:PriorYear>2.472</proc:PriorYear>
                                                <proc:CurrentYear>3.556</proc:CurrentYear>
                                                <proc:BudgetYearOneBase>4.631</proc:BudgetYearOneBase>
                                                <proc:BudgetYearOne>4.631</proc:BudgetYearOne>
                                            </proc:TotalCost>
                                        </proc:Cost>
                                    </proc:Kit>
                                </proc:KitList>
                                <proc:TotalCost>
                                    <proc:TotalCost>
                                        <proc:AllPriorYears>4.381</proc:AllPriorYears>
                                        <proc:PriorYear>2.472</proc:PriorYear>
                                        <proc:CurrentYear>3.556</proc:CurrentYear>
                                        <proc:BudgetYearOneBase>4.631</proc:BudgetYearOneBase>
                                        <proc:BudgetYearOne>4.631</proc:BudgetYearOne>
                                    </proc:TotalCost>
                                </proc:TotalCost>
                            </proc:IndividualModInstallation>
                            <proc:IndividualModInstallation>
                                <proc:Title>Installation Equipment B-Kits NRE</proc:Title>
                                <proc:KitList>
                                    <proc:Kit>
                                        <proc:Name footnote="Cost Element 2.2.2: Installation equipment B-Kit NRE in FY2026 is not for design of the installation equipment, it is for integration testing and FAA certification required to support the MCS 5.0 installation on operational aircraft.">2.2.2) Installation Equipment B-Kits NRE - Organic</proc:Name>
                                        <proc:Cost>
                                            <proc:TotalCost>
                                                <proc:AllPriorYears>8.249</proc:AllPriorYears>
                                                <proc:PriorYear>7.181</proc:PriorYear>
                                                <proc:CurrentYear>7.332</proc:CurrentYear>
                                                <proc:BudgetYearOneBase>7.486</proc:BudgetYearOneBase>
                                                <proc:BudgetYearOne>7.486</proc:BudgetYearOne>
                                            </proc:TotalCost>
                                        </proc:Cost>
                                    </proc:Kit>
                                </proc:KitList>
                                <proc:TotalCost>
                                    <proc:TotalCost>
                                        <proc:AllPriorYears>8.249</proc:AllPriorYears>
                                        <proc:PriorYear>7.181</proc:PriorYear>
                                        <proc:CurrentYear>7.332</proc:CurrentYear>
                                        <proc:BudgetYearOneBase>7.486</proc:BudgetYearOneBase>
                                        <proc:BudgetYearOne>7.486</proc:BudgetYearOne>
                                    </proc:TotalCost>
                                </proc:TotalCost>
                            </proc:IndividualModInstallation>
                        </proc:IndividualModInstallationList>
                    </proc:ModificationItem>
                </proc:ModificationItemList>
                <proc:ProcurementSubtotal>
                    <proc:TotalCost>
                        <proc:AllPriorYears>49.214</proc:AllPriorYears>
                        <proc:PriorYear>38.362</proc:PriorYear>
                        <proc:CurrentYear>44.053</proc:CurrentYear>
                        <proc:BudgetYearOneBase>41.721</proc:BudgetYearOneBase>
                        <proc:BudgetYearOne>41.721</proc:BudgetYearOne>
                    </proc:TotalCost>
                </proc:ProcurementSubtotal>
                <proc:InstallationSubtotal>
                    <proc:TotalCost>
                        <proc:AllPriorYears>0</proc:AllPriorYears>
                        <proc:PriorYear>0.687</proc:PriorYear>
                        <proc:CurrentYear>3.553</proc:CurrentYear>
                        <proc:BudgetYearOneBase>2.587</proc:BudgetYearOneBase>
                        <proc:BudgetYearOne>2.587</proc:BudgetYearOne>
                    </proc:TotalCost>
                </proc:InstallationSubtotal>
                <proc:Description>DESCRIPTION/JUSTIFICATION: The VH-92A provides safe, reliable, and timely transportation for the President, Vice President, Foreign Heads of State, and other official parties as directed by the Director of the White House Military Office. VH-92A Improvement Program provides near and long-term improvements to the fleet, focusing on documented deficiencies related to mission systems, maintainability, incorporates pre-planned product improvements defined in the VH-92A Capabilities Development Document update in lieu of a Capability Production Document, and future product improvements. These modifications and selected component changes are being accomplished by depot level maintenance or field retrofit. Funds will manage, prepare, process and incorporate airframe and avionics Engineering Change Proposals (ECP) based on added capability and corrections of deficiencies, and implement those changes to sustain and improve VH-92A operations and will be identified in the P-3a exhibit as they are approved. ECPs will be implemented to coincide with resources and aircraft availability.

AIRFRAME ECPs: Airframe corrections include all structural components, mounts, cowlings, landing gear, fuselage, propulsion, cabin interior, aircraft support equipment, and various dynamic components. Planned effort includes Air Vehicle performance enhancements, reliability and maintainability, and ancillary power upgrades.

AVIONICS ECPs: Modifications, other than structural deficiencies, are required to ensure safety of flight, aero-performance and maintainability. Avionics systems corrections include aircrew avionics, data, displays, controls, flight management systems, avionics management systems, navigation and safety systems, diagnostic systems, training systems and communication systems. Planned efforts include software and hardware upgrades to the Mission Communication System (MCS), Automatic Dependent Surveillance Broadcast (ADSB) Out, and diagnostic systems. ADSB Out efforts are to comply with Federal Aviation Administration mandates to improve aircraft navigation in national airspace. MCS consists of all narrowband and wideband radios, intercoms, user interfaces, and control systems necessary to support command and mission communications requirements and essential services. Diagnostic upgrades include enhancements for increased detection of critical safety of flight systems.

OBSOLESCENCE: In order to mitigate the risk of Diminishing Manufacturing Sources and Material Shortages (DMSMS), the VH-92A program has a proactive plan to manage the risk associated with obsolescence issues. DMSMS includes material obsolescence which may occur at the part, module, component, equipment, or other system indenture level. These situations may cause material shortages that endanger VH-92A capabilities, readiness, and life cycle support. Preliminary efforts include the incorporation of system bill of materials for active monitoring into predictive tools to prioritize and determine risk associated with possible DMSMS occurrences When issues arise, the solution involves procurement from alternate sources, substitution of components, life of type buys, emulation of components, or ultimately system redesign requiring the modification of VH-92A systems. Obsolescence kit procurements will be focused in the areas of air vehicle, mission systems and avionics.

There is high confidence that this funding level is appropriate and executable for the  aircraft available for retrofit. If funds are not made available, critical correction of deficiencies and emergency service communication enhancements will be delayed or not implemented, and requirements for Full Operation Capability will be delayed. Aircraft readiness will be negatively affected along with adverse impacts to global communications capability and survivability. This would degrade overall aircraft performance and mission effectiveness.

DEVELOPMENT STATUS/MAJOR DEVELOPMENT MILESTONES: The Milestone B Acquisition Decision Memorandum was signed 17 April 2014 and the VH-92A contract for the Engineering and Manufacturing Development phase and priced options for production was awarded on 7 May 2014.  The Milestone C Acquisition Decision Memorandum was signed on 7 June 2019.  Initial Operational Test &amp; Evaluation was completed in April 2021. The Initial Operational Capability milestone was achieved in December 2021.</proc:Description>
            </proc:P3AModificationItemGroup>
            <proc:P3AModificationItemGroup>
                <proc:ModificationTitle>Inactive OSIPs</proc:ModificationTitle>
                <proc:ModificationNumber>4</proc:ModificationNumber>
                <proc:ModificationType>SAFETY</proc:ModificationType>
                <proc:Model>VH-3D / VH-60N</proc:Model>
                <proc:ResourceSummary>
                    <proc:TotalCost>
                        <proc:AllPriorYears>728.054</proc:AllPriorYears>
                        <proc:PriorYear>0</proc:PriorYear>
                        <proc:CurrentYear>0</proc:CurrentYear>
                        <proc:BudgetYearOneBase>0</proc:BudgetYearOneBase>
                        <proc:BudgetYearOneOOC>0</proc:BudgetYearOneOOC>
                        <proc:BudgetYearOne>0</proc:BudgetYearOne>
                    </proc:TotalCost>
                    <proc:NetProcurementP1>
                        <proc:AllPriorYears>728.054</proc:AllPriorYears>
                        <proc:PriorYear>0</proc:PriorYear>
                        <proc:CurrentYear>0</proc:CurrentYear>
                        <proc:BudgetYearOneBase>0</proc:BudgetYearOneBase>
                        <proc:BudgetYearOneOOC>0</proc:BudgetYearOneOOC>
                        <proc:BudgetYearOne>0</proc:BudgetYearOne>
                    </proc:NetProcurementP1>
                    <proc:TotalObligationAuthority>
                        <proc:AllPriorYears>728.054</proc:AllPriorYears>
                        <proc:PriorYear>0</proc:PriorYear>
                        <proc:CurrentYear>0</proc:CurrentYear>
                        <proc:BudgetYearOneBase>0</proc:BudgetYearOneBase>
                        <proc:BudgetYearOneOOC>0</proc:BudgetYearOneOOC>
                        <proc:BudgetYearOne>0</proc:BudgetYearOne>
                    </proc:TotalObligationAuthority>
                </proc:ResourceSummary>
                <proc:ModificationItemList>
                    <proc:ModificationItem>
                        <proc:Title>Inactive OSIPs</proc:Title>
                        <proc:Procurement>
                            <proc:TotalCost>
                                <proc:TotalCost>
                                    <proc:AllPriorYears>728.054</proc:AllPriorYears>
                                </proc:TotalCost>
                            </proc:TotalCost>
                        </proc:Procurement>
                        <proc:IndividualModInstallationList>
                            <proc:IndividualModInstallation>
                                <proc:Title>Inactive OSIPs</proc:Title>
                                <proc:KitList>
                                    <proc:Kit>
                                        <proc:Name>1.2.1) Inactive OSIPs - Organic</proc:Name>
                                        <proc:Cost>
                                            <proc:TotalCost>
                                                <proc:AllPriorYears>728.054</proc:AllPriorYears>
                                            </proc:TotalCost>
                                        </proc:Cost>
                                    </proc:Kit>
                                </proc:KitList>
                                <proc:TotalCost>
                                    <proc:TotalCost>
                                        <proc:AllPriorYears>728.054</proc:AllPriorYears>
                                    </proc:TotalCost>
                                </proc:TotalCost>
                            </proc:IndividualModInstallation>
                        </proc:IndividualModInstallationList>
                    </proc:ModificationItem>
                </proc:ModificationItemList>
                <proc:ProcurementSubtotal>
                    <proc:TotalCost>
                        <proc:AllPriorYears>728.054</proc:AllPriorYears>
                    </proc:TotalCost>
                </proc:ProcurementSubtotal>
                <proc:Description>Obsolescence Management Program OSIP 023-09 completed in FY 2020 and has been moved to In-Active OSIPs.
VH-3D Cockpit Upgrade  OSIP 010-12 completed in FY 2019 and has been moved to In-Active OSIPs.
VH-3D Lift Improvement Program (LIP) OSIP 011-06 completed in FY 2012 and has been moved to In-Active OSIPs.
VH-60N Cockpit Upgrade OSIP 009-02 completed in FY 2016 and has been moved to In-Active OSIPs.
VH-3D/VH-60N Trainer Conversion OSIP 009-11 completed in FY 2016 and has been moved to In-Active OSIPs.
VH Structural Enhancements OSIP 016-08 completed in FY 2023 and has been moved to In-Active OSIPs.</proc:Description>
            </proc:P3AModificationItemGroup>
        </proc:ItemExhibitList>
        <proc:DocumentAssemblyOptions>
            <proc:p40AItemScheduleSetting>total</proc:p40AItemScheduleSetting>
        </proc:DocumentAssemblyOptions>
    </proc:LineItem>
</proc:LineItemList>