<?xml version="1.0" encoding="UTF-8"?>
<proc:LineItemList xmlns:proc="http://www.dtic.mil/comptroller/xml/schema/20100219/procurement">
    <proc:LineItem quantityUnits="Each" unitCostUnits="Dollars" totalCostUnits="Millions" manufacturerRateUnits="Yearly" suppressOutfittingDeliveryBY2ToBY5="true">
        <proc:LineItemNumber>0562</proc:LineItemNumber>
        <proc:LineItemTitle>Cargo/Transport Acft Series</proc:LineItemTitle>
        <proc:P1LineNumber>56</proc:P1LineNumber>
        <proc:BudgetYear>2026</proc:BudgetYear>
        <proc:BudgetCycle>PB</proc:BudgetCycle>
        <proc:SubmissionDate>2025-06</proc:SubmissionDate>
        <proc:ServiceAgencyName>Navy</proc:ServiceAgencyName>
        <proc:AppropriationNumber>1506N</proc:AppropriationNumber>
        <proc:AppropriationTitle>Aircraft Procurement, Navy</proc:AppropriationTitle>
        <proc:BudgetActivityNumber>5</proc:BudgetActivityNumber>
        <proc:BudgetActivityTitle>Modification of Aircraft</proc:BudgetActivityTitle>
        <proc:BudgetSubActivityNumber>1</proc:BudgetSubActivityNumber>
        <proc:BudgetSubActivityTitle>Modification of Aircraft</proc:BudgetSubActivityTitle>
        <proc:ResourceSummary>
            <proc:TotalCost>
                <proc:AllPriorYears>339.59</proc:AllPriorYears>
                <proc:PriorYear>13.71</proc:PriorYear>
                <proc:CurrentYear>13.162</proc:CurrentYear>
                <proc:BudgetYearOneBase>7.526</proc:BudgetYearOneBase>
                <proc:BudgetYearOneOOC>0</proc:BudgetYearOneOOC>
                <proc:BudgetYearOne>7.526</proc:BudgetYearOne>
            </proc:TotalCost>
            <proc:NetProcurementP1>
                <proc:AllPriorYears>339.59</proc:AllPriorYears>
                <proc:PriorYear>13.71</proc:PriorYear>
                <proc:CurrentYear>13.162</proc:CurrentYear>
                <proc:BudgetYearOneBase>7.526</proc:BudgetYearOneBase>
                <proc:BudgetYearOneOOC>0</proc:BudgetYearOneOOC>
                <proc:BudgetYearOne>7.526</proc:BudgetYearOne>
            </proc:NetProcurementP1>
            <proc:TotalObligationAuthority>
                <proc:AllPriorYears>339.59</proc:AllPriorYears>
                <proc:PriorYear>13.71</proc:PriorYear>
                <proc:CurrentYear>13.162</proc:CurrentYear>
                <proc:BudgetYearOneBase>7.526</proc:BudgetYearOneBase>
                <proc:BudgetYearOneOOC>0</proc:BudgetYearOneOOC>
                <proc:BudgetYearOne>7.526</proc:BudgetYearOne>
            </proc:TotalObligationAuthority>
        </proc:ResourceSummary>
        <proc:Code>A</proc:Code>
        <proc:SecondaryDistribution>
            <proc:ComponentList>
                <proc:Component>
                    <proc:Name>Navy Active</proc:Name>
                    <proc:Cost>
                        <proc:TotalCost>
                            <proc:PriorYear>3.016</proc:PriorYear>
                            <proc:CurrentYear>2.017</proc:CurrentYear>
                            <proc:BudgetYearOneBase>0.329</proc:BudgetYearOneBase>
                            <proc:BudgetYearOne>0.329</proc:BudgetYearOne>
                        </proc:TotalCost>
                    </proc:Cost>
                </proc:Component>
                <proc:Component>
                    <proc:Name>Navy Reserve</proc:Name>
                    <proc:Cost>
                        <proc:TotalCost>
                            <proc:PriorYear>10.694</proc:PriorYear>
                            <proc:CurrentYear>11.145</proc:CurrentYear>
                            <proc:BudgetYearOneBase>7.197</proc:BudgetYearOneBase>
                            <proc:BudgetYearOne>7.197</proc:BudgetYearOne>
                        </proc:TotalCost>
                    </proc:Cost>
                </proc:Component>
            </proc:ComponentList>
            <proc:TotalCost>
                <proc:TotalCost>
                    <proc:PriorYear>13.71</proc:PriorYear>
                    <proc:CurrentYear>13.162</proc:CurrentYear>
                    <proc:BudgetYearOneBase>7.526</proc:BudgetYearOneBase>
                    <proc:BudgetYearOne>7.526</proc:BudgetYearOne>
                </proc:TotalCost>
            </proc:TotalCost>
        </proc:SecondaryDistribution>
        <proc:Description>This line item funds Safety / Obsolescence upgrades, Federal Aviation Administration (FAA) configuration updates, and Communication, Navigation, and Surveillance Air Traffic Management (CNS/ATM) modifications in support of FAA Next Generation Air Transportation System (NextGen) to the following cargo and transport aircraft: C-40A (QTY 19), C-20G (QTY 2), C-37A (QTY 1), C-37B (QTY 3), C-26D (QTY 7), UC-35D (QTY 10), UC-12F (QTY 10), UC-12M (QTY 9), UC-12W (QTY 7), and UC-12W+ (QTY 2).

The C-40A Clipper, C-20G Gulfstream IV, C-37A Gulfstream V, C-37B Gulfstream 550, and UC-35D Cessna Encore are commercial twin engine jet transport aircraft that provide time-critical medium lift logistic support for the fleet combatant commanders. The C-40A can accommodate 121 passengers, or 8 pallets of cargo, or a combination configuration of 3 pallets and 70 passengers with a range of 3,400 nautical miles. The C-20G can accommodate 26 passengers or 3 pallets of cargo, or a combination of pallets and passengers with a range of 5,100 nautical miles. The C-37 provides worldwide executive transport to Secretary of the Navy, Chief of Naval Operations, Commandant of the Marine Corps, and Fleet Commanders. The UC-35 provides transport for high priority passenger/cargo missions with time, place or mission sensitive requirements. The UC-35 can accommodate 7 passengers or 1,200 pounds of cargo with a range of 1,300 nautical miles. The UC-12 King Air and C-26 Metroliner variants are commercial twin turbo-prop aircraft that provide shorter-range light lift passenger/cargo transport and range control missions. The UC-12F/M is capable of carrying 8 passengers or maximum cargo capacity of 2,850 pounds, with a range of 1,075 nautical miles. The UC-12W and UC-12W+ are capable of carrying 9 passengers or a maximum capacity of 3,000 pounds with a range of 2,345 nautical miles. The C-26 is capable of carrying 19 passengers 1,300 nautical miles.

OSIP 071-86:  Federal Aviation Administration (FAA) Configuration Updates Reserve Forces incorporates FAA mandates required for commercial aircraft.

OSIP 012-04:  Communication, Navigation and Surveillance - Air Traffic Management (CNS-ATM) updates are required to retain the Navy's capability to operate these aircraft worldwide. 

OSIP 013-16:  Safety/Obsolescence Upgrades: Modifications support all readiness, obsolescence, and safety of flight improvements to existing Navy peculiar aircraft systems.

FY26 modifications include the following:
C-40A: Electronic Flight Bag Tablet Charging, Mode 5 NRE, Multi-Mode Receiver (MMR), and Flight Management System.
C-37A: Enhanced Ground Proximity Warning System (EGPWS).
C-37A/B: Avionics Enhancement for Automatic Dependent Surveillance - Broadcast (ADS-B) In, Auto Pilot Traffic Collision Avoidance System (AP-TCAS), and Runway Overrun Awareness and Alerting System (ROASS).</proc:Description>
        <proc:Justification>The FY 2026 request funds FAA Service Bulletin compliance, required Communication, Navigation and Surveillance / Air Traffic Management (CNS/ATM) modifications, and safety/obsolescence upgrades for Cargo Transport Aircraft.

The FY 2026 request was reduced by $0.545 million for Advisory and Assistance Services to promote efficiencies and advance the policies of the Administration in alignment with Executive Order 14222, "Implementing the President's Department of Government Efficiency Cost Efficiency Initiative."

The FY 2026 request was reduced by $0.084 million for civilian personnel to optimize the workforce in compliance with Executive Order 14210, "Implementing the President's Department of Government Efficiency Workforce Optimization Initiative."</proc:Justification>
        <proc:ItemExhibitList>
            <proc:P3AModificationItemGroup>
                <proc:ModificationTitle>FEDERAL AVIATION ADMINISTRATION (FAA) CONFIGURATION UPDATES RESERVE FORCES (OSIP 071-86)</proc:ModificationTitle>
                <proc:ModificationNumber>1</proc:ModificationNumber>
                <proc:ModificationType>SAFETY/RELIABILITY</proc:ModificationType>
                <proc:Model>CARGO TRANSPORT AC SERIES</proc:Model>
                <proc:ResourceSummary>
                    <proc:TotalCost>
                        <proc:AllPriorYears>22.608</proc:AllPriorYears>
                        <proc:PriorYear>0.025</proc:PriorYear>
                        <proc:CurrentYear>0.025</proc:CurrentYear>
                        <proc:BudgetYearOneBase>0.025</proc:BudgetYearOneBase>
                        <proc:BudgetYearOneOOC>0</proc:BudgetYearOneOOC>
                        <proc:BudgetYearOne>0.025</proc:BudgetYearOne>
                    </proc:TotalCost>
                    <proc:NetProcurementP1>
                        <proc:AllPriorYears>22.608</proc:AllPriorYears>
                        <proc:PriorYear>0.025</proc:PriorYear>
                        <proc:CurrentYear>0.025</proc:CurrentYear>
                        <proc:BudgetYearOneBase>0.025</proc:BudgetYearOneBase>
                        <proc:BudgetYearOneOOC>0</proc:BudgetYearOneOOC>
                        <proc:BudgetYearOne>0.025</proc:BudgetYearOne>
                    </proc:NetProcurementP1>
                    <proc:TotalObligationAuthority>
                        <proc:AllPriorYears>22.608</proc:AllPriorYears>
                        <proc:PriorYear>0.025</proc:PriorYear>
                        <proc:CurrentYear>0.025</proc:CurrentYear>
                        <proc:BudgetYearOneBase>0.025</proc:BudgetYearOneBase>
                        <proc:BudgetYearOneOOC>0</proc:BudgetYearOneOOC>
                        <proc:BudgetYearOne>0.025</proc:BudgetYearOne>
                    </proc:TotalObligationAuthority>
                </proc:ResourceSummary>
                <proc:SupportCost>
                    <proc:CostElementList>
                        <proc:CostElement>
                            <proc:Name>3.1) Engineering Change Orders</proc:Name>
                            <proc:Cost>
                                <proc:TotalCost>
                                    <proc:AllPriorYears>0.36</proc:AllPriorYears>
                                </proc:TotalCost>
                            </proc:Cost>
                        </proc:CostElement>
                        <proc:CostElement>
                            <proc:Name>3.2) Data</proc:Name>
                            <proc:Cost>
                                <proc:TotalCost>
                                    <proc:AllPriorYears>0.293</proc:AllPriorYears>
                                </proc:TotalCost>
                            </proc:Cost>
                        </proc:CostElement>
                        <proc:CostElement>
                            <proc:Name>3.3) Training Equipment</proc:Name>
                            <proc:Cost>
                                <proc:TotalCost>
                                    <proc:AllPriorYears>0.206</proc:AllPriorYears>
                                </proc:TotalCost>
                            </proc:Cost>
                        </proc:CostElement>
                        <proc:CostElement>
                            <proc:Name>3.5) ILS</proc:Name>
                            <proc:Cost>
                                <proc:TotalCost>
                                    <proc:AllPriorYears>0.016</proc:AllPriorYears>
                                </proc:TotalCost>
                            </proc:Cost>
                        </proc:CostElement>
                        <proc:CostElement>
                            <proc:Name>3.6) Other Support</proc:Name>
                            <proc:Cost>
                                <proc:TotalCost>
                                    <proc:AllPriorYears>0.816</proc:AllPriorYears>
                                </proc:TotalCost>
                            </proc:Cost>
                        </proc:CostElement>
                        <proc:CostElement>
                            <proc:Name>3.7) Interim Contractor Support</proc:Name>
                            <proc:Cost>
                                <proc:TotalCost>
                                    <proc:AllPriorYears>0.207</proc:AllPriorYears>
                                </proc:TotalCost>
                            </proc:Cost>
                        </proc:CostElement>
                    </proc:CostElementList>
                    <proc:CategorySubtotal>
                        <proc:TotalCost>
                            <proc:AllPriorYears>1.898</proc:AllPriorYears>
                        </proc:TotalCost>
                    </proc:CategorySubtotal>
                </proc:SupportCost>
                <proc:ModificationItemList>
                    <proc:ModificationItem>
                        <proc:Title>FEDERAL AVIATION ADMINISTRATION (FAA) CONFIGURATION UPDATES RESERVE FORCES (OSIP 071-86)</proc:Title>
                        <proc:Procurement>
                            <proc:AKits>
                                <proc:Recurring>
                                    <proc:KitList>
                                        <proc:Kit>
                                            <proc:Name>1.1.1) Tech Directive Implementation - Organic</proc:Name>
                                            <proc:Cost>
                                                <proc:TotalCost>
                                                    <proc:AllPriorYears>0.4</proc:AllPriorYears>
                                                    <proc:PriorYear>0.025</proc:PriorYear>
                                                    <proc:CurrentYear>0.025</proc:CurrentYear>
                                                    <proc:BudgetYearOneBase>0.025</proc:BudgetYearOneBase>
                                                    <proc:BudgetYearOne>0.025</proc:BudgetYearOne>
                                                </proc:TotalCost>
                                            </proc:Cost>
                                        </proc:Kit>
                                        <proc:Kit>
                                            <proc:Name>1.1.2) Archived Cost Elements - Organic</proc:Name>
                                            <proc:Cost>
                                                <proc:TotalCost>
                                                    <proc:AllPriorYears>17.478</proc:AllPriorYears>
                                                </proc:TotalCost>
                                            </proc:Cost>
                                        </proc:Kit>
                                    </proc:KitList>
                                    <proc:CategorySubtotal>
                                        <proc:TotalCost>
                                            <proc:AllPriorYears>17.878</proc:AllPriorYears>
                                            <proc:PriorYear>0.025</proc:PriorYear>
                                            <proc:CurrentYear>0.025</proc:CurrentYear>
                                            <proc:BudgetYearOneBase>0.025</proc:BudgetYearOneBase>
                                            <proc:BudgetYearOne>0.025</proc:BudgetYearOne>
                                        </proc:TotalCost>
                                    </proc:CategorySubtotal>
                                </proc:Recurring>
                                <proc:NonRecurring>
                                    <proc:KitList>
                                        <proc:Kit>
                                            <proc:Name>1.2.1) Installation Kits N/R - Organic</proc:Name>
                                            <proc:Cost>
                                                <proc:TotalCost>
                                                    <proc:AllPriorYears>2.832</proc:AllPriorYears>
                                                </proc:TotalCost>
                                            </proc:Cost>
                                        </proc:Kit>
                                    </proc:KitList>
                                    <proc:CategorySubtotal>
                                        <proc:TotalCost>
                                            <proc:AllPriorYears>2.832</proc:AllPriorYears>
                                        </proc:TotalCost>
                                    </proc:CategorySubtotal>
                                </proc:NonRecurring>
                                <proc:CategorySubtotal>
                                    <proc:TotalCost>
                                        <proc:AllPriorYears>20.71</proc:AllPriorYears>
                                        <proc:PriorYear>0.025</proc:PriorYear>
                                        <proc:CurrentYear>0.025</proc:CurrentYear>
                                        <proc:BudgetYearOneBase>0.025</proc:BudgetYearOneBase>
                                        <proc:BudgetYearOne>0.025</proc:BudgetYearOne>
                                    </proc:TotalCost>
                                </proc:CategorySubtotal>
                            </proc:AKits>
                            <proc:TotalCost>
                                <proc:TotalCost>
                                    <proc:AllPriorYears>20.71</proc:AllPriorYears>
                                    <proc:PriorYear>0.025</proc:PriorYear>
                                    <proc:CurrentYear>0.025</proc:CurrentYear>
                                    <proc:BudgetYearOneBase>0.025</proc:BudgetYearOneBase>
                                    <proc:BudgetYearOne>0.025</proc:BudgetYearOne>
                                </proc:TotalCost>
                            </proc:TotalCost>
                        </proc:Procurement>
                    </proc:ModificationItem>
                </proc:ModificationItemList>
                <proc:ProcurementSubtotal>
                    <proc:TotalCost>
                        <proc:AllPriorYears>20.71</proc:AllPriorYears>
                        <proc:PriorYear>0.025</proc:PriorYear>
                        <proc:CurrentYear>0.025</proc:CurrentYear>
                        <proc:BudgetYearOneBase>0.025</proc:BudgetYearOneBase>
                        <proc:BudgetYearOne>0.025</proc:BudgetYearOne>
                    </proc:TotalCost>
                </proc:ProcurementSubtotal>
                <proc:Description>To ensure safe, reliable, Federal Aviation Administration (FAA)/Navy certified aircraft and assuring continued life extension, the Navy must maintain configuration and integrity compatible with FAA certified commercial models by incorporation of applicable Service Bulletins, which also serves to preclude extensive repairs/repetitive inspections. Crew equipment requirements in accordance with FAA directives and/or Navy requirements ensuring maximum safety in case of emergency. Specific examples of systems that will require modification to conform to FAA Service Bulletins and Directives include Brakes, Landing Gear Systems, Flight Controls, Engine Modifications, Propeller Modifications, Airframe Modifications, Hydraulics, Electrical/Mechanical Systems &amp; Components, Fuel Systems, Software Modifications/Upgrades, Fire Detection Systems, Interior Environmental Systems, Pressurization Systems, Oxygen Systems, Pitot-Static Systems and Smoke/Fire Detection Systems, and Communication and Navigation System Upgrades. Modifications budgeted in this Operational Safety and Improvement Program include the incorporation of Service Bulletins/Directives requirements into the C-40A, C-20G, C-37A, C-37B, C-26D, UC-35D, UC-12F, UC-12M, UC-12W, and UC-12W+ aircraft.

Development Status/Major Development Milestones: Service Bulletins are reviewed for possible incorporation on an as required basis. Prototype verification has been previously accomplished and approved by the FAA.</proc:Description>
            </proc:P3AModificationItemGroup>
            <proc:P3AModificationItemGroup>
                <proc:ModificationTitle>COMMUNICATION, NAVIGATION AND SURVEILLANCE - AIR TRAFFIC MANAGEMENT RESERVE FORCES (OSIP 012-04)</proc:ModificationTitle>
                <proc:ModificationNumber>2</proc:ModificationNumber>
                <proc:ModificationType>SAFETY/RELIABILITY</proc:ModificationType>
                <proc:Model>CARGO TRANSPORT AC SERIES</proc:Model>
                <proc:ResourceSummary>
                    <proc:TotalCost>
                        <proc:AllPriorYears>225.842</proc:AllPriorYears>
                        <proc:PriorYear>11.96</proc:PriorYear>
                        <proc:CurrentYear>12.709</proc:CurrentYear>
                        <proc:BudgetYearOneBase>7.476</proc:BudgetYearOneBase>
                        <proc:BudgetYearOneOOC>0</proc:BudgetYearOneOOC>
                        <proc:BudgetYearOne>7.476</proc:BudgetYearOne>
                    </proc:TotalCost>
                    <proc:NetProcurementP1>
                        <proc:AllPriorYears>225.842</proc:AllPriorYears>
                        <proc:PriorYear>11.96</proc:PriorYear>
                        <proc:CurrentYear>12.709</proc:CurrentYear>
                        <proc:BudgetYearOneBase>7.476</proc:BudgetYearOneBase>
                        <proc:BudgetYearOneOOC>0</proc:BudgetYearOneOOC>
                        <proc:BudgetYearOne>7.476</proc:BudgetYearOne>
                    </proc:NetProcurementP1>
                    <proc:TotalObligationAuthority>
                        <proc:AllPriorYears>225.842</proc:AllPriorYears>
                        <proc:PriorYear>11.96</proc:PriorYear>
                        <proc:CurrentYear>12.709</proc:CurrentYear>
                        <proc:BudgetYearOneBase>7.476</proc:BudgetYearOneBase>
                        <proc:BudgetYearOneOOC>0</proc:BudgetYearOneOOC>
                        <proc:BudgetYearOne>7.476</proc:BudgetYearOne>
                    </proc:TotalObligationAuthority>
                </proc:ResourceSummary>
                <proc:SupportCost>
                    <proc:CostElementList>
                        <proc:CostElement>
                            <proc:Name>3.1) Engineering Change Orders</proc:Name>
                            <proc:Cost>
                                <proc:TotalCost>
                                    <proc:AllPriorYears>0.16</proc:AllPriorYears>
                                </proc:TotalCost>
                            </proc:Cost>
                        </proc:CostElement>
                        <proc:CostElement>
                            <proc:Name>3.2) Data</proc:Name>
                            <proc:Cost>
                                <proc:TotalCost>
                                    <proc:AllPriorYears>7.114</proc:AllPriorYears>
                                    <proc:PriorYear>0.375</proc:PriorYear>
                                    <proc:CurrentYear>0.373</proc:CurrentYear>
                                    <proc:BudgetYearOneBase>0.38</proc:BudgetYearOneBase>
                                    <proc:BudgetYearOne>0.38</proc:BudgetYearOne>
                                </proc:TotalCost>
                            </proc:Cost>
                        </proc:CostElement>
                        <proc:CostElement>
                            <proc:Name>3.3) Training Equipment</proc:Name>
                            <proc:Cost>
                                <proc:TotalCost>
                                    <proc:AllPriorYears>1.778</proc:AllPriorYears>
                                </proc:TotalCost>
                            </proc:Cost>
                        </proc:CostElement>
                        <proc:CostElement>
                            <proc:Name>3.4) Support Equipment</proc:Name>
                            <proc:Cost>
                                <proc:TotalCost>
                                    <proc:AllPriorYears>0.626</proc:AllPriorYears>
                                </proc:TotalCost>
                            </proc:Cost>
                        </proc:CostElement>
                        <proc:CostElement>
                            <proc:Name>3.5) ILS</proc:Name>
                            <proc:Cost>
                                <proc:TotalCost>
                                    <proc:AllPriorYears>5.94</proc:AllPriorYears>
                                    <proc:PriorYear>0.517</proc:PriorYear>
                                    <proc:CurrentYear>0.453</proc:CurrentYear>
                                    <proc:BudgetYearOneBase>0.462</proc:BudgetYearOneBase>
                                    <proc:BudgetYearOne>0.462</proc:BudgetYearOne>
                                </proc:TotalCost>
                            </proc:Cost>
                        </proc:CostElement>
                        <proc:CostElement>
                            <proc:Name>3.6) Other Support</proc:Name>
                            <proc:Cost>
                                <proc:TotalCost>
                                    <proc:AllPriorYears>18.142</proc:AllPriorYears>
                                    <proc:PriorYear>0.831</proc:PriorYear>
                                    <proc:CurrentYear>0.651</proc:CurrentYear>
                                    <proc:BudgetYearOneBase>0.683</proc:BudgetYearOneBase>
                                    <proc:BudgetYearOne>0.683</proc:BudgetYearOne>
                                </proc:TotalCost>
                            </proc:Cost>
                        </proc:CostElement>
                    </proc:CostElementList>
                    <proc:CategorySubtotal>
                        <proc:TotalCost>
                            <proc:AllPriorYears>33.76</proc:AllPriorYears>
                            <proc:PriorYear>1.723</proc:PriorYear>
                            <proc:CurrentYear>1.477</proc:CurrentYear>
                            <proc:BudgetYearOneBase>1.525</proc:BudgetYearOneBase>
                            <proc:BudgetYearOne>1.525</proc:BudgetYearOne>
                        </proc:TotalCost>
                    </proc:CategorySubtotal>
                </proc:SupportCost>
                <proc:ModificationItemList>
                    <proc:ModificationItem>
                        <proc:Title>COMMUNICATION, NAVIGATION AND SURVEILLANCE - AIR TRAFFIC MANAGEMENT RESERVE FORCES (OSIP 012-04)</proc:Title>
                        <proc:Procurement>
                            <proc:TotalCost>
                                <proc:Quantity>
                                    <proc:AllPriorYears>21</proc:AllPriorYears>
                                    <proc:PriorYear>24</proc:PriorYear>
                                    <proc:CurrentYear>17</proc:CurrentYear>
                                    <proc:BudgetYearOneBase>15</proc:BudgetYearOneBase>
                                    <proc:BudgetYearOne>15</proc:BudgetYearOne>
                                </proc:Quantity>
                                <proc:TotalCost>
                                    <proc:AllPriorYears>192.082</proc:AllPriorYears>
                                    <proc:PriorYear>10.237</proc:PriorYear>
                                    <proc:CurrentYear>11.232</proc:CurrentYear>
                                    <proc:BudgetYearOneBase>5.951</proc:BudgetYearOneBase>
                                    <proc:BudgetYearOne>5.951</proc:BudgetYearOne>
                                </proc:TotalCost>
                            </proc:TotalCost>
                        </proc:Procurement>
                        <proc:IndividualModInstallationList>
                            <proc:IndividualModInstallation>
                                <proc:Title>Block 3 (UC-35)</proc:Title>
                                <proc:KitList>
                                    <proc:Kit>
                                        <proc:Name>1.1.1) Block 3 (UC-35) - Organic</proc:Name>
                                        <proc:Cost>
                                            <proc:Quantity>
                                                <proc:PriorYear>1</proc:PriorYear>
                                            </proc:Quantity>
                                            <proc:TotalCost>
                                                <proc:PriorYear>0.03</proc:PriorYear>
                                            </proc:TotalCost>
                                        </proc:Cost>
                                    </proc:Kit>
                                </proc:KitList>
                                <proc:TotalCost>
                                    <proc:Quantity>
                                        <proc:PriorYear>1</proc:PriorYear>
                                    </proc:Quantity>
                                    <proc:TotalCost>
                                        <proc:PriorYear>0.03</proc:PriorYear>
                                    </proc:TotalCost>
                                </proc:TotalCost>
                            </proc:IndividualModInstallation>
                            <proc:IndividualModInstallation>
                                <proc:Title>Block 4 (C-40)</proc:Title>
                                <proc:KitList>
                                    <proc:Kit>
                                        <proc:Name>1.1.2) Block 4 (C-40) - Organic</proc:Name>
                                        <proc:Cost>
                                            <proc:Quantity>
                                                <proc:AllPriorYears>4</proc:AllPriorYears>
                                                <proc:PriorYear>3</proc:PriorYear>
                                            </proc:Quantity>
                                            <proc:TotalCost>
                                                <proc:AllPriorYears>1.896</proc:AllPriorYears>
                                                <proc:PriorYear>0.729</proc:PriorYear>
                                            </proc:TotalCost>
                                        </proc:Cost>
                                    </proc:Kit>
                                </proc:KitList>
                                <proc:TotalCost>
                                    <proc:Quantity>
                                        <proc:AllPriorYears>4</proc:AllPriorYears>
                                        <proc:PriorYear>3</proc:PriorYear>
                                    </proc:Quantity>
                                    <proc:TotalCost>
                                        <proc:AllPriorYears>1.896</proc:AllPriorYears>
                                        <proc:PriorYear>0.729</proc:PriorYear>
                                    </proc:TotalCost>
                                </proc:TotalCost>
                            </proc:IndividualModInstallation>
                            <proc:IndividualModInstallation>
                                <proc:Title>C-40 Electronic Flight Bag and Tablet Charging A-Kit</proc:Title>
                                <proc:KitList>
                                    <proc:Kit>
                                        <proc:Name footnote="1.1.3: FY26 increase due to initial procurement of C-40 Electronic Flight Bag and Tablet Charging A-Kit (qty 4).">1.1.3) C-40 Electronic Flight Bag and Tablet Charging A-Kit - Organic</proc:Name>
                                        <proc:Cost>
                                            <proc:Quantity>
                                                <proc:BudgetYearOneBase>4</proc:BudgetYearOneBase>
                                                <proc:BudgetYearOne>4</proc:BudgetYearOne>
                                            </proc:Quantity>
                                            <proc:TotalCost>
                                                <proc:BudgetYearOneBase>0.132</proc:BudgetYearOneBase>
                                                <proc:BudgetYearOne>0.132</proc:BudgetYearOne>
                                            </proc:TotalCost>
                                        </proc:Cost>
                                    </proc:Kit>
                                </proc:KitList>
                                <proc:TotalCost>
                                    <proc:Quantity>
                                        <proc:BudgetYearOneBase>4</proc:BudgetYearOneBase>
                                        <proc:BudgetYearOne>4</proc:BudgetYearOne>
                                    </proc:Quantity>
                                    <proc:TotalCost>
                                        <proc:BudgetYearOneBase>0.132</proc:BudgetYearOneBase>
                                        <proc:BudgetYearOne>0.132</proc:BudgetYearOne>
                                    </proc:TotalCost>
                                </proc:TotalCost>
                            </proc:IndividualModInstallation>
                            <proc:IndividualModInstallation>
                                <proc:Title>Archive Mods</proc:Title>
                                <proc:KitList>
                                    <proc:Kit>
                                        <proc:Name>1.1.10) Archive Mods - Organic</proc:Name>
                                        <proc:Cost>
                                            <proc:TotalCost>
                                                <proc:AllPriorYears>85.76</proc:AllPriorYears>
                                            </proc:TotalCost>
                                        </proc:Cost>
                                    </proc:Kit>
                                </proc:KitList>
                                <proc:TotalCost>
                                    <proc:TotalCost>
                                        <proc:AllPriorYears>85.76</proc:AllPriorYears>
                                    </proc:TotalCost>
                                </proc:TotalCost>
                            </proc:IndividualModInstallation>
                            <proc:IndividualModInstallation>
                                <proc:Title>Block 3 (UC-35) Non Recurring</proc:Title>
                                <proc:KitList>
                                    <proc:Kit>
                                        <proc:Name>1.2.1) Block 3 (UC-35) Non Recurring - Organic</proc:Name>
                                        <proc:Cost>
                                            <proc:TotalCost>
                                                <proc:PriorYear>0.346</proc:PriorYear>
                                            </proc:TotalCost>
                                        </proc:Cost>
                                    </proc:Kit>
                                </proc:KitList>
                                <proc:TotalCost>
                                    <proc:TotalCost>
                                        <proc:PriorYear>0.346</proc:PriorYear>
                                    </proc:TotalCost>
                                </proc:TotalCost>
                            </proc:IndividualModInstallation>
                            <proc:IndividualModInstallation>
                                <proc:Title>Installation Kits N/R</proc:Title>
                                <proc:KitList>
                                    <proc:Kit>
                                        <proc:Name>1.2.2) Installation Kits N/R - Organic</proc:Name>
                                        <proc:Cost>
                                            <proc:TotalCost>
                                                <proc:AllPriorYears>36.855</proc:AllPriorYears>
                                            </proc:TotalCost>
                                        </proc:Cost>
                                    </proc:Kit>
                                </proc:KitList>
                                <proc:TotalCost>
                                    <proc:TotalCost>
                                        <proc:AllPriorYears>36.855</proc:AllPriorYears>
                                    </proc:TotalCost>
                                </proc:TotalCost>
                            </proc:IndividualModInstallation>
                            <proc:IndividualModInstallation>
                                <proc:Title>C-40 Mode 5 NRE &amp; A-Kit</proc:Title>
                                <proc:KitList>
                                    <proc:Kit>
                                        <proc:Name footnote="1.2.6: FY26 NRE funding reduced due to Service reprioritization.">1.2.6) C-40 Mode 5 NRE &amp; A-Kit - Organic</proc:Name>
                                        <proc:Cost>
                                            <proc:TotalCost>
                                                <proc:CurrentYear>3.976</proc:CurrentYear>
                                                <proc:BudgetYearOneBase>0.329</proc:BudgetYearOneBase>
                                                <proc:BudgetYearOne>0.329</proc:BudgetYearOne>
                                            </proc:TotalCost>
                                        </proc:Cost>
                                    </proc:Kit>
                                </proc:KitList>
                                <proc:TotalCost>
                                    <proc:TotalCost>
                                        <proc:CurrentYear>3.976</proc:CurrentYear>
                                        <proc:BudgetYearOneBase>0.329</proc:BudgetYearOneBase>
                                        <proc:BudgetYearOne>0.329</proc:BudgetYearOne>
                                    </proc:TotalCost>
                                </proc:TotalCost>
                            </proc:IndividualModInstallation>
                            <proc:IndividualModInstallation>
                                <proc:Title>C-40 HUD NRE</proc:Title>
                                <proc:KitList>
                                    <proc:Kit>
                                        <proc:Name>1.2.7) C-40 HUD NRE - Organic</proc:Name>
                                        <proc:Cost>
                                            <proc:TotalCost>
                                                <proc:CurrentYear>0.15</proc:CurrentYear>
                                            </proc:TotalCost>
                                        </proc:Cost>
                                    </proc:Kit>
                                </proc:KitList>
                                <proc:TotalCost>
                                    <proc:TotalCost>
                                        <proc:CurrentYear>0.15</proc:CurrentYear>
                                    </proc:TotalCost>
                                </proc:TotalCost>
                            </proc:IndividualModInstallation>
                            <proc:IndividualModInstallation>
                                <proc:Title>C-40 DEU &amp; DU NRE</proc:Title>
                                <proc:KitList>
                                    <proc:Kit>
                                        <proc:Name>1.2.8) C-40 DEU &amp; DU NRE - Organic</proc:Name>
                                        <proc:Cost>
                                            <proc:TotalCost>
                                                <proc:CurrentYear>0.15</proc:CurrentYear>
                                            </proc:TotalCost>
                                        </proc:Cost>
                                    </proc:Kit>
                                </proc:KitList>
                                <proc:TotalCost>
                                    <proc:TotalCost>
                                        <proc:CurrentYear>0.15</proc:CurrentYear>
                                    </proc:TotalCost>
                                </proc:TotalCost>
                            </proc:IndividualModInstallation>
                            <proc:IndividualModInstallation>
                                <proc:Title>C-40 Electronic Flight Bag and Tablet Charging NRE</proc:Title>
                                <proc:KitList>
                                    <proc:Kit>
                                        <proc:Name>1.2.9) C-40 Electronic Flight Bag and Tablet Charging NRE - Organic</proc:Name>
                                        <proc:Cost>
                                            <proc:TotalCost>
                                                <proc:CurrentYear>0.079</proc:CurrentYear>
                                            </proc:TotalCost>
                                        </proc:Cost>
                                    </proc:Kit>
                                </proc:KitList>
                                <proc:TotalCost>
                                    <proc:TotalCost>
                                        <proc:CurrentYear>0.079</proc:CurrentYear>
                                    </proc:TotalCost>
                                </proc:TotalCost>
                            </proc:IndividualModInstallation>
                            <proc:IndividualModInstallation>
                                <proc:Title>Block 4 (C-12)</proc:Title>
                                <proc:KitList>
                                    <proc:Kit>
                                        <proc:Name>2.1.1) Block 4 (C-12) - Organic</proc:Name>
                                        <proc:Cost>
                                            <proc:Quantity>
                                                <proc:AllPriorYears>1</proc:AllPriorYears>
                                                <proc:PriorYear>1</proc:PriorYear>
                                            </proc:Quantity>
                                            <proc:TotalCost>
                                                <proc:AllPriorYears>0.3</proc:AllPriorYears>
                                                <proc:PriorYear>1.427</proc:PriorYear>
                                            </proc:TotalCost>
                                        </proc:Cost>
                                    </proc:Kit>
                                </proc:KitList>
                                <proc:TotalCost>
                                    <proc:Quantity>
                                        <proc:AllPriorYears>1</proc:AllPriorYears>
                                        <proc:PriorYear>1</proc:PriorYear>
                                    </proc:Quantity>
                                    <proc:TotalCost>
                                        <proc:AllPriorYears>0.3</proc:AllPriorYears>
                                        <proc:PriorYear>1.427</proc:PriorYear>
                                    </proc:TotalCost>
                                </proc:TotalCost>
                            </proc:IndividualModInstallation>
                            <proc:IndividualModInstallation>
                                <proc:Title>Block 4 (C-40)</proc:Title>
                                <proc:KitList>
                                    <proc:Kit>
                                        <proc:Name>2.1.2) Block 4 (C-40) - Organic</proc:Name>
                                        <proc:Cost>
                                            <proc:Quantity>
                                                <proc:AllPriorYears>8</proc:AllPriorYears>
                                                <proc:PriorYear>3</proc:PriorYear>
                                            </proc:Quantity>
                                            <proc:TotalCost>
                                                <proc:AllPriorYears>2.505</proc:AllPriorYears>
                                                <proc:PriorYear>1.003</proc:PriorYear>
                                            </proc:TotalCost>
                                        </proc:Cost>
                                    </proc:Kit>
                                </proc:KitList>
                                <proc:TotalCost>
                                    <proc:Quantity>
                                        <proc:AllPriorYears>8</proc:AllPriorYears>
                                        <proc:PriorYear>3</proc:PriorYear>
                                    </proc:Quantity>
                                    <proc:TotalCost>
                                        <proc:AllPriorYears>2.505</proc:AllPriorYears>
                                        <proc:PriorYear>1.003</proc:PriorYear>
                                    </proc:TotalCost>
                                </proc:TotalCost>
                            </proc:IndividualModInstallation>
                            <proc:IndividualModInstallation>
                                <proc:Title>Block 3 (C-40)</proc:Title>
                                <proc:KitList>
                                    <proc:Kit>
                                        <proc:Name>2.1.3) Block 3 (C-40) - Organic</proc:Name>
                                        <proc:Cost>
                                            <proc:Quantity>
                                                <proc:AllPriorYears>8</proc:AllPriorYears>
                                                <proc:PriorYear>6</proc:PriorYear>
                                            </proc:Quantity>
                                            <proc:TotalCost>
                                                <proc:AllPriorYears>4.2</proc:AllPriorYears>
                                                <proc:PriorYear>4.526</proc:PriorYear>
                                            </proc:TotalCost>
                                        </proc:Cost>
                                    </proc:Kit>
                                </proc:KitList>
                                <proc:TotalCost>
                                    <proc:Quantity>
                                        <proc:AllPriorYears>8</proc:AllPriorYears>
                                        <proc:PriorYear>6</proc:PriorYear>
                                    </proc:Quantity>
                                    <proc:TotalCost>
                                        <proc:AllPriorYears>4.2</proc:AllPriorYears>
                                        <proc:PriorYear>4.526</proc:PriorYear>
                                    </proc:TotalCost>
                                </proc:TotalCost>
                            </proc:IndividualModInstallation>
                            <proc:IndividualModInstallation>
                                <proc:Title>Block 3 (UC-35)</proc:Title>
                                <proc:KitList>
                                    <proc:Kit>
                                        <proc:Name>2.1.4) Block 3 (UC-35) - Organic</proc:Name>
                                        <proc:Cost>
                                            <proc:Quantity>
                                                <proc:PriorYear>10</proc:PriorYear>
                                            </proc:Quantity>
                                            <proc:TotalCost>
                                                <proc:PriorYear>1.16</proc:PriorYear>
                                            </proc:TotalCost>
                                        </proc:Cost>
                                    </proc:Kit>
                                </proc:KitList>
                                <proc:TotalCost>
                                    <proc:Quantity>
                                        <proc:PriorYear>10</proc:PriorYear>
                                    </proc:Quantity>
                                    <proc:TotalCost>
                                        <proc:PriorYear>1.16</proc:PriorYear>
                                    </proc:TotalCost>
                                </proc:TotalCost>
                            </proc:IndividualModInstallation>
                            <proc:IndividualModInstallation>
                                <proc:Title>C-37 A/B Avionics Enhancement for ADS-B In, AP-TCAS, and ROASS</proc:Title>
                                <proc:KitList>
                                    <proc:Kit>
                                        <proc:Name footnote="2.1.6: FY26 increase due to initial procurement of C-37A/B Avionics Enhancement for ADS-B In, AP-TCAS, and ROASS (qty 2) to provide improved operational safety.">2.1.6) C-37 A/B Avionics Enhancement for ADS-B In, AP-TCAS, and ROASS - Organic</proc:Name>
                                        <proc:Cost>
                                            <proc:Quantity>
                                                <proc:BudgetYearOneBase>2</proc:BudgetYearOneBase>
                                                <proc:BudgetYearOne>2</proc:BudgetYearOne>
                                            </proc:Quantity>
                                            <proc:TotalCost>
                                                <proc:BudgetYearOneBase>0.984</proc:BudgetYearOneBase>
                                                <proc:BudgetYearOne>0.984</proc:BudgetYearOne>
                                            </proc:TotalCost>
                                        </proc:Cost>
                                    </proc:Kit>
                                </proc:KitList>
                                <proc:TotalCost>
                                    <proc:Quantity>
                                        <proc:BudgetYearOneBase>2</proc:BudgetYearOneBase>
                                        <proc:BudgetYearOne>2</proc:BudgetYearOne>
                                    </proc:Quantity>
                                    <proc:TotalCost>
                                        <proc:BudgetYearOneBase>0.984</proc:BudgetYearOneBase>
                                        <proc:BudgetYearOne>0.984</proc:BudgetYearOne>
                                    </proc:TotalCost>
                                </proc:TotalCost>
                            </proc:IndividualModInstallation>
                            <proc:IndividualModInstallation>
                                <proc:Title>UC-12 F/M FANS CPDLC B-Kit</proc:Title>
                                <proc:KitList>
                                    <proc:Kit>
                                        <proc:Name>2.1.8) UC-12 F/M FANS CPDLC B-Kit - Organic</proc:Name>
                                        <proc:Cost>
                                            <proc:Quantity>
                                                <proc:CurrentYear>11</proc:CurrentYear>
                                            </proc:Quantity>
                                            <proc:TotalCost>
                                                <proc:CurrentYear>4.249</proc:CurrentYear>
                                            </proc:TotalCost>
                                        </proc:Cost>
                                    </proc:Kit>
                                </proc:KitList>
                                <proc:TotalCost>
                                    <proc:Quantity>
                                        <proc:CurrentYear>11</proc:CurrentYear>
                                    </proc:Quantity>
                                    <proc:TotalCost>
                                        <proc:CurrentYear>4.249</proc:CurrentYear>
                                    </proc:TotalCost>
                                </proc:TotalCost>
                            </proc:IndividualModInstallation>
                            <proc:IndividualModInstallation>
                                <proc:Title>C-40 MMR B-Kit</proc:Title>
                                <proc:KitList>
                                    <proc:Kit>
                                        <proc:Name>2.1.12) C-40 MMR B-Kit - Organic</proc:Name>
                                        <proc:Cost>
                                            <proc:Quantity>
                                                <proc:CurrentYear>4</proc:CurrentYear>
                                                <proc:BudgetYearOneBase>4</proc:BudgetYearOneBase>
                                                <proc:BudgetYearOne>4</proc:BudgetYearOne>
                                            </proc:Quantity>
                                            <proc:TotalCost>
                                                <proc:CurrentYear>2.016</proc:CurrentYear>
                                                <proc:BudgetYearOneBase>2.057</proc:BudgetYearOneBase>
                                                <proc:BudgetYearOne>2.057</proc:BudgetYearOne>
                                            </proc:TotalCost>
                                        </proc:Cost>
                                    </proc:Kit>
                                </proc:KitList>
                                <proc:TotalCost>
                                    <proc:Quantity>
                                        <proc:CurrentYear>4</proc:CurrentYear>
                                        <proc:BudgetYearOneBase>4</proc:BudgetYearOneBase>
                                        <proc:BudgetYearOne>4</proc:BudgetYearOne>
                                    </proc:Quantity>
                                    <proc:TotalCost>
                                        <proc:CurrentYear>2.016</proc:CurrentYear>
                                        <proc:BudgetYearOneBase>2.057</proc:BudgetYearOneBase>
                                        <proc:BudgetYearOne>2.057</proc:BudgetYearOne>
                                    </proc:TotalCost>
                                </proc:TotalCost>
                            </proc:IndividualModInstallation>
                            <proc:IndividualModInstallation>
                                <proc:Title>C-40 EGPWS B-Kit</proc:Title>
                                <proc:KitList>
                                    <proc:Kit>
                                        <proc:Name>2.1.13) C-40 EGPWS B-Kit - Organic</proc:Name>
                                        <proc:Cost>
                                            <proc:Quantity>
                                                <proc:CurrentYear>2</proc:CurrentYear>
                                            </proc:Quantity>
                                            <proc:TotalCost>
                                                <proc:CurrentYear>0.612</proc:CurrentYear>
                                            </proc:TotalCost>
                                        </proc:Cost>
                                    </proc:Kit>
                                </proc:KitList>
                                <proc:TotalCost>
                                    <proc:Quantity>
                                        <proc:CurrentYear>2</proc:CurrentYear>
                                    </proc:Quantity>
                                    <proc:TotalCost>
                                        <proc:CurrentYear>0.612</proc:CurrentYear>
                                    </proc:TotalCost>
                                </proc:TotalCost>
                            </proc:IndividualModInstallation>
                            <proc:IndividualModInstallation>
                                <proc:Title>C-37A EGPWS B-Kit</proc:Title>
                                <proc:KitList>
                                    <proc:Kit>
                                        <proc:Name footnote="2.1.16: FY26 increase due to initial procurement of C-37A Enhanced Ground Proximity Warning System (EGPWS) B-Kit (qty 1). This provides operational safety in low visibility situations for take offs and landings.">2.1.16) C-37A EGPWS B-Kit - Organic</proc:Name>
                                        <proc:Cost>
                                            <proc:Quantity>
                                                <proc:BudgetYearOneBase>1</proc:BudgetYearOneBase>
                                                <proc:BudgetYearOne>1</proc:BudgetYearOne>
                                            </proc:Quantity>
                                            <proc:TotalCost>
                                                <proc:BudgetYearOneBase>1.784</proc:BudgetYearOneBase>
                                                <proc:BudgetYearOne>1.784</proc:BudgetYearOne>
                                            </proc:TotalCost>
                                        </proc:Cost>
                                    </proc:Kit>
                                </proc:KitList>
                                <proc:TotalCost>
                                    <proc:Quantity>
                                        <proc:BudgetYearOneBase>1</proc:BudgetYearOneBase>
                                        <proc:BudgetYearOne>1</proc:BudgetYearOne>
                                    </proc:Quantity>
                                    <proc:TotalCost>
                                        <proc:BudgetYearOneBase>1.784</proc:BudgetYearOneBase>
                                        <proc:BudgetYearOne>1.784</proc:BudgetYearOne>
                                    </proc:TotalCost>
                                </proc:TotalCost>
                            </proc:IndividualModInstallation>
                            <proc:IndividualModInstallation>
                                <proc:Title>Archived Mods</proc:Title>
                                <proc:KitList>
                                    <proc:Kit>
                                        <proc:Name>2.1.18) Archived Mods - Organic</proc:Name>
                                        <proc:Cost>
                                            <proc:TotalCost>
                                                <proc:AllPriorYears>56.272</proc:AllPriorYears>
                                            </proc:TotalCost>
                                        </proc:Cost>
                                    </proc:Kit>
                                </proc:KitList>
                                <proc:TotalCost>
                                    <proc:TotalCost>
                                        <proc:AllPriorYears>56.272</proc:AllPriorYears>
                                    </proc:TotalCost>
                                </proc:TotalCost>
                            </proc:IndividualModInstallation>
                            <proc:IndividualModInstallation>
                                <proc:Title>C-40 Flight Management System B-Kit</proc:Title>
                                <proc:KitList>
                                    <proc:Kit>
                                        <proc:Name footnote="2.1.19: FY26 increase due to initial procurement of C-40 Flight Management System B-Kit (qty 4).">2.1.19) C-40 Flight Management System B-Kit - Organic</proc:Name>
                                        <proc:Cost>
                                            <proc:Quantity>
                                                <proc:BudgetYearOneBase>4</proc:BudgetYearOneBase>
                                                <proc:BudgetYearOne>4</proc:BudgetYearOne>
                                            </proc:Quantity>
                                            <proc:TotalCost>
                                                <proc:BudgetYearOneBase>0.665</proc:BudgetYearOneBase>
                                                <proc:BudgetYearOne>0.665</proc:BudgetYearOne>
                                            </proc:TotalCost>
                                        </proc:Cost>
                                    </proc:Kit>
                                </proc:KitList>
                                <proc:TotalCost>
                                    <proc:Quantity>
                                        <proc:BudgetYearOneBase>4</proc:BudgetYearOneBase>
                                        <proc:BudgetYearOne>4</proc:BudgetYearOne>
                                    </proc:Quantity>
                                    <proc:TotalCost>
                                        <proc:BudgetYearOneBase>0.665</proc:BudgetYearOneBase>
                                        <proc:BudgetYearOne>0.665</proc:BudgetYearOne>
                                    </proc:TotalCost>
                                </proc:TotalCost>
                            </proc:IndividualModInstallation>
                            <proc:IndividualModInstallation>
                                <proc:Title>Installation Equipment N/R</proc:Title>
                                <proc:KitList>
                                    <proc:Kit>
                                        <proc:Name>2.2.1) Installation Equipment N/R - Organic</proc:Name>
                                        <proc:Cost>
                                            <proc:TotalCost>
                                                <proc:AllPriorYears>4.294</proc:AllPriorYears>
                                                <proc:PriorYear>1.016</proc:PriorYear>
                                            </proc:TotalCost>
                                        </proc:Cost>
                                    </proc:Kit>
                                </proc:KitList>
                                <proc:TotalCost>
                                    <proc:TotalCost>
                                        <proc:AllPriorYears>4.294</proc:AllPriorYears>
                                        <proc:PriorYear>1.016</proc:PriorYear>
                                    </proc:TotalCost>
                                </proc:TotalCost>
                            </proc:IndividualModInstallation>
                        </proc:IndividualModInstallationList>
                    </proc:ModificationItem>
                </proc:ModificationItemList>
                <proc:ProcurementSubtotal>
                    <proc:TotalCost>
                        <proc:AllPriorYears>192.082</proc:AllPriorYears>
                        <proc:PriorYear>10.237</proc:PriorYear>
                        <proc:CurrentYear>11.232</proc:CurrentYear>
                        <proc:BudgetYearOneBase>5.951</proc:BudgetYearOneBase>
                        <proc:BudgetYearOne>5.951</proc:BudgetYearOne>
                    </proc:TotalCost>
                </proc:ProcurementSubtotal>
                <proc:Description>Worldwide airspace congestion and communication bandwidth saturation has led the International Civil Aviation Organization to restructure the worldwide airspace structure to improve safety through a series of equipment and performance mandates implemented by regional authorities. The Type/Models/Series cited below will be required to comply with Communication, Navigation and Surveillance - Air Traffic Management (CNS-ATM)/Next Generation Air Transportation System (NextGen) mandates to retain the Navy's capability to operate these aircraft worldwide. Failure to comply with these time-phased mandates will result in denied access to high-volume airspace (routing and altitudes) and airfields, and result in circuitous routing, sub optimal altitudes, and degraded operational capability.

Block language was removed after FY 2024 and cost elements were added in FY 2025 to reflect aircraft modifications in individual detail for the respective platforms. Upgrades were prioritized and phased to meet regional mandates just in time to ensure that commercial CNS-ATM/NextGen solutions are available off the shelf to minimize non-recurring engineering associated with Federal Aviation Administration supplemental type certification. In order to incorporate CNS-ATM/NextGen mandates several older aircraft (all C-26 and some UC-12) required the installation of a digital flight management and communication system.

CNS-ATM/NextGen capabilities associated with each Block Upgrade are listed below:

C-40A: Block 3 - Upgrade SATCOM capability (Iridium or INMARSAT) and services to meet new Inmarsat-4 (I4) requirements; Automatic Dependent Surveillance to DO260B standards, Integration of AN/APX-119 IFF Mode 5 with new digital control panel, multi-mode receiver (GLU 2100), Data Link recording enhancements, Performance Based Navigation (PBN) - (Area Navigation (RNAV)/ Required Navigation Performance (RNP)), and weather radar enhancement. Protected Mode and Baseline Controller Pilot Data Link Communication (PM-CPDLC) and Automatic Dependent Surveillance-Contract (ADS-C) datalink, and VHF Data Link Mode 2. Block 4 - Updated Display Electronic Unit to raise to current standard, Flight Management System upgrades, Flight Management Computer Static Random-Access Memory (SRAM) to meet FAA Performance Based Navigation (PBN) - (Area Navigation (RNAV)/ Required Navigation Performance (RNP)) minimum performance standards, New Navigation GPS receivers to meet ARINC 743B standards and enhanced flight vision systems to improve operational safety in low visibility conditions for approaches and takeoffs required to meet FAA NextGen and European Aviation Safety Agency (EASA) Single Sky airspace initiatives.

UC-35D: Block 3 - Integration of AN/APX-119 IFF Mode 5 with new digital control panel.

C-12F/M: Block 4 - Aircraft Flight Management System upgrades to meet FAA Performance Based Navigation (PBN) - (Area Navigation (RNAV)/ Required Navigation Performance (RNP)) minimum performance standards, New Navigation GPS receivers to meet ARINC 743B standards and enhanced flight vision systems to improve operational safety in low visibility conditions for approaches and takeoffs required to meet FAA NextGen and European Aviation Safety Agency (EASA) Single Sky airspace initiatives. Avionics upgrade to meet Future Air Navigation Systems (FANS) requirements.

UC-12W: Block 4 - Aircraft Flight Management System upgrades to meet FAA Performance Based Navigation (PBN) - (Area Navigation (RNAV)/ Required Navigation Performance (RNP)) minimum performance standard, New Navigation GPS receivers to meet ARINC 743B standards and enhanced flight vision systems to improve operational safety in low visibility conditions for approaches and takeoffs required to meet FAA NextGen and European Aviation Safety Agency (EASA) Single Sky airspace initiatives. Next generation Flight deck upgrades, to include Pro Line Fusion.

CNS-ATM/NextGen capabilities associated with each individual modification are listed below:

FY26 modifications include the following:
C-40A: Electronic Flight Bag Tablet Charging, Mode 5 NRE, Multi-Mode Receiver (MMR), and Flight Management System.
C-37A: Enhanced Ground Proximity Warning System (EGPWS).
C-37A/B: Avionics Enhancement for Automatic Dependent Surveillance - Broadcast (ADS-B) In, Auto Pilot Traffic Collision Avoidance System (AP-TCAS), and Runway Overrun Awareness and Alerting System (ROASS).</proc:Description>
            </proc:P3AModificationItemGroup>
            <proc:P3AModificationItemGroup>
                <proc:ModificationTitle>Safety/Obsolescence Upgrades (013-16)</proc:ModificationTitle>
                <proc:ModificationNumber>3</proc:ModificationNumber>
                <proc:ModificationType>SAFETY/RELIABILITY</proc:ModificationType>
                <proc:Model>CARGO TRANSPORT AC SERIES</proc:Model>
                <proc:ResourceSummary>
                    <proc:TotalCost>
                        <proc:AllPriorYears>15.322</proc:AllPriorYears>
                        <proc:PriorYear>1.725</proc:PriorYear>
                        <proc:CurrentYear>0.428</proc:CurrentYear>
                        <proc:BudgetYearOneBase>0.025</proc:BudgetYearOneBase>
                        <proc:BudgetYearOneOOC>0</proc:BudgetYearOneOOC>
                        <proc:BudgetYearOne>0.025</proc:BudgetYearOne>
                    </proc:TotalCost>
                    <proc:NetProcurementP1>
                        <proc:AllPriorYears>15.322</proc:AllPriorYears>
                        <proc:PriorYear>1.725</proc:PriorYear>
                        <proc:CurrentYear>0.428</proc:CurrentYear>
                        <proc:BudgetYearOneBase>0.025</proc:BudgetYearOneBase>
                        <proc:BudgetYearOneOOC>0</proc:BudgetYearOneOOC>
                        <proc:BudgetYearOne>0.025</proc:BudgetYearOne>
                    </proc:NetProcurementP1>
                    <proc:TotalObligationAuthority>
                        <proc:AllPriorYears>15.322</proc:AllPriorYears>
                        <proc:PriorYear>1.725</proc:PriorYear>
                        <proc:CurrentYear>0.428</proc:CurrentYear>
                        <proc:BudgetYearOneBase>0.025</proc:BudgetYearOneBase>
                        <proc:BudgetYearOneOOC>0</proc:BudgetYearOneOOC>
                        <proc:BudgetYearOne>0.025</proc:BudgetYearOne>
                    </proc:TotalObligationAuthority>
                </proc:ResourceSummary>
                <proc:SupportCost>
                    <proc:CostElementList>
                        <proc:CostElement>
                            <proc:Name>3.6) Other Support</proc:Name>
                            <proc:Cost>
                                <proc:TotalCost>
                                    <proc:AllPriorYears>2.162</proc:AllPriorYears>
                                    <proc:PriorYear>0.02</proc:PriorYear>
                                    <proc:CurrentYear>0.025</proc:CurrentYear>
                                    <proc:BudgetYearOneBase>0.025</proc:BudgetYearOneBase>
                                    <proc:BudgetYearOne>0.025</proc:BudgetYearOne>
                                </proc:TotalCost>
                            </proc:Cost>
                        </proc:CostElement>
                    </proc:CostElementList>
                    <proc:CategorySubtotal>
                        <proc:TotalCost>
                            <proc:AllPriorYears>2.162</proc:AllPriorYears>
                            <proc:PriorYear>0.02</proc:PriorYear>
                            <proc:CurrentYear>0.025</proc:CurrentYear>
                            <proc:BudgetYearOneBase>0.025</proc:BudgetYearOneBase>
                            <proc:BudgetYearOne>0.025</proc:BudgetYearOne>
                        </proc:TotalCost>
                    </proc:CategorySubtotal>
                </proc:SupportCost>
                <proc:ModificationItemList>
                    <proc:ModificationItem>
                        <proc:Title>Safety/Obsolescence Upgrades (013-16)</proc:Title>
                        <proc:Procurement>
                            <proc:AKits>
                                <proc:Recurring>
                                    <proc:KitList>
                                        <proc:Kit>
                                            <proc:Name>1.1.1) AirStair - Organic</proc:Name>
                                            <proc:Cost>
                                                <proc:Quantity>
                                                    <proc:AllPriorYears>16</proc:AllPriorYears>
                                                </proc:Quantity>
                                                <proc:TotalCost>
                                                    <proc:AllPriorYears>0.374</proc:AllPriorYears>
                                                </proc:TotalCost>
                                            </proc:Cost>
                                        </proc:Kit>
                                    </proc:KitList>
                                    <proc:CategorySubtotal>
                                        <proc:TotalCost>
                                            <proc:AllPriorYears>0.374</proc:AllPriorYears>
                                        </proc:TotalCost>
                                    </proc:CategorySubtotal>
                                </proc:Recurring>
                                <proc:NonRecurring>
                                    <proc:KitList>
                                        <proc:Kit>
                                            <proc:Name>1.2.1) A Kit Non-Recurring - Organic - Organic</proc:Name>
                                            <proc:Cost>
                                                <proc:Quantity>
                                                    <proc:AllPriorYears>3</proc:AllPriorYears>
                                                </proc:Quantity>
                                                <proc:TotalCost>
                                                    <proc:AllPriorYears>0.9</proc:AllPriorYears>
                                                </proc:TotalCost>
                                            </proc:Cost>
                                        </proc:Kit>
                                        <proc:Kit>
                                            <proc:Name>1.2.2) C-12 M3AR Non-Recurring - Organic</proc:Name>
                                            <proc:Cost>
                                                <proc:TotalCost>
                                                    <proc:AllPriorYears>0.158</proc:AllPriorYears>
                                                </proc:TotalCost>
                                            </proc:Cost>
                                        </proc:Kit>
                                        <proc:Kit>
                                            <proc:Name>1.2.3) Archive - Organic</proc:Name>
                                            <proc:Cost>
                                                <proc:TotalCost>
                                                    <proc:AllPriorYears>8.209</proc:AllPriorYears>
                                                </proc:TotalCost>
                                            </proc:Cost>
                                        </proc:Kit>
                                    </proc:KitList>
                                    <proc:CategorySubtotal>
                                        <proc:TotalCost>
                                            <proc:AllPriorYears>9.267</proc:AllPriorYears>
                                        </proc:TotalCost>
                                    </proc:CategorySubtotal>
                                </proc:NonRecurring>
                                <proc:CategorySubtotal>
                                    <proc:TotalCost>
                                        <proc:AllPriorYears>9.641</proc:AllPriorYears>
                                    </proc:TotalCost>
                                </proc:CategorySubtotal>
                            </proc:AKits>
                            <proc:BKits>
                                <proc:Recurring>
                                    <proc:KitList>
                                        <proc:Kit>
                                            <proc:Name>2.1.1) UC-12 F/M HF Radio - Organic</proc:Name>
                                            <proc:Cost>
                                                <proc:Quantity>
                                                    <proc:AllPriorYears>8</proc:AllPriorYears>
                                                    <proc:PriorYear>1</proc:PriorYear>
                                                    <proc:CurrentYear>1</proc:CurrentYear>
                                                </proc:Quantity>
                                                <proc:TotalCost>
                                                    <proc:AllPriorYears>2.154</proc:AllPriorYears>
                                                    <proc:PriorYear>0.215</proc:PriorYear>
                                                    <proc:CurrentYear>0.282</proc:CurrentYear>
                                                </proc:TotalCost>
                                            </proc:Cost>
                                        </proc:Kit>
                                        <proc:Kit>
                                            <proc:Name>2.1.2) UC-12W DUAL STRAKE - Organic</proc:Name>
                                            <proc:Cost>
                                                <proc:Quantity>
                                                    <proc:PriorYear>9</proc:PriorYear>
                                                </proc:Quantity>
                                                <proc:TotalCost>
                                                    <proc:PriorYear>1.49</proc:PriorYear>
                                                </proc:TotalCost>
                                            </proc:Cost>
                                        </proc:Kit>
                                        <proc:Kit>
                                            <proc:Name>2.1.3) B Kit Non-Recurring - Organic</proc:Name>
                                            <proc:Cost>
                                                <proc:TotalCost>
                                                    <proc:AllPriorYears>0.4</proc:AllPriorYears>
                                                </proc:TotalCost>
                                            </proc:Cost>
                                        </proc:Kit>
                                        <proc:Kit>
                                            <proc:Name>2.1.4) UC-12 F/M Saddletanks B-Kits - Organic</proc:Name>
                                            <proc:Cost>
                                                <proc:Quantity>
                                                    <proc:AllPriorYears>1</proc:AllPriorYears>
                                                </proc:Quantity>
                                                <proc:TotalCost>
                                                    <proc:AllPriorYears>0.221</proc:AllPriorYears>
                                                </proc:TotalCost>
                                            </proc:Cost>
                                        </proc:Kit>
                                        <proc:Kit>
                                            <proc:Name>2.1.5) C-26 Baker Audio Panel Replacement NRE &amp; B-Kit - Organic</proc:Name>
                                            <proc:Cost>
                                                <proc:Quantity>
                                                    <proc:AllPriorYears>7</proc:AllPriorYears>
                                                </proc:Quantity>
                                                <proc:TotalCost>
                                                    <proc:AllPriorYears>0.744</proc:AllPriorYears>
                                                </proc:TotalCost>
                                            </proc:Cost>
                                        </proc:Kit>
                                        <proc:Kit>
                                            <proc:Name>2.1.6) UC-12 F/M Increased Gross Weight B-Kit (500 lbs.) - Organic</proc:Name>
                                            <proc:Cost>
                                                <proc:Quantity>
                                                    <proc:CurrentYear>4</proc:CurrentYear>
                                                </proc:Quantity>
                                                <proc:TotalCost>
                                                    <proc:CurrentYear>0.121</proc:CurrentYear>
                                                </proc:TotalCost>
                                            </proc:Cost>
                                        </proc:Kit>
                                    </proc:KitList>
                                    <proc:CategorySubtotal>
                                        <proc:TotalCost>
                                            <proc:AllPriorYears>3.519</proc:AllPriorYears>
                                            <proc:PriorYear>1.705</proc:PriorYear>
                                            <proc:CurrentYear>0.403</proc:CurrentYear>
                                        </proc:TotalCost>
                                    </proc:CategorySubtotal>
                                </proc:Recurring>
                                <proc:CategorySubtotal>
                                    <proc:TotalCost>
                                        <proc:AllPriorYears>3.519</proc:AllPriorYears>
                                        <proc:PriorYear>1.705</proc:PriorYear>
                                        <proc:CurrentYear>0.403</proc:CurrentYear>
                                    </proc:TotalCost>
                                </proc:CategorySubtotal>
                            </proc:BKits>
                            <proc:TotalCost>
                                <proc:Quantity>
                                    <proc:AllPriorYears>35</proc:AllPriorYears>
                                    <proc:PriorYear>10</proc:PriorYear>
                                    <proc:CurrentYear>5</proc:CurrentYear>
                                </proc:Quantity>
                                <proc:TotalCost>
                                    <proc:AllPriorYears>13.16</proc:AllPriorYears>
                                    <proc:PriorYear>1.705</proc:PriorYear>
                                    <proc:CurrentYear>0.403</proc:CurrentYear>
                                </proc:TotalCost>
                            </proc:TotalCost>
                        </proc:Procurement>
                    </proc:ModificationItem>
                </proc:ModificationItemList>
                <proc:ProcurementSubtotal>
                    <proc:TotalCost>
                        <proc:AllPriorYears>13.16</proc:AllPriorYears>
                        <proc:PriorYear>1.705</proc:PriorYear>
                        <proc:CurrentYear>0.403</proc:CurrentYear>
                    </proc:TotalCost>
                </proc:ProcurementSubtotal>
                <proc:Description>This line item funds modifications to the following cargo and transport airlift aircraft:  C-40A, C-20G, C-37A/B, UC-35D, C-26D, and UC-12F/M/W/W+.
Ensuring preservation of airlift capabilities world-wide, this Safety, Reliability and Obsolescence Improvement OSIP provides funding to correct deficiencies that adversely affect aircraft safety; specifically, deficiencies that are not corrected through the existing FAA commercial service bulletin process because they are peculiar systems/equipment to the Navy.  Navy peculiar aircraft systems include but are not limited to navigation systems, communication, survivability equipment, and cargo/passenger loading and carriage systems.    

Modifications will support all readiness, obsolescence, and safety of flight improvements to existing Navy peculiar aircraft systems.

UC-12W: Incorporation of Dual Strakes to fly at 17,500 pounds. Maximum Takeoff Weight without the four restrictions imposed by the FAA. 

UC-12 F/M: High Frequency Radios and Increased Gross Weight (500 pounds).</proc:Description>
            </proc:P3AModificationItemGroup>
            <proc:P3AModificationItemGroup>
                <proc:ModificationTitle>RESERVE FORCES Inactive OSIPs</proc:ModificationTitle>
                <proc:ModificationNumber>4</proc:ModificationNumber>
                <proc:ModificationType>TBD</proc:ModificationType>
                <proc:Model>[No Model Specified]</proc:Model>
                <proc:ResourceSummary>
                    <proc:TotalCost>
                        <proc:AllPriorYears>75.818</proc:AllPriorYears>
                        <proc:PriorYear>0</proc:PriorYear>
                        <proc:CurrentYear>0</proc:CurrentYear>
                        <proc:BudgetYearOneBase>0</proc:BudgetYearOneBase>
                        <proc:BudgetYearOneOOC>0</proc:BudgetYearOneOOC>
                        <proc:BudgetYearOne>0</proc:BudgetYearOne>
                    </proc:TotalCost>
                    <proc:NetProcurementP1>
                        <proc:AllPriorYears>75.818</proc:AllPriorYears>
                        <proc:PriorYear>0</proc:PriorYear>
                        <proc:CurrentYear>0</proc:CurrentYear>
                        <proc:BudgetYearOneBase>0</proc:BudgetYearOneBase>
                        <proc:BudgetYearOneOOC>0</proc:BudgetYearOneOOC>
                        <proc:BudgetYearOne>0</proc:BudgetYearOne>
                    </proc:NetProcurementP1>
                    <proc:TotalObligationAuthority>
                        <proc:AllPriorYears>75.818</proc:AllPriorYears>
                        <proc:PriorYear>0</proc:PriorYear>
                        <proc:CurrentYear>0</proc:CurrentYear>
                        <proc:BudgetYearOneBase>0</proc:BudgetYearOneBase>
                        <proc:BudgetYearOneOOC>0</proc:BudgetYearOneOOC>
                        <proc:BudgetYearOne>0</proc:BudgetYearOne>
                    </proc:TotalObligationAuthority>
                </proc:ResourceSummary>
                <proc:ModificationItemList>
                    <proc:ModificationItem>
                        <proc:Title>RESERVE FORCES Inactive OSIPs</proc:Title>
                        <proc:Procurement>
                            <proc:TotalCost>
                                <proc:TotalCost>
                                    <proc:AllPriorYears>75.818</proc:AllPriorYears>
                                </proc:TotalCost>
                            </proc:TotalCost>
                        </proc:Procurement>
                        <proc:IndividualModInstallationList>
                            <proc:IndividualModInstallation>
                                <proc:Title>Inactive OSIPs</proc:Title>
                                <proc:KitList>
                                    <proc:Kit>
                                        <proc:Name>1.1.1) Inactive OSIPs - Organic</proc:Name>
                                        <proc:Cost>
                                            <proc:TotalCost>
                                                <proc:AllPriorYears>75.818</proc:AllPriorYears>
                                            </proc:TotalCost>
                                        </proc:Cost>
                                    </proc:Kit>
                                </proc:KitList>
                                <proc:TotalCost>
                                    <proc:TotalCost>
                                        <proc:AllPriorYears>75.818</proc:AllPriorYears>
                                    </proc:TotalCost>
                                </proc:TotalCost>
                            </proc:IndividualModInstallation>
                        </proc:IndividualModInstallationList>
                    </proc:ModificationItem>
                </proc:ModificationItemList>
                <proc:ProcurementSubtotal>
                    <proc:TotalCost>
                        <proc:AllPriorYears>75.818</proc:AllPriorYears>
                    </proc:TotalCost>
                </proc:ProcurementSubtotal>
                <proc:Description>Inactive OSIPs prior year totals.</proc:Description>
            </proc:P3AModificationItemGroup>
        </proc:ItemExhibitList>
        <proc:DocumentAssemblyOptions>
            <proc:p40AItemScheduleSetting>total</proc:p40AItemScheduleSetting>
        </proc:DocumentAssemblyOptions>
    </proc:LineItem>
</proc:LineItemList>