<?xml version="1.0" encoding="UTF-8"?>
<proc:LineItemList xmlns:proc="http://www.dtic.mil/comptroller/xml/schema/20100219/procurement">
    <proc:LineItem quantityUnits="Each" unitCostUnits="Dollars" totalCostUnits="Millions" manufacturerRateUnits="Yearly" suppressOutfittingDeliveryBY2ToBY5="true">
        <proc:LineItemNumber>0715</proc:LineItemNumber>
        <proc:LineItemTitle>Aircraft Industrial Facilities</proc:LineItemTitle>
        <proc:P1LineNumber>86</proc:P1LineNumber>
        <proc:BudgetYear>2026</proc:BudgetYear>
        <proc:BudgetCycle>PB</proc:BudgetCycle>
        <proc:SubmissionDate>2025-06</proc:SubmissionDate>
        <proc:ServiceAgencyName>Navy</proc:ServiceAgencyName>
        <proc:AppropriationNumber>1506N</proc:AppropriationNumber>
        <proc:AppropriationTitle>Aircraft Procurement, Navy</proc:AppropriationTitle>
        <proc:BudgetActivityNumber>7</proc:BudgetActivityNumber>
        <proc:BudgetActivityTitle>Aircraft Support Equip &amp; Facilities</proc:BudgetActivityTitle>
        <proc:BudgetSubActivityNumber>1</proc:BudgetSubActivityNumber>
        <proc:BudgetSubActivityTitle>Aircraft Support Equip &amp; Facilities</proc:BudgetSubActivityTitle>
        <proc:ResourceSummary>
            <proc:TotalCost>
                <proc:AllPriorYears>1479.009</proc:AllPriorYears>
                <proc:PriorYear>137.815</proc:PriorYear>
                <proc:CurrentYear>105.634</proc:CurrentYear>
                <proc:BudgetYearOneBase>112.513</proc:BudgetYearOneBase>
                <proc:BudgetYearOneOOC>0</proc:BudgetYearOneOOC>
                <proc:BudgetYearOne>112.513</proc:BudgetYearOne>
            </proc:TotalCost>
            <proc:NetProcurementP1>
                <proc:AllPriorYears>1479.009</proc:AllPriorYears>
                <proc:PriorYear>137.815</proc:PriorYear>
                <proc:CurrentYear>105.634</proc:CurrentYear>
                <proc:BudgetYearOneBase>112.513</proc:BudgetYearOneBase>
                <proc:BudgetYearOneOOC>0</proc:BudgetYearOneOOC>
                <proc:BudgetYearOne>112.513</proc:BudgetYearOne>
            </proc:NetProcurementP1>
            <proc:TotalObligationAuthority>
                <proc:AllPriorYears>1479.009</proc:AllPriorYears>
                <proc:PriorYear>137.815</proc:PriorYear>
                <proc:CurrentYear>105.634</proc:CurrentYear>
                <proc:BudgetYearOneBase>112.513</proc:BudgetYearOneBase>
                <proc:BudgetYearOneOOC>0</proc:BudgetYearOneOOC>
                <proc:BudgetYearOne>112.513</proc:BudgetYearOne>
            </proc:TotalObligationAuthority>
        </proc:ResourceSummary>
        <proc:Code>A</proc:Code>
        <proc:Description>Calibration Equipment Description:
The objective of the Metrology/Calibration (METCAL) Program is to maintain required accuracy and consistency in Navy measurements.  This ensures the required measurement accuracy of Test and Measurement Systems (TAMS) and Aviation Support Equipment (SE) used to test, repair and maintain Aviation Weapon Systems is adequate.  Calibration is an on-cycle maintenance action and can be described as the comparison of a measurement device/system of unverified/unknown accuracy (TAMS or SE) to a device of known and greater accuracy (Calibration Standard).

Fleet Readiness Centers (FRC) Support Equipment (SE)/Industrial Equipment Description:
The Objective of the FRC SE/Industrial Equipment Investment program is to increase Ready Basic Aircraft (RBA). The purchase of equipment for the Fleet Readiness Centers will increase the agility, capability, and capacity to perform the critical mission of repair, overhaul of aircraft, engines, and components while maintaining the organic industrial capacity to meet current and future requirements.</proc:Description>
        <proc:Justification>Calibration Equipment: 
Funds are used to procure Calibration Standards (CALSTDs) and ancillary equipment for Aviation Fleet Intermediate Calibration Activities, Fleet Training Activities, Aviation Navy Calibration Laboratories (NCLs), and the Navy Primary Standards Laboratory (NPSL).  CALSTDs procured for Fleet 'I' level use are to replace obsolete and/or irreparable equipment, expand technical measurement capabilities to decrease Depot support costs, reduce out-of-service turn around times, provide enhanced forward deployed geographic support and reduce/control the Naval Air Systems Command (NAVAIR) cost of ownership associated with Calibration.   Fleet 'I' level calibration activities support 70% of the total Fleet calibration workload.  Maintenance of Fleet calibration capability through this funding results in the release of more expensive Depot level support man-hours for more complex calibration maintenance and calibrations where economy of scale costs dictate single site or geographic calibration center capability.   CALSTDs procured for NCLs and the NPSL allow for the automation and improvement of calibration procedures in order to reduce Fleet asset out-of-service and Turn around Time, expand technical calibration capabilities for enhanced in-theater Fleet support, and replace obsolete and high support cost CALSTDs.

FRC SE/Industrial Equipment:
Funds are used to procure industrial equipment, peculiar and common ground support equipment, necessary to support aircraft, engine, and component depot level repairs. Replacing obsolete and or irreparable equipment, tooling and test equipment. Procuring equipment for modernization, maintenance of equipment along with miscellaneous other production charges in support of production and testing services, at depot facilities. Procuring new types of equipment to modernize and expand technical capabilities to increase throughput. Procuring training aids and fund installation of the equipment to include required environmental enclosures and training equipment; simulators, all in support of aircraft industrial production facilities.

The FY 2026 request was reduced by $0.340 million for civilian personnel to optimize the workforce in compliance with Executive Order 14210, "Implementing the President's Department of Government Efficiency Workforce Optimization Initiative."</proc:Justification>
        <proc:ItemExhibitList>
            <proc:P40AItemGroup>
                <proc:Name>Aircraft Industrial Facilities</proc:Name>
                <proc:CategoryList>
                    <proc:Category>
                        <proc:Name>1) Aircraft Industrial Facilities</proc:Name>
                        <proc:ItemList>
                            <proc:Item>
                                <proc:Name footnote="Each Cost Element with a Quantity represents a number of different end items.  The Unit Cost is an average cost for all the end items in Cost Elements 1.1 (Automated/Interface CALSTDs), 1.2 (Low Frequency AC/DC CALSTDs), 1.3 (Other CALSTDs Procurement), 1.4 (Physical/Dimen/Optical CALSTDs), 1.5 (RF/Microwave CALSTDs), and 1.6 (Res/Impedance CALSTDs).">1.1) Automated / Interface CALSTDs</proc:Name>
                                <proc:IdCode>A</proc:IdCode>
                                <proc:ResourceSummary>
                                    <proc:Quantity>
                                        <proc:AllPriorYears>1660</proc:AllPriorYears>
                                        <proc:PriorYear>133</proc:PriorYear>
                                        <proc:CurrentYear>133</proc:CurrentYear>
                                        <proc:BudgetYearOneBase>135</proc:BudgetYearOneBase>
                                        <proc:BudgetYearOne>135</proc:BudgetYearOne>
                                    </proc:Quantity>
                                    <proc:TotalCost>
                                        <proc:AllPriorYears>16.61</proc:AllPriorYears>
                                        <proc:PriorYear>0.415</proc:PriorYear>
                                        <proc:CurrentYear>0.425</proc:CurrentYear>
                                        <proc:BudgetYearOneBase>0.433</proc:BudgetYearOneBase>
                                        <proc:BudgetYearOne>0.433</proc:BudgetYearOne>
                                    </proc:TotalCost>
                                    <proc:UnitCost>
                                        <proc:AllPriorYears>10006.02</proc:AllPriorYears>
                                        <proc:PriorYear>3120.3</proc:PriorYear>
                                        <proc:CurrentYear>3195.49</proc:CurrentYear>
                                        <proc:BudgetYearOneBase>3207.41</proc:BudgetYearOneBase>
                                        <proc:BudgetYearOne>3207.41</proc:BudgetYearOne>
                                    </proc:UnitCost>
                                </proc:ResourceSummary>
                                <proc:AllPriorYearsDeliveries>1139</proc:AllPriorYearsDeliveries>
                                <proc:ManufacturerList>
                                    <proc:Manufacturer>
                                        <proc:Name>Various</proc:Name>
                                        <proc:Location>Various</proc:Location>
                                        <proc:HistoryPlanningList>
                                            <proc:HistoryPlanning>
                                                <proc:FiscalYear>2020</proc:FiscalYear>
                                                <proc:PCOLocation>Multiple</proc:PCOLocation>
                                                <proc:AwardDate>2019-10</proc:AwardDate>
                                                <proc:FirstDeliveryDate>2019-10</proc:FirstDeliveryDate>
                                                <proc:Quantity>126</proc:Quantity>
                                                <proc:UnitCost>3246.03</proc:UnitCost>
                                                <proc:SpecsAvailableNow>true</proc:SpecsAvailableNow>
                                                <proc:ContractMethod>C</proc:ContractMethod>
                                                <proc:ContractType>FP</proc:ContractType>
                                            </proc:HistoryPlanning>
                                            <proc:HistoryPlanning>
                                                <proc:FiscalYear>2021</proc:FiscalYear>
                                                <proc:PCOLocation>Multiple</proc:PCOLocation>
                                                <proc:AwardDate>2020-10</proc:AwardDate>
                                                <proc:FirstDeliveryDate>2020-10</proc:FirstDeliveryDate>
                                                <proc:Quantity>128</proc:Quantity>
                                                <proc:UnitCost>3242.19</proc:UnitCost>
                                                <proc:SpecsAvailableNow>true</proc:SpecsAvailableNow>
                                                <proc:ContractMethod>C</proc:ContractMethod>
                                                <proc:ContractType>FP</proc:ContractType>
                                            </proc:HistoryPlanning>
                                            <proc:HistoryPlanning>
                                                <proc:FiscalYear>2022</proc:FiscalYear>
                                                <proc:PCOLocation>Multiple</proc:PCOLocation>
                                                <proc:AwardDate>2021-10</proc:AwardDate>
                                                <proc:FirstDeliveryDate>2021-10</proc:FirstDeliveryDate>
                                                <proc:Quantity>131</proc:Quantity>
                                                <proc:UnitCost>3229.01</proc:UnitCost>
                                                <proc:SpecsAvailableNow>true</proc:SpecsAvailableNow>
                                                <proc:ContractMethod>C</proc:ContractMethod>
                                                <proc:ContractType>FP</proc:ContractType>
                                            </proc:HistoryPlanning>
                                            <proc:HistoryPlanning>
                                                <proc:FiscalYear>2023</proc:FiscalYear>
                                                <proc:PCOLocation>Multiple</proc:PCOLocation>
                                                <proc:AwardDate>2022-10</proc:AwardDate>
                                                <proc:FirstDeliveryDate>2022-10</proc:FirstDeliveryDate>
                                                <proc:Quantity>136</proc:Quantity>
                                                <proc:UnitCost>3139.71</proc:UnitCost>
                                                <proc:SpecsAvailableNow>true</proc:SpecsAvailableNow>
                                                <proc:ContractMethod>C</proc:ContractMethod>
                                                <proc:ContractType>FP</proc:ContractType>
                                            </proc:HistoryPlanning>
                                            <proc:HistoryPlanning>
                                                <proc:FiscalYear>2024</proc:FiscalYear>
                                                <proc:PCOLocation>Multiple</proc:PCOLocation>
                                                <proc:AwardDate>2023-10</proc:AwardDate>
                                                <proc:FirstDeliveryDate>2023-10</proc:FirstDeliveryDate>
                                                <proc:Quantity>133</proc:Quantity>
                                                <proc:UnitCost>3120.30</proc:UnitCost>
                                                <proc:SpecsAvailableNow>true</proc:SpecsAvailableNow>
                                                <proc:ContractMethod>C</proc:ContractMethod>
                                                <proc:ContractType>FP</proc:ContractType>
                                            </proc:HistoryPlanning>
                                            <proc:HistoryPlanning>
                                                <proc:FiscalYear>2025</proc:FiscalYear>
                                                <proc:PCOLocation>Multiple</proc:PCOLocation>
                                                <proc:AwardDate>2024-10</proc:AwardDate>
                                                <proc:FirstDeliveryDate>2024-10</proc:FirstDeliveryDate>
                                                <proc:Quantity>133</proc:Quantity>
                                                <proc:UnitCost>3195.49</proc:UnitCost>
                                                <proc:SpecsAvailableNow>true</proc:SpecsAvailableNow>
                                                <proc:ContractMethod>C</proc:ContractMethod>
                                                <proc:ContractType>FP</proc:ContractType>
                                            </proc:HistoryPlanning>
                                            <proc:HistoryPlanning>
                                                <proc:FiscalYear>2026</proc:FiscalYear>
                                                <proc:PCOLocation>Multiple</proc:PCOLocation>
                                                <proc:AwardDate>2025-10</proc:AwardDate>
                                                <proc:FirstDeliveryDate>2025-10</proc:FirstDeliveryDate>
                                                <proc:Quantity>135</proc:Quantity>
                                                <proc:UnitCost>3207.41</proc:UnitCost>
                                                <proc:SpecsAvailableNow>true</proc:SpecsAvailableNow>
                                                <proc:ContractMethod>C</proc:ContractMethod>
                                                <proc:ContractType>FP</proc:ContractType>
                                            </proc:HistoryPlanning>
                                        </proc:HistoryPlanningList>
                                    </proc:Manufacturer>
                                </proc:ManufacturerList>
                            </proc:Item>
                            <proc:Item>
                                <proc:Name>1.2) Low Frequency AC/DC CALSTDs</proc:Name>
                                <proc:IdCode>A</proc:IdCode>
                                <proc:ResourceSummary>
                                    <proc:Quantity>
                                        <proc:AllPriorYears>5071</proc:AllPriorYears>
                                        <proc:PriorYear>588</proc:PriorYear>
                                        <proc:CurrentYear>593</proc:CurrentYear>
                                        <proc:BudgetYearOneBase>595</proc:BudgetYearOneBase>
                                        <proc:BudgetYearOne>595</proc:BudgetYearOne>
                                    </proc:Quantity>
                                    <proc:TotalCost>
                                        <proc:AllPriorYears>153.532</proc:AllPriorYears>
                                        <proc:PriorYear>6.793</proc:PriorYear>
                                        <proc:CurrentYear>6.89</proc:CurrentYear>
                                        <proc:BudgetYearOneBase>7.025</proc:BudgetYearOneBase>
                                        <proc:BudgetYearOne>7.025</proc:BudgetYearOne>
                                    </proc:TotalCost>
                                    <proc:UnitCost>
                                        <proc:AllPriorYears>30276.47</proc:AllPriorYears>
                                        <proc:PriorYear>11552.72</proc:PriorYear>
                                        <proc:CurrentYear>11618.89</proc:CurrentYear>
                                        <proc:BudgetYearOneBase>11806.72</proc:BudgetYearOneBase>
                                        <proc:BudgetYearOne>11806.72</proc:BudgetYearOne>
                                    </proc:UnitCost>
                                </proc:ResourceSummary>
                                <proc:AllPriorYearsDeliveries>2951</proc:AllPriorYearsDeliveries>
                                <proc:ManufacturerList>
                                    <proc:Manufacturer>
                                        <proc:Name>Various</proc:Name>
                                        <proc:Location>Various</proc:Location>
                                        <proc:HistoryPlanningList>
                                            <proc:HistoryPlanning>
                                                <proc:FiscalYear>2020</proc:FiscalYear>
                                                <proc:PCOLocation>Multiple</proc:PCOLocation>
                                                <proc:AwardDate>2019-10</proc:AwardDate>
                                                <proc:FirstDeliveryDate>2019-10</proc:FirstDeliveryDate>
                                                <proc:Quantity>510</proc:Quantity>
                                                <proc:UnitCost>10737.25</proc:UnitCost>
                                                <proc:SpecsAvailableNow>true</proc:SpecsAvailableNow>
                                                <proc:ContractMethod>C</proc:ContractMethod>
                                                <proc:ContractType>FP</proc:ContractType>
                                            </proc:HistoryPlanning>
                                            <proc:HistoryPlanning>
                                                <proc:FiscalYear>2021</proc:FiscalYear>
                                                <proc:PCOLocation>Multiple</proc:PCOLocation>
                                                <proc:AwardDate>2020-10</proc:AwardDate>
                                                <proc:FirstDeliveryDate>2020-10</proc:FirstDeliveryDate>
                                                <proc:Quantity>513</proc:Quantity>
                                                <proc:UnitCost>10902.53</proc:UnitCost>
                                                <proc:SpecsAvailableNow>true</proc:SpecsAvailableNow>
                                                <proc:ContractMethod>C</proc:ContractMethod>
                                                <proc:ContractType>FP</proc:ContractType>
                                            </proc:HistoryPlanning>
                                            <proc:HistoryPlanning>
                                                <proc:FiscalYear>2022</proc:FiscalYear>
                                                <proc:PCOLocation>Multiple</proc:PCOLocation>
                                                <proc:AwardDate>2021-10</proc:AwardDate>
                                                <proc:FirstDeliveryDate>2021-10</proc:FirstDeliveryDate>
                                                <proc:Quantity>499</proc:Quantity>
                                                <proc:UnitCost>11436.87</proc:UnitCost>
                                                <proc:SpecsAvailableNow>true</proc:SpecsAvailableNow>
                                                <proc:ContractMethod>C</proc:ContractMethod>
                                                <proc:ContractType>FP</proc:ContractType>
                                            </proc:HistoryPlanning>
                                            <proc:HistoryPlanning>
                                                <proc:FiscalYear>2023</proc:FiscalYear>
                                                <proc:PCOLocation>Multiple</proc:PCOLocation>
                                                <proc:AwardDate>2022-10</proc:AwardDate>
                                                <proc:FirstDeliveryDate>2022-10</proc:FirstDeliveryDate>
                                                <proc:Quantity>598</proc:Quantity>
                                                <proc:UnitCost>11543.48</proc:UnitCost>
                                                <proc:SpecsAvailableNow>true</proc:SpecsAvailableNow>
                                                <proc:ContractMethod>C</proc:ContractMethod>
                                                <proc:ContractType>FP</proc:ContractType>
                                            </proc:HistoryPlanning>
                                            <proc:HistoryPlanning>
                                                <proc:FiscalYear>2024</proc:FiscalYear>
                                                <proc:PCOLocation>Multiple</proc:PCOLocation>
                                                <proc:AwardDate>2023-10</proc:AwardDate>
                                                <proc:FirstDeliveryDate>2023-10</proc:FirstDeliveryDate>
                                                <proc:Quantity>588</proc:Quantity>
                                                <proc:UnitCost>11552.72</proc:UnitCost>
                                                <proc:SpecsAvailableNow>true</proc:SpecsAvailableNow>
                                                <proc:ContractMethod>C</proc:ContractMethod>
                                                <proc:ContractType>FP</proc:ContractType>
                                            </proc:HistoryPlanning>
                                            <proc:HistoryPlanning>
                                                <proc:FiscalYear>2025</proc:FiscalYear>
                                                <proc:PCOLocation>Multiple</proc:PCOLocation>
                                                <proc:AwardDate>2024-10</proc:AwardDate>
                                                <proc:FirstDeliveryDate>2024-10</proc:FirstDeliveryDate>
                                                <proc:Quantity>593</proc:Quantity>
                                                <proc:UnitCost>11618.89</proc:UnitCost>
                                                <proc:SpecsAvailableNow>true</proc:SpecsAvailableNow>
                                                <proc:ContractMethod>C</proc:ContractMethod>
                                                <proc:ContractType>FP</proc:ContractType>
                                            </proc:HistoryPlanning>
                                            <proc:HistoryPlanning>
                                                <proc:FiscalYear>2026</proc:FiscalYear>
                                                <proc:PCOLocation>Multiple</proc:PCOLocation>
                                                <proc:AwardDate>2025-10</proc:AwardDate>
                                                <proc:FirstDeliveryDate>2025-10</proc:FirstDeliveryDate>
                                                <proc:Quantity>595</proc:Quantity>
                                                <proc:UnitCost>11806.72</proc:UnitCost>
                                                <proc:SpecsAvailableNow>true</proc:SpecsAvailableNow>
                                                <proc:ContractMethod>C</proc:ContractMethod>
                                                <proc:ContractType>FP</proc:ContractType>
                                            </proc:HistoryPlanning>
                                        </proc:HistoryPlanningList>
                                    </proc:Manufacturer>
                                </proc:ManufacturerList>
                            </proc:Item>
                            <proc:Item>
                                <proc:Name>1.3) Other CALSTDs Procurement</proc:Name>
                                <proc:IdCode>A</proc:IdCode>
                                <proc:ResourceSummary>
                                    <proc:Quantity>
                                        <proc:AllPriorYears>1749</proc:AllPriorYears>
                                        <proc:PriorYear>115</proc:PriorYear>
                                        <proc:CurrentYear>122</proc:CurrentYear>
                                        <proc:BudgetYearOneBase>123</proc:BudgetYearOneBase>
                                        <proc:BudgetYearOne>123</proc:BudgetYearOne>
                                    </proc:Quantity>
                                    <proc:TotalCost>
                                        <proc:AllPriorYears>25.324</proc:AllPriorYears>
                                        <proc:PriorYear>0.829</proc:PriorYear>
                                        <proc:CurrentYear>0.876</proc:CurrentYear>
                                        <proc:BudgetYearOneBase>0.894</proc:BudgetYearOneBase>
                                        <proc:BudgetYearOne>0.894</proc:BudgetYearOne>
                                    </proc:TotalCost>
                                    <proc:UnitCost>
                                        <proc:AllPriorYears>14479.13</proc:AllPriorYears>
                                        <proc:PriorYear>7208.7</proc:PriorYear>
                                        <proc:CurrentYear>7180.33</proc:CurrentYear>
                                        <proc:BudgetYearOneBase>7268.29</proc:BudgetYearOneBase>
                                        <proc:BudgetYearOne>7268.29</proc:BudgetYearOne>
                                    </proc:UnitCost>
                                </proc:ResourceSummary>
                                <proc:AllPriorYearsDeliveries>1136</proc:AllPriorYearsDeliveries>
                                <proc:ManufacturerList>
                                    <proc:Manufacturer>
                                        <proc:Name>Various</proc:Name>
                                        <proc:Location>Various</proc:Location>
                                        <proc:HistoryPlanningList>
                                            <proc:HistoryPlanning>
                                                <proc:FiscalYear>2019</proc:FiscalYear>
                                                <proc:PCOLocation>Multiple</proc:PCOLocation>
                                                <proc:AwardDate>2018-10</proc:AwardDate>
                                                <proc:FirstDeliveryDate>2018-10</proc:FirstDeliveryDate>
                                                <proc:Quantity>108</proc:Quantity>
                                                <proc:UnitCost>6648.15</proc:UnitCost>
                                                <proc:SpecsAvailableNow>true</proc:SpecsAvailableNow>
                                                <proc:ContractMethod>C</proc:ContractMethod>
                                                <proc:ContractType>FP</proc:ContractType>
                                            </proc:HistoryPlanning>
                                            <proc:HistoryPlanning>
                                                <proc:FiscalYear>2020</proc:FiscalYear>
                                                <proc:PCOLocation>Multiple</proc:PCOLocation>
                                                <proc:AwardDate>2019-10</proc:AwardDate>
                                                <proc:FirstDeliveryDate>2019-10</proc:FirstDeliveryDate>
                                                <proc:Quantity>127</proc:Quantity>
                                                <proc:UnitCost>6259.84</proc:UnitCost>
                                                <proc:SpecsAvailableNow>true</proc:SpecsAvailableNow>
                                                <proc:ContractMethod>C</proc:ContractMethod>
                                                <proc:ContractType>FP</proc:ContractType>
                                            </proc:HistoryPlanning>
                                            <proc:HistoryPlanning>
                                                <proc:FiscalYear>2021</proc:FiscalYear>
                                                <proc:PCOLocation>Multiple</proc:PCOLocation>
                                                <proc:AwardDate>2020-10</proc:AwardDate>
                                                <proc:FirstDeliveryDate>2020-10</proc:FirstDeliveryDate>
                                                <proc:Quantity>129</proc:Quantity>
                                                <proc:UnitCost>6271.32</proc:UnitCost>
                                                <proc:SpecsAvailableNow>true</proc:SpecsAvailableNow>
                                                <proc:ContractMethod>C</proc:ContractMethod>
                                                <proc:ContractType>FP</proc:ContractType>
                                            </proc:HistoryPlanning>
                                            <proc:HistoryPlanning>
                                                <proc:FiscalYear>2022</proc:FiscalYear>
                                                <proc:PCOLocation>Multiple</proc:PCOLocation>
                                                <proc:AwardDate>2021-10</proc:AwardDate>
                                                <proc:FirstDeliveryDate>2021-10</proc:FirstDeliveryDate>
                                                <proc:Quantity>128</proc:Quantity>
                                                <proc:UnitCost>6445.31</proc:UnitCost>
                                                <proc:SpecsAvailableNow>true</proc:SpecsAvailableNow>
                                                <proc:ContractMethod>C</proc:ContractMethod>
                                                <proc:ContractType>FP</proc:ContractType>
                                            </proc:HistoryPlanning>
                                            <proc:HistoryPlanning>
                                                <proc:FiscalYear>2023</proc:FiscalYear>
                                                <proc:PCOLocation>Multiple</proc:PCOLocation>
                                                <proc:AwardDate>2022-10</proc:AwardDate>
                                                <proc:FirstDeliveryDate>2022-10</proc:FirstDeliveryDate>
                                                <proc:Quantity>121</proc:Quantity>
                                                <proc:UnitCost>6950.41</proc:UnitCost>
                                                <proc:SpecsAvailableNow>true</proc:SpecsAvailableNow>
                                                <proc:ContractMethod>C</proc:ContractMethod>
                                                <proc:ContractType>FP</proc:ContractType>
                                            </proc:HistoryPlanning>
                                            <proc:HistoryPlanning>
                                                <proc:FiscalYear>2024</proc:FiscalYear>
                                                <proc:PCOLocation>Multiple</proc:PCOLocation>
                                                <proc:AwardDate>2023-10</proc:AwardDate>
                                                <proc:FirstDeliveryDate>2023-10</proc:FirstDeliveryDate>
                                                <proc:Quantity>115</proc:Quantity>
                                                <proc:UnitCost>7208.70</proc:UnitCost>
                                                <proc:SpecsAvailableNow>true</proc:SpecsAvailableNow>
                                                <proc:ContractMethod>C</proc:ContractMethod>
                                                <proc:ContractType>FP</proc:ContractType>
                                            </proc:HistoryPlanning>
                                            <proc:HistoryPlanning>
                                                <proc:FiscalYear>2025</proc:FiscalYear>
                                                <proc:PCOLocation>Multiple</proc:PCOLocation>
                                                <proc:AwardDate>2024-10</proc:AwardDate>
                                                <proc:FirstDeliveryDate>2024-10</proc:FirstDeliveryDate>
                                                <proc:Quantity>122</proc:Quantity>
                                                <proc:UnitCost>7180.33</proc:UnitCost>
                                                <proc:SpecsAvailableNow>true</proc:SpecsAvailableNow>
                                                <proc:ContractMethod>C</proc:ContractMethod>
                                                <proc:ContractType>FP</proc:ContractType>
                                            </proc:HistoryPlanning>
                                            <proc:HistoryPlanning>
                                                <proc:FiscalYear>2026</proc:FiscalYear>
                                                <proc:PCOLocation>Multiple</proc:PCOLocation>
                                                <proc:AwardDate>2025-10</proc:AwardDate>
                                                <proc:FirstDeliveryDate>2025-10</proc:FirstDeliveryDate>
                                                <proc:Quantity>123</proc:Quantity>
                                                <proc:UnitCost>7268.29</proc:UnitCost>
                                                <proc:SpecsAvailableNow>true</proc:SpecsAvailableNow>
                                                <proc:ContractMethod>C</proc:ContractMethod>
                                                <proc:ContractType>FP</proc:ContractType>
                                            </proc:HistoryPlanning>
                                        </proc:HistoryPlanningList>
                                    </proc:Manufacturer>
                                </proc:ManufacturerList>
                            </proc:Item>
                            <proc:Item>
                                <proc:Name>1.4) Physical Dimen / Optical CALSTDs</proc:Name>
                                <proc:IdCode>A</proc:IdCode>
                                <proc:ResourceSummary>
                                    <proc:Quantity>
                                        <proc:AllPriorYears>3177</proc:AllPriorYears>
                                        <proc:PriorYear>269</proc:PriorYear>
                                        <proc:CurrentYear>273</proc:CurrentYear>
                                        <proc:BudgetYearOneBase>277</proc:BudgetYearOneBase>
                                        <proc:BudgetYearOne>277</proc:BudgetYearOne>
                                    </proc:Quantity>
                                    <proc:TotalCost>
                                        <proc:AllPriorYears>213.344</proc:AllPriorYears>
                                        <proc:PriorYear>8.455</proc:PriorYear>
                                        <proc:CurrentYear>8.581</proc:CurrentYear>
                                        <proc:BudgetYearOneBase>8.811</proc:BudgetYearOneBase>
                                        <proc:BudgetYearOne>8.811</proc:BudgetYearOne>
                                    </proc:TotalCost>
                                    <proc:UnitCost>
                                        <proc:AllPriorYears>67152.66</proc:AllPriorYears>
                                        <proc:PriorYear>31431.23</proc:PriorYear>
                                        <proc:CurrentYear>31432.23</proc:CurrentYear>
                                        <proc:BudgetYearOneBase>31808.66</proc:BudgetYearOneBase>
                                        <proc:BudgetYearOne>31808.66</proc:BudgetYearOne>
                                    </proc:UnitCost>
                                </proc:ResourceSummary>
                                <proc:AllPriorYearsDeliveries>1646</proc:AllPriorYearsDeliveries>
                                <proc:ManufacturerList>
                                    <proc:Manufacturer>
                                        <proc:Name>Various</proc:Name>
                                        <proc:Location>Various</proc:Location>
                                        <proc:HistoryPlanningList>
                                            <proc:HistoryPlanning>
                                                <proc:FiscalYear>2018</proc:FiscalYear>
                                                <proc:PCOLocation>Multiple</proc:PCOLocation>
                                                <proc:AwardDate>2017-10</proc:AwardDate>
                                                <proc:FirstDeliveryDate>2017-10</proc:FirstDeliveryDate>
                                                <proc:Quantity>248</proc:Quantity>
                                                <proc:UnitCost>33258.06</proc:UnitCost>
                                                <proc:SpecsAvailableNow>true</proc:SpecsAvailableNow>
                                                <proc:ContractMethod>C</proc:ContractMethod>
                                                <proc:ContractType>FP</proc:ContractType>
                                            </proc:HistoryPlanning>
                                            <proc:HistoryPlanning>
                                                <proc:FiscalYear>2019</proc:FiscalYear>
                                                <proc:PCOLocation>Multiple</proc:PCOLocation>
                                                <proc:AwardDate>2018-10</proc:AwardDate>
                                                <proc:FirstDeliveryDate>2018-10</proc:FirstDeliveryDate>
                                                <proc:Quantity>240</proc:Quantity>
                                                <proc:UnitCost>29316.67</proc:UnitCost>
                                                <proc:SpecsAvailableNow>true</proc:SpecsAvailableNow>
                                                <proc:ContractMethod>C</proc:ContractMethod>
                                                <proc:ContractType>FP</proc:ContractType>
                                            </proc:HistoryPlanning>
                                            <proc:HistoryPlanning>
                                                <proc:FiscalYear>2020</proc:FiscalYear>
                                                <proc:PCOLocation>Multiple</proc:PCOLocation>
                                                <proc:AwardDate>2019-10</proc:AwardDate>
                                                <proc:FirstDeliveryDate>2019-10</proc:FirstDeliveryDate>
                                                <proc:Quantity>255</proc:Quantity>
                                                <proc:UnitCost>31490.20</proc:UnitCost>
                                                <proc:SpecsAvailableNow>true</proc:SpecsAvailableNow>
                                                <proc:ContractMethod>C</proc:ContractMethod>
                                                <proc:ContractType>FP</proc:ContractType>
                                            </proc:HistoryPlanning>
                                            <proc:HistoryPlanning>
                                                <proc:FiscalYear>2021</proc:FiscalYear>
                                                <proc:PCOLocation>Multiple</proc:PCOLocation>
                                                <proc:AwardDate>2020-10</proc:AwardDate>
                                                <proc:FirstDeliveryDate>2020-10</proc:FirstDeliveryDate>
                                                <proc:Quantity>262</proc:Quantity>
                                                <proc:UnitCost>31458.02</proc:UnitCost>
                                                <proc:SpecsAvailableNow>true</proc:SpecsAvailableNow>
                                                <proc:ContractMethod>C</proc:ContractMethod>
                                                <proc:ContractType>FP</proc:ContractType>
                                            </proc:HistoryPlanning>
                                            <proc:HistoryPlanning>
                                                <proc:FiscalYear>2022</proc:FiscalYear>
                                                <proc:PCOLocation>Multiple</proc:PCOLocation>
                                                <proc:AwardDate>2021-10</proc:AwardDate>
                                                <proc:FirstDeliveryDate>2021-10</proc:FirstDeliveryDate>
                                                <proc:Quantity>261</proc:Quantity>
                                                <proc:UnitCost>31042.15</proc:UnitCost>
                                                <proc:SpecsAvailableNow>true</proc:SpecsAvailableNow>
                                                <proc:ContractMethod>C</proc:ContractMethod>
                                                <proc:ContractType>FP</proc:ContractType>
                                            </proc:HistoryPlanning>
                                            <proc:HistoryPlanning>
                                                <proc:FiscalYear>2023</proc:FiscalYear>
                                                <proc:PCOLocation>Multiple</proc:PCOLocation>
                                                <proc:AwardDate>2022-10</proc:AwardDate>
                                                <proc:FirstDeliveryDate>2022-10</proc:FirstDeliveryDate>
                                                <proc:Quantity>265</proc:Quantity>
                                                <proc:UnitCost>31309.43</proc:UnitCost>
                                                <proc:SpecsAvailableNow>true</proc:SpecsAvailableNow>
                                                <proc:ContractMethod>C</proc:ContractMethod>
                                                <proc:ContractType>FP</proc:ContractType>
                                            </proc:HistoryPlanning>
                                            <proc:HistoryPlanning>
                                                <proc:FiscalYear>2024</proc:FiscalYear>
                                                <proc:PCOLocation>Multiple</proc:PCOLocation>
                                                <proc:AwardDate>2023-10</proc:AwardDate>
                                                <proc:FirstDeliveryDate>2023-10</proc:FirstDeliveryDate>
                                                <proc:Quantity>269</proc:Quantity>
                                                <proc:UnitCost>31431.23</proc:UnitCost>
                                                <proc:SpecsAvailableNow>true</proc:SpecsAvailableNow>
                                                <proc:ContractMethod>C</proc:ContractMethod>
                                                <proc:ContractType>FP</proc:ContractType>
                                            </proc:HistoryPlanning>
                                            <proc:HistoryPlanning>
                                                <proc:FiscalYear>2025</proc:FiscalYear>
                                                <proc:PCOLocation>Multiple</proc:PCOLocation>
                                                <proc:AwardDate>2024-10</proc:AwardDate>
                                                <proc:FirstDeliveryDate>2024-10</proc:FirstDeliveryDate>
                                                <proc:Quantity>273</proc:Quantity>
                                                <proc:UnitCost>31432.23</proc:UnitCost>
                                                <proc:SpecsAvailableNow>true</proc:SpecsAvailableNow>
                                                <proc:ContractMethod>C</proc:ContractMethod>
                                                <proc:ContractType>FP</proc:ContractType>
                                            </proc:HistoryPlanning>
                                            <proc:HistoryPlanning>
                                                <proc:FiscalYear>2026</proc:FiscalYear>
                                                <proc:PCOLocation>Multiple</proc:PCOLocation>
                                                <proc:AwardDate>2025-10</proc:AwardDate>
                                                <proc:FirstDeliveryDate>2025-10</proc:FirstDeliveryDate>
                                                <proc:Quantity>277</proc:Quantity>
                                                <proc:UnitCost>31808.66</proc:UnitCost>
                                                <proc:SpecsAvailableNow>true</proc:SpecsAvailableNow>
                                                <proc:ContractMethod>C</proc:ContractMethod>
                                                <proc:ContractType>FP</proc:ContractType>
                                            </proc:HistoryPlanning>
                                        </proc:HistoryPlanningList>
                                    </proc:Manufacturer>
                                </proc:ManufacturerList>
                            </proc:Item>
                            <proc:Item>
                                <proc:Name>1.5) RF / Microwave CALSTDs</proc:Name>
                                <proc:IdCode>A</proc:IdCode>
                                <proc:ResourceSummary>
                                    <proc:Quantity>
                                        <proc:AllPriorYears>5391</proc:AllPriorYears>
                                        <proc:PriorYear>534</proc:PriorYear>
                                        <proc:CurrentYear>529</proc:CurrentYear>
                                        <proc:BudgetYearOneBase>530</proc:BudgetYearOneBase>
                                        <proc:BudgetYearOne>530</proc:BudgetYearOne>
                                    </proc:Quantity>
                                    <proc:TotalCost>
                                        <proc:AllPriorYears>168.819</proc:AllPriorYears>
                                        <proc:PriorYear>7.958</proc:PriorYear>
                                        <proc:CurrentYear>8.077</proc:CurrentYear>
                                        <proc:BudgetYearOneBase>8.134</proc:BudgetYearOneBase>
                                        <proc:BudgetYearOne>8.134</proc:BudgetYearOne>
                                    </proc:TotalCost>
                                    <proc:UnitCost>
                                        <proc:AllPriorYears>31314.97</proc:AllPriorYears>
                                        <proc:PriorYear>14902.62</proc:PriorYear>
                                        <proc:CurrentYear>15268.43</proc:CurrentYear>
                                        <proc:BudgetYearOneBase>15347.17</proc:BudgetYearOneBase>
                                        <proc:BudgetYearOne>15347.17</proc:BudgetYearOne>
                                    </proc:UnitCost>
                                </proc:ResourceSummary>
                                <proc:AllPriorYearsDeliveries>3778</proc:AllPriorYearsDeliveries>
                                <proc:ManufacturerList>
                                    <proc:Manufacturer>
                                        <proc:Name>Various</proc:Name>
                                        <proc:Location>Various</proc:Location>
                                        <proc:HistoryPlanningList>
                                            <proc:HistoryPlanning>
                                                <proc:FiscalYear>2021</proc:FiscalYear>
                                                <proc:PCOLocation>Multiple</proc:PCOLocation>
                                                <proc:AwardDate>2020-10</proc:AwardDate>
                                                <proc:FirstDeliveryDate>2020-10</proc:FirstDeliveryDate>
                                                <proc:Quantity>574</proc:Quantity>
                                                <proc:UnitCost>13153.31</proc:UnitCost>
                                                <proc:SpecsAvailableNow>true</proc:SpecsAvailableNow>
                                                <proc:ContractMethod>C</proc:ContractMethod>
                                                <proc:ContractType>FP</proc:ContractType>
                                            </proc:HistoryPlanning>
                                            <proc:HistoryPlanning>
                                                <proc:FiscalYear>2022</proc:FiscalYear>
                                                <proc:PCOLocation>Multiple</proc:PCOLocation>
                                                <proc:AwardDate>2021-10</proc:AwardDate>
                                                <proc:FirstDeliveryDate>2021-10</proc:FirstDeliveryDate>
                                                <proc:Quantity>513</proc:Quantity>
                                                <proc:UnitCost>15035.09</proc:UnitCost>
                                                <proc:SpecsAvailableNow>true</proc:SpecsAvailableNow>
                                                <proc:ContractMethod>C</proc:ContractMethod>
                                                <proc:ContractType>FP</proc:ContractType>
                                            </proc:HistoryPlanning>
                                            <proc:HistoryPlanning>
                                                <proc:FiscalYear>2023</proc:FiscalYear>
                                                <proc:PCOLocation>Multiple</proc:PCOLocation>
                                                <proc:AwardDate>2022-10</proc:AwardDate>
                                                <proc:FirstDeliveryDate>2022-10</proc:FirstDeliveryDate>
                                                <proc:Quantity>526</proc:Quantity>
                                                <proc:UnitCost>14880.23</proc:UnitCost>
                                                <proc:SpecsAvailableNow>true</proc:SpecsAvailableNow>
                                                <proc:ContractMethod>C</proc:ContractMethod>
                                                <proc:ContractType>FP</proc:ContractType>
                                            </proc:HistoryPlanning>
                                            <proc:HistoryPlanning>
                                                <proc:FiscalYear>2024</proc:FiscalYear>
                                                <proc:PCOLocation>Multiple</proc:PCOLocation>
                                                <proc:AwardDate>2023-10</proc:AwardDate>
                                                <proc:FirstDeliveryDate>2023-10</proc:FirstDeliveryDate>
                                                <proc:Quantity>534</proc:Quantity>
                                                <proc:UnitCost>14902.62</proc:UnitCost>
                                                <proc:SpecsAvailableNow>true</proc:SpecsAvailableNow>
                                                <proc:ContractMethod>C</proc:ContractMethod>
                                                <proc:ContractType>FP</proc:ContractType>
                                            </proc:HistoryPlanning>
                                            <proc:HistoryPlanning>
                                                <proc:FiscalYear>2025</proc:FiscalYear>
                                                <proc:PCOLocation>Multiple</proc:PCOLocation>
                                                <proc:AwardDate>2024-10</proc:AwardDate>
                                                <proc:FirstDeliveryDate>2024-10</proc:FirstDeliveryDate>
                                                <proc:Quantity>529</proc:Quantity>
                                                <proc:UnitCost>15268.43</proc:UnitCost>
                                                <proc:SpecsAvailableNow>true</proc:SpecsAvailableNow>
                                                <proc:ContractMethod>C</proc:ContractMethod>
                                                <proc:ContractType>FP</proc:ContractType>
                                            </proc:HistoryPlanning>
                                            <proc:HistoryPlanning>
                                                <proc:FiscalYear>2026</proc:FiscalYear>
                                                <proc:PCOLocation>Multiple</proc:PCOLocation>
                                                <proc:AwardDate>2025-10</proc:AwardDate>
                                                <proc:FirstDeliveryDate>2025-10</proc:FirstDeliveryDate>
                                                <proc:Quantity>530</proc:Quantity>
                                                <proc:UnitCost>15347.17</proc:UnitCost>
                                                <proc:SpecsAvailableNow>true</proc:SpecsAvailableNow>
                                                <proc:ContractMethod>C</proc:ContractMethod>
                                                <proc:ContractType>FP</proc:ContractType>
                                            </proc:HistoryPlanning>
                                        </proc:HistoryPlanningList>
                                    </proc:Manufacturer>
                                </proc:ManufacturerList>
                            </proc:Item>
                            <proc:Item>
                                <proc:Name>1.6) Res / Impedance CALSTDs</proc:Name>
                                <proc:IdCode>A</proc:IdCode>
                                <proc:ResourceSummary>
                                    <proc:Quantity>
                                        <proc:AllPriorYears>2063</proc:AllPriorYears>
                                        <proc:PriorYear>190</proc:PriorYear>
                                        <proc:CurrentYear>193</proc:CurrentYear>
                                        <proc:BudgetYearOneBase>187</proc:BudgetYearOneBase>
                                        <proc:BudgetYearOne>187</proc:BudgetYearOne>
                                    </proc:Quantity>
                                    <proc:TotalCost>
                                        <proc:AllPriorYears>48.581</proc:AllPriorYears>
                                        <proc:PriorYear>1.294</proc:PriorYear>
                                        <proc:CurrentYear>1.287</proc:CurrentYear>
                                        <proc:BudgetYearOneBase>1.293</proc:BudgetYearOneBase>
                                        <proc:BudgetYearOne>1.293</proc:BudgetYearOne>
                                    </proc:TotalCost>
                                    <proc:UnitCost>
                                        <proc:AllPriorYears>23548.72</proc:AllPriorYears>
                                        <proc:PriorYear>6810.53</proc:PriorYear>
                                        <proc:CurrentYear>6668.39</proc:CurrentYear>
                                        <proc:BudgetYearOneBase>6914.44</proc:BudgetYearOneBase>
                                        <proc:BudgetYearOne>6914.44</proc:BudgetYearOne>
                                    </proc:UnitCost>
                                </proc:ResourceSummary>
                                <proc:AllPriorYearsDeliveries>1505</proc:AllPriorYearsDeliveries>
                                <proc:ManufacturerList>
                                    <proc:Manufacturer>
                                        <proc:Name>Various</proc:Name>
                                        <proc:Location>Various</proc:Location>
                                        <proc:HistoryPlanningList>
                                            <proc:HistoryPlanning>
                                                <proc:FiscalYear>2021</proc:FiscalYear>
                                                <proc:PCOLocation>Multiple</proc:PCOLocation>
                                                <proc:AwardDate>2020-10</proc:AwardDate>
                                                <proc:FirstDeliveryDate>2020-10</proc:FirstDeliveryDate>
                                                <proc:Quantity>180</proc:Quantity>
                                                <proc:UnitCost>7023.72</proc:UnitCost>
                                                <proc:SpecsAvailableNow>true</proc:SpecsAvailableNow>
                                                <proc:ContractMethod>C</proc:ContractMethod>
                                                <proc:ContractType>FP</proc:ContractType>
                                            </proc:HistoryPlanning>
                                            <proc:HistoryPlanning>
                                                <proc:FiscalYear>2022</proc:FiscalYear>
                                                <proc:PCOLocation>Multiple</proc:PCOLocation>
                                                <proc:AwardDate>2021-10</proc:AwardDate>
                                                <proc:FirstDeliveryDate>2021-10</proc:FirstDeliveryDate>
                                                <proc:Quantity>186</proc:Quantity>
                                                <proc:UnitCost>6747.31</proc:UnitCost>
                                                <proc:SpecsAvailableNow>true</proc:SpecsAvailableNow>
                                                <proc:ContractMethod>C</proc:ContractMethod>
                                                <proc:ContractType>FP</proc:ContractType>
                                            </proc:HistoryPlanning>
                                            <proc:HistoryPlanning>
                                                <proc:FiscalYear>2023</proc:FiscalYear>
                                                <proc:PCOLocation>Multiple</proc:PCOLocation>
                                                <proc:AwardDate>2022-10</proc:AwardDate>
                                                <proc:FirstDeliveryDate>2022-10</proc:FirstDeliveryDate>
                                                <proc:Quantity>192</proc:Quantity>
                                                <proc:UnitCost>6692.71</proc:UnitCost>
                                                <proc:SpecsAvailableNow>true</proc:SpecsAvailableNow>
                                                <proc:ContractMethod>C</proc:ContractMethod>
                                                <proc:ContractType>FP</proc:ContractType>
                                            </proc:HistoryPlanning>
                                            <proc:HistoryPlanning>
                                                <proc:FiscalYear>2024</proc:FiscalYear>
                                                <proc:PCOLocation>Multiple</proc:PCOLocation>
                                                <proc:AwardDate>2023-10</proc:AwardDate>
                                                <proc:FirstDeliveryDate>2023-10</proc:FirstDeliveryDate>
                                                <proc:Quantity>190</proc:Quantity>
                                                <proc:UnitCost>6810.53</proc:UnitCost>
                                                <proc:SpecsAvailableNow>true</proc:SpecsAvailableNow>
                                                <proc:ContractMethod>C</proc:ContractMethod>
                                                <proc:ContractType>FP</proc:ContractType>
                                            </proc:HistoryPlanning>
                                            <proc:HistoryPlanning>
                                                <proc:FiscalYear>2025</proc:FiscalYear>
                                                <proc:PCOLocation>Multiple</proc:PCOLocation>
                                                <proc:AwardDate>2024-10</proc:AwardDate>
                                                <proc:FirstDeliveryDate>2024-10</proc:FirstDeliveryDate>
                                                <proc:Quantity>193</proc:Quantity>
                                                <proc:UnitCost>6668.39</proc:UnitCost>
                                                <proc:SpecsAvailableNow>true</proc:SpecsAvailableNow>
                                                <proc:ContractMethod>C</proc:ContractMethod>
                                                <proc:ContractType>FP</proc:ContractType>
                                            </proc:HistoryPlanning>
                                            <proc:HistoryPlanning>
                                                <proc:FiscalYear>2026</proc:FiscalYear>
                                                <proc:PCOLocation>Multiple</proc:PCOLocation>
                                                <proc:AwardDate>2025-10</proc:AwardDate>
                                                <proc:FirstDeliveryDate>2025-10</proc:FirstDeliveryDate>
                                                <proc:Quantity>187</proc:Quantity>
                                                <proc:UnitCost>6914.44</proc:UnitCost>
                                                <proc:SpecsAvailableNow>true</proc:SpecsAvailableNow>
                                                <proc:ContractMethod>C</proc:ContractMethod>
                                                <proc:ContractType>FP</proc:ContractType>
                                            </proc:HistoryPlanning>
                                        </proc:HistoryPlanningList>
                                    </proc:Manufacturer>
                                </proc:ManufacturerList>
                            </proc:Item>
                            <proc:Item>
                                <proc:Name>1.7) Logistics / Engineering Support</proc:Name>
                                <proc:IdCode>A</proc:IdCode>
                                <proc:ResourceSummary>
                                    <proc:TotalCost>
                                        <proc:AllPriorYears>71.271</proc:AllPriorYears>
                                        <proc:PriorYear>3.912</proc:PriorYear>
                                        <proc:CurrentYear>3.707</proc:CurrentYear>
                                        <proc:BudgetYearOneBase>3.743</proc:BudgetYearOneBase>
                                        <proc:BudgetYearOne>3.743</proc:BudgetYearOne>
                                    </proc:TotalCost>
                                </proc:ResourceSummary>
                            </proc:Item>
                            <proc:Item>
                                <proc:Name>1.8) Production / Acquisition</proc:Name>
                                <proc:IdCode>A</proc:IdCode>
                                <proc:ResourceSummary>
                                    <proc:TotalCost>
                                        <proc:AllPriorYears>87.614</proc:AllPriorYears>
                                        <proc:PriorYear>1.54</proc:PriorYear>
                                        <proc:CurrentYear>1.608</proc:CurrentYear>
                                        <proc:BudgetYearOneBase>1.61</proc:BudgetYearOneBase>
                                        <proc:BudgetYearOne>1.61</proc:BudgetYearOne>
                                    </proc:TotalCost>
                                </proc:ResourceSummary>
                            </proc:Item>
                        </proc:ItemList>
                        <proc:CategorySubtotal>
                            <proc:TotalCost>
                                <proc:AllPriorYears>785.095</proc:AllPriorYears>
                                <proc:PriorYear>31.196</proc:PriorYear>
                                <proc:CurrentYear>31.451</proc:CurrentYear>
                                <proc:BudgetYearOneBase>31.943</proc:BudgetYearOneBase>
                                <proc:BudgetYearOne>31.943</proc:BudgetYearOne>
                            </proc:TotalCost>
                        </proc:CategorySubtotal>
                    </proc:Category>
                </proc:CategoryList>
                <proc:TotalCost>
                    <proc:TotalCost>
                        <proc:AllPriorYears>785.095</proc:AllPriorYears>
                        <proc:PriorYear>31.196</proc:PriorYear>
                        <proc:CurrentYear>31.451</proc:CurrentYear>
                        <proc:BudgetYearOneBase>31.943</proc:BudgetYearOneBase>
                        <proc:BudgetYearOne>31.943</proc:BudgetYearOne>
                    </proc:TotalCost>
                </proc:TotalCost>
            </proc:P40AItemGroup>
            <proc:P40AItemGroup>
                <proc:Name>FRC SE/Industrial Equipment</proc:Name>
                <proc:CategoryList>
                    <proc:Category>
                        <proc:Name>1) FRC group  0204164N</proc:Name>
                        <proc:ItemList>
                            <proc:Item>
                                <proc:Name>1.1) Divestiture Support</proc:Name>
                                <proc:IdCode>A</proc:IdCode>
                                <proc:ResourceSummary>
                                    <proc:TotalCost>
                                        <proc:AllPriorYears>483.732</proc:AllPriorYears>
                                    </proc:TotalCost>
                                </proc:ResourceSummary>
                            </proc:Item>
                            <proc:Item>
                                <proc:Name footnote="Each Cost Element with a Quantity represents a number of different end items.    The Unit Cost is an estimated average cost for all the end items in the Cost element and are based on historical values pulled from previous years of Capital Investment Program (CIP) procurement of similar types of equipment. FY26 Equipment Purchase costs are increasing due to change in Fleet Readiness Center Infrastructure Optimization and Modernization Plan program. Requirement for procurement of Fluid Cell Press in FY26 is driving budget increase.">1.2) Equipment Purchase</proc:Name>
                                <proc:IdCode>A</proc:IdCode>
                                <proc:ResourceSummary>
                                    <proc:Quantity>
                                        <proc:AllPriorYears>103</proc:AllPriorYears>
                                        <proc:PriorYear>51</proc:PriorYear>
                                        <proc:CurrentYear>38</proc:CurrentYear>
                                        <proc:BudgetYearOneBase>35</proc:BudgetYearOneBase>
                                        <proc:BudgetYearOne>35</proc:BudgetYearOne>
                                    </proc:Quantity>
                                    <proc:TotalCost>
                                        <proc:AllPriorYears>157.861</proc:AllPriorYears>
                                        <proc:PriorYear>80.437</proc:PriorYear>
                                        <proc:CurrentYear>56.762</proc:CurrentYear>
                                        <proc:BudgetYearOneBase>61.233</proc:BudgetYearOneBase>
                                        <proc:BudgetYearOne>61.233</proc:BudgetYearOne>
                                    </proc:TotalCost>
                                    <proc:UnitCost>
                                        <proc:AllPriorYears>1532631.07</proc:AllPriorYears>
                                        <proc:PriorYear>1577196</proc:PriorYear>
                                        <proc:CurrentYear>1493737</proc:CurrentYear>
                                        <proc:BudgetYearOneBase>1749514</proc:BudgetYearOneBase>
                                        <proc:BudgetYearOne>1749514</proc:BudgetYearOne>
                                    </proc:UnitCost>
                                </proc:ResourceSummary>
                                <proc:ManufacturerList>
                                    <proc:Manufacturer>
                                        <proc:Name>Various</proc:Name>
                                        <proc:Location>Various</proc:Location>
                                        <proc:HistoryPlanningList>
                                            <proc:HistoryPlanning>
                                                <proc:FiscalYear>2020</proc:FiscalYear>
                                                <proc:PCOLocation>Multiple</proc:PCOLocation>
                                                <proc:AwardDate>2020-03</proc:AwardDate>
                                                <proc:FirstDeliveryDate>2020-03</proc:FirstDeliveryDate>
                                                <proc:Quantity>17</proc:Quantity>
                                                <proc:UnitCost>1903117.00</proc:UnitCost>
                                                <proc:SpecsAvailableNow>true</proc:SpecsAvailableNow>
                                                <proc:FundingVehicle>Various</proc:FundingVehicle>
                                            </proc:HistoryPlanning>
                                            <proc:HistoryPlanning>
                                                <proc:FiscalYear>2021</proc:FiscalYear>
                                                <proc:PCOLocation>Multiple</proc:PCOLocation>
                                                <proc:AwardDate>2020-10</proc:AwardDate>
                                                <proc:FirstDeliveryDate>2020-10</proc:FirstDeliveryDate>
                                                <proc:Quantity>25</proc:Quantity>
                                                <proc:UnitCost>1405320.00</proc:UnitCost>
                                                <proc:SpecsAvailableNow>true</proc:SpecsAvailableNow>
                                                <proc:FundingVehicle>Various</proc:FundingVehicle>
                                            </proc:HistoryPlanning>
                                            <proc:HistoryPlanning>
                                                <proc:FiscalYear>2022</proc:FiscalYear>
                                                <proc:PCOLocation>Multiple</proc:PCOLocation>
                                                <proc:AwardDate>2021-10</proc:AwardDate>
                                                <proc:FirstDeliveryDate>2021-10</proc:FirstDeliveryDate>
                                                <proc:Quantity>26</proc:Quantity>
                                                <proc:UnitCost>1472958.00</proc:UnitCost>
                                                <proc:SpecsAvailableNow>true</proc:SpecsAvailableNow>
                                                <proc:FundingVehicle>Various</proc:FundingVehicle>
                                            </proc:HistoryPlanning>
                                            <proc:HistoryPlanning>
                                                <proc:FiscalYear>2023</proc:FiscalYear>
                                                <proc:PCOLocation>Multiple</proc:PCOLocation>
                                                <proc:AwardDate>2022-10</proc:AwardDate>
                                                <proc:FirstDeliveryDate>2022-10</proc:FirstDeliveryDate>
                                                <proc:Quantity>35</proc:Quantity>
                                                <proc:UnitCost>1487933.00</proc:UnitCost>
                                                <proc:SpecsAvailableNow>true</proc:SpecsAvailableNow>
                                                <proc:FundingVehicle>Various</proc:FundingVehicle>
                                            </proc:HistoryPlanning>
                                            <proc:HistoryPlanning>
                                                <proc:FiscalYear>2024</proc:FiscalYear>
                                                <proc:PCOLocation>Multiple</proc:PCOLocation>
                                                <proc:AwardDate>2023-10</proc:AwardDate>
                                                <proc:FirstDeliveryDate>2023-10</proc:FirstDeliveryDate>
                                                <proc:Quantity>51</proc:Quantity>
                                                <proc:UnitCost>1577196.00</proc:UnitCost>
                                                <proc:SpecsAvailableNow>true</proc:SpecsAvailableNow>
                                                <proc:FundingVehicle>Various</proc:FundingVehicle>
                                            </proc:HistoryPlanning>
                                            <proc:HistoryPlanning>
                                                <proc:FiscalYear>2025</proc:FiscalYear>
                                                <proc:PCOLocation>Multiple</proc:PCOLocation>
                                                <proc:AwardDate>2024-10</proc:AwardDate>
                                                <proc:FirstDeliveryDate>2024-10</proc:FirstDeliveryDate>
                                                <proc:Quantity>38</proc:Quantity>
                                                <proc:UnitCost>1493737.00</proc:UnitCost>
                                                <proc:SpecsAvailableNow>true</proc:SpecsAvailableNow>
                                                <proc:FundingVehicle>Various</proc:FundingVehicle>
                                            </proc:HistoryPlanning>
                                            <proc:HistoryPlanning>
                                                <proc:FiscalYear>2026</proc:FiscalYear>
                                                <proc:PCOLocation>Multiple</proc:PCOLocation>
                                                <proc:AwardDate>2025-10</proc:AwardDate>
                                                <proc:FirstDeliveryDate>2025-10</proc:FirstDeliveryDate>
                                                <proc:Quantity>35</proc:Quantity>
                                                <proc:UnitCost>1749514.00</proc:UnitCost>
                                                <proc:SpecsAvailableNow>true</proc:SpecsAvailableNow>
                                                <proc:FundingVehicle>Various</proc:FundingVehicle>
                                            </proc:HistoryPlanning>
                                        </proc:HistoryPlanningList>
                                    </proc:Manufacturer>
                                </proc:ManufacturerList>
                            </proc:Item>
                            <proc:Item>
                                <proc:Name footnote="Installation cost for equipment projects include necessary efforts to facilitate the operational utility of equipment purchases and Naval Facilities Engineering Command support costs. FY26 Equipment Installation costs are increasing due to change in Fleet Readiness Center Infrastructure Optimization and Modernization Plan program. Increase in cost for equipment install costs in FY26 is due to the installation requirements for a Fluid Cell Press.">1.3) Equipment Installation</proc:Name>
                                <proc:IdCode>A</proc:IdCode>
                                <proc:ResourceSummary>
                                    <proc:TotalCost>
                                        <proc:AllPriorYears>37.307</proc:AllPriorYears>
                                        <proc:PriorYear>17.252</proc:PriorYear>
                                        <proc:CurrentYear>11.456</proc:CurrentYear>
                                        <proc:BudgetYearOneBase>13.697</proc:BudgetYearOneBase>
                                        <proc:BudgetYearOne>13.697</proc:BudgetYearOne>
                                    </proc:TotalCost>
                                </proc:ResourceSummary>
                            </proc:Item>
                            <proc:Item>
                                <proc:Name footnote="The acquisition support costs are based on estimated average fees for the contracting administration entities, such as Defense Logistics Agency, for their efforts with contract award and procurement administrative functions. Funding will continue to support the replacement of obsolescence or irreparable equipment through the Fleet Infrastructure Optimization Plan (FIOP) efforts while enhancing Fleet Readiness Center (FRC) throughput within the workshop footprint. FY26 Acquisition costs are increasing due to labor requirement at COMFRC, FRCE, FRCSE, and FRCSW for acquisition and organic labor support.">1.4) Acquisition Support</proc:Name>
                                <proc:IdCode>A</proc:IdCode>
                                <proc:ResourceSummary>
                                    <proc:TotalCost>
                                        <proc:AllPriorYears>15.014</proc:AllPriorYears>
                                        <proc:PriorYear>8.93</proc:PriorYear>
                                        <proc:CurrentYear>5.965</proc:CurrentYear>
                                        <proc:BudgetYearOneBase>5.64</proc:BudgetYearOneBase>
                                        <proc:BudgetYearOne>5.64</proc:BudgetYearOne>
                                    </proc:TotalCost>
                                </proc:ResourceSummary>
                            </proc:Item>
                        </proc:ItemList>
                        <proc:CategorySubtotal>
                            <proc:TotalCost>
                                <proc:AllPriorYears>693.914</proc:AllPriorYears>
                                <proc:PriorYear>106.619</proc:PriorYear>
                                <proc:CurrentYear>74.183</proc:CurrentYear>
                                <proc:BudgetYearOneBase>80.57</proc:BudgetYearOneBase>
                                <proc:BudgetYearOne>80.57</proc:BudgetYearOne>
                            </proc:TotalCost>
                        </proc:CategorySubtotal>
                    </proc:Category>
                </proc:CategoryList>
                <proc:TotalCost>
                    <proc:TotalCost>
                        <proc:AllPriorYears>693.914</proc:AllPriorYears>
                        <proc:PriorYear>106.619</proc:PriorYear>
                        <proc:CurrentYear>74.183</proc:CurrentYear>
                        <proc:BudgetYearOneBase>80.57</proc:BudgetYearOneBase>
                        <proc:BudgetYearOne>80.57</proc:BudgetYearOne>
                    </proc:TotalCost>
                </proc:TotalCost>
            </proc:P40AItemGroup>
        </proc:ItemExhibitList>
        <proc:DocumentAssemblyOptions>
            <proc:p40AItemScheduleSetting>total</proc:p40AItemScheduleSetting>
        </proc:DocumentAssemblyOptions>
    </proc:LineItem>
</proc:LineItemList>