<?xml version="1.0" encoding="UTF-8"?>
<proc:LineItemList xmlns:proc="http://www.dtic.mil/comptroller/xml/schema/20100219/procurement">
    <proc:LineItem quantityUnits="Each" unitCostUnits="Millions" totalCostUnits="Millions" manufacturerRateUnits="Yearly">
        <proc:LineItemNumber>833030</proc:LineItemNumber>
        <proc:LineItemTitle>Battle Control System - Fixed</proc:LineItemTitle>
        <proc:P1LineNumber>22</proc:P1LineNumber>
        <proc:BudgetYear>2026</proc:BudgetYear>
        <proc:BudgetCycle>PB</proc:BudgetCycle>
        <proc:SubmissionDate>2025-06</proc:SubmissionDate>
        <proc:ServiceAgencyName>Air Force</proc:ServiceAgencyName>
        <proc:AppropriationNumber>3080F</proc:AppropriationNumber>
        <proc:AppropriationTitle>Other Procurement, Air Force</proc:AppropriationTitle>
        <proc:BudgetActivityNumber>3</proc:BudgetActivityNumber>
        <proc:BudgetActivityTitle>Electronics and Telecommunications Equip</proc:BudgetActivityTitle>
        <proc:BudgetSubActivityNumber>3</proc:BudgetSubActivityNumber>
        <proc:BudgetSubActivityTitle>Electronics Programs</proc:BudgetSubActivityTitle>
        <proc:ResourceSummary>
            <proc:TotalCost>
                <proc:AllPriorYears>4.671</proc:AllPriorYears>
                <proc:PriorYear>1.842</proc:PriorYear>
                <proc:CurrentYear>22.764</proc:CurrentYear>
                <proc:BudgetYearOneBase>16.592</proc:BudgetYearOneBase>
                <proc:BudgetYearOne>16.592</proc:BudgetYearOne>
            </proc:TotalCost>
            <proc:NetProcurementP1>
                <proc:AllPriorYears>4.671</proc:AllPriorYears>
                <proc:PriorYear>1.842</proc:PriorYear>
                <proc:CurrentYear>22.764</proc:CurrentYear>
                <proc:BudgetYearOneBase>16.592</proc:BudgetYearOneBase>
                <proc:BudgetYearOne>16.592</proc:BudgetYearOne>
            </proc:NetProcurementP1>
            <proc:TotalObligationAuthority>
                <proc:AllPriorYears>4.671</proc:AllPriorYears>
                <proc:PriorYear>1.842</proc:PriorYear>
                <proc:CurrentYear>22.764</proc:CurrentYear>
                <proc:BudgetYearOneBase>16.592</proc:BudgetYearOneBase>
                <proc:BudgetYearOne>16.592</proc:BudgetYearOne>
            </proc:TotalObligationAuthority>
        </proc:ResourceSummary>
        <proc:Code>A</proc:Code>
        <proc:Description>Battle Control System-Fixed (BCS-F) supports the North American Aerospace Defense Command/ Northern Command (NORAD/NORTHCOM) homeland defense and air sovereignty mission for fixed Air Defense Sectors.

BATTLE CONTROL SYSTEM-FIXED (BCS-F): BCS-F is a bi-national program with Canada. The BCS-F Program is an AF Homeland Defense battle management command and control system with the capability to integrate data from existing and future civil and military defense surveillance systems into a comprehensive air picture. BCS-F provides tactical communications and data link capabilities with other military and civil systems responsible for planning, directing, coordinating and controlling forces for air surveillance, air defense, and control of sovereign US air space. This integrated air picture enhances the capability to conduct peacetime air sovereignty operations, and transition to active air defense operations in the event of aggression. Life cycle replacement will be required to prevent system obsolescence, account for new cyber security requirements and posture the program to seamlessly integrate future capabilities. Provides for capital equipment replacement activities at the fixed Air Defense Sectors, which include, but are not limited to: infrastructure upgrades, future Diminishing Manufacturing Sources (DMS), and replacement of other equipment that does not qualify for Centralized Asset Management (CAM) funding.

NATIONAL CAPITOL REGION - INTEGRATED AIR DEFENSE SYSTEM (NCR-IADS): NCR-IADS is a post-September 11, 2001 rapidly fielded capability that provides ground-based air defense of the NCR airspace by delivering an integrated air picture, air defense weapons, Enhanced Regional Situational Awareness (ERSA), and forensic data collection capabilities. Life cycle replacement will be required to prevent system obsolescence, account for new cyber security requirements, infrastructure upgrades, and to posture the program to seamlessly integrate future capabilities.

FY 2026 request was reduced by $0.009 million for Advisory and Assistance Services to promote efficiencies and advance the policies of the Administration in alignment with Executive Order 14222, implementing the President's Department of Government Efficiency Cost Efficiency Initiatives.

Funding for this exhibit is contained in PE 0102326F.</proc:Description>
        <proc:Justification>FY 2026 decrease is a result of the completion of the initial Enhanced Regional Situational Awareness (ERSA) modernization procurement replacing current end-of-life systems, preventing obsolescence, and maintaining cyber security compliance for the NCR Defense visual sensor element. 

BATTLE CONTROL SYSTEM-FIXED (BCS-F): FY 2026 funds will support, but are not limited to, hardware upgrades to seamlessly integrate new and emerging sensors, data, and technologies. Funds will be utilized for hardware upgrades and spares that do not qualify for Centralized Asset Management (CAM) funding, updated configurations of existing sites to match the modified baseline, and hardware to maintain the mandated cyber security posture and Authority to Operate (ATO) requirements.

NATIONAL CAPITAL REGION - INTEGRATED AIR DEFENSE SYSTEM (NCR-IADS): FY 2026 funds will support the refresh of legacy camera systems to: address mission critical components Diminishing Manufacturing Sources and Material Shortages (DMSMS) issues, Artificial Intelligence (AI) automated tracking capabilities, software upgrades, and site infrastructure integration and relocations. Funds will also support, but are not limited to, hardware and software upgrades to seamlessly integrate new and emerging sensors and technologies, hardware and software upgrades and spares that do not qualify for Centralized Asset Management (CAM) funding, and hardware and software to maintain the mandated cyber security posture and Authority to Operate (ATO) requirements.

PROGRAM SUPPORT COSTS (PSC): FY 2026 funds for PSC will support the management, engineering and technical support for the program office.

This funding request supports potential Diminishing Manufacturing Sources (DMS) and obsolescence solutions, to support if optimal, life of type buys or bridge buys limited to the program of record quantity.</proc:Justification>
        <proc:ItemExhibitList>
            <proc:P5Item>
                <proc:Name>Region/Sector Operation Control Center Modernization Program</proc:Name>
                <proc:IdCode>A</proc:IdCode>
                <proc:ResourceSummary>
                    <proc:TotalCost>
                        <proc:AllPriorYears>4.671</proc:AllPriorYears>
                        <proc:PriorYear>1.842</proc:PriorYear>
                        <proc:CurrentYear>22.764</proc:CurrentYear>
                        <proc:BudgetYearOneBase>16.592</proc:BudgetYearOneBase>
                        <proc:BudgetYearOne>16.592</proc:BudgetYearOne>
                    </proc:TotalCost>
                    <proc:NetProcurementP1>
                        <proc:AllPriorYears>4.671</proc:AllPriorYears>
                        <proc:PriorYear>1.842</proc:PriorYear>
                        <proc:CurrentYear>22.764</proc:CurrentYear>
                        <proc:BudgetYearOneBase>16.592</proc:BudgetYearOneBase>
                        <proc:BudgetYearOne>16.592</proc:BudgetYearOne>
                    </proc:NetProcurementP1>
                    <proc:TotalObligationAuthority>
                        <proc:AllPriorYears>4.671</proc:AllPriorYears>
                        <proc:PriorYear>1.842</proc:PriorYear>
                        <proc:CurrentYear>22.764</proc:CurrentYear>
                        <proc:BudgetYearOneBase>16.592</proc:BudgetYearOneBase>
                        <proc:BudgetYearOne>16.592</proc:BudgetYearOne>
                    </proc:TotalObligationAuthority>
                </proc:ResourceSummary>
                <proc:CostElementCategoryList>
                    <proc:Hardware>
                        <proc:Name>Battle Control System Fixed</proc:Name>
                        <proc:Recurring>
                            <proc:CostElementList>
                                <proc:CostElement>
                                    <proc:Name>BCS-F Tech Refresh</proc:Name>
                                    <proc:Cost>
                                        <proc:TotalCost>
                                            <proc:CurrentYear>1.6</proc:CurrentYear>
                                            <proc:BudgetYearOneBase>1.75</proc:BudgetYearOneBase>
                                            <proc:BudgetYearOne>1.75</proc:BudgetYearOne>
                                        </proc:TotalCost>
                                    </proc:Cost>
                                </proc:CostElement>
                                <proc:CostElement>
                                    <proc:Name>Mode 5</proc:Name>
                                    <proc:Cost>
                                        <proc:Quantity>
                                            <proc:AllPriorYears>7</proc:AllPriorYears>
                                        </proc:Quantity>
                                        <proc:TotalCost>
                                            <proc:AllPriorYears>2.03</proc:AllPriorYears>
                                        </proc:TotalCost>
                                        <proc:UnitCost>
                                            <proc:AllPriorYears>0.29</proc:AllPriorYears>
                                        </proc:UnitCost>
                                    </proc:Cost>
                                    <proc:AllPriorYearsDeliveries>0</proc:AllPriorYearsDeliveries>
                                    <proc:ManufacturerList>
                                        <proc:Manufacturer>
                                            <proc:Name>Booz Allen Hamilton</proc:Name>
                                            <proc:Location>Lexington, MA</proc:Location>
                                            <proc:MinimumSustainingRate>7.00</proc:MinimumSustainingRate>
                                            <proc:MaximumProductionRate>7.00</proc:MaximumProductionRate>
                                            <proc:Rate185>7.00</proc:Rate185>
                                            <proc:InitialQuantity>
                                                <proc:AdminLeadTimeBeforeOct1InMonths>0</proc:AdminLeadTimeBeforeOct1InMonths>
                                                <proc:AdminLeadTimeAfterOct1InMonths>0</proc:AdminLeadTimeAfterOct1InMonths>
                                                <proc:ProductionLeadTimeAfterOct1InMonths>0</proc:ProductionLeadTimeAfterOct1InMonths>
                                                <proc:TotalLeadTimeAfterOct1InMonths>0</proc:TotalLeadTimeAfterOct1InMonths>
                                            </proc:InitialQuantity>
                                            <proc:ReorderQuantity>
                                                <proc:AdminLeadTimeBeforeOct1InMonths>1</proc:AdminLeadTimeBeforeOct1InMonths>
                                                <proc:AdminLeadTimeAfterOct1InMonths>9</proc:AdminLeadTimeAfterOct1InMonths>
                                                <proc:ProductionLeadTimeAfterOct1InMonths>16</proc:ProductionLeadTimeAfterOct1InMonths>
                                                <proc:TotalLeadTimeAfterOct1InMonths>25</proc:TotalLeadTimeAfterOct1InMonths>
                                            </proc:ReorderQuantity>
                                            <proc:HistoryPlanningList>
                                                <proc:HistoryPlanning>
                                                    <proc:FiscalYear>2022</proc:FiscalYear>
                                                    <proc:PCOLocation>AFLCMC Hanscom AFB</proc:PCOLocation>
                                                    <proc:AwardDate>2022-06</proc:AwardDate>
                                                    <proc:FirstDeliveryDate>2023-10</proc:FirstDeliveryDate>
                                                    <proc:Quantity>7</proc:Quantity>
                                                    <proc:UnitCost>0.290</proc:UnitCost>
                                                    <proc:SpecsAvailableNow>true</proc:SpecsAvailableNow>
                                                    <proc:RFPIssueDate>2022-01</proc:RFPIssueDate>
                                                    <proc:ContractMethod>C</proc:ContractMethod>
                                                    <proc:ContractType>CPFF</proc:ContractType>
                                                    <proc:MonthlyDeliveryScheduleList>
                                                        <proc:MonthlyDeliverySchedule>
                                                            <proc:ServiceAgencyName>Air Force</proc:ServiceAgencyName>
                                                            <proc:ProcQuantity>7</proc:ProcQuantity>
                                                            <proc:MonthlyDeliveryList>
                                                                <proc:MonthlyDelivery>
                                                                    <proc:Month>2023-10</proc:Month>
                                                                    <proc:Amount>1</proc:Amount>
                                                                </proc:MonthlyDelivery>
                                                                <proc:MonthlyDelivery>
                                                                    <proc:Month>2023-12</proc:Month>
                                                                    <proc:Amount>1</proc:Amount>
                                                                </proc:MonthlyDelivery>
                                                                <proc:MonthlyDelivery>
                                                                    <proc:Month>2024-02</proc:Month>
                                                                    <proc:Amount>1</proc:Amount>
                                                                </proc:MonthlyDelivery>
                                                                <proc:MonthlyDelivery>
                                                                    <proc:Month>2024-04</proc:Month>
                                                                    <proc:Amount>1</proc:Amount>
                                                                </proc:MonthlyDelivery>
                                                                <proc:MonthlyDelivery>
                                                                    <proc:Month>2024-07</proc:Month>
                                                                    <proc:Amount>1</proc:Amount>
                                                                </proc:MonthlyDelivery>
                                                                <proc:MonthlyDelivery>
                                                                    <proc:Month>2024-08</proc:Month>
                                                                    <proc:Amount>1</proc:Amount>
                                                                </proc:MonthlyDelivery>
                                                                <proc:MonthlyDelivery>
                                                                    <proc:Month>2024-09</proc:Month>
                                                                    <proc:Amount>1</proc:Amount>
                                                                </proc:MonthlyDelivery>
                                                            </proc:MonthlyDeliveryList>
                                                        </proc:MonthlyDeliverySchedule>
                                                    </proc:MonthlyDeliveryScheduleList>
                                                    <proc:MonthlyDeliveryScheduleTotal>
                                                        <proc:ProcQuantity>7</proc:ProcQuantity>
                                                        <proc:MonthlyDeliveryList>
                                                            <proc:MonthlyDelivery>
                                                                <proc:Month>2023-10</proc:Month>
                                                                <proc:Amount>1</proc:Amount>
                                                            </proc:MonthlyDelivery>
                                                            <proc:MonthlyDelivery>
                                                                <proc:Month>2023-12</proc:Month>
                                                                <proc:Amount>1</proc:Amount>
                                                            </proc:MonthlyDelivery>
                                                            <proc:MonthlyDelivery>
                                                                <proc:Month>2024-02</proc:Month>
                                                                <proc:Amount>1</proc:Amount>
                                                            </proc:MonthlyDelivery>
                                                            <proc:MonthlyDelivery>
                                                                <proc:Month>2024-04</proc:Month>
                                                                <proc:Amount>1</proc:Amount>
                                                            </proc:MonthlyDelivery>
                                                            <proc:MonthlyDelivery>
                                                                <proc:Month>2024-07</proc:Month>
                                                                <proc:Amount>1</proc:Amount>
                                                            </proc:MonthlyDelivery>
                                                            <proc:MonthlyDelivery>
                                                                <proc:Month>2024-08</proc:Month>
                                                                <proc:Amount>1</proc:Amount>
                                                            </proc:MonthlyDelivery>
                                                            <proc:MonthlyDelivery>
                                                                <proc:Month>2024-09</proc:Month>
                                                                <proc:Amount>1</proc:Amount>
                                                            </proc:MonthlyDelivery>
                                                        </proc:MonthlyDeliveryList>
                                                    </proc:MonthlyDeliveryScheduleTotal>
                                                </proc:HistoryPlanning>
                                            </proc:HistoryPlanningList>
                                        </proc:Manufacturer>
                                    </proc:ManufacturerList>
                                </proc:CostElement>
                            </proc:CostElementList>
                            <proc:CategorySubtotal>
                                <proc:TotalCost>
                                    <proc:AllPriorYears>2.03</proc:AllPriorYears>
                                    <proc:CurrentYear>1.6</proc:CurrentYear>
                                    <proc:BudgetYearOneBase>1.75</proc:BudgetYearOneBase>
                                    <proc:BudgetYearOne>1.75</proc:BudgetYearOne>
                                </proc:TotalCost>
                            </proc:CategorySubtotal>
                        </proc:Recurring>
                        <proc:CategorySubtotal>
                            <proc:TotalCost>
                                <proc:AllPriorYears>2.03</proc:AllPriorYears>
                                <proc:CurrentYear>1.6</proc:CurrentYear>
                                <proc:BudgetYearOneBase>1.75</proc:BudgetYearOneBase>
                                <proc:BudgetYearOne>1.75</proc:BudgetYearOne>
                            </proc:TotalCost>
                        </proc:CategorySubtotal>
                    </proc:Hardware>
                    <proc:Hardware>
                        <proc:Name>NCR-IADS</proc:Name>
                        <proc:Recurring>
                            <proc:CostElementList>
                                <proc:CostElement>
                                    <proc:Name>NCR-IADS ERSA Camera Modernization</proc:Name>
                                    <proc:Cost>
                                        <proc:Quantity>
                                            <proc:AllPriorYears>2</proc:AllPriorYears>
                                            <proc:CurrentYear>7</proc:CurrentYear>
                                            <proc:BudgetYearOneBase>5</proc:BudgetYearOneBase>
                                            <proc:BudgetYearOne>5</proc:BudgetYearOne>
                                        </proc:Quantity>
                                        <proc:TotalCost>
                                            <proc:AllPriorYears>2.641</proc:AllPriorYears>
                                            <proc:CurrentYear>14.144</proc:CurrentYear>
                                            <proc:BudgetYearOneBase>8.84</proc:BudgetYearOneBase>
                                            <proc:BudgetYearOne>8.84</proc:BudgetYearOne>
                                        </proc:TotalCost>
                                        <proc:UnitCost>
                                            <proc:AllPriorYears>1.321</proc:AllPriorYears>
                                            <proc:CurrentYear>2.021</proc:CurrentYear>
                                            <proc:BudgetYearOneBase>1.768</proc:BudgetYearOneBase>
                                            <proc:BudgetYearOne>1.768</proc:BudgetYearOne>
                                        </proc:UnitCost>
                                    </proc:Cost>
                                    <proc:AllPriorYearsDeliveries>0</proc:AllPriorYearsDeliveries>
                                    <proc:ManufacturerList>
                                        <proc:Manufacturer>
                                            <proc:Name>Various</proc:Name>
                                            <proc:Location>Various</proc:Location>
                                            <proc:MinimumSustainingRate>5.00</proc:MinimumSustainingRate>
                                            <proc:MaximumProductionRate>5.00</proc:MaximumProductionRate>
                                            <proc:Rate185>5.00</proc:Rate185>
                                            <proc:InitialQuantity>
                                                <proc:AdminLeadTimeBeforeOct1InMonths>0</proc:AdminLeadTimeBeforeOct1InMonths>
                                                <proc:AdminLeadTimeAfterOct1InMonths>0</proc:AdminLeadTimeAfterOct1InMonths>
                                                <proc:ProductionLeadTimeAfterOct1InMonths>0</proc:ProductionLeadTimeAfterOct1InMonths>
                                                <proc:TotalLeadTimeAfterOct1InMonths>0</proc:TotalLeadTimeAfterOct1InMonths>
                                            </proc:InitialQuantity>
                                            <proc:ReorderQuantity>
                                                <proc:AdminLeadTimeBeforeOct1InMonths>1</proc:AdminLeadTimeBeforeOct1InMonths>
                                                <proc:AdminLeadTimeAfterOct1InMonths>5</proc:AdminLeadTimeAfterOct1InMonths>
                                                <proc:ProductionLeadTimeAfterOct1InMonths>4</proc:ProductionLeadTimeAfterOct1InMonths>
                                                <proc:TotalLeadTimeAfterOct1InMonths>9</proc:TotalLeadTimeAfterOct1InMonths>
                                            </proc:ReorderQuantity>
                                            <proc:HistoryPlanningList>
                                                <proc:HistoryPlanning>
                                                    <proc:FiscalYear>2021</proc:FiscalYear>
                                                    <proc:PCOLocation>AFLCMC Hanscom AFB</proc:PCOLocation>
                                                    <proc:AwardDate>2023-06</proc:AwardDate>
                                                    <proc:FirstDeliveryDate>2023-10</proc:FirstDeliveryDate>
                                                    <proc:Quantity>2</proc:Quantity>
                                                    <proc:UnitCost>1.321</proc:UnitCost>
                                                    <proc:SpecsAvailableNow>true</proc:SpecsAvailableNow>
                                                    <proc:RFPIssueDate>2023-02</proc:RFPIssueDate>
                                                    <proc:ContractMethod>C</proc:ContractMethod>
                                                    <proc:ContractType>Various</proc:ContractType>
                                                    <proc:MonthlyDeliveryScheduleList>
                                                        <proc:MonthlyDeliverySchedule>
                                                            <proc:ServiceAgencyName>Air Force</proc:ServiceAgencyName>
                                                            <proc:ProcQuantity>2</proc:ProcQuantity>
                                                            <proc:MonthlyDeliveryList>
                                                                <proc:MonthlyDelivery>
                                                                    <proc:Month>2023-10</proc:Month>
                                                                    <proc:Amount>1</proc:Amount>
                                                                </proc:MonthlyDelivery>
                                                                <proc:MonthlyDelivery>
                                                                    <proc:Month>2023-11</proc:Month>
                                                                    <proc:Amount>1</proc:Amount>
                                                                </proc:MonthlyDelivery>
                                                            </proc:MonthlyDeliveryList>
                                                        </proc:MonthlyDeliverySchedule>
                                                    </proc:MonthlyDeliveryScheduleList>
                                                    <proc:MonthlyDeliveryScheduleTotal>
                                                        <proc:ProcQuantity>2</proc:ProcQuantity>
                                                        <proc:MonthlyDeliveryList>
                                                            <proc:MonthlyDelivery>
                                                                <proc:Month>2023-10</proc:Month>
                                                                <proc:Amount>1</proc:Amount>
                                                            </proc:MonthlyDelivery>
                                                            <proc:MonthlyDelivery>
                                                                <proc:Month>2023-11</proc:Month>
                                                                <proc:Amount>1</proc:Amount>
                                                            </proc:MonthlyDelivery>
                                                        </proc:MonthlyDeliveryList>
                                                    </proc:MonthlyDeliveryScheduleTotal>
                                                </proc:HistoryPlanning>
                                                <proc:HistoryPlanning>
                                                    <proc:FiscalYear>2025</proc:FiscalYear>
                                                    <proc:PCOLocation>AFLCMC Hanscom AFB</proc:PCOLocation>
                                                    <proc:AwardDate>2025-07</proc:AwardDate>
                                                    <proc:FirstDeliveryDate>2025-11</proc:FirstDeliveryDate>
                                                    <proc:Quantity>7</proc:Quantity>
                                                    <proc:UnitCost>2.021</proc:UnitCost>
                                                    <proc:SpecsAvailableNow>true</proc:SpecsAvailableNow>
                                                    <proc:RFPIssueDate>2023-02</proc:RFPIssueDate>
                                                    <proc:ContractMethod>C</proc:ContractMethod>
                                                    <proc:ContractType>Various</proc:ContractType>
                                                    <proc:MonthlyDeliveryScheduleList>
                                                        <proc:MonthlyDeliverySchedule>
                                                            <proc:ServiceAgencyName>Air Force</proc:ServiceAgencyName>
                                                            <proc:ProcQuantity>7</proc:ProcQuantity>
                                                            <proc:MonthlyDeliveryList>
                                                                <proc:MonthlyDelivery>
                                                                    <proc:Month>2025-11</proc:Month>
                                                                    <proc:Amount>1</proc:Amount>
                                                                </proc:MonthlyDelivery>
                                                                <proc:MonthlyDelivery>
                                                                    <proc:Month>2025-12</proc:Month>
                                                                    <proc:Amount>1</proc:Amount>
                                                                </proc:MonthlyDelivery>
                                                                <proc:MonthlyDelivery>
                                                                    <proc:Month>2026-01</proc:Month>
                                                                    <proc:Amount>1</proc:Amount>
                                                                </proc:MonthlyDelivery>
                                                                <proc:MonthlyDelivery>
                                                                    <proc:Month>2026-02</proc:Month>
                                                                    <proc:Amount>1</proc:Amount>
                                                                </proc:MonthlyDelivery>
                                                                <proc:MonthlyDelivery>
                                                                    <proc:Month>2026-03</proc:Month>
                                                                    <proc:Amount>1</proc:Amount>
                                                                </proc:MonthlyDelivery>
                                                                <proc:MonthlyDelivery>
                                                                    <proc:Month>2026-04</proc:Month>
                                                                    <proc:Amount>1</proc:Amount>
                                                                </proc:MonthlyDelivery>
                                                                <proc:MonthlyDelivery>
                                                                    <proc:Month>2026-05</proc:Month>
                                                                    <proc:Amount>1</proc:Amount>
                                                                </proc:MonthlyDelivery>
                                                            </proc:MonthlyDeliveryList>
                                                        </proc:MonthlyDeliverySchedule>
                                                    </proc:MonthlyDeliveryScheduleList>
                                                    <proc:MonthlyDeliveryScheduleTotal>
                                                        <proc:ProcQuantity>7</proc:ProcQuantity>
                                                        <proc:MonthlyDeliveryList>
                                                            <proc:MonthlyDelivery>
                                                                <proc:Month>2025-11</proc:Month>
                                                                <proc:Amount>1</proc:Amount>
                                                            </proc:MonthlyDelivery>
                                                            <proc:MonthlyDelivery>
                                                                <proc:Month>2025-12</proc:Month>
                                                                <proc:Amount>1</proc:Amount>
                                                            </proc:MonthlyDelivery>
                                                            <proc:MonthlyDelivery>
                                                                <proc:Month>2026-01</proc:Month>
                                                                <proc:Amount>1</proc:Amount>
                                                            </proc:MonthlyDelivery>
                                                            <proc:MonthlyDelivery>
                                                                <proc:Month>2026-02</proc:Month>
                                                                <proc:Amount>1</proc:Amount>
                                                            </proc:MonthlyDelivery>
                                                            <proc:MonthlyDelivery>
                                                                <proc:Month>2026-03</proc:Month>
                                                                <proc:Amount>1</proc:Amount>
                                                            </proc:MonthlyDelivery>
                                                            <proc:MonthlyDelivery>
                                                                <proc:Month>2026-04</proc:Month>
                                                                <proc:Amount>1</proc:Amount>
                                                            </proc:MonthlyDelivery>
                                                            <proc:MonthlyDelivery>
                                                                <proc:Month>2026-05</proc:Month>
                                                                <proc:Amount>1</proc:Amount>
                                                            </proc:MonthlyDelivery>
                                                        </proc:MonthlyDeliveryList>
                                                    </proc:MonthlyDeliveryScheduleTotal>
                                                </proc:HistoryPlanning>
                                                <proc:HistoryPlanning>
                                                    <proc:FiscalYear>2026</proc:FiscalYear>
                                                    <proc:PCOLocation>AFLCMC Hanscom AFB</proc:PCOLocation>
                                                    <proc:AwardDate>2026-02</proc:AwardDate>
                                                    <proc:FirstDeliveryDate>2026-06</proc:FirstDeliveryDate>
                                                    <proc:Quantity>5</proc:Quantity>
                                                    <proc:UnitCost>1.768</proc:UnitCost>
                                                    <proc:SpecsAvailableNow>true</proc:SpecsAvailableNow>
                                                    <proc:RFPIssueDate>2023-02</proc:RFPIssueDate>
                                                    <proc:ContractMethod>C</proc:ContractMethod>
                                                    <proc:ContractType>Various</proc:ContractType>
                                                    <proc:MonthlyDeliveryScheduleList>
                                                        <proc:MonthlyDeliverySchedule>
                                                            <proc:ServiceAgencyName>Air Force</proc:ServiceAgencyName>
                                                            <proc:ProcQuantity>5</proc:ProcQuantity>
                                                            <proc:MonthlyDeliveryList>
                                                                <proc:MonthlyDelivery>
                                                                    <proc:Month>2026-06</proc:Month>
                                                                    <proc:Amount>1</proc:Amount>
                                                                </proc:MonthlyDelivery>
                                                                <proc:MonthlyDelivery>
                                                                    <proc:Month>2026-07</proc:Month>
                                                                    <proc:Amount>1</proc:Amount>
                                                                </proc:MonthlyDelivery>
                                                                <proc:MonthlyDelivery>
                                                                    <proc:Month>2026-08</proc:Month>
                                                                    <proc:Amount>1</proc:Amount>
                                                                </proc:MonthlyDelivery>
                                                                <proc:MonthlyDelivery>
                                                                    <proc:Month>2026-09</proc:Month>
                                                                    <proc:Amount>1</proc:Amount>
                                                                </proc:MonthlyDelivery>
                                                                <proc:MonthlyDelivery>
                                                                    <proc:Month>2026-10</proc:Month>
                                                                    <proc:Amount>1</proc:Amount>
                                                                </proc:MonthlyDelivery>
                                                            </proc:MonthlyDeliveryList>
                                                        </proc:MonthlyDeliverySchedule>
                                                    </proc:MonthlyDeliveryScheduleList>
                                                    <proc:MonthlyDeliveryScheduleTotal>
                                                        <proc:ProcQuantity>5</proc:ProcQuantity>
                                                        <proc:MonthlyDeliveryList>
                                                            <proc:MonthlyDelivery>
                                                                <proc:Month>2026-06</proc:Month>
                                                                <proc:Amount>1</proc:Amount>
                                                            </proc:MonthlyDelivery>
                                                            <proc:MonthlyDelivery>
                                                                <proc:Month>2026-07</proc:Month>
                                                                <proc:Amount>1</proc:Amount>
                                                            </proc:MonthlyDelivery>
                                                            <proc:MonthlyDelivery>
                                                                <proc:Month>2026-08</proc:Month>
                                                                <proc:Amount>1</proc:Amount>
                                                            </proc:MonthlyDelivery>
                                                            <proc:MonthlyDelivery>
                                                                <proc:Month>2026-09</proc:Month>
                                                                <proc:Amount>1</proc:Amount>
                                                            </proc:MonthlyDelivery>
                                                            <proc:MonthlyDelivery>
                                                                <proc:Month>2026-10</proc:Month>
                                                                <proc:Amount>1</proc:Amount>
                                                            </proc:MonthlyDelivery>
                                                        </proc:MonthlyDeliveryList>
                                                    </proc:MonthlyDeliveryScheduleTotal>
                                                </proc:HistoryPlanning>
                                            </proc:HistoryPlanningList>
                                        </proc:Manufacturer>
                                    </proc:ManufacturerList>
                                </proc:CostElement>
                                <proc:CostElement>
                                    <proc:Name>NCR-IADS Tech Refresh</proc:Name>
                                    <proc:Cost>
                                        <proc:TotalCost>
                                            <proc:CurrentYear>4.76</proc:CurrentYear>
                                            <proc:BudgetYearOneBase>4.068</proc:BudgetYearOneBase>
                                            <proc:BudgetYearOne>4.068</proc:BudgetYearOne>
                                        </proc:TotalCost>
                                    </proc:Cost>
                                </proc:CostElement>
                            </proc:CostElementList>
                            <proc:CategorySubtotal>
                                <proc:TotalCost>
                                    <proc:AllPriorYears>2.641</proc:AllPriorYears>
                                    <proc:CurrentYear>18.904</proc:CurrentYear>
                                    <proc:BudgetYearOneBase>12.908</proc:BudgetYearOneBase>
                                    <proc:BudgetYearOne>12.908</proc:BudgetYearOne>
                                </proc:TotalCost>
                            </proc:CategorySubtotal>
                        </proc:Recurring>
                        <proc:CategorySubtotal>
                            <proc:TotalCost>
                                <proc:AllPriorYears>2.641</proc:AllPriorYears>
                                <proc:CurrentYear>18.904</proc:CurrentYear>
                                <proc:BudgetYearOneBase>12.908</proc:BudgetYearOneBase>
                                <proc:BudgetYearOne>12.908</proc:BudgetYearOne>
                            </proc:TotalCost>
                        </proc:CategorySubtotal>
                    </proc:Hardware>
                    <proc:Support>
                        <proc:CostElementList>
                            <proc:CostElement>
                                <proc:Name>Contractor Services Support</proc:Name>
                                <proc:Cost>
                                    <proc:TotalCost>
                                        <proc:PriorYear>1.827</proc:PriorYear>
                                        <proc:CurrentYear>1.765</proc:CurrentYear>
                                        <proc:BudgetYearOneBase>1.439</proc:BudgetYearOneBase>
                                        <proc:BudgetYearOne>1.439</proc:BudgetYearOne>
                                    </proc:TotalCost>
                                </proc:Cost>
                            </proc:CostElement>
                            <proc:CostElement>
                                <proc:Name>Direct Mission Support</proc:Name>
                                <proc:Cost>
                                    <proc:TotalCost>
                                        <proc:PriorYear>0.015</proc:PriorYear>
                                        <proc:CurrentYear>0.015</proc:CurrentYear>
                                        <proc:BudgetYearOneBase>0.015</proc:BudgetYearOneBase>
                                        <proc:BudgetYearOne>0.015</proc:BudgetYearOne>
                                    </proc:TotalCost>
                                </proc:Cost>
                            </proc:CostElement>
                        </proc:CostElementList>
                        <proc:CategorySubtotal>
                            <proc:TotalCost>
                                <proc:PriorYear>1.842</proc:PriorYear>
                                <proc:CurrentYear>1.78</proc:CurrentYear>
                                <proc:BudgetYearOneBase>1.454</proc:BudgetYearOneBase>
                                <proc:BudgetYearOne>1.454</proc:BudgetYearOne>
                            </proc:TotalCost>
                        </proc:CategorySubtotal>
                        <proc:Name>Battle Control System Fixed</proc:Name>
                    </proc:Support>
                    <proc:Support>
                        <proc:CostElementList>
                            <proc:CostElement>
                                <proc:Name>Contractor Support Services</proc:Name>
                                <proc:Cost>
                                    <proc:TotalCost>
                                        <proc:CurrentYear>0.3</proc:CurrentYear>
                                        <proc:BudgetYearOneBase>0.3</proc:BudgetYearOneBase>
                                        <proc:BudgetYearOne>0.3</proc:BudgetYearOne>
                                    </proc:TotalCost>
                                </proc:Cost>
                            </proc:CostElement>
                            <proc:CostElement>
                                <proc:Name>Direct Mission Support</proc:Name>
                                <proc:Cost>
                                    <proc:TotalCost>
                                        <proc:CurrentYear>0.18</proc:CurrentYear>
                                        <proc:BudgetYearOneBase>0.18</proc:BudgetYearOneBase>
                                        <proc:BudgetYearOne>0.18</proc:BudgetYearOne>
                                    </proc:TotalCost>
                                </proc:Cost>
                            </proc:CostElement>
                        </proc:CostElementList>
                        <proc:CategorySubtotal>
                            <proc:TotalCost>
                                <proc:CurrentYear>0.48</proc:CurrentYear>
                                <proc:BudgetYearOneBase>0.48</proc:BudgetYearOneBase>
                                <proc:BudgetYearOne>0.48</proc:BudgetYearOne>
                            </proc:TotalCost>
                        </proc:CategorySubtotal>
                        <proc:Name>NCR-IADS</proc:Name>
                    </proc:Support>
                </proc:CostElementCategoryList>
            </proc:P5Item>
        </proc:ItemExhibitList>
        <proc:DocumentAssemblyOptions>
            <proc:p40AItemScheduleSetting>expandItemSuppressExhibit</proc:p40AItemScheduleSetting>
        </proc:DocumentAssemblyOptions>
    </proc:LineItem>
</proc:LineItemList>