<?xml version="1.0" encoding="UTF-8"?>
<proc:LineItemList xmlns:proc="http://www.dtic.mil/comptroller/xml/schema/20100219/procurement">
    <proc:LineItem quantityUnits="Each" unitCostUnits="Millions" totalCostUnits="Millions" manufacturerRateUnits="Yearly">
        <proc:LineItemNumber>861350</proc:LineItemNumber>
        <proc:LineItemTitle>Spares and Repair Parts (Cyber)</proc:LineItemTitle>
        <proc:P1LineNumber>80</proc:P1LineNumber>
        <proc:BudgetYear>2026</proc:BudgetYear>
        <proc:BudgetCycle>PB</proc:BudgetCycle>
        <proc:SubmissionDate>2025-06</proc:SubmissionDate>
        <proc:ServiceAgencyName>Air Force</proc:ServiceAgencyName>
        <proc:AppropriationNumber>3080F</proc:AppropriationNumber>
        <proc:AppropriationTitle>Other Procurement, Air Force</proc:AppropriationTitle>
        <proc:BudgetActivityNumber>5</proc:BudgetActivityNumber>
        <proc:BudgetActivityTitle>Spares and Repair Parts</proc:BudgetActivityTitle>
        <proc:BudgetSubActivityNumber>1</proc:BudgetSubActivityNumber>
        <proc:BudgetSubActivityTitle>Spares And Repair Parts</proc:BudgetSubActivityTitle>
        <proc:ResourceSummary>
            <proc:TotalCost>
                <proc:AllPriorYears>0</proc:AllPriorYears>
                <proc:PriorYear>1.032</proc:PriorYear>
                <proc:CurrentYear>1.056</proc:CurrentYear>
                <proc:BudgetYearOneBase>1.075</proc:BudgetYearOneBase>
                <proc:BudgetYearOne>1.075</proc:BudgetYearOne>
            </proc:TotalCost>
            <proc:NetProcurementP1>
                <proc:AllPriorYears>0</proc:AllPriorYears>
                <proc:PriorYear>1.032</proc:PriorYear>
                <proc:CurrentYear>1.056</proc:CurrentYear>
                <proc:BudgetYearOneBase>1.075</proc:BudgetYearOneBase>
                <proc:BudgetYearOne>1.075</proc:BudgetYearOne>
            </proc:NetProcurementP1>
            <proc:TotalObligationAuthority>
                <proc:AllPriorYears>0</proc:AllPriorYears>
                <proc:PriorYear>1.032</proc:PriorYear>
                <proc:CurrentYear>1.056</proc:CurrentYear>
                <proc:BudgetYearOneBase>1.075</proc:BudgetYearOneBase>
                <proc:BudgetYearOne>1.075</proc:BudgetYearOne>
            </proc:TotalObligationAuthority>
        </proc:ResourceSummary>
        <proc:Description>This program supports Cyberspace Activities
Initial Spares consist of reparable components, assemblies, subassemblies, and consumable items required as initial stock (including readiness spares package requirements) in support of newly fielded vehicles, communications electronics and telecommunications equipment, and other base maintenance and support equipment items. Requirements are determined by applying established factors against the acquisition cost of the end items. The factors are based on historical data of similar equipment, employment/deployment concepts, production schedules, and other related information.

Funding for this exhibit contained in PE 0303140F.</proc:Description>
        <proc:Justification>Information Systems Security Program (ISSP): FY 2026 funding is required to support Air and Ground (A&amp;G) and Key Management Enterprise (KME) which supplies crypto devices to all Services/
Agencies to meet NSA cybersecurity mandates for warfighter air and ground networks.</proc:Justification>
        <proc:DocumentAssemblyOptions>
            <proc:p40AItemScheduleSetting>expandItemSuppressExhibit</proc:p40AItemScheduleSetting>
        </proc:DocumentAssemblyOptions>
    </proc:LineItem>
</proc:LineItemList>