<?xml version="1.0" encoding="UTF-8"?>
<proc:LineItemList xmlns:proc="http://www.dtic.mil/comptroller/xml/schema/20100219/procurement">
    <proc:LineItem quantityUnits="Each" unitCostUnits="Millions" totalCostUnits="Millions" manufacturerRateUnits="Yearly">
        <proc:LineItemNumber>845990</proc:LineItemNumber>
        <proc:LineItemTitle>Base Maintenance and Support Equipment</proc:LineItemTitle>
        <proc:P1LineNumber>70</proc:P1LineNumber>
        <proc:BudgetYear>2026</proc:BudgetYear>
        <proc:BudgetCycle>PB</proc:BudgetCycle>
        <proc:SubmissionDate>2025-06</proc:SubmissionDate>
        <proc:ServiceAgencyName>Air Force</proc:ServiceAgencyName>
        <proc:AppropriationNumber>3080F</proc:AppropriationNumber>
        <proc:AppropriationTitle>Other Procurement, Air Force</proc:AppropriationTitle>
        <proc:BudgetActivityNumber>4</proc:BudgetActivityNumber>
        <proc:BudgetActivityTitle>Other Base Maintenance and Support Equip</proc:BudgetActivityTitle>
        <proc:BudgetSubActivityNumber>5</proc:BudgetSubActivityNumber>
        <proc:BudgetSubActivityTitle>Base Support Equipment</proc:BudgetSubActivityTitle>
        <proc:ResourceSummary>
            <proc:TotalCost>
                <proc:PriorYear>58.597</proc:PriorYear>
                <proc:CurrentYear>69.255</proc:CurrentYear>
                <proc:BudgetYearOneBase>59.431</proc:BudgetYearOneBase>
                <proc:BudgetYearOne>59.431</proc:BudgetYearOne>
            </proc:TotalCost>
            <proc:NetProcurementP1>
                <proc:PriorYear>58.597</proc:PriorYear>
                <proc:CurrentYear>69.255</proc:CurrentYear>
                <proc:BudgetYearOneBase>59.431</proc:BudgetYearOneBase>
                <proc:BudgetYearOne>59.431</proc:BudgetYearOne>
            </proc:NetProcurementP1>
            <proc:TotalObligationAuthority>
                <proc:PriorYear>58.597</proc:PriorYear>
                <proc:CurrentYear>69.255</proc:CurrentYear>
                <proc:BudgetYearOneBase>59.431</proc:BudgetYearOneBase>
                <proc:BudgetYearOne>59.431</proc:BudgetYearOne>
            </proc:TotalObligationAuthority>
        </proc:ResourceSummary>
        <proc:Code>A</proc:Code>
        <proc:OtherRelatedProgramElementList>
            <proc:ProgramElementNumber>0202834F</proc:ProgramElementNumber>
        </proc:OtherRelatedProgramElementList>
        <proc:Description>This portfolio program provides a wide variety of base support equipment items with worldwide application. Equipment includes, but is not limited to, Aircraft Arresting Systems (AAS), Base Logistics and Support Equipment (BLSE), Tools and Industrial Plant Equipment, Cargo Pallet and Net Systems, Base Generator Power Systems, and Deployable Debrief Facilities (DDF). This equipment provides prime support for all base missions. Lack of funding for these equipment items limits safe flight operations, aircraft maintenance and testing capabilities, anti-terrorism and security missions, communications capabilities, and the ability of Air Force units to meet deployment requirements.

Funding for this exhibit contained in the following program elements: 0101110F, 0207521F, 0202834F, 0502834F, 0502844F, 0802834F, 0901279F.</proc:Description>
        <proc:Justification>FY26 will procure the following:

Aircraft Arresting Systems (AAS):
AAS are critical to safe flight operations and directly support USAF F-15, F-16, F-22, F-35, USN, and allied partner fighter aircraft equipped with a tailhook system. These systems are critical during an aborted take-off, In-Flight Emergency, or hydraulic/brake failures. AAS including but is not limited to Barrier Arresting Kit (BAK) BAK-14M Mobile Aircraft Arresting Systems (MAAS), and Type-H. AAS are required for all base and forward deployed operations, enabling the execution of the National Defense Strategy.

Cargo Pallets and Nets (SE&amp;V):
Cargo Pallets &amp; Nets provide an expedient means of loading and unloading cargo on transport aircraft across the DoD.  Pallets &amp; Nets also secure cargo to maintain aircraft balance which is crucial to safety of flight.  661 users across the DoD rely on Pallets &amp; Nets to carry out their primary mission, through which capability and equipment are transported to all parts of the globe, enabling the execution of our National Defense Strategy.

Small Munitions Trailers, Aircraft Engine Trailers (SE&amp;V):
These trailer programs support the loading, moving and shipping of all numerous verities of Munitions and aircraft Engines. Small Munitions Trailers program provides trailers (and associated accessories) capable of carrying up to 15,000 lbs of conventional munitions and up to 5,500 lbs of nuclear munitions in direct support to aircraft operations.  These trailers carry bombs, missiles (Air-to-Air and Air-to-Ground), all calibers of ammunition, all countermeasures all decoys and practice bombs.  Small Munitions Trailers directly support B-1, B-2, B-52, A-10, F-15, F16, F-22, C-5, C-17, C-130, AC-130, KC-46, KC-10 and KC-135 rated to carry munitions as cargo.  The existing 40+ year old trailers have significant reliability and obsolescence issues as well as high overhaul repair costs.  Currently, the cost to complete a depot overhaul of a legacy munition trailer is nearly twice the estimated procurement cost of a new trailer.  

Base Logistics and Support Equipment (BLSE) (SE&amp;V): 
BLSE is critical to safe flight operations and necessary for in-garrison and forward deployed locations. If equipment is not readily available, it can cause mission stoppage and severe degradation of operations. BLSE includes, but is not limited to, Flightline Fire Extinguishers, Hydraulic Rescue and Salvaging Kits, Fuel Tank Seal Kits, Automatic Gas Alarms, Restricted Area Anti-Intrusion Alarms, Self-Contained Breathing Apparatus, High Pressure Storage Tanks, Pipeline Repair Kits and Concrete Mixing Plants.

Base Calibration Standards (equipment) (AFMETCAL):
Funds calibration standards (equipment) for the Air Force Primary Standards Laboratory and 65 Precision Measurement Laboratories (PMEL) AF wide.  These standards ensure PMEL measurements are traceable through the AFPSL to the National Institute of Standards and Technology.  This traceability is critical to safety-of flight and sustainment of all AF weapon systems/base ops to include vehicle ops, communications, civil engineering, biomedical, and mobility TMDE.  Enabling support for over 673k TMDE items for airlift, fighter, missile, nuclear deterrence, and cyber defense missions.                                                                                                                                                                                                                                                                                                                                                                                      

Other Base Maint &amp; SE: 
Paint Booth/Air Compressor for LO Restoration Facility; Compressed Air Eqt for Wash Rack Facility; Uninterrupted Power Supply (UPS) for A/C Maint Unit Facility for B-21</proc:Justification>
        <proc:ItemExhibitList>
            <proc:P5Item>
                <proc:Name>Base Maintenance and Support Equipment</proc:Name>
                <proc:IdCode>A</proc:IdCode>
                <proc:ResourceSummary>
                    <proc:TotalCost>
                        <proc:PriorYear>58.597</proc:PriorYear>
                        <proc:CurrentYear>69.255</proc:CurrentYear>
                        <proc:BudgetYearOneBase>59.431</proc:BudgetYearOneBase>
                        <proc:BudgetYearOne>59.431</proc:BudgetYearOne>
                    </proc:TotalCost>
                    <proc:NetProcurementP1>
                        <proc:PriorYear>58.597</proc:PriorYear>
                        <proc:CurrentYear>69.255</proc:CurrentYear>
                        <proc:BudgetYearOneBase>59.431</proc:BudgetYearOneBase>
                        <proc:BudgetYearOne>59.431</proc:BudgetYearOne>
                    </proc:NetProcurementP1>
                    <proc:TotalObligationAuthority>
                        <proc:PriorYear>58.597</proc:PriorYear>
                        <proc:CurrentYear>69.255</proc:CurrentYear>
                        <proc:BudgetYearOneBase>59.431</proc:BudgetYearOneBase>
                        <proc:BudgetYearOne>59.431</proc:BudgetYearOne>
                    </proc:TotalObligationAuthority>
                </proc:ResourceSummary>
                <proc:CostElementCategoryList>
                    <proc:Hardware>
                        <proc:Name>Base Logistics Support Equipment</proc:Name>
                        <proc:Recurring>
                            <proc:CostElementList>
                                <proc:CostElement>
                                    <proc:Name>AF</proc:Name>
                                    <proc:Cost>
                                        <proc:TotalCost>
                                            <proc:PriorYear>6.512</proc:PriorYear>
                                            <proc:CurrentYear>5.455</proc:CurrentYear>
                                            <proc:BudgetYearOneBase>5.578</proc:BudgetYearOneBase>
                                            <proc:BudgetYearOne>5.578</proc:BudgetYearOne>
                                        </proc:TotalCost>
                                    </proc:Cost>
                                </proc:CostElement>
                                <proc:CostElement>
                                    <proc:Name>AFR</proc:Name>
                                    <proc:Cost>
                                        <proc:TotalCost>
                                            <proc:PriorYear>0.11</proc:PriorYear>
                                            <proc:CurrentYear>0.107</proc:CurrentYear>
                                            <proc:BudgetYearOneBase>0.109</proc:BudgetYearOneBase>
                                            <proc:BudgetYearOne>0.109</proc:BudgetYearOne>
                                        </proc:TotalCost>
                                    </proc:Cost>
                                </proc:CostElement>
                                <proc:CostElement>
                                    <proc:Name>ANG</proc:Name>
                                    <proc:Cost>
                                        <proc:TotalCost>
                                            <proc:PriorYear>1.226</proc:PriorYear>
                                            <proc:CurrentYear>1.674</proc:CurrentYear>
                                            <proc:BudgetYearOneBase>1.715</proc:BudgetYearOneBase>
                                            <proc:BudgetYearOne>1.715</proc:BudgetYearOne>
                                        </proc:TotalCost>
                                    </proc:Cost>
                                </proc:CostElement>
                            </proc:CostElementList>
                            <proc:CategorySubtotal>
                                <proc:TotalCost>
                                    <proc:PriorYear>7.848</proc:PriorYear>
                                    <proc:CurrentYear>7.236</proc:CurrentYear>
                                    <proc:BudgetYearOneBase>7.402</proc:BudgetYearOneBase>
                                    <proc:BudgetYearOne>7.402</proc:BudgetYearOne>
                                </proc:TotalCost>
                            </proc:CategorySubtotal>
                        </proc:Recurring>
                        <proc:CategorySubtotal>
                            <proc:TotalCost>
                                <proc:PriorYear>7.848</proc:PriorYear>
                                <proc:CurrentYear>7.236</proc:CurrentYear>
                                <proc:BudgetYearOneBase>7.402</proc:BudgetYearOneBase>
                                <proc:BudgetYearOne>7.402</proc:BudgetYearOne>
                            </proc:TotalCost>
                        </proc:CategorySubtotal>
                    </proc:Hardware>
                    <proc:Hardware>
                        <proc:Name>Calibration Equipment</proc:Name>
                        <proc:Recurring>
                            <proc:CostElementList>
                                <proc:CostElement>
                                    <proc:Name>AFMETCAL</proc:Name>
                                    <proc:Cost>
                                        <proc:Quantity>
                                            <proc:PriorYear>1</proc:PriorYear>
                                        </proc:Quantity>
                                        <proc:TotalCost>
                                            <proc:PriorYear>14.565</proc:PriorYear>
                                            <proc:CurrentYear>14.604</proc:CurrentYear>
                                            <proc:BudgetYearOneBase>14.752</proc:BudgetYearOneBase>
                                            <proc:BudgetYearOne>14.752</proc:BudgetYearOne>
                                        </proc:TotalCost>
                                        <proc:UnitCost>
                                            <proc:PriorYear>14.565</proc:PriorYear>
                                        </proc:UnitCost>
                                    </proc:Cost>
                                </proc:CostElement>
                            </proc:CostElementList>
                            <proc:CategorySubtotal>
                                <proc:TotalCost>
                                    <proc:PriorYear>14.565</proc:PriorYear>
                                    <proc:CurrentYear>14.604</proc:CurrentYear>
                                    <proc:BudgetYearOneBase>14.752</proc:BudgetYearOneBase>
                                    <proc:BudgetYearOne>14.752</proc:BudgetYearOne>
                                </proc:TotalCost>
                            </proc:CategorySubtotal>
                        </proc:Recurring>
                        <proc:CategorySubtotal>
                            <proc:TotalCost>
                                <proc:PriorYear>14.565</proc:PriorYear>
                                <proc:CurrentYear>14.604</proc:CurrentYear>
                                <proc:BudgetYearOneBase>14.752</proc:BudgetYearOneBase>
                                <proc:BudgetYearOne>14.752</proc:BudgetYearOne>
                            </proc:TotalCost>
                        </proc:CategorySubtotal>
                    </proc:Hardware>
                    <proc:Hardware>
                        <proc:Name>Mechanized Material Handling Equipment</proc:Name>
                        <proc:Recurring>
                            <proc:CostElementList>
                                <proc:CostElement>
                                    <proc:Name>AF</proc:Name>
                                    <proc:Cost>
                                        <proc:TotalCost>
                                            <proc:PriorYear>0.333</proc:PriorYear>
                                            <proc:CurrentYear>0.376</proc:CurrentYear>
                                            <proc:BudgetYearOneBase>0</proc:BudgetYearOneBase>
                                            <proc:BudgetYearOne>0</proc:BudgetYearOne>
                                        </proc:TotalCost>
                                    </proc:Cost>
                                </proc:CostElement>
                                <proc:CostElement>
                                    <proc:Name>ANG</proc:Name>
                                    <proc:Cost>
                                        <proc:TotalCost>
                                            <proc:PriorYear>2.155</proc:PriorYear>
                                            <proc:CurrentYear>3.18</proc:CurrentYear>
                                            <proc:BudgetYearOneBase>0</proc:BudgetYearOneBase>
                                            <proc:BudgetYearOne>0</proc:BudgetYearOne>
                                        </proc:TotalCost>
                                    </proc:Cost>
                                </proc:CostElement>
                            </proc:CostElementList>
                            <proc:CategorySubtotal>
                                <proc:TotalCost>
                                    <proc:PriorYear>2.488</proc:PriorYear>
                                    <proc:CurrentYear>3.556</proc:CurrentYear>
                                    <proc:BudgetYearOneBase>0</proc:BudgetYearOneBase>
                                    <proc:BudgetYearOne>0</proc:BudgetYearOne>
                                </proc:TotalCost>
                            </proc:CategorySubtotal>
                        </proc:Recurring>
                        <proc:CategorySubtotal>
                            <proc:TotalCost>
                                <proc:PriorYear>2.488</proc:PriorYear>
                                <proc:CurrentYear>3.556</proc:CurrentYear>
                                <proc:BudgetYearOneBase>0</proc:BudgetYearOneBase>
                                <proc:BudgetYearOne>0</proc:BudgetYearOne>
                            </proc:TotalCost>
                        </proc:CategorySubtotal>
                    </proc:Hardware>
                    <proc:Hardware>
                        <proc:Name>MHU-110/141</proc:Name>
                        <proc:Recurring>
                            <proc:CostElementList>
                                <proc:CostElement>
                                    <proc:Name>AF</proc:Name>
                                    <proc:Cost>
                                        <proc:TotalCost>
                                            <proc:PriorYear>1.986</proc:PriorYear>
                                            <proc:CurrentYear>17.388</proc:CurrentYear>
                                            <proc:BudgetYearOneBase>12.221</proc:BudgetYearOneBase>
                                            <proc:BudgetYearOne>12.221</proc:BudgetYearOne>
                                        </proc:TotalCost>
                                    </proc:Cost>
                                </proc:CostElement>
                                <proc:CostElement>
                                    <proc:Name>European Deterrence Initiative</proc:Name>
                                    <proc:Cost>
                                        <proc:TotalCost>
                                            <proc:PriorYear>3.89</proc:PriorYear>
                                            <proc:CurrentYear>1.267</proc:CurrentYear>
                                        </proc:TotalCost>
                                    </proc:Cost>
                                </proc:CostElement>
                                <proc:CostElement>
                                    <proc:Name>Program increase - future pilot training center beddown (F-16 support equipment)</proc:Name>
                                    <proc:Cost>
                                        <proc:TotalCost>
                                            <proc:PriorYear>1.683</proc:PriorYear>
                                        </proc:TotalCost>
                                    </proc:Cost>
                                </proc:CostElement>
                            </proc:CostElementList>
                            <proc:CategorySubtotal>
                                <proc:TotalCost>
                                    <proc:PriorYear>7.559</proc:PriorYear>
                                    <proc:CurrentYear>18.655</proc:CurrentYear>
                                    <proc:BudgetYearOneBase>12.221</proc:BudgetYearOneBase>
                                    <proc:BudgetYearOne>12.221</proc:BudgetYearOne>
                                </proc:TotalCost>
                            </proc:CategorySubtotal>
                        </proc:Recurring>
                        <proc:CategorySubtotal>
                            <proc:TotalCost>
                                <proc:PriorYear>7.559</proc:PriorYear>
                                <proc:CurrentYear>18.655</proc:CurrentYear>
                                <proc:BudgetYearOneBase>12.221</proc:BudgetYearOneBase>
                                <proc:BudgetYearOne>12.221</proc:BudgetYearOne>
                            </proc:TotalCost>
                        </proc:CategorySubtotal>
                    </proc:Hardware>
                    <proc:Hardware>
                        <proc:Name>Pallet &amp; Net</proc:Name>
                        <proc:Recurring>
                            <proc:CostElementList>
                                <proc:CostElement>
                                    <proc:Name>Legacy Pallet</proc:Name>
                                    <proc:Cost>
                                        <proc:Quantity>
                                            <proc:BudgetYearOneBase>6656</proc:BudgetYearOneBase>
                                            <proc:BudgetYearOne>6656</proc:BudgetYearOne>
                                        </proc:Quantity>
                                        <proc:TotalCost>
                                            <proc:PriorYear>18.016</proc:PriorYear>
                                            <proc:CurrentYear>8.526</proc:CurrentYear>
                                            <proc:BudgetYearOneBase>13.312</proc:BudgetYearOneBase>
                                            <proc:BudgetYearOne>13.312</proc:BudgetYearOne>
                                        </proc:TotalCost>
                                        <proc:UnitCost>
                                            <proc:BudgetYearOneBase>0.002</proc:BudgetYearOneBase>
                                            <proc:BudgetYearOne>0.002</proc:BudgetYearOne>
                                        </proc:UnitCost>
                                    </proc:Cost>
                                    <proc:ManufacturerList>
                                        <proc:Manufacturer>
                                            <proc:Name>AAR Manufacturing INC</proc:Name>
                                            <proc:Location>Cadillac, MI</proc:Location>
                                            <proc:MinimumSustainingRate>0.00</proc:MinimumSustainingRate>
                                            <proc:MaximumProductionRate>0.00</proc:MaximumProductionRate>
                                            <proc:Rate185>0.00</proc:Rate185>
                                            <proc:InitialQuantity>
                                                <proc:AdminLeadTimeBeforeOct1InMonths>0</proc:AdminLeadTimeBeforeOct1InMonths>
                                                <proc:AdminLeadTimeAfterOct1InMonths>0</proc:AdminLeadTimeAfterOct1InMonths>
                                                <proc:ProductionLeadTimeAfterOct1InMonths>0</proc:ProductionLeadTimeAfterOct1InMonths>
                                                <proc:TotalLeadTimeAfterOct1InMonths>0</proc:TotalLeadTimeAfterOct1InMonths>
                                            </proc:InitialQuantity>
                                            <proc:ReorderQuantity>
                                                <proc:AdminLeadTimeBeforeOct1InMonths>0</proc:AdminLeadTimeBeforeOct1InMonths>
                                                <proc:AdminLeadTimeAfterOct1InMonths>0</proc:AdminLeadTimeAfterOct1InMonths>
                                                <proc:ProductionLeadTimeAfterOct1InMonths>0</proc:ProductionLeadTimeAfterOct1InMonths>
                                                <proc:TotalLeadTimeAfterOct1InMonths>0</proc:TotalLeadTimeAfterOct1InMonths>
                                            </proc:ReorderQuantity>
                                            <proc:HistoryPlanningList>
                                                <proc:HistoryPlanning>
                                                    <proc:FiscalYear>2026</proc:FiscalYear>
                                                    <proc:PCOLocation>WR/ALC</proc:PCOLocation>
                                                    <proc:AwardDate>2026-04</proc:AwardDate>
                                                    <proc:FirstDeliveryDate>2026-05</proc:FirstDeliveryDate>
                                                    <proc:Quantity>6656</proc:Quantity>
                                                    <proc:UnitCost>0.002</proc:UnitCost>
                                                    <proc:SpecsAvailableNow>true</proc:SpecsAvailableNow>
                                                    <proc:ContractMethod>SS</proc:ContractMethod>
                                                    <proc:ContractType>FFP</proc:ContractType>
                                                </proc:HistoryPlanning>
                                            </proc:HistoryPlanningList>
                                        </proc:Manufacturer>
                                    </proc:ManufacturerList>
                                </proc:CostElement>
                                <proc:CostElement>
                                    <proc:Name>Top Net</proc:Name>
                                    <proc:Cost>
                                        <proc:Quantity>
                                            <proc:BudgetYearOneBase>3017</proc:BudgetYearOneBase>
                                            <proc:BudgetYearOne>3017</proc:BudgetYearOne>
                                        </proc:Quantity>
                                        <proc:TotalCost>
                                            <proc:PriorYear>1.927</proc:PriorYear>
                                            <proc:CurrentYear>1.845</proc:CurrentYear>
                                            <proc:BudgetYearOneBase>3.017</proc:BudgetYearOneBase>
                                            <proc:BudgetYearOne>3.017</proc:BudgetYearOne>
                                        </proc:TotalCost>
                                        <proc:UnitCost>
                                            <proc:BudgetYearOneBase>0.001</proc:BudgetYearOneBase>
                                            <proc:BudgetYearOne>0.001</proc:BudgetYearOne>
                                        </proc:UnitCost>
                                    </proc:Cost>
                                </proc:CostElement>
                                <proc:CostElement>
                                    <proc:Name>Low Profile Net</proc:Name>
                                    <proc:Cost>
                                        <proc:Quantity>
                                            <proc:BudgetYearOneBase>5857</proc:BudgetYearOneBase>
                                            <proc:BudgetYearOne>5857</proc:BudgetYearOne>
                                        </proc:Quantity>
                                        <proc:TotalCost>
                                            <proc:PriorYear>3.884</proc:PriorYear>
                                            <proc:CurrentYear>3.773</proc:CurrentYear>
                                            <proc:BudgetYearOneBase>5.857</proc:BudgetYearOneBase>
                                            <proc:BudgetYearOne>5.857</proc:BudgetYearOne>
                                        </proc:TotalCost>
                                        <proc:UnitCost>
                                            <proc:BudgetYearOneBase>0.001</proc:BudgetYearOneBase>
                                            <proc:BudgetYearOne>0.001</proc:BudgetYearOne>
                                        </proc:UnitCost>
                                    </proc:Cost>
                                    <proc:ManufacturerList>
                                        <proc:Manufacturer>
                                            <proc:Name>TAC Industries</proc:Name>
                                            <proc:Location>Springfield, OH</proc:Location>
                                            <proc:MinimumSustainingRate>0.00</proc:MinimumSustainingRate>
                                            <proc:MaximumProductionRate>0.00</proc:MaximumProductionRate>
                                            <proc:Rate185>0.00</proc:Rate185>
                                            <proc:InitialQuantity>
                                                <proc:AdminLeadTimeBeforeOct1InMonths>0</proc:AdminLeadTimeBeforeOct1InMonths>
                                                <proc:AdminLeadTimeAfterOct1InMonths>0</proc:AdminLeadTimeAfterOct1InMonths>
                                                <proc:ProductionLeadTimeAfterOct1InMonths>0</proc:ProductionLeadTimeAfterOct1InMonths>
                                                <proc:TotalLeadTimeAfterOct1InMonths>0</proc:TotalLeadTimeAfterOct1InMonths>
                                            </proc:InitialQuantity>
                                            <proc:ReorderQuantity>
                                                <proc:AdminLeadTimeBeforeOct1InMonths>0</proc:AdminLeadTimeBeforeOct1InMonths>
                                                <proc:AdminLeadTimeAfterOct1InMonths>0</proc:AdminLeadTimeAfterOct1InMonths>
                                                <proc:ProductionLeadTimeAfterOct1InMonths>0</proc:ProductionLeadTimeAfterOct1InMonths>
                                                <proc:TotalLeadTimeAfterOct1InMonths>0</proc:TotalLeadTimeAfterOct1InMonths>
                                            </proc:ReorderQuantity>
                                            <proc:HistoryPlanningList>
                                                <proc:HistoryPlanning>
                                                    <proc:FiscalYear>2026</proc:FiscalYear>
                                                    <proc:PCOLocation>WR/ALC</proc:PCOLocation>
                                                    <proc:AwardDate>2026-07</proc:AwardDate>
                                                    <proc:FirstDeliveryDate>2026-07</proc:FirstDeliveryDate>
                                                    <proc:Quantity>5857</proc:Quantity>
                                                    <proc:UnitCost>0.001</proc:UnitCost>
                                                    <proc:SpecsAvailableNow>true</proc:SpecsAvailableNow>
                                                    <proc:ContractMethod>SS</proc:ContractMethod>
                                                    <proc:ContractType>FFP</proc:ContractType>
                                                </proc:HistoryPlanning>
                                            </proc:HistoryPlanningList>
                                        </proc:Manufacturer>
                                    </proc:ManufacturerList>
                                </proc:CostElement>
                                <proc:CostElement>
                                    <proc:Name>Next Gen Pallet</proc:Name>
                                    <proc:Cost>
                                        <proc:TotalCost>
                                            <proc:PriorYear>0</proc:PriorYear>
                                            <proc:BudgetYearOneBase>0</proc:BudgetYearOneBase>
                                            <proc:BudgetYearOne>0</proc:BudgetYearOne>
                                        </proc:TotalCost>
                                    </proc:Cost>
                                </proc:CostElement>
                            </proc:CostElementList>
                            <proc:CategorySubtotal>
                                <proc:TotalCost>
                                    <proc:PriorYear>23.827</proc:PriorYear>
                                    <proc:CurrentYear>14.144</proc:CurrentYear>
                                    <proc:BudgetYearOneBase>22.186</proc:BudgetYearOneBase>
                                    <proc:BudgetYearOne>22.186</proc:BudgetYearOne>
                                </proc:TotalCost>
                            </proc:CategorySubtotal>
                        </proc:Recurring>
                        <proc:CategorySubtotal>
                            <proc:TotalCost>
                                <proc:PriorYear>23.827</proc:PriorYear>
                                <proc:CurrentYear>14.144</proc:CurrentYear>
                                <proc:BudgetYearOneBase>22.186</proc:BudgetYearOneBase>
                                <proc:BudgetYearOne>22.186</proc:BudgetYearOne>
                            </proc:TotalCost>
                        </proc:CategorySubtotal>
                    </proc:Hardware>
                    <proc:Hardware>
                        <proc:Name>Power Conditioning Equipment</proc:Name>
                        <proc:Recurring>
                            <proc:CostElementList>
                                <proc:CostElement>
                                    <proc:Name>AF</proc:Name>
                                    <proc:Cost>
                                        <proc:TotalCost>
                                            <proc:PriorYear>0.125</proc:PriorYear>
                                            <proc:CurrentYear>0.122</proc:CurrentYear>
                                            <proc:BudgetYearOneBase>0</proc:BudgetYearOneBase>
                                            <proc:BudgetYearOne>0</proc:BudgetYearOne>
                                        </proc:TotalCost>
                                    </proc:Cost>
                                </proc:CostElement>
                                <proc:CostElement>
                                    <proc:Name>ANG</proc:Name>
                                    <proc:Cost>
                                        <proc:TotalCost>
                                            <proc:PriorYear>0.855</proc:PriorYear>
                                            <proc:CurrentYear>0.928</proc:CurrentYear>
                                            <proc:BudgetYearOneBase>0</proc:BudgetYearOneBase>
                                            <proc:BudgetYearOne>0</proc:BudgetYearOne>
                                        </proc:TotalCost>
                                    </proc:Cost>
                                </proc:CostElement>
                            </proc:CostElementList>
                            <proc:CategorySubtotal>
                                <proc:TotalCost>
                                    <proc:PriorYear>0.98</proc:PriorYear>
                                    <proc:CurrentYear>1.05</proc:CurrentYear>
                                    <proc:BudgetYearOneBase>0</proc:BudgetYearOneBase>
                                    <proc:BudgetYearOne>0</proc:BudgetYearOne>
                                </proc:TotalCost>
                            </proc:CategorySubtotal>
                        </proc:Recurring>
                        <proc:CategorySubtotal>
                            <proc:TotalCost>
                                <proc:PriorYear>0.98</proc:PriorYear>
                                <proc:CurrentYear>1.05</proc:CurrentYear>
                                <proc:BudgetYearOneBase>0</proc:BudgetYearOneBase>
                                <proc:BudgetYearOne>0</proc:BudgetYearOne>
                            </proc:TotalCost>
                        </proc:CategorySubtotal>
                    </proc:Hardware>
                    <proc:Hardware>
                        <proc:Name>Project Kinetic Cargo</proc:Name>
                        <proc:Recurring>
                            <proc:CostElementList>
                                <proc:CostElement>
                                    <proc:Name>Weigh in Motion System</proc:Name>
                                    <proc:Cost>
                                        <proc:TotalCost>
                                            <proc:CurrentYear>10</proc:CurrentYear>
                                        </proc:TotalCost>
                                    </proc:Cost>
                                </proc:CostElement>
                            </proc:CostElementList>
                            <proc:CategorySubtotal>
                                <proc:TotalCost>
                                    <proc:CurrentYear>10</proc:CurrentYear>
                                </proc:TotalCost>
                            </proc:CategorySubtotal>
                        </proc:Recurring>
                        <proc:CategorySubtotal>
                            <proc:TotalCost>
                                <proc:CurrentYear>10</proc:CurrentYear>
                            </proc:TotalCost>
                        </proc:CategorySubtotal>
                    </proc:Hardware>
                    <proc:Support>
                        <proc:CostElementList>
                            <proc:CostElement>
                                <proc:Name>BAK-14M Modular Aircraft Arresting System</proc:Name>
                                <proc:Cost>
                                    <proc:Quantity>
                                        <proc:BudgetYearOneBase>2</proc:BudgetYearOneBase>
                                        <proc:BudgetYearOne>2</proc:BudgetYearOne>
                                    </proc:Quantity>
                                    <proc:TotalCost>
                                        <proc:BudgetYearOneBase>1.7</proc:BudgetYearOneBase>
                                        <proc:BudgetYearOne>1.7</proc:BudgetYearOne>
                                    </proc:TotalCost>
                                    <proc:UnitCost>
                                        <proc:BudgetYearOneBase>0.85</proc:BudgetYearOneBase>
                                        <proc:BudgetYearOne>0.85</proc:BudgetYearOne>
                                    </proc:UnitCost>
                                </proc:Cost>
                            </proc:CostElement>
                            <proc:CostElement>
                                <proc:Name>Type-H Aircraft Arresting System</proc:Name>
                                <proc:Cost>
                                    <proc:Quantity>
                                        <proc:BudgetYearOneBase>2</proc:BudgetYearOneBase>
                                        <proc:BudgetYearOne>2</proc:BudgetYearOne>
                                    </proc:Quantity>
                                    <proc:TotalCost>
                                        <proc:BudgetYearOneBase>1.24</proc:BudgetYearOneBase>
                                        <proc:BudgetYearOne>1.24</proc:BudgetYearOne>
                                    </proc:TotalCost>
                                    <proc:UnitCost>
                                        <proc:BudgetYearOneBase>0.62</proc:BudgetYearOneBase>
                                        <proc:BudgetYearOne>0.62</proc:BudgetYearOne>
                                    </proc:UnitCost>
                                </proc:Cost>
                            </proc:CostElement>
                        </proc:CostElementList>
                        <proc:CategorySubtotal>
                            <proc:TotalCost>
                                <proc:BudgetYearOneBase>2.94</proc:BudgetYearOneBase>
                                <proc:BudgetYearOne>2.94</proc:BudgetYearOne>
                            </proc:TotalCost>
                        </proc:CategorySubtotal>
                        <proc:Name>Base Maintenance and Support Equipment</proc:Name>
                    </proc:Support>
                    <proc:Support>
                        <proc:CostElementList>
                            <proc:CostElement>
                                <proc:Name>Other Government Charges</proc:Name>
                                <proc:Cost>
                                    <proc:TotalCost>
                                        <proc:PriorYear>0.005</proc:PriorYear>
                                        <proc:CurrentYear>0</proc:CurrentYear>
                                        <proc:BudgetYearOneBase>0.005</proc:BudgetYearOneBase>
                                        <proc:BudgetYearOne>0.005</proc:BudgetYearOne>
                                    </proc:TotalCost>
                                </proc:Cost>
                            </proc:CostElement>
                        </proc:CostElementList>
                        <proc:CategorySubtotal>
                            <proc:TotalCost>
                                <proc:PriorYear>0.005</proc:PriorYear>
                                <proc:CurrentYear>0</proc:CurrentYear>
                                <proc:BudgetYearOneBase>0.005</proc:BudgetYearOneBase>
                                <proc:BudgetYearOne>0.005</proc:BudgetYearOne>
                            </proc:TotalCost>
                        </proc:CategorySubtotal>
                        <proc:Name>MHU-110/141 PMA</proc:Name>
                    </proc:Support>
                    <proc:Support>
                        <proc:CostElementList>
                            <proc:CostElement>
                                <proc:Name>Other Government Charges</proc:Name>
                                <proc:Cost>
                                    <proc:TotalCost>
                                        <proc:PriorYear>1.325</proc:PriorYear>
                                        <proc:CurrentYear>0.01</proc:CurrentYear>
                                        <proc:BudgetYearOneBase>0.005</proc:BudgetYearOneBase>
                                        <proc:BudgetYearOne>0.005</proc:BudgetYearOne>
                                    </proc:TotalCost>
                                </proc:Cost>
                            </proc:CostElement>
                        </proc:CostElementList>
                        <proc:CategorySubtotal>
                            <proc:TotalCost>
                                <proc:PriorYear>1.325</proc:PriorYear>
                                <proc:CurrentYear>0.01</proc:CurrentYear>
                                <proc:BudgetYearOneBase>0.005</proc:BudgetYearOneBase>
                                <proc:BudgetYearOne>0.005</proc:BudgetYearOne>
                            </proc:TotalCost>
                        </proc:CategorySubtotal>
                        <proc:Name>Pallet &amp; Net PMA</proc:Name>
                    </proc:Support>
                </proc:CostElementCategoryList>
            </proc:P5Item>
        </proc:ItemExhibitList>
        <proc:DocumentAssemblyOptions>
            <proc:p40AItemScheduleSetting>expandItemSuppressExhibit</proc:p40AItemScheduleSetting>
        </proc:DocumentAssemblyOptions>
    </proc:LineItem>
</proc:LineItemList>