<?xml version="1.0" encoding="UTF-8"?>
<proc:LineItemList xmlns:proc="http://www.dtic.mil/comptroller/xml/schema/20100219/procurement">
    <proc:LineItem quantityUnits="Each" unitCostUnits="Millions" totalCostUnits="Millions" manufacturerRateUnits="Yearly">
        <proc:LineItemNumber>861900</proc:LineItemNumber>
        <proc:LineItemTitle>Spares And Repair Parts</proc:LineItemTitle>
        <proc:P1LineNumber>81</proc:P1LineNumber>
        <proc:BudgetYear>2026</proc:BudgetYear>
        <proc:BudgetCycle>PB</proc:BudgetCycle>
        <proc:SubmissionDate>2025-06</proc:SubmissionDate>
        <proc:ServiceAgencyName>Air Force</proc:ServiceAgencyName>
        <proc:AppropriationNumber>3080F</proc:AppropriationNumber>
        <proc:AppropriationTitle>Other Procurement, Air Force</proc:AppropriationTitle>
        <proc:BudgetActivityNumber>5</proc:BudgetActivityNumber>
        <proc:BudgetActivityTitle>Spares and Repair Parts</proc:BudgetActivityTitle>
        <proc:BudgetSubActivityNumber>1</proc:BudgetSubActivityNumber>
        <proc:BudgetSubActivityTitle>Spares And Repair Parts</proc:BudgetSubActivityTitle>
        <proc:ResourceSummary>
            <proc:TotalCost>
                <proc:AllPriorYears>0</proc:AllPriorYears>
                <proc:PriorYear>10.314</proc:PriorYear>
                <proc:CurrentYear>7.637</proc:CurrentYear>
                <proc:BudgetYearOneBase>20.33</proc:BudgetYearOneBase>
                <proc:BudgetYearOne>20.33</proc:BudgetYearOne>
            </proc:TotalCost>
            <proc:NetProcurementP1>
                <proc:AllPriorYears>0</proc:AllPriorYears>
                <proc:PriorYear>10.314</proc:PriorYear>
                <proc:CurrentYear>7.637</proc:CurrentYear>
                <proc:BudgetYearOneBase>20.33</proc:BudgetYearOneBase>
                <proc:BudgetYearOne>20.33</proc:BudgetYearOne>
            </proc:NetProcurementP1>
            <proc:TotalObligationAuthority>
                <proc:AllPriorYears>0</proc:AllPriorYears>
                <proc:PriorYear>10.314</proc:PriorYear>
                <proc:CurrentYear>7.637</proc:CurrentYear>
                <proc:BudgetYearOneBase>20.33</proc:BudgetYearOneBase>
                <proc:BudgetYearOne>20.33</proc:BudgetYearOne>
            </proc:TotalObligationAuthority>
        </proc:ResourceSummary>
        <proc:Description>Initial Spares consist of reparable components, assemblies, subassemblies, and consumable items required as initial stock (including readiness spares package requirements) in support of newly fielded vehicles, communications electronics and telecommunications equipment, and other base maintenance and support equipment items.  Requirements are determined by applying established factors against the acquisition cost of the end items.  The factors are based on historical data of similar equipment, employment/deployment concepts, production schedules, and other related information.

The following Programs have funding in this line:
Air Traffic Control and Landing Systems (ATCALS)
Combat Training Range Equipment
Deployable C3
Expeditionary Airfield Basing Assets
Information Systems Security Program (ISSP)
National Airspace System (NAS)
Wide Area Surveillance (WAS)</proc:Description>
        <proc:Justification>Fixed Base Instrument Landing System (FB-ILS) is a new start. 

ATCALS: FY 2026 funding (1.758 million) provides initial spares for the Man-Portable Tactical Air Navigation (TACAN) system (0.623 million), Air Traffic Navigation, Integration and Coordination System (ATNAVICS) (0.454 million), Fixed Base Navigational Aid Family of Systems (0.370 million), and FB-ILS (0.311 million). These systems replace legacy equipment that are beyond end of life and critical to aircraft safe aircraft landing during adverse weather conditions. Spares include but are not limited to single point failure components needed to insure sustained system operations in deployed environment. 

Combat Training Range Equipment: FY26 funds (12.955M) spare parts and equipment to support fielding of Joint Threat Emitters, Advanced Radar Threat Systems family of systems, and Modernization. Spares include, but not limited to replacement components, equipment, and parts.   

NAS: FY 2026 funding (0.748 million) provides initial spares for replacement Air Traffic Control (ATC) Voice Recorders (0.389 million) and Voice Switches (0.359 million). The new recorders replace end of life recorders which are no longer being supported by the original equipment manufacturer and the Voice Switch is beyond end-of-life. The ATC Voice Switch is essential for voice communications between air traffic controls and pilots and flight safety during take-off and landing.  ATC Voice recorders are required to document pilot/controller communications in event of emergencies/accidents.  

Deployable C3: FY26 funding (2.398M) is required to support initial spares for the Agile Communications Package (ACP).  These mission essential spare parts are unique and critical items required to be available for each individual fielding location and are procured utilizing this funding.

Expeditionary Airfield Basing Assets: FY26 Baseline (2.525M) funds mission readiness support kits for War Reserve Material (WRM) Unit Type Codes (UTC). These support kits include necessary components to ensure proper operation of equipment within UTC packages, which include but are not limited to, Power Production, Feeding, Water Production, Billeting, Maintenance Facilities, and HVAC. Also, mission essential spare parts are procured utilizing this funding.

Expeditionary Airfield Basing Assets: 
- Fiscal Year (FY) 2025 European Deterrence Initiative (EDI) funding accounted for in the Base budget total 1,066 and supports Expeditionary Airfield Basing Assets. Zero OOC funds included in base FY26 budget. 

- FY24 European Defense Initiative (EDI) OCO funds (.994M) mission readiness support kits for War Reserve Material (WRM) Unit Type Codes (UTC). These support kits include necessary components to ensure proper operation of equipment within UTC package. These UTC kits packages, but are not limited to, Power Production, Feeding, Water Production, Billeting, Maintenance Facilities, and HVAC. Also, mission essential spare parts are procured utilizing this funding.

Wide Area Surveillance (WAS): FY26 funding (0.000M) is no longer required for initial spares to support WAS Stateside Affordable Radar System (STARS) sites and Scorpion sites as the program has fulfilled its initial sparing posture.icsigation (i</proc:Justification>
        <proc:ItemExhibitList>
            <proc:P18Item>
                <proc:Name>Spares and Repair Parts</proc:Name>
                <proc:InitialSpares>
                    <proc:EndItemBudgetActivity>
                        <proc:BudgetActivityNumber>5</proc:BudgetActivityNumber>
                        <proc:BudgetActivityTitle>Spares and Repair Parts</proc:BudgetActivityTitle>
                        <proc:EndItemList>
                            <proc:EndItem>
                                <proc:Name>Air Traffic Control, Approach, and Landing System (ATCALS)</proc:Name>
                                <proc:LineItemNumber>861900</proc:LineItemNumber>
                                <proc:Cost>
                                    <proc:PriorYear>0.727</proc:PriorYear>
                                    <proc:CurrentYear>0.619</proc:CurrentYear>
                                    <proc:BudgetYearOneBase>1.758</proc:BudgetYearOneBase>
                                    <proc:BudgetYearOneOOC>0</proc:BudgetYearOneOOC>
                                    <proc:BudgetYearOne>1.758</proc:BudgetYearOne>
                                </proc:Cost>
                            </proc:EndItem>
                            <proc:EndItem>
                                <proc:Name>Combat Training Range Equipment</proc:Name>
                                <proc:LineItemNumber>861900</proc:LineItemNumber>
                                <proc:Cost>
                                    <proc:PriorYear>0.744</proc:PriorYear>
                                    <proc:CurrentYear>0.761</proc:CurrentYear>
                                    <proc:BudgetYearOneBase>12.916</proc:BudgetYearOneBase>
                                    <proc:BudgetYearOneOOC>0</proc:BudgetYearOneOOC>
                                    <proc:BudgetYearOne>12.916</proc:BudgetYearOne>
                                </proc:Cost>
                            </proc:EndItem>
                            <proc:EndItem>
                                <proc:Name>Deployable C3 Systems</proc:Name>
                                <proc:LineItemNumber>861900</proc:LineItemNumber>
                                <proc:Cost>
                                    <proc:PriorYear>2.293</proc:PriorYear>
                                    <proc:CurrentYear>2.342</proc:CurrentYear>
                                    <proc:BudgetYearOneBase>2.391</proc:BudgetYearOneBase>
                                    <proc:BudgetYearOneOOC>0</proc:BudgetYearOneOOC>
                                    <proc:BudgetYearOne>2.391</proc:BudgetYearOne>
                                </proc:Cost>
                            </proc:EndItem>
                            <proc:EndItem>
                                <proc:Name>Expeditionary Airfield Basing Assets</proc:Name>
                                <proc:LineItemNumber>861900</proc:LineItemNumber>
                                <proc:Cost>
                                    <proc:PriorYear>3.408</proc:PriorYear>
                                    <proc:CurrentYear>3.535</proc:CurrentYear>
                                    <proc:BudgetYearOneBase>2.517</proc:BudgetYearOneBase>
                                    <proc:BudgetYearOneOOC>0</proc:BudgetYearOneOOC>
                                    <proc:BudgetYearOne>2.517</proc:BudgetYearOne>
                                </proc:Cost>
                            </proc:EndItem>
                            <proc:EndItem>
                                <proc:Name>NATIONAL AIR SPACE SYSTEM (NAS) PLAN</proc:Name>
                                <proc:LineItemNumber>861900</proc:LineItemNumber>
                                <proc:Cost>
                                    <proc:CurrentYear>0.38</proc:CurrentYear>
                                    <proc:BudgetYearOneBase>0.748</proc:BudgetYearOneBase>
                                    <proc:BudgetYearOneOOC>0</proc:BudgetYearOneOOC>
                                    <proc:BudgetYearOne>0.748</proc:BudgetYearOne>
                                </proc:Cost>
                            </proc:EndItem>
                            <proc:EndItem>
                                <proc:Name>Wide Area Surveillance Spares</proc:Name>
                                <proc:LineItemNumber>861900</proc:LineItemNumber>
                                <proc:Cost>
                                    <proc:PriorYear>3.142</proc:PriorYear>
                                    <proc:BudgetYearOneBase>0</proc:BudgetYearOneBase>
                                    <proc:BudgetYearOneOOC>0</proc:BudgetYearOneOOC>
                                    <proc:BudgetYearOne>0</proc:BudgetYearOne>
                                </proc:Cost>
                            </proc:EndItem>
                        </proc:EndItemList>
                    </proc:EndItemBudgetActivity>
                    <proc:SubtotalSparesCost>
                        <proc:PriorYear>10.314</proc:PriorYear>
                        <proc:CurrentYear>7.637</proc:CurrentYear>
                        <proc:BudgetYearOneBase>20.33</proc:BudgetYearOneBase>
                        <proc:BudgetYearOneOOC>0</proc:BudgetYearOneOOC>
                        <proc:BudgetYearOne>20.33</proc:BudgetYearOne>
                    </proc:SubtotalSparesCost>
                </proc:InitialSpares>
                <proc:TotalSparesCost>
                    <proc:PriorYear>10.314</proc:PriorYear>
                    <proc:CurrentYear>7.637</proc:CurrentYear>
                    <proc:BudgetYearOneBase>20.33</proc:BudgetYearOneBase>
                    <proc:BudgetYearOneOOC>0</proc:BudgetYearOneOOC>
                    <proc:BudgetYearOne>20.33</proc:BudgetYearOne>
                </proc:TotalSparesCost>
            </proc:P18Item>
        </proc:ItemExhibitList>
        <proc:DocumentAssemblyOptions>
            <proc:p40AItemScheduleSetting>expandItemSuppressExhibit</proc:p40AItemScheduleSetting>
        </proc:DocumentAssemblyOptions>
    </proc:LineItem>
</proc:LineItemList>