<?xml version="1.0" encoding="UTF-8"?>
<proc:LineItemList xmlns:proc="http://www.dtic.mil/comptroller/xml/schema/20100219/procurement">
    <proc:LineItem quantityUnits="Each" unitCostUnits="Millions" totalCostUnits="Millions" manufacturerRateUnits="Yearly">
        <proc:LineItemNumber>826210</proc:LineItemNumber>
        <proc:LineItemTitle>Runway Snow Remov And Cleaning Equ</proc:LineItemTitle>
        <proc:P1LineNumber>11</proc:P1LineNumber>
        <proc:BudgetYear>2026</proc:BudgetYear>
        <proc:BudgetCycle>PB</proc:BudgetCycle>
        <proc:SubmissionDate>2025-06</proc:SubmissionDate>
        <proc:ServiceAgencyName>Air Force</proc:ServiceAgencyName>
        <proc:AppropriationNumber>3080F</proc:AppropriationNumber>
        <proc:AppropriationTitle>Other Procurement, Air Force</proc:AppropriationTitle>
        <proc:BudgetActivityNumber>2</proc:BudgetActivityNumber>
        <proc:BudgetActivityTitle>Vehicular Equipment</proc:BudgetActivityTitle>
        <proc:BudgetSubActivityNumber>6</proc:BudgetSubActivityNumber>
        <proc:BudgetSubActivityTitle>Base Maintenance Support</proc:BudgetSubActivityTitle>
        <proc:ResourceSummary>
            <proc:TotalCost>
                <proc:PriorYear>34.976</proc:PriorYear>
                <proc:CurrentYear>7.476</proc:CurrentYear>
                <proc:BudgetYearOneBase>11.045</proc:BudgetYearOneBase>
                <proc:BudgetYearOne>11.045</proc:BudgetYearOne>
            </proc:TotalCost>
            <proc:NetProcurementP1>
                <proc:PriorYear>34.976</proc:PriorYear>
                <proc:CurrentYear>7.476</proc:CurrentYear>
                <proc:BudgetYearOneBase>11.045</proc:BudgetYearOneBase>
                <proc:BudgetYearOne>11.045</proc:BudgetYearOne>
            </proc:NetProcurementP1>
            <proc:TotalObligationAuthority>
                <proc:PriorYear>34.976</proc:PriorYear>
                <proc:CurrentYear>7.476</proc:CurrentYear>
                <proc:BudgetYearOneBase>11.045</proc:BudgetYearOneBase>
                <proc:BudgetYearOne>11.045</proc:BudgetYearOne>
            </proc:TotalObligationAuthority>
        </proc:ResourceSummary>
        <proc:Code>A</proc:Code>
        <proc:SecondaryDistribution>
            <proc:ComponentList>
                <proc:Component>
                    <proc:Name>Air Force Active</proc:Name>
                    <proc:Cost>
                        <proc:Quantity>
                            <proc:PriorYear>43</proc:PriorYear>
                            <proc:CurrentYear>14</proc:CurrentYear>
                            <proc:BudgetYearOneBase>14</proc:BudgetYearOneBase>
                            <proc:BudgetYearOneOOC>0</proc:BudgetYearOneOOC>
                            <proc:BudgetYearOne>14</proc:BudgetYearOne>
                        </proc:Quantity>
                        <proc:TotalCost>
                            <proc:PriorYear>31.282</proc:PriorYear>
                            <proc:CurrentYear>6.165</proc:CurrentYear>
                            <proc:BudgetYearOneBase>7.501</proc:BudgetYearOneBase>
                            <proc:BudgetYearOneOOC>0</proc:BudgetYearOneOOC>
                            <proc:BudgetYearOne>7.501</proc:BudgetYearOne>
                        </proc:TotalCost>
                    </proc:Cost>
                </proc:Component>
                <proc:Component>
                    <proc:Name>Air National Guard</proc:Name>
                    <proc:Cost>
                        <proc:Quantity>
                            <proc:PriorYear>7</proc:PriorYear>
                            <proc:CurrentYear>1</proc:CurrentYear>
                            <proc:BudgetYearOneBase>3</proc:BudgetYearOneBase>
                            <proc:BudgetYearOneOOC>0</proc:BudgetYearOneOOC>
                            <proc:BudgetYearOne>3</proc:BudgetYearOne>
                        </proc:Quantity>
                        <proc:TotalCost>
                            <proc:PriorYear>1.842</proc:PriorYear>
                            <proc:CurrentYear>0.444</proc:CurrentYear>
                            <proc:BudgetYearOneBase>1.772</proc:BudgetYearOneBase>
                            <proc:BudgetYearOneOOC>0</proc:BudgetYearOneOOC>
                            <proc:BudgetYearOne>1.772</proc:BudgetYearOne>
                        </proc:TotalCost>
                    </proc:Cost>
                </proc:Component>
                <proc:Component>
                    <proc:Name>Air Force Reserve</proc:Name>
                    <proc:Cost>
                        <proc:Quantity>
                            <proc:PriorYear>5</proc:PriorYear>
                            <proc:CurrentYear>2</proc:CurrentYear>
                            <proc:BudgetYearOneBase>3</proc:BudgetYearOneBase>
                            <proc:BudgetYearOneOOC>0</proc:BudgetYearOneOOC>
                            <proc:BudgetYearOne>3</proc:BudgetYearOne>
                        </proc:Quantity>
                        <proc:TotalCost>
                            <proc:PriorYear>1.852</proc:PriorYear>
                            <proc:CurrentYear>0.867</proc:CurrentYear>
                            <proc:BudgetYearOneBase>1.772</proc:BudgetYearOneBase>
                            <proc:BudgetYearOneOOC>0</proc:BudgetYearOneOOC>
                            <proc:BudgetYearOne>1.772</proc:BudgetYearOne>
                        </proc:TotalCost>
                    </proc:Cost>
                </proc:Component>
            </proc:ComponentList>
            <proc:TotalCost>
                <proc:Quantity>
                    <proc:PriorYear>55</proc:PriorYear>
                    <proc:CurrentYear>17</proc:CurrentYear>
                    <proc:BudgetYearOneBase>20</proc:BudgetYearOneBase>
                    <proc:BudgetYearOneOOC>0</proc:BudgetYearOneOOC>
                    <proc:BudgetYearOne>20</proc:BudgetYearOne>
                </proc:Quantity>
                <proc:TotalCost>
                    <proc:PriorYear>34.976</proc:PriorYear>
                    <proc:CurrentYear>7.476</proc:CurrentYear>
                    <proc:BudgetYearOneBase>11.045</proc:BudgetYearOneBase>
                    <proc:BudgetYearOneOOC>0</proc:BudgetYearOneOOC>
                    <proc:BudgetYearOne>11.045</proc:BudgetYearOne>
                </proc:TotalCost>
            </proc:TotalCost>
        </proc:SecondaryDistribution>
        <proc:Description>This program procures snow removal vehicles and commercial sweepers used on all airfield surfaces to remove snow and help prevent foreign object damage (FOD) to aircraft engines and tires.  Snow removal equipment includes front mounted brooms, multi-purpose blowers, and plows.  These vehicles provide critical mission support to airfield operations because fighter aircraft cannot land or take off with ice on the runway.  Multi-purpose vacuum sweepers maintain airfields, roads, and grounds.  Vacuum sweepers provide equally important support at all air bases due to the high cost of FOD and the potential for loss in FOD-related engine accidents.

These assets are critical to the Air Force mission.  They are the primary equipment used for snow, ice, and debris removal from runways and taxiways year-round.  The vital functions of these vehicles prevent the closing of airfields due to debris and/or snow and ice buildup.

FIAR Compliance Statement:
- This requirement (or modification) supports performance of a full financial audit as required by title 10 U.S.C. Chapter 9A, Sec 240-D.

**Funding for this exhibit contained in PEs: 0208028F, 0502831F, 0507831F, 0702831F, and 0202834F.</proc:Description>
        <proc:Justification>- BASIS FOR FY 2026 BUDGET REQUEST: 

FFY2026 procurement dollars in the amount of 11.045M will procure, but not be limited to, 20 vehicles in support of installation and unit mission requirements for Air Force personnel.   

Quantities are based on current requirements provided by the 441 Vehicle Support Chain Operations Squadron (VSCOS) IAW the process outlined in AFI 24-302, Vehicle Management.  The requirements are generated from the priority buy model that is used to support the Planning, Programming, Budgeting and Execution (PPBE) process.  The model calculates vehicle requirements by fund year by BPAC using end of life projections based on depreciation and service life of the vehicle, cumulative sustainment cost and mission priority.    

Quantities reflected on the PDOCs show current requirements for each year supporting Active Duty, Air Force Reserve Center (AFRC), Air National Guard (ANG), Rapid Airfield Damage Repair (RADR), Regional Base Cluster Prepositioning Kits (RBCP) for PACOM, and other initiatives as they arise.

As the model applies the life expectancy/sustainment cost/mission priority logic in generating requirements, there can be gaps in individual vehicle type (NSN) requirements from year-to-year. 

Unit Cost is subject to change from year-to-year based on buy quantities, CONUS/OCONUS locations, inflation and additional requirements (options required by users).  Examples of options include, but are not limited to, specialized trailer towing packages, export (non-Ultra Low Sulfur Diesel) engines, and mission specific specialized attachments for construction vehicles.  

Unit cost is also subject to change based on fluctuations in contract pricing.

FY26 request was reduced by .010M for Advisory and Assistance Services to promote efficiencies and advance the policies of the Administration in alignment with Executive Order 14222, implementing the President's Department of Government Efficiency Cost Efficiency Initiatives.

Increase/Decrease narrative:
Recent quotes for snow removal equipment indicate unit cost increases compared to previous years. For instance, the cost of a Front Rotary Sweeper increased from 95,555.56 in FY23 to 107,022.80 in FY25, reflecting a 12.00% rise.  Similarly, one of the Air Force's largest snow removal assets (MLTPU 3000) rose from 650,000.00 in FY23 to 742,886.10 in FY25, marking a 14.29% increase. The 45K Reversible Snow Plow also saw a rise, from 586,884.00 in FY23 to 658,036.68 in FY25, resulting in a 12.12% increase. This pattern continues to be the case with a 27% rise in Snowplow Vehicles from FY25 to FY26. Contributing factors are not unlike other similar efforts within the Vehicle portfolio with economy and supply chain issues being the most common drivers. Snow removal equipment, although commercial-off-the-shelf, is also considered specialized equipment, with limited vendor sources/competition also contributing to higher unit costs.</proc:Justification>
        <proc:ItemExhibitList>
            <proc:P40AItemGroup>
                <proc:Name>Runway Snow Remov And Cleaning Equ</proc:Name>
                <proc:CategoryList>
                    <proc:Category>
                        <proc:Name>Uncategorized</proc:Name>
                        <proc:ItemList>
                            <proc:Item>
                                <proc:Name>Pacific Resilient Distributed Air Basing</proc:Name>
                                <proc:IdCode>A</proc:IdCode>
                                <proc:SecondaryDistribution>
                                    <proc:ComponentList>
                                        <proc:Component>
                                            <proc:Name>Air Force Active</proc:Name>
                                            <proc:Cost>
                                                <proc:Quantity>
                                                    <proc:PriorYear>1</proc:PriorYear>
                                                </proc:Quantity>
                                                <proc:TotalCost>
                                                    <proc:PriorYear>12.877</proc:PriorYear>
                                                </proc:TotalCost>
                                            </proc:Cost>
                                        </proc:Component>
                                    </proc:ComponentList>
                                </proc:SecondaryDistribution>
                                <proc:ResourceSummary>
                                    <proc:Quantity>
                                        <proc:PriorYear>1</proc:PriorYear>
                                    </proc:Quantity>
                                    <proc:TotalCost>
                                        <proc:PriorYear>12.877</proc:PriorYear>
                                    </proc:TotalCost>
                                    <proc:UnitCost>
                                        <proc:PriorYear>12.877</proc:PriorYear>
                                    </proc:UnitCost>
                                </proc:ResourceSummary>
                            </proc:Item>
                            <proc:Item>
                                <proc:Name>UKRAINE SUPPORT SUPPLEMENTAL</proc:Name>
                                <proc:IdCode>A</proc:IdCode>
                                <proc:ResourceSummary>
                                    <proc:TotalCost>
                                        <proc:AllPriorYears>0</proc:AllPriorYears>
                                    </proc:TotalCost>
                                </proc:ResourceSummary>
                            </proc:Item>
                            <proc:Item>
                                <proc:Name>CLEANER, VAC MULTIPURPOSE (2438)</proc:Name>
                                <proc:IdCode>A</proc:IdCode>
                                <proc:SecondaryDistribution>
                                    <proc:ComponentList>
                                        <proc:Component>
                                            <proc:Name>Air Force Active</proc:Name>
                                            <proc:Cost>
                                                <proc:Quantity>
                                                    <proc:PriorYear>9</proc:PriorYear>
                                                </proc:Quantity>
                                                <proc:TotalCost>
                                                    <proc:PriorYear>2.484</proc:PriorYear>
                                                </proc:TotalCost>
                                            </proc:Cost>
                                        </proc:Component>
                                        <proc:Component>
                                            <proc:Name>Air National Guard</proc:Name>
                                            <proc:Cost>
                                                <proc:Quantity>
                                                    <proc:PriorYear>2</proc:PriorYear>
                                                </proc:Quantity>
                                                <proc:TotalCost>
                                                    <proc:PriorYear>0.552</proc:PriorYear>
                                                </proc:TotalCost>
                                            </proc:Cost>
                                        </proc:Component>
                                        <proc:Component>
                                            <proc:Name>Air Force Reserve</proc:Name>
                                            <proc:Cost>
                                                <proc:Quantity>
                                                    <proc:PriorYear>2</proc:PriorYear>
                                                </proc:Quantity>
                                                <proc:TotalCost>
                                                    <proc:PriorYear>0.552</proc:PriorYear>
                                                </proc:TotalCost>
                                            </proc:Cost>
                                        </proc:Component>
                                    </proc:ComponentList>
                                </proc:SecondaryDistribution>
                                <proc:ResourceSummary>
                                    <proc:Quantity>
                                        <proc:PriorYear>13</proc:PriorYear>
                                    </proc:Quantity>
                                    <proc:TotalCost>
                                        <proc:PriorYear>3.588</proc:PriorYear>
                                    </proc:TotalCost>
                                    <proc:UnitCost>
                                        <proc:PriorYear>0.276</proc:PriorYear>
                                    </proc:UnitCost>
                                </proc:ResourceSummary>
                            </proc:Item>
                            <proc:Item>
                                <proc:Name>RUNWAY SWEEPERS</proc:Name>
                                <proc:IdCode>A</proc:IdCode>
                                <proc:SecondaryDistribution>
                                    <proc:ComponentList>
                                        <proc:Component>
                                            <proc:Name>Air Force Active</proc:Name>
                                            <proc:Cost>
                                                <proc:Quantity>
                                                    <proc:PriorYear>7</proc:PriorYear>
                                                    <proc:CurrentYear>1</proc:CurrentYear>
                                                </proc:Quantity>
                                                <proc:TotalCost>
                                                    <proc:PriorYear>1.54</proc:PriorYear>
                                                    <proc:CurrentYear>0.22</proc:CurrentYear>
                                                </proc:TotalCost>
                                            </proc:Cost>
                                        </proc:Component>
                                        <proc:Component>
                                            <proc:Name>Air National Guard</proc:Name>
                                            <proc:Cost>
                                                <proc:Quantity>
                                                    <proc:PriorYear>3</proc:PriorYear>
                                                </proc:Quantity>
                                                <proc:TotalCost>
                                                    <proc:PriorYear>0.66</proc:PriorYear>
                                                </proc:TotalCost>
                                            </proc:Cost>
                                        </proc:Component>
                                        <proc:Component>
                                            <proc:Name>Air Force Reserve</proc:Name>
                                            <proc:Cost>
                                                <proc:Quantity>
                                                    <proc:PriorYear>1</proc:PriorYear>
                                                    <proc:CurrentYear>1</proc:CurrentYear>
                                                </proc:Quantity>
                                                <proc:TotalCost>
                                                    <proc:PriorYear>0.22</proc:PriorYear>
                                                    <proc:CurrentYear>0.22</proc:CurrentYear>
                                                </proc:TotalCost>
                                            </proc:Cost>
                                        </proc:Component>
                                    </proc:ComponentList>
                                </proc:SecondaryDistribution>
                                <proc:ResourceSummary>
                                    <proc:Quantity>
                                        <proc:PriorYear>11</proc:PriorYear>
                                        <proc:CurrentYear>2</proc:CurrentYear>
                                    </proc:Quantity>
                                    <proc:TotalCost>
                                        <proc:PriorYear>2.42</proc:PriorYear>
                                        <proc:CurrentYear>0.44</proc:CurrentYear>
                                    </proc:TotalCost>
                                    <proc:UnitCost>
                                        <proc:PriorYear>0.22</proc:PriorYear>
                                        <proc:CurrentYear>0.22</proc:CurrentYear>
                                    </proc:UnitCost>
                                </proc:ResourceSummary>
                            </proc:Item>
                            <proc:Item>
                                <proc:Name>ROTARY SWEEPERS</proc:Name>
                                <proc:IdCode>A</proc:IdCode>
                                <proc:SecondaryDistribution>
                                    <proc:ComponentList>
                                        <proc:Component>
                                            <proc:Name>Air Force Active</proc:Name>
                                            <proc:Cost>
                                                <proc:Quantity>
                                                    <proc:PriorYear>3</proc:PriorYear>
                                                    <proc:CurrentYear>3</proc:CurrentYear>
                                                    <proc:BudgetYearOneBase>3</proc:BudgetYearOneBase>
                                                    <proc:BudgetYearOne>3</proc:BudgetYearOne>
                                                </proc:Quantity>
                                                <proc:TotalCost>
                                                    <proc:PriorYear>0.57</proc:PriorYear>
                                                    <proc:CurrentYear>0.57</proc:CurrentYear>
                                                    <proc:BudgetYearOneBase>0.585</proc:BudgetYearOneBase>
                                                    <proc:BudgetYearOne>0.585</proc:BudgetYearOne>
                                                </proc:TotalCost>
                                            </proc:Cost>
                                        </proc:Component>
                                        <proc:Component>
                                            <proc:Name>Air National Guard</proc:Name>
                                            <proc:Cost>
                                                <proc:Quantity>
                                                    <proc:PriorYear>1</proc:PriorYear>
                                                </proc:Quantity>
                                                <proc:TotalCost>
                                                    <proc:PriorYear>0.19</proc:PriorYear>
                                                </proc:TotalCost>
                                            </proc:Cost>
                                        </proc:Component>
                                    </proc:ComponentList>
                                </proc:SecondaryDistribution>
                                <proc:ResourceSummary>
                                    <proc:Quantity>
                                        <proc:PriorYear>4</proc:PriorYear>
                                        <proc:CurrentYear>3</proc:CurrentYear>
                                        <proc:BudgetYearOneBase>3</proc:BudgetYearOneBase>
                                        <proc:BudgetYearOne>3</proc:BudgetYearOne>
                                    </proc:Quantity>
                                    <proc:TotalCost>
                                        <proc:PriorYear>0.76</proc:PriorYear>
                                        <proc:CurrentYear>0.57</proc:CurrentYear>
                                        <proc:BudgetYearOneBase>0.585</proc:BudgetYearOneBase>
                                        <proc:BudgetYearOne>0.585</proc:BudgetYearOne>
                                    </proc:TotalCost>
                                    <proc:UnitCost>
                                        <proc:PriorYear>0.19</proc:PriorYear>
                                        <proc:CurrentYear>0.19</proc:CurrentYear>
                                        <proc:BudgetYearOneBase>0.195</proc:BudgetYearOneBase>
                                        <proc:BudgetYearOne>0.195</proc:BudgetYearOne>
                                    </proc:UnitCost>
                                </proc:ResourceSummary>
                            </proc:Item>
                            <proc:Item>
                                <proc:Name>SNOW REMOVAL VEHICLES</proc:Name>
                                <proc:IdCode>A</proc:IdCode>
                                <proc:SecondaryDistribution>
                                    <proc:ComponentList>
                                        <proc:Component>
                                            <proc:Name>Air Force Active</proc:Name>
                                            <proc:Cost>
                                                <proc:Quantity>
                                                    <proc:PriorYear>4</proc:PriorYear>
                                                    <proc:CurrentYear>1</proc:CurrentYear>
                                                    <proc:BudgetYearOneBase>2</proc:BudgetYearOneBase>
                                                    <proc:BudgetYearOne>2</proc:BudgetYearOne>
                                                </proc:Quantity>
                                                <proc:TotalCost>
                                                    <proc:PriorYear>2.56</proc:PriorYear>
                                                    <proc:CurrentYear>0.647</proc:CurrentYear>
                                                    <proc:BudgetYearOneBase>1.308</proc:BudgetYearOneBase>
                                                    <proc:BudgetYearOne>1.308</proc:BudgetYearOne>
                                                </proc:TotalCost>
                                            </proc:Cost>
                                        </proc:Component>
                                        <proc:Component>
                                            <proc:Name>Air National Guard</proc:Name>
                                            <proc:Cost>
                                                <proc:Quantity>
                                                    <proc:BudgetYearOneBase>1</proc:BudgetYearOneBase>
                                                    <proc:BudgetYearOne>1</proc:BudgetYearOne>
                                                </proc:Quantity>
                                                <proc:TotalCost>
                                                    <proc:BudgetYearOneBase>0.654</proc:BudgetYearOneBase>
                                                    <proc:BudgetYearOne>0.654</proc:BudgetYearOne>
                                                </proc:TotalCost>
                                            </proc:Cost>
                                        </proc:Component>
                                        <proc:Component>
                                            <proc:Name>Air Force Reserve</proc:Name>
                                            <proc:Cost>
                                                <proc:Quantity>
                                                    <proc:PriorYear>1</proc:PriorYear>
                                                    <proc:CurrentYear>1</proc:CurrentYear>
                                                    <proc:BudgetYearOneBase>1</proc:BudgetYearOneBase>
                                                    <proc:BudgetYearOne>1</proc:BudgetYearOne>
                                                </proc:Quantity>
                                                <proc:TotalCost>
                                                    <proc:PriorYear>0.64</proc:PriorYear>
                                                    <proc:CurrentYear>0.647</proc:CurrentYear>
                                                    <proc:BudgetYearOneBase>0.654</proc:BudgetYearOneBase>
                                                    <proc:BudgetYearOne>0.654</proc:BudgetYearOne>
                                                </proc:TotalCost>
                                            </proc:Cost>
                                        </proc:Component>
                                    </proc:ComponentList>
                                </proc:SecondaryDistribution>
                                <proc:ResourceSummary>
                                    <proc:Quantity>
                                        <proc:PriorYear>5</proc:PriorYear>
                                        <proc:CurrentYear>2</proc:CurrentYear>
                                        <proc:BudgetYearOneBase>4</proc:BudgetYearOneBase>
                                        <proc:BudgetYearOne>4</proc:BudgetYearOne>
                                    </proc:Quantity>
                                    <proc:TotalCost>
                                        <proc:PriorYear>3.2</proc:PriorYear>
                                        <proc:CurrentYear>1.294</proc:CurrentYear>
                                        <proc:BudgetYearOneBase>2.616</proc:BudgetYearOneBase>
                                        <proc:BudgetYearOne>2.616</proc:BudgetYearOne>
                                    </proc:TotalCost>
                                    <proc:UnitCost>
                                        <proc:PriorYear>0.64</proc:PriorYear>
                                        <proc:CurrentYear>0.647</proc:CurrentYear>
                                        <proc:BudgetYearOneBase>0.654</proc:BudgetYearOneBase>
                                        <proc:BudgetYearOne>0.654</proc:BudgetYearOne>
                                    </proc:UnitCost>
                                </proc:ResourceSummary>
                            </proc:Item>
                            <proc:Item>
                                <proc:Name>SNOW PLOW VEHICLES</proc:Name>
                                <proc:IdCode>A</proc:IdCode>
                                <proc:SecondaryDistribution>
                                    <proc:ComponentList>
                                        <proc:Component>
                                            <proc:Name>Air Force Active</proc:Name>
                                            <proc:Cost>
                                                <proc:Quantity>
                                                    <proc:PriorYear>7</proc:PriorYear>
                                                    <proc:CurrentYear>6</proc:CurrentYear>
                                                    <proc:BudgetYearOneBase>5</proc:BudgetYearOneBase>
                                                    <proc:BudgetYearOne>5</proc:BudgetYearOne>
                                                </proc:Quantity>
                                                <proc:TotalCost>
                                                    <proc:PriorYear>3.08</proc:PriorYear>
                                                    <proc:CurrentYear>2.664</proc:CurrentYear>
                                                    <proc:BudgetYearOneBase>2.795</proc:BudgetYearOneBase>
                                                    <proc:BudgetYearOne>2.795</proc:BudgetYearOne>
                                                </proc:TotalCost>
                                            </proc:Cost>
                                        </proc:Component>
                                        <proc:Component>
                                            <proc:Name>Air National Guard</proc:Name>
                                            <proc:Cost>
                                                <proc:Quantity>
                                                    <proc:PriorYear>1</proc:PriorYear>
                                                    <proc:CurrentYear>1</proc:CurrentYear>
                                                    <proc:BudgetYearOneBase>2</proc:BudgetYearOneBase>
                                                    <proc:BudgetYearOne>2</proc:BudgetYearOne>
                                                </proc:Quantity>
                                                <proc:TotalCost>
                                                    <proc:PriorYear>0.44</proc:PriorYear>
                                                    <proc:CurrentYear>0.444</proc:CurrentYear>
                                                    <proc:BudgetYearOneBase>1.118</proc:BudgetYearOneBase>
                                                    <proc:BudgetYearOne>1.118</proc:BudgetYearOne>
                                                </proc:TotalCost>
                                            </proc:Cost>
                                        </proc:Component>
                                        <proc:Component>
                                            <proc:Name>Air Force Reserve</proc:Name>
                                            <proc:Cost>
                                                <proc:Quantity>
                                                    <proc:PriorYear>1</proc:PriorYear>
                                                    <proc:BudgetYearOneBase>2</proc:BudgetYearOneBase>
                                                    <proc:BudgetYearOne>2</proc:BudgetYearOne>
                                                </proc:Quantity>
                                                <proc:TotalCost>
                                                    <proc:PriorYear>0.44</proc:PriorYear>
                                                    <proc:BudgetYearOneBase>1.118</proc:BudgetYearOneBase>
                                                    <proc:BudgetYearOne>1.118</proc:BudgetYearOne>
                                                </proc:TotalCost>
                                            </proc:Cost>
                                        </proc:Component>
                                    </proc:ComponentList>
                                </proc:SecondaryDistribution>
                                <proc:ResourceSummary>
                                    <proc:Quantity>
                                        <proc:PriorYear>9</proc:PriorYear>
                                        <proc:CurrentYear>7</proc:CurrentYear>
                                        <proc:BudgetYearOneBase>9</proc:BudgetYearOneBase>
                                        <proc:BudgetYearOne>9</proc:BudgetYearOne>
                                    </proc:Quantity>
                                    <proc:TotalCost>
                                        <proc:PriorYear>3.96</proc:PriorYear>
                                        <proc:CurrentYear>3.108</proc:CurrentYear>
                                        <proc:BudgetYearOneBase>5.031</proc:BudgetYearOneBase>
                                        <proc:BudgetYearOne>5.031</proc:BudgetYearOne>
                                    </proc:TotalCost>
                                    <proc:UnitCost>
                                        <proc:PriorYear>0.44</proc:PriorYear>
                                        <proc:CurrentYear>0.444</proc:CurrentYear>
                                        <proc:BudgetYearOneBase>0.559</proc:BudgetYearOneBase>
                                        <proc:BudgetYearOne>0.559</proc:BudgetYearOne>
                                    </proc:UnitCost>
                                </proc:ResourceSummary>
                            </proc:Item>
                            <proc:Item>
                                <proc:Name>SNOW BROOM &amp; BLOWER VEHICLES</proc:Name>
                                <proc:IdCode>A</proc:IdCode>
                                <proc:SecondaryDistribution>
                                    <proc:ComponentList>
                                        <proc:Component>
                                            <proc:Name>Air Force Active</proc:Name>
                                            <proc:Cost>
                                                <proc:Quantity>
                                                    <proc:PriorYear>12</proc:PriorYear>
                                                    <proc:CurrentYear>3</proc:CurrentYear>
                                                    <proc:BudgetYearOneBase>4</proc:BudgetYearOneBase>
                                                    <proc:BudgetYearOne>4</proc:BudgetYearOne>
                                                </proc:Quantity>
                                                <proc:TotalCost>
                                                    <proc:PriorYear>8.148</proc:PriorYear>
                                                    <proc:CurrentYear>2.064</proc:CurrentYear>
                                                    <proc:BudgetYearOneBase>2.792</proc:BudgetYearOneBase>
                                                    <proc:BudgetYearOne>2.792</proc:BudgetYearOne>
                                                </proc:TotalCost>
                                            </proc:Cost>
                                        </proc:Component>
                                    </proc:ComponentList>
                                </proc:SecondaryDistribution>
                                <proc:ResourceSummary>
                                    <proc:Quantity>
                                        <proc:PriorYear>12</proc:PriorYear>
                                        <proc:CurrentYear>3</proc:CurrentYear>
                                        <proc:BudgetYearOneBase>4</proc:BudgetYearOneBase>
                                        <proc:BudgetYearOne>4</proc:BudgetYearOne>
                                    </proc:Quantity>
                                    <proc:TotalCost>
                                        <proc:PriorYear>8.148</proc:PriorYear>
                                        <proc:CurrentYear>2.064</proc:CurrentYear>
                                        <proc:BudgetYearOneBase>2.792</proc:BudgetYearOneBase>
                                        <proc:BudgetYearOne>2.792</proc:BudgetYearOne>
                                    </proc:TotalCost>
                                    <proc:UnitCost>
                                        <proc:PriorYear>0.679</proc:PriorYear>
                                        <proc:CurrentYear>0.688</proc:CurrentYear>
                                        <proc:BudgetYearOneBase>0.698</proc:BudgetYearOneBase>
                                        <proc:BudgetYearOne>0.698</proc:BudgetYearOne>
                                    </proc:UnitCost>
                                </proc:ResourceSummary>
                            </proc:Item>
                            <proc:Item>
                                <proc:Name>45K REVERSIBLE PLOW (1944)</proc:Name>
                                <proc:IdCode>A</proc:IdCode>
                                <proc:SecondaryDistribution>
                                    <proc:ComponentList>
                                        <proc:Component>
                                            <proc:Name>Air Force Active</proc:Name>
                                            <proc:Cost>
                                                <proc:TotalCost>
                                                    <proc:CurrentYear>0</proc:CurrentYear>
                                                </proc:TotalCost>
                                            </proc:Cost>
                                        </proc:Component>
                                    </proc:ComponentList>
                                </proc:SecondaryDistribution>
                                <proc:ResourceSummary>
                                    <proc:TotalCost>
                                        <proc:AllPriorYears>0</proc:AllPriorYears>
                                    </proc:TotalCost>
                                </proc:ResourceSummary>
                            </proc:Item>
                            <proc:Item>
                                <proc:Name>PMA OTHER GOVERNMENT COSTS</proc:Name>
                                <proc:IdCode>A</proc:IdCode>
                                <proc:SecondaryDistribution>
                                    <proc:ComponentList>
                                        <proc:Component>
                                            <proc:Name>Air Force Active</proc:Name>
                                            <proc:Cost>
                                                <proc:TotalCost>
                                                    <proc:PriorYear>0.023</proc:PriorYear>
                                                    <proc:BudgetYearOneBase>0.021</proc:BudgetYearOneBase>
                                                    <proc:BudgetYearOne>0.021</proc:BudgetYearOne>
                                                </proc:TotalCost>
                                            </proc:Cost>
                                        </proc:Component>
                                    </proc:ComponentList>
                                </proc:SecondaryDistribution>
                                <proc:ResourceSummary>
                                    <proc:TotalCost>
                                        <proc:PriorYear>0.023</proc:PriorYear>
                                        <proc:BudgetYearOneBase>0.021</proc:BudgetYearOneBase>
                                        <proc:BudgetYearOne>0.021</proc:BudgetYearOne>
                                    </proc:TotalCost>
                                </proc:ResourceSummary>
                            </proc:Item>
                        </proc:ItemList>
                        <proc:CategorySubtotal>
                            <proc:TotalCost>
                                <proc:PriorYear>34.976</proc:PriorYear>
                                <proc:CurrentYear>7.476</proc:CurrentYear>
                                <proc:BudgetYearOneBase>11.045</proc:BudgetYearOneBase>
                                <proc:BudgetYearOne>11.045</proc:BudgetYearOne>
                            </proc:TotalCost>
                        </proc:CategorySubtotal>
                    </proc:Category>
                </proc:CategoryList>
                <proc:Remarks>The AF has decided to change the way vehicle procurement is reported due to the large amount of NSNs and sub-NSNs within the vehicle program.  Prior to FY2024, the AF reported vehicle procurement by National Stock Numbers.  Each stock number provided projected procurement quantities provided by the 441st Vehicle Support Chain Operations Squadron (VSCOS).  Starting in FY2024 and the out years, the AF has created Vehicle-Type Categories in order to better explain/understand vehicle procurement reporting. The Vehicle-Type Categories contain vehicles that are similar in type and cost.  Because vehicle requirements consistently change during the year of execution, using this type of reporting ensures quantity adjustments are reported accurately and better explained/understood.  Detailed vehicle data on actual vehicle purchases can be obtained through the CARS 2.0 data system maintained and controlled by the 441st VSCOS and is available upon request.

Based on AF Mission changes and/or AF Mission priorities, NSNs and/or quantities may change during year of execution.

PMA OTHER GOVERNMENT COSTS: This line supports the operation of the program office in its management and oversight role via travel, procurement of supplies and studies.

UNIT COSTS FOR FY2026 ARE SUBJECT TO CHANGE.

Recent quotes for snow removal equipment indicate unit cost increases compared to previous years. For instance, the cost of a Front Rotary Sweeper increased from $95,555.56 in FY23 to $107,022.80 in FY25, reflecting a 12.00% rise.  Similarly, one of the Air Force's largest snow removal assets (MLTPU 3000) rose from $650,000.00 in FY23 to $742,886.10 in FY25, marking a 14.29% increase. The 45K Reversible Snow Plow also saw a rise, from $586,884.00 in FY23 to $658,036.68 in FY25, resulting in a 12.12% increase. This pattern continues to be the case with a 27% rise in Snowplow Vehicles from FY25 to FY26. Contributing factors are not unlike other similar efforts within the Vehicle portfolio with economy and supply chain issues being the most common drivers. Snow removal equipment, although commercial-off-the-shelf, is also considered specialized equipment, with limited vendor sources/competition also contributing to higher unit costs.</proc:Remarks>
                <proc:TotalCost>
                    <proc:TotalCost>
                        <proc:PriorYear>34.976</proc:PriorYear>
                        <proc:CurrentYear>7.476</proc:CurrentYear>
                        <proc:BudgetYearOneBase>11.045</proc:BudgetYearOneBase>
                        <proc:BudgetYearOne>11.045</proc:BudgetYearOne>
                    </proc:TotalCost>
                </proc:TotalCost>
            </proc:P40AItemGroup>
        </proc:ItemExhibitList>
        <proc:DocumentAssemblyOptions>
            <proc:p40AItemScheduleSetting>total</proc:p40AItemScheduleSetting>
        </proc:DocumentAssemblyOptions>
    </proc:LineItem>
</proc:LineItemList>