<?xml version="1.0" encoding="UTF-8"?>
<proc:LineItemList xmlns:proc="http://www.dtic.mil/comptroller/xml/schema/20100219/procurement">
    <proc:LineItem quantityUnits="Each" unitCostUnits="Millions" totalCostUnits="Millions" manufacturerRateUnits="Yearly">
        <proc:LineItemNumber>824010</proc:LineItemNumber>
        <proc:LineItemTitle>Fire Fighting/Crash Rescue Vehicles</proc:LineItemTitle>
        <proc:P1LineNumber>9</proc:P1LineNumber>
        <proc:BudgetYear>2026</proc:BudgetYear>
        <proc:BudgetCycle>PB</proc:BudgetCycle>
        <proc:SubmissionDate>2025-06</proc:SubmissionDate>
        <proc:ServiceAgencyName>Air Force</proc:ServiceAgencyName>
        <proc:AppropriationNumber>3080F</proc:AppropriationNumber>
        <proc:AppropriationTitle>Other Procurement, Air Force</proc:AppropriationTitle>
        <proc:BudgetActivityNumber>2</proc:BudgetActivityNumber>
        <proc:BudgetActivityTitle>Vehicular Equipment</proc:BudgetActivityTitle>
        <proc:BudgetSubActivityNumber>4</proc:BudgetSubActivityNumber>
        <proc:BudgetSubActivityTitle>Fire Fighting Equipment</proc:BudgetSubActivityTitle>
        <proc:ResourceSummary>
            <proc:TotalCost>
                <proc:PriorYear>63.67</proc:PriorYear>
                <proc:CurrentYear>57.234</proc:CurrentYear>
                <proc:BudgetYearOneBase>58.416</proc:BudgetYearOneBase>
                <proc:BudgetYearOne>58.416</proc:BudgetYearOne>
            </proc:TotalCost>
            <proc:NetProcurementP1>
                <proc:PriorYear>63.67</proc:PriorYear>
                <proc:CurrentYear>57.234</proc:CurrentYear>
                <proc:BudgetYearOneBase>58.416</proc:BudgetYearOneBase>
                <proc:BudgetYearOne>58.416</proc:BudgetYearOne>
            </proc:NetProcurementP1>
            <proc:TotalObligationAuthority>
                <proc:PriorYear>63.67</proc:PriorYear>
                <proc:CurrentYear>57.234</proc:CurrentYear>
                <proc:BudgetYearOneBase>58.416</proc:BudgetYearOneBase>
                <proc:BudgetYearOne>58.416</proc:BudgetYearOne>
            </proc:TotalObligationAuthority>
        </proc:ResourceSummary>
        <proc:Code>A</proc:Code>
        <proc:OtherRelatedProgramElementList>
            <proc:ProgramElementNumber>0202834F</proc:ProgramElementNumber>
            <proc:ProgramElementNumber>0901279F</proc:ProgramElementNumber>
        </proc:OtherRelatedProgramElementList>
        <proc:Description>This P-1 line procures a variety of critical fire fighting and crash rescue vehicles.  Vehicles typically include, but are not limited to, the following:

-- The P-19 Crash Truck is an Air Rescue and Fire Fighting (ARFF) vehicle that is a first response vehicle on the scene of an aircraft fire emergency.  It equips bases with the capability to rapidly extinguish aircraft fires.  This truck is a mandatory flight line operations safety requirement and is essential at bases with a flying mission. The P-19 also provides fire fighting capability for Air National Guard and Air Force Reserve installations located at municipal airports.  An installation's P-19 requirement is determined by the type of aircraft frequenting the aerial facility and the resulting gallons per minute of fire fighting agent required.  This vehicle provides aircrew, passenger, weapons, and airframe fire protection at a crash site.

-- The P-21 Aerial Lift Truck is a fire fighting vehicle with a 105 foot aerial ladder.  It provides improved agent delivery over older model vehicles, as well as the capability to provide elevated delivery of agent involving high rise buildings and warehouse facilities.

-- The P-22 4x2 and P-24 4x4 Pumper Trucks are designed primarily to fight structural fires.  The trucks have a 750-gallon water tank and a 50-gallon Aqueous FilmFoam class "A" foam tank and are capable of applying 1250 gallons per minute. P-24 is built on a rugged 4x4 chassis that equips forces with limited off-road/rugged terrain capability.  The P-22 4x2 Pumper Truck has the same fire fighting capability as the P-24, but is used in urban areas.

-- The P-23 Crash Truck is a larger version of the P-19 ARFF truck and has a larger fire suppression capacity.  It is primarily assigned at transport, bomber, depot, and cargo aircraft bases.

-- The P-26 Water Tanker Truck is a 4000-gallon resupply truck used to support the ARFF vehicles, fight wild land fires, and provide mutual assistance to communities. 

-- The P-29 Wild Land Firefighting Truck is a four-person crew cab truck which contains a modular agent and pump and roll delivery system as well as firefighting tools and equipment.  This truck is outfitted with a Compressed Air Foam System (CAFS) and has a 500 gallon water tank.  The truck is intended to combat wild land and brush type fires.

-- The P-30 is a Medium Rescue Vehicle.  It is designed to bring equipment, lighting, a winch, and a generator to the scene of a rescue event.  This vehicle has 450 cubic feet of storage space and affords easy equipment access and improved storage compartments.  This truck is assigned to the larger industrial bases.

-- The P-31 Hazardous Material Vehicle is a dual purpose vehicle that stows and transports hazardous material response equipment for the purpose of mitigating chemical leaks, spills, and releases.  This vehicle also provides an incident command workstation area for the purpose of research, command, control, and communications during containment/cleanup operations. 

-- The P-33 Quint Truck is a fire fighting truck with a 75 foot aerial ladder.  It provides improved agent delivery over older models as well as the capability to provide elevated delivery  of agent involving high rise and warehouse facilities.  

-- The P-34 is a first response Air Rescue and Fire Fighting (ARFF) vehicle which equips forces with initial "knock down" capability.  The P-34 is the first fire truck to employ Ultra High Pressure (UHP) technology which allows the vehicle to discharge a mixture of water and foam at 1350 psi.  This UHP technology makes the vehicle three times more effective than a conventional ARFF truck.  The truck has a 400 gallon water tank and a 50 gallon foam tank along with a bumper turret and 200 feet of hand line all mounted on an F-550 chassis.

-- The Rapid Intervention Vehicle (RIV) is a first response aircraft fire truck; it is the newest addition to the Air Force's fleet of crash response vehicles.  The RIV is the first vehicle in the AF to use new Ultra High Pressure (UHP) fire fighting technology which makes this truck 3 to 3.5 times more efficient at knock-down than conventional ARFF vehicles.  This feature increases the length of time the vehicle can remain on the scene without having to be resupplied.  Perched on an F550 chassis, the RIV is equipped with  a 4-wheel drive train; it provides seating for four, equips fire fighters with limited storage for rescue equipment; has a bumper turret, a 200 ft hand line and a winch.  Because of its size, speed and agility this truck can get to a crash scene quickly and perform fire fighting operations until the larger trucks can arrive at the scene.   

These vehicles are all built to meet the performance standards of the National Fire Protection Association (NFPA), Occupational Safety and Health Administration (OSHA), Federal Aviation Administration (FAA), and Air Force safety regulations. 

Some vehicles in this exhibit are procured with European Defense Initiative funding.

"This requirement [or modification] supports performance of a full financial audit as required by title 10 U.S.C. Chapter 9A, Sec 240-D "Audits: audit of financial statements of Department of Defense components by independent external auditors.  

In accordance with Section 1815 of the FY2008 National Defense Authorization Act (P.L. 110-181), this item is necessary for use by the active and reserve components of the Armed Forces for homeland defense missions, domestic emergency responses, and providing military support to civil authorities.

Funding for this exhibit contained in PE 0702831F, 0901279F.</proc:Description>
        <proc:Justification>FY26 procurement dollars in the amount of 58.416M will procure, but not be limited to, 64 vehicles in support of installation and unit mission requirements for Air Force personnel.


Quantities are based on current requirements provided by the 441 Vehicle Support Chain Operations Squadron (VSCOS) IAW the process outlined in AFI 24-302, Vehicle Management.  The requirements are generated from the priority buy model that is used to support the Planning, Programming, Budgeting and Execution (PPBE) process.  The model calculates vehicle requirements by fund year by BPAC using end of life projections based on depreciation and service life of the vehicle, cumulative sustainment cost and mission priority.    

Quantities reflected on the PDOCs show current requirements for each year supporting Active Duty, Air Force Reserve Center (AFRC), Air National Guard (ANG), Rapid Airfield Damage Repair (RADR), Regional Base Cluster Prepositioning Kits (RBCP) for PACOM, and other initiatives as they arise.

As the model applies the life expectancy/sustainment cost/mission priority logic in generating requirements, there can be gaps in individual vehicle type (NSN) requirements from year-to-year.
  
Unit Cost is subject to change from year-to-year based on buy quantities, CONUS/OCONUS locations, inflation and additional requirements (options required by users).  Examples of options include, but are not limited to, export engine (non-Ultra Low Sulfur Diesel), Winterization packages, Tire Chains, Pump (Side or Top), Hose bed (Crosslay or Deadlay), Altitude, Platform Height, Extended Bumper, Air Foam, Cascade Air, and Turret.

Increases in supply costs due to vendor year to year increases will play a role in future unit cost increases. In particular Air Transportable P-19C, with the highest price point in the portfolio has only one certified vendor (ATTLA) on contract. Between FY24 and FY25 the price for this vehicle has gone from 1.082M to 1.090M a unit. Other contributing factors include COVID pandemic related disruptions, supply chain issues and rising fuel costs. These factors also play a role in a reduction of viable competitors in marketplace which also drives up cost.</proc:Justification>
        <proc:ItemExhibitList>
            <proc:P40AItemGroup>
                <proc:Name>Fire Fighting/Crash Rescue Vehicles</proc:Name>
                <proc:CategoryList>
                    <proc:Category>
                        <proc:Name>Uncategorized</proc:Name>
                        <proc:ItemList>
                            <proc:Item>
                                <proc:Name>Pacific Resilient Distributed Air Basing</proc:Name>
                                <proc:IdCode>A</proc:IdCode>
                                <proc:ResourceSummary>
                                    <proc:Quantity>
                                        <proc:PriorYear>1</proc:PriorYear>
                                    </proc:Quantity>
                                    <proc:TotalCost>
                                        <proc:PriorYear>13.426</proc:PriorYear>
                                        <proc:CurrentYear>0</proc:CurrentYear>
                                    </proc:TotalCost>
                                    <proc:UnitCost>
                                        <proc:PriorYear>13.426</proc:PriorYear>
                                    </proc:UnitCost>
                                </proc:ResourceSummary>
                            </proc:Item>
                            <proc:Item>
                                <proc:Name>FFGT CRASH RESCUE ULTRA HIGH PRESSURE</proc:Name>
                                <proc:IdCode>A</proc:IdCode>
                                <proc:ResourceSummary>
                                    <proc:Quantity>
                                        <proc:PriorYear>32</proc:PriorYear>
                                        <proc:CurrentYear>32</proc:CurrentYear>
                                        <proc:BudgetYearOneBase>37</proc:BudgetYearOneBase>
                                        <proc:BudgetYearOne>37</proc:BudgetYearOne>
                                    </proc:Quantity>
                                    <proc:TotalCost>
                                        <proc:PriorYear>24</proc:PriorYear>
                                        <proc:CurrentYear>31.744</proc:CurrentYear>
                                        <proc:BudgetYearOneBase>36.741</proc:BudgetYearOneBase>
                                        <proc:BudgetYearOne>36.741</proc:BudgetYearOne>
                                    </proc:TotalCost>
                                    <proc:UnitCost>
                                        <proc:PriorYear>0.75</proc:PriorYear>
                                        <proc:CurrentYear>0.992</proc:CurrentYear>
                                        <proc:BudgetYearOneBase>0.993</proc:BudgetYearOneBase>
                                        <proc:BudgetYearOne>0.993</proc:BudgetYearOne>
                                    </proc:UnitCost>
                                </proc:ResourceSummary>
                            </proc:Item>
                            <proc:Item>
                                <proc:Name>FFGT CRASH RESCUE HIGH REACH EXTENDABLE TURRET</proc:Name>
                                <proc:IdCode>A</proc:IdCode>
                                <proc:ResourceSummary>
                                    <proc:Quantity>
                                        <proc:PriorYear>6</proc:PriorYear>
                                        <proc:CurrentYear>3</proc:CurrentYear>
                                        <proc:BudgetYearOneBase>3</proc:BudgetYearOneBase>
                                        <proc:BudgetYearOne>3</proc:BudgetYearOne>
                                    </proc:Quantity>
                                    <proc:TotalCost>
                                        <proc:PriorYear>4.956</proc:PriorYear>
                                        <proc:CurrentYear>3.591</proc:CurrentYear>
                                        <proc:BudgetYearOneBase>3.645</proc:BudgetYearOneBase>
                                        <proc:BudgetYearOne>3.645</proc:BudgetYearOne>
                                    </proc:TotalCost>
                                    <proc:UnitCost>
                                        <proc:PriorYear>0.826</proc:PriorYear>
                                        <proc:CurrentYear>1.197</proc:CurrentYear>
                                        <proc:BudgetYearOneBase>1.215</proc:BudgetYearOneBase>
                                        <proc:BudgetYearOne>1.215</proc:BudgetYearOne>
                                    </proc:UnitCost>
                                </proc:ResourceSummary>
                            </proc:Item>
                            <proc:Item>
                                <proc:Name>FFGT QUINT</proc:Name>
                                <proc:IdCode>A</proc:IdCode>
                                <proc:ResourceSummary>
                                    <proc:Quantity>
                                        <proc:PriorYear>5</proc:PriorYear>
                                        <proc:CurrentYear>1</proc:CurrentYear>
                                        <proc:BudgetYearOneBase>5</proc:BudgetYearOneBase>
                                        <proc:BudgetYearOne>5</proc:BudgetYearOne>
                                    </proc:Quantity>
                                    <proc:TotalCost>
                                        <proc:PriorYear>3.985</proc:PriorYear>
                                        <proc:CurrentYear>1.071</proc:CurrentYear>
                                        <proc:BudgetYearOneBase>5.365</proc:BudgetYearOneBase>
                                        <proc:BudgetYearOne>5.365</proc:BudgetYearOne>
                                    </proc:TotalCost>
                                    <proc:UnitCost>
                                        <proc:PriorYear>0.797</proc:PriorYear>
                                        <proc:CurrentYear>1.071</proc:CurrentYear>
                                        <proc:BudgetYearOneBase>1.073</proc:BudgetYearOneBase>
                                        <proc:BudgetYearOne>1.073</proc:BudgetYearOne>
                                    </proc:UnitCost>
                                </proc:ResourceSummary>
                            </proc:Item>
                            <proc:Item>
                                <proc:Name>FFGT RAPID INTERVENTION VEHICLE</proc:Name>
                                <proc:IdCode>A</proc:IdCode>
                                <proc:ResourceSummary>
                                    <proc:Quantity>
                                        <proc:PriorYear>8</proc:PriorYear>
                                    </proc:Quantity>
                                    <proc:TotalCost>
                                        <proc:PriorYear>3</proc:PriorYear>
                                    </proc:TotalCost>
                                    <proc:UnitCost>
                                        <proc:PriorYear>0.375</proc:PriorYear>
                                    </proc:UnitCost>
                                </proc:ResourceSummary>
                            </proc:Item>
                            <proc:Item>
                                <proc:Name>FFGT HAZARDOUS MATERIAL</proc:Name>
                                <proc:IdCode>A</proc:IdCode>
                                <proc:ResourceSummary>
                                    <proc:Quantity>
                                        <proc:PriorYear>4</proc:PriorYear>
                                    </proc:Quantity>
                                    <proc:TotalCost>
                                        <proc:PriorYear>1.912</proc:PriorYear>
                                        <proc:CurrentYear>0</proc:CurrentYear>
                                    </proc:TotalCost>
                                    <proc:UnitCost>
                                        <proc:PriorYear>0.478</proc:PriorYear>
                                    </proc:UnitCost>
                                </proc:ResourceSummary>
                            </proc:Item>
                            <proc:Item>
                                <proc:Name>FFGT HIGH REACH (AERIALS)</proc:Name>
                                <proc:IdCode>A</proc:IdCode>
                                <proc:ResourceSummary>
                                    <proc:Quantity>
                                        <proc:PriorYear>6</proc:PriorYear>
                                    </proc:Quantity>
                                    <proc:TotalCost>
                                        <proc:PriorYear>5.732</proc:PriorYear>
                                        <proc:CurrentYear>0</proc:CurrentYear>
                                    </proc:TotalCost>
                                    <proc:UnitCost>
                                        <proc:PriorYear>0.955</proc:PriorYear>
                                    </proc:UnitCost>
                                </proc:ResourceSummary>
                            </proc:Item>
                            <proc:Item>
                                <proc:Name>FFGT MEDIUM RESCUE</proc:Name>
                                <proc:IdCode>A</proc:IdCode>
                                <proc:ResourceSummary>
                                    <proc:Quantity>
                                        <proc:PriorYear>2</proc:PriorYear>
                                    </proc:Quantity>
                                    <proc:TotalCost>
                                        <proc:PriorYear>0.63</proc:PriorYear>
                                    </proc:TotalCost>
                                    <proc:UnitCost>
                                        <proc:PriorYear>0.315</proc:PriorYear>
                                    </proc:UnitCost>
                                </proc:ResourceSummary>
                            </proc:Item>
                            <proc:Item>
                                <proc:Name>FFGT PUMPERS</proc:Name>
                                <proc:IdCode>A</proc:IdCode>
                                <proc:ResourceSummary>
                                    <proc:Quantity>
                                        <proc:PriorYear>8</proc:PriorYear>
                                        <proc:CurrentYear>9</proc:CurrentYear>
                                        <proc:BudgetYearOneBase>4</proc:BudgetYearOneBase>
                                        <proc:BudgetYearOne>4</proc:BudgetYearOne>
                                    </proc:Quantity>
                                    <proc:TotalCost>
                                        <proc:PriorYear>4.356</proc:PriorYear>
                                        <proc:CurrentYear>5.958</proc:CurrentYear>
                                        <proc:BudgetYearOneBase>2.652</proc:BudgetYearOneBase>
                                        <proc:BudgetYearOne>2.652</proc:BudgetYearOne>
                                    </proc:TotalCost>
                                    <proc:UnitCost>
                                        <proc:PriorYear>0.544</proc:PriorYear>
                                        <proc:CurrentYear>0.662</proc:CurrentYear>
                                        <proc:BudgetYearOneBase>0.663</proc:BudgetYearOneBase>
                                        <proc:BudgetYearOne>0.663</proc:BudgetYearOne>
                                    </proc:UnitCost>
                                </proc:ResourceSummary>
                            </proc:Item>
                            <proc:Item>
                                <proc:Name>FFGT WATER TANKERS</proc:Name>
                                <proc:IdCode>A</proc:IdCode>
                                <proc:ResourceSummary>
                                    <proc:Quantity>
                                        <proc:PriorYear>3</proc:PriorYear>
                                        <proc:CurrentYear>12</proc:CurrentYear>
                                        <proc:BudgetYearOneBase>10</proc:BudgetYearOneBase>
                                        <proc:BudgetYearOne>10</proc:BudgetYearOne>
                                    </proc:Quantity>
                                    <proc:TotalCost>
                                        <proc:PriorYear>1.197</proc:PriorYear>
                                        <proc:CurrentYear>6.84</proc:CurrentYear>
                                        <proc:BudgetYearOneBase>5.7</proc:BudgetYearOneBase>
                                        <proc:BudgetYearOne>5.7</proc:BudgetYearOne>
                                    </proc:TotalCost>
                                    <proc:UnitCost>
                                        <proc:PriorYear>0.399</proc:PriorYear>
                                        <proc:CurrentYear>0.57</proc:CurrentYear>
                                        <proc:BudgetYearOneBase>0.57</proc:BudgetYearOneBase>
                                        <proc:BudgetYearOne>0.57</proc:BudgetYearOne>
                                    </proc:UnitCost>
                                </proc:ResourceSummary>
                            </proc:Item>
                            <proc:Item>
                                <proc:Name>FFGT WILDLAND</proc:Name>
                                <proc:IdCode>A</proc:IdCode>
                                <proc:ResourceSummary>
                                    <proc:Quantity>
                                        <proc:PriorYear>1</proc:PriorYear>
                                        <proc:CurrentYear>8</proc:CurrentYear>
                                    </proc:Quantity>
                                    <proc:TotalCost>
                                        <proc:PriorYear>0.465</proc:PriorYear>
                                        <proc:CurrentYear>3.72</proc:CurrentYear>
                                    </proc:TotalCost>
                                    <proc:UnitCost>
                                        <proc:PriorYear>0.465</proc:PriorYear>
                                        <proc:CurrentYear>0.465</proc:CurrentYear>
                                    </proc:UnitCost>
                                </proc:ResourceSummary>
                            </proc:Item>
                            <proc:Item>
                                <proc:Name>TRUCK, AERIAL P-21 4210-01-057-0696</proc:Name>
                                <proc:IdCode>A</proc:IdCode>
                                <proc:ResourceSummary>
                                    <proc:TotalCost>
                                        <proc:AllPriorYears>0</proc:AllPriorYears>
                                    </proc:TotalCost>
                                </proc:ResourceSummary>
                            </proc:Item>
                            <proc:Item>
                                <proc:Name>TRK FFGT 1000G ARFF P-19C AIR TRANSPORTABLE (4210-01-671-4966)</proc:Name>
                                <proc:IdCode>A</proc:IdCode>
                                <proc:ResourceSummary>
                                    <proc:TotalCost>
                                        <proc:CurrentYear>0</proc:CurrentYear>
                                    </proc:TotalCost>
                                </proc:ResourceSummary>
                            </proc:Item>
                            <proc:Item>
                                <proc:Name>TRUCK, PUMPER 4X2 P-22 4210-00-224-4564</proc:Name>
                                <proc:IdCode>A</proc:IdCode>
                                <proc:ResourceSummary>
                                    <proc:TotalCost>
                                        <proc:CurrentYear>0</proc:CurrentYear>
                                    </proc:TotalCost>
                                </proc:ResourceSummary>
                            </proc:Item>
                            <proc:Item>
                                <proc:Name>TRUCK, PUMPER 4X4 P-24 4210-00-233-1538</proc:Name>
                                <proc:IdCode>A</proc:IdCode>
                                <proc:ResourceSummary>
                                    <proc:TotalCost>
                                        <proc:CurrentYear>0</proc:CurrentYear>
                                    </proc:TotalCost>
                                </proc:ResourceSummary>
                            </proc:Item>
                            <proc:Item>
                                <proc:Name>TRK FIRE CRS STRIKER 4210-00-702-6801</proc:Name>
                                <proc:IdCode>A</proc:IdCode>
                                <proc:ResourceSummary>
                                    <proc:TotalCost>
                                        <proc:AllPriorYears>0</proc:AllPriorYears>
                                    </proc:TotalCost>
                                </proc:ResourceSummary>
                            </proc:Item>
                            <proc:Item>
                                <proc:Name>TRUCK, WATER TANKER P-26 4210-01-356-4907</proc:Name>
                                <proc:IdCode>A</proc:IdCode>
                                <proc:ResourceSummary>
                                    <proc:TotalCost>
                                        <proc:CurrentYear>0</proc:CurrentYear>
                                    </proc:TotalCost>
                                </proc:ResourceSummary>
                            </proc:Item>
                            <proc:Item>
                                <proc:Name>VEHICLE, MEDIUM RESCUE P-30 4210-01-452-5121</proc:Name>
                                <proc:IdCode>A</proc:IdCode>
                                <proc:ResourceSummary>
                                    <proc:TotalCost>
                                        <proc:CurrentYear>0</proc:CurrentYear>
                                    </proc:TotalCost>
                                </proc:ResourceSummary>
                            </proc:Item>
                            <proc:Item>
                                <proc:Name>TRUCK, QUINT P-33 4210-01-500-1083</proc:Name>
                                <proc:IdCode>A</proc:IdCode>
                                <proc:ResourceSummary>
                                    <proc:TotalCost>
                                        <proc:CurrentYear>0</proc:CurrentYear>
                                    </proc:TotalCost>
                                </proc:ResourceSummary>
                            </proc:Item>
                            <proc:Item>
                                <proc:Name>TRUCK, WILDLAND P-29 4210-01-483-1025</proc:Name>
                                <proc:IdCode>A</proc:IdCode>
                                <proc:ResourceSummary>
                                    <proc:TotalCost>
                                        <proc:CurrentYear>0</proc:CurrentYear>
                                    </proc:TotalCost>
                                </proc:ResourceSummary>
                            </proc:Item>
                            <proc:Item>
                                <proc:Name>TRUCK, QUICK ATTACK P-34 4210-01-553-4534</proc:Name>
                                <proc:IdCode>A</proc:IdCode>
                                <proc:ResourceSummary>
                                    <proc:TotalCost>
                                        <proc:PriorYear>0</proc:PriorYear>
                                        <proc:CurrentYear>0</proc:CurrentYear>
                                    </proc:TotalCost>
                                </proc:ResourceSummary>
                            </proc:Item>
                            <proc:Item>
                                <proc:Name>TRUCK, HAZMAT FIRE FIGHTING P31 4210-01-396-5219</proc:Name>
                                <proc:IdCode>A</proc:IdCode>
                                <proc:ResourceSummary>
                                    <proc:TotalCost>
                                        <proc:CurrentYear>0</proc:CurrentYear>
                                    </proc:TotalCost>
                                </proc:ResourceSummary>
                            </proc:Item>
                            <proc:Item>
                                <proc:Name>TRUCK, ARFF P19UHP 4210-01-608-7285</proc:Name>
                                <proc:IdCode>A</proc:IdCode>
                                <proc:ResourceSummary>
                                    <proc:TotalCost>
                                        <proc:CurrentYear>0</proc:CurrentYear>
                                    </proc:TotalCost>
                                </proc:ResourceSummary>
                            </proc:Item>
                            <proc:Item>
                                <proc:Name>TRK FIRE P23 4210-01-625-9765</proc:Name>
                                <proc:IdCode>A</proc:IdCode>
                                <proc:ResourceSummary>
                                    <proc:TotalCost>
                                        <proc:CurrentYear>0</proc:CurrentYear>
                                    </proc:TotalCost>
                                </proc:ResourceSummary>
                            </proc:Item>
                            <proc:Item>
                                <proc:Name>TRUCK, ARFF P23UHP 4210-01-608-7287</proc:Name>
                                <proc:IdCode>A</proc:IdCode>
                                <proc:ResourceSummary>
                                    <proc:TotalCost>
                                        <proc:CurrentYear>0</proc:CurrentYear>
                                    </proc:TotalCost>
                                </proc:ResourceSummary>
                            </proc:Item>
                            <proc:Item>
                                <proc:Name>TRUCK, HAZMAT FIRE FIGHTING 4X4 4210-01-497-6245</proc:Name>
                                <proc:IdCode>A</proc:IdCode>
                                <proc:ResourceSummary>
                                    <proc:TotalCost>
                                        <proc:CurrentYear>0</proc:CurrentYear>
                                    </proc:TotalCost>
                                </proc:ResourceSummary>
                            </proc:Item>
                            <proc:Item>
                                <proc:Name>ARFF</proc:Name>
                                <proc:IdCode>A</proc:IdCode>
                                <proc:ResourceSummary>
                                    <proc:Quantity>
                                        <proc:CurrentYear>5</proc:CurrentYear>
                                        <proc:BudgetYearOneBase>5</proc:BudgetYearOneBase>
                                        <proc:BudgetYearOne>5</proc:BudgetYearOne>
                                    </proc:Quantity>
                                    <proc:TotalCost>
                                        <proc:CurrentYear>4.31</proc:CurrentYear>
                                        <proc:BudgetYearOneBase>4.31</proc:BudgetYearOneBase>
                                        <proc:BudgetYearOne>4.31</proc:BudgetYearOne>
                                    </proc:TotalCost>
                                    <proc:UnitCost>
                                        <proc:CurrentYear>0.862</proc:CurrentYear>
                                        <proc:BudgetYearOneBase>0.862</proc:BudgetYearOneBase>
                                        <proc:BudgetYearOne>0.862</proc:BudgetYearOne>
                                    </proc:UnitCost>
                                </proc:ResourceSummary>
                            </proc:Item>
                            <proc:Item>
                                <proc:Name>PMA OTHER GOVERNMENT COSTS</proc:Name>
                                <proc:IdCode>A</proc:IdCode>
                                <proc:ResourceSummary>
                                    <proc:TotalCost>
                                        <proc:PriorYear>0.011</proc:PriorYear>
                                        <proc:BudgetYearOneBase>0.003</proc:BudgetYearOneBase>
                                        <proc:BudgetYearOne>0.003</proc:BudgetYearOne>
                                    </proc:TotalCost>
                                </proc:ResourceSummary>
                            </proc:Item>
                        </proc:ItemList>
                        <proc:CategorySubtotal>
                            <proc:TotalCost>
                                <proc:PriorYear>63.67</proc:PriorYear>
                                <proc:CurrentYear>57.234</proc:CurrentYear>
                                <proc:BudgetYearOneBase>58.416</proc:BudgetYearOneBase>
                                <proc:BudgetYearOne>58.416</proc:BudgetYearOne>
                            </proc:TotalCost>
                        </proc:CategorySubtotal>
                    </proc:Category>
                </proc:CategoryList>
                <proc:Remarks>The AF has decided to change the way vehicle procurements is reported due to the large amount of NSNs and sub-NSNs within the vehicle program.  Prior to FY24, the AF reported vehicle procurement by National Stock Numbers.  Each stock number provided projected procurement quantities provided by the 441st Vehicle Support Chain Operations Squadron (VSCOS).  Starting in FY24 and the out years, the AF has created Vehicle-Type Categories in order to better explain/understand vehicle procurement reporting. The Vehicle-Type Categories contain vehicles that are similar in type and cost.  Because vehicle requirements consistently change during the year of execution, using this type of reporting ensures quantity adjustments are reported accurately and better explained/understood.  Detailed vehicle data on actual vehicle purchases can be obtained through the CARS 2.0 data system maintained and controlled by the 441st VSCOS and is available upon request.

Based on AF Mission changes and/or AF Mission priorities, NSNs and/or quantities may change during year of execution.

UNIT COSTS FOR FY26 ARE SUBJECT TO CHANGE.

PMA OTHER GOVERNMENT COSTS: This line supports the operation of the program office in its management and oversight role via travel, procurement of supplies and studies.

For BPAC 824010, increases in supply costs due to vendor year to year increases will play a role in future unit cost increases. In particular Air Transportable P-19C, with the highest price point in the portfolio has only one certified vendor (ATTLA) on contract. Between FY24 and FY25 the price for this vehicle has gone from $1.082M to $1.090M a unit. Other contributing factors include COVID pandemic related disruptions, supply chain issues and rising fuel costs. These factors also play a role in a reduction of viable competitors in marketplace which also drives up cost.</proc:Remarks>
                <proc:TotalCost>
                    <proc:TotalCost>
                        <proc:PriorYear>63.67</proc:PriorYear>
                        <proc:CurrentYear>57.234</proc:CurrentYear>
                        <proc:BudgetYearOneBase>58.416</proc:BudgetYearOneBase>
                        <proc:BudgetYearOne>58.416</proc:BudgetYearOne>
                    </proc:TotalCost>
                </proc:TotalCost>
            </proc:P40AItemGroup>
        </proc:ItemExhibitList>
        <proc:DocumentAssemblyOptions>
            <proc:p40AItemScheduleSetting>total</proc:p40AItemScheduleSetting>
        </proc:DocumentAssemblyOptions>
    </proc:LineItem>
</proc:LineItemList>