<?xml version="1.0" encoding="UTF-8"?>
<proc:LineItemList xmlns:proc="http://www.dtic.mil/comptroller/xml/schema/20100219/procurement">
    <proc:LineItem quantityUnits="Each" unitCostUnits="Millions" totalCostUnits="Millions" manufacturerRateUnits="Yearly">
        <proc:LineItemNumber>834210</proc:LineItemNumber>
        <proc:LineItemTitle>Minimum Essential Emergency Comm N</proc:LineItemTitle>
        <proc:P1LineNumber>39</proc:P1LineNumber>
        <proc:BudgetYear>2026</proc:BudgetYear>
        <proc:BudgetCycle>PB</proc:BudgetCycle>
        <proc:SubmissionDate>2025-06</proc:SubmissionDate>
        <proc:ServiceAgencyName>Air Force</proc:ServiceAgencyName>
        <proc:AppropriationNumber>3080F</proc:AppropriationNumber>
        <proc:AppropriationTitle>Other Procurement, Air Force</proc:AppropriationTitle>
        <proc:BudgetActivityNumber>3</proc:BudgetActivityNumber>
        <proc:BudgetActivityTitle>Electronics and Telecommunications Equip</proc:BudgetActivityTitle>
        <proc:BudgetSubActivityNumber>4</proc:BudgetSubActivityNumber>
        <proc:BudgetSubActivityTitle>Spcl Comm-Electronics Projects</proc:BudgetSubActivityTitle>
        <proc:ResourceSummary>
            <proc:TotalCost>
                <proc:AllPriorYears>412.08</proc:AllPriorYears>
                <proc:PriorYear>74.586</proc:PriorYear>
                <proc:CurrentYear>60.639</proc:CurrentYear>
                <proc:BudgetYearOneBase>94.995</proc:BudgetYearOneBase>
                <proc:BudgetYearOne>94.995</proc:BudgetYearOne>
            </proc:TotalCost>
            <proc:NetProcurementP1>
                <proc:AllPriorYears>412.08</proc:AllPriorYears>
                <proc:PriorYear>74.586</proc:PriorYear>
                <proc:CurrentYear>60.639</proc:CurrentYear>
                <proc:BudgetYearOneBase>94.995</proc:BudgetYearOneBase>
                <proc:BudgetYearOne>94.995</proc:BudgetYearOne>
            </proc:NetProcurementP1>
            <proc:TotalObligationAuthority>
                <proc:AllPriorYears>412.08</proc:AllPriorYears>
                <proc:PriorYear>74.586</proc:PriorYear>
                <proc:CurrentYear>60.639</proc:CurrentYear>
                <proc:BudgetYearOneBase>94.995</proc:BudgetYearOneBase>
                <proc:BudgetYearOne>94.995</proc:BudgetYearOne>
            </proc:TotalObligationAuthority>
        </proc:ResourceSummary>
        <proc:CodeBProgramElementList>
            <proc:ProgramElementNumber>0303131F</proc:ProgramElementNumber>
        </proc:CodeBProgramElementList>
        <proc:Description>The Minimum Essential Emergency Communications Network (MEECN) portfolio modernizes the systems necessary to effectively provide assured communications connectivity between the President and the strategic deterrence forces in stressed environments.
 
Global Aircrew Strategic Network Terminal (Global ASNT) replaces antiquated, unsustainable strategic communications equipment at bomber, tanker and reconnaissance Wing Command Posts (WCPs) and for Mobile Support Teams (MSTs). Global ASNT is a ground-based system that provides survivable, secure communication paths to receive Emergency Action Messages (EAMs), Force Management messages, and Force Direction messages and disseminates them to bomber, tanker, and reconnaissance aircrews. 
 
Global ASNT Increment 1 is being fielded in separate capability increments. All terminals are expected to be installed by 3QTR FY25.

Global ASNT Increment 1 fields required Extremely High Frequency/Advanced Extremely High Frequency (EHF/AEHF) capabilities and replaces antiquated, unsustainable strategic mobile and fixed-site Single Channel Anti-jam Man-Portable (SCAMP) terminals and Secure, Mobile, Anti-Jam, Reliable, Tactical - Terminal (SMART-T) equipment. The first year of Increment 1 procurement funding supported pre-production activities. The majority of pre-production support activities were conducted in advance of the Milestone C decision.  

Global ASNT Increment 2 will field an Aircrew Alerting System (AAS) consisting of personal and general alerting equipment, and High Frequency (HF) and Ultra High Frequency (UHF) capabilities. Increment 2 replaces antiquated, unsustainable Electromagnetic Pulse Hardened Dispersal Communication (EHDC) systems and Aircrew Alerting Communications Electromagnetic Pulse (AACE) systems. 

RDT&amp;E funding for the Global ASNT Increment 2 exhibit is contained in PE 0303131F.</proc:Description>
        <proc:Justification>Global ASNT Increment 1 funds support production activities including preparation and planning for depot standup, engineering activities, schedule preparation and planning, production configuration control, production roadmap activities, site installations, and Interim Contractor Support (ICS).

FY26 funds will support ICS, and Program Office activities including planning for depot standup, engineering activities, schedule preparation and planning, and production configuration and control.  FY2026 funds may also be used to support initial Security Classification Guide (SCG) implementation activities

This program has overarching diminishing manufacturing sources (DMS) requirements and as such may need to use procurement funding to address these requirements, such as qualifying a second source for the Microwave Power Modules.

Global ASNT Increment 2 will field an Aircrew Alerting System (AAS) consisting of personal and general alerting equipment, and High Frequency (HF) and Ultra High Frequency (UHF) capabilities. Increment 2 replaces antiquated, unsustainable Electromagnetic Pulse Hardened Dispersal Communication (EHDC) systems and Aircrew Alerting Communications Electromagnetic Pulse (AACE) systems. 

Global ASNT Increment 2 funds support production and deployment requirements including procurement, installation, and check-out of 20 non-High-Altitude Electromagnetic Pulse (HEMP) systems, 70 HEMP-hardened systems, and 20 HEMP Mod Kits to retrofit the non-HEMP systems; also included are hosting operator and maintainer training courses, site surveys in advance of installations, initial spares, ICS, CLS, Program Office support, Government test support, and Other Government Costs (OGC).

FY2026 funds will support installation and checkout of non-HEMP systems and procurement of HEMP systems; funds will also support change orders, hosting operator and maintainer training courses, site surveys in advance of installations, initial spares, ICS, DMS hardware replacements, system modifications, Program Office Support, Government Test Support, and OGC.</proc:Justification>
        <proc:ItemExhibitList>
            <proc:P3AModificationItemGroup>
                <proc:ModificationTitle>GASNTi1</proc:ModificationTitle>
                <proc:ModificationNumber>1</proc:ModificationNumber>
                <proc:ModificationType>Capability Improvement</proc:ModificationType>
                <proc:ModelsAffectedList>
                    <proc:ModelAffected>GASNTi1</proc:ModelAffected>
                </proc:ModelsAffectedList>
                <proc:IdCode>A</proc:IdCode>
                <proc:ResourceSummary>
                    <proc:TotalCost>
                        <proc:AllPriorYears>398.986</proc:AllPriorYears>
                        <proc:PriorYear>44.879</proc:PriorYear>
                        <proc:CurrentYear>26.73</proc:CurrentYear>
                        <proc:BudgetYearOneBase>12.746</proc:BudgetYearOneBase>
                        <proc:BudgetYearOneOOC>0</proc:BudgetYearOneOOC>
                        <proc:BudgetYearOne>12.746</proc:BudgetYearOne>
                    </proc:TotalCost>
                    <proc:NetProcurementP1>
                        <proc:AllPriorYears>398.986</proc:AllPriorYears>
                        <proc:PriorYear>44.879</proc:PriorYear>
                        <proc:CurrentYear>26.73</proc:CurrentYear>
                        <proc:BudgetYearOneBase>12.746</proc:BudgetYearOneBase>
                        <proc:BudgetYearOneOOC>0</proc:BudgetYearOneOOC>
                        <proc:BudgetYearOne>12.746</proc:BudgetYearOne>
                    </proc:NetProcurementP1>
                    <proc:TotalObligationAuthority>
                        <proc:AllPriorYears>398.986</proc:AllPriorYears>
                        <proc:PriorYear>44.879</proc:PriorYear>
                        <proc:CurrentYear>26.73</proc:CurrentYear>
                        <proc:BudgetYearOneBase>12.746</proc:BudgetYearOneBase>
                        <proc:BudgetYearOneOOC>0</proc:BudgetYearOneOOC>
                        <proc:BudgetYearOne>12.746</proc:BudgetYearOne>
                    </proc:TotalObligationAuthority>
                </proc:ResourceSummary>
                <proc:SupportCost>
                    <proc:CostElementList>
                        <proc:CostElement>
                            <proc:Name>A&amp;AS</proc:Name>
                            <proc:Cost>
                                <proc:TotalCost>
                                    <proc:AllPriorYears>21.541</proc:AllPriorYears>
                                    <proc:PriorYear>3.464</proc:PriorYear>
                                    <proc:CurrentYear>2.336</proc:CurrentYear>
                                    <proc:BudgetYearOneBase>1.727</proc:BudgetYearOneBase>
                                    <proc:BudgetYearOne>1.727</proc:BudgetYearOne>
                                </proc:TotalCost>
                            </proc:Cost>
                        </proc:CostElement>
                        <proc:CostElement>
                            <proc:Name>ICS-Labor</proc:Name>
                            <proc:Cost>
                                <proc:TotalCost>
                                    <proc:AllPriorYears>56.751</proc:AllPriorYears>
                                    <proc:PriorYear>24.176</proc:PriorYear>
                                    <proc:CurrentYear>17.715</proc:CurrentYear>
                                    <proc:BudgetYearOneBase>5.493</proc:BudgetYearOneBase>
                                    <proc:BudgetYearOne>5.493</proc:BudgetYearOne>
                                </proc:TotalCost>
                            </proc:Cost>
                        </proc:CostElement>
                        <proc:CostElement>
                            <proc:Name>S/W Depot Standup</proc:Name>
                            <proc:Cost>
                                <proc:TotalCost>
                                    <proc:AllPriorYears>29.992</proc:AllPriorYears>
                                    <proc:PriorYear>11.32</proc:PriorYear>
                                    <proc:CurrentYear>5.01</proc:CurrentYear>
                                    <proc:BudgetYearOneBase>5.526</proc:BudgetYearOneBase>
                                    <proc:BudgetYearOne>5.526</proc:BudgetYearOne>
                                </proc:TotalCost>
                            </proc:Cost>
                        </proc:CostElement>
                    </proc:CostElementList>
                    <proc:CategorySubtotal>
                        <proc:TotalCost>
                            <proc:AllPriorYears>108.284</proc:AllPriorYears>
                            <proc:PriorYear>38.96</proc:PriorYear>
                            <proc:CurrentYear>25.061</proc:CurrentYear>
                            <proc:BudgetYearOneBase>12.746</proc:BudgetYearOneBase>
                            <proc:BudgetYearOne>12.746</proc:BudgetYearOne>
                        </proc:TotalCost>
                    </proc:CategorySubtotal>
                </proc:SupportCost>
                <proc:ModificationItemList>
                    <proc:ModificationItem>
                        <proc:Title>GASNTi1 Fixed</proc:Title>
                        <proc:Procurement>
                            <proc:AKits>
                                <proc:Recurring>
                                    <proc:KitList>
                                        <proc:Kit>
                                            <proc:Name>GASNTi1 Fixed:INSTALL KITS Group A (Active)</proc:Name>
                                            <proc:Cost>
                                                <proc:Quantity>
                                                    <proc:AllPriorYears>23</proc:AllPriorYears>
                                                </proc:Quantity>
                                                <proc:TotalCost>
                                                    <proc:AllPriorYears>17.113</proc:AllPriorYears>
                                                </proc:TotalCost>
                                            </proc:Cost>
                                        </proc:Kit>
                                    </proc:KitList>
                                    <proc:CategorySubtotal>
                                        <proc:TotalCost>
                                            <proc:AllPriorYears>17.113</proc:AllPriorYears>
                                        </proc:TotalCost>
                                    </proc:CategorySubtotal>
                                </proc:Recurring>
                            </proc:AKits>
                            <proc:BKits>
                                <proc:Recurring>
                                    <proc:KitList>
                                        <proc:Kit>
                                            <proc:Name>GASNTi1 Fixed:EQUIPMENT Group B (Active)</proc:Name>
                                            <proc:Cost>
                                                <proc:Quantity>
                                                    <proc:AllPriorYears>43</proc:AllPriorYears>
                                                </proc:Quantity>
                                                <proc:TotalCost>
                                                    <proc:AllPriorYears>123.93</proc:AllPriorYears>
                                                </proc:TotalCost>
                                            </proc:Cost>
                                        </proc:Kit>
                                    </proc:KitList>
                                    <proc:CategorySubtotal>
                                        <proc:TotalCost>
                                            <proc:AllPriorYears>123.93</proc:AllPriorYears>
                                        </proc:TotalCost>
                                    </proc:CategorySubtotal>
                                </proc:Recurring>
                            </proc:BKits>
                            <proc:ManufacturerList>
                                <proc:Manufacturer>
                                    <proc:Name>Raytheon</proc:Name>
                                    <proc:Location>Largo, FL</proc:Location>
                                    <proc:AdminLeadTimeAfterOct1InMonths>6</proc:AdminLeadTimeAfterOct1InMonths>
                                    <proc:ProductionLeadTimeAfterOct1InMonths>16</proc:ProductionLeadTimeAfterOct1InMonths>
                                </proc:Manufacturer>
                            </proc:ManufacturerList>
                            <proc:TotalCost>
                                <proc:TotalCost>
                                    <proc:AllPriorYears>141.043</proc:AllPriorYears>
                                </proc:TotalCost>
                            </proc:TotalCost>
                        </proc:Procurement>
                        <proc:Installation>
                            <proc:ImplementationMethodList>
                                <proc:ImplementationMethod>
                                    <proc:NonOrganicInstallation>
                                        <proc:ImplementationMethodName>Contract Field Team</proc:ImplementationMethodName>
                                        <proc:InstallationCost>
                                            <proc:AllPriorYears>
                                                <proc:Cost>
                                                    <proc:Quantity>
                                                        <proc:AllPriorYears>30</proc:AllPriorYears>
                                                        <proc:PriorYear>12</proc:PriorYear>
                                                        <proc:CurrentYear>1</proc:CurrentYear>
                                                    </proc:Quantity>
                                                    <proc:TotalCost>
                                                        <proc:AllPriorYears>7.037</proc:AllPriorYears>
                                                        <proc:PriorYear>2.514</proc:PriorYear>
                                                        <proc:CurrentYear>0.21</proc:CurrentYear>
                                                    </proc:TotalCost>
                                                </proc:Cost>
                                            </proc:AllPriorYears>
                                            <proc:Total>
                                                <proc:Cost>
                                                    <proc:Quantity>
                                                        <proc:AllPriorYears>30</proc:AllPriorYears>
                                                        <proc:PriorYear>12</proc:PriorYear>
                                                        <proc:CurrentYear>1</proc:CurrentYear>
                                                    </proc:Quantity>
                                                    <proc:TotalCost>
                                                        <proc:AllPriorYears>7.037</proc:AllPriorYears>
                                                        <proc:PriorYear>2.514</proc:PriorYear>
                                                        <proc:CurrentYear>0.21</proc:CurrentYear>
                                                    </proc:TotalCost>
                                                </proc:Cost>
                                            </proc:Total>
                                        </proc:InstallationCost>
                                        <proc:InstallationSchedule>
                                            <proc:In>
                                                <proc:AllPriorYears>30</proc:AllPriorYears>
                                                <proc:PriorYear>
                                                    <proc:FirstQuarter>3</proc:FirstQuarter>
                                                    <proc:SecondQuarter>5</proc:SecondQuarter>
                                                    <proc:ThirdQuarter>4</proc:ThirdQuarter>
                                                    <proc:FourthQuarter>0</proc:FourthQuarter>
                                                </proc:PriorYear>
                                                <proc:CurrentYear>
                                                    <proc:FirstQuarter>1</proc:FirstQuarter>
                                                </proc:CurrentYear>
                                            </proc:In>
                                            <proc:Out>
                                                <proc:AllPriorYears>30</proc:AllPriorYears>
                                                <proc:PriorYear>
                                                    <proc:FirstQuarter>3</proc:FirstQuarter>
                                                    <proc:SecondQuarter>5</proc:SecondQuarter>
                                                    <proc:ThirdQuarter>4</proc:ThirdQuarter>
                                                    <proc:FourthQuarter>0</proc:FourthQuarter>
                                                </proc:PriorYear>
                                                <proc:CurrentYear>
                                                    <proc:FirstQuarter>1</proc:FirstQuarter>
                                                </proc:CurrentYear>
                                            </proc:Out>
                                        </proc:InstallationSchedule>
                                    </proc:NonOrganicInstallation>
                                </proc:ImplementationMethod>
                            </proc:ImplementationMethodList>
                            <proc:TotalCost>
                                <proc:Quantity>
                                    <proc:AllPriorYears>30</proc:AllPriorYears>
                                    <proc:PriorYear>12</proc:PriorYear>
                                    <proc:CurrentYear>1</proc:CurrentYear>
                                </proc:Quantity>
                                <proc:TotalCost>
                                    <proc:AllPriorYears>7.037</proc:AllPriorYears>
                                    <proc:PriorYear>2.514</proc:PriorYear>
                                    <proc:CurrentYear>0.21</proc:CurrentYear>
                                </proc:TotalCost>
                            </proc:TotalCost>
                        </proc:Installation>
                    </proc:ModificationItem>
                    <proc:ModificationItem>
                        <proc:Title>GASNTi1 Transportable</proc:Title>
                        <proc:Procurement>
                            <proc:BKits>
                                <proc:Recurring>
                                    <proc:KitList>
                                        <proc:Kit>
                                            <proc:Name>GASNTi1 Transportable:EQUIPMENT Group B (Active)</proc:Name>
                                            <proc:Cost>
                                                <proc:Quantity>
                                                    <proc:AllPriorYears>47</proc:AllPriorYears>
                                                </proc:Quantity>
                                                <proc:TotalCost>
                                                    <proc:AllPriorYears>135.648</proc:AllPriorYears>
                                                </proc:TotalCost>
                                            </proc:Cost>
                                        </proc:Kit>
                                    </proc:KitList>
                                    <proc:CategorySubtotal>
                                        <proc:TotalCost>
                                            <proc:AllPriorYears>135.648</proc:AllPriorYears>
                                        </proc:TotalCost>
                                    </proc:CategorySubtotal>
                                </proc:Recurring>
                            </proc:BKits>
                            <proc:ManufacturerList>
                                <proc:Manufacturer>
                                    <proc:Name>Raytheon</proc:Name>
                                    <proc:Location>Largo, FL</proc:Location>
                                    <proc:AdminLeadTimeAfterOct1InMonths>6</proc:AdminLeadTimeAfterOct1InMonths>
                                    <proc:ProductionLeadTimeAfterOct1InMonths>16</proc:ProductionLeadTimeAfterOct1InMonths>
                                </proc:Manufacturer>
                            </proc:ManufacturerList>
                            <proc:TotalCost>
                                <proc:TotalCost>
                                    <proc:AllPriorYears>135.648</proc:AllPriorYears>
                                </proc:TotalCost>
                            </proc:TotalCost>
                        </proc:Procurement>
                        <proc:Installation>
                            <proc:ImplementationMethodList>
                                <proc:ImplementationMethod>
                                    <proc:NonOrganicInstallation>
                                        <proc:ImplementationMethodName>Contract Field Team</proc:ImplementationMethodName>
                                        <proc:InstallationCost>
                                            <proc:AllPriorYears>
                                                <proc:Cost>
                                                    <proc:Quantity>
                                                        <proc:AllPriorYears>27</proc:AllPriorYears>
                                                        <proc:PriorYear>14</proc:PriorYear>
                                                        <proc:CurrentYear>6</proc:CurrentYear>
                                                    </proc:Quantity>
                                                    <proc:TotalCost>
                                                        <proc:AllPriorYears>6.974</proc:AllPriorYears>
                                                        <proc:PriorYear>3.405</proc:PriorYear>
                                                        <proc:CurrentYear>1.459</proc:CurrentYear>
                                                    </proc:TotalCost>
                                                </proc:Cost>
                                            </proc:AllPriorYears>
                                            <proc:Total>
                                                <proc:Cost>
                                                    <proc:Quantity>
                                                        <proc:AllPriorYears>27</proc:AllPriorYears>
                                                        <proc:PriorYear>14</proc:PriorYear>
                                                        <proc:CurrentYear>6</proc:CurrentYear>
                                                    </proc:Quantity>
                                                    <proc:TotalCost>
                                                        <proc:AllPriorYears>6.974</proc:AllPriorYears>
                                                        <proc:PriorYear>3.405</proc:PriorYear>
                                                        <proc:CurrentYear>1.459</proc:CurrentYear>
                                                    </proc:TotalCost>
                                                </proc:Cost>
                                            </proc:Total>
                                        </proc:InstallationCost>
                                        <proc:InstallationSchedule>
                                            <proc:In>
                                                <proc:AllPriorYears>27</proc:AllPriorYears>
                                                <proc:PriorYear>
                                                    <proc:FirstQuarter>1</proc:FirstQuarter>
                                                    <proc:SecondQuarter>5</proc:SecondQuarter>
                                                    <proc:ThirdQuarter>3</proc:ThirdQuarter>
                                                    <proc:FourthQuarter>5</proc:FourthQuarter>
                                                </proc:PriorYear>
                                                <proc:CurrentYear>
                                                    <proc:FirstQuarter>1</proc:FirstQuarter>
                                                    <proc:ThirdQuarter>5</proc:ThirdQuarter>
                                                </proc:CurrentYear>
                                            </proc:In>
                                            <proc:Out>
                                                <proc:AllPriorYears>27</proc:AllPriorYears>
                                                <proc:PriorYear>
                                                    <proc:FirstQuarter>1</proc:FirstQuarter>
                                                    <proc:SecondQuarter>5</proc:SecondQuarter>
                                                    <proc:ThirdQuarter>3</proc:ThirdQuarter>
                                                    <proc:FourthQuarter>5</proc:FourthQuarter>
                                                </proc:PriorYear>
                                                <proc:CurrentYear>
                                                    <proc:FirstQuarter>1</proc:FirstQuarter>
                                                    <proc:ThirdQuarter>5</proc:ThirdQuarter>
                                                </proc:CurrentYear>
                                            </proc:Out>
                                        </proc:InstallationSchedule>
                                    </proc:NonOrganicInstallation>
                                </proc:ImplementationMethod>
                            </proc:ImplementationMethodList>
                            <proc:TotalCost>
                                <proc:Quantity>
                                    <proc:AllPriorYears>27</proc:AllPriorYears>
                                    <proc:PriorYear>14</proc:PriorYear>
                                    <proc:CurrentYear>6</proc:CurrentYear>
                                </proc:Quantity>
                                <proc:TotalCost>
                                    <proc:AllPriorYears>6.974</proc:AllPriorYears>
                                    <proc:PriorYear>3.405</proc:PriorYear>
                                    <proc:CurrentYear>1.459</proc:CurrentYear>
                                </proc:TotalCost>
                            </proc:TotalCost>
                        </proc:Installation>
                    </proc:ModificationItem>
                </proc:ModificationItemList>
                <proc:ProcurementSubtotal>
                    <proc:TotalCost>
                        <proc:AllPriorYears>276.691</proc:AllPriorYears>
                    </proc:TotalCost>
                </proc:ProcurementSubtotal>
                <proc:InstallationSubtotal>
                    <proc:Quantity>
                        <proc:AllPriorYears>57</proc:AllPriorYears>
                        <proc:PriorYear>26</proc:PriorYear>
                        <proc:CurrentYear>7</proc:CurrentYear>
                    </proc:Quantity>
                    <proc:TotalCost>
                        <proc:AllPriorYears>14.011</proc:AllPriorYears>
                        <proc:PriorYear>5.919</proc:PriorYear>
                        <proc:CurrentYear>1.669</proc:CurrentYear>
                    </proc:TotalCost>
                </proc:InstallationSubtotal>
                <proc:Description>The Minimum Essential Emergency Communications Network (MEECN) portfolio modernizes the systems necessary to effectively provide assured communications connectivity between the President and the strategic deterrence forces in stressed environments.

Global Aircrew Strategic Network Terminal (Global ASNT) replaces antiquated, unsustainable strategic communications equipment at bomber, tanker and reconnaissance Wing Command Posts (WCPs) and for Mobile Support Teams (MSTs).

Global ASNT is a ground-based system that will provide survivable, secure communication paths to receive Emergency Action Messages (EAMs), Force Management messages, and Force Direction messages and disseminate them to bomber, tanker, and reconnaissance aircrews. 

Global ASNT is being fielded in separate capability increments. All terminals are expected to be installed by 3QTR FY25

Global ASNT Increment 1 fields required Extremely High Frequency/Advanced Extremely High Frequency (EHF/AEHF) capabilities and replaces antiquated, unsustainable strategic mobile and fixed-site Single Channel Anti-jam Man-Portable (SCAMP) terminals and Secure, Mobile, Anti-Jam, Reliable, Tactical - Terminal (SMART-T) equipment. Production year 1 was 48 terminals and Production year 2 was 42 terminals for a total of 90 terminals.

Global ASNT Increment 1 funds support production activities including preparation and planning for depot standup, engineering activities, schedule preparation and planning, production configuration control, production roadmap activities, site installations, and Interim Contractor Support (ICS).

FY2026 funds will support ICS, and Program Office activities including planning for depot standup, engineering activities, schedule preparation and planning, and production configuration and control.  FY2026 funds may also be used to support initial Security Classification Guide (SCG) implementation activities.

This program has overarching diminishing manufacturing sources (DMS) requirements and as such may need to use procurement funding to address these requirements, such as qualifying a second source for the Microwave Power Modules.

Milestone/Development Status

Development complete.  Full Rate Production in process.  Fielding of terminals commenced in 2QFY22.</proc:Description>
            </proc:P3AModificationItemGroup>
            <proc:P3AModificationItemGroup>
                <proc:ModificationTitle>GASNTi2</proc:ModificationTitle>
                <proc:ModificationNumber>2</proc:ModificationNumber>
                <proc:ModificationType>Capability Improvement</proc:ModificationType>
                <proc:ModelsAffectedList>
                    <proc:ModelAffected>GASNTi2</proc:ModelAffected>
                </proc:ModelsAffectedList>
                <proc:IdCode>B</proc:IdCode>
                <proc:ResourceSummary>
                    <proc:TotalCost>
                        <proc:AllPriorYears>13.094</proc:AllPriorYears>
                        <proc:PriorYear>29.707</proc:PriorYear>
                        <proc:CurrentYear>33.909</proc:CurrentYear>
                        <proc:BudgetYearOneBase>82.249</proc:BudgetYearOneBase>
                        <proc:BudgetYearOneOOC>0</proc:BudgetYearOneOOC>
                        <proc:BudgetYearOne>82.249</proc:BudgetYearOne>
                    </proc:TotalCost>
                    <proc:NetProcurementP1>
                        <proc:AllPriorYears>13.094</proc:AllPriorYears>
                        <proc:PriorYear>29.707</proc:PriorYear>
                        <proc:CurrentYear>33.909</proc:CurrentYear>
                        <proc:BudgetYearOneBase>82.249</proc:BudgetYearOneBase>
                        <proc:BudgetYearOneOOC>0</proc:BudgetYearOneOOC>
                        <proc:BudgetYearOne>82.249</proc:BudgetYearOne>
                    </proc:NetProcurementP1>
                    <proc:TotalObligationAuthority>
                        <proc:AllPriorYears>13.094</proc:AllPriorYears>
                        <proc:PriorYear>29.707</proc:PriorYear>
                        <proc:CurrentYear>33.909</proc:CurrentYear>
                        <proc:BudgetYearOneBase>82.249</proc:BudgetYearOneBase>
                        <proc:BudgetYearOneOOC>0</proc:BudgetYearOneOOC>
                        <proc:BudgetYearOne>82.249</proc:BudgetYearOne>
                    </proc:TotalObligationAuthority>
                </proc:ResourceSummary>
                <proc:RelatedProgramElementList>
                    <proc:ProgramElementNumber>0303131F</proc:ProgramElementNumber>
                </proc:RelatedProgramElementList>
                <proc:SupportCost>
                    <proc:CostElementList>
                        <proc:CostElement>
                            <proc:Name>Change Orders</proc:Name>
                            <proc:Cost>
                                <proc:TotalCost>
                                    <proc:AllPriorYears>0.013</proc:AllPriorYears>
                                    <proc:PriorYear>5.192</proc:PriorYear>
                                    <proc:CurrentYear>1.75</proc:CurrentYear>
                                    <proc:BudgetYearOneBase>2.401</proc:BudgetYearOneBase>
                                    <proc:BudgetYearOne>2.401</proc:BudgetYearOne>
                                </proc:TotalCost>
                            </proc:Cost>
                        </proc:CostElement>
                        <proc:CostElement>
                            <proc:Name>A&amp;AS</proc:Name>
                            <proc:Cost>
                                <proc:TotalCost>
                                    <proc:AllPriorYears>0.487</proc:AllPriorYears>
                                    <proc:PriorYear>1.379</proc:PriorYear>
                                    <proc:CurrentYear>1.955</proc:CurrentYear>
                                    <proc:BudgetYearOneBase>2.657</proc:BudgetYearOneBase>
                                    <proc:BudgetYearOne>2.657</proc:BudgetYearOne>
                                </proc:TotalCost>
                            </proc:Cost>
                        </proc:CostElement>
                        <proc:CostElement>
                            <proc:Name>FFRDC</proc:Name>
                            <proc:Cost>
                                <proc:TotalCost>
                                    <proc:AllPriorYears>1.268</proc:AllPriorYears>
                                    <proc:PriorYear>3.344</proc:PriorYear>
                                    <proc:CurrentYear>2.812</proc:CurrentYear>
                                    <proc:BudgetYearOneBase>0.999</proc:BudgetYearOneBase>
                                    <proc:BudgetYearOne>0.999</proc:BudgetYearOne>
                                </proc:TotalCost>
                            </proc:Cost>
                        </proc:CostElement>
                        <proc:CostElement>
                            <proc:Name>Depot Activation</proc:Name>
                            <proc:Cost>
                                <proc:TotalCost>
                                    <proc:CurrentYear>1.147</proc:CurrentYear>
                                    <proc:BudgetYearOneBase>5.789</proc:BudgetYearOneBase>
                                    <proc:BudgetYearOne>5.789</proc:BudgetYearOne>
                                </proc:TotalCost>
                            </proc:Cost>
                        </proc:CostElement>
                        <proc:CostElement>
                            <proc:Name>ICS Labor</proc:Name>
                            <proc:Cost>
                                <proc:TotalCost>
                                    <proc:PriorYear>2.9</proc:PriorYear>
                                    <proc:CurrentYear>3.16</proc:CurrentYear>
                                    <proc:BudgetYearOneBase>4.654</proc:BudgetYearOneBase>
                                    <proc:BudgetYearOne>4.654</proc:BudgetYearOne>
                                </proc:TotalCost>
                            </proc:Cost>
                        </proc:CostElement>
                        <proc:CostElement>
                            <proc:Name>PMA - Contractor Services</proc:Name>
                            <proc:Cost>
                                <proc:TotalCost>
                                    <proc:PriorYear>1.738</proc:PriorYear>
                                    <proc:CurrentYear>1.181</proc:CurrentYear>
                                    <proc:BudgetYearOneBase>2.637</proc:BudgetYearOneBase>
                                    <proc:BudgetYearOne>2.637</proc:BudgetYearOne>
                                </proc:TotalCost>
                            </proc:Cost>
                        </proc:CostElement>
                        <proc:CostElement>
                            <proc:Name>Type I Training</proc:Name>
                            <proc:Cost>
                                <proc:TotalCost>
                                    <proc:CurrentYear>1.293</proc:CurrentYear>
                                    <proc:BudgetYearOneBase>1.072</proc:BudgetYearOneBase>
                                    <proc:BudgetYearOne>1.072</proc:BudgetYearOne>
                                </proc:TotalCost>
                            </proc:Cost>
                        </proc:CostElement>
                        <proc:CostElement>
                            <proc:Name>Prime Contractor Site Surveys</proc:Name>
                            <proc:Cost>
                                <proc:TotalCost>
                                    <proc:AllPriorYears>2.013</proc:AllPriorYears>
                                    <proc:PriorYear>1.914</proc:PriorYear>
                                    <proc:CurrentYear>1.314</proc:CurrentYear>
                                    <proc:BudgetYearOneBase>0.286</proc:BudgetYearOneBase>
                                    <proc:BudgetYearOne>0.286</proc:BudgetYearOne>
                                </proc:TotalCost>
                            </proc:Cost>
                        </proc:CostElement>
                        <proc:CostElement>
                            <proc:Name>Prime Contractor ODCs</proc:Name>
                            <proc:Cost>
                                <proc:TotalCost>
                                    <proc:AllPriorYears>0.189</proc:AllPriorYears>
                                    <proc:PriorYear>0.178</proc:PriorYear>
                                    <proc:CurrentYear>1.806</proc:CurrentYear>
                                    <proc:BudgetYearOneBase>1.844</proc:BudgetYearOneBase>
                                    <proc:BudgetYearOne>1.844</proc:BudgetYearOne>
                                </proc:TotalCost>
                            </proc:Cost>
                        </proc:CostElement>
                    </proc:CostElementList>
                    <proc:CategorySubtotal>
                        <proc:TotalCost>
                            <proc:AllPriorYears>3.97</proc:AllPriorYears>
                            <proc:PriorYear>16.645</proc:PriorYear>
                            <proc:CurrentYear>16.418</proc:CurrentYear>
                            <proc:BudgetYearOneBase>22.339</proc:BudgetYearOneBase>
                            <proc:BudgetYearOne>22.339</proc:BudgetYearOne>
                        </proc:TotalCost>
                    </proc:CategorySubtotal>
                </proc:SupportCost>
                <proc:ModificationItemList>
                    <proc:ModificationItem>
                        <proc:Title>HEMP</proc:Title>
                        <proc:RDTE>
                            <proc:ProgramElementSummaryList>
                                <proc:ProgramElementSummary>
                                    <proc:ProgramElementNumber>0303131F</proc:ProgramElementNumber>
                                    <proc:ProgramElementFunding>
                                        <proc:TotalCost>
                                            <proc:AllPriorYears>19.382</proc:AllPriorYears>
                                            <proc:PriorYear>8.641</proc:PriorYear>
                                            <proc:CurrentYear>11.423</proc:CurrentYear>
                                            <proc:BudgetYearOneBase>12.96</proc:BudgetYearOneBase>
                                            <proc:BudgetYearOne>12.96</proc:BudgetYearOne>
                                        </proc:TotalCost>
                                    </proc:ProgramElementFunding>
                                </proc:ProgramElementSummary>
                            </proc:ProgramElementSummaryList>
                        </proc:RDTE>
                        <proc:Procurement>
                            <proc:AKits>
                                <proc:Recurring>
                                    <proc:KitList>
                                        <proc:Kit>
                                            <proc:Name>HEMP:INSTALL KITS Group A (Active)</proc:Name>
                                            <proc:Cost>
                                                <proc:TotalCost>
                                                    <proc:BudgetYearOneBase>0.001</proc:BudgetYearOneBase>
                                                    <proc:BudgetYearOne>0.001</proc:BudgetYearOne>
                                                </proc:TotalCost>
                                            </proc:Cost>
                                        </proc:Kit>
                                    </proc:KitList>
                                    <proc:CategorySubtotal>
                                        <proc:TotalCost>
                                            <proc:BudgetYearOneBase>0.001</proc:BudgetYearOneBase>
                                            <proc:BudgetYearOne>0.001</proc:BudgetYearOne>
                                        </proc:TotalCost>
                                    </proc:CategorySubtotal>
                                </proc:Recurring>
                            </proc:AKits>
                            <proc:BKits>
                                <proc:Recurring>
                                    <proc:KitList>
                                        <proc:Kit>
                                            <proc:Name>HEMP:EQUIPMENT Group B (Active)</proc:Name>
                                            <proc:Cost>
                                                <proc:Quantity>
                                                    <proc:CurrentYear>8</proc:CurrentYear>
                                                    <proc:BudgetYearOneBase>36</proc:BudgetYearOneBase>
                                                    <proc:BudgetYearOne>36</proc:BudgetYearOne>
                                                </proc:Quantity>
                                                <proc:TotalCost>
                                                    <proc:CurrentYear>15.083</proc:CurrentYear>
                                                    <proc:BudgetYearOneBase>56.012</proc:BudgetYearOneBase>
                                                    <proc:BudgetYearOne>56.012</proc:BudgetYearOne>
                                                </proc:TotalCost>
                                            </proc:Cost>
                                        </proc:Kit>
                                    </proc:KitList>
                                    <proc:CategorySubtotal>
                                        <proc:TotalCost>
                                            <proc:CurrentYear>15.083</proc:CurrentYear>
                                            <proc:BudgetYearOneBase>56.012</proc:BudgetYearOneBase>
                                            <proc:BudgetYearOne>56.012</proc:BudgetYearOne>
                                        </proc:TotalCost>
                                    </proc:CategorySubtotal>
                                </proc:Recurring>
                            </proc:BKits>
                            <proc:ManufacturerList>
                                <proc:Manufacturer>
                                    <proc:Name>General Dynamic Mission Systems</proc:Name>
                                    <proc:Location>Taunton, MA</proc:Location>
                                    <proc:ContractDates>
                                        <proc:CurrentYear>2025-06</proc:CurrentYear>
                                        <proc:BudgetYearOne>2025-11</proc:BudgetYearOne>
                                    </proc:ContractDates>
                                    <proc:DeliveryDates>
                                        <proc:CurrentYear>2026-01</proc:CurrentYear>
                                        <proc:BudgetYearOne>2026-06</proc:BudgetYearOne>
                                    </proc:DeliveryDates>
                                    <proc:AdminLeadTimeAfterOct1InMonths>1</proc:AdminLeadTimeAfterOct1InMonths>
                                    <proc:ProductionLeadTimeAfterOct1InMonths>7</proc:ProductionLeadTimeAfterOct1InMonths>
                                </proc:Manufacturer>
                            </proc:ManufacturerList>
                            <proc:TotalCost>
                                <proc:TotalCost>
                                    <proc:CurrentYear>15.083</proc:CurrentYear>
                                    <proc:BudgetYearOneBase>56.013</proc:BudgetYearOneBase>
                                    <proc:BudgetYearOne>56.013</proc:BudgetYearOne>
                                </proc:TotalCost>
                            </proc:TotalCost>
                        </proc:Procurement>
                        <proc:Installation>
                            <proc:ImplementationMethodList>
                                <proc:ImplementationMethod>
                                    <proc:NonOrganicInstallation>
                                        <proc:ImplementationMethodName>Contractor Facility</proc:ImplementationMethodName>
                                        <proc:InstallationCost>
                                            <proc:CurrentYear>
                                                <proc:Cost>
                                                    <proc:Quantity>
                                                        <proc:BudgetYearOneBase>8</proc:BudgetYearOneBase>
                                                        <proc:BudgetYearOne>8</proc:BudgetYearOne>
                                                    </proc:Quantity>
                                                    <proc:TotalCost>
                                                        <proc:BudgetYearOneBase>1.732</proc:BudgetYearOneBase>
                                                        <proc:BudgetYearOne>1.732</proc:BudgetYearOne>
                                                    </proc:TotalCost>
                                                </proc:Cost>
                                            </proc:CurrentYear>
                                            <proc:BudgetYearOne>
                                                <proc:Cost>
                                                    <proc:Quantity>
                                                        <proc:BudgetYearOneBase>10</proc:BudgetYearOneBase>
                                                        <proc:BudgetYearOne>10</proc:BudgetYearOne>
                                                    </proc:Quantity>
                                                    <proc:TotalCost>
                                                        <proc:BudgetYearOneBase>2.165</proc:BudgetYearOneBase>
                                                        <proc:BudgetYearOne>2.165</proc:BudgetYearOne>
                                                    </proc:TotalCost>
                                                </proc:Cost>
                                            </proc:BudgetYearOne>
                                            <proc:Total>
                                                <proc:Cost>
                                                    <proc:Quantity>
                                                        <proc:BudgetYearOneBase>18</proc:BudgetYearOneBase>
                                                        <proc:BudgetYearOne>18</proc:BudgetYearOne>
                                                    </proc:Quantity>
                                                    <proc:TotalCost>
                                                        <proc:BudgetYearOneBase>3.897</proc:BudgetYearOneBase>
                                                        <proc:BudgetYearOne>3.897</proc:BudgetYearOne>
                                                    </proc:TotalCost>
                                                </proc:Cost>
                                            </proc:Total>
                                        </proc:InstallationCost>
                                        <proc:InstallationSchedule>
                                            <proc:In>
                                                <proc:AllPriorYears>0</proc:AllPriorYears>
                                                <proc:BudgetYearOne>
                                                    <proc:SecondQuarter>8</proc:SecondQuarter>
                                                    <proc:ThirdQuarter>4</proc:ThirdQuarter>
                                                    <proc:FourthQuarter>6</proc:FourthQuarter>
                                                </proc:BudgetYearOne>
                                            </proc:In>
                                            <proc:Out>
                                                <proc:AllPriorYears>0</proc:AllPriorYears>
                                                <proc:BudgetYearOne>
                                                    <proc:SecondQuarter>8</proc:SecondQuarter>
                                                    <proc:ThirdQuarter>4</proc:ThirdQuarter>
                                                    <proc:FourthQuarter>6</proc:FourthQuarter>
                                                </proc:BudgetYearOne>
                                            </proc:Out>
                                        </proc:InstallationSchedule>
                                    </proc:NonOrganicInstallation>
                                </proc:ImplementationMethod>
                            </proc:ImplementationMethodList>
                            <proc:TotalCost>
                                <proc:Quantity>
                                    <proc:BudgetYearOneBase>18</proc:BudgetYearOneBase>
                                    <proc:BudgetYearOne>18</proc:BudgetYearOne>
                                </proc:Quantity>
                                <proc:TotalCost>
                                    <proc:BudgetYearOneBase>3.897</proc:BudgetYearOneBase>
                                    <proc:BudgetYearOne>3.897</proc:BudgetYearOne>
                                </proc:TotalCost>
                            </proc:TotalCost>
                        </proc:Installation>
                    </proc:ModificationItem>
                    <proc:ModificationItem>
                        <proc:Title>Non-HEMP</proc:Title>
                        <proc:Procurement>
                            <proc:BKits>
                                <proc:Recurring>
                                    <proc:KitList>
                                        <proc:Kit>
                                            <proc:Name>Non-HEMP:EQUIPMENT Group B (Active)</proc:Name>
                                            <proc:Cost>
                                                <proc:Quantity>
                                                    <proc:AllPriorYears>6</proc:AllPriorYears>
                                                    <proc:PriorYear>14</proc:PriorYear>
                                                </proc:Quantity>
                                                <proc:TotalCost>
                                                    <proc:AllPriorYears>9.124</proc:AllPriorYears>
                                                    <proc:PriorYear>13.062</proc:PriorYear>
                                                </proc:TotalCost>
                                            </proc:Cost>
                                        </proc:Kit>
                                    </proc:KitList>
                                    <proc:CategorySubtotal>
                                        <proc:TotalCost>
                                            <proc:AllPriorYears>9.124</proc:AllPriorYears>
                                            <proc:PriorYear>13.062</proc:PriorYear>
                                        </proc:TotalCost>
                                    </proc:CategorySubtotal>
                                </proc:Recurring>
                            </proc:BKits>
                            <proc:ManufacturerList>
                                <proc:Manufacturer>
                                    <proc:Name>General Dynamic Mission Systems</proc:Name>
                                    <proc:Location>Taunton, MA</proc:Location>
                                    <proc:ContractDates>
                                        <proc:PriorYear>2024-01</proc:PriorYear>
                                    </proc:ContractDates>
                                    <proc:DeliveryDates>
                                        <proc:PriorYear>2025-02</proc:PriorYear>
                                    </proc:DeliveryDates>
                                    <proc:AdminLeadTimeAfterOct1InMonths>1</proc:AdminLeadTimeAfterOct1InMonths>
                                    <proc:ProductionLeadTimeAfterOct1InMonths>13</proc:ProductionLeadTimeAfterOct1InMonths>
                                </proc:Manufacturer>
                            </proc:ManufacturerList>
                            <proc:TotalCost>
                                <proc:TotalCost>
                                    <proc:AllPriorYears>9.124</proc:AllPriorYears>
                                    <proc:PriorYear>13.062</proc:PriorYear>
                                </proc:TotalCost>
                            </proc:TotalCost>
                        </proc:Procurement>
                        <proc:Installation>
                            <proc:ImplementationMethodList>
                                <proc:ImplementationMethod>
                                    <proc:NonOrganicInstallation>
                                        <proc:ImplementationMethodName>Contractor Facility</proc:ImplementationMethodName>
                                        <proc:InstallationCost>
                                            <proc:AllPriorYears>
                                                <proc:Cost>
                                                    <proc:Quantity>
                                                        <proc:CurrentYear>6</proc:CurrentYear>
                                                    </proc:Quantity>
                                                    <proc:TotalCost>
                                                        <proc:CurrentYear>0.722</proc:CurrentYear>
                                                    </proc:TotalCost>
                                                </proc:Cost>
                                            </proc:AllPriorYears>
                                            <proc:PriorYear>
                                                <proc:Cost>
                                                    <proc:Quantity>
                                                        <proc:CurrentYear>14</proc:CurrentYear>
                                                    </proc:Quantity>
                                                    <proc:TotalCost>
                                                        <proc:CurrentYear>1.686</proc:CurrentYear>
                                                    </proc:TotalCost>
                                                </proc:Cost>
                                            </proc:PriorYear>
                                            <proc:Total>
                                                <proc:Cost>
                                                    <proc:Quantity>
                                                        <proc:CurrentYear>20</proc:CurrentYear>
                                                    </proc:Quantity>
                                                    <proc:TotalCost>
                                                        <proc:CurrentYear>2.408</proc:CurrentYear>
                                                    </proc:TotalCost>
                                                </proc:Cost>
                                            </proc:Total>
                                        </proc:InstallationCost>
                                        <proc:InstallationSchedule>
                                            <proc:In>
                                                <proc:AllPriorYears>0</proc:AllPriorYears>
                                                <proc:CurrentYear>
                                                    <proc:FirstQuarter>6</proc:FirstQuarter>
                                                    <proc:ThirdQuarter>6</proc:ThirdQuarter>
                                                    <proc:FourthQuarter>8</proc:FourthQuarter>
                                                </proc:CurrentYear>
                                            </proc:In>
                                            <proc:Out>
                                                <proc:AllPriorYears>0</proc:AllPriorYears>
                                                <proc:CurrentYear>
                                                    <proc:FirstQuarter>6</proc:FirstQuarter>
                                                    <proc:ThirdQuarter>6</proc:ThirdQuarter>
                                                    <proc:FourthQuarter>8</proc:FourthQuarter>
                                                </proc:CurrentYear>
                                            </proc:Out>
                                        </proc:InstallationSchedule>
                                    </proc:NonOrganicInstallation>
                                </proc:ImplementationMethod>
                            </proc:ImplementationMethodList>
                            <proc:TotalCost>
                                <proc:Quantity>
                                    <proc:CurrentYear>20</proc:CurrentYear>
                                </proc:Quantity>
                                <proc:TotalCost>
                                    <proc:CurrentYear>2.408</proc:CurrentYear>
                                </proc:TotalCost>
                            </proc:TotalCost>
                        </proc:Installation>
                    </proc:ModificationItem>
                </proc:ModificationItemList>
                <proc:ProcurementSubtotal>
                    <proc:TotalCost>
                        <proc:AllPriorYears>9.124</proc:AllPriorYears>
                        <proc:PriorYear>13.062</proc:PriorYear>
                        <proc:CurrentYear>15.083</proc:CurrentYear>
                        <proc:BudgetYearOneBase>56.013</proc:BudgetYearOneBase>
                        <proc:BudgetYearOne>56.013</proc:BudgetYearOne>
                    </proc:TotalCost>
                </proc:ProcurementSubtotal>
                <proc:InstallationSubtotal>
                    <proc:Quantity>
                        <proc:CurrentYear>20</proc:CurrentYear>
                        <proc:BudgetYearOneBase>18</proc:BudgetYearOneBase>
                        <proc:BudgetYearOne>18</proc:BudgetYearOne>
                    </proc:Quantity>
                    <proc:TotalCost>
                        <proc:CurrentYear>2.408</proc:CurrentYear>
                        <proc:BudgetYearOneBase>3.897</proc:BudgetYearOneBase>
                        <proc:BudgetYearOne>3.897</proc:BudgetYearOne>
                    </proc:TotalCost>
                </proc:InstallationSubtotal>
                <proc:Description>The Minimum Essential Emergency Communications Network (MEECN) portfolio modernizes the systems necessary to effectively provide assured communications connectivity between the President and the strategic deterrence forces in stressed environments.
 
Global Aircrew Strategic Network Terminal (Global ASNT) replaces antiquated, unsustainable strategic communications equipment at bomber, tanker and reconnaissance Wing Command Posts (WCPs), and for Mobile Support Teams (MSTs). Global ASNT is a ground-based system that will provide survivable, secure communication paths to receive Emergency Action Messages (EAMs), Force Management messages, and Force Direction messages and disseminate them to bomber, tanker, and reconnaissance aircrews.

The total cost of the Global Aircrew Strategic Network Terminal Increment 2 Middle Tier of Acquisition effort is 165.3M, including RDT&amp;E and procurement of prototype units. The Global ASNT Inc 2 RP program is not fully funded across the Future Years Defense Program. The Department of the Air Force is assessing all options to address the funding shortfalls for MTA programs including additional funding in a future budget request, performance trades based on technical maturity, or transition to alternative pathways. 

Global ASNT is being fielded in separate capability increments.

Global ASNT Increment 2 delivers an Aircrew Alerting System (AAS) consisting of personal and general alerting equipment, and High Frequency (HF) and Ultra High Frequency (UHF) capabilities. Increment 2 replaces antiquated, unsustainable Electromagnetic Pulse Hardened Dispersal Communication (EHDC) systems and Aircrew Alerting Communications Electromagnetic Pulse (AACE) systems.

RDT&amp;E funding for this exhibit is contained in PE 0303131F.

Milestone/Development Status

Production and deployment (P&amp;D) requirements include procurement, installation, and check-out of 20 non-High-Altitude Electromagnetic Pulse (HEMP) systems, 70 HEMP-hardened systems, and 20 HEMP Mod Kits to retrofit the non-HEMP systems; also included are hosting operator and maintainer training courses, site surveys in advance of installations, initial spares, Interim Contractor Support (ICS), Contractor Logistics Support (CLS), Program Office Support, Government Test Support, Other Government Costs (OGC) and initial Security Classification Guide (SCG) implementation activities.</proc:Description>
            </proc:P3AModificationItemGroup>
        </proc:ItemExhibitList>
        <proc:DocumentAssemblyOptions>
            <proc:p40AItemScheduleSetting>expandItemSuppressExhibit</proc:p40AItemScheduleSetting>
        </proc:DocumentAssemblyOptions>
    </proc:LineItem>
</proc:LineItemList>