<?xml version="1.0" encoding="UTF-8"?>
<proc:LineItemList xmlns:proc="http://www.dtic.mil/comptroller/xml/schema/20100219/procurement">
    <proc:LineItem quantityUnits="Each" unitCostUnits="Millions" totalCostUnits="Millions" manufacturerRateUnits="Yearly">
        <proc:LineItemNumber>833160</proc:LineItemNumber>
        <proc:LineItemTitle>Cheyenne Mountain Complex</proc:LineItemTitle>
        <proc:P1LineNumber>27</proc:P1LineNumber>
        <proc:BudgetYear>2026</proc:BudgetYear>
        <proc:BudgetCycle>PB</proc:BudgetCycle>
        <proc:SubmissionDate>2025-06</proc:SubmissionDate>
        <proc:ServiceAgencyName>Air Force</proc:ServiceAgencyName>
        <proc:AppropriationNumber>3080F</proc:AppropriationNumber>
        <proc:AppropriationTitle>Other Procurement, Air Force</proc:AppropriationTitle>
        <proc:BudgetActivityNumber>3</proc:BudgetActivityNumber>
        <proc:BudgetActivityTitle>Electronics and Telecommunications Equip</proc:BudgetActivityTitle>
        <proc:BudgetSubActivityNumber>3</proc:BudgetSubActivityNumber>
        <proc:BudgetSubActivityTitle>Electronics Programs</proc:BudgetSubActivityTitle>
        <proc:ResourceSummary>
            <proc:TotalCost>
                <proc:AllPriorYears>48.489</proc:AllPriorYears>
                <proc:PriorYear>8.221</proc:PriorYear>
                <proc:CurrentYear>8.897</proc:CurrentYear>
                <proc:BudgetYearOneBase>22.021</proc:BudgetYearOneBase>
                <proc:BudgetYearOne>22.021</proc:BudgetYearOne>
            </proc:TotalCost>
            <proc:NetProcurementP1>
                <proc:AllPriorYears>48.489</proc:AllPriorYears>
                <proc:PriorYear>8.221</proc:PriorYear>
                <proc:CurrentYear>8.897</proc:CurrentYear>
                <proc:BudgetYearOneBase>22.021</proc:BudgetYearOneBase>
                <proc:BudgetYearOne>22.021</proc:BudgetYearOne>
            </proc:NetProcurementP1>
            <proc:TotalObligationAuthority>
                <proc:AllPriorYears>48.489</proc:AllPriorYears>
                <proc:PriorYear>8.221</proc:PriorYear>
                <proc:CurrentYear>8.897</proc:CurrentYear>
                <proc:BudgetYearOneBase>22.021</proc:BudgetYearOneBase>
                <proc:BudgetYearOne>22.021</proc:BudgetYearOne>
            </proc:TotalObligationAuthority>
        </proc:ResourceSummary>
        <proc:Code>B</proc:Code>
        <proc:CodeBProgramElementList>
            <proc:ProgramElementNumber>0305903F</proc:ProgramElementNumber>
        </proc:CodeBProgramElementList>
        <proc:Description>Cheyenne Mountain Complex (CMC) systems provide real-time ballistic missile warning, air defense, force management, battle management and command, control and communications for the North American Air Defense (NORAD) missions. 

PE 0305903F - Mobile Command and Control System (MC2S) 

Modification for the COMBATANT COMMANDER (CCDR), Mobile Command and Control System (MC2S); The CCDR's MC2S provides command capabilities to accomplish directed missions in the event of a national level emergency.  It provides resilient command, control, communications, computers, and intelligence (C4I) capability accomplishing directed COCOM missions.  The MC2S provides C4I for Homeland Support/Homeland Defense (HLS/HLD) and U.S. Northern Command (USNORTHCOM).

MC2S Block 05 will execute MC2S Block 05 modifications which include but are not limited to:  1) Communication system upgrades; 2) Mission and support asset upgrades; 3) Cyber security modernization; 4) Network upgrades; 5) Environmental and Filtration system upgrades along with and including initial spares and test facility updates required by the fielding of these modifications. Last two FYs of each three-year Block are not New Starts.

MC2S Block 06 will execute MC2S Block 06 modifications which include but are not limited to:  1) Communication system upgrades; 2) Mission and support asset upgrades; 3) Cyber security modernization; 4) Network upgrades; 5) Environmental and Filtration system upgrades along with and including initial spares and test facility updates required by the fielding of these modifications. Last two FYs of each three-year Block are not New Starts. FY26 efforts to include Integrated Base Defense Security System (IBDSS) is a replacement of security system components (intrusion detection system, access control system, closed-circuit television system, annunciator, cameras, sensors) for the MC2S in-garrison location at the 253 CACG on F.E. Warren AFB.

MC2S Block 07  will execute MC2S Block 07 modifications which include but are not limited to:  1) Communication system upgrades; 2) Mission and support asset upgrades; 3) Cyber security modernization; 4) Network upgrades; 5) Environmental and Filtration system upgrades along with and including initial spares and test facility updates required by the fielding of these modifications. Last two FYs of each three-year Block are not New Starts.

PE 1203906F - NCMC - ITW/AA SYSTEM

In FY 2022, P-1 Line Item 833160 / Cheyenne Mountain Complex PE 123906F efforts were transferred to Appropriation 3022F, Procurement, Space Force, P-1 Line Item SPCMOD / Space Mods, PE 123906SF Cheyenne Mountain Complex, from Appropriation 3080F due to the creation of a new Appropriation for Space Force.</proc:Description>
        <proc:Justification>PE 0305903F - Mobile Command and Control System (MC2S)

FY 2026 justification is provided on applicable P-3As.  Funding increase classified and can be addressed via proper classification channels.

The CCDR's Mobile Command and Control System (MC2S) provides a resilient command, control, communications, computers, intelligence (C4I), reliability and maintainability capability while accomplishing directed COCOM missions.  MC2S provides C4I for Homeland Security Support/Homeland Defense (HLS/HLD) and USNORTHCOM missions.  MC2S modification efforts funded in this line include upgrading MC2S shelters and incorporating additional C4I system capabilities via mobile Information Technology and Communication Upgrade projects; ensuring the platform's ability to rapidly deploy, re-constitute and operate. Different blocks do not signify a new start but rather is an internal tracking system. Blocks 06 and 07 modifications will include but are not limited to: 1) Communication system upgrades; 2) Mission and support asset upgrades; 3) Cyber security modernization, 4) Network upgrades; and 5) Environmental and Filtration system upgrades along with and including initial spares and test facility updates required by the fielding of these modification.  Due to the limited spares demand rate, and indefinite system lifespan, Life of Type buys may be required to support weapons system modifications across the active MC2S Block Programs.  Program funding will also provide Program Management Administration (PMA) support for the MC2S Block 06 and Block 07 Programs. PMA includes acquisition support/strategy, engineering and technical expertise associated with procurement; support services, test, travel and other program related costs associated with install of procurement equipment.  MC2S Block 06 will execute MC2S Block 06 modifications which include but are not limited to: 1) Communication system upgrades; 2) Mission and support asset upgrades; 3) Cyber security modernization; 4) Network upgrades; 5) Environmental and Filtration system upgrades along with and including initial spares and test facility updates required by the fielding of these modifications. Block 06 will also execute PMA acquisition support/strategy, engineering and technical expertise associated with procurement; support services, test, travel and other program related costs associated with install of procurement equipment. In addition to FY26, critical efforts include Integrated Base Defense Security System (IBDSS) is a replacement of security system components (intrusion detection system, access control system, closed-circuit television system, annunciator, cameras, sensors) for the MC2S in-garrison location at the 253 CACG on F.E. Warren AFB. Funding for this effort is in program element 0305903F and is funded IAW full funding policy.</proc:Justification>
        <proc:ItemExhibitList>
            <proc:P3AModificationItemGroup>
                <proc:ModificationTitle>Mobile Command and Control Systems Upgrade Block 06</proc:ModificationTitle>
                <proc:ModificationNumber>008</proc:ModificationNumber>
                <proc:ModificationType>Reliability &amp; Maintainability</proc:ModificationType>
                <proc:ModelsAffectedList>
                    <proc:ModelAffected>CheyenneMountainComplex</proc:ModelAffected>
                </proc:ModelsAffectedList>
                <proc:IdCode>B</proc:IdCode>
                <proc:ResourceSummary>
                    <proc:TotalCost>
                        <proc:PriorYear>0</proc:PriorYear>
                        <proc:CurrentYear>8.897</proc:CurrentYear>
                        <proc:BudgetYearOneBase>22.021</proc:BudgetYearOneBase>
                        <proc:BudgetYearOneOOC>0</proc:BudgetYearOneOOC>
                        <proc:BudgetYearOne>22.021</proc:BudgetYearOne>
                    </proc:TotalCost>
                    <proc:NetProcurementP1>
                        <proc:PriorYear>0</proc:PriorYear>
                        <proc:CurrentYear>8.897</proc:CurrentYear>
                        <proc:BudgetYearOneBase>22.021</proc:BudgetYearOneBase>
                        <proc:BudgetYearOneOOC>0</proc:BudgetYearOneOOC>
                        <proc:BudgetYearOne>22.021</proc:BudgetYearOne>
                    </proc:NetProcurementP1>
                    <proc:TotalObligationAuthority>
                        <proc:PriorYear>0</proc:PriorYear>
                        <proc:CurrentYear>8.897</proc:CurrentYear>
                        <proc:BudgetYearOneBase>22.021</proc:BudgetYearOneBase>
                        <proc:BudgetYearOneOOC>0</proc:BudgetYearOneOOC>
                        <proc:BudgetYearOne>22.021</proc:BudgetYearOne>
                    </proc:TotalObligationAuthority>
                </proc:ResourceSummary>
                <proc:SupportCost>
                    <proc:CostElementList>
                        <proc:CostElement>
                            <proc:Name>GROUP B: TOTAL NONRECURRING</proc:Name>
                            <proc:Cost>
                                <proc:TotalCost>
                                    <proc:BudgetYearOneBase>8.931</proc:BudgetYearOneBase>
                                    <proc:BudgetYearOne>8.931</proc:BudgetYearOne>
                                </proc:TotalCost>
                            </proc:Cost>
                        </proc:CostElement>
                        <proc:CostElement>
                            <proc:Name>PMA - Contractor Services</proc:Name>
                            <proc:Cost>
                                <proc:TotalCost>
                                    <proc:CurrentYear>1.578</proc:CurrentYear>
                                    <proc:BudgetYearOneBase>1.774</proc:BudgetYearOneBase>
                                    <proc:BudgetYearOne>1.774</proc:BudgetYearOne>
                                </proc:TotalCost>
                            </proc:Cost>
                        </proc:CostElement>
                    </proc:CostElementList>
                    <proc:CategorySubtotal>
                        <proc:TotalCost>
                            <proc:CurrentYear>1.578</proc:CurrentYear>
                            <proc:BudgetYearOneBase>10.705</proc:BudgetYearOneBase>
                            <proc:BudgetYearOne>10.705</proc:BudgetYearOne>
                        </proc:TotalCost>
                    </proc:CategorySubtotal>
                </proc:SupportCost>
                <proc:ModificationItemList>
                    <proc:ModificationItem>
                        <proc:Title>MC2S (7)</proc:Title>
                        <proc:Procurement>
                            <proc:BKits>
                                <proc:Recurring>
                                    <proc:KitList>
                                        <proc:Kit>
                                            <proc:Name>MC2S:EQUIPMENT Group B (Active)</proc:Name>
                                            <proc:Cost>
                                                <proc:Quantity>
                                                    <proc:CurrentYear>1</proc:CurrentYear>
                                                    <proc:BudgetYearOneBase>1</proc:BudgetYearOneBase>
                                                    <proc:BudgetYearOne>1</proc:BudgetYearOne>
                                                </proc:Quantity>
                                                <proc:TotalCost>
                                                    <proc:CurrentYear>5.612</proc:CurrentYear>
                                                    <proc:BudgetYearOneBase>9.572</proc:BudgetYearOneBase>
                                                    <proc:BudgetYearOne>9.572</proc:BudgetYearOne>
                                                </proc:TotalCost>
                                            </proc:Cost>
                                        </proc:Kit>
                                    </proc:KitList>
                                    <proc:CategorySubtotal>
                                        <proc:TotalCost>
                                            <proc:CurrentYear>5.612</proc:CurrentYear>
                                            <proc:BudgetYearOneBase>9.572</proc:BudgetYearOneBase>
                                            <proc:BudgetYearOne>9.572</proc:BudgetYearOne>
                                        </proc:TotalCost>
                                    </proc:CategorySubtotal>
                                </proc:Recurring>
                            </proc:BKits>
                            <proc:ManufacturerList>
                                <proc:Manufacturer>
                                    <proc:Name>L-3 National Security Solution, Inc</proc:Name>
                                    <proc:Location>Albuquerque, NM</proc:Location>
                                    <proc:ContractDates>
                                        <proc:CurrentYear>2025-01</proc:CurrentYear>
                                        <proc:BudgetYearOne>2026-01</proc:BudgetYearOne>
                                    </proc:ContractDates>
                                    <proc:DeliveryDates>
                                        <proc:CurrentYear>2025-09</proc:CurrentYear>
                                        <proc:BudgetYearOne>2026-09</proc:BudgetYearOne>
                                    </proc:DeliveryDates>
                                    <proc:AdminLeadTimeAfterOct1InMonths>2</proc:AdminLeadTimeAfterOct1InMonths>
                                    <proc:ProductionLeadTimeAfterOct1InMonths>8</proc:ProductionLeadTimeAfterOct1InMonths>
                                </proc:Manufacturer>
                            </proc:ManufacturerList>
                            <proc:TotalCost>
                                <proc:TotalCost>
                                    <proc:CurrentYear>5.612</proc:CurrentYear>
                                    <proc:BudgetYearOneBase>9.572</proc:BudgetYearOneBase>
                                    <proc:BudgetYearOne>9.572</proc:BudgetYearOne>
                                </proc:TotalCost>
                            </proc:TotalCost>
                        </proc:Procurement>
                        <proc:Installation>
                            <proc:ImplementationMethodList>
                                <proc:ImplementationMethod>
                                    <proc:NonOrganicInstallation>
                                        <proc:ImplementationMethodName>Contract Field Team</proc:ImplementationMethodName>
                                        <proc:InstallationCost>
                                            <proc:CurrentYear>
                                                <proc:Cost>
                                                    <proc:Quantity>
                                                        <proc:CurrentYear>1</proc:CurrentYear>
                                                    </proc:Quantity>
                                                    <proc:TotalCost>
                                                        <proc:CurrentYear>1.707</proc:CurrentYear>
                                                    </proc:TotalCost>
                                                </proc:Cost>
                                            </proc:CurrentYear>
                                            <proc:BudgetYearOne>
                                                <proc:Cost>
                                                    <proc:Quantity>
                                                        <proc:BudgetYearOneBase>1</proc:BudgetYearOneBase>
                                                        <proc:BudgetYearOne>1</proc:BudgetYearOne>
                                                    </proc:Quantity>
                                                    <proc:TotalCost>
                                                        <proc:BudgetYearOneBase>1.744</proc:BudgetYearOneBase>
                                                        <proc:BudgetYearOne>1.744</proc:BudgetYearOne>
                                                    </proc:TotalCost>
                                                </proc:Cost>
                                            </proc:BudgetYearOne>
                                            <proc:Total>
                                                <proc:Cost>
                                                    <proc:Quantity>
                                                        <proc:CurrentYear>1</proc:CurrentYear>
                                                        <proc:BudgetYearOneBase>1</proc:BudgetYearOneBase>
                                                        <proc:BudgetYearOne>1</proc:BudgetYearOne>
                                                    </proc:Quantity>
                                                    <proc:TotalCost>
                                                        <proc:CurrentYear>1.707</proc:CurrentYear>
                                                        <proc:BudgetYearOneBase>1.744</proc:BudgetYearOneBase>
                                                        <proc:BudgetYearOne>1.744</proc:BudgetYearOne>
                                                    </proc:TotalCost>
                                                </proc:Cost>
                                            </proc:Total>
                                        </proc:InstallationCost>
                                        <proc:InstallationSchedule>
                                            <proc:In>
                                                <proc:AllPriorYears>0</proc:AllPriorYears>
                                                <proc:CurrentYear>
                                                    <proc:ThirdQuarter>1</proc:ThirdQuarter>
                                                </proc:CurrentYear>
                                                <proc:BudgetYearOne>
                                                    <proc:ThirdQuarter>1</proc:ThirdQuarter>
                                                </proc:BudgetYearOne>
                                            </proc:In>
                                            <proc:Out>
                                                <proc:AllPriorYears>0</proc:AllPriorYears>
                                                <proc:CurrentYear>
                                                    <proc:ThirdQuarter>1</proc:ThirdQuarter>
                                                </proc:CurrentYear>
                                                <proc:BudgetYearOne>
                                                    <proc:ThirdQuarter>1</proc:ThirdQuarter>
                                                </proc:BudgetYearOne>
                                            </proc:Out>
                                        </proc:InstallationSchedule>
                                    </proc:NonOrganicInstallation>
                                </proc:ImplementationMethod>
                            </proc:ImplementationMethodList>
                            <proc:TotalCost>
                                <proc:Quantity>
                                    <proc:CurrentYear>1</proc:CurrentYear>
                                    <proc:BudgetYearOneBase>1</proc:BudgetYearOneBase>
                                    <proc:BudgetYearOne>1</proc:BudgetYearOne>
                                </proc:Quantity>
                                <proc:TotalCost>
                                    <proc:CurrentYear>1.707</proc:CurrentYear>
                                    <proc:BudgetYearOneBase>1.744</proc:BudgetYearOneBase>
                                    <proc:BudgetYearOne>1.744</proc:BudgetYearOne>
                                </proc:TotalCost>
                            </proc:TotalCost>
                        </proc:Installation>
                    </proc:ModificationItem>
                </proc:ModificationItemList>
                <proc:ProcurementSubtotal>
                    <proc:TotalCost>
                        <proc:CurrentYear>5.612</proc:CurrentYear>
                        <proc:BudgetYearOneBase>9.572</proc:BudgetYearOneBase>
                        <proc:BudgetYearOne>9.572</proc:BudgetYearOne>
                    </proc:TotalCost>
                </proc:ProcurementSubtotal>
                <proc:InstallationSubtotal>
                    <proc:Quantity>
                        <proc:CurrentYear>1</proc:CurrentYear>
                        <proc:BudgetYearOneBase>1</proc:BudgetYearOneBase>
                        <proc:BudgetYearOne>1</proc:BudgetYearOne>
                    </proc:Quantity>
                    <proc:TotalCost>
                        <proc:CurrentYear>1.707</proc:CurrentYear>
                        <proc:BudgetYearOneBase>1.744</proc:BudgetYearOneBase>
                        <proc:BudgetYearOne>1.744</proc:BudgetYearOne>
                    </proc:TotalCost>
                </proc:InstallationSubtotal>
                <proc:Description>COMBATANT COMMANDER (COCOM) Mobile Command and Control System (MC2S): The COCOM's MC2S provides a resilient command, control, communications, computers, intelligence (C4I), reliability and maintainability capability while accomplishing directed COCOM missions. The MC2S provides C4I for Homeland Security Support/Homeland Defense (HLS/HLD) and USNORTHCOM missions. MC2S modification efforts funded in this line include upgrading MC2S shelters and incorporating additional C4I systems capabilities via mobile Information Technology and Communication Upgrade projects; ensuring the platform's ability to rapidly deploy, re-constitute and operate. 

FY 2026 efforts will continue to fund MC2S Block 06 modifications. MC2S Block 06 modifications include but are not limited to: 1) Communication system upgrades; 2) Mission and support asset upgrades; 3) Cyber security modernization; 4) Network upgrades; 5) Environmental and Filtration system upgrades along with and including initial spares and test facility updates required by the fielding of these modifications. Due to the limited spares demand rate and indefinite system lifespan, Life of Type buys may be required to support weapon system modifications across the active MC2S Block Programs. Additionally, FY 2026 will fund PMA support for the MC2S Block 06 program initiated with FY2024 funding. PMA costs fund acquisition support strategy as well as engineering and technical expertise associated with procurement activities. In addition, PMA costs will also support equipment test, travel, and other program related costs associated with install of procurement equipment. Funding for this effort is in Program Element 0305903F and is funded IAW full funding policy. Block 06 is a continuation of Block 05.

FY 26 efforts include Integrated Base Defense Security System (IBDSS) is a replacement of security system components (intrusion detection system, access control system, closed-circuit television system, annunciator, cameras, sensors) for the MC2S in-garrison location at the 253 CACG on F.E. Warren AFB.

Milestone/Development Status

Milestone/Development Status

Sustainment</proc:Description>
            </proc:P3AModificationItemGroup>
        </proc:ItemExhibitList>
        <proc:DocumentAssemblyOptions>
            <proc:p40AItemScheduleSetting>expandItemSuppressExhibit</proc:p40AItemScheduleSetting>
        </proc:DocumentAssemblyOptions>
    </proc:LineItem>
</proc:LineItemList>