<?xml version="1.0" encoding="UTF-8"?>
<proc:LineItemList xmlns:proc="http://www.dtic.mil/comptroller/xml/schema/20100219/procurement">
    <proc:LineItem quantityUnits="Each" unitCostUnits="Millions" totalCostUnits="Millions" manufacturerRateUnits="Yearly">
        <proc:LineItemNumber>837190</proc:LineItemNumber>
        <proc:LineItemTitle>Radio Equipment</proc:LineItemTitle>
        <proc:P1LineNumber>59</proc:P1LineNumber>
        <proc:BudgetYear>2026</proc:BudgetYear>
        <proc:BudgetCycle>PB</proc:BudgetCycle>
        <proc:SubmissionDate>2025-06</proc:SubmissionDate>
        <proc:ServiceAgencyName>Air Force</proc:ServiceAgencyName>
        <proc:AppropriationNumber>3080F</proc:AppropriationNumber>
        <proc:AppropriationTitle>Other Procurement, Air Force</proc:AppropriationTitle>
        <proc:BudgetActivityNumber>3</proc:BudgetActivityNumber>
        <proc:BudgetActivityTitle>Electronics and Telecommunications Equip</proc:BudgetActivityTitle>
        <proc:BudgetSubActivityNumber>7</proc:BudgetSubActivityNumber>
        <proc:BudgetSubActivityTitle>Organization and Base</proc:BudgetSubActivityTitle>
        <proc:ResourceSummary>
            <proc:TotalCost>
                <proc:PriorYear>33.906</proc:PriorYear>
                <proc:CurrentYear>43.512</proc:CurrentYear>
                <proc:BudgetYearOneBase>50.73</proc:BudgetYearOneBase>
                <proc:BudgetYearOne>50.73</proc:BudgetYearOne>
            </proc:TotalCost>
            <proc:NetProcurementP1>
                <proc:PriorYear>33.906</proc:PriorYear>
                <proc:CurrentYear>43.512</proc:CurrentYear>
                <proc:BudgetYearOneBase>50.73</proc:BudgetYearOneBase>
                <proc:BudgetYearOne>50.73</proc:BudgetYearOne>
            </proc:NetProcurementP1>
            <proc:TotalObligationAuthority>
                <proc:PriorYear>33.906</proc:PriorYear>
                <proc:CurrentYear>43.512</proc:CurrentYear>
                <proc:BudgetYearOneBase>50.73</proc:BudgetYearOneBase>
                <proc:BudgetYearOne>50.73</proc:BudgetYearOne>
            </proc:TotalObligationAuthority>
        </proc:ResourceSummary>
        <proc:Code>A</proc:Code>
        <proc:Description>PE 0303133F HIGH FREQUENCY GLOBAL COMMUNICATIONS SYSTEM (HFGCS)
The High Frequency Global Communications System (HFGCS) program provides the Department of Defense (DoD) with a critical unique strategic asset: a global, high-power, high-frequency (HF) network. This network ensures resilient communication for both nuclear and non-nuclear command and control (NC3/C2), serving a wide range of users, including US Strategic Command (USSTRATCOM), Air Mobility Command, the White House Communications Agency, Navy submariner forces, and other government agencies like the Department of Homeland Security and the Federal Emergency Management Agency (FEMA).

HFGCS is essential for disseminating critical information to global strategic forces, especially in contested environments where satellite communications might be compromised. The program leverages a network of 13 strategically located ground stations and two network control stations equipped with modern, commercially based, HF radio technology, ensuring beyond-line-of-sight communication with aircraft, ships, and land-based platforms.

Procurement funding focuses on modernizing and maintaining this vital system by replacing outdated audio switching equipment, mitigating obsolescence issues, and enhancing cybersecurity. These upgrades will ensure HFGCS remains a reliable and resilient communication backbone for the DoD and its partners.

Specifically, this funding supports six key modernization lines of effort: improving Arctic C2, implementing robust HF waveforms across the DoD, supporting Air Force HF modernization efforts, integrating Air Operations Center HF requirements, implementing a robust Pacific Air Forces (PACAF) HF strategy for the US Indo-Pacific Command (INDOPACOM) area of responsibility (AOR), and executing NC3 HF modernization. Additionally, it covers Direct Mission Support/Program Support Costs (DMS/PMA), System Engineering, Joint Interoperability Test Center (JITC) installation testing, and shipping. 

This funding also prioritizes the acquisition of controlled, critical protection items classified as essential military communication equipment.

Funding for this exhibit contained in PE 0303133F

NOTE: Due to an administrative error, a Below Threshold Reprogramming (BTR) placed $3.499 million of FY 2024 funding into PE 0303133F instead of PE 0305158F Tactical Terminal (found in the same Weapon System Code (WSC)). The correct FY 2024 amount for 0303133F is $14.551 million. This $3.499 million is also reflected in the P-5 of this budget document and will be corrected in October 2025.

PE 0305158F TACTICAL TERMINAL (TT)
The TT program provides Integrated Broadcast Service (IBS)-compatible terminals (radios) that access the IBS broadcast providing AF warfighters strategic, operational, and tactical intelligence and threat warning information.

The TT family of systems provide both AF airborne and ground weapons systems transmit/receive and receive-only solutions.

The TT program does not provide the IBS broadcast (PE 0305179F IBS provides the IBS broadcast).

Funding for this exhibit contained in PE 0305158F.  

Please note that a BTR increased FY24 PE 0305158F budget by 3.499M for an approved budget of 19.355M. Due to an administrative error, the BTR amount of 3.499M is not reflected in PE 0305158F and instead is incorrectly reflected in PE 0303133F HIGH FREQUENCY GLOBAL COMMUNICATIONS SYSTEM (HFGCS). 

PE 0102325 ATMOSPHERIC EARLY WARNING SYSTEM

The AEWS program integrates sensors and radios to execute key Homeland Defense missions.
 
The current HF radios installed on AF aircraft &amp; ground nodes have reached obsolescence and there is a compelling need to modernize HF capabilities.  

Beyond Line of Sight (BLOS) data link is often the only recourse NORAD has to conduct Homeland Defense. NORAD has an existing and enduring BLOS requirement. Impending sunset of Link 11 will eliminate NORAD's data link capable of fulfilling many of its mission operations.</proc:Description>
        <proc:Justification>PE 0303133F HIGH FREQUENCY GLOBAL COMMUNICATIONS SYSTEM (HFGCS)

FY 2026 procurement funding for the High Frequency Global Communications System (HFGCS) focuses on modernizing the radio/network infrastructure and replacing aging antenna systems across its global network of 13 ground stations and two network control stations.  The radio/network infrastructure modernization effort prioritizes replacing outdated components with commercially available technology to enhance capabilities and ensure long-term system viability.  This includes upgrading the Unified Capabilities/Audio Communications Functionality (UC/ACF) switch to a modern system, transitioning the HFGCS network to a more robust and flexible cloud environment.  Funding will also replace the current 30-year-old high power amplifiers (HPAs) with modern equipment to reduce sustainment costs, high failure rates, and incompatibility with advanced HF waveforms.  Additionally, funding will support the installation of RT2200A radios, upgrading from obsolete legacy radios to modern, software-defined radios with enhanced capabilities, aligning with the Department of Defense's (DoD's) High Frequency (HF) modernization strategy.

Beyond these upgrades, FY 2026 funding will also support ongoing HF modernization efforts, including implementing robust waveforms and techniques to increase network resiliency and reliability.  It will also address diminishing manufacturing sources and material shortages (DMSMS) and obsolescence by procuring replacements or identifying alternative solutions for aging or obsolete components. Finally, it will fund hardware updates and integration to meet mandated cybersecurity requirements.

The High Frequency Global Antenna Replacement program replaces antennas across the enterprise that have degraded after over 35 years of operation in harsh climate conditions. This project prioritizes locations based on need and operational requirements while also addressing DMSMS and obsolescence for critical antenna components.

Finally, FY 2026 funding will also cover program support costs including program management and administration, engineering, cybersecurity initiatives, travel, operational testing, and technical interchanges.

In FY 2026, HFGCS received a $0.046 million for Advisory and Assistance Services to promote efficiencies and advance the policies of the Administration in alignment with Executive Order 14222, "Implementing the President's Department of Government Efficiency Cost Efficiency Initiative."

PE 0305158F TACTICAL TERMINAL (TT)
FY 2026 efforts include procuring and integrating security-upgraded IBS-compatible tactical terminals with the most recent software to ensure that AF weapons systems can transmit to/receive the IBS broadcast directly.
 
A phased acquisition strategy will be employed to procure 1036 tactical terminals, directly supporting the efficient integration of these terminals with corresponding weapon systems. To maintain optimal inventory levels and adapt to evolving operational needs, the total terminal requirement will be reviewed annually. 

PE 0102325F Advanced Early Warning System (AEWS)
FY25 funding is required to purchase equipment and infrastructure to enable new Satellite Communications waveform interoperability and Link-22 capable radios to ensure the smooth transition from the legacy Link-11 tactical data link capable of fulfilling many of its mission operations</proc:Justification>
        <proc:ItemExhibitList>
            <proc:P5Item>
                <proc:Name>Atmospheric Early Warning System</proc:Name>
                <proc:IdCode>A</proc:IdCode>
                <proc:ResourceSummary>
                    <proc:TotalCost>
                        <proc:PriorYear>0</proc:PriorYear>
                        <proc:CurrentYear>2.502</proc:CurrentYear>
                        <proc:BudgetYearOneBase>1.298</proc:BudgetYearOneBase>
                        <proc:BudgetYearOne>1.298</proc:BudgetYearOne>
                    </proc:TotalCost>
                    <proc:NetProcurementP1>
                        <proc:PriorYear>0</proc:PriorYear>
                        <proc:CurrentYear>2.502</proc:CurrentYear>
                        <proc:BudgetYearOneBase>1.298</proc:BudgetYearOneBase>
                        <proc:BudgetYearOne>1.298</proc:BudgetYearOne>
                    </proc:NetProcurementP1>
                    <proc:TotalObligationAuthority>
                        <proc:PriorYear>0</proc:PriorYear>
                        <proc:CurrentYear>2.502</proc:CurrentYear>
                        <proc:BudgetYearOneBase>1.298</proc:BudgetYearOneBase>
                        <proc:BudgetYearOne>1.298</proc:BudgetYearOne>
                    </proc:TotalObligationAuthority>
                </proc:ResourceSummary>
                <proc:CostElementCategoryList>
                    <proc:Hardware>
                        <proc:Name>Atmospheric Early Warning System</proc:Name>
                        <proc:Recurring>
                            <proc:CostElementList>
                                <proc:CostElement>
                                    <proc:Name>AEWS</proc:Name>
                                    <proc:Cost>
                                        <proc:Quantity>
                                            <proc:CurrentYear>36</proc:CurrentYear>
                                        </proc:Quantity>
                                        <proc:TotalCost>
                                            <proc:PriorYear>0</proc:PriorYear>
                                            <proc:CurrentYear>2.502</proc:CurrentYear>
                                            <proc:BudgetYearOneBase>1.298</proc:BudgetYearOneBase>
                                            <proc:BudgetYearOne>1.298</proc:BudgetYearOne>
                                        </proc:TotalCost>
                                        <proc:UnitCost>
                                            <proc:CurrentYear>0.069</proc:CurrentYear>
                                        </proc:UnitCost>
                                    </proc:Cost>
                                </proc:CostElement>
                            </proc:CostElementList>
                            <proc:CategorySubtotal>
                                <proc:TotalCost>
                                    <proc:PriorYear>0</proc:PriorYear>
                                    <proc:CurrentYear>2.502</proc:CurrentYear>
                                    <proc:BudgetYearOneBase>1.298</proc:BudgetYearOneBase>
                                    <proc:BudgetYearOne>1.298</proc:BudgetYearOne>
                                </proc:TotalCost>
                            </proc:CategorySubtotal>
                        </proc:Recurring>
                        <proc:CategorySubtotal>
                            <proc:TotalCost>
                                <proc:PriorYear>0</proc:PriorYear>
                                <proc:CurrentYear>2.502</proc:CurrentYear>
                                <proc:BudgetYearOneBase>1.298</proc:BudgetYearOneBase>
                                <proc:BudgetYearOne>1.298</proc:BudgetYearOne>
                            </proc:TotalCost>
                        </proc:CategorySubtotal>
                    </proc:Hardware>
                </proc:CostElementCategoryList>
            </proc:P5Item>
            <proc:P5Item>
                <proc:Name>High Frequency Radio Systems</proc:Name>
                <proc:IdCode>A</proc:IdCode>
                <proc:Remarks>1) Due to different levels of complexity, differences in equipment to be updated and length of required time necessary for modification the total cost will fluctuate between fiscal years.

2) Differences in site specific setup (due to variations between mission specific needs and differences in site type will drive differences in site specific requirements (e.g., time required, hardware required, and software required). This makes quantification impossible, as there is no single baseline to produce a quantity against.

3)Due to an administrative error, a Below Threshold Reprogramming (BTR) placed $3.499 million of FY 2024 funding into PE 0303133F instead of PE 0305158F Tactical Terminal (found in the same Weapon System Code (WSC)). The correct FY 2024 amount for 0303133F is $14.551 million. This $3.499 million is also reflected in the P-40 of this budget document and will be corrected in October 2025.</proc:Remarks>
                <proc:ResourceSummary>
                    <proc:TotalCost>
                        <proc:PriorYear>18.05</proc:PriorYear>
                        <proc:CurrentYear>34.752</proc:CurrentYear>
                        <proc:BudgetYearOneBase>35.355</proc:BudgetYearOneBase>
                        <proc:BudgetYearOne>35.355</proc:BudgetYearOne>
                    </proc:TotalCost>
                    <proc:NetProcurementP1>
                        <proc:PriorYear>18.05</proc:PriorYear>
                        <proc:CurrentYear>34.752</proc:CurrentYear>
                        <proc:BudgetYearOneBase>35.355</proc:BudgetYearOneBase>
                        <proc:BudgetYearOne>35.355</proc:BudgetYearOne>
                    </proc:NetProcurementP1>
                    <proc:TotalObligationAuthority>
                        <proc:PriorYear>18.05</proc:PriorYear>
                        <proc:CurrentYear>34.752</proc:CurrentYear>
                        <proc:BudgetYearOneBase>35.355</proc:BudgetYearOneBase>
                        <proc:BudgetYearOne>35.355</proc:BudgetYearOne>
                    </proc:TotalObligationAuthority>
                </proc:ResourceSummary>
                <proc:CostElementCategoryList>
                    <proc:Hardware>
                        <proc:Name>Hardware - Antenna Replacement Cost</proc:Name>
                        <proc:Recurring>
                            <proc:CostElementList>
                                <proc:CostElement>
                                    <proc:Name>HFGCS Station Antenna Replacements</proc:Name>
                                    <proc:Cost>
                                        <proc:Quantity>
                                            <proc:PriorYear>3</proc:PriorYear>
                                            <proc:CurrentYear>3</proc:CurrentYear>
                                            <proc:BudgetYearOneBase>3</proc:BudgetYearOneBase>
                                            <proc:BudgetYearOne>3</proc:BudgetYearOne>
                                        </proc:Quantity>
                                        <proc:TotalCost>
                                            <proc:PriorYear>5.87</proc:PriorYear>
                                            <proc:CurrentYear>7.11</proc:CurrentYear>
                                            <proc:BudgetYearOneBase>8.5</proc:BudgetYearOneBase>
                                            <proc:BudgetYearOne>8.5</proc:BudgetYearOne>
                                        </proc:TotalCost>
                                        <proc:UnitCost>
                                            <proc:PriorYear>1.957</proc:PriorYear>
                                            <proc:CurrentYear>2.37</proc:CurrentYear>
                                            <proc:BudgetYearOneBase>2.833</proc:BudgetYearOneBase>
                                            <proc:BudgetYearOne>2.833</proc:BudgetYearOne>
                                        </proc:UnitCost>
                                    </proc:Cost>
                                    <proc:ManufacturerList>
                                        <proc:Manufacturer>
                                            <proc:Name>Long Wave Inc.</proc:Name>
                                            <proc:Location>Oklahoma City, OKC</proc:Location>
                                            <proc:MinimumSustainingRate>3.00</proc:MinimumSustainingRate>
                                            <proc:MaximumProductionRate>3.00</proc:MaximumProductionRate>
                                            <proc:Rate185>3.00</proc:Rate185>
                                            <proc:InitialQuantity>
                                                <proc:AdminLeadTimeBeforeOct1InMonths>1</proc:AdminLeadTimeBeforeOct1InMonths>
                                                <proc:AdminLeadTimeAfterOct1InMonths>1</proc:AdminLeadTimeAfterOct1InMonths>
                                                <proc:ProductionLeadTimeAfterOct1InMonths>18</proc:ProductionLeadTimeAfterOct1InMonths>
                                                <proc:TotalLeadTimeAfterOct1InMonths>19</proc:TotalLeadTimeAfterOct1InMonths>
                                            </proc:InitialQuantity>
                                            <proc:ReorderQuantity>
                                                <proc:AdminLeadTimeBeforeOct1InMonths>0</proc:AdminLeadTimeBeforeOct1InMonths>
                                                <proc:AdminLeadTimeAfterOct1InMonths>0</proc:AdminLeadTimeAfterOct1InMonths>
                                                <proc:ProductionLeadTimeAfterOct1InMonths>0</proc:ProductionLeadTimeAfterOct1InMonths>
                                                <proc:TotalLeadTimeAfterOct1InMonths>0</proc:TotalLeadTimeAfterOct1InMonths>
                                            </proc:ReorderQuantity>
                                            <proc:HistoryPlanningList>
                                                <proc:HistoryPlanning>
                                                    <proc:FiscalYear>2024</proc:FiscalYear>
                                                    <proc:PCOLocation>AFLCMC Tinker AFB</proc:PCOLocation>
                                                    <proc:AwardDate>2023-10</proc:AwardDate>
                                                    <proc:FirstDeliveryDate>2025-04</proc:FirstDeliveryDate>
                                                    <proc:Quantity>3</proc:Quantity>
                                                    <proc:UnitCost>1.957</proc:UnitCost>
                                                    <proc:SpecsAvailableNow>true</proc:SpecsAvailableNow>
                                                    <proc:FundingVehicle>Various</proc:FundingVehicle>
                                                    <proc:MonthlyDeliveryScheduleList>
                                                        <proc:MonthlyDeliverySchedule>
                                                            <proc:ServiceAgencyName>Air Force</proc:ServiceAgencyName>
                                                            <proc:ProcQuantity>3</proc:ProcQuantity>
                                                            <proc:MonthlyDeliveryList>
                                                                <proc:MonthlyDelivery>
                                                                    <proc:Month>2025-04</proc:Month>
                                                                    <proc:Amount>3</proc:Amount>
                                                                </proc:MonthlyDelivery>
                                                            </proc:MonthlyDeliveryList>
                                                        </proc:MonthlyDeliverySchedule>
                                                    </proc:MonthlyDeliveryScheduleList>
                                                    <proc:MonthlyDeliveryScheduleTotal>
                                                        <proc:ProcQuantity>3</proc:ProcQuantity>
                                                        <proc:MonthlyDeliveryList>
                                                            <proc:MonthlyDelivery>
                                                                <proc:Month>2025-04</proc:Month>
                                                                <proc:Amount>3</proc:Amount>
                                                            </proc:MonthlyDelivery>
                                                        </proc:MonthlyDeliveryList>
                                                    </proc:MonthlyDeliveryScheduleTotal>
                                                </proc:HistoryPlanning>
                                                <proc:HistoryPlanning>
                                                    <proc:FiscalYear>2025</proc:FiscalYear>
                                                    <proc:PCOLocation>AFLCMC Tinker AFB</proc:PCOLocation>
                                                    <proc:AwardDate>2024-10</proc:AwardDate>
                                                    <proc:FirstDeliveryDate>2026-04</proc:FirstDeliveryDate>
                                                    <proc:Quantity>3</proc:Quantity>
                                                    <proc:UnitCost>2.370</proc:UnitCost>
                                                    <proc:SpecsAvailableNow>true</proc:SpecsAvailableNow>
                                                    <proc:FundingVehicle>Various</proc:FundingVehicle>
                                                    <proc:MonthlyDeliveryScheduleList>
                                                        <proc:MonthlyDeliverySchedule>
                                                            <proc:ServiceAgencyName>Air Force</proc:ServiceAgencyName>
                                                            <proc:ProcQuantity>3</proc:ProcQuantity>
                                                            <proc:MonthlyDeliveryList>
                                                                <proc:MonthlyDelivery>
                                                                    <proc:Month>2026-04</proc:Month>
                                                                    <proc:Amount>3</proc:Amount>
                                                                </proc:MonthlyDelivery>
                                                            </proc:MonthlyDeliveryList>
                                                        </proc:MonthlyDeliverySchedule>
                                                    </proc:MonthlyDeliveryScheduleList>
                                                    <proc:MonthlyDeliveryScheduleTotal>
                                                        <proc:ProcQuantity>3</proc:ProcQuantity>
                                                        <proc:MonthlyDeliveryList>
                                                            <proc:MonthlyDelivery>
                                                                <proc:Month>2026-04</proc:Month>
                                                                <proc:Amount>3</proc:Amount>
                                                            </proc:MonthlyDelivery>
                                                        </proc:MonthlyDeliveryList>
                                                    </proc:MonthlyDeliveryScheduleTotal>
                                                </proc:HistoryPlanning>
                                                <proc:HistoryPlanning>
                                                    <proc:FiscalYear>2026</proc:FiscalYear>
                                                    <proc:PCOLocation>AFLCMC Tinker AFB</proc:PCOLocation>
                                                    <proc:AwardDate>2025-10</proc:AwardDate>
                                                    <proc:FirstDeliveryDate>2027-04</proc:FirstDeliveryDate>
                                                    <proc:Quantity>3</proc:Quantity>
                                                    <proc:UnitCost>2.833</proc:UnitCost>
                                                    <proc:SpecsAvailableNow>true</proc:SpecsAvailableNow>
                                                    <proc:FundingVehicle>Various</proc:FundingVehicle>
                                                    <proc:MonthlyDeliveryScheduleList>
                                                        <proc:MonthlyDeliverySchedule>
                                                            <proc:ServiceAgencyName>Air Force</proc:ServiceAgencyName>
                                                            <proc:ProcQuantity>3</proc:ProcQuantity>
                                                            <proc:MonthlyDeliveryList>
                                                                <proc:MonthlyDelivery>
                                                                    <proc:Month>2027-04</proc:Month>
                                                                    <proc:Amount>3</proc:Amount>
                                                                </proc:MonthlyDelivery>
                                                            </proc:MonthlyDeliveryList>
                                                        </proc:MonthlyDeliverySchedule>
                                                    </proc:MonthlyDeliveryScheduleList>
                                                    <proc:MonthlyDeliveryScheduleTotal>
                                                        <proc:ProcQuantity>3</proc:ProcQuantity>
                                                        <proc:MonthlyDeliveryList>
                                                            <proc:MonthlyDelivery>
                                                                <proc:Month>2027-04</proc:Month>
                                                                <proc:Amount>3</proc:Amount>
                                                            </proc:MonthlyDelivery>
                                                        </proc:MonthlyDeliveryList>
                                                    </proc:MonthlyDeliveryScheduleTotal>
                                                </proc:HistoryPlanning>
                                            </proc:HistoryPlanningList>
                                        </proc:Manufacturer>
                                    </proc:ManufacturerList>
                                </proc:CostElement>
                                <proc:CostElement>
                                    <proc:Name>Antenna Site Support</proc:Name>
                                    <proc:Cost>
                                        <proc:Quantity>
                                            <proc:PriorYear>1</proc:PriorYear>
                                            <proc:CurrentYear>1</proc:CurrentYear>
                                            <proc:BudgetYearOneBase>1</proc:BudgetYearOneBase>
                                            <proc:BudgetYearOne>1</proc:BudgetYearOne>
                                        </proc:Quantity>
                                        <proc:TotalCost>
                                            <proc:PriorYear>0.375</proc:PriorYear>
                                            <proc:CurrentYear>0.425</proc:CurrentYear>
                                            <proc:BudgetYearOneBase>0.48</proc:BudgetYearOneBase>
                                            <proc:BudgetYearOne>0.48</proc:BudgetYearOne>
                                        </proc:TotalCost>
                                        <proc:UnitCost>
                                            <proc:PriorYear>0.375</proc:PriorYear>
                                            <proc:CurrentYear>0.425</proc:CurrentYear>
                                            <proc:BudgetYearOneBase>0.48</proc:BudgetYearOneBase>
                                            <proc:BudgetYearOne>0.48</proc:BudgetYearOne>
                                        </proc:UnitCost>
                                    </proc:Cost>
                                </proc:CostElement>
                            </proc:CostElementList>
                            <proc:CategorySubtotal>
                                <proc:TotalCost>
                                    <proc:PriorYear>6.245</proc:PriorYear>
                                    <proc:CurrentYear>7.535</proc:CurrentYear>
                                    <proc:BudgetYearOneBase>8.98</proc:BudgetYearOneBase>
                                    <proc:BudgetYearOne>8.98</proc:BudgetYearOne>
                                </proc:TotalCost>
                            </proc:CategorySubtotal>
                        </proc:Recurring>
                        <proc:CategorySubtotal>
                            <proc:TotalCost>
                                <proc:PriorYear>6.245</proc:PriorYear>
                                <proc:CurrentYear>7.535</proc:CurrentYear>
                                <proc:BudgetYearOneBase>8.98</proc:BudgetYearOneBase>
                                <proc:BudgetYearOne>8.98</proc:BudgetYearOne>
                            </proc:TotalCost>
                        </proc:CategorySubtotal>
                    </proc:Hardware>
                    <proc:Hardware>
                        <proc:Name>Hardware - Scope Command/Radio Network Infrastructure Cost</proc:Name>
                        <proc:Recurring>
                            <proc:CostElementList>
                                <proc:CostElement>
                                    <proc:Name>Unified Capabilities/Audio Communications Functionality (UC/ACF)</proc:Name>
                                    <proc:Cost>
                                        <proc:Quantity>
                                            <proc:BudgetYearOneBase>1</proc:BudgetYearOneBase>
                                            <proc:BudgetYearOne>1</proc:BudgetYearOne>
                                        </proc:Quantity>
                                        <proc:TotalCost>
                                            <proc:BudgetYearOneBase>0.25</proc:BudgetYearOneBase>
                                            <proc:BudgetYearOne>0.25</proc:BudgetYearOne>
                                        </proc:TotalCost>
                                        <proc:UnitCost>
                                            <proc:BudgetYearOneBase>0.25</proc:BudgetYearOneBase>
                                            <proc:BudgetYearOne>0.25</proc:BudgetYearOne>
                                        </proc:UnitCost>
                                    </proc:Cost>
                                </proc:CostElement>
                                <proc:CostElement>
                                    <proc:Name>HF Modernization</proc:Name>
                                    <proc:Cost>
                                        <proc:Quantity>
                                            <proc:CurrentYear>1</proc:CurrentYear>
                                            <proc:BudgetYearOneBase>1</proc:BudgetYearOneBase>
                                            <proc:BudgetYearOne>1</proc:BudgetYearOne>
                                        </proc:Quantity>
                                        <proc:TotalCost>
                                            <proc:CurrentYear>4.834</proc:CurrentYear>
                                            <proc:BudgetYearOneBase>3.658</proc:BudgetYearOneBase>
                                            <proc:BudgetYearOne>3.658</proc:BudgetYearOne>
                                        </proc:TotalCost>
                                        <proc:UnitCost>
                                            <proc:CurrentYear>4.834</proc:CurrentYear>
                                            <proc:BudgetYearOneBase>3.658</proc:BudgetYearOneBase>
                                            <proc:BudgetYearOne>3.658</proc:BudgetYearOne>
                                        </proc:UnitCost>
                                    </proc:Cost>
                                </proc:CostElement>
                                <proc:CostElement>
                                    <proc:Name>Scanning Receiver Modernization</proc:Name>
                                    <proc:Cost>
                                        <proc:Quantity>
                                            <proc:PriorYear>1</proc:PriorYear>
                                            <proc:CurrentYear>1</proc:CurrentYear>
                                        </proc:Quantity>
                                        <proc:TotalCost>
                                            <proc:PriorYear>0.18</proc:PriorYear>
                                            <proc:CurrentYear>3.297</proc:CurrentYear>
                                        </proc:TotalCost>
                                        <proc:UnitCost>
                                            <proc:PriorYear>0.18</proc:PriorYear>
                                            <proc:CurrentYear>3.297</proc:CurrentYear>
                                        </proc:UnitCost>
                                    </proc:Cost>
                                </proc:CostElement>
                                <proc:CostElement>
                                    <proc:Name>System Logging Modernization</proc:Name>
                                    <proc:Cost>
                                        <proc:Quantity>
                                            <proc:PriorYear>1</proc:PriorYear>
                                        </proc:Quantity>
                                        <proc:TotalCost>
                                            <proc:PriorYear>1.75</proc:PriorYear>
                                        </proc:TotalCost>
                                        <proc:UnitCost>
                                            <proc:PriorYear>1.75</proc:PriorYear>
                                        </proc:UnitCost>
                                    </proc:Cost>
                                </proc:CostElement>
                                <proc:CostElement>
                                    <proc:Name>NCS Split Site Modernization</proc:Name>
                                    <proc:Cost>
                                        <proc:Quantity>
                                            <proc:PriorYear>1</proc:PriorYear>
                                        </proc:Quantity>
                                        <proc:TotalCost>
                                            <proc:PriorYear>2.2</proc:PriorYear>
                                        </proc:TotalCost>
                                        <proc:UnitCost>
                                            <proc:PriorYear>2.2</proc:PriorYear>
                                        </proc:UnitCost>
                                    </proc:Cost>
                                </proc:CostElement>
                                <proc:CostElement>
                                    <proc:Name>HPA Replacement</proc:Name>
                                    <proc:Cost>
                                        <proc:Quantity>
                                            <proc:PriorYear>1</proc:PriorYear>
                                            <proc:CurrentYear>1</proc:CurrentYear>
                                            <proc:BudgetYearOneBase>1</proc:BudgetYearOneBase>
                                            <proc:BudgetYearOne>1</proc:BudgetYearOne>
                                        </proc:Quantity>
                                        <proc:TotalCost>
                                            <proc:PriorYear>0.18</proc:PriorYear>
                                            <proc:CurrentYear>4.739</proc:CurrentYear>
                                            <proc:BudgetYearOneBase>5.561</proc:BudgetYearOneBase>
                                            <proc:BudgetYearOne>5.561</proc:BudgetYearOne>
                                        </proc:TotalCost>
                                        <proc:UnitCost>
                                            <proc:PriorYear>0.18</proc:PriorYear>
                                            <proc:CurrentYear>4.739</proc:CurrentYear>
                                            <proc:BudgetYearOneBase>5.561</proc:BudgetYearOneBase>
                                            <proc:BudgetYearOne>5.561</proc:BudgetYearOne>
                                        </proc:UnitCost>
                                    </proc:Cost>
                                </proc:CostElement>
                                <proc:CostElement>
                                    <proc:Name>Uninterruptible Power Supply (UPS)</proc:Name>
                                    <proc:Cost>
                                        <proc:Quantity>
                                            <proc:PriorYear>1</proc:PriorYear>
                                        </proc:Quantity>
                                        <proc:TotalCost>
                                            <proc:PriorYear>1.665</proc:PriorYear>
                                        </proc:TotalCost>
                                        <proc:UnitCost>
                                            <proc:PriorYear>1.665</proc:PriorYear>
                                        </proc:UnitCost>
                                    </proc:Cost>
                                </proc:CostElement>
                                <proc:CostElement>
                                    <proc:Name>RT2200A Install/Fielding</proc:Name>
                                    <proc:Cost>
                                        <proc:Quantity>
                                            <proc:CurrentYear>1</proc:CurrentYear>
                                            <proc:BudgetYearOneBase>1</proc:BudgetYearOneBase>
                                            <proc:BudgetYearOne>1</proc:BudgetYearOne>
                                        </proc:Quantity>
                                        <proc:TotalCost>
                                            <proc:CurrentYear>10.305</proc:CurrentYear>
                                            <proc:BudgetYearOneBase>13.792</proc:BudgetYearOneBase>
                                            <proc:BudgetYearOne>13.792</proc:BudgetYearOne>
                                        </proc:TotalCost>
                                        <proc:UnitCost>
                                            <proc:CurrentYear>10.305</proc:CurrentYear>
                                            <proc:BudgetYearOneBase>13.792</proc:BudgetYearOneBase>
                                            <proc:BudgetYearOne>13.792</proc:BudgetYearOne>
                                        </proc:UnitCost>
                                    </proc:Cost>
                                    <proc:ManufacturerList>
                                        <proc:Manufacturer>
                                            <proc:Name>Collins Aerospace</proc:Name>
                                            <proc:Location>Cedar Rapids, IA</proc:Location>
                                            <proc:MinimumSustainingRate>1.00</proc:MinimumSustainingRate>
                                            <proc:MaximumProductionRate>1.00</proc:MaximumProductionRate>
                                            <proc:Rate185>1.00</proc:Rate185>
                                            <proc:InitialQuantity>
                                                <proc:AdminLeadTimeBeforeOct1InMonths>1</proc:AdminLeadTimeBeforeOct1InMonths>
                                                <proc:AdminLeadTimeAfterOct1InMonths>7</proc:AdminLeadTimeAfterOct1InMonths>
                                                <proc:ProductionLeadTimeAfterOct1InMonths>12</proc:ProductionLeadTimeAfterOct1InMonths>
                                                <proc:TotalLeadTimeAfterOct1InMonths>19</proc:TotalLeadTimeAfterOct1InMonths>
                                            </proc:InitialQuantity>
                                            <proc:ReorderQuantity>
                                                <proc:AdminLeadTimeBeforeOct1InMonths>0</proc:AdminLeadTimeBeforeOct1InMonths>
                                                <proc:AdminLeadTimeAfterOct1InMonths>0</proc:AdminLeadTimeAfterOct1InMonths>
                                                <proc:ProductionLeadTimeAfterOct1InMonths>0</proc:ProductionLeadTimeAfterOct1InMonths>
                                                <proc:TotalLeadTimeAfterOct1InMonths>0</proc:TotalLeadTimeAfterOct1InMonths>
                                            </proc:ReorderQuantity>
                                            <proc:HistoryPlanningList>
                                                <proc:HistoryPlanning>
                                                    <proc:FiscalYear>2025</proc:FiscalYear>
                                                    <proc:PCOLocation>AFLCMC Tinker AFB</proc:PCOLocation>
                                                    <proc:AwardDate>2025-04</proc:AwardDate>
                                                    <proc:FirstDeliveryDate>2026-04</proc:FirstDeliveryDate>
                                                    <proc:Quantity>1</proc:Quantity>
                                                    <proc:UnitCost>10.305</proc:UnitCost>
                                                    <proc:SpecsAvailableNow>true</proc:SpecsAvailableNow>
                                                    <proc:FundingVehicle>Various</proc:FundingVehicle>
                                                    <proc:MonthlyDeliveryScheduleList>
                                                        <proc:MonthlyDeliverySchedule>
                                                            <proc:ServiceAgencyName>Air Force</proc:ServiceAgencyName>
                                                            <proc:ProcQuantity>1</proc:ProcQuantity>
                                                            <proc:MonthlyDeliveryList>
                                                                <proc:MonthlyDelivery>
                                                                    <proc:Month>2026-04</proc:Month>
                                                                    <proc:Amount>1</proc:Amount>
                                                                </proc:MonthlyDelivery>
                                                            </proc:MonthlyDeliveryList>
                                                        </proc:MonthlyDeliverySchedule>
                                                    </proc:MonthlyDeliveryScheduleList>
                                                    <proc:MonthlyDeliveryScheduleTotal>
                                                        <proc:ProcQuantity>1</proc:ProcQuantity>
                                                        <proc:MonthlyDeliveryList>
                                                            <proc:MonthlyDelivery>
                                                                <proc:Month>2026-04</proc:Month>
                                                                <proc:Amount>1</proc:Amount>
                                                            </proc:MonthlyDelivery>
                                                        </proc:MonthlyDeliveryList>
                                                    </proc:MonthlyDeliveryScheduleTotal>
                                                </proc:HistoryPlanning>
                                                <proc:HistoryPlanning>
                                                    <proc:FiscalYear>2026</proc:FiscalYear>
                                                    <proc:PCOLocation>AFLCMC Tinker AFB</proc:PCOLocation>
                                                    <proc:AwardDate>2026-04</proc:AwardDate>
                                                    <proc:FirstDeliveryDate>2027-04</proc:FirstDeliveryDate>
                                                    <proc:Quantity>1</proc:Quantity>
                                                    <proc:UnitCost>13.792</proc:UnitCost>
                                                    <proc:SpecsAvailableNow>true</proc:SpecsAvailableNow>
                                                    <proc:FundingVehicle>Various</proc:FundingVehicle>
                                                    <proc:MonthlyDeliveryScheduleList>
                                                        <proc:MonthlyDeliverySchedule>
                                                            <proc:ServiceAgencyName>Air Force</proc:ServiceAgencyName>
                                                            <proc:ProcQuantity>1</proc:ProcQuantity>
                                                            <proc:MonthlyDeliveryList>
                                                                <proc:MonthlyDelivery>
                                                                    <proc:Month>2027-04</proc:Month>
                                                                    <proc:Amount>1</proc:Amount>
                                                                </proc:MonthlyDelivery>
                                                            </proc:MonthlyDeliveryList>
                                                        </proc:MonthlyDeliverySchedule>
                                                    </proc:MonthlyDeliveryScheduleList>
                                                    <proc:MonthlyDeliveryScheduleTotal>
                                                        <proc:ProcQuantity>1</proc:ProcQuantity>
                                                        <proc:MonthlyDeliveryList>
                                                            <proc:MonthlyDelivery>
                                                                <proc:Month>2027-04</proc:Month>
                                                                <proc:Amount>1</proc:Amount>
                                                            </proc:MonthlyDelivery>
                                                        </proc:MonthlyDeliveryList>
                                                    </proc:MonthlyDeliveryScheduleTotal>
                                                </proc:HistoryPlanning>
                                            </proc:HistoryPlanningList>
                                        </proc:Manufacturer>
                                    </proc:ManufacturerList>
                                </proc:CostElement>
                                <proc:CostElement>
                                    <proc:Name>PE 0305158F Tactical Terminal BTR (see #3 in remarks below)</proc:Name>
                                    <proc:Cost>
                                        <proc:Quantity>
                                            <proc:PriorYear>1</proc:PriorYear>
                                        </proc:Quantity>
                                        <proc:TotalCost>
                                            <proc:PriorYear>3.499</proc:PriorYear>
                                        </proc:TotalCost>
                                        <proc:UnitCost>
                                            <proc:PriorYear>3.499</proc:PriorYear>
                                        </proc:UnitCost>
                                    </proc:Cost>
                                </proc:CostElement>
                            </proc:CostElementList>
                            <proc:CategorySubtotal>
                                <proc:TotalCost>
                                    <proc:PriorYear>9.474</proc:PriorYear>
                                    <proc:CurrentYear>23.175</proc:CurrentYear>
                                    <proc:BudgetYearOneBase>23.261</proc:BudgetYearOneBase>
                                    <proc:BudgetYearOne>23.261</proc:BudgetYearOne>
                                </proc:TotalCost>
                            </proc:CategorySubtotal>
                        </proc:Recurring>
                        <proc:CategorySubtotal>
                            <proc:TotalCost>
                                <proc:PriorYear>9.474</proc:PriorYear>
                                <proc:CurrentYear>23.175</proc:CurrentYear>
                                <proc:BudgetYearOneBase>23.261</proc:BudgetYearOneBase>
                                <proc:BudgetYearOne>23.261</proc:BudgetYearOne>
                            </proc:TotalCost>
                        </proc:CategorySubtotal>
                    </proc:Hardware>
                    <proc:Support>
                        <proc:CostElementList>
                            <proc:CostElement>
                                <proc:Name>Direct Mission Support (DMS)</proc:Name>
                                <proc:Cost>
                                    <proc:TotalCost>
                                        <proc:PriorYear>0.894</proc:PriorYear>
                                        <proc:CurrentYear>1.661</proc:CurrentYear>
                                        <proc:BudgetYearOneBase>1.331</proc:BudgetYearOneBase>
                                        <proc:BudgetYearOne>1.331</proc:BudgetYearOne>
                                    </proc:TotalCost>
                                </proc:Cost>
                            </proc:CostElement>
                            <proc:CostElement>
                                <proc:Name>Management Services - Contractor Services</proc:Name>
                                <proc:Cost>
                                    <proc:TotalCost>
                                        <proc:PriorYear>1.175</proc:PriorYear>
                                        <proc:CurrentYear>1.797</proc:CurrentYear>
                                        <proc:BudgetYearOneBase>1.206</proc:BudgetYearOneBase>
                                        <proc:BudgetYearOne>1.206</proc:BudgetYearOne>
                                    </proc:TotalCost>
                                </proc:Cost>
                            </proc:CostElement>
                            <proc:CostElement>
                                <proc:Name>Management Services - Other Government Costs</proc:Name>
                                <proc:Cost>
                                    <proc:TotalCost>
                                        <proc:PriorYear>0.262</proc:PriorYear>
                                        <proc:CurrentYear>0.584</proc:CurrentYear>
                                        <proc:BudgetYearOneBase>0.577</proc:BudgetYearOneBase>
                                        <proc:BudgetYearOne>0.577</proc:BudgetYearOne>
                                    </proc:TotalCost>
                                </proc:Cost>
                            </proc:CostElement>
                        </proc:CostElementList>
                        <proc:CategorySubtotal>
                            <proc:TotalCost>
                                <proc:PriorYear>2.331</proc:PriorYear>
                                <proc:CurrentYear>4.042</proc:CurrentYear>
                                <proc:BudgetYearOneBase>3.114</proc:BudgetYearOneBase>
                                <proc:BudgetYearOne>3.114</proc:BudgetYearOne>
                            </proc:TotalCost>
                        </proc:CategorySubtotal>
                        <proc:Name>Support - DMS/MS Cost</proc:Name>
                    </proc:Support>
                </proc:CostElementCategoryList>
                <proc:OverallDeliveryScheduleRemarks>1.) Differences in site specific setup (due to variations between mission specific needs and differences in site type will drive differences in site specific requirements (e.g., time required, hardware required, and software required). This makes quantification impossible as there is no single baseline to produce a quantity against.</proc:OverallDeliveryScheduleRemarks>
            </proc:P5Item>
            <proc:P5Item>
                <proc:Name>Tactical Terminal</proc:Name>
                <proc:IdCode>A</proc:IdCode>
                <proc:ResourceSummary>
                    <proc:TotalCost>
                        <proc:PriorYear>15.856</proc:PriorYear>
                        <proc:CurrentYear>6.258</proc:CurrentYear>
                        <proc:BudgetYearOneBase>14.077</proc:BudgetYearOneBase>
                        <proc:BudgetYearOne>14.077</proc:BudgetYearOne>
                    </proc:TotalCost>
                    <proc:NetProcurementP1>
                        <proc:PriorYear>15.856</proc:PriorYear>
                        <proc:CurrentYear>6.258</proc:CurrentYear>
                        <proc:BudgetYearOneBase>14.077</proc:BudgetYearOneBase>
                        <proc:BudgetYearOne>14.077</proc:BudgetYearOne>
                    </proc:NetProcurementP1>
                    <proc:TotalObligationAuthority>
                        <proc:PriorYear>15.856</proc:PriorYear>
                        <proc:CurrentYear>6.258</proc:CurrentYear>
                        <proc:BudgetYearOneBase>14.077</proc:BudgetYearOneBase>
                        <proc:BudgetYearOne>14.077</proc:BudgetYearOne>
                    </proc:TotalObligationAuthority>
                </proc:ResourceSummary>
                <proc:CostElementCategoryList>
                    <proc:Hardware>
                        <proc:Name>Tactical Terminal (TT)</proc:Name>
                        <proc:Recurring>
                            <proc:CostElementList>
                                <proc:CostElement>
                                    <proc:Name>Tactical Terminal</proc:Name>
                                    <proc:Cost>
                                        <proc:Quantity>
                                            <proc:PriorYear>94</proc:PriorYear>
                                            <proc:CurrentYear>30</proc:CurrentYear>
                                            <proc:BudgetYearOneBase>34</proc:BudgetYearOneBase>
                                            <proc:BudgetYearOne>34</proc:BudgetYearOne>
                                        </proc:Quantity>
                                        <proc:TotalCost>
                                            <proc:PriorYear>14.664</proc:PriorYear>
                                            <proc:CurrentYear>4.68</proc:CurrentYear>
                                            <proc:BudgetYearOneBase>5.597</proc:BudgetYearOneBase>
                                            <proc:BudgetYearOne>5.597</proc:BudgetYearOne>
                                        </proc:TotalCost>
                                        <proc:UnitCost>
                                            <proc:PriorYear>0.156</proc:PriorYear>
                                            <proc:CurrentYear>0.156</proc:CurrentYear>
                                            <proc:BudgetYearOneBase>0.165</proc:BudgetYearOneBase>
                                            <proc:BudgetYearOne>0.165</proc:BudgetYearOne>
                                        </proc:UnitCost>
                                    </proc:Cost>
                                    <proc:ManufacturerList>
                                        <proc:Manufacturer>
                                            <proc:Name>Various</proc:Name>
                                            <proc:Location>Various</proc:Location>
                                            <proc:MinimumSustainingRate>34.00</proc:MinimumSustainingRate>
                                            <proc:MaximumProductionRate>34.00</proc:MaximumProductionRate>
                                            <proc:Rate185>34.00</proc:Rate185>
                                            <proc:InitialQuantity>
                                                <proc:AdminLeadTimeBeforeOct1InMonths>0</proc:AdminLeadTimeBeforeOct1InMonths>
                                                <proc:AdminLeadTimeAfterOct1InMonths>0</proc:AdminLeadTimeAfterOct1InMonths>
                                                <proc:ProductionLeadTimeAfterOct1InMonths>0</proc:ProductionLeadTimeAfterOct1InMonths>
                                                <proc:TotalLeadTimeAfterOct1InMonths>0</proc:TotalLeadTimeAfterOct1InMonths>
                                            </proc:InitialQuantity>
                                            <proc:ReorderQuantity>
                                                <proc:AdminLeadTimeBeforeOct1InMonths>1</proc:AdminLeadTimeBeforeOct1InMonths>
                                                <proc:AdminLeadTimeAfterOct1InMonths>4</proc:AdminLeadTimeAfterOct1InMonths>
                                                <proc:ProductionLeadTimeAfterOct1InMonths>11</proc:ProductionLeadTimeAfterOct1InMonths>
                                                <proc:TotalLeadTimeAfterOct1InMonths>15</proc:TotalLeadTimeAfterOct1InMonths>
                                            </proc:ReorderQuantity>
                                            <proc:HistoryPlanningList>
                                                <proc:HistoryPlanning>
                                                    <proc:FiscalYear>2024</proc:FiscalYear>
                                                    <proc:PCOLocation>AFLCMC Hanscom AFB</proc:PCOLocation>
                                                    <proc:AwardDate>2024-06</proc:AwardDate>
                                                    <proc:FirstDeliveryDate>2026-01</proc:FirstDeliveryDate>
                                                    <proc:Quantity>94</proc:Quantity>
                                                    <proc:UnitCost>0.156</proc:UnitCost>
                                                    <proc:SpecsAvailableNow>true</proc:SpecsAvailableNow>
                                                    <proc:FundingVehicle>MIPR</proc:FundingVehicle>
                                                    <proc:MonthlyDeliveryScheduleList>
                                                        <proc:MonthlyDeliverySchedule>
                                                            <proc:ServiceAgencyName>Air Force</proc:ServiceAgencyName>
                                                            <proc:ProcQuantity>94</proc:ProcQuantity>
                                                            <proc:MonthlyDeliveryList>
                                                                <proc:MonthlyDelivery>
                                                                    <proc:Month>2026-01</proc:Month>
                                                                    <proc:Amount>5</proc:Amount>
                                                                </proc:MonthlyDelivery>
                                                                <proc:MonthlyDelivery>
                                                                    <proc:Month>2026-02</proc:Month>
                                                                    <proc:Amount>15</proc:Amount>
                                                                </proc:MonthlyDelivery>
                                                                <proc:MonthlyDelivery>
                                                                    <proc:Month>2026-03</proc:Month>
                                                                    <proc:Amount>20</proc:Amount>
                                                                </proc:MonthlyDelivery>
                                                                <proc:MonthlyDelivery>
                                                                    <proc:Month>2026-04</proc:Month>
                                                                    <proc:Amount>25</proc:Amount>
                                                                </proc:MonthlyDelivery>
                                                                <proc:MonthlyDelivery>
                                                                    <proc:Month>2026-05</proc:Month>
                                                                    <proc:Amount>29</proc:Amount>
                                                                </proc:MonthlyDelivery>
                                                            </proc:MonthlyDeliveryList>
                                                        </proc:MonthlyDeliverySchedule>
                                                    </proc:MonthlyDeliveryScheduleList>
                                                    <proc:MonthlyDeliveryScheduleTotal>
                                                        <proc:ProcQuantity>94</proc:ProcQuantity>
                                                        <proc:MonthlyDeliveryList>
                                                            <proc:MonthlyDelivery>
                                                                <proc:Month>2026-01</proc:Month>
                                                                <proc:Amount>5</proc:Amount>
                                                            </proc:MonthlyDelivery>
                                                            <proc:MonthlyDelivery>
                                                                <proc:Month>2026-02</proc:Month>
                                                                <proc:Amount>15</proc:Amount>
                                                            </proc:MonthlyDelivery>
                                                            <proc:MonthlyDelivery>
                                                                <proc:Month>2026-03</proc:Month>
                                                                <proc:Amount>20</proc:Amount>
                                                            </proc:MonthlyDelivery>
                                                            <proc:MonthlyDelivery>
                                                                <proc:Month>2026-04</proc:Month>
                                                                <proc:Amount>25</proc:Amount>
                                                            </proc:MonthlyDelivery>
                                                            <proc:MonthlyDelivery>
                                                                <proc:Month>2026-05</proc:Month>
                                                                <proc:Amount>29</proc:Amount>
                                                            </proc:MonthlyDelivery>
                                                        </proc:MonthlyDeliveryList>
                                                    </proc:MonthlyDeliveryScheduleTotal>
                                                </proc:HistoryPlanning>
                                                <proc:HistoryPlanning>
                                                    <proc:FiscalYear>2025</proc:FiscalYear>
                                                    <proc:PCOLocation>AFLCMC Hanscom AFB</proc:PCOLocation>
                                                    <proc:AwardDate>2025-01</proc:AwardDate>
                                                    <proc:FirstDeliveryDate>2026-04</proc:FirstDeliveryDate>
                                                    <proc:Quantity>30</proc:Quantity>
                                                    <proc:UnitCost>0.156</proc:UnitCost>
                                                    <proc:SpecsAvailableNow>true</proc:SpecsAvailableNow>
                                                    <proc:FundingVehicle>MIPR</proc:FundingVehicle>
                                                    <proc:MonthlyDeliveryScheduleList>
                                                        <proc:MonthlyDeliverySchedule>
                                                            <proc:ServiceAgencyName>Air Force</proc:ServiceAgencyName>
                                                            <proc:ProcQuantity>30</proc:ProcQuantity>
                                                            <proc:MonthlyDeliveryList>
                                                                <proc:MonthlyDelivery>
                                                                    <proc:Month>2026-04</proc:Month>
                                                                    <proc:Amount>5</proc:Amount>
                                                                </proc:MonthlyDelivery>
                                                                <proc:MonthlyDelivery>
                                                                    <proc:Month>2026-05</proc:Month>
                                                                    <proc:Amount>10</proc:Amount>
                                                                </proc:MonthlyDelivery>
                                                                <proc:MonthlyDelivery>
                                                                    <proc:Month>2026-06</proc:Month>
                                                                    <proc:Amount>10</proc:Amount>
                                                                </proc:MonthlyDelivery>
                                                                <proc:MonthlyDelivery>
                                                                    <proc:Month>2026-07</proc:Month>
                                                                    <proc:Amount>5</proc:Amount>
                                                                </proc:MonthlyDelivery>
                                                            </proc:MonthlyDeliveryList>
                                                        </proc:MonthlyDeliverySchedule>
                                                    </proc:MonthlyDeliveryScheduleList>
                                                    <proc:MonthlyDeliveryScheduleTotal>
                                                        <proc:ProcQuantity>30</proc:ProcQuantity>
                                                        <proc:MonthlyDeliveryList>
                                                            <proc:MonthlyDelivery>
                                                                <proc:Month>2026-04</proc:Month>
                                                                <proc:Amount>5</proc:Amount>
                                                            </proc:MonthlyDelivery>
                                                            <proc:MonthlyDelivery>
                                                                <proc:Month>2026-05</proc:Month>
                                                                <proc:Amount>10</proc:Amount>
                                                            </proc:MonthlyDelivery>
                                                            <proc:MonthlyDelivery>
                                                                <proc:Month>2026-06</proc:Month>
                                                                <proc:Amount>10</proc:Amount>
                                                            </proc:MonthlyDelivery>
                                                            <proc:MonthlyDelivery>
                                                                <proc:Month>2026-07</proc:Month>
                                                                <proc:Amount>5</proc:Amount>
                                                            </proc:MonthlyDelivery>
                                                        </proc:MonthlyDeliveryList>
                                                    </proc:MonthlyDeliveryScheduleTotal>
                                                </proc:HistoryPlanning>
                                                <proc:HistoryPlanning>
                                                    <proc:FiscalYear>2026</proc:FiscalYear>
                                                    <proc:PCOLocation>AFLCMC Hanscom AFB</proc:PCOLocation>
                                                    <proc:AwardDate>2026-01</proc:AwardDate>
                                                    <proc:FirstDeliveryDate>2026-12</proc:FirstDeliveryDate>
                                                    <proc:Quantity>34</proc:Quantity>
                                                    <proc:UnitCost>0.165</proc:UnitCost>
                                                    <proc:SpecsAvailableNow>true</proc:SpecsAvailableNow>
                                                    <proc:FundingVehicle>MIPR</proc:FundingVehicle>
                                                    <proc:MonthlyDeliveryScheduleList>
                                                        <proc:MonthlyDeliverySchedule>
                                                            <proc:ServiceAgencyName>Air Force</proc:ServiceAgencyName>
                                                            <proc:ProcQuantity>34</proc:ProcQuantity>
                                                            <proc:MonthlyDeliveryList>
                                                                <proc:MonthlyDelivery>
                                                                    <proc:Month>2026-12</proc:Month>
                                                                    <proc:Amount>5</proc:Amount>
                                                                </proc:MonthlyDelivery>
                                                                <proc:MonthlyDelivery>
                                                                    <proc:Month>2027-01</proc:Month>
                                                                    <proc:Amount>9</proc:Amount>
                                                                </proc:MonthlyDelivery>
                                                                <proc:MonthlyDelivery>
                                                                    <proc:Month>2027-02</proc:Month>
                                                                    <proc:Amount>10</proc:Amount>
                                                                </proc:MonthlyDelivery>
                                                                <proc:MonthlyDelivery>
                                                                    <proc:Month>2027-03</proc:Month>
                                                                    <proc:Amount>10</proc:Amount>
                                                                </proc:MonthlyDelivery>
                                                            </proc:MonthlyDeliveryList>
                                                        </proc:MonthlyDeliverySchedule>
                                                    </proc:MonthlyDeliveryScheduleList>
                                                    <proc:MonthlyDeliveryScheduleTotal>
                                                        <proc:ProcQuantity>34</proc:ProcQuantity>
                                                        <proc:MonthlyDeliveryList>
                                                            <proc:MonthlyDelivery>
                                                                <proc:Month>2026-12</proc:Month>
                                                                <proc:Amount>5</proc:Amount>
                                                            </proc:MonthlyDelivery>
                                                            <proc:MonthlyDelivery>
                                                                <proc:Month>2027-01</proc:Month>
                                                                <proc:Amount>9</proc:Amount>
                                                            </proc:MonthlyDelivery>
                                                            <proc:MonthlyDelivery>
                                                                <proc:Month>2027-02</proc:Month>
                                                                <proc:Amount>10</proc:Amount>
                                                            </proc:MonthlyDelivery>
                                                            <proc:MonthlyDelivery>
                                                                <proc:Month>2027-03</proc:Month>
                                                                <proc:Amount>10</proc:Amount>
                                                            </proc:MonthlyDelivery>
                                                        </proc:MonthlyDeliveryList>
                                                    </proc:MonthlyDeliveryScheduleTotal>
                                                </proc:HistoryPlanning>
                                            </proc:HistoryPlanningList>
                                        </proc:Manufacturer>
                                    </proc:ManufacturerList>
                                </proc:CostElement>
                            </proc:CostElementList>
                            <proc:CategorySubtotal>
                                <proc:TotalCost>
                                    <proc:PriorYear>14.664</proc:PriorYear>
                                    <proc:CurrentYear>4.68</proc:CurrentYear>
                                    <proc:BudgetYearOneBase>5.597</proc:BudgetYearOneBase>
                                    <proc:BudgetYearOne>5.597</proc:BudgetYearOne>
                                </proc:TotalCost>
                            </proc:CategorySubtotal>
                        </proc:Recurring>
                        <proc:CategorySubtotal>
                            <proc:TotalCost>
                                <proc:PriorYear>14.664</proc:PriorYear>
                                <proc:CurrentYear>4.68</proc:CurrentYear>
                                <proc:BudgetYearOneBase>5.597</proc:BudgetYearOneBase>
                                <proc:BudgetYearOne>5.597</proc:BudgetYearOne>
                            </proc:TotalCost>
                        </proc:CategorySubtotal>
                    </proc:Hardware>
                    <proc:Software>
                        <proc:Name>Tactical Terminal (TT) Integration</proc:Name>
                        <proc:Recurring>
                            <proc:CostElementList>
                                <proc:CostElement>
                                    <proc:Name>TRS Integration with Tactical Terminal</proc:Name>
                                    <proc:Cost>
                                        <proc:Quantity>
                                            <proc:BudgetYearOneBase>1</proc:BudgetYearOneBase>
                                            <proc:BudgetYearOne>1</proc:BudgetYearOne>
                                        </proc:Quantity>
                                        <proc:TotalCost>
                                            <proc:BudgetYearOneBase>7</proc:BudgetYearOneBase>
                                            <proc:BudgetYearOne>7</proc:BudgetYearOne>
                                        </proc:TotalCost>
                                        <proc:UnitCost>
                                            <proc:BudgetYearOneBase>7</proc:BudgetYearOneBase>
                                            <proc:BudgetYearOne>7</proc:BudgetYearOne>
                                        </proc:UnitCost>
                                    </proc:Cost>
                                    <proc:ManufacturerList>
                                        <proc:Manufacturer>
                                            <proc:Name>Various</proc:Name>
                                            <proc:Location>Various</proc:Location>
                                            <proc:MinimumSustainingRate>1.00</proc:MinimumSustainingRate>
                                            <proc:MaximumProductionRate>1.00</proc:MaximumProductionRate>
                                            <proc:Rate185>1.00</proc:Rate185>
                                            <proc:InitialQuantity>
                                                <proc:AdminLeadTimeBeforeOct1InMonths>1</proc:AdminLeadTimeBeforeOct1InMonths>
                                                <proc:AdminLeadTimeAfterOct1InMonths>1</proc:AdminLeadTimeAfterOct1InMonths>
                                                <proc:ProductionLeadTimeAfterOct1InMonths>1</proc:ProductionLeadTimeAfterOct1InMonths>
                                                <proc:TotalLeadTimeAfterOct1InMonths>2</proc:TotalLeadTimeAfterOct1InMonths>
                                            </proc:InitialQuantity>
                                            <proc:ReorderQuantity>
                                                <proc:AdminLeadTimeBeforeOct1InMonths>0</proc:AdminLeadTimeBeforeOct1InMonths>
                                                <proc:AdminLeadTimeAfterOct1InMonths>0</proc:AdminLeadTimeAfterOct1InMonths>
                                                <proc:ProductionLeadTimeAfterOct1InMonths>0</proc:ProductionLeadTimeAfterOct1InMonths>
                                                <proc:TotalLeadTimeAfterOct1InMonths>0</proc:TotalLeadTimeAfterOct1InMonths>
                                            </proc:ReorderQuantity>
                                            <proc:HistoryPlanningList>
                                                <proc:HistoryPlanning>
                                                    <proc:FiscalYear>2026</proc:FiscalYear>
                                                    <proc:PCOLocation>AFLCMC Hanscom AFB</proc:PCOLocation>
                                                    <proc:AwardDate>2025-10</proc:AwardDate>
                                                    <proc:FirstDeliveryDate>2025-11</proc:FirstDeliveryDate>
                                                    <proc:Quantity>1</proc:Quantity>
                                                    <proc:UnitCost>7.000</proc:UnitCost>
                                                    <proc:SpecsAvailableNow>true</proc:SpecsAvailableNow>
                                                    <proc:FundingVehicle>MIPR</proc:FundingVehicle>
                                                    <proc:MonthlyDeliveryScheduleList>
                                                        <proc:MonthlyDeliverySchedule>
                                                            <proc:ServiceAgencyName>Air Force</proc:ServiceAgencyName>
                                                            <proc:ProcQuantity>1</proc:ProcQuantity>
                                                            <proc:MonthlyDeliveryList>
                                                                <proc:MonthlyDelivery>
                                                                    <proc:Month>2025-11</proc:Month>
                                                                    <proc:Amount>1</proc:Amount>
                                                                </proc:MonthlyDelivery>
                                                            </proc:MonthlyDeliveryList>
                                                        </proc:MonthlyDeliverySchedule>
                                                    </proc:MonthlyDeliveryScheduleList>
                                                    <proc:MonthlyDeliveryScheduleTotal>
                                                        <proc:ProcQuantity>1</proc:ProcQuantity>
                                                        <proc:MonthlyDeliveryList>
                                                            <proc:MonthlyDelivery>
                                                                <proc:Month>2025-11</proc:Month>
                                                                <proc:Amount>1</proc:Amount>
                                                            </proc:MonthlyDelivery>
                                                        </proc:MonthlyDeliveryList>
                                                    </proc:MonthlyDeliveryScheduleTotal>
                                                </proc:HistoryPlanning>
                                            </proc:HistoryPlanningList>
                                        </proc:Manufacturer>
                                    </proc:ManufacturerList>
                                </proc:CostElement>
                            </proc:CostElementList>
                            <proc:CategorySubtotal>
                                <proc:TotalCost>
                                    <proc:BudgetYearOneBase>7</proc:BudgetYearOneBase>
                                    <proc:BudgetYearOne>7</proc:BudgetYearOne>
                                </proc:TotalCost>
                            </proc:CategorySubtotal>
                        </proc:Recurring>
                        <proc:CategorySubtotal>
                            <proc:TotalCost>
                                <proc:BudgetYearOneBase>7</proc:BudgetYearOneBase>
                                <proc:BudgetYearOne>7</proc:BudgetYearOne>
                            </proc:TotalCost>
                        </proc:CategorySubtotal>
                    </proc:Software>
                    <proc:Support>
                        <proc:CostElementList>
                            <proc:CostElement>
                                <proc:Name>Program Support Costs (PSC)</proc:Name>
                                <proc:Cost>
                                    <proc:Quantity>
                                        <proc:PriorYear>1</proc:PriorYear>
                                        <proc:CurrentYear>1</proc:CurrentYear>
                                        <proc:BudgetYearOneBase>1</proc:BudgetYearOneBase>
                                        <proc:BudgetYearOne>1</proc:BudgetYearOne>
                                    </proc:Quantity>
                                    <proc:TotalCost>
                                        <proc:PriorYear>1.192</proc:PriorYear>
                                        <proc:CurrentYear>1.578</proc:CurrentYear>
                                        <proc:BudgetYearOneBase>1.48</proc:BudgetYearOneBase>
                                        <proc:BudgetYearOne>1.48</proc:BudgetYearOne>
                                    </proc:TotalCost>
                                    <proc:UnitCost>
                                        <proc:PriorYear>1.192</proc:PriorYear>
                                        <proc:CurrentYear>1.578</proc:CurrentYear>
                                        <proc:BudgetYearOneBase>1.48</proc:BudgetYearOneBase>
                                        <proc:BudgetYearOne>1.48</proc:BudgetYearOne>
                                    </proc:UnitCost>
                                </proc:Cost>
                            </proc:CostElement>
                        </proc:CostElementList>
                        <proc:CategorySubtotal>
                            <proc:TotalCost>
                                <proc:PriorYear>1.192</proc:PriorYear>
                                <proc:CurrentYear>1.578</proc:CurrentYear>
                                <proc:BudgetYearOneBase>1.48</proc:BudgetYearOneBase>
                                <proc:BudgetYearOne>1.48</proc:BudgetYearOne>
                            </proc:TotalCost>
                        </proc:CategorySubtotal>
                        <proc:Name>Tactical Terminal Support</proc:Name>
                    </proc:Support>
                </proc:CostElementCategoryList>
            </proc:P5Item>
        </proc:ItemExhibitList>
        <proc:DocumentAssemblyOptions>
            <proc:p40AItemScheduleSetting>expandItemSuppressExhibit</proc:p40AItemScheduleSetting>
        </proc:DocumentAssemblyOptions>
    </proc:LineItem>
</proc:LineItemList>