<?xml version="1.0" encoding="UTF-8"?>
<proc:LineItemList xmlns:proc="http://www.dtic.mil/comptroller/xml/schema/20100219/procurement">
    <proc:LineItem quantityUnits="Each" unitCostUnits="Millions" totalCostUnits="Millions" manufacturerRateUnits="Yearly">
        <proc:LineItemNumber>846070</proc:LineItemNumber>
        <proc:LineItemTitle>DARP RC135</proc:LineItemTitle>
        <proc:P1LineNumber>72</proc:P1LineNumber>
        <proc:BudgetYear>2026</proc:BudgetYear>
        <proc:BudgetCycle>PB</proc:BudgetCycle>
        <proc:SubmissionDate>2025-06</proc:SubmissionDate>
        <proc:ServiceAgencyName>Air Force</proc:ServiceAgencyName>
        <proc:AppropriationNumber>3080F</proc:AppropriationNumber>
        <proc:AppropriationTitle>Other Procurement, Air Force</proc:AppropriationTitle>
        <proc:BudgetActivityNumber>4</proc:BudgetActivityNumber>
        <proc:BudgetActivityTitle>Other Base Maintenance and Support Equip</proc:BudgetActivityTitle>
        <proc:BudgetSubActivityNumber>6</proc:BudgetSubActivityNumber>
        <proc:BudgetSubActivityTitle>Special Support Projects</proc:BudgetSubActivityTitle>
        <proc:ResourceSummary>
            <proc:TotalCost>
                <proc:AllPriorYears>236.662</proc:AllPriorYears>
                <proc:PriorYear>28.882</proc:PriorYear>
                <proc:CurrentYear>29.524</proc:CurrentYear>
                <proc:BudgetYearOneBase>30.136</proc:BudgetYearOneBase>
                <proc:BudgetYearOne>30.136</proc:BudgetYearOne>
            </proc:TotalCost>
            <proc:NetProcurementP1>
                <proc:AllPriorYears>236.662</proc:AllPriorYears>
                <proc:PriorYear>28.882</proc:PriorYear>
                <proc:CurrentYear>29.524</proc:CurrentYear>
                <proc:BudgetYearOneBase>30.136</proc:BudgetYearOneBase>
                <proc:BudgetYearOne>30.136</proc:BudgetYearOne>
            </proc:NetProcurementP1>
            <proc:TotalObligationAuthority>
                <proc:AllPriorYears>236.662</proc:AllPriorYears>
                <proc:PriorYear>28.882</proc:PriorYear>
                <proc:CurrentYear>29.524</proc:CurrentYear>
                <proc:BudgetYearOneBase>30.136</proc:BudgetYearOneBase>
                <proc:BudgetYearOne>30.136</proc:BudgetYearOne>
            </proc:TotalObligationAuthority>
        </proc:ResourceSummary>
        <proc:Code>A</proc:Code>
        <proc:OtherRelatedProgramElementList>
            <proc:ProgramElementNumber>0305207F</proc:ProgramElementNumber>
        </proc:OtherRelatedProgramElementList>
        <proc:Description>RC-135 procurement is executed by the Big Safari RC-135 Program Manager and is supported by various contractors.  The contractors provide services including Program Depot Maintenance (PDM), prime mission equipment overhaul, special repair activity, in-plant support (sustainment engineering, software engineering, and program management), configuration management, Line Replaceble Unit (LRU) repair, and field service maintenance and training for special operational missions.  The RC-135 Program Manager provides the full-range of weapons system management, acquisition oversight, program security and integrated logistics for the RC-135 aircraft, power plant, sensors and associated support and equipment.  Due to the rapidly changing global threat environment, the Program Manager has the authority to redirect funding as necessary to meet current stated and emerging Combatant Commander and Intelligence Community (IC) requirements.

Funding for this exhibit contained in PE 0305207F.</proc:Description>
        <proc:Justification>FY26 procurement funding acquires and installs various upgrade and enhancement modifications for ground support equipment associated with the RC-135 program.  This ground support equipment is directly tied to fielded baselines of the RC-135 V/W RIVET JOINT, RC-135S COBRA BALL, and the RC-135U COMBAT SENT.  The requirement to maintain commonality with fielded baselines necessitates the continuous modification and installation of upgrades concurrent with RC-135 aircraft entering operational status.  These ground systems are critical to the post-mission processing of highly perishable intelligence information, and supporting aircrew proficiency training, virtual simulation exercises that contribute to distributed mission training initiatives, and provide support to indigenous maintenance during aircraft deployments to "bare-base locations.  Additionally, all applicable ground support equipment is required to comply with NSA intelligence data recording formats and requirements due to the nature and sensitivity of the information.

Ground support equipment includes, but is not limited to: RIVET JOINT Mission Trainer (RJMT), Ground Data Processing System (GDPS), Mission Crew Training System (MCTS), Modular Processing System (MPS), and the Airborne Capability Extension System (ACES).</proc:Justification>
        <proc:ItemExhibitList>
            <proc:P3AModificationItemGroup>
                <proc:ModificationTitle>DARP Modification</proc:ModificationTitle>
                <proc:ModificationNumber>1</proc:ModificationNumber>
                <proc:ModificationType>Capability Improvement</proc:ModificationType>
                <proc:ModelsAffectedList>
                    <proc:ModelAffected>RC-135</proc:ModelAffected>
                </proc:ModelsAffectedList>
                <proc:IdCode>A</proc:IdCode>
                <proc:ResourceSummary>
                    <proc:TotalCost>
                        <proc:AllPriorYears>236.662</proc:AllPriorYears>
                        <proc:PriorYear>28.882</proc:PriorYear>
                        <proc:CurrentYear>29.524</proc:CurrentYear>
                        <proc:BudgetYearOneBase>30.136</proc:BudgetYearOneBase>
                        <proc:BudgetYearOneOOC>0</proc:BudgetYearOneOOC>
                        <proc:BudgetYearOne>30.136</proc:BudgetYearOne>
                    </proc:TotalCost>
                    <proc:NetProcurementP1>
                        <proc:AllPriorYears>236.662</proc:AllPriorYears>
                        <proc:PriorYear>28.882</proc:PriorYear>
                        <proc:CurrentYear>29.524</proc:CurrentYear>
                        <proc:BudgetYearOneBase>30.136</proc:BudgetYearOneBase>
                        <proc:BudgetYearOneOOC>0</proc:BudgetYearOneOOC>
                        <proc:BudgetYearOne>30.136</proc:BudgetYearOne>
                    </proc:NetProcurementP1>
                    <proc:TotalObligationAuthority>
                        <proc:AllPriorYears>236.662</proc:AllPriorYears>
                        <proc:PriorYear>28.882</proc:PriorYear>
                        <proc:CurrentYear>29.524</proc:CurrentYear>
                        <proc:BudgetYearOneBase>30.136</proc:BudgetYearOneBase>
                        <proc:BudgetYearOneOOC>0</proc:BudgetYearOneOOC>
                        <proc:BudgetYearOne>30.136</proc:BudgetYearOne>
                    </proc:TotalObligationAuthority>
                </proc:ResourceSummary>
                <proc:RelatedProgramElementList>
                    <proc:ProgramElementNumber>0305207F</proc:ProgramElementNumber>
                </proc:RelatedProgramElementList>
                <proc:ModificationItemList>
                    <proc:ModificationItem>
                        <proc:Title>BL Ground Systems</proc:Title>
                        <proc:Procurement>
                            <proc:AKits>
                                <proc:Recurring>
                                    <proc:KitList>
                                        <proc:Kit>
                                            <proc:Name>BL Ground Systems:INSTALL KITS Group A (Active)</proc:Name>
                                            <proc:Cost>
                                                <proc:Quantity>
                                                    <proc:AllPriorYears>8</proc:AllPriorYears>
                                                    <proc:PriorYear>1</proc:PriorYear>
                                                    <proc:CurrentYear>1</proc:CurrentYear>
                                                    <proc:BudgetYearOneBase>1</proc:BudgetYearOneBase>
                                                    <proc:BudgetYearOne>1</proc:BudgetYearOne>
                                                </proc:Quantity>
                                                <proc:TotalCost>
                                                    <proc:AllPriorYears>50.6</proc:AllPriorYears>
                                                    <proc:PriorYear>6.841</proc:PriorYear>
                                                    <proc:CurrentYear>6.987</proc:CurrentYear>
                                                    <proc:BudgetYearOneBase>7.226</proc:BudgetYearOneBase>
                                                    <proc:BudgetYearOne>7.226</proc:BudgetYearOne>
                                                </proc:TotalCost>
                                            </proc:Cost>
                                        </proc:Kit>
                                    </proc:KitList>
                                    <proc:CategorySubtotal>
                                        <proc:TotalCost>
                                            <proc:AllPriorYears>50.6</proc:AllPriorYears>
                                            <proc:PriorYear>6.841</proc:PriorYear>
                                            <proc:CurrentYear>6.987</proc:CurrentYear>
                                            <proc:BudgetYearOneBase>7.226</proc:BudgetYearOneBase>
                                            <proc:BudgetYearOne>7.226</proc:BudgetYearOne>
                                        </proc:TotalCost>
                                    </proc:CategorySubtotal>
                                </proc:Recurring>
                            </proc:AKits>
                            <proc:BKits>
                                <proc:Recurring>
                                    <proc:KitList>
                                        <proc:Kit>
                                            <proc:Name>BL Ground Systems:EQUIPMENT Group B (Active)</proc:Name>
                                            <proc:Cost>
                                                <proc:Quantity>
                                                    <proc:AllPriorYears>8</proc:AllPriorYears>
                                                    <proc:PriorYear>1</proc:PriorYear>
                                                    <proc:CurrentYear>1</proc:CurrentYear>
                                                    <proc:BudgetYearOneBase>1</proc:BudgetYearOneBase>
                                                    <proc:BudgetYearOne>1</proc:BudgetYearOne>
                                                </proc:Quantity>
                                                <proc:TotalCost>
                                                    <proc:AllPriorYears>177.414</proc:AllPriorYears>
                                                    <proc:PriorYear>20.89</proc:PriorYear>
                                                    <proc:CurrentYear>21.361</proc:CurrentYear>
                                                    <proc:BudgetYearOneBase>21.702</proc:BudgetYearOneBase>
                                                    <proc:BudgetYearOne>21.702</proc:BudgetYearOne>
                                                </proc:TotalCost>
                                            </proc:Cost>
                                        </proc:Kit>
                                    </proc:KitList>
                                    <proc:CategorySubtotal>
                                        <proc:TotalCost>
                                            <proc:AllPriorYears>177.414</proc:AllPriorYears>
                                            <proc:PriorYear>20.89</proc:PriorYear>
                                            <proc:CurrentYear>21.361</proc:CurrentYear>
                                            <proc:BudgetYearOneBase>21.702</proc:BudgetYearOneBase>
                                            <proc:BudgetYearOne>21.702</proc:BudgetYearOne>
                                        </proc:TotalCost>
                                    </proc:CategorySubtotal>
                                </proc:Recurring>
                            </proc:BKits>
                            <proc:ManufacturerList>
                                <proc:Manufacturer>
                                    <proc:Name>L3Harris Technologies</proc:Name>
                                    <proc:Location>Greenville, TX</proc:Location>
                                    <proc:ContractDates>
                                        <proc:PriorYear>2023-12</proc:PriorYear>
                                        <proc:CurrentYear>2024-12</proc:CurrentYear>
                                        <proc:BudgetYearOne>2025-12</proc:BudgetYearOne>
                                    </proc:ContractDates>
                                    <proc:DeliveryDates>
                                        <proc:PriorYear>2024-06</proc:PriorYear>
                                        <proc:CurrentYear>2025-06</proc:CurrentYear>
                                        <proc:BudgetYearOne>2026-06</proc:BudgetYearOne>
                                    </proc:DeliveryDates>
                                    <proc:AdminLeadTimeAfterOct1InMonths>2</proc:AdminLeadTimeAfterOct1InMonths>
                                    <proc:ProductionLeadTimeAfterOct1InMonths>6</proc:ProductionLeadTimeAfterOct1InMonths>
                                </proc:Manufacturer>
                            </proc:ManufacturerList>
                            <proc:TotalCost>
                                <proc:TotalCost>
                                    <proc:AllPriorYears>228.014</proc:AllPriorYears>
                                    <proc:PriorYear>27.731</proc:PriorYear>
                                    <proc:CurrentYear>28.348</proc:CurrentYear>
                                    <proc:BudgetYearOneBase>28.928</proc:BudgetYearOneBase>
                                    <proc:BudgetYearOne>28.928</proc:BudgetYearOne>
                                </proc:TotalCost>
                            </proc:TotalCost>
                        </proc:Procurement>
                        <proc:Installation>
                            <proc:ImplementationMethodList>
                                <proc:ImplementationMethod>
                                    <proc:NonOrganicInstallation>
                                        <proc:ImplementationMethodName>Contractor Facility</proc:ImplementationMethodName>
                                        <proc:InstallationCost>
                                            <proc:AllPriorYears>
                                                <proc:Cost>
                                                    <proc:Quantity>
                                                        <proc:AllPriorYears>8</proc:AllPriorYears>
                                                    </proc:Quantity>
                                                    <proc:TotalCost>
                                                        <proc:AllPriorYears>8.648</proc:AllPriorYears>
                                                    </proc:TotalCost>
                                                </proc:Cost>
                                            </proc:AllPriorYears>
                                            <proc:PriorYear>
                                                <proc:Cost>
                                                    <proc:Quantity>
                                                        <proc:PriorYear>1</proc:PriorYear>
                                                    </proc:Quantity>
                                                    <proc:TotalCost>
                                                        <proc:PriorYear>1.151</proc:PriorYear>
                                                    </proc:TotalCost>
                                                </proc:Cost>
                                            </proc:PriorYear>
                                            <proc:CurrentYear>
                                                <proc:Cost>
                                                    <proc:Quantity>
                                                        <proc:CurrentYear>1</proc:CurrentYear>
                                                    </proc:Quantity>
                                                    <proc:TotalCost>
                                                        <proc:CurrentYear>1.176</proc:CurrentYear>
                                                    </proc:TotalCost>
                                                </proc:Cost>
                                            </proc:CurrentYear>
                                            <proc:BudgetYearOne>
                                                <proc:Cost>
                                                    <proc:Quantity>
                                                        <proc:BudgetYearOneBase>1</proc:BudgetYearOneBase>
                                                        <proc:BudgetYearOne>1</proc:BudgetYearOne>
                                                    </proc:Quantity>
                                                    <proc:TotalCost>
                                                        <proc:BudgetYearOneBase>1.208</proc:BudgetYearOneBase>
                                                        <proc:BudgetYearOne>1.208</proc:BudgetYearOne>
                                                    </proc:TotalCost>
                                                </proc:Cost>
                                            </proc:BudgetYearOne>
                                            <proc:Total>
                                                <proc:Cost>
                                                    <proc:Quantity>
                                                        <proc:AllPriorYears>8</proc:AllPriorYears>
                                                        <proc:PriorYear>1</proc:PriorYear>
                                                        <proc:CurrentYear>1</proc:CurrentYear>
                                                        <proc:BudgetYearOneBase>1</proc:BudgetYearOneBase>
                                                        <proc:BudgetYearOne>1</proc:BudgetYearOne>
                                                    </proc:Quantity>
                                                    <proc:TotalCost>
                                                        <proc:AllPriorYears>8.648</proc:AllPriorYears>
                                                        <proc:PriorYear>1.151</proc:PriorYear>
                                                        <proc:CurrentYear>1.176</proc:CurrentYear>
                                                        <proc:BudgetYearOneBase>1.208</proc:BudgetYearOneBase>
                                                        <proc:BudgetYearOne>1.208</proc:BudgetYearOne>
                                                    </proc:TotalCost>
                                                </proc:Cost>
                                            </proc:Total>
                                        </proc:InstallationCost>
                                        <proc:InstallationSchedule>
                                            <proc:In>
                                                <proc:AllPriorYears>8</proc:AllPriorYears>
                                                <proc:PriorYear>
                                                    <proc:SecondQuarter>1</proc:SecondQuarter>
                                                </proc:PriorYear>
                                                <proc:CurrentYear>
                                                    <proc:SecondQuarter>1</proc:SecondQuarter>
                                                </proc:CurrentYear>
                                                <proc:BudgetYearOne>
                                                    <proc:SecondQuarter>1</proc:SecondQuarter>
                                                </proc:BudgetYearOne>
                                            </proc:In>
                                            <proc:Out>
                                                <proc:AllPriorYears>8</proc:AllPriorYears>
                                                <proc:PriorYear>
                                                    <proc:FourthQuarter>1</proc:FourthQuarter>
                                                </proc:PriorYear>
                                                <proc:CurrentYear>
                                                    <proc:FourthQuarter>1</proc:FourthQuarter>
                                                </proc:CurrentYear>
                                                <proc:BudgetYearOne>
                                                    <proc:FourthQuarter>1</proc:FourthQuarter>
                                                </proc:BudgetYearOne>
                                            </proc:Out>
                                        </proc:InstallationSchedule>
                                    </proc:NonOrganicInstallation>
                                </proc:ImplementationMethod>
                            </proc:ImplementationMethodList>
                            <proc:TotalCost>
                                <proc:Quantity>
                                    <proc:AllPriorYears>8</proc:AllPriorYears>
                                    <proc:PriorYear>1</proc:PriorYear>
                                    <proc:CurrentYear>1</proc:CurrentYear>
                                    <proc:BudgetYearOneBase>1</proc:BudgetYearOneBase>
                                    <proc:BudgetYearOne>1</proc:BudgetYearOne>
                                </proc:Quantity>
                                <proc:TotalCost>
                                    <proc:AllPriorYears>8.648</proc:AllPriorYears>
                                    <proc:PriorYear>1.151</proc:PriorYear>
                                    <proc:CurrentYear>1.176</proc:CurrentYear>
                                    <proc:BudgetYearOneBase>1.208</proc:BudgetYearOneBase>
                                    <proc:BudgetYearOne>1.208</proc:BudgetYearOne>
                                </proc:TotalCost>
                            </proc:TotalCost>
                        </proc:Installation>
                    </proc:ModificationItem>
                </proc:ModificationItemList>
                <proc:ProcurementSubtotal>
                    <proc:TotalCost>
                        <proc:AllPriorYears>228.014</proc:AllPriorYears>
                        <proc:PriorYear>27.731</proc:PriorYear>
                        <proc:CurrentYear>28.348</proc:CurrentYear>
                        <proc:BudgetYearOneBase>28.928</proc:BudgetYearOneBase>
                        <proc:BudgetYearOne>28.928</proc:BudgetYearOne>
                    </proc:TotalCost>
                </proc:ProcurementSubtotal>
                <proc:InstallationSubtotal>
                    <proc:Quantity>
                        <proc:AllPriorYears>8</proc:AllPriorYears>
                        <proc:PriorYear>1</proc:PriorYear>
                        <proc:CurrentYear>1</proc:CurrentYear>
                        <proc:BudgetYearOneBase>1</proc:BudgetYearOneBase>
                        <proc:BudgetYearOne>1</proc:BudgetYearOne>
                    </proc:Quantity>
                    <proc:TotalCost>
                        <proc:AllPriorYears>8.648</proc:AllPriorYears>
                        <proc:PriorYear>1.151</proc:PriorYear>
                        <proc:CurrentYear>1.176</proc:CurrentYear>
                        <proc:BudgetYearOneBase>1.208</proc:BudgetYearOneBase>
                        <proc:BudgetYearOne>1.208</proc:BudgetYearOne>
                    </proc:TotalCost>
                </proc:InstallationSubtotal>
                <proc:Description>RC-135 procurement is executed by the Big Safari RC-135 Program Manager and is supported by various contractors.  The contractors provide services including Program Depot Maintenance (PDM), prime mission equipment overhaul, special repair activity, in-plant support (sustainment engineering, software engineering, and program management), configuration management, LRU repair, and field service maintenance and training for special operational missions.  The RC-135 Program Manager provides the full-range of weapons system management, acquisition oversight, program security and integrated logistics for the RC-135 aircraft, power plant, sensors and associated support and equipment.  Due to the rapidly changing global threat environment, the Program Manager has the authority to redirect funding as necessary to meet current stated and emerging Combatant Commander and Intelligence Community (IC) requirements.

FY26 procurement funding acquires and installs various upgrade and enhancement modifications for ground support equipment associated with the RC-135 program. This ground support equipment is directly tied to fielded baselines of the RC-135 V/W RIVET JOINT, RC-135S COBRA BALL, and the RC-135U COMBAT SENT. The requirement to maintain commonality with fielded baselines necessitates the continuous modification and installation of upgrades concurrent with RC-135 aircraft entering operational status. These ground systems are critical to the post-mission processing of highly perishable intelligence information, and supporting aircrew proficiency training, virtual simulation exercises that contribute to distributed mission training initiatives, and provide support to indigenous maintenance during aircraft deployments to "bare-base locations. Additionally, all applicable ground support equipment is required to comply with NSA intelligence data recording formats and requirements due to the nature and sensitivity of the information.

Ground support equipment includes, but is not limited to:  Ground Data Processing System (GDPS), Mission Crew Training System (MCTS), Modular Processing System (MPS), and the Airborne Capability Extension System (ACES).

Milestone/Development Status

Fully Fielded Systems</proc:Description>
            </proc:P3AModificationItemGroup>
        </proc:ItemExhibitList>
        <proc:DocumentAssemblyOptions>
            <proc:p40AItemScheduleSetting>expandItemSuppressExhibit</proc:p40AItemScheduleSetting>
        </proc:DocumentAssemblyOptions>
    </proc:LineItem>
</proc:LineItemList>