<?xml version="1.0" encoding="UTF-8"?>
<proc:LineItemList xmlns:proc="http://www.dtic.mil/comptroller/xml/schema/20100219/procurement">
    <proc:LineItem quantityUnits="Each" unitCostUnits="Millions" totalCostUnits="Millions" manufacturerRateUnits="Yearly">
        <proc:LineItemNumber>823230</proc:LineItemNumber>
        <proc:LineItemTitle>Security And Tactical Vehicles</proc:LineItemTitle>
        <proc:P1LineNumber>7</proc:P1LineNumber>
        <proc:BudgetYear>2026</proc:BudgetYear>
        <proc:BudgetCycle>PB</proc:BudgetCycle>
        <proc:SubmissionDate>2025-06</proc:SubmissionDate>
        <proc:ServiceAgencyName>Air Force</proc:ServiceAgencyName>
        <proc:AppropriationNumber>3080F</proc:AppropriationNumber>
        <proc:AppropriationTitle>Other Procurement, Air Force</proc:AppropriationTitle>
        <proc:BudgetActivityNumber>2</proc:BudgetActivityNumber>
        <proc:BudgetActivityTitle>Vehicular Equipment</proc:BudgetActivityTitle>
        <proc:BudgetSubActivityNumber>3</proc:BudgetSubActivityNumber>
        <proc:BudgetSubActivityTitle>Special Purpose Vehicles</proc:BudgetSubActivityTitle>
        <proc:ResourceSummary>
            <proc:TotalCost>
                <proc:PriorYear>0.39</proc:PriorYear>
                <proc:CurrentYear>0.438</proc:CurrentYear>
                <proc:BudgetYearOneBase>0.129</proc:BudgetYearOneBase>
                <proc:BudgetYearOne>0.129</proc:BudgetYearOne>
            </proc:TotalCost>
            <proc:NetProcurementP1>
                <proc:PriorYear>0.39</proc:PriorYear>
                <proc:CurrentYear>0.438</proc:CurrentYear>
                <proc:BudgetYearOneBase>0.129</proc:BudgetYearOneBase>
                <proc:BudgetYearOne>0.129</proc:BudgetYearOne>
            </proc:NetProcurementP1>
            <proc:TotalObligationAuthority>
                <proc:PriorYear>0.39</proc:PriorYear>
                <proc:CurrentYear>0.438</proc:CurrentYear>
                <proc:BudgetYearOneBase>0.129</proc:BudgetYearOneBase>
                <proc:BudgetYearOne>0.129</proc:BudgetYearOne>
            </proc:TotalObligationAuthority>
        </proc:ResourceSummary>
        <proc:Code>A</proc:Code>
        <proc:SecondaryDistribution>
            <proc:ComponentList>
                <proc:Component>
                    <proc:Name>Air Force Active</proc:Name>
                    <proc:Cost>
                        <proc:Quantity>
                            <proc:PriorYear>2</proc:PriorYear>
                            <proc:CurrentYear>0</proc:CurrentYear>
                            <proc:BudgetYearOneBase>0</proc:BudgetYearOneBase>
                            <proc:BudgetYearOneOOC>0</proc:BudgetYearOneOOC>
                            <proc:BudgetYearOne>0</proc:BudgetYearOne>
                        </proc:Quantity>
                        <proc:TotalCost>
                            <proc:PriorYear>0.366</proc:PriorYear>
                            <proc:CurrentYear>0.303</proc:CurrentYear>
                            <proc:BudgetYearOneBase>0.003</proc:BudgetYearOneBase>
                            <proc:BudgetYearOneOOC>0</proc:BudgetYearOneOOC>
                            <proc:BudgetYearOne>0.003</proc:BudgetYearOne>
                        </proc:TotalCost>
                    </proc:Cost>
                </proc:Component>
                <proc:Component>
                    <proc:Name>Air National Guard</proc:Name>
                    <proc:Cost>
                        <proc:Quantity>
                            <proc:PriorYear>1</proc:PriorYear>
                            <proc:CurrentYear>5</proc:CurrentYear>
                            <proc:BudgetYearOneBase>3</proc:BudgetYearOneBase>
                            <proc:BudgetYearOneOOC>0</proc:BudgetYearOneOOC>
                            <proc:BudgetYearOne>3</proc:BudgetYearOne>
                        </proc:Quantity>
                        <proc:TotalCost>
                            <proc:PriorYear>0.024</proc:PriorYear>
                            <proc:CurrentYear>0.135</proc:CurrentYear>
                            <proc:BudgetYearOneBase>0.126</proc:BudgetYearOneBase>
                            <proc:BudgetYearOneOOC>0</proc:BudgetYearOneOOC>
                            <proc:BudgetYearOne>0.126</proc:BudgetYearOne>
                        </proc:TotalCost>
                    </proc:Cost>
                </proc:Component>
                <proc:Component>
                    <proc:Name>Air Force Reserve</proc:Name>
                    <proc:Cost>
                        <proc:Quantity>
                            <proc:PriorYear>0</proc:PriorYear>
                            <proc:CurrentYear>0</proc:CurrentYear>
                            <proc:BudgetYearOneBase>0</proc:BudgetYearOneBase>
                            <proc:BudgetYearOneOOC>0</proc:BudgetYearOneOOC>
                            <proc:BudgetYearOne>0</proc:BudgetYearOne>
                        </proc:Quantity>
                        <proc:TotalCost>
                            <proc:PriorYear>0</proc:PriorYear>
                            <proc:CurrentYear>0</proc:CurrentYear>
                            <proc:BudgetYearOneBase>0</proc:BudgetYearOneBase>
                            <proc:BudgetYearOneOOC>0</proc:BudgetYearOneOOC>
                            <proc:BudgetYearOne>0</proc:BudgetYearOne>
                        </proc:TotalCost>
                    </proc:Cost>
                </proc:Component>
            </proc:ComponentList>
            <proc:TotalCost>
                <proc:Quantity>
                    <proc:PriorYear>3</proc:PriorYear>
                    <proc:CurrentYear>5</proc:CurrentYear>
                    <proc:BudgetYearOneBase>3</proc:BudgetYearOneBase>
                    <proc:BudgetYearOneOOC>0</proc:BudgetYearOneOOC>
                    <proc:BudgetYearOne>3</proc:BudgetYearOne>
                </proc:Quantity>
                <proc:TotalCost>
                    <proc:PriorYear>0.39</proc:PriorYear>
                    <proc:CurrentYear>0.438</proc:CurrentYear>
                    <proc:BudgetYearOneBase>0.129</proc:BudgetYearOneBase>
                    <proc:BudgetYearOneOOC>0</proc:BudgetYearOneOOC>
                    <proc:BudgetYearOne>0.129</proc:BudgetYearOne>
                </proc:TotalCost>
            </proc:TotalCost>
        </proc:SecondaryDistribution>
        <proc:Description>Funding provides for a variety of security and tactical vehicles essential to strategic military operations.  This program previously procured the standard diesel-powered High Mobility Multi-Purpose Wheeled Vehicle (HMMWV) and all configurations used by the Air Force and cargo trailers.

M1101 and M1102 light tactical trailers: The M1101 and M1102 are a single axle, two wheel trailer designed to be towed by a HMMWV.  The trailers have the same tires, wheels, and track width as the HMMWV.  The only difference between the M1101 and the M1102 trailer is the model information and payload capacity.  The trailers have various applications and provide the forces with a light, nimble, rugged trailer built primarily for hauling cargo.

FIAR Compliance Statement:
- This requirement (or modification) supports performance of a full financial audit as required by title 10 U.S.C. Chapter 9A, Sec 240-D.

**Funding for this exhibit contained in PEs: 0207227F, 0502831F, and 0202834F.</proc:Description>
        <proc:Justification>- BASIS FOR FY 2026 BUDGET REQUEST: 

FY2026 procurement dollars in the amount of 0.129M will procure, but not be limited to, 3 vehicles in support of installation and unit mission requirements for Air Force personnel.
  
Quantities are based on current requirements provided by the 441 Vehicle Support Chain Operations Squadron (VSCOS) IAW the process outlined in AFI 24-302, Vehicle Management.  The requirements are generated from the priority buy model that is used to support the Planning, Programming, Budgeting and Execution (PPBE) process.  The model calculates vehicle requirements by fund year by BPAC using end of life projections based on depreciation and service life of the vehicle, cumulative sustainment cost and mission priority.    

Quantities reflected on the PDOCs show current requirements for each year supporting Active Duty, Air Force Reserve Center (AFRC), Air National Guard (ANG), Rapid Airfield Damage Repair (RADR), Regional Base Cluster Prepositioning Kits (RBCP) for PACOM, and other initiatives as they arise.

As the model applies the life expectancy/sustainment cost/mission priority logic in generating requirements, there can be gaps in individual vehicle type (NSN) requirements from year-to-year.  

Unit Cost is subject to change from year-to-year based on buy quantities, CONUS/OCONUS locations, inflation and additional requirements (options required by users).  Examples of options include, but are not limited to, specialized trailer towing packages, export (non-Ultra Low Sulfur Diesel) engines, and mission specific specialized attachments for construction vehicles.  Unit cost is also subject to change based on fluctuations in contract pricing.

Subcategories regrouped to provide more accurate average costs.

FY26 request was reduced by .010M for Advisory and Assistance Services to promote efficiencies and advance the policies of the Administration in alignment with Executive Order 14222, implementing the President's Department of Government Efficiency Cost Efficiency Initiatives.

Increase/Decrease narrative:
The Cargo Trailer reflects a 56% increase in unit cost. Industry standards such as inflation, cost of building materials (i.e. chassis, electronic components) and supply shortages are seen across the board for BPAC 823230 and all acquisition efforts. In addition, contracts that were negotiated at a certain price point are expiring in the next couple of years. The prices associated with the replacement contracts are expected to increase.</proc:Justification>
        <proc:DocumentAssemblyOptions>
            <proc:p40AItemScheduleSetting>expandItemSuppressExhibit</proc:p40AItemScheduleSetting>
        </proc:DocumentAssemblyOptions>
    </proc:LineItem>
</proc:LineItemList>