<?xml version="1.0" encoding="UTF-8"?>
<proc:LineItemList xmlns:proc="http://www.dtic.mil/comptroller/xml/schema/20100219/procurement">
    <proc:LineItem quantityUnits="Each" unitCostUnits="Millions" totalCostUnits="Millions" manufacturerRateUnits="Monthly">
        <proc:LineItemNumber>834240</proc:LineItemNumber>
        <proc:LineItemTitle>Wide Area Surveillance (WAS)</proc:LineItemTitle>
        <proc:P1LineNumber>40</proc:P1LineNumber>
        <proc:BudgetYear>2026</proc:BudgetYear>
        <proc:BudgetCycle>PB</proc:BudgetCycle>
        <proc:SubmissionDate>2025-06</proc:SubmissionDate>
        <proc:ServiceAgencyName>Air Force</proc:ServiceAgencyName>
        <proc:AppropriationNumber>3080F</proc:AppropriationNumber>
        <proc:AppropriationTitle>Other Procurement, Air Force</proc:AppropriationTitle>
        <proc:BudgetActivityNumber>3</proc:BudgetActivityNumber>
        <proc:BudgetActivityTitle>Electronics and Telecommunications Equip</proc:BudgetActivityTitle>
        <proc:BudgetSubActivityNumber>4</proc:BudgetSubActivityNumber>
        <proc:BudgetSubActivityTitle>Spcl Comm-Electronics Projects</proc:BudgetSubActivityTitle>
        <proc:ResourceSummary>
            <proc:TotalCost>
                <proc:AllPriorYears>46.594</proc:AllPriorYears>
                <proc:PriorYear>13.886</proc:PriorYear>
                <proc:CurrentYear>13.945</proc:CurrentYear>
                <proc:BudgetYearOneBase>29.617</proc:BudgetYearOneBase>
                <proc:BudgetYearOne>29.617</proc:BudgetYearOne>
            </proc:TotalCost>
            <proc:NetProcurementP1>
                <proc:AllPriorYears>46.594</proc:AllPriorYears>
                <proc:PriorYear>13.886</proc:PriorYear>
                <proc:CurrentYear>13.945</proc:CurrentYear>
                <proc:BudgetYearOneBase>29.617</proc:BudgetYearOneBase>
                <proc:BudgetYearOne>29.617</proc:BudgetYearOne>
            </proc:NetProcurementP1>
            <proc:TotalObligationAuthority>
                <proc:AllPriorYears>46.594</proc:AllPriorYears>
                <proc:PriorYear>13.886</proc:PriorYear>
                <proc:CurrentYear>13.945</proc:CurrentYear>
                <proc:BudgetYearOneBase>29.617</proc:BudgetYearOneBase>
                <proc:BudgetYearOne>29.617</proc:BudgetYearOne>
            </proc:TotalObligationAuthority>
            <proc:InitialSpares>
                <proc:PriorYear>3.142</proc:PriorYear>
            </proc:InitialSpares>
        </proc:ResourceSummary>
        <proc:Code>B</proc:Code>
        <proc:CodeBProgramElementList>
            <proc:ProgramElementNumber>0604445F</proc:ProgramElementNumber>
        </proc:CodeBProgramElementList>
        <proc:OtherRelatedProgramElementList>
            <proc:ProgramElementNumber>0604445F</proc:ProgramElementNumber>
        </proc:OtherRelatedProgramElementList>
        <proc:Description>The Wide Area Surveillance (WAS) program provides homeland defense sensors to North American Aerospace Defense Command/US Northern Command (NORAD/USNORTHCOM) for the National Capital Region (NCR).

WAS consists of two advanced sensor systems, the Stateside Affordable Radar System (STARS) and Scorpion.  Based upon existing technological capabilities, WAS detects/tracks low, slow and other asymmetrical threats in the airspace and meets the user needs of sensing stressing airborne targets in complex environments with affordable sensors. The sensor outputs are incorporated into the Battle Control Systems-Fixed (BCS-F) air picture and utilized as the NORAD/USNORTHCOM Command and Control (C2) air surveillance system of record.

The WAS strategy is an acquisition approach for full capability to produce and field highly capable and sustainable advanced sensors in the NCR. In FY26, the Air Force plans to award WAS Production Contract efforts for both STARS and the Scorpion systems, as well as perform a technical refresh of fielded sites. In FY26, the Air Force continues to procure replenishment spares and repair parts.

The FY 2026 request was reduced by $0.109 million for Advisory and Assistance Services to promote efficiencies and advance the policies of the Administration in alignment with Executive Order 14222, "Implementing the President's Department of Government Efficiency Cost Efficiency Initiative

Some aspects of the WAS program are classified and information will be provided on a need-to-know basis.

Funding for this exhibit is contained in PE 0604445F, Wide Area Surveillance.</proc:Description>
        <proc:Justification>The program increase in FY26 allows for the procurement of technology refresh assets to replace sensor systems with end of life components to maintain critical surveillance in support of homeland defense mission in the National Capitol Region.

FY26 activities will include but are not limited to the following: 

Fielding operational sensors; addressing emerging sensor capabilities; updating system infrastructure such as a system integrated lab and system health and monitoring centralized data processing capability to support operations for NORAD/NORTHCOM; supporting technical refresh of fielded sites; upgrading hardware and software to seamlessly integrate new and emerging sensors, data, and technologies; procuring end items and spares that do not qualify for Centralized Asset Management (CAM) funding; funding program and direct mission support providing management, engineering, cost and technical support for the program office; supporting potential diminishing manufacturing sources, material shortages, obsolescence solutions, sparing, and recapitalization; and procuring key components of each site that require significant lead time items.</proc:Justification>
        <proc:MDAPCode>519</proc:MDAPCode>
        <proc:ItemExhibitList>
            <proc:P5Item>
                <proc:Name>Wide Area Surveillance</proc:Name>
                <proc:IdCode>B</proc:IdCode>
                <proc:ResourceSummary>
                    <proc:TotalCost>
                        <proc:AllPriorYears>46.594</proc:AllPriorYears>
                        <proc:PriorYear>13.886</proc:PriorYear>
                        <proc:CurrentYear>13.945</proc:CurrentYear>
                        <proc:BudgetYearOneBase>29.617</proc:BudgetYearOneBase>
                        <proc:BudgetYearOne>29.617</proc:BudgetYearOne>
                    </proc:TotalCost>
                    <proc:NetProcurementP1>
                        <proc:AllPriorYears>46.594</proc:AllPriorYears>
                        <proc:PriorYear>13.886</proc:PriorYear>
                        <proc:CurrentYear>13.945</proc:CurrentYear>
                        <proc:BudgetYearOneBase>29.617</proc:BudgetYearOneBase>
                        <proc:BudgetYearOne>29.617</proc:BudgetYearOne>
                    </proc:NetProcurementP1>
                    <proc:TotalObligationAuthority>
                        <proc:AllPriorYears>46.594</proc:AllPriorYears>
                        <proc:PriorYear>13.886</proc:PriorYear>
                        <proc:CurrentYear>13.945</proc:CurrentYear>
                        <proc:BudgetYearOneBase>29.617</proc:BudgetYearOneBase>
                        <proc:BudgetYearOne>29.617</proc:BudgetYearOne>
                    </proc:TotalObligationAuthority>
                    <proc:InitialSpares>
                        <proc:PriorYear>3.142</proc:PriorYear>
                        <proc:CurrentYear>0</proc:CurrentYear>
                        <proc:BudgetYearOneBase>0</proc:BudgetYearOneBase>
                        <proc:BudgetYearOne>0</proc:BudgetYearOne>
                    </proc:InitialSpares>
                </proc:ResourceSummary>
                <proc:CostElementCategoryList>
                    <proc:Hardware>
                        <proc:Name>Wide Area Surveillance</proc:Name>
                        <proc:Recurring>
                            <proc:CostElementList>
                                <proc:CostElement>
                                    <proc:Name footnote="DMS efforts include Production site lease payments, network support, site security guards and some facility support tasks">Prime</proc:Name>
                                    <proc:Cost>
                                        <proc:Quantity>
                                            <proc:AllPriorYears>28</proc:AllPriorYears>
                                            <proc:PriorYear>4</proc:PriorYear>
                                        </proc:Quantity>
                                        <proc:TotalCost>
                                            <proc:AllPriorYears>46.594</proc:AllPriorYears>
                                            <proc:PriorYear>6.382</proc:PriorYear>
                                            <proc:BudgetYearOneBase>0</proc:BudgetYearOneBase>
                                            <proc:BudgetYearOne>0</proc:BudgetYearOne>
                                        </proc:TotalCost>
                                        <proc:UnitCost>
                                            <proc:AllPriorYears>1.664</proc:AllPriorYears>
                                            <proc:PriorYear>1.595</proc:PriorYear>
                                        </proc:UnitCost>
                                    </proc:Cost>
                                    <proc:AllPriorYearsDeliveries>0</proc:AllPriorYearsDeliveries>
                                    <proc:ManufacturerList>
                                        <proc:Manufacturer>
                                            <proc:Name>Leidos</proc:Name>
                                            <proc:Location>Various</proc:Location>
                                            <proc:MinimumSustainingRate>1.00</proc:MinimumSustainingRate>
                                            <proc:MaximumProductionRate>4.00</proc:MaximumProductionRate>
                                            <proc:Rate185>4.00</proc:Rate185>
                                            <proc:InitialQuantity>
                                                <proc:AdminLeadTimeBeforeOct1InMonths>0</proc:AdminLeadTimeBeforeOct1InMonths>
                                                <proc:AdminLeadTimeAfterOct1InMonths>0</proc:AdminLeadTimeAfterOct1InMonths>
                                                <proc:ProductionLeadTimeAfterOct1InMonths>0</proc:ProductionLeadTimeAfterOct1InMonths>
                                                <proc:TotalLeadTimeAfterOct1InMonths>0</proc:TotalLeadTimeAfterOct1InMonths>
                                            </proc:InitialQuantity>
                                            <proc:ReorderQuantity>
                                                <proc:AdminLeadTimeBeforeOct1InMonths>2</proc:AdminLeadTimeBeforeOct1InMonths>
                                                <proc:AdminLeadTimeAfterOct1InMonths>2</proc:AdminLeadTimeAfterOct1InMonths>
                                                <proc:ProductionLeadTimeAfterOct1InMonths>22</proc:ProductionLeadTimeAfterOct1InMonths>
                                                <proc:TotalLeadTimeAfterOct1InMonths>24</proc:TotalLeadTimeAfterOct1InMonths>
                                            </proc:ReorderQuantity>
                                            <proc:HistoryPlanningList>
                                                <proc:HistoryPlanning>
                                                    <proc:FiscalYear>2022</proc:FiscalYear>
                                                    <proc:PCOLocation>AFLCMC Hanscom AFB</proc:PCOLocation>
                                                    <proc:AwardDate>2022-03</proc:AwardDate>
                                                    <proc:FirstDeliveryDate>2024-02</proc:FirstDeliveryDate>
                                                    <proc:Quantity>15</proc:Quantity>
                                                    <proc:UnitCost>1.587</proc:UnitCost>
                                                    <proc:SpecsAvailableNow>false</proc:SpecsAvailableNow>
                                                    <proc:RevisionsAvailableDate>2022-01</proc:RevisionsAvailableDate>
                                                    <proc:RFPIssueDate>2021-12</proc:RFPIssueDate>
                                                    <proc:ContractMethod>C</proc:ContractMethod>
                                                    <proc:ContractType>Various</proc:ContractType>
                                                    <proc:MonthlyDeliveryScheduleList>
                                                        <proc:MonthlyDeliverySchedule>
                                                            <proc:ServiceAgencyName>Air Force</proc:ServiceAgencyName>
                                                            <proc:ProcQuantity>15</proc:ProcQuantity>
                                                            <proc:MonthlyDeliveryList>
                                                                <proc:MonthlyDelivery>
                                                                    <proc:Month>2024-02</proc:Month>
                                                                    <proc:Amount>3</proc:Amount>
                                                                </proc:MonthlyDelivery>
                                                                <proc:MonthlyDelivery>
                                                                    <proc:Month>2024-05</proc:Month>
                                                                    <proc:Amount>3</proc:Amount>
                                                                </proc:MonthlyDelivery>
                                                                <proc:MonthlyDelivery>
                                                                    <proc:Month>2024-07</proc:Month>
                                                                    <proc:Amount>3</proc:Amount>
                                                                </proc:MonthlyDelivery>
                                                                <proc:MonthlyDelivery>
                                                                    <proc:Month>2024-09</proc:Month>
                                                                    <proc:Amount>3</proc:Amount>
                                                                </proc:MonthlyDelivery>
                                                                <proc:MonthlyDelivery>
                                                                    <proc:Month>2024-12</proc:Month>
                                                                    <proc:Amount>3</proc:Amount>
                                                                </proc:MonthlyDelivery>
                                                            </proc:MonthlyDeliveryList>
                                                        </proc:MonthlyDeliverySchedule>
                                                    </proc:MonthlyDeliveryScheduleList>
                                                    <proc:MonthlyDeliveryScheduleTotal>
                                                        <proc:ProcQuantity>15</proc:ProcQuantity>
                                                        <proc:MonthlyDeliveryList>
                                                            <proc:MonthlyDelivery>
                                                                <proc:Month>2024-02</proc:Month>
                                                                <proc:Amount>3</proc:Amount>
                                                            </proc:MonthlyDelivery>
                                                            <proc:MonthlyDelivery>
                                                                <proc:Month>2024-05</proc:Month>
                                                                <proc:Amount>3</proc:Amount>
                                                            </proc:MonthlyDelivery>
                                                            <proc:MonthlyDelivery>
                                                                <proc:Month>2024-07</proc:Month>
                                                                <proc:Amount>3</proc:Amount>
                                                            </proc:MonthlyDelivery>
                                                            <proc:MonthlyDelivery>
                                                                <proc:Month>2024-09</proc:Month>
                                                                <proc:Amount>3</proc:Amount>
                                                            </proc:MonthlyDelivery>
                                                            <proc:MonthlyDelivery>
                                                                <proc:Month>2024-12</proc:Month>
                                                                <proc:Amount>3</proc:Amount>
                                                            </proc:MonthlyDelivery>
                                                        </proc:MonthlyDeliveryList>
                                                    </proc:MonthlyDeliveryScheduleTotal>
                                                </proc:HistoryPlanning>
                                                <proc:HistoryPlanning>
                                                    <proc:FiscalYear>2023</proc:FiscalYear>
                                                    <proc:PCOLocation>AFLCMC Hanscom AFB</proc:PCOLocation>
                                                    <proc:AwardDate>2022-11</proc:AwardDate>
                                                    <proc:FirstDeliveryDate>2025-02</proc:FirstDeliveryDate>
                                                    <proc:Quantity>13</proc:Quantity>
                                                    <proc:UnitCost>1.753</proc:UnitCost>
                                                    <proc:SpecsAvailableNow>false</proc:SpecsAvailableNow>
                                                    <proc:RevisionsAvailableDate>2022-10</proc:RevisionsAvailableDate>
                                                    <proc:RFPIssueDate>2022-08</proc:RFPIssueDate>
                                                    <proc:ContractMethod>SS</proc:ContractMethod>
                                                    <proc:ContractType>IDIQ</proc:ContractType>
                                                    <proc:MonthlyDeliveryScheduleList>
                                                        <proc:MonthlyDeliverySchedule>
                                                            <proc:ServiceAgencyName>Air Force</proc:ServiceAgencyName>
                                                            <proc:ProcQuantity>13</proc:ProcQuantity>
                                                            <proc:MonthlyDeliveryList>
                                                                <proc:MonthlyDelivery>
                                                                    <proc:Month>2025-02</proc:Month>
                                                                    <proc:Amount>3</proc:Amount>
                                                                </proc:MonthlyDelivery>
                                                                <proc:MonthlyDelivery>
                                                                    <proc:Month>2025-04</proc:Month>
                                                                    <proc:Amount>3</proc:Amount>
                                                                </proc:MonthlyDelivery>
                                                                <proc:MonthlyDelivery>
                                                                    <proc:Month>2025-06</proc:Month>
                                                                    <proc:Amount>3</proc:Amount>
                                                                </proc:MonthlyDelivery>
                                                                <proc:MonthlyDelivery>
                                                                    <proc:Month>2025-08</proc:Month>
                                                                    <proc:Amount>4</proc:Amount>
                                                                </proc:MonthlyDelivery>
                                                            </proc:MonthlyDeliveryList>
                                                        </proc:MonthlyDeliverySchedule>
                                                    </proc:MonthlyDeliveryScheduleList>
                                                    <proc:MonthlyDeliveryScheduleTotal>
                                                        <proc:ProcQuantity>13</proc:ProcQuantity>
                                                        <proc:MonthlyDeliveryList>
                                                            <proc:MonthlyDelivery>
                                                                <proc:Month>2025-02</proc:Month>
                                                                <proc:Amount>3</proc:Amount>
                                                            </proc:MonthlyDelivery>
                                                            <proc:MonthlyDelivery>
                                                                <proc:Month>2025-04</proc:Month>
                                                                <proc:Amount>3</proc:Amount>
                                                            </proc:MonthlyDelivery>
                                                            <proc:MonthlyDelivery>
                                                                <proc:Month>2025-06</proc:Month>
                                                                <proc:Amount>3</proc:Amount>
                                                            </proc:MonthlyDelivery>
                                                            <proc:MonthlyDelivery>
                                                                <proc:Month>2025-08</proc:Month>
                                                                <proc:Amount>4</proc:Amount>
                                                            </proc:MonthlyDelivery>
                                                        </proc:MonthlyDeliveryList>
                                                    </proc:MonthlyDeliveryScheduleTotal>
                                                </proc:HistoryPlanning>
                                                <proc:HistoryPlanning>
                                                    <proc:FiscalYear>2024</proc:FiscalYear>
                                                    <proc:PCOLocation>AFLCMC Hanscom AFB</proc:PCOLocation>
                                                    <proc:AwardDate>2023-11</proc:AwardDate>
                                                    <proc:FirstDeliveryDate>2025-09</proc:FirstDeliveryDate>
                                                    <proc:Quantity>4</proc:Quantity>
                                                    <proc:UnitCost>1.595</proc:UnitCost>
                                                    <proc:SpecsAvailableNow>false</proc:SpecsAvailableNow>
                                                    <proc:RevisionsAvailableDate>2023-10</proc:RevisionsAvailableDate>
                                                    <proc:RFPIssueDate>2022-08</proc:RFPIssueDate>
                                                    <proc:ContractMethod>SS</proc:ContractMethod>
                                                    <proc:ContractType>IDIQ</proc:ContractType>
                                                    <proc:MonthlyDeliveryScheduleList>
                                                        <proc:MonthlyDeliverySchedule>
                                                            <proc:ServiceAgencyName>Air Force</proc:ServiceAgencyName>
                                                            <proc:ProcQuantity>4</proc:ProcQuantity>
                                                            <proc:MonthlyDeliveryList>
                                                                <proc:MonthlyDelivery>
                                                                    <proc:Month>2025-09</proc:Month>
                                                                    <proc:Amount>4</proc:Amount>
                                                                </proc:MonthlyDelivery>
                                                            </proc:MonthlyDeliveryList>
                                                        </proc:MonthlyDeliverySchedule>
                                                    </proc:MonthlyDeliveryScheduleList>
                                                    <proc:MonthlyDeliveryScheduleTotal>
                                                        <proc:ProcQuantity>4</proc:ProcQuantity>
                                                        <proc:MonthlyDeliveryList>
                                                            <proc:MonthlyDelivery>
                                                                <proc:Month>2025-09</proc:Month>
                                                                <proc:Amount>4</proc:Amount>
                                                            </proc:MonthlyDelivery>
                                                        </proc:MonthlyDeliveryList>
                                                    </proc:MonthlyDeliveryScheduleTotal>
                                                </proc:HistoryPlanning>
                                            </proc:HistoryPlanningList>
                                        </proc:Manufacturer>
                                    </proc:ManufacturerList>
                                </proc:CostElement>
                            </proc:CostElementList>
                            <proc:CategorySubtotal>
                                <proc:TotalCost>
                                    <proc:AllPriorYears>46.594</proc:AllPriorYears>
                                    <proc:PriorYear>6.382</proc:PriorYear>
                                    <proc:BudgetYearOneBase>0</proc:BudgetYearOneBase>
                                    <proc:BudgetYearOne>0</proc:BudgetYearOne>
                                </proc:TotalCost>
                            </proc:CategorySubtotal>
                        </proc:Recurring>
                        <proc:NonRecurring>
                            <proc:CostElementList>
                                <proc:CostElement>
                                    <proc:Name>Prime Tech Refresh</proc:Name>
                                    <proc:Cost>
                                        <proc:TotalCost>
                                            <proc:PriorYear>2.198</proc:PriorYear>
                                            <proc:CurrentYear>8.912</proc:CurrentYear>
                                            <proc:BudgetYearOneBase>25.683</proc:BudgetYearOneBase>
                                            <proc:BudgetYearOne>25.683</proc:BudgetYearOne>
                                        </proc:TotalCost>
                                    </proc:Cost>
                                </proc:CostElement>
                            </proc:CostElementList>
                            <proc:CategorySubtotal>
                                <proc:TotalCost>
                                    <proc:PriorYear>2.198</proc:PriorYear>
                                    <proc:CurrentYear>8.912</proc:CurrentYear>
                                    <proc:BudgetYearOneBase>25.683</proc:BudgetYearOneBase>
                                    <proc:BudgetYearOne>25.683</proc:BudgetYearOne>
                                </proc:TotalCost>
                            </proc:CategorySubtotal>
                        </proc:NonRecurring>
                        <proc:CategorySubtotal>
                            <proc:TotalCost>
                                <proc:AllPriorYears>46.594</proc:AllPriorYears>
                                <proc:PriorYear>8.58</proc:PriorYear>
                                <proc:CurrentYear>8.912</proc:CurrentYear>
                                <proc:BudgetYearOneBase>25.683</proc:BudgetYearOneBase>
                                <proc:BudgetYearOne>25.683</proc:BudgetYearOne>
                            </proc:TotalCost>
                        </proc:CategorySubtotal>
                    </proc:Hardware>
                    <proc:Support>
                        <proc:CostElementList>
                            <proc:CostElement>
                                <proc:Name>DMS Support</proc:Name>
                                <proc:Cost>
                                    <proc:TotalCost>
                                        <proc:PriorYear>1.863</proc:PriorYear>
                                        <proc:CurrentYear>3.024</proc:CurrentYear>
                                        <proc:BudgetYearOneBase>1.281</proc:BudgetYearOneBase>
                                        <proc:BudgetYearOne>1.281</proc:BudgetYearOne>
                                    </proc:TotalCost>
                                </proc:Cost>
                            </proc:CostElement>
                            <proc:CostElement>
                                <proc:Name>Program Support Costs</proc:Name>
                                <proc:Cost>
                                    <proc:TotalCost>
                                        <proc:PriorYear>3.443</proc:PriorYear>
                                        <proc:CurrentYear>2.009</proc:CurrentYear>
                                        <proc:BudgetYearOneBase>2.653</proc:BudgetYearOneBase>
                                        <proc:BudgetYearOne>2.653</proc:BudgetYearOne>
                                    </proc:TotalCost>
                                </proc:Cost>
                            </proc:CostElement>
                        </proc:CostElementList>
                        <proc:CategorySubtotal>
                            <proc:TotalCost>
                                <proc:PriorYear>5.306</proc:PriorYear>
                                <proc:CurrentYear>5.033</proc:CurrentYear>
                                <proc:BudgetYearOneBase>3.934</proc:BudgetYearOneBase>
                                <proc:BudgetYearOne>3.934</proc:BudgetYearOne>
                            </proc:TotalCost>
                        </proc:CategorySubtotal>
                        <proc:Name>Wide Area Surveillance</proc:Name>
                    </proc:Support>
                </proc:CostElementCategoryList>
            </proc:P5Item>
        </proc:ItemExhibitList>
        <proc:DocumentAssemblyOptions>
            <proc:p40AItemScheduleSetting>expandItemSuppressExhibit</proc:p40AItemScheduleSetting>
        </proc:DocumentAssemblyOptions>
    </proc:LineItem>
</proc:LineItemList>