<?xml version="1.0" encoding="UTF-8"?>
<proc:LineItemList xmlns:proc="http://www.dtic.mil/comptroller/xml/schema/20100219/procurement">
    <proc:LineItem quantityUnits="Each" unitCostUnits="Millions" totalCostUnits="Millions" manufacturerRateUnits="Yearly">
        <proc:LineItemNumber>835210</proc:LineItemNumber>
        <proc:LineItemTitle>USSPACECOM</proc:LineItemTitle>
        <proc:P1LineNumber>55</proc:P1LineNumber>
        <proc:BudgetYear>2026</proc:BudgetYear>
        <proc:BudgetCycle>PB</proc:BudgetCycle>
        <proc:SubmissionDate>2025-06</proc:SubmissionDate>
        <proc:ServiceAgencyName>Air Force</proc:ServiceAgencyName>
        <proc:AppropriationNumber>3080F</proc:AppropriationNumber>
        <proc:AppropriationTitle>Other Procurement, Air Force</proc:AppropriationTitle>
        <proc:BudgetActivityNumber>3</proc:BudgetActivityNumber>
        <proc:BudgetActivityTitle>Electronics and Telecommunications Equip</proc:BudgetActivityTitle>
        <proc:BudgetSubActivityNumber>5</proc:BudgetSubActivityNumber>
        <proc:BudgetSubActivityTitle>Air Force Communications</proc:BudgetSubActivityTitle>
        <proc:ResourceSummary>
            <proc:TotalCost>
                <proc:PriorYear>20.773</proc:PriorYear>
                <proc:CurrentYear>79.783</proc:CurrentYear>
                <proc:BudgetYearOneBase>32.633</proc:BudgetYearOneBase>
                <proc:BudgetYearOne>32.633</proc:BudgetYearOne>
            </proc:TotalCost>
            <proc:NetProcurementP1>
                <proc:PriorYear>20.773</proc:PriorYear>
                <proc:CurrentYear>79.783</proc:CurrentYear>
                <proc:BudgetYearOneBase>32.633</proc:BudgetYearOneBase>
                <proc:BudgetYearOne>32.633</proc:BudgetYearOne>
            </proc:NetProcurementP1>
            <proc:TotalObligationAuthority>
                <proc:PriorYear>20.773</proc:PriorYear>
                <proc:CurrentYear>79.783</proc:CurrentYear>
                <proc:BudgetYearOneBase>32.633</proc:BudgetYearOneBase>
                <proc:BudgetYearOne>32.633</proc:BudgetYearOne>
            </proc:TotalObligationAuthority>
        </proc:ResourceSummary>
        <proc:Code>A</proc:Code>
        <proc:Description>The Consolidated Space Operations Facility (CSOF) is a National Space Defense Center, which is an operational arm of USSPACECOM operations. The CSOF will be a two-story 175,823 square foot facility that will be constructed within the restricted area of Schriever SFB, CO. It is an approved FY20 Military Construction (MILCON) project that will house 560 personnel and include a 300-seat auditorium (the largest on the Front Range), dining facility, 1,300 square foot entry control facility (ECF), and a 335 vehicle parking lot. The CSOF shall provide a highly reliable facility to support the missions of the USSPACECOM Enterprise, including the National Space Defense Center (NSDC) and the Combined Joint Force Space Component Commander (CJFSCC). It will house current and future primary and alternate Space C2 systems and provide C2 data to USSPACECOM. It will provide the environment to enable the development of future Space C2 systems and be the prototyping and integration location for USSPACECOM operations centers. Additionally, it will also provide isolated environments for modeling and simulation and as well as a cyber terrain range. The facility will be a critical component of the USSPACECOM C2 Space Warfighting Terrain to include CSOF mission systems data feeding and establishing the USSPACECOM JOC with C2 data the enables space fires and C2.</proc:Description>
        <proc:Justification>Funding provides the required command specific operational components to complete the Consolidated Space Operations Facility (CSOF) to support the Orbital Warfare mission of United States Space Command's subordinate operations center, National Space Defense Center (NSDC), the Combined Joint Force Space Component Commander (CJFSCC), and remote site operations for Combined Space Operations Center (CSpOC). 

While the CSOF MILCON budget covers the construction of the building, this funding also provides for the final fit-out to include security systems, mission system infrastructure/installation, and C4I/IT design and installation. Funding provides needed furniture/equipment, computer, server room, and audio-visual equipment to fit-out classified administrative spaces, operations centers, Cyber range, mod/sim areas, and conference/collaboration rooms that will enable NSDC to provide decision quality information to support the Commander, USSPACECOM. Fit-out timeline is driven by long-lead procurement items) that allow for certification and building occupancy in FY27. The facility will house current and future primary and alternate Space C2 systems. It will provide the environment to enable the development of future Space C2 systems and be the prototyping and integration location for USSPACECOM operations centers. Additionally, it will also provide isolated environments for modeling and simulation and as well as a cyber terrain range. The facility will be a critical component of the USSPACECOM C2 Space Warfighting Terrain.</proc:Justification>
        <proc:ItemExhibitList>
            <proc:P5Item>
                <proc:Name>USSPACECOM</proc:Name>
                <proc:IdCode>A</proc:IdCode>
                <proc:ResourceSummary>
                    <proc:TotalCost>
                        <proc:PriorYear>20.773</proc:PriorYear>
                        <proc:CurrentYear>79.783</proc:CurrentYear>
                        <proc:BudgetYearOneBase>32.633</proc:BudgetYearOneBase>
                        <proc:BudgetYearOne>32.633</proc:BudgetYearOne>
                    </proc:TotalCost>
                    <proc:NetProcurementP1>
                        <proc:PriorYear>20.773</proc:PriorYear>
                        <proc:CurrentYear>79.783</proc:CurrentYear>
                        <proc:BudgetYearOneBase>32.633</proc:BudgetYearOneBase>
                        <proc:BudgetYearOne>32.633</proc:BudgetYearOne>
                    </proc:NetProcurementP1>
                    <proc:TotalObligationAuthority>
                        <proc:PriorYear>20.773</proc:PriorYear>
                        <proc:CurrentYear>79.783</proc:CurrentYear>
                        <proc:BudgetYearOneBase>32.633</proc:BudgetYearOneBase>
                        <proc:BudgetYearOne>32.633</proc:BudgetYearOne>
                    </proc:TotalObligationAuthority>
                </proc:ResourceSummary>
                <proc:CostElementCategoryList>
                    <proc:Hardware>
                        <proc:Name>USSPACECOM</proc:Name>
                        <proc:NonRecurring>
                            <proc:CostElementList>
                                <proc:CostElement>
                                    <proc:Name>Network Procurements</proc:Name>
                                    <proc:Cost>
                                        <proc:Quantity>
                                            <proc:PriorYear>1</proc:PriorYear>
                                            <proc:CurrentYear>1</proc:CurrentYear>
                                            <proc:BudgetYearOneBase>1</proc:BudgetYearOneBase>
                                            <proc:BudgetYearOne>1</proc:BudgetYearOne>
                                        </proc:Quantity>
                                        <proc:TotalCost>
                                            <proc:PriorYear>4.307</proc:PriorYear>
                                            <proc:CurrentYear>46.581</proc:CurrentYear>
                                            <proc:BudgetYearOneBase>1.293</proc:BudgetYearOneBase>
                                            <proc:BudgetYearOne>1.293</proc:BudgetYearOne>
                                        </proc:TotalCost>
                                        <proc:UnitCost>
                                            <proc:PriorYear>4.307</proc:PriorYear>
                                            <proc:CurrentYear>46.581</proc:CurrentYear>
                                            <proc:BudgetYearOneBase>1.293</proc:BudgetYearOneBase>
                                            <proc:BudgetYearOne>1.293</proc:BudgetYearOne>
                                        </proc:UnitCost>
                                    </proc:Cost>
                                </proc:CostElement>
                                <proc:CostElement>
                                    <proc:Name>Operations Center Procurements</proc:Name>
                                    <proc:Cost>
                                        <proc:Quantity>
                                            <proc:PriorYear>1</proc:PriorYear>
                                            <proc:CurrentYear>1</proc:CurrentYear>
                                            <proc:BudgetYearOneBase>1</proc:BudgetYearOneBase>
                                            <proc:BudgetYearOne>1</proc:BudgetYearOne>
                                        </proc:Quantity>
                                        <proc:TotalCost>
                                            <proc:PriorYear>2</proc:PriorYear>
                                            <proc:CurrentYear>6.491</proc:CurrentYear>
                                            <proc:BudgetYearOneBase>5.946</proc:BudgetYearOneBase>
                                            <proc:BudgetYearOne>5.946</proc:BudgetYearOne>
                                        </proc:TotalCost>
                                        <proc:UnitCost>
                                            <proc:PriorYear>2</proc:PriorYear>
                                            <proc:CurrentYear>6.491</proc:CurrentYear>
                                            <proc:BudgetYearOneBase>5.946</proc:BudgetYearOneBase>
                                            <proc:BudgetYearOne>5.946</proc:BudgetYearOne>
                                        </proc:UnitCost>
                                    </proc:Cost>
                                    <proc:ManufacturerList>
                                        <proc:Manufacturer>
                                            <proc:Name>NIWC</proc:Name>
                                            <proc:Location>Schriever, SFB</proc:Location>
                                            <proc:MinimumSustainingRate>1.00</proc:MinimumSustainingRate>
                                            <proc:MaximumProductionRate>1.00</proc:MaximumProductionRate>
                                            <proc:Rate185>1.00</proc:Rate185>
                                            <proc:InitialQuantity>
                                                <proc:AdminLeadTimeBeforeOct1InMonths>0</proc:AdminLeadTimeBeforeOct1InMonths>
                                                <proc:AdminLeadTimeAfterOct1InMonths>0</proc:AdminLeadTimeAfterOct1InMonths>
                                                <proc:ProductionLeadTimeAfterOct1InMonths>0</proc:ProductionLeadTimeAfterOct1InMonths>
                                                <proc:TotalLeadTimeAfterOct1InMonths>0</proc:TotalLeadTimeAfterOct1InMonths>
                                            </proc:InitialQuantity>
                                            <proc:ReorderQuantity>
                                                <proc:AdminLeadTimeBeforeOct1InMonths>0</proc:AdminLeadTimeBeforeOct1InMonths>
                                                <proc:AdminLeadTimeAfterOct1InMonths>1</proc:AdminLeadTimeAfterOct1InMonths>
                                                <proc:ProductionLeadTimeAfterOct1InMonths>11</proc:ProductionLeadTimeAfterOct1InMonths>
                                                <proc:TotalLeadTimeAfterOct1InMonths>12</proc:TotalLeadTimeAfterOct1InMonths>
                                            </proc:ReorderQuantity>
                                            <proc:HistoryPlanningList>
                                                <proc:HistoryPlanning>
                                                    <proc:FiscalYear>2024</proc:FiscalYear>
                                                    <proc:PCOLocation>TBD</proc:PCOLocation>
                                                    <proc:AwardDate>2023-10</proc:AwardDate>
                                                    <proc:FirstDeliveryDate>2024-09</proc:FirstDeliveryDate>
                                                    <proc:Quantity>1</proc:Quantity>
                                                    <proc:UnitCost>2.000</proc:UnitCost>
                                                    <proc:SpecsAvailableNow>true</proc:SpecsAvailableNow>
                                                    <proc:FundingVehicle>Various</proc:FundingVehicle>
                                                    <proc:MonthlyDeliveryScheduleList>
                                                        <proc:MonthlyDeliverySchedule>
                                                            <proc:ServiceAgencyName>Air Force</proc:ServiceAgencyName>
                                                            <proc:ProcQuantity>1</proc:ProcQuantity>
                                                            <proc:MonthlyDeliveryList>
                                                                <proc:MonthlyDelivery>
                                                                    <proc:Month>2024-09</proc:Month>
                                                                    <proc:Amount>1</proc:Amount>
                                                                </proc:MonthlyDelivery>
                                                            </proc:MonthlyDeliveryList>
                                                        </proc:MonthlyDeliverySchedule>
                                                    </proc:MonthlyDeliveryScheduleList>
                                                    <proc:MonthlyDeliveryScheduleTotal>
                                                        <proc:ProcQuantity>1</proc:ProcQuantity>
                                                        <proc:MonthlyDeliveryList>
                                                            <proc:MonthlyDelivery>
                                                                <proc:Month>2024-09</proc:Month>
                                                                <proc:Amount>1</proc:Amount>
                                                            </proc:MonthlyDelivery>
                                                        </proc:MonthlyDeliveryList>
                                                    </proc:MonthlyDeliveryScheduleTotal>
                                                </proc:HistoryPlanning>
                                                <proc:HistoryPlanning>
                                                    <proc:FiscalYear>2025</proc:FiscalYear>
                                                    <proc:PCOLocation>TBD</proc:PCOLocation>
                                                    <proc:AwardDate>2024-10</proc:AwardDate>
                                                    <proc:FirstDeliveryDate>2025-09</proc:FirstDeliveryDate>
                                                    <proc:Quantity>1</proc:Quantity>
                                                    <proc:UnitCost>6.491</proc:UnitCost>
                                                    <proc:SpecsAvailableNow>true</proc:SpecsAvailableNow>
                                                    <proc:FundingVehicle>Various</proc:FundingVehicle>
                                                    <proc:MonthlyDeliveryScheduleList>
                                                        <proc:MonthlyDeliverySchedule>
                                                            <proc:ServiceAgencyName>Air Force</proc:ServiceAgencyName>
                                                            <proc:ProcQuantity>1</proc:ProcQuantity>
                                                            <proc:MonthlyDeliveryList>
                                                                <proc:MonthlyDelivery>
                                                                    <proc:Month>2025-09</proc:Month>
                                                                    <proc:Amount>1</proc:Amount>
                                                                </proc:MonthlyDelivery>
                                                            </proc:MonthlyDeliveryList>
                                                        </proc:MonthlyDeliverySchedule>
                                                    </proc:MonthlyDeliveryScheduleList>
                                                    <proc:MonthlyDeliveryScheduleTotal>
                                                        <proc:ProcQuantity>1</proc:ProcQuantity>
                                                        <proc:MonthlyDeliveryList>
                                                            <proc:MonthlyDelivery>
                                                                <proc:Month>2025-09</proc:Month>
                                                                <proc:Amount>1</proc:Amount>
                                                            </proc:MonthlyDelivery>
                                                        </proc:MonthlyDeliveryList>
                                                    </proc:MonthlyDeliveryScheduleTotal>
                                                </proc:HistoryPlanning>
                                                <proc:HistoryPlanning>
                                                    <proc:FiscalYear>2026</proc:FiscalYear>
                                                    <proc:PCOLocation>TBD</proc:PCOLocation>
                                                    <proc:AwardDate>2025-10</proc:AwardDate>
                                                    <proc:FirstDeliveryDate>2026-09</proc:FirstDeliveryDate>
                                                    <proc:Quantity>1</proc:Quantity>
                                                    <proc:UnitCost>5.946</proc:UnitCost>
                                                    <proc:SpecsAvailableNow>true</proc:SpecsAvailableNow>
                                                    <proc:FundingVehicle>Various</proc:FundingVehicle>
                                                    <proc:MonthlyDeliveryScheduleList>
                                                        <proc:MonthlyDeliverySchedule>
                                                            <proc:ServiceAgencyName>Air Force</proc:ServiceAgencyName>
                                                            <proc:ProcQuantity>1</proc:ProcQuantity>
                                                            <proc:MonthlyDeliveryList>
                                                                <proc:MonthlyDelivery>
                                                                    <proc:Month>2026-09</proc:Month>
                                                                    <proc:Amount>1</proc:Amount>
                                                                </proc:MonthlyDelivery>
                                                            </proc:MonthlyDeliveryList>
                                                        </proc:MonthlyDeliverySchedule>
                                                    </proc:MonthlyDeliveryScheduleList>
                                                    <proc:MonthlyDeliveryScheduleTotal>
                                                        <proc:ProcQuantity>1</proc:ProcQuantity>
                                                        <proc:MonthlyDeliveryList>
                                                            <proc:MonthlyDelivery>
                                                                <proc:Month>2026-09</proc:Month>
                                                                <proc:Amount>1</proc:Amount>
                                                            </proc:MonthlyDelivery>
                                                        </proc:MonthlyDeliveryList>
                                                    </proc:MonthlyDeliveryScheduleTotal>
                                                </proc:HistoryPlanning>
                                            </proc:HistoryPlanningList>
                                        </proc:Manufacturer>
                                    </proc:ManufacturerList>
                                </proc:CostElement>
                                <proc:CostElement>
                                    <proc:Name>Data Center &amp; Server Room Procurements</proc:Name>
                                    <proc:Cost>
                                        <proc:Quantity>
                                            <proc:PriorYear>1</proc:PriorYear>
                                            <proc:CurrentYear>1</proc:CurrentYear>
                                            <proc:BudgetYearOneBase>1</proc:BudgetYearOneBase>
                                            <proc:BudgetYearOne>1</proc:BudgetYearOne>
                                        </proc:Quantity>
                                        <proc:TotalCost>
                                            <proc:PriorYear>2.7</proc:PriorYear>
                                            <proc:CurrentYear>18</proc:CurrentYear>
                                            <proc:BudgetYearOneBase>7.485</proc:BudgetYearOneBase>
                                            <proc:BudgetYearOne>7.485</proc:BudgetYearOne>
                                        </proc:TotalCost>
                                        <proc:UnitCost>
                                            <proc:PriorYear>2.7</proc:PriorYear>
                                            <proc:CurrentYear>18</proc:CurrentYear>
                                            <proc:BudgetYearOneBase>7.485</proc:BudgetYearOneBase>
                                            <proc:BudgetYearOne>7.485</proc:BudgetYearOne>
                                        </proc:UnitCost>
                                    </proc:Cost>
                                </proc:CostElement>
                                <proc:CostElement>
                                    <proc:Name>C4I/IT Auditorium Procurements</proc:Name>
                                    <proc:Cost>
                                        <proc:Quantity>
                                            <proc:PriorYear>1</proc:PriorYear>
                                            <proc:BudgetYearOneBase>1</proc:BudgetYearOneBase>
                                            <proc:BudgetYearOne>1</proc:BudgetYearOne>
                                        </proc:Quantity>
                                        <proc:TotalCost>
                                            <proc:PriorYear>3</proc:PriorYear>
                                            <proc:CurrentYear>0</proc:CurrentYear>
                                            <proc:BudgetYearOneBase>0.524</proc:BudgetYearOneBase>
                                            <proc:BudgetYearOne>0.524</proc:BudgetYearOne>
                                        </proc:TotalCost>
                                        <proc:UnitCost>
                                            <proc:PriorYear>3</proc:PriorYear>
                                            <proc:BudgetYearOneBase>0.524</proc:BudgetYearOneBase>
                                            <proc:BudgetYearOne>0.524</proc:BudgetYearOne>
                                        </proc:UnitCost>
                                    </proc:Cost>
                                </proc:CostElement>
                                <proc:CostElement>
                                    <proc:Name>Furniture</proc:Name>
                                    <proc:Cost>
                                        <proc:Quantity>
                                            <proc:PriorYear>1</proc:PriorYear>
                                            <proc:CurrentYear>1</proc:CurrentYear>
                                            <proc:BudgetYearOneBase>1</proc:BudgetYearOneBase>
                                            <proc:BudgetYearOne>1</proc:BudgetYearOne>
                                        </proc:Quantity>
                                        <proc:TotalCost>
                                            <proc:PriorYear>6.3</proc:PriorYear>
                                            <proc:CurrentYear>0.276</proc:CurrentYear>
                                            <proc:BudgetYearOneBase>0.085</proc:BudgetYearOneBase>
                                            <proc:BudgetYearOne>0.085</proc:BudgetYearOne>
                                        </proc:TotalCost>
                                        <proc:UnitCost>
                                            <proc:PriorYear>6.3</proc:PriorYear>
                                            <proc:CurrentYear>0.276</proc:CurrentYear>
                                            <proc:BudgetYearOneBase>0.085</proc:BudgetYearOneBase>
                                            <proc:BudgetYearOne>0.085</proc:BudgetYearOne>
                                        </proc:UnitCost>
                                    </proc:Cost>
                                </proc:CostElement>
                                <proc:CostElement>
                                    <proc:Name>Modeling and Simulation</proc:Name>
                                    <proc:Cost>
                                        <proc:Quantity>
                                            <proc:CurrentYear>1</proc:CurrentYear>
                                            <proc:BudgetYearOneBase>1</proc:BudgetYearOneBase>
                                            <proc:BudgetYearOne>1</proc:BudgetYearOne>
                                        </proc:Quantity>
                                        <proc:TotalCost>
                                            <proc:CurrentYear>1.775</proc:CurrentYear>
                                            <proc:BudgetYearOneBase>0.855</proc:BudgetYearOneBase>
                                            <proc:BudgetYearOne>0.855</proc:BudgetYearOne>
                                        </proc:TotalCost>
                                        <proc:UnitCost>
                                            <proc:CurrentYear>1.775</proc:CurrentYear>
                                            <proc:BudgetYearOneBase>0.855</proc:BudgetYearOneBase>
                                            <proc:BudgetYearOne>0.855</proc:BudgetYearOne>
                                        </proc:UnitCost>
                                    </proc:Cost>
                                </proc:CostElement>
                                <proc:CostElement>
                                    <proc:Name>Mission Systems</proc:Name>
                                    <proc:Cost>
                                        <proc:Quantity>
                                            <proc:CurrentYear>1</proc:CurrentYear>
                                            <proc:BudgetYearOneBase>1</proc:BudgetYearOneBase>
                                            <proc:BudgetYearOne>1</proc:BudgetYearOne>
                                        </proc:Quantity>
                                        <proc:TotalCost>
                                            <proc:CurrentYear>5.284</proc:CurrentYear>
                                            <proc:BudgetYearOneBase>15.852</proc:BudgetYearOneBase>
                                            <proc:BudgetYearOne>15.852</proc:BudgetYearOne>
                                        </proc:TotalCost>
                                        <proc:UnitCost>
                                            <proc:CurrentYear>5.284</proc:CurrentYear>
                                            <proc:BudgetYearOneBase>15.852</proc:BudgetYearOneBase>
                                            <proc:BudgetYearOne>15.852</proc:BudgetYearOne>
                                        </proc:UnitCost>
                                    </proc:Cost>
                                </proc:CostElement>
                            </proc:CostElementList>
                            <proc:CategorySubtotal>
                                <proc:TotalCost>
                                    <proc:PriorYear>18.307</proc:PriorYear>
                                    <proc:CurrentYear>78.407</proc:CurrentYear>
                                    <proc:BudgetYearOneBase>32.04</proc:BudgetYearOneBase>
                                    <proc:BudgetYearOne>32.04</proc:BudgetYearOne>
                                </proc:TotalCost>
                            </proc:CategorySubtotal>
                        </proc:NonRecurring>
                        <proc:CategorySubtotal>
                            <proc:TotalCost>
                                <proc:PriorYear>18.307</proc:PriorYear>
                                <proc:CurrentYear>78.407</proc:CurrentYear>
                                <proc:BudgetYearOneBase>32.04</proc:BudgetYearOneBase>
                                <proc:BudgetYearOne>32.04</proc:BudgetYearOne>
                            </proc:TotalCost>
                        </proc:CategorySubtotal>
                    </proc:Hardware>
                    <proc:Support>
                        <proc:CostElementList>
                            <proc:CostElement>
                                <proc:Name>Pre-installation Test and Check Out (PITCO)</proc:Name>
                                <proc:Cost>
                                    <proc:Quantity>
                                        <proc:CurrentYear>1</proc:CurrentYear>
                                        <proc:BudgetYearOneBase>1</proc:BudgetYearOneBase>
                                        <proc:BudgetYearOne>1</proc:BudgetYearOne>
                                    </proc:Quantity>
                                    <proc:TotalCost>
                                        <proc:PriorYear>2.466</proc:PriorYear>
                                        <proc:CurrentYear>1.376</proc:CurrentYear>
                                        <proc:BudgetYearOneBase>0.593</proc:BudgetYearOneBase>
                                        <proc:BudgetYearOne>0.593</proc:BudgetYearOne>
                                    </proc:TotalCost>
                                    <proc:UnitCost>
                                        <proc:CurrentYear>1.376</proc:CurrentYear>
                                        <proc:BudgetYearOneBase>0.593</proc:BudgetYearOneBase>
                                        <proc:BudgetYearOne>0.593</proc:BudgetYearOne>
                                    </proc:UnitCost>
                                </proc:Cost>
                            </proc:CostElement>
                        </proc:CostElementList>
                        <proc:CategorySubtotal>
                            <proc:TotalCost>
                                <proc:PriorYear>2.466</proc:PriorYear>
                                <proc:CurrentYear>1.376</proc:CurrentYear>
                                <proc:BudgetYearOneBase>0.593</proc:BudgetYearOneBase>
                                <proc:BudgetYearOne>0.593</proc:BudgetYearOne>
                            </proc:TotalCost>
                        </proc:CategorySubtotal>
                        <proc:Name>USSPACECOM</proc:Name>
                    </proc:Support>
                </proc:CostElementCategoryList>
            </proc:P5Item>
        </proc:ItemExhibitList>
        <proc:DocumentAssemblyOptions>
            <proc:p40AItemScheduleSetting>expandItemSuppressExhibit</proc:p40AItemScheduleSetting>
        </proc:DocumentAssemblyOptions>
    </proc:LineItem>
</proc:LineItemList>