<?xml version="1.0" encoding="UTF-8"?>
<proc:LineItemList xmlns:proc="http://www.dtic.mil/comptroller/xml/schema/20100219/procurement">
    <proc:LineItem quantityUnits="Each" unitCostUnits="Millions" totalCostUnits="Millions" manufacturerRateUnits="Yearly">
        <proc:LineItemNumber>821800</proc:LineItemNumber>
        <proc:LineItemTitle>Passenger Carrying Vehicles</proc:LineItemTitle>
        <proc:P1LineNumber>2</proc:P1LineNumber>
        <proc:BudgetYear>2026</proc:BudgetYear>
        <proc:BudgetCycle>PB</proc:BudgetCycle>
        <proc:SubmissionDate>2025-06</proc:SubmissionDate>
        <proc:ServiceAgencyName>Air Force</proc:ServiceAgencyName>
        <proc:AppropriationNumber>3080F</proc:AppropriationNumber>
        <proc:AppropriationTitle>Other Procurement, Air Force</proc:AppropriationTitle>
        <proc:BudgetActivityNumber>2</proc:BudgetActivityNumber>
        <proc:BudgetActivityTitle>Vehicular Equipment</proc:BudgetActivityTitle>
        <proc:BudgetSubActivityNumber>1</proc:BudgetSubActivityNumber>
        <proc:BudgetSubActivityTitle>Passenger Carrying Vehicles</proc:BudgetSubActivityTitle>
        <proc:ResourceSummary>
            <proc:TotalCost>
                <proc:PriorYear>6.68</proc:PriorYear>
                <proc:CurrentYear>6.802</proc:CurrentYear>
                <proc:BudgetYearOneBase>5.557</proc:BudgetYearOneBase>
                <proc:BudgetYearOne>5.557</proc:BudgetYearOne>
            </proc:TotalCost>
            <proc:NetProcurementP1>
                <proc:PriorYear>6.68</proc:PriorYear>
                <proc:CurrentYear>6.802</proc:CurrentYear>
                <proc:BudgetYearOneBase>5.557</proc:BudgetYearOneBase>
                <proc:BudgetYearOne>5.557</proc:BudgetYearOne>
            </proc:NetProcurementP1>
            <proc:TotalObligationAuthority>
                <proc:PriorYear>6.68</proc:PriorYear>
                <proc:CurrentYear>6.802</proc:CurrentYear>
                <proc:BudgetYearOneBase>5.557</proc:BudgetYearOneBase>
                <proc:BudgetYearOne>5.557</proc:BudgetYearOne>
            </proc:TotalObligationAuthority>
        </proc:ResourceSummary>
        <proc:Code>A</proc:Code>
        <proc:SecondaryDistribution>
            <proc:ComponentList>
                <proc:Component>
                    <proc:Name>Air Force Active</proc:Name>
                    <proc:Cost>
                        <proc:Quantity>
                            <proc:PriorYear>69</proc:PriorYear>
                            <proc:CurrentYear>52</proc:CurrentYear>
                            <proc:BudgetYearOneBase>37</proc:BudgetYearOneBase>
                            <proc:BudgetYearOneOOC>0</proc:BudgetYearOneOOC>
                            <proc:BudgetYearOne>37</proc:BudgetYearOne>
                        </proc:Quantity>
                        <proc:TotalCost>
                            <proc:PriorYear>6.383</proc:PriorYear>
                            <proc:CurrentYear>6.61</proc:CurrentYear>
                            <proc:BudgetYearOneBase>5.327</proc:BudgetYearOneBase>
                            <proc:BudgetYearOneOOC>0</proc:BudgetYearOneOOC>
                            <proc:BudgetYearOne>5.327</proc:BudgetYearOne>
                        </proc:TotalCost>
                    </proc:Cost>
                </proc:Component>
                <proc:Component>
                    <proc:Name>Air National Guard</proc:Name>
                    <proc:Cost>
                        <proc:Quantity>
                            <proc:PriorYear>3</proc:PriorYear>
                            <proc:CurrentYear>1</proc:CurrentYear>
                            <proc:BudgetYearOneBase>1</proc:BudgetYearOneBase>
                            <proc:BudgetYearOneOOC>0</proc:BudgetYearOneOOC>
                            <proc:BudgetYearOne>1</proc:BudgetYearOne>
                        </proc:Quantity>
                        <proc:TotalCost>
                            <proc:PriorYear>0.224</proc:PriorYear>
                            <proc:CurrentYear>0.192</proc:CurrentYear>
                            <proc:BudgetYearOneBase>0.23</proc:BudgetYearOneBase>
                            <proc:BudgetYearOneOOC>0</proc:BudgetYearOneOOC>
                            <proc:BudgetYearOne>0.23</proc:BudgetYearOne>
                        </proc:TotalCost>
                    </proc:Cost>
                </proc:Component>
                <proc:Component>
                    <proc:Name>Air Force Reserve</proc:Name>
                    <proc:Cost>
                        <proc:Quantity>
                            <proc:PriorYear>2</proc:PriorYear>
                            <proc:CurrentYear>0</proc:CurrentYear>
                            <proc:BudgetYearOneBase>0</proc:BudgetYearOneBase>
                            <proc:BudgetYearOneOOC>0</proc:BudgetYearOneOOC>
                            <proc:BudgetYearOne>0</proc:BudgetYearOne>
                        </proc:Quantity>
                        <proc:TotalCost>
                            <proc:PriorYear>0.073</proc:PriorYear>
                            <proc:CurrentYear>0</proc:CurrentYear>
                            <proc:BudgetYearOneBase>0</proc:BudgetYearOneBase>
                            <proc:BudgetYearOneOOC>0</proc:BudgetYearOneOOC>
                            <proc:BudgetYearOne>0</proc:BudgetYearOne>
                        </proc:TotalCost>
                    </proc:Cost>
                </proc:Component>
            </proc:ComponentList>
            <proc:TotalCost>
                <proc:Quantity>
                    <proc:PriorYear>74</proc:PriorYear>
                    <proc:CurrentYear>53</proc:CurrentYear>
                    <proc:BudgetYearOneBase>38</proc:BudgetYearOneBase>
                    <proc:BudgetYearOneOOC>0</proc:BudgetYearOneOOC>
                    <proc:BudgetYearOne>38</proc:BudgetYearOne>
                </proc:Quantity>
                <proc:TotalCost>
                    <proc:PriorYear>6.68</proc:PriorYear>
                    <proc:CurrentYear>6.802</proc:CurrentYear>
                    <proc:BudgetYearOneBase>5.557</proc:BudgetYearOneBase>
                    <proc:BudgetYearOneOOC>0</proc:BudgetYearOneOOC>
                    <proc:BudgetYearOne>5.557</proc:BudgetYearOne>
                </proc:TotalCost>
            </proc:TotalCost>
        </proc:SecondaryDistribution>
        <proc:Description>Passenger Carrying Vehicles includes the procurement of sedans, law enforcement sedans, ambulances, armored sedans, small buses, transit buses, large buses, intra-city motorcoach, and work buses.  These vehicles are general in nature, but they fulfill unique and distinct needs commensurate with their design.

Sedans are available in compact, mid-size, and large, and are used to support a variety of functions and missions at all levels of the Air Force.  A portion of these sedans is dedicated for use by the Office of Special Investigations (OSI).

Law Enforcement Sedans (LE Sedans) come equipped with a heavy-duty component package for law enforcement and security missions.  Security forces personnel use this type of vehicle for emergency response, traffic control, patrol duties, and base security operations.

Ambulances include both bus ambulances and modular ambulances used for medical evacuation operations.  The bus ambulance is a 44-passenger bus converted to accommodate massive patient transport for medical emergency situations and humanitarian/disaster relief operations.  The modular models are standard commercial ambulances available in 4x2 and 4x4 configurations.  They are used for the movement of patients under field conditions, aircraft crash rescue operations, and routine transportation of patients to and from medical facilities.

Buses include a variety of commercial vehicles that support a broad range of mass transit requirements.  Bus sizes range from the 16-passenger shuttle bus to the 52-passenger bus.  These vehicles support Air Education and Training Command (AETC) training units, Air Force band organizations, protocol offices, and several other missions.

FIAR Compliance Statement:
- "This requirement (or modification) supports performance of a full financial audit as required by title 10 U.S.C. Chapter 9A, Sec 240-D.

Funding for this exhibit contained in PEs: 0207597F, 0502831F, 0507831F, 0702831F, 0202834F</proc:Description>
        <proc:Justification>BASIS FOR FY 2026 BUDGET REQUEST: 

- FY2026 procurement dollars in the amount of 5.557M will procure, but not be limited to, 38 vehicles in support of installation and unit mission requirements for Air Force personnel.  

Quantities are based on current requirements provided by the 441 Vehicle Support Chain Operations Squadron (VSCOS) IAW the process outlined in AFI 24-302, Vehicle Management.  The requirements are generated from the priority buy model that is used to support the Planning, Programming, Budgeting and Execution (PPBE) process.   The model calculates vehicle requirements by fund year by BPAC using end of life projections based on depreciation and service life of the vehicle, cumulative sustainment cost and mission priority. Quantities will vary year to year based on end-of-life projections.   
 
Quantities reflected on the PDOCs show current requirements for each year supporting Active Duty, Air Force Reserve Center (AFRC), Air National Guard (ANG), Rapid Airfield Damage Repair (RADR), Regional Base Cluster Prepositioning Kits (RBCP) for PACOM, and other initiatives as they arise.
As the model applies the life expectancy/sustainment cost/mission priority logic in generating requirements, there can be gaps in individual vehicle type (NSN) requirements from year-to-year.  

Increase/Decrease narrative:
Transit Buses (7%), Sedans (16%), and Workbuses (19%) have all seen a 6% or higher increase in unit costs. Contributing factors for these increases is attributed to parts shortages, inflation, a worldwide vehicle computer chip shortage and rising transportation/delivery costs associated with increased fuel prices. In addition, higher demand due to a shortage of vehicles from stagnant production during the pandemic also played a key role in unit cost increases.</proc:Justification>
        <proc:ItemExhibitList>
            <proc:P40AItemGroup>
                <proc:Name>Passenger Carrying Vehicles</proc:Name>
                <proc:CategoryList>
                    <proc:Category>
                        <proc:Name>Uncategorized</proc:Name>
                        <proc:ItemList>
                            <proc:Item>
                                <proc:Name>UKRAINE SUPPORT SUPPLEMENTAL</proc:Name>
                                <proc:IdCode>A</proc:IdCode>
                                <proc:SecondaryDistribution>
                                    <proc:ComponentList>
                                        <proc:Component>
                                            <proc:Name>Air Force Active</proc:Name>
                                            <proc:Cost>
                                                <proc:TotalCost>
                                                    <proc:CurrentYear>0</proc:CurrentYear>
                                                </proc:TotalCost>
                                            </proc:Cost>
                                        </proc:Component>
                                    </proc:ComponentList>
                                </proc:SecondaryDistribution>
                                <proc:ResourceSummary>
                                    <proc:TotalCost>
                                        <proc:CurrentYear>0</proc:CurrentYear>
                                    </proc:TotalCost>
                                </proc:ResourceSummary>
                            </proc:Item>
                            <proc:Item>
                                <proc:Name>TRANSIT BUS</proc:Name>
                                <proc:IdCode>A</proc:IdCode>
                                <proc:SecondaryDistribution>
                                    <proc:ComponentList>
                                        <proc:Component>
                                            <proc:Name>Air Force Active</proc:Name>
                                            <proc:Cost>
                                                <proc:Quantity>
                                                    <proc:CurrentYear>2</proc:CurrentYear>
                                                    <proc:BudgetYearOneBase>2</proc:BudgetYearOneBase>
                                                    <proc:BudgetYearOne>2</proc:BudgetYearOne>
                                                </proc:Quantity>
                                                <proc:TotalCost>
                                                    <proc:CurrentYear>0.248</proc:CurrentYear>
                                                    <proc:BudgetYearOneBase>0.266</proc:BudgetYearOneBase>
                                                    <proc:BudgetYearOne>0.266</proc:BudgetYearOne>
                                                </proc:TotalCost>
                                            </proc:Cost>
                                        </proc:Component>
                                    </proc:ComponentList>
                                </proc:SecondaryDistribution>
                                <proc:ResourceSummary>
                                    <proc:Quantity>
                                        <proc:CurrentYear>2</proc:CurrentYear>
                                        <proc:BudgetYearOneBase>2</proc:BudgetYearOneBase>
                                        <proc:BudgetYearOne>2</proc:BudgetYearOne>
                                    </proc:Quantity>
                                    <proc:TotalCost>
                                        <proc:CurrentYear>0.248</proc:CurrentYear>
                                        <proc:BudgetYearOneBase>0.266</proc:BudgetYearOneBase>
                                        <proc:BudgetYearOne>0.266</proc:BudgetYearOne>
                                    </proc:TotalCost>
                                    <proc:UnitCost>
                                        <proc:CurrentYear>0.124</proc:CurrentYear>
                                        <proc:BudgetYearOneBase>0.133</proc:BudgetYearOneBase>
                                        <proc:BudgetYearOne>0.133</proc:BudgetYearOne>
                                    </proc:UnitCost>
                                </proc:ResourceSummary>
                            </proc:Item>
                            <proc:Item>
                                <proc:Name>23 Pax Bus 3919</proc:Name>
                                <proc:IdCode>A</proc:IdCode>
                                <proc:ResourceSummary>
                                    <proc:TotalCost>
                                        <proc:AllPriorYears>0</proc:AllPriorYears>
                                    </proc:TotalCost>
                                </proc:ResourceSummary>
                            </proc:Item>
                            <proc:Item>
                                <proc:Name>PMA OTHER GOVERNMENT COSTS</proc:Name>
                                <proc:IdCode>A</proc:IdCode>
                                <proc:SecondaryDistribution>
                                    <proc:ComponentList>
                                        <proc:Component>
                                            <proc:Name>Air Force Active</proc:Name>
                                            <proc:Cost>
                                                <proc:TotalCost>
                                                    <proc:PriorYear>0.015</proc:PriorYear>
                                                </proc:TotalCost>
                                            </proc:Cost>
                                        </proc:Component>
                                    </proc:ComponentList>
                                </proc:SecondaryDistribution>
                                <proc:ResourceSummary>
                                    <proc:TotalCost>
                                        <proc:PriorYear>0.015</proc:PriorYear>
                                    </proc:TotalCost>
                                </proc:ResourceSummary>
                            </proc:Item>
                            <proc:Item>
                                <proc:Name>SEDANS</proc:Name>
                                <proc:IdCode>A</proc:IdCode>
                                <proc:SecondaryDistribution>
                                    <proc:ComponentList>
                                        <proc:Component>
                                            <proc:Name>Air Force Active</proc:Name>
                                            <proc:Cost>
                                                <proc:Quantity>
                                                    <proc:PriorYear>35</proc:PriorYear>
                                                    <proc:CurrentYear>23</proc:CurrentYear>
                                                    <proc:BudgetYearOneBase>18</proc:BudgetYearOneBase>
                                                    <proc:BudgetYearOne>18</proc:BudgetYearOne>
                                                </proc:Quantity>
                                                <proc:TotalCost>
                                                    <proc:PriorYear>0.945</proc:PriorYear>
                                                    <proc:CurrentYear>0.69</proc:CurrentYear>
                                                    <proc:BudgetYearOneBase>0.63</proc:BudgetYearOneBase>
                                                    <proc:BudgetYearOne>0.63</proc:BudgetYearOne>
                                                </proc:TotalCost>
                                            </proc:Cost>
                                        </proc:Component>
                                        <proc:Component>
                                            <proc:Name>Air Force Reserve</proc:Name>
                                            <proc:Cost>
                                                <proc:Quantity>
                                                    <proc:PriorYear>1</proc:PriorYear>
                                                </proc:Quantity>
                                                <proc:TotalCost>
                                                    <proc:PriorYear>0.027</proc:PriorYear>
                                                </proc:TotalCost>
                                            </proc:Cost>
                                        </proc:Component>
                                    </proc:ComponentList>
                                </proc:SecondaryDistribution>
                                <proc:ResourceSummary>
                                    <proc:Quantity>
                                        <proc:PriorYear>36</proc:PriorYear>
                                        <proc:CurrentYear>23</proc:CurrentYear>
                                        <proc:BudgetYearOneBase>18</proc:BudgetYearOneBase>
                                        <proc:BudgetYearOne>18</proc:BudgetYearOne>
                                    </proc:Quantity>
                                    <proc:TotalCost>
                                        <proc:PriorYear>0.972</proc:PriorYear>
                                        <proc:CurrentYear>0.69</proc:CurrentYear>
                                        <proc:BudgetYearOneBase>0.63</proc:BudgetYearOneBase>
                                        <proc:BudgetYearOne>0.63</proc:BudgetYearOne>
                                    </proc:TotalCost>
                                    <proc:UnitCost>
                                        <proc:PriorYear>0.027</proc:PriorYear>
                                        <proc:CurrentYear>0.03</proc:CurrentYear>
                                        <proc:BudgetYearOneBase>0.035</proc:BudgetYearOneBase>
                                        <proc:BudgetYearOne>0.035</proc:BudgetYearOne>
                                    </proc:UnitCost>
                                </proc:ResourceSummary>
                            </proc:Item>
                            <proc:Item>
                                <proc:Name>INTRA-CITY MOTORCOACH</proc:Name>
                                <proc:IdCode>A</proc:IdCode>
                                <proc:SecondaryDistribution>
                                    <proc:ComponentList>
                                        <proc:Component>
                                            <proc:Name>Air Force Active</proc:Name>
                                            <proc:Cost>
                                                <proc:Quantity>
                                                    <proc:CurrentYear>1</proc:CurrentYear>
                                                    <proc:BudgetYearOneBase>1</proc:BudgetYearOneBase>
                                                    <proc:BudgetYearOne>1</proc:BudgetYearOne>
                                                </proc:Quantity>
                                                <proc:TotalCost>
                                                    <proc:CurrentYear>0.744</proc:CurrentYear>
                                                    <proc:BudgetYearOneBase>0.744</proc:BudgetYearOneBase>
                                                    <proc:BudgetYearOne>0.744</proc:BudgetYearOne>
                                                </proc:TotalCost>
                                            </proc:Cost>
                                        </proc:Component>
                                    </proc:ComponentList>
                                </proc:SecondaryDistribution>
                                <proc:ResourceSummary>
                                    <proc:Quantity>
                                        <proc:CurrentYear>1</proc:CurrentYear>
                                        <proc:BudgetYearOneBase>1</proc:BudgetYearOneBase>
                                        <proc:BudgetYearOne>1</proc:BudgetYearOne>
                                    </proc:Quantity>
                                    <proc:TotalCost>
                                        <proc:CurrentYear>0.744</proc:CurrentYear>
                                        <proc:BudgetYearOneBase>0.744</proc:BudgetYearOneBase>
                                        <proc:BudgetYearOne>0.744</proc:BudgetYearOne>
                                    </proc:TotalCost>
                                    <proc:UnitCost>
                                        <proc:CurrentYear>0.744</proc:CurrentYear>
                                        <proc:BudgetYearOneBase>0.744</proc:BudgetYearOneBase>
                                        <proc:BudgetYearOne>0.744</proc:BudgetYearOne>
                                    </proc:UnitCost>
                                </proc:ResourceSummary>
                            </proc:Item>
                            <proc:Item>
                                <proc:Name>WORK BUSES</proc:Name>
                                <proc:IdCode>A</proc:IdCode>
                                <proc:SecondaryDistribution>
                                    <proc:ComponentList>
                                        <proc:Component>
                                            <proc:Name>Air Force Active</proc:Name>
                                            <proc:Cost>
                                                <proc:Quantity>
                                                    <proc:CurrentYear>24</proc:CurrentYear>
                                                    <proc:BudgetYearOneBase>11</proc:BudgetYearOneBase>
                                                    <proc:BudgetYearOne>11</proc:BudgetYearOne>
                                                </proc:Quantity>
                                                <proc:TotalCost>
                                                    <proc:CurrentYear>4.608</proc:CurrentYear>
                                                    <proc:BudgetYearOneBase>2.53</proc:BudgetYearOneBase>
                                                    <proc:BudgetYearOne>2.53</proc:BudgetYearOne>
                                                </proc:TotalCost>
                                            </proc:Cost>
                                        </proc:Component>
                                        <proc:Component>
                                            <proc:Name>Air National Guard</proc:Name>
                                            <proc:Cost>
                                                <proc:Quantity>
                                                    <proc:CurrentYear>1</proc:CurrentYear>
                                                    <proc:BudgetYearOneBase>1</proc:BudgetYearOneBase>
                                                    <proc:BudgetYearOne>1</proc:BudgetYearOne>
                                                </proc:Quantity>
                                                <proc:TotalCost>
                                                    <proc:CurrentYear>0.192</proc:CurrentYear>
                                                    <proc:BudgetYearOneBase>0.23</proc:BudgetYearOneBase>
                                                    <proc:BudgetYearOne>0.23</proc:BudgetYearOne>
                                                </proc:TotalCost>
                                            </proc:Cost>
                                        </proc:Component>
                                    </proc:ComponentList>
                                </proc:SecondaryDistribution>
                                <proc:ResourceSummary>
                                    <proc:Quantity>
                                        <proc:CurrentYear>25</proc:CurrentYear>
                                        <proc:BudgetYearOneBase>12</proc:BudgetYearOneBase>
                                        <proc:BudgetYearOne>12</proc:BudgetYearOne>
                                    </proc:Quantity>
                                    <proc:TotalCost>
                                        <proc:CurrentYear>4.8</proc:CurrentYear>
                                        <proc:BudgetYearOneBase>2.76</proc:BudgetYearOneBase>
                                        <proc:BudgetYearOne>2.76</proc:BudgetYearOne>
                                    </proc:TotalCost>
                                    <proc:UnitCost>
                                        <proc:CurrentYear>0.192</proc:CurrentYear>
                                        <proc:BudgetYearOneBase>0.23</proc:BudgetYearOneBase>
                                        <proc:BudgetYearOne>0.23</proc:BudgetYearOne>
                                    </proc:UnitCost>
                                </proc:ResourceSummary>
                            </proc:Item>
                            <proc:Item>
                                <proc:Name>LAW ENFORCEMENT SEDANS</proc:Name>
                                <proc:IdCode>A</proc:IdCode>
                                <proc:SecondaryDistribution>
                                    <proc:ComponentList>
                                        <proc:Component>
                                            <proc:Name>Air Force Active</proc:Name>
                                            <proc:Cost>
                                                <proc:Quantity>
                                                    <proc:PriorYear>4</proc:PriorYear>
                                                    <proc:CurrentYear>1</proc:CurrentYear>
                                                    <proc:BudgetYearOneBase>1</proc:BudgetYearOneBase>
                                                    <proc:BudgetYearOne>1</proc:BudgetYearOne>
                                                </proc:Quantity>
                                                <proc:TotalCost>
                                                    <proc:PriorYear>0.184</proc:PriorYear>
                                                    <proc:CurrentYear>0.042</proc:CurrentYear>
                                                    <proc:BudgetYearOneBase>0.045</proc:BudgetYearOneBase>
                                                    <proc:BudgetYearOne>0.045</proc:BudgetYearOne>
                                                </proc:TotalCost>
                                            </proc:Cost>
                                        </proc:Component>
                                        <proc:Component>
                                            <proc:Name>Air National Guard</proc:Name>
                                            <proc:Cost>
                                                <proc:Quantity>
                                                    <proc:PriorYear>2</proc:PriorYear>
                                                </proc:Quantity>
                                                <proc:TotalCost>
                                                    <proc:PriorYear>0.092</proc:PriorYear>
                                                </proc:TotalCost>
                                            </proc:Cost>
                                        </proc:Component>
                                        <proc:Component>
                                            <proc:Name>Air Force Reserve</proc:Name>
                                            <proc:Cost>
                                                <proc:Quantity>
                                                    <proc:PriorYear>1</proc:PriorYear>
                                                </proc:Quantity>
                                                <proc:TotalCost>
                                                    <proc:PriorYear>0.046</proc:PriorYear>
                                                </proc:TotalCost>
                                            </proc:Cost>
                                        </proc:Component>
                                    </proc:ComponentList>
                                </proc:SecondaryDistribution>
                                <proc:ResourceSummary>
                                    <proc:Quantity>
                                        <proc:PriorYear>7</proc:PriorYear>
                                        <proc:CurrentYear>1</proc:CurrentYear>
                                        <proc:BudgetYearOneBase>1</proc:BudgetYearOneBase>
                                        <proc:BudgetYearOne>1</proc:BudgetYearOne>
                                    </proc:Quantity>
                                    <proc:TotalCost>
                                        <proc:PriorYear>0.322</proc:PriorYear>
                                        <proc:CurrentYear>0.042</proc:CurrentYear>
                                        <proc:BudgetYearOneBase>0.045</proc:BudgetYearOneBase>
                                        <proc:BudgetYearOne>0.045</proc:BudgetYearOne>
                                    </proc:TotalCost>
                                    <proc:UnitCost>
                                        <proc:PriorYear>0.046</proc:PriorYear>
                                        <proc:CurrentYear>0.042</proc:CurrentYear>
                                        <proc:BudgetYearOneBase>0.045</proc:BudgetYearOneBase>
                                        <proc:BudgetYearOne>0.045</proc:BudgetYearOne>
                                    </proc:UnitCost>
                                </proc:ResourceSummary>
                            </proc:Item>
                            <proc:Item>
                                <proc:Name>ARMORED SEDANS</proc:Name>
                                <proc:IdCode>A</proc:IdCode>
                                <proc:SecondaryDistribution>
                                    <proc:ComponentList>
                                        <proc:Component>
                                            <proc:Name>Air Force Active</proc:Name>
                                            <proc:Cost>
                                                <proc:Quantity>
                                                    <proc:PriorYear>2</proc:PriorYear>
                                                </proc:Quantity>
                                                <proc:TotalCost>
                                                    <proc:PriorYear>0.422</proc:PriorYear>
                                                </proc:TotalCost>
                                            </proc:Cost>
                                        </proc:Component>
                                    </proc:ComponentList>
                                </proc:SecondaryDistribution>
                                <proc:ResourceSummary>
                                    <proc:Quantity>
                                        <proc:PriorYear>2</proc:PriorYear>
                                    </proc:Quantity>
                                    <proc:TotalCost>
                                        <proc:PriorYear>0.422</proc:PriorYear>
                                    </proc:TotalCost>
                                    <proc:UnitCost>
                                        <proc:PriorYear>0.211</proc:PriorYear>
                                    </proc:UnitCost>
                                </proc:ResourceSummary>
                            </proc:Item>
                            <proc:Item>
                                <proc:Name>BUSES - SMALL</proc:Name>
                                <proc:IdCode>A</proc:IdCode>
                                <proc:SecondaryDistribution>
                                    <proc:ComponentList>
                                        <proc:Component>
                                            <proc:Name>Air Force Active</proc:Name>
                                            <proc:Cost>
                                                <proc:Quantity>
                                                    <proc:PriorYear>21</proc:PriorYear>
                                                </proc:Quantity>
                                                <proc:TotalCost>
                                                    <proc:PriorYear>2.793</proc:PriorYear>
                                                </proc:TotalCost>
                                            </proc:Cost>
                                        </proc:Component>
                                        <proc:Component>
                                            <proc:Name>Air National Guard</proc:Name>
                                            <proc:Cost>
                                                <proc:Quantity>
                                                    <proc:PriorYear>1</proc:PriorYear>
                                                </proc:Quantity>
                                                <proc:TotalCost>
                                                    <proc:PriorYear>0.132</proc:PriorYear>
                                                </proc:TotalCost>
                                            </proc:Cost>
                                        </proc:Component>
                                    </proc:ComponentList>
                                </proc:SecondaryDistribution>
                                <proc:ResourceSummary>
                                    <proc:Quantity>
                                        <proc:PriorYear>22</proc:PriorYear>
                                    </proc:Quantity>
                                    <proc:TotalCost>
                                        <proc:PriorYear>2.925</proc:PriorYear>
                                    </proc:TotalCost>
                                    <proc:UnitCost>
                                        <proc:PriorYear>0.133</proc:PriorYear>
                                    </proc:UnitCost>
                                </proc:ResourceSummary>
                            </proc:Item>
                            <proc:Item>
                                <proc:Name>BUSES - LARGE</proc:Name>
                                <proc:IdCode>A</proc:IdCode>
                                <proc:SecondaryDistribution>
                                    <proc:ComponentList>
                                        <proc:Component>
                                            <proc:Name>Air Force Active</proc:Name>
                                            <proc:Cost>
                                                <proc:Quantity>
                                                    <proc:PriorYear>2</proc:PriorYear>
                                                </proc:Quantity>
                                                <proc:TotalCost>
                                                    <proc:PriorYear>1.064</proc:PriorYear>
                                                </proc:TotalCost>
                                            </proc:Cost>
                                        </proc:Component>
                                    </proc:ComponentList>
                                </proc:SecondaryDistribution>
                                <proc:ResourceSummary>
                                    <proc:Quantity>
                                        <proc:PriorYear>2</proc:PriorYear>
                                    </proc:Quantity>
                                    <proc:TotalCost>
                                        <proc:PriorYear>1.064</proc:PriorYear>
                                    </proc:TotalCost>
                                    <proc:UnitCost>
                                        <proc:PriorYear>0.532</proc:PriorYear>
                                    </proc:UnitCost>
                                </proc:ResourceSummary>
                            </proc:Item>
                            <proc:Item>
                                <proc:Name>AMBULANCES</proc:Name>
                                <proc:IdCode>A</proc:IdCode>
                                <proc:SecondaryDistribution>
                                    <proc:ComponentList>
                                        <proc:Component>
                                            <proc:Name>Air Force Active</proc:Name>
                                            <proc:Cost>
                                                <proc:Quantity>
                                                    <proc:PriorYear>5</proc:PriorYear>
                                                    <proc:CurrentYear>1</proc:CurrentYear>
                                                    <proc:BudgetYearOneBase>4</proc:BudgetYearOneBase>
                                                    <proc:BudgetYearOne>4</proc:BudgetYearOne>
                                                </proc:Quantity>
                                                <proc:TotalCost>
                                                    <proc:PriorYear>0.96</proc:PriorYear>
                                                    <proc:CurrentYear>0.278</proc:CurrentYear>
                                                    <proc:BudgetYearOneBase>1.112</proc:BudgetYearOneBase>
                                                    <proc:BudgetYearOne>1.112</proc:BudgetYearOne>
                                                </proc:TotalCost>
                                            </proc:Cost>
                                        </proc:Component>
                                    </proc:ComponentList>
                                </proc:SecondaryDistribution>
                                <proc:ResourceSummary>
                                    <proc:Quantity>
                                        <proc:PriorYear>5</proc:PriorYear>
                                        <proc:CurrentYear>1</proc:CurrentYear>
                                        <proc:BudgetYearOneBase>4</proc:BudgetYearOneBase>
                                        <proc:BudgetYearOne>4</proc:BudgetYearOne>
                                    </proc:Quantity>
                                    <proc:TotalCost>
                                        <proc:PriorYear>0.96</proc:PriorYear>
                                        <proc:CurrentYear>0.278</proc:CurrentYear>
                                        <proc:BudgetYearOneBase>1.112</proc:BudgetYearOneBase>
                                        <proc:BudgetYearOne>1.112</proc:BudgetYearOne>
                                    </proc:TotalCost>
                                    <proc:UnitCost>
                                        <proc:PriorYear>0.192</proc:PriorYear>
                                        <proc:CurrentYear>0.278</proc:CurrentYear>
                                        <proc:BudgetYearOneBase>0.278</proc:BudgetYearOneBase>
                                        <proc:BudgetYearOne>0.278</proc:BudgetYearOne>
                                    </proc:UnitCost>
                                </proc:ResourceSummary>
                            </proc:Item>
                        </proc:ItemList>
                        <proc:CategorySubtotal>
                            <proc:TotalCost>
                                <proc:PriorYear>6.68</proc:PriorYear>
                                <proc:CurrentYear>6.802</proc:CurrentYear>
                                <proc:BudgetYearOneBase>5.557</proc:BudgetYearOneBase>
                                <proc:BudgetYearOne>5.557</proc:BudgetYearOne>
                            </proc:TotalCost>
                        </proc:CategorySubtotal>
                    </proc:Category>
                </proc:CategoryList>
                <proc:Remarks>The AF has decided to change the way vehicle procurement is reported due to the large amount of NSNs and sub-NSNs within the vehicle program.  Prior to FY2024, the AF reported vehicle procurement by National Stock Numbers.  Each stock number provided projected procurement quantities provided by the 441st Vehicle Support Chain Operations Squadron (VSCOS).  Starting in FY2024 and the out years, the AF has created Vehicle-Type Categories to better explain/understand vehicle procurement reporting. The Vehicle-Type Categories contain vehicles that are similar in type and cost.  Because vehicle requirements consistently change during the year of execution, using this type of reporting ensures quantity adjustments are reported accurately and better explained/understood.  Detailed vehicle data on actual vehicle purchases can be obtained through the CARS 2.0 data system maintained and controlled by the 441st VSCOS and is available upon request.

Based on AF Mission changes and/or AF Mission priorities, NSNs and/or quantities may change during year of execution.

PMA OTHER GOVERNMENT COSTS: This line supports the operation of the program office in its management and oversight role via travel, procurement of supplies and studies.

UNIT COSTS FOR FY2026 ARE SUBJECT TO CHANGE.

Transit Buses (7%), Sedans (16%), and Workbuses (17%) have all seen a 6% or higher increase in unit costs. Contributing factors for these increases is attributed to parts shortages, inflation, a worldwide vehicle computer chip shortage and rising transportation/delivery costs associated with increased fuel prices. In addition, higher demand due to a shortage of vehicles from stagnant production during the pandemic also played a key role in unit cost increases.</proc:Remarks>
                <proc:TotalCost>
                    <proc:TotalCost>
                        <proc:PriorYear>6.68</proc:PriorYear>
                        <proc:CurrentYear>6.802</proc:CurrentYear>
                        <proc:BudgetYearOneBase>5.557</proc:BudgetYearOneBase>
                        <proc:BudgetYearOne>5.557</proc:BudgetYearOne>
                    </proc:TotalCost>
                </proc:TotalCost>
            </proc:P40AItemGroup>
        </proc:ItemExhibitList>
        <proc:DocumentAssemblyOptions>
            <proc:p40AItemScheduleSetting>total</proc:p40AItemScheduleSetting>
        </proc:DocumentAssemblyOptions>
    </proc:LineItem>
</proc:LineItemList>