<?xml version="1.0" encoding="UTF-8"?>
<proc:LineItemList xmlns:proc="http://www.dtic.mil/comptroller/xml/schema/20100219/procurement">
    <proc:LineItem quantityUnits="Each" unitCostUnits="Millions" totalCostUnits="Millions" manufacturerRateUnits="Yearly">
        <proc:LineItemNumber>834070</proc:LineItemNumber>
        <proc:LineItemTitle>Mobility Command And Control</proc:LineItemTitle>
        <proc:P1LineNumber>36</proc:P1LineNumber>
        <proc:BudgetYear>2026</proc:BudgetYear>
        <proc:BudgetCycle>PB</proc:BudgetCycle>
        <proc:SubmissionDate>2025-06</proc:SubmissionDate>
        <proc:ServiceAgencyName>Air Force</proc:ServiceAgencyName>
        <proc:AppropriationNumber>3080F</proc:AppropriationNumber>
        <proc:AppropriationTitle>Other Procurement, Air Force</proc:AppropriationTitle>
        <proc:BudgetActivityNumber>3</proc:BudgetActivityNumber>
        <proc:BudgetActivityTitle>Electronics and Telecommunications Equip</proc:BudgetActivityTitle>
        <proc:BudgetSubActivityNumber>4</proc:BudgetSubActivityNumber>
        <proc:BudgetSubActivityTitle>Spcl Comm-Electronics Projects</proc:BudgetSubActivityTitle>
        <proc:ResourceSummary>
            <proc:TotalCost>
                <proc:PriorYear>3.768</proc:PriorYear>
                <proc:CurrentYear>11.435</proc:CurrentYear>
                <proc:BudgetYearOneBase>11.648</proc:BudgetYearOneBase>
                <proc:BudgetYearOne>11.648</proc:BudgetYearOne>
            </proc:TotalCost>
            <proc:NetProcurementP1>
                <proc:PriorYear>3.768</proc:PriorYear>
                <proc:CurrentYear>11.435</proc:CurrentYear>
                <proc:BudgetYearOneBase>11.648</proc:BudgetYearOneBase>
                <proc:BudgetYearOne>11.648</proc:BudgetYearOne>
            </proc:NetProcurementP1>
            <proc:TotalObligationAuthority>
                <proc:PriorYear>3.768</proc:PriorYear>
                <proc:CurrentYear>11.435</proc:CurrentYear>
                <proc:BudgetYearOneBase>11.648</proc:BudgetYearOneBase>
                <proc:BudgetYearOne>11.648</proc:BudgetYearOne>
            </proc:TotalObligationAuthority>
        </proc:ResourceSummary>
        <proc:Code>A</proc:Code>
        <proc:Description>PE 0401840F AMC Command and Control System 

GLOBAL MOBILITY COMMAND AND CONTROL (C2) ARCHITECTURE AIR MOBILITY COMMAND (AMC): The AMC C2 architecture is an integrated, command-wide program that supports US Air Force airlift/air refueling missions around the globe with centralized control/decentralized execution. To execute America's Global Reach mission, Air Mobility Command's 618th Air Operations Center (AOC) plans, schedules, and directs a fleet of more than 1,100 mobility aircraft.  The 618th AOC operates combat delivery, strategic airlift, air refueling, and aeromedical evacuation operations around the world. 

MOBILITY AIR FORCE (MAF) COMMAND AND CONTROL (C2) INFRASTRUCTURE:  Provides base wired/wireless infrastructure equipment supporting AMC's 618th AOC and AMC's 11 bases to assure connectivity to AMC's command and control (C2) systems and to ensure they remain operational at AMC bases and operating locations.  MAF C2 Infrastructure ensures connectivity with critical Air Force systems such as the Information Transport System (ITS), Global Combat Support System (GCSS), and the Global Decision Support System (GDSS); AMC's C2 systems across AMC providing intra-base command and control for base security, emergency management, flight-line operations/maintenance, and crash response.

Funding for this effort is contained in PE 0401840F Mobility Command and Control.</proc:Description>
        <proc:Justification>PE 0401840F AMC Command and Control System 

MOBILITY AIR FORCE (MAF) COMMAND AND CONTROL (C2) INFRASTRUCTURE: FY 2026 funding continues procurement of wired and wireless base network infrastructure equipment, including cabling, routers, bridges, hubs, repeaters, and switches. These upgrades ensure that information technology remains current and maintains interoperability with AMC C2 systems, meeting the needs of the warfighter and AMC's worldwide mobility mission.

These upgrades include modernization efforts to SIPRNet to allow for cross-domain capabilities and allowing access to sensitive compartmented information, procuring warfighter NIPRNet &amp; SIPRNet mobile laptops and zero client workstations, and procuring fiber installs, premise wiring, equipment racks, and licensing.</proc:Justification>
        <proc:ItemExhibitList>
            <proc:P5Item>
                <proc:Name>AMC COMMAND AND CONTROL SYSTEM</proc:Name>
                <proc:IdCode>A</proc:IdCode>
                <proc:ResourceSummary>
                    <proc:TotalCost>
                        <proc:PriorYear>3.768</proc:PriorYear>
                        <proc:CurrentYear>11.435</proc:CurrentYear>
                        <proc:BudgetYearOneBase>11.648</proc:BudgetYearOneBase>
                        <proc:BudgetYearOne>11.648</proc:BudgetYearOne>
                    </proc:TotalCost>
                    <proc:NetProcurementP1>
                        <proc:PriorYear>3.768</proc:PriorYear>
                        <proc:CurrentYear>11.435</proc:CurrentYear>
                        <proc:BudgetYearOneBase>11.648</proc:BudgetYearOneBase>
                        <proc:BudgetYearOne>11.648</proc:BudgetYearOne>
                    </proc:NetProcurementP1>
                    <proc:TotalObligationAuthority>
                        <proc:PriorYear>3.768</proc:PriorYear>
                        <proc:CurrentYear>11.435</proc:CurrentYear>
                        <proc:BudgetYearOneBase>11.648</proc:BudgetYearOneBase>
                        <proc:BudgetYearOne>11.648</proc:BudgetYearOne>
                    </proc:TotalObligationAuthority>
                </proc:ResourceSummary>
                <proc:CostElementCategoryList>
                    <proc:Hardware>
                        <proc:Name>AMC COMMAND AND CONTROL SYSTEM</proc:Name>
                        <proc:Recurring>
                            <proc:CostElementList>
                                <proc:CostElement>
                                    <proc:Name>Base Network Infrastructure Equipment</proc:Name>
                                    <proc:Cost>
                                        <proc:Quantity>
                                            <proc:PriorYear>1</proc:PriorYear>
                                            <proc:CurrentYear>1</proc:CurrentYear>
                                            <proc:BudgetYearOneBase>1</proc:BudgetYearOneBase>
                                            <proc:BudgetYearOne>1</proc:BudgetYearOne>
                                        </proc:Quantity>
                                        <proc:TotalCost>
                                            <proc:PriorYear>3.768</proc:PriorYear>
                                            <proc:CurrentYear>11.435</proc:CurrentYear>
                                            <proc:BudgetYearOneBase>11.648</proc:BudgetYearOneBase>
                                            <proc:BudgetYearOne>11.648</proc:BudgetYearOne>
                                        </proc:TotalCost>
                                        <proc:UnitCost>
                                            <proc:PriorYear>3.768</proc:PriorYear>
                                            <proc:CurrentYear>11.435</proc:CurrentYear>
                                            <proc:BudgetYearOneBase>11.648</proc:BudgetYearOneBase>
                                            <proc:BudgetYearOne>11.648</proc:BudgetYearOne>
                                        </proc:UnitCost>
                                    </proc:Cost>
                                    <proc:ManufacturerList>
                                        <proc:Manufacturer>
                                            <proc:Name>GSA</proc:Name>
                                            <proc:Location>Scott AFB</proc:Location>
                                            <proc:MinimumSustainingRate>1.00</proc:MinimumSustainingRate>
                                            <proc:MaximumProductionRate>1.00</proc:MaximumProductionRate>
                                            <proc:Rate185>1.00</proc:Rate185>
                                            <proc:InitialQuantity>
                                                <proc:AdminLeadTimeBeforeOct1InMonths>1</proc:AdminLeadTimeBeforeOct1InMonths>
                                                <proc:AdminLeadTimeAfterOct1InMonths>0</proc:AdminLeadTimeAfterOct1InMonths>
                                                <proc:ProductionLeadTimeAfterOct1InMonths>0</proc:ProductionLeadTimeAfterOct1InMonths>
                                                <proc:TotalLeadTimeAfterOct1InMonths>0</proc:TotalLeadTimeAfterOct1InMonths>
                                            </proc:InitialQuantity>
                                            <proc:ReorderQuantity>
                                                <proc:AdminLeadTimeBeforeOct1InMonths>1</proc:AdminLeadTimeBeforeOct1InMonths>
                                                <proc:AdminLeadTimeAfterOct1InMonths>1</proc:AdminLeadTimeAfterOct1InMonths>
                                                <proc:ProductionLeadTimeAfterOct1InMonths>3</proc:ProductionLeadTimeAfterOct1InMonths>
                                                <proc:TotalLeadTimeAfterOct1InMonths>4</proc:TotalLeadTimeAfterOct1InMonths>
                                            </proc:ReorderQuantity>
                                            <proc:HistoryPlanningList>
                                                <proc:HistoryPlanning>
                                                    <proc:FiscalYear>2024</proc:FiscalYear>
                                                    <proc:PCOLocation>AMC</proc:PCOLocation>
                                                    <proc:AwardDate>2023-10</proc:AwardDate>
                                                    <proc:FirstDeliveryDate>2024-01</proc:FirstDeliveryDate>
                                                    <proc:Quantity>1</proc:Quantity>
                                                    <proc:UnitCost>3.768</proc:UnitCost>
                                                    <proc:SpecsAvailableNow>true</proc:SpecsAvailableNow>
                                                    <proc:ContractMethod>SS</proc:ContractMethod>
                                                    <proc:ContractType>Various</proc:ContractType>
                                                    <proc:MonthlyDeliveryScheduleList>
                                                        <proc:MonthlyDeliverySchedule>
                                                            <proc:ServiceAgencyName>Air Force</proc:ServiceAgencyName>
                                                            <proc:ProcQuantity>1</proc:ProcQuantity>
                                                            <proc:MonthlyDeliveryList>
                                                                <proc:MonthlyDelivery>
                                                                    <proc:Month>2024-01</proc:Month>
                                                                    <proc:Amount>1</proc:Amount>
                                                                </proc:MonthlyDelivery>
                                                            </proc:MonthlyDeliveryList>
                                                        </proc:MonthlyDeliverySchedule>
                                                    </proc:MonthlyDeliveryScheduleList>
                                                    <proc:MonthlyDeliveryScheduleTotal>
                                                        <proc:ProcQuantity>1</proc:ProcQuantity>
                                                        <proc:MonthlyDeliveryList>
                                                            <proc:MonthlyDelivery>
                                                                <proc:Month>2024-01</proc:Month>
                                                                <proc:Amount>1</proc:Amount>
                                                            </proc:MonthlyDelivery>
                                                        </proc:MonthlyDeliveryList>
                                                    </proc:MonthlyDeliveryScheduleTotal>
                                                </proc:HistoryPlanning>
                                                <proc:HistoryPlanning>
                                                    <proc:FiscalYear>2025</proc:FiscalYear>
                                                    <proc:PCOLocation>AMC</proc:PCOLocation>
                                                    <proc:AwardDate>2024-10</proc:AwardDate>
                                                    <proc:FirstDeliveryDate>2025-01</proc:FirstDeliveryDate>
                                                    <proc:Quantity>1</proc:Quantity>
                                                    <proc:UnitCost>11.435</proc:UnitCost>
                                                    <proc:SpecsAvailableNow>true</proc:SpecsAvailableNow>
                                                    <proc:ContractMethod>SS</proc:ContractMethod>
                                                    <proc:ContractType>Various</proc:ContractType>
                                                    <proc:MonthlyDeliveryScheduleList>
                                                        <proc:MonthlyDeliverySchedule>
                                                            <proc:ServiceAgencyName>Air Force</proc:ServiceAgencyName>
                                                            <proc:ProcQuantity>1</proc:ProcQuantity>
                                                            <proc:MonthlyDeliveryList>
                                                                <proc:MonthlyDelivery>
                                                                    <proc:Month>2025-01</proc:Month>
                                                                    <proc:Amount>1</proc:Amount>
                                                                </proc:MonthlyDelivery>
                                                            </proc:MonthlyDeliveryList>
                                                        </proc:MonthlyDeliverySchedule>
                                                    </proc:MonthlyDeliveryScheduleList>
                                                    <proc:MonthlyDeliveryScheduleTotal>
                                                        <proc:ProcQuantity>1</proc:ProcQuantity>
                                                        <proc:MonthlyDeliveryList>
                                                            <proc:MonthlyDelivery>
                                                                <proc:Month>2025-01</proc:Month>
                                                                <proc:Amount>1</proc:Amount>
                                                            </proc:MonthlyDelivery>
                                                        </proc:MonthlyDeliveryList>
                                                    </proc:MonthlyDeliveryScheduleTotal>
                                                </proc:HistoryPlanning>
                                                <proc:HistoryPlanning>
                                                    <proc:FiscalYear>2026</proc:FiscalYear>
                                                    <proc:PCOLocation>AMC</proc:PCOLocation>
                                                    <proc:AwardDate>2025-10</proc:AwardDate>
                                                    <proc:FirstDeliveryDate>2026-01</proc:FirstDeliveryDate>
                                                    <proc:Quantity>1</proc:Quantity>
                                                    <proc:UnitCost>11.648</proc:UnitCost>
                                                    <proc:SpecsAvailableNow>true</proc:SpecsAvailableNow>
                                                    <proc:ContractMethod>SS</proc:ContractMethod>
                                                    <proc:ContractType>Various</proc:ContractType>
                                                    <proc:MonthlyDeliveryScheduleList>
                                                        <proc:MonthlyDeliverySchedule>
                                                            <proc:ServiceAgencyName>Air Force</proc:ServiceAgencyName>
                                                            <proc:ProcQuantity>1</proc:ProcQuantity>
                                                            <proc:MonthlyDeliveryList>
                                                                <proc:MonthlyDelivery>
                                                                    <proc:Month>2026-01</proc:Month>
                                                                    <proc:Amount>1</proc:Amount>
                                                                </proc:MonthlyDelivery>
                                                            </proc:MonthlyDeliveryList>
                                                        </proc:MonthlyDeliverySchedule>
                                                    </proc:MonthlyDeliveryScheduleList>
                                                    <proc:MonthlyDeliveryScheduleTotal>
                                                        <proc:ProcQuantity>1</proc:ProcQuantity>
                                                        <proc:MonthlyDeliveryList>
                                                            <proc:MonthlyDelivery>
                                                                <proc:Month>2026-01</proc:Month>
                                                                <proc:Amount>1</proc:Amount>
                                                            </proc:MonthlyDelivery>
                                                        </proc:MonthlyDeliveryList>
                                                    </proc:MonthlyDeliveryScheduleTotal>
                                                </proc:HistoryPlanning>
                                            </proc:HistoryPlanningList>
                                        </proc:Manufacturer>
                                    </proc:ManufacturerList>
                                </proc:CostElement>
                            </proc:CostElementList>
                            <proc:CategorySubtotal>
                                <proc:TotalCost>
                                    <proc:PriorYear>3.768</proc:PriorYear>
                                    <proc:CurrentYear>11.435</proc:CurrentYear>
                                    <proc:BudgetYearOneBase>11.648</proc:BudgetYearOneBase>
                                    <proc:BudgetYearOne>11.648</proc:BudgetYearOne>
                                </proc:TotalCost>
                            </proc:CategorySubtotal>
                        </proc:Recurring>
                        <proc:CategorySubtotal>
                            <proc:TotalCost>
                                <proc:PriorYear>3.768</proc:PriorYear>
                                <proc:CurrentYear>11.435</proc:CurrentYear>
                                <proc:BudgetYearOneBase>11.648</proc:BudgetYearOneBase>
                                <proc:BudgetYearOne>11.648</proc:BudgetYearOne>
                            </proc:TotalCost>
                        </proc:CategorySubtotal>
                    </proc:Hardware>
                </proc:CostElementCategoryList>
            </proc:P5Item>
        </proc:ItemExhibitList>
        <proc:DocumentAssemblyOptions>
            <proc:p40AItemScheduleSetting>expandItemSuppressExhibit</proc:p40AItemScheduleSetting>
        </proc:DocumentAssemblyOptions>
    </proc:LineItem>
</proc:LineItemList>