<?xml version="1.0" encoding="UTF-8"?>
<r2:ProgramElementList xmlns:r2="http://www.dtic.mil/comptroller/xml/schema/022009/r2" targetSchemaVersion="1.0">
    <r2:ProgramElement monetaryUnit="Millions">
        <r2:ProgramElementNumber>0300206R</r2:ProgramElementNumber>
        <r2:ProgramElementTitle>Enterprise Information Technology Systems</r2:ProgramElementTitle>
        <r2:R1LineNumber>134</r2:R1LineNumber>
        <r2:BudgetYear>2026</r2:BudgetYear>
        <r2:BudgetCycle>PB</r2:BudgetCycle>
        <r2:SubmissionDate>2025-06</r2:SubmissionDate>
        <r2:ServiceAgencyName>Defense Contract Audit Agency</r2:ServiceAgencyName>
        <r2:AppropriationCode>0400</r2:AppropriationCode>
        <r2:AppropriationName>Research, Development, Test &amp; Evaluation, Defense-Wide</r2:AppropriationName>
        <r2:BudgetActivityNumber>4</r2:BudgetActivityNumber>
        <r2:BudgetActivityTitle>Advanced Component Development &amp; Prototypes (ACD&amp;P)</r2:BudgetActivityTitle>
        <r2:ProgramElementFunding>
            <r2:AllPriorYears>5.097</r2:AllPriorYears>
            <r2:PriorYear>2.077</r2:PriorYear>
            <r2:CurrentYear>2.162</r2:CurrentYear>
            <r2:BudgetYearOne>0.000</r2:BudgetYearOne>
            <r2:BudgetYearOneBase>0.000</r2:BudgetYearOneBase>
        </r2:ProgramElementFunding>
        <r2:ProgramElementMissionDescription>Funding is required for the development of a prototype cloud-based solution aimed at streamlining audit processes.  We have identified audit processes that are time-consuming and error prone, often leading to delays and inefficiencies.  By leveraging the power of Artificial Intelligence and Machine Learning (AI/ML), we plan to prototype solutions to significantly improve audit workflows, enhance accuracy, and streamline the processes.  These prototypes will be evaluated for potential as a reference architecture for use in the production environment.

-	Lead the development and testing of AI/ML prototypes in DoD Azure cloud leveraging cloud based technologies and capabilities
-	Deploy the prototypes in DoD Azure Cloud environment for test and evaluation
-	Conduct unit, system, user acceptance, and other software testing in order to ensure functionality meets required specifications</r2:ProgramElementMissionDescription>
        <r2:ChangeSummary>
            <r2:PreviousPresidentBudget>
                <r2:PriorYear>2.156</r2:PriorYear>
                <r2:CurrentYear>2.162</r2:CurrentYear>
                <r2:BudgetYearOne>2.022</r2:BudgetYearOne>
                <r2:BudgetYearOneBase>2.022</r2:BudgetYearOneBase>
            </r2:PreviousPresidentBudget>
            <r2:CurrentPresidentBudget>
                <r2:PriorYear>2.077</r2:PriorYear>
                <r2:CurrentYear>2.162</r2:CurrentYear>
                <r2:BudgetYearOne>0.000</r2:BudgetYearOne>
                <r2:BudgetYearOneBase>0.000</r2:BudgetYearOneBase>
            </r2:CurrentPresidentBudget>
            <r2:TotalAdjustments>
                <r2:PriorYear>-0.079</r2:PriorYear>
                <r2:CurrentYear>0.000</r2:CurrentYear>
                <r2:BudgetYearOne>-2.022</r2:BudgetYearOne>
                <r2:BudgetYearOneBase>-2.022</r2:BudgetYearOneBase>
            </r2:TotalAdjustments>
            <r2:AdjustmentDetails>
                <r2:CongressionalGeneralReductions>
                    <r2:PriorYear>0.000</r2:PriorYear>
                </r2:CongressionalGeneralReductions>
                <r2:CongressionalDirectedReductions>
                    <r2:PriorYear>0.000</r2:PriorYear>
                </r2:CongressionalDirectedReductions>
                <r2:CongressionalRescissions>
                    <r2:PriorYear>0.000</r2:PriorYear>
                </r2:CongressionalRescissions>
                <r2:CongressionalAdds>
                    <r2:PriorYear>0.000</r2:PriorYear>
                </r2:CongressionalAdds>
                <r2:CongressionalDirectedTransfers>
                    <r2:PriorYear>0.000</r2:PriorYear>
                </r2:CongressionalDirectedTransfers>
                <r2:Reprogrammings>
                    <r2:PriorYear>0.000</r2:PriorYear>
                </r2:Reprogrammings>
                <r2:SBIRSTTRTransfer>
                    <r2:PriorYear>-0.079</r2:PriorYear>
                </r2:SBIRSTTRTransfer>
                <r2:OtherAdjustmentDetailList>
                    <r2:OtherAdjustmentDetail>
                        <r2:Title>Appropriation Adjustment</r2:Title>
                        <r2:Funding>
                            <r2:PriorYear>0.000</r2:PriorYear>
                            <r2:CurrentYear>0.000</r2:CurrentYear>
                            <r2:BudgetYearOne>-2.022</r2:BudgetYearOne>
                            <r2:BudgetYearOneBase>-2.022</r2:BudgetYearOneBase>
                            <r2:BudgetYearOneOOC>0.000</r2:BudgetYearOneOOC>
                        </r2:Funding>
                    </r2:OtherAdjustmentDetail>
                </r2:OtherAdjustmentDetailList>
            </r2:AdjustmentDetails>
            <r2:SummaryExplanation>Funding has been reallocated to alternative sources.</r2:SummaryExplanation>
        </r2:ChangeSummary>
        <r2:ProjectList>
            <r2:Project>
                <r2:ProjectNumber>000001</r2:ProjectNumber>
                <r2:ProjectTitle>Enterprise Information Technology System</r2:ProjectTitle>
                <r2:SpecialProject>0</r2:SpecialProject>
                <r2:ProjectFunding>
                    <r2:AllPriorYears>5.097</r2:AllPriorYears>
                    <r2:PriorYear>2.077</r2:PriorYear>
                    <r2:CurrentYear>2.162</r2:CurrentYear>
                    <r2:BudgetYearOne>0.000</r2:BudgetYearOne>
                    <r2:BudgetYearOneBase>0.000</r2:BudgetYearOneBase>
                    <r2:BudgetYearOneOOC>0.000</r2:BudgetYearOneOOC>
                    <r2:BudgetYearTwo>0.000</r2:BudgetYearTwo>
                    <r2:BudgetYearThree>0.000</r2:BudgetYearThree>
                    <r2:BudgetYearFour>0.000</r2:BudgetYearFour>
                    <r2:BudgetYearFive>0.000</r2:BudgetYearFive>
                </r2:ProjectFunding>
                <r2:R2aExhibit>
                    <r2:ProjectArticles>
                        <r2:AllPriorYears>0</r2:AllPriorYears>
                        <r2:PriorYear>0</r2:PriorYear>
                        <r2:CurrentYear>0</r2:CurrentYear>
                        <r2:BudgetYearOne>0</r2:BudgetYearOne>
                        <r2:BudgetYearOneBase>0</r2:BudgetYearOneBase>
                        <r2:BudgetYearOneOOC>0</r2:BudgetYearOneOOC>
                        <r2:BudgetYearTwo>0</r2:BudgetYearTwo>
                        <r2:BudgetYearThree>0</r2:BudgetYearThree>
                        <r2:BudgetYearFour>0</r2:BudgetYearFour>
                        <r2:BudgetYearFive>0</r2:BudgetYearFive>
                    </r2:ProjectArticles>
                    <r2:ProjectMissionDescription>Funding is required for the development of a prototype cloud-based solution aimed at streamlining audit processes.  We have identified audit processes that are time-consuming and error prone, often leading to delays and inefficiencies.  By leveraging the power of Artificial Intelligence and Machine Learning (AI/ML), we plan to prototype solutions to significantly improve audit workflows, enhance accuracy, and streamline the processes.  These prototypes will be evaluated for potential as a reference architecture for use in the production environment.</r2:ProjectMissionDescription>
                    <r2:AccomplishmentPlannedProgramList>
                        <r2:AccomplishmentPlannedProgram>
                            <r2:Title>Enterprise Information Technology System</r2:Title>
                            <r2:Description>- Lead the development of a prototype cloud-based solution aimed at streamlining audit processes.  Lead the development and testing of AI/ML prototypes in DoD Azure cloud leveraging cloud based technologies and capabilities
-	Deploy the prototypes in DoD Azure Cloud environment for test and evaluation
-	Conduct unit, system, user acceptance, and other software testing in order to ensure functionality meets required specifications</r2:Description>
                            <r2:Accomplishment>
                                <r2:PriorYear>
                                    <r2:Funding>2.077</r2:Funding>
                                    <r2:Text>-	Continue to refine capabilities and requirements of prototypes
-	Continue development and testing of prototypes
-	Improve reference architecture for use in production systems</r2:Text>
                                </r2:PriorYear>
                            </r2:Accomplishment>
                            <r2:PlannedProgram>
                                <r2:CurrentYear>
                                    <r2:Funding>2.162</r2:Funding>
                                    <r2:Text>-	Continue to refine capabilities and requirements of prototypes
-	Continue development and testing of prototypes
-	Improve reference architecture for use in production systems</r2:Text>
                                </r2:CurrentYear>
                                <r2:AppChangeSummary>The decrease is related to a reduction in cost needed as the software development gradually transitions to operations and
sustainment.</r2:AppChangeSummary>
                            </r2:PlannedProgram>
                        </r2:AccomplishmentPlannedProgram>
                    </r2:AccomplishmentPlannedProgramList>
                    <r2:AcquisitionStrategy>N/A</r2:AcquisitionStrategy>
                </r2:R2aExhibit>
                <r2:R3Exhibit>
                    <r2:CostCategoryGroupList>
                        <r2:CostCategoryGroup>
                            <r2:Name>Product Development</r2:Name>
                            <r2:CostCategoryItemList>
                                <r2:CostCategoryItem>
                                    <r2:Name>Software Development Cost</r2:Name>
                                    <r2:FundingVehicle>TBD</r2:FundingVehicle>
                                    <r2:PerformingActivity>Defense Contract Audit Agency</r2:PerformingActivity>
                                    <r2:PerformingActivityLocation>Fort Belvoir, Virginia</r2:PerformingActivityLocation>
                                    <r2:Cost>
                                        <r2:TotalPreviousYears>5.097</r2:TotalPreviousYears>
                                        <r2:PriorYear>
                                            <r2:Amount>2.077</r2:Amount>
                                        </r2:PriorYear>
                                        <r2:CurrentYear>
                                            <r2:Amount>2.162</r2:Amount>
                                        </r2:CurrentYear>
                                        <r2:BudgetYearOne>
                                            <r2:Amount>0.000</r2:Amount>
                                        </r2:BudgetYearOne>
                                        <r2:BudgetYearOneBase>
                                            <r2:Amount>0.000</r2:Amount>
                                        </r2:BudgetYearOneBase>
                                        <r2:BudgetYearOneOOC>
                                            <r2:Amount>0.000</r2:Amount>
                                        </r2:BudgetYearOneOOC>
                                        <r2:CostToComplete>0.000</r2:CostToComplete>
                                        <r2:TotalCost>9.336</r2:TotalCost>
                                        <r2:TargetValue>0.000</r2:TargetValue>
                                    </r2:Cost>
                                </r2:CostCategoryItem>
                            </r2:CostCategoryItemList>
                        </r2:CostCategoryGroup>
                    </r2:CostCategoryGroupList>
                </r2:R3Exhibit>
                <r2:R4aExhibit>
                    <r2:SubProjectScheduleList>
                        <r2:SubProjectSchedule>
                            <r2:Title>Software Development</r2:Title>
                            <r2:ScheduleDetailList>
                                <r2:ScheduleDetail>
                                    <r2:EventTitle>Software Development</r2:EventTitle>
                                    <r2:Schedule>
                                        <r2:Start>
                                            <r2:Quarter>1</r2:Quarter>
                                            <r2:Year>2019</r2:Year>
                                        </r2:Start>
                                        <r2:End>
                                            <r2:Quarter>4</r2:Quarter>
                                            <r2:Year>2025</r2:Year>
                                        </r2:End>
                                    </r2:Schedule>
                                </r2:ScheduleDetail>
                            </r2:ScheduleDetailList>
                        </r2:SubProjectSchedule>
                    </r2:SubProjectScheduleList>
                </r2:R4aExhibit>
            </r2:Project>
        </r2:ProjectList>
    </r2:ProgramElement>
</r2:ProgramElementList>