<?xml version="1.0" encoding="UTF-8"?>
<r2:ProgramElementList xmlns:r2="http://www.dtic.mil/comptroller/xml/schema/022009/r2" targetSchemaVersion="1.0">
    <r2:ProgramElement monetaryUnit="Millions" format="R2Long">
        <r2:ProgramElementNumber>0305172D8Z</r2:ProgramElementNumber>
        <r2:ProgramElementTitle>Combined Advanced Applications</r2:ProgramElementTitle>
        <r2:R1LineNumber>258</r2:R1LineNumber>
        <r2:BudgetYear>2026</r2:BudgetYear>
        <r2:BudgetCycle>PB</r2:BudgetCycle>
        <r2:SubmissionDate>2025-06</r2:SubmissionDate>
        <r2:ServiceAgencyName>Office of the Secretary Of Defense</r2:ServiceAgencyName>
        <r2:AppropriationCode>0400</r2:AppropriationCode>
        <r2:AppropriationName>Research, Development, Test &amp; Evaluation, Defense-Wide</r2:AppropriationName>
        <r2:BudgetActivityNumber>7</r2:BudgetActivityNumber>
        <r2:BudgetActivityTitle>Operational Systems Development</r2:BudgetActivityTitle>
        <r2:ProgramElementFunding>
            <r2:AllPriorYears>39.510</r2:AllPriorYears>
            <r2:PriorYear>47.545</r2:PriorYear>
            <r2:CurrentYear>42.355</r2:CurrentYear>
            <r2:BudgetYearOne>22.548</r2:BudgetYearOne>
            <r2:BudgetYearOneBase>22.548</r2:BudgetYearOneBase>
            <r2:CostToComplete>Continuing</r2:CostToComplete>
            <r2:TotalCost>Continuing</r2:TotalCost>
        </r2:ProgramElementFunding>
        <r2:ChangeSummary>
            <r2:PreviousPresidentBudget>
                <r2:PriorYear>52.736</r2:PriorYear>
                <r2:CurrentYear>42.355</r2:CurrentYear>
                <r2:BudgetYearOne>33.058</r2:BudgetYearOne>
                <r2:BudgetYearOneBase>33.058</r2:BudgetYearOneBase>
            </r2:PreviousPresidentBudget>
            <r2:CurrentPresidentBudget>
                <r2:PriorYear>47.545</r2:PriorYear>
                <r2:CurrentYear>42.355</r2:CurrentYear>
                <r2:BudgetYearOne>22.548</r2:BudgetYearOne>
                <r2:BudgetYearOneBase>22.548</r2:BudgetYearOneBase>
            </r2:CurrentPresidentBudget>
            <r2:TotalAdjustments>
                <r2:PriorYear>-5.191</r2:PriorYear>
                <r2:CurrentYear>0.000</r2:CurrentYear>
                <r2:BudgetYearOne>-10.510</r2:BudgetYearOne>
                <r2:BudgetYearOneBase>-10.510</r2:BudgetYearOneBase>
            </r2:TotalAdjustments>
            <r2:AdjustmentDetails>
                <r2:CongressionalDirectedReductions>
                    <r2:PriorYear>-5.191</r2:PriorYear>
                </r2:CongressionalDirectedReductions>
                <r2:OtherAdjustmentDetailList>
                    <r2:OtherAdjustmentDetail>
                        <r2:Title>Directed reductions</r2:Title>
                        <r2:Funding>
                            <r2:BudgetYearOne>-10.510</r2:BudgetYearOne>
                            <r2:BudgetYearOneBase>-10.510</r2:BudgetYearOneBase>
                        </r2:Funding>
                    </r2:OtherAdjustmentDetail>
                </r2:OtherAdjustmentDetailList>
            </r2:AdjustmentDetails>
            <r2:SummaryExplanation>FY 2026 decrease reflects 4th estate 8% reduction and compliance reduction per Executive Order 14222 "Implementing the President's 'Department of Government Efficiency' Cost Efficiency</r2:SummaryExplanation>
        </r2:ChangeSummary>
        <r2:ProjectList>
            <r2:Project>
                <r2:ProjectNumber>333</r2:ProjectNumber>
                <r2:ProjectTitle>Combined Advanced Applications</r2:ProjectTitle>
                <r2:SpecialProject>0</r2:SpecialProject>
                <r2:ProjectFunding>
                    <r2:AllPriorYears>39.510</r2:AllPriorYears>
                    <r2:PriorYear>47.545</r2:PriorYear>
                    <r2:CurrentYear>42.355</r2:CurrentYear>
                    <r2:BudgetYearOne>22.548</r2:BudgetYearOne>
                    <r2:BudgetYearOneBase>22.548</r2:BudgetYearOneBase>
                    <r2:CostToComplete>Continuing</r2:CostToComplete>
                    <r2:TotalCost>Continuing</r2:TotalCost>
                </r2:ProjectFunding>
                <r2:R2aExhibit>
                    <r2:ProjectNote>New Start (Y/N): No</r2:ProjectNote>
                    <r2:ProjectMissionDescription>Combined advanced applications details are classified and reported in accordance with Title 10, United States Code, Section 119(a)(1) in the Special Access Program annual report to Congress.</r2:ProjectMissionDescription>
                    <r2:AccomplishmentPlannedProgramList>
                        <r2:AccomplishmentPlannedProgram>
                            <r2:Title>Combined Advanced Applications</r2:Title>
                            <r2:Description>Information is classified.</r2:Description>
                            <r2:Accomplishment>
                                <r2:PriorYear>
                                    <r2:Funding>47.545</r2:Funding>
                                </r2:PriorYear>
                            </r2:Accomplishment>
                            <r2:PlannedProgram>
                                <r2:CurrentYear>
                                    <r2:Funding>42.355</r2:Funding>
                                    <r2:Text>Information is classified.</r2:Text>
                                </r2:CurrentYear>
                                <r2:BudgetYearOne>
                                    <r2:Funding>22.548</r2:Funding>
                                </r2:BudgetYearOne>
                                <r2:BudgetYearOneBase>
                                    <r2:Funding>22.548</r2:Funding>
                                    <r2:Text>Information is classified.</r2:Text>
                                </r2:BudgetYearOneBase>
                                <r2:AppChangeSummary>FY 2026 decrease reflects program adjustments to support Combined Advanced Applications. Requirements going from research and development to sustainment</r2:AppChangeSummary>
                            </r2:PlannedProgram>
                        </r2:AccomplishmentPlannedProgram>
                    </r2:AccomplishmentPlannedProgramList>
                </r2:R2aExhibit>
                <r2:R3Exhibit>
                    <r2:CostCategoryGroupList>
                        <r2:CostCategoryGroup>
                            <r2:Name>Support</r2:Name>
                            <r2:CostCategoryItemList>
                                <r2:CostCategoryItem>
                                    <r2:Name>Technical Engineering Services</r2:Name>
                                    <r2:ContractMethod>Option</r2:ContractMethod>
                                    <r2:ContractType>Various</r2:ContractType>
                                    <r2:PerformingActivity>Various</r2:PerformingActivity>
                                    <r2:PerformingActivityLocation>Various</r2:PerformingActivityLocation>
                                    <r2:Cost>
                                        <r2:TotalPreviousYears>17.970</r2:TotalPreviousYears>
                                        <r2:PriorYear>
                                            <r2:Amount>28.040</r2:Amount>
                                            <r2:AwardDate>2024-07</r2:AwardDate>
                                        </r2:PriorYear>
                                        <r2:CurrentYear>
                                            <r2:Amount>22.658</r2:Amount>
                                            <r2:AwardDate>2025-07</r2:AwardDate>
                                        </r2:CurrentYear>
                                        <r2:BudgetYearOne>
                                            <r2:Amount>15.255</r2:Amount>
                                        </r2:BudgetYearOne>
                                        <r2:BudgetYearOneBase>
                                            <r2:Amount>15.255</r2:Amount>
                                            <r2:AwardDate>2026-07</r2:AwardDate>
                                        </r2:BudgetYearOneBase>
                                        <r2:CostToComplete>Continuing</r2:CostToComplete>
                                        <r2:TotalCost>Continuing</r2:TotalCost>
                                    </r2:Cost>
                                </r2:CostCategoryItem>
                                <r2:CostCategoryItem>
                                    <r2:Name>Services Support</r2:Name>
                                    <r2:ContractMethod>Option</r2:ContractMethod>
                                    <r2:ContractType>Various</r2:ContractType>
                                    <r2:PerformingActivity>Various</r2:PerformingActivity>
                                    <r2:PerformingActivityLocation>Various</r2:PerformingActivityLocation>
                                    <r2:Cost>
                                        <r2:TotalPreviousYears>10.870</r2:TotalPreviousYears>
                                        <r2:PriorYear>
                                            <r2:Amount>12.296</r2:Amount>
                                            <r2:AwardDate>2024-07</r2:AwardDate>
                                        </r2:PriorYear>
                                        <r2:CurrentYear>
                                            <r2:Amount>9.955</r2:Amount>
                                            <r2:AwardDate>2025-07</r2:AwardDate>
                                        </r2:CurrentYear>
                                        <r2:BudgetYearOne>
                                            <r2:Amount>6.748</r2:Amount>
                                        </r2:BudgetYearOne>
                                        <r2:BudgetYearOneBase>
                                            <r2:Amount>6.748</r2:Amount>
                                            <r2:AwardDate>2026-07</r2:AwardDate>
                                        </r2:BudgetYearOneBase>
                                        <r2:CostToComplete>Continuing</r2:CostToComplete>
                                        <r2:TotalCost>Continuing</r2:TotalCost>
                                    </r2:Cost>
                                </r2:CostCategoryItem>
                            </r2:CostCategoryItemList>
                        </r2:CostCategoryGroup>
                        <r2:CostCategoryGroup>
                            <r2:Name>Management Services</r2:Name>
                            <r2:CostCategoryItemList>
                                <r2:CostCategoryItem>
                                    <r2:Name>Engineering Support</r2:Name>
                                    <r2:ContractMethod>Option</r2:ContractMethod>
                                    <r2:ContractType>Various</r2:ContractType>
                                    <r2:PerformingActivity>Various</r2:PerformingActivity>
                                    <r2:PerformingActivityLocation>Various</r2:PerformingActivityLocation>
                                    <r2:Cost>
                                        <r2:TotalPreviousYears>10.670</r2:TotalPreviousYears>
                                        <r2:PriorYear>
                                            <r2:Amount>7.209</r2:Amount>
                                            <r2:AwardDate>2024-07</r2:AwardDate>
                                        </r2:PriorYear>
                                        <r2:CurrentYear>
                                            <r2:Amount>9.742</r2:Amount>
                                            <r2:AwardDate>2025-07</r2:AwardDate>
                                        </r2:CurrentYear>
                                        <r2:BudgetYearOne>
                                            <r2:Amount>0.545</r2:Amount>
                                        </r2:BudgetYearOne>
                                        <r2:BudgetYearOneBase>
                                            <r2:Amount>0.545</r2:Amount>
                                            <r2:AwardDate>2026-07</r2:AwardDate>
                                        </r2:BudgetYearOneBase>
                                        <r2:CostToComplete>Continuing</r2:CostToComplete>
                                        <r2:TotalCost>Continuing</r2:TotalCost>
                                    </r2:Cost>
                                </r2:CostCategoryItem>
                            </r2:CostCategoryItemList>
                        </r2:CostCategoryGroup>
                    </r2:CostCategoryGroupList>
                </r2:R3Exhibit>
                <r2:R4aExhibit>
                    <r2:SubProjectScheduleList>
                        <r2:SubProjectSchedule>
                            <r2:Title>Information is classified</r2:Title>
                            <r2:ScheduleDetailList>
                                <r2:ScheduleDetail>
                                    <r2:EventTitle>FY 2023 Projected Execution</r2:EventTitle>
                                    <r2:Schedule>
                                        <r2:Start>
                                            <r2:Quarter>1</r2:Quarter>
                                            <r2:Year>2023</r2:Year>
                                        </r2:Start>
                                        <r2:End>
                                            <r2:Quarter>4</r2:Quarter>
                                            <r2:Year>2024</r2:Year>
                                        </r2:End>
                                    </r2:Schedule>
                                </r2:ScheduleDetail>
                                <r2:ScheduleDetail>
                                    <r2:EventTitle>FY 2024 Projected Execution</r2:EventTitle>
                                    <r2:Schedule>
                                        <r2:Start>
                                            <r2:Quarter>1</r2:Quarter>
                                            <r2:Year>2024</r2:Year>
                                        </r2:Start>
                                        <r2:End>
                                            <r2:Quarter>4</r2:Quarter>
                                            <r2:Year>2025</r2:Year>
                                        </r2:End>
                                    </r2:Schedule>
                                </r2:ScheduleDetail>
                                <r2:ScheduleDetail>
                                    <r2:EventTitle>FY 2025 Projected Execution</r2:EventTitle>
                                    <r2:Schedule>
                                        <r2:Start>
                                            <r2:Quarter>1</r2:Quarter>
                                            <r2:Year>2025</r2:Year>
                                        </r2:Start>
                                        <r2:End>
                                            <r2:Quarter>4</r2:Quarter>
                                            <r2:Year>2026</r2:Year>
                                        </r2:End>
                                    </r2:Schedule>
                                </r2:ScheduleDetail>
                                <r2:ScheduleDetail>
                                    <r2:EventTitle>FY 2026 Projected Execution</r2:EventTitle>
                                    <r2:Schedule>
                                        <r2:Start>
                                            <r2:Quarter>1</r2:Quarter>
                                            <r2:Year>2026</r2:Year>
                                        </r2:Start>
                                        <r2:End>
                                            <r2:Quarter>4</r2:Quarter>
                                            <r2:Year>2027</r2:Year>
                                        </r2:End>
                                    </r2:Schedule>
                                </r2:ScheduleDetail>
                                <r2:ScheduleDetail>
                                    <r2:EventTitle>FY 2027 Projected Execution</r2:EventTitle>
                                    <r2:Schedule>
                                        <r2:Start>
                                            <r2:Quarter>1</r2:Quarter>
                                            <r2:Year>2027</r2:Year>
                                        </r2:Start>
                                        <r2:End>
                                            <r2:Quarter>4</r2:Quarter>
                                            <r2:Year>2027</r2:Year>
                                        </r2:End>
                                    </r2:Schedule>
                                </r2:ScheduleDetail>
                            </r2:ScheduleDetailList>
                        </r2:SubProjectSchedule>
                    </r2:SubProjectScheduleList>
                </r2:R4aExhibit>
            </r2:Project>
        </r2:ProjectList>
    </r2:ProgramElement>
</r2:ProgramElementList>