<?xml version="1.0" encoding="UTF-8"?>
<r2:ProgramElementList xmlns:r2="http://www.dtic.mil/comptroller/xml/schema/022009/r2" targetSchemaVersion="1.0">
    <r2:ProgramElement monetaryUnit="Millions" format="R2Long">
        <r2:ProgramElementNumber>0305199D8Z</r2:ProgramElementNumber>
        <r2:ProgramElementTitle>Net Centricity</r2:ProgramElementTitle>
        <r2:R1LineNumber>262</r2:R1LineNumber>
        <r2:BudgetYear>2026</r2:BudgetYear>
        <r2:BudgetCycle>PB</r2:BudgetCycle>
        <r2:SubmissionDate>2025-06</r2:SubmissionDate>
        <r2:ServiceAgencyName>Office of the Secretary Of Defense</r2:ServiceAgencyName>
        <r2:AppropriationCode>0400</r2:AppropriationCode>
        <r2:AppropriationName>Research, Development, Test &amp; Evaluation, Defense-Wide</r2:AppropriationName>
        <r2:BudgetActivityNumber>7</r2:BudgetActivityNumber>
        <r2:BudgetActivityTitle>Operational Systems Development</r2:BudgetActivityTitle>
        <r2:ProgramElementFunding>
            <r2:AllPriorYears>180.996</r2:AllPriorYears>
            <r2:PriorYear>21.797</r2:PriorYear>
            <r2:CurrentYear>15.465</r2:CurrentYear>
            <r2:BudgetYearOne>17.114</r2:BudgetYearOne>
            <r2:BudgetYearOneBase>17.114</r2:BudgetYearOneBase>
            <r2:CostToComplete>Continuing</r2:CostToComplete>
            <r2:TotalCost>Continuing</r2:TotalCost>
        </r2:ProgramElementFunding>
        <r2:ChangeSummary>
            <r2:PreviousPresidentBudget>
                <r2:PriorYear>23.275</r2:PriorYear>
                <r2:CurrentYear>20.620</r2:CurrentYear>
                <r2:BudgetYearOne>17.114</r2:BudgetYearOne>
                <r2:BudgetYearOneBase>17.114</r2:BudgetYearOneBase>
                <r2:BudgetYearOneOOC>0.000</r2:BudgetYearOneOOC>
            </r2:PreviousPresidentBudget>
            <r2:CurrentPresidentBudget>
                <r2:PriorYear>21.797</r2:PriorYear>
                <r2:CurrentYear>15.465</r2:CurrentYear>
                <r2:BudgetYearOne>17.114</r2:BudgetYearOne>
                <r2:BudgetYearOneBase>17.114</r2:BudgetYearOneBase>
                <r2:BudgetYearOneOOC>0.000</r2:BudgetYearOneOOC>
            </r2:CurrentPresidentBudget>
            <r2:TotalAdjustments>
                <r2:PriorYear>-1.478</r2:PriorYear>
                <r2:CurrentYear>-5.155</r2:CurrentYear>
                <r2:BudgetYearOne>0.000</r2:BudgetYearOne>
                <r2:BudgetYearOneBase>0.000</r2:BudgetYearOneBase>
                <r2:BudgetYearOneOOC>0.000</r2:BudgetYearOneOOC>
            </r2:TotalAdjustments>
            <r2:AdjustmentDetails>
                <r2:CongressionalGeneralReductions>
                    <r2:PriorYear>-1.478</r2:PriorYear>
                </r2:CongressionalGeneralReductions>
                <r2:CongressionalDirectedReductions>
                    <r2:PriorYear>0.000</r2:PriorYear>
                    <r2:CurrentYear>-5.155</r2:CurrentYear>
                </r2:CongressionalDirectedReductions>
                <r2:CongressionalRescissions>
                    <r2:PriorYear>0.000</r2:PriorYear>
                </r2:CongressionalRescissions>
                <r2:CongressionalAdds>
                    <r2:PriorYear>0.000</r2:PriorYear>
                </r2:CongressionalAdds>
                <r2:Reprogrammings>
                    <r2:PriorYear>0.000</r2:PriorYear>
                </r2:Reprogrammings>
                <r2:SBIRSTTRTransfer>
                    <r2:PriorYear>0.000</r2:PriorYear>
                </r2:SBIRSTTRTransfer>
            </r2:AdjustmentDetails>
            <r2:SummaryExplanation>The FY 2026 request includes $20M of mandatory funding (low-cost weapons for Joint Modular Emitter Interface Standards and System Proliferation (JMEIS) requirements) for a total of $37.114M.  Further information for this reconciliation request is provided in Chapter 6 of the Reconciliation Exhibit.</r2:SummaryExplanation>
        </r2:ChangeSummary>
        <r2:ProjectList>
            <r2:Project>
                <r2:ProjectNumber>199</r2:ProjectNumber>
                <r2:ProjectTitle>GIG Evaluation Facilities (GIG-EF) and GIG Enterprise-Wide Systems Engineering Advisory Activities</r2:ProjectTitle>
                <r2:SpecialProject>0</r2:SpecialProject>
                <r2:ProjectFunding>
                    <r2:AllPriorYears>180.996</r2:AllPriorYears>
                    <r2:PriorYear>21.797</r2:PriorYear>
                    <r2:CurrentYear>15.465</r2:CurrentYear>
                    <r2:BudgetYearOne>17.114</r2:BudgetYearOne>
                    <r2:BudgetYearOneBase>17.114</r2:BudgetYearOneBase>
                    <r2:CostToComplete>Continuing</r2:CostToComplete>
                    <r2:TotalCost>Continuing</r2:TotalCost>
                </r2:ProjectFunding>
                <r2:R2aExhibit>
                    <r2:ProjectNote>New Start (Y/N): No</r2:ProjectNote>
                    <r2:ProjectMissionDescription>This program supports the Department's initiatives to deter aggression, defend the homeland, and build enduring advantage by modernizing command, control, and communications (C3) capabilities.

The DoD CIO provides strategic direction and oversight for C3 capabilities, including tactical communications, infrastructure, satellite communications (SATCOM), electromagnetic spectrum (EMS) management, positioning, navigation, and timing (PNT), Defense Information Systems Network infrastructure, commercial mobile devices, and emerging 5G capabilities.

The C3 modernization (C3M) program provides technical analysis and systems engineering to ensure warfighters have information advantage through C3 systems and shapes the Combined Joint All Domain Command and Control (CJADC2) technology foundation.

Specifically, this program enables the research, analysis, evaluation, and management of communication networks in a contested spectrum environment. This includes providing secure information access and services (e.g., cryptographic modernization) and supporting CJADC2 efforts by refining joint protocols.</r2:ProjectMissionDescription>
                    <r2:AccomplishmentPlannedProgramList>
                        <r2:AccomplishmentPlannedProgram>
                            <r2:Title>Net Centricity Plans and Accomplishments</r2:Title>
                            <r2:Description>Same as program level mission description.</r2:Description>
                            <r2:Accomplishment>
                                <r2:PriorYear>
                                    <r2:Funding>21.797</r2:Funding>
                                    <r2:Text>– Re-charter the SATCOM Systems Engineering Group, co-chaired by the Under Secretary of Defense for Acquisition and Sustainment and U.S. Space Force, and new focus on requirements and planning, programming, budgeting, and execution synchronization.
– Initiate the Enterprise SATCOM Management and Control Implementation Plan, with initial focus on integrated data management and resource allocation automation.
– Implement the automated DoD SATCOM terminal registry and resource allocation capabilities.
– Continue rationalizing current SATCOM tools (SATCOM database management tool and Joint SATCOM management environment) to the SATCOM Operational Management and Situational Awareness Tool and migration to the Joint Warfighting Cloud Capability environment.
– Continue governance and oversee modernized modem fielding (enterprise SATCOM gateway modem Army, Air Force antijam modem. 
– Continue Mobile User Objective System terminal oversight to keep fielding on schedule, in accordance with the Chairman of the Joint Chiefs of Staff-defined net transition strategy.
– Continue efforts to formalize ground infrastructure sharing in Geraldton, AUS and work with other partners (UK, NZ, CAN) on prospective non-geosynchronous teleport partner locations. 
– Continue developing (MTS-CDD) to define ground infrastructure requirements.
– Continue supporting the broadband SATCOM force design and follow-on analysis. 
– Continue technical analysis and identify modern transmission security mitigation controls to improve DoD’s next-generation commercial SATCOM utilization.
– Continue evolving SATCOM networks toward a digital intermediate frequency (IF) modem architecture.
– Continue SATCOM International Standards Committee analysis.
– Finalize remaining North Atlantic Treaty Organization (NATO) SATCOM extremely high frequency sites' initial operational capability and conduct NATO SATCOM services 6th generation reinvestment boards to allocate invoiced payments to deserving SATCOM projects.
– Continue supporting allied and coalition interoperability efforts, including NATO migration plan, Joint Strike Fighter partner interoperability, US/Swedish master information exchange agreement, and integrating US and foreign C3 systems.
– Continue analyzing multinational information sharing programs and initiatives, related acquisition strategies, and functional requirements.
– Continue video dissemination and two-way global broadcast service support to inform follow-on DoD implementation. 
– Continue implementing SATCOM gateway optimization and resiliency and broadband force design initiatives.
– Continue broadband and narrowband SATCOM force designs support and follow-on analysis.
– Continue hub-based high frequency communications concept to provide protected high-rate communications needed for long range connectivity in satellite-denied environments.
– Continue implementing SATCOM gateway optimization and resiliency and broadband force design initiatives.
– Continue broadband and narrowband SATCOM force designs support and follow-on analysis.
   – Continue tactical processing nodes system engineering and architecture analysis. 
– Continue analyzing tactical secure voice cryptographic interoperability specification implementation on tactical radios. 
– Continue efforts to determine strengths, weaknesses, and waveform and network management capability uses; identify gaps; and identify new technologies to support waveform and network management. 
– Continue technical assessments/refine commercial wireless policy guidance to support DMS implementation; continue assessing cybersecurity policies effects.
– Continue wireless architecture and advanced technologies analysis to inform Department-wide policies and implement mobility solutions.
– Continue technical analysis to oversee waveform policies and technical specifications compliance. 
– Continue DoD commercial mobility implementation and systems engineering analysis on defense mobile unclassified and classified capabilities (DMUC/DMCC).
– Continue analysis to support DMUC derived credentials implementation.
– Continue refining CMD certification processes, mobile application/device management guidelines, DoD mobile public key infrastructure (PKI) guides, and personal user-based enforcement guidelines; update approved CMD product matrix.
– Continue implementation assessments to refine mobile application and device strategies.
– Develop an analytical model that facilitates rapid, safe, and operationally adequate access to the 1030/1090 MHz spectrum.
– Develop a resilient, secure, and adaptive tactical IT infrastructure that can operate in a contested, congested, and operationally limited EMS environment.
– Develop EMS statistical and associative M&amp;S techniques.
– Modernize DoD’s spectrum dependent systems to a fully integrated information and decision support architecture for all-domain maneuver and fires superiority. 
– Modernize spectrum data, data collection, databases, storage retrieval, and aggregation.
– Develop artificial intelligence-enabled spectrum data analytics.  
– Modernize electromagnetic battle management, situational awareness, and command and control (C2) integration.
– Continue 5G analysis and develop policy to enable dynamic, bidirectional, and cognitive spectrum sharing. 
– Continue analysis and policy guidance on DoD tactical 5G technology use.
– Develop 5G standards engagement plan.
– Continue CMD and voice encryption technical and business case analyses.
– Update the tactical radio and communication security modernization plan.
– Continue developing interoperable land mobile radio (LMR) standards to support public safety communications.
– Continue LMR policy implementation analysis; refine procedures to support DoD’s LMR implementation.
– Continue DoD waveform development and management analysis.   
– Maintain DoD-approved waveform baseline and authoritative repository. 
– Continue technical analysis to secure intelligence, surveillance, and reconnaissance (ISR) data and encryption over wireless platforms; conduct implementation assessments through unmanned aircraft systems encryption data calls. 
– Lead the narrowband communications services analysis of alternatives (AoA) working group, focusing on ground infrastructure, user terminals, and cost baselines.
– Continue analyzing coalition C2 and multinational information sharing, functional requirements, strategic policy development, and capability strategies to guide mission partner environment (MPE) development.
– Continue analyzing select joint and military service C2 programs/initiatives to promote enterprise data and services. 
– Continue common mission network transport capability implementation analysis.
– Continue analyzing coalition C2 and multinational information sharing, functional requirements, strategic policy development, and capability strategies to guide mission partner environment (MPE) development.
– Continue analyzing select joint and military service C2 programs/initiatives to promote enterprise data and services. 
– Continue common mission network transport capability implementation analysis.
– Continue adopting and evolving enterprise mission services to support the DMS and joint communications architecture.
– Conduct follow-on analysis to implement the Global Command and Control System AoA recommendations. 
– Continue joint force capability needs analysis to enable C2.   
– Evaluate enterprise operations center architectures and information requirements to support C2 investment decisions. 
– Continue joint C3 requirements, capability gaps, and integrated priority list analysis to support DoD CIO engagement in C3 functional capability boards. 
– Continue analyzing network management interoperability, architecture, and data artifacts.
– Continue technical analysis to support the network management strategy and roadmap implementation. 
– Continue developing data ontologies and National Information Exchange Model compliant network management information exchange package documents. 
– Continue technical analysis supporting C3 policies, plans, studies, roadmaps, and capability assessments. 
– Continue studies and analyses supporting mobile device security efforts. 
– Continue technical analysis/studies on migrating current applications and services to DoD core data centers and support application rationalization.
– Continue technical analysis to support DMS implementation capability upgrades and technical planning.
– Continue studies and analyses on DMS technical implementation actions.  
– Continue technical analyses and studies related to software defined networking as an approach to network normalization and security. 
– Continue Link 16 joint interoperability enhancement progress analysis and add variable message format. 
– Assess developing waveform technologies to improve tactical data link network robustness and scalability.
– Continue efforts to maintain DMS infrastructure framework and synchronization roadmap to track infrastructure deployment or implementation. – Continue reviewing DMS objectives, plans, technical approaches, schedules, and cost factors to support CJADC2 implementation.
– Support business case development activities, as required.
– Develop guidance (e.g., information system security engineering guidance) and programming recommendations to integrate trusted systems, networks, concepts, and processes into the acquisition and maintenance of DoD information systems, enclaves, and services, including tactical communication commodities purchase and integration. 
– Review/refine Electronic Flight Bag procedures.</r2:Text>
                                </r2:PriorYear>
                            </r2:Accomplishment>
                            <r2:PlannedProgram>
                                <r2:CurrentYear>
                                    <r2:Funding>15.465</r2:Funding>
                                    <r2:Text>FY 2025 Plans: 
– Continue base program initiatives from prior budget year.
– Continue to refine Commercial mobile devices (CMD) certification processes, mobile application management/mobile device management guidelines, and personal user-based enforcement guidelines; update approved CMD product matrix.
– Continue implementation assessments to refine mobile application and device strategies.
– Develop EMS statistical and associative modeling and simulation techniques.
– Modernize DoD’s spectrum dependent systems to a fully integrated information and decision support architecture for all-domain maneuver and fires superiority. 
– Modernize spectrum data, data collection, databases, storage retrieval, and aggregation.
– Develop artificial intelligence-enabled spectrum data analytics.
– Modernize electromagnetic battle management, situational awareness, and command and control integration.
– Continue developing interoperable land mobile radio (LMR) standards to support public safety communications.
– Continue technical analysis to improve DoD’s commercial SATCOM capabilities usage.
– Continue technical analysis for network management interoperability, architecture, and data artifacts.
– Continue systems engineering and architecture analysis for joint information environment tactical processing nodes.
– Continue analysis to implement TSVSIC for tactical radios.
– Continue implementing the DoD Enterprise Mass Warning &amp; Notification system and modernize Next Generation 9-1-1.</r2:Text>
                                </r2:CurrentYear>
                                <r2:BudgetYearOne>
                                    <r2:Funding>17.114</r2:Funding>
                                </r2:BudgetYearOne>
                                <r2:BudgetYearOneBase>
                                    <r2:Funding>17.114</r2:Funding>
                                    <r2:Text>– Continue base program initiatives from prior budget year.
–  Funds mandatory (reconciliation) Joint Modular Emitter Interface Standards and System Proliferation (JMEIS) requirements</r2:Text>
                                </r2:BudgetYearOneBase>
                                <r2:AppChangeSummary>- The FY 2026 request includes $20M of mandatory (low-cost weapons for JMEIS requirements) for a total of $37.114M.  Further information for this reconciliation request is provided in Chapter 6 of the Reconciliation Exhibit.</r2:AppChangeSummary>
                            </r2:PlannedProgram>
                        </r2:AccomplishmentPlannedProgram>
                    </r2:AccomplishmentPlannedProgramList>
                    <r2:OtherProgramFundingSummaryRemarks>N/A</r2:OtherProgramFundingSummaryRemarks>
                    <r2:AcquisitionStrategy>N/A</r2:AcquisitionStrategy>
                </r2:R2aExhibit>
                <r2:R3Exhibit>
                    <r2:CostCategoryGroupList>
                        <r2:CostCategoryGroup>
                            <r2:Name>Support</r2:Name>
                            <r2:CostCategoryItemList>
                                <r2:CostCategoryItem>
                                    <r2:Name>Studies and Analysis</r2:Name>
                                    <r2:FundingVehicle>Various</r2:FundingVehicle>
                                    <r2:PerformingActivity>Various</r2:PerformingActivity>
                                    <r2:PerformingActivityLocation>Various</r2:PerformingActivityLocation>
                                    <r2:Cost>
                                        <r2:TotalPreviousYears>29.693</r2:TotalPreviousYears>
                                        <r2:PriorYear>
                                            <r2:Amount>0.155</r2:Amount>
                                            <r2:AwardDate>2024-03</r2:AwardDate>
                                        </r2:PriorYear>
                                        <r2:CurrentYear>
                                            <r2:Amount>0.786</r2:Amount>
                                            <r2:AwardDate>2025-03</r2:AwardDate>
                                        </r2:CurrentYear>
                                        <r2:BudgetYearOne>
                                            <r2:Amount>0.786</r2:Amount>
                                        </r2:BudgetYearOne>
                                        <r2:BudgetYearOneBase>
                                            <r2:Amount>0.786</r2:Amount>
                                            <r2:AwardDate>2026-03</r2:AwardDate>
                                        </r2:BudgetYearOneBase>
                                        <r2:CostToComplete>Continuing</r2:CostToComplete>
                                        <r2:TotalCost>Continuing</r2:TotalCost>
                                        <r2:TargetValue>Continuing</r2:TargetValue>
                                    </r2:Cost>
                                </r2:CostCategoryItem>
                                <r2:CostCategoryItem>
                                    <r2:Name>Technical Engineering Services</r2:Name>
                                    <r2:FundingVehicle>Various</r2:FundingVehicle>
                                    <r2:PerformingActivity>Various</r2:PerformingActivity>
                                    <r2:PerformingActivityLocation>Various</r2:PerformingActivityLocation>
                                    <r2:Cost>
                                        <r2:TotalPreviousYears>68.485</r2:TotalPreviousYears>
                                        <r2:PriorYear>
                                            <r2:Amount>10.129</r2:Amount>
                                            <r2:AwardDate>2024-03</r2:AwardDate>
                                        </r2:PriorYear>
                                        <r2:CurrentYear>
                                            <r2:Amount>3.000</r2:Amount>
                                            <r2:AwardDate>2025-03</r2:AwardDate>
                                        </r2:CurrentYear>
                                        <r2:BudgetYearOne>
                                            <r2:Amount>3.000</r2:Amount>
                                        </r2:BudgetYearOne>
                                        <r2:BudgetYearOneBase>
                                            <r2:Amount>3.000</r2:Amount>
                                            <r2:AwardDate>2026-03</r2:AwardDate>
                                        </r2:BudgetYearOneBase>
                                        <r2:CostToComplete>Continuing</r2:CostToComplete>
                                        <r2:TotalCost>Continuing</r2:TotalCost>
                                        <r2:TargetValue>Continuing</r2:TargetValue>
                                    </r2:Cost>
                                </r2:CostCategoryItem>
                            </r2:CostCategoryItemList>
                        </r2:CostCategoryGroup>
                        <r2:CostCategoryGroup>
                            <r2:Name>Management Services</r2:Name>
                            <r2:CostCategoryItemList>
                                <r2:CostCategoryItem>
                                    <r2:Name>Program Management Support</r2:Name>
                                    <r2:FundingVehicle>Various</r2:FundingVehicle>
                                    <r2:PerformingActivity>Various</r2:PerformingActivity>
                                    <r2:PerformingActivityLocation>Various</r2:PerformingActivityLocation>
                                    <r2:Cost>
                                        <r2:TotalPreviousYears>34.926</r2:TotalPreviousYears>
                                        <r2:PriorYear>
                                            <r2:Amount>5.000</r2:Amount>
                                            <r2:AwardDate>2024-03</r2:AwardDate>
                                        </r2:PriorYear>
                                        <r2:CurrentYear>
                                            <r2:Amount>5.000</r2:Amount>
                                            <r2:AwardDate>2025-03</r2:AwardDate>
                                        </r2:CurrentYear>
                                        <r2:BudgetYearOne>
                                            <r2:Amount>2.000</r2:Amount>
                                        </r2:BudgetYearOne>
                                        <r2:BudgetYearOneBase>
                                            <r2:Amount>2.000</r2:Amount>
                                            <r2:AwardDate>2026-03</r2:AwardDate>
                                        </r2:BudgetYearOneBase>
                                        <r2:CostToComplete>Continuing</r2:CostToComplete>
                                        <r2:TotalCost>Continuing</r2:TotalCost>
                                        <r2:TargetValue>Continuing</r2:TargetValue>
                                    </r2:Cost>
                                </r2:CostCategoryItem>
                                <r2:CostCategoryItem>
                                    <r2:Name>Program Support</r2:Name>
                                    <r2:FundingVehicle>FFRDC</r2:FundingVehicle>
                                    <r2:PerformingActivity>Various</r2:PerformingActivity>
                                    <r2:PerformingActivityLocation>Various</r2:PerformingActivityLocation>
                                    <r2:Cost>
                                        <r2:TotalPreviousYears>2.869</r2:TotalPreviousYears>
                                        <r2:PriorYear>
                                            <r2:Amount>2.189</r2:Amount>
                                        </r2:PriorYear>
                                    </r2:Cost>
                                </r2:CostCategoryItem>
                                <r2:CostCategoryItem>
                                    <r2:Name>Engineering Support</r2:Name>
                                    <r2:FundingVehicle>FFRDC</r2:FundingVehicle>
                                    <r2:PerformingActivity>Various</r2:PerformingActivity>
                                    <r2:PerformingActivityLocation>Various</r2:PerformingActivityLocation>
                                    <r2:Cost>
                                        <r2:TotalPreviousYears>36.689</r2:TotalPreviousYears>
                                        <r2:PriorYear>
                                            <r2:Amount>4.324</r2:Amount>
                                            <r2:AwardDate>2024-03</r2:AwardDate>
                                        </r2:PriorYear>
                                        <r2:CurrentYear>
                                            <r2:Amount>6.679</r2:Amount>
                                            <r2:AwardDate>2025-03</r2:AwardDate>
                                        </r2:CurrentYear>
                                        <r2:BudgetYearOne>
                                            <r2:Amount>6.417</r2:Amount>
                                        </r2:BudgetYearOne>
                                        <r2:BudgetYearOneBase>
                                            <r2:Amount>6.417</r2:Amount>
                                            <r2:AwardDate>2026-03</r2:AwardDate>
                                        </r2:BudgetYearOneBase>
                                        <r2:CostToComplete>Continuing</r2:CostToComplete>
                                        <r2:TotalCost>Continuing</r2:TotalCost>
                                        <r2:TargetValue>Continuing</r2:TargetValue>
                                    </r2:Cost>
                                </r2:CostCategoryItem>
                                <r2:CostCategoryItem>
                                    <r2:Name>R&amp;D Support</r2:Name>
                                    <r2:FundingVehicle>Various</r2:FundingVehicle>
                                    <r2:PerformingActivity>Various</r2:PerformingActivity>
                                    <r2:PerformingActivityLocation>Various</r2:PerformingActivityLocation>
                                    <r2:Cost>
                                        <r2:TotalPreviousYears>8.334</r2:TotalPreviousYears>
                                        <r2:BudgetYearOne>
                                            <r2:Amount>4.911</r2:Amount>
                                        </r2:BudgetYearOne>
                                        <r2:BudgetYearOneBase>
                                            <r2:Amount>4.911</r2:Amount>
                                        </r2:BudgetYearOneBase>
                                    </r2:Cost>
                                </r2:CostCategoryItem>
                            </r2:CostCategoryItemList>
                        </r2:CostCategoryGroup>
                    </r2:CostCategoryGroupList>
                </r2:R3Exhibit>
                <r2:R4aExhibit>
                    <r2:SubProjectScheduleList>
                        <r2:SubProjectSchedule>
                            <r2:Title>*** SUBPROJECT TITLE ***</r2:Title>
                            <r2:ScheduleDetailList>
                                <r2:ScheduleDetail>
                                    <r2:EventTitle>FY 2022 Projected Execution</r2:EventTitle>
                                    <r2:Schedule>
                                        <r2:Start>
                                            <r2:Quarter>1</r2:Quarter>
                                            <r2:Year>2021</r2:Year>
                                        </r2:Start>
                                        <r2:End>
                                            <r2:Quarter>4</r2:Quarter>
                                            <r2:Year>2022</r2:Year>
                                        </r2:End>
                                    </r2:Schedule>
                                </r2:ScheduleDetail>
                                <r2:ScheduleDetail>
                                    <r2:EventTitle>FY 2023 Projected Execution</r2:EventTitle>
                                    <r2:Schedule>
                                        <r2:Start>
                                            <r2:Quarter>1</r2:Quarter>
                                            <r2:Year>2022</r2:Year>
                                        </r2:Start>
                                        <r2:End>
                                            <r2:Quarter>4</r2:Quarter>
                                            <r2:Year>2023</r2:Year>
                                        </r2:End>
                                    </r2:Schedule>
                                </r2:ScheduleDetail>
                                <r2:ScheduleDetail>
                                    <r2:EventTitle>FY 2024 Projected Execution</r2:EventTitle>
                                    <r2:Schedule>
                                        <r2:Start>
                                            <r2:Quarter>1</r2:Quarter>
                                            <r2:Year>2023</r2:Year>
                                        </r2:Start>
                                        <r2:End>
                                            <r2:Quarter>4</r2:Quarter>
                                            <r2:Year>2024</r2:Year>
                                        </r2:End>
                                    </r2:Schedule>
                                </r2:ScheduleDetail>
                                <r2:ScheduleDetail>
                                    <r2:EventTitle>FY 2025 Projected Execution</r2:EventTitle>
                                    <r2:Schedule>
                                        <r2:Start>
                                            <r2:Quarter>1</r2:Quarter>
                                            <r2:Year>2024</r2:Year>
                                        </r2:Start>
                                        <r2:End>
                                            <r2:Quarter>4</r2:Quarter>
                                            <r2:Year>2025</r2:Year>
                                        </r2:End>
                                    </r2:Schedule>
                                </r2:ScheduleDetail>
                                <r2:ScheduleDetail>
                                    <r2:EventTitle>FY 2026 Projected Execution</r2:EventTitle>
                                    <r2:Schedule>
                                        <r2:Start>
                                            <r2:Quarter>1</r2:Quarter>
                                            <r2:Year>2025</r2:Year>
                                        </r2:Start>
                                        <r2:End>
                                            <r2:Quarter>4</r2:Quarter>
                                            <r2:Year>2026</r2:Year>
                                        </r2:End>
                                    </r2:Schedule>
                                </r2:ScheduleDetail>
                                <r2:ScheduleDetail>
                                    <r2:EventTitle>FY 2027 Projected Execution</r2:EventTitle>
                                    <r2:Schedule>
                                        <r2:Start>
                                            <r2:Quarter>1</r2:Quarter>
                                            <r2:Year>2026</r2:Year>
                                        </r2:Start>
                                        <r2:End>
                                            <r2:Quarter>4</r2:Quarter>
                                            <r2:Year>2027</r2:Year>
                                        </r2:End>
                                    </r2:Schedule>
                                </r2:ScheduleDetail>
                            </r2:ScheduleDetailList>
                        </r2:SubProjectSchedule>
                    </r2:SubProjectScheduleList>
                </r2:R4aExhibit>
            </r2:Project>
        </r2:ProjectList>
    </r2:ProgramElement>
</r2:ProgramElementList>