<?xml version="1.0" encoding="UTF-8"?>
<r2:ProgramElementList xmlns:r2="http://www.dtic.mil/comptroller/xml/schema/022009/r2" targetSchemaVersion="1.0">
    <r2:ProgramElement monetaryUnit="Millions">
        <r2:ProgramElementNumber>0303140D8Z</r2:ProgramElementNumber>
        <r2:ProgramElementTitle>Information Systems Security Program</r2:ProgramElementTitle>
        <r2:R1LineNumber>240</r2:R1LineNumber>
        <r2:BudgetYear>2026</r2:BudgetYear>
        <r2:BudgetCycle>PB</r2:BudgetCycle>
        <r2:SubmissionDate>2025-06</r2:SubmissionDate>
        <r2:ServiceAgencyName>Office of the Secretary Of Defense</r2:ServiceAgencyName>
        <r2:AppropriationCode>0400</r2:AppropriationCode>
        <r2:AppropriationName>Research, Development, Test &amp; Evaluation, Defense-Wide</r2:AppropriationName>
        <r2:BudgetActivityNumber>7</r2:BudgetActivityNumber>
        <r2:BudgetActivityTitle>Operational Systems Development</r2:BudgetActivityTitle>
        <r2:ProgramElementFunding>
            <r2:AllPriorYears>286.232</r2:AllPriorYears>
            <r2:PriorYear>137.157</r2:PriorYear>
            <r2:CurrentYear>36.127</r2:CurrentYear>
            <r2:BudgetYearOne>25.347</r2:BudgetYearOne>
            <r2:BudgetYearOneBase>25.347</r2:BudgetYearOneBase>
            <r2:CostToComplete>Continuing</r2:CostToComplete>
            <r2:TotalCost>Continuing</r2:TotalCost>
        </r2:ProgramElementFunding>
        <r2:ProgramElementNote>New Start (Y/N): No</r2:ProgramElementNote>
        <r2:ProgramElementMissionDescription>The DoD CIO information systems security program (ISSP) provides focused defense cybersecurity and information assurance technology and technical solutions research, development, testing, and integration critical to meet Title 10 U.S. Code Section 2224 (10 U.S.C. §2224) (Defense Information Assurance Program); Public Law 113-283 (Federal Information Security Modernization Act of 2014); Office of Management and Budget (OMB) Circular A-130; multiple DoD cybersecurity-related instruction series, such as 8500, 8510, 8520, 8530, and 8540; Executive Order 14028, “Improving the Nation’s Cybersecurity”; National Defense Authorization Act (NDAA) for Fiscal Year (FY) 2022, Section 1528; National Cybersecurity Strategy (March 2023), OMB M-22-09, “Moving the U.S. Government Toward Zero Trust Cybersecurity Principles”; National Security Memorandum 8, “Memorandum on Improving the Cybersecurity of National Security, Department of Defense, and Intelligence Community Systems”; Fulcrum: The DoD Information Technology Advancement Strategy; FY 2022 – 2026 DoD Strategic Management Plan; DoD CIO 2024 Defense Industrial Base Cybersecurity Strategy; and DoD CIO 2022 Zero Trust (ZT) Strategy.

ISSP assists the DoD CIO and mission partners in: developing cybersecurity governance processes; modernizing communications security (COMSEC) and cryptography, including post-quantum solutions; integrating and synchronizing the DoD information environment; enhancing communications cybersecurity and national security system protection; adopting Zero Trust (ZT) cybersecurity principles; defending against supply-chain attacks; overseeing cybersecurity risk management; developing and sustaining Defense Industrial Base (DIB) cybersecurity activities; integrating cybersecurity standards across the DoD.</r2:ProgramElementMissionDescription>
        <r2:ChangeSummary>
            <r2:PreviousPresidentBudget>
                <r2:PriorYear>97.171</r2:PriorYear>
                <r2:CurrentYear>31.127</r2:CurrentYear>
                <r2:BudgetYearOne>30.662</r2:BudgetYearOne>
                <r2:BudgetYearOneBase>30.662</r2:BudgetYearOneBase>
            </r2:PreviousPresidentBudget>
            <r2:CurrentPresidentBudget>
                <r2:PriorYear>137.157</r2:PriorYear>
                <r2:CurrentYear>36.127</r2:CurrentYear>
                <r2:BudgetYearOne>25.347</r2:BudgetYearOne>
                <r2:BudgetYearOneBase>25.347</r2:BudgetYearOneBase>
            </r2:CurrentPresidentBudget>
            <r2:TotalAdjustments>
                <r2:PriorYear>39.986</r2:PriorYear>
                <r2:CurrentYear>5.000</r2:CurrentYear>
                <r2:BudgetYearOne>-5.315</r2:BudgetYearOne>
                <r2:BudgetYearOneBase>-5.315</r2:BudgetYearOneBase>
            </r2:TotalAdjustments>
            <r2:AdjustmentDetails>
                <r2:CongressionalDirectedReductions>
                    <r2:PriorYear>-0.014</r2:PriorYear>
                </r2:CongressionalDirectedReductions>
                <r2:CongressionalAdds>
                    <r2:PriorYear>40.000</r2:PriorYear>
                    <r2:CurrentYear>5.000</r2:CurrentYear>
                </r2:CongressionalAdds>
                <r2:OtherAdjustmentDetailList>
                    <r2:OtherAdjustmentDetail>
                        <r2:Title>DoD  CIO</r2:Title>
                        <r2:Funding>
                            <r2:BudgetYearOne>-5.315</r2:BudgetYearOne>
                            <r2:BudgetYearOneBase>-5.315</r2:BudgetYearOneBase>
                        </r2:Funding>
                    </r2:OtherAdjustmentDetail>
                </r2:OtherAdjustmentDetailList>
            </r2:AdjustmentDetails>
            <r2:SummaryExplanation>The $5.279 million decrease reduces advisory and assistance services contracts to promote efficiencies and advance the Administration’s policies in alignment with Executive Order 14222, “Implementing the President’s Department of Government Efficiency Cost Efficiency Initiative.”</r2:SummaryExplanation>
        </r2:ChangeSummary>
        <r2:ProjectList>
            <r2:Project>
                <r2:ProjectNumber>140</r2:ProjectNumber>
                <r2:ProjectTitle>Information Systems Security Program (ISSP)</r2:ProjectTitle>
                <r2:SpecialProject>0</r2:SpecialProject>
                <r2:ProjectFunding>
                    <r2:AllPriorYears>286.232</r2:AllPriorYears>
                    <r2:PriorYear>137.157</r2:PriorYear>
                    <r2:CurrentYear>36.127</r2:CurrentYear>
                    <r2:BudgetYearOne>25.347</r2:BudgetYearOne>
                    <r2:BudgetYearOneBase>25.347</r2:BudgetYearOneBase>
                    <r2:CostToComplete>Continuing</r2:CostToComplete>
                    <r2:TotalCost>Continuing</r2:TotalCost>
                </r2:ProjectFunding>
                <r2:R2aExhibit>
                    <r2:ProjectNote>New Start (Y/N): No</r2:ProjectNote>
                    <r2:ProjectMissionDescription>Same as program level mission description.</r2:ProjectMissionDescription>
                    <r2:CongressionalAddDetailList>
                        <r2:CongressionalAddDetail>
                            <r2:Title>Information Systems Security</r2:Title>
                            <r2:PriorYear>
                                <r2:Funding>40.000</r2:Funding>
                                <r2:Text>FY 2024 Congressional increase for Information Systems Security. 
171 scholarships awarded 
• 50 new and 119 returning recruitment scholarships - students pursuing a cyber degree at a National Center of Academic Excellence in Cybersecurity for future employment within the DoD
• 0 new and 3 returning recruitment scholarships - current DoD civilians/AD military who are pursuing a cyber degree
Awarded one capacity building grant that will execute a pilot program for Cyber Registered Apprenticeship Program</r2:Text>
                            </r2:PriorYear>
                            <r2:CurrentYear>
                                <r2:Funding>5.000</r2:Funding>
                                <r2:Text>Congressional add for Cyber Academic Engagement Office (CAEO).</r2:Text>
                            </r2:CurrentYear>
                        </r2:CongressionalAddDetail>
                    </r2:CongressionalAddDetailList>
                    <r2:AccomplishmentPlannedProgramList>
                        <r2:AccomplishmentPlannedProgram>
                            <r2:Title>Information Systems Security Program Plans and Accomplishments</r2:Title>
                            <r2:Description>This program element directly contributes to both integrated deterrence and the development of enduring advantages. Regarding integrated deterrence, the program strengthens the DoD's ability to deter aggression through enhanced resilience of its information systems and networks. This resilience acts as a deterrent by making U.S. systems less vulnerable to attack and disruption, thereby reducing the potential adversarial gains. Furthermore, the program supports strategic competition with China and addresses persistent threats from Russia, North Korea, Iran, and violent extremist organizations by providing the cybersecurity tools and expertise necessary to defend against their evolving cyber capabilities.

In terms of building enduring advantages, the program focuses on adapting and fortifying the defense ecosystem. This includes modernizing cybersecurity infrastructure, implementing advanced security protocols like Zero Trust, and fostering a culture of cybersecurity awareness and vigilance. By continuously improving the defense ecosystem's cybersecurity posture, the program ensures that the U.S. maintains a technological and operational advantage in the face of increasingly sophisticated cyber threats. This proactive approach ensures long-term security and resilience, contributing to the overall strategic advantage of the United States.</r2:Description>
                            <r2:Accomplishment>
                                <r2:PriorYear>
                                    <r2:Funding>97.157</r2:Funding>
                                    <r2:Text>$80.000 million: 
• $70.000 million - ZT private cloud pilot &amp; ZT private cloud operational environment pilot.
• $10.000 million – Enhancements to accelerate ZT capabilities across the secure internet protocol router (SIPR) networks.

These include efforts related to the DoD’s ZT adoption in the non-secure (NIPR) and SIPR networks, including assessments of various ZT solutions to meet target level ZT by FY 2027.

$17.171 million:
• Work with industry to develop new technologies that upgrade legacy networks’ cybersecurity and have the potential to evolve into systems that are part of a new cybersecurity architecture and command and control capability.

• Continue to develop and refine policies to support acquisition program protection strategies and oversight.  Develop strategies, standards, and tools to address supply chain risk management, and continue to collaborate with private industry on commercially acceptable global sourcing and supply chain standards. 

• Continue evaluating cyber activities to efficiently mitigate investment decisions, to include cybersecurity focused metrics, support policy development, refinement, and oversight, formulate programmatic advice, and participate in various collaborative advisory and governance bodies. 

• Accelerate cloud security guidance and procedures by commercial cloud service providers and continue refining and overseeing comprehensive secure mobility processes, policies, and cybersecurity capabilities.

• Continue tactical networks, coalition, and mission partner networks development and engineering support.  

• Continue developing and implementing strategies to defend and operate against sophisticated cyber adversaries and in large-scale cyber incidents, to include threat-based system security engineering efforts and developing critical design artifacts.

• Support analyses on DoD cloud-based computing cybersecurity, applicable risk factors, and continued mitigation controls refinement, as part of the risk management framework (RMF) supporting DoD CIO’s goal to accelerate DoD cloud computing adoption.  

• Continue refining and integrating policies with the RMF, supportive standards, guidance, efficiencies, and web-based processes to strengthen information system controls and protections.

• Continue improving built-in cybersecurity, mission assurance, mitigation analyses, and vulnerability detection (hardware and software testing) in acquisitions programs.</r2:Text>
                                </r2:PriorYear>
                            </r2:Accomplishment>
                            <r2:PlannedProgram>
                                <r2:CurrentYear>
                                    <r2:Funding>31.127</r2:Funding>
                                    <r2:Text>$19.124 million:
• Continue base program initiatives in prior budget year.

$7.500 million: 
•  To accelerate Zero Trust (ZT) adoption and achieve target level ZT by the end of FY27, this effort will collaborate with Joint Warfighting Cloud Cabiliity (JWCC) cloud service providers and industry partners to develop and execute ZT pilot activities and proof-of-concept evaluations, including cloud prototypes

$9.503 million: 
• Support returning DoD Cyber Service Academy (DoD CSA) recruitment scholars</r2:Text>
                                </r2:CurrentYear>
                                <r2:BudgetYearOne>
                                    <r2:Funding>25.347</r2:Funding>
                                </r2:BudgetYearOne>
                                <r2:BudgetYearOneBase>
                                    <r2:Funding>25.347</r2:Funding>
                                    <r2:Text>Deploy Microsoft 365 E5 licenses across DoDIN​.
•  Automate the implementation plans.
•  Post quantum cryptography strategy.
•  Streamline the risk assessment and authorization processes for software-enabled products and services.
•  Standardize systems modeling language v2 use to support enterprise modeling.
•  Continuing with cyber scholarship program</r2:Text>
                                </r2:BudgetYearOneBase>
                                <r2:AppChangeSummary>FY 2026 decrease due to contracts reduction for Advisory and Assistance Services to promote efficiencies and advance the policies of the Administration in alignment with Executive Order 14222, “Implementing the President’s Department of Government Efficiency Cost Efficiency Initiative.</r2:AppChangeSummary>
                            </r2:PlannedProgram>
                        </r2:AccomplishmentPlannedProgram>
                    </r2:AccomplishmentPlannedProgramList>
                    <r2:OtherProgramFundingSummaryList>
                        <r2:OtherProgramFundingSummary>
                            <r2:LineItem>PE 0303140D8Z O&amp;M DW</r2:LineItem>
                            <r2:Title>Information System Security Program</r2:Title>
                            <r2:Funding>
                                <r2:PriorYear>23.570</r2:PriorYear>
                                <r2:CurrentYear>33.316</r2:CurrentYear>
                                <r2:BudgetYearOne>47.127</r2:BudgetYearOne>
                                <r2:BudgetYearOneBase>47.127</r2:BudgetYearOneBase>
                            </r2:Funding>
                        </r2:OtherProgramFundingSummary>
                    </r2:OtherProgramFundingSummaryList>
                    <r2:AcquisitionStrategy>N/A</r2:AcquisitionStrategy>
                </r2:R2aExhibit>
                <r2:R3Exhibit>
                    <r2:Remarks>NA</r2:Remarks>
                    <r2:CostCategoryGroupList>
                        <r2:CostCategoryGroup>
                            <r2:Name>Support</r2:Name>
                            <r2:CostCategoryItemList>
                                <r2:CostCategoryItem>
                                    <r2:Name>Studies and Analysis</r2:Name>
                                    <r2:ContractMethod>Option</r2:ContractMethod>
                                    <r2:ContractType>Various</r2:ContractType>
                                    <r2:PerformingActivity>Various</r2:PerformingActivity>
                                    <r2:PerformingActivityLocation>Various</r2:PerformingActivityLocation>
                                    <r2:Cost>
                                        <r2:TotalPreviousYears>7.527</r2:TotalPreviousYears>
                                        <r2:PriorYear>
                                            <r2:Amount>72.157</r2:Amount>
                                        </r2:PriorYear>
                                        <r2:CurrentYear>
                                            <r2:Amount>15.392</r2:Amount>
                                            <r2:AwardDate>2025-07</r2:AwardDate>
                                        </r2:CurrentYear>
                                        <r2:BudgetYearOne>
                                            <r2:Amount>9.312</r2:Amount>
                                        </r2:BudgetYearOne>
                                        <r2:BudgetYearOneBase>
                                            <r2:Amount>9.312</r2:Amount>
                                            <r2:AwardDate>2026-07</r2:AwardDate>
                                        </r2:BudgetYearOneBase>
                                    </r2:Cost>
                                </r2:CostCategoryItem>
                                <r2:CostCategoryItem>
                                    <r2:Name>Technical Engineering Services</r2:Name>
                                    <r2:ContractMethod>Option</r2:ContractMethod>
                                    <r2:ContractType>Various</r2:ContractType>
                                    <r2:PerformingActivity>Various</r2:PerformingActivity>
                                    <r2:PerformingActivityLocation>Various</r2:PerformingActivityLocation>
                                    <r2:Cost>
                                        <r2:TotalPreviousYears>195.077</r2:TotalPreviousYears>
                                        <r2:PriorYear>
                                            <r2:Amount>25.000</r2:Amount>
                                            <r2:AwardDate>2024-03</r2:AwardDate>
                                        </r2:PriorYear>
                                        <r2:CurrentYear>
                                            <r2:Amount>11.232</r2:Amount>
                                            <r2:AwardDate>2025-03</r2:AwardDate>
                                        </r2:CurrentYear>
                                        <r2:BudgetYearOne>
                                            <r2:Amount>11.231</r2:Amount>
                                        </r2:BudgetYearOne>
                                        <r2:BudgetYearOneBase>
                                            <r2:Amount>11.231</r2:Amount>
                                            <r2:AwardDate>2026-07</r2:AwardDate>
                                        </r2:BudgetYearOneBase>
                                    </r2:Cost>
                                </r2:CostCategoryItem>
                                <r2:CostCategoryItem>
                                    <r2:Name>Services Support</r2:Name>
                                    <r2:ContractMethod>Option</r2:ContractMethod>
                                    <r2:ContractType>Various</r2:ContractType>
                                    <r2:PerformingActivity>Various</r2:PerformingActivity>
                                    <r2:PerformingActivityLocation>Various</r2:PerformingActivityLocation>
                                    <r2:Cost>
                                        <r2:TotalPreviousYears>21.474</r2:TotalPreviousYears>
                                    </r2:Cost>
                                </r2:CostCategoryItem>
                            </r2:CostCategoryItemList>
                        </r2:CostCategoryGroup>
                        <r2:CostCategoryGroup>
                            <r2:Name>Management Services</r2:Name>
                            <r2:Remarks>NA</r2:Remarks>
                            <r2:CostCategoryItemList>
                                <r2:CostCategoryItem>
                                    <r2:Name>Program Management Support</r2:Name>
                                    <r2:ContractMethod>Option</r2:ContractMethod>
                                    <r2:ContractType>Various</r2:ContractType>
                                    <r2:PerformingActivity>Various</r2:PerformingActivity>
                                    <r2:PerformingActivityLocation>Various</r2:PerformingActivityLocation>
                                    <r2:Cost>
                                        <r2:TotalPreviousYears>19.670</r2:TotalPreviousYears>
                                        <r2:PriorYear>
                                            <r2:Amount>40.000</r2:Amount>
                                            <r2:AwardDate>2024-03</r2:AwardDate>
                                        </r2:PriorYear>
                                        <r2:CurrentYear>
                                            <r2:Amount>9.503</r2:Amount>
                                            <r2:AwardDate>2025-07</r2:AwardDate>
                                        </r2:CurrentYear>
                                        <r2:BudgetYearOne>
                                            <r2:Amount>4.804</r2:Amount>
                                        </r2:BudgetYearOne>
                                        <r2:BudgetYearOneBase>
                                            <r2:Amount>4.804</r2:Amount>
                                            <r2:AwardDate>2026-07</r2:AwardDate>
                                        </r2:BudgetYearOneBase>
                                        <r2:CostToComplete>Continuing</r2:CostToComplete>
                                        <r2:TotalCost>Continuing</r2:TotalCost>
                                    </r2:Cost>
                                </r2:CostCategoryItem>
                                <r2:CostCategoryItem>
                                    <r2:Name>Engineering Support</r2:Name>
                                    <r2:ContractMethod>Option</r2:ContractMethod>
                                    <r2:ContractType>Various</r2:ContractType>
                                    <r2:PerformingActivity>Various</r2:PerformingActivity>
                                    <r2:PerformingActivityLocation>Various</r2:PerformingActivityLocation>
                                    <r2:Cost>
                                        <r2:TotalPreviousYears>31.822</r2:TotalPreviousYears>
                                        <r2:CostToComplete>Continuing</r2:CostToComplete>
                                        <r2:TotalCost>Continuing</r2:TotalCost>
                                    </r2:Cost>
                                </r2:CostCategoryItem>
                                <r2:CostCategoryItem>
                                    <r2:Name>Research &amp; Development</r2:Name>
                                    <r2:ContractMethod>Option</r2:ContractMethod>
                                    <r2:ContractType>Various</r2:ContractType>
                                    <r2:PerformingActivity>Various</r2:PerformingActivity>
                                    <r2:PerformingActivityLocation>Various</r2:PerformingActivityLocation>
                                    <r2:Cost>
                                        <r2:TotalPreviousYears>10.662</r2:TotalPreviousYears>
                                    </r2:Cost>
                                </r2:CostCategoryItem>
                            </r2:CostCategoryItemList>
                        </r2:CostCategoryGroup>
                    </r2:CostCategoryGroupList>
                </r2:R3Exhibit>
                <r2:R4aExhibit>
                    <r2:SubProjectScheduleList>
                        <r2:SubProjectSchedule>
                            <r2:Title>Information Systems Security Program (ISSP)</r2:Title>
                            <r2:ScheduleDetailList>
                                <r2:ScheduleDetail>
                                    <r2:EventTitle>FY 2022 Projected Execution</r2:EventTitle>
                                    <r2:Schedule>
                                        <r2:Start>
                                            <r2:Quarter>1</r2:Quarter>
                                            <r2:Year>2022</r2:Year>
                                        </r2:Start>
                                        <r2:End>
                                            <r2:Quarter>4</r2:Quarter>
                                            <r2:Year>2023</r2:Year>
                                        </r2:End>
                                    </r2:Schedule>
                                </r2:ScheduleDetail>
                                <r2:ScheduleDetail>
                                    <r2:EventTitle>FY 2023 Projected Execution</r2:EventTitle>
                                    <r2:Schedule>
                                        <r2:Start>
                                            <r2:Quarter>1</r2:Quarter>
                                            <r2:Year>2023</r2:Year>
                                        </r2:Start>
                                        <r2:End>
                                            <r2:Quarter>4</r2:Quarter>
                                            <r2:Year>2024</r2:Year>
                                        </r2:End>
                                    </r2:Schedule>
                                </r2:ScheduleDetail>
                                <r2:ScheduleDetail>
                                    <r2:EventTitle>FY 2024 Projected Execution</r2:EventTitle>
                                    <r2:Schedule>
                                        <r2:Start>
                                            <r2:Quarter>1</r2:Quarter>
                                            <r2:Year>2024</r2:Year>
                                        </r2:Start>
                                        <r2:End>
                                            <r2:Quarter>4</r2:Quarter>
                                            <r2:Year>2025</r2:Year>
                                        </r2:End>
                                    </r2:Schedule>
                                </r2:ScheduleDetail>
                                <r2:ScheduleDetail>
                                    <r2:EventTitle>FY 2025 Projected Execution</r2:EventTitle>
                                    <r2:Schedule>
                                        <r2:Start>
                                            <r2:Quarter>1</r2:Quarter>
                                            <r2:Year>2025</r2:Year>
                                        </r2:Start>
                                        <r2:End>
                                            <r2:Quarter>4</r2:Quarter>
                                            <r2:Year>2026</r2:Year>
                                        </r2:End>
                                    </r2:Schedule>
                                </r2:ScheduleDetail>
                                <r2:ScheduleDetail>
                                    <r2:EventTitle>FY 2026 Projected Execution</r2:EventTitle>
                                    <r2:Schedule>
                                        <r2:Start>
                                            <r2:Quarter>1</r2:Quarter>
                                            <r2:Year>2026</r2:Year>
                                        </r2:Start>
                                        <r2:End>
                                            <r2:Quarter>4</r2:Quarter>
                                            <r2:Year>2027</r2:Year>
                                        </r2:End>
                                    </r2:Schedule>
                                </r2:ScheduleDetail>
                                <r2:ScheduleDetail>
                                    <r2:EventTitle>FY 2027 Project Execution</r2:EventTitle>
                                    <r2:Schedule>
                                        <r2:Start>
                                            <r2:Quarter>1</r2:Quarter>
                                            <r2:Year>2027</r2:Year>
                                        </r2:Start>
                                        <r2:End>
                                            <r2:Quarter>4</r2:Quarter>
                                            <r2:Year>2027</r2:Year>
                                        </r2:End>
                                    </r2:Schedule>
                                </r2:ScheduleDetail>
                            </r2:ScheduleDetailList>
                        </r2:SubProjectSchedule>
                    </r2:SubProjectScheduleList>
                </r2:R4aExhibit>
            </r2:Project>
        </r2:ProjectList>
    </r2:ProgramElement>
</r2:ProgramElementList>