<?xml version="1.0" encoding="UTF-8"?>
<r2:ProgramElementList xmlns:r2="http://www.dtic.mil/comptroller/xml/schema/022009/r2" targetSchemaVersion="1.0">
    <r2:ProgramElement monetaryUnit="Millions">
        <r2:ProgramElementNumber>0305186D8Z</r2:ProgramElementNumber>
        <r2:ProgramElementTitle>Policy R&amp;D Programs</r2:ProgramElementTitle>
        <r2:R1LineNumber>260</r2:R1LineNumber>
        <r2:BudgetYear>2026</r2:BudgetYear>
        <r2:BudgetCycle>PB</r2:BudgetCycle>
        <r2:SubmissionDate>2025-06</r2:SubmissionDate>
        <r2:ServiceAgencyName>Office of the Secretary Of Defense</r2:ServiceAgencyName>
        <r2:AppropriationCode>0400</r2:AppropriationCode>
        <r2:AppropriationName>Research, Development, Test &amp; Evaluation, Defense-Wide</r2:AppropriationName>
        <r2:BudgetActivityNumber>7</r2:BudgetActivityNumber>
        <r2:BudgetActivityTitle>Operational Systems Development</r2:BudgetActivityTitle>
        <r2:ProgramElementFunding>
            <r2:AllPriorYears>69.607</r2:AllPriorYears>
            <r2:PriorYear>6.075</r2:PriorYear>
            <r2:CurrentYear>6.220</r2:CurrentYear>
            <r2:BudgetYearOne>6.043</r2:BudgetYearOne>
            <r2:BudgetYearOneBase>6.043</r2:BudgetYearOneBase>
            <r2:BudgetYearOneOOC>0.000</r2:BudgetYearOneOOC>
        </r2:ProgramElementFunding>
        <r2:ProgramElementNote>New Start (Y/N): No</r2:ProgramElementNote>
        <r2:ProgramElementMissionDescription>The Policy R&amp;D Program supports the interim National Defense Strategy by providing analysis to overcome military security challenges. The global security environment is dynamic and complex. Continuous research and analysis is necessary for understanding foreign military structures and capabilities, as well as for developing mid- to long-term anticipatory and strategic perspectives on security issues. These perspectives can then guide necessary changes to policies, strategies, processes, and capabilities that advance U.S. and interests.  This program blends multiple research disciplines including policy, sciences, and engineering to better understand matters affecting strategy, planning, management of international alliances and partnerships, crisis preparedness and response, budgetary and operational oversight, cyber and space challenges, special operations, homeland defense, nuclear and missile defense, and other emerging threats to the national security of the US.  The program also supports statutorily directed requirements related to OUSD Policy mission areas.</r2:ProgramElementMissionDescription>
        <r2:ChangeSummary>
            <r2:PreviousPresidentBudget>
                <r2:PriorYear>6.263</r2:PriorYear>
                <r2:CurrentYear>6.220</r2:CurrentYear>
                <r2:BudgetYearOne>6.230</r2:BudgetYearOne>
                <r2:BudgetYearOneBase>6.230</r2:BudgetYearOneBase>
                <r2:BudgetYearOneOOC>0.000</r2:BudgetYearOneOOC>
            </r2:PreviousPresidentBudget>
            <r2:CurrentPresidentBudget>
                <r2:PriorYear>6.075</r2:PriorYear>
                <r2:CurrentYear>6.220</r2:CurrentYear>
                <r2:BudgetYearOne>6.043</r2:BudgetYearOne>
                <r2:BudgetYearOneBase>6.043</r2:BudgetYearOneBase>
                <r2:BudgetYearOneOOC>0.000</r2:BudgetYearOneOOC>
            </r2:CurrentPresidentBudget>
            <r2:TotalAdjustments>
                <r2:PriorYear>-0.188</r2:PriorYear>
                <r2:CurrentYear>0.000</r2:CurrentYear>
                <r2:BudgetYearOne>-0.187</r2:BudgetYearOne>
                <r2:BudgetYearOneBase>-0.187</r2:BudgetYearOneBase>
                <r2:BudgetYearOneOOC>0.000</r2:BudgetYearOneOOC>
            </r2:TotalAdjustments>
            <r2:AdjustmentDetails>
                <r2:CongressionalGeneralReductions>
                    <r2:PriorYear>-0.103</r2:PriorYear>
                </r2:CongressionalGeneralReductions>
                <r2:Reprogrammings>
                    <r2:PriorYear>-0.017</r2:PriorYear>
                </r2:Reprogrammings>
                <r2:SBIRSTTRTransfer>
                    <r2:PriorYear>-0.067</r2:PriorYear>
                </r2:SBIRSTTRTransfer>
                <r2:OtherAdjustmentDetailList>
                    <r2:OtherAdjustmentDetail>
                        <r2:Title>Program Adjustments</r2:Title>
                        <r2:Funding>
                            <r2:BudgetYearOne>-0.187</r2:BudgetYearOne>
                            <r2:BudgetYearOneBase>-0.187</r2:BudgetYearOneBase>
                        </r2:Funding>
                    </r2:OtherAdjustmentDetail>
                    <r2:OtherAdjustmentDetail>
                        <r2:Title>Cancelled Account</r2:Title>
                        <r2:Funding>
                            <r2:PriorYear>-0.001</r2:PriorYear>
                        </r2:Funding>
                    </r2:OtherAdjustmentDetail>
                </r2:OtherAdjustmentDetailList>
            </r2:AdjustmentDetails>
            <r2:SummaryExplanation>The decrease of -$0.188 million in FY 2024 is due to an FFRDC Congressional reduction of -$0.103 million, -$0.067 million is due to SBIR/STTR reduction, a below threshold reprogramming of  -$0.067, and -$.001 for cancelled account.


The decrease of -$0.187 million in FY 2026 is due to a -$0.161 million In FY26 is due to reduction in contracts for Advisory and Assistance Services to promote efficiencies and advance the policies of the Administration in alignment with Executive Order 14222,“Implementing the President’s Department of Government Efficiency Cost Efficiency Initiative.”, -$0.007 million is due to FFRDC adjustment, -$0.019 million is due to an inflation adjustment</r2:SummaryExplanation>
        </r2:ChangeSummary>
        <r2:ProjectList>
            <r2:Project>
                <r2:ProjectNumber>186</r2:ProjectNumber>
                <r2:ProjectTitle>Policy R&amp;D Programs</r2:ProjectTitle>
                <r2:SpecialProject>0</r2:SpecialProject>
                <r2:ProjectFunding>
                    <r2:AllPriorYears>69.607</r2:AllPriorYears>
                    <r2:PriorYear>6.075</r2:PriorYear>
                    <r2:CurrentYear>6.220</r2:CurrentYear>
                    <r2:BudgetYearOne>6.043</r2:BudgetYearOne>
                    <r2:BudgetYearOneBase>6.043</r2:BudgetYearOneBase>
                    <r2:BudgetYearOneOOC>0.000</r2:BudgetYearOneOOC>
                </r2:ProjectFunding>
                <r2:R2aExhibit>
                    <r2:ProjectNote>New Start (Y/N): No</r2:ProjectNote>
                    <r2:ProjectMissionDescription>The Policy R&amp;D Program supports the interim National Defense Strategy by providing analysis to overcome military security challenges. The global security environment is dynamic and complex. Continuous research and analysis is necessary for understanding foreign military structures and capabilities, as well as for developing mid- to long-term anticipatory and strategic perspectives on security issues. These perspectives can then guide necessary changes to policies, strategies, processes, and capabilities that advance U.S. and interests.  This program blends multiple research disciplines including policy, sciences, and engineering to better understand matters affecting strategy, planning, management of international alliances and partnerships, crisis preparedness and response, budgetary and operational oversight, cyber and space challenges, special operations, homeland defense, nuclear and missile defense, and other emerging threats to the national security of the US.  The program also supports statutorily directed requirements related to OUSD Policy mission areas.</r2:ProjectMissionDescription>
                    <r2:AccomplishmentPlannedProgramList>
                        <r2:AccomplishmentPlannedProgram>
                            <r2:Title>Future Security Challenges</r2:Title>
                            <r2:Description>Provides program management oversight and technical support to identify current and emerging future security challenges to the Department, and for international cooperation activities with Allies and international partners to confront these challenges. Anticipates exploitation of technology, including available and advanced capabilities, and work with the international commercial sector and academia concerning adversary’s application of technology.  Program explores processes and policy to integrate international capabilities across the spectrum of security challenges.</r2:Description>
                            <r2:Accomplishment>
                                <r2:PriorYear>
                                    <r2:Funding>2.648</r2:Funding>
                                    <r2:Text>Continue efforts to include:
• The INDO-PACOM AOR remains an area with increased emphasis and the program will continue to perform trend analysis and developing mitigation options.
• Develop opportunities to apply risk management methodologies to identified program areas.
• Working with our international partners, develop net-centric enterprise technologies to remove international sharing barriers
identified with maritime information, intelligence, and data being collected by DoD and foreign governments.
• Research military competition among nations in the Far and Middle East and highlight potential capabilities and policies each
nation may utilize in future armed conflicts.
• Continue to enhance strategies and relationships with European nations based on the exchange of information through
education opportunities and existing policies.
• Research and analyze particular Far (China) and Middle East countries as it relates to their decision-making process, financial position,
leadership, political dynamics, technical abilities and internal social tensions and stability.
• Continue research efforts within the Services and Combatant Commands to better analyze and demonstrate enduring
counterinsurgency operational capabilities.</r2:Text>
                                </r2:PriorYear>
                            </r2:Accomplishment>
                            <r2:PlannedProgram>
                                <r2:CurrentYear>
                                    <r2:Funding>2.520</r2:Funding>
                                    <r2:Text>Continue FY 2024 efforts to include:
• The INDO-PACOM AOR remains an area with increased emphasis and the program will continue to perform trend analysis and developing mitigation options.
• Develop opportunities to apply risk management methodologies to identified program areas.
• Working with our international partners, develop net-centric enterprise technologies to remove international sharing barriers
identified with maritime information, intelligence, and data being collected by DoD and foreign governments.
• Research military competition among nations in the Far and Middle East and highlight potential capabilities and policies each
nation may utilize in future armed conflicts.
• Continue to enhance strategies and relationships with European nations based on the exchange of information through
education opportunities and existing policies.
• Research and analyze particular Far (China) and Middle East countries as it relates to their decision-making process, financial position,
leadership, political dynamics, technical abilities and internal social tensions and stability.
• Continue research efforts within the Services and Combatant Commands to better analyze and demonstrate enduring
counterinsurgency operational capabilities.</r2:Text>
                                </r2:CurrentYear>
                                <r2:BudgetYearOne>
                                    <r2:Funding>2.333</r2:Funding>
                                </r2:BudgetYearOne>
                                <r2:BudgetYearOneBase>
                                    <r2:Funding>2.333</r2:Funding>
                                    <r2:Text>Continue FY 2025 efforts to include:
• The INDO-PACOM AOR remains an area with increased emphasis and the program will continue to perform trend analysis and developing mitigation options.
• Develop opportunities to apply risk management methodologies to identified program areas.
• Working with our international partners, develop net-centric enterprise technologies to remove international sharing barriers
identified with maritime information, intelligence, and data being collected by DoD and foreign governments.
• Research military competition among nations in the Far and Middle East and highlight potential capabilities and policies each
nation may utilize in future armed conflicts.
• Continue to enhance strategies and relationships with European nations based on the exchange of information through
education opportunities and existing policies.
• Research and analyze particular Far (China) and Middle East countries as it relates to their decision-making process, financial position,
leadership, political dynamics, technical abilities and internal social tensions and stability.
• Continue research efforts within the Services and Combatant Commands to better analyze and demonstrate enduring
counterinsurgency operational capabilities.</r2:Text>
                                </r2:BudgetYearOneBase>
                                <r2:AppChangeSummary>The decrease of -$0.187 million in FY 2026 is due to a -$0.161 million In FY26 is due to reduction in contracts for Advisory and Assistance Services to promote efficiencies and advance the policies of the Administration in alignment with Executive Order 14222,“Implementing the President’s Department of Government Efficiency Cost Efficiency Initiative.”, -$0.007 million is due to FFRDC adjustment, -$0.019 million is due to an inflation adjustment</r2:AppChangeSummary>
                            </r2:PlannedProgram>
                        </r2:AccomplishmentPlannedProgram>
                        <r2:AccomplishmentPlannedProgram>
                            <r2:Title>Long Term Competitions (LTC) Program</r2:Title>
                            <r2:Description>Request supports the Long Term Competitions (LTC) program which is an analytical effort chartered to provide the DoD senior leadership with an understanding of key long-term developments and dynamics in specific areas of the global security environment, and to develop competitive strategies for their consideration as the Department seeks to address these long term challenges.  The LTC Program will provide rigorously analyzed competitive strategy recommendations to these senior DoD leaders, and will require the support of organizations and experts outside of government to deliver the highest quality analysis, concepts and recommendations.  Funding for the LTC program will be used to: bring outside experts into Task Force working groups and strategy review teams; contract studies; support wargaming and workshops; conduct analytical studies of key developments and dynamics, and their impact on the future security environment and U.S. military capabilities in that environment; and explore new approaches to addressing key analytical requirements.
Assessments of the ability of future forces to achieve objectives at the campaign level. These assessments include wargaming, qualitative, and quantitative analytic methods. They will both inform and be informed by the Support for Strategic Analysis (SSA) defense planning scenarios (DPS). They will identify risk and potential trade-space among force structure, capabilities, and readiness to inform senior leader decision-making.</r2:Description>
                            <r2:Accomplishment>
                                <r2:PriorYear>
                                    <r2:Funding>2.915</r2:Funding>
                                    <r2:Text>Specific efforts are classified.</r2:Text>
                                </r2:PriorYear>
                            </r2:Accomplishment>
                            <r2:PlannedProgram>
                                <r2:CurrentYear>
                                    <r2:Funding>3.000</r2:Funding>
                                    <r2:Text>Specific efforts are classified.</r2:Text>
                                </r2:CurrentYear>
                                <r2:BudgetYearOne>
                                    <r2:Funding>3.000</r2:Funding>
                                </r2:BudgetYearOne>
                                <r2:BudgetYearOneBase>
                                    <r2:Funding>3.000</r2:Funding>
                                    <r2:Text>Specific efforts are classified.</r2:Text>
                                </r2:BudgetYearOneBase>
                                <r2:AppChangeSummary>No change in FY 2025.</r2:AppChangeSummary>
                            </r2:PlannedProgram>
                        </r2:AccomplishmentPlannedProgram>
                        <r2:AccomplishmentPlannedProgram>
                            <r2:Title>Defense Planning Scenarios Activities</r2:Title>
                            <r2:Description>This program is classified.</r2:Description>
                            <r2:Accomplishment>
                                <r2:PriorYear>
                                    <r2:Funding>0.512</r2:Funding>
                                    <r2:Text>Specific efforts are classified.</r2:Text>
                                </r2:PriorYear>
                            </r2:Accomplishment>
                            <r2:PlannedProgram>
                                <r2:CurrentYear>
                                    <r2:Funding>0.700</r2:Funding>
                                    <r2:Text>Specific efforts are classified.</r2:Text>
                                </r2:CurrentYear>
                                <r2:BudgetYearOne>
                                    <r2:Funding>0.710</r2:Funding>
                                </r2:BudgetYearOne>
                                <r2:BudgetYearOneBase>
                                    <r2:Funding>0.710</r2:Funding>
                                    <r2:Text>Specific efforts are classified.</r2:Text>
                                </r2:BudgetYearOneBase>
                                <r2:AppChangeSummary>The is no significant increase between FY 2025 and FY 2026.</r2:AppChangeSummary>
                            </r2:PlannedProgram>
                        </r2:AccomplishmentPlannedProgram>
                    </r2:AccomplishmentPlannedProgramList>
                    <r2:AcquisitionStrategy>N/A</r2:AcquisitionStrategy>
                </r2:R2aExhibit>
                <r2:R3Exhibit>
                    <r2:Remarks>NA</r2:Remarks>
                    <r2:CostCategoryGroupList>
                        <r2:CostCategoryGroup>
                            <r2:Name>Product Development</r2:Name>
                            <r2:Remarks>The Policy R&amp;D Program provides analysis to overcome military challenges and for continued understanding of military structures, foreign cultures and ethnic issues.</r2:Remarks>
                            <r2:CostCategoryItemList>
                                <r2:CostCategoryItem>
                                    <r2:Name>Policy R&amp;D Programs</r2:Name>
                                    <r2:FundingVehicle>Various</r2:FundingVehicle>
                                    <r2:PerformingActivity>National Defense Univ, FFRDCs</r2:PerformingActivity>
                                    <r2:PerformingActivityLocation>Various</r2:PerformingActivityLocation>
                                    <r2:Cost>
                                        <r2:TotalPreviousYears>69.607</r2:TotalPreviousYears>
                                        <r2:PriorYear>
                                            <r2:Amount>6.075</r2:Amount>
                                        </r2:PriorYear>
                                        <r2:CurrentYear>
                                            <r2:Amount>6.220</r2:Amount>
                                        </r2:CurrentYear>
                                        <r2:BudgetYearOne>
                                            <r2:Amount>6.043</r2:Amount>
                                        </r2:BudgetYearOne>
                                        <r2:BudgetYearOneBase>
                                            <r2:Amount>6.043</r2:Amount>
                                        </r2:BudgetYearOneBase>
                                        <r2:CostToComplete>Continuing</r2:CostToComplete>
                                        <r2:TotalCost>Continuing</r2:TotalCost>
                                        <r2:TargetValue>N/A</r2:TargetValue>
                                    </r2:Cost>
                                </r2:CostCategoryItem>
                            </r2:CostCategoryItemList>
                        </r2:CostCategoryGroup>
                    </r2:CostCategoryGroupList>
                </r2:R3Exhibit>
                <r2:R4aExhibit>
                    <r2:SubProjectScheduleList>
                        <r2:SubProjectSchedule>
                            <r2:Title>The Policy R&amp;D Program provides analysis to overcome military challenges and for continued understanding of military structures, foreign cultures and ethnic issues</r2:Title>
                            <r2:ScheduleDetailList>
                                <r2:ScheduleDetail>
                                    <r2:EventTitle>Policy R&amp;D Program</r2:EventTitle>
                                    <r2:Schedule>
                                        <r2:Start>
                                            <r2:Quarter>1</r2:Quarter>
                                            <r2:Year>2025</r2:Year>
                                        </r2:Start>
                                        <r2:End>
                                            <r2:Quarter>4</r2:Quarter>
                                            <r2:Year>2030</r2:Year>
                                        </r2:End>
                                    </r2:Schedule>
                                </r2:ScheduleDetail>
                            </r2:ScheduleDetailList>
                        </r2:SubProjectSchedule>
                    </r2:SubProjectScheduleList>
                </r2:R4aExhibit>
            </r2:Project>
        </r2:ProjectList>
    </r2:ProgramElement>
</r2:ProgramElementList>