<?xml version="1.0" encoding="UTF-8"?>
<r2:ProgramElementList xmlns:r2="http://www.dtic.mil/comptroller/xml/schema/022009/r2" targetSchemaVersion="1.0">
    <r2:ProgramElement monetaryUnit="Millions" format="R2Long">
        <r2:ProgramElementNumber>0305104D8Z</r2:ProgramElementNumber>
        <r2:ProgramElementTitle>Defense Industrial Base (DIB) Cyber Security Initiative</r2:ProgramElementTitle>
        <r2:R1LineNumber>252</r2:R1LineNumber>
        <r2:BudgetYear>2026</r2:BudgetYear>
        <r2:BudgetCycle>PB</r2:BudgetCycle>
        <r2:SubmissionDate>2025-06</r2:SubmissionDate>
        <r2:ServiceAgencyName>Office of the Secretary Of Defense</r2:ServiceAgencyName>
        <r2:AppropriationCode>0400</r2:AppropriationCode>
        <r2:AppropriationName>Research, Development, Test &amp; Evaluation, Defense-Wide</r2:AppropriationName>
        <r2:BudgetActivityNumber>7</r2:BudgetActivityNumber>
        <r2:BudgetActivityTitle>Operational Systems Development</r2:BudgetActivityTitle>
        <r2:ProgramElementFunding>
            <r2:AllPriorYears>7.999</r2:AllPriorYears>
            <r2:PriorYear>20.922</r2:PriorYear>
            <r2:CurrentYear>15.524</r2:CurrentYear>
            <r2:BudgetYearOne>10.840</r2:BudgetYearOne>
            <r2:BudgetYearOneBase>10.840</r2:BudgetYearOneBase>
            <r2:CostToComplete>Continuing</r2:CostToComplete>
            <r2:TotalCost>Continuing</r2:TotalCost>
        </r2:ProgramElementFunding>
        <r2:ChangeSummary>
            <r2:PreviousPresidentBudget>
                <r2:PriorYear>25.655</r2:PriorYear>
                <r2:CurrentYear>15.524</r2:CurrentYear>
                <r2:BudgetYearOne>7.115</r2:BudgetYearOne>
                <r2:BudgetYearOneBase>7.115</r2:BudgetYearOneBase>
            </r2:PreviousPresidentBudget>
            <r2:CurrentPresidentBudget>
                <r2:PriorYear>20.922</r2:PriorYear>
                <r2:CurrentYear>15.524</r2:CurrentYear>
                <r2:BudgetYearOne>10.840</r2:BudgetYearOne>
                <r2:BudgetYearOneBase>10.840</r2:BudgetYearOneBase>
            </r2:CurrentPresidentBudget>
            <r2:TotalAdjustments>
                <r2:PriorYear>-4.733</r2:PriorYear>
                <r2:CurrentYear>0.000</r2:CurrentYear>
                <r2:BudgetYearOne>3.725</r2:BudgetYearOne>
                <r2:BudgetYearOneBase>3.725</r2:BudgetYearOneBase>
            </r2:TotalAdjustments>
            <r2:AdjustmentDetails>
                <r2:Reprogrammings>
                    <r2:PriorYear>-4.733</r2:PriorYear>
                </r2:Reprogrammings>
                <r2:OtherAdjustmentDetailList>
                    <r2:OtherAdjustmentDetail>
                        <r2:Title>Internal realignments</r2:Title>
                        <r2:Funding>
                            <r2:BudgetYearOne>3.725</r2:BudgetYearOne>
                            <r2:BudgetYearOneBase>3.725</r2:BudgetYearOneBase>
                        </r2:Funding>
                    </r2:OtherAdjustmentDetail>
                </r2:OtherAdjustmentDetailList>
            </r2:AdjustmentDetails>
            <r2:SummaryExplanation>$5M program realignment and $1.3M reduction per Executive Order 14222 "Implementing the President's 'Department of Government Efficiency' Cost Efficiency</r2:SummaryExplanation>
        </r2:ChangeSummary>
        <r2:ProjectList>
            <r2:Project>
                <r2:ProjectNumber>334</r2:ProjectNumber>
                <r2:ProjectTitle>Securing the DIB: CMMC</r2:ProjectTitle>
                <r2:SpecialProject>0</r2:SpecialProject>
                <r2:ProjectFunding>
                    <r2:AllPriorYears>7.999</r2:AllPriorYears>
                    <r2:PriorYear>20.922</r2:PriorYear>
                    <r2:CurrentYear>15.524</r2:CurrentYear>
                    <r2:BudgetYearOne>10.840</r2:BudgetYearOne>
                    <r2:BudgetYearOneBase>10.840</r2:BudgetYearOneBase>
                    <r2:CostToComplete>Continuing</r2:CostToComplete>
                    <r2:TotalCost>Continuing</r2:TotalCost>
                </r2:ProjectFunding>
                <r2:R2aExhibit>
                    <r2:ProjectNote>New  Start (Y/N): No</r2:ProjectNote>
                    <r2:ProjectMissionDescription>The DoD CIO defense industrial base (DIB) cybersecurity initiative includes the Cybersecurity Maturity Model Certification (CMMC) program that was previously contained in PE 0606771D8Z (Cyber Resiliency &amp; Cybersecurity Policy), and additional cybersecurity strategy, policy, and capability development efforts to support our DIB partners and our DIB supporting capabilities.  This program works side-by-side with other DoD CIO programs, including the DoD CIO information systems security program (PE 0303140D8Z), to provide focused DoD capability requirements to assess DIB contractor and subcontractor compliance with existing federal contract and controlled unclassified information (CUI) protection requirements, protecting the information from cybersecurity risks, including advanced persistent threats.  It also includes efforts to develop, test, and distribute DoD cybersecurity services for DIB partners and stakeholders.  This program works in alignment with/to meet the “Fulcrum: The DoD Information Technology Advancement Strategy”, FY 2022 – 2026 DoD Strategic Management Plan, DoD CIO 2024 DIB Cybersecurity Strategy, and DoD CIO 2022 Zero Trust (ZT) Strategy.  This PE also supports the objectives of an integrated deterrence though deterrence tailored approaches and building enduring advantages by transforming the future force foundation and adapting and fortifying our defense ecosystem.</r2:ProjectMissionDescription>
                    <r2:AccomplishmentPlannedProgramList>
                        <r2:AccomplishmentPlannedProgram>
                            <r2:Title>DIB Cyber security initiative</r2:Title>
                            <r2:Description>Same as Mission description</r2:Description>
                            <r2:Accomplishment>
                                <r2:PriorYear>
                                    <r2:Funding>20.922</r2:Funding>
                                    <r2:Text>- Implement the revised CMMC framework based on the rulemaking outcome, emerging cyber threats, and DoD leadership decisions. 
- Codify the CMMC program in both 32 CFR and 48 CFR, and initiate DoD implementation.  
- Continue developing and updating required Congressional and Government Accountability Office reports and requests for information responses on the DoD CMMC program.
- Continue supporting the cybersecurity-as-a-service (CaaS) development and assessment requirements.  
- Partner with the Defense Acquisition University and other entities to continue developing training initiatives that further DoD and DIB cybersecurity and CMMC education. 
- In coordination with the Defense Information Systems Agency, continue to perform enterprise Mission Assurance Support Service (eMASS) database upgrades and host services on milCloud 2.0.  Complete the level 3 workflow implementation in CMMC eMASS.
- Initiate CMMC outcome-oriented performance metrics to evaluate the program’s effectiveness in enhancing DIB cybersecurity.  Additionally, the program will collect process focused metrics to evaluate internal CMMC processes, which will be used to conduct predictive analyses.</r2:Text>
                                </r2:PriorYear>
                            </r2:Accomplishment>
                            <r2:PlannedProgram>
                                <r2:CurrentYear>
                                    <r2:Funding>15.524</r2:Funding>
                                    <r2:Text>FY 2025 plans continue base program initiatives from the prior budget year.  Additional initiatives are due to anticipated CMMC program transition to operational status in FY 2025, resulting in program scope change.
- Operationalize the CMMC eMASS infrastructure. 
- Manage and update the CMMC eMASS database.
- Update the CMMC requirements to remain in sync with the National Institute of Standards and Technology standards.
- Initiate the CMMC performance metrics collection.
- Partnerships on new and existing DoD initiatives and pilots to enhance DIB cybersecurity.</r2:Text>
                                </r2:CurrentYear>
                                <r2:BudgetYearOne>
                                    <r2:Funding>10.840</r2:Funding>
                                </r2:BudgetYearOne>
                                <r2:BudgetYearOneBase>
                                    <r2:Funding>10.840</r2:Funding>
                                    <r2:Text>-  Amend publication of 32 CFR CMMC program rule to incorporate latest revision to NIST cybersecurity guidelines.
-  Continue FY25 base program initiatives.  Phased CMMC program implementation in FY26 will result in additional initiatives. 
-  Update the CMMC eMASS database on NIPR and finalize initial develop and deploy a SIPR instantiation, to include integrating and using cross-domain solutions. 
-  Analyze and track CMMC performance metrics to ensure effective program management and identify potential operational impacts to the CMMC ecosystem.
-  Partner with the MILDEPs and other agencies and their initiatives to improve DIB CS.</r2:Text>
                                </r2:BudgetYearOneBase>
                                <r2:AppChangeSummary>Funds decreased in FY 2026 due to DoD CIO realigning mission requirements and level setting cybersecurity resourcing.</r2:AppChangeSummary>
                            </r2:PlannedProgram>
                        </r2:AccomplishmentPlannedProgram>
                    </r2:AccomplishmentPlannedProgramList>
                </r2:R2aExhibit>
                <r2:R3Exhibit>
                    <r2:CostCategoryGroupList>
                        <r2:CostCategoryGroup>
                            <r2:Name>Management Services</r2:Name>
                            <r2:CostCategoryItemList>
                                <r2:CostCategoryItem>
                                    <r2:Name>Technical Support Services</r2:Name>
                                    <r2:ContractMethod>Option</r2:ContractMethod>
                                    <r2:ContractType>Various</r2:ContractType>
                                    <r2:PerformingActivity>Various</r2:PerformingActivity>
                                    <r2:PerformingActivityLocation>Various</r2:PerformingActivityLocation>
                                    <r2:Cost>
                                        <r2:TotalPreviousYears>7.999</r2:TotalPreviousYears>
                                        <r2:PriorYear>
                                            <r2:Amount>20.922</r2:Amount>
                                            <r2:AwardDate>2024-03</r2:AwardDate>
                                        </r2:PriorYear>
                                        <r2:CurrentYear>
                                            <r2:Amount>15.524</r2:Amount>
                                            <r2:AwardDate>2024-03</r2:AwardDate>
                                        </r2:CurrentYear>
                                        <r2:BudgetYearOne>
                                            <r2:Amount>10.840</r2:Amount>
                                        </r2:BudgetYearOne>
                                        <r2:BudgetYearOneBase>
                                            <r2:Amount>10.840</r2:Amount>
                                            <r2:AwardDate>2026-03</r2:AwardDate>
                                        </r2:BudgetYearOneBase>
                                        <r2:CostToComplete>Continuing</r2:CostToComplete>
                                        <r2:TotalCost>Continuing</r2:TotalCost>
                                    </r2:Cost>
                                </r2:CostCategoryItem>
                            </r2:CostCategoryItemList>
                        </r2:CostCategoryGroup>
                    </r2:CostCategoryGroupList>
                </r2:R3Exhibit>
                <r2:R4aExhibit>
                    <r2:SubProjectScheduleList>
                        <r2:SubProjectSchedule>
                            <r2:Title>Securing The DIB: CMMC</r2:Title>
                            <r2:ScheduleDetailList>
                                <r2:ScheduleDetail>
                                    <r2:EventTitle>FY 2023 Projected Execution</r2:EventTitle>
                                    <r2:Schedule>
                                        <r2:Start>
                                            <r2:Quarter>1</r2:Quarter>
                                            <r2:Year>2023</r2:Year>
                                        </r2:Start>
                                        <r2:End>
                                            <r2:Quarter>4</r2:Quarter>
                                            <r2:Year>2024</r2:Year>
                                        </r2:End>
                                    </r2:Schedule>
                                </r2:ScheduleDetail>
                                <r2:ScheduleDetail>
                                    <r2:EventTitle>FY 2024 Projected Execution</r2:EventTitle>
                                    <r2:Schedule>
                                        <r2:Start>
                                            <r2:Quarter>1</r2:Quarter>
                                            <r2:Year>2024</r2:Year>
                                        </r2:Start>
                                        <r2:End>
                                            <r2:Quarter>4</r2:Quarter>
                                            <r2:Year>2025</r2:Year>
                                        </r2:End>
                                    </r2:Schedule>
                                </r2:ScheduleDetail>
                                <r2:ScheduleDetail>
                                    <r2:EventTitle>FY 2025 Projected Execution</r2:EventTitle>
                                    <r2:Schedule>
                                        <r2:Start>
                                            <r2:Quarter>1</r2:Quarter>
                                            <r2:Year>2025</r2:Year>
                                        </r2:Start>
                                        <r2:End>
                                            <r2:Quarter>4</r2:Quarter>
                                            <r2:Year>2026</r2:Year>
                                        </r2:End>
                                    </r2:Schedule>
                                </r2:ScheduleDetail>
                                <r2:ScheduleDetail>
                                    <r2:EventTitle>FY 2026 Projected Execution</r2:EventTitle>
                                    <r2:Schedule>
                                        <r2:Start>
                                            <r2:Quarter>1</r2:Quarter>
                                            <r2:Year>2026</r2:Year>
                                        </r2:Start>
                                        <r2:End>
                                            <r2:Quarter>4</r2:Quarter>
                                            <r2:Year>2027</r2:Year>
                                        </r2:End>
                                    </r2:Schedule>
                                </r2:ScheduleDetail>
                                <r2:ScheduleDetail>
                                    <r2:EventTitle>FY 2027 Projected Execution</r2:EventTitle>
                                    <r2:Schedule>
                                        <r2:Start>
                                            <r2:Quarter>1</r2:Quarter>
                                            <r2:Year>2027</r2:Year>
                                        </r2:Start>
                                        <r2:End>
                                            <r2:Quarter>4</r2:Quarter>
                                            <r2:Year>2027</r2:Year>
                                        </r2:End>
                                    </r2:Schedule>
                                </r2:ScheduleDetail>
                            </r2:ScheduleDetailList>
                        </r2:SubProjectSchedule>
                    </r2:SubProjectScheduleList>
                </r2:R4aExhibit>
            </r2:Project>
        </r2:ProjectList>
    </r2:ProgramElement>
</r2:ProgramElementList>