<?xml version="1.0" encoding="UTF-8"?>
<r2:ProgramElementList xmlns:r2="http://www.dtic.mil/comptroller/xml/schema/022009/r2" targetSchemaVersion="1.0">
    <r2:ProgramElement monetaryUnit="Millions">
        <r2:ProgramElementNumber>0305245D8Z</r2:ProgramElementNumber>
        <r2:ProgramElementTitle>Intelligence Capabilities and Innovation Investments</r2:ProgramElementTitle>
        <r2:R1LineNumber>136</r2:R1LineNumber>
        <r2:BudgetYear>2026</r2:BudgetYear>
        <r2:BudgetCycle>PB</r2:BudgetCycle>
        <r2:SubmissionDate>2025-06</r2:SubmissionDate>
        <r2:ServiceAgencyName>Office of the Secretary Of Defense</r2:ServiceAgencyName>
        <r2:AppropriationCode>0400</r2:AppropriationCode>
        <r2:AppropriationName>Research, Development, Test &amp; Evaluation, Defense-Wide</r2:AppropriationName>
        <r2:BudgetActivityNumber>4</r2:BudgetActivityNumber>
        <r2:BudgetActivityTitle>Advanced Component Development &amp; Prototypes (ACD&amp;P)</r2:BudgetActivityTitle>
        <r2:ProgramElementFunding>
            <r2:AllPriorYears>64.002</r2:AllPriorYears>
            <r2:PriorYear>60.994</r2:PriorYear>
            <r2:CurrentYear>51.784</r2:CurrentYear>
            <r2:BudgetYearOne>43.596</r2:BudgetYearOne>
            <r2:BudgetYearOneBase>43.596</r2:BudgetYearOneBase>
        </r2:ProgramElementFunding>
        <r2:ProgramElementNote>New Start (Y/N): No</r2:ProgramElementNote>
        <r2:ProgramElementMissionDescription>Classified program.</r2:ProgramElementMissionDescription>
        <r2:ChangeSummary>
            <r2:PreviousPresidentBudget>
                <r2:PriorYear>3.000</r2:PriorYear>
                <r2:CurrentYear>51.784</r2:CurrentYear>
                <r2:BudgetYearOne>49.885</r2:BudgetYearOne>
                <r2:BudgetYearOneBase>49.885</r2:BudgetYearOneBase>
            </r2:PreviousPresidentBudget>
            <r2:CurrentPresidentBudget>
                <r2:PriorYear>60.994</r2:PriorYear>
                <r2:CurrentYear>51.784</r2:CurrentYear>
                <r2:BudgetYearOne>43.596</r2:BudgetYearOne>
                <r2:BudgetYearOneBase>43.596</r2:BudgetYearOneBase>
            </r2:CurrentPresidentBudget>
            <r2:TotalAdjustments>
                <r2:PriorYear>57.994</r2:PriorYear>
                <r2:CurrentYear>0.000</r2:CurrentYear>
                <r2:BudgetYearOne>-6.289</r2:BudgetYearOne>
                <r2:BudgetYearOneBase>-6.289</r2:BudgetYearOneBase>
            </r2:TotalAdjustments>
            <r2:AdjustmentDetails>
                <r2:CongressionalAdds>
                    <r2:PriorYear>58.000</r2:PriorYear>
                </r2:CongressionalAdds>
                <r2:OtherAdjustmentDetailList>
                    <r2:OtherAdjustmentDetail>
                        <r2:Title>Departmental Adjustment</r2:Title>
                        <r2:Funding>
                            <r2:PriorYear>-0.006</r2:PriorYear>
                            <r2:BudgetYearOne>-6.289</r2:BudgetYearOne>
                            <r2:BudgetYearOneBase>-6.289</r2:BudgetYearOneBase>
                        </r2:Funding>
                    </r2:OtherAdjustmentDetail>
                </r2:OtherAdjustmentDetailList>
            </r2:AdjustmentDetails>
            <r2:SummaryExplanation>Classified</r2:SummaryExplanation>
        </r2:ChangeSummary>
        <r2:ProjectList>
            <r2:Project>
                <r2:ProjectNumber>245</r2:ProjectNumber>
                <r2:ProjectTitle>EW ENT EXP AND INNOV</r2:ProjectTitle>
                <r2:SpecialProject>0</r2:SpecialProject>
                <r2:ProjectFunding>
                    <r2:AllPriorYears>64.002</r2:AllPriorYears>
                    <r2:PriorYear>60.994</r2:PriorYear>
                    <r2:CurrentYear>0.000</r2:CurrentYear>
                    <r2:BudgetYearOne>0.000</r2:BudgetYearOne>
                    <r2:BudgetYearOneBase>0.000</r2:BudgetYearOneBase>
                    <r2:BudgetYearFive>0.000</r2:BudgetYearFive>
                </r2:ProjectFunding>
                <r2:R2aExhibit>
                    <r2:ProjectMissionDescription>Classified.</r2:ProjectMissionDescription>
                    <r2:CongressionalAddDetailList>
                        <r2:CongressionalAddDetail>
                            <r2:Title>Congressional Add Appopriations</r2:Title>
                            <r2:PriorYear>
                                <r2:Funding>58.000</r2:Funding>
                                <r2:Text>Classified.</r2:Text>
                            </r2:PriorYear>
                            <r2:CurrentYear>
                                <r2:Funding>0.000</r2:Funding>
                                <r2:Text>.</r2:Text>
                            </r2:CurrentYear>
                        </r2:CongressionalAddDetail>
                    </r2:CongressionalAddDetailList>
                    <r2:AccomplishmentPlannedProgramList>
                        <r2:AccomplishmentPlannedProgram>
                            <r2:Title>EW ENT EXP AND INNOV</r2:Title>
                            <r2:Description>Classified.</r2:Description>
                            <r2:Accomplishment>
                                <r2:PriorYear>
                                    <r2:Funding>2.994</r2:Funding>
                                    <r2:Text>Classified.</r2:Text>
                                </r2:PriorYear>
                            </r2:Accomplishment>
                        </r2:AccomplishmentPlannedProgram>
                    </r2:AccomplishmentPlannedProgramList>
                    <r2:AcquisitionStrategy>The contracting strategy follows guidance outlined in the DoD 5000 series directives, Federal Acquisition Regulations (FAR) and Defense Federal Acquisition Regulars (DFAR).</r2:AcquisitionStrategy>
                </r2:R2aExhibit>
                <r2:R3Exhibit>
                    <r2:Remarks>Classified.</r2:Remarks>
                </r2:R3Exhibit>
                <r2:R4aExhibit>
                    <r2:SubProjectScheduleList>
                        <r2:SubProjectSchedule>
                            <r2:Title>Intelligence Capabilities and Innovation Investments</r2:Title>
                            <r2:ScheduleDetailList>
                                <r2:ScheduleDetail>
                                    <r2:EventTitle>EW ENT EXP AND INNOV</r2:EventTitle>
                                    <r2:Schedule>
                                        <r2:Start>
                                            <r2:Quarter>1</r2:Quarter>
                                            <r2:Year>2024</r2:Year>
                                        </r2:Start>
                                        <r2:End>
                                            <r2:Quarter>4</r2:Quarter>
                                            <r2:Year>2024</r2:Year>
                                        </r2:End>
                                    </r2:Schedule>
                                </r2:ScheduleDetail>
                            </r2:ScheduleDetailList>
                        </r2:SubProjectSchedule>
                    </r2:SubProjectScheduleList>
                </r2:R4aExhibit>
            </r2:Project>
            <r2:Project>
                <r2:ProjectNumber>592</r2:ProjectNumber>
                <r2:ProjectTitle>EW ENT EXP AND INNOV</r2:ProjectTitle>
                <r2:SpecialProject>0</r2:SpecialProject>
                <r2:ProjectFunding>
                    <r2:AllPriorYears>0.000</r2:AllPriorYears>
                    <r2:CurrentYear>51.784</r2:CurrentYear>
                    <r2:BudgetYearFive>0.000</r2:BudgetYearFive>
                </r2:ProjectFunding>
                <r2:R2aExhibit>
                    <r2:ProjectMissionDescription>Classified.</r2:ProjectMissionDescription>
                    <r2:AccomplishmentPlannedProgramList>
                        <r2:AccomplishmentPlannedProgram>
                            <r2:Title>EW ENT EXP AND INNOV</r2:Title>
                            <r2:Description>Classified.</r2:Description>
                            <r2:PlannedProgram>
                                <r2:CurrentYear>
                                    <r2:Funding>51.784</r2:Funding>
                                    <r2:Text>Classified.</r2:Text>
                                </r2:CurrentYear>
                                <r2:AppChangeSummary>Classified.</r2:AppChangeSummary>
                            </r2:PlannedProgram>
                        </r2:AccomplishmentPlannedProgram>
                    </r2:AccomplishmentPlannedProgramList>
                    <r2:AcquisitionStrategy>The contracting strategy follows guidance outlined in the DoD 5000 series directives, Federal Acquisition Regulations (FAR) and Defense Federal Acquisition Regulars (DFAR).</r2:AcquisitionStrategy>
                </r2:R2aExhibit>
                <r2:R3Exhibit>
                    <r2:Remarks>Classified.</r2:Remarks>
                </r2:R3Exhibit>
                <r2:R4aExhibit>
                    <r2:SubProjectScheduleList>
                        <r2:SubProjectSchedule>
                            <r2:Title>EW ENT EXP AND INNOV</r2:Title>
                            <r2:ScheduleDetailList>
                                <r2:ScheduleDetail>
                                    <r2:EventTitle>EW ENT EXP AND INNOV</r2:EventTitle>
                                    <r2:Schedule>
                                        <r2:Start>
                                            <r2:Quarter>1</r2:Quarter>
                                            <r2:Year>2025</r2:Year>
                                        </r2:Start>
                                        <r2:End>
                                            <r2:Quarter>4</r2:Quarter>
                                            <r2:Year>2025</r2:Year>
                                        </r2:End>
                                    </r2:Schedule>
                                </r2:ScheduleDetail>
                            </r2:ScheduleDetailList>
                        </r2:SubProjectSchedule>
                    </r2:SubProjectScheduleList>
                </r2:R4aExhibit>
            </r2:Project>
            <r2:Project>
                <r2:ProjectNumber>591</r2:ProjectNumber>
                <r2:ProjectTitle>Intelligence Capabilities and Innovation Investments</r2:ProjectTitle>
                <r2:SpecialProject>0</r2:SpecialProject>
                <r2:ProjectFunding>
                    <r2:AllPriorYears>0.000</r2:AllPriorYears>
                    <r2:PriorYear>0.000</r2:PriorYear>
                    <r2:CurrentYear>0.000</r2:CurrentYear>
                    <r2:BudgetYearOne>43.596</r2:BudgetYearOne>
                    <r2:BudgetYearOneBase>43.596</r2:BudgetYearOneBase>
                    <r2:BudgetYearFive>0.000</r2:BudgetYearFive>
                </r2:ProjectFunding>
                <r2:R2aExhibit>
                    <r2:ProjectMissionDescription>Classified.</r2:ProjectMissionDescription>
                    <r2:AccomplishmentPlannedProgramList>
                        <r2:AccomplishmentPlannedProgram>
                            <r2:Title>Intelligence Capabilities and Innovation Investments</r2:Title>
                            <r2:Description>Classified.</r2:Description>
                            <r2:PlannedProgram>
                                <r2:BudgetYearOne>
                                    <r2:Funding>43.596</r2:Funding>
                                </r2:BudgetYearOne>
                                <r2:BudgetYearOneBase>
                                    <r2:Funding>43.596</r2:Funding>
                                    <r2:Text>Classified.</r2:Text>
                                </r2:BudgetYearOneBase>
                                <r2:AppChangeSummary>Classified.</r2:AppChangeSummary>
                            </r2:PlannedProgram>
                        </r2:AccomplishmentPlannedProgram>
                    </r2:AccomplishmentPlannedProgramList>
                    <r2:AcquisitionStrategy>The contracting strategy follows guidance outlined in the DoD 5000 series directives, Federal Acquisition Regulations (FAR) and Defense Federal Acquisition Regulars (DFAR).</r2:AcquisitionStrategy>
                </r2:R2aExhibit>
                <r2:R3Exhibit>
                    <r2:Remarks>Classified.</r2:Remarks>
                </r2:R3Exhibit>
                <r2:R4aExhibit>
                    <r2:SubProjectScheduleList>
                        <r2:SubProjectSchedule>
                            <r2:Title>Intelligence Capabilities and Innovation Investments</r2:Title>
                            <r2:ScheduleDetailList>
                                <r2:ScheduleDetail>
                                    <r2:EventTitle>Intelligence Capabilities and Innovation Investments</r2:EventTitle>
                                    <r2:Schedule>
                                        <r2:Start>
                                            <r2:Quarter>1</r2:Quarter>
                                            <r2:Year>2026</r2:Year>
                                        </r2:Start>
                                        <r2:End>
                                            <r2:Quarter>4</r2:Quarter>
                                            <r2:Year>2026</r2:Year>
                                        </r2:End>
                                    </r2:Schedule>
                                </r2:ScheduleDetail>
                            </r2:ScheduleDetailList>
                        </r2:SubProjectSchedule>
                    </r2:SubProjectScheduleList>
                </r2:R4aExhibit>
            </r2:Project>
        </r2:ProjectList>
    </r2:ProgramElement>
</r2:ProgramElementList>