<?xml version="1.0" encoding="UTF-8"?>
<r2:ProgramElementList xmlns:r2="http://www.dtic.mil/comptroller/xml/schema/022009/r2" targetSchemaVersion="1.0">
    <r2:ProgramElement monetaryUnit="Millions">
        <r2:ProgramElementNumber>0305282D8Z</r2:ProgramElementNumber>
        <r2:ProgramElementTitle>Joint Fires Network</r2:ProgramElementTitle>
        <r2:R1LineNumber>158</r2:R1LineNumber>
        <r2:BudgetYear>2026</r2:BudgetYear>
        <r2:BudgetCycle>PB</r2:BudgetCycle>
        <r2:SubmissionDate>2025-06</r2:SubmissionDate>
        <r2:ServiceAgencyName>Office of the Secretary Of Defense</r2:ServiceAgencyName>
        <r2:AppropriationCode>0400</r2:AppropriationCode>
        <r2:AppropriationName>Research, Development, Test &amp; Evaluation, Defense-Wide</r2:AppropriationName>
        <r2:BudgetActivityNumber>5</r2:BudgetActivityNumber>
        <r2:BudgetActivityTitle>System Development &amp; Demonstration (SDD)</r2:BudgetActivityTitle>
        <r2:ProgramElementFunding>
            <r2:AllPriorYears>0.000</r2:AllPriorYears>
            <r2:BudgetYearOne>0.000</r2:BudgetYearOne>
            <r2:BudgetYearOneBase>0.000</r2:BudgetYearOneBase>
        </r2:ProgramElementFunding>
        <r2:ProgramElementNote>New Start (Y/N): Yes
The FY 2026 request for Joint Fires Network includes $0 thousand of discretionary and $24,000 thousand of mandatory (reconciliation) funding for a total of $24,000 thousand. The mandatory dollars fund the transition to CDAO program budget and execution oversight.in FY 2026. Further information for this reconciliation request is provided in Chapter 6 of the Reconciliation Exhibit.</r2:ProgramElementNote>
        <r2:ProgramElementMissionDescription>The Joint Fires Network (JFN) is a multi-domain resilient fires-informing decision network at theater strategic and operational levels that provides a persistent targeting common operating picture and mission command applications to enable top echelon decision makers to optimize allocation of weapons across Services and partners at speed and scale.</r2:ProgramElementMissionDescription>
        <r2:ChangeSummary>
            <r2:PreviousPresidentBudget>
                <r2:PriorYear>0.000</r2:PriorYear>
                <r2:CurrentYear>0.000</r2:CurrentYear>
                <r2:BudgetYearOne>0.000</r2:BudgetYearOne>
                <r2:BudgetYearOneBase>0.000</r2:BudgetYearOneBase>
            </r2:PreviousPresidentBudget>
            <r2:CurrentPresidentBudget>
                <r2:PriorYear>0.000</r2:PriorYear>
                <r2:CurrentYear>0.000</r2:CurrentYear>
                <r2:BudgetYearOne>0.000</r2:BudgetYearOne>
                <r2:BudgetYearOneBase>0.000</r2:BudgetYearOneBase>
            </r2:CurrentPresidentBudget>
            <r2:TotalAdjustments>
                <r2:PriorYear>0.000</r2:PriorYear>
                <r2:CurrentYear>0.000</r2:CurrentYear>
                <r2:BudgetYearOne>0.000</r2:BudgetYearOne>
                <r2:BudgetYearOneBase>0.000</r2:BudgetYearOneBase>
            </r2:TotalAdjustments>
            <r2:AdjustmentDetails>
                <r2:OtherAdjustmentDetailList>
                    <r2:OtherAdjustmentDetail>
                        <r2:Title>Mandatory Reconciliation Funds Add</r2:Title>
                        <r2:Funding>
                            <r2:BudgetYearOne>0.000</r2:BudgetYearOne>
                            <r2:BudgetYearOneBase>0.000</r2:BudgetYearOneBase>
                        </r2:Funding>
                    </r2:OtherAdjustmentDetail>
                </r2:OtherAdjustmentDetailList>
            </r2:AdjustmentDetails>
            <r2:SummaryExplanation>The FY 2026 request for Joint Fires Network includes $24.000 million of mandatory (reconciliation) funding.  The mandatory dollars fund the transition to CDAO program budget and execution oversight in FY 2026.  Further information for this reconciliation request is provided in Chapter 6 of the Reconciliation Exhibit.</r2:SummaryExplanation>
        </r2:ChangeSummary>
        <r2:ProjectList>
            <r2:Project>
                <r2:ProjectNumber>947</r2:ProjectNumber>
                <r2:ProjectTitle>Joint Fires Network (JFN)</r2:ProjectTitle>
                <r2:SpecialProject>0</r2:SpecialProject>
                <r2:ProjectFunding>
                    <r2:AllPriorYears>0.000</r2:AllPriorYears>
                    <r2:BudgetYearOne>0.000</r2:BudgetYearOne>
                    <r2:BudgetYearOneBase>0.000</r2:BudgetYearOneBase>
                </r2:ProjectFunding>
                <r2:R2aExhibit>
                    <r2:ProjectMissionDescription>The Joint Fires Network (JFN) is a multi-domain resilient fires-informing decision network at theater strategic and operational levels that provides a persistent targeting common operating picture and mission command applications to enable top echelon decision makers to optimize allocation of weapons across Services and partners at speed and scale. The JFN network is the primary network operating within the Special Access security domain.</r2:ProjectMissionDescription>
                    <r2:AccomplishmentPlannedProgramList>
                        <r2:AccomplishmentPlannedProgram>
                            <r2:Title>Joint Fires Network (JFN)</r2:Title>
                            <r2:Description>The Joint Fires Network (JFN) is a multi-domain resilient fires-informing decision network at theater strategic and operational levels that provides a persistent targeting common operating picture at the SAP level to enable top echelon decision makers to optimize allocation of weapons across Services and partners at speed and scale.

The FY 2026 request for Joint Fires Network includes $0 thousand of discretionary and $24,000 thousand of mandatory (reconciliation) funding for a total of $24,000 thousand. The mandatory dollars fund the transition to CDAO program budget and execution oversight.in FY 2026. Further information for this reconciliation request is provided in Chapter 6 of the Reconciliation Exhibit.</r2:Description>
                            <r2:PlannedProgram>
                                <r2:BudgetYearOne>
                                    <r2:Funding>0.000</r2:Funding>
                                </r2:BudgetYearOne>
                                <r2:BudgetYearOneBase>
                                    <r2:Funding>0.000</r2:Funding>
                                    <r2:Text>In FY 2026, the JFN will transition from prototype to program of record led by a JFN Integrated Program Office (IPO). DAF PEO C3BM will serve as the lead component with Service and DISA deputies. JFN v2.0 product baseline will be released, to include updates to the MLS architecture, cloud hosting, additional multi-domain C2 planning features, predictive ISR, and Battle Management C2 applications. JFN will support INDOPACOM capability development, exercise, and rehearsal and cross-CCMD experimentation to inform requirements for the extension of JFN across multiple Combatant Commands, geographic regions, allies and partners. CDAO will establish the integration framework between CJADC2 capabilities and JFN and ensure bi-directional data sharing between capabilities. The first operations center at INDOPACOM will be activated and additional JFN nodes will be integrated via CDAO’s tactical data mesh efforts. JFN nodes outside of the INDOPACOM have been committed to CYBERCOM, SPACECOM, STRATCOM, and EUCOM. After the initial transition year, budget and execution oversight will be retained at the OSD level by CDAO in FY 2027 to ensure a continued focus on CCMD requirements.

After successive JFN v1.0, 1.5, and 1.8 product updates are tested through 2025, the JFN v2.0 product baseline will be released and include updates to the MLS architecture, cloud hosting, additional multi-domain C2 planning features, predictive ISR, and a unified Battle Management C2 application framework.  In addition to USINDOPACOM development, exercise, and rehearsal, the JFN will be used for cross-CCMD experimentation to further develop requirements for extension of JFN across multiple CCMD, geographic regions, allies and partners.</r2:Text>
                                </r2:BudgetYearOneBase>
                                <r2:AppChangeSummary>In FY 2026, Joint Fires Network is officially transitioning to DAF and a stand-alone program element was created in CDAO to retain OSD CDAO budget and execution oversight.</r2:AppChangeSummary>
                            </r2:PlannedProgram>
                        </r2:AccomplishmentPlannedProgram>
                    </r2:AccomplishmentPlannedProgramList>
                </r2:R2aExhibit>
                <r2:R3Exhibit>
                    <r2:CostCategoryGroupList>
                        <r2:CostCategoryGroup>
                            <r2:Name>Product Development</r2:Name>
                            <r2:CostCategoryItemList>
                                <r2:CostCategoryItem>
                                    <r2:Name>Joint Fires Network (JFN)</r2:Name>
                                    <r2:ContractMethod>C</r2:ContractMethod>
                                    <r2:ContractType>FFP</r2:ContractType>
                                    <r2:PerformingActivity>Various</r2:PerformingActivity>
                                    <r2:PerformingActivityLocation>Various</r2:PerformingActivityLocation>
                                    <r2:Cost>
                                        <r2:BudgetYearOne>
                                            <r2:Amount>0.000</r2:Amount>
                                        </r2:BudgetYearOne>
                                        <r2:BudgetYearOneBase>
                                            <r2:Amount>0.000</r2:Amount>
                                        </r2:BudgetYearOneBase>
                                        <r2:CostToComplete>0.000</r2:CostToComplete>
                                        <r2:TotalCost>0.000</r2:TotalCost>
                                    </r2:Cost>
                                </r2:CostCategoryItem>
                            </r2:CostCategoryItemList>
                        </r2:CostCategoryGroup>
                    </r2:CostCategoryGroupList>
                </r2:R3Exhibit>
                <r2:R4aExhibit>
                    <r2:SubProjectScheduleList>
                        <r2:SubProjectSchedule>
                            <r2:Title>Joint Fires Network (JFN)</r2:Title>
                            <r2:ScheduleDetailList>
                                <r2:ScheduleDetail>
                                    <r2:EventTitle>Joint Fires Network (JFN)</r2:EventTitle>
                                    <r2:Schedule>
                                        <r2:Start>
                                            <r2:Quarter>4</r2:Quarter>
                                            <r2:Year>2025</r2:Year>
                                        </r2:Start>
                                        <r2:End>
                                            <r2:Quarter>4</r2:Quarter>
                                            <r2:Year>2027</r2:Year>
                                        </r2:End>
                                    </r2:Schedule>
                                </r2:ScheduleDetail>
                            </r2:ScheduleDetailList>
                        </r2:SubProjectSchedule>
                    </r2:SubProjectScheduleList>
                </r2:R4aExhibit>
            </r2:Project>
        </r2:ProjectList>
    </r2:ProgramElement>
</r2:ProgramElementList>