<?xml version="1.0" encoding="UTF-8"?>
<r2:ProgramElementList xmlns:r2="http://www.dtic.mil/comptroller/xml/schema/022009/r2" targetSchemaVersion="1.0">
    <r2:ProgramElement monetaryUnit="Millions">
        <r2:ProgramElementNumber>0505167D8Z</r2:ProgramElementNumber>
        <r2:ProgramElementTitle>Domestic Prepare Against WMD</r2:ProgramElementTitle>
        <r2:R1LineNumber>282</r2:R1LineNumber>
        <r2:BudgetYear>2026</r2:BudgetYear>
        <r2:BudgetCycle>PB</r2:BudgetCycle>
        <r2:SubmissionDate>2025-06</r2:SubmissionDate>
        <r2:ServiceAgencyName>Office of the Secretary Of Defense</r2:ServiceAgencyName>
        <r2:AppropriationCode>0400</r2:AppropriationCode>
        <r2:AppropriationName>Research, Development, Test &amp; Evaluation, Defense-Wide</r2:AppropriationName>
        <r2:BudgetActivityNumber>7</r2:BudgetActivityNumber>
        <r2:BudgetActivityTitle>Operational Systems Development</r2:BudgetActivityTitle>
        <r2:ProgramElementFunding>
            <r2:AllPriorYears>0.000</r2:AllPriorYears>
            <r2:PriorYear>1.715</r2:PriorYear>
        </r2:ProgramElementFunding>
        <r2:ProgramElementNote>New Start (Y/N): No

Following FY 2024 the PE name "Domestic Prepare Against WMD" changed to "Radiological and Nuclear Defense Modernization Operational System Development" and the PE number changed from 0505167D8Z to 0607757D8Z to more accurately reflect the prescribed purpose of the Program Element.</r2:ProgramElementNote>
        <r2:ProgramElementMissionDescription>As a FY 2024 new start, this program supports the Department's initiatives to Deter Aggression, Defend the Homeland, Provide Nuclear Deterrence and being prepared to prevail, and Build Sustainable and Long-Term Advantage.

The Radiological and Nuclear (R/N) Detection Gear Modernization and Procurement for the Joint Force research and development activities (RDAs) enhance DoD’s capabilities to campaign across the domains of threats and spectrums of conflict by: improving the Department’s capability to survive and operate in the Radiological and Nuclear environment – including in the information and early warning domain; reinforcing our own warfighting advantages by providing increased capability to detect and identify radiological and nuclear threats; and enhancing our interoperability and access to address acute forms of coercion. This program is specifically geared to provide modern improved networked R/N detection, indications and identification capability to the warfighter and to upgrade obsolete equipment and increase capability to continue to operate in the R/N environment (Interim National Defense Strategic Guidance and the 2023 CWMD Strategy).


RDAs provide enhanced R/N capabilities. The Radiological and Nuclear Defense Capability Development portfolio enables DoD to provide Joint Force and National Guard capability development, acquisition and modernization funding to prepare for and respond to any emergency involving nuclear and/or radiological events in the United States; provide a capability for the Joint Force to withstand, operate through, and recover from an R/N event and will ensure DoD strategic direction aligns with the National Defense Strategy’s priorities; is a necessary action to improve resilience; and promotes integrated deterrence of WMD with state, local and other federal agencies.  This funding line is the only BA7 funding in the Department dedicated to providing improved R/N capability to the warfighter.    

The Radiological and Nuclear Defense Capability Development portfolio is executing along cohesive lines of effort (LOEs) designed to prepare the Joint Force for a Future Operating Environment in which adversary pursuit or possession of WMDs pose threats ranging from existential to tactical, and limit U.S. strategic choices. 

The Office of the Secretary of Defense uses the Radiological and Nuclear Defense Capability Development portfolio to invest strategically in projects across the Military Services, Combatant Commands, and Defense Agencies. Funding is prioritized for projects that close Joint Force warfighter capability gaps. An annual investment strategy is used to meet emergent operational and capability needs validated by the Joint Force and the National Guard Bureau, yielding new fielded capabilities within one to two years.

The Radiological and Nuclear Defense Capability Development portfolio: Systems Development and Demonstration program invests in maturation of prototypes; integration of technologies, systems and components; developmental and operational test and evaluation; and transition to fielded capabilities that improve capability to detect and identify radiological and nuclear threats. This program bridges the gap between basic research to accelerate and enable transition of technologies to fielded capabilities by leveraging significant science and technology (S&amp;T) investments made by the Department of Defense, other Federal agencies, and industry. 

This program funds labor, materials, and travel to support the requirements of this program, performed by a government agency or by private individuals or organizations under a contract with the government, for activities and acquisitions including RDT&amp;E, assessments and analyses, research studies, education, and other activities related to capability development and fielding.</r2:ProgramElementMissionDescription>
        <r2:ChangeSummary>
            <r2:PreviousPresidentBudget>
                <r2:PriorYear>1.760</r2:PriorYear>
                <r2:CurrentYear>0.000</r2:CurrentYear>
                <r2:BudgetYearOne>0.000</r2:BudgetYearOne>
                <r2:BudgetYearOneBase>0.000</r2:BudgetYearOneBase>
            </r2:PreviousPresidentBudget>
            <r2:CurrentPresidentBudget>
                <r2:PriorYear>1.715</r2:PriorYear>
                <r2:CurrentYear>0.000</r2:CurrentYear>
                <r2:BudgetYearOne>0.000</r2:BudgetYearOne>
                <r2:BudgetYearOneBase>0.000</r2:BudgetYearOneBase>
            </r2:CurrentPresidentBudget>
            <r2:TotalAdjustments>
                <r2:PriorYear>-0.045</r2:PriorYear>
                <r2:CurrentYear>0.000</r2:CurrentYear>
                <r2:BudgetYearOne>0.000</r2:BudgetYearOne>
                <r2:BudgetYearOneBase>0.000</r2:BudgetYearOneBase>
            </r2:TotalAdjustments>
            <r2:AdjustmentDetails>
                <r2:OtherAdjustmentDetailList>
                    <r2:OtherAdjustmentDetail>
                        <r2:Title>Minor execution adjustment</r2:Title>
                        <r2:Funding>
                            <r2:PriorYear>-0.045</r2:PriorYear>
                        </r2:Funding>
                    </r2:OtherAdjustmentDetail>
                </r2:OtherAdjustmentDetailList>
            </r2:AdjustmentDetails>
            <r2:SummaryExplanation>Following FY 2024 the PE name "Domestic Prepare Against WMD" changed to "Radiological and Nuclear Defense Modernization Operational System Development" and the PE number changed from 0505167D8Z to 0607757D8Z to more accurately reflect the prescribed purpose of the Program Element.</r2:SummaryExplanation>
        </r2:ChangeSummary>
        <r2:ProjectList>
            <r2:Project>
                <r2:ProjectNumber>785</r2:ProjectNumber>
                <r2:ProjectTitle>Domestic Prepare Against WMD</r2:ProjectTitle>
                <r2:SpecialProject>0</r2:SpecialProject>
                <r2:ProjectFunding>
                    <r2:AllPriorYears>0.000</r2:AllPriorYears>
                    <r2:PriorYear>1.715</r2:PriorYear>
                </r2:ProjectFunding>
                <r2:R2aExhibit>
                    <r2:ProjectNote>Following FY 2024 the PE name "Domestic Prepare Against WMD" changed to "Radiological and Nuclear Defense Modernization Operational System Development" and the PE number changed from 0505167D8Z to 0607757D8Z to more accurately reflect the prescribed purpose of the Program Element.</r2:ProjectNote>
                    <r2:ProjectMissionDescription>As a FY 2024 new start, this program supports the Department's initiatives to Deter Aggression, Defend the Homeland, Provide Nuclear Deterrence and being prepared to prevail, and Build Sustainable and Long-Term Advantage.

The Radiological and Nuclear (R/N) Detection Gear Modernization and Procurement for the Joint Force research and development activities (RDAs) enhance DoD’s capabilities to campaign across the domains of threats and spectrums of conflict by: improving the Department’s capability to survive and operate in the Radiological and Nuclear environment – including in the information and early warning domain; reinforcing our own warfighting advantages by providing increased capability to detect and identify radiological and nuclear threats; and enhancing our interoperability and access to address acute forms of coercion. This program is specifically geared to provide modern improved networked R/N detection, indications and identification capability to the warfighter and to upgrade obsolete equipment and increase capability to continue to operate in the R/N environment (National Defense Strategic Guidance and the 2023 CWMD Strategy).

RDAs provide enhanced R/N capabilities. The Radiological and Nuclear Defense Capability Development portfolio enables DoD to provide Joint Force and National Guard capability development, acquisition and modernization funding to prepare for and respond to any emergency involving nuclear and/or radiological events in the United States; provide a capability for the Joint Force to withstand, operate through, and recover from an R/N event and will ensure DoD strategic direction aligns with the National Defense Strategy’s priorities; is a necessary action to improve resilience; and promotes integrated deterrence of WMD with state, local and other federal agencies.  This funding line is the only BA7 funding in the Department dedicated to providing improved R/N capability to the warfighter.

The Radiological and Nuclear Defense Capability Development portfolio is executing along cohesive lines of effort (LOEs) designed to prepare the Joint Force for a Future Operating Environment in which adversary pursuit or possession of WMDs pose threats ranging from existential to tactical, and limit U.S. strategic choices. 

The Office of the Secretary of Defense uses the Radiological and Nuclear Defense Capability Development portfolio to invest strategically in projects across the Military Services, Combatant Commands, and Defense Agencies. Funding is prioritized for projects that close Joint Force warfighter capability gaps. An annual investment strategy is used to meet emergent operational and capability needs validated by the Joint Force and the National Guard Bureau, yielding new fielded capabilities within one to two years.

The Radiological and Nuclear Defense Capability Development portfolio: Systems Development and Demonstration program invests in maturation of prototypes; integration of technologies, systems and components; developmental and operational test and evaluation; and transition to fielded capabilities that improve capability to detect and identify radiological and nuclear threats. This program bridges the gap between basic research to accelerate and enable transition of technologies to fielded capabilities by leveraging significant science and technology (S&amp;T) investments made by the Department of Defense, other Federal agencies, and industry. 

This program funds labor, materials, and travel to support the requirements of this program, performed by a government agency or by private individuals or organizations under a contract with the government, for activities and acquisitions including RDT&amp;E, assessments and analyses, research studies, education, and other activities related to capability development and fielding.</r2:ProjectMissionDescription>
                    <r2:AccomplishmentPlannedProgramList>
                        <r2:AccomplishmentPlannedProgram>
                            <r2:Title>Domestic Prepare Against WMD Operational Systems Dev</r2:Title>
                            <r2:Description>Domestic Prepare Against WMD Operational Systems Development program invests in maturation of prototypes; integration of technologies, systems and components; developmental and operational test and evaluation; and transition to R/N Defense fielded capabilities. Significant S&amp;T investments in prototype development by the Department of Defense, other Federal agencies, and industry are leveraged, capitalizing on mature technologies to accelerate and enable transition to fielded capabilities. Resulting fielded capabilities protect the warfighter, support indications and early warning, command and control, defend vulnerabilities in networks, programs, facilities, and weapons systems; and enable the disablement or defeat of WMD and their delivery systems.</r2:Description>
                            <r2:Accomplishment>
                                <r2:PriorYear>
                                    <r2:Funding>1.715</r2:Funding>
                                    <r2:Text>• Develop, transition, and field operational R/N Detection, Identification, Early warning, and Command Control capabilities to the Joint Force and the National Guard Bureau.
• Partner with the Military Services and Defense Agencies to mature and transition advanced prototypes to fielded R/N detection and identification capabilities.
• Continue maturation of prototypes, systems, and components for test and evaluation by end-users and transition to fieldable R/N Detection and identification capabilities under other classified projects.
• Continue development of Joint Personnel Dosimeter on behalf of the Joint Force.
• Continue development of Radiological Detection System on behalf of the Joint Force.</r2:Text>
                                </r2:PriorYear>
                            </r2:Accomplishment>
                        </r2:AccomplishmentPlannedProgram>
                    </r2:AccomplishmentPlannedProgramList>
                    <r2:OtherProgramFundingSummaryRemarks>Following FY 2024 the PE name "Domestic Prepare Against WMD" changed to "Radiological and Nuclear Defense Modernization Operational System Development" and the PE number changed from 0505167D8Z to 0607757D8Z to more accurately reflect the prescribed purpose of the Program Element.</r2:OtherProgramFundingSummaryRemarks>
                    <r2:AcquisitionStrategy>N/A</r2:AcquisitionStrategy>
                </r2:R2aExhibit>
                <r2:R3Exhibit>
                    <r2:CostCategoryGroupList>
                        <r2:CostCategoryGroup>
                            <r2:Name>Product Development</r2:Name>
                            <r2:CostCategoryItemList>
                                <r2:CostCategoryItem>
                                    <r2:Name>Test and Evaluation Article for Army Mobile Radiation Sensors</r2:Name>
                                    <r2:FundingVehicle>MIPR</r2:FundingVehicle>
                                    <r2:PerformingActivity>NIWC-PAC</r2:PerformingActivity>
                                    <r2:PerformingActivityLocation>California</r2:PerformingActivityLocation>
                                    <r2:Cost>
                                        <r2:PriorYear>
                                            <r2:Amount>0.390</r2:Amount>
                                            <r2:AwardDate>2024-06</r2:AwardDate>
                                        </r2:PriorYear>
                                        <r2:CostToComplete>Continuing</r2:CostToComplete>
                                        <r2:TotalCost>Continuing</r2:TotalCost>
                                    </r2:Cost>
                                </r2:CostCategoryItem>
                                <r2:CostCategoryItem>
                                    <r2:Name>Radiological Detection System (RDS)</r2:Name>
                                    <r2:FundingVehicle>MIPR</r2:FundingVehicle>
                                    <r2:PerformingActivity>JPEO-CBRND</r2:PerformingActivity>
                                    <r2:PerformingActivityLocation>Maryland</r2:PerformingActivityLocation>
                                    <r2:Cost>
                                        <r2:PriorYear>
                                            <r2:Amount>0.196</r2:Amount>
                                            <r2:AwardDate>2024-06</r2:AwardDate>
                                        </r2:PriorYear>
                                        <r2:CostToComplete>Continuing</r2:CostToComplete>
                                        <r2:TotalCost>Continuing</r2:TotalCost>
                                    </r2:Cost>
                                </r2:CostCategoryItem>
                                <r2:CostCategoryItem>
                                    <r2:Name>Research, Development, and Acquisition Experiment (RDAX)</r2:Name>
                                    <r2:FundingVehicle>MIPR</r2:FundingVehicle>
                                    <r2:PerformingActivity>SOFWERX</r2:PerformingActivity>
                                    <r2:PerformingActivityLocation>Virginia</r2:PerformingActivityLocation>
                                    <r2:Cost>
                                        <r2:PriorYear>
                                            <r2:Amount>0.254</r2:Amount>
                                            <r2:AwardDate>2024-08</r2:AwardDate>
                                        </r2:PriorYear>
                                        <r2:CostToComplete>Continuing</r2:CostToComplete>
                                        <r2:TotalCost>Continuing</r2:TotalCost>
                                    </r2:Cost>
                                </r2:CostCategoryItem>
                                <r2:CostCategoryItem>
                                    <r2:Name>Radioisotope Identification Detector (RIID)</r2:Name>
                                    <r2:FundingVehicle>MIPR</r2:FundingVehicle>
                                    <r2:PerformingActivity>JPEO-CBRND</r2:PerformingActivity>
                                    <r2:PerformingActivityLocation>Maryland</r2:PerformingActivityLocation>
                                    <r2:Cost>
                                        <r2:PriorYear>
                                            <r2:Amount>0.311</r2:Amount>
                                            <r2:AwardDate>2024-07</r2:AwardDate>
                                        </r2:PriorYear>
                                        <r2:CostToComplete>Continuing</r2:CostToComplete>
                                        <r2:TotalCost>Continuing</r2:TotalCost>
                                    </r2:Cost>
                                </r2:CostCategoryItem>
                                <r2:CostCategoryItem>
                                    <r2:Name>Nuclear Disablement Teams Dismounted Operations Rucksacks</r2:Name>
                                    <r2:ContractMethod>C</r2:ContractMethod>
                                    <r2:ContractType>BA</r2:ContractType>
                                    <r2:PerformingActivity>C5ISR</r2:PerformingActivity>
                                    <r2:PerformingActivityLocation>Maryland</r2:PerformingActivityLocation>
                                    <r2:Cost>
                                        <r2:PriorYear>
                                            <r2:Amount>0.021</r2:Amount>
                                            <r2:AwardDate>2024-06</r2:AwardDate>
                                        </r2:PriorYear>
                                        <r2:CostToComplete>Continuing</r2:CostToComplete>
                                        <r2:TotalCost>Continuing</r2:TotalCost>
                                    </r2:Cost>
                                </r2:CostCategoryItem>
                                <r2:CostCategoryItem>
                                    <r2:Name>Spectral Radiometer (SRM)-50 Demo Units</r2:Name>
                                    <r2:FundingVehicle>MIPR</r2:FundingVehicle>
                                    <r2:PerformingActivity>NIWC-PAC</r2:PerformingActivity>
                                    <r2:PerformingActivityLocation>California</r2:PerformingActivityLocation>
                                    <r2:Cost>
                                        <r2:PriorYear>
                                            <r2:Amount>0.127</r2:Amount>
                                            <r2:AwardDate>2024-06</r2:AwardDate>
                                        </r2:PriorYear>
                                        <r2:CostToComplete>Continuing</r2:CostToComplete>
                                        <r2:TotalCost>Continuing</r2:TotalCost>
                                    </r2:Cost>
                                </r2:CostCategoryItem>
                                <r2:CostCategoryItem>
                                    <r2:Name>Mobile Vehicle Detector (MVD) Demo Units</r2:Name>
                                    <r2:FundingVehicle>MIPR</r2:FundingVehicle>
                                    <r2:PerformingActivity>NIWC-PAC</r2:PerformingActivity>
                                    <r2:PerformingActivityLocation>California</r2:PerformingActivityLocation>
                                    <r2:Cost>
                                        <r2:PriorYear>
                                            <r2:Amount>0.270</r2:Amount>
                                            <r2:AwardDate>2024-06</r2:AwardDate>
                                        </r2:PriorYear>
                                        <r2:CostToComplete>Continuing</r2:CostToComplete>
                                        <r2:TotalCost>Continuing</r2:TotalCost>
                                    </r2:Cost>
                                </r2:CostCategoryItem>
                                <r2:CostCategoryItem>
                                    <r2:Name>RAND-NDRI Performance Project</r2:Name>
                                    <r2:ContractMethod>C</r2:ContractMethod>
                                    <r2:ContractType>BA</r2:ContractType>
                                    <r2:PerformingActivity>RAND</r2:PerformingActivity>
                                    <r2:PerformingActivityLocation>Maryland</r2:PerformingActivityLocation>
                                    <r2:Cost>
                                        <r2:PriorYear>
                                            <r2:Amount>0.120</r2:Amount>
                                            <r2:AwardDate>2024-07</r2:AwardDate>
                                        </r2:PriorYear>
                                        <r2:CostToComplete>Continuing</r2:CostToComplete>
                                        <r2:TotalCost>Continuing</r2:TotalCost>
                                    </r2:Cost>
                                </r2:CostCategoryItem>
                                <r2:CostCategoryItem>
                                    <r2:Name>Internal Withholds</r2:Name>
                                    <r2:FundingVehicle>MIPR</r2:FundingVehicle>
                                    <r2:PerformingActivity>A&amp;S</r2:PerformingActivity>
                                    <r2:PerformingActivityLocation>Virginia</r2:PerformingActivityLocation>
                                    <r2:Cost>
                                        <r2:PriorYear>
                                            <r2:Amount>0.026</r2:Amount>
                                        </r2:PriorYear>
                                        <r2:CostToComplete>Continuing</r2:CostToComplete>
                                        <r2:TotalCost>Continuing</r2:TotalCost>
                                    </r2:Cost>
                                </r2:CostCategoryItem>
                            </r2:CostCategoryItemList>
                        </r2:CostCategoryGroup>
                    </r2:CostCategoryGroupList>
                </r2:R3Exhibit>
                <r2:R4aExhibit>
                    <r2:SubProjectScheduleList>
                        <r2:SubProjectSchedule>
                            <r2:Title>Develop, transition, and field operational R/N Detection, Indications and Early warning and Command Control capabilities to the Joint Force and the National Guard Bureau.</r2:Title>
                            <r2:ScheduleDetailList>
                                <r2:ScheduleDetail>
                                    <r2:EventTitle>• Develop, transition, and field operational Rad/Nuc Detection, Indications and Early warning and Command Control capabilities to the Joint Force and the National Guard Bureau.</r2:EventTitle>
                                    <r2:Schedule>
                                        <r2:Start>
                                            <r2:Quarter>1</r2:Quarter>
                                            <r2:Year>2024</r2:Year>
                                        </r2:Start>
                                        <r2:End>
                                            <r2:Quarter>4</r2:Quarter>
                                            <r2:Year>2026</r2:Year>
                                        </r2:End>
                                    </r2:Schedule>
                                </r2:ScheduleDetail>
                            </r2:ScheduleDetailList>
                        </r2:SubProjectSchedule>
                        <r2:SubProjectSchedule>
                            <r2:Title>Partner with the Military Services and Defense Agencies to mature and transition advanced prototypes to fielded R/N detection and identification capabilities.</r2:Title>
                            <r2:ScheduleDetailList>
                                <r2:ScheduleDetail>
                                    <r2:EventTitle>• Partner with the Military Services and Defense Agencies to mature and transition advanced prototypes to fielded rad/nuc detection and identification capabilities.</r2:EventTitle>
                                    <r2:Schedule>
                                        <r2:Start>
                                            <r2:Quarter>1</r2:Quarter>
                                            <r2:Year>2024</r2:Year>
                                        </r2:Start>
                                        <r2:End>
                                            <r2:Quarter>4</r2:Quarter>
                                            <r2:Year>2026</r2:Year>
                                        </r2:End>
                                    </r2:Schedule>
                                </r2:ScheduleDetail>
                            </r2:ScheduleDetailList>
                        </r2:SubProjectSchedule>
                        <r2:SubProjectSchedule>
                            <r2:Title>Continue maturation of prototypes, systems, and components for test and evaluation by end-users and transition to fieldable R/N Detection and identification capabilities under other classified progr</r2:Title>
                            <r2:ScheduleDetailList>
                                <r2:ScheduleDetail>
                                    <r2:EventTitle>• Continue maturation of prototypes, systems, and components for test and evaluation by end-users and transition to fieldable rad/Nuc Detection and identification capabilities under other classified p</r2:EventTitle>
                                    <r2:Schedule>
                                        <r2:Start>
                                            <r2:Quarter>1</r2:Quarter>
                                            <r2:Year>2024</r2:Year>
                                        </r2:Start>
                                        <r2:End>
                                            <r2:Quarter>4</r2:Quarter>
                                            <r2:Year>2026</r2:Year>
                                        </r2:End>
                                    </r2:Schedule>
                                </r2:ScheduleDetail>
                            </r2:ScheduleDetailList>
                        </r2:SubProjectSchedule>
                    </r2:SubProjectScheduleList>
                </r2:R4aExhibit>
            </r2:Project>
        </r2:ProjectList>
    </r2:ProgramElement>
</r2:ProgramElementList>