<?xml version="1.0" encoding="UTF-8"?>
<r2:ProgramElementList xmlns:r2="http://www.dtic.mil/comptroller/xml/schema/022009/r2" targetSchemaVersion="1.0">
    <r2:ProgramElement monetaryUnit="Millions">
        <r2:ProgramElementNumber>0604016D8Z</r2:ProgramElementNumber>
        <r2:ProgramElementTitle>Department of Defense Corrosion Program</r2:ProgramElementTitle>
        <r2:R1LineNumber>101</r2:R1LineNumber>
        <r2:BudgetYear>2026</r2:BudgetYear>
        <r2:BudgetCycle>PB</r2:BudgetCycle>
        <r2:SubmissionDate>2025-06</r2:SubmissionDate>
        <r2:ServiceAgencyName>Office of the Secretary Of Defense</r2:ServiceAgencyName>
        <r2:AppropriationCode>0400</r2:AppropriationCode>
        <r2:AppropriationName>Research, Development, Test &amp; Evaluation, Defense-Wide</r2:AppropriationName>
        <r2:BudgetActivityNumber>4</r2:BudgetActivityNumber>
        <r2:BudgetActivityTitle>Advanced Component Development &amp; Prototypes (ACD&amp;P)</r2:BudgetActivityTitle>
        <r2:ProgramElementFunding>
            <r2:AllPriorYears>156.773</r2:AllPriorYears>
            <r2:PriorYear>5.113</r2:PriorYear>
            <r2:CurrentYear>2.637</r2:CurrentYear>
            <r2:BudgetYearOne>2.545</r2:BudgetYearOne>
            <r2:BudgetYearOneBase>2.545</r2:BudgetYearOneBase>
        </r2:ProgramElementFunding>
        <r2:ProgramElementNote>New Start (Y/N): No</r2:ProgramElementNote>
        <r2:ProgramElementMissionDescription>The DoD RDT&amp;E corrosion prevention program, as defined in Public Law 107-314 in section 2228 of title 10 United States Code (section 2228(d)(2)), is the mechanism to change DoD’s reactive approach of corrective corrosion maintenance to a proactive approach to improve weapon system corrosion prevention reliability and maintainability through technology. The strategic goal of the DoD Corrosion Prevention Program is to demonstrate the ability to improve weapon system readiness through the implementation of targeted and effective material and nonmaterial solutions that reduce the corrosion impacts on reliability, maintainability, and cost of DoD weapon systems and infrastructure. Historically, the program’s projects have shown an opportunity to achieve a 17:1 return-on-investment.

From 2001-2023, the Government Accountability Office (GAO), the Congressional Budget Office and the DoD IG have conducted multiple weapon systems and infrastructure audits and continue to find corrosion is a significant impact on availability and cost. GAO’s Aviation Sustainment Quick Look reports (GAO-18-678, GAO-21-101SP, and GAO-23-106217) consistently show that 33% of the audited aviation systems report corrosion as a factor in reduced aviation Operational Availability (Ao) rates.  The F-35 program is a current example of current corrosion prevention acquisition decisions and resulting corrosion maintenance issues of the continued flawed approach to weapon system corrosion prevention.

In addition, corrosion continues to be a major factor in Materiel Availability (Am) of weapon systems. Examples of the corrosion impact on materiel availability include: 

(a) F-22 Reliability and Maintainability Maturation Program total funding requirement increased 100% ($664 million to $1.3 billion) to correct unplanned corrosion issues (GAO-12-447, GAO-14-425)
(b) The Department of the Navy is deferring shipyard corrosion repairs, allocating a 6%+ cost growth factor for future corrosion repair work. (GAO-22-105032)

These materiel availability examples illustrate the continued reactive sustainment engineering approach to corrosion prevention during the operational and sustainment phase of fielded weapon systems.
  
Furthermore, the Maintenance Availability Data Warehouse (MADW) data, maintained on DoD online data repository, shows a $20 billion total corrosion maintenance cost trend across DoD weapon systems and infrastructure. In perspective, the allocated FY 2025 budget for the DoD Corrosion Program represents an investment equivalent to 0.013% of the $20 billion annual corrosion maintenance cost of weapon systems and infrastructure.</r2:ProgramElementMissionDescription>
        <r2:ChangeSummary>
            <r2:PreviousPresidentBudget>
                <r2:PriorYear>3.185</r2:PriorYear>
                <r2:CurrentYear>2.637</r2:CurrentYear>
                <r2:BudgetYearOne>3.073</r2:BudgetYearOne>
                <r2:BudgetYearOneBase>3.073</r2:BudgetYearOneBase>
            </r2:PreviousPresidentBudget>
            <r2:CurrentPresidentBudget>
                <r2:PriorYear>5.113</r2:PriorYear>
                <r2:CurrentYear>2.637</r2:CurrentYear>
                <r2:BudgetYearOne>2.545</r2:BudgetYearOne>
                <r2:BudgetYearOneBase>2.545</r2:BudgetYearOneBase>
            </r2:CurrentPresidentBudget>
            <r2:TotalAdjustments>
                <r2:PriorYear>1.928</r2:PriorYear>
                <r2:CurrentYear>0.000</r2:CurrentYear>
                <r2:BudgetYearOne>-0.528</r2:BudgetYearOne>
                <r2:BudgetYearOneBase>-0.528</r2:BudgetYearOneBase>
            </r2:TotalAdjustments>
            <r2:AdjustmentDetails>
                <r2:CongressionalAdds>
                    <r2:PriorYear>1.928</r2:PriorYear>
                    <r2:CurrentYear>0.000</r2:CurrentYear>
                </r2:CongressionalAdds>
                <r2:OtherAdjustmentDetailList>
                    <r2:OtherAdjustmentDetail>
                        <r2:Title>DOGE Efficiency</r2:Title>
                        <r2:Funding>
                            <r2:BudgetYearOne>-0.519</r2:BudgetYearOne>
                            <r2:BudgetYearOneBase>-0.519</r2:BudgetYearOneBase>
                        </r2:Funding>
                    </r2:OtherAdjustmentDetail>
                    <r2:OtherAdjustmentDetail>
                        <r2:Title>Inflation Adjustment</r2:Title>
                        <r2:Funding>
                            <r2:BudgetYearOne>-0.009</r2:BudgetYearOne>
                            <r2:BudgetYearOneBase>-0.009</r2:BudgetYearOneBase>
                        </r2:Funding>
                    </r2:OtherAdjustmentDetail>
                </r2:OtherAdjustmentDetailList>
            </r2:AdjustmentDetails>
            <r2:SummaryExplanation>The FY 2026 request was reduced by $0.519 million for Advisory and Assistance Services to promote efficiencies and advance the policies of the Administration in alignment with Executive Order 14222, “Implementing the President’s Department of Government Efficiency Cost Efficiency Initiative,” an additional $0.009 million reduction was due to inflation adjustment.</r2:SummaryExplanation>
        </r2:ChangeSummary>
        <r2:ProjectList>
            <r2:Project>
                <r2:ProjectNumber>015</r2:ProjectNumber>
                <r2:ProjectTitle>Corrosion Protection Projects</r2:ProjectTitle>
                <r2:SpecialProject>0</r2:SpecialProject>
                <r2:ProjectFunding>
                    <r2:AllPriorYears>156.773</r2:AllPriorYears>
                    <r2:PriorYear>5.113</r2:PriorYear>
                    <r2:CurrentYear>2.637</r2:CurrentYear>
                    <r2:BudgetYearOne>2.545</r2:BudgetYearOne>
                    <r2:BudgetYearOneBase>2.545</r2:BudgetYearOneBase>
                </r2:ProjectFunding>
                <r2:R2aExhibit>
                    <r2:ProjectMissionDescription>The DoD RDT&amp;E corrosion prevention program, as defined in Public Law 107-314 in section 2228 of title 10 United States Code (section 2228(d)(2)), is the mechanism to change DoD’s reactive approach of corrective corrosion maintenance to a proactive approach to improve weapon system corrosion prevention reliability and maintainability through technology. The strategic goal of the DoD Corrosion Prevention Program is to demonstrate the ability to improve weapon system readiness through the implementation of targeted and effective material and nonmaterial solutions that reduce the corrosion impacts on reliability, maintainability, and cost of DoD weapon systems and infrastructure. Historically, the program’s projects have shown an opportunity to achieve a 17:1 return-on-investment.

From 2001-2023, the Government Accountability Office (GAO), the Congressional Budget Office and the DoD IG have conducted multiple weapon systems and infrastructure audits and continue to find corrosion is a significant impact on availability and cost. GAO’s Aviation Sustainment Quick Look reports (GAO-18-678, GAO-21-101SP, and GAO-23-106217) consistently show that 33% of the audited aviation systems report corrosion as a factor in reduced aviation Operational Availability (Ao) rates.  The F-35 program is a current example of current corrosion prevention acquisition decisions and resulting corrosion maintenance issues of the continued flawed approach to weapon system corrosion prevention.

In addition, corrosion continues to be a major factor in Materiel Availability (Am) of weapon systems. Examples of the corrosion impact on materiel availability include: 

(a) F-22 Reliability and Maintainability Maturation Program total funding requirement increased 100% ($664 million to $1.3 billion) to correct unplanned corrosion issues (GAO-12-447, GAO-14-425)
(b) The Department of the Navy is deferring shipyard corrosion repairs, allocating a 6%+ cost growth factor for future corrosion repair work. (GAO-22-105032)

These materiel availability examples illustrate the continued reactive sustainment engineering approach to corrosion prevention during the operational and sustainment phase of fielded weapon systems.
  
Furthermore, the Maintenance Availability Data Warehouse (MADW) data, maintained on DoD online data repository, shows a $20 billion total corrosion maintenance cost trend across DoD weapon systems and infrastructure. In perspective, the allocated FY 2025 budget for the DoD Corrosion Program represents an investment equivalent to 0.013% of the $20 billion annual corrosion maintenance cost of weapon systems and infrastructure.</r2:ProjectMissionDescription>
                    <r2:CongressionalAddDetailList>
                        <r2:CongressionalAddDetail>
                            <r2:Title>Program increase - anti-corrosion initiatives</r2:Title>
                            <r2:PriorYear>
                                <r2:Funding>2.000</r2:Funding>
                                <r2:Text>• Additional funding expanded the collaboration with the Assoc of Materials Protection and Performance (AMPP), increasing the industry developed corrosion control training offered to the civilian and military workforce from 153 to 458 seats (~ 200% increase). 

• Funded the following 4 new start CPC technology projects:
- Composite Sunshield for Ready Service Lockers – Demonstration (Industry Partner Collaborator: Composite Resources)
- Ultra-Short Pulse Laser Surface Prep for Optimizing Adhesion and Mitigating Corrosion of Marine Connectors (Industry Partner Collaborator: PulseTex)
- Demonstrate technologies for mitigating electronics corrosion on autonomous assets.
- Development of a digital engineering corrosion design tool to assess galvanic corrosion impacts and predict the corrosion lifecycle risks (Industry Partner Collaborators: Siemens Govt Tech , Corrdesa)</r2:Text>
                            </r2:PriorYear>
                            <r2:CurrentYear>
                                <r2:Funding>0.000</r2:Funding>
                                <r2:Text>• Additional funding expanded the collaboration with the Assoc of Materials Protection and Performance (AMPP), increasing the planned FY 2025 industry developed corrosion control training offered to the civilian and military workforce from 5 to 12 courses (~140% increase), and 153 to 516 seats (~ 230% increase). 

• Additional funding will facilitate the collaboration with the Univ of N Iowa’s Star4D program, offering university developed coating application training to the DoD intermediate maintenance and depot workforce to improve knowledge, skills, and abilities. The FY 2025 initiative will target 10-11 sites across the DoD. This is a new initiative not originally planned based on FY 2024 or FY 2025 PB budget.</r2:Text>
                            </r2:CurrentYear>
                        </r2:CongressionalAddDetail>
                    </r2:CongressionalAddDetailList>
                    <r2:AccomplishmentPlannedProgramList>
                        <r2:AccomplishmentPlannedProgram>
                            <r2:Title>Corrosion Prevention and Control Projects and Activities</r2:Title>
                            <r2:Description>Corrosion prevention and control projects and activities are conducted in support of the support of the strategic plan to reduce the impact of corrosion on the cost and availability of DoD equipment and facilities. 

• Completed the Improved Landing Gear Durability for F/A-18E/F Super Hornet evaluating the application of multiple corrosion prevention technologies to improve the landing gear system to improve readiness and reduce cost; resulting in the engineering approvals to initiate the specific technology transitions into components on 3 additional platforms: F-35 Navy/USMC variants, CH-53 platform, and V-22 platform.

• Implemented CPC technologies on LPD-24 (USS Arlington) during its April 2023-July 2024 maintenance period to start its service environment demonstration and validation.

• Collaborated with the Association of Materials Protection and Performance (AMPP) to deliver six industry developed corrosion control and coatings inspection training course to over 230+ DoD acquisition and depot-level workforce personnel. The DoD workforce demand for CPC training is illustrated in a FY 2024 waitlist from 300+ to 561 students which is 200+ increase to the FY 2023 waitlist.

• The CPO supported technical revision of Mil-Std-1568, Materials and Processes for Corrosion Prevention and Control in Aerospace Weapon Systems, was selected as a winner of the Defense Standardization Program Achievement Award.</r2:Description>
                            <r2:Accomplishment>
                                <r2:PriorYear>
                                    <r2:Funding>3.113</r2:Funding>
                                    <r2:Text>Execute follow-on FY 2021 RDT&amp;E project efforts:
• Improved Landing Gear Durability for F/A-18E/F Super Hornet evaluating the application of multiple corrosion prevention technologies to improve the landing gear system to improve readiness and reduce cost.
• Ship Class Topside Corrosion Control Configuration (CT3C) Implementation multiple corrosion prevention technologies to improve the improve ship operational sustainment and reduce cost

Execute follow-on FY 2023 RDT&amp;E project efforts:
• Demonstrate Thermal Spray Nonskid (TSN) coating technology on DDG Class Ship to verify application on thinner decking plate ship applications.

• Demonstrate an Improved Epoxy Coating to improve the hot corrosion resistance of exhaust pathways on DDG Class Ships.

Execute following new start FY 2024 RDT&amp;E projects:
• Composite Sunshield for Ready Service Lockers – Demonstration
• Ultra-Short Pulse Laser Surface Prep for Optimizing Adhesion and Mitigating Corrosion of Marine Connectors</r2:Text>
                                </r2:PriorYear>
                            </r2:Accomplishment>
                            <r2:PlannedProgram>
                                <r2:CurrentYear>
                                    <r2:Funding>2.637</r2:Funding>
                                    <r2:Text>Execute follow-on FY 2024 RDT&amp;E project efforts:
• Composite Sunshield for Ready Service Lockers – Demonstration (Industry Partner Collaborator: Composite Resources)
• Ultra-Short Pulse Laser Surface Prep for Optimizing Adhesion and Mitigating Corrosion of Marine Connectors (Industry Partner Collaborator: PulseTex)
• Demonstrate technologies for mitigating electronics corrosion on autonomous assets.
• Development of a digital engineering corrosion design tool to assess galvanic corrosion impacts and predict the corrosion lifecycle risks (Industry Partner Collaborators: Siemens Govt Tech and Corrdesa)</r2:Text>
                                </r2:CurrentYear>
                                <r2:BudgetYearOne>
                                    <r2:Funding>2.545</r2:Funding>
                                </r2:BudgetYearOne>
                                <r2:BudgetYearOneBase>
                                    <r2:Funding>2.545</r2:Funding>
                                    <r2:Text>Continued execution of:
• Composite Sunshield for Ready Service Lockers – Demonstration (Industry Partner Collaborator: Composite Resources)
• Ultra-Short Pulse Laser Surface Prep for Optimizing Adhesion and Mitigating Corrosion of Marine Connectors (Industry Partner Collaborator: PulseTex)
• Demonstrate technologies for mitigating electronics corrosion on autonomous assets.
• Development of a digital engineering corrosion design tool to assess galvanic corrosion impacts and predict the corrosion lifecycle risks (Industry Partner Collaborators: Siemens Govt Tech , Corrdesa)</r2:Text>
                                </r2:BudgetYearOneBase>
                                <r2:AppChangeSummary>The decrease of $0.092 million from FY 2025 to FY 2026 will defer adding an additional CPC technology demonstration project from FY 2025 through FY 2030 due to changes in priorities.</r2:AppChangeSummary>
                            </r2:PlannedProgram>
                        </r2:AccomplishmentPlannedProgram>
                    </r2:AccomplishmentPlannedProgramList>
                    <r2:AcquisitionStrategy>N/A</r2:AcquisitionStrategy>
                </r2:R2aExhibit>
                <r2:R3Exhibit>
                    <r2:Remarks>N/A</r2:Remarks>
                    <r2:CostCategoryGroupList>
                        <r2:CostCategoryGroup>
                            <r2:Name>Product Development</r2:Name>
                            <r2:CostCategoryItemList>
                                <r2:CostCategoryItem>
                                    <r2:Name>Corrosion Policy and Oversight</r2:Name>
                                    <r2:FundingVehicle>MIPR</r2:FundingVehicle>
                                    <r2:PerformingActivity>Various (Army, Navy, Air Force)</r2:PerformingActivity>
                                    <r2:PerformingActivityLocation>Various</r2:PerformingActivityLocation>
                                    <r2:Cost>
                                        <r2:TotalPreviousYears>121.830</r2:TotalPreviousYears>
                                        <r2:PriorYear>
                                            <r2:Amount>2.649</r2:Amount>
                                            <r2:AwardDate>2024-10</r2:AwardDate>
                                        </r2:PriorYear>
                                        <r2:CurrentYear>
                                            <r2:Amount>2.082</r2:Amount>
                                            <r2:AwardDate>2025-10</r2:AwardDate>
                                        </r2:CurrentYear>
                                        <r2:BudgetYearOne>
                                            <r2:Amount>1.974</r2:Amount>
                                        </r2:BudgetYearOne>
                                        <r2:BudgetYearOneBase>
                                            <r2:Amount>1.974</r2:Amount>
                                            <r2:AwardDate>2026-10</r2:AwardDate>
                                        </r2:BudgetYearOneBase>
                                        <r2:BudgetYearOneOOC>
                                            <r2:Amount>0.000</r2:Amount>
                                        </r2:BudgetYearOneOOC>
                                    </r2:Cost>
                                </r2:CostCategoryItem>
                            </r2:CostCategoryItemList>
                        </r2:CostCategoryGroup>
                        <r2:CostCategoryGroup>
                            <r2:Name>Support</r2:Name>
                            <r2:CostCategoryItemList>
                                <r2:CostCategoryItem>
                                    <r2:Name>Research Studies</r2:Name>
                                    <r2:ContractMethod>C</r2:ContractMethod>
                                    <r2:ContractType>FFP</r2:ContractType>
                                    <r2:PerformingActivity>Various</r2:PerformingActivity>
                                    <r2:PerformingActivityLocation>Various</r2:PerformingActivityLocation>
                                    <r2:Cost>
                                        <r2:TotalPreviousYears>3.644</r2:TotalPreviousYears>
                                        <r2:PriorYear>
                                            <r2:Amount>0.000</r2:Amount>
                                            <r2:AwardDate>2024-09</r2:AwardDate>
                                        </r2:PriorYear>
                                        <r2:CurrentYear>
                                            <r2:Amount>0.000</r2:Amount>
                                        </r2:CurrentYear>
                                        <r2:BudgetYearOne>
                                            <r2:Amount>0.000</r2:Amount>
                                        </r2:BudgetYearOne>
                                        <r2:BudgetYearOneBase>
                                            <r2:Amount>0.000</r2:Amount>
                                        </r2:BudgetYearOneBase>
                                        <r2:BudgetYearOneOOC>
                                            <r2:Amount>0.000</r2:Amount>
                                        </r2:BudgetYearOneOOC>
                                    </r2:Cost>
                                </r2:CostCategoryItem>
                                <r2:CostCategoryItem>
                                    <r2:Name>Technical Support</r2:Name>
                                    <r2:FundingVehicle>MIPR</r2:FundingVehicle>
                                    <r2:PerformingActivity>Various (Army, Navy, Air Force)</r2:PerformingActivity>
                                    <r2:PerformingActivityLocation>Various</r2:PerformingActivityLocation>
                                    <r2:Cost>
                                        <r2:TotalPreviousYears>0.641</r2:TotalPreviousYears>
                                        <r2:PriorYear>
                                            <r2:Amount>0.000</r2:Amount>
                                            <r2:AwardDate>2024-06</r2:AwardDate>
                                        </r2:PriorYear>
                                        <r2:CurrentYear>
                                            <r2:Amount>0.050</r2:Amount>
                                            <r2:AwardDate>2025-06</r2:AwardDate>
                                        </r2:CurrentYear>
                                        <r2:BudgetYearOne>
                                            <r2:Amount>0.050</r2:Amount>
                                        </r2:BudgetYearOne>
                                        <r2:BudgetYearOneBase>
                                            <r2:Amount>0.050</r2:Amount>
                                            <r2:AwardDate>2026-06</r2:AwardDate>
                                        </r2:BudgetYearOneBase>
                                        <r2:BudgetYearOneOOC>
                                            <r2:Amount>0.000</r2:Amount>
                                        </r2:BudgetYearOneOOC>
                                    </r2:Cost>
                                </r2:CostCategoryItem>
                                <r2:CostCategoryItem>
                                    <r2:Name>Technical Support</r2:Name>
                                    <r2:ContractMethod>Option</r2:ContractMethod>
                                    <r2:ContractType>FFP</r2:ContractType>
                                    <r2:PerformingActivity>Leidos, Inc.</r2:PerformingActivity>
                                    <r2:PerformingActivityLocation>Virginia</r2:PerformingActivityLocation>
                                    <r2:Cost>
                                        <r2:TotalPreviousYears>0.496</r2:TotalPreviousYears>
                                        <r2:PriorYear>
                                            <r2:Amount>0.000</r2:Amount>
                                        </r2:PriorYear>
                                        <r2:CurrentYear>
                                            <r2:Amount>0.000</r2:Amount>
                                        </r2:CurrentYear>
                                        <r2:BudgetYearOne>
                                            <r2:Amount>0.000</r2:Amount>
                                        </r2:BudgetYearOne>
                                        <r2:BudgetYearOneBase>
                                            <r2:Amount>0.000</r2:Amount>
                                        </r2:BudgetYearOneBase>
                                        <r2:BudgetYearOneOOC>
                                            <r2:Amount>0.000</r2:Amount>
                                        </r2:BudgetYearOneOOC>
                                    </r2:Cost>
                                </r2:CostCategoryItem>
                                <r2:CostCategoryItem>
                                    <r2:Name>Technical Support</r2:Name>
                                    <r2:ContractMethod>C</r2:ContractMethod>
                                    <r2:ContractType>FFP</r2:ContractType>
                                    <r2:PerformingActivity>Excet Inc.</r2:PerformingActivity>
                                    <r2:PerformingActivityLocation>Maryland</r2:PerformingActivityLocation>
                                    <r2:Cost>
                                        <r2:TotalPreviousYears>0.641</r2:TotalPreviousYears>
                                        <r2:PriorYear>
                                            <r2:Amount>0.380</r2:Amount>
                                            <r2:AwardDate>2024-06</r2:AwardDate>
                                        </r2:PriorYear>
                                        <r2:CurrentYear>
                                            <r2:Amount>0.330</r2:Amount>
                                            <r2:AwardDate>2025-06</r2:AwardDate>
                                        </r2:CurrentYear>
                                        <r2:BudgetYearOne>
                                            <r2:Amount>0.330</r2:Amount>
                                        </r2:BudgetYearOne>
                                        <r2:BudgetYearOneBase>
                                            <r2:Amount>0.330</r2:Amount>
                                            <r2:AwardDate>2026-06</r2:AwardDate>
                                        </r2:BudgetYearOneBase>
                                        <r2:BudgetYearOneOOC>
                                            <r2:Amount>0.000</r2:Amount>
                                        </r2:BudgetYearOneOOC>
                                    </r2:Cost>
                                </r2:CostCategoryItem>
                                <r2:CostCategoryItem>
                                    <r2:Name>Research Studies</r2:Name>
                                    <r2:FundingVehicle>MIPR</r2:FundingVehicle>
                                    <r2:PerformingActivity>Various (Army, Navy, Air Force)</r2:PerformingActivity>
                                    <r2:PerformingActivityLocation>Various</r2:PerformingActivityLocation>
                                    <r2:Cost>
                                        <r2:TotalPreviousYears>0.292</r2:TotalPreviousYears>
                                        <r2:PriorYear>
                                            <r2:Amount>0.480</r2:Amount>
                                            <r2:AwardDate>2024-10</r2:AwardDate>
                                        </r2:PriorYear>
                                        <r2:CurrentYear>
                                            <r2:Amount>0.000</r2:Amount>
                                        </r2:CurrentYear>
                                        <r2:BudgetYearOne>
                                            <r2:Amount>0.000</r2:Amount>
                                        </r2:BudgetYearOne>
                                        <r2:BudgetYearOneBase>
                                            <r2:Amount>0.000</r2:Amount>
                                        </r2:BudgetYearOneBase>
                                        <r2:BudgetYearOneOOC>
                                            <r2:Amount>0.000</r2:Amount>
                                        </r2:BudgetYearOneOOC>
                                    </r2:Cost>
                                </r2:CostCategoryItem>
                                <r2:CostCategoryItem>
                                    <r2:Name>Training &amp; Analysis</r2:Name>
                                    <r2:ContractMethod>Option</r2:ContractMethod>
                                    <r2:ContractType>FFP</r2:ContractType>
                                    <r2:PerformingActivity>AMPP</r2:PerformingActivity>
                                    <r2:PerformingActivityLocation>Houston, TX</r2:PerformingActivityLocation>
                                    <r2:Cost>
                                        <r2:PriorYear>
                                            <r2:Amount>1.203</r2:Amount>
                                            <r2:AwardDate>2024-06</r2:AwardDate>
                                        </r2:PriorYear>
                                    </r2:Cost>
                                </r2:CostCategoryItem>
                            </r2:CostCategoryItemList>
                        </r2:CostCategoryGroup>
                        <r2:CostCategoryGroup>
                            <r2:Name>Test and Evaluation</r2:Name>
                            <r2:CostCategoryItemList>
                                <r2:CostCategoryItem>
                                    <r2:Name>Critical Compatibility Testing - COVID19 (FY 2020 Congressional-Add)</r2:Name>
                                    <r2:FundingVehicle>MIPR</r2:FundingVehicle>
                                    <r2:PerformingActivity>Various (Army, Navy, Air Force)</r2:PerformingActivity>
                                    <r2:PerformingActivityLocation>Various</r2:PerformingActivityLocation>
                                    <r2:Cost>
                                        <r2:TotalPreviousYears>2.691</r2:TotalPreviousYears>
                                    </r2:Cost>
                                </r2:CostCategoryItem>
                            </r2:CostCategoryItemList>
                        </r2:CostCategoryGroup>
                        <r2:CostCategoryGroup>
                            <r2:Name>Management Services</r2:Name>
                            <r2:CostCategoryItemList>
                                <r2:CostCategoryItem>
                                    <r2:Name>Corrosion Policy and Oversight</r2:Name>
                                    <r2:ContractMethod>C</r2:ContractMethod>
                                    <r2:ContractType>FFP</r2:ContractType>
                                    <r2:PerformingActivity>Logistics Management Institute</r2:PerformingActivity>
                                    <r2:PerformingActivityLocation>McLean, VA</r2:PerformingActivityLocation>
                                    <r2:Cost>
                                        <r2:TotalPreviousYears>24.941</r2:TotalPreviousYears>
                                        <r2:PriorYear>
                                            <r2:Amount>0.251</r2:Amount>
                                            <r2:AwardDate>2024-02</r2:AwardDate>
                                        </r2:PriorYear>
                                        <r2:CurrentYear>
                                            <r2:Amount>0.000</r2:Amount>
                                        </r2:CurrentYear>
                                        <r2:BudgetYearOne>
                                            <r2:Amount>0.000</r2:Amount>
                                        </r2:BudgetYearOne>
                                        <r2:BudgetYearOneBase>
                                            <r2:Amount>0.000</r2:Amount>
                                        </r2:BudgetYearOneBase>
                                        <r2:BudgetYearOneOOC>
                                            <r2:Amount>0.000</r2:Amount>
                                        </r2:BudgetYearOneOOC>
                                        <r2:TargetValue>N/A</r2:TargetValue>
                                    </r2:Cost>
                                </r2:CostCategoryItem>
                                <r2:CostCategoryItem>
                                    <r2:Name>Corrosion Policy and Oversight</r2:Name>
                                    <r2:ContractMethod>Option</r2:ContractMethod>
                                    <r2:ContractType>FFP</r2:ContractType>
                                    <r2:PerformingActivity>LMI</r2:PerformingActivity>
                                    <r2:PerformingActivityLocation>McLean, VA</r2:PerformingActivityLocation>
                                    <r2:Cost>
                                        <r2:TotalPreviousYears>1.023</r2:TotalPreviousYears>
                                        <r2:PriorYear>
                                            <r2:Amount>0.000</r2:Amount>
                                        </r2:PriorYear>
                                        <r2:CurrentYear>
                                            <r2:Amount>0.000</r2:Amount>
                                        </r2:CurrentYear>
                                        <r2:BudgetYearOne>
                                            <r2:Amount>0.000</r2:Amount>
                                        </r2:BudgetYearOne>
                                        <r2:BudgetYearOneBase>
                                            <r2:Amount>0.000</r2:Amount>
                                        </r2:BudgetYearOneBase>
                                        <r2:BudgetYearOneOOC>
                                            <r2:Amount>0.000</r2:Amount>
                                        </r2:BudgetYearOneOOC>
                                    </r2:Cost>
                                </r2:CostCategoryItem>
                                <r2:CostCategoryItem>
                                    <r2:Name>SBIR/STTR Funding</r2:Name>
                                    <r2:FundingVehicle>Allot</r2:FundingVehicle>
                                    <r2:PerformingActivity>OSD</r2:PerformingActivity>
                                    <r2:PerformingActivityLocation>Virginia</r2:PerformingActivityLocation>
                                    <r2:Cost>
                                        <r2:TotalPreviousYears>0.289</r2:TotalPreviousYears>
                                        <r2:PriorYear>
                                            <r2:Amount>0.071</r2:Amount>
                                            <r2:AwardDate>2024-06</r2:AwardDate>
                                        </r2:PriorYear>
                                        <r2:CurrentYear>
                                            <r2:Amount>0.096</r2:Amount>
                                            <r2:AwardDate>2025-06</r2:AwardDate>
                                        </r2:CurrentYear>
                                        <r2:BudgetYearOne>
                                            <r2:Amount>0.112</r2:Amount>
                                        </r2:BudgetYearOne>
                                        <r2:BudgetYearOneBase>
                                            <r2:Amount>0.112</r2:Amount>
                                            <r2:AwardDate>2026-06</r2:AwardDate>
                                        </r2:BudgetYearOneBase>
                                        <r2:BudgetYearOneOOC>
                                            <r2:Amount>0.000</r2:Amount>
                                        </r2:BudgetYearOneOOC>
                                    </r2:Cost>
                                </r2:CostCategoryItem>
                                <r2:CostCategoryItem>
                                    <r2:Name>USD(A&amp;S) Management Reserve</r2:Name>
                                    <r2:FundingVehicle>Allot</r2:FundingVehicle>
                                    <r2:PerformingActivity>USD(A&amp;S)</r2:PerformingActivity>
                                    <r2:PerformingActivityLocation>Virginia</r2:PerformingActivityLocation>
                                    <r2:Cost>
                                        <r2:TotalPreviousYears>0.192</r2:TotalPreviousYears>
                                        <r2:PriorYear>
                                            <r2:Amount>0.064</r2:Amount>
                                            <r2:AwardDate>2024-06</r2:AwardDate>
                                        </r2:PriorYear>
                                        <r2:CurrentYear>
                                            <r2:Amount>0.064</r2:Amount>
                                            <r2:AwardDate>2025-06</r2:AwardDate>
                                        </r2:CurrentYear>
                                        <r2:BudgetYearOne>
                                            <r2:Amount>0.064</r2:Amount>
                                        </r2:BudgetYearOne>
                                        <r2:BudgetYearOneBase>
                                            <r2:Amount>0.064</r2:Amount>
                                            <r2:AwardDate>2026-06</r2:AwardDate>
                                        </r2:BudgetYearOneBase>
                                        <r2:BudgetYearOneOOC>
                                            <r2:Amount>0.000</r2:Amount>
                                        </r2:BudgetYearOneOOC>
                                    </r2:Cost>
                                </r2:CostCategoryItem>
                                <r2:CostCategoryItem>
                                    <r2:Name>Corrosion Policy and Oversight Mgmt Services</r2:Name>
                                    <r2:FundingVehicle>Allot</r2:FundingVehicle>
                                    <r2:PerformingActivity>Corrosion Policy and Oversight</r2:PerformingActivity>
                                    <r2:PerformingActivityLocation>Alexandria, VA</r2:PerformingActivityLocation>
                                    <r2:Cost>
                                        <r2:TotalPreviousYears>0.030</r2:TotalPreviousYears>
                                        <r2:PriorYear>
                                            <r2:Amount>0.015</r2:Amount>
                                            <r2:AwardDate>2024-10</r2:AwardDate>
                                        </r2:PriorYear>
                                        <r2:CurrentYear>
                                            <r2:Amount>0.015</r2:Amount>
                                            <r2:AwardDate>2025-10</r2:AwardDate>
                                        </r2:CurrentYear>
                                        <r2:BudgetYearOne>
                                            <r2:Amount>0.015</r2:Amount>
                                        </r2:BudgetYearOne>
                                        <r2:BudgetYearOneBase>
                                            <r2:Amount>0.015</r2:Amount>
                                            <r2:AwardDate>2026-10</r2:AwardDate>
                                        </r2:BudgetYearOneBase>
                                        <r2:BudgetYearOneOOC>
                                            <r2:Amount>0.000</r2:Amount>
                                        </r2:BudgetYearOneOOC>
                                    </r2:Cost>
                                </r2:CostCategoryItem>
                                <r2:CostCategoryItem>
                                    <r2:Name>Senior Leadership Directive</r2:Name>
                                    <r2:FundingVehicle>Allot</r2:FundingVehicle>
                                    <r2:PerformingActivity>OSD</r2:PerformingActivity>
                                    <r2:PerformingActivityLocation>Virginia</r2:PerformingActivityLocation>
                                    <r2:Cost>
                                        <r2:TotalPreviousYears>0.063</r2:TotalPreviousYears>
                                        <r2:PriorYear>
                                            <r2:Amount>0.000</r2:Amount>
                                        </r2:PriorYear>
                                        <r2:CurrentYear>
                                            <r2:Amount>0.000</r2:Amount>
                                        </r2:CurrentYear>
                                        <r2:BudgetYearOne>
                                            <r2:Amount>0.000</r2:Amount>
                                        </r2:BudgetYearOne>
                                        <r2:BudgetYearOneBase>
                                            <r2:Amount>0.000</r2:Amount>
                                        </r2:BudgetYearOneBase>
                                        <r2:BudgetYearOneOOC>
                                            <r2:Amount>0.000</r2:Amount>
                                        </r2:BudgetYearOneOOC>
                                    </r2:Cost>
                                </r2:CostCategoryItem>
                            </r2:CostCategoryItemList>
                        </r2:CostCategoryGroup>
                    </r2:CostCategoryGroupList>
                </r2:R3Exhibit>
                <r2:R4Exhibit>
                    <r2:ScheduleProfile>
                        <r2:ImageFileName>FY26 BES Project Gnatt Chart v1.jpg</r2:ImageFileName>
                    </r2:ScheduleProfile>
                </r2:R4Exhibit>
                <r2:R4aExhibit>
                    <r2:SubProjectScheduleList>
                        <r2:SubProjectSchedule>
                            <r2:Title>Corrosion Policy and Oversight</r2:Title>
                            <r2:ScheduleDetailList>
                                <r2:ScheduleDetail>
                                    <r2:EventTitle>Improved Landing Gear Durability for F/A-18E/F Super Hornet</r2:EventTitle>
                                    <r2:Schedule>
                                        <r2:Start>
                                            <r2:Quarter>2</r2:Quarter>
                                            <r2:Year>2021</r2:Year>
                                        </r2:Start>
                                        <r2:End>
                                            <r2:Quarter>4</r2:Quarter>
                                            <r2:Year>2024</r2:Year>
                                        </r2:End>
                                    </r2:Schedule>
                                </r2:ScheduleDetail>
                                <r2:ScheduleDetail>
                                    <r2:EventTitle>Ship Class Topside Corrosion Control Configuration (CT3C) Implementation</r2:EventTitle>
                                    <r2:Schedule>
                                        <r2:Start>
                                            <r2:Quarter>2</r2:Quarter>
                                            <r2:Year>2021</r2:Year>
                                        </r2:Start>
                                        <r2:End>
                                            <r2:Quarter>4</r2:Quarter>
                                            <r2:Year>2024</r2:Year>
                                        </r2:End>
                                    </r2:Schedule>
                                </r2:ScheduleDetail>
                                <r2:ScheduleDetail>
                                    <r2:EventTitle>Mitigation of biologically induced corrosion</r2:EventTitle>
                                    <r2:Schedule>
                                        <r2:Start>
                                            <r2:Quarter>4</r2:Quarter>
                                            <r2:Year>2018</r2:Year>
                                        </r2:Start>
                                        <r2:End>
                                            <r2:Quarter>1</r2:Quarter>
                                            <r2:Year>2025</r2:Year>
                                        </r2:End>
                                    </r2:Schedule>
                                </r2:ScheduleDetail>
                                <r2:ScheduleDetail>
                                    <r2:EventTitle>Thermal Spray Nonskid (TSN) Demonstration on DDG Class Ship (W23NV07)</r2:EventTitle>
                                    <r2:Schedule>
                                        <r2:Start>
                                            <r2:Quarter>4</r2:Quarter>
                                            <r2:Year>2023</r2:Year>
                                        </r2:Start>
                                        <r2:End>
                                            <r2:Quarter>4</r2:Quarter>
                                            <r2:Year>2025</r2:Year>
                                        </r2:End>
                                    </r2:Schedule>
                                </r2:ScheduleDetail>
                                <r2:ScheduleDetail>
                                    <r2:EventTitle>Improved Epoxy Coatings for DDG Exhaust Pathways (W23NV06)</r2:EventTitle>
                                    <r2:Schedule>
                                        <r2:Start>
                                            <r2:Quarter>4</r2:Quarter>
                                            <r2:Year>2023</r2:Year>
                                        </r2:Start>
                                        <r2:End>
                                            <r2:Quarter>4</r2:Quarter>
                                            <r2:Year>2025</r2:Year>
                                        </r2:End>
                                    </r2:Schedule>
                                </r2:ScheduleDetail>
                                <r2:ScheduleDetail>
                                    <r2:EventTitle>Composite Sunshield for Ready Service Lockers -- Demonstration (W23NV04) (Industry Partner Collaborator: Composite Resources)</r2:EventTitle>
                                    <r2:Schedule>
                                        <r2:Start>
                                            <r2:Quarter>4</r2:Quarter>
                                            <r2:Year>2024</r2:Year>
                                        </r2:Start>
                                        <r2:End>
                                            <r2:Quarter>4</r2:Quarter>
                                            <r2:Year>2026</r2:Year>
                                        </r2:End>
                                    </r2:Schedule>
                                </r2:ScheduleDetail>
                                <r2:ScheduleDetail>
                                    <r2:EventTitle>Ultra-Short Pulse Laser Surface Prep for Optimizing Adhesion and Mitigating Corrosion of Marine Connectors (W23NV03) (Industry Partner Collaborator: PulseTex)</r2:EventTitle>
                                    <r2:Schedule>
                                        <r2:Start>
                                            <r2:Quarter>3</r2:Quarter>
                                            <r2:Year>2024</r2:Year>
                                        </r2:Start>
                                        <r2:End>
                                            <r2:Quarter>2</r2:Quarter>
                                            <r2:Year>2026</r2:Year>
                                        </r2:End>
                                    </r2:Schedule>
                                </r2:ScheduleDetail>
                                <r2:ScheduleDetail>
                                    <r2:EventTitle>Mitigating Electronics Corrosion on Autonomous Assets (W23MC02)</r2:EventTitle>
                                    <r2:Schedule>
                                        <r2:Start>
                                            <r2:Quarter>4</r2:Quarter>
                                            <r2:Year>2024</r2:Year>
                                        </r2:Start>
                                        <r2:End>
                                            <r2:Quarter>4</r2:Quarter>
                                            <r2:Year>2026</r2:Year>
                                        </r2:End>
                                    </r2:Schedule>
                                </r2:ScheduleDetail>
                                <r2:ScheduleDetail>
                                    <r2:EventTitle>A Digital Engineering Tool to Assess Galvanic Corrosion Impacts and Risks for Lifecycle Prediction (W23AF01) (Industry Partner Collaborators: Siemens Govt Technologies, Corrdesa)</r2:EventTitle>
                                    <r2:Schedule>
                                        <r2:Start>
                                            <r2:Quarter>4</r2:Quarter>
                                            <r2:Year>2024</r2:Year>
                                        </r2:Start>
                                        <r2:End>
                                            <r2:Quarter>1</r2:Quarter>
                                            <r2:Year>2026</r2:Year>
                                        </r2:End>
                                    </r2:Schedule>
                                </r2:ScheduleDetail>
                                <r2:ScheduleDetail>
                                    <r2:EventTitle>CPC and Coating Inspection Training for acquisition and depot workforce OY3 (Industry Partner Collaborator: Assoc. of Materials Protection and Performance (AMPP)))</r2:EventTitle>
                                    <r2:Schedule>
                                        <r2:Start>
                                            <r2:Quarter>1</r2:Quarter>
                                            <r2:Year>2024</r2:Year>
                                        </r2:Start>
                                        <r2:End>
                                            <r2:Quarter>4</r2:Quarter>
                                            <r2:Year>2024</r2:Year>
                                        </r2:End>
                                    </r2:Schedule>
                                </r2:ScheduleDetail>
                                <r2:ScheduleDetail>
                                    <r2:EventTitle>CPC and Coating Inspection Training for acquisition and depot workforce OY4 (Industry Partner Collaborator: AMPP)</r2:EventTitle>
                                    <r2:Schedule>
                                        <r2:Start>
                                            <r2:Quarter>1</r2:Quarter>
                                            <r2:Year>2025</r2:Year>
                                        </r2:Start>
                                        <r2:End>
                                            <r2:Quarter>4</r2:Quarter>
                                            <r2:Year>2025</r2:Year>
                                        </r2:End>
                                    </r2:Schedule>
                                </r2:ScheduleDetail>
                                <r2:ScheduleDetail>
                                    <r2:EventTitle>Coating Application Training for depot and intermediate maintenance workforce (Industry Partner Collaborator: Univ of N Iowa, Star4D program)</r2:EventTitle>
                                    <r2:Schedule>
                                        <r2:Start>
                                            <r2:Quarter>1</r2:Quarter>
                                            <r2:Year>2025</r2:Year>
                                        </r2:Start>
                                        <r2:End>
                                            <r2:Quarter>4</r2:Quarter>
                                            <r2:Year>2025</r2:Year>
                                        </r2:End>
                                    </r2:Schedule>
                                </r2:ScheduleDetail>
                            </r2:ScheduleDetailList>
                        </r2:SubProjectSchedule>
                    </r2:SubProjectScheduleList>
                </r2:R4aExhibit>
            </r2:Project>
        </r2:ProjectList>
    </r2:ProgramElement>
</r2:ProgramElementList>