<?xml version="1.0" encoding="UTF-8"?>
<r2:ProgramElementList xmlns:r2="http://www.dtic.mil/comptroller/xml/schema/022009/r2" targetSchemaVersion="1.0">
    <r2:ProgramElement monetaryUnit="Millions">
        <r2:ProgramElementNumber>0602668D8Z</r2:ProgramElementNumber>
        <r2:ProgramElementTitle>Cyber Security Research</r2:ProgramElementTitle>
        <r2:R1LineNumber>22</r2:R1LineNumber>
        <r2:BudgetYear>2026</r2:BudgetYear>
        <r2:BudgetCycle>PB</r2:BudgetCycle>
        <r2:SubmissionDate>2025-06</r2:SubmissionDate>
        <r2:ServiceAgencyName>Office of the Secretary Of Defense</r2:ServiceAgencyName>
        <r2:AppropriationCode>0400</r2:AppropriationCode>
        <r2:AppropriationName>Research, Development, Test &amp; Evaluation, Defense-Wide</r2:AppropriationName>
        <r2:BudgetActivityNumber>2</r2:BudgetActivityNumber>
        <r2:BudgetActivityTitle>Applied Research</r2:BudgetActivityTitle>
        <r2:ProgramElementFunding>
            <r2:AllPriorYears>90.173</r2:AllPriorYears>
            <r2:PriorYear>29.523</r2:PriorYear>
            <r2:CurrentYear>31.652</r2:CurrentYear>
            <r2:BudgetYearOne>17.988</r2:BudgetYearOne>
            <r2:BudgetYearOneBase>17.988</r2:BudgetYearOneBase>
            <r2:CostToComplete>Continuing</r2:CostToComplete>
            <r2:TotalCost>Continuing</r2:TotalCost>
        </r2:ProgramElementFunding>
        <r2:ProgramElementNote>New Start (Y/N): No</r2:ProgramElementNote>
        <r2:ProgramElementMissionDescription>This Program Element supports the Department's interim National Defense Strategy priorities to Defend the Homeland, Deter Strategic Attacks against the United States, Deterring Aggression, and Building a resilient Joint Force and defense ecosystem. 

The Cyber Security Applied Research program promotes innovative higher risk cyber research to meet joint force challenges in full spectrum cyber operations.  The program addresses joint Service science and technology (S&amp;T) gaps that influence DoD cyber research priorities and shapes the direction of the wider cyber community by integrating both defensive and offensive cyber research to develop interchangeable, defense-wide technology options to meet Combatant Command (CCMD) needs and requirements.  To better align itself to the interim National Defense Strategy (NDS), Department of Defense (DoD) Cyber Strategy, and Office of Under Secretary of Defense for Research and Engineering (OUSD(R&amp;E)) strategic cyber capability goals, the effort recognizes the role of electromagnetic spectrum operations (EMSO) and artificial intelligence as key enablers for cyber power projection mass, maneuver, and unity of command for dominance.  The research thrusts areas are:  Augmented Cognition, Dominant Cyber Operations, Dependable Systems and Networks, and Cyber Foundations.</r2:ProgramElementMissionDescription>
        <r2:ChangeSummary>
            <r2:PreviousPresidentBudget>
                <r2:PriorYear>17.437</r2:PriorYear>
                <r2:CurrentYear>17.652</r2:CurrentYear>
                <r2:BudgetYearOne>18.046</r2:BudgetYearOne>
                <r2:BudgetYearOneBase>18.046</r2:BudgetYearOneBase>
            </r2:PreviousPresidentBudget>
            <r2:CurrentPresidentBudget>
                <r2:PriorYear>29.523</r2:PriorYear>
                <r2:CurrentYear>31.652</r2:CurrentYear>
                <r2:BudgetYearOne>17.988</r2:BudgetYearOne>
                <r2:BudgetYearOneBase>17.988</r2:BudgetYearOneBase>
            </r2:CurrentPresidentBudget>
            <r2:TotalAdjustments>
                <r2:PriorYear>12.086</r2:PriorYear>
                <r2:CurrentYear>14.000</r2:CurrentYear>
                <r2:BudgetYearOne>-0.058</r2:BudgetYearOne>
                <r2:BudgetYearOneBase>-0.058</r2:BudgetYearOneBase>
            </r2:TotalAdjustments>
            <r2:AdjustmentDetails>
                <r2:CongressionalAdds>
                    <r2:PriorYear>13.000</r2:PriorYear>
                    <r2:CurrentYear>14.000</r2:CurrentYear>
                </r2:CongressionalAdds>
                <r2:Reprogrammings>
                    <r2:PriorYear>-0.034</r2:PriorYear>
                </r2:Reprogrammings>
                <r2:SBIRSTTRTransfer>
                    <r2:PriorYear>-0.846</r2:PriorYear>
                </r2:SBIRSTTRTransfer>
                <r2:OtherAdjustmentDetailList>
                    <r2:OtherAdjustmentDetail>
                        <r2:Title>FFRDC Reduction</r2:Title>
                        <r2:Funding>
                            <r2:PriorYear>-0.034</r2:PriorYear>
                        </r2:Funding>
                    </r2:OtherAdjustmentDetail>
                    <r2:OtherAdjustmentDetail>
                        <r2:Title>Economic Assumptions</r2:Title>
                        <r2:Funding>
                            <r2:BudgetYearOne>-0.053</r2:BudgetYearOne>
                            <r2:BudgetYearOneBase>-0.053</r2:BudgetYearOneBase>
                        </r2:Funding>
                    </r2:OtherAdjustmentDetail>
                    <r2:OtherAdjustmentDetail>
                        <r2:Title>Program Adjustment - Discretionary</r2:Title>
                        <r2:Funding>
                            <r2:BudgetYearOne>-0.005</r2:BudgetYearOne>
                            <r2:BudgetYearOneBase>-0.005</r2:BudgetYearOneBase>
                        </r2:Funding>
                    </r2:OtherAdjustmentDetail>
                </r2:OtherAdjustmentDetailList>
            </r2:AdjustmentDetails>
            <r2:SummaryExplanation>Program increase of $5.000 million in FY 2025 for Academic cyber institutes.
Program increase of $4.000 million in FY 2025 for Pacific Intelligent and Innovation Initiative.
Program increase of $5.000 million in FY 2025 for University consortium for cyber security.

The decrease of FY 2026 request includes $0.005 million of discretionary for Reduce Federally Funded Research and Development Center (FFRDC) Support and $0.053 million economic assumption for a total of $0.058 million.</r2:SummaryExplanation>
        </r2:ChangeSummary>
        <r2:ProjectList>
            <r2:Project>
                <r2:ProjectNumber>003</r2:ProjectNumber>
                <r2:ProjectTitle>Cyber Applied Research</r2:ProjectTitle>
                <r2:SpecialProject>0</r2:SpecialProject>
                <r2:ProjectFunding>
                    <r2:AllPriorYears>90.173</r2:AllPriorYears>
                    <r2:PriorYear>16.523</r2:PriorYear>
                    <r2:CurrentYear>31.652</r2:CurrentYear>
                    <r2:BudgetYearOne>17.988</r2:BudgetYearOne>
                    <r2:BudgetYearOneBase>17.988</r2:BudgetYearOneBase>
                    <r2:CostToComplete>Continuing</r2:CostToComplete>
                    <r2:TotalCost>Continuing</r2:TotalCost>
                </r2:ProjectFunding>
                <r2:R2aExhibit>
                    <r2:ProjectMissionDescription>This Program Element supports the Department's Interim National Defense Strategic Guidance priorities to Defend the U.S. Homeland including America’s skies and borders, and Deterring China in the Indo-Pacific. It does so by developing cyber capabilities that integrate functionally with electromagnetic spectrum operations to increase readiness and deterrence, particularly in priority areas such as USINDOPACOM.

This PE explores technical and scientific concepts to overcome challenges in the Joint Warfighting Environment with cyber effects and integrated non-kinetic options through applied research for an asymmetric advantage across all domains (maritime, land, air, cyberspace, and space). 

It applies the Joint Publication (JP) 3-0 principles of Mass, Maneuver, and Unity of Command to achieve specific outcomes with minimal collateral damage and unforeseen consequences for integrated non-kinetic effects development

Efforts are focused to support the Joint Warfighting Environment through intended cyber effects execution without perturbing the unintended kinetic and non-kinetic entities through disruptive integration of cyberspace operations with electromagnetic spectrum operations (EMSO) and sensing.

The PE accelerates cyber S&amp;T capability development to directly address INDSG priorities to defend the homeland and deter aggression/prepared to prevail in U.S. Indo-Pacific Command (USINDOPACOM) area of responsibility against China.

Adversaries are increasingly leveraging asymmetric tactics in the Joint Warfighting Environment. The Department of Defense (DoD) needs to evolve its approach to warfare, integrating cyber and non-kinetic effects to maintain a decisive advantage across all domains.

The Non-Kinetic Advantage (NKA) project is a collaborative effort aimed at revolutionizing how the Joint Force employs non-kinetic capabilities. By focusing on four key pillars – Protect, Process, Visualize, and Align &amp; Shape – NKA will deliver a decisive advantage in the information battlespace.

Payoff: NKA will enable the Joint Force to conduct faster, more effective operations across all domains, even in contested environments. Will provide Asymmetric Advantage by mastering the information battlespace, NKA will provide a decisive edge against adversaries, deterring aggression and ensuring US dominance.  Will enable Rapid Decision Making by NKA empowering commanders with the information and tools needed to make rapid, well-informed decisions in complex, dynamic environments.</r2:ProjectMissionDescription>
                    <r2:CongressionalAddDetailList>
                        <r2:CongressionalAddDetail>
                            <r2:Title>Academic Cyber Institute</r2:Title>
                            <r2:CurrentYear>
                                <r2:Funding>5.000</r2:Funding>
                                <r2:Text>Work with DoD CIO Cyber Academic Engagement Office, in support of NDAA2024 Section 1531 to:
−	Align VICEROY with related cyber workforce programs and achieve greater impact and efficiencies.
−	Collect and share cyber talent pipeline data/metrics critical to optimizing DoD Cyber Workforce Strategy Implementation Plan and 24NDAA Section 1531 objectives

	Maximize VICEROY return on investment and address cyber workforce gap, in support of NDAA2019 Section 1640 to:
−	Scale the ENVOY summer internship program to match a projected 150 cyber and spectrum students with DoD employers seeking high-caliber talent and security cleared students.
−	Double number of sites and students pursuing MAVEN &amp; ENVOY internships at Army, Navy, Air Force cyber and electronic warfare locations.
−	Develop VICEROY member school and student rubrics to accurately count and credential Scholars across widely varying student experiences and facilitate onboarding of new academic institutions.
−	Establish VICEROY Advisory Board to provide strategic and operational guidance in ensuring alignment to the mission and goals of the DoD in developing the S&amp;T pipeline.
−	Partner with P3I and Defense Innovation Unit to expand DoD and DIB talent in Hawai'i, in support of the Pacific Intelligence Innovation Initiative and SECDEF Interim National Defense Strategic Guidance (INDSG) to restore deterrence and readiness in USINDOPACOM.</r2:Text>
                            </r2:CurrentYear>
                        </r2:CongressionalAddDetail>
                        <r2:CongressionalAddDetail>
                            <r2:Title>Pacific Intelligence and Innovation Initiatives (P3I)</r2:Title>
                            <r2:CurrentYear>
                                <r2:Funding>4.000</r2:Funding>
                                <r2:Text>−	Launch VICEROY-P3I MAVEN Pilot in O'ahu to support HI INDOPACOM and defense industries
−	Support 150 interns via internship programs and place 25 candidates in defense sector jobs in HI annually
−	Expand academic partnerships with UH Hilo, UH Maui, &amp; UH Applied Research Lab (ARL)
−	Maintain IT pathways mapped with local high schools and community colleges for training programs for employment placement at the Pacific Missile Range Facility
−	Maintain military partnerships with national Guard, Skill Bridge, ROTC, and Reserves, capitalizing on military personnel as source of workforce to support P3I efforts 
−	Develop internship placement opportunities with USARPAC Chief Data Officer to provide mission support exposure and mentorship.
−	Coordinate with Maui Economic Development Board to establish workforce supply chain with on island industry, the Maui High Performance Computing Center and Hawaii Army National Guard for opportunities with U.S. Space Force</r2:Text>
                            </r2:CurrentYear>
                        </r2:CongressionalAddDetail>
                        <r2:CongressionalAddDetail>
                            <r2:Title>University Consortium for Cyber Security</r2:Title>
                            <r2:CurrentYear>
                                <r2:Funding>5.000</r2:Funding>
                                <r2:Text>The University Consortium for Cybersecurity was created under Section 1659 of the 2020NDAA.  Its mission is to increase communication, collaboration, and access between the academic research community and the Department of Defense.

Increase academic awareness of DoD science and technology priorities by 50x.  Increase academic collaboration opportunities with DoD by 10x.  Do so by:
-	Conduct events, social media, and webinars to broaden academic community awareness of DoD cyber capability needs and gaps.
-	Engage with operational community on priority cyber capability gaps.  Work with the Research and Engineering Enterprise to develop priority technology needs
-	Coordinate needs with Cyber Science and Technology Community of Interest and to identify cyber technology gaps.
-	Issue solicitations to academic institutions requesting near-term technology solutions suitable for demo/pilot
-	Fund university research solutions, involving cyber student talent for dual purpose of developing workforce.
-	Demonstrate capabilities, possibly with transition pathway to sustainment.</r2:Text>
                            </r2:CurrentYear>
                        </r2:CongressionalAddDetail>
                    </r2:CongressionalAddDetailList>
                    <r2:AccomplishmentPlannedProgramList>
                        <r2:AccomplishmentPlannedProgram>
                            <r2:Title>OUSD(R&amp;E) Cyber Technologies</r2:Title>
                            <r2:Description>Integrates both defensive and offensive innovative cyber research within the DoD cyber science and technology enterprise to develop interoperable, defense-wide technology options that address joint force challenges in full spectrum integrated sensing and cyber operations.</r2:Description>
                            <r2:Accomplishment>
                                <r2:PriorYear>
                                    <r2:Funding>16.523</r2:Funding>
                                    <r2:Text>- Emphasize the early and deep integration and acceleration of Cyber, Sensing, and Electromagnetic Spectrum Operations (EMSO) science and technology capabilities within the services and components. 
- Explore concepts of information advantage across the non-kinetic effects domains of cyber, EMSO, and cognitive/information.  
- Support development of a non-kinetic force employment strategy through integrated Cyber-EMSO capabilities, and support Operations in the Information Environment.
- Kringle Mingle’s Artificial Intelligence/Machine Learning (AI/ML) Internet of Things Monitoring System was successfully tested, and the code base updated to allow the platform to be used for a variety of situations other than just a distributed building monitoring system. Significant work is on-going to add Kringle Mingle’s AI/ML anomaly detection algorithms to transition partner National Security Agency R4’s spectrum monitoring platform.
- The Development Security Operations (DevSecOps) effort has successfully integrated to Sonatype Lift, a DevSecOps platform for integrating analysis tools with development workflow, into one of Navy SSP’s isolated networks. This is the first step for getting Navy teams using Lift on their own projects and transition efforts continue to integrate Lift with the Dahlgren software assurance and software factory teams.
- Deliver engagement strategy and roadmap for DoD to engage ground vehicle Original Equipment Manufacturers for transition of DoD automated resilience technologies.
- Work with interagency partners to draft an Interagency Task Force / Program Management Office terms of reference, that will formalize cooperation and coordination of ground vehicle security initiatives.  Provide proposed input to FY 2024 NDAA
- Deliver technical and analytical cyber support in researching, authoring, producing reports and analyses of existing and future full spectrum cyber operations. Assessing R&amp;D programs and their impact on DoD information systems architectures.
- Transition automated Fifth Generation (5G) core engagement architecture and capabilities to 16th Air Force and other DoD organizations</r2:Text>
                                </r2:PriorYear>
                            </r2:Accomplishment>
                            <r2:PlannedProgram>
                                <r2:CurrentYear>
                                    <r2:Funding>17.652</r2:Funding>
                                    <r2:Text>- Augmented Cognition: Develop capabilities that enhance USCYBERCOM and Service Cyber Components' ability to increase the scale and scale of human operators in comprehending, planning executing, and assessing operations.  

- Dependable Systems and Networks: Develop secure hardware and software co-design that will enable development of provably secure systems at scale, design, and architecture.  Cyber-physical digital-twins systems can be used to develop secure hardware/software co-design standards with full stack visibility enabled by supply chain analysis. 

- Dominant Cyber Operations: Develop cyber warfighting concepts and demonstrable capabilities that integrate with electromagnetic warfare, intelligence, and kinetic operational planning and execution.  Demonstrate concepts integrated within a cyber-flag or red-flag level exercise to illustrate potential/impact. 

- Cyber Foundations: Explore formal methods for rigorous mathematical specification and verification of cyber hardware and software systems. Industrial scale formal methods and related techniques have the potential for greatly reducing the uncertainty in the software used in military systems. 

- Manipulate spatial beam qualities to demonstrate laser system propagation in outdoor atmospheric environments to achieve desired effects on sensors.</r2:Text>
                                </r2:CurrentYear>
                                <r2:BudgetYearOne>
                                    <r2:Funding>17.988</r2:Funding>
                                </r2:BudgetYearOne>
                                <r2:BudgetYearOneBase>
                                    <r2:Funding>17.988</r2:Funding>
                                    <r2:Text>- Non-Kinetic Effects Gap Analysis and Investment Plan.  This activity will apply the FY 2025 NKE Decision Support Framework in a fully-informed manner across the DoD NKE investments and identify priority gaps for investment and acceleration of capability. Investments to address priority gaps will complement Service Cyber investment lines and seek to focus them to meet and influence early concepts.
- Rapid Prototyping and Maturation of Non-traditional At-scale Cyber Engagement.  Leverage FY 2025 design and prototyping efforts to rapidly accelerate development, integration, and capability assessment to hold non-traditional targets persistently at risk at strategic levels of engagement.  Conduct initial planning of demonstration, targeted for late FY 2026.</r2:Text>
                                </r2:BudgetYearOneBase>
                                <r2:AppChangeSummary>The increase of $0.336 million between FY 2025 and FY 2026 reflects minor budget fluctuations.</r2:AppChangeSummary>
                            </r2:PlannedProgram>
                        </r2:AccomplishmentPlannedProgram>
                    </r2:AccomplishmentPlannedProgramList>
                </r2:R2aExhibit>
            </r2:Project>
            <r2:Project>
                <r2:ProjectNumber>007</r2:ProjectNumber>
                <r2:ProjectTitle>Pacific Intelligence and Innovation Initiatives (P3I)</r2:ProjectTitle>
                <r2:SpecialProject>0</r2:SpecialProject>
                <r2:ProjectFunding>
                    <r2:AllPriorYears>0.000</r2:AllPriorYears>
                    <r2:PriorYear>5.000</r2:PriorYear>
                    <r2:CurrentYear>0.000</r2:CurrentYear>
                    <r2:BudgetYearOne>0.000</r2:BudgetYearOne>
                    <r2:BudgetYearOneBase>0.000</r2:BudgetYearOneBase>
                    <r2:CostToComplete>Continuing</r2:CostToComplete>
                    <r2:TotalCost>Continuing</r2:TotalCost>
                </r2:ProjectFunding>
                <r2:R2aExhibit>
                    <r2:ProjectMissionDescription>Congressional Add: Pacific Intelligence and Innovation Initiatives (P3I)</r2:ProjectMissionDescription>
                    <r2:AccomplishmentPlannedProgramList>
                        <r2:AccomplishmentPlannedProgram>
                            <r2:Title>Congressional Add: Pacific Intelligence and Innovation Initiatives (P3I)</r2:Title>
                            <r2:Description>FY 2024 Accomplishments: The NDA and INDSG identify China as a pacing challenge. Credible deterrence in
INDOPACOM and OPLAN 5077 requires a ready DoD and DIB workforce in Cyber, IT, EW, Data Science, and
Intelligence.
- P3I executed numerous sub-agreements with HII partners in secondary schools, chambers of commerce, and
military organizations
- Developed 3 new pathways and expanded existing pathways, with 100 individual government and private
sector internships
- 158 students placed in internships across Hawaii with: INDOPACOM, USARPAC, NIWC, NSA, Alakaina, Booz
Allen Hamilton, Chaminade University, EO Solutions, HII, Maui High Performance Computing Center (MHPCC),
MITRE, SMX, and more.
- Collaboration with the VICEROY MAVEN program with 2 P3I students interns at NIWC PAC/PEARL</r2:Description>
                            <r2:Accomplishment>
                                <r2:PriorYear>
                                    <r2:Funding>5.000</r2:Funding>
                                </r2:PriorYear>
                            </r2:Accomplishment>
                        </r2:AccomplishmentPlannedProgram>
                    </r2:AccomplishmentPlannedProgramList>
                </r2:R2aExhibit>
            </r2:Project>
            <r2:Project>
                <r2:ProjectNumber>712</r2:ProjectNumber>
                <r2:ProjectTitle>Academic Cyber Institute VICEROY</r2:ProjectTitle>
                <r2:SpecialProject>0</r2:SpecialProject>
                <r2:ProjectFunding>
                    <r2:AllPriorYears>0.000</r2:AllPriorYears>
                    <r2:PriorYear>5.000</r2:PriorYear>
                    <r2:CurrentYear>0.000</r2:CurrentYear>
                    <r2:BudgetYearOne>0.000</r2:BudgetYearOne>
                    <r2:BudgetYearOneBase>0.000</r2:BudgetYearOneBase>
                    <r2:CostToComplete>Continuing</r2:CostToComplete>
                    <r2:TotalCost>Continuing</r2:TotalCost>
                </r2:ProjectFunding>
                <r2:R2aExhibit>
                    <r2:ProjectMissionDescription>Congressional Add: Academic Cyber Institute</r2:ProjectMissionDescription>
                    <r2:AccomplishmentPlannedProgramList>
                        <r2:AccomplishmentPlannedProgram>
                            <r2:Title>Congressional Add: Academic Cyber Institute</r2:Title>
                            <r2:Description>FY 2024 Accomplishments: Section 1640 of the NDAA for 2019 authorizes the Secretary of Defense to carry
out a program to establish Academic Cyber Institutes (ACI) for the purposes of accelerating and focusing the
development of foundational expertise in critical cyber operational skill for future military and civilian leaders.
Virtual Institutes for Cyber and Electromagnetic Spectrum Research and Employ (VICEROY)
- VICEROY grew to a total of 979 graduate and undergraduate students. (ROTC – 20%; Female – 25%; Minority
– 20%).
- VICEROY Fall Cyber Competition that drew 80 competitors from various Virtual Institutes
- Sustainment of cyber and spectrum experiential learning, degree programs, certificate and certification
programs, and DoD-focused research at 44 academic institutions nation-wide
- Expanded number of ENVOY sites to ARL, NIWC, NRL and AFLCMC new in summer 2024
- Summer 2024 - MAVEN internship program expanded to Army and Navy: ARL-Adelphi and NIWC-PAC new in
summer 2024 University Consortium for Cybersecurity (UC2)
- Solicitation for (3) topics with 25 submissions reviewed with a finalist list of 15 proposals. There will be $1M
awarded to (9) winners at the end of July 2024 and $6M in piloted research in August leading to demonstrations
with DoD users</r2:Description>
                            <r2:Accomplishment>
                                <r2:PriorYear>
                                    <r2:Funding>5.000</r2:Funding>
                                </r2:PriorYear>
                            </r2:Accomplishment>
                        </r2:AccomplishmentPlannedProgram>
                    </r2:AccomplishmentPlannedProgramList>
                </r2:R2aExhibit>
            </r2:Project>
            <r2:Project>
                <r2:ProjectNumber>714</r2:ProjectNumber>
                <r2:ProjectTitle>Semiconductor Supply Chain</r2:ProjectTitle>
                <r2:SpecialProject>0</r2:SpecialProject>
                <r2:ProjectFunding>
                    <r2:AllPriorYears>0.000</r2:AllPriorYears>
                    <r2:PriorYear>3.000</r2:PriorYear>
                    <r2:CurrentYear>0.000</r2:CurrentYear>
                    <r2:BudgetYearOne>0.000</r2:BudgetYearOne>
                    <r2:BudgetYearOneBase>0.000</r2:BudgetYearOneBase>
                    <r2:CostToComplete>Continuing</r2:CostToComplete>
                    <r2:TotalCost>Continuing</r2:TotalCost>
                </r2:ProjectFunding>
                <r2:R2aExhibit>
                    <r2:ProjectMissionDescription>Congressional Add: Semiconductor Supply Chain Cyber Security Research</r2:ProjectMissionDescription>
                    <r2:AccomplishmentPlannedProgramList>
                        <r2:AccomplishmentPlannedProgram>
                            <r2:Title>Congressional Add: Semiconductor Supply Chain Cyber Security Research</r2:Title>
                            <r2:Description>FY 2024 Accomplishments: Reviewing project technical specifications with Cornell University – Contract Award
anticipated Q4 – FY 2024.</r2:Description>
                            <r2:Accomplishment>
                                <r2:PriorYear>
                                    <r2:Funding>3.000</r2:Funding>
                                </r2:PriorYear>
                            </r2:Accomplishment>
                        </r2:AccomplishmentPlannedProgram>
                    </r2:AccomplishmentPlannedProgramList>
                </r2:R2aExhibit>
            </r2:Project>
        </r2:ProjectList>
    </r2:ProgramElement>
</r2:ProgramElementList>