<?xml version="1.0" encoding="UTF-8"?>
<r2:ProgramElementList xmlns:r2="http://www.dtic.mil/comptroller/xml/schema/022009/r2" targetSchemaVersion="1.0">
    <r2:ProgramElement monetaryUnit="Millions">
        <r2:ProgramElementNumber>0606225D8Z</r2:ProgramElementNumber>
        <r2:ProgramElementTitle>ODNA Technology &amp; Resource Analysis</r2:ProgramElementTitle>
        <r2:R1LineNumber>199</r2:R1LineNumber>
        <r2:BudgetYear>2026</r2:BudgetYear>
        <r2:BudgetCycle>PB</r2:BudgetCycle>
        <r2:SubmissionDate>2025-06</r2:SubmissionDate>
        <r2:ServiceAgencyName>Office of the Secretary Of Defense</r2:ServiceAgencyName>
        <r2:AppropriationCode>0400</r2:AppropriationCode>
        <r2:AppropriationName>Research, Development, Test &amp; Evaluation, Defense-Wide</r2:AppropriationName>
        <r2:BudgetActivityNumber>6</r2:BudgetActivityNumber>
        <r2:BudgetActivityTitle>RDT&amp;E Management Support</r2:BudgetActivityTitle>
        <r2:ProgramElementFunding>
            <r2:AllPriorYears>20.074</r2:AllPriorYears>
            <r2:PriorYear>3.386</r2:PriorYear>
            <r2:CurrentYear>2.903</r2:CurrentYear>
            <r2:BudgetYearOne>3.461</r2:BudgetYearOne>
            <r2:BudgetYearOneBase>3.461</r2:BudgetYearOneBase>
        </r2:ProgramElementFunding>
        <r2:ProgramElementNote>New Start (Y/N): No</r2:ProgramElementNote>
        <r2:ProgramElementMissionDescription>The Office of Net Assessment provides the Secretary of Defense, the Deputy Secretary of Defense, and other senior DoD leaders with independent, rigorous, and long-term analytical assessments of fundamental security issues. This includes, but is not limited to, identifying and analyzing emerging threats, technologies, and geopolitical trends that could significantly impact U.S. national security interests, and developing analyses that examine the standing trends and future prospects of U.S. and other military capabilities and military potential. The net assessments address near and long-term problems and opportunities for the U.S. military forces to help counter technological advantages of potential U.S. adversaries. These efforts will pursue research to analyze the future security environment.  This request directly supports the interim National Defense Strategy (NDS) and the Department's initiatives to Defend the Homeland, Deter Aggression and Prevail in Conflict, Build Enduring Advantage and and critically aligns with the Department's priorities of accelerating warfighting capabilities, strengthening alliances, fostering a culture of innovation and accountability.</r2:ProgramElementMissionDescription>
        <r2:ChangeSummary>
            <r2:PreviousPresidentBudget>
                <r2:PriorYear>3.386</r2:PriorYear>
                <r2:CurrentYear>2.903</r2:CurrentYear>
                <r2:BudgetYearOne>3.461</r2:BudgetYearOne>
                <r2:BudgetYearOneBase>3.461</r2:BudgetYearOneBase>
            </r2:PreviousPresidentBudget>
            <r2:CurrentPresidentBudget>
                <r2:PriorYear>3.386</r2:PriorYear>
                <r2:CurrentYear>2.903</r2:CurrentYear>
                <r2:BudgetYearOne>3.461</r2:BudgetYearOne>
                <r2:BudgetYearOneBase>3.461</r2:BudgetYearOneBase>
            </r2:CurrentPresidentBudget>
            <r2:TotalAdjustments>
                <r2:PriorYear>0.000</r2:PriorYear>
                <r2:CurrentYear>0.000</r2:CurrentYear>
                <r2:BudgetYearOne>0.000</r2:BudgetYearOne>
                <r2:BudgetYearOneBase>0.000</r2:BudgetYearOneBase>
            </r2:TotalAdjustments>
            <r2:SummaryExplanation>Funding remains consistent from the previous President's Budget.</r2:SummaryExplanation>
        </r2:ChangeSummary>
        <r2:ProjectList>
            <r2:Project>
                <r2:ProjectNumber>106</r2:ProjectNumber>
                <r2:ProjectTitle>Technology and Resource Analysis</r2:ProjectTitle>
                <r2:SpecialProject>0</r2:SpecialProject>
                <r2:ProjectFunding>
                    <r2:AllPriorYears>20.074</r2:AllPriorYears>
                    <r2:PriorYear>3.386</r2:PriorYear>
                    <r2:CurrentYear>2.903</r2:CurrentYear>
                    <r2:BudgetYearOne>3.461</r2:BudgetYearOne>
                    <r2:BudgetYearOneBase>3.461</r2:BudgetYearOneBase>
                </r2:ProjectFunding>
                <r2:R2aExhibit>
                    <r2:ProjectMissionDescription>The Office of Net Assessment develops and coordinates analyses that examine the standing trends and future prospects of U.S. and other military capabilities and military potential.  The net assessments address near and long-term problems and opportunities for the U.S. military forces to help counter technological advantages of potential U.S. adversaries.  These efforts will pursue research to analyze the future security environment.</r2:ProjectMissionDescription>
                    <r2:AccomplishmentPlannedProgramList>
                        <r2:AccomplishmentPlannedProgram>
                            <r2:Title>Technology and Resource Analysis</r2:Title>
                            <r2:Description>The Office of Net Assessment develops and coordinates analyses that examine the standing trends and future prospect of U.S. and other military capabilities and military potential.  The net assessments address near and long-term problems and opportunities for the U.S. military forces to help counter technological advantages of potential U.S. adversaries.  These efforts will pursue research to analyze the future security environment.</r2:Description>
                            <r2:Accomplishment>
                                <r2:PriorYear>
                                    <r2:Funding>3.386</r2:Funding>
                                    <r2:Text>Continue and initiate efforts to pursue research that identifies new technological innovations and analyzes the future security environment, including: 
- Continuing analysis on future concepts of operation and possible courses of action and responses to emerging capabilities.
- Continuing investment in a Biosciences Net Assessment and initiating analysis in future warfare areas to assess potential revolutionary advances.
- Initiating analysis in information areas for potential advanced capability demonstrations and a potential Net Assessment.</r2:Text>
                                </r2:PriorYear>
                            </r2:Accomplishment>
                            <r2:PlannedProgram>
                                <r2:CurrentYear>
                                    <r2:Funding>2.903</r2:Funding>
                                    <r2:Text>Continue and initiate efforts to pursue research that identifies new technological innovations and analyzes the future security environment, including: 
- Continuing analysis on future concepts of operation and possible courses of action and responses to emerging capabilities.
- Continuing investment in a Biosciences Net Assessment and initiating analysis in future warfare areas to assess potential revolutionary advances.
- Initiating analysis in information areas for potential advanced capability demonstrations and a potential Net Assessment.</r2:Text>
                                </r2:CurrentYear>
                                <r2:BudgetYearOne>
                                    <r2:Funding>3.461</r2:Funding>
                                </r2:BudgetYearOne>
                                <r2:BudgetYearOneBase>
                                    <r2:Funding>3.461</r2:Funding>
                                    <r2:Text>Continue and initiate efforts to pursue research that identifies new technological innovations and analyzes the future security environment, including: 
- Continuing analysis on future concepts of operation and possible courses of action and responses to emerging capabilities.
- Continuing investment in a Biosciences Net Assessment and initiating analysis in future warfare areas to assess potential revolutionary advances.
- Initiating analysis in information areas for potential advanced capability demonstrations and a potential Net Assessment.</r2:Text>
                                </r2:BudgetYearOneBase>
                                <r2:AppChangeSummary>Classified realignment resulted in a reduction of 500k to the program.</r2:AppChangeSummary>
                            </r2:PlannedProgram>
                        </r2:AccomplishmentPlannedProgram>
                    </r2:AccomplishmentPlannedProgramList>
                </r2:R2aExhibit>
            </r2:Project>
        </r2:ProjectList>
    </r2:ProgramElement>
</r2:ProgramElementList>