<?xml version="1.0" encoding="UTF-8"?>
<r2:ProgramElementList xmlns:r2="http://www.dtic.mil/comptroller/xml/schema/022009/r2" targetSchemaVersion="1.0">
    <r2:ProgramElement monetaryUnit="Millions">
        <r2:ProgramElementNumber>0602669D8Z</r2:ProgramElementNumber>
        <r2:ProgramElementTitle>Microelectronics Commons - 0400D</r2:ProgramElementTitle>
        <r2:R1LineNumber>23</r2:R1LineNumber>
        <r2:BudgetYear>2026</r2:BudgetYear>
        <r2:BudgetCycle>PB</r2:BudgetCycle>
        <r2:SubmissionDate>2025-06</r2:SubmissionDate>
        <r2:ServiceAgencyName>Office of the Secretary Of Defense</r2:ServiceAgencyName>
        <r2:AppropriationCode>0400</r2:AppropriationCode>
        <r2:AppropriationName>Research, Development, Test &amp; Evaluation, Defense-Wide</r2:AppropriationName>
        <r2:BudgetActivityNumber>2</r2:BudgetActivityNumber>
        <r2:BudgetActivityTitle>Applied Research</r2:BudgetActivityTitle>
        <r2:ProgramElementFunding>
            <r2:AllPriorYears>0.000</r2:AllPriorYears>
            <r2:PriorYear>65.062</r2:PriorYear>
            <r2:CurrentYear>0.000</r2:CurrentYear>
            <r2:BudgetYearOne>0.000</r2:BudgetYearOne>
            <r2:BudgetYearOneBase>0.000</r2:BudgetYearOneBase>
            <r2:CostToComplete>Continuing</r2:CostToComplete>
            <r2:TotalCost>Continuing</r2:TotalCost>
        </r2:ProgramElementFunding>
        <r2:ProgramElementNote>New Start (Y/N): No

Beginning in FY26, funding from Project 827:Workforce Development is reallocated into Project 825:Microelectronics Research Maturation-Development as a result of the workforce development initiatives being integrated and tracked as part of the research activities.

FY24 program funding is transferred from the Creating Helpful Incentives to Produce Semiconductors (CHIPS) for America Defense Fund to the FY Research, Development, Test and Evaluation, Defense-Wide appropriation for proper execution. Funding from FY2023 through 2027 were appropriated by, and are transferred using special transfer authority provided by, section 102(b) of the CHIPS Act of 2022, division A of Public Law 117–167.</r2:ProgramElementNote>
        <r2:ProgramElementMissionDescription>This Program supports the Department's initiatives to Build Sustainable and Long-Term Advantage, Defend the Homeland, and Deter Aggression. 

The Office of the Under Secretary of Defense for Research and Engineering (OUSD(R&amp;E)) is executing the Microelectronics Commons (the Commons) activity pursuant to the Fiscal Year (FY) 2021 National Defense Authorization Act (NDAA) (Pub. L. 116-283), including the CHIPS for America Act, and funded through the CHIPS for America Defense Fund established by the CHIPS Act of 2022.  The FY 2021 NDAA legislation significantly emphasizes solutions that promote the domestic on-shoring of capabilities to address economic and technology security concerns. Under FY 2021 NDAA Sec. 9903(b), the DOD is directed to establish a National Network for Microelectronics Research and Development (NNMRD) to enable the laboratory-to-fabrication transition of microelectronics innovations in the United States and to expand the global leadership in microelectronics of the United States. Specifically, the DOD is addressing a component of the NNMRD, the Commons, through a public-private partnership consisting of regional innovation hubs distributed across the U.S. to foster a pipeline of innovative ideas and talent residing in, for example, university labs and small business R&amp;D teams.

Background
U.S. technological dominance in microelectronics materials, processes, devices, and architectural designs can only be sustained through the development of a robust domestic innovation ecosystem that fosters the rapid development and transition of novel concepts into commercially viable manufacturing processes. The U.S. innovation ecosystem has long been the driver of our nation’s technology leadership throughout the world.  U.S. R&amp;D kick-started the enormous semiconductor industry and continues to lead the world in developing the next generation of disruptive technologies including new materials, devices, circuits, architectures, and design tools.  

In recent years, the efficient domestic adoption of U.S. chip innovation has been threatened as emerging hardware technologies have become increasingly reliant on offshore sources for State of the Art (SOTA) manufacturing, prototyping, and investment. There are several significant hurdles that hardware startups face, including limited or expensive access to necessary facilities and design infrastructure, high costs of design intellectual property, limited expertise with hardware engineering, and high costs of prototyping.  As a result, the number of U.S. hardware startups has dropped significantly and foreign investment in U.S.-based technology startups has enabled offshore fabrication and maturation of emerging technologies.  

To address these needs, OUSD(R&amp;E) is standing up the Commons as a public private partnership, consisting of regional innovation hubs distributed across the U.S. to foster a pipeline of innovative ideas and talent residing in university labs and small business R&amp;D teams.  The partnership will provide resources for and access to specialized lab equipment, technical expertise, and connections to existing or upgraded prototyping facilities.  Fabrication facilities (fabs) will help mature promising technologies and demonstrate the manufacturing and economic benefits of these innovations for dual-use application for defense and commercial sectors.

The Commons will focus on critical, on-shore prototyping to transition innovation from universities, start-ups, and small companies to fabrication facilities (lab-to-fab transition).  Key features are:
•	Creates and connects “Lab-to-Fab” testing/prototyping hubs to form a network focused on maturing emerging microelectronics technologies
•	Provides broad access to these prototyping hubs, potentially by augmenting facilities and enabling access to facilities within local semiconductor companies or FFRDCs.  
•	Facilitates microelectronics education and training of students at local colleges and universities and grows a talent pipeline to bolster local semiconductor economies and contribute more broadly to the growth of a domestic semiconductor workforce.

This program element focuses on the applied research activities of the Commons, including staffing at Commons hub facilities, early technology identification, preliminary microelectronics prototyping planning, and experimental tools.</r2:ProgramElementMissionDescription>
        <r2:ChangeSummary>
            <r2:PreviousPresidentBudget>
                <r2:PriorYear>0.000</r2:PriorYear>
                <r2:CurrentYear>0.000</r2:CurrentYear>
                <r2:BudgetYearOne>0.000</r2:BudgetYearOne>
                <r2:BudgetYearOneBase>0.000</r2:BudgetYearOneBase>
            </r2:PreviousPresidentBudget>
            <r2:CurrentPresidentBudget>
                <r2:PriorYear>65.062</r2:PriorYear>
                <r2:CurrentYear>0.000</r2:CurrentYear>
                <r2:BudgetYearOne>0.000</r2:BudgetYearOne>
                <r2:BudgetYearOneBase>0.000</r2:BudgetYearOneBase>
            </r2:CurrentPresidentBudget>
            <r2:TotalAdjustments>
                <r2:PriorYear>65.062</r2:PriorYear>
                <r2:CurrentYear>0.000</r2:CurrentYear>
                <r2:BudgetYearOne>0.000</r2:BudgetYearOne>
                <r2:BudgetYearOneBase>0.000</r2:BudgetYearOneBase>
            </r2:TotalAdjustments>
            <r2:AdjustmentDetails>
                <r2:Reprogrammings>
                    <r2:PriorYear>65.062</r2:PriorYear>
                </r2:Reprogrammings>
            </r2:AdjustmentDetails>
            <r2:SummaryExplanation>FY 2024 funding in the amount of $65.062 million is transferred from the Creating Helpful Incentives to Produce Semiconductors (CHIPS) for America Defense Fund (Appropriation 0403D) to the FY 2024 Research, Development, Test and Evaluation, Defense-Wide appropriation, 0400D for proper execution.</r2:SummaryExplanation>
        </r2:ChangeSummary>
        <r2:ProjectList>
            <r2:Project>
                <r2:ProjectNumber>825</r2:ProjectNumber>
                <r2:ProjectTitle>Microelectronics Research Maturation-Development</r2:ProjectTitle>
                <r2:SpecialProject>0</r2:SpecialProject>
                <r2:ProjectFunding>
                    <r2:AllPriorYears>0.000</r2:AllPriorYears>
                    <r2:PriorYear>65.062</r2:PriorYear>
                    <r2:CurrentYear>0.000</r2:CurrentYear>
                    <r2:BudgetYearOne>0.000</r2:BudgetYearOne>
                    <r2:BudgetYearOneBase>0.000</r2:BudgetYearOneBase>
                    <r2:CostToComplete>Continuing</r2:CostToComplete>
                    <r2:TotalCost>Continuing</r2:TotalCost>
                </r2:ProjectFunding>
                <r2:R2aExhibit>
                    <r2:ProjectNote>FY24 program funding is transferred from the Creating Helpful Incentives to Produce Semiconductors (CHIPS) for America Defense Fund to the FY Research, Development, Test and Evaluation, Defense-Wide appropriation for proper execution. The funds were appropriated by, and are transferred using special transfer authority provided by, section 102(b) of the CHIPS Act of 2022, division A of Public Law 117–167.</r2:ProjectNote>
                    <r2:ProjectMissionDescription>This project focuses on the applied research activities of the Commons including the early research and development of new microelectronics materials, processes, devices, and architectural designs.  It seeks to answer how new models, science, and technology can be leveraged to create a different manufacturing paradigm based on proven process tools in agile microelectronics fabrication facilities (fabs).   The project also supports the establishment of the Commons Hubs, which will be networks of regional capabilities organized in collaboration with the Commons Consortium Manager (CM) to address DOD and commercial needs and requirements.  The Hubs may include existing facilities augmented to enhance intrinsic specializations in emerging areas of microelectronics. Each Hub will concentrate on one of six technical areas including:  Secure Edge Computing, 5G/6G Technology, Artificial Intelligence Hardware, Quantum Technology, Electromagnetic Warfare, and Commercial Leap Ahead Technologies. Core Facilities (i.e., fabs) are integral parts of the Hubs network that will provide key fabrication capabilities that are required to demonstrate prototypes with the volume and characteristics required to ensure reduced risk for full manufacturing production. This effort also includes early workforce development activities through the Commons network.  Activities may span K-12, undergraduate, graduate and continuing education and may include, for example, establishment of PhD internships and post-doc training at Hub facilities and internships with Hub members.</r2:ProjectMissionDescription>
                    <r2:AccomplishmentPlannedProgramList>
                        <r2:AccomplishmentPlannedProgram>
                            <r2:Title>Microelectronics Research Maturation – Development</r2:Title>
                            <r2:Description>This effort focuses on the identification of promising new microelectronics materials, processes, devices, and architectural designs with potential DoD applications, and early, applied research into these technologies. It will also support operation of regional Commons Hubs and initial selection and execution of Commons Projects in conjunction with activities funded by PEs 0603669D8Z and 0604669D8Z.

Accomplishments
• Awarded 8 Innovation Hubs 
• Hub Operations Investments: Approximately $374M 
• $38M in Electronic Design Automation (EDA) investments.
• Hub Membership includes more than 1,300 hub members from 45 states, FY24 QTR4
• Hub Projects:34 projects awarded in FY24 QTR4 totaling $226M in funding across the 8 Microelectronics Commons Hubs 
• Services Projects: 24 projects awarded totaling $80M</r2:Description>
                            <r2:Accomplishment>
                                <r2:PriorYear>
                                    <r2:Funding>65.062</r2:Funding>
                                    <r2:Text>Select initial Commons Projects to be executed by the Hubs; advanced research efforts for new microelectronics technologies (materials, processes, devices, architectural designs, etc.) with potential DOD or dual-use applications
• Execution of Hubs – access to prototyping capabilities and development of the semiconductor talent pipeline.
• Facilitate transition of novel concepts matured in a laboratory environment into low-volume prototyping processes.</r2:Text>
                                </r2:PriorYear>
                            </r2:Accomplishment>
                        </r2:AccomplishmentPlannedProgram>
                    </r2:AccomplishmentPlannedProgramList>
                </r2:R2aExhibit>
            </r2:Project>
        </r2:ProjectList>
    </r2:ProgramElement>
</r2:ProgramElementList>