<?xml version="1.0" encoding="UTF-8"?>
<r2:ProgramElementList xmlns:r2="http://www.dtic.mil/comptroller/xml/schema/022009/r2" targetSchemaVersion="1.0">
    <r2:ProgramElement monetaryUnit="Millions">
        <r2:ProgramElementNumber>0604940D8Z</r2:ProgramElementNumber>
        <r2:ProgramElementTitle>Central Test and Evaluation Investment Program (CTEIP)</r2:ProgramElementTitle>
        <r2:R1LineNumber>167</r2:R1LineNumber>
        <r2:BudgetYear>2026</r2:BudgetYear>
        <r2:BudgetCycle>PB</r2:BudgetCycle>
        <r2:SubmissionDate>2025-06</r2:SubmissionDate>
        <r2:ServiceAgencyName>Office of the Secretary Of Defense</r2:ServiceAgencyName>
        <r2:AppropriationCode>0400</r2:AppropriationCode>
        <r2:AppropriationName>Research, Development, Test &amp; Evaluation, Defense-Wide</r2:AppropriationName>
        <r2:BudgetActivityNumber>6</r2:BudgetActivityNumber>
        <r2:BudgetActivityTitle>RDT&amp;E Management Support</r2:BudgetActivityTitle>
        <r2:ProgramElementFunding>
            <r2:AllPriorYears>4675.332</r2:AllPriorYears>
            <r2:PriorYear>848.247</r2:PriorYear>
            <r2:CurrentYear>805.414</r2:CurrentYear>
            <r2:BudgetYearOne>542.773</r2:BudgetYearOne>
            <r2:BudgetYearOneBase>542.773</r2:BudgetYearOneBase>
        </r2:ProgramElementFunding>
        <r2:ProgramElementNote>New Start (Y/N): No</r2:ProgramElementNote>
        <r2:ProgramElementMissionDescription>This program supports the Department's priorities to rebuild the military by matching threats to capabilities and re-establish deterrence by defending our homeland. Since its inception in FY 1990, Central Test and Evaluation Investment Program (CTEIP) provides the development of the most needed, high-priority Test and Evaluation (T&amp;E) capabilities for joint/multi-Service requirements. CTEIP investments address strategic requirements related to Hypersonics, Directed Energy, Cyber, Electronic Warfare, Nuclear Effects, Space, Autonomy, and Multi-Domain Operations. Other Investments in test infrastructure align with objectives in the Strategic Plan for DoD T&amp;E Resources for high priority test needs and common range Infrastructure. The CTEIP uses a corporate investment approach to combine T&amp;E needs from Service, Defense, and other Government agencies in order to maximize opportunities for joint efforts and avoid unwarranted duplication of test capabilities. CTEIP evaluates and selects for execution, proposals that align to national strategic guidance and USD(R&amp;E) priorities, provide the greatest return on investment, make efficient use of limited test resources, leverage industry capabilities and Service investments, and promote joint solutions to fill test capability gaps. CTEIP provides enterprise solutions that benefit the whole Department. These investments are needed to ensure the Department’s readiness to test and field rapidly emerging technologies and weapon systems that defend our homeland, deter aggression, and achieve peace through strength.</r2:ProgramElementMissionDescription>
        <r2:ChangeSummary>
            <r2:PreviousPresidentBudget>
                <r2:PriorYear>833.792</r2:PriorYear>
                <r2:CurrentYear>805.414</r2:CurrentYear>
                <r2:BudgetYearOne>542.773</r2:BudgetYearOne>
                <r2:BudgetYearOneBase>542.773</r2:BudgetYearOneBase>
            </r2:PreviousPresidentBudget>
            <r2:CurrentPresidentBudget>
                <r2:PriorYear>848.247</r2:PriorYear>
                <r2:CurrentYear>805.414</r2:CurrentYear>
                <r2:BudgetYearOne>542.773</r2:BudgetYearOne>
                <r2:BudgetYearOneBase>542.773</r2:BudgetYearOneBase>
            </r2:CurrentPresidentBudget>
            <r2:TotalAdjustments>
                <r2:PriorYear>14.455</r2:PriorYear>
                <r2:CurrentYear>0.000</r2:CurrentYear>
                <r2:BudgetYearOne>0.000</r2:BudgetYearOne>
                <r2:BudgetYearOneBase>0.000</r2:BudgetYearOneBase>
            </r2:TotalAdjustments>
            <r2:AdjustmentDetails>
                <r2:CongressionalAdds>
                    <r2:PriorYear>105.000</r2:PriorYear>
                </r2:CongressionalAdds>
                <r2:OtherAdjustmentDetailList>
                    <r2:OtherAdjustmentDetail>
                        <r2:Title>Program Adjustment</r2:Title>
                        <r2:Funding>
                            <r2:PriorYear>-1.753</r2:PriorYear>
                        </r2:Funding>
                    </r2:OtherAdjustmentDetail>
                    <r2:OtherAdjustmentDetail>
                        <r2:Title>Congressional Directed Reductions</r2:Title>
                        <r2:Funding>
                            <r2:PriorYear>-88.792</r2:PriorYear>
                        </r2:Funding>
                    </r2:OtherAdjustmentDetail>
                </r2:OtherAdjustmentDetailList>
            </r2:AdjustmentDetails>
            <r2:SummaryExplanation>The overall $262.641M decrease from FY25 to FY26 is due to test capabilities being fielded to support increased capability and throughput for nuclear survivability testing and enhanced electronic warfare open-air range test capability at multiple western U.S. test ranges.</r2:SummaryExplanation>
        </r2:ChangeSummary>
        <r2:ProjectList>
            <r2:Project>
                <r2:ProjectNumber>940</r2:ProjectNumber>
                <r2:ProjectTitle>Central Test and Evaluation Investment Program (CTEIP)</r2:ProjectTitle>
                <r2:SpecialProject>0</r2:SpecialProject>
                <r2:ProjectFunding>
                    <r2:AllPriorYears>4675.332</r2:AllPriorYears>
                    <r2:PriorYear>848.247</r2:PriorYear>
                    <r2:CurrentYear>805.414</r2:CurrentYear>
                    <r2:BudgetYearOne>542.773</r2:BudgetYearOne>
                    <r2:BudgetYearOneBase>542.773</r2:BudgetYearOneBase>
                </r2:ProjectFunding>
                <r2:R2aExhibit>
                    <r2:ProjectMissionDescription>The Central Test and Evaluation Investment Program (CTEIP) develops needed, high-priority Test and Evaluation (T&amp;E) capabilities for joint/multi-Service requirements. CTEIP efforts include Hypersonics, Directed Energy, Cyber, Electronic Warfare, Nuclear Effects, Space, Autonomy and Multi-Domain Operations. Other Investments in test infrastructure align with objectives in the Strategic Plan for DoD T&amp;E Resources for high priority test needs and common range Infrastructure.

CTEIP uses a corporate investment approach to combine T&amp;E needs from Service, Defense, and other Government agencies in order to maximize opportunities for joint efforts and avoid unwarranted duplication of test capabilities. CTEIP evaluates proposals and selects those that align to national strategic guidance, provide the greatest return on investment, make efficient use of limited test resources, leverage Service investment, and promote joint solutions to fill test capability gaps. CTEIP provides enterprise solutions that benefit the Department as a whole.

These investments are needed so that test capabilities keep pace with U.S. and adversary technical advances as well as with quickly changing threats. The CTEIP includes special studies, analyses, project improvements, quick reaction efforts, and strategic planning related to test capabilities and infrastructure. CTEIP investments increase efficiency and reduce the cost of testing on DoD’s major ranges and test facilities. CTEIP provides efficiencies within the Department by sharing test resources that enable data collection and use between the test and training communities.</r2:ProjectMissionDescription>
                    <r2:CongressionalAddDetailList>
                        <r2:CongressionalAddDetail>
                            <r2:Title>Central Test and Evaluation Investment Development (CTEIP)</r2:Title>
                            <r2:PriorYear>
                                <r2:Funding>105.000</r2:Funding>
                                <r2:Text>FY24 Congressional Increase for a new hypersonic ground test facility ($105.000M).</r2:Text>
                            </r2:PriorYear>
                        </r2:CongressionalAddDetail>
                    </r2:CongressionalAddDetailList>
                    <r2:AccomplishmentPlannedProgramList>
                        <r2:AccomplishmentPlannedProgram>
                            <r2:Title>Central Test and Evaluation Investment Program</r2:Title>
                            <r2:Description>In FY24, CTEIP developed enterprise solutions for high-priority T&amp;E needs in critical technology areas and foundational capabilities. Highlights include:

Hypersonics
- Initiate development of a new hypersonic ground test complex with private industry to address growing demand for aerodynamic, aerothermal, and propulsion test needs 
- Develop a clean air, variable Mach ground test capability for Developmental Test &amp; Evaluation (DT&amp;E) of full-scale hypersonic boost glide and scramjet weapon systems.
- Develop a mid-pressure arc heaters to expand the DoD H2 Hypersonic Test Facility to provide higher enthalpy at the midpressure altitudes to enable ground testing of Prompt Global Strike, Maneuvering Reentry Vehicles, and SCRamJet components such as nose cones, fins, and other leading-edge surfaces.
- Develop a next generation aeroshell test capability arc heater facility that increases DoD’s capacity to conduct aerothermal materials testing in support of hypersonic missiles, ballistic missiles, and other high altitude ballistic/maneuvering munitions. 
- Develop weather effects upgrades for existing test track to provide a small-scale rain and snow erosion test capability to validate vehicle structural design.
- Develop an improved sled track rockets that provides a new modular rocket propulsion system for the three DoD high speed test tracks including an improved capability to ground test full scale components at hypersonic speeds.
- Provide a scoring system motion compensation table to develop a radar pedestal motion compensation mechanism and test and verification system to support weapon lethality testing in broad open ocean environments.
- Return to service a Mach 7 test capability at an Air Force hypersonic ground test facility to provide a full-scale aerothermal structural capability for seeker aperture development.
- Develop Modeling &amp; Simulation (M&amp;S) capability to support boost glide thermal analysis software upgrades that provides a tool set for improving capabilities for predicting aerothermal and ablation response to high speed, high temperature flow in ground and flight test environments.
- Develop advanced material response models validated with ground test data to predict weather erosion in flight.
- Implement non-ballistic radar tracking algorithms and the supporting infrastructure to track nonballistic hypersonic vehicles for Reagan Test Site.
- Refresh Reagan Test Site Kiernan Reentry Measurement System (KREMS) radar hardware and software systems to increase system functionality and system capability.
- Improve high fidelity, high temperature scene projectors for installed system and hardware-in-the-loop laboratory testing of sensors and seekers for high-speed weapons and missile engagements.

Directed Energy
- Develop shortwave infrared zoom capability to be mounted on multiple DoD tracking systems to track, determine effects phenomenology, and Time Space Positioning Information (TSPI) of aerial directed energy targets at night and in obscuration.
- Develop a ruggedized, shielded, man-portable highspeed data recording system for High Power Microwave (HPM) directed energy testing.
- Develop a  diagnostic system for confirming performance of current and future High Energy Laser (HEL) systems.
- Develop a remote target sensor capable of measuring HPM effects on internal components attacked by HPM systems.
- Develop a frequency-agile S-Band High Power Microwave threat source for Military Standard 464C vulnerability testing.
- Develop tethered HPM recorder and electronic attack target to accelerates development of instrumentation necessary for testing UAS vulnerabilities in an HPM threat environment.
- Develop upgraded system placement analysis capability to provide 3D outdoor effects test planning needed to support testing of Counter UAS HPM systems.
- Develop 6 DoD vibration tables for HEL systems mounted on ships, ground vehicles, and aircraft.
- Develop portable electronic field sensors to cover a wide area measurement system to characterize the HPM Efield and test blue HPM effectiveness against airborne threats.

Cyber
- Develop an avionics test bed providing a common framework to allow embedded avionics components to engage in an error-free state while component level cybersecurity T&amp;E is performed.
- Expand an existing test application to include cyber test capabilities to monitor, check for, alert on, identify messaging, and identify the source of the messaging that is modified or indicates a modification “tipoff” capability.
- Develop wideband RF Cybersecurity test tool for exploiting unencrypted Radio Frequency datalinks by capturing datalink information and generating RF messages in real time.

Electronic Warfare
- Upgrade missile attitude instrument suite used to capture 6DOF TSPI and validate RF and IR missile models, while meeting requirements associated with OCONUS transport and operation.
- Implement littoral electromagnetic range to establish a secure, well-instrumented coastal test environment to validate emerging  commercial and government electromagnetic systems and tactics.
- Develop Very High Frequency (VHF) threat simulator to support wideband VHF MIL STD 464C testing of a full-sized target such as an aircraft.
- Develop closed-loop Passive Electronic Scanned Array (PESA) simulator with two transportable, closed-loop threat radar systems replicating the performance of a classified, widely fielded long-range surface-to-air missile system.
- Develop test capability in which Electro-Optical/Infrared (EO/IR) imagery is directly injected into the systems’ core computer via sensor emulators.
- Develop an electronic attack package for a drone target that can target multiple radar systems under test (SUT)s at multiple frequency bands.
- Develop Integrated Air Defense System (IADS) enhancements with networked threat emulation to provide a comprehensive threat representative IADS capability at an open-air range and other facilities providing four threat representative Command Posts to existing Electronic Warfare (EW) capabilities.
- Develop an RF and cyber effects test environment for Electromagnetic Maneuver Warfare.
- Upgrade Digital Integrated Air Defense System (DIADS) M&amp;S capacities to support expansion of EW testing across western test ranges.
- Establish enterprise architecture and approach to implement multirange aircraft instrumentation interoperability and network connectivity to meet EW open-air battle shaping test and training needs for air warfare missions. 
- Provide upgraded and new Radar Cross Section (RCS) measurement capabilities to measure and evaluate advanced low observable technologies in increasingly complex and cluttered environments. 

Nuclear Effects
- Develop a test capability to assess the vulnerability of missile components to a nuclear weapon.
- Develop test facility upgrade for Single Event Effects (SEE) testing to increase capacity of testing natural space radiation.
- Upgrade a survivability and vulnerability test facility to provide an improved control system and subsonic wind capability.
- Upgrade an X-ray simulator to measure the susceptibility of missile components to damage from space environments.

Space
- Provide a dual laser threat simulation capability to evaluate space-based Intelligence, Surveillance and Reconnaissance (ISR) sensors against surrogate ground and air-based laser threats.

Autonomy
- Develop autonomous systems test capability to provide digital robotic and autonomous systems integrated virtual environment for testing DoD autonomous ground vehicle systems and an open-air range environment capability to test full scale autonomous vehicles.
- Develop autonomous teaming for a suite of capabilities furthering Unmanned Aircraft Systems (UAS) systems integration into controlled airspace and the test tools for integrating manned/unmanned teaming between ranges. Demonstration at Pax River, MD has been successful. Initial capabilities will be delivered to Naval Air Station  Pax River, MD, Redstone Arsenal, AL and Edwards AFB, CA.
- Develop Naval autonomous systems test capabilities to establish a Modeling and Simulation (M&amp;S) capability to test the performance of Naval surface ship autonomous systems software.
- Provide a maritime survivability library and threat M&amp;S tool which evaluates the lethality of emerging anti-ship weapons, using artificial intelligence/machine learning techniques. 

Common Range Instrumentation
- Develop counter Unmanned Aircraft Systems (cUAS) lethality diagnostics to provide a shielded enclosure for flight controllers, lethality and HPM diagnostics for cUAS operations.
- Develop an open-air capability for creating a mission relevant RF test environment for testing cUAS systems at Naval Air Warfare Center (NAWCAD) Webster Field, MD.
- Develop advanced NextGen optical range tracking systems to increase performance, reduce costs and establish secure reliable optical tracking capability on DoD open-air ranges.
- Develop real-time vehicle data collection capability that reduces instrumentation size, weight and power requirements by replacing three unique data collectors with one modular, scalable data collector that has increased storage capacity. 
- Develop a modular hybrid tracking system for aircraft and weapon testing that provides a range of time, space position information (TSPI) capabilities in Global Positioning System (GPS)-denied environments.
- Upgrade maritime long-range fires test assets with an additional telemetry frequency, enabling range safety control and telemetry to support stream raid/simultaneous engagements.
- Develop open ocean weapons impact scoring system to provide persistent, relocatable range capability for beyond line of sight, high precision weapon scoring and range surveillance.
- Develop a multi-axle vehicle chassis simulator and a drive train simulator to test heavy 4 and 5 axle vehicle performance and reliability.</r2:Description>
                            <r2:Accomplishment>
                                <r2:PriorYear>
                                    <r2:Funding>743.247</r2:Funding>
                                    <r2:Text>-Continuing development and implementation of multiple threat-representative wideband radars to adequately test and assess our fifth-generation aircraft in a contested environment. 

-Continue development of nuclear environment chambers to test hardening our next generation of microelectronics for survivability against nuclear effects (neutrons, x-ray, gamma, etc.) on the battlefield, and accelerate the testing of microelectronics used in strategic systems and space systems. 

-Continue development and begin fielding of Flight Test Instrumentation and Terminal Area Scoring for broad ocean area precision scoring capabilities to test lethality and impact location of nuclear modernization systems (Ground Based Strategic Deterrent, Trident, etc.).

-Continue to upgrade High Speed Test Track capabilities to realistically test end-game missile lethality (seeker, warhead detonation, intercept effectiveness, etc.) at DoD high speed test tracks which are located at Holloman, China Lake, and Eglin.

-Continue to develop Secure Telemetry and High Bandwidth Data Processing thru improvement of cybersecurity and the acceleration of test analysis capability at numerous long-range missile test ranges to support faster acquisition of hypersonic and nuclear modernization systems.

-Develop Test Capability to provide ground development and test capabilities to validate complex physics-based models and evaluate Hardware, Software, and emerging threats into severable capabilities that can be networked with the National Space Test and Training Complex (NSTTC).

-Develop new physical carts and new antennas to represent threat environment with pulse-to-pulse full spectrum coverage and polarization Agility/Diversity/Stability, co-located threats / multi-radar threat systems, and beam width agility/diversity for dynamic change in SUT illumination and multi-beam threat at one location with representative power and improved test efficiency and effectiveness at the Benefield Anechoic Facility.

-Capability to track, autonomously direct/point imagers, and measure multiple airborne objects simultaneously.  Objects operate across a wide range of altitudes, approach azimuths, and airspeeds, and swarms of Small Unmanned Aircraft Systems (sUAS).

-Capability to model high-fidelity air-to-air (A/A) targets and electronic attack environments at sufficient fidelity, in a repeatable lab environment, necessary to test advanced 5th and 6th generation aircraft radar A/A modes.

-Refurbishing one of a kind full scale, subsonic wind tunnel to allow testing of future vertical lift capabilities at speeds consistent with planned designed criteria. 

-Develops large scale (high fidelity) supersonic/supersonic aerodynamic test capability by developing and integrating new capability into Arnold Engineering Development Center’s 16S wind tunnel. 

-Develop capability for real-time Multispectral Sensor Scene Projection/Injection weapon system T&amp;E and testing of advanced multispectral weapons in dense Anti-Access Aerial Denial (A2AD) environments. 

-Provide capabilities to fully test current and future landing gear, wheels, brake, and tire systems and components.  The fully commissioned dynamometer test machine will be integrated into the Landing Gear Test Facility (LGTF) at Wright-Patterson AFB in Ohio.

-Provide Ground Test Power and Thermal Loads for Advanced Engine Propulsion Systems T&amp;E. Will develop: a capability for increased power extraction; a capability for increased thermal management system loads; and the needed capacity (threshold requirement of two altitude test cells) for T&amp;E of competing engine development programs.

-Provide capability to improve the quality and accuracy of an object’s state vector by fusing radar and optical data in real-time for tracking fast moving, non-ballistic, low altitude targets.</r2:Text>
                                </r2:PriorYear>
                            </r2:Accomplishment>
                            <r2:PlannedProgram>
                                <r2:CurrentYear>
                                    <r2:Funding>805.414</r2:Funding>
                                    <r2:Text>In FY25, CTEIP will continue developing enterprise solutions for high-priority T&amp;E needs in critical technology areas. Highlights include:

Hypersonics 
- Continue build out of “fly the mission on the ground” hypersonic wind tunnels
- Build capacity for hypersonic arc heater testing
- Develop rocket motors to support hypersonic testing on the high-speed test track
- Complete preliminary design of recoverable, high-speed test track
- Complete development of midcourse tracking capability for hypersonic open-air testing
- Restore a full-scale subsonic wind tunnel to allow testing of Future Vertical Lift platforms and other rotary wing aircraft
- Develop large scale (high fidelity) supersonic and hypersonic aerodynamic test capability to support next-generation hypersonic weapon separation

Electronic Warfare
- Develop a facility to support classified testing unable to be accomplished on open-air test ranges
- Field representative EW threats to support testing of Blue system airborne electronic attack systems 
- Develop high-fidelity, low clutter tracking (TSPI) capability of small Radar Cross Section (RCS) vehicles to support CUAS and swarming sUAS testing
- Develop the capability to model high-fidelity air-to-air (A/A) targets and associated electronic attack environments in a repeatable lab environment to test advanced 5th and 6th generation aircraft radar A/A modes 
- Develop real-time Multispectral Sensor Scene Projection/Injection capability to test seekers and advanced multispectral weapons 

Space
- Develop ground-based space test capability to validate complex physics-based models and evaluate hardware/software emulations of emerging threats in a distributed environment 

Common Range Instrumentation
- Develop and upgrade capabilities to fully test current and future landing gear systems</r2:Text>
                                </r2:CurrentYear>
                                <r2:BudgetYearOne>
                                    <r2:Funding>542.773</r2:Funding>
                                </r2:BudgetYearOne>
                                <r2:BudgetYearOneBase>
                                    <r2:Funding>542.773</r2:Funding>
                                    <r2:Text>In FY26, CTEIP will continue developing enterprise solutions for high-priority T&amp;E needs in critical technology areas. Highlights include:

Hypersonics
- Assemble and integrate critical components of “fly the mission on the ground” hypersonic wind tunnel
- Field upgrades to existing high-speed test track at Holloman AFB to support increased capacity

Counter-UAS
- Field counter UAS threat presentation capability

Space
- Initiate space sensor test bed to support vulnerability/survivability testing of on-orbit and emerging space systems and payloads</r2:Text>
                                </r2:BudgetYearOneBase>
                                <r2:AppChangeSummary>The overall $262.641M decrease from FY25 to FY26 is due to test capabilities being fielded to support increased capability and throughput for nuclear survivability testing and enhanced electronic warfare open-air range test capability at multiple western U.S. test ranges.</r2:AppChangeSummary>
                            </r2:PlannedProgram>
                        </r2:AccomplishmentPlannedProgram>
                    </r2:AccomplishmentPlannedProgramList>
                    <r2:AcquisitionStrategy>N/A</r2:AcquisitionStrategy>
                </r2:R2aExhibit>
            </r2:Project>
        </r2:ProjectList>
    </r2:ProgramElement>
</r2:ProgramElementList>