<?xml version="1.0" encoding="UTF-8"?>
<r2:ProgramElementList xmlns:r2="http://www.dtic.mil/comptroller/xml/schema/022009/r2" targetSchemaVersion="1.0">
    <r2:ProgramElement monetaryUnit="Millions">
        <r2:ProgramElementNumber>0603021D8Z</r2:ProgramElementNumber>
        <r2:ProgramElementTitle>National Security Innovation Capital</r2:ProgramElementTitle>
        <r2:R1LineNumber>34</r2:R1LineNumber>
        <r2:BudgetYear>2026</r2:BudgetYear>
        <r2:BudgetCycle>PB</r2:BudgetCycle>
        <r2:SubmissionDate>2025-06</r2:SubmissionDate>
        <r2:ServiceAgencyName>Office of the Secretary Of Defense</r2:ServiceAgencyName>
        <r2:AppropriationCode>0400</r2:AppropriationCode>
        <r2:AppropriationName>Research, Development, Test &amp; Evaluation, Defense-Wide</r2:AppropriationName>
        <r2:BudgetActivityNumber>3</r2:BudgetActivityNumber>
        <r2:BudgetActivityTitle>Advanced Technology Development (ATD)</r2:BudgetActivityTitle>
        <r2:ProgramElementFunding>
            <r2:AllPriorYears>0.000</r2:AllPriorYears>
            <r2:PriorYear>14.643</r2:PriorYear>
            <r2:CurrentYear>572.717</r2:CurrentYear>
            <r2:BudgetYearOne>1.395</r2:BudgetYearOne>
            <r2:BudgetYearOneBase>1.395</r2:BudgetYearOneBase>
            <r2:CostToComplete>Continuing</r2:CostToComplete>
            <r2:TotalCost>Continuing</r2:TotalCost>
        </r2:ProgramElementFunding>
        <r2:ProgramElementNote>New Start (Y/N):  No</r2:ProgramElementNote>
        <r2:ProgramElementMissionDescription>This program supports the Department's initiatives to Build Sustainable and Long-Term Advantage and Build a Resilient Joint Force Defense Ecosystem. This effort also supports Title 10 USC, Section 4811, requiring the Secretary of Defense to develop a national security strategy for the National Technology and Industrial Base (NTIB) that “reflects a prioritized assessment of the risks and challenges to the defense supply chain.”

The mission of National Security Innovation Capital (NSIC) is to accelerate the development of dual-use hardware technologies critical to our national security and economic competitiveness. It is an initiative that enables dual-use hardware startups to advance key milestones in their product development by addressing the shortfall of private investment from trusted sources. NSIC's support enables companies to develop their technologies and products more rapidly. The resulting reductions in technical risk, along with the signaling of DoD interest in such dual-use companies, attracts trusted private investment that might otherwise sit on the sidelines. The overall result is more rapid and robust development of hardware in the U.S., the expansion of the defense industrial base and reduction of technology flow to adversaries.

Areas of focus are autonomy, communications, power, sensors, and space.</r2:ProgramElementMissionDescription>
        <r2:ChangeSummary>
            <r2:PreviousPresidentBudget>
                <r2:PriorYear>14.643</r2:PriorYear>
                <r2:CurrentYear>14.643</r2:CurrentYear>
                <r2:BudgetYearOne>1.395</r2:BudgetYearOne>
                <r2:BudgetYearOneBase>1.395</r2:BudgetYearOneBase>
            </r2:PreviousPresidentBudget>
            <r2:CurrentPresidentBudget>
                <r2:PriorYear>14.643</r2:PriorYear>
                <r2:CurrentYear>572.717</r2:CurrentYear>
                <r2:BudgetYearOne>1.395</r2:BudgetYearOne>
                <r2:BudgetYearOneBase>1.395</r2:BudgetYearOneBase>
            </r2:CurrentPresidentBudget>
            <r2:TotalAdjustments>
                <r2:PriorYear>0.000</r2:PriorYear>
                <r2:CurrentYear>558.074</r2:CurrentYear>
                <r2:BudgetYearOne>0.000</r2:BudgetYearOne>
                <r2:BudgetYearOneBase>0.000</r2:BudgetYearOneBase>
            </r2:TotalAdjustments>
            <r2:AdjustmentDetails>
                <r2:CongressionalAdds>
                    <r2:CurrentYear>558.074</r2:CurrentYear>
                </r2:CongressionalAdds>
            </r2:AdjustmentDetails>
            <r2:SummaryExplanation>The increase of $0.018 million is due to funding being adjusted for inflation.</r2:SummaryExplanation>
        </r2:ChangeSummary>
        <r2:ProjectList>
            <r2:Project>
                <r2:ProjectNumber>459</r2:ProjectNumber>
                <r2:ProjectTitle>National Security Innovation Capital (NSIC)</r2:ProjectTitle>
                <r2:SpecialProject>0</r2:SpecialProject>
                <r2:ProjectFunding>
                    <r2:AllPriorYears>0.000</r2:AllPriorYears>
                    <r2:PriorYear>14.643</r2:PriorYear>
                    <r2:CurrentYear>572.717</r2:CurrentYear>
                    <r2:BudgetYearOne>1.395</r2:BudgetYearOne>
                    <r2:BudgetYearOneBase>1.395</r2:BudgetYearOneBase>
                    <r2:CostToComplete>Continuing</r2:CostToComplete>
                    <r2:TotalCost>Continuing</r2:TotalCost>
                </r2:ProjectFunding>
                <r2:R2aExhibit>
                    <r2:ProjectNote>P-code changed from 834</r2:ProjectNote>
                    <r2:ProjectMissionDescription>The mission of NSIC is to accelerate the development of dual-use hardware technologies critical to our national security and economic competitiveness. It is an initiative that enables dual-use hardware startups to advance key milestones in their product development by addressing the shortfall of private investment from trusted sources. NSIC's support enables companies to develop their technologies and products more rapidly. The resulting reductions in technical risk, along with the signaling of DoD interest in such dual-use companies, attracts trusted private investment that might otherwise sit on the sidelines. The overall result is more rapid and robust development of hardware in the United States, the expansion of the defense industrial base, and reduction of technology flow to adversaries.

Areas of focus are autonomy, communications, power, sensors and space.</r2:ProjectMissionDescription>
                    <r2:AccomplishmentPlannedProgramList>
                        <r2:AccomplishmentPlannedProgram>
                            <r2:Title>National Security Innovation Capital (NSIC)</r2:Title>
                            <r2:Description>National Security Innovation Capital (NSIC)</r2:Description>
                            <r2:Accomplishment>
                                <r2:PriorYear>
                                    <r2:Funding>14.643</r2:Funding>
                                </r2:PriorYear>
                            </r2:Accomplishment>
                            <r2:PlannedProgram>
                                <r2:CurrentYear>
                                    <r2:Funding>572.717</r2:Funding>
                                    <r2:Text>FY 2026 RDT&amp;E project code changed to 459.</r2:Text>
                                </r2:CurrentYear>
                                <r2:BudgetYearOne>
                                    <r2:Funding>1.395</r2:Funding>
                                </r2:BudgetYearOne>
                                <r2:BudgetYearOneBase>
                                    <r2:Funding>1.395</r2:Funding>
                                    <r2:Text>FY 2026 RDT&amp;E project code changed to 459.</r2:Text>
                                </r2:BudgetYearOneBase>
                                <r2:AppChangeSummary>The increase of $0.018 million is due to funding being adjusted for inflation.</r2:AppChangeSummary>
                            </r2:PlannedProgram>
                        </r2:AccomplishmentPlannedProgram>
                    </r2:AccomplishmentPlannedProgramList>
                </r2:R2aExhibit>
                <r2:R4aExhibit>
                    <r2:SubProjectScheduleList>
                        <r2:SubProjectSchedule>
                            <r2:Title>National Security Innovation Capital (NSIC)</r2:Title>
                            <r2:ScheduleDetailList>
                                <r2:ScheduleDetail>
                                    <r2:EventTitle>National Security Innovation Capital (NSIC)</r2:EventTitle>
                                    <r2:Schedule>
                                        <r2:Start>
                                            <r2:Quarter>4</r2:Quarter>
                                            <r2:Year>2026</r2:Year>
                                        </r2:Start>
                                        <r2:End>
                                            <r2:Quarter>3</r2:Quarter>
                                            <r2:Year>2028</r2:Year>
                                        </r2:End>
                                    </r2:Schedule>
                                </r2:ScheduleDetail>
                            </r2:ScheduleDetailList>
                        </r2:SubProjectSchedule>
                    </r2:SubProjectScheduleList>
                </r2:R4aExhibit>
            </r2:Project>
        </r2:ProjectList>
    </r2:ProgramElement>
</r2:ProgramElementList>