<?xml version="1.0" encoding="UTF-8"?>
<r2:ProgramElementList xmlns:r2="http://www.dtic.mil/comptroller/xml/schema/022009/r2" targetSchemaVersion="1.0">
    <r2:ProgramElement monetaryUnit="Millions">
        <r2:ProgramElementNumber>0602751D8Z</r2:ProgramElementNumber>
        <r2:ProgramElementTitle>Software Engineering Institute (SEI) Applied Research</r2:ProgramElementTitle>
        <r2:R1LineNumber>29</r2:R1LineNumber>
        <r2:BudgetYear>2026</r2:BudgetYear>
        <r2:BudgetCycle>PB</r2:BudgetCycle>
        <r2:SubmissionDate>2025-06</r2:SubmissionDate>
        <r2:ServiceAgencyName>Office of the Secretary Of Defense</r2:ServiceAgencyName>
        <r2:AppropriationCode>0400</r2:AppropriationCode>
        <r2:AppropriationName>Research, Development, Test &amp; Evaluation, Defense-Wide</r2:AppropriationName>
        <r2:BudgetActivityNumber>2</r2:BudgetActivityNumber>
        <r2:BudgetActivityTitle>Applied Research</r2:BudgetActivityTitle>
        <r2:ProgramElementFunding>
            <r2:AllPriorYears>9.788</r2:AllPriorYears>
            <r2:PriorYear>10.535</r2:PriorYear>
            <r2:CurrentYear>11.310</r2:CurrentYear>
            <r2:BudgetYearOne>8.883</r2:BudgetYearOne>
            <r2:BudgetYearOneBase>8.883</r2:BudgetYearOneBase>
            <r2:CostToComplete>Continuing</r2:CostToComplete>
            <r2:TotalCost>Continuing</r2:TotalCost>
        </r2:ProgramElementFunding>
        <r2:ProgramElementNote>New Start (Y/N): No

The Software Engineering Institute (SEI) Applied Research Program Element (PE) develops and evaluates the feasibility and practicality of software and computer science concepts at the applied research level, with the potential to improve future DoD systems through research, development, and application in the SEI Advanced Technology Development Program Element (PE) 0603781D8Z.  Promising projects proceed into advanced technology development through this PE.</r2:ProgramElementNote>
        <r2:ProgramElementMissionDescription>This program supports the Department's initiative to Build Sustainable and Long-Term Advantage.
The Carnegie Mellon University Software Engineering Institute (SEI) Federally Funded Research and Development Center (FFRDC) was established in 1984 as an integral part of the DoD’s initiative to identify, evaluate, and transition software engineering technologies and practices.  The mission of the SEI is to provide the DoD with technical leadership and innovation through research and development to advance the practice of software engineering and technology.  The SEI works across government, industry, and academia to improve the state of software engineering from the technical, acquisition, and management perspectives. The SEI engages in research and development of critical software technologies and tools and collaborates with the larger software engineering research community.  It facilitates the rapid transition of software engineering technologies into practice and evaluates emerging software engineering technologies to determine their potential for improving software-intensive Department of Defense (DoD) systems.  Since its inception, the SEI has helped to transform the fields of software engineering and acquisition, network security, real-time systems, software architectures, and software-engineering process management.

Software is critical to meeting the Department of Defense's (DoD) increasing demand for national defense systems that are high quality, affordable, and deployed in a timely way. With growing global parity in software engineering, the DoD must maintain leadership in all aspects of software-based system development, operation, defense, and evolution to avoid strategic surprise.  To assist the DoD in retaining a long-term differential advantage over potential adversaries, the Software Engineering Institute (SEI) Applied Research program element (PE) develops and evaluates the feasibility and practicality of software and computer science concepts, with the potential to improve future DoD systems.  The research conducted by this PE directly benefits the technical domains Autonomous Systems and Artificial Intelligence (AI), Cyber, and Engineered Resilient Systems.</r2:ProgramElementMissionDescription>
        <r2:ChangeSummary>
            <r2:PreviousPresidentBudget>
                <r2:PriorYear>11.168</r2:PriorYear>
                <r2:CurrentYear>11.310</r2:CurrentYear>
                <r2:BudgetYearOne>11.570</r2:BudgetYearOne>
                <r2:BudgetYearOneBase>11.570</r2:BudgetYearOneBase>
            </r2:PreviousPresidentBudget>
            <r2:CurrentPresidentBudget>
                <r2:PriorYear>10.535</r2:PriorYear>
                <r2:CurrentYear>11.310</r2:CurrentYear>
                <r2:BudgetYearOne>8.883</r2:BudgetYearOne>
                <r2:BudgetYearOneBase>8.883</r2:BudgetYearOneBase>
            </r2:CurrentPresidentBudget>
            <r2:TotalAdjustments>
                <r2:PriorYear>-0.633</r2:PriorYear>
                <r2:CurrentYear>0.000</r2:CurrentYear>
                <r2:BudgetYearOne>-2.687</r2:BudgetYearOne>
                <r2:BudgetYearOneBase>-2.687</r2:BudgetYearOneBase>
            </r2:TotalAdjustments>
            <r2:AdjustmentDetails>
                <r2:SBIRSTTRTransfer>
                    <r2:PriorYear>-0.400</r2:PriorYear>
                </r2:SBIRSTTRTransfer>
                <r2:OtherAdjustmentDetailList>
                    <r2:OtherAdjustmentDetail>
                        <r2:Title>FFRDC reductions</r2:Title>
                        <r2:Funding>
                            <r2:PriorYear>-0.233</r2:PriorYear>
                            <r2:BudgetYearOne>-2.652</r2:BudgetYearOne>
                            <r2:BudgetYearOneBase>-2.652</r2:BudgetYearOneBase>
                        </r2:Funding>
                    </r2:OtherAdjustmentDetail>
                    <r2:OtherAdjustmentDetail>
                        <r2:Title>Economic Assumptions</r2:Title>
                        <r2:Funding>
                            <r2:BudgetYearOne>-0.035</r2:BudgetYearOne>
                            <r2:BudgetYearOneBase>-0.035</r2:BudgetYearOneBase>
                        </r2:Funding>
                    </r2:OtherAdjustmentDetail>
                </r2:OtherAdjustmentDetailList>
            </r2:AdjustmentDetails>
            <r2:SummaryExplanation>The FY 2026 request includes economic assumption reduction of -$0.035 million and FFRDC reduction of -$2.652 million.</r2:SummaryExplanation>
        </r2:ChangeSummary>
        <r2:ProjectList>
            <r2:Project>
                <r2:ProjectNumber>278</r2:ProjectNumber>
                <r2:ProjectTitle>Software Engineering Institute (SEI) Applied Research</r2:ProjectTitle>
                <r2:SpecialProject>0</r2:SpecialProject>
                <r2:ProjectFunding>
                    <r2:AllPriorYears>9.788</r2:AllPriorYears>
                    <r2:PriorYear>10.535</r2:PriorYear>
                    <r2:CurrentYear>10.368</r2:CurrentYear>
                    <r2:BudgetYearOne>8.883</r2:BudgetYearOne>
                    <r2:BudgetYearOneBase>8.883</r2:BudgetYearOneBase>
                    <r2:CostToComplete>Continuing</r2:CostToComplete>
                    <r2:TotalCost>Continuing</r2:TotalCost>
                </r2:ProjectFunding>
                <r2:R2aExhibit>
                    <r2:ProjectMissionDescription>Work conducted under this Program Element (PE) will enable resilient mission assurance in heterogeneous and contested environments through the verification and validation of system performance and architecture.  The program will also assist the Department of Defense (DoD) in retaining a long-term advantage in the areas of software-intensive systems and cyber security by enhancing assurance, exploiting automation and Artificial Intelligence (AI), and understanding human-computer interaction.

The Software Engineering Institute (SEI) Applied Research PE has two main research thrusts with known military applications: (1) Software Engineering, Systems Verification and Validation, and Mission Assurance (formerly Mission Assurance); and (2) Information Assurance.  This area is increasingly being applied to AI and autonomous systems.</r2:ProjectMissionDescription>
                    <r2:AccomplishmentPlannedProgramList>
                        <r2:AccomplishmentPlannedProgram>
                            <r2:Title>SEI Applied Research in the Area of Software Engineering, Systems Verification and Validation, and Mission Assurance</r2:Title>
                            <r2:Description>Increasingly complex and (Artificial Intelligence) AI-enabled systems will require a commensurate increase in sophistication of verification and validation mechanisms.  This thrust seeks to develop verification techniques for requirements identification, systems of systems architectures, and virtual integration of components.  Additionally, research in this area will enable requirements verification for software assurance, analysis and control of unverified code, and automated repair of damaged code.  Software production and code analysis methods developed through this program will also improve the accuracy of behavior prediction of complex software, including AI-enabled systems, in untested environments.</r2:Description>
                            <r2:Accomplishment>
                                <r2:PriorYear>
                                    <r2:Funding>8.007</r2:Funding>
                                    <r2:Text>Integrate techniques in system measurement, software development and operations, and model-based systems engineering for an automated assessment, modeling, and software deployment process.  Focus on strategies for resilience and mission assurance in large complex infrastructures and determine methods to manage and de-conflict resource requirements between applications from the physical to the application layer.</r2:Text>
                                </r2:PriorYear>
                            </r2:Accomplishment>
                            <r2:PlannedProgram>
                                <r2:CurrentYear>
                                    <r2:Funding>7.677</r2:Funding>
                                    <r2:Text>Innovate new methods for artificial intelligence (AI) generated software which enable integrated verification and validation methods for correctness of code. Hybridize different AI models including but not limited to graph neural networks, Bayesian convolutional networks, and transformers to enable validated software output. Leverage as many commercial and open-source approaches as possible.</r2:Text>
                                </r2:CurrentYear>
                                <r2:BudgetYearOne>
                                    <r2:Funding>5.882</r2:Funding>
                                </r2:BudgetYearOne>
                                <r2:BudgetYearOneBase>
                                    <r2:Funding>5.882</r2:Funding>
                                    <r2:Text>Leverage AI generated software methods to assess feasibility for systems composition. Enable extensions of verification and validation methods for code composition to system composition.</r2:Text>
                                </r2:BudgetYearOneBase>
                                <r2:AppChangeSummary>The decrease of $1.795 million between FY 2025 and FY 2026 reflects FFRDC reductions and economic assumptions. The funds will further develop methods and tools for software assurance, augmenting machine learning.</r2:AppChangeSummary>
                            </r2:PlannedProgram>
                        </r2:AccomplishmentPlannedProgram>
                        <r2:AccomplishmentPlannedProgram>
                            <r2:Title>Software Engineering Institute (SEI) Applied Research in the areas of Information Assurance (IA)</r2:Title>
                            <r2:Description>To gain full advantage from data and information generated by software for use in missions, DoD needs to assure its software is free of vulnerabilities.  In its complex systems, DoD may use software developed from an unknown supply chain that may include intentionally or unintentionally introduced vulnerabilities.  This thrust seeks to develop scalable automated methods to locate, understand, and mitigate the effects of these vulnerabilities.  Automated solutions developed through this thrust will be used to discover vulnerabilities in system software source code and to generate proofs of correctness or fault.  Additionally, these solutions will be used to model and simulate operational environments to support software and cyber tactics, techniques, and procedures testing.</r2:Description>
                            <r2:Accomplishment>
                                <r2:PriorYear>
                                    <r2:Funding>2.528</r2:Funding>
                                    <r2:Text>Enable combined risk analysis between software, machine learning, and cyber security to enable assessment and management of automated systems.  These risk metrics will be used to govern system configuration and management, particularly in the case of applications and embedded systems in contested environments.</r2:Text>
                                </r2:PriorYear>
                            </r2:Accomplishment>
                            <r2:PlannedProgram>
                                <r2:CurrentYear>
                                    <r2:Funding>2.691</r2:Funding>
                                    <r2:Text>Assess how training methods in AI generated code and cyber vulnerability analysis can themselves by compromised with poor software examples or training data.</r2:Text>
                                </r2:CurrentYear>
                                <r2:BudgetYearOne>
                                    <r2:Funding>3.001</r2:Funding>
                                </r2:BudgetYearOne>
                                <r2:BudgetYearOneBase>
                                    <r2:Funding>3.001</r2:Funding>
                                    <r2:Text>Develop methodologies to safeguard training data for automated code generation and vulnerability analysis and identify how such training sets can lower overall risk of errors and security vulnerabilities in software.</r2:Text>
                                </r2:BudgetYearOneBase>
                                <r2:AppChangeSummary>The increase of $0.310 million between FY 2025 and FY 2026 reflects minor budget fluctuations.</r2:AppChangeSummary>
                            </r2:PlannedProgram>
                        </r2:AccomplishmentPlannedProgram>
                    </r2:AccomplishmentPlannedProgramList>
                    <r2:OtherProgramFundingSummaryList>
                        <r2:OtherProgramFundingSummary>
                            <r2:LineItem>RDT&amp;E, BA 3, PE 0603781D8Z</r2:LineItem>
                            <r2:Title>Software Engineering Institute</r2:Title>
                            <r2:Funding>
                                <r2:PriorYear>15.747</r2:PriorYear>
                                <r2:CurrentYear>16.982</r2:CurrentYear>
                                <r2:BudgetYearOne>12.972</r2:BudgetYearOne>
                                <r2:BudgetYearOneBase>12.972</r2:BudgetYearOneBase>
                                <r2:CostToComplete>Continuing</r2:CostToComplete>
                                <r2:TotalCost>Continuing</r2:TotalCost>
                            </r2:Funding>
                        </r2:OtherProgramFundingSummary>
                    </r2:OtherProgramFundingSummaryList>
                    <r2:OtherProgramFundingSummaryRemarks>The SEI Applied Research PE represents a pivot toward more fundamental research that enables the DoD to address longer-term challenges in software technology and engineering.  The SEI Applied Research PE bolsters the organic research at the SEI Federally Funded Research and Development Center (FFRDC), enables stronger collaborations between the SEI FFRDC and academia, attracts top researchers to the SEI, and gives the DoD access to top experts in information science, which generally enhances the DoD’s ability to benefit from the military applications of research in software and computer science.</r2:OtherProgramFundingSummaryRemarks>
                    <r2:AcquisitionStrategy>N/A</r2:AcquisitionStrategy>
                </r2:R2aExhibit>
            </r2:Project>
            <r2:Project>
                <r2:ProjectNumber>817</r2:ProjectNumber>
                <r2:ProjectTitle>Cyber Security, Applied Research</r2:ProjectTitle>
                <r2:SpecialProject>0</r2:SpecialProject>
                <r2:ProjectFunding>
                    <r2:AllPriorYears>0.000</r2:AllPriorYears>
                    <r2:PriorYear>0.000</r2:PriorYear>
                    <r2:CurrentYear>0.942</r2:CurrentYear>
                    <r2:BudgetYearOne>0.000</r2:BudgetYearOne>
                    <r2:BudgetYearOneBase>0.000</r2:BudgetYearOneBase>
                    <r2:CostToComplete>Continuing</r2:CostToComplete>
                    <r2:TotalCost>Continuing</r2:TotalCost>
                </r2:ProjectFunding>
                <r2:R2aExhibit>
                    <r2:ProjectMissionDescription>Work conducted under this project will enable resilient mission assurance in heterogeneous and contested environments through the verification and validation of system performance and architecture.  The program will also assist the DoD in retaining a long-term advantage in the area of cybersecurity by enhancing assurance, exploiting automation, and understanding human-computer interaction.</r2:ProjectMissionDescription>
                    <r2:AccomplishmentPlannedProgramList>
                        <r2:AccomplishmentPlannedProgram>
                            <r2:Title>Cyber Security</r2:Title>
                            <r2:Description>Warfighting in the cyber domain often operates at sub-second timescales and across multiple domains of authority.  Methods used to accomplish many tasks (e.g., malware analysis, coordinating multiple agents) demand large amounts of time, attention, and special skills and are not scalable.  This thrust seeks to develop and increase the use of automation to simplify the completion of these tasks.  Example activities include automation of moving target defenses, code artifact reverse engineering, analysis of network flows at enterprise scale, assessing the operating boundaries for Artificial Intelligence (AI) and Machine Learning (ML) algorithms, and development and assessment of workforce skills.</r2:Description>
                            <r2:Accomplishment>
                                <r2:PriorYear>
                                    <r2:Funding>0.000</r2:Funding>
                                    <r2:Text>Expand the notion of automated cyber defense to include second and third order effects of data compromise and effects in the context of machine learning and artificial intelligence software systems.</r2:Text>
                                </r2:PriorYear>
                            </r2:Accomplishment>
                            <r2:PlannedProgram>
                                <r2:CurrentYear>
                                    <r2:Funding>0.942</r2:Funding>
                                    <r2:Text>Develop hybridized AI methods for code vulnerability analysis. Apply AI software verification and validation methodologies to assess vulnerabilities in automatically generated code.</r2:Text>
                                </r2:CurrentYear>
                                <r2:BudgetYearOne>
                                    <r2:Funding>0.000</r2:Funding>
                                </r2:BudgetYearOne>
                                <r2:BudgetYearOneBase>
                                    <r2:Funding>0.000</r2:Funding>
                                    <r2:Text>Assess how the risk of automated code and information service composition will introduce cybersecurity vulnerabilities. Enable methodologies to identify how integrated code generation can remove inherent vulnerabilities during the automated code generation process.</r2:Text>
                                </r2:BudgetYearOneBase>
                                <r2:AppChangeSummary>The decrease of $0.942 million between FY 2025 to FY 2026 reflects realignment to Project 278.</r2:AppChangeSummary>
                            </r2:PlannedProgram>
                        </r2:AccomplishmentPlannedProgram>
                    </r2:AccomplishmentPlannedProgramList>
                </r2:R2aExhibit>
            </r2:Project>
        </r2:ProjectList>
    </r2:ProgramElement>
</r2:ProgramElementList>