<?xml version="1.0" encoding="UTF-8"?>
<r2:ProgramElementList xmlns:r2="http://www.dtic.mil/comptroller/xml/schema/022009/r2" targetSchemaVersion="1.0">
    <r2:ProgramElement monetaryUnit="Millions">
        <r2:ProgramElementNumber>0602251D8Z</r2:ProgramElementNumber>
        <r2:ProgramElementTitle>Applied Research for the Advancement of S&amp;T Priorities</r2:ProgramElementTitle>
        <r2:R1LineNumber>19</r2:R1LineNumber>
        <r2:BudgetYear>2026</r2:BudgetYear>
        <r2:BudgetCycle>PB</r2:BudgetCycle>
        <r2:SubmissionDate>2025-06</r2:SubmissionDate>
        <r2:ServiceAgencyName>Office of the Secretary Of Defense</r2:ServiceAgencyName>
        <r2:AppropriationCode>0400</r2:AppropriationCode>
        <r2:AppropriationName>Research, Development, Test &amp; Evaluation, Defense-Wide</r2:AppropriationName>
        <r2:BudgetActivityNumber>2</r2:BudgetActivityNumber>
        <r2:BudgetActivityTitle>Applied Research</r2:BudgetActivityTitle>
        <r2:ProgramElementFunding>
            <r2:AllPriorYears>60.877</r2:AllPriorYears>
            <r2:PriorYear>59.676</r2:PriorYear>
            <r2:CurrentYear>51.555</r2:CurrentYear>
            <r2:BudgetYearOne>53.983</r2:BudgetYearOne>
            <r2:BudgetYearOneBase>53.983</r2:BudgetYearOneBase>
            <r2:CostToComplete>Continuing</r2:CostToComplete>
            <r2:TotalCost>Continuing</r2:TotalCost>
        </r2:ProgramElementFunding>
        <r2:ProgramElementNote>New Start (Y/N): No</r2:ProgramElementNote>
        <r2:ProgramElementMissionDescription>The Applied Research for the Advancement of Science and Technology (S&amp;T) Priorities (ARAP) Program directly supports the Interim National Defense Strategy and aligns with DoD critical science and technology priorities, strengthening broadly applicable technical capabilities and fostering emerging technologies within the Department of Defense laboratories to enhance warfighter advantages. By funding foundational enabling technologies, the ARAP Program facilitates the design, development, advancement and transition of early-stage technologies and novel ideas, translating promising research into solutions for critical military needs that directly improve situational awareness through advanced sensors, enhanced lethality with precision weaponry, and more effective communication and coordination. Continuous infusion of new technology ensures our forces maintain a decisive edge and have the flexibility needed to adapt to diverse and rapidly changing operational environments. Furthermore, the ARAP Program fosters increased collaboration and partnership among science and engineering teams of subject matter experts across the DoD enterprise, providing funding to recruit top national talent from universities, and bolsters the in-house scientific and technical research capabilities of DoD laboratories, ultimately accelerating the delivery of advanced capabilities to our warfighters. 

The ARAP Program funds the activities of the DoD Reliance 21 collaborative framework. This framework’s core strength lies in its strategic planning and the DoD Science &amp; Technology (S&amp;T) Executive Committee’s (EXCOM) robust leadership, comprised of senior-level executives from across the Department. The S&amp;T EXCOM ensures coordinated resource allocation by convening regularly to align resources and proactively address emerging challenges. For example, the S&amp;T EXCOM recently awarded funding to accelerate the development of long-range strike capabilities that pushes the boundaries of several technological domains in response to evolving battlefield threats, and strategically prioritized investments in Quantum technology to enhance decision-making speed. This leadership is powered by a robust ecosystem of 16 S&amp;T Communities of Interest (COIs). These COIs, spanning cross-cutting topics like advanced materials, cyber warfare, biomedical and biotech, energy and power, warfighter and space platforms, and other critical technology areas, maintain a global perspective on technological advancements. They strategically guide investment through detailed technology roadmaps that inform and identify candidate ARAP projects, ensuring resources are directed towards the most promising and impactful areas.

The Applied Research for the Advancement of Science and Technology (S&amp;T) Priorities program strategically implements and executes Department-wide technology development portfolios, ensuring the timely availability of emerging capabilities that will transition and enhance the effectiveness of both near- and far-term weapon systems. Collaboration across multiple technical and technology areas is essential for increasingly complex modern weapons systems development. For example, a next-generation fighter jet might require advancements in materials science, artificial intelligence, sensor technology, propulsion, and cyber security. Progress in one area can be heavily dependent on breakthroughs in others. Collaboration across the DoD scientific and engineering communities allows subject matter experts from these fields to share knowledge, identify synergies, and overcome integration issues.  The ARAP Program provides the platform to facilitate this collaboration through three investment areas:(1) three-year, multi-Service, applied research projects selected by the S&amp;T Executive Committee (EXCOM); (2) two-year, multi-discipline, technology projects nominated by the S&amp;T Communities of Interest (COI) Leaders to address technology gaps or opportunities; and (3) technology assessment and study support to the COIs.  The execution of the ARAP Program by the Office of the Undersecretary of Defense and the support it provides to the S&amp;T COIs inspire and ensure joint strategic S&amp;T oversight and multi-Service, multi-agency, collaboration and coordination.</r2:ProgramElementMissionDescription>
        <r2:ChangeSummary>
            <r2:PreviousPresidentBudget>
                <r2:PriorYear>66.866</r2:PriorYear>
                <r2:CurrentYear>51.555</r2:CurrentYear>
                <r2:BudgetYearOne>54.154</r2:BudgetYearOne>
                <r2:BudgetYearOneBase>54.154</r2:BudgetYearOneBase>
            </r2:PreviousPresidentBudget>
            <r2:CurrentPresidentBudget>
                <r2:PriorYear>59.676</r2:PriorYear>
                <r2:CurrentYear>51.555</r2:CurrentYear>
                <r2:BudgetYearOne>53.983</r2:BudgetYearOne>
                <r2:BudgetYearOneBase>53.983</r2:BudgetYearOneBase>
            </r2:CurrentPresidentBudget>
            <r2:TotalAdjustments>
                <r2:PriorYear>-7.190</r2:PriorYear>
                <r2:CurrentYear>0.000</r2:CurrentYear>
                <r2:BudgetYearOne>-0.171</r2:BudgetYearOne>
                <r2:BudgetYearOneBase>-0.171</r2:BudgetYearOneBase>
            </r2:TotalAdjustments>
            <r2:AdjustmentDetails>
                <r2:CongressionalGeneralReductions>
                    <r2:PriorYear>-6.426</r2:PriorYear>
                </r2:CongressionalGeneralReductions>
                <r2:Reprogrammings>
                    <r2:PriorYear>-0.006</r2:PriorYear>
                </r2:Reprogrammings>
                <r2:SBIRSTTRTransfer>
                    <r2:PriorYear>-0.683</r2:PriorYear>
                </r2:SBIRSTTRTransfer>
                <r2:OtherAdjustmentDetailList>
                    <r2:OtherAdjustmentDetail>
                        <r2:Title>FFRDC Reductions</r2:Title>
                        <r2:Funding>
                            <r2:PriorYear>-0.075</r2:PriorYear>
                            <r2:BudgetYearOne>-0.009</r2:BudgetYearOne>
                            <r2:BudgetYearOneBase>-0.009</r2:BudgetYearOneBase>
                        </r2:Funding>
                    </r2:OtherAdjustmentDetail>
                    <r2:OtherAdjustmentDetail>
                        <r2:Title>Economic Assumptions</r2:Title>
                        <r2:Funding>
                            <r2:BudgetYearOne>-0.162</r2:BudgetYearOne>
                            <r2:BudgetYearOneBase>-0.162</r2:BudgetYearOneBase>
                        </r2:Funding>
                    </r2:OtherAdjustmentDetail>
                </r2:OtherAdjustmentDetailList>
            </r2:AdjustmentDetails>
            <r2:SummaryExplanation>The FY 2026 request includes economic assumption reduction of -$0.162 million and FFRDC reduction of -$0.009 million.</r2:SummaryExplanation>
        </r2:ChangeSummary>
        <r2:ProjectList>
            <r2:Project>
                <r2:ProjectNumber>227</r2:ProjectNumber>
                <r2:ProjectTitle>Applied Research for the Advancement of S&amp;T Priorities</r2:ProjectTitle>
                <r2:SpecialProject>0</r2:SpecialProject>
                <r2:ProjectFunding>
                    <r2:AllPriorYears>60.877</r2:AllPriorYears>
                    <r2:PriorYear>59.676</r2:PriorYear>
                    <r2:CurrentYear>51.555</r2:CurrentYear>
                    <r2:BudgetYearOne>53.983</r2:BudgetYearOne>
                    <r2:BudgetYearOneBase>53.983</r2:BudgetYearOneBase>
                    <r2:CostToComplete>Continuing</r2:CostToComplete>
                    <r2:TotalCost>Continuing</r2:TotalCost>
                </r2:ProjectFunding>
                <r2:R2aExhibit>
                    <r2:ProjectMissionDescription>The Applied Research for the Advancement of Science and Technology (S&amp;T) Priorities program was established to implement Department-wide technology development portfolios and foster tri-Service research areas of common interest within cross-cutting S&amp;T efforts.  The program has three investment areas:(1) three-year applied research projects selected by the S&amp;T Executive Committee (EXCOM); (2) two-year technology projects nominated by the S&amp;T Communities of Interest (CoIs) to address technology gaps or opportunities; and (3) technology assessment and study support to the CoIs.  The execution of the ARAP Program by the Office of the Secretary of Defense and the support it provides to the CoIs inspires and ensures joint strategic S&amp;T oversight and multi-Service, multi-agency collaboration and coordination.The Applied Research for the Advancement of Science and Technology (S&amp;T) Priorities (ARAP) Program directly supports the National Defense Strategy and aligns with DoD critical science and technology priorities, strengthening broadly applicable technical capabilities and fostering emerging technologies within the Department of Defense laboratories to enhance warfighter advantages. By funding foundational enabling technologies, the ARAP Program facilitates the design, development, advancement and transition of early-stage technologies and novel ideas, translating promising research into solutions for critical military needs that directly improve situational awareness through advanced sensors, enhanced lethality with precision weaponry, and more effective communication and coordination. Continuous infusion of new technology ensures our forces maintain a decisive edge and have the flexibility needed to adapt to diverse and rapidly changing operational environments. Furthermore, the ARAP Program fosters increased collaboration and partnership among science and engineering teams of subject matter experts across the DoD enterprise, providing funding to recruit top national talent from universities, and bolsters the in-house scientific and technical research capabilities of DoD laboratories, ultimately accelerating the delivery of advanced capabilities to our warfighters. 

The ARAP Program funds the activities of the DoD Reliance 21 collaborative framework. This framework’s core strength lies in its strategic planning and the DoD Science &amp; Technology (S&amp;T) Executive Committee’s (EXCOM) robust leadership, comprised of senior-level executives from across the Department. The S&amp;T EXCOM ensures coordinated resource allocation by convening regularly to align resources and proactively address emerging challenges. For example, the S&amp;T EXCOM recently awarded funding to accelerate the development of long-range strike capabilities that pushes the boundaries of several technological domains in response to evolving battlefield threats, and strategically prioritized investments in Quantum technology to enhance decision-making speed. This leadership is powered by a robust ecosystem of 16 S&amp;T Communities of Interest (COIs). These COIs, spanning cross-cutting topics like advanced materials, cyber warfare, biomedical and biotech, energy and power, warfighter and space platforms, and other critical technology areas, maintain a global perspective on technological advancements. They strategically guide investment through detailed technology roadmaps that inform and identify candidate ARAP projects, ensuring resources are directed towards the most promising and impactful areas.

The Applied Research for the Advancement of Science and Technology (S&amp;T) Priorities program strategically implements and executes Department-wide technology development portfolios, ensuring the timely availability of emerging capabilities that will transition and enhance the effectiveness of both near- and far-term weapon systems. Collaboration across multiple technical and technology areas is essential for increasingly complex modern weapons systems development. For example, a next-generation fighter jet might require advancements in materials science, artificial intelligence, sensor technology, propulsion, and cyber security. Progress in one area can be heavily dependent on breakthroughs in others. Collaboration across the DoD scientific and engineering communities allows subject matter experts from these fields to share knowledge, identify synergies, and overcome integration issues.  The ARAP Program provides the platform to facilitate this collaboration through three investment areas:(1) three-year, multi-Service, applied research projects selected by the S&amp;T Executive Committee (EXCOM); (2) two-year, multi-discipline, technology projects nominated by the S&amp;T Communities of Interest (COI) Leaders to address technology gaps or opportunities; and (3) technology assessment and study support to the COIs.  The execution of the ARAP Program by the Office of the Undersecretary of Defense and the support it provides to the S&amp;T COIs inspire and ensure joint strategic S&amp;T oversight and multi-Service, multi-agency, collaboration and coordination.</r2:ProjectMissionDescription>
                    <r2:AccomplishmentPlannedProgramList>
                        <r2:AccomplishmentPlannedProgram>
                            <r2:Title>Applied Research for the Advancement of S&amp;T Priorities (ARAP)</r2:Title>
                            <r2:Description>The program focuses on cross-cutting S&amp;T efforts that foster multi-service agency research areas of common interest that give the joint warfighter a technological advantage.  It focuses on emerging areas of science, building expertise within the DoD laboratories, including investment in laboratory infrastructure and people, and on research areas that are a foundation for further investments by the Services following the completion of the projects.

Cross-cutting efforts are aligned with DoD S&amp;T Priorities, such as Electromagnetic Warfare, Human Systems, Autonomy, Space, Kinetic Weapons, Directed Energy and Non-Lethal Weapons, Cyber, Sensors and Processing, Command, Control, Communications, Computers and Intelligence, Air Platforms, Ground and Sea Platforms, as well other focus areas, such as Materials and Manufacturing Processes.</r2:Description>
                            <r2:Accomplishment>
                                <r2:PriorYear>
                                    <r2:Funding>49.676</r2:Funding>
                                    <r2:Text>Complete Surface Morphing and Adaptive Structures for Hypersonics (SMASH) (Year 3 of 3) Conduct wind tunnel testing that demonstrates initial concepts to significantly extend the speed, range, and maneuverability of hypersonics.

Continue Advanced Power Electronics and Extreme-RF (APEX) (Year 2 of 3) Development of robust, solid-state, high-power RF device technology required to meet the future needs of the warfighter and counter emerging threats from our adversaries. Investigation of higher power RF transmitter chip sets improved thermal management and establish US capabilities in ultra-wide bandgap materials. 

Initiate new ARAP project to be selected in third quarter FY 2023.</r2:Text>
                                </r2:PriorYear>
                            </r2:Accomplishment>
                            <r2:PlannedProgram>
                                <r2:CurrentYear>
                                    <r2:Funding>48.055</r2:Funding>
                                    <r2:Text>Complete Advanced Power Electronics and Extreme-Radio Frequency (APEX) (Year 3 of 3) a Tri-service, multi-laboratory development of a robust, solid-state, high-power Radio Frequency device technology required to meet the future needs of the warfighter and counter emerging threats from our adversaries.  Investigation of higher power RF transmitter chip sets improved thermal management and establish US capabilities in ultra-wide bandgap materials.  

Continue Applied Research for the Advancement of Science and Technology Priorities (ARAP) project selected in FY 2023 and initiated in FY 2024, Classical-quantum Hybrid constructs to Advance Weapons Systems (CLAWS) (Year 2 of 3).  CLAWS is a Tri-service, multi-laboratory effort that will develop and demonstrate novel phenomena such as new phases in 2D materials and heterostructures, and long scale atomic coherence, to create disruptive DoD- capabilities in Infrared imaging, Positioning, Navigation and Timing (PNT), and nanophotonic devices, that will provide advanced capabilities to many military systems, particularly missiles and weapons platforms.

Funding reductions will require the ARAP program to accept additional risk in on-going efforts as well as to reduce flexibility in the breadth of activities that can be supported.  Specifically, the scope of the new ARAP project to be selected in third quarter FY 2024 must be reduced to accommodate the funding adjustments.</r2:Text>
                                </r2:CurrentYear>
                                <r2:BudgetYearOne>
                                    <r2:Funding>50.483</r2:Funding>
                                </r2:BudgetYearOne>
                                <r2:BudgetYearOneBase>
                                    <r2:Funding>50.483</r2:Funding>
                                    <r2:Text>To ensure continued progress on critically relevant, high-priority long-term hard problems identified on the DoD Services and Agencies research and engineering technology roadmaps, sustained funding is essential for the ARAP program’s four ongoing projects. These projects were jointly selected due to their direct impact on closing key technological gaps, making their continued support a strategic imperative for future advancements. Rapidly evolving global threats demand that our forces possess the most advanced technology to outpace adversaries. Investing in new technologies (high-temperature materials; sophisticated guidance and control systems; scramjets and dual-mode ramjets; quantum hybrid constructs) is not just about modernization; it’s about equipping our warfighters with the critical tools they need to deter threats, succeed in their mission, and return home safely. The four high-priority ARAP projects supported in FY 2026 are vital steps in this direction, directly addressing identified gaps and ensuring our warfighters have the technological superiority they need.

• Provide Funding for High-Priority ARAP Projects: 
  Classical-quantum Hybrid constructs to Advance Weapons Systems (CLAWS)ARAP Project. CLAWS is a tri-service, 
  multi-laboratory effort that will develop and demonstrate novel phenomena such as new phases in 2D materials and 
  heterostructures, and long scale atomic coherence, to create disruptive DoD- capabilities in Infrared imaging, 
  Positioning, Navigation and Timing (PNT), and nanophotonic devices, that will provide advanced capabilities to many 
  military systems.

•	Hypersonic Infrared Target Sensing (HITS). HITS is a tri-service, multi-laboratory effort that will develop the 
        transformational sensing solutions needed to place an infrared (IR) seeker on a hot hypersonic interceptor.
•       Implement a new FY2026 high-priority ARAP Project.
•	Solicit ARAP proposals and award a new FY2027 ARAP project.
•       Fund FY 2026 Emerging Research Opportunities (EROs).                                                                                            •       EROs accelerate BA 2, cross-cutting technologies that are enabled through multi-Service and multi-discipline 
        collaborations.
•	Solicit White Papers for FY 2027 EROs.</r2:Text>
                                </r2:BudgetYearOneBase>
                                <r2:AppChangeSummary>The increase of $2.428 million between FY 2025 and FY 2026 reflects continuation of CLAWS, HITS, and newly awarded ARAP Projects.</r2:AppChangeSummary>
                            </r2:PlannedProgram>
                        </r2:AccomplishmentPlannedProgram>
                        <r2:AccomplishmentPlannedProgram>
                            <r2:Title>Science &amp; Technology (S&amp;T) Communities of Interest (CoIs)</r2:Title>
                            <r2:Description>S&amp;T COIs facilitate coordination and collaboration across DoD Services and Agencies to reduce unnecessary duplication and optimize the development of critical S&amp;T technology development efforts across the DoD enterprise.  Their efforts include the development of joint S&amp;T roadmaps and the planning of technology integration and transition.  The S&amp;T COIs assess and address capability gaps and their multi-domain operational impact.

The S&amp;T COIs include Advanced Electronics; Air Platforms; Autonomy; Biomed; Biotechnology; Command, Control, Communications, Computers, and Intelligence (C4I); Cyber; Directed Energy - Non-Lethal Weapons; Electronic Warfare; Energy and Power; Ground and Sea Platforms; Human Systems; Kinetic Weapons; Materials and Manufacturing Processes; Sensors and Processing; and Space.</r2:Description>
                            <r2:Accomplishment>
                                <r2:PriorYear>
                                    <r2:Funding>5.000</r2:Funding>
                                    <r2:Text>Continue to provide support to the CoIs , in developing integrated technology roadmaps, conducting technology trade studies and technology gap analysis, and coordinating and building relationships with OSD Critical Technology Area leads.</r2:Text>
                                </r2:PriorYear>
                            </r2:Accomplishment>
                            <r2:PlannedProgram>
                                <r2:CurrentYear>
                                    <r2:Funding>3.500</r2:Funding>
                                    <r2:Text>Provide funding and subject matter expert to the Communities of Interest, allowing them to refresh existing integrated technology roadmaps, conduct limited technology trade studies and coordinate with OSD Critical Technology Area leaders.</r2:Text>
                                </r2:CurrentYear>
                                <r2:BudgetYearOne>
                                    <r2:Funding>3.500</r2:Funding>
                                </r2:BudgetYearOne>
                                <r2:BudgetYearOneBase>
                                    <r2:Funding>3.500</r2:Funding>
                                    <r2:Text>Provide funding and subject matter expert support to the S&amp;T Communities of Interest to develop integrated technology roadmaps, conducting limited technology trade studies, and facilitates coordination with OUSD(R&amp;E) Critical Technology Areas Leaders.</r2:Text>
                                </r2:BudgetYearOneBase>
                            </r2:PlannedProgram>
                        </r2:AccomplishmentPlannedProgram>
                        <r2:AccomplishmentPlannedProgram>
                            <r2:Title>Research Opportunities (EROs)</r2:Title>
                            <r2:Description>Emerging Research Opportunities (EROs) initiative focuses on identifying a single technology gap or problem and establishing multi-service laboratory teams to solve the problem in 12–24-months.  Solutions have the potential to develop the foundation for future research, to form long-standing collaborative teams across the Department, and to increase the maturity level of critical technologies.</r2:Description>
                            <r2:Accomplishment>
                                <r2:PriorYear>
                                    <r2:Funding>5.000</r2:Funding>
                                    <r2:Text>Support Seedlings initiated in FY 2023.  Identify and select new Seedling projects in FY 2024.</r2:Text>
                                </r2:PriorYear>
                            </r2:Accomplishment>
                        </r2:AccomplishmentPlannedProgram>
                    </r2:AccomplishmentPlannedProgramList>
                </r2:R2aExhibit>
            </r2:Project>
        </r2:ProjectList>
    </r2:ProgramElement>
</r2:ProgramElementList>