<?xml version="1.0" encoding="UTF-8"?>
<r2:ProgramElementList xmlns:r2="http://www.dtic.mil/comptroller/xml/schema/022009/r2" targetSchemaVersion="1.0">
    <r2:ProgramElement monetaryUnit="Millions">
        <r2:ProgramElementNumber>0604797D8Z</r2:ProgramElementNumber>
        <r2:ProgramElementTitle>Joint Energetics Transition Office (JETO)</r2:ProgramElementTitle>
        <r2:R1LineNumber>120</r2:R1LineNumber>
        <r2:BudgetYear>2026</r2:BudgetYear>
        <r2:BudgetCycle>PB</r2:BudgetCycle>
        <r2:SubmissionDate>2025-06</r2:SubmissionDate>
        <r2:ServiceAgencyName>Office of the Secretary Of Defense</r2:ServiceAgencyName>
        <r2:AppropriationCode>0400</r2:AppropriationCode>
        <r2:AppropriationName>Research, Development, Test &amp; Evaluation, Defense-Wide</r2:AppropriationName>
        <r2:BudgetActivityNumber>4</r2:BudgetActivityNumber>
        <r2:BudgetActivityTitle>Advanced Component Development &amp; Prototypes (ACD&amp;P)</r2:BudgetActivityTitle>
        <r2:ProgramElementFunding>
            <r2:AllPriorYears>0.000</r2:AllPriorYears>
            <r2:PriorYear>0.000</r2:PriorYear>
            <r2:CurrentYear>0.000</r2:CurrentYear>
            <r2:BudgetYearOne>3.000</r2:BudgetYearOne>
            <r2:BudgetYearOneBase>3.000</r2:BudgetYearOneBase>
        </r2:ProgramElementFunding>
        <r2:ProgramElementNote>New Start: Yes</r2:ProgramElementNote>
        <r2:ProgramElementMissionDescription>The FY 2024 National Defense Authorizations Act (NDAA) directs The Under Secretary of Defense for Acquisition and Sustainment (USD(A&amp;S)) and Under Secretary of Defense for Research and Engineering (USD(R&amp;E)) to select the Head and Deputy Head of Joint Energetics Transition Office (JETO), respectively.  JETO will establish and manage a DoD field activity dedicated to systems engineering associated with energetic materials. Additionally, JETO has been assigned strategic roles, tactical roles, coordination responsibilities, and directed studies.  

This new joint office is intended to improve the transition of energetic materials and technologies to programs of record.  It will also result in cost savings through economies of scale and lower barriers for additional suppliers entering the market. Roles and responsibilities of include:

DoD Field Office: The establishment and management of a Department of Defense field activity will be dedicated to systems engineering associated with energetic materials.  The field activity mission will be to reduce technical risk; integrate research; develop, test, and evaluate energetic materials; and perform Department of Defense system demonstration programs on novel energetic materials for use in weapon systems. This field office will execute studies to inform the Energetic Materials Strategic Plan and Investment Strategy.  Per NDAA language, these activities must be funded under budget activity 3 (advanced technology development) or budget activity 4 (advanced component development and prototypes). 

Strategic Roles: JETO will create an Energetic Materials Strategic Plan and Investment Strategy and report on changes and progress annually.   

Tactical Roles: JETO will identify and develop plans to alleviate any shortfalls in the supply chain for energetic materials.  It will determine targets which would be better addressed with advanced energetics materials.  It will also conduct studies which inform the Program Objective Memorandum (POM) process.

Coordination: JETO will identify promising new energetic materials and technologies.  It will mature, integrate, prototype, test, and demonstrate novel energetic materials and technologies.  It will also expedite the transition of energetic materials and technologies from the research and development phase to production and operational use.  Finally, it will identify or establish prototyping demonstration venues.

Directed Studies: JETO will oversee processes, including recommending changes to regulations to (1) expedite the validation, verification, and accreditation of modeling and simulation, and (2) expedite the qualification process for energetic materials, from discovery through integration.

Additionally, the NDAA generated a requirement for three standalone reports and one annual report to be fulfilled by JETO.</r2:ProgramElementMissionDescription>
        <r2:ChangeSummary>
            <r2:PreviousPresidentBudget>
                <r2:PriorYear>0.000</r2:PriorYear>
                <r2:CurrentYear>0.000</r2:CurrentYear>
                <r2:BudgetYearOne>0.000</r2:BudgetYearOne>
                <r2:BudgetYearOneBase>0.000</r2:BudgetYearOneBase>
            </r2:PreviousPresidentBudget>
            <r2:CurrentPresidentBudget>
                <r2:PriorYear>0.000</r2:PriorYear>
                <r2:CurrentYear>0.000</r2:CurrentYear>
                <r2:BudgetYearOne>3.000</r2:BudgetYearOne>
                <r2:BudgetYearOneBase>3.000</r2:BudgetYearOneBase>
            </r2:CurrentPresidentBudget>
            <r2:TotalAdjustments>
                <r2:PriorYear>0.000</r2:PriorYear>
                <r2:CurrentYear>0.000</r2:CurrentYear>
                <r2:BudgetYearOne>3.000</r2:BudgetYearOne>
                <r2:BudgetYearOneBase>3.000</r2:BudgetYearOneBase>
            </r2:TotalAdjustments>
            <r2:AdjustmentDetails>
                <r2:OtherAdjustmentDetailList>
                    <r2:OtherAdjustmentDetail>
                        <r2:Title>Program Adjustment</r2:Title>
                        <r2:Funding>
                            <r2:PriorYear>0.000</r2:PriorYear>
                            <r2:CurrentYear>0.000</r2:CurrentYear>
                            <r2:BudgetYearOne>3.000</r2:BudgetYearOne>
                            <r2:BudgetYearOneBase>3.000</r2:BudgetYearOneBase>
                        </r2:Funding>
                    </r2:OtherAdjustmentDetail>
                </r2:OtherAdjustmentDetailList>
            </r2:AdjustmentDetails>
            <r2:SummaryExplanation>FY 2026 $3.000 million to initiate the execution of roles and responsibilities of JETO as directed by the FY 2024 National Defense Authorization Act (NDAA), Section 241.</r2:SummaryExplanation>
        </r2:ChangeSummary>
        <r2:ProjectList>
            <r2:Project>
                <r2:ProjectNumber>631</r2:ProjectNumber>
                <r2:ProjectTitle>Joint Energetics Transition Office (JETO)</r2:ProjectTitle>
                <r2:SpecialProject>0</r2:SpecialProject>
                <r2:ProjectFunding>
                    <r2:AllPriorYears>0.000</r2:AllPriorYears>
                    <r2:PriorYear>0.000</r2:PriorYear>
                    <r2:CurrentYear>0.000</r2:CurrentYear>
                    <r2:BudgetYearOne>3.000</r2:BudgetYearOne>
                    <r2:BudgetYearOneBase>3.000</r2:BudgetYearOneBase>
                    <r2:BudgetYearOneOOC>0.000</r2:BudgetYearOneOOC>
                </r2:ProjectFunding>
                <r2:R2aExhibit>
                    <r2:ProjectNote>New Start: Yes</r2:ProjectNote>
                    <r2:ProjectMissionDescription>The FY 2024 National Defense Authorizations Act (NDAA) directs The Under Secretary of Defense for Acquisition and Sustainment (USD(A&amp;S)) and Under Secretary of Defense for Research and Engineering (USD(R&amp;E)) to select the Head and Deputy Head of Joint Energetics Transition Office (JETO), respectively.  JETO will establish and manage a DoD field activity dedicated to systems engineering associated with energetic materials. Additionally, JETO has been assigned strategic roles, tactical roles, coordination responsibilities, and directed studies.  

This new joint office is intended to improve the transition of energetic materials and technologies to programs of record.  It will also result in cost savings through economies of scale and lower barriers for additional suppliers entering the market.</r2:ProjectMissionDescription>
                    <r2:AccomplishmentPlannedProgramList>
                        <r2:AccomplishmentPlannedProgram>
                            <r2:Title>Initiate execution of JETO roles and responsibilities</r2:Title>
                            <r2:Description>Begin staffing and execution of the JETO, limited to the following statutory roles and responsibilities:

1.	Develop an energetic materials strategic plan and investment strategy, including performance metrics
2.	Leverage existing tools and working groups to track supply chains and identify shortfalls
3.	Coordinate DoD technology strategy for energetic materials
4.	Share energetic Test &amp; Evaluation (T&amp;E) data across the Department of Defense
5.	Review and assess qualifications policies to identify opportunities to expedite transition
6.	Submit an annual report on JETO activities</r2:Description>
                            <r2:Accomplishment>
                                <r2:PriorYear>
                                    <r2:Funding>0.000</r2:Funding>
                                </r2:PriorYear>
                            </r2:Accomplishment>
                            <r2:PlannedProgram>
                                <r2:CurrentYear>
                                    <r2:Funding>0.000</r2:Funding>
                                    <r2:Text>N/A: New start in FY 2026</r2:Text>
                                </r2:CurrentYear>
                                <r2:BudgetYearOne>
                                    <r2:Funding>3.000</r2:Funding>
                                </r2:BudgetYearOne>
                                <r2:BudgetYearOneBase>
                                    <r2:Funding>3.000</r2:Funding>
                                    <r2:Text>Plans are to initiate staffing and execution of JETO roles and responsibilities in FY 2026. Funding only available to execute those activities in FY 2026.</r2:Text>
                                </r2:BudgetYearOneBase>
                                <r2:BudgetYearOneOOC>
                                    <r2:Funding>0.000</r2:Funding>
                                    <r2:Text>N/A</r2:Text>
                                </r2:BudgetYearOneOOC>
                                <r2:AppChangeSummary>New start in FY 2026 as directed by the FY 2024 National Defense Authorizations Act (NDAA)</r2:AppChangeSummary>
                            </r2:PlannedProgram>
                        </r2:AccomplishmentPlannedProgram>
                    </r2:AccomplishmentPlannedProgramList>
                    <r2:AcquisitionStrategy>JETO will leverage most efficient contract vehicles to include Other Transaction Authorities (OTA) and new and existing contract vehicles.</r2:AcquisitionStrategy>
                </r2:R2aExhibit>
                <r2:R3Exhibit>
                    <r2:CostCategoryGroupList>
                        <r2:CostCategoryGroup>
                            <r2:Name>Support</r2:Name>
                            <r2:CostCategoryItemList>
                                <r2:CostCategoryItem>
                                    <r2:Name>Various MIPRs</r2:Name>
                                    <r2:FundingVehicle>MIPR</r2:FundingVehicle>
                                    <r2:PerformingActivity>Various</r2:PerformingActivity>
                                    <r2:PerformingActivityLocation>TBD</r2:PerformingActivityLocation>
                                    <r2:Cost>
                                        <r2:TotalPreviousYears>0.000</r2:TotalPreviousYears>
                                        <r2:PriorYear>
                                            <r2:Amount>0.000</r2:Amount>
                                        </r2:PriorYear>
                                        <r2:CurrentYear>
                                            <r2:Amount>0.000</r2:Amount>
                                        </r2:CurrentYear>
                                        <r2:BudgetYearOne>
                                            <r2:Amount>3.000</r2:Amount>
                                        </r2:BudgetYearOne>
                                        <r2:BudgetYearOneBase>
                                            <r2:Amount>3.000</r2:Amount>
                                            <r2:AwardDate>2025-10</r2:AwardDate>
                                        </r2:BudgetYearOneBase>
                                    </r2:Cost>
                                </r2:CostCategoryItem>
                            </r2:CostCategoryItemList>
                        </r2:CostCategoryGroup>
                    </r2:CostCategoryGroupList>
                </r2:R3Exhibit>
                <r2:R4aExhibit>
                    <r2:SubProjectScheduleList>
                        <r2:SubProjectSchedule>
                            <r2:Title>Project Selection</r2:Title>
                            <r2:ScheduleDetailList>
                                <r2:ScheduleDetail>
                                    <r2:EventTitle>JETO</r2:EventTitle>
                                    <r2:Schedule>
                                        <r2:Start>
                                            <r2:Quarter>1</r2:Quarter>
                                            <r2:Year>2026</r2:Year>
                                        </r2:Start>
                                        <r2:End>
                                            <r2:Quarter>4</r2:Quarter>
                                            <r2:Year>2026</r2:Year>
                                        </r2:End>
                                    </r2:Schedule>
                                </r2:ScheduleDetail>
                            </r2:ScheduleDetailList>
                        </r2:SubProjectSchedule>
                    </r2:SubProjectScheduleList>
                </r2:R4aExhibit>
            </r2:Project>
        </r2:ProjectList>
    </r2:ProgramElement>
</r2:ProgramElementList>