<?xml version="1.0" encoding="UTF-8"?>
<r2:ProgramElementList xmlns:r2="http://www.dtic.mil/comptroller/xml/schema/022009/r2" targetSchemaVersion="1.0">
    <r2:ProgramElement monetaryUnit="Millions">
        <r2:ProgramElementNumber>0604400D8Z</r2:ProgramElementNumber>
        <r2:ProgramElementTitle>Department of Defense (DoD) Unmanned Systems Common Development</r2:ProgramElementTitle>
        <r2:R1LineNumber>112</r2:R1LineNumber>
        <r2:BudgetYear>2026</r2:BudgetYear>
        <r2:BudgetCycle>PB</r2:BudgetCycle>
        <r2:SubmissionDate>2025-06</r2:SubmissionDate>
        <r2:ServiceAgencyName>Office of the Secretary Of Defense</r2:ServiceAgencyName>
        <r2:AppropriationCode>0400</r2:AppropriationCode>
        <r2:AppropriationName>Research, Development, Test &amp; Evaluation, Defense-Wide</r2:AppropriationName>
        <r2:BudgetActivityNumber>4</r2:BudgetActivityNumber>
        <r2:BudgetActivityTitle>Advanced Component Development &amp; Prototypes (ACD&amp;P)</r2:BudgetActivityTitle>
        <r2:ProgramElementFunding>
            <r2:AllPriorYears>109.567</r2:AllPriorYears>
            <r2:PriorYear>41.338</r2:PriorYear>
            <r2:CurrentYear>9.527</r2:CurrentYear>
            <r2:BudgetYearOne>2.142</r2:BudgetYearOne>
            <r2:BudgetYearOneBase>2.142</r2:BudgetYearOneBase>
        </r2:ProgramElementFunding>
        <r2:ProgramElementNote>New Start (Y/N): No</r2:ProgramElementNote>
        <r2:ProgramElementMissionDescription>The Department of Defense (DoD) Unmanned System Common Development Program allows the Office of the Under Secretary of Defense for Acquisition and Sustainment (OUSD(A&amp;S)) to support both the near-term and long-term advancement of DoD unmanned systems capabilities. This includes the development of common technologies, standards, concepts, and guidance that can be applied across all Military Services. Currently, this effort is primarily focused on the development of technologies and concepts that support the operation of DoD Small Unmanned Aerial System (UAS) both in the U.S. National Airspace and in an expeditionary environment. While the initial focus is on Small UAS, supporting unmanned systems of all sizes and modalities is the long-term goal. Key aspects of the initial Small UAS effort include (1) making available unmanned systems and components for DoD procurement and operation that are safe, secure, interoperable, and effective on the modern battle field, (2) facilitating access and integration of unmanned systems into military and civilian environments in a safe and effective manner, and (3) establishing and overseeing coordination, agreements, guidance, and standards that enable the DoD’s operation of unmanned systems in military and civilian environments.</r2:ProgramElementMissionDescription>
        <r2:ChangeSummary>
            <r2:PreviousPresidentBudget>
                <r2:PriorYear>2.643</r2:PriorYear>
                <r2:CurrentYear>2.527</r2:CurrentYear>
                <r2:BudgetYearOne>2.508</r2:BudgetYearOne>
                <r2:BudgetYearOneBase>2.508</r2:BudgetYearOneBase>
            </r2:PreviousPresidentBudget>
            <r2:CurrentPresidentBudget>
                <r2:PriorYear>41.338</r2:PriorYear>
                <r2:CurrentYear>9.527</r2:CurrentYear>
                <r2:BudgetYearOne>2.142</r2:BudgetYearOne>
                <r2:BudgetYearOneBase>2.142</r2:BudgetYearOneBase>
            </r2:CurrentPresidentBudget>
            <r2:TotalAdjustments>
                <r2:PriorYear>38.695</r2:PriorYear>
                <r2:CurrentYear>7.000</r2:CurrentYear>
                <r2:BudgetYearOne>-0.366</r2:BudgetYearOne>
                <r2:BudgetYearOneBase>-0.366</r2:BudgetYearOneBase>
            </r2:TotalAdjustments>
            <r2:AdjustmentDetails>
                <r2:CongressionalAdds>
                    <r2:PriorYear>39.072</r2:PriorYear>
                    <r2:CurrentYear>7.000</r2:CurrentYear>
                </r2:CongressionalAdds>
                <r2:SBIRSTTRTransfer>
                    <r2:PriorYear>-0.349</r2:PriorYear>
                </r2:SBIRSTTRTransfer>
                <r2:OtherAdjustmentDetailList>
                    <r2:OtherAdjustmentDetail>
                        <r2:Title>DOGE Cost Efficiency</r2:Title>
                        <r2:Funding>
                            <r2:BudgetYearOne>-0.357</r2:BudgetYearOne>
                            <r2:BudgetYearOneBase>-0.357</r2:BudgetYearOneBase>
                        </r2:Funding>
                    </r2:OtherAdjustmentDetail>
                    <r2:OtherAdjustmentDetail>
                        <r2:Title>Inflation adjustment</r2:Title>
                        <r2:Funding>
                            <r2:BudgetYearOne>-0.007</r2:BudgetYearOne>
                            <r2:BudgetYearOneBase>-0.007</r2:BudgetYearOneBase>
                        </r2:Funding>
                    </r2:OtherAdjustmentDetail>
                    <r2:OtherAdjustmentDetail>
                        <r2:Title>Internal Realignment</r2:Title>
                        <r2:Funding>
                            <r2:PriorYear>-0.028</r2:PriorYear>
                            <r2:BudgetYearOne>-0.002</r2:BudgetYearOne>
                            <r2:BudgetYearOneBase>-0.002</r2:BudgetYearOneBase>
                        </r2:Funding>
                    </r2:OtherAdjustmentDetail>
                </r2:OtherAdjustmentDetailList>
            </r2:AdjustmentDetails>
            <r2:SummaryExplanation>The FY 2026 request was reduced by $0.357 million for Advisory and Assistance Services to promote efficiencies and advance the policies of the Administration in alignment with Executive Order 14222, “Implementing the President’s Department of Government Efficiency Cost Efficiency Initiative," $0.007 million reduction for inflation adjustment, and an additional $0.002 million reduction for internal realignment.</r2:SummaryExplanation>
        </r2:ChangeSummary>
        <r2:ProjectList>
            <r2:Project>
                <r2:ProjectNumber>440</r2:ProjectNumber>
                <r2:ProjectTitle>Unmanned Systems Development</r2:ProjectTitle>
                <r2:SpecialProject>0</r2:SpecialProject>
                <r2:ProjectFunding>
                    <r2:AllPriorYears>61.491</r2:AllPriorYears>
                    <r2:PriorYear>33.913</r2:PriorYear>
                    <r2:CurrentYear>1.210</r2:CurrentYear>
                    <r2:BudgetYearOne>0.799</r2:BudgetYearOne>
                    <r2:BudgetYearOneBase>0.799</r2:BudgetYearOneBase>
                </r2:ProjectFunding>
                <r2:R2aExhibit>
                    <r2:ProjectMissionDescription>The FY 2026 request for Unmanned Systems Development includes $0.799 thousand of discretionary funds which supports the Department’s unmanned system development goals of making available commercial unmanned systems and components for DoD procurement and operations that are safe, secure, interoperable, and effective on the modern battlefield. This effort includes: (1) identifying and mitigating unmanned system related cyber and operations security threats, (2) developing standards, concepts, and guidance that support the Department’s procurement and operation of unmanned systems, and (3) facilitating the acquisition of modern commercially developed unmanned systems for DoD use that are sourced from trusted supply chains and are cyber-secure.</r2:ProjectMissionDescription>
                    <r2:CongressionalAddDetailList>
                        <r2:CongressionalAddDetail>
                            <r2:Title>Department of Defense (DoD) Unmanned System Common Development</r2:Title>
                            <r2:PriorYear>
                                <r2:Funding>1.000</r2:Funding>
                                <r2:Text>The additional funding allowed the Department to develop, demonstrate, and assess the technologies and concepts needed to support the responsive, precise, flexible, and efficient transport of military cargo via uncrewed platforms at a tactical level. This included the use of a semi-autonomous air transport capability that provides point-to-point delivery of cargo to company size units at a location that is beyond line-of-sight of the supply hub location. The successful simulated efforts accomplished in FY 2024 will set the stage for follow-on live flight operations that will ultimately lead to the routine use of UAS supported cargo delivery operations conducted across the Department. This effort included partnerships with the Northern Plains UAS Test Site, Grand Forks County North Dakota, National Aeronautics and Space Administration (NASA), the MITRE Corporation, and the Air Force Research Laboratory.  The effort also included the development of the Department’s UAS airspace operations concept document which is necessary to align all DoD UAS airspace integration Research, Development, Test and Evaluation (RDT&amp;E) efforts towards a single objective.</r2:Text>
                            </r2:PriorYear>
                            <r2:CurrentYear>
                                <r2:Funding>0.000</r2:Funding>
                                <r2:Text>N/A</r2:Text>
                            </r2:CurrentYear>
                        </r2:CongressionalAddDetail>
                    </r2:CongressionalAddDetailList>
                    <r2:AccomplishmentPlannedProgramList>
                        <r2:AccomplishmentPlannedProgram>
                            <r2:Title>Unmanned Systems Development</r2:Title>
                            <r2:Description>FY 2024 Accomplishments:  Under this program the DOD continued to support its goal of making available unmanned systems and components for DoD procurement and operations that are safe, secure, resilient, and interoperable. Specific accomplishments included overseeing the procurement and operation of all UAS to ensure the compliance with applicable policies and regulations and the mitigation of potential cyber and operations security vulnerabilities. Accomplishments also included supporting the effort to make safe, secure, resilient, and interoperable unmanned systems and components available for the Department’s use by (1) adding several unique platforms to the Blue UAS Cleared List, (2) adding numerous vetted components to the Blue UAS Component List, (3) supporting the sustainment of existing and new Blue UAS systems to ensure the integrity of these platforms are maintained over time, and (4) updating the Department’s policy to streamline the review and approval process for the use of commercially developed UAS.</r2:Description>
                            <r2:Accomplishment>
                                <r2:PriorYear>
                                    <r2:Funding>32.913</r2:Funding>
                                    <r2:Text>- Continue rapidly identifying, testing, selecting, and making available commercial Small UAS capable of meeting the operational demands of the DoD. This effort is intended to increase the availably of Blue UAS and Blue UAS components for future procurement by the DoD.
- Continue conducting penetration testing and cybersecurity assessment on unmanned systems in order to assess and validate system security and provide the Government with an understanding of the level of security risk incurred by system operation. 
- Integrate Cyber Security Policies and standards into unmanned system Architectures.
- Continue  the development of unmanned systems cyber security concepts in order to limit cyber security vulnerabilities.
- Continue updating  the Department's unmanned systems integrated roadmap.
- Continue validating autonomous safety precepts for unmanned systems.
- Improve cybersecurity and communication links of unmanned systems.
- Continue to develop safety standards and policy for unmanned and autonomous systems that will allow for the incorporation of artificial intelligence. 
- Develop autonomy test and evaluation standards and architectures using modeling and simulation.
- Support for unmanned systems interoperability and integration workshop and technical exchange meetings.
- Investigating a cyber-secure solution for integrating artificial intelligent systems into unmanned systems.   
- Continue development and demonstrating of  interoperable, standards-based, open architecture solution for cross-domain (air, ground, surface, sub-surface) unmanned systems communication.</r2:Text>
                                </r2:PriorYear>
                            </r2:Accomplishment>
                            <r2:PlannedProgram>
                                <r2:CurrentYear>
                                    <r2:Funding>1.210</r2:Funding>
                                    <r2:Text>- Continue rapidly identifying, testing, selecting, and making available commercial Small UAS capable of meeting the operational demands of the DoD. This effort is intended to increase the availability of Blue UAS and Blue UAS components for future procurement by the DoD.
- Continue conducting penetration testing and cybersecurity assessment on unmanned systems in order to assess and validate system security and provide the Government with an understanding of the level of security risk incurred by system operation. 
- Integrate Cyber Security Policies and standards into unmanned system Architectures.
- Continue the development of unmanned systems cyber security concepts in order to limit cyber security vulnerabilities.
- Continue updating the Department's unmanned systems integrated roadmap.
- Continue validating autonomous safety precepts for unmanned systems.
- Improve cybersecurity and communication links of unmanned systems.
- Continue to develop safety standards and policy for unmanned and autonomous systems that will allow for the incorporation of artificial intelligence. 
- Develop autonomy test and evaluation standards and architectures using modeling and simulation.
- Support unmanned systems interoperability and integration workshop and technical exchange meetings.
- Investigating a cyber-secure solution for integrating artificial intelligent systems into unmanned systems.   
- Continue development and demonstrating of interoperable, standards-based, open architecture solution for cross-domain (air, ground, surface, sub-surface) unmanned systems communication.</r2:Text>
                                </r2:CurrentYear>
                                <r2:BudgetYearOne>
                                    <r2:Funding>0.799</r2:Funding>
                                </r2:BudgetYearOne>
                                <r2:BudgetYearOneBase>
                                    <r2:Funding>0.799</r2:Funding>
                                    <r2:Text>- Conduct penetration testing and cybersecurity assessments on unmanned systems in order to assess and validate system security and provide the government with an understanding of the level of security risk incurred by system operation.
- Integrate Cyber Security Policies and standards into unmanned system Architectures.
- Continue the development of unmanned systems cyber security concepts in order to limit and mitigate against cybersecurity risk.
- Identify, test, and make available the latest commercial small UAS technology that is capable of meeting the operational demands of the DoD. This effort is intended to take lessons from recent combat operations and apply them to the development and employment of future DoD one-way-attack and autonomous unmanned systems.
- Collaborate with Joint stakeholders to update the Department's unmanned systems related strategy documents.</r2:Text>
                                </r2:BudgetYearOneBase>
                                <r2:AppChangeSummary>The change between FY 2025 and FY 2026 is a reallocation between the Program Element (PE) project codes.  The overall PE has no significant change in funding levels.</r2:AppChangeSummary>
                            </r2:PlannedProgram>
                        </r2:AccomplishmentPlannedProgram>
                    </r2:AccomplishmentPlannedProgramList>
                    <r2:AcquisitionStrategy>N/A</r2:AcquisitionStrategy>
                </r2:R2aExhibit>
                <r2:R3Exhibit>
                    <r2:CostCategoryGroupList>
                        <r2:CostCategoryGroup>
                            <r2:Name>Support</r2:Name>
                            <r2:CostCategoryItemList>
                                <r2:CostCategoryItem>
                                    <r2:Name>Unmanned Systems Development Support</r2:Name>
                                    <r2:ContractMethod>C</r2:ContractMethod>
                                    <r2:ContractType>CPFF</r2:ContractType>
                                    <r2:PerformingActivity>USAF/OSD</r2:PerformingActivity>
                                    <r2:PerformingActivityLocation>AFLCMC</r2:PerformingActivityLocation>
                                    <r2:Cost>
                                        <r2:TotalPreviousYears>61.491</r2:TotalPreviousYears>
                                        <r2:PriorYear>
                                            <r2:Amount>33.913</r2:Amount>
                                        </r2:PriorYear>
                                        <r2:CurrentYear>
                                            <r2:Amount>1.210</r2:Amount>
                                        </r2:CurrentYear>
                                        <r2:BudgetYearOne>
                                            <r2:Amount>0.799</r2:Amount>
                                        </r2:BudgetYearOne>
                                        <r2:BudgetYearOneBase>
                                            <r2:Amount>0.799</r2:Amount>
                                        </r2:BudgetYearOneBase>
                                        <r2:CostToComplete>Continuing</r2:CostToComplete>
                                        <r2:TotalCost>Continuing</r2:TotalCost>
                                    </r2:Cost>
                                </r2:CostCategoryItem>
                            </r2:CostCategoryItemList>
                        </r2:CostCategoryGroup>
                    </r2:CostCategoryGroupList>
                </r2:R3Exhibit>
                <r2:R4aExhibit>
                    <r2:SubProjectScheduleList>
                        <r2:SubProjectSchedule>
                            <r2:Title>Unmanned Systems Development Support</r2:Title>
                            <r2:ScheduleDetailList>
                                <r2:ScheduleDetail>
                                    <r2:EventTitle>Unmanned Systems Development Support</r2:EventTitle>
                                    <r2:Schedule>
                                        <r2:Start>
                                            <r2:Quarter>4</r2:Quarter>
                                            <r2:Year>2024</r2:Year>
                                        </r2:Start>
                                        <r2:End>
                                            <r2:Quarter>3</r2:Quarter>
                                            <r2:Year>2028</r2:Year>
                                        </r2:End>
                                    </r2:Schedule>
                                </r2:ScheduleDetail>
                            </r2:ScheduleDetailList>
                        </r2:SubProjectSchedule>
                    </r2:SubProjectScheduleList>
                </r2:R4aExhibit>
            </r2:Project>
            <r2:Project>
                <r2:ProjectNumber>442</r2:ProjectNumber>
                <r2:ProjectTitle>Unmanned Systems Integration</r2:ProjectTitle>
                <r2:SpecialProject>0</r2:SpecialProject>
                <r2:ProjectFunding>
                    <r2:AllPriorYears>43.393</r2:AllPriorYears>
                    <r2:PriorYear>6.249</r2:PriorYear>
                    <r2:CurrentYear>7.083</r2:CurrentYear>
                    <r2:BudgetYearOne>0.726</r2:BudgetYearOne>
                    <r2:BudgetYearOneBase>0.726</r2:BudgetYearOneBase>
                </r2:ProjectFunding>
                <r2:R2aExhibit>
                    <r2:ProjectMissionDescription>The FY 2026 request for Unmanned Systems Integration includes $0.726 thousand of discretionary funds which supports the Department’s unmanned system integration goals of facilitating access and integration of unmanned systems into military and civilian environments in a safe and effective manner. This effort includes: (1) the safe and effective integration of UAS within civil and military airspace and (2) the development of standards, concepts, and guidance to support this integration. In the near-term, this project is focused on the development of concepts and prototype systems that support the DoD UAS integration mission and includes the execution of various evaluation events that integrate military UAS with ATC operations and other airspace related activities. This effort also includes the development and integration of the following current airspace access and integration system initiatives: (1) UAS Drone Zone, (2) Low Altitude Authorization and Notification Capability (LAANC), and (3) UAS Traffic Management (UTM). The long-term goal of this project is to establish the ability for DoD UAS to operate beyond visual line of sight (BVLOS) safely, effectively, and routinely in U.S. national, foreign national, international, training, and combat airspace. The results from this effort will be shared with federal partners, to include the Federal Aviation Administration (FAA), in order to help shape the development of UAS airspace access and integration related concepts, technology, and rulemaking.</r2:ProjectMissionDescription>
                    <r2:CongressionalAddDetailList>
                        <r2:CongressionalAddDetail>
                            <r2:Title>Unmanned Systems Integration</r2:Title>
                            <r2:PriorYear>
                                <r2:Funding>5.500</r2:Funding>
                                <r2:Text>The additional funding allowed the Department to develop, demonstrate, and assess the technologies and concepts needed to support the responsive, precise, flexible, and efficient transport of military cargo via uncrewed platforms at a tactical level. This included the use of a semi-autonomous air transport capability that provides point-to-point delivery of cargo to company size units at a location that is beyond line-of-sight of the supply hub location. The successful simulated efforts accomplished in FY 2024 will set the stage for follow-on live flight operations that will ultimately lead to the routine use of UAS supported cargo delivery operations conducted across the Department. This effort included partnerships with the Northern Plains UAS Test Site, Grand Forks County North Dakota, National Aeronautics and Space Administration (NASA), the MITRE Corporation, and the Air Force Research Laboratory.  The effort also included the development of the Department’s UAS airspace operations concept document which is necessary to align all DoD UAS airspace integration Research, Development, Test and Evaluation (RDT&amp;E) efforts towards a single objective.</r2:Text>
                            </r2:PriorYear>
                            <r2:CurrentYear>
                                <r2:Funding>6.500</r2:Funding>
                                <r2:Text>FY 2025 Plans: The additional funding will allow the Department to advance its long-term goal of enabling routine, efficient, safe, and secure airspace access and integration for DOD unmanned aerial systems (UAS) and counter UAS related operations conducted within both civilian and military airspace. Specific plans for the ‘Unmanned Systems Integration’ funding line in FY 2025 include:
-Build on the technology, concepts, and procedures developed under previous Project ULTRA efforts to plan and execute numerous live flight cargo delivery events and other UAS capabilities.
-Develop and validate UAS logistical support technologies and concepts needed to operate a UAS to enable the responsive, precise, flexible, and efficient transport of military cargo at a tactical level. 
-Develop and validate airspace integration technologies and concepts developed by DoD, NASA, and industry that enable DoD UAS to safely conduct beyond visual line of sight operations in U.S. national airspace outside of restricted or prohibited areas.</r2:Text>
                            </r2:CurrentYear>
                        </r2:CongressionalAddDetail>
                    </r2:CongressionalAddDetailList>
                    <r2:AccomplishmentPlannedProgramList>
                        <r2:AccomplishmentPlannedProgram>
                            <r2:Title>Unmanned Systems Integration</r2:Title>
                            <r2:Description>FY 2024 Accomplishments:  Under this program the DoD conducted various testing efforts that focused on the continued development and testing of technologies and concepts that will support the DoD’s long-term goal of enabling routine, efficient, safe, and secure airspace access and integration for DoD UAS operations. Specific accomplishments included (1) the successful evaluation of the FAA Low Altitude Authorization and Notification Capability for DoD use, setting the stage for integrating systems at DoD Air Traffic Control facilities across the Department, (2) transitioning the Department’s airspace access program from the Certificate of Authorization (COA) Approval Processing System (CAPS) to the Drone Zone system, (3) the development and evaluation of DoD UTM related prototype systems that will enable future UAS beyond visual line-of-sight operations for the Department within both civil and military airspace, and (4) demonstrating the ability to successfully pass telemetry data from multiple platforms on the Blue UAS Cleared list to the DoD prototype UTM system.</r2:Description>
                            <r2:Accomplishment>
                                <r2:PriorYear>
                                    <r2:Funding>0.749</r2:Funding>
                                    <r2:Text>- Develop DoD prototype UAS integration/security systems and associated concepts that support DoD operations in both US national airspace and expeditionary airspace.
- Ensure concepts and systems developed are aligned with the vision established in current UAS integration and security related concept of operations documents. 
- Assist in the development of future DoD UAS integration and security related concept of operations documents through ongoing research and the execution of Operational Assessments and Demonstrations of UTM capabilities within the DoD and Federal Government.
- Ensure systems and concepts developed support integration with FAA current/planned airspace access and airspace integration systems to include, but not limited to, UTM systems.
- Develop and test methods to integrate DoD UAS into the UTM environment to include demonstrating a method to pass information between unmanned aircraft on the DIU Blue UAS Cleared List and the DoD prototype UTM Federal UAS Service Supplier (FUSS).
- Develop UAS airspace integration procedures and standards as well as conduct modeling, simulation, and operational analysis needed to validate those procedures and standards.
- Conduct live flight and simulated demonstrations using developed UAS integration and security systems and associated concepts in order to (1) demonstrate the latest capabilities, (2) assess system interoperability, (3) refine concepts and hardware/software solutions, and (4) validate current standards.
- Develop recommendations for safe separation standards and techniques that enable low-altitude military UAS to remain clear of other aircraft. 
- Engage the FAA to advance DoD UAS and Counter UAS airspace integration.</r2:Text>
                                </r2:PriorYear>
                            </r2:Accomplishment>
                            <r2:PlannedProgram>
                                <r2:CurrentYear>
                                    <r2:Funding>0.583</r2:Funding>
                                    <r2:Text>- Develop DoD prototype UAS integration/security systems and associated concepts that support DoD operations in both US national airspace and expeditionary airspace.
- Ensure concepts and systems developed are aligned with the vision established in current UAS integration and security related concept of operations documents. 
- Assist in the development of future DoD UAS integration and security related concept of operations documents through ongoing research and the execution of Operational Assessments and Demonstrations of UTM capabilities within the DoD and Federal Government.
- Ensure systems and concepts developed support integration with FAA current/planned airspace access and airspace integration systems to include, but not limited to, UTM systems.
- Develop and test methods to integrate DoD UAS into the UTM environment to include demonstrating a method to pass information between unmanned aircraft on the DIU Blue UAS Cleared List and the DoD prototype UTM Federal UAS Service Supplier (FUSS).
- Develop UAS airspace integration procedures and standards as well as conduct modeling, simulation, and operational analysis needed to validate those procedures and standards.
- Conduct live flight and simulated demonstrations using developed UAS integration and security systems and associated concepts in order to (1) demonstrate the latest capabilities, (2) assess system interoperability, (3) refine concepts and hardware/software solutions, and (4) validate current standards.
- Develop recommendations for safe separation standards and techniques that enable low-altitude military UAS to remain clear of other aircraft. 
- Engage the FAA to advance DoD UAS and Counter UAS airspace integration.</r2:Text>
                                </r2:CurrentYear>
                                <r2:BudgetYearOne>
                                    <r2:Funding>0.726</r2:Funding>
                                </r2:BudgetYearOne>
                                <r2:BudgetYearOneBase>
                                    <r2:Funding>0.726</r2:Funding>
                                    <r2:Text>- Continue to develop DoD prototype UAS related command and control systems and associated concepts that support DoD operations in both US national airspace and expeditionary airspace, with a specific focus on integrating counter UAS operations, UAS, and Air Traffic Control operations. 
- Field the Department’s UTM capabilities at one or more DoD sites for each Military Service and continue to collect data from these sites to refine UTM related technology and concepts.
- Conduct joint UTM demonstration events in collaboration with the FAA to inform jointly developed system certification standards. 
- Develop Group 3-5 UAS airspace integration procedures and standards as well as conduct modeling, simulation, and operational analysis needed to validate those procedures and standards. 
- Establish routine BVLOS live flight cargo delivery operations using the Department owned airspace integration technology and concepts developed UAS integration and security systems and associated concepts in order to (1) demonstrate the latest capabilities, (2) assess system interoperability, (3) refine concepts and hardware/ software solutions, and (4) validate current standards.</r2:Text>
                                </r2:BudgetYearOneBase>
                                <r2:AppChangeSummary>The change between FY 2025 and FY 2026 is a reallocation between the Program Element (PE) project codes.  The overall PE has no significant change in funding levels.</r2:AppChangeSummary>
                            </r2:PlannedProgram>
                        </r2:AccomplishmentPlannedProgram>
                    </r2:AccomplishmentPlannedProgramList>
                    <r2:AcquisitionStrategy>N/A</r2:AcquisitionStrategy>
                </r2:R2aExhibit>
                <r2:R3Exhibit>
                    <r2:CostCategoryGroupList>
                        <r2:CostCategoryGroup>
                            <r2:Name>Support</r2:Name>
                            <r2:CostCategoryItemList>
                                <r2:CostCategoryItem>
                                    <r2:Name>Unmanned Systems Integration</r2:Name>
                                    <r2:ContractMethod>C</r2:ContractMethod>
                                    <r2:ContractType>CPFF</r2:ContractType>
                                    <r2:PerformingActivity>Various</r2:PerformingActivity>
                                    <r2:PerformingActivityLocation>Various</r2:PerformingActivityLocation>
                                    <r2:Cost>
                                        <r2:TotalPreviousYears>43.393</r2:TotalPreviousYears>
                                        <r2:PriorYear>
                                            <r2:Amount>6.249</r2:Amount>
                                        </r2:PriorYear>
                                        <r2:CurrentYear>
                                            <r2:Amount>7.083</r2:Amount>
                                        </r2:CurrentYear>
                                        <r2:BudgetYearOne>
                                            <r2:Amount>0.726</r2:Amount>
                                        </r2:BudgetYearOne>
                                        <r2:BudgetYearOneBase>
                                            <r2:Amount>0.726</r2:Amount>
                                        </r2:BudgetYearOneBase>
                                        <r2:CostToComplete>Continuing</r2:CostToComplete>
                                        <r2:TotalCost>Continuing</r2:TotalCost>
                                    </r2:Cost>
                                </r2:CostCategoryItem>
                            </r2:CostCategoryItemList>
                        </r2:CostCategoryGroup>
                    </r2:CostCategoryGroupList>
                </r2:R3Exhibit>
                <r2:R4aExhibit>
                    <r2:SubProjectScheduleList>
                        <r2:SubProjectSchedule>
                            <r2:Title>Unmanned Systems Integration</r2:Title>
                            <r2:ScheduleDetailList>
                                <r2:ScheduleDetail>
                                    <r2:EventTitle>Unmanned Systems Integration</r2:EventTitle>
                                    <r2:Schedule>
                                        <r2:Start>
                                            <r2:Quarter>4</r2:Quarter>
                                            <r2:Year>2024</r2:Year>
                                        </r2:Start>
                                        <r2:End>
                                            <r2:Quarter>3</r2:Quarter>
                                            <r2:Year>2028</r2:Year>
                                        </r2:End>
                                    </r2:Schedule>
                                </r2:ScheduleDetail>
                            </r2:ScheduleDetailList>
                        </r2:SubProjectSchedule>
                    </r2:SubProjectScheduleList>
                </r2:R4aExhibit>
            </r2:Project>
            <r2:Project>
                <r2:ProjectNumber>443</r2:ProjectNumber>
                <r2:ProjectTitle>Unmanned Systems Integration Support</r2:ProjectTitle>
                <r2:SpecialProject>0</r2:SpecialProject>
                <r2:ProjectFunding>
                    <r2:AllPriorYears>4.683</r2:AllPriorYears>
                    <r2:PriorYear>1.176</r2:PriorYear>
                    <r2:CurrentYear>1.234</r2:CurrentYear>
                    <r2:BudgetYearOne>0.617</r2:BudgetYearOne>
                    <r2:BudgetYearOneBase>0.617</r2:BudgetYearOneBase>
                </r2:ProjectFunding>
                <r2:R2aExhibit>
                    <r2:ProjectMissionDescription>The FY 2026 request for Unmanned Systems Integration Support includes $0.617 thousand of discretionary funds which supports the Department’s unmanned system integration goals of establishing and overseeing coordination, agreements, guidance, and standards that enable the DoD’s operation of unmanned systems in military and civilian environments. This effort includes leading multiple Joint and Interagency forums focused on identifying, prioritizing, and executing tasks aimed at overcoming challenges associated with the successful development, fielding, and operation of DoD unmanned systems.</r2:ProjectMissionDescription>
                    <r2:CongressionalAddDetailList>
                        <r2:CongressionalAddDetail>
                            <r2:Title>Unmanned Systems Integration Support</r2:Title>
                            <r2:PriorYear>
                                <r2:Funding>0.500</r2:Funding>
                                <r2:Text>The additional funding allowed the Department to develop, demonstrate, and assess the technologies and concepts needed to support the responsive, precise, flexible, and efficient transport of military cargo via uncrewed platforms at a tactical level. This included the use of a semi-autonomous air transport capability that provides point-to-point delivery of cargo to company size units at a location that is beyond line-of-sight of the supply hub location. The successful simulated efforts accomplished in FY 2024 will set the stage for follow-on live flight operations that will ultimately lead to the routine use of UAS supported cargo delivery operations conducted across the Department. This effort included partnerships with the Northern Plains UAS Test Site, Grand Forks County North Dakota, National Aeronautics and Space Administration (NASA), the MITRE Corporation, and the Air Force Research Laboratory.  The effort also included the development of the Department’s UAS airspace operations concept document which is necessary to align all DoD UAS airspace integration Research, Development, Test and Evaluation (RDT&amp;E) efforts towards a single objective.</r2:Text>
                            </r2:PriorYear>
                            <r2:CurrentYear>
                                <r2:Funding>0.500</r2:Funding>
                                <r2:Text>FY 2025 Plans: The additional funding will allow the Department to advance its long-term goal of enabling routine, efficient, safe, and secure airspace access and integration for DOD unmanned aerial systems (UAS) and counter UAS related operations conducted within both civilian and military airspace. Specific plans for the ‘Unmanned Systems Integration Support’ funding line in FY 2025 include:
-Develop and published the second version of the Department’s UAS airspace concept of operations based on lessons learned from Project ULTRA and other similar DoD initiatives which aligns all DoD UAS airspace integration Research, Development, Test and Evaluation (RDT&amp;E) efforts towards a single objective.
-Conduct planning and interagency coordination necessary to establish a repeatable process to conduct the safe and efficient cargo delivery operations in both DOD and FAA controlled air traffic control airspace to support flights between Grand Forks Air Force Base and Cavalier Space Force Station.
-Obtain the numerous authorizations needed to execute the beyond visual line of sight live flight operations associated with the Project Ultra effort to deliver cargo between Grand Forks Air Force Base and Cavalier Space Force Station.</r2:Text>
                            </r2:CurrentYear>
                        </r2:CongressionalAddDetail>
                    </r2:CongressionalAddDetailList>
                    <r2:AccomplishmentPlannedProgramList>
                        <r2:AccomplishmentPlannedProgram>
                            <r2:Title>Unmanned Systems Integration Support</r2:Title>
                            <r2:Description>FY 2024 Accomplishments:  Under this program the DOD continued to support the establishment and oversight of coordination, agreements, guidance, and standards that enable the operation of unmanned systems in military and civilian environments. Specific accomplishments included (1) continued support of the UAS EXCOM, the UAS Science and Research Panel (SARP), and other interagency organizations that are focused on synchronizing the federal government towards achieving the goal of enabling routine, efficient, safe, and secure airspace access and integration for member UAS operations within U.S. National Airspace and (2) the development of the Department’s UAS airspace operations concept document which is necessary to align all DoD UAS airspace integration Research, Development, Test and Evaluation (RDT&amp;E) efforts towards a single objective.</r2:Description>
                            <r2:Accomplishment>
                                <r2:PriorYear>
                                    <r2:Funding>0.676</r2:Funding>
                                    <r2:Text>- Support unmanned system objectives of the DASD (Platform and Weapons Portfolio Management), Assistant Secretary of Defense (Acquisition); and Under Secretary of Defense (Acquisition and Sustainment). 
- Support the DoD Co-Chair of the UAS Executive Committee, to include the Integration and Security Senior Steering Groups and the UAS Science and Research Panel (SARP).
- Support the OUSD(A&amp;S) Co-Chair of the OSD UAS cyber-security Exception and Waiver Board.
- Support the OUSD(A&amp;S) Co-Chair of the Joint Robotics and Autonomous System Enterprise (JRASE).
- Support development of unmanned and autonomous systems’ roadmaps, concepts, standards, procedures, and policies.
- Support the processing of UAS cyber-security procurement and operations requests.
- Inform and guide development of the DoD’s Blue Small UAS and Blue Architecture programs. 
- Inform and guide UAS integration decisions, programs, and test events. 
- Conduct unmanned systems related interagency coordination.
- Support administrative and travel related cost associated with the unmanned system common development program.</r2:Text>
                                </r2:PriorYear>
                            </r2:Accomplishment>
                            <r2:PlannedProgram>
                                <r2:CurrentYear>
                                    <r2:Funding>0.734</r2:Funding>
                                    <r2:Text>- Support unmanned system objectives of the DASD (Platform and Weapons Portfolio Management), Assistant Secretary of Defense (Acquisition); and Under Secretary of Defense (Acquisition and Sustainment). 
- Support the DoD Co-Chair of the UAS Executive Committee, to include the Integration and Security Senior Steering Groups and the UAS Science and Research Panel (SARP).
- Support the OUSD(A&amp;S) Co-Chair of the OSD UAS cyber-security Exception and Waiver Board.
- Support the OUSD(A&amp;S) Co-Chair of the Joint Robotics and Autonomous System Enterprise (JRASE).
- Support development of unmanned and autonomous systems’ roadmaps, concepts, standards, procedures, and policies.
- Support the processing of UAS cyber-security procurement and operations requests.
- Inform and guide development of the DoD’s Blue Small UAS and Blue Architecture programs. 
- Inform and guide UAS integration decisions, programs, and test events. 
- Conduct unmanned systems related interagency coordination.
- Support administrative and travel related cost associated with the unmanned system common development program.</r2:Text>
                                </r2:CurrentYear>
                                <r2:BudgetYearOne>
                                    <r2:Funding>0.617</r2:Funding>
                                </r2:BudgetYearOne>
                                <r2:BudgetYearOneBase>
                                    <r2:Funding>0.617</r2:Funding>
                                    <r2:Text>Under this program the DoD will continued to support the establishment and oversight of coordination, agreements, guidance, and standards that enable the operation of unmanned systems in military and civilian environments by engaging in the following areas:
- Support unmanned system objectives of the DASD (Platform and Weapons Portfolio Management), Assistant Secretary of Defense (Acquisition); and Under Secretary of Defense (Acquisition and Sustainment). 
- Serve as DoD Co-Chair of the UAS Executive Committee, to include the Integration and Security Senior Steering Groups and the UAS Science and Research Panel (SARP). 
- Serve as OUSD(A&amp;S) Co-Chair of the OSD UAS cyber-security Exception and Waiver Board. 
- Serve as OUSD(A&amp;S) Tri-Chair of the JRASE to prioritize and execute joint initiatives that support the development of unmanned system related strategies, concepts, standards, procedures, and policies. 
- Oversee the processing of UAS cyber-security procurement and operations requests. 
- Inform and guide development of the DoD’s Blue Small UAS and Blue Architecture programs. 
- Inform and guide UAS integration decisions, programs, and test events.</r2:Text>
                                </r2:BudgetYearOneBase>
                                <r2:AppChangeSummary>The change between FY 2025 and FY 2026 is a reallocation between the Program Element (PE) project codes.  The overall PE has no significant change in funding levels.</r2:AppChangeSummary>
                            </r2:PlannedProgram>
                        </r2:AccomplishmentPlannedProgram>
                    </r2:AccomplishmentPlannedProgramList>
                </r2:R2aExhibit>
                <r2:R3Exhibit>
                    <r2:CostCategoryGroupList>
                        <r2:CostCategoryGroup>
                            <r2:Name>Support</r2:Name>
                            <r2:CostCategoryItemList>
                                <r2:CostCategoryItem>
                                    <r2:Name>Unmanned Systems Integration Support</r2:Name>
                                    <r2:ContractMethod>C</r2:ContractMethod>
                                    <r2:ContractType>CPFF</r2:ContractType>
                                    <r2:PerformingActivity>Various</r2:PerformingActivity>
                                    <r2:PerformingActivityLocation>Various</r2:PerformingActivityLocation>
                                    <r2:Cost>
                                        <r2:TotalPreviousYears>4.683</r2:TotalPreviousYears>
                                        <r2:PriorYear>
                                            <r2:Amount>1.176</r2:Amount>
                                        </r2:PriorYear>
                                        <r2:CurrentYear>
                                            <r2:Amount>1.234</r2:Amount>
                                        </r2:CurrentYear>
                                        <r2:BudgetYearOne>
                                            <r2:Amount>0.617</r2:Amount>
                                        </r2:BudgetYearOne>
                                        <r2:BudgetYearOneBase>
                                            <r2:Amount>0.617</r2:Amount>
                                        </r2:BudgetYearOneBase>
                                        <r2:CostToComplete>Continuing</r2:CostToComplete>
                                        <r2:TotalCost>Continuing</r2:TotalCost>
                                    </r2:Cost>
                                </r2:CostCategoryItem>
                            </r2:CostCategoryItemList>
                        </r2:CostCategoryGroup>
                    </r2:CostCategoryGroupList>
                </r2:R3Exhibit>
                <r2:R4aExhibit>
                    <r2:SubProjectScheduleList>
                        <r2:SubProjectSchedule>
                            <r2:Title>Unmanned Systems Integration Support</r2:Title>
                            <r2:ScheduleDetailList>
                                <r2:ScheduleDetail>
                                    <r2:EventTitle>Unmanned Systems Integration Support</r2:EventTitle>
                                    <r2:Schedule>
                                        <r2:Start>
                                            <r2:Quarter>4</r2:Quarter>
                                            <r2:Year>2024</r2:Year>
                                        </r2:Start>
                                        <r2:End>
                                            <r2:Quarter>3</r2:Quarter>
                                            <r2:Year>2028</r2:Year>
                                        </r2:End>
                                    </r2:Schedule>
                                </r2:ScheduleDetail>
                            </r2:ScheduleDetailList>
                        </r2:SubProjectSchedule>
                    </r2:SubProjectScheduleList>
                </r2:R4aExhibit>
            </r2:Project>
        </r2:ProjectList>
    </r2:ProgramElement>
</r2:ProgramElementList>