<?xml version="1.0" encoding="UTF-8"?>
<r2:ProgramElementList xmlns:r2="http://www.dtic.mil/comptroller/xml/schema/022009/r2" targetSchemaVersion="1.0">
    <r2:ProgramElement monetaryUnit="Millions">
        <r2:ProgramElementNumber>0602230D8Z</r2:ProgramElementNumber>
        <r2:ProgramElementTitle>Defense Technology Innovation (Beyond 5G)</r2:ProgramElementTitle>
        <r2:R1LineNumber>17</r2:R1LineNumber>
        <r2:BudgetYear>2026</r2:BudgetYear>
        <r2:BudgetCycle>PB</r2:BudgetCycle>
        <r2:SubmissionDate>2025-06</r2:SubmissionDate>
        <r2:ServiceAgencyName>Office of the Secretary Of Defense</r2:ServiceAgencyName>
        <r2:AppropriationCode>0400</r2:AppropriationCode>
        <r2:AppropriationName>Research, Development, Test &amp; Evaluation, Defense-Wide</r2:AppropriationName>
        <r2:BudgetActivityNumber>2</r2:BudgetActivityNumber>
        <r2:BudgetActivityTitle>Applied Research</r2:BudgetActivityTitle>
        <r2:ProgramElementFunding>
            <r2:AllPriorYears>35.528</r2:AllPriorYears>
            <r2:PriorYear>19.379</r2:PriorYear>
            <r2:CurrentYear>28.515</r2:CurrentYear>
            <r2:BudgetYearOne>46.261</r2:BudgetYearOne>
            <r2:BudgetYearOneBase>46.261</r2:BudgetYearOneBase>
            <r2:CostToComplete>Continuing</r2:CostToComplete>
            <r2:TotalCost>Continuing</r2:TotalCost>
        </r2:ProgramElementFunding>
        <r2:ProgramElementNote>New Start (Y/N): No</r2:ProgramElementNote>
        <r2:ProgramElementMissionDescription>This program supports the Department's priorities to rebuild our military by matching capabilities to threats, and to reestablish deterrence by defending the Homeland. 

Today’s mobile and tactical communications are stove-piped and limit the force from fully executing Combined Joint All-Domain Command and Control (CJADC2) concepts of tomorrow. Warfighters require integrated network mission solutions utilizing 5G/FutureG technologies to support the future battle. Beyond 5G delivers unified solutions in mobile and tactical networks to give U.S. DoD an asymmetric advantage. Through strategically architected lines of effort in Resilient and Open Commercial Solutions (ROCS), Integrated Sensing and Communications (ISAC), Expeditionary and Tactical Use (ETU), and Ubiquitous, Secure and Instant Access (USIA), this PE enables DoD to keep pace with warfighter capability requirements. The net benefit will be a reduction in the technical and tactical burden on DoD network operators via implementations of high performing mission solutions which are situationally aware and can rapidly and autonomously adapt to changing battlefield conditions. By maximizing the use of dual-use technologies as the foundation of more capable military solutions, this research and development enables a force to fight and win with agile spectrum operations where novel and asymmetric capabilities are matched to threats.
To protect the Homeland, this PE continues critical research activities which enable the utilization of existing wireless infrastructure as a sensor for low flying threats to the Homeland. When integrated, this detection network becomes a key component of the Golden Dome for America initiative.</r2:ProgramElementMissionDescription>
        <r2:ChangeSummary>
            <r2:PreviousPresidentBudget>
                <r2:PriorYear>55.160</r2:PriorYear>
                <r2:CurrentYear>38.515</r2:CurrentYear>
                <r2:BudgetYearOne>47.786</r2:BudgetYearOne>
                <r2:BudgetYearOneBase>47.786</r2:BudgetYearOneBase>
            </r2:PreviousPresidentBudget>
            <r2:CurrentPresidentBudget>
                <r2:PriorYear>19.379</r2:PriorYear>
                <r2:CurrentYear>28.515</r2:CurrentYear>
                <r2:BudgetYearOne>46.261</r2:BudgetYearOne>
                <r2:BudgetYearOneBase>46.261</r2:BudgetYearOneBase>
            </r2:CurrentPresidentBudget>
            <r2:TotalAdjustments>
                <r2:PriorYear>-35.781</r2:PriorYear>
                <r2:CurrentYear>-10.000</r2:CurrentYear>
                <r2:BudgetYearOne>-1.525</r2:BudgetYearOne>
                <r2:BudgetYearOneBase>-1.525</r2:BudgetYearOneBase>
            </r2:TotalAdjustments>
            <r2:AdjustmentDetails>
                <r2:CongressionalGeneralReductions>
                    <r2:PriorYear>-35.158</r2:PriorYear>
                    <r2:CurrentYear>-10.000</r2:CurrentYear>
                </r2:CongressionalGeneralReductions>
                <r2:Reprogrammings>
                    <r2:PriorYear>-0.002</r2:PriorYear>
                </r2:Reprogrammings>
                <r2:SBIRSTTRTransfer>
                    <r2:PriorYear>-0.621</r2:PriorYear>
                </r2:SBIRSTTRTransfer>
                <r2:OtherAdjustmentDetailList>
                    <r2:OtherAdjustmentDetail>
                        <r2:Title>Realignment</r2:Title>
                        <r2:Funding>
                            <r2:BudgetYearOne>-1.382</r2:BudgetYearOne>
                            <r2:BudgetYearOneBase>-1.382</r2:BudgetYearOneBase>
                        </r2:Funding>
                    </r2:OtherAdjustmentDetail>
                    <r2:OtherAdjustmentDetail>
                        <r2:Title>Economic Assumption</r2:Title>
                        <r2:Funding>
                            <r2:BudgetYearOne>-0.143</r2:BudgetYearOne>
                            <r2:BudgetYearOneBase>-0.143</r2:BudgetYearOneBase>
                        </r2:Funding>
                    </r2:OtherAdjustmentDetail>
                </r2:OtherAdjustmentDetailList>
            </r2:AdjustmentDetails>
            <r2:SummaryExplanation>Decrease of $10.000 million in FY 2024 2025 is a Congressional reduction due to unjustified growth.

Decrease of $1.525 million in FY 2026 reflects a $0.143 million reduction for Economic Assumption and a $1.382 million realignment for higher DoD priorities.

The FY 2026 request for Defense Technology Innovation (Beyond 5G) includes $46.261 million of discretionary. Further information for this reconciliation request is provided in Chapter 2 of the Reconciliation Exhibit.</r2:SummaryExplanation>
        </r2:ChangeSummary>
        <r2:ProjectList>
            <r2:Project>
                <r2:ProjectNumber>230</r2:ProjectNumber>
                <r2:ProjectTitle>Defense Technology Innovation (Beyond 5G)</r2:ProjectTitle>
                <r2:SpecialProject>0</r2:SpecialProject>
                <r2:ProjectFunding>
                    <r2:AllPriorYears>35.528</r2:AllPriorYears>
                    <r2:PriorYear>19.379</r2:PriorYear>
                    <r2:CurrentYear>28.515</r2:CurrentYear>
                    <r2:BudgetYearOne>46.261</r2:BudgetYearOne>
                    <r2:BudgetYearOneBase>46.261</r2:BudgetYearOneBase>
                    <r2:CostToComplete>Continuing</r2:CostToComplete>
                    <r2:TotalCost>Continuing</r2:TotalCost>
                </r2:ProjectFunding>
                <r2:R2aExhibit>
                    <r2:ProjectMissionDescription>The Defense Technology Innovation (Beyond 5G) effort builds upon the technology foundation that underpins fifth-generation / future generation (5G/FutureG) cellular network systems as a basis to create the next generation of wireless cellular network and security technologies for military applications. Working in concert with other U.S. Government science and technology agencies, Beyond 5G is successfully conducting applied research to adopt, adapt, advance, and integrate technologies to create asymmetric advantages. Our approach is to replace cost-prohibitive, single-function stovepipes that limit the force from fully executing the Combined Joint All-Domain Command and Control (CJADC2) concepts of tomorrow.</r2:ProjectMissionDescription>
                    <r2:AccomplishmentPlannedProgramList>
                        <r2:AccomplishmentPlannedProgram>
                            <r2:Title>Beyond 5G</r2:Title>
                            <r2:Description>In the domain of fifth generation / future generation (5G/FutureG) wireless networks, the warfighter requires complex system-of-systems solutions equipped with features and attributes unique to battlefield challenges. These solutions must be developed with DoD mission-level capability requirements at the foundation of the developmental process.

To address this need, Beyond 5G is:
•	Collaborating with wireless industry on dual-use solutions and driving the adoption of Open Radio Access Network (ORAN) interfaces and open software and standards.
•	Developing uses of spatially distributed and intelligent radio systems to complement and supplement essential DoD missions.
•	Identifying and developing methods, tools, and policies for military operations in complex spectral environments
•	Delivering high availability wireless systems with security assurance in all DoD operational settings

Beyond 5G is driving targeted wireless innovations in open-source software, hardware, and standards to provide our soldiers a fully programmable network architecture.  The resulting holistic end-to-end mission solution includes mobile end points, telecom base stations, tactical radios, network infrastructure and compute fabric for zero-touch deployments of fully automated DoD network systems.  Under this approach, we enable the U.S. to regain leadership in future wireless technologies including sixth generation (6G) and beyond.</r2:Description>
                            <r2:Accomplishment>
                                <r2:PriorYear>
                                    <r2:Funding>19.379</r2:Funding>
                                    <r2:Text>Through ongoing projects and planned FY 2023 solicitations, DoD will respond to DoD 5G strategy doctrine by continuing to invest in applied research in next generation wireless cellular network and security technologies for military applications and by executing fellowship/training programs to grow national workforce capability in this critical technology domain.  
Additionally, DoD will continue ongoing contracts to invest in analytically oriented research efforts to support participation in the 3rd Generation Partnership Program (3GPP) standards process to evolve FutureG standards in dual-use directions that will benefit DoD missions and strategies. 

Continue executing projects awarded in FY 2023 in the following topic areas:  
1.	Dynamic spectrum management/engineering to improve the efficiency, reliability, resiliency, and dual-use coexistence of DoD operation of limited electromagnetic spectrum within frequency bands licensed for 5G and FutureG mobile telecom applications;
2.	The use of mobile distributed multi-input multi-output schema and architectures to enable high-value operational mission CONOPS relying on mobile wireless ad-hoc tactical networks within operationally relevant DoD domains within which adversary interception and jamming can be pervasive (e.g., intra-/inter-squad and squad-to-command post networking, long range networking, terrestrial/airborne networking, etc.);
3.	Exploitation of emerging 5G features such as open radio access networks, integrated access and backhaul, and non-terrestrial networks to enable a next generation of DoD tactical networks that integrate a commercial terrestrial 5G network with an airborne network segment in order to leverage the ubiquity and cost advantage of commercially available network infrastructure and user equipment for DoD mission benefit by servicing critical objectives such as autonomous, reliable, secure, and resilient low-latency operations.

These areas of applied research link directly to DoD 5G strategy doctrine and have been instantiated in a portfolio of multi-phase programs being executed across a diverse set of industry, FFRDC, and academic performers.  In FY 2024, this portfolio will be augmented with additional programs in the thrust areas above via new solicitations and contract actions, and current active programs will be funded for follow-on phase options where warranted by early phase execution excellence and the establishment of a strong value proposition requiring additional work and funding. 

In FY 2024, the Beyond 5G portfolio will also pursue applied research in next generation cellular network systems in three additional strategic technology development focus areas deemed to provide the potential for revolutionary improvements in next generation cellular network systems:
1.	The development of Unlimited Software defined Radio (SDR) technologies which remove hardware and prior generation architectural and implementation constraints by enabling full programmability of wireless signal generation and control for spectrum dominance;
2.	The development of Hyper-Dimensional Software Defined Networks (SDN) to enable autonomous management of wireless network operations in environments that will be required to accommodate far more heterogeneity in technologies than current constructs, mixing in numerous different wireless modalities across numerous disparate networks;
3.	The development of Mobile Internet Protocol advances such as time and location-aware protocols, named data networking, and next generation encryption schema which overcome limitations of current static internet protocols to support the dynamics and mobility required for low-power discriminating future DoD capabilities while improving operational security and resiliency.

Through these developments, Beyond 5G will build a foundation for the technologies required to support US leadership in the global information infrastructure with embedded US principles and make the DoD more effective, more survivable, and improve readiness in the following ways:
Unlimited SDR:
- Benefit to the US: Tailored access to more wireless resources for new commercial markets
- Benefit to the DoD: Improved spectrum management capabilities at all levels of DoD activities 
Hyper-Dimensional SDN:
-Benefit to the US: Improved deployment models for public and private networks
-Benefit to the DoD: Distributed and easy to maintain networks
Mobile IP:
-Benefit to the US: Lower power, improved performance; trusted, secure, and privacy-enhancing networks
-Benefit to the DoD: Improved cyberspace capabilities; EMS and network signature management

Building upon a well-established paradigm of program execution processes and controls, multi-phase programs added to the Beyond 5G portfolio in these applied research areas via FY 2023 solicitations will be managed to maximize the probability of beneficial outcomes.

Collectively, the applied research focus areas described above represent a body of technology development that promises the evolutionary and revolutionary transformation of wireless cellular network systems which can enable enormous DoD mission benefit while also servicing DoD 5G Strategy dual-use objectives.  In developing the applied research portfolio as described, Beyond 5G will continue to adapt the investment strategy and program mix based on the companion Prototyping and Experimentation testbed deployments, driving towards an integrated overall technology maturation process that maximizes the probability of successful technology transition into operations.</r2:Text>
                                </r2:PriorYear>
                            </r2:Accomplishment>
                            <r2:PlannedProgram>
                                <r2:CurrentYear>
                                    <r2:Funding>28.515</r2:Funding>
                                    <r2:Text>Complete and continue research projects initiated in FY 2023 and FY 2024 with focus on technology transfer and transition commensurate with their technical progress.  This includes projects that will establish the following capabilities:   1) Resilient and Open Commercial Solutions (Open 6G Development Environment Open Centralized Unit/Distributed Unit) 2) Ubiquitous, Secure and Instant Access 3) Expeditionary and Tactical Military Use and 4) Integrated Sensing and Communications. 

Projects to be added to the portfolio support developments in the following technology focus areas:

1. Securing 5G/FutureG for Decision Advantage produces open-source software(OSS), such as the Open Radio Access Network (ORAN) Software Community and the Linux Foundation 5G Super Blueprint (SB), that will gain momentum and transition 5G mobile wireless networks to OSS alternatives. University-led Open 6G experimentation and development is a key innovation and standards enabler. Beyond 5G’s Open Centralized Unit Distributed Unit (OCUDU) initiative will develop solutions across Software, Hardware and Management domains which will: (1) provide a secure 5G OSS baseline to maintain information and decision advantage in a contested environment, and (2) provide an economically viable alternative for U.S. Allies and partners across the globe to proprietary technology. 
2. Multi-site FutureG Experimentation enables an environment to: (1) foster the development of FutureG wireless communications technology  for increased battlefield interoperability and ensure a skilled workforce, (2) support the development of new multi-domain operating concepts commensurate with emerging commercial spectrum requirements, and (3) build coalitions to influence the development of international wireless communications standards to U.S. advantage.</r2:Text>
                                </r2:CurrentYear>
                                <r2:BudgetYearOne>
                                    <r2:Funding>46.261</r2:Funding>
                                </r2:BudgetYearOne>
                                <r2:BudgetYearOneBase>
                                    <r2:Funding>46.261</r2:Funding>
                                    <r2:Text>The Open Centralized Unit Distributed Unit (OCUDU) initiative will continue to be a primary focus in FY 2026.  This will be a seminal year for OCUDU and is the first full year of a three-year program. The OCUDU Software award in FY 2025 drives into feature development for software components of the Open Radio Access Network. These features will build on security, reliability, and mobility of the network to be open-sourced, resulting in open architecture CU/DU with an expanded DoD feature set. DoD unique capabilities will be built on top of the open-source infrastructure and will be available through the FutureG.mil portal for use across the force. In FY 2026, OCUDU software will demonstrate an open-source, interoperable CU/DU set.

The OCUDU hardware program develops high-performance, virtualized RAN hardware which utilizes OCUDU software capabilities. The hardware study completed in FY 2025 transitions to chip and software design in collaboration with  an appropriate Microelectronics Commons hub for production, helping to secure a U.S. manufacturing pipeline to our force. The OCUDU Hardware and Software programs are brought together under the OCUDU Management program, which acts as a systems integrator to create a DoD Open RAN/open-source reference architecture for use as a base for multiple deployment scenarios. This forms the reference program for integration of DoD unique capabilities for spectrum management and artificial intelligence (AI) components for security, mobility, and access management. Preliminary demonstrations of the OCUDU architecture are planned to support Combined Joint All-Domain Command and Control (CJADC2) scenarios. 

Integrated Sensing and Communications (ISAC) programs will launch around major topic areas. These topic areas are selected through extensive collaboration with both industry and academia to understand the current state of technology. Generally, those areas are built around sensing systems with the ability to communicate, and communications systems with the ability to sense. Research continues into capabilities utilizing ambient signals for object and event detection, and how to apply the capability at network and enterprise levels. Lab-based fundamental research demonstrations are planned to assess ISAC utility within DoD. Capabilities developed under the ISAC portfolio can directly support emerging requirements around Golden Dome for America.

Research continues into spectrum sharing and management. Demonstrations are planned for two efforts: 1) Mobile Distributed Multiple Input Multiple Output (dMIMO), which correlates user equipment into groups acting as phased array antennas for low probability of detect/low probability of intercept/anti-jam capabilities, while also avoiding interfered spectrum; 2) Novel interference cancelling capabilities.</r2:Text>
                                </r2:BudgetYearOneBase>
                                <r2:AppChangeSummary>Beyond 5G is using a defined strategic plan to develop and execute a portfolio of applied research projects which are urgently required to meet short-term and long-term warfighter needs and to maintain or outpace the capabilities and strategic resolve of our adversaries. The $17.746 million increase from FY 2025 to FY 2026 supports a realignment of the program’s technical schedule and scale-up of the Beyond 5G portfolio to expand scope and execute the established strategic roadmap which structures our operational plan. The roadmap supports applied research across four major lines of effort: Resilient and Open Solutions (ROCS), Ubiquitous, Secure and Instant Access (USIA), Expeditionary and Tactical Use, and Integrated Sensing and Communications (ISAC). Particularly within the ROCS and USIA portfolios, applied research is a critical component which implements basic research for such activities as Dynamic Spectrum Sharing and Management (DSS/M), Low Probability of Intercept (LPI), Low Probability of Detect (LPD) and Anti-Jam (AJ). These technologies integrate into the Open Centralized Unit/Distributed Unit (OCUDU) initiative, as the core component of DoDs emerging 5G/6G reference architecture. Building on an open-source commercial base and integrating DoD unique capabilities presents the U.S. Government with opportunities for more rapid and affordable mobile wireless acquisitions, while significantly increasing the pace of innovation to secure both tactical and operational advantages for our warfighters.
Investment in OCUDU began with the initial funding in FY 2025 and the requested budget in FY 2026 represents the necessary investment in the technology to meet 6G timelines set out by industry. Without the appropriate and planned funding, OCUDU will not be able to execute on developments quickly, which will reduce the probability to successful transition to industry and U.S. Government adoption in future networks and platforms. The increased budget in FY 2026 and beyond also represents necessary investments in ISAC, which is becoming a competitive topic for 6G. The U.S. has an opportunity to lead, and so increased investments in key research projects starting in FY 2026 and ramping up in subsequent years is necessary to keep the U.S. competitive while offering new technologies to support and protect the warfighter from an adversary’s use and abuse of this commercializing technology.</r2:AppChangeSummary>
                            </r2:PlannedProgram>
                        </r2:AccomplishmentPlannedProgram>
                    </r2:AccomplishmentPlannedProgramList>
                </r2:R2aExhibit>
            </r2:Project>
        </r2:ProjectList>
    </r2:ProgramElement>
</r2:ProgramElementList>