<?xml version="1.0" encoding="UTF-8"?>
<r2:ProgramElementList xmlns:r2="http://www.dtic.mil/comptroller/xml/schema/022009/r2" targetSchemaVersion="1.0">
    <r2:ProgramElement monetaryUnit="Millions">
        <r2:ProgramElementNumber>0607757D8Z</r2:ProgramElementNumber>
        <r2:ProgramElementTitle>Radiological and Nuclear Defense Modernization Operational System Development</r2:ProgramElementTitle>
        <r2:R1LineNumber>228</r2:R1LineNumber>
        <r2:BudgetYear>2026</r2:BudgetYear>
        <r2:BudgetCycle>PB</r2:BudgetCycle>
        <r2:SubmissionDate>2025-06</r2:SubmissionDate>
        <r2:ServiceAgencyName>Office of the Secretary Of Defense</r2:ServiceAgencyName>
        <r2:AppropriationCode>0400</r2:AppropriationCode>
        <r2:AppropriationName>Research, Development, Test &amp; Evaluation, Defense-Wide</r2:AppropriationName>
        <r2:BudgetActivityNumber>7</r2:BudgetActivityNumber>
        <r2:BudgetActivityTitle>Operational Systems Development</r2:BudgetActivityTitle>
        <r2:ProgramElementFunding>
            <r2:AllPriorYears>0.000</r2:AllPriorYears>
            <r2:PriorYear>0.000</r2:PriorYear>
            <r2:CurrentYear>1.668</r2:CurrentYear>
            <r2:BudgetYearOne>2.945</r2:BudgetYearOne>
            <r2:BudgetYearOneBase>2.945</r2:BudgetYearOneBase>
        </r2:ProgramElementFunding>
        <r2:ProgramElementNote>New Start (Y/N): No

This Program Element (PE) was originally established in Fiscal Year (FY) 2024 under PE 0505167D8Z – Domestic Prepare Against Weapons of Mass Destruction (WMD). Beginning in FY 2025, the PE was renamed and renumbered to PE 0607757D8Z – Radiological and Nuclear Defense Modernization Operational System Development to more accurately reflect the mission of the program.</r2:ProgramElementNote>
        <r2:ProgramElementMissionDescription>This Program Element (PE) supports the Department's Defense Priorities to Rebuild our Military and Reestablish Deterrence.

This PE supports the modernization of radiological and nuclear (R/N) defense capabilities that enable the Department to prevent R/N attacks on the homeland and Joint Force abroad through deterrence, as well as survive and operate in and through a R/N environment.  This aligns with the Interim National Defense Strategy and addresses the challenges of keeping pace with our increasingly nuclear-capable adversaries by developing modern R/N detection and identification capabilities that are networked into secure and hardened communications, command, and control (C3) systems. 

This PE supports the Office of the Under Secretary of Defense for Acquisition and Sustainment (OUSD(A&amp;S)) Radiological and Nuclear Defense Capability Development (RNDCD) Program.  The RNDCD Program is addressing the strategic objective of ‘fielding modernized R/N detection capabilities to enable the Joint Force to operate more effectively in a R/N contaminated environment’ (Department of Defense (DoD) Strategic Management Plan for FY2022-2026).  The RNDCD Program enhances DoD’s capabilities to campaign across the domains of threats and spectrums of conflict by improving the Department’s capability to campaign, fight, and win in a R/N environment.  By building a R/N resilient Joint Force and National Guard Bureau, this program contributes to reestablishing deterrence by denying any strategic advantage our adversaries may perceive in using nuclear weapons on the homeland or Joint Force stationed abroad.  This program is specifically geared to provide modern, networked R/N detection, indication, and identification capabilities to the warfighter and to upgrade obsolescing equipment, increasing capability to operate in a R/N environment (2023 CWMD Strategy).

The RNDCD Program enables DoD to: prepare for and respond to any emergency involving nuclear and/or radiological events in the United States; provide a capability for the Joint Force to withstand, operate through, and recover from an R/N event; improve resilience; and promote integrated layered deterrence of WMD with state, local, and other federal agencies.  

This funding line is the only Budget Authority (BA)-7 funding in the Department dedicated to modernizing R/N capabilities for the warfighter.    

The Office of the Secretary of Defense uses the RNDCD Program to invest strategically in projects across the Military Services, Combatant Commands, and Defense Agencies. Funding is prioritized for projects that close Joint Force warfighter capability gaps. An annual investment strategy is used to meet emergent operational and capability needs which are validated by the Joint Force and the National Guard Bureau, yielding new fielded capabilities within one to three years.  

Through the Radiological and Nuclear Defense Modernization Operational Systems Development PE, the RNDCD Program will invest in the modernization of fielded capabilities to improve DoD’s capability to detect and identify radiological and nuclear threats; integration of technologies, systems and components; operational test and evaluation of fielded capabilities to new end users; and delivery of field and table top exercises to identify, refine, and address materiel and non-materiel gaps and requirements in R/N defense. This program seeks to merge previous research, development, and acquisitions efforts across DoD to field common and interoperable capabilities across the Joint Force and the National Guard Bureau. 

Specifically in FY 2026, this PE will support the modernization of 1) the Radioisotope Identification Detector (RIID); 2) the Radiological Detection System (RDS); 3) the Gamma Detector Response and Analysis Software (GADRAS) suite; 4) the Vehicle Integrated Platform Enhanced Radiation Detection, Indication, and Computation (VIPER) system; 5) a test and evaluation article for Army mobile radiation sensors; and 6) a R/N detector for use in a GPS denied environment. 

This program funds labor, materials, and travel to support the requirements of this program, performed by a government agency or by private individuals or organizations under a contract with the government, for activities and acquisitions including Research, Development, Test, and Evaluation (RDT&amp;E), assessments and analyses, research studies, education, and other activities related to capability development and fielding.</r2:ProgramElementMissionDescription>
        <r2:ChangeSummary>
            <r2:PreviousPresidentBudget>
                <r2:PriorYear>0.000</r2:PriorYear>
                <r2:CurrentYear>1.668</r2:CurrentYear>
                <r2:BudgetYearOne>3.555</r2:BudgetYearOne>
                <r2:BudgetYearOneBase>3.555</r2:BudgetYearOneBase>
            </r2:PreviousPresidentBudget>
            <r2:CurrentPresidentBudget>
                <r2:PriorYear>0.000</r2:PriorYear>
                <r2:CurrentYear>1.668</r2:CurrentYear>
                <r2:BudgetYearOne>2.945</r2:BudgetYearOne>
                <r2:BudgetYearOneBase>2.945</r2:BudgetYearOneBase>
            </r2:CurrentPresidentBudget>
            <r2:TotalAdjustments>
                <r2:PriorYear>0.000</r2:PriorYear>
                <r2:CurrentYear>0.000</r2:CurrentYear>
                <r2:BudgetYearOne>-0.610</r2:BudgetYearOne>
                <r2:BudgetYearOneBase>-0.610</r2:BudgetYearOneBase>
            </r2:TotalAdjustments>
            <r2:AdjustmentDetails>
                <r2:OtherAdjustmentDetailList>
                    <r2:OtherAdjustmentDetail>
                        <r2:Title>DOGE Reform Efficiancy</r2:Title>
                        <r2:Funding>
                            <r2:BudgetYearOne>-0.600</r2:BudgetYearOne>
                            <r2:BudgetYearOneBase>-0.600</r2:BudgetYearOneBase>
                        </r2:Funding>
                    </r2:OtherAdjustmentDetail>
                    <r2:OtherAdjustmentDetail>
                        <r2:Title>Inflation Adjustment</r2:Title>
                        <r2:Funding>
                            <r2:BudgetYearOne>-0.010</r2:BudgetYearOne>
                            <r2:BudgetYearOneBase>-0.010</r2:BudgetYearOneBase>
                        </r2:Funding>
                    </r2:OtherAdjustmentDetail>
                </r2:OtherAdjustmentDetailList>
            </r2:AdjustmentDetails>
            <r2:SummaryExplanation>The FY 2026 request was reduced by $0.600 million for Advisory and Assistance Services to promote efficiencies and advance the policies of the Administration in alignment with Executive Order 14222, “Implementing the President’s Department of Government Efficiency Cost Efficiency Initiative,” and $0.010 million reduction for inflation adjustment.</r2:SummaryExplanation>
        </r2:ChangeSummary>
        <r2:ProjectList>
            <r2:Project>
                <r2:ProjectNumber>779</r2:ProjectNumber>
                <r2:ProjectTitle>Radiological and Nuclear Defense Modernization Operational System Development</r2:ProjectTitle>
                <r2:SpecialProject>0</r2:SpecialProject>
                <r2:ProjectFunding>
                    <r2:AllPriorYears>0.000</r2:AllPriorYears>
                    <r2:PriorYear>0.000</r2:PriorYear>
                    <r2:CurrentYear>1.668</r2:CurrentYear>
                    <r2:BudgetYearOne>2.945</r2:BudgetYearOne>
                    <r2:BudgetYearOneBase>2.945</r2:BudgetYearOneBase>
                </r2:ProjectFunding>
                <r2:R2aExhibit>
                    <r2:ProjectMissionDescription>This Program Element (PE) supports the Department's Defense Priorities to Rebuild our Military and Reestablish Deterrence.

This PE supports the modernization of radiological and nuclear (R/N) defense capabilities that enable the Department to prevent R/N attacks on the homeland and Joint Force abroad through deterrence, as well as survive and operate in and through a R/N environment.  This aligns with the Interim National Defense Strategy and addresses the challenges of keeping pace with our increasingly nuclear-capable adversaries by developing modern R/N detection and identification capabilities that are networked into secure and hardened communications, command, and control (C3) systems. 

This PE supports the Office of the Under Secretary of Defense for Acquisition and Sustainment (OUSD(A&amp;S)) Radiological and Nuclear Defense Capability Development (RNDCD) Program.  The RNDCD Program is addressing the strategic objective of ‘fielding modernized R/N detection capabilities to enable the Joint Force to operate more effectively in a R/N contaminated environment’ (Department of Defense (DoD) Strategic Management Plan for FY2022-2026).  The RNDCD Program enhances DoD’s capabilities to campaign across the domains of threats and spectrums of conflict by improving the Department’s capability to campaign, fight, and win in a R/N environment.  By building a R/N resilient Joint Force and National Guard Bureau, this program contributes to reestablishing deterrence by denying any strategic advantage our adversaries may perceive in using nuclear weapons on the homeland or Joint Force stationed abroad.  This program is specifically geared to provide modern, networked R/N detection, indication, and identification capabilities to the warfighter and to upgrade obsolescing equipment, increasing capability to operate in a R/N environment (2023 CWMD Strategy).

The RNDCD Program enables DoD to: prepare for and respond to any emergency involving nuclear and/or radiological events in the United States; provide a capability for the Joint Force to withstand, operate through, and recover from an R/N event; improve resilience; and promote integrated layered deterrence of WMD with state, local, and other federal agencies.  

This funding line is the only Budget Authority (BA)-7 funding in the Department dedicated to modernizing R/N capabilities for the warfighter.    

The Office of the Secretary of Defense uses the RNDCD Program to invest strategically in projects across the Military Services, Combatant Commands, and Defense Agencies. Funding is prioritized for projects that close Joint Force warfighter capability gaps. An annual investment strategy is used to meet emergent operational and capability needs which are validated by the Joint Force and the National Guard Bureau, yielding new fielded capabilities within one to three years.  

Through the Radiological and Nuclear Defense Modernization Operational Systems Development PE, the RNDCD Program will invest in the modernization of fielded capabilities to improve DoD’s capability to detect and identify radiological and nuclear threats; integration of technologies, systems and components; operational test and evaluation of fielded capabilities to new end users; and delivery of field and table top exercises to identify, refine, and address materiel and non-materiel gaps and requirements in R/N defense. This program seeks to merge previous research, development, and acquisitions efforts across DoD to field common and interoperable capabilities across the Joint Force and the National Guard Bureau. 

Specifically in FY 2026, this PE will support the modernization of 1) the Radioisotope Identification Detector (RIID); 2) the Radiological Detection System (RDS); 3) the Gamma Detector Response and Analysis Software (GADRAS) suite; 4) the Vehicle Integrated Platform Enhanced Radiation Detection, Indication, and Computation (VIPER) system; 5) a test and evaluation article for Army mobile radiation sensors; and 6) a R/N detector for use in a GPS denied environment. 

This program funds labor, materials, and travel to support the requirements of this program, performed by a government agency or by private individuals or organizations under a contract with the government, for activities and acquisitions including Research, Development, Test, and Evaluation (RDT&amp;E), assessments and analyses, research studies, education, and other activities related to capability development and fielding.</r2:ProjectMissionDescription>
                    <r2:AccomplishmentPlannedProgramList>
                        <r2:AccomplishmentPlannedProgram>
                            <r2:Title>Radiological and Nuclear Defense Modernization Operational Systems Development</r2:Title>
                            <r2:Description>The Radiological and Nuclear Defense Modernization Operational Systems Development PE will invest in the modernization of fielded capabilities to improve DoD’s capability to detect and identify radiological and nuclear threats; integration of technologies, systems and components; operational test and evaluation of fielded capabilities to new end users; and delivery of field and table top exercises to identify, refine, and address materiel and non-materiel gaps and requirements in R/N defense. This program seeks to merge previous research, development, and acquisitions efforts across DoD to field common and interoperable capabilities across the Joint Force and the National Guard Bureau.</r2:Description>
                            <r2:PlannedProgram>
                                <r2:CurrentYear>
                                    <r2:Funding>1.668</r2:Funding>
                                    <r2:Text>• Develop, transition, and field operational R/N Detection, Identification, Early warning, and Command Control capabilities to the Joint Force and the National Guard Bureau.
• Partner with the Military Services and Defense Agencies to mature and transition advanced prototypes to fielded R/N detection and identification capabilities.
• Complete critical design reviews of prototypes, systems, and components for test and evaluation by end-users and transition to fieldable R/N Detection and identification capabilities under other classified projects.
• Develop Joint Personnel Dosimeter to transition to fielded capability for the Joint Force.
• Achieve networkability of Radiological Detection System on behalf of the Joint Force.</r2:Text>
                                </r2:CurrentYear>
                                <r2:BudgetYearOne>
                                    <r2:Funding>2.945</r2:Funding>
                                </r2:BudgetYearOne>
                                <r2:BudgetYearOneBase>
                                    <r2:Funding>2.945</r2:Funding>
                                    <r2:Text>This PE will support the modernization of: 
• Radioisotope Identification Detector (RIID);
• Radiological Detection System (RDS); 
• Gamma Detector Response and Analysis Software (GADRAS) suite;
• Vehicle Integrated Platform Enhanced Radiation Detection, Indication, and Computation (VIPER) system;
• A test and evaluation article for Army mobile radiation sensors; and
• A R/N detector for use in a GPS denied environment.</r2:Text>
                                </r2:BudgetYearOneBase>
                                <r2:AppChangeSummary>The FY 2026 requested increase is due to additional research and development needed to ruggedize VIPER for deployment.</r2:AppChangeSummary>
                            </r2:PlannedProgram>
                        </r2:AccomplishmentPlannedProgram>
                    </r2:AccomplishmentPlannedProgramList>
                    <r2:OtherProgramFundingSummaryRemarks>N/A</r2:OtherProgramFundingSummaryRemarks>
                    <r2:AcquisitionStrategy>N/A</r2:AcquisitionStrategy>
                </r2:R2aExhibit>
                <r2:R3Exhibit>
                    <r2:CostCategoryGroupList>
                        <r2:CostCategoryGroup>
                            <r2:Name>Product Development</r2:Name>
                            <r2:CostCategoryItemList>
                                <r2:CostCategoryItem>
                                    <r2:Name>Radioisotope Identification Detector (RIID)</r2:Name>
                                    <r2:FundingVehicle>MIPR</r2:FundingVehicle>
                                    <r2:PerformingActivity>JPEO</r2:PerformingActivity>
                                    <r2:PerformingActivityLocation>TBD</r2:PerformingActivityLocation>
                                    <r2:Cost>
                                        <r2:BudgetYearOne>
                                            <r2:Amount>0.486</r2:Amount>
                                        </r2:BudgetYearOne>
                                        <r2:BudgetYearOneBase>
                                            <r2:Amount>0.486</r2:Amount>
                                            <r2:AwardDate>2025-11</r2:AwardDate>
                                        </r2:BudgetYearOneBase>
                                        <r2:CostToComplete>Continuing</r2:CostToComplete>
                                        <r2:TotalCost>Continuing</r2:TotalCost>
                                    </r2:Cost>
                                </r2:CostCategoryItem>
                                <r2:CostCategoryItem>
                                    <r2:Name>Radiological Detection System (RDS)</r2:Name>
                                    <r2:FundingVehicle>MIPR</r2:FundingVehicle>
                                    <r2:PerformingActivity>JPEO</r2:PerformingActivity>
                                    <r2:PerformingActivityLocation>TBD</r2:PerformingActivityLocation>
                                    <r2:Cost>
                                        <r2:CurrentYear>
                                            <r2:Amount>0.131</r2:Amount>
                                            <r2:AwardDate>2024-11</r2:AwardDate>
                                        </r2:CurrentYear>
                                        <r2:BudgetYearOne>
                                            <r2:Amount>0.271</r2:Amount>
                                        </r2:BudgetYearOne>
                                        <r2:BudgetYearOneBase>
                                            <r2:Amount>0.271</r2:Amount>
                                            <r2:AwardDate>2025-11</r2:AwardDate>
                                        </r2:BudgetYearOneBase>
                                        <r2:CostToComplete>Continuing</r2:CostToComplete>
                                        <r2:TotalCost>Continuing</r2:TotalCost>
                                    </r2:Cost>
                                </r2:CostCategoryItem>
                                <r2:CostCategoryItem>
                                    <r2:Name>Gamma Detector Response and Analysis Software (GADRAS) suite</r2:Name>
                                    <r2:FundingVehicle>MIPR</r2:FundingVehicle>
                                    <r2:PerformingActivity>JPEO</r2:PerformingActivity>
                                    <r2:PerformingActivityLocation>TBD</r2:PerformingActivityLocation>
                                    <r2:Cost>
                                        <r2:BudgetYearOne>
                                            <r2:Amount>1.000</r2:Amount>
                                        </r2:BudgetYearOne>
                                        <r2:BudgetYearOneBase>
                                            <r2:Amount>1.000</r2:Amount>
                                            <r2:AwardDate>2025-10</r2:AwardDate>
                                        </r2:BudgetYearOneBase>
                                        <r2:CostToComplete>Continuing</r2:CostToComplete>
                                        <r2:TotalCost>Continuing</r2:TotalCost>
                                    </r2:Cost>
                                </r2:CostCategoryItem>
                                <r2:CostCategoryItem>
                                    <r2:Name>Environmental Testing for Dismounted Radiation Sensors</r2:Name>
                                    <r2:FundingVehicle>MIPR</r2:FundingVehicle>
                                    <r2:PerformingActivity>NIWC-PAC</r2:PerformingActivity>
                                    <r2:PerformingActivityLocation>California</r2:PerformingActivityLocation>
                                    <r2:Cost>
                                        <r2:CurrentYear>
                                            <r2:Amount>0.063</r2:Amount>
                                            <r2:AwardDate>2025-01</r2:AwardDate>
                                        </r2:CurrentYear>
                                        <r2:CostToComplete>Continuing</r2:CostToComplete>
                                        <r2:TotalCost>Continuing</r2:TotalCost>
                                    </r2:Cost>
                                </r2:CostCategoryItem>
                                <r2:CostCategoryItem>
                                    <r2:Name>Vehicle Integrated Platform Enhanced Radiation Detection, Indication, and Computation (VIPER) system</r2:Name>
                                    <r2:FundingVehicle>MIPR</r2:FundingVehicle>
                                    <r2:PerformingActivity>JPEO</r2:PerformingActivity>
                                    <r2:PerformingActivityLocation>TBD</r2:PerformingActivityLocation>
                                    <r2:Cost>
                                        <r2:BudgetYearOne>
                                            <r2:Amount>0.432</r2:Amount>
                                        </r2:BudgetYearOne>
                                        <r2:BudgetYearOneBase>
                                            <r2:Amount>0.432</r2:Amount>
                                            <r2:AwardDate>2025-10</r2:AwardDate>
                                        </r2:BudgetYearOneBase>
                                        <r2:CostToComplete>Continuing</r2:CostToComplete>
                                        <r2:TotalCost>Continuing</r2:TotalCost>
                                    </r2:Cost>
                                </r2:CostCategoryItem>
                                <r2:CostCategoryItem>
                                    <r2:Name>Test and Evaluation Article for Army Mobile Radiation Sensors</r2:Name>
                                    <r2:FundingVehicle>MIPR</r2:FundingVehicle>
                                    <r2:PerformingActivity>NIWC</r2:PerformingActivity>
                                    <r2:PerformingActivityLocation>California</r2:PerformingActivityLocation>
                                    <r2:Cost>
                                        <r2:CurrentYear>
                                            <r2:Amount>0.375</r2:Amount>
                                            <r2:AwardDate>2024-10</r2:AwardDate>
                                        </r2:CurrentYear>
                                        <r2:BudgetYearOne>
                                            <r2:Amount>0.430</r2:Amount>
                                        </r2:BudgetYearOne>
                                        <r2:BudgetYearOneBase>
                                            <r2:Amount>0.430</r2:Amount>
                                            <r2:AwardDate>2026-01</r2:AwardDate>
                                        </r2:BudgetYearOneBase>
                                        <r2:CostToComplete>Continuing</r2:CostToComplete>
                                        <r2:TotalCost>Continuing</r2:TotalCost>
                                    </r2:Cost>
                                </r2:CostCategoryItem>
                                <r2:CostCategoryItem>
                                    <r2:Name>Spectral Radiometer (SRM)-50 Demo Units</r2:Name>
                                    <r2:FundingVehicle>MIPR</r2:FundingVehicle>
                                    <r2:PerformingActivity>NIWC</r2:PerformingActivity>
                                    <r2:PerformingActivityLocation>California</r2:PerformingActivityLocation>
                                    <r2:Cost>
                                        <r2:CurrentYear>
                                            <r2:Amount>0.077</r2:Amount>
                                            <r2:AwardDate>2024-10</r2:AwardDate>
                                        </r2:CurrentYear>
                                        <r2:CostToComplete>Continuing</r2:CostToComplete>
                                        <r2:TotalCost>Continuing</r2:TotalCost>
                                    </r2:Cost>
                                </r2:CostCategoryItem>
                                <r2:CostCategoryItem>
                                    <r2:Name>Modular Vehicle Detector (MVD) Demo Unit</r2:Name>
                                    <r2:FundingVehicle>MIPR</r2:FundingVehicle>
                                    <r2:PerformingActivity>NIWC</r2:PerformingActivity>
                                    <r2:PerformingActivityLocation>California</r2:PerformingActivityLocation>
                                    <r2:Cost>
                                        <r2:CurrentYear>
                                            <r2:Amount>0.100</r2:Amount>
                                            <r2:AwardDate>2024-10</r2:AwardDate>
                                        </r2:CurrentYear>
                                        <r2:CostToComplete>Continuing</r2:CostToComplete>
                                        <r2:TotalCost>Continuing</r2:TotalCost>
                                    </r2:Cost>
                                </r2:CostCategoryItem>
                                <r2:CostCategoryItem>
                                    <r2:Name>Trade Space Analysis of GM Tube Requirement</r2:Name>
                                    <r2:FundingVehicle>MIPR</r2:FundingVehicle>
                                    <r2:PerformingActivity>JHU-APL</r2:PerformingActivity>
                                    <r2:PerformingActivityLocation>Maryland</r2:PerformingActivityLocation>
                                    <r2:Cost>
                                        <r2:CurrentYear>
                                            <r2:Amount>0.415</r2:Amount>
                                            <r2:AwardDate>2025-01</r2:AwardDate>
                                        </r2:CurrentYear>
                                        <r2:CostToComplete>Continuing</r2:CostToComplete>
                                        <r2:TotalCost>Continuing</r2:TotalCost>
                                    </r2:Cost>
                                </r2:CostCategoryItem>
                                <r2:CostCategoryItem>
                                    <r2:Name>R/N detector for GPS denied environment</r2:Name>
                                    <r2:FundingVehicle>MIPR</r2:FundingVehicle>
                                    <r2:PerformingActivity>TBD</r2:PerformingActivity>
                                    <r2:PerformingActivityLocation>TBD</r2:PerformingActivityLocation>
                                    <r2:Cost>
                                        <r2:BudgetYearOne>
                                            <r2:Amount>0.150</r2:Amount>
                                        </r2:BudgetYearOne>
                                        <r2:BudgetYearOneBase>
                                            <r2:Amount>0.150</r2:Amount>
                                            <r2:AwardDate>2026-01</r2:AwardDate>
                                        </r2:BudgetYearOneBase>
                                        <r2:CostToComplete>Continuing</r2:CostToComplete>
                                        <r2:TotalCost>Continuing</r2:TotalCost>
                                    </r2:Cost>
                                </r2:CostCategoryItem>
                                <r2:CostCategoryItem>
                                    <r2:Name>Dismounted Operations Rucksack</r2:Name>
                                    <r2:FundingVehicle>MIPR</r2:FundingVehicle>
                                    <r2:PerformingActivity>C5ISR</r2:PerformingActivity>
                                    <r2:PerformingActivityLocation>Maryland</r2:PerformingActivityLocation>
                                    <r2:Cost>
                                        <r2:CostToComplete>Continuing</r2:CostToComplete>
                                        <r2:TotalCost>Continuing</r2:TotalCost>
                                    </r2:Cost>
                                </r2:CostCategoryItem>
                                <r2:CostCategoryItem>
                                    <r2:Name>Exercise Support CWMD SMEE</r2:Name>
                                    <r2:FundingVehicle>MIPR</r2:FundingVehicle>
                                    <r2:PerformingActivity>SOCPAC</r2:PerformingActivity>
                                    <r2:PerformingActivityLocation>Hawaii</r2:PerformingActivityLocation>
                                    <r2:Cost>
                                        <r2:CurrentYear>
                                            <r2:Amount>0.025</r2:Amount>
                                            <r2:AwardDate>2025-01</r2:AwardDate>
                                        </r2:CurrentYear>
                                        <r2:CostToComplete>Continuing</r2:CostToComplete>
                                        <r2:TotalCost>Continuing</r2:TotalCost>
                                    </r2:Cost>
                                </r2:CostCategoryItem>
                                <r2:CostCategoryItem>
                                    <r2:Name>Modeling Tool VV&amp;A</r2:Name>
                                    <r2:FundingVehicle>MIPR</r2:FundingVehicle>
                                    <r2:PerformingActivity>IDA</r2:PerformingActivity>
                                    <r2:PerformingActivityLocation>Virgina</r2:PerformingActivityLocation>
                                    <r2:Cost>
                                        <r2:CurrentYear>
                                            <r2:Amount>0.482</r2:Amount>
                                            <r2:AwardDate>2025-01</r2:AwardDate>
                                        </r2:CurrentYear>
                                        <r2:CostToComplete>Continuing</r2:CostToComplete>
                                        <r2:TotalCost>Continuing</r2:TotalCost>
                                    </r2:Cost>
                                </r2:CostCategoryItem>
                                <r2:CostCategoryItem>
                                    <r2:Name>Performance of Project Description A&amp;S</r2:Name>
                                    <r2:FundingVehicle>MIPR</r2:FundingVehicle>
                                    <r2:PerformingActivity>RAND</r2:PerformingActivity>
                                    <r2:PerformingActivityLocation>California</r2:PerformingActivityLocation>
                                    <r2:Cost>
                                        <r2:CostToComplete>Continuing</r2:CostToComplete>
                                        <r2:TotalCost>Continuing</r2:TotalCost>
                                    </r2:Cost>
                                </r2:CostCategoryItem>
                                <r2:CostCategoryItem>
                                    <r2:Name>Exercise: RDAX</r2:Name>
                                    <r2:FundingVehicle>MIPR</r2:FundingVehicle>
                                    <r2:PerformingActivity>DTRA</r2:PerformingActivity>
                                    <r2:PerformingActivityLocation>Virginia</r2:PerformingActivityLocation>
                                    <r2:Cost>
                                        <r2:CostToComplete>Continuing</r2:CostToComplete>
                                        <r2:TotalCost>Continuing</r2:TotalCost>
                                    </r2:Cost>
                                </r2:CostCategoryItem>
                                <r2:CostCategoryItem>
                                    <r2:Name>A&amp;S Withholds</r2:Name>
                                    <r2:FundingVehicle>MIPR</r2:FundingVehicle>
                                    <r2:PerformingActivity>NA</r2:PerformingActivity>
                                    <r2:PerformingActivityLocation>NA</r2:PerformingActivityLocation>
                                    <r2:Cost>
                                        <r2:BudgetYearOne>
                                            <r2:Amount>0.176</r2:Amount>
                                        </r2:BudgetYearOne>
                                        <r2:BudgetYearOneBase>
                                            <r2:Amount>0.176</r2:Amount>
                                            <r2:AwardDate>2026-01</r2:AwardDate>
                                        </r2:BudgetYearOneBase>
                                        <r2:CostToComplete>Continuing</r2:CostToComplete>
                                        <r2:TotalCost>Continuing</r2:TotalCost>
                                    </r2:Cost>
                                </r2:CostCategoryItem>
                            </r2:CostCategoryItemList>
                        </r2:CostCategoryGroup>
                    </r2:CostCategoryGroupList>
                </r2:R3Exhibit>
                <r2:R4aExhibit>
                    <r2:SubProjectScheduleList>
                        <r2:SubProjectSchedule>
                            <r2:Title>Radioisotope Identification Detector (RIID)</r2:Title>
                            <r2:ScheduleDetailList>
                                <r2:ScheduleDetail>
                                    <r2:EventTitle>Radioisotope Identification Detector (RIID)</r2:EventTitle>
                                    <r2:Schedule>
                                        <r2:Start>
                                            <r2:Quarter>1</r2:Quarter>
                                            <r2:Year>2025</r2:Year>
                                        </r2:Start>
                                        <r2:End>
                                            <r2:Quarter>3</r2:Quarter>
                                            <r2:Year>2028</r2:Year>
                                        </r2:End>
                                    </r2:Schedule>
                                </r2:ScheduleDetail>
                            </r2:ScheduleDetailList>
                        </r2:SubProjectSchedule>
                        <r2:SubProjectSchedule>
                            <r2:Title>Radiological Detection System (RDS)</r2:Title>
                            <r2:ScheduleDetailList>
                                <r2:ScheduleDetail>
                                    <r2:EventTitle>Radiological Detection System (RDS)</r2:EventTitle>
                                    <r2:Schedule>
                                        <r2:Start>
                                            <r2:Quarter>1</r2:Quarter>
                                            <r2:Year>2025</r2:Year>
                                        </r2:Start>
                                        <r2:End>
                                            <r2:Quarter>4</r2:Quarter>
                                            <r2:Year>2027</r2:Year>
                                        </r2:End>
                                    </r2:Schedule>
                                </r2:ScheduleDetail>
                            </r2:ScheduleDetailList>
                        </r2:SubProjectSchedule>
                        <r2:SubProjectSchedule>
                            <r2:Title>Gamma Detector Response and Analysis Software (GADRAS) suite</r2:Title>
                            <r2:ScheduleDetailList>
                                <r2:ScheduleDetail>
                                    <r2:EventTitle>Gamma Detector Response and Analysis Software (GADRAS) suite</r2:EventTitle>
                                    <r2:Schedule>
                                        <r2:Start>
                                            <r2:Quarter>1</r2:Quarter>
                                            <r2:Year>2026</r2:Year>
                                        </r2:Start>
                                        <r2:End>
                                            <r2:Quarter>4</r2:Quarter>
                                            <r2:Year>2028</r2:Year>
                                        </r2:End>
                                    </r2:Schedule>
                                </r2:ScheduleDetail>
                            </r2:ScheduleDetailList>
                        </r2:SubProjectSchedule>
                        <r2:SubProjectSchedule>
                            <r2:Title>Vehicle Integrated Platform Enhanced Radiation Detection, Indication, and Computation (VIPER) system</r2:Title>
                            <r2:ScheduleDetailList>
                                <r2:ScheduleDetail>
                                    <r2:EventTitle>Vehicle Integrated Platform Enhanced Radiation Detection, Indication, and Computation (VIPER) system</r2:EventTitle>
                                    <r2:Schedule>
                                        <r2:Start>
                                            <r2:Quarter>1</r2:Quarter>
                                            <r2:Year>2026</r2:Year>
                                        </r2:Start>
                                        <r2:End>
                                            <r2:Quarter>4</r2:Quarter>
                                            <r2:Year>2029</r2:Year>
                                        </r2:End>
                                    </r2:Schedule>
                                </r2:ScheduleDetail>
                            </r2:ScheduleDetailList>
                        </r2:SubProjectSchedule>
                        <r2:SubProjectSchedule>
                            <r2:Title>Research, development, and acquisition experiment (RDAX)</r2:Title>
                            <r2:ScheduleDetailList>
                                <r2:ScheduleDetail>
                                    <r2:EventTitle>Research, development, and acquisition experiment (RDAX)</r2:EventTitle>
                                    <r2:Schedule>
                                        <r2:Start>
                                            <r2:Quarter>1</r2:Quarter>
                                            <r2:Year>2025</r2:Year>
                                        </r2:Start>
                                        <r2:End>
                                            <r2:Quarter>4</r2:Quarter>
                                            <r2:Year>2029</r2:Year>
                                        </r2:End>
                                    </r2:Schedule>
                                </r2:ScheduleDetail>
                            </r2:ScheduleDetailList>
                        </r2:SubProjectSchedule>
                    </r2:SubProjectScheduleList>
                </r2:R4aExhibit>
            </r2:Project>
        </r2:ProjectList>
    </r2:ProgramElement>
</r2:ProgramElementList>