<?xml version="1.0" encoding="UTF-8"?>
<r2:ProgramElementList xmlns:r2="http://www.dtic.mil/comptroller/xml/schema/022009/r2" targetSchemaVersion="1.0">
    <r2:ProgramElement monetaryUnit="Millions">
        <r2:ProgramElementNumber>0604125D8Z</r2:ProgramElementNumber>
        <r2:ProgramElementTitle>Advanced Manufacturing Components and Prototypes</r2:ProgramElementTitle>
        <r2:R1LineNumber>105</r2:R1LineNumber>
        <r2:BudgetYear>2026</r2:BudgetYear>
        <r2:BudgetCycle>PB</r2:BudgetCycle>
        <r2:SubmissionDate>2025-06</r2:SubmissionDate>
        <r2:ServiceAgencyName>Office of the Secretary Of Defense</r2:ServiceAgencyName>
        <r2:AppropriationCode>0400</r2:AppropriationCode>
        <r2:AppropriationName>Research, Development, Test &amp; Evaluation, Defense-Wide</r2:AppropriationName>
        <r2:BudgetActivityNumber>4</r2:BudgetActivityNumber>
        <r2:BudgetActivityTitle>Advanced Component Development &amp; Prototypes (ACD&amp;P)</r2:BudgetActivityTitle>
        <r2:ProgramElementFunding>
            <r2:AllPriorYears>0.000</r2:AllPriorYears>
            <r2:PriorYear>0.000</r2:PriorYear>
            <r2:CurrentYear>21.776</r2:CurrentYear>
            <r2:BudgetYearOne>45.513</r2:BudgetYearOne>
            <r2:BudgetYearOneBase>45.513</r2:BudgetYearOneBase>
        </r2:ProgramElementFunding>
        <r2:ProgramElementNote>New Start (Y/N): No

The interim National Defense Strategy (NDS) directs the Department of Defense (DoD) to seed opportunities in critical technology areas, including biotechnology, as part of our broader responsibility to ensure enduring U.S. technological advantage, and the Department will use this program element to execute the Administration's vision for advanced manufacturing of critical technologies.</r2:ProgramElementNote>
        <r2:ProgramElementMissionDescription>The Advanced Manufacturing Components and Prototypes (AMCAP) program is established to validate the build and/or expansion of advanced manufacturing infrastructure and conduct research, develop, test, and evaluation (RDT&amp;E) to facilitate development and transition of promising advanced manufacturing technologies to higher manufacturing readiness levels (MRL) via component and prototype development.  Funding for this program is focused on requirements emerging from the Defense Biomanufacturing Strategy, which is guiding the execution of the Distributed Bioindustrial Manufacturing Program (DBIMP) – formerly known as the Manufacturing Enabled by Modular and Reusable (MEMBR) assets initiative investments to scale up domestic manufacturing of bioindustrial products.  The project under this program will cover the full range of technologies critical to the Department of Defense (DoD) and manufacturing technologies with dual-use commercial applications to support the industrial base that will supply the DoD.</r2:ProgramElementMissionDescription>
        <r2:ChangeSummary>
            <r2:PreviousPresidentBudget>
                <r2:PriorYear>0.000</r2:PriorYear>
                <r2:CurrentYear>16.776</r2:CurrentYear>
                <r2:BudgetYearOne>45.649</r2:BudgetYearOne>
                <r2:BudgetYearOneBase>45.649</r2:BudgetYearOneBase>
            </r2:PreviousPresidentBudget>
            <r2:CurrentPresidentBudget>
                <r2:PriorYear>0.000</r2:PriorYear>
                <r2:CurrentYear>21.776</r2:CurrentYear>
                <r2:BudgetYearOne>45.513</r2:BudgetYearOne>
                <r2:BudgetYearOneBase>45.513</r2:BudgetYearOneBase>
            </r2:CurrentPresidentBudget>
            <r2:TotalAdjustments>
                <r2:PriorYear>0.000</r2:PriorYear>
                <r2:CurrentYear>5.000</r2:CurrentYear>
                <r2:BudgetYearOne>-0.136</r2:BudgetYearOne>
                <r2:BudgetYearOneBase>-0.136</r2:BudgetYearOneBase>
            </r2:TotalAdjustments>
            <r2:AdjustmentDetails>
                <r2:CongressionalAdds>
                    <r2:CurrentYear>5.000</r2:CurrentYear>
                </r2:CongressionalAdds>
                <r2:OtherAdjustmentDetailList>
                    <r2:OtherAdjustmentDetail>
                        <r2:Title>Economic Assumptions</r2:Title>
                        <r2:Funding>
                            <r2:BudgetYearOne>-0.136</r2:BudgetYearOne>
                            <r2:BudgetYearOneBase>-0.136</r2:BudgetYearOneBase>
                        </r2:Funding>
                    </r2:OtherAdjustmentDetail>
                </r2:OtherAdjustmentDetailList>
            </r2:AdjustmentDetails>
            <r2:SummaryExplanation>FY 2025 change is due to Congressional Add ($5.000 million).

FY 2026 change is due to Economic Assumption reduction (-$0.136)</r2:SummaryExplanation>
        </r2:ChangeSummary>
        <r2:ProjectList>
            <r2:Project>
                <r2:ProjectNumber>232</r2:ProjectNumber>
                <r2:ProjectTitle>Advanced Manufacturing Components and Prototypes</r2:ProjectTitle>
                <r2:SpecialProject>0</r2:SpecialProject>
                <r2:ProjectFunding>
                    <r2:AllPriorYears>0.000</r2:AllPriorYears>
                    <r2:PriorYear>0.000</r2:PriorYear>
                    <r2:CurrentYear>21.776</r2:CurrentYear>
                    <r2:BudgetYearOne>45.513</r2:BudgetYearOne>
                    <r2:BudgetYearOneBase>45.513</r2:BudgetYearOneBase>
                </r2:ProjectFunding>
                <r2:R2aExhibit>
                    <r2:ProjectMissionDescription>This project will mature manufacturing processes to support the transition of advanced manufacturing components and prototypes to address warfighter needs.  

With initial emphasis in the bioindustrial manufacturing area, the project will advance the scale up production of molecules of interest. Through the biotechnology Distributed Bioindustrial Manufacturing Program (DBIMP) – formerly known as the Manufacturing Enabled by Modular Bioindustrial &amp; Reusable (MEMBR) assets initiative - the project will establish a network of flexible manufacturing facilities to scale-up promising biotechnology capabilities for integration into DoD missions.</r2:ProjectMissionDescription>
                    <r2:CongressionalAddDetailList>
                        <r2:CongressionalAddDetail>
                            <r2:Title>Large Scale, Agile, Additive and Hybrid Manufacturing Pilot Program</r2:Title>
                            <r2:CurrentYear>
                                <r2:Funding>5.000</r2:Funding>
                                <r2:Text>Establish research with University of Maine Advanced Manufacturing Pilot Research Facility for Large Scale, Agile, Additive and Hybrid Manufacturing to act as a national and regional node, capable of rapidly prototyping large integrated systems in a production-representative environment.</r2:Text>
                            </r2:CurrentYear>
                        </r2:CongressionalAddDetail>
                    </r2:CongressionalAddDetailList>
                    <r2:AccomplishmentPlannedProgramList>
                        <r2:AccomplishmentPlannedProgram>
                            <r2:Title>Pilot-Scale Production of Bioindustrial Products</r2:Title>
                            <r2:Description>Bioindustrial projects to scale up promising molecules utilizing flexible bioindustrial manufacturing facilities. Biotechnology activities could include, but are not limited to, initial pilot or production scale batches, producing material needed for qualification to a military or commercial specification, test batches to facilitate the technology transfer from a pilot facility to an industrial scale facility, development of downstream processing techniques at scale, standard operating procedure (SOP) development, and test and evaluation.  The biotechnology projects are to be performed in bioindustrial infrastructure funded by DoD.</r2:Description>
                            <r2:PlannedProgram>
                                <r2:CurrentYear>
                                    <r2:Funding>16.776</r2:Funding>
                                    <r2:Text>Conduct bioindustrial initial pilot or production scale batches of candidate molecules to prove capability to produce material for military needs. Prepare test batches to facilitate technology transfer of products to available industrial scale facilities and develop downstream processing techniques supporting production at scale. Develop and apply initial standard operating procedures (SOP) for at scale production. Conduct test and evaluation to validate and prove processes used.</r2:Text>
                                </r2:CurrentYear>
                                <r2:BudgetYearOne>
                                    <r2:Funding>45.513</r2:Funding>
                                </r2:BudgetYearOne>
                                <r2:BudgetYearOneBase>
                                    <r2:Funding>45.513</r2:Funding>
                                    <r2:Text>In support of the Distributed Bioindustrial Manufacturing Program (DBIMP), continue maturation of biomanufactured fibers for DoD specific applications using qualification testing and prototyping for relevant environments. Continue prototyping and early test and evaluation efforts for forward deployed biomanufacturing. Conduct techno-economic analyses of biomanufactured fibers and biomanufactured energetic precursor materials. Complete first tier of qualification testing for the biomanufactured fiber. Formulate biomanufactured energetic precursors and produce material necessary for qualification. Perform pilot process optimization and produce biomaterials using mature precursor chemicals or materials and formulate final materials for biomanufactured products critical to DoD and the United States. This effort includes military specification and conformance testing. Promising candidate molecules and materials selected in FY 2025 will become qualification projects in FY 2026. The program will conduct feasibility assessments for bioindustrial manufacturing prototypes for low resource environments important to the DoD mission.</r2:Text>
                                </r2:BudgetYearOneBase>
                                <r2:AppChangeSummary>The increase of $28.601 million between FY 2025 and FY 2026 will fund the most promising 3-6 follow-on projects emerging from 34 ongoing bioindustrial candidate projects. These 3-6 follow-on projects will focus on maturing products in need of qualification testing and/or technoeconomic analysis. One example is additional qualification testing for biomanufactured fibers for DoD filters, which may include the production of prototypes.  An Economic Assumptions decrease of $0.136 million reflects a reduction in non-pay, non-fuel purchases based on revised inflation rates.</r2:AppChangeSummary>
                            </r2:PlannedProgram>
                        </r2:AccomplishmentPlannedProgram>
                    </r2:AccomplishmentPlannedProgramList>
                </r2:R2aExhibit>
                <r2:R3Exhibit>
                    <r2:CostCategoryGroupList>
                        <r2:CostCategoryGroup>
                            <r2:Name>Product Development</r2:Name>
                            <r2:CostCategoryItemList>
                                <r2:CostCategoryItem>
                                    <r2:Name>Technoeconomic analyses &amp; feasibility assessments</r2:Name>
                                    <r2:ContractMethod>C</r2:ContractMethod>
                                    <r2:ContractType>TBD</r2:ContractType>
                                    <r2:PerformingActivity>TBD</r2:PerformingActivity>
                                    <r2:PerformingActivityLocation>Multiple Locations</r2:PerformingActivityLocation>
                                    <r2:Cost>
                                        <r2:CurrentYear>
                                            <r2:Amount>1.517</r2:Amount>
                                        </r2:CurrentYear>
                                        <r2:BudgetYearOne>
                                            <r2:Amount>3.103</r2:Amount>
                                        </r2:BudgetYearOne>
                                        <r2:BudgetYearOneBase>
                                            <r2:Amount>3.103</r2:Amount>
                                        </r2:BudgetYearOneBase>
                                        <r2:CostToComplete>Continuing</r2:CostToComplete>
                                        <r2:TotalCost>Continuing</r2:TotalCost>
                                        <r2:TargetValue>N/A</r2:TargetValue>
                                    </r2:Cost>
                                </r2:CostCategoryItem>
                                <r2:CostCategoryItem>
                                    <r2:Name>Technology transfer and process flow</r2:Name>
                                    <r2:ContractMethod>C</r2:ContractMethod>
                                    <r2:ContractType>TBD</r2:ContractType>
                                    <r2:PerformingActivity>TBD</r2:PerformingActivity>
                                    <r2:PerformingActivityLocation>TBD</r2:PerformingActivityLocation>
                                    <r2:Cost>
                                        <r2:CurrentYear>
                                            <r2:Amount>3.377</r2:Amount>
                                        </r2:CurrentYear>
                                        <r2:BudgetYearOne>
                                            <r2:Amount>3.251</r2:Amount>
                                        </r2:BudgetYearOne>
                                        <r2:BudgetYearOneBase>
                                            <r2:Amount>3.251</r2:Amount>
                                        </r2:BudgetYearOneBase>
                                        <r2:CostToComplete>Continuing</r2:CostToComplete>
                                        <r2:TotalCost>Continuing</r2:TotalCost>
                                        <r2:TargetValue>N/A</r2:TargetValue>
                                    </r2:Cost>
                                </r2:CostCategoryItem>
                                <r2:CostCategoryItem>
                                    <r2:Name>Pilot process optimization and production of biomaterials</r2:Name>
                                    <r2:ContractMethod>C</r2:ContractMethod>
                                    <r2:ContractType>Various</r2:ContractType>
                                    <r2:PerformingActivity>TBD</r2:PerformingActivity>
                                    <r2:PerformingActivityLocation>Multiple Locations</r2:PerformingActivityLocation>
                                    <r2:Cost>
                                        <r2:CurrentYear>
                                            <r2:Amount>14.000</r2:Amount>
                                        </r2:CurrentYear>
                                        <r2:BudgetYearOne>
                                            <r2:Amount>21.606</r2:Amount>
                                        </r2:BudgetYearOne>
                                        <r2:BudgetYearOneBase>
                                            <r2:Amount>21.606</r2:Amount>
                                        </r2:BudgetYearOneBase>
                                        <r2:CostToComplete>Continuing</r2:CostToComplete>
                                        <r2:TotalCost>Continuing</r2:TotalCost>
                                        <r2:TargetValue>N/A</r2:TargetValue>
                                    </r2:Cost>
                                </r2:CostCategoryItem>
                            </r2:CostCategoryItemList>
                        </r2:CostCategoryGroup>
                        <r2:CostCategoryGroup>
                            <r2:Name>Test and Evaluation</r2:Name>
                            <r2:CostCategoryItemList>
                                <r2:CostCategoryItem>
                                    <r2:Name>Qualification testing of biomaterial to military and/or industrial specifications</r2:Name>
                                    <r2:ContractMethod>C</r2:ContractMethod>
                                    <r2:ContractType>TBD</r2:ContractType>
                                    <r2:PerformingActivity>AFRL and TBD</r2:PerformingActivity>
                                    <r2:PerformingActivityLocation>Wright-Patterson AFB and Other Location</r2:PerformingActivityLocation>
                                    <r2:Cost>
                                        <r2:CurrentYear>
                                            <r2:Amount>1.466</r2:Amount>
                                        </r2:CurrentYear>
                                        <r2:BudgetYearOne>
                                            <r2:Amount>13.940</r2:Amount>
                                        </r2:BudgetYearOne>
                                        <r2:BudgetYearOneBase>
                                            <r2:Amount>13.940</r2:Amount>
                                        </r2:BudgetYearOneBase>
                                        <r2:CostToComplete>Continuing</r2:CostToComplete>
                                        <r2:TotalCost>Continuing</r2:TotalCost>
                                        <r2:TargetValue>N/A</r2:TargetValue>
                                    </r2:Cost>
                                </r2:CostCategoryItem>
                            </r2:CostCategoryItemList>
                        </r2:CostCategoryGroup>
                        <r2:CostCategoryGroup>
                            <r2:Name>Management Services</r2:Name>
                            <r2:CostCategoryItemList>
                                <r2:CostCategoryItem>
                                    <r2:Name>Bioindustrial Scale-Up Management Services</r2:Name>
                                    <r2:ContractMethod>C</r2:ContractMethod>
                                    <r2:ContractType>TBD</r2:ContractType>
                                    <r2:PerformingActivity>BioMADE Manufacturing Innovation Institute and Advanced Consulting and Programmatics (ACAP)</r2:PerformingActivity>
                                    <r2:PerformingActivityLocation>Twin Cities, MN, Emeryville, CA, Haymarket, VA</r2:PerformingActivityLocation>
                                    <r2:Cost>
                                        <r2:CurrentYear>
                                            <r2:Amount>1.416</r2:Amount>
                                        </r2:CurrentYear>
                                        <r2:BudgetYearOne>
                                            <r2:Amount>3.613</r2:Amount>
                                        </r2:BudgetYearOne>
                                        <r2:BudgetYearOneBase>
                                            <r2:Amount>3.613</r2:Amount>
                                        </r2:BudgetYearOneBase>
                                        <r2:CostToComplete>Continuing</r2:CostToComplete>
                                        <r2:TotalCost>Continuing</r2:TotalCost>
                                        <r2:TargetValue>N/A</r2:TargetValue>
                                    </r2:Cost>
                                </r2:CostCategoryItem>
                            </r2:CostCategoryItemList>
                        </r2:CostCategoryGroup>
                    </r2:CostCategoryGroupList>
                </r2:R3Exhibit>
                <r2:R4aExhibit>
                    <r2:SubProjectScheduleList>
                        <r2:SubProjectSchedule>
                            <r2:Title>Bioindustrial Products</r2:Title>
                            <r2:ScheduleDetailList>
                                <r2:ScheduleDetail>
                                    <r2:EventTitle>Technoeconomic analyses &amp; feasibility assessments</r2:EventTitle>
                                    <r2:Schedule>
                                        <r2:Start>
                                            <r2:Quarter>1</r2:Quarter>
                                            <r2:Year>2024</r2:Year>
                                        </r2:Start>
                                        <r2:End>
                                            <r2:Quarter>2</r2:Quarter>
                                            <r2:Year>2025</r2:Year>
                                        </r2:End>
                                    </r2:Schedule>
                                </r2:ScheduleDetail>
                                <r2:ScheduleDetail>
                                    <r2:EventTitle>Technology transfer and process flow</r2:EventTitle>
                                    <r2:Schedule>
                                        <r2:Start>
                                            <r2:Quarter>2</r2:Quarter>
                                            <r2:Year>2025</r2:Year>
                                        </r2:Start>
                                        <r2:End>
                                            <r2:Quarter>3</r2:Quarter>
                                            <r2:Year>2025</r2:Year>
                                        </r2:End>
                                    </r2:Schedule>
                                </r2:ScheduleDetail>
                                <r2:ScheduleDetail>
                                    <r2:EventTitle>Pilot process optimization and production of biomaterials</r2:EventTitle>
                                    <r2:Schedule>
                                        <r2:Start>
                                            <r2:Quarter>3</r2:Quarter>
                                            <r2:Year>2025</r2:Year>
                                        </r2:Start>
                                        <r2:End>
                                            <r2:Quarter>4</r2:Quarter>
                                            <r2:Year>2026</r2:Year>
                                        </r2:End>
                                    </r2:Schedule>
                                </r2:ScheduleDetail>
                                <r2:ScheduleDetail>
                                    <r2:EventTitle>Qualification testing of biomaterial to military and/or industrial specifications</r2:EventTitle>
                                    <r2:Schedule>
                                        <r2:Start>
                                            <r2:Quarter>4</r2:Quarter>
                                            <r2:Year>2025</r2:Year>
                                        </r2:Start>
                                        <r2:End>
                                            <r2:Quarter>1</r2:Quarter>
                                            <r2:Year>2027</r2:Year>
                                        </r2:End>
                                    </r2:Schedule>
                                </r2:ScheduleDetail>
                            </r2:ScheduleDetailList>
                        </r2:SubProjectSchedule>
                    </r2:SubProjectScheduleList>
                </r2:R4aExhibit>
            </r2:Project>
        </r2:ProjectList>
    </r2:ProgramElement>
</r2:ProgramElementList>