<?xml version="1.0" encoding="UTF-8"?>
<r2:ProgramElementList xmlns:r2="http://www.dtic.mil/comptroller/xml/schema/022009/r2" targetSchemaVersion="1.0">
    <r2:ProgramElement monetaryUnit="Millions">
        <r2:ProgramElementNumber>0608140D8Z</r2:ProgramElementNumber>
        <r2:ProgramElementTitle>Enterprise Platform and Capabilities Software Pilot Program</r2:ProgramElementTitle>
        <r2:R1LineNumber>299</r2:R1LineNumber>
        <r2:BudgetYear>2026</r2:BudgetYear>
        <r2:BudgetCycle>PB</r2:BudgetCycle>
        <r2:SubmissionDate>2025-06</r2:SubmissionDate>
        <r2:ServiceAgencyName>Office of the Secretary Of Defense</r2:ServiceAgencyName>
        <r2:AppropriationCode>0400</r2:AppropriationCode>
        <r2:AppropriationName>Research, Development, Test &amp; Evaluation, Defense-Wide</r2:AppropriationName>
        <r2:BudgetActivityNumber>8</r2:BudgetActivityNumber>
        <r2:BudgetActivityTitle>Software and Digital Technology Pilot Programs</r2:BudgetActivityTitle>
        <r2:ProgramElementFunding>
            <r2:AllPriorYears>0.000</r2:AllPriorYears>
            <r2:PriorYear>0.000</r2:PriorYear>
            <r2:CurrentYear>0.000</r2:CurrentYear>
            <r2:BudgetYearOne>402.783</r2:BudgetYearOne>
            <r2:BudgetYearOneBase>402.783</r2:BudgetYearOneBase>
        </r2:ProgramElementFunding>
        <r2:ProgramElementNote>New Start (Y/N): No - This new PE consists of funding and activities funded in prior years under RDT&amp;E PE 0604123D8Z Dem/Val Foundation Enablers and O&amp;M BA04 to provision the Advana enterprise data, analytics, and AI platform. It combines these activities into one BA08-funded PE to enable more effective management of Advana as an enterprise software-centric capability.</r2:ProgramElementNote>
        <r2:ProgramElementMissionDescription>This PE funds capabilities and activities to make disparate DoD datasets more widely accessible, understandable, interoperable, and actionable across the DoD enterprise by providing the government-owned, contractor operated enterprise data stack, analytic and AI tools, and data and AI engineering expertise to improve DoD decision making across multiple functional areas and organization levels. It includes the ability to develop, train, and support the DoD workforce to effectively leverage the data, analytics, and AI capabilities provided through Advana.</r2:ProgramElementMissionDescription>
        <r2:ChangeSummary>
            <r2:PreviousPresidentBudget>
                <r2:PriorYear>0.000</r2:PriorYear>
                <r2:CurrentYear>0.000</r2:CurrentYear>
                <r2:BudgetYearOne>511.703</r2:BudgetYearOne>
                <r2:BudgetYearOneBase>511.703</r2:BudgetYearOneBase>
            </r2:PreviousPresidentBudget>
            <r2:CurrentPresidentBudget>
                <r2:PriorYear>0.000</r2:PriorYear>
                <r2:CurrentYear>0.000</r2:CurrentYear>
                <r2:BudgetYearOne>402.783</r2:BudgetYearOne>
                <r2:BudgetYearOneBase>402.783</r2:BudgetYearOneBase>
            </r2:CurrentPresidentBudget>
            <r2:TotalAdjustments>
                <r2:PriorYear>0.000</r2:PriorYear>
                <r2:CurrentYear>0.000</r2:CurrentYear>
                <r2:BudgetYearOne>-108.920</r2:BudgetYearOne>
                <r2:BudgetYearOneBase>-108.920</r2:BudgetYearOneBase>
            </r2:TotalAdjustments>
            <r2:AdjustmentDetails>
                <r2:OtherAdjustmentDetailList>
                    <r2:OtherAdjustmentDetail>
                        <r2:Title>Discretionary Reductions</r2:Title>
                        <r2:Funding>
                            <r2:BudgetYearOne>-108.920</r2:BudgetYearOne>
                            <r2:BudgetYearOneBase>-108.920</r2:BudgetYearOneBase>
                        </r2:Funding>
                    </r2:OtherAdjustmentDetail>
                </r2:OtherAdjustmentDetailList>
            </r2:AdjustmentDetails>
        </r2:ChangeSummary>
        <r2:ProjectList>
            <r2:Project>
                <r2:ProjectNumber>679</r2:ProjectNumber>
                <r2:ProjectTitle>ADVANA Infrastructure</r2:ProjectTitle>
                <r2:SpecialProject>0</r2:SpecialProject>
                <r2:ProjectFunding>
                    <r2:AllPriorYears>0.000</r2:AllPriorYears>
                    <r2:PriorYear>0.000</r2:PriorYear>
                    <r2:CurrentYear>0.000</r2:CurrentYear>
                    <r2:BudgetYearOne>238.341</r2:BudgetYearOne>
                    <r2:BudgetYearOneBase>238.341</r2:BudgetYearOneBase>
                </r2:ProjectFunding>
                <r2:R2aExhibit>
                    <r2:ProjectMissionDescription>This PE funds capabilities and activities to make disparate DoD datasets more widely accessible, understandable, interoperable, and actionable across the DoD enterprise by providing the government-owned, contractor operated enterprise data stack, analytic and AI tools, and data and AI engineering expertise to improve DoD decision making across multiple functional areas and organization levels. It includes the ability to develop, train, and support the DoD workforce to effectively leverage the data, analytics, and AI capabilities provided through Advana.</r2:ProjectMissionDescription>
                    <r2:CongressionalAddDetailList>
                        <r2:CongressionalAddDetail>
                            <r2:Title>N/A</r2:Title>
                            <r2:PriorYear>
                                <r2:Funding>0.000</r2:Funding>
                                <r2:Text>N/A</r2:Text>
                            </r2:PriorYear>
                        </r2:CongressionalAddDetail>
                    </r2:CongressionalAddDetailList>
                    <r2:AccomplishmentPlannedProgramList>
                        <r2:AccomplishmentPlannedProgram>
                            <r2:Title>ADVANA Infrastructure</r2:Title>
                            <r2:Description>Requested funding supports continued development and sustainment of the Advana enterprise data, analytics, and AI platform. This includes maintaining core infrastructure and platform services to support a rapidly growing userbase including new applications, data sources, customers, and capabilities. In addition to vital compute infrastructure, funding procures commercial tooling licenses and engineering support to digitize business, readiness, and warfighting functions, including audit, real-world incident response, and data and AI enablement of Combatant Commands and OSD Principal Staff Assistants. In FY25, CDAO focused on modernizing and scaling Advana architecture to support more self-service data and analytic work, including enabling push-button deployments via infrastructure as code (IaC) and configuration as code (CaC) pipelines, natively integrated security features, and multi-cloud deployment support to promote parity and reduce technical debt.</r2:Description>
                            <r2:PlannedProgram>
                                <r2:BudgetYearOne>
                                    <r2:Funding>238.341</r2:Funding>
                                </r2:BudgetYearOne>
                                <r2:BudgetYearOneBase>
                                    <r2:Funding>238.341</r2:Funding>
                                    <r2:Text>Funding will maintain core compute infrastructure, data and AI tooling, and engineering support to support a rapidly growing userbase including new applications, data sources, customers, and capabilities. CDAO will continue to invest in driving a scalable self-service architecture. FY26 funding will support the follow on Advana acquisition and contracting strategy, which will diversify the vendor base while procuring and integrating best of breed commercial capabilities.</r2:Text>
                                </r2:BudgetYearOneBase>
                                <r2:BudgetYearOneOOC>
                                    <r2:Funding>0.000</r2:Funding>
                                    <r2:Text>N/A</r2:Text>
                                </r2:BudgetYearOneOOC>
                                <r2:AppChangeSummary>New PE in FY 2026 represents funding transfer from O&amp;M BA04 and RDT&amp;E PE 0604123D8Z Foundation Enablers.  The BA08 software pilot program provides more flexible and adaptable execution per recommendation of the Appropriations Committee.</r2:AppChangeSummary>
                            </r2:PlannedProgram>
                        </r2:AccomplishmentPlannedProgram>
                    </r2:AccomplishmentPlannedProgramList>
                    <r2:OtherProgramFundingSummaryRemarks>N/A</r2:OtherProgramFundingSummaryRemarks>
                    <r2:AcquisitionStrategy>CDAO is working with OUSD(A&amp;S) to develop an acquisition strategy to scale Advana. CDAO currently procures Advana capabilities through assisted acquisition partners. Several bridge contracts are in place, through which CDAO procures cloud computing, commercial tools, and data and other engineering support to run the platform. Several DoD organizations also self-fund Advana capabilities and engineering support to develop and sustain their own use cases leveraging core Advana infrastructure and tools. Other organization funding to leverage Advana is reflected in their organic budgets.</r2:AcquisitionStrategy>
                </r2:R2aExhibit>
                <r2:R4aExhibit>
                    <r2:SubProjectScheduleList>
                        <r2:SubProjectSchedule>
                            <r2:Title>Advana Infrastructure</r2:Title>
                            <r2:ScheduleDetailList>
                                <r2:ScheduleDetail>
                                    <r2:EventTitle>Advana Infrastructure</r2:EventTitle>
                                    <r2:Schedule>
                                        <r2:Start>
                                            <r2:Quarter>4</r2:Quarter>
                                            <r2:Year>2026</r2:Year>
                                        </r2:Start>
                                        <r2:End>
                                            <r2:Quarter>3</r2:Quarter>
                                            <r2:Year>2028</r2:Year>
                                        </r2:End>
                                    </r2:Schedule>
                                </r2:ScheduleDetail>
                            </r2:ScheduleDetailList>
                        </r2:SubProjectSchedule>
                    </r2:SubProjectScheduleList>
                </r2:R4aExhibit>
            </r2:Project>
            <r2:Project>
                <r2:ProjectNumber>676</r2:ProjectNumber>
                <r2:ProjectTitle>Business Mission Analytics</r2:ProjectTitle>
                <r2:SpecialProject>0</r2:SpecialProject>
                <r2:ProjectFunding>
                    <r2:AllPriorYears>0.000</r2:AllPriorYears>
                    <r2:PriorYear>0.000</r2:PriorYear>
                    <r2:CurrentYear>0.000</r2:CurrentYear>
                    <r2:BudgetYearOne>100.972</r2:BudgetYearOne>
                    <r2:BudgetYearOneBase>100.972</r2:BudgetYearOneBase>
                </r2:ProjectFunding>
                <r2:R2aExhibit>
                    <r2:ProjectMissionDescription>The Business &amp; Mission Analytics project enables DoD organizations to leverage data, analytics, and artificial intelligence to improve decision making in multiple functional and cross-functional areas. Through the delivery of enterprise capabilities, services, and best practices, we empower business and warfighting operators to leverage data to achieve decision advantage. Funding resources the development and delivery of new analytics that support Joint customers, including Combatant Commands, the Joint Staff, OSD Principal Staff Assistants, and cross-Service efforts.

​</r2:ProjectMissionDescription>
                    <r2:AccomplishmentPlannedProgramList>
                        <r2:AccomplishmentPlannedProgram>
                            <r2:Title>Business Mission Analytics</r2:Title>
                            <r2:Description>The Business &amp; Mission Analytics project enables DoD organizations to leverage data, analytics, and artificial intelligence to improve decision making in multiple functional and cross-functional areas. Through the delivery of enterprise capabilities, services, and best practices, we empower business and warfighting operators to leverage data to achieve decision advantage. Funding resources the development and delivery of new analytics that support Joint customers, including Combatant Commands, the Joint Staff, OSD Principal Staff Assistants, and cross-Service efforts.</r2:Description>
                            <r2:PlannedProgram>
                                <r2:BudgetYearOne>
                                    <r2:Funding>100.972</r2:Funding>
                                </r2:BudgetYearOne>
                                <r2:BudgetYearOneBase>
                                    <r2:Funding>100.972</r2:Funding>
                                    <r2:Text>Funding will procure data scientists, data engineers, application development, and tools to design and build high-quality products for executive customers with enterprise-level impact. It will enable CDAO to support new and existing customers by enhancing our operating model and business practices to better support scale that is platform and tool agnostic.</r2:Text>
                                </r2:BudgetYearOneBase>
                                <r2:AppChangeSummary>New PE in FY 2026 represents overall funding transfer from O&amp;M BA04 and RDT&amp;E PE 0604123D8Z Foundation Enablers.  The new BA08 software pilot program provides for more flexible and adaptable execution per recommendations of the Appropriations Committee.</r2:AppChangeSummary>
                            </r2:PlannedProgram>
                        </r2:AccomplishmentPlannedProgram>
                    </r2:AccomplishmentPlannedProgramList>
                    <r2:OtherProgramFundingSummaryRemarks>N/A</r2:OtherProgramFundingSummaryRemarks>
                </r2:R2aExhibit>
                <r2:R4aExhibit>
                    <r2:SubProjectScheduleList>
                        <r2:SubProjectSchedule>
                            <r2:Title>Business and Mission Analytics</r2:Title>
                            <r2:ScheduleDetailList>
                                <r2:ScheduleDetail>
                                    <r2:EventTitle>Business and Mission Analytics</r2:EventTitle>
                                    <r2:Schedule>
                                        <r2:Start>
                                            <r2:Quarter>4</r2:Quarter>
                                            <r2:Year>2026</r2:Year>
                                        </r2:Start>
                                        <r2:End>
                                            <r2:Quarter>3</r2:Quarter>
                                            <r2:Year>2028</r2:Year>
                                        </r2:End>
                                    </r2:Schedule>
                                </r2:ScheduleDetail>
                            </r2:ScheduleDetailList>
                        </r2:SubProjectSchedule>
                    </r2:SubProjectScheduleList>
                </r2:R4aExhibit>
            </r2:Project>
            <r2:Project>
                <r2:ProjectNumber>677</r2:ProjectNumber>
                <r2:ProjectTitle>SUNet</r2:ProjectTitle>
                <r2:SpecialProject>0</r2:SpecialProject>
                <r2:ProjectFunding>
                    <r2:AllPriorYears>0.000</r2:AllPriorYears>
                    <r2:PriorYear>0.000</r2:PriorYear>
                    <r2:CurrentYear>0.000</r2:CurrentYear>
                    <r2:BudgetYearOne>58.970</r2:BudgetYearOne>
                    <r2:BudgetYearOneBase>58.970</r2:BudgetYearOneBase>
                </r2:ProjectFunding>
                <r2:R2aExhibit>
                    <r2:ProjectMissionDescription>SUNet (Secure Unclassified Network) is an off-DODIN Government owned (GOTS) network and compute platform that provides critical mission support for Combatant Commands, Interagency Task Force groups, fast-moving AI missions, and emerging DoD missions that cannot be met by other existing agency-specific capabilities. SUNet adheres to DoD RMF standards and can support data and missions at the CUI level and below. The platform provides DoD with maximum flexibility to leverage best in industry software, tools, and developers in a secure environment to achieve and maintain operational advantage.</r2:ProjectMissionDescription>
                    <r2:AccomplishmentPlannedProgramList>
                        <r2:AccomplishmentPlannedProgram>
                            <r2:Title>SUNet</r2:Title>
                            <r2:Description>SUNet (Secure Unclassified Network) is an off-DODIN Government owned (GOTS) network and compute platform that provides critical mission support for Combatant Commands, Interagency Task Force groups, fast-moving AI missions, and emerging DoD missions that cannot be met by other existing agency-specific capabilities. SUNet adheres to DoD RMF standards and can support data and missions at the CUI level and below. The platform provides DoD with maximum flexibility to leverage best in industry software, tools, and developers in a secure environment to achieve and maintain operational advantage.</r2:Description>
                            <r2:PlannedProgram>
                                <r2:BudgetYearOne>
                                    <r2:Funding>58.970</r2:Funding>
                                </r2:BudgetYearOne>
                                <r2:BudgetYearOneBase>
                                    <r2:Funding>58.970</r2:Funding>
                                    <r2:Text>FY2026 funding continues to fund the platform, necessary growth, and technical debt modernization initiatives. Funding will also support upgrades to SUNet to support digital DOD/Congress collaboration by expanding SUNet to: (1) Deliver PB request and budget justification materials, (2) Enable Congressional delivery of data to DoD, (3) Support reprogramming actions and execution reports.</r2:Text>
                                </r2:BudgetYearOneBase>
                                <r2:AppChangeSummary>New PE in FY 2026 represents overall funding transfer from O&amp;M BA04 and RDT&amp;E PE 0604123D8Z Foundation Enablers.  The new BA08 software pilot program provides for more flexible and adaptable execution per recommendations of the Appropriations Committee.</r2:AppChangeSummary>
                            </r2:PlannedProgram>
                        </r2:AccomplishmentPlannedProgram>
                    </r2:AccomplishmentPlannedProgramList>
                    <r2:OtherProgramFundingSummaryRemarks>N/A</r2:OtherProgramFundingSummaryRemarks>
                </r2:R2aExhibit>
                <r2:R4aExhibit>
                    <r2:SubProjectScheduleList>
                        <r2:SubProjectSchedule>
                            <r2:Title>SUNet</r2:Title>
                            <r2:ScheduleDetailList>
                                <r2:ScheduleDetail>
                                    <r2:EventTitle>SUNet</r2:EventTitle>
                                    <r2:Schedule>
                                        <r2:Start>
                                            <r2:Quarter>4</r2:Quarter>
                                            <r2:Year>2026</r2:Year>
                                        </r2:Start>
                                        <r2:End>
                                            <r2:Quarter>3</r2:Quarter>
                                            <r2:Year>2028</r2:Year>
                                        </r2:End>
                                    </r2:Schedule>
                                </r2:ScheduleDetail>
                            </r2:ScheduleDetailList>
                        </r2:SubProjectSchedule>
                    </r2:SubProjectScheduleList>
                </r2:R4aExhibit>
            </r2:Project>
            <r2:Project>
                <r2:ProjectNumber>517</r2:ProjectNumber>
                <r2:ProjectTitle>Data Reform Initiative (AWG)</r2:ProjectTitle>
                <r2:SpecialProject>0</r2:SpecialProject>
                <r2:ProjectFunding>
                    <r2:AllPriorYears>0.000</r2:AllPriorYears>
                    <r2:PriorYear>0.000</r2:PriorYear>
                    <r2:CurrentYear>0.000</r2:CurrentYear>
                    <r2:BudgetYearOne>4.500</r2:BudgetYearOne>
                    <r2:BudgetYearOneBase>4.500</r2:BudgetYearOneBase>
                </r2:ProjectFunding>
                <r2:R2aExhibit>
                    <r2:ProjectNote>In FY 2026, Data Reform Initiative/Analysis Working Group (AWG) was created to provide visibility on AWG activities for reporting and tracking purposes.  While this is a new project code, the program has existed since PB 2023 under O&amp;M and RDT&amp;E projects.</r2:ProjectNote>
                    <r2:ProjectMissionDescription>The Analysis Working Group (AWG) assists the Secretary and Deputy Secretary of Defense in guiding the analytic community to ensure analysis products are robust and of the highest quality. The end goal is an analytic enterprise that is agile, responsive, and provides sound decision support for the Secretary and Deputy Secretary. Funding for this project supports analytic research across the Department to guide reform of the Department’s analytic enterprise. Projects that support this effort help develop a high performing and innovative analytic enterprise with the right policies, structures, people, and tools to support timely strategic decisions that create an advantage for the U.S Military now and into the future.</r2:ProjectMissionDescription>
                    <r2:AccomplishmentPlannedProgramList>
                        <r2:AccomplishmentPlannedProgram>
                            <r2:Title>Data Reform Initiative (AWG)</r2:Title>
                            <r2:Description>The Analysis Working Group (AWG) was established to marshal and guide the Department’s analytic capabilities. This group is advancing key strategic priorities by improving the analytic underpinning available for senior leader decisions and addressing necessary enterprise reforms (e.g., data sharing and knowledge management) across the analytic community. CDAO funding supports data access and interoperability, new analytic tools, training, and studies to advance DoD data and AI adoption.</r2:Description>
                            <r2:PlannedProgram>
                                <r2:BudgetYearOne>
                                    <r2:Funding>4.500</r2:Funding>
                                </r2:BudgetYearOne>
                                <r2:BudgetYearOneBase>
                                    <r2:Funding>4.500</r2:Funding>
                                    <r2:Text>Prioritized studies and reform the analytic enterprise through enhanced modeling and simulation (M&amp;S) and infrastructure improvements (facilities, hardware, software, and data) as agreed upon and allocated by Analysis Working Group.

Develop the analytic skills of new and existing strategic analysts running AWG-prioritized models, to include but not limited to desk-side/on-the-job training or short courses to better assist the DoD community with analytical research for senior leader decisions.</r2:Text>
                                </r2:BudgetYearOneBase>
                                <r2:AppChangeSummary>New PE in FY 2026 represents overall funding transfer from O&amp;M BA04 and RDT&amp;E PE 0604123D8Z Foundation Enablers. The new BA08 software pilot program provides for more flexible and adaptable execution per recommendations of the Appropriations Committee.</r2:AppChangeSummary>
                            </r2:PlannedProgram>
                        </r2:AccomplishmentPlannedProgram>
                    </r2:AccomplishmentPlannedProgramList>
                </r2:R2aExhibit>
                <r2:R4aExhibit>
                    <r2:SubProjectScheduleList>
                        <r2:SubProjectSchedule>
                            <r2:Title>Data Reform Initiative</r2:Title>
                            <r2:ScheduleDetailList>
                                <r2:ScheduleDetail>
                                    <r2:EventTitle>Analysis Working Group</r2:EventTitle>
                                    <r2:Schedule>
                                        <r2:Start>
                                            <r2:Quarter>3</r2:Quarter>
                                            <r2:Year>2026</r2:Year>
                                        </r2:Start>
                                        <r2:End>
                                            <r2:Quarter>3</r2:Quarter>
                                            <r2:Year>2028</r2:Year>
                                        </r2:End>
                                    </r2:Schedule>
                                </r2:ScheduleDetail>
                            </r2:ScheduleDetailList>
                        </r2:SubProjectSchedule>
                    </r2:SubProjectScheduleList>
                </r2:R4aExhibit>
            </r2:Project>
        </r2:ProjectList>
    </r2:ProgramElement>
</r2:ProgramElementList>