<?xml version="1.0" encoding="UTF-8"?>
<r2:ProgramElementList xmlns:r2="http://www.dtic.mil/comptroller/xml/schema/022009/r2" targetSchemaVersion="1.0">
    <r2:ProgramElement monetaryUnit="Millions">
        <r2:ProgramElementNumber>0603716D8Z</r2:ProgramElementNumber>
        <r2:ProgramElementTitle>Strategic Environmental Research and Development Program (SERDP)</r2:ProgramElementTitle>
        <r2:R1LineNumber>65</r2:R1LineNumber>
        <r2:BudgetYear>2026</r2:BudgetYear>
        <r2:BudgetCycle>PB</r2:BudgetCycle>
        <r2:SubmissionDate>2025-06</r2:SubmissionDate>
        <r2:ServiceAgencyName>Office of the Secretary Of Defense</r2:ServiceAgencyName>
        <r2:AppropriationCode>0400</r2:AppropriationCode>
        <r2:AppropriationName>Research, Development, Test &amp; Evaluation, Defense-Wide</r2:AppropriationName>
        <r2:BudgetActivityNumber>3</r2:BudgetActivityNumber>
        <r2:BudgetActivityTitle>Advanced Technology Development (ATD)</r2:BudgetActivityTitle>
        <r2:ProgramElementFunding>
            <r2:AllPriorYears>819.386</r2:AllPriorYears>
            <r2:PriorYear>58.728</r2:PriorYear>
            <r2:CurrentYear>58.838</r2:CurrentYear>
            <r2:BudgetYearOne>58.092</r2:BudgetYearOne>
            <r2:BudgetYearOneBase>58.092</r2:BudgetYearOneBase>
        </r2:ProgramElementFunding>
        <r2:ProgramElementNote>New Start (Y/N): No</r2:ProgramElementNote>
        <r2:ProgramElementMissionDescription>The Strategic Environmental Research and Development Program (SERDP) invests in applied research to secure Department of Defense installations, while its sister program, the Environmental Security Technology Certification Program (ESTCP), demonstrates and validates these technologies in operational settings.

SERDP tackles key challenges facing military bases and training areas, creating innovative approaches that strengthen mission capabilities where they're needed most across more than 800 DoD locations worldwide. The program focuses on cross-Service requirements and pursues solutions to the Department's most pressing installation challenges.

SERDP issues solicitations for proposals from government, academia, and industry and employs a competitive selection process to ensure the highest quality research. Through these partnerships, SERDP identifies promising technologies that transition to ESTCP for field demonstration. This coordination helps reduce duplicative efforts and maximizes research impact.

Established by Congress in 1990, SERDP serves as a catalyst for cooperation and collaboration across the Armed Services. The development and application of innovative technologies reduces the costs, risks, and time required to resolve installation challenges while advancing military readiness. These investments ensure military installations can withstand operational threats and environmental hazards both inside and outside the fence line, providing a distinct advantage to our warfighters while ensuring military forces remain combat-ready to deter adversaries and defend the nation.</r2:ProgramElementMissionDescription>
        <r2:ChangeSummary>
            <r2:PreviousPresidentBudget>
                <r2:PriorYear>60.387</r2:PriorYear>
                <r2:CurrentYear>58.838</r2:CurrentYear>
                <r2:BudgetYearOne>57.612</r2:BudgetYearOne>
                <r2:BudgetYearOneBase>57.612</r2:BudgetYearOneBase>
            </r2:PreviousPresidentBudget>
            <r2:CurrentPresidentBudget>
                <r2:PriorYear>58.728</r2:PriorYear>
                <r2:CurrentYear>58.838</r2:CurrentYear>
                <r2:BudgetYearOne>58.092</r2:BudgetYearOne>
                <r2:BudgetYearOneBase>58.092</r2:BudgetYearOneBase>
            </r2:CurrentPresidentBudget>
            <r2:TotalAdjustments>
                <r2:PriorYear>-1.659</r2:PriorYear>
                <r2:CurrentYear>0.000</r2:CurrentYear>
                <r2:BudgetYearOne>0.480</r2:BudgetYearOne>
                <r2:BudgetYearOneBase>0.480</r2:BudgetYearOneBase>
            </r2:TotalAdjustments>
            <r2:AdjustmentDetails>
                <r2:OtherAdjustmentDetailList>
                    <r2:OtherAdjustmentDetail>
                        <r2:Title>Internal Realignment</r2:Title>
                        <r2:Funding>
                            <r2:PriorYear>-1.659</r2:PriorYear>
                        </r2:Funding>
                    </r2:OtherAdjustmentDetail>
                    <r2:OtherAdjustmentDetail>
                        <r2:Title>Inflation Adjustments</r2:Title>
                        <r2:Funding>
                            <r2:BudgetYearOne>-0.179</r2:BudgetYearOne>
                            <r2:BudgetYearOneBase>-0.179</r2:BudgetYearOneBase>
                        </r2:Funding>
                    </r2:OtherAdjustmentDetail>
                    <r2:OtherAdjustmentDetail>
                        <r2:Title>DOGE Cost Efficiency</r2:Title>
                        <r2:Funding>
                            <r2:BudgetYearOne>-9.741</r2:BudgetYearOne>
                            <r2:BudgetYearOneBase>-9.741</r2:BudgetYearOneBase>
                        </r2:Funding>
                    </r2:OtherAdjustmentDetail>
                    <r2:OtherAdjustmentDetail>
                        <r2:Title>Program Growth</r2:Title>
                        <r2:Funding>
                            <r2:BudgetYearOne>10.400</r2:BudgetYearOne>
                            <r2:BudgetYearOneBase>10.400</r2:BudgetYearOneBase>
                        </r2:Funding>
                    </r2:OtherAdjustmentDetail>
                </r2:OtherAdjustmentDetailList>
            </r2:AdjustmentDetails>
            <r2:SummaryExplanation>The FY26 request reflects a net increase of $0.480 million, resulting from the following actions:
•	The FY 2026 request reflects an increase of $10.400 million for the Closed Treatment Technologies for Demilitarizing Energetic Materials and Resilient Alternatives to PFAS-Containing DoD Materiel.  
•	The FY 2026 request was reduced by $9.741 million for Advisory and Assistance Services to promote efficiencies and advance the policies of the Administration in alignment with Executive Order 14222, “Implementing the President’s Department of Government Efficiency Cost Efficiency Initiative,” reduction of $0.179 million for inflation.</r2:SummaryExplanation>
        </r2:ChangeSummary>
        <r2:ProjectList>
            <r2:Project>
                <r2:ProjectNumber>470</r2:ProjectNumber>
                <r2:ProjectTitle>Strategic Environmental Research and Development Program (SERDP)</r2:ProjectTitle>
                <r2:SpecialProject>0</r2:SpecialProject>
                <r2:ProjectFunding>
                    <r2:AllPriorYears>819.386</r2:AllPriorYears>
                    <r2:PriorYear>58.728</r2:PriorYear>
                    <r2:CurrentYear>58.838</r2:CurrentYear>
                    <r2:BudgetYearOne>58.092</r2:BudgetYearOne>
                    <r2:BudgetYearOneBase>58.092</r2:BudgetYearOneBase>
                </r2:ProjectFunding>
                <r2:R2aExhibit>
                    <r2:ProjectMissionDescription>The Strategic Environmental Research and Development Program (SERDP) invests in basic and applied research to secure Department of Defense installations, while its sister program, the Environmental Security Technology Certification Program (ESTCP), demonstrates and validates these technologies in operational settings.

SERDP addresses cross-Service requirements and pursues solutions to installation challenges, strengthening America's defense posture and military readiness. By tackling critical issues affecting military bases and training grounds, SERDP develops innovative approaches that enhance resilience, sustainability, and operational capability.

Through partnerships with researchers across DoD, federal agencies, academia, and industry, SERDP identifies promising technologies that transition to ESTCP for field demonstration. These innovations reduce costs, risks, and time required to resolve installation challenges while advancing combat readiness.

SERDP's investments ensure military installations can withstand operational threats and environmental hazards. By focusing on practical solutions that enhance warfighting capabilities, SERDP helps maintain installations that are resilient, mission-focused, and prepared to support forces as they train to deter adversaries and defend the nation.</r2:ProjectMissionDescription>
                    <r2:AccomplishmentPlannedProgramList>
                        <r2:AccomplishmentPlannedProgram>
                            <r2:Title>Environmental Restoration (ER)</r2:Title>
                            <r2:Description>Investments in Environmental Restoration strengthen military readiness by efficiently addressing the Department of Defense's environmental challenges through practical technologies. By developing better methods to detect, assess, and clean up harmful chemicals in training and operational areas, these investments keep military installations ready for use.

SERDP has made addressing PFAS chemicals at DoD installations a priority to support military operations. The program's research ensures bases can maintain full operational capacity while effectively managing these substances. Through hundreds of targeted projects, SERDP has quickly improved DoD's ability to evaluate and address PFAS with minimal impact on military activities. These efforts protect training grounds, ranges, and other critical facilities, ensuring forces can prepare effectively and deploy when needed to defend the nation.

FY 2024 Accomplishments: SERDP coordinated efforts on assessing thermal treatment processes for destruction of PFAS. Significant efforts continued on treatment of PFAS in stormwater, mitigation and treatment of PFAS in concrete and asphalt, and development of new methods to analyze PFAS in concentrated firefighting formulations. In addition, SERDP held a workshop on ecological impacts of PFAS to assess remaining data gaps in this area.</r2:Description>
                            <r2:Accomplishment>
                                <r2:PriorYear>
                                    <r2:Funding>17.621</r2:Funding>
                                    <r2:Text>Development of PFAS destruction technologies, both thermal and non-thermal, will continue, with an increased emphasis on technologies for in situ destruction of per- and polyfluoroalkyl substances (PFAS) and aqueous film-forming foam (AFFF) residue that avoid the expense of pump-and-treat methods. Studies of the ecological impacts of PFAS mixtures initiated in FY 2022 will continue. New projects will be initiated to better understand the lifecycle and movement of PFAS in the subsurface, to improve our ability to measure PFAS in the environment, and to improve management of PFAS-impacted stormwater.</r2:Text>
                                </r2:PriorYear>
                            </r2:Accomplishment>
                            <r2:PlannedProgram>
                                <r2:CurrentYear>
                                    <r2:Funding>17.652</r2:Funding>
                                    <r2:Text>Development of PFAS destruction technologies, both thermal and non-thermal, will continue, with an increased emphasis on technologies for in situ destruction of PFAS and aqueous film-forming foam (AFFF) residue that avoided the expense of pump-and-treat methods. Studies of the ecological impacts of PFAS mixtures initiated in FY 2022 continued. New projects will be initiated to better understand the underlying science of PFAS fate and destruction and to detect and treat PFAS-impacted microplastics in stormwater and groundwater.</r2:Text>
                                </r2:CurrentYear>
                                <r2:BudgetYearOne>
                                    <r2:Funding>15.996</r2:Funding>
                                </r2:BudgetYearOne>
                                <r2:BudgetYearOneBase>
                                    <r2:Funding>15.996</r2:Funding>
                                    <r2:Text>New projects will develop rapid, on-site sensors for detecting PFAS in soils and water. Additional projects will address ecological toxicity data gaps identified during the SERDP &amp; ESTCP 2024 Ecotoxicity Workshop. Development will continue on PFAS destruction technologies that avoid the costs of pump-and-treat methods or off-site disposal. Ongoing studies will improve understanding of PFAS transport and treatment in concrete and asphalt, advance the science of PFAS fate and destruction, and develop methods for treating PFAS-impacted microplastics in stormwater and groundwater.</r2:Text>
                                </r2:BudgetYearOneBase>
                                <r2:AppChangeSummary>The FY 2025 to FY 2026 decrease of $1.656 million reflects adjustments to promote Government efficiencies from efficiency in alignment with Executive Order 14222, “Implementing the President’s Department of Government Efficiency Cost Efficiency Initiative and other inflation adjustments to the program.   As a result the program budget efforts will scale back PFAS treatment development projects.</r2:AppChangeSummary>
                            </r2:PlannedProgram>
                        </r2:AccomplishmentPlannedProgram>
                        <r2:AccomplishmentPlannedProgram>
                            <r2:Title>Munitions Response (MR)</r2:Title>
                            <r2:Description>Investments in Munitions Response ensure safe access to training grounds and operational areas by improving detection and removal of unexploded ordnance (UXO) at underwater sites across military installations and Formerly Used Defense Sites. These efforts maintain readiness by clearing hazards that restrict training and deployment activities.

SERDP has developed advanced technologies to address UXO in marine environments including ponds, lakes, rivers, estuaries, and coastal areas where traditional detection methods face significant challenges. Following years of targeted research, the program has created effective solutions for detecting, classifying, and removing underwater munitions ranging from small projectiles to large bombs that show no visible evidence of their presence.

These innovations dramatically reduce the personnel hours required for remediation while improving safety for military personnel and surrounding communities. By efficiently clearing UXO from underwater environments, SERDP ensures these areas remain available for training and operations, directly supporting the warfighter's ability to prepare for deployment. The program's technologies are now being transitioned from test sites to actual locations where UXO are present, delivering practical solutions that enhance military readiness and protect defense assets.
FY 2024 Accomplishments: Multiple munitions burial and mobility projects completed their penultimate tasks, including exploration of cone-penetrometer testing coupled with finite element codes to predict UXO depth of burial. Several acoustic technologies reached maturity levels appropriate for ESTCP transition, including the Sediment Volume Search Sonar system and the Bluefin 21 AUV sonar system, both of which use acoustic frequencies to penetrate water and sediment to image targets. A SERDP-funded multi-sensor electromagnetic induction system for detecting buried metal has also reached appropriate maturity for ESTCP transition. SERDP formed an underwater munitions response technology workgroup with DoD Services and state representatives to guide technology commercialization and develop guidance for site managers. These technologies have generated time savings up to 90% at certain stages of the underwater UXO investigation process, accelerating remediation decisions by approximately one year per site.</r2:Description>
                            <r2:Accomplishment>
                                <r2:PriorYear>
                                    <r2:Funding>1.636</r2:Funding>
                                    <r2:Text>Testing will continue for both acoustic and electromagnetic sensor systems for detecting UXOs in estuaries and wetlands developed over the past three years at standard test sites with high sensitivity and selectivity in discriminating UXO from inert debris.</r2:Text>
                                </r2:PriorYear>
                            </r2:Accomplishment>
                            <r2:PlannedProgram>
                                <r2:CurrentYear>
                                    <r2:Funding>4.650</r2:Funding>
                                    <r2:Text>The program will facilitate transition to live site environments under ESTCP, further develop acoustic, electromagnetic, and optical sensor systems for UXO detection and classification. Research will continue on improving discrimination between UXO and inert debris and validating established munitions burial and mobility models through ESTCP-funded test sites. A comprehensive summary report of prior research will be developed for distribution to relevant stakeholders.</r2:Text>
                                </r2:CurrentYear>
                                <r2:BudgetYearOne>
                                    <r2:Funding>1.710</r2:Funding>
                                </r2:BudgetYearOne>
                                <r2:BudgetYearOneBase>
                                    <r2:Funding>1.710</r2:Funding>
                                    <r2:Text>Research funding needs are decreasing as investigations in munitions burial and mobility conclude, which have significantly advanced site characterization knowledge in dynamic underwater environments. Detection, classification, and localization technologies that achieved success have been transitioned to ESTCP for demonstration and validation.</r2:Text>
                                </r2:BudgetYearOneBase>
                                <r2:AppChangeSummary>The FY 2025 to FY 2026 decrease of $2.940 million reflects program adjustments to promote Government efficiencies from efficiency in alignment with Executive Order 14222 and inflation. The program requirements reflect adjustments concluding munitions burial and mobility research and transitioning mature technologies to the ESTCP program.</r2:AppChangeSummary>
                            </r2:PlannedProgram>
                        </r2:AccomplishmentPlannedProgram>
                        <r2:AccomplishmentPlannedProgram>
                            <r2:Title>Natural Hazards and Installation Resilience (NHIR)</r2:Title>
                            <r2:Description>Investments in Natural Hazards and Installation Resilience (formerly Resource Conservation and Resilience) protect the 28 million acres of land essential for military training and testing operations across more than 800 global DoD locations. The program area was renamed to better reflect its strategic realignment that integrates management of DoD's natural and built infrastructure with hazard resilience efforts, creating a more comprehensive approach to installation readiness.

By developing technologies to mitigate wildfires, contain invasive species, and manage natural resources, SERDP ensures training grounds remain available for realistic combat preparation directly supporting mission readiness. The program now addresses both environmental management challenges affecting training lands and the technologies needed to mitigate natural disasters that have caused billions in infrastructure damage.

SERDP's research provides DoD with practical tools to maintain the contiguous, unencumbered spaces needed to replicate operational environments. These lands must support numerous units training over time, requiring effective management of environmental challenges that could otherwise restrict access or limit training days. This responsible management of natural resources is a critical readiness imperative.
The program develops science-based solutions that enhance military readiness by addressing threats to training environments including wildfires, flooding, invasive species, and dust emissions. By providing installation managers with effective hazard mitigation and resource management technologies, SERDP maximizes available training days and ensures forces can prepare for deployment in realistic conditions. These efforts maintain the operational utility of DoD lands, providing an advantage to warfighters while ensuring military forces remain combat-ready.
 
FY 2024 Accomplishments:  Projects advanced scientific understanding of weather events driving extreme flooding and rapid glacial melt in western Greenland. Efforts conducted within the Wildland Fire Science Initiative led to new technologies to safely sustain prescribed fire activities on DoD and partner lands to manage wildfire risks. Projects continued to advance eDNA capabilities for compliance surveys of more than 250 threatened and endangered species. The program initiated priority invasive species research to address mission and economic impacts in the Pacific Islands, with input from the Indo-Pacific Combatant Command. Projects refined assessments of coastal flooding, salt water intrusion, and other natural hazards directly addressing installation resilience through improved estimates of exposure.</r2:Description>
                            <r2:Accomplishment>
                                <r2:PriorYear>
                                    <r2:Funding>22.154</r2:Funding>
                                    <r2:Text>New projects will be initiated to develop models to aid installation planning staff to cope with the interaction of natural hazards, invasive species, and ecosystem transformations. Projects will continue to support the effects of multiple stressors on threatened and endangered species that impact DoD mission activities, and build upon the successful technology acceleration strategy of the SERDP National Innovation Landscape Network. Projects will also continue that develop models, tools, and data that evaluate the installation systems resilience to compounded threat and natural hazards, such as interactions of hurricanes and wildfire. Lastly, new projects will advance our understanding and modeling of wildland fire smoke emissions and develop tools for smoke management from prescribed fires.</r2:Text>
                                </r2:PriorYear>
                            </r2:Accomplishment>
                            <r2:PlannedProgram>
                                <r2:CurrentYear>
                                    <r2:Funding>22.193</r2:Funding>
                                    <r2:Text>The program will initiate new projects to develop models aiding installation planning staff in managing the interaction of natural hazards, fire management, and ecosystem transformations that impact DoD mission activities. Research will continue on the effects of multiple stressors on threatened and endangered species that affect the DoD mission and to prevent future listing. Projects will develop models, tools, and data to evaluate installation systems resilience to compounded threats and natural hazards, specifically hurricanes and wildfire. New projects will advance measurements and modeling of micrometeorology key to installation resilience in the arid West. Additional projects will improve understanding and modeling of wildland fire smoke emissions and develop tools for smoke management from prescribed fires.</r2:Text>
                                </r2:CurrentYear>
                                <r2:BudgetYearOne>
                                    <r2:Funding>19.597</r2:Funding>
                                </r2:BudgetYearOne>
                                <r2:BudgetYearOneBase>
                                    <r2:Funding>19.597</r2:Funding>
                                    <r2:Text>The program will initiate new projects to advance understanding of DoD-relevant threatened, endangered, and at-risk species responses to multiple stressors with a focus on Indo-Pacific Command and other key DoD geographies, including the southeastern United States. Scenario modeling tools capable of integrating installations and ecosystem responses will be developed to assess threats from weather extremes and ecological transformations that impact mission activities and installation resilience. New projects will test efficient conservation strategies to prevent future listing of threatened and endangered species and guide changes to management strategies to save costs.</r2:Text>
                                </r2:BudgetYearOneBase>
                                <r2:AppChangeSummary>The FY 2025 to FY 2026 decrease of $2.596 million reflects adjustments to promote Government efficiencies from efficiency in alignment with Executive Order 14222 and inflation.  Additionally, the program requirements reflect scaling back invasive species research initiatives in FY 2026. The program is strategically realigning resources to prioritize installation resilience against natural hazards, threatened and endangered species management, and wildfire risk mitigation that more directly support critical mission readiness objectives. This focused approach will target the most immediate threats to installation resilience while maintaining essential conservation efforts that prevent training restrictions.</r2:AppChangeSummary>
                            </r2:PlannedProgram>
                        </r2:AccomplishmentPlannedProgram>
                        <r2:AccomplishmentPlannedProgram>
                            <r2:Title>Weapons Systems and Platforms (WP)</r2:Title>
                            <r2:Description>Investments in Weapons Systems and Platforms develop technologies and materials that ensure secure access to critical military assets across installations, depots, and maintenance facilities. By creating solutions that reduce dependence on restricted chemicals and vulnerable supply chains, SERDP strengthens the military's ability to maintain essential defense platforms, from aircraft and vehicles to energy systems.

SERDP's research addresses supply chain instability and material restrictions that threaten readiness at maintenance depots and operational bases. The program develops next-generation materials that extend the service life of mission-critical systems from production through decommissioning, while enhancing American mineral production and material resilience throughout the defense industrial base.

These technologies support installation operations by ensuring access to vital systems, reducing maintenance costs, and improving energy resilience through advanced materials for power systems. By developing alternatives to hazardous chemicals in paints, coatings, munitions, and equipment, SERDP protects personnel and facilities. These efforts ensure installation infrastructure from maintenance depots to energy systems can effectively sustain the reliable weapons systems and platforms needed to defend the nation.

FY 2024 Accomplishments: Ionic liquid surfactant fluorine-free foam (F3) firefighting formulations were tested and exceeded the fire suppression performance of currently approved F3 products. Projects demonstrated polymer gel spinning of fabrics with incorporated DEET exhibiting 30+ weeks of effective insect repellency. Teams successfully sampled constituents from explosives and pyrotechnics using drone-mounted chemical detectors. A computational procedure was established for modeling perfluoropolymer degradation. A project developed an electrochemistry technique to produce dintrotoluene (DNT) without generating red water, a major environmental hazard that has stopped domestic production of TNT.</r2:Description>
                            <r2:Accomplishment>
                                <r2:PriorYear>
                                    <r2:Funding>17.317</r2:Funding>
                                    <r2:Text>Continue efforts on understanding the interactions of fuel molecules with a foam blanket at multi-scales using experiments and modeling with the goal of developing firefighting formulations with improved performance against gasoline fires and in the presence of saltwater and at extreme temperatures to further address the intent of Sec 323 of the 2020 NDAA. Initiate projects to develop PFAS-free textile coatings that are hydrophobic and have potential to be oleophobic. Begin quantifying PFAS emissions from PFAS-containing explosives and flares simulating open burning conditions. Begin developing methodologies to improve the selectivity and efficiency of synthetic organic chemistry processes for preparation and demilitarization of energetic molecules through use of field effects (e.g., electrochemical, biological catalytic). Identify promising processing methods and formulations for solid rocket propellants to eliminate isocyanate binders. Develop novel chromium-free treatments to reduce use of chromium and cadmium in corrosion mitigating coatings to address DFARS Case 2020-D031, through development of novel molybdenum-inhibitors and Schiff bases. Begin to develop processes for refractory alloy recycling for powder metallurgy and additive manufacturing applications to reduce cost, energy, and environmental impact.</r2:Text>
                                </r2:PriorYear>
                            </r2:Accomplishment>
                            <r2:PlannedProgram>
                                <r2:CurrentYear>
                                    <r2:Funding>14.343</r2:Funding>
                                    <r2:Text>The program will initiate projects to develop improved PFAS-free firefighting formulations addressing the intent of Sec 323 of the FY2020 NDAA. Efforts will develop augmented reality for firefighter training with haptic feedback. Projects will continue evaluating PFAS-free textile coatings and identify alternatives for fluorinated polymers in energetics. Research will advance field effects processing for energetic molecules, develop rocket propellants without isocyanate-based binders, and create corrosion-mitigating coating systems with reduced environmental impact. Efforts will identify processes for refractory alloy recycling and develop elastocaloric materials for refrigeration methods with low global warming potential.</r2:Text>
                                </r2:CurrentYear>
                                <r2:BudgetYearOne>
                                    <r2:Funding>20.789</r2:Funding>
                                </r2:BudgetYearOne>
                                <r2:BudgetYearOneBase>
                                    <r2:Funding>20.789</r2:Funding>
                                    <r2:Text>New projects will develop improved emulsification agents for commercial F3 foams to address the intent of Sec 323 of the FY2020 NDAA. The program will develop prototype elastocaloric refrigeration systems for potential vehicle retrofitting to eliminate refrigerant flammability risk. Efforts will continue to develop PFAS-free textiles and scalable fabric treatment manufacturing technologies. Projects will develop alternatives for fluorinated polymers in energetics processing and closed destruction technologies for energetics demilitarization.</r2:Text>
                                </r2:BudgetYearOneBase>
                                <r2:AppChangeSummary>The FY 2025 to FY 2026 net increase of $6.466 million reflects a programmed increase for PFAS chemical resiliency in weapons systems and platforms and development of alternative technology for demilitarization of energetics, as well as adjustments to promote Government efficiencies from efficiency in alignment with Executive Order 14222, inflation adjustments.</r2:AppChangeSummary>
                            </r2:PlannedProgram>
                        </r2:AccomplishmentPlannedProgram>
                    </r2:AccomplishmentPlannedProgramList>
                    <r2:AcquisitionStrategy>N/A</r2:AcquisitionStrategy>
                </r2:R2aExhibit>
            </r2:Project>
        </r2:ProjectList>
    </r2:ProgramElement>
</r2:ProgramElementList>