<?xml version="1.0" encoding="UTF-8"?>
<r2:ProgramElementList xmlns:r2="http://www.dtic.mil/comptroller/xml/schema/022009/r2" targetSchemaVersion="1.0">
    <r2:ProgramElement monetaryUnit="Millions">
        <r2:ProgramElementNumber>0603330D8Z</r2:ProgramElementNumber>
        <r2:ProgramElementTitle>Quantum Application</r2:ProgramElementTitle>
        <r2:R1LineNumber>50</r2:R1LineNumber>
        <r2:BudgetYear>2026</r2:BudgetYear>
        <r2:BudgetCycle>PB</r2:BudgetCycle>
        <r2:SubmissionDate>2025-06</r2:SubmissionDate>
        <r2:ServiceAgencyName>Office of the Secretary Of Defense</r2:ServiceAgencyName>
        <r2:AppropriationCode>0400</r2:AppropriationCode>
        <r2:AppropriationName>Research, Development, Test &amp; Evaluation, Defense-Wide</r2:AppropriationName>
        <r2:BudgetActivityNumber>3</r2:BudgetActivityNumber>
        <r2:BudgetActivityTitle>Advanced Technology Development (ATD)</r2:BudgetActivityTitle>
        <r2:ProgramElementFunding>
            <r2:AllPriorYears>0.000</r2:AllPriorYears>
            <r2:PriorYear>19.268</r2:PriorYear>
            <r2:CurrentYear>24.290</r2:CurrentYear>
            <r2:BudgetYearOne>59.521</r2:BudgetYearOne>
            <r2:BudgetYearOneBase>59.521</r2:BudgetYearOneBase>
            <r2:CostToComplete>Continuing</r2:CostToComplete>
            <r2:TotalCost>Continuing</r2:TotalCost>
        </r2:ProgramElementFunding>
        <r2:ProgramElementNote>New Start (Y/N): No</r2:ProgramElementNote>
        <r2:ProgramElementMissionDescription>This program supports the Department's initiative to Build Sustainable and Long-Term Advantage.

Quantum technology has reached a tipping point where current investments will determine its future impact.  If the United States can stay on pace, many important outcomes for the DoD will be realized. Quantum PNT sensor technology will create robust position, navigation, and timing (PNT) for the freedom of operations having precision-strike capabilities even within contested spectrum, space, or cyber operations. Quantum radio frequency (RF) sensors will greatly enhance capabilities in the spectrum giving the DoD significant advantages for electronic warfare; command, control, and communications and intelligence, surveillance, and reconnaissance (C3ISR). Quantum computing (QC) may revolutionize DoD’s ability to develop advanced materials and potentially other computational problems. However, the transition of laboratory innovations to devices that are competitive with existing ones is hampered by immature quantum component technology and the need for specialized fabrication, integration, and packaging processes to manufacture quantum devices.

This funding will identify detailed component requirements develop the most critical technology solutions. This effort will be coordinated with non-defense U.S. Government (USG) agencies to ensure their commercial viability. The resulting component supply chain will enable defense and dual-use applications of quantum technology leveraging existing resources in academic institutions, national laboratories, private industries; and other DoD programs such as Manufacturing Innovation Institutes (DoD MIIs) and the Microelectronics Commons.

PNT and RF sensor technologies demonstrate substantial improvements in technical performance against their current fielded, classical counterparts. However, sustained research and development is needed to mature these technologies at the quantum system level as well as to mature the component supply chain for them. All these technologies require refinement of the concepts of operation to maximize impact to the DoD and accelerate the timelines to such impacts. Required research and development efforts are guided by OUSD(R&amp;E) with input from the services for their technical requirements as a DoD-wide effort. These sensors are not yet at a maturity level for system integration by the services. The relative cost and workforce barrier is too high for one service or agency alone to transition this complex and emerging technology for a single mission. DoD agencies working together, however, guided by OUSD(R&amp;E), can overcome these barriers and impact all DoD Service Departments. Initial funding to develop quantum sensor maturity was undertaken in FY2024 by the Defense Innovation Unit (DIU) through a $55M transfer from Quantum Transition Acceleration. OUSD(R&amp;E) will continue to work with DIU as well as the services to optimize execution of the projects in the program. 

Finally, QC will likely allow rapid advances in critical DoD areas such as materials and chemistry for advanced energetics, propulsion, and platform coatings, and machine learning, but significant work is required to understand which QC application will be most relevant and available the soonest. This program will develop that application knowledge and facilitate future large impacts.</r2:ProgramElementMissionDescription>
        <r2:ChangeSummary>
            <r2:PreviousPresidentBudget>
                <r2:PriorYear>75.000</r2:PriorYear>
                <r2:CurrentYear>69.290</r2:CurrentYear>
                <r2:BudgetYearOne>69.410</r2:BudgetYearOne>
                <r2:BudgetYearOneBase>69.410</r2:BudgetYearOneBase>
            </r2:PreviousPresidentBudget>
            <r2:CurrentPresidentBudget>
                <r2:PriorYear>19.268</r2:PriorYear>
                <r2:CurrentYear>24.290</r2:CurrentYear>
                <r2:BudgetYearOne>59.521</r2:BudgetYearOne>
                <r2:BudgetYearOneBase>59.521</r2:BudgetYearOneBase>
            </r2:CurrentPresidentBudget>
            <r2:TotalAdjustments>
                <r2:PriorYear>-55.732</r2:PriorYear>
                <r2:CurrentYear>-45.000</r2:CurrentYear>
                <r2:BudgetYearOne>-9.889</r2:BudgetYearOne>
                <r2:BudgetYearOneBase>-9.889</r2:BudgetYearOneBase>
            </r2:TotalAdjustments>
            <r2:AdjustmentDetails>
                <r2:CongressionalDirectedTransfers>
                    <r2:PriorYear>-55.000</r2:PriorYear>
                </r2:CongressionalDirectedTransfers>
                <r2:Reprogrammings>
                    <r2:PriorYear>-0.002</r2:PriorYear>
                </r2:Reprogrammings>
                <r2:SBIRSTTRTransfer>
                    <r2:PriorYear>-0.730</r2:PriorYear>
                </r2:SBIRSTTRTransfer>
                <r2:OtherAdjustmentDetailList>
                    <r2:OtherAdjustmentDetail>
                        <r2:Title>Program Adjustments</r2:Title>
                        <r2:Funding>
                            <r2:CurrentYear>-45.000</r2:CurrentYear>
                            <r2:BudgetYearOne>-9.684</r2:BudgetYearOne>
                            <r2:BudgetYearOneBase>-9.684</r2:BudgetYearOneBase>
                        </r2:Funding>
                    </r2:OtherAdjustmentDetail>
                    <r2:OtherAdjustmentDetail>
                        <r2:Title>Economic Assumptions</r2:Title>
                        <r2:Funding>
                            <r2:BudgetYearOne>-0.205</r2:BudgetYearOne>
                            <r2:BudgetYearOneBase>-0.205</r2:BudgetYearOneBase>
                        </r2:Funding>
                    </r2:OtherAdjustmentDetail>
                </r2:OtherAdjustmentDetailList>
            </r2:AdjustmentDetails>
            <r2:SummaryExplanation>The FY 2026 request includes economic assumption reduction of -$0.205 million, reduction of -$0.015 million for discretionary travel funding to align with Executive Order 14222,
“Implementing the President’s Department of Government Efficiency Cost Efficiency Initiative.”, and -$9.669 million reduction of contracts for Advisory and Assistance Services to promote efficiencies and
advance the policies of the Administration in alignment with Executive Order 14222, “Implementing the President’s Department of Government Efficiency Cost Efficiency Initiative”.</r2:SummaryExplanation>
        </r2:ChangeSummary>
        <r2:ProjectList>
            <r2:Project>
                <r2:ProjectNumber>444</r2:ProjectNumber>
                <r2:ProjectTitle>Quantum Transition Acceleration</r2:ProjectTitle>
                <r2:SpecialProject>0</r2:SpecialProject>
                <r2:ProjectFunding>
                    <r2:AllPriorYears>0.000</r2:AllPriorYears>
                    <r2:PriorYear>19.268</r2:PriorYear>
                    <r2:CurrentYear>24.290</r2:CurrentYear>
                    <r2:BudgetYearOne>59.521</r2:BudgetYearOne>
                    <r2:BudgetYearOneBase>59.521</r2:BudgetYearOneBase>
                    <r2:CostToComplete>Continuing</r2:CostToComplete>
                    <r2:TotalCost>Continuing</r2:TotalCost>
                </r2:ProjectFunding>
                <r2:R2aExhibit>
                    <r2:ProjectMissionDescription>The Department has pioneered and advanced classical sensor technology for decades.  Over the past years, quantum sensing technology has shown the ability to meet program-level metrics throughout DoD R&amp;D programs. Sustained development to create the specialized manufacturing requirements, workforce, and operation outside the laboratory is critical to bring these sensors to a maturity level at which the services can continue transition to programs of record. OUSD (R&amp;E) centralized management and direction of this development will ensure that redundancy and a piecemeal approach is avoided, and that overall progress is accelerated. In addition to quantum sensing applications, the Department will continue to track progress in the use of quantum computing for game-changing opportunities for DoD use through interaction with industry, Quantum centers, Service laboratory experts, and Defense Advanced Research Project Agency (DARPA), as well as others. Through this effort, the DoD will be better prepared to leverage any strategic surprise opportunities arising as quantum computers develop.

This funding will allow OUSD(R&amp;E) oversight of a multi-service program designed to develop quantum sensing technology capable of integration into multiple DoD applications in each of the Army (USA), Navy (USN), and Air Force (USAF). As structured, the program will be able to maximize the utilization of the military department’s distributed technical expertise and capabilities. OUSD(R&amp;E) will contribute connections to program of record and the joint force strategic goals, connectivity and integration between organizations. OUSD (R&amp;E) will reduce risks to individual projects through coordinated work on technology challenges, and connectivity to other R&amp;E capabilities including the other critical technology areas, basic science office, manufacturing innovation, and the Microelectronics Commons.   OUSD(R&amp;E) will confirm all developed quantum technology meets specified requirements ensuring a more diverse use case for all developed technology with an industry base that can sustain DoD needs. Projects will include testing and evaluation, device integration, and application analysis to aid in future acquisition and sustainment of innovative technologies developed in DoD research programs.</r2:ProjectMissionDescription>
                    <r2:AccomplishmentPlannedProgramList>
                        <r2:AccomplishmentPlannedProgram>
                            <r2:Title>Quantum Technologies</r2:Title>
                            <r2:Description>The DoD’s research and development of quantum technologies is critical to maintaining the Nation’s technological superiority. Part of this effort will focus on maturing, demonstrating, and transitioning quantum inertial sensors, gravity sensors, atomic clocks, and quantum electro-magnetic sensors. The specific quantum technologies efforts are: 
-	Transitioning low-noise near-infrared (NIR) lasers for quantum sensors.
-	Multi-project wafer (MPW) service runs at AIM Photonics for novel quantum-specific component devices.
-	Joint (USAF/USN) Magnetic Navigation program led by the USAF using quantum magnetic sensors and magnetic maps to navigate aerial platforms without GPS.
-	Joint (USAF/USN) Inertial Sensing program utilizing accelerometer and gyroscopes to track position, orientation and velocity of a moving object in a non-jammable mode of operations: important for strategic platforms in multiple domains. 
-	Joint (USN/USA) Magnetometer program led by the Office of Naval Research (ONR) to enable a new generation of unmanned vehicles to create magnetic anomaly detection capabilities for both land and sea.
-	Quantum accelerometer program led by ONR to calibrate guidance accelerometers at sea without having to come back to port.
-	Joint (USA/USN) Atomic Clock program led by Army Research Lab (ARL) providing the next generation of strategic atomic clocks. 

The DoD needs to harness the potential of QC and mitigate its dangers. Part of this effort will continue to track progress in the use of quantum computing for game-changing opportunities for DoD use through interaction with industry, Quantum centers, Service laboratory experts, and Defense Advanced Research Project Agency (DARPA), as well as others. Through this effort, the DoD will be better prepared to leverage any strategic surprise opportunities arising as quantum computers develop.</r2:Description>
                            <r2:Accomplishment>
                                <r2:PriorYear>
                                    <r2:Funding>19.268</r2:Funding>
                                    <r2:Text>- Start Modeling and Simulation (M&amp;S) of quantum technology in operational scenarios while comparing to commercial alternatives if available.
- Measure quantum sensor environmental capabilities in various operationally relevant situations.
- Initiate size, weight and power (SwaP) redesign of quantum sensors, ensuring the future quantum sensors are compatible with current/future military applications.
- Conduct initial systems requirement review (SRR) with industry contractors outlining integration plan for quantum sensors into specified applications.
- Initiate documentation of military-grade technical data package outlining the specifications for quantum sensors.
- Initialize critical technology identification and assessment procedure with stake-holders across government and industry.
- Initialize early projects that can leverage existing activities within DoD (e.g. the Microelectronics Commons and the DoD Manufacturing Institutes)
- Initiate projects identified as supporting improved manufacturability or performance of the quantum sensors funded through this Program Element.
- Establish information mechanism to more easily integrate quantum specific components through Process Design Kit (PDK) and/or Assembly Design Kits (ADK). This PDK and/or ADK will combine multiple information libraries from multiple fabrication sources (e.g. national laboratories, manufacturing institutes, and private fabrication facilities). 
- Establish National Laboratory testbed to identify the hardest integration problems associated with quantum technology and develop technology solutions for those problems.</r2:Text>
                                </r2:PriorYear>
                            </r2:Accomplishment>
                            <r2:PlannedProgram>
                                <r2:CurrentYear>
                                    <r2:Funding>24.290</r2:Funding>
                                    <r2:Text>-FY 2025 Plans: 
- Oversee atomic clock demonstrations, showcasing current Australia-United Kingdom-United States (AUKUS) technology.
- Conduct initial systems requirement review, originally in FY24, with industry contractors outlining integration plan for quantum sensors into specified applications.
- Finalize SwaP redesign of quantum sensors (magnetometers, accelerometers and gravimeters), ensuring the transitioning quantum sensors are compatible with current/future military applications.
- Conduct preliminary design reviews with industry contractors validating the redesign and system requirements meet military application specifications.
- Initiate planning for FY26 OUSD-led quantum sensing demonstration.
- Measure quantum magnetometer sensor environmental capabilities (originally in FY24)</r2:Text>
                                </r2:CurrentYear>
                                <r2:BudgetYearOne>
                                    <r2:Funding>59.521</r2:Funding>
                                </r2:BudgetYearOne>
                                <r2:BudgetYearOneBase>
                                    <r2:Funding>59.521</r2:Funding>
                                    <r2:Text>- Utilizing technology developed within this effort, initiate planning for future joint Australia-United Kingdom-United States (AUKUS) PNT demonstrations (delayed from FY25).
- Leverage data received from analysis of critical component needs and initiate development of prioritized components to assist the development of quantum sensors.
- Initiate multi-project wafer (MPW) service runs at AIM Photonics for novel quantum-specific component devices.
- Initiate transition of low-noise NIR lasers from Quantum Transition Acceleration to address supply chain gaps faced during development of quantum sensing technology. 
- Conduct verification and validation of quantum sensing technology by government team led by military service department subject matter experts.
- Complete Joint Concept Design Review for quantum-enabled PNT, introducing future acquisition strategies for possible programs of records. 
-Initiate new “tranche” of quantum sensor maturation projects for RF sensors targeting C3ISR missions.
-Track progress in the use of quantum computing for game-changing opportunities for DoD to leverage.</r2:Text>
                                </r2:BudgetYearOneBase>
                                <r2:AppChangeSummary>The increase of $35.231 million between FY 2025 and FY 2026 reflects several items:
-The $45.000 million Congressional transfer of funding out of this P-code to support quantum computing efforts at DARPA in FY 2025;
-The incorporation of $5.646 million from P-code 441;
-The decrease of $9.889 million in FY2026 to meet overall DoD funding reductions; which includes -$9.669 million reduction of contracts for Advisory and Assistance Services economic assumption reduction of -$0.205 million, reduction of -$0.015 million for discretionary travel funding to align with Executive Order 14222,

The FY 2026 funding of $59.521 million represents a net decrease of $9.769 million from the FY 2025 Presidential Budget Request amount of $69.290 million when accounting for the following adjustments:
-The $45.000 million Congressional transfer of funding out of this P-code to support quantum computing efforts at DARPA in FY 2025;
-The FY incorporation of $5.646 million from P-code 441;
-The decrease of $9.669 million in FY2025 to meet overall DoD funding reductions; 
-The decrease of $0.220 due to minor budget fluctuations.</r2:AppChangeSummary>
                            </r2:PlannedProgram>
                        </r2:AccomplishmentPlannedProgram>
                    </r2:AccomplishmentPlannedProgramList>
                </r2:R2aExhibit>
            </r2:Project>
        </r2:ProjectList>
    </r2:ProgramElement>
</r2:ProgramElementList>