<?xml version="1.0" encoding="UTF-8"?>
<r2:ProgramElementList xmlns:r2="http://www.dtic.mil/comptroller/xml/schema/022009/r2" targetSchemaVersion="1.0">
    <r2:ProgramElement monetaryUnit="Millions">
        <r2:ProgramElementNumber>0603161D8Z</r2:ProgramElementNumber>
        <r2:ProgramElementTitle>Nuclear Matters, Advanced Component Development &amp; Prototypes</r2:ProgramElementTitle>
        <r2:R1LineNumber>81</r2:R1LineNumber>
        <r2:BudgetYear>2026</r2:BudgetYear>
        <r2:BudgetCycle>PB</r2:BudgetCycle>
        <r2:SubmissionDate>2025-06</r2:SubmissionDate>
        <r2:ServiceAgencyName>Office of the Secretary Of Defense</r2:ServiceAgencyName>
        <r2:AppropriationCode>0400</r2:AppropriationCode>
        <r2:AppropriationName>Research, Development, Test &amp; Evaluation, Defense-Wide</r2:AppropriationName>
        <r2:BudgetActivityNumber>4</r2:BudgetActivityNumber>
        <r2:BudgetActivityTitle>Advanced Component Development &amp; Prototypes (ACD&amp;P)</r2:BudgetActivityTitle>
        <r2:ProgramElementFunding>
            <r2:AllPriorYears>437.644</r2:AllPriorYears>
            <r2:PriorYear>57.535</r2:PriorYear>
            <r2:CurrentYear>63.162</r2:CurrentYear>
            <r2:BudgetYearOne>55.465</r2:BudgetYearOne>
            <r2:BudgetYearOneBase>55.465</r2:BudgetYearOneBase>
        </r2:ProgramElementFunding>
        <r2:ProgramElementNote>New Start (Y/N): N</r2:ProgramElementNote>
        <r2:ProgramElementMissionDescription>This Program Element supports the Interim National Defense Strategic Guidance (INDSG) counter the growing multi-domain threat posed by China; Deterring strategic attacks against the United States, Allies, and partners; Deterring aggression, while being prepared to prevail in conflict when necessary – prioritizing the challenge of China in the Indo-Pacific region, then the Russia challenge in Europe, and; Building a resilient Joint Force and defense ecosystem.

Nuclear Matters, Advanced Component Development &amp; Prototypes addresses the need to defend and deter against weapons of mass destruction threats and to safeguard personnel, prevent unauthorized access to equipment, installations, material, and documents, and to safeguard the foregoing against espionage, sabotage, damage, and theft. This program oversees advanced engineering development and rapid fielding throughout the Department of Defense (DoD) for an integrated and systemic approach to develop material solutions. 

The Physical Security Enterprise and Analysis Program (PSEAP) avoids duplication of effort, ensures systems integration, and promotes interoperability and sustainability. The material solutions either (a) lead to a Program of Record, (b) become technology insertions into existing programs; or (c) advance to being a certified Commercial/Government off-the-shelf product.  The PSEAP advances enterprise-level physical security RDT&amp;E solutions to reduce risk created by current and emerging threat by analyzing, researching, developing, demonstrating, and evaluating interoperable solutions to transition capability to warfighters. Collaboration with DoD Components, other government agencies, and the international community to prioritize and close capability gaps is a top priority of the PSEAP and the physical security community.

National Technical Nuclear Forensics (NTNF) mission requirements and responsibilities derive from multiple source documents. Per National Security Presidential Memorandum 35 (NSPM 35), the DoD leads the United States (U.S.) Government (USG) post-detonation NTNF capability. NSPM 35 also directs that the US will maintain and advance a robust NTNF capability to detect, identify, locate, and characterize the attribution of the source of an actual or attempted nuclear or radiological attack in all environments, to include underground, underwater, in the atmosphere, and space.  Per DoD Directive S-2060.04, the Office of the Undersecretary of Defense for Acquisition &amp; Sustainment (OUSD(A&amp;S)) is the office responsible for developing and leading the DoD’s NTNF capabilities. Per the 2022 Nuclear Posture Review (NPR) Direction, greater investment in NTNF tools is required to ensure they remain responsive to the threat, and thus scientifically credible and internationally accepted to hold states facilitating acts of nuclear terrorism accountable. The FY 2022 – FY2026 Nuclear Forensics and Attribution Strategic (NFAS) Plan requires an NTNF capability to collect, analyze, and evaluate both air and ground post-nuclear detonation samples at accelerated directed timelines. The DoD mission to collect, analyze, and evaluate post-detonation prompt signals and nuclear debris is critical to our national defense and security to ensuring the USG can identify the source of nuclear material and hold those involved or supporting an attack accountable. Internal and independent assessments indicate that new capabilities are needed to sustain an effective deterrent against an unattributed nuclear attack and meet the challenges of future threats. This PE is the only DoD research, development, and test and evaluation (RDT&amp;E) program focused on Advanced Component Development and Prototypes for post-detonation NTNF capabilities. Without fully supporting these requirements, the DoD’s ability to meet this critical deterrence need will be significantly degraded. 

The DoD, through the Innovative Technologies program, will partner with the National Nuclear Security Administration (NNSA) to develop technology aimed at preventing would-be proliferants from advancing nuclear weapons related efforts. Additionally, the DoD seeks to support current and future counterproliferation missions by leveraging the expertise within the national laboratories. The program goal is to ensure DoD's operational units are paired with the NNSA technology experts to develop requirements early in the process to reduce the time of fielding a technology.

Nuclear Survivability will invest in innovative radiation hardening techniques to modernize microelectronics for strategic and space systems and increase the reliability of mission critical systems. This program will result in achieving key metrics, including improved understanding of radiation effects on advanced Complementary Metal Oxide Semiconductor (CMOS) technologies; Radiation Hardened/Strategic Radiation Hardened parts qualified and available for space and strategic modernization; Improved mission critical systems reporting; and improved testing procedure guidance for extreme radiation environments.</r2:ProgramElementMissionDescription>
        <r2:ChangeSummary>
            <r2:PreviousPresidentBudget>
                <r2:PriorYear>76.764</r2:PriorYear>
                <r2:CurrentYear>63.162</r2:CurrentYear>
                <r2:BudgetYearOne>55.700</r2:BudgetYearOne>
                <r2:BudgetYearOneBase>55.700</r2:BudgetYearOneBase>
            </r2:PreviousPresidentBudget>
            <r2:CurrentPresidentBudget>
                <r2:PriorYear>57.535</r2:PriorYear>
                <r2:CurrentYear>63.162</r2:CurrentYear>
                <r2:BudgetYearOne>55.465</r2:BudgetYearOne>
                <r2:BudgetYearOneBase>55.465</r2:BudgetYearOneBase>
            </r2:CurrentPresidentBudget>
            <r2:TotalAdjustments>
                <r2:PriorYear>-19.229</r2:PriorYear>
                <r2:CurrentYear>0.000</r2:CurrentYear>
                <r2:BudgetYearOne>-0.235</r2:BudgetYearOne>
                <r2:BudgetYearOneBase>-0.235</r2:BudgetYearOneBase>
            </r2:TotalAdjustments>
            <r2:AdjustmentDetails>
                <r2:CongressionalGeneralReductions>
                    <r2:PriorYear>-17.301</r2:PriorYear>
                </r2:CongressionalGeneralReductions>
                <r2:Reprogrammings>
                    <r2:PriorYear>-1.928</r2:PriorYear>
                </r2:Reprogrammings>
                <r2:OtherAdjustmentDetailList>
                    <r2:OtherAdjustmentDetail>
                        <r2:Title>Inflation</r2:Title>
                        <r2:Funding>
                            <r2:BudgetYearOne>-0.165</r2:BudgetYearOne>
                            <r2:BudgetYearOneBase>-0.165</r2:BudgetYearOneBase>
                        </r2:Funding>
                    </r2:OtherAdjustmentDetail>
                    <r2:OtherAdjustmentDetail>
                        <r2:Title>Reform</r2:Title>
                        <r2:Funding>
                            <r2:BudgetYearOne>-0.053</r2:BudgetYearOne>
                            <r2:BudgetYearOneBase>-0.053</r2:BudgetYearOneBase>
                        </r2:Funding>
                    </r2:OtherAdjustmentDetail>
                    <r2:OtherAdjustmentDetail>
                        <r2:Title>Efficiencies</r2:Title>
                        <r2:Funding>
                            <r2:BudgetYearOne>-0.017</r2:BudgetYearOne>
                            <r2:BudgetYearOneBase>-0.017</r2:BudgetYearOneBase>
                        </r2:Funding>
                    </r2:OtherAdjustmentDetail>
                </r2:OtherAdjustmentDetailList>
            </r2:AdjustmentDetails>
            <r2:SummaryExplanation>The FY 2026 request includes reduction of $0.017 million for travel funding to align with Executive Order 14222 , "Implementing the President's Department of Government Efficiency Cost Efficiency Initiative", reduction of $0.165 million for inflation, and reduction of $0.053 million to reduce FFRDC Support.</r2:SummaryExplanation>
        </r2:ChangeSummary>
        <r2:ProjectList>
            <r2:Project>
                <r2:ProjectNumber>162</r2:ProjectNumber>
                <r2:ProjectTitle>Nuclear and Conventional Physical Security</r2:ProjectTitle>
                <r2:SpecialProject>0</r2:SpecialProject>
                <r2:ProjectFunding>
                    <r2:AllPriorYears>364.518</r2:AllPriorYears>
                    <r2:PriorYear>26.792</r2:PriorYear>
                    <r2:CurrentYear>26.217</r2:CurrentYear>
                    <r2:BudgetYearOne>25.734</r2:BudgetYearOne>
                    <r2:BudgetYearOneBase>25.734</r2:BudgetYearOneBase>
                </r2:ProjectFunding>
                <r2:R2aExhibit>
                    <r2:ProjectMissionDescription>The Physical Security Enterprise and Analysis Program (PSEAP) pursues the development of nuclear and conventional physical security materiel solutions in response to the stated needs and requirements of the Combatant Commands and Military Services. This program leverages commonalities in physical security requirements in order to closely balance and integrate the needs of users. The PSEAP is responsible for avoiding duplication of effort, ensuring systems integration, and promoting interoperability and sustainability. The materiel solutions either (a) lead to a Program of Record, (b) become technology insertions into existing programs; or (c) advance to being a certified Commercial/Government off-the-shelf product.</r2:ProjectMissionDescription>
                    <r2:AccomplishmentPlannedProgramList>
                        <r2:AccomplishmentPlannedProgram>
                            <r2:Title>Physical Security System Capability Development</r2:Title>
                            <r2:Description>This program's focus is on advanced component development and prototypes for physical security components and systems to support valid requirements while eliminating duplication of effort, pursuing the use of government and commercial off-the-shelf products, ensuring systems integration, and promoting interoperability and sustainability.

Leverages RDT&amp;E investments to achieve physical security enterprise-level solutions to deter, detect, delay, deny and defeat adversaries threatening nuclear and non-nuclear environments. Promotes government and appropriate industry standards for interoperability with existing programs of record to achieve cohesive system architectures.

Improves transition of successful RDT&amp;E innovations to DoD Acquisition agencies by using technology transition agreements and other tools to provide improved warfighter capabilities against asymmetrical, conventional and Weapons of Mass Destruction threats.</r2:Description>
                            <r2:Accomplishment>
                                <r2:PriorYear>
                                    <r2:Funding>26.792</r2:Funding>
                                    <r2:Text>- Detect an adversary and assess their intentions by identifying and warning of unauthorized access to a specified area or installation, as well as equipment related to the notification and identification of explosive threats or hazards.
- Control access to safeguard personnel and their families and to prevent unauthorized access to critical infrastructure and materials to validate and verify individuals entering or already within, a facility.
- Invest in robust installation and transport security to prevent a weapon of mass destruction attack or the unauthorized access to key assets such as nuclear weapons and special nuclear material.
- Improve the physical security profile of fixed sites and facilities, as well as critical items while in-transit.
- Deter an adversary from accessing weapons of mass destruction or gaining unauthorized access to critical assets are at the heart of prevention.
- Implement control measures that ensure access is limited to authorized persons is the foundation of physical security to delay or stop unauthorized entry/access to a specified/localized area.
- Incorporate decision support systems to help management, operations, and planners make decisions, which may be rapidly changing and not easily specified in advance with a focus on command and control equipment, creation and enhancement of common operating pictures, and the establishment of common architectures / interface standards.</r2:Text>
                                </r2:PriorYear>
                            </r2:Accomplishment>
                            <r2:PlannedProgram>
                                <r2:CurrentYear>
                                    <r2:Funding>26.217</r2:Funding>
                                    <r2:Text>- Counter-Uncrewed Systems across All Domains: Detect, Track, Identify and Defeat uncrewed systems across all domains including air, land, surface &amp; subsurface (Attribution, deterrence and swarms should be considered).
- Advancements in Artificial Intelligence &amp; Machine Learning, as well as Countering AI/ML and Autonomy: Leverage advancements in AI/ML and
develop systems to effectively counter emerging threats posed by adversarial use of AI and autonomous technologies. (Post Quantum encryption may also be considered)
- Insider Threat Detection: Develop insider threat detection systems to detect, mitigate, and prevent unauthorized activities within organizational networks, enhancing security against internal risks.
- Maritime Security (Surface &amp; Subsurface): Maritime security, both surface and subsurface, centered on the need for advanced and integrated sensor networks capable of effectively detecting, tracking, identifying, and responding to evolving threats in vast and challenging maritime environments.
- Detection Beyond Installation Perimeter: Develop advanced surveillance and sensor technologies to effectively monitor and detect potential threats in surrounding areas, ensuring wide-ranging security coverage beyond installation perimeters.
- Intrusion Detection on Physical Security System: Improve network intrusion detection on physical security system networks to detect and prevent unauthorized access to a physical security systems or networks (i.e., invest in cybersecurity intrusion detection system (IDS), like a physical security IDS).</r2:Text>
                                </r2:CurrentYear>
                                <r2:BudgetYearOne>
                                    <r2:Funding>25.734</r2:Funding>
                                </r2:BudgetYearOne>
                                <r2:BudgetYearOneBase>
                                    <r2:Funding>25.734</r2:Funding>
                                    <r2:Text>- Supply chain security: Mitigate vulnerabilities using physical security equipment/technology to counter potential threats to organic industrial base facilities and ports receiving materials from suppliers and shipping assets the supply DoD Services and foreign partners around the globe.
- Mature All Domain Counter-Uncrewed Systems (C-UXS): Continue to address the proliferation of uncrewed systems used by our adversaries by advancing C-UXS capabilities that change the risk calculus for the adversary (i.e., deterrence) and increase Joint Force survivability and resiliency against UXS.
- Access control to DoD ships and aircraft: Vetting and screening personnel by biometrically screen individuals against the DoD Automated
Biometric Identification System, to also collect/transmit the info used to process, track, and transport evacuees to safe havens.
- Modernize physical security systems: Replace antiquated and expensive sensors with unacceptable false alarm rates that require a persistent personnel presence with that uses artificial intelligence and machine learning to not only to deter and detect but to also track and assess threats.
- Interoperability: Update PSEAG's Security Equipment Integration Working Group's Interface Control Documents to address future interoperability standards for physical security sensors and systems</r2:Text>
                                </r2:BudgetYearOneBase>
                                <r2:AppChangeSummary>FY 2025 to FY 2026 decrease reflects changes in budget to align with cost efficiencies and reform initiatives.</r2:AppChangeSummary>
                            </r2:PlannedProgram>
                        </r2:AccomplishmentPlannedProgram>
                    </r2:AccomplishmentPlannedProgramList>
                </r2:R2aExhibit>
                <r2:R3Exhibit>
                    <r2:Remarks>NA</r2:Remarks>
                    <r2:CostCategoryGroupList>
                        <r2:CostCategoryGroup>
                            <r2:Name>Product Development</r2:Name>
                            <r2:CostCategoryItemList>
                                <r2:CostCategoryItem>
                                    <r2:Name>Physical Security - Closed Out Efforts</r2:Name>
                                    <r2:FundingVehicle>Various</r2:FundingVehicle>
                                    <r2:PerformingActivity>Various</r2:PerformingActivity>
                                    <r2:PerformingActivityLocation>Various</r2:PerformingActivityLocation>
                                    <r2:Cost>
                                        <r2:TotalPreviousYears>269.549</r2:TotalPreviousYears>
                                    </r2:Cost>
                                </r2:CostCategoryItem>
                                <r2:CostCategoryItem>
                                    <r2:Name>Physical Security Enterprise &amp; Analysis Program</r2:Name>
                                    <r2:FundingVehicle>Various</r2:FundingVehicle>
                                    <r2:PerformingActivity>Multiple Performers</r2:PerformingActivity>
                                    <r2:PerformingActivityLocation>Multiple Locations</r2:PerformingActivityLocation>
                                    <r2:Cost>
                                        <r2:TotalPreviousYears>33.220</r2:TotalPreviousYears>
                                        <r2:PriorYear>
                                            <r2:Amount>26.792</r2:Amount>
                                        </r2:PriorYear>
                                        <r2:CurrentYear>
                                            <r2:Amount>26.217</r2:Amount>
                                        </r2:CurrentYear>
                                        <r2:BudgetYearOne>
                                            <r2:Amount>25.734</r2:Amount>
                                        </r2:BudgetYearOne>
                                        <r2:BudgetYearOneBase>
                                            <r2:Amount>25.734</r2:Amount>
                                        </r2:BudgetYearOneBase>
                                    </r2:Cost>
                                </r2:CostCategoryItem>
                                <r2:CostCategoryItem>
                                    <r2:Name>Automated Installation Entry Multiple Authentication Fast Lanes</r2:Name>
                                    <r2:FundingVehicle>MIPR</r2:FundingVehicle>
                                    <r2:PerformingActivity>Various</r2:PerformingActivity>
                                    <r2:PerformingActivityLocation>Various</r2:PerformingActivityLocation>
                                    <r2:Cost>
                                        <r2:TotalPreviousYears>2.027</r2:TotalPreviousYears>
                                    </r2:Cost>
                                </r2:CostCategoryItem>
                                <r2:CostCategoryItem>
                                    <r2:Name>Deep Learning Real Time Adaptive Learning Monitoring of Sound Velocity Profile</r2:Name>
                                    <r2:FundingVehicle>MIPR</r2:FundingVehicle>
                                    <r2:PerformingActivity>Various</r2:PerformingActivity>
                                    <r2:PerformingActivityLocation>Various</r2:PerformingActivityLocation>
                                    <r2:Cost>
                                        <r2:TotalPreviousYears>1.530</r2:TotalPreviousYears>
                                    </r2:Cost>
                                </r2:CostCategoryItem>
                                <r2:CostCategoryItem>
                                    <r2:Name>Development, Test and Evaluation of an Electronic Security Systems Information Management System</r2:Name>
                                    <r2:FundingVehicle>MIPR</r2:FundingVehicle>
                                    <r2:PerformingActivity>Various</r2:PerformingActivity>
                                    <r2:PerformingActivityLocation>Various</r2:PerformingActivityLocation>
                                    <r2:Cost>
                                        <r2:TotalPreviousYears>1.444</r2:TotalPreviousYears>
                                    </r2:Cost>
                                </r2:CostCategoryItem>
                                <r2:CostCategoryItem>
                                    <r2:Name>Electronic Harbor Security System–Sensor Track Fusion</r2:Name>
                                    <r2:FundingVehicle>MIPR</r2:FundingVehicle>
                                    <r2:PerformingActivity>NIWC, Pacific</r2:PerformingActivity>
                                    <r2:PerformingActivityLocation>NIWC, Pacific</r2:PerformingActivityLocation>
                                    <r2:Cost>
                                        <r2:TotalPreviousYears>0.854</r2:TotalPreviousYears>
                                    </r2:Cost>
                                </r2:CostCategoryItem>
                                <r2:CostCategoryItem>
                                    <r2:Name>Enterprise Ready Tactical Assault Kit</r2:Name>
                                    <r2:FundingVehicle>MIPR</r2:FundingVehicle>
                                    <r2:PerformingActivity>Various</r2:PerformingActivity>
                                    <r2:PerformingActivityLocation>Various</r2:PerformingActivityLocation>
                                    <r2:Cost>
                                        <r2:TotalPreviousYears>2.307</r2:TotalPreviousYears>
                                    </r2:Cost>
                                </r2:CostCategoryItem>
                                <r2:CostCategoryItem>
                                    <r2:Name>Improved UUV Detection and Tracking Using the AN/WQX-2 Sonar</r2:Name>
                                    <r2:FundingVehicle>MIPR</r2:FundingVehicle>
                                    <r2:PerformingActivity>Various</r2:PerformingActivity>
                                    <r2:PerformingActivityLocation>Various</r2:PerformingActivityLocation>
                                    <r2:Cost>
                                        <r2:TotalPreviousYears>1.950</r2:TotalPreviousYears>
                                    </r2:Cost>
                                </r2:CostCategoryItem>
                                <r2:CostCategoryItem>
                                    <r2:Name>Next Generation Electronic Security System</r2:Name>
                                    <r2:FundingVehicle>MIPR</r2:FundingVehicle>
                                    <r2:PerformingActivity>Various</r2:PerformingActivity>
                                    <r2:PerformingActivityLocation>Various</r2:PerformingActivityLocation>
                                    <r2:Cost>
                                        <r2:TotalPreviousYears>1.200</r2:TotalPreviousYears>
                                    </r2:Cost>
                                </r2:CostCategoryItem>
                                <r2:CostCategoryItem>
                                    <r2:Name>Self Homing and Event Triggered / Assessment DroneAerial PS Assessment</r2:Name>
                                    <r2:FundingVehicle>MIPR</r2:FundingVehicle>
                                    <r2:PerformingActivity>Various</r2:PerformingActivity>
                                    <r2:PerformingActivityLocation>Various</r2:PerformingActivityLocation>
                                    <r2:Cost>
                                        <r2:TotalPreviousYears>1.275</r2:TotalPreviousYears>
                                    </r2:Cost>
                                </r2:CostCategoryItem>
                                <r2:CostCategoryItem>
                                    <r2:Name>Wide Area Surveillance &amp; Detection System with Radar</r2:Name>
                                    <r2:FundingVehicle>MIPR</r2:FundingVehicle>
                                    <r2:PerformingActivity>Various</r2:PerformingActivity>
                                    <r2:PerformingActivityLocation>Various</r2:PerformingActivityLocation>
                                    <r2:Cost>
                                        <r2:TotalPreviousYears>1.386</r2:TotalPreviousYears>
                                    </r2:Cost>
                                </r2:CostCategoryItem>
                                <r2:CostCategoryItem>
                                    <r2:Name>Sonar Navigated Autonomous Grabber</r2:Name>
                                    <r2:FundingVehicle>MIPR</r2:FundingVehicle>
                                    <r2:PerformingActivity>Various</r2:PerformingActivity>
                                    <r2:PerformingActivityLocation>Various</r2:PerformingActivityLocation>
                                    <r2:Cost>
                                        <r2:TotalPreviousYears>1.446</r2:TotalPreviousYears>
                                    </r2:Cost>
                                </r2:CostCategoryItem>
                                <r2:CostCategoryItem>
                                    <r2:Name>Automated Neural Classification of Seismic and Acoustic Sensors</r2:Name>
                                    <r2:FundingVehicle>MIPR</r2:FundingVehicle>
                                    <r2:PerformingActivity>Various</r2:PerformingActivity>
                                    <r2:PerformingActivityLocation>Various</r2:PerformingActivityLocation>
                                    <r2:Cost>
                                        <r2:TotalPreviousYears>1.237</r2:TotalPreviousYears>
                                    </r2:Cost>
                                </r2:CostCategoryItem>
                            </r2:CostCategoryItemList>
                        </r2:CostCategoryGroup>
                        <r2:CostCategoryGroup>
                            <r2:Name>Support</r2:Name>
                            <r2:Remarks>NA</r2:Remarks>
                            <r2:CostCategoryItemList>
                                <r2:CostCategoryItem>
                                    <r2:Name>Prior Years Completed Efforts</r2:Name>
                                    <r2:FundingVehicle>Various</r2:FundingVehicle>
                                    <r2:PerformingActivity>Various Performers</r2:PerformingActivity>
                                    <r2:PerformingActivityLocation>Various Locations</r2:PerformingActivityLocation>
                                    <r2:Cost>
                                        <r2:TotalPreviousYears>21.555</r2:TotalPreviousYears>
                                    </r2:Cost>
                                </r2:CostCategoryItem>
                                <r2:CostCategoryItem>
                                    <r2:Name>PSEAG Interoperability</r2:Name>
                                    <r2:FundingVehicle>MIPR</r2:FundingVehicle>
                                    <r2:PerformingActivity>TBD</r2:PerformingActivity>
                                    <r2:PerformingActivityLocation>TBD</r2:PerformingActivityLocation>
                                    <r2:Cost>
                                        <r2:TotalPreviousYears>0.455</r2:TotalPreviousYears>
                                    </r2:Cost>
                                </r2:CostCategoryItem>
                            </r2:CostCategoryItemList>
                        </r2:CostCategoryGroup>
                        <r2:CostCategoryGroup>
                            <r2:Name>Test and Evaluation</r2:Name>
                            <r2:Remarks>NA</r2:Remarks>
                            <r2:CostCategoryItemList>
                                <r2:CostCategoryItem>
                                    <r2:Name>Prior Years Completed Efforts</r2:Name>
                                    <r2:FundingVehicle>Various</r2:FundingVehicle>
                                    <r2:PerformingActivity>Multiple Performers</r2:PerformingActivity>
                                    <r2:PerformingActivityLocation>Multiple Locations</r2:PerformingActivityLocation>
                                    <r2:Cost>
                                        <r2:TotalPreviousYears>15.127</r2:TotalPreviousYears>
                                    </r2:Cost>
                                </r2:CostCategoryItem>
                                <r2:CostCategoryItem>
                                    <r2:Name>Test &amp; Evaluation of Maritime Application Environment Radar</r2:Name>
                                    <r2:FundingVehicle>MIPR</r2:FundingVehicle>
                                    <r2:PerformingActivity>NIWC, Atlantic</r2:PerformingActivity>
                                    <r2:PerformingActivityLocation>NIWC, Atlantic</r2:PerformingActivityLocation>
                                    <r2:Cost>
                                        <r2:TotalPreviousYears>0.650</r2:TotalPreviousYears>
                                    </r2:Cost>
                                </r2:CostCategoryItem>
                            </r2:CostCategoryItemList>
                        </r2:CostCategoryGroup>
                        <r2:CostCategoryGroup>
                            <r2:Name>Management Services</r2:Name>
                            <r2:Remarks>NA</r2:Remarks>
                            <r2:CostCategoryItemList>
                                <r2:CostCategoryItem>
                                    <r2:Name>Prior Years - Completed Efforts</r2:Name>
                                    <r2:FundingVehicle>Various</r2:FundingVehicle>
                                    <r2:PerformingActivity>Multiple Performers</r2:PerformingActivity>
                                    <r2:PerformingActivityLocation>Multiple Locations</r2:PerformingActivityLocation>
                                    <r2:Cost>
                                        <r2:TotalPreviousYears>7.306</r2:TotalPreviousYears>
                                    </r2:Cost>
                                </r2:CostCategoryItem>
                            </r2:CostCategoryItemList>
                        </r2:CostCategoryGroup>
                    </r2:CostCategoryGroupList>
                </r2:R3Exhibit>
                <r2:R4Exhibit>
                    <r2:ScheduleProfile>
                        <r2:ImageFileName>PSEAG Requirements.png</r2:ImageFileName>
                    </r2:ScheduleProfile>
                </r2:R4Exhibit>
                <r2:R4aExhibit>
                    <r2:SubProjectScheduleList>
                        <r2:SubProjectSchedule>
                            <r2:Title>Nuclear and conventional physical security R&amp;D</r2:Title>
                            <r2:ScheduleDetailList>
                                <r2:ScheduleDetail>
                                    <r2:EventTitle>Nuclear and Conventional Physical Security</r2:EventTitle>
                                    <r2:Schedule>
                                        <r2:Start>
                                            <r2:Quarter>1</r2:Quarter>
                                            <r2:Year>2024</r2:Year>
                                        </r2:Start>
                                        <r2:End>
                                            <r2:Quarter>4</r2:Quarter>
                                            <r2:Year>2030</r2:Year>
                                        </r2:End>
                                    </r2:Schedule>
                                </r2:ScheduleDetail>
                            </r2:ScheduleDetailList>
                        </r2:SubProjectSchedule>
                    </r2:SubProjectScheduleList>
                </r2:R4aExhibit>
            </r2:Project>
            <r2:Project>
                <r2:ProjectNumber>040</r2:ProjectNumber>
                <r2:ProjectTitle>National Technical Nuclear Forensics</r2:ProjectTitle>
                <r2:SpecialProject>0</r2:SpecialProject>
                <r2:ProjectFunding>
                    <r2:AllPriorYears>73.126</r2:AllPriorYears>
                    <r2:PriorYear>22.404</r2:PriorYear>
                    <r2:CurrentYear>29.238</r2:CurrentYear>
                    <r2:BudgetYearOne>23.892</r2:BudgetYearOne>
                    <r2:BudgetYearOneBase>23.892</r2:BudgetYearOneBase>
                </r2:ProjectFunding>
                <r2:R2aExhibit>
                    <r2:ProjectMissionDescription>Per NSPM 35, the DoD leads the USG post-detonation NTNF capability, and directs the U.S. to maintain and advance NTNF capabilities leading to the attribution of the source of an actual or attempted nuclear attack in all environments.  Per the 2022 NPR, greater investment in NTNF tools is required to ensure they remain responsive to the threat. Per DoDD S-2060.04, OUSD(A&amp;S) is the DoD office responsible for DoD’s NTNF capabilities.  Per the FY 2022 – FY 2026 NFAS Plan, accelerated timelines are required for the NTNF capability to collect, analyze, and evaluate both air and ground post-nuclear detonation samples.  This program is the only DoD RDT&amp;E program focused on Advanced Component Development &amp; Prototypes for NTNF capabilities.     

Collecting analyzing, and evaluating post-detonation prompt signals and nuclear debris is critical to ensure the USG can identify the source of nuclear material and holding those involved or supporting an attack accountable is critical to our national defense and security.  Swift and accurate forensic and attribution capabilities are vital to supporting the President and Secretary of Defense in developing an appropriate, and timely, national response to a nuclear event and to prevent future attacks.  An effective NTNF capability ensures potential adversaries, or those who support them, know that they will be held accountable if they use proxies or other non-traditional delivery (e.g., false-flag operations) of nuclear weapons against the U.S., U.S. interests, or allies.  Both internal and independent studies indicate that continued improvement to the USG's NTNF capabilities is needed to sustain a credible deterrent against an attempted or actual nuclear attack.  

Additionally, this program sustains perishable U.S. technical expertise at the operational DoD laboratories required to respond to a post-detonation NTNF event.  The DoD's laboratory capability in this area is limited by capacity and technical expertise.  Increased support of the DoD’s NTNF mission is crucial to prevent attrition of current capabilities and knowledge base, ensure that this critical and unique deterrence capability is not lost, putting the security of the nation and the ability to deter specific kinds of nuclear attack at risk, and meeting a higher standard of timeliness and confidence as directed.</r2:ProjectMissionDescription>
                    <r2:AccomplishmentPlannedProgramList>
                        <r2:AccomplishmentPlannedProgram>
                            <r2:Title>NTNF Capability Development</r2:Title>
                            <r2:Description>The development of capability to collect, analyze, and evaluate prompt signals and nuclear debris is critical to our national defense and security. Swift and accurate forensic analysis and contribution to USG attribution (identification) processes are vital to supporting the President and Secretary of Defense in developing an appropriate national response to a nuclear event and to prevent future attacks in a timely manner. Recent Russian nuclear threats related to Ukraine have sharpened the understanding of, and need for, robust nuclear forensics capabilities.

NTNF investments support development and retention of technical nuclear forensics expertise and improvements in CONUS and OCONUS collection and fixed laboratory processes. Investments will also support legacy NTNF capabilities and the operationalization of new capabilities.</r2:Description>
                            <r2:Accomplishment>
                                <r2:PriorYear>
                                    <r2:Funding>22.404</r2:Funding>
                                    <r2:Text>- Increase R&amp;D towards achieving unmanned air collect capabilities leveraging the Harvester Particulate Airborne Collection System, and develop NextGen, Thresher, prototype design. 
- Funding to prepare for a National-Level Exercise currently planned for FY 2025. 
- Hiring additional contractors to work at the DoD operational laboratories, as well as, procuring needed equipment specific to post-detonation sample analysis.  
- Further develop and transition technologies to address prompt detection gaps, including the United States Prompt Diagnostics System and developing uncrewed aerial and ground collection. 
- Continue to advance DoD NTNF laboratory and collection capabilities to shorten timelines and improve confidence levels in reporting to national level decision makers. 
- Exercise component and collective collection and analysis to both assess readiness to inform improvements and demonstrate USG NTNF capability to contribute to strategic deterrence.</r2:Text>
                                </r2:PriorYear>
                            </r2:Accomplishment>
                            <r2:PlannedProgram>
                                <r2:CurrentYear>
                                    <r2:Funding>29.238</r2:Funding>
                                    <r2:Text>- RDT&amp;E investment in the collection, analysis, and evaluation of ground and airborne post-detonation debris samples.  
  -- Collection: Improve ground collection capabilities and tools to accelerate mission timelines. Develop requirements 
     documents and begin conceptual design prototypes for next generation unmanned airborne and autonomous ground 
     collection systems. 
  -- Analysis: Improve debris and prompt signals analysis capabilities and expertise development at DoD laboratories to 
     accelerate analysis and attribution timelines.  
 -- Evaluation: Expand the debris diagnostic and prompt evaluation capability to speed the attribution process. Develop and 
    design IT systems of tools to rapidly generate and disseminate nuclear forensic results across the DoD and to interagency 
    leadership.
- Improve the Quality Assurance process for assuring that the surrogate samples used in NTNF exercises best match anticipated real-world NTNF ground and airborne samples. 
- Develop, design, and validate new speed of light sensor systems to increase the portability and scalability of prompt signals coverage.
- Complete Airworthiness T2 Package for integrating Harvester particulate collection pods on an MQ-9A Block 5 GEO and conduct successful flight demonstration.</r2:Text>
                                </r2:CurrentYear>
                                <r2:BudgetYearOne>
                                    <r2:Funding>23.892</r2:Funding>
                                </r2:BudgetYearOne>
                                <r2:BudgetYearOneBase>
                                    <r2:Funding>23.892</r2:Funding>
                                    <r2:Text>- Continue RDT&amp;E investment in the collection, analysis, and evaluation of ground and airborne post-detonation debris samples.  
  -- Continue to support collection: Improve ground collection capabilities and tools to accelerate mission timelines. Develop 
     requirements documents and begin conceptual design prototypes for next generation unmanned airborne and autonomous 
     ground collection systems. 
  -- Continue to support analysis: Improve debris and prompt signals analysis capabilities and expertise development at DoD 
     laboratories to accelerate analysis and attribution timelines.  
  -- Continue to support evaluation: Expand the debris diagnostic and prompt evaluation capability to speed the attribution 
     process. Develop and design IT infrastructure system of tools to rapidly generate and disseminate nuclear forensic results 
     across the DoD and to interagency leadership.
- Continue to improve the Quality Assurance process for assuring that the surrogate samples used in NTNF exercises best match anticipated real-world NTNF ground and airborne samples. 
- Continue to develop, design, and validate new speed of light sensor systems to increase the portability and scalability of prompt signals coverage.
- Will begin and complete Windows 11 upgrade, airworthiness T2 Package for integrating Harvester particulate collection pods on an MQ-9A Block 5 PLEO, and conduct successful flight demonstration.</r2:Text>
                                </r2:BudgetYearOneBase>
                                <r2:AppChangeSummary>FY 2025 to FY 2026 decrease reflects changes in budget to align with cost efficiencies and reform initiatives.</r2:AppChangeSummary>
                            </r2:PlannedProgram>
                        </r2:AccomplishmentPlannedProgram>
                    </r2:AccomplishmentPlannedProgramList>
                </r2:R2aExhibit>
                <r2:R3Exhibit>
                    <r2:Remarks>NA</r2:Remarks>
                    <r2:CostCategoryGroupList>
                        <r2:CostCategoryGroup>
                            <r2:Name>Product Development</r2:Name>
                            <r2:Remarks>NA</r2:Remarks>
                            <r2:CostCategoryItemList>
                                <r2:CostCategoryItem>
                                    <r2:Name>National Nuclear Technical Forensics Product Development</r2:Name>
                                    <r2:FundingVehicle>Various</r2:FundingVehicle>
                                    <r2:PerformingActivity>Multiple Performers</r2:PerformingActivity>
                                    <r2:PerformingActivityLocation>Multiple Locations</r2:PerformingActivityLocation>
                                    <r2:Cost>
                                        <r2:TotalPreviousYears>71.609</r2:TotalPreviousYears>
                                        <r2:PriorYear>
                                            <r2:Amount>22.404</r2:Amount>
                                        </r2:PriorYear>
                                        <r2:CurrentYear>
                                            <r2:Amount>29.238</r2:Amount>
                                        </r2:CurrentYear>
                                        <r2:BudgetYearOne>
                                            <r2:Amount>23.892</r2:Amount>
                                        </r2:BudgetYearOne>
                                        <r2:BudgetYearOneBase>
                                            <r2:Amount>23.892</r2:Amount>
                                        </r2:BudgetYearOneBase>
                                    </r2:Cost>
                                </r2:CostCategoryItem>
                            </r2:CostCategoryItemList>
                        </r2:CostCategoryGroup>
                        <r2:CostCategoryGroup>
                            <r2:Name>Management Services</r2:Name>
                            <r2:Remarks>NA</r2:Remarks>
                            <r2:CostCategoryItemList>
                                <r2:CostCategoryItem>
                                    <r2:Name>Nuclear Testing, Diagnostics, Forensics and Stockpile Stewardship Course</r2:Name>
                                    <r2:FundingVehicle>IA</r2:FundingVehicle>
                                    <r2:PerformingActivity>DOE</r2:PerformingActivity>
                                    <r2:PerformingActivityLocation>Livermore, CA</r2:PerformingActivityLocation>
                                    <r2:Cost>
                                        <r2:TotalPreviousYears>1.517</r2:TotalPreviousYears>
                                        <r2:PriorYear>
                                            <r2:Amount>0.000</r2:Amount>
                                        </r2:PriorYear>
                                    </r2:Cost>
                                </r2:CostCategoryItem>
                            </r2:CostCategoryItemList>
                        </r2:CostCategoryGroup>
                    </r2:CostCategoryGroupList>
                </r2:R3Exhibit>
                <r2:R4aExhibit>
                    <r2:SubProjectScheduleList>
                        <r2:SubProjectSchedule>
                            <r2:Title>National Technical Nuclear Forensics</r2:Title>
                            <r2:ScheduleDetailList>
                                <r2:ScheduleDetail>
                                    <r2:EventTitle>National Technical Nuclear Forensics</r2:EventTitle>
                                    <r2:Schedule>
                                        <r2:Start>
                                            <r2:Quarter>1</r2:Quarter>
                                            <r2:Year>2024</r2:Year>
                                        </r2:Start>
                                        <r2:End>
                                            <r2:Quarter>4</r2:Quarter>
                                            <r2:Year>2030</r2:Year>
                                        </r2:End>
                                    </r2:Schedule>
                                </r2:ScheduleDetail>
                            </r2:ScheduleDetailList>
                        </r2:SubProjectSchedule>
                    </r2:SubProjectScheduleList>
                </r2:R4aExhibit>
            </r2:Project>
            <r2:Project>
                <r2:ProjectNumber>058</r2:ProjectNumber>
                <r2:ProjectTitle>Innovative Technologies</r2:ProjectTitle>
                <r2:SpecialProject>0</r2:SpecialProject>
                <r2:ProjectFunding>
                    <r2:AllPriorYears>0.000</r2:AllPriorYears>
                    <r2:PriorYear>5.838</r2:PriorYear>
                    <r2:CurrentYear>4.794</r2:CurrentYear>
                    <r2:BudgetYearOne>2.841</r2:BudgetYearOne>
                    <r2:BudgetYearOneBase>2.841</r2:BudgetYearOneBase>
                </r2:ProjectFunding>
                <r2:R2aExhibit>
                    <r2:ProjectNote>The Innovative Technologies program is reported in accordance with Title 10, United States Code, Section 119(a)(1) in the Special Access Program Annual Report to Congress.</r2:ProjectNote>
                    <r2:ProjectMissionDescription>The DoD, in partnership with the NNSA, provides technical capability to understand and defeat nuclear threat devices, including improvised nuclear devices, radiological dispersal devices, and lost or stolen foreign nuclear weapons, as well as to develop foundational technologies supporting nuclear counterproliferation efforts.</r2:ProjectMissionDescription>
                    <r2:AccomplishmentPlannedProgramList>
                        <r2:AccomplishmentPlannedProgram>
                            <r2:Title>Innovative Technologies</r2:Title>
                            <r2:Description>The DoD, through the Innovative Technologies program, will partner with the NNSA to develop technology aimed at preventing would-be proliferants from advancing nuclear weapons related efforts. Additionally, the DoD seeks to support current and future counterproliferation missions by leveraging the expertise within the national laboratories. The program goal is to ensure DoD's operational units are paired with the NNSA technology experts to develop requirements early in the process to reduce the time of fielding a technology.</r2:Description>
                            <r2:Accomplishment>
                                <r2:PriorYear>
                                    <r2:Funding>5.838</r2:Funding>
                                    <r2:Text>The Innovative Technologies program is reported in accordance with Title 10, United States Code, Section 119(a)(1) in the Special Access Program Annual Report to Congress.</r2:Text>
                                </r2:PriorYear>
                            </r2:Accomplishment>
                            <r2:PlannedProgram>
                                <r2:CurrentYear>
                                    <r2:Funding>4.794</r2:Funding>
                                    <r2:Text>The Innovative Technologies program is reported in accordance with Title 10, United States Code, Section 119(a)(1) in the Special Access Program Annual Report to Congress.</r2:Text>
                                </r2:CurrentYear>
                                <r2:BudgetYearOne>
                                    <r2:Funding>2.841</r2:Funding>
                                </r2:BudgetYearOne>
                                <r2:BudgetYearOneBase>
                                    <r2:Funding>2.841</r2:Funding>
                                    <r2:Text>The Innovative Technologies program is reported in accordance with Title 10, United States Code, Section 119(a)(1) in the Special Access Program Annual Report to Congress.</r2:Text>
                                </r2:BudgetYearOneBase>
                                <r2:AppChangeSummary>FY 2025 to FY 2026 decrease reflects transition of DoD developmental acquisition efforts to some funded by end-use customers.</r2:AppChangeSummary>
                            </r2:PlannedProgram>
                        </r2:AccomplishmentPlannedProgram>
                    </r2:AccomplishmentPlannedProgramList>
                </r2:R2aExhibit>
                <r2:R3Exhibit>
                    <r2:CostCategoryGroupList>
                        <r2:CostCategoryGroup>
                            <r2:Name>Product Development</r2:Name>
                            <r2:CostCategoryItemList>
                                <r2:CostCategoryItem>
                                    <r2:Name>Innovative Technologies</r2:Name>
                                    <r2:FundingVehicle>Various</r2:FundingVehicle>
                                    <r2:PerformingActivity>Various</r2:PerformingActivity>
                                    <r2:PerformingActivityLocation>Various</r2:PerformingActivityLocation>
                                    <r2:Cost>
                                        <r2:PriorYear>
                                            <r2:Amount>5.838</r2:Amount>
                                            <r2:AwardDate>2024-08</r2:AwardDate>
                                        </r2:PriorYear>
                                        <r2:CurrentYear>
                                            <r2:Amount>4.794</r2:Amount>
                                        </r2:CurrentYear>
                                        <r2:BudgetYearOne>
                                            <r2:Amount>2.841</r2:Amount>
                                        </r2:BudgetYearOne>
                                        <r2:BudgetYearOneBase>
                                            <r2:Amount>2.841</r2:Amount>
                                        </r2:BudgetYearOneBase>
                                    </r2:Cost>
                                </r2:CostCategoryItem>
                            </r2:CostCategoryItemList>
                        </r2:CostCategoryGroup>
                    </r2:CostCategoryGroupList>
                </r2:R3Exhibit>
                <r2:R4aExhibit>
                    <r2:SubProjectScheduleList>
                        <r2:SubProjectSchedule>
                            <r2:Title>Advance Innovative Technologies</r2:Title>
                            <r2:ScheduleDetailList>
                                <r2:ScheduleDetail>
                                    <r2:EventTitle>Advance Innovative Technologies</r2:EventTitle>
                                    <r2:Schedule>
                                        <r2:Start>
                                            <r2:Quarter>1</r2:Quarter>
                                            <r2:Year>2024</r2:Year>
                                        </r2:Start>
                                        <r2:End>
                                            <r2:Quarter>4</r2:Quarter>
                                            <r2:Year>2030</r2:Year>
                                        </r2:End>
                                    </r2:Schedule>
                                </r2:ScheduleDetail>
                            </r2:ScheduleDetailList>
                        </r2:SubProjectSchedule>
                    </r2:SubProjectScheduleList>
                </r2:R4aExhibit>
            </r2:Project>
            <r2:Project>
                <r2:ProjectNumber>064</r2:ProjectNumber>
                <r2:ProjectTitle>Nuclear Survivability</r2:ProjectTitle>
                <r2:SpecialProject>0</r2:SpecialProject>
                <r2:ProjectFunding>
                    <r2:AllPriorYears>0.000</r2:AllPriorYears>
                    <r2:PriorYear>2.501</r2:PriorYear>
                    <r2:CurrentYear>2.913</r2:CurrentYear>
                    <r2:BudgetYearOne>2.998</r2:BudgetYearOne>
                    <r2:BudgetYearOneBase>2.998</r2:BudgetYearOneBase>
                </r2:ProjectFunding>
                <r2:R2aExhibit>
                    <r2:ProjectMissionDescription>Nuclear Survivability will invest in innovative radiation hardening techniques to modernize microelectronics for strategic and space systems and increase the reliability of mission critical systems. This program will result in achieving key metrics, including improved understanding of radiation effects on advanced CMOS technologies; Radiation Hardened/Strategic radiation hardened parts qualified and available for space and strategic modernization; Improved mission critical systems reporting; and improved testing procedure guidance for extreme radiation environments.</r2:ProjectMissionDescription>
                    <r2:AccomplishmentPlannedProgramList>
                        <r2:AccomplishmentPlannedProgram>
                            <r2:Title>Nuclear Survivability Research &amp; Development</r2:Title>
                            <r2:Description>Many DoD mission-critical systems must survive and operate through one or more nuclear weapons effects (NWE) environments.  This requires assured DoD access to NWE-survivable components, materials, and the test and evaluation infrastructure to validate system performance.

This program will result in achieving key metrics, including improved understanding of radiation effects on advanced CMOS technologies; Radiation Hardened/Strategic radiation hardened parts qualified and available for space and strategic modernization; Improved mission critical systems reporting; and improved testing procedure guidance for extreme radiation environments.</r2:Description>
                            <r2:Accomplishment>
                                <r2:PriorYear>
                                    <r2:Funding>2.501</r2:Funding>
                                    <r2:Text>- Sponsor R&amp;D to better understand the effects of extreme radiation environments on state-of-the-art microelectronics to support nuclear modernization and improve radiation hardening by design.
- Modernize the reporting infrastructure for the CBRN Mission Critical Reports in accordance with requirements from DoDI 3150.09.
- Sponsor sustainment of trusted sources of supply and critical production lines for strategic radiation hardened microelectronics.  
- Increase access and reduce cost for technologies and materials that provide increased levels of survivability to the effects of nuclear weapons.</r2:Text>
                                </r2:PriorYear>
                            </r2:Accomplishment>
                            <r2:PlannedProgram>
                                <r2:CurrentYear>
                                    <r2:Funding>2.913</r2:Funding>
                                    <r2:Text>- Sponsor R&amp;D to better understand the effects of extreme radiation environments on state-of-the-art microelectronics to support nuclear modernization and improve radiation hardening by design.
- Sponsor R&amp;D to improve radiation hardening techniques leveraging novel additive manufacturing technology.
- Sponsor comparative study on electromagnetic pulse hardening techniques for critical infrastructure in support of Executive Order 13865 requirements. 
- Increase access and reduce cost for technologies and materials that provide increased levels of survivability to the effects of nuclear weapons.</r2:Text>
                                </r2:CurrentYear>
                                <r2:BudgetYearOne>
                                    <r2:Funding>2.998</r2:Funding>
                                </r2:BudgetYearOne>
                                <r2:BudgetYearOneBase>
                                    <r2:Funding>2.998</r2:Funding>
                                    <r2:Text>- Sponsor R&amp;D to better understand the effects of extreme radiation environments on state-of-the-art microelectronics to support nuclear modernization and improve radiation hardening by design.
- Sponsor R&amp;D to improve radiation hardening techniques leveraging novel additive manufacturing technology.
- Sponsor comparative study on electromagnetic pulse hardening techniques for critical infrastructure in support of Executive Order 13865 requirements. 
- Increase access and reduce cost for technologies and materials that provide increased levels of survivability to the effects of nuclear weapons.</r2:Text>
                                </r2:BudgetYearOneBase>
                                <r2:AppChangeSummary>FY 2025 to FY 2026 increase supports R&amp;D to improve radiation hardening techniques and a comparative study on electromagnetic pulse hardening techniques.</r2:AppChangeSummary>
                            </r2:PlannedProgram>
                        </r2:AccomplishmentPlannedProgram>
                    </r2:AccomplishmentPlannedProgramList>
                </r2:R2aExhibit>
                <r2:R3Exhibit>
                    <r2:CostCategoryGroupList>
                        <r2:CostCategoryGroup>
                            <r2:Name>Product Development</r2:Name>
                            <r2:CostCategoryItemList>
                                <r2:CostCategoryItem>
                                    <r2:Name>Nuclear Survivability</r2:Name>
                                    <r2:FundingVehicle>Various</r2:FundingVehicle>
                                    <r2:PerformingActivity>Various</r2:PerformingActivity>
                                    <r2:PerformingActivityLocation>Various</r2:PerformingActivityLocation>
                                    <r2:Cost>
                                        <r2:PriorYear>
                                            <r2:Amount>2.501</r2:Amount>
                                            <r2:AwardDate>2024-06</r2:AwardDate>
                                        </r2:PriorYear>
                                        <r2:CurrentYear>
                                            <r2:Amount>2.913</r2:Amount>
                                        </r2:CurrentYear>
                                        <r2:BudgetYearOne>
                                            <r2:Amount>2.998</r2:Amount>
                                        </r2:BudgetYearOne>
                                        <r2:BudgetYearOneBase>
                                            <r2:Amount>2.998</r2:Amount>
                                        </r2:BudgetYearOneBase>
                                    </r2:Cost>
                                </r2:CostCategoryItem>
                            </r2:CostCategoryItemList>
                        </r2:CostCategoryGroup>
                    </r2:CostCategoryGroupList>
                </r2:R3Exhibit>
                <r2:R4aExhibit>
                    <r2:SubProjectScheduleList>
                        <r2:SubProjectSchedule>
                            <r2:Title>Nuclear Survivability</r2:Title>
                            <r2:ScheduleDetailList>
                                <r2:ScheduleDetail>
                                    <r2:EventTitle>Nuclear Survivability</r2:EventTitle>
                                    <r2:Schedule>
                                        <r2:Start>
                                            <r2:Quarter>1</r2:Quarter>
                                            <r2:Year>2024</r2:Year>
                                        </r2:Start>
                                        <r2:End>
                                            <r2:Quarter>4</r2:Quarter>
                                            <r2:Year>2030</r2:Year>
                                        </r2:End>
                                    </r2:Schedule>
                                </r2:ScheduleDetail>
                            </r2:ScheduleDetailList>
                        </r2:SubProjectSchedule>
                    </r2:SubProjectScheduleList>
                </r2:R4aExhibit>
            </r2:Project>
        </r2:ProjectList>
    </r2:ProgramElement>
</r2:ProgramElementList>