<?xml version="1.0" encoding="UTF-8"?>
<r2:ProgramElementList xmlns:r2="http://www.dtic.mil/comptroller/xml/schema/022009/r2" targetSchemaVersion="1.0">
    <r2:ProgramElement monetaryUnit="Millions">
        <r2:ProgramElementNumber>0603781D8Z</r2:ProgramElementNumber>
        <r2:ProgramElementTitle>Software Engineering Institute (SEI)</r2:ProgramElementTitle>
        <r2:R1LineNumber>72</r2:R1LineNumber>
        <r2:BudgetYear>2026</r2:BudgetYear>
        <r2:BudgetCycle>PB</r2:BudgetCycle>
        <r2:SubmissionDate>2025-06</r2:SubmissionDate>
        <r2:ServiceAgencyName>Office of the Secretary Of Defense</r2:ServiceAgencyName>
        <r2:AppropriationCode>0400</r2:AppropriationCode>
        <r2:AppropriationName>Research, Development, Test &amp; Evaluation, Defense-Wide</r2:AppropriationName>
        <r2:BudgetActivityNumber>3</r2:BudgetActivityNumber>
        <r2:BudgetActivityTitle>Advanced Technology Development (ATD)</r2:BudgetActivityTitle>
        <r2:ProgramElementFunding>
            <r2:AllPriorYears>11.874</r2:AllPriorYears>
            <r2:PriorYear>15.747</r2:PriorYear>
            <r2:CurrentYear>16.982</r2:CurrentYear>
            <r2:BudgetYearOne>12.972</r2:BudgetYearOne>
            <r2:BudgetYearOneBase>12.972</r2:BudgetYearOneBase>
            <r2:CostToComplete>Continuing</r2:CostToComplete>
            <r2:TotalCost>Continuing</r2:TotalCost>
        </r2:ProgramElementFunding>
        <r2:ProgramElementNote>New Start (Y/N): No

This Software Engineering Institute (SEI) Advanced Technology Development Program Element (PE) applies the software and computer science concepts developed under the 0602751D8Z PE to research, develop, and rapidly transition state-of-the-art software technology, tools, development environments, and best practices to improve the engineering, management, fielding, evolution, acquisition, and sustainment of software-intensive Department of Defense (DoD) systems.</r2:ProgramElementNote>
        <r2:ProgramElementMissionDescription>This program supports the Departments initiatives to Build a Sustainable and Long-Term Advantage, and Build a Resilient Joint Force and Defense Ecosystem.

Software is more pervasive than ever, and computer programs are growing in size and complexity.  Designing, managing, and securing integrated, complex, and large-scale mission-critical systems are abilities that the Department of Defense (DoD) and the Defense Industrial Base (DIB) have not yet mastered.  Reliance on software-intensive mobile and net-based products and systems has increased (e.g., Joint Tactical Radio System, USS ZUMWALT (DDG-1000), Joint Strike Fighter, F-22, and Army Modernization).  As stated in the February 2018 Defense Science Board Report, “Design and Acquisition of Software for Defense Systems,” software is a crucial and growing part of weapons systems and the national security mission, and the DoD must address its ability to build and sustain software continuously and indefinitely.  With growing global parity in software engineering, the DoD must maintain leadership to ensure a competitive advantage.

The Carnegie-Mellon University Software Engineering Institute (SEI) Federally Funded Research and Development Center (FFRDC) was established in 1984 as an integral part of the DoD’s initiative to identify, evaluate, and transition software engineering technologies and practices.  The mission of the SEI is to provide the DoD with technical leadership and innovation through research and development to advance the practice of software engineering and technology.  The SEI works across government, industry, and academia to improve the state of software engineering from the technical, acquisition, and management perspectives.  The SEI engages in research and development of critical software technologies and tools and collaborates with the larger software engineering research community.  It facilitates rapid transition of software engineering technologies into practice and evaluates emerging software engineering technologies to determine their potential for improving software-intensive DoD systems.  Since its inception, the SEI has helped to transform the fields of software engineering and acquisition, network security, real-time systems, software architectures, and software-engineering process management.

The SEI Program Element (PE) addresses the critical need to research, develop, and rapidly transition state-of-the-art software technology, tools, development environments, and best practices to improve the engineering, management, fielding, evolution, acquisition, and sustainment of software-intensive DoD systems.  The research conducted by this PE directly benefits the technical domains, such as Command, Control, Communications, Computers, and Intelligence (C4I), Autonomy and Artificial Intelligence (AI), Cyber, and Engineered Resilient Systems.</r2:ProgramElementMissionDescription>
        <r2:ChangeSummary>
            <r2:PreviousPresidentBudget>
                <r2:PriorYear>16.699</r2:PriorYear>
                <r2:CurrentYear>16.982</r2:CurrentYear>
                <r2:BudgetYearOne>17.383</r2:BudgetYearOne>
                <r2:BudgetYearOneBase>17.383</r2:BudgetYearOneBase>
            </r2:PreviousPresidentBudget>
            <r2:CurrentPresidentBudget>
                <r2:PriorYear>15.747</r2:PriorYear>
                <r2:CurrentYear>16.982</r2:CurrentYear>
                <r2:BudgetYearOne>12.972</r2:BudgetYearOne>
                <r2:BudgetYearOneBase>12.972</r2:BudgetYearOneBase>
            </r2:CurrentPresidentBudget>
            <r2:TotalAdjustments>
                <r2:PriorYear>-0.952</r2:PriorYear>
                <r2:CurrentYear>0.000</r2:CurrentYear>
                <r2:BudgetYearOne>-4.411</r2:BudgetYearOne>
                <r2:BudgetYearOneBase>-4.411</r2:BudgetYearOneBase>
            </r2:TotalAdjustments>
            <r2:AdjustmentDetails>
                <r2:Reprogrammings>
                    <r2:PriorYear>-0.002</r2:PriorYear>
                </r2:Reprogrammings>
                <r2:SBIRSTTRTransfer>
                    <r2:PriorYear>-0.584</r2:PriorYear>
                </r2:SBIRSTTRTransfer>
                <r2:OtherAdjustmentDetailList>
                    <r2:OtherAdjustmentDetail>
                        <r2:Title>FFRDC reductions</r2:Title>
                        <r2:Funding>
                            <r2:PriorYear>-0.366</r2:PriorYear>
                            <r2:BudgetYearOne>-4.359</r2:BudgetYearOne>
                            <r2:BudgetYearOneBase>-4.359</r2:BudgetYearOneBase>
                        </r2:Funding>
                    </r2:OtherAdjustmentDetail>
                    <r2:OtherAdjustmentDetail>
                        <r2:Title>Economic Assumptions</r2:Title>
                        <r2:Funding>
                            <r2:BudgetYearOne>-0.052</r2:BudgetYearOne>
                            <r2:BudgetYearOneBase>-0.052</r2:BudgetYearOneBase>
                        </r2:Funding>
                    </r2:OtherAdjustmentDetail>
                </r2:OtherAdjustmentDetailList>
            </r2:AdjustmentDetails>
            <r2:SummaryExplanation>The FY 2026 request includes economic assumption reduction of -$0.052 million and FFRDC reduction of -$4.359 million.</r2:SummaryExplanation>
        </r2:ChangeSummary>
        <r2:ProjectList>
            <r2:Project>
                <r2:ProjectNumber>781</r2:ProjectNumber>
                <r2:ProjectTitle>Software Engineering Institute (SEI)</r2:ProjectTitle>
                <r2:SpecialProject>0</r2:SpecialProject>
                <r2:ProjectFunding>
                    <r2:AllPriorYears>11.874</r2:AllPriorYears>
                    <r2:PriorYear>15.747</r2:PriorYear>
                    <r2:CurrentYear>16.982</r2:CurrentYear>
                    <r2:BudgetYearOne>12.972</r2:BudgetYearOne>
                    <r2:BudgetYearOneBase>12.972</r2:BudgetYearOneBase>
                    <r2:CostToComplete>Continuing</r2:CostToComplete>
                    <r2:TotalCost>Continuing</r2:TotalCost>
                </r2:ProjectFunding>
                <r2:R2aExhibit>
                    <r2:ProjectMissionDescription>This project focuses on two main research thrusts with known military applications: (1) Software Engineering, Systems Verification and Validation, and Mission Assurance (formerly Mission Assurance); and (2) Information Assurance.

SEI research focuses on the most significant and pervasive software challenges within the DoD, such as the scalability and reliability of software assurance, supply chain risk management, validation of and trust in autonomous systems, human-computer and human-technology teaming and interaction, computing and communication at the tactical edge, and efficiency and performance of acquisition strategies and software development appropriate for a contested cyber environment.</r2:ProjectMissionDescription>
                    <r2:AccomplishmentPlannedProgramList>
                        <r2:AccomplishmentPlannedProgram>
                            <r2:Title>SEI Advanced Technology Development in the Area of Software Engineering, Systems Verification and Validation, and Mission Assurance</r2:Title>
                            <r2:Description>This research seeks to mature and rapidly prototype techniques to verify methods for identifying requirements, systems of systems architectures, and virtual integration of components.  Furthermore, research in this area will pursue rapid prototyping and transitioning of capabilities that verify requirements for software assurance, analysis/control of unverified code and automated repair of damaged code.  Software production and code analysis methods developed through this program will also improve the ability to predict how complex software systems, including AI-enabled systems, will behave in untested environments.  Increasingly, large numbers of lines of code and the addition of machine-learning techniques will require a commensurate increase in sophisticated verification and validation mechanisms.</r2:Description>
                            <r2:Accomplishment>
                                <r2:PriorYear>
                                    <r2:Funding>13.950</r2:Funding>
                                    <r2:Text>Integrate techniques in system measurement, software development and operations, and model based systems engineering for an automated assessment, modeling, and software deployment process.  Focus on strategies for resilience and mission assurance in large complex infrastructures and develop prototype systems that can be transitioned and tested into DoD applications from cloud to embedded systems.</r2:Text>
                                </r2:PriorYear>
                            </r2:Accomplishment>
                            <r2:PlannedProgram>
                                <r2:CurrentYear>
                                    <r2:Funding>15.118</r2:Funding>
                                    <r2:Text>Integrate techniques in automated learning for system measurement, software Development and Operations, and model-based systems engineering for an automated assessment, modeling, and software deployment process. Focus on strategies for resilience and mission assurance in large complex infrastructures and develop prototype systems that can be transition and tested into DoD applications from cloud to embedded systems.</r2:Text>
                                </r2:CurrentYear>
                                <r2:BudgetYearOne>
                                    <r2:Funding>11.104</r2:Funding>
                                </r2:BudgetYearOne>
                                <r2:BudgetYearOneBase>
                                    <r2:Funding>11.104</r2:Funding>
                                    <r2:Text>Leverage AI generated software methods to automate software systems composition. Validate the results of the systems composition using statistical and graph theoretic methods including model-based systems engineering.</r2:Text>
                                </r2:BudgetYearOneBase>
                                <r2:AppChangeSummary>The decrease of $4.014 million between FY 2025 and FY 2026 reflects FFRDC reductions and economic assumptions.</r2:AppChangeSummary>
                            </r2:PlannedProgram>
                        </r2:AccomplishmentPlannedProgram>
                        <r2:AccomplishmentPlannedProgram>
                            <r2:Title>SEI Advanced Technology Development in the Area of Information Assurance</r2:Title>
                            <r2:Description>Powerful machine learning algorithms can be subverted by malicious manipulation or falsification of software and data collected through normal channels.  Algorithms must be trusted and effective in the presence of adversaries.  This thrust seeks to defend against and minimize the impacts of information falsification attacks.</r2:Description>
                            <r2:Accomplishment>
                                <r2:PriorYear>
                                    <r2:Funding>1.797</r2:Funding>
                                    <r2:Text>Enable combined risk analysis between software, machine learning, and cyber security to enable assessment and management of automated systems.  These risk metrics will be introduced to a variety of DoD applications from system assessment, to enterprise cloud analytics, and legacy embedded systems.</r2:Text>
                                </r2:PriorYear>
                            </r2:Accomplishment>
                            <r2:PlannedProgram>
                                <r2:CurrentYear>
                                    <r2:Funding>1.864</r2:Funding>
                                    <r2:Text>Enable combined distributional machine learning for risk analysis between software, machine learning, and cyber security to enable assessment and management of automated systems. These risk metrics will be introduced to a variety of DoD applications from system assessment, to enterprise cloud analytics, and legacy embedded systems.</r2:Text>
                                </r2:CurrentYear>
                                <r2:BudgetYearOne>
                                    <r2:Funding>1.868</r2:Funding>
                                </r2:BudgetYearOne>
                                <r2:BudgetYearOneBase>
                                    <r2:Funding>1.868</r2:Funding>
                                    <r2:Text>Understanding the effect of training data sets on software system generation and develop methodologies to show how software integration and information service composition can be improved and validated through training data curation.</r2:Text>
                                </r2:BudgetYearOneBase>
                                <r2:AppChangeSummary>The increase of $0.004 between FY 2025 and FY 2026 reflect minor budget fluctuations.</r2:AppChangeSummary>
                            </r2:PlannedProgram>
                        </r2:AccomplishmentPlannedProgram>
                    </r2:AccomplishmentPlannedProgramList>
                    <r2:OtherProgramFundingSummaryList>
                        <r2:OtherProgramFundingSummary>
                            <r2:LineItem>BA 2, RDT&amp;E, PE # 0602751D8Z</r2:LineItem>
                            <r2:Title>Software Engineering Institute Applied Research</r2:Title>
                            <r2:Funding>
                                <r2:PriorYear>10.535</r2:PriorYear>
                                <r2:CurrentYear>11.310</r2:CurrentYear>
                                <r2:BudgetYearOne>8.883</r2:BudgetYearOne>
                                <r2:BudgetYearOneBase>8.883</r2:BudgetYearOneBase>
                                <r2:BudgetYearTwo>11.812</r2:BudgetYearTwo>
                                <r2:BudgetYearThree>12.068</r2:BudgetYearThree>
                                <r2:BudgetYearFour>12.309</r2:BudgetYearFour>
                                <r2:BudgetYearFive>12.568</r2:BudgetYearFive>
                                <r2:CostToComplete>Continuing</r2:CostToComplete>
                                <r2:TotalCost>Continuing</r2:TotalCost>
                            </r2:Funding>
                        </r2:OtherProgramFundingSummary>
                    </r2:OtherProgramFundingSummaryList>
                    <r2:AcquisitionStrategy>N/A</r2:AcquisitionStrategy>
                </r2:R2aExhibit>
            </r2:Project>
        </r2:ProjectList>
    </r2:ProgramElement>
</r2:ProgramElementList>