<?xml version="1.0" encoding="UTF-8"?>
<r2:ProgramElementList xmlns:r2="http://www.dtic.mil/comptroller/xml/schema/022009/r2" targetSchemaVersion="1.0">
    <r2:ProgramElement monetaryUnit="Millions">
        <r2:ProgramElementNumber>0603000D8Z</r2:ProgramElementNumber>
        <r2:ProgramElementTitle>Joint Munitions Advanced Technology</r2:ProgramElementTitle>
        <r2:R1LineNumber>33</r2:R1LineNumber>
        <r2:BudgetYear>2026</r2:BudgetYear>
        <r2:BudgetCycle>PB</r2:BudgetCycle>
        <r2:SubmissionDate>2025-06</r2:SubmissionDate>
        <r2:ServiceAgencyName>Office of the Secretary Of Defense</r2:ServiceAgencyName>
        <r2:AppropriationCode>0400</r2:AppropriationCode>
        <r2:AppropriationName>Research, Development, Test &amp; Evaluation, Defense-Wide</r2:AppropriationName>
        <r2:BudgetActivityNumber>3</r2:BudgetActivityNumber>
        <r2:BudgetActivityTitle>Advanced Technology Development (ATD)</r2:BudgetActivityTitle>
        <r2:ProgramElementFunding>
            <r2:AllPriorYears>33.577</r2:AllPriorYears>
            <r2:PriorYear>39.486</r2:PriorYear>
            <r2:CurrentYear>39.394</r2:CurrentYear>
            <r2:BudgetYearOne>50.663</r2:BudgetYearOne>
            <r2:BudgetYearOneBase>50.663</r2:BudgetYearOneBase>
            <r2:CostToComplete>Continuing</r2:CostToComplete>
            <r2:TotalCost>Continuing</r2:TotalCost>
        </r2:ProgramElementFunding>
        <r2:ProgramElementNote>New Start (Y/N): No</r2:ProgramElementNote>
        <r2:ProgramElementMissionDescription>This program supports the Department's priority to reestablish deterrence through developing and demonstrating munitions technologies that deliver crosscutting capabilities to the Services to solve operational and mission-focused challenges. 

The Joint Enhanced Munitions Technology Program (JEMTP), within the Office of the Under Secretary of Defense for Research and Engineering (OUSD(R&amp;E)), was established to develop and demonstrate munitions enhancing technologies (energetics, warheads, propulsion systems, advanced lethality mechanisms, fuzes and fuze components, and target detection), to transition future kinetic fires capabilities and ensure lethality advantage for U.S. warfighters.  The JEMTP concentrates on cross-cutting, all-domain munitions technology needs that benefit multiple services.  JEMTP investments focus on increasing and improving the performance, lethality, range, and survivability of existing and future weapons systems.  The program’s technology investment and munitions application strategy are informed by threat-opportunity based analysis from Joint Force campaign scenarios. The advancements through JEMTP provide capabilities that impact a wide range of munitions including One-Way Attack, Counter-small UAS technologies, and munitions that may be utilized for Homeland Missile Defense. The JEMTP program also delivers technologies that support munitions and energetics organic industrial base resiliency and increased production rates of critical weapon systems.

The JEMTP activities within Program Element 0603000D8Z are executed under two Project Codes: 077 - Enhanced Advanced Munitions Technology and 356 – Energetics Advanced Technologies.

Project Code 077 - The Enhanced Munitions Advanced Technology Project demonstrates critical munitions technologies including advanced fuzing, power sources, seeker technologies, and counter-countermeasure technologies that combine with Energetics Advanced Technologies to provide increases to munitions performance and survivability.

Project Code 356 – The Energetics Advanced Technology Project supports DoD strategies for advanced energetics and enables the transition of higher performance explosives and propellants for U.S. munitions and delivers new technologies supporting a resilient manufacturing base.    The project delivers weapon capabilities through highly lethal warheads and propulsion systems with greater range and speed. The project starts investments in FY 2026 of CL-20 advanced energetic development and formulation scale-up for incorporation into weapon systems.  Also in FY 2026, the project incorporates investment in area effects, focusing on maturing the High Reliability Cluster Munition concept for demonstration and transition.</r2:ProgramElementMissionDescription>
        <r2:ChangeSummary>
            <r2:PreviousPresidentBudget>
                <r2:PriorYear>37.706</r2:PriorYear>
                <r2:CurrentYear>41.072</r2:CurrentYear>
                <r2:BudgetYearOne>38.779</r2:BudgetYearOne>
                <r2:BudgetYearOneBase>38.779</r2:BudgetYearOneBase>
            </r2:PreviousPresidentBudget>
            <r2:CurrentPresidentBudget>
                <r2:PriorYear>39.486</r2:PriorYear>
                <r2:CurrentYear>39.394</r2:CurrentYear>
                <r2:BudgetYearOne>50.663</r2:BudgetYearOne>
                <r2:BudgetYearOneBase>50.663</r2:BudgetYearOneBase>
            </r2:CurrentPresidentBudget>
            <r2:TotalAdjustments>
                <r2:PriorYear>1.780</r2:PriorYear>
                <r2:CurrentYear>-1.678</r2:CurrentYear>
                <r2:BudgetYearOne>11.884</r2:BudgetYearOne>
                <r2:BudgetYearOneBase>11.884</r2:BudgetYearOneBase>
            </r2:TotalAdjustments>
            <r2:AdjustmentDetails>
                <r2:CongressionalGeneralReductions>
                    <r2:PriorYear>-2.823</r2:PriorYear>
                </r2:CongressionalGeneralReductions>
                <r2:CongressionalAdds>
                    <r2:PriorYear>5.000</r2:PriorYear>
                </r2:CongressionalAdds>
                <r2:Reprogrammings>
                    <r2:PriorYear>-0.004</r2:PriorYear>
                </r2:Reprogrammings>
                <r2:SBIRSTTRTransfer>
                    <r2:PriorYear>-0.393</r2:PriorYear>
                </r2:SBIRSTTRTransfer>
                <r2:OtherAdjustmentDetailList>
                    <r2:OtherAdjustmentDetail>
                        <r2:Title>Program Adjustments</r2:Title>
                        <r2:Funding>
                            <r2:CurrentYear>-1.678</r2:CurrentYear>
                            <r2:BudgetYearOne>12.000</r2:BudgetYearOne>
                            <r2:BudgetYearOneBase>12.000</r2:BudgetYearOneBase>
                        </r2:Funding>
                    </r2:OtherAdjustmentDetail>
                    <r2:OtherAdjustmentDetail>
                        <r2:Title>Economic Assumptions</r2:Title>
                        <r2:Funding>
                            <r2:BudgetYearOne>-0.116</r2:BudgetYearOne>
                            <r2:BudgetYearOneBase>-0.116</r2:BudgetYearOneBase>
                        </r2:Funding>
                    </r2:OtherAdjustmentDetail>
                </r2:OtherAdjustmentDetailList>
            </r2:AdjustmentDetails>
            <r2:SummaryExplanation>The FY 2026 request includes $5.000 million for High Reliability Cluster Munitions (HRCM) Development and Demonstration in Precision Strike Missile (PrSM), $12.000 million for CL-20 Development, Production, and Integration, and economic assumption reduction of -$0.116 million.</r2:SummaryExplanation>
        </r2:ChangeSummary>
        <r2:ProjectList>
            <r2:Project>
                <r2:ProjectNumber>077</r2:ProjectNumber>
                <r2:ProjectTitle>Enhanced Munitions Advanced Technology</r2:ProjectTitle>
                <r2:SpecialProject>0</r2:SpecialProject>
                <r2:ProjectFunding>
                    <r2:AllPriorYears>33.577</r2:AllPriorYears>
                    <r2:PriorYear>39.486</r2:PriorYear>
                    <r2:CurrentYear>8.681</r2:CurrentYear>
                    <r2:BudgetYearOne>8.433</r2:BudgetYearOne>
                    <r2:BudgetYearOneBase>8.433</r2:BudgetYearOneBase>
                    <r2:CostToComplete>Continuing</r2:CostToComplete>
                    <r2:TotalCost>Continuing</r2:TotalCost>
                </r2:ProjectFunding>
                <r2:R2aExhibit>
                    <r2:ProjectMissionDescription>The Enhanced Munitions Advanced Technology project demonstrates advanced technologies that improve the performance, range, and lethality of existing and future weapons systems.  This effort takes promising technologies demonstrated at the laboratory scale and matures them into demonstration programs with a focus on operationally relevant key munitions.  Enhanced Munitions technologies that are matured and demonstrated at Technology Readiness Level 5 inform service requirements and transition into operational use, thereby decreasing program executive office program cost and risk.  In FY 2026, the project continues the development of critical munitions technologies, such as advanced materials and designs, fuzing, power sources, seeker technologies, and counter countermeasure technologies that, when combined with advanced energetics, provide significant performance enhancements in range, speed, and target damage effects.

This project applies machine learning, artificial intelligence, and advanced material technologies to inform and refine research efforts and enable next-generation kinetic weapons capabilities, including advances in propulsion, warhead effects, fuze technologies, and targeting technologies.  

In FY 2026, the Munitions Advanced Technology project continues to address the critical munitions technologies that are necessary for realizing weapon performance improvements particularly for low-cost alternative munitions and defensive munitions. Increases in weapon range and run time require higher energy density power sources for guidance, seekers, and other subsystems.  Lethality increases are not only dependent on advanced energetics, but also depend on optimized munitions placement, burst point control, and survivable fuzing.  Operations in highly contested scenarios also require technical resiliency, with systems capable of defeating adversary kinetic and non-kinetic countermeasures.

In FY 2026, the Munitions Advanced Technology project will continue to address the critical munitions technologies that are necessary for realizing performance improvements from Energetics Advanced Technology investments. Increases in weapon range and run time require higher energy density power sources for guidance, seekers, and other subsystems.  Lethality increases are not only dependent on advanced energetics, but also depend on optimized munitions placement, burst point control, and survivable fuzing.  Operations in contested environments requires technical resiliency, with systems capable of defeating adversary kinetic and non-kinetic countermeasures.</r2:ProjectMissionDescription>
                    <r2:CongressionalAddDetailList>
                        <r2:CongressionalAddDetail>
                            <r2:Title>Energetics Acceleration</r2:Title>
                            <r2:PriorYear>
                                <r2:Funding>2.177</r2:Funding>
                                <r2:Text>- Developed and demonstrated optimized warhead through application of advanced energetic materials with updated system design.
- Accelerated development and research of CL-20 applications in  propulsion systems and explosive materials through DoD and Industry collaboration and teaming.
- Conducted scale-up of advanced energetics formulations at  DoD organic manufacturing sites.</r2:Text>
                            </r2:PriorYear>
                        </r2:CongressionalAddDetail>
                    </r2:CongressionalAddDetailList>
                    <r2:AccomplishmentPlannedProgramList>
                        <r2:AccomplishmentPlannedProgram>
                            <r2:Title>Enhanced Munitions Advanced Technology</r2:Title>
                            <r2:Description>The project investments are focused in advancing munitions capabilities in kinetic lethality effects, propulsion systems, target detection and burst point control, and weapon survivability.  The selected efforts are derived from the operationally informed, Department of Defense Munitions S&amp;T Strategic Priorities, focused on cross-cutting technologies that are broadly applicable including low-cost, high-volume production munitions.</r2:Description>
                            <r2:Accomplishment>
                                <r2:PriorYear>
                                    <r2:Funding>22.309</r2:Funding>
                                    <r2:Text>- Begin executing technology development Department-wide/Industry/Academia collaboration that accelerates the transition and application of emergent advanced munitions materials and capabilities.
- Develop high energy fuel formulations and variable nozzle technologies for ramjet propulsion to increase future missile range and speed.
- Continue developing munitions precision placement and fuzing technologies to enhance lethal effects in same or smaller munitions form factor.
- Complete development of high-resolution height of burst radar using Multiple Input Multiple Output (MIMO) technology.  
- Develop advanced miniature fuzing and modular thermal battery systems for improved performance, reduced size/weight, and improved producibility
- Develop advanced energetics - alternate production methods, virtual testing and qualification, and for application in higher performance (range, speed lethality) munitions.</r2:Text>
                                </r2:PriorYear>
                            </r2:Accomplishment>
                            <r2:PlannedProgram>
                                <r2:CurrentYear>
                                    <r2:Funding>8.681</r2:Funding>
                                    <r2:Text>- Complete development and testing of munitions precision placement, initiation and fuzing technologies that enhance lethal effects in small form factor munitions including rockets and weaponized unmanned air vehicles.
- Conduct flight validation test of high-resolution height of burst radar using Multiple Input Multiple Output (MIMO).  
- Demonstrate munitions miniature and modular thermal battery prototype in representative environment testing.</r2:Text>
                                </r2:CurrentYear>
                                <r2:BudgetYearOne>
                                    <r2:Funding>8.433</r2:Funding>
                                </r2:BudgetYearOne>
                                <r2:BudgetYearOneBase>
                                    <r2:Funding>8.433</r2:Funding>
                                    <r2:Text>- Conduct demonstration testing of target tracking proximity fuze RADAR technology that enhances weapon fuzing and timing accuracy against air targets.  
- Develop and evaluate additively manufactured reserve liquid battery technology demonstrators for enhancing munition power source operation time  and reliability. 
- Complete dynamic testing of low drag mid-body inlets for air breathing propulsion systems that increase missile range, speed and maneuverability.
- Conduct program applying warhead dynamic triggering technology in flight test demonstrators for increased target engagement lethality and reduces salvo size.</r2:Text>
                                </r2:BudgetYearOneBase>
                                <r2:AppChangeSummary>The decrease of $0.248 million between FY 2025 and FY 2026 is due to minor budget fluctuations.</r2:AppChangeSummary>
                            </r2:PlannedProgram>
                        </r2:AccomplishmentPlannedProgram>
                        <r2:AccomplishmentPlannedProgram>
                            <r2:Title>High Reliability Cluster Munition</r2:Title>
                            <r2:Description>Execute enhanced area effects munitions technology development with transition into weapon demonstrators.</r2:Description>
                            <r2:Accomplishment>
                                <r2:PriorYear>
                                    <r2:Funding>15.000</r2:Funding>
                                    <r2:Text>- With a focus on modular architecture for maximum applicability across the Joint Service, continue to develop missile technology using submunitions and sensor fused weapons that deliver distributed area effects against widely dispersed, moving, and/or poorly located targets.
- Begin evaluating technologies to optimize distributed munitions expulsion and dispersion against operationally relevant target scenarios.
- Continue development and testing of precision target detection and advanced energetics/warhead technologies to enhance lethality.</r2:Text>
                                </r2:PriorYear>
                            </r2:Accomplishment>
                        </r2:AccomplishmentPlannedProgram>
                    </r2:AccomplishmentPlannedProgramList>
                </r2:R2aExhibit>
            </r2:Project>
            <r2:Project>
                <r2:ProjectNumber>356</r2:ProjectNumber>
                <r2:ProjectTitle>Energetics Advanced Technology</r2:ProjectTitle>
                <r2:SpecialProject>0</r2:SpecialProject>
                <r2:ProjectFunding>
                    <r2:AllPriorYears>0.000</r2:AllPriorYears>
                    <r2:PriorYear>0.000</r2:PriorYear>
                    <r2:CurrentYear>30.713</r2:CurrentYear>
                    <r2:BudgetYearOne>42.230</r2:BudgetYearOne>
                    <r2:BudgetYearOneBase>42.230</r2:BudgetYearOneBase>
                    <r2:CostToComplete>Continuing</r2:CostToComplete>
                    <r2:TotalCost>Continuing</r2:TotalCost>
                </r2:ProjectFunding>
                <r2:R2aExhibit>
                    <r2:ProjectMissionDescription>U.S. weapons systems still largely rely on decades-old explosive and propellant technologies that limit Joint Force options to deter, and if necessary, defeat adversaries in conflict.  The Energetics Technology project was established to expedite investigation, research, and transition of novel energetics materials, chemicals, and processes that enable improvements to existing and future munitions performance.  The investments and efforts under this project enable modern manufacturing and processing while helping to bolster U.S. energetics supply chain resiliency.  The Joint Enhanced Munitions Technology Program, Services, and OUSD(R&amp;E) munitions stakeholders collaborate to generate technology roadmaps for advanced energetic research and development that include high-energy materials, such as CL-20, and missile delivered submunitions and payloads.</r2:ProjectMissionDescription>
                    <r2:AccomplishmentPlannedProgramList>
                        <r2:AccomplishmentPlannedProgram>
                            <r2:Title>Energetics Advanced Technology</r2:Title>
                            <r2:Description>Funded efforts are driven by program office, service, and operational needs as outlined and planned within the DoD Munitions S&amp;T Strategic Priorities and technology gaps identified through rigorous threat assessment and operational evaluation.  The project investments are focused in advanced energetics formulation, material scale-up, and demonstration of enhanced performance of propulsion and warhead systems.  The project is partnered with the energetics industry and manufacturing base to accelerate new high energy explosives and propellant demonstration and transition.  Efforts include advanced energetics formulation maturation using efficient, flexible, and adaptable processes; manufacturing at pilot-scale to deliver quantities for prototype scale testing and demonstration; and targeted munitions demonstrations using advanced energetics to quantify performance.</r2:Description>
                            <r2:PlannedProgram>
                                <r2:CurrentYear>
                                    <r2:Funding>30.713</r2:Funding>
                                    <r2:Text>The project executes its mission by strategically expanding development of advanced energetics capability and improved industrial base capacity through novel processes and formulations:

The project initiatives include:
- Begin development of production methods for advance energetic ingredients and formulations with a focus on CL-20 compound production capacity, cost reduction, and formulation development.  
- Develop processing technologies using biomanufacturing byproducts streams and synthesize two energetics ingredients of interest at laboratory scale.
- Develop advanced energetics material using end to end laboratory and pilot scale manufacturing through modern, continuous methods that use digital feedback and quality by design/control.
- Conduct laboratory and subscale testing by combining advanced energetics with novel propulsion and warhead designs and demonstrate increased performance – target lethality, range and speed.
- Begin development of machine learning modeling and simulation tools to allow optimization of energetics material formulation and processing.
- Apply advanced energetics formulations, including CL-20, for missile delivered submunitions payload development that provide enhanced area effects and target defeat capabilities.
- Begin testing and demonstration of missile submunitions advanced energetics payloads with precision targeting and effector technologies.</r2:Text>
                                </r2:CurrentYear>
                                <r2:BudgetYearOne>
                                    <r2:Funding>30.230</r2:Funding>
                                </r2:BudgetYearOne>
                                <r2:BudgetYearOneBase>
                                    <r2:Funding>30.230</r2:Funding>
                                    <r2:Text>-  Demonstrate and deliver, for scale-up production, advanced energetic materials for munitions evaluation testing using end to end laboratory and pilot scale manufacturing through modern, continuous methods.
- Conduct validation testing of advanced energetics combined with novel propulsion and warhead designs and demonstrate increased performance in lethality, range and speed.
- Develop and test multiple effects explosives and warhead design to enhance overall weapon to target lethality.
- Develop and test topology-optimized additively manufactured propellants that reduces rocket motor volume by 30% while maintaining performance.
- Develop and conduct sub-scale testing of novel pulsed motors that enhance missile range and speed. 
- Begin to develop advanced energetics filled, minimum signature propellants for extended range tactical missiles.
- Conduct in-water testing of survivable anti-maritime missile ordnance packages. 
- Complete lethality validation testing of submunitions with advanced energetics and CL-20 explosives.</r2:Text>
                                </r2:BudgetYearOneBase>
                                <r2:AppChangeSummary>The decrease of $0.483 million between FY 2025 and FY 2026 reflects minor budget fluctuations.</r2:AppChangeSummary>
                            </r2:PlannedProgram>
                        </r2:AccomplishmentPlannedProgram>
                        <r2:AccomplishmentPlannedProgram>
                            <r2:Title>CL-20 Development, Production, and Integration</r2:Title>
                            <r2:Description>Compared to current energetics/explosive ingredients used in U.S. munitions, CL-20 is a higher energy, more powerful explosive ingredient.  CL-20 presents opportunities for U.S. Weapon designers to create more lethal, longer-reaching munitions that out-pace adversary capabilities. Efforts under this activity will close the knowledge gaps and mature CL-20 explosive and propellent formulations through material qualification for transition to munitions prototyping, demonstration and manufacturing.</r2:Description>
                            <r2:Accomplishment>
                                <r2:PriorYear>
                                    <r2:Funding>0.000</r2:Funding>
                                </r2:PriorYear>
                            </r2:Accomplishment>
                            <r2:PlannedProgram>
                                <r2:BudgetYearOne>
                                    <r2:Funding>12.000</r2:Funding>
                                </r2:BudgetYearOne>
                                <r2:BudgetYearOneBase>
                                    <r2:Funding>12.000</r2:Funding>
                                    <r2:Text>- Provide weapon designers the most capable, safe, and reliable CL-20 material as a critical component and the technical data and material models to support its incorporation into systems. Conduct the chemistry and materials science of CL-20, which requires a planned effort to fully determine basic physical properties and to mature propellant and explosive formulations using CL-20. 
- Develop U.S. Military Specifications for CL-20 that meets broader Department of Defense requirements and defines the necessary parameters to produce high quality, low sensitivity CL-20 feedstocks for reproducible explosive and propellant formulations at production scales. 
- Mature CL-20-based formulations for qualification in preparation for their incorporation into munitions. Conduct assessments of the most promising formulations to inform focused efforts and scale up for development.</r2:Text>
                                </r2:BudgetYearOneBase>
                                <r2:AppChangeSummary>The FY 2026 $12.000 increase for CL-20 Development, Production, and Integration is consistent with Department priorities.</r2:AppChangeSummary>
                            </r2:PlannedProgram>
                        </r2:AccomplishmentPlannedProgram>
                        <r2:AccomplishmentPlannedProgram>
                            <r2:Title>High Reliability Cluster Munitions (HRCM) Development and Prototype Demonstration</r2:Title>
                            <r2:Description>FY 2026, the project conducts technology maturation and applies advanced energetics submunitions payloads concepts in High Reliability Cluster Munitions (HRCM) for transition into advanced missile prototype demonstration. The effort incorporates modular architecture and expulsion design capable of delivering and dispensing multiple munitions against various targets from a single missile.</r2:Description>
                            <r2:Accomplishment>
                                <r2:PriorYear>
                                    <r2:Funding>0.000</r2:Funding>
                                </r2:PriorYear>
                            </r2:Accomplishment>
                            <r2:PlannedProgram>
                                <r2:BudgetYearOne>
                                    <r2:Funding>0.000</r2:Funding>
                                </r2:BudgetYearOne>
                                <r2:BudgetYearOneBase>
                                    <r2:Funding>0.000</r2:Funding>
                                    <r2:Text>- Develop missile delivered submunitions by integrating fuzing, warhead, and payload technologies into ordnance package and validate lethality and effectiveness. 
- Mature dispensed submunition vehicle design and validate through flight test evaluation to support transition into missile demonstrations.
- Mature and evaluate missile delivered submunition expulsion and dispersion designs to validate survivability and delivery of the submunitions.</r2:Text>
                                </r2:BudgetYearOneBase>
                                <r2:AppChangeSummary>The FY 2026 increase of $5.000 million for High Reliability Cluster Munitions development and Demonstration in Precision Strike Missile is consistent with Department priorities.</r2:AppChangeSummary>
                            </r2:PlannedProgram>
                        </r2:AccomplishmentPlannedProgram>
                    </r2:AccomplishmentPlannedProgramList>
                    <r2:OtherProgramFundingSummaryList>
                        <r2:OtherProgramFundingSummary>
                            <r2:LineItem>0602000D8Z</r2:LineItem>
                            <r2:Title>Joint Munitions Technology</r2:Title>
                            <r2:Funding>
                                <r2:PriorYear>17.241</r2:PriorYear>
                                <r2:CurrentYear>19.373</r2:CurrentYear>
                                <r2:BudgetYearOne>19.792</r2:BudgetYearOne>
                                <r2:BudgetYearOneBase>19.792</r2:BudgetYearOneBase>
                                <r2:BudgetYearOneOOC>0.000</r2:BudgetYearOneOOC>
                                <r2:BudgetYearTwo>20.206</r2:BudgetYearTwo>
                                <r2:BudgetYearThree>20.645</r2:BudgetYearThree>
                                <r2:BudgetYearFour>21.056</r2:BudgetYearFour>
                                <r2:BudgetYearFive>21.499</r2:BudgetYearFive>
                                <r2:CostToComplete>Continuing</r2:CostToComplete>
                                <r2:TotalCost>Continuing</r2:TotalCost>
                            </r2:Funding>
                        </r2:OtherProgramFundingSummary>
                    </r2:OtherProgramFundingSummaryList>
                </r2:R2aExhibit>
            </r2:Project>
        </r2:ProjectList>
    </r2:ProgramElement>
</r2:ProgramElementList>