<?xml version="1.0" encoding="UTF-8"?>
<r2:ProgramElementList xmlns:r2="http://www.dtic.mil/comptroller/xml/schema/022009/r2" targetSchemaVersion="1.0">
    <r2:ProgramElement monetaryUnit="Millions">
        <r2:ProgramElementNumber>0603225D8Z</r2:ProgramElementNumber>
        <r2:ProgramElementTitle>Joint DoD-DoE Munitions Technology Development</r2:ProgramElementTitle>
        <r2:R1LineNumber>45</r2:R1LineNumber>
        <r2:BudgetYear>2026</r2:BudgetYear>
        <r2:BudgetCycle>PB</r2:BudgetCycle>
        <r2:SubmissionDate>2025-06</r2:SubmissionDate>
        <r2:ServiceAgencyName>Office of the Secretary Of Defense</r2:ServiceAgencyName>
        <r2:AppropriationCode>0400</r2:AppropriationCode>
        <r2:AppropriationName>Research, Development, Test &amp; Evaluation, Defense-Wide</r2:AppropriationName>
        <r2:BudgetActivityNumber>3</r2:BudgetActivityNumber>
        <r2:BudgetActivityTitle>Advanced Technology Development (ATD)</r2:BudgetActivityTitle>
        <r2:ProgramElementFunding>
            <r2:AllPriorYears>18.291</r2:AllPriorYears>
            <r2:PriorYear>18.553</r2:PriorYear>
            <r2:CurrentYear>19.826</r2:CurrentYear>
            <r2:BudgetYearOne>35.505</r2:BudgetYearOne>
            <r2:BudgetYearOneBase>35.505</r2:BudgetYearOneBase>
            <r2:CostToComplete>Continuing</r2:CostToComplete>
            <r2:TotalCost>Continuing</r2:TotalCost>
        </r2:ProgramElementFunding>
        <r2:ProgramElementNote>New Start (Y/N): No</r2:ProgramElementNote>
        <r2:ProgramElementMissionDescription>This program supports the Department's initiatives to Reestablish Deterrence, Prevail in Conflict, Defend the Homeland, and Build Sustainable and Long-Term Advantages. 

The mission of the Joint DoD/DOE Munitions Technology Development Program (JMP) is to develop new and innovative science and technology (S&amp;T) to enable significant advancements in the state-of-the-art for conventional munitions.  The JMP portfolio comprises essential, cross-cutting, and foundational S&amp;T investments that enable future force operational capabilities in the near, mid, and far term. Additionally, JMP’s efforts form the foundation of DoD munitions research design, testing, and manufacturing.

A memorandum of understanding between the Department of Defense and the Department of Energy provides the basis for the cooperative effort and for cost sharing the mutually beneficial technology munitions advancements.  The funding budgeted by the DoD to this program are matched, at a minimum, dollar for dollar by the DOE.  Through this interdepartmental cooperation, the DoD leverages DOE’s substantial investments in intellectual capital, highly specialized skills, advanced scientific equipment and facilities, and computational tools not available within the DoD.  This includes developing computational tools, which leverage AI technologies to aid munitions designers in developing novel high entropy alloys, advanced energetics, and fast running damage models for improved assessment of maritime lethality. These advancements through JMP provide foundational capabilities that impact a wide range of munitions including  One-Way Attack, counter-small UAS technologies, and munitions that may be utilized for Homeland Missile Defense. The integration of DOE technologies with DoD Joint Services’ needs has provided major advances in munition capabilities over many years and continues to play a crucial role in the exploration, development, and transition of new technologies needed by the services. 

The JMP has established a successful collaborative munitions community of DoD and DOE scientists and engineers that develop technologies of interest to both Departments.  A structured cadence of threat informed requirements development, Joint Service informed portfolio development, and bi-annual technical reviews ensure that the JMP’s investments address high-priority DoD gaps, needs, and challenges.  The JMP portfolio is organized into four Technology Coordination Groups (TCG), led by DoD Service laboratory subject matter experts, which evaluate each project’s technical progress and continued relevance to the mission.</r2:ProgramElementMissionDescription>
        <r2:ChangeSummary>
            <r2:PreviousPresidentBudget>
                <r2:PriorYear>19.567</r2:PriorYear>
                <r2:CurrentYear>19.826</r2:CurrentYear>
                <r2:BudgetYearOne>20.265</r2:BudgetYearOne>
                <r2:BudgetYearOneBase>20.265</r2:BudgetYearOneBase>
            </r2:PreviousPresidentBudget>
            <r2:CurrentPresidentBudget>
                <r2:PriorYear>18.553</r2:PriorYear>
                <r2:CurrentYear>19.826</r2:CurrentYear>
                <r2:BudgetYearOne>35.505</r2:BudgetYearOne>
                <r2:BudgetYearOneBase>35.505</r2:BudgetYearOneBase>
            </r2:CurrentPresidentBudget>
            <r2:TotalAdjustments>
                <r2:PriorYear>-1.014</r2:PriorYear>
                <r2:CurrentYear>0.000</r2:CurrentYear>
                <r2:BudgetYearOne>15.240</r2:BudgetYearOne>
                <r2:BudgetYearOneBase>15.240</r2:BudgetYearOneBase>
            </r2:TotalAdjustments>
            <r2:AdjustmentDetails>
                <r2:Reprogrammings>
                    <r2:PriorYear>-0.002</r2:PriorYear>
                </r2:Reprogrammings>
                <r2:SBIRSTTRTransfer>
                    <r2:PriorYear>-0.572</r2:PriorYear>
                </r2:SBIRSTTRTransfer>
                <r2:OtherAdjustmentDetailList>
                    <r2:OtherAdjustmentDetail>
                        <r2:Title>FFRDC reductions</r2:Title>
                        <r2:Funding>
                            <r2:PriorYear>-0.440</r2:PriorYear>
                        </r2:Funding>
                    </r2:OtherAdjustmentDetail>
                    <r2:OtherAdjustmentDetail>
                        <r2:Title>Program Adjustments</r2:Title>
                        <r2:Funding>
                            <r2:BudgetYearOne>15.300</r2:BudgetYearOne>
                            <r2:BudgetYearOneBase>15.300</r2:BudgetYearOneBase>
                        </r2:Funding>
                    </r2:OtherAdjustmentDetail>
                    <r2:OtherAdjustmentDetail>
                        <r2:Title>Economic Assumptions</r2:Title>
                        <r2:Funding>
                            <r2:BudgetYearOne>-0.060</r2:BudgetYearOne>
                            <r2:BudgetYearOneBase>-0.060</r2:BudgetYearOneBase>
                        </r2:Funding>
                    </r2:OtherAdjustmentDetail>
                </r2:OtherAdjustmentDetailList>
            </r2:AdjustmentDetails>
            <r2:SummaryExplanation>The FY 2026 request includes economic assumption reduction of -$0.060 million and classified program increase of $15.300 million.</r2:SummaryExplanation>
        </r2:ChangeSummary>
        <r2:ProjectList>
            <r2:Project>
                <r2:ProjectNumber>225</r2:ProjectNumber>
                <r2:ProjectTitle>Joint DOD DOE Munitions</r2:ProjectTitle>
                <r2:SpecialProject>0</r2:SpecialProject>
                <r2:ProjectFunding>
                    <r2:AllPriorYears>18.291</r2:AllPriorYears>
                    <r2:PriorYear>18.553</r2:PriorYear>
                    <r2:CurrentYear>19.826</r2:CurrentYear>
                    <r2:BudgetYearOne>35.505</r2:BudgetYearOne>
                    <r2:BudgetYearOneBase>35.505</r2:BudgetYearOneBase>
                    <r2:CostToComplete>Continuing</r2:CostToComplete>
                    <r2:TotalCost>Continuing</r2:TotalCost>
                </r2:ProjectFunding>
                <r2:R2aExhibit>
                    <r2:ProjectMissionDescription>The mission of the Joint DoD/DOE Munitions Technology Development Program (JMP) is to develop new and innovative science and technology (S&amp;T) to enable significant advancements in the state-of-the-art for conventional munitions.  The JMP portfolio comprises essential, cross-cutting, and foundational S&amp;T investments that enable future force operational capabilities in the near, mid, and far term to reestablish deterrence.  Additionally, JMP’s efforts form the foundation of DoD munitions research design, testing, and manufacturing.

A memorandum of understanding between the Department of Defense and Department of Energy provides the basis for the cooperative effort and for cost sharing the mutually beneficial technology advancements.  The funding budgeted by the DoD to this program are matched, at a minimum, dollar for dollar by the DOE.  Through this interdepartmental cooperation, the DoD leverages DOE’s substantial investments in intellectual capital, highly specialized skills, advanced scientific equipment and facilities, and computational tools not available within the DoD.  This includes developing computational tools, which leverage AI technologies, to aid munitions designers in developing novel HEAs, advanced energetics, and fast running damage models for improved assessment of maritime lethality. JMP advancements impact a wide range of munitions including One-Way Attack, counter-small UAS technologies and munitions that may be utilized for Homeland Missile Defense. The integration of DOE technologies with DoD Joint Services’ needs has provided major advances in munition capabilities over many years and continues to play a crucial role in the exploration, development, and transition of new technologies needed by the services. 

The JMP has established a successful collaborative community of DoD and DOE scientists and engineers that develop technologies of interest to both Departments.  A structured cadence of threat informed requirements development, Joint Service informed portfolio development, and bi-annual technical reviews ensure that the JMP’s investments address high-priority DoD gaps, needs, and challenges.  The JMP portfolio is organized into four Technology Coordination Groups (TCG), led by DoD Service laboratory subject matter experts, which evaluate each project’s technical progress and continued relevance to the mission.</r2:ProjectMissionDescription>
                    <r2:AccomplishmentPlannedProgramList>
                        <r2:AccomplishmentPlannedProgram>
                            <r2:Title>Joint DoD/DOE Munitions Technology Development</r2:Title>
                            <r2:Description>Joint DoD/DOE Munitions Technology Development focuses on the following key areas:
-	Decision tools, diagnostics, and datasets for munition design and evaluation.
-	Munition delivery technology enabling advanced weapon bodies, propulsion systems, and survivability to extreme conditions.
-	Munition controls for fuzing, microelectronics, power, sensors, kill chains, and survivable components.
-	Lethal effects innovations enabling novel explosive materials, formulations, warhead designs, and target damage advancements.</r2:Description>
                            <r2:Accomplishment>
                                <r2:PriorYear>
                                    <r2:Funding>18.553</r2:Funding>
                                    <r2:Text>• Develop weaponeering and decision tools for assessment of target interaction effects to enhance lethality modeling codes. 
• Develop novel imaging methods and models of high explosive fracture behavior to enable lighter munitions and increased range and speed.
• Develop reactive flow models to enable warhead geometries necessary for miniature swarming munitions and extreme environment applications.
• Demonstrate a numerical integration methodology for hydrocodes to reduce the computational cost and schedule of munition simulations by >20X for designers and weaponeers.</r2:Text>
                                </r2:PriorYear>
                            </r2:Accomplishment>
                            <r2:PlannedProgram>
                                <r2:CurrentYear>
                                    <r2:Funding>19.826</r2:Funding>
                                    <r2:Text>• Develop high fidelity simulations of combined effects explosive (CEX) warheads using recently validated main charge reactive burn models.
• Develop macroscale reduced-order failure model for metals with documentation for transition to DoD.
• Develop and evaluate prototype low temperature-compatible supercapacitor technology with 10x energy density over the state-of-the-art.
• Demonstrate a new modeling and simulation capability for ship defeat in support of maritime lethality efforts.
• Demonstrate capability to measure surface chemistry of thermal protection system (TPS) materials in hot, hypersonic flow representative of the aerodynamic shear and extreme heating rates found in hypersonic flight. 
• Demonstrate a suit of machine learning algorithms for a counter-unmanned aircraft system (CUAS) platform capable of autonomous detection, classification, tracking, and intercept of next generation UAS threats. 
• Deliver next generation shock-hydro-structure modeling and simulation (M&amp;S) capability enabling blast loading of structures with complex internal components, blast induced material failure, and munition response during impact and penetration events.</r2:Text>
                                </r2:CurrentYear>
                                <r2:BudgetYearOne>
                                    <r2:Funding>20.205</r2:Funding>
                                </r2:BudgetYearOne>
                                <r2:BudgetYearOneBase>
                                    <r2:Funding>20.205</r2:Funding>
                                    <r2:Text>• Develop physics-based models enabled by machine learning technology against hard and deeply buried targets.
• Develop optical fragment measurement techniques with higher-fidelity, lower cost, higher throughput for DoD munition design and testing
• Improve advanced reactive flow modeling capabilities to capture physics critical to assessing munition survivability and performance in extreme conditions.
• Develop AI-informed additive manufactured Multi-Principal Element Alloys (MPEAs) possessing enhanced material and functional properties for munition structure performance under extreme conditions.
• Improve material models and codes applicable for metallic materials for reliable simulations and warhead performance and lethality assessment.
• Design multi-fidelity aerodynamics capability that uses techniques to construct an aerodynamics database that concentrates on calculations that will significantly speed up design work.
• Demonstrate the use of X-Ray Diffraction to measure the thermodynamic behavior and late time burn of combined effect explosives to enable optimization of munitions with advanced energetics warheads.
• Simplify the process to build robust fast-running models for lethality of emerging targets, munitions, and engagement scenarios and enable the rapid assessment of munition &amp; target effects.
• Develop a rapid, computation-driven capability to accelerate discovery and development of alloys that satisfy performance and manufacturing scale-up needs.
• Design and fabricate supercapacitors with significantly improved performance and boost power available to munitions’ electronics, freeing up space for other advances in munitions function.</r2:Text>
                                </r2:BudgetYearOneBase>
                                <r2:AppChangeSummary>The increase of $0.379 million between FY 2025 and FY 2026 is due to minor budget fluctuations.</r2:AppChangeSummary>
                            </r2:PlannedProgram>
                        </r2:AccomplishmentPlannedProgram>
                        <r2:AccomplishmentPlannedProgram>
                            <r2:Title>Technology Development Support</r2:Title>
                            <r2:Description>Classified munition development effort.</r2:Description>
                            <r2:Accomplishment>
                                <r2:PriorYear>
                                    <r2:Funding>0.000</r2:Funding>
                                </r2:PriorYear>
                            </r2:Accomplishment>
                            <r2:PlannedProgram>
                                <r2:BudgetYearOne>
                                    <r2:Funding>15.300</r2:Funding>
                                </r2:BudgetYearOne>
                                <r2:BudgetYearOneBase>
                                    <r2:Funding>15.300</r2:Funding>
                                    <r2:Text>- Conduct efforts supporting initial go-no decisions in design.
- Perform analysis of survivability of components and designs.
- Determine feasibility and function of critical design components.</r2:Text>
                                </r2:BudgetYearOneBase>
                                <r2:AppChangeSummary>The FY 2026 $15.300 increase for Technology Development Support is consistent with Department priorities.</r2:AppChangeSummary>
                            </r2:PlannedProgram>
                        </r2:AccomplishmentPlannedProgram>
                    </r2:AccomplishmentPlannedProgramList>
                </r2:R2aExhibit>
            </r2:Project>
        </r2:ProjectList>
    </r2:ProgramElement>
</r2:ProgramElementList>