<?xml version="1.0" encoding="UTF-8"?>
<r2:ProgramElementList xmlns:r2="http://www.dtic.mil/comptroller/xml/schema/022009/r2" targetSchemaVersion="1.0">
    <r2:ProgramElement monetaryUnit="Millions">
        <r2:ProgramElementNumber>0602234D8Z</r2:ProgramElementNumber>
        <r2:ProgramElementTitle>Lincoln Laboratory Research Program</r2:ProgramElementTitle>
        <r2:R1LineNumber>18</r2:R1LineNumber>
        <r2:BudgetYear>2026</r2:BudgetYear>
        <r2:BudgetCycle>PB</r2:BudgetCycle>
        <r2:SubmissionDate>2025-06</r2:SubmissionDate>
        <r2:ServiceAgencyName>Office of the Secretary Of Defense</r2:ServiceAgencyName>
        <r2:AppropriationCode>0400</r2:AppropriationCode>
        <r2:AppropriationName>Research, Development, Test &amp; Evaluation, Defense-Wide</r2:AppropriationName>
        <r2:BudgetActivityNumber>2</r2:BudgetActivityNumber>
        <r2:BudgetActivityTitle>Applied Research</r2:BudgetActivityTitle>
        <r2:ProgramElementFunding>
            <r2:AllPriorYears>96.103</r2:AllPriorYears>
            <r2:PriorYear>45.097</r2:PriorYear>
            <r2:CurrentYear>47.528</r2:CurrentYear>
            <r2:BudgetYearOne>11.479</r2:BudgetYearOne>
            <r2:BudgetYearOneBase>11.479</r2:BudgetYearOneBase>
            <r2:CostToComplete>Continuing</r2:CostToComplete>
            <r2:TotalCost>Continuing</r2:TotalCost>
        </r2:ProgramElementFunding>
        <r2:ProgramElementNote>New Start (Y/N): No</r2:ProgramElementNote>
        <r2:ProgramElementMissionDescription>This program supports the Department's initiative to Build Sustainable and Long-Term Advantage.

The MIT Lincoln Laboratory (MIT LL) research program element is focused on advanced technology research and development effort conducted through a cost reimbursable contract with the Massachusetts Institute of Technology (MIT). The MIT LL project supports innovative, multi-disciplined research that addresses critical national security problems.  The project funds innovations that directly lead to the development of new system concepts, technologies, components, and materials in support of Department of Defense (DoD) missions. 

As of FY 2023, the program element funds nine technology areas.  Of the nine areas, five are core-technology areas, three are emerging-technology initiatives and one Integrated Systems technology area.  The four core-technology areas are Advanced Devices; Optical Systems and Technology; Information, Computation and Exploitation Sciences, Radio-Frequency (RF) Systems and Technologies, and Cyber Security Science and Engineering.  The three emerging-technology areas are Advanced Materials and Processes; Quantum System Sciences; and Autonomous Systems.  The one Integrated Systems technology area focuses on combining novel component-level technologies to create system-level technology solutions for important DoD problems.  These technology areas provide critical capabilities that support all DoD mission areas pursued at the Laboratory.  The categories are selected in consultation with the Office of the Under Secretary of Defense for Research and Engineering (OUSD(R&amp;E)) aligned with the DoD Communities of Interest (CoIs), and with guidance from other DoD agencies to address technology as well as system needs. The research in these categories adapts to solve emerging DoD problems as well as long-standing problems to which new technology advances can be applied. The individual efforts in each area are selected with the goal of enhancing DoD capabilities significantly, rather than incrementally.</r2:ProgramElementMissionDescription>
        <r2:ChangeSummary>
            <r2:PreviousPresidentBudget>
                <r2:PriorYear>46.858</r2:PriorYear>
                <r2:CurrentYear>47.528</r2:CurrentYear>
                <r2:BudgetYearOne>48.582</r2:BudgetYearOne>
                <r2:BudgetYearOneBase>48.582</r2:BudgetYearOneBase>
            </r2:PreviousPresidentBudget>
            <r2:CurrentPresidentBudget>
                <r2:PriorYear>45.097</r2:PriorYear>
                <r2:CurrentYear>47.528</r2:CurrentYear>
                <r2:BudgetYearOne>11.479</r2:BudgetYearOne>
                <r2:BudgetYearOneBase>11.479</r2:BudgetYearOneBase>
            </r2:CurrentPresidentBudget>
            <r2:TotalAdjustments>
                <r2:PriorYear>-1.761</r2:PriorYear>
                <r2:CurrentYear>0.000</r2:CurrentYear>
                <r2:BudgetYearOne>-37.103</r2:BudgetYearOne>
                <r2:BudgetYearOneBase>-37.103</r2:BudgetYearOneBase>
            </r2:TotalAdjustments>
            <r2:AdjustmentDetails>
                <r2:Reprogrammings>
                    <r2:PriorYear>-0.005</r2:PriorYear>
                </r2:Reprogrammings>
                <r2:SBIRSTTRTransfer>
                    <r2:PriorYear>-1.673</r2:PriorYear>
                </r2:SBIRSTTRTransfer>
                <r2:OtherAdjustmentDetailList>
                    <r2:OtherAdjustmentDetail>
                        <r2:Title>FFRDC Reductions</r2:Title>
                        <r2:Funding>
                            <r2:PriorYear>-0.083</r2:PriorYear>
                            <r2:BudgetYearOne>-36.959</r2:BudgetYearOne>
                            <r2:BudgetYearOneBase>-36.959</r2:BudgetYearOneBase>
                        </r2:Funding>
                    </r2:OtherAdjustmentDetail>
                    <r2:OtherAdjustmentDetail>
                        <r2:Title>Economic Assumptions</r2:Title>
                        <r2:Funding>
                            <r2:BudgetYearOne>-0.144</r2:BudgetYearOne>
                            <r2:BudgetYearOneBase>-0.144</r2:BudgetYearOneBase>
                        </r2:Funding>
                    </r2:OtherAdjustmentDetail>
                </r2:OtherAdjustmentDetailList>
            </r2:AdjustmentDetails>
            <r2:SummaryExplanation>The FY 2026 request for Lincoln Laboratory Research Program includes economic assumption reduction of -$0.144 million and FFRDC reduction of -$36.959 million.</r2:SummaryExplanation>
        </r2:ChangeSummary>
        <r2:ProjectList>
            <r2:Project>
                <r2:ProjectNumber>534</r2:ProjectNumber>
                <r2:ProjectTitle>Lincoln Laboratory</r2:ProjectTitle>
                <r2:SpecialProject>0</r2:SpecialProject>
                <r2:ProjectFunding>
                    <r2:AllPriorYears>88.978</r2:AllPriorYears>
                    <r2:PriorYear>41.472</r2:PriorYear>
                    <r2:CurrentYear>43.900</r2:CurrentYear>
                    <r2:BudgetYearOne>10.603</r2:BudgetYearOne>
                    <r2:BudgetYearOneBase>10.603</r2:BudgetYearOneBase>
                    <r2:CostToComplete>Continuing</r2:CostToComplete>
                    <r2:TotalCost>Continuing</r2:TotalCost>
                </r2:ProjectFunding>
                <r2:R2aExhibit>
                    <r2:ProjectMissionDescription>This project supports the long-term strategic technology capabilities within the DoD in established and emerging mission areas.  Each year, MIT LL in coordination with the Office of the Under Secretary of Defense for Research and Engineering (OUSD(R&amp;E)) reviews and selects projects focusing on addressing technology gaps in critical problems facing national security.  Factors considered in the selection include ability to accelerate development, have impact, and provide innovation in the DoD critical technology areas.  Selection of projects derives from an annual, highly selective proposal process in which demand for funding exceeds supply by nearly a factor of three. Successful projects often result in advanced capabilities that lead to further sponsored-program development.

The Lincoln Laboratory (LL) research areas that comprise this overall research and development portfolio are described below.  

Core-technology areas:

• Advanced Devices emphasizes the development of devices and subsystems utilizing microelectronic, photonic, biological, and chemical technologies to enable new approaches to DoD systems.

Efforts include technologies for high power Radio Frequency (RF) devices; multi-function, highly integrated lasers; fast and sensitive imagers; and mechanical microsystems for autonomous systems.

• Optical Systems and Technology focuses on developing optical technologies for visible, infrared, and wide band spectroscopic sensing as well as communications systems.

The efforts include high energy lasers; scalable focal plane imaging technology; photonic integrated circuits; optical system prototypes; and associated phenomenology measurements. 

• Information, Computation and Exploitation Sciences develops novel architectures, tools, and techniques for the processing, fusion, interpretation, computation, and exploitation of multi-sensor, multi-intelligence data.

Efforts include innovative hardware and software technologies for graph processors and cloud computing; artificial intelligence (AI) and graph algorithms for analytics, including deep learning algorithms; multi-intelligence analytics, including open-source data processing techniques; and human-machine interfacing and automation technologies to enhance warfighter effectiveness and ability to work with advanced computing systems. 

• Radio Frequency (RF) Systems and Technology focuses on RF technologies to enhance warfighting capabilities in radars, electronic warfare (EW), and communications.

Efforts include development of next generation phased arrays; ultra-wideband RF systems; compact RF systems; small satellite RF payload; and advanced algorithms for jammer mitigation and EW. 

Emerging-technology areas:

• Advanced Materials and Processes emphasizes research in new materials for additive manufacturing and emerging nanoscale materials.

Efforts include research in understanding and controlling diamond chemical vapor deposition to support emerging and future applications; novel growth and transfer strategies for low-defect III-V devices; microwave circuits built with 3D printing; programmable shape change materials; and microsystems using metamaterials.

• Quantum System Sciences focuses on the development of quantum-based technologies that support sensing, communication, computation, and algorithms using quantum information.

Efforts include the demonstration of scalable computation platforms, magnetic field sensing using highly-compact, atomic-like defects in diamond, prototyping revolutionary quantum networking systems and technology, and research into advanced quantum algorithms and their applications.

• Autonomous Systems has the objective of developing mobile, autonomous, robotic platforms, as well as sensors and algorithms that support key capabilities needed for a wide range of DoD applications.

Efforts span advanced artificial intelligence (AI) and processing; sensors and communications for unmanned platforms; platform designs and energy systems; human-machine interactions; and verification and validation of autonomous systems.

Systems technology area:

• Integrated Systems technology efforts use multiple new technologies to solve important national problems.

Efforts selected for funding have an applied research component focused on integrated technology capability or technologies that facilitate greater levels of integrated capability.  Projects target key DoD warfare domains, including space, air, land, sea surface, and undersea.

Beginning in FY 2026 the program element will be adjusted to focus on consolidated, core technologies in Intelligent Systems; Microelectronics; Quantum Computing and Interconnects; and Sensing and Communication. The system level technology area of Integrated Systems will remain as before</r2:ProjectMissionDescription>
                    <r2:AccomplishmentPlannedProgramList>
                        <r2:AccomplishmentPlannedProgram>
                            <r2:Title>Advanced Devices</r2:Title>
                            <r2:Description>The Advanced Devices project targets the research and development of unique and innovative components, subsystems, and sensing concepts or methodologies that will enable new solutions to important DoD problems.  

Activities under this technology area include revolutionary imaging technologies, specialized silicon and compound semiconductor-based devices for radio frequency (RF), analog, mixed-signal, and digital electronics; photonics, optoelectronics and laser technologies; microsystems; components and subsystems enabling advanced computing; and novel devices and concepts for chemical, biological, and radiation sensing.</r2:Description>
                            <r2:Accomplishment>
                                <r2:PriorYear>
                                    <r2:Funding>5.838</r2:Funding>
                                    <r2:Text>The Advanced Devices program will continue ongoing efforts with the goal of advancing this applied research to a stage where it
can be transitioned to other programs.

In particular, it will further nearer-term opportunities to be developed for Multi-GHz Lasers for Quantum Networks, Midwave Infrared Integrated Photonics, and Enabling Technologies for Free-Space Optical Communications.</r2:Text>
                                </r2:PriorYear>
                            </r2:Accomplishment>
                            <r2:PlannedProgram>
                                <r2:CurrentYear>
                                    <r2:Funding>5.677</r2:Funding>
                                    <r2:Text>The Advanced Devices program will continue ongoing efforts in Multi-GHz Lasers for Quantum Networks, Midwave Infrared Integrated Photonics, and Enabling Technologies for Free-Space Optical Communications with the goal of advancing this applied research to a stage where it can be transitioned to other programs.</r2:Text>
                                </r2:CurrentYear>
                                <r2:BudgetYearOne>
                                    <r2:Funding>3.479</r2:Funding>
                                </r2:BudgetYearOne>
                                <r2:BudgetYearOneBase>
                                    <r2:Funding>3.479</r2:Funding>
                                    <r2:Text>Advanced Devices will change to Microelectronics and invest efforts in:
- Radiation Hardened Electronics for high-sensitivity space-based sensing and communications
- High Temperature Electronics for Hypersonics
- Ultra-Low Power Electronics for AI Edge Computing with superconducting memory
- Physics-informed AI for Material Engineering to accelerate materials design, and develop novel materials that enable advanced structures</r2:Text>
                                </r2:BudgetYearOneBase>
                                <r2:AppChangeSummary>The $2.2 million funding reduction between FY 2025 and FY 2026 promotes efficiencies and advances the policies of the Administration in alignment with Executive Order 14222, “Implementing the President’s Department of Government Efficiency Cost Efficiency Initiative.”</r2:AppChangeSummary>
                            </r2:PlannedProgram>
                        </r2:AccomplishmentPlannedProgram>
                        <r2:AccomplishmentPlannedProgram>
                            <r2:Title>Optical Systems and Technologies</r2:Title>
                            <r2:Description>This project area conducts research through the development, analysis, and demonstration of novel concepts, technology, and systems for the next-generation of optical systems for the DoD.

This area invests in RF, optical and quantum systems technologies to address critical needs in the intelligence, surveillance, and reconnaissance (ISR), space control, communications, and ballistic missile defense.</r2:Description>
                            <r2:Accomplishment>
                                <r2:PriorYear>
                                    <r2:Funding>5.000</r2:Funding>
                                    <r2:Text>The Optical Systems Technology program will continue progress in next generation passive imaging components, new laser technology, and advanced optical communications. Continue proof of concept testing for long range X ray sensing concept.</r2:Text>
                                </r2:PriorYear>
                            </r2:Accomplishment>
                            <r2:PlannedProgram>
                                <r2:CurrentYear>
                                    <r2:Funding>5.237</r2:Funding>
                                    <r2:Text>The Optical Systems Technology program will continue progress in next generation passive imaging components, new laser technology, and advanced optical communications. Continue proof of concept testing for long range X ray sensing concept.</r2:Text>
                                </r2:CurrentYear>
                                <r2:BudgetYearOne>
                                    <r2:Funding>1.781</r2:Funding>
                                </r2:BudgetYearOne>
                                <r2:BudgetYearOneBase>
                                    <r2:Funding>1.781</r2:Funding>
                                    <r2:Text>Optical Systems and Technologies will be changed to Sensing and Communications

Invest efforts in:
-  Directed-energy technology including beam-directors, high-power, low-cost light sources and atmospheric compensation
-  Quantum sensors for navigation and electromagnetic field sensing
-  Novel optical systems for mass and volume constrained platforms
-  RF and optical sensor concepts for detecting difficult targets in congested environments
-  Phenomenology measurements in supported of new sensing concepts</r2:Text>
                                </r2:BudgetYearOneBase>
                                <r2:AppChangeSummary>The $3.456 million funding reduction between FY 2025 and FY 2026 promotes efficiencies and advances the policies of the Administration in alignment with Executive Order 14222, “Implementing the President’s Department of Government Efficiency Cost Efficiency Initiative.”</r2:AppChangeSummary>
                            </r2:PlannedProgram>
                        </r2:AccomplishmentPlannedProgram>
                        <r2:AccomplishmentPlannedProgram>
                            <r2:Title>Radio Frequency (RF) Systems and Technologies</r2:Title>
                            <r2:Description>: The Radio Frequency (RF) Systems and Technologies project area focuses on research, development, and evaluation of innovative RF technologies and concepts in anticipation of DoD and intelligence community requirements for radar, signals intelligence (SIGINT), communications, and electronic-warfare (EW) applications.  

Key RF challenges include a rapidly expanding threat spectrum, platforms with severely constrained payloads, operations in strong clutter and interference environments, detection of difficult targets, and robustness against sophisticated electronic attack.

RF technologies of interest include antennas, filters, transmit/receive modules (high-power amplifier, low-noise amplifier, phase shifter, time domain up-sampling), beamformers (analog, digital, photonic), receivers/exciters (local oscillator, mixers, filters, analog-to-digital converter, digital-to-analog converter), and novel RF packaging concepts.  

RF systems concepts that address novel analog/digital/photonic architectures and signal processing techniques for improved RF performance are also of interest.</r2:Description>
                            <r2:Accomplishment>
                                <r2:PriorYear>
                                    <r2:Funding>4.622</r2:Funding>
                                    <r2:Text>The RF Systems program will continue progress in advanced RF signal processing, indoor RF networking, and novel front end component technologies.</r2:Text>
                                </r2:PriorYear>
                            </r2:Accomplishment>
                            <r2:PlannedProgram>
                                <r2:CurrentYear>
                                    <r2:Funding>5.237</r2:Funding>
                                    <r2:Text>The RF Systems program will continue progress in advanced RF signal processing, indoor RF networking, and novel front end component technologies.</r2:Text>
                                </r2:CurrentYear>
                                <r2:BudgetYearOne>
                                    <r2:Funding>0.000</r2:Funding>
                                </r2:BudgetYearOne>
                                <r2:BudgetYearOneBase>
                                    <r2:Funding>0.000</r2:Funding>
                                    <r2:Text>Pursuant to implementing the Presidents Department of Government Efficiency cost Efficiency Initiative and agency priorities this area will be eliminated in FY 2026</r2:Text>
                                </r2:BudgetYearOneBase>
                                <r2:AppChangeSummary>The $5.237 million funding reduction between FY 2025 and FY 2026 promotes efficiencies and advances the policies of the Administration in alignment with Executive Order 14222, “Implementing the President’s Department of Government Efficiency Cost Efficiency Initiative.”</r2:AppChangeSummary>
                            </r2:PlannedProgram>
                        </r2:AccomplishmentPlannedProgram>
                        <r2:AccomplishmentPlannedProgram>
                            <r2:Title>Information, Computation, and Exploitation Sciences</r2:Title>
                            <r2:Description>This project area achieves significant technical gains in artificial intelligence, data processing, computation, and autonomous systems control, optimization, learning and adaptation for unique DoD mission needs.
 
Emerging artificial intelligence (AI)/machine learning (ML)-based technologies have the potential to significantly improve military capabilities in traditional domains such as Intelligence, Surveillance, and Reconnaissance (ISR), Command and Control (C2) and Space Situation Awareness (SSA), Air and Missile Defense and Undersea Dominance.   

To address mission needs in these domains, Intelligent Systems research leverages unique sensors and data sets generated through Lincoln research and experimentation in broader Laboratory programs.  The project area is structured around a canonical AI-based decision support architecture that addresses the end-to-end processing chain, which includes data conditioning, algorithms, and human-machine teaming to determine courses of action, as well as the advanced heterogeneous computing required to convert raw data into insight.  
 
Research is also aimed at multimodal AI at the tactical edge given compute and environmental constraints.  Technology areas include perception and world modeling, safe-by-construction vehicle planning and tasking algorithms to ensure resilient large-scale operations, as well as advanced guidance, navigation and control for SSA, Counter-UAS and Missile Defense applications.  Research goals include prototyping on industry platforms and field demonstration in mission-relevant scenarios to facilitate technology transfer and rapid adoption for operational use.</r2:Description>
                            <r2:Accomplishment>
                                <r2:PriorYear>
                                    <r2:Funding>6.255</r2:Funding>
                                    <r2:Text>The Information, Computation, and Exploitation Sciences program will continue applied research and development along several key technical thrusts, including predictive and prescriptive analytics, automated Processing, Exploitation and Dissemination (PED), advanced computing technologies, and human-machine teaming, all within the context of the AI oriented decision support architecture.

Continue progress in AI and exploitation algorithms for DoD missions. Continue to develop computational architectures for AI and big data applications. Apply advanced AI algorithms within select mission applications areas (material discovery, cyber, etc.).</r2:Text>
                                </r2:PriorYear>
                            </r2:Accomplishment>
                            <r2:PlannedProgram>
                                <r2:CurrentYear>
                                    <r2:Funding>6.986</r2:Funding>
                                    <r2:Text>The Information, Computation, and Exploitation Sciences program will continue applied research and development along several key technical thrusts, including predictive and prescriptive analytics, automated Processing, Exploitation and Dissemination (PED), advanced computing technologies, and human-machine teaming, all within the context of the AI oriented decision support architecture.

Continue progress in AI and exploitation algorithms for DoD missions. Continue to develop computational architectures for AI and big data applications. Apply advanced AI algorithms within select mission applications areas (material discovery, cyber, etc.).</r2:Text>
                                </r2:CurrentYear>
                                <r2:BudgetYearOne>
                                    <r2:Funding>1.781</r2:Funding>
                                </r2:BudgetYearOne>
                                <r2:BudgetYearOneBase>
                                    <r2:Funding>1.781</r2:Funding>
                                    <r2:Text>Information, Computation and Exploitation Sciences will be changed to Intelligent Systems in FY 2026.

Invest efforts in the following technical areas
- Distributed Tactical Edge AI to build novel hardware and algorithms enabling tactical advantage in deploying AI at the edge 
- Human-Machine Teaming to create hybrid cognitive architectures to enable effective and rapidly adaptable team and evaluation of team effectiveness in mission scenarios
- Autonomy Applications to extend autonomy solutions into space-based proximity operations and electronic warfare sensing applications
- Interceptors to bridge the gap between interceptor planning and execution by solving a faster control loop</r2:Text>
                                </r2:BudgetYearOneBase>
                                <r2:AppChangeSummary>The $5.205 million funding reduction between FY 2025 and FY 2026 promotes efficiencies and advances the policies of the Administration in alignment with Executive Order 14222, “Implementing the President’s Department of Government Efficiency Cost Efficiency Initiative.”</r2:AppChangeSummary>
                            </r2:PlannedProgram>
                        </r2:AccomplishmentPlannedProgram>
                        <r2:AccomplishmentPlannedProgram>
                            <r2:Title>Autonomous Systems</r2:Title>
                            <r2:Description>The Autonomous Systems project area performs applied research in autonomous robotics to address current and anticipated national security needs.

One project area goal is to enable unmanned systems to perform useful tasks in uncertain environments as trusted, capable agents without continuous human operator control.  

Project elements include the development of autonomy algorithms and technologies, and of infrastructure to quickly develop autonomous systems.  

Lincoln Laboratory also collaborates with research universities to transfer promising autonomy concepts from academia into prototype systems.  

Technology areas include perception and world modeling, planning, human-robot interaction, manipulation, learning and adaptation, and robotic platforms. 

Efforts range in scope from simulation-based seedlings to prototype efforts demonstrating autonomous system capabilities in relevant environments.</r2:Description>
                            <r2:Accomplishment>
                                <r2:PriorYear>
                                    <r2:Funding>5.108</r2:Funding>
                                    <r2:Text>Continue progress in artificial intelligence (AI) for robotics, platform technology, multi agent systems, and trusted and resilient autonomy. Continue to develop multi agent autonomous space technology for mission planning and satellite coordination.</r2:Text>
                                </r2:PriorYear>
                            </r2:Accomplishment>
                            <r2:PlannedProgram>
                                <r2:CurrentYear>
                                    <r2:Funding>4.472</r2:Funding>
                                    <r2:Text>Continue progress in artificial intelligence (AI) for robotics, platform technology, multi agent systems, and trusted and resilient autonomy. Continue to develop multi agent autonomous space technology for mission planning and satellite coordination.</r2:Text>
                                </r2:CurrentYear>
                                <r2:BudgetYearOne>
                                    <r2:Funding>0.000</r2:Funding>
                                </r2:BudgetYearOne>
                                <r2:BudgetYearOneBase>
                                    <r2:Funding>0.000</r2:Funding>
                                    <r2:Text>Pursuant to implementing the Presidents Department of Government Efficiency Cost Efficiency Initiative and agency priorities this area will be eliminated in FY 2026.</r2:Text>
                                </r2:BudgetYearOneBase>
                                <r2:AppChangeSummary>The $4.472 million funding reduction between FY 2025 and FY 2026 promotes efficiencies and advances the policies of the Administration in alignment with Executive Order 14222, “Implementing the President’s Department of Government Efficiency Cost Efficiency Initiative.”</r2:AppChangeSummary>
                            </r2:PlannedProgram>
                        </r2:AccomplishmentPlannedProgram>
                        <r2:AccomplishmentPlannedProgram>
                            <r2:Title>Quantum System Sciences</r2:Title>
                            <r2:Description>This project area develops methods for computing and interconnecting using quantum mechanical manipulation, that is not possible with classical techniques. This area invests in advanced testbeds to help DoD assess and validate technology developed by university and industrial performers, as well as to provide unique component technologies that support a number of large national quantum computing initiatives information.</r2:Description>
                            <r2:Accomplishment>
                                <r2:PriorYear>
                                    <r2:Funding>4.514</r2:Funding>
                                    <r2:Text>Future work in the program will focus on the underlying scientific and engineering issues of quantum system science.</r2:Text>
                                </r2:PriorYear>
                            </r2:Accomplishment>
                            <r2:PlannedProgram>
                                <r2:CurrentYear>
                                    <r2:Funding>5.573</r2:Funding>
                                    <r2:Text>Future work in the program will focus on the underlying scientific and engineering issues of quantum system science.  Continue development of trapped-ion and superconducting computing, quantum sensing technologies, and quantum networks.</r2:Text>
                                </r2:CurrentYear>
                                <r2:BudgetYearOne>
                                    <r2:Funding>1.781</r2:Funding>
                                </r2:BudgetYearOne>
                                <r2:BudgetYearOneBase>
                                    <r2:Funding>1.781</r2:Funding>
                                    <r2:Text>In FY 2026 Quantum Systems will be changed to Quantum Computing and Interconnects

Invest efforts in:
- Quantum Error Correction to increase operational utility and permit interoperability across multiple commercial quantum hardware.
- Quantum Interconnects to enable scaling quantum systems to larger qubits and processor sizes. In parallel, analyze computing architectures for different quantum processing modalities (e.g. superconducting qubits, photonic qubits, trapped ions) to identify regimes where interconnected approaches offer performance and implementation advantages.
- Quantum Clocks for Next-Generation PNT to leverage quantum computing platforms for developing fieldable, liter-scale optical clock for month-long GPS-denied operations.</r2:Text>
                                </r2:BudgetYearOneBase>
                                <r2:AppChangeSummary>The $3.792 million funding reduction between FY 2025 and FY 2026 promotes efficiencies and advances the policies of the Administration in alignment with Executive Order 14222, “Implementing the President’s Department of Government Efficiency Cost Efficiency Initiative.”</r2:AppChangeSummary>
                            </r2:PlannedProgram>
                        </r2:AccomplishmentPlannedProgram>
                        <r2:AccomplishmentPlannedProgram>
                            <r2:Title>Advanced Materials and Processes</r2:Title>
                            <r2:Description>The Advanced Materials and Processes project area develops materials and processes that make a transformative impact on enduring national challenges.

Areas of strategic focus are material property customization and material enablers for highly-integrated, miniature platform.</r2:Description>
                            <r2:Accomplishment>
                                <r2:PriorYear>
                                    <r2:Funding>5.162</r2:Funding>
                                    <r2:Text>The Advanced Materials and Process program will continue to conduct research on all forms of data-enhanced, computationally accelerated materials development, alongside a focus on advanced materials technologies that underpin small platforms.

Continue focus on the following areas:  beyond complementary metal-oxide semiconductor (CMOS) electronics, materials for advanced sensors, integrated microstructures, and other advanced structures.</r2:Text>
                                </r2:PriorYear>
                            </r2:Accomplishment>
                            <r2:PlannedProgram>
                                <r2:CurrentYear>
                                    <r2:Funding>4.370</r2:Funding>
                                    <r2:Text>The Advanced Materials and Process program will continue to conduct research on all forms of data-enhanced, computationally accelerated materials development, alongside a focus on advanced materials technologies that underpin small platforms.

Continue focus on the following areas:  beyond complementary metal-oxide semiconductor (CMOS) electronics, materials for advanced sensors, integrated microstructures, and other advanced structures.</r2:Text>
                                </r2:CurrentYear>
                                <r2:BudgetYearOne>
                                    <r2:Funding>0.000</r2:Funding>
                                </r2:BudgetYearOne>
                                <r2:BudgetYearOneBase>
                                    <r2:Funding>0.000</r2:Funding>
                                    <r2:Text>Advanced Materials will be eliminated in FY 2026 and consolidated into Microelectronics</r2:Text>
                                </r2:BudgetYearOneBase>
                                <r2:AppChangeSummary>The $4.370 million funding reduction between FY 2025 and FY 2026 promotes efficiencies and advances the policies of the Administration in alignment with Executive Order 14222, “Implementing the President’s Department of Government Efficiency Cost Efficiency Initiative.”</r2:AppChangeSummary>
                            </r2:PlannedProgram>
                        </r2:AccomplishmentPlannedProgram>
                        <r2:AccomplishmentPlannedProgram>
                            <r2:Title>Integrated Systems</r2:Title>
                            <r2:Description>This project area combines multiple new technologies to solve important national needs.  This is in the form of mission-driven Moonshots and challenge problems that bring together Laboratory experts to tackle interdisciplinary programs that span multiple groups, Divisions and expertise areas. 

Projects selected for funding have an applied research component focused on integrated technology capability or technologies that facilitate greater levels of integrated capability. Projects target key DoD warfare domains, including space, air, land, sea surface, and undersea.  The intent is to support early work on systems that cut across the conventional categories.</r2:Description>
                            <r2:Accomplishment>
                                <r2:PriorYear>
                                    <r2:Funding>4.973</r2:Funding>
                                    <r2:Text>The Integrated Systems program will continue to support projects that will be those of strategic interest to the DoD and aligned with Lincoln Laboratory mission areas.</r2:Text>
                                </r2:PriorYear>
                            </r2:Accomplishment>
                            <r2:PlannedProgram>
                                <r2:CurrentYear>
                                    <r2:Funding>6.348</r2:Funding>
                                    <r2:Text>The Integrated Systems program will continue to support projects that will be those of strategic interest to the DoD and aligned with Lincoln Laboratory mission areas.</r2:Text>
                                </r2:CurrentYear>
                                <r2:BudgetYearOne>
                                    <r2:Funding>1.781</r2:Funding>
                                </r2:BudgetYearOne>
                                <r2:BudgetYearOneBase>
                                    <r2:Funding>1.781</r2:Funding>
                                    <r2:Text>Invest in the following areas:
- Technology for Golden Dome that demonstrates novel technologies and systems in support of the Golden Dome missile defense initiative.
- Technology for Global Electro-Optic Persistent ISR that demonstrates real-time end-to-end wide-area ISR scanning with camera prototype and advanced algorithms in laboratory and outdoors; optimize camera design for increased performance and yield to enable technology transition.
- Technology for Undersea Surveillance that ensures command of the sea by changing the paradigm from point sensing of the ocean to low-cost autonomous volume sensing through use of space-based multispectral imaging, an airborne or spaceborne LiDAR system, and distributed vehicles/sensors for undersea environment profiling and communications.</r2:Text>
                                </r2:BudgetYearOneBase>
                                <r2:AppChangeSummary>The $4.567 million funding reduction between FY 2025 and FY 2026 promotes efficiencies and advances the policies of the Administration in alignment with Executive Order 14222, “Implementing the President’s Department of Government Efficiency Cost Efficiency Initiative.”</r2:AppChangeSummary>
                            </r2:PlannedProgram>
                        </r2:AccomplishmentPlannedProgram>
                    </r2:AccomplishmentPlannedProgramList>
                    <r2:AcquisitionStrategy>N/A</r2:AcquisitionStrategy>
                </r2:R2aExhibit>
            </r2:Project>
            <r2:Project>
                <r2:ProjectNumber>815</r2:ProjectNumber>
                <r2:ProjectTitle>Cyber Security, Science and Engineering</r2:ProjectTitle>
                <r2:SpecialProject>0</r2:SpecialProject>
                <r2:ProjectFunding>
                    <r2:AllPriorYears>7.125</r2:AllPriorYears>
                    <r2:PriorYear>3.625</r2:PriorYear>
                    <r2:CurrentYear>3.628</r2:CurrentYear>
                    <r2:BudgetYearOne>0.876</r2:BudgetYearOne>
                    <r2:BudgetYearOneBase>0.876</r2:BudgetYearOneBase>
                    <r2:CostToComplete>Continuing</r2:CostToComplete>
                    <r2:TotalCost>Continuing</r2:TotalCost>
                </r2:ProjectFunding>
                <r2:R2aExhibit>
                    <r2:ProjectMissionDescription>The Cyber Security, Science and Engineering research project focuses on the development of technologies and new techniques for the protection of systems against cyber- attack and exploitation.

Efforts include research into technologies for cyber situational awareness, command and control; technology to improve resilience of systems to cyber-attack; and technologies for system exploitation research.

The Cyber Security, Science and Engineering research project, 815, supports innovative research that addresses critical national security problems in cyber. The project funds innovations that directly lead to the development of new system concepts, technologies, and algorithms in support of DoD missions. Funding supports high-risk, high-payoff research, which provides unique and specialized capabilities for the current and emerging needs of the Department.</r2:ProjectMissionDescription>
                    <r2:AccomplishmentPlannedProgramList>
                        <r2:AccomplishmentPlannedProgram>
                            <r2:Title>Cyber Security, Science and Engineering</r2:Title>
                            <r2:Description>The Cyber Security, Science and Engineering project conducts research and development, including design, analysis, evaluation, and deployment, of prototype systems to improve the security of computer hardware, software, and networks.

Its goal is to assure the resilience of Department of Defense (DoD) missions against cyber-attack and cyber-exploitation, with particular emphasis on the overlap between traditional Laboratory mission areas and the cyber domain.

Ongoing efforts and areas of concentration include:  foundational approaches for integrating traditional and cyber domains, tools and methods to compute threat-based cyber metrics, artificial intelligence (AI) and machine learning-based capabilities supporting cyber analysis and decision making, building trustworthy and resilient mission systems even with untrustworthy components, new cryptographic systems and prototypes, side-channel prevention and exploitation techniques in cyber and cyber-physical systems, and techniques for exploit repurposing.

Integral to these efforts are demonstrations of the impact of cyber effects on traditional kinetic systems, the quantitative and repeatable evaluation of prototypes, and deployment of prototype technology to national-level exercises.

The cyber security mission area uses line funding to research new cyber security techniques in anticipation of DoD and Intelligence Community (IC) needs and requirements.</r2:Description>
                            <r2:Accomplishment>
                                <r2:PriorYear>
                                    <r2:Funding>3.625</r2:Funding>
                                    <r2:Text>The Cyber Security, Science and Engineering program will continue to develop far-reaching cyber improvements that will significantly improve our interactions with the cyber world.

The program will continue to extend cyber applied research along the following strategic areas:  cyber physical systems, cyber operations, resilient systems, and system exploitation.</r2:Text>
                                </r2:PriorYear>
                            </r2:Accomplishment>
                            <r2:PlannedProgram>
                                <r2:CurrentYear>
                                    <r2:Funding>3.628</r2:Funding>
                                    <r2:Text>The Cyber Security, Science and Engineering program will carry on extending cyber applied research along the following strategic areas: cyber physical systems, cyber operations, resilient systems, and system exploitation that will develop far-reaching cyber improvements that will significantly improve our interactions with the cyber world.</r2:Text>
                                </r2:CurrentYear>
                                <r2:BudgetYearOne>
                                    <r2:Funding>0.876</r2:Funding>
                                </r2:BudgetYearOne>
                                <r2:BudgetYearOneBase>
                                    <r2:Funding>0.876</r2:Funding>
                                    <r2:Text>Deliver a fieldable unique emitter identification system to enable fingerprinting any electronic device through its RF signature, enhanced by neural networks/AI cloud computing infrastructure for DoD, USG and partners.</r2:Text>
                                </r2:BudgetYearOneBase>
                                <r2:AppChangeSummary>Funding reduction of $2.752 million promotes efficiencies and advances the policies of the Administration in alignment with Executive Order 14222, “Implementing the President’s Department of Government Efficiency Cost Efficiency Initiative.”</r2:AppChangeSummary>
                            </r2:PlannedProgram>
                        </r2:AccomplishmentPlannedProgram>
                    </r2:AccomplishmentPlannedProgramList>
                </r2:R2aExhibit>
            </r2:Project>
        </r2:ProjectList>
    </r2:ProgramElement>
</r2:ProgramElementList>