<?xml version="1.0" encoding="UTF-8"?>
<r2:ProgramElementList xmlns:r2="http://www.dtic.mil/comptroller/xml/schema/022009/r2" targetSchemaVersion="1.0">
    <r2:ProgramElement monetaryUnit="Millions">
        <r2:ProgramElementNumber>0604942D8Z</r2:ProgramElementNumber>
        <r2:ProgramElementTitle>Assessments Evaluations</r2:ProgramElementTitle>
        <r2:R1LineNumber>168</r2:R1LineNumber>
        <r2:BudgetYear>2026</r2:BudgetYear>
        <r2:BudgetCycle>PB</r2:BudgetCycle>
        <r2:SubmissionDate>2025-06</r2:SubmissionDate>
        <r2:ServiceAgencyName>Office of the Secretary Of Defense</r2:ServiceAgencyName>
        <r2:AppropriationCode>0400</r2:AppropriationCode>
        <r2:AppropriationName>Research, Development, Test &amp; Evaluation, Defense-Wide</r2:AppropriationName>
        <r2:BudgetActivityNumber>6</r2:BudgetActivityNumber>
        <r2:BudgetActivityTitle>RDT&amp;E Management Support</r2:BudgetActivityTitle>
        <r2:ProgramElementFunding>
            <r2:AllPriorYears>75.050</r2:AllPriorYears>
            <r2:PriorYear>5.599</r2:PriorYear>
            <r2:CurrentYear>1.503</r2:CurrentYear>
            <r2:BudgetYearOne>1.275</r2:BudgetYearOne>
            <r2:BudgetYearOneBase>1.275</r2:BudgetYearOneBase>
        </r2:ProgramElementFunding>
        <r2:ProgramElementNote>New Start (Y/N): No</r2:ProgramElementNote>
        <r2:ProgramElementMissionDescription>This program is reported in accordance with Title 10, United States Code, Section 119(a)(1) in the Special Access Program Annual Report to Congress.  For further information, please contact the Director of Special Programs, OUSD(A&amp;S)/DSP.</r2:ProgramElementMissionDescription>
        <r2:ChangeSummary>
            <r2:PreviousPresidentBudget>
                <r2:PriorYear>5.810</r2:PriorYear>
                <r2:CurrentYear>1.503</r2:CurrentYear>
                <r2:BudgetYearOne>1.541</r2:BudgetYearOne>
                <r2:BudgetYearOneBase>1.541</r2:BudgetYearOneBase>
            </r2:PreviousPresidentBudget>
            <r2:CurrentPresidentBudget>
                <r2:PriorYear>5.599</r2:PriorYear>
                <r2:CurrentYear>1.503</r2:CurrentYear>
                <r2:BudgetYearOne>1.275</r2:BudgetYearOne>
                <r2:BudgetYearOneBase>1.275</r2:BudgetYearOneBase>
            </r2:CurrentPresidentBudget>
            <r2:TotalAdjustments>
                <r2:PriorYear>-0.211</r2:PriorYear>
                <r2:CurrentYear>0.000</r2:CurrentYear>
                <r2:BudgetYearOne>-0.266</r2:BudgetYearOne>
                <r2:BudgetYearOneBase>-0.266</r2:BudgetYearOneBase>
            </r2:TotalAdjustments>
            <r2:AdjustmentDetails>
                <r2:SBIRSTTRTransfer>
                    <r2:PriorYear>-0.211</r2:PriorYear>
                </r2:SBIRSTTRTransfer>
                <r2:OtherAdjustmentDetailList>
                    <r2:OtherAdjustmentDetail>
                        <r2:Title>DOGE Efficiency</r2:Title>
                        <r2:Funding>
                            <r2:BudgetYearOne>-0.261</r2:BudgetYearOne>
                            <r2:BudgetYearOneBase>-0.261</r2:BudgetYearOneBase>
                        </r2:Funding>
                    </r2:OtherAdjustmentDetail>
                    <r2:OtherAdjustmentDetail>
                        <r2:Title>Inflation Adjustment</r2:Title>
                        <r2:Funding>
                            <r2:BudgetYearOne>-0.005</r2:BudgetYearOne>
                            <r2:BudgetYearOneBase>-0.005</r2:BudgetYearOneBase>
                        </r2:Funding>
                    </r2:OtherAdjustmentDetail>
                </r2:OtherAdjustmentDetailList>
            </r2:AdjustmentDetails>
            <r2:SummaryExplanation>The FY 2026 request was reduced by $0.261 million for Advisory and Assistance Services to promote efficiencies and advance the policies of the Administration in alignment with Executive Order 14222, “Implementing the President’s Department of Government Efficiency Cost Efficiency Initiative,” and reduction of $0.005 million was due to inflation adjustment.</r2:SummaryExplanation>
        </r2:ChangeSummary>
        <r2:ProjectList>
            <r2:Project>
                <r2:ProjectNumber>822</r2:ProjectNumber>
                <r2:ProjectTitle>Director, Special Programs (DSP)</r2:ProjectTitle>
                <r2:SpecialProject>0</r2:SpecialProject>
                <r2:ProjectFunding>
                    <r2:AllPriorYears>75.050</r2:AllPriorYears>
                    <r2:PriorYear>5.599</r2:PriorYear>
                    <r2:CurrentYear>1.503</r2:CurrentYear>
                    <r2:BudgetYearOne>1.275</r2:BudgetYearOne>
                    <r2:BudgetYearOneBase>1.275</r2:BudgetYearOneBase>
                </r2:ProjectFunding>
                <r2:R2aExhibit>
                    <r2:ProjectMissionDescription>Classified Program.</r2:ProjectMissionDescription>
                    <r2:AccomplishmentPlannedProgramList>
                        <r2:AccomplishmentPlannedProgram>
                            <r2:Title>Director, Special Program</r2:Title>
                            <r2:Description>Detailed Information is Classified.</r2:Description>
                            <r2:Accomplishment>
                                <r2:PriorYear>
                                    <r2:Funding>5.599</r2:Funding>
                                    <r2:Text>Detailed Information is Classified.</r2:Text>
                                </r2:PriorYear>
                            </r2:Accomplishment>
                            <r2:PlannedProgram>
                                <r2:CurrentYear>
                                    <r2:Funding>1.503</r2:Funding>
                                    <r2:Text>Detailed Information is Classified.</r2:Text>
                                </r2:CurrentYear>
                                <r2:BudgetYearOne>
                                    <r2:Funding>1.275</r2:Funding>
                                </r2:BudgetYearOne>
                                <r2:BudgetYearOneBase>
                                    <r2:Funding>1.275</r2:Funding>
                                    <r2:Text>Detailed Information is Classified.</r2:Text>
                                </r2:BudgetYearOneBase>
                                <r2:AppChangeSummary>The FY 2026 request was reduced by $0.261 million for Advisory and Assistance Services to promote efficiencies and advance the policies of the Administration in alignment with Executive Order 14222, “Implementing the President’s Department of Government Efficiency Cost Efficiency Initiative,” and reduction of $0.005 million was due to inflation adjustment.</r2:AppChangeSummary>
                            </r2:PlannedProgram>
                        </r2:AccomplishmentPlannedProgram>
                    </r2:AccomplishmentPlannedProgramList>
                </r2:R2aExhibit>
            </r2:Project>
        </r2:ProjectList>
    </r2:ProgramElement>
</r2:ProgramElementList>