<?xml version="1.0" encoding="UTF-8"?>
<r2:ProgramElementList xmlns:r2="http://www.dtic.mil/comptroller/xml/schema/022009/r2" targetSchemaVersion="1.0">
    <r2:ProgramElement monetaryUnit="Millions">
        <r2:ProgramElementNumber>0603183D8Z</r2:ProgramElementNumber>
        <r2:ProgramElementTitle>Joint Hypersonic Technology Development &amp; Transition</r2:ProgramElementTitle>
        <r2:R1LineNumber>44</r2:R1LineNumber>
        <r2:BudgetYear>2026</r2:BudgetYear>
        <r2:BudgetCycle>PB</r2:BudgetCycle>
        <r2:SubmissionDate>2025-06</r2:SubmissionDate>
        <r2:ServiceAgencyName>Office of the Secretary Of Defense</r2:ServiceAgencyName>
        <r2:AppropriationCode>0400</r2:AppropriationCode>
        <r2:AppropriationName>Research, Development, Test &amp; Evaluation, Defense-Wide</r2:AppropriationName>
        <r2:BudgetActivityNumber>3</r2:BudgetActivityNumber>
        <r2:BudgetActivityTitle>Advanced Technology Development (ATD)</r2:BudgetActivityTitle>
        <r2:ProgramElementFunding>
            <r2:AllPriorYears>65.706</r2:AllPriorYears>
            <r2:PriorYear>53.148</r2:PriorYear>
            <r2:CurrentYear>56.941</r2:CurrentYear>
            <r2:BudgetYearOne>50.998</r2:BudgetYearOne>
            <r2:BudgetYearOneBase>50.998</r2:BudgetYearOneBase>
        </r2:ProgramElementFunding>
        <r2:ProgramElementNote>New Start (Y/N): No</r2:ProgramElementNote>
        <r2:ProgramElementMissionDescription>This program supports the Department's initiatives to Build Sustainable and Long-Term Advantage, and Build a Resilient Joint Force and Defense Ecosystem.

The Joint Hypersonics Transition Office (JHTO), within the Office of the Assistant Secretary of Defense for Science and Technology (ASD(S&amp;T)), was created to establish a university consortium for hypersonics research; support workforce development; expedite testing, evaluation, and acquisition of hypersonic technologies to meet the stated needs of the warfighter; ensure that prototyping demonstration programs on hypersonic systems integrate advanced technologies to speed the maturation and deployment of future hypersonic systems; develop strategies, roadmaps, and technology protection measures for hypersonics to enable the transition of such technologies to future operational capabilities for the warfighter; and develop and implement a strategy for enhancing the current and future hypersonics workforce.</r2:ProgramElementMissionDescription>
        <r2:ChangeSummary>
            <r2:PreviousPresidentBudget>
                <r2:PriorYear>52.292</r2:PriorYear>
                <r2:CurrentYear>51.941</r2:CurrentYear>
                <r2:BudgetYearOne>52.004</r2:BudgetYearOne>
                <r2:BudgetYearOneBase>52.004</r2:BudgetYearOneBase>
            </r2:PreviousPresidentBudget>
            <r2:CurrentPresidentBudget>
                <r2:PriorYear>53.148</r2:PriorYear>
                <r2:CurrentYear>56.941</r2:CurrentYear>
                <r2:BudgetYearOne>50.998</r2:BudgetYearOne>
                <r2:BudgetYearOneBase>50.998</r2:BudgetYearOneBase>
            </r2:CurrentPresidentBudget>
            <r2:TotalAdjustments>
                <r2:PriorYear>0.856</r2:PriorYear>
                <r2:CurrentYear>5.000</r2:CurrentYear>
                <r2:BudgetYearOne>-1.006</r2:BudgetYearOne>
                <r2:BudgetYearOneBase>-1.006</r2:BudgetYearOneBase>
            </r2:TotalAdjustments>
            <r2:AdjustmentDetails>
                <r2:CongressionalAdds>
                    <r2:PriorYear>2.000</r2:PriorYear>
                    <r2:CurrentYear>5.000</r2:CurrentYear>
                </r2:CongressionalAdds>
                <r2:Reprogrammings>
                    <r2:PriorYear>-0.014</r2:PriorYear>
                </r2:Reprogrammings>
                <r2:SBIRSTTRTransfer>
                    <r2:PriorYear>-1.130</r2:PriorYear>
                </r2:SBIRSTTRTransfer>
                <r2:OtherAdjustmentDetailList>
                    <r2:OtherAdjustmentDetail>
                        <r2:Title>Economic Assumptions</r2:Title>
                        <r2:Funding>
                            <r2:BudgetYearOne>-0.151</r2:BudgetYearOne>
                            <r2:BudgetYearOneBase>-0.151</r2:BudgetYearOneBase>
                        </r2:Funding>
                    </r2:OtherAdjustmentDetail>
                    <r2:OtherAdjustmentDetail>
                        <r2:Title>Program Adjustment</r2:Title>
                        <r2:Funding>
                            <r2:BudgetYearOne>-0.855</r2:BudgetYearOne>
                            <r2:BudgetYearOneBase>-0.855</r2:BudgetYearOneBase>
                        </r2:Funding>
                    </r2:OtherAdjustmentDetail>
                </r2:OtherAdjustmentDetailList>
            </r2:AdjustmentDetails>
            <r2:SummaryExplanation>FY 2024 change of $0.856 million is the net result of increases for Congressional Adds ($2.000 million) and decreases for SBIR/STTR (-$1.130 million) and Cancelled Accounts (-$0.014 million) reductions.
FY 2025 change of $5.000 million reflects increases for Congressional Add ($5.000 million).
FY 2026 change of -$1.006 million is due to Economic Assumptions (-$0.151 million) and Program Adjustments (-$0.855 million).

The FY 2026 request for Joint Hypersonic Transition Office (JHTO) includes $50.998 million discretionary and $600.000 million of mandatory (reconciliation) for a total of $650.998 million.  The mandatory (reconciliation) funds Munitions &amp; Supply Chain, Defense Industrial Base. Further information for this reconciliation request is provided in Chapter 2 of the Reconciliation Exhibit.</r2:SummaryExplanation>
        </r2:ChangeSummary>
        <r2:ProjectList>
            <r2:Project>
                <r2:ProjectNumber>066</r2:ProjectNumber>
                <r2:ProjectTitle>Joint Hypersonic Transition Office (JHTO)</r2:ProjectTitle>
                <r2:SpecialProject>0</r2:SpecialProject>
                <r2:ProjectFunding>
                    <r2:AllPriorYears>65.706</r2:AllPriorYears>
                    <r2:PriorYear>53.148</r2:PriorYear>
                    <r2:CurrentYear>56.941</r2:CurrentYear>
                    <r2:BudgetYearOne>50.998</r2:BudgetYearOne>
                    <r2:BudgetYearOneBase>50.998</r2:BudgetYearOneBase>
                    <r2:CostToComplete>Continuing</r2:CostToComplete>
                    <r2:TotalCost>Continuing</r2:TotalCost>
                </r2:ProjectFunding>
                <r2:R2aExhibit>
                    <r2:ProjectMissionDescription>This program supports the Department's initiatives to Build Sustainable and Long-Term Advantage and Build a Resilient Joint Force and Defense Ecosystem.

The Joint Hypersonics Transition Office (JHTO), within the Office of the Assistant Secretary of Defense for Science and Technology (ASD(S&amp;T)), was created to establish a university consortium for hypersonics research; support workforce development; expedite testing, evaluation, and acquisition of hypersonic technologies to meet the stated needs of the warfighter; ensure that prototyping demonstration programs on hypersonic systems integrate advanced technologies to speed the maturation and deployment of future hypersonic systems; develop strategies, roadmaps, and technology protection measures for hypersonics to enable the transition of such technologies to future operational capabilities for the warfighter; and develop and implement a strategy for enhancing the current and future hypersonics workforce.</r2:ProjectMissionDescription>
                    <r2:CongressionalAddDetailList>
                        <r2:CongressionalAddDetail>
                            <r2:Title>Additive Hypersonic Components</r2:Title>
                            <r2:PriorYear>
                                <r2:Funding>2.000</r2:Funding>
                                <r2:Text>JHTO identified promising research opportunities in developing additively manufactured thermo-structural insulators. Additive manufacturing allows unique design geometries that are impossible to accomplish with conventional fabrication methods and can provide optimized designs and reduce overall costs. JHTO is partnering with NSWC Crane for execution of these funds.  NSWC Crane has awarded a contract to execute this effort.</r2:Text>
                            </r2:PriorYear>
                        </r2:CongressionalAddDetail>
                        <r2:CongressionalAddDetail>
                            <r2:Title>Specialized Joint Research Range Launch Equipment</r2:Title>
                            <r2:CurrentYear>
                                <r2:Funding>5.000</r2:Funding>
                                <r2:Text>JHTO has begun discussions with the appropriate stakeholders to define the project details.  Project start is expected in FY26.  

JHTO will identify the appropriate acquisition path to execute funding and support the hypersonic community.</r2:Text>
                            </r2:CurrentYear>
                        </r2:CongressionalAddDetail>
                    </r2:CongressionalAddDetailList>
                    <r2:AccomplishmentPlannedProgramList>
                        <r2:AccomplishmentPlannedProgram>
                            <r2:Title>University Consortium for Applied Hypersonics (UCAH)</r2:Title>
                            <r2:Description>The Joint Hypersonics Transition Office (JHTO) established the University Consortium for Applied Hypersonics and solicits research projects through the Consortium that address hypersonic priorities and challenges that were identified by the hypersonics community. The JHTO Science and Technology (S&amp;T) team prepares multiple topics for solicitation each year across materials, propulsion, navigation, guidance, control, modeling &amp; simulation, aerodynamics, ground testing, algorithms, and planning.   These research projects are typically 1-3 years in duration.  The UCAH hosts Consortium Industry Days, Project Industry Days, and participates in career/internship fairs to cross-level information and enhance workforce development. The JHTO leverages the Consortium to fund summer research internships for undergraduate and graduate students who are focusing on key hypersonic development areas.</r2:Description>
                            <r2:Accomplishment>
                                <r2:PriorYear>
                                    <r2:Funding>26.679</r2:Funding>
                                    <r2:Text>FY 2024 base plans for the UCAH are a continuation of the path identified for FY 2023, to include continued execution of research projects through the Consortium with the planned expansion of scope of the projects to further address priorities and gaps identified by the JHTO Hypersonics Science and Technology (S&amp;T) Roadmap.</r2:Text>
                                </r2:PriorYear>
                            </r2:Accomplishment>
                            <r2:PlannedProgram>
                                <r2:CurrentYear>
                                    <r2:Funding>27.107</r2:Funding>
                                    <r2:Text>FY 2025 base plans for the UCAH are a continuation of the path identified in the S&amp;T roadmap for FY 2024. UCAH will continue to execute research projects through the Consortium; in addition, the scope of the projects will be increased to focus more on workforce development and applied research as identified by the S&amp;T roadmap.</r2:Text>
                                </r2:CurrentYear>
                                <r2:BudgetYearOne>
                                    <r2:Funding>27.416</r2:Funding>
                                </r2:BudgetYearOne>
                                <r2:BudgetYearOneBase>
                                    <r2:Funding>27.416</r2:Funding>
                                    <r2:Text>FY 2026 base plans for the UCAH continues the path identified in the S&amp;T roadmap and pursues flight experimentation for promising technologies. Projects include continuation of those started in FY 2023 and FY 2024, as well as new projects selected in FY 2025 through the annual UCAH S&amp;T project solicitation. In FY26, new research will explore advanced aerodynamics, novel propulsion systems, integration materials, high-speed aero-optics and non-kinetic interactions.</r2:Text>
                                </r2:BudgetYearOneBase>
                                <r2:AppChangeSummary>An additional increase of $0.507 million reflects minor budget fluctuations. An Economic Assumptions decrease of $0.151 million reflects a reduction in non-pay, non-fuel purchases based on revised inflation rates and a decrease of $0.047 million reflects a reduction of discretionary travel funding to align with Executive Order 14222, “Implementing the President’s Department of Government Efficiency Cost Efficiency Initiative.”</r2:AppChangeSummary>
                            </r2:PlannedProgram>
                        </r2:AccomplishmentPlannedProgram>
                        <r2:AccomplishmentPlannedProgram>
                            <r2:Title>Navigation, Guidance and Controls (NGC) Science and Technology (S&amp;T) Development</r2:Title>
                            <r2:Description>In alignment with the jointly developed Hypersonics Science and Technology (S&amp;T) Roadmap, the Joint Hypersonics Transition Office (JHTO) funds NGC S&amp;T projects to improve the operational capabilities of both offensive and defensive hypersonic systems.  These projects focus on navigation in contested environments, on-vehicle trajectory generation, communications risk reduction, guidance electronics, and conformal antenna development.  Additional details regarding these projects are sensitive and/or classified and can be provided upon request.</r2:Description>
                            <r2:Accomplishment>
                                <r2:PriorYear>
                                    <r2:Funding>4.721</r2:Funding>
                                    <r2:Text>Continue activities from FY 2023.  Additional details regarding FY 2024 NGC projects are sensitive and/or classified.</r2:Text>
                                </r2:PriorYear>
                            </r2:Accomplishment>
                            <r2:PlannedProgram>
                                <r2:CurrentYear>
                                    <r2:Funding>4.786</r2:Funding>
                                    <r2:Text>Continue activities from FY 2024.  Additional details regarding FY 2025 NGC projects are sensitive and/or classified.</r2:Text>
                                </r2:CurrentYear>
                                <r2:AppChangeSummary>The decrease of $4.786 million between FY 2025 and FY 2026 reflects a realignment to Science &amp; Technology Acceleration Projects for consolidation of Science &amp; Technology system development.</r2:AppChangeSummary>
                            </r2:PlannedProgram>
                        </r2:AccomplishmentPlannedProgram>
                        <r2:AccomplishmentPlannedProgram>
                            <r2:Title>Propulsion Science and Technology (S&amp;T) Development</r2:Title>
                            <r2:Description>In alignment with the jointly-developed Hypersonics S&amp;T Roadmap, the Joint Hypersonics Transition Office (JHTO) funds propulsion S&amp;T projects designed to enhance propulsion capabilities for both offensive and defensive hypersonic systems.  These efforts will close critical gaps in the development of hypersonic cruise missiles and enhance range and/or payload capacity of boost-glide systems.  Focus areas for these projects include solid rocket motor component technologies, expanding the operating envelope of Dual-Mode Ramjet/Scramjet propulsion systems, developing new actuator technologies for axial thrusters, and establishing a proof-of-principle for an improved endothermic fuel for hypersonic applications.  Additional details regarding these projects are sensitive and/or classified and can be provided upon request.</r2:Description>
                            <r2:Accomplishment>
                                <r2:PriorYear>
                                    <r2:Funding>3.004</r2:Funding>
                                    <r2:Text>Continue activities from FY 2023.  Additional details regarding FY 2024 propulsion projects are sensitive and/or classified.</r2:Text>
                                </r2:PriorYear>
                            </r2:Accomplishment>
                            <r2:PlannedProgram>
                                <r2:CurrentYear>
                                    <r2:Funding>3.104</r2:Funding>
                                    <r2:Text>Continue activities from FY 2024.  Additional details regarding FY 2025 propulsion projects are sensitive and/or classified.</r2:Text>
                                </r2:CurrentYear>
                                <r2:AppChangeSummary>The decrease of $3.104 million between FY 2025 and FY 2026 reflects a realignment to Science &amp; Technology Acceleration Projects for consolidation of Science &amp; Technology system development.</r2:AppChangeSummary>
                            </r2:PlannedProgram>
                        </r2:AccomplishmentPlannedProgram>
                        <r2:AccomplishmentPlannedProgram>
                            <r2:Title>Systems Engineering, Design and Analysis (SEDA) Science and Technology (S&amp;T) Development</r2:Title>
                            <r2:Description>In alignment with the Hypersonics S&amp;T Roadmap continue to improve the modeling and prediction of hypersonic vehicle plumes, wakes, and signatures in addition to providing performance baselines for offensive and defensive systems.  Additional details regarding SEDA projects are sensitive and/or classified.</r2:Description>
                            <r2:Accomplishment>
                                <r2:PriorYear>
                                    <r2:Funding>1.796</r2:Funding>
                                    <r2:Text>Continue activities from FY 2023.  Additional details regarding FY 2024 SEDA projects are sensitive and/or classified.</r2:Text>
                                </r2:PriorYear>
                            </r2:Accomplishment>
                            <r2:PlannedProgram>
                                <r2:CurrentYear>
                                    <r2:Funding>1.832</r2:Funding>
                                    <r2:Text>Continue activities from FY 2024.  Additional details regarding FY 2025 SEDA projects are sensitive and/or classified.</r2:Text>
                                </r2:CurrentYear>
                                <r2:AppChangeSummary>The decrease of $1.832 million between FY 2025 and FY 2026 reflects a realignment of funds to Workforce Development Projects.  The realignment consolidates hypersonic workforce development activities, research, course development and manufacturing methods for hypersonic structural components.</r2:AppChangeSummary>
                            </r2:PlannedProgram>
                        </r2:AccomplishmentPlannedProgram>
                        <r2:AccomplishmentPlannedProgram>
                            <r2:Title>Materials, Structures and Manufacturing (MSM) Science and Technology (S&amp;T) Development</r2:Title>
                            <r2:Description>In alignment with the jointly-developed Hypersonics S&amp;T Roadmap, the Joint Hypersonic Transition Office (JHTO) funds MSM S&amp;T projects essential to develop new high-temperature materials for hypersonic applications and to design more efficient and effective manufacturing methods for hypersonic structural components. Specific projects seek to characterize alternative ceramic matrix composites for hypersonics, improve the ability to produce multi-phase monolithic ceramic dielectric materials, test and characterize the performance of leading edge coatings, and improve manufacturing processes to build cruiser fins. Additional details regarding these projects are sensitive and/or classified and can be provided upon request.</r2:Description>
                            <r2:Accomplishment>
                                <r2:PriorYear>
                                    <r2:Funding>1.546</r2:Funding>
                                    <r2:Text>Continue activities from FY 2023.  Additional details regarding FY 2024 MSM projects are sensitive and/or classified.</r2:Text>
                                </r2:PriorYear>
                            </r2:Accomplishment>
                            <r2:PlannedProgram>
                                <r2:CurrentYear>
                                    <r2:Funding>1.577</r2:Funding>
                                    <r2:Text>Continue activities from FY 2024.  Additional details regarding FY 2025 MSM projects are sensitive and/or classified.</r2:Text>
                                </r2:CurrentYear>
                                <r2:AppChangeSummary>A decrease of $1.577 million between FY 2025 and FY 2026 reflects the realignment of $1.019 million to Workforce Development Projects and a decrease of $0.558 million reflects the realignment to Science &amp; Technology Acceleration Projects.  The realignments consolidate hypersonic workforce development activities, research, course development and manufacturing methods for hypersonic structural components and Science &amp; Technology system development.</r2:AppChangeSummary>
                            </r2:PlannedProgram>
                        </r2:AccomplishmentPlannedProgram>
                        <r2:AccomplishmentPlannedProgram>
                            <r2:Title>Ordnance Science and Technology (S&amp;T) Development</r2:Title>
                            <r2:Description>In alignment with the jointly-developed Hypersonics S&amp;T Roadmap, the Joint Hypersonics Transition Office (JHTO) funds ordnance S&amp;T projects to better understand hypersonic ordnance effects and improve those effects across a broad range of target sets.  Projects will develop and demonstrate a survivable fuze system designed to function under extreme hypersonic terminal conditions, model shock loads associated with a multi-mission warhead, and conduct high-fidelity modeling to analyze and optimize the effects of hypersonic munitions.  Additional details regarding these projects are sensitive and/or classified.</r2:Description>
                            <r2:Accomplishment>
                                <r2:PriorYear>
                                    <r2:Funding>4.760</r2:Funding>
                                    <r2:Text>Continue activities from FY 2023.  Additional details regarding FY 2024 Ordinance projects are sensitive and/or classified.</r2:Text>
                                </r2:PriorYear>
                            </r2:Accomplishment>
                            <r2:PlannedProgram>
                                <r2:CurrentYear>
                                    <r2:Funding>4.645</r2:Funding>
                                    <r2:Text>Continue activities from FY 2024.  Additional details regarding FY 2025 Ordinance projects are sensitive and/or classified.</r2:Text>
                                </r2:CurrentYear>
                                <r2:AppChangeSummary>The decrease of $4.645 million between FY 2025 and FY 2026 reflects a realignment to Science &amp; Technology Acceleration Projects for consolidation of Science &amp; Technology system development.</r2:AppChangeSummary>
                            </r2:PlannedProgram>
                        </r2:AccomplishmentPlannedProgram>
                        <r2:AccomplishmentPlannedProgram>
                            <r2:Title>Aerodynamics and Aerothermodynamics Science and Technology (S&amp;T) Development</r2:Title>
                            <r2:Description>In alignment with the jointly-developed Hypersonics S&amp;T Roadmap, the Joint Hypersonics Transition Office (JHTO) funds aerodynamics and aerothermal S&amp;T projects to enhance aero optics modeling and simulation testing. This project seeks to increase the fidelity of infrared aero optics modeling and simulation data while driving down man-hours through creation/validation of a more useful and collaborative collection format. Additional details are sensitive and/or classified.</r2:Description>
                            <r2:Accomplishment>
                                <r2:PriorYear>
                                    <r2:Funding>3.957</r2:Funding>
                                    <r2:Text>Continue activities from FY 2023.  Additional details regarding FY 2024 aerodynamics and aerothermal projects are sensitive and/or classified.</r2:Text>
                                </r2:PriorYear>
                            </r2:Accomplishment>
                            <r2:PlannedProgram>
                                <r2:CurrentYear>
                                    <r2:Funding>4.036</r2:Funding>
                                    <r2:Text>Continue activities from FY 2024.  Additional details regarding FY 2025 aerodynamics and aerothermal projects are sensitive and/or classified.</r2:Text>
                                </r2:CurrentYear>
                                <r2:AppChangeSummary>The decrease of $4.036 million between FY 2025 and FY 2026 reflects a realignment to Science &amp; Technology Acceleration Projects for consolidation of Science &amp; Technology system development.</r2:AppChangeSummary>
                            </r2:PlannedProgram>
                        </r2:AccomplishmentPlannedProgram>
                        <r2:AccomplishmentPlannedProgram>
                            <r2:Title>Joint Hypersonics Transition Office (JHTO) Systems Engineering Field Activity at Naval Surface Warfare Center Crane Division (NSWC Crane)</r2:Title>
                            <r2:Description>Supports systems engineering and integration for hypersonics development to generate efficiencies and facilitate technology transition.  Support will include coordinating with systems engineering teams across the Services and programs; negotiating more modular Government Reference Architectures to support individual programs; define and execute system on-ramping plans, and guide accelerated development plans.  Additionally, the activity will represent the Joint Hypersonics Transition Office (JHTO) as a technical execution area co-lead for workforce development.</r2:Description>
                            <r2:Accomplishment>
                                <r2:PriorYear>
                                    <r2:Funding>4.685</r2:Funding>
                                    <r2:Text>Continue cross-service systems engineering, technology transition, and workforce development initiatives.</r2:Text>
                                </r2:PriorYear>
                            </r2:Accomplishment>
                            <r2:PlannedProgram>
                                <r2:CurrentYear>
                                    <r2:Funding>4.854</r2:Funding>
                                    <r2:Text>Continue cross-service systems engineering, technology transition, and workforce development initiatives. Continue to develop and transition advanced technologies to services and agencies; Performers in services/agencies, FFRDCs, and industry.</r2:Text>
                                </r2:CurrentYear>
                                <r2:AppChangeSummary>The decrease of $4.854 million between FY 2025 and FY 2026 reflects a realignment to Science &amp; Technology Acceleration Projects for consolidation of Science &amp; Technology system development.</r2:AppChangeSummary>
                            </r2:PlannedProgram>
                        </r2:AccomplishmentPlannedProgram>
                        <r2:AccomplishmentPlannedProgram>
                            <r2:Title>Workforce Development Projects</r2:Title>
                            <r2:Description>The Joint Hypersonics Transition Office (JHTO) will invest in undergraduate and graduate internships directly working with ongoing hypersonic research at national labs, service academies, and universities. JHTO will create opportunities to connect with mid-career and executive, such as training and veteran career opportunities, technician and community college partnerships, and hypersonics-specific STEM outreach.</r2:Description>
                            <r2:Accomplishment>
                                <r2:PriorYear>
                                    <r2:Funding>0.000</r2:Funding>
                                </r2:PriorYear>
                            </r2:Accomplishment>
                            <r2:PlannedProgram>
                                <r2:BudgetYearOne>
                                    <r2:Funding>2.851</r2:Funding>
                                </r2:BudgetYearOne>
                                <r2:BudgetYearOneBase>
                                    <r2:Funding>2.851</r2:Funding>
                                    <r2:Text>Continue activities from FY 2025.  Expansion of workforce development actions and activities will include furthering undergraduate research internships, reaching additional universities and community colleges, and their students, who are not yet fully immersed in hypersonic research and courses. In addition, increase the number of national labs internship partners as well as number of intern opportunities funded per location. This will include expansion to states not yet involved in DoD hypersonics and expanding relationships with our international partners. Increase the number and reach of training and veteran events to extend impact and accessibility to the workforce.</r2:Text>
                                </r2:BudgetYearOneBase>
                                <r2:AppChangeSummary>An increase of $2.851 million reflects a realignment of $1.832 million from Systems Engineering, Design and Analysis (SEDA) Science and Technology (S&amp;T) Development and $1.019 million from Materials, Structures and Manufacturing (MSM) Science and Technology (S&amp;T) Development to consolidate hypersonic workforce development activities, research, course development and manufacturing methods for hypersonic structural components.</r2:AppChangeSummary>
                            </r2:PlannedProgram>
                        </r2:AccomplishmentPlannedProgram>
                        <r2:AccomplishmentPlannedProgram>
                            <r2:Title>Science &amp; Technology Acceleration Projects</r2:Title>
                            <r2:Description>The JHTO-developed Hypersonics S&amp;T Roadmap guides JHTO-internal investments and informs external hypersonics S&amp;T investments. Internal investments include science and technology projects to improve capabilities of both offensive strike, defense against hypersonics and reusable hypersonic systems. Capability themes across the three operational systems include piloting to the target, range and maneuverability increases through novel aerodynamics and propulsion, increased effectiveness of hypersonic systems, and improvements to mission planning and implementation of hypersonic weapons.  These projects focus on technological gaps critical to the technological realization, manufacture, and cost-effectiveness of systems in development.  These projects have strong transition potential and may include direct insertion, risk reduction technologies, or informing future requirements.</r2:Description>
                            <r2:Accomplishment>
                                <r2:PriorYear>
                                    <r2:Funding>0.000</r2:Funding>
                                </r2:PriorYear>
                            </r2:Accomplishment>
                            <r2:PlannedProgram>
                                <r2:BudgetYearOne>
                                    <r2:Funding>20.731</r2:Funding>
                                </r2:BudgetYearOne>
                                <r2:BudgetYearOneBase>
                                    <r2:Funding>20.731</r2:Funding>
                                    <r2:Text>These funds will support projects selected from the FY 2025 JHTO S&amp;T solicitation and those identified through the FY 2025 technology demonstration plans developed by JHTO cross-service Capability Area Working Groups. Technologies will be matured and demonstrated in the areas of robust navigation (to ensure that hypersonic systems arrive at the target), target seeking and target recognition (to increase the hit probability), thermal management and power generation (to reduce hypersonic system size and weight), highly manufacturable heat shields and structures (to improve hypersonic system affordability), scramjet propulsion technologies and design tools (to decrease the development timelines of novel propulsion systems), enhanced weapon effects and warhead system design (to enhance the lethality of hypersonic weapons), and kill chain analysis and demonstration (to better support warfighting objectives).</r2:Text>
                                </r2:BudgetYearOneBase>
                                <r2:AppChangeSummary>A net change of $20.731 million between FY 2025 and FY 2026 reflects an increase of $21.983 million and a decrease of $1.252 million for programmatic adjustments.   The increase of $20.929 million reflects the realignment of $4.786 million from Navigation, Guidance and Controls (NGC) Science and Technology (S&amp;T) Development, $3.104 million from Propulsion Science and Technology (S&amp;T) Development, $0.558 million from Materials, Structures and Manufacturing (MSM) Science and Technology (S&amp;T) Development, $4.645 million from Ordnance Science and Technology (S&amp;T) Development, $4.036 million from Aerodynamics and Aerothermodynamics Science and Technology (S&amp;T) Development, and $4.854 million from Joint Hypersonics Transition Office (JHTO) Systems Engineering Field Activity at Naval Surface Warfare Center Crane Division (NSWC Crane).  The realignments consolidate Science &amp; Technology system development and the decrease results in reduce contracts primarily due to inflation.</r2:AppChangeSummary>
                            </r2:PlannedProgram>
                        </r2:AccomplishmentPlannedProgram>
                    </r2:AccomplishmentPlannedProgramList>
                </r2:R2aExhibit>
            </r2:Project>
        </r2:ProjectList>
    </r2:ProgramElement>
</r2:ProgramElementList>