<?xml version="1.0" encoding="UTF-8"?>
<r2:ProgramElementList xmlns:r2="http://www.dtic.mil/comptroller/xml/schema/022009/r2" targetSchemaVersion="1.0">
    <r2:ProgramElement monetaryUnit="Millions">
        <r2:ProgramElementNumber>0605027D8Z</r2:ProgramElementNumber>
        <r2:ProgramElementTitle>OUSD(C) IT Development Initiative</r2:ProgramElementTitle>
        <r2:R1LineNumber>150</r2:R1LineNumber>
        <r2:BudgetYear>2026</r2:BudgetYear>
        <r2:BudgetCycle>PB</r2:BudgetCycle>
        <r2:SubmissionDate>2025-06</r2:SubmissionDate>
        <r2:ServiceAgencyName>Office of the Secretary Of Defense</r2:ServiceAgencyName>
        <r2:AppropriationCode>0400</r2:AppropriationCode>
        <r2:AppropriationName>Research, Development, Test &amp; Evaluation, Defense-Wide</r2:AppropriationName>
        <r2:BudgetActivityNumber>5</r2:BudgetActivityNumber>
        <r2:BudgetActivityTitle>System Development &amp; Demonstration (SDD)</r2:BudgetActivityTitle>
        <r2:ProgramElementFunding>
            <r2:AllPriorYears>59.127</r2:AllPriorYears>
            <r2:PriorYear>5.256</r2:PriorYear>
            <r2:CurrentYear>7.564</r2:CurrentYear>
            <r2:BudgetYearOne>9.765</r2:BudgetYearOne>
            <r2:BudgetYearOneBase>9.765</r2:BudgetYearOneBase>
            <r2:CostToComplete>Continuing</r2:CostToComplete>
            <r2:TotalCost>Continuing</r2:TotalCost>
        </r2:ProgramElementFunding>
        <r2:ProgramElementNote>New Start (Y/N): No

+$9.765 million is required to support Next Generation Resource Management Systems (NGRMS) of which +$1.489 million is to support NGRMS acceleration..</r2:ProgramElementNote>
        <r2:ProgramElementMissionDescription>As the Department of Defense's strategic, operational, and tactical plans and objectives transform the war fighter with new capabilities and doctrine, the budgeting and accountability of funds used to pursue the Department's objectives will become more complicated and detailed allowing senior leaders to make decisions with supporting rationale for the taxpayer.  Incorporating information technology towards current and emerging business processes manifesting into a state-of-the art system of systems will result in increasing efficiencies, timely diagnostics, and reducing lifecycle costs to maintain, sustain, and repair.

This initiative exploits emerging technology, processes, trends, capabilities, and techniques to incorporate state-of-the-art information technology enabling the ability, agility, and level of fidelity to collect, process, administrate, and report resource management data and to automate business processes within a more robust analytical environment within the Office of the Under Secretary of Defense (Comptroller) (OUSD(C)).
   
Next Generation Resource Management Systems (NGRMS):

The OUSD(C) is responsible for advising the Secretary of Defense on all Defense budgetary and fiscal matters, for Defense budget development and execution, and for overseeing financial management across the Department.  The OUSD(C) has a broad set of responsibilities in supporting the Planning, Programming, Budget, and Execution (PPBE) process.  The Office of the Director, Cost Assessment and Program Evaluation (CAPE), provides independent analytic advice to the Secretary of Defense on all aspects of the Defense program, including alternative weapon systems and force structures, the development and evaluation of program and defense program alternatives, and the cost-effectiveness of defense systems.  There is a critical need for the development of a state-of-the-art information technology system to modernize and replace multiple, antiquated legacy systems and processes used to formulate, justify, present, and defend the entire Department of Defense budget in the OUSD(C) to meet Title 10 and Title 31 mission and reporting requirements.  NGRMS is critical in formulating the DoD Budget and thereby providing the necessary fund requests to defend the homeland, deter strategic attacks against the United States, our Allies and partners.  By formulating and presenting the DoD budget, NGRMS, through our Services, is helping to deter aggression, yet ensuring that we are prepared to prevail in conflicts with a prioritization to the Chinese challenge in the Indo-Pacific and the Russian challenge in Europe.  Through a strong DoD Budget, NGRMS is a major factor in building a resilient Joint Force and Defense ecosystem. The Comptroller’s plan for mitigating the deficiencies and capability gaps associated with current systems is the development of the NGRMS.

The OUSD(C) and CAPE use multiple systems to formulate, justify, distribute, and execute the DoD budgets.  The information managed by the budget formulation and programming systems is redundant, and reconciliation of information is difficult and inefficient.  These systems require extensive manpower investments to provide executives the information needed to make timely key financial decisions.  The OUSD(C) and CAPE require a more efficient and effective Defense budget environment that optimizes the budget cycle to ensure users are processing and reporting efficiently, and DoD Senior Leadership has the information to make informed, critical decisions.

The OUSD(C) requires capabilities to provide for the effective formulation, and justification of the Defense budget to be adaptable and modern.  The requirement is for:

• Automated exchange and reconciliation of budget data
• Improved efficiency through the utilization of a unified budgetary model
• Instantaneous ability to generate data for management reviews and decisions
• Capability to accommodate emerging business practices
• Agile methods to launch and terminate new development efforts more quickly
• Seamlessly combine the out puts of multiple efforts at various levels of maturity for organizational responsiveness and alternative resource allocation for innovation adoption

As of the 3rd Quarter FY 2022, NGRMS has been developed and has deployed Initial Operational Capability (IOC) to all Department of Defense Services and agencies.  The system has been designed as a single system with a unified data source for OUSD(C) and CAPE, which supports the reforming and modernizing of the PPBE process.  It provides a single, integrated system that employs the latest technologies to fulfill the Department’s financial management responsibilities in an effective, efficient, and adaptable manner.  The new system’s agile development approach compliments the continuous and ongoing studies and changes to the PPBE and appropriation processes to prevent stagnant complexities.  It also provides twenty-first century information technology that allows users to view information from multiple fully integrated modules simultaneously, e.g., current year budget submission, decision documents from previous years, and budget execution information.</r2:ProgramElementMissionDescription>
        <r2:ChangeSummary>
            <r2:PreviousPresidentBudget>
                <r2:PriorYear>5.456</r2:PriorYear>
                <r2:CurrentYear>7.564</r2:CurrentYear>
                <r2:BudgetYearOne>8.276</r2:BudgetYearOne>
                <r2:BudgetYearOneBase>8.276</r2:BudgetYearOneBase>
            </r2:PreviousPresidentBudget>
            <r2:CurrentPresidentBudget>
                <r2:PriorYear>5.256</r2:PriorYear>
                <r2:CurrentYear>7.564</r2:CurrentYear>
                <r2:BudgetYearOne>9.765</r2:BudgetYearOne>
                <r2:BudgetYearOneBase>9.765</r2:BudgetYearOneBase>
            </r2:CurrentPresidentBudget>
            <r2:TotalAdjustments>
                <r2:PriorYear>-0.200</r2:PriorYear>
                <r2:CurrentYear>0.000</r2:CurrentYear>
                <r2:BudgetYearOne>1.489</r2:BudgetYearOne>
                <r2:BudgetYearOneBase>1.489</r2:BudgetYearOneBase>
            </r2:TotalAdjustments>
            <r2:AdjustmentDetails>
                <r2:SBIRSTTRTransfer>
                    <r2:PriorYear>-0.200</r2:PriorYear>
                </r2:SBIRSTTRTransfer>
                <r2:OtherAdjustmentDetailList>
                    <r2:OtherAdjustmentDetail>
                        <r2:Title>NGRMS Acceleration</r2:Title>
                        <r2:Funding>
                            <r2:BudgetYearOne>1.489</r2:BudgetYearOne>
                            <r2:BudgetYearOneBase>1.489</r2:BudgetYearOneBase>
                        </r2:Funding>
                    </r2:OtherAdjustmentDetail>
                </r2:OtherAdjustmentDetailList>
            </r2:AdjustmentDetails>
            <r2:SummaryExplanation>+$9.765 million is required to support Next Generation Resource Management Systems (NGRMS) of which +$1.489 million increase is to support the NGRMS acceleration.</r2:SummaryExplanation>
        </r2:ChangeSummary>
        <r2:ProjectList>
            <r2:Project>
                <r2:ProjectNumber>927</r2:ProjectNumber>
                <r2:ProjectTitle>Next Generation Resource Management System</r2:ProjectTitle>
                <r2:SpecialProject>0</r2:SpecialProject>
                <r2:ProjectFunding>
                    <r2:AllPriorYears>59.127</r2:AllPriorYears>
                    <r2:PriorYear>5.256</r2:PriorYear>
                    <r2:CurrentYear>7.564</r2:CurrentYear>
                    <r2:BudgetYearOne>9.765</r2:BudgetYearOne>
                    <r2:BudgetYearOneBase>9.765</r2:BudgetYearOneBase>
                    <r2:CostToComplete>Continuing</r2:CostToComplete>
                    <r2:TotalCost>Continuing</r2:TotalCost>
                </r2:ProjectFunding>
                <r2:R2aExhibit>
                    <r2:ProjectNote>Increase to support NGRMS acceleration</r2:ProjectNote>
                    <r2:ProjectMissionDescription>The Office of the Under Secretary of Defense (Comptroller) (OUSD(C)) is responsible for advising the Secretary of Defense on all Defense budgetary and fiscal matters, for Defense budget development and execution, and for overseeing financial management across the Department.  The OUSD(C) has a broad set of responsibilities in supporting the Planning, Programming, Budget and Execution (PPBE) process.  The Office of the Director, Cost Assessment and Program Evaluation (CAPE), provides independent analytic advice to the Secretary of Defense on all aspects of the Defense program, including alternative weapon systems and force structures, the development and evaluation of programs and defense program alternatives, and the cost-effectiveness of defense systems. 

OUSD(C) and CAPE use multiple systems to formulate, justify, distribute, and execute DoD budgets.  The information managed by the budget formulation and programming systems is redundant, and reconciliation of information is difficult and inefficient.  These systems require extensive manpower investments to provide executives the information needed to make timely key financial decisions.  The OUSD(C) and CAPE require a more efficient and effective Defense budget environment that optimizes the budget cycle to ensure users are processing and reporting efficiently and DoD Senior Leadership has the information to make informed, critical decisions. 

The OUSD(C) requires capabilities to provide for the effective formulation, and justification of the Defense budget to be adaptable and modern.  This includes the following:

• Automated exchange and reconciliation of budget data
• Improved efficiency through the utilization of a unified budgetary model
• Instantaneous ability to generate data for management reviews and decisions
• Capability to accommodate emerging business practices
• Agile methods to launch and terminate new development efforts more quickly 
• Seamlessly combine the outputs of multiple efforts at various levels of maturity for organizational responsiveness and alternative resource allocation for innovation adoption 

As of the 3rd Quarter FY 2022, NGRMS has been developed and has deployed Initial Operating Capability (IOC) to all Department of Defense Services and agencies.  The system has been designed as a single system with a unified data source for OUSD(C) and CAPE, which supports the reforming and modernizing of the PPBE process.  It provides a single, integrated system that employs the latest technologies to fulfill the Department’s financial management responsibilities in an effective, efficient, and adaptable manner.  The new system’s agile development approach compliments the continuous and ongoing studies and changes to the PPBE and appropriation processes to prevent stagnant complexities.  It also provides twenty-first century information technology that allows users to view information from multiple fully integrated modules simultaneously, e.g., current year budget submission, decision documents from previous years, and budget execution information.</r2:ProjectMissionDescription>
                    <r2:AccomplishmentPlannedProgramList>
                        <r2:AccomplishmentPlannedProgram>
                            <r2:Title>Next Generation Resource Management System</r2:Title>
                            <r2:Description>Plan, develop, test and evaluate the system components (i.e. unified database, expert system, cross domain security, enterprise service bus, applications, services) and supportability requirements in modernizing the budget formulation, programming execution, and reporting capabilities for the Department of Defense.  Activities will include, but not be limited to, the preparation of all documentation required for Clinger-Cohen Compliance and acquisition regulations, developing requests for proposals, and oversight and management of contracts and deliverables.</r2:Description>
                            <r2:Accomplishment>
                                <r2:PriorYear>
                                    <r2:Funding>5.256</r2:Funding>
                                    <r2:Text>FY 2024 planned development will include additional cyber security enhancements (as necessary), additional data and structure standardizations, and more robust analytical ties to execution.</r2:Text>
                                </r2:PriorYear>
                            </r2:Accomplishment>
                            <r2:PlannedProgram>
                                <r2:CurrentYear>
                                    <r2:Funding>7.564</r2:Funding>
                                    <r2:Text>FY 2025 planned development will include additional cyber security enhancements (as necessary), additional data and structure standardizations, cloud implementations (STRATUS), and more robust analytical ties to execution</r2:Text>
                                </r2:CurrentYear>
                                <r2:BudgetYearOne>
                                    <r2:Funding>9.765</r2:Funding>
                                </r2:BudgetYearOne>
                                <r2:BudgetYearOneBase>
                                    <r2:Funding>9.765</r2:Funding>
                                    <r2:Text>FY2026 planned development will include additional cyber security enhancements (as necessary), additional data and structure standardizations, cloud development (STRATUS), Budget Exhibits' reform, integration of the programmatic exhibit collection (sunset CAPE's legacy tool (SNAP/SNAP-IT), development of NGRMS as a Service, and more robust analytical ties to exectuion.</r2:Text>
                                </r2:BudgetYearOneBase>
                                <r2:AppChangeSummary>The increase for NGRMS from FY 2025 to FY 2026 includes cloud sustainment requirements, as the system moves to Full Operational Capability (FOC).  We anticipate the higher level of funding will meet the future development efforts to reform and modernize the existing PPBE and appropriation processes, directly supporting the PPBE Reform initiatives.</r2:AppChangeSummary>
                            </r2:PlannedProgram>
                        </r2:AccomplishmentPlannedProgram>
                    </r2:AccomplishmentPlannedProgramList>
                    <r2:AcquisitionStrategy>Agile development to replace legacy mission subsystems capabilities. Current development effort is provided by KPMG contract # HQ0034-23-F-0266, period of performance June 21, 2023 – June 20, 2026.</r2:AcquisitionStrategy>
                </r2:R2aExhibit>
                <r2:R3Exhibit>
                    <r2:CostCategoryGroupList>
                        <r2:CostCategoryGroup>
                            <r2:Name>Product Development</r2:Name>
                            <r2:CostCategoryItemList>
                                <r2:CostCategoryItem>
                                    <r2:Name>Development</r2:Name>
                                    <r2:ContractMethod>C</r2:ContractMethod>
                                    <r2:ContractType>FFP</r2:ContractType>
                                    <r2:PerformingActivity>OUSD(C)</r2:PerformingActivity>
                                    <r2:PerformingActivityLocation>Pentagon &amp; Contractor Off-site Facility</r2:PerformingActivityLocation>
                                    <r2:Cost>
                                        <r2:TotalPreviousYears>59.127</r2:TotalPreviousYears>
                                        <r2:PriorYear>
                                            <r2:Amount>5.256</r2:Amount>
                                        </r2:PriorYear>
                                        <r2:CurrentYear>
                                            <r2:Amount>7.564</r2:Amount>
                                        </r2:CurrentYear>
                                        <r2:BudgetYearOne>
                                            <r2:Amount>9.765</r2:Amount>
                                        </r2:BudgetYearOne>
                                        <r2:BudgetYearOneBase>
                                            <r2:Amount>9.765</r2:Amount>
                                        </r2:BudgetYearOneBase>
                                        <r2:CostToComplete>Continuing</r2:CostToComplete>
                                        <r2:TotalCost>Continuing</r2:TotalCost>
                                        <r2:TargetValue>Continuing</r2:TargetValue>
                                    </r2:Cost>
                                </r2:CostCategoryItem>
                            </r2:CostCategoryItemList>
                        </r2:CostCategoryGroup>
                    </r2:CostCategoryGroupList>
                </r2:R3Exhibit>
                <r2:R4Exhibit>
                    <r2:ScheduleProfile>
                        <r2:ImageFileName>Update Pages 7_8_9_Page_1.jpg</r2:ImageFileName>
                    </r2:ScheduleProfile>
                    <r2:ScheduleProfile>
                        <r2:ImageFileName>Update Pages 7_8_9_Page_2.jpg</r2:ImageFileName>
                    </r2:ScheduleProfile>
                    <r2:ScheduleProfile>
                        <r2:ImageFileName>Update Pages 7_8_9_Page_3.jpg</r2:ImageFileName>
                    </r2:ScheduleProfile>
                </r2:R4Exhibit>
                <r2:R4aExhibit>
                    <r2:SubProjectScheduleList>
                        <r2:SubProjectSchedule>
                            <r2:Title>NGRMS</r2:Title>
                            <r2:ScheduleDetailList>
                                <r2:ScheduleDetail>
                                    <r2:EventTitle>Legacy Development (discontinued)</r2:EventTitle>
                                    <r2:Schedule>
                                        <r2:Start>
                                            <r2:Quarter>1</r2:Quarter>
                                            <r2:Year>2017</r2:Year>
                                        </r2:Start>
                                        <r2:End>
                                            <r2:Quarter>3</r2:Quarter>
                                            <r2:Year>2018</r2:Year>
                                        </r2:End>
                                    </r2:Schedule>
                                </r2:ScheduleDetail>
                                <r2:ScheduleDetail>
                                    <r2:EventTitle>Single Submission</r2:EventTitle>
                                    <r2:Schedule>
                                        <r2:Start>
                                            <r2:Quarter>3</r2:Quarter>
                                            <r2:Year>2018</r2:Year>
                                        </r2:Start>
                                        <r2:End>
                                            <r2:Quarter>2</r2:Quarter>
                                            <r2:Year>2027</r2:Year>
                                        </r2:End>
                                    </r2:Schedule>
                                </r2:ScheduleDetail>
                                <r2:ScheduleDetail>
                                    <r2:EventTitle>Complete Single Submission Product Interfaces</r2:EventTitle>
                                    <r2:Schedule>
                                        <r2:Start>
                                            <r2:Quarter>4</r2:Quarter>
                                            <r2:Year>2021</r2:Year>
                                        </r2:Start>
                                        <r2:End>
                                            <r2:Quarter>3</r2:Quarter>
                                            <r2:Year>2022</r2:Year>
                                        </r2:End>
                                    </r2:Schedule>
                                </r2:ScheduleDetail>
                                <r2:ScheduleDetail>
                                    <r2:EventTitle>Data Analytics</r2:EventTitle>
                                    <r2:Schedule>
                                        <r2:Start>
                                            <r2:Quarter>1</r2:Quarter>
                                            <r2:Year>2022</r2:Year>
                                        </r2:Start>
                                        <r2:End>
                                            <r2:Quarter>1</r2:Quarter>
                                            <r2:Year>2023</r2:Year>
                                        </r2:End>
                                    </r2:Schedule>
                                </r2:ScheduleDetail>
                                <r2:ScheduleDetail>
                                    <r2:EventTitle>STRATUS Infrastructure Buildout</r2:EventTitle>
                                    <r2:Schedule>
                                        <r2:Start>
                                            <r2:Quarter>4</r2:Quarter>
                                            <r2:Year>2023</r2:Year>
                                        </r2:Start>
                                        <r2:End>
                                            <r2:Quarter>2</r2:Quarter>
                                            <r2:Year>2024</r2:Year>
                                        </r2:End>
                                    </r2:Schedule>
                                </r2:ScheduleDetail>
                                <r2:ScheduleDetail>
                                    <r2:EventTitle>STRATUS Cloud Development</r2:EventTitle>
                                    <r2:Schedule>
                                        <r2:Start>
                                            <r2:Quarter>4</r2:Quarter>
                                            <r2:Year>2024</r2:Year>
                                        </r2:Start>
                                        <r2:End>
                                            <r2:Quarter>1</r2:Quarter>
                                            <r2:Year>2026</r2:Year>
                                        </r2:End>
                                    </r2:Schedule>
                                </r2:ScheduleDetail>
                                <r2:ScheduleDetail>
                                    <r2:EventTitle>Tie in Enactment/Accounting System</r2:EventTitle>
                                    <r2:Schedule>
                                        <r2:Start>
                                            <r2:Quarter>2</r2:Quarter>
                                            <r2:Year>2023</r2:Year>
                                        </r2:Start>
                                        <r2:End>
                                            <r2:Quarter>3</r2:Quarter>
                                            <r2:Year>2027</r2:Year>
                                        </r2:End>
                                    </r2:Schedule>
                                </r2:ScheduleDetail>
                                <r2:ScheduleDetail>
                                    <r2:EventTitle>Database Consolidation</r2:EventTitle>
                                    <r2:Schedule>
                                        <r2:Start>
                                            <r2:Quarter>2</r2:Quarter>
                                            <r2:Year>2024</r2:Year>
                                        </r2:Start>
                                        <r2:End>
                                            <r2:Quarter>4</r2:Quarter>
                                            <r2:Year>2026</r2:Year>
                                        </r2:End>
                                    </r2:Schedule>
                                </r2:ScheduleDetail>
                                <r2:ScheduleDetail>
                                    <r2:EventTitle>B2A/EFD STRATUS Infrastructure</r2:EventTitle>
                                    <r2:Schedule>
                                        <r2:Start>
                                            <r2:Quarter>3</r2:Quarter>
                                            <r2:Year>2024</r2:Year>
                                        </r2:Start>
                                        <r2:End>
                                            <r2:Quarter>1</r2:Quarter>
                                            <r2:Year>2025</r2:Year>
                                        </r2:End>
                                    </r2:Schedule>
                                </r2:ScheduleDetail>
                                <r2:ScheduleDetail>
                                    <r2:EventTitle>B2A/EFD NGRMS</r2:EventTitle>
                                    <r2:Schedule>
                                        <r2:Start>
                                            <r2:Quarter>1</r2:Quarter>
                                            <r2:Year>2024</r2:Year>
                                        </r2:Start>
                                        <r2:End>
                                            <r2:Quarter>3</r2:Quarter>
                                            <r2:Year>2026</r2:Year>
                                        </r2:End>
                                    </r2:Schedule>
                                </r2:ScheduleDetail>
                                <r2:ScheduleDetail>
                                    <r2:EventTitle>NGRMS as Service Development</r2:EventTitle>
                                    <r2:Schedule>
                                        <r2:Start>
                                            <r2:Quarter>3</r2:Quarter>
                                            <r2:Year>2024</r2:Year>
                                        </r2:Start>
                                        <r2:End>
                                            <r2:Quarter>2</r2:Quarter>
                                            <r2:Year>2027</r2:Year>
                                        </r2:End>
                                    </r2:Schedule>
                                </r2:ScheduleDetail>
                                <r2:ScheduleDetail>
                                    <r2:EventTitle>Complete B2A/EFD Production Interfaces</r2:EventTitle>
                                    <r2:Schedule>
                                        <r2:Start>
                                            <r2:Quarter>2</r2:Quarter>
                                            <r2:Year>2025</r2:Year>
                                        </r2:Start>
                                        <r2:End>
                                            <r2:Quarter>4</r2:Quarter>
                                            <r2:Year>2027</r2:Year>
                                        </r2:End>
                                    </r2:Schedule>
                                </r2:ScheduleDetail>
                                <r2:ScheduleDetail>
                                    <r2:EventTitle>Implement Artificial Intelligence/Machine Learning</r2:EventTitle>
                                    <r2:Schedule>
                                        <r2:Start>
                                            <r2:Quarter>2</r2:Quarter>
                                            <r2:Year>2026</r2:Year>
                                        </r2:Start>
                                        <r2:End>
                                            <r2:Quarter>4</r2:Quarter>
                                            <r2:Year>2028</r2:Year>
                                        </r2:End>
                                    </r2:Schedule>
                                </r2:ScheduleDetail>
                            </r2:ScheduleDetailList>
                        </r2:SubProjectSchedule>
                    </r2:SubProjectScheduleList>
                </r2:R4aExhibit>
            </r2:Project>
        </r2:ProjectList>
    </r2:ProgramElement>
</r2:ProgramElementList>