<?xml version="1.0" encoding="UTF-8"?>
<r2:ProgramElementList xmlns:r2="http://www.dtic.mil/comptroller/xml/schema/022009/r2" targetSchemaVersion="1.0">
    <r2:ProgramElement monetaryUnit="Millions">
        <r2:ProgramElementNumber>0604790D8Z</r2:ProgramElementNumber>
        <r2:ProgramElementTitle>Rapid Defense Experimentation Reserve (RDER)</r2:ProgramElementTitle>
        <r2:R1LineNumber>118</r2:R1LineNumber>
        <r2:BudgetYear>2026</r2:BudgetYear>
        <r2:BudgetCycle>PB</r2:BudgetCycle>
        <r2:SubmissionDate>2025-06</r2:SubmissionDate>
        <r2:ServiceAgencyName>Office of the Secretary Of Defense</r2:ServiceAgencyName>
        <r2:AppropriationCode>0400</r2:AppropriationCode>
        <r2:AppropriationName>Research, Development, Test &amp; Evaluation, Defense-Wide</r2:AppropriationName>
        <r2:BudgetActivityNumber>4</r2:BudgetActivityNumber>
        <r2:BudgetActivityTitle>Advanced Component Development &amp; Prototypes (ACD&amp;P)</r2:BudgetActivityTitle>
        <r2:ProgramElementFunding>
            <r2:AllPriorYears>24.033</r2:AllPriorYears>
            <r2:PriorYear>22.816</r2:PriorYear>
            <r2:CurrentYear>23.750</r2:CurrentYear>
            <r2:BudgetYearOne>0.000</r2:BudgetYearOne>
            <r2:BudgetYearOneBase>0.000</r2:BudgetYearOneBase>
            <r2:CostToComplete>Continuing</r2:CostToComplete>
            <r2:TotalCost>Continuing</r2:TotalCost>
        </r2:ProgramElementFunding>
        <r2:ProgramElementNote>New Start (Y/N): No</r2:ProgramElementNote>
        <r2:ProgramElementMissionDescription>The Rapid Defense Experimentation Reserve (RDER) program supports core program management and integration activities necessary to plan and execute a multi-year campaign of experimentation. The RDER initiative is a whole of DoD effort focused on joint experimentation to provide rapid capabilities that address our most difficult military challenges. The Secretary of Defense established the RDER initiative in the Defense Planning Guidance for Fiscal Years 2024-2028, to enable multi-component experimentation through a campaign of learning that accelerates technology transition and scale-up with the Services through the Deputy’s Management Action Group. This experimentation is executed using validated mission vignettes to assess Measures of Effectiveness and Measures of Performance identified in Modeling and Simulation. Integrated Assessment plans are developed for each prototype in the experiment and the data is collected through a campaign of experimentation utilizing Service demonstration venues or Combatant Command Training Exercises. The final prototype assessment will consist of a body of evidence that consists of Modeling and Simulation data, range or exercise performance, and doctrine, organization, training, materiel, leadership and education, personnel, and facilities (DOTMPLF) issues. The assessment will drive a Department decision point for transition or acceleration of RDER projects.

The Office of the Under Secretary of Defense for Research and Engineering OUSD(R&amp;E) process for incubating promising prototypes starts with a novel experimental design based on a web of interconnected systems addressing specific Defense Planning Scenarios. This approach is unique from other experimentation that focuses on determining individual system efficacy. Additionally, the experimental design is unique in using the web of systems to explore new warfighting concepts that capitalize on contributions of multiple Services as a true joint force. The experimentation yields live data which is evaluated to depict system operational analysis against the predicted performance from modeling and simulation.  The Operational Utility Assessment establishes the body of evidence for the "best of breed" and the rapid adaptation of the capability by the Services. 

OUSD(R&amp;E) manages the Department’s multiple RDER experimentation events and conducts integration activities with the Joint Force. OUSD(R&amp;E) oversees an integrated selection process with the Joint Staff, Services, and Combatant Commands that incorporates the most promising innovative prototypes into existing exercise venues such as: Balikatan and Grey Flag. RDER utilizes funding to plan, integrate, and oversee joint experiments; provide assessments on project viability; and, deliver results to facilitate decisions on transitioning promising capabilities with the Services.</r2:ProgramElementMissionDescription>
        <r2:ChangeSummary>
            <r2:PreviousPresidentBudget>
                <r2:PriorYear>79.773</r2:PriorYear>
                <r2:CurrentYear>53.149</r2:CurrentYear>
                <r2:BudgetYearOne>76.976</r2:BudgetYearOne>
                <r2:BudgetYearOneBase>76.976</r2:BudgetYearOneBase>
                <r2:BudgetYearOneOOC>0.000</r2:BudgetYearOneOOC>
            </r2:PreviousPresidentBudget>
            <r2:CurrentPresidentBudget>
                <r2:PriorYear>22.816</r2:PriorYear>
                <r2:CurrentYear>23.750</r2:CurrentYear>
                <r2:BudgetYearOne>0.000</r2:BudgetYearOne>
                <r2:BudgetYearOneBase>0.000</r2:BudgetYearOneBase>
                <r2:BudgetYearOneOOC>0.000</r2:BudgetYearOneOOC>
            </r2:CurrentPresidentBudget>
            <r2:TotalAdjustments>
                <r2:PriorYear>-56.957</r2:PriorYear>
                <r2:CurrentYear>-29.399</r2:CurrentYear>
                <r2:BudgetYearOne>-76.976</r2:BudgetYearOne>
                <r2:BudgetYearOneBase>-76.976</r2:BudgetYearOneBase>
                <r2:BudgetYearOneOOC>0.000</r2:BudgetYearOneOOC>
            </r2:TotalAdjustments>
            <r2:AdjustmentDetails>
                <r2:CongressionalGeneralReductions>
                    <r2:PriorYear>-56.258</r2:PriorYear>
                </r2:CongressionalGeneralReductions>
                <r2:Reprogrammings>
                    <r2:PriorYear>-0.012</r2:PriorYear>
                </r2:Reprogrammings>
                <r2:SBIRSTTRTransfer>
                    <r2:PriorYear>-0.687</r2:PriorYear>
                </r2:SBIRSTTRTransfer>
                <r2:OtherAdjustmentDetailList>
                    <r2:OtherAdjustmentDetail>
                        <r2:Title>Program Reduction</r2:Title>
                        <r2:Funding>
                            <r2:CurrentYear>-29.399</r2:CurrentYear>
                            <r2:BudgetYearOne>-76.976</r2:BudgetYearOne>
                            <r2:BudgetYearOneBase>-76.976</r2:BudgetYearOneBase>
                        </r2:Funding>
                    </r2:OtherAdjustmentDetail>
                </r2:OtherAdjustmentDetailList>
            </r2:AdjustmentDetails>
            <r2:SummaryExplanation>FY 2025 request was for $53.149M with a net decrease of $29.399 million was applied to RDER as follows: (-$6.105M) to Program Management; (-$2.288M) to Experiment Integration; (-$3.431M) to Experiment Design; (-$3.729M) to Experiment Execution; (-$6.857M) to Opposing Force Threat Emulation; (-$6.989M) to Data Collection and Assessment.  

In FY 2026 The Rapid Defense Experimentation Reserve (RDER) program was eliminated as part of the budget to streamline defense innovation efforts, reduce redundancy, and optimize resource allocation toward more impactful modernization initiatives.</r2:SummaryExplanation>
        </r2:ChangeSummary>
        <r2:ProjectList>
            <r2:Project>
                <r2:ProjectNumber>790</r2:ProjectNumber>
                <r2:ProjectTitle>Rapid Defense Experimentation Reserve (RDER)</r2:ProjectTitle>
                <r2:SpecialProject>0</r2:SpecialProject>
                <r2:ProjectFunding>
                    <r2:AllPriorYears>24.033</r2:AllPriorYears>
                    <r2:PriorYear>22.816</r2:PriorYear>
                    <r2:CurrentYear>23.750</r2:CurrentYear>
                    <r2:BudgetYearOne>0.000</r2:BudgetYearOne>
                    <r2:BudgetYearOneBase>0.000</r2:BudgetYearOneBase>
                    <r2:CostToComplete>Continuing</r2:CostToComplete>
                    <r2:TotalCost>Continuing</r2:TotalCost>
                </r2:ProjectFunding>
                <r2:R2aExhibit>
                    <r2:ProjectMissionDescription>The RDER program focuses on a campaign of joint experimentation on rapid capabilities that address our most complex military challenges. The Secretary of Defense established RDER in the Defense Planning Guidance to enable multi-component joint experimentation through a campaign of learning and to establish a body of evidence to support rapid adoption by the Services. RDER enables the Services, agencies, industry, and other organizations to identify “best of breed” capabilities to be prototyped in large-scale joint experiments and validate and/or refine the Joint Warfighting Concept (JWC).

OUSD(R&amp;E)’s process for incubating promising prototypes starts with a novel experimental design based on a web of interconnected systems addressing specific Defense Planning Scenarios. This approach is unique from other experimentation that focuses on determining individual system efficacy. Additionally, the experimental design is unique in using the web of systems to explore new warfighting concepts that capitalize on contributions of multiple Services as a true joint force. The experimentation yields live data that the OUSD(R&amp;E) analyzes against the performance predicted in modelling and simulation.

OUSD(R&amp;E) manages the Department’s multiple RDER experimentation events and conducts integration activities with the Joint Force. OUSD(R&amp;E) oversees an integrated selection process with the Joint Staff, Services, and Combatant Commands that incorporates the most promising innovative prototypes into existing exercise venues such as: Project Capstone, Northern Edge, Valiant Shield, Talisman Sabre, Grey Flag, Joint Battle Problem, and TREX. RDER utilizes funding to plan, integrate, and oversee joint experiments; provide assessments on project viability; and, deliver the results to the Deputy Secretary of Defense management action group to facilitate decisions on transitioning promising capabilities with the Services.</r2:ProjectMissionDescription>
                    <r2:AccomplishmentPlannedProgramList>
                        <r2:AccomplishmentPlannedProgram>
                            <r2:Title>Rapid Defense Experimentation Reserve (RDER) Program Management</r2:Title>
                            <r2:Description>Program Management includes the oversight of the execution of prototypes resourced with the Services to address required capabilities. This effort includes the evaluation of service candidates through the technical maturation phase prior to executing an experiment.  Activities include monitoring new technologies through the innovation stakeholder community, which includes the Service laboratories, industry, academia, and federally funded research and development centers and assess “best of breed” prototypes integrated in joint experimentation venues.</r2:Description>
                            <r2:Accomplishment>
                                <r2:PriorYear>
                                    <r2:Funding>2.515</r2:Funding>
                                    <r2:Text>RDER will complete the evaluation of FY 2023 candidates as well as initiate the execution of FY 2024 experimentation. This includes plans to establish and coordinate experimentation venues that provide interoperability for multi-component defense planning scenarios and mitigate potential risks of incompatibility at the joint level. Program Managers (PMs) oversees the cost, schedule, and performance of prototypes within the Joint Warfighting Concepts (JWC) functional battles:  Fires; Command and Control (C2); Information Advantage (IA); Contested Logistics and Space and Cyber.  RDER PMs plan to collaborate with system developers to select risk reduction experiments that meet the technology maturation milestones for the multi-component experiments at Project Capstone 2024, Valiant Shield 2024, Talisman Sabre, Grey Flag 2024, Joint Battle Problem 2024, and TREX 2024.  RDER PMs provide program oversight and prepare assessment and experimentation plans for each prototype technology.</r2:Text>
                                </r2:PriorYear>
                            </r2:Accomplishment>
                            <r2:PlannedProgram>
                                <r2:CurrentYear>
                                    <r2:Funding>2.375</r2:Funding>
                                    <r2:Text>RDER will complete the evaluation of FY 2024 candidates and initiate the execution of FY 2025 experimentation. This establishes and coordinates experimentation venues that provide interoperability for multi-component defense planning scenarios and mitigate potential risks of incompatibility at the joint level. PMs plan to oversee the cost, schedule, and performance of prototypes within the JWC functional battles:  Fires; C2; IA; Contested Logistics and Space and Cyber.  RDER PMs plan to collaborate with system developers to select risk reduction experiments that meet the technology maturation milestones for the multi-component experiments at Balikatan and Grey Flag.  RDER PMs provide program oversight and prepare assessment and experimentation plans for each prototype technology.</r2:Text>
                                </r2:CurrentYear>
                                <r2:BudgetYearOne>
                                    <r2:Funding>0.000</r2:Funding>
                                </r2:BudgetYearOne>
                                <r2:BudgetYearOneBase>
                                    <r2:Funding>0.000</r2:Funding>
                                    <r2:Text>In FY 2025, the Department of Defense (DoD) Service formally assumed responsibility for defense experimentation functions previously managed by the Rapid Defense Experimentation Reserve (RDER). This transition ensured sustained oversight of prototype development, cost, schedule, and performance within Joint Warfighting Concept (JWC) functional battles, strengthening interoperability and innovation in joint defense planning. 
 Through this transition, the DoD Service sustained continuity, innovation, and readiness in defense experimentation efforts.</r2:Text>
                                </r2:BudgetYearOneBase>
                                <r2:AppChangeSummary>The Rapid Defense Experimentation Reserve (RDER) was eliminated as part of the budget to streamline defense innovation efforts, reduce redundancy, and optimize resource allocation toward more impactful modernization initiatives.</r2:AppChangeSummary>
                            </r2:PlannedProgram>
                        </r2:AccomplishmentPlannedProgram>
                        <r2:AccomplishmentPlannedProgram>
                            <r2:Title>Experiments Integration</r2:Title>
                            <r2:Description>RDER coordinates with the exercise planning cells at the Combatant Commands (CCMD) to conduct experiments.  Technical readiness reviews evaluate system design requirements in order to define requirements for participation into multiple experimentation venues.  RDER reviews prototype system requirements and maps each within the network architectures for data dissemination and collection. RDER identifies risks that would impede interoperability at multi-component experiment venues. This effort integrates the fully functional capabilities of RDER prototypes into joint operational kill webs to enable joint experimentation.</r2:Description>
                            <r2:Accomplishment>
                                <r2:PriorYear>
                                    <r2:Funding>3.000</r2:Funding>
                                    <r2:Text>Funding integrates prototypes into multiple experimentation events to include Project Capstone 2024, Valiant Shield 2024, Talisman Sabre, Grey Flag 2024, Joint Battle Problem 2024, and TREX 2024. The effort supports operational readiness review for each technology which includes safety review, Authority to Operate, and compliance standards to support technical maturity.  This effort is executed for each experimentation event within the campaign series.</r2:Text>
                                </r2:PriorYear>
                            </r2:Accomplishment>
                            <r2:PlannedProgram>
                                <r2:CurrentYear>
                                    <r2:Funding>4.993</r2:Funding>
                                    <r2:Text>Funding integrates prototypes into multiple experimentation events to include Balikatan and Grey Flag. The effort supports operational readiness reviews for each technology which includes safety review, Authority to Operate (ATO), and compliance standards to support technical maturity.  This effort is executed for each experimentation event within the campaign series.</r2:Text>
                                </r2:CurrentYear>
                                <r2:BudgetYearOne>
                                    <r2:Funding>0.000</r2:Funding>
                                </r2:BudgetYearOne>
                                <r2:BudgetYearOneBase>
                                    <r2:Funding>0.000</r2:Funding>
                                    <r2:Text>In FY 2025, the Department of Defense (DoD) Service assumed full ownership of prototype integration across multiple experimentation events, including Balikatan and Grey Flag, ensuring their alignment with operational readiness objectives. This transition enabled the DoD Service to lead comprehensive reviews for each technology, including safety assessments, Authority to Operate (ATO) approvals, and compliance standards to support technical maturity. Executed systematically across the campaign series, this effort strengthened the DoD’s commitment to innovation, interoperability, and the effective integration of emerging capabilities within joint operational frameworks.</r2:Text>
                                </r2:BudgetYearOneBase>
                                <r2:AppChangeSummary>The Rapid Defense Experimentation Reserve (RDER) was eliminated as part of the budget to streamline defense innovation efforts, reduce redundancy, and optimize resource allocation toward more impactful modernization initiatives.</r2:AppChangeSummary>
                            </r2:PlannedProgram>
                        </r2:AccomplishmentPlannedProgram>
                        <r2:AccomplishmentPlannedProgram>
                            <r2:Title>Experiment Design</r2:Title>
                            <r2:Description>Resources provide the analysis to support the Combatant Commands establishing the system-of-system level architecture for integrating multiple prototypes into a single experimentation event. For each experimentation event, RDER evaluates each system level design to establish a government reference architecture that seamlessly employs prototype technologies at multiple experimentations geolocated across multiple states.  Measures of Effectiveness (MOEs) and Measures of Performance (MOPs) are established to be collected at each event. These Integrated assessment plans are developed for each individual technology.</r2:Description>
                            <r2:Accomplishment>
                                <r2:PriorYear>
                                    <r2:Funding>2.500</r2:Funding>
                                    <r2:Text>In FY 2024, RDER plans to employ government reference architecture for each experimentation venue to measure prototype interoperability at Project Capstone 2024, Valiant Shield 2024, Talisman Sabre, Grey Flag 2024, Joint Battle Problem 2024, and TREX 2024.  RDER evaluates and validates the technical maturity of each interface with the experimentation architectural design utilizing architectural analysis tools.  The final experimentation architecture is utilized to evaluate performance of the warfighter kill chains.</r2:Text>
                                </r2:PriorYear>
                            </r2:Accomplishment>
                            <r2:PlannedProgram>
                                <r2:CurrentYear>
                                    <r2:Funding>3.850</r2:Funding>
                                    <r2:Text>In FY 2025, RDER plans to employ government reference architecture for each experimentation venue to measure prototype interoperability at Balikatan and Grey Flag.  RDER evaluates and validates the technical maturity of each interface with the experimentation architectural design utilizing architectural analysis tools.  The final experimentation architecture is utilized to evaluate performance of the warfighter kill chains.</r2:Text>
                                </r2:CurrentYear>
                                <r2:BudgetYearOne>
                                    <r2:Funding>0.000</r2:Funding>
                                </r2:BudgetYearOne>
                                <r2:BudgetYearOneBase>
                                    <r2:Funding>0.000</r2:Funding>
                                    <r2:Text>In FY 2025, the Department of Defense (DoD) Service assumed full ownership of experimentation efforts, utilizing government reference architecture across venues to assess prototype interoperability at Balikatan and Grey Flag. The DoD Service will evaluate and validate the technical maturity of each interface within the experimentation architectural design using advanced architectural analysis tools. Through this transition, the DoD Service maintained oversight, fostering innovation and interoperability within multi-component defense planning.</r2:Text>
                                </r2:BudgetYearOneBase>
                                <r2:AppChangeSummary>The Rapid Defense Experimentation Reserve (RDER) was eliminated as part of the budget to streamline defense innovation efforts, reduce redundancy, and optimize resource allocation toward more impactful modernization initiatives.</r2:AppChangeSummary>
                            </r2:PlannedProgram>
                        </r2:AccomplishmentPlannedProgram>
                        <r2:AccomplishmentPlannedProgram>
                            <r2:Title>Experimentation Execution</r2:Title>
                            <r2:Description>The execution phase consists of the collection of experimental system performance that is evaluated against the Measures of Effectiveness (MOEs) and Measures of Performance (MOPs) that have been previously established. RDER establishes a data collection command and control network architecture to monitor the behavioral analysis of prototypes during an experimental event.  Data is collected and stored for post event analysis. RDER deploys an experimentation unit to provide onsite observation, oversight, and governance during a prototype experiment event. These evaluation teams are required at each data collection node or technology location involved in the experiment.</r2:Description>
                            <r2:Accomplishment>
                                <r2:PriorYear>
                                    <r2:Funding>4.600</r2:Funding>
                                    <r2:Text>In FY 2024, RDER shall deploy a Data Experimentation White Cell (DEWC)  for experimental prototype data collection during Project Capstone 2024, Valiant Shield 2024, Talisman Sabre 2024, Grey Flag 2024, Joint Battle Problem 2024, and TREX 2024.  RDER shall procure an additional command and control facility to support the experimentation that are geographically dispersed.  This function requires personnel to maintain operational command and control of each prototype to perform experimentation.  Personnel are located onsite with the prototype and the deployed operational cell to assess the operational readiness of the capability.  The functional cell acquires the operational accreditation of the DEWC for each experiment and acquires the automated tools to produce daily quick look analysis for each event.  Operation updates and reports are briefed daily to OSD, Services, and Combatant Command.</r2:Text>
                                </r2:PriorYear>
                            </r2:Accomplishment>
                            <r2:PlannedProgram>
                                <r2:CurrentYear>
                                    <r2:Funding>4.182</r2:Funding>
                                    <r2:Text>In FY 2025, RDER shall deploy the Deployable Experimentation White Cell (DEWC) for experimental prototype data collection during Balikatan and Grey Flag.  RDER shall procure an additional command and control facility to support the experimentation that are geographically dispersed.  This function requires personnel to maintain operational command and control of each prototype to perform experimentation.  Personnel are located onsite with the prototype and the deployed operational cell to assess the operational readiness of the capability.  The functional cell acquires the operational accreditation of the DEWC for each experiment and acquires the automated tools to produce daily quick look analysis for each event.  Operation updates and reports are briefed daily to OSD, Services, and Combatant Command.</r2:Text>
                                </r2:CurrentYear>
                                <r2:BudgetYearOne>
                                    <r2:Funding>0.000</r2:Funding>
                                </r2:BudgetYearOne>
                                <r2:BudgetYearOneBase>
                                    <r2:Funding>0.000</r2:Funding>
                                    <r2:Text>In FY 2025, the Department of Defense (DoD) Service assumed full ownership of experimental prototype data collection, deploying the Deployable Experimentation White Cell (DEWC) during Balikatan and Grey Flag. To support geographically dispersed experimentation, the DoD Service will maintain command and control facility, ensuring operational oversight and readiness assessments. The functional cell will control operational accreditation and integrated automated tools for rapid analysis, with to senior leadership, reinforcing informed decision-making and strategic oversight.</r2:Text>
                                </r2:BudgetYearOneBase>
                                <r2:AppChangeSummary>The Rapid Defense Experimentation Reserve (RDER) was eliminated as part of the budget to streamline defense innovation efforts, reduce redundancy, and optimize resource allocation toward more impactful modernization initiatives.</r2:AppChangeSummary>
                            </r2:PlannedProgram>
                        </r2:AccomplishmentPlannedProgram>
                        <r2:AccomplishmentPlannedProgram>
                            <r2:Title>Opposing Force (OPFOR) Threat Emulation</r2:Title>
                            <r2:Description>Opposing Force (OPFOR) threat emulation establishes a plausible, flexible military force representing a composite of varying capabilities of actual adversary forces within an experiment. Resources provide a threat informed and operationally relevant environment to conduct experiments.  RDER employs OPFOR across geographically dispersed experiments which requires the procurement of Manpower to operate OPFOR capabilities, a deployable experimentation white cell to maintain command and control of RDER proposal external from the exercise, maritime threats, UAVs/Drones, UUVs, Small boats, Electromagnetic Spectrum emitters, mobile and fixed medium range BMs, and Decoys to establish a relevant environment for RDER capabilities.</r2:Description>
                            <r2:Accomplishment>
                                <r2:PriorYear>
                                    <r2:Funding>5.201</r2:Funding>
                                    <r2:Text>In FY 2024, OPFOR emulations expected to continue with threat emitters, maritime and ground-based targets, decoys, and communications nodes necessary to create a fully threat informed, multi-domain, operationally relevant environment for projects across Project Capstone 2024, Valiant Shield 2024, Talisman Sabre, Grey Flag 2024, Joint Battle Problem 2024, and TREX 2024.  This functional component conducts a threat analysis to identify and acquire threat representative targets to establish a relevant environment for the experiment.  The entity provides personnel to act as OPFOR that would serve as the viable force during the experiment.  The entity coordinates on all the communication equipment and infrastructure that is required to integrate into the Services tactical networks.  This effort also coordinates all logistical shipping and storage requirements for threat representative targets to forward deployed events.</r2:Text>
                                </r2:PriorYear>
                            </r2:Accomplishment>
                            <r2:PlannedProgram>
                                <r2:CurrentYear>
                                    <r2:Funding>6.150</r2:Funding>
                                    <r2:Text>In FY 2025, OPFOR emulations shall be reduced across the experiments via the allocations of threat emitters, maritime and ground-based targets, decoys, and communications nodes necessary to create a fully threat informed, multi-domain, operationally relevant environment for projects across Balikatan and Grey Flag.  This functional component conducts a threat analysis to identify and acquire threat representative targets to establish a relevant environment for the experiment.  The entity provides personnel to act as OPFOR that would serve as the viable force during the experiment.  The entity coordinates on all the communication equipment and infrastructure that is required to integrate into the Services tactical networks.  This effort also coordinates all logistical shipping and storage requirements for threat representative targets to forward deployed events.</r2:Text>
                                </r2:CurrentYear>
                                <r2:BudgetYearOne>
                                    <r2:Funding>0.000</r2:Funding>
                                </r2:BudgetYearOne>
                                <r2:BudgetYearOneBase>
                                    <r2:Funding>0.000</r2:Funding>
                                    <r2:Text>In FY 2025, the Department of Defense (DoD) Service took ownership of OPFOR emulations, enhancing threat representation in Balikatan and Grey Flag through emitters, targets, decoys, and communications nodes. This transition ensured a realistic, multi-domain environment, integrating threat analysis, tactical network infrastructure, and logistical coordination for deployed assets.</r2:Text>
                                </r2:BudgetYearOneBase>
                                <r2:AppChangeSummary>The Rapid Defense Experimentation Reserve (RDER) was eliminated as part of the budget to streamline defense innovation efforts, reduce redundancy, and optimize resource allocation toward more impactful modernization initiatives.</r2:AppChangeSummary>
                            </r2:PlannedProgram>
                        </r2:AccomplishmentPlannedProgram>
                        <r2:AccomplishmentPlannedProgram>
                            <r2:Title>Data Collection and Assessment</r2:Title>
                            <r2:Description>This effort supports the manpower required for data collection teams. The collection teams record the joint operational data to assess the measurements of performance and measurements of effectiveness of a prototype in a multi-component experimentation venue.  It resources personnel who are co-located at multiple experimentation locations to include experiment venues, UARC/FFRDC's in the Continental United States, as well as at the CCMD headquarters. Data collection teams are required for each individual technology being evaluated at each event.</r2:Description>
                            <r2:Accomplishment>
                                <r2:PriorYear>
                                    <r2:Funding>5.000</r2:Funding>
                                    <r2:Text>RDER plans perform data collection on projects executing experiments at Project Capstone 2024, Valiant Shield 2024, Talisman Sabre, Grey Flag 2024, Joint Battle Problem 2024, and TREX 2024.  The team provides an independent assessment of each report daily during an experimentation.  This includes acquiring the analysis tools for each prototype to support the analytical analysis of the data.  An analysis team will provide a report that would provide recommendations on experimentation findings.</r2:Text>
                                </r2:PriorYear>
                            </r2:Accomplishment>
                            <r2:PlannedProgram>
                                <r2:CurrentYear>
                                    <r2:Funding>2.200</r2:Funding>
                                    <r2:Text>RDER plans a slight reduction on the coalition experimentation but continues to perform data collection on projects executing experiments at Balikatan and Grey Flag.  The team provides an independent assessment of each report daily during an experimentation.  This includes acquiring the analysis tools for each prototype to support the analytical analysis of the data.  An analysis team will provide a report that would provide recommendations on experimentation findings.</r2:Text>
                                </r2:CurrentYear>
                                <r2:BudgetYearOne>
                                    <r2:Funding>0.000</r2:Funding>
                                </r2:BudgetYearOne>
                                <r2:BudgetYearOneBase>
                                    <r2:Funding>0.000</r2:Funding>
                                    <r2:Text>In FY 2025, the Department of Defense (DoD) Service assumed responsibility for coalition experimentation, maintaining data collection at Balikatan and Grey Flag. The Services will submit daily assessments to support prototype evaluations at their leadership level</r2:Text>
                                </r2:BudgetYearOneBase>
                                <r2:AppChangeSummary>The Rapid Defense Experimentation Reserve (RDER) was eliminated as part of the budget to streamline defense innovation efforts, reduce redundancy, and optimize resource allocation toward more impactful modernization initiatives.</r2:AppChangeSummary>
                            </r2:PlannedProgram>
                        </r2:AccomplishmentPlannedProgram>
                    </r2:AccomplishmentPlannedProgramList>
                    <r2:OtherProgramFundingSummaryRemarks>N/A</r2:OtherProgramFundingSummaryRemarks>
                    <r2:AcquisitionStrategy>As the Department of Defense (DoD) Service assumes responsibility for experimentation and program oversight to employ Other Transaction Authorities and existing contract vehicles to streamline technology integration, ensuring agility and effectiveness in advancing defense capabilities.</r2:AcquisitionStrategy>
                </r2:R2aExhibit>
                <r2:R3Exhibit>
                    <r2:CostCategoryGroupList>
                        <r2:CostCategoryGroup>
                            <r2:Name>Support</r2:Name>
                            <r2:CostCategoryItemList>
                                <r2:CostCategoryItem>
                                    <r2:Name>Experiments Integration</r2:Name>
                                    <r2:FundingVehicle>MIPR</r2:FundingVehicle>
                                    <r2:PerformingActivity>Johns Hopkins University Applied Physics Laboratory</r2:PerformingActivity>
                                    <r2:PerformingActivityLocation>Laurel, MD</r2:PerformingActivityLocation>
                                    <r2:Cost>
                                        <r2:TotalPreviousYears>2.000</r2:TotalPreviousYears>
                                        <r2:PriorYear>
                                            <r2:Amount>1.000</r2:Amount>
                                            <r2:AwardDate>2023-11</r2:AwardDate>
                                        </r2:PriorYear>
                                        <r2:CurrentYear>
                                            <r2:Amount>1.374</r2:Amount>
                                            <r2:AwardDate>2024-12</r2:AwardDate>
                                        </r2:CurrentYear>
                                        <r2:BudgetYearOne>
                                            <r2:Amount>0.000</r2:Amount>
                                        </r2:BudgetYearOne>
                                        <r2:BudgetYearOneBase>
                                            <r2:Amount>0.000</r2:Amount>
                                        </r2:BudgetYearOneBase>
                                        <r2:CostToComplete>Continuing</r2:CostToComplete>
                                        <r2:TotalCost>Continuing</r2:TotalCost>
                                    </r2:Cost>
                                </r2:CostCategoryItem>
                                <r2:CostCategoryItem>
                                    <r2:Name>Experiments Integration</r2:Name>
                                    <r2:FundingVehicle>MIPR</r2:FundingVehicle>
                                    <r2:PerformingActivity>Naval Surface Warfare Center Dahlgren Division (NSWCDD),</r2:PerformingActivity>
                                    <r2:PerformingActivityLocation>Dahlgren, VA</r2:PerformingActivityLocation>
                                    <r2:Cost>
                                        <r2:TotalPreviousYears>0.700</r2:TotalPreviousYears>
                                        <r2:PriorYear>
                                            <r2:Amount>1.500</r2:Amount>
                                            <r2:AwardDate>2023-11</r2:AwardDate>
                                        </r2:PriorYear>
                                        <r2:CurrentYear>
                                            <r2:Amount>2.672</r2:Amount>
                                            <r2:AwardDate>2024-12</r2:AwardDate>
                                        </r2:CurrentYear>
                                        <r2:BudgetYearOne>
                                            <r2:Amount>0.000</r2:Amount>
                                        </r2:BudgetYearOne>
                                        <r2:BudgetYearOneBase>
                                            <r2:Amount>0.000</r2:Amount>
                                        </r2:BudgetYearOneBase>
                                        <r2:CostToComplete>Continuing</r2:CostToComplete>
                                        <r2:TotalCost>Continuing</r2:TotalCost>
                                    </r2:Cost>
                                </r2:CostCategoryItem>
                                <r2:CostCategoryItem>
                                    <r2:Name>Experiments Integration</r2:Name>
                                    <r2:FundingVehicle>MIPR</r2:FundingVehicle>
                                    <r2:PerformingActivity>MULTI</r2:PerformingActivity>
                                    <r2:PerformingActivityLocation>MULTI</r2:PerformingActivityLocation>
                                    <r2:Cost>
                                        <r2:TotalPreviousYears>1.900</r2:TotalPreviousYears>
                                        <r2:PriorYear>
                                            <r2:Amount>0.500</r2:Amount>
                                            <r2:AwardDate>2024-03</r2:AwardDate>
                                        </r2:PriorYear>
                                        <r2:CurrentYear>
                                            <r2:Amount>0.947</r2:Amount>
                                            <r2:AwardDate>2025-06</r2:AwardDate>
                                        </r2:CurrentYear>
                                        <r2:BudgetYearOne>
                                            <r2:Amount>0.000</r2:Amount>
                                        </r2:BudgetYearOne>
                                        <r2:BudgetYearOneBase>
                                            <r2:Amount>0.000</r2:Amount>
                                        </r2:BudgetYearOneBase>
                                        <r2:CostToComplete>Continuing</r2:CostToComplete>
                                        <r2:TotalCost>Continuing</r2:TotalCost>
                                    </r2:Cost>
                                </r2:CostCategoryItem>
                                <r2:CostCategoryItem>
                                    <r2:Name>Experiment Design</r2:Name>
                                    <r2:FundingVehicle>MIPR</r2:FundingVehicle>
                                    <r2:PerformingActivity>Naval Surface Warfare Center Dahlgren Division (NSWCDD),</r2:PerformingActivity>
                                    <r2:PerformingActivityLocation>Dahlgren, VA</r2:PerformingActivityLocation>
                                    <r2:Cost>
                                        <r2:TotalPreviousYears>1.200</r2:TotalPreviousYears>
                                        <r2:PriorYear>
                                            <r2:Amount>2.000</r2:Amount>
                                            <r2:AwardDate>2023-11</r2:AwardDate>
                                        </r2:PriorYear>
                                        <r2:CurrentYear>
                                            <r2:Amount>2.646</r2:Amount>
                                            <r2:AwardDate>2024-12</r2:AwardDate>
                                        </r2:CurrentYear>
                                        <r2:BudgetYearOne>
                                            <r2:Amount>0.000</r2:Amount>
                                        </r2:BudgetYearOne>
                                        <r2:BudgetYearOneBase>
                                            <r2:Amount>0.000</r2:Amount>
                                        </r2:BudgetYearOneBase>
                                        <r2:CostToComplete>Continuing</r2:CostToComplete>
                                        <r2:TotalCost>Continuing</r2:TotalCost>
                                    </r2:Cost>
                                </r2:CostCategoryItem>
                                <r2:CostCategoryItem>
                                    <r2:Name>Experiment Design</r2:Name>
                                    <r2:FundingVehicle>MIPR</r2:FundingVehicle>
                                    <r2:PerformingActivity>MULTI</r2:PerformingActivity>
                                    <r2:PerformingActivityLocation>MULTI</r2:PerformingActivityLocation>
                                    <r2:Cost>
                                        <r2:TotalPreviousYears>1.300</r2:TotalPreviousYears>
                                        <r2:PriorYear>
                                            <r2:Amount>0.500</r2:Amount>
                                            <r2:AwardDate>2024-03</r2:AwardDate>
                                        </r2:PriorYear>
                                        <r2:CurrentYear>
                                            <r2:Amount>1.204</r2:Amount>
                                            <r2:AwardDate>2024-12</r2:AwardDate>
                                        </r2:CurrentYear>
                                        <r2:BudgetYearOne>
                                            <r2:Amount>0.000</r2:Amount>
                                        </r2:BudgetYearOne>
                                        <r2:BudgetYearOneBase>
                                            <r2:Amount>0.000</r2:Amount>
                                        </r2:BudgetYearOneBase>
                                        <r2:CostToComplete>Continuing</r2:CostToComplete>
                                        <r2:TotalCost>Continuing</r2:TotalCost>
                                    </r2:Cost>
                                </r2:CostCategoryItem>
                                <r2:CostCategoryItem>
                                    <r2:Name>Experimentation Execution</r2:Name>
                                    <r2:FundingVehicle>MIPR</r2:FundingVehicle>
                                    <r2:PerformingActivity>Johns Hopkins University Applied Physics Laboratory :</r2:PerformingActivity>
                                    <r2:PerformingActivityLocation>Laurel, MD</r2:PerformingActivityLocation>
                                    <r2:Cost>
                                        <r2:TotalPreviousYears>4.500</r2:TotalPreviousYears>
                                        <r2:PriorYear>
                                            <r2:Amount>1.600</r2:Amount>
                                            <r2:AwardDate>2023-11</r2:AwardDate>
                                        </r2:PriorYear>
                                        <r2:CurrentYear>
                                            <r2:Amount>2.081</r2:Amount>
                                            <r2:AwardDate>2024-12</r2:AwardDate>
                                        </r2:CurrentYear>
                                        <r2:BudgetYearOne>
                                            <r2:Amount>0.000</r2:Amount>
                                        </r2:BudgetYearOne>
                                        <r2:BudgetYearOneBase>
                                            <r2:Amount>0.000</r2:Amount>
                                        </r2:BudgetYearOneBase>
                                        <r2:CostToComplete>Continuing</r2:CostToComplete>
                                        <r2:TotalCost>Continuing</r2:TotalCost>
                                    </r2:Cost>
                                </r2:CostCategoryItem>
                                <r2:CostCategoryItem>
                                    <r2:Name>Experimentation Execution</r2:Name>
                                    <r2:FundingVehicle>MIPR</r2:FundingVehicle>
                                    <r2:PerformingActivity>MULTI</r2:PerformingActivity>
                                    <r2:PerformingActivityLocation>MULTI</r2:PerformingActivityLocation>
                                    <r2:Cost>
                                        <r2:TotalPreviousYears>0.500</r2:TotalPreviousYears>
                                        <r2:PriorYear>
                                            <r2:Amount>3.000</r2:Amount>
                                            <r2:AwardDate>2024-03</r2:AwardDate>
                                        </r2:PriorYear>
                                        <r2:CurrentYear>
                                            <r2:Amount>2.099</r2:Amount>
                                            <r2:AwardDate>2025-06</r2:AwardDate>
                                        </r2:CurrentYear>
                                        <r2:BudgetYearOne>
                                            <r2:Amount>0.000</r2:Amount>
                                        </r2:BudgetYearOne>
                                        <r2:BudgetYearOneBase>
                                            <r2:Amount>0.000</r2:Amount>
                                        </r2:BudgetYearOneBase>
                                        <r2:CostToComplete>Continuing</r2:CostToComplete>
                                        <r2:TotalCost>Continuing</r2:TotalCost>
                                    </r2:Cost>
                                </r2:CostCategoryItem>
                                <r2:CostCategoryItem>
                                    <r2:Name>Opposing Force (OPFOR)</r2:Name>
                                    <r2:FundingVehicle>MIPR</r2:FundingVehicle>
                                    <r2:PerformingActivity>Naval Surface Warfare Center Port Hueneme (NSWCPH),</r2:PerformingActivity>
                                    <r2:PerformingActivityLocation>Port Hueneme, CA</r2:PerformingActivityLocation>
                                    <r2:Cost>
                                        <r2:TotalPreviousYears>3.000</r2:TotalPreviousYears>
                                        <r2:PriorYear>
                                            <r2:Amount>3.301</r2:Amount>
                                            <r2:AwardDate>2023-11</r2:AwardDate>
                                        </r2:PriorYear>
                                        <r2:CurrentYear>
                                            <r2:Amount>3.274</r2:Amount>
                                            <r2:AwardDate>2024-12</r2:AwardDate>
                                        </r2:CurrentYear>
                                        <r2:BudgetYearOne>
                                            <r2:Amount>0.000</r2:Amount>
                                        </r2:BudgetYearOne>
                                        <r2:BudgetYearOneBase>
                                            <r2:Amount>0.000</r2:Amount>
                                        </r2:BudgetYearOneBase>
                                        <r2:CostToComplete>Continuing</r2:CostToComplete>
                                        <r2:TotalCost>Continuing</r2:TotalCost>
                                    </r2:Cost>
                                </r2:CostCategoryItem>
                                <r2:CostCategoryItem>
                                    <r2:Name>OPFOR</r2:Name>
                                    <r2:FundingVehicle>MIPR</r2:FundingVehicle>
                                    <r2:PerformingActivity>GSA FAS AAS FEDSIM (QF0B),</r2:PerformingActivity>
                                    <r2:PerformingActivityLocation>Washington, D.C.</r2:PerformingActivityLocation>
                                    <r2:Cost>
                                        <r2:TotalPreviousYears>0.950</r2:TotalPreviousYears>
                                        <r2:PriorYear>
                                            <r2:Amount>1.000</r2:Amount>
                                            <r2:AwardDate>2023-11</r2:AwardDate>
                                        </r2:PriorYear>
                                        <r2:CurrentYear>
                                            <r2:Amount>2.093</r2:Amount>
                                            <r2:AwardDate>2024-12</r2:AwardDate>
                                        </r2:CurrentYear>
                                        <r2:BudgetYearOne>
                                            <r2:Amount>0.000</r2:Amount>
                                        </r2:BudgetYearOne>
                                        <r2:BudgetYearOneBase>
                                            <r2:Amount>0.000</r2:Amount>
                                        </r2:BudgetYearOneBase>
                                        <r2:CostToComplete>Continuing</r2:CostToComplete>
                                        <r2:TotalCost>Continuing</r2:TotalCost>
                                    </r2:Cost>
                                </r2:CostCategoryItem>
                                <r2:CostCategoryItem>
                                    <r2:Name>OPFOR</r2:Name>
                                    <r2:FundingVehicle>MIPR</r2:FundingVehicle>
                                    <r2:PerformingActivity>MULTI</r2:PerformingActivity>
                                    <r2:PerformingActivityLocation>MULTI</r2:PerformingActivityLocation>
                                    <r2:Cost>
                                        <r2:TotalPreviousYears>1.950</r2:TotalPreviousYears>
                                        <r2:PriorYear>
                                            <r2:Amount>0.900</r2:Amount>
                                            <r2:AwardDate>2024-03</r2:AwardDate>
                                        </r2:PriorYear>
                                        <r2:CurrentYear>
                                            <r2:Amount>0.785</r2:Amount>
                                            <r2:AwardDate>2025-06</r2:AwardDate>
                                        </r2:CurrentYear>
                                        <r2:BudgetYearOne>
                                            <r2:Amount>0.000</r2:Amount>
                                        </r2:BudgetYearOne>
                                        <r2:BudgetYearOneBase>
                                            <r2:Amount>0.000</r2:Amount>
                                        </r2:BudgetYearOneBase>
                                        <r2:CostToComplete>Continuing</r2:CostToComplete>
                                        <r2:TotalCost>Continuing</r2:TotalCost>
                                    </r2:Cost>
                                </r2:CostCategoryItem>
                                <r2:CostCategoryItem>
                                    <r2:Name>Data Collection and Assessment</r2:Name>
                                    <r2:FundingVehicle>MIPR</r2:FundingVehicle>
                                    <r2:PerformingActivity>Naval Surface Warfare Center Dahlgren Division (NSWCDD),</r2:PerformingActivity>
                                    <r2:PerformingActivityLocation>Dahlgren, VA</r2:PerformingActivityLocation>
                                    <r2:Cost>
                                        <r2:TotalPreviousYears>0.900</r2:TotalPreviousYears>
                                        <r2:PriorYear>
                                            <r2:Amount>2.000</r2:Amount>
                                            <r2:AwardDate>2023-11</r2:AwardDate>
                                        </r2:PriorYear>
                                        <r2:CurrentYear>
                                            <r2:Amount>0.862</r2:Amount>
                                            <r2:AwardDate>2024-12</r2:AwardDate>
                                        </r2:CurrentYear>
                                        <r2:BudgetYearOne>
                                            <r2:Amount>0.000</r2:Amount>
                                        </r2:BudgetYearOne>
                                        <r2:BudgetYearOneBase>
                                            <r2:Amount>0.000</r2:Amount>
                                        </r2:BudgetYearOneBase>
                                        <r2:CostToComplete>Continuing</r2:CostToComplete>
                                        <r2:TotalCost>Continuing</r2:TotalCost>
                                    </r2:Cost>
                                </r2:CostCategoryItem>
                                <r2:CostCategoryItem>
                                    <r2:Name>Data Collection and Assessment</r2:Name>
                                    <r2:FundingVehicle>MIPR</r2:FundingVehicle>
                                    <r2:PerformingActivity>Center for Naval Analyses</r2:PerformingActivity>
                                    <r2:PerformingActivityLocation>Arlington, VA</r2:PerformingActivityLocation>
                                    <r2:Cost>
                                        <r2:TotalPreviousYears>1.505</r2:TotalPreviousYears>
                                        <r2:PriorYear>
                                            <r2:Amount>2.000</r2:Amount>
                                            <r2:AwardDate>2023-11</r2:AwardDate>
                                        </r2:PriorYear>
                                        <r2:CurrentYear>
                                            <r2:Amount>0.538</r2:Amount>
                                            <r2:AwardDate>2024-12</r2:AwardDate>
                                        </r2:CurrentYear>
                                        <r2:BudgetYearOne>
                                            <r2:Amount>0.000</r2:Amount>
                                        </r2:BudgetYearOne>
                                        <r2:BudgetYearOneBase>
                                            <r2:Amount>0.000</r2:Amount>
                                        </r2:BudgetYearOneBase>
                                        <r2:CostToComplete>Continuing</r2:CostToComplete>
                                        <r2:TotalCost>Continuing</r2:TotalCost>
                                    </r2:Cost>
                                </r2:CostCategoryItem>
                                <r2:CostCategoryItem>
                                    <r2:Name>Data Collection and Assessment</r2:Name>
                                    <r2:FundingVehicle>MIPR</r2:FundingVehicle>
                                    <r2:PerformingActivity>NSWC CRANE</r2:PerformingActivity>
                                    <r2:PerformingActivityLocation>INDIANA</r2:PerformingActivityLocation>
                                    <r2:Cost>
                                        <r2:TotalPreviousYears>0.400</r2:TotalPreviousYears>
                                        <r2:PriorYear>
                                            <r2:Amount>0.500</r2:Amount>
                                            <r2:AwardDate>2023-11</r2:AwardDate>
                                        </r2:PriorYear>
                                        <r2:CurrentYear>
                                            <r2:Amount>0.000</r2:Amount>
                                            <r2:AwardDate>2024-12</r2:AwardDate>
                                        </r2:CurrentYear>
                                        <r2:BudgetYearOne>
                                            <r2:Amount>0.000</r2:Amount>
                                        </r2:BudgetYearOne>
                                        <r2:BudgetYearOneBase>
                                            <r2:Amount>0.000</r2:Amount>
                                        </r2:BudgetYearOneBase>
                                        <r2:CostToComplete>Continuing</r2:CostToComplete>
                                        <r2:TotalCost>Continuing</r2:TotalCost>
                                    </r2:Cost>
                                </r2:CostCategoryItem>
                                <r2:CostCategoryItem>
                                    <r2:Name>Data Collection and Assessment</r2:Name>
                                    <r2:FundingVehicle>MIPR</r2:FundingVehicle>
                                    <r2:PerformingActivity>US ARSC</r2:PerformingActivity>
                                    <r2:PerformingActivityLocation>Aberdeen, MD</r2:PerformingActivityLocation>
                                    <r2:Cost>
                                        <r2:TotalPreviousYears>0.695</r2:TotalPreviousYears>
                                        <r2:PriorYear>
                                            <r2:Amount>0.500</r2:Amount>
                                            <r2:AwardDate>2023-11</r2:AwardDate>
                                        </r2:PriorYear>
                                        <r2:CurrentYear>
                                            <r2:Amount>0.800</r2:Amount>
                                            <r2:AwardDate>2024-12</r2:AwardDate>
                                        </r2:CurrentYear>
                                        <r2:BudgetYearOne>
                                            <r2:Amount>0.000</r2:Amount>
                                        </r2:BudgetYearOne>
                                        <r2:BudgetYearOneBase>
                                            <r2:Amount>0.000</r2:Amount>
                                        </r2:BudgetYearOneBase>
                                        <r2:CostToComplete>Continuing</r2:CostToComplete>
                                        <r2:TotalCost>Continuing</r2:TotalCost>
                                    </r2:Cost>
                                </r2:CostCategoryItem>
                                <r2:CostCategoryItem>
                                    <r2:Name>RDER Program Management</r2:Name>
                                    <r2:FundingVehicle>MIPR</r2:FundingVehicle>
                                    <r2:PerformingActivity>MULTI</r2:PerformingActivity>
                                    <r2:PerformingActivityLocation>MULTI</r2:PerformingActivityLocation>
                                    <r2:Cost>
                                        <r2:TotalPreviousYears>2.533</r2:TotalPreviousYears>
                                        <r2:PriorYear>
                                            <r2:Amount>2.515</r2:Amount>
                                            <r2:AwardDate>2024-03</r2:AwardDate>
                                        </r2:PriorYear>
                                        <r2:CurrentYear>
                                            <r2:Amount>2.375</r2:Amount>
                                            <r2:AwardDate>2025-03</r2:AwardDate>
                                        </r2:CurrentYear>
                                        <r2:BudgetYearOne>
                                            <r2:Amount>0.000</r2:Amount>
                                        </r2:BudgetYearOne>
                                        <r2:BudgetYearOneBase>
                                            <r2:Amount>0.000</r2:Amount>
                                        </r2:BudgetYearOneBase>
                                        <r2:CostToComplete>Continuing</r2:CostToComplete>
                                        <r2:TotalCost>Continuing</r2:TotalCost>
                                    </r2:Cost>
                                </r2:CostCategoryItem>
                            </r2:CostCategoryItemList>
                        </r2:CostCategoryGroup>
                    </r2:CostCategoryGroupList>
                </r2:R3Exhibit>
                <r2:R4Exhibit>
                    <r2:ScheduleProfile>
                        <r2:ImageFileName>FY25 R2 POAM.jpg</r2:ImageFileName>
                    </r2:ScheduleProfile>
                </r2:R4Exhibit>
                <r2:R4aExhibit>
                    <r2:SubProjectScheduleList>
                        <r2:SubProjectSchedule>
                            <r2:Title>Rapid Defense Experimentation Reserve Program Management</r2:Title>
                            <r2:ScheduleDetailList>
                                <r2:ScheduleDetail>
                                    <r2:EventTitle>Program Management</r2:EventTitle>
                                    <r2:Schedule>
                                        <r2:Start>
                                            <r2:Quarter>1</r2:Quarter>
                                            <r2:Year>2025</r2:Year>
                                        </r2:Start>
                                        <r2:End>
                                            <r2:Quarter>4</r2:Quarter>
                                            <r2:Year>2025</r2:Year>
                                        </r2:End>
                                    </r2:Schedule>
                                </r2:ScheduleDetail>
                            </r2:ScheduleDetailList>
                        </r2:SubProjectSchedule>
                        <r2:SubProjectSchedule>
                            <r2:Title>Rapid Defense Experimentation Reserve Experiments Integration</r2:Title>
                            <r2:ScheduleDetailList>
                                <r2:ScheduleDetail>
                                    <r2:EventTitle>Experiments Integration</r2:EventTitle>
                                    <r2:Schedule>
                                        <r2:Start>
                                            <r2:Quarter>1</r2:Quarter>
                                            <r2:Year>2025</r2:Year>
                                        </r2:Start>
                                        <r2:End>
                                            <r2:Quarter>4</r2:Quarter>
                                            <r2:Year>2025</r2:Year>
                                        </r2:End>
                                    </r2:Schedule>
                                </r2:ScheduleDetail>
                            </r2:ScheduleDetailList>
                        </r2:SubProjectSchedule>
                        <r2:SubProjectSchedule>
                            <r2:Title>Rapid Defense Experimentation Reserve Experiment Design</r2:Title>
                            <r2:ScheduleDetailList>
                                <r2:ScheduleDetail>
                                    <r2:EventTitle>Experiment Design</r2:EventTitle>
                                    <r2:Schedule>
                                        <r2:Start>
                                            <r2:Quarter>1</r2:Quarter>
                                            <r2:Year>2025</r2:Year>
                                        </r2:Start>
                                        <r2:End>
                                            <r2:Quarter>4</r2:Quarter>
                                            <r2:Year>2025</r2:Year>
                                        </r2:End>
                                    </r2:Schedule>
                                </r2:ScheduleDetail>
                            </r2:ScheduleDetailList>
                        </r2:SubProjectSchedule>
                        <r2:SubProjectSchedule>
                            <r2:Title>Rapid Defense Experimentation Reserve Experimentation Execution</r2:Title>
                            <r2:ScheduleDetailList>
                                <r2:ScheduleDetail>
                                    <r2:EventTitle>Experimentation Execution</r2:EventTitle>
                                    <r2:Schedule>
                                        <r2:Start>
                                            <r2:Quarter>1</r2:Quarter>
                                            <r2:Year>2025</r2:Year>
                                        </r2:Start>
                                        <r2:End>
                                            <r2:Quarter>4</r2:Quarter>
                                            <r2:Year>2025</r2:Year>
                                        </r2:End>
                                    </r2:Schedule>
                                </r2:ScheduleDetail>
                            </r2:ScheduleDetailList>
                        </r2:SubProjectSchedule>
                        <r2:SubProjectSchedule>
                            <r2:Title>Rapid Defense Experimentation Reserve Opposing Force (OPFOR) Threat Emulation</r2:Title>
                            <r2:ScheduleDetailList>
                                <r2:ScheduleDetail>
                                    <r2:EventTitle>Opposing Force (OPFOR) Threat Emulation</r2:EventTitle>
                                    <r2:Schedule>
                                        <r2:Start>
                                            <r2:Quarter>1</r2:Quarter>
                                            <r2:Year>2025</r2:Year>
                                        </r2:Start>
                                        <r2:End>
                                            <r2:Quarter>4</r2:Quarter>
                                            <r2:Year>2025</r2:Year>
                                        </r2:End>
                                    </r2:Schedule>
                                </r2:ScheduleDetail>
                            </r2:ScheduleDetailList>
                        </r2:SubProjectSchedule>
                        <r2:SubProjectSchedule>
                            <r2:Title>Rapid Defense Experimentation Reserve Data Collection and Assessment</r2:Title>
                            <r2:ScheduleDetailList>
                                <r2:ScheduleDetail>
                                    <r2:EventTitle>Data Collection and Assessment</r2:EventTitle>
                                    <r2:Schedule>
                                        <r2:Start>
                                            <r2:Quarter>1</r2:Quarter>
                                            <r2:Year>2025</r2:Year>
                                        </r2:Start>
                                        <r2:End>
                                            <r2:Quarter>4</r2:Quarter>
                                            <r2:Year>2025</r2:Year>
                                        </r2:End>
                                    </r2:Schedule>
                                </r2:ScheduleDetail>
                            </r2:ScheduleDetailList>
                        </r2:SubProjectSchedule>
                    </r2:SubProjectScheduleList>
                </r2:R4aExhibit>
            </r2:Project>
        </r2:ProjectList>
    </r2:ProgramElement>
</r2:ProgramElementList>