<?xml version="1.0" encoding="UTF-8"?>
<r2:ProgramElementList xmlns:r2="http://www.dtic.mil/comptroller/xml/schema/022009/r2" targetSchemaVersion="1.0">
    <r2:ProgramElement monetaryUnit="Millions" format="R2Long">
        <r2:ProgramElementNumber>0605170D8Z</r2:ProgramElementNumber>
        <r2:ProgramElementTitle>Support to Networks and Information Integration (NII)</r2:ProgramElementTitle>
        <r2:R1LineNumber>177</r2:R1LineNumber>
        <r2:BudgetYear>2026</r2:BudgetYear>
        <r2:BudgetCycle>PB</r2:BudgetCycle>
        <r2:SubmissionDate>2025-06</r2:SubmissionDate>
        <r2:ServiceAgencyName>Office of the Secretary Of Defense</r2:ServiceAgencyName>
        <r2:AppropriationCode>0400</r2:AppropriationCode>
        <r2:AppropriationName>Research, Development, Test &amp; Evaluation, Defense-Wide</r2:AppropriationName>
        <r2:BudgetActivityNumber>6</r2:BudgetActivityNumber>
        <r2:BudgetActivityTitle>RDT&amp;E Management Support</r2:BudgetActivityTitle>
        <r2:ProgramElementFunding>
            <r2:AllPriorYears>112.272</r2:AllPriorYears>
            <r2:PriorYear>10.120</r2:PriorYear>
            <r2:CurrentYear>8.580</r2:CurrentYear>
            <r2:BudgetYearOne>15.597</r2:BudgetYearOne>
            <r2:BudgetYearOneBase>15.597</r2:BudgetYearOneBase>
            <r2:CostToComplete>Continuing</r2:CostToComplete>
            <r2:TotalCost>Continuing</r2:TotalCost>
        </r2:ProgramElementFunding>
        <r2:ChangeSummary>
            <r2:PreviousPresidentBudget>
                <r2:PriorYear>10.504</r2:PriorYear>
                <r2:CurrentYear>8.580</r2:CurrentYear>
                <r2:BudgetYearOne>15.597</r2:BudgetYearOne>
                <r2:BudgetYearOneBase>15.597</r2:BudgetYearOneBase>
            </r2:PreviousPresidentBudget>
            <r2:CurrentPresidentBudget>
                <r2:PriorYear>10.120</r2:PriorYear>
                <r2:CurrentYear>8.580</r2:CurrentYear>
                <r2:BudgetYearOne>15.597</r2:BudgetYearOne>
                <r2:BudgetYearOneBase>15.597</r2:BudgetYearOneBase>
            </r2:CurrentPresidentBudget>
            <r2:TotalAdjustments>
                <r2:PriorYear>-0.384</r2:PriorYear>
                <r2:CurrentYear>0.000</r2:CurrentYear>
                <r2:BudgetYearOne>0.000</r2:BudgetYearOne>
                <r2:BudgetYearOneBase>0.000</r2:BudgetYearOneBase>
            </r2:TotalAdjustments>
            <r2:AdjustmentDetails>
                <r2:SBIRSTTRTransfer>
                    <r2:PriorYear>-0.384</r2:PriorYear>
                </r2:SBIRSTTRTransfer>
            </r2:AdjustmentDetails>
            <r2:SummaryExplanation>The FY 2026 increase includes $6.871M of discretionary funds in classified funding, $1.5M in classified funding from a DoD program budget decision, and a $0.800m reduction per Executive Order 14222 "Implementing the President's 'Department of Government Efficiency' Cost Efficiency Initiative” for a net total of $7.517M.</r2:SummaryExplanation>
        </r2:ChangeSummary>
        <r2:ProjectList>
            <r2:Project>
                <r2:ProjectNumber>170</r2:ProjectNumber>
                <r2:ProjectTitle>Support to NII</r2:ProjectTitle>
                <r2:SpecialProject>0</r2:SpecialProject>
                <r2:ProjectFunding>
                    <r2:AllPriorYears>112.272</r2:AllPriorYears>
                    <r2:PriorYear>10.120</r2:PriorYear>
                    <r2:CurrentYear>8.580</r2:CurrentYear>
                    <r2:BudgetYearOne>15.597</r2:BudgetYearOne>
                    <r2:BudgetYearOneBase>15.597</r2:BudgetYearOneBase>
                    <r2:CostToComplete>Continuing</r2:CostToComplete>
                    <r2:TotalCost>Continuing</r2:TotalCost>
                </r2:ProjectFunding>
                <r2:R2aExhibit>
                    <r2:ProjectNote>New Start (Y/N): No</r2:ProjectNote>
                    <r2:ProjectMissionDescription>This program supports the Department's initiatives to deter aggression, defend the homeland, and build enduring advantage.

The Networks and Information Integration (NII) program supports Military Global Positioning System (GPS) User Equipment (MGUE) modernization, alternative positioning, navigation, and timing (PNT) policy, and the DoD's PNT Oversight Council.  It also supports interagency activities related to space-based PNT and electromagnetic spectrum (EMS) management.

In support of the National Defense Strategy, resilient PNT and GPS services provide a battlespace advantage through precision targeting, intelligence, surveillance, and reconnaissance (ISR), efficient logistics, and force tracking.  The joint force is modernizing PNT capabilities to use GPS M-code and incorporate alternate PNT information via a modular open systems approach.

The integrated planning and management project oversees national-level command and control (C2) capabilities development and interoperability through the National Leadership Command Capabilities Management Office (NMO).  The NMO ensures timely situational awareness and decision tools for senior leaders, supporting the DoD CIO's oversight of critical command, control, and communications (C3) assets.  Focus areas include national leadership C3 systems, national security/emergency preparedness, DoD support to civil authorities, continuity of government, and cyber mission indications and warnings.</r2:ProjectMissionDescription>
                    <r2:AccomplishmentPlannedProgramList>
                        <r2:AccomplishmentPlannedProgram>
                            <r2:Title>Support to Networks and Information Integration (NII)</r2:Title>
                            <r2:Accomplishment>
                                <r2:PriorYear>
                                    <r2:Funding>10.120</r2:Funding>
                                    <r2:Text>Oversee GPS/PNT management and planning activities to meet warfighter requirements.  Manage DoD PNT Oversight Council activities, supporting structure, and support the National Space-Based PNT Executive Committee.  Support activities include:
- Manage the PNT Security manual (DoDM-O4650.11).
- Continue implementing the GPS protection profile matrix from navigation warfare (NAVWAR) concept of operations in conjunction with warfighting operation plans (OPLANs) and concept plans (CONPLANs) in coordination with U.S. Space Command (USSPACECOM).
- Manage the PNT Navigation Warfare instruction (DoDI 4650.08) and all OPLAN and CONPLAN annexes, in coordination with U.S. Strategic Command (USSTRATCOM).
- Manage National Airspace System activities affecting PNT with the U.S. Air Force and Federal Aviation Administration.  Continue implementing Red Key Sundown policy.
- Provide staff support, perform research, and conduct studies as directed by the Deputy Secretary of Defense in her role as the National Space-Based PNT Executive Committee co-chair and for DoD CIO in his role as co-chair of the Space-Based PNT Executive Steering Group, including EMS access activities.
- Apply NAVWAR concepts of operation via the Joint Navigation Warfare Center and USSPACECOM to develop doctrine, tactics, techniques and procedures, training, equipment validation, and material solutions to the military departments and combatant commanders, addressing NAVWAR challenges defined in OPLAN and CONPLAN scenarios.
- Provide oversight and guidance on the DoD PNT investment strategy to ensure PNT material solutions development are synchronized in JCIDS, the Defense Acquisition System, and the planning, programming, budgeting, and execution process.
- Implement PNT and NAVWAR policy instructions, PNT systems compliance with NAVWAR requirements and PNT Security manual.
- Analyze and promote alternative PNT delivery to include in the force protection structure.  Assist developing MOSA standards to field alternative PNT and develop alternative PNT modeling and simulation tools. 
- Task the intelligence community to assess GPS threat vectors and other PNT delivery means; conduct operational assessments to reveal gaps in PNT delivery against OPLANs and CONPLANs; and refresh PNT equipment maintenance.
- Develop directives, instructions, and manuals to implement the PNT Strategy within the Department.
- Continue special tasks directed by DoD CIO to accelerate development and fielding of advanced GPS receivers in the joint force.
- Maintain and update existing GPS receiver equipment  inventory, to include antennae, antennae electronics, and PNT delivery via other-than-GPS equipment.
- Address prioritized platforms in fielding plans and guidance to military departments.
- Develop MGUE “roadmap” illustrating necessary joint force fielding milestones.
- Administer the PNT Oversight Council and PNT Executive Management Board within DoD via supporting directives and instructions, meeting agendas and minutes, task disposition and the PNT Oversight Council annual report.  Chair and manage subordinate PNT and NAVWAR working groups. 
- Address North Atlantic Treaty Organization (NATO) PNT interoperability via standardization agreements, allied navigation plans, and associated documentation in the Navigation/Identification Capability Panel (CaP-2) under the NATO Consultation, Command, and Control Board direction.  Ensure complementary allied equipage and planning based on U.S. Air Force GPS development, open systems architecture development, and foreign PNT systems and capabilities. 
- Ensure cybersecurity of all DoD PNT enterprise elements.  Assist other federal departments and agencies, as required.

Provide oversight and guidance on maritime information systems (MIS) and submarine fiber optic cables (SFOC) and associated infrastructure.  These activities encompass requirements analysis, identifying communications capability shortfalls and interoperability issues, assessing equipment performance issues, and exploring future communications improvements.  This includes technical expertise and systems engineering expertise in support of MIS and SFOC capabilities acquisition, planning, procurement, installation, operations, and sustainment.  

Provide senior leader C3 systems and platforms technical expertise and oversight, including White House, Secretary of Defense, Chairman of the Joint Chiefs of Staff, and other senior leader fixed and mobile communications capabilities.  These activities consolidate senior leader operational mission requirements, identify communications capability shortfalls and interoperability issues, assess equipment performance issues, and explore future communications improvements.</r2:Text>
                                </r2:PriorYear>
                            </r2:Accomplishment>
                            <r2:PlannedProgram>
                                <r2:CurrentYear>
                                    <r2:Funding>8.580</r2:Funding>
                                    <r2:Text>-  Implement Interim National Defense Strategic Guidance, in coordination with OSD, MILDEPs, JS, and Combatant Commands, to ensure a resilient DoD PNT enterprise.
-  Oversee the DoD PNT investment strategy to synchronize PNT materiel solutions development across the Joint Capabilities Integration and Development System, Defense Acquisition System, planning, programming, budgeting, and execution.
-  Implement PNT DoD instructions and DoD manuals to enforce PNT and navigation warfare policy, PNT system compliance with navigation warfare requirements, and security policy.</r2:Text>
                                </r2:CurrentYear>
                                <r2:BudgetYearOne>
                                    <r2:Funding>15.597</r2:Funding>
                                </r2:BudgetYearOne>
                                <r2:BudgetYearOneBase>
                                    <r2:Funding>15.597</r2:Funding>
                                    <r2:Text>-  Continue base program initiatives from prior budget year.
-  Increase focus and funding on alternate PNT capabilities, to include resilient PNT services and situational awareness of the electronic battlespace.</r2:Text>
                                </r2:BudgetYearOneBase>
                                <r2:AppChangeSummary>The FY2025 to FY2026 increase is due to classified adds.</r2:AppChangeSummary>
                            </r2:PlannedProgram>
                        </r2:AccomplishmentPlannedProgram>
                    </r2:AccomplishmentPlannedProgramList>
                </r2:R2aExhibit>
            </r2:Project>
        </r2:ProjectList>
    </r2:ProgramElement>
</r2:ProgramElementList>