<?xml version="1.0" encoding="UTF-8"?>
<r2:ProgramElementList xmlns:r2="http://www.dtic.mil/comptroller/xml/schema/022009/r2" targetSchemaVersion="1.0">
    <r2:ProgramElement monetaryUnit="Millions">
        <r2:ProgramElementNumber>0603375D8Z</r2:ProgramElementNumber>
        <r2:ProgramElementTitle>Technology Innovation</r2:ProgramElementTitle>
        <r2:R1LineNumber>52</r2:R1LineNumber>
        <r2:BudgetYear>2026</r2:BudgetYear>
        <r2:BudgetCycle>PB</r2:BudgetCycle>
        <r2:SubmissionDate>2025-06</r2:SubmissionDate>
        <r2:ServiceAgencyName>Office of the Secretary Of Defense</r2:ServiceAgencyName>
        <r2:AppropriationCode>0400</r2:AppropriationCode>
        <r2:AppropriationName>Research, Development, Test &amp; Evaluation, Defense-Wide</r2:AppropriationName>
        <r2:BudgetActivityNumber>3</r2:BudgetActivityNumber>
        <r2:BudgetActivityTitle>Advanced Technology Development (ATD)</r2:BudgetActivityTitle>
        <r2:ProgramElementFunding>
            <r2:AllPriorYears>0.000</r2:AllPriorYears>
            <r2:PriorYear>48.393</r2:PriorYear>
            <r2:CurrentYear>58.729</r2:CurrentYear>
            <r2:BudgetYearOne>19.654</r2:BudgetYearOne>
            <r2:BudgetYearOneBase>19.654</r2:BudgetYearOneBase>
            <r2:CostToComplete>Continuing</r2:CostToComplete>
            <r2:TotalCost>Continuing</r2:TotalCost>
        </r2:ProgramElementFunding>
        <r2:ProgramElementNote>New Start (Y/N):  No</r2:ProgramElementNote>
        <r2:ProgramElementMissionDescription>This program supports the Department's initiatives to Deter Strategic Attacks, Defend the Homeland, and Build a Resilient Joint Force and Defense Ecosystem. 

In order to sustain technological superiority, the Department must take immediate advantage of the rapid evolution of emerging technologies that will be a source of battlefield advantage, when integrated with military systems and novel concepts of operation.  This program focuses on rapidly moving these technologies to a Technology Readiness Level where they would then be ready to demonstrate in a prototyping or demonstration acceleration program to support warfighter needs. This funding is focused on supporting efforts within the Department’s Critical Technology Areas that contribute to the broader joint mission needs.

Leveraging these technologies from both defense and commercial sources, to include non-traditional sources such as startup companies, has the potential to rapidly address warfighter problem sets in areas where commercial innovation outstrips government investment in the same technology areas.</r2:ProgramElementMissionDescription>
        <r2:ChangeSummary>
            <r2:PreviousPresidentBudget>
                <r2:PriorYear>123.837</r2:PriorYear>
                <r2:CurrentYear>74.549</r2:CurrentYear>
                <r2:BudgetYearOne>0.000</r2:BudgetYearOne>
                <r2:BudgetYearOneBase>0.000</r2:BudgetYearOneBase>
            </r2:PreviousPresidentBudget>
            <r2:CurrentPresidentBudget>
                <r2:PriorYear>48.393</r2:PriorYear>
                <r2:CurrentYear>58.729</r2:CurrentYear>
                <r2:BudgetYearOne>19.654</r2:BudgetYearOne>
                <r2:BudgetYearOneBase>19.654</r2:BudgetYearOneBase>
            </r2:CurrentPresidentBudget>
            <r2:TotalAdjustments>
                <r2:PriorYear>-75.444</r2:PriorYear>
                <r2:CurrentYear>-15.820</r2:CurrentYear>
                <r2:BudgetYearOne>19.654</r2:BudgetYearOne>
                <r2:BudgetYearOneBase>19.654</r2:BudgetYearOneBase>
            </r2:TotalAdjustments>
            <r2:AdjustmentDetails>
                <r2:CongressionalGeneralReductions>
                    <r2:PriorYear>-73.605</r2:PriorYear>
                </r2:CongressionalGeneralReductions>
                <r2:CongressionalDirectedTransfers>
                    <r2:CurrentYear>-15.820</r2:CurrentYear>
                </r2:CongressionalDirectedTransfers>
                <r2:Reprogrammings>
                    <r2:PriorYear>-0.006</r2:PriorYear>
                </r2:Reprogrammings>
                <r2:SBIRSTTRTransfer>
                    <r2:PriorYear>-1.833</r2:PriorYear>
                </r2:SBIRSTTRTransfer>
                <r2:OtherAdjustmentDetailList>
                    <r2:OtherAdjustmentDetail>
                        <r2:Title>Higher Classification</r2:Title>
                        <r2:Funding>
                            <r2:BudgetYearOne>19.654</r2:BudgetYearOne>
                            <r2:BudgetYearOneBase>19.654</r2:BudgetYearOneBase>
                        </r2:Funding>
                    </r2:OtherAdjustmentDetail>
                </r2:OtherAdjustmentDetailList>
            </r2:AdjustmentDetails>
            <r2:SummaryExplanation>The decrease of $15.820 million in FY 2025 is due to congressional reduction -Technology Innovation.
The $19.654 million increase was added to support Higher Classification.</r2:SummaryExplanation>
        </r2:ChangeSummary>
        <r2:ProjectList>
            <r2:Project>
                <r2:ProjectNumber>377</r2:ProjectNumber>
                <r2:ProjectTitle>Anomalous Incidents Research</r2:ProjectTitle>
                <r2:SpecialProject>0</r2:SpecialProject>
                <r2:ProjectFunding>
                    <r2:AllPriorYears>0.000</r2:AllPriorYears>
                    <r2:PriorYear>44.190</r2:PriorYear>
                    <r2:CurrentYear>58.729</r2:CurrentYear>
                    <r2:BudgetYearOne>0.000</r2:BudgetYearOne>
                    <r2:BudgetYearOneBase>0.000</r2:BudgetYearOneBase>
                </r2:ProjectFunding>
                <r2:R2aExhibit>
                    <r2:ProjectMissionDescription>The program focuses on research and development to determine the cause of anomalous health incidents (AHI) affecting government personnel at locations around the world and developing protective countermeasures to safeguard the force.  The National Security Council led efforts include multi-Service/multi-Agency Laboratory collaboration to assess bioeffects and causes of AHI.</r2:ProjectMissionDescription>
                    <r2:AccomplishmentPlannedProgramList>
                        <r2:AccomplishmentPlannedProgram>
                            <r2:Title>AHI</r2:Title>
                            <r2:Description>The National Security Council led multi-Service/multi-Agency Laboratory collaboration will conduct research and development to determine the cause of AHI, in-depth bioeffects, and countermeasures.</r2:Description>
                            <r2:Accomplishment>
                                <r2:PriorYear>
                                    <r2:Funding>44.190</r2:Funding>
                                    <r2:Text>Continue multi-Agency/multi-Laboratory efforts to determine the cause of AHI with additional bioeffects testing and development of countermeasures.</r2:Text>
                                </r2:PriorYear>
                            </r2:Accomplishment>
                            <r2:PlannedProgram>
                                <r2:CurrentYear>
                                    <r2:Funding>58.729</r2:Funding>
                                    <r2:Text>Using equipment and instrumentation purchased and the research capabilities developed in FY 2024, perform novel research and evaluate the scientific and physics basis for certain hypotheses related to plausible mechanisms associated with the AHI phenomenon.  Develop enhanced bioeffects testing and continue development and testing of countermeasures.</r2:Text>
                                </r2:CurrentYear>
                                <r2:AppChangeSummary>The decrease of $58.729 million between FY 2025 and FY 2026 is due to realignment of programs and strategy focus.</r2:AppChangeSummary>
                            </r2:PlannedProgram>
                        </r2:AccomplishmentPlannedProgram>
                    </r2:AccomplishmentPlannedProgramList>
                </r2:R2aExhibit>
            </r2:Project>
            <r2:Project>
                <r2:ProjectNumber>375</r2:ProjectNumber>
                <r2:ProjectTitle>Technology Innovation</r2:ProjectTitle>
                <r2:SpecialProject>0</r2:SpecialProject>
                <r2:ProjectFunding>
                    <r2:AllPriorYears>0.000</r2:AllPriorYears>
                    <r2:PriorYear>4.203</r2:PriorYear>
                    <r2:CurrentYear>0.000</r2:CurrentYear>
                    <r2:BudgetYearOne>19.654</r2:BudgetYearOne>
                    <r2:BudgetYearOneBase>19.654</r2:BudgetYearOneBase>
                    <r2:CostToComplete>Continuing</r2:CostToComplete>
                    <r2:TotalCost>Continuing</r2:TotalCost>
                </r2:ProjectFunding>
                <r2:R2aExhibit>
                    <r2:ProjectMissionDescription>Higher Classification. 
For further information, please contact PTDO Assistant Secretary of Defense for Critical Technologies within the Office of the Under Secretary of Defenses for Research and Engineering (OUSD(R&amp;E).</r2:ProjectMissionDescription>
                    <r2:AccomplishmentPlannedProgramList>
                        <r2:AccomplishmentPlannedProgram>
                            <r2:Title>Higher Classification</r2:Title>
                            <r2:Description>Information is classified.

For further information, please contact PTDO Assistant Secretary of Defense for Critical Technologies within the Office of the Under Secretary of Defenses for Research and Engineering (OUSD(R&amp;E).</r2:Description>
                            <r2:Accomplishment>
                                <r2:PriorYear>
                                    <r2:Funding>4.203</r2:Funding>
                                </r2:PriorYear>
                            </r2:Accomplishment>
                            <r2:PlannedProgram>
                                <r2:BudgetYearOne>
                                    <r2:Funding>19.654</r2:Funding>
                                </r2:BudgetYearOne>
                                <r2:BudgetYearOneBase>
                                    <r2:Funding>19.654</r2:Funding>
                                    <r2:Text>Information is classified.</r2:Text>
                                </r2:BudgetYearOneBase>
                                <r2:AppChangeSummary>The increase of $19.654 million between FY 2025 and FY 2026 is for HIGHER CLASSIFICATION.</r2:AppChangeSummary>
                            </r2:PlannedProgram>
                        </r2:AccomplishmentPlannedProgram>
                    </r2:AccomplishmentPlannedProgramList>
                </r2:R2aExhibit>
                <r2:R4aExhibit>
                    <r2:SubProjectScheduleList>
                        <r2:SubProjectSchedule>
                            <r2:Title>Higher Classification</r2:Title>
                            <r2:ScheduleDetailList>
                                <r2:ScheduleDetail>
                                    <r2:EventTitle>Higher Classification</r2:EventTitle>
                                    <r2:Schedule>
                                        <r2:Start>
                                            <r2:Quarter>4</r2:Quarter>
                                            <r2:Year>2025</r2:Year>
                                        </r2:Start>
                                        <r2:End>
                                            <r2:Quarter>3</r2:Quarter>
                                            <r2:Year>2027</r2:Year>
                                        </r2:End>
                                    </r2:Schedule>
                                </r2:ScheduleDetail>
                            </r2:ScheduleDetailList>
                        </r2:SubProjectSchedule>
                    </r2:SubProjectScheduleList>
                </r2:R4aExhibit>
            </r2:Project>
        </r2:ProjectList>
    </r2:ProgramElement>
</r2:ProgramElementList>