<?xml version="1.0" encoding="UTF-8"?>
<r2:ProgramElementList xmlns:r2="http://www.dtic.mil/comptroller/xml/schema/022009/r2" targetSchemaVersion="1.0">
    <r2:ProgramElement monetaryUnit="Millions" format="R2Long">
        <r2:ProgramElementNumber>0601120D8Z</r2:ProgramElementNumber>
        <r2:ProgramElementTitle>National Defense Education Program (NDEP)</r2:ProgramElementTitle>
        <r2:R1LineNumber>6</r2:R1LineNumber>
        <r2:BudgetYear>2026</r2:BudgetYear>
        <r2:BudgetCycle>PB</r2:BudgetCycle>
        <r2:SubmissionDate>2025-06</r2:SubmissionDate>
        <r2:ServiceAgencyName>Office of the Secretary Of Defense</r2:ServiceAgencyName>
        <r2:AppropriationCode>0400</r2:AppropriationCode>
        <r2:AppropriationName>Research, Development, Test &amp; Evaluation, Defense-Wide</r2:AppropriationName>
        <r2:BudgetActivityNumber>1</r2:BudgetActivityNumber>
        <r2:BudgetActivityTitle>Basic Research</r2:BudgetActivityTitle>
        <r2:ProgramElementFunding>
            <r2:AllPriorYears>168.539</r2:AllPriorYears>
            <r2:PriorYear>157.139</r2:PriorYear>
            <r2:CurrentYear>169.986</r2:CurrentYear>
            <r2:BudgetYearOne>146.010</r2:BudgetYearOne>
            <r2:BudgetYearOneBase>146.010</r2:BudgetYearOneBase>
            <r2:CostToComplete>Continuing</r2:CostToComplete>
            <r2:TotalCost>Continuing</r2:TotalCost>
        </r2:ProgramElementFunding>
        <r2:ChangeSummary>
            <r2:PreviousPresidentBudget>
                <r2:PriorYear>159.549</r2:PriorYear>
                <r2:CurrentYear>169.986</r2:CurrentYear>
                <r2:BudgetYearOne>180.518</r2:BudgetYearOne>
                <r2:BudgetYearOneBase>180.518</r2:BudgetYearOneBase>
            </r2:PreviousPresidentBudget>
            <r2:CurrentPresidentBudget>
                <r2:PriorYear>157.139</r2:PriorYear>
                <r2:CurrentYear>169.986</r2:CurrentYear>
                <r2:BudgetYearOne>146.010</r2:BudgetYearOne>
                <r2:BudgetYearOneBase>146.010</r2:BudgetYearOneBase>
            </r2:CurrentPresidentBudget>
            <r2:TotalAdjustments>
                <r2:PriorYear>-2.410</r2:PriorYear>
                <r2:CurrentYear>0.000</r2:CurrentYear>
                <r2:BudgetYearOne>-34.508</r2:BudgetYearOne>
                <r2:BudgetYearOneBase>-34.508</r2:BudgetYearOneBase>
            </r2:TotalAdjustments>
            <r2:AdjustmentDetails>
                <r2:CongressionalAdds>
                    <r2:PriorYear>3.000</r2:PriorYear>
                </r2:CongressionalAdds>
                <r2:Reprogrammings>
                    <r2:PriorYear>-0.011</r2:PriorYear>
                </r2:Reprogrammings>
                <r2:SBIRSTTRTransfer>
                    <r2:PriorYear>-5.399</r2:PriorYear>
                </r2:SBIRSTTRTransfer>
                <r2:OtherAdjustmentDetailList>
                    <r2:OtherAdjustmentDetail>
                        <r2:Title>Economic Assumptions</r2:Title>
                        <r2:Funding>
                            <r2:BudgetYearOne>-0.365</r2:BudgetYearOne>
                            <r2:BudgetYearOneBase>-0.365</r2:BudgetYearOneBase>
                        </r2:Funding>
                    </r2:OtherAdjustmentDetail>
                    <r2:OtherAdjustmentDetail>
                        <r2:Title>Program Adjustments</r2:Title>
                        <r2:Funding>
                            <r2:BudgetYearOne>-34.143</r2:BudgetYearOne>
                            <r2:BudgetYearOneBase>-34.143</r2:BudgetYearOneBase>
                        </r2:Funding>
                    </r2:OtherAdjustmentDetail>
                </r2:OtherAdjustmentDetailList>
            </r2:AdjustmentDetails>
            <r2:SummaryExplanation>The FY 2026 request includes decrease of $0.365 million for economic assumption and decrease of $24.140 million to optimize the workforce in compliance with Executive Order 14210, “Implementing the President’s Department of Government Efficiency Workforce Optimization Initiative.”

The FY 2026 request for NDEP includes $146.010 million of discretionary and $10,000 million of mandatory (reconciliation) for a total of $156,010 million. The mandatory funds Quality of Life. Further information for this reconciliation request is provided in Chapter 2 of the Reconciliation Exhibit.</r2:SummaryExplanation>
        </r2:ChangeSummary>
        <r2:ProjectList>
            <r2:Project>
                <r2:ProjectNumber>120</r2:ProjectNumber>
                <r2:ProjectTitle>National Defense Education Program (NDEP)</r2:ProjectTitle>
                <r2:SpecialProject>0</r2:SpecialProject>
                <r2:ProjectFunding>
                    <r2:AllPriorYears>168.539</r2:AllPriorYears>
                    <r2:PriorYear>157.139</r2:PriorYear>
                    <r2:CurrentYear>169.986</r2:CurrentYear>
                    <r2:BudgetYearOne>146.010</r2:BudgetYearOne>
                    <r2:BudgetYearOneBase>146.010</r2:BudgetYearOneBase>
                    <r2:CostToComplete>Continuing</r2:CostToComplete>
                    <r2:TotalCost>Continuing</r2:TotalCost>
                </r2:ProjectFunding>
                <r2:R2aExhibit>
                    <r2:ProjectNote>New Start (Y/N): No
OSD R-1 exhibit control reflects $156.010 million which includes $10.000 reconciliation amount.</r2:ProjectNote>
                    <r2:ProjectMissionDescription>This program supports the Department's strategy to Build Sustainable and Long-Term Advantage and Cultivate the Workforce that the DoD needs.

The National Defense Education Program (NDEP) supports the National Defense Science &amp; Technology Strategy in ensuring the foundations for research and development have the workforce it needs now and into the future, through investments at every level of education. NDEP: (1) Fosters and enhances the Department of Defense’s (DoD) ability to develop and access high-quality science, technology, engineering, and mathematics (STEM) talent vital to national defense; (2) Is executed by the Office of the Under Secretary of Defense for Research and Engineering (OUSD(R&amp;E)); (3) Aligns to the Federal STEM Strategy, and addresses critical STEM education and talent development challenges across the PreK-20 education continuum through evidence-based approaches; (4) Activities align with the Department’s vision of a diverse STEM talent pool readily accessible to serve our Nation and evolve the Department’s competitive edge; (5) Activities engage in assessment and evaluation practices as outlined by the Office of Management and Budget and the Government Accountability Office; and (6) Aligns to the DoD STEM Strategic Plan in support of the National Defense Strategy and the DoD science and technology (S&amp;T) critical technology areas.

NDEP is part of the broader Department-wide effort under DoD STEM, which works collectively with partners from academia, industry non-profit organizations, defense research laboratories and engineering centers, and other government entities to: (1) build strong foundations for STEM literacy; (2) increase inclusion, diversity, and equity in STEM; and (3) prepare the STEM workforce of the future.

NDEP activities provide authentic learning experiences through a variety of education and outreach initiatives in the form of scholarships, internships, enrichment activities, project/research-based competitions, and mentorships through strategic partnerships. The NDEP programs span across all age groups, including Pre-kindergarten through twelfth grade (PreK-12) students and teachers, and postsecondary, undergraduate, and graduate students. The NDEP’s portfolio includes: the Science, Mathematics, and Research for Transformation (SMART) scholarship-for-service program; STEM Education and Outreach (E&amp;O) efforts including the Defense STEM Education Consortium (DSEC); and specific Congressionally directed programs, to include the Manufacturing Engineering Education Program (MEEP) per 10 U.S. Code 4843 and broader NDEP funding opportunities in STEM education and workforce development. 

The SMART Program enables the Department to transform its STEM workforce while addressing near-term workforce demands. Per 10 U.S. Code 4093, the SMART program awards highly competitive scholarships to undergraduate and graduate students in any of the 24 STEM academic disciplines critical to national security, and hires the students, upon graduation, into DoD's civilian workforce. As part of the SMART experience, scholars engage in internships that allow for relevant hands-on research and work experiences in DoD facilities and international partner research institutions, thereby enhancing their educational experience. The SMART program ensures the Department has a steady infusion of high-quality technical talent, prepared in areas of critical importance, and ready to apply their technical knowledge, skills, and abilities to fulfill the DoD mission. Through an annual competitive SEED grant, SMART offers transitioning Ph.D. scholars an opportunity to establish a foundational research and engineering effort in their area of expertise aligned with a DoD mission or critical technology area and supporting their development into subject matter experts. Additionally, per FY 2021 NDAA Sec. 250, SMART also offers a competitive funding opportunity through the Creative Research &amp; Engineering Advancing Technical Equity in STEM (CREATES) Grant to expand and enhance connections and opportunities between the SMART program, SMART scholars, SMART sponsoring facilities, and students and faculty at Historically Black Colleges and Universities (HBCU), Minority Institutions (MI), Minority Service Institutions (MSI), Tribal Colleges and Universities (TCU) and Women’s Colleges (WC).

Since its inception in FY 2005, SMART has awarded approximately 5,200 scholarships to students pursuing undergraduate and graduate STEM degrees. To date, over 3,400 scholars have completed their academic pursuit and transitioned into DoD employment. More than 1,300 scholars are currently pursuing their SMART-funded degrees. Over 2,000 participants have successfully completed the program through their DoD Service commitment. 

NDEP’s STEM E&amp;O activities will continue to engage military-connected students in collaboration with the Department of Defense Education Activity (DoDEA), external partners, and other stakeholders to support the preparation of dependents of members of the armed forces for careers in STEM as enacted under 10 U.S. Code 2192(b). Additionally, where feasible, NDEP activities will also support the Supporting Veterans in STEM Careers Act, enacted in FY 2020. 

Per 10 U.S. Code 2192, NDEP’s STEM E&amp;O activities support a cohesive and coordinated approach by providing a continuum of preK to career opportunities for students, educators (formal and informal), administrators, and schools, especially for military-connected students. The primary effort under NDEP STEM E&amp;O is the Defense STEM Education Consortium (DSEC), which is a consortium-model approach, leveraging a collaborative ecosystem of partners that aims to develop America’s STEM workforce of the future ready to support the national security mission and the Warfighter. The DSEC is a multi-year investment through a cooperative agreement award comprised of a consortium of program partners that have a national reach, as well as regionally focused activities leveraging evidence-based approaches. In FY2025, about 40% of SMART Scholarship recipients previously participated in preK-12 programs such as those funded under DSEC. DSEC is designed to evolve over time, enabling the Department and the consortium the flexibility to bring in new strategic partners to address emerging issues in STEM education and talent development, and to align to DoD’s priorities.

The Biotechnology Education and Workforce Development (BIOTECH) efforts will be consolidated into the STEM E&amp;O beginning in FY 2026 and establishes new educational programs that align with biotechnology priorities through competitive grants and internal call for proposals.</r2:ProjectMissionDescription>
                    <r2:CongressionalAddDetailList>
                        <r2:CongressionalAddDetail>
                            <r2:Title>STEM fellowships</r2:Title>
                            <r2:PriorYear>
                                <r2:Funding>2.900</r2:Funding>
                                <r2:Text>In cohort 2024, 13 Scholarships were awarded under the Ronald V. Dellums memorial scholarship, with the goal to increase participation of underrepresented students in the DoD STEM workforce. This opportunity expands the SMART scholarship opportunity to rising college freshmen who plan to pursue a bachelor’s degree in one of the 24 SMART STEM disciplines. High school seniors are eligible to apply for the Dellums SMART Scholarship.</r2:Text>
                            </r2:PriorYear>
                        </r2:CongressionalAddDetail>
                    </r2:CongressionalAddDetailList>
                    <r2:AccomplishmentPlannedProgramList>
                        <r2:AccomplishmentPlannedProgram>
                            <r2:Title>Science, Mathematics, and Research for Transformation (SMART) Defense Education Program</r2:Title>
                            <r2:Description>SMART is a scholarship-for-service program that provides support to high performing U.S. graduate and undergraduate students in 24 academic science, technology, engineering, and mathematics (STEM) disciplines identified as critical to the national security mission. SMART Scholars receive full tuition, a stipend, allotments for books and health insurance, internships at a sponsoring DoD laboratory, engineering center, or agency, and guaranteed employment with the DoD upon degree completion. Students fulfill a one-for-one service commitment to the Department as a civilian employee for every year of scholarship provided.

The disciplines awarded to align with the Department’s Science and Technology (S&amp;T) priorities and emerging scientific research areas, such as: Aeronautical and Astronautical Engineering; Biomedical Engineering; Biosciences; Chemical Engineering; Chemistry; Civil Engineering; Cognitive, Neural, and Behavioral Sciences; Computer Science and Engineering; Cybersecurity; Data Science; Electrical Engineering; Environmental Sciences; Geosciences; Industrial and Systems Engineering; Information Sciences; Materials Science and Engineering; Mathematics; Mechanical Engineering; Naval Architecture and Ocean Engineering; Nuclear Engineering; Oceanography; Operations Research; Physics; and Software Engineering.

Currently, over 1,300 SMART scholars are in academic pursuit and will transition into the civilian workforce in the next few years at more than 100 sponsoring facilities across the Department, including the military departments of the Army, Navy, Air Force, and other Defense Agencies. Over 90% of the participants have successfully completed, or are on track to complete, both their SMART- funded degree pursuit and their DoD employment agreement. Oversight of the SMART program falls under the purview of Office of the Under Secretary of Defense for Research and Engineering (OUSD(R&amp;E)) with execution at the Component level.

There are two participant categories in the program: (1) retention scholars who are current DoD employees; and (2) recruitment scholars who are students enrolled in undergraduate and graduate programs and represent new technical expertise for the Department. Internships provide Science, Mathematics, and Research for Transformation (SMART) scholars with the opportunity to engage in the DoD science and technology enterprise through research and work experiences in defense laboratories, thereby enhancing their educational experience and understanding the relevance of DoD research priority areas. SMART internships ensure that scholars are ready to support the national security mission and the Warfighter upon transition into the DoD workforce.

The SMART program is executed through an existing five-year cooperative agreement awarded in FY 2022.</r2:Description>
                            <r2:Accomplishment>
                                <r2:PriorYear>
                                    <r2:Funding>127.878</r2:Funding>
                                    <r2:Text>• Award 450-500 new scholars (projected).

• Continue strategic HBCU/MI initiative to increase diversity of the applicant pool and awareness of research and STEM initiatives that meet DoD Component and Laboratory mission needs and the modernization priority areas. 

• Conduct an annual forum for current and prospective DoD sponsoring facilities (SFs) to highlight SMART program benefits, share best practices, and enhance technical engagement with scholars, HBCU/MIs, and OSD leadership.

• Continue to optimize SMART Information Management System (SIMS) to identify process efficiencies in data collection, communication, and virtual engagement with scholars, SFs, SMART Advisory Council, program office and support staff.

• Increase SEED research grant awards to scholars who have pursued a PhD through the Science, Mathematics, and Research for Transformation (SMART) program and are currently in the service commitment phase of their scholarship.</r2:Text>
                                </r2:PriorYear>
                            </r2:Accomplishment>
                            <r2:PlannedProgram>
                                <r2:CurrentYear>
                                    <r2:Funding>143.577</r2:Funding>
                                    <r2:Text>•  Continue FY 2024 efforts.

•  Continue expansion of the SMART Diversity Initiative per the Sections 242 and 250 of the National Defense Authorization Act (NDAA) for FY 2021 by expanding strategic recruiting partnerships with affinity groups, non-profits, and academic institutions focused on serving underrepresented students in Science, Technology, Engineering, and Mathematics (STEM).

•  Increase Awards to 525-575 to meet DoD sponsoring facility demand.

•  Increase the number of awards for the SMART SEED grant.

•  Expand the SMART Creative Research and Engineering Advancing Technical Equity in STEM (CREATES) grant to support SMART scholar graduates of and collaborations with historically Black colleges and universities, minority institutions, or minority serving institutions in alignment with the SMART Diversity Initiative and Sections 242 and 250 of the NDAA for FY 2021.</r2:Text>
                                </r2:CurrentYear>
                                <r2:BudgetYearOne>
                                    <r2:Funding>122.670</r2:Funding>
                                </r2:BudgetYearOne>
                                <r2:BudgetYearOneBase>
                                    <r2:Funding>122.670</r2:Funding>
                                    <r2:Text>•	Continue FY 2025 efforts.

•	Continue enhancement of the SMART Diversity Initiative per the Sections 242 and 250 of the National Defense Authorization Act (NDAA) for FY 2021 by broadening strategic recruiting partnerships with affinity groups, non-profits, and academic institutions focused on serving underrepresented students in Science, Technology, Engineering, and Mathematics (STEM).

•	Award up to 450-500 new scholarships to meet DoD sponsoring facility demand.

•	Maintain the number of awards for the SMART SEED grant.

•	Expand the SMART Creative Research and Engineering Advancing Technical Equity in STEM (CREATES) grant to support SMART scholar graduates of and collaborations with historically Black colleges and universities, minority institutions, or minority serving institutions in alignment with the SMART Diversity Initiative and Sections 242 and 250 of the NDAA for FY 2021.</r2:Text>
                                </r2:BudgetYearOneBase>
                                <r2:AppChangeSummary>The decrease between FY 2025 and FY 2026 of -$10.904 reduces the number of SMART scholarships for service awards to future civilian personnel full-time equivalents and funding to optimize the workforce in compliance with Executive Order 14210, “Implementing the President’s Department of Government Efficiency Workforce Optimization Initiative.”</r2:AppChangeSummary>
                            </r2:PlannedProgram>
                        </r2:AccomplishmentPlannedProgram>
                        <r2:AccomplishmentPlannedProgram>
                            <r2:Title>Science, Technology, Engineering, and Mathematics (STEM) Education and Outreach</r2:Title>
                            <r2:Description>The STEM Education and Outreach activities provides learners and educators across the pre-K to 16+ continuum unique experiences aimed to inspire, cultivate, and develop exceptional STEM talent poised to tackle evolving defense technological challenges.

In order to build a workforce that solves national defense needs and challenges, the DoD recognizes the necessity for increased participation of underserved groups in STEM activities and education programs, to include military-connected students. NDEP’s DSEC effort reaches close to 60,000 students and more than 5,000 educators across the PreK-16 grade levels, and spanning the 50 states and U.S. Territories. 

Investments are made to promote participation in national-level STEM programs and initiatives and provide authentic learning experiences for students and teachers across the globe.

STEM E&amp;O activities are primarily executed through a 10-year DSEC cooperative agreement awarded in FY 2024. Other activities are executed through internal call for proposals and/or external Notice of Funding Opportunity.</r2:Description>
                            <r2:Accomplishment>
                                <r2:PriorYear>
                                    <r2:Funding>24.561</r2:Funding>
                                    <r2:Text>• Continue to provide STEM Education and Outreach activities with emphasis on authentic hands-on experiences to students and teachers and evaluate the effectiveness of the increased outreach.

• Continue to leverage Defense STEM Education Consortium (DSEC) partnerships, STEM ecosystems, and other government partnerships to amplify awareness and broaden reach.

• Continue to participate in inter- and intra-departmental collaboration with stakeholders to achieve Federal and DoD STEM objectives.

• Continue the experience of DoD supported STEM education and outreach opportunities to reach all populations, through consideration of the barriers faced by underserved and underrepresented populations.

• Publish a five-year report on establishing baseline metrics and reporting on EAC efforts across the Department.</r2:Text>
                                </r2:PriorYear>
                            </r2:Accomplishment>
                            <r2:PlannedProgram>
                                <r2:CurrentYear>
                                    <r2:Funding>24.409</r2:Funding>
                                    <r2:Text>• Continue strategic partnerships and collaboration under the Defense STEM Education Consortium to inspire and develop talent as early as K-12 and empower educators to provide meaningful STEM learning experiences.

• Continue to cultivate and incentivize Components’ innovative approaches to STEM talent development through intramural activities.</r2:Text>
                                </r2:CurrentYear>
                                <r2:BudgetYearOne>
                                    <r2:Funding>23.340</r2:Funding>
                                </r2:BudgetYearOne>
                                <r2:BudgetYearOneBase>
                                    <r2:Funding>23.340</r2:Funding>
                                    <r2:Text>• Continue strategic partnerships and collaboration under the Defense STEM Education Consortium to inspire and develop talent as early as preK-12 and empower educators to provide meaningful STEM learning experiences.

• Continue to cultivate and incentivize Components’ innovative approaches to STEM talent development through intramural activities.</r2:Text>
                                </r2:BudgetYearOneBase>
                                <r2:AppChangeSummary>The decrease between FY 2025 and FY 2026 of - $1.069 reduces the number of STEM education activities to future civilian personnel full-time equivalents and funding to optimize the workforce in compliance with Executive Order 14210, “Implementing the President’s Department of Government Efficiency Workforce Optimization Initiative.”</r2:AppChangeSummary>
                            </r2:PlannedProgram>
                        </r2:AccomplishmentPlannedProgram>
                        <r2:AccomplishmentPlannedProgram>
                            <r2:Title>Biotechnology (BIOTECH) Education Program</r2:Title>
                            <r2:Description>In order to build a Biotechnology Education Program (BIOTECH) workforce that solves national defense needs and challenges, the DoD recognizes the importance of supporting domestic programs that motivate young people to pursue education and career opportunities in biotechnology.</r2:Description>
                            <r2:Accomplishment>
                                <r2:PriorYear>
                                    <r2:Funding>1.800</r2:Funding>
                                    <r2:Text>Support DoD and Federal STEM Education Strategy and Department’s BIOTECH Roadmap in building biotechnology literacy, diversity and inclusion and developing the future biotech workforce.</r2:Text>
                                </r2:PriorYear>
                            </r2:Accomplishment>
                            <r2:PlannedProgram>
                                <r2:CurrentYear>
                                    <r2:Funding>2.000</r2:Funding>
                                    <r2:Text>Continue to support DoD and Federal STEM Education Strategy and Department’s BIOTECH Roadmap in building biotechnology literacy, diversity and inclusion in developing the future biotech workforce.</r2:Text>
                                </r2:CurrentYear>
                                <r2:AppChangeSummary>The decrease of $2.000 million between FY 2025 and FY 2026 reflect realignment of Biotechnology education and workforce development to STEM E&amp;O efforts.</r2:AppChangeSummary>
                            </r2:PlannedProgram>
                        </r2:AccomplishmentPlannedProgram>
                    </r2:AccomplishmentPlannedProgramList>
                </r2:R2aExhibit>
            </r2:Project>
        </r2:ProjectList>
    </r2:ProgramElement>
</r2:ProgramElementList>