<?xml version="1.0" encoding="UTF-8"?>
<r2:ProgramElementList xmlns:r2="http://www.dtic.mil/comptroller/xml/schema/022009/r2" targetSchemaVersion="1.0">
    <r2:ProgramElement monetaryUnit="Millions">
        <r2:ProgramElementNumber>0604875D8Z</r2:ProgramElementNumber>
        <r2:ProgramElementTitle>Joint Systems Architecture Development</r2:ProgramElementTitle>
        <r2:R1LineNumber>166</r2:R1LineNumber>
        <r2:BudgetYear>2026</r2:BudgetYear>
        <r2:BudgetCycle>PB</r2:BudgetCycle>
        <r2:SubmissionDate>2025-06</r2:SubmissionDate>
        <r2:ServiceAgencyName>Office of the Secretary Of Defense</r2:ServiceAgencyName>
        <r2:AppropriationCode>0400</r2:AppropriationCode>
        <r2:AppropriationName>Research, Development, Test &amp; Evaluation, Defense-Wide</r2:AppropriationName>
        <r2:BudgetActivityNumber>6</r2:BudgetActivityNumber>
        <r2:BudgetActivityTitle>RDT&amp;E Management Support</r2:BudgetActivityTitle>
        <r2:ProgramElementFunding>
            <r2:AllPriorYears>58.683</r2:AllPriorYears>
            <r2:PriorYear>8.155</r2:PriorYear>
            <r2:CurrentYear>9.690</r2:CurrentYear>
            <r2:BudgetYearOne>8.627</r2:BudgetYearOne>
            <r2:BudgetYearOneBase>8.627</r2:BudgetYearOneBase>
        </r2:ProgramElementFunding>
        <r2:ProgramElementNote>New Start (Y/N): No</r2:ProgramElementNote>
        <r2:ProgramElementMissionDescription>The Joint Systems Architecture Development (JSAD) program element supports the Office of the Under Secretary of Defense, Acquisition and Sustainment (OUSD A&amp;S), Office of the Deputy Under Secretary Defense Platform Weapons and Portfolio Management (DASD PWPM) mission to use Capability Portfolio Management (CPM) to analyze, manage, and inform acquisition and resourcing decisions in platform and weapon portfolios, to include air, surface, electronic, and cyber warfare systems. The program is broken up into two focus areas: Portfolio Systems Acquisition (PSA), supporting air, land, sea, and undersea warfare programs and munitions; and Electromagnetic Warfare (EW), supporting the statutory responsibilities of the EXCOM.

All efforts DASD PWPM strive to deliver the warfighter the best equipment and systems, and to do so by performing top down, national security strategy-driven, capabilities-based planning by fully leveraging Department and acquisition reform initiatives. 

The JSAD program enables collaborative efforts to achieve these goals with a focus on Major Defense Acquisition Programs (MDAPs) and integrated acquisition portfolio management. These efforts entail integrated roadmaps to support acquisition investment decisions, and assessments of MDAPs and other linchpin acquisition efforts in a capability area context. Activities in the JSAD project are focused on three areas:(1) integrated acquisition portfolio analysis; (2) acquisition roadmaps; and (3) acquisition decision support. These efforts guide the development and fielding of integrated acquisition systems in order to achieve Joint mission capabilities across the operational domain to defend against any global threats. 

The Department uses enterprise-wide approaches which include:(1) horizontal integration within the Department and unity of effort through greater interagency collaboration; (2) engaging in a coordinated and portfolio-based approach to planning, programming, budgeting and execution; and (3) significant reforms at the governance, management and execution levels. To accomplish this intent, there needs to be a focused goal and concerted emphasis on shifting from systems acquisition to portfolio systems acquisition.</r2:ProgramElementMissionDescription>
        <r2:ChangeSummary>
            <r2:PreviousPresidentBudget>
                <r2:PriorYear>8.426</r2:PriorYear>
                <r2:CurrentYear>9.690</r2:CurrentYear>
                <r2:BudgetYearOne>9.274</r2:BudgetYearOne>
                <r2:BudgetYearOneBase>9.274</r2:BudgetYearOneBase>
            </r2:PreviousPresidentBudget>
            <r2:CurrentPresidentBudget>
                <r2:PriorYear>8.155</r2:PriorYear>
                <r2:CurrentYear>9.690</r2:CurrentYear>
                <r2:BudgetYearOne>8.627</r2:BudgetYearOne>
                <r2:BudgetYearOneBase>8.627</r2:BudgetYearOneBase>
            </r2:CurrentPresidentBudget>
            <r2:TotalAdjustments>
                <r2:PriorYear>-0.271</r2:PriorYear>
                <r2:CurrentYear>0.000</r2:CurrentYear>
                <r2:BudgetYearOne>-0.647</r2:BudgetYearOne>
                <r2:BudgetYearOneBase>-0.647</r2:BudgetYearOneBase>
            </r2:TotalAdjustments>
            <r2:AdjustmentDetails>
                <r2:SBIRSTTRTransfer>
                    <r2:PriorYear>-0.271</r2:PriorYear>
                </r2:SBIRSTTRTransfer>
                <r2:OtherAdjustmentDetailList>
                    <r2:OtherAdjustmentDetail>
                        <r2:Title>Contracted Advisory and Assistance Services</r2:Title>
                        <r2:Funding>
                            <r2:BudgetYearOne>-0.620</r2:BudgetYearOne>
                            <r2:BudgetYearOneBase>-0.620</r2:BudgetYearOneBase>
                        </r2:Funding>
                    </r2:OtherAdjustmentDetail>
                    <r2:OtherAdjustmentDetail>
                        <r2:Title>Inflation adjustment</r2:Title>
                        <r2:Funding>
                            <r2:BudgetYearOne>-0.027</r2:BudgetYearOne>
                            <r2:BudgetYearOneBase>-0.027</r2:BudgetYearOneBase>
                        </r2:Funding>
                    </r2:OtherAdjustmentDetail>
                </r2:OtherAdjustmentDetailList>
            </r2:AdjustmentDetails>
            <r2:SummaryExplanation>The FY 2026 request was reduced by $0.620 million for Advisory and Assistance Services to promote efficiencies and advance the policies of the Administration in alignment with Executive Order 14222, “Implementing the President’s Department of Government Efficiency Cost Efficiency Initiative.”  There was also an inflation rate decrease of $0.027</r2:SummaryExplanation>
        </r2:ChangeSummary>
        <r2:ProjectList>
            <r2:Project>
                <r2:ProjectNumber>875</r2:ProjectNumber>
                <r2:ProjectTitle>Portfolio Systems Acquisition (PSA)</r2:ProjectTitle>
                <r2:SpecialProject>0</r2:SpecialProject>
                <r2:ProjectFunding>
                    <r2:AllPriorYears>41.369</r2:AllPriorYears>
                    <r2:PriorYear>4.895</r2:PriorYear>
                    <r2:CurrentYear>6.347</r2:CurrentYear>
                    <r2:BudgetYearOne>6.166</r2:BudgetYearOne>
                    <r2:BudgetYearOneBase>6.166</r2:BudgetYearOneBase>
                </r2:ProjectFunding>
                <r2:R2aExhibit>
                    <r2:ProjectMissionDescription>The FY 2026 request for Portfolio Systems Acquisition (PSA) includes $6.166 thousand of discretionary funds which supports air, land, sea, and undersea warfare programs and munitions with a focus on MDAPs and integrated acquisition portfolio management. These efforts entail integrated roadmaps to support acquisition investment decisions, and assessments of MDAPs and other linchpin acquisition efforts in a capability area context. PSA funds provide support in the areas of (1) integrated acquisition portfolio analysis; (2) acquisition roadmaps; and (3) acquisition decision support. These efforts guide the development and fielding of integrated acquisition systems in order to achieve Joint mission capabilities across the operational domain to defend against any global threats.</r2:ProjectMissionDescription>
                    <r2:AccomplishmentPlannedProgramList>
                        <r2:AccomplishmentPlannedProgram>
                            <r2:Title>Portfolio Systems Acquisition (PSA)</r2:Title>
                            <r2:Description>FY 2024 Accomplishments:
- Continued efforts to further develop Capability Portfolio Management (CPM) practices.  Led and completed two Integrated Area Portfolio Assessments (IAPRs) focused Defense of Guam Scene Setter, Maritime Mining,  
- Led Integrated Portfolio Reviews and DABs for Guam Defense System (GDS), Army’s Integrated Air and Missile Defense (AIAMD), Columbia Build II Construction, Columbia SSGN 827 Full Funding Approval, Columbia Independent Schedule Assessment,  F-35, B-21, Joint Advanced Tactical Missile, and Survivable Air Operations Center ACAT 1D programs.
- Conducted Mid-Tier Acquisition (MTA) Advisory Board reviews in support of CPS, FLRAA, IVAS, Mid-Range Capability (MRC) initiation, and F-22 Sensor Enhancement Rapid Fielding program. 
‒ Developed/updated the following DoD Directives and other Charters: Counter Unmanned Systems (C-UxS) Governance, DoD Executive Agent for Counter Small Unmanned Aircraft Systems for Unmanned Aircraft Groups 1,2 and 3, and Munitions Requirements Process (MRP) Implementation Guide. Critical Energetic Materials Working Group (CEMWG) Charter
- Provided Senior Level recommendations in support of PB26 Budget Reviews by leading 3 Focus Areas (Critical Kill Webs, Air Superiority, Kinetic and Non-Kinetic Weapons) consisting of 12 Program Review Teams (PRTs)
- Led the National Armaments Director (NAD) Working Groups in support of Ukraine in the Areas of Integrated Air Defense and Air to Ground Weapons.  Provided expertise in acquisition, production, and industrial based recommendations in support of Ukraine.
- Provided Senior Level recommendations to the Ukraine Senior Integration Group established to evaluate Ukraine needs and source capability either through current stock or development of capability to address Russian aggression.  Supported the development and implementation of 62 Presidential Drawdown Authority (PDA) packages ($25.9B) and 20 Ukraine Security Assistance Tranches ($24.9B).  Also responsible for the review and approval of 22 Replenishment Tranches ($50.8B) in support of the U.S.
- Provided Senior Level recommendation to Taiwan Senior Integration Group in support of $1B in PDA consisting of 2 PDA packages.
- Continued efforts to further develop CPM practices; supported development of CPM MOA and IAPR guide.
- Provided support to the Israel Capability Development Working Group to facilitate weapon sales and donations to Israel in support of the war against Hamas.
- Lead for ASD(A) in support of Foreign Military Sales (FMS) Tiger Team established to evaluate timelines associated with timely execution of FMS process. Identified and tracked fifteen (15) action items and provided multiple recommendations to implement changes to FMS process that will reduce the timeline to contract award.

FY 2025 Accomplishments:
- Co-led the Air Superiority Kill Webs and Nuclear Integrated Acquisition Portfolio Reviews in support of Capability Portfolio Management
- Led In-Progress Reviews for F-35, B-21, VC-25B, Survivable Air Operations Center, and Joint Advanced Tactical Missile ACAT 1D programs
- Provided senior-level recommendations in support of the PB26 budget review re-look by leading the Air Superiority and Air Force Program Balance review teams
- Co-led the Missile Co-Production Working Group for the Defense Industrial base Cooperation Acquisition and Sustainment (DICAS) forum with Japan to pursue co-production opportunities for high-demand missile programs
- Led Major Defense Acquisition Program Reviews with the Deputy Secretary of Defense for F-35, B-52, VC-25B, KC-46, MQ-25A, and Tomahawk</r2:Description>
                            <r2:Accomplishment>
                                <r2:PriorYear>
                                    <r2:Funding>4.895</r2:Funding>
                                    <r2:Text>- Continue efforts to further develop Capability Portfolio Management practices, including supporting Mission Engineering principles in an effort to make both practices more widespread in use through the Office of the Secretary of Defense, the Joint Staff, and the services.

- Further develop portfolio management of programs falling within the Air, Ground, Maritime and Electromagnetic Warfare mission areas, to include application of mission engineering analysis of kill chains.

- Continue to identify portfolio and program synergies, reduce duplication, and identify opportunities for cost savings.

- Continue to provide technical expertise in support of warfare area portfolios.

- Continue to assess progress of program management initiatives and continue support to a variety of certification and qualification standards activities.

- Continue to update roadmaps and, where appropriate, generate new roadmaps to guide investments in critical areas (e.g., future vertical lift, unmanned systems, ground vehicles, weapons/munitions, and Integrated Air and Missile Defense (IAMD)).

- Continue analytical support for the ground combat vehicle portfolio.

- Continue analytical support for the naval warfare portfolio.

- Continue analytical support for the munitions process, from requirements generation to demilitarization.

- Further implement Mission Engineering practices within A&amp;S to evaluate warfighter priority mission areas with a rigorous, data-driven analytic process to determine how systems work together in an operationally relevant environment and identify ways to integrate technology and systems to provide affordable capability solutions for our warfighters.

- Respond to Government Accountability Office inquiries.

- Respond to DoD Inspector General inquiries.

- Review Council on Foreign Investment in the United States cases.

- Continue to reshape focus and drive solution-oriented outcomes and decisions in all senior-level leadership meetings for the F-35 program to include Executive Steering Groups and other information and decision forums.

- Continue to collaborate and shape outcomes across all Programming and Budget Review activities such as Strategic Portfolio Reviews, Issue Teams, Competitive Area Studies.

- Continue to provide support and participate, as needed, in the Joint Capabilities Integration and Development process, to include functional warfare working groups, Functional Capabilities Boards, Joint Capabilities Boards and Joint Requirements Oversight Council.

- Continue to lead, participate in, and provide support to the Strategic Portfolio Reviews and assigned issue paper teams.

- Continue to provide support to the Deputy's Management Action Group and shape outcomes through analytical efforts.

- Continue to provide support to the Secretary’s Weekly Priority Review.

- Continue to provide support to the 3 Star Programmer's meetings.</r2:Text>
                                </r2:PriorYear>
                            </r2:Accomplishment>
                            <r2:PlannedProgram>
                                <r2:CurrentYear>
                                    <r2:Funding>6.347</r2:Funding>
                                    <r2:Text>- Continue efforts to further develop Capability Portfolio Management practices, including supporting Mission Engineering principles in an effort to make both practices more widespread in use through the Office of the Secretary of Defense, the Joint Staff, and the services.

- Further develop portfolio management of programs falling within the Air, Ground, and Maritime mission areas, to include application of mission engineering analysis of kill chains.

- Continue to identify portfolio and program synergies, reduce duplication, and identify opportunities for cost savings.

- Continue to provide technical expertise in support of warfare area portfolios.

- Continue to assess progress of program management initiatives and continue support to a variety of certification and qualification standards activities.

- Continue to update roadmaps and, where appropriate, generate new roadmaps to guide investments in critical areas (e.g., future vertical lift, unmanned systems, ground vehicles, weapons/munitions, and Integrated Air and Missile Defense (IAMD)).

- Continue analytical support for the ground combat portfolio.

- Continue analytical support for the naval warfare portfolio.

 - Continue analytical support for the air warfare portfolio.

 - Continue analytical support for acquisition efforts related to the air leg of the nuclear triad, such as strategic bomber modernization and nuclear command and control aircraft.

- Continue analytical support for the munitions process, from requirements generation to demilitarization.

- Further implement Integrated Acquisition Portfolio Management practices within A&amp;S to evaluate how systems work together in an operationally relevant environment and identify ways to integrate technology and systems to provide affordable capability solutions for our warfighters.

- Respond to Government Accountability Office inquiries.

- Respond to DoD Inspector General inquiries.
- Review Council on Foreign Investment in the United States cases.

- Continue to  support senior leadership decisions through acquisition review meetings such as Defense Acquisition Boards, In Progress Reviews, and F-35 Executive Steering Groups and other information and decision forums.

- Continue to collaborate and shape outcomes across all Programming and Budget Review activities such as Strategic Portfolio Reviews, Issue Teams, Competitive Area Studies.

- Continue to provide acquisition expertise and insight, as needed, in the Joint Capabilities Integration and Development process, to include functional warfare working groups, Functional Capabilities Boards, Joint Capabilities Boards and Joint Requirements Oversight Council.

- Continue to lead, participate in, and provide support to the Strategic Portfolio Reviews and Program Budget Review.

- Continue to provide support to the Deputy's Management Action Group and shape outcomes through analytical efforts.</r2:Text>
                                </r2:CurrentYear>
                                <r2:BudgetYearOne>
                                    <r2:Funding>6.166</r2:Funding>
                                </r2:BudgetYearOne>
                                <r2:BudgetYearOneBase>
                                    <r2:Funding>6.166</r2:Funding>
                                    <r2:Text>- Lead Integrated Acquisition Portfolio Reviews and support Joint Staff Capability Portfolio Management Reviews in support of Capability Portfolio Management

- Lead In-Progress Reviews for F-35, B-21, VC-25B, Survivable Air Operations Center, and Joint Advanced Tactical Missile ACAT 1D programs

- Execute documentation coordination and support for ACAT 1D program Defense Acquisition Boards with the Defense Acquisition Executive

- Lead coordination and support for senior-level F-35 meetings including the Executive Steering Group and CEO Roundtable

- Support and provide senior-level recommendations for the annual Program Budget Review by leading multiple Program Review Teams

- Provide acquisition expertise and insight in the Joint Capabilities Integration and Development System process to include functional warfare working groups, Functional Capabilities Boards, Joint Capabilities boards, and the Joint Requirements Oversight Council

- Respond to congressional and DoD requests for information and support Government Accountability Office reports

- Continue to identify portfolio and program synergies, reduce duplication, and identify opportunities for cost savings.

- Continue to provide technical expertise in support of warfare area portfolios.

- Continue to update roadmaps and, where appropriate, generate new roadmaps to guide investments in critical areas (e.g., future vertical lift, unmanned systems, ground vehicles, weapons/munitions, and Integrated Air and Missile Defense (IAMD)).

- Continue analytical support for the ground combat portfolio.

- Continue analytical support for the naval warfare portfolio.

 - Continue analytical support for the air warfare portfolio.

 - Continue analytical support for acquisition efforts related to the air leg of the nuclear triad, such as strategic bomber modernization and nuclear command and control aircraft.

- Continue analytical support for the munitions process, from requirements generation to demilitarization.

- Further implement Integrated Acquisition Portfolio Management practices within A&amp;S to evaluate how systems work together in an operationally relevant environment and identify ways to integrate technology and systems to provide affordable capability solutions for our warfighters.

- Review Council on Foreign Investment in the United States cases.

- Continue to provide support to the Deputy's Management Action Group and shape outcomes through analytical efforts.</r2:Text>
                                </r2:BudgetYearOneBase>
                                <r2:AppChangeSummary>No significant increase/decrease.</r2:AppChangeSummary>
                            </r2:PlannedProgram>
                        </r2:AccomplishmentPlannedProgram>
                    </r2:AccomplishmentPlannedProgramList>
                    <r2:AcquisitionStrategy>N/A</r2:AcquisitionStrategy>
                </r2:R2aExhibit>
            </r2:Project>
            <r2:Project>
                <r2:ProjectNumber>220</r2:ProjectNumber>
                <r2:ProjectTitle>Electromagnetic Warfare</r2:ProjectTitle>
                <r2:SpecialProject>0</r2:SpecialProject>
                <r2:ProjectFunding>
                    <r2:AllPriorYears>17.314</r2:AllPriorYears>
                    <r2:PriorYear>3.260</r2:PriorYear>
                    <r2:CurrentYear>3.343</r2:CurrentYear>
                    <r2:BudgetYearOne>2.461</r2:BudgetYearOne>
                    <r2:BudgetYearOneBase>2.461</r2:BudgetYearOneBase>
                </r2:ProjectFunding>
                <r2:R2aExhibit>
                    <r2:ProjectMissionDescription>The FY 2026 request for Electromagnetic Warfare (EW) includes $2.461 thousand of discretionary funds which supports EMSO capability recommendations for Departments priorities to include Golden Dome Homeland defense and Strategic Deterrence within the Indo Pacific region. The EW project funds capability advancements that focus on transitioning programs to the warfighter. The EW line also aligns Department efforts with key allies under the AUKUS Pillar II EW working group, to institutionalize cooperative acquisition and ultimately increase warfighter lethality.</r2:ProjectMissionDescription>
                    <r2:AccomplishmentPlannedProgramList>
                        <r2:AccomplishmentPlannedProgram>
                            <r2:Title>Electromagnetic Warfare</r2:Title>
                            <r2:Description>FY 2024 Accomplishments:

- Completed EW EXCOM analysis of EW Counter-C5ISR capabilities and Electromagnetic Spectrum Operations Operational Assessment.

- Continued cross-Service collaboration on and demonstrations of EW materiel solutions in Army and Navy.

- Continued mission analysis of Airborne Electromagnetic Attack capabilities to support EW missions, including Suppression of Enemy Air Defenses.

- Completed DoD Directed Energy (DE) capabilities analysis and DoD DE management processes review.

- Continued to develop international partnerships in EW capabilities with key allies, including Australia and the UK.

- Continued to analyze Department EW capability gaps to inform future DoD EW investment in programs and systems.</r2:Description>
                            <r2:Accomplishment>
                                <r2:PriorYear>
                                    <r2:Funding>3.260</r2:Funding>
                                    <r2:Text>- Continue mission engineering analyses and integration to incorporate soft kill and Electromagnetic Warfare effects and weapon systems in critical mission thread areas in order to meet evolving threats.

- Continue to develop plans and conduct DOTMLPF-P initiatives to implement the Department's EW strategy.

- Continue to perform the necessary analytic underpinning to develop and field advanced EW capabilities, including EW manning, training, exercises, modeling and simulation.

- Continue to identify opportunities for Cross-Service EW collaboration, including EW research and development, acquisition programs, multi-purpose hardware and software, and other initiatives to increase EW investment efficiencies and promote interoperability.</r2:Text>
                                </r2:PriorYear>
                            </r2:Accomplishment>
                            <r2:PlannedProgram>
                                <r2:CurrentYear>
                                    <r2:Funding>3.343</r2:Funding>
                                    <r2:Text>- Continue mission engineering analyses and integration to incorporate Electromagnetic Warfare effects and capabilities in critical mission thread areas in order to meet evolving threats.

- Continue to develop plans and conduct DOTMLPF-P initiatives to advance the Department's EW capabilities strategy.

- Continue to perform the necessary analytic underpinning to develop and field advanced EW capabilities, including EW manning, training, exercises, modeling and simulation.

- Continue to identify opportunities for Cross-Service EW collaboration, including EW research and development, acquisition programs, multi-purpose hardware and software, and other initiatives to increase EW investment efficiencies and promote interoperability.

-Update operational requirements and develop options for Airborne Electromagnetic Attack material solutions to meet the threat.</r2:Text>
                                </r2:CurrentYear>
                                <r2:BudgetYearOne>
                                    <r2:Funding>2.461</r2:Funding>
                                </r2:BudgetYearOne>
                                <r2:BudgetYearOneBase>
                                    <r2:Funding>2.461</r2:Funding>
                                    <r2:Text>- Lead Integrated Acquisition Portfolio Reviews and support Joint Staff Capability Portfolio Management Reviews in support of Capability Portfolio Management for EW and C-C5ISRT programs.

- Provide EMSO capability recommendations for Departments priorities to include homeland defense and deterrence efforts aligned with NDS priorities.

- Provide acquisition expertise and insight in the Joint Capabilities Integration and Development System process to include functional warfare working groups, Functional Capabilities Boards, Joint Capabilities boards, the Joint Requirements Oversight Council, and multiple Program Review Teams during annual Program Budget Review.

- Respond to congressional and DoD requests for information and support Government Accountability Office reports

- Continue to identify opportunities for Cross-Service EW collaboration, including EW research and development, acquisition
programs, multi-purpose hardware and software, and other initiatives to increase EW investment efficiencies and promote
interoperability.</r2:Text>
                                </r2:BudgetYearOneBase>
                                <r2:AppChangeSummary>FY 2026 decrease is due to internal Department program realignments. The analytic capacity of the EW team is reduced.</r2:AppChangeSummary>
                            </r2:PlannedProgram>
                        </r2:AccomplishmentPlannedProgram>
                    </r2:AccomplishmentPlannedProgramList>
                    <r2:AcquisitionStrategy>N/A</r2:AcquisitionStrategy>
                </r2:R2aExhibit>
            </r2:Project>
        </r2:ProjectList>
    </r2:ProgramElement>
</r2:ProgramElementList>