<?xml version="1.0" encoding="UTF-8"?>
<r2:ProgramElementList xmlns:r2="http://www.dtic.mil/comptroller/xml/schema/022009/r2" targetSchemaVersion="1.0">
    <r2:ProgramElement monetaryUnit="Millions">
        <r2:ProgramElementNumber>0604679D8Z</r2:ProgramElementNumber>
        <r2:ProgramElementTitle>Office of Strategic Capital (OSC)</r2:ProgramElementTitle>
        <r2:R1LineNumber>116</r2:R1LineNumber>
        <r2:BudgetYear>2026</r2:BudgetYear>
        <r2:BudgetCycle>PB</r2:BudgetCycle>
        <r2:SubmissionDate>2025-06</r2:SubmissionDate>
        <r2:ServiceAgencyName>Office of the Secretary Of Defense</r2:ServiceAgencyName>
        <r2:AppropriationCode>0400</r2:AppropriationCode>
        <r2:AppropriationName>Research, Development, Test &amp; Evaluation, Defense-Wide</r2:AppropriationName>
        <r2:BudgetActivityNumber>4</r2:BudgetActivityNumber>
        <r2:BudgetActivityTitle>Advanced Component Development &amp; Prototypes (ACD&amp;P)</r2:BudgetActivityTitle>
        <r2:ProgramElementFunding>
            <r2:AllPriorYears>0.000</r2:AllPriorYears>
            <r2:PriorYear>0.000</r2:PriorYear>
            <r2:CurrentYear>0.000</r2:CurrentYear>
            <r2:BudgetYearOne>0.382</r2:BudgetYearOne>
            <r2:BudgetYearOneBase>0.382</r2:BudgetYearOneBase>
            <r2:BudgetYearOneOOC>0.000</r2:BudgetYearOneOOC>
            <r2:CostToComplete>Continuing</r2:CostToComplete>
            <r2:TotalCost>Continuing</r2:TotalCost>
        </r2:ProgramElementFunding>
        <r2:ProgramElementNote>New Start (Y/N): No

• Starting in FY2026, 'Investment Prospectus Analysis' will now be referred to as 'Investment Strategy'.
• In FY2024 and FY2025, Transition Acceleration Program (TAP), Global Technology Scouting and Co-Investment Program (GTS), and Investment Strategy programs were budgeted in PE 0901579D8Z. Starting in FY2026, these programs are budgeted in this program element (PE 0604679D8Z).</r2:ProgramElementNote>
        <r2:ProgramElementMissionDescription>In support of the Department of Defense, Office of Strategic Capital’s (OSC) mission is to attract and scale private capital to technologies critical to the national and economic security of the United States. The National Defense Authorization Act for Fiscal Year 2024 (FY2024 NDAA) states OSC shall:

• Develop, integrate, and implement capital investment strategies proven in the commercial sector to shape and scale investment in critical technologies and assets;
• Identify and prioritize promising critical technologies and assets that require funding and have the potential to benefit DoD; and
• Make eligible investments in such technologies and assets, such as supply chain technologies, not always supported through direct investment.

To accomplish its mission, OSC uses loans, loan guarantees, and technical assistance – an efficient use of taxpayer dollars – to crowd in investment by aligning government and private sector incentives. The office’s tools take advantage of the power of markets and competition to support DoD needs. OSC’s investments are guided by its FY2025 Investment Strategy, which describes that competition between the United States and its adversaries occurs over the: (i) control of economic chokepoints; (ii) scaling of key industries, and (iii) commercialization of critical technologies. OSC investments will provide the Department of Defense advantages in all these competitive arenas, especially by securing critical supply chains and rebuilding the industrial base. These activities directly align with the administration’s priorities communicated through the Interim National Defense Strategic Guidance (INDSG), and other forthcoming authoritative documents such as the National Security Strategy of the United States (NSS), Interim National Defense Strategy (NDS) and Defense Planning Guidance (DPG).

Specifically, the program will:
• Develop new financial products, such as direct equipment finance loans for manufacturers, project finance loans to support capital intensive projects,
   working capital loans for businesses in need of short-term financing, and loan guarantees through private banks.
• Provide loans, loan guarantees and technical assistance to businesses, funds, and other entities within the 33 Covered Technology Categories
   prescribed by Congress in line with the objectives described by the FY25 Investment Strategy, INDSG, NSS, NDS, and DPG.
• Identify and prioritize areas for investment through engagements with the Services, Combatant Commands, National Security Council, and other interagency partners.
• Create new data tools to map economic networks to determine chokepoints that impact U.S. national and economic security.
• Increase private capital investment to enhance the commercialization of DoD and United States Government (USG) science &amp; technology investments.</r2:ProgramElementMissionDescription>
        <r2:ChangeSummary>
            <r2:PreviousPresidentBudget>
                <r2:PriorYear>0.000</r2:PriorYear>
                <r2:CurrentYear>0.000</r2:CurrentYear>
                <r2:BudgetYearOne>0.000</r2:BudgetYearOne>
                <r2:BudgetYearOneBase>0.000</r2:BudgetYearOneBase>
                <r2:BudgetYearOneOOC>0.000</r2:BudgetYearOneOOC>
            </r2:PreviousPresidentBudget>
            <r2:CurrentPresidentBudget>
                <r2:PriorYear>0.000</r2:PriorYear>
                <r2:CurrentYear>0.000</r2:CurrentYear>
                <r2:BudgetYearOne>0.382</r2:BudgetYearOne>
                <r2:BudgetYearOneBase>0.382</r2:BudgetYearOneBase>
                <r2:BudgetYearOneOOC>0.000</r2:BudgetYearOneOOC>
            </r2:CurrentPresidentBudget>
            <r2:TotalAdjustments>
                <r2:PriorYear>0.000</r2:PriorYear>
                <r2:CurrentYear>0.000</r2:CurrentYear>
                <r2:BudgetYearOne>0.382</r2:BudgetYearOne>
                <r2:BudgetYearOneBase>0.382</r2:BudgetYearOneBase>
                <r2:BudgetYearOneOOC>0.000</r2:BudgetYearOneOOC>
            </r2:TotalAdjustments>
            <r2:AdjustmentDetails>
                <r2:OtherAdjustmentDetailList>
                    <r2:OtherAdjustmentDetail>
                        <r2:Title>Funding Realigned to PE 0901579D8Z in FY 2026 for proper execution</r2:Title>
                        <r2:Funding>
                            <r2:BudgetYearOne>0.382</r2:BudgetYearOne>
                            <r2:BudgetYearOneBase>0.382</r2:BudgetYearOneBase>
                            <r2:BudgetYearOneOOC>0.000</r2:BudgetYearOneOOC>
                        </r2:Funding>
                    </r2:OtherAdjustmentDetail>
                </r2:OtherAdjustmentDetailList>
            </r2:AdjustmentDetails>
            <r2:SummaryExplanation>Funding previously resided in Office of Strategic Capital (OSC) PE 0901579D8Z.  Funding Realigned to PE 0604679D8Z in FY 2026 for proper execution.

In FY26, the previous President's Budget Request of $128.258 has been budgeted to two different PE lines:
• $21.318 budgeted as RDT&amp;E dollars in this program element (PE 0604679D8Z) for GTS and Investment Strategy. $0.382 is incorrectly reflected due to an administrative error in the database.
• $106.940 budgeted as credit subsidy dollars in PE 0902199D8Z for the Credit Program and the Critical Technologies Limited Partnership Program.

The FY 2026 request for Office of Strategic Capital (OSC) includes $0.382 million of discretionary and $21.318 million of mandatory (reconciliation) for a total of $21.700 million. The mandatory funds Low Cost Weapons. Further information for this reconciliation request is provided in Chapter 2 of the Reconciliation Exhibit.</r2:SummaryExplanation>
        </r2:ChangeSummary>
        <r2:ProjectList>
            <r2:Project>
                <r2:ProjectNumber>893</r2:ProjectNumber>
                <r2:ProjectTitle>Office of Strategic Capital (OSC)</r2:ProjectTitle>
                <r2:SpecialProject>0</r2:SpecialProject>
                <r2:ProjectFunding>
                    <r2:AllPriorYears>0.000</r2:AllPriorYears>
                    <r2:PriorYear>0.000</r2:PriorYear>
                    <r2:CurrentYear>0.000</r2:CurrentYear>
                    <r2:BudgetYearOne>0.382</r2:BudgetYearOne>
                    <r2:BudgetYearOneBase>0.382</r2:BudgetYearOneBase>
                    <r2:BudgetYearOneOOC>0.000</r2:BudgetYearOneOOC>
                    <r2:CostToComplete>Continuing</r2:CostToComplete>
                    <r2:TotalCost>Continuing</r2:TotalCost>
                </r2:ProjectFunding>
                <r2:R2aExhibit>
                    <r2:ProjectMissionDescription>In support of the Department of Defense, Office of Strategic Capital’s (OSC) mission is to attract and scale private capital to technologies critical to the national and economic security of the United States. The National Defense Authorization Act for Fiscal Year 2024 (FY2024 NDAA) states OSC shall:

• Develop, integrate, and implement capital investment strategies proven in the commercial sector to shape and scale investment in critical technologies and assets;
• Identify and prioritize promising critical technologies and assets that require funding and have the potential to benefit DoD; and
• Make eligible investments in such technologies and assets, such as supply chain technologies, not always supported through direct investment.

To accomplish its mission, OSC uses loans, loan guarantees, and technical assistance – an efficient use of taxpayer dollars – to crowd in investment by aligning government and private sector incentives. The office’s tools take advantage of the power of markets and competition to support DoD needs. OSC’s investments are guided by its FY2025 Investment Strategy, which describes that competition between the United States and its adversaries occurs over the: (i) control of economic chokepoints; (ii) scaling of key industries, and (iii) commercialization of critical technologies. OSC investments will provide the Department of Defense advantages in all these competitive arenas, especially by securing critical supply chains and rebuilding the industrial base. These activities directly align with the administration’s priorities communicated through the Interim National Defense Strategic Guidance (INDSG), and other forthcoming authoritative documents such as the National Security Strategy of the United States (NSS), Interim National Defense Strategy (NDS) and Defense Planning Guidance (DPG).

Specifically, the program will:
• Develop new financial products, such as direct equipment finance loans for manufacturers, project finance loans to support capital intensive projects,
   working capital loans for businesses in need of short-term financing, and loan guarantees through private banks.
• Provide loans, loan guarantees and technical assistance to businesses, funds, and other entities within the 33 Covered Technology Categories
   prescribed by Congress in line with the objectives described by the FY25 Investment Strategy, INDSG, NSS, NDS, and DPG.
• Identify and prioritize areas for investment through engagements with the Services, Combatant Commands, National Security Council, and other interagency partners.
• Create new data tools to map economic networks to determine chokepoints that impact U.S. national and economic security.
• Increase private capital investment to enhance the commercialization of DoD and United States Government (USG) science &amp; technology investments.</r2:ProjectMissionDescription>
                    <r2:AccomplishmentPlannedProgramList>
                        <r2:AccomplishmentPlannedProgram>
                            <r2:Title>Transition Acceleration Program (TAP)</r2:Title>
                            <r2:Description>Leveraging existing development programs, projects, and warfighter priorities, this program aligns private investment and RDT&amp;E funding to co-invest in critical technology companies that are developing compelling military capabilities with clear pathways to transition to existing or future programs of record. RDT&amp;E funding is used to fund a Pathfinder program to validate advanced manufacturing methods and approaches to meet critical demand for solid rocket motors. This effort coordinates Service and OSD funding with private sector investment across multiple contract efforts to maximize available capital, operational impact, and broader USD(R&amp;E), ASA(ALT), and ASN(RDA) equities.

• In FY2024 and FY2025, Transition Acceleration Program (TAP) funds were budgeted in PE 0901579D8Z. 
• Starting in FY2026, Transition Acceleration Program (TAP) funds are budgeted in this program element (PE 0604679D8Z).</r2:Description>
                            <r2:Accomplishment>
                                <r2:PriorYear>
                                    <r2:Funding>0.000</r2:Funding>
                                </r2:PriorYear>
                            </r2:Accomplishment>
                            <r2:PlannedProgram>
                                <r2:CurrentYear>
                                    <r2:Funding>0.000</r2:Funding>
                                    <r2:Text>FY2025 funds continued to fund a Pathfinder program to develop and validate advanced manufacturing methods to meet critical demands for solid rocket motors. OSC awarded two additional contracts to emerging technology companies proposing novel approaches in advanced manufacturing to fill the services’ requirements. Each company will provide the DoD with solid rocket motor engine prototypes and the processes they utilized to manufacture them which will give the DoD the ability to increase domestic production capacity of solid rocket motors. This aligns with OSC’s goal to increase the production capacity across the domestic supply chain.</r2:Text>
                                </r2:CurrentYear>
                                <r2:BudgetYearOne>
                                    <r2:Funding>0.000</r2:Funding>
                                </r2:BudgetYearOne>
                                <r2:BudgetYearOneBase>
                                    <r2:Funding>0.000</r2:Funding>
                                    <r2:Text>Due to a substantial reduction in funding for this program, so the program will focus on transitioning the projects to the Services, monitoring existing awards, and providing the necessary adjustments to current contracts.</r2:Text>
                                </r2:BudgetYearOneBase>
                                <r2:BudgetYearOneOOC>
                                    <r2:Funding>0.000</r2:Funding>
                                    <r2:Text>N/A</r2:Text>
                                </r2:BudgetYearOneOOC>
                                <r2:AppChangeSummary>Funding for TAP concluded in FY2025.</r2:AppChangeSummary>
                            </r2:PlannedProgram>
                        </r2:AccomplishmentPlannedProgram>
                        <r2:AccomplishmentPlannedProgram>
                            <r2:Title>Global Technology Scouting and Co-Investment Program (GTS)</r2:Title>
                            <r2:Description>The Global Technology Scouting and Co-Investment (GTS) program leads international activities to leverage OSC’s financial tools and co-investment opportunities with allies, into critical technologies, which support interoperability, integrated deterrence, and prevent adversarial capital investment.

• In FY2024 and FY2025, Global Technology Scouting and Co-Investment Program (GTS) funds were budgeted in PE 0901579D8Z. 
• Starting in FY2026, Global Technology Scouting and Co-Investment Program (GTS) funds are budgeted in this program element (PE 0604679D8Z).</r2:Description>
                            <r2:Accomplishment>
                                <r2:PriorYear>
                                    <r2:Funding>0.000</r2:Funding>
                                </r2:PriorYear>
                            </r2:Accomplishment>
                            <r2:PlannedProgram>
                                <r2:CurrentYear>
                                    <r2:Funding>0.000</r2:Funding>
                                    <r2:Text>In FY 2025, GTS is developing an international strategic engagement plan for OSC to advance collaboration with other DoD, interagency and international partners in prioritized critical technology sectors and key terrain, aiming to source and develop deal opportunities aligned to OSC’s mission and Combatant Command strategic priorities. Additionally, GTS led a co-investment in a work program supporting a priority Service capability and sourced several deals from an INDOPACOM partner.</r2:Text>
                                </r2:CurrentYear>
                                <r2:BudgetYearOne>
                                    <r2:Funding>0.200</r2:Funding>
                                </r2:BudgetYearOne>
                                <r2:BudgetYearOneBase>
                                    <r2:Funding>0.200</r2:Funding>
                                    <r2:Text>OSC will continue to develop and formally implement its international engagement and origination strategy. OSC will establish two formal relationships aligned with its strategic priorities to enhance collaboration and achieve shared national security objectives.</r2:Text>
                                </r2:BudgetYearOneBase>
                                <r2:BudgetYearOneOOC>
                                    <r2:Funding>0.000</r2:Funding>
                                    <r2:Text>N/A</r2:Text>
                                </r2:BudgetYearOneOOC>
                                <r2:AppChangeSummary>This program experienced consistent funding levels.</r2:AppChangeSummary>
                            </r2:PlannedProgram>
                        </r2:AccomplishmentPlannedProgram>
                        <r2:AccomplishmentPlannedProgram>
                            <r2:Title>Investment Strategy</r2:Title>
                            <r2:Description>The Investment Strategy program develops, drafts, and coordinates OSC’s Investment Strategy to ensure the office’s investments are aligned broadly with the Department’s priorities articulated by the INDSG, NSS, NDS, DPG and other strategic documents. As a part of this analysis, Strategy conducts a combination of quantitative and qualitative research to map economic networks, assess key industries, and determine which critical technologies are essential to economic and national security. This work continuously informs where the office deploys its resources.

• In FY2024 and FY2025, Investment Strategy funds were budgeted in PE 0901579D8Z. 
• Starting in FY2026, , Investment Strategy funds are budgeted in this program element (PE 0604679D8Z).</r2:Description>
                            <r2:Accomplishment>
                                <r2:PriorYear>
                                    <r2:Funding>0.000</r2:Funding>
                                </r2:PriorYear>
                            </r2:Accomplishment>
                            <r2:PlannedProgram>
                                <r2:CurrentYear>
                                    <r2:Funding>0.000</r2:Funding>
                                    <r2:Text>OSC is advancing the FY2025 Investment Strategy analysis by adding additional data sources (government and open source) to the existing data platform; implementing an analytics platform on top of the data set to automate the process of finding economic vulnerabilities; integrating perspectives from Combatant Commands, the private sector, interagency partners, allies, and the Intelligence Community; and providing actionable insights to the investment team regarding key strategic chokepoints.</r2:Text>
                                </r2:CurrentYear>
                                <r2:BudgetYearOne>
                                    <r2:Funding>0.182</r2:Funding>
                                </r2:BudgetYearOne>
                                <r2:BudgetYearOneBase>
                                    <r2:Funding>0.182</r2:Funding>
                                    <r2:Text>The program expects to release an updated FY26 Investment Strategy aligned to the forthcoming National Defense Strategy. As a part of this work, the program will integrate more bespoke data sets into the platform and use additional analytical techniques (such as war games, tabletop exercises and simulations). Additionally, the Strategy team will move towards providing real time insights regarding investment opportunities to the investment teams and make the data platform accessible across classifications.</r2:Text>
                                </r2:BudgetYearOneBase>
                                <r2:BudgetYearOneOOC>
                                    <r2:Funding>0.000</r2:Funding>
                                    <r2:Text>N/A</r2:Text>
                                </r2:BudgetYearOneOOC>
                                <r2:AppChangeSummary>This program experienced consistent funding levels.</r2:AppChangeSummary>
                            </r2:PlannedProgram>
                        </r2:AccomplishmentPlannedProgram>
                    </r2:AccomplishmentPlannedProgramList>
                    <r2:OtherProgramFundingSummaryList>
                        <r2:OtherProgramFundingSummary>
                            <r2:LineItem>0901579D8Z</r2:LineItem>
                            <r2:Title>Operations &amp; Maintenance (O&amp;M)</r2:Title>
                            <r2:Funding>
                                <r2:PriorYear>9.832</r2:PriorYear>
                                <r2:CurrentYear>11.855</r2:CurrentYear>
                                <r2:BudgetYearOne>30.017</r2:BudgetYearOne>
                                <r2:BudgetYearOneBase>30.017</r2:BudgetYearOneBase>
                                <r2:BudgetYearOneOOC>0.000</r2:BudgetYearOneOOC>
                                <r2:BudgetYearTwo>0.000</r2:BudgetYearTwo>
                                <r2:BudgetYearThree>0.000</r2:BudgetYearThree>
                                <r2:BudgetYearFour>0.000</r2:BudgetYearFour>
                                <r2:BudgetYearFive>0.000</r2:BudgetYearFive>
                                <r2:CostToComplete>Continuing</r2:CostToComplete>
                                <r2:TotalCost>Continuing</r2:TotalCost>
                            </r2:Funding>
                        </r2:OtherProgramFundingSummary>
                        <r2:OtherProgramFundingSummary>
                            <r2:LineItem>0901579D8Z</r2:LineItem>
                            <r2:Title>Research Development Test &amp; Evaluation (RDT&amp;E)</r2:Title>
                            <r2:Funding>
                                <r2:PriorYear>33.526</r2:PriorYear>
                                <r2:CurrentYear>46.870</r2:CurrentYear>
                                <r2:BudgetYearOne>0.000</r2:BudgetYearOne>
                                <r2:BudgetYearOneBase>0.000</r2:BudgetYearOneBase>
                                <r2:BudgetYearOneOOC>0.000</r2:BudgetYearOneOOC>
                                <r2:BudgetYearTwo>0.000</r2:BudgetYearTwo>
                                <r2:BudgetYearThree>0.000</r2:BudgetYearThree>
                                <r2:BudgetYearFour>0.000</r2:BudgetYearFour>
                                <r2:BudgetYearFive>0.000</r2:BudgetYearFive>
                                <r2:CostToComplete>Continuing</r2:CostToComplete>
                                <r2:TotalCost>Continuing</r2:TotalCost>
                            </r2:Funding>
                        </r2:OtherProgramFundingSummary>
                        <r2:OtherProgramFundingSummary>
                            <r2:LineItem>0902199D8Z</r2:LineItem>
                            <r2:Title>DoD Credit Program Account</r2:Title>
                            <r2:Funding>
                                <r2:PriorYear>49.200</r2:PriorYear>
                                <r2:CurrentYear>89.049</r2:CurrentYear>
                                <r2:BudgetYearOne>249.640</r2:BudgetYearOne>
                                <r2:BudgetYearOneBase>249.640</r2:BudgetYearOneBase>
                                <r2:BudgetYearOneOOC>0.000</r2:BudgetYearOneOOC>
                                <r2:BudgetYearTwo>0.000</r2:BudgetYearTwo>
                                <r2:BudgetYearThree>0.000</r2:BudgetYearThree>
                                <r2:BudgetYearFour>0.000</r2:BudgetYearFour>
                                <r2:BudgetYearFive>0.000</r2:BudgetYearFive>
                                <r2:CostToComplete>Continuing</r2:CostToComplete>
                                <r2:TotalCost>Continuing</r2:TotalCost>
                            </r2:Funding>
                        </r2:OtherProgramFundingSummary>
                    </r2:OtherProgramFundingSummaryList>
                    <r2:OtherProgramFundingSummaryRemarks>• In FY2024 and FY2025, Transition Acceleration Program (TAP), Global Technology Scouting and Co-Investment Program (GTS), and Investment Strategy programs were budgeted in PE 0901579D8Z. 
• Starting in FY2026, Transition Acceleration Program (TAP), Global Technology Scouting and Co-Investment Program (GTS), and Investment Strategy programs are budgeted in PE 0604679D8Z.
• PE 0901579D8Z will still support Operation and Maintenance activities.</r2:OtherProgramFundingSummaryRemarks>
                </r2:R2aExhibit>
                <r2:R3Exhibit>
                    <r2:CostCategoryGroupList>
                        <r2:CostCategoryGroup>
                            <r2:Name>Product Development</r2:Name>
                            <r2:CostCategoryItemList>
                                <r2:CostCategoryItem>
                                    <r2:Name>Transition Acceleration Program</r2:Name>
                                    <r2:FundingVehicle>MIPR</r2:FundingVehicle>
                                    <r2:PerformingActivity>Various</r2:PerformingActivity>
                                    <r2:PerformingActivityLocation>Various</r2:PerformingActivityLocation>
                                    <r2:Cost>
                                        <r2:TotalPreviousYears>0.000</r2:TotalPreviousYears>
                                        <r2:PriorYear>
                                            <r2:Amount>0.000</r2:Amount>
                                        </r2:PriorYear>
                                        <r2:CurrentYear>
                                            <r2:Amount>0.000</r2:Amount>
                                        </r2:CurrentYear>
                                        <r2:BudgetYearOne>
                                            <r2:Amount>0.000</r2:Amount>
                                        </r2:BudgetYearOne>
                                        <r2:BudgetYearOneBase>
                                            <r2:Amount>0.000</r2:Amount>
                                        </r2:BudgetYearOneBase>
                                        <r2:BudgetYearOneOOC>
                                            <r2:Amount>0.000</r2:Amount>
                                        </r2:BudgetYearOneOOC>
                                        <r2:CostToComplete>Continuing</r2:CostToComplete>
                                        <r2:TotalCost>Continuing</r2:TotalCost>
                                    </r2:Cost>
                                </r2:CostCategoryItem>
                                <r2:CostCategoryItem>
                                    <r2:Name>Global Technology Scouting and Co-Investment Program</r2:Name>
                                    <r2:FundingVehicle>MIPR</r2:FundingVehicle>
                                    <r2:PerformingActivity>Various</r2:PerformingActivity>
                                    <r2:PerformingActivityLocation>Various</r2:PerformingActivityLocation>
                                    <r2:Cost>
                                        <r2:TotalPreviousYears>0.000</r2:TotalPreviousYears>
                                        <r2:PriorYear>
                                            <r2:Amount>0.000</r2:Amount>
                                        </r2:PriorYear>
                                        <r2:CurrentYear>
                                            <r2:Amount>0.000</r2:Amount>
                                        </r2:CurrentYear>
                                        <r2:BudgetYearOne>
                                            <r2:Amount>0.200</r2:Amount>
                                        </r2:BudgetYearOne>
                                        <r2:BudgetYearOneBase>
                                            <r2:Amount>0.200</r2:Amount>
                                        </r2:BudgetYearOneBase>
                                        <r2:BudgetYearOneOOC>
                                            <r2:Amount>0.000</r2:Amount>
                                        </r2:BudgetYearOneOOC>
                                        <r2:CostToComplete>Continuing</r2:CostToComplete>
                                        <r2:TotalCost>Continuing</r2:TotalCost>
                                    </r2:Cost>
                                </r2:CostCategoryItem>
                                <r2:CostCategoryItem>
                                    <r2:Name>Investment Strategy</r2:Name>
                                    <r2:FundingVehicle>Various</r2:FundingVehicle>
                                    <r2:PerformingActivity>Various</r2:PerformingActivity>
                                    <r2:PerformingActivityLocation>Various</r2:PerformingActivityLocation>
                                    <r2:Cost>
                                        <r2:TotalPreviousYears>0.000</r2:TotalPreviousYears>
                                        <r2:PriorYear>
                                            <r2:Amount>0.000</r2:Amount>
                                        </r2:PriorYear>
                                        <r2:CurrentYear>
                                            <r2:Amount>0.000</r2:Amount>
                                        </r2:CurrentYear>
                                        <r2:BudgetYearOne>
                                            <r2:Amount>0.182</r2:Amount>
                                        </r2:BudgetYearOne>
                                        <r2:BudgetYearOneBase>
                                            <r2:Amount>0.182</r2:Amount>
                                        </r2:BudgetYearOneBase>
                                        <r2:BudgetYearOneOOC>
                                            <r2:Amount>0.000</r2:Amount>
                                        </r2:BudgetYearOneOOC>
                                        <r2:CostToComplete>Continuing</r2:CostToComplete>
                                        <r2:TotalCost>Continuing</r2:TotalCost>
                                    </r2:Cost>
                                </r2:CostCategoryItem>
                            </r2:CostCategoryItemList>
                        </r2:CostCategoryGroup>
                    </r2:CostCategoryGroupList>
                </r2:R3Exhibit>
                <r2:R4aExhibit>
                    <r2:SubProjectScheduleList>
                        <r2:SubProjectSchedule>
                            <r2:Title>Office of Strategic Capital</r2:Title>
                            <r2:ScheduleDetailList>
                                <r2:ScheduleDetail>
                                    <r2:EventTitle>Transition Acceleration Program</r2:EventTitle>
                                    <r2:Schedule>
                                        <r2:Start>
                                            <r2:Quarter>3</r2:Quarter>
                                            <r2:Year>2024</r2:Year>
                                        </r2:Start>
                                        <r2:End>
                                            <r2:Quarter>3</r2:Quarter>
                                            <r2:Year>2027</r2:Year>
                                        </r2:End>
                                    </r2:Schedule>
                                </r2:ScheduleDetail>
                                <r2:ScheduleDetail>
                                    <r2:EventTitle>Global Technology Scouting and Co-Investment Program</r2:EventTitle>
                                    <r2:Schedule>
                                        <r2:Start>
                                            <r2:Quarter>3</r2:Quarter>
                                            <r2:Year>2024</r2:Year>
                                        </r2:Start>
                                        <r2:End>
                                            <r2:Quarter>4</r2:Quarter>
                                            <r2:Year>2030</r2:Year>
                                        </r2:End>
                                    </r2:Schedule>
                                </r2:ScheduleDetail>
                                <r2:ScheduleDetail>
                                    <r2:EventTitle>Investment Strategy</r2:EventTitle>
                                    <r2:Schedule>
                                        <r2:Start>
                                            <r2:Quarter>3</r2:Quarter>
                                            <r2:Year>2024</r2:Year>
                                        </r2:Start>
                                        <r2:End>
                                            <r2:Quarter>4</r2:Quarter>
                                            <r2:Year>2030</r2:Year>
                                        </r2:End>
                                    </r2:Schedule>
                                </r2:ScheduleDetail>
                            </r2:ScheduleDetailList>
                        </r2:SubProjectSchedule>
                    </r2:SubProjectScheduleList>
                </r2:R4aExhibit>
            </r2:Project>
        </r2:ProjectList>
    </r2:ProgramElement>
</r2:ProgramElementList>