<?xml version="1.0" encoding="UTF-8"?>
<r2:ProgramElementList xmlns:r2="http://www.dtic.mil/comptroller/xml/schema/022009/r2" targetSchemaVersion="1.0">
    <r2:ProgramElement monetaryUnit="Millions">
        <r2:ProgramElementNumber>0603289D8Z</r2:ProgramElementNumber>
        <r2:ProgramElementTitle>Advanced Innovative Analysis and Concepts</r2:ProgramElementTitle>
        <r2:R1LineNumber>49</r2:R1LineNumber>
        <r2:PriorYearsDelta>0.000</r2:PriorYearsDelta>
        <r2:BudgetYear>2026</r2:BudgetYear>
        <r2:BudgetCycle>PB</r2:BudgetCycle>
        <r2:SubmissionDate>2025-06</r2:SubmissionDate>
        <r2:ServiceAgencyName>Office of the Secretary Of Defense</r2:ServiceAgencyName>
        <r2:AppropriationCode>0400</r2:AppropriationCode>
        <r2:AppropriationName>Research, Development, Test &amp; Evaluation, Defense-Wide</r2:AppropriationName>
        <r2:BudgetActivityNumber>3</r2:BudgetActivityNumber>
        <r2:BudgetActivityTitle>Advanced Technology Development (ATD)</r2:BudgetActivityTitle>
        <r2:ProgramElementFunding>
            <r2:AllPriorYears>387.974</r2:AllPriorYears>
            <r2:PriorYear>63.895</r2:PriorYear>
            <r2:CurrentYear>56.390</r2:CurrentYear>
            <r2:BudgetYearOne>57.457</r2:BudgetYearOne>
            <r2:BudgetYearOneBase>57.457</r2:BudgetYearOneBase>
            <r2:CostToComplete>Continuing</r2:CostToComplete>
            <r2:TotalCost>Continuing</r2:TotalCost>
        </r2:ProgramElementFunding>
        <r2:ProgramElementNote>New Start (Y/N): No</r2:ProgramElementNote>
        <r2:ProgramElementMissionDescription>This program supports the Department's initiatives to Deter Aggression and Prevail in Conflict, Defend the Homeland, Build Sustainable and Long-Term Advantage, and Build a Resilient Joint Force and Defense Ecosystem. 

The Strategic Capabilities Office (SCO) conducts analysis to identify and accelerate the development, demonstration, and transition of operationally impactful capabilities to shape and counter emerging threats and increase the lethality of the Joint Force in contested environments.  In a partnership endeavor across the Office of the Secretary of Defense (OSD), Joint Staff, Combatant Commands (CCMDs), the Services, the Intelligence Community (IC), and other U.S. Government agencies, the SCO combines capability innovation with new concepts for warfighting that leverage new technology areas, including autonomy, artificial intelligence, and machine learning.  SCO conducts projects on accelerated timelines, in all warfighting domains, at any classification or access level.

The Advanced Innovative Analysis and Concepts program supports development, study, and analysis of integrated concepts and prototypes, analysis in support of ongoing efforts to shape and counter emerging threats, cross-Service and cross-Defense/Intelligence concepts, and red-teaming. Projects focus on proving component and subsystem maturity prior to integration in major systems, and may involve risk reduction initiatives. This program also supports the development of concept proposals for assessment by the Technical and Transition Cross Functional Teams established in accordance with the National Defense Authorization Act (NDAA) for FY 2020 for development under the Advanced Innovative Technologies Program Element. Due to the nature of these projects, specific applications and detailed plans are available at a higher classification level.</r2:ProgramElementMissionDescription>
        <r2:ChangeSummary>
            <r2:PreviousPresidentBudget>
                <r2:PriorYear>55.626</r2:PriorYear>
                <r2:CurrentYear>56.390</r2:CurrentYear>
                <r2:BudgetYearOne>57.628</r2:BudgetYearOne>
                <r2:BudgetYearOneBase>57.628</r2:BudgetYearOneBase>
            </r2:PreviousPresidentBudget>
            <r2:CurrentPresidentBudget>
                <r2:PriorYear>63.895</r2:PriorYear>
                <r2:CurrentYear>56.390</r2:CurrentYear>
                <r2:BudgetYearOne>57.457</r2:BudgetYearOne>
                <r2:BudgetYearOneBase>57.457</r2:BudgetYearOneBase>
            </r2:CurrentPresidentBudget>
            <r2:TotalAdjustments>
                <r2:PriorYear>8.269</r2:PriorYear>
                <r2:CurrentYear>0.000</r2:CurrentYear>
                <r2:BudgetYearOne>-0.171</r2:BudgetYearOne>
                <r2:BudgetYearOneBase>-0.171</r2:BudgetYearOneBase>
            </r2:TotalAdjustments>
            <r2:AdjustmentDetails>
                <r2:CongressionalAdds>
                    <r2:PriorYear>10.000</r2:PriorYear>
                </r2:CongressionalAdds>
                <r2:SBIRSTTRTransfer>
                    <r2:PriorYear>-1.731</r2:PriorYear>
                </r2:SBIRSTTRTransfer>
                <r2:OtherAdjustmentDetailList>
                    <r2:OtherAdjustmentDetail>
                        <r2:Title>Reduced for Department priorities</r2:Title>
                        <r2:Funding>
                            <r2:BudgetYearOne>-0.171</r2:BudgetYearOne>
                            <r2:BudgetYearOneBase>-0.171</r2:BudgetYearOneBase>
                        </r2:Funding>
                    </r2:OtherAdjustmentDetail>
                </r2:OtherAdjustmentDetailList>
            </r2:AdjustmentDetails>
            <r2:SummaryExplanation>FY 2024 was increased by Congressional direction to add a classified Formulation activity.</r2:SummaryExplanation>
        </r2:ChangeSummary>
        <r2:ProjectList>
            <r2:Project>
                <r2:ProjectNumber>329</r2:ProjectNumber>
                <r2:ProjectTitle>Advanced Innovative Analysis and Concepts</r2:ProjectTitle>
                <r2:SpecialProject>0</r2:SpecialProject>
                <r2:ProjectFunding>
                    <r2:AllPriorYears>387.974</r2:AllPriorYears>
                    <r2:PriorYear>63.895</r2:PriorYear>
                    <r2:CurrentYear>56.390</r2:CurrentYear>
                    <r2:BudgetYearOne>57.457</r2:BudgetYearOne>
                    <r2:BudgetYearOneBase>57.457</r2:BudgetYearOneBase>
                    <r2:CostToComplete>Continuing</r2:CostToComplete>
                    <r2:TotalCost>Continuing</r2:TotalCost>
                </r2:ProjectFunding>
                <r2:R2aExhibit>
                    <r2:ProjectMissionDescription>The Strategic Capabilities Office (SCO) conducts analysis in support of ongoing efforts to shape and counter emerging threats, with special emphasis on: innovative and architecture-level concepts, cross-Service and cross-Defense/Intelligence concepts, red-teaming, and on a case-by-case basis, research and development projects to demonstrate new concepts.  SCO identifies, analyzes, and accelerates the development, demonstration, and transition of selected capabilities to shape and counter emerging threats, and to improve U.S. security posture.  In a partnership endeavor across the Office of the Secretary of Defense (OSD), Joint Staff, Combatant Commands (CCMDs), the Services, the Intelligence Community (IC), and other U.S. Government agencies, SCO combines capability innovation with concepts of operation to develop novel, high-leverage approaches to address pressing national security challenges.  SCO conducts projects on accelerated timelines, at any classification or access level.  

The Advanced Innovative Analysis and Concepts program supports development, study, and analysis of integrated concepts and prototypes, analysis in support of ongoing efforts to shape and counter emerging threats, cross-Service and cross-Defense/Intelligence concepts, and red-teaming.  Projects focus on proving component and subsystem maturity prior to integration in major systems, and may involve risk reduction initiatives.  Due to the nature of these projects, specific applications and detailed plans are available at a higher classification level.</r2:ProjectMissionDescription>
                    <r2:CongressionalAddDetailList>
                        <r2:CongressionalAddDetail>
                            <r2:Title>Classified Formulation Project</r2:Title>
                            <r2:PriorYear>
                                <r2:Funding>10.000</r2:Funding>
                                <r2:Text>Due to the classified nature of this project, specific applications and details are available at a higher classification level.</r2:Text>
                            </r2:PriorYear>
                        </r2:CongressionalAddDetail>
                    </r2:CongressionalAddDetailList>
                    <r2:AccomplishmentPlannedProgramList>
                        <r2:AccomplishmentPlannedProgram>
                            <r2:Title>Innovative Analysis and Concept Generation</r2:Title>
                            <r2:Description>The Strategic Capabilities Office conducts analysis, studies, demonstrations of integrated concepts and prototypes, component and subsystem maturation, and risk-reduction demonstrations in support of ongoing efforts to shape and counter emerging threats, and develops project proposals for prototyping under the Advanced Innovative Technologies program. Due to the nature of these projects, specific applications and detailed plans are available at a higher classification level.</r2:Description>
                            <r2:Accomplishment>
                                <r2:PriorYear>
                                    <r2:Funding>31.195</r2:Funding>
                                    <r2:Text>Continue to innovate in partnership with Services Program Offices and CCMDs to identify game-changing uses of existing and mature systems and technologies to prepare for presentation to the Cross Functional Teams.</r2:Text>
                                </r2:PriorYear>
                            </r2:Accomplishment>
                            <r2:PlannedProgram>
                                <r2:CurrentYear>
                                    <r2:Funding>29.003</r2:Funding>
                                    <r2:Text>Continue to innovate in partnership with Services Program Offices and CCMDs to identify game-changing uses of existing and mature systems and technologies to prepare for presentation to the Cross Functional Teams.</r2:Text>
                                </r2:CurrentYear>
                                <r2:BudgetYearOne>
                                    <r2:Funding>32.007</r2:Funding>
                                </r2:BudgetYearOne>
                                <r2:BudgetYearOneBase>
                                    <r2:Funding>32.007</r2:Funding>
                                    <r2:Text>Continue to innovate in partnership with Services Program Offices and CCMDs to identify game-changing uses of existing and mature systems and technologies to prepare for presentation to the Cross Functional Teams.</r2:Text>
                                </r2:BudgetYearOneBase>
                                <r2:AppChangeSummary>The increase will fund the additional studies and analysis to identify high-impact concepts for prototype development to solve highest priority Combatant Command challenges.</r2:AppChangeSummary>
                            </r2:PlannedProgram>
                        </r2:AccomplishmentPlannedProgram>
                        <r2:AccomplishmentPlannedProgram>
                            <r2:Title>Formulation and Risk Reduction</r2:Title>
                            <r2:Description>Subsequent to review and recommendation of project concepts by the Technical and Transition Cross Functional Teams, the Strategic Capabilities Office performs engineering trade studies and conducts component tests to prepare selected projects to be ready to enter into full prototype development under the Advanced Innovative Technologies program.  Activities, such as proving component and subsystem maturity prior to integration in major systems, are intended to finalize key requirements to reduce technical risk during prototype development.  Due to the nature of these projects, specific applications and detailed plans are available at a higher classification level.</r2:Description>
                            <r2:Accomplishment>
                                <r2:PriorYear>
                                    <r2:Funding>22.700</r2:Funding>
                                    <r2:Text>Conduct formulation and risk reduction for five projects reviewed by the Cross Functional Teams and proposed to begin 6.4 work in FY 2025.</r2:Text>
                                </r2:PriorYear>
                            </r2:Accomplishment>
                            <r2:PlannedProgram>
                                <r2:CurrentYear>
                                    <r2:Funding>25.800</r2:Funding>
                                    <r2:Text>Conduct formulation and risk reduction for five to six projects reviewed by the Cross Functional Teams and proposed to begin 6.4 work in FY 2026.</r2:Text>
                                </r2:CurrentYear>
                                <r2:BudgetYearOne>
                                    <r2:Funding>24.000</r2:Funding>
                                </r2:BudgetYearOne>
                                <r2:BudgetYearOneBase>
                                    <r2:Funding>24.000</r2:Funding>
                                    <r2:Text>Conduct formulation and risk reduction for five to six projects reviewed by the Cross Functional Teams and proposed to begin 6.4 work in FY 2027.</r2:Text>
                                </r2:BudgetYearOneBase>
                                <r2:AppChangeSummary>The decrease will fund a smaller number of formulation and risk reduction activities to allow projects selected to enter Formulation in FY 2026 to be ready to enter Execution in FY 2027.</r2:AppChangeSummary>
                            </r2:PlannedProgram>
                        </r2:AccomplishmentPlannedProgram>
                        <r2:AccomplishmentPlannedProgram>
                            <r2:Title>Small Business Innovative Research (SBIR)/Small Business Technology Transfer (STTR)</r2:Title>
                            <r2:Description>This project includes estimates of funds required for SBIR/STTR based upon planned extramural research and development spending.  These funds are transferred to the SBIR/STTR programs in the year of execution.</r2:Description>
                            <r2:Accomplishment>
                                <r2:PriorYear>
                                    <r2:Funding>0.000</r2:Funding>
                                    <r2:Text>Funding will be transferred to the Department's SBIR and STTR programs in the year of execution.</r2:Text>
                                </r2:PriorYear>
                            </r2:Accomplishment>
                            <r2:PlannedProgram>
                                <r2:CurrentYear>
                                    <r2:Funding>1.587</r2:Funding>
                                    <r2:Text>Funding will be transferred to the Department's SBIR and STTR programs in the year of execution.</r2:Text>
                                </r2:CurrentYear>
                                <r2:BudgetYearOne>
                                    <r2:Funding>1.450</r2:Funding>
                                </r2:BudgetYearOne>
                                <r2:BudgetYearOneBase>
                                    <r2:Funding>1.450</r2:Funding>
                                    <r2:Text>Funding will be transferred to the Department's SBIR and STTR programs in the year of execution.</r2:Text>
                                </r2:BudgetYearOneBase>
                                <r2:AppChangeSummary>The change is due to changes in planned extramural research and development spending.</r2:AppChangeSummary>
                            </r2:PlannedProgram>
                        </r2:AccomplishmentPlannedProgram>
                    </r2:AccomplishmentPlannedProgramList>
                    <r2:OtherProgramFundingSummaryRemarks>This Program develops, demonstrates, and transitions operationally impactful capabilities and effects to shape and counter emerging threats and increase the lethality of the Joint Force in contested environments based upon the analysis, concept development and Formulation performed under Advanced Innovative Analysis and Concepts.</r2:OtherProgramFundingSummaryRemarks>
                </r2:R2aExhibit>
            </r2:Project>
        </r2:ProjectList>
    </r2:ProgramElement>
</r2:ProgramElementList>