<?xml version="1.0" encoding="UTF-8"?>
<r2:ProgramElementList xmlns:r2="http://www.dtic.mil/comptroller/xml/schema/022009/r2" targetSchemaVersion="1.0">
    <r2:ProgramElement monetaryUnit="Millions">
        <r2:ProgramElementNumber>0606829D8Z</r2:ProgramElementNumber>
        <r2:ProgramElementTitle>Sustainment Transition Capabilities</r2:ProgramElementTitle>
        <r2:R1LineNumber>205</r2:R1LineNumber>
        <r2:BudgetYear>2026</r2:BudgetYear>
        <r2:BudgetCycle>PB</r2:BudgetCycle>
        <r2:SubmissionDate>2025-06</r2:SubmissionDate>
        <r2:ServiceAgencyName>Office of the Secretary Of Defense</r2:ServiceAgencyName>
        <r2:AppropriationCode>0400</r2:AppropriationCode>
        <r2:AppropriationName>Research, Development, Test &amp; Evaluation, Defense-Wide</r2:AppropriationName>
        <r2:BudgetActivityNumber>6</r2:BudgetActivityNumber>
        <r2:BudgetActivityTitle>RDT&amp;E Management Support</r2:BudgetActivityTitle>
        <r2:ProgramElementFunding>
            <r2:AllPriorYears>0.000</r2:AllPriorYears>
            <r2:BudgetYearOne>30.000</r2:BudgetYearOne>
            <r2:BudgetYearOneBase>30.000</r2:BudgetYearOneBase>
        </r2:ProgramElementFunding>
        <r2:ProgramElementNote>In FY  2026 the Sustainment Transition Capabilities funding is discretionary funding which reflects a new start for the fiscal year.</r2:ProgramElementNote>
        <r2:ProgramElementMissionDescription>Mission Description: FY 2022 NDAA Section 142 requires the Department to transition Sustainment functions from the F-35 Joint Program Office to the Military Departments (MILDEPs) of the Air Force and Navy no later than end of 2027.  The Under Secretary of Defense (USD) Acquisition &amp; Sustainment (A&amp;S) Report to Congress dated 30 January 2023, states that the MILDEPs will achieve Initial Operating Capability (IOC) by end of 2027 to act as the Inventory Control Point (ICP) and reach Full Operating Capability (FOC) by end of 2029.  Additionally, for NDAA Section 142 to effectively occur, FY 2024 NDAA Section 1005 mandates that the Department achieve an unmodified audit opinion by the end of 2028.  

To achieve both statutory requirements and allow the MIPDEPS to assume ICP control by the end of 2027, the Department requires a Logistics Information Technology (LogIT) network that will facilitate necessary data exchange via Department standard Defense Logistics Management Standard (DLMS) transactions and the F-35 prime vendor systems.  Once the network is established the Departments’ financial and business systems will have enabled capability for full asset visibility, financial transactions, and Inventory Control Points (ICPs) accountability operations.  This investment will deliver that data architecture design, implementation, and capability which will provide the MILDEPs with the necessary asset visibility and controls to assume full ICP responsibilities from the prime vendors.  F-35 spares are currently maintained within the current Prime vendor databases.  The vendor did not use established standardized Department of Defense supply and inventory control processes when the F-35 program originated.  As a result, this prevents the Department from easily capitalizing the parts and assuming full ICP responsibilities from the prime vendors.  

The establishment of the data exchange will allow the Department to begin the transition of the spares inventory into the ICPs for lifecycle management. This transition will be accomplished through establishing provisioning and cataloging actions of the F-35 spares, estimated in value around $15 Billion.  Provisioning and cataloging the spares will convert the spares to National Stock Numbers (NSNs) facilitating their integration into the Defense Logistics Agency’s (DLAs) Warehouse Management System (WMS) for worldwide inventory management and asset visibility.  The outcome will provide the MILDEPs with necessary data elements to accomplish demand planning, procuring and repairing spares.   

Justification:  The RDT&amp;E funds will be used to ensure the necessary data architecture is designed and implemented to automate data between the prime vendors and the Department’s business systems. The Deputy Chief Finance Officer (DCFO) requires a mandated milestone of October 2026 for Services to financially report on the program to ensure two years of clean data in support of an unmodified opinion two years later in October of 2028, as mandated by FY 2024 NDAA Section 1005.  To accomplish this mandate, the design and production of the data architecture will be built early in 2026 for testing and validation.  Follow on funding in FY 2027 and FY 2028 will drive incremental development of data pipelines to facilitate FY2022 NDAA Section 142 ICP transition to the MILDEPs (i.e. linking requisitions within industry systems to the MILDEPS so they can perform ICP functions).

Note: The program will use both RDT&amp;E and Procurement funding to accomplish the program requirements to meet FY 2022 NDAA Section 142 implementation schedules and NDAA Section 1005 mandates.  Procurement funding will be used to support the program requirement for FY 2022 NDAA Section 142 implementation.  The P-40 captures the programs procurement requirement needs to complete the full funding to complete both: FY2022 NDAA Section 142 implementation schedule and FY 2024 NDAA Section 1005 mandates.  The Procurement dollars will fund the technical data needed to support the aforementioned Provisioning and Cataloging of the spares to enable the MILDEPs to perform their ICP functions of demand planning and procuring the parts, as well as create NSNs for ingestion into Department systems such as DLA’s WMS to provide inventory asset visibility.</r2:ProgramElementMissionDescription>
        <r2:ChangeSummary>
            <r2:PreviousPresidentBudget>
                <r2:PriorYear>0.000</r2:PriorYear>
                <r2:CurrentYear>0.000</r2:CurrentYear>
                <r2:BudgetYearOne>30.000</r2:BudgetYearOne>
                <r2:BudgetYearOneBase>30.000</r2:BudgetYearOneBase>
            </r2:PreviousPresidentBudget>
            <r2:CurrentPresidentBudget>
                <r2:PriorYear>0.000</r2:PriorYear>
                <r2:CurrentYear>0.000</r2:CurrentYear>
                <r2:BudgetYearOne>30.000</r2:BudgetYearOne>
                <r2:BudgetYearOneBase>30.000</r2:BudgetYearOneBase>
            </r2:CurrentPresidentBudget>
            <r2:TotalAdjustments>
                <r2:PriorYear>0.000</r2:PriorYear>
                <r2:CurrentYear>0.000</r2:CurrentYear>
                <r2:BudgetYearOne>0.000</r2:BudgetYearOne>
                <r2:BudgetYearOneBase>0.000</r2:BudgetYearOneBase>
            </r2:TotalAdjustments>
            <r2:SummaryExplanation>In FY 2026 the Sustainment Transition Capabilities funding is discretionary funding which reflects a new start for the fiscal year.</r2:SummaryExplanation>
        </r2:ChangeSummary>
        <r2:ProjectList>
            <r2:Project>
                <r2:ProjectNumber>934</r2:ProjectNumber>
                <r2:ProjectTitle>Sustainment Transition Capabilities</r2:ProjectTitle>
                <r2:SpecialProject>0</r2:SpecialProject>
                <r2:ProjectFunding>
                    <r2:AllPriorYears>0.000</r2:AllPriorYears>
                    <r2:BudgetYearOne>30.000</r2:BudgetYearOne>
                    <r2:BudgetYearOneBase>30.000</r2:BudgetYearOneBase>
                </r2:ProjectFunding>
                <r2:R2aExhibit>
                    <r2:ProjectNote>In FY 2026 the Sustainment Transition Capabilities funding is discretionary funding which reflects a new start for the fiscal year.</r2:ProjectNote>
                    <r2:ProjectMissionDescription>Mission Description: FY 2022 NDAA Section 142 requires the Department to transition Sustainment functions from the F-35 Joint Program Office to the Military Departments (MILDEPs) of the Air Force and Navy no later than end of 2027.  The Under Secretary of Defense (USD) Acquisition &amp; Sustainment (A&amp;S) Report to Congress dated 30 January 2023, states that the MILDEPs will achieve Initial Operating Capability (IOC) by end of 2027 to act as the Inventory Control Point (ICP) and reach Full Operating Capability (FOC) by end of 2029.  Additionally, for NDAA Section 142 to effectively occur, FY 2024 NDAA Section 1005 mandates that the Department achieve an unmodified audit opinion by the end of 2028.  

To achieve both statutory requirements and allow the MIPDEPS to assume ICP control by the end of 2027, the Department requires a Logistics Information Technology (LogIT) network that will facilitate necessary data exchange via Department standard Defense Logistics Management Standard (DLMS) transactions and the F-35 prime vendor systems.  Once the network is established the Departments’ financial and business systems will have enabled capability for full asset visibility, financial transactions, and Inventory Control Points (ICPs) accountability operations.  This investment will deliver that data architecture design, implementation, and capability which will provide the MILDEPs with the necessary asset visibility and controls to assume full ICP responsibilities from the prime vendors.  F-35 spares are currently maintained within the current Prime vendor databases.  The vendor did not use established standardized Department of Defense supply and inventory control processes when the F-35 program originated.  As a result, this prevents the Department from easily capitalizing the parts and assuming full ICP responsibilities from the prime vendors.  

The establishment of the data exchange will allow the Department to begin the transition of the spares inventory into the ICPs for lifecycle management. This transition will be accomplished through establishing provisioning and cataloging actions of the F-35 spares, estimated in value around $15 billion.  Provisioning and cataloging the spares will convert the spares to National Stock Numbers (NSNs) facilitating their integration into the Defense Logistics Agency’s (DLAs) Warehouse Management System (WMS) for worldwide inventory management and asset visibility.  The outcome will provide the MILDEPs with necessary data elements to accomplish demand planning, procuring and repairing spares.   

Justification:  
The RDT&amp;E funds will be used to ensure the necessary data architecture is designed and implemented to automate data between the prime vendors and the Department’s business systems. The Deputy Chief Finance Officer (DCFO) requires a mandated milestone of October 2026 for Services to financially report on the program to ensure two years of clean data in support of an unmodified opinion two years later in October of 2028, as mandated by FY 2024 NDAA Section 1005.  To accomplish this mandate, the design and production of the data architecture will be built early in 2026 for testing and validation.  

Follow on funding in FY 2027 and FY 2028 will drive incremental development of data pipelines to facilitate FY 2022 NDAA Section 142 ICP transition to the MILDEPs (i.e. linking requisitions within industry systems to the MILDEPS so they can perform ICP functions).

Note: The program will use both RDT&amp;E and Procurement funding to accomplish the program requirements to meet FY 2022 NDAA Section 142 implementation schedules and NDAA Section 1005 mandates.  Procurement funding will be used to support the program requirement for FY 2022 NDAA Section 142 implementation.  The P-40 captures the programs procurement requirement needs to complete the full funding to complete both: FY 2022 NDAA Section 142 implementation schedule and FY 2024 NDAA Section 1005 mandates.  

The Procurement dollars will fund portions of the technical data needed to support the aforementioned Provisioning and Cataloging of the spares to enable the MILDEPs to perform their ICP functions of demand planning and procuring the parts, as well as create NSNs for ingestion into Department systems such as DLA’s WMS to provide inventory asset visibility.</r2:ProjectMissionDescription>
                    <r2:AccomplishmentPlannedProgramList>
                        <r2:AccomplishmentPlannedProgram>
                            <r2:Title>Sustainment Transition Capabilities</r2:Title>
                            <r2:Description>In FY 2026 the Sustainment Transition Capabilities funding is discretionary funding which reflects a new start for the fiscal year.</r2:Description>
                            <r2:PlannedProgram>
                                <r2:BudgetYearOne>
                                    <r2:Funding>30.000</r2:Funding>
                                </r2:BudgetYearOne>
                                <r2:BudgetYearOneBase>
                                    <r2:Funding>30.000</r2:Funding>
                                    <r2:Text>-	Validate needed data elements from the prime vendors to support DLMS transactions within the Defense Automated Addressing System to push audit data to Department business systems
-	Solicit proposals and award contracts early in FY26 with the prime vendors to get data delivery on the needed data elements
-	Collaborate with DLA, Joint Program Office (JPO), and the MILDEPs to design prototype/Minimum Viable Product (MVP) for the data architecture/pipelines to facilitate audit data and implement by mid-FY 2026 to support testing by mid-FY 2026 and implementation/Services reporting by 1 October 2026
-	Coordinate any additional MILDEP business system changes to accommodate the architecture with their relative Program Element Offices
-	Design incremental data architecture after audit requirements to facilitate MILDEPs’ ICP transition 
-	All $30 million is expected to be committed or obligated within FY 2026</r2:Text>
                                </r2:BudgetYearOneBase>
                                <r2:AppChangeSummary>In Fiscal year 2026 the Sustainment Transition Capabilities funding is discretionary funding which reflects a new start for the fiscal year.</r2:AppChangeSummary>
                            </r2:PlannedProgram>
                        </r2:AccomplishmentPlannedProgram>
                    </r2:AccomplishmentPlannedProgramList>
                    <r2:AcquisitionStrategy>While this section is not required per DoD 700.14-R, Volume 2B, Chapter 5, as a Budget Activity 6 item.  Below is a summary of the Acquisition Strategy:
-	The team Department has already identified a high level Operational Overview and System Level Overview to build data pipelines from industry data sources to Enterprise requirements via the Defense Automated Addressing System (DAAS) as translator and broker to support audit; additional analysis is continuing to determine if the same architecture will support sustainment transition to the MILDEPs.
-	An Other Transactional Authority (OTA) Agreement to is in work to deliver definintization of the data architecture as a prototype to include identifying necessary data elements to support Defense Logistics Management Standard (DLMS) transactions within DAAS, maximize the use of existing pipelines, establishing data delivery, and testing implementation.  Capability to see assets and financial transactions in support of audit will be delivered first in incremental, Minimum Viable Products (MVPs); later MVPs will be agreed upon and delivered to support sustainment transition to the MILDEPs, likely in 2027/2028 after audit financial reporting requirements are developed, tested and delivered.
-	Technical Interchange Meetings (TIMs) with industry are in work to validate data deliver requirements and sourcing of the necessary data elements, as well as cost and schedule expectations.
-	Additional Program Increment Planning sessions and completion of the industry TIMs will validate the use of DAAS and inform MILDEPs on whether additional work is needed within their Service enterprises to ensure data is communicated to necessary systems to enable audit and sustainment transition. 
-	Follow on investment in 2027 and 2028 will fund any necessary additional work within the Defense Logistics Agency or the MILDEPs to complete the architecture.</r2:AcquisitionStrategy>
                </r2:R2aExhibit>
            </r2:Project>
        </r2:ProjectList>
    </r2:ProgramElement>
</r2:ProgramElementList>