<?xml version="1.0" encoding="UTF-8"?>
<r2:ProgramElementList xmlns:r2="http://www.dtic.mil/comptroller/xml/schema/022009/r2" targetSchemaVersion="1.0">
    <r2:ProgramElement monetaryUnit="Millions">
        <r2:ProgramElementNumber>0602891D8Z</r2:ProgramElementNumber>
        <r2:ProgramElementTitle>FSRM Modeling</r2:ProgramElementTitle>
        <r2:R1LineNumber>31</r2:R1LineNumber>
        <r2:BudgetYear>2026</r2:BudgetYear>
        <r2:BudgetCycle>PB</r2:BudgetCycle>
        <r2:SubmissionDate>2025-06</r2:SubmissionDate>
        <r2:ServiceAgencyName>Office of the Secretary Of Defense</r2:ServiceAgencyName>
        <r2:AppropriationCode>0400</r2:AppropriationCode>
        <r2:AppropriationName>Research, Development, Test &amp; Evaluation, Defense-Wide</r2:AppropriationName>
        <r2:BudgetActivityNumber>2</r2:BudgetActivityNumber>
        <r2:BudgetActivityTitle>Applied Research</r2:BudgetActivityTitle>
        <r2:ProgramElementFunding>
            <r2:AllPriorYears>0.000</r2:AllPriorYears>
            <r2:PriorYear>2.000</r2:PriorYear>
            <r2:CurrentYear>1.897</r2:CurrentYear>
            <r2:BudgetYearOne>0.994</r2:BudgetYearOne>
            <r2:BudgetYearOneBase>0.994</r2:BudgetYearOneBase>
        </r2:ProgramElementFunding>
        <r2:ProgramElementNote>New Start (Y/N): No.

The FY 2026 request for FSRM Modeling includes $0.994 million of discretionary and $5.000 million of mandatory (reconciliation) for a total of $5.994 million. The mandatory funds Golden Dome Cyber Resilience and Readiness Exercises . Further information for this reconciliation request is provided in Section 20003 Missile Defense of the Reconciliation Exhibit.</r2:ProgramElementNote>
        <r2:ProgramElementMissionDescription>The FY 2026 request for FSRM Modeling PE includes $0.994 million of discretionary and $5.000 million of mandatory (reconciliation) for a total of $5.994 million. The mandatory funds Golden Dome Cyber Resilience and Readiness Exercises . Further information for this reconciliation request is provided in Section 20003 Missile Defense of the Reconciliation Exhibit.

FSRM Mission Description and Budget Justification: The Facilities Sustainment, Restoration, and Modernization (FSRM) Modeling requirement is inclusive of the development of a computer system, development of software, development of standards for the FSRM prioritization.  This will aid in the establishment metrics for adjudicating FSRM funding sufficiency for use in future program and budget reviews.

Golden Dome Mission Description and Budget Justification:  Golden Dome Cyber Resilience and Readiness Exercises funding of $5.000 million supports the assessment of the control systems which allow for the Golden Dome mission execution. The allocated $5.000 million will be used to develop "live fire" cyber resilience exercises to assess the readiness and resilience of the control systems at Golden Dome installations. These live exercises will afford the system owners and operators hands on experience in detecting and providing defense against APT- actor cyber-attacks and the physical disruptions that can result.</r2:ProgramElementMissionDescription>
        <r2:ChangeSummary>
            <r2:PreviousPresidentBudget>
                <r2:PriorYear>2.000</r2:PriorYear>
                <r2:CurrentYear>1.897</r2:CurrentYear>
                <r2:BudgetYearOne>1.902</r2:BudgetYearOne>
                <r2:BudgetYearOneBase>1.902</r2:BudgetYearOneBase>
            </r2:PreviousPresidentBudget>
            <r2:CurrentPresidentBudget>
                <r2:PriorYear>2.000</r2:PriorYear>
                <r2:CurrentYear>1.897</r2:CurrentYear>
                <r2:BudgetYearOne>0.994</r2:BudgetYearOne>
                <r2:BudgetYearOneBase>0.994</r2:BudgetYearOneBase>
            </r2:CurrentPresidentBudget>
            <r2:TotalAdjustments>
                <r2:PriorYear>0.000</r2:PriorYear>
                <r2:CurrentYear>0.000</r2:CurrentYear>
                <r2:BudgetYearOne>-0.908</r2:BudgetYearOne>
                <r2:BudgetYearOneBase>-0.908</r2:BudgetYearOneBase>
            </r2:TotalAdjustments>
            <r2:AdjustmentDetails>
                <r2:OtherAdjustmentDetailList>
                    <r2:OtherAdjustmentDetail>
                        <r2:Title>DOGE Cost Eficiency</r2:Title>
                        <r2:Funding>
                            <r2:BudgetYearOne>-0.888</r2:BudgetYearOne>
                            <r2:BudgetYearOneBase>-0.888</r2:BudgetYearOneBase>
                        </r2:Funding>
                    </r2:OtherAdjustmentDetail>
                    <r2:OtherAdjustmentDetail>
                        <r2:Title>Internal Realignment</r2:Title>
                        <r2:Funding>
                            <r2:BudgetYearOne>-0.014</r2:BudgetYearOne>
                            <r2:BudgetYearOneBase>-0.014</r2:BudgetYearOneBase>
                        </r2:Funding>
                    </r2:OtherAdjustmentDetail>
                    <r2:OtherAdjustmentDetail>
                        <r2:Title>Inflation Adjustment</r2:Title>
                        <r2:Funding>
                            <r2:BudgetYearOne>-0.006</r2:BudgetYearOne>
                            <r2:BudgetYearOneBase>-0.006</r2:BudgetYearOneBase>
                        </r2:Funding>
                    </r2:OtherAdjustmentDetail>
                </r2:OtherAdjustmentDetailList>
            </r2:AdjustmentDetails>
            <r2:SummaryExplanation>The FY 2026 request was reduced by $0.888 million for Advisory and Assistance Services to promote efficiencies and advance the policies of the Administration in alignment with Executive Order 14222, “Implementing the President’s Department of Government Efficiency Cost Efficiency Initiative,” reduction of $0.014 million for internal realignment, and reduction of $0.006 million for inflation adjustment.</r2:SummaryExplanation>
        </r2:ChangeSummary>
        <r2:ProjectList>
            <r2:Project>
                <r2:ProjectNumber>360</r2:ProjectNumber>
                <r2:ProjectTitle>FSRM</r2:ProjectTitle>
                <r2:SpecialProject>0</r2:SpecialProject>
                <r2:ProjectFunding>
                    <r2:AllPriorYears>0.000</r2:AllPriorYears>
                    <r2:PriorYear>2.000</r2:PriorYear>
                    <r2:CurrentYear>1.897</r2:CurrentYear>
                    <r2:BudgetYearOne>0.994</r2:BudgetYearOne>
                    <r2:BudgetYearOneBase>0.994</r2:BudgetYearOneBase>
                </r2:ProjectFunding>
                <r2:R2aExhibit>
                    <r2:ProjectMissionDescription>The FY 2026 request for FSRM Modeling includes $994 thousands of discretionary and $5,000 thousand of mandatory (reconciliation) for a total of $5,994 thousands. The mandatory funds Golden Dome Cyber Resilience and Readiness Exercises. Further information for this reconciliation request is provided in Section 20003 Missile Defense of the Reconciliation Exhibit.

The FSRM Modeling requirement is inclusive of the development of a computer system, development of software, development of standards for the FSRM prioritization.  This will aid in the establishment metrics for adjudicating FSRM funding sufficiency for use in future program and budget reviews.

Golden Dome Cyber Resilience and Readiness Exercises funding ($5M) supports the assessment of the control systems which allow for the Golden Dome mission execution. The funding will be used to develop "live fire" cyber resilience exercises to assess the readiness and resilience of the control systems at Golden Dome installations. These live exercises will afford the system owners and operators hands on experience in detecting and providing defense against APT- actor cyber-attacks and the physical disruptions that can result.</r2:ProjectMissionDescription>
                    <r2:AccomplishmentPlannedProgramList>
                        <r2:AccomplishmentPlannedProgram>
                            <r2:Title>FSRM Modeling</r2:Title>
                            <r2:Description>Develop a multi-faceted optimization model that provides transparent investment requirements at the asset level that can be consistently implemented by DoD components</r2:Description>
                            <r2:Accomplishment>
                                <r2:PriorYear>
                                    <r2:Funding>2.000</r2:Funding>
                                    <r2:Text>-Conduct requirements development workshops 
-Develop a formal requirements document 
-Develop initial optimization framework 
-Develop small-scale working prototype</r2:Text>
                                </r2:PriorYear>
                            </r2:Accomplishment>
                            <r2:PlannedProgram>
                                <r2:CurrentYear>
                                    <r2:Funding>1.897</r2:Funding>
                                    <r2:Text>Define Objective Function(s), constraints, &amp; decision variables
Develop user input &amp; output visualizations​
Determine, obtain, and populate missing and required data​
Perform development work of external prototype optimization module​
Test and present small-scale prototype optimization module</r2:Text>
                                </r2:CurrentYear>
                                <r2:BudgetYearOne>
                                    <r2:Funding>0.994</r2:Funding>
                                </r2:BudgetYearOne>
                                <r2:BudgetYearOneBase>
                                    <r2:Funding>0.994</r2:Funding>
                                    <r2:Text>Develop data interface and exchange protocols​
Refine Optimization Routines for computational efficiency
Deploy scaled-up prototype in high-speed cloud-based computing environment
Refine optimization framework to incorporate PM cost and modernization analysis</r2:Text>
                                </r2:BudgetYearOneBase>
                                <r2:AppChangeSummary>The project will decrease by $903K from FY25 to 26.  This is due to contractor being unable to execute building capacity within the technical expertise required for the models development. No program impact.</r2:AppChangeSummary>
                            </r2:PlannedProgram>
                        </r2:AccomplishmentPlannedProgram>
                    </r2:AccomplishmentPlannedProgramList>
                    <r2:OtherProgramFundingSummaryRemarks>N/A</r2:OtherProgramFundingSummaryRemarks>
                    <r2:AcquisitionStrategy>FSRM: Working with United States Army Corps of Engineers (USACE) Construction Engineering Research Laboratory (CERL) with supplemental experts from academia and industry.</r2:AcquisitionStrategy>
                </r2:R2aExhibit>
            </r2:Project>
        </r2:ProjectList>
    </r2:ProgramElement>
</r2:ProgramElementList>