<?xml version="1.0" encoding="UTF-8"?>
<r2:ProgramElementList xmlns:r2="http://www.dtic.mil/comptroller/xml/schema/022009/r2" targetSchemaVersion="1.0">
    <r2:ProgramElement monetaryUnit="Millions">
        <r2:ProgramElementNumber>0605790D8Z</r2:ProgramElementNumber>
        <r2:ProgramElementTitle>Small Business Innovation Research (SBIR) Small Business Technology Transfer (STTR)</r2:ProgramElementTitle>
        <r2:R1LineNumber>187</r2:R1LineNumber>
        <r2:BudgetYear>2026</r2:BudgetYear>
        <r2:BudgetCycle>PB</r2:BudgetCycle>
        <r2:SubmissionDate>2025-06</r2:SubmissionDate>
        <r2:ServiceAgencyName>Office of the Secretary Of Defense</r2:ServiceAgencyName>
        <r2:AppropriationCode>0400</r2:AppropriationCode>
        <r2:AppropriationName>Research, Development, Test &amp; Evaluation, Defense-Wide</r2:AppropriationName>
        <r2:BudgetActivityNumber>6</r2:BudgetActivityNumber>
        <r2:BudgetActivityTitle>RDT&amp;E Management Support</r2:BudgetActivityTitle>
        <r2:ProgramElementFunding>
            <r2:AllPriorYears>3.820</r2:AllPriorYears>
            <r2:PriorYear>3.831</r2:PriorYear>
            <r2:CurrentYear>5.346</r2:CurrentYear>
            <r2:BudgetYearOne>5.411</r2:BudgetYearOne>
            <r2:BudgetYearOneBase>5.411</r2:BudgetYearOneBase>
            <r2:CostToComplete>Continuing</r2:CostToComplete>
            <r2:TotalCost>Continuing</r2:TotalCost>
        </r2:ProgramElementFunding>
        <r2:ProgramElementNote>New Start (Y/N): No</r2:ProgramElementNote>
        <r2:ProgramElementMissionDescription>This program supports the Department of Defense’s three priorities: Defend the Nation, Take Care of Our People, and Succeed through Teamwork.    

This program provides funding for the administration of the Small Business Innovation Research (SBIR) and Small Business Technology Transfer (STTR) Program Office.  The authority to establish SBIR and STTR programs is codified in 15 U.S.C. 638.  The statutory goals of the programs are to stimulate technological innovation, meet federal research and development (R&amp;D) needs, foster and encourage participation in innovation and entrepreneurship by women and socially or economically disadvantaged persons, and increase private sector commercialization of innovations from federal R&amp;D funding.  In addition, the STTR program aims to foster technology transfer through cooperative R&amp;D between small businesses and research institutions.

The DoD SBIR/STTR programs set-aside over two billion dollars annually defense-wide to competitively fund scientific and technical innovation to specifically address the interim National Defense Strategy (NDS) modernization priorities and the mission needs of participating DoD components.  The DoD components participating in the SBIR/STTR programs include:  Army, Navy, Air Force, Defense Advanced Research Projects Agency (DARPA), Missile Defense Agency (MDA), Defense Threat Reduction Agency (DTRA), U.S. Special Operations Command (SOCOM), Joint Science &amp; Technology Office for Chemical &amp; Biological Defense (CBD), Defense Logistics Agency (DLA), Defense Microelectronics Activity (DMEA), Defense Health Agency (DHA), Chief Digital and Artificial Intelligence Office (CDAO), Defense Human Resources Activity (DHRA), Quantum Science, National Geospatial Intelligence Agency (NGA), Basic Research Office (BRO), 5G/Future G, and Strategic Capabilities Office (SCO).</r2:ProgramElementMissionDescription>
        <r2:ChangeSummary>
            <r2:PreviousPresidentBudget>
                <r2:PriorYear>3.831</r2:PriorYear>
                <r2:CurrentYear>5.346</r2:CurrentYear>
                <r2:BudgetYearOne>5.427</r2:BudgetYearOne>
                <r2:BudgetYearOneBase>5.427</r2:BudgetYearOneBase>
            </r2:PreviousPresidentBudget>
            <r2:CurrentPresidentBudget>
                <r2:PriorYear>3.831</r2:PriorYear>
                <r2:CurrentYear>5.346</r2:CurrentYear>
                <r2:BudgetYearOne>5.411</r2:BudgetYearOne>
                <r2:BudgetYearOneBase>5.411</r2:BudgetYearOneBase>
            </r2:CurrentPresidentBudget>
            <r2:TotalAdjustments>
                <r2:PriorYear>0.000</r2:PriorYear>
                <r2:CurrentYear>0.000</r2:CurrentYear>
                <r2:BudgetYearOne>-0.016</r2:BudgetYearOne>
                <r2:BudgetYearOneBase>-0.016</r2:BudgetYearOneBase>
            </r2:TotalAdjustments>
            <r2:AdjustmentDetails>
                <r2:OtherAdjustmentDetailList>
                    <r2:OtherAdjustmentDetail>
                        <r2:Title>Economic Assumptions</r2:Title>
                        <r2:Funding>
                            <r2:BudgetYearOne>-0.016</r2:BudgetYearOne>
                            <r2:BudgetYearOneBase>-0.016</r2:BudgetYearOneBase>
                        </r2:Funding>
                    </r2:OtherAdjustmentDetail>
                </r2:OtherAdjustmentDetailList>
            </r2:AdjustmentDetails>
            <r2:SummaryExplanation>The FY 2026 request includes economic assumption reduction of -$0.016 million.</r2:SummaryExplanation>
        </r2:ChangeSummary>
        <r2:ProjectList>
            <r2:Project>
                <r2:ProjectNumber>518</r2:ProjectNumber>
                <r2:ProjectTitle>SBIR Challenge Admin</r2:ProjectTitle>
                <r2:SpecialProject>0</r2:SpecialProject>
                <r2:ProjectFunding>
                    <r2:AllPriorYears>3.820</r2:AllPriorYears>
                    <r2:PriorYear>3.831</r2:PriorYear>
                    <r2:CurrentYear>5.346</r2:CurrentYear>
                    <r2:BudgetYearOne>5.411</r2:BudgetYearOne>
                    <r2:BudgetYearOneBase>5.411</r2:BudgetYearOneBase>
                    <r2:CostToComplete>Continuing</r2:CostToComplete>
                    <r2:TotalCost>Continuing</r2:TotalCost>
                </r2:ProjectFunding>
                <r2:R2aExhibit>
                    <r2:ProjectMissionDescription>The Small Business Innovation Research (SBIR) program and the Small Business Technology Transfer (STTR) programs are highly competitive programs that encourage domestic small businesses to engage in federal research, development, test and evaluation (RDT&amp;E) with the potential for commercialization.  Through a competitive awards-based program, SBIR/STTR enables small businesses to explore their technological potential and provide the incentive to profit from its commercialization.  By including qualified small businesses in the nation's research and development (R&amp;D) arena, high-tech innovation is stimulated, and the United States gains entrepreneurial spirit as it meets specific research and development needs.  

The SBIR/STTR programs are executed in three phases.  The purpose of Phase I is to determine the scientific technical and commercial merit, and feasibility of ideas submitted under the SBIR/STTR programs.  Phase II is the principal research or research and development effort and is expected to produce a well-defined deliverable prototype.  Phase III SBIR/STTR efforts derive from, extend or conclude Phase I or Phase II efforts, and are not funded with SBIR/STTR funds.  Under Phase III, companies participating in the SBIR/STTR programs are expected to obtain funding from the private sector and/or non-SBIR/non-STTR government sources to develop the prototype into a viable product or non-R&amp;D service for sale in military and/or private sector markets.  

This Program funds the administrative support to the SBIR/STTR programs including:  policy development and oversight; surveillance of program execution for participating DoD agencies; outreach and training; hosting, operation and maintenance for the Defense SBIR/STTR Innovation Portal (DSIP); planning and execution of the OSD SBIR/STTR portfolio; reporting and data analytics; financial management; strategic communication of the DoD technological needs; transition; oversight of the DoD Due Diligence Program; and the liaison between Congress, SBA, and the GAO.</r2:ProjectMissionDescription>
                    <r2:AccomplishmentPlannedProgramList>
                        <r2:AccomplishmentPlannedProgram>
                            <r2:Title>SBIR Challenge Admin</r2:Title>
                            <r2:Description>This project is the only source of funds for the coordination, administration, and execution of the Department's SBIR/STTR programs in accordance with statute, Small Business Administration (SBA) SBIR/STTR Policy Directive, and the DoD policies and regulations.  The Director of Defense SBIR/STTR within the Office of the Under Secretary of Defense for Research and Engineering (OUSD(R&amp;E)) is tasked with oversight and execution of essential SBIR/STTR Program activities that are required by law.</r2:Description>
                            <r2:Accomplishment>
                                <r2:PriorYear>
                                    <r2:Funding>3.831</r2:Funding>
                                    <r2:Text>- Continue coordination and execution of the expanding administrative responsibilities of the DoD SBIR/STTR programs;
- Refine and improve established automated processes across the entire SBIR/STTR lifecycle; 
- Evaluate and expand existing outreach programs through a tiered approach to conduct due diligence of small businesses seeking SBIR/STTR awards;
- Continue oversight and collection of results, track execution, and report Phase II technology transition results from the DoD SBIR/STTR Program; and
- Prepare and respond to required reports mandated by law and policy.</r2:Text>
                                </r2:PriorYear>
                            </r2:Accomplishment>
                            <r2:PlannedProgram>
                                <r2:CurrentYear>
                                    <r2:Funding>5.346</r2:Funding>
                                    <r2:Text>-	Implement the due diligence program and provide small businesses with the revised foreign disclosure form;
-	Continue development of DoD-wide SBIR/STTR guidance on program implementation in order to help streamline; processes, remove barriers and decrease award timelines;
-	Continue implementation of and reporting on new requirements introduced in the SBIR/STTR program reauthorization;
-	Attend outreach events to promote program opportunities, encourage participation and clarify reauthorization program updates;
-	Incorporate reauthorization language into Phase III guidance for response to DoDIG-2014-049.</r2:Text>
                                </r2:CurrentYear>
                                <r2:BudgetYearOne>
                                    <r2:Funding>5.411</r2:Funding>
                                </r2:BudgetYearOne>
                                <r2:BudgetYearOneBase>
                                    <r2:Funding>5.411</r2:Funding>
                                    <r2:Text>Sustain and provide oversight of the Due Diligence Program;
-Continue development of the DoD-wide SBIR/STTR guidance on program implementation to streamline processes, remove barriers, and decrease award timelines;
Implementation of any new reporting and policy directives from the anticipated FY26 SBIR/STTR program reauthorization;
- Enhance the Defense SBIR/STTR Innovation Portal (DSIP) for improved user experience, better data analytics, and more efficient management of proposals and awards;
- Undertake comprehensive reviews of existing policies to identify areas for improvement and ensure alignment with evolving DoD priorities and legislative requirements;
- Continue to expand strategic partnerships with other federal agencies, industry leaders, and academic institutions to foster innovation and commercialization opportunities</r2:Text>
                                </r2:BudgetYearOneBase>
                                <r2:AppChangeSummary>The increase of $0.065 million between FY 2025 and FY 2026 is required for continued administrative support services.</r2:AppChangeSummary>
                            </r2:PlannedProgram>
                        </r2:AccomplishmentPlannedProgram>
                    </r2:AccomplishmentPlannedProgramList>
                </r2:R2aExhibit>
            </r2:Project>
        </r2:ProjectList>
    </r2:ProgramElement>
</r2:ProgramElementList>