<?xml version="1.0" encoding="UTF-8"?>
<r2:ProgramElementList xmlns:r2="http://www.dtic.mil/comptroller/xml/schema/022009/r2" targetSchemaVersion="1.0">
    <r2:ProgramElement monetaryUnit="Millions">
        <r2:ProgramElementNumber>0605804D8Z</r2:ProgramElementNumber>
        <r2:ProgramElementTitle>Development Test &amp; Evaluation</r2:ProgramElementTitle>
        <r2:R1LineNumber>192</r2:R1LineNumber>
        <r2:BudgetYear>2026</r2:BudgetYear>
        <r2:BudgetCycle>PB</r2:BudgetCycle>
        <r2:SubmissionDate>2025-06</r2:SubmissionDate>
        <r2:ServiceAgencyName>Office of the Secretary Of Defense</r2:ServiceAgencyName>
        <r2:AppropriationCode>0400</r2:AppropriationCode>
        <r2:AppropriationName>Research, Development, Test &amp; Evaluation, Defense-Wide</r2:AppropriationName>
        <r2:BudgetActivityNumber>6</r2:BudgetActivityNumber>
        <r2:BudgetActivityTitle>RDT&amp;E Management Support</r2:BudgetActivityTitle>
        <r2:ProgramElementFunding>
            <r2:AllPriorYears>217.597</r2:AllPriorYears>
            <r2:PriorYear>36.000</r2:PriorYear>
            <r2:CurrentYear>37.233</r2:CurrentYear>
            <r2:BudgetYearOne>37.381</r2:BudgetYearOne>
            <r2:BudgetYearOneBase>37.381</r2:BudgetYearOneBase>
            <r2:CostToComplete>Continuing</r2:CostToComplete>
            <r2:TotalCost>Continuing</r2:TotalCost>
        </r2:ProgramElementFunding>
        <r2:ProgramElementNote>New Start (Y/N):  No</r2:ProgramElementNote>
        <r2:ProgramElementMissionDescription>This program carries out the duties in accordance with Title 10 U.S.C. Section 133a, FY 2018 National Defense Authorization Act (NDAA) (Public Law 115-91) section 838, and the Department of Defense (DoD) Directive 5137.02 dated July 15, 2020. In FY 2020, the Under Secretary of Defense for Research and Engineering (USD(R&amp;E)) established the Developmental Test, Evaluation, and Assessments (DTE&amp;A) organization to provide consolidated Developmental Test and Evaluation (DT&amp;E) and Independent Engineering Assessment functions in a single office. The Director, DTE&amp;A, is the principal advisor to the Secretary of Defense; USD(R&amp;E); and the Under Secretary of Defense, Acquisition and Sustainment (USD(A&amp;S)) on DT&amp;E, Independent Engineering Assessments, and Technical Risk Assessments in the Department of Defense (DoD). The assessment products developed by this program inform investment decisions for critical Warfighter capabilities that align to the Department's 17 priorities including Nuclear Modernization, Virginia-class submarines, executable surface ships, Homeland Missile Defense, One Way Attack/Autonomous Systems, and Munitions. This program supports the Department's initiatives to rebuild the military and reestablish deterrence.

The Office of the Under Secretary of Defense for Research and Engineering (OUSD(R&amp;E)) engages with Major Defense Acquisition Programs (MDAPs) within the Adaptive Acquisition Framework, providing engineering and DT&amp;E/Cybersecurity DT&amp;E planning expertise to ensure decision-quality data is available at major engineering program reviews and program milestones. This engagement directly helps Program Managers succeed in rebuilding the military and rapidly fielding emerging technologies. OUSD(R&amp;E) engages with programs to help meet interoperability requirements to deepen interoperability and Strengthen Alliances. Finally, OUSD(R&amp;E) works with Director, Operational Test and Evaluation to streamline T&amp;E policy and guidance to improve test efficiency and reduce acquisition cost and schedule to reform acquisition processes.

This program supports and improves the engineering and DT&amp;E efforts of Major Defense Acquisition Program (MDAP), Rapid Prototyping/Fielding efforts, and other Special Interest (SI) acquisition programs designated by USD(R&amp;E) or USD(A&amp;S) as they progress through the acquisition/development lifecycle; supports development of the defense acquisition workforce Test and Evaluation (T&amp;E) career field; and supports development of policy and guidance for the conduct of DT&amp;E and Cyber DT&amp;E within the DoD. This program also provides dedicated resources to support MDAP and Rapid Prototyping/Fielding Program Managers, Chief Developmental Testers, and Lead Development Test &amp; Evaluation organizations in the development of comprehensive, efficient, and innovative Cybersecurity DT&amp;E strategies/plans to support key acquisition milestones and engineering/programmatic decisions.</r2:ProgramElementMissionDescription>
        <r2:ChangeSummary>
            <r2:PreviousPresidentBudget>
                <r2:PriorYear>37.353</r2:PriorYear>
                <r2:CurrentYear>37.233</r2:CurrentYear>
                <r2:BudgetYearOne>37.620</r2:BudgetYearOne>
                <r2:BudgetYearOneBase>37.620</r2:BudgetYearOneBase>
            </r2:PreviousPresidentBudget>
            <r2:CurrentPresidentBudget>
                <r2:PriorYear>36.000</r2:PriorYear>
                <r2:CurrentYear>37.233</r2:CurrentYear>
                <r2:BudgetYearOne>37.381</r2:BudgetYearOne>
                <r2:BudgetYearOneBase>37.381</r2:BudgetYearOneBase>
            </r2:CurrentPresidentBudget>
            <r2:TotalAdjustments>
                <r2:PriorYear>-1.353</r2:PriorYear>
                <r2:CurrentYear>0.000</r2:CurrentYear>
                <r2:BudgetYearOne>-0.239</r2:BudgetYearOne>
                <r2:BudgetYearOneBase>-0.239</r2:BudgetYearOneBase>
            </r2:TotalAdjustments>
            <r2:AdjustmentDetails>
                <r2:Reprogrammings>
                    <r2:PriorYear>-0.022</r2:PriorYear>
                </r2:Reprogrammings>
                <r2:SBIRSTTRTransfer>
                    <r2:PriorYear>-1.084</r2:PriorYear>
                </r2:SBIRSTTRTransfer>
                <r2:OtherAdjustmentDetailList>
                    <r2:OtherAdjustmentDetail>
                        <r2:Title>FFRDC Reduction</r2:Title>
                        <r2:Funding>
                            <r2:PriorYear>-0.247</r2:PriorYear>
                        </r2:Funding>
                    </r2:OtherAdjustmentDetail>
                    <r2:OtherAdjustmentDetail>
                        <r2:Title>Economic Assumptions</r2:Title>
                        <r2:Funding>
                            <r2:BudgetYearOne>-0.112</r2:BudgetYearOne>
                            <r2:BudgetYearOneBase>-0.112</r2:BudgetYearOneBase>
                        </r2:Funding>
                    </r2:OtherAdjustmentDetail>
                    <r2:OtherAdjustmentDetail>
                        <r2:Title>Program Adjustments</r2:Title>
                        <r2:Funding>
                            <r2:BudgetYearOne>-0.127</r2:BudgetYearOne>
                            <r2:BudgetYearOneBase>-0.127</r2:BudgetYearOneBase>
                        </r2:Funding>
                    </r2:OtherAdjustmentDetail>
                </r2:OtherAdjustmentDetailList>
            </r2:AdjustmentDetails>
            <r2:SummaryExplanation>Development Test &amp; Evaluation FY 2026 economic assumptions reduction of -$.112, reduction of -$.095 for travel and a reduction of -$.032 FFRDC Support.

The FY 2026 request for Development Test &amp; Evaluation includes -$.032 of discretionary.</r2:SummaryExplanation>
        </r2:ChangeSummary>
        <r2:ProjectList>
            <r2:Project>
                <r2:ProjectNumber>804</r2:ProjectNumber>
                <r2:ProjectTitle>Development Test &amp; Evaluation</r2:ProjectTitle>
                <r2:SpecialProject>0</r2:SpecialProject>
                <r2:ProjectFunding>
                    <r2:AllPriorYears>197.343</r2:AllPriorYears>
                    <r2:PriorYear>18.029</r2:PriorYear>
                    <r2:CurrentYear>19.944</r2:CurrentYear>
                    <r2:BudgetYearOne>20.286</r2:BudgetYearOne>
                    <r2:BudgetYearOneBase>20.286</r2:BudgetYearOneBase>
                    <r2:CostToComplete>Continuing</r2:CostToComplete>
                    <r2:TotalCost>Continuing</r2:TotalCost>
                </r2:ProjectFunding>
                <r2:R2aExhibit>
                    <r2:ProjectMissionDescription>The Development Test &amp; Evaluation (DT&amp;E) project 804 provides resources to support Major Defense Acquisition Program (MDAP) and Rapid Prototyping/Fielding Program Managers, Chief Developmental Testers, and Lead DT&amp;E Organizations in the development of comprehensive, efficient, and innovative DT&amp;E strategies/plans to support key acquisition milestones and engineering decisions. This project also supports the Under Secretary of Defense for Research and Engineering (OUSD(R&amp;E)) to manage the Test &amp; Evaluation (T&amp;E) career field and curriculum for the Department of Defense (DoD) acquisition workforce and develop policy and guidance for the conduct of DT&amp;E within DoD. On behalf of the USD(R&amp;E) this project executes the following activities:

- Support acquisition programs in the development of comprehensive, efficient, and innovative test strategies that can be documented in Test and Evaluation Master Plans (TEMPs). For Acquisition Category (ACAT) ID programs, review and approve/disapprove the DT&amp;E strategy/plans within the TEMP. For ACAT IB and IC programs, review the DT&amp;E strategy/plans within the TEMP and provide a recommendation to the Service Milestone Decision Authority as to whether or not the strategy
is adequate.
- Support rapid prototyping, rapid fielding, and technology demonstrations efforts in the development of tailored comprehensive, efficient, and innovative DT&amp;E strategies/plans.
- For ACAT ID programs, provide independent DT&amp;E Sufficiency Assessments to the Defense Acquisition Executive at the Milestone B and C decisions with the goal of reducing discovery of performance issues later in the acquisition lifecycle when deficiencies are more costly to correct.
- For ACAT IB and IC programs, provide an independent DT&amp;E program assessment to the Service Milestone Decision Authority prior to the development Request for Proposal (RFP) release decision point and at the Milestone B and C decisions with the goal of reducing discovery of performance issues later in the acquisition lifecycle when deficiencies are more costly to correct.
- When requested by the Secretary or Deputy Secretary of Defense, provide independent developmental test assessments in support of Under Secretary of Defense for Acquisition and Sustainment (USD(A&amp;S)) and Service Major Defense Acquisition Programs.
- Support the development of independent technical risk assessments and advise the Secretary on the progress toward meeting Key Performance Parameters, technology maturation, reliability growth projections, interoperability, and cyber resilience before any decision to grant Milestone A or B approval, or enter into low-rate initial production or full-rate production for ACAT ID programs or when requested by the Secretary.
- Support the Scientific Test and Analysis Techniques Center of Excellence (STAT COE) that provides scientific analytical expertise to service MDAPs.
- Identify the DoD test infrastructure gaps and support development of the OUSD(R&amp;E) test resources strategic plan.
- Evolve the DT&amp;E 'state of practice' to keep pace with emerging technologies and improve test efficiency to field systems faster.
- Coordinate with Director, Operational Test and Evaluation to improve T&amp;E efficiency and make best use of integrated testing.</r2:ProjectMissionDescription>
                    <r2:AccomplishmentPlannedProgramList>
                        <r2:AccomplishmentPlannedProgram>
                            <r2:Title>Development Test and Evaluation</r2:Title>
                            <r2:Description>The Development Test &amp; Evaluation (DT&amp;E) project 804 supports and improves the DT&amp;E efforts of Major Defense Acquisition Program (MDAP), Rapid Prototyping/Fielding efforts, and other Special Interest (SI) acquisition programs as they progress through the acquisition/development lifecycle; lead the defense acquisition workforce T&amp;E career field; and support development of policy and guidance for the conduct of DT&amp;E within the DoD.</r2:Description>
                            <r2:Accomplishment>
                                <r2:PriorYear>
                                    <r2:Funding>18.029</r2:Funding>
                                    <r2:Text>- Continue to work with Acquisition Program Managers, Chief Developmental Testers, and Lead DT&amp;E organizations to improve DT&amp;E planning and develop comprehensive and efficient DT&amp;E strategies/plans through the use of disciplined Developmental Evaluation Framework matrices and Scientific Test and Analysis Techniques (STAT).
- Continue to support rapid prototyping, rapid fielding, and technology demonstrations efforts in the development of tailored comprehensive, efficient, and innovative DT&amp;E strategies/plans.
- Continue to implement the Under Secretary of Defense for Research and Engineering (OUSD(R&amp;E)) 'Shift Left' initiative that focuses on ensuring DT&amp;E strategies are developed in advance of releasing Technology Maturation and Risk Reduction (TMRR) and Engineering and Manufacturing Development (EMD) Request for Proposals (RFPs), and increasing the amount and quality of data available to support production decisions with specific focus on cybersecurity, interoperability, and reliability.
- For Acquisition Category (ACAT) ID programs, review/approve all Test and Evaluation Master Plans (TEMPs) submitted to support milestone reviews.  For ACAT IB and IC programs, review the DT&amp;E strategy/plans within the TEMP and provide a recommendation to the Service Milestone Decision Authority as to whether or not the strategy is adequate.
- For ACAT ID programs, publish independent DT&amp;E Sufficiency Assessments prior to Milestone B and C decisions with the goal of reducing discovery of performance issues later in the acquisition cycle.
- For ACAT IB and IC programs, publish independent DT&amp;E program assessments at the development Request for Proposal (RFP) release decision point and Milestone B and C decisions with the goal of reducing discovery of performance issues later in the acquisition cycle.
- When requested by the Secretary or Deputy Secretary of Defense, provide independent developmental test assessments in support of Under Secretary of Defense for Acquisition and Sustainment (USD(A&amp;S)) and Service Milestone Decision Authorities.
- Refine DT&amp;E policies and methodologies addressing DT&amp;E across all Acquisition programs.
- Promote the application of sound Development Test and Evaluation (DT&amp;E) and related technical disciplines across the Department's acquisition community and programs.
- Implement initiatives that evolve the DT&amp;E 'state of practice' to keep pace with emerging technologies and improve test efficiency to field systems faster.</r2:Text>
                                </r2:PriorYear>
                            </r2:Accomplishment>
                            <r2:PlannedProgram>
                                <r2:CurrentYear>
                                    <r2:Funding>19.944</r2:Funding>
                                    <r2:Text>- Continue to work with acquisition Program Managers, Chief Developmental Testers, and Lead Development Test and Evaluation (DT&amp;E) organizations to improve DT&amp;E planning and develop comprehensive and efficient DT&amp;E strategies/plans through the use of disciplined Developmental Evaluation Framework matrices and Scientific Test and Analysis Techniques (STAT).
- Continue to support rapid prototyping, rapid fielding, and technology demonstrations efforts in the development of tailored comprehensive, efficient, and innovative DT&amp;E strategies/plans.
- Continue to implement the Office of the Under Secretary of Defense for Research and Engineering (OUSD(R&amp;E)) 'Shift Left' initiative that focuses on ensuring DT&amp;E strategies are developed in advance of releasing Technology Maturation and Risk Reduction (TMRR) and Engineering and Manufacturing Development (EMD) Request for Proposals (RFPs), and increasing the quality of data available to support production decisions with specific focus on cybersecurity, interoperability, and reliability.
- For Acquisition Category (ACAT) ID programs, review/approve all Test and Evaluation Master Plans (TEMPs) submitted to support milestone reviews. For ACAT IB and IC programs, review the DT&amp;E strategy/plans within the TEMP and provide a recommendation to the Service Milestone Decision Authority as to whether or not the strategy is adequate.
- For ACAT ID programs, publish independent DT&amp;E Sufficiency Assessments prior to Milestone B and C decisions with the goal of reducing discovery of performance issues later in the acquisition cycle.
- For ACAT IB and IC programs, publish independent DT&amp;E assessments at the development RFP release decision point and Milestone B and C decisions with the goal of reducing discovery of performance issues later in the acquisition cycle.
- When requested by the Secretary or Deputy Secretary of Defense, provide independent developmental test assessments in support of the Under Secretary of Defense Acquisition and Sustainment (USD(A&amp;S) and Service Milestone Decision Authorities.
- Refine DT&amp;E policies and guidance addressing DT&amp;E across all Adaptive Acquisition Framework programs.
- Promote the application of sound DT&amp;E and related technical disciplines across the Department's acquisition community and
programs.
- Implement initiatives that evolve the DT&amp;E 'state of practice' to keep pace with emerging technologies and improve test efficiency
to field systems faster.</r2:Text>
                                </r2:CurrentYear>
                                <r2:BudgetYearOne>
                                    <r2:Funding>20.286</r2:Funding>
                                </r2:BudgetYearOne>
                                <r2:BudgetYearOneBase>
                                    <r2:Funding>20.286</r2:Funding>
                                    <r2:Text>- Continue to work with Acquisition Program Managers, Chief Developmental Testers, and Lead Development Test and Evaluation (DT&amp;E) organizations to improve DT&amp;E planning and develop comprehensive and efficient DT&amp;E strategies/plans through the use of disciplined Developmental Evaluation Framework matrices and Scientific Test and Analysis Techniques (STAT).
- Continue to support rapid prototyping, rapid fielding, and technology demonstrations efforts in the development of tailored comprehensive, efficient, and innovative DT&amp;E strategies/plans.
- Continue to implement the Office of the Under Secretary of Defense for Research and Engineering (OUSD(R&amp;E)) 'Shift Left' initiative that focuses on ensuring DT&amp;E strategies are developed in advance of releasing Technology Maturation and Risk Reduction (TMRR) and Engineering and Manufacturing Development (EMD) Request for Proposals (RFPs), and increasing the amount and quality of data available to support production decisions with specific focus on cybersecurity, interoperability, and reliability.
- For Acquisition Category (ACAT) ID programs, review/approve all Test and Evaluation Master Plans (TEMPs) submitted to support milestone reviews. For ACAT IB and IC programs, review the DT&amp;E strategy/plans within the TEMP and provide a recommendation to the Service Milestone Decision Authority as to whether or not the strategy is adequate.
- For ACAT ID programs, publish independent DT&amp;E Sufficiency Assessments prior to Milestone B and C decisions with the goal of reducing discovery of performance issues later in the acquisition cycle.
- For ACAT IB and IC programs, publish independent DT&amp;E assessments at the development RFP release decision point and Milestone B and C decisions with the goal of reducing discovery of performance issues later in the acquisition cycle.
- When requested by the Secretary or Deputy Secretary of Defense, provide independent developmental test assessments in support of the Under Secretary of Defense Acquisition and Sustainment (USD(A&amp;S) and Service Milestone Decision Authorities.
- Refine DT&amp;E policies and guidance addressing DT&amp;E across all Adaptive Acquisition Framework programs.
- Promote the application of sound DT&amp;E and related technical disciplines across the Department's acquisition community and programs.
- Implement initiatives that evolve the DT&amp;E 'state of practice' to keep pace with emerging technologies and improve test efficiency
to field systems faster.</r2:Text>
                                </r2:BudgetYearOneBase>
                                <r2:AppChangeSummary>There is no significant change between FY 2025 and FY 2026.</r2:AppChangeSummary>
                            </r2:PlannedProgram>
                        </r2:AccomplishmentPlannedProgram>
                    </r2:AccomplishmentPlannedProgramList>
                    <r2:OtherProgramFundingSummaryRemarks>N/A</r2:OtherProgramFundingSummaryRemarks>
                    <r2:AcquisitionStrategy>N/A</r2:AcquisitionStrategy>
                </r2:R2aExhibit>
            </r2:Project>
            <r2:Project>
                <r2:ProjectNumber>048</r2:ProjectNumber>
                <r2:ProjectTitle>Cybersecurity DT&amp;E for Weapon Systems</r2:ProjectTitle>
                <r2:SpecialProject>0</r2:SpecialProject>
                <r2:ProjectFunding>
                    <r2:AllPriorYears>20.254</r2:AllPriorYears>
                    <r2:PriorYear>8.299</r2:PriorYear>
                    <r2:CurrentYear>7.052</r2:CurrentYear>
                    <r2:BudgetYearOne>7.169</r2:BudgetYearOne>
                    <r2:BudgetYearOneBase>7.169</r2:BudgetYearOneBase>
                    <r2:CostToComplete>Continuing</r2:CostToComplete>
                    <r2:TotalCost>Continuing</r2:TotalCost>
                </r2:ProjectFunding>
                <r2:R2aExhibit>
                    <r2:ProjectMissionDescription>The Cybersecurity Development Test and Evaluation (DT&amp;E) for Weapon Systems project 048 provides dedicated resources to support Major Defense Acquisition Program (MDAP) and Rapid Prototyping/Fielding Program Managers, Chief Developmental Testers, and Lead DT&amp;E Organizations in the development of comprehensive, efficient, and innovative cyber DT&amp;E strategies to support key acquisition milestones and engineering/programmatic decisions. Cyber DT&amp;E includes cybersecurity and cyber resilience as the components of cyber survivability. On behalf of the Under Secretary of Defense for Research and Engineering (USD(R&amp;E)) this project executes the following activities:

- Support acquisition programs in the development of comprehensive, efficient, and innovative cyber DT&amp;E strategies that can be documented in Test and Evaluation Master Plans (TEMPs). For Acquisition Category (ACAT) ID programs, review and approve/disapprove the cyber DT&amp;E strategy/plans within the TEMP. For ACAT IB and IC programs, review the cyber DT&amp;E strategy/plans within the TEMP and provide a recommendation to the Service Milestone Decision Authority as to whether or
not the strategy is adequate.
- Support rapid prototyping, rapid fielding, and technology demonstrations efforts in the development of tailored comprehensive, efficient, and innovative cyber DT&amp;E strategies/plans.
- Support the development of independent technical risk assessments and advise the Secretary on the progress towards meeting the cyber survivability Key Performance Parameter before any decision to grant Milestone A or B approval, or enter into low-rate initial production or full-rate production for ACAT ID programs or when requested by the Secretary.
- Identify DoD cyber test infrastructure gaps and support development of the OUSD(R&amp;E) test resources strategic plan.
- Evolve the cyber DT&amp;E 'state of practice' to keep pace with emerging technologies and improve test efficiency to field systems faster.
- Coordinate with Director, Operational Test and Evaluation to improve cyber T&amp;E efficiency and make best use of integrated testing.</r2:ProjectMissionDescription>
                    <r2:AccomplishmentPlannedProgramList>
                        <r2:AccomplishmentPlannedProgram>
                            <r2:Title>Cybersecurity DT&amp;E for Weapon Systems</r2:Title>
                            <r2:Description>Cybersecurity DT&amp;E for Weapon Systems project 048 supports and improves the cyber DT&amp;E efforts of MDAP, Rapid Prototyping/Fielding efforts, and other Special Interest (SI) acquisition programs as they progress through the acquisition/development lifecycle; and support development of policy and guidance for the conduct of cyber DT&amp;E within the DoD. Cyber DT&amp;E includes cybersecurity and cyber resilience as the components of cyber survivability.</r2:Description>
                            <r2:Accomplishment>
                                <r2:PriorYear>
                                    <r2:Funding>8.299</r2:Funding>
                                    <r2:Text>- Continue work with Acquisition Program Managers, Chief Developmental Testers, and Lead Development Test &amp; Evaluation (DT&amp;E) organizations to improve Cybersecurity DT&amp;E planning and develop comprehensive and efficient DT&amp;E strategies/plans through the use of disciplined Developmental Evaluation Framework matrices and Scientific Test and Analysis Techniques (STAT).  Help programs develop Cybersecurity T&amp;E objectives that align cybersecurity requirements for security standards, cyber survivability, and operational resilience.
- Continue to support rapid prototyping, rapid fielding, and technology demonstrations efforts in the development of tailored comprehensive, efficient, and innovative Cybersecurity DT&amp;E strategies/plans.
- Continue to implement the Office of the Under Secretary of Defense for Research and Engineering (OUSD(R&amp;E)) 'Shift Left' initiative that focuses on ensuring Cybersecurity Development Test and Evaluation (DT&amp;E) strategies are developed in advance of releasing Technology Maturation and Risk Reduction (TMRR) and Engineering and Manufacturing Development (EMD) Request for Proposals (RFPs) and increasing the amount and quality of data available to support production decisions.
- Continue to refine Cybersecurity DT&amp;E policies and methodologies addressing Cybersecurity DT&amp;E across all Acquisition programs.
- Assess Cybersecurity performance/resiliency to support development of DT&amp;E Sufficiency Assessments Acquisition Category (ACAT) IDv programs or DT&amp;E program assessments Acquisition Category (ACAT) 1B/1C programs.
- When requested by the Secretary or Deputy Secretary of Defense, provide independent Cybersecurity developmental test assessments in support of Under Secretary of Defense for Acquisition and Sustainment (USD(A&amp;S)) and Service Milestone Decision Authorities.
- Continue to provide Cybersecurity DT&amp;E subject matter experts to assist programs in building Developmental Evaluation Frameworks (DEFs), conducting Cybersecurity Table Top Exercises to identify potential threat vectors, and assist programs with exercising Phases 1 and 2 of the Department of Defense (DoD) Cybersecurity T&amp;E Process.
- Continue to promote the application of sound Cybersecurity DT&amp;E and related technical disciplines across the Department's acquisition community and programs.
- Implement initiatives that evolve the Cybersecurity DT&amp;E 'state of practice' to keep pace with emerging technologies and improve test efficiency to field systems faster.
- Implement initiatives to guide acquisition programs for how to use Cybersecurity T&amp;E planning and analysis and Cybersecurity tests to 
identify and mitigate cyber risk in supply chains, development environments, tools and processes.
- Continue to collaborate with the Intelligence communities to improve cyber intelligence support to Cybersecurity DT&amp;E.
- Continue to work with Lead Development Test and Evaluation (DT&amp;E) organizations to improve Cybersecurity DT&amp;E workforce capability and retention as well as capacity to support earlier integrated contractor and government Cybersecurity DT&amp;E.</r2:Text>
                                </r2:PriorYear>
                            </r2:Accomplishment>
                            <r2:PlannedProgram>
                                <r2:CurrentYear>
                                    <r2:Funding>7.052</r2:Funding>
                                    <r2:Text>- Continue to work with acquisition Program Managers, Chief Developmental Testers, and Lead Development Test and Evaluation (DT&amp;E) organizations to improve cyber DT&amp;E planning and develop comprehensive and efficient DT&amp;E strategies/plans using disciplined integrated decision support keys, developmental evaluation frameworks, and Scientific Test and Analysis Techniques (STAT). Help programs develop cyber DT&amp;E objectives that align measurable and testable cyber performance requirements for security standards, and cyber resilience.
- Continue to support rapid prototyping, rapid fielding, and technology demonstrations efforts in the development of tailored comprehensive, efficient, and innovative cyber DT&amp;E strategies/plans.
- Expand the Office of the Under Secretary of Defense for Research and Engineering (OUSD(R&amp;E)) 'Shift Left' initiative to focus on cyber DT&amp;E strategies and processes for non-acquisition, pre-acquisition, and for acquisition programs in advance of releasing Technology Maturation and Risk Reduction (TMRR) and Engineering and Manufacturing Development (EMD) Request for Proposals (RFPs) and increasing the amount and quality of data available to support production decisions.
- Continue to refine cyber DT&amp;E policies and guidance addressing cyber DT&amp;E throughout the lifecycle across all Adaptive Acquisition Framework programs.
- Assess cyber performance/resilience to support development of DT&amp;E Sufficiency Assessments Acquisition Category (ACAT) ID programs or DT&amp;E program assessments Acquisition Category (ACAT) 1B/1C programs.
- When requested by the Secretary or Deputy Secretary of Defense, provide independent cyber developmental test assessments in support of Under Secretary of Defense for Acquisition and Sustainment (USD(A&amp;S)) and Service Milestone Decision Authorities.
- Continue to provide cyber DT&amp;E subject matter experts to assist programs in building integrated cyber DT&amp;E strategies, conducting mission based cyber risk assessments like Cyber Table Top Exercises to identify potential threat vectors and assist programs with exercising cyber DT&amp;E planning and preparing activities in the Department of Defense (DoD) Cyber DT&amp;E Process.
- Continue to promote the application of sound cyber DT&amp;E and related technical disciplines across the Department's acquisition community and programs.
- Implement research and initiatives that evolve the cyber DT&amp;E 'state of practice' to keep pace with emerging technologies and improve test efficiency to field systems faster.
- Implement initiatives to guide acquisition programs for how to identify and mitigate cyber risk in supply chains, development environments, tools and processes.
- Continue to collaborate with the Intelligence communities to improve cyber intelligence support to cyber DT&amp;E.
- Continue to work with Lead cyber DT&amp;E organizations to improve cyber DT&amp;E workforce capability and retention as well as capacity to support earlier integrated contractor and government cyber DT&amp;E.</r2:Text>
                                </r2:CurrentYear>
                                <r2:BudgetYearOne>
                                    <r2:Funding>7.169</r2:Funding>
                                </r2:BudgetYearOne>
                                <r2:BudgetYearOneBase>
                                    <r2:Funding>7.169</r2:Funding>
                                    <r2:Text>- Continue to work with acquisition Program Managers, Chief Developmental Testers, and Lead Development Test and Evaluation (DT&amp;E) organizations to improve cyber DT&amp;E planning and develop comprehensive and efficient DT&amp;E strategies/plans using disciplined integrated decision support keys, developmental evaluation frameworks, and Scientific Test and Analysis Techniques (STAT). Help programs develop cyber DT&amp;E objectives that align measurable and testable cyber performance requirements for security standards, and cyber resilience.
- Continue to support rapid prototyping, rapid fielding, and technology demonstrations efforts in the development of tailored comprehensive, efficient, and innovative cyber DT&amp;E strategies/plans.
- Expand the Office of the Under Secretary of Defense for Research and Engineering (OUSD(R&amp;E)) 'Shift Left' initiative to focus on cyber DT&amp;E strategies and processes for non-acquisition, pre-acquisition, and for acquisition programs in advance of releasing Technology Maturation and Risk Reduction (TMRR) and Engineering and Manufacturing Development (EMD) Request for Proposals (RFPs) and increasing the amount and quality of data available to support production decisions.
- Continue to refine cyber DT&amp;E policies and methodologies addressing cyber DT&amp;E across all acquisition programs and system life cycles.
- Assess cyber performance/resilience to support development of DT&amp;E Sufficiency Assessments for Acquisition Category (ACAT) ID programs or DT&amp;E program assessments for Acquisition Category (ACAT) 1B/1C programs.
- When requested by the Secretary or Deputy Secretary of Defense, provide independent cyber developmental test assessments in support of Under Secretary of Defense for Acquisition and Sustainment (USD(A&amp;S)) and Service Milestone Decision Authorities.
- Continue to provide cyber DT&amp;E subject matter experts to assist programs in building integrated cyber DT&amp;E strategies, conducting mission based cyber risk assessments like Cyber Table Top Exercises to identify potential threat vectors, and assist programs with exercising cyber DT&amp;E planning and preparing activities in the Department of Defense (DoD) Cyber DT&amp;E Process.
- Continue to promote the application of sound cyber DT&amp;E and related technical disciplines across the Department's acquisition community and programs.
- Implement the first phase of Cyber Resilience is an Operational Capability (CROC) – A Joint DoD DT&amp;E initiative to guide programs for how to use iterative cyber DT&amp;E planning, preparing, executing, evaluating, and reporting. CROC will evolve the cyber DT&amp;E 'state of practice', keep pace with emerging technologies, inform guidance to improve test efficiency to field systems faster. CROC is about fundamentally changing how the DoD approaches building and evaluating systems to ensure they can continue to operate – even when compromised.
- Continue to collaborate with the Intelligence communities to improve cyber intelligence support to cyber DT&amp;E.
- Continue to work with Lead cyber DT&amp;E organizations to improve cyber DT&amp;E workforce capability and retention as well as capacity to support earlier integrated contractor and government cyber DT&amp;E.</r2:Text>
                                </r2:BudgetYearOneBase>
                                <r2:AppChangeSummary>There is no significant change between FY 2025 and FY 2026.</r2:AppChangeSummary>
                            </r2:PlannedProgram>
                        </r2:AccomplishmentPlannedProgram>
                    </r2:AccomplishmentPlannedProgramList>
                    <r2:AcquisitionStrategy>N/A.</r2:AcquisitionStrategy>
                </r2:R2aExhibit>
            </r2:Project>
            <r2:Project>
                <r2:ProjectNumber>149</r2:ProjectNumber>
                <r2:ProjectTitle>Independent Engineering Assessments</r2:ProjectTitle>
                <r2:SpecialProject>0</r2:SpecialProject>
                <r2:ProjectFunding>
                    <r2:AllPriorYears>0.000</r2:AllPriorYears>
                    <r2:PriorYear>9.672</r2:PriorYear>
                    <r2:CurrentYear>10.237</r2:CurrentYear>
                    <r2:BudgetYearOne>9.926</r2:BudgetYearOne>
                    <r2:BudgetYearOneBase>9.926</r2:BudgetYearOneBase>
                    <r2:CostToComplete>Continuing</r2:CostToComplete>
                    <r2:TotalCost>Continuing</r2:TotalCost>
                </r2:ProjectFunding>
                <r2:R2aExhibit>
                    <r2:ProjectMissionDescription>The Independent Engineering Assessments project 149 provides resources to support Major Defense Acquisition Program (MDAP) Program Managers and Chief Engineers/Systems Engineers in the development of comprehensive, efficient, and innovative engineering strategies/plans to support key acquisition milestones and engineering decisions. For Acquisition Category (ACAT) ID programs, this project also conducts independent engineering assessments, including Independent Technical Risk Assessments (ITRAs), and assessments at the Preliminary and Critical Design Reviews. On behalf of the Under Secretary of Defense for Research and Engineering (USD(R&amp;E)) this project executes the following activities:

-Support acquisition programs in the development of comprehensive, efficient, and innovative systems engineering strategies. Provide Systems Engineering support to ACAT ID programs. For ACAT ID programs, review and approve/disapprove the System Engineering Plans (SEPs) to ensure engineering activities, strategies, and plans are comprehensive and consistent with best practices.
- Monitor and advise USD(R&amp;E) and Under Secretary of Defense for Acquisition and Sustainment (USD(A&amp;S)) on technical and engineering aspects of MDAPs and select alternate acquisition pathway programs to ensure they are adequate to support fielding and the achievement of cost, schedule and performance goals to include readiness, i.e., producibility, reliability, maintainability, sustainment, and other considerations.
- For ACAT ID programs, provide ITRAs to the Defense Acquisition Executive (DAE) at the Milestone (MS) A, B, and C decisions with the goal of identifying technical risk and outlining potential mitigation measures that should be considered during program execution. For select high priority ACAT IB and IC programs, review and approve service conducted ITRAs prior to the applicable milestone decision point.
- For ACAT ID programs, conduct Preliminary and Critical Design Review assessments to inform the Defense Acquisition Executive of technical risks, maturity of the technical baseline, and the program’s readiness to proceed in accordance with statute.
- For ACAT ID programs, the ITRA and Preliminary Design Review (PDR) assessments support the DAE decision to approve MS B in accordance with statute. They also support the DAE as the milestone decision authority in satisfying requirements to notify congress a written record of the decision to grant MS B for a major defense acquisition program including identification of risks, mitigation measures, and technology maturity in accordance with statute.
- Support acceleration of USD(R&amp;E) modernization initiatives in accordance with the interim National Defense Strategy (NDS).
- Conduct other technical reviews as requested, such as Nunn-McCurdy certification reviews, Non-Advocate Reviews, focused technical assessments, schedule risk assessments, and software readiness reviews to identify and mitigate program risk.
- Coordinate with the Services to improve engineering practices for Major Defense Acquisition Programs (MDAPs) and rapid prototyping/fielding programs. Identify, document, and share lessons learned to improve Systems Engineering across the DoD.
- Guide Service and other component organizations in the development planning process to ensure proposed MDAP programs are executable within acceptable levels of risk.</r2:ProjectMissionDescription>
                    <r2:AccomplishmentPlannedProgramList>
                        <r2:AccomplishmentPlannedProgram>
                            <r2:Title>Independent Engineering Assessments</r2:Title>
                            <r2:Accomplishment>
                                <r2:PriorYear>
                                    <r2:Funding>9.672</r2:Funding>
                                    <r2:Text>- Continue to work with Acquisition Category (ACAT) ID Program Managers, Chief Engineers/Systems Engineers to improve / develop comprehensive and efficient engineering strategies/plans.
- Monitor and advise Under Secretary of Defense for Research and Engineering (USD(R&amp;E)) and Under Secretary of Defense for Acquisition and Sustainment (USD(A&amp;S)) on technical and engineering aspects of MDAPs and select alternate acquisition pathway programs.
- For ACAT ID programs, review/approve all System Engineering Plans (SEPs) submitted to support milestone reviews.
- For ACAT ID programs, conduct Independent Risk Assessment (ITRA) to support the Defense Acquisition Executive (DAE) with the goal of identifying technical risk and outlining potential mitigation measures that should be considered during program execution.  Provide ITRA results to the DAE to support preparation of Milestone (MS) A and B Brief Summary reports.
- For ACAT ID programs, conduct Preliminary and Critical Design Review assessments to inform the DAE of technical risks, maturity of the technical baseline, and the program’s readiness to proceed.
- Provide support to engineers and technical leaders to develop and integrate technologies and modernization priorities.
- Conduct technical reviews of acquisition programs to confirm program execution in accordance with systems engineering plans.
- Provides Specialty Engineering support in the critical disciplines of reliability, software, and manufacturing to ITRAs teams and other assessments.</r2:Text>
                                </r2:PriorYear>
                            </r2:Accomplishment>
                            <r2:PlannedProgram>
                                <r2:CurrentYear>
                                    <r2:Funding>10.237</r2:Funding>
                                    <r2:Text>-Continue to work with ACAT ID Program Managers, Chief Engineers/Systems Engineers to improve / develop comprehensive and efficient engineering strategies/plans.
- Monitor and advise USD(R&amp;E) and USD(A&amp;S) on technical and engineering aspects of Major Defense Acquisition Programs (MDAPS) and select alternate acquisition framework pathway programs.
- For ACAT ID programs, review/approve all SEPs submitted to support milestone reviews.
- For Acquisition Category (ACAT) ID programs, conduct Independent Technical Risk Assessment (ITRA) to support the Defense Acquisition Executive (DAE) with the goal of identifying technical risk and outlining potential mitigation measures that should be considered during program execution. Provide ITRA results to the DAE to support Milestone (MS) A and B congressional notification requirements.
- For Acquisition Category (ACAT) ID programs, conduct Preliminary and Critical Design Review assessments to inform the Defense Acquisition Executive (DAE) of technical risks, maturity of the technical baseline, and the program’s readiness to proceed.
- Provide support to engineers and technical leaders to develop and integrate technologies and modernization priorities.
- Conduct technical reviews of acquisition programs to confirm program execution in accordance with systems engineering plans.
- Provides Specialty Engineering support in the critical disciplines of reliability, software, schedule risk, and manufacturing to ITRA teams and other assessments.</r2:Text>
                                </r2:CurrentYear>
                                <r2:BudgetYearOne>
                                    <r2:Funding>9.926</r2:Funding>
                                </r2:BudgetYearOne>
                                <r2:BudgetYearOneBase>
                                    <r2:Funding>9.926</r2:Funding>
                                    <r2:Text>-Continue to work with ACAT ID Program Managers, Chief Engineers/Systems Engineers to improve / develop comprehensive and efficient engineering strategies/plans.
- Monitor and advise USD(R&amp;E) and USD(A&amp;S) on technical and engineering aspects of Major Defense Acquisition Programs (MDAPS) and select alternate acquisition framework pathway programs.
- For ACAT ID programs, review/approve all SEPs submitted to support milestone reviews. 
- For Acquisition Category (ACAT) ID programs, conduct Independent Risk Assessment to support the Defense Acquisition Executive (DAE) with the goal of identifying technical risk and outlining potential mitigation measures that should be considered during program execution. Provide ITRA results to the DAE to support Milestone (MS) A and B congressional notification requirements.
- For Acquisition Category (ACAT) ID programs, conduct Preliminary and Critical Design Review assessments to inform the Defense Acquisition Executive (DAE) of technical risks, maturity of the technical baseline, and the program’s readiness to proceed.
- Provide support to engineers and technical leaders to develop and integrate technologies and modernization priorities.
- Conduct technical reviews of acquisition programs to confirm program execution in accordance with systems engineering plans.
- Provides Specialty Engineering support in the critical disciplines of reliability, software, schedule risk, and manufacturing to Independent Technical Risk Assessments (ITRAs) teams and other assessments.</r2:Text>
                                </r2:BudgetYearOneBase>
                                <r2:AppChangeSummary>There is no significant change between FY 2025 and FY 2026.</r2:AppChangeSummary>
                            </r2:PlannedProgram>
                        </r2:AccomplishmentPlannedProgram>
                    </r2:AccomplishmentPlannedProgramList>
                    <r2:AcquisitionStrategy>N/A</r2:AcquisitionStrategy>
                </r2:R2aExhibit>
            </r2:Project>
        </r2:ProjectList>
    </r2:ProgramElement>
</r2:ProgramElementList>