<?xml version="1.0" encoding="UTF-8"?>
<r2:ProgramElementList xmlns:r2="http://www.dtic.mil/comptroller/xml/schema/022009/r2" targetSchemaVersion="1.0">
    <r2:ProgramElement monetaryUnit="Millions">
        <r2:ProgramElementNumber>0605814OTE</r2:ProgramElementNumber>
        <r2:ProgramElementTitle>Operational Test Activities and Analyses</r2:ProgramElementTitle>
        <r2:R1LineNumber>3</r2:R1LineNumber>
        <r2:BudgetYear>2026</r2:BudgetYear>
        <r2:BudgetCycle>PB</r2:BudgetCycle>
        <r2:SubmissionDate>2025-06</r2:SubmissionDate>
        <r2:ServiceAgencyName>Operational Test and Evaluation, Defense</r2:ServiceAgencyName>
        <r2:AppropriationCode>0460</r2:AppropriationCode>
        <r2:AppropriationName>Operational Test and Evaluation, Defense</r2:AppropriationName>
        <r2:BudgetActivityNumber>6</r2:BudgetActivityNumber>
        <r2:BudgetActivityTitle>RDT&amp;E Management Support</r2:BudgetActivityTitle>
        <r2:ProgramElementFunding>
            <r2:AllPriorYears>213.966</r2:AllPriorYears>
            <r2:PriorYear>95.277</r2:PriorYear>
            <r2:CurrentYear>102.922</r2:CurrentYear>
            <r2:BudgetYearOne>76.492</r2:BudgetYearOne>
            <r2:BudgetYearOneBase>76.492</r2:BudgetYearOneBase>
            <r2:CostToComplete>Continuing</r2:CostToComplete>
            <r2:TotalCost>Continuing</r2:TotalCost>
        </r2:ProgramElementFunding>
        <r2:ProgramElementMissionDescription>The Operational Test Activities and Analyses (OTA&amp;A) programs are continuing efforts that provide management and oversight functions, as well as updates to T&amp;E policy and directives to the Department of Defense (DOD). OTA&amp;A programs focus on broad scopes of the weapons systems integration to joint-warfighting and national defense agencies environment; policy, and strategy updates; evolving T&amp;E methodology changes; and data-based integration efforts to align with the DOD acquisition community’s digital transition.  The OTA&amp;A programs consist of four activities: Joint Test and Evaluation (JT&amp;E); Test and Evaluation Threat Resource Activity (TETRA); Center for Countermeasures (CCM); and Strategic Initiatives, Policy, and Emerging Technology (SIPET).

JT&amp;E projects are T&amp;E activities conducted in a joint military environment that develop process improvements. These multi-Service projects, chartered by the Office of the Secretary of Defense and coordinated with the Joint Staff, CCMDs, and the Services, provide non-materiel solutions that improve the following: joint interoperability of Service systems, technical and operational concepts, joint operational issues, development and validation of joint test methodologies, and test data for validating models, simulations, and test beds. New projects are also encouraged to align their efforts to support the National Defense Strategy (NDS). The JT&amp;E projects address relevant joint warfighting issues in a joint test and evaluation environment by developing and providing new tactics, techniques, and procedures to improve joint capabilities and methodologies.

TETRA, based on a memorandum of agreement between the DOT&amp;E and the Defense Intelligence Agency, provides DOT&amp;E support in the areas of threat resource analysis, intelligence support and threat systems investments. As DOT&amp;E’s agent, TETRA provides threat resource analyses on the availability, capabilities and limitations of threat representations (threat simulators, targets, models, U.S. surrogates, and foreign materiel) and analysis of test resources used for operational testing to support DOT&amp;E’s assessment of the adequacy of testing for those programs designated for oversight by DOT&amp;E and the Office of the Under Secretary of Defense Acquisition and Sustainment. TETRA provides DOT&amp;E action officers and other DOT&amp;E activities with program-specific threat intelligence support. TETRA also funds management, oversight, and the actual development of common-use threat specifications for threat simulators, threat representative targets, and digital threat models used for T&amp;E.

CCM, a Joint Service Countermeasure (CM) T&amp;E activity, directs, coordinates, supports, and conducts independent CM/counter-CM T&amp;E activities of U.S. and foreign weapon systems, subsystems, sensors, and related components. CCM accomplishes this work in support of DOT&amp;E, weapon system developers, and the Services.

CCM’s testing and analyses directly supports evaluations of the operational effectiveness and suitability of CM/counter-CM systems, such as aircraft survivability equipment (ASE) used on rotary-wing and fixed-wing aircraft. CCM’s support of the T&amp;E of ASE enables the survivability of aircraft in a high threat environment to enable mission success. In addition, CCM provides test support for directed energy weapons (DEW) and counter-unmanned aircraft systems (C-UAS) programs. CCM improves Service member exercises, training, and pre-deployment activities with expertise in CM/counter-CM technology and capabilities. CCM deployed specialized instrumentation to collect threat weapon data for threat model development in support of M&amp;S evaluation efforts. Also, cooperative allied efforts are supported in the areas of ASE T&amp;E, DEW T&amp;E, and threat M&amp;S development.

This Program element also consists of SIPET, initiated in 2021 to codify and implement strategy and policy to keep pace with science and technology to modernize T&amp;E tools, processes, infrastructure, and workforce. The core of the SIPET mission is to drive continuous innovation to meet the T&amp;E demands of the future using five strategic pillars:

Pillar 1: Test the way we fight
Pillar 2: Accelerate the delivery of weapons that work
Pillar 3: Improve the survivability of DoD in a contested environment
Pillar 4: Pioneer T&amp;E of weapon systems built to change over time
Pillar 5: Foster an agile and enduring T&amp;E Enterprise Workforce.</r2:ProgramElementMissionDescription>
        <r2:ChangeSummary>
            <r2:PreviousPresidentBudget>
                <r2:PriorYear>58.693</r2:PriorYear>
                <r2:CurrentYear>102.922</r2:CurrentYear>
                <r2:BudgetYearOne>117.130</r2:BudgetYearOne>
                <r2:BudgetYearOneBase>117.130</r2:BudgetYearOneBase>
            </r2:PreviousPresidentBudget>
            <r2:CurrentPresidentBudget>
                <r2:PriorYear>95.277</r2:PriorYear>
                <r2:CurrentYear>102.922</r2:CurrentYear>
                <r2:BudgetYearOne>76.492</r2:BudgetYearOne>
                <r2:BudgetYearOneBase>76.492</r2:BudgetYearOneBase>
            </r2:CurrentPresidentBudget>
            <r2:TotalAdjustments>
                <r2:PriorYear>36.584</r2:PriorYear>
                <r2:CurrentYear>0.000</r2:CurrentYear>
                <r2:BudgetYearOne>-40.638</r2:BudgetYearOne>
                <r2:BudgetYearOneBase>-40.638</r2:BudgetYearOneBase>
            </r2:TotalAdjustments>
            <r2:AdjustmentDetails>
                <r2:CongressionalDirectedTransfers>
                    <r2:PriorYear>35.500</r2:PriorYear>
                </r2:CongressionalDirectedTransfers>
                <r2:OtherAdjustmentDetailList>
                    <r2:OtherAdjustmentDetail>
                        <r2:Title>Below Threshold Reprogramming</r2:Title>
                        <r2:Funding>
                            <r2:PriorYear>1.084</r2:PriorYear>
                        </r2:Funding>
                    </r2:OtherAdjustmentDetail>
                    <r2:OtherAdjustmentDetail>
                        <r2:Title>Reductions in T&amp;E Transformation Programming</r2:Title>
                        <r2:Funding>
                            <r2:BudgetYearOne>-40.638</r2:BudgetYearOne>
                            <r2:BudgetYearOneBase>-40.638</r2:BudgetYearOneBase>
                        </r2:Funding>
                    </r2:OtherAdjustmentDetail>
                </r2:OtherAdjustmentDetailList>
            </r2:AdjustmentDetails>
            <r2:SummaryExplanation>Reduces contracts for Advisory and Assistance Services and Federally Funded Research and Development Centers to promote efficiencies and advance the policies of the Administration in alignment with Executive Order 14222, “Implementing the President’s Department of Government Efficiency Cost Efficiency Initiative.”  Additional reductions include reductions to the organization's civilian personnel full-time equivalents and funding to optimize the workforce in compliance with Executive Order 14210, “Implementing the President’s Department of Government Efficiency Workforce Optimization Initiative” and discretionary travel funding to align with Executive Order 14222, “Implementing the President’s Department of Government Efficiency Cost Efficiency Initiative.”</r2:SummaryExplanation>
        </r2:ChangeSummary>
        <r2:ProjectList>
            <r2:Project>
                <r2:ProjectNumber>000920</r2:ProjectNumber>
                <r2:ProjectTitle>OTA&amp;A</r2:ProjectTitle>
                <r2:SpecialProject>0</r2:SpecialProject>
                <r2:ProjectFunding>
                    <r2:AllPriorYears>213.966</r2:AllPriorYears>
                    <r2:PriorYear>95.277</r2:PriorYear>
                    <r2:CurrentYear>102.922</r2:CurrentYear>
                    <r2:BudgetYearOne>76.492</r2:BudgetYearOne>
                    <r2:BudgetYearOneBase>76.492</r2:BudgetYearOneBase>
                    <r2:CostToComplete>Continuing</r2:CostToComplete>
                    <r2:TotalCost>Continuing</r2:TotalCost>
                </r2:ProjectFunding>
                <r2:R2aExhibit>
                    <r2:ProjectMissionDescription>The Operational Test Activities and Analyses (OTA&amp;A) programs are continuing efforts that provide management and oversight functions, as well as updates to T&amp;E policy and directives to the Department of Defense (DOD). OTA&amp;A programs focus on broad scopes of the weapons systems integration to joint-warfighting and national defense agencies environment; policy, and strategy updates; evolving T&amp;E methodology changes; and data-based integration efforts to align with the DOD acquisition community’s digital transition.  The OTA&amp;A programs consist of four activities: Joint Test and Evaluation (JT&amp;E); Test and Evaluation Threat Resource Activity (TETRA); Center for Countermeasures (CCM); and Strategic Initiatives, Policy, and Emerging Technology (SIPET).

JT&amp;E projects are T&amp;E activities conducted in a joint military environment that develop process improvements. These multi-Service projects, chartered by the Office of the Secretary of Defense and coordinated with the Joint Staff, CCMDs, and the Services, provide non-materiel solutions that improve the following: joint interoperability of Service systems, technical and operational concepts, joint operational issues, development and validation of joint test methodologies, and test data for validating models, simulations, and test beds. New projects are also encouraged to align their efforts to support the National Defense Strategy (NDS). The JT&amp;E projects address relevant joint warfighting issues in a joint test and evaluation environment by developing and providing new tactics, techniques, and procedures to improve joint capabilities and methodologies.

TETRA, based on a memorandum of agreement between the DOT&amp;E and the Defense Intelligence Agency, provides DOT&amp;E support in the areas of threat resource analysis, intelligence support and threat systems investments. As DOT&amp;E’s agent, TETRA provides threat resource analyses on the availability, capabilities and limitations of threat representations (threat simulators, targets, models, U.S. surrogates, and foreign materiel) and analysis of test resources used for operational testing to support DOT&amp;E’s assessment of the adequacy of testing for those programs designated for oversight by DOT&amp;E and the Office of the Under Secretary of Defense Acquisition and Sustainment. TETRA provides DOT&amp;E action officers and other DOT&amp;E activities with program-specific threat intelligence support. TETRA also funds management, oversight, and the actual development of common-use threat specifications for threat simulators, threat representative targets, and digital threat models used for T&amp;E.

CCM, a Joint Service Countermeasure (CM) T&amp;E activity, directs, coordinates, supports, and conducts independent CM/counter-CM T&amp;E activities of U.S. and foreign weapon systems, subsystems, sensors, and related components. CCM accomplishes this work in support of DOT&amp;E, weapon system developers, and the Services.

CCM’s testing and analyses directly supports evaluations of the operational effectiveness and suitability of CM/counter-CM systems, such as aircraft survivability equipment (ASE) used on rotary-wing and fixed-wing aircraft. CCM’s support of the T&amp;E of ASE enables the survivability of aircraft in a high threat environment to enable mission success. In addition, CCM provides test support for directed energy weapons (DEW) and counter-unmanned aircraft systems (C-UAS) programs. CCM improves Service member exercises, training, and pre-deployment activities with expertise in CM/counter-CM technology and capabilities. CCM deployed specialized instrumentation to collect threat weapon data for threat model development in support of M&amp;S evaluation efforts. Also, cooperative allied efforts are supported in the areas of ASE T&amp;E, DEW T&amp;E, and threat M&amp;S development.

This Program element also consists of SIPET, initiated in 2021 to codify and implement strategy and policy to keep pace with science and technology to modernize T&amp;E tools, processes, infrastructure, and workforce. The core of the SIPET mission is to drive continuous innovation to meet the T&amp;E demands of the future using five strategic pillars:

Pillar 1: Test the way we fight
Pillar 2: Accelerate the delivery of weapons that work
Pillar 3: Improve the survivability of DoD in a contested environment
Pillar 4: Pioneer T&amp;E of weapon systems built to change over time
Pillar 5: Foster an agile and enduring T&amp;E Enterprise Workforce.</r2:ProjectMissionDescription>
                    <r2:AccomplishmentPlannedProgramList>
                        <r2:AccomplishmentPlannedProgram>
                            <r2:Title>Operational Test Activities and Analyses (OTA&amp;A)</r2:Title>
                            <r2:Description>OTA&amp;A programs are continuing efforts that provide management and oversight functions, as well as updates to T&amp;E policy and directives to the Department of Defense (DoD). OTA&amp;A programs focus on broad scopes of the weapons systems integration to joint-warfighting and national defense agencies environment; policy, and strategy updates; evolving T&amp;E methodology changes; and data-based integration efforts to align with the DoD acquisition community’s digital transition.  The OTA&amp;A programs consist of four activities: JT&amp;E, TETRA, CCM, and SIPET.</r2:Description>
                            <r2:Accomplishment>
                                <r2:PriorYear>
                                    <r2:Funding>95.277</r2:Funding>
                                    <r2:Text>JT&amp;E
In FY 2024, JT&amp;E continues two new Joint Feasibility Study projects of which one will be selected to conduct a new Joint Test project. JT&amp;E also is working five new Quick Reaction Test projects, including the following three projects chartered in the first selection cycle:

1. Civil Data Link Cyber Awareness and Resiliency Quick Reaction Test to develop and validate TTP to detect, respond, and recover from resiliency issues with Aircraft Communication, Addressing, and Reporting System via non-materiel mitigations to ensure mission assurance.

2. Joint Contaminated Human Remains Storage and Temporary Interment/Disinterment Quick Reaction Test to provide joint warfighter tactics, techniques, and procedures (TTP) to identify storage recommendations for JCHR prior to evacuation or temporary interment; provide successful preliminary identification for remains that cannot be repatriated expeditiously during large-scale combat operations; provide accountability for remains at the temporary interment site; and identify safety concerns for personnel executing the tasks.

3. Nuclear Command, Control, and Communications Risk Assessment Quick Reaction Test to develop a holistic multi-domain focused process with associated indications, warnings, and triggers to improve nuclear command, control, and communications decision-making.

Two Joint Test and two Quick Reaction Test projects from FY 2023 continue evaluation in FY 2024:

1. Joint Continental United States Director Over-the-Horizon Radar Joint Test to develop, test, and evaluate operational and tactical level TTP that integrates maneuver and electronic warfare capabilities to support joint forces in mitigating adversary anti-access/area denial strategies and capabilities to maintain freedom of maneuver in air and maritime operational domain areas. 

2. Joint Convention Nuclear Integration Joint Test develops and operationally tests and evaluates a CONOPS to define major mission functions for various strategic scenarios for use by the responsible organizations. 

3. Automated Tactical Targeting and Counterfire Kill Web System Quick Reaction Test develops and validates TTP to optimize the automation provided by ATTACKS to support the Counter-Fire Task Force mission, including Tactical Air Control Party operators and Air Battle Managers to maximize operational efficiency and effectiveness. 

4. Joint Interface Control Cell Resiliency Quick Reaction Test develops TTP that combats adversarial cyber interference and enhances the ability of Joint Interface Control Officers to better detect, respond, and recover from cyber interference in the tactical data links networks. 

JT&amp;E will close five Quick Reaction Test projects:

1. Commander’s Concepts (CONOPS) for Novel Information Warfare Capabilities Quick Reaction Test to refine, test, and validate a joint CONOPS to support logistics and authorities for a new non-kinetic capability executed by U.S. Strategic Command assigned assets.

2. Joint Aviation Signature Management Analysis, Application, and Rehearsals Tool Quick Reaction Test develops TTP to measure electromagnetic signatures of low level, joint tactical aircraft to produce a series of models that will be used to increase aviation combat survivability through a reduction in aircraft susceptibility in multi-domain operations.

3. Joint Distributed Command and Control Quick Reaction Test develops, tests, and evaluates a CONOPS that provides a distributed, resilient, and flexible Joint Distributed Nuclear Command and Control capability with future resources and technology.

4. Joint-Global Hypersonic Operational Sensor Tracking Quick Reaction Test develops, tests, and delivers a validated CONOPS and associated TTP to rapidly task external sensors and internal missile defense sensors in real-time during advanced trans-regional threat events.

5. Joint Operation NOBLE EAGLE Link-16 Tactical Data Link Quick Reaction addresses TTP for Rotary Wing Air Intercept missions flown in conjunction with Air Force and Navy aircraft and Ground Based Air Defenses controlled by the Eastern and Western Air Defense Sectors in the Continental North American Aerospace Defense Command Region.

TETRA
In FY 2024, TETRA continues to test planning/working group participation and perform technical analyses to identify threat shortfalls; align with the NDS requirements and; conducts special studies and provide current intelligence support tailored to specific U.S. weapon systems acquisitions. TETRA will:

- Continue to create standard operating procedures for DOT&amp;E Action Officer intelligence support to reduce risk and capability.

- Execute and deliver eight DoD/DOT&amp;E/IC academic and applied science articles on use, development, testing, and return on investment for Artificial Intelligence (AI), Superteaming, AI team augmentation and T&amp;E of AI.

- Execute initiatives that directly influence or improve the areas of software intensive systems and cybersecurity by moving to digital engineering via accredited models and simulation while continuing to “Shift Left” with integrated developmental and operational testing.  TETRA plans to improve the test environments of growing importance on Human-System Interaction and adapting T&amp;E for emergent technologies.

- Execute initiatives to understand and develop test capability for emerging technologies, T&amp;E infrastructure, tools, and processes for emerging capabilities and threats (space, hypersonics, directed energy, AI, ML, infrared and radio frequency, 5th Generation Aerial Target (5GAT), automated &amp; autonomous cybersecurity testing, and neural networks to address current and potential threats.)

- Continue to support the reduction in acquisition and test timelines while increasing test capabilities against Great Power threats.

- Continue to foster rapid technological advancements in the areas of threat representation for T&amp;E and threat test resources by incorporating innovative technologies from the intelligence community into threat test assets to provide improved test fidelity and performance with cost savings.

- Continue identifying initiatives to improve cyberspace threat representation and prediction, cyber-economic threats to DoD systems and scalable cyberspace threat test environments that can interface with cyber test networks; and to conduct offensive and defensive cyberspace operations without significantly impacting critical operational capabilities.

- Continue to develop and build threat representative decoys and shells to support tests conducted on the ranges. 

- Support initiatives based on the cognitive radar definition results of the white paper study to develop models for testing against advanced cognitive radar threats.

- Continue to pursue initiatives for improving satellite and space threat representations and developing alternatives for conducting threat realistic operational testing in response to environmental limitations.

- Continue to support the US warfighter by providing threat intelligence relevant to emerging threats such as artificial intelligence, autonomy, robotics, directed energy, hypersonic and biotechnology to ensure operational and developmental testing occurs against realistic threat representations, including (but not limited to) threats from both revisionist powers such as China and Russia threats from rogue regimes such as North Korea and Iran, and threats from non-state actors.

- Continue to conduct threat intelligence investigations that support use of innovative technologies in the areas of artificial intelligence, autonomy, robotics, machine learning, quantum computing, lasers, nanotechnology, chemical and biological, directed energy, hypersonic and biotechnology being developed by nation states to improve threat representation in the contested domain of air, land, sea, space and cyberspace.

- Continue to support initiatives for the development of Great Power threat representative jammers, for use in terrain constricted tests as a directional active electronically steered array jammer that will limit Federal Aviation Administration and other common jammer restrictions/acceptance/endorsement for T&amp;E use.

- Continue to sustain and manage threat M&amp;S to support test and evaluation by overseeing and coordinating intelligence community developed threat models, performing threat model anomaly resolution resolving differences from live fire testing, integrating threat models into T&amp;E facilities and distributing performance and signature models to T&amp;E users.

- Continue to represent DOT&amp;E at foreign material exchanges, inter-agency coordinating groups, and non-proliferation groups to raise awareness of T&amp;E needs for foreign materiel, coordinate service requirements, and de-conflict and prioritize foreign materiel requirements for T&amp;E.

- Continue to provide intelligence support to DOT&amp;E staff to address specific questions on threat systems affecting programs on the OSD T&amp;E Oversight list and provide briefings and special intelligence reports when necessary.

- Continue to provide DOT&amp;E representation at the Threat Steering Group (TSG) in support of the Validated Online Lifecycle Threat (VOLT) Report process.

- Continue to represent DOT&amp;E interests on the Infrastructure Assurance Analysis Working Group and the Intelligence Mission Data Oversight Board responsible for development, production and sharing issues affecting the intelligence data supporting weapons systems acquisition.

- Continue to serve DOT&amp;E’s interests on the ESG and provide access to the Incident Management, Analysis and Reporting System (IMARS).

- Continue to manage Information Technology Enterprise Architecture Management System (ITEAMS) efforts supporting programs on the OSD Oversight T&amp;E List by conducting intelligence “deep dives” to produce intelligence in sufficient detail to develop new threat test assets/threat systems for T&amp;E.

- Continue the independent review of validation reports to ensure the correct threat data and critical parameters are presented in the reports to assess the threat representations’ capabilities to replicate a real-world threat system.

- Continue to provide threat intelligence and validation support at the JASP reviews to ensure there is no duplication of effort and independently ensure the correct threat data and critical parameters are presented to assess the real-world threat representations.

- Continue serving as the T&amp;E Regional Infrastructure Working Group (RIWG) DOT&amp;E lead for targets and threat systems investments.

- Continue serving as the DOT&amp;E agent for oversight in the coordination, development and execution of all Test Resource Management Center (TRMC) funded projects within RIWG’s Strategic &amp; Foundational Portfolios and legacy project investments; review Threat Systems investments to prevent any duplication of effort and encourage cost savings by the sharing or multi-service use of newly developed threat representations to T&amp;E.

- Continue to lead Allied/NATO initiatives, tests, intelligence, and modeling &amp; simulation collaborative capability. 

- Provide threat resource analyses on the availability, capabilities and limitations of threat representations in electronic warfare to develop threat models and various emitters.

TETRA continues its efforts to significantly improve the standards set of threat performance models as the global threat environment evolves. These activities help DOT&amp;E carry out its Title 10 responsibilities to assess test adequacy and determine whether testing is threat realistic and suitable, promotes common solutions to Service threat representation needs and ultimately supports the warfighter.

CCM
CCM will emphasize support of the DOT&amp;E enterprise, with a clear focus on Title 10 oversight programs, ASE, DEW, C-UAS, and warfighter training events. CCM expects to increase focus on additional DoD critical technology areas that may have T&amp;E gaps, which will contribute to the testing of future weapons and the understanding of emerging threats. CCM is supporting the DOT&amp;E Space Electronic Warfare (EW) and Cyber Working Group to identify test resource gaps. CCM’s ability to provide unique test equipment and expertise will remain a benefit to all Services, and the ongoing Improvement and Modernization plans will ensure test capabilities are provided at a cost savings across the DoD. Additional instrumentation, personnel, and training will be key to ensuring our ongoing test support continues to add significance in emerging technology areas.

CCM is contributing to the execution of the DOT&amp;E Strategy Implementation Plan to support credible evaluation of the future joint force. CCM will build critical test and evaluation capabilities and the workforce necessary to evaluate emerging warfighting technologies. This includes mobile, open-air data collection and analysis capabilities that will support the T&amp;E of the rapid prototyping and fielding needs of these systems. The mobile test capability will allow T&amp;E of operational representative test scenarios in an open-air environment to support the accelerated development and fielding of CM systems within the DoD.

SIPET
SIPET plans to define the capability needs of the future based on known trends, capability gaps, and future needs in a document that capture all domain T&amp;E, Joint T&amp;E, and test range requirements. SIPET will produce and foster a methodology to continue to capture these requirements over time. Also included in this work is a design concept for a data-backed, all-domain Modeling and Simulation (M&amp;S) environment to integrate with live, multi-domain operational testing using Models-Based Systems Engineering (MBSE) to align with the DoD acquisition community’s digital transition.

SIPET plans to use the 2020 DoD Data Strategy to implement data standards, data stores, knowledge management tools, and automated data fusion/analytic tools to expedite data collection, data analysis and reporting of T&amp;E outcomes of DoD systems and services. This work will re-envision the T&amp;E planning and analysis with increased AI and automation tools to support the T&amp;E community. Key to this work is an approach codifies how system behavior can be inferred from a collection of T&amp;E evidence that supports efficient decision-making processes. We will address well known T&amp;E challenges that have plagued the community like determining test adequacy for any phase of test along with determining and how to T&amp;E systems that mature over time (or acquisition milestones). 

SIPET plans to enable the test and evaluation community to address survivability-related challenges, and the importance of evaluating synergistic kinetic as well as non-kinetic effects. This work will standardize and automate mission-based assessments that allow for: adequate and efficient characterization of system designs, identification &amp; prioritization of vulnerabilities, identification of potential attack conditions, and evaluations of threat effects on the mission. SIPET will deliver a Full Spectrum Survivability Tool (FSST) set capable of predicting vulnerabilities and their mission effects when facing kinetic and non-kinetic threats, and a responsive threat infrastructure that will enable dynamic updates as threats continue to evolve.  This will improve processes and key measures that focus the T&amp;E design on mission and risk based anticipated limitations to adequately evaluate mission-level vulnerabilities to full spectrum threats.


SIPET plans to innovate and integrate T&amp;E within and across three key areas: 1) Digital Twins, 2) Artificial Intelligence (AI), and 3) Software-Related Technologies. SIPET will develop and standardize an architecture for calibrating and accrediting models based on real, operational data. SIPET will use AI and Machine Learning (ML) use cases to write requirements and policy to address current gaps in operational T&amp;E performance. SIPET will design software, information assurance, and cybersecurity requirements for software pipelines and factories.

SIPET will rework its Workforce Competency Model to account for changing job demands in response to a continuously changing and dynamic operating environment. SIPET will partner will DAU develop an overall DoD T&amp;E competency model to facilitate a T&amp;E Enterprise Mindset.</r2:Text>
                                </r2:PriorYear>
                            </r2:Accomplishment>
                            <r2:PlannedProgram>
                                <r2:CurrentYear>
                                    <r2:Funding>102.922</r2:Funding>
                                    <r2:Text>JT&amp;E
In FY 2025, JT&amp;E plans to start the program’s first four Agile Reaction Test projects: 
1. Digital Theater Logistics Plan Agile Reaction Test to develop an operating instruction describing the business rules and data architecture needed to develop a Digital Theater Logistics Plan. 
2. Developing Effective CONOPS for Integration of Fires and Effects at RESOLUTE HUNTER Agile Reaction Test to develop, test, and validate a cross-functional CONOPS and TTP, also known as Battle Management Aids, that can codify and accelerate the all-domain, human- and machine-teamed, end-to-end kill web and chain.
3. Generative Artificial Intelligence Models Integration Agile Reaction Test to develop and test a set of TTP to help capture the use, maintenance, and right mixture of Generative Artificial Intelligence, in particular Large Language Models, to assist staffs to become more efficient along with how to properly structure queries to ensure the accuracy and efficacy of Generative Artificial Intelligence.
4. Civilian Harm Assessments Cell Training and Operational Integration Agile Reaction Test to develop TTP and an agnostic operational support handbook that enables Civilian Harm Assessments Cell operators across Combatant Commands, Services, and designated U.S. Government Agencies to assess civilian harm on the modern-day battlefield, support command- or agency-directed investigations into civilian harm, and support civilian harm mitigation efforts.  

JT&amp;E also plans to start nine additional Agile Reaction Test projects from warfighter nominations received throughout FY 2025. 

Two Joint Test projects started in FY 2023 will continue through FY 2025:
1. Joint Continental United States Director Over-the-Horizon Radar Joint Test to develop, test, and evaluate operational and tactical level TTP that integrates maneuver and electronic warfare capabilities to support joint forces in mitigating adversary anti-access/area denial strategies and capabilities to maintain freedom of maneuver in air and maritime operational domain areas. 
2. Joint Conventional Nuclear Integration Joint Test to develop and operationally test and evaluate a CONOPS to define major mission functions for various strategic scenarios for use by the responsible organizations. 

JT&amp;E will close five Quick Reaction Test projects that started in FY 2024:
1. Automated Tactical Targeting and Counterfire Kill Web System Quick Reaction Test to develop and validate TTP to optimize the automation provided by ATTACKS to support the Counter-Fire Task Force mission, including Tactical Air Control Party operators and Air Battle Managers to maximize operational efficiency and effectiveness. 
2. Joint Interface Control Cell Resiliency Quick Reaction Test to develop TTP that combat adversarial cyber interference and enhance the ability of Joint Interface Control Officers to better detect, respond, and recover from cyber interference in the tactical data links networks. 
3. Civil Data Link Cyber Awareness and Resiliency Quick Reaction Test to develop and validate TTP to detect, respond, and recover from resiliency issues with Aircraft Communication, Addressing, and Reporting System via non-materiel mitigations to ensure mission assurance.
4. Joint Contaminated Human Remains Storage and Temporary Interment/Disinterment Quick Reaction Test to provide joint warfighter TTP to identify storage recommendations for Joint Contaminated Human Remains prior to evacuation or temporary interment; provide successful preliminary identification for remains that cannot be repatriated expeditiously during large-scale combat operations; provide accountability for remains at the temporary interment site; and identify safety concerns for personnel executing the tasks.
5. Nuclear Command, Control, and Communications Risk Assessment Quick Reaction Test to develop a holistic multi-domain focused process with associated indications, warnings, and triggers to improve nuclear command, control, and communications decision-making.





TETRA

In FY 2025, TETRA will continue test planning working group participation and perform technical analyses to identify threat shortfalls; align with the NDS requirements; conduct special studies and provide current intelligence support tailored to specific U.S. weapon systems acquisitions based on the availability of funding.
 
TETRA will continue the support of DOT&amp;E’s I-Plan, Strategy, and the execution of Pillars 1-5 required to develop and sustain tools, methods, processes, and the workforce needed to support credible evaluation of the future Joint Force. This includes development of TETRA’s Intelligence Database Ecosystem (TIDE) with goals of (1) enabling dynamic/agile threat updates, (2) developing cyber and electromagnetic spectrum data tools to  collect and manage  system design data, threat effects, and vulnerabilities, (3) developing digital technologies to automate the process of detection and recovery from cyber and electromagnetic spectrum vulnerabilities, (4) represent the latest cyber and electromagnetic spectrum threats, testing, processes, tools and capabilities in testing as compared to the latest intelligence reports, and (5) provide the ability to continuously identify, digitally document, prioritize and track new gaps in cyber and electromagnetic spectrum T&amp;E shortfalls. 

TETRA will continue creating standard operating procedures for DOT&amp;E action officer intelligence support to reduce risk and capability.  

TETRA will support the reduction in acquisition and test timelines while increasing test capabilities against Great Power threats. 

TETRA will continue to support initiatives for the development of Great Power threat representative jammers, for use in terrain constricted tests as a directional active electronically steered array jammer that will limit Federal Aviation Administration and other common jammer restrictions/acceptance/endorsement for T&amp;E use. 

TETRA will continue to develop and build threat representative decoys and shells to support tests conducted on the ranges.

TETRA will execute and deliver Department of Defense (DOD)/DOT&amp;E/IC academic and applied science articles on the use, development, testing, and return on investment for Artificial Intelligence (AI) to include Human Autonomous Teams (HATs), Superteaming, AI team augmentation, Cognitive EW, threat AI and T&amp;E of AI.  Develop the first AI Superteam for DOT&amp;E and Intelligence Community (IC).

TETRA will continue to execute initiatives to understand and develop test capability for emerging technologies, T&amp;E infrastructure, tools and processes for emerging capabilities and threats (space, hypersonic, directed energy, AI, machine learning, infrared and radio frequency, 5th Generation Aerial Target (5GAT), automated &amp; autonomous cybersecurity testing, and neural networks to address current and potential threats.
   
TETRA will continue supporting the US warfighter by providing threat intelligence relevant to emerging threats such as AI, autonomy, robotics, directed energy, hypersonic and biotechnology to ensure operational and developmental testing occurs against realistic threat representations, including (but not limited to) threats from both revisionist powers such as China and Russia threats from rogue regimes such as North Korea and Iran, and threats from non-state actors.
   
TETRA will continue conducting threat intelligence investigations that support use of innovative technologies in the areas of AI, autonomy, robotics, machine learning, quantum computing, lasers, nanotechnology, chemical and biological, directed energy, hypersonic and biotechnology being developed by nation states to improve threat representation in the contested domain of air, land, sea, space, and cyberspace.
  
TETRA plans to continue executing initiatives that directly influence or improve the areas of software-intensive systems and cybersecurity by moving to digital engineering via accredited models and simulation while continuing to “Shift Left” with integrated developmental and operational testing. They plan to improve the test environments of growing importance on human-system interaction and adapting T&amp;E for emergent technologies.
   
TETRA continues to identify initiatives to improve cyberspace threat representation and prediction, cyber-economic threats to DoD systems and scalable cyberspace threat test environments that can interface with cyber test networks; and to conduct Offensive Cyber Operations (OCO) and Defensive Cyber Operations (DCO) without significantly impacting critical operational capabilities.

TETRA will continue to foster rapid technological advancements in the areas of threat representation for T&amp;E and threat test resources by incorporating innovative technologies from the intelligence community into threat test assets to provide improved test fidelity and performance with cost savings.
   
TETRA will continue supporting initiatives based on the cognitive radar definition results of the white paper study to develop models for testing against advanced cognitive radar threats.  Also, continue the progress made in further developing of cognitive radar and definitions to improve model(s) for testing against advanced cognitive radar threats by refining the cognitive electronic warfare roadmap and consolidating requirements from the cognitive jammer community through technical exchange meetings.
   
TETRA will continue pursuing initiatives for improving satellite and space threat representations and developing alternatives for conducting threat realistic operational testing in response to environmental limitations.

TETRA will continue sustaining and managing threat Modeling and Simulation (M&amp;S) to support test and evaluation by overseeing and coordinating intelligence community developed threat models, performing threat model anomaly resolution resolving differences from live fire testing, integrating threat models into T&amp;E facilities, and distributing performance and signature models to T&amp;E users.  TETRA will continue to reduce the uncertainty in the M&amp;S tools by generating and creating data management repositories for test data to support the validation and accreditation of high-fidelity and fast-paced M&amp;S tools for use in T&amp;E. 

TETRA will continue partnering with industry to provide the capability to collect T&amp;E data in and over ocean testing.

TETRA will conduct maritime unmanned autonomous system road mapping; define foreign naval combatants’ antiair warfare capability; assess antiship missile, torpedo, small boat, unmanned aerial vehicle, and mine threats to define pacing threat systems and pursue development of surrogates and M&amp;S representations to resolve naval target shortfalls. 

TETRA will develop Land and Expeditionary Warfare (LEW) focused initiatives to define adversary threat laydown criteria; identify electronic warfare threat emulation capabilities; conduct unmanned autonomous system road mapping; assess tank and armored vehicle, cruise and ballistic missile, anti-tank guided missile, and unmanned aerial vehicle threats to define pacing threat systems and pursue development of surrogates and M&amp;S representations to resolve LEW target shortfalls.

Continue to represent DOT&amp;E interests working with the Army Reprogramming Analysis Team (ARAT) on systems requiring EMS Mission Data (signatures and/or Electromagnetic Countermeasures/Techniques) support.

TETRA continued the independent review of validation reports to ensure the correct threat data and critical parameters are presented in the reports to assess the threat representations’ capabilities to replicate a real-world threat system. TETRA will continue providing threat intelligence and validation support at the Joint Aircraft Survivability Program (JASP) reviews to ensure there is no duplication of effort and independently ensure the correct threat data and critical parameters are presented to assess the real-world threat representations.
   
TETRA will continue to represent DOT&amp;E at foreign materiel exchanges, inter-agency coordinating groups, and non-proliferation groups to raise awareness of T&amp;E needs for foreign materiel, coordinate service requirements, and de-conflict and prioritize foreign materiel requirements for T&amp;E.
   
TETRA will continue to provide intelligence support to DOT&amp;E staff to address specific questions on threat systems affecting programs on the OSD T&amp;E Oversight list and provide briefings and special intelligence reports when necessary.  TETRA will continue to manage Information Technology Enterprise Architecture Management System efforts supporting programs on the T&amp;E Oversight List by conducting intelligence “deep dives” to produce intelligence in sufficient detail to develop new threat test assets/threat systems for T&amp;E.  TETRA will continue providing DOT&amp;E representation at the Threat Steering Group (TSG) in support of the Validated Online Lifecycle Threat (VOLT) Report process.
   
TETRA will continue to represent DOT&amp;E interests on the Infrastructure Assurance Analysis Working Group (IAAWG) and the Intelligence Mission Data Oversight Board responsible for development, production and sharing issues affecting the intelligence data supporting weapons systems acquisition.

TETRA will continue to represent DOT&amp;E interests during Acquisition-Intelligence-Requirements-Committee, Acquisition Intelligence Support Working Group, Intelligence Support to Acquisition Strategy Study, Priorities and Risk Management Framework Working Group, Acquisition Intelligence Requirements Enterprise System (AIRES) Advisory Board, and Intelligence Support to the Adaptive Acquisition Framework Guidebook that drive policies and requirements governing intelligence support to capability development. TETRA's substantive feedback will help influence stakeholders to ensure intelligence support to acquisition adequately informs T&amp;E threat representations, develops needed M&amp;S, and generates critical IMD to facilitate realistic, operationally relevant T&amp;E prior to fielding in the warfare environment.
   
TETRA will continue serving as the DOT&amp;E agent for oversight in the coordination, development, and execution of all Test Resource Management Center-funded projects within the Range Infrastructure Working Group’s (RIWG) Strategic and Foundational Portfolios and legacy project investments; review threat systems investments to prevent any duplication of effort and encourage cost savings by the sharing or multi-service use of newly developed threat representations to T&amp;E. TETRA will also continue serving as the T&amp;E RIWG DOT&amp;E lead for targets and threat systems investments.

TETRA will continue to lead Allied / North Atlantic Treaty Organization (NATO) initiatives, tests, intelligence, and M&amp;S collaborative capability.

TETRA will continue to provide threat resource analyses on the availability, capabilities, and limitations of threat representations in electronic warfare to develop threat models and various emitters. TETRA will continue its efforts to significantly improve the standards set of threat performance models as the global threat environment evolves. These activities help DOT&amp;E carry out its Title 10 responsibilities to assess test adequacy and determine whether testing is threat realistic and suitable, promotes common solutions to Service threat representation needs and ultimately supports the warfighter.

CCM

CCM will emphasize support of the DOT&amp;E enterprise, with a clear focus on Title 10 oversight programs, ASE, DEW, C-UAS, experimentation initiatives, and warfighter training events. CCM expects to increase focus on additional DOD critical technology areas that may have T&amp;E gaps, which will contribute to the testing of future weapons and the understanding of emerging threats. CCM is supporting the DOT&amp;E Space Electronic Warfare (EW) and Cyber Working Group to identify test resource gaps. CCM’s ability to provide unique test equipment and expertise will remain a benefit to all Services, and the ongoing Improvement and Modernization plans will ensure test capabilities are provided at a cost savings across the DOD. Additional instrumentation, personnel, and workforce development will be key to ensuring our ongoing test support continues to add significance in current and emerging technology areas.

CCM is contributing to the execution of the DOT&amp;E Strategy Implementation Plan to support credible evaluation of the future joint force. CCM will build critical test and evaluation capabilities and the workforce necessary to evaluate emerging warfighting technologies. This includes mobile, open-air data collection and analysis capabilities that will support the T&amp;E of the rapid prototyping and fielding needs of these systems. CCM will be utilizing cloud computing with artificial intelligence and machine learning to support data reduction and analysis. The mobile test capability will allow T&amp;E of operational representative test scenarios in an open-air environment to support the accelerated development and fielding of CM systems within the DOD.

SIPET

SIPET plans to develop strategic partnerships with DoD, Industry, Academia, and international bodies, and facilitate workshops/labs to adequately characterize the current state, identify and prioritize gaps, iterate on deliverables, converge on progress, and enhance cross-department and execution collaboration. DOT&amp;E will baseline current states of emergent technologies and develop metrics or key performance indicators to measure capabilities of emergent technologies towards enabling the modernization of T&amp;E.

SIPET plans to implement multiple data management plans to expedite data collection, data analysis and reporting of T&amp;E outcomes of DOD systems and services. This work will re-envision the T&amp;E planning and analysis with increased AI and automation tools to support the T&amp;E community. SIPET will pilot an approach that codifies how system behavior can be inferred from a collection of T&amp;E evidence that supports efficient decision-making processes. SIPET will publish APIs to extract data points critical to long-term data collection strategy for DOT&amp;E dashboards, integrate into DOT&amp;E dashboards, and provide T&amp;E community access to T&amp;E data at the enterprise level.

SIPET intends to establish an action team responsible for defining and prioritizing requirements for future capabilities. This initiative aims to address the evolving operational and live fire testing needs, as well as integration of critical stakeholders for implementing key aspects of the "range of the future". The enterprise Test and Evaluation (T&amp;E) community, along with T&amp;E concepts, will provide data to support a dashboard that forecasts emerging range capability requirements. By keeping abreast of the latest technology trends, SIPET will gain insights into potential implications and opportunities for T&amp;E policy, programs, practices, and partnerships.

SIPET plans to enable the test and evaluation community to address non-kinetic system survivability challenges, and the importance of evaluating synergies between non-kinetic and kinetic effects. This work will examine risk in form of mission-based assessments that allow for (1) adequate and efficient characterization of system designs, (2) identification &amp; prioritization of vulnerabilities, (3) identification of potential attack conditions, (4) evaluation of threat effects on the mission. 

SIPET will continue work to deliver, (1) a Full Spectrum Survivability Tool (FSST) set capable of predicting vulnerabilities and their mission effects when facing kinetic and non-kinetic threats, and (2) A responsive threat infrastructure that will enable dynamic updates as threats evolve mission-based risk based process that provides key measures, focuses the T&amp;E design, and anticipates limitations to adequately evaluate mission-level vulnerabilities to full spectrum threats

SIPET continues to innovate and integrate T&amp;E within and across three key areas: 1) Digital Twins, 2) Artificial Intelligence (AI), and 3) Software-Related Technologies. SIPET will develop and standardize an architecture for calibrating and accrediting models based on real, operational data. SIPET will use AI and Machine Learning (ML) use cases to write requirements and policy to address current gaps in operational T&amp;E performance. SIPET will design software and information assurance, and cybersecurity requirements for software pipelines and factories.

SIPET will implement its Workforce Competency Model to reduce manual workload burdens of the Department of Test and Evaluation (DOT&amp;E) workforce through automation and streamlined business processes. By configuring a technical environment and infrastructure for integrating AI automation, cloud, and analytical tools, workers can shift from reactive status tracking to proactive workflows.</r2:Text>
                                </r2:CurrentYear>
                                <r2:BudgetYearOne>
                                    <r2:Funding>76.492</r2:Funding>
                                </r2:BudgetYearOne>
                                <r2:BudgetYearOneBase>
                                    <r2:Funding>76.492</r2:Funding>
                                    <r2:Text>Joint Test &amp; Evaluation

In FY 2026, JT&amp;E plans to start nine new Agile Reaction Test projects. JT&amp;E plans to close the two Joint Test projects that started in FY 2023 and the first four Agile Reaction Test projects that started in FY 2025. The nine additional Agile Reaction Test projects expected to start in FY 2025 will continue through FY 2026. Additionally, JT&amp;E will modernize through the new integration lab to develop enhanced deliverables for seamless integration into live, virtual, and constructive environments and Joint Warfighting Concept.

TETRA

In FY 2026, TETRA plans to continue or pursue all the prior actions identified in FY 2025 while providing new support tailored to specific U.S. weapon systems acquisitions based on the availability of funding. 

TETRA will:
Continue to conduct threat intelligence analysis of foreign Integrated Air Defense Systems (IADS) and threat weapons kill-web capabilities to address increased threat weapons networking capabilities; enable improved documentation in Test and Evaluation Master Plans &amp; Validated Online Lifecycle Threat Reports to improve testing of U.S. capabilities in a threat-representative, integrated kill-web environment. 

Support the Space Electronic Warfare and RF-Enabled Cyber Warfare definition roadmap initiative and begin developing the models and processes required to test jammers employing AI techniques in a threat representative environment.

TETRA will continue to support the development of foundational threat emulation capabilities to support space systems testing within the National Space Test &amp; Training Complex (NSTTC).

Continue execution of the first AI Superteam for DOT&amp;E and IC.

Continue providing threat resource analyses on the availability, capabilities, and limitations of threat representations in electronic warfare to develop threat models and various emitters.

Continue supporting DOT&amp;E’s I-Plan, Strategy, and execution of Pillars 1-5 required to develop and sustain tools, methods, processes, and the workforce needed to support credible evaluation of the future Joint Force. This includes the development of TETRA’s Intelligence Database Ecosystem (TIDE) with goals of (1) enabling dynamic/agile threat updates, (2) developing cyber and electromagnetic spectrum data tools to  collect and manage  system design data, threat effects, and vulnerabilities, (3) developing digital technologies to automate the process of detection and recovery from cyber and electromagnetic spectrum vulnerabilities, (4) represent the latest cyber and electromagnetic spectrum threats, testing, processes, tools and capabilities in testing as compared to the latest intelligence reports, and (5) provide the ability to continuously identify, digitally document, prioritize and track new gaps in cyber and electromagnetic spectrum T&amp;E shortfalls.

TETRA will continue to develop Naval Warfare focused initiatives to conduct maritime unmanned autonomous system road mapping; define foreign naval combatants’ antiair warfare capability; assess antiship missile, torpedo, small boat, unmanned aerial vehicle, and mine threats to define pacing threat systems and pursue development of surrogates and M&amp;S representations to resolve naval target shortfalls.
 
TETRA will continue to develop LEW focused initiatives to define adversary threat laydown criteria; identify electronic warfare threat emulation capabilities; conduct unmanned autonomous system road mapping; assess tank and armored vehicle, cruise and ballistic missile, anti-tank guided missile, and unmanned aerial vehicle threats to define pacing threat systems and pursue development of surrogates and M&amp;S representations to resolve LEW target shortfalls.

Continue to represent DOT&amp;E interests working with the Army Reprogramming Analysis Team (ARAT) on systems requiring EMS Mission Data (signatures and/or Electromagnetic Countermeasures/Techniques) support.

Threat Systems will continue its efforts to significantly improve the standard set of threat performance models in a dynamic environment as the global threat environment evolves. These activities help DOT&amp;E carry out its Title 10 responsibilities to assess test adequacy and determine whether testing is threat realistic and suitable, promotes common solutions to Service threat representation needs and ultimately supports the warfighter.

CCM

In FY 2026, while continuing to support the T&amp;E of ASE, DEW, C-UAS, experimentation and warfighter training events, CCM will evaluate its current capabilities and test instrumentation gaps in high priority technology areas for possible solutions to support future T&amp;E modernization. CCM will continue to work with the DOT&amp;E Strategy Implementation Plan and the Test Resource Management Center to identify test capability gaps and propose solutions.

SIPET

SIPET plans to develop space environment/system modeling and analytic tools that provide validated threat emulators and calibrated response models that accurately characterize and represent contested space for test and training and identify space test infrastructure to support testing space systems or subsystems ground-testing for under certified adversarial threats and combined effects at scale

SIPET plans to implement, form, and manage a tester-warfighter innovation (TWI) partnership charter and multidisciplinary action teams comprised of experts from within the government and across industry, academia, federally funded research and development centers, university affiliated research centers, international partners to modernize assessments of software intensive and cyber physical systems, and conduct the following activities related to test, training, and mission planning: (1) characterize the current state, (2) identify and prioritize gaps, (3) develop innovative solutions to advance the current state towards the identified, desired end-state, (4) support accelerated implementation of solutions, and (5) measure improvements.</r2:Text>
                                </r2:BudgetYearOneBase>
                                <r2:AppChangeSummary>Reduces contracts for Advisory and Assistance Services and Federally Funded Research and Development Centers to promote efficiencies and advance the policies of the Administration in alignment with Executive Order 14222, “Implementing the President’s Department of Government Efficiency Cost Efficiency Initiative.”  Additional reductions include reductions to the organization's civilian personnel full-time equivalents and funding to optimize the workforce in compliance with Executive Order 14210, “Implementing the President’s Department of Government Efficiency Workforce Optimization Initiative” and discretionary travel funding to align with Executive Order 14222, “Implementing the President’s Department of Government Efficiency Cost Efficiency Initiative.”</r2:AppChangeSummary>
                            </r2:PlannedProgram>
                        </r2:AccomplishmentPlannedProgram>
                    </r2:AccomplishmentPlannedProgramList>
                </r2:R2aExhibit>
            </r2:Project>
        </r2:ProjectList>
    </r2:ProgramElement>
</r2:ProgramElementList>