<?xml version="1.0" encoding="UTF-8"?>
<r2:ProgramElementList xmlns:r2="http://www.dtic.mil/comptroller/xml/schema/022009/r2" targetSchemaVersion="1.0">
    <r2:ProgramElement monetaryUnit="Millions">
        <r2:ProgramElementNumber>0603468E</r2:ProgramElementNumber>
        <r2:ProgramElementTitle>ADVANCED COMPLEX SYSTEMS</r2:ProgramElementTitle>
        <r2:R1LineNumber>56</r2:R1LineNumber>
        <r2:BudgetYear>2026</r2:BudgetYear>
        <r2:BudgetCycle>PB</r2:BudgetCycle>
        <r2:SubmissionDate>2025-06</r2:SubmissionDate>
        <r2:ServiceAgencyName>Defense Advanced Research Projects Agency</r2:ServiceAgencyName>
        <r2:AppropriationCode>0400</r2:AppropriationCode>
        <r2:AppropriationName>Research, Development, Test &amp; Evaluation, Defense-Wide</r2:AppropriationName>
        <r2:BudgetActivityNumber>3</r2:BudgetActivityNumber>
        <r2:BudgetActivityTitle>Advanced Technology Development (ATD)</r2:BudgetActivityTitle>
        <r2:ProgramElementFunding>
            <r2:AllPriorYears>0.000</r2:AllPriorYears>
            <r2:PriorYear>0.000</r2:PriorYear>
            <r2:CurrentYear>0.000</r2:CurrentYear>
            <r2:BudgetYearOne>350.695</r2:BudgetYearOne>
            <r2:BudgetYearOneBase>350.695</r2:BudgetYearOneBase>
        </r2:ProgramElementFunding>
        <r2:ProgramElementMissionDescription>The efforts described in this Program Element (PE) address the Advanced Technology Development associated with the Advanced Complex Systems Program that is focused on exploiting high pay-off opportunities to provide revolutionary new system capabilities, as opposed to incremental or evolutionary advancements, in order to achieve undeterrable air and space presence at dramatically reduced costs.  Rapid prototyping and experimentation of integrated system concepts, as well as enabling vehicle subsystems will be conducted.  Programs will explore new architectural concepts that employ a mix of weapon technologies that achieve lethality through a combination of overwhelming performance and overwhelming numbers rather than through the use of singular and costly high value assets.  Efforts conducted under this PE include examination and evaluation of emerging aerospace threats, technologies, concepts, use of autonomy to minimize risk, and applications for missiles, munitions, and vehicle systems. This PE also supports innovation and robust transition and experimentation planning in the technology cycle to increase the likelihood that DARPA funded technologies take root in the U.S. and provide new capabilities for national defense.

The Advanced Complex Systems project is focused on exploiting high pay-off opportunities to provide revolutionary new system capabilities, as opposed to incremental or evolutionary advancements, in order to achieve undeterrable air and space presence at dramatically reduced costs.  Rapid prototyping and experimentation of integrated system concepts, as well as enabling vehicle subsystems will be conducted.  Programs will explore new architectural concepts that employ a mix of weapon technologies that achieve lethality through a combination of overwhelming performance and overwhelming numbers rather than through the use of singular and costly high value assets.  Efforts conducted under this program element include examination and evaluation of emerging aerospace threats, technologies, concepts, use of autonomy to minimize risk, and applications for missiles, munitions, and vehicle systems.

The Advanced Complex Systems Support project contains non-headquarters management costs in support of DARPA functions and activities across the entire Advanced Complex Systems PE. These costs include: DARPA classified and unclassified network support and equipment; contractor support; classified program security; building security; commercial transition services that increase the likelihood that DARPA-funded technologies remain in the U.S. and provide new capabilities for national defense; DARPA outreach to universities and industry; external contracting, financial and support fees; Program Manager Intragovernmental Personnel Act (IPA) Funding; Program Managers from other Government Agencies; and similar operating expenses. Agency support is allocated on a pro-rata basis across the Agency's BA1, BA2 and BA3 PEs and, therefore, fluctuates per PE by fiscal year based on the total Agency budget in that fiscal year.

Prior to FY 2026, efforts in this PE were funded in PE 0603286E, Advanced Aerospace Systems, and PE 0603287E, Space Programs and Technology.</r2:ProgramElementMissionDescription>
        <r2:ChangeSummary>
            <r2:PreviousPresidentBudget>
                <r2:PriorYear>0.000</r2:PriorYear>
                <r2:CurrentYear>0.000</r2:CurrentYear>
                <r2:BudgetYearOne>0.000</r2:BudgetYearOne>
                <r2:BudgetYearOneBase>0.000</r2:BudgetYearOneBase>
            </r2:PreviousPresidentBudget>
            <r2:CurrentPresidentBudget>
                <r2:PriorYear>0.000</r2:PriorYear>
                <r2:CurrentYear>0.000</r2:CurrentYear>
                <r2:BudgetYearOne>350.695</r2:BudgetYearOne>
                <r2:BudgetYearOneBase>350.695</r2:BudgetYearOneBase>
            </r2:CurrentPresidentBudget>
            <r2:TotalAdjustments>
                <r2:PriorYear>0.000</r2:PriorYear>
                <r2:CurrentYear>0.000</r2:CurrentYear>
                <r2:BudgetYearOne>350.695</r2:BudgetYearOne>
                <r2:BudgetYearOneBase>350.695</r2:BudgetYearOneBase>
            </r2:TotalAdjustments>
            <r2:AdjustmentDetails>
                <r2:CongressionalGeneralReductions>
                    <r2:PriorYear>0.000</r2:PriorYear>
                    <r2:CurrentYear>0.000</r2:CurrentYear>
                </r2:CongressionalGeneralReductions>
                <r2:CongressionalDirectedReductions>
                    <r2:PriorYear>0.000</r2:PriorYear>
                    <r2:CurrentYear>0.000</r2:CurrentYear>
                </r2:CongressionalDirectedReductions>
                <r2:CongressionalRescissions>
                    <r2:PriorYear>0.000</r2:PriorYear>
                    <r2:CurrentYear>0.000</r2:CurrentYear>
                </r2:CongressionalRescissions>
                <r2:CongressionalAdds>
                    <r2:PriorYear>0.000</r2:PriorYear>
                    <r2:CurrentYear>0.000</r2:CurrentYear>
                </r2:CongressionalAdds>
                <r2:CongressionalDirectedTransfers>
                    <r2:PriorYear>0.000</r2:PriorYear>
                    <r2:CurrentYear>0.000</r2:CurrentYear>
                </r2:CongressionalDirectedTransfers>
                <r2:Reprogrammings>
                    <r2:PriorYear>0.000</r2:PriorYear>
                    <r2:CurrentYear>0.000</r2:CurrentYear>
                </r2:Reprogrammings>
                <r2:SBIRSTTRTransfer>
                    <r2:PriorYear>0.000</r2:PriorYear>
                    <r2:CurrentYear>0.000</r2:CurrentYear>
                </r2:SBIRSTTRTransfer>
                <r2:OtherAdjustmentDetailList>
                    <r2:OtherAdjustmentDetail>
                        <r2:Title>TotalOtherAdjustments</r2:Title>
                        <r2:Funding>
                            <r2:BudgetYearOne>350.695</r2:BudgetYearOne>
                            <r2:BudgetYearOneBase>350.695</r2:BudgetYearOneBase>
                        </r2:Funding>
                    </r2:OtherAdjustmentDetail>
                </r2:OtherAdjustmentDetailList>
            </r2:AdjustmentDetails>
            <r2:SummaryExplanation>FY 2024:  N/A
FY 2025:  N/A
FY 2026:  Increase reflects transfer of efforts from PE 0603286E, Advanced Aerospace Systems, and PE 0603287E, Space Programs and Technology to this PE beginning in FY 2026.</r2:SummaryExplanation>
        </r2:ChangeSummary>
        <r2:ProjectList>
            <r2:Project>
                <r2:ProjectNumber>ACX-01</r2:ProjectNumber>
                <r2:ProjectTitle>ADVANCED COMPLEX SYSTEMS</r2:ProjectTitle>
                <r2:SpecialProject>0</r2:SpecialProject>
                <r2:ProjectFunding>
                    <r2:AllPriorYears>0.000</r2:AllPriorYears>
                    <r2:PriorYear>0.000</r2:PriorYear>
                    <r2:CurrentYear>0.000</r2:CurrentYear>
                    <r2:BudgetYearOne>331.116</r2:BudgetYearOne>
                    <r2:BudgetYearOneBase>331.116</r2:BudgetYearOneBase>
                </r2:ProjectFunding>
                <r2:R2aExhibit>
                    <r2:ProjectMissionDescription>The Advanced Complex Systems project is focused on exploiting high pay-off opportunities to provide revolutionary new system capabilities, as opposed to incremental or evolutionary advancements, in order to achieve undeterrable air and space presence at dramatically reduced costs.  Rapid prototyping and experimentation of integrated system concepts, as well as enabling vehicle subsystems will be conducted.  Programs will explore new architectural concepts that employ a mix of weapon technologies that achieve lethality through a combination of overwhelming performance and overwhelming numbers rather than through the use of singular and costly high value assets.  Efforts conducted under this program element include examination and evaluation of emerging aerospace threats, technologies, concepts, use of autonomy to minimize risk, and applications for missiles, munitions, and vehicle systems.

Prior to FY 2026, efforts in this Project were funded in PE 0603286E, Project AIR-01, and PE 0603287E, Project SPC-01.</r2:ProjectMissionDescription>
                    <r2:AccomplishmentPlannedProgramList>
                        <r2:AccomplishmentPlannedProgram>
                            <r2:Title>Longshot</r2:Title>
                            <r2:Description>The LongShot program is developing and flight demonstrating an air-launched system capable of engaging multiple adversary targets from standoff ranges using existing air-to-air missiles.  LongShot will be deployed either externally from existing fighters or internally from existing bombers.  This system will capitalize on a slower speed, fuel-efficient air vehicle for ingress, while retaining highly energetic air-to-air missiles for end-game target engagements, which provides several key benefits that increase weapon effectiveness.  This program will address the stability and control challenges of launching air-to-air missiles from a relatively small uninhabited system in an operational environment.  Potential transition partners include the Navy and Air Force.

Prior to FY 2026, this program was funded in PE 0603286E, Project AIR-01.</r2:Description>
                            <r2:PlannedProgram>
                                <r2:BudgetYearOne>
                                    <r2:Funding>76.900</r2:Funding>
                                </r2:BudgetYearOne>
                                <r2:BudgetYearOneBase>
                                    <r2:Funding>76.900</r2:Funding>
                                    <r2:Text>-  Complete fabrication and proof testing of flight test vehicles.
-  Complete software integration testing.
-  Complete airworthiness certification of LongShot flight test vehicles.
-  Complete airworthiness certification of the LongShot flight test vehicle integration on a tactical platform.
-  Conduct captive carry test of flight vehicles on host aircraft.
-  Conduct flight demonstrations validating air vehicle stability and control and transition to free flight upon separation from host aircraft.
-  Conduct flight demonstrations validating air vehicle performance and stability and control prior to, during, and after separation of an air-to-air missile payload.
-  Conduct live fire flight test demonstrations.</r2:Text>
                                </r2:BudgetYearOneBase>
                                <r2:AppChangeSummary>The FY 2026 increase reflects the transfer of the program from PE 0603286E, Project AIR-01 to this PE/Project.</r2:AppChangeSummary>
                            </r2:PlannedProgram>
                        </r2:AccomplishmentPlannedProgram>
                        <r2:AccomplishmentPlannedProgram>
                            <r2:Title>SPeed and Runway INdependent Technologies (SPRINT) X-Plane Demonstration Project</r2:Title>
                            <r2:Description>The SPeed and Runway INdependent Technologies (SPRINT) X-Plane Demonstration Project will develop and demonstrate the fundamental technologies needed for combined high speed and vertical take-off and landing (VTOL) capabilities in a single aircraft. This program culminates in the fabrication and flight test of a demonstrator that validates the critical technologies in a representative environment and reduces technical, schedule, and cost risk for a follow-on operational system. High speed VTOL aircraft are highly desired in a variety of military missions such as infiltration/exfiltration, contested personnel recovery, troop transport, logistics support, and armed escort; however, the thresholds for speed and range have evolved with military strategy and mission needs. The SPRINT Demonstrator is envisioned to transition to a DoD component for further risk reduction flight testing.

Prior to FY 2026, this program was funded in PE 0603286E, Project AIR-01.</r2:Description>
                            <r2:PlannedProgram>
                                <r2:BudgetYearOne>
                                    <r2:Funding>55.200</r2:Funding>
                                </r2:BudgetYearOne>
                                <r2:BudgetYearOneBase>
                                    <r2:Funding>55.200</r2:Funding>
                                    <r2:Text>-  Complete limited detailed design and critical design activities.
-  Finalize control law development, software development, subsystem development (propulsion system, thermal management system, hydraulics, electrical system, etc.), vehicle integration, and engineering drawing release.
-  Continue flight test planning and airworthiness certification. 
-  Integrate with the flight test facility for connectivity, data transfer, and flight safety requirements. 
-  Initiate manufacturing and assembly of the demonstrator vehicle to include material acquisition and unique tooling for fabrication.
-  Initiate ground station and human-machine interface development. 
-  Initiate ground system checkouts.</r2:Text>
                                </r2:BudgetYearOneBase>
                                <r2:AppChangeSummary>The FY 2026 increase reflects the transfer of the program from PE 0603286E, Project AIR-01 to this PE/Project.</r2:AppChangeSummary>
                            </r2:PlannedProgram>
                        </r2:AccomplishmentPlannedProgram>
                        <r2:AccomplishmentPlannedProgram>
                            <r2:Title>Otter</r2:Title>
                            <r2:Description>The Otter program will develop and demonstrate air breathing propulsion technologies that enable operations in very low earth orbital domains that are currently inaccessible.  Propulsion capabilities demonstrated will provide increased mission duration and ability to maneuver without regret.  Key efforts include the development of new propulsion systems, improved ground test capabilities, and analysis tools to support system development.  Otter will progress through development of analysis and test tools, design of candidate propulsion systems, ground testing, build of a demonstrator satellite, and  culminate in a long duration (> 1 year) spaceflight demonstration.  The anticipated transition partner is the U.S. Space Force.

Prior to FY 2026, this program was funded in PE 0603287E, Project SPC-01.</r2:Description>
                            <r2:PlannedProgram>
                                <r2:BudgetYearOne>
                                    <r2:Funding>49.500</r2:Funding>
                                </r2:BudgetYearOne>
                                <r2:BudgetYearOneBase>
                                    <r2:Funding>49.500</r2:Funding>
                                    <r2:Text>-  Conduct flight hardware acceptance testing for the propulsion system.
-  Integrate the developed propulsion systems with the air harvesting inlets.
-  Conduct environmental qualification tests for the air harvesting inlets.
-  Continue ground software build and testing.
-  Continue flight software build and testing.
-  Determine the launch services partner.</r2:Text>
                                </r2:BudgetYearOneBase>
                                <r2:AppChangeSummary>The FY 2026 increase reflects the transfer of the program from PE 0603287E, Project SPC-01 to this PE/Project.</r2:AppChangeSummary>
                            </r2:PlannedProgram>
                        </r2:AccomplishmentPlannedProgram>
                        <r2:AccomplishmentPlannedProgram>
                            <r2:Title>Artificial Intelligence (AI) Reinforcements (AIR)</r2:Title>
                            <r2:Description>AI Reinforcements (AIR) will develop and demonstrate dominant tactical autonomy for multi-ship, beyond visual range (BVR), real-world air combat missions.  This program is focused on developing highly accurate models that are orders of magnitude faster than the present state-of-the-art and then using those models to unlock novel and robust AI-driven autonomy approaches.  An operations-centric development approach will be enabled through the use of human-on-the-loop F-16 testbeds.  On piloted platforms, AIR's algorithms will automate tactical control tasks transforming junior pilots from low-level tacticians into high-level mission commanders.  For unpiloted platforms, AIR will enable vehicles to perform missions with minimal human oversight.  The outcome of this program will be an AI air combat capability that works in dynamic, operationally representative environments.  The transition partner is the U.S. Air Force.

Prior to FY 2026, this program was funded in PE 0603286E, Project AIR-01.</r2:Description>
                            <r2:PlannedProgram>
                                <r2:BudgetYearOne>
                                    <r2:Funding>32.562</r2:Funding>
                                </r2:BudgetYearOne>
                                <r2:BudgetYearOneBase>
                                    <r2:Funding>32.562</r2:Funding>
                                    <r2:Text>-  Continue incorporation of F-16 testbeds into the AIR integration and testing pipeline and iterate development through testing.
-  Scale the AI-driven autonomy to four-ship operations with increased complexity.
-  Improve speed and predictivity of model development.
-  Incorporate dissimilar capabilities, non-stationaries, and deceptive environments to the multi-agent AI training.</r2:Text>
                                </r2:BudgetYearOneBase>
                                <r2:AppChangeSummary>The FY 2026 increase reflects the transfer of the program from PE 0603286E, Project AIR-01 to this PE/Project.</r2:AppChangeSummary>
                            </r2:PlannedProgram>
                        </r2:AccomplishmentPlannedProgram>
                        <r2:AccomplishmentPlannedProgram>
                            <r2:Title>More Opportunities with HAWC (MoHAWC)</r2:Title>
                            <r2:Description>MoHAWC will develop, integrate, and demonstrate technologies to increase effectiveness and producibility of an air-launched hypersonic cruise missile.  These technologies include advancing hydrocarbon scramjet-powered propulsion operation, upgrading aircraft integration algorithms, and improving manufacturing approaches.  Flight tests will expand the operational envelope.  This program collaborates with Navy and Air Force science and technologies efforts to meet future technology insertion dates for service programs of record.  This program builds off the demonstrator system design, technology advances and lessons learned under the Hypersonic Airbreathing Weapon Concept (HAWC) and supporting technology maturation programs.

Prior to FY 2026, this program was funded in PE 0603286E, Project AIR-01.</r2:Description>
                            <r2:PlannedProgram>
                                <r2:BudgetYearOne>
                                    <r2:Funding>20.000</r2:Funding>
                                </r2:BudgetYearOne>
                                <r2:BudgetYearOneBase>
                                    <r2:Funding>20.000</r2:Funding>
                                    <r2:Text>-  Execute multiple flight tests.
-  Complete flight test data analysis and final program review.</r2:Text>
                                </r2:BudgetYearOneBase>
                                <r2:AppChangeSummary>The FY 2026 increase reflects the transfer of the program from PE 0603286E, Project AIR-01 to this PE/Project.</r2:AppChangeSummary>
                            </r2:PlannedProgram>
                        </r2:AccomplishmentPlannedProgram>
                        <r2:AccomplishmentPlannedProgram>
                            <r2:Title>Control of Revolutionary Aircraft with Novel Effectors (CRANE)</r2:Title>
                            <r2:Description>The Control of Revolutionary Aircraft with Novel Effectors (CRANE) program will develop and demonstrate revolutionary improvements in aircraft controls technology.  The program will design, build, and flight test an aircraft able to fly and maneuver at altitude relying on state-of-the-art Active Flow Control (AFC) technology.  AFC is a broad term that encompasses a range of technology approaches; it includes a number of control mechanisms which alter the aerodynamic flow field thru ejection or suction of fluid via an orifice on a lifting body.  An emphasis of the program is on assessing AFC component technologies, risk reduction and experimentation, integrated testing, fabrication and demonstration of a relevant scale novel and innovative aircraft.  Technologies, design tools and models developed and demonstrated under this program will be made available to all Services as well as the civilian aerospace sector for application to future air systems development.

Prior to FY 2026, this program was funded in PE 0603286E, Project AIR-01.</r2:Description>
                            <r2:PlannedProgram>
                                <r2:BudgetYearOne>
                                    <r2:Funding>4.000</r2:Funding>
                                </r2:BudgetYearOne>
                                <r2:BudgetYearOneBase>
                                    <r2:Funding>4.000</r2:Funding>
                                    <r2:Text>-  Complete AFC flight testing and data delivery.</r2:Text>
                                </r2:BudgetYearOneBase>
                                <r2:AppChangeSummary>The FY 2026 increase reflects the transfer of the program from PE 0603286E, Project AIR-01 to this PE/Project.</r2:AppChangeSummary>
                            </r2:PlannedProgram>
                        </r2:AccomplishmentPlannedProgram>
                        <r2:AccomplishmentPlannedProgram>
                            <r2:Title>Robotic Servicing of Geosynchronous Satellites (RSGS)</r2:Title>
                            <r2:Description>A large number of national security and commercial space systems operate at geosynchronous earth orbit (GEO), providing persistence and enabling ground station antennas to point in a fixed direction.  Technologies for servicing of GEO spacecraft would involve a mix of highly automated and remotely operated (from Earth) robotic systems.  The Robotic Servicing of Geosynchronous Satellites (RSGS) program is establishing the capability to provide robotic services in GEO suitable for a variety of potential servicing tasks, in full collaboration and cooperation with existing satellite owners and national security space operators, and with sufficient propellant for several years of follow-on capability.  Key RSGS challenges include robotic tool/end effector requirements, efficient orbital maneuvering of a servicing vehicle, robotic arm systems, automation of certain spacecraft operations, and development of the infrastructure for coordinated control between the servicer and client spacecraft operations teams.  The transition agreement is with a commercial partner who will provide the satellite to carry the robotic payload and who will operate the robotic servicer.  To support the development of a broadly accepted satellite servicing capability, DARPA is using the Consortium for Execution of Rendezvous and Servicing (CONFERS) operations approach to bring together experts from the private sector and Government to research, develop and publish nonbinding, consensus-based standards for safe operational approaches to on-orbit servicing.

Prior to FY 2026, this program was funded in PE 0603287E, Project SPC-01.</r2:Description>
                            <r2:PlannedProgram>
                                <r2:BudgetYearOne>
                                    <r2:Funding>2.100</r2:Funding>
                                </r2:BudgetYearOne>
                                <r2:BudgetYearOneBase>
                                    <r2:Funding>2.100</r2:Funding>
                                    <r2:Text>-  Complete combined testing of integrated robotic payload and spacecraft bus.
-  Perform training of commercial partner and conduct mission operations rehearsals.
-  Conduct launch, on-orbit checkout, and calibration of integrated robotic payload.</r2:Text>
                                </r2:BudgetYearOneBase>
                                <r2:AppChangeSummary>The FY 2026 increase reflects the transfer of the program from PE 0603287E, Project SPC-01 to this PE/Project.</r2:AppChangeSummary>
                            </r2:PlannedProgram>
                        </r2:AccomplishmentPlannedProgram>
                        <r2:AccomplishmentPlannedProgram>
                            <r2:Title>Demonstration Rocket for Agile Cislunar Operations (DRACO)</r2:Title>
                            <r2:Description>Maintaining U.S. interests in cislunar space requires significant advances in propulsion technology. Current space propulsion includes electric (high efficiency but low thrust) and chemical (high thrust but low efficiency) systems. The Demonstration Rocket for Agile Cislunar Operations (DRACO) program will develop and demonstrate a High-Assay Low-Enriched Uranium (HALEU) nuclear thermal rocket (NTR) system on orbit and is targeting an FY 2027  launch. The NTR technology demonstrated by DRACO will achieve thrust similar to chemical rockets, but with 2-5 times the efficiency. The enhanced performance afforded by NTR will allow the U.S. to lead operations in the cislunar volume, in particular for missions that require flexible mission planning and agile maneuverability.

Prior to FY 2026, this program was funded in PE 0603287E, Project SPC-01.</r2:Description>
                            <r2:PlannedProgram>
                                <r2:BudgetYearOne>
                                    <r2:Funding>1.772</r2:Funding>
                                </r2:BudgetYearOne>
                                <r2:BudgetYearOneBase>
                                    <r2:Funding>1.772</r2:Funding>
                                    <r2:Text>-  Complete program close-out activities.
-  Complete technology transition to NASA.</r2:Text>
                                </r2:BudgetYearOneBase>
                                <r2:AppChangeSummary>The FY 2026 increase reflects the transfer of the program from PE 0603287E, Project SPC-01 to this PE/Project.</r2:AppChangeSummary>
                            </r2:PlannedProgram>
                        </r2:AccomplishmentPlannedProgram>
                        <r2:AccomplishmentPlannedProgram>
                            <r2:Title>Advanced Complex Systems Studies and Concepts</r2:Title>
                            <r2:Description>Studies conducted under this program will examine and evaluate emerging technologies and system concepts for applicability to military use.  This includes the degree and scope of potential impact and improvements to military operations, mission utility, and warfighter capability.  Studies are also conducted to analyze emerging aerospace threats along with possible methods and technologies for countermeasures.  The feasibility of achieving potential improvements, in terms of resources, schedule, and technological risk, is also evaluated.  The results from these studies are used, in part, to formulate future prototype development programs or refocus ongoing work.  Topics include: methods of defeating enemy anti-aircraft attacks; munition technologies to increase precision, range, endurance, and lethality of weapons for a variety of mission sets; novel launch systems; air vehicle control, power, propulsion, materials, and architectures; payload and cargo handling systems; applying artificial intelligence to low earth orbit (LEO) constellation operations to enable collaboration between space, air, maritime, and ground platforms in anti-access/area denial (A2/AD) theaters; robust architectures for precision navigation and timing; enabling operations in Cislunar space; novel approaches to space domain awareness; integration of commercial capabilities into military operations; and on-orbit software environments.</r2:Description>
                            <r2:PlannedProgram>
                                <r2:BudgetYearOne>
                                    <r2:Funding>89.082</r2:Funding>
                                </r2:BudgetYearOne>
                                <r2:BudgetYearOneBase>
                                    <r2:Funding>89.082</r2:Funding>
                                    <r2:Text>-  Explore and refine advanced platform concepts to deliver integrated, cross-domain dominance solutions at disruptive scale and unprecedented penetration capabilities.
-  Evaluate innovative architectures, operational concepts, and propulsion technologies spanning chemical rocket, airbreathing, and hybrid air vehicle systems to effectively counter and penetrate advanced Anti-Access/Area Denial (A2/AD) environments.
-  Conduct pioneering research to identify and assess novel power sources, achieve transformative efficiency improvements in existing systems, and explore possibilities for extended-range power transfer within air and space domains.
-  Research capabilities providing  on-the-edge  computing for orbital positioning and collaborative movement.
-  Explore advanced power sources, storage, and transfer solutions for systems in Very Low Earth Orbit (VLEO) altitudes.
-  Investigate power sources, dramatic efficiency improvements of existing power sources, and the potential for the long-distance transfer of power.
-  Investigate innovative technologies to enable cross-domain dominance in air and space.</r2:Text>
                                </r2:BudgetYearOneBase>
                                <r2:AppChangeSummary>The FY 2026 increase reflects studies and concepts initiations.</r2:AppChangeSummary>
                            </r2:PlannedProgram>
                        </r2:AccomplishmentPlannedProgram>
                    </r2:AccomplishmentPlannedProgramList>
                    <r2:AcquisitionStrategy>N/A</r2:AcquisitionStrategy>
                </r2:R2aExhibit>
            </r2:Project>
            <r2:Project>
                <r2:ProjectNumber>ACX-07</r2:ProjectNumber>
                <r2:ProjectTitle>ADVANCED COMPLEX SYSTEMS SUPPORT</r2:ProjectTitle>
                <r2:SpecialProject>1</r2:SpecialProject>
                <r2:ProjectFunding>
                    <r2:AllPriorYears>0.000</r2:AllPriorYears>
                    <r2:PriorYear>0.000</r2:PriorYear>
                    <r2:CurrentYear>0.000</r2:CurrentYear>
                    <r2:BudgetYearOne>19.579</r2:BudgetYearOne>
                    <r2:BudgetYearOneBase>19.579</r2:BudgetYearOneBase>
                </r2:ProjectFunding>
                <r2:R2aExhibit>
                    <r2:ProjectMissionDescription>The Advanced Complex Systems Support project contains non-headquarters management costs in support of DARPA functions and activities across the entire Advanced Complex Systems PE. These costs include: DARPA classified and unclassified network support and equipment; contractor support; classified program security; building security; commercial transition services that increase the likelihood that DARPA-funded technologies remain in the U.S. and provide new capabilities for national defense; DARPA outreach to universities and industry; external contracting, financial and support fees; Program Manager Intragovernmental Personnel Act (IPA) Funding; Program Managers from other Government Agencies; and similar operating expenses. Agency support is allocated on a pro-rata basis across the Agency's BA1, BA2 and BA3 PEs and, therefore, fluctuates per PE by fiscal year based on the total Agency budget in that fiscal year.

Prior to FY 2026, support requirements in this Project were funded in PE 0603286E, Project AIR-01, and PE 0603287E, Project SPC-01.</r2:ProjectMissionDescription>
                </r2:R2aExhibit>
            </r2:Project>
        </r2:ProjectList>
    </r2:ProgramElement>
</r2:ProgramElementList>