<?xml version="1.0" encoding="UTF-8"?>
<r2:ProgramElementList xmlns:r2="http://www.dtic.mil/comptroller/xml/schema/022009/r2" targetSchemaVersion="1.0">
    <r2:ProgramElement monetaryUnit="Millions" format="R2Long">
        <r2:ProgramElementNumber>0605898E</r2:ProgramElementNumber>
        <r2:ProgramElementTitle>MANAGEMENT HQ - R&amp;D</r2:ProgramElementTitle>
        <r2:R1LineNumber>193</r2:R1LineNumber>
        <r2:BudgetYear>2026</r2:BudgetYear>
        <r2:BudgetCycle>PB</r2:BudgetCycle>
        <r2:SubmissionDate>2025-06</r2:SubmissionDate>
        <r2:ServiceAgencyName>Defense Advanced Research Projects Agency</r2:ServiceAgencyName>
        <r2:AppropriationCode>0400</r2:AppropriationCode>
        <r2:AppropriationName>Research, Development, Test &amp; Evaluation, Defense-Wide</r2:AppropriationName>
        <r2:BudgetActivityNumber>6</r2:BudgetActivityNumber>
        <r2:BudgetActivityTitle>RDT&amp;E Management Support</r2:BudgetActivityTitle>
        <r2:ProgramElementFunding>
            <r2:AllPriorYears>0.000</r2:AllPriorYears>
            <r2:PriorYear>15.176</r2:PriorYear>
            <r2:CurrentYear>14.577</r2:CurrentYear>
            <r2:BudgetYearOne>13.623</r2:BudgetYearOne>
            <r2:BudgetYearOneBase>13.623</r2:BudgetYearOneBase>
        </r2:ProgramElementFunding>
        <r2:ChangeSummary>
            <r2:PreviousPresidentBudget>
                <r2:PriorYear>14.833</r2:PriorYear>
                <r2:CurrentYear>14.577</r2:CurrentYear>
                <r2:BudgetYearOne>14.676</r2:BudgetYearOne>
                <r2:BudgetYearOneBase>14.676</r2:BudgetYearOneBase>
            </r2:PreviousPresidentBudget>
            <r2:CurrentPresidentBudget>
                <r2:PriorYear>15.176</r2:PriorYear>
                <r2:CurrentYear>14.577</r2:CurrentYear>
                <r2:BudgetYearOne>13.623</r2:BudgetYearOne>
                <r2:BudgetYearOneBase>13.623</r2:BudgetYearOneBase>
            </r2:CurrentPresidentBudget>
            <r2:TotalAdjustments>
                <r2:PriorYear>0.343</r2:PriorYear>
                <r2:CurrentYear>0.000</r2:CurrentYear>
                <r2:BudgetYearOne>-1.053</r2:BudgetYearOne>
                <r2:BudgetYearOneBase>-1.053</r2:BudgetYearOneBase>
            </r2:TotalAdjustments>
            <r2:AdjustmentDetails>
                <r2:CongressionalGeneralReductions>
                    <r2:PriorYear>0.000</r2:PriorYear>
                    <r2:CurrentYear>0.000</r2:CurrentYear>
                </r2:CongressionalGeneralReductions>
                <r2:CongressionalDirectedReductions>
                    <r2:PriorYear>0.000</r2:PriorYear>
                    <r2:CurrentYear>0.000</r2:CurrentYear>
                </r2:CongressionalDirectedReductions>
                <r2:CongressionalRescissions>
                    <r2:PriorYear>0.000</r2:PriorYear>
                    <r2:CurrentYear>0.000</r2:CurrentYear>
                </r2:CongressionalRescissions>
                <r2:CongressionalAdds>
                    <r2:PriorYear>0.000</r2:PriorYear>
                    <r2:CurrentYear>0.000</r2:CurrentYear>
                </r2:CongressionalAdds>
                <r2:CongressionalDirectedTransfers>
                    <r2:PriorYear>0.000</r2:PriorYear>
                    <r2:CurrentYear>0.000</r2:CurrentYear>
                </r2:CongressionalDirectedTransfers>
                <r2:Reprogrammings>
                    <r2:PriorYear>0.343</r2:PriorYear>
                    <r2:CurrentYear>0.000</r2:CurrentYear>
                </r2:Reprogrammings>
                <r2:SBIRSTTRTransfer>
                    <r2:PriorYear>0.000</r2:PriorYear>
                    <r2:CurrentYear>0.000</r2:CurrentYear>
                </r2:SBIRSTTRTransfer>
                <r2:OtherAdjustmentDetailList>
                    <r2:OtherAdjustmentDetail>
                        <r2:Title>TotalOtherAdjustments</r2:Title>
                        <r2:Funding>
                            <r2:BudgetYearOne>-1.053</r2:BudgetYearOne>
                            <r2:BudgetYearOneBase>-1.053</r2:BudgetYearOneBase>
                        </r2:Funding>
                    </r2:OtherAdjustmentDetail>
                </r2:OtherAdjustmentDetailList>
            </r2:AdjustmentDetails>
            <r2:SummaryExplanation>FY 2024:  Increase reflects reprogrammings.
FY 2025:  N/A
FY 2026:  Decrease reflects strategic operational support costs based on current mission requirements.</r2:SummaryExplanation>
        </r2:ChangeSummary>
        <r2:ProjectList>
            <r2:Project>
                <r2:ProjectNumber>MH-01</r2:ProjectNumber>
                <r2:ProjectTitle>MANAGEMENT HQ - R&amp;D</r2:ProjectTitle>
                <r2:SpecialProject>0</r2:SpecialProject>
                <r2:ProjectFunding>
                    <r2:AllPriorYears>0.000</r2:AllPriorYears>
                    <r2:PriorYear>15.176</r2:PriorYear>
                    <r2:CurrentYear>14.577</r2:CurrentYear>
                    <r2:BudgetYearOne>13.623</r2:BudgetYearOne>
                    <r2:BudgetYearOneBase>13.623</r2:BudgetYearOneBase>
                </r2:ProjectFunding>
                <r2:R2aExhibit>
                    <r2:ProjectMissionDescription>The Management HQ - R&amp;D Program Element provides funding for the administrative support costs of the Defense Advanced Research Projects Agency. This project provides funding for DARPA Management Headquarters Activities (MHA). The funds provide personnel compensation for management headquarters civilians as well as associated travel and support contract costs.</r2:ProjectMissionDescription>
                    <r2:AccomplishmentPlannedProgramList>
                        <r2:AccomplishmentPlannedProgram>
                            <r2:Title>Management Headquarters Civilian Personnel Salaries</r2:Title>
                            <r2:Description>Management Headquarters Civilian Personnel Salaries</r2:Description>
                            <r2:Accomplishment>
                                <r2:PriorYear>
                                    <r2:Funding>4.679</r2:Funding>
                                    <r2:Text>-  Funded management headquarters civilian salaries and benefits.</r2:Text>
                                </r2:PriorYear>
                            </r2:Accomplishment>
                            <r2:PlannedProgram>
                                <r2:CurrentYear>
                                    <r2:Funding>4.806</r2:Funding>
                                    <r2:Text>-  Continue to fund management headquarters civilian salaries and benefits.</r2:Text>
                                </r2:CurrentYear>
                                <r2:BudgetYearOne>
                                    <r2:Funding>5.037</r2:Funding>
                                </r2:BudgetYearOne>
                                <r2:BudgetYearOneBase>
                                    <r2:Funding>5.037</r2:Funding>
                                    <r2:Text>-  Continue to fund management headquarters civilian salaries and benefits.</r2:Text>
                                </r2:BudgetYearOneBase>
                                <r2:AppChangeSummary>The FY 2026 increase reflects civilian pay repricing.</r2:AppChangeSummary>
                            </r2:PlannedProgram>
                        </r2:AccomplishmentPlannedProgram>
                        <r2:AccomplishmentPlannedProgram>
                            <r2:Title>Management Headquarters Travel</r2:Title>
                            <r2:Description>Management Headquarters Travel</r2:Description>
                            <r2:Accomplishment>
                                <r2:PriorYear>
                                    <r2:Funding>0.646</r2:Funding>
                                    <r2:Text>-  Funded Management Headquarters travel requirements.</r2:Text>
                                </r2:PriorYear>
                            </r2:Accomplishment>
                            <r2:PlannedProgram>
                                <r2:CurrentYear>
                                    <r2:Funding>0.271</r2:Funding>
                                    <r2:Text>-  Continue to fund Management Headquarters travel requirements.</r2:Text>
                                </r2:CurrentYear>
                                <r2:BudgetYearOne>
                                    <r2:Funding>0.565</r2:Funding>
                                </r2:BudgetYearOne>
                                <r2:BudgetYearOneBase>
                                    <r2:Funding>0.565</r2:Funding>
                                    <r2:Text>-  Continue to fund Management Headquarters travel requirements.</r2:Text>
                                </r2:BudgetYearOneBase>
                                <r2:AppChangeSummary>The FY 2026 increase reflects estimated Management Headquarters travel requirements.</r2:AppChangeSummary>
                            </r2:PlannedProgram>
                        </r2:AccomplishmentPlannedProgram>
                        <r2:AccomplishmentPlannedProgram>
                            <r2:Title>Management Headquarters Strategic Operational Support</r2:Title>
                            <r2:Description>Management Headquarters Strategic Operational Support</r2:Description>
                            <r2:Accomplishment>
                                <r2:PriorYear>
                                    <r2:Funding>9.851</r2:Funding>
                                    <r2:Text>-  Funded operational support which includes Public Affairs, Legislative Affairs, General Council, International Cooperation, Military Liaisons, Ethical/Legal/Social Implications, and Human Resources/Travel Support.</r2:Text>
                                </r2:PriorYear>
                            </r2:Accomplishment>
                            <r2:PlannedProgram>
                                <r2:CurrentYear>
                                    <r2:Funding>9.500</r2:Funding>
                                    <r2:Text>-  Continue to fund operational support which includes Public Affairs, Legislative Affairs, General Council, International Cooperation, Military Liaisons, and Human Resources Support.</r2:Text>
                                </r2:CurrentYear>
                                <r2:BudgetYearOne>
                                    <r2:Funding>8.021</r2:Funding>
                                </r2:BudgetYearOne>
                                <r2:BudgetYearOneBase>
                                    <r2:Funding>8.021</r2:Funding>
                                    <r2:Text>-  Continue to fund operational support which includes Public Affairs, Legislative Affairs, General Council, International Cooperation, Military Liaisons, and Human Resources Support.</r2:Text>
                                </r2:BudgetYearOneBase>
                                <r2:AppChangeSummary>The FY 2026 decrease reflects a reduction in Management Headquarters Strategic Operational Support.</r2:AppChangeSummary>
                            </r2:PlannedProgram>
                        </r2:AccomplishmentPlannedProgram>
                    </r2:AccomplishmentPlannedProgramList>
                </r2:R2aExhibit>
            </r2:Project>
        </r2:ProjectList>
    </r2:ProgramElement>
</r2:ProgramElementList>