<?xml version="1.0" encoding="UTF-8"?>
<r2:ProgramElementList xmlns:r2="http://www.dtic.mil/comptroller/xml/schema/022009/r2" targetSchemaVersion="1.0">
    <r2:ProgramElement monetaryUnit="Millions" format="R2Long">
        <r2:ProgramElementNumber>0605502E</r2:ProgramElementNumber>
        <r2:ProgramElementTitle>SMALL BUSINESS INNOVATION RESEARCH</r2:ProgramElementTitle>
        <r2:R1LineNumber>184</r2:R1LineNumber>
        <r2:BudgetYear>2026</r2:BudgetYear>
        <r2:BudgetCycle>PB</r2:BudgetCycle>
        <r2:SubmissionDate>2025-06</r2:SubmissionDate>
        <r2:ServiceAgencyName>Defense Advanced Research Projects Agency</r2:ServiceAgencyName>
        <r2:AppropriationCode>0400</r2:AppropriationCode>
        <r2:AppropriationName>Research, Development, Test &amp; Evaluation, Defense-Wide</r2:AppropriationName>
        <r2:BudgetActivityNumber>6</r2:BudgetActivityNumber>
        <r2:BudgetActivityTitle>RDT&amp;E Management Support</r2:BudgetActivityTitle>
        <r2:ProgramElementFunding>
            <r2:AllPriorYears>0.000</r2:AllPriorYears>
            <r2:PriorYear>129.397</r2:PriorYear>
            <r2:CurrentYear>0.000</r2:CurrentYear>
            <r2:BudgetYearOne>0.000</r2:BudgetYearOne>
            <r2:BudgetYearOneBase>0.000</r2:BudgetYearOneBase>
        </r2:ProgramElementFunding>
        <r2:ChangeSummary>
            <r2:PreviousPresidentBudget>
                <r2:PriorYear>0.000</r2:PriorYear>
                <r2:CurrentYear>0.000</r2:CurrentYear>
                <r2:BudgetYearOne>0.000</r2:BudgetYearOne>
                <r2:BudgetYearOneBase>0.000</r2:BudgetYearOneBase>
            </r2:PreviousPresidentBudget>
            <r2:CurrentPresidentBudget>
                <r2:PriorYear>129.397</r2:PriorYear>
                <r2:CurrentYear>0.000</r2:CurrentYear>
                <r2:BudgetYearOne>0.000</r2:BudgetYearOne>
                <r2:BudgetYearOneBase>0.000</r2:BudgetYearOneBase>
            </r2:CurrentPresidentBudget>
            <r2:TotalAdjustments>
                <r2:PriorYear>129.397</r2:PriorYear>
                <r2:CurrentYear>0.000</r2:CurrentYear>
                <r2:BudgetYearOne>0.000</r2:BudgetYearOne>
                <r2:BudgetYearOneBase>0.000</r2:BudgetYearOneBase>
            </r2:TotalAdjustments>
            <r2:AdjustmentDetails>
                <r2:CongressionalGeneralReductions>
                    <r2:PriorYear>0.000</r2:PriorYear>
                    <r2:CurrentYear>0.000</r2:CurrentYear>
                </r2:CongressionalGeneralReductions>
                <r2:CongressionalDirectedReductions>
                    <r2:PriorYear>0.000</r2:PriorYear>
                    <r2:CurrentYear>0.000</r2:CurrentYear>
                </r2:CongressionalDirectedReductions>
                <r2:CongressionalRescissions>
                    <r2:PriorYear>0.000</r2:PriorYear>
                    <r2:CurrentYear>0.000</r2:CurrentYear>
                </r2:CongressionalRescissions>
                <r2:CongressionalAdds>
                    <r2:PriorYear>0.000</r2:PriorYear>
                    <r2:CurrentYear>0.000</r2:CurrentYear>
                </r2:CongressionalAdds>
                <r2:CongressionalDirectedTransfers>
                    <r2:PriorYear>0.000</r2:PriorYear>
                    <r2:CurrentYear>0.000</r2:CurrentYear>
                </r2:CongressionalDirectedTransfers>
                <r2:Reprogrammings>
                    <r2:PriorYear>0.000</r2:PriorYear>
                    <r2:CurrentYear>0.000</r2:CurrentYear>
                </r2:Reprogrammings>
                <r2:SBIRSTTRTransfer>
                    <r2:PriorYear>129.397</r2:PriorYear>
                    <r2:CurrentYear>0.000</r2:CurrentYear>
                </r2:SBIRSTTRTransfer>
            </r2:AdjustmentDetails>
            <r2:SummaryExplanation>FY 2024:  Increase reflects SBIR/STTR transfer.
FY 2025:  N/A
FY 2026:  N/A</r2:SummaryExplanation>
        </r2:ChangeSummary>
        <r2:ProjectList>
            <r2:Project>
                <r2:ProjectNumber>SB-01</r2:ProjectNumber>
                <r2:ProjectTitle>SMALL BUSINESS INNOVATION RESEARCH</r2:ProjectTitle>
                <r2:SpecialProject>0</r2:SpecialProject>
                <r2:ProjectFunding>
                    <r2:AllPriorYears>0.000</r2:AllPriorYears>
                    <r2:PriorYear>129.397</r2:PriorYear>
                    <r2:CurrentYear>0.000</r2:CurrentYear>
                    <r2:BudgetYearOne>0.000</r2:BudgetYearOne>
                    <r2:BudgetYearOneBase>0.000</r2:BudgetYearOneBase>
                </r2:ProjectFunding>
                <r2:R2aExhibit>
                    <r2:ProjectMissionDescription>In accordance with Public Law No: 116-92 (National Defense Authorization Act 2020) and the Small Business Act (15 U.S.C. 638), the DARPA Small Business Innovation Research (SBIR) and Small Business Technology Transfer (STTR) programs are designed to provide small, high-tech businesses and academic institutions the opportunity to propose radical, innovative, high-risk approaches to address existing and emerging national security threats, thereby supporting DARPA's overall strategy to enable fundamental discoveries and technological breakthroughs that provide new military capabilities.</r2:ProjectMissionDescription>
                    <r2:AccomplishmentPlannedProgramList>
                        <r2:AccomplishmentPlannedProgram>
                            <r2:Title>Small Business Innovation Research</r2:Title>
                            <r2:Description>The Small Business Innovation Research (SBIR) and Small Business Technology Transfer (STTR) programs are
designed to provide small, high-tech businesses and academic institutions the opportunity to propose radical, innovative, high-risk approaches to address existing and emerging national security threats; thereby supporting DARPA's overall strategy to enable fundamental discoveries and technological breakthroughs that provide new military capabilities.</r2:Description>
                            <r2:Accomplishment>
                                <r2:PriorYear>
                                    <r2:Funding>129.397</r2:Funding>
                                    <r2:Text>-  Continued to utilize DoD Out of Cycle BAA to release SBIR/STTR topics on a Just-in-Time basis.
-  Continued to release an SBIR and/or STTR Open topic in accordance with the 2022 SBIR/STTR Reauthorization Act.
Lessons learned from initial FY 2023 release were identified and implemented for FY 2024.
-  Continued its Due Diligence Program Business Assessment Program, taking lessons learned from its implementation in FY 2023 and improving and streamlining them in FY 2024.
-  Leveraged DARPA SBIR/STTR topics in support of larger DARPA Programs to the highest extent possible to ensure successful transition of SBIR/STTR technologies.
-  Continued to utilize various funding pathways available to the SBIR/STTR programs. This includes, Phase I, Phase II, Direct to Phase II, co-funds, cross agency awards, Phase II Enhancements, and SBIR XL Pilot.
-  DARPA s SBIR XL pilot aimed to increase opportunities for DARPA funded technology by reimagining SBIRs to transform ideas into successful small businesses that scale. The goals of SBIR XL include: (1) increase relevance of SBIR Program for Technology Development in DARPA; (2) emphasize transition and commercialization as part of evaluation process including establishment of concrete commercialization milestones; (3) raise award ceilings to support efforts for operations-cale deployment, increasing the probability of technology transition and commercialization; (4) decrease award timelines.
-  DARPA linked wherever possible to the OUSD(R&amp;E) Critical Technology Areas which include: (1) FutureG; (2) Trusted AI and Autonomy; (3) Biotechnology; (4) Advanced Computing and Software; (5) Integrated Sensing and Cyber; (6) Directed Energy); (7) Hypersonics; (8) Microelectronics; (9) Integrated Network Systems-of-Systems; (10) Quantum Science; (11) Space Technology; (12) Renewable Energy Generation and Storage; (13) Advanced Materials; (14) Human-Machine Interfaces.</r2:Text>
                                </r2:PriorYear>
                            </r2:Accomplishment>
                            <r2:PlannedProgram>
                                <r2:CurrentYear>
                                    <r2:Funding>0.000</r2:Funding>
                                    <r2:Text>-  Utilized DoD's yearlong BAA to release SBIR/STTR topics on a Just-in-Time basis via DoD's monthly release schedule.
-  Continued to release a SBIR and/or STTR Open topic in accordance with the 2022 SBIR/STTR Reauthorization Act. Lessons learned from FY 2024 were identified and implemented for FY 2025.
-  Continued its Due Diligence Program Business Assessment Program, taking lessons learned from FY 2024 and improving and streamlining them in FY 2025. DARPA's Small Business Program Office (SBPO) implemented a partial automated workflow to track deliverables and suspenses associated with the Due Diligence program within the DARPA SBPO SBIR/STTR Information Portal (SSIP).
-  Continued to leverage DARPA SBIR/STTR topics in support of larger DARPA Programs to the highest extent possible to ensure successful transition of SBIR/STTR technologies.
-  Continued to utilize various funding pathways available to the SBIR/STTR programs. This includes, Phase I, Phase II, Direct to Phase II, co-funds, cross agency awards, Phase II Enhancements, and SBIR XL Pilot.
-  Continued to use DARPA's SBIR XL pilot, which aims to increase opportunities for DARPA funded technology by reimagining SBIRs to transform ideas into successful small businesses that scale. The goals of SBIR XL include: (1) increase relevance of SBIR Program for Technology Development in DARPA; (2) emphasize transition and commercialization as part of evaluation process including establishment of concrete commercialization milestones; (3) raise award ceilings to support efforts for operation-scale deployment, increasing the probability of technology transition and commercialization; (4) decrease award timelines.
-  Continued to link wherever possible to the OUSD(R&amp;E) Critical Technology Areas which include: (1) FutureG; (2) Trusted AI and Autonomy; (3) Biotechnology; (4) Advanced Computing and Software; (5) Integrated Sensing and Cyber; (6) Directed Energy); (7) Hypersonics; (8) Microelectronics; (9) Integrated Network Systems-of-Systems; (10) Quantum Science; (11) Space Technology; (12) Renewable Energy Generation and Storage; (13) Advanced Materials; (14) Human-Machine Interfaces.
-  The DARPA SBIR/STTR contracting team began simplifying the acquisition process for Phase I and Phase II awards and standardizing the contracting templates for all types of contract vehicles. During FY25 DARPA's Contracts Management Office (CMO) executed a Phase I purchase order in 7 Business Days. Due to the standardized cost template for the Turbo Facility Clearance (TurboFCL) topic DARPA's CMO awarded the Other Transaction (OT) in 4 days.
-  The SBIR/STTR contracting team implemented a price analysis cost review for SBIR/STTR awards.</r2:Text>
                                </r2:CurrentYear>
                                <r2:BudgetYearOne>
                                    <r2:Funding>0.000</r2:Funding>
                                </r2:BudgetYearOne>
                                <r2:BudgetYearOneBase>
                                    <r2:Funding>0.000</r2:Funding>
                                    <r2:Text>-  Will continue to utilize DoD's yearlong BAA to release SBIR/STTR topics on a Just-in-Time basis via DoD's monthly release schedule.
-  Will continue to release an SBIR and/or STTR Open topic in accordance with the 2022 SBIR/STTR Reauthorization Act. Lessons learned from the FY 2025 release will be identified and implemented for FY 2026.
-  Will continue its Due Diligence Program Business Assessment Program, taking lessons learned from FY 2025 and improving and streamlining them in FY 2026.
-  Will continue to leverage DARPA SBIR/STTR topics in support of larger DARPA Programs to the highest extent possible to ensure successful transition of SBIR/STTR technologies.
-  Will continue to utilize various funding pathways available to the SBIR/STTR programs. This includes, Phase I, Phase II, Direct to Phase II, co-funds, cross agency awards, Phase II Enhancements, and SBIR XL Pilot.
-  Will continue to use DARPA's SBIR XL pilot, which aims to increase opportunities for DARPA funded technology by reimagining SBIRs to transform ideas into successful small businesses that scale. The goals of SBIR XL include: (1) increase relevance of SBIR Program for Technology Development in DARPA; (2) emphasize transition and commercialization as part of evaluation process including establishment of concrete commercialization milestones; (3) raise award ceilings to support efforts for operation-scale deployment, increasing the probability of technology transition and commercialization; (4) decrease award timelines.
-  Will continue to link wherever possible to the OUSD(R&amp;E) Critical Technology Areas which include: (1) FutureG; (2) Trusted AI and Autonomy; (3) Biotechnology; (4) Advanced Computing and Software; (5) Integrated Sensing and Cyber; (6) Directed Energy); (7) Hypersonics; (8) Microelectronics; (9) Integrated Network Systems-of-Systems; (10) Quantum Science; (11) Space Technology; (12) Renewable Energy Generation and Storage; (13) Advanced Materials; (14) Human-Machine Interfaces.
-  The DARPA SBIR/STTR contracting will continue streamlining the acquisition process for Phase II awards and standardize the contracting templates for all types of contract vehicles. The team plans to focus on leveraging OTs for suitable SBIR/STTR actions.</r2:Text>
                                </r2:BudgetYearOneBase>
                            </r2:PlannedProgram>
                        </r2:AccomplishmentPlannedProgram>
                    </r2:AccomplishmentPlannedProgramList>
                </r2:R2aExhibit>
            </r2:Project>
        </r2:ProjectList>
    </r2:ProgramElement>
</r2:ProgramElementList>