<?xml version="1.0" encoding="UTF-8"?>
<r2:ProgramElementList xmlns:r2="http://www.dtic.mil/comptroller/xml/schema/022009/r2" targetSchemaVersion="1.0">
    <r2:ProgramElement monetaryUnit="Millions" format="R2Long">
        <r2:ProgramElementNumber>0601117E</r2:ProgramElementNumber>
        <r2:ProgramElementTitle>BASIC OPERATIONAL MEDICAL SCIENCE</r2:ProgramElementTitle>
        <r2:R1LineNumber>5</r2:R1LineNumber>
        <r2:BudgetYear>2026</r2:BudgetYear>
        <r2:BudgetCycle>PB</r2:BudgetCycle>
        <r2:SubmissionDate>2025-06</r2:SubmissionDate>
        <r2:ServiceAgencyName>Defense Advanced Research Projects Agency</r2:ServiceAgencyName>
        <r2:AppropriationCode>0400</r2:AppropriationCode>
        <r2:AppropriationName>Research, Development, Test &amp; Evaluation, Defense-Wide</r2:AppropriationName>
        <r2:BudgetActivityNumber>1</r2:BudgetActivityNumber>
        <r2:BudgetActivityTitle>Basic Research</r2:BudgetActivityTitle>
        <r2:ProgramElementFunding>
            <r2:AllPriorYears>0.000</r2:AllPriorYears>
            <r2:PriorYear>55.913</r2:PriorYear>
            <r2:CurrentYear>89.143</r2:CurrentYear>
            <r2:BudgetYearOne>0.000</r2:BudgetYearOne>
            <r2:BudgetYearOneBase>0.000</r2:BudgetYearOneBase>
        </r2:ProgramElementFunding>
        <r2:ChangeSummary>
            <r2:PreviousPresidentBudget>
                <r2:PriorYear>50.430</r2:PriorYear>
                <r2:CurrentYear>99.048</r2:CurrentYear>
                <r2:BudgetYearOne>113.121</r2:BudgetYearOne>
                <r2:BudgetYearOneBase>113.121</r2:BudgetYearOneBase>
            </r2:PreviousPresidentBudget>
            <r2:CurrentPresidentBudget>
                <r2:PriorYear>55.913</r2:PriorYear>
                <r2:CurrentYear>89.143</r2:CurrentYear>
                <r2:BudgetYearOne>0.000</r2:BudgetYearOne>
                <r2:BudgetYearOneBase>0.000</r2:BudgetYearOneBase>
            </r2:CurrentPresidentBudget>
            <r2:TotalAdjustments>
                <r2:PriorYear>5.483</r2:PriorYear>
                <r2:CurrentYear>-9.905</r2:CurrentYear>
                <r2:BudgetYearOne>-113.121</r2:BudgetYearOne>
                <r2:BudgetYearOneBase>-113.121</r2:BudgetYearOneBase>
            </r2:TotalAdjustments>
            <r2:AdjustmentDetails>
                <r2:CongressionalGeneralReductions>
                    <r2:PriorYear>0.000</r2:PriorYear>
                    <r2:CurrentYear>-9.905</r2:CurrentYear>
                </r2:CongressionalGeneralReductions>
                <r2:CongressionalDirectedReductions>
                    <r2:PriorYear>0.000</r2:PriorYear>
                    <r2:CurrentYear>0.000</r2:CurrentYear>
                </r2:CongressionalDirectedReductions>
                <r2:CongressionalRescissions>
                    <r2:PriorYear>0.000</r2:PriorYear>
                    <r2:CurrentYear>0.000</r2:CurrentYear>
                </r2:CongressionalRescissions>
                <r2:CongressionalAdds>
                    <r2:PriorYear>0.000</r2:PriorYear>
                    <r2:CurrentYear>0.000</r2:CurrentYear>
                </r2:CongressionalAdds>
                <r2:CongressionalDirectedTransfers>
                    <r2:PriorYear>0.000</r2:PriorYear>
                    <r2:CurrentYear>0.000</r2:CurrentYear>
                </r2:CongressionalDirectedTransfers>
                <r2:Reprogrammings>
                    <r2:PriorYear>7.111</r2:PriorYear>
                    <r2:CurrentYear>0.000</r2:CurrentYear>
                </r2:Reprogrammings>
                <r2:SBIRSTTRTransfer>
                    <r2:PriorYear>-1.628</r2:PriorYear>
                    <r2:CurrentYear>0.000</r2:CurrentYear>
                </r2:SBIRSTTRTransfer>
                <r2:OtherAdjustmentDetailList>
                    <r2:OtherAdjustmentDetail>
                        <r2:Title>TotalOtherAdjustments</r2:Title>
                        <r2:Funding>
                            <r2:BudgetYearOne>-113.121</r2:BudgetYearOne>
                            <r2:BudgetYearOneBase>-113.121</r2:BudgetYearOneBase>
                        </r2:Funding>
                    </r2:OtherAdjustmentDetail>
                </r2:OtherAdjustmentDetailList>
            </r2:AdjustmentDetails>
            <r2:SummaryExplanation>FY 2024:  Increase reflects SBIR/STTR transfer offset by reprogrammings.
FY 2025:  Decrease reflects Congressional general reduction for an execution adjustment.
FY 2026:  Decrease reflects transfer of efforts from this PE to PE 0601122E, Emerging Opportunities beginning in FY 2026.</r2:SummaryExplanation>
        </r2:ChangeSummary>
        <r2:ProjectList>
            <r2:Project>
                <r2:ProjectNumber>MED-01</r2:ProjectNumber>
                <r2:ProjectTitle>BASIC OPERATIONAL MEDICAL SCIENCE</r2:ProjectTitle>
                <r2:SpecialProject>0</r2:SpecialProject>
                <r2:ProjectFunding>
                    <r2:AllPriorYears>0.000</r2:AllPriorYears>
                    <r2:PriorYear>55.913</r2:PriorYear>
                    <r2:CurrentYear>89.143</r2:CurrentYear>
                    <r2:BudgetYearOne>0.000</r2:BudgetYearOne>
                    <r2:BudgetYearOneBase>0.000</r2:BudgetYearOneBase>
                </r2:ProjectFunding>
                <r2:R2aExhibit>
                    <r2:ProjectMissionDescription>The Basic Operational Medical Science Program Element (PE) will explore and develop basic research in medical-related information and technology leading to fundamental discoveries, tools, and applications critical to overcoming DoD challenges. This PE will address the Department's identified need for warfighter medical care related to prevention and treatment of infectious disease, real-time healthcare interventions of acute and chronic illness and injury, and interventions for improved warfighter resilience and performance against operational stressors. This PE also supports innovation and robust transition planning in the technology cycle by working with entrepreneurs to increase the likelihood that DARPA-funded technologies take root in the U.S. and provide new capabilities for national defense.

Beginning in FY 2026, efforts in this PE will be funded in PE 0601122E, Emerging Opportunities.</r2:ProjectMissionDescription>
                    <r2:AccomplishmentPlannedProgramList>
                        <r2:AccomplishmentPlannedProgram>
                            <r2:Title>Physiological Overmatch</r2:Title>
                            <r2:Description>Warfighters operate under extreme physiological conditions, sometimes with limited resources and manpower, and must acclimate quickly to changing operational needs. The Physiological Overmatch program is investigating innovative approaches to allow the warfighter to adapt rapidly to operational challenges during deployment by developing novel detection and treatment systems. The program will initiate work in aiding the deployed soldier's ability to defend against biological pathogens, resist fatigue, combat sleep deprivation, and maintain a high capacity for operational performance. This program will seek to develop technology devices for in vivo release of therapies as needed by the warfighter and to understand the biological mechanisms of fatigue, which will enable improvements to warfighter health and operational performance. This approach represents a significant enhancement to warfighter performance by providing protection from impacts to operational readiness and provides information related to fatigue states and the ability to operate with prolonged sleep deprivation. 

Beginning in FY 2026, this program will be funded in PE 0601122E, Project EMR-04.</r2:Description>
                            <r2:Accomplishment>
                                <r2:PriorYear>
                                    <r2:Funding>12.575</r2:Funding>
                                    <r2:Text>-  Confirmed that the therapy delivery device remains active and localized for at least 60 days in vivo.
-  Developed secure software to signal therapy activation in vivo. 
-  Demonstrated decontamination of bacterial pathogens in vivo.
-  Investigated approaches to obtain physiological measures across sleep deprived, sleep recovery, and non-sleep deprived states.</r2:Text>
                                </r2:PriorYear>
                            </r2:Accomplishment>
                            <r2:PlannedProgram>
                                <r2:CurrentYear>
                                    <r2:Funding>9.131</r2:Funding>
                                    <r2:Text>-  Perform biospecimen collection and analysis to identify gut-derived biomolecules and metabolites in regulating sleep and arousal states.
-  Identify potential molecular pathways or mechanisms of host interactions with the gut microbiome that are associated with the restorative effect of sleep on cognitive performance in an animal model. 
-  Demonstrate release of pathogen-targeting probiotic in a large animal model from a fully integrated device. 
-  Demonstrate release of therapy from a fully integrated device to regulate circadian rhythm in a large animal model.</r2:Text>
                                </r2:CurrentYear>
                                <r2:AppChangeSummary>The FY 2026 decrease reflects the transfer of the program from this PE/Project to PE 0601122E, Project EMR-04.</r2:AppChangeSummary>
                            </r2:PlannedProgram>
                        </r2:AccomplishmentPlannedProgram>
                        <r2:AccomplishmentPlannedProgram>
                            <r2:Title>Combatting Anti-Microbial Resistant Pathogens</r2:Title>
                            <r2:Description>The Combatting Anti-Microbial Resistant Pathogens program is investigating fundamental methods for using preexisting host machinery as a technology to create medical countermeasures that degrade or deactivate pathogen targets. The DoD has long recognized the warfighter's outsized risk of exposure to biological threat agents and to infectious disease, including the increasing prevalence of antimicrobial-resistant (AMR) organisms that are ranked as a Tier 1 threat to the U.S. military. Similarly, the danger posed by bacterial biothreats persists with few countermeasures available. Key advances expected from this research include identifying methods to discover and develop new classes of chimeric therapeutics for AMR bacteria, bacterial biothreats, and other DoD-relevant diseases and threats. These approaches represent a significant departure from conventional therapeutics, which typically rely on a limited number of small molecules with a narrow set of targets and mechanism of action. Advances in this area may be applied to the mitigation of known, new, and emerging diseases that impact military readiness and pose a global health threat. 

Beginning in FY 2026, this program will be funded in PE 0601122E, Project EMR-04.</r2:Description>
                            <r2:Accomplishment>
                                <r2:PriorYear>
                                    <r2:Funding>8.423</r2:Funding>
                                    <r2:Text>-  Demonstrated chimeric molecules with greater efficacy of state-of-the-art treatment against selected pathogens.
-  Initiated in vivo countermeasure testing.
-  Demonstrated rapidly formulated and assembled chimeric molecules with increased efficacy over the state-of-the-art treatment against pathogens.
-  Developed four novel chimeric countermeasures for consideration for full optimization and potential Investigational New Drug (IND) application submission.</r2:Text>
                                </r2:PriorYear>
                            </r2:Accomplishment>
                            <r2:PlannedProgram>
                                <r2:CurrentYear>
                                    <r2:Funding>10.320</r2:Funding>
                                    <r2:Text>-  Continue in vivo safety and specificity studies of chimeric-molecule-based medical countermeasures against selected pathogens.
-  Continue and expand independent verification and validation studies to facilitate transition to intragovernmental partners.
-  Establish Good-Laboratory Practice (GLP) compliant in vivo models for pre-IND safety, genotoxicity, pharmacology, and toxicity assessments.</r2:Text>
                                </r2:CurrentYear>
                                <r2:AppChangeSummary>The FY 2026 decrease reflects the transfer of the program from this PE/Project to PE 0601122E, Project EMR-04.</r2:AppChangeSummary>
                            </r2:PlannedProgram>
                        </r2:AccomplishmentPlannedProgram>
                        <r2:AccomplishmentPlannedProgram>
                            <r2:Title>Synthetic Hemo-technologies to Locate &amp; Disinfect (SHIELD)*</r2:Title>
                            <r2:Description>*Formerly Preventing Blood Stream Infections in Warfighters After Trauma

Bloodstream infections (BSI) are a significant source of morbidity in service members that sustain combat-related injuries. Trauma temporarily degrades the efficacy of the host immune system thereby increasing the risk of life-threating opportunistic infections from fungi and bacteria that enter into the blood. If unchecked, bloodborne fungi and bacteria lead to debilitating conditions such as invasive fungal infections (IFI), sepsis, and shock. The Synthetic Hemo-technologies to Locate and Disinfect (SHIELD) program is developing a systems-level approach to prevent BSI in warfighters that suffer trauma from burn or blast. Prophylactic medical countermeasures circulating in the blood will be developed to bind infectious particles in the blood early and label pathogens for clearance and deliver drugs to destroy pathogens and/or restore healthy physiology. Ultimately, this program will develop novel technologies that will protect service members from morbidity and mortality associated with BSI. 

Beginning in FY 2026, this program will be funded in PE 0601122E, Project EMR-04.</r2:Description>
                            <r2:Accomplishment>
                                <r2:PriorYear>
                                    <r2:Funding>6.744</r2:Funding>
                                    <r2:Text>-  Initiated development of delivery molecules that can circulate in the bloodstream for an extended period of time.
-  Evaluated the binding affinity of pathogen-agnostic recognition sequences of prophylaxes to different types of fungi and bacteria.
-  Began to measure the ability for newly designed prophylaxes to bind or neutralize target pathogens.</r2:Text>
                                </r2:PriorYear>
                            </r2:Accomplishment>
                            <r2:PlannedProgram>
                                <r2:CurrentYear>
                                    <r2:Funding>16.052</r2:Funding>
                                    <r2:Text>-  Demonstrate developed prophylaxes are non-toxic and non-immunogenic in the host.
-  Demonstrate prophylactic prevents growth of a single fungal and bacterial pathogen in blood.
-  Demonstrate developed prophylaxes increase survival in single fungal and bacterial pathogen in blood.
-  Demonstrate prophylaxes are inhibiting abnormal inflammatory response following blood stream infection of bacterial and fungal pathogens.</r2:Text>
                                </r2:CurrentYear>
                                <r2:AppChangeSummary>The FY 2026 decrease reflects the transfer of the program from this PE/Project to PE 0601122E, Project EMR-04.</r2:AppChangeSummary>
                            </r2:PlannedProgram>
                        </r2:AccomplishmentPlannedProgram>
                        <r2:AccomplishmentPlannedProgram>
                            <r2:Title>Anesthetics for Battlefield Care (ABC)*</r2:Title>
                            <r2:Description>*Formerly Modernized Field Anesthesia

The Anesthetics for Battlefield Care (ABC) program aims to produce safe, battlefield-ready anesthetics to reduce the trauma associated with injury and improve combat casualty outcomes. Current therapeutics that enable life-saving interventions and wound stabilization must be used in hospitals or highly monitored settings due to their lack of safety. Prolonged peer or near-peer conflict could severely impact medical evacuation times, resulting in extended time before patients reach a hospital. The ABC program seeks to uncover mechanisms of anesthesia at multiple biological levels ranging from the molecular to the organismal. Novel treatments developed under the program will exhibit the desirable properties of anesthetics, including calming effects and loss of sensation and consciousness but will have vastly improved safety profiles, making them usable in the field by warfighters with minimal medical training. 

Beginning in FY 2026, this program will be funded in PE 0601122E, Project EMR-04.</r2:Description>
                            <r2:Accomplishment>
                                <r2:PriorYear>
                                    <r2:Funding>4.812</r2:Funding>
                                    <r2:Text>-  Developed appropriate biological models for evaluating anesthetic endpoints.
-  Established methods to evaluate the biological mechanisms underlying the desired state of anesthesia.</r2:Text>
                                </r2:PriorYear>
                            </r2:Accomplishment>
                            <r2:PlannedProgram>
                                <r2:CurrentYear>
                                    <r2:Funding>15.706</r2:Funding>
                                    <r2:Text>-  Develop appropriate biological models and implement systems and profiling techniques for interrogating multiple model systems of anesthesia.
-  Initiate studies for anesthetic target discovery associated with analgesia, loss of consciousness, and immobility.
-  Develop the computational infrastructure required for analysis and prioritization of cellular/molecular target space.
-  Define target profile effects that are associated with current anesthetic interventions.
-  Initiate studies for multi-system, multi-organism physiological computational modeling to guide drug design and medicinal chemistry.</r2:Text>
                                </r2:CurrentYear>
                                <r2:AppChangeSummary>The FY 2026 decrease reflects the transfer of the program from this PE/Project to PE 0601122E, Project EMR-04.</r2:AppChangeSummary>
                            </r2:PlannedProgram>
                        </r2:AccomplishmentPlannedProgram>
                        <r2:AccomplishmentPlannedProgram>
                            <r2:Title>Objective Prediction of Team Effectiveness via Models of Performance Outcomes (OP TEMPO)*</r2:Title>
                            <r2:Description>*Formerly Accelerated Training and Readiness Assessment

The Objective Prediction of Team Effectiveness via Models of Performance Outcomes (OP TEMPO) program seeks to advance technologies to drive efficiency and efficacy of military operator preparation and expertise building. This program seeks to understand fundamental biological processes to support real-time physiological assessment, performance diagnostics, and objective prediction of warfighter and team proficiency, with the ultimate goal of improved DoD mission readiness and execution. Advances in this program will result in a significant enhancement to warfighter team performance by providing methods to determine teaming potential and actionable paths to optimal teaming. 

Beginning in FY 2026, this program will be funded in PE 0601122E, Project EMR-04.</r2:Description>
                            <r2:Accomplishment>
                                <r2:PriorYear>
                                    <r2:Funding>4.249</r2:Funding>
                                    <r2:Text>-  Developed custom metrics for assessment of team performance and initiate capture of ground truth data across real-world team training sessions.
-  Created testbed to identify and validate biobehavioral signatures of team coordination.</r2:Text>
                                </r2:PriorYear>
                            </r2:Accomplishment>
                            <r2:PlannedProgram>
                                <r2:CurrentYear>
                                    <r2:Funding>12.517</r2:Funding>
                                    <r2:Text>-  Collect data and identify candidate biobehavioral signatures of warfighter and team performance.
-  Demonstrate ability to measure and characterize identified signatures rapidly, reliably, and accurately during team training sessions.
-  Initiate development of predictive models for biobehavioral signature validation.
-  Identify two additional use cases to assess generalizability of bio-behavioral signatures and predictive models.</r2:Text>
                                </r2:CurrentYear>
                                <r2:AppChangeSummary>The FY 2026 decrease reflects the transfer of the program from this PE/Project to PE 0601122E, Project EMR-04.</r2:AppChangeSummary>
                            </r2:PlannedProgram>
                        </r2:AccomplishmentPlannedProgram>
                        <r2:AccomplishmentPlannedProgram>
                            <r2:Title>Simulating Microbial Systems (SMS)</r2:Title>
                            <r2:Description>The Simulating Microbial Systems (SMS) program is developing the general capability to simulate microbial cell function and behavior to prevent strategic surprise. SMS is investigating combinations of computational advances with data acquisition techniques to advance the state of the art of cellular modeling. Bringing together communities in cell modeling, computational techniques, and wet lab measurements, this program will build from partial physics-based models of a minimal synthetic cell to more complete and faithful simulations of a DoD-relevant organism. SMS will experimentally evaluate simulations via milestones and pressure tests that relate to both general cell simulation and tailored stakeholder use cases. SMS is postured to be a valuable tool for acceleration of medical countermeasure developments and biomanufacturing. Additionally, the program will provide a baseline for further simulation development and importantly will provide the DoD and its stakeholders the ability to run microbial simulations to prevent surprise. 

Beginning in FY 2026, this program will be funded in PE 0601122E, Project EMR-04.</r2:Description>
                            <r2:PlannedProgram>
                                <r2:CurrentYear>
                                    <r2:Funding>17.312</r2:Funding>
                                    <r2:Text>-  Initiate investigation of new approaches and combinations thereof to develop baseline simulations for individual cells.
-  Initiate development of simulations for individual cells and collection of data to support cell simulations.
-  Begin performing experiments to independently validate simulations of fundamental biological processes and responses to stimuli or stress.
-  Begin design of simulation pressure tests for tailored DoD use cases.</r2:Text>
                                </r2:CurrentYear>
                                <r2:AppChangeSummary>The FY 2026 decrease reflects the transfer of the program from this PE/Project to PE 0601122E, Project EMR-04.</r2:AppChangeSummary>
                            </r2:PlannedProgram>
                        </r2:AccomplishmentPlannedProgram>
                        <r2:AccomplishmentPlannedProgram>
                            <r2:Title>CoasterChase</r2:Title>
                            <r2:Description>DoD warfighters are often required to perform complex tasks in a high-stress situation. Warfighters under stress can make poor decisions with immediate and/or lasting consequences that may also contribute to long-term trauma. The CoasterChase program seeks to evaluate host response to stimulation of the digestive tract. The program will explore stress response to improve decision making and reduction of long-term trauma response with a combined sensing and stimulation ingestible device. The program aims to understand behavioral and physiological biomarkers of stress and inform device design parameters. Ultimately, the technology will enable improved memory retention, reduced effects of post-traumatic stress disorder (PTSD), maintenance of immune defense, and regulation of metabolism in austere domains.

Beginning in FY 2026, this program will be funded in PE 0601122E, Project EMR-04.</r2:Description>
                            <r2:PlannedProgram>
                                <r2:CurrentYear>
                                    <r2:Funding>8.105</r2:Funding>
                                    <r2:Text>-  Initiate experiments to generate a baseline dataset for biomarker sensitivity response in in vitro models.
-  Develop experiments to generate a baseline dataset for biomarker sensitivity response in animal models.</r2:Text>
                                </r2:CurrentYear>
                                <r2:AppChangeSummary>The FY 2026 decrease reflects the transfer of the program from this PE/Project to PE 0601122E, Project EMR-04.</r2:AppChangeSummary>
                            </r2:PlannedProgram>
                        </r2:AccomplishmentPlannedProgram>
                        <r2:AccomplishmentPlannedProgram>
                            <r2:Title>Assessing Immune Memory (AIM)</r2:Title>
                            <r2:Description>Warfighter defense against pathogens is reliant on multiple vaccinations administered repeatedly to maintain effective protection. The Assessing Immune Memory (AIM) program sought to increase the longevity of infectious disease protection in warfighters by establishing tools that can be employed in new prophylactic development pipelines. Specifically, this program progressed our understanding of critical host factors and immune responses that lead to durable protection following vaccination. This work served to de-risk the future development of research and evaluation (R&amp;E) tools capable of predicting candidate vaccine durability. Advances made during this program will inform future DoD efforts to ensure broader and consistent immunity in field-forward domains.</r2:Description>
                            <r2:Accomplishment>
                                <r2:PriorYear>
                                    <r2:Funding>12.178</r2:Funding>
                                    <r2:Text>-  Collected molecular profiles at early and late timepoints following vaccine challenge in relevant biological models.
-  Defined cell and molecular features of vaccine responses that provide observably long immune protection.
-  Performed single cell molecular analyses to categorize cell-type identifiers that contribute to immune memory.
-  Integrated data to develop a roadmap for immune memory.</r2:Text>
                                </r2:PriorYear>
                            </r2:Accomplishment>
                        </r2:AccomplishmentPlannedProgram>
                        <r2:AccomplishmentPlannedProgram>
                            <r2:Title>Improved Interventions</r2:Title>
                            <r2:Description>The Improved Interventions program sought to develop novel pharmacological interventions that optimize the performance of the healthy warfighter and improve treatment of the injured warfighter. The status quo for pharmacological intervention is one drug, one target, which often has many undesirable side effects. This program created a platform for the development of pharmacological interventions with reduced side effects and increased safety. Therapeutics and countermeasures designed with this platform act by engaging multiple targets within biological systems of the body. Research within this program focused on the integration of novel bioinformatics approaches and chemical synthesis methods in order to achieve desired physiological effects with no negative side effects. This program established new pharmacological discovery and design principles that lead to safe and effective interventions for the treatment of battlefield causalities.</r2:Description>
                            <r2:Accomplishment>
                                <r2:PriorYear>
                                    <r2:Funding>6.932</r2:Funding>
                                    <r2:Text>-  Demonstrated that optimized novel multi-target drugs have greater efficacy than standard of care.
-  Determined therapeutic index (i.e., ratio of toxic dose/effective dose) of the novel multi-target drug.
-  Characterized pharmacokinetic properties of the novel multi-target drugs.
-  Began Investigational New Drug (IND)-enabling preclinical studies for pharmacology and toxicology.</r2:Text>
                                </r2:PriorYear>
                            </r2:Accomplishment>
                        </r2:AccomplishmentPlannedProgram>
                    </r2:AccomplishmentPlannedProgramList>
                </r2:R2aExhibit>
            </r2:Project>
        </r2:ProjectList>
    </r2:ProgramElement>
</r2:ProgramElementList>