<?xml version="1.0" encoding="UTF-8"?>
<r2:ProgramElementList xmlns:r2="http://www.dtic.mil/comptroller/xml/schema/022009/r2" targetSchemaVersion="1.0">
    <r2:ProgramElement monetaryUnit="Millions">
        <r2:ProgramElementNumber>0602026E</r2:ProgramElementNumber>
        <r2:ProgramElementTitle>EFFECTS</r2:ProgramElementTitle>
        <r2:R1LineNumber>14</r2:R1LineNumber>
        <r2:BudgetYear>2026</r2:BudgetYear>
        <r2:BudgetCycle>PB</r2:BudgetCycle>
        <r2:SubmissionDate>2025-06</r2:SubmissionDate>
        <r2:ServiceAgencyName>Defense Advanced Research Projects Agency</r2:ServiceAgencyName>
        <r2:AppropriationCode>0400</r2:AppropriationCode>
        <r2:AppropriationName>Research, Development, Test &amp; Evaluation, Defense-Wide</r2:AppropriationName>
        <r2:BudgetActivityNumber>2</r2:BudgetActivityNumber>
        <r2:BudgetActivityTitle>Applied Research</r2:BudgetActivityTitle>
        <r2:ProgramElementFunding>
            <r2:AllPriorYears>0.000</r2:AllPriorYears>
            <r2:PriorYear>0.000</r2:PriorYear>
            <r2:CurrentYear>0.000</r2:CurrentYear>
            <r2:BudgetYearOne>20.275</r2:BudgetYearOne>
            <r2:BudgetYearOneBase>20.275</r2:BudgetYearOneBase>
        </r2:ProgramElementFunding>
        <r2:ProgramElementMissionDescription>The efforts described in this Program Element (PE) address the Applied Research associated with the examination and evaluation of emerging technologies and system concepts that employ either physical or non-physical means to degrade or deny targeted adversary capabilities. This PE also supports innovation and robust transition planning in the technology cycle by working with entrepreneurs to increase the likelihood that DARPA funded technologies take root in the U.S. and provide new capabilities for national defense.

The Effects project will examine and evaluate emerging technologies and system concepts that employ physical or non-physical means to degrade or deny targeted adversary capabilities. The feasibility of achieving potential improvements, in terms of resources, schedule, and technological risk, is also evaluated. The results from these studies and initiatives are used, in part, to formulate future prototype development programs or refocus ongoing work. Topics for this thrust include: methods of defeating enemy anti-aircraft attacks; munition technologies to increase precision, range, endurance, and hard or soft-kill weapons for a variety of mission sets; digital design methodologies that are compatible with surged production.

The Effects Support project contains non-headquarters management costs in support of DARPA functions and activities across the entire Effects PE. These costs include: DARPA classified and unclassified network support and equipment; contractor support; classified program security; building security; commercial transition services that increase the likelihood that DARPA-funded technologies remain in the U.S. and provide new capabilities for national defense; DARPA outreach to universities and industry; external contracting, financial and support fees; Program Manager Intragovernmental Personnel Act (IPA) Funding; Program Managers from other Government Agencies; and similar operating expenses. Agency support is allocated on a pro-rata basis across the Agency's BA1, BA2 and BA3 PEs and, therefore, fluctuates per PE by fiscal year based on the total Agency budget in that fiscal year.

Prior to FY 2026, efforts in this PE were funded in PE 0602716E, Electronics Technology.</r2:ProgramElementMissionDescription>
        <r2:ChangeSummary>
            <r2:PreviousPresidentBudget>
                <r2:PriorYear>0.000</r2:PriorYear>
                <r2:CurrentYear>0.000</r2:CurrentYear>
                <r2:BudgetYearOne>0.000</r2:BudgetYearOne>
                <r2:BudgetYearOneBase>0.000</r2:BudgetYearOneBase>
            </r2:PreviousPresidentBudget>
            <r2:CurrentPresidentBudget>
                <r2:PriorYear>0.000</r2:PriorYear>
                <r2:CurrentYear>0.000</r2:CurrentYear>
                <r2:BudgetYearOne>20.275</r2:BudgetYearOne>
                <r2:BudgetYearOneBase>20.275</r2:BudgetYearOneBase>
            </r2:CurrentPresidentBudget>
            <r2:TotalAdjustments>
                <r2:PriorYear>0.000</r2:PriorYear>
                <r2:CurrentYear>0.000</r2:CurrentYear>
                <r2:BudgetYearOne>20.275</r2:BudgetYearOne>
                <r2:BudgetYearOneBase>20.275</r2:BudgetYearOneBase>
            </r2:TotalAdjustments>
            <r2:AdjustmentDetails>
                <r2:CongressionalGeneralReductions>
                    <r2:PriorYear>0.000</r2:PriorYear>
                    <r2:CurrentYear>0.000</r2:CurrentYear>
                </r2:CongressionalGeneralReductions>
                <r2:CongressionalDirectedReductions>
                    <r2:PriorYear>0.000</r2:PriorYear>
                    <r2:CurrentYear>0.000</r2:CurrentYear>
                </r2:CongressionalDirectedReductions>
                <r2:CongressionalRescissions>
                    <r2:PriorYear>0.000</r2:PriorYear>
                    <r2:CurrentYear>0.000</r2:CurrentYear>
                </r2:CongressionalRescissions>
                <r2:CongressionalAdds>
                    <r2:PriorYear>0.000</r2:PriorYear>
                    <r2:CurrentYear>0.000</r2:CurrentYear>
                </r2:CongressionalAdds>
                <r2:CongressionalDirectedTransfers>
                    <r2:PriorYear>0.000</r2:PriorYear>
                    <r2:CurrentYear>0.000</r2:CurrentYear>
                </r2:CongressionalDirectedTransfers>
                <r2:Reprogrammings>
                    <r2:PriorYear>0.000</r2:PriorYear>
                    <r2:CurrentYear>0.000</r2:CurrentYear>
                </r2:Reprogrammings>
                <r2:SBIRSTTRTransfer>
                    <r2:PriorYear>0.000</r2:PriorYear>
                    <r2:CurrentYear>0.000</r2:CurrentYear>
                </r2:SBIRSTTRTransfer>
                <r2:OtherAdjustmentDetailList>
                    <r2:OtherAdjustmentDetail>
                        <r2:Title>TotalOtherAdjustments</r2:Title>
                        <r2:Funding>
                            <r2:BudgetYearOne>20.275</r2:BudgetYearOne>
                            <r2:BudgetYearOneBase>20.275</r2:BudgetYearOneBase>
                        </r2:Funding>
                    </r2:OtherAdjustmentDetail>
                </r2:OtherAdjustmentDetailList>
            </r2:AdjustmentDetails>
            <r2:SummaryExplanation>FY 2024:  N/A
FY 2025:  N/A
FY 2026:  Increase reflects the transfer of general studies and program support funding, and the Humbolt and Sync efforts, from PE 0602716E, Electronics Technology to this PE beginning in FY 2026.</r2:SummaryExplanation>
        </r2:ChangeSummary>
        <r2:ProjectList>
            <r2:Project>
                <r2:ProjectNumber>EFF-01</r2:ProjectNumber>
                <r2:ProjectTitle>EFFECTS</r2:ProjectTitle>
                <r2:SpecialProject>0</r2:SpecialProject>
                <r2:ProjectFunding>
                    <r2:AllPriorYears>0.000</r2:AllPriorYears>
                    <r2:PriorYear>0.000</r2:PriorYear>
                    <r2:CurrentYear>0.000</r2:CurrentYear>
                    <r2:BudgetYearOne>19.143</r2:BudgetYearOne>
                    <r2:BudgetYearOneBase>19.143</r2:BudgetYearOneBase>
                </r2:ProjectFunding>
                <r2:R2aExhibit>
                    <r2:ProjectMissionDescription>The Effects project will examine and evaluate emerging technologies and system concepts that employ physical or non-physical means to degrade or deny targeted adversary capabilities. The feasibility of achieving potential improvements, in terms of resources, schedule, and technological risk, is also evaluated. The results from these studies and initiatives are used, in part, to formulate future prototype development programs or refocus ongoing work. Topics for this thrust include: methods of defeating enemy anti-aircraft attacks; munition technologies to increase precision, range, endurance, and hard or soft-kill weapons for a variety of mission sets; digital design methodologies that are compatible with surged production.

Prior to FY 2026, efforts in this Project were funded in PE 0602716E, Project ELT-01.</r2:ProjectMissionDescription>
                    <r2:AccomplishmentPlannedProgramList>
                        <r2:AccomplishmentPlannedProgram>
                            <r2:Title>Humboldt</r2:Title>
                            <r2:Description>The Humboldt program seeks to develop directed energy (DE) devices to produce disruptive effects in electronic systems. The devices have potential for dual-use as sources to characterize the susceptibility of commercial electronics to electromagnetic interference (EMI).

Prior to FY 2026, this program was funded in PE 0602716E, Project ELT-01.</r2:Description>
                            <r2:PlannedProgram>
                                <r2:BudgetYearOne>
                                    <r2:Funding>8.500</r2:Funding>
                                </r2:BudgetYearOne>
                                <r2:BudgetYearOneBase>
                                    <r2:Funding>8.500</r2:Funding>
                                    <r2:Text>-  Develop a range of application-specific antennas.
-  Experimentally characterize Humboldt devices integrated with antennas in relevant, simulated environments.</r2:Text>
                                </r2:BudgetYearOneBase>
                                <r2:AppChangeSummary>The FY 2026 increase reflects the transfer of the program from PE 0602716E, Project ELT-01 to this PE/Project.</r2:AppChangeSummary>
                            </r2:PlannedProgram>
                        </r2:AccomplishmentPlannedProgram>
                        <r2:AccomplishmentPlannedProgram>
                            <r2:Title>Sync</r2:Title>
                            <r2:Description>The Sync program will create systems to defend against uncrewed underwater vehicles (UUVs) entering U.S. harbors and ports.  Sync is based on technologies developed in the Mobile Force Protection (MFP) program (budgeted in PE 0602702E, Project TT-04).  Today's counter-UUV approaches rely on complex detection and localization methods to find the UUV prior to engagement.  The Sync program will look at orthogonal approaches to solving this problem to defeat the UUV prior to detection.  Sync will investigate several different approaches to defeat the UUV, starting with modeling and simulation eventually moving to hardware in the loop and pool testing.

Prior to FY 2026, this program was funded in PE 0602716E, Project ELT-01.</r2:Description>
                            <r2:PlannedProgram>
                                <r2:BudgetYearOne>
                                    <r2:Funding>4.840</r2:Funding>
                                </r2:BudgetYearOne>
                                <r2:BudgetYearOneBase>
                                    <r2:Funding>4.840</r2:Funding>
                                    <r2:Text>-  Demonstrate techniques on a UUV in laboratory environment in pool demonstration.
-  Demonstrate techniques on additional UUVs in simulation.</r2:Text>
                                </r2:BudgetYearOneBase>
                                <r2:AppChangeSummary>The FY 2026 increase reflects the transfer of the program from PE 0602716E, Project ELT-01 to this PE/Project.</r2:AppChangeSummary>
                            </r2:PlannedProgram>
                        </r2:AccomplishmentPlannedProgram>
                        <r2:AccomplishmentPlannedProgram>
                            <r2:Title>Effects Studies and Concepts</r2:Title>
                            <r2:Description>The Effects Studies and Concepts examines emerging technologies and system concepts that employ either physical or non-physical means to degrade or deny targeted adversary capabilities. Topics under investigation include high pulsed power laser systems and design methodologies for effects-based technologies. The results from these studies and initiatives are used to formulate future programs.</r2:Description>
                            <r2:PlannedProgram>
                                <r2:BudgetYearOne>
                                    <r2:Funding>5.803</r2:Funding>
                                </r2:BudgetYearOne>
                                <r2:BudgetYearOneBase>
                                    <r2:Funding>5.803</r2:Funding>
                                    <r2:Text>-  Evaluate design of high pulsed power laser systems to be used for non-kinetic effects.
-  Investigate digital design methodologies for effects-based technologies.</r2:Text>
                                </r2:BudgetYearOneBase>
                                <r2:AppChangeSummary>The FY 2026 increase reflects studies and concepts initiations.</r2:AppChangeSummary>
                            </r2:PlannedProgram>
                        </r2:AccomplishmentPlannedProgram>
                    </r2:AccomplishmentPlannedProgramList>
                    <r2:AcquisitionStrategy>N/A</r2:AcquisitionStrategy>
                </r2:R2aExhibit>
            </r2:Project>
            <r2:Project>
                <r2:ProjectNumber>EFF-07</r2:ProjectNumber>
                <r2:ProjectTitle>EFFECTS SUPPORT</r2:ProjectTitle>
                <r2:SpecialProject>1</r2:SpecialProject>
                <r2:ProjectFunding>
                    <r2:AllPriorYears>0.000</r2:AllPriorYears>
                    <r2:PriorYear>0.000</r2:PriorYear>
                    <r2:CurrentYear>0.000</r2:CurrentYear>
                    <r2:BudgetYearOne>1.132</r2:BudgetYearOne>
                    <r2:BudgetYearOneBase>1.132</r2:BudgetYearOneBase>
                </r2:ProjectFunding>
                <r2:R2aExhibit>
                    <r2:ProjectMissionDescription>The Effects Support project contains non-headquarters management costs in support of DARPA functions and activities across the entire Effects PE. These costs include: DARPA classified and unclassified network support and equipment; contractor support; classified program security; building security; commercial transition services that increase the likelihood that DARPA-funded technologies remain in the U.S. and provide new capabilities for national defense; DARPA outreach to universities and industry; external contracting, financial and support fees; Program Manager Intragovernmental Personnel Act (IPA) Funding; Program Managers from other Government Agencies; and similar operating expenses. Agency support is allocated on a pro-rata basis across the Agency's BA1, BA2 and BA3 PEs and, therefore, fluctuates per PE by fiscal year based on the total Agency budget in that fiscal year.

Prior to FY 2026, support requirements in this Project were funded in PE 0602716E, Project ELT-01.</r2:ProjectMissionDescription>
                </r2:R2aExhibit>
            </r2:Project>
        </r2:ProjectList>
    </r2:ProgramElement>
</r2:ProgramElementList>