<?xml version="1.0" encoding="UTF-8"?>
<r2:ProgramElementList xmlns:r2="http://www.dtic.mil/comptroller/xml/schema/022009/r2" targetSchemaVersion="1.0">
    <r2:ProgramElement monetaryUnit="Millions" format="R2Long">
        <r2:ProgramElementNumber>0603286E</r2:ProgramElementNumber>
        <r2:ProgramElementTitle>ADVANCED AEROSPACE SYSTEMS</r2:ProgramElementTitle>
        <r2:R1LineNumber>46</r2:R1LineNumber>
        <r2:BudgetYear>2026</r2:BudgetYear>
        <r2:BudgetCycle>PB</r2:BudgetCycle>
        <r2:SubmissionDate>2025-06</r2:SubmissionDate>
        <r2:ServiceAgencyName>Defense Advanced Research Projects Agency</r2:ServiceAgencyName>
        <r2:AppropriationCode>0400</r2:AppropriationCode>
        <r2:AppropriationName>Research, Development, Test &amp; Evaluation, Defense-Wide</r2:AppropriationName>
        <r2:BudgetActivityNumber>3</r2:BudgetActivityNumber>
        <r2:BudgetActivityTitle>Advanced Technology Development (ATD)</r2:BudgetActivityTitle>
        <r2:ProgramElementFunding>
            <r2:AllPriorYears>0.000</r2:AllPriorYears>
            <r2:PriorYear>239.289</r2:PriorYear>
            <r2:CurrentYear>252.018</r2:CurrentYear>
            <r2:BudgetYearOne>0.000</r2:BudgetYearOne>
            <r2:BudgetYearOneBase>0.000</r2:BudgetYearOneBase>
        </r2:ProgramElementFunding>
        <r2:ChangeSummary>
            <r2:PreviousPresidentBudget>
                <r2:PriorYear>331.753</r2:PriorYear>
                <r2:CurrentYear>269.700</r2:CurrentYear>
                <r2:BudgetYearOne>302.244</r2:BudgetYearOne>
                <r2:BudgetYearOneBase>302.244</r2:BudgetYearOneBase>
            </r2:PreviousPresidentBudget>
            <r2:CurrentPresidentBudget>
                <r2:PriorYear>239.289</r2:PriorYear>
                <r2:CurrentYear>252.018</r2:CurrentYear>
                <r2:BudgetYearOne>0.000</r2:BudgetYearOne>
                <r2:BudgetYearOneBase>0.000</r2:BudgetYearOneBase>
            </r2:CurrentPresidentBudget>
            <r2:TotalAdjustments>
                <r2:PriorYear>-92.464</r2:PriorYear>
                <r2:CurrentYear>-17.682</r2:CurrentYear>
                <r2:BudgetYearOne>-302.244</r2:BudgetYearOne>
                <r2:BudgetYearOneBase>-302.244</r2:BudgetYearOneBase>
            </r2:TotalAdjustments>
            <r2:AdjustmentDetails>
                <r2:CongressionalGeneralReductions>
                    <r2:PriorYear>-107.810</r2:PriorYear>
                    <r2:CurrentYear>-17.682</r2:CurrentYear>
                </r2:CongressionalGeneralReductions>
                <r2:CongressionalDirectedReductions>
                    <r2:PriorYear>0.000</r2:PriorYear>
                    <r2:CurrentYear>0.000</r2:CurrentYear>
                </r2:CongressionalDirectedReductions>
                <r2:CongressionalRescissions>
                    <r2:PriorYear>0.000</r2:PriorYear>
                    <r2:CurrentYear>0.000</r2:CurrentYear>
                </r2:CongressionalRescissions>
                <r2:CongressionalAdds>
                    <r2:PriorYear>10.000</r2:PriorYear>
                    <r2:CurrentYear>0.000</r2:CurrentYear>
                </r2:CongressionalAdds>
                <r2:CongressionalDirectedTransfers>
                    <r2:PriorYear>0.000</r2:PriorYear>
                    <r2:CurrentYear>0.000</r2:CurrentYear>
                </r2:CongressionalDirectedTransfers>
                <r2:Reprogrammings>
                    <r2:PriorYear>12.898</r2:PriorYear>
                    <r2:CurrentYear>0.000</r2:CurrentYear>
                </r2:Reprogrammings>
                <r2:SBIRSTTRTransfer>
                    <r2:PriorYear>-7.552</r2:PriorYear>
                    <r2:CurrentYear>0.000</r2:CurrentYear>
                </r2:SBIRSTTRTransfer>
                <r2:OtherAdjustmentDetailList>
                    <r2:OtherAdjustmentDetail>
                        <r2:Title>TotalOtherAdjustments</r2:Title>
                        <r2:Funding>
                            <r2:BudgetYearOne>-302.244</r2:BudgetYearOne>
                            <r2:BudgetYearOneBase>-302.244</r2:BudgetYearOneBase>
                        </r2:Funding>
                    </r2:OtherAdjustmentDetail>
                </r2:OtherAdjustmentDetailList>
            </r2:AdjustmentDetails>
            <r2:SummaryExplanation>FY 2024:  Decrease reflects Congressional general reductions and SBIR/STTR transfer offset by a Congressional add for the Artificial Intelligence (AI) Reinforcements (AIR) program and reprogrammings.
FY 2025:  Decrease reflects Congressional general reduction for an execution adjustment.
FY 2026:  Decrease reflects transfer of efforts from this PE to PE 0603468E, Advanced Complex Systems beginning in FY 2026.</r2:SummaryExplanation>
        </r2:ChangeSummary>
        <r2:ProjectList>
            <r2:Project>
                <r2:ProjectNumber>AIR-01</r2:ProjectNumber>
                <r2:ProjectTitle>ADVANCED AEROSPACE SYSTEMS</r2:ProjectTitle>
                <r2:SpecialProject>0</r2:SpecialProject>
                <r2:ProjectFunding>
                    <r2:AllPriorYears>0.000</r2:AllPriorYears>
                    <r2:PriorYear>239.289</r2:PriorYear>
                    <r2:CurrentYear>252.018</r2:CurrentYear>
                    <r2:BudgetYearOne>0.000</r2:BudgetYearOne>
                    <r2:BudgetYearOneBase>0.000</r2:BudgetYearOneBase>
                </r2:ProjectFunding>
                <r2:R2aExhibit>
                    <r2:ProjectMissionDescription>The efforts described in this Program Element (PE) address the Advanced Technology Development associated with the Advanced Aerospace Systems Program that is focused on exploiting high pay-off opportunities to provide revolutionary new system capabilities, as opposed to incremental or evolutionary advancements, in order to achieve undeterrable air presence at dramatically reduced costs.  Rapid prototyping and experimentation of integrated system concepts, as well as enabling vehicle subsystems will be conducted.  Programs will explore new architectural concepts that employ a mix of weapon technologies that achieve lethality through a combination of overwhelming performance and overwhelming numbers rather than through the use of singular and costly high value assets.  Studies conducted under this program element include examination and evaluation of emerging aerospace threats, technologies, concepts, use of autonomy to minimize risk, and applications for missiles, munitions, and vehicle systems.

Beginning in FY 2026, efforts in this PE will be funded in PE 0603468E, Advanced Complex Systems.</r2:ProjectMissionDescription>
                    <r2:CongressionalAddDetailList>
                        <r2:CongressionalAddDetail>
                            <r2:Title>Artificial Intelligence (AI) Reinforcements (AIR) - Congressional Add</r2:Title>
                            <r2:PriorYear>
                                <r2:Funding>10.000</r2:Funding>
                                <r2:Text>-  F-16 testbed modifications and simulation framework development for machine learning.
-  High-speed automated testing and artificial intelligence (AI) agent training utilizing High-Performance Computing (HPC) and networking.</r2:Text>
                            </r2:PriorYear>
                        </r2:CongressionalAddDetail>
                    </r2:CongressionalAddDetailList>
                    <r2:AccomplishmentPlannedProgramList>
                        <r2:AccomplishmentPlannedProgram>
                            <r2:Title>LongShot</r2:Title>
                            <r2:Description>The LongShot program is developing and flight demonstrating an air-launched system capable of engaging multiple adversary targets from standoff ranges using existing air-to-air missiles.  LongShot will be deployed either externally from existing fighters or internally from existing bombers.  This system will capitalize on a slower speed, fuel-efficient air vehicle for ingress, while retaining highly energetic air-to-air missiles for end-game target engagements, which provides several key benefits that increase weapon effectiveness.  This program will address the stability and control challenges of launching air-to-air missiles from a relatively small uninhabited system in an operational environment.  Potential transition partners include the Navy and Air Force.

Beginning in FY 2026, this program will be funded in PE 0603468E, Project ACX-01.</r2:Description>
                            <r2:Accomplishment>
                                <r2:PriorYear>
                                    <r2:Funding>45.527</r2:Funding>
                                    <r2:Text>-  Completed detailed design of full vehicle including all subsystems, began fabricating the initial  test vehicles and began integration analysis and fit checks onto the host aircraft.
-  Conducted subscale wind-tunnel campaign verifying final design aerodynamic parameters.
-  Conducted subsystem and safety recovery system verification testing.
-  Conducted weapon integration and ground testing.
-  Conducted fabrication, integration, testing, and checkout of test vehicles.</r2:Text>
                                </r2:PriorYear>
                            </r2:Accomplishment>
                            <r2:PlannedProgram>
                                <r2:CurrentYear>
                                    <r2:Funding>54.166</r2:Funding>
                                    <r2:Text>-  Complete fabrication and checkout of wind tunnel ground test vehicle and continue fabrication of flight test vehicles.
-  Conduct full-scale wind-tunnel test to exercise critical mechanisms and subsystems, gather structural dynamics data, gather unsteady aerodynamic data, and derive scaling corrections for transonic aero data.
-  Conduct detailed propulsion system integration testing.
-  Conduct software integration testing.
-  Continue airworthiness certification and host aircraft integration.		
-  Conduct pit drop testing of missile mass simulant from LongShot ground test vehicle.</r2:Text>
                                </r2:CurrentYear>
                                <r2:AppChangeSummary>The FY 2026 decrease reflects the transfer of the program from this PE/Project to PE 0603468E, Project ACX-01.</r2:AppChangeSummary>
                            </r2:PlannedProgram>
                        </r2:AccomplishmentPlannedProgram>
                        <r2:AccomplishmentPlannedProgram>
                            <r2:Title>SPeed and Runway INdependent Technologies (SPRINT) X-Plane Demonstration Project</r2:Title>
                            <r2:Description>The SPeed and Runway INdependent Technologies (SPRINT) X-Plane Demonstration Project will develop and demonstrate the fundamental technologies needed for combined high speed and vertical take-off and landing (VTOL) capabilities in a single aircraft. This program culminates in the fabrication and flight test of a demonstrator that validates the critical technologies in a representative environment and reduces technical, schedule, and cost risk for a follow-on operational system. High speed VTOL aircraft are highly desired in a variety of military missions such as infiltration/exfiltration, contested personnel recovery, troop transport, logistics support, and armed escort; however, the thresholds for speed and range have evolved with military strategy and mission needs. The SPRINT Demonstrator is envisioned to transition to a DoD component for further risk reduction flight testing.

Beginning in FY 2026, this program will be funded in PE 0603468E, Project ACX-01.</r2:Description>
                            <r2:Accomplishment>
                                <r2:PriorYear>
                                    <r2:Funding>13.024</r2:Funding>
                                    <r2:Text>-  Conducted design and analysis activities leading to Conceptual Design Review (CoDR) for multiple concepts.
-  Initiated preliminary design and analysis activities.
-  Initiated simulations, component testing, subsystem testing, manufacturing planning, and flight test planning.</r2:Text>
                                </r2:PriorYear>
                            </r2:Accomplishment>
                            <r2:PlannedProgram>
                                <r2:CurrentYear>
                                    <r2:Funding>41.998</r2:Funding>
                                    <r2:Text>-  Continue simulations, component testing, subsystem testing, manufacturing planning, and flight test planning.
-  Conduct design and analysis activities leading to Preliminary Design Review (PDR).
-  Conduct air system ground tests, simulations, and analysis.
-  Initiate limited detailed design and critical design activities.</r2:Text>
                                </r2:CurrentYear>
                                <r2:AppChangeSummary>The FY 2026 decrease reflects the transfer of the program from this PE/Project to PE 0603468E, Project ACX-01.</r2:AppChangeSummary>
                            </r2:PlannedProgram>
                        </r2:AccomplishmentPlannedProgram>
                        <r2:AccomplishmentPlannedProgram>
                            <r2:Title>Artificial Intelligence (AI) Reinforcements (AIR)</r2:Title>
                            <r2:Description>AI Reinforcements (AIR) will develop and demonstrate dominant tactical autonomy for multi-ship, beyond visual range (BVR), real-world air combat missions.  This program is focused on developing highly accurate models that are orders of magnitude faster than the present state-of-the-art and then using those models to unlock novel and robust AI-driven autonomy approaches.  An operations-centric development approach will be enabled through the use of human-on-the-loop F-16 testbeds.  On piloted platforms, AIR's algorithms will automate tactical control tasks transforming junior pilots from low-level tacticians into high-level mission commanders.  For unpiloted platforms, AIR will enable vehicles to perform missions with minimal human oversight.  The outcome of this program will be an AI air combat capability that works in dynamic, operationally representative environments.  The transition partner is the U.S. Air Force.

Beginning in FY 2026, this program will be funded in PE 0603468E, Project ACX-01.</r2:Description>
                            <r2:Accomplishment>
                                <r2:PriorYear>
                                    <r2:Funding>28.721</r2:Funding>
                                    <r2:Text>-  Evaluated current sensor and aircraft models and the ability to use them in high-speed simulation.
-  Established pipelines to incorporate feedback from flight test data into underlying Modeling and Simulation (M&amp;S) tools.
-  Developed AI algorithms that will work on testbed aircraft.
-  Established framework for M&amp;S, automated testing, analysis, and simulated BVR combat of multiple AI vendor systems.</r2:Text>
                                </r2:PriorYear>
                            </r2:Accomplishment>
                            <r2:PlannedProgram>
                                <r2:CurrentYear>
                                    <r2:Funding>35.000</r2:Funding>
                                    <r2:Text>-  Initiate Incorporation of F-16 testbeds into the AIR integration and testing pipeline and iterate development through testing.
-  Demonstrate modeling approaches that are significantly faster than baseline references.
-  Verify performance in Offensive Counter Air (OCA) and Defensive Counter Air (DCA) mission sets.</r2:Text>
                                </r2:CurrentYear>
                                <r2:AppChangeSummary>The FY 2026 decrease reflects the transfer of the program from this PE/Project to PE 0603468E, Project ACX-01.</r2:AppChangeSummary>
                            </r2:PlannedProgram>
                        </r2:AccomplishmentPlannedProgram>
                        <r2:AccomplishmentPlannedProgram>
                            <r2:Title>Control of Revolutionary Aircraft with Novel Effectors (CRANE)</r2:Title>
                            <r2:Description>The Control of Revolutionary Aircraft with Novel Effectors (CRANE) program will develop and demonstrate revolutionary improvements in aircraft controls technology.  The program will design, build, and flight test an aircraft able to fly and maneuver at altitude relying on state-of-the-art Active Flow Control (AFC) technology.  AFC is a broad term that encompasses a range of technology approaches; it includes a number of control mechanisms which alter the aerodynamic flow field thru ejection or suction of fluid via an orifice on a lifting body.  An emphasis of the program is on assessing AFC component technologies, risk reduction and experimentation, integrated testing, fabrication and demonstration of a relevant scale novel and innovative aircraft.  Technologies, design tools and models developed and demonstrated under this program will be made available to all Services as well as the civilian aerospace sector for application to future air systems development.

Beginning in FY 2026, this program will be funded in PE 0603468E, Project ACX-01.</r2:Description>
                            <r2:Accomplishment>
                                <r2:PriorYear>
                                    <r2:Funding>38.264</r2:Funding>
                                    <r2:Text>-  Completed the system Critical Design Review (CDR).
-  Initiated fabrication and subsystem integration of a demonstration aircraft.
-  Initiated airworthiness and ground/flight test approvals.
-  Initiated bench tests of major subsystems of the demonstration aircraft.</r2:Text>
                                </r2:PriorYear>
                            </r2:Accomplishment>
                            <r2:PlannedProgram>
                                <r2:CurrentYear>
                                    <r2:Funding>23.893</r2:Funding>
                                    <r2:Text>-  Complete airworthiness and flight test approvals.
-  Initiate and complete ground testing of the integrated demonstration aircraft.
-  Initiate and complete flight testing of the demonstration aircraft.</r2:Text>
                                </r2:CurrentYear>
                                <r2:AppChangeSummary>The FY 2026 decrease reflects the transfer of the program from this PE/Project to PE 0603468E, Project ACX-01.</r2:AppChangeSummary>
                            </r2:PlannedProgram>
                        </r2:AccomplishmentPlannedProgram>
                        <r2:AccomplishmentPlannedProgram>
                            <r2:Title>More Opportunities with HAWC (MoHAWC)</r2:Title>
                            <r2:Description>MoHAWC will develop, integrate, and demonstrate technologies to increase effectiveness and producibility of an air-launched hypersonic cruise missile.  These technologies include advancing hydrocarbon scramjet-powered propulsion operation, upgrading aircraft integration algorithms, and improving manufacturing approaches.  Flight tests will expand the operational envelope.  This program collaborates with Navy and Air Force science and technologies efforts to meet future technology insertion dates for service programs of record.  This program builds off the demonstrator system design, technology advances and lessons learned under the Hypersonic Airbreathing Weapon Concept (HAWC) and supporting technology maturation programs.

Beginning in FY 2026, this program will be funded in PE 0603468E, Project ACX-01.</r2:Description>
                            <r2:Accomplishment>
                                <r2:PriorYear>
                                    <r2:Funding>30.000</r2:Funding>
                                    <r2:Text>- Completed subsystem technology risk reduction efforts.
- Completed assembly, integration, and ground testing of multiple flight test systems.
- Completed multiple flight tests.
- Completed flight test data analysis.</r2:Text>
                                </r2:PriorYear>
                            </r2:Accomplishment>
                        </r2:AccomplishmentPlannedProgram>
                        <r2:AccomplishmentPlannedProgram>
                            <r2:Title>Liberty Lifter</r2:Title>
                            <r2:Description>The Liberty Lifter program will design and demonstrate a runway-independent, large-payload, survivable, dual-flight regime aircraft capable of extended on-water operations and flight both in and out of ground effect. Critical to an effective aircraft of this type is a robust sea plane capability to operate in high sea states as well as an innovative manufacturing approach that dramatically reduces vehicle acquisition costs. The vehicle is anticipated to be survivable against peer threats due to the combination of extremely low altitude operations and speeds significantly higher than ships. The ability to deploy amphibious cargo while on the water will minimize exposure time and enable a wide variety of mission capabilities in the maritime domain including rapid contested logistics support, and search and rescue. The Liberty Lifter program is envisioned to deliver a technology demonstrator with potential to transition to military service partners for continued testing and development activities.  The demonstrator is expected to be approximately 80% size and 50% maximum gross takeoff weight of a future Liberty Lifter objective system.</r2:Description>
                            <r2:Accomplishment>
                                <r2:PriorYear>
                                    <r2:Funding>27.598</r2:Funding>
                                    <r2:Text>-  Completed design changes reflecting the program refocus on a technology demonstrator.
-  Continued extensive risk reduction analysis, modeling and simulation, and test activities to inform demonstrator preliminary design.
-  Scoped and started acquisition of initial long-lead items for demonstrator production.</r2:Text>
                                </r2:PriorYear>
                            </r2:Accomplishment>
                            <r2:PlannedProgram>
                                <r2:CurrentYear>
                                    <r2:Funding>45.708</r2:Funding>
                                    <r2:Text>-  Complete manufacturing plan review for demonstrator.
-  Conduct demonstrator subcomponent testing.
-  Finalize technical data package for use in future efforts to maximize downstream impact of completed research and fulfil obligations to subcontractors.
-  Finalize disposition of testing articles and other physical materials.</r2:Text>
                                </r2:CurrentYear>
                                <r2:AppChangeSummary>The FY 2026 decrease reflects program completion.</r2:AppChangeSummary>
                            </r2:PlannedProgram>
                        </r2:AccomplishmentPlannedProgram>
                        <r2:AccomplishmentPlannedProgram>
                            <r2:Title>AdvaNced airCraft Infrastructure-Less Launch And RecoverY (ANCILLARY)</r2:Title>
                            <r2:Description>The AdvaNced airCraft Infrastructure-Less Launch And RecoverY (ANCILLARY) program will develop and flight demonstrate an X-plane with the critical technologies required for a leap-ahead in long endurance, vertical takeoff and landing (VTOL) unmanned air system (UAS) performance.  The UAS will be able to launch and recover from small ship flight decks and austere land locations in adverse weather without additional infrastructure equipment, thus enabling expeditionary deployments.</r2:Description>
                            <r2:Accomplishment>
                                <r2:PriorYear>
                                    <r2:Funding>18.704</r2:Funding>
                                    <r2:Text>-  Completed Conceptual Design Reviews of nine concepts.
-  Conducted initial preliminary design of six concepts and associated risk reduction analyses and tests.</r2:Text>
                                </r2:PriorYear>
                            </r2:Accomplishment>
                            <r2:PlannedProgram>
                                <r2:CurrentYear>
                                    <r2:Funding>32.061</r2:Funding>
                                    <r2:Text>-  Complete preliminary design of six concepts and associated risk reduction analyses and tests.
-  Conduct detailed design and analysis activities for multiple concepts.
-  Manufacture, assemble, and ground test the X-plane vehicle(s).</r2:Text>
                                </r2:CurrentYear>
                                <r2:AppChangeSummary>The FY 2026 decrease reflects program completion.</r2:AppChangeSummary>
                            </r2:PlannedProgram>
                        </r2:AccomplishmentPlannedProgram>
                        <r2:AccomplishmentPlannedProgram>
                            <r2:Title>Rapid Experimental Missionized Autonomy (REMA)</r2:Title>
                            <r2:Description>Commercial-quality drones demonstrate surprising usefulness on the modern battlefield. Rapid Experimental Missionized Autonomy (REMA) will enhance commercially available and stock military drones with a subsystem to enable autonomous operation. The program, building on technologies developed under the Oversight program in PE 0602702E, Project TT-07, will focus on delivering autonomy without being tied to a specific drone design. REMA will look to develop these capabilities through rapid spirals of development. New mission functionality will be delivered through development spirals accelerating from three-month duration at program inception to one-month by program completion. Drones are either remotely piloted via radio frequency (RF) tethers or pre-programmed with relatively simple mission profiles relying on GPS waypoints. Both approaches are vulnerable to RF jamming, especially at the terminal phase of the mission. Research and Development (R&amp;D) programs have demonstrated autonomy capabilities for drones, but these have been bespoke solutions, with software spirals of nine months or longer, too slow of a response in a dynamic battlefield. The REMA program addresses specific challenge problems, during which performers will develop, collaborate, and deliver an autonomy subsystem for drones at a rapid pace.</r2:Description>
                            <r2:Accomplishment>
                                <r2:PriorYear>
                                    <r2:Funding>15.661</r2:Funding>
                                    <r2:Text>-  Developed software, integrated with other performers, test, refine, and retest REMA solution in each spiral.</r2:Text>
                                </r2:PriorYear>
                            </r2:Accomplishment>
                            <r2:PlannedProgram>
                                <r2:CurrentYear>
                                    <r2:Funding>15.578</r2:Funding>
                                    <r2:Text>-  Continue to develop software, integrate with other performers, test, refine, and retest REMA solution in each spiral.
-  Increase the rate of spiral events from 2-month durations to 1-month duration.</r2:Text>
                                </r2:CurrentYear>
                                <r2:AppChangeSummary>The FY 2026 decrease reflects program completion.</r2:AppChangeSummary>
                            </r2:PlannedProgram>
                        </r2:AccomplishmentPlannedProgram>
                        <r2:AccomplishmentPlannedProgram>
                            <r2:Title>Advanced Aerospace System Concepts</r2:Title>
                            <r2:Description>Studies conducted under this program will examine and evaluate emerging aerospace technologies and system concepts for applicability to military use.  This includes the degree and scope of potential impact and improvements to military operations, mission utility, and warfighter capability.  Studies are also conducted to analyze emerging aerospace threats along with possible methods and technologies to counter them.  The feasibility of achieving potential improvements, in terms of resources, schedule, and technological risk, is also evaluated.  The results from these studies are used, in part, to formulate future prototype development programs or refocus ongoing work.  Topics include: methods of defeating enemy anti-aircraft attacks; munition technologies to increase precision, range, endurance, and lethality of weapons for a variety of mission sets; novel launch systems; air vehicle control, power, propulsion, materials, and architectures; and payload and cargo handling systems.</r2:Description>
                            <r2:Accomplishment>
                                <r2:PriorYear>
                                    <r2:Funding>3.360</r2:Funding>
                                    <r2:Text>-  Examined and refined rocket, airbreathing, and combined air vehicle architectures, concepts of operations, and propulsion and vehicle technology.
-  Developed deeper understanding of hybrid aerodynamics and propulsion concepts to enable future technology demonstrations.</r2:Text>
                                </r2:PriorYear>
                            </r2:Accomplishment>
                            <r2:PlannedProgram>
                                <r2:CurrentYear>
                                    <r2:Funding>3.614</r2:Funding>
                                    <r2:Text>-  Perform laboratory demonstrations of technologies to enable cross-domain air dominance solutions.</r2:Text>
                                </r2:CurrentYear>
                                <r2:AppChangeSummary>The FY 2026 decrease reflects program completion.</r2:AppChangeSummary>
                            </r2:PlannedProgram>
                        </r2:AccomplishmentPlannedProgram>
                        <r2:AccomplishmentPlannedProgram>
                            <r2:Title>Glide Breaker</r2:Title>
                            <r2:Description>Glide Breaker developed supporting technologies for propulsion to support a lightweight vehicle designed for hit-to-kill engagement of hypersonic threats at very long range. Glide Breaker demonstrated a divert and attitude control system (DACS) to enable a kill vehicle capable of intercepting hypersonic threats during glide phase.</r2:Description>
                            <r2:Accomplishment>
                                <r2:PriorYear>
                                    <r2:Funding>8.430</r2:Funding>
                                    <r2:Text>-  Final testing and close-out activities related to program cancellation.</r2:Text>
                                </r2:PriorYear>
                            </r2:Accomplishment>
                        </r2:AccomplishmentPlannedProgram>
                    </r2:AccomplishmentPlannedProgramList>
                </r2:R2aExhibit>
            </r2:Project>
        </r2:ProjectList>
    </r2:ProgramElement>
</r2:ProgramElementList>