<?xml version="1.0" encoding="UTF-8"?>
<proc:LineItemList xmlns:proc="http://www.dtic.mil/comptroller/xml/schema/20100219/procurement">
    <proc:LineItem quantityUnits="Each" quantityUnitName="Each" unitCostUnits="Dollars" totalCostUnits="Millions" manufacturerRateUnits="Monthly">
        <proc:LineItemNumber>0530E15101</proc:LineItemNumber>
        <proc:LineItemTitle>Artillery Cartridges, 75MM &amp; 105MM, All Types</proc:LineItemTitle>
        <proc:P1LineNumber>16</proc:P1LineNumber>
        <proc:BudgetYear>2026</proc:BudgetYear>
        <proc:BudgetCycle>PB</proc:BudgetCycle>
        <proc:SubmissionDate>2025-06</proc:SubmissionDate>
        <proc:ServiceAgencyName>Army</proc:ServiceAgencyName>
        <proc:AppropriationNumber>2034A</proc:AppropriationNumber>
        <proc:AppropriationTitle>Procurement of Ammunition, Army</proc:AppropriationTitle>
        <proc:BudgetActivityNumber>1</proc:BudgetActivityNumber>
        <proc:BudgetActivityTitle>Ammunition</proc:BudgetActivityTitle>
        <proc:BudgetSubActivityNumber>37</proc:BudgetSubActivityNumber>
        <proc:BudgetSubActivityTitle>Artillery Ammunition</proc:BudgetSubActivityTitle>
        <proc:ResourceSummary>
            <proc:TotalCost>
                <proc:AllPriorYears>3038.374</proc:AllPriorYears>
                <proc:PriorYear>49.27</proc:PriorYear>
                <proc:CurrentYear>22.957</proc:CurrentYear>
                <proc:BudgetYearOneBase>80.78</proc:BudgetYearOneBase>
                <proc:BudgetYearOne>80.78</proc:BudgetYearOne>
            </proc:TotalCost>
            <proc:NetProcurementP1>
                <proc:AllPriorYears>3038.374</proc:AllPriorYears>
                <proc:PriorYear>49.27</proc:PriorYear>
                <proc:CurrentYear>22.957</proc:CurrentYear>
                <proc:BudgetYearOneBase>80.78</proc:BudgetYearOneBase>
                <proc:BudgetYearOne>80.78</proc:BudgetYearOne>
            </proc:NetProcurementP1>
            <proc:TotalObligationAuthority>
                <proc:AllPriorYears>3038.374</proc:AllPriorYears>
                <proc:PriorYear>49.27</proc:PriorYear>
                <proc:CurrentYear>22.957</proc:CurrentYear>
                <proc:BudgetYearOneBase>80.78</proc:BudgetYearOneBase>
                <proc:BudgetYearOne>80.78</proc:BudgetYearOne>
            </proc:TotalObligationAuthority>
        </proc:ResourceSummary>
        <proc:Description>(E15101) Artillery Cartridges, 75MM And 105MM, All Types
This budget line includes Cartridge, Artillery, 75mm &amp; 105mm, All Types.

(E21501) CTG, ARTY, 105MM HE, M1 W/O FUZE
The 105mm M1 High Explosive (HE) cartridge contains an HE fill and is used primarily for training although some cartridges are expended in combat operations for fragmentation and blast.  The cartridge is loaded with an M67 propellant charge, consisting of seven numbered increment bags sewn together in numerical order.  Projectile function is dependent upon the fuze used and may function on impact (instantaneous or delay), above ground at a predetermined height or in proximity to the target area.  Fuze function detonates the HE projectile filler resulting in projectile fragmentation and blast.  Range varies from 3.5 to 11.3 kilometers, depending on the number of charge bags used.  The program remanufactures/recapitalizes the remaining unserviceable cartridges through replacement of M67 Prop Charge and Primer at a reduced cost over new production to provide a cost-effective training cartridge.  
This item is Code A, approved for service use.

(E22002) CTG, ARTY, 105MM SMOKE HC, M84 W/O FUZE
The 105mm M84 Hexachloroethane (HC) Zinc Oxide Smoke compatible with the M762 series Electronic Time (ET) Fuze is a semi-fixed smoke cartridge which is comprised of the M14 Cartridge Case, M28Percussion Primer, M67 Propellant Charge, and a projectile that contains the pinned base plug, a black powder expelling charge and three HC smoke canisters. Each metal canister contains a core igniter flash tube, a first fire mix and the HC smoke composition. When ignited, HC composition produces a caustic white smoke. The M84A1 Cartridge is loaded and fired in a conventional manner. As the round approaches the target area, the fuze ignites the black powder expelling charge which simultaneously ignites and expels the three HC canisters from the base of the carrier. The smoke canisters fall to the ground producing billowing clouds of smoke which last from 40 to 90 seconds. The HC Smoke is less toxic and less incendiary than White Phosphorous (WP) and can be used on ranges that that prohibit WP rounds for training due to environmental restrictions.
The item is Code A approved for service use.</proc:Description>
        <proc:Justification>FY 2026 Base Budget supports critical Army Title 10 war reserve/operational, training, and test requirements IAW DoD Instruction 3000.04 (Munitions Requirements Process) and AR 5-13 (Total Army Munitions Requirements Process and Prioritization System).  War reserve requirements support Office of the Secretary of Defense (OSD) approved Combatant Commander Operational Plans, Homeland Defense, and other OSD-directed missions.  Training requirements support individual and collective training of Active and Reserve Component forces at Army schools, home station, and the combined training centers.  Test requirements support the development, fielding, safety, and quality assurance of Army munitions and equipment throughout their life cycle.

In accordance with Section 1815 of the FY 2008 National Defense Authorization Act (P.L. 110-181), this item is necessary for use by the active and reserve components of the Armed Forces for homeland defense missions, domestic emergency responses, and providing military support to civil authorities.

FY 2026 Total Base dollars in the amount of $80.780 million supports the production of 50,506 M1 high explosive cartridges and 6,769 M84 smoke cartridges.  FY2026 increase attributed to 105MM HE, M1 recapitalization acquisition strategy sunsetting and a new production facility being established in 2026.  In addition, M84 new production facility being established in 2026.

(E21501) CTG, ARTY, 105MM HE, M1 W/O FUZE 
This program will remanufacture/recapitalize unserviceable rounds in the inventory.
This is a training standard item used in both training and combat.  FY 2026 request supports annual training and builds a war reserve inventory in accordance with the Army procurement goals.  FY 2026 Total Base dollars in the amount of $ 63.241 million supports the procurement of 50,506 M1 High Explosive cartridges. 
TYPE CLASSIFICATION DATE:  1966

(E22002) CTG, ARTY, 105MM SMOKE HC, M84 W/O FUZE
This is a training standard item used in both training and combat. The FY 2026 request supports annual training and builds a war reserve inventory in accordance with the Army procurement goals.  FY 2026 Total Base dollars in the amount of $ 17.539 million supports the procurement of 6,769 M84 smoke cartridges.
TYPE CLASSIFICATION DATE: 1978</proc:Justification>
        <proc:ItemExhibitList>
            <proc:P5Item>
                <proc:Name>CTG, 105mm ARTY HE, M1 w/o Fuze</proc:Name>
                <proc:ItemNumber>E21501</proc:ItemNumber>
                <proc:IdCode>A</proc:IdCode>
                <proc:DODIC>C445</proc:DODIC>
                <proc:Remarks>105MM HE M1 Re-cap pricing to sunset in FY2027.  FY2025 and FY2026 additional funding attributes to increased costs associated with a first time production contract to be awarded and associated support costs.</proc:Remarks>
                <proc:ResourceSummary>
                    <proc:TotalCost>
                        <proc:AllPriorYears>3037.885</proc:AllPriorYears>
                        <proc:PriorYear>49.27</proc:PriorYear>
                        <proc:CurrentYear>21.648</proc:CurrentYear>
                        <proc:BudgetYearOneBase>63.241</proc:BudgetYearOneBase>
                        <proc:BudgetYearOne>63.241</proc:BudgetYearOne>
                    </proc:TotalCost>
                    <proc:NetProcurementP1>
                        <proc:AllPriorYears>3037.885</proc:AllPriorYears>
                        <proc:PriorYear>49.27</proc:PriorYear>
                        <proc:CurrentYear>21.648</proc:CurrentYear>
                        <proc:BudgetYearOneBase>63.241</proc:BudgetYearOneBase>
                        <proc:BudgetYearOne>63.241</proc:BudgetYearOne>
                    </proc:NetProcurementP1>
                    <proc:TotalObligationAuthority>
                        <proc:AllPriorYears>3037.885</proc:AllPriorYears>
                        <proc:PriorYear>49.27</proc:PriorYear>
                        <proc:CurrentYear>21.648</proc:CurrentYear>
                        <proc:BudgetYearOneBase>63.241</proc:BudgetYearOneBase>
                        <proc:BudgetYearOne>63.241</proc:BudgetYearOne>
                    </proc:TotalObligationAuthority>
                </proc:ResourceSummary>
                <proc:CostElementCategoryList>
                    <proc:Hardware>
                        <proc:Recurring>
                            <proc:CostElementList>
                                <proc:CostElement>
                                    <proc:Name>LOAD, ASSEMBLE, PACK (LAP)</proc:Name>
                                    <proc:Cost>
                                        <proc:Quantity>
                                            <proc:AllPriorYears>631026</proc:AllPriorYears>
                                            <proc:PriorYear>112500</proc:PriorYear>
                                            <proc:CurrentYear>36991</proc:CurrentYear>
                                            <proc:BudgetYearOneBase>50506</proc:BudgetYearOneBase>
                                            <proc:BudgetYearOne>50506</proc:BudgetYearOne>
                                        </proc:Quantity>
                                        <proc:TotalCost>
                                            <proc:AllPriorYears>72.871</proc:AllPriorYears>
                                            <proc:PriorYear>16.81</proc:PriorYear>
                                            <proc:CurrentYear>5.6</proc:CurrentYear>
                                            <proc:BudgetYearOneBase>33.363</proc:BudgetYearOneBase>
                                            <proc:BudgetYearOne>33.363</proc:BudgetYearOne>
                                        </proc:TotalCost>
                                        <proc:UnitCost>
                                            <proc:AllPriorYears>115.48</proc:AllPriorYears>
                                            <proc:PriorYear>149.42</proc:PriorYear>
                                            <proc:CurrentYear>151.38</proc:CurrentYear>
                                            <proc:BudgetYearOneBase>660.58</proc:BudgetYearOneBase>
                                            <proc:BudgetYearOne>660.58</proc:BudgetYearOne>
                                        </proc:UnitCost>
                                    </proc:Cost>
                                    <proc:AllPriorYearsDeliveries>631026</proc:AllPriorYearsDeliveries>
                                    <proc:ManufacturerList>
                                        <proc:Manufacturer>
                                            <proc:Name>BLUE GRASS ARMY DEPOT (BGAD)</proc:Name>
                                            <proc:Location>RICHMOND, KY</proc:Location>
                                            <proc:MinimumSustainingRate>10000</proc:MinimumSustainingRate>
                                            <proc:MaximumProductionRate>20000</proc:MaximumProductionRate>
                                            <proc:Rate185>12000</proc:Rate185>
                                            <proc:InitialQuantity>
                                                <proc:AdminLeadTimeBeforeOct1InMonths>6</proc:AdminLeadTimeBeforeOct1InMonths>
                                                <proc:AdminLeadTimeAfterOct1InMonths>6</proc:AdminLeadTimeAfterOct1InMonths>
                                                <proc:ProductionLeadTimeAfterOct1InMonths>18</proc:ProductionLeadTimeAfterOct1InMonths>
                                                <proc:TotalLeadTimeAfterOct1InMonths>24</proc:TotalLeadTimeAfterOct1InMonths>
                                            </proc:InitialQuantity>
                                            <proc:ReorderQuantity>
                                                <proc:AdminLeadTimeBeforeOct1InMonths>6</proc:AdminLeadTimeBeforeOct1InMonths>
                                                <proc:AdminLeadTimeAfterOct1InMonths>6</proc:AdminLeadTimeAfterOct1InMonths>
                                                <proc:ProductionLeadTimeAfterOct1InMonths>18</proc:ProductionLeadTimeAfterOct1InMonths>
                                                <proc:TotalLeadTimeAfterOct1InMonths>24</proc:TotalLeadTimeAfterOct1InMonths>
                                            </proc:ReorderQuantity>
                                            <proc:HistoryPlanningList>
                                                <proc:HistoryPlanning>
                                                    <proc:FiscalYear>2024</proc:FiscalYear>
                                                    <proc:PCOLocation>PICATINNY ARSENAL, NJ</proc:PCOLocation>
                                                    <proc:AwardDate>2024-03</proc:AwardDate>
                                                    <proc:FirstDeliveryDate>2026-03</proc:FirstDeliveryDate>
                                                    <proc:Quantity>112500</proc:Quantity>
                                                    <proc:UnitCost>149.42</proc:UnitCost>
                                                    <proc:SpecsAvailableNow>true</proc:SpecsAvailableNow>
                                                    <proc:FundingVehicle>PO</proc:FundingVehicle>
                                                    <proc:MonthlyDeliveryScheduleList>
                                                        <proc:MonthlyDeliverySchedule>
                                                            <proc:ServiceAgencyName>Army</proc:ServiceAgencyName>
                                                            <proc:ProcQuantity>112500</proc:ProcQuantity>
                                                            <proc:MonthlyDeliveryList>
                                                                <proc:MonthlyDelivery>
                                                                    <proc:Month>2026-03</proc:Month>
                                                                    <proc:Amount>12000</proc:Amount>
                                                                </proc:MonthlyDelivery>
                                                                <proc:MonthlyDelivery>
                                                                    <proc:Month>2026-04</proc:Month>
                                                                    <proc:Amount>12000</proc:Amount>
                                                                </proc:MonthlyDelivery>
                                                                <proc:MonthlyDelivery>
                                                                    <proc:Month>2026-05</proc:Month>
                                                                    <proc:Amount>12000</proc:Amount>
                                                                </proc:MonthlyDelivery>
                                                                <proc:MonthlyDelivery>
                                                                    <proc:Month>2026-06</proc:Month>
                                                                    <proc:Amount>12000</proc:Amount>
                                                                </proc:MonthlyDelivery>
                                                                <proc:MonthlyDelivery>
                                                                    <proc:Month>2026-07</proc:Month>
                                                                    <proc:Amount>12000</proc:Amount>
                                                                </proc:MonthlyDelivery>
                                                                <proc:MonthlyDelivery>
                                                                    <proc:Month>2026-08</proc:Month>
                                                                    <proc:Amount>12000</proc:Amount>
                                                                </proc:MonthlyDelivery>
                                                                <proc:MonthlyDelivery>
                                                                    <proc:Month>2026-09</proc:Month>
                                                                    <proc:Amount>12000</proc:Amount>
                                                                </proc:MonthlyDelivery>
                                                                <proc:MonthlyDelivery>
                                                                    <proc:Month>2026-10</proc:Month>
                                                                    <proc:Amount>10000</proc:Amount>
                                                                </proc:MonthlyDelivery>
                                                                <proc:MonthlyDelivery>
                                                                    <proc:Month>2026-11</proc:Month>
                                                                    <proc:Amount>10000</proc:Amount>
                                                                </proc:MonthlyDelivery>
                                                                <proc:MonthlyDelivery>
                                                                    <proc:Month>2026-12</proc:Month>
                                                                    <proc:Amount>8500</proc:Amount>
                                                                </proc:MonthlyDelivery>
                                                            </proc:MonthlyDeliveryList>
                                                        </proc:MonthlyDeliverySchedule>
                                                    </proc:MonthlyDeliveryScheduleList>
                                                    <proc:MonthlyDeliveryScheduleTotal>
                                                        <proc:ProcQuantity>112500</proc:ProcQuantity>
                                                        <proc:MonthlyDeliveryList>
                                                            <proc:MonthlyDelivery>
                                                                <proc:Month>2026-03</proc:Month>
                                                                <proc:Amount>12000</proc:Amount>
                                                            </proc:MonthlyDelivery>
                                                            <proc:MonthlyDelivery>
                                                                <proc:Month>2026-04</proc:Month>
                                                                <proc:Amount>12000</proc:Amount>
                                                            </proc:MonthlyDelivery>
                                                            <proc:MonthlyDelivery>
                                                                <proc:Month>2026-05</proc:Month>
                                                                <proc:Amount>12000</proc:Amount>
                                                            </proc:MonthlyDelivery>
                                                            <proc:MonthlyDelivery>
                                                                <proc:Month>2026-06</proc:Month>
                                                                <proc:Amount>12000</proc:Amount>
                                                            </proc:MonthlyDelivery>
                                                            <proc:MonthlyDelivery>
                                                                <proc:Month>2026-07</proc:Month>
                                                                <proc:Amount>12000</proc:Amount>
                                                            </proc:MonthlyDelivery>
                                                            <proc:MonthlyDelivery>
                                                                <proc:Month>2026-08</proc:Month>
                                                                <proc:Amount>12000</proc:Amount>
                                                            </proc:MonthlyDelivery>
                                                            <proc:MonthlyDelivery>
                                                                <proc:Month>2026-09</proc:Month>
                                                                <proc:Amount>12000</proc:Amount>
                                                            </proc:MonthlyDelivery>
                                                            <proc:MonthlyDelivery>
                                                                <proc:Month>2026-10</proc:Month>
                                                                <proc:Amount>10000</proc:Amount>
                                                            </proc:MonthlyDelivery>
                                                            <proc:MonthlyDelivery>
                                                                <proc:Month>2026-11</proc:Month>
                                                                <proc:Amount>10000</proc:Amount>
                                                            </proc:MonthlyDelivery>
                                                            <proc:MonthlyDelivery>
                                                                <proc:Month>2026-12</proc:Month>
                                                                <proc:Amount>8500</proc:Amount>
                                                            </proc:MonthlyDelivery>
                                                        </proc:MonthlyDeliveryList>
                                                    </proc:MonthlyDeliveryScheduleTotal>
                                                </proc:HistoryPlanning>
                                                <proc:HistoryPlanning>
                                                    <proc:FiscalYear>2025</proc:FiscalYear>
                                                    <proc:PCOLocation>PICATINNY ARSENAL, NJ</proc:PCOLocation>
                                                    <proc:AwardDate>2025-03</proc:AwardDate>
                                                    <proc:FirstDeliveryDate>2027-03</proc:FirstDeliveryDate>
                                                    <proc:Quantity>36991</proc:Quantity>
                                                    <proc:UnitCost>151.38</proc:UnitCost>
                                                    <proc:SpecsAvailableNow>true</proc:SpecsAvailableNow>
                                                    <proc:FundingVehicle>PO</proc:FundingVehicle>
                                                    <proc:MonthlyDeliveryScheduleList>
                                                        <proc:MonthlyDeliverySchedule>
                                                            <proc:ServiceAgencyName>Army</proc:ServiceAgencyName>
                                                            <proc:ProcQuantity>36991</proc:ProcQuantity>
                                                            <proc:MonthlyDeliveryList>
                                                                <proc:MonthlyDelivery>
                                                                    <proc:Month>2027-03</proc:Month>
                                                                    <proc:Amount>10000</proc:Amount>
                                                                </proc:MonthlyDelivery>
                                                                <proc:MonthlyDelivery>
                                                                    <proc:Month>2027-04</proc:Month>
                                                                    <proc:Amount>10000</proc:Amount>
                                                                </proc:MonthlyDelivery>
                                                                <proc:MonthlyDelivery>
                                                                    <proc:Month>2027-05</proc:Month>
                                                                    <proc:Amount>16991</proc:Amount>
                                                                </proc:MonthlyDelivery>
                                                            </proc:MonthlyDeliveryList>
                                                        </proc:MonthlyDeliverySchedule>
                                                    </proc:MonthlyDeliveryScheduleList>
                                                    <proc:MonthlyDeliveryScheduleTotal>
                                                        <proc:ProcQuantity>36991</proc:ProcQuantity>
                                                        <proc:MonthlyDeliveryList>
                                                            <proc:MonthlyDelivery>
                                                                <proc:Month>2027-03</proc:Month>
                                                                <proc:Amount>10000</proc:Amount>
                                                            </proc:MonthlyDelivery>
                                                            <proc:MonthlyDelivery>
                                                                <proc:Month>2027-04</proc:Month>
                                                                <proc:Amount>10000</proc:Amount>
                                                            </proc:MonthlyDelivery>
                                                            <proc:MonthlyDelivery>
                                                                <proc:Month>2027-05</proc:Month>
                                                                <proc:Amount>16991</proc:Amount>
                                                            </proc:MonthlyDelivery>
                                                        </proc:MonthlyDeliveryList>
                                                    </proc:MonthlyDeliveryScheduleTotal>
                                                </proc:HistoryPlanning>
                                            </proc:HistoryPlanningList>
                                        </proc:Manufacturer>
                                        <proc:Manufacturer>
                                            <proc:Name>TO BE SELECTED</proc:Name>
                                            <proc:Location>TBS01</proc:Location>
                                            <proc:MinimumSustainingRate>10000</proc:MinimumSustainingRate>
                                            <proc:MaximumProductionRate>58800</proc:MaximumProductionRate>
                                            <proc:Rate185>21000</proc:Rate185>
                                            <proc:InitialQuantity>
                                                <proc:AdminLeadTimeBeforeOct1InMonths>6</proc:AdminLeadTimeBeforeOct1InMonths>
                                                <proc:AdminLeadTimeAfterOct1InMonths>6</proc:AdminLeadTimeAfterOct1InMonths>
                                                <proc:ProductionLeadTimeAfterOct1InMonths>24</proc:ProductionLeadTimeAfterOct1InMonths>
                                                <proc:TotalLeadTimeAfterOct1InMonths>30</proc:TotalLeadTimeAfterOct1InMonths>
                                            </proc:InitialQuantity>
                                            <proc:ReorderQuantity>
                                                <proc:AdminLeadTimeBeforeOct1InMonths>6</proc:AdminLeadTimeBeforeOct1InMonths>
                                                <proc:AdminLeadTimeAfterOct1InMonths>6</proc:AdminLeadTimeAfterOct1InMonths>
                                                <proc:ProductionLeadTimeAfterOct1InMonths>24</proc:ProductionLeadTimeAfterOct1InMonths>
                                                <proc:TotalLeadTimeAfterOct1InMonths>30</proc:TotalLeadTimeAfterOct1InMonths>
                                            </proc:ReorderQuantity>
                                            <proc:HistoryPlanningList>
                                                <proc:HistoryPlanning>
                                                    <proc:FiscalYear>2026</proc:FiscalYear>
                                                    <proc:PCOLocation>PICATINNY ARSENAL, NJ</proc:PCOLocation>
                                                    <proc:AwardDate>2026-03</proc:AwardDate>
                                                    <proc:FirstDeliveryDate>2028-03</proc:FirstDeliveryDate>
                                                    <proc:Quantity>50506</proc:Quantity>
                                                    <proc:UnitCost>660.58</proc:UnitCost>
                                                    <proc:SpecsAvailableNow>true</proc:SpecsAvailableNow>
                                                    <proc:ContractMethod>C</proc:ContractMethod>
                                                    <proc:ContractType>IDIQ</proc:ContractType>
                                                    <proc:MonthlyDeliveryScheduleList>
                                                        <proc:MonthlyDeliverySchedule>
                                                            <proc:ServiceAgencyName>Army</proc:ServiceAgencyName>
                                                            <proc:ProcQuantity>50506</proc:ProcQuantity>
                                                            <proc:MonthlyDeliveryList>
                                                                <proc:MonthlyDelivery>
                                                                    <proc:Month>2028-03</proc:Month>
                                                                    <proc:Amount>10000</proc:Amount>
                                                                </proc:MonthlyDelivery>
                                                                <proc:MonthlyDelivery>
                                                                    <proc:Month>2028-04</proc:Month>
                                                                    <proc:Amount>10000</proc:Amount>
                                                                </proc:MonthlyDelivery>
                                                                <proc:MonthlyDelivery>
                                                                    <proc:Month>2028-05</proc:Month>
                                                                    <proc:Amount>10000</proc:Amount>
                                                                </proc:MonthlyDelivery>
                                                                <proc:MonthlyDelivery>
                                                                    <proc:Month>2028-06</proc:Month>
                                                                    <proc:Amount>10000</proc:Amount>
                                                                </proc:MonthlyDelivery>
                                                                <proc:MonthlyDelivery>
                                                                    <proc:Month>2028-07</proc:Month>
                                                                    <proc:Amount>10506</proc:Amount>
                                                                </proc:MonthlyDelivery>
                                                            </proc:MonthlyDeliveryList>
                                                        </proc:MonthlyDeliverySchedule>
                                                    </proc:MonthlyDeliveryScheduleList>
                                                    <proc:MonthlyDeliveryScheduleTotal>
                                                        <proc:ProcQuantity>50506</proc:ProcQuantity>
                                                        <proc:MonthlyDeliveryList>
                                                            <proc:MonthlyDelivery>
                                                                <proc:Month>2028-03</proc:Month>
                                                                <proc:Amount>10000</proc:Amount>
                                                            </proc:MonthlyDelivery>
                                                            <proc:MonthlyDelivery>
                                                                <proc:Month>2028-04</proc:Month>
                                                                <proc:Amount>10000</proc:Amount>
                                                            </proc:MonthlyDelivery>
                                                            <proc:MonthlyDelivery>
                                                                <proc:Month>2028-05</proc:Month>
                                                                <proc:Amount>10000</proc:Amount>
                                                            </proc:MonthlyDelivery>
                                                            <proc:MonthlyDelivery>
                                                                <proc:Month>2028-06</proc:Month>
                                                                <proc:Amount>10000</proc:Amount>
                                                            </proc:MonthlyDelivery>
                                                            <proc:MonthlyDelivery>
                                                                <proc:Month>2028-07</proc:Month>
                                                                <proc:Amount>10506</proc:Amount>
                                                            </proc:MonthlyDelivery>
                                                        </proc:MonthlyDeliveryList>
                                                    </proc:MonthlyDeliveryScheduleTotal>
                                                </proc:HistoryPlanning>
                                            </proc:HistoryPlanningList>
                                        </proc:Manufacturer>
                                    </proc:ManufacturerList>
                                </proc:CostElement>
                                <proc:CostElement>
                                    <proc:Name>CONTAINER AMMUNITION FIBER PA55</proc:Name>
                                    <proc:Cost>
                                        <proc:Quantity>
                                            <proc:AllPriorYears>57820</proc:AllPriorYears>
                                            <proc:CurrentYear>3699</proc:CurrentYear>
                                            <proc:BudgetYearOneBase>51516</proc:BudgetYearOneBase>
                                            <proc:BudgetYearOne>51516</proc:BudgetYearOne>
                                        </proc:Quantity>
                                        <proc:TotalCost>
                                            <proc:AllPriorYears>2.398</proc:AllPriorYears>
                                            <proc:CurrentYear>0.293</proc:CurrentYear>
                                            <proc:BudgetYearOneBase>6.118</proc:BudgetYearOneBase>
                                            <proc:BudgetYearOne>6.118</proc:BudgetYearOne>
                                        </proc:TotalCost>
                                        <proc:UnitCost>
                                            <proc:AllPriorYears>41.47</proc:AllPriorYears>
                                            <proc:CurrentYear>79.18</proc:CurrentYear>
                                            <proc:BudgetYearOneBase>118.75</proc:BudgetYearOneBase>
                                            <proc:BudgetYearOne>118.75</proc:BudgetYearOne>
                                        </proc:UnitCost>
                                    </proc:Cost>
                                    <proc:AllPriorYearsDeliveries>57820</proc:AllPriorYearsDeliveries>
                                    <proc:ManufacturerList>
                                        <proc:Manufacturer>
                                            <proc:Name>TO BE SELECTED</proc:Name>
                                            <proc:Location>TBS01</proc:Location>
                                            <proc:HistoryPlanningList>
                                                <proc:HistoryPlanning>
                                                    <proc:FiscalYear>2025</proc:FiscalYear>
                                                    <proc:PCOLocation>ROCK ISLAND ARSENAL, IL</proc:PCOLocation>
                                                    <proc:AwardDate>2025-06</proc:AwardDate>
                                                    <proc:FirstDeliveryDate>2026-06</proc:FirstDeliveryDate>
                                                    <proc:Quantity>3699</proc:Quantity>
                                                    <proc:UnitCost>79.18</proc:UnitCost>
                                                    <proc:SpecsAvailableNow>true</proc:SpecsAvailableNow>
                                                    <proc:ContractMethod>C</proc:ContractMethod>
                                                    <proc:ContractType>IDIQ</proc:ContractType>
                                                </proc:HistoryPlanning>
                                                <proc:HistoryPlanning>
                                                    <proc:FiscalYear>2026</proc:FiscalYear>
                                                    <proc:PCOLocation>ROCK ISLAND ARSENAL, IL</proc:PCOLocation>
                                                    <proc:AwardDate>2026-03</proc:AwardDate>
                                                    <proc:FirstDeliveryDate>2027-03</proc:FirstDeliveryDate>
                                                    <proc:Quantity>51516</proc:Quantity>
                                                    <proc:UnitCost>118.75</proc:UnitCost>
                                                    <proc:SpecsAvailableNow>true</proc:SpecsAvailableNow>
                                                    <proc:ContractMethod>C</proc:ContractMethod>
                                                    <proc:ContractType>IDIQ</proc:ContractType>
                                                </proc:HistoryPlanning>
                                            </proc:HistoryPlanningList>
                                        </proc:Manufacturer>
                                    </proc:ManufacturerList>
                                </proc:CostElement>
                                <proc:CostElement>
                                    <proc:Name>M67 PROP CHARGE</proc:Name>
                                    <proc:Cost>
                                        <proc:Quantity>
                                            <proc:AllPriorYears>576042</proc:AllPriorYears>
                                            <proc:PriorYear>62010</proc:PriorYear>
                                            <proc:CurrentYear>37731</proc:CurrentYear>
                                            <proc:BudgetYearOneBase>51516</proc:BudgetYearOneBase>
                                            <proc:BudgetYearOne>51516</proc:BudgetYearOne>
                                        </proc:Quantity>
                                        <proc:TotalCost>
                                            <proc:AllPriorYears>51.257</proc:AllPriorYears>
                                            <proc:PriorYear>15.534</proc:PriorYear>
                                            <proc:CurrentYear>10.011</proc:CurrentYear>
                                            <proc:BudgetYearOneBase>13.958</proc:BudgetYearOneBase>
                                            <proc:BudgetYearOne>13.958</proc:BudgetYearOne>
                                        </proc:TotalCost>
                                        <proc:UnitCost>
                                            <proc:AllPriorYears>88.98</proc:AllPriorYears>
                                            <proc:PriorYear>250.51</proc:PriorYear>
                                            <proc:CurrentYear>265.33</proc:CurrentYear>
                                            <proc:BudgetYearOneBase>270.94</proc:BudgetYearOneBase>
                                            <proc:BudgetYearOne>270.94</proc:BudgetYearOne>
                                        </proc:UnitCost>
                                    </proc:Cost>
                                    <proc:AllPriorYearsDeliveries>576042</proc:AllPriorYearsDeliveries>
                                    <proc:ManufacturerList>
                                        <proc:Manufacturer>
                                            <proc:Name>TO BE SELECTED</proc:Name>
                                            <proc:Location>TBS01</proc:Location>
                                            <proc:HistoryPlanningList>
                                                <proc:HistoryPlanning>
                                                    <proc:FiscalYear>2026</proc:FiscalYear>
                                                    <proc:PCOLocation>PICATINNY ARSENAL, NJ</proc:PCOLocation>
                                                    <proc:AwardDate>2026-03</proc:AwardDate>
                                                    <proc:FirstDeliveryDate>2027-07</proc:FirstDeliveryDate>
                                                    <proc:Quantity>51516</proc:Quantity>
                                                    <proc:UnitCost>270.94</proc:UnitCost>
                                                    <proc:SpecsAvailableNow>true</proc:SpecsAvailableNow>
                                                    <proc:ContractMethod>C</proc:ContractMethod>
                                                    <proc:ContractType>IDIQ</proc:ContractType>
                                                </proc:HistoryPlanning>
                                            </proc:HistoryPlanningList>
                                        </proc:Manufacturer>
                                        <proc:Manufacturer>
                                            <proc:Name>GEN DYNAMICS ORD &amp; TAC SYS -</proc:Name>
                                            <proc:Location>LE GARDEUR, CANADA</proc:Location>
                                            <proc:HistoryPlanningList>
                                                <proc:HistoryPlanning>
                                                    <proc:FiscalYear>2024</proc:FiscalYear>
                                                    <proc:PCOLocation>PICATINNY ARSENAL, NJ</proc:PCOLocation>
                                                    <proc:AwardDate>2024-05</proc:AwardDate>
                                                    <proc:FirstDeliveryDate>2025-09</proc:FirstDeliveryDate>
                                                    <proc:Quantity>62010</proc:Quantity>
                                                    <proc:UnitCost>250.51</proc:UnitCost>
                                                    <proc:SpecsAvailableNow>true</proc:SpecsAvailableNow>
                                                    <proc:ContractMethod>Option</proc:ContractMethod>
                                                    <proc:ContractType>IDIQ</proc:ContractType>
                                                </proc:HistoryPlanning>
                                                <proc:HistoryPlanning>
                                                    <proc:FiscalYear>2025</proc:FiscalYear>
                                                    <proc:PCOLocation>PICATINNY ARSENAL, NJ</proc:PCOLocation>
                                                    <proc:AwardDate>2025-06</proc:AwardDate>
                                                    <proc:FirstDeliveryDate>2026-10</proc:FirstDeliveryDate>
                                                    <proc:Quantity>37731</proc:Quantity>
                                                    <proc:UnitCost>265.33</proc:UnitCost>
                                                    <proc:SpecsAvailableNow>true</proc:SpecsAvailableNow>
                                                    <proc:ContractMethod>Option</proc:ContractMethod>
                                                    <proc:ContractType>IDIQ</proc:ContractType>
                                                </proc:HistoryPlanning>
                                            </proc:HistoryPlanningList>
                                        </proc:Manufacturer>
                                    </proc:ManufacturerList>
                                </proc:CostElement>
                                <proc:CostElement>
                                    <proc:Name>PRIMER PERCUSSION M28B2</proc:Name>
                                    <proc:Cost>
                                        <proc:Quantity>
                                            <proc:AllPriorYears>543647</proc:AllPriorYears>
                                            <proc:PriorYear>63240</proc:PriorYear>
                                            <proc:CurrentYear>37731</proc:CurrentYear>
                                            <proc:BudgetYearOneBase>51516</proc:BudgetYearOneBase>
                                            <proc:BudgetYearOne>51516</proc:BudgetYearOne>
                                        </proc:Quantity>
                                        <proc:TotalCost>
                                            <proc:AllPriorYears>11.343</proc:AllPriorYears>
                                            <proc:PriorYear>1.949</proc:PriorYear>
                                            <proc:CurrentYear>0.993</proc:CurrentYear>
                                            <proc:BudgetYearOneBase>2.306</proc:BudgetYearOneBase>
                                            <proc:BudgetYearOne>2.306</proc:BudgetYearOne>
                                        </proc:TotalCost>
                                        <proc:UnitCost>
                                            <proc:AllPriorYears>20.86</proc:AllPriorYears>
                                            <proc:PriorYear>30.82</proc:PriorYear>
                                            <proc:CurrentYear>26.33</proc:CurrentYear>
                                            <proc:BudgetYearOneBase>44.76</proc:BudgetYearOneBase>
                                            <proc:BudgetYearOne>44.76</proc:BudgetYearOne>
                                        </proc:UnitCost>
                                    </proc:Cost>
                                    <proc:AllPriorYearsDeliveries>543647</proc:AllPriorYearsDeliveries>
                                    <proc:ManufacturerList>
                                        <proc:Manufacturer>
                                            <proc:Name>DAY &amp; ZIMMERMANN LONE STAR</proc:Name>
                                            <proc:Location>TEXARKANA, TX</proc:Location>
                                            <proc:HistoryPlanningList>
                                                <proc:HistoryPlanning>
                                                    <proc:FiscalYear>2024</proc:FiscalYear>
                                                    <proc:PCOLocation>ROCK ISLAND ARSENAL, IL</proc:PCOLocation>
                                                    <proc:AwardDate>2024-09</proc:AwardDate>
                                                    <proc:FirstDeliveryDate>2026-02</proc:FirstDeliveryDate>
                                                    <proc:Quantity>63240</proc:Quantity>
                                                    <proc:UnitCost>30.82</proc:UnitCost>
                                                    <proc:SpecsAvailableNow>true</proc:SpecsAvailableNow>
                                                    <proc:ContractMethod>Option</proc:ContractMethod>
                                                    <proc:ContractType>IDIQ</proc:ContractType>
                                                </proc:HistoryPlanning>
                                                <proc:HistoryPlanning>
                                                    <proc:FiscalYear>2025</proc:FiscalYear>
                                                    <proc:PCOLocation>ROCK ISLAND ARSENAL, IL</proc:PCOLocation>
                                                    <proc:AwardDate>2025-06</proc:AwardDate>
                                                    <proc:FirstDeliveryDate>2026-12</proc:FirstDeliveryDate>
                                                    <proc:Quantity>37731</proc:Quantity>
                                                    <proc:UnitCost>26.33</proc:UnitCost>
                                                    <proc:SpecsAvailableNow>true</proc:SpecsAvailableNow>
                                                    <proc:ContractMethod>Option</proc:ContractMethod>
                                                    <proc:ContractType>IDIQ</proc:ContractType>
                                                </proc:HistoryPlanning>
                                                <proc:HistoryPlanning>
                                                    <proc:FiscalYear>2026</proc:FiscalYear>
                                                    <proc:PCOLocation>ROCK ISLAND ARSENAL, IL</proc:PCOLocation>
                                                    <proc:AwardDate>2026-03</proc:AwardDate>
                                                    <proc:FirstDeliveryDate>2027-09</proc:FirstDeliveryDate>
                                                    <proc:Quantity>51516</proc:Quantity>
                                                    <proc:UnitCost>44.76</proc:UnitCost>
                                                    <proc:SpecsAvailableNow>true</proc:SpecsAvailableNow>
                                                    <proc:ContractMethod>Option</proc:ContractMethod>
                                                    <proc:ContractType>IDIQ</proc:ContractType>
                                                </proc:HistoryPlanning>
                                            </proc:HistoryPlanningList>
                                        </proc:Manufacturer>
                                    </proc:ManufacturerList>
                                </proc:CostElement>
                                <proc:CostElement>
                                    <proc:Name>BOX, PACKING AMMO</proc:Name>
                                    <proc:Cost>
                                        <proc:Quantity>
                                            <proc:AllPriorYears>370107</proc:AllPriorYears>
                                            <proc:CurrentYear>18496</proc:CurrentYear>
                                            <proc:BudgetYearOneBase>25253</proc:BudgetYearOneBase>
                                            <proc:BudgetYearOne>25253</proc:BudgetYearOne>
                                        </proc:Quantity>
                                        <proc:TotalCost>
                                            <proc:AllPriorYears>16.481</proc:AllPriorYears>
                                            <proc:CurrentYear>1.329</proc:CurrentYear>
                                            <proc:BudgetYearOneBase>1.868</proc:BudgetYearOneBase>
                                            <proc:BudgetYearOne>1.868</proc:BudgetYearOne>
                                        </proc:TotalCost>
                                        <proc:UnitCost>
                                            <proc:AllPriorYears>44.53</proc:AllPriorYears>
                                            <proc:CurrentYear>71.83</proc:CurrentYear>
                                            <proc:BudgetYearOneBase>73.97</proc:BudgetYearOneBase>
                                            <proc:BudgetYearOne>73.97</proc:BudgetYearOne>
                                        </proc:UnitCost>
                                    </proc:Cost>
                                    <proc:AllPriorYearsDeliveries>370107</proc:AllPriorYearsDeliveries>
                                    <proc:ManufacturerList>
                                        <proc:Manufacturer>
                                            <proc:Name>TO BE SELECTED</proc:Name>
                                            <proc:Location>TBS01</proc:Location>
                                            <proc:HistoryPlanningList>
                                                <proc:HistoryPlanning>
                                                    <proc:FiscalYear>2025</proc:FiscalYear>
                                                    <proc:PCOLocation>ROCK ISLAND ARSENAL, IL</proc:PCOLocation>
                                                    <proc:AwardDate>2025-06</proc:AwardDate>
                                                    <proc:FirstDeliveryDate>2027-02</proc:FirstDeliveryDate>
                                                    <proc:Quantity>18496</proc:Quantity>
                                                    <proc:UnitCost>71.83</proc:UnitCost>
                                                    <proc:SpecsAvailableNow>true</proc:SpecsAvailableNow>
                                                    <proc:ContractMethod>C</proc:ContractMethod>
                                                    <proc:ContractType>IDIQ</proc:ContractType>
                                                </proc:HistoryPlanning>
                                                <proc:HistoryPlanning>
                                                    <proc:FiscalYear>2026</proc:FiscalYear>
                                                    <proc:PCOLocation>ROCK ISLAND ARSENAL, IL</proc:PCOLocation>
                                                    <proc:AwardDate>2026-05</proc:AwardDate>
                                                    <proc:FirstDeliveryDate>2027-11</proc:FirstDeliveryDate>
                                                    <proc:Quantity>25253</proc:Quantity>
                                                    <proc:UnitCost>73.97</proc:UnitCost>
                                                    <proc:SpecsAvailableNow>true</proc:SpecsAvailableNow>
                                                    <proc:ContractMethod>C</proc:ContractMethod>
                                                    <proc:ContractType>IDIQ</proc:ContractType>
                                                </proc:HistoryPlanning>
                                            </proc:HistoryPlanningList>
                                        </proc:Manufacturer>
                                    </proc:ManufacturerList>
                                </proc:CostElement>
                                <proc:CostElement>
                                    <proc:Name>*BOX, PACKING AMMO</proc:Name>
                                    <proc:Cost>
                                        <proc:Quantity>
                                            <proc:PriorYear>31000</proc:PriorYear>
                                        </proc:Quantity>
                                        <proc:TotalCost>
                                            <proc:PriorYear>1.655</proc:PriorYear>
                                        </proc:TotalCost>
                                        <proc:UnitCost>
                                            <proc:PriorYear>53.38</proc:PriorYear>
                                        </proc:UnitCost>
                                    </proc:Cost>
                                    <proc:ManufacturerList>
                                        <proc:Manufacturer>
                                            <proc:Name>GOVERNMENT FURNISHED MATERIAL</proc:Name>
                                            <proc:Location>STOCK ISSUE,</proc:Location>
                                            <proc:HistoryPlanningList>
                                                <proc:HistoryPlanning>
                                                    <proc:FiscalYear>2024</proc:FiscalYear>
                                                    <proc:PCOLocation>PICATINNY ARSENAL, NJ</proc:PCOLocation>
                                                    <proc:AwardDate>2024-10</proc:AwardDate>
                                                    <proc:FirstDeliveryDate>2025-10</proc:FirstDeliveryDate>
                                                    <proc:Quantity>31000</proc:Quantity>
                                                    <proc:UnitCost>53.38</proc:UnitCost>
                                                    <proc:SpecsAvailableNow>false</proc:SpecsAvailableNow>
                                                    <proc:FundingVehicle>GFM</proc:FundingVehicle>
                                                </proc:HistoryPlanning>
                                            </proc:HistoryPlanningList>
                                        </proc:Manufacturer>
                                    </proc:ManufacturerList>
                                </proc:CostElement>
                                <proc:CostElement>
                                    <proc:Name>WOODEN PALLETS</proc:Name>
                                    <proc:Cost>
                                        <proc:Quantity>
                                            <proc:AllPriorYears>30240</proc:AllPriorYears>
                                            <proc:PriorYear>1314</proc:PriorYear>
                                        </proc:Quantity>
                                        <proc:TotalCost>
                                            <proc:AllPriorYears>3.955</proc:AllPriorYears>
                                            <proc:PriorYear>0.226</proc:PriorYear>
                                        </proc:TotalCost>
                                        <proc:UnitCost>
                                            <proc:AllPriorYears>130.8</proc:AllPriorYears>
                                            <proc:PriorYear>171.66</proc:PriorYear>
                                        </proc:UnitCost>
                                    </proc:Cost>
                                    <proc:AllPriorYearsDeliveries>30240</proc:AllPriorYearsDeliveries>
                                    <proc:ManufacturerList>
                                        <proc:Manufacturer>
                                            <proc:Name>MCALESTER ARMY AMMUNITION</proc:Name>
                                            <proc:Location>MCALESTER, OK</proc:Location>
                                            <proc:HistoryPlanningList>
                                                <proc:HistoryPlanning>
                                                    <proc:FiscalYear>2024</proc:FiscalYear>
                                                    <proc:PCOLocation>PICATINNY ARSENAL, NJ</proc:PCOLocation>
                                                    <proc:AwardDate>2024-03</proc:AwardDate>
                                                    <proc:FirstDeliveryDate>2025-09</proc:FirstDeliveryDate>
                                                    <proc:Quantity>1314</proc:Quantity>
                                                    <proc:UnitCost>171.66</proc:UnitCost>
                                                    <proc:SpecsAvailableNow>true</proc:SpecsAvailableNow>
                                                    <proc:FundingVehicle>PO</proc:FundingVehicle>
                                                </proc:HistoryPlanning>
                                            </proc:HistoryPlanningList>
                                        </proc:Manufacturer>
                                    </proc:ManufacturerList>
                                </proc:CostElement>
                            </proc:CostElementList>
                            <proc:CategorySubtotal>
                                <proc:TotalCost>
                                    <proc:AllPriorYears>158.304</proc:AllPriorYears>
                                    <proc:PriorYear>36.173</proc:PriorYear>
                                    <proc:CurrentYear>18.226</proc:CurrentYear>
                                    <proc:BudgetYearOneBase>57.612</proc:BudgetYearOneBase>
                                    <proc:BudgetYearOne>57.612</proc:BudgetYearOne>
                                </proc:TotalCost>
                            </proc:CategorySubtotal>
                        </proc:Recurring>
                        <proc:CategorySubtotal>
                            <proc:TotalCost>
                                <proc:AllPriorYears>158.304</proc:AllPriorYears>
                                <proc:PriorYear>36.173</proc:PriorYear>
                                <proc:CurrentYear>18.226</proc:CurrentYear>
                                <proc:BudgetYearOneBase>57.612</proc:BudgetYearOneBase>
                                <proc:BudgetYearOne>57.612</proc:BudgetYearOne>
                            </proc:TotalCost>
                        </proc:CategorySubtotal>
                    </proc:Hardware>
                    <proc:Support>
                        <proc:CostElementList>
                            <proc:CostElement>
                                <proc:Name>First Article Test</proc:Name>
                                <proc:Cost>
                                    <proc:TotalCost>
                                        <proc:AllPriorYears>0.159</proc:AllPriorYears>
                                        <proc:PriorYear>10.273</proc:PriorYear>
                                    </proc:TotalCost>
                                </proc:Cost>
                            </proc:CostElement>
                            <proc:CostElement>
                                <proc:Name>Acceptance Test</proc:Name>
                                <proc:Cost>
                                    <proc:TotalCost>
                                        <proc:AllPriorYears>1.169</proc:AllPriorYears>
                                        <proc:PriorYear>0.342</proc:PriorYear>
                                    </proc:TotalCost>
                                </proc:Cost>
                            </proc:CostElement>
                        </proc:CostElementList>
                        <proc:CategorySubtotal>
                            <proc:TotalCost>
                                <proc:AllPriorYears>1.328</proc:AllPriorYears>
                                <proc:PriorYear>10.615</proc:PriorYear>
                            </proc:TotalCost>
                        </proc:CategorySubtotal>
                        <proc:Name>Acceptance Testing</proc:Name>
                    </proc:Support>
                    <proc:Support>
                        <proc:CostElementList>
                            <proc:CostElement>
                                <proc:Name>Engineering Change Proposals</proc:Name>
                                <proc:Cost>
                                    <proc:TotalCost>
                                        <proc:PriorYear>1.464</proc:PriorYear>
                                    </proc:TotalCost>
                                </proc:Cost>
                            </proc:CostElement>
                        </proc:CostElementList>
                        <proc:CategorySubtotal>
                            <proc:TotalCost>
                                <proc:PriorYear>1.464</proc:PriorYear>
                            </proc:TotalCost>
                        </proc:CategorySubtotal>
                        <proc:Name>Engineering Change Proposals</proc:Name>
                    </proc:Support>
                    <proc:Support>
                        <proc:CostElementList>
                            <proc:CostElement>
                                <proc:Name>Government Furnished Materials</proc:Name>
                                <proc:Cost>
                                    <proc:TotalCost>
                                        <proc:PriorYear>-1.655</proc:PriorYear>
                                    </proc:TotalCost>
                                </proc:Cost>
                            </proc:CostElement>
                        </proc:CostElementList>
                        <proc:CategorySubtotal>
                            <proc:TotalCost>
                                <proc:PriorYear>-1.655</proc:PriorYear>
                            </proc:TotalCost>
                        </proc:CategorySubtotal>
                        <proc:Name>Government Furnished Materials</proc:Name>
                    </proc:Support>
                    <proc:Support>
                        <proc:CostElementList>
                            <proc:CostElement>
                                <proc:Name>Facilitization</proc:Name>
                                <proc:Cost>
                                    <proc:TotalCost>
                                        <proc:AllPriorYears>2.044</proc:AllPriorYears>
                                    </proc:TotalCost>
                                </proc:Cost>
                            </proc:CostElement>
                        </proc:CostElementList>
                        <proc:CategorySubtotal>
                            <proc:TotalCost>
                                <proc:AllPriorYears>2.044</proc:AllPriorYears>
                            </proc:TotalCost>
                        </proc:CategorySubtotal>
                        <proc:Name>Non-Recurring Support</proc:Name>
                    </proc:Support>
                    <proc:Support>
                        <proc:CostElementList>
                            <proc:CostElement>
                                <proc:Name>Insensitive Munitions</proc:Name>
                                <proc:Cost>
                                    <proc:TotalCost>
                                        <proc:AllPriorYears>0.34</proc:AllPriorYears>
                                    </proc:TotalCost>
                                </proc:Cost>
                            </proc:CostElement>
                        </proc:CostElementList>
                        <proc:CategorySubtotal>
                            <proc:TotalCost>
                                <proc:AllPriorYears>0.34</proc:AllPriorYears>
                            </proc:TotalCost>
                        </proc:CategorySubtotal>
                        <proc:Name>Product Improvement</proc:Name>
                    </proc:Support>
                    <proc:Support>
                        <proc:CostElementList>
                            <proc:CostElement>
                                <proc:Name>Production Engineering</proc:Name>
                                <proc:Cost>
                                    <proc:TotalCost>
                                        <proc:AllPriorYears>10.416</proc:AllPriorYears>
                                        <proc:PriorYear>2.672</proc:PriorYear>
                                        <proc:CurrentYear>3.422</proc:CurrentYear>
                                        <proc:BudgetYearOneBase>5.627</proc:BudgetYearOneBase>
                                        <proc:BudgetYearOne>5.627</proc:BudgetYearOne>
                                    </proc:TotalCost>
                                </proc:Cost>
                            </proc:CostElement>
                        </proc:CostElementList>
                        <proc:CategorySubtotal>
                            <proc:TotalCost>
                                <proc:AllPriorYears>10.416</proc:AllPriorYears>
                                <proc:PriorYear>2.672</proc:PriorYear>
                                <proc:CurrentYear>3.422</proc:CurrentYear>
                                <proc:BudgetYearOneBase>5.627</proc:BudgetYearOneBase>
                                <proc:BudgetYearOne>5.627</proc:BudgetYearOne>
                            </proc:TotalCost>
                        </proc:CategorySubtotal>
                        <proc:Name>Production Engineering</proc:Name>
                    </proc:Support>
                    <proc:Support>
                        <proc:CostElementList>
                            <proc:CostElement>
                                <proc:Name>Recapitalization</proc:Name>
                                <proc:Cost>
                                    <proc:TotalCost>
                                        <proc:AllPriorYears>2860.429</proc:AllPriorYears>
                                    </proc:TotalCost>
                                </proc:Cost>
                            </proc:CostElement>
                        </proc:CostElementList>
                        <proc:CategorySubtotal>
                            <proc:TotalCost>
                                <proc:AllPriorYears>2860.429</proc:AllPriorYears>
                            </proc:TotalCost>
                        </proc:CategorySubtotal>
                        <proc:Name>Recapitalization</proc:Name>
                    </proc:Support>
                    <proc:Support>
                        <proc:CostElementList>
                            <proc:CostElement>
                                <proc:Name>System Engineering</proc:Name>
                                <proc:Cost>
                                    <proc:TotalCost>
                                        <proc:AllPriorYears>0.395</proc:AllPriorYears>
                                    </proc:TotalCost>
                                </proc:Cost>
                            </proc:CostElement>
                        </proc:CostElementList>
                        <proc:CategorySubtotal>
                            <proc:TotalCost>
                                <proc:AllPriorYears>0.395</proc:AllPriorYears>
                            </proc:TotalCost>
                        </proc:CategorySubtotal>
                        <proc:Name>System Engineering</proc:Name>
                    </proc:Support>
                    <proc:Support>
                        <proc:CostElementList>
                            <proc:CostElement>
                                <proc:Name>Undistributed Procurement</proc:Name>
                                <proc:Cost>
                                    <proc:TotalCost>
                                        <proc:AllPriorYears>4.628</proc:AllPriorYears>
                                    </proc:TotalCost>
                                </proc:Cost>
                            </proc:CostElement>
                        </proc:CostElementList>
                        <proc:CategorySubtotal>
                            <proc:TotalCost>
                                <proc:AllPriorYears>4.628</proc:AllPriorYears>
                            </proc:TotalCost>
                        </proc:CategorySubtotal>
                        <proc:Name>Undistributed Procurement</proc:Name>
                    </proc:Support>
                </proc:CostElementCategoryList>
                <proc:OverallHistoryPlanningRemarks>In FY 2026, cost increase is attributed to the 105MM HE M1 production consists of recap and new production.   New production included new bodies and commercial contract for the Load, Assemble, and Pack (LAP) process.</proc:OverallHistoryPlanningRemarks>
            </proc:P5Item>
            <proc:P5Item>
                <proc:Name>CTG, ARTY, 105MM SMOKE HC M84 W/O FUZE</proc:Name>
                <proc:ItemNumber>E22002</proc:ItemNumber>
                <proc:IdCode>A</proc:IdCode>
                <proc:Remarks>FY2025 to FY2026 funding increased to procure additional 105MM smoke HC M84 w/o fuze ammunition.   FY2025 to FY2026 pricing include new base contracts and GOGO awards which added increased labor and material costs.</proc:Remarks>
                <proc:ResourceSummary>
                    <proc:TotalCost>
                        <proc:AllPriorYears>0.489</proc:AllPriorYears>
                        <proc:CurrentYear>1.309</proc:CurrentYear>
                        <proc:BudgetYearOneBase>17.539</proc:BudgetYearOneBase>
                        <proc:BudgetYearOne>17.539</proc:BudgetYearOne>
                    </proc:TotalCost>
                    <proc:NetProcurementP1>
                        <proc:AllPriorYears>0.489</proc:AllPriorYears>
                        <proc:CurrentYear>1.309</proc:CurrentYear>
                        <proc:BudgetYearOneBase>17.539</proc:BudgetYearOneBase>
                        <proc:BudgetYearOne>17.539</proc:BudgetYearOne>
                    </proc:NetProcurementP1>
                    <proc:TotalObligationAuthority>
                        <proc:AllPriorYears>0.489</proc:AllPriorYears>
                        <proc:CurrentYear>1.309</proc:CurrentYear>
                        <proc:BudgetYearOneBase>17.539</proc:BudgetYearOneBase>
                        <proc:BudgetYearOne>17.539</proc:BudgetYearOne>
                    </proc:TotalObligationAuthority>
                </proc:ResourceSummary>
                <proc:CostElementCategoryList>
                    <proc:Hardware>
                        <proc:Recurring>
                            <proc:CostElementList>
                                <proc:CostElement>
                                    <proc:Name>COMPLETE ROUND</proc:Name>
                                    <proc:Cost>
                                        <proc:Quantity>
                                            <proc:BudgetYearOneBase>6769</proc:BudgetYearOneBase>
                                            <proc:BudgetYearOne>6769</proc:BudgetYearOne>
                                        </proc:Quantity>
                                        <proc:TotalCost>
                                            <proc:AllPriorYears>0</proc:AllPriorYears>
                                            <proc:BudgetYearOneBase>12.44</proc:BudgetYearOneBase>
                                            <proc:BudgetYearOne>12.44</proc:BudgetYearOne>
                                        </proc:TotalCost>
                                        <proc:UnitCost>
                                            <proc:BudgetYearOneBase>1837.8</proc:BudgetYearOneBase>
                                            <proc:BudgetYearOne>1837.8</proc:BudgetYearOne>
                                        </proc:UnitCost>
                                    </proc:Cost>
                                    <proc:ManufacturerList>
                                        <proc:Manufacturer>
                                            <proc:Name>PINE BLUFF ARSENAL</proc:Name>
                                            <proc:Location>PINE BLUFF, AR</proc:Location>
                                            <proc:MinimumSustainingRate>500</proc:MinimumSustainingRate>
                                            <proc:MaximumProductionRate>7000</proc:MaximumProductionRate>
                                            <proc:Rate185>4000</proc:Rate185>
                                            <proc:InitialQuantity>
                                                <proc:AdminLeadTimeBeforeOct1InMonths>6</proc:AdminLeadTimeBeforeOct1InMonths>
                                                <proc:AdminLeadTimeAfterOct1InMonths>6</proc:AdminLeadTimeAfterOct1InMonths>
                                                <proc:ProductionLeadTimeAfterOct1InMonths>36</proc:ProductionLeadTimeAfterOct1InMonths>
                                                <proc:TotalLeadTimeAfterOct1InMonths>42</proc:TotalLeadTimeAfterOct1InMonths>
                                            </proc:InitialQuantity>
                                            <proc:ReorderQuantity>
                                                <proc:AdminLeadTimeBeforeOct1InMonths>6</proc:AdminLeadTimeBeforeOct1InMonths>
                                                <proc:AdminLeadTimeAfterOct1InMonths>6</proc:AdminLeadTimeAfterOct1InMonths>
                                                <proc:ProductionLeadTimeAfterOct1InMonths>24</proc:ProductionLeadTimeAfterOct1InMonths>
                                                <proc:TotalLeadTimeAfterOct1InMonths>30</proc:TotalLeadTimeAfterOct1InMonths>
                                            </proc:ReorderQuantity>
                                            <proc:HistoryPlanningList>
                                                <proc:HistoryPlanning>
                                                    <proc:FiscalYear>2026</proc:FiscalYear>
                                                    <proc:PCOLocation>PICATINNY ARSENAL, NJ</proc:PCOLocation>
                                                    <proc:AwardDate>2026-03</proc:AwardDate>
                                                    <proc:FirstDeliveryDate>2029-03</proc:FirstDeliveryDate>
                                                    <proc:Quantity>6769</proc:Quantity>
                                                    <proc:UnitCost>1837.8</proc:UnitCost>
                                                    <proc:SpecsAvailableNow>true</proc:SpecsAvailableNow>
                                                    <proc:FundingVehicle>PO</proc:FundingVehicle>
                                                    <proc:MonthlyDeliveryScheduleList>
                                                        <proc:MonthlyDeliverySchedule>
                                                            <proc:ServiceAgencyName>Army</proc:ServiceAgencyName>
                                                            <proc:ProcQuantity>6769</proc:ProcQuantity>
                                                            <proc:MonthlyDeliveryList>
                                                                <proc:MonthlyDelivery>
                                                                    <proc:Month>2029-03</proc:Month>
                                                                    <proc:Amount>6769</proc:Amount>
                                                                </proc:MonthlyDelivery>
                                                            </proc:MonthlyDeliveryList>
                                                        </proc:MonthlyDeliverySchedule>
                                                    </proc:MonthlyDeliveryScheduleList>
                                                    <proc:MonthlyDeliveryScheduleTotal>
                                                        <proc:ProcQuantity>6769</proc:ProcQuantity>
                                                        <proc:MonthlyDeliveryList>
                                                            <proc:MonthlyDelivery>
                                                                <proc:Month>2029-03</proc:Month>
                                                                <proc:Amount>6769</proc:Amount>
                                                            </proc:MonthlyDelivery>
                                                        </proc:MonthlyDeliveryList>
                                                    </proc:MonthlyDeliveryScheduleTotal>
                                                </proc:HistoryPlanning>
                                            </proc:HistoryPlanningList>
                                        </proc:Manufacturer>
                                    </proc:ManufacturerList>
                                </proc:CostElement>
                            </proc:CostElementList>
                            <proc:CategorySubtotal>
                                <proc:TotalCost>
                                    <proc:BudgetYearOneBase>12.44</proc:BudgetYearOneBase>
                                    <proc:BudgetYearOne>12.44</proc:BudgetYearOne>
                                </proc:TotalCost>
                            </proc:CategorySubtotal>
                        </proc:Recurring>
                        <proc:CategorySubtotal>
                            <proc:TotalCost>
                                <proc:BudgetYearOneBase>12.44</proc:BudgetYearOneBase>
                                <proc:BudgetYearOne>12.44</proc:BudgetYearOne>
                            </proc:TotalCost>
                        </proc:CategorySubtotal>
                    </proc:Hardware>
                    <proc:Support>
                        <proc:CostElementList>
                            <proc:CostElement>
                                <proc:Name>Acceptance Test</proc:Name>
                                <proc:Cost>
                                    <proc:TotalCost>
                                        <proc:AllPriorYears>0</proc:AllPriorYears>
                                        <proc:BudgetYearOneBase>0.125</proc:BudgetYearOneBase>
                                        <proc:BudgetYearOne>0.125</proc:BudgetYearOne>
                                    </proc:TotalCost>
                                </proc:Cost>
                            </proc:CostElement>
                            <proc:CostElement>
                                <proc:Name>First Article Test</proc:Name>
                                <proc:Cost>
                                    <proc:TotalCost>
                                        <proc:AllPriorYears>0</proc:AllPriorYears>
                                        <proc:BudgetYearOneBase>0.8</proc:BudgetYearOneBase>
                                        <proc:BudgetYearOne>0.8</proc:BudgetYearOne>
                                    </proc:TotalCost>
                                </proc:Cost>
                            </proc:CostElement>
                        </proc:CostElementList>
                        <proc:CategorySubtotal>
                            <proc:TotalCost>
                                <proc:BudgetYearOneBase>0.925</proc:BudgetYearOneBase>
                                <proc:BudgetYearOne>0.925</proc:BudgetYearOne>
                            </proc:TotalCost>
                        </proc:CategorySubtotal>
                        <proc:Name>Acceptance Testing</proc:Name>
                    </proc:Support>
                    <proc:Support>
                        <proc:CostElementList>
                            <proc:CostElement>
                                <proc:Name>Production Engineering</proc:Name>
                                <proc:Cost>
                                    <proc:TotalCost>
                                        <proc:CurrentYear>1.309</proc:CurrentYear>
                                        <proc:BudgetYearOneBase>4.174</proc:BudgetYearOneBase>
                                        <proc:BudgetYearOne>4.174</proc:BudgetYearOne>
                                    </proc:TotalCost>
                                </proc:Cost>
                            </proc:CostElement>
                        </proc:CostElementList>
                        <proc:CategorySubtotal>
                            <proc:TotalCost>
                                <proc:CurrentYear>1.309</proc:CurrentYear>
                                <proc:BudgetYearOneBase>4.174</proc:BudgetYearOneBase>
                                <proc:BudgetYearOne>4.174</proc:BudgetYearOne>
                            </proc:TotalCost>
                        </proc:CategorySubtotal>
                        <proc:Name>Production Engineering</proc:Name>
                    </proc:Support>
                    <proc:Support>
                        <proc:CostElementList>
                            <proc:CostElement>
                                <proc:Name>System Engineering</proc:Name>
                                <proc:Cost>
                                    <proc:TotalCost>
                                        <proc:AllPriorYears>0.489</proc:AllPriorYears>
                                    </proc:TotalCost>
                                </proc:Cost>
                            </proc:CostElement>
                        </proc:CostElementList>
                        <proc:CategorySubtotal>
                            <proc:TotalCost>
                                <proc:AllPriorYears>0.489</proc:AllPriorYears>
                            </proc:TotalCost>
                        </proc:CategorySubtotal>
                        <proc:Name>System Engineering</proc:Name>
                    </proc:Support>
                </proc:CostElementCategoryList>
            </proc:P5Item>
        </proc:ItemExhibitList>
        <proc:DocumentAssemblyOptions>
            <proc:p40AItemScheduleSetting>item</proc:p40AItemScheduleSetting>
        </proc:DocumentAssemblyOptions>
    </proc:LineItem>
</proc:LineItemList>