<?xml version="1.0" encoding="UTF-8"?>
<proc:LineItemList xmlns:proc="http://www.dtic.mil/comptroller/xml/schema/20100219/procurement">
    <proc:LineItem quantityUnits="Each" quantityUnitName="Each" unitCostUnits="Dollars" totalCostUnits="Millions" manufacturerRateUnits="Monthly">
        <proc:LineItemNumber>1430E91901</proc:LineItemNumber>
        <proc:LineItemTitle>Non-Lethal Ammunition, All Types</proc:LineItemTitle>
        <proc:P1LineNumber>33</proc:P1LineNumber>
        <proc:BudgetYear>2026</proc:BudgetYear>
        <proc:BudgetCycle>PB</proc:BudgetCycle>
        <proc:SubmissionDate>2025-06</proc:SubmissionDate>
        <proc:ServiceAgencyName>Army</proc:ServiceAgencyName>
        <proc:AppropriationNumber>2034A</proc:AppropriationNumber>
        <proc:AppropriationTitle>Procurement of Ammunition, Army</proc:AppropriationTitle>
        <proc:BudgetActivityNumber>1</proc:BudgetActivityNumber>
        <proc:BudgetActivityTitle>Ammunition</proc:BudgetActivityTitle>
        <proc:BudgetSubActivityNumber>50</proc:BudgetSubActivityNumber>
        <proc:BudgetSubActivityTitle>Miscellaneous</proc:BudgetSubActivityTitle>
        <proc:ResourceSummary>
            <proc:TotalCost>
                <proc:AllPriorYears>14.943</proc:AllPriorYears>
                <proc:PriorYear>0.699</proc:PriorYear>
            </proc:TotalCost>
            <proc:NetProcurementP1>
                <proc:AllPriorYears>14.943</proc:AllPriorYears>
                <proc:PriorYear>0.699</proc:PriorYear>
            </proc:NetProcurementP1>
            <proc:TotalObligationAuthority>
                <proc:AllPriorYears>14.943</proc:AllPriorYears>
                <proc:PriorYear>0.699</proc:PriorYear>
            </proc:TotalObligationAuthority>
        </proc:ResourceSummary>
        <proc:Description>This budget line item procures Non-Lethal Ammunition, All Types

(E84900) GRENADE, STUN, M84 - The M84 Stun Hand Grenades are used as diversionary or distraction devices during building and room clearing operations when the presence of noncombatants is likely or expected and the assaulting element is attempting to achieve surprise. The handheld device is designed to be thrown into a room (through an open door, a standard glass window, or other opening) where it delivers a loud bang and bright flash sufficient to temporarily disorient personnel in the room. This item is Code A, approved for service use.</proc:Description>
        <proc:Justification>FY 2026 Base Budget supports critical Army Title 10 war reserve/operational, training, and test requirements IAW DoD Instruction 3000.04 (Munitions Requirements Process) and AR 5-13 (Total Army Munitions Requirements Process and Prioritization System). War reserve requirements support OSD-approved Combatant Commander Operational Plans, Homeland Defense, and other OSD-directed missions. Training requirements support individual and collective training of Active and Reserve Component forces at Army schools, home station, and the combined training centers. Test requirements support the development, fielding, safety, and quality assurance of Army munitions and equipment throughout their life cycle. 

In accordance with Section 1815 of the FY 2008 National Defense Authorization Act (P.L. 110-181), this item is necessary for use by the active and reserve components of the Armed Forces for homeland defense missions, domestic emergency responses, and providing military support to civil authorities.

(E84900) GRENADE, STUN, M84 - This is a training standard item used in both training and combat. The request supports annual training and builds a war reserve inventory in accordance with the Army's procurement goal. There is no FY 2026 budget request for this item.
Type Classification Date: September 1998</proc:Justification>
        <proc:DocumentAssemblyOptions>
            <proc:p40AItemScheduleSetting>item</proc:p40AItemScheduleSetting>
        </proc:DocumentAssemblyOptions>
    </proc:LineItem>
</proc:LineItemList>