<?xml version="1.0" encoding="UTF-8"?>
<proc:LineItemList xmlns:proc="http://www.dtic.mil/comptroller/xml/schema/20100219/procurement">
    <proc:LineItem quantityUnits="Each" quantityUnitName="Each" unitCostUnits="Dollars" totalCostUnits="Millions" manufacturerRateUnits="Monthly">
        <proc:LineItemNumber>4099EP1700</proc:LineItemNumber>
        <proc:LineItemTitle>Conventional Munitions Demilitarization</proc:LineItemTitle>
        <proc:P1LineNumber>41</proc:P1LineNumber>
        <proc:BudgetYear>2026</proc:BudgetYear>
        <proc:BudgetCycle>PB</proc:BudgetCycle>
        <proc:SubmissionDate>2025-06</proc:SubmissionDate>
        <proc:ServiceAgencyName>Army</proc:ServiceAgencyName>
        <proc:AppropriationNumber>2034A</proc:AppropriationNumber>
        <proc:AppropriationTitle>Procurement of Ammunition, Army</proc:AppropriationTitle>
        <proc:BudgetActivityNumber>2</proc:BudgetActivityNumber>
        <proc:BudgetActivityTitle>Ammunition Production Base Support</proc:BudgetActivityTitle>
        <proc:BudgetSubActivityNumber>10</proc:BudgetSubActivityNumber>
        <proc:BudgetSubActivityTitle>Production Base Support</proc:BudgetSubActivityTitle>
        <proc:ResourceSummary>
            <proc:TotalCost>
                <proc:AllPriorYears>3935.597</proc:AllPriorYears>
                <proc:PriorYear>183.753</proc:PriorYear>
                <proc:CurrentYear>135.649</proc:CurrentYear>
                <proc:BudgetYearOneBase>155.05</proc:BudgetYearOneBase>
                <proc:BudgetYearOne>155.05</proc:BudgetYearOne>
            </proc:TotalCost>
            <proc:NetProcurementP1>
                <proc:AllPriorYears>3935.597</proc:AllPriorYears>
                <proc:PriorYear>183.753</proc:PriorYear>
                <proc:CurrentYear>135.649</proc:CurrentYear>
                <proc:BudgetYearOneBase>155.05</proc:BudgetYearOneBase>
                <proc:BudgetYearOne>155.05</proc:BudgetYearOne>
            </proc:NetProcurementP1>
            <proc:TotalObligationAuthority>
                <proc:AllPriorYears>3935.597</proc:AllPriorYears>
                <proc:PriorYear>183.753</proc:PriorYear>
                <proc:CurrentYear>135.649</proc:CurrentYear>
                <proc:BudgetYearOneBase>155.05</proc:BudgetYearOneBase>
                <proc:BudgetYearOne>155.05</proc:BudgetYearOne>
            </proc:TotalObligationAuthority>
        </proc:ResourceSummary>
        <proc:Description>The Conventional Munitions Demilitarization Program provides for the demilitarization (demil) and disposal of conventional ammunition and missiles that are unserviceable, obsolete, or excess to need for all Military Services per Department of Defense (DoD) Directive 5160.65 and DoD Instruction 5160.68. The program accomplishes demil using open burning/open detonation (OB/OD) processes or closed disposal technologies (CDT) with primary emphasis on resource recovery and recycling (R3). This program also provides technical support and services; packaging, crating, handling, and transportation (PCHT) of ammunition for demil projects at United States Army depots, plants and activities; commercial contracts that provide closed disposal technologies demil support and services and associated packaging, crating, handling, and transportation; and international operations, which include the European and Pacific Theaters.</proc:Description>
        <proc:Justification>FY 2026 funding will support the United States demilitarization and disposition of 25,173 tons of conv ammo and 4,140 tons of missile/components. This work is to be accomplished in both Continental United States (CONUS) and Outside the Continental United States (OCONUS). CONUS demil operations are performed by a combination of Government Owned, Government Operated (GOGO) facilities, Government Owned, Contractor Operated (GOCO) facilities as well as commercial contractors. Demil operations will focus on reducing the munitions with most tonnage, such as, Depleted Uranium (DU) munitions, 155mmHigh Explosive Anti-Personnel projectiles (ICM M449E1/E2), Anti-Personnel Landmines, Cluster Bomb munitions (CBU), Small Arm munitions, Various Missiles, Rocket Motors and Multiple Launch Rocket Motors. OCONUS demil operations are performed at Demilitarization Facilities in Japan as well as commercial contractors in the European Union. Cost increases in the various categories of the P-5 Cost Analysis Forms reflect decreases in quantities and tonnage of munitions being destroyed within those cost categories, and transportation to relocate munitions to sites with the capability to properly demilitarize and dispose.

As of 30 January 2025, the Single Manager for Conventional Ammunition (SMCA) Resource, Recovery and Disposition Account (B5A) contained 309,065 tons of ammunition in storage consisting of 260,032 tons of conventional ammunition and 49,033 tons of Missile Components. Reduction of the B5A account provides mission readiness to access munition, storage management efficiency of serviceable items, and available storage for newly produced munitions. Safety and environmental risks associated with emergency demil will increase with aging stockpile resulting in increased risk due to degrading munitions and increased costs to maintain required safety in storage inspections.</proc:Justification>
        <proc:ItemExhibitList>
            <proc:P5Item>
                <proc:Name>Conventional Ammunition Demilitarization (SMCA)</proc:Name>
                <proc:ItemNumber>EP1800</proc:ItemNumber>
                <proc:Remarks>Cost increases in the various categories of the P-5 Cost Analysis Forms reflect adjustments in quantities and tonnage of munitions being destroyed within those cost categories, and transportation to relocate munitions to sites with the capability to properly demilitarize and dispose.</proc:Remarks>
                <proc:ResourceSummary>
                    <proc:TotalCost>
                        <proc:AllPriorYears>3186.767</proc:AllPriorYears>
                        <proc:PriorYear>152.831</proc:PriorYear>
                        <proc:CurrentYear>106.103</proc:CurrentYear>
                        <proc:BudgetYearOneBase>122.994</proc:BudgetYearOneBase>
                        <proc:BudgetYearOne>122.994</proc:BudgetYearOne>
                    </proc:TotalCost>
                    <proc:NetProcurementP1>
                        <proc:AllPriorYears>3186.767</proc:AllPriorYears>
                        <proc:PriorYear>152.831</proc:PriorYear>
                        <proc:CurrentYear>106.103</proc:CurrentYear>
                        <proc:BudgetYearOneBase>122.994</proc:BudgetYearOneBase>
                        <proc:BudgetYearOne>122.994</proc:BudgetYearOne>
                    </proc:NetProcurementP1>
                    <proc:TotalObligationAuthority>
                        <proc:AllPriorYears>3186.767</proc:AllPriorYears>
                        <proc:PriorYear>152.831</proc:PriorYear>
                        <proc:CurrentYear>106.103</proc:CurrentYear>
                        <proc:BudgetYearOneBase>122.994</proc:BudgetYearOneBase>
                        <proc:BudgetYearOne>122.994</proc:BudgetYearOne>
                    </proc:TotalObligationAuthority>
                </proc:ResourceSummary>
                <proc:CostElementCategoryList>
                    <proc:Support>
                        <proc:CostElementList>
                            <proc:CostElement>
                                <proc:Name>WHITE PHOSPHORUS</proc:Name>
                                <proc:Cost>
                                    <proc:TotalCost>
                                        <proc:AllPriorYears>99.869</proc:AllPriorYears>
                                        <proc:PriorYear>2.36</proc:PriorYear>
                                    </proc:TotalCost>
                                </proc:Cost>
                            </proc:CostElement>
                            <proc:CostElement>
                                <proc:Name>DEMOLITION MATERIAL</proc:Name>
                                <proc:Cost>
                                    <proc:TotalCost>
                                        <proc:AllPriorYears>6.214</proc:AllPriorYears>
                                    </proc:TotalCost>
                                </proc:Cost>
                            </proc:CostElement>
                            <proc:CostElement>
                                <proc:Name>HE DETONATORS/BOOSTERS</proc:Name>
                                <proc:Cost>
                                    <proc:TotalCost>
                                        <proc:AllPriorYears>5.334</proc:AllPriorYears>
                                    </proc:TotalCost>
                                </proc:Cost>
                            </proc:CostElement>
                            <proc:CostElement>
                                <proc:Name>HE BOMBS</proc:Name>
                                <proc:Cost>
                                    <proc:TotalCost>
                                        <proc:AllPriorYears>47.693</proc:AllPriorYears>
                                        <proc:PriorYear>1.374</proc:PriorYear>
                                        <proc:BudgetYearOneBase>1.032</proc:BudgetYearOneBase>
                                        <proc:BudgetYearOne>1.032</proc:BudgetYearOne>
                                    </proc:TotalCost>
                                </proc:Cost>
                            </proc:CostElement>
                            <proc:CostElement>
                                <proc:Name>HE CARTRIDGES</proc:Name>
                                <proc:Cost>
                                    <proc:TotalCost>
                                        <proc:AllPriorYears>182.617</proc:AllPriorYears>
                                        <proc:PriorYear>1.861</proc:PriorYear>
                                        <proc:BudgetYearOneBase>1.298</proc:BudgetYearOneBase>
                                        <proc:BudgetYearOne>1.298</proc:BudgetYearOne>
                                    </proc:TotalCost>
                                </proc:Cost>
                            </proc:CostElement>
                            <proc:CostElement>
                                <proc:Name>GRENADES</proc:Name>
                                <proc:Cost>
                                    <proc:TotalCost>
                                        <proc:AllPriorYears>5.14</proc:AllPriorYears>
                                    </proc:TotalCost>
                                </proc:Cost>
                            </proc:CostElement>
                            <proc:CostElement>
                                <proc:Name>HE DEPTH CHARGES</proc:Name>
                                <proc:Cost>
                                    <proc:TotalCost>
                                        <proc:AllPriorYears>17.572</proc:AllPriorYears>
                                    </proc:TotalCost>
                                </proc:Cost>
                            </proc:CostElement>
                            <proc:CostElement>
                                <proc:Name>CLUSTER BOMBS/ICM; ANTI-TANK &amp; PERSONNEL</proc:Name>
                                <proc:Cost>
                                    <proc:TotalCost>
                                        <proc:AllPriorYears>368.52</proc:AllPriorYears>
                                        <proc:PriorYear>9.375</proc:PriorYear>
                                        <proc:CurrentYear>38.72</proc:CurrentYear>
                                        <proc:BudgetYearOneBase>27.812</proc:BudgetYearOneBase>
                                        <proc:BudgetYearOne>27.812</proc:BudgetYearOne>
                                    </proc:TotalCost>
                                </proc:Cost>
                            </proc:CostElement>
                            <proc:CostElement>
                                <proc:Name>HE LAND MINES</proc:Name>
                                <proc:Cost>
                                    <proc:TotalCost>
                                        <proc:AllPriorYears>90.317</proc:AllPriorYears>
                                    </proc:TotalCost>
                                </proc:Cost>
                            </proc:CostElement>
                            <proc:CostElement>
                                <proc:Name>INERT</proc:Name>
                                <proc:Cost>
                                    <proc:TotalCost>
                                        <proc:AllPriorYears>40.246</proc:AllPriorYears>
                                    </proc:TotalCost>
                                </proc:Cost>
                            </proc:CostElement>
                            <proc:CostElement>
                                <proc:Name>MULTIPLE FAMILY</proc:Name>
                                <proc:Cost>
                                    <proc:TotalCost>
                                        <proc:AllPriorYears>527.908</proc:AllPriorYears>
                                        <proc:PriorYear>11.315</proc:PriorYear>
                                        <proc:CurrentYear>2.295</proc:CurrentYear>
                                        <proc:BudgetYearOneBase>10.37</proc:BudgetYearOneBase>
                                        <proc:BudgetYearOne>10.37</proc:BudgetYearOne>
                                    </proc:TotalCost>
                                </proc:Cost>
                            </proc:CostElement>
                            <proc:CostElement>
                                <proc:Name>BULK HIGH EXPLOSIVES</proc:Name>
                                <proc:Cost>
                                    <proc:TotalCost>
                                        <proc:AllPriorYears>127.18</proc:AllPriorYears>
                                    </proc:TotalCost>
                                </proc:Cost>
                            </proc:CostElement>
                            <proc:CostElement>
                                <proc:Name>PROPELLANT CHARGES/INCREMENT CHARGES</proc:Name>
                                <proc:Cost>
                                    <proc:TotalCost>
                                        <proc:AllPriorYears>158.803</proc:AllPriorYears>
                                    </proc:TotalCost>
                                </proc:Cost>
                            </proc:CostElement>
                            <proc:CostElement>
                                <proc:Name>TARGET PRACTICES/ 40MM ANTI-AIRCRAFT</proc:Name>
                                <proc:Cost>
                                    <proc:TotalCost>
                                        <proc:AllPriorYears>52.158</proc:AllPriorYears>
                                        <proc:BudgetYearOneBase>0.974</proc:BudgetYearOneBase>
                                        <proc:BudgetYearOne>0.974</proc:BudgetYearOne>
                                    </proc:TotalCost>
                                </proc:Cost>
                            </proc:CostElement>
                            <proc:CostElement>
                                <proc:Name>SMALL ARMS AMMO THRU 20MM</proc:Name>
                                <proc:Cost>
                                    <proc:TotalCost>
                                        <proc:AllPriorYears>39.992</proc:AllPriorYears>
                                        <proc:PriorYear>7.032</proc:PriorYear>
                                        <proc:CurrentYear>5.042</proc:CurrentYear>
                                        <proc:BudgetYearOneBase>5.281</proc:BudgetYearOneBase>
                                        <proc:BudgetYearOne>5.281</proc:BudgetYearOne>
                                    </proc:TotalCost>
                                </proc:Cost>
                            </proc:CostElement>
                            <proc:CostElement>
                                <proc:Name>INCINERABLE MUNITIONS/ MISCELLANEOUS</proc:Name>
                                <proc:Cost>
                                    <proc:TotalCost>
                                        <proc:AllPriorYears>80.805</proc:AllPriorYears>
                                        <proc:PriorYear>4.151</proc:PriorYear>
                                        <proc:BudgetYearOneBase>2.42</proc:BudgetYearOneBase>
                                        <proc:BudgetYearOne>2.42</proc:BudgetYearOne>
                                    </proc:TotalCost>
                                </proc:Cost>
                            </proc:CostElement>
                            <proc:CostElement>
                                <proc:Name>FUZES</proc:Name>
                                <proc:Cost>
                                    <proc:TotalCost>
                                        <proc:AllPriorYears>55.862</proc:AllPriorYears>
                                        <proc:BudgetYearOneBase>1.01</proc:BudgetYearOneBase>
                                        <proc:BudgetYearOne>1.01</proc:BudgetYearOne>
                                    </proc:TotalCost>
                                </proc:Cost>
                            </proc:CostElement>
                            <proc:CostElement>
                                <proc:Name>TRANSPORTATION</proc:Name>
                                <proc:Cost>
                                    <proc:TotalCost>
                                        <proc:AllPriorYears>223.689</proc:AllPriorYears>
                                        <proc:PriorYear>16.473</proc:PriorYear>
                                        <proc:CurrentYear>11.91</proc:CurrentYear>
                                        <proc:BudgetYearOneBase>7.086</proc:BudgetYearOneBase>
                                        <proc:BudgetYearOne>7.086</proc:BudgetYearOne>
                                    </proc:TotalCost>
                                </proc:Cost>
                            </proc:CostElement>
                            <proc:CostElement>
                                <proc:Name>MUNITIONS CHARACTERIZATION</proc:Name>
                                <proc:Cost>
                                    <proc:TotalCost>
                                        <proc:AllPriorYears>90.479</proc:AllPriorYears>
                                        <proc:PriorYear>2.766</proc:PriorYear>
                                        <proc:CurrentYear>2.5</proc:CurrentYear>
                                        <proc:BudgetYearOneBase>5.6</proc:BudgetYearOneBase>
                                        <proc:BudgetYearOne>5.6</proc:BudgetYearOne>
                                    </proc:TotalCost>
                                </proc:Cost>
                            </proc:CostElement>
                            <proc:CostElement>
                                <proc:Name>OCONUS DEMIL - EUCOM</proc:Name>
                                <proc:Cost>
                                    <proc:TotalCost>
                                        <proc:AllPriorYears>48.721</proc:AllPriorYears>
                                        <proc:PriorYear>0.466</proc:PriorYear>
                                        <proc:CurrentYear>0.4</proc:CurrentYear>
                                        <proc:BudgetYearOneBase>0.2</proc:BudgetYearOneBase>
                                        <proc:BudgetYearOne>0.2</proc:BudgetYearOne>
                                    </proc:TotalCost>
                                </proc:Cost>
                            </proc:CostElement>
                            <proc:CostElement>
                                <proc:Name>OCONUS DEMIL - PACOM</proc:Name>
                                <proc:Cost>
                                    <proc:TotalCost>
                                        <proc:AllPriorYears>11.683</proc:AllPriorYears>
                                        <proc:PriorYear>0.346</proc:PriorYear>
                                        <proc:CurrentYear>0.35</proc:CurrentYear>
                                        <proc:BudgetYearOneBase>0.3</proc:BudgetYearOneBase>
                                        <proc:BudgetYearOne>0.3</proc:BudgetYearOne>
                                    </proc:TotalCost>
                                </proc:Cost>
                            </proc:CostElement>
                            <proc:CostElement>
                                <proc:Name>CONTRACT - CONUS DEMIL</proc:Name>
                                <proc:Cost>
                                    <proc:TotalCost>
                                        <proc:AllPriorYears>821.45</proc:AllPriorYears>
                                        <proc:PriorYear>59.701</proc:PriorYear>
                                        <proc:CurrentYear>31.474</proc:CurrentYear>
                                        <proc:BudgetYearOneBase>44.031</proc:BudgetYearOneBase>
                                        <proc:BudgetYearOne>44.031</proc:BudgetYearOne>
                                    </proc:TotalCost>
                                </proc:Cost>
                            </proc:CostElement>
                            <proc:CostElement>
                                <proc:Name>DU Cartridges</proc:Name>
                                <proc:Cost>
                                    <proc:TotalCost>
                                        <proc:AllPriorYears>24.316</proc:AllPriorYears>
                                        <proc:PriorYear>11.068</proc:PriorYear>
                                        <proc:CurrentYear>11.412</proc:CurrentYear>
                                        <proc:BudgetYearOneBase>14.92</proc:BudgetYearOneBase>
                                        <proc:BudgetYearOne>14.92</proc:BudgetYearOne>
                                    </proc:TotalCost>
                                </proc:Cost>
                            </proc:CostElement>
                            <proc:CostElement>
                                <proc:Name>ROCKET MOTORS</proc:Name>
                                <proc:Cost>
                                    <proc:TotalCost>
                                        <proc:PriorYear>2.674</proc:PriorYear>
                                    </proc:TotalCost>
                                </proc:Cost>
                            </proc:CostElement>
                            <proc:CostElement>
                                <proc:Name>Smoke Illum</proc:Name>
                                <proc:Cost>
                                    <proc:TotalCost>
                                        <proc:PriorYear>1.948</proc:PriorYear>
                                    </proc:TotalCost>
                                </proc:Cost>
                            </proc:CostElement>
                        </proc:CostElementList>
                        <proc:CategorySubtotal>
                            <proc:TotalCost>
                                <proc:AllPriorYears>3126.568</proc:AllPriorYears>
                                <proc:PriorYear>132.91</proc:PriorYear>
                                <proc:CurrentYear>104.103</proc:CurrentYear>
                                <proc:BudgetYearOneBase>122.334</proc:BudgetYearOneBase>
                                <proc:BudgetYearOne>122.334</proc:BudgetYearOne>
                            </proc:TotalCost>
                        </proc:CategorySubtotal>
                        <proc:Name>Demilitarization</proc:Name>
                    </proc:Support>
                    <proc:Support>
                        <proc:CostElementList>
                            <proc:CostElement>
                                <proc:Name>Government Management</proc:Name>
                                <proc:Cost>
                                    <proc:TotalCost>
                                        <proc:AllPriorYears>60.199</proc:AllPriorYears>
                                        <proc:PriorYear>19.921</proc:PriorYear>
                                        <proc:CurrentYear>2</proc:CurrentYear>
                                        <proc:BudgetYearOneBase>0.66</proc:BudgetYearOneBase>
                                        <proc:BudgetYearOne>0.66</proc:BudgetYearOne>
                                    </proc:TotalCost>
                                </proc:Cost>
                            </proc:CostElement>
                        </proc:CostElementList>
                        <proc:CategorySubtotal>
                            <proc:TotalCost>
                                <proc:AllPriorYears>60.199</proc:AllPriorYears>
                                <proc:PriorYear>19.921</proc:PriorYear>
                                <proc:CurrentYear>2</proc:CurrentYear>
                                <proc:BudgetYearOneBase>0.66</proc:BudgetYearOneBase>
                                <proc:BudgetYearOne>0.66</proc:BudgetYearOne>
                            </proc:TotalCost>
                        </proc:CategorySubtotal>
                        <proc:Name>Program Management</proc:Name>
                    </proc:Support>
                </proc:CostElementCategoryList>
            </proc:P5Item>
            <proc:P5Item>
                <proc:Name>Other Non-Army Service Demil Items (non-SMCA)</proc:Name>
                <proc:ItemNumber>EP1801</proc:ItemNumber>
                <proc:Remarks>Cost increases in the various categories of the P-5 Cost Analysis Forms reflect adjustments in quantities and tonnage of munitions being destroyed within those cost categories.</proc:Remarks>
                <proc:ResourceSummary>
                    <proc:TotalCost>
                        <proc:AllPriorYears>122.282</proc:AllPriorYears>
                        <proc:PriorYear>7.486</proc:PriorYear>
                        <proc:CurrentYear>9.264</proc:CurrentYear>
                        <proc:BudgetYearOneBase>10.189</proc:BudgetYearOneBase>
                        <proc:BudgetYearOne>10.189</proc:BudgetYearOne>
                    </proc:TotalCost>
                    <proc:NetProcurementP1>
                        <proc:AllPriorYears>122.282</proc:AllPriorYears>
                        <proc:PriorYear>7.486</proc:PriorYear>
                        <proc:CurrentYear>9.264</proc:CurrentYear>
                        <proc:BudgetYearOneBase>10.189</proc:BudgetYearOneBase>
                        <proc:BudgetYearOne>10.189</proc:BudgetYearOne>
                    </proc:NetProcurementP1>
                    <proc:TotalObligationAuthority>
                        <proc:AllPriorYears>122.282</proc:AllPriorYears>
                        <proc:PriorYear>7.486</proc:PriorYear>
                        <proc:CurrentYear>9.264</proc:CurrentYear>
                        <proc:BudgetYearOneBase>10.189</proc:BudgetYearOneBase>
                        <proc:BudgetYearOne>10.189</proc:BudgetYearOne>
                    </proc:TotalObligationAuthority>
                </proc:ResourceSummary>
                <proc:CostElementCategoryList>
                    <proc:Support>
                        <proc:CostElementList>
                            <proc:CostElement>
                                <proc:Name>TORPEDOES</proc:Name>
                                <proc:Cost>
                                    <proc:TotalCost>
                                        <proc:AllPriorYears>44.885</proc:AllPriorYears>
                                    </proc:TotalCost>
                                </proc:Cost>
                            </proc:CostElement>
                            <proc:CostElement>
                                <proc:Name>SONOBUOYS</proc:Name>
                                <proc:Cost>
                                    <proc:TotalCost>
                                        <proc:AllPriorYears>2.404</proc:AllPriorYears>
                                        <proc:PriorYear>2.329</proc:PriorYear>
                                    </proc:TotalCost>
                                </proc:Cost>
                            </proc:CostElement>
                            <proc:CostElement>
                                <proc:Name>CONTRACT - CONUS DEMIL</proc:Name>
                                <proc:Cost>
                                    <proc:TotalCost>
                                        <proc:AllPriorYears>31.372</proc:AllPriorYears>
                                    </proc:TotalCost>
                                </proc:Cost>
                            </proc:CostElement>
                            <proc:CostElement>
                                <proc:Name>TRANSPORTATION</proc:Name>
                                <proc:Cost>
                                    <proc:TotalCost>
                                        <proc:AllPriorYears>4.19</proc:AllPriorYears>
                                    </proc:TotalCost>
                                </proc:Cost>
                            </proc:CostElement>
                            <proc:CostElement>
                                <proc:Name>MULTIPLE FAMILY</proc:Name>
                                <proc:Cost>
                                    <proc:TotalCost>
                                        <proc:AllPriorYears>1.503</proc:AllPriorYears>
                                    </proc:TotalCost>
                                </proc:Cost>
                            </proc:CostElement>
                            <proc:CostElement>
                                <proc:Name>HE BOMBS</proc:Name>
                                <proc:Cost>
                                    <proc:TotalCost>
                                        <proc:AllPriorYears>1.097</proc:AllPriorYears>
                                    </proc:TotalCost>
                                </proc:Cost>
                            </proc:CostElement>
                            <proc:CostElement>
                                <proc:Name>CLUSTER BOMBS/ICM; ANTI-TANK &amp; PERSONNEL</proc:Name>
                                <proc:Cost>
                                    <proc:TotalCost>
                                        <proc:AllPriorYears>17.913</proc:AllPriorYears>
                                        <proc:PriorYear>5.157</proc:PriorYear>
                                        <proc:CurrentYear>9.264</proc:CurrentYear>
                                        <proc:BudgetYearOneBase>10.189</proc:BudgetYearOneBase>
                                        <proc:BudgetYearOne>10.189</proc:BudgetYearOne>
                                    </proc:TotalCost>
                                </proc:Cost>
                            </proc:CostElement>
                            <proc:CostElement>
                                <proc:Name>DU Cartridges</proc:Name>
                                <proc:Cost>
                                    <proc:TotalCost>
                                        <proc:AllPriorYears>18.918</proc:AllPriorYears>
                                    </proc:TotalCost>
                                </proc:Cost>
                            </proc:CostElement>
                        </proc:CostElementList>
                        <proc:CategorySubtotal>
                            <proc:TotalCost>
                                <proc:AllPriorYears>122.282</proc:AllPriorYears>
                                <proc:PriorYear>7.486</proc:PriorYear>
                                <proc:CurrentYear>9.264</proc:CurrentYear>
                                <proc:BudgetYearOneBase>10.189</proc:BudgetYearOneBase>
                                <proc:BudgetYearOne>10.189</proc:BudgetYearOne>
                            </proc:TotalCost>
                        </proc:CategorySubtotal>
                        <proc:Name>Demilitarization</proc:Name>
                    </proc:Support>
                </proc:CostElementCategoryList>
            </proc:P5Item>
            <proc:P5Item>
                <proc:Name>Army Missile Demilitarization</proc:Name>
                <proc:ItemNumber>EP1802</proc:ItemNumber>
                <proc:Remarks>Cost increases in the various categories of the P-5 Cost Analysis Forms reflect adjustments in quantities and tonnage of munitions being destroyed within those cost categories, and transportation to relocate munitions to sites with the capability to properly demilitarize and dispose.</proc:Remarks>
                <proc:ResourceSummary>
                    <proc:TotalCost>
                        <proc:AllPriorYears>567.49</proc:AllPriorYears>
                        <proc:PriorYear>18.378</proc:PriorYear>
                        <proc:CurrentYear>11.047</proc:CurrentYear>
                        <proc:BudgetYearOneBase>11.902</proc:BudgetYearOneBase>
                        <proc:BudgetYearOne>11.902</proc:BudgetYearOne>
                    </proc:TotalCost>
                    <proc:NetProcurementP1>
                        <proc:AllPriorYears>567.49</proc:AllPriorYears>
                        <proc:PriorYear>18.378</proc:PriorYear>
                        <proc:CurrentYear>11.047</proc:CurrentYear>
                        <proc:BudgetYearOneBase>11.902</proc:BudgetYearOneBase>
                        <proc:BudgetYearOne>11.902</proc:BudgetYearOne>
                    </proc:NetProcurementP1>
                    <proc:TotalObligationAuthority>
                        <proc:AllPriorYears>567.49</proc:AllPriorYears>
                        <proc:PriorYear>18.378</proc:PriorYear>
                        <proc:CurrentYear>11.047</proc:CurrentYear>
                        <proc:BudgetYearOneBase>11.902</proc:BudgetYearOneBase>
                        <proc:BudgetYearOne>11.902</proc:BudgetYearOne>
                    </proc:TotalObligationAuthority>
                </proc:ResourceSummary>
                <proc:CostElementCategoryList>
                    <proc:Support>
                        <proc:CostElementList>
                            <proc:CostElement>
                                <proc:Name>MULTIPLE LAUNCH ROCKET SYSTEM</proc:Name>
                                <proc:Cost>
                                    <proc:TotalCost>
                                        <proc:AllPriorYears>252.318</proc:AllPriorYears>
                                        <proc:PriorYear>3.834</proc:PriorYear>
                                        <proc:CurrentYear>2.376</proc:CurrentYear>
                                        <proc:BudgetYearOneBase>4.346</proc:BudgetYearOneBase>
                                        <proc:BudgetYearOne>4.346</proc:BudgetYearOne>
                                    </proc:TotalCost>
                                </proc:Cost>
                            </proc:CostElement>
                            <proc:CostElement>
                                <proc:Name>ROCKET MOTORS</proc:Name>
                                <proc:Cost>
                                    <proc:TotalCost>
                                        <proc:AllPriorYears>10.845</proc:AllPriorYears>
                                        <proc:PriorYear>0.897</proc:PriorYear>
                                        <proc:CurrentYear>1.639</proc:CurrentYear>
                                        <proc:BudgetYearOneBase>1.278</proc:BudgetYearOneBase>
                                        <proc:BudgetYearOne>1.278</proc:BudgetYearOne>
                                    </proc:TotalCost>
                                </proc:Cost>
                            </proc:CostElement>
                            <proc:CostElement>
                                <proc:Name>TOW CD/R3</proc:Name>
                                <proc:Cost>
                                    <proc:TotalCost>
                                        <proc:AllPriorYears>42.037</proc:AllPriorYears>
                                        <proc:PriorYear>0.013</proc:PriorYear>
                                        <proc:CurrentYear>0.014</proc:CurrentYear>
                                        <proc:BudgetYearOneBase>0.014</proc:BudgetYearOneBase>
                                        <proc:BudgetYearOne>0.014</proc:BudgetYearOne>
                                    </proc:TotalCost>
                                </proc:Cost>
                            </proc:CostElement>
                            <proc:CostElement>
                                <proc:Name>HELLFIRE</proc:Name>
                                <proc:Cost>
                                    <proc:TotalCost>
                                        <proc:AllPriorYears>0.652</proc:AllPriorYears>
                                        <proc:PriorYear>0.024</proc:PriorYear>
                                        <proc:CurrentYear>0.008</proc:CurrentYear>
                                        <proc:BudgetYearOneBase>0.033</proc:BudgetYearOneBase>
                                        <proc:BudgetYearOne>0.033</proc:BudgetYearOne>
                                    </proc:TotalCost>
                                </proc:Cost>
                            </proc:CostElement>
                            <proc:CostElement>
                                <proc:Name>STINGER</proc:Name>
                                <proc:Cost>
                                    <proc:TotalCost>
                                        <proc:AllPriorYears>2.596</proc:AllPriorYears>
                                    </proc:TotalCost>
                                </proc:Cost>
                            </proc:CostElement>
                            <proc:CostElement>
                                <proc:Name>PATRIOT</proc:Name>
                                <proc:Cost>
                                    <proc:TotalCost>
                                        <proc:AllPriorYears>4.5</proc:AllPriorYears>
                                        <proc:PriorYear>1.044</proc:PriorYear>
                                        <proc:CurrentYear>0.62</proc:CurrentYear>
                                        <proc:BudgetYearOneBase>0.673</proc:BudgetYearOneBase>
                                        <proc:BudgetYearOne>0.673</proc:BudgetYearOne>
                                    </proc:TotalCost>
                                </proc:Cost>
                            </proc:CostElement>
                            <proc:CostElement>
                                <proc:Name>HONEST JOHN</proc:Name>
                                <proc:Cost>
                                    <proc:TotalCost>
                                        <proc:AllPriorYears>2.021</proc:AllPriorYears>
                                        <proc:PriorYear>0.501</proc:PriorYear>
                                        <proc:CurrentYear>0.12</proc:CurrentYear>
                                        <proc:BudgetYearOneBase>0.08</proc:BudgetYearOneBase>
                                        <proc:BudgetYearOne>0.08</proc:BudgetYearOne>
                                    </proc:TotalCost>
                                </proc:Cost>
                            </proc:CostElement>
                            <proc:CostElement>
                                <proc:Name>MISSILE COMPONENTS</proc:Name>
                                <proc:Cost>
                                    <proc:TotalCost>
                                        <proc:AllPriorYears>73.143</proc:AllPriorYears>
                                        <proc:PriorYear>1.1</proc:PriorYear>
                                        <proc:CurrentYear>0.825</proc:CurrentYear>
                                        <proc:BudgetYearOneBase>0.652</proc:BudgetYearOneBase>
                                        <proc:BudgetYearOne>0.652</proc:BudgetYearOne>
                                    </proc:TotalCost>
                                </proc:Cost>
                            </proc:CostElement>
                            <proc:CostElement>
                                <proc:Name>HAWK MOTORS</proc:Name>
                                <proc:Cost>
                                    <proc:TotalCost>
                                        <proc:AllPriorYears>4.994</proc:AllPriorYears>
                                        <proc:CurrentYear>0.311</proc:CurrentYear>
                                        <proc:BudgetYearOneBase>0.28</proc:BudgetYearOneBase>
                                        <proc:BudgetYearOne>0.28</proc:BudgetYearOne>
                                    </proc:TotalCost>
                                </proc:Cost>
                            </proc:CostElement>
                            <proc:CostElement>
                                <proc:Name>DEMIL PROCESS IMPROVEMENTS</proc:Name>
                                <proc:Cost>
                                    <proc:TotalCost>
                                        <proc:AllPriorYears>97.315</proc:AllPriorYears>
                                        <proc:PriorYear>3.356</proc:PriorYear>
                                        <proc:BudgetYearOneBase>0.75</proc:BudgetYearOneBase>
                                        <proc:BudgetYearOne>0.75</proc:BudgetYearOne>
                                    </proc:TotalCost>
                                </proc:Cost>
                            </proc:CostElement>
                            <proc:CostElement>
                                <proc:Name>TRANSPORTATION</proc:Name>
                                <proc:Cost>
                                    <proc:TotalCost>
                                        <proc:AllPriorYears>28.159</proc:AllPriorYears>
                                        <proc:PriorYear>0.554</proc:PriorYear>
                                        <proc:CurrentYear>1.005</proc:CurrentYear>
                                        <proc:BudgetYearOneBase>1.296</proc:BudgetYearOneBase>
                                        <proc:BudgetYearOne>1.296</proc:BudgetYearOne>
                                    </proc:TotalCost>
                                </proc:Cost>
                            </proc:CostElement>
                            <proc:CostElement>
                                <proc:Name>MULTIPLE FAMILY</proc:Name>
                                <proc:Cost>
                                    <proc:TotalCost>
                                        <proc:AllPriorYears>4.393</proc:AllPriorYears>
                                        <proc:PriorYear>4.542</proc:PriorYear>
                                    </proc:TotalCost>
                                </proc:Cost>
                            </proc:CostElement>
                            <proc:CostElement>
                                <proc:Name>CONTRACT - CONUS DEMIL</proc:Name>
                                <proc:Cost>
                                    <proc:TotalCost>
                                        <proc:AllPriorYears>2.241</proc:AllPriorYears>
                                        <proc:CurrentYear>0.8</proc:CurrentYear>
                                    </proc:TotalCost>
                                </proc:Cost>
                            </proc:CostElement>
                        </proc:CostElementList>
                        <proc:CategorySubtotal>
                            <proc:TotalCost>
                                <proc:AllPriorYears>525.214</proc:AllPriorYears>
                                <proc:PriorYear>15.865</proc:PriorYear>
                                <proc:CurrentYear>7.718</proc:CurrentYear>
                                <proc:BudgetYearOneBase>9.402</proc:BudgetYearOneBase>
                                <proc:BudgetYearOne>9.402</proc:BudgetYearOne>
                            </proc:TotalCost>
                        </proc:CategorySubtotal>
                        <proc:Name>Demilitarization</proc:Name>
                    </proc:Support>
                    <proc:Support>
                        <proc:CostElementList>
                            <proc:CostElement>
                                <proc:Name>Government Management</proc:Name>
                                <proc:Cost>
                                    <proc:TotalCost>
                                        <proc:AllPriorYears>42.276</proc:AllPriorYears>
                                        <proc:PriorYear>2.513</proc:PriorYear>
                                        <proc:CurrentYear>3.329</proc:CurrentYear>
                                        <proc:BudgetYearOneBase>2.5</proc:BudgetYearOneBase>
                                        <proc:BudgetYearOne>2.5</proc:BudgetYearOne>
                                    </proc:TotalCost>
                                </proc:Cost>
                            </proc:CostElement>
                        </proc:CostElementList>
                        <proc:CategorySubtotal>
                            <proc:TotalCost>
                                <proc:AllPriorYears>42.276</proc:AllPriorYears>
                                <proc:PriorYear>2.513</proc:PriorYear>
                                <proc:CurrentYear>3.329</proc:CurrentYear>
                                <proc:BudgetYearOneBase>2.5</proc:BudgetYearOneBase>
                                <proc:BudgetYearOne>2.5</proc:BudgetYearOne>
                            </proc:TotalCost>
                        </proc:CategorySubtotal>
                        <proc:Name>Program Management</proc:Name>
                    </proc:Support>
                </proc:CostElementCategoryList>
            </proc:P5Item>
            <proc:P5Item>
                <proc:Name>Non-Army Missile Demilitarization</proc:Name>
                <proc:ItemNumber>EP1803</proc:ItemNumber>
                <proc:Remarks>Cost increases in the various categories of the P-5 Cost Analysis Forms reflect adjustments in quantities and tonnage of munitions being destroyed within those cost categories.</proc:Remarks>
                <proc:ResourceSummary>
                    <proc:TotalCost>
                        <proc:AllPriorYears>59.058</proc:AllPriorYears>
                        <proc:PriorYear>5.058</proc:PriorYear>
                        <proc:CurrentYear>9.235</proc:CurrentYear>
                        <proc:BudgetYearOneBase>9.965</proc:BudgetYearOneBase>
                        <proc:BudgetYearOne>9.965</proc:BudgetYearOne>
                    </proc:TotalCost>
                    <proc:NetProcurementP1>
                        <proc:AllPriorYears>59.058</proc:AllPriorYears>
                        <proc:PriorYear>5.058</proc:PriorYear>
                        <proc:CurrentYear>9.235</proc:CurrentYear>
                        <proc:BudgetYearOneBase>9.965</proc:BudgetYearOneBase>
                        <proc:BudgetYearOne>9.965</proc:BudgetYearOne>
                    </proc:NetProcurementP1>
                    <proc:TotalObligationAuthority>
                        <proc:AllPriorYears>59.058</proc:AllPriorYears>
                        <proc:PriorYear>5.058</proc:PriorYear>
                        <proc:CurrentYear>9.235</proc:CurrentYear>
                        <proc:BudgetYearOneBase>9.965</proc:BudgetYearOneBase>
                        <proc:BudgetYearOne>9.965</proc:BudgetYearOne>
                    </proc:TotalObligationAuthority>
                </proc:ResourceSummary>
                <proc:CostElementCategoryList>
                    <proc:Support>
                        <proc:CostElementList>
                            <proc:CostElement>
                                <proc:Name>HE MISSILES</proc:Name>
                                <proc:Cost>
                                    <proc:TotalCost>
                                        <proc:AllPriorYears>40.006</proc:AllPriorYears>
                                        <proc:PriorYear>0.311</proc:PriorYear>
                                        <proc:CurrentYear>3.009</proc:CurrentYear>
                                        <proc:BudgetYearOneBase>1.27</proc:BudgetYearOneBase>
                                        <proc:BudgetYearOne>1.27</proc:BudgetYearOne>
                                    </proc:TotalCost>
                                </proc:Cost>
                            </proc:CostElement>
                            <proc:CostElement>
                                <proc:Name>ROCKET MOTORS</proc:Name>
                                <proc:Cost>
                                    <proc:TotalCost>
                                        <proc:AllPriorYears>7.257</proc:AllPriorYears>
                                        <proc:PriorYear>1.877</proc:PriorYear>
                                        <proc:CurrentYear>2.84</proc:CurrentYear>
                                        <proc:BudgetYearOneBase>2.5</proc:BudgetYearOneBase>
                                        <proc:BudgetYearOne>2.5</proc:BudgetYearOne>
                                    </proc:TotalCost>
                                </proc:Cost>
                            </proc:CostElement>
                            <proc:CostElement>
                                <proc:Name>MISSILE COMPONENTS</proc:Name>
                                <proc:Cost>
                                    <proc:TotalCost>
                                        <proc:AllPriorYears>4.357</proc:AllPriorYears>
                                        <proc:PriorYear>1.106</proc:PriorYear>
                                        <proc:CurrentYear>0.825</proc:CurrentYear>
                                        <proc:BudgetYearOneBase>3.152</proc:BudgetYearOneBase>
                                        <proc:BudgetYearOne>3.152</proc:BudgetYearOne>
                                    </proc:TotalCost>
                                </proc:Cost>
                            </proc:CostElement>
                            <proc:CostElement>
                                <proc:Name>Demilitarization</proc:Name>
                                <proc:Cost>
                                    <proc:TotalCost>
                                        <proc:AllPriorYears>1.021</proc:AllPriorYears>
                                        <proc:CurrentYear>0.796</proc:CurrentYear>
                                        <proc:BudgetYearOneBase>0.029</proc:BudgetYearOneBase>
                                        <proc:BudgetYearOne>0.029</proc:BudgetYearOne>
                                    </proc:TotalCost>
                                </proc:Cost>
                            </proc:CostElement>
                            <proc:CostElement>
                                <proc:Name>Maverick Missile</proc:Name>
                                <proc:Cost>
                                    <proc:TotalCost>
                                        <proc:AllPriorYears>4.195</proc:AllPriorYears>
                                        <proc:PriorYear>0.249</proc:PriorYear>
                                        <proc:CurrentYear>0.25</proc:CurrentYear>
                                        <proc:BudgetYearOneBase>1.499</proc:BudgetYearOneBase>
                                        <proc:BudgetYearOne>1.499</proc:BudgetYearOne>
                                    </proc:TotalCost>
                                </proc:Cost>
                            </proc:CostElement>
                            <proc:CostElement>
                                <proc:Name>Tomahawk</proc:Name>
                                <proc:Cost>
                                    <proc:TotalCost>
                                        <proc:AllPriorYears>2.222</proc:AllPriorYears>
                                        <proc:PriorYear>1.515</proc:PriorYear>
                                        <proc:CurrentYear>1.515</proc:CurrentYear>
                                        <proc:BudgetYearOneBase>1.515</proc:BudgetYearOneBase>
                                        <proc:BudgetYearOne>1.515</proc:BudgetYearOne>
                                    </proc:TotalCost>
                                </proc:Cost>
                            </proc:CostElement>
                        </proc:CostElementList>
                        <proc:CategorySubtotal>
                            <proc:TotalCost>
                                <proc:AllPriorYears>59.058</proc:AllPriorYears>
                                <proc:PriorYear>5.058</proc:PriorYear>
                                <proc:CurrentYear>9.235</proc:CurrentYear>
                                <proc:BudgetYearOneBase>9.965</proc:BudgetYearOneBase>
                                <proc:BudgetYearOne>9.965</proc:BudgetYearOne>
                            </proc:TotalCost>
                        </proc:CategorySubtotal>
                        <proc:Name>Demilitarization</proc:Name>
                    </proc:Support>
                </proc:CostElementCategoryList>
            </proc:P5Item>
        </proc:ItemExhibitList>
        <proc:DocumentAssemblyOptions>
            <proc:p40AItemScheduleSetting>item</proc:p40AItemScheduleSetting>
        </proc:DocumentAssemblyOptions>
    </proc:LineItem>
</proc:LineItemList>