<?xml version="1.0" encoding="UTF-8"?>
<proc:LineItemList xmlns:proc="http://www.dtic.mil/comptroller/xml/schema/20100219/procurement">
    <proc:LineItem quantityUnits="Each" quantityUnitName="Each" unitCostUnits="Thousands" totalCostUnits="Millions" manufacturerRateUnits="Monthly">
        <proc:LineItemNumber>0612E76740</proc:LineItemNumber>
        <proc:LineItemTitle>Close Terrain Shaping Obstacle</proc:LineItemTitle>
        <proc:P1LineNumber>22</proc:P1LineNumber>
        <proc:BudgetYear>2026</proc:BudgetYear>
        <proc:BudgetCycle>PB</proc:BudgetCycle>
        <proc:SubmissionDate>2025-06</proc:SubmissionDate>
        <proc:ServiceAgencyName>Army</proc:ServiceAgencyName>
        <proc:AppropriationNumber>2034A</proc:AppropriationNumber>
        <proc:AppropriationTitle>Procurement of Ammunition, Army</proc:AppropriationTitle>
        <proc:BudgetActivityNumber>1</proc:BudgetActivityNumber>
        <proc:BudgetActivityTitle>Ammunition</proc:BudgetActivityTitle>
        <proc:BudgetSubActivityNumber>43</proc:BudgetSubActivityNumber>
        <proc:BudgetSubActivityTitle>Mines</proc:BudgetSubActivityTitle>
        <proc:ResourceSummary>
            <proc:TotalCost>
                <proc:AllPriorYears>13.873</proc:AllPriorYears>
                <proc:PriorYear>17.41</proc:PriorYear>
                <proc:CurrentYear>15.303</proc:CurrentYear>
                <proc:BudgetYearOneBase>7.125</proc:BudgetYearOneBase>
                <proc:BudgetYearOneOOC>0.735</proc:BudgetYearOneOOC>
                <proc:BudgetYearOne>7.86</proc:BudgetYearOne>
            </proc:TotalCost>
            <proc:NetProcurementP1>
                <proc:AllPriorYears>13.873</proc:AllPriorYears>
                <proc:PriorYear>17.41</proc:PriorYear>
                <proc:CurrentYear>15.303</proc:CurrentYear>
                <proc:BudgetYearOneBase>7.125</proc:BudgetYearOneBase>
                <proc:BudgetYearOneOOC>0.735</proc:BudgetYearOneOOC>
                <proc:BudgetYearOne>7.86</proc:BudgetYearOne>
            </proc:NetProcurementP1>
            <proc:TotalObligationAuthority>
                <proc:AllPriorYears>13.873</proc:AllPriorYears>
                <proc:PriorYear>17.41</proc:PriorYear>
                <proc:CurrentYear>15.303</proc:CurrentYear>
                <proc:BudgetYearOneBase>7.125</proc:BudgetYearOneBase>
                <proc:BudgetYearOneOOC>0.735</proc:BudgetYearOneOOC>
                <proc:BudgetYearOne>7.86</proc:BudgetYearOne>
            </proc:TotalObligationAuthority>
        </proc:ResourceSummary>
        <proc:Code>A</proc:Code>
        <proc:Description>This budget line includes Close Terrain Shaping Obstacle, All Types.

(F76740) The XM343 Standoff Activated Volcano Obstacle (SAVO) meets the requirements of United States Army Europe (USAREUR) Operational Needs Statement (ONS) 18-22702. It provides a new delivery
capability for fielded Volcano mine canisters utilizing initiation systems, which are the M7 Spider Networked Munition System, the MK152/M156 Remote Activation Munition Systems (RAMS), the CD450-4J
Blasting Machine, or the XM204 Interim Top Attack. The primary item is the SAVO base plate which is placed on the ground and has four ports to connect the Volcano canisters and electrical terminals for wires
to connect to the selected initiation system for manual initiation. The base plate is packaged with ancillary components to aid in emplacement such as initiation wire, stabilizing ground stakes, sandbags, and
canister carrying straps. This item provides a U.S. Anti-Personnel Landmine Policy compliant capability to address the Army's directed close tactical obstacle capability gap and has been identified as part of the
Army Modernization priorities in support of the National Defense Strategy. This item is Code A, approved for service use.

SAVO Full Task Trainer (FTT) will reflect the form, fit, function, and weight of the tactical XM343 SAVO base plate. FTT will produce sight and sound effects, upon receipt of a launch signal from a fielded initiation
system, which effectively represents the XM343 SAVO obstacle's mine launch and armed status functionality. The SAVO Trainers will include the same packaging and ancillary components as the tactical SAVO.
The SAVO Partial Task Trainer (PTT) will reflect the same form, fit and weight of tactical XM343 SAVO base plate and can be utilized in conjunction with the SAVO FTT for a more wide-scale collective training
experience at Home Station and the Combat Training Centers. This item is Code A, approved for service use.</proc:Description>
        <proc:Justification>FY 2026 Base Budget supports critical Army Title 10 war reserve/operational, training, and test requirements IAW DoD Instruction 3000.04 (Munitions Requirements Process) and AR 5-13 (Total Army Munitions Requirements Process and Prioritization System). War reserve requirements support OSD-approved Combatant Commander Operational Plans, Homeland Defense, and other OSD-directed missions. Training requirements support individual and collective training of Active and Reserve Component forces at Army schools, home station, and the combined training centers. Test requirements support the development, fielding, safety, and quality assurance of Army munitions and equipment throughout their life cycle.

In accordance with Section 1815 of the FY 2008 National Defense Authorization Act (P.L. 110-181), this item is necessary for use by the active and reserve components of the Armed Forces for homeland defense missions, domestic emergency responses, and providing military support to civil authorities.

FY 2026 Total Base dollars in the amount of $7.860 million supports procurement of 60 XM343 SAVO Full Task Trainers and Volcano Munitions for evaluation with SAVO tactical Base Plates.

(F76740) Standoff Activated Volcano Obstacle (SAVO), XM343 base funding - This is a training standard item used in training and combat. FY 2026 request supports annual training and builds a war reserve inventory in accordance with the Army's procurement goals. FY 2026 Base Procurement dollars in the amount of $7.125 million supports the procurement of 50 XM343 SAVO Full Task Trainers. FY 2026 OOC dollars in the amount of $0.735 million supports the COCOM requirement for procurement of 10 Standoff Activated Volcano Obstacle (SAVO) Full Task Trainers to deter potential adversaries and support Operation Atlantic Resolve. This is a decrease of $5.308 million from the FY 2025 Request.
Type Classification Date: N/A</proc:Justification>
        <proc:ItemExhibitList>
            <proc:P5Item>
                <proc:Name>STANDOFF ACTIVATED VOLCANO OBSTACLE (SAVO), XM343</proc:Name>
                <proc:ItemNumber>F76740</proc:ItemNumber>
                <proc:IdCode>A</proc:IdCode>
                <proc:Remarks>FY 2025 to FY 2026 funding decrease reflects procurement of ammunition needed to meet training and depot level requirements. FY 2026 Complete Round Tactical unit cost increased from FY 2025 due to a decrease in quantity procured per contract pricing matrix.</proc:Remarks>
                <proc:ResourceSummary>
                    <proc:TotalCost>
                        <proc:AllPriorYears>13.873</proc:AllPriorYears>
                        <proc:PriorYear>17.41</proc:PriorYear>
                        <proc:CurrentYear>15.303</proc:CurrentYear>
                        <proc:BudgetYearOneBase>7.125</proc:BudgetYearOneBase>
                        <proc:BudgetYearOneOOC>0.735</proc:BudgetYearOneOOC>
                        <proc:BudgetYearOne>7.86</proc:BudgetYearOne>
                    </proc:TotalCost>
                    <proc:NetProcurementP1>
                        <proc:AllPriorYears>13.873</proc:AllPriorYears>
                        <proc:PriorYear>17.41</proc:PriorYear>
                        <proc:CurrentYear>15.303</proc:CurrentYear>
                        <proc:BudgetYearOneBase>7.125</proc:BudgetYearOneBase>
                        <proc:BudgetYearOneOOC>0.735</proc:BudgetYearOneOOC>
                        <proc:BudgetYearOne>7.86</proc:BudgetYearOne>
                    </proc:NetProcurementP1>
                    <proc:TotalObligationAuthority>
                        <proc:AllPriorYears>13.873</proc:AllPriorYears>
                        <proc:PriorYear>17.41</proc:PriorYear>
                        <proc:CurrentYear>15.303</proc:CurrentYear>
                        <proc:BudgetYearOneBase>7.125</proc:BudgetYearOneBase>
                        <proc:BudgetYearOneOOC>0.735</proc:BudgetYearOneOOC>
                        <proc:BudgetYearOne>7.86</proc:BudgetYearOne>
                    </proc:TotalObligationAuthority>
                </proc:ResourceSummary>
                <proc:CostElementCategoryList>
                    <proc:Hardware>
                        <proc:Recurring>
                            <proc:CostElementList>
                                <proc:CostElement>
                                    <proc:Name>COMPLETE ROUND TACTICAL</proc:Name>
                                    <proc:Cost>
                                        <proc:Quantity>
                                            <proc:AllPriorYears>112</proc:AllPriorYears>
                                            <proc:PriorYear>488</proc:PriorYear>
                                            <proc:CurrentYear>371</proc:CurrentYear>
                                        </proc:Quantity>
                                        <proc:TotalCost>
                                            <proc:AllPriorYears>2.421</proc:AllPriorYears>
                                            <proc:PriorYear>10.549</proc:PriorYear>
                                            <proc:CurrentYear>9.073</proc:CurrentYear>
                                        </proc:TotalCost>
                                        <proc:UnitCost>
                                            <proc:AllPriorYears>21.616</proc:AllPriorYears>
                                            <proc:PriorYear>21.617</proc:PriorYear>
                                            <proc:CurrentYear>24.456</proc:CurrentYear>
                                        </proc:UnitCost>
                                    </proc:Cost>
                                    <proc:AllPriorYearsDeliveries>112</proc:AllPriorYearsDeliveries>
                                    <proc:ManufacturerList>
                                        <proc:Manufacturer>
                                            <proc:Name>Northrop Grumman Defense System</proc:Name>
                                            <proc:Location>Minneapolis, MN</proc:Location>
                                            <proc:HistoryPlanningList>
                                                <proc:HistoryPlanning>
                                                    <proc:FiscalYear>2024</proc:FiscalYear>
                                                    <proc:PCOLocation>Picatinny Arsenal, NJ</proc:PCOLocation>
                                                    <proc:AwardDate>2024-04</proc:AwardDate>
                                                    <proc:FirstDeliveryDate>2026-11</proc:FirstDeliveryDate>
                                                    <proc:Quantity>488</proc:Quantity>
                                                    <proc:UnitCost>21.617</proc:UnitCost>
                                                    <proc:SpecsAvailableNow>true</proc:SpecsAvailableNow>
                                                    <proc:ContractMethod>C</proc:ContractMethod>
                                                    <proc:ContractType>FFP</proc:ContractType>
                                                </proc:HistoryPlanning>
                                                <proc:HistoryPlanning>
                                                    <proc:FiscalYear>2025</proc:FiscalYear>
                                                    <proc:PCOLocation>Picatinny Arsenal, NJ</proc:PCOLocation>
                                                    <proc:AwardDate>2025-06</proc:AwardDate>
                                                    <proc:FirstDeliveryDate>2028-11</proc:FirstDeliveryDate>
                                                    <proc:Quantity>371</proc:Quantity>
                                                    <proc:UnitCost>24.456</proc:UnitCost>
                                                    <proc:SpecsAvailableNow>true</proc:SpecsAvailableNow>
                                                    <proc:ContractMethod>C</proc:ContractMethod>
                                                    <proc:ContractType>FFP</proc:ContractType>
                                                </proc:HistoryPlanning>
                                            </proc:HistoryPlanningList>
                                        </proc:Manufacturer>
                                    </proc:ManufacturerList>
                                </proc:CostElement>
                                <proc:CostElement>
                                    <proc:Name>COMPLETE ROUND TRAINER</proc:Name>
                                    <proc:Cost>
                                        <proc:Quantity>
                                            <proc:PriorYear>46</proc:PriorYear>
                                            <proc:BudgetYearOneBase>50</proc:BudgetYearOneBase>
                                            <proc:BudgetYearOneOOC>10</proc:BudgetYearOneOOC>
                                            <proc:BudgetYearOne>60</proc:BudgetYearOne>
                                        </proc:Quantity>
                                        <proc:TotalCost>
                                            <proc:PriorYear>1.572</proc:PriorYear>
                                            <proc:BudgetYearOneBase>1.585</proc:BudgetYearOneBase>
                                            <proc:BudgetYearOneOOC>0.29</proc:BudgetYearOneOOC>
                                            <proc:BudgetYearOne>1.875</proc:BudgetYearOne>
                                        </proc:TotalCost>
                                        <proc:UnitCost>
                                            <proc:PriorYear>34.174</proc:PriorYear>
                                            <proc:BudgetYearOneBase>31.701</proc:BudgetYearOneBase>
                                            <proc:BudgetYearOneOOC>29.017</proc:BudgetYearOneOOC>
                                            <proc:BudgetYearOne>31.25</proc:BudgetYearOne>
                                        </proc:UnitCost>
                                    </proc:Cost>
                                    <proc:ManufacturerList>
                                        <proc:Manufacturer>
                                            <proc:Name>Northrop Grumman Defense System</proc:Name>
                                            <proc:Location>Minneapolis, MN</proc:Location>
                                            <proc:HistoryPlanningList>
                                                <proc:HistoryPlanning>
                                                    <proc:FiscalYear>2026</proc:FiscalYear>
                                                    <proc:PCOLocation>Picatinny Arsenal, NJ</proc:PCOLocation>
                                                    <proc:AwardDate>2026-03</proc:AwardDate>
                                                    <proc:FirstDeliveryDate>2029-03</proc:FirstDeliveryDate>
                                                    <proc:Quantity>50</proc:Quantity>
                                                    <proc:UnitCost>31.701</proc:UnitCost>
                                                    <proc:SpecsAvailableNow>true</proc:SpecsAvailableNow>
                                                    <proc:ContractMethod>C</proc:ContractMethod>
                                                    <proc:ContractType>FFP</proc:ContractType>
                                                </proc:HistoryPlanning>
                                            </proc:HistoryPlanningList>
                                        </proc:Manufacturer>
                                    </proc:ManufacturerList>
                                </proc:CostElement>
                                <proc:CostElement>
                                    <proc:Name>Spares Kits Trainer Aids, Device, and Simulations (TADSS)</proc:Name>
                                    <proc:Cost>
                                        <proc:Quantity>
                                            <proc:PriorYear>46</proc:PriorYear>
                                        </proc:Quantity>
                                        <proc:TotalCost>
                                            <proc:PriorYear>0.007</proc:PriorYear>
                                        </proc:TotalCost>
                                        <proc:UnitCost>
                                            <proc:PriorYear>0.152</proc:PriorYear>
                                        </proc:UnitCost>
                                    </proc:Cost>
                                </proc:CostElement>
                                <proc:CostElement>
                                    <proc:Name>Partial Task Trainer</proc:Name>
                                    <proc:Cost>
                                        <proc:Quantity>
                                            <proc:CurrentYear>572</proc:CurrentYear>
                                        </proc:Quantity>
                                        <proc:TotalCost>
                                            <proc:CurrentYear>0.286</proc:CurrentYear>
                                        </proc:TotalCost>
                                        <proc:UnitCost>
                                            <proc:CurrentYear>0.5</proc:CurrentYear>
                                        </proc:UnitCost>
                                    </proc:Cost>
                                </proc:CostElement>
                            </proc:CostElementList>
                            <proc:CategorySubtotal>
                                <proc:TotalCost>
                                    <proc:AllPriorYears>2.421</proc:AllPriorYears>
                                    <proc:PriorYear>12.128</proc:PriorYear>
                                    <proc:CurrentYear>9.359</proc:CurrentYear>
                                    <proc:BudgetYearOneBase>1.585</proc:BudgetYearOneBase>
                                    <proc:BudgetYearOneOOC>0.29</proc:BudgetYearOneOOC>
                                    <proc:BudgetYearOne>1.875</proc:BudgetYearOne>
                                </proc:TotalCost>
                            </proc:CategorySubtotal>
                        </proc:Recurring>
                        <proc:CategorySubtotal>
                            <proc:TotalCost>
                                <proc:AllPriorYears>2.421</proc:AllPriorYears>
                                <proc:PriorYear>12.128</proc:PriorYear>
                                <proc:CurrentYear>9.359</proc:CurrentYear>
                                <proc:BudgetYearOneBase>1.585</proc:BudgetYearOneBase>
                                <proc:BudgetYearOneOOC>0.29</proc:BudgetYearOneOOC>
                                <proc:BudgetYearOne>1.875</proc:BudgetYearOne>
                            </proc:TotalCost>
                        </proc:CategorySubtotal>
                    </proc:Hardware>
                    <proc:Support>
                        <proc:CostElementList>
                            <proc:CostElement>
                                <proc:Name>First Article Test</proc:Name>
                                <proc:Cost>
                                    <proc:TotalCost>
                                        <proc:AllPriorYears>2.218</proc:AllPriorYears>
                                        <proc:PriorYear>1.677</proc:PriorYear>
                                    </proc:TotalCost>
                                </proc:Cost>
                            </proc:CostElement>
                            <proc:CostElement>
                                <proc:Name>Acceptance Test</proc:Name>
                                <proc:Cost>
                                    <proc:TotalCost>
                                        <proc:AllPriorYears>2.698</proc:AllPriorYears>
                                        <proc:PriorYear>2.159</proc:PriorYear>
                                        <proc:CurrentYear>2.343</proc:CurrentYear>
                                        <proc:BudgetYearOneBase>2.066</proc:BudgetYearOneBase>
                                        <proc:BudgetYearOne>2.066</proc:BudgetYearOne>
                                    </proc:TotalCost>
                                </proc:Cost>
                            </proc:CostElement>
                        </proc:CostElementList>
                        <proc:CategorySubtotal>
                            <proc:TotalCost>
                                <proc:AllPriorYears>4.916</proc:AllPriorYears>
                                <proc:PriorYear>3.836</proc:PriorYear>
                                <proc:CurrentYear>2.343</proc:CurrentYear>
                                <proc:BudgetYearOneBase>2.066</proc:BudgetYearOneBase>
                                <proc:BudgetYearOne>2.066</proc:BudgetYearOne>
                            </proc:TotalCost>
                        </proc:CategorySubtotal>
                        <proc:Name>Acceptance Testing</proc:Name>
                    </proc:Support>
                    <proc:Support>
                        <proc:CostElementList>
                            <proc:CostElement>
                                <proc:Name>Oversight</proc:Name>
                                <proc:Cost>
                                    <proc:TotalCost>
                                        <proc:CurrentYear>0.503</proc:CurrentYear>
                                    </proc:TotalCost>
                                </proc:Cost>
                            </proc:CostElement>
                        </proc:CostElementList>
                        <proc:CategorySubtotal>
                            <proc:TotalCost>
                                <proc:CurrentYear>0.503</proc:CurrentYear>
                            </proc:TotalCost>
                        </proc:CategorySubtotal>
                        <proc:Name>Contractor Logistics Support (CLS)</proc:Name>
                    </proc:Support>
                    <proc:Support>
                        <proc:CostElementList>
                            <proc:CostElement>
                                <proc:Name>Equipment</proc:Name>
                                <proc:Cost>
                                    <proc:TotalCost>
                                        <proc:AllPriorYears>0.362</proc:AllPriorYears>
                                        <proc:PriorYear>0.07</proc:PriorYear>
                                        <proc:CurrentYear>0.25</proc:CurrentYear>
                                        <proc:BudgetYearOneBase>1.5</proc:BudgetYearOneBase>
                                        <proc:BudgetYearOne>1.5</proc:BudgetYearOne>
                                    </proc:TotalCost>
                                </proc:Cost>
                            </proc:CostElement>
                        </proc:CostElementList>
                        <proc:CategorySubtotal>
                            <proc:TotalCost>
                                <proc:AllPriorYears>0.362</proc:AllPriorYears>
                                <proc:PriorYear>0.07</proc:PriorYear>
                                <proc:CurrentYear>0.25</proc:CurrentYear>
                                <proc:BudgetYearOneBase>1.5</proc:BudgetYearOneBase>
                                <proc:BudgetYearOne>1.5</proc:BudgetYearOne>
                            </proc:TotalCost>
                        </proc:CategorySubtotal>
                        <proc:Name>New Equipment Training (NET)</proc:Name>
                    </proc:Support>
                    <proc:Support>
                        <proc:CostElementList>
                            <proc:CostElement>
                                <proc:Name>Production Engineering</proc:Name>
                                <proc:Cost>
                                    <proc:TotalCost>
                                        <proc:AllPriorYears>5.919</proc:AllPriorYears>
                                        <proc:PriorYear>0.762</proc:PriorYear>
                                        <proc:CurrentYear>1.894</proc:CurrentYear>
                                        <proc:BudgetYearOneBase>1.664</proc:BudgetYearOneBase>
                                        <proc:BudgetYearOneOOC>0.445</proc:BudgetYearOneOOC>
                                        <proc:BudgetYearOne>2.109</proc:BudgetYearOne>
                                    </proc:TotalCost>
                                </proc:Cost>
                            </proc:CostElement>
                        </proc:CostElementList>
                        <proc:CategorySubtotal>
                            <proc:TotalCost>
                                <proc:AllPriorYears>5.919</proc:AllPriorYears>
                                <proc:PriorYear>0.762</proc:PriorYear>
                                <proc:CurrentYear>1.894</proc:CurrentYear>
                                <proc:BudgetYearOneBase>1.664</proc:BudgetYearOneBase>
                                <proc:BudgetYearOneOOC>0.445</proc:BudgetYearOneOOC>
                                <proc:BudgetYearOne>2.109</proc:BudgetYearOne>
                            </proc:TotalCost>
                        </proc:CategorySubtotal>
                        <proc:Name>Production Engineering</proc:Name>
                    </proc:Support>
                    <proc:Support>
                        <proc:CostElementList>
                            <proc:CostElement>
                                <proc:Name>Government Management</proc:Name>
                                <proc:Cost>
                                    <proc:TotalCost>
                                        <proc:AllPriorYears>0.255</proc:AllPriorYears>
                                        <proc:PriorYear>0.614</proc:PriorYear>
                                        <proc:CurrentYear>0.954</proc:CurrentYear>
                                        <proc:BudgetYearOneBase>0.31</proc:BudgetYearOneBase>
                                        <proc:BudgetYearOne>0.31</proc:BudgetYearOne>
                                    </proc:TotalCost>
                                </proc:Cost>
                            </proc:CostElement>
                        </proc:CostElementList>
                        <proc:CategorySubtotal>
                            <proc:TotalCost>
                                <proc:AllPriorYears>0.255</proc:AllPriorYears>
                                <proc:PriorYear>0.614</proc:PriorYear>
                                <proc:CurrentYear>0.954</proc:CurrentYear>
                                <proc:BudgetYearOneBase>0.31</proc:BudgetYearOneBase>
                                <proc:BudgetYearOne>0.31</proc:BudgetYearOne>
                            </proc:TotalCost>
                        </proc:CategorySubtotal>
                        <proc:Name>Program Management</proc:Name>
                    </proc:Support>
                </proc:CostElementCategoryList>
            </proc:P5Item>
        </proc:ItemExhibitList>
        <proc:DocumentAssemblyOptions>
            <proc:p40AItemScheduleSetting>item</proc:p40AItemScheduleSetting>
        </proc:DocumentAssemblyOptions>
    </proc:LineItem>
</proc:LineItemList>