<?xml version="1.0" encoding="UTF-8"?>
<r2:ProgramElementList xmlns:r2="http://www.dtic.mil/comptroller/xml/schema/022009/r2" targetSchemaVersion="1.0">
    <r2:ProgramElement monetaryUnit="Millions">
        <r2:ProgramElementNumber>0603680S</r2:ProgramElementNumber>
        <r2:ProgramElementTitle>Manufacturing Technology Program (ManTech)</r2:ProgramElementTitle>
        <r2:R1LineNumber>63</r2:R1LineNumber>
        <r2:BudgetYear>2026</r2:BudgetYear>
        <r2:BudgetCycle>PB</r2:BudgetCycle>
        <r2:SubmissionDate>2025-06</r2:SubmissionDate>
        <r2:ServiceAgencyName>Defense Logistics Agency</r2:ServiceAgencyName>
        <r2:AppropriationCode>0400</r2:AppropriationCode>
        <r2:AppropriationName>Research, Development, Test &amp; Evaluation, Defense-Wide</r2:AppropriationName>
        <r2:BudgetActivityNumber>3</r2:BudgetActivityNumber>
        <r2:BudgetActivityTitle>Advanced Technology Development (ATD)</r2:BudgetActivityTitle>
        <r2:ProgramElementFunding>
            <r2:AllPriorYears>408.311</r2:AllPriorYears>
            <r2:PriorYear>66.935</r2:PriorYear>
            <r2:CurrentYear>100.366</r2:CurrentYear>
            <r2:BudgetYearOne>50.610</r2:BudgetYearOne>
            <r2:BudgetYearOneBase>50.610</r2:BudgetYearOneBase>
            <r2:CostToComplete>Continuing</r2:CostToComplete>
            <r2:TotalCost>Continuing</r2:TotalCost>
        </r2:ProgramElementFunding>
        <r2:ProgramElementMissionDescription>The Defense Logistics Agency (DLA) Manufacturing Technology (ManTech) Program funds the advanced technology development needed to achieve a responsive and efficient domestic industrial base that meets the warfighters' needs in an affordable and timely manner. The ManTech program works with DLA’s diverse supply chains to improve manufacturing capability throughout a product's life cycle. It provides the crucial link between invention and application by maturing, scaling up, and validating advanced manufacturing technology in “real world” environments. ManTech developments provide a path to low-risk technology implementation for many small businesses and defense unique suppliers as well as depots and shipyards that are critical to DLA. By anticipating and addressing production and sustainment problems before they occur, readiness levels increase, and sustainment costs are decreased.

The ManTech R&amp;D Program Element executes from two Lines of Effort (LOEs): Industrial Base and Aging Weapon System Support (IBA), and 3D Technical Data Modernization / Model-Based Enterprise (TDM). These LOEs are closely aligned to documented and tracked priorities specified in the most current DLA Strategic Plan, that calls for Digital Business Transformation as one of three critical capabilities to achieve DLA’s business goals of enhancing performance, reducing costs, and becoming more predictive and data-driven. This critical capability also seeks to transform systems and processes to improve data transparency, reliability, and security for our employees, customers, and suppliers. DLA’s initiatives within this critical capability align with the National Security Strategy (NSS) by emphasizing the importance of harnessing rapid emerging technologies that will transform how we do business.

- In addition to alignment with DLA’s top strategic priorities, under Section 2521 of Title 10, US Code, DLA ManTech efforts are collaborated across DOD Military Services and Agencies. As a Principal member of the Joint Defense Manufacturing Technology Panel, DLA’s efforts are integrated within the Joint Defense Priorities.

-The IBA LOE seeks to implement innovative and proactive technology solutions to ensure a robust, reliable industrial base that provides affordable and previously hard-to-procure critical parts for DOD weapon systems. This LOE is comprised the following portfolios: DOD Subsistence Supply Chain (Subsistence Network), Castings (Procurement Readiness Optimization Advanced Casting Technology), Forgings (Procurement Readiness Optimization—Forging Advanced System Technology), Batteries (Battery Network), Additive Manufacturing (AM), Advanced Microcircuit Emulation (AME), and Strategic Materials program.

-The TDM LOE integrates three-dimensional technical data and knowledge-based tools to transform and streamline supply system responsiveness for DLA-managed commodities. Efforts seek to improve and facilitate the exchange of engineering and logistics information among DLA, the Military Services, DLA industry partners and DLA customers. The benefits include shorter product introduction cycles, lower set up-costs for parts production and more economical small batch production. This LOE is comprised of the following portfolios for DOD soldier and individual equipment (Military Unique Sustainment Technology ((MUST)) and Defense Logistics Information Research (DLIR), as well as out of budget cycle or Emerging Requirements (EMR).

DLA’s focus for this budget cycle highlights advanced capabilities in digital and technical data modernization, data management and analytics to fulfill the DLA role in the DOD Digital Engineering Strategy and improve sharing of data with the industrial base and supported organizations. Investment explores technologies to lower the Agency’s material acquisition and operation costs and improve weapons systems support. This effort spans across both DLA R&amp;D Program Elements and R&amp;D LOEs, impacting across the DOD Joint Defense Manufacturing Technology Panel and DLA Enterprise logistics processes.</r2:ProgramElementMissionDescription>
        <r2:ChangeSummary>
            <r2:PreviousPresidentBudget>
                <r2:PriorYear>46.404</r2:PriorYear>
                <r2:CurrentYear>55.366</r2:CurrentYear>
                <r2:BudgetYearOne>57.162</r2:BudgetYearOne>
                <r2:BudgetYearOneBase>57.162</r2:BudgetYearOneBase>
            </r2:PreviousPresidentBudget>
            <r2:CurrentPresidentBudget>
                <r2:PriorYear>66.935</r2:PriorYear>
                <r2:CurrentYear>100.366</r2:CurrentYear>
                <r2:BudgetYearOne>50.610</r2:BudgetYearOne>
                <r2:BudgetYearOneBase>50.610</r2:BudgetYearOneBase>
            </r2:CurrentPresidentBudget>
            <r2:TotalAdjustments>
                <r2:PriorYear>20.531</r2:PriorYear>
                <r2:CurrentYear>45.000</r2:CurrentYear>
                <r2:BudgetYearOne>-6.552</r2:BudgetYearOne>
                <r2:BudgetYearOneBase>-6.552</r2:BudgetYearOneBase>
            </r2:TotalAdjustments>
            <r2:AdjustmentDetails>
                <r2:CongressionalGeneralReductions>
                    <r2:PriorYear>-4.640</r2:PriorYear>
                </r2:CongressionalGeneralReductions>
                <r2:CongressionalAdds>
                    <r2:PriorYear>28.000</r2:PriorYear>
                    <r2:CurrentYear>45.000</r2:CurrentYear>
                </r2:CongressionalAdds>
                <r2:Reprogrammings>
                    <r2:PriorYear>-0.410</r2:PriorYear>
                </r2:Reprogrammings>
                <r2:SBIRSTTRTransfer>
                    <r2:PriorYear>-2.419</r2:PriorYear>
                </r2:SBIRSTTRTransfer>
                <r2:OtherAdjustmentDetailList>
                    <r2:OtherAdjustmentDetail>
                        <r2:Title>Realignment to O&amp;M</r2:Title>
                        <r2:Funding>
                            <r2:BudgetYearOne>-4.000</r2:BudgetYearOne>
                            <r2:BudgetYearOneBase>-4.000</r2:BudgetYearOneBase>
                        </r2:Funding>
                    </r2:OtherAdjustmentDetail>
                    <r2:OtherAdjustmentDetail>
                        <r2:Title>Program Reductions</r2:Title>
                        <r2:Funding>
                            <r2:BudgetYearOne>-2.552</r2:BudgetYearOne>
                            <r2:BudgetYearOneBase>-2.552</r2:BudgetYearOneBase>
                        </r2:Funding>
                    </r2:OtherAdjustmentDetail>
                </r2:OtherAdjustmentDetailList>
            </r2:AdjustmentDetails>
            <r2:SummaryExplanation>FY 2026 Program Decrease due to the following:

-Realignment to DLA O&amp;M for Joint Additive Manufacturing Model Exchange (JAMMEX).
-Program savings and Labor/NonLabor Adjustments</r2:SummaryExplanation>
        </r2:ChangeSummary>
        <r2:ProjectList>
            <r2:Project>
                <r2:ProjectNumber>IBA</r2:ProjectNumber>
                <r2:ProjectTitle>Industrial Base &amp; Aging Weapon System Support</r2:ProjectTitle>
                <r2:SpecialProject>0</r2:SpecialProject>
                <r2:ProjectFunding>
                    <r2:AllPriorYears>233.327</r2:AllPriorYears>
                    <r2:PriorYear>35.043</r2:PriorYear>
                    <r2:CurrentYear>46.625</r2:CurrentYear>
                    <r2:BudgetYearOne>41.533</r2:BudgetYearOne>
                    <r2:BudgetYearOneBase>41.533</r2:BudgetYearOneBase>
                    <r2:CostToComplete>Continuing</r2:CostToComplete>
                    <r2:TotalCost>Continuing</r2:TotalCost>
                </r2:ProjectFunding>
                <r2:R2aExhibit>
                    <r2:ProjectMissionDescription>Industrial Base and Aging Weapon System Support (IBA) Line of Effort seeks to implement innovative and proactive technology solutions to ensure a robust, reliable industrial base that provides affordable and previously hard-to-procure critical parts for DOD weapon systems through the following objectives:

1.	Viable and Responsive Industrial Base: maximize Defense Industrial Base capability and capacity and improve availability, quality, and affordability to support the Warfighter.
2.	Obsolescence Solutions: establish a trusted manufacturing capability for qualified microcircuits to support DOD weapon system lifecycles.
3.	Advanced Manufacturing: leverage advanced manufacturing capabilities to introduce and integrate additive and advanced manufacturing concepts into the DOD supply chain.

The portfolios within the IBA LOE include food-service supply chain solutions (Subsistence Network), Castings (Procurement Readiness Optimization—Advanced Casting Technology), Forgings (Procurement Readiness Optimization—Forging Advanced System Technology), Batteries (Battery Network), Additive Manufacturing (AM), Advanced Microcircuit Emulation (AME) and Strategic Materials (SM).

The Subsistence Network (SUBNET) program focuses on developing and promoting manufacturing solutions in the subsistence supply chain for the Department of Defense and the Defense Logistics Agency. The program's expanded areas of interest include combat rations, food equipment, field and garrison feeding solutions, supply chain infrastructure and footprint, food innovations, food safety and food defense, nutrition and health, storage and packing solutions, surge and sustainment support, and water security. SUBNET forms a community of practice with the Military Services, U.S. Department of Agriculture, U.S. Army Combat Capabilities Development Command Soldier Center, Industry, Academia, and other federal partners to conduct RDT&amp;E in the Subsistence Supply Chain. The SUBNET goals are to advance and innovate logistics processes and capitalize on industrial base’s latest technological capabilities and capacity through RDT&amp;E. The desired outcomes
include reduced costs, increased efficiency and transparency, modernized processes, enhanced quality and safety, and greater ability to meet customer and operational surge demands.

The Casting (CAST) program works to ensure a stable, reliable, and competitive domestic casting industrial base supporting the weapon system needs of the Department of Defense (DOD) and the DLA. The casting program works with industry, universities, and the Casting Industry Associations to identify projects that improve the materials, processes and business practices of the nation’s foundry industry. The program aligns projects with strategic issues and identified focus areas within the DLA and DOD. Guidance for these projects comes from the DLA Strategic Plan and input from the casting industry. Weapon system spare parts managed by DLA that contain castings are responsible for a disproportionate share of DLA’s backorders or unfilled orders (UFOs). Cast parts are about two percent of National Stock Numbered Class IX parts but represent about five percent of all backorders, and when only the oldest backorders are considered, up to 10 percent
are castings. This program includes tasks that focus on developing new capabilities in the areas of inspection, materials, processes, modeling, and design. Once developed, these capabilities will support the foundry industry, where the technologies will be tested and implemented, most often in conjunction with the casting industry associations. These advancements improve the metal casting supply chains for the DOD and the DLA to better support the warfighter. We will invest in projects aimed at reducing lead-times, reducing costs, and improving quality of castings critical to DOD weapon systems.

The Forging (FORGE) program works to ensure a stable, reliable, and competitive domestic forging industrial base for the weapon system needs of the DOD and the DLA. Working with industry, universities, and the Forging Industry Association to identify projects that improve the materials, processes and business practices of the nation’s forging industry. The program aligns its projects with strategic issues and focus areas identified within the DLA and DOD. Guidance for these projects comes from the DLA Strategic Plan and input from the forging industry. Weapon system spare parts managed by DLA that contain Forgings are responsible for a disproportionate share of DLA’s backorders or UFOs. Forged parts are about two percent of National Stock Number (NSN) Class IX parts but represent about five percent of all backorders, and when only the oldest backorders are considered, up to 10 percent are forgings. This program includes tasks to develop new capabilities in the areas of inspection, materials, processes, modeling, and design. Once developed these capabilities will support the forging industry, where these technologies will be tested and implemented in conjunction with the forging industry associations. These advancements improve the forging supply chains for the DOD and the DLA to better support the warfighter. We will invest in projects aimed at reducing lead-time, reducing cost, and improving quality of forgings critical to DOD weapon systems.

The Battery Network (BATTNET) program objective is to develop the next generation of battery manufacturing technologies for cost and price efficiency, longer shelf life, and lighter batteries with higher energy. BATTNET conducts R&amp;D initiatives to address sustainment gaps and bridge technical solutions into higher a Manufacturing Readiness Level (MRL) for specific groups of batteries. BATTNET also focuses on projects to develop the production capability for advanced lithium-based non- rechargeable and rechargeable batteries to ensure the prompt and sustained availability, quality, and affordability of Service approved batteries. Desired outcomes include: streamlined inventory and associated cost reductions through standardization and improved distribution practices; resolved obsolescence issues; addressed surge and sustainment issues; enhanced security of supply chain; increased competition and manufacturing base; reduced per unit battery cost; and leveraged Service- level (Army, Navy, Air Force) and other governmental (DOE, DOT, NASA) R&amp;D efforts to insert new technology and practices into the existing DLA battery inventory.

The Additive Manufacturing (AM) program objective is to streamline AM methods, materials, manpower, metrics and machines to provide the Warfighter an alternate source of supply for designated requirements. This effort responds to DLA's role called out in DOD Instruction 5000.93. Use of AM in DOD is to integrate AM products into the supply chain. R&amp;D is leading the developmental effort for effective AM joint procurement processes of items in the DoD enterprise. The AM effort explores innovative technologies and emerging industry trends which could include advanced manufacturing applications. The program pursues alternative means of supply from traditional manufacturing to additive manufacturing. Items that are otherwise non-procurable or susceptible to supply chain issues. The AM program includes collaborative efforts with the Military Services to develop analytical tools to further the adoption, advancement, and acceleration of AM, while considering logistics planning factors. The AM effort requires effective management of the digital thread composed of authoritative 3D digital technical data, manufacturing, and testing data exchanged among designers, engineers, logisticians, procurement managers and the vendor base to enable technical quality assurance acceptability. Potential AM benefits include products that can address an unfulfilled Warfighter readiness need by reducing production lead times, production costs, materials costs, storage costs, transportation costs and in some cases fuel consumption due to lighter design and material options. DLA R&amp;D will leverage these efforts with Industry, Academia and
ongoing Military Service-level agreements (Army, Navy, Marine Corps, Air Force).

Advanced Microcircuit Emulation (AME) program objective is to maintain a reliable and trusted domestic source for “non-procurable” linear and digital microcircuits. Microcircuit emulation allows the Services to save significant costs by using form, fit and functionally equivalent spare parts rather than redesigning the next-higher- assembly. Without the technologies planned on the AME Roadmap, DLA will not be able to support DoD’s requirements for high quality spare parts for critical electronic systems and subsystems, resulting in decreased warfighter readiness and significant cost for weapons system or component redesign.

Strategic Materials (SM) program objectives focus will be on emerging and rapidly expanding requirements to restore and stabilize strategic and critical materials supply chains that have been compromised by decreased or abandoned domestic production activities or lack of domestic reserves within the United States. Most of these requirements are in the form of research of materials and alloys and development of solutions including cost-efficient production, substitution, domestic qualification, and/ or recycling.</r2:ProjectMissionDescription>
                    <r2:CongressionalAddDetailList>
                        <r2:CongressionalAddDetail>
                            <r2:Title>Steel Performance Initiative</r2:Title>
                            <r2:PriorYear>
                                <r2:Funding>5.000</r2:Funding>
                                <r2:Text>The Steel Performance Initiative (SPI) addressed the challenges and opportunities in our commercial industrial practices and the existing supply chain, including readiness to provide critical steel components to sustain the Warfighter. Improved MRL and TRL of Advanced High Strength Steels (AHSS) for weapon system transition. Developed process-driven performance modeling methodology supported by robust datasets to enable Fitness for Purpose (FFP) designs. Formulated quantitative nondestructive testing (QNDT) methods and standards based on part performance. Mined properties of existing materials from published data and interrogate with smart analytics for improved alloys, modeling and design properties. Tailored Industry 4.0 technology for short-run steel production in Small and Medium Enterprises (SME). Coupled manufacturing processes for hybrid capability and optimize to create unique geometry, superior properties or cost-effective solutions. Provided a guide for the use of current specifications as alternatives to obsolete requirements of parts in legacy weapon systems. Enabled predictable blast and ballistic performance from high strain rate data with microstructural correlation.</r2:Text>
                            </r2:PriorYear>
                        </r2:CongressionalAddDetail>
                    </r2:CongressionalAddDetailList>
                    <r2:AccomplishmentPlannedProgramList>
                        <r2:AccomplishmentPlannedProgram>
                            <r2:Title>Industrial Base (IB) and Aging Weapon System Support Line of Effort (LOE)</r2:Title>
                            <r2:Description>FY 2024 Accomplishments:

The SUBNET program championed research, development, test, and evaluation projects to enhance the efficiency, quality, and safety of the DoD subsistence supply chain. The SUBNET program collaborated with military services, federal agencies, industry, and academia to leverage the latest technologies and innovations in successfully supporting and executing R&amp;D projects. SUBNET effectively led projects in improving subsistence visibility with barcoding enhancement and road-mapping; investigation of sustainable packaging options for MREs; and investigation and determination of per- and polyfluoroalkyl (PFAS) sources throughout the MRE assembly line. The program supported the congressional interest R&amp;D project on flake graphite-based (Fluorine Free Foam) solutions for Per and Polyfluorinated Substances (PFAS) contamination. The program also advanced Small Business Innovation Research (SBIR) topics in Subsistence and saw promising results with separation, compositing, recycling, and repurposing system; deployable assembly kitting platform for Unitized Group Rations (UGR); robotic automations in dining facilities; technological and operational improvements in cold-weather combat rations heating and hydration modules; and biodegradable cellulosic bio- polymers to replace plastics for military food packaging and food service.

The CAST program continued research and development efforts focused on ensuring a viable and competitive metal casting industrial base providing affordable and high- quality parts for the Warfighter. Using partnerships to improve the material, manufacture, and procurement of defense parts. Educating the current and future work force on industrial practices to better solicit and procure parts with cast content. These focus areas were supported through multiple projects aimed at improving DLA’s casting procurement agility and supply base to support warfighter readiness. Projects to reduce lead times and no-bid situations, development of software to utilize knowledge and technics to provide should-cost estimates based on design
criteria. Software developed using Optical Character Recognition and Machine Learning for identification of cast components from within technical data packages.

The DLA FORGE program utilized projects focused on sustaining and improving the forging manufacturing industrial base to ensure the DOD continues to have viable sources for the procurement of quality parts with forged content. Improving the manufacturing process and materials to decrease material cost. Expanding and strengthening our collaboration with suppliers, working directing with these suppliers to maintain and sustain and competitive forging supply chain. Specific focus was placed on workforce development and resources to ensure a capable and educated future workforce. Coatings for dies and billets that reduced environmental impact from sprayed lubricants, increased product quality and reduced waste and lead time.
Integrated sensors and sensor technologies to monitor and improve the forging manufacturing process.

The BATTNET program developed the manufacturing capability for lightweight, bipolar lead-acid batteries that could be transitioned to helicopter and other aviation platforms, as well as replacements for obsolete MIL-11188 batteries linked to the Bradley Fighting Vehicle and other systems. The program assisted manufacturing enhancements and product designs at key developers for high energy, ground vehicle lithium-ion 6T batteries (MIL-32565) and facilitated a DoD funded project with
manufacturing enhancements for nickel-zinc batteries for a variety of applications. The program also contracted manufacturing trials and enhancements for LTO and LVO cells that display excellent safety, long cycle life and low temperature performance. The program completed six SBIR Phase 2 projects ($8 million total) that expand graphite, CFx powder, solid-state LLZO anodes, direct applied separator equipment, high energy BB-2590B options, and advanced testers for the hardware-firmware-cybersecurity of lithium-ion battery management systems (BMS). The program continued to manage six other SBIR Phase 2 projects ($10.5 million) for electrode and materials production methods, mobile-safe deactivation for end-of-life lithium batteries, and lithium-ion manufacturing designs to replace several reserve power nickel-cadmium batteries for Navy applications.

The DLA-Additive Manufacturing (AM) program has continued its JAMA – Joint Additive Manufacturing Acceptability effort, and Military Partner Project Engagement. JAMA IV is underway and targets the application of the efforts of JAMA I-III, to verify their ability to function as a resource for use in the DoD Enterprise Environment. The requirements and specifications have been developed in collaboration with DLA/J344, JAMA government community, OSD, NIAR, and Deloitte to develop a proof-of-concept procurement IDIQ contract to engage both industry and the military services. The intention is to obtain additively manufactured parts through the supply chain from a streamlined means. JAMA IV is working to develop a Playbook from the JAMA series that will outline additive manufacturing processes in a joint operations environment. This initiative will be noted as a strategic data asset. Military Partners such as US Army DEVCOM and C5ISR are focus areas that successfully executed the development, testing, and production of Generic Universal Parts supporting platforms across the services for a multi-design and multi-material communications antenna. AM has partnered with Hyphen Innovations to develop next generation enhancements in a project for Repair and Enhancement using Hybrid Additive Builds for Advancing MRO (REHAB AM). This project targets improvement in
rotary bladed sustainment and enhanced fatigue analysis to reduce unnecessary failures. The AM program partnered with DLA Land &amp; Maritime to develop a small-scale fixtures lab that includes footprint, CAD software, 3D Printer to develop on-demand AM fixtures for Tooling for Testing at their facility. This study will continue with a software comparison and alternative material review to determine the best framework for the effort.

The AM program completed a project with US Army C5ISR Center to demonstrate the wide application of Additive Manufacturing to 3D-print a generic antenna. C5ISR leveraged internal designs and a digital design process, partnering with Optisys, Inc., an industry expert in metal 3D printing for Radio Frequency applications to showcase how this technology can modernize supply chains and enable on-demand parts availability. The AM program also completed an AM Tooling for Testing project with DLA Land &amp; Maritime to develop Onsite 3D Printing &amp; Scanning capabilities on a small scale to reduce turn times and costs for
items needed to aid in laboratory testing. Parts can be produced which will allow the Mechanical Product Testing Center to learn to identify the failure modes and conditions in parts that were produced additively, something that will become much more
common and Enables the Product Testing Centers to be more agile, flexible, and able to contribute in new ways to sustaining the warfighter.

The Advanced Microcircuit Emulation (AME) program continued to develop manufacturing technologies required to achieve its goals of providing a reliable and trusted, domestic means of mitigating obsolescence in legacy microcircuits. AME continued its development of additional manufacturing capabilities to support legacy 20-volt and 40-volt analog microcircuits, radiation
hardened analog microcircuits. AME continued exploring supporting an emerging supply chain risk in microcircuit cases with using additive manufacturing.

The Strategic Materials (SM) program has continued to bolster the defense industrial base by reestablishing domestic production of a range of critical materials. Newly funded and recently completed projects focused on rare earth permanent magnets, high performance graphite for Li-ion batteries, thermal protection systems for hyper-sonics, and more. 12 SBIR, 4 STTR, and 2 Emergent IV contracts were completed ($21 million total) while 20 SBIR, 7 STTR, and 2 Emergent IV contracts were awarded ($42 million total). The SM program’s developments in hyper-sonics have generated significant interest across the services, leading to an investment of $7.8M from USAF towards several new projects for 2025.</r2:Description>
                            <r2:Accomplishment>
                                <r2:PriorYear>
                                    <r2:Funding>30.043</r2:Funding>
                                    <r2:Text>The Subsistence Network (SUBNET) program will continue to develop and promote manufacturing improvements with R&amp;D projects that leverage emerging technologies and innovations. The SUBNET program will continue to work Congressional Interest research in per- and polyfluoroalkyl substances in packing material used to assemble MREs, research sustainable packaging options for the MREs, and research other food sterilization methods to include food irradiation, research sensors from production storage to food service, and artificial intelligence in food. The program will also continue to pursue Small Business Innovation Research (SBIR) topics in Subsistence.

The Casting program will work to review proposals and award new contracts under the Broad Agency Announcement while maintaining its alignment with the DLA Strategic plan and U.S. Casting Industry Roadmap. These projects will work to alleviate problems in the procurement and manufacture of parts that contain metal castings. These problems include dangerous and labor-intensive processes, accuracy of existing modeling and simulation software and tools to predict end item or finished part performance, complex manufacturing processes, resources for sourcing and/or tooling identification, the use of required but obsolete or antiquated specifications/standards and the continued consolidation of manufacturing facilities and resources within the domestic market coupled with fierce competition from foreign sources. The casting program will continue to monitor projects that were awarded in FY 2023, focused on helping to secure and maintain a viable and vibrant foundry industry as a critical part of the U.S. manufacturing base. The resulting benefits from these projects are an improved manufacturing base, reliable sources of supply with increased spare part availability, and a resulting mission readiness for the DLA and the DoD.

The Forging program will continue to monitor awarded projects focused on improving manufacturing processes and alternative forging manufacturing methods. Innovative coatings for materials and forging dies, workforce development with tools and resources to help the industry recruit and retain employees, and sensors and smart manufacturing methods. These projects align with the needs of the DoD and DLA aimed and supporting and fulfilling the needs of the warfighter.

The Battery Network (BATTNET) program will continue to execute projects for improving the production readiness, transition, and standardization of soldier and system batteries within the DLA supply chain. Projects will leverage new battery manufacturing technologies for the supply chain that have been developed by industry – advanced electrodes production, low-cost materials
production or recycling, and advanced performance cells. The program intends to leverage deep-discharge, long cycle life, and safe lithium-ion capabilities with the US Military Services to replace obsolete nickel-cadmium batteries in naval and aviation systems.

The Additive Manufacturing (AM) program will use the lessons learned during the Joint Additive Manufacturing Acceptability (JAMA) efforts in the areas of AM parts prioritization, data formats, acceptability criteria, and leverage emerging digital business practices, stemming from the information technology modernization efforts to engage in the testing and prototyping of customer engagement technology peripheral digital services, to address the requirements generated at the convergences of the MILSVC digital experiences and DLA digital operations in order to adjust DLA’s business models. DLA R&amp;D AM will also launch the needed test beds to propel the expansion of the DLA' technical data management capability to include vendor 3D models (industry developed) to establish a repeatable process for AM vendor bids.

The Advanced Microcircuit Emulation (AME) program will continue to develop its long-term technology roadmap. It will also continue planning for the specific emulation technology implementations to support specific device family groups in consonance with Customer and Agency requirements. Additive Manufacturing for Microcircuit Cases - Phase III project, Small Case 20 Volt Operational Amplifier, Radiation-Hardened Linear microcircuits, and Dual-Voltage Process Development projects are anticipated to be completed. AME will continue to develop capabilities in digital and analog/linear technologies.</r2:Text>
                                </r2:PriorYear>
                            </r2:Accomplishment>
                            <r2:PlannedProgram>
                                <r2:CurrentYear>
                                    <r2:Funding>46.625</r2:Funding>
                                    <r2:Text>The SUBNET program will continue to develop and promote manufacturing improvements with R&amp;D projects that leverage emerging technologies and innovations. The SUBNET program will continue to support and champion research projects that advance safety and quality of the foods destined for our Warfighters, which include but are not limited to: improving subsistence visibility with barcode scanning, sustainable/alternative biodegradable or compostable MRE packaging material sourcing, and MRE optimization. The program will also continue to pursue various Small Business Innovation Research (SBIR) topics in Subsistence, including shelf-life extension technologies for fresh fruits and vegetables.

The CAST program will continue to monitor the research projects aiming to alleviate problems in the procurement and the manufacture of DOD weapon system parts. The projects also include design tools for manufacturing such as cost modeling and simulation. Process improvements such as light weighting, smart machines and manufacturing, automation and robotics, ergonomics, and sustainability. We will plan for future development in hybrid cast materials, enhanced alloys, and sustainable substitutes, die materials, furnace refractory coatings and digital threat integration and implementation.

The FORGE program will continue to monitor projects focused on improving manufacturing processes and alternative forging manufacturing methods. New and innovative coatings for forging dies, and billets. Workforce development tools and resources to help the industry recruit new and retain existing employees. Sensors and smart manufacturing methods and technologies to improve the forging manufacturing process. These projects align with the needs of the DLA and the DoD aimed at supporting and fulfilling the needs of the warfighter. Will Initiate a new BAA for future forging topics as the current efforts conclude.

The BATTNET program continues current projects for improving the production readiness, transition, and standardization of soldier and system batteries within the DLA supply chain, leveraging new battery manufacturing technologies. The program is successfully testing improved nickel-cadmium UPS batteries and safe lithium-ion versions for Navy applications. The program plans to initiate projects to expand and improve LVO and LTO cell manufacturing, cell manufacturing improvements for key DoD applications, and assist with addressing supply chain security and resilience issues for essential materials.

The AM program will continue to explore emerging technology and innovative trends that are mission critical and mission essential. Current research projects include the development of AM accessibility and acceptability of parts across the enterprise while examining alternative manufacturing options for warfighter readiness. This will enable Military Services the opportunity to utilize manufacturing (AM &amp; ADVM) as a means to decrease supply chain dependency and foreign reliance for much needed parts in the DoD supply chain. This program will continue to research ways to leverage AM policy, protocols and processes for improving part production capabilities. The program will utilize SBIR and Emergent BAA opportunities in Additive Manufacturing/Advanced Manufacturing to develop future plans. The areas are shaped around Joint Operations in an environment of Contested Logistics. Key areas of R&amp;D work include material qualification and development, process optimization, design modernization, part qualification and certification rapid prototyping, tech quality defect detection using AI, feedstock materials development, AM workforce training, AI for AM, Robotics for Readiness, Digital Twin/Digital Thread cataloging, Cyber-Security for AM, Surge Driven Process Capability for the Organic Industrial Base.

The Advanced Microcircuit Emulation (AME) program will continue to develop its long-term technology roadmap. It will also continue planning for the specific emulation technology implementations to support specific device family groups in consonance with Customer and Agency requirements. The Analog Switch project is anticipated to begin.

The Strategic Materials (SM) program will continue to examine the requirements for research of materials and alloys, development of solutions with cost-efficient production, substitution, domestic qualification, and/or recycling to restore and stabilize strategic and critical materials supply chains that have been compromised by decreased or abandoned domestic production activities or lack of domestic reserves within the United States. As the number of export restrictions on critical minerals continues to increase, a greater emphasis needs to be placed on establishing domestic production and circular economies for these materials. To meet DOD needs for homeland missile defense, the SM program will fund STTR projects and manage contracts in collaboration with USAF in the field of hyper-sonics.</r2:Text>
                                </r2:CurrentYear>
                                <r2:BudgetYearOne>
                                    <r2:Funding>41.533</r2:Funding>
                                </r2:BudgetYearOne>
                                <r2:BudgetYearOneBase>
                                    <r2:Funding>41.533</r2:Funding>
                                    <r2:Text>The SUBNET program will continue to support and champion research projects that advance the safety and quality of the foods destined for our Warfighters. The projects include improving subsistence visibility with barcode scanning, sustainable MRE packaging material sourcing, MRE optimization, enhanced food sterilization methods, subsistence supply chain (farm-to- fork) monitoring studies, flameless ration heater alternatives, and data analytics in the subsistence supply chain. The program will also continue to pursue various SBIR topics in Subsistence.

The CAST program will continue to monitor the research projects aiming to alleviate problems in the procurement and the manufacture of DOD weapon system parts. The projects include design tools for manufacturing such as cost modeling and simulation. Process improvements such as light weighting, smart machines and manufacturing, automation and robotics, ergonomics, and sustainability. We will plan for future development in hybrid cast materials, enhanced alloys, and sustainable substitutes, die materials, furnace refractory coatings and digital threat integration and implementation.

The FORGE program will initiate work for projects executed under newly awarded contracts through a new BAA. These projects will be aligned with the needs of the DLA and the DoD aimed at supporting and fulfilling the needs of the warfighter.

The BATTNET program will continue to execute projects for improving the production readiness, transition, and standardization of soldier and system batteries within the DLA supply chain. Projects will leverage new battery manufacturing technologies for the supply chain that have been developed by industry – advanced electrodes production, low-cost materials production or recycling, and advanced performance cells. The program intends to leverage deep-discharge, long cycle life, low temperature, and safe lithium-ion capabilities with the US Military Services to replace obsolete nickel-cadmium and lead-acid batteries in naval and aviation systems. The program intends on addressing manufacturing gaps and material supply risks to
enhance supply sustainment.

DLA AM is targeting AM methods and Advanced Manufacturing applications to evolve the level of innovative solutions that better support the Warfighter. This effort aims to increase part readiness and decrease manufacturing costs. Strategic focus on Additive Manufacturing in a Joint Operations Environment, Life-Cycle Manufacturing, and the use of AI to better support future opportunities in AM acceptance, adoption, and acceleration of efforts in a contested logistics environment.

The AME program will continue to develop its long-term technology roadmap. It will also continue planning for the specific emulation technology implementations to support specific device family groups in consonance with Customer and Agency requirements. The 40 Volt Operational Amplifier project is anticipated to be completed and transitioned to full scale production. The 20 Volt Small Dimension Operational Amplifier project is also anticipated to be completed and transitioned to full scale production. AME will continue to develop an additive manufacturing capability for obsolete ceramic microcircuit cases and will continue its radiation hardened analog process development.

The SM program will continue to examine the requirements for research of materials and alloys, development of solutions with cost-efficient production, substitution, domestic qualification, and/or recycling to restore and stabilize strategic and critical materials supply chains that have been compromised by decreased or abandoned domestic production activities or lack of domestic reserves within the United States. Phase I SBIR/STTR contracts bolstering domestic production of hypersonic thermal protection systems and gallium raw materials for high performance electronics will be down selected as appropriate to phase II commercialization efforts supporting the DOD.</r2:Text>
                                </r2:BudgetYearOneBase>
                                <r2:AppChangeSummary>FY26 Program Decreases due to the following: 

- FY 2026 funding ($4M) for the Joint Additive Manufacturing Model Exchange (JAMMEX) was realigned to the O&amp;M Appropriation.
-Program Savings
-Labor/NonLabor Adjustments</r2:AppChangeSummary>
                            </r2:PlannedProgram>
                        </r2:AccomplishmentPlannedProgram>
                    </r2:AccomplishmentPlannedProgramList>
                    <r2:AcquisitionStrategy>DLA R&amp;D primarily uses Broad Agency Announcements (BAA) to competitively award contracts to industry and academic organizations for Advanced Technology Development projects. BAAs allow DLA R&amp;D to see a wide range of technical approaches to address an area of interest or specific requirement. Multiple awards can be made so that the chances of a successful R&amp;D outcome are maximized. BAAs are a flexible way to access all parts of the technology supply chain and structure a contract that satisfies the DOD requirements. To save potential offeror time and money, most BAAs include a short white paper submission that allows stakeholders to determine if the level of interest justifies requesting a full cost and technical proposal. Full proposals resulting from the white paper review are evaluated and move through an expedited evaluation and award process. Castings, Subsistence, Emergent Technology and Battery Network currently have open BAAs in FY2025.

Occasionally, DLA may use Other Transaction Authority (OTA) to rapidly deliver prototype capabilities with design and discovery techniques rather than requirements-based approaches. OTA agreements are especially useful for advancing technology adoption because they reach non-traditional, small business companies with innovative technologies and have the advantage of being able to go from development into production without a follow-on competitive contract.

In 2024, DLA R&amp;D used The DLA Joint Enterprise Technology Services (JETS) JETS 2.0 multi-award Indefinite Delivery/Indefinite Quantity (IDIQ) contract vehicle. JETS 2.0 will be used to acquire IT services from small and large pre-qualified performers, including R&amp;D Support tasks, with AM SME, AM Tech Specialist, Biologist, Chemist, Food Scientist, and Industrial Engineer labor categories.</r2:AcquisitionStrategy>
                </r2:R2aExhibit>
            </r2:Project>
            <r2:Project>
                <r2:ProjectNumber>TDM</r2:ProjectNumber>
                <r2:ProjectTitle>3D Tech Data Modernization / Model Based Enterprise</r2:ProjectTitle>
                <r2:SpecialProject>0</r2:SpecialProject>
                <r2:ProjectFunding>
                    <r2:AllPriorYears>174.984</r2:AllPriorYears>
                    <r2:PriorYear>31.892</r2:PriorYear>
                    <r2:CurrentYear>53.741</r2:CurrentYear>
                    <r2:BudgetYearOne>9.077</r2:BudgetYearOne>
                    <r2:BudgetYearOneBase>9.077</r2:BudgetYearOneBase>
                    <r2:CostToComplete>Continuing</r2:CostToComplete>
                    <r2:TotalCost>Continuing</r2:TotalCost>
                </r2:ProjectFunding>
                <r2:R2aExhibit>
                    <r2:ProjectMissionDescription>The three-dimensional (3D) Technical Data Modernization (TDM) / Model-Based Enterprise (MBE) includes efforts to improve and facilitate the exchange of engineering and logistics information among DLA, the Military Services, industry partners, and customers. This LOE includes the Military Unique Sustainment Technology (MUST), the Defense Logistics Information Research (DLIR), and the Emerging Requirements (EMR) portfolios. A primary focus of this LOE is to capitalize on the emerging “Model Based Enterprise” paradigm and the semantic web as an enabler to a logistics system that is smart and connected up and down the supply chain and across all DLA Customers and suppliers. A major focus is to transform DoD engineering data from two-dimensional paper-based products to three-dimensional computer-based models, and to develop processes to move from “electronic paper” (i.e. PDF files) to technical data files that can interface directly with industries’ engineering systems. The benefits include shorter product introduction cycles, lower set up-costs for parts production and more economical small batch production. Objectives for this LOE includes:

1.	Transform technical data into modern, machine-usable, neutral formats: support DoD’s digital modernization efforts and provide significant readiness improvements.
2.	Create a model-enabled knowledge base shared among DLA, the Military Services and industry: streamline the delivery of accurate requirements and high-quality material and end-items throughout the supply chain.
3.	Quickly develop emergent and breakthrough technologies into military significant capabilities.

The Military Unique Sustainment Technology (MUST) program addresses GAO Report 12-707 recommendations for DoD to establish a “knowledge-based approach” to define, communicate, and collaborate on military unique Combat Uniforms and Individual Equipment (CUIE) requirements. DLA has the responsibility to manage and maintain the technical requirements among the Services and the Defense Industrial Base. Currently there is no common environment for collaborating on new requirements among the stakeholders. The strategic objective of the DLA MUST program is to identify, develop, and adopt technologies that can significantly improve the joint process from transitioning new item development to DLA sustainment and operations. The Program focuses on technologies that will transform the military CUIE supply chain from an “electronic paper” (i.e. PDF/MS Word) based manual environment, into a knowledge-based model driven environment. This approach will result in seamlessly communicating military unique technical requirements throughout the end-to-end supply chain, leading toward a Model Based Enterprise.

The Defense Logistics Information Research (DLIR) program utilizes digital technologies to enhance the quality, security, and interoperability of logistics data, transforming DLA's business processes and supporting the Defense Industrial Base (DIB). A key focus of DLIR is assisting Micro, Small, and Midsize Manufacturers (MSMMs) in adopting Industry 4.0 practices and developing the workforce within the DIB.</r2:ProjectMissionDescription>
                    <r2:CongressionalAddDetailList>
                        <r2:CongressionalAddDetail>
                            <r2:Title>Artificial Intelligence Manufacturing</r2:Title>
                            <r2:PriorYear>
                                <r2:Funding>5.000</r2:Funding>
                                <r2:Text>This Congressional Add, managed by the DLIR program, for the Manufacturing Optimization &amp; Supplier AI Connector (MOSAIC) project aims to enhance DLA’s ability to connect its manufacturing needs with a vast network of private manufacturers across the U.S. MOSAIC matches CAD data to manufacturing processes and suppliers, currently focusing on machining with a database of over 20,000 suppliers mapped to a predefined ontology. Designed for dual use by DoD/DLA and private industries, MOSAIC enhances supplier selection and process optimization. MOSAIC will continue into FY 2025 and FY 2026 with an expanded scope and complexity of ongoing research and development, addressing the decline in small and medium-sized manufacturers participating in the DIB and the impact of Diminishing Manufacturing Sources and Material Shortages (DMSMS) on warfighter readiness.</r2:Text>
                            </r2:PriorYear>
                        </r2:CongressionalAddDetail>
                        <r2:CongressionalAddDetail>
                            <r2:Title>Critical Mineral Supply Chain Resiliency</r2:Title>
                            <r2:PriorYear>
                                <r2:Funding>5.000</r2:Funding>
                                <r2:Text>Completed process flow design for chemical conditioning of rare earth containing waste stream.</r2:Text>
                            </r2:PriorYear>
                            <r2:CurrentYear>
                                <r2:Funding>5.000</r2:Funding>
                                <r2:Text>Pending Proposal, Planned Obligation October 2025</r2:Text>
                            </r2:CurrentYear>
                        </r2:CongressionalAddDetail>
                        <r2:CongressionalAddDetail>
                            <r2:Title>High Purity Vanadium for Aerospace Titanium Alloys</r2:Title>
                            <r2:PriorYear>
                                <r2:Funding>2.000</r2:Funding>
                                <r2:Text>Preliminary construction complete, new furnaces and related production equipment ready for installation.</r2:Text>
                            </r2:PriorYear>
                        </r2:CongressionalAddDetail>
                        <r2:CongressionalAddDetail>
                            <r2:Title>Hypersonic Radomes and Apertures</r2:Title>
                            <r2:PriorYear>
                                <r2:Funding>4.000</r2:Funding>
                                <r2:Text>Developing ceramic conversion process for RF window production, begun mechanical and dielectric characterization of test panels.</r2:Text>
                            </r2:PriorYear>
                        </r2:CongressionalAddDetail>
                        <r2:CongressionalAddDetail>
                            <r2:Title>Processing Pilot for High-Purity Nickel</r2:Title>
                            <r2:PriorYear>
                                <r2:Funding>3.000</r2:Funding>
                                <r2:Text>Begun scaling production of concentrated Nickel leachates, established product offtake and R&amp;D agreements.</r2:Text>
                            </r2:PriorYear>
                        </r2:CongressionalAddDetail>
                        <r2:CongressionalAddDetail>
                            <r2:Title>Rare Earth Element Mining</r2:Title>
                            <r2:PriorYear>
                                <r2:Funding>2.000</r2:Funding>
                                <r2:Text>Begun characterization of 24 core samples, developed preliminary flotation and beneficiation methods to isolate a variety of rare earth elements.</r2:Text>
                            </r2:PriorYear>
                        </r2:CongressionalAddDetail>
                        <r2:CongressionalAddDetail>
                            <r2:Title>Recover, Reclaim, Recycle Materials from Defense Scrap</r2:Title>
                            <r2:PriorYear>
                                <r2:Funding>2.000</r2:Funding>
                                <r2:Text>Developed scrap metal characterization methods, partnered with Disposition Services to sort and collect scrap for recycling.</r2:Text>
                            </r2:PriorYear>
                        </r2:CongressionalAddDetail>
                        <r2:CongressionalAddDetail>
                            <r2:Title>Domestic Production of Tantalum</r2:Title>
                            <r2:CurrentYear>
                                <r2:Funding>4.000</r2:Funding>
                                <r2:Text>Pending Proposal, Planned Obligation October 2025</r2:Text>
                            </r2:CurrentYear>
                        </r2:CongressionalAddDetail>
                        <r2:CongressionalAddDetail>
                            <r2:Title>High Performance Synthetic Graphite</r2:Title>
                            <r2:CurrentYear>
                                <r2:Funding>8.500</r2:Funding>
                                <r2:Text>Pending Proposal, Planned Obligation October 2025</r2:Text>
                            </r2:CurrentYear>
                        </r2:CongressionalAddDetail>
                        <r2:CongressionalAddDetail>
                            <r2:Title>High Temperature Ceramic Composite Lab and Prototyping</r2:Title>
                            <r2:CurrentYear>
                                <r2:Funding>5.000</r2:Funding>
                                <r2:Text>Pending Proposal, Planned Obligation October 2025</r2:Text>
                            </r2:CurrentYear>
                        </r2:CongressionalAddDetail>
                        <r2:CongressionalAddDetail>
                            <r2:Title>Nanostructured Iron Nitride Permanent Magnets</r2:Title>
                            <r2:CurrentYear>
                                <r2:Funding>12.000</r2:Funding>
                                <r2:Text>Pending Proposal, Planned Obligation October 2025</r2:Text>
                            </r2:CurrentYear>
                        </r2:CongressionalAddDetail>
                        <r2:CongressionalAddDetail>
                            <r2:Title>Niobium Supply Chain for Aerospace Critical Superalloys</r2:Title>
                            <r2:CurrentYear>
                                <r2:Funding>3.000</r2:Funding>
                                <r2:Text>Pending Proposal, Planned Obligation October 2025</r2:Text>
                            </r2:CurrentYear>
                        </r2:CongressionalAddDetail>
                        <r2:CongressionalAddDetail>
                            <r2:Title>Supply Chain Readiness Improvement Program</r2:Title>
                            <r2:CurrentYear>
                                <r2:Funding>7.500</r2:Funding>
                                <r2:Text>Pending Proposal, Planned Obligation October 2025</r2:Text>
                            </r2:CurrentYear>
                        </r2:CongressionalAddDetail>
                    </r2:CongressionalAddDetailList>
                    <r2:AccomplishmentPlannedProgramList>
                        <r2:AccomplishmentPlannedProgram>
                            <r2:Title>Three-dimensional (3D) Technical Data Modernization (TDM) / Model-Based Enterprise (MBE) (R&amp;D LOE 2)</r2:Title>
                            <r2:Description>FY 2024 Accomplishments:

The MUST program focus has been to integrate the MUST developed components: 1) Supply Request Package (SRP) Tool,
2) Interim Change Management Solution (ICMS), 3) Quality Deficiency Assessment Reporting, and 3) the Digital Model Library (DML) using an Application Program Interface (API), to seamlessly communicate military unique technical requirements throughout the supply chain. Specifically, in FY 2024 MUST prototyped the capability to streamline input of clothing &amp; textile defect data using handheld devices and RFID/barcodes at USMC recruit training centers. MUST also demonstrated the ability to identify clothing &amp; textile items containing PFAS treatments, using inferences from digital documents in the DML. Finally, MUST developed tools allowed DLA Troop Support Clothing &amp; Textiles to interface with the new Military Service lead Joint Clothing Textile Modernization Initiative (JCTMI) and support the Military Services Engineering Support Activities, and the Industrial Base.

In FY 2024, the DLIR program achieved remarkable progress in advancing digital transformation and enhancing operational efficiency. Key accomplishments included: Successful completion of the Paladin Digital Modernization Project. This initiative delivered a comprehensive Business Case Analysis (BCA) that provided strategic recommendations for optimizing procurement through digital transformation. The project converted 2D technical data into 3D models, aligning with Industry 4.0/5.0 standards. This transformation reduced procurement timelines, lowered costs, and strengthened supply chain resilience by addressing associated challenges. Additionally, the project standardized technical data management, establishing a unified, authoritative source of truth across military services. DLIR also transitioned the following R&amp;D projects into operations: (1) Digital Sustainment Platform (DSP) transitioned to DLA J62, advancing Technical Data Management Transformation (TDMT). The DSP enables seamless integration of military technical data with suppliers’ “as-manufactured” data, enhancing data interoperability and operational efficiency, (2) FLIS Data Cleansing Project transitioned to J34 for implementation, improving data accuracy and reliability, and (3) Order-to-Cash (O2C) Digital Twin Process Mining transitioned to J62KB, leveraging Celonis to significantly enhance DLA’s O2C efficiency. This initiative utilized emerging technologies to align with the agency’s Strategic Plan, driving operational excellence.

The EMR program executed Congressional add funding to support Strategic Materials and Rare Earth Element related technical projects for: High Performance NdFeB Magnets, Hypersonic Radomes and Apertures, Nanostructured Iron Nitride Permanent Magnets, Battery Grade Graphite, and received additional direct funding for Isomolded Graphite technology.</r2:Description>
                            <r2:Accomplishment>
                                <r2:PriorYear>
                                    <r2:Funding>8.892</r2:Funding>
                                    <r2:Text>The Military Unique Sustainment Technology II (MUST II) program will develop a strategy to integrate Services PLM data as a “front end” to the MUST Knowledge Base. In this vision, MUST Knowledge Base tools and capabilities interface with PLM via Application Programming Interfaces as Items prepare for, and transition to DLA Sustainment. The ICMS tool working prototype and the DML working prototype will be delivered and available for transition into an operational capability. Technical data content in the DML will continue to be expanded and the AI needed to make the DML information available throughout the supply chain will be enhanced. The major effort of integration into Military Services development organizations and the industrial base will be undertaken.

The Defense Logistics Information Research (DLIR) program will continue to support DLA’s Technical Data Management Transformation (TDMT) efforts to determine IT architecture needs and to ensure DLA’s MBE architecture meets/exceeds DOD compliance objectives and integrates with Military Services irrespective of platforms. DLIR will continue collaboration with MxD focusing on cybersecurity and building the digital thread completing the conversions of selected NSNs to 3D, model -based formats, producing first articles, and demonstrating to the cognizant Engineering Support Activity (ESA) that the model -based TDP can be the authoritative TDP.

The Emerging Requirements (EMR) program will continue to enable DLA's investigation of new disruptive technology advances that may be implemented in the nearer term, without degrading well established program efforts.</r2:Text>
                                </r2:PriorYear>
                            </r2:Accomplishment>
                            <r2:PlannedProgram>
                                <r2:CurrentYear>
                                    <r2:Funding>8.741</r2:Funding>
                                    <r2:Text>MUST is working to further develop more powerful Artificial Intelligence based tools to incorporate interim change documents into
base digital models, and to extract technical requirements from the digital models. Technical data content in the Digital Model Library (DML) is being expanded and the AI enhanced to make the DML information available throughout the supply chain. In addition, MUST is continuing to work with the Services to promote the use of data formats compatible with the digital document models and identify process touch points for the Joint Clothing &amp; Textile Manufacturing Initiative (JCTMI). The digital document models can be efficiently managed (queried, analyzed, updated) and are capable of supplying data directly to test plans and manufacturing processes. Joint processes are currently being reengineered to take advantage of the digital model data. MUST is continuing to improve quality deficiency reporting at DLA Troop Support, and building new prototype tools and interfaces to improve digital model utility for the industrial base.

In FY 2025, the DLIR program shifted its emphasis from digital engineering to digital manufacturing, prioritizing advanced manufacturing techniques and AI-driven large language models (LLMs) to strengthen the Defense and Organic Industrial Base.
This strategic pivot aims to enhance supply network resilience through three interconnected initiatives focused on identifying alternative manufacturing sources to support weapon system sustainment and provide surge capacity. These efforts include:
(1) Searchable Manufacturer Database: This initiative developed a comprehensive database mapping 84,000 manufacturers to approximately 1,400 predefined capability ontologies. Accessible to the broader DoD community, the database enables efficient identification of suppliers to support sustainment and surge requirements., (2) MOSAIC (Manufacturing Optimization &amp; Supplier AI Connector): Leveraging machine learning, MOSAIC matches CAD data to manufacturing processes and suppliers, currently focusing on machining with a database of over 20,000 suppliers mapped to a predefined ontology. Designed for dual use by DoD/ DLA and private industries, MOSAIC enhances supplier selection and process optimization, and (3) FILOS (Flexible Industrial Logistics, Operations, and Supplier Networks): Utilizing generative AI, neuro-symbolic reasoning, and optimization, FILOS
identifies U.S.-based suppliers to reduce reliance on foreign sources. This system enables flexible manufacturing to meet demand surges, bolstering operational resilience and responsiveness.
DLIR will also advance Industry 4.0 and workforce development for Micro, Small, and Mid-Size Manufacturers (MSMMs) and pursue prototype development for remote expert capabilities using Augmented Reality/Virtual Reality (AR/VR), targeting Authority to Operate (ATO) certification.

The EMR program will continue to enable DLA's investigation of new disruptive technology advances that may be implemented in the nearer term, without degrading well established program efforts. New funding has been received to develop domestic production of high purity nickel for use in Li-ion batteries.</r2:Text>
                                </r2:CurrentYear>
                                <r2:BudgetYearOne>
                                    <r2:Funding>9.077</r2:Funding>
                                </r2:BudgetYearOne>
                                <r2:BudgetYearOneBase>
                                    <r2:Funding>9.077</r2:Funding>
                                    <r2:Text>In FY 2026, MUST plans to further develop more powerful AI based tools and technical data content in the digital model library (DML) will continue to be expanded to make the DML information available throughout the supply chain. In addition, MUST will continue to improve quality deficiency reporting at DLA Troop Support, will work with the Services to promote the use of data formats compatible with the digital document models, and identify process touch points for the Joint Clothing &amp; Textile Manufacturing Initiative (JCTMI). New prototype tools and interfaces will also be developed to improve digital model utility for the industrial base. A new Broad Agency Announcement will be issued to broaden the scope of MUST, incorporating expanded digital manufacturing efforts and strengthening collaboration with JCTMI and AFFOA.

In Fiscal Year 2026, the DLIR program will build on its FY 2025 achievements, advancing advanced manufacturing and AI-driven large language models (LLMs) to strengthen the Defense Industrial Base (DIB) and Organic Industrial Base (OIB). The program will enhance supply chain resilience, workforce development, and material reclamation through the following initiatives: (1) Expanded Manufacturer Database: The searchable database will grow to include more manufacturers and capabilities, remaining accessible to government and contractor stakeholders to facilitate efficient supplier identification for sustainment and surge demands, (2) MOSAIC (Manufacturing Optimization &amp; Supplier AI Connector): MOSAIC will enhance its machine learning algorithms to better align CAD data with manufacturing processes and suppliers. Focusing on machining with a database exceeding 20,000 suppliers, it will support both DoD/DLA and private industries, optimizing supplier matching and process efficiency, and (3) FILOS (Flexible Industrial Logistics, Operations, and Supplier Networks): Utilizing generative AI, neuro-symbolic reasoning, and optimization, FILOS will further identify U.S.-based suppliers to reduce foreign supply chain dependencies. This system will enable flexible manufacturing to address demand surges, enhancing operational resilience.

In addition, DLIR program will focus on (1) Industry 4.0 Workforce Development: DLIR will advance training programs for Micro, Small, and Mid-Size Manufacturers (MSMMs), building expertise in advanced manufacturing. The program will also secure Authority to Operate (ATO) for AR/VR-based remote expert capabilities to improve operational support, and (2) DLA Disposition Services IT System for Circular Economy: This initiative will develop an AI-driven IT system to optimize material reclamation, reuse, and repurposing. Leveraging AI, LLMs, and machine learning, the system will automate material identification, classification, and tracking, and integrating with DLA’s Enterprise Business System. It will streamline reverse logistics, reduce storage costs, and enable the repurposing of obsolete materials, such as rare earth metals and batteries, for additive manufacturing and strategic resource recovery, aligning with DLA’s 2025-2030 Strategic Plan.

The EMR program will continue to enable DLA's investigation of new disruptive technology advances that may be implemented in the nearer term, without degrading well established program efforts.</r2:Text>
                                </r2:BudgetYearOneBase>
                                <r2:AppChangeSummary>FY 2026 Program Decrease due to program savings and Labor/NonLabor Adjustments</r2:AppChangeSummary>
                            </r2:PlannedProgram>
                        </r2:AccomplishmentPlannedProgram>
                    </r2:AccomplishmentPlannedProgramList>
                    <r2:AcquisitionStrategy>DLA R&amp;D primarily uses Broad Agency Announcements (BAA) to competitively award contracts to industry and academic organizations for Advanced Technology Development projects. BAAs allow DLA R&amp;D to see a wide range of technical approaches to address an area of interest or specific requirement. Multiple awards can be made so that the chances of a successful R&amp;D outcome are maximized. BAAs are a flexible way to access all parts of the technology supply chain and structure a contract that satisfies the DOD requirements. To save potential offeror time and money, most BAAs include a short white paper submission that allows stakeholders to determine if the level of interest justifies requesting a full cost and technical proposal. Full proposals resulting from the white paper review are evaluated and move through an expedited evaluation and award process. DLIR and MUST programs currently have open BAAs through FY 2026 and FY 2025 respectively.

Occasionally, DLA will use Other Transaction Authority (OTA) to rapidly deliver prototype capabilities with design and discovery techniques rather than requirements- based approaches. OTA agreements are especially useful for advancing technology adoption because they reach non-traditional, small business companies with innovative technologies and have the advantage of being able to go from development into production without a follow-on competitive contract.

In 2024, DLA R&amp;D used The DLA Joint Enterprise Technology Services (JETS) JETS 2.0 multi-award Indefinite Delivery/Indefinite Quantity (IDIQ) contract vehicle. JETS 2.0 will be used to acquire IT services from small and large pre-qualified performers, including R&amp;D Support tasks, with AM SMEs, AM Tech Specialists, Biologists, Chemists, Food Scientists, and Industrial Engineer labor categories.</r2:AcquisitionStrategy>
                </r2:R2aExhibit>
            </r2:Project>
        </r2:ProjectList>
    </r2:ProgramElement>
</r2:ProgramElementList>