<?xml version="1.0" encoding="UTF-8"?>
<r2:ProgramElementList xmlns:r2="http://www.dtic.mil/comptroller/xml/schema/022009/r2" targetSchemaVersion="1.0">
    <r2:ProgramElement monetaryUnit="Millions">
        <r2:ProgramElementNumber>0708012S</r2:ProgramElementNumber>
        <r2:ProgramElementTitle>Pacific Disaster Center</r2:ProgramElementTitle>
        <r2:R1LineNumber>284</r2:R1LineNumber>
        <r2:BudgetYear>2026</r2:BudgetYear>
        <r2:BudgetCycle>PB</r2:BudgetCycle>
        <r2:SubmissionDate>2025-06</r2:SubmissionDate>
        <r2:ServiceAgencyName>Defense Logistics Agency</r2:ServiceAgencyName>
        <r2:AppropriationCode>0400</r2:AppropriationCode>
        <r2:AppropriationName>Research, Development, Test &amp; Evaluation, Defense-Wide</r2:AppropriationName>
        <r2:BudgetActivityNumber>7</r2:BudgetActivityNumber>
        <r2:BudgetActivityTitle>Operational Systems Development</r2:BudgetActivityTitle>
        <r2:ProgramElementFunding>
            <r2:AllPriorYears>31.503</r2:AllPriorYears>
            <r2:PriorYear>3.762</r2:PriorYear>
            <r2:CurrentYear>6.361</r2:CurrentYear>
            <r2:BudgetYearOne>2.000</r2:BudgetYearOne>
            <r2:BudgetYearOneBase>2.000</r2:BudgetYearOneBase>
            <r2:CostToComplete>Continuing</r2:CostToComplete>
            <r2:TotalCost>Continuing</r2:TotalCost>
        </r2:ProgramElementFunding>
        <r2:ProgramElementMissionDescription>The Pacific Disaster Center (PDC) is a public/private partnership managed by the University of Hawaii under a cooperative agreement with the Department of Defense. It is functionally within the organization of the Office of the Under Secretary of Defense (Policy) (OUSD(P)) as Principal Staff Assistant (PSA) and Defense Logistics Agency (DLA) for program management. The PDC is a world-recognized authority and leader in science and information technology applications relating to humanitarian assistance and disaster relief (HA/DR), including real-time assessments, predictive analysis, and disaster risk reduction. PDC develops new and innovative technologies and services, operating an (unclassified) integrated multi-hazard monitoring, early warning, and decision support system, called DoD RAPIDS, for the Department. PDC also provides advanced analytics leveraged by the Department for strategic planning, risk intelligence, impact modeling, strategic competition, and critical asset protection.</r2:ProgramElementMissionDescription>
        <r2:ChangeSummary>
            <r2:PreviousPresidentBudget>
                <r2:PriorYear>1.905</r2:PriorYear>
                <r2:CurrentYear>1.861</r2:CurrentYear>
                <r2:BudgetYearOne>1.874</r2:BudgetYearOne>
                <r2:BudgetYearOneBase>1.874</r2:BudgetYearOneBase>
            </r2:PreviousPresidentBudget>
            <r2:CurrentPresidentBudget>
                <r2:PriorYear>3.762</r2:PriorYear>
                <r2:CurrentYear>6.361</r2:CurrentYear>
                <r2:BudgetYearOne>2.000</r2:BudgetYearOne>
                <r2:BudgetYearOneBase>2.000</r2:BudgetYearOneBase>
            </r2:CurrentPresidentBudget>
            <r2:TotalAdjustments>
                <r2:PriorYear>1.857</r2:PriorYear>
                <r2:CurrentYear>4.500</r2:CurrentYear>
                <r2:BudgetYearOne>0.126</r2:BudgetYearOne>
                <r2:BudgetYearOneBase>0.126</r2:BudgetYearOneBase>
            </r2:TotalAdjustments>
            <r2:AdjustmentDetails>
                <r2:CongressionalAdds>
                    <r2:PriorYear>2.000</r2:PriorYear>
                    <r2:CurrentYear>4.500</r2:CurrentYear>
                </r2:CongressionalAdds>
                <r2:SBIRSTTRTransfer>
                    <r2:PriorYear>-0.143</r2:PriorYear>
                </r2:SBIRSTTRTransfer>
                <r2:OtherAdjustmentDetailList>
                    <r2:OtherAdjustmentDetail>
                        <r2:Title>Program Adjustment</r2:Title>
                        <r2:Funding>
                            <r2:BudgetYearOne>0.126</r2:BudgetYearOne>
                            <r2:BudgetYearOneBase>0.126</r2:BudgetYearOneBase>
                        </r2:Funding>
                    </r2:OtherAdjustmentDetail>
                </r2:OtherAdjustmentDetailList>
            </r2:AdjustmentDetails>
            <r2:SummaryExplanation>FY 2026 Program Increase:

$2M increase for the Logistics Support Activity (LSA) Program-- Classified Requirement

LSA - Reported in accordance with Title 10, United States Code, Section 119(a)(1) in the Special Access Program Annual Report.

FY 2026 Program Decrease: 
$1.874M reduction within the PDC baseline due to categorization of requirement.</r2:SummaryExplanation>
        </r2:ChangeSummary>
        <r2:ProjectList>
            <r2:Project>
                <r2:ProjectNumber>03</r2:ProjectNumber>
                <r2:ProjectTitle>Pacific Disaster Center</r2:ProjectTitle>
                <r2:SpecialProject>0</r2:SpecialProject>
                <r2:ProjectFunding>
                    <r2:AllPriorYears>31.503</r2:AllPriorYears>
                    <r2:PriorYear>3.762</r2:PriorYear>
                    <r2:CurrentYear>6.361</r2:CurrentYear>
                    <r2:BudgetYearOne>2.000</r2:BudgetYearOne>
                    <r2:BudgetYearOneBase>2.000</r2:BudgetYearOneBase>
                    <r2:BudgetYearTwo>0.000</r2:BudgetYearTwo>
                    <r2:BudgetYearThree>0.000</r2:BudgetYearThree>
                    <r2:BudgetYearFour>0.000</r2:BudgetYearFour>
                    <r2:BudgetYearFive>0.000</r2:BudgetYearFive>
                    <r2:CostToComplete>Continuing</r2:CostToComplete>
                    <r2:TotalCost>Continuing</r2:TotalCost>
                </r2:ProjectFunding>
                <r2:R2aExhibit>
                    <r2:ProjectMissionDescription>The PDC has provided operational support for an (unclassified) integrated multi-hazard monitoring, early warning and decision support system, called RAPIDS, for the Department since 2007. The system is frequently used by Combatant Commands (CCMD), particularly INDOPACOM and SOUTHCOM, for current operations, exercises, HA/DR missions. and was selected as one of the most effective systems in a position paper by the Department, reviewing all unclassified information sharing systems. “Expanded use of RAPIDS across the DoD at the Combatant Commands, Joint Task Force, and by deployed units from the services” was identified as ”a primary Joint Staff objective” in a memorandum dated July 6, 2017. RAPIDS and PDC advanced analytics and data sets are leveraged across DoD for strategic planning, risk intelligence, impact modeling, strategic competition, and critical asset protection.</r2:ProjectMissionDescription>
                    <r2:CongressionalAddDetailList>
                        <r2:CongressionalAddDetail>
                            <r2:Title>Global Water Security Center</r2:Title>
                            <r2:PriorYear>
                                <r2:Funding>2.000</r2:Funding>
                                <r2:Text>The University of Alabama Global Water Security Center (GWSC) continued to furnish data and expert analysis on the water security implications of seasonal to decadal weather and climate events in support of DoD operational and strategic planning.  The center’s FY 2024 accomplishments included release of water analysis and assessments for DoD Combatant Commands and agencies for:  Slovenia; West Africa; Iraq; Panama Canal Deep Dive; China;  El Niño/Grenada; and Mexico City. 

The GWSC’s cybersecurity and IT infrastructure services focused on the continuation of work to improve access to the GWSC data portal, including analytics to track user engagement; agile software development cycle, with a focus on building the user and data-management interfaces, increasing the speed at which data renders, appending forecast and sub-seasonal to seasonal with GWSC’s algorithms, and improving user experiences and data storage. 

In addition, the GWSC continued its partner engagements and liaison services by participating in DoD-sponsored training exercises in support of climate.</r2:Text>
                            </r2:PriorYear>
                            <r2:CurrentYear>
                                <r2:Funding>4.500</r2:Funding>
                                <r2:Text>Line of Effort (LOE) 1: Water and Environmental Security Analysis.  Based on priorities set by OUSD (P) Arctic and Global Resilience (AGR), GWSC produces relevant, insightful Environmental Information Briefs (EIB)on water and environmental security analysis for DoD Components, including OSD, Joint Staff, Combatant Commands (CCMD), Military Services, and Military Intelligence Agencies. GWSC will update details in future analysis products in response to specific feedback on the EIBs.

LOE 2: Partner Engagement and Education. Direct engagements with partners to improve initial input and feedback on finished products. Develop and deliver educational materials and educate DoD personnel about appropriate application and interpretation of relevant environmental data and concepts.

LOE 3: Science Insight and Data Delivery. Evaluate fit-for-purpose of existing science, supporting science that produces new mid-term weather forecast data, and ensure data can be accessed rapidly and consistently.</r2:Text>
                            </r2:CurrentYear>
                        </r2:CongressionalAddDetail>
                    </r2:CongressionalAddDetailList>
                    <r2:AccomplishmentPlannedProgramList>
                        <r2:AccomplishmentPlannedProgram>
                            <r2:Title>Pacific Disaster Center (PDC)</r2:Title>
                            <r2:Description>The Office of the Under Secretary of Defense for Policy, (OUSD(P)), is the Operational Sponsor and functional Office of Secretary of Defense (OSD) Principal Staff Assistant (PSA) for the Pacific Disaster Center (PDC) program. USD(P) will continue to provide acquisition oversight authority for the program.

The PDC has been in operation since February 1996, as a public/private partnership managed by the University of Hawaii (UH) under a cooperative agreement with the Department of Defense. PDC functions, manpower, and budget resources transferred to the OUSD (A&amp;S) and the Defense Logistics Agency (DLA) to serve as program manager effective 30 Sep 2011. The DLA J35 Plans Executive Directorate oversees program management responsibilities, primarily management and stewardship of governmental funds provided in Defense Department appropriations for DoD missions associated with DoD Crisis Management, Humanitarian Assistance and Disaster Relief (HA/DR), Theater Security Cooperation, and Defense Support to Civil Authorities (DSCA). The PDC Program Office also serves as a support element of the Hawaii-based organization, especially in gaining DOD and Federal agency support and resources, as well as business opportunities.

The PDC is a world-recognized authority and leader in science and information technology applications relating to HA/DR. PDC applications and information products enhance preparedness, situational awareness, and civil-military communications for humanitarian missions worldwide, including national-level socio-economic Risk and Vulnerability Assessments that help inform strategies by measuring indicators for national resiliency using scientific methods. PDC capabilities have evolved to provide real-time trend analysis on natural or man-made (e.g., accidents, civil disorder, attacks) disasters to direct DoD response efforts and advanced analytics leveraged by the CCMDs, Services, and other DoD Components for strategic planning, risk intelligence, impact modeling, strategic competition, critical asset protection, and risk projections out to 25 years.

In 2022, the Pacific Disaster Center was recognized as the winner of the United Nations Sasakawa Award for its global efforts related to disaster risk reduction.

In 2024, the Pacific Disaster Center’s steady and strong growth over the last decade has been largely fueled by increased visibility and credibility resulting from meaningful engagements with the DoD Combatant Commands (CCMD) in almost all geographies, as well as by strengthening existing and forging new partnerships at home and abroad.  


PDC’s maturing programs are fast reshaping its value proposition for all stakeholders. While PDC’s DisasterAWARE flagship product continues to attract many, its risk assessment and analytical capabilities are playing an ever-increasing role in data-driven decision-making for CCMDs and all stakeholders.  PDC’s partnership with CCMDs to develop analytical products addressing “Green-White” networks to help identify and develop strategies against malign actors, and “National Fragility” index to help quantify changing landscapes of national security and stability are all but a few examples of PDC’s maturing Global Risk and Vulnerability Assessment (RVA) program, aided by CCMD partnerships in supporting and (externally) funding National Disaster Preparedness Baseline Assessment (NDPBA) projects around the globe.

FY 2024 Accomplishments:

Enhanced the DisasterAWARE platform and related applications and tools that directly support operational readiness for multi-hazard early warning, monitoring and evidence-based decision support functions. 
- Streamlined DisasterAWARE user interface to support accessibility of early warning information.
- Advanced the transition from legacy architecture to service-based architecture. 
- Enhanced situational awareness briefs to focus on Early Warning for All and Analytics.

Developed and deployed advanced applications to enhance multi-hazard monitoring, situational awareness, notification/warning, exposure estimation, and impact modeling and assessments. 
- Enhanced capability to expand knowledge and understanding of the hazard-exposure-impact continuum to provide advanced insight. 
- Expanded hazard coverage and analysis through automation of data gathering to support manual and automatic hazard generation. 

PDC Stakeholder Engagement and Support:
- Met with AFRICOM J56 and the U.S. Embassy Kigali Security Cooperation Office to discuss options for support to DOD missions in Rwanda.
- Participated in two virtual meetings with U.S. Embassy Security Cooperation Office (SCO) representatives in the AFRICOM region in conjunction with the NDPBA program. 
- Supported SOUTHCOM, regional partners, and the Costa Rican National Center for Emergencies (CNE) as part of Exercise CENTAM Guardian 24 (CG24) Phase II in San Jose, Costa Rica. 
- Participated in the Global Facility for Disaster Reduction and Recovery (GFDRR) Understanding Risk Global Forum in Japan. The Center led a panel discussion focusing on using data for evidence-based decision making and advanced analytics within the context of the Pacific islands. - Participated in the biennial Rim of the Pacific (RIMPAC) exercise at Pearl Harbor, Oahu. 
- Met with NASA Disaster Response Coordination System (DRCS) to continue discussions on organizational overviews with an emphasis on roles, methodologies, DisasterAWARE, and the ongoing partnership.
- Met with Madagascar stakeholders to advance the AFRICOM-funded NDPBA for the country. 
- Concluded the yearlong SOUTHCOM-funded NDPBA for Suriname. 
- Participated in SOUTHCOM and U.S. Navy 4th Fleet sponsored Continuing Promise 2024 (CP24) to support increased Disaster Risk Reduction capacity for our partners and operationalize DisasterAWARE not only for response, but preparation and early warning.</r2:Description>
                            <r2:Accomplishment>
                                <r2:PriorYear>
                                    <r2:Funding>1.762</r2:Funding>
                                    <r2:Text>-Enhance the DisasterAWARE platform, and related applications and tools, that directly support operational readiness for multi-hazard early warning, monitoring and evidence-based decision support functions. These include enhancing (operator-used) application features and functions that integrate, visualize and provide secure, but easy, access to automated and user-generated content that supports regional risk monitoring, impact assessment, planning and alerting for disaster events and exercises. 
- Develop and deploy advanced applications to enhance multi-hazard monitoring, situational awareness, notification/warning, exposure estimation, and impact modeling and assessments. This includes developing new methods and capabilities to develop, leverage, and maintain innovative technologies such as Artificial Intelligence (AI) to enhance hazard detection or exposure/impact analysis.
-Advance analytical capabilities to better support national security interests and critical decision-making. Continue to refine the inclusion of domains directly impacting the safety and security of Americans. Expand the understanding and inclusion of predictive capabilities to estimate the severity of impacts to populations by characterizing the socio-economic, political, health, cultural, climate, and environmental factors that are influencing risk and resilience to support more effective decision-making. 
-Leverage our subject matter expertise, to enhance Early Warning for All and expand DisasterAWARE capabilities. This is accomplished by curating and integrating high-quality content related to disaster management for the main stakeholders, general public, and PDC partners.  Provide rapid and effective response support to direct requests for information or assistance (RFI/RFA) related to DisasterAWARE access, disaster response operations and/or potential acute risks. Key activities include supporting the DoD, U.S. Interagency and crucial regional and international partners with requests for the development and dissemination of situational awareness reports and analytical products.</r2:Text>
                                </r2:PriorYear>
                            </r2:Accomplishment>
                            <r2:PlannedProgram>
                                <r2:CurrentYear>
                                    <r2:Funding>1.861</r2:Funding>
                                    <r2:Text>FY 2025 Annual Plan activities build on the work completed in FY 2024 for sustainment of disaster management tools and services for DoD and public benefit.  This includes sustainment of DisasterAWARE Pro for use by emergency responders globally; Disaster Alert for the general public; and RAPIDS, the DoD custom version of DisasterAWARE Pro.  FY 2025 activities will include continued investments to enhance DisasterAWARE capabilities to ensure the technology keeps pace with big data and artificial intelligence advancements to enable rapid assessment of information and continued support for OSD, Joint Staff, CCMD, Services, and DoD Components planning and operations requirements.</r2:Text>
                                </r2:CurrentYear>
                                <r2:BudgetYearOne>
                                    <r2:Funding>2.000</r2:Funding>
                                </r2:BudgetYearOne>
                                <r2:BudgetYearOneBase>
                                    <r2:Funding>2.000</r2:Funding>
                                    <r2:Text>Logistics Support Activity (LSA)  - Reported in accordance with Title 10, United States Code, Section 119(a)(1) in the Special Access Program Annual Report.</r2:Text>
                                </r2:BudgetYearOneBase>
                                <r2:AppChangeSummary>FY26 baseline increased:
-$2M in FY26 due to (LSA) requirement.  

FY26 baseline decreased:
-$1.874M reduction within the PDC baseline due to policy guidance to discontinue climate-specific investments, reduce installation energy and storage, and reduce low-priority op energy.</r2:AppChangeSummary>
                            </r2:PlannedProgram>
                        </r2:AccomplishmentPlannedProgram>
                    </r2:AccomplishmentPlannedProgramList>
                    <r2:AcquisitionStrategy>PDC projects beyond the baseline Situational Awareness &amp; Decision Support Applications/Tools architecture (DisasterAWARE Pro/RAPIDS) undertaken in support of the DoD Cooperative Agreement (CA) with the University of Hawaii (UH) are from PDC customers (e.g., DoD, NGOs, other nations, academia, and industry). The PDC prepares the public, disaster managers, governments, and others to mitigate the effects of disasters. The goal is to have people and technology work together to preserve life, safeguard livelihoods, and protect property to foster disaster-resilient communities. Projects obtained and funded from this customer base serve to determine PDC product and services relevancy. PDC's expanded risk assessments to include scientific measure of Fragility profiles are received by DoD and other national policy makers as a base to inform the strategic decision-making process.</r2:AcquisitionStrategy>
                </r2:R2aExhibit>
                <r2:R3Exhibit>
                    <r2:CostCategoryGroupList>
                        <r2:CostCategoryGroup>
                            <r2:Name>Test and Evaluation</r2:Name>
                            <r2:Remarks>LSA - Reported in accordance with Title 10, United States Code, Section 119(a)(1) in the Special Access Program Annual Report.</r2:Remarks>
                            <r2:CostCategoryItemList>
                                <r2:CostCategoryItem>
                                    <r2:Name>PDC Disaster AWARE: Early Warning and Decision Support Applications</r2:Name>
                                    <r2:FundingVehicle>MIPR</r2:FundingVehicle>
                                    <r2:PerformingActivity>University of Hawaii Systems</r2:PerformingActivity>
                                    <r2:PerformingActivityLocation>Honolulu, HI</r2:PerformingActivityLocation>
                                    <r2:Cost>
                                        <r2:TotalPreviousYears>17.503</r2:TotalPreviousYears>
                                        <r2:PriorYear>
                                            <r2:Amount>1.762</r2:Amount>
                                            <r2:AwardDate>2023-12</r2:AwardDate>
                                        </r2:PriorYear>
                                        <r2:CurrentYear>
                                            <r2:Amount>1.861</r2:Amount>
                                            <r2:AwardDate>2025-12</r2:AwardDate>
                                        </r2:CurrentYear>
                                        <r2:BudgetYearOne>
                                            <r2:Amount>0.000</r2:Amount>
                                        </r2:BudgetYearOne>
                                        <r2:BudgetYearOneBase>
                                            <r2:Amount>0.000</r2:Amount>
                                        </r2:BudgetYearOneBase>
                                        <r2:CostToComplete>Continuing</r2:CostToComplete>
                                        <r2:TotalCost>Continuing</r2:TotalCost>
                                        <r2:TargetValue>Continuing</r2:TargetValue>
                                    </r2:Cost>
                                </r2:CostCategoryItem>
                                <r2:CostCategoryItem>
                                    <r2:Name>Global Water Security Center</r2:Name>
                                    <r2:FundingVehicle>MIPR</r2:FundingVehicle>
                                    <r2:PerformingActivity>University of Alabama through the University of Hawaii</r2:PerformingActivity>
                                    <r2:PerformingActivityLocation>Honolulu, HI</r2:PerformingActivityLocation>
                                    <r2:Cost>
                                        <r2:TotalPreviousYears>14.000</r2:TotalPreviousYears>
                                        <r2:PriorYear>
                                            <r2:Amount>2.000</r2:Amount>
                                            <r2:AwardDate>2024-09</r2:AwardDate>
                                        </r2:PriorYear>
                                        <r2:CurrentYear>
                                            <r2:Amount>4.500</r2:Amount>
                                            <r2:AwardDate>2025-09</r2:AwardDate>
                                        </r2:CurrentYear>
                                        <r2:CostToComplete>Continuing</r2:CostToComplete>
                                        <r2:TotalCost>Continuing</r2:TotalCost>
                                        <r2:TargetValue>Continuing</r2:TargetValue>
                                    </r2:Cost>
                                </r2:CostCategoryItem>
                                <r2:CostCategoryItem>
                                    <r2:Name>LSA</r2:Name>
                                    <r2:FundingVehicle>MIPR</r2:FundingVehicle>
                                    <r2:PerformingActivity>LSA</r2:PerformingActivity>
                                    <r2:PerformingActivityLocation>N/A</r2:PerformingActivityLocation>
                                    <r2:Cost>
                                        <r2:BudgetYearOne>
                                            <r2:Amount>2.000</r2:Amount>
                                        </r2:BudgetYearOne>
                                        <r2:BudgetYearOneBase>
                                            <r2:Amount>2.000</r2:Amount>
                                            <r2:AwardDate>2026-09</r2:AwardDate>
                                        </r2:BudgetYearOneBase>
                                        <r2:CostToComplete>Continuing</r2:CostToComplete>
                                        <r2:TotalCost>Continuing</r2:TotalCost>
                                    </r2:Cost>
                                </r2:CostCategoryItem>
                            </r2:CostCategoryItemList>
                        </r2:CostCategoryGroup>
                    </r2:CostCategoryGroupList>
                </r2:R3Exhibit>
                <r2:R4Exhibit>
                    <r2:ScheduleProfile>
                        <r2:ImageFileName>PDC R-4 Exhibit_cropped.jpg</r2:ImageFileName>
                    </r2:ScheduleProfile>
                </r2:R4Exhibit>
                <r2:R4aExhibit>
                    <r2:SubProjectScheduleList>
                        <r2:SubProjectSchedule>
                            <r2:Title>Pacific Disaster Center</r2:Title>
                            <r2:ScheduleDetailList>
                                <r2:ScheduleDetail>
                                    <r2:EventTitle>Pacific Disaster Center</r2:EventTitle>
                                    <r2:Schedule>
                                        <r2:Start>
                                            <r2:Quarter>1</r2:Quarter>
                                            <r2:Year>2022</r2:Year>
                                        </r2:Start>
                                        <r2:End>
                                            <r2:Quarter>4</r2:Quarter>
                                            <r2:Year>2030</r2:Year>
                                        </r2:End>
                                    </r2:Schedule>
                                </r2:ScheduleDetail>
                            </r2:ScheduleDetailList>
                        </r2:SubProjectSchedule>
                    </r2:SubProjectScheduleList>
                </r2:R4aExhibit>
            </r2:Project>
        </r2:ProjectList>
    </r2:ProgramElement>
</r2:ProgramElementList>