<?xml version="1.0" encoding="UTF-8"?>
<proc:LineItemList xmlns:proc="http://www.dtic.mil/comptroller/xml/schema/20100219/procurement">
    <proc:LineItem quantityUnits="Each" unitCostUnits="Dollars" totalCostUnits="Millions" manufacturerRateUnits="Yearly" suppressOutfittingDeliveryBY2ToBY5="true">
        <proc:LineItemNumber>4616</proc:LineItemNumber>
        <proc:LineItemTitle>GCSS-MC</proc:LineItemTitle>
        <proc:P1LineNumber>30</proc:P1LineNumber>
        <proc:BudgetYear>2026</proc:BudgetYear>
        <proc:BudgetCycle>PB</proc:BudgetCycle>
        <proc:SubmissionDate>2025-06</proc:SubmissionDate>
        <proc:ServiceAgencyName>Navy</proc:ServiceAgencyName>
        <proc:AppropriationNumber>1109N</proc:AppropriationNumber>
        <proc:AppropriationTitle>Procurement, Marine Corps</proc:AppropriationTitle>
        <proc:BudgetActivityNumber>4</proc:BudgetActivityNumber>
        <proc:BudgetActivityTitle>Communications and Electronics Equipment</proc:BudgetActivityTitle>
        <proc:BudgetSubActivityNumber>16</proc:BudgetSubActivityNumber>
        <proc:BudgetSubActivityTitle>Intell/Comm Equipment (Non-Tel)</proc:BudgetSubActivityTitle>
        <proc:ResourceSummary>
            <proc:TotalCost>
                <proc:AllPriorYears>9.642</proc:AllPriorYears>
                <proc:PriorYear>4.144</proc:PriorYear>
                <proc:CurrentYear>3.282</proc:CurrentYear>
                <proc:BudgetYearOneBase>3.303</proc:BudgetYearOneBase>
                <proc:BudgetYearOneOOC>0</proc:BudgetYearOneOOC>
                <proc:BudgetYearOne>3.303</proc:BudgetYearOne>
            </proc:TotalCost>
            <proc:NetProcurementP1>
                <proc:AllPriorYears>9.642</proc:AllPriorYears>
                <proc:PriorYear>4.144</proc:PriorYear>
                <proc:CurrentYear>3.282</proc:CurrentYear>
                <proc:BudgetYearOneBase>3.303</proc:BudgetYearOneBase>
                <proc:BudgetYearOneOOC>0</proc:BudgetYearOneOOC>
                <proc:BudgetYearOne>3.303</proc:BudgetYearOne>
            </proc:NetProcurementP1>
            <proc:TotalObligationAuthority>
                <proc:AllPriorYears>9.642</proc:AllPriorYears>
                <proc:PriorYear>4.144</proc:PriorYear>
                <proc:CurrentYear>3.282</proc:CurrentYear>
                <proc:BudgetYearOneBase>3.303</proc:BudgetYearOneBase>
                <proc:BudgetYearOneOOC>0</proc:BudgetYearOneOOC>
                <proc:BudgetYearOne>3.303</proc:BudgetYearOne>
            </proc:TotalObligationAuthority>
        </proc:ResourceSummary>
        <proc:Code>A</proc:Code>
        <proc:Description>Global Combat Support System - Marine Corps/Logistics Chain Management (GCSS-MC/LCM) Family of Systems (FoS) serves as the primary technology enabler for the Marine Corps Logistics Modernization strategy. GCSS-MC/LCM provides the backbone for all logistics information required by Marine Forces and the Supporting Establishment. The core for GCSS-MC/LCM Increment 1 is a modern, commercial-off-the-shelf enterprise resource planning software (Oracle e-Business Suite). The Increment 1 design focused on enabling the warfighter to operate while deployed with reach back to Garrison from the battlefield. Increment 1 replaced 5 legacy supply and maintenance information technology systems and currently supports approximately 25,000 users worldwide. The focus of future functions will be enhancing capabilities in the areas of warehousing, distribution, logistics planning, decision support, depot maintenance, and integration with emerging technologies to improve asset visibility.</proc:Description>
        <proc:Justification>FY 2026 Base Appropriation Request: $3.303M - Increase of $0.021M from FY 2025 to FY 2026 is due to inflation and the continued need for technology refresh of hardware and software for the major logistics hubs in support of the sustainment of GCSS-MC/LCM Increment 1.</proc:Justification>
        <proc:ItemExhibitList>
            <proc:P5Item>
                <proc:Name>Global Combat Support System Marine Corps (GCSS-MC)</proc:Name>
                <proc:ItemNumber>1</proc:ItemNumber>
                <proc:ResourceSummary>
                    <proc:TotalCost>
                        <proc:AllPriorYears>9.642</proc:AllPriorYears>
                        <proc:PriorYear>4.144</proc:PriorYear>
                        <proc:CurrentYear>3.282</proc:CurrentYear>
                        <proc:BudgetYearOneBase>3.303</proc:BudgetYearOneBase>
                        <proc:BudgetYearOneOOC>0</proc:BudgetYearOneOOC>
                        <proc:BudgetYearOne>3.303</proc:BudgetYearOne>
                    </proc:TotalCost>
                    <proc:NetProcurementP1>
                        <proc:AllPriorYears>9.642</proc:AllPriorYears>
                        <proc:PriorYear>4.144</proc:PriorYear>
                        <proc:CurrentYear>3.282</proc:CurrentYear>
                        <proc:BudgetYearOneBase>3.303</proc:BudgetYearOneBase>
                        <proc:BudgetYearOneOOC>0</proc:BudgetYearOneOOC>
                        <proc:BudgetYearOne>3.303</proc:BudgetYearOne>
                    </proc:NetProcurementP1>
                    <proc:TotalObligationAuthority>
                        <proc:AllPriorYears>9.642</proc:AllPriorYears>
                        <proc:PriorYear>4.144</proc:PriorYear>
                        <proc:CurrentYear>3.282</proc:CurrentYear>
                        <proc:BudgetYearOneBase>3.303</proc:BudgetYearOneBase>
                        <proc:BudgetYearOneOOC>0</proc:BudgetYearOneOOC>
                        <proc:BudgetYearOne>3.303</proc:BudgetYearOne>
                    </proc:TotalObligationAuthority>
                </proc:ResourceSummary>
                <proc:CostElementCategoryList>
                    <proc:Hardware>
                        <proc:Name>GCSS-MC/LCM Hardware</proc:Name>
                        <proc:Recurring>
                            <proc:CostElementList>
                                <proc:CostElement>
                                    <proc:Name footnote="No significant changes from FY 2025 to FY 2026.">1.1.1) Tech Refresh</proc:Name>
                                    <proc:Cost>
                                        <proc:TotalCost>
                                            <proc:AllPriorYears>5.687</proc:AllPriorYears>
                                            <proc:PriorYear>1.616</proc:PriorYear>
                                            <proc:CurrentYear>1.286</proc:CurrentYear>
                                            <proc:BudgetYearOneBase>1.288</proc:BudgetYearOneBase>
                                            <proc:BudgetYearOne>1.288</proc:BudgetYearOne>
                                        </proc:TotalCost>
                                    </proc:Cost>
                                </proc:CostElement>
                            </proc:CostElementList>
                            <proc:CategorySubtotal>
                                <proc:TotalCost>
                                    <proc:AllPriorYears>5.687</proc:AllPriorYears>
                                    <proc:PriorYear>1.616</proc:PriorYear>
                                    <proc:CurrentYear>1.286</proc:CurrentYear>
                                    <proc:BudgetYearOneBase>1.288</proc:BudgetYearOneBase>
                                    <proc:BudgetYearOne>1.288</proc:BudgetYearOne>
                                </proc:TotalCost>
                            </proc:CategorySubtotal>
                        </proc:Recurring>
                        <proc:CategorySubtotal>
                            <proc:TotalCost>
                                <proc:AllPriorYears>5.687</proc:AllPriorYears>
                                <proc:PriorYear>1.616</proc:PriorYear>
                                <proc:CurrentYear>1.286</proc:CurrentYear>
                                <proc:BudgetYearOneBase>1.288</proc:BudgetYearOneBase>
                                <proc:BudgetYearOne>1.288</proc:BudgetYearOne>
                            </proc:TotalCost>
                        </proc:CategorySubtotal>
                    </proc:Hardware>
                    <proc:Software>
                        <proc:Name>GCSS-MC/LCM Software</proc:Name>
                        <proc:Recurring>
                            <proc:CostElementList>
                                <proc:CostElement>
                                    <proc:Name footnote="No significant changes from FY 2025 to FY 2026.">2.1.1) Tech Refresh</proc:Name>
                                    <proc:Cost>
                                        <proc:TotalCost>
                                            <proc:AllPriorYears>2.958</proc:AllPriorYears>
                                            <proc:PriorYear>2.155</proc:PriorYear>
                                            <proc:CurrentYear>1.715</proc:CurrentYear>
                                            <proc:BudgetYearOneBase>1.731</proc:BudgetYearOneBase>
                                            <proc:BudgetYearOne>1.731</proc:BudgetYearOne>
                                        </proc:TotalCost>
                                    </proc:Cost>
                                </proc:CostElement>
                            </proc:CostElementList>
                            <proc:CategorySubtotal>
                                <proc:TotalCost>
                                    <proc:AllPriorYears>2.958</proc:AllPriorYears>
                                    <proc:PriorYear>2.155</proc:PriorYear>
                                    <proc:CurrentYear>1.715</proc:CurrentYear>
                                    <proc:BudgetYearOneBase>1.731</proc:BudgetYearOneBase>
                                    <proc:BudgetYearOne>1.731</proc:BudgetYearOne>
                                </proc:TotalCost>
                            </proc:CategorySubtotal>
                        </proc:Recurring>
                        <proc:CategorySubtotal>
                            <proc:TotalCost>
                                <proc:AllPriorYears>2.958</proc:AllPriorYears>
                                <proc:PriorYear>2.155</proc:PriorYear>
                                <proc:CurrentYear>1.715</proc:CurrentYear>
                                <proc:BudgetYearOneBase>1.731</proc:BudgetYearOneBase>
                                <proc:BudgetYearOne>1.731</proc:BudgetYearOne>
                            </proc:TotalCost>
                        </proc:CategorySubtotal>
                    </proc:Software>
                    <proc:Support>
                        <proc:CostElementList>
                            <proc:CostElement>
                                <proc:Name footnote="No significant changes from FY 2025 to FY 2026.">3.1) Tech Refresh</proc:Name>
                                <proc:Cost>
                                    <proc:TotalCost>
                                        <proc:AllPriorYears>0.997</proc:AllPriorYears>
                                        <proc:PriorYear>0.373</proc:PriorYear>
                                        <proc:CurrentYear>0.281</proc:CurrentYear>
                                        <proc:BudgetYearOneBase>0.284</proc:BudgetYearOneBase>
                                        <proc:BudgetYearOne>0.284</proc:BudgetYearOne>
                                    </proc:TotalCost>
                                </proc:Cost>
                            </proc:CostElement>
                        </proc:CostElementList>
                        <proc:CategorySubtotal>
                            <proc:TotalCost>
                                <proc:AllPriorYears>0.997</proc:AllPriorYears>
                                <proc:PriorYear>0.373</proc:PriorYear>
                                <proc:CurrentYear>0.281</proc:CurrentYear>
                                <proc:BudgetYearOneBase>0.284</proc:BudgetYearOneBase>
                                <proc:BudgetYearOne>0.284</proc:BudgetYearOne>
                            </proc:TotalCost>
                        </proc:CategorySubtotal>
                        <proc:Name>GCSS-MC/LCM HW/SW Engineering</proc:Name>
                    </proc:Support>
                </proc:CostElementCategoryList>
            </proc:P5Item>
        </proc:ItemExhibitList>
        <proc:DocumentAssemblyOptions>
            <proc:p40AItemScheduleSetting>total</proc:p40AItemScheduleSetting>
        </proc:DocumentAssemblyOptions>
    </proc:LineItem>
</proc:LineItemList>