<?xml version="1.0" encoding="UTF-8"?>
<proc:LineItemList xmlns:proc="http://www.dtic.mil/comptroller/xml/schema/20100219/procurement">
    <proc:LineItem quantityUnits="Each" unitCostUnits="Dollars" totalCostUnits="Millions" manufacturerRateUnits="Yearly" suppressOutfittingDeliveryBY2ToBY5="true">
        <proc:LineItemNumber>6277</proc:LineItemNumber>
        <proc:LineItemTitle>Tactical Fuel Systems</proc:LineItemTitle>
        <proc:P1LineNumber>58</proc:P1LineNumber>
        <proc:BudgetYear>2026</proc:BudgetYear>
        <proc:BudgetCycle>PB</proc:BudgetCycle>
        <proc:SubmissionDate>2025-06</proc:SubmissionDate>
        <proc:ServiceAgencyName>Navy</proc:ServiceAgencyName>
        <proc:AppropriationNumber>1109N</proc:AppropriationNumber>
        <proc:AppropriationTitle>Procurement, Marine Corps</proc:AppropriationTitle>
        <proc:BudgetActivityNumber>6</proc:BudgetActivityNumber>
        <proc:BudgetActivityTitle>Engineer and Other Equipment</proc:BudgetActivityTitle>
        <proc:BudgetSubActivityNumber>1</proc:BudgetSubActivityNumber>
        <proc:BudgetSubActivityTitle>Engineer and Other Equipment</proc:BudgetSubActivityTitle>
        <proc:ResourceSummary>
            <proc:TotalCost>
                <proc:AllPriorYears>347.203</proc:AllPriorYears>
                <proc:PriorYear>12.956</proc:PriorYear>
                <proc:CurrentYear>24.837</proc:CurrentYear>
                <proc:BudgetYearOneBase>33.611</proc:BudgetYearOneBase>
                <proc:BudgetYearOneOOC>0</proc:BudgetYearOneOOC>
                <proc:BudgetYearOne>33.611</proc:BudgetYearOne>
            </proc:TotalCost>
            <proc:NetProcurementP1>
                <proc:AllPriorYears>347.203</proc:AllPriorYears>
                <proc:PriorYear>12.956</proc:PriorYear>
                <proc:CurrentYear>24.837</proc:CurrentYear>
                <proc:BudgetYearOneBase>33.611</proc:BudgetYearOneBase>
                <proc:BudgetYearOneOOC>0</proc:BudgetYearOneOOC>
                <proc:BudgetYearOne>33.611</proc:BudgetYearOne>
            </proc:NetProcurementP1>
            <proc:TotalObligationAuthority>
                <proc:AllPriorYears>347.203</proc:AllPriorYears>
                <proc:PriorYear>12.956</proc:PriorYear>
                <proc:CurrentYear>24.837</proc:CurrentYear>
                <proc:BudgetYearOneBase>33.611</proc:BudgetYearOneBase>
                <proc:BudgetYearOneOOC>0</proc:BudgetYearOneOOC>
                <proc:BudgetYearOne>33.611</proc:BudgetYearOne>
            </proc:TotalObligationAuthority>
        </proc:ResourceSummary>
        <proc:Code>A</proc:Code>
        <proc:Description>The Family of Expeditionary Fuel Systems (FEFS) provides the full spectrum of fuel capabilities to support Expeditionary Advanced Base Operations (EABO), Littoral Operations in a Contested Environment (LOCE), and related Force Design requirements. It consists of principal end items and components that perform receiving, storage, analysis, sensing, metering, reporting distribution, and dispensing of fuel to ground and aviation assets. These systems can be organized to meet specific fuel mission requirements.

The program provides materiel solutions that enable fuel foraging capabilities through the procurement of the Expeditionary Mobile Fuel Additive Capability (EMFAC), providing the ability to inject additives to commercial jet fuel producing military specifications fuel, which increases the resiliency of the fuel supply chain. It also provides modernized fuel-testing capabilities through the consolidation of multiple testing kits into a portable Petroleum Enhanced Analysis Kit (PEAK), enhancing the future force's ability to conduct comprehensive fuel quality surveillance in support of distributed operations. The Marine Corps is participating in the Army's PEAK program and is subject to the scheduled events and milestones. 

Additionally, the program enables support to distributed operations by disaggregating and modernizing existing large legacy Tactical Fuel Systems into tailored Expeditionary Fuel Dispensing Systems (EFDS) through packaging to reduce storage size, improve accountability and improve deployment ability by providing an organic, self-support refueling capability. These modernization efforts include the ability to manage and track fuel consumption more comprehensively through the Fuel Automated Reporting System (FARS) and provide a Self-support Portable Distributed Refueling System (SPDRS) to small, distributed units. Lastly, the program enables aviation ground support to the future force by outfitting Fleet units with the Tactical Aviation Ground Refueling System (TAGRS), enhancing the ability to conduct Forward Arming and Refueling Points (FARPs) in support of EABO and LOCE.

This funding also supports the procurement of centrally managed items with lifecycles, preplanned product improvements, and obsolescence mitigation via newer components and subsystems supported by industry. Procurement also supports repackaging current systems capabilities into smaller, modular configurations for scalability and mission tailoring, which may require additional subsystems for certain packages to complete modernization, as new program Table of Authorized Materiel Control Numbers (TAMCN) and tables of allowances are authorized and enables product verification testing of FEFS that support government acceptance of procured system.</proc:Description>
        <proc:Justification>FY 2026 Funding Request: $33.611M 

Family of Expeditionary Fuel Systems - This funding supports the continued procurement of the Petroleum Expeditionary Analysis Kit (PEAK) Full Rate Production (FRP), Expeditionary Fuel Dispensing Systems (EFDS) sub-systems, procurement actions necessary to fulfill Engineering Change Proposals (ECPs) of the legacy tactical fuel systems, and the initial procurement of Fuel Automated Reporting System (FARS) enabling near real time reporting of fuel.

The increase of $8.774M from FY2025 to FY2026 supports the continued procurement of EFDS sub-systems, PEAK, and the initial procurement of FARS.</proc:Justification>
        <proc:ItemExhibitList>
            <proc:P5Item>
                <proc:Name>Tactical Fuel Systems</proc:Name>
                <proc:ItemNumber>1</proc:ItemNumber>
                <proc:ResourceSummary>
                    <proc:TotalCost>
                        <proc:AllPriorYears>347.203</proc:AllPriorYears>
                        <proc:PriorYear>12.956</proc:PriorYear>
                        <proc:CurrentYear>24.837</proc:CurrentYear>
                        <proc:BudgetYearOneBase>33.611</proc:BudgetYearOneBase>
                        <proc:BudgetYearOneOOC>0</proc:BudgetYearOneOOC>
                        <proc:BudgetYearOne>33.611</proc:BudgetYearOne>
                    </proc:TotalCost>
                    <proc:NetProcurementP1>
                        <proc:AllPriorYears>347.203</proc:AllPriorYears>
                        <proc:PriorYear>12.956</proc:PriorYear>
                        <proc:CurrentYear>24.837</proc:CurrentYear>
                        <proc:BudgetYearOneBase>33.611</proc:BudgetYearOneBase>
                        <proc:BudgetYearOneOOC>0</proc:BudgetYearOneOOC>
                        <proc:BudgetYearOne>33.611</proc:BudgetYearOne>
                    </proc:NetProcurementP1>
                    <proc:TotalObligationAuthority>
                        <proc:AllPriorYears>347.203</proc:AllPriorYears>
                        <proc:PriorYear>12.956</proc:PriorYear>
                        <proc:CurrentYear>24.837</proc:CurrentYear>
                        <proc:BudgetYearOneBase>33.611</proc:BudgetYearOneBase>
                        <proc:BudgetYearOneOOC>0</proc:BudgetYearOneOOC>
                        <proc:BudgetYearOne>33.611</proc:BudgetYearOne>
                    </proc:TotalObligationAuthority>
                </proc:ResourceSummary>
                <proc:CostElementCategoryList>
                    <proc:Flyaway>
                        <proc:Name>FEFS</proc:Name>
                        <proc:Recurring>
                            <proc:CostElementList>
                                <proc:CostElement>
                                    <proc:Name footnote="The increase in FY 2026 is due to SAC-3 procurement of SL-3 items.">1.1.1) Fuel Bag Replenishment (SAC-3)</proc:Name>
                                    <proc:Cost>
                                        <proc:TotalCost>
                                            <proc:BudgetYearOneBase>1.5</proc:BudgetYearOneBase>
                                            <proc:BudgetYearOne>1.5</proc:BudgetYearOne>
                                        </proc:TotalCost>
                                    </proc:Cost>
                                </proc:CostElement>
                                <proc:CostElement>
                                    <proc:Name footnote="The decreased in FY 2026 aligns with the completion of the AAO.">1.1.2) Tactical Aviation Ground Refueling System (TAGRS)</proc:Name>
                                    <proc:Cost>
                                        <proc:Quantity>
                                            <proc:AllPriorYears>7</proc:AllPriorYears>
                                            <proc:PriorYear>63</proc:PriorYear>
                                            <proc:CurrentYear>8</proc:CurrentYear>
                                        </proc:Quantity>
                                        <proc:TotalCost>
                                            <proc:AllPriorYears>1.856</proc:AllPriorYears>
                                            <proc:PriorYear>7.677</proc:PriorYear>
                                            <proc:CurrentYear>0.975</proc:CurrentYear>
                                        </proc:TotalCost>
                                        <proc:UnitCost>
                                            <proc:AllPriorYears>265142.86</proc:AllPriorYears>
                                            <proc:PriorYear>121860</proc:PriorYear>
                                            <proc:CurrentYear>121860</proc:CurrentYear>
                                        </proc:UnitCost>
                                    </proc:Cost>
                                    <proc:ManufacturerList>
                                        <proc:Manufacturer>
                                            <proc:Name>W. S. Darley &amp; Co.</proc:Name>
                                            <proc:Location>Janesville, IA</proc:Location>
                                            <proc:HistoryPlanningList>
                                                <proc:HistoryPlanning>
                                                    <proc:FiscalYear>2022</proc:FiscalYear>
                                                    <proc:PCOLocation>MCSC, Quantico, VA</proc:PCOLocation>
                                                    <proc:AwardDate>2022-06</proc:AwardDate>
                                                    <proc:FirstDeliveryDate>2023-03</proc:FirstDeliveryDate>
                                                    <proc:Quantity>4</proc:Quantity>
                                                    <proc:UnitCost>220288.00</proc:UnitCost>
                                                    <proc:SpecsAvailableNow>true</proc:SpecsAvailableNow>
                                                    <proc:RFPIssueDate>2022-04</proc:RFPIssueDate>
                                                    <proc:ContractMethod>C</proc:ContractMethod>
                                                    <proc:ContractType>FFP</proc:ContractType>
                                                </proc:HistoryPlanning>
                                                <proc:HistoryPlanning>
                                                    <proc:FiscalYear>2023</proc:FiscalYear>
                                                    <proc:PCOLocation>MCSC, Quantico, VA</proc:PCOLocation>
                                                    <proc:AwardDate>2023-08</proc:AwardDate>
                                                    <proc:FirstDeliveryDate>2024-02</proc:FirstDeliveryDate>
                                                    <proc:Quantity>3</proc:Quantity>
                                                    <proc:UnitCost>121860.00</proc:UnitCost>
                                                    <proc:SpecsAvailableNow>true</proc:SpecsAvailableNow>
                                                    <proc:RFPIssueDate>2022-04</proc:RFPIssueDate>
                                                    <proc:ContractMethod>C</proc:ContractMethod>
                                                    <proc:ContractType>FFP</proc:ContractType>
                                                </proc:HistoryPlanning>
                                                <proc:HistoryPlanning>
                                                    <proc:FiscalYear>2024</proc:FiscalYear>
                                                    <proc:PCOLocation>MCSC, Quantico, VA</proc:PCOLocation>
                                                    <proc:AwardDate>2024-06</proc:AwardDate>
                                                    <proc:FirstDeliveryDate>2024-09</proc:FirstDeliveryDate>
                                                    <proc:Quantity>63</proc:Quantity>
                                                    <proc:UnitCost>121860.00</proc:UnitCost>
                                                    <proc:SpecsAvailableNow>true</proc:SpecsAvailableNow>
                                                    <proc:ContractMethod>C</proc:ContractMethod>
                                                    <proc:ContractType>FFP</proc:ContractType>
                                                </proc:HistoryPlanning>
                                                <proc:HistoryPlanning>
                                                    <proc:FiscalYear>2025</proc:FiscalYear>
                                                    <proc:PCOLocation>MCSC, Quantico, VA</proc:PCOLocation>
                                                    <proc:AwardDate>2024-10</proc:AwardDate>
                                                    <proc:FirstDeliveryDate>2024-10</proc:FirstDeliveryDate>
                                                    <proc:Quantity>8</proc:Quantity>
                                                    <proc:UnitCost>121860.00</proc:UnitCost>
                                                    <proc:SpecsAvailableNow>true</proc:SpecsAvailableNow>
                                                    <proc:ContractMethod>C</proc:ContractMethod>
                                                    <proc:ContractType>FFP</proc:ContractType>
                                                </proc:HistoryPlanning>
                                            </proc:HistoryPlanningList>
                                        </proc:Manufacturer>
                                    </proc:ManufacturerList>
                                </proc:CostElement>
                                <proc:CostElement>
                                    <proc:Name footnote="Funding in FY 2026 supports the continued procurement of EFDS.">1.1.3) Expeditionary Fuel Dispensing System (EFDS) (S/M/L)</proc:Name>
                                    <proc:Cost>
                                        <proc:TotalCost>
                                            <proc:CurrentYear>11.665</proc:CurrentYear>
                                            <proc:BudgetYearOneBase>17.203</proc:BudgetYearOneBase>
                                            <proc:BudgetYearOne>17.203</proc:BudgetYearOne>
                                        </proc:TotalCost>
                                    </proc:Cost>
                                </proc:CostElement>
                                <proc:CostElement>
                                    <proc:Name footnote="Funding in FY 2026 supports the continued procurement of PEAK.">1.1.4) Petroleum Expeditionary Analysis Kit (PEAK)</proc:Name>
                                    <proc:Cost>
                                        <proc:Quantity>
                                            <proc:AllPriorYears>9</proc:AllPriorYears>
                                            <proc:PriorYear>22</proc:PriorYear>
                                            <proc:CurrentYear>120</proc:CurrentYear>
                                            <proc:BudgetYearOneBase>144</proc:BudgetYearOneBase>
                                            <proc:BudgetYearOne>144</proc:BudgetYearOne>
                                        </proc:Quantity>
                                        <proc:TotalCost>
                                            <proc:AllPriorYears>1.611</proc:AllPriorYears>
                                            <proc:PriorYear>1.675</proc:PriorYear>
                                            <proc:CurrentYear>9.128</proc:CurrentYear>
                                            <proc:BudgetYearOneBase>11.283</proc:BudgetYearOneBase>
                                            <proc:BudgetYearOne>11.283</proc:BudgetYearOne>
                                        </proc:TotalCost>
                                        <proc:UnitCost>
                                            <proc:AllPriorYears>179000</proc:AllPriorYears>
                                            <proc:PriorYear>76138.39</proc:PriorYear>
                                            <proc:CurrentYear>76069.87</proc:CurrentYear>
                                            <proc:BudgetYearOneBase>78351.96</proc:BudgetYearOneBase>
                                            <proc:BudgetYearOne>78351.96</proc:BudgetYearOne>
                                        </proc:UnitCost>
                                    </proc:Cost>
                                    <proc:AllPriorYearsDeliveries>9</proc:AllPriorYearsDeliveries>
                                    <proc:ManufacturerList>
                                        <proc:Manufacturer>
                                            <proc:Name>PEO CS&amp;CSS</proc:Name>
                                            <proc:Location>PdM PAWS</proc:Location>
                                            <proc:MinimumSustainingRate>0</proc:MinimumSustainingRate>
                                            <proc:MaximumProductionRate>TBD</proc:MaximumProductionRate>
                                            <proc:Rate185>0</proc:Rate185>
                                            <proc:InitialQuantity>
                                                <proc:AdminLeadTimeBeforeOct1InMonths>0</proc:AdminLeadTimeBeforeOct1InMonths>
                                                <proc:AdminLeadTimeAfterOct1InMonths>0</proc:AdminLeadTimeAfterOct1InMonths>
                                                <proc:ProductionLeadTimeAfterOct1InMonths>0</proc:ProductionLeadTimeAfterOct1InMonths>
                                                <proc:TotalLeadTimeAfterOct1InMonths>0</proc:TotalLeadTimeAfterOct1InMonths>
                                            </proc:InitialQuantity>
                                            <proc:ReorderQuantity>
                                                <proc:AdminLeadTimeBeforeOct1InMonths>0</proc:AdminLeadTimeBeforeOct1InMonths>
                                                <proc:AdminLeadTimeAfterOct1InMonths>0</proc:AdminLeadTimeAfterOct1InMonths>
                                                <proc:ProductionLeadTimeAfterOct1InMonths>0</proc:ProductionLeadTimeAfterOct1InMonths>
                                                <proc:TotalLeadTimeAfterOct1InMonths>0</proc:TotalLeadTimeAfterOct1InMonths>
                                            </proc:ReorderQuantity>
                                            <proc:HistoryPlanningList>
                                                <proc:HistoryPlanning>
                                                    <proc:FiscalYear>2024</proc:FiscalYear>
                                                    <proc:PCOLocation>Detroit Arsenal, MI</proc:PCOLocation>
                                                    <proc:AwardDate>2024-04</proc:AwardDate>
                                                    <proc:FirstDeliveryDate>2025-04</proc:FirstDeliveryDate>
                                                    <proc:Quantity>22</proc:Quantity>
                                                    <proc:UnitCost>76138.39</proc:UnitCost>
                                                    <proc:SpecsAvailableNow>true</proc:SpecsAvailableNow>
                                                    <proc:ContractMethod>C</proc:ContractMethod>
                                                    <proc:ContractType>FFP</proc:ContractType>
                                                    <proc:MonthlyDeliveryScheduleList>
                                                        <proc:MonthlyDeliverySchedule>
                                                            <proc:ServiceAgencyName>Navy</proc:ServiceAgencyName>
                                                            <proc:ProcQuantity>22</proc:ProcQuantity>
                                                            <proc:MonthlyDeliveryList>
                                                                <proc:MonthlyDelivery>
                                                                    <proc:Month>2025-04</proc:Month>
                                                                    <proc:Amount>10</proc:Amount>
                                                                </proc:MonthlyDelivery>
                                                                <proc:MonthlyDelivery>
                                                                    <proc:Month>2025-05</proc:Month>
                                                                    <proc:Amount>10</proc:Amount>
                                                                </proc:MonthlyDelivery>
                                                                <proc:MonthlyDelivery>
                                                                    <proc:Month>2025-06</proc:Month>
                                                                    <proc:Amount>2</proc:Amount>
                                                                </proc:MonthlyDelivery>
                                                            </proc:MonthlyDeliveryList>
                                                        </proc:MonthlyDeliverySchedule>
                                                    </proc:MonthlyDeliveryScheduleList>
                                                </proc:HistoryPlanning>
                                                <proc:HistoryPlanning>
                                                    <proc:FiscalYear>2025</proc:FiscalYear>
                                                    <proc:PCOLocation>Detroit Arsenal, MI</proc:PCOLocation>
                                                    <proc:AwardDate>2025-04</proc:AwardDate>
                                                    <proc:FirstDeliveryDate>2026-04</proc:FirstDeliveryDate>
                                                    <proc:Quantity>120</proc:Quantity>
                                                    <proc:UnitCost>76069.87</proc:UnitCost>
                                                    <proc:SpecsAvailableNow>true</proc:SpecsAvailableNow>
                                                    <proc:ContractMethod>C</proc:ContractMethod>
                                                    <proc:ContractType>FFP</proc:ContractType>
                                                    <proc:MonthlyDeliveryScheduleList>
                                                        <proc:MonthlyDeliverySchedule>
                                                            <proc:ServiceAgencyName>Navy</proc:ServiceAgencyName>
                                                            <proc:ProcQuantity>120</proc:ProcQuantity>
                                                            <proc:MonthlyDeliveryList>
                                                                <proc:MonthlyDelivery>
                                                                    <proc:Month>2026-04</proc:Month>
                                                                    <proc:Amount>10</proc:Amount>
                                                                </proc:MonthlyDelivery>
                                                                <proc:MonthlyDelivery>
                                                                    <proc:Month>2026-05</proc:Month>
                                                                    <proc:Amount>10</proc:Amount>
                                                                </proc:MonthlyDelivery>
                                                                <proc:MonthlyDelivery>
                                                                    <proc:Month>2026-06</proc:Month>
                                                                    <proc:Amount>10</proc:Amount>
                                                                </proc:MonthlyDelivery>
                                                                <proc:MonthlyDelivery>
                                                                    <proc:Month>2026-07</proc:Month>
                                                                    <proc:Amount>10</proc:Amount>
                                                                </proc:MonthlyDelivery>
                                                                <proc:MonthlyDelivery>
                                                                    <proc:Month>2026-08</proc:Month>
                                                                    <proc:Amount>10</proc:Amount>
                                                                </proc:MonthlyDelivery>
                                                                <proc:MonthlyDelivery>
                                                                    <proc:Month>2026-09</proc:Month>
                                                                    <proc:Amount>10</proc:Amount>
                                                                </proc:MonthlyDelivery>
                                                                <proc:MonthlyDelivery>
                                                                    <proc:Month>2026-10</proc:Month>
                                                                    <proc:Amount>10</proc:Amount>
                                                                </proc:MonthlyDelivery>
                                                                <proc:MonthlyDelivery>
                                                                    <proc:Month>2026-11</proc:Month>
                                                                    <proc:Amount>10</proc:Amount>
                                                                </proc:MonthlyDelivery>
                                                                <proc:MonthlyDelivery>
                                                                    <proc:Month>2026-12</proc:Month>
                                                                    <proc:Amount>10</proc:Amount>
                                                                </proc:MonthlyDelivery>
                                                                <proc:MonthlyDelivery>
                                                                    <proc:Month>2027-01</proc:Month>
                                                                    <proc:Amount>10</proc:Amount>
                                                                </proc:MonthlyDelivery>
                                                                <proc:MonthlyDelivery>
                                                                    <proc:Month>2027-02</proc:Month>
                                                                    <proc:Amount>10</proc:Amount>
                                                                </proc:MonthlyDelivery>
                                                                <proc:MonthlyDelivery>
                                                                    <proc:Month>2027-03</proc:Month>
                                                                    <proc:Amount>10</proc:Amount>
                                                                </proc:MonthlyDelivery>
                                                            </proc:MonthlyDeliveryList>
                                                        </proc:MonthlyDeliverySchedule>
                                                    </proc:MonthlyDeliveryScheduleList>
                                                </proc:HistoryPlanning>
                                                <proc:HistoryPlanning>
                                                    <proc:FiscalYear>2026</proc:FiscalYear>
                                                    <proc:PCOLocation>Detroit Arsenal, MI</proc:PCOLocation>
                                                    <proc:AwardDate>2026-04</proc:AwardDate>
                                                    <proc:FirstDeliveryDate>2027-04</proc:FirstDeliveryDate>
                                                    <proc:Quantity>144</proc:Quantity>
                                                    <proc:UnitCost>78351.96</proc:UnitCost>
                                                    <proc:SpecsAvailableNow>true</proc:SpecsAvailableNow>
                                                    <proc:ContractMethod>C</proc:ContractMethod>
                                                    <proc:ContractType>FFP</proc:ContractType>
                                                    <proc:MonthlyDeliveryScheduleList>
                                                        <proc:MonthlyDeliverySchedule>
                                                            <proc:ServiceAgencyName>Navy</proc:ServiceAgencyName>
                                                            <proc:ProcQuantity>144</proc:ProcQuantity>
                                                            <proc:MonthlyDeliveryList>
                                                                <proc:MonthlyDelivery>
                                                                    <proc:Month>2027-04</proc:Month>
                                                                    <proc:Amount>12</proc:Amount>
                                                                </proc:MonthlyDelivery>
                                                                <proc:MonthlyDelivery>
                                                                    <proc:Month>2027-05</proc:Month>
                                                                    <proc:Amount>12</proc:Amount>
                                                                </proc:MonthlyDelivery>
                                                                <proc:MonthlyDelivery>
                                                                    <proc:Month>2027-06</proc:Month>
                                                                    <proc:Amount>12</proc:Amount>
                                                                </proc:MonthlyDelivery>
                                                                <proc:MonthlyDelivery>
                                                                    <proc:Month>2027-07</proc:Month>
                                                                    <proc:Amount>12</proc:Amount>
                                                                </proc:MonthlyDelivery>
                                                                <proc:MonthlyDelivery>
                                                                    <proc:Month>2027-08</proc:Month>
                                                                    <proc:Amount>12</proc:Amount>
                                                                </proc:MonthlyDelivery>
                                                                <proc:MonthlyDelivery>
                                                                    <proc:Month>2027-09</proc:Month>
                                                                    <proc:Amount>12</proc:Amount>
                                                                </proc:MonthlyDelivery>
                                                                <proc:MonthlyDelivery>
                                                                    <proc:Month>2027-10</proc:Month>
                                                                    <proc:Amount>12</proc:Amount>
                                                                </proc:MonthlyDelivery>
                                                                <proc:MonthlyDelivery>
                                                                    <proc:Month>2027-11</proc:Month>
                                                                    <proc:Amount>12</proc:Amount>
                                                                </proc:MonthlyDelivery>
                                                                <proc:MonthlyDelivery>
                                                                    <proc:Month>2027-12</proc:Month>
                                                                    <proc:Amount>12</proc:Amount>
                                                                </proc:MonthlyDelivery>
                                                                <proc:MonthlyDelivery>
                                                                    <proc:Month>2028-01</proc:Month>
                                                                    <proc:Amount>12</proc:Amount>
                                                                </proc:MonthlyDelivery>
                                                                <proc:MonthlyDelivery>
                                                                    <proc:Month>2028-02</proc:Month>
                                                                    <proc:Amount>12</proc:Amount>
                                                                </proc:MonthlyDelivery>
                                                                <proc:MonthlyDelivery>
                                                                    <proc:Month>2028-03</proc:Month>
                                                                    <proc:Amount>12</proc:Amount>
                                                                </proc:MonthlyDelivery>
                                                            </proc:MonthlyDeliveryList>
                                                        </proc:MonthlyDeliverySchedule>
                                                    </proc:MonthlyDeliveryScheduleList>
                                                </proc:HistoryPlanning>
                                            </proc:HistoryPlanningList>
                                        </proc:Manufacturer>
                                    </proc:ManufacturerList>
                                </proc:CostElement>
                                <proc:CostElement>
                                    <proc:Name footnote="The decreased in FY 2026 aligns with the completion of the AAO.">1.1.5) Expeditionary Mobile Fuel Additive Capability (EMFAC)</proc:Name>
                                    <proc:Cost>
                                        <proc:TotalCost>
                                            <proc:AllPriorYears>0.466</proc:AllPriorYears>
                                            <proc:PriorYear>2.016</proc:PriorYear>
                                            <proc:CurrentYear>1.323</proc:CurrentYear>
                                        </proc:TotalCost>
                                    </proc:Cost>
                                </proc:CostElement>
                                <proc:CostElement>
                                    <proc:Name footnote="The increase from FY 2025 to FY 2026 is due to the initial procurement of FARS.">1.1.7) Fuel Automated Reporting System (FARS)</proc:Name>
                                    <proc:Cost>
                                        <proc:TotalCost>
                                            <proc:BudgetYearOneBase>2.589</proc:BudgetYearOneBase>
                                            <proc:BudgetYearOne>2.589</proc:BudgetYearOne>
                                        </proc:TotalCost>
                                    </proc:Cost>
                                </proc:CostElement>
                            </proc:CostElementList>
                            <proc:CategorySubtotal>
                                <proc:TotalCost>
                                    <proc:AllPriorYears>3.933</proc:AllPriorYears>
                                    <proc:PriorYear>11.368</proc:PriorYear>
                                    <proc:CurrentYear>23.091</proc:CurrentYear>
                                    <proc:BudgetYearOneBase>32.575</proc:BudgetYearOneBase>
                                    <proc:BudgetYearOne>32.575</proc:BudgetYearOne>
                                </proc:TotalCost>
                            </proc:CategorySubtotal>
                        </proc:Recurring>
                        <proc:CategorySubtotal>
                            <proc:TotalCost>
                                <proc:AllPriorYears>3.933</proc:AllPriorYears>
                                <proc:PriorYear>11.368</proc:PriorYear>
                                <proc:CurrentYear>23.091</proc:CurrentYear>
                                <proc:BudgetYearOneBase>32.575</proc:BudgetYearOneBase>
                                <proc:BudgetYearOne>32.575</proc:BudgetYearOne>
                            </proc:TotalCost>
                        </proc:CategorySubtotal>
                    </proc:Flyaway>
                    <proc:Support>
                        <proc:CostElementList>
                            <proc:CostElement>
                                <proc:Name footnote="The decrease from FY 2025 to FY 2026 is due to the completion of product verification test for EFDS sub-systems.">2.1) Fuel System Supply, Support &amp; Components Equipment (ACTIVE)</proc:Name>
                                <proc:Cost>
                                    <proc:TotalCost>
                                        <proc:AllPriorYears>7.312</proc:AllPriorYears>
                                        <proc:PriorYear>1.588</proc:PriorYear>
                                        <proc:CurrentYear>1.746</proc:CurrentYear>
                                        <proc:BudgetYearOneBase>1.036</proc:BudgetYearOneBase>
                                        <proc:BudgetYearOne>1.036</proc:BudgetYearOne>
                                    </proc:TotalCost>
                                </proc:Cost>
                            </proc:CostElement>
                            <proc:CostElement>
                                <proc:Name>2.2) Prior Years Cumulative Funding</proc:Name>
                                <proc:Cost>
                                    <proc:TotalCost>
                                        <proc:AllPriorYears>335.958</proc:AllPriorYears>
                                    </proc:TotalCost>
                                </proc:Cost>
                            </proc:CostElement>
                        </proc:CostElementList>
                        <proc:CategorySubtotal>
                            <proc:TotalCost>
                                <proc:AllPriorYears>343.27</proc:AllPriorYears>
                                <proc:PriorYear>1.588</proc:PriorYear>
                                <proc:CurrentYear>1.746</proc:CurrentYear>
                                <proc:BudgetYearOneBase>1.036</proc:BudgetYearOneBase>
                                <proc:BudgetYearOne>1.036</proc:BudgetYearOne>
                            </proc:TotalCost>
                        </proc:CategorySubtotal>
                    </proc:Support>
                </proc:CostElementCategoryList>
            </proc:P5Item>
        </proc:ItemExhibitList>
        <proc:DocumentAssemblyOptions>
            <proc:p40AItemScheduleSetting>total</proc:p40AItemScheduleSetting>
        </proc:DocumentAssemblyOptions>
    </proc:LineItem>
</proc:LineItemList>