<?xml version="1.0" encoding="UTF-8"?>
<proc:LineItemList xmlns:proc="http://www.dtic.mil/comptroller/xml/schema/20100219/procurement">
    <proc:LineItem quantityUnits="Each" unitCostUnits="Dollars" totalCostUnits="Millions" manufacturerRateUnits="Yearly" suppressOutfittingDeliveryBY2ToBY5="true">
        <proc:LineItemNumber>4625</proc:LineItemNumber>
        <proc:LineItemTitle>Marine Corps Enterprise Network (MCEN)</proc:LineItemTitle>
        <proc:P1LineNumber>40</proc:P1LineNumber>
        <proc:BudgetYear>2026</proc:BudgetYear>
        <proc:BudgetCycle>PB</proc:BudgetCycle>
        <proc:SubmissionDate>2025-06</proc:SubmissionDate>
        <proc:ServiceAgencyName>Navy</proc:ServiceAgencyName>
        <proc:AppropriationNumber>1109N</proc:AppropriationNumber>
        <proc:AppropriationTitle>Procurement, Marine Corps</proc:AppropriationTitle>
        <proc:BudgetActivityNumber>4</proc:BudgetActivityNumber>
        <proc:BudgetActivityTitle>Communications and Electronics Equipment</proc:BudgetActivityTitle>
        <proc:BudgetSubActivityNumber>19</proc:BudgetSubActivityNumber>
        <proc:BudgetSubActivityTitle>Other Support (Non-Tel)</proc:BudgetSubActivityTitle>
        <proc:ResourceSummary>
            <proc:TotalCost>
                <proc:AllPriorYears>915.812</proc:AllPriorYears>
                <proc:PriorYear>222.358</proc:PriorYear>
                <proc:CurrentYear>268.074</proc:CurrentYear>
                <proc:BudgetYearOneBase>205.71</proc:BudgetYearOneBase>
                <proc:BudgetYearOneOOC>0</proc:BudgetYearOneOOC>
                <proc:BudgetYearOne>205.71</proc:BudgetYearOne>
            </proc:TotalCost>
            <proc:NetProcurementP1>
                <proc:AllPriorYears>915.812</proc:AllPriorYears>
                <proc:PriorYear>222.358</proc:PriorYear>
                <proc:CurrentYear>268.074</proc:CurrentYear>
                <proc:BudgetYearOneBase>205.71</proc:BudgetYearOneBase>
                <proc:BudgetYearOneOOC>0</proc:BudgetYearOneOOC>
                <proc:BudgetYearOne>205.71</proc:BudgetYearOne>
            </proc:NetProcurementP1>
            <proc:TotalObligationAuthority>
                <proc:AllPriorYears>915.812</proc:AllPriorYears>
                <proc:PriorYear>222.358</proc:PriorYear>
                <proc:CurrentYear>268.074</proc:CurrentYear>
                <proc:BudgetYearOneBase>205.71</proc:BudgetYearOneBase>
                <proc:BudgetYearOneOOC>0</proc:BudgetYearOneOOC>
                <proc:BudgetYearOne>205.71</proc:BudgetYearOne>
            </proc:TotalObligationAuthority>
        </proc:ResourceSummary>
        <proc:Code>A</proc:Code>
        <proc:OtherRelatedProgramElementList>
            <proc:ProgramElementNumber>0208550M</proc:ProgramElementNumber>
            <proc:ProgramElementNumber>0505550M</proc:ProgramElementNumber>
            <proc:ProgramElementNumber>0206313M</proc:ProgramElementNumber>
            <proc:ProgramElementNumber>0206312M</proc:ProgramElementNumber>
            <proc:ProgramElementNumber>0310110M</proc:ProgramElementNumber>
            <proc:ProgramElementNumber>0370110M</proc:ProgramElementNumber>
            <proc:ProgramElementNumber>0360110M</proc:ProgramElementNumber>
            <proc:ProgramElementNumber>0330110M</proc:ProgramElementNumber>
        </proc:OtherRelatedProgramElementList>
        <proc:Description>Marine Corps Enterprise Network (MCEN)

MCEN resources are foundational to Force Design and are a critical enabler for executing the Marine Corps Network Modernization Plan, which is the strategic vision of the Marine Corps' single global warfighting network. Investments sustain and increase operational readiness and reduce cyber vulnerabilities throughout the MCEN.  Funding enables the Marine Corps to operate its network effectively to achieve Zero Trust, defend its network against cyber-attacks, and effectively mitigate cyber vulnerabilities. Additionally, a secure and modern network is foundational for enabling cloud migration, machine learning, and artificial intelligence initiatives that are a critical component of Force Design 2030.

Enterprise IT Network Infrastructure provides the equipment to end users with network and voice connectivity to the core networks and services (e.g., Defense Information Systems Network - DISN), between installations, to buildings, access within buildings, and to remote locations. This includes physical and wireless connectivity of the Local Area Network (LAN) and Wide Area Network (WAN) as well as access to cloud and enterprise services. The program also provides the resources that enable and distribute voice networking through on-premise equipment. This line item includes funding specified for Defense Policy Review Initiative (DPRI) within the above details.

Enterprise IT Security and Compliance provides resources related to IT security compliance and disaster recovery. This includes resources to set policy, establish processes and means, measure compliance, meet relevant legal/compliance requirements (e.g., Data Privacy, multi-factor authentication, etc.), and respond to security breaches and provide real-time operational security measures such as vulnerability scanning, management of firewalls, and intrusion prevention systems. In addition, this program provides resources to set disaster recovery policy, establishing processes and means, and performing disaster recovery testing (note: this does not include resources for disaster relief facility or servers for disaster relief facilities).

Enterprise IT End User Devices and Services provides the resources to procure, operate, manage, refresh, sustain and administer end user devices. End user devices include enterprise business workplace devices (e.g., physical desktops, laptops, ruggedized laptops, or desktops, and thin or zero client machines), mobile devices managed by the Microsoft Intune container (e.g., tablets, ruggedized tablets, 2-in-1 devices, and the Intune container for Government furnished smartphones), and the Marine Corps Enterprise Desktop Standard (MCEDS) Image based on windows operating systems. 

Enterprise IT Compute and Storage provides the standardized enterprise service stacks to replace the obsolete hardware at the Marine Corps Enterprise Data and application sites, on/ off-premise and performing optimization assessments to reduce equipment that is no longer needed. The enterprise computing devices include physical and virtual servers.  The program also provides storage capability in the form of online/offline storage to support archiving, backup, and recovery capabilities.</proc:Description>
        <proc:Justification>FY 2026 Base Appropriation Request: $205.710M.

Enterprise IT Network Infrastructure: $105.376M in FY 2026 provides for the refresh and modernization of Voice Systems, Network Transport, and Tactical Entry Point requirements for planned bases throughout Marine Corps Installations East (MCIEAST), Marine Corps Installations West (MCIWEST), Marine Corps Installations Pacific (MCIPAC), Marine Corps Installations National Capital Region (MCINCR), and Marine Forces Reserve (MARFORRES), along with supporting Guam and Okinawa IT installation efforts to support the standup of new locations. Funding includes support for modernization and convergence of Voice Systems (voice modernization and leverage an agnostic transport solution to minimize hardware/software equipment), Network Transport (refresh, upgrade switches, routers, controllers, optical transport and standardize the MCEN architecture by streamlining transport communications), Tactical Entry Point (TEP) (an enabling component of the Deployed MCEN concept, providing tactical users reach-back access), and Defense Policy Review with the procurement, installation, and accreditation of Information Technology (IT) systems. The decrease from FY 2025 to FY 2026 of $31.763M is due to a decrease in the quantity and scope of the DPRI projects to be outfitted with Command, Control, Communication, Computers, and Information Technology (C4IT) equipment and fielding wireless capabilities to a decreased number of locations in FY 2026.

Enterprise IT Security and Compliance (IT S&amp;C): $25.375M in FY 2026 provides for the MCEN Management and Security capabilities. The decrease from FY 2025 to FY 2026 of $19.633M is principally due to IT S&amp;C beginning to sustain equipment procured in prior years, while continuing to field to additional sites in FY 2026. Fielding will continue under Monitoring and Detection and authorized acquisition objective (AAO) expansion for Commercial solutions for Classified (CSfC). This additional funding will ensure the integrity, protection and proper use of the enterprise technology systems and data. Security and Compliance modernization efforts will increase reliability, automation, and threat vulnerability responsiveness for autonomous network operation, monitoring, and defense capabilities, supporting operations and management decisions in a zero-trust environment. These capabilities and services meet modernization requirements for Force Design 2030 and compliance with policy. Funding includes support for Security Solutions (which supports a full range of applications that will provide security-oriented outputs and outcomes), Monitoring and Detection (supporting capabilities that enable monitoring and detection capabilities that run independently without active input or management), and Threat and Vulnerability (for tools that monitor, track, assess risks, and mitigate identified threats and vulnerabilities).

Enterprise IT End User Devices and Services: $59.238M in FY 2026 reduces cyber vulnerabilities and increases operational readiness throughout the Fleet Marine Force (FMF) and supporting establishment using the MCEN Non-secure and Secure (MCEN-N and MCEN-S). Allowing for EUDs refresh cycle in accordance with DoD CIO and OMB M-16-02 Memos. These memos direct a refresh rate of every 4-5 years to alleviate aging equipment that remains on the network and to meet industry standard periodicity refresh standards. If these end user devices (EUDs) are not replaced and refreshed, the Marine Corps is assuming cybersecurity risk throughout the MCEN resulting in technology obsolescence requiring EUDs to be removed from the network, negatively impacting operational readiness and FD 2030 IOC. The decrease from FY 2025 to FY 2026 of $8.291M is due to, completion of the Windows 11 compliance device mandate, which is required in 2025.

Enterprise IT Compute and Storage: $15.721M in FY 2026 provides for the refresh of standardized Enterprise Service Stacks (ESS) to replace the end-of-life hardware at the Marine Corps Enterprise Data and application sites and perform optimization assessments to reduce equipment that is no longer needed. Funds Compute (provides for modernization of the servers across the non-classified side of the MCEN), Storage (provides persistent data on remote, network attached storage devices in order to make applications more responsive and the data sets more manageable), and Data Center Components (provides for an enterprise on/off-premises application modernization of the host systems and applications). The decrease from FY 2025 to FY 2026 of $2.677M is due to the planned refresh cycle of compute and storage.

The FY 2026 request was reduced by $0.823 million for Advisory and Assistance Services to promote efficiencies and advance the policies of the Administration in alignment with Executive Order 14222, "Implementing the President's Department of Government Efficiency Cost Efficiency Initiative."</proc:Justification>
        <proc:ItemExhibitList>
            <proc:P40AItemGroup>
                <proc:Name>Marine Corps Enterprise Network (MCEN)</proc:Name>
                <proc:CategoryList>
                    <proc:Category>
                        <proc:Name>1) Enterprise IT Network Infrastructure</proc:Name>
                        <proc:ItemList>
                            <proc:Item>
                                <proc:Name footnote="Voice Networking (Cost Element 1.1): $4.492M provides funding for voice modernization and refresh efforts across the MCEN. These efforts replace legacy telephone network equipment with expanded Voice over IP capabilities supporting DOD objectives in Low Speed Time Division Multiplexing Elimination and E911 capabilities in support of both Kari's Law and Ray Baum's Act. Specifically, this funding will procure and install Session Border Controllers which are needed at many Marine Corps installations in order to transition from analog to digital networks for voice communications. In addition, funding in this cost element will support adjacent convergence actions enabling voice solutions to be transported across a consolidated agnostic network transport solution thereby decreasing future hardware refresh and procurement requirements. The decrease from FY 2025 to FY 2026 is due to other Marine Corps modernization priorities.">1.1) Voice Networking</proc:Name>
                                <proc:IdCode>A</proc:IdCode>
                                <proc:ResourceSummary>
                                    <proc:TotalCost>
                                        <proc:AllPriorYears>15.328</proc:AllPriorYears>
                                        <proc:PriorYear>15.413</proc:PriorYear>
                                        <proc:CurrentYear>5.38</proc:CurrentYear>
                                        <proc:BudgetYearOneBase>4.492</proc:BudgetYearOneBase>
                                        <proc:BudgetYearOne>4.492</proc:BudgetYearOne>
                                    </proc:TotalCost>
                                </proc:ResourceSummary>
                            </proc:Item>
                            <proc:Item>
                                <proc:Name footnote="Network Transport (Cost Element 1.2): $82.055M funds infrastructure (switches, routers, controllers, optical transport) that provides network connectivity to Installations, between buildings within Installations, and services and applications to tactical edge users. This includes physical and wireless connectivity of the Local Area Network (LAN) and Wide Are Network (WAN). This transport infrastructure is the primary delivery mechanism for all IT/Telecommunications (Data, Voice, Video) across the USMC enterprise. These resources will replace and modernize end of life/end of support legacy network infrastructure eliminating technical debt, increasing operational availability across Installations and increasing cybersecurity compliance. In support of JCA 6, Force Design and I&amp;L 2030 network transport will also invest in wireless access expansion across the MCEN-NIPR.  The decrease from FY 2025 to FY 2026 is due to focus on other Marine Corps modernization priorities which results in the fielding of less wireless capabilities.">1.2) Network Transport</proc:Name>
                                <proc:IdCode>A</proc:IdCode>
                                <proc:ResourceSummary>
                                    <proc:TotalCost>
                                        <proc:AllPriorYears>70.754</proc:AllPriorYears>
                                        <proc:PriorYear>77.466</proc:PriorYear>
                                        <proc:CurrentYear>101.338</proc:CurrentYear>
                                        <proc:BudgetYearOneBase>82.055</proc:BudgetYearOneBase>
                                        <proc:BudgetYearOne>82.055</proc:BudgetYearOne>
                                    </proc:TotalCost>
                                </proc:ResourceSummary>
                            </proc:Item>
                            <proc:Item>
                                <proc:Name footnote="Tactical Entry Point (TEP): $0.796M will allow for the procurement and enhancement of the Tactical Entry Point (TEP), as an enabling component of the Deployed Marine Corps Enterprise Network (DMCEN) concept, providing tactical users reach back access to MCEN-NIPRnet (MCEN-N), MCEN-SIPRnet (MCEN-S) and coalition enclave services. The funding will also allow for necessary refresh for the MCEN-S Transport Boundary, including the procurement and installation of new network equipment (e.g. routers, switches, cards, etc.) that are no longer receiving software maintenance updates to the integrated operating system (IOS) (e.g. patches/updates). Investments in modernization increases the Marine Corps' ability to provide MCEN-S services to users at the tactical edge and meet specific requirements outlined by the Commandant in USMC Force Design. There is no significant change in FY 2025 to FY 2026.">1.3) Tactical Entry Point</proc:Name>
                                <proc:IdCode>A</proc:IdCode>
                                <proc:ResourceSummary>
                                    <proc:TotalCost>
                                        <proc:AllPriorYears>1.1</proc:AllPriorYears>
                                        <proc:PriorYear>0.765</proc:PriorYear>
                                        <proc:CurrentYear>0.78</proc:CurrentYear>
                                        <proc:BudgetYearOneBase>0.796</proc:BudgetYearOneBase>
                                        <proc:BudgetYearOne>0.796</proc:BudgetYearOne>
                                    </proc:TotalCost>
                                </proc:ResourceSummary>
                            </proc:Item>
                            <proc:Item>
                                <proc:Name footnote="Defense Policy Review Initiative Equipment (DPRI): $18.033M Funding will support DPRI Guam and Okinawa with the procurement, installation, and accreditation of Information Technology (IT) systems. Enterprise IT Network Infrastructure (IT NI) funding for FY 2026 supports the procurement and installation/outfitting of C4IT equipment for newly constructed facilities on Marine Corps Base Camp Blaz in Guam. The decrease in funding from FY 2025 to FY 2026, is due to the reduced number of projects and complexity of the IT systems for projects that have a funding requirement in FY 2026.">1.4) Defense Policy Review Initiative (DPRI)</proc:Name>
                                <proc:IdCode>A</proc:IdCode>
                                <proc:ResourceSummary>
                                    <proc:TotalCost>
                                        <proc:AllPriorYears>33.465</proc:AllPriorYears>
                                        <proc:PriorYear>20.328</proc:PriorYear>
                                        <proc:CurrentYear>29.641</proc:CurrentYear>
                                        <proc:BudgetYearOneBase>18.033</proc:BudgetYearOneBase>
                                        <proc:BudgetYearOne>18.033</proc:BudgetYearOne>
                                    </proc:TotalCost>
                                </proc:ResourceSummary>
                            </proc:Item>
                        </proc:ItemList>
                        <proc:CategorySubtotal>
                            <proc:TotalCost>
                                <proc:AllPriorYears>120.647</proc:AllPriorYears>
                                <proc:PriorYear>113.972</proc:PriorYear>
                                <proc:CurrentYear>137.139</proc:CurrentYear>
                                <proc:BudgetYearOneBase>105.376</proc:BudgetYearOneBase>
                                <proc:BudgetYearOne>105.376</proc:BudgetYearOne>
                            </proc:TotalCost>
                        </proc:CategorySubtotal>
                    </proc:Category>
                    <proc:Category>
                        <proc:Name>2) Enterprise IT Security and Compliance</proc:Name>
                        <proc:ItemList>
                            <proc:Item>
                                <proc:Name footnote="Security Solutions: $5.163M provides funding for security solutions that enable modernization, development, fielding, and support for a full range of applications. These solutions aim to deliver security-oriented outputs and outcomes, such as COMSEC Crypto and Commercial Solution for Classified (CSfC). Funding provided will protect private information, sensitive data, and enhance the security of communications across the MCEN. The decrease from FY 2025 to FY 2026 is attributed to the transition from fielding to sustainment of licenses and equipment. As the CSfC solution expands, it will facilitate the transition away from legacy crypto to NSA-approved software encryption solutions, further expanding capabilities for network operators to communicate in future cyber-contested environments. Once established and deployed, CSfC will provide access to NIPR, SIPR, and the Mission Partner Environment.">2.1) Security Solutions</proc:Name>
                                <proc:IdCode>A</proc:IdCode>
                                <proc:ResourceSummary>
                                    <proc:TotalCost>
                                        <proc:AllPriorYears>9.672</proc:AllPriorYears>
                                        <proc:PriorYear>18.841</proc:PriorYear>
                                        <proc:CurrentYear>6.112</proc:CurrentYear>
                                        <proc:BudgetYearOneBase>5.163</proc:BudgetYearOneBase>
                                        <proc:BudgetYearOne>5.163</proc:BudgetYearOne>
                                    </proc:TotalCost>
                                </proc:ResourceSummary>
                            </proc:Item>
                            <proc:Item>
                                <proc:Name footnote="Monitoring and Detection: $19.712M will provide funding for capabilities that enable modernization, development, fielding/deployment, and support to provide monitoring and detection capabilities that run independently without active input or management (e.g. Next Generation Firewall (NGFW), Intrusion Prevention Systems, and Sensor Grid). The decrease from FY 2025 to FY 2026 is due to the transition from fielding to sustainment of various licenses, equipment, and support that enable the Enterprise Infrastructure Modernization (EIM) Solution.">2.2) Monitoring and Detection</proc:Name>
                                <proc:IdCode>A</proc:IdCode>
                                <proc:ResourceSummary>
                                    <proc:TotalCost>
                                        <proc:AllPriorYears>22.147</proc:AllPriorYears>
                                        <proc:PriorYear>23.01</proc:PriorYear>
                                        <proc:CurrentYear>38.396</proc:CurrentYear>
                                        <proc:BudgetYearOneBase>19.712</proc:BudgetYearOneBase>
                                        <proc:BudgetYearOne>19.712</proc:BudgetYearOne>
                                    </proc:TotalCost>
                                </proc:ResourceSummary>
                            </proc:Item>
                            <proc:Item>
                                <proc:Name footnote="Threat and Vulnerability: $0.500M provides for capabilities which enable modernization, development, fielding, deployment, and support to tools that monitor, track, assess risks, and mitigate identified threats and vulnerabilities. This funding would allow for the Marine Corps to provide a modernized (e.g. more flexible, agile, inter-operable and resilient) solution that is proactive and not reactive to cyber threats, while meeting the demands of a hybrid work model which entails secure teleworking from disparate geographical and technological environments. Major efforts within this cost element include Comply to Connect (C2C), Data Loss Prevention (DLP), and End Point Security (EPS). No significant changes between FY 2025 and FY 2026.">2.3) Threat and Vulnerability</proc:Name>
                                <proc:IdCode>A</proc:IdCode>
                                <proc:ResourceSummary>
                                    <proc:TotalCost>
                                        <proc:PriorYear>0.58</proc:PriorYear>
                                        <proc:CurrentYear>0.5</proc:CurrentYear>
                                        <proc:BudgetYearOneBase>0.5</proc:BudgetYearOneBase>
                                        <proc:BudgetYearOne>0.5</proc:BudgetYearOne>
                                    </proc:TotalCost>
                                </proc:ResourceSummary>
                            </proc:Item>
                        </proc:ItemList>
                        <proc:CategorySubtotal>
                            <proc:TotalCost>
                                <proc:AllPriorYears>31.819</proc:AllPriorYears>
                                <proc:PriorYear>42.431</proc:PriorYear>
                                <proc:CurrentYear>45.008</proc:CurrentYear>
                                <proc:BudgetYearOneBase>25.375</proc:BudgetYearOneBase>
                                <proc:BudgetYearOne>25.375</proc:BudgetYearOne>
                            </proc:TotalCost>
                        </proc:CategorySubtotal>
                    </proc:Category>
                    <proc:Category>
                        <proc:Name>3) Enterprise IT End User Devices and Services</proc:Name>
                        <proc:ItemList>
                            <proc:Item>
                                <proc:Name footnote="End User Device (EUD): $58.738M will provide funding for technology refresh and sustainment cycle requirements in accordance with DoD CIO and OMB M-16-02, aiming for a refresh every 4-5 years to alleviate aging and cyber-vulnerable equipment that remains on the network and to meet industry-standard periodic refresh standards, avoiding obsolescence. This will also ensure compliance with future Windows operating systems. This refresh standard for EUDs in the Marine Corps ensures that devices which are rapidly becoming worn out, inefficient, and posing potential cybersecurity risks throughout the MCEN are replaced. This leads to more end-users accomplishing operational and supporting establishment missions. Devices that are not compatible will need to be removed from the network as they will be unable to accept the new operating system and related security patches or updates. The refresh will reduce cyber vulnerabilities and increase operational readiness throughout the MCEN. The decrease from FY 2025 to FY 2026 reflects the completion of the Windows 11 compliance device mandate, which was required in 2025.">3.1) End User Devices (EUDs)</proc:Name>
                                <proc:IdCode>A</proc:IdCode>
                                <proc:ResourceSummary>
                                    <proc:TotalCost>
                                        <proc:AllPriorYears>68.414</proc:AllPriorYears>
                                        <proc:PriorYear>47.654</proc:PriorYear>
                                        <proc:CurrentYear>67.029</proc:CurrentYear>
                                        <proc:BudgetYearOneBase>58.738</proc:BudgetYearOneBase>
                                        <proc:BudgetYearOne>58.738</proc:BudgetYearOne>
                                    </proc:TotalCost>
                                </proc:ResourceSummary>
                            </proc:Item>
                            <proc:Item>
                                <proc:Name footnote="Defense Policy Review Initiative Equipment (DPRI): $0.500M Funding will support DPRI Okinawa with the procurement, installation, and accreditation of Information Technology (IT) systems.  End User Devices (EUD) are required for the outfitting of Government of Japan funded/constructed facilities on Okinawa that are in support of the realignment of forces in the Pacific. There is no significant change between FY 2025 and FY 2026.">3.2) Defense Policy Review Initiative</proc:Name>
                                <proc:IdCode>A</proc:IdCode>
                                <proc:ResourceSummary>
                                    <proc:TotalCost>
                                        <proc:CurrentYear>0.5</proc:CurrentYear>
                                        <proc:BudgetYearOneBase>0.5</proc:BudgetYearOneBase>
                                        <proc:BudgetYearOne>0.5</proc:BudgetYearOne>
                                    </proc:TotalCost>
                                </proc:ResourceSummary>
                            </proc:Item>
                        </proc:ItemList>
                        <proc:CategorySubtotal>
                            <proc:TotalCost>
                                <proc:AllPriorYears>68.414</proc:AllPriorYears>
                                <proc:PriorYear>47.654</proc:PriorYear>
                                <proc:CurrentYear>67.529</proc:CurrentYear>
                                <proc:BudgetYearOneBase>59.238</proc:BudgetYearOneBase>
                                <proc:BudgetYearOne>59.238</proc:BudgetYearOne>
                            </proc:TotalCost>
                        </proc:CategorySubtotal>
                    </proc:Category>
                    <proc:Category>
                        <proc:Name>4) Enterprise IT Compute and Storage</proc:Name>
                        <proc:ItemList>
                            <proc:Item>
                                <proc:Name footnote="Compute: $8.031M will provide funding for the enterprise disaster recovery solutions for the Marine Corps Enterprise Network (MCEN) Non-classified Internet Protocol Router (NIPR) and Secret Internet Protocol Router (SIPR) networks. The Cohesity network server solution provides high availability of data during unplanned and planned outages.  This will maintain data confidentially, provide traffic optimization, and site failover, while providing network transport coming from a commercial or military Internet Service provider using terrestrial or satellite network segments.  The decrease from FY 2025 to FY 2026 is due to the planned refresh of servers that are reaching end-of life; the replacement of these servers will ensure that MCEN services will continue to be provided without degradation.">4.1) Compute</proc:Name>
                                <proc:IdCode>A</proc:IdCode>
                                <proc:ResourceSummary>
                                    <proc:TotalCost>
                                        <proc:AllPriorYears>2.452</proc:AllPriorYears>
                                        <proc:PriorYear>8.361</proc:PriorYear>
                                        <proc:CurrentYear>8.841</proc:CurrentYear>
                                        <proc:BudgetYearOneBase>8.031</proc:BudgetYearOneBase>
                                        <proc:BudgetYearOne>8.031</proc:BudgetYearOne>
                                    </proc:TotalCost>
                                </proc:ResourceSummary>
                            </proc:Item>
                            <proc:Item>
                                <proc:Name footnote="Storage: $6.000M provides funding for persistent data on remote, network attached storage devices in order to make applications more responsive and the data sets more manageable. This separation allows compute and storage to scale independently of each other, thereby reducing life-cycle costs. The decrease from FY 2025 to FY 2026 is due to MCEN-N ES1 Storage refresh procurement for NIPR in 2025 but allows for scaling up, if necessary, after redesigning ES1 locations being turned into ES2 location (reduction of number of Component Enterprise Data Centers (CEDCs)).">4.2) Storage</proc:Name>
                                <proc:IdCode>A</proc:IdCode>
                                <proc:ResourceSummary>
                                    <proc:TotalCost>
                                        <proc:AllPriorYears>4.251</proc:AllPriorYears>
                                        <proc:PriorYear>8</proc:PriorYear>
                                        <proc:CurrentYear>7.507</proc:CurrentYear>
                                        <proc:BudgetYearOneBase>6</proc:BudgetYearOneBase>
                                        <proc:BudgetYearOne>6</proc:BudgetYearOne>
                                    </proc:TotalCost>
                                </proc:ResourceSummary>
                            </proc:Item>
                            <proc:Item>
                                <proc:Name footnote="Data Center Components: $1.690M provides funding for an enterprise on and off-premises application modernization of the host systems and applications. These are components that are foundational to the daily operations of a data center (e.g. in row cooler, power supplies, battery backups). The decrease from FY 2025 to FY 2026 is due to NIPR server transition from on-prem based to cloud-based.">4.3) Data Center Components</proc:Name>
                                <proc:IdCode>A</proc:IdCode>
                                <proc:ResourceSummary>
                                    <proc:TotalCost>
                                        <proc:AllPriorYears>5.518</proc:AllPriorYears>
                                        <proc:PriorYear>1.94</proc:PriorYear>
                                        <proc:CurrentYear>2.05</proc:CurrentYear>
                                        <proc:BudgetYearOneBase>1.69</proc:BudgetYearOneBase>
                                        <proc:BudgetYearOne>1.69</proc:BudgetYearOne>
                                    </proc:TotalCost>
                                </proc:ResourceSummary>
                            </proc:Item>
                        </proc:ItemList>
                        <proc:CategorySubtotal>
                            <proc:TotalCost>
                                <proc:AllPriorYears>12.221</proc:AllPriorYears>
                                <proc:PriorYear>18.301</proc:PriorYear>
                                <proc:CurrentYear>18.398</proc:CurrentYear>
                                <proc:BudgetYearOneBase>15.721</proc:BudgetYearOneBase>
                                <proc:BudgetYearOne>15.721</proc:BudgetYearOne>
                            </proc:TotalCost>
                        </proc:CategorySubtotal>
                    </proc:Category>
                </proc:CategoryList>
                <proc:TotalCost>
                    <proc:TotalCost>
                        <proc:AllPriorYears>233.101</proc:AllPriorYears>
                        <proc:PriorYear>222.358</proc:PriorYear>
                        <proc:CurrentYear>268.074</proc:CurrentYear>
                        <proc:BudgetYearOneBase>205.71</proc:BudgetYearOneBase>
                        <proc:BudgetYearOne>205.71</proc:BudgetYearOne>
                    </proc:TotalCost>
                </proc:TotalCost>
            </proc:P40AItemGroup>
            <proc:P40AItemGroup>
                <proc:Name>Next Generation Enterprise Network (NGEN)</proc:Name>
                <proc:CategoryList>
                    <proc:Category>
                        <proc:Name>1) NGEN Hardware/Recurring</proc:Name>
                        <proc:ItemList>
                            <proc:Item>
                                <proc:Name>1.1) End User Devices (EUD) Tech Refresh</proc:Name>
                                <proc:IdCode>A</proc:IdCode>
                                <proc:ResourceSummary>
                                    <proc:Quantity>
                                        <proc:AllPriorYears>130957</proc:AllPriorYears>
                                    </proc:Quantity>
                                    <proc:TotalCost>
                                        <proc:AllPriorYears>144.806</proc:AllPriorYears>
                                    </proc:TotalCost>
                                    <proc:UnitCost>
                                        <proc:AllPriorYears>1105.75</proc:AllPriorYears>
                                    </proc:UnitCost>
                                </proc:ResourceSummary>
                            </proc:Item>
                            <proc:Item>
                                <proc:Name>1.2) Fielding Support</proc:Name>
                                <proc:IdCode>A</proc:IdCode>
                                <proc:ResourceSummary>
                                    <proc:TotalCost>
                                        <proc:AllPriorYears>17.465</proc:AllPriorYears>
                                    </proc:TotalCost>
                                </proc:ResourceSummary>
                            </proc:Item>
                            <proc:Item>
                                <proc:Name>1.3) Network Equipment Tech Refresh</proc:Name>
                                <proc:IdCode>A</proc:IdCode>
                                <proc:ResourceSummary>
                                    <proc:TotalCost>
                                        <proc:AllPriorYears>253.914</proc:AllPriorYears>
                                    </proc:TotalCost>
                                </proc:ResourceSummary>
                            </proc:Item>
                            <proc:Item>
                                <proc:Name>1.4) Enterprise Infrastructure Modernization (EIM)</proc:Name>
                                <proc:IdCode>A</proc:IdCode>
                                <proc:ResourceSummary>
                                    <proc:TotalCost>
                                        <proc:AllPriorYears>163.045</proc:AllPriorYears>
                                    </proc:TotalCost>
                                </proc:ResourceSummary>
                            </proc:Item>
                            <proc:Item>
                                <proc:Name>1.5) Wireless Local Area Network (WLAN)</proc:Name>
                                <proc:IdCode>A</proc:IdCode>
                                <proc:ResourceSummary>
                                    <proc:TotalCost>
                                        <proc:AllPriorYears>40.224</proc:AllPriorYears>
                                    </proc:TotalCost>
                                </proc:ResourceSummary>
                            </proc:Item>
                            <proc:Item>
                                <proc:Name>1.6) Defense Policy Review Initiative</proc:Name>
                                <proc:IdCode>A</proc:IdCode>
                                <proc:ResourceSummary>
                                    <proc:TotalCost>
                                        <proc:AllPriorYears>0.123</proc:AllPriorYears>
                                    </proc:TotalCost>
                                </proc:ResourceSummary>
                            </proc:Item>
                        </proc:ItemList>
                        <proc:CategorySubtotal>
                            <proc:TotalCost>
                                <proc:AllPriorYears>619.577</proc:AllPriorYears>
                            </proc:TotalCost>
                        </proc:CategorySubtotal>
                    </proc:Category>
                    <proc:Category>
                        <proc:Name>2) NGEN Hardware/Nonrecurring</proc:Name>
                        <proc:ItemList>
                            <proc:Item>
                                <proc:Name>2.1) Network Access Control, Compliance and Remediation (NACCR)</proc:Name>
                                <proc:IdCode>A</proc:IdCode>
                                <proc:ResourceSummary>
                                    <proc:TotalCost>
                                        <proc:AllPriorYears>24.764</proc:AllPriorYears>
                                    </proc:TotalCost>
                                </proc:ResourceSummary>
                            </proc:Item>
                            <proc:Item>
                                <proc:Name>2.2) Comply to Connect (C2C)</proc:Name>
                                <proc:IdCode>A</proc:IdCode>
                                <proc:ResourceSummary>
                                    <proc:TotalCost>
                                        <proc:AllPriorYears>37.647</proc:AllPriorYears>
                                    </proc:TotalCost>
                                </proc:ResourceSummary>
                            </proc:Item>
                            <proc:Item>
                                <proc:Name>2.3) Disaster Relief</proc:Name>
                                <proc:IdCode>A</proc:IdCode>
                                <proc:ResourceSummary>
                                    <proc:TotalCost>
                                        <proc:AllPriorYears>0.723</proc:AllPriorYears>
                                    </proc:TotalCost>
                                </proc:ResourceSummary>
                            </proc:Item>
                        </proc:ItemList>
                        <proc:CategorySubtotal>
                            <proc:TotalCost>
                                <proc:AllPriorYears>63.134</proc:AllPriorYears>
                            </proc:TotalCost>
                        </proc:CategorySubtotal>
                    </proc:Category>
                </proc:CategoryList>
                <proc:TotalCost>
                    <proc:TotalCost>
                        <proc:AllPriorYears>682.711</proc:AllPriorYears>
                    </proc:TotalCost>
                </proc:TotalCost>
            </proc:P40AItemGroup>
        </proc:ItemExhibitList>
        <proc:DocumentAssemblyOptions>
            <proc:p40AItemScheduleSetting>total</proc:p40AItemScheduleSetting>
        </proc:DocumentAssemblyOptions>
    </proc:LineItem>
</proc:LineItemList>