<?xml version="1.0" encoding="UTF-8"?>
<proc:LineItemList xmlns:proc="http://www.dtic.mil/comptroller/xml/schema/20100219/procurement">
    <proc:LineItem quantityUnits="Each" unitCostUnits="Dollars" totalCostUnits="Millions" manufacturerRateUnits="Yearly" suppressOutfittingDeliveryBY2ToBY5="true">
        <proc:LineItemNumber>4631</proc:LineItemNumber>
        <proc:LineItemTitle>Command Post Systems</proc:LineItemTitle>
        <proc:P1LineNumber>42</proc:P1LineNumber>
        <proc:BudgetYear>2026</proc:BudgetYear>
        <proc:BudgetCycle>PB</proc:BudgetCycle>
        <proc:SubmissionDate>2025-06</proc:SubmissionDate>
        <proc:ServiceAgencyName>Navy</proc:ServiceAgencyName>
        <proc:AppropriationNumber>1109N</proc:AppropriationNumber>
        <proc:AppropriationTitle>Procurement, Marine Corps</proc:AppropriationTitle>
        <proc:BudgetActivityNumber>4</proc:BudgetActivityNumber>
        <proc:BudgetActivityTitle>Communications and Electronics Equipment</proc:BudgetActivityTitle>
        <proc:BudgetSubActivityNumber>19</proc:BudgetSubActivityNumber>
        <proc:BudgetSubActivityTitle>Other Support (Non-Tel)</proc:BudgetSubActivityTitle>
        <proc:ResourceSummary>
            <proc:TotalCost>
                <proc:AllPriorYears>1184.295</proc:AllPriorYears>
                <proc:PriorYear>69.143</proc:PriorYear>
                <proc:CurrentYear>51.81</proc:CurrentYear>
                <proc:BudgetYearOneBase>50.549</proc:BudgetYearOneBase>
                <proc:BudgetYearOneOOC>0</proc:BudgetYearOneOOC>
                <proc:BudgetYearOne>50.549</proc:BudgetYearOne>
            </proc:TotalCost>
            <proc:NetProcurementP1>
                <proc:AllPriorYears>1184.295</proc:AllPriorYears>
                <proc:PriorYear>69.143</proc:PriorYear>
                <proc:CurrentYear>51.81</proc:CurrentYear>
                <proc:BudgetYearOneBase>50.549</proc:BudgetYearOneBase>
                <proc:BudgetYearOneOOC>0</proc:BudgetYearOneOOC>
                <proc:BudgetYearOne>50.549</proc:BudgetYearOne>
            </proc:NetProcurementP1>
            <proc:TotalObligationAuthority>
                <proc:AllPriorYears>1184.295</proc:AllPriorYears>
                <proc:PriorYear>69.143</proc:PriorYear>
                <proc:CurrentYear>51.81</proc:CurrentYear>
                <proc:BudgetYearOneBase>50.549</proc:BudgetYearOneBase>
                <proc:BudgetYearOneOOC>0</proc:BudgetYearOneOOC>
                <proc:BudgetYearOne>50.549</proc:BudgetYearOne>
            </proc:TotalObligationAuthority>
        </proc:ResourceSummary>
        <proc:Code>A</proc:Code>
        <proc:OtherRelatedProgramElementList>
            <proc:ProgramElementNumber>0206313M</proc:ProgramElementNumber>
            <proc:ProgramElementNumber>0506313M</proc:ProgramElementNumber>
        </proc:OtherRelatedProgramElementList>
        <proc:SecondaryDistribution>
            <proc:ComponentList>
                <proc:Component>
                    <proc:Name>Navy Active</proc:Name>
                    <proc:Cost>
                        <proc:TotalCost>
                            <proc:PriorYear>69.112</proc:PriorYear>
                            <proc:CurrentYear>51.778</proc:CurrentYear>
                            <proc:BudgetYearOneBase>50.516</proc:BudgetYearOneBase>
                            <proc:BudgetYearOne>50.516</proc:BudgetYearOne>
                        </proc:TotalCost>
                    </proc:Cost>
                </proc:Component>
                <proc:Component>
                    <proc:Name>Navy Reserve</proc:Name>
                    <proc:Cost>
                        <proc:TotalCost>
                            <proc:PriorYear>0.031</proc:PriorYear>
                            <proc:CurrentYear>0.032</proc:CurrentYear>
                            <proc:BudgetYearOneBase>0.033</proc:BudgetYearOneBase>
                            <proc:BudgetYearOne>0.033</proc:BudgetYearOne>
                        </proc:TotalCost>
                    </proc:Cost>
                </proc:Component>
            </proc:ComponentList>
            <proc:TotalCost>
                <proc:TotalCost>
                    <proc:PriorYear>69.143</proc:PriorYear>
                    <proc:CurrentYear>51.81</proc:CurrentYear>
                    <proc:BudgetYearOneBase>50.549</proc:BudgetYearOneBase>
                    <proc:BudgetYearOne>50.549</proc:BudgetYearOne>
                </proc:TotalCost>
            </proc:TotalCost>
        </proc:SecondaryDistribution>
        <proc:Description>Networking on the Move (NOTM) - NOTM is a critical CMC Force Design program, essential to achieving Force Design full operational capability (FOC) by 2030. NOTM is a critical enabler for "Command and Control (C2) in a Degraded Environment," a Force Design Line of Effort. NOTM enables persistence inside contested environments, and the conduct of sea denial operations as part of the Naval Expeditionary Force. NOTM achieves this by providing a state-of-the-art turn-key open architecture solution that enables forces to exercise C2 across operational domains - land, sea, air, and while transitioning between domains, by providing terrestrial line of sight and beyond line-of-sight satellite communication gateway services, and access to services and applications that enable forces to exercise C2 while transitioning between static and mobile positions. NOTM provides critical radio, voice, and C2 datalinks to key leaders in dynamic environments across multiple domains. The USMC has two NOTM programs, the NOTM Ground Combat Vehicle (NOTM-GCV), and the NOTM Airborne (NOTM-A) with requirements to field kits for the following platforms: NOTM-GCV variants include High Mobility Multipurpose Wheeled Vehicle (HMMWV), Joint Light Tactical Vehicle (JLTV), Amphibious Assault Vehicle (AAV), Amphibious Combat Vehicle - Command and Control variant (ACV-C), and Ultra-Light Tactical Vehicle (ULTV). NOTM-Air variants include systems for integration onto USMC KC-130J Hercules and MV-22 Osprey aircraft. One NOTM system for HMMWV, JLTV consists of three vehicles per system (1 Point of Presence (POP) and 2 Staff Vehicles). The HWWMV systems are being divested and will transition to JLTV system via JLTV retrofit kits. AAV variant consists of two vehicles per system (1 Point of Presence (POP) and 1 Staff Vehicles). The AAV hosted systems will be divested with the fielding of ACV-C hosted systems. ACV-C systems consist of one vehicle per system. Each NOTM system for ULTV consists of one vehicle per system. NOTM-A systems integrate onboard the KC-130J and MV-22 aircraft, providing an en route C2 capability for embarked forces. NOTM also supports Navy shipboard integration by installing NOTM Tactical Entry Point (TEP) Modem Kits (TMK) on Amphibious L-class ships to provide services to Marine Littoral Regiment (MLR) forces ashore. 

Handheld Command and Control (H2C2) - Provides the dismounted user at the tactical edge, handheld devices that provides integrated, on-the-move, secure, timely, and relevant Command &amp; Control/Situational Awareness (C2/SA) information to tactical combat, combat support and combat service support commanders, leaders, and key C2 nodes. H2C2 provides leaders with a capability for selecting, managing, and assimilating relevant data and information.  This allows them to pass orders and graphics that will provide the joint warfighter the capability to visualize the commander's intent and scheme of maneuver, and provide enhanced SA of friendly, reported enemy, neutral, and civilian entities.

United States Marine Corps Joint Battle Command-Platform (JBC-P) is currently fielded and in sustainment. The United States Army is leading efforts for the replacement capability, which is the Mission Command Transport (MMC-T) program which the Marine Corps will procure beginning in FY 2025.  MMC-T will provide the primary battlefield command and control situational awareness (C2/SA) capability for the Marine Corps through the procurement of a satellite-based tracking and communications system that will provide tactical input/output, digitized position location information, and situational awareness at the company and vehicle levels. The system consists of two separate variants: a mobile unit intended to be mounted on Marine Corps vehicles and a Tactical Operations Center (TOC) kit that will provide the command element with a full suite of blue force tracking capabilities within a combat operations center.  The transition to MMC-T directly supports command and control and situational awareness at the tactical edge and joint interoperability in accordance with Force Design 2030 objectives and strategic guidance.</proc:Description>
        <proc:Justification>FY 2026 Base Appropriation Request $50.549M ($50.516M Active; $0.033M Reserve):

Networking On the Move (NOTM): $38.502M ($38.469M Active; $0.033M Reserve) FY 2026 funding will support the production and fielding of NOTM-JLTV retrofit kits, the procurement of technical refresh kits to support the M-Code Global Positioning System (GPS), and continued procurement of Link-16 radios. The production and fielding of the NOTM-JLTV will assist in the modernization of the USMC vehicle fleet by enabling the divestment of HMMWV systems that currently host the NOTM capability. The M-code GPS will provide an improved, protected, and resilient position, timing, and navigation capability to both the communications systems of the NOTM and the Common Operational Picture reporting tools that aid in the battlespace awareness of the operational, theater and Joint Force Commander. The Link-16 capable radios, integrated into existing NOTM Ground Combat Vehicle, will provide direct access to maintain situational awareness of USMC, Joint, and Coalition aircraft and digitally prosecute fires missions directly with aircraft in accordance with Force Design objectives. The increase from FY 2025 to FY 2026 is related to the Electromagnetic Reconnaissance System (ERS), details held at a higher classification level.

Handheld Command and Control (H2C2): $2.906M (Active) FY 2026 funding supports procurement of required hardware associated with the tech refresh of end user devices and tablets as well as program support, kitting and fielding support. The decrease from FY 2025 to FY 2026 reflects reduced procurement of handheld device tech refresh.

Joint Battle Command-Platform (JBC-P): $9.141M (Active) FY 2026 funding reflects the Marine Corps' alignment with the Army to support interoperability in the Joint environment for the procurement of Mounted Mission Control - Transport (MMC-T), which is the JBC-P replacement. The transition to MMC-T directly supports command and control and situational awareness at the tactical edge and joint interoperability in accordance with Force Design 2030 objectives and strategic guidance. Additionally, FY 2026 funding procures critical hardware components to support the Marine Corps transition from the currently fielded JBC-P to MMC-T and upgrade of the transceivers and encryption devices to support the conversion of existing JBC-P systems to MMC-T. The minor increase from FY 2025 to FY 2026 is to continue the transition to the JBC-P replacement MMC-T.

The FY 2026 request was reduced by $3.079 million for Advisory and Assistance Services to promote efficiencies and advance the policies of the Administration in alignment with Executive Order 14222, "Implementing the President's Department of Government Efficiency Cost Efficiency Initiative."</proc:Justification>
        <proc:ItemExhibitList>
            <proc:P40AItemGroup>
                <proc:Name>Command Post Systems</proc:Name>
                <proc:CategoryList>
                    <proc:Category>
                        <proc:Name>1) NOTM</proc:Name>
                        <proc:ItemList>
                            <proc:Item>
                                <proc:Name footnote="NOTM Reserves Refresh: There is no significant change from FY 2025 to FY 2026.">1.1) NOTM Reserves Refresh</proc:Name>
                                <proc:IdCode>A</proc:IdCode>
                                <proc:ResourceSummary>
                                    <proc:TotalCost>
                                        <proc:AllPriorYears>0.096</proc:AllPriorYears>
                                        <proc:PriorYear>0.031</proc:PriorYear>
                                        <proc:CurrentYear>0.032</proc:CurrentYear>
                                        <proc:BudgetYearOneBase>0.033</proc:BudgetYearOneBase>
                                        <proc:BudgetYearOne>0.033</proc:BudgetYearOne>
                                    </proc:TotalCost>
                                </proc:ResourceSummary>
                            </proc:Item>
                            <proc:Item>
                                <proc:Name footnote="NOTM Program and Systems, Support, Fielding, &amp; Training: The decrease from FY 2025 to FY 2026 represents the completion of NOTM-GCV, ACV-C, and ULTV fielding.">1.2) NOTM Program and Systems, Support, Fielding, &amp; Training</proc:Name>
                                <proc:IdCode>A</proc:IdCode>
                                <proc:ResourceSummary>
                                    <proc:TotalCost>
                                        <proc:AllPriorYears>56.225</proc:AllPriorYears>
                                        <proc:PriorYear>3.192</proc:PriorYear>
                                        <proc:CurrentYear>3.25</proc:CurrentYear>
                                        <proc:BudgetYearOneBase>0.695</proc:BudgetYearOneBase>
                                        <proc:BudgetYearOne>0.695</proc:BudgetYearOne>
                                    </proc:TotalCost>
                                </proc:ResourceSummary>
                            </proc:Item>
                            <proc:Item>
                                <proc:Name footnote="NOTM System Refresh and Retrofits: The increase from FY 2025 to FY 2026 reflects the initial procurement NOTM-GCV technical refresh for laptops, network equipment, user devices, and the M-Code Global Positioning capability to be incorporated into the existing fielded and new NOTM ground and airborne systems.">1.3) NOTM System Refresh and Retrofits</proc:Name>
                                <proc:IdCode>A</proc:IdCode>
                                <proc:ResourceSummary>
                                    <proc:TotalCost>
                                        <proc:AllPriorYears>142.062</proc:AllPriorYears>
                                        <proc:PriorYear>9.684</proc:PriorYear>
                                        <proc:CurrentYear>8.514</proc:CurrentYear>
                                        <proc:BudgetYearOneBase>11.985</proc:BudgetYearOneBase>
                                        <proc:BudgetYearOne>11.985</proc:BudgetYearOne>
                                    </proc:TotalCost>
                                </proc:ResourceSummary>
                            </proc:Item>
                            <proc:Item>
                                <proc:Name footnote="NOTM Enhanced Capabilities: The decrease from FY 2025 to FY 2026 reflects the completion of X-Band feed kit procurements for NOTM-JLTV systems and the continued procurement of the Link-16 capability.">1.4) NOTM Enhanced Capabilities</proc:Name>
                                <proc:IdCode>A</proc:IdCode>
                                <proc:ResourceSummary>
                                    <proc:TotalCost>
                                        <proc:PriorYear>16.704</proc:PriorYear>
                                        <proc:CurrentYear>17.403</proc:CurrentYear>
                                        <proc:BudgetYearOneBase>11.155</proc:BudgetYearOneBase>
                                        <proc:BudgetYearOne>11.155</proc:BudgetYearOne>
                                    </proc:TotalCost>
                                </proc:ResourceSummary>
                            </proc:Item>
                            <proc:Item>
                                <proc:Name footnote="NOTM Ground Combat Vehicles (GCV) Ultra-Light Tactical Vehicle (ULTV) Systems: No change from FY 2025 to FY 2026.">1.5) NOTM Ground Combat Vehicles (GCV) Ultra-Light Tactical Vehicle Systems</proc:Name>
                                <proc:IdCode>A</proc:IdCode>
                                <proc:ResourceSummary>
                                    <proc:Quantity>
                                        <proc:AllPriorYears>17</proc:AllPriorYears>
                                        <proc:PriorYear>15</proc:PriorYear>
                                    </proc:Quantity>
                                    <proc:TotalCost>
                                        <proc:AllPriorYears>14.38</proc:AllPriorYears>
                                        <proc:PriorYear>14.705</proc:PriorYear>
                                    </proc:TotalCost>
                                    <proc:UnitCost>
                                        <proc:AllPriorYears>845882.35</proc:AllPriorYears>
                                        <proc:PriorYear>980320</proc:PriorYear>
                                    </proc:UnitCost>
                                </proc:ResourceSummary>
                                <proc:ManufacturerList>
                                    <proc:Manufacturer>
                                        <proc:Name>DLA</proc:Name>
                                        <proc:Location>DLA, Phil, PA</proc:Location>
                                        <proc:MinimumSustainingRate>0</proc:MinimumSustainingRate>
                                        <proc:MaximumProductionRate>TBD</proc:MaximumProductionRate>
                                        <proc:Rate185>0</proc:Rate185>
                                        <proc:InitialQuantity>
                                            <proc:AdminLeadTimeBeforeOct1InMonths>0</proc:AdminLeadTimeBeforeOct1InMonths>
                                            <proc:AdminLeadTimeAfterOct1InMonths>0</proc:AdminLeadTimeAfterOct1InMonths>
                                            <proc:ProductionLeadTimeAfterOct1InMonths>0</proc:ProductionLeadTimeAfterOct1InMonths>
                                            <proc:TotalLeadTimeAfterOct1InMonths>0</proc:TotalLeadTimeAfterOct1InMonths>
                                        </proc:InitialQuantity>
                                        <proc:ReorderQuantity>
                                            <proc:AdminLeadTimeBeforeOct1InMonths>0</proc:AdminLeadTimeBeforeOct1InMonths>
                                            <proc:AdminLeadTimeAfterOct1InMonths>0</proc:AdminLeadTimeAfterOct1InMonths>
                                            <proc:ProductionLeadTimeAfterOct1InMonths>0</proc:ProductionLeadTimeAfterOct1InMonths>
                                            <proc:TotalLeadTimeAfterOct1InMonths>0</proc:TotalLeadTimeAfterOct1InMonths>
                                        </proc:ReorderQuantity>
                                        <proc:HistoryPlanningList>
                                            <proc:HistoryPlanning>
                                                <proc:FiscalYear>2022</proc:FiscalYear>
                                                <proc:PCOLocation>Philadelphia, PA</proc:PCOLocation>
                                                <proc:AwardDate>2022-01</proc:AwardDate>
                                                <proc:FirstDeliveryDate>2022-07</proc:FirstDeliveryDate>
                                                <proc:Quantity>7</proc:Quantity>
                                                <proc:UnitCost>845923.08</proc:UnitCost>
                                                <proc:SpecsAvailableNow>true</proc:SpecsAvailableNow>
                                                <proc:ContractMethod>C</proc:ContractMethod>
                                                <proc:ContractType>FFP</proc:ContractType>
                                                <proc:MonthlyDeliveryScheduleList>
                                                    <proc:MonthlyDeliverySchedule>
                                                        <proc:ServiceAgencyName>Navy</proc:ServiceAgencyName>
                                                        <proc:ProcQuantity>7</proc:ProcQuantity>
                                                        <proc:MonthlyDeliveryList>
                                                            <proc:MonthlyDelivery>
                                                                <proc:Month>2022-07</proc:Month>
                                                                <proc:Amount>7</proc:Amount>
                                                            </proc:MonthlyDelivery>
                                                        </proc:MonthlyDeliveryList>
                                                    </proc:MonthlyDeliverySchedule>
                                                </proc:MonthlyDeliveryScheduleList>
                                            </proc:HistoryPlanning>
                                            <proc:HistoryPlanning>
                                                <proc:FiscalYear>2023</proc:FiscalYear>
                                                <proc:PCOLocation>Philadelphia, PA</proc:PCOLocation>
                                                <proc:AwardDate>2023-01</proc:AwardDate>
                                                <proc:FirstDeliveryDate>2023-07</proc:FirstDeliveryDate>
                                                <proc:Quantity>10</proc:Quantity>
                                                <proc:UnitCost>845923.08</proc:UnitCost>
                                                <proc:SpecsAvailableNow>false</proc:SpecsAvailableNow>
                                                <proc:RevisionsAvailableDate>2023-06</proc:RevisionsAvailableDate>
                                                <proc:ContractMethod>C</proc:ContractMethod>
                                                <proc:ContractType>FFP</proc:ContractType>
                                                <proc:MonthlyDeliveryScheduleList>
                                                    <proc:MonthlyDeliverySchedule>
                                                        <proc:ServiceAgencyName>Navy</proc:ServiceAgencyName>
                                                        <proc:ProcQuantity>10</proc:ProcQuantity>
                                                        <proc:MonthlyDeliveryList>
                                                            <proc:MonthlyDelivery>
                                                                <proc:Month>2023-07</proc:Month>
                                                                <proc:Amount>10</proc:Amount>
                                                            </proc:MonthlyDelivery>
                                                        </proc:MonthlyDeliveryList>
                                                    </proc:MonthlyDeliverySchedule>
                                                </proc:MonthlyDeliveryScheduleList>
                                            </proc:HistoryPlanning>
                                            <proc:HistoryPlanning>
                                                <proc:FiscalYear>2024</proc:FiscalYear>
                                                <proc:PCOLocation>Philadelphia, PA</proc:PCOLocation>
                                                <proc:AwardDate>2024-03</proc:AwardDate>
                                                <proc:FirstDeliveryDate>2024-09</proc:FirstDeliveryDate>
                                                <proc:Quantity>15</proc:Quantity>
                                                <proc:UnitCost>980320.00</proc:UnitCost>
                                                <proc:SpecsAvailableNow>false</proc:SpecsAvailableNow>
                                                <proc:RevisionsAvailableDate>2024-06</proc:RevisionsAvailableDate>
                                                <proc:ContractMethod>C</proc:ContractMethod>
                                                <proc:ContractType>FFP</proc:ContractType>
                                                <proc:MonthlyDeliveryScheduleList>
                                                    <proc:MonthlyDeliverySchedule>
                                                        <proc:ServiceAgencyName>Navy</proc:ServiceAgencyName>
                                                        <proc:ProcQuantity>15</proc:ProcQuantity>
                                                        <proc:MonthlyDeliveryList>
                                                            <proc:MonthlyDelivery>
                                                                <proc:Month>2024-09</proc:Month>
                                                                <proc:Amount>15</proc:Amount>
                                                            </proc:MonthlyDelivery>
                                                        </proc:MonthlyDeliveryList>
                                                    </proc:MonthlyDeliverySchedule>
                                                </proc:MonthlyDeliveryScheduleList>
                                            </proc:HistoryPlanning>
                                        </proc:HistoryPlanningList>
                                    </proc:Manufacturer>
                                </proc:ManufacturerList>
                            </proc:Item>
                            <proc:Item>
                                <proc:Name footnote="NOTM Amphibious Combat Vehicle (ACV) Systems: No change from FY 2025 to FY 2026.">1.6) NOTM  Amphibious Combat Vehicle (ACV) Systems</proc:Name>
                                <proc:IdCode>A</proc:IdCode>
                                <proc:ResourceSummary>
                                    <proc:Quantity>
                                        <proc:AllPriorYears>10</proc:AllPriorYears>
                                        <proc:PriorYear>9</proc:PriorYear>
                                    </proc:Quantity>
                                    <proc:TotalCost>
                                        <proc:AllPriorYears>11.861</proc:AllPriorYears>
                                        <proc:PriorYear>10.675</proc:PriorYear>
                                    </proc:TotalCost>
                                    <proc:UnitCost>
                                        <proc:AllPriorYears>1186100</proc:AllPriorYears>
                                        <proc:PriorYear>1186110</proc:PriorYear>
                                    </proc:UnitCost>
                                </proc:ResourceSummary>
                                <proc:ManufacturerList>
                                    <proc:Manufacturer>
                                        <proc:Name>DLA</proc:Name>
                                        <proc:Location>DLA, Phil, PA</proc:Location>
                                        <proc:MinimumSustainingRate>0</proc:MinimumSustainingRate>
                                        <proc:MaximumProductionRate>TBD</proc:MaximumProductionRate>
                                        <proc:Rate185>10</proc:Rate185>
                                        <proc:InitialQuantity>
                                            <proc:AdminLeadTimeBeforeOct1InMonths>0</proc:AdminLeadTimeBeforeOct1InMonths>
                                            <proc:AdminLeadTimeAfterOct1InMonths>0</proc:AdminLeadTimeAfterOct1InMonths>
                                            <proc:ProductionLeadTimeAfterOct1InMonths>6</proc:ProductionLeadTimeAfterOct1InMonths>
                                            <proc:TotalLeadTimeAfterOct1InMonths>6</proc:TotalLeadTimeAfterOct1InMonths>
                                        </proc:InitialQuantity>
                                        <proc:ReorderQuantity>
                                            <proc:AdminLeadTimeBeforeOct1InMonths>0</proc:AdminLeadTimeBeforeOct1InMonths>
                                            <proc:AdminLeadTimeAfterOct1InMonths>0</proc:AdminLeadTimeAfterOct1InMonths>
                                            <proc:ProductionLeadTimeAfterOct1InMonths>0</proc:ProductionLeadTimeAfterOct1InMonths>
                                            <proc:TotalLeadTimeAfterOct1InMonths>0</proc:TotalLeadTimeAfterOct1InMonths>
                                        </proc:ReorderQuantity>
                                        <proc:HistoryPlanningList>
                                            <proc:HistoryPlanning>
                                                <proc:FiscalYear>2023</proc:FiscalYear>
                                                <proc:PCOLocation>Philadelphia, PA</proc:PCOLocation>
                                                <proc:AwardDate>2023-01</proc:AwardDate>
                                                <proc:FirstDeliveryDate>2023-07</proc:FirstDeliveryDate>
                                                <proc:Quantity>10</proc:Quantity>
                                                <proc:UnitCost>1186110.00</proc:UnitCost>
                                                <proc:SpecsAvailableNow>false</proc:SpecsAvailableNow>
                                                <proc:RevisionsAvailableDate>2023-01</proc:RevisionsAvailableDate>
                                                <proc:ContractMethod>C</proc:ContractMethod>
                                                <proc:ContractType>FFP</proc:ContractType>
                                                <proc:MonthlyDeliveryScheduleList>
                                                    <proc:MonthlyDeliverySchedule>
                                                        <proc:ServiceAgencyName>Navy</proc:ServiceAgencyName>
                                                        <proc:ProcQuantity>10</proc:ProcQuantity>
                                                        <proc:MonthlyDeliveryList>
                                                            <proc:MonthlyDelivery>
                                                                <proc:Month>2023-07</proc:Month>
                                                                <proc:Amount>10</proc:Amount>
                                                            </proc:MonthlyDelivery>
                                                        </proc:MonthlyDeliveryList>
                                                    </proc:MonthlyDeliverySchedule>
                                                </proc:MonthlyDeliveryScheduleList>
                                            </proc:HistoryPlanning>
                                            <proc:HistoryPlanning>
                                                <proc:FiscalYear>2024</proc:FiscalYear>
                                                <proc:PCOLocation>Philadelphia, PA</proc:PCOLocation>
                                                <proc:AwardDate>2024-03</proc:AwardDate>
                                                <proc:FirstDeliveryDate>2024-09</proc:FirstDeliveryDate>
                                                <proc:Quantity>9</proc:Quantity>
                                                <proc:UnitCost>1186110.00</proc:UnitCost>
                                                <proc:SpecsAvailableNow>false</proc:SpecsAvailableNow>
                                                <proc:RevisionsAvailableDate>2024-01</proc:RevisionsAvailableDate>
                                                <proc:ContractMethod>C</proc:ContractMethod>
                                                <proc:ContractType>FFP</proc:ContractType>
                                                <proc:MonthlyDeliveryScheduleList>
                                                    <proc:MonthlyDeliverySchedule>
                                                        <proc:ServiceAgencyName>Navy</proc:ServiceAgencyName>
                                                        <proc:ProcQuantity>9</proc:ProcQuantity>
                                                        <proc:MonthlyDeliveryList>
                                                            <proc:MonthlyDelivery>
                                                                <proc:Month>2024-09</proc:Month>
                                                                <proc:Amount>9</proc:Amount>
                                                            </proc:MonthlyDelivery>
                                                        </proc:MonthlyDeliveryList>
                                                    </proc:MonthlyDeliverySchedule>
                                                </proc:MonthlyDeliveryScheduleList>
                                            </proc:HistoryPlanning>
                                        </proc:HistoryPlanningList>
                                    </proc:Manufacturer>
                                </proc:ManufacturerList>
                            </proc:Item>
                            <proc:Item>
                                <proc:Name footnote="Details related to this program are available at a higher classification level.">1.7) ERS Systems</proc:Name>
                                <proc:IdCode>A</proc:IdCode>
                                <proc:ResourceSummary>
                                    <proc:TotalCost>
                                        <proc:AllPriorYears>2.76</proc:AllPriorYears>
                                        <proc:PriorYear>4.185</proc:PriorYear>
                                        <proc:CurrentYear>4.185</proc:CurrentYear>
                                        <proc:BudgetYearOneBase>13.634</proc:BudgetYearOneBase>
                                        <proc:BudgetYearOne>13.634</proc:BudgetYearOne>
                                    </proc:TotalCost>
                                </proc:ResourceSummary>
                            </proc:Item>
                            <proc:Item>
                                <proc:Name footnote="NOTM Airborne Modification Kits: The increase from FY 2025 to FY 2026 reflects technical refresh of NOTM-A laptops, network equipment, and user devices.">1.8) NOTM Airborne Modification Kits</proc:Name>
                                <proc:IdCode>A</proc:IdCode>
                                <proc:ResourceSummary>
                                    <proc:TotalCost>
                                        <proc:PriorYear>0.527</proc:PriorYear>
                                        <proc:BudgetYearOneBase>1</proc:BudgetYearOneBase>
                                        <proc:BudgetYearOne>1</proc:BudgetYearOne>
                                    </proc:TotalCost>
                                </proc:ResourceSummary>
                            </proc:Item>
                        </proc:ItemList>
                        <proc:CategorySubtotal>
                            <proc:TotalCost>
                                <proc:AllPriorYears>227.384</proc:AllPriorYears>
                                <proc:PriorYear>59.703</proc:PriorYear>
                                <proc:CurrentYear>33.384</proc:CurrentYear>
                                <proc:BudgetYearOneBase>38.502</proc:BudgetYearOneBase>
                                <proc:BudgetYearOne>38.502</proc:BudgetYearOne>
                            </proc:TotalCost>
                        </proc:CategorySubtotal>
                    </proc:Category>
                    <proc:Category>
                        <proc:Name>2) Prior Year Cumulative Funding</proc:Name>
                        <proc:ItemList>
                            <proc:Item>
                                <proc:Name>2.1) Prior Year Cumulative Funding</proc:Name>
                                <proc:IdCode>A</proc:IdCode>
                                <proc:ResourceSummary>
                                    <proc:TotalCost>
                                        <proc:AllPriorYears>941.566</proc:AllPriorYears>
                                    </proc:TotalCost>
                                </proc:ResourceSummary>
                            </proc:Item>
                        </proc:ItemList>
                        <proc:CategorySubtotal>
                            <proc:TotalCost>
                                <proc:AllPriorYears>941.566</proc:AllPriorYears>
                            </proc:TotalCost>
                        </proc:CategorySubtotal>
                    </proc:Category>
                    <proc:Category>
                        <proc:Name>3) H2C2</proc:Name>
                        <proc:ItemList>
                            <proc:Item>
                                <proc:Name footnote="H2C2 Tech Refresh: The decrease in funding from FY 2025 to FY 2026 reflects reduced procurement of handheld device tech refresh.">3.1) Tech Refresh</proc:Name>
                                <proc:IdCode>A</proc:IdCode>
                                <proc:ResourceSummary>
                                    <proc:TotalCost>
                                        <proc:AllPriorYears>15.345</proc:AllPriorYears>
                                        <proc:PriorYear>7.84</proc:PriorYear>
                                        <proc:CurrentYear>7.843</proc:CurrentYear>
                                        <proc:BudgetYearOneBase>1.226</proc:BudgetYearOneBase>
                                        <proc:BudgetYearOne>1.226</proc:BudgetYearOne>
                                    </proc:TotalCost>
                                </proc:ResourceSummary>
                            </proc:Item>
                            <proc:Item>
                                <proc:Name footnote="H2C2 Program Support Kitting and Fielding: No significant change from FY 2025 to FY 2026.">3.2) H2C2 Program Support, Kitting and Fielding</proc:Name>
                                <proc:IdCode>A</proc:IdCode>
                                <proc:ResourceSummary>
                                    <proc:TotalCost>
                                        <proc:PriorYear>1.6</proc:PriorYear>
                                        <proc:CurrentYear>1.6</proc:CurrentYear>
                                        <proc:BudgetYearOneBase>1.68</proc:BudgetYearOneBase>
                                        <proc:BudgetYearOne>1.68</proc:BudgetYearOne>
                                    </proc:TotalCost>
                                </proc:ResourceSummary>
                            </proc:Item>
                        </proc:ItemList>
                        <proc:CategorySubtotal>
                            <proc:TotalCost>
                                <proc:AllPriorYears>15.345</proc:AllPriorYears>
                                <proc:PriorYear>9.44</proc:PriorYear>
                                <proc:CurrentYear>9.443</proc:CurrentYear>
                                <proc:BudgetYearOneBase>2.906</proc:BudgetYearOneBase>
                                <proc:BudgetYearOne>2.906</proc:BudgetYearOne>
                            </proc:TotalCost>
                        </proc:CategorySubtotal>
                    </proc:Category>
                    <proc:Category>
                        <proc:Name footnote="Joint Battle Command-Platform (JBC-P): $9.149M FY 2026 increase of funds the Marine Corps alignment with the Army to support interoperability in the Joint environment for the procurement of Mounted Mission Control - Transport (MMC-T), which is the JBC-P replacement. The transition to MMC-T directly supports command and control and situational awareness at the tactical edge and joint interoperability in accordance with Force Design 2030 objectives and strategic guidance. This funding is for critical hardware components to support the Marine Corps transition from the currently fielded JBC-P to MMC-T to upgrade the transceivers and encryption devices to support the conversion of existing JBC-P systems to MMC-T.">4) Joint Battle Command - Platform (JBC-P)</proc:Name>
                        <proc:ItemList>
                            <proc:Item>
                                <proc:Name footnote="Mounted Mission Command-Transport (MMC-T): FY 2026 funding reflects the procurement of hardware components to support the Marine Corps transition from the currently fielded Joint Battle Command-Platform (JBC-P) program to Mounted Mission Command Transport (MMC-T) for required upgraded transceivers and encryption devices to support the conversion of existing JBC-P systems to MMC-T. MMC-T will provide the primary battlefield command and control situational awareness (C2/SA) capability for the Marine Corps. MMC-T is an Army-led effort to replace the legacy JBC-P program. The Marine Corps is in alignment with the Army to support interoperability in the Joint environment. No significant change from FY 2025 to FY 2026.">4.1) Mounted Mission Command-Transport (MMC-T)</proc:Name>
                                <proc:IdCode>A</proc:IdCode>
                                <proc:ResourceSummary>
                                    <proc:TotalCost>
                                        <proc:CurrentYear>8.983</proc:CurrentYear>
                                        <proc:BudgetYearOneBase>9.141</proc:BudgetYearOneBase>
                                        <proc:BudgetYearOne>9.141</proc:BudgetYearOne>
                                    </proc:TotalCost>
                                </proc:ResourceSummary>
                            </proc:Item>
                        </proc:ItemList>
                        <proc:CategorySubtotal>
                            <proc:TotalCost>
                                <proc:AllPriorYears>0</proc:AllPriorYears>
                                <proc:CurrentYear>8.983</proc:CurrentYear>
                                <proc:BudgetYearOneBase>9.141</proc:BudgetYearOneBase>
                                <proc:BudgetYearOne>9.141</proc:BudgetYearOne>
                            </proc:TotalCost>
                        </proc:CategorySubtotal>
                    </proc:Category>
                </proc:CategoryList>
                <proc:TotalCost>
                    <proc:TotalCost>
                        <proc:AllPriorYears>1184.295</proc:AllPriorYears>
                        <proc:PriorYear>69.143</proc:PriorYear>
                        <proc:CurrentYear>51.81</proc:CurrentYear>
                        <proc:BudgetYearOneBase>50.549</proc:BudgetYearOneBase>
                        <proc:BudgetYearOne>50.549</proc:BudgetYearOne>
                    </proc:TotalCost>
                </proc:TotalCost>
            </proc:P40AItemGroup>
        </proc:ItemExhibitList>
        <proc:DocumentAssemblyOptions>
            <proc:p40AItemScheduleSetting>total</proc:p40AItemScheduleSetting>
        </proc:DocumentAssemblyOptions>
    </proc:LineItem>
</proc:LineItemList>