<?xml version="1.0" encoding="UTF-8"?>
<proc:LineItemList xmlns:proc="http://www.dtic.mil/comptroller/xml/schema/20100219/procurement">
    <proc:LineItem quantityUnits="Each" unitCostUnits="Dollars" totalCostUnits="Millions" manufacturerRateUnits="Yearly" suppressOutfittingDeliveryBY2ToBY5="true">
        <proc:LineItemNumber>4634</proc:LineItemNumber>
        <proc:LineItemTitle>Comm Switching &amp; Control Systems</proc:LineItemTitle>
        <proc:P1LineNumber>44</proc:P1LineNumber>
        <proc:BudgetYear>2026</proc:BudgetYear>
        <proc:BudgetCycle>PB</proc:BudgetCycle>
        <proc:SubmissionDate>2025-06</proc:SubmissionDate>
        <proc:ServiceAgencyName>Navy</proc:ServiceAgencyName>
        <proc:AppropriationNumber>1109N</proc:AppropriationNumber>
        <proc:AppropriationTitle>Procurement, Marine Corps</proc:AppropriationTitle>
        <proc:BudgetActivityNumber>4</proc:BudgetActivityNumber>
        <proc:BudgetActivityTitle>Communications and Electronics Equipment</proc:BudgetActivityTitle>
        <proc:BudgetSubActivityNumber>19</proc:BudgetSubActivityNumber>
        <proc:BudgetSubActivityTitle>Other Support (Non-Tel)</proc:BudgetSubActivityTitle>
        <proc:ResourceSummary>
            <proc:TotalCost>
                <proc:AllPriorYears>580.606</proc:AllPriorYears>
                <proc:PriorYear>46.276</proc:PriorYear>
                <proc:CurrentYear>39.39</proc:CurrentYear>
                <proc:BudgetYearOneBase>100.712</proc:BudgetYearOneBase>
                <proc:BudgetYearOneOOC>0</proc:BudgetYearOneOOC>
                <proc:BudgetYearOne>100.712</proc:BudgetYearOne>
            </proc:TotalCost>
            <proc:NetProcurementP1>
                <proc:AllPriorYears>580.606</proc:AllPriorYears>
                <proc:PriorYear>46.276</proc:PriorYear>
                <proc:CurrentYear>39.39</proc:CurrentYear>
                <proc:BudgetYearOneBase>100.712</proc:BudgetYearOneBase>
                <proc:BudgetYearOneOOC>0</proc:BudgetYearOneOOC>
                <proc:BudgetYearOne>100.712</proc:BudgetYearOne>
            </proc:NetProcurementP1>
            <proc:TotalObligationAuthority>
                <proc:AllPriorYears>580.606</proc:AllPriorYears>
                <proc:PriorYear>46.276</proc:PriorYear>
                <proc:CurrentYear>39.39</proc:CurrentYear>
                <proc:BudgetYearOneBase>100.712</proc:BudgetYearOneBase>
                <proc:BudgetYearOneOOC>0</proc:BudgetYearOneOOC>
                <proc:BudgetYearOne>100.712</proc:BudgetYearOne>
            </proc:TotalObligationAuthority>
        </proc:ResourceSummary>
        <proc:Code>A</proc:Code>
        <proc:OtherRelatedProgramElementList>
            <proc:ProgramElementNumber>0206313M</proc:ProgramElementNumber>
            <proc:ProgramElementNumber>0506313M</proc:ProgramElementNumber>
        </proc:OtherRelatedProgramElementList>
        <proc:SecondaryDistribution>
            <proc:ComponentList>
                <proc:Component>
                    <proc:Name>Navy Active</proc:Name>
                    <proc:Cost>
                        <proc:TotalCost>
                            <proc:PriorYear>41.227</proc:PriorYear>
                            <proc:CurrentYear>39.097</proc:CurrentYear>
                            <proc:BudgetYearOneBase>100.409</proc:BudgetYearOneBase>
                            <proc:BudgetYearOne>100.409</proc:BudgetYearOne>
                        </proc:TotalCost>
                    </proc:Cost>
                </proc:Component>
                <proc:Component>
                    <proc:Name>Navy Reserve</proc:Name>
                    <proc:Cost>
                        <proc:TotalCost>
                            <proc:PriorYear>5.049</proc:PriorYear>
                            <proc:CurrentYear>0.293</proc:CurrentYear>
                            <proc:BudgetYearOneBase>0.303</proc:BudgetYearOneBase>
                            <proc:BudgetYearOne>0.303</proc:BudgetYearOne>
                        </proc:TotalCost>
                    </proc:Cost>
                </proc:Component>
            </proc:ComponentList>
            <proc:TotalCost>
                <proc:TotalCost>
                    <proc:PriorYear>46.276</proc:PriorYear>
                    <proc:CurrentYear>39.39</proc:CurrentYear>
                    <proc:BudgetYearOneBase>100.712</proc:BudgetYearOneBase>
                    <proc:BudgetYearOne>100.712</proc:BudgetYearOne>
                </proc:TotalCost>
            </proc:TotalCost>
        </proc:SecondaryDistribution>
        <proc:Description>Communications Security (COMSEC): The USMC COMSEC Commodities Management Office (CSCMO) provides support for installations and designated acquisition program COMSEC requirements, intermediate logistics, and configuration management. COMSEC provides support for Protected Secure Voice and Data transmissions, Key Management Infrastructure (KMI), the National Security Agency (NSA) directed Cryptographic Modernization of the COMSEC infrastructure, Installations (base, posts, and station), and platforms. COMSEC CMO ensures the protection of Marine Corps and Joint cyberspace systems from exploitation and attack. Cyberspace systems include wired and wireless telecommunications systems, Information Technology (IT) systems, and the content processed, stored, or transmitted therein.  Rapid changes in the underlying commercial and government cyber infrastructures makes cyber security an increasingly complex and dynamic problem. CSCMO provides the Warfighter the essential information trust characteristics of availability, confidentiality, integrity, authentication, and non-repudiation.

Joint Communications Support Element (JCSE): Joint Communications Support Element (JCSE), headquartered at MacDill Air Force Base, Florida, rapidly delivers secure, reliable, and scalable command, control, communications, and computer capabilities (C4) ranging from small mobile team missions to full Joint task force headquarters (JTF HQ) deployments.

Combat Data Network (CDN): The CDN provides a modular, integrated and interoperable suite of deployable network infrastructure equipment that facilitates network hosting, routing and switching capability across all tactical echelons of the Marine Air-Ground Task Force (MAGTF). CDN enables Non-secure Internet Protocol Router Network (NIPRNet), Secret Internet Protocol Router Network (SIPRNet) and coalition network enclaves and serves as the hardware component responsible for hosting the Marine Corps tactical cloud (Common Hosting Environment (CHE)). The CHE tactical cloud hosts warfighting applications and services that support Command and Control (C2) at the tactical edge. The CDN bridges the gap between current capabilities and the future of the tactical data communications systems, Operational Command Post (OCP). OCP introduces several critical new capabilities to support the force and to improve command and control and situational awareness in a contested communications environment. These materiel solutions will further enhance current cybersecurity resiliency, provide greater kill chain and kill web facilitation and enhancements, expand tactical connections, and provide critical user interface upgrades to increase the speed of information and command post efficiency. New capabilities include the following items: NIPRNet and SIPRNet wireless capabilities, Cross Domain Solutions, enhanced tactical connections (via Radio over Internet Protocol (RoIP) and 5G cellular), upgraded audiovisual equipment, tactical chat enhancements, and the ability to host Artificial Intelligence and Machine Learning (AI/ML) enabled applications.</proc:Description>
        <proc:Justification>FY 2026 Base Appropriation Request $100.712M ($100.409M Active; $0.303M Reserve):

COMSEC: $0.452M ($0.159M Active, $0.293M Reserve). FY 2026 Base and Reserve funding supports Engineering Change Proposal upgrades to currently fielded assets, Simple Key Loader refresh fielding, procurement of replacement equipment, ancillary devices, and program support for product verification and validation testing.

JCSE: $0.512M ($0.502M Active, $0.010M Reserve). FY 2026 Base and Reserve funding procures capabilities for narrowband, wide band and protected satellite communications (SATCOM) terminals and systems, tactical radios, terrestrial communications systems, and satellite hubs. 

CDN: $99.748M (Active). FY 2026 funding supports continued procurement of Operational Command Post (OCP) and the Combat Data Network (CDN) Network Equipment. Cost Element 3.1 (Fielding/Kitting/Training) funds will support acquisition, logistics, manpower support, personnel, and training analysis as well as training plan development and associated support. Cost Element 3.2 (CDN Network Equipment) provides continuation of CDN network equipment (servers, routers, and switches) upgrades required to maintain security posture and mitigate cybersecurity threats. Cost Element 3.3 (Operational Command Post) will provide OCP Capabilities such as NIPRNet/SIPRNet wireless, tactical chat enhancements, tactical connections to 5G cellular infrastructure to increase bandwidth, kill chain and kill web facilitation and enhancements, updated cyber-resilient initiatives, intuitive graphic user interfaces (GUIs) for commander's situational awareness, and updated audio-visual equipment and software to increase the speed of information and command post efficiency. The stand-alone capability of CDN and OCP directly supports the concept of small, tactical Marine formations conducting Expeditionary Advanced Base Operations. The increase from FY 2025 to FY 2026 is due to Program Office Support continuing the procurement of Fielding/Kitting/Training of Operational Command Post - Light (OCP-L) variant and the Combat Data Network (CDN) Network Equipment Refresh to support OCP-L.

The FY 2026 request was reduced by $0.597 million for Advisory and Assistance Services to promote efficiencies and advance the policies of the Administration in alignment with Executive Order 14222, "Implementing the President's Department of Government Efficiency Cost Efficiency Initiative."</proc:Justification>
        <proc:ItemExhibitList>
            <proc:P40AItemGroup>
                <proc:Name>Comm Switching &amp; Control Systems</proc:Name>
                <proc:CategoryList>
                    <proc:Category>
                        <proc:Name>1) Communications Security (COMSEC)</proc:Name>
                        <proc:ItemList>
                            <proc:Item>
                                <proc:Name footnote="Program/Production Support: No significant change from FY 2025 to FY 2026.">1.1) Program/Production Support</proc:Name>
                                <proc:IdCode>A</proc:IdCode>
                                <proc:ResourceSummary>
                                    <proc:TotalCost>
                                        <proc:AllPriorYears>1.434</proc:AllPriorYears>
                                        <proc:PriorYear>0.145</proc:PriorYear>
                                        <proc:CurrentYear>0.094</proc:CurrentYear>
                                        <proc:BudgetYearOneBase>0.098</proc:BudgetYearOneBase>
                                        <proc:BudgetYearOne>0.098</proc:BudgetYearOne>
                                    </proc:TotalCost>
                                </proc:ResourceSummary>
                            </proc:Item>
                            <proc:Item>
                                <proc:Name footnote="COMSEC Hardware: No significant change from FY 2025 to FY 2026.">1.2) COMSEC Hardware</proc:Name>
                                <proc:IdCode>A</proc:IdCode>
                                <proc:ResourceSummary>
                                    <proc:TotalCost>
                                        <proc:AllPriorYears>13.04</proc:AllPriorYears>
                                        <proc:PriorYear>0.108</proc:PriorYear>
                                        <proc:CurrentYear>0.064</proc:CurrentYear>
                                        <proc:BudgetYearOneBase>0.066</proc:BudgetYearOneBase>
                                        <proc:BudgetYearOne>0.066</proc:BudgetYearOne>
                                    </proc:TotalCost>
                                </proc:ResourceSummary>
                            </proc:Item>
                            <proc:Item>
                                <proc:Name footnote="COMSEC Hardware (Reserve): No significant change from FY 2025 to FY 2026.">1.3) COMSEC Hardware (Reserve)</proc:Name>
                                <proc:IdCode>A</proc:IdCode>
                                <proc:ResourceSummary>
                                    <proc:TotalCost>
                                        <proc:AllPriorYears>1.752</proc:AllPriorYears>
                                        <proc:PriorYear>0.281</proc:PriorYear>
                                        <proc:CurrentYear>0.284</proc:CurrentYear>
                                        <proc:BudgetYearOneBase>0.288</proc:BudgetYearOneBase>
                                        <proc:BudgetYearOne>0.288</proc:BudgetYearOne>
                                    </proc:TotalCost>
                                </proc:ResourceSummary>
                            </proc:Item>
                        </proc:ItemList>
                        <proc:CategorySubtotal>
                            <proc:TotalCost>
                                <proc:AllPriorYears>16.226</proc:AllPriorYears>
                                <proc:PriorYear>0.534</proc:PriorYear>
                                <proc:CurrentYear>0.442</proc:CurrentYear>
                                <proc:BudgetYearOneBase>0.452</proc:BudgetYearOneBase>
                                <proc:BudgetYearOne>0.452</proc:BudgetYearOne>
                            </proc:TotalCost>
                        </proc:CategorySubtotal>
                    </proc:Category>
                    <proc:Category>
                        <proc:Name>2) Joint Communications Support Equipment (JCSE)</proc:Name>
                        <proc:ItemList>
                            <proc:Item>
                                <proc:Name footnote="USMC Contribution to JCSE (Reserve): No significant change from FY 2025 to FY 2026.">2.1) USMC Contribution to JCSE (Reserve)</proc:Name>
                                <proc:IdCode>A</proc:IdCode>
                                <proc:ResourceSummary>
                                    <proc:TotalCost>
                                        <proc:AllPriorYears>0.06</proc:AllPriorYears>
                                        <proc:PriorYear>0.007</proc:PriorYear>
                                        <proc:CurrentYear>0.007</proc:CurrentYear>
                                        <proc:BudgetYearOneBase>0.01</proc:BudgetYearOneBase>
                                        <proc:BudgetYearOne>0.01</proc:BudgetYearOne>
                                    </proc:TotalCost>
                                </proc:ResourceSummary>
                            </proc:Item>
                            <proc:Item>
                                <proc:Name footnote="USMC Contribution to JCSE: No significant change from FY 2025 to FY 2026.">2.2) USMC Contribution to JCSE</proc:Name>
                                <proc:ResourceSummary>
                                    <proc:TotalCost>
                                        <proc:AllPriorYears>5.302</proc:AllPriorYears>
                                        <proc:PriorYear>0.518</proc:PriorYear>
                                        <proc:CurrentYear>0.499</proc:CurrentYear>
                                        <proc:BudgetYearOneBase>0.502</proc:BudgetYearOneBase>
                                        <proc:BudgetYearOne>0.502</proc:BudgetYearOne>
                                    </proc:TotalCost>
                                </proc:ResourceSummary>
                            </proc:Item>
                        </proc:ItemList>
                        <proc:CategorySubtotal>
                            <proc:TotalCost>
                                <proc:AllPriorYears>5.362</proc:AllPriorYears>
                                <proc:PriorYear>0.525</proc:PriorYear>
                                <proc:CurrentYear>0.506</proc:CurrentYear>
                                <proc:BudgetYearOneBase>0.512</proc:BudgetYearOneBase>
                                <proc:BudgetYearOne>0.512</proc:BudgetYearOne>
                            </proc:TotalCost>
                        </proc:CategorySubtotal>
                    </proc:Category>
                    <proc:Category>
                        <proc:Name>3) Combat Data Network  (CDN)</proc:Name>
                        <proc:ItemList>
                            <proc:Item>
                                <proc:Name footnote="CDN Program Fielding/Kitting/Training: The decrease from FY 2025 to FY 2026 is due to Program Office Support contract transitioning from Procurement funding to Operations and Maintenance funding to align with work being performed.">3.1) Program Support/Fielding/CLS/Training</proc:Name>
                                <proc:ResourceSummary>
                                    <proc:TotalCost>
                                        <proc:AllPriorYears>67.506</proc:AllPriorYears>
                                        <proc:PriorYear>5.262</proc:PriorYear>
                                        <proc:CurrentYear>5.821</proc:CurrentYear>
                                        <proc:BudgetYearOneBase>2.802</proc:BudgetYearOneBase>
                                        <proc:BudgetYearOne>2.802</proc:BudgetYearOne>
                                    </proc:TotalCost>
                                </proc:ResourceSummary>
                            </proc:Item>
                            <proc:Item>
                                <proc:Name footnote="CDN Network Equipment: No significant change in funding from FY 2025 to FY 2026.   FY 2026 funding continues to support refresh of Servers, Routers, and Switches that make up the backbone of the Combat Data Network Infrastructure. This funding is required to maintain security posture and mitigate cybersecurity threats due to obsolescence while sustaining the capability of the Marine Corps to conduct tactical networking operations.">3.2) CDN Network Equipment</proc:Name>
                                <proc:IdCode>A</proc:IdCode>
                                <proc:ResourceSummary>
                                    <proc:TotalCost>
                                        <proc:AllPriorYears>146.148</proc:AllPriorYears>
                                        <proc:PriorYear>23.37</proc:PriorYear>
                                        <proc:CurrentYear>27.821</proc:CurrentYear>
                                        <proc:BudgetYearOneBase>27.451</proc:BudgetYearOneBase>
                                        <proc:BudgetYearOne>27.451</proc:BudgetYearOne>
                                    </proc:TotalCost>
                                </proc:ResourceSummary>
                            </proc:Item>
                            <proc:Item>
                                <proc:Name footnote="Operational Command Post (OCP) Capabilities: The funding increase from FY 2025 to FY 2026 supports the procurement of OCP-Light components for new capabilities, WAN Service Module-Light (WSM-L) components, OCP-L ancillary equipment, and integration.  These investments align with Force Design objectives and facilitate the integration of advanced technologies, including kill chain and kill web enhancements, Commercial Solutions for Classified (CSfC), and modernized audio-visual command post equipment. This funding provides new OCP capabilities distinct from those in the CDN Program that enhance the ability to access, process, and disseminate Command and Control (C2) information in contested environments through a scalable and modular C2 network.">3.3) Operational Command Post (OCP) Capabilities</proc:Name>
                                <proc:IdCode>A</proc:IdCode>
                                <proc:ResourceSummary>
                                    <proc:TotalCost>
                                        <proc:AllPriorYears>3.217</proc:AllPriorYears>
                                        <proc:PriorYear>11.825</proc:PriorYear>
                                        <proc:CurrentYear>4.8</proc:CurrentYear>
                                        <proc:BudgetYearOneBase>69.495</proc:BudgetYearOneBase>
                                        <proc:BudgetYearOne>69.495</proc:BudgetYearOne>
                                    </proc:TotalCost>
                                </proc:ResourceSummary>
                            </proc:Item>
                            <proc:Item>
                                <proc:Name>3.4) CDN Network Equipment (Reserve)</proc:Name>
                                <proc:IdCode>A</proc:IdCode>
                                <proc:ResourceSummary>
                                    <proc:TotalCost>
                                        <proc:AllPriorYears>28.31</proc:AllPriorYears>
                                        <proc:PriorYear>4.76</proc:PriorYear>
                                    </proc:TotalCost>
                                </proc:ResourceSummary>
                            </proc:Item>
                        </proc:ItemList>
                        <proc:CategorySubtotal>
                            <proc:TotalCost>
                                <proc:AllPriorYears>245.181</proc:AllPriorYears>
                                <proc:PriorYear>45.217</proc:PriorYear>
                                <proc:CurrentYear>38.442</proc:CurrentYear>
                                <proc:BudgetYearOneBase>99.748</proc:BudgetYearOneBase>
                                <proc:BudgetYearOne>99.748</proc:BudgetYearOne>
                            </proc:TotalCost>
                        </proc:CategorySubtotal>
                    </proc:Category>
                    <proc:Category>
                        <proc:Name>4) Prior Year Cumulative Funding</proc:Name>
                        <proc:ItemList>
                            <proc:Item>
                                <proc:Name>4.1) Prior Year Funding</proc:Name>
                                <proc:ResourceSummary>
                                    <proc:TotalCost>
                                        <proc:AllPriorYears>313.837</proc:AllPriorYears>
                                    </proc:TotalCost>
                                </proc:ResourceSummary>
                            </proc:Item>
                        </proc:ItemList>
                        <proc:CategorySubtotal>
                            <proc:TotalCost>
                                <proc:AllPriorYears>313.837</proc:AllPriorYears>
                            </proc:TotalCost>
                        </proc:CategorySubtotal>
                    </proc:Category>
                </proc:CategoryList>
                <proc:TotalCost>
                    <proc:TotalCost>
                        <proc:AllPriorYears>580.606</proc:AllPriorYears>
                        <proc:PriorYear>46.276</proc:PriorYear>
                        <proc:CurrentYear>39.39</proc:CurrentYear>
                        <proc:BudgetYearOneBase>100.712</proc:BudgetYearOneBase>
                        <proc:BudgetYearOne>100.712</proc:BudgetYearOne>
                    </proc:TotalCost>
                </proc:TotalCost>
            </proc:P40AItemGroup>
        </proc:ItemExhibitList>
        <proc:DocumentAssemblyOptions>
            <proc:p40AItemScheduleSetting>total</proc:p40AItemScheduleSetting>
        </proc:DocumentAssemblyOptions>
    </proc:LineItem>
</proc:LineItemList>