<?xml version="1.0" encoding="UTF-8"?>
<proc:LineItemList xmlns:proc="http://www.dtic.mil/comptroller/xml/schema/20100219/procurement">
    <proc:LineItem quantityUnits="Each" unitCostUnits="Dollars" totalCostUnits="Millions" manufacturerRateUnits="Yearly" suppressOutfittingDeliveryBY2ToBY5="true">
        <proc:LineItemNumber>3017</proc:LineItemNumber>
        <proc:LineItemTitle>Anti-Armor Missile-TOW</proc:LineItemTitle>
        <proc:P1LineNumber>16</proc:P1LineNumber>
        <proc:BudgetYear>2026</proc:BudgetYear>
        <proc:BudgetCycle>PB</proc:BudgetCycle>
        <proc:SubmissionDate>2025-06</proc:SubmissionDate>
        <proc:ServiceAgencyName>Navy</proc:ServiceAgencyName>
        <proc:AppropriationNumber>1109N</proc:AppropriationNumber>
        <proc:AppropriationTitle>Procurement, Marine Corps</proc:AppropriationTitle>
        <proc:BudgetActivityNumber>3</proc:BudgetActivityNumber>
        <proc:BudgetActivityTitle>Guided missiles and equipment</proc:BudgetActivityTitle>
        <proc:BudgetSubActivityNumber>1</proc:BudgetSubActivityNumber>
        <proc:BudgetSubActivityTitle>Guided Missiles</proc:BudgetSubActivityTitle>
        <proc:ResourceSummary>
            <proc:TotalCost>
                <proc:AllPriorYears>455.823</proc:AllPriorYears>
                <proc:PriorYear>2.007</proc:PriorYear>
                <proc:CurrentYear>1.868</proc:CurrentYear>
                <proc:BudgetYearOneBase>2.173</proc:BudgetYearOneBase>
                <proc:BudgetYearOneOOC>0</proc:BudgetYearOneOOC>
                <proc:BudgetYearOne>2.173</proc:BudgetYearOne>
            </proc:TotalCost>
            <proc:NetProcurementP1>
                <proc:AllPriorYears>455.823</proc:AllPriorYears>
                <proc:PriorYear>2.007</proc:PriorYear>
                <proc:CurrentYear>1.868</proc:CurrentYear>
                <proc:BudgetYearOneBase>2.173</proc:BudgetYearOneBase>
                <proc:BudgetYearOneOOC>0</proc:BudgetYearOneOOC>
                <proc:BudgetYearOne>2.173</proc:BudgetYearOne>
            </proc:NetProcurementP1>
            <proc:TotalObligationAuthority>
                <proc:AllPriorYears>455.823</proc:AllPriorYears>
                <proc:PriorYear>2.007</proc:PriorYear>
                <proc:CurrentYear>1.868</proc:CurrentYear>
                <proc:BudgetYearOneBase>2.173</proc:BudgetYearOneBase>
                <proc:BudgetYearOneOOC>0</proc:BudgetYearOneOOC>
                <proc:BudgetYearOne>2.173</proc:BudgetYearOne>
            </proc:TotalObligationAuthority>
        </proc:ResourceSummary>
        <proc:Code>A</proc:Code>
        <proc:OtherRelatedProgramElementList>
            <proc:ProgramElementNumber>0603635M</proc:ProgramElementNumber>
        </proc:OtherRelatedProgramElementList>
        <proc:Description>The M41A7 Saber weapon system is a combat proven system that provides long-range, lethal anti-armor precision assault capability for the United States Marine Corps Infantry, and Light Armored Reconnaissance Battalions across modern operational environments. The M41A7 is the replacement for the M220 Tube-launched, optically tracked, Wire/Wireless-guided (TOW) 2 weapon system. Global Positioning System based location detection, and an altitude determination subsystem generate a 10-digit grid coordinate of a target's position, and superior surveillance capability enables the warfighter to identify targets at long range and engage with TOW missiles or other weapon systems.

TOW missiles (BGM-71 Series) are the munition for the M41A7 system. The TOW missile is a highly lethal, cost effective, interoperable, multi-purpose anti-armor round that is used in either direct-fire or "fly-over, shoot down" mode against field fortifications and structures.  In its current configuration, the combination of the M41A7 and the TOW missile provides the capability to defeat armored vehicles, bunkers, and buildings at extended ranges in all battlefield conditions. 

The M41A7 is mounted on a variety of combat vehicle systems including the Joint Lightweight Tactical Vehicle, High Mobility Multipurpose Wheeled Vehicle, Mine Resistant Ambush Protected Vehicle, and Light Armored Vehicle - Anti-Tank, as well as having the capability for ground mounted operations.

These munitions requirements are based on the Total Munitions Requirement published in January 2024. The U.S. Army Program Executive Office Missiles and Space (PEO MS) Tactical Aviation &amp; Ground Munitions TOW Product Office is the lead for this joint program with the Marine Corps. These munitions have a procurement lead-time of 24-36 months.</proc:Description>
        <proc:Justification>FY 2026 Baseline Appropriation Request: $2.173M

FY 2026 funding will support training requirements, Engineering Support in Production, logistical support to include program management support, configuration management, First Article Acceptance Testing, Lot Acceptance Testing, and support for items currently in production, and/or post-production delivery. Additionally, this funding addresses any changes to Form, Fit, and Function in design, and program management efforts associated with the refurbishing and retrofitting of missiles in order to extend their service life; assuring this ammunition is of the highest quality, and deals with any manufacturing concerns during these processes to upgrade the Saber System. 

The funding increase of $0.305M from FY 2025 to FY 2026 addresses inflation and deliveries of programmatic, engineering, inspection, and safety support activities associated with the TOW, Obsolescence, Safety build missiles.</proc:Justification>
        <proc:ItemExhibitList>
            <proc:P5Item>
                <proc:Name>ANTI ARMOR WEAPNS SYSTEM-HEAVY (AAWS-H)</proc:Name>
                <proc:ItemNumber>1</proc:ItemNumber>
                <proc:ResourceSummary>
                    <proc:TotalCost>
                        <proc:AllPriorYears>455.823</proc:AllPriorYears>
                        <proc:PriorYear>2.007</proc:PriorYear>
                        <proc:CurrentYear>1.868</proc:CurrentYear>
                        <proc:BudgetYearOneBase>2.173</proc:BudgetYearOneBase>
                        <proc:BudgetYearOneOOC>0</proc:BudgetYearOneOOC>
                        <proc:BudgetYearOne>2.173</proc:BudgetYearOne>
                    </proc:TotalCost>
                    <proc:NetProcurementP1>
                        <proc:AllPriorYears>455.823</proc:AllPriorYears>
                        <proc:PriorYear>2.007</proc:PriorYear>
                        <proc:CurrentYear>1.868</proc:CurrentYear>
                        <proc:BudgetYearOneBase>2.173</proc:BudgetYearOneBase>
                        <proc:BudgetYearOneOOC>0</proc:BudgetYearOneOOC>
                        <proc:BudgetYearOne>2.173</proc:BudgetYearOne>
                    </proc:NetProcurementP1>
                    <proc:TotalObligationAuthority>
                        <proc:AllPriorYears>455.823</proc:AllPriorYears>
                        <proc:PriorYear>2.007</proc:PriorYear>
                        <proc:CurrentYear>1.868</proc:CurrentYear>
                        <proc:BudgetYearOneBase>2.173</proc:BudgetYearOneBase>
                        <proc:BudgetYearOneOOC>0</proc:BudgetYearOneOOC>
                        <proc:BudgetYearOne>2.173</proc:BudgetYearOne>
                    </proc:TotalObligationAuthority>
                </proc:ResourceSummary>
                <proc:CostElementCategoryList>
                    <proc:Flyaway>
                        <proc:Name>ANTI ARMOR WEAPNS SYSTEM-HEAVY (AAWS-H)</proc:Name>
                        <proc:Recurring>
                            <proc:CostElementList>
                                <proc:CostElement>
                                    <proc:Name>1.1.1) Guided Missiles</proc:Name>
                                    <proc:Cost>
                                        <proc:Quantity>
                                            <proc:AllPriorYears>3632</proc:AllPriorYears>
                                        </proc:Quantity>
                                        <proc:TotalCost>
                                            <proc:AllPriorYears>253.038</proc:AllPriorYears>
                                        </proc:TotalCost>
                                        <proc:UnitCost>
                                            <proc:AllPriorYears>69669.05</proc:AllPriorYears>
                                        </proc:UnitCost>
                                    </proc:Cost>
                                    <proc:AllPriorYearsDeliveries>3523</proc:AllPriorYearsDeliveries>
                                    <proc:ManufacturerList>
                                        <proc:Manufacturer>
                                            <proc:Name>Raytheon, Tuscon, AZ</proc:Name>
                                            <proc:Location>Tucson, AZ</proc:Location>
                                            <proc:MinimumSustainingRate>3360</proc:MinimumSustainingRate>
                                            <proc:MaximumProductionRate>24000</proc:MaximumProductionRate>
                                            <proc:Rate185>9600</proc:Rate185>
                                            <proc:InitialQuantity>
                                                <proc:AdminLeadTimeBeforeOct1InMonths>3</proc:AdminLeadTimeBeforeOct1InMonths>
                                                <proc:AdminLeadTimeAfterOct1InMonths>2</proc:AdminLeadTimeAfterOct1InMonths>
                                                <proc:ProductionLeadTimeAfterOct1InMonths>24</proc:ProductionLeadTimeAfterOct1InMonths>
                                                <proc:TotalLeadTimeAfterOct1InMonths>26</proc:TotalLeadTimeAfterOct1InMonths>
                                            </proc:InitialQuantity>
                                            <proc:ReorderQuantity>
                                                <proc:AdminLeadTimeBeforeOct1InMonths>3</proc:AdminLeadTimeBeforeOct1InMonths>
                                                <proc:AdminLeadTimeAfterOct1InMonths>2</proc:AdminLeadTimeAfterOct1InMonths>
                                                <proc:ProductionLeadTimeAfterOct1InMonths>24</proc:ProductionLeadTimeAfterOct1InMonths>
                                                <proc:TotalLeadTimeAfterOct1InMonths>26</proc:TotalLeadTimeAfterOct1InMonths>
                                            </proc:ReorderQuantity>
                                            <proc:HistoryPlanningList>
                                                <proc:HistoryPlanning>
                                                    <proc:FiscalYear footnote="Raytheon is the only industry source that is both facilitized and qualified to produce TOW missiles. AMCOM Aviation and Missile Command, FPIF Fixed Price Incentive Firm Target, and Sole Source (SS).">2022</proc:FiscalYear>
                                                    <proc:PCOLocation>AMCOM, Redstone Arsenal, AL</proc:PCOLocation>
                                                    <proc:AwardDate>2022-08</proc:AwardDate>
                                                    <proc:FirstDeliveryDate>2025-02</proc:FirstDeliveryDate>
                                                    <proc:Quantity>109</proc:Quantity>
                                                    <proc:UnitCost>75412.00</proc:UnitCost>
                                                    <proc:SpecsAvailableNow>true</proc:SpecsAvailableNow>
                                                    <proc:ContractMethod>SS</proc:ContractMethod>
                                                    <proc:ContractType>FPIF</proc:ContractType>
                                                    <proc:MonthlyDeliveryScheduleList>
                                                        <proc:MonthlyDeliverySchedule>
                                                            <proc:ServiceAgencyName>Navy</proc:ServiceAgencyName>
                                                            <proc:ProcQuantity>109</proc:ProcQuantity>
                                                            <proc:MonthlyDeliveryList>
                                                                <proc:MonthlyDelivery>
                                                                    <proc:Month>2025-02</proc:Month>
                                                                    <proc:Amount>109</proc:Amount>
                                                                </proc:MonthlyDelivery>
                                                            </proc:MonthlyDeliveryList>
                                                        </proc:MonthlyDeliverySchedule>
                                                    </proc:MonthlyDeliveryScheduleList>
                                                </proc:HistoryPlanning>
                                            </proc:HistoryPlanningList>
                                        </proc:Manufacturer>
                                    </proc:ManufacturerList>
                                </proc:CostElement>
                                <proc:CostElement>
                                    <proc:Name>1.1.2) Recurring Missile Surcharge</proc:Name>
                                    <proc:Cost>
                                        <proc:TotalCost>
                                            <proc:AllPriorYears>6.645</proc:AllPriorYears>
                                        </proc:TotalCost>
                                    </proc:Cost>
                                </proc:CostElement>
                                <proc:CostElement>
                                    <proc:Name>1.1.3) Spike NLOS</proc:Name>
                                    <proc:Cost>
                                        <proc:Quantity>
                                            <proc:AllPriorYears>3</proc:AllPriorYears>
                                        </proc:Quantity>
                                        <proc:TotalCost>
                                            <proc:AllPriorYears>21.95</proc:AllPriorYears>
                                        </proc:TotalCost>
                                        <proc:UnitCost>
                                            <proc:AllPriorYears>7316666.67</proc:AllPriorYears>
                                        </proc:UnitCost>
                                    </proc:Cost>
                                </proc:CostElement>
                                <proc:CostElement>
                                    <proc:Name footnote="The increase in Missile Engineering Support from FY 2025 to FY 2026 is due to increased deliveries and inflation.">1.1.4) Missile Engineering Support</proc:Name>
                                    <proc:Cost>
                                        <proc:TotalCost>
                                            <proc:AllPriorYears>11.915</proc:AllPriorYears>
                                            <proc:PriorYear>1.209</proc:PriorYear>
                                            <proc:CurrentYear>1.115</proc:CurrentYear>
                                            <proc:BudgetYearOneBase>1.32</proc:BudgetYearOneBase>
                                            <proc:BudgetYearOne>1.32</proc:BudgetYearOne>
                                        </proc:TotalCost>
                                    </proc:Cost>
                                </proc:CostElement>
                                <proc:CostElement>
                                    <proc:Name footnote="The increase in Missile Program Support from FY 2025 to FY 2026 is due to increased deliveries and inflation.">1.1.5) Missile Program Support</proc:Name>
                                    <proc:Cost>
                                        <proc:TotalCost>
                                            <proc:AllPriorYears>10.1</proc:AllPriorYears>
                                            <proc:PriorYear>0.798</proc:PriorYear>
                                            <proc:CurrentYear>0.753</proc:CurrentYear>
                                            <proc:BudgetYearOneBase>0.853</proc:BudgetYearOneBase>
                                            <proc:BudgetYearOne>0.853</proc:BudgetYearOne>
                                        </proc:TotalCost>
                                    </proc:Cost>
                                </proc:CostElement>
                                <proc:CostElement>
                                    <proc:Name>1.1.6) Saber Launcher Support</proc:Name>
                                    <proc:Cost>
                                        <proc:TotalCost>
                                            <proc:AllPriorYears>53.874</proc:AllPriorYears>
                                        </proc:TotalCost>
                                    </proc:Cost>
                                </proc:CostElement>
                                <proc:CostElement>
                                    <proc:Name>1.1.7) Reserves-Training Equipment</proc:Name>
                                    <proc:Cost>
                                        <proc:TotalCost>
                                            <proc:AllPriorYears>1.442</proc:AllPriorYears>
                                        </proc:TotalCost>
                                    </proc:Cost>
                                </proc:CostElement>
                            </proc:CostElementList>
                            <proc:CategorySubtotal>
                                <proc:TotalCost>
                                    <proc:AllPriorYears>358.964</proc:AllPriorYears>
                                    <proc:PriorYear>2.007</proc:PriorYear>
                                    <proc:CurrentYear>1.868</proc:CurrentYear>
                                    <proc:BudgetYearOneBase>2.173</proc:BudgetYearOneBase>
                                    <proc:BudgetYearOne>2.173</proc:BudgetYearOne>
                                </proc:TotalCost>
                            </proc:CategorySubtotal>
                        </proc:Recurring>
                        <proc:CategorySubtotal>
                            <proc:TotalCost>
                                <proc:AllPriorYears>358.964</proc:AllPriorYears>
                                <proc:PriorYear>2.007</proc:PriorYear>
                                <proc:CurrentYear>1.868</proc:CurrentYear>
                                <proc:BudgetYearOneBase>2.173</proc:BudgetYearOneBase>
                                <proc:BudgetYearOne>2.173</proc:BudgetYearOne>
                            </proc:TotalCost>
                        </proc:CategorySubtotal>
                    </proc:Flyaway>
                    <proc:Flyaway>
                        <proc:Name>ANTI ARMOR WEAPNS SYSTEM-HEAVY (AAWS-H)  (UKRAINE)</proc:Name>
                        <proc:Recurring>
                            <proc:CostElementList>
                                <proc:CostElement>
                                    <proc:Name>2.1.1) Ukraine PD Funding-Guided Missiles</proc:Name>
                                    <proc:Cost>
                                        <proc:Quantity>
                                            <proc:AllPriorYears>1009</proc:AllPriorYears>
                                        </proc:Quantity>
                                        <proc:TotalCost>
                                            <proc:AllPriorYears>96.859</proc:AllPriorYears>
                                        </proc:TotalCost>
                                        <proc:UnitCost>
                                            <proc:AllPriorYears>95995.04</proc:AllPriorYears>
                                        </proc:UnitCost>
                                    </proc:Cost>
                                    <proc:ManufacturerList>
                                        <proc:Manufacturer>
                                            <proc:Name>Raytheon, Tuscon, AZ</proc:Name>
                                            <proc:Location>Tucson, AZ</proc:Location>
                                            <proc:MinimumSustainingRate>3360</proc:MinimumSustainingRate>
                                            <proc:MaximumProductionRate>24000</proc:MaximumProductionRate>
                                            <proc:Rate185>9600</proc:Rate185>
                                            <proc:InitialQuantity>
                                                <proc:AdminLeadTimeBeforeOct1InMonths>3</proc:AdminLeadTimeBeforeOct1InMonths>
                                                <proc:AdminLeadTimeAfterOct1InMonths>2</proc:AdminLeadTimeAfterOct1InMonths>
                                                <proc:ProductionLeadTimeAfterOct1InMonths>24</proc:ProductionLeadTimeAfterOct1InMonths>
                                                <proc:TotalLeadTimeAfterOct1InMonths>26</proc:TotalLeadTimeAfterOct1InMonths>
                                            </proc:InitialQuantity>
                                            <proc:ReorderQuantity>
                                                <proc:AdminLeadTimeBeforeOct1InMonths>3</proc:AdminLeadTimeBeforeOct1InMonths>
                                                <proc:AdminLeadTimeAfterOct1InMonths>2</proc:AdminLeadTimeAfterOct1InMonths>
                                                <proc:ProductionLeadTimeAfterOct1InMonths>24</proc:ProductionLeadTimeAfterOct1InMonths>
                                                <proc:TotalLeadTimeAfterOct1InMonths>26</proc:TotalLeadTimeAfterOct1InMonths>
                                            </proc:ReorderQuantity>
                                            <proc:HistoryPlanningList>
                                                <proc:HistoryPlanning>
                                                    <proc:FiscalYear footnote="Raytheon is the only industry source that is both facilitized and qualified to produce TOW missiles. AMCOM Aviation and Missile Command, FPIF Fixed Price Incentive Firm Target, and Sole Source (SS).">2023</proc:FiscalYear>
                                                    <proc:PCOLocation>AMCOM, Redstone Arsenal, AL</proc:PCOLocation>
                                                    <proc:AwardDate>2023-08</proc:AwardDate>
                                                    <proc:FirstDeliveryDate>2026-09</proc:FirstDeliveryDate>
                                                    <proc:Quantity>1009</proc:Quantity>
                                                    <proc:UnitCost>95995.04</proc:UnitCost>
                                                    <proc:SpecsAvailableNow>true</proc:SpecsAvailableNow>
                                                    <proc:RFPIssueDate>2023-03</proc:RFPIssueDate>
                                                    <proc:ContractMethod>SS</proc:ContractMethod>
                                                    <proc:ContractType>FPIF</proc:ContractType>
                                                    <proc:MonthlyDeliveryScheduleList>
                                                        <proc:MonthlyDeliverySchedule>
                                                            <proc:ServiceAgencyName>Navy</proc:ServiceAgencyName>
                                                            <proc:ProcQuantity>1009</proc:ProcQuantity>
                                                            <proc:MonthlyDeliveryList>
                                                                <proc:MonthlyDelivery>
                                                                    <proc:Month>2026-09</proc:Month>
                                                                    <proc:Amount>1009</proc:Amount>
                                                                </proc:MonthlyDelivery>
                                                            </proc:MonthlyDeliveryList>
                                                        </proc:MonthlyDeliverySchedule>
                                                    </proc:MonthlyDeliveryScheduleList>
                                                </proc:HistoryPlanning>
                                            </proc:HistoryPlanningList>
                                        </proc:Manufacturer>
                                    </proc:ManufacturerList>
                                </proc:CostElement>
                            </proc:CostElementList>
                            <proc:CategorySubtotal>
                                <proc:TotalCost>
                                    <proc:AllPriorYears>96.859</proc:AllPriorYears>
                                </proc:TotalCost>
                            </proc:CategorySubtotal>
                        </proc:Recurring>
                        <proc:CategorySubtotal>
                            <proc:TotalCost>
                                <proc:AllPriorYears>96.859</proc:AllPriorYears>
                            </proc:TotalCost>
                        </proc:CategorySubtotal>
                    </proc:Flyaway>
                </proc:CostElementCategoryList>
            </proc:P5Item>
        </proc:ItemExhibitList>
        <proc:DocumentAssemblyOptions>
            <proc:p40AItemScheduleSetting>total</proc:p40AItemScheduleSetting>
        </proc:DocumentAssemblyOptions>
    </proc:LineItem>
</proc:LineItemList>