<?xml version="1.0" encoding="UTF-8"?>
<proc:LineItemList xmlns:proc="http://www.dtic.mil/comptroller/xml/schema/20100219/procurement">
    <proc:LineItem quantityUnits="Each" unitCostUnits="Dollars" totalCostUnits="Millions" manufacturerRateUnits="Yearly" suppressOutfittingDeliveryBY2ToBY5="true">
        <proc:LineItemNumber>4181</proc:LineItemNumber>
        <proc:LineItemTitle>Repair and Test Equipment</proc:LineItemTitle>
        <proc:P1LineNumber>22</proc:P1LineNumber>
        <proc:BudgetYear>2026</proc:BudgetYear>
        <proc:BudgetCycle>PB</proc:BudgetCycle>
        <proc:SubmissionDate>2025-06</proc:SubmissionDate>
        <proc:ServiceAgencyName>Navy</proc:ServiceAgencyName>
        <proc:AppropriationNumber>1109N</proc:AppropriationNumber>
        <proc:AppropriationTitle>Procurement, Marine Corps</proc:AppropriationTitle>
        <proc:BudgetActivityNumber>4</proc:BudgetActivityNumber>
        <proc:BudgetActivityTitle>Communications and Electronics Equipment</proc:BudgetActivityTitle>
        <proc:BudgetSubActivityNumber>7</proc:BudgetSubActivityNumber>
        <proc:BudgetSubActivityTitle>Repair and Test Equipment</proc:BudgetSubActivityTitle>
        <proc:ResourceSummary>
            <proc:TotalCost>
                <proc:AllPriorYears>476.226</proc:AllPriorYears>
                <proc:PriorYear>52.09</proc:PriorYear>
                <proc:CurrentYear>64.29</proc:CurrentYear>
                <proc:BudgetYearOneBase>61.264</proc:BudgetYearOneBase>
                <proc:BudgetYearOneOOC>0</proc:BudgetYearOneOOC>
                <proc:BudgetYearOne>61.264</proc:BudgetYearOne>
            </proc:TotalCost>
            <proc:NetProcurementP1>
                <proc:AllPriorYears>476.226</proc:AllPriorYears>
                <proc:PriorYear>52.09</proc:PriorYear>
                <proc:CurrentYear>64.29</proc:CurrentYear>
                <proc:BudgetYearOneBase>61.264</proc:BudgetYearOneBase>
                <proc:BudgetYearOneOOC>0</proc:BudgetYearOneOOC>
                <proc:BudgetYearOne>61.264</proc:BudgetYearOne>
            </proc:NetProcurementP1>
            <proc:TotalObligationAuthority>
                <proc:AllPriorYears>476.226</proc:AllPriorYears>
                <proc:PriorYear>52.09</proc:PriorYear>
                <proc:CurrentYear>64.29</proc:CurrentYear>
                <proc:BudgetYearOneBase>61.264</proc:BudgetYearOneBase>
                <proc:BudgetYearOneOOC>0</proc:BudgetYearOneOOC>
                <proc:BudgetYearOne>61.264</proc:BudgetYearOne>
            </proc:TotalObligationAuthority>
            <proc:InitialSpares>
                <proc:PriorYear>0.198</proc:PriorYear>
            </proc:InitialSpares>
        </proc:ResourceSummary>
        <proc:Code>A</proc:Code>
        <proc:OtherRelatedProgramElementList>
            <proc:ProgramElementNumber>0206313M</proc:ProgramElementNumber>
            <proc:ProgramElementNumber>0206624M</proc:ProgramElementNumber>
        </proc:OtherRelatedProgramElementList>
        <proc:Description>Repair and Test Equipment Budget Line Item provides repair and test equipment consisting of more than 200 different items required to support the operation and maintenance of Marine Corps ground based weapon systems and major end items, including Marine Air-Ground Task Force (MAGTF) Logistics Support Systems (MLS2), a key CMC Force Design program enabling readiness while conducting Littoral Operations in Contested Environments (LOCE). These capabilities will enable ground, ordinance, and communication maintainers to perform organic maintenance activities on various Marine Corps platforms across widely dispersed locations that will increase the ability to sustain operational readiness levels. This portfolio also includes repair and test equipment supporting air defense systems, C2 in a degraded environment system, close combat lethality systems, and information warfare. It includes items such as tool kits, shop sets, manual and automatic test equipment, and metrology and calibration equipment.  
 
The following acquisition programs fall under the repair and test equipment budget line: General Purpose Tools and Test Systems (GPT&amp;TS); Automatic Test Systems (ATS), Calibration and Maintenance Program (CAMP), Additive Manufacturing, Conditioned Based Maintenance (CBM+), and MLS2.</proc:Description>
        <proc:Justification>FY 2026 Baseline Appropriation Request: $61.264M

MAGTF Logistics Support Systems (MLS2) $11.067M: The decrease of $1.893M from FY 2025 to FY 2026 reflects the procurement schedule of Augmented Reality Virtual Enhancement assets and Electronic Maintenance Support Systems (EMSS) hardware kits. MLS2 enables increased maintenance readiness across a distributed Fleet Marine Force in order to increase operational readiness. Funding will continue to procure EMSS to meet the program's Authorized Acquisition Objective (AAO), as well as to procure items such as Commercial Off-The-Shelf (COTS) equipment, operating software that comprises the EMSS, and Application Program Sets to support EMSS modification of systems. EMSS will emulate and/or interface with test equipment and enables capabilities such as storing and viewing Interactive Electronic Technical Manuals (IETMs), Computer Based Training (CBT), and other maintenance applications. EMSS also has the capability to connect to the Marine Corps Enterprise Network (MCEN) and access defense business systems such as Global Combat Support System - Marine Corps (GCSS-MC) in order to facilitate and process maintenance and supply transactions thereby improving operational readiness.

General Purpose Tools and Test Systems (GPT&amp;TS) $27.472M: The increase of $7.629M from FY 2025 to FY 2026 supports multiple procurements of mechanical, electrical, tool kits and fielding support for GPT&amp;TS equipment. Two major drivers of this increase are the procurement of Microwave Communication and Radar Test Sets to support new capabilities associated with the next generation Wideband Satellite Communications as well as various GPT&amp;TS equipment modernization efforts that directly impact maintenance activities. The GPT&amp;TS budget procures a wide variety of tool kits (portable, vehicle and trailer mounted, and sheltered), handheld electronic test equipment and mechanical test equipment (handheld to building mounted) that are required to support the field maintenance effort of USMC ground equipment and weapon systems located within USMC expeditionary battalions and squadrons.

Automatic Test Systems (ATS) $11.491M: The increase of $0.798M from FY 2025 to FY 2026 supports the procurement of Software Defined and Crypto-Compliant Hand-Held Radio Test Sets (HHRTS) to support Force Design. Funding will support ATS modernization efforts associated with the procurement of automatic test equipment for five distinct programs within the ATS portfolio. ATS consists of both hardware and software components that provides mobile and automatic testing on Principle End Items (PEI), Line Replaceable Units (LRU), and Shop Repairable Units (SRU), in order to improve weapon system readiness, provide an organic maintenance solution, and decrease life cycle costs of supported weapon systems. ATS efforts include programs such as General Purpose Automatic Test System capability enhancements to test electro-optics platforms, and Hand-Held Radio Test Set (HHRTS) that provides a portable radio tester for organizational maintenance to test existing and future software defined ground tactical radio systems. All modernizations will be documented through the Engineer Change Proposal (ECP) process which will enhance organic maintenance capabilities and mitigate against obsolescence.

Calibration and Maintenance Program (CAMP) $2.793M: The increase of $2.656M from FY 2025 to FY 2026 supports procurement of various calibration equipment (standards). Funding will procure various calibration equipment (standards) which must be replaced/upgraded over time in order to support and calibrate all the new test equipment used by various maintenance personnel working on Marine Corps ground military equipment.

Additive Manufacturing $6.121M: The decrease of $6.021M from FY 2025 to FY 2026 is due to the procurement schedule for the Expeditionary Fabrication Equipment (XFAB) and Tactical Fabrication (TACFAB) systems. FY 2026 funding will provide direct procurement of advanced manufacturing program of record systems to support maintaining and creating parts to meet ground warfare community requirements. Funding will continue to procure XFAB systems, to include fulfilling the objective requirement of expeditionary metal 3D printers. The XFAB and Tactical Fabrication 3D printer systems require continued Field Service Representative (FSR) service for the volume of cyber related tasks, update and services to ensure the expeditionary Advanced Manufacturing systems maintain operational readiness. The FY26 funding will also field the initial systems to replace the aging legacy Shop Equipment Machine Shop (SEMS) deployable machine shop with the modern metal subtractive and additive manufacturing capable Advanced Integrated Mobile Machine Shop (AIMMS) system.

Conditioned Based Maintenance (CBM+) $2.320M: The decrease of $6.195M from FY 2025 to FY 2026 is due to the procurement schedule of Data loggers and Multi-Function Trip Tool. FY 2026 funding will support the procurement schedule of Data Loggers, Multi-Function Trip Tool (formerly known as Mobile Trip Tools), network equipment, cloud computing, data analytics interfaces, and fielding support. CBM+ enables increased maintenance readiness through predictive maintenance actions across a distributed Fleet Marine Force conducting Expeditionary Advanced Base Operations (EABO) and littoral operations in a contested environment to increase operational readiness and lethality. CBM+ will interface with GCSS-MC to enhance supply chain management reducing the risk of supply chain interruptions. It is a maintenance strategy that seeks to collect, transmit, analyze, and act on maintenance data from platforms such as vehicles, aircraft, or generators using electronic data logging devices and artificial intelligence/machine learning (AI/ML) software.

The FY 2026 request was reduced by $2.989 million for Advisory and Assistance Services to promote efficiencies and advance the policies of the Administration in alignment with Executive Order 14222, "Implementing the President's Department of Government Efficiency Cost Efficiency Initiative."</proc:Justification>
        <proc:ItemExhibitList>
            <proc:P40AItemGroup>
                <proc:Name>Repair and Test Equipment</proc:Name>
                <proc:CategoryList>
                    <proc:Category>
                        <proc:Name>1) MAGTF Logistics Support Systems (MLS2)</proc:Name>
                        <proc:ItemList>
                            <proc:Item>
                                <proc:Name footnote="The decrease from FY 2025 to FY 2026 supports the planned procurement refresh schedule of EMD hardware. FY26 Unit Cost increase aligns with new Electronic Maintenance Device (EMD) Hardware contract.">1.1) EMD Hardware CF20</proc:Name>
                                <proc:IdCode>A</proc:IdCode>
                                <proc:ResourceSummary>
                                    <proc:Quantity>
                                        <proc:AllPriorYears>9045</proc:AllPriorYears>
                                        <proc:PriorYear>2131</proc:PriorYear>
                                        <proc:CurrentYear>2070</proc:CurrentYear>
                                        <proc:BudgetYearOneBase>1730</proc:BudgetYearOneBase>
                                        <proc:BudgetYearOne>1730</proc:BudgetYearOne>
                                    </proc:Quantity>
                                    <proc:TotalCost>
                                        <proc:AllPriorYears>34.215</proc:AllPriorYears>
                                        <proc:PriorYear>9.286</proc:PriorYear>
                                        <proc:CurrentYear>9.081</proc:CurrentYear>
                                        <proc:BudgetYearOneBase>7.896</proc:BudgetYearOneBase>
                                        <proc:BudgetYearOne>7.896</proc:BudgetYearOne>
                                    </proc:TotalCost>
                                    <proc:UnitCost>
                                        <proc:AllPriorYears>3782.75</proc:AllPriorYears>
                                        <proc:PriorYear>4357.44</proc:PriorYear>
                                        <proc:CurrentYear>4387</proc:CurrentYear>
                                        <proc:BudgetYearOneBase>4564</proc:BudgetYearOneBase>
                                        <proc:BudgetYearOne>4564</proc:BudgetYearOne>
                                    </proc:UnitCost>
                                </proc:ResourceSummary>
                                <proc:AllPriorYearsDeliveries>9045</proc:AllPriorYearsDeliveries>
                                <proc:ManufacturerList>
                                    <proc:Manufacturer>
                                        <proc:Name>Mid-Atlantic Computer Services, Inc.</proc:Name>
                                        <proc:Location>Cerritos, CA</proc:Location>
                                        <proc:MinimumSustainingRate>1000</proc:MinimumSustainingRate>
                                        <proc:MaximumProductionRate>3000</proc:MaximumProductionRate>
                                        <proc:Rate185>2000</proc:Rate185>
                                        <proc:InitialQuantity>
                                            <proc:AdminLeadTimeBeforeOct1InMonths>0</proc:AdminLeadTimeBeforeOct1InMonths>
                                            <proc:AdminLeadTimeAfterOct1InMonths>0</proc:AdminLeadTimeAfterOct1InMonths>
                                            <proc:ProductionLeadTimeAfterOct1InMonths>5</proc:ProductionLeadTimeAfterOct1InMonths>
                                            <proc:TotalLeadTimeAfterOct1InMonths>5</proc:TotalLeadTimeAfterOct1InMonths>
                                        </proc:InitialQuantity>
                                        <proc:ReorderQuantity>
                                            <proc:AdminLeadTimeBeforeOct1InMonths>0</proc:AdminLeadTimeBeforeOct1InMonths>
                                            <proc:AdminLeadTimeAfterOct1InMonths>0</proc:AdminLeadTimeAfterOct1InMonths>
                                            <proc:ProductionLeadTimeAfterOct1InMonths>5</proc:ProductionLeadTimeAfterOct1InMonths>
                                            <proc:TotalLeadTimeAfterOct1InMonths>5</proc:TotalLeadTimeAfterOct1InMonths>
                                        </proc:ReorderQuantity>
                                        <proc:HistoryPlanningList>
                                            <proc:HistoryPlanning>
                                                <proc:FiscalYear>2024</proc:FiscalYear>
                                                <proc:PCOLocation>Quantico, Va</proc:PCOLocation>
                                                <proc:AwardDate>2024-02</proc:AwardDate>
                                                <proc:FirstDeliveryDate>2024-07</proc:FirstDeliveryDate>
                                                <proc:Quantity>2131</proc:Quantity>
                                                <proc:UnitCost>4357.44</proc:UnitCost>
                                                <proc:SpecsAvailableNow>true</proc:SpecsAvailableNow>
                                                <proc:ContractMethod>C</proc:ContractMethod>
                                                <proc:ContractType>FFP</proc:ContractType>
                                                <proc:MonthlyDeliveryScheduleList>
                                                    <proc:MonthlyDeliverySchedule>
                                                        <proc:ServiceAgencyName>Navy</proc:ServiceAgencyName>
                                                        <proc:ProcQuantity>2131</proc:ProcQuantity>
                                                        <proc:MonthlyDeliveryList>
                                                            <proc:MonthlyDelivery>
                                                                <proc:Month>2024-07</proc:Month>
                                                                <proc:Amount>350</proc:Amount>
                                                            </proc:MonthlyDelivery>
                                                            <proc:MonthlyDelivery>
                                                                <proc:Month>2024-08</proc:Month>
                                                                <proc:Amount>350</proc:Amount>
                                                            </proc:MonthlyDelivery>
                                                            <proc:MonthlyDelivery>
                                                                <proc:Month>2024-09</proc:Month>
                                                                <proc:Amount>350</proc:Amount>
                                                            </proc:MonthlyDelivery>
                                                            <proc:MonthlyDelivery>
                                                                <proc:Month>2024-10</proc:Month>
                                                                <proc:Amount>350</proc:Amount>
                                                            </proc:MonthlyDelivery>
                                                            <proc:MonthlyDelivery>
                                                                <proc:Month>2024-11</proc:Month>
                                                                <proc:Amount>350</proc:Amount>
                                                            </proc:MonthlyDelivery>
                                                            <proc:MonthlyDelivery>
                                                                <proc:Month>2024-12</proc:Month>
                                                                <proc:Amount>381</proc:Amount>
                                                            </proc:MonthlyDelivery>
                                                        </proc:MonthlyDeliveryList>
                                                    </proc:MonthlyDeliverySchedule>
                                                </proc:MonthlyDeliveryScheduleList>
                                            </proc:HistoryPlanning>
                                            <proc:HistoryPlanning>
                                                <proc:FiscalYear>2025</proc:FiscalYear>
                                                <proc:PCOLocation>Quantico, VA</proc:PCOLocation>
                                                <proc:AwardDate>2025-02</proc:AwardDate>
                                                <proc:FirstDeliveryDate>2025-07</proc:FirstDeliveryDate>
                                                <proc:Quantity>2070</proc:Quantity>
                                                <proc:UnitCost>4387.00</proc:UnitCost>
                                                <proc:SpecsAvailableNow>true</proc:SpecsAvailableNow>
                                                <proc:ContractMethod>C</proc:ContractMethod>
                                                <proc:ContractType>FFP</proc:ContractType>
                                                <proc:MonthlyDeliveryScheduleList>
                                                    <proc:MonthlyDeliverySchedule>
                                                        <proc:ServiceAgencyName>Navy</proc:ServiceAgencyName>
                                                        <proc:ProcQuantity>2070</proc:ProcQuantity>
                                                        <proc:MonthlyDeliveryList>
                                                            <proc:MonthlyDelivery>
                                                                <proc:Month>2025-07</proc:Month>
                                                                <proc:Amount>350</proc:Amount>
                                                            </proc:MonthlyDelivery>
                                                            <proc:MonthlyDelivery>
                                                                <proc:Month>2025-08</proc:Month>
                                                                <proc:Amount>350</proc:Amount>
                                                            </proc:MonthlyDelivery>
                                                            <proc:MonthlyDelivery>
                                                                <proc:Month>2025-09</proc:Month>
                                                                <proc:Amount>350</proc:Amount>
                                                            </proc:MonthlyDelivery>
                                                            <proc:MonthlyDelivery>
                                                                <proc:Month>2025-10</proc:Month>
                                                                <proc:Amount>350</proc:Amount>
                                                            </proc:MonthlyDelivery>
                                                            <proc:MonthlyDelivery>
                                                                <proc:Month>2025-11</proc:Month>
                                                                <proc:Amount>350</proc:Amount>
                                                            </proc:MonthlyDelivery>
                                                            <proc:MonthlyDelivery>
                                                                <proc:Month>2025-12</proc:Month>
                                                                <proc:Amount>320</proc:Amount>
                                                            </proc:MonthlyDelivery>
                                                        </proc:MonthlyDeliveryList>
                                                    </proc:MonthlyDeliverySchedule>
                                                </proc:MonthlyDeliveryScheduleList>
                                            </proc:HistoryPlanning>
                                        </proc:HistoryPlanningList>
                                    </proc:Manufacturer>
                                    <proc:Manufacturer>
                                        <proc:Name>TBD</proc:Name>
                                        <proc:Location>MARCORSYSCOM, Quantico, VA</proc:Location>
                                        <proc:MinimumSustainingRate>1000</proc:MinimumSustainingRate>
                                        <proc:MaximumProductionRate>3000</proc:MaximumProductionRate>
                                        <proc:Rate185>2000</proc:Rate185>
                                        <proc:InitialQuantity>
                                            <proc:AdminLeadTimeBeforeOct1InMonths>0</proc:AdminLeadTimeBeforeOct1InMonths>
                                            <proc:AdminLeadTimeAfterOct1InMonths>0</proc:AdminLeadTimeAfterOct1InMonths>
                                            <proc:ProductionLeadTimeAfterOct1InMonths>5</proc:ProductionLeadTimeAfterOct1InMonths>
                                            <proc:TotalLeadTimeAfterOct1InMonths>5</proc:TotalLeadTimeAfterOct1InMonths>
                                        </proc:InitialQuantity>
                                        <proc:ReorderQuantity>
                                            <proc:AdminLeadTimeBeforeOct1InMonths>0</proc:AdminLeadTimeBeforeOct1InMonths>
                                            <proc:AdminLeadTimeAfterOct1InMonths>0</proc:AdminLeadTimeAfterOct1InMonths>
                                            <proc:ProductionLeadTimeAfterOct1InMonths>5</proc:ProductionLeadTimeAfterOct1InMonths>
                                            <proc:TotalLeadTimeAfterOct1InMonths>5</proc:TotalLeadTimeAfterOct1InMonths>
                                        </proc:ReorderQuantity>
                                        <proc:HistoryPlanningList>
                                            <proc:HistoryPlanning>
                                                <proc:FiscalYear>2026</proc:FiscalYear>
                                                <proc:PCOLocation>Quantico, VA</proc:PCOLocation>
                                                <proc:AwardDate>2026-03</proc:AwardDate>
                                                <proc:FirstDeliveryDate>2026-08</proc:FirstDeliveryDate>
                                                <proc:Quantity>1730</proc:Quantity>
                                                <proc:UnitCost>4564.00</proc:UnitCost>
                                                <proc:SpecsAvailableNow>true</proc:SpecsAvailableNow>
                                                <proc:ContractMethod>C</proc:ContractMethod>
                                                <proc:ContractType>FFP</proc:ContractType>
                                                <proc:MonthlyDeliveryScheduleList>
                                                    <proc:MonthlyDeliverySchedule>
                                                        <proc:ServiceAgencyName>Navy</proc:ServiceAgencyName>
                                                        <proc:ProcQuantity>1730</proc:ProcQuantity>
                                                        <proc:MonthlyDeliveryList>
                                                            <proc:MonthlyDelivery>
                                                                <proc:Month>2026-08</proc:Month>
                                                                <proc:Amount>350</proc:Amount>
                                                            </proc:MonthlyDelivery>
                                                            <proc:MonthlyDelivery>
                                                                <proc:Month>2026-09</proc:Month>
                                                                <proc:Amount>350</proc:Amount>
                                                            </proc:MonthlyDelivery>
                                                            <proc:MonthlyDelivery>
                                                                <proc:Month>2026-10</proc:Month>
                                                                <proc:Amount>350</proc:Amount>
                                                            </proc:MonthlyDelivery>
                                                            <proc:MonthlyDelivery>
                                                                <proc:Month>2026-11</proc:Month>
                                                                <proc:Amount>350</proc:Amount>
                                                            </proc:MonthlyDelivery>
                                                            <proc:MonthlyDelivery>
                                                                <proc:Month>2026-12</proc:Month>
                                                                <proc:Amount>330</proc:Amount>
                                                            </proc:MonthlyDelivery>
                                                        </proc:MonthlyDeliveryList>
                                                    </proc:MonthlyDeliverySchedule>
                                                </proc:MonthlyDeliveryScheduleList>
                                            </proc:HistoryPlanning>
                                        </proc:HistoryPlanningList>
                                    </proc:Manufacturer>
                                </proc:ManufacturerList>
                            </proc:Item>
                            <proc:Item>
                                <proc:Name footnote="The decrease from FY 2025 to FY 2026 aligns with technical support costs of the procurement schedule of EMD hardware refresh.">1.2) Technical Support</proc:Name>
                                <proc:IdCode>A</proc:IdCode>
                                <proc:ResourceSummary>
                                    <proc:TotalCost>
                                        <proc:AllPriorYears>32.449</proc:AllPriorYears>
                                        <proc:PriorYear>3.397</proc:PriorYear>
                                        <proc:CurrentYear>3.879</proc:CurrentYear>
                                        <proc:BudgetYearOneBase>3.171</proc:BudgetYearOneBase>
                                        <proc:BudgetYearOne>3.171</proc:BudgetYearOne>
                                    </proc:TotalCost>
                                </proc:ResourceSummary>
                            </proc:Item>
                        </proc:ItemList>
                        <proc:CategorySubtotal>
                            <proc:TotalCost>
                                <proc:AllPriorYears>66.664</proc:AllPriorYears>
                                <proc:PriorYear>12.683</proc:PriorYear>
                                <proc:CurrentYear>12.96</proc:CurrentYear>
                                <proc:BudgetYearOneBase>11.067</proc:BudgetYearOneBase>
                                <proc:BudgetYearOne>11.067</proc:BudgetYearOne>
                            </proc:TotalCost>
                        </proc:CategorySubtotal>
                    </proc:Category>
                    <proc:Category>
                        <proc:Name>2) General Purpose Tools and Test Systems (GPT&amp;TS)</proc:Name>
                        <proc:ItemList>
                            <proc:Item>
                                <proc:Name footnote="The increase from FY 2025 to FY 2026 will support procurement completion of Microwave Comm and Radar Test Set (MRTS). The unit cost decrease is a result of step ladder pricing.">2.1) Microwave Comm and Radar Test Set (Handheld)</proc:Name>
                                <proc:IdCode>A</proc:IdCode>
                                <proc:ResourceSummary>
                                    <proc:Quantity>
                                        <proc:AllPriorYears>108</proc:AllPriorYears>
                                        <proc:PriorYear>27</proc:PriorYear>
                                        <proc:CurrentYear>15</proc:CurrentYear>
                                        <proc:BudgetYearOneBase>65</proc:BudgetYearOneBase>
                                        <proc:BudgetYearOne>65</proc:BudgetYearOne>
                                    </proc:Quantity>
                                    <proc:TotalCost>
                                        <proc:AllPriorYears>8.458</proc:AllPriorYears>
                                        <proc:PriorYear>2.095</proc:PriorYear>
                                        <proc:CurrentYear>1.253</proc:CurrentYear>
                                        <proc:BudgetYearOneBase>5</proc:BudgetYearOneBase>
                                        <proc:BudgetYearOne>5</proc:BudgetYearOne>
                                    </proc:TotalCost>
                                    <proc:UnitCost>
                                        <proc:AllPriorYears>78314.81</proc:AllPriorYears>
                                        <proc:PriorYear>77581</proc:PriorYear>
                                        <proc:CurrentYear>83500</proc:CurrentYear>
                                        <proc:BudgetYearOneBase>76923.08</proc:BudgetYearOneBase>
                                        <proc:BudgetYearOne>76923.08</proc:BudgetYearOne>
                                    </proc:UnitCost>
                                </proc:ResourceSummary>
                                <proc:AllPriorYearsDeliveries>108</proc:AllPriorYearsDeliveries>
                                <proc:ManufacturerList>
                                    <proc:Manufacturer>
                                        <proc:Name>Keysight</proc:Name>
                                        <proc:Location>Santa Rosa, CA</proc:Location>
                                        <proc:HistoryPlanningList>
                                            <proc:HistoryPlanning>
                                                <proc:FiscalYear>2024</proc:FiscalYear>
                                                <proc:PCOLocation>Mechanicsburg, PA</proc:PCOLocation>
                                                <proc:AwardDate>2024-03</proc:AwardDate>
                                                <proc:FirstDeliveryDate>2024-06</proc:FirstDeliveryDate>
                                                <proc:Quantity>27</proc:Quantity>
                                                <proc:UnitCost>77581.00</proc:UnitCost>
                                                <proc:SpecsAvailableNow>true</proc:SpecsAvailableNow>
                                                <proc:ContractMethod>C</proc:ContractMethod>
                                                <proc:ContractType>FFP</proc:ContractType>
                                            </proc:HistoryPlanning>
                                            <proc:HistoryPlanning>
                                                <proc:FiscalYear>2025</proc:FiscalYear>
                                                <proc:PCOLocation>Mechanicsburg, PA</proc:PCOLocation>
                                                <proc:AwardDate>2025-03</proc:AwardDate>
                                                <proc:FirstDeliveryDate>2025-06</proc:FirstDeliveryDate>
                                                <proc:Quantity>15</proc:Quantity>
                                                <proc:UnitCost>83500.00</proc:UnitCost>
                                                <proc:SpecsAvailableNow>true</proc:SpecsAvailableNow>
                                                <proc:ContractMethod>C</proc:ContractMethod>
                                                <proc:ContractType>FFP</proc:ContractType>
                                            </proc:HistoryPlanning>
                                            <proc:HistoryPlanning>
                                                <proc:FiscalYear>2026</proc:FiscalYear>
                                                <proc:PCOLocation>Mechanicsburg, PA</proc:PCOLocation>
                                                <proc:AwardDate>2025-10</proc:AwardDate>
                                                <proc:FirstDeliveryDate>2026-01</proc:FirstDeliveryDate>
                                                <proc:Quantity>65</proc:Quantity>
                                                <proc:UnitCost>76923.08</proc:UnitCost>
                                                <proc:SpecsAvailableNow>true</proc:SpecsAvailableNow>
                                                <proc:ContractMethod>C</proc:ContractMethod>
                                                <proc:ContractType>TBD</proc:ContractType>
                                            </proc:HistoryPlanning>
                                        </proc:HistoryPlanningList>
                                    </proc:Manufacturer>
                                </proc:ManufacturerList>
                            </proc:Item>
                            <proc:Item>
                                <proc:Name footnote="The decrease from FY 2025 to FY 2026 is a result of completion of the procurement of Fire Bottle Refill Shop.">2.2) Fire Bottle Refill Shop</proc:Name>
                                <proc:IdCode>A</proc:IdCode>
                                <proc:ResourceSummary>
                                    <proc:Quantity>
                                        <proc:AllPriorYears>4</proc:AllPriorYears>
                                        <proc:PriorYear>3</proc:PriorYear>
                                        <proc:CurrentYear>3</proc:CurrentYear>
                                    </proc:Quantity>
                                    <proc:TotalCost>
                                        <proc:AllPriorYears>1.7</proc:AllPriorYears>
                                        <proc:PriorYear>1.275</proc:PriorYear>
                                        <proc:CurrentYear>1.275</proc:CurrentYear>
                                    </proc:TotalCost>
                                    <proc:UnitCost>
                                        <proc:AllPriorYears>425000</proc:AllPriorYears>
                                        <proc:PriorYear>425000</proc:PriorYear>
                                        <proc:CurrentYear>425000</proc:CurrentYear>
                                    </proc:UnitCost>
                                </proc:ResourceSummary>
                                <proc:AllPriorYearsDeliveries>4</proc:AllPriorYearsDeliveries>
                                <proc:ManufacturerList>
                                    <proc:Manufacturer>
                                        <proc:Name>JMTC</proc:Name>
                                        <proc:Location>Rock Island IL</proc:Location>
                                        <proc:HistoryPlanningList>
                                            <proc:HistoryPlanning>
                                                <proc:FiscalYear>2024</proc:FiscalYear>
                                                <proc:PCOLocation>TACOM, Warren, MI</proc:PCOLocation>
                                                <proc:AwardDate>2024-01</proc:AwardDate>
                                                <proc:FirstDeliveryDate>2024-10</proc:FirstDeliveryDate>
                                                <proc:Quantity>3</proc:Quantity>
                                                <proc:UnitCost>425000.00</proc:UnitCost>
                                                <proc:SpecsAvailableNow>true</proc:SpecsAvailableNow>
                                                <proc:ContractMethod>C</proc:ContractMethod>
                                                <proc:ContractType>FFP</proc:ContractType>
                                            </proc:HistoryPlanning>
                                            <proc:HistoryPlanning>
                                                <proc:FiscalYear>2025</proc:FiscalYear>
                                                <proc:PCOLocation>TACOM, Warren, MI</proc:PCOLocation>
                                                <proc:AwardDate>2025-01</proc:AwardDate>
                                                <proc:FirstDeliveryDate>2025-10</proc:FirstDeliveryDate>
                                                <proc:Quantity>3</proc:Quantity>
                                                <proc:UnitCost>425000.00</proc:UnitCost>
                                                <proc:SpecsAvailableNow>true</proc:SpecsAvailableNow>
                                                <proc:ContractMethod>C</proc:ContractMethod>
                                                <proc:ContractType>FFP</proc:ContractType>
                                            </proc:HistoryPlanning>
                                        </proc:HistoryPlanningList>
                                    </proc:Manufacturer>
                                </proc:ManufacturerList>
                            </proc:Item>
                            <proc:Item>
                                <proc:Name footnote="The decrease from FY 2025 to FY 2026 is a result of completion of the Fluid Analysis Test Set-Tier I.">2.3) Fluid Analysis Test Set-Tier I (previously Oper Fluid Analy Test Set)</proc:Name>
                                <proc:IdCode>A</proc:IdCode>
                                <proc:ResourceSummary>
                                    <proc:Quantity>
                                        <proc:AllPriorYears>138</proc:AllPriorYears>
                                        <proc:PriorYear>5</proc:PriorYear>
                                        <proc:CurrentYear>23</proc:CurrentYear>
                                    </proc:Quantity>
                                    <proc:TotalCost>
                                        <proc:AllPriorYears>8.514</proc:AllPriorYears>
                                        <proc:PriorYear>0.3</proc:PriorYear>
                                        <proc:CurrentYear>1.38</proc:CurrentYear>
                                        <proc:BudgetYearOneBase>1</proc:BudgetYearOneBase>
                                        <proc:BudgetYearOne>1</proc:BudgetYearOne>
                                    </proc:TotalCost>
                                    <proc:UnitCost>
                                        <proc:AllPriorYears>61695.65</proc:AllPriorYears>
                                        <proc:PriorYear>60000</proc:PriorYear>
                                        <proc:CurrentYear>60000</proc:CurrentYear>
                                    </proc:UnitCost>
                                </proc:ResourceSummary>
                                <proc:AllPriorYearsDeliveries>138</proc:AllPriorYearsDeliveries>
                                <proc:ManufacturerList>
                                    <proc:Manufacturer>
                                        <proc:Name>Spectro Scientific</proc:Name>
                                        <proc:Location>Chelmsford, MA</proc:Location>
                                        <proc:HistoryPlanningList>
                                            <proc:HistoryPlanning>
                                                <proc:FiscalYear>2024</proc:FiscalYear>
                                                <proc:PCOLocation>Quantico, Va</proc:PCOLocation>
                                                <proc:AwardDate>2024-03</proc:AwardDate>
                                                <proc:FirstDeliveryDate>2024-12</proc:FirstDeliveryDate>
                                                <proc:Quantity>5</proc:Quantity>
                                                <proc:UnitCost>60000.00</proc:UnitCost>
                                                <proc:SpecsAvailableNow>true</proc:SpecsAvailableNow>
                                                <proc:ContractMethod>C</proc:ContractMethod>
                                                <proc:ContractType>FFP</proc:ContractType>
                                            </proc:HistoryPlanning>
                                            <proc:HistoryPlanning>
                                                <proc:FiscalYear>2025</proc:FiscalYear>
                                                <proc:PCOLocation>Quantico, VA</proc:PCOLocation>
                                                <proc:AwardDate>2025-03</proc:AwardDate>
                                                <proc:FirstDeliveryDate>2025-12</proc:FirstDeliveryDate>
                                                <proc:Quantity>23</proc:Quantity>
                                                <proc:UnitCost>60000.00</proc:UnitCost>
                                                <proc:SpecsAvailableNow>true</proc:SpecsAvailableNow>
                                                <proc:ContractMethod>C</proc:ContractMethod>
                                                <proc:ContractType>FFP</proc:ContractType>
                                            </proc:HistoryPlanning>
                                        </proc:HistoryPlanningList>
                                    </proc:Manufacturer>
                                </proc:ManufacturerList>
                            </proc:Item>
                            <proc:Item>
                                <proc:Name footnote="The decrease from FY 2025 to FY 2026 is a result of completion of the Fluid Analysis Test Set-Tier II.">2.4) Fluid Analysis Test Set-Tier II (previously Tech Fluid Analy Test Set)</proc:Name>
                                <proc:IdCode>A</proc:IdCode>
                                <proc:ResourceSummary>
                                    <proc:Quantity>
                                        <proc:AllPriorYears>17</proc:AllPriorYears>
                                        <proc:PriorYear>1</proc:PriorYear>
                                        <proc:CurrentYear>3</proc:CurrentYear>
                                    </proc:Quantity>
                                    <proc:TotalCost>
                                        <proc:AllPriorYears>2.399</proc:AllPriorYears>
                                        <proc:PriorYear>0.128</proc:PriorYear>
                                        <proc:CurrentYear>0.384</proc:CurrentYear>
                                    </proc:TotalCost>
                                    <proc:UnitCost>
                                        <proc:AllPriorYears>141117.65</proc:AllPriorYears>
                                        <proc:PriorYear>128000</proc:PriorYear>
                                        <proc:CurrentYear>128000</proc:CurrentYear>
                                    </proc:UnitCost>
                                </proc:ResourceSummary>
                                <proc:AllPriorYearsDeliveries>17</proc:AllPriorYearsDeliveries>
                                <proc:ManufacturerList>
                                    <proc:Manufacturer>
                                        <proc:Name>Spectro Scientific</proc:Name>
                                        <proc:Location>Chelmsford, MA</proc:Location>
                                        <proc:HistoryPlanningList>
                                            <proc:HistoryPlanning>
                                                <proc:FiscalYear>2024</proc:FiscalYear>
                                                <proc:PCOLocation>Quantico, Va</proc:PCOLocation>
                                                <proc:AwardDate>2024-01</proc:AwardDate>
                                                <proc:FirstDeliveryDate>2024-10</proc:FirstDeliveryDate>
                                                <proc:Quantity>1</proc:Quantity>
                                                <proc:UnitCost>128000.00</proc:UnitCost>
                                                <proc:SpecsAvailableNow>true</proc:SpecsAvailableNow>
                                                <proc:ContractMethod>C</proc:ContractMethod>
                                                <proc:ContractType>FFP</proc:ContractType>
                                            </proc:HistoryPlanning>
                                            <proc:HistoryPlanning>
                                                <proc:FiscalYear>2025</proc:FiscalYear>
                                                <proc:PCOLocation>Quantico, Va</proc:PCOLocation>
                                                <proc:AwardDate>2025-03</proc:AwardDate>
                                                <proc:FirstDeliveryDate>2025-12</proc:FirstDeliveryDate>
                                                <proc:Quantity>3</proc:Quantity>
                                                <proc:UnitCost>128000.00</proc:UnitCost>
                                                <proc:SpecsAvailableNow>true</proc:SpecsAvailableNow>
                                                <proc:ContractMethod>C</proc:ContractMethod>
                                                <proc:ContractType>FFP</proc:ContractType>
                                            </proc:HistoryPlanning>
                                        </proc:HistoryPlanningList>
                                    </proc:Manufacturer>
                                </proc:ManufacturerList>
                            </proc:Item>
                            <proc:Item>
                                <proc:Name footnote="The decrease from FY 2025 to FY 2026 is a result of completion of the GSM TMDE Systems Fielding, Training &amp; Calibration Support.">2.5) GSM TMDE Systems Fielding, Training &amp; Calibration Support - CCT</proc:Name>
                                <proc:IdCode>A</proc:IdCode>
                                <proc:ResourceSummary>
                                    <proc:TotalCost>
                                        <proc:AllPriorYears>3.007</proc:AllPriorYears>
                                        <proc:PriorYear>0.286</proc:PriorYear>
                                        <proc:CurrentYear>0.294</proc:CurrentYear>
                                    </proc:TotalCost>
                                </proc:ResourceSummary>
                            </proc:Item>
                            <proc:Item>
                                <proc:Name footnote="The increase from FY 2025 to FY 2026 supports hardware and software requirements for initial fielding.  Cost includes ATEP SW/HW Support &amp; GPMTE HW &amp; SW Support.">2.6) GSM HW-SW Support</proc:Name>
                                <proc:IdCode>A</proc:IdCode>
                                <proc:ResourceSummary>
                                    <proc:TotalCost>
                                        <proc:AllPriorYears>0.696</proc:AllPriorYears>
                                        <proc:PriorYear>0.63</proc:PriorYear>
                                        <proc:CurrentYear>1.11</proc:CurrentYear>
                                        <proc:BudgetYearOneBase>1.143</proc:BudgetYearOneBase>
                                        <proc:BudgetYearOne>1.143</proc:BudgetYearOne>
                                    </proc:TotalCost>
                                </proc:ResourceSummary>
                            </proc:Item>
                            <proc:Item>
                                <proc:Name footnote="The increase from FY 2025 to FY 2026 supports procurement of Shop Equipment Contact Maintenance (SECM) that aligns with the JTLV transition and the scheduled requirement for support equipment and maintenance.">2.7) JLTV Shop Equipmt Contact Maintenance (SECM)</proc:Name>
                                <proc:IdCode>A</proc:IdCode>
                                <proc:ResourceSummary>
                                    <proc:Quantity>
                                        <proc:BudgetYearOneBase>10</proc:BudgetYearOneBase>
                                        <proc:BudgetYearOne>10</proc:BudgetYearOne>
                                    </proc:Quantity>
                                    <proc:TotalCost>
                                        <proc:BudgetYearOneBase>2.953</proc:BudgetYearOneBase>
                                        <proc:BudgetYearOne>2.953</proc:BudgetYearOne>
                                    </proc:TotalCost>
                                    <proc:UnitCost>
                                        <proc:BudgetYearOneBase>295300</proc:BudgetYearOneBase>
                                        <proc:BudgetYearOne>295300</proc:BudgetYearOne>
                                    </proc:UnitCost>
                                </proc:ResourceSummary>
                                <proc:ManufacturerList>
                                    <proc:Manufacturer>
                                        <proc:Name>TBD</proc:Name>
                                        <proc:Location>TBD</proc:Location>
                                        <proc:HistoryPlanningList>
                                            <proc:HistoryPlanning>
                                                <proc:FiscalYear>2026</proc:FiscalYear>
                                                <proc:PCOLocation>TBD</proc:PCOLocation>
                                                <proc:AwardDate>2026-03</proc:AwardDate>
                                                <proc:FirstDeliveryDate>2026-03</proc:FirstDeliveryDate>
                                                <proc:Quantity>10</proc:Quantity>
                                                <proc:UnitCost>295300.00</proc:UnitCost>
                                                <proc:SpecsAvailableNow>false</proc:SpecsAvailableNow>
                                                <proc:RevisionsAvailableDate>2026-03</proc:RevisionsAvailableDate>
                                                <proc:ContractMethod>C</proc:ContractMethod>
                                                <proc:ContractType>TBD</proc:ContractType>
                                            </proc:HistoryPlanning>
                                        </proc:HistoryPlanningList>
                                    </proc:Manufacturer>
                                </proc:ManufacturerList>
                            </proc:Item>
                            <proc:Item>
                                <proc:Name>2.8) CBM+ Test Systems</proc:Name>
                                <proc:IdCode>A</proc:IdCode>
                                <proc:ResourceSummary>
                                    <proc:TotalCost>
                                        <proc:AllPriorYears>6.681</proc:AllPriorYears>
                                        <proc:PriorYear>11.9</proc:PriorYear>
                                    </proc:TotalCost>
                                </proc:ResourceSummary>
                            </proc:Item>
                            <proc:Item>
                                <proc:Name>2.9) Additive Manufacturing Equipment</proc:Name>
                                <proc:IdCode>A</proc:IdCode>
                                <proc:ResourceSummary>
                                    <proc:TotalCost>
                                        <proc:AllPriorYears>4.5</proc:AllPriorYears>
                                    </proc:TotalCost>
                                </proc:ResourceSummary>
                            </proc:Item>
                            <proc:Item>
                                <proc:Name footnote="The increase from FY 2025 to FY 2026 aligns with the cost to procure the mechanical and electrical test equipment, and tool sets and kits in support of ground Marine Corps systems.">2.10) General Purpose Tools and Test Systems Equipment</proc:Name>
                                <proc:IdCode>A</proc:IdCode>
                                <proc:ResourceSummary>
                                    <proc:TotalCost>
                                        <proc:AllPriorYears>0.703</proc:AllPriorYears>
                                        <proc:CurrentYear>7.342</proc:CurrentYear>
                                        <proc:BudgetYearOneBase>10.528</proc:BudgetYearOneBase>
                                        <proc:BudgetYearOne>10.528</proc:BudgetYearOne>
                                    </proc:TotalCost>
                                </proc:ResourceSummary>
                            </proc:Item>
                            <proc:Item>
                                <proc:Name footnote="The increase from FY 2025 to FY 2026 aligns with engineering, logistics, system software, and cyber security support costs required to field multiple GPT&amp;TS equipment.">2.11) GPT&amp;TS Eng/ Soft/ Log Support</proc:Name>
                                <proc:IdCode>A</proc:IdCode>
                                <proc:ResourceSummary>
                                    <proc:TotalCost>
                                        <proc:AllPriorYears>23.38</proc:AllPriorYears>
                                        <proc:PriorYear>3.072</proc:PriorYear>
                                        <proc:CurrentYear>6.805</proc:CurrentYear>
                                        <proc:BudgetYearOneBase>6.848</proc:BudgetYearOneBase>
                                        <proc:BudgetYearOne>6.848</proc:BudgetYearOne>
                                    </proc:TotalCost>
                                </proc:ResourceSummary>
                            </proc:Item>
                        </proc:ItemList>
                        <proc:CategorySubtotal>
                            <proc:TotalCost>
                                <proc:AllPriorYears>60.038</proc:AllPriorYears>
                                <proc:PriorYear>19.686</proc:PriorYear>
                                <proc:CurrentYear>19.843</proc:CurrentYear>
                                <proc:BudgetYearOneBase>27.472</proc:BudgetYearOneBase>
                                <proc:BudgetYearOne>27.472</proc:BudgetYearOne>
                            </proc:TotalCost>
                        </proc:CategorySubtotal>
                    </proc:Category>
                    <proc:Category>
                        <proc:Name>3) Automatic Test Systems</proc:Name>
                        <proc:ItemList>
                            <proc:Item>
                                <proc:Name footnote="The decrease from FY 2025 to FY 2026 aligns with planned modernization efforts for General Purpose Application Program Sets.">3.1) Application Program Sets/Test Program Sets</proc:Name>
                                <proc:IdCode>A</proc:IdCode>
                                <proc:ResourceSummary>
                                    <proc:TotalCost>
                                        <proc:AllPriorYears>22.466</proc:AllPriorYears>
                                        <proc:PriorYear>0.869</proc:PriorYear>
                                        <proc:CurrentYear>1.962</proc:CurrentYear>
                                        <proc:BudgetYearOneBase>0.944</proc:BudgetYearOneBase>
                                        <proc:BudgetYearOne>0.944</proc:BudgetYearOne>
                                    </proc:TotalCost>
                                </proc:ResourceSummary>
                            </proc:Item>
                            <proc:Item>
                                <proc:Name footnote="The increase from FY 2025 to FY 2026 is a result of the procurement of Hand-Held Radio Test Systems and Tactical Radio Intermediate Test Set.">3.2) Automatic Test Equipment</proc:Name>
                                <proc:IdCode>A</proc:IdCode>
                                <proc:ResourceSummary>
                                    <proc:TotalCost>
                                        <proc:AllPriorYears>51.75</proc:AllPriorYears>
                                        <proc:PriorYear>8.336</proc:PriorYear>
                                        <proc:CurrentYear>7.405</proc:CurrentYear>
                                        <proc:BudgetYearOneBase>9.513</proc:BudgetYearOneBase>
                                        <proc:BudgetYearOne>9.513</proc:BudgetYearOne>
                                    </proc:TotalCost>
                                </proc:ResourceSummary>
                            </proc:Item>
                            <proc:Item>
                                <proc:Name footnote="The decrease in funding from FY 2025 to FY 2026 aligns with completion of engineering change proposals for General Purpose Automatic Test Systems (GPATS).">3.3) ATS Engineering Support</proc:Name>
                                <proc:ResourceSummary>
                                    <proc:TotalCost>
                                        <proc:AllPriorYears>10.845</proc:AllPriorYears>
                                        <proc:PriorYear>0.476</proc:PriorYear>
                                        <proc:CurrentYear>0.489</proc:CurrentYear>
                                        <proc:BudgetYearOneBase>0.315</proc:BudgetYearOneBase>
                                        <proc:BudgetYearOne>0.315</proc:BudgetYearOne>
                                    </proc:TotalCost>
                                </proc:ResourceSummary>
                            </proc:Item>
                            <proc:Item>
                                <proc:Name footnote="The decrease in funding from FY 2025 to FY 2026 aligns with software support costs required for Hand-Held Radio Test Set (HHRTS).">3.4) ATS Software Support</proc:Name>
                                <proc:ResourceSummary>
                                    <proc:TotalCost>
                                        <proc:AllPriorYears>9.221</proc:AllPriorYears>
                                        <proc:PriorYear>0.72</proc:PriorYear>
                                        <proc:CurrentYear>0.718</proc:CurrentYear>
                                        <proc:BudgetYearOneBase>0.624</proc:BudgetYearOneBase>
                                        <proc:BudgetYearOne>0.624</proc:BudgetYearOne>
                                    </proc:TotalCost>
                                </proc:ResourceSummary>
                            </proc:Item>
                            <proc:Item>
                                <proc:Name footnote="The decrease in funding from FY 2025 to FY 2026 aligns with fielding support required for Hand-Held Radio Test Set (HHRTS).">3.5) ATS Logistic Support</proc:Name>
                                <proc:ResourceSummary>
                                    <proc:TotalCost>
                                        <proc:AllPriorYears>3.232</proc:AllPriorYears>
                                        <proc:PriorYear>0.136</proc:PriorYear>
                                        <proc:CurrentYear>0.119</proc:CurrentYear>
                                        <proc:BudgetYearOneBase>0.095</proc:BudgetYearOneBase>
                                        <proc:BudgetYearOne>0.095</proc:BudgetYearOne>
                                    </proc:TotalCost>
                                </proc:ResourceSummary>
                            </proc:Item>
                        </proc:ItemList>
                        <proc:CategorySubtotal>
                            <proc:TotalCost>
                                <proc:AllPriorYears>97.514</proc:AllPriorYears>
                                <proc:PriorYear>10.537</proc:PriorYear>
                                <proc:CurrentYear>10.693</proc:CurrentYear>
                                <proc:BudgetYearOneBase>11.491</proc:BudgetYearOneBase>
                                <proc:BudgetYearOne>11.491</proc:BudgetYearOne>
                            </proc:TotalCost>
                        </proc:CategorySubtotal>
                    </proc:Category>
                    <proc:Category>
                        <proc:Name>4) Calibration &amp; Maintenance Program (CAMP)</proc:Name>
                        <proc:ItemList>
                            <proc:Item>
                                <proc:Name footnote="The increase from FY 2025 to FY 2026 supports aligns with the cost to procure various calibration equipment.">4.1) Various Calibration Equipment</proc:Name>
                                <proc:IdCode>A</proc:IdCode>
                                <proc:ResourceSummary>
                                    <proc:TotalCost>
                                        <proc:AllPriorYears>7.606</proc:AllPriorYears>
                                        <proc:PriorYear>0.13</proc:PriorYear>
                                        <proc:CurrentYear>0.137</proc:CurrentYear>
                                        <proc:BudgetYearOneBase>2.793</proc:BudgetYearOneBase>
                                        <proc:BudgetYearOne>2.793</proc:BudgetYearOne>
                                    </proc:TotalCost>
                                </proc:ResourceSummary>
                            </proc:Item>
                        </proc:ItemList>
                        <proc:CategorySubtotal>
                            <proc:TotalCost>
                                <proc:AllPriorYears>7.606</proc:AllPriorYears>
                                <proc:PriorYear>0.13</proc:PriorYear>
                                <proc:CurrentYear>0.137</proc:CurrentYear>
                                <proc:BudgetYearOneBase>2.793</proc:BudgetYearOneBase>
                                <proc:BudgetYearOne>2.793</proc:BudgetYearOne>
                            </proc:TotalCost>
                        </proc:CategorySubtotal>
                    </proc:Category>
                    <proc:Category>
                        <proc:Name>5) Conditions Based Maintenance (CBM+)</proc:Name>
                        <proc:ItemList>
                            <proc:Item>
                                <proc:Name footnote="The decrease from FY 2025 to FY 2026 is due to the procurement schedule of Data loggers and Multi-Function Trip Tool.">5.1) CBM+ Hardware</proc:Name>
                                <proc:IdCode>A</proc:IdCode>
                                <proc:ResourceSummary>
                                    <proc:TotalCost>
                                        <proc:CurrentYear>6.015</proc:CurrentYear>
                                        <proc:BudgetYearOneBase>2.32</proc:BudgetYearOneBase>
                                        <proc:BudgetYearOne>2.32</proc:BudgetYearOne>
                                    </proc:TotalCost>
                                </proc:ResourceSummary>
                            </proc:Item>
                            <proc:Item>
                                <proc:Name>5.2) Technical Support</proc:Name>
                                <proc:IdCode>A</proc:IdCode>
                                <proc:ResourceSummary>
                                    <proc:TotalCost>
                                        <proc:CurrentYear>2.5</proc:CurrentYear>
                                    </proc:TotalCost>
                                </proc:ResourceSummary>
                            </proc:Item>
                        </proc:ItemList>
                        <proc:CategorySubtotal>
                            <proc:TotalCost>
                                <proc:AllPriorYears>0</proc:AllPriorYears>
                                <proc:CurrentYear>8.515</proc:CurrentYear>
                                <proc:BudgetYearOneBase>2.32</proc:BudgetYearOneBase>
                                <proc:BudgetYearOne>2.32</proc:BudgetYearOne>
                            </proc:TotalCost>
                        </proc:CategorySubtotal>
                    </proc:Category>
                    <proc:Category>
                        <proc:Name>6) Additive Manufacturing</proc:Name>
                        <proc:ItemList>
                            <proc:Item>
                                <proc:Name footnote="The decrease from FY 2025 to FY 2026 is due to the XFAB production schedule.">6.1) Additive Manufacturing Equipment</proc:Name>
                                <proc:IdCode>A</proc:IdCode>
                                <proc:ResourceSummary>
                                    <proc:TotalCost>
                                        <proc:PriorYear>7.566</proc:PriorYear>
                                        <proc:CurrentYear>9</proc:CurrentYear>
                                        <proc:BudgetYearOneBase>3.998</proc:BudgetYearOneBase>
                                        <proc:BudgetYearOne>3.998</proc:BudgetYearOne>
                                    </proc:TotalCost>
                                </proc:ResourceSummary>
                            </proc:Item>
                            <proc:Item>
                                <proc:Name footnote="The decrease from FY 2025 to FY 2026 is due to the procurement schedule for the XFAB and TACFAB systems.">6.2) Additive Manufacturing Support</proc:Name>
                                <proc:IdCode>A</proc:IdCode>
                                <proc:ResourceSummary>
                                    <proc:TotalCost>
                                        <proc:PriorYear>1.488</proc:PriorYear>
                                        <proc:CurrentYear>3.142</proc:CurrentYear>
                                        <proc:BudgetYearOneBase>2.123</proc:BudgetYearOneBase>
                                        <proc:BudgetYearOne>2.123</proc:BudgetYearOne>
                                    </proc:TotalCost>
                                </proc:ResourceSummary>
                            </proc:Item>
                        </proc:ItemList>
                        <proc:CategorySubtotal>
                            <proc:TotalCost>
                                <proc:AllPriorYears>0</proc:AllPriorYears>
                                <proc:PriorYear>9.054</proc:PriorYear>
                                <proc:CurrentYear>12.142</proc:CurrentYear>
                                <proc:BudgetYearOneBase>6.121</proc:BudgetYearOneBase>
                                <proc:BudgetYearOne>6.121</proc:BudgetYearOne>
                            </proc:TotalCost>
                        </proc:CategorySubtotal>
                    </proc:Category>
                    <proc:Category>
                        <proc:Name>7) Prior Year Cum Funding</proc:Name>
                        <proc:ItemList>
                            <proc:Item>
                                <proc:Name>7.1) Prior Year Cum Funding</proc:Name>
                                <proc:IdCode>A</proc:IdCode>
                                <proc:ResourceSummary>
                                    <proc:TotalCost>
                                        <proc:AllPriorYears>244.404</proc:AllPriorYears>
                                    </proc:TotalCost>
                                </proc:ResourceSummary>
                            </proc:Item>
                        </proc:ItemList>
                        <proc:CategorySubtotal>
                            <proc:TotalCost>
                                <proc:AllPriorYears>244.404</proc:AllPriorYears>
                            </proc:TotalCost>
                        </proc:CategorySubtotal>
                    </proc:Category>
                </proc:CategoryList>
                <proc:TotalCost>
                    <proc:TotalCost>
                        <proc:AllPriorYears>476.226</proc:AllPriorYears>
                        <proc:PriorYear>52.09</proc:PriorYear>
                        <proc:CurrentYear>64.29</proc:CurrentYear>
                        <proc:BudgetYearOneBase>61.264</proc:BudgetYearOneBase>
                        <proc:BudgetYearOne>61.264</proc:BudgetYearOne>
                    </proc:TotalCost>
                </proc:TotalCost>
            </proc:P40AItemGroup>
        </proc:ItemExhibitList>
        <proc:DocumentAssemblyOptions>
            <proc:p40AItemScheduleSetting>total</proc:p40AItemScheduleSetting>
        </proc:DocumentAssemblyOptions>
    </proc:LineItem>
</proc:LineItemList>