<?xml version="1.0" encoding="UTF-8"?>
<proc:LineItemList xmlns:proc="http://www.dtic.mil/comptroller/xml/schema/20100219/procurement">
    <proc:LineItem quantityUnits="Each" unitCostUnits="Dollars" totalCostUnits="Millions" manufacturerRateUnits="Yearly" suppressOutfittingDeliveryBY2ToBY5="true">
        <proc:LineItemNumber>3016</proc:LineItemNumber>
        <proc:LineItemTitle>Family Anti-Armor Weapon Systems (FOAAWS)</proc:LineItemTitle>
        <proc:P1LineNumber>15</proc:P1LineNumber>
        <proc:BudgetYear>2026</proc:BudgetYear>
        <proc:BudgetCycle>PB</proc:BudgetCycle>
        <proc:SubmissionDate>2025-06</proc:SubmissionDate>
        <proc:ServiceAgencyName>Navy</proc:ServiceAgencyName>
        <proc:AppropriationNumber>1109N</proc:AppropriationNumber>
        <proc:AppropriationTitle>Procurement, Marine Corps</proc:AppropriationTitle>
        <proc:BudgetActivityNumber>3</proc:BudgetActivityNumber>
        <proc:BudgetActivityTitle>Guided missiles and equipment</proc:BudgetActivityTitle>
        <proc:BudgetSubActivityNumber>1</proc:BudgetSubActivityNumber>
        <proc:BudgetSubActivityTitle>Guided Missiles</proc:BudgetSubActivityTitle>
        <proc:ResourceSummary>
            <proc:TotalCost>
                <proc:AllPriorYears>213.908</proc:AllPriorYears>
                <proc:PriorYear>32.61</proc:PriorYear>
                <proc:CurrentYear>9.521</proc:CurrentYear>
                <proc:BudgetYearOneBase>0.107</proc:BudgetYearOneBase>
                <proc:BudgetYearOneOOC>0</proc:BudgetYearOneOOC>
                <proc:BudgetYearOne>0.107</proc:BudgetYearOne>
            </proc:TotalCost>
            <proc:NetProcurementP1>
                <proc:AllPriorYears>213.908</proc:AllPriorYears>
                <proc:PriorYear>32.61</proc:PriorYear>
                <proc:CurrentYear>9.521</proc:CurrentYear>
                <proc:BudgetYearOneBase>0.107</proc:BudgetYearOneBase>
                <proc:BudgetYearOneOOC>0</proc:BudgetYearOneOOC>
                <proc:BudgetYearOne>0.107</proc:BudgetYearOne>
            </proc:NetProcurementP1>
            <proc:TotalObligationAuthority>
                <proc:AllPriorYears>213.908</proc:AllPriorYears>
                <proc:PriorYear>32.61</proc:PriorYear>
                <proc:CurrentYear>9.521</proc:CurrentYear>
                <proc:BudgetYearOneBase>0.107</proc:BudgetYearOneBase>
                <proc:BudgetYearOneOOC>0</proc:BudgetYearOneOOC>
                <proc:BudgetYearOne>0.107</proc:BudgetYearOne>
            </proc:TotalObligationAuthority>
        </proc:ResourceSummary>
        <proc:Code>A</proc:Code>
        <proc:OtherRelatedProgramElementList>
            <proc:ProgramElementNumber>0603635M</proc:ProgramElementNumber>
        </proc:OtherRelatedProgramElementList>
        <proc:Description>Family of Anti-Armor Weapon Systems (FOAAWS)

The Family of Anti-Armor Weapon Systems portfolio provides anti-armor, anti-personnel, anti-material, and assault capabilities to Marine Rifle Squads, Combat Engineers, and Reconnaissance Teams to effectively execute both offensive and defensive operations such as Multi-purpose Anti-Armor Weapon System (MAAWS) M3A1, which is a portable, shoulder-fired, line-of-sight, reloadable, 84mm recoilless rifle. The Fire Control System (FCS), which is a precision-mounted optic with integrated Laser Range finder and a ballistic computer to provide precision firing solutions based on ammo type, range, and other key targeting information for MAAWS engagements. The FOAAWS portfolio also includes multiple systems required to support initial training at formal schools, operational training at operational units, and unit-level sustainment support equipment. Training devices include 7.62mm and 20mm Sub-caliber Adapters used for familiarization and operational training for the MAAWS, as well as the M72AS Light Anti-Tank Weapon (LAW) Trainer and the M287 AT4 Practice Launcher.</proc:Description>
        <proc:Justification>FY 2026 Base Appropriation Request: $0.107M

The FY 2026 request funds the procurement of 2 Fire Control Systems (FCS) as a technical refresh to replace existing FCS13RE Fire Control Systems with an advanced solution that will include integrated night vision and target magnification to enable Marines to more effectively identify and engage enemy targets during day and night operations. 

The decrease from FY 2025 to FY 2026 reflects a reduction of FCS procurements.</proc:Justification>
        <proc:ItemExhibitList>
            <proc:P5Item>
                <proc:Name>Follow on To Smaw - Active</proc:Name>
                <proc:ItemNumber>1</proc:ItemNumber>
                <proc:ResourceSummary>
                    <proc:TotalCost>
                        <proc:AllPriorYears>213.908</proc:AllPriorYears>
                        <proc:PriorYear>32.61</proc:PriorYear>
                        <proc:CurrentYear>9.521</proc:CurrentYear>
                        <proc:BudgetYearOneBase>0.107</proc:BudgetYearOneBase>
                        <proc:BudgetYearOneOOC>0</proc:BudgetYearOneOOC>
                        <proc:BudgetYearOne>0.107</proc:BudgetYearOne>
                    </proc:TotalCost>
                    <proc:NetProcurementP1>
                        <proc:AllPriorYears>213.908</proc:AllPriorYears>
                        <proc:PriorYear>32.61</proc:PriorYear>
                        <proc:CurrentYear>9.521</proc:CurrentYear>
                        <proc:BudgetYearOneBase>0.107</proc:BudgetYearOneBase>
                        <proc:BudgetYearOneOOC>0</proc:BudgetYearOneOOC>
                        <proc:BudgetYearOne>0.107</proc:BudgetYearOne>
                    </proc:NetProcurementP1>
                    <proc:TotalObligationAuthority>
                        <proc:AllPriorYears>213.908</proc:AllPriorYears>
                        <proc:PriorYear>32.61</proc:PriorYear>
                        <proc:CurrentYear>9.521</proc:CurrentYear>
                        <proc:BudgetYearOneBase>0.107</proc:BudgetYearOneBase>
                        <proc:BudgetYearOneOOC>0</proc:BudgetYearOneOOC>
                        <proc:BudgetYearOne>0.107</proc:BudgetYearOne>
                    </proc:TotalObligationAuthority>
                </proc:ResourceSummary>
                <proc:CostElementCategoryList>
                    <proc:Flyaway>
                        <proc:Recurring>
                            <proc:CostElementList>
                                <proc:CostElement>
                                    <proc:Name>1.1.1) M3A1</proc:Name>
                                    <proc:Cost>
                                        <proc:Quantity>
                                            <proc:AllPriorYears>1234</proc:AllPriorYears>
                                            <proc:PriorYear>253</proc:PriorYear>
                                        </proc:Quantity>
                                        <proc:TotalCost>
                                            <proc:AllPriorYears>40.233</proc:AllPriorYears>
                                            <proc:PriorYear>9.826</proc:PriorYear>
                                        </proc:TotalCost>
                                        <proc:UnitCost>
                                            <proc:AllPriorYears>32603.73</proc:AllPriorYears>
                                            <proc:PriorYear>38838.21</proc:PriorYear>
                                        </proc:UnitCost>
                                    </proc:Cost>
                                    <proc:AllPriorYearsDeliveries>999</proc:AllPriorYearsDeliveries>
                                    <proc:ManufacturerList>
                                        <proc:Manufacturer>
                                            <proc:Name footnote="This manufacturer is producing for both USMC and the Army.  The delivery schedule reflects the Marine Corps planned deliveries in support of Marine Corps fielding plans.">Saab Dynamics AB</proc:Name>
                                            <proc:Location>Sweden</proc:Location>
                                            <proc:HistoryPlanningList>
                                                <proc:HistoryPlanning>
                                                    <proc:FiscalYear>2023</proc:FiscalYear>
                                                    <proc:PCOLocation>ACC-NJ, Picatinny Arsenal, NJ</proc:PCOLocation>
                                                    <proc:AwardDate>2023-02</proc:AwardDate>
                                                    <proc:FirstDeliveryDate>2024-02</proc:FirstDeliveryDate>
                                                    <proc:Quantity>235</proc:Quantity>
                                                    <proc:UnitCost>27447.00</proc:UnitCost>
                                                    <proc:SpecsAvailableNow>true</proc:SpecsAvailableNow>
                                                    <proc:ContractMethod>SS</proc:ContractMethod>
                                                    <proc:ContractType>IDIQ</proc:ContractType>
                                                </proc:HistoryPlanning>
                                                <proc:HistoryPlanning>
                                                    <proc:FiscalYear>2024</proc:FiscalYear>
                                                    <proc:PCOLocation>ACC-NJ, Picatinny Arsenal, NJ</proc:PCOLocation>
                                                    <proc:AwardDate>2023-10</proc:AwardDate>
                                                    <proc:FirstDeliveryDate>2024-10</proc:FirstDeliveryDate>
                                                    <proc:Quantity>253</proc:Quantity>
                                                    <proc:UnitCost>38838.21</proc:UnitCost>
                                                    <proc:SpecsAvailableNow>true</proc:SpecsAvailableNow>
                                                    <proc:ContractMethod>SS</proc:ContractMethod>
                                                    <proc:ContractType>IDIQ</proc:ContractType>
                                                </proc:HistoryPlanning>
                                            </proc:HistoryPlanningList>
                                        </proc:Manufacturer>
                                    </proc:ManufacturerList>
                                </proc:CostElement>
                                <proc:CostElement>
                                    <proc:Name footnote="The unit price varies from year-to-year based on overall order quantities. The decrease from FY 2025 to FY 2026 is due to a reduction in quantity of Fire Control Systems procured.">1.1.2) Fire Control</proc:Name>
                                    <proc:Cost>
                                        <proc:Quantity>
                                            <proc:AllPriorYears>1243</proc:AllPriorYears>
                                            <proc:PriorYear>304</proc:PriorYear>
                                            <proc:CurrentYear>267</proc:CurrentYear>
                                            <proc:BudgetYearOneBase>2</proc:BudgetYearOneBase>
                                            <proc:BudgetYearOne>2</proc:BudgetYearOne>
                                        </proc:Quantity>
                                        <proc:TotalCost>
                                            <proc:AllPriorYears>43.684</proc:AllPriorYears>
                                            <proc:PriorYear>9.774</proc:PriorYear>
                                            <proc:CurrentYear>9.497</proc:CurrentYear>
                                            <proc:BudgetYearOneBase>0.103</proc:BudgetYearOneBase>
                                            <proc:BudgetYearOne>0.103</proc:BudgetYearOne>
                                        </proc:TotalCost>
                                        <proc:UnitCost>
                                            <proc:AllPriorYears>35144.01</proc:AllPriorYears>
                                            <proc:PriorYear>32151.32</proc:PriorYear>
                                            <proc:CurrentYear>35569.01</proc:CurrentYear>
                                            <proc:BudgetYearOneBase>51500</proc:BudgetYearOneBase>
                                            <proc:BudgetYearOne>51500</proc:BudgetYearOne>
                                        </proc:UnitCost>
                                    </proc:Cost>
                                    <proc:AllPriorYearsDeliveries>1243</proc:AllPriorYearsDeliveries>
                                    <proc:ManufacturerList>
                                        <proc:Manufacturer>
                                            <proc:Name>Aimpoint</proc:Name>
                                            <proc:Location>Sweden</proc:Location>
                                            <proc:HistoryPlanningList>
                                                <proc:HistoryPlanning>
                                                    <proc:FiscalYear>2024</proc:FiscalYear>
                                                    <proc:PCOLocation>ACC-NJ, Picatinny Arsenal, NJ</proc:PCOLocation>
                                                    <proc:AwardDate>2023-12</proc:AwardDate>
                                                    <proc:FirstDeliveryDate>2024-04</proc:FirstDeliveryDate>
                                                    <proc:Quantity>304</proc:Quantity>
                                                    <proc:UnitCost>32151.32</proc:UnitCost>
                                                    <proc:SpecsAvailableNow>true</proc:SpecsAvailableNow>
                                                    <proc:ContractMethod>SS</proc:ContractMethod>
                                                    <proc:ContractType>IDIQ</proc:ContractType>
                                                </proc:HistoryPlanning>
                                                <proc:HistoryPlanning>
                                                    <proc:FiscalYear>2025</proc:FiscalYear>
                                                    <proc:PCOLocation>ACC-NJ, Picatinny Arsenal, NJ</proc:PCOLocation>
                                                    <proc:AwardDate>2024-12</proc:AwardDate>
                                                    <proc:FirstDeliveryDate>2025-04</proc:FirstDeliveryDate>
                                                    <proc:Quantity>267</proc:Quantity>
                                                    <proc:UnitCost>35569.01</proc:UnitCost>
                                                    <proc:SpecsAvailableNow>true</proc:SpecsAvailableNow>
                                                    <proc:ContractMethod>SS</proc:ContractMethod>
                                                    <proc:ContractType>IDIQ</proc:ContractType>
                                                </proc:HistoryPlanning>
                                                <proc:HistoryPlanning>
                                                    <proc:FiscalYear>2026</proc:FiscalYear>
                                                    <proc:PCOLocation>ACC-NJ, Picatinny Arsenal, NJ</proc:PCOLocation>
                                                    <proc:AwardDate>2025-12</proc:AwardDate>
                                                    <proc:FirstDeliveryDate>2026-04</proc:FirstDeliveryDate>
                                                    <proc:Quantity>2</proc:Quantity>
                                                    <proc:UnitCost>51500.00</proc:UnitCost>
                                                    <proc:SpecsAvailableNow>true</proc:SpecsAvailableNow>
                                                    <proc:ContractMethod>SS</proc:ContractMethod>
                                                    <proc:ContractType>IDDQ</proc:ContractType>
                                                </proc:HistoryPlanning>
                                            </proc:HistoryPlanningList>
                                        </proc:Manufacturer>
                                    </proc:ManufacturerList>
                                </proc:CostElement>
                                <proc:CostElement>
                                    <proc:Name>1.1.3) Sub-Cal Adapter: 20MM</proc:Name>
                                    <proc:Cost>
                                        <proc:TotalCost>
                                            <proc:AllPriorYears>2.461</proc:AllPriorYears>
                                            <proc:PriorYear>0.943</proc:PriorYear>
                                        </proc:TotalCost>
                                    </proc:Cost>
                                </proc:CostElement>
                            </proc:CostElementList>
                            <proc:CategorySubtotal>
                                <proc:TotalCost>
                                    <proc:AllPriorYears>86.378</proc:AllPriorYears>
                                    <proc:PriorYear>20.543</proc:PriorYear>
                                    <proc:CurrentYear>9.497</proc:CurrentYear>
                                    <proc:BudgetYearOneBase>0.103</proc:BudgetYearOneBase>
                                    <proc:BudgetYearOne>0.103</proc:BudgetYearOne>
                                </proc:TotalCost>
                            </proc:CategorySubtotal>
                        </proc:Recurring>
                        <proc:CategorySubtotal>
                            <proc:TotalCost>
                                <proc:AllPriorYears>86.378</proc:AllPriorYears>
                                <proc:PriorYear>20.543</proc:PriorYear>
                                <proc:CurrentYear>9.497</proc:CurrentYear>
                                <proc:BudgetYearOneBase>0.103</proc:BudgetYearOneBase>
                                <proc:BudgetYearOne>0.103</proc:BudgetYearOne>
                            </proc:TotalCost>
                        </proc:CategorySubtotal>
                    </proc:Flyaway>
                    <proc:Support>
                        <proc:CostElementList>
                            <proc:CostElement>
                                <proc:Name>2.1) Technical, Engineering and Program Management Services</proc:Name>
                                <proc:Cost>
                                    <proc:TotalCost>
                                        <proc:AllPriorYears>5.774</proc:AllPriorYears>
                                        <proc:PriorYear>0.065</proc:PriorYear>
                                        <proc:CurrentYear>0.024</proc:CurrentYear>
                                        <proc:BudgetYearOneBase>0.004</proc:BudgetYearOneBase>
                                        <proc:BudgetYearOne>0.004</proc:BudgetYearOne>
                                    </proc:TotalCost>
                                </proc:Cost>
                            </proc:CostElement>
                            <proc:CostElement>
                                <proc:Name>2.2) Prior Years Cumulative Funding</proc:Name>
                                <proc:Cost>
                                    <proc:TotalCost>
                                        <proc:AllPriorYears>121.756</proc:AllPriorYears>
                                    </proc:TotalCost>
                                </proc:Cost>
                            </proc:CostElement>
                            <proc:CostElement>
                                <proc:Name>2.3) FCS UKRAINE</proc:Name>
                                <proc:Cost>
                                    <proc:Quantity>
                                        <proc:PriorYear>337</proc:PriorYear>
                                    </proc:Quantity>
                                    <proc:TotalCost>
                                        <proc:PriorYear>12.002</proc:PriorYear>
                                    </proc:TotalCost>
                                    <proc:UnitCost>
                                        <proc:PriorYear>35614.24</proc:PriorYear>
                                    </proc:UnitCost>
                                </proc:Cost>
                                <proc:ManufacturerList>
                                    <proc:Manufacturer>
                                        <proc:Name>Aimpoint</proc:Name>
                                        <proc:Location>Sweden</proc:Location>
                                        <proc:HistoryPlanningList>
                                            <proc:HistoryPlanning>
                                                <proc:FiscalYear>2024</proc:FiscalYear>
                                                <proc:PCOLocation>ACC-NJ, Picatinny Arsenal, NJ</proc:PCOLocation>
                                                <proc:AwardDate>2023-12</proc:AwardDate>
                                                <proc:FirstDeliveryDate>2024-04</proc:FirstDeliveryDate>
                                                <proc:Quantity>337</proc:Quantity>
                                                <proc:UnitCost>35614.24</proc:UnitCost>
                                                <proc:SpecsAvailableNow>true</proc:SpecsAvailableNow>
                                                <proc:ContractMethod>SS</proc:ContractMethod>
                                                <proc:ContractType>IDIQ</proc:ContractType>
                                            </proc:HistoryPlanning>
                                        </proc:HistoryPlanningList>
                                    </proc:Manufacturer>
                                </proc:ManufacturerList>
                            </proc:CostElement>
                        </proc:CostElementList>
                        <proc:CategorySubtotal>
                            <proc:TotalCost>
                                <proc:AllPriorYears>127.53</proc:AllPriorYears>
                                <proc:PriorYear>12.067</proc:PriorYear>
                                <proc:CurrentYear>0.024</proc:CurrentYear>
                                <proc:BudgetYearOneBase>0.004</proc:BudgetYearOneBase>
                                <proc:BudgetYearOne>0.004</proc:BudgetYearOne>
                            </proc:TotalCost>
                        </proc:CategorySubtotal>
                    </proc:Support>
                </proc:CostElementCategoryList>
            </proc:P5Item>
        </proc:ItemExhibitList>
        <proc:DocumentAssemblyOptions>
            <proc:p40AItemScheduleSetting>total</proc:p40AItemScheduleSetting>
        </proc:DocumentAssemblyOptions>
    </proc:LineItem>
</proc:LineItemList>