<?xml version="1.0" encoding="UTF-8"?>
<proc:LineItemList xmlns:proc="http://www.dtic.mil/comptroller/xml/schema/20100219/procurement">
    <proc:LineItem quantityUnits="Each" unitCostUnits="Dollars" totalCostUnits="Millions" manufacturerRateUnits="Yearly" suppressOutfittingDeliveryBY2ToBY5="true">
        <proc:LineItemNumber>4767</proc:LineItemNumber>
        <proc:LineItemTitle>Distributed Common Ground System (DCGS-MC)</proc:LineItemTitle>
        <proc:P1LineNumber>35</proc:P1LineNumber>
        <proc:BudgetYear>2026</proc:BudgetYear>
        <proc:BudgetCycle>PB</proc:BudgetCycle>
        <proc:SubmissionDate>2025-06</proc:SubmissionDate>
        <proc:ServiceAgencyName>Navy</proc:ServiceAgencyName>
        <proc:AppropriationNumber>1109N</proc:AppropriationNumber>
        <proc:AppropriationTitle>Procurement, Marine Corps</proc:AppropriationTitle>
        <proc:BudgetActivityNumber>4</proc:BudgetActivityNumber>
        <proc:BudgetActivityTitle>Communications and Electronics Equipment</proc:BudgetActivityTitle>
        <proc:BudgetSubActivityNumber>16</proc:BudgetSubActivityNumber>
        <proc:BudgetSubActivityTitle>Intell/Comm Equipment (Non-Tel)</proc:BudgetSubActivityTitle>
        <proc:ResourceSummary>
            <proc:TotalCost>
                <proc:AllPriorYears>200.861</proc:AllPriorYears>
                <proc:PriorYear>66.419</proc:PriorYear>
                <proc:CurrentYear>70.507</proc:CurrentYear>
                <proc:BudgetYearOneBase>42.946</proc:BudgetYearOneBase>
                <proc:BudgetYearOneOOC>0</proc:BudgetYearOneOOC>
                <proc:BudgetYearOne>42.946</proc:BudgetYearOne>
            </proc:TotalCost>
            <proc:NetProcurementP1>
                <proc:AllPriorYears>200.861</proc:AllPriorYears>
                <proc:PriorYear>66.419</proc:PriorYear>
                <proc:CurrentYear>70.507</proc:CurrentYear>
                <proc:BudgetYearOneBase>42.946</proc:BudgetYearOneBase>
                <proc:BudgetYearOneOOC>0</proc:BudgetYearOneOOC>
                <proc:BudgetYearOne>42.946</proc:BudgetYearOne>
            </proc:NetProcurementP1>
            <proc:TotalObligationAuthority>
                <proc:AllPriorYears>200.861</proc:AllPriorYears>
                <proc:PriorYear>66.419</proc:PriorYear>
                <proc:CurrentYear>70.507</proc:CurrentYear>
                <proc:BudgetYearOneBase>42.946</proc:BudgetYearOneBase>
                <proc:BudgetYearOneOOC>0</proc:BudgetYearOneOOC>
                <proc:BudgetYearOne>42.946</proc:BudgetYearOne>
            </proc:TotalObligationAuthority>
        </proc:ResourceSummary>
        <proc:Code>A</proc:Code>
        <proc:OtherRelatedProgramElementList>
            <proc:ProgramElementNumber>0505208M</proc:ProgramElementNumber>
            <proc:ProgramElementNumber>0206625M</proc:ProgramElementNumber>
        </proc:OtherRelatedProgramElementList>
        <proc:Description>This is a Military Intelligence Program (MIP) program element. 

Distributed Common Ground System-Marine Corps (DCGS-MC) - DCGS-MC is a critical Commandant of the Marine Corps Force Design program, focused on Reconnaissance/ Counter-Reconnaissance, that senses and makes sense of the forward operating area; providing robust multi-intelligence processing, exploitation, and dissemination (PED) activities to include sensor fusion and correlation. As the forward sensing element of the maritime force, DCGS-MC provides the foundation for algorithmic warfare at the tactical edge pushing validated target quality information to enable global long range precision fires.  DCGS-MC complies with the DoD DCGS Enterprise interoperability and information sharing requirements necessary for PED capabilities via consolidated functional servers, workstations, cloud computing, and advanced technological processing capabilities from a contested, tactical environment to the integrated Marine Corps Intelligence, Surveillance, and Reconnaissance Enterprise (MCISRE). DCGS-MC capabilities deliver tactically focused, operational, and strategic intelligence across all echelons of the Marine Corps at the tactical edge throughout all phases of operations to provide relevant, precise battlespace awareness, and threat characterization for the Joint Task Force, Naval Force, Marine Air-Ground Task Force, and subordinate Marine units in support of Expeditionary Advanced Base Operations and Distributed Maritime Operations.  

Modernization efforts are focused on advanced all-domain information environment tools, and technologies that enable superior awareness of the battlespace. The capabilities reduce the logistical and cognitive burden on the individual Marine by reducing size, weight, and power and provide advanced computing capabilities at the forward edge in a contested environment against a peer adversary. Current programmatic efforts support a multi-domain sensing architecture, organic sensing, mobile battlespace awareness, and increased integration with space and cyber systems. From the MCISRE to Naval Operations Architecture, DCGS-MC provides an enduring information advantage and the rapid weaponization of data to support enhancements to the kill web by streamlining information exchanges, federating track and sensor data for rapid analysis and exploitation, and increasing accessibility of information across all levels of security classification. 

Maritime Targeting Cell-Expeditionary (MTC-X) details provided at a higher classification.

The functional capabilities are grouped by Technical Signals Intelligence (SIGINT) Control and Analysis Center (TSCAC), DCGS-MC Geospatial Intelligence (GEOINT), DCGS-MC All Source, Family of Integrated Targeting and Exploitation (FITE), and Publicly Available Information (PAI)/Open Source Intelligence (OSINT). Future capabilities will be delivered via clearly defined capability drops determined by an integrated assessment of user needs, technology readiness, risk mitigation, and affordability. 

TSCAC, formerly known as DCGS-MC SIGINT, fuses and analyzes SIGINT data from tactical, theater, and national collectors and databases for dissemination to tactical commanders. It automatically collects, stores, retrieves, and plays back digital signals and provides SIGINT analysis applications to deployable FMF units that direct and manage the technical and operational functions of Radio Battalion (RadBn) SIGINT and electronic warfare (EW) assets. TSCAC consists of the Technical Control Analysis Center (TCAC) Remote Analysis Workstation (RAWS), and the Transportable Workstation (TWS) and is the focal point of RadBn, Marine Corps Forces Special Operations Command, and Joint Strike Fighter (JSF) Signals Intelligence (SIGINT) operations. It enables the analysis of tactical SIGINT collection and analytical data for ingest into Family of Integrated Targeting and Exploitation (FITE) for transfer to the tactical commanders on multiple security levels for discovery by any DCGS-MC enabled Marine. The system is also capable of processing of Electronic Warfare (EW) information including EW Support and Electronic Attack (EA) data collected by RadBn and JSF aircraft.

DCGS-MC GEOINT informs and provides commanders at all echelons the ability to anticipate and react quickly to evolving situations and support fires to accurately identify, locate, and prosecute targets within the area of operations. DCGS-MC GEOINT aggregates organic, theater, and national Intelligence, Surveillance, and Reconnaissance (ISR) data providing the foundation for FITE to conduct advanced analytical processes that DCGS-MC GEOINT ingests for interrogation and validation to inform decision-makers and Long-Range Precision Fires (LRPF) of actionable targets. DCGS-MC GEOINT is the core capability of technical applications and geospatial algorithms that process, exploit, analyze, and produce geophysical information, products, and services which establish the geospatial foundation and common frame of reference for battlespace awareness, planning, and enhanced decision-making. 

DCGS-MC All Source facilitates global collaboration with Marine and joint analytical systems, enabling Marines to conduct multi-discipline intelligence fusion, analysis, production, and dissemination of intelligence in support of the Find, Fix, Track, Target and Assess process by automating multiple intelligence functions and processes. DCGS-MC equipment helps support the Reconnaissance and Counter-Reconnaissance force, through deployment of equipment from the Marine Expeditionary force all the way to the tactical edge at the Platoon echelons. DCGS-MC All Source investment in advanced decision support tools that leverage data science and artificial intelligence for the tactical, naval, and joint force to enable the common battlespace awareness. These capabilities include the display of current enemy situation, collection requirement management, asset management, message parsing, and database updates. DCGS-MC All Source automatically ingests and normalizes data and provides access to intelligence produced by tactical, theater, and national systems and agencies for a fused holistic view of the battlefield. It facilitates the dissemination and exchange of intelligence and information with all echelons through tactical local area networks and wide area networks across the force.

Family of Integrated Targeting and Exploitation (FITE) is an advanced multi-domain information standardization and exchange environment that provides access to, and transport for the MCISRE to the Naval Operations Architecture in order to provide information advantage and the rapid weaponization of data. FITE supports enhancements to the kill web by streamlining information exchanges, federating track and sensor data for rapid analysis, exploitation and processing for target engagement, and increases accessibility of information across all levels of security. Additionally, FITE supports long range precision fires and over the horizon targeting by providing a focal point for aggregation and fusion of national and theater sensors to enable data exchange with tactical SIGINT/EW assets, DCGS-MC All Source, DCGS-MC GEOINT, and edge computing environments. FITE implements advanced critical technologies such as MAVEN and MINOTAUR in order to reduce the analytical process, enable rapid prosecution of targets, and streamline intelligence support to operations. FITE implementation of advanced capabilities, coupled with the analytical tools within DCGS-MC provides the ideal coupling of intelligence, operations, and targeting to prosecute targets at machine speeds against peer adversaries. FITE also includes the Maritime Targeting Cell - Expeditionary (MTC-X), for which details are held at a higher classification level.

The MINOTAUR system is an Intelligence, Surveillance, and Reconnaissance (ISR) platform developed to aggregate independent sensors and operator interfaces into a single operational picture.  MINOTAUR performs the automated correlation of multiple sources of data into a common user interface that provides enhanced situational awareness for operators. Additionally, MINOTAUR implements advanced analytic capabilities in order to identify and track targets of significance in dense operational environments. The result is a real time system that enables operators to locate and track specific targets of interests to support mission operations. Minotaur is a foundational technology inherent to the Maritime Targeting Cell Expeditionary (MTC-X) PoR. It addresses the hard problem of creating "target-quality" battlespace awareness, providing data dissemination and interoperability methods within the Naval Operational Architecture framework to support a Naval Integrated Kill Web for Distributed Maritime Operations and Expeditionary Advanced Base Operations. Minotaur's capabilities support rapid intel/ops/fire harmony to gain, maintain, and prosecute targets at machine speed.

MAVEN hardware and software is required to process multiple network video streams to provide real-time geo-rectification and geo-registration of imagery and perform Artificial Intelligence (AI) and Computer Vision (CV) based detection, tracking, and classification of objects within video. Project Maven is a Department of Defense (DoD) initiative to deliver algorithm-based technology to the Defense Intelligence Enterprise (DIE). The program integrates artificial intelligence / machine learning (AI/ML) technologies, providing computer aided vision to autonomously classify objects identified in images and full motion video (FMV). Maven capabilities augment manpower intensive process, enabling Marines to execute processing, exploitation, and dissemination (PED) at machine speed, outpacing the adversary decision cycle. 

The Technical Control and Analysis Center (TCAC) is a server-workstation combination that provides transportable, semi-automated Signals Intelligence (SIGINT) processing, analysis, and reporting to the Radio Battalions, Marine Corps Special Operations Command, and Marine Littoral Regiment.  Technical Control and Analysis Capability Cross-Domain Solution enables the transfer of intelligence information across multiple domains to the tactical commanders for continued processing by the TCAC-General Services (GENSER). TCAC-GENSER fuses, analyzes, and disseminates SIGINT data from tactical, theater, and national assets to tactical commander. TCAC-GENSER receives intelligence production from the TCAC-RAW/TWS via the TCAC-CDS.

PAI/OSINT capability, in collaboration with MARFORCYBER, will allow users to gather, enrich and analyze PAI in order to generate, preserve, deny and project information. With incremental progression, the intent is to enable data sharing across the entire operational environment in a private cloud environment. Commanders and staff require a clear understanding of the Operational Environment to communicate, access, visualize, describe, and direct operations. Therefore, Marines must be able to efficiently access, gather, and exploit PAI by all available means. Adversaries often reveal vulnerabilities or intentions that the FMF can only exploit in the cognitive or information dimensions. There was no procurement funding in the previous years.</proc:Description>
        <proc:Justification>FY 2026 Base Appropriation Request: $42.946M

TSCAC: $0.116M will support the fielding and initial training for TWS and RAWS authorized acquisition objective (AAO) increases. The TWS and RAWS allow an individual Marine to retain the advantage over near-peer adversaries to conduct analysis of signals collected and create intelligence products for dissemination to commanders in support of time sensitive decision-making.  The decrease from FY 2025 to FY 2026 reflects reduction in support required for completion of initial training and delivery of AAO increases.

DCGS-MC GEOINT: $13.488M will support procurement of hardware required for exquisite and multi-domain activities at locations such as the Processing Exploitation and Dissemination (PED) sites, targeting cells and shipboard operations. This hardware includes workstations, physical and virtual storage, and additional computational capability as well as the ancillary items required such as monitors, cabling, Uninterrupted Power Supply, and switches. Hardware procurement will also require GEOINT software on the increased number of workstations. Additionally, funds will support replacing the current antenna with a system that contains updated crypto and is congruous with the antennas procured by the Navy. Procuring the same antennas as the Navy enables the GEOINT workstations to work seamlessly ashore and afloat. The decrease from FY 2025 to FY 2026 represents the completion of AAO procurement to support SATCOM Rebroadcast and the AAO procurement of Common GEOINT Workstations specifically for the Fleet Marine Force (FMF).

DCGS-MC ALL SOURCE: $5.967M will fund the procurement of DCGS-MC Family of Systems (FoS) server hardware and software required to support stand-in-forces (SIF) in support of the fusion of multi-source intelligence. This hardware consists of the Marine Corps Common Intelligence Server (MCCIS) data level server. This hardware will enable the automation of analytical workflows by providing increased storage, processing, and advanced analytical tools with the integration of Family of Integrated Targeting and Exploitation (FITE) capabilities which provides SIFs with data centric targeting information and timely intelligence. These capabilities will support all echelons, from the tactical edge to the Joint Force. These systems will also support and enable management of the Common Operational Picture (COP) which increases awareness, and more efficient access, utilization, and dissemination of intelligence data. The FoS will also improve the speed and efficiency of analytical workflows, to inform tactical commanders responsible for maneuver elements. The increase from FY 2025 to FY 2026 reflects the initial procurement of MCCIS Data Level Servers and production and fielding support.

FITE: $23.375M will continue the procurement of MTC-X Small Form Factor (SFF) which supports deployed, resilient, long-range targeting infrastructure at all echelons. FITE also supports procurement of software licenses and hardware required for all domain integration/visualization, Information Fusion Core Engine/Platform, leveraging MINOTAUR and MAVEN AI/ML technologies into the DCGS-MC and MTC-X environments. Software licenses and hardware are also required for Collection Management Operations Suite, procurement of additional Cross Domain Solutions for the additional / realigned Intelligence Structure in support of Force Design. These efforts provide an integrated capability to automate intelligence workflows improving collection operations / requirements management enabling greater battlespace awareness across the Navy, Marine Corps, and Coast Guard. This funding also supports employment of integrated platforms providing shared interface linking application layers with processing capabilities to provide critical processing functions and adaptive capabilities for Intelligence operations and support to FMF Command and Control, Information, and fires systems. The decrease from FY 2025 to FY 2026 reflects completion of MAVEN and MINOTAUR hardware procurements and reduction in projected software procurements.

The FY 2026 request was reduced by $0.840 million for Advisory and Assistance Services to promote efficiencies and advance the policies of the Administration in alignment with Executive Order 14222, "Implementing the President's Department of Government Efficiency Cost Efficiency Initiative."</proc:Justification>
        <proc:ItemExhibitList>
            <proc:P5Item>
                <proc:Name>Distributed Common Ground Surface System (DCGS)</proc:Name>
                <proc:ItemNumber>1</proc:ItemNumber>
                <proc:ResourceSummary>
                    <proc:TotalCost>
                        <proc:AllPriorYears>200.861</proc:AllPriorYears>
                        <proc:PriorYear>66.419</proc:PriorYear>
                        <proc:CurrentYear>70.507</proc:CurrentYear>
                        <proc:BudgetYearOneBase>42.946</proc:BudgetYearOneBase>
                        <proc:BudgetYearOneOOC>0</proc:BudgetYearOneOOC>
                        <proc:BudgetYearOne>42.946</proc:BudgetYearOne>
                    </proc:TotalCost>
                    <proc:NetProcurementP1>
                        <proc:AllPriorYears>200.861</proc:AllPriorYears>
                        <proc:PriorYear>66.419</proc:PriorYear>
                        <proc:CurrentYear>70.507</proc:CurrentYear>
                        <proc:BudgetYearOneBase>42.946</proc:BudgetYearOneBase>
                        <proc:BudgetYearOneOOC>0</proc:BudgetYearOneOOC>
                        <proc:BudgetYearOne>42.946</proc:BudgetYearOne>
                    </proc:NetProcurementP1>
                    <proc:TotalObligationAuthority>
                        <proc:AllPriorYears>200.861</proc:AllPriorYears>
                        <proc:PriorYear>66.419</proc:PriorYear>
                        <proc:CurrentYear>70.507</proc:CurrentYear>
                        <proc:BudgetYearOneBase>42.946</proc:BudgetYearOneBase>
                        <proc:BudgetYearOneOOC>0</proc:BudgetYearOneOOC>
                        <proc:BudgetYearOne>42.946</proc:BudgetYearOne>
                    </proc:TotalObligationAuthority>
                </proc:ResourceSummary>
                <proc:CostElementCategoryList>
                    <proc:Hardware>
                        <proc:NonRecurring>
                            <proc:CostElementList>
                                <proc:CostElement>
                                    <proc:Name>1.1.1) (GEOINT) H/W</proc:Name>
                                    <proc:Cost>
                                        <proc:TotalCost>
                                            <proc:AllPriorYears>63.146</proc:AllPriorYears>
                                            <proc:PriorYear>13.655</proc:PriorYear>
                                        </proc:TotalCost>
                                    </proc:Cost>
                                </proc:CostElement>
                                <proc:CostElement>
                                    <proc:Name footnote="The decrease from FY 2025 to FY 2026 is due to the completion of the procurement of Marine Corps Tactical Intelligence Node (MCTIN).">1.1.2) (GEOINT) MCTIN SERVER</proc:Name>
                                    <proc:Cost>
                                        <proc:Quantity>
                                            <proc:CurrentYear>132</proc:CurrentYear>
                                        </proc:Quantity>
                                        <proc:TotalCost>
                                            <proc:CurrentYear>19.987</proc:CurrentYear>
                                        </proc:TotalCost>
                                        <proc:UnitCost>
                                            <proc:CurrentYear>151416.67</proc:CurrentYear>
                                        </proc:UnitCost>
                                    </proc:Cost>
                                    <proc:ManufacturerList>
                                        <proc:Manufacturer>
                                            <proc:Name>DLA Troop Support,</proc:Name>
                                            <proc:Location>Philadelphia, PA</proc:Location>
                                            <proc:MinimumSustainingRate>0</proc:MinimumSustainingRate>
                                            <proc:MaximumProductionRate>TBD</proc:MaximumProductionRate>
                                            <proc:Rate185>0</proc:Rate185>
                                            <proc:InitialQuantity>
                                                <proc:AdminLeadTimeBeforeOct1InMonths>0</proc:AdminLeadTimeBeforeOct1InMonths>
                                                <proc:AdminLeadTimeAfterOct1InMonths>0</proc:AdminLeadTimeAfterOct1InMonths>
                                                <proc:ProductionLeadTimeAfterOct1InMonths>0</proc:ProductionLeadTimeAfterOct1InMonths>
                                                <proc:TotalLeadTimeAfterOct1InMonths>0</proc:TotalLeadTimeAfterOct1InMonths>
                                            </proc:InitialQuantity>
                                            <proc:ReorderQuantity>
                                                <proc:AdminLeadTimeBeforeOct1InMonths>0</proc:AdminLeadTimeBeforeOct1InMonths>
                                                <proc:AdminLeadTimeAfterOct1InMonths>0</proc:AdminLeadTimeAfterOct1InMonths>
                                                <proc:ProductionLeadTimeAfterOct1InMonths>0</proc:ProductionLeadTimeAfterOct1InMonths>
                                                <proc:TotalLeadTimeAfterOct1InMonths>0</proc:TotalLeadTimeAfterOct1InMonths>
                                            </proc:ReorderQuantity>
                                            <proc:HistoryPlanningList>
                                                <proc:HistoryPlanning>
                                                    <proc:FiscalYear>2025</proc:FiscalYear>
                                                    <proc:PCOLocation>Philadelphia, PA</proc:PCOLocation>
                                                    <proc:AwardDate>2025-07</proc:AwardDate>
                                                    <proc:FirstDeliveryDate>2025-10</proc:FirstDeliveryDate>
                                                    <proc:Quantity>132</proc:Quantity>
                                                    <proc:UnitCost>151416.67</proc:UnitCost>
                                                    <proc:SpecsAvailableNow>true</proc:SpecsAvailableNow>
                                                    <proc:RFPIssueDate>2025-07</proc:RFPIssueDate>
                                                    <proc:ContractMethod>C</proc:ContractMethod>
                                                    <proc:ContractType>FFP</proc:ContractType>
                                                    <proc:MonthlyDeliveryScheduleList>
                                                        <proc:MonthlyDeliverySchedule>
                                                            <proc:ServiceAgencyName>Navy</proc:ServiceAgencyName>
                                                            <proc:ProcQuantity>132</proc:ProcQuantity>
                                                            <proc:MonthlyDeliveryList>
                                                                <proc:MonthlyDelivery>
                                                                    <proc:Month>2025-10</proc:Month>
                                                                    <proc:Amount>132</proc:Amount>
                                                                </proc:MonthlyDelivery>
                                                            </proc:MonthlyDeliveryList>
                                                        </proc:MonthlyDeliverySchedule>
                                                    </proc:MonthlyDeliveryScheduleList>
                                                </proc:HistoryPlanning>
                                            </proc:HistoryPlanningList>
                                        </proc:Manufacturer>
                                    </proc:ManufacturerList>
                                </proc:CostElement>
                                <proc:CostElement>
                                    <proc:Name footnote="The increase from FY 2025 to FY 2026 is due to the procurement of Common GEOINT Workstations in support of joint ped refresh software.">1.1.4) (GEOINT) CGW REFRESH</proc:Name>
                                    <proc:Cost>
                                        <proc:Quantity>
                                            <proc:BudgetYearOneBase>25</proc:BudgetYearOneBase>
                                            <proc:BudgetYearOne>25</proc:BudgetYearOne>
                                        </proc:Quantity>
                                        <proc:TotalCost>
                                            <proc:AllPriorYears>7.001</proc:AllPriorYears>
                                            <proc:PriorYear>6.085</proc:PriorYear>
                                            <proc:BudgetYearOneBase>0.625</proc:BudgetYearOneBase>
                                            <proc:BudgetYearOne>0.625</proc:BudgetYearOne>
                                        </proc:TotalCost>
                                        <proc:UnitCost>
                                            <proc:BudgetYearOneBase>25000</proc:BudgetYearOneBase>
                                            <proc:BudgetYearOne>25000</proc:BudgetYearOne>
                                        </proc:UnitCost>
                                    </proc:Cost>
                                    <proc:ManufacturerList>
                                        <proc:Manufacturer>
                                            <proc:Name>Optia</proc:Name>
                                            <proc:Location>Altoona, PA</proc:Location>
                                            <proc:MinimumSustainingRate>0</proc:MinimumSustainingRate>
                                            <proc:MaximumProductionRate>TBD</proc:MaximumProductionRate>
                                            <proc:Rate185>0</proc:Rate185>
                                            <proc:InitialQuantity>
                                                <proc:AdminLeadTimeBeforeOct1InMonths>0</proc:AdminLeadTimeBeforeOct1InMonths>
                                                <proc:AdminLeadTimeAfterOct1InMonths>0</proc:AdminLeadTimeAfterOct1InMonths>
                                                <proc:ProductionLeadTimeAfterOct1InMonths>0</proc:ProductionLeadTimeAfterOct1InMonths>
                                                <proc:TotalLeadTimeAfterOct1InMonths>0</proc:TotalLeadTimeAfterOct1InMonths>
                                            </proc:InitialQuantity>
                                            <proc:ReorderQuantity>
                                                <proc:AdminLeadTimeBeforeOct1InMonths>0</proc:AdminLeadTimeBeforeOct1InMonths>
                                                <proc:AdminLeadTimeAfterOct1InMonths>0</proc:AdminLeadTimeAfterOct1InMonths>
                                                <proc:ProductionLeadTimeAfterOct1InMonths>0</proc:ProductionLeadTimeAfterOct1InMonths>
                                                <proc:TotalLeadTimeAfterOct1InMonths>0</proc:TotalLeadTimeAfterOct1InMonths>
                                            </proc:ReorderQuantity>
                                            <proc:HistoryPlanningList>
                                                <proc:HistoryPlanning>
                                                    <proc:FiscalYear>2026</proc:FiscalYear>
                                                    <proc:PCOLocation>Charleston, SC</proc:PCOLocation>
                                                    <proc:AwardDate>2026-01</proc:AwardDate>
                                                    <proc:FirstDeliveryDate>2026-07</proc:FirstDeliveryDate>
                                                    <proc:Quantity>25</proc:Quantity>
                                                    <proc:UnitCost>25000.00</proc:UnitCost>
                                                    <proc:SpecsAvailableNow>true</proc:SpecsAvailableNow>
                                                    <proc:RFPIssueDate>2024-05</proc:RFPIssueDate>
                                                    <proc:ContractMethod>C</proc:ContractMethod>
                                                    <proc:ContractType>FFP</proc:ContractType>
                                                    <proc:MonthlyDeliveryScheduleList>
                                                        <proc:MonthlyDeliverySchedule>
                                                            <proc:ServiceAgencyName>Navy</proc:ServiceAgencyName>
                                                            <proc:ProcQuantity>25</proc:ProcQuantity>
                                                            <proc:MonthlyDeliveryList>
                                                                <proc:MonthlyDelivery>
                                                                    <proc:Month>2026-07</proc:Month>
                                                                    <proc:Amount>25</proc:Amount>
                                                                </proc:MonthlyDelivery>
                                                            </proc:MonthlyDeliveryList>
                                                        </proc:MonthlyDeliverySchedule>
                                                    </proc:MonthlyDeliveryScheduleList>
                                                </proc:HistoryPlanning>
                                            </proc:HistoryPlanningList>
                                        </proc:Manufacturer>
                                    </proc:ManufacturerList>
                                </proc:CostElement>
                                <proc:CostElement>
                                    <proc:Name footnote="The decrease from FY 2025 to FY 2026 reflects the completion of procurements of various hardware components including cabling, monitors, and accessories that are required to support the GEOINT workstation refresh.">1.1.5) (GEOINT) PERIPHERAL REFRESH</proc:Name>
                                    <proc:Cost>
                                        <proc:TotalCost>
                                            <proc:CurrentYear>2.932</proc:CurrentYear>
                                        </proc:TotalCost>
                                    </proc:Cost>
                                </proc:CostElement>
                                <proc:CostElement>
                                    <proc:Name footnote="The increase from FY 2025 to FY 2026 represents the initial procurement of Qty 35 Antennas which will replace the currently fielded GEOINT Antennas.">1.1.6) (GEOINT) ANTENNAS</proc:Name>
                                    <proc:Cost>
                                        <proc:Quantity>
                                            <proc:BudgetYearOneBase>35</proc:BudgetYearOneBase>
                                            <proc:BudgetYearOne>35</proc:BudgetYearOne>
                                        </proc:Quantity>
                                        <proc:TotalCost>
                                            <proc:BudgetYearOneBase>8.75</proc:BudgetYearOneBase>
                                            <proc:BudgetYearOne>8.75</proc:BudgetYearOne>
                                        </proc:TotalCost>
                                        <proc:UnitCost>
                                            <proc:BudgetYearOneBase>250000</proc:BudgetYearOneBase>
                                            <proc:BudgetYearOne>250000</proc:BudgetYearOne>
                                        </proc:UnitCost>
                                    </proc:Cost>
                                    <proc:ManufacturerList>
                                        <proc:Manufacturer>
                                            <proc:Name>TBD</proc:Name>
                                            <proc:Location>TBD</proc:Location>
                                            <proc:MinimumSustainingRate>0</proc:MinimumSustainingRate>
                                            <proc:MaximumProductionRate>TBD</proc:MaximumProductionRate>
                                            <proc:Rate185>0</proc:Rate185>
                                            <proc:InitialQuantity>
                                                <proc:AdminLeadTimeBeforeOct1InMonths>0</proc:AdminLeadTimeBeforeOct1InMonths>
                                                <proc:AdminLeadTimeAfterOct1InMonths>0</proc:AdminLeadTimeAfterOct1InMonths>
                                                <proc:ProductionLeadTimeAfterOct1InMonths>0</proc:ProductionLeadTimeAfterOct1InMonths>
                                                <proc:TotalLeadTimeAfterOct1InMonths>0</proc:TotalLeadTimeAfterOct1InMonths>
                                            </proc:InitialQuantity>
                                            <proc:ReorderQuantity>
                                                <proc:AdminLeadTimeBeforeOct1InMonths>0</proc:AdminLeadTimeBeforeOct1InMonths>
                                                <proc:AdminLeadTimeAfterOct1InMonths>0</proc:AdminLeadTimeAfterOct1InMonths>
                                                <proc:ProductionLeadTimeAfterOct1InMonths>0</proc:ProductionLeadTimeAfterOct1InMonths>
                                                <proc:TotalLeadTimeAfterOct1InMonths>0</proc:TotalLeadTimeAfterOct1InMonths>
                                            </proc:ReorderQuantity>
                                            <proc:HistoryPlanningList>
                                                <proc:HistoryPlanning>
                                                    <proc:FiscalYear>2026</proc:FiscalYear>
                                                    <proc:PCOLocation>TBD</proc:PCOLocation>
                                                    <proc:AwardDate>2026-02</proc:AwardDate>
                                                    <proc:FirstDeliveryDate>2027-02</proc:FirstDeliveryDate>
                                                    <proc:Quantity>35</proc:Quantity>
                                                    <proc:UnitCost>250000.00</proc:UnitCost>
                                                    <proc:SpecsAvailableNow>false</proc:SpecsAvailableNow>
                                                    <proc:RevisionsAvailableDate>2025-01</proc:RevisionsAvailableDate>
                                                    <proc:RFPIssueDate>2025-06</proc:RFPIssueDate>
                                                    <proc:ContractMethod>C</proc:ContractMethod>
                                                    <proc:ContractType>FFP</proc:ContractType>
                                                    <proc:MonthlyDeliveryScheduleList>
                                                        <proc:MonthlyDeliverySchedule>
                                                            <proc:ServiceAgencyName>Navy</proc:ServiceAgencyName>
                                                            <proc:ProcQuantity>35</proc:ProcQuantity>
                                                            <proc:MonthlyDeliveryList>
                                                                <proc:MonthlyDelivery>
                                                                    <proc:Month>2027-02</proc:Month>
                                                                    <proc:Amount>35</proc:Amount>
                                                                </proc:MonthlyDelivery>
                                                            </proc:MonthlyDeliveryList>
                                                        </proc:MonthlyDeliverySchedule>
                                                    </proc:MonthlyDeliveryScheduleList>
                                                </proc:HistoryPlanning>
                                            </proc:HistoryPlanningList>
                                        </proc:Manufacturer>
                                    </proc:ManufacturerList>
                                </proc:CostElement>
                                <proc:CostElement>
                                    <proc:Name>1.1.7) (FITE) H/W</proc:Name>
                                    <proc:Cost>
                                        <proc:TotalCost>
                                            <proc:PriorYear>2.61</proc:PriorYear>
                                        </proc:TotalCost>
                                    </proc:Cost>
                                </proc:CostElement>
                                <proc:CostElement>
                                    <proc:Name footnote="The decrease from FY 2025 to FY 2026 reflects completion of procurements related to the Tactical Edge Node.">1.1.8) (FITE) MTC-X</proc:Name>
                                    <proc:Cost>
                                        <proc:TotalCost>
                                            <proc:AllPriorYears>14.967</proc:AllPriorYears>
                                            <proc:PriorYear>14.9</proc:PriorYear>
                                            <proc:CurrentYear>29.114</proc:CurrentYear>
                                            <proc:BudgetYearOneBase>21.202</proc:BudgetYearOneBase>
                                            <proc:BudgetYearOne>21.202</proc:BudgetYearOne>
                                        </proc:TotalCost>
                                    </proc:Cost>
                                </proc:CostElement>
                                <proc:CostElement>
                                    <proc:Name>1.1.9) (ALL SOURCE) H/W</proc:Name>
                                    <proc:Cost>
                                        <proc:TotalCost>
                                            <proc:AllPriorYears>11.713</proc:AllPriorYears>
                                            <proc:PriorYear>0.68</proc:PriorYear>
                                        </proc:TotalCost>
                                    </proc:Cost>
                                </proc:CostElement>
                                <proc:CostElement>
                                    <proc:Name footnote="The increase from 2025 to FY2026 reflects the procurement of Qty 11 Marine Corps Common Intel Server (MCCIS) Data Level Servers to support intelligence operations at the highest echelons to process and store intelligence data, products, and information.">1.1.10) (ALL SOURCE) MCCIS DATA LEVEL SERVER</proc:Name>
                                    <proc:Cost>
                                        <proc:Quantity>
                                            <proc:BudgetYearOneBase>11</proc:BudgetYearOneBase>
                                            <proc:BudgetYearOne>11</proc:BudgetYearOne>
                                        </proc:Quantity>
                                        <proc:TotalCost>
                                            <proc:BudgetYearOneBase>4.95</proc:BudgetYearOneBase>
                                            <proc:BudgetYearOne>4.95</proc:BudgetYearOne>
                                        </proc:TotalCost>
                                        <proc:UnitCost>
                                            <proc:BudgetYearOneBase>450000</proc:BudgetYearOneBase>
                                            <proc:BudgetYearOne>450000</proc:BudgetYearOne>
                                        </proc:UnitCost>
                                    </proc:Cost>
                                    <proc:ManufacturerList>
                                        <proc:Manufacturer>
                                            <proc:Name>DELL Federal Systems</proc:Name>
                                            <proc:Location>Round Rock, TX</proc:Location>
                                            <proc:HistoryPlanningList>
                                                <proc:HistoryPlanning>
                                                    <proc:FiscalYear>2026</proc:FiscalYear>
                                                    <proc:PCOLocation>Charleston, SC</proc:PCOLocation>
                                                    <proc:AwardDate>2026-08</proc:AwardDate>
                                                    <proc:FirstDeliveryDate>2027-02</proc:FirstDeliveryDate>
                                                    <proc:Quantity>11</proc:Quantity>
                                                    <proc:UnitCost>450000.00</proc:UnitCost>
                                                    <proc:SpecsAvailableNow>false</proc:SpecsAvailableNow>
                                                    <proc:RevisionsAvailableDate>2026-06</proc:RevisionsAvailableDate>
                                                    <proc:RFPIssueDate>2025-04</proc:RFPIssueDate>
                                                    <proc:ContractMethod>C</proc:ContractMethod>
                                                    <proc:ContractType>FFP</proc:ContractType>
                                                </proc:HistoryPlanning>
                                            </proc:HistoryPlanningList>
                                        </proc:Manufacturer>
                                    </proc:ManufacturerList>
                                </proc:CostElement>
                                <proc:CostElement>
                                    <proc:Name>1.1.12) (ALL SOURCE CA) MCCIW SCI VARIANT</proc:Name>
                                    <proc:Cost>
                                        <proc:TotalCost>
                                            <proc:PriorYear>5.13</proc:PriorYear>
                                        </proc:TotalCost>
                                    </proc:Cost>
                                </proc:CostElement>
                                <proc:CostElement>
                                    <proc:Name>1.1.16) (TSCAC)  Transportable Work Station (TWS)</proc:Name>
                                    <proc:Cost>
                                        <proc:TotalCost>
                                            <proc:AllPriorYears>3.05</proc:AllPriorYears>
                                            <proc:PriorYear>2.2</proc:PriorYear>
                                        </proc:TotalCost>
                                    </proc:Cost>
                                </proc:CostElement>
                                <proc:CostElement>
                                    <proc:Name>1.1.17) (TSCAC) Remote Analyst Work Station (RAWS)</proc:Name>
                                    <proc:Cost>
                                        <proc:TotalCost>
                                            <proc:AllPriorYears>3.2</proc:AllPriorYears>
                                        </proc:TotalCost>
                                    </proc:Cost>
                                </proc:CostElement>
                            </proc:CostElementList>
                            <proc:CategorySubtotal>
                                <proc:TotalCost>
                                    <proc:AllPriorYears>103.077</proc:AllPriorYears>
                                    <proc:PriorYear>45.26</proc:PriorYear>
                                    <proc:CurrentYear>52.033</proc:CurrentYear>
                                    <proc:BudgetYearOneBase>35.527</proc:BudgetYearOneBase>
                                    <proc:BudgetYearOne>35.527</proc:BudgetYearOne>
                                </proc:TotalCost>
                            </proc:CategorySubtotal>
                        </proc:NonRecurring>
                        <proc:CategorySubtotal>
                            <proc:TotalCost>
                                <proc:AllPriorYears>103.077</proc:AllPriorYears>
                                <proc:PriorYear>45.26</proc:PriorYear>
                                <proc:CurrentYear>52.033</proc:CurrentYear>
                                <proc:BudgetYearOneBase>35.527</proc:BudgetYearOneBase>
                                <proc:BudgetYearOne>35.527</proc:BudgetYearOne>
                            </proc:TotalCost>
                        </proc:CategorySubtotal>
                    </proc:Hardware>
                    <proc:Software>
                        <proc:Recurring>
                            <proc:CostElementList>
                                <proc:CostElement>
                                    <proc:Name>2.1.1) (GEOINT)  Software</proc:Name>
                                    <proc:Cost>
                                        <proc:TotalCost>
                                            <proc:AllPriorYears>12.289</proc:AllPriorYears>
                                            <proc:PriorYear>5.17</proc:PriorYear>
                                        </proc:TotalCost>
                                    </proc:Cost>
                                </proc:CostElement>
                                <proc:CostElement>
                                    <proc:Name footnote="The increase from FY 2025 to FY 2026 represents the procurement of software that will address capability gaps such as the ability to enable GEOINT data on handheld devices, expedite the sharing and processing of data in limited bandwidth environments, and the ability to interface with forward-located information sources such as combat engineers, Meteorological and Oceanographic (METOC), and reconnaissance.">2.1.2) (GEOINT) COMMON GEOINT SOFTWARE LICENSE</proc:Name>
                                    <proc:Cost>
                                        <proc:TotalCost>
                                            <proc:BudgetYearOneBase>1.951</proc:BudgetYearOneBase>
                                            <proc:BudgetYearOne>1.951</proc:BudgetYearOne>
                                        </proc:TotalCost>
                                    </proc:Cost>
                                </proc:CostElement>
                                <proc:CostElement>
                                    <proc:Name>2.1.3) (FITE) SOFTWARE</proc:Name>
                                    <proc:Cost>
                                        <proc:TotalCost>
                                            <proc:AllPriorYears>0.266</proc:AllPriorYears>
                                            <proc:PriorYear>6.493</proc:PriorYear>
                                        </proc:TotalCost>
                                    </proc:Cost>
                                </proc:CostElement>
                                <proc:CostElement>
                                    <proc:Name footnote="The decrease from FY 2025 to FY 2026 reflects completion of initial procurements related to software licenses which enable MINOTAUR sensor fusion and collections management.">2.1.4) (FITE) MFOS SOFTWARE</proc:Name>
                                    <proc:Cost>
                                        <proc:TotalCost>
                                            <proc:CurrentYear>4.684</proc:CurrentYear>
                                            <proc:BudgetYearOneBase>0.333</proc:BudgetYearOneBase>
                                            <proc:BudgetYearOne>0.333</proc:BudgetYearOne>
                                        </proc:TotalCost>
                                    </proc:Cost>
                                </proc:CostElement>
                                <proc:CostElement>
                                    <proc:Name footnote="The increase from FY2025 to FY2026 is due to server software updates.">2.1.5) (ALL SOURCE) SOFTWARE</proc:Name>
                                    <proc:Cost>
                                        <proc:TotalCost>
                                            <proc:AllPriorYears>5.337</proc:AllPriorYears>
                                            <proc:PriorYear>2.77</proc:PriorYear>
                                            <proc:BudgetYearOneBase>0.775</proc:BudgetYearOneBase>
                                            <proc:BudgetYearOne>0.775</proc:BudgetYearOne>
                                        </proc:TotalCost>
                                    </proc:Cost>
                                </proc:CostElement>
                                <proc:CostElement>
                                    <proc:Name footnote="The decrease from FY2025 to FY2026 is due to the completion of the software update procurement to meet the Windows 11 mandate requirement.">2.1.6) (ALL SOURCE) WINDOWS 11 SOFTWARE</proc:Name>
                                    <proc:Cost>
                                        <proc:TotalCost>
                                            <proc:CurrentYear>4.91</proc:CurrentYear>
                                        </proc:TotalCost>
                                    </proc:Cost>
                                </proc:CostElement>
                                <proc:CostElement>
                                    <proc:Name footnote="The decrease from FY 2025 to FY 2026 reflects completion of software procurement to support TCAC RAWS and TWS AAO increases.">2.1.7) (TSCAC)  Software</proc:Name>
                                    <proc:Cost>
                                        <proc:TotalCost>
                                            <proc:AllPriorYears>0.75</proc:AllPriorYears>
                                            <proc:PriorYear>0.2</proc:PriorYear>
                                            <proc:CurrentYear>0.286</proc:CurrentYear>
                                        </proc:TotalCost>
                                    </proc:Cost>
                                </proc:CostElement>
                                <proc:CostElement>
                                    <proc:Name>2.1.8) (PAI OSINT) Software</proc:Name>
                                    <proc:Cost>
                                        <proc:TotalCost>
                                            <proc:PriorYear>3</proc:PriorYear>
                                        </proc:TotalCost>
                                    </proc:Cost>
                                </proc:CostElement>
                            </proc:CostElementList>
                            <proc:CategorySubtotal>
                                <proc:TotalCost>
                                    <proc:AllPriorYears>18.642</proc:AllPriorYears>
                                    <proc:PriorYear>17.633</proc:PriorYear>
                                    <proc:CurrentYear>9.88</proc:CurrentYear>
                                    <proc:BudgetYearOneBase>3.059</proc:BudgetYearOneBase>
                                    <proc:BudgetYearOne>3.059</proc:BudgetYearOne>
                                </proc:TotalCost>
                            </proc:CategorySubtotal>
                        </proc:Recurring>
                        <proc:NonRecurring>
                            <proc:CostElementList>
                                <proc:CostElement>
                                    <proc:Name footnote="The decrease from FY 2025 to FY 2026 reflects the completion of the software procurement which supported Joint Full Motion Video Processing, Exploitation, and Dissemination (FMV PED).">2.2.1) (GEOINT) JOINT PED REFRESH SOFTWARE</proc:Name>
                                    <proc:Cost>
                                        <proc:TotalCost>
                                            <proc:CurrentYear>1.568</proc:CurrentYear>
                                        </proc:TotalCost>
                                    </proc:Cost>
                                </proc:CostElement>
                            </proc:CostElementList>
                            <proc:CategorySubtotal>
                                <proc:TotalCost>
                                    <proc:CurrentYear>1.568</proc:CurrentYear>
                                </proc:TotalCost>
                            </proc:CategorySubtotal>
                        </proc:NonRecurring>
                        <proc:CategorySubtotal>
                            <proc:TotalCost>
                                <proc:AllPriorYears>18.642</proc:AllPriorYears>
                                <proc:PriorYear>17.633</proc:PriorYear>
                                <proc:CurrentYear>11.448</proc:CurrentYear>
                                <proc:BudgetYearOneBase>3.059</proc:BudgetYearOneBase>
                                <proc:BudgetYearOne>3.059</proc:BudgetYearOne>
                            </proc:TotalCost>
                        </proc:CategorySubtotal>
                    </proc:Software>
                    <proc:Support>
                        <proc:CostElementList>
                            <proc:CostElement>
                                <proc:Name footnote="The decrease from FY 2025 to FY 2026 represents the completion of integration and fielding in direct support of hardware and software refresh.">3.1) (GEOINT) FIELDING AND PRODUCTION SUPPORT</proc:Name>
                                <proc:Cost>
                                    <proc:TotalCost>
                                        <proc:AllPriorYears>14.277</proc:AllPriorYears>
                                        <proc:PriorYear>2.114</proc:PriorYear>
                                        <proc:CurrentYear>3.542</proc:CurrentYear>
                                        <proc:BudgetYearOneBase>2.162</proc:BudgetYearOneBase>
                                        <proc:BudgetYearOne>2.162</proc:BudgetYearOne>
                                    </proc:TotalCost>
                                </proc:Cost>
                            </proc:CostElement>
                            <proc:CostElement>
                                <proc:Name footnote="The decrease from FY 2025 to FY 2026 reflects reduction in logistics and training requirements associated with the fielded software solutions for MFOS integrated into MTC-X capability.">3.2) (FITE) SUPPORT</proc:Name>
                                <proc:Cost>
                                    <proc:TotalCost>
                                        <proc:PriorYear>0.257</proc:PriorYear>
                                        <proc:CurrentYear>0.993</proc:CurrentYear>
                                    </proc:TotalCost>
                                </proc:Cost>
                            </proc:CostElement>
                            <proc:CostElement>
                                <proc:Name footnote="The increase from FY 2025 to FY 2026 reflects increase in production and fielding support for the MTC-X program. Details are held at a higher classification level.">3.3) (FITE) MTC-X SUPPORT</proc:Name>
                                <proc:Cost>
                                    <proc:TotalCost>
                                        <proc:CurrentYear>1.427</proc:CurrentYear>
                                        <proc:BudgetYearOneBase>1.84</proc:BudgetYearOneBase>
                                        <proc:BudgetYearOne>1.84</proc:BudgetYearOne>
                                    </proc:TotalCost>
                                </proc:Cost>
                            </proc:CostElement>
                            <proc:CostElement>
                                <proc:Name footnote="The decrease from FY 2025 to FY 2026 reflects the completion of Windows 11 software update logistics and fielding support.">3.4) (ALL SOURCE) PRODUCTION AND FIELDING SUPPORT</proc:Name>
                                <proc:Cost>
                                    <proc:TotalCost>
                                        <proc:AllPriorYears>3.639</proc:AllPriorYears>
                                        <proc:PriorYear>0.555</proc:PriorYear>
                                        <proc:CurrentYear>0.348</proc:CurrentYear>
                                        <proc:BudgetYearOneBase>0.242</proc:BudgetYearOneBase>
                                        <proc:BudgetYearOne>0.242</proc:BudgetYearOne>
                                    </proc:TotalCost>
                                </proc:Cost>
                            </proc:CostElement>
                            <proc:CostElement>
                                <proc:Name footnote="The decrease from FY 2025 to FY 2026 reflects the support required for completion of initial training and delivery of AAO increases.">3.5) (TSCAC) Support</proc:Name>
                                <proc:Cost>
                                    <proc:TotalCost>
                                        <proc:AllPriorYears>3.638</proc:AllPriorYears>
                                        <proc:PriorYear>0.6</proc:PriorYear>
                                        <proc:CurrentYear>0.716</proc:CurrentYear>
                                        <proc:BudgetYearOneBase>0.116</proc:BudgetYearOneBase>
                                        <proc:BudgetYearOne>0.116</proc:BudgetYearOne>
                                    </proc:TotalCost>
                                </proc:Cost>
                            </proc:CostElement>
                            <proc:CostElement>
                                <proc:Name>3.6) Prior Years Funding Total</proc:Name>
                                <proc:Cost>
                                    <proc:TotalCost>
                                        <proc:AllPriorYears>57.588</proc:AllPriorYears>
                                    </proc:TotalCost>
                                </proc:Cost>
                            </proc:CostElement>
                        </proc:CostElementList>
                        <proc:CategorySubtotal>
                            <proc:TotalCost>
                                <proc:AllPriorYears>79.142</proc:AllPriorYears>
                                <proc:PriorYear>3.526</proc:PriorYear>
                                <proc:CurrentYear>7.026</proc:CurrentYear>
                                <proc:BudgetYearOneBase>4.36</proc:BudgetYearOneBase>
                                <proc:BudgetYearOne>4.36</proc:BudgetYearOne>
                            </proc:TotalCost>
                        </proc:CategorySubtotal>
                    </proc:Support>
                </proc:CostElementCategoryList>
            </proc:P5Item>
        </proc:ItemExhibitList>
        <proc:DocumentAssemblyOptions>
            <proc:p40AItemScheduleSetting>total</proc:p40AItemScheduleSetting>
        </proc:DocumentAssemblyOptions>
    </proc:LineItem>
</proc:LineItemList>