<?xml version="1.0" encoding="UTF-8"?>
<proc:LineItemList xmlns:proc="http://www.dtic.mil/comptroller/xml/schema/20100219/procurement">
    <proc:LineItem quantityUnits="Each" unitCostUnits="Dollars" totalCostUnits="Millions" manufacturerRateUnits="Yearly" suppressOutfittingDeliveryBY2ToBY5="true">
        <proc:LineItemNumber>4645</proc:LineItemNumber>
        <proc:LineItemTitle>Cyberspace Activities</proc:LineItemTitle>
        <proc:P1LineNumber>46</proc:P1LineNumber>
        <proc:BudgetYear>2026</proc:BudgetYear>
        <proc:BudgetCycle>PB</proc:BudgetCycle>
        <proc:SubmissionDate>2025-06</proc:SubmissionDate>
        <proc:ServiceAgencyName>Navy</proc:ServiceAgencyName>
        <proc:AppropriationNumber>1109N</proc:AppropriationNumber>
        <proc:AppropriationTitle>Procurement, Marine Corps</proc:AppropriationTitle>
        <proc:BudgetActivityNumber>4</proc:BudgetActivityNumber>
        <proc:BudgetActivityTitle>Communications and Electronics Equipment</proc:BudgetActivityTitle>
        <proc:BudgetSubActivityNumber>19</proc:BudgetSubActivityNumber>
        <proc:BudgetSubActivityTitle>Other Support (Non-Tel)</proc:BudgetSubActivityTitle>
        <proc:ResourceSummary>
            <proc:TotalCost>
                <proc:AllPriorYears>119.713</proc:AllPriorYears>
                <proc:PriorYear>27.583</proc:PriorYear>
                <proc:CurrentYear>19.245</proc:CurrentYear>
                <proc:BudgetYearOneBase>14.541</proc:BudgetYearOneBase>
                <proc:BudgetYearOneOOC>0</proc:BudgetYearOneOOC>
                <proc:BudgetYearOne>14.541</proc:BudgetYearOne>
            </proc:TotalCost>
            <proc:NetProcurementP1>
                <proc:AllPriorYears>119.713</proc:AllPriorYears>
                <proc:PriorYear>27.583</proc:PriorYear>
                <proc:CurrentYear>19.245</proc:CurrentYear>
                <proc:BudgetYearOneBase>14.541</proc:BudgetYearOneBase>
                <proc:BudgetYearOneOOC>0</proc:BudgetYearOneOOC>
                <proc:BudgetYearOne>14.541</proc:BudgetYearOne>
            </proc:NetProcurementP1>
            <proc:TotalObligationAuthority>
                <proc:AllPriorYears>119.713</proc:AllPriorYears>
                <proc:PriorYear>27.583</proc:PriorYear>
                <proc:CurrentYear>19.245</proc:CurrentYear>
                <proc:BudgetYearOneBase>14.541</proc:BudgetYearOneBase>
                <proc:BudgetYearOneOOC>0</proc:BudgetYearOneOOC>
                <proc:BudgetYearOne>14.541</proc:BudgetYearOne>
            </proc:TotalObligationAuthority>
        </proc:ResourceSummary>
        <proc:Code>A</proc:Code>
        <proc:CodeBProgramElementList>
            <proc:ProgramElementNumber>0206313M</proc:ProgramElementNumber>
            <proc:ProgramElementNumber>0330110M</proc:ProgramElementNumber>
            <proc:ProgramElementNumber>0305251M</proc:ProgramElementNumber>
        </proc:CodeBProgramElementList>
        <proc:Description>DEFENSIVE CYBER OPERATIONS - INTERNAL DEFENSIVE MEASURES (DCO-IDM): Beginning in FY 2023, joint efforts in this line item (LI) were transferred to LI 4646 Cyberspace Activities to establish a new budget line item within existing appropriation structure in order to separately identify the cyber mission force program, funding, and civilian personnel to provide transparency for budgeting and execution of the mission, funding, and personnel that transfer to United States Cyber Command (USCYBERCOM) in FY 2024.

DEFENSIVE CYBERSPACE WEAPON SYSTEMS (DCWS) (formerly titled USMC MAGTF DCO-IDM Suite): The USMC Defensive Cyberspace Weapon Systems (DCWS) program provides the self-contained, flyaway equipment (hardware and software) for USMC Cyber Protection Teams (CPT) and Marine Corps Air Ground Task Force (MAGTF) DCO-IDM teams to conduct vulnerability analysis, incident response, and other DCO functions concurrently on classified and unclassified networks, and the ability to locate, close with, and defeat malicious cyberspace activity in response to an adversary bypassing or breaching DoD information systems. The CPTs and DCO-IDM teams utilize the interface (a laptop), data from passive and active sensors (servers, laptops, and taps), and the analytic capability from the hardware and software in order to determine the state of networks, hosts, and major weapon systems. Software includes Government Off-the-Shelf, Commercial Off-the-Shelf, and free and open-source software. DCWS are a part of a common family of systems in support of Marine Corps cyberspace operations and are operable in both garrison and tactical/deployed environments.  

ROBUST INFRASTRUCTURE Funding supports a secure and effective common firing platform for offensive cyber missions. Currently used platforms are not interoperable or efficient, limiting flexibility and effectiveness of cyber mission forces. Through divesting in multiple legacy platforms and investing in a joint common access platform that will be established across all Joint Mission Operations Centers, offensive operations will be more effective and efficient, improving mobility, resiliency, collaboration, force multiplication, and scalability. 

SECURE, OPERATE, DEFEND AND ENABLE the Marine Corps Cyberspace Environment (MCCE) (formerly titled MCCOG): Marine Forces Cyberspace Command is responsible for enhancing freedom of action across the Cyberspace domain, while denying the efforts of adversaries to degrade or disrupt this advantage through cyberspace. The Marine Corps Cyberspace Operations Group (MCCOG) is a command element under Marine Corps Forces Cyberspace Command responsible for securing, operating, and defending the MCCE - to include providing network situational awareness; command and control; and technical support to Marine Corps operating forces and supporting establishment organizations, both in garrison and while deployed. In addition to being the primary DOD Cybersecurity Service Provider for the U.S. Marine Corps and only certified Red Team, MCCOG performs Vulnerability Management, Malware Protection, Web Assessment, Hunt Operations, and Cyber Incident Response focused on preventing and responding to prevent and respond to security incidents. The MCCOG delivers enterprise services for the Marine Corps to include Directory, Enterprise Storage, Messaging, Application Management, Mobility, Deployed Support, Mainframe, and Unified Communication.   

ENTERPRISE INFORMATION TECHNOLOGY (IT) SECURITY &amp; COMPLIANCE (formerly titled PUBLIC KEY INFRASTRUCTURE (PKI)): Is a framework of laws, policies, procedures, and technologies for the use of Public Key Infrastructure (PKI). This consists of digital credentials that provide confidentiality, integrity, authenticity, and non-repudiation in electronic communications and transactions. PKI allows secure access to IT systems and facilitates the ability to electronically sign documents, encrypt messages and documents, and to authenticate and protect web access. In compliance with DoD policy and direction, the USMC PKI program provides the resources, manpower and equipment (hardware and software), dedicated to the management (generation, production, distribution, control, accounting and destruction) of keys and certificates used by public key-based security services to include garrison and deployed Non-Secure Internet Protocol Router Network (NIPRNet) and Secure Internet Protocol Router Network (SIPRNet). The PKI program operates the USMC Certificate Validation Infrastructure necessary to ensure that only authorized users and server-based applications are allowed to operate on the Marine Corps Enterprise Network (MCEN). These services are required for user access to all information system components on the MCEN including network accounts, applications and web sites. PKI must be operable in garrison and tactical/deployed environments.

PUBLICLY AVAILABLE INFORMATION (PAI) AND OPEN SOURCE INTELLIGENCE (OSINT) SUPPORT TO FMF: Delivers an enterprise solution for PAI and OSINT to the Marine Corps Information Environment Enterprise (MCIEE) through Infrastructure as a Service (IaaS) and Software as a Service (SaaS) which is mission critical for the competition and conflict phases.</proc:Description>
        <proc:Justification>FY 2026 Base Appropriation Request: $14.541M 

DEFENSIVE CYBERSPACE WEAPON SYSTEMS (DCWS) $9.448M: FY 2026 funding will support the procurement of hardware and software updates for the fielded Defensive Cyber Weapons Systems. The systems include MDS in support of the Marine Air-Ground Task Force Defensive Cyberspace Operations-Internal Defensive Measures (MAGTF DCO-IDM) Teams. MDS suites provide the self-contained, fly-away equipment (hardware and software) for MAGTF DCO-IDM Teams to conduct vulnerability analysis, incident response, and other DCO-IDM functions on classified and unclassified networks. The mission is to preserve the ability to utilize blue cyberspace capabilities, protect data, networks, cyberspace-enabled devices, and other designated systems by defeating on-going or imminent malicious cyberspace activity. 

SECURE, OPERATE, DEFEND AND ENABLE $3.780M: FY 2026 funding will support the continuous requirement of storage for the NIPR and SIPR instance of the Big Data Platform - Cyber Hunt Analytic Operations System (BDP-CHAOS) as new data feeds are ingested into the BDP. This will also support the continued build out and integration of the SIPR version of BDP-CHAOS. The decrease from FY 2025 to FY 2026 is due to a reduction of U.S. Marine Corps Forces Cyberspace Command manpower support.

ENTERPRISE INFORMATION TECHNOLOGY (IT) SECURITY &amp; COMPLIANCE $1.313M: FY 2026 funding will provide a refresh cycle of equipment to ensure interoperability of hardware and enable the compliance with Internet Protocol Version 6 (IPV6) requirements.</proc:Justification>
        <proc:ItemExhibitList>
            <proc:P40AItemGroup>
                <proc:Name>Cyberspace Activities</proc:Name>
                <proc:CategoryList>
                    <proc:Category>
                        <proc:Name>1) Cyberspace Activities</proc:Name>
                        <proc:ItemList>
                            <proc:Item>
                                <proc:Name footnote="The increase from FY 2025 to FY 2026 will support the additional software required to field new defensive cyber units.">1.1) DEFENSIVE CYBERSPACE WEAPON SYSTEMS</proc:Name>
                                <proc:IdCode>A</proc:IdCode>
                                <proc:ResourceSummary>
                                    <proc:Quantity>
                                        <proc:AllPriorYears>42</proc:AllPriorYears>
                                        <proc:PriorYear>18</proc:PriorYear>
                                        <proc:CurrentYear>9</proc:CurrentYear>
                                        <proc:BudgetYearOneBase>10</proc:BudgetYearOneBase>
                                        <proc:BudgetYearOne>10</proc:BudgetYearOne>
                                    </proc:Quantity>
                                    <proc:TotalCost>
                                        <proc:AllPriorYears>42.838</proc:AllPriorYears>
                                        <proc:PriorYear>18.335</proc:PriorYear>
                                        <proc:CurrentYear>9.328</proc:CurrentYear>
                                        <proc:BudgetYearOneBase>9.448</proc:BudgetYearOneBase>
                                        <proc:BudgetYearOne>9.448</proc:BudgetYearOne>
                                    </proc:TotalCost>
                                    <proc:UnitCost>
                                        <proc:AllPriorYears>1019952.38</proc:AllPriorYears>
                                        <proc:PriorYear>1018611.11</proc:PriorYear>
                                        <proc:CurrentYear>1036444.44</proc:CurrentYear>
                                        <proc:BudgetYearOneBase>944800</proc:BudgetYearOneBase>
                                        <proc:BudgetYearOne>944800</proc:BudgetYearOne>
                                    </proc:UnitCost>
                                </proc:ResourceSummary>
                                <proc:ManufacturerList>
                                    <proc:Manufacturer>
                                        <proc:Name>NIWC-PAC</proc:Name>
                                        <proc:Location>San Diego, CA</proc:Location>
                                        <proc:MinimumSustainingRate>5</proc:MinimumSustainingRate>
                                        <proc:MaximumProductionRate>18</proc:MaximumProductionRate>
                                        <proc:Rate185>5</proc:Rate185>
                                        <proc:InitialQuantity>
                                            <proc:AdminLeadTimeBeforeOct1InMonths>0</proc:AdminLeadTimeBeforeOct1InMonths>
                                            <proc:AdminLeadTimeAfterOct1InMonths>3</proc:AdminLeadTimeAfterOct1InMonths>
                                            <proc:ProductionLeadTimeAfterOct1InMonths>7</proc:ProductionLeadTimeAfterOct1InMonths>
                                            <proc:TotalLeadTimeAfterOct1InMonths>10</proc:TotalLeadTimeAfterOct1InMonths>
                                        </proc:InitialQuantity>
                                        <proc:ReorderQuantity>
                                            <proc:AdminLeadTimeBeforeOct1InMonths>0</proc:AdminLeadTimeBeforeOct1InMonths>
                                            <proc:AdminLeadTimeAfterOct1InMonths>2</proc:AdminLeadTimeAfterOct1InMonths>
                                            <proc:ProductionLeadTimeAfterOct1InMonths>6</proc:ProductionLeadTimeAfterOct1InMonths>
                                            <proc:TotalLeadTimeAfterOct1InMonths>8</proc:TotalLeadTimeAfterOct1InMonths>
                                        </proc:ReorderQuantity>
                                        <proc:HistoryPlanningList>
                                            <proc:HistoryPlanning>
                                                <proc:FiscalYear>2020</proc:FiscalYear>
                                                <proc:PCOLocation>NIWC/PAC</proc:PCOLocation>
                                                <proc:AwardDate>2019-10</proc:AwardDate>
                                                <proc:FirstDeliveryDate>2020-05</proc:FirstDeliveryDate>
                                                <proc:Quantity>5</proc:Quantity>
                                                <proc:UnitCost>1000000.00</proc:UnitCost>
                                                <proc:SpecsAvailableNow>true</proc:SpecsAvailableNow>
                                                <proc:ContractMethod>C</proc:ContractMethod>
                                                <proc:ContractType>FFP</proc:ContractType>
                                                <proc:MonthlyDeliveryScheduleList>
                                                    <proc:MonthlyDeliverySchedule>
                                                        <proc:ServiceAgencyName>Navy</proc:ServiceAgencyName>
                                                        <proc:ProcQuantity>5</proc:ProcQuantity>
                                                        <proc:MonthlyDeliveryList>
                                                            <proc:MonthlyDelivery>
                                                                <proc:Month>2020-05</proc:Month>
                                                                <proc:Amount>5</proc:Amount>
                                                            </proc:MonthlyDelivery>
                                                        </proc:MonthlyDeliveryList>
                                                    </proc:MonthlyDeliverySchedule>
                                                </proc:MonthlyDeliveryScheduleList>
                                            </proc:HistoryPlanning>
                                            <proc:HistoryPlanning>
                                                <proc:FiscalYear>2021</proc:FiscalYear>
                                                <proc:PCOLocation>NIWC/PAC</proc:PCOLocation>
                                                <proc:AwardDate>2020-10</proc:AwardDate>
                                                <proc:FirstDeliveryDate>2021-04</proc:FirstDeliveryDate>
                                                <proc:Quantity>8</proc:Quantity>
                                                <proc:UnitCost>1040500.00</proc:UnitCost>
                                                <proc:SpecsAvailableNow>true</proc:SpecsAvailableNow>
                                                <proc:ContractMethod>C</proc:ContractMethod>
                                                <proc:ContractType>FFP</proc:ContractType>
                                                <proc:MonthlyDeliveryScheduleList>
                                                    <proc:MonthlyDeliverySchedule>
                                                        <proc:ServiceAgencyName>Navy</proc:ServiceAgencyName>
                                                        <proc:ProcQuantity>8</proc:ProcQuantity>
                                                        <proc:MonthlyDeliveryList>
                                                            <proc:MonthlyDelivery>
                                                                <proc:Month>2021-04</proc:Month>
                                                                <proc:Amount>8</proc:Amount>
                                                            </proc:MonthlyDelivery>
                                                        </proc:MonthlyDeliveryList>
                                                    </proc:MonthlyDeliverySchedule>
                                                </proc:MonthlyDeliveryScheduleList>
                                            </proc:HistoryPlanning>
                                            <proc:HistoryPlanning>
                                                <proc:FiscalYear>2022</proc:FiscalYear>
                                                <proc:PCOLocation>NIWC/PAC</proc:PCOLocation>
                                                <proc:AwardDate>2021-10</proc:AwardDate>
                                                <proc:FirstDeliveryDate>2022-04</proc:FirstDeliveryDate>
                                                <proc:Quantity>18</proc:Quantity>
                                                <proc:UnitCost>1026388.89</proc:UnitCost>
                                                <proc:SpecsAvailableNow>true</proc:SpecsAvailableNow>
                                                <proc:ContractMethod>C</proc:ContractMethod>
                                                <proc:ContractType>FFP</proc:ContractType>
                                                <proc:MonthlyDeliveryScheduleList>
                                                    <proc:MonthlyDeliverySchedule>
                                                        <proc:ServiceAgencyName>Navy</proc:ServiceAgencyName>
                                                        <proc:ProcQuantity>18</proc:ProcQuantity>
                                                        <proc:MonthlyDeliveryList>
                                                            <proc:MonthlyDelivery>
                                                                <proc:Month>2022-04</proc:Month>
                                                                <proc:Amount>18</proc:Amount>
                                                            </proc:MonthlyDelivery>
                                                        </proc:MonthlyDeliveryList>
                                                    </proc:MonthlyDeliverySchedule>
                                                </proc:MonthlyDeliveryScheduleList>
                                            </proc:HistoryPlanning>
                                        </proc:HistoryPlanningList>
                                    </proc:Manufacturer>
                                    <proc:Manufacturer>
                                        <proc:Name>SealingTech</proc:Name>
                                        <proc:Location>Columbia, MD</proc:Location>
                                        <proc:MinimumSustainingRate>0</proc:MinimumSustainingRate>
                                        <proc:MaximumProductionRate>TBD</proc:MaximumProductionRate>
                                        <proc:Rate185>0</proc:Rate185>
                                        <proc:InitialQuantity>
                                            <proc:AdminLeadTimeBeforeOct1InMonths>0</proc:AdminLeadTimeBeforeOct1InMonths>
                                            <proc:AdminLeadTimeAfterOct1InMonths>3</proc:AdminLeadTimeAfterOct1InMonths>
                                            <proc:ProductionLeadTimeAfterOct1InMonths>7</proc:ProductionLeadTimeAfterOct1InMonths>
                                            <proc:TotalLeadTimeAfterOct1InMonths>10</proc:TotalLeadTimeAfterOct1InMonths>
                                        </proc:InitialQuantity>
                                        <proc:ReorderQuantity>
                                            <proc:AdminLeadTimeBeforeOct1InMonths>0</proc:AdminLeadTimeBeforeOct1InMonths>
                                            <proc:AdminLeadTimeAfterOct1InMonths>2</proc:AdminLeadTimeAfterOct1InMonths>
                                            <proc:ProductionLeadTimeAfterOct1InMonths>6</proc:ProductionLeadTimeAfterOct1InMonths>
                                            <proc:TotalLeadTimeAfterOct1InMonths>8</proc:TotalLeadTimeAfterOct1InMonths>
                                        </proc:ReorderQuantity>
                                        <proc:HistoryPlanningList>
                                            <proc:HistoryPlanning>
                                                <proc:FiscalYear>2023</proc:FiscalYear>
                                                <proc:PCOLocation>MARCORSYSCOM</proc:PCOLocation>
                                                <proc:AwardDate>2022-11</proc:AwardDate>
                                                <proc:FirstDeliveryDate>2023-06</proc:FirstDeliveryDate>
                                                <proc:Quantity>11</proc:Quantity>
                                                <proc:UnitCost>1003545.50</proc:UnitCost>
                                                <proc:SpecsAvailableNow>true</proc:SpecsAvailableNow>
                                                <proc:RFPIssueDate>2021-10</proc:RFPIssueDate>
                                                <proc:ContractMethod>C</proc:ContractMethod>
                                                <proc:ContractType>FFP</proc:ContractType>
                                                <proc:MonthlyDeliveryScheduleList>
                                                    <proc:MonthlyDeliverySchedule>
                                                        <proc:ServiceAgencyName>Navy</proc:ServiceAgencyName>
                                                        <proc:ProcQuantity>11</proc:ProcQuantity>
                                                        <proc:MonthlyDeliveryList>
                                                            <proc:MonthlyDelivery>
                                                                <proc:Month>2023-06</proc:Month>
                                                                <proc:Amount>11</proc:Amount>
                                                            </proc:MonthlyDelivery>
                                                        </proc:MonthlyDeliveryList>
                                                    </proc:MonthlyDeliverySchedule>
                                                </proc:MonthlyDeliveryScheduleList>
                                            </proc:HistoryPlanning>
                                            <proc:HistoryPlanning>
                                                <proc:FiscalYear>2024</proc:FiscalYear>
                                                <proc:PCOLocation>MARCORSYSCOM</proc:PCOLocation>
                                                <proc:AwardDate>2023-10</proc:AwardDate>
                                                <proc:FirstDeliveryDate>2024-04</proc:FirstDeliveryDate>
                                                <proc:Quantity>18</proc:Quantity>
                                                <proc:UnitCost>1018611.11</proc:UnitCost>
                                                <proc:SpecsAvailableNow>true</proc:SpecsAvailableNow>
                                                <proc:RFPIssueDate>2021-10</proc:RFPIssueDate>
                                                <proc:ContractMethod>C</proc:ContractMethod>
                                                <proc:ContractType>FFP</proc:ContractType>
                                                <proc:MonthlyDeliveryScheduleList>
                                                    <proc:MonthlyDeliverySchedule>
                                                        <proc:ServiceAgencyName>Navy</proc:ServiceAgencyName>
                                                        <proc:ProcQuantity>18</proc:ProcQuantity>
                                                        <proc:MonthlyDeliveryList>
                                                            <proc:MonthlyDelivery>
                                                                <proc:Month>2024-04</proc:Month>
                                                                <proc:Amount>18</proc:Amount>
                                                            </proc:MonthlyDelivery>
                                                        </proc:MonthlyDeliveryList>
                                                    </proc:MonthlyDeliverySchedule>
                                                </proc:MonthlyDeliveryScheduleList>
                                            </proc:HistoryPlanning>
                                            <proc:HistoryPlanning>
                                                <proc:FiscalYear>2025</proc:FiscalYear>
                                                <proc:PCOLocation>MARCORSYSCOM</proc:PCOLocation>
                                                <proc:AwardDate>2024-10</proc:AwardDate>
                                                <proc:FirstDeliveryDate>2025-04</proc:FirstDeliveryDate>
                                                <proc:Quantity>9</proc:Quantity>
                                                <proc:UnitCost>1036444.44</proc:UnitCost>
                                                <proc:SpecsAvailableNow>true</proc:SpecsAvailableNow>
                                                <proc:RFPIssueDate>2021-10</proc:RFPIssueDate>
                                                <proc:ContractMethod>C</proc:ContractMethod>
                                                <proc:ContractType>FFP</proc:ContractType>
                                                <proc:MonthlyDeliveryScheduleList>
                                                    <proc:MonthlyDeliverySchedule>
                                                        <proc:ServiceAgencyName>Navy</proc:ServiceAgencyName>
                                                        <proc:ProcQuantity>9</proc:ProcQuantity>
                                                        <proc:MonthlyDeliveryList>
                                                            <proc:MonthlyDelivery>
                                                                <proc:Month>2025-04</proc:Month>
                                                                <proc:Amount>9</proc:Amount>
                                                            </proc:MonthlyDelivery>
                                                        </proc:MonthlyDeliveryList>
                                                    </proc:MonthlyDeliverySchedule>
                                                </proc:MonthlyDeliveryScheduleList>
                                            </proc:HistoryPlanning>
                                        </proc:HistoryPlanningList>
                                    </proc:Manufacturer>
                                </proc:ManufacturerList>
                            </proc:Item>
                            <proc:Item>
                                <proc:Name footnote="The decrease from FY 2025 to FY 2026 is due to a reduction of U.S. Marine Corps Forces Cyberspace Command manpower support. FY 2026 funds will enable the BDP-CHAOS production platform to continue current operations and procure required cloud components.  Funding will deliver data acquisition of 1 Petabyte within NIPRNet and SIPRNet environments to maintain system functionality and operational staff for BDP data and cloud operations.">1.2) SECURE, OPERATE, DEFEND AND ENABLE</proc:Name>
                                <proc:IdCode>A</proc:IdCode>
                                <proc:ResourceSummary>
                                    <proc:TotalCost>
                                        <proc:AllPriorYears>32.24</proc:AllPriorYears>
                                        <proc:PriorYear>8.452</proc:PriorYear>
                                        <proc:CurrentYear>8.621</proc:CurrentYear>
                                        <proc:BudgetYearOneBase>3.78</proc:BudgetYearOneBase>
                                        <proc:BudgetYearOne>3.78</proc:BudgetYearOne>
                                    </proc:TotalCost>
                                </proc:ResourceSummary>
                            </proc:Item>
                            <proc:Item>
                                <proc:Name footnote="No significant change from FY 2025 to FY 2026.">1.3) ENTERPRISE IT SECURITY &amp; COMPLIANCE</proc:Name>
                                <proc:IdCode>A</proc:IdCode>
                                <proc:ResourceSummary>
                                    <proc:TotalCost>
                                        <proc:AllPriorYears>4.147</proc:AllPriorYears>
                                        <proc:PriorYear>0.796</proc:PriorYear>
                                        <proc:CurrentYear>1.296</proc:CurrentYear>
                                        <proc:BudgetYearOneBase>1.313</proc:BudgetYearOneBase>
                                        <proc:BudgetYearOne>1.313</proc:BudgetYearOne>
                                    </proc:TotalCost>
                                </proc:ResourceSummary>
                            </proc:Item>
                            <proc:Item>
                                <proc:Name>1.4) PRIOR YEARS</proc:Name>
                                <proc:IdCode>A</proc:IdCode>
                                <proc:ResourceSummary>
                                    <proc:TotalCost>
                                        <proc:AllPriorYears>40.488</proc:AllPriorYears>
                                    </proc:TotalCost>
                                </proc:ResourceSummary>
                            </proc:Item>
                        </proc:ItemList>
                        <proc:CategorySubtotal>
                            <proc:TotalCost>
                                <proc:AllPriorYears>119.713</proc:AllPriorYears>
                                <proc:PriorYear>27.583</proc:PriorYear>
                                <proc:CurrentYear>19.245</proc:CurrentYear>
                                <proc:BudgetYearOneBase>14.541</proc:BudgetYearOneBase>
                                <proc:BudgetYearOne>14.541</proc:BudgetYearOne>
                            </proc:TotalCost>
                        </proc:CategorySubtotal>
                    </proc:Category>
                </proc:CategoryList>
                <proc:TotalCost>
                    <proc:TotalCost>
                        <proc:AllPriorYears>119.713</proc:AllPriorYears>
                        <proc:PriorYear>27.583</proc:PriorYear>
                        <proc:CurrentYear>19.245</proc:CurrentYear>
                        <proc:BudgetYearOneBase>14.541</proc:BudgetYearOneBase>
                        <proc:BudgetYearOne>14.541</proc:BudgetYearOne>
                    </proc:TotalCost>
                </proc:TotalCost>
            </proc:P40AItemGroup>
        </proc:ItemExhibitList>
        <proc:DocumentAssemblyOptions>
            <proc:p40AItemScheduleSetting>total</proc:p40AItemScheduleSetting>
        </proc:DocumentAssemblyOptions>
    </proc:LineItem>
</proc:LineItemList>