<?xml version="1.0" encoding="UTF-8"?>
<proc:LineItemList xmlns:proc="http://www.dtic.mil/comptroller/xml/schema/20100219/procurement">
    <proc:LineItem quantityUnits="Each" unitCostUnits="Dollars" totalCostUnits="Millions" manufacturerRateUnits="Yearly" suppressOutfittingDeliveryBY2ToBY5="true">
        <proc:LineItemNumber>4758</proc:LineItemNumber>
        <proc:LineItemTitle>Unmanned Expeditionary Systems</proc:LineItemTitle>
        <proc:P1LineNumber>48</proc:P1LineNumber>
        <proc:BudgetYear>2026</proc:BudgetYear>
        <proc:BudgetCycle>PB</proc:BudgetCycle>
        <proc:SubmissionDate>2025-06</proc:SubmissionDate>
        <proc:ServiceAgencyName>Navy</proc:ServiceAgencyName>
        <proc:AppropriationNumber>1109N</proc:AppropriationNumber>
        <proc:AppropriationTitle>Procurement, Marine Corps</proc:AppropriationTitle>
        <proc:BudgetActivityNumber>4</proc:BudgetActivityNumber>
        <proc:BudgetActivityTitle>Communications and Electronics Equipment</proc:BudgetActivityTitle>
        <proc:BudgetSubActivityNumber>19</proc:BudgetSubActivityNumber>
        <proc:BudgetSubActivityTitle>Other Support (Non-Tel)</proc:BudgetSubActivityTitle>
        <proc:ResourceSummary>
            <proc:TotalCost>
                <proc:AllPriorYears>0</proc:AllPriorYears>
                <proc:PriorYear>11.164</proc:PriorYear>
                <proc:CurrentYear>16.305</proc:CurrentYear>
                <proc:BudgetYearOneBase>0</proc:BudgetYearOneBase>
                <proc:BudgetYearOneOOC>0</proc:BudgetYearOneOOC>
                <proc:BudgetYearOne>0</proc:BudgetYearOne>
            </proc:TotalCost>
            <proc:NetProcurementP1>
                <proc:AllPriorYears>0</proc:AllPriorYears>
                <proc:PriorYear>11.164</proc:PriorYear>
                <proc:CurrentYear>16.305</proc:CurrentYear>
                <proc:BudgetYearOneBase>0</proc:BudgetYearOneBase>
                <proc:BudgetYearOneOOC>0</proc:BudgetYearOneOOC>
                <proc:BudgetYearOne>0</proc:BudgetYearOne>
            </proc:NetProcurementP1>
            <proc:TotalObligationAuthority>
                <proc:AllPriorYears>0</proc:AllPriorYears>
                <proc:PriorYear>11.164</proc:PriorYear>
                <proc:CurrentYear>16.305</proc:CurrentYear>
                <proc:BudgetYearOneBase>0</proc:BudgetYearOneBase>
                <proc:BudgetYearOneOOC>0</proc:BudgetYearOneOOC>
                <proc:BudgetYearOne>0</proc:BudgetYearOne>
            </proc:TotalObligationAuthority>
        </proc:ResourceSummary>
        <proc:Code>A</proc:Code>
        <proc:Description>Prior to FY 2024, Tactical Resupply Unmanned Aircraft System (TRUAS) was funded in Budget Line Item (BLI) 6518 Amphibious Support Equipment.  

Unmanned Expeditionary Systems (UES) directly supports the complex, high threat, and diverse environments in the Indo-Pacific area of operations encountered by Marine Air Ground Task Force (MAGTF) and Marine Littoral Regiments (MLRs). UES consists of the ULS-A Small (Tactical Resupply Unmanned Aircraft System (TRUAS) and the ULS-A Medium (Medium Aerial Resupply Vehicle-Expeditionary Logistics (MARV-EL)). As system technology advances in future years, UES will also include emerging technologies to include autonomous distribution capabilities for elements across the MAGTF and MLR, enabling more diversified distribution and the sustainment of Marine Corps forces across future operating environments. 

The TRUAS provides an autonomous unmanned organic battlefield logistics capability primarily in distribution of critical supplies in Expeditionary Advanced Base Operations (EABO) safely within the Surface to Air Missile (SAM) Weapon Engagement Zone (WEZ), where the risk to manned aircraft would deny manned aviation resupply operations. TRUAS will have the capability to carry 120-pound payloads at a distance of 12 kilometers at a cruise speed of 50 knots.</proc:Description>
        <proc:Justification>The decrease from FY 2025 to FY 2026 reflects no planned TRUAS procurement quantities in FY 2026.</proc:Justification>
        <proc:ItemExhibitList>
            <proc:P40AItemGroup>
                <proc:Name>Unmanned Expeditionary Systems</proc:Name>
                <proc:CategoryList>
                    <proc:Category>
                        <proc:Name>1) UNMANNED EXPEDITIONARY SYSTEMS</proc:Name>
                        <proc:ItemList>
                            <proc:Item>
                                <proc:Name footnote="Prior to FY 2024, TRUAS was funded in Budget Line Item 6518 Amphibious Support Equipment. The decrease from FY 2025 to FY 2026 is due to no planned TRUAS procurement quantities in FY 2026.">1.1) TRUAS</proc:Name>
                                <proc:IdCode>A</proc:IdCode>
                                <proc:ResourceSummary>
                                    <proc:Quantity>
                                        <proc:PriorYear>35</proc:PriorYear>
                                        <proc:CurrentYear>51</proc:CurrentYear>
                                    </proc:Quantity>
                                    <proc:TotalCost>
                                        <proc:PriorYear>10.799</proc:PriorYear>
                                        <proc:CurrentYear>16.173</proc:CurrentYear>
                                    </proc:TotalCost>
                                    <proc:UnitCost>
                                        <proc:PriorYear>308537.2</proc:PriorYear>
                                        <proc:CurrentYear>317111.67</proc:CurrentYear>
                                    </proc:UnitCost>
                                </proc:ResourceSummary>
                                <proc:ManufacturerList>
                                    <proc:Manufacturer>
                                        <proc:Name>SURVICE Engineering</proc:Name>
                                        <proc:Location>Aberdeen, MD</proc:Location>
                                        <proc:MinimumSustainingRate>6</proc:MinimumSustainingRate>
                                        <proc:MaximumProductionRate>120</proc:MaximumProductionRate>
                                        <proc:Rate185>120</proc:Rate185>
                                        <proc:InitialQuantity>
                                            <proc:AdminLeadTimeBeforeOct1InMonths>0</proc:AdminLeadTimeBeforeOct1InMonths>
                                            <proc:AdminLeadTimeAfterOct1InMonths>0</proc:AdminLeadTimeAfterOct1InMonths>
                                            <proc:ProductionLeadTimeAfterOct1InMonths>6</proc:ProductionLeadTimeAfterOct1InMonths>
                                            <proc:TotalLeadTimeAfterOct1InMonths>6</proc:TotalLeadTimeAfterOct1InMonths>
                                        </proc:InitialQuantity>
                                        <proc:ReorderQuantity>
                                            <proc:AdminLeadTimeBeforeOct1InMonths>0</proc:AdminLeadTimeBeforeOct1InMonths>
                                            <proc:AdminLeadTimeAfterOct1InMonths>0</proc:AdminLeadTimeAfterOct1InMonths>
                                            <proc:ProductionLeadTimeAfterOct1InMonths>6</proc:ProductionLeadTimeAfterOct1InMonths>
                                            <proc:TotalLeadTimeAfterOct1InMonths>6</proc:TotalLeadTimeAfterOct1InMonths>
                                        </proc:ReorderQuantity>
                                        <proc:HistoryPlanningList>
                                            <proc:HistoryPlanning>
                                                <proc:FiscalYear>2024</proc:FiscalYear>
                                                <proc:PCOLocation>Aberdeen, MD</proc:PCOLocation>
                                                <proc:AwardDate>2023-12</proc:AwardDate>
                                                <proc:FirstDeliveryDate>2024-06</proc:FirstDeliveryDate>
                                                <proc:Quantity>35</proc:Quantity>
                                                <proc:UnitCost>308537.20</proc:UnitCost>
                                                <proc:SpecsAvailableNow>true</proc:SpecsAvailableNow>
                                                <proc:RFPIssueDate>2023-01</proc:RFPIssueDate>
                                                <proc:ContractMethod>SS</proc:ContractMethod>
                                                <proc:ContractType>CS</proc:ContractType>
                                                <proc:MonthlyDeliveryScheduleList>
                                                    <proc:MonthlyDeliverySchedule>
                                                        <proc:ServiceAgencyName>Navy</proc:ServiceAgencyName>
                                                        <proc:ProcQuantity>35</proc:ProcQuantity>
                                                        <proc:MonthlyDeliveryList>
                                                            <proc:MonthlyDelivery>
                                                                <proc:Month>2024-06</proc:Month>
                                                                <proc:Amount>4</proc:Amount>
                                                            </proc:MonthlyDelivery>
                                                            <proc:MonthlyDelivery>
                                                                <proc:Month>2024-07</proc:Month>
                                                                <proc:Amount>6</proc:Amount>
                                                            </proc:MonthlyDelivery>
                                                            <proc:MonthlyDelivery>
                                                                <proc:Month>2024-08</proc:Month>
                                                                <proc:Amount>7</proc:Amount>
                                                            </proc:MonthlyDelivery>
                                                            <proc:MonthlyDelivery>
                                                                <proc:Month>2024-09</proc:Month>
                                                                <proc:Amount>4</proc:Amount>
                                                            </proc:MonthlyDelivery>
                                                            <proc:MonthlyDelivery>
                                                                <proc:Month>2024-10</proc:Month>
                                                                <proc:Amount>3</proc:Amount>
                                                            </proc:MonthlyDelivery>
                                                            <proc:MonthlyDelivery>
                                                                <proc:Month>2024-11</proc:Month>
                                                                <proc:Amount>3</proc:Amount>
                                                            </proc:MonthlyDelivery>
                                                            <proc:MonthlyDelivery>
                                                                <proc:Month>2024-12</proc:Month>
                                                                <proc:Amount>3</proc:Amount>
                                                            </proc:MonthlyDelivery>
                                                            <proc:MonthlyDelivery>
                                                                <proc:Month>2025-01</proc:Month>
                                                                <proc:Amount>3</proc:Amount>
                                                            </proc:MonthlyDelivery>
                                                            <proc:MonthlyDelivery>
                                                                <proc:Month>2025-02</proc:Month>
                                                                <proc:Amount>2</proc:Amount>
                                                            </proc:MonthlyDelivery>
                                                        </proc:MonthlyDeliveryList>
                                                    </proc:MonthlyDeliverySchedule>
                                                </proc:MonthlyDeliveryScheduleList>
                                            </proc:HistoryPlanning>
                                            <proc:HistoryPlanning>
                                                <proc:FiscalYear>2025</proc:FiscalYear>
                                                <proc:PCOLocation>Aberdeen, MD</proc:PCOLocation>
                                                <proc:AwardDate>2024-12</proc:AwardDate>
                                                <proc:FirstDeliveryDate>2025-06</proc:FirstDeliveryDate>
                                                <proc:Quantity>51</proc:Quantity>
                                                <proc:UnitCost>317111.67</proc:UnitCost>
                                                <proc:SpecsAvailableNow>true</proc:SpecsAvailableNow>
                                                <proc:RFPIssueDate>2023-01</proc:RFPIssueDate>
                                                <proc:ContractMethod>SS</proc:ContractMethod>
                                                <proc:ContractType>CS</proc:ContractType>
                                                <proc:MonthlyDeliveryScheduleList>
                                                    <proc:MonthlyDeliverySchedule>
                                                        <proc:ServiceAgencyName>Navy</proc:ServiceAgencyName>
                                                        <proc:ProcQuantity>51</proc:ProcQuantity>
                                                        <proc:MonthlyDeliveryList>
                                                            <proc:MonthlyDelivery>
                                                                <proc:Month>2025-06</proc:Month>
                                                                <proc:Amount>4</proc:Amount>
                                                            </proc:MonthlyDelivery>
                                                            <proc:MonthlyDelivery>
                                                                <proc:Month>2025-07</proc:Month>
                                                                <proc:Amount>3</proc:Amount>
                                                            </proc:MonthlyDelivery>
                                                            <proc:MonthlyDelivery>
                                                                <proc:Month>2025-08</proc:Month>
                                                                <proc:Amount>6</proc:Amount>
                                                            </proc:MonthlyDelivery>
                                                            <proc:MonthlyDelivery>
                                                                <proc:Month>2025-09</proc:Month>
                                                                <proc:Amount>3</proc:Amount>
                                                            </proc:MonthlyDelivery>
                                                            <proc:MonthlyDelivery>
                                                                <proc:Month>2025-10</proc:Month>
                                                                <proc:Amount>4</proc:Amount>
                                                            </proc:MonthlyDelivery>
                                                            <proc:MonthlyDelivery>
                                                                <proc:Month>2025-11</proc:Month>
                                                                <proc:Amount>6</proc:Amount>
                                                            </proc:MonthlyDelivery>
                                                            <proc:MonthlyDelivery>
                                                                <proc:Month>2025-12</proc:Month>
                                                                <proc:Amount>6</proc:Amount>
                                                            </proc:MonthlyDelivery>
                                                            <proc:MonthlyDelivery>
                                                                <proc:Month>2026-01</proc:Month>
                                                                <proc:Amount>4</proc:Amount>
                                                            </proc:MonthlyDelivery>
                                                            <proc:MonthlyDelivery>
                                                                <proc:Month>2026-02</proc:Month>
                                                                <proc:Amount>4</proc:Amount>
                                                            </proc:MonthlyDelivery>
                                                            <proc:MonthlyDelivery>
                                                                <proc:Month>2026-03</proc:Month>
                                                                <proc:Amount>5</proc:Amount>
                                                            </proc:MonthlyDelivery>
                                                            <proc:MonthlyDelivery>
                                                                <proc:Month>2026-04</proc:Month>
                                                                <proc:Amount>6</proc:Amount>
                                                            </proc:MonthlyDelivery>
                                                        </proc:MonthlyDeliveryList>
                                                    </proc:MonthlyDeliverySchedule>
                                                </proc:MonthlyDeliveryScheduleList>
                                            </proc:HistoryPlanning>
                                        </proc:HistoryPlanningList>
                                    </proc:Manufacturer>
                                </proc:ManufacturerList>
                            </proc:Item>
                            <proc:Item>
                                <proc:Name footnote="Prior to FY 2024, TRUAS Support was funded in Budget Line Item 6518 Amphibious Support Equipment.">1.2) TRUAS Support</proc:Name>
                                <proc:IdCode>A</proc:IdCode>
                                <proc:ResourceSummary>
                                    <proc:TotalCost>
                                        <proc:PriorYear>0.365</proc:PriorYear>
                                        <proc:CurrentYear>0.132</proc:CurrentYear>
                                    </proc:TotalCost>
                                </proc:ResourceSummary>
                            </proc:Item>
                        </proc:ItemList>
                        <proc:CategorySubtotal>
                            <proc:TotalCost>
                                <proc:AllPriorYears>0</proc:AllPriorYears>
                                <proc:PriorYear>11.164</proc:PriorYear>
                                <proc:CurrentYear>16.305</proc:CurrentYear>
                            </proc:TotalCost>
                        </proc:CategorySubtotal>
                    </proc:Category>
                </proc:CategoryList>
                <proc:TotalCost>
                    <proc:TotalCost>
                        <proc:AllPriorYears>0</proc:AllPriorYears>
                        <proc:PriorYear>11.164</proc:PriorYear>
                        <proc:CurrentYear>16.305</proc:CurrentYear>
                    </proc:TotalCost>
                </proc:TotalCost>
            </proc:P40AItemGroup>
        </proc:ItemExhibitList>
        <proc:DocumentAssemblyOptions>
            <proc:p40AItemScheduleSetting>total</proc:p40AItemScheduleSetting>
        </proc:DocumentAssemblyOptions>
    </proc:LineItem>
</proc:LineItemList>