<?xml version="1.0" encoding="UTF-8"?>
<proc:LineItemList xmlns:proc="http://www.dtic.mil/comptroller/xml/schema/20100219/procurement">
    <proc:LineItem quantityUnits="Each" unitCostUnits="Dollars" totalCostUnits="Millions" manufacturerRateUnits="Yearly" suppressOutfittingDeliveryBY2ToBY5="true">
        <proc:LineItemNumber>4635</proc:LineItemNumber>
        <proc:LineItemTitle>Comm &amp; Elec Infrastructure Supt</proc:LineItemTitle>
        <proc:P1LineNumber>45</proc:P1LineNumber>
        <proc:BudgetYear>2026</proc:BudgetYear>
        <proc:BudgetCycle>PB</proc:BudgetCycle>
        <proc:SubmissionDate>2025-06</proc:SubmissionDate>
        <proc:ServiceAgencyName>Navy</proc:ServiceAgencyName>
        <proc:AppropriationNumber>1109N</proc:AppropriationNumber>
        <proc:AppropriationTitle>Procurement, Marine Corps</proc:AppropriationTitle>
        <proc:BudgetActivityNumber>4</proc:BudgetActivityNumber>
        <proc:BudgetActivityTitle>Communications and Electronics Equipment</proc:BudgetActivityTitle>
        <proc:BudgetSubActivityNumber>19</proc:BudgetSubActivityNumber>
        <proc:BudgetSubActivityTitle>Other Support (Non-Tel)</proc:BudgetSubActivityTitle>
        <proc:ResourceSummary>
            <proc:TotalCost>
                <proc:AllPriorYears>572.93</proc:AllPriorYears>
                <proc:PriorYear>27.111</proc:PriorYear>
                <proc:CurrentYear>16.948</proc:CurrentYear>
                <proc:BudgetYearOneBase>16.163</proc:BudgetYearOneBase>
                <proc:BudgetYearOneOOC>0</proc:BudgetYearOneOOC>
                <proc:BudgetYearOne>16.163</proc:BudgetYearOne>
            </proc:TotalCost>
            <proc:NetProcurementP1>
                <proc:AllPriorYears>572.93</proc:AllPriorYears>
                <proc:PriorYear>27.111</proc:PriorYear>
                <proc:CurrentYear>16.948</proc:CurrentYear>
                <proc:BudgetYearOneBase>16.163</proc:BudgetYearOneBase>
                <proc:BudgetYearOneOOC>0</proc:BudgetYearOneOOC>
                <proc:BudgetYearOne>16.163</proc:BudgetYearOne>
            </proc:NetProcurementP1>
            <proc:TotalObligationAuthority>
                <proc:AllPriorYears>572.93</proc:AllPriorYears>
                <proc:PriorYear>27.111</proc:PriorYear>
                <proc:CurrentYear>16.948</proc:CurrentYear>
                <proc:BudgetYearOneBase>16.163</proc:BudgetYearOneBase>
                <proc:BudgetYearOneOOC>0</proc:BudgetYearOneOOC>
                <proc:BudgetYearOne>16.163</proc:BudgetYearOne>
            </proc:TotalObligationAuthority>
        </proc:ResourceSummary>
        <proc:Code>A</proc:Code>
        <proc:OtherRelatedProgramElementList>
            <proc:ProgramElementNumber>0206313M</proc:ProgramElementNumber>
            <proc:ProgramElementNumber>0206479M</proc:ProgramElementNumber>
            <proc:ProgramElementNumber>0605013M</proc:ProgramElementNumber>
        </proc:OtherRelatedProgramElementList>
        <proc:Description>CONSOLIDATED EMERGENCY RESPONSE SYSTEM (CERS) is a centrally managed program to field a technology solution in support of emergency dispatch personnel that facilitates timely responses for emergency calls. CERS provides command and coordination dispatch functions for first responders to support All-Hazard missions. It standardizes Emergency Dispatch Centers to provide notification functions, resource management and situational awareness in order to increase efficient emergency and day-to-day first responder operations. CERS capability is achieved through delivery of Enhanced 911 (E911), Next generation 911 (NG911), and emergency dispatch capabilities consisting of Computer Aided Dispatch (CAD) and Fire Station Alerting (FSA). This line item includes funding specified for Defense Policy Review Initiative (DPRI) within the above details.
  
ENTERPRISE LAND MOBILE RADIOS (ELMR) is a modern, digital, Association of Public Safety Communications Officials (APCO) Project 25 (P25) Trunked Radio Systems (TRSs) at all Marine Corps Bases, Posts and Stations (BPS). It provides the wireless Radio Frequency (RF) communications that are required to support the Consolidated Emergency Response System and First Responders (i.e., Police, Fire, Emergency Medical Services) as part of the Emergency Management Command and Coordination initiative. Specifically, the radio system provides RF coverage to BPS populated areas and roads in-between, permitting positive command and coordination between Dispatchers and First Responders and enables their ability to respond to incidents during normal, crisis, and recovery operations. In the wake of 9/11 and Ft. Hood incidents, DoD recognized that effective emergency communications and mutual aid support operations are key elements in providing homeland security, reducing the loss of life and the preservation of property. Thus, the objective for the E-LMR acquisition is to bring forth a reliable interoperability wireless communication system with a limited data capability. This line item includes funding specified for Defense Policy Review Initiative (DPRI) within the above details.</proc:Description>
        <proc:Justification>FY 2026 Base Appropriation Request: $16.163M

CONSOLIDATED EMERGENCY RESPONSE SYSTEM (CERS) $7.571M:

CERS - Tech Refresh $7.571M: Funding in FY 2026 provides for the modernization of the Enhanced 911 (E911) systems that are reaching end of life to prevent removal from the network due to cybersecurity risks. CERS provides the alerting and dispatching that is required for first responders to react to emergency situations for which delayed responses may result in loss of life. It standardizes Emergency Dispatch Centers to provide notification functions, resource management and situational awareness in order to increase efficient emergency and day-to-day first responder operations. CERS capability is achieved through delivery of E911, Next Generation 911 (NG911), and emergency dispatch capabilities consisting of Computer Aided Dispatch (CAD), Fire Station Alerting (FSA) and Mobile Data Computers (MDC) for first responder's vehicles. CERS capabilities are dependent on existing wireless (Enterprise Land Mobile Radio), wired (Base Telecommunications Infrastructure) and mapping (Installation Geospatial Information and Services) programs. CERS funds training and certification requirements and general material and supplies required for operations of Emergency Dispatch Centers. These efforts support 13 Primary Dispatch Centers and 11 Alternate Dispatch Centers both CONUS and OCONUS. It also supports the Fire Stations and Battalion Aid stations at each of these locations for Fire Station alerting.

ENTERPRISE LAND MOBILE RADIOS (ELMR) $8.592M:

ELMR - Tech Refresh $8.443M: Funding decreases in FY 2026 due to the refresh replacement radio installs which will be complete in FY 2025. ELMR - Tech Refresh replaces Multi-Band Radio (MBR) for each region (Eastern, Western and Pacific) which are on a 5-year cycle at 19 USMC installations, providing operational mission support to protect life and property. This equipment is required to ensure that First Responders can effectively communicate and respond to emergencies in a timely manner. ELMR - Tech Refresh will continue the replacement of equipment at 15 Bases and Stations CONUS and OCONUS on a 7-year refresh cycle where current equipment is reaching end of life and requires immediate replacement and modernization. This funding also provides fielding, training, inventory and onsite support for the ongoing fielding efforts for ELMR.

Defense Policy Review Initiative Equipment (DPRI) $0.149M: Funding will support DPRI Okinawa with procurement, installation, and accreditation of Enterprise Land Mobile Radio (ELMR). ELMR funding for FY 2026 supports the outfitting of newly constructed facilities on Okinawa. The funding supports the procurement and installation of equipment for facilities with a beneficial occupancy date (BOD) in FY 2027. Funding must be provided one year prior to BOD in order for equipment to be procured and available for installation by BOD. Without this funding, facilities will not be able to be occupied. Any delays to force flow have both negative political and cost ramifications. This system is integral in order to occupy the facilities and meet mission requirements.</proc:Justification>
        <proc:ItemExhibitList>
            <proc:P40AItemGroup>
                <proc:Name>Comm &amp; Elec Infrastructure Supt</proc:Name>
                <proc:CategoryList>
                    <proc:Category>
                        <proc:Name>1) Base Telecommunications Infrastructure (BTI)</proc:Name>
                        <proc:ItemList>
                            <proc:Item>
                                <proc:Name>1.1) BTI - Defense Policy Review Initiative Equipment (Guam)</proc:Name>
                                <proc:IdCode>A</proc:IdCode>
                                <proc:ResourceSummary>
                                    <proc:TotalCost>
                                        <proc:AllPriorYears>78.124</proc:AllPriorYears>
                                    </proc:TotalCost>
                                </proc:ResourceSummary>
                            </proc:Item>
                            <proc:Item>
                                <proc:Name>1.2) BTI - Defense Policy Review Initiative Equipment (Okinawa)</proc:Name>
                                <proc:IdCode>A</proc:IdCode>
                                <proc:ResourceSummary>
                                    <proc:TotalCost>
                                        <proc:AllPriorYears>8.876</proc:AllPriorYears>
                                    </proc:TotalCost>
                                </proc:ResourceSummary>
                            </proc:Item>
                            <proc:Item>
                                <proc:Name>1.3) BTI - Unified Capabilities &amp; Dense Wave Division Multiplexing</proc:Name>
                                <proc:IdCode>A</proc:IdCode>
                                <proc:ResourceSummary>
                                    <proc:TotalCost>
                                        <proc:AllPriorYears>212.477</proc:AllPriorYears>
                                    </proc:TotalCost>
                                </proc:ResourceSummary>
                            </proc:Item>
                            <proc:Item>
                                <proc:Name>1.4) BTI-Prior Year Cumulative Funding</proc:Name>
                                <proc:IdCode>A</proc:IdCode>
                                <proc:ResourceSummary>
                                    <proc:TotalCost>
                                        <proc:AllPriorYears>7.773</proc:AllPriorYears>
                                    </proc:TotalCost>
                                </proc:ResourceSummary>
                            </proc:Item>
                            <proc:Item>
                                <proc:Name>1.5) BTI- Hurricane Disaster Recovery</proc:Name>
                                <proc:IdCode>A</proc:IdCode>
                                <proc:ResourceSummary>
                                    <proc:TotalCost>
                                        <proc:AllPriorYears>50.6</proc:AllPriorYears>
                                    </proc:TotalCost>
                                </proc:ResourceSummary>
                            </proc:Item>
                        </proc:ItemList>
                        <proc:CategorySubtotal>
                            <proc:TotalCost>
                                <proc:AllPriorYears>357.85</proc:AllPriorYears>
                            </proc:TotalCost>
                        </proc:CategorySubtotal>
                    </proc:Category>
                    <proc:Category>
                        <proc:Name>2) CONSOLIDATED EMERGENCY RESPONSE SYSTEM (CERS)</proc:Name>
                        <proc:ItemList>
                            <proc:Item>
                                <proc:Name footnote="CERS - Hardware Tech Refresh &amp; Equipment (Cost Element 2.1): Cost element consolidated to 2.5 to align with program acquisition strategy. CERS Tech Refresh cost elements include hardware, engineering, and fielding as complete end item.">2.1) CERS - Hardware Tech Refresh &amp; Equipment</proc:Name>
                                <proc:IdCode>A</proc:IdCode>
                                <proc:ResourceSummary>
                                    <proc:TotalCost>
                                        <proc:AllPriorYears>9.807</proc:AllPriorYears>
                                        <proc:PriorYear>5</proc:PriorYear>
                                    </proc:TotalCost>
                                </proc:ResourceSummary>
                            </proc:Item>
                            <proc:Item>
                                <proc:Name footnote="CERS - Tech Refresh Engineering &amp; Fielding (Cost Element 2.2): Cost element consolidated to 2.5 to align with program acquisition strategy. CERS Tech Refresh cost elements include hardware, engineering, and fielding as complete end item.">2.2) CERS - Tech Refresh Engineering &amp; Fielding</proc:Name>
                                <proc:IdCode>A</proc:IdCode>
                                <proc:ResourceSummary>
                                    <proc:TotalCost>
                                        <proc:AllPriorYears>5.061</proc:AllPriorYears>
                                        <proc:PriorYear>2.047</proc:PriorYear>
                                    </proc:TotalCost>
                                </proc:ResourceSummary>
                            </proc:Item>
                            <proc:Item>
                                <proc:Name>2.3) CERS - Prior Year Cumulative Funding</proc:Name>
                                <proc:IdCode>A</proc:IdCode>
                                <proc:ResourceSummary>
                                    <proc:TotalCost>
                                        <proc:AllPriorYears>82.749</proc:AllPriorYears>
                                    </proc:TotalCost>
                                </proc:ResourceSummary>
                            </proc:Item>
                            <proc:Item>
                                <proc:Name>2.4) CERS - Defense Policy Review Initiative Equipment</proc:Name>
                                <proc:IdCode>A</proc:IdCode>
                                <proc:ResourceSummary>
                                    <proc:TotalCost>
                                        <proc:CurrentYear>0.9</proc:CurrentYear>
                                    </proc:TotalCost>
                                </proc:ResourceSummary>
                            </proc:Item>
                            <proc:Item>
                                <proc:Name footnote="CERS - Tech Refresh (Cost Element 2.5): The increase from FY 2025 to FY 2026 provides for the modernization of the E911/NG911 systems that are reaching end of life and will no longer be supported by the vendor which could result in removal from the network due to cybersecurity risks. Multiple cost elements have been consolidated to 2.5 to align with program acquisition strategy. CERS Tech Refresh cost elements include hardware, engineering, and fielding as complete end item.">2.5) CERS - Tech Refresh</proc:Name>
                                <proc:IdCode>A</proc:IdCode>
                                <proc:ResourceSummary>
                                    <proc:TotalCost>
                                        <proc:CurrentYear>6.712</proc:CurrentYear>
                                        <proc:BudgetYearOneBase>7.571</proc:BudgetYearOneBase>
                                        <proc:BudgetYearOne>7.571</proc:BudgetYearOne>
                                    </proc:TotalCost>
                                </proc:ResourceSummary>
                            </proc:Item>
                        </proc:ItemList>
                        <proc:CategorySubtotal>
                            <proc:TotalCost>
                                <proc:AllPriorYears>97.617</proc:AllPriorYears>
                                <proc:PriorYear>7.047</proc:PriorYear>
                                <proc:CurrentYear>7.612</proc:CurrentYear>
                                <proc:BudgetYearOneBase>7.571</proc:BudgetYearOneBase>
                                <proc:BudgetYearOne>7.571</proc:BudgetYearOne>
                            </proc:TotalCost>
                        </proc:CategorySubtotal>
                    </proc:Category>
                    <proc:Category>
                        <proc:Name>3) Enterprise Land Mobile Radio (ELMR)</proc:Name>
                        <proc:ItemList>
                            <proc:Item>
                                <proc:Name footnote="ELMR - Mobile Land Radio (MBR) Tech Refresh (Cost Element 3.1): Cost element consolidated to 3.6 to align with program acquisition strategy. MBR and Infrastructure refresh are integrated based on refresh cycles and locations.">3.1) ELMR - Mobile Land Radio (MBR) Tech Refresh</proc:Name>
                                <proc:IdCode>A</proc:IdCode>
                                <proc:ResourceSummary>
                                    <proc:TotalCost>
                                        <proc:AllPriorYears>30.296</proc:AllPriorYears>
                                        <proc:PriorYear>7.751</proc:PriorYear>
                                    </proc:TotalCost>
                                </proc:ResourceSummary>
                            </proc:Item>
                            <proc:Item>
                                <proc:Name footnote="ELMR - Regional Infrastructure Refresh (Cost Element 3.2): Cost element consolidated to 3.5 to align with program acquisition strategy. MBR and Infrastructure refresh are integrated based on refresh cycles and locations.">3.2) ELMR - Regional Infrastructure Refresh</proc:Name>
                                <proc:IdCode>A</proc:IdCode>
                                <proc:ResourceSummary>
                                    <proc:TotalCost>
                                        <proc:AllPriorYears>14.349</proc:AllPriorYears>
                                        <proc:PriorYear>9.044</proc:PriorYear>
                                    </proc:TotalCost>
                                </proc:ResourceSummary>
                            </proc:Item>
                            <proc:Item>
                                <proc:Name footnote="ELMR - Fielding Activities (Cost Element 3.3): Cost element consolidated to 3.5 to align with program acquisition strategy. MBR and Infrastructure refresh are integrated based on refresh cycles and locations.">3.3) ELMR - Fielding Activities</proc:Name>
                                <proc:IdCode>A</proc:IdCode>
                                <proc:ResourceSummary>
                                    <proc:TotalCost>
                                        <proc:AllPriorYears>13.743</proc:AllPriorYears>
                                        <proc:PriorYear>3.269</proc:PriorYear>
                                    </proc:TotalCost>
                                </proc:ResourceSummary>
                            </proc:Item>
                            <proc:Item>
                                <proc:Name footnote="Defense Policy Review Initiative Equipment (DPRI): $0.149M Funding will support DPRI Okinawa with procurement, installation, and accreditation of Enterprise Land Mobile Radio (ELMR). ELMR funding for FY 2026 supports the outfitting of newly constructed facilities on Okinawa.">3.4) ELMR - Defense Policy Review Initiative Equipment</proc:Name>
                                <proc:IdCode>A</proc:IdCode>
                                <proc:ResourceSummary>
                                    <proc:TotalCost>
                                        <proc:AllPriorYears>6.367</proc:AllPriorYears>
                                        <proc:BudgetYearOneBase>0.149</proc:BudgetYearOneBase>
                                        <proc:BudgetYearOne>0.149</proc:BudgetYearOne>
                                    </proc:TotalCost>
                                </proc:ResourceSummary>
                            </proc:Item>
                            <proc:Item>
                                <proc:Name footnote="ELMR - Tech Refresh: $8.443M funding in FY 2026 provides for the modernization of the E911/NG911 systems that are reaching end of life and will no longer be supported by the vendor which could result in removal from the network due to cybersecurity risks. Funding will continue the replacement of equipment that is at its end of life and the continued refresh in Western and Pacific Regions. The decrease from FY 2025 to FY 2026 is due to the refresh replacement radio installs completing in FY 2025. Cost element consolidated to 3.5 to align with program acquisition strategy. MBR and Infrastructure refresh are integrated based on refresh cycles and locations.">3.5) ELMR - Tech Refresh</proc:Name>
                                <proc:IdCode>A</proc:IdCode>
                                <proc:ResourceSummary>
                                    <proc:TotalCost>
                                        <proc:CurrentYear>9.336</proc:CurrentYear>
                                        <proc:BudgetYearOneBase>8.443</proc:BudgetYearOneBase>
                                        <proc:BudgetYearOne>8.443</proc:BudgetYearOne>
                                    </proc:TotalCost>
                                </proc:ResourceSummary>
                            </proc:Item>
                            <proc:Item>
                                <proc:Name>3.6) ELMR - Prior Year Cumulative Funding</proc:Name>
                                <proc:IdCode>A</proc:IdCode>
                                <proc:ResourceSummary>
                                    <proc:TotalCost>
                                        <proc:AllPriorYears>40.836</proc:AllPriorYears>
                                    </proc:TotalCost>
                                </proc:ResourceSummary>
                            </proc:Item>
                        </proc:ItemList>
                        <proc:CategorySubtotal>
                            <proc:TotalCost>
                                <proc:AllPriorYears>105.591</proc:AllPriorYears>
                                <proc:PriorYear>20.064</proc:PriorYear>
                                <proc:CurrentYear>9.336</proc:CurrentYear>
                                <proc:BudgetYearOneBase>8.592</proc:BudgetYearOneBase>
                                <proc:BudgetYearOne>8.592</proc:BudgetYearOne>
                            </proc:TotalCost>
                        </proc:CategorySubtotal>
                    </proc:Category>
                    <proc:Category>
                        <proc:Name>4) Prior Year Cumulative Funding</proc:Name>
                        <proc:ItemList>
                            <proc:Item>
                                <proc:Name>4.1) Prior Year Cumulative Funding</proc:Name>
                                <proc:IdCode>A</proc:IdCode>
                                <proc:ResourceSummary>
                                    <proc:TotalCost>
                                        <proc:AllPriorYears>11.872</proc:AllPriorYears>
                                    </proc:TotalCost>
                                </proc:ResourceSummary>
                            </proc:Item>
                        </proc:ItemList>
                        <proc:CategorySubtotal>
                            <proc:TotalCost>
                                <proc:AllPriorYears>11.872</proc:AllPriorYears>
                            </proc:TotalCost>
                        </proc:CategorySubtotal>
                    </proc:Category>
                </proc:CategoryList>
                <proc:TotalCost>
                    <proc:TotalCost>
                        <proc:AllPriorYears>572.93</proc:AllPriorYears>
                        <proc:PriorYear>27.111</proc:PriorYear>
                        <proc:CurrentYear>16.948</proc:CurrentYear>
                        <proc:BudgetYearOneBase>16.163</proc:BudgetYearOneBase>
                        <proc:BudgetYearOne>16.163</proc:BudgetYearOne>
                    </proc:TotalCost>
                </proc:TotalCost>
            </proc:P40AItemGroup>
        </proc:ItemExhibitList>
        <proc:DocumentAssemblyOptions>
            <proc:p40AItemScheduleSetting>total</proc:p40AItemScheduleSetting>
        </proc:DocumentAssemblyOptions>
    </proc:LineItem>
</proc:LineItemList>