<?xml version="1.0" encoding="UTF-8"?>
<proc:LineItemList xmlns:proc="http://www.dtic.mil/comptroller/xml/schema/20100219/procurement">
    <proc:LineItem quantityUnits="Each" unitCostUnits="Dollars" totalCostUnits="Millions" manufacturerRateUnits="Yearly" suppressOutfittingDeliveryBY2ToBY5="true">
        <proc:LineItemNumber>3025</proc:LineItemNumber>
        <proc:LineItemTitle>Guided MLRS Rocket (GMLRS)</proc:LineItemTitle>
        <proc:P1LineNumber>17</proc:P1LineNumber>
        <proc:BudgetYear>2026</proc:BudgetYear>
        <proc:BudgetCycle>PB</proc:BudgetCycle>
        <proc:SubmissionDate>2025-06</proc:SubmissionDate>
        <proc:ServiceAgencyName>Navy</proc:ServiceAgencyName>
        <proc:AppropriationNumber>1109N</proc:AppropriationNumber>
        <proc:AppropriationTitle>Procurement, Marine Corps</proc:AppropriationTitle>
        <proc:BudgetActivityNumber>3</proc:BudgetActivityNumber>
        <proc:BudgetActivityTitle>Guided missiles and equipment</proc:BudgetActivityTitle>
        <proc:BudgetSubActivityNumber>1</proc:BudgetSubActivityNumber>
        <proc:BudgetSubActivityTitle>Guided Missiles</proc:BudgetSubActivityTitle>
        <proc:ResourceSummary>
            <proc:Quantity>
                <proc:AllPriorYears>1960</proc:AllPriorYears>
                <proc:PriorYear>48</proc:PriorYear>
                <proc:CurrentYear>6</proc:CurrentYear>
                <proc:BudgetYearOneBase>6</proc:BudgetYearOneBase>
                <proc:BudgetYearOne>6</proc:BudgetYearOne>
            </proc:Quantity>
            <proc:TotalCost>
                <proc:AllPriorYears>279.594</proc:AllPriorYears>
                <proc:PriorYear>200.003</proc:PriorYear>
                <proc:CurrentYear>1.584</proc:CurrentYear>
                <proc:BudgetYearOneBase>61.49</proc:BudgetYearOneBase>
                <proc:BudgetYearOneOOC>0</proc:BudgetYearOneOOC>
                <proc:BudgetYearOne>61.49</proc:BudgetYearOne>
            </proc:TotalCost>
            <proc:UnitCost>
                <proc:AllPriorYears>142650</proc:AllPriorYears>
                <proc:PriorYear>4166729.17</proc:PriorYear>
                <proc:CurrentYear>264000</proc:CurrentYear>
                <proc:BudgetYearOneBase>10248333.33</proc:BudgetYearOneBase>
                <proc:BudgetYearOne>10248333.33</proc:BudgetYearOne>
            </proc:UnitCost>
            <proc:NetProcurementP1>
                <proc:AllPriorYears>279.594</proc:AllPriorYears>
                <proc:PriorYear>200.003</proc:PriorYear>
                <proc:CurrentYear>1.584</proc:CurrentYear>
                <proc:BudgetYearOneBase>61.49</proc:BudgetYearOneBase>
                <proc:BudgetYearOneOOC>0</proc:BudgetYearOneOOC>
                <proc:BudgetYearOne>61.49</proc:BudgetYearOne>
            </proc:NetProcurementP1>
            <proc:TotalObligationAuthority>
                <proc:AllPriorYears>279.594</proc:AllPriorYears>
                <proc:PriorYear>200.003</proc:PriorYear>
                <proc:CurrentYear>1.584</proc:CurrentYear>
                <proc:BudgetYearOneBase>61.49</proc:BudgetYearOneBase>
                <proc:BudgetYearOneOOC>0</proc:BudgetYearOneOOC>
                <proc:BudgetYearOne>61.49</proc:BudgetYearOne>
            </proc:TotalObligationAuthority>
            <proc:FlyawayUnitCost>
                <proc:AllPriorYears>141581.63</proc:AllPriorYears>
                <proc:PriorYear>4155250</proc:PriorYear>
                <proc:CurrentYear>229666.67</proc:CurrentYear>
                <proc:BudgetYearOneBase>10213333.33</proc:BudgetYearOneBase>
                <proc:BudgetYearOne>10213333.33</proc:BudgetYearOne>
            </proc:FlyawayUnitCost>
        </proc:ResourceSummary>
        <proc:Code>A</proc:Code>
        <proc:Description>Guided Multiple Launch Rocket System (GMLRS) rockets are surface-to-surface artillery rockets fired from the High Mobility Artillery Rocket System (HIMARS) launchers. GMLRS rockets provide 24/7, all-weather precision fires to engage both area and point targets at short, medium, and long ranges with the Army. In order to align with the National Defense Strategy and continuously deliver performance with affordability and speed, the Marine Corps procures its GMLRS rockets in concert with Army. The GMLRS program is critical to sustaining a Joint Force military advantage and maintaining a favorable regional balance of power in the theaters in which HIMARS deploys.

Standard Range (SR): SR GMLRS consists of two variants: Unitary (U); Alternative Warhead (AW). GMLRS-U utilizes a 200-pound high explosive warhead to engage point targets with limited collateral damage. GMLRS-AW was developed as a non-cluster munition to engage the same target sets as dual-purpose improved conventional munition (DPICM). The GMLRS-AW rocket is 90% common with the GMLRS-U variant. GMLRS-U and GMLRS-AW are currently in full rate production.

Extended Range (ER): The ER GMLRS has approximately double the range of the SR GMLRS achieving over 150km.</proc:Description>
        <proc:Justification>FY 2026 Baseline Appropriation Request: $61.490M Active 

Funds continue procurement of SR GMLRS rockets and production services including cybersecurity and safety support. In FY 2026, funds begin procurement of the ER GMLRS to approximately double the range that operational units can engage land targets in deep fight in support of the joint force.

Unit costs are driven by total Army, Marine Corps, and Foreign Military Sales (FMS) procurements and are subject to the mix between AW and U warheads. The quantities in FY 2024, FY 2025, and FY 2026 depicted on the P-5 represent the program's current estimate of the quantities that will be procured.</proc:Justification>
        <proc:MDAPCode>260</proc:MDAPCode>
        <proc:ItemExhibitList>
            <proc:P5Item>
                <proc:Name>Guided MLRS Rocket (GMLRS)</proc:Name>
                <proc:ItemNumber>1</proc:ItemNumber>
                <proc:ResourceSummary>
                    <proc:Quantity>
                        <proc:AllPriorYears>1960</proc:AllPriorYears>
                        <proc:PriorYear>48</proc:PriorYear>
                        <proc:CurrentYear>6</proc:CurrentYear>
                        <proc:BudgetYearOneBase>6</proc:BudgetYearOneBase>
                        <proc:BudgetYearOne>6</proc:BudgetYearOne>
                    </proc:Quantity>
                    <proc:TotalCost>
                        <proc:AllPriorYears>279.594</proc:AllPriorYears>
                        <proc:PriorYear>200.003</proc:PriorYear>
                        <proc:CurrentYear>1.584</proc:CurrentYear>
                        <proc:BudgetYearOneBase>61.49</proc:BudgetYearOneBase>
                        <proc:BudgetYearOneOOC>0</proc:BudgetYearOneOOC>
                        <proc:BudgetYearOne>61.49</proc:BudgetYearOne>
                    </proc:TotalCost>
                    <proc:UnitCost>
                        <proc:AllPriorYears>142650</proc:AllPriorYears>
                        <proc:PriorYear>4166729.17</proc:PriorYear>
                        <proc:CurrentYear>264000</proc:CurrentYear>
                        <proc:BudgetYearOneBase>10248333.33</proc:BudgetYearOneBase>
                        <proc:BudgetYearOne>10248333.33</proc:BudgetYearOne>
                    </proc:UnitCost>
                    <proc:NetProcurementP1>
                        <proc:AllPriorYears>279.594</proc:AllPriorYears>
                        <proc:PriorYear>200.003</proc:PriorYear>
                        <proc:CurrentYear>1.584</proc:CurrentYear>
                        <proc:BudgetYearOneBase>61.49</proc:BudgetYearOneBase>
                        <proc:BudgetYearOneOOC>0</proc:BudgetYearOneOOC>
                        <proc:BudgetYearOne>61.49</proc:BudgetYearOne>
                    </proc:NetProcurementP1>
                    <proc:TotalObligationAuthority>
                        <proc:AllPriorYears>279.594</proc:AllPriorYears>
                        <proc:PriorYear>200.003</proc:PriorYear>
                        <proc:CurrentYear>1.584</proc:CurrentYear>
                        <proc:BudgetYearOneBase>61.49</proc:BudgetYearOneBase>
                        <proc:BudgetYearOneOOC>0</proc:BudgetYearOneOOC>
                        <proc:BudgetYearOne>61.49</proc:BudgetYearOne>
                    </proc:TotalObligationAuthority>
                </proc:ResourceSummary>
                <proc:CostElementCategoryList>
                    <proc:Flyaway>
                        <proc:Recurring>
                            <proc:CostElementList>
                                <proc:CostElement>
                                    <proc:Name footnote="SR GMLRS unit cost includes rocket unit cost, download services, integrated product support, and cybersecurity. FY 2024 includes Ukraine Tranche funding and computes total costs excluding quantities due to classification.  The FY 2025 to FY 2026 unit cost increase reflects the combination of rockets and pod procurements in alignment with the Army contracting strategy. Unit costs and quantities are an estimate from the Army based on GMLRS variant type, quantity, and total dollars identified from all services procuring GMLRS. This includes the Marine Corps, Army, and five FMS countries. The actual unit cost will be determined upon contract award.">1.1.1) SR GMLRS Hardware</proc:Name>
                                    <proc:Cost>
                                        <proc:Quantity>
                                            <proc:AllPriorYears>1960</proc:AllPriorYears>
                                            <proc:CurrentYear>6</proc:CurrentYear>
                                            <proc:BudgetYearOneBase>6</proc:BudgetYearOneBase>
                                            <proc:BudgetYearOne>6</proc:BudgetYearOne>
                                        </proc:Quantity>
                                        <proc:TotalCost>
                                            <proc:AllPriorYears>264.645</proc:AllPriorYears>
                                            <proc:PriorYear>184.234</proc:PriorYear>
                                            <proc:CurrentYear>0.875</proc:CurrentYear>
                                            <proc:BudgetYearOneBase>0.984</proc:BudgetYearOneBase>
                                            <proc:BudgetYearOne>0.984</proc:BudgetYearOne>
                                        </proc:TotalCost>
                                        <proc:UnitCost>
                                            <proc:AllPriorYears>135022.96</proc:AllPriorYears>
                                            <proc:CurrentYear>145756</proc:CurrentYear>
                                            <proc:BudgetYearOneBase>163963</proc:BudgetYearOneBase>
                                            <proc:BudgetYearOne>163963</proc:BudgetYearOne>
                                        </proc:UnitCost>
                                    </proc:Cost>
                                    <proc:AllPriorYearsDeliveries>1924</proc:AllPriorYearsDeliveries>
                                    <proc:ManufacturerList>
                                        <proc:Manufacturer>
                                            <proc:Name>Lockheed Martin</proc:Name>
                                            <proc:Location>Dallas, TX</proc:Location>
                                            <proc:MinimumSustainingRate>2400</proc:MinimumSustainingRate>
                                            <proc:MaximumProductionRate>14004</proc:MaximumProductionRate>
                                            <proc:Rate185>14004</proc:Rate185>
                                            <proc:InitialQuantity>
                                                <proc:AdminLeadTimeBeforeOct1InMonths>0</proc:AdminLeadTimeBeforeOct1InMonths>
                                                <proc:AdminLeadTimeAfterOct1InMonths>2</proc:AdminLeadTimeAfterOct1InMonths>
                                                <proc:ProductionLeadTimeAfterOct1InMonths>16</proc:ProductionLeadTimeAfterOct1InMonths>
                                                <proc:TotalLeadTimeAfterOct1InMonths>18</proc:TotalLeadTimeAfterOct1InMonths>
                                            </proc:InitialQuantity>
                                            <proc:ReorderQuantity>
                                                <proc:AdminLeadTimeBeforeOct1InMonths>0</proc:AdminLeadTimeBeforeOct1InMonths>
                                                <proc:AdminLeadTimeAfterOct1InMonths>5</proc:AdminLeadTimeAfterOct1InMonths>
                                                <proc:ProductionLeadTimeAfterOct1InMonths>15</proc:ProductionLeadTimeAfterOct1InMonths>
                                                <proc:TotalLeadTimeAfterOct1InMonths>20</proc:TotalLeadTimeAfterOct1InMonths>
                                            </proc:ReorderQuantity>
                                            <proc:HistoryPlanningList>
                                                <proc:HistoryPlanning>
                                                    <proc:FiscalYear>2023</proc:FiscalYear>
                                                    <proc:PCOLocation>Lockheed Martin / Dallas, TX</proc:PCOLocation>
                                                    <proc:AwardDate>2023-05</proc:AwardDate>
                                                    <proc:FirstDeliveryDate>2024-08</proc:FirstDeliveryDate>
                                                    <proc:Quantity>36</proc:Quantity>
                                                    <proc:UnitCost>164750.00</proc:UnitCost>
                                                    <proc:SpecsAvailableNow>false</proc:SpecsAvailableNow>
                                                    <proc:RevisionsAvailableDate>2024-02</proc:RevisionsAvailableDate>
                                                    <proc:RFPIssueDate>2022-02</proc:RFPIssueDate>
                                                    <proc:ContractMethod>SS</proc:ContractMethod>
                                                    <proc:ContractType>FPIF</proc:ContractType>
                                                    <proc:MonthlyDeliveryScheduleList>
                                                        <proc:MonthlyDeliverySchedule>
                                                            <proc:ServiceAgencyName>Navy</proc:ServiceAgencyName>
                                                            <proc:ProcQuantity>36</proc:ProcQuantity>
                                                            <proc:MonthlyDeliveryList>
                                                                <proc:MonthlyDelivery>
                                                                    <proc:Month>2024-08</proc:Month>
                                                                    <proc:Amount>36</proc:Amount>
                                                                </proc:MonthlyDelivery>
                                                            </proc:MonthlyDeliveryList>
                                                        </proc:MonthlyDeliverySchedule>
                                                    </proc:MonthlyDeliveryScheduleList>
                                                </proc:HistoryPlanning>
                                                <proc:HistoryPlanning>
                                                    <proc:FiscalYear>2025</proc:FiscalYear>
                                                    <proc:PCOLocation>Lockheed Martin / Dallas, TX</proc:PCOLocation>
                                                    <proc:AwardDate>2025-05</proc:AwardDate>
                                                    <proc:FirstDeliveryDate>2026-08</proc:FirstDeliveryDate>
                                                    <proc:Quantity>6</proc:Quantity>
                                                    <proc:UnitCost>145756.00</proc:UnitCost>
                                                    <proc:SpecsAvailableNow>false</proc:SpecsAvailableNow>
                                                    <proc:RevisionsAvailableDate>2026-02</proc:RevisionsAvailableDate>
                                                    <proc:RFPIssueDate>2024-02</proc:RFPIssueDate>
                                                    <proc:ContractMethod>SS</proc:ContractMethod>
                                                    <proc:ContractType>FPIF</proc:ContractType>
                                                    <proc:MonthlyDeliveryScheduleList>
                                                        <proc:MonthlyDeliverySchedule>
                                                            <proc:ServiceAgencyName>Navy</proc:ServiceAgencyName>
                                                            <proc:ProcQuantity>6</proc:ProcQuantity>
                                                            <proc:MonthlyDeliveryList>
                                                                <proc:MonthlyDelivery>
                                                                    <proc:Month>2026-08</proc:Month>
                                                                    <proc:Amount>6</proc:Amount>
                                                                </proc:MonthlyDelivery>
                                                            </proc:MonthlyDeliveryList>
                                                        </proc:MonthlyDeliverySchedule>
                                                    </proc:MonthlyDeliveryScheduleList>
                                                </proc:HistoryPlanning>
                                                <proc:HistoryPlanning>
                                                    <proc:FiscalYear>2026</proc:FiscalYear>
                                                    <proc:PCOLocation>Lockheed Martin / Dallas, TX</proc:PCOLocation>
                                                    <proc:AwardDate>2026-05</proc:AwardDate>
                                                    <proc:FirstDeliveryDate>2027-08</proc:FirstDeliveryDate>
                                                    <proc:Quantity>6</proc:Quantity>
                                                    <proc:UnitCost>163963.00</proc:UnitCost>
                                                    <proc:SpecsAvailableNow>false</proc:SpecsAvailableNow>
                                                    <proc:RevisionsAvailableDate>2027-02</proc:RevisionsAvailableDate>
                                                    <proc:RFPIssueDate>2025-02</proc:RFPIssueDate>
                                                    <proc:ContractMethod>SS</proc:ContractMethod>
                                                    <proc:ContractType>FPIF</proc:ContractType>
                                                    <proc:MonthlyDeliveryScheduleList>
                                                        <proc:MonthlyDeliverySchedule>
                                                            <proc:ServiceAgencyName>Navy</proc:ServiceAgencyName>
                                                            <proc:ProcQuantity>6</proc:ProcQuantity>
                                                            <proc:MonthlyDeliveryList>
                                                                <proc:MonthlyDelivery>
                                                                    <proc:Month>2027-08</proc:Month>
                                                                    <proc:Amount>6</proc:Amount>
                                                                </proc:MonthlyDelivery>
                                                            </proc:MonthlyDeliveryList>
                                                        </proc:MonthlyDeliverySchedule>
                                                    </proc:MonthlyDeliveryScheduleList>
                                                </proc:HistoryPlanning>
                                            </proc:HistoryPlanningList>
                                        </proc:Manufacturer>
                                    </proc:ManufacturerList>
                                </proc:CostElement>
                                <proc:CostElement>
                                    <proc:Name footnote="Launch Pod Container - FY 2024 includes Ukraine Tranche funding and computes total costs excluding quantities due to classification. Beginning in FY 2026, the cost of the pod will be included in the SR GMLRS unit cost in alignment with the Army contracting strategy.">1.1.2) Launch Pod Container- SR Build to Print Pod</proc:Name>
                                    <proc:Cost>
                                        <proc:Quantity>
                                            <proc:CurrentYear>1</proc:CurrentYear>
                                        </proc:Quantity>
                                        <proc:TotalCost>
                                            <proc:PriorYear>12.269</proc:PriorYear>
                                            <proc:CurrentYear>0.069</proc:CurrentYear>
                                        </proc:TotalCost>
                                        <proc:UnitCost>
                                            <proc:CurrentYear>68544</proc:CurrentYear>
                                        </proc:UnitCost>
                                    </proc:Cost>
                                    <proc:ManufacturerList>
                                        <proc:Manufacturer>
                                            <proc:Name>Lockheed Martin</proc:Name>
                                            <proc:Location>Dallas, TX</proc:Location>
                                            <proc:HistoryPlanningList>
                                                <proc:HistoryPlanning>
                                                    <proc:FiscalYear>2025</proc:FiscalYear>
                                                    <proc:PCOLocation>Lockheed Martin / Dallas, TX</proc:PCOLocation>
                                                    <proc:AwardDate>2024-12</proc:AwardDate>
                                                    <proc:FirstDeliveryDate>2026-03</proc:FirstDeliveryDate>
                                                    <proc:Quantity>1</proc:Quantity>
                                                    <proc:UnitCost>68544.00</proc:UnitCost>
                                                    <proc:SpecsAvailableNow>false</proc:SpecsAvailableNow>
                                                    <proc:RevisionsAvailableDate>2024-10</proc:RevisionsAvailableDate>
                                                    <proc:RFPIssueDate>2024-02</proc:RFPIssueDate>
                                                    <proc:ContractMethod>SS</proc:ContractMethod>
                                                    <proc:ContractType>FPIF</proc:ContractType>
                                                </proc:HistoryPlanning>
                                            </proc:HistoryPlanningList>
                                        </proc:Manufacturer>
                                    </proc:ManufacturerList>
                                </proc:CostElement>
                                <proc:CostElement>
                                    <proc:Name>1.1.3) SR GMLRS (Reserves)</proc:Name>
                                    <proc:Cost>
                                        <proc:Quantity>
                                            <proc:AllPriorYears>64</proc:AllPriorYears>
                                        </proc:Quantity>
                                        <proc:TotalCost>
                                            <proc:AllPriorYears>8.787</proc:AllPriorYears>
                                        </proc:TotalCost>
                                        <proc:UnitCost>
                                            <proc:AllPriorYears>137296.88</proc:AllPriorYears>
                                        </proc:UnitCost>
                                    </proc:Cost>
                                </proc:CostElement>
                                <proc:CostElement>
                                    <proc:Name footnote="ER GMLRS cost includes rocket unit cost, download services, integrated product support, and cybersecurity. The unit cost and quantity for FY 2026 is in alignment with the Army and is an estimate from the Army based on ER GMLRS variant type, quantity, and total dollars identified from all services procuring ER GMLRS. This includes the Marine Corps, Army, and five FMS countries. The actual unit cost will be determined upon contract award.">1.1.4) ER GMLRS</proc:Name>
                                    <proc:Cost>
                                        <proc:Quantity>
                                            <proc:BudgetYearOneBase>108</proc:BudgetYearOneBase>
                                            <proc:BudgetYearOne>108</proc:BudgetYearOne>
                                        </proc:Quantity>
                                        <proc:TotalCost>
                                            <proc:BudgetYearOneBase>59.008</proc:BudgetYearOneBase>
                                            <proc:BudgetYearOne>59.008</proc:BudgetYearOne>
                                        </proc:TotalCost>
                                        <proc:UnitCost>
                                            <proc:BudgetYearOneBase>546368</proc:BudgetYearOneBase>
                                            <proc:BudgetYearOne>546368</proc:BudgetYearOne>
                                        </proc:UnitCost>
                                    </proc:Cost>
                                    <proc:ManufacturerList>
                                        <proc:Manufacturer>
                                            <proc:Name>Lockheed Martin</proc:Name>
                                            <proc:Location>Dallas, TX</proc:Location>
                                            <proc:MinimumSustainingRate>114</proc:MinimumSustainingRate>
                                            <proc:MaximumProductionRate>114</proc:MaximumProductionRate>
                                            <proc:Rate185>114</proc:Rate185>
                                            <proc:InitialQuantity>
                                                <proc:AdminLeadTimeBeforeOct1InMonths>0</proc:AdminLeadTimeBeforeOct1InMonths>
                                                <proc:AdminLeadTimeAfterOct1InMonths>2</proc:AdminLeadTimeAfterOct1InMonths>
                                                <proc:ProductionLeadTimeAfterOct1InMonths>16</proc:ProductionLeadTimeAfterOct1InMonths>
                                                <proc:TotalLeadTimeAfterOct1InMonths>18</proc:TotalLeadTimeAfterOct1InMonths>
                                            </proc:InitialQuantity>
                                            <proc:ReorderQuantity>
                                                <proc:AdminLeadTimeBeforeOct1InMonths>0</proc:AdminLeadTimeBeforeOct1InMonths>
                                                <proc:AdminLeadTimeAfterOct1InMonths>5</proc:AdminLeadTimeAfterOct1InMonths>
                                                <proc:ProductionLeadTimeAfterOct1InMonths>15</proc:ProductionLeadTimeAfterOct1InMonths>
                                                <proc:TotalLeadTimeAfterOct1InMonths>20</proc:TotalLeadTimeAfterOct1InMonths>
                                            </proc:ReorderQuantity>
                                            <proc:HistoryPlanningList>
                                                <proc:HistoryPlanning>
                                                    <proc:FiscalYear>2026</proc:FiscalYear>
                                                    <proc:PCOLocation>Lockheed Martin / Dallas, TX</proc:PCOLocation>
                                                    <proc:AwardDate>2026-05</proc:AwardDate>
                                                    <proc:FirstDeliveryDate>2028-11</proc:FirstDeliveryDate>
                                                    <proc:Quantity>108</proc:Quantity>
                                                    <proc:UnitCost>546368.00</proc:UnitCost>
                                                    <proc:SpecsAvailableNow>false</proc:SpecsAvailableNow>
                                                    <proc:RevisionsAvailableDate>2027-02</proc:RevisionsAvailableDate>
                                                    <proc:RFPIssueDate>2025-02</proc:RFPIssueDate>
                                                    <proc:ContractMethod>SS</proc:ContractMethod>
                                                    <proc:ContractType>FFP</proc:ContractType>
                                                    <proc:MonthlyDeliveryScheduleList>
                                                        <proc:MonthlyDeliverySchedule>
                                                            <proc:ServiceAgencyName>Navy</proc:ServiceAgencyName>
                                                            <proc:ProcQuantity>108</proc:ProcQuantity>
                                                            <proc:MonthlyDeliveryList>
                                                                <proc:MonthlyDelivery>
                                                                    <proc:Month>2028-11</proc:Month>
                                                                    <proc:Amount>108</proc:Amount>
                                                                </proc:MonthlyDelivery>
                                                            </proc:MonthlyDeliveryList>
                                                        </proc:MonthlyDeliverySchedule>
                                                    </proc:MonthlyDeliveryScheduleList>
                                                </proc:HistoryPlanning>
                                            </proc:HistoryPlanningList>
                                        </proc:Manufacturer>
                                    </proc:ManufacturerList>
                                </proc:CostElement>
                                <proc:CostElement>
                                    <proc:Name>1.1.5) First Destination Transport</proc:Name>
                                    <proc:Cost>
                                        <proc:TotalCost>
                                            <proc:AllPriorYears>1.141</proc:AllPriorYears>
                                            <proc:PriorYear>0.045</proc:PriorYear>
                                            <proc:CurrentYear>0.007</proc:CurrentYear>
                                            <proc:BudgetYearOneBase>0.007</proc:BudgetYearOneBase>
                                            <proc:BudgetYearOne>0.007</proc:BudgetYearOne>
                                        </proc:TotalCost>
                                    </proc:Cost>
                                </proc:CostElement>
                                <proc:CostElement>
                                    <proc:Name footnote="The increase from FY 2025 to FY 2026 for production engineering support reflects Army estimates and the FY 2026 Procurement of ER GMLRS.">1.1.6) Production Engineering Support</proc:Name>
                                    <proc:Cost>
                                        <proc:TotalCost>
                                            <proc:AllPriorYears>2.927</proc:AllPriorYears>
                                            <proc:PriorYear>2.904</proc:PriorYear>
                                            <proc:CurrentYear>0.427</proc:CurrentYear>
                                            <proc:BudgetYearOneBase>1.281</proc:BudgetYearOneBase>
                                            <proc:BudgetYearOne>1.281</proc:BudgetYearOne>
                                        </proc:TotalCost>
                                    </proc:Cost>
                                </proc:CostElement>
                            </proc:CostElementList>
                            <proc:CategorySubtotal>
                                <proc:TotalCost>
                                    <proc:AllPriorYears>277.5</proc:AllPriorYears>
                                    <proc:PriorYear>199.452</proc:PriorYear>
                                    <proc:CurrentYear>1.378</proc:CurrentYear>
                                    <proc:BudgetYearOneBase>61.28</proc:BudgetYearOneBase>
                                    <proc:BudgetYearOne>61.28</proc:BudgetYearOne>
                                </proc:TotalCost>
                            </proc:CategorySubtotal>
                        </proc:Recurring>
                        <proc:CategorySubtotal>
                            <proc:TotalCost>
                                <proc:AllPriorYears>277.5</proc:AllPriorYears>
                                <proc:PriorYear>199.452</proc:PriorYear>
                                <proc:CurrentYear>1.378</proc:CurrentYear>
                                <proc:BudgetYearOneBase>61.28</proc:BudgetYearOneBase>
                                <proc:BudgetYearOne>61.28</proc:BudgetYearOne>
                            </proc:TotalCost>
                        </proc:CategorySubtotal>
                    </proc:Flyaway>
                    <proc:Support>
                        <proc:CostElementList>
                            <proc:CostElement>
                                <proc:Name>2.1) Government Management</proc:Name>
                                <proc:Cost>
                                    <proc:TotalCost>
                                        <proc:AllPriorYears>2.094</proc:AllPriorYears>
                                        <proc:PriorYear>0.551</proc:PriorYear>
                                        <proc:CurrentYear>0.206</proc:CurrentYear>
                                        <proc:BudgetYearOneBase>0.21</proc:BudgetYearOneBase>
                                        <proc:BudgetYearOne>0.21</proc:BudgetYearOne>
                                    </proc:TotalCost>
                                </proc:Cost>
                            </proc:CostElement>
                        </proc:CostElementList>
                        <proc:CategorySubtotal>
                            <proc:TotalCost>
                                <proc:AllPriorYears>2.094</proc:AllPriorYears>
                                <proc:PriorYear>0.551</proc:PriorYear>
                                <proc:CurrentYear>0.206</proc:CurrentYear>
                                <proc:BudgetYearOneBase>0.21</proc:BudgetYearOneBase>
                                <proc:BudgetYearOne>0.21</proc:BudgetYearOne>
                            </proc:TotalCost>
                        </proc:CategorySubtotal>
                    </proc:Support>
                </proc:CostElementCategoryList>
            </proc:P5Item>
        </proc:ItemExhibitList>
        <proc:DocumentAssemblyOptions>
            <proc:p40AItemScheduleSetting>total</proc:p40AItemScheduleSetting>
        </proc:DocumentAssemblyOptions>
    </proc:LineItem>
</proc:LineItemList>