<?xml version="1.0" encoding="UTF-8"?>
<proc:LineItemList xmlns:proc="http://www.dtic.mil/comptroller/xml/schema/20100219/procurement">
    <proc:LineItem quantityUnits="Each" unitCostUnits="Dollars" totalCostUnits="Millions" manufacturerRateUnits="Yearly" suppressOutfittingDeliveryBY2ToBY5="true">
        <proc:LineItemNumber>4652</proc:LineItemNumber>
        <proc:LineItemTitle>Modification Kits</proc:LineItemTitle>
        <proc:P1LineNumber>23</proc:P1LineNumber>
        <proc:BudgetYear>2026</proc:BudgetYear>
        <proc:BudgetCycle>PB</proc:BudgetCycle>
        <proc:SubmissionDate>2025-06</proc:SubmissionDate>
        <proc:ServiceAgencyName>Navy</proc:ServiceAgencyName>
        <proc:AppropriationNumber>1109N</proc:AppropriationNumber>
        <proc:AppropriationTitle>Procurement, Marine Corps</proc:AppropriationTitle>
        <proc:BudgetActivityNumber>4</proc:BudgetActivityNumber>
        <proc:BudgetActivityTitle>Communications and Electronics Equipment</proc:BudgetActivityTitle>
        <proc:BudgetSubActivityNumber>9</proc:BudgetSubActivityNumber>
        <proc:BudgetSubActivityTitle>Other Support (Tel)</proc:BudgetSubActivityTitle>
        <proc:ResourceSummary>
            <proc:TotalCost>
                <proc:AllPriorYears>31.527</proc:AllPriorYears>
                <proc:PriorYear>1.782</proc:PriorYear>
                <proc:CurrentYear>1.559</proc:CurrentYear>
                <proc:BudgetYearOneBase>1.108</proc:BudgetYearOneBase>
                <proc:BudgetYearOneOOC>0</proc:BudgetYearOneOOC>
                <proc:BudgetYearOne>1.108</proc:BudgetYearOne>
            </proc:TotalCost>
            <proc:NetProcurementP1>
                <proc:AllPriorYears>31.527</proc:AllPriorYears>
                <proc:PriorYear>1.782</proc:PriorYear>
                <proc:CurrentYear>1.559</proc:CurrentYear>
                <proc:BudgetYearOneBase>1.108</proc:BudgetYearOneBase>
                <proc:BudgetYearOneOOC>0</proc:BudgetYearOneOOC>
                <proc:BudgetYearOne>1.108</proc:BudgetYearOne>
            </proc:NetProcurementP1>
            <proc:TotalObligationAuthority>
                <proc:AllPriorYears>31.527</proc:AllPriorYears>
                <proc:PriorYear>1.782</proc:PriorYear>
                <proc:CurrentYear>1.559</proc:CurrentYear>
                <proc:BudgetYearOneBase>1.108</proc:BudgetYearOneBase>
                <proc:BudgetYearOneOOC>0</proc:BudgetYearOneOOC>
                <proc:BudgetYearOne>1.108</proc:BudgetYearOne>
            </proc:TotalObligationAuthority>
        </proc:ResourceSummary>
        <proc:Code>A</proc:Code>
        <proc:OtherRelatedProgramElementList>
            <proc:ProgramElementNumber>0206313M</proc:ProgramElementNumber>
        </proc:OtherRelatedProgramElementList>
        <proc:Description>Identity Dominance System - Marine Corps (IDS-MC) and Forensics Dominance System - Marine Corps (FDS-MC) is now known as ID &amp; Attribution Activities (IA2) FoS.

The Identity and Attribution Activities (IA2) Family of Systems (FoS) provides the Marine Corps Air Ground Task Force (MAGTF) with organic operational collection and exploitation capabilities that enable the application of biometrics, forensics, and identity management activities that center on the collection of identity attributes and physical materials. Their processing and exploitation inform all-source analytic efforts and is an enabler for intelligence, force protection and law enforcement and aid in the identification, capture, prosecution and targeting of individuals and networks. The Identity Dominance System - Marine Corps (IDS-MC) delivers on-scene biometrics &amp; identity management capabilities through a multi-modal (fingerprint, iris, face) system and provides the ability to rapidly collect, match, store, and share biometric and biographic data. The Forensics Dominance System - Marine Corps (FDS-MC) provides the means to rapidly conduct expeditionary tactical collection and exploitation of captured material (cell phones, computers, chemicals, DNA, drones, documents, fingerprints, firearms, etc.), enabling the identification and linking of individuals, places, things, activities, organizations, and events. The Department of the Navy Identification and Screening Information System (DONISIS) portal connectivity enables data submission and follow-on reach-back analysis and intelligence support by MCIA's Identity Intelligence Analysts.</proc:Description>
        <proc:Justification>FY 2026 Base Appropriation Request $1.108M

ID &amp; Attribution Activities (IA2) FoS: $1.108M supports continuation of tech refresh of the IDS-MC Mobile Collection Device (MCD) and the initiation of the tech refresh of the Transaction Management Application (TMA). The decrease from FY 2025 to FY 2026 aligns with the tech refresh procurement schedule for IDS-MC Mobile Collection Device (MCD) and IDS-MC Transaction Management Application (TMA).</proc:Justification>
        <proc:ItemExhibitList>
            <proc:P5Item>
                <proc:Name>Modification Kits</proc:Name>
                <proc:ItemNumber>1</proc:ItemNumber>
                <proc:ResourceSummary>
                    <proc:TotalCost>
                        <proc:AllPriorYears>31.527</proc:AllPriorYears>
                        <proc:PriorYear>1.782</proc:PriorYear>
                        <proc:CurrentYear>1.559</proc:CurrentYear>
                        <proc:BudgetYearOneBase>1.108</proc:BudgetYearOneBase>
                        <proc:BudgetYearOneOOC>0</proc:BudgetYearOneOOC>
                        <proc:BudgetYearOne>1.108</proc:BudgetYearOne>
                    </proc:TotalCost>
                    <proc:NetProcurementP1>
                        <proc:AllPriorYears>31.527</proc:AllPriorYears>
                        <proc:PriorYear>1.782</proc:PriorYear>
                        <proc:CurrentYear>1.559</proc:CurrentYear>
                        <proc:BudgetYearOneBase>1.108</proc:BudgetYearOneBase>
                        <proc:BudgetYearOneOOC>0</proc:BudgetYearOneOOC>
                        <proc:BudgetYearOne>1.108</proc:BudgetYearOne>
                    </proc:NetProcurementP1>
                    <proc:TotalObligationAuthority>
                        <proc:AllPriorYears>31.527</proc:AllPriorYears>
                        <proc:PriorYear>1.782</proc:PriorYear>
                        <proc:CurrentYear>1.559</proc:CurrentYear>
                        <proc:BudgetYearOneBase>1.108</proc:BudgetYearOneBase>
                        <proc:BudgetYearOneOOC>0</proc:BudgetYearOneOOC>
                        <proc:BudgetYearOne>1.108</proc:BudgetYearOne>
                    </proc:TotalObligationAuthority>
                </proc:ResourceSummary>
                <proc:CostElementCategoryList>
                    <proc:Flyaway>
                        <proc:Recurring>
                            <proc:CostElementList>
                                <proc:CostElement>
                                    <proc:Name>1.1.1) Prior Year Cumulative Funding</proc:Name>
                                    <proc:Cost>
                                        <proc:TotalCost>
                                            <proc:AllPriorYears>29.773</proc:AllPriorYears>
                                        </proc:TotalCost>
                                    </proc:Cost>
                                </proc:CostElement>
                            </proc:CostElementList>
                            <proc:CategorySubtotal>
                                <proc:TotalCost>
                                    <proc:AllPriorYears>29.773</proc:AllPriorYears>
                                </proc:TotalCost>
                            </proc:CategorySubtotal>
                        </proc:Recurring>
                        <proc:CategorySubtotal>
                            <proc:TotalCost>
                                <proc:AllPriorYears>29.773</proc:AllPriorYears>
                            </proc:TotalCost>
                        </proc:CategorySubtotal>
                    </proc:Flyaway>
                    <proc:Hardware>
                        <proc:Recurring>
                            <proc:CostElementList>
                                <proc:CostElement>
                                    <proc:Name footnote="The decrease from FY 2025 to FY 2026 aligns with continuation of tech refresh of the IDS-MC Mobile Collection Device (MCD) and the starting of the tech refresh of the Transaction Management Application (TMA).">2.1.1) ID &amp; Attribution Activities (IA2) FoS Hardware</proc:Name>
                                    <proc:Cost>
                                        <proc:TotalCost>
                                            <proc:CurrentYear>1.559</proc:CurrentYear>
                                            <proc:BudgetYearOneBase>1.108</proc:BudgetYearOneBase>
                                            <proc:BudgetYearOne>1.108</proc:BudgetYearOne>
                                        </proc:TotalCost>
                                    </proc:Cost>
                                </proc:CostElement>
                                <proc:CostElement>
                                    <proc:Name>2.1.2) IDS MC Hardware</proc:Name>
                                    <proc:Cost>
                                        <proc:TotalCost>
                                            <proc:AllPriorYears>1.754</proc:AllPriorYears>
                                            <proc:PriorYear>0.582</proc:PriorYear>
                                        </proc:TotalCost>
                                    </proc:Cost>
                                </proc:CostElement>
                                <proc:CostElement>
                                    <proc:Name>2.1.3) FDS-MC Hardware</proc:Name>
                                    <proc:Cost>
                                        <proc:TotalCost>
                                            <proc:PriorYear>1.2</proc:PriorYear>
                                        </proc:TotalCost>
                                    </proc:Cost>
                                </proc:CostElement>
                            </proc:CostElementList>
                            <proc:CategorySubtotal>
                                <proc:TotalCost>
                                    <proc:AllPriorYears>1.754</proc:AllPriorYears>
                                    <proc:PriorYear>1.782</proc:PriorYear>
                                    <proc:CurrentYear>1.559</proc:CurrentYear>
                                    <proc:BudgetYearOneBase>1.108</proc:BudgetYearOneBase>
                                    <proc:BudgetYearOne>1.108</proc:BudgetYearOne>
                                </proc:TotalCost>
                            </proc:CategorySubtotal>
                        </proc:Recurring>
                        <proc:CategorySubtotal>
                            <proc:TotalCost>
                                <proc:AllPriorYears>1.754</proc:AllPriorYears>
                                <proc:PriorYear>1.782</proc:PriorYear>
                                <proc:CurrentYear>1.559</proc:CurrentYear>
                                <proc:BudgetYearOneBase>1.108</proc:BudgetYearOneBase>
                                <proc:BudgetYearOne>1.108</proc:BudgetYearOne>
                            </proc:TotalCost>
                        </proc:CategorySubtotal>
                    </proc:Hardware>
                </proc:CostElementCategoryList>
            </proc:P5Item>
        </proc:ItemExhibitList>
        <proc:DocumentAssemblyOptions>
            <proc:p40AItemScheduleSetting>total</proc:p40AItemScheduleSetting>
        </proc:DocumentAssemblyOptions>
    </proc:LineItem>
</proc:LineItemList>