<?xml version="1.0" encoding="UTF-8"?>
<proc:LineItemList xmlns:proc="http://www.dtic.mil/comptroller/xml/schema/20100219/procurement">
    <proc:LineItem quantityUnits="Each" unitCostUnits="Dollars" totalCostUnits="Millions" manufacturerRateUnits="Yearly" suppressOutfittingDeliveryBY2ToBY5="true">
        <proc:LineItemNumber>6532</proc:LineItemNumber>
        <proc:LineItemTitle>Training Devices</proc:LineItemTitle>
        <proc:P1LineNumber>64</proc:P1LineNumber>
        <proc:BudgetYear>2026</proc:BudgetYear>
        <proc:BudgetCycle>PB</proc:BudgetCycle>
        <proc:SubmissionDate>2025-06</proc:SubmissionDate>
        <proc:ServiceAgencyName>Navy</proc:ServiceAgencyName>
        <proc:AppropriationNumber>1109N</proc:AppropriationNumber>
        <proc:AppropriationTitle>Procurement, Marine Corps</proc:AppropriationTitle>
        <proc:BudgetActivityNumber>6</proc:BudgetActivityNumber>
        <proc:BudgetActivityTitle>Engineer and Other Equipment</proc:BudgetActivityTitle>
        <proc:BudgetSubActivityNumber>3</proc:BudgetSubActivityNumber>
        <proc:BudgetSubActivityTitle>General Property</proc:BudgetSubActivityTitle>
        <proc:ResourceSummary>
            <proc:TotalCost>
                <proc:AllPriorYears>985.677</proc:AllPriorYears>
                <proc:PriorYear>101.577</proc:PriorYear>
                <proc:CurrentYear>97.577</proc:CurrentYear>
                <proc:BudgetYearOneBase>63.133</proc:BudgetYearOneBase>
                <proc:BudgetYearOneOOC>0</proc:BudgetYearOneOOC>
                <proc:BudgetYearOne>63.133</proc:BudgetYearOne>
            </proc:TotalCost>
            <proc:NetProcurementP1>
                <proc:AllPriorYears>985.677</proc:AllPriorYears>
                <proc:PriorYear>101.577</proc:PriorYear>
                <proc:CurrentYear>97.577</proc:CurrentYear>
                <proc:BudgetYearOneBase>63.133</proc:BudgetYearOneBase>
                <proc:BudgetYearOneOOC>0</proc:BudgetYearOneOOC>
                <proc:BudgetYearOne>63.133</proc:BudgetYearOne>
            </proc:NetProcurementP1>
            <proc:TotalObligationAuthority>
                <proc:AllPriorYears>985.677</proc:AllPriorYears>
                <proc:PriorYear>101.577</proc:PriorYear>
                <proc:CurrentYear>97.577</proc:CurrentYear>
                <proc:BudgetYearOneBase>63.133</proc:BudgetYearOneBase>
                <proc:BudgetYearOneOOC>0</proc:BudgetYearOneOOC>
                <proc:BudgetYearOne>63.133</proc:BudgetYearOne>
            </proc:TotalObligationAuthority>
        </proc:ResourceSummary>
        <proc:Code>A</proc:Code>
        <proc:OtherRelatedProgramElementList>
            <proc:ProgramElementNumber>0206623M</proc:ProgramElementNumber>
        </proc:OtherRelatedProgramElementList>
        <proc:Description>Training Simulation Support (TSS) - Procurement of GOTS/COTS capabilities that will accelerate LVC-TE modernization, better align with ongoing developments of the Joint Force, and reduce Marine Corps costs by adopting Joint Force solutions. TSS/LVC-TE has supported the continued procurement of constituent tools and applications into the Live, Virtual, and Constructive Training Environment (LVC-TE) and use of the Joint Live Virtual Constructive (JLVC), as well as the Joint Training Tool (JTT). LVC-TE concentrates on creating the synthetic environment which will support a comprehensive venue to train in all domains using state of the art and emerging systems and capabilities. It will enable readiness across all echelons of command and throughout the MAGTF and provide venues for training with new technologies and concepts. LVC-TE supports training from the individual Marines through the Marine Expeditionary Force (MEF). Funding will support the procurement of LVC-TE hardware and software that will be the tools that provide a persistent/consistent common operational training environment by which units can work together as though they are physically located in the same operational space with legacy and emerging training systems and to support Project Tripoli priorities.  

Range and Training Area Management (RTAM) - The Marine Corps' training resources play a critical role in the Services' ability to implement Force Design to prepare individuals and units to meet the demands of current and future operating environments. To meet its Title 10 responsibilities, the Marine Corps requires a portfolio of ranges and training areas (RTA) and associated training systems to maintain an advantage over pacing threats. RTAs support current, evolving, and future validated standards-based training requirements and are configured to support various levels of training from the individual to the Marine Air Ground Task Force (MAGTF) level, utilizing the weapons, munitions, platforms, and systems in the Marine Corps inventory. The Marine Corps RTA Management Program provides for a comprehensive and integrated program, which supports entry level training, formal schools, the execution of Service Level training exercises, and enables the Fleet Marine Forces (FMF) to achieve and sustain combat readiness. Two critical functional capability areas of the program are to provide training environments and range management and control. Training environments consist of modern, effective, and sustainable range training solutions to include threat representation (ground / air) target systems, battlefield effects, range instrumentation (feedback / scoring) systems, After Action Review (AAR) technologies, denied and degraded training environments, urban training capabilities, and other training resources. In addition, modernization of training systems is essential to preclude deterioration of fielded systems and to prevent decreased effectiveness and availability of RTAs for use by the FMF and formal schools. Major system components of modernization include Known Distance Automated Scoring (KDAS), Electromagnetic Warfare Ground Instrumented Range (EWGIR), Combat Training Environments (CTE), Tactical Video Capture System (TVCS), interactive targets, Range Training Aids Portfolio (RTAP), individual and vehicle tracking systems, aviation tracking systems, and the Live Fire Evaluation Tool (LFET). The integration and coordination amongst multiple organizations across the Force (e.g., Headquarters Marine Corps (HQMC) Support Establishment, Installations, and the FMF) facilitates the prioritization of efforts to make informed and educated decisions that affect RTA resources. Range management and control systems enable range operations personnel to observe on-range event activities in real-time, provide directions to/from range personnel, and make the event-related data available to other observers. Range control provides the critical service of coordinating and/or de-conflicting training events thereby fostering a safe training environment while maximizing the use of RTAs. The procurement of Integrated Range Status System (IRSS) and Range Position Location Information (RPLI) supports Range Control Operations and range safety decision making by supplementing and covering gaps in current air picture systems. This collection of capabilities enhances a Commander's overall ability to assess and train to meet mission objectives and prepares the Nation's naval expeditionary force-in readiness.

Force-on-Force Training Systems (FoFTS) program provides realistic, non-live fire capabilities, to perform Force-on-Force training using Personnel, Tactical Vehicle, Combat Vehicle, and Weapon Surrogates devices as part of a suite of tactical engagement capabilities that enhance training around the world and across the range of military operations. The program includes tactical training systems such as the Special Effects Small Arms Marking System (SESAMS) and advanced, instrumented, laser-based tactical engagement systems such as the Marine Corps Tactical Instrumentation System (MCTIS) that provide simulated realistic weapons effects, position locating, and enhanced After Action Review (AAR) capability to support Live-Virtual-Constructive (LVC) events in the MAGTF Training Program curriculum. Aligning with two of the priority focus areas of the Commandant's Planning Guidance (CPG): Force Design and Education and Training, this program is critical to enabling Marines to train in a realistic Force-on-Force environment in lieu of live-fire training and allows for training against a peer/near-peer threat in a more authentic, multi-sensory environment. Additionally, improvement of training realism through Force-on-Force training capabilities is a Line of Effort in the Marine Corps Range Training Area Management Campaign Plan, developed to address the specific challenges articulated in the CPG. FoFTS has fielded an entirely new realistic and immersive Force-on-Force training capability.   Funding supports development of MCTIS-Personnel (P) and tactical vehicles, MCTIS-Combat Vehicle (CV), MCTIS-Weapon Surrogates (WS), and enhanced networking capability.

Family of Combat Vehicle Training System (FCVTS) consists of the active duty Marine Corps' Combat Convoy Simulator (CCS) and the Combat Vehicle Training Systems (CVTS) which include the Advanced Gunnery Training System (AGTS) for the Light Armored Vehicle-25 (LAV-25) The CCS is an immersive training environment for vehicle convoy operations to include resupply, patrol, logistics support, high-value target extraction, medical evacuation, call for close air support, call for fire, and procedures for use of weapons in compliance with the Rules of Engagement, in a variety of simulated road, terrain, weather, visibility, and operational conditions. The CVTS provides training in precision gunnery and mission tactical skills to commanders, drivers, gunners, and auxiliary fire control systems without the need for fuel, ammunition, training areas, and ranges. The CVTS can be linked together allowing for section and platoon level training. Funding supports FCVTS technology refresh. 

Family of Egress Trainers (FET) is comprised of Underwater Egress Training (UET), Multi-Use Egress Trainer (MUET) and Dry Rollover Egress Training (DRET). UET consists of the Modular Amphibious Egress Trainer (MAET), a modular training device designed to train Marines to egress a downed aircraft; the Submerged Vehicle Egress Trainer (SVET), designed to train egress from ground tactical vehicles; and the Shallow Water Egress Trainer (SWET), a procedural trainer used prior to SVET and MAET. The trainers and associated training programs are contractor conducted. The program is directed toward non-air crew passengers aboard these vehicles. DRET is a legacy program comprised of the High Mobility Multipurpose Wheeled Vehicle (HMMWV) Egress Trainer (HEAT), Mine-Resistant Ambush Protected (MRAP) Egress Trainer (MET), and Joint Light Tactical Vehicle (JLTV) Egress Trainer (JET) all of which are in the process of being terminated. All of these devices have the ability to train egress principles that can be applied to increase survivability during a catastrophic event. This type of training can only be conducted by the use of these systems. Funding will be used for production and procurement of the Multi-Use Egress Trainer modules.

Command and Control Training and Education Center of Excellence (C2 TECOE) supports the five (5) MAGTF Integrated Systems Training Centers (MISTCs). The MISTCs, under the operational control of the Command and Control (C2) Training and Education Center of Excellence (TECOE), are the primary C2 training venues for the Marine Corps operating forces for both individual and collective C2 systems sustainment training. A portion of the C2 computer system is replaced each year to provide current systems for classroom and combat operation training in battle staff training for commanders and unit personnel. Funding supports equipment refresh and procurement of new training systems.

Indoor Simulated Marksmanship Trainer (ISMT) provides basic and advanced marksmanship, shoot/no-shoot judgment scenarios, combat marksmanship, and weapons employment tactics. The ISMT provides non-crew members with the ability to gain proficiency in multiple weapon platforms. Force Design will ensure small units, especially infantry squads, are led by the most well-trained and capable infantry Marines. The ISMT provides infantry squad members with the ability to gain proficiency in multiple weapon platforms while simulating live weapons training without the expenditure of expensive live ammunition. The system has five (5) firing positions and is capable of operating simulated weapons such as: rifles, pistols, machine guns, shotguns, mortars, and anti-tank weapons. ISMT also provides multiple courses of fire to include the Annual Rifle Qualification (ARQ) which is used to score Marines proficiency with service rifles. ISMT provides direct impact on the lethality of our infantry units. Funding supports the procurement of the hardware refresh and simulated weapons to reflect concurrency of operational weapons to include: M224 60mm Mortar, M252 81mm Mortar, Mortar optics, M27 Infantry Automatic Rifle (IAR), Squad Common Optic (SCO), M320 Grenade Launcher, and M3A1 Multi-Role Anti-Armor Anti-Personnel Weapons System (MAAWS).

United States Marine Corps Operator Driver Simulator (USMC ODS) is a computer-based operator driving simulator used to provide entry and sustainment level driver training for Protected Mobility, Enhanced Maneuver, Close Combat Lethality, and to modernize in the Land Domain. In keeping with modernizing the Land Domain, funding supports the procurement of capabilities to meet driver trainer simulator requirements. ODS requires standard technology refresh that benefits simulator training with increased performance reliability and maintainability to mitigate obsolescence, as well as the inherit benefits associated with updated technology for concurrency with fielded tactical wheeled vehicle variants. This effort affects approximately 6,600 Marines that use the ODS annually and their ability to achieve annual mandated driving time during their instruction. Additionally, this affects more than 60,000 incidental and professional drivers throughout the USMC.

Deployable Virtual Training Environment (DVTE) is being renamed to Marine Common Virtual Platform (MCVP) which is a laptop computer-based simulation system, capable of emulating organic and supporting Infantry Battalion weapons systems and training scenarios to facilitate Training and Readiness (T&amp;R), currently being fielded at the Battalion level. Its portable configuration allows Marines to train when they otherwise could not; aboard ship, at remote reserve locations, and deployed. MCVP conducts multiple types of training such as language and culture training, platoon and squad level tactics, employment of supporting arms, and various Recognition of Combatants packages. MCVP is part of a Commander's 'training toolkit' contributing to the building block approach to standards-based training focusing on achieving an improved level of combat readiness. Pending updated requirements for MCVP platform, funding supports hardware procurement and supporting fielding activities. 

Marine Air Ground Task Force (MAGTF) Tactical Warfare Simulation (MTWS) - In FY 2024, MTWS transitioned legacy battle staff capabilities to the Maritime Constructive Simulation (MCS) within LVC-TE. MTWS was historically the Marine Corps only constructive, aggregate-level simulation system used to support the training of Marine commanders and their battle staffs in MAGTF war-fighting principles, concepts, and associated command and control procedures. Using complex computer-simulated behavior models, MCS will provide an interactive, decision-based, real-time, war game representing the six war-fighting functional areas of fires, command and control, force protection, logistics, maneuver, and intelligence. The system supports all levels of command throughout the Marine Expeditionary Force (MEF) and Joint Task Force. As part of the transition to MCS under LVC-TE, the MTWS Modification to Re-engineer Key Improvements (MRKI) abbreviated acquisition program (AAP) was terminated May of 2024. MTWS letter of suspension, suspending acquisition activities was received in April 2023 citing MTWS exit date in 2026. No further procurement related efforts are being considered during FY 2026.

Immersive Training Range Support (ITRS) will provide future Computer Generated Forces (CGF), Mobile Immersive Training Environment (MITE), and mobile Infantry Immersive Trainers (IIT) that will consist of augmented reality with Artificial Intelligence (AI) and Machine Learning (ML) capabilities. IIT provides the capability for small-unit rehearsal training and squad leader decision making for assessment and measurement. The immersive training environment seeks to suspend disbelief by closely replicating the actual operating environment, including realistic friendly and enemy battlefield effects to the level of fidelity that the perceived difference between the actual operational environment and immersive training environment is nearly indistinguishable to the training audience. Funding supports the procurement of realistic, AI/ML, high-level battlefield capabilities that provide training exposure to operational complexities, mental and physical stressors, and tactical and ethical decision-making in a culturally accurate, threat accurate, interactive environment. 

This line item includes funding specified for Defense Policy Review Initiative (DPRI) within the details above.</proc:Description>
        <proc:Justification>FY 2026 Base Appropriation Request: $63.133M

Ranges and Training Area Management (RTAM): $21.838M will procure training systems and devices that support all Marine Corps ranges. RTAM has over 385 globally dispersed range training areas that require modern, effective, and sustainable range training solutions to enable FMF readiness. RTAM procures training systems and devices such as interactive targets, live and non-live fire urban training systems, battlefield effects simulators, individual and vehicle tracking systems, enhanced After Action Review (AAR), multi-domain operational capability, and aviation tracking systems for live fire and non-live fire training ranges. RTAM funding also supports the Range Position Location Information System and Integrated Range Status System. These training capabilities enable Marines to maintain both technical and tactical advantages over adversary threats, increasing lethality and ultimately reducing loss of life of the operation forces. 

Force on Force Training System (FOFTS): $14.108M continues to fund MCTIS-P equipment tailored to each CONUS and OCONUS Marine Corps Installation (MCI).  Funding begins MCTIS-CV and continues MCTIS-P Training Systems procurements.  Each MCI will receive a portion of their approved acquisition objective until fully fielded.  The decrease from FY 2025 to FY 2026 is due to the reduction of funding in the Defense Policy Review Initiative area of responsibility.

Family of Combat Vehicle Training Systems (FCVTS): The $12.834M of procurement funding will support technical refreshes as part of the FCVTS plan. The increase from FY 2025 to FY 2026 is attributed to the technical refreshes' five-year life cycle requirements. 

Family of Egress Trainers (FET): $8.164M Funding will be used to continue production efforts of the Multi-Use Egress Trainer (MUET) modules. The MUET currently replicates vehicles that are no longer in service in the USMC and must be redesigned to replicate vehicles that are currently in use. The FMF requires a total of six (6) trainers (four current and two planned). The increase from FY 2025 to FY 2026 reflects the increased procurement of MUET from two (2) in 2025 to three (3) in 2026 for the Third Marine Expeditionary Force (III MEF) in Okinawa, Japan. 

Indoor Simulated Marksmanship Trainer (ISMT): $5.187M will procure the hardware refresh and simulated weapons to reflect concurrency of operational weapons to include: M224 60mm Mortar, M252 81mm Mortar, Mortar optics, M27 Infantry Automatic Rifle (IAR), Squad Common Optic (SCO), M320 Grenade Launcher, and M3A1 Multi-Role Anti-Armor Anti-Personnel Weapons System (MAAWS) and aircraft and aerial vehicle training systems. The decrease from FY 2025 to FY 2026 is due to the procurement required to maintain concurrency of simulated weapons training with operational fielded weapons. 

United States Marine Corps Operator Driver Simulator (USMC ODS): $0.619M in funding will be used for ground-based tactical wheeled vehicle trainers. The decrease from FY 2025 to FY 2026 is due to a completion of the Modification kit procurement. 

Command and Control Training and Education Center of Excellence (C2 TECOE): $0.383M will provide the procurement funding support for equipment refresh and procurement of new training systems at the C2 TECOE and its five Marine Air-Ground Task Force (MAGTF) Integrated Systems Training Centers.</proc:Justification>
        <proc:ItemExhibitList>
            <proc:P40AItemGroup>
                <proc:Name>Training Devices</proc:Name>
                <proc:CategoryList>
                    <proc:Category>
                        <proc:Name>1) C2 Training Center of Excellence (C2 TECOE)</proc:Name>
                        <proc:ItemList>
                            <proc:Item>
                                <proc:Name>1.1) C2TECOE - Lab Equipment</proc:Name>
                                <proc:ResourceSummary>
                                    <proc:TotalCost>
                                        <proc:AllPriorYears>5.069</proc:AllPriorYears>
                                        <proc:PriorYear>0.353</proc:PriorYear>
                                        <proc:CurrentYear>0.363</proc:CurrentYear>
                                        <proc:BudgetYearOneBase>0.33</proc:BudgetYearOneBase>
                                        <proc:BudgetYearOne>0.33</proc:BudgetYearOne>
                                    </proc:TotalCost>
                                </proc:ResourceSummary>
                            </proc:Item>
                            <proc:Item>
                                <proc:Name>1.2) C2TECOE - Training Systems</proc:Name>
                                <proc:ResourceSummary>
                                    <proc:TotalCost>
                                        <proc:AllPriorYears>1.436</proc:AllPriorYears>
                                        <proc:PriorYear>0.054</proc:PriorYear>
                                        <proc:CurrentYear>0.054</proc:CurrentYear>
                                        <proc:BudgetYearOneBase>0.053</proc:BudgetYearOneBase>
                                        <proc:BudgetYearOne>0.053</proc:BudgetYearOne>
                                    </proc:TotalCost>
                                </proc:ResourceSummary>
                            </proc:Item>
                        </proc:ItemList>
                        <proc:CategorySubtotal>
                            <proc:TotalCost>
                                <proc:AllPriorYears>6.505</proc:AllPriorYears>
                                <proc:PriorYear>0.407</proc:PriorYear>
                                <proc:CurrentYear>0.417</proc:CurrentYear>
                                <proc:BudgetYearOneBase>0.383</proc:BudgetYearOneBase>
                                <proc:BudgetYearOne>0.383</proc:BudgetYearOne>
                            </proc:TotalCost>
                        </proc:CategorySubtotal>
                    </proc:Category>
                    <proc:Category>
                        <proc:Name>2) Deployable Virtual Training Environment (DVTE)</proc:Name>
                        <proc:ItemList>
                            <proc:Item>
                                <proc:Name>2.1) MCVP Technical Refresh</proc:Name>
                                <proc:ResourceSummary>
                                    <proc:TotalCost>
                                        <proc:AllPriorYears>14.431</proc:AllPriorYears>
                                        <proc:PriorYear>6.63</proc:PriorYear>
                                    </proc:TotalCost>
                                </proc:ResourceSummary>
                            </proc:Item>
                            <proc:Item>
                                <proc:Name footnote="The decrease from FY 2025 to FY 2026 is due to the completion of procurement of the Marine Common Virtual Platform (MCVP).">2.2) DVTE Upgrade to MCVP</proc:Name>
                                <proc:IdCode>A</proc:IdCode>
                                <proc:ResourceSummary>
                                    <proc:TotalCost>
                                        <proc:CurrentYear>1.97</proc:CurrentYear>
                                    </proc:TotalCost>
                                </proc:ResourceSummary>
                            </proc:Item>
                        </proc:ItemList>
                        <proc:CategorySubtotal>
                            <proc:TotalCost>
                                <proc:AllPriorYears>14.431</proc:AllPriorYears>
                                <proc:PriorYear>6.63</proc:PriorYear>
                                <proc:CurrentYear>1.97</proc:CurrentYear>
                            </proc:TotalCost>
                        </proc:CategorySubtotal>
                    </proc:Category>
                    <proc:Category>
                        <proc:Name>3) Force on Force Training Systems (FoFTS)</proc:Name>
                        <proc:ItemList>
                            <proc:Item>
                                <proc:Name footnote="The decrease from FY 2025 to FY 2026 is due to the completion of procurement of FOFTS-Next MCTIS-P Approved Acquisition Objective (AAO) across major Marine Corps installations including Twentynine Palms, Camp Pendleton, Camp Lejeune, Hawaii, Okinawa, and Quantico.">3.2) FoFTS-Next MCTIS-P Training Systems</proc:Name>
                                <proc:IdCode>A</proc:IdCode>
                                <proc:ResourceSummary>
                                    <proc:TotalCost>
                                        <proc:AllPriorYears>138.273</proc:AllPriorYears>
                                        <proc:PriorYear>44.982</proc:PriorYear>
                                        <proc:CurrentYear>10.186</proc:CurrentYear>
                                        <proc:BudgetYearOneBase>1.1</proc:BudgetYearOneBase>
                                        <proc:BudgetYearOne>1.1</proc:BudgetYearOne>
                                    </proc:TotalCost>
                                </proc:ResourceSummary>
                            </proc:Item>
                            <proc:Item>
                                <proc:Name footnote="The decrease from FY 2025 to FY 2026 is due to the completion of the procurement of the Marine Corps Tactical Instrumentation Systems - Personnel for Camp Blaz, Guam.">3.3) FoFTS-Next Training Systems (Guam)</proc:Name>
                                <proc:IdCode>A</proc:IdCode>
                                <proc:ResourceSummary>
                                    <proc:TotalCost>
                                        <proc:CurrentYear>15.315</proc:CurrentYear>
                                        <proc:BudgetYearOneBase>5.257</proc:BudgetYearOneBase>
                                        <proc:BudgetYearOne>5.257</proc:BudgetYearOne>
                                    </proc:TotalCost>
                                </proc:ResourceSummary>
                            </proc:Item>
                            <proc:Item>
                                <proc:Name footnote="The increase from FY 2025 to FY 2026 supports the procurement of the combat vehicle instrumentation kits, which will enable instrumentation and integration of the Marine Corps' Light Armored Vehicle (LAV) and Amphibious Combat Vehicle (ACV) platforms into the MCTIS force-on-force training environment. Fielding will occur across all major Marine Corps installations including Twentynine Palms, Camp Pendleton, Camp Lejeune, Hawaii, Okinawa, and Quantico. This new capability will provide an improved, realistic, and immersive Force-on-Force training solution to Marines and units as they execute service-level training events and enable individual and unit combat readiness in preparation for deployments.">3.4) FoFTS-Next MCTIS-CV Training System</proc:Name>
                                <proc:IdCode>A</proc:IdCode>
                                <proc:ResourceSummary>
                                    <proc:TotalCost>
                                        <proc:BudgetYearOneBase>7.751</proc:BudgetYearOneBase>
                                        <proc:BudgetYearOne>7.751</proc:BudgetYearOne>
                                    </proc:TotalCost>
                                </proc:ResourceSummary>
                            </proc:Item>
                        </proc:ItemList>
                        <proc:CategorySubtotal>
                            <proc:TotalCost>
                                <proc:AllPriorYears>138.273</proc:AllPriorYears>
                                <proc:PriorYear>44.982</proc:PriorYear>
                                <proc:CurrentYear>25.501</proc:CurrentYear>
                                <proc:BudgetYearOneBase>14.108</proc:BudgetYearOneBase>
                                <proc:BudgetYearOne>14.108</proc:BudgetYearOne>
                            </proc:TotalCost>
                        </proc:CategorySubtotal>
                    </proc:Category>
                    <proc:Category>
                        <proc:Name>4)  Family of Combat Vehicle Training Sys (FCVTS)</proc:Name>
                        <proc:ItemList>
                            <proc:Item>
                                <proc:Name footnote="The increase from FY 2025 to FY 2026 is attributed to the technical refreshes' five-year life cycle requirements.">4.1) CVTS Technical Refresh</proc:Name>
                                <proc:IdCode>A</proc:IdCode>
                                <proc:ResourceSummary>
                                    <proc:TotalCost>
                                        <proc:AllPriorYears>39.758</proc:AllPriorYears>
                                        <proc:BudgetYearOneBase>1.106</proc:BudgetYearOneBase>
                                        <proc:BudgetYearOne>1.106</proc:BudgetYearOne>
                                    </proc:TotalCost>
                                </proc:ResourceSummary>
                            </proc:Item>
                            <proc:Item>
                                <proc:Name footnote="The increase from FY 2025 to FY 2026 is attributed to the five-year life cycle requirement to technology refresh systems located in Japan, Guam, and Hawaii.">4.2) CVTS Technical Refresh (Guam)</proc:Name>
                                <proc:IdCode>A</proc:IdCode>
                                <proc:ResourceSummary>
                                    <proc:TotalCost>
                                        <proc:BudgetYearOneBase>11.728</proc:BudgetYearOneBase>
                                        <proc:BudgetYearOne>11.728</proc:BudgetYearOne>
                                    </proc:TotalCost>
                                </proc:ResourceSummary>
                            </proc:Item>
                        </proc:ItemList>
                        <proc:CategorySubtotal>
                            <proc:TotalCost>
                                <proc:AllPriorYears>39.758</proc:AllPriorYears>
                                <proc:BudgetYearOneBase>12.834</proc:BudgetYearOneBase>
                                <proc:BudgetYearOne>12.834</proc:BudgetYearOne>
                            </proc:TotalCost>
                        </proc:CategorySubtotal>
                    </proc:Category>
                    <proc:Category>
                        <proc:Name>5) Family of Egress Trainers (FET)</proc:Name>
                        <proc:ItemList>
                            <proc:Item>
                                <proc:Name footnote="The increase from FY 2025 to FY 2026 is due to the procurement of replacements for the Underwater Egress Training equipment at Camp Pendleton and Camp Lejeune.">5.1) FET - Multi-Use Egress Trainer (MUET)</proc:Name>
                                <proc:IdCode>A</proc:IdCode>
                                <proc:ResourceSummary>
                                    <proc:TotalCost>
                                        <proc:PriorYear>13.888</proc:PriorYear>
                                        <proc:CurrentYear>5.405</proc:CurrentYear>
                                        <proc:BudgetYearOneBase>5.496</proc:BudgetYearOneBase>
                                        <proc:BudgetYearOne>5.496</proc:BudgetYearOne>
                                    </proc:TotalCost>
                                </proc:ResourceSummary>
                            </proc:Item>
                            <proc:Item>
                                <proc:Name footnote="The increase from FY 2025 to FY 2026 is due to the procurement of replacements for the Underwater Egress Training equipment at Camp Blaz, Guam and Camp Hansen, Okinawa Japan.">5.2) Multi Egress Trainer (MUET) (Guam)</proc:Name>
                                <proc:IdCode>A</proc:IdCode>
                                <proc:ResourceSummary>
                                    <proc:TotalCost>
                                        <proc:BudgetYearOneBase>2.668</proc:BudgetYearOneBase>
                                        <proc:BudgetYearOne>2.668</proc:BudgetYearOne>
                                    </proc:TotalCost>
                                </proc:ResourceSummary>
                            </proc:Item>
                        </proc:ItemList>
                        <proc:CategorySubtotal>
                            <proc:TotalCost>
                                <proc:AllPriorYears>0</proc:AllPriorYears>
                                <proc:PriorYear>13.888</proc:PriorYear>
                                <proc:CurrentYear>5.405</proc:CurrentYear>
                                <proc:BudgetYearOneBase>8.164</proc:BudgetYearOneBase>
                                <proc:BudgetYearOne>8.164</proc:BudgetYearOne>
                            </proc:TotalCost>
                        </proc:CategorySubtotal>
                    </proc:Category>
                    <proc:Category>
                        <proc:Name>6) Indoor Simulated Marksmanship Trainer (ISMT)</proc:Name>
                        <proc:ItemList>
                            <proc:Item>
                                <proc:Name footnote="The decrease from FY 2025 to FY 2026 will reduce the scale of the procurement for the technology refresh and weapons concurrency for: 60mm mortars, 81 mm mortars, mortar optics, M27 IAR, SCO, M320, and M3A1. This decrease will align simulated weapons training with Force Design 2030 goal of highly trained small units on the battlefield.">6.1) ISMT Hardware Refresh (multiple locations and configurations)</proc:Name>
                                <proc:IdCode>A</proc:IdCode>
                                <proc:ResourceSummary>
                                    <proc:TotalCost>
                                        <proc:AllPriorYears>41.023</proc:AllPriorYears>
                                        <proc:PriorYear>3.006</proc:PriorYear>
                                        <proc:CurrentYear>4.003</proc:CurrentYear>
                                        <proc:BudgetYearOneBase>2.844</proc:BudgetYearOneBase>
                                        <proc:BudgetYearOne>2.844</proc:BudgetYearOne>
                                    </proc:TotalCost>
                                </proc:ResourceSummary>
                            </proc:Item>
                            <proc:Item>
                                <proc:Name footnote="The decrease from FY 2025 to FY 2026 will continue to support the procurement of weapons concurrency: 60mm mortars, 81 mm mortars, mortar optics, M27 IAR, SCO, M320, M3A1, aircraft and aerial vehicle training systems. This will align simulated weapons training with Force Design 2030 goal of highly trained small units on the battlefield.">6.2) ISMT Weapons Concurrency and aerial/aircraft training</proc:Name>
                                <proc:IdCode>A</proc:IdCode>
                                <proc:ResourceSummary>
                                    <proc:TotalCost>
                                        <proc:PriorYear>1.105</proc:PriorYear>
                                        <proc:CurrentYear>2.815</proc:CurrentYear>
                                        <proc:BudgetYearOneBase>2.331</proc:BudgetYearOneBase>
                                        <proc:BudgetYearOne>2.331</proc:BudgetYearOne>
                                    </proc:TotalCost>
                                </proc:ResourceSummary>
                            </proc:Item>
                            <proc:Item>
                                <proc:Name>6.3) ISMT Modular Facility</proc:Name>
                                <proc:IdCode>A</proc:IdCode>
                                <proc:ResourceSummary>
                                    <proc:TotalCost>
                                        <proc:PriorYear>2.105</proc:PriorYear>
                                    </proc:TotalCost>
                                </proc:ResourceSummary>
                            </proc:Item>
                            <proc:Item>
                                <proc:Name footnote="The increase from FY 2025 to FY 2026 is for Hawaii, Japan, and Guam Ancillary Equipment">6.4) Hardware Refresh (Guam)</proc:Name>
                                <proc:IdCode>A</proc:IdCode>
                                <proc:ResourceSummary>
                                    <proc:TotalCost>
                                        <proc:BudgetYearOneBase>0.012</proc:BudgetYearOneBase>
                                        <proc:BudgetYearOne>0.012</proc:BudgetYearOne>
                                    </proc:TotalCost>
                                </proc:ResourceSummary>
                            </proc:Item>
                        </proc:ItemList>
                        <proc:CategorySubtotal>
                            <proc:TotalCost>
                                <proc:AllPriorYears>41.023</proc:AllPriorYears>
                                <proc:PriorYear>6.216</proc:PriorYear>
                                <proc:CurrentYear>6.818</proc:CurrentYear>
                                <proc:BudgetYearOneBase>5.187</proc:BudgetYearOneBase>
                                <proc:BudgetYearOne>5.187</proc:BudgetYearOne>
                            </proc:TotalCost>
                        </proc:CategorySubtotal>
                    </proc:Category>
                    <proc:Category>
                        <proc:Name>7) MAGTF Tactical Warfare Simulation (MTWS)</proc:Name>
                        <proc:ItemList>
                            <proc:Item>
                                <proc:Name footnote="The decrease from FY 2025 to FY 2026 is due to the completion of the procurement of hardware for the MTWS full-suites.">7.1) MTWS Hardware and Software Refresh</proc:Name>
                                <proc:IdCode>A</proc:IdCode>
                                <proc:ResourceSummary>
                                    <proc:TotalCost>
                                        <proc:AllPriorYears>1.428</proc:AllPriorYears>
                                        <proc:PriorYear>2.245</proc:PriorYear>
                                        <proc:CurrentYear>0.473</proc:CurrentYear>
                                    </proc:TotalCost>
                                </proc:ResourceSummary>
                            </proc:Item>
                        </proc:ItemList>
                        <proc:CategorySubtotal>
                            <proc:TotalCost>
                                <proc:AllPriorYears>1.428</proc:AllPriorYears>
                                <proc:PriorYear>2.245</proc:PriorYear>
                                <proc:CurrentYear>0.473</proc:CurrentYear>
                            </proc:TotalCost>
                        </proc:CategorySubtotal>
                    </proc:Category>
                    <proc:Category>
                        <proc:Name>8) Ranges and Training Area Management (RTAM)</proc:Name>
                        <proc:ItemList>
                            <proc:Item>
                                <proc:Name footnote="The decrease from FY 2025 to FY 2026 accounts for completed life cycle replenishment and re-capitalization of training systems in Japan.">8.1) Japan RTAM, 10 installations, 39 ranges, Training equipment</proc:Name>
                                <proc:IdCode>A</proc:IdCode>
                                <proc:ResourceSummary>
                                    <proc:TotalCost>
                                        <proc:AllPriorYears>0.37</proc:AllPriorYears>
                                        <proc:PriorYear>2.302</proc:PriorYear>
                                        <proc:CurrentYear>3.26</proc:CurrentYear>
                                        <proc:BudgetYearOneBase>0.164</proc:BudgetYearOneBase>
                                        <proc:BudgetYearOne>0.164</proc:BudgetYearOne>
                                    </proc:TotalCost>
                                </proc:ResourceSummary>
                            </proc:Item>
                            <proc:Item>
                                <proc:Name footnote="The increase from FY 2025 to FY 2026 reflects upgrades to several structures at the Urban Complex Site 56 Yuma, Arizona.">8.2) Arizona RTAM, 1 installation, 5 ranges, Training equipment</proc:Name>
                                <proc:IdCode>A</proc:IdCode>
                                <proc:ResourceSummary>
                                    <proc:TotalCost>
                                        <proc:AllPriorYears>0.359</proc:AllPriorYears>
                                        <proc:PriorYear>0.461</proc:PriorYear>
                                        <proc:CurrentYear>0.652</proc:CurrentYear>
                                        <proc:BudgetYearOneBase>4.576</proc:BudgetYearOneBase>
                                        <proc:BudgetYearOne>4.576</proc:BudgetYearOne>
                                    </proc:TotalCost>
                                </proc:ResourceSummary>
                            </proc:Item>
                            <proc:Item>
                                <proc:Name footnote="The decrease from FY 2025 to FY 2026 for Hawaii reflects decrease in procurements for life cycle of replenishment and/or re-capitalization of training systems.">8.3) Hawaii RTAM, 3 installations, 20 ranges, Training equipment</proc:Name>
                                <proc:IdCode>A</proc:IdCode>
                                <proc:ResourceSummary>
                                    <proc:TotalCost>
                                        <proc:PriorYear>1.151</proc:PriorYear>
                                        <proc:CurrentYear>1.631</proc:CurrentYear>
                                        <proc:BudgetYearOneBase>1.327</proc:BudgetYearOneBase>
                                        <proc:BudgetYearOne>1.327</proc:BudgetYearOne>
                                    </proc:TotalCost>
                                </proc:ResourceSummary>
                            </proc:Item>
                            <proc:Item>
                                <proc:Name footnote="The decrease from FY 2025 to FY 2026 accounts for the planned completion of required replenishments and/or re-capitalization of training systems in North Carolina.">8.4) North Carolina RTAM, 3 installations, 90 ranges, Training equipment</proc:Name>
                                <proc:IdCode>A</proc:IdCode>
                                <proc:ResourceSummary>
                                    <proc:TotalCost>
                                        <proc:AllPriorYears>0.806</proc:AllPriorYears>
                                        <proc:PriorYear>5.524</proc:PriorYear>
                                        <proc:CurrentYear>7.827</proc:CurrentYear>
                                        <proc:BudgetYearOneBase>5.738</proc:BudgetYearOneBase>
                                        <proc:BudgetYearOne>5.738</proc:BudgetYearOne>
                                    </proc:TotalCost>
                                </proc:ResourceSummary>
                            </proc:Item>
                            <proc:Item>
                                <proc:Name footnote="The decrease from FY 2025 to FY 2026 reflects the completion of replenishing efforts and/or re-capitalization of training systems in Virginia.">8.5) Virginia RTAM, 4 installations, 50 ranges, Training equipment</proc:Name>
                                <proc:IdCode>A</proc:IdCode>
                                <proc:ResourceSummary>
                                    <proc:TotalCost>
                                        <proc:AllPriorYears>0.681</proc:AllPriorYears>
                                        <proc:PriorYear>2.992</proc:PriorYear>
                                        <proc:CurrentYear>4.24</proc:CurrentYear>
                                        <proc:BudgetYearOneBase>2.411</proc:BudgetYearOneBase>
                                        <proc:BudgetYearOne>2.411</proc:BudgetYearOne>
                                    </proc:TotalCost>
                                </proc:ResourceSummary>
                            </proc:Item>
                            <proc:Item>
                                <proc:Name footnote="The decrease from FY 2025 to FY 2026 accounts for the completed procurement efforts to replenish training systems and/or re-capitalization of training systems in California.">8.6) California RTAM - 5 installations, 175 ranges, Training equipment</proc:Name>
                                <proc:IdCode>A</proc:IdCode>
                                <proc:ResourceSummary>
                                    <proc:TotalCost>
                                        <proc:AllPriorYears>1.096</proc:AllPriorYears>
                                        <proc:PriorYear>10.587</proc:PriorYear>
                                        <proc:CurrentYear>15.002</proc:CurrentYear>
                                        <proc:BudgetYearOneBase>4.804</proc:BudgetYearOneBase>
                                        <proc:BudgetYearOne>4.804</proc:BudgetYearOne>
                                    </proc:TotalCost>
                                </proc:ResourceSummary>
                            </proc:Item>
                            <proc:Item>
                                <proc:Name footnote="The decrease from FY 2025 to FY 2026 is a result of the completion of RPLI installation at Marine Corps Air Station Cherry Point, North Carolina.">8.7) IRSS/RPLI Re-Capitalization (includes 10% Navy Labor)</proc:Name>
                                <proc:IdCode>A</proc:IdCode>
                                <proc:ResourceSummary>
                                    <proc:TotalCost>
                                        <proc:AllPriorYears>20.862</proc:AllPriorYears>
                                        <proc:PriorYear>4.192</proc:PriorYear>
                                        <proc:CurrentYear>3.969</proc:CurrentYear>
                                    </proc:TotalCost>
                                </proc:ResourceSummary>
                            </proc:Item>
                            <proc:Item>
                                <proc:Name footnote="The increase from FY 2025 to FY 2026 will support establishment of two ranges on the island of Tinian to provide live fire capabilities that enable warfighter readiness and support DPRI realignment of forces from Japan to the Marianas.">8.8) GUAM RTAM, 1 installation, 9 ranges, Targets &amp; Instrumentation</proc:Name>
                                <proc:IdCode>A</proc:IdCode>
                                <proc:ResourceSummary>
                                    <proc:TotalCost>
                                        <proc:AllPriorYears>20.639</proc:AllPriorYears>
                                        <proc:CurrentYear>0.001</proc:CurrentYear>
                                        <proc:BudgetYearOneBase>2.818</proc:BudgetYearOneBase>
                                        <proc:BudgetYearOne>2.818</proc:BudgetYearOne>
                                    </proc:TotalCost>
                                </proc:ResourceSummary>
                            </proc:Item>
                        </proc:ItemList>
                        <proc:CategorySubtotal>
                            <proc:TotalCost>
                                <proc:AllPriorYears>44.813</proc:AllPriorYears>
                                <proc:PriorYear>27.209</proc:PriorYear>
                                <proc:CurrentYear>36.582</proc:CurrentYear>
                                <proc:BudgetYearOneBase>21.838</proc:BudgetYearOneBase>
                                <proc:BudgetYearOne>21.838</proc:BudgetYearOne>
                            </proc:TotalCost>
                        </proc:CategorySubtotal>
                    </proc:Category>
                    <proc:Category>
                        <proc:Name>9) Training Simulation Support (TSS)</proc:Name>
                        <proc:ItemList>
                            <proc:Item>
                                <proc:Name footnote="The decrease from FY 2025 to FY 2026 is due to the transition away from the legacy TSS programs.">9.1) Live Virtual Constructive - Training Environment (LVC-TE)</proc:Name>
                                <proc:IdCode>A</proc:IdCode>
                                <proc:ResourceSummary>
                                    <proc:TotalCost>
                                        <proc:AllPriorYears>29.995</proc:AllPriorYears>
                                        <proc:CurrentYear>3.602</proc:CurrentYear>
                                    </proc:TotalCost>
                                </proc:ResourceSummary>
                            </proc:Item>
                            <proc:Item>
                                <proc:Name footnote="The decrease from FY 2025 to FY 2026 is due to the transition away from the legacy TSS programs.">9.2) LVC-TE Network</proc:Name>
                                <proc:IdCode>A</proc:IdCode>
                                <proc:ResourceSummary>
                                    <proc:TotalCost>
                                        <proc:CurrentYear>2.5</proc:CurrentYear>
                                    </proc:TotalCost>
                                </proc:ResourceSummary>
                            </proc:Item>
                            <proc:Item>
                                <proc:Name footnote="The decrease from FY 2025 to FY 2026 is due to the transition away from the legacy TSS programs.">9.3) LVC-TE Modernization</proc:Name>
                                <proc:IdCode>A</proc:IdCode>
                                <proc:ResourceSummary>
                                    <proc:TotalCost>
                                        <proc:CurrentYear>6</proc:CurrentYear>
                                    </proc:TotalCost>
                                </proc:ResourceSummary>
                            </proc:Item>
                            <proc:Item>
                                <proc:Name footnote="The decrease from FY 2025 to FY 2026 is due to the transition away from the legacy TSS programs.">9.4) LVC-TE Joint Inter-operability</proc:Name>
                                <proc:IdCode>A</proc:IdCode>
                                <proc:ResourceSummary>
                                    <proc:TotalCost>
                                        <proc:CurrentYear>3.5</proc:CurrentYear>
                                    </proc:TotalCost>
                                </proc:ResourceSummary>
                            </proc:Item>
                            <proc:Item>
                                <proc:Name footnote="The decrease from FY 2025 to FY 2026 is due to the transition away from the legacy TSS programs.">9.5) LVC-TE Air Integration</proc:Name>
                                <proc:IdCode>A</proc:IdCode>
                                <proc:ResourceSummary>
                                    <proc:TotalCost>
                                        <proc:CurrentYear>3.046</proc:CurrentYear>
                                    </proc:TotalCost>
                                </proc:ResourceSummary>
                            </proc:Item>
                        </proc:ItemList>
                        <proc:CategorySubtotal>
                            <proc:TotalCost>
                                <proc:AllPriorYears>29.995</proc:AllPriorYears>
                                <proc:CurrentYear>18.648</proc:CurrentYear>
                            </proc:TotalCost>
                        </proc:CategorySubtotal>
                    </proc:Category>
                    <proc:Category>
                        <proc:Name>10) USMC Operator Driving Simulator (ODS)</proc:Name>
                        <proc:ItemList>
                            <proc:Item>
                                <proc:Name footnote="The increase from FY 2025 to FY 2026 will be used for technical or hardware refresh to mitigate obsolescence rendering the ODS unsustainable prior to the planned item exit date to 2035.">10.1) USMC ODS Training System Hardware</proc:Name>
                                <proc:IdCode>A</proc:IdCode>
                                <proc:ResourceSummary>
                                    <proc:TotalCost>
                                        <proc:AllPriorYears>42.211</proc:AllPriorYears>
                                        <proc:BudgetYearOneBase>0.619</proc:BudgetYearOneBase>
                                        <proc:BudgetYearOne>0.619</proc:BudgetYearOne>
                                    </proc:TotalCost>
                                </proc:ResourceSummary>
                            </proc:Item>
                            <proc:Item>
                                <proc:Name footnote="The decrease from FY 2025 to FY 2026 is due to the completion of the procurement of Modification Kits.">10.2) USMC ODS Modification Kits</proc:Name>
                                <proc:IdCode>A</proc:IdCode>
                                <proc:ResourceSummary>
                                    <proc:TotalCost>
                                        <proc:CurrentYear>1.763</proc:CurrentYear>
                                    </proc:TotalCost>
                                </proc:ResourceSummary>
                            </proc:Item>
                        </proc:ItemList>
                        <proc:CategorySubtotal>
                            <proc:TotalCost>
                                <proc:AllPriorYears>42.211</proc:AllPriorYears>
                                <proc:CurrentYear>1.763</proc:CurrentYear>
                                <proc:BudgetYearOneBase>0.619</proc:BudgetYearOneBase>
                                <proc:BudgetYearOne>0.619</proc:BudgetYearOne>
                            </proc:TotalCost>
                        </proc:CategorySubtotal>
                    </proc:Category>
                    <proc:Category>
                        <proc:Name>11) Prior Years Cumulative Funding</proc:Name>
                        <proc:ItemList>
                            <proc:Item>
                                <proc:Name>11.1) Other Prior Year</proc:Name>
                                <proc:ResourceSummary>
                                    <proc:TotalCost>
                                        <proc:AllPriorYears>627.24</proc:AllPriorYears>
                                    </proc:TotalCost>
                                </proc:ResourceSummary>
                            </proc:Item>
                        </proc:ItemList>
                        <proc:CategorySubtotal>
                            <proc:TotalCost>
                                <proc:AllPriorYears>627.24</proc:AllPriorYears>
                            </proc:TotalCost>
                        </proc:CategorySubtotal>
                    </proc:Category>
                </proc:CategoryList>
                <proc:TotalCost>
                    <proc:TotalCost>
                        <proc:AllPriorYears>985.677</proc:AllPriorYears>
                        <proc:PriorYear>101.577</proc:PriorYear>
                        <proc:CurrentYear>97.577</proc:CurrentYear>
                        <proc:BudgetYearOneBase>63.133</proc:BudgetYearOneBase>
                        <proc:BudgetYearOne>63.133</proc:BudgetYearOne>
                    </proc:TotalCost>
                </proc:TotalCost>
            </proc:P40AItemGroup>
        </proc:ItemExhibitList>
        <proc:DocumentAssemblyOptions>
            <proc:p40AItemScheduleSetting>total</proc:p40AItemScheduleSetting>
        </proc:DocumentAssemblyOptions>
    </proc:LineItem>
</proc:LineItemList>