<?xml version="1.0" encoding="UTF-8"?>
<proc:LineItemList xmlns:proc="http://www.dtic.mil/comptroller/xml/schema/20100219/procurement">
    <proc:LineItem quantityUnits="Each" quantityUnitName="Each" unitCostUnits="Thousands" totalCostUnits="Millions" manufacturerRateUnits="Monthly">
        <proc:LineItemNumber>3758G06520</proc:LineItemNumber>
        <proc:LineItemTitle>BRIDGE SUPPLEMENTAL SET</proc:LineItemTitle>
        <proc:P1LineNumber>143</proc:P1LineNumber>
        <proc:BudgetYear>2026</proc:BudgetYear>
        <proc:BudgetCycle>PB</proc:BudgetCycle>
        <proc:SubmissionDate>2025-06</proc:SubmissionDate>
        <proc:ServiceAgencyName>Army</proc:ServiceAgencyName>
        <proc:AppropriationNumber>2035A</proc:AppropriationNumber>
        <proc:AppropriationTitle>Other Procurement, Army</proc:AppropriationTitle>
        <proc:BudgetActivityNumber>3</proc:BudgetActivityNumber>
        <proc:BudgetActivityTitle>Other Support Equipment</proc:BudgetActivityTitle>
        <proc:BudgetSubActivityNumber>15</proc:BudgetSubActivityNumber>
        <proc:BudgetSubActivityTitle>Bridging Equipment</proc:BudgetSubActivityTitle>
        <proc:ResourceSummary>
            <proc:Quantity>
                <proc:AllPriorYears>14</proc:AllPriorYears>
                <proc:PriorYear>1</proc:PriorYear>
            </proc:Quantity>
            <proc:TotalCost>
                <proc:AllPriorYears>35.103</proc:AllPriorYears>
                <proc:PriorYear>4.414</proc:PriorYear>
            </proc:TotalCost>
            <proc:UnitCost>
                <proc:AllPriorYears>2507.357</proc:AllPriorYears>
                <proc:PriorYear>4414</proc:PriorYear>
            </proc:UnitCost>
            <proc:NetProcurementP1>
                <proc:AllPriorYears>35.103</proc:AllPriorYears>
                <proc:PriorYear>4.414</proc:PriorYear>
            </proc:NetProcurementP1>
            <proc:TotalObligationAuthority>
                <proc:AllPriorYears>35.103</proc:AllPriorYears>
                <proc:PriorYear>4.414</proc:PriorYear>
            </proc:TotalObligationAuthority>
        </proc:ResourceSummary>
        <proc:SecondaryDistribution>
            <proc:ComponentList>
                <proc:Component>
                    <proc:Name>Army Active</proc:Name>
                    <proc:Cost>
                        <proc:Quantity>
                            <proc:PriorYear>1</proc:PriorYear>
                        </proc:Quantity>
                        <proc:TotalCost>
                            <proc:PriorYear>4.414</proc:PriorYear>
                        </proc:TotalCost>
                    </proc:Cost>
                </proc:Component>
            </proc:ComponentList>
            <proc:TotalCost>
                <proc:Quantity>
                    <proc:PriorYear>1</proc:PriorYear>
                </proc:Quantity>
                <proc:TotalCost>
                    <proc:PriorYear>4.414</proc:PriorYear>
                </proc:TotalCost>
            </proc:TotalCost>
        </proc:SecondaryDistribution>
        <proc:Description>The Bridge Supplementary Set (BSS) provides the Multi-Role Bridging Companies (MRBCs) with a float bridge anchorage capability consisting of the Overhead Anchorage System (OCS), site stability matting, tool kits, and the Bridge Protection Device (BPD). In certain operational environments, the BSS will be enhanced by a bridge protection device, which provides protection from debris upstream from any bridge site. The site stability, anchorage, and tool kits will be integrated on M1077 Flatracks and transported by the Common Bridge Transporter (CBT). The BSS will be issued two systems per MRBC and training institution, in addition, four BSS systems will be issued to APS.  

The BSS Army Acquisition Objective (AAO) is 68.</proc:Description>
        <proc:Justification>G06520 Bridge Supplemental Set has no funding request in FY 2026.</proc:Justification>
        <proc:DocumentAssemblyOptions>
            <proc:p40AItemScheduleSetting>item</proc:p40AItemScheduleSetting>
        </proc:DocumentAssemblyOptions>
    </proc:LineItem>
</proc:LineItemList>