<?xml version="1.0" encoding="UTF-8"?>
<proc:LineItemList xmlns:proc="http://www.dtic.mil/comptroller/xml/schema/20100219/procurement">
    <proc:LineItem quantityUnits="Each" quantityUnitName="Each" unitCostUnits="Thousands" totalCostUnits="Millions" manufacturerRateUnits="Monthly">
        <proc:LineItemNumber>5913R63610</proc:LineItemNumber>
        <proc:LineItemTitle>Render Safe Sets kits Outfits</proc:LineItemTitle>
        <proc:P1LineNumber>151</proc:P1LineNumber>
        <proc:BudgetYear>2026</proc:BudgetYear>
        <proc:BudgetCycle>PB</proc:BudgetCycle>
        <proc:SubmissionDate>2025-06</proc:SubmissionDate>
        <proc:ServiceAgencyName>Army</proc:ServiceAgencyName>
        <proc:AppropriationNumber>2035A</proc:AppropriationNumber>
        <proc:AppropriationTitle>Other Procurement, Army</proc:AppropriationTitle>
        <proc:BudgetActivityNumber>3</proc:BudgetActivityNumber>
        <proc:BudgetActivityTitle>Other Support Equipment</proc:BudgetActivityTitle>
        <proc:BudgetSubActivityNumber>20</proc:BudgetSubActivityNumber>
        <proc:BudgetSubActivityTitle>Engineer (Non-Construction) Equipment</proc:BudgetSubActivityTitle>
        <proc:ResourceSummary>
            <proc:Quantity>
                <proc:AllPriorYears>44</proc:AllPriorYears>
                <proc:PriorYear>0</proc:PriorYear>
                <proc:CurrentYear>4</proc:CurrentYear>
                <proc:BudgetYearOneBase>4</proc:BudgetYearOneBase>
                <proc:BudgetYearOne>4</proc:BudgetYearOne>
            </proc:Quantity>
            <proc:TotalCost>
                <proc:AllPriorYears>330.923</proc:AllPriorYears>
                <proc:CurrentYear>16.44</proc:CurrentYear>
                <proc:BudgetYearOneBase>14.184</proc:BudgetYearOneBase>
                <proc:BudgetYearOne>14.184</proc:BudgetYearOne>
            </proc:TotalCost>
            <proc:UnitCost>
                <proc:AllPriorYears>7520.977</proc:AllPriorYears>
                <proc:CurrentYear>4110</proc:CurrentYear>
                <proc:BudgetYearOneBase>3546</proc:BudgetYearOneBase>
                <proc:BudgetYearOne>3546</proc:BudgetYearOne>
            </proc:UnitCost>
            <proc:NetProcurementP1>
                <proc:AllPriorYears>330.923</proc:AllPriorYears>
                <proc:CurrentYear>16.44</proc:CurrentYear>
                <proc:BudgetYearOneBase>14.184</proc:BudgetYearOneBase>
                <proc:BudgetYearOne>14.184</proc:BudgetYearOne>
            </proc:NetProcurementP1>
            <proc:TotalObligationAuthority>
                <proc:AllPriorYears>330.923</proc:AllPriorYears>
                <proc:CurrentYear>16.44</proc:CurrentYear>
                <proc:BudgetYearOneBase>14.184</proc:BudgetYearOneBase>
                <proc:BudgetYearOne>14.184</proc:BudgetYearOne>
            </proc:TotalObligationAuthority>
        </proc:ResourceSummary>
        <proc:Code>A</proc:Code>
        <proc:OtherRelatedProgramElementList>
            <proc:ProgramElementNumber>0654808A</proc:ProgramElementNumber>
        </proc:OtherRelatedProgramElementList>
        <proc:SecondaryDistribution>
            <proc:ComponentList>
                <proc:Component>
                    <proc:Name>Army Active</proc:Name>
                    <proc:Cost>
                        <proc:Quantity>
                            <proc:CurrentYear>4</proc:CurrentYear>
                            <proc:BudgetYearOneBase>4</proc:BudgetYearOneBase>
                            <proc:BudgetYearOne>4</proc:BudgetYearOne>
                        </proc:Quantity>
                        <proc:TotalCost>
                            <proc:CurrentYear>16.44</proc:CurrentYear>
                            <proc:BudgetYearOneBase>14.184</proc:BudgetYearOneBase>
                            <proc:BudgetYearOne>14.184</proc:BudgetYearOne>
                        </proc:TotalCost>
                    </proc:Cost>
                </proc:Component>
            </proc:ComponentList>
            <proc:TotalCost>
                <proc:Quantity>
                    <proc:CurrentYear>4</proc:CurrentYear>
                    <proc:BudgetYearOneBase>4</proc:BudgetYearOneBase>
                    <proc:BudgetYearOne>4</proc:BudgetYearOne>
                </proc:Quantity>
                <proc:TotalCost>
                    <proc:CurrentYear>16.44</proc:CurrentYear>
                    <proc:BudgetYearOneBase>14.184</proc:BudgetYearOneBase>
                    <proc:BudgetYearOne>14.184</proc:BudgetYearOne>
                </proc:TotalCost>
            </proc:TotalCost>
        </proc:SecondaryDistribution>
        <proc:Description>SSN R63811 / ENHANCED ROBOTIC PAYLOAD RENDER SAFE (ERP RS) is a new start within the Render Safe Sets kits Outfits program in FY 2026

The Explosive Ordnance Disposal (EOD) Render Safe (RS) Sets, Kits, and Outfits (SKO) provides capabilities needed for EOD teams to render safe US and foreign ordnance and improvised explosive hazards, enabling ground force commanders to retain freedom of maneuver and secure lines of communications in multi-domain operations (MDO).

(R63610) EOD RS SKO equips EOD teams with: low light visual augmentation system, dismounted operations protection, localized incident site protection, subsurface explosive and hazard detection, dismounted X-ray imager, X-ray generator, trace detection (explosives, CBRN, and drugs), unmanned aerial system, power management, gamma and neutron search and detection, and render safe initiation. The RS SKO kit equips the three (3) EOD teams in a platoon. Capabilities in the kit are also needed in other formations that have EOD Soldiers such as Security Force Assistance Brigades (SFABs). EOD teams also need additional tools and equipment such as but not limited to, hook and line kits, disruptors, etc. to conduct render safe operations. Information, reporting and control systems such as the Decision Support System (DSS) will be upgraded. The Army Acquisition Objective (AAO) for EOD RS SKO is 200.

(R63811) Enhanced Robotics Payload - Render Safe (ERP-RS) will enable EOD teams to access, render safe, and dispose of explosive ordnances (EO) while removing Soldiers from the direct effects of explosive blast and fragmentation. ERP-RS consists of three modules that will mount on existing Host Unmanned Ground Vehicles (HUGVs) in EOD units: (1) Highly Dexterous Manipulation System that has increased lift capacity and dexterity over current manipulators, using dual arm manipulation, will contribute to access, render safe, and disposal of sensitive EO, (2) a Multi-Shot Disruptor Module that provides remote selectable and precise disruption of surface laid or suspended EO, and (3) a Precision Aim module to provide accurate disruption of surface laid or suspended EO with the Multi-Shot Disrupter Module. These ERP-RS capabilities will provide a level of access, render safe, and disposal of EO that would currently require a Soldier to expose themselves to explosive hazards.</proc:Description>
        <proc:Justification>FY 2026 Base Procurement dollars in the amount of $13.097 million supports the procurement of 4 Render Safe Sets Kits. Funding also supports engineering support, shipping and New Equipment Training/Fielding (NET).

FY 2026 Base Procurement dollars in the amount of $1.087 million supports the Enhanced Robotic Payload Render Safer (ER PRS) Milestone C documentation and contract specialist support to prepare for the Production &amp; deployment phase of the program.  R63811 is a new start in FY 2026.</proc:Justification>
        <proc:ItemExhibitList>
            <proc:P5Item>
                <proc:Name>Render Safe Sets Kits Outfits</proc:Name>
                <proc:ItemNumber>R63701</proc:ItemNumber>
                <proc:IdCode>A</proc:IdCode>
                <proc:SecondaryDistribution>
                    <proc:ComponentList>
                        <proc:Component>
                            <proc:Name>Army Active</proc:Name>
                            <proc:Cost>
                                <proc:Quantity>
                                    <proc:CurrentYear>4</proc:CurrentYear>
                                    <proc:BudgetYearOneBase>4</proc:BudgetYearOneBase>
                                    <proc:BudgetYearOne>4</proc:BudgetYearOne>
                                </proc:Quantity>
                                <proc:TotalCost>
                                    <proc:CurrentYear>16.44</proc:CurrentYear>
                                    <proc:BudgetYearOneBase>13.097</proc:BudgetYearOneBase>
                                    <proc:BudgetYearOne>13.097</proc:BudgetYearOne>
                                </proc:TotalCost>
                            </proc:Cost>
                        </proc:Component>
                    </proc:ComponentList>
                </proc:SecondaryDistribution>
                <proc:Remarks>FY 2025 to FY 2026 funding decrease reflects procurement of kits needed to meet Army Acquisition Objectives.</proc:Remarks>
                <proc:ResourceSummary>
                    <proc:Quantity>
                        <proc:AllPriorYears>44</proc:AllPriorYears>
                        <proc:PriorYear>0</proc:PriorYear>
                        <proc:CurrentYear>4</proc:CurrentYear>
                        <proc:BudgetYearOneBase>4</proc:BudgetYearOneBase>
                        <proc:BudgetYearOne>4</proc:BudgetYearOne>
                    </proc:Quantity>
                    <proc:TotalCost>
                        <proc:AllPriorYears>330.923</proc:AllPriorYears>
                        <proc:CurrentYear>16.44</proc:CurrentYear>
                        <proc:BudgetYearOneBase>13.097</proc:BudgetYearOneBase>
                        <proc:BudgetYearOne>13.097</proc:BudgetYearOne>
                    </proc:TotalCost>
                    <proc:UnitCost>
                        <proc:AllPriorYears>7520.977</proc:AllPriorYears>
                        <proc:CurrentYear>4110</proc:CurrentYear>
                        <proc:BudgetYearOneBase>3274.25</proc:BudgetYearOneBase>
                        <proc:BudgetYearOne>3274.25</proc:BudgetYearOne>
                    </proc:UnitCost>
                    <proc:NetProcurementP1>
                        <proc:AllPriorYears>330.923</proc:AllPriorYears>
                        <proc:CurrentYear>16.44</proc:CurrentYear>
                        <proc:BudgetYearOneBase>13.097</proc:BudgetYearOneBase>
                        <proc:BudgetYearOne>13.097</proc:BudgetYearOne>
                    </proc:NetProcurementP1>
                    <proc:TotalObligationAuthority>
                        <proc:AllPriorYears>330.923</proc:AllPriorYears>
                        <proc:CurrentYear>16.44</proc:CurrentYear>
                        <proc:BudgetYearOneBase>13.097</proc:BudgetYearOneBase>
                        <proc:BudgetYearOne>13.097</proc:BudgetYearOne>
                    </proc:TotalObligationAuthority>
                </proc:ResourceSummary>
                <proc:CostElementCategoryList>
                    <proc:Hardware>
                        <proc:Recurring>
                            <proc:CostElementList>
                                <proc:CostElement>
                                    <proc:Name>Render Safe (RS) Sets, Kits, and Outfits (SKO)</proc:Name>
                                    <proc:Cost>
                                        <proc:Quantity>
                                            <proc:AllPriorYears>176</proc:AllPriorYears>
                                            <proc:CurrentYear>4</proc:CurrentYear>
                                            <proc:BudgetYearOneBase>4</proc:BudgetYearOneBase>
                                            <proc:BudgetYearOne>4</proc:BudgetYearOne>
                                        </proc:Quantity>
                                        <proc:TotalCost>
                                            <proc:AllPriorYears>273.099</proc:AllPriorYears>
                                            <proc:CurrentYear>6.672</proc:CurrentYear>
                                            <proc:BudgetYearOneBase>6.672</proc:BudgetYearOneBase>
                                            <proc:BudgetYearOne>6.672</proc:BudgetYearOne>
                                        </proc:TotalCost>
                                        <proc:UnitCost>
                                            <proc:AllPriorYears>1551.699</proc:AllPriorYears>
                                            <proc:CurrentYear>1668</proc:CurrentYear>
                                            <proc:BudgetYearOneBase>1668</proc:BudgetYearOneBase>
                                            <proc:BudgetYearOne>1668</proc:BudgetYearOne>
                                        </proc:UnitCost>
                                    </proc:Cost>
                                    <proc:AllPriorYearsDeliveries>176</proc:AllPriorYearsDeliveries>
                                    <proc:ManufacturerList>
                                        <proc:Manufacturer>
                                            <proc:Name>Defense Logistics Agency (DLA)</proc:Name>
                                            <proc:Location>Philadelphia, PA</proc:Location>
                                            <proc:MinimumSustainingRate>1</proc:MinimumSustainingRate>
                                            <proc:MaximumProductionRate>7</proc:MaximumProductionRate>
                                            <proc:Rate185>5</proc:Rate185>
                                            <proc:InitialQuantity>
                                                <proc:AdminLeadTimeBeforeOct1InMonths>6</proc:AdminLeadTimeBeforeOct1InMonths>
                                                <proc:AdminLeadTimeAfterOct1InMonths>6</proc:AdminLeadTimeAfterOct1InMonths>
                                                <proc:ProductionLeadTimeAfterOct1InMonths>6</proc:ProductionLeadTimeAfterOct1InMonths>
                                                <proc:TotalLeadTimeAfterOct1InMonths>12</proc:TotalLeadTimeAfterOct1InMonths>
                                            </proc:InitialQuantity>
                                            <proc:ReorderQuantity>
                                                <proc:AdminLeadTimeBeforeOct1InMonths>6</proc:AdminLeadTimeBeforeOct1InMonths>
                                                <proc:AdminLeadTimeAfterOct1InMonths>6</proc:AdminLeadTimeAfterOct1InMonths>
                                                <proc:ProductionLeadTimeAfterOct1InMonths>6</proc:ProductionLeadTimeAfterOct1InMonths>
                                                <proc:TotalLeadTimeAfterOct1InMonths>12</proc:TotalLeadTimeAfterOct1InMonths>
                                            </proc:ReorderQuantity>
                                            <proc:HistoryPlanningList>
                                                <proc:HistoryPlanning>
                                                    <proc:FiscalYear>2025</proc:FiscalYear>
                                                    <proc:PCOLocation>Philadelphia, PA</proc:PCOLocation>
                                                    <proc:AwardDate>2025-07</proc:AwardDate>
                                                    <proc:FirstDeliveryDate>2026-01</proc:FirstDeliveryDate>
                                                    <proc:Quantity>4</proc:Quantity>
                                                    <proc:UnitCost>1668</proc:UnitCost>
                                                    <proc:SpecsAvailableNow>false</proc:SpecsAvailableNow>
                                                    <proc:FundingVehicle>MIPR</proc:FundingVehicle>
                                                    <proc:MonthlyDeliveryScheduleList>
                                                        <proc:MonthlyDeliverySchedule>
                                                            <proc:ServiceAgencyName>Army</proc:ServiceAgencyName>
                                                            <proc:ProcQuantity>4</proc:ProcQuantity>
                                                            <proc:MonthlyDeliveryList>
                                                                <proc:MonthlyDelivery>
                                                                    <proc:Month>2026-01</proc:Month>
                                                                    <proc:Amount>4</proc:Amount>
                                                                </proc:MonthlyDelivery>
                                                            </proc:MonthlyDeliveryList>
                                                        </proc:MonthlyDeliverySchedule>
                                                    </proc:MonthlyDeliveryScheduleList>
                                                    <proc:MonthlyDeliveryScheduleTotal>
                                                        <proc:ProcQuantity>4</proc:ProcQuantity>
                                                        <proc:MonthlyDeliveryList>
                                                            <proc:MonthlyDelivery>
                                                                <proc:Month>2026-01</proc:Month>
                                                                <proc:Amount>4</proc:Amount>
                                                            </proc:MonthlyDelivery>
                                                        </proc:MonthlyDeliveryList>
                                                    </proc:MonthlyDeliveryScheduleTotal>
                                                </proc:HistoryPlanning>
                                                <proc:HistoryPlanning>
                                                    <proc:FiscalYear>2026</proc:FiscalYear>
                                                    <proc:PCOLocation>Philadelphia, PA</proc:PCOLocation>
                                                    <proc:AwardDate>2026-03</proc:AwardDate>
                                                    <proc:FirstDeliveryDate>2026-09</proc:FirstDeliveryDate>
                                                    <proc:Quantity>4</proc:Quantity>
                                                    <proc:UnitCost>1668</proc:UnitCost>
                                                    <proc:SpecsAvailableNow>true</proc:SpecsAvailableNow>
                                                    <proc:FundingVehicle>MIPR</proc:FundingVehicle>
                                                    <proc:MonthlyDeliveryScheduleList>
                                                        <proc:MonthlyDeliverySchedule>
                                                            <proc:ServiceAgencyName>Army</proc:ServiceAgencyName>
                                                            <proc:ProcQuantity>4</proc:ProcQuantity>
                                                            <proc:MonthlyDeliveryList>
                                                                <proc:MonthlyDelivery>
                                                                    <proc:Month>2026-09</proc:Month>
                                                                    <proc:Amount>4</proc:Amount>
                                                                </proc:MonthlyDelivery>
                                                            </proc:MonthlyDeliveryList>
                                                        </proc:MonthlyDeliverySchedule>
                                                    </proc:MonthlyDeliveryScheduleList>
                                                    <proc:MonthlyDeliveryScheduleTotal>
                                                        <proc:ProcQuantity>4</proc:ProcQuantity>
                                                        <proc:MonthlyDeliveryList>
                                                            <proc:MonthlyDelivery>
                                                                <proc:Month>2026-09</proc:Month>
                                                                <proc:Amount>4</proc:Amount>
                                                            </proc:MonthlyDelivery>
                                                        </proc:MonthlyDeliveryList>
                                                    </proc:MonthlyDeliveryScheduleTotal>
                                                </proc:HistoryPlanning>
                                            </proc:HistoryPlanningList>
                                        </proc:Manufacturer>
                                    </proc:ManufacturerList>
                                </proc:CostElement>
                            </proc:CostElementList>
                            <proc:CategorySubtotal>
                                <proc:TotalCost>
                                    <proc:AllPriorYears>273.099</proc:AllPriorYears>
                                    <proc:CurrentYear>6.672</proc:CurrentYear>
                                    <proc:BudgetYearOneBase>6.672</proc:BudgetYearOneBase>
                                    <proc:BudgetYearOne>6.672</proc:BudgetYearOne>
                                </proc:TotalCost>
                            </proc:CategorySubtotal>
                        </proc:Recurring>
                        <proc:CategorySubtotal>
                            <proc:TotalCost>
                                <proc:AllPriorYears>273.099</proc:AllPriorYears>
                                <proc:CurrentYear>6.672</proc:CurrentYear>
                                <proc:BudgetYearOneBase>6.672</proc:BudgetYearOneBase>
                                <proc:BudgetYearOne>6.672</proc:BudgetYearOne>
                            </proc:TotalCost>
                        </proc:CategorySubtotal>
                    </proc:Hardware>
                    <proc:PackageFielding>
                        <proc:Recurring>
                            <proc:CostElementList>
                                <proc:CostElement>
                                    <proc:Name>Shipping and Transportation</proc:Name>
                                    <proc:Cost>
                                        <proc:TotalCost>
                                            <proc:AllPriorYears>1.656</proc:AllPriorYears>
                                            <proc:CurrentYear>0.4</proc:CurrentYear>
                                            <proc:BudgetYearOneBase>0.1</proc:BudgetYearOneBase>
                                            <proc:BudgetYearOne>0.1</proc:BudgetYearOne>
                                        </proc:TotalCost>
                                    </proc:Cost>
                                </proc:CostElement>
                            </proc:CostElementList>
                            <proc:CategorySubtotal>
                                <proc:TotalCost>
                                    <proc:AllPriorYears>1.656</proc:AllPriorYears>
                                    <proc:CurrentYear>0.4</proc:CurrentYear>
                                    <proc:BudgetYearOneBase>0.1</proc:BudgetYearOneBase>
                                    <proc:BudgetYearOne>0.1</proc:BudgetYearOne>
                                </proc:TotalCost>
                            </proc:CategorySubtotal>
                        </proc:Recurring>
                        <proc:CategorySubtotal>
                            <proc:TotalCost>
                                <proc:AllPriorYears>1.656</proc:AllPriorYears>
                                <proc:CurrentYear>0.4</proc:CurrentYear>
                                <proc:BudgetYearOneBase>0.1</proc:BudgetYearOneBase>
                                <proc:BudgetYearOne>0.1</proc:BudgetYearOne>
                            </proc:TotalCost>
                        </proc:CategorySubtotal>
                    </proc:PackageFielding>
                    <proc:Support>
                        <proc:CostElementList>
                            <proc:CostElement>
                                <proc:Name>First Article Test</proc:Name>
                                <proc:Cost>
                                    <proc:TotalCost>
                                        <proc:AllPriorYears>0.05</proc:AllPriorYears>
                                        <proc:CurrentYear>0.325</proc:CurrentYear>
                                    </proc:TotalCost>
                                </proc:Cost>
                            </proc:CostElement>
                            <proc:CostElement>
                                <proc:Name>Acceptance Test</proc:Name>
                                <proc:Cost>
                                    <proc:TotalCost>
                                        <proc:BudgetYearOneBase>0.25</proc:BudgetYearOneBase>
                                        <proc:BudgetYearOne>0.25</proc:BudgetYearOne>
                                    </proc:TotalCost>
                                </proc:Cost>
                            </proc:CostElement>
                        </proc:CostElementList>
                        <proc:CategorySubtotal>
                            <proc:TotalCost>
                                <proc:AllPriorYears>0.05</proc:AllPriorYears>
                                <proc:CurrentYear>0.325</proc:CurrentYear>
                                <proc:BudgetYearOneBase>0.25</proc:BudgetYearOneBase>
                                <proc:BudgetYearOne>0.25</proc:BudgetYearOne>
                            </proc:TotalCost>
                        </proc:CategorySubtotal>
                        <proc:Name>Acceptance Testing</proc:Name>
                    </proc:Support>
                    <proc:Support>
                        <proc:CostElementList>
                            <proc:CostElement>
                                <proc:Name>Oversight</proc:Name>
                                <proc:Cost>
                                    <proc:TotalCost>
                                        <proc:CurrentYear>0.15</proc:CurrentYear>
                                        <proc:BudgetYearOneBase>0.2</proc:BudgetYearOneBase>
                                        <proc:BudgetYearOne>0.2</proc:BudgetYearOne>
                                    </proc:TotalCost>
                                </proc:Cost>
                            </proc:CostElement>
                        </proc:CostElementList>
                        <proc:CategorySubtotal>
                            <proc:TotalCost>
                                <proc:CurrentYear>0.15</proc:CurrentYear>
                                <proc:BudgetYearOneBase>0.2</proc:BudgetYearOneBase>
                                <proc:BudgetYearOne>0.2</proc:BudgetYearOne>
                            </proc:TotalCost>
                        </proc:CategorySubtotal>
                        <proc:Name>Contractor Logistics Support (CLS)</proc:Name>
                    </proc:Support>
                    <proc:Support>
                        <proc:CostElementList>
                            <proc:CostElement>
                                <proc:Name>Engineering Change Proposals</proc:Name>
                                <proc:Cost>
                                    <proc:TotalCost>
                                        <proc:BudgetYearOneBase>0.25</proc:BudgetYearOneBase>
                                        <proc:BudgetYearOne>0.25</proc:BudgetYearOne>
                                    </proc:TotalCost>
                                </proc:Cost>
                            </proc:CostElement>
                        </proc:CostElementList>
                        <proc:CategorySubtotal>
                            <proc:TotalCost>
                                <proc:BudgetYearOneBase>0.25</proc:BudgetYearOneBase>
                                <proc:BudgetYearOne>0.25</proc:BudgetYearOne>
                            </proc:TotalCost>
                        </proc:CategorySubtotal>
                        <proc:Name>Engineering Change Proposals</proc:Name>
                    </proc:Support>
                    <proc:Support>
                        <proc:CostElementList>
                            <proc:CostElement>
                                <proc:Name>Initial Spares and Repair Parts</proc:Name>
                                <proc:Cost>
                                    <proc:TotalCost>
                                        <proc:AllPriorYears>28.785</proc:AllPriorYears>
                                        <proc:CurrentYear>0.15</proc:CurrentYear>
                                        <proc:BudgetYearOneBase>0.284</proc:BudgetYearOneBase>
                                        <proc:BudgetYearOne>0.284</proc:BudgetYearOne>
                                    </proc:TotalCost>
                                </proc:Cost>
                            </proc:CostElement>
                        </proc:CostElementList>
                        <proc:CategorySubtotal>
                            <proc:TotalCost>
                                <proc:AllPriorYears>28.785</proc:AllPriorYears>
                                <proc:CurrentYear>0.15</proc:CurrentYear>
                                <proc:BudgetYearOneBase>0.284</proc:BudgetYearOneBase>
                                <proc:BudgetYearOne>0.284</proc:BudgetYearOne>
                            </proc:TotalCost>
                        </proc:CategorySubtotal>
                        <proc:Name>Initial Spares and Repair Parts</proc:Name>
                    </proc:Support>
                    <proc:Support>
                        <proc:CostElementList>
                            <proc:CostElement>
                                <proc:Name>Equipment</proc:Name>
                                <proc:Cost>
                                    <proc:TotalCost>
                                        <proc:AllPriorYears>3</proc:AllPriorYears>
                                        <proc:CurrentYear>1.592</proc:CurrentYear>
                                    </proc:TotalCost>
                                </proc:Cost>
                            </proc:CostElement>
                        </proc:CostElementList>
                        <proc:CategorySubtotal>
                            <proc:TotalCost>
                                <proc:AllPriorYears>3</proc:AllPriorYears>
                                <proc:CurrentYear>1.592</proc:CurrentYear>
                            </proc:TotalCost>
                        </proc:CategorySubtotal>
                        <proc:Name>New Equipment Training (NET)</proc:Name>
                    </proc:Support>
                    <proc:Support>
                        <proc:CostElementList>
                            <proc:CostElement>
                                <proc:Name>Production Engineering</proc:Name>
                                <proc:Cost>
                                    <proc:TotalCost>
                                        <proc:AllPriorYears>11.5</proc:AllPriorYears>
                                        <proc:CurrentYear>5.712</proc:CurrentYear>
                                        <proc:BudgetYearOneBase>4.418</proc:BudgetYearOneBase>
                                        <proc:BudgetYearOne>4.418</proc:BudgetYearOne>
                                    </proc:TotalCost>
                                </proc:Cost>
                            </proc:CostElement>
                        </proc:CostElementList>
                        <proc:CategorySubtotal>
                            <proc:TotalCost>
                                <proc:AllPriorYears>11.5</proc:AllPriorYears>
                                <proc:CurrentYear>5.712</proc:CurrentYear>
                                <proc:BudgetYearOneBase>4.418</proc:BudgetYearOneBase>
                                <proc:BudgetYearOne>4.418</proc:BudgetYearOne>
                            </proc:TotalCost>
                        </proc:CategorySubtotal>
                        <proc:Name>Production Engineering</proc:Name>
                    </proc:Support>
                    <proc:Support>
                        <proc:CostElementList>
                            <proc:CostElement>
                                <proc:Name>Government Management</proc:Name>
                                <proc:Cost>
                                    <proc:TotalCost>
                                        <proc:AllPriorYears>12.833</proc:AllPriorYears>
                                        <proc:CurrentYear>1.439</proc:CurrentYear>
                                        <proc:BudgetYearOneBase>0.923</proc:BudgetYearOneBase>
                                        <proc:BudgetYearOne>0.923</proc:BudgetYearOne>
                                    </proc:TotalCost>
                                </proc:Cost>
                            </proc:CostElement>
                        </proc:CostElementList>
                        <proc:CategorySubtotal>
                            <proc:TotalCost>
                                <proc:AllPriorYears>12.833</proc:AllPriorYears>
                                <proc:CurrentYear>1.439</proc:CurrentYear>
                                <proc:BudgetYearOneBase>0.923</proc:BudgetYearOneBase>
                                <proc:BudgetYearOne>0.923</proc:BudgetYearOne>
                            </proc:TotalCost>
                        </proc:CategorySubtotal>
                        <proc:Name>Program Management</proc:Name>
                    </proc:Support>
                </proc:CostElementCategoryList>
                <proc:OverallHistoryPlanningRemarks>Acquire commercial off-the-shelf systems (COTs) using Defense Logistics Agency (DLA) and other Army contract vehicles.</proc:OverallHistoryPlanningRemarks>
            </proc:P5Item>
            <proc:P5Item>
                <proc:Name>ENHANCED ROBOTIC PAYLOAD RENDER SAFE (ERP RS)</proc:Name>
                <proc:ItemNumber>R63811</proc:ItemNumber>
                <proc:IdCode>B</proc:IdCode>
                <proc:SecondaryDistribution>
                    <proc:ComponentList>
                        <proc:Component>
                            <proc:Name>Army Active</proc:Name>
                            <proc:Cost>
                                <proc:TotalCost>
                                    <proc:BudgetYearOneBase>1.087</proc:BudgetYearOneBase>
                                    <proc:BudgetYearOne>1.087</proc:BudgetYearOne>
                                </proc:TotalCost>
                            </proc:Cost>
                        </proc:Component>
                    </proc:ComponentList>
                </proc:SecondaryDistribution>
                <proc:Remarks>E63811 is a new start in FY 2026.</proc:Remarks>
                <proc:ResourceSummary>
                    <proc:TotalCost>
                        <proc:BudgetYearOneBase>1.087</proc:BudgetYearOneBase>
                        <proc:BudgetYearOne>1.087</proc:BudgetYearOne>
                    </proc:TotalCost>
                    <proc:NetProcurementP1>
                        <proc:BudgetYearOneBase>1.087</proc:BudgetYearOneBase>
                        <proc:BudgetYearOne>1.087</proc:BudgetYearOne>
                    </proc:NetProcurementP1>
                    <proc:TotalObligationAuthority>
                        <proc:BudgetYearOneBase>1.087</proc:BudgetYearOneBase>
                        <proc:BudgetYearOne>1.087</proc:BudgetYearOne>
                    </proc:TotalObligationAuthority>
                </proc:ResourceSummary>
                <proc:CostElementCategoryList>
                    <proc:Support>
                        <proc:CostElementList>
                            <proc:CostElement>
                                <proc:Name>Production Engineering</proc:Name>
                                <proc:Cost>
                                    <proc:TotalCost>
                                        <proc:BudgetYearOneBase>0.787</proc:BudgetYearOneBase>
                                        <proc:BudgetYearOne>0.787</proc:BudgetYearOne>
                                    </proc:TotalCost>
                                </proc:Cost>
                            </proc:CostElement>
                        </proc:CostElementList>
                        <proc:CategorySubtotal>
                            <proc:TotalCost>
                                <proc:BudgetYearOneBase>0.787</proc:BudgetYearOneBase>
                                <proc:BudgetYearOne>0.787</proc:BudgetYearOne>
                            </proc:TotalCost>
                        </proc:CategorySubtotal>
                        <proc:Name>Production Engineering</proc:Name>
                    </proc:Support>
                    <proc:Support>
                        <proc:CostElementList>
                            <proc:CostElement>
                                <proc:Name>Government Management</proc:Name>
                                <proc:Cost>
                                    <proc:TotalCost>
                                        <proc:BudgetYearOneBase>0.3</proc:BudgetYearOneBase>
                                        <proc:BudgetYearOne>0.3</proc:BudgetYearOne>
                                    </proc:TotalCost>
                                </proc:Cost>
                            </proc:CostElement>
                        </proc:CostElementList>
                        <proc:CategorySubtotal>
                            <proc:TotalCost>
                                <proc:BudgetYearOneBase>0.3</proc:BudgetYearOneBase>
                                <proc:BudgetYearOne>0.3</proc:BudgetYearOne>
                            </proc:TotalCost>
                        </proc:CategorySubtotal>
                        <proc:Name>Program Management</proc:Name>
                    </proc:Support>
                </proc:CostElementCategoryList>
            </proc:P5Item>
        </proc:ItemExhibitList>
        <proc:DocumentAssemblyOptions>
            <proc:p40AItemScheduleSetting>item</proc:p40AItemScheduleSetting>
        </proc:DocumentAssemblyOptions>
    </proc:LineItem>
</proc:LineItemList>