<?xml version="1.0" encoding="UTF-8"?>
<proc:LineItemList xmlns:proc="http://www.dtic.mil/comptroller/xml/schema/20100219/procurement">
    <proc:LineItem quantityUnits="Each" quantityUnitName="Each" unitCostUnits="Thousands" totalCostUnits="Millions" manufacturerRateUnits="Monthly">
        <proc:LineItemNumber>8489W60001</proc:LineItemNumber>
        <proc:LineItemTitle>AIR VIGILANCE (AV)</proc:LineItemTitle>
        <proc:P1LineNumber>91</proc:P1LineNumber>
        <proc:BudgetYear>2026</proc:BudgetYear>
        <proc:BudgetCycle>PB</proc:BudgetCycle>
        <proc:SubmissionDate>2025-06</proc:SubmissionDate>
        <proc:ServiceAgencyName>Army</proc:ServiceAgencyName>
        <proc:AppropriationNumber>2035A</proc:AppropriationNumber>
        <proc:AppropriationTitle>Other Procurement, Army</proc:AppropriationTitle>
        <proc:BudgetActivityNumber>2</proc:BudgetActivityNumber>
        <proc:BudgetActivityTitle>Communications and Electronics Equipment</proc:BudgetActivityTitle>
        <proc:BudgetSubActivityNumber>83</proc:BudgetSubActivityNumber>
        <proc:BudgetSubActivityTitle>Elect Equip - Electronic Warfare (EW)</proc:BudgetSubActivityTitle>
        <proc:ResourceSummary>
            <proc:Quantity>
                <proc:AllPriorYears>8</proc:AllPriorYears>
                <proc:PriorYear>3</proc:PriorYear>
                <proc:CurrentYear>4</proc:CurrentYear>
                <proc:BudgetYearOneBase>4</proc:BudgetYearOneBase>
                <proc:BudgetYearOne>4</proc:BudgetYearOne>
            </proc:Quantity>
            <proc:TotalCost>
                <proc:AllPriorYears>66.105</proc:AllPriorYears>
                <proc:PriorYear>6.641</proc:PriorYear>
                <proc:CurrentYear>9.956</proc:CurrentYear>
                <proc:BudgetYearOneBase>9.731</proc:BudgetYearOneBase>
                <proc:BudgetYearOne>9.731</proc:BudgetYearOne>
            </proc:TotalCost>
            <proc:UnitCost>
                <proc:AllPriorYears>8263.125</proc:AllPriorYears>
                <proc:PriorYear>2213.667</proc:PriorYear>
                <proc:CurrentYear>2489</proc:CurrentYear>
                <proc:BudgetYearOneBase>2432.75</proc:BudgetYearOneBase>
                <proc:BudgetYearOne>2432.75</proc:BudgetYearOne>
            </proc:UnitCost>
            <proc:NetProcurementP1>
                <proc:AllPriorYears>66.105</proc:AllPriorYears>
                <proc:PriorYear>6.641</proc:PriorYear>
                <proc:CurrentYear>9.956</proc:CurrentYear>
                <proc:BudgetYearOneBase>9.731</proc:BudgetYearOneBase>
                <proc:BudgetYearOne>9.731</proc:BudgetYearOne>
            </proc:NetProcurementP1>
            <proc:TotalObligationAuthority>
                <proc:AllPriorYears>66.105</proc:AllPriorYears>
                <proc:PriorYear>6.641</proc:PriorYear>
                <proc:CurrentYear>9.956</proc:CurrentYear>
                <proc:BudgetYearOneBase>9.731</proc:BudgetYearOneBase>
                <proc:BudgetYearOne>9.731</proc:BudgetYearOne>
            </proc:TotalObligationAuthority>
        </proc:ResourceSummary>
        <proc:Code>A</proc:Code>
        <proc:OtherRelatedProgramElementList>
            <proc:ProgramElementNumber>0603766A</proc:ProgramElementNumber>
            <proc:ProgramElementNumber>0605766A</proc:ProgramElementNumber>
        </proc:OtherRelatedProgramElementList>
        <proc:SecondaryDistribution>
            <proc:ComponentList>
                <proc:Component>
                    <proc:Name>Army Active</proc:Name>
                    <proc:Cost>
                        <proc:Quantity>
                            <proc:PriorYear>3</proc:PriorYear>
                            <proc:CurrentYear>4</proc:CurrentYear>
                            <proc:BudgetYearOneBase>4</proc:BudgetYearOneBase>
                            <proc:BudgetYearOne>4</proc:BudgetYearOne>
                        </proc:Quantity>
                        <proc:TotalCost>
                            <proc:PriorYear>6.641</proc:PriorYear>
                            <proc:CurrentYear>9.956</proc:CurrentYear>
                            <proc:BudgetYearOneBase>9.731</proc:BudgetYearOneBase>
                            <proc:BudgetYearOne>9.731</proc:BudgetYearOne>
                        </proc:TotalCost>
                    </proc:Cost>
                </proc:Component>
            </proc:ComponentList>
            <proc:TotalCost>
                <proc:Quantity>
                    <proc:PriorYear>3</proc:PriorYear>
                    <proc:CurrentYear>4</proc:CurrentYear>
                    <proc:BudgetYearOneBase>4</proc:BudgetYearOneBase>
                    <proc:BudgetYearOne>4</proc:BudgetYearOne>
                </proc:Quantity>
                <proc:TotalCost>
                    <proc:PriorYear>6.641</proc:PriorYear>
                    <proc:CurrentYear>9.956</proc:CurrentYear>
                    <proc:BudgetYearOneBase>9.731</proc:BudgetYearOneBase>
                    <proc:BudgetYearOne>9.731</proc:BudgetYearOne>
                </proc:TotalCost>
            </proc:TotalCost>
        </proc:SecondaryDistribution>
        <proc:Description>Detailed description and justification can be found in the Classified Congressional Justification Book. 

Air Vigilance (AV) is a software intensive Automated Information System (AIS) program with specialized hardware. The AV systems collect critical intelligence data on emerging threat systems. The collected intelligence data provides early warning of enemy operations to ensure force protection. An AV system is comprised of a server configured and fielded with a single or multiple sensors. The original AV Basis of Issue Plan (BOIP); per requirements in Capability Drops (CDs) 1, 2, and 3; was based upon the Full Deployment (FD) of 10 servers and 39 sensors in various combinations/ configurations to the Intelligence and Security Command (INSCOM) Military Intelligence Brigades. In December 2021, the Army updated the AV program BOIP to include the twelve (12) sensors procured to support JUONS 0576, bringing the AV program sensor total to 51. The AV CD 4 requirements were validated in late FY 2021. The program will develop one (1) CD 4 transportable variant that will reduce risk and inform a possible FORSCOM increment 2. Continued deployment of Pre-Planned Product Improvement (P3I) Green Falcon version 3 (GFv3) and Tech Refresh of GFv2 adds enhanced capabilities that will pace the threat. The capabilities of the GFv3 system will be integrated into the CD 4 transportable variant.</proc:Description>
        <proc:Justification>Discretionary:

FY 2026 Base procurement dollars in the amount of $9.731 million procures 4 each Air Vigilance Green Falcon v3 (GFv3), provide for fielding and four (4) New Equipment Training for GFv3, and provide Pre-Planned Product improvement (P3I) (through four (4) Green Falcon v3 hardware and four (4) Green Falcon v2 Tech Refresh hardware on existing sensors) to the sensor/processor of Capability Drop 3 configuration.

Mandatory:

FY 2026 request for Air Vigilance includes $9,731 thousand of discretionary and $3,100 thousand of mandatory  (reconciliation) for a total of $12,831 thousand. The mandatory funds procure an additional one-each (1) Iron Quest Expeditionary kit and two-each (2) Iron Neptune kit (detail description classified).  Further information for this reconciliation request is provided in Section 20005 (Low-Cost Weapons) of the Reconciliation Exhibit.</proc:Justification>
        <proc:ItemExhibitList>
            <proc:P5Item>
                <proc:Name>AIR VIGILANCE (AV)</proc:Name>
                <proc:ItemNumber>W60001</proc:ItemNumber>
                <proc:IdCode>A</proc:IdCode>
                <proc:SecondaryDistribution>
                    <proc:ComponentList>
                        <proc:Component>
                            <proc:Name>Army Active</proc:Name>
                            <proc:Cost>
                                <proc:Quantity>
                                    <proc:PriorYear>3</proc:PriorYear>
                                    <proc:CurrentYear>4</proc:CurrentYear>
                                    <proc:BudgetYearOneBase>4</proc:BudgetYearOneBase>
                                    <proc:BudgetYearOne>4</proc:BudgetYearOne>
                                </proc:Quantity>
                                <proc:TotalCost>
                                    <proc:PriorYear>6.641</proc:PriorYear>
                                    <proc:CurrentYear>9.956</proc:CurrentYear>
                                    <proc:BudgetYearOneBase>9.731</proc:BudgetYearOneBase>
                                    <proc:BudgetYearOne>9.731</proc:BudgetYearOne>
                                </proc:TotalCost>
                            </proc:Cost>
                        </proc:Component>
                    </proc:ComponentList>
                </proc:SecondaryDistribution>
                <proc:Remarks>In December 2021, the Army updated the Air Vigilance (AV) program Basis of Issue Plan (BOIP) to 51 sensors and 10 servers. The updated BOIP includes the 33 sensors procured as a program and 18 sensors procured through multiple Operational Needs Statements outside the parameters of the program.  The TENCAP plan is to upgrade/replace all of the 51 existing sensors with Pre-Planned Product Improvements over the coming years, as budget will support, in order to pace the ever-evolving threat.

The TENCAP plan is to upgrade/replace all of the 51 existing Green Falcon version 2 (GFv2) sensors with Pre-Planned Product Improvements and Pure Fleet Replacement (one-for-one) with GFv3 over the coming years, as budget will support, in order to pace the ever-evolving threat.</proc:Remarks>
                <proc:ResourceSummary>
                    <proc:Quantity>
                        <proc:AllPriorYears>8</proc:AllPriorYears>
                        <proc:PriorYear>3</proc:PriorYear>
                        <proc:CurrentYear>4</proc:CurrentYear>
                        <proc:BudgetYearOneBase>4</proc:BudgetYearOneBase>
                        <proc:BudgetYearOne>4</proc:BudgetYearOne>
                    </proc:Quantity>
                    <proc:TotalCost>
                        <proc:AllPriorYears>66.105</proc:AllPriorYears>
                        <proc:PriorYear>6.641</proc:PriorYear>
                        <proc:CurrentYear>9.956</proc:CurrentYear>
                        <proc:BudgetYearOneBase>9.731</proc:BudgetYearOneBase>
                        <proc:BudgetYearOne>9.731</proc:BudgetYearOne>
                    </proc:TotalCost>
                    <proc:UnitCost>
                        <proc:AllPriorYears>8263.125</proc:AllPriorYears>
                        <proc:PriorYear>2213.667</proc:PriorYear>
                        <proc:CurrentYear>2489</proc:CurrentYear>
                        <proc:BudgetYearOneBase>2432.75</proc:BudgetYearOneBase>
                        <proc:BudgetYearOne>2432.75</proc:BudgetYearOne>
                    </proc:UnitCost>
                    <proc:NetProcurementP1>
                        <proc:AllPriorYears>66.105</proc:AllPriorYears>
                        <proc:PriorYear>6.641</proc:PriorYear>
                        <proc:CurrentYear>9.956</proc:CurrentYear>
                        <proc:BudgetYearOneBase>9.731</proc:BudgetYearOneBase>
                        <proc:BudgetYearOne>9.731</proc:BudgetYearOne>
                    </proc:NetProcurementP1>
                    <proc:TotalObligationAuthority>
                        <proc:AllPriorYears>66.105</proc:AllPriorYears>
                        <proc:PriorYear>6.641</proc:PriorYear>
                        <proc:CurrentYear>9.956</proc:CurrentYear>
                        <proc:BudgetYearOneBase>9.731</proc:BudgetYearOneBase>
                        <proc:BudgetYearOne>9.731</proc:BudgetYearOne>
                    </proc:TotalObligationAuthority>
                </proc:ResourceSummary>
                <proc:CostElementCategoryList>
                    <proc:Hardware>
                        <proc:Recurring>
                            <proc:CostElementList>
                                <proc:CostElement>
                                    <proc:Name>Fielding and New Equipment Training</proc:Name>
                                    <proc:Cost>
                                        <proc:Quantity>
                                            <proc:AllPriorYears>14</proc:AllPriorYears>
                                            <proc:PriorYear>1</proc:PriorYear>
                                            <proc:CurrentYear>1</proc:CurrentYear>
                                            <proc:BudgetYearOneBase>1</proc:BudgetYearOneBase>
                                            <proc:BudgetYearOne>1</proc:BudgetYearOne>
                                        </proc:Quantity>
                                        <proc:TotalCost>
                                            <proc:AllPriorYears>6.148</proc:AllPriorYears>
                                            <proc:PriorYear>0.191</proc:PriorYear>
                                            <proc:CurrentYear>0.191</proc:CurrentYear>
                                            <proc:BudgetYearOneBase>0.148</proc:BudgetYearOneBase>
                                            <proc:BudgetYearOne>0.148</proc:BudgetYearOne>
                                        </proc:TotalCost>
                                        <proc:UnitCost>
                                            <proc:AllPriorYears>439.143</proc:AllPriorYears>
                                            <proc:PriorYear>191</proc:PriorYear>
                                            <proc:CurrentYear>191</proc:CurrentYear>
                                            <proc:BudgetYearOneBase>148</proc:BudgetYearOneBase>
                                            <proc:BudgetYearOne>148</proc:BudgetYearOne>
                                        </proc:UnitCost>
                                    </proc:Cost>
                                    <proc:AllPriorYearsDeliveries>14</proc:AllPriorYearsDeliveries>
                                    <proc:ManufacturerList>
                                        <proc:Manufacturer>
                                            <proc:Name>Classified</proc:Name>
                                            <proc:Location>Classified</proc:Location>
                                            <proc:HistoryPlanningList>
                                                <proc:HistoryPlanning>
                                                    <proc:FiscalYear>2025</proc:FiscalYear>
                                                    <proc:PCOLocation>Classified</proc:PCOLocation>
                                                    <proc:AwardDate>2025-03</proc:AwardDate>
                                                    <proc:FirstDeliveryDate>2025-09</proc:FirstDeliveryDate>
                                                    <proc:Quantity>1</proc:Quantity>
                                                    <proc:UnitCost>191</proc:UnitCost>
                                                    <proc:SpecsAvailableNow>false</proc:SpecsAvailableNow>
                                                    <proc:ContractMethod>Option</proc:ContractMethod>
                                                    <proc:ContractType>CPAF</proc:ContractType>
                                                </proc:HistoryPlanning>
                                                <proc:HistoryPlanning>
                                                    <proc:FiscalYear>2026</proc:FiscalYear>
                                                    <proc:PCOLocation>Classified</proc:PCOLocation>
                                                    <proc:AwardDate>2026-03</proc:AwardDate>
                                                    <proc:FirstDeliveryDate>2026-09</proc:FirstDeliveryDate>
                                                    <proc:Quantity>1</proc:Quantity>
                                                    <proc:UnitCost>148</proc:UnitCost>
                                                    <proc:SpecsAvailableNow>false</proc:SpecsAvailableNow>
                                                    <proc:ContractMethod>Option</proc:ContractMethod>
                                                    <proc:ContractType>CPAF</proc:ContractType>
                                                </proc:HistoryPlanning>
                                            </proc:HistoryPlanningList>
                                        </proc:Manufacturer>
                                    </proc:ManufacturerList>
                                </proc:CostElement>
                                <proc:CostElement>
                                    <proc:Name>Systems Engineering</proc:Name>
                                    <proc:Cost>
                                        <proc:Quantity>
                                            <proc:AllPriorYears>7</proc:AllPriorYears>
                                        </proc:Quantity>
                                        <proc:TotalCost>
                                            <proc:AllPriorYears>11.62</proc:AllPriorYears>
                                        </proc:TotalCost>
                                        <proc:UnitCost>
                                            <proc:AllPriorYears>1660</proc:AllPriorYears>
                                        </proc:UnitCost>
                                    </proc:Cost>
                                </proc:CostElement>
                            </proc:CostElementList>
                            <proc:CategorySubtotal>
                                <proc:TotalCost>
                                    <proc:AllPriorYears>17.768</proc:AllPriorYears>
                                    <proc:PriorYear>0.191</proc:PriorYear>
                                    <proc:CurrentYear>0.191</proc:CurrentYear>
                                    <proc:BudgetYearOneBase>0.148</proc:BudgetYearOneBase>
                                    <proc:BudgetYearOne>0.148</proc:BudgetYearOne>
                                </proc:TotalCost>
                            </proc:CategorySubtotal>
                        </proc:Recurring>
                        <proc:NonRecurring>
                            <proc:CostElementList>
                                <proc:CostElement>
                                    <proc:Name>Sensor</proc:Name>
                                    <proc:Cost>
                                        <proc:Quantity>
                                            <proc:AllPriorYears>41</proc:AllPriorYears>
                                            <proc:PriorYear>3</proc:PriorYear>
                                            <proc:CurrentYear>4</proc:CurrentYear>
                                            <proc:BudgetYearOneBase>4</proc:BudgetYearOneBase>
                                            <proc:BudgetYearOne>4</proc:BudgetYearOne>
                                        </proc:Quantity>
                                        <proc:TotalCost>
                                            <proc:AllPriorYears>35.216</proc:AllPriorYears>
                                            <proc:PriorYear>4.95</proc:PriorYear>
                                            <proc:CurrentYear>7.2</proc:CurrentYear>
                                            <proc:BudgetYearOneBase>7.46</proc:BudgetYearOneBase>
                                            <proc:BudgetYearOne>7.46</proc:BudgetYearOne>
                                        </proc:TotalCost>
                                        <proc:UnitCost>
                                            <proc:AllPriorYears>858.927</proc:AllPriorYears>
                                            <proc:PriorYear>1650</proc:PriorYear>
                                            <proc:CurrentYear>1800</proc:CurrentYear>
                                            <proc:BudgetYearOneBase>1865</proc:BudgetYearOneBase>
                                            <proc:BudgetYearOne>1865</proc:BudgetYearOne>
                                        </proc:UnitCost>
                                    </proc:Cost>
                                    <proc:AllPriorYearsDeliveries>33</proc:AllPriorYearsDeliveries>
                                    <proc:ManufacturerList>
                                        <proc:Manufacturer>
                                            <proc:Name>Classified</proc:Name>
                                            <proc:Location>Classified</proc:Location>
                                            <proc:HistoryPlanningList>
                                                <proc:HistoryPlanning>
                                                    <proc:FiscalYear>2022</proc:FiscalYear>
                                                    <proc:PCOLocation>Classified</proc:PCOLocation>
                                                    <proc:AwardDate>2022-03</proc:AwardDate>
                                                    <proc:FirstDeliveryDate>2022-09</proc:FirstDeliveryDate>
                                                    <proc:Quantity>5</proc:Quantity>
                                                    <proc:UnitCost>1650</proc:UnitCost>
                                                    <proc:SpecsAvailableNow>false</proc:SpecsAvailableNow>
                                                    <proc:ContractMethod>Option</proc:ContractMethod>
                                                    <proc:ContractType>CPAF</proc:ContractType>
                                                </proc:HistoryPlanning>
                                                <proc:HistoryPlanning>
                                                    <proc:FiscalYear>2023</proc:FiscalYear>
                                                    <proc:PCOLocation>Classified</proc:PCOLocation>
                                                    <proc:AwardDate>2023-03</proc:AwardDate>
                                                    <proc:FirstDeliveryDate>2023-09</proc:FirstDeliveryDate>
                                                    <proc:Quantity>3</proc:Quantity>
                                                    <proc:UnitCost>1650</proc:UnitCost>
                                                    <proc:SpecsAvailableNow>false</proc:SpecsAvailableNow>
                                                    <proc:ContractMethod>Option</proc:ContractMethod>
                                                    <proc:ContractType>CPAF</proc:ContractType>
                                                </proc:HistoryPlanning>
                                                <proc:HistoryPlanning>
                                                    <proc:FiscalYear>2024</proc:FiscalYear>
                                                    <proc:PCOLocation>Classified</proc:PCOLocation>
                                                    <proc:AwardDate>2024-03</proc:AwardDate>
                                                    <proc:FirstDeliveryDate>2024-09</proc:FirstDeliveryDate>
                                                    <proc:Quantity>3</proc:Quantity>
                                                    <proc:UnitCost>1650</proc:UnitCost>
                                                    <proc:SpecsAvailableNow>false</proc:SpecsAvailableNow>
                                                    <proc:ContractMethod>Option</proc:ContractMethod>
                                                    <proc:ContractType>CPAF</proc:ContractType>
                                                </proc:HistoryPlanning>
                                                <proc:HistoryPlanning>
                                                    <proc:FiscalYear>2025</proc:FiscalYear>
                                                    <proc:PCOLocation>Classified</proc:PCOLocation>
                                                    <proc:AwardDate>2025-03</proc:AwardDate>
                                                    <proc:FirstDeliveryDate>2025-09</proc:FirstDeliveryDate>
                                                    <proc:Quantity>4</proc:Quantity>
                                                    <proc:UnitCost>1800</proc:UnitCost>
                                                    <proc:SpecsAvailableNow>false</proc:SpecsAvailableNow>
                                                    <proc:ContractMethod>Option</proc:ContractMethod>
                                                    <proc:ContractType>CPAF</proc:ContractType>
                                                </proc:HistoryPlanning>
                                                <proc:HistoryPlanning>
                                                    <proc:FiscalYear>2026</proc:FiscalYear>
                                                    <proc:PCOLocation>Classified</proc:PCOLocation>
                                                    <proc:AwardDate>2026-03</proc:AwardDate>
                                                    <proc:FirstDeliveryDate>2026-09</proc:FirstDeliveryDate>
                                                    <proc:Quantity>4</proc:Quantity>
                                                    <proc:UnitCost>1865</proc:UnitCost>
                                                    <proc:SpecsAvailableNow>false</proc:SpecsAvailableNow>
                                                    <proc:ContractMethod>Option</proc:ContractMethod>
                                                    <proc:ContractType>CPAF</proc:ContractType>
                                                </proc:HistoryPlanning>
                                            </proc:HistoryPlanningList>
                                        </proc:Manufacturer>
                                    </proc:ManufacturerList>
                                </proc:CostElement>
                                <proc:CostElement>
                                    <proc:Name>System Server</proc:Name>
                                    <proc:Cost>
                                        <proc:Quantity>
                                            <proc:AllPriorYears>5</proc:AllPriorYears>
                                        </proc:Quantity>
                                        <proc:TotalCost>
                                            <proc:AllPriorYears>1.144</proc:AllPriorYears>
                                        </proc:TotalCost>
                                        <proc:UnitCost>
                                            <proc:AllPriorYears>228.8</proc:AllPriorYears>
                                        </proc:UnitCost>
                                    </proc:Cost>
                                </proc:CostElement>
                                <proc:CostElement>
                                    <proc:Name>Hardware Upgrades per CD enhancements/improvements</proc:Name>
                                    <proc:Cost>
                                        <proc:Quantity>
                                            <proc:AllPriorYears>17</proc:AllPriorYears>
                                            <proc:PriorYear>5</proc:PriorYear>
                                            <proc:CurrentYear>3</proc:CurrentYear>
                                            <proc:BudgetYearOneBase>4</proc:BudgetYearOneBase>
                                            <proc:BudgetYearOne>4</proc:BudgetYearOne>
                                        </proc:Quantity>
                                        <proc:TotalCost>
                                            <proc:AllPriorYears>11.977</proc:AllPriorYears>
                                            <proc:PriorYear>1.5</proc:PriorYear>
                                            <proc:CurrentYear>0.9</proc:CurrentYear>
                                            <proc:BudgetYearOneBase>1.2</proc:BudgetYearOneBase>
                                            <proc:BudgetYearOne>1.2</proc:BudgetYearOne>
                                        </proc:TotalCost>
                                        <proc:UnitCost>
                                            <proc:AllPriorYears>704.529</proc:AllPriorYears>
                                            <proc:PriorYear>300</proc:PriorYear>
                                            <proc:CurrentYear>300</proc:CurrentYear>
                                            <proc:BudgetYearOneBase>300</proc:BudgetYearOneBase>
                                            <proc:BudgetYearOne>300</proc:BudgetYearOne>
                                        </proc:UnitCost>
                                    </proc:Cost>
                                    <proc:AllPriorYearsDeliveries>17</proc:AllPriorYearsDeliveries>
                                    <proc:ManufacturerList>
                                        <proc:Manufacturer>
                                            <proc:Name>Classified</proc:Name>
                                            <proc:Location>Classified</proc:Location>
                                            <proc:HistoryPlanningList>
                                                <proc:HistoryPlanning>
                                                    <proc:FiscalYear>2026</proc:FiscalYear>
                                                    <proc:PCOLocation>Classified</proc:PCOLocation>
                                                    <proc:AwardDate>2026-03</proc:AwardDate>
                                                    <proc:FirstDeliveryDate>2026-09</proc:FirstDeliveryDate>
                                                    <proc:Quantity>4</proc:Quantity>
                                                    <proc:UnitCost>300</proc:UnitCost>
                                                    <proc:SpecsAvailableNow>false</proc:SpecsAvailableNow>
                                                    <proc:ContractMethod>Option</proc:ContractMethod>
                                                    <proc:ContractType>CPAF</proc:ContractType>
                                                </proc:HistoryPlanning>
                                            </proc:HistoryPlanningList>
                                        </proc:Manufacturer>
                                    </proc:ManufacturerList>
                                </proc:CostElement>
                                <proc:CostElement>
                                    <proc:Name>CD4 Hardware</proc:Name>
                                    <proc:Cost>
                                        <proc:Quantity>
                                            <proc:CurrentYear>1</proc:CurrentYear>
                                        </proc:Quantity>
                                        <proc:TotalCost>
                                            <proc:CurrentYear>0.514</proc:CurrentYear>
                                        </proc:TotalCost>
                                        <proc:UnitCost>
                                            <proc:CurrentYear>514</proc:CurrentYear>
                                        </proc:UnitCost>
                                    </proc:Cost>
                                </proc:CostElement>
                                <proc:CostElement>
                                    <proc:Name>Initial Spares V3</proc:Name>
                                    <proc:Cost>
                                        <proc:TotalCost>
                                            <proc:CurrentYear>1.151</proc:CurrentYear>
                                            <proc:BudgetYearOneBase>0.923</proc:BudgetYearOneBase>
                                            <proc:BudgetYearOne>0.923</proc:BudgetYearOne>
                                        </proc:TotalCost>
                                    </proc:Cost>
                                </proc:CostElement>
                            </proc:CostElementList>
                            <proc:CategorySubtotal>
                                <proc:TotalCost>
                                    <proc:AllPriorYears>48.337</proc:AllPriorYears>
                                    <proc:PriorYear>6.45</proc:PriorYear>
                                    <proc:CurrentYear>9.765</proc:CurrentYear>
                                    <proc:BudgetYearOneBase>9.583</proc:BudgetYearOneBase>
                                    <proc:BudgetYearOne>9.583</proc:BudgetYearOne>
                                </proc:TotalCost>
                            </proc:CategorySubtotal>
                        </proc:NonRecurring>
                        <proc:CategorySubtotal>
                            <proc:TotalCost>
                                <proc:AllPriorYears>66.105</proc:AllPriorYears>
                                <proc:PriorYear>6.641</proc:PriorYear>
                                <proc:CurrentYear>9.956</proc:CurrentYear>
                                <proc:BudgetYearOneBase>9.731</proc:BudgetYearOneBase>
                                <proc:BudgetYearOne>9.731</proc:BudgetYearOne>
                            </proc:TotalCost>
                        </proc:CategorySubtotal>
                    </proc:Hardware>
                </proc:CostElementCategoryList>
            </proc:P5Item>
        </proc:ItemExhibitList>
        <proc:DocumentAssemblyOptions>
            <proc:p40AItemScheduleSetting>item</proc:p40AItemScheduleSetting>
        </proc:DocumentAssemblyOptions>
    </proc:LineItem>
</proc:LineItemList>