<?xml version="1.0" encoding="UTF-8"?>
<proc:LineItemList xmlns:proc="http://www.dtic.mil/comptroller/xml/schema/20100219/procurement">
    <proc:LineItem quantityUnits="Each" quantityUnitName="Each" unitCostUnits="Thousands" totalCostUnits="Millions" manufacturerRateUnits="Monthly">
        <proc:LineItemNumber>7500K99300</proc:LineItemNumber>
        <proc:LineItemTitle>Mortar Fire Control System</proc:LineItemTitle>
        <proc:P1LineNumber>110</proc:P1LineNumber>
        <proc:BudgetYear>2026</proc:BudgetYear>
        <proc:BudgetCycle>PB</proc:BudgetCycle>
        <proc:SubmissionDate>2025-06</proc:SubmissionDate>
        <proc:ServiceAgencyName>Army</proc:ServiceAgencyName>
        <proc:AppropriationNumber>2035A</proc:AppropriationNumber>
        <proc:AppropriationTitle>Other Procurement, Army</proc:AppropriationTitle>
        <proc:BudgetActivityNumber>2</proc:BudgetActivityNumber>
        <proc:BudgetActivityTitle>Communications and Electronics Equipment</proc:BudgetActivityTitle>
        <proc:BudgetSubActivityNumber>86</proc:BudgetSubActivityNumber>
        <proc:BudgetSubActivityTitle>Elect Equip - Tactical Surv. (Tac Surv)</proc:BudgetSubActivityTitle>
        <proc:ResourceSummary>
            <proc:Quantity>
                <proc:AllPriorYears>106</proc:AllPriorYears>
                <proc:PriorYear>19</proc:PriorYear>
                <proc:CurrentYear>8</proc:CurrentYear>
                <proc:BudgetYearOneBase>3</proc:BudgetYearOneBase>
                <proc:BudgetYearOneOOC>1</proc:BudgetYearOneOOC>
                <proc:BudgetYearOne>4</proc:BudgetYearOne>
            </proc:Quantity>
            <proc:TotalCost>
                <proc:AllPriorYears>582.575</proc:AllPriorYears>
                <proc:PriorYear>8.024</proc:PriorYear>
                <proc:CurrentYear>4.66</proc:CurrentYear>
                <proc:BudgetYearOneBase>1.879</proc:BudgetYearOneBase>
                <proc:BudgetYearOneOOC>1.778</proc:BudgetYearOneOOC>
                <proc:BudgetYearOne>3.657</proc:BudgetYearOne>
            </proc:TotalCost>
            <proc:UnitCost>
                <proc:AllPriorYears>5495.991</proc:AllPriorYears>
                <proc:PriorYear>422.316</proc:PriorYear>
                <proc:CurrentYear>582.5</proc:CurrentYear>
                <proc:BudgetYearOneBase>626.333</proc:BudgetYearOneBase>
                <proc:BudgetYearOneOOC>1778</proc:BudgetYearOneOOC>
                <proc:BudgetYearOne>914.25</proc:BudgetYearOne>
            </proc:UnitCost>
            <proc:NetProcurementP1>
                <proc:AllPriorYears>582.575</proc:AllPriorYears>
                <proc:PriorYear>8.024</proc:PriorYear>
                <proc:CurrentYear>4.66</proc:CurrentYear>
                <proc:BudgetYearOneBase>1.879</proc:BudgetYearOneBase>
                <proc:BudgetYearOneOOC>1.778</proc:BudgetYearOneOOC>
                <proc:BudgetYearOne>3.657</proc:BudgetYearOne>
            </proc:NetProcurementP1>
            <proc:TotalObligationAuthority>
                <proc:AllPriorYears>582.575</proc:AllPriorYears>
                <proc:PriorYear>8.024</proc:PriorYear>
                <proc:CurrentYear>4.66</proc:CurrentYear>
                <proc:BudgetYearOneBase>1.879</proc:BudgetYearOneBase>
                <proc:BudgetYearOneOOC>1.778</proc:BudgetYearOneOOC>
                <proc:BudgetYearOne>3.657</proc:BudgetYearOne>
            </proc:TotalObligationAuthority>
        </proc:ResourceSummary>
        <proc:Code>A</proc:Code>
        <proc:SecondaryDistribution>
            <proc:ComponentList>
                <proc:Component>
                    <proc:Name>Army Active</proc:Name>
                    <proc:Cost>
                        <proc:Quantity>
                            <proc:PriorYear>19</proc:PriorYear>
                            <proc:CurrentYear>8</proc:CurrentYear>
                            <proc:BudgetYearOneBase>3</proc:BudgetYearOneBase>
                            <proc:BudgetYearOneOOC>1</proc:BudgetYearOneOOC>
                            <proc:BudgetYearOne>4</proc:BudgetYearOne>
                        </proc:Quantity>
                        <proc:TotalCost>
                            <proc:PriorYear>8.024</proc:PriorYear>
                            <proc:CurrentYear>4.66</proc:CurrentYear>
                            <proc:BudgetYearOneBase>1.879</proc:BudgetYearOneBase>
                            <proc:BudgetYearOneOOC>1.778</proc:BudgetYearOneOOC>
                            <proc:BudgetYearOne>3.657</proc:BudgetYearOne>
                        </proc:TotalCost>
                    </proc:Cost>
                </proc:Component>
            </proc:ComponentList>
            <proc:TotalCost>
                <proc:Quantity>
                    <proc:PriorYear>19</proc:PriorYear>
                    <proc:CurrentYear>8</proc:CurrentYear>
                    <proc:BudgetYearOneBase>3</proc:BudgetYearOneBase>
                    <proc:BudgetYearOneOOC>1</proc:BudgetYearOneOOC>
                    <proc:BudgetYearOne>4</proc:BudgetYearOne>
                </proc:Quantity>
                <proc:TotalCost>
                    <proc:PriorYear>8.024</proc:PriorYear>
                    <proc:CurrentYear>4.66</proc:CurrentYear>
                    <proc:BudgetYearOneBase>1.879</proc:BudgetYearOneBase>
                    <proc:BudgetYearOneOOC>1.778</proc:BudgetYearOneOOC>
                    <proc:BudgetYearOne>3.657</proc:BudgetYearOne>
                </proc:TotalCost>
            </proc:TotalCost>
        </proc:SecondaryDistribution>
        <proc:Description>The Mortar Fire Control System (MFCS) accurately determines weapon position and orientation, navigates, calculates ballistics, and communicates digitally on the Fire Support Network. MFCS improves the accuracy of the 120mm mortar system from 138 meters Circular Error Probable (CEP) to 75 meters CEP allowing for first round fire for effect. MFCS increases survivability of mortar crews by eliminating the need for soldiers to dismount the vehicle to lay out aiming posts. MFCS also adds digital connectivity to Joint Battle Command-Platform (JBC-P). MFCS consists of the M95/M96 versions that are used on mounted 120mm Mortar systems in Armored Brigade Combat Teams (ABCTs) and Stryker Brigade Combat Teams (SBCTs), and the M150/M151 versions used on the M120A1 120mm Towed Mortar systems that are fielded throughout all Infantry Brigade Combat Teams (IBCTs). Both the M95 and M150 consist of five main components: 1) Fire Control Computer (FCC), which links the MFCS components together, communicates, and calculates the ballistic solutions; 2) Tactical Advanced Land Inertial Navigator (TALIN), which is the pointing device and position system that provides the weapon's position, pointing azimuth and elevation; 3) Gunner's Display (GD), which shows the gunner where to point the tube and displays the weapon's azimuth, elevation, and ballistic firing solution; 4) Driver's Display (DD), used with the M95 only, which provides a "steer-to" display to aid in navigation and emplacement of the vehicle; and 5) Power Distribution Assembly/Enhanced Power Distribution Assembly, which filters vehicle power and acts as a circuit breaker by isolating MFCS line replaceable units from power fluctuations and surges.

Overseas Operations Costs (OOC) funds this requirement in FY 2026.</proc:Description>
        <proc:Justification>FY 2026 funding total includes $1.879 million for Base and $1.778 million for Enduring Costs in the Base Budget for a total of four (4) each full systems.

Fiscal Year (FY) 2026 Base procurement dollars in the amount of $1.879 million will support the procurement of two (2) each M95 Mortar Fire Control Systems (MFCS) and one (1) each M96 MFCS for the Armored Multipurpose Vehicles (AMPVs), including support costs for software, logistics, fielding, and production engineering. The equipment will be fielded to Armored Brigade Combat Teams (ABCTs) to support "Grow the Army" requirements.

FY 2026 Base procurement dollars in the amount of $1.778 million will support the procurement of one (1) each M96 MFCS for AMPVs in support of Operation Atlantic Resolve (OAR). This is a decrease of $0.026 million from the FY 2025 requested level. These items are all critical items in support of deployed units' ongoing military operations.

Overseas Operations Costs (OOC) funds this requirement in the amount of $1.778 million for FY 2026 Budget Estimate. Overseas Operations Costs (OOC) are those financed with former Overseas Contingency Operations (OCO) funding.</proc:Justification>
        <proc:DocumentAssemblyOptions>
            <proc:p40AItemScheduleSetting>item</proc:p40AItemScheduleSetting>
        </proc:DocumentAssemblyOptions>
    </proc:LineItem>
</proc:LineItemList>