<?xml version="1.0" encoding="UTF-8"?>
<proc:LineItemList xmlns:proc="http://www.dtic.mil/comptroller/xml/schema/20100219/procurement">
    <proc:LineItem quantityUnits="Each" quantityUnitName="Each" unitCostUnits="Thousands" totalCostUnits="Millions" manufacturerRateUnits="Yearly">
        <proc:LineItemNumber>9705BA9301</proc:LineItemNumber>
        <proc:LineItemTitle>Network Management Initialization and Services</proc:LineItemTitle>
        <proc:P1LineNumber>119</proc:P1LineNumber>
        <proc:BudgetYear>2026</proc:BudgetYear>
        <proc:BudgetCycle>PB</proc:BudgetCycle>
        <proc:SubmissionDate>2025-06</proc:SubmissionDate>
        <proc:ServiceAgencyName>Army</proc:ServiceAgencyName>
        <proc:AppropriationNumber>2035A</proc:AppropriationNumber>
        <proc:AppropriationTitle>Other Procurement, Army</proc:AppropriationTitle>
        <proc:BudgetActivityNumber>2</proc:BudgetActivityNumber>
        <proc:BudgetActivityTitle>Communications and Electronics Equipment</proc:BudgetActivityTitle>
        <proc:BudgetSubActivityNumber>89</proc:BudgetSubActivityNumber>
        <proc:BudgetSubActivityTitle>Elect Equip - Tactical C2 Systems</proc:BudgetSubActivityTitle>
        <proc:ResourceSummary>
            <proc:Quantity>
                <proc:AllPriorYears>2603</proc:AllPriorYears>
                <proc:PriorYear>1725</proc:PriorYear>
            </proc:Quantity>
            <proc:TotalCost>
                <proc:AllPriorYears>462.202</proc:AllPriorYears>
                <proc:PriorYear>37.194</proc:PriorYear>
                <proc:CurrentYear>48.994</proc:CurrentYear>
                <proc:BudgetYearOneBase>244.403</proc:BudgetYearOneBase>
                <proc:BudgetYearOne>244.403</proc:BudgetYearOne>
            </proc:TotalCost>
            <proc:UnitCost>
                <proc:AllPriorYears>177.565</proc:AllPriorYears>
                <proc:PriorYear>21.562</proc:PriorYear>
            </proc:UnitCost>
            <proc:NetProcurementP1>
                <proc:AllPriorYears>462.202</proc:AllPriorYears>
                <proc:PriorYear>37.194</proc:PriorYear>
                <proc:CurrentYear>48.994</proc:CurrentYear>
                <proc:BudgetYearOneBase>244.403</proc:BudgetYearOneBase>
                <proc:BudgetYearOne>244.403</proc:BudgetYearOne>
            </proc:NetProcurementP1>
            <proc:TotalObligationAuthority>
                <proc:AllPriorYears>462.202</proc:AllPriorYears>
                <proc:PriorYear>37.194</proc:PriorYear>
                <proc:CurrentYear>48.994</proc:CurrentYear>
                <proc:BudgetYearOneBase>244.403</proc:BudgetYearOneBase>
                <proc:BudgetYearOne>244.403</proc:BudgetYearOne>
            </proc:TotalObligationAuthority>
        </proc:ResourceSummary>
        <proc:SecondaryDistribution>
            <proc:ComponentList>
                <proc:Component>
                    <proc:Name>Army Active</proc:Name>
                    <proc:Cost>
                        <proc:Quantity>
                            <proc:PriorYear>1259</proc:PriorYear>
                        </proc:Quantity>
                        <proc:TotalCost>
                            <proc:PriorYear>30.208</proc:PriorYear>
                            <proc:CurrentYear>48.994</proc:CurrentYear>
                            <proc:BudgetYearOneBase>244.403</proc:BudgetYearOneBase>
                            <proc:BudgetYearOne>244.403</proc:BudgetYearOne>
                        </proc:TotalCost>
                    </proc:Cost>
                </proc:Component>
                <proc:Component>
                    <proc:Name>Army National Guard</proc:Name>
                    <proc:Cost>
                        <proc:Quantity>
                            <proc:PriorYear>380</proc:PriorYear>
                        </proc:Quantity>
                        <proc:TotalCost>
                            <proc:PriorYear>5.697</proc:PriorYear>
                        </proc:TotalCost>
                    </proc:Cost>
                </proc:Component>
                <proc:Component>
                    <proc:Name>Army Reserve</proc:Name>
                    <proc:Cost>
                        <proc:Quantity>
                            <proc:PriorYear>86</proc:PriorYear>
                        </proc:Quantity>
                        <proc:TotalCost>
                            <proc:PriorYear>1.289</proc:PriorYear>
                        </proc:TotalCost>
                    </proc:Cost>
                </proc:Component>
            </proc:ComponentList>
            <proc:TotalCost>
                <proc:Quantity>
                    <proc:PriorYear>1725</proc:PriorYear>
                </proc:Quantity>
                <proc:TotalCost>
                    <proc:PriorYear>37.194</proc:PriorYear>
                    <proc:CurrentYear>48.994</proc:CurrentYear>
                    <proc:BudgetYearOneBase>244.403</proc:BudgetYearOneBase>
                    <proc:BudgetYearOne>244.403</proc:BudgetYearOne>
                </proc:TotalCost>
            </proc:TotalCost>
        </proc:SecondaryDistribution>
        <proc:Description>This funding supports the Army's Next Generation Command Control (NGC2) initiative to modernize the Command and Control (C2) systems Infrastructure Layer to secure battlefield superiority. NGC2 is one of the Army's highest modernization priorities and will enhance the Army's ability to conduct multi-domain operations by integrating advanced technologies, improving interoperability, and increasing the speed and accuracy of decision-making processes.

The Network Management Initialization and Services (NMIS) program supports the Army's objective of an integrated Network Operations capability. There are four components to the program:

Joint Network Management System (JNMS), B99318, this specific funding supports Joint and Next Generation Command and Control (NGC2) initiatives to modernize Command and Control (C2) systems.
The JNMS project provides training and logistics activities for Joint Enterprise Network Manager (JENM) / Joint Network Management Software planning applications and radio planner prototyping efforts, which provide Lower Tactical Tier Network planning, configuration, monitoring and troubleshooting and other Army Capability Manager (ACM) approved applications supporting the Unified Network (UN) and its emerging requirements. JNMS funding provides critical support to all Army warfighting functions Division/Brigade Combat Teams (BCTs), U.S. Army support elements, ITN experimental units, and Security Forces Assistance Brigades (SFABs).

Network Management Systems (NMS), BA9312: FY 2025 and beyond Base dollars have been realigned to Networked Radio Planners BU8100 / B98112 funding line.

Unified Network Operations (UNO), B99418:
This project supports the Army's NGC2 Infrastructure Layer by providing the infrastructure, services and support critical to establishing a unified, network-centric battlefield that empowers commanders with unprecedented situational awareness and control, enabling rapid planning, resource allocation, and execution through robust applications, infrastructure, and resilient communication networks. The Army's NGC2 initiative fundamentally transforms Army operations by moving beyond isolated systems to integrate all warfighting functions - Command and Control (C2), Information Advantage, Movement and Maneuver, Intelligence, Fires, Protection, Sustainment, and Network Operations (NetOps) - into a cohesive ecosystem.

This integrated approach empowers commanders with unprecedented situational awareness and control, enabling rapid planning, resource allocation, and execution through robust applications, infrastructure, and resilient communication networks. Built upon a Zero Trust Architecture, NGC2 will continuously verify all users and devices before granting access to resources, minimizing the impact of potential breaches, and ensuring data integrity across the NGC2 environment.

Data Products, BA9315:
This project supports the NGC2 Infrastructure Layer. Data Products are a critical component in enabling the following 5 capabilities: (1) a converged Mission Command Network that operates seamlessly worldwide in any environment; (2) end-to-end network centric connectivity and interoperability across the Mission Command Network by enforcing and implementing standards-based technologies and providing the device configuration instructions required by digital systems to communicate with each other; (3) the integration of disparate networks/systems capabilities across multiple domains and environments; (4) network resiliency through path diversity and dynamic routing to ensure tactical units can communicate in hostile environments; (5) the planning and initialization of combat systems which enable and/or enhance capabilities such as Command and Control, Common Operational Picture, Long Range Precision Fires, Next Generation Combat Vehicles, Future Vertical Lift, Army Network, Air and Missile Defense, and Soldier Lethality. AAO is N/A.</proc:Description>
        <proc:Justification>FY 2026 funding in the amount of $244.403 million represents Army funding prioritization and consolidation to support the Next Generation Command and Control (NGC2) initiative to modernize command and control (C2) systems. Base procurement dollars supports the following NGC2 Infrastructure Layer efforts:

Joint Network Management Systems (JNMS), B99318:
FY 2026 Base dollars in the amount of $1.967 million funds Field Support Engineering (FSE) personnel training and logistics to support Soldiers' ability to plan, configure, monitor, manage, and sustain the radio network. JNMS will utilize Network Management Reference Implementation Laboratory (NM RIL) for help desk support, software updates, and software integration onto the deployed hardware platform.

Network Management Systems (NMS), BA9312:
FY 2025 and beyond Base dollars have been realigned to Networked Radio Planners BU8100 / B98112 funding line.

Unified Network Operations (UNO), B99418:
FY 2026 Base dollars in the amount of $233.345 million provides soldiers with Army's NGC2 Infrastructure Layer, which deploys, enables and supports critical warfighting functions and network operations capabilities (developed under PE 0604818A / Army Tactical Command &amp; Control Hardware &amp; Software, Project EJ6 and EK9).  Includes C2 Infrastructure Program Management / Systems Engineering, C2 Infrastructure Component Hardware, Software Licensing and Support, Software Deployment Platform and Support, and Post Deployment Software Sustainment (PDSS).

The NGC2 Infrastructure Layer capabilities will minimize reliance on manual intervention, high-signature infrastructure, and wired connections, maximizing relative decision advantage through a streamlined, low-infrastructure network that delivers  crucial information tailored to operational requirements and empowers commanders to right-size data use and accelerate decision-making at all echelons.

Data Products, BA9315:
FY 2026 Base dollars in the amount of $9.091 million provides government support services, and contractor support services to conduct the activities required to create Data Products in support of the entire Mission Command Network, across multiple software versions, to include current baselines, baselines in sustainment, and emerging or future baselines. Data Products are a vital element to achieve multiple objectives within the Army by enabling Command and Control (C2) capabilities in support of Army 2030/2040 initiatives, Network modernization and experimentation, and the 2024 Army Force Structure Transformation Initiative. Data Products are created in accordance with HQ DA G3/5/7 priorities, stakeholder requirements, and other top Army priorities for deployment, training, and reset. Additionally, Data Products dollars also fund continual modernization of Automated Initialization Manager (AIM) and Initialization Tool Suite (ITS) to integrate new or emerging requirements and capabilities, update training, and provide technical support of the entire Data Product portfolio. AIM is the tool utilized to create and manage Data Products while the ITS capability allows Soldiers the necessary flexibility to customize the Data Product to meet Commander's intent or mission requirements. Historical trends show growth in Data Product requirements, complexity, and quantity as the Mission Command Network continues to evolve. Data Products are an essential part in achieving interoperability across multiple domains, environments, disparate networks/systems capabilities, enabling tactical digital messaging such as Variable Messaging Format (VMF), enabling and informing the Common Operational Picture (COP) and other automated C2 functions.

In accordance with Section 1815 of the FY 2008 National Defense Authorization Act (P.L. 110-181), this item is necessary for use by the active and reserve components of the Armed Forces for homeland defense missions, domestic emergency responses, and providing military support to civil authorities.</proc:Justification>
        <proc:ItemExhibitList>
            <proc:P5Item>
                <proc:Name>Joint Network Management System</proc:Name>
                <proc:ItemNumber>B99318</proc:ItemNumber>
                <proc:SecondaryDistribution>
                    <proc:ComponentList>
                        <proc:Component>
                            <proc:Name>Army Active</proc:Name>
                            <proc:Cost>
                                <proc:TotalCost>
                                    <proc:PriorYear>1.987</proc:PriorYear>
                                    <proc:CurrentYear>2.01</proc:CurrentYear>
                                    <proc:BudgetYearOneBase>1.967</proc:BudgetYearOneBase>
                                    <proc:BudgetYearOne>1.967</proc:BudgetYearOne>
                                </proc:TotalCost>
                            </proc:Cost>
                        </proc:Component>
                    </proc:ComponentList>
                </proc:SecondaryDistribution>
                <proc:Remarks>Field Support Engineering (FSE) personnel provide training and logistics support for soldiers' ability to plan, configure, monitor, manage, and sustain the Joint Enterprise Network Manager (JENM) / Joint Network Management Software radio network. Network Management Reference Implementation Laboratory (NM RIL) provides help desk support, software and integration updates, and software integration onto the deployed hardware platform.</proc:Remarks>
                <proc:ResourceSummary>
                    <proc:TotalCost>
                        <proc:AllPriorYears>6.201</proc:AllPriorYears>
                        <proc:PriorYear>1.987</proc:PriorYear>
                        <proc:CurrentYear>2.01</proc:CurrentYear>
                        <proc:BudgetYearOneBase>1.967</proc:BudgetYearOneBase>
                        <proc:BudgetYearOne>1.967</proc:BudgetYearOne>
                    </proc:TotalCost>
                    <proc:NetProcurementP1>
                        <proc:AllPriorYears>6.201</proc:AllPriorYears>
                        <proc:PriorYear>1.987</proc:PriorYear>
                        <proc:CurrentYear>2.01</proc:CurrentYear>
                        <proc:BudgetYearOneBase>1.967</proc:BudgetYearOneBase>
                        <proc:BudgetYearOne>1.967</proc:BudgetYearOne>
                    </proc:NetProcurementP1>
                    <proc:TotalObligationAuthority>
                        <proc:AllPriorYears>6.201</proc:AllPriorYears>
                        <proc:PriorYear>1.987</proc:PriorYear>
                        <proc:CurrentYear>2.01</proc:CurrentYear>
                        <proc:BudgetYearOneBase>1.967</proc:BudgetYearOneBase>
                        <proc:BudgetYearOne>1.967</proc:BudgetYearOne>
                    </proc:TotalObligationAuthority>
                </proc:ResourceSummary>
                <proc:CostElementCategoryList>
                    <proc:Support>
                        <proc:CostElementList>
                            <proc:CostElement>
                                <proc:Name>Services</proc:Name>
                                <proc:Cost>
                                    <proc:TotalCost>
                                        <proc:AllPriorYears>6.201</proc:AllPriorYears>
                                        <proc:PriorYear>1.987</proc:PriorYear>
                                        <proc:CurrentYear>2.01</proc:CurrentYear>
                                        <proc:BudgetYearOneBase>1.967</proc:BudgetYearOneBase>
                                        <proc:BudgetYearOne>1.967</proc:BudgetYearOne>
                                    </proc:TotalCost>
                                </proc:Cost>
                            </proc:CostElement>
                        </proc:CostElementList>
                        <proc:CategorySubtotal>
                            <proc:TotalCost>
                                <proc:AllPriorYears>6.201</proc:AllPriorYears>
                                <proc:PriorYear>1.987</proc:PriorYear>
                                <proc:CurrentYear>2.01</proc:CurrentYear>
                                <proc:BudgetYearOneBase>1.967</proc:BudgetYearOneBase>
                                <proc:BudgetYearOne>1.967</proc:BudgetYearOne>
                            </proc:TotalCost>
                        </proc:CategorySubtotal>
                        <proc:Name>Training</proc:Name>
                    </proc:Support>
                </proc:CostElementCategoryList>
            </proc:P5Item>
            <proc:P5Item>
                <proc:Name>UNIFIED NETWORK OPERATIONS (UNO)</proc:Name>
                <proc:ItemNumber>B99418</proc:ItemNumber>
                <proc:SecondaryDistribution>
                    <proc:ComponentList>
                        <proc:Component>
                            <proc:Name>Army Active</proc:Name>
                            <proc:Cost>
                                <proc:TotalCost>
                                    <proc:CurrentYear>37.695</proc:CurrentYear>
                                    <proc:BudgetYearOneBase>233.345</proc:BudgetYearOneBase>
                                    <proc:BudgetYearOne>233.345</proc:BudgetYearOne>
                                </proc:TotalCost>
                            </proc:Cost>
                        </proc:Component>
                    </proc:ComponentList>
                </proc:SecondaryDistribution>
                <proc:Remarks>To advance the Army's Next Generation Command and Control (NGC2) initiative to modernize command and control (C2) systems, $233.345 million in FY 2026 B99418 funds will provide soldiers with the NGC2 Infrastructure Layer, which deploys, enables and supports critical warfighting functions and network operations capabilities (developed under PE 0604818A / Army Tactical Command and Control Hardware &amp; Software, Project EK9), including NGC2 Infrastructure Layer Program Management/Systems Engineering, C2 Infrastructure Component Hardware, Software Licensing and Support, Software Deployment Platform and Support, and Post Deployment Software Sustainment (PDSS).
FY26 cost elements were renamed to align with Army's NGC2 initiative:
- Program Management/Systems Engineering renamed C2 Infrastructure Program Management/Systems Engineering
- UNO Lower-Tier Tactical (LTT) SW Licensing and Support, UNO Upper-Tier Tactical (UTT) SW Licensing and Support, and UNO Tactical ICAM (T-ICAM) SW Licensing and Support combined and renamed C2 Infrastructure SW Licensing and Support 
- Multi-Factor Authentication Hardware - Token renamed C2 Infrastructure Component HW 
- Software Deployment and Help Desk Support cost elements combined and renamed C2 Infrastructure Software Deployment Platform and Support

FY26 C2 Infrastructure Program Management/Systems Engineering funds provide for program management office (PMO) activities and systems engineering support to ensure NGC2 Infrastructure Layer maintains cost, schedule, and performance parameters. FY26 cost increase represents Army funding prioritization and realignment in support of the NGC2 Infrastructure Layer and reflects expanded system complexity, new compliance and capability requirements, and elevated integration and risk management demands necessitating greater technical oversight and coordination.

FY26 C2 Infrastructure Component HW funds provide for the procurement of HW components that are not currently procured by other programs/other funding lines and where NGC2 SW has a requirement to be hosted. This includes the procurement of cloud services, tokens, and ancillary equipment. FY26 HW quantities support SW integration and will not be reflected in the COMPO Quantities on the P-40. FY26 cost increase is due to accelerating capability deployment to prioritized units across echelons at speed and scale to the Warfighter.

FY26 C2 Infrastructure SW Licensing and Support funds provide for the procurement of SW licenses and support for NGC2 Infrastructure Layer users across echelons. FY26 cost increase represents Army funding prioritization and realignment in support of the NGC2 Infrastructure Layer and reflects acceleration of capability deployment to prioritized units across echelons at speed and scale to the Warfighter, integration with additional systems, and  the need for enhanced cybersecurity, verification, and compliance with updated SW development standards.

FY26 C2 Infrastructure Software Deployment Platform and Support funds provide for the procurement of SW deployment platform and support, technical data, and help desk support. FY26 cost increase represents Army funding prioritization and realignment in support of the NGC2 Infrastructure Layer and reflects expanded supportability requirements and deployment planning to ensure reliable and timely field support.

FY26 C2 Infrastructure PDSS funds provide for critical SW support activities that occur after the deployment of the system that enables the continual operations and deployment of updated SW through the mitigation of Cyber vulnerabilities and integration and configuration management of improvements into releasable builds. FY26 cost increase represents Army funding prioritization and realignment in support of the NGC2 Infrastructure Layer and reflects requirements for ongoing updates, cybersecurity patching, performance monitoring, and user support to ensure sustained system effectiveness and compliance throughout the SW lifecycle.</proc:Remarks>
                <proc:ResourceSummary>
                    <proc:TotalCost>
                        <proc:CurrentYear>37.695</proc:CurrentYear>
                        <proc:BudgetYearOneBase>233.345</proc:BudgetYearOneBase>
                        <proc:BudgetYearOne>233.345</proc:BudgetYearOne>
                    </proc:TotalCost>
                    <proc:NetProcurementP1>
                        <proc:CurrentYear>37.695</proc:CurrentYear>
                        <proc:BudgetYearOneBase>233.345</proc:BudgetYearOneBase>
                        <proc:BudgetYearOne>233.345</proc:BudgetYearOne>
                    </proc:NetProcurementP1>
                    <proc:TotalObligationAuthority>
                        <proc:CurrentYear>37.695</proc:CurrentYear>
                        <proc:BudgetYearOneBase>233.345</proc:BudgetYearOneBase>
                        <proc:BudgetYearOne>233.345</proc:BudgetYearOne>
                    </proc:TotalObligationAuthority>
                </proc:ResourceSummary>
                <proc:CostElementCategoryList>
                    <proc:Flyaway>
                        <proc:Recurring>
                            <proc:CostElementList>
                                <proc:CostElement>
                                    <proc:Name>Program Management / Systems Engineering</proc:Name>
                                    <proc:Cost>
                                        <proc:TotalCost>
                                            <proc:CurrentYear>1.749</proc:CurrentYear>
                                        </proc:TotalCost>
                                    </proc:Cost>
                                </proc:CostElement>
                                <proc:CostElement>
                                    <proc:Name>C2 Infrastructure Program Management / Systems Engineering</proc:Name>
                                    <proc:Cost>
                                        <proc:TotalCost>
                                            <proc:BudgetYearOneBase>16.343</proc:BudgetYearOneBase>
                                            <proc:BudgetYearOne>16.343</proc:BudgetYearOne>
                                        </proc:TotalCost>
                                    </proc:Cost>
                                </proc:CostElement>
                            </proc:CostElementList>
                            <proc:CategorySubtotal>
                                <proc:TotalCost>
                                    <proc:CurrentYear>1.749</proc:CurrentYear>
                                    <proc:BudgetYearOneBase>16.343</proc:BudgetYearOneBase>
                                    <proc:BudgetYearOne>16.343</proc:BudgetYearOne>
                                </proc:TotalCost>
                            </proc:CategorySubtotal>
                        </proc:Recurring>
                        <proc:CategorySubtotal>
                            <proc:TotalCost>
                                <proc:CurrentYear>1.749</proc:CurrentYear>
                                <proc:BudgetYearOneBase>16.343</proc:BudgetYearOneBase>
                                <proc:BudgetYearOne>16.343</proc:BudgetYearOne>
                            </proc:TotalCost>
                        </proc:CategorySubtotal>
                    </proc:Flyaway>
                    <proc:Hardware>
                        <proc:Recurring>
                            <proc:CostElementList>
                                <proc:CostElement>
                                    <proc:Name>Tactical Server Infrastructure (TSI) Compliant Hardware</proc:Name>
                                    <proc:Cost>
                                        <proc:Quantity>
                                            <proc:CurrentYear>67</proc:CurrentYear>
                                        </proc:Quantity>
                                        <proc:TotalCost>
                                            <proc:CurrentYear>0.933</proc:CurrentYear>
                                        </proc:TotalCost>
                                        <proc:UnitCost>
                                            <proc:CurrentYear>13.925</proc:CurrentYear>
                                        </proc:UnitCost>
                                    </proc:Cost>
                                </proc:CostElement>
                                <proc:CostElement>
                                    <proc:Name>Multi-Factor Authentication Hardware - Token</proc:Name>
                                    <proc:Cost>
                                        <proc:TotalCost>
                                            <proc:CurrentYear>6.029</proc:CurrentYear>
                                        </proc:TotalCost>
                                    </proc:Cost>
                                </proc:CostElement>
                                <proc:CostElement>
                                    <proc:Name>C2 Infrastructure Component HW</proc:Name>
                                    <proc:Cost>
                                        <proc:TotalCost>
                                            <proc:BudgetYearOneBase>6.21</proc:BudgetYearOneBase>
                                            <proc:BudgetYearOne>6.21</proc:BudgetYearOne>
                                        </proc:TotalCost>
                                    </proc:Cost>
                                </proc:CostElement>
                            </proc:CostElementList>
                            <proc:CategorySubtotal>
                                <proc:TotalCost>
                                    <proc:CurrentYear>6.962</proc:CurrentYear>
                                    <proc:BudgetYearOneBase>6.21</proc:BudgetYearOneBase>
                                    <proc:BudgetYearOne>6.21</proc:BudgetYearOne>
                                </proc:TotalCost>
                            </proc:CategorySubtotal>
                        </proc:Recurring>
                        <proc:CategorySubtotal>
                            <proc:TotalCost>
                                <proc:CurrentYear>6.962</proc:CurrentYear>
                                <proc:BudgetYearOneBase>6.21</proc:BudgetYearOneBase>
                                <proc:BudgetYearOne>6.21</proc:BudgetYearOne>
                            </proc:TotalCost>
                        </proc:CategorySubtotal>
                    </proc:Hardware>
                    <proc:Software>
                        <proc:Recurring>
                            <proc:CostElementList>
                                <proc:CostElement>
                                    <proc:Name>UNO Lower-Tier Tactical (LTT) Software Licensing and Support</proc:Name>
                                    <proc:Cost>
                                        <proc:TotalCost>
                                            <proc:CurrentYear>16.049</proc:CurrentYear>
                                        </proc:TotalCost>
                                    </proc:Cost>
                                </proc:CostElement>
                                <proc:CostElement>
                                    <proc:Name>UNO Upper-Tier Tactical (UTT) Software Licensing and Support</proc:Name>
                                    <proc:Cost>
                                        <proc:TotalCost>
                                            <proc:CurrentYear>5.937</proc:CurrentYear>
                                        </proc:TotalCost>
                                    </proc:Cost>
                                </proc:CostElement>
                                <proc:CostElement>
                                    <proc:Name>UNO Tactical ICAM (T-ICAM) Software Licensing and Support</proc:Name>
                                    <proc:Cost>
                                        <proc:TotalCost>
                                            <proc:CurrentYear>1.627</proc:CurrentYear>
                                        </proc:TotalCost>
                                    </proc:Cost>
                                </proc:CostElement>
                                <proc:CostElement>
                                    <proc:Name>C2 Infrastructure Software Licensing and Support</proc:Name>
                                    <proc:Cost>
                                        <proc:TotalCost>
                                            <proc:BudgetYearOneBase>183.726</proc:BudgetYearOneBase>
                                            <proc:BudgetYearOne>183.726</proc:BudgetYearOne>
                                        </proc:TotalCost>
                                    </proc:Cost>
                                </proc:CostElement>
                            </proc:CostElementList>
                            <proc:CategorySubtotal>
                                <proc:TotalCost>
                                    <proc:CurrentYear>23.613</proc:CurrentYear>
                                    <proc:BudgetYearOneBase>183.726</proc:BudgetYearOneBase>
                                    <proc:BudgetYearOne>183.726</proc:BudgetYearOne>
                                </proc:TotalCost>
                            </proc:CategorySubtotal>
                        </proc:Recurring>
                        <proc:CategorySubtotal>
                            <proc:TotalCost>
                                <proc:CurrentYear>23.613</proc:CurrentYear>
                                <proc:BudgetYearOneBase>183.726</proc:BudgetYearOneBase>
                                <proc:BudgetYearOne>183.726</proc:BudgetYearOne>
                            </proc:TotalCost>
                        </proc:CategorySubtotal>
                    </proc:Software>
                    <proc:Logistics>
                        <proc:Recurring>
                            <proc:CostElementList>
                                <proc:CostElement>
                                    <proc:Name>Software Deployment</proc:Name>
                                    <proc:Cost>
                                        <proc:TotalCost>
                                            <proc:CurrentYear>3.019</proc:CurrentYear>
                                        </proc:TotalCost>
                                    </proc:Cost>
                                </proc:CostElement>
                                <proc:CostElement>
                                    <proc:Name>Help Desk Support</proc:Name>
                                    <proc:Cost>
                                        <proc:TotalCost>
                                            <proc:CurrentYear>2.352</proc:CurrentYear>
                                        </proc:TotalCost>
                                    </proc:Cost>
                                </proc:CostElement>
                                <proc:CostElement>
                                    <proc:Name>C2 Infrastructure Software Deployment Platform and Support</proc:Name>
                                    <proc:Cost>
                                        <proc:TotalCost>
                                            <proc:BudgetYearOneBase>17.629</proc:BudgetYearOneBase>
                                            <proc:BudgetYearOne>17.629</proc:BudgetYearOne>
                                        </proc:TotalCost>
                                    </proc:Cost>
                                </proc:CostElement>
                                <proc:CostElement>
                                    <proc:Name>C2 Infrastructure Post Deployment Software Sustainment (PDSS)</proc:Name>
                                    <proc:Cost>
                                        <proc:TotalCost>
                                            <proc:BudgetYearOneBase>9.437</proc:BudgetYearOneBase>
                                            <proc:BudgetYearOne>9.437</proc:BudgetYearOne>
                                        </proc:TotalCost>
                                    </proc:Cost>
                                </proc:CostElement>
                            </proc:CostElementList>
                            <proc:CategorySubtotal>
                                <proc:TotalCost>
                                    <proc:CurrentYear>5.371</proc:CurrentYear>
                                    <proc:BudgetYearOneBase>27.066</proc:BudgetYearOneBase>
                                    <proc:BudgetYearOne>27.066</proc:BudgetYearOne>
                                </proc:TotalCost>
                            </proc:CategorySubtotal>
                        </proc:Recurring>
                        <proc:CategorySubtotal>
                            <proc:TotalCost>
                                <proc:CurrentYear>5.371</proc:CurrentYear>
                                <proc:BudgetYearOneBase>27.066</proc:BudgetYearOneBase>
                                <proc:BudgetYearOne>27.066</proc:BudgetYearOne>
                            </proc:TotalCost>
                        </proc:CategorySubtotal>
                    </proc:Logistics>
                </proc:CostElementCategoryList>
            </proc:P5Item>
            <proc:P5Item>
                <proc:Name>NETWORK MANAGEMENT SYSTEM</proc:Name>
                <proc:ItemNumber>BA9312</proc:ItemNumber>
                <proc:SecondaryDistribution>
                    <proc:ComponentList>
                        <proc:Component>
                            <proc:Name>Army Active</proc:Name>
                            <proc:Cost>
                                <proc:Quantity>
                                    <proc:PriorYear>1259</proc:PriorYear>
                                </proc:Quantity>
                                <proc:TotalCost>
                                    <proc:PriorYear>18.875</proc:PriorYear>
                                </proc:TotalCost>
                            </proc:Cost>
                        </proc:Component>
                        <proc:Component>
                            <proc:Name>Army National Guard</proc:Name>
                            <proc:Cost>
                                <proc:Quantity>
                                    <proc:PriorYear>380</proc:PriorYear>
                                </proc:Quantity>
                                <proc:TotalCost>
                                    <proc:PriorYear>5.697</proc:PriorYear>
                                </proc:TotalCost>
                            </proc:Cost>
                        </proc:Component>
                        <proc:Component>
                            <proc:Name>Army Reserve</proc:Name>
                            <proc:Cost>
                                <proc:Quantity>
                                    <proc:PriorYear>86</proc:PriorYear>
                                </proc:Quantity>
                                <proc:TotalCost>
                                    <proc:PriorYear>1.289</proc:PriorYear>
                                </proc:TotalCost>
                            </proc:Cost>
                        </proc:Component>
                    </proc:ComponentList>
                </proc:SecondaryDistribution>
                <proc:Remarks>Program funding has been realigned to the BU8100 / B98112 Networked Radios Planner funding line beginning in FY 2025.</proc:Remarks>
                <proc:ResourceSummary>
                    <proc:Quantity>
                        <proc:AllPriorYears>2603</proc:AllPriorYears>
                        <proc:PriorYear>1725</proc:PriorYear>
                    </proc:Quantity>
                    <proc:TotalCost>
                        <proc:AllPriorYears>116.581</proc:AllPriorYears>
                        <proc:PriorYear>25.861</proc:PriorYear>
                    </proc:TotalCost>
                    <proc:UnitCost>
                        <proc:AllPriorYears>44.787</proc:AllPriorYears>
                        <proc:PriorYear>14.992</proc:PriorYear>
                    </proc:UnitCost>
                    <proc:NetProcurementP1>
                        <proc:AllPriorYears>116.581</proc:AllPriorYears>
                        <proc:PriorYear>25.861</proc:PriorYear>
                    </proc:NetProcurementP1>
                    <proc:TotalObligationAuthority>
                        <proc:AllPriorYears>116.581</proc:AllPriorYears>
                        <proc:PriorYear>25.861</proc:PriorYear>
                    </proc:TotalObligationAuthority>
                </proc:ResourceSummary>
                <proc:CostElementCategoryList>
                    <proc:Flyaway>
                        <proc:Recurring>
                            <proc:CostElementList>
                                <proc:CostElement>
                                    <proc:Name>Program Management</proc:Name>
                                    <proc:Cost>
                                        <proc:TotalCost>
                                            <proc:AllPriorYears>34.085</proc:AllPriorYears>
                                            <proc:PriorYear>1.628</proc:PriorYear>
                                        </proc:TotalCost>
                                    </proc:Cost>
                                </proc:CostElement>
                                <proc:CostElement>
                                    <proc:Name>Systems Engineering</proc:Name>
                                    <proc:Cost>
                                        <proc:TotalCost>
                                            <proc:AllPriorYears>43.434</proc:AllPriorYears>
                                            <proc:PriorYear>4.466</proc:PriorYear>
                                        </proc:TotalCost>
                                    </proc:Cost>
                                </proc:CostElement>
                                <proc:CostElement>
                                    <proc:Name>Integration &amp; Testing</proc:Name>
                                    <proc:Cost>
                                        <proc:TotalCost>
                                            <proc:AllPriorYears>6.294</proc:AllPriorYears>
                                            <proc:PriorYear>1.467</proc:PriorYear>
                                        </proc:TotalCost>
                                    </proc:Cost>
                                </proc:CostElement>
                            </proc:CostElementList>
                            <proc:CategorySubtotal>
                                <proc:TotalCost>
                                    <proc:AllPriorYears>83.813</proc:AllPriorYears>
                                    <proc:PriorYear>7.561</proc:PriorYear>
                                </proc:TotalCost>
                            </proc:CategorySubtotal>
                        </proc:Recurring>
                        <proc:CategorySubtotal>
                            <proc:TotalCost>
                                <proc:AllPriorYears>83.813</proc:AllPriorYears>
                                <proc:PriorYear>7.561</proc:PriorYear>
                            </proc:TotalCost>
                        </proc:CategorySubtotal>
                    </proc:Flyaway>
                    <proc:Hardware>
                        <proc:Recurring>
                            <proc:CostElementList>
                                <proc:CostElement>
                                    <proc:Name>Ruggedized Application Platform - Tactical Radios (RAP-TR) Laptop</proc:Name>
                                    <proc:Cost>
                                        <proc:Quantity>
                                            <proc:AllPriorYears>324</proc:AllPriorYears>
                                        </proc:Quantity>
                                        <proc:TotalCost>
                                            <proc:AllPriorYears>1.731</proc:AllPriorYears>
                                        </proc:TotalCost>
                                        <proc:UnitCost>
                                            <proc:AllPriorYears>5.343</proc:AllPriorYears>
                                        </proc:UnitCost>
                                    </proc:Cost>
                                </proc:CostElement>
                                <proc:CostElement>
                                    <proc:Name>Ruggedized Application Platform - Tactical Radios (RAP-TR) Laptop Cases</proc:Name>
                                    <proc:Cost>
                                        <proc:Quantity>
                                            <proc:AllPriorYears>102</proc:AllPriorYears>
                                        </proc:Quantity>
                                        <proc:TotalCost>
                                            <proc:AllPriorYears>0.023</proc:AllPriorYears>
                                        </proc:TotalCost>
                                        <proc:UnitCost>
                                            <proc:AllPriorYears>0.225</proc:AllPriorYears>
                                        </proc:UnitCost>
                                    </proc:Cost>
                                </proc:CostElement>
                                <proc:CostElement>
                                    <proc:Name>Ruggedized Application Platform - Tactical Radios (RAP-TR) Tablet</proc:Name>
                                    <proc:Cost>
                                        <proc:Quantity>
                                            <proc:AllPriorYears>2766</proc:AllPriorYears>
                                            <proc:PriorYear>1730</proc:PriorYear>
                                        </proc:Quantity>
                                        <proc:TotalCost>
                                            <proc:AllPriorYears>12.496</proc:AllPriorYears>
                                            <proc:PriorYear>7.474</proc:PriorYear>
                                        </proc:TotalCost>
                                        <proc:UnitCost>
                                            <proc:AllPriorYears>4.518</proc:AllPriorYears>
                                            <proc:PriorYear>4.32</proc:PriorYear>
                                        </proc:UnitCost>
                                    </proc:Cost>
                                    <proc:AllPriorYearsDeliveries>2766</proc:AllPriorYearsDeliveries>
                                    <proc:ManufacturerList>
                                        <proc:Manufacturer>
                                            <proc:Name>Dell</proc:Name>
                                            <proc:Location>Round Rock, TX</proc:Location>
                                            <proc:HistoryPlanningList>
                                                <proc:HistoryPlanning>
                                                    <proc:FiscalYear>2024</proc:FiscalYear>
                                                    <proc:PCOLocation>Texas</proc:PCOLocation>
                                                    <proc:AwardDate>2023-12</proc:AwardDate>
                                                    <proc:FirstDeliveryDate>2024-01</proc:FirstDeliveryDate>
                                                    <proc:Quantity>1730</proc:Quantity>
                                                    <proc:UnitCost>4.32</proc:UnitCost>
                                                    <proc:SpecsAvailableNow>true</proc:SpecsAvailableNow>
                                                    <proc:FundingVehicle>IA</proc:FundingVehicle>
                                                </proc:HistoryPlanning>
                                            </proc:HistoryPlanningList>
                                        </proc:Manufacturer>
                                    </proc:ManufacturerList>
                                </proc:CostElement>
                                <proc:CostElement>
                                    <proc:Name>Ruggedized Application Platform - Tactical Radios (RAP-TR) Tablet Cases</proc:Name>
                                    <proc:Cost>
                                        <proc:Quantity>
                                            <proc:AllPriorYears>2434</proc:AllPriorYears>
                                            <proc:PriorYear>1730</proc:PriorYear>
                                        </proc:Quantity>
                                        <proc:TotalCost>
                                            <proc:AllPriorYears>1.047</proc:AllPriorYears>
                                            <proc:PriorYear>0.836</proc:PriorYear>
                                        </proc:TotalCost>
                                        <proc:UnitCost>
                                            <proc:AllPriorYears>0.43</proc:AllPriorYears>
                                            <proc:PriorYear>0.483</proc:PriorYear>
                                        </proc:UnitCost>
                                    </proc:Cost>
                                </proc:CostElement>
                                <proc:CostElement>
                                    <proc:Name>TYAD</proc:Name>
                                    <proc:Cost>
                                        <proc:TotalCost>
                                            <proc:AllPriorYears>0.274</proc:AllPriorYears>
                                            <proc:PriorYear>0.25</proc:PriorYear>
                                        </proc:TotalCost>
                                    </proc:Cost>
                                </proc:CostElement>
                                <proc:CostElement>
                                    <proc:Name>Spare Ruggedized Application Platform - Tactical Radios (RAP-TR) Tablet</proc:Name>
                                    <proc:Cost>
                                        <proc:Quantity>
                                            <proc:PriorYear>173</proc:PriorYear>
                                        </proc:Quantity>
                                        <proc:TotalCost>
                                            <proc:PriorYear>0.747</proc:PriorYear>
                                        </proc:TotalCost>
                                        <proc:UnitCost>
                                            <proc:PriorYear>4.318</proc:PriorYear>
                                        </proc:UnitCost>
                                    </proc:Cost>
                                </proc:CostElement>
                                <proc:CostElement>
                                    <proc:Name>Spare Ruggedized Application Platform - Tactical Radios (RAP-TR) Tablet Cases</proc:Name>
                                    <proc:Cost>
                                        <proc:Quantity>
                                            <proc:PriorYear>325</proc:PriorYear>
                                        </proc:Quantity>
                                        <proc:TotalCost>
                                            <proc:PriorYear>0.157</proc:PriorYear>
                                        </proc:TotalCost>
                                        <proc:UnitCost>
                                            <proc:PriorYear>0.483</proc:PriorYear>
                                        </proc:UnitCost>
                                    </proc:Cost>
                                </proc:CostElement>
                            </proc:CostElementList>
                            <proc:CategorySubtotal>
                                <proc:TotalCost>
                                    <proc:AllPriorYears>15.571</proc:AllPriorYears>
                                    <proc:PriorYear>9.464</proc:PriorYear>
                                </proc:TotalCost>
                            </proc:CategorySubtotal>
                        </proc:Recurring>
                        <proc:CategorySubtotal>
                            <proc:TotalCost>
                                <proc:AllPriorYears>15.571</proc:AllPriorYears>
                                <proc:PriorYear>9.464</proc:PriorYear>
                            </proc:TotalCost>
                        </proc:CategorySubtotal>
                    </proc:Hardware>
                    <proc:Software>
                        <proc:Recurring>
                            <proc:CostElementList>
                                <proc:CostElement>
                                    <proc:Name>Licensing</proc:Name>
                                    <proc:Cost>
                                        <proc:TotalCost>
                                            <proc:AllPriorYears>3.158</proc:AllPriorYears>
                                            <proc:PriorYear>1.675</proc:PriorYear>
                                        </proc:TotalCost>
                                    </proc:Cost>
                                </proc:CostElement>
                                <proc:CostElement>
                                    <proc:Name>PDSS</proc:Name>
                                    <proc:Cost>
                                        <proc:TotalCost>
                                            <proc:AllPriorYears>4.542</proc:AllPriorYears>
                                            <proc:PriorYear>1.35</proc:PriorYear>
                                        </proc:TotalCost>
                                    </proc:Cost>
                                </proc:CostElement>
                            </proc:CostElementList>
                            <proc:CategorySubtotal>
                                <proc:TotalCost>
                                    <proc:AllPriorYears>7.7</proc:AllPriorYears>
                                    <proc:PriorYear>3.025</proc:PriorYear>
                                </proc:TotalCost>
                            </proc:CategorySubtotal>
                        </proc:Recurring>
                        <proc:CategorySubtotal>
                            <proc:TotalCost>
                                <proc:AllPriorYears>7.7</proc:AllPriorYears>
                                <proc:PriorYear>3.025</proc:PriorYear>
                            </proc:TotalCost>
                        </proc:CategorySubtotal>
                    </proc:Software>
                    <proc:Logistics>
                        <proc:Recurring>
                            <proc:CostElementList>
                                <proc:CostElement>
                                    <proc:Name>Log/Training</proc:Name>
                                    <proc:Cost>
                                        <proc:TotalCost>
                                            <proc:AllPriorYears>9.496</proc:AllPriorYears>
                                            <proc:PriorYear>5.811</proc:PriorYear>
                                        </proc:TotalCost>
                                    </proc:Cost>
                                </proc:CostElement>
                            </proc:CostElementList>
                            <proc:CategorySubtotal>
                                <proc:TotalCost>
                                    <proc:AllPriorYears>9.496</proc:AllPriorYears>
                                    <proc:PriorYear>5.811</proc:PriorYear>
                                </proc:TotalCost>
                            </proc:CategorySubtotal>
                        </proc:Recurring>
                        <proc:CategorySubtotal>
                            <proc:TotalCost>
                                <proc:AllPriorYears>9.496</proc:AllPriorYears>
                                <proc:PriorYear>5.811</proc:PriorYear>
                            </proc:TotalCost>
                        </proc:CategorySubtotal>
                    </proc:Logistics>
                </proc:CostElementCategoryList>
                <proc:OverallHistoryPlanningRemarks>Program funding has been realigned to BU8100 / B98112 Networked Radios Planner funding line beginning in FY 2025.</proc:OverallHistoryPlanningRemarks>
            </proc:P5Item>
            <proc:P5Item>
                <proc:Name>DATA PRODUCTS</proc:Name>
                <proc:ItemNumber>BA9315</proc:ItemNumber>
                <proc:SecondaryDistribution>
                    <proc:ComponentList>
                        <proc:Component>
                            <proc:Name>Army Active</proc:Name>
                            <proc:Cost>
                                <proc:TotalCost>
                                    <proc:PriorYear>9.346</proc:PriorYear>
                                    <proc:CurrentYear>9.289</proc:CurrentYear>
                                    <proc:BudgetYearOneBase>9.091</proc:BudgetYearOneBase>
                                    <proc:BudgetYearOne>9.091</proc:BudgetYearOne>
                                </proc:TotalCost>
                            </proc:Cost>
                        </proc:Component>
                    </proc:ComponentList>
                </proc:SecondaryDistribution>
                <proc:ResourceSummary>
                    <proc:TotalCost>
                        <proc:AllPriorYears>339.42</proc:AllPriorYears>
                        <proc:PriorYear>9.346</proc:PriorYear>
                        <proc:CurrentYear>9.289</proc:CurrentYear>
                        <proc:BudgetYearOneBase>9.091</proc:BudgetYearOneBase>
                        <proc:BudgetYearOne>9.091</proc:BudgetYearOne>
                    </proc:TotalCost>
                    <proc:NetProcurementP1>
                        <proc:AllPriorYears>339.42</proc:AllPriorYears>
                        <proc:PriorYear>9.346</proc:PriorYear>
                        <proc:CurrentYear>9.289</proc:CurrentYear>
                        <proc:BudgetYearOneBase>9.091</proc:BudgetYearOneBase>
                        <proc:BudgetYearOne>9.091</proc:BudgetYearOne>
                    </proc:NetProcurementP1>
                    <proc:TotalObligationAuthority>
                        <proc:AllPriorYears>339.42</proc:AllPriorYears>
                        <proc:PriorYear>9.346</proc:PriorYear>
                        <proc:CurrentYear>9.289</proc:CurrentYear>
                        <proc:BudgetYearOneBase>9.091</proc:BudgetYearOneBase>
                        <proc:BudgetYearOne>9.091</proc:BudgetYearOne>
                    </proc:TotalObligationAuthority>
                </proc:ResourceSummary>
                <proc:CostElementCategoryList>
                    <proc:Flyaway>
                        <proc:Recurring>
                            <proc:CostElementList>
                                <proc:CostElement>
                                    <proc:Name>Recurring Production</proc:Name>
                                    <proc:Cost>
                                        <proc:TotalCost>
                                            <proc:AllPriorYears>234.844</proc:AllPriorYears>
                                            <proc:PriorYear>7.921</proc:PriorYear>
                                            <proc:CurrentYear>7.875</proc:CurrentYear>
                                            <proc:BudgetYearOneBase>7.661</proc:BudgetYearOneBase>
                                            <proc:BudgetYearOne>7.661</proc:BudgetYearOne>
                                        </proc:TotalCost>
                                    </proc:Cost>
                                </proc:CostElement>
                                <proc:CostElement>
                                    <proc:Name>Test</proc:Name>
                                    <proc:Cost>
                                        <proc:TotalCost>
                                            <proc:AllPriorYears>14.647</proc:AllPriorYears>
                                        </proc:TotalCost>
                                    </proc:Cost>
                                </proc:CostElement>
                                <proc:CostElement>
                                    <proc:Name>PMO</proc:Name>
                                    <proc:Cost>
                                        <proc:TotalCost>
                                            <proc:AllPriorYears>58.735</proc:AllPriorYears>
                                        </proc:TotalCost>
                                    </proc:Cost>
                                </proc:CostElement>
                                <proc:CostElement>
                                    <proc:Name>Training</proc:Name>
                                    <proc:Cost>
                                        <proc:TotalCost>
                                            <proc:AllPriorYears>27.142</proc:AllPriorYears>
                                            <proc:PriorYear>0.759</proc:PriorYear>
                                            <proc:CurrentYear>0.753</proc:CurrentYear>
                                            <proc:BudgetYearOneBase>0.76</proc:BudgetYearOneBase>
                                            <proc:BudgetYearOne>0.76</proc:BudgetYearOne>
                                        </proc:TotalCost>
                                    </proc:Cost>
                                </proc:CostElement>
                            </proc:CostElementList>
                            <proc:CategorySubtotal>
                                <proc:TotalCost>
                                    <proc:AllPriorYears>335.368</proc:AllPriorYears>
                                    <proc:PriorYear>8.68</proc:PriorYear>
                                    <proc:CurrentYear>8.628</proc:CurrentYear>
                                    <proc:BudgetYearOneBase>8.421</proc:BudgetYearOneBase>
                                    <proc:BudgetYearOne>8.421</proc:BudgetYearOne>
                                </proc:TotalCost>
                            </proc:CategorySubtotal>
                        </proc:Recurring>
                        <proc:CategorySubtotal>
                            <proc:TotalCost>
                                <proc:AllPriorYears>335.368</proc:AllPriorYears>
                                <proc:PriorYear>8.68</proc:PriorYear>
                                <proc:CurrentYear>8.628</proc:CurrentYear>
                                <proc:BudgetYearOneBase>8.421</proc:BudgetYearOneBase>
                                <proc:BudgetYearOne>8.421</proc:BudgetYearOne>
                            </proc:TotalCost>
                        </proc:CategorySubtotal>
                    </proc:Flyaway>
                    <proc:Support>
                        <proc:CostElementList>
                            <proc:CostElement>
                                <proc:Name>System Engineering</proc:Name>
                                <proc:Cost>
                                    <proc:TotalCost>
                                        <proc:AllPriorYears>4.052</proc:AllPriorYears>
                                        <proc:PriorYear>0.666</proc:PriorYear>
                                        <proc:CurrentYear>0.661</proc:CurrentYear>
                                        <proc:BudgetYearOneBase>0.67</proc:BudgetYearOneBase>
                                        <proc:BudgetYearOne>0.67</proc:BudgetYearOne>
                                    </proc:TotalCost>
                                </proc:Cost>
                            </proc:CostElement>
                        </proc:CostElementList>
                        <proc:CategorySubtotal>
                            <proc:TotalCost>
                                <proc:AllPriorYears>4.052</proc:AllPriorYears>
                                <proc:PriorYear>0.666</proc:PriorYear>
                                <proc:CurrentYear>0.661</proc:CurrentYear>
                                <proc:BudgetYearOneBase>0.67</proc:BudgetYearOneBase>
                                <proc:BudgetYearOne>0.67</proc:BudgetYearOne>
                            </proc:TotalCost>
                        </proc:CategorySubtotal>
                        <proc:Name>System Engineering</proc:Name>
                    </proc:Support>
                </proc:CostElementCategoryList>
            </proc:P5Item>
        </proc:ItemExhibitList>
        <proc:DocumentAssemblyOptions>
            <proc:p40AItemScheduleSetting>item</proc:p40AItemScheduleSetting>
        </proc:DocumentAssemblyOptions>
    </proc:LineItem>
</proc:LineItemList>