<?xml version="1.0" encoding="UTF-8"?>
<proc:LineItemList xmlns:proc="http://www.dtic.mil/comptroller/xml/schema/20100219/procurement">
    <proc:LineItem quantityUnits="Each" quantityUnitName="Each" unitCostUnits="Thousands" totalCostUnits="Millions" manufacturerRateUnits="Monthly">
        <proc:LineItemNumber>8331D16506</proc:LineItemNumber>
        <proc:LineItemTitle>PLS ESP</proc:LineItemTitle>
        <proc:P1LineNumber>16</proc:P1LineNumber>
        <proc:BudgetYear>2026</proc:BudgetYear>
        <proc:BudgetCycle>PB</proc:BudgetCycle>
        <proc:SubmissionDate>2025-06</proc:SubmissionDate>
        <proc:ServiceAgencyName>Army</proc:ServiceAgencyName>
        <proc:AppropriationNumber>2035A</proc:AppropriationNumber>
        <proc:AppropriationTitle>Other Procurement, Army</proc:AppropriationTitle>
        <proc:BudgetActivityNumber>1</proc:BudgetActivityNumber>
        <proc:BudgetActivityTitle>Tactical and Support Vehicles</proc:BudgetActivityTitle>
        <proc:BudgetSubActivityNumber>10</proc:BudgetSubActivityNumber>
        <proc:BudgetSubActivityTitle>Tactical Vehicles</proc:BudgetSubActivityTitle>
        <proc:ResourceSummary>
            <proc:Quantity>
                <proc:AllPriorYears>81</proc:AllPriorYears>
                <proc:PriorYear>57</proc:PriorYear>
            </proc:Quantity>
            <proc:TotalCost>
                <proc:AllPriorYears>921.962</proc:AllPriorYears>
                <proc:PriorYear>47.925</proc:PriorYear>
            </proc:TotalCost>
            <proc:UnitCost>
                <proc:AllPriorYears>11382.247</proc:AllPriorYears>
                <proc:PriorYear>840.789</proc:PriorYear>
            </proc:UnitCost>
            <proc:NetProcurementP1>
                <proc:AllPriorYears>921.962</proc:AllPriorYears>
                <proc:PriorYear>47.925</proc:PriorYear>
            </proc:NetProcurementP1>
            <proc:TotalObligationAuthority>
                <proc:AllPriorYears>921.962</proc:AllPriorYears>
                <proc:PriorYear>47.925</proc:PriorYear>
            </proc:TotalObligationAuthority>
        </proc:ResourceSummary>
        <proc:Code>A</proc:Code>
        <proc:OtherRelatedProgramElementList>
            <proc:ProgramElementNumber>0604622A</proc:ProgramElementNumber>
        </proc:OtherRelatedProgramElementList>
        <proc:SecondaryDistribution>
            <proc:ComponentList>
                <proc:Component>
                    <proc:Name>Army Active</proc:Name>
                    <proc:Cost>
                        <proc:Quantity>
                            <proc:PriorYear>28</proc:PriorYear>
                        </proc:Quantity>
                        <proc:TotalCost>
                            <proc:PriorYear>21.286</proc:PriorYear>
                        </proc:TotalCost>
                    </proc:Cost>
                </proc:Component>
                <proc:Component>
                    <proc:Name>Army National Guard</proc:Name>
                    <proc:Cost>
                        <proc:Quantity>
                            <proc:PriorYear>21</proc:PriorYear>
                        </proc:Quantity>
                        <proc:TotalCost>
                            <proc:PriorYear>20.163</proc:PriorYear>
                        </proc:TotalCost>
                    </proc:Cost>
                </proc:Component>
                <proc:Component>
                    <proc:Name>Army Reserve</proc:Name>
                    <proc:Cost>
                        <proc:Quantity>
                            <proc:PriorYear>8</proc:PriorYear>
                        </proc:Quantity>
                        <proc:TotalCost>
                            <proc:PriorYear>6.476</proc:PriorYear>
                        </proc:TotalCost>
                    </proc:Cost>
                </proc:Component>
            </proc:ComponentList>
            <proc:TotalCost>
                <proc:Quantity>
                    <proc:PriorYear>57</proc:PriorYear>
                </proc:Quantity>
                <proc:TotalCost>
                    <proc:PriorYear>47.925</proc:PriorYear>
                </proc:TotalCost>
            </proc:TotalCost>
        </proc:SecondaryDistribution>
        <proc:Description>The Palletized Load System (PLS) is a 16.5-ton, 10-wheel drive truck designed for cross-country movement of combat configured loads of ammunition and other classes of supply. The PLS Extended Service Program (ESP) is a department of the Army supported Recapitalization (RECAP) Program critical to increasing the 16.5-ton payload, 10-wheel drive, armor ready PLS fleet density in the field. The PLS A1 truck contains capability for onboard Load Handling System, 16.5-ton PLS Trailer, M3 Container Roll-in/Out Platforms (CROPs), M1077 Flatracks, M1 Flatracks and the Enhanced Container Handling Unit (E-CHU) for transporting 20' International Organization for Standardization (ISO) containers in armored or unarmored configurations. The E-CHU is the latest enabler that provides the capability to pick-up and transport 20ft International Standards for Organization (ISO) containers without the use of a flat-rack and allows the Army to use its Tactical Wheeled Fleet in any number of ways in transporting loads. The PLS ESP program will remanufacture and upgrade older legacy PLS A0s to the A1 configuration. The PLS -ESP will begin upgrading legacy A0s and A1s to both A1 and A2 configurations. A2 configuration will include the Integrated By-Wire Active Safety (BWAS) capability as foundation for Army Autonomous Tactical Vehicles (ATV-S) program. The PLS A1 configuration has improved survivability with an integrated underbody A-cab and a scalable B-kit (common to the HEMTT A4), an improved powertrain, suspension and electrical system and adds an anti-lock braking system, air conditioning and traction control. This program produces a like-new vehicle with a full new vehicle warranty.  The PLS can have active safety and foundational autonomous capabilities that will help Soldiers to stay out of harm's way. PLS A2 configuration provides a standalone By-Wire Control System with active and passive safety features, integrates obstacle detection and collision avoidance, blind zone alerts, improved electronic stability control and serves as the foundation for future autonomous capabilities.

The PLS program is a contributing element to support the Army's modernization priorities in support of the National Defense Strategy through movement of Soldiers, air defense &amp; missile defenses, sensors, network, fuel, ammunition, etc. Funds are required to fill readiness gaps to address both capacity and capability holes which must be filled to carry out the National Defense Strategy.

Matrix Functional Support is required to address/augment Engineering and Logistic functions, capabilities and gaps to supplement core employee competencies. System Engineering oversight and multiple functions of Logistics support such as management, fielding, tracking and documentation is required during the acquisition process. These funds also support travel requirements for this program.

The Army Acquisition Objective for PLS trucks is 8,114.

This program is included in the OPA Budget Line Consolidation.  In FY 2025, the Base PLS ESP (D16506) program is consolidated into DA0500 Family of Heavy Tactical Vehicles (FHTV) / D16611 Palletized Load System ESP program.</proc:Description>
        <proc:Justification>This program is included in the OPA Budget Line Consolidation.  In FY 2025, the Base PLS ESP (D16506) program is consolidated into DA0500 Family of Heavy Tactical Vehicles (FHTV) / D16611 Palletized Load System ESP program.</proc:Justification>
        <proc:DocumentAssemblyOptions>
            <proc:p40AItemScheduleSetting>item</proc:p40AItemScheduleSetting>
        </proc:DocumentAssemblyOptions>
    </proc:LineItem>
</proc:LineItemList>