<?xml version="1.0" encoding="UTF-8"?>
<proc:LineItemList xmlns:proc="http://www.dtic.mil/comptroller/xml/schema/20100219/procurement">
    <proc:LineItem quantityUnits="Each" quantityUnitName="Each" unitCostUnits="Thousands" totalCostUnits="Millions" manufacturerRateUnits="Yearly">
        <proc:LineItemNumber>0930D01001</proc:LineItemNumber>
        <proc:LineItemTitle>Semitrailers, Flatbed:</proc:LineItemTitle>
        <proc:P1LineNumber>3</proc:P1LineNumber>
        <proc:BudgetYear>2026</proc:BudgetYear>
        <proc:BudgetCycle>PB</proc:BudgetCycle>
        <proc:SubmissionDate>2025-06</proc:SubmissionDate>
        <proc:ServiceAgencyName>Army</proc:ServiceAgencyName>
        <proc:AppropriationNumber>2035A</proc:AppropriationNumber>
        <proc:AppropriationTitle>Other Procurement, Army</proc:AppropriationTitle>
        <proc:BudgetActivityNumber>1</proc:BudgetActivityNumber>
        <proc:BudgetActivityTitle>Tactical and Support Vehicles</proc:BudgetActivityTitle>
        <proc:BudgetSubActivityNumber>10</proc:BudgetSubActivityNumber>
        <proc:BudgetSubActivityTitle>Tactical Vehicles</proc:BudgetSubActivityTitle>
        <proc:ResourceSummary>
            <proc:Quantity>
                <proc:AllPriorYears>146</proc:AllPriorYears>
                <proc:PriorYear>110</proc:PriorYear>
            </proc:Quantity>
            <proc:TotalCost>
                <proc:AllPriorYears>796.865</proc:AllPriorYears>
                <proc:PriorYear>26.902</proc:PriorYear>
            </proc:TotalCost>
            <proc:UnitCost>
                <proc:AllPriorYears>5457.979</proc:AllPriorYears>
                <proc:PriorYear>244.564</proc:PriorYear>
            </proc:UnitCost>
            <proc:NetProcurementP1>
                <proc:AllPriorYears>796.865</proc:AllPriorYears>
                <proc:PriorYear>26.902</proc:PriorYear>
            </proc:NetProcurementP1>
            <proc:TotalObligationAuthority>
                <proc:AllPriorYears>796.865</proc:AllPriorYears>
                <proc:PriorYear>26.902</proc:PriorYear>
            </proc:TotalObligationAuthority>
        </proc:ResourceSummary>
        <proc:Code>A</proc:Code>
        <proc:OtherRelatedProgramElementList>
            <proc:ProgramElementNumber>0604622A</proc:ProgramElementNumber>
        </proc:OtherRelatedProgramElementList>
        <proc:SecondaryDistribution>
            <proc:ComponentList>
                <proc:Component>
                    <proc:Name>Army Active</proc:Name>
                    <proc:Cost>
                        <proc:Quantity>
                            <proc:PriorYear>29</proc:PriorYear>
                        </proc:Quantity>
                        <proc:TotalCost>
                            <proc:PriorYear>10.263</proc:PriorYear>
                        </proc:TotalCost>
                    </proc:Cost>
                </proc:Component>
                <proc:Component>
                    <proc:Name>Army National Guard</proc:Name>
                    <proc:Cost>
                        <proc:Quantity>
                            <proc:PriorYear>47</proc:PriorYear>
                        </proc:Quantity>
                        <proc:TotalCost>
                            <proc:PriorYear>9.271</proc:PriorYear>
                        </proc:TotalCost>
                    </proc:Cost>
                </proc:Component>
                <proc:Component>
                    <proc:Name>Army Reserve</proc:Name>
                    <proc:Cost>
                        <proc:Quantity>
                            <proc:PriorYear>34</proc:PriorYear>
                        </proc:Quantity>
                        <proc:TotalCost>
                            <proc:PriorYear>7.368</proc:PriorYear>
                        </proc:TotalCost>
                    </proc:Cost>
                </proc:Component>
            </proc:ComponentList>
            <proc:TotalCost>
                <proc:Quantity>
                    <proc:PriorYear>110</proc:PriorYear>
                </proc:Quantity>
                <proc:TotalCost>
                    <proc:PriorYear>26.902</proc:PriorYear>
                </proc:TotalCost>
            </proc:TotalCost>
        </proc:SecondaryDistribution>
        <proc:Description>The M870A4 SEMITRAILER is a 40-Ton payload, mechanical folding gooseneck, level-deck trailer, with rear ramps capable of handling payloads on trails, primary, and secondary roads. The sole prime mover for the M870A4 is the M983A4 HEMTT LET.  The primary mission of the M870A4 is to transport engineering construction equipment, and other payloads up to 40 tons.  This trailer is C-130 air transport capable and supports mobility, counter mobility, and survivability operations during Large Scale Combat Operations (LSCO). The M870A4 is an enabling capability for theater access operations, to provide transport of construction equipment and other payloads weighing up to 40 tons, in support of military and other national goals and objectives. The M870A4 supports construction and maintenance of main supply routes, logistical facilities, bituminous roads, helipads, airfields, landing strips, motor pools, and parking areas supporting sustainment operations throughout the full spectrum of operations. The M870A4 is the sole semitrailer that provides transport capability with modifications for a Long-Range Hypersonic Weapon (LRHW), and the Lower Tier Air and Missile Defense Sensors (LTAMDS), Large Tactical Power Distribution System (LTPDS), for long term power. The M870A4 Army Acquisition Objective (AAO) is 2,814. 

The M871A3 SEMITRAILER is a 22.5-Ton drop deck/break-bulk (DD/BB) container transporter. It is a tactical, dual purpose, bulk and container transporter. It transports 20-foot ISO (International Organization for Standardization) containers on line haul missions and is the primary means of distributing containers and bulk cargo. The M871A3 AAO is 5,071. 

The M872A4 SEMITRAILER is a 34-Ton dual purpose break bulk/container semi-trailer, is the primary platform to transport large volumes of cargo including bulk water to Divisions and is critical to support Multi Domain Operations (MDO) in Large Scale Combat Operations (LSCO).  The M872A4 is a commercially-adapted semitrailer, with missions to transport a single 40-foot or two 20-foot ISO (International Organization for Standardization) containers, palletized cargo, and light combat and tactical vehicles.  The M872A4 supports sustainment operations and freedom of movement and is critical for moving large volumes of cargo from ports to Division areas supporting full-spectrum military operations.  With the capability to transport over primary and improved secondary roads, the M872A4 is a readiness pacing item for Army Medium Truck Companies. The M872A4 AAO is 7,169.  

The M172A2 SEMITRAILER LOW BED 25-Ton transports construction equipment/supplies and material handling equipment to support Early Entry. This trailer is C-130 air transport capable and supports rapid deployment mobility, counter mobility, survivability and sustainment operations during Large Scale Combat Operations (LSCO).  The M172A2 is a commercially-adapted semitrailer with a 25-Ton payload capacity, flat level-deck and rear loading ramps. The M172A2 AAO is 1,119.

Matrix Functional Support is required to address/augment Engineering and Logistic functions, capabilities and gaps to supplement core employee competencies. System Engineering oversight and multiple functions of Logistics support such as management, fielding, tracking, and documentation is required during the acquisition process. These funds also support travel requirements for this program.

This program is included in the OPA Budget Line Consolidation.  In FY 2025, the Semitrailers, Flatbed (D01001) and Semitrailers, Tankers (D02001) were consolidated into the FAMILY OF SEMITRAILERS (D03900) program.</proc:Description>
        <proc:Justification>This program is included in the OPA Budget Line Consolidation.  In FY 2025, the Semitrailers, Flatbed (D01001) and Semitrailers, Tankers (D02001) were consolidated into the FAMILY OF SEMITRAILERS (D03900) program.


IAW Section 1815 of the FY 2008 National Defense Authorization Act (P.L. 110-181), this item is necessary for use by the active and reserve components of the Armed Forces for homeland defense missions, domestic emergency responses, and providing military support to civil authorities.</proc:Justification>
        <proc:DocumentAssemblyOptions>
            <proc:p40AItemScheduleSetting>item</proc:p40AItemScheduleSetting>
        </proc:DocumentAssemblyOptions>
    </proc:LineItem>
</proc:LineItemList>