<?xml version="1.0" encoding="UTF-8"?>
<proc:LineItemList xmlns:proc="http://www.dtic.mil/comptroller/xml/schema/20100219/procurement">
    <proc:LineItem quantityUnits="Each" quantityUnitName="Each" unitCostUnits="Thousands" totalCostUnits="Millions" manufacturerRateUnits="Monthly">
        <proc:LineItemNumber>9140MA7804</proc:LineItemNumber>
        <proc:LineItemTitle>Cargo Aerial Del &amp; Personnel Parachute Systems</proc:LineItemTitle>
        <proc:P1LineNumber>160</proc:P1LineNumber>
        <proc:BudgetYear>2026</proc:BudgetYear>
        <proc:BudgetCycle>PB</proc:BudgetCycle>
        <proc:SubmissionDate>2025-06</proc:SubmissionDate>
        <proc:ServiceAgencyName>Army</proc:ServiceAgencyName>
        <proc:AppropriationNumber>2035A</proc:AppropriationNumber>
        <proc:AppropriationTitle>Other Procurement, Army</proc:AppropriationTitle>
        <proc:BudgetActivityNumber>3</proc:BudgetActivityNumber>
        <proc:BudgetActivityTitle>Other Support Equipment</proc:BudgetActivityTitle>
        <proc:BudgetSubActivityNumber>25</proc:BudgetSubActivityNumber>
        <proc:BudgetSubActivityTitle>Combat Service Support Equipment</proc:BudgetSubActivityTitle>
        <proc:ResourceSummary>
            <proc:Quantity>
                <proc:AllPriorYears>8431</proc:AllPriorYears>
                <proc:PriorYear>3816</proc:PriorYear>
                <proc:CurrentYear>3252</proc:CurrentYear>
                <proc:BudgetYearOneBase>4646</proc:BudgetYearOneBase>
                <proc:BudgetYearOne>4646</proc:BudgetYearOne>
            </proc:Quantity>
            <proc:TotalCost>
                <proc:AllPriorYears>877.48</proc:AllPriorYears>
                <proc:PriorYear>42.279</proc:PriorYear>
                <proc:CurrentYear>46.312</proc:CurrentYear>
                <proc:BudgetYearOneBase>61.224</proc:BudgetYearOneBase>
                <proc:BudgetYearOne>61.224</proc:BudgetYearOne>
            </proc:TotalCost>
            <proc:UnitCost>
                <proc:AllPriorYears>104.078</proc:AllPriorYears>
                <proc:PriorYear>11.079</proc:PriorYear>
                <proc:CurrentYear>14.241</proc:CurrentYear>
                <proc:BudgetYearOneBase>13.178</proc:BudgetYearOneBase>
                <proc:BudgetYearOne>13.178</proc:BudgetYearOne>
            </proc:UnitCost>
            <proc:NetProcurementP1>
                <proc:AllPriorYears>877.48</proc:AllPriorYears>
                <proc:PriorYear>42.279</proc:PriorYear>
                <proc:CurrentYear>46.312</proc:CurrentYear>
                <proc:BudgetYearOneBase>61.224</proc:BudgetYearOneBase>
                <proc:BudgetYearOne>61.224</proc:BudgetYearOne>
            </proc:NetProcurementP1>
            <proc:TotalObligationAuthority>
                <proc:AllPriorYears>877.48</proc:AllPriorYears>
                <proc:PriorYear>42.279</proc:PriorYear>
                <proc:CurrentYear>46.312</proc:CurrentYear>
                <proc:BudgetYearOneBase>61.224</proc:BudgetYearOneBase>
                <proc:BudgetYearOne>61.224</proc:BudgetYearOne>
            </proc:TotalObligationAuthority>
        </proc:ResourceSummary>
        <proc:SecondaryDistribution>
            <proc:ComponentList>
                <proc:Component>
                    <proc:Name>Army Active</proc:Name>
                    <proc:Cost>
                        <proc:Quantity>
                            <proc:PriorYear>3465</proc:PriorYear>
                            <proc:CurrentYear>2835</proc:CurrentYear>
                            <proc:BudgetYearOneBase>4410</proc:BudgetYearOneBase>
                            <proc:BudgetYearOne>4410</proc:BudgetYearOne>
                        </proc:Quantity>
                        <proc:TotalCost>
                            <proc:PriorYear>39.57</proc:PriorYear>
                            <proc:CurrentYear>43.316</proc:CurrentYear>
                            <proc:BudgetYearOneBase>56.484</proc:BudgetYearOneBase>
                            <proc:BudgetYearOne>56.484</proc:BudgetYearOne>
                        </proc:TotalCost>
                    </proc:Cost>
                </proc:Component>
                <proc:Component>
                    <proc:Name>Army National Guard</proc:Name>
                    <proc:Cost>
                        <proc:Quantity>
                            <proc:PriorYear>206</proc:PriorYear>
                            <proc:CurrentYear>324</proc:CurrentYear>
                            <proc:BudgetYearOneBase>236</proc:BudgetYearOneBase>
                            <proc:BudgetYearOne>236</proc:BudgetYearOne>
                        </proc:Quantity>
                        <proc:TotalCost>
                            <proc:PriorYear>1.59</proc:PriorYear>
                            <proc:CurrentYear>2.285</proc:CurrentYear>
                            <proc:BudgetYearOneBase>4.74</proc:BudgetYearOneBase>
                            <proc:BudgetYearOne>4.74</proc:BudgetYearOne>
                        </proc:TotalCost>
                    </proc:Cost>
                </proc:Component>
                <proc:Component>
                    <proc:Name>Army Reserve</proc:Name>
                    <proc:Cost>
                        <proc:Quantity>
                            <proc:PriorYear>145</proc:PriorYear>
                            <proc:CurrentYear>93</proc:CurrentYear>
                        </proc:Quantity>
                        <proc:TotalCost>
                            <proc:PriorYear>1.119</proc:PriorYear>
                            <proc:CurrentYear>0.711</proc:CurrentYear>
                        </proc:TotalCost>
                    </proc:Cost>
                </proc:Component>
            </proc:ComponentList>
            <proc:TotalCost>
                <proc:Quantity>
                    <proc:PriorYear>3816</proc:PriorYear>
                    <proc:CurrentYear>3252</proc:CurrentYear>
                    <proc:BudgetYearOneBase>4646</proc:BudgetYearOneBase>
                    <proc:BudgetYearOne>4646</proc:BudgetYearOne>
                </proc:Quantity>
                <proc:TotalCost>
                    <proc:PriorYear>42.279</proc:PriorYear>
                    <proc:CurrentYear>46.312</proc:CurrentYear>
                    <proc:BudgetYearOneBase>61.224</proc:BudgetYearOneBase>
                    <proc:BudgetYearOne>61.224</proc:BudgetYearOne>
                </proc:TotalCost>
            </proc:TotalCost>
        </proc:SecondaryDistribution>
        <proc:Description>The Advanced Tactical Parachute System (ATPS) is the Army's parachute system for personnel low-altitude static line Airborne Operations and consists of the T-11 (non-steerable) and the MC-6 (steerable) systems. The T-11 consists of an integrated harness, reserve parachute, and the T-11 main canopy for mass-tactical static line Airborne Operations. The total Army Acquisition Objective (AAO) of 43,708 has been procured and fielding was completed in FY 2015. The MC-6 consists of the same reserve and harness as the T-11 with the MC-6 main steerable canopy. The total MC-6 AAO of 25,649 has been procured and fielding was completed in FY 2014.

-Parachutes provided to the field during the initial fielding of the MC-6 and T-11 are reaching the end of their service life and replacement systems are being procured to maintain unit mission readiness.  Both the T-11 and MC-6 are Class VII items centrally funded and controlled, and as such, replacement systems are procured and fielded to operational units by the Project Manager through multiple award IDIQ (indefinite delivery indefinite quantity) contracts.

- The RA-1 Parachute System replaced the legacy MC-4 Ram Air Parachute System with a multi-mission High Altitude Low Opening (HALO) and High Altitude High Opening (HAHO) standoff insertion capability as well as a high altitude static line deployed insertion capability. The RA-1 allows personnel to exit at altitudes between 3,500 ft and 35,000 ft Mean Sea Level (MSL) with a total jumper weight of 450 lbs. The total RA-1 AAO of 5,470 began in FY 2014 and was completed in FY 2022.

-The Enhanced Electronic Automatic Activation Device (EEAAD) deploys the RA-1 reserve in the event of an emergency. The EEAAD is a required safety item for operating the RA-1 parachute.

-The Military Altimeter (MA-1) provides accurate jumper altitude, improved durability and reliability and is a required safety item for high altitude insertion operations when using the RA-1 parachute.

-Increase in unit cost for T-11 &amp; MC-6: Contractors for both T-11 and MC-6 IDIQs requested and were awarded an Economic Price Adjustment in 2022 due to inflation. EPA pricing is accounted for in the adjusted stepladder pricing of each IDIQ contract for the life of each contract. 

-Joint Precision Airdrop System (JPADS) provides autonomous guidance of payloads dropped from altitudes up to 25,000 feet at increments of 2,000 (2K) and 10,000 (10K) pounds. JPADS allows precise delivery of critical supplies to the Warfighter on the ground while allowing aircraft delivering payloads to fly at significantly safer altitudes. The JPADS 2K V3 Upgrade provides daytime GPS-denied capability, and will be procured to replace JPADS V2s, which is required to maintain the JPADS cybersecurity Authorization to Operate. Users have identified required software upgrades for ongoing efforts in theater for the JPADS V3 Upgrade in order to successfully operate in the GPS-contested CENTCOM and PACOM. JPADS V4 capability will include a nighttime, all-weather GPS-denied capability which will be developed and procured for the JPADS fleet. The Long Range JPADS capabilities allows the system to fly hundreds of miles to deliver resupply in contested A2/AD environments. This line includes both 2K and 10K procurement. AAO for JPADS 2K systems is 1,445 and the AAO for 10K systems is 665.</proc:Description>
        <proc:Justification>MA7801: FY 2026 Base Procurement dollars in the amount of $52.185 million supports the procurement quantities of Advanced Tactical Parachute System (4196).
MA7806: FY 2026 Base Procurement dollars in the amount of $9.039 million supports the procurement of 450 V3 JPADS with daytime GPS-denied and to replace JPADS V2's, which is required to maintain the JPADS cybersecurity Authorization to Operate (ATO).

In accordance with Section 1815 of the FY2008 National Defense Authorization Act (P.L. 110-181), this item is necessary for use by the active and reserve components of the Armed Forces for homeland defense missions, domestic emergency responses, and providing military support to civil authorities.</proc:Justification>
        <proc:ItemExhibitList>
            <proc:P5Item>
                <proc:Name>Advanced Tactical Parachute System</proc:Name>
                <proc:ItemNumber>MA7801</proc:ItemNumber>
                <proc:SecondaryDistribution>
                    <proc:ComponentList>
                        <proc:Component>
                            <proc:Name>Army Active</proc:Name>
                            <proc:Cost>
                                <proc:Quantity>
                                    <proc:PriorYear>3429</proc:PriorYear>
                                    <proc:CurrentYear>2385</proc:CurrentYear>
                                    <proc:BudgetYearOneBase>4196</proc:BudgetYearOneBase>
                                    <proc:BudgetYearOne>4196</proc:BudgetYearOne>
                                </proc:Quantity>
                                <proc:TotalCost>
                                    <proc:PriorYear>36.57</proc:PriorYear>
                                    <proc:CurrentYear>32.22</proc:CurrentYear>
                                    <proc:BudgetYearOneBase>52.185</proc:BudgetYearOneBase>
                                    <proc:BudgetYearOne>52.185</proc:BudgetYearOne>
                                </proc:TotalCost>
                            </proc:Cost>
                        </proc:Component>
                        <proc:Component>
                            <proc:Name>Army National Guard</proc:Name>
                            <proc:Cost>
                                <proc:Quantity>
                                    <proc:PriorYear>206</proc:PriorYear>
                                    <proc:CurrentYear>324</proc:CurrentYear>
                                </proc:Quantity>
                                <proc:TotalCost>
                                    <proc:PriorYear>1.59</proc:PriorYear>
                                    <proc:CurrentYear>2.285</proc:CurrentYear>
                                </proc:TotalCost>
                            </proc:Cost>
                        </proc:Component>
                        <proc:Component>
                            <proc:Name>Army Reserve</proc:Name>
                            <proc:Cost>
                                <proc:Quantity>
                                    <proc:PriorYear>145</proc:PriorYear>
                                    <proc:CurrentYear>93</proc:CurrentYear>
                                </proc:Quantity>
                                <proc:TotalCost>
                                    <proc:PriorYear>1.119</proc:PriorYear>
                                    <proc:CurrentYear>0.711</proc:CurrentYear>
                                </proc:TotalCost>
                            </proc:Cost>
                        </proc:Component>
                    </proc:ComponentList>
                </proc:SecondaryDistribution>
                <proc:Remarks>FY2024 Unit Cost Increase attributed to only the higher cost manufacturer being able to meet Army's delivery schedule requirements. 
FY2025 Unit Cost decrease attributed to lower cost manufacturer being able to meet delivery schedule requirements.


Increase in Unit Cost for T-11 &amp; MC-6: Contractors for both T-11 and MC-6 IDIQs requested and were awarded an Economic Price Adjustment in 2022 due to inflation. EPA pricing is accounted for in the adjusted stepladder pricing of each IDIQ contract for the life of each contract. 


Both the T-11 system unit cost and MC-6 system unit cost are determined as an average of two IDIQ contracts awarded in FY 2019 and FY 2020, respectively.</proc:Remarks>
                <proc:ResourceSummary>
                    <proc:Quantity>
                        <proc:AllPriorYears>8403</proc:AllPriorYears>
                        <proc:PriorYear>3780</proc:PriorYear>
                        <proc:CurrentYear>2802</proc:CurrentYear>
                        <proc:BudgetYearOneBase>4196</proc:BudgetYearOneBase>
                        <proc:BudgetYearOne>4196</proc:BudgetYearOne>
                    </proc:Quantity>
                    <proc:TotalCost>
                        <proc:AllPriorYears>700.366</proc:AllPriorYears>
                        <proc:PriorYear>39.279</proc:PriorYear>
                        <proc:CurrentYear>35.216</proc:CurrentYear>
                        <proc:BudgetYearOneBase>52.185</proc:BudgetYearOneBase>
                        <proc:BudgetYearOne>52.185</proc:BudgetYearOne>
                    </proc:TotalCost>
                    <proc:UnitCost>
                        <proc:AllPriorYears>83.347</proc:AllPriorYears>
                        <proc:PriorYear>10.391</proc:PriorYear>
                        <proc:CurrentYear>12.568</proc:CurrentYear>
                        <proc:BudgetYearOneBase>12.437</proc:BudgetYearOneBase>
                        <proc:BudgetYearOne>12.437</proc:BudgetYearOne>
                    </proc:UnitCost>
                    <proc:NetProcurementP1>
                        <proc:AllPriorYears>700.366</proc:AllPriorYears>
                        <proc:PriorYear>39.279</proc:PriorYear>
                        <proc:CurrentYear>35.216</proc:CurrentYear>
                        <proc:BudgetYearOneBase>52.185</proc:BudgetYearOneBase>
                        <proc:BudgetYearOne>52.185</proc:BudgetYearOne>
                    </proc:NetProcurementP1>
                    <proc:TotalObligationAuthority>
                        <proc:AllPriorYears>700.366</proc:AllPriorYears>
                        <proc:PriorYear>39.279</proc:PriorYear>
                        <proc:CurrentYear>35.216</proc:CurrentYear>
                        <proc:BudgetYearOneBase>52.185</proc:BudgetYearOneBase>
                        <proc:BudgetYearOne>52.185</proc:BudgetYearOne>
                    </proc:TotalObligationAuthority>
                </proc:ResourceSummary>
                <proc:CostElementCategoryList>
                    <proc:Flyaway>
                        <proc:Recurring>
                            <proc:CostElementList>
                                <proc:CostElement>
                                    <proc:Name>Program Support (PM, Engineering, Logistics)</proc:Name>
                                    <proc:Cost>
                                        <proc:Quantity>
                                            <proc:AllPriorYears>3</proc:AllPriorYears>
                                            <proc:PriorYear>1</proc:PriorYear>
                                            <proc:CurrentYear>1</proc:CurrentYear>
                                            <proc:BudgetYearOneBase>1</proc:BudgetYearOneBase>
                                            <proc:BudgetYearOne>1</proc:BudgetYearOne>
                                        </proc:Quantity>
                                        <proc:TotalCost>
                                            <proc:AllPriorYears>29.796</proc:AllPriorYears>
                                            <proc:PriorYear>2.856</proc:PriorYear>
                                            <proc:CurrentYear>4.217</proc:CurrentYear>
                                            <proc:BudgetYearOneBase>4.735</proc:BudgetYearOneBase>
                                            <proc:BudgetYearOne>4.735</proc:BudgetYearOne>
                                        </proc:TotalCost>
                                        <proc:UnitCost>
                                            <proc:AllPriorYears>9932</proc:AllPriorYears>
                                            <proc:PriorYear>2856</proc:PriorYear>
                                            <proc:CurrentYear>4217</proc:CurrentYear>
                                            <proc:BudgetYearOneBase>4735</proc:BudgetYearOneBase>
                                            <proc:BudgetYearOne>4735</proc:BudgetYearOne>
                                        </proc:UnitCost>
                                    </proc:Cost>
                                </proc:CostElement>
                                <proc:CostElement>
                                    <proc:Name>New Equipment Training</proc:Name>
                                    <proc:Cost>
                                        <proc:Quantity>
                                            <proc:AllPriorYears>3</proc:AllPriorYears>
                                            <proc:PriorYear>1</proc:PriorYear>
                                            <proc:CurrentYear>1</proc:CurrentYear>
                                            <proc:BudgetYearOneBase>1</proc:BudgetYearOneBase>
                                            <proc:BudgetYearOne>1</proc:BudgetYearOne>
                                        </proc:Quantity>
                                        <proc:TotalCost>
                                            <proc:AllPriorYears>117.279</proc:AllPriorYears>
                                            <proc:PriorYear>2.606</proc:PriorYear>
                                            <proc:CurrentYear>2.274</proc:CurrentYear>
                                            <proc:BudgetYearOneBase>2.009</proc:BudgetYearOneBase>
                                            <proc:BudgetYearOne>2.009</proc:BudgetYearOne>
                                        </proc:TotalCost>
                                        <proc:UnitCost>
                                            <proc:AllPriorYears>39093</proc:AllPriorYears>
                                            <proc:PriorYear>2606</proc:PriorYear>
                                            <proc:CurrentYear>2274</proc:CurrentYear>
                                            <proc:BudgetYearOneBase>2009</proc:BudgetYearOneBase>
                                            <proc:BudgetYearOne>2009</proc:BudgetYearOne>
                                        </proc:UnitCost>
                                    </proc:Cost>
                                </proc:CostElement>
                                <proc:CostElement>
                                    <proc:Name>T-11</proc:Name>
                                    <proc:Cost>
                                        <proc:Quantity>
                                            <proc:AllPriorYears>62996</proc:AllPriorYears>
                                            <proc:PriorYear>2925</proc:PriorYear>
                                            <proc:CurrentYear>2002</proc:CurrentYear>
                                            <proc:BudgetYearOneBase>2894</proc:BudgetYearOneBase>
                                            <proc:BudgetYearOne>2894</proc:BudgetYearOne>
                                        </proc:Quantity>
                                        <proc:TotalCost>
                                            <proc:AllPriorYears>303.078</proc:AllPriorYears>
                                            <proc:PriorYear>22.397</proc:PriorYear>
                                            <proc:CurrentYear>15.306</proc:CurrentYear>
                                            <proc:BudgetYearOneBase>22.185</proc:BudgetYearOneBase>
                                            <proc:BudgetYearOne>22.185</proc:BudgetYearOne>
                                        </proc:TotalCost>
                                        <proc:UnitCost>
                                            <proc:AllPriorYears>4.811</proc:AllPriorYears>
                                            <proc:PriorYear>7.657</proc:PriorYear>
                                            <proc:CurrentYear>7.645</proc:CurrentYear>
                                            <proc:BudgetYearOneBase>7.666</proc:BudgetYearOneBase>
                                            <proc:BudgetYearOne>7.666</proc:BudgetYearOne>
                                        </proc:UnitCost>
                                    </proc:Cost>
                                </proc:CostElement>
                                <proc:CostElement>
                                    <proc:Name>MC-6</proc:Name>
                                    <proc:Cost>
                                        <proc:Quantity>
                                            <proc:AllPriorYears>36274</proc:AllPriorYears>
                                            <proc:PriorYear>908</proc:PriorYear>
                                            <proc:CurrentYear>800</proc:CurrentYear>
                                            <proc:BudgetYearOneBase>1302</proc:BudgetYearOneBase>
                                            <proc:BudgetYearOne>1302</proc:BudgetYearOne>
                                        </proc:Quantity>
                                        <proc:TotalCost>
                                            <proc:AllPriorYears>189.247</proc:AllPriorYears>
                                            <proc:PriorYear>7.571</proc:PriorYear>
                                            <proc:CurrentYear>5.35</proc:CurrentYear>
                                            <proc:BudgetYearOneBase>10.873</proc:BudgetYearOneBase>
                                            <proc:BudgetYearOne>10.873</proc:BudgetYearOne>
                                        </proc:TotalCost>
                                        <proc:UnitCost>
                                            <proc:AllPriorYears>5.217</proc:AllPriorYears>
                                            <proc:PriorYear>8.338</proc:PriorYear>
                                            <proc:CurrentYear>6.688</proc:CurrentYear>
                                            <proc:BudgetYearOneBase>8.351</proc:BudgetYearOneBase>
                                            <proc:BudgetYearOne>8.351</proc:BudgetYearOne>
                                        </proc:UnitCost>
                                    </proc:Cost>
                                </proc:CostElement>
                                <proc:CostElement>
                                    <proc:Name>RA-1 (ARAPS)</proc:Name>
                                    <proc:Cost>
                                        <proc:Quantity>
                                            <proc:AllPriorYears>4519</proc:AllPriorYears>
                                        </proc:Quantity>
                                        <proc:TotalCost>
                                            <proc:AllPriorYears>51.642</proc:AllPriorYears>
                                        </proc:TotalCost>
                                        <proc:UnitCost>
                                            <proc:AllPriorYears>11.428</proc:AllPriorYears>
                                        </proc:UnitCost>
                                    </proc:Cost>
                                </proc:CostElement>
                                <proc:CostElement>
                                    <proc:Name>RA-1 SPARE PARTS</proc:Name>
                                    <proc:Cost>
                                        <proc:Quantity>
                                            <proc:AllPriorYears>106</proc:AllPriorYears>
                                            <proc:PriorYear>1</proc:PriorYear>
                                            <proc:CurrentYear>1</proc:CurrentYear>
                                            <proc:BudgetYearOneBase>1</proc:BudgetYearOneBase>
                                            <proc:BudgetYearOne>1</proc:BudgetYearOne>
                                        </proc:Quantity>
                                        <proc:TotalCost>
                                            <proc:AllPriorYears>5.916</proc:AllPriorYears>
                                            <proc:PriorYear>0.316</proc:PriorYear>
                                            <proc:CurrentYear>4.743</proc:CurrentYear>
                                            <proc:BudgetYearOneBase>9.12</proc:BudgetYearOneBase>
                                            <proc:BudgetYearOne>9.12</proc:BudgetYearOne>
                                        </proc:TotalCost>
                                        <proc:UnitCost>
                                            <proc:AllPriorYears>55.811</proc:AllPriorYears>
                                            <proc:PriorYear>316</proc:PriorYear>
                                            <proc:CurrentYear>4743</proc:CurrentYear>
                                            <proc:BudgetYearOneBase>9120</proc:BudgetYearOneBase>
                                            <proc:BudgetYearOne>9120</proc:BudgetYearOne>
                                        </proc:UnitCost>
                                    </proc:Cost>
                                </proc:CostElement>
                                <proc:CostElement>
                                    <proc:Name>EEAAD</proc:Name>
                                    <proc:Cost>
                                        <proc:Quantity>
                                            <proc:AllPriorYears>1070</proc:AllPriorYears>
                                            <proc:PriorYear>935</proc:PriorYear>
                                            <proc:CurrentYear>922</proc:CurrentYear>
                                            <proc:BudgetYearOneBase>855</proc:BudgetYearOneBase>
                                            <proc:BudgetYearOne>855</proc:BudgetYearOne>
                                        </proc:Quantity>
                                        <proc:TotalCost>
                                            <proc:AllPriorYears>3.416</proc:AllPriorYears>
                                            <proc:PriorYear>3.183</proc:PriorYear>
                                            <proc:CurrentYear>3.207</proc:CurrentYear>
                                            <proc:BudgetYearOneBase>3.063</proc:BudgetYearOneBase>
                                            <proc:BudgetYearOne>3.063</proc:BudgetYearOne>
                                        </proc:TotalCost>
                                        <proc:UnitCost>
                                            <proc:AllPriorYears>3.193</proc:AllPriorYears>
                                            <proc:PriorYear>3.404</proc:PriorYear>
                                            <proc:CurrentYear>3.478</proc:CurrentYear>
                                            <proc:BudgetYearOneBase>3.582</proc:BudgetYearOneBase>
                                            <proc:BudgetYearOne>3.582</proc:BudgetYearOne>
                                        </proc:UnitCost>
                                    </proc:Cost>
                                </proc:CostElement>
                            </proc:CostElementList>
                            <proc:CategorySubtotal>
                                <proc:TotalCost>
                                    <proc:AllPriorYears>700.374</proc:AllPriorYears>
                                    <proc:PriorYear>38.929</proc:PriorYear>
                                    <proc:CurrentYear>35.097</proc:CurrentYear>
                                    <proc:BudgetYearOneBase>51.985</proc:BudgetYearOneBase>
                                    <proc:BudgetYearOne>51.985</proc:BudgetYearOne>
                                </proc:TotalCost>
                            </proc:CategorySubtotal>
                        </proc:Recurring>
                        <proc:CategorySubtotal>
                            <proc:TotalCost>
                                <proc:AllPriorYears>700.374</proc:AllPriorYears>
                                <proc:PriorYear>38.929</proc:PriorYear>
                                <proc:CurrentYear>35.097</proc:CurrentYear>
                                <proc:BudgetYearOneBase>51.985</proc:BudgetYearOneBase>
                                <proc:BudgetYearOne>51.985</proc:BudgetYearOne>
                            </proc:TotalCost>
                        </proc:CategorySubtotal>
                    </proc:Flyaway>
                    <proc:Software>
                        <proc:Recurring>
                            <proc:CostElementList>
                                <proc:CostElement>
                                    <proc:Name>Software Support</proc:Name>
                                    <proc:Cost>
                                        <proc:Quantity>
                                            <proc:PriorYear>1</proc:PriorYear>
                                            <proc:CurrentYear>1</proc:CurrentYear>
                                            <proc:BudgetYearOneBase>1</proc:BudgetYearOneBase>
                                            <proc:BudgetYearOne>1</proc:BudgetYearOne>
                                        </proc:Quantity>
                                        <proc:TotalCost>
                                            <proc:PriorYear>0.35</proc:PriorYear>
                                            <proc:CurrentYear>0.12</proc:CurrentYear>
                                            <proc:BudgetYearOneBase>0.2</proc:BudgetYearOneBase>
                                            <proc:BudgetYearOne>0.2</proc:BudgetYearOne>
                                        </proc:TotalCost>
                                        <proc:UnitCost>
                                            <proc:PriorYear>350</proc:PriorYear>
                                            <proc:CurrentYear>120</proc:CurrentYear>
                                            <proc:BudgetYearOneBase>200</proc:BudgetYearOneBase>
                                            <proc:BudgetYearOne>200</proc:BudgetYearOne>
                                        </proc:UnitCost>
                                    </proc:Cost>
                                </proc:CostElement>
                            </proc:CostElementList>
                            <proc:CategorySubtotal>
                                <proc:TotalCost>
                                    <proc:PriorYear>0.35</proc:PriorYear>
                                    <proc:CurrentYear>0.12</proc:CurrentYear>
                                    <proc:BudgetYearOneBase>0.2</proc:BudgetYearOneBase>
                                    <proc:BudgetYearOne>0.2</proc:BudgetYearOne>
                                </proc:TotalCost>
                            </proc:CategorySubtotal>
                        </proc:Recurring>
                        <proc:CategorySubtotal>
                            <proc:TotalCost>
                                <proc:PriorYear>0.35</proc:PriorYear>
                                <proc:CurrentYear>0.12</proc:CurrentYear>
                                <proc:BudgetYearOneBase>0.2</proc:BudgetYearOneBase>
                                <proc:BudgetYearOne>0.2</proc:BudgetYearOne>
                            </proc:TotalCost>
                        </proc:CategorySubtotal>
                    </proc:Software>
                </proc:CostElementCategoryList>
            </proc:P5Item>
            <proc:P5Item>
                <proc:Name>Precision Airdrop</proc:Name>
                <proc:ItemNumber>MA7806</proc:ItemNumber>
                <proc:SecondaryDistribution>
                    <proc:ComponentList>
                        <proc:Component>
                            <proc:Name>Army Active</proc:Name>
                            <proc:Cost>
                                <proc:Quantity>
                                    <proc:PriorYear>36</proc:PriorYear>
                                    <proc:CurrentYear>450</proc:CurrentYear>
                                    <proc:BudgetYearOneBase>214</proc:BudgetYearOneBase>
                                    <proc:BudgetYearOne>214</proc:BudgetYearOne>
                                </proc:Quantity>
                                <proc:TotalCost>
                                    <proc:PriorYear>3</proc:PriorYear>
                                    <proc:CurrentYear>11.096</proc:CurrentYear>
                                    <proc:BudgetYearOneBase>4.299</proc:BudgetYearOneBase>
                                    <proc:BudgetYearOne>4.299</proc:BudgetYearOne>
                                </proc:TotalCost>
                            </proc:Cost>
                        </proc:Component>
                        <proc:Component>
                            <proc:Name>Army National Guard</proc:Name>
                            <proc:Cost>
                                <proc:Quantity>
                                    <proc:BudgetYearOneBase>236</proc:BudgetYearOneBase>
                                    <proc:BudgetYearOne>236</proc:BudgetYearOne>
                                </proc:Quantity>
                                <proc:TotalCost>
                                    <proc:BudgetYearOneBase>4.74</proc:BudgetYearOneBase>
                                    <proc:BudgetYearOne>4.74</proc:BudgetYearOne>
                                </proc:TotalCost>
                            </proc:Cost>
                        </proc:Component>
                    </proc:ComponentList>
                </proc:SecondaryDistribution>
                <proc:ResourceSummary>
                    <proc:Quantity>
                        <proc:AllPriorYears>28</proc:AllPriorYears>
                        <proc:PriorYear>36</proc:PriorYear>
                        <proc:CurrentYear>450</proc:CurrentYear>
                        <proc:BudgetYearOneBase>450</proc:BudgetYearOneBase>
                        <proc:BudgetYearOne>450</proc:BudgetYearOne>
                    </proc:Quantity>
                    <proc:TotalCost>
                        <proc:AllPriorYears>177.114</proc:AllPriorYears>
                        <proc:PriorYear>3</proc:PriorYear>
                        <proc:CurrentYear>11.096</proc:CurrentYear>
                        <proc:BudgetYearOneBase>9.039</proc:BudgetYearOneBase>
                        <proc:BudgetYearOne>9.039</proc:BudgetYearOne>
                    </proc:TotalCost>
                    <proc:UnitCost>
                        <proc:AllPriorYears>6325.5</proc:AllPriorYears>
                        <proc:PriorYear>83.333</proc:PriorYear>
                        <proc:CurrentYear>24.658</proc:CurrentYear>
                        <proc:BudgetYearOneBase>20.087</proc:BudgetYearOneBase>
                        <proc:BudgetYearOne>20.087</proc:BudgetYearOne>
                    </proc:UnitCost>
                    <proc:NetProcurementP1>
                        <proc:AllPriorYears>177.114</proc:AllPriorYears>
                        <proc:PriorYear>3</proc:PriorYear>
                        <proc:CurrentYear>11.096</proc:CurrentYear>
                        <proc:BudgetYearOneBase>9.039</proc:BudgetYearOneBase>
                        <proc:BudgetYearOne>9.039</proc:BudgetYearOne>
                    </proc:NetProcurementP1>
                    <proc:TotalObligationAuthority>
                        <proc:AllPriorYears>177.114</proc:AllPriorYears>
                        <proc:PriorYear>3</proc:PriorYear>
                        <proc:CurrentYear>11.096</proc:CurrentYear>
                        <proc:BudgetYearOneBase>9.039</proc:BudgetYearOneBase>
                        <proc:BudgetYearOne>9.039</proc:BudgetYearOne>
                    </proc:TotalObligationAuthority>
                </proc:ResourceSummary>
                <proc:CostElementCategoryList>
                    <proc:Flyaway>
                        <proc:Recurring>
                            <proc:CostElementList>
                                <proc:CostElement>
                                    <proc:Name>Hardware M-Code Receivers</proc:Name>
                                    <proc:Cost>
                                        <proc:Quantity>
                                            <proc:CurrentYear>80</proc:CurrentYear>
                                            <proc:BudgetYearOneBase>100</proc:BudgetYearOneBase>
                                            <proc:BudgetYearOne>100</proc:BudgetYearOne>
                                        </proc:Quantity>
                                        <proc:TotalCost>
                                            <proc:CurrentYear>0.148</proc:CurrentYear>
                                            <proc:BudgetYearOneBase>0.235</proc:BudgetYearOneBase>
                                            <proc:BudgetYearOne>0.235</proc:BudgetYearOne>
                                        </proc:TotalCost>
                                        <proc:UnitCost>
                                            <proc:CurrentYear>1.85</proc:CurrentYear>
                                            <proc:BudgetYearOneBase>2.35</proc:BudgetYearOneBase>
                                            <proc:BudgetYearOne>2.35</proc:BudgetYearOne>
                                        </proc:UnitCost>
                                    </proc:Cost>
                                    <proc:ManufacturerList>
                                        <proc:Manufacturer>
                                            <proc:Name>TBD</proc:Name>
                                            <proc:Location>TBD</proc:Location>
                                            <proc:HistoryPlanningList>
                                                <proc:HistoryPlanning>
                                                    <proc:FiscalYear>2025</proc:FiscalYear>
                                                    <proc:PCOLocation>PM PNT, Aberdeen, MD</proc:PCOLocation>
                                                    <proc:AwardDate>2025-02</proc:AwardDate>
                                                    <proc:FirstDeliveryDate>2025-07</proc:FirstDeliveryDate>
                                                    <proc:Quantity>80</proc:Quantity>
                                                    <proc:UnitCost>1.85</proc:UnitCost>
                                                    <proc:SpecsAvailableNow>true</proc:SpecsAvailableNow>
                                                    <proc:ContractMethod>C</proc:ContractMethod>
                                                    <proc:ContractType>IDIQ</proc:ContractType>
                                                </proc:HistoryPlanning>
                                                <proc:HistoryPlanning>
                                                    <proc:FiscalYear>2026</proc:FiscalYear>
                                                    <proc:PCOLocation>PM PNT, Aberdeen, MD</proc:PCOLocation>
                                                    <proc:AwardDate>2025-11</proc:AwardDate>
                                                    <proc:FirstDeliveryDate>2026-05</proc:FirstDeliveryDate>
                                                    <proc:Quantity>100</proc:Quantity>
                                                    <proc:UnitCost>2.35</proc:UnitCost>
                                                    <proc:SpecsAvailableNow>true</proc:SpecsAvailableNow>
                                                    <proc:ContractMethod>C</proc:ContractMethod>
                                                    <proc:ContractType>IDIQ</proc:ContractType>
                                                </proc:HistoryPlanning>
                                            </proc:HistoryPlanningList>
                                        </proc:Manufacturer>
                                    </proc:ManufacturerList>
                                </proc:CostElement>
                                <proc:CostElement>
                                    <proc:Name>Hardware M-Code Interface Interface Kits</proc:Name>
                                    <proc:Cost>
                                        <proc:Quantity>
                                            <proc:CurrentYear>80</proc:CurrentYear>
                                        </proc:Quantity>
                                        <proc:TotalCost>
                                            <proc:CurrentYear>0.28</proc:CurrentYear>
                                        </proc:TotalCost>
                                        <proc:UnitCost>
                                            <proc:CurrentYear>3.5</proc:CurrentYear>
                                        </proc:UnitCost>
                                    </proc:Cost>
                                </proc:CostElement>
                                <proc:CostElement>
                                    <proc:Name>Hardware JPADS 2K</proc:Name>
                                    <proc:Cost>
                                        <proc:Quantity>
                                            <proc:AllPriorYears>382</proc:AllPriorYears>
                                            <proc:PriorYear>36</proc:PriorYear>
                                            <proc:CurrentYear>450</proc:CurrentYear>
                                            <proc:BudgetYearOneBase>450</proc:BudgetYearOneBase>
                                            <proc:BudgetYearOne>450</proc:BudgetYearOne>
                                        </proc:Quantity>
                                        <proc:TotalCost>
                                            <proc:AllPriorYears>79.885</proc:AllPriorYears>
                                            <proc:PriorYear>0.632</proc:PriorYear>
                                            <proc:CurrentYear>6.402</proc:CurrentYear>
                                            <proc:BudgetYearOneBase>6.722</proc:BudgetYearOneBase>
                                            <proc:BudgetYearOne>6.722</proc:BudgetYearOne>
                                        </proc:TotalCost>
                                        <proc:UnitCost>
                                            <proc:AllPriorYears>209.123</proc:AllPriorYears>
                                            <proc:PriorYear>17.556</proc:PriorYear>
                                            <proc:CurrentYear>14.227</proc:CurrentYear>
                                            <proc:BudgetYearOneBase>14.938</proc:BudgetYearOneBase>
                                            <proc:BudgetYearOne>14.938</proc:BudgetYearOne>
                                        </proc:UnitCost>
                                    </proc:Cost>
                                    <proc:AllPriorYearsDeliveries>382</proc:AllPriorYearsDeliveries>
                                    <proc:ManufacturerList>
                                        <proc:Manufacturer>
                                            <proc:Name>Wamore, Inc.</proc:Name>
                                            <proc:Location>DLA, Philadelphia, PA</proc:Location>
                                            <proc:MinimumSustainingRate>5</proc:MinimumSustainingRate>
                                            <proc:MaximumProductionRate>100</proc:MaximumProductionRate>
                                            <proc:Rate185>40</proc:Rate185>
                                            <proc:InitialQuantity>
                                                <proc:AdminLeadTimeBeforeOct1InMonths>0</proc:AdminLeadTimeBeforeOct1InMonths>
                                                <proc:AdminLeadTimeAfterOct1InMonths>3</proc:AdminLeadTimeAfterOct1InMonths>
                                                <proc:ProductionLeadTimeAfterOct1InMonths>3</proc:ProductionLeadTimeAfterOct1InMonths>
                                                <proc:TotalLeadTimeAfterOct1InMonths>6</proc:TotalLeadTimeAfterOct1InMonths>
                                            </proc:InitialQuantity>
                                            <proc:ReorderQuantity>
                                                <proc:AdminLeadTimeBeforeOct1InMonths>0</proc:AdminLeadTimeBeforeOct1InMonths>
                                                <proc:AdminLeadTimeAfterOct1InMonths>3</proc:AdminLeadTimeAfterOct1InMonths>
                                                <proc:ProductionLeadTimeAfterOct1InMonths>3</proc:ProductionLeadTimeAfterOct1InMonths>
                                                <proc:TotalLeadTimeAfterOct1InMonths>6</proc:TotalLeadTimeAfterOct1InMonths>
                                            </proc:ReorderQuantity>
                                            <proc:HistoryPlanningList>
                                                <proc:HistoryPlanning>
                                                    <proc:FiscalYear>2024</proc:FiscalYear>
                                                    <proc:PCOLocation>PM FSS, Natick, MA</proc:PCOLocation>
                                                    <proc:AwardDate>2024-01</proc:AwardDate>
                                                    <proc:FirstDeliveryDate>2024-05</proc:FirstDeliveryDate>
                                                    <proc:Quantity>36</proc:Quantity>
                                                    <proc:UnitCost>17.556</proc:UnitCost>
                                                    <proc:SpecsAvailableNow>true</proc:SpecsAvailableNow>
                                                    <proc:ContractMethod>C</proc:ContractMethod>
                                                    <proc:ContractType>IDIQ</proc:ContractType>
                                                </proc:HistoryPlanning>
                                                <proc:HistoryPlanning>
                                                    <proc:FiscalYear>2025</proc:FiscalYear>
                                                    <proc:PCOLocation>PM FSS, Natick</proc:PCOLocation>
                                                    <proc:AwardDate>2025-05</proc:AwardDate>
                                                    <proc:FirstDeliveryDate>2025-09</proc:FirstDeliveryDate>
                                                    <proc:Quantity>450</proc:Quantity>
                                                    <proc:UnitCost>14.227</proc:UnitCost>
                                                    <proc:SpecsAvailableNow>true</proc:SpecsAvailableNow>
                                                    <proc:ContractMethod>C</proc:ContractMethod>
                                                    <proc:ContractType>IDIQ</proc:ContractType>
                                                    <proc:MonthlyDeliveryScheduleList>
                                                        <proc:MonthlyDeliverySchedule>
                                                            <proc:ServiceAgencyName>Army</proc:ServiceAgencyName>
                                                            <proc:ProcQuantity>450</proc:ProcQuantity>
                                                            <proc:MonthlyDeliveryList>
                                                                <proc:MonthlyDelivery>
                                                                    <proc:Month>2025-09</proc:Month>
                                                                    <proc:Amount>38</proc:Amount>
                                                                </proc:MonthlyDelivery>
                                                                <proc:MonthlyDelivery>
                                                                    <proc:Month>2025-10</proc:Month>
                                                                    <proc:Amount>38</proc:Amount>
                                                                </proc:MonthlyDelivery>
                                                                <proc:MonthlyDelivery>
                                                                    <proc:Month>2025-11</proc:Month>
                                                                    <proc:Amount>38</proc:Amount>
                                                                </proc:MonthlyDelivery>
                                                                <proc:MonthlyDelivery>
                                                                    <proc:Month>2025-12</proc:Month>
                                                                    <proc:Amount>38</proc:Amount>
                                                                </proc:MonthlyDelivery>
                                                                <proc:MonthlyDelivery>
                                                                    <proc:Month>2026-01</proc:Month>
                                                                    <proc:Amount>38</proc:Amount>
                                                                </proc:MonthlyDelivery>
                                                                <proc:MonthlyDelivery>
                                                                    <proc:Month>2026-02</proc:Month>
                                                                    <proc:Amount>38</proc:Amount>
                                                                </proc:MonthlyDelivery>
                                                                <proc:MonthlyDelivery>
                                                                    <proc:Month>2026-03</proc:Month>
                                                                    <proc:Amount>38</proc:Amount>
                                                                </proc:MonthlyDelivery>
                                                                <proc:MonthlyDelivery>
                                                                    <proc:Month>2026-04</proc:Month>
                                                                    <proc:Amount>38</proc:Amount>
                                                                </proc:MonthlyDelivery>
                                                                <proc:MonthlyDelivery>
                                                                    <proc:Month>2026-05</proc:Month>
                                                                    <proc:Amount>38</proc:Amount>
                                                                </proc:MonthlyDelivery>
                                                                <proc:MonthlyDelivery>
                                                                    <proc:Month>2026-06</proc:Month>
                                                                    <proc:Amount>38</proc:Amount>
                                                                </proc:MonthlyDelivery>
                                                                <proc:MonthlyDelivery>
                                                                    <proc:Month>2026-07</proc:Month>
                                                                    <proc:Amount>38</proc:Amount>
                                                                </proc:MonthlyDelivery>
                                                                <proc:MonthlyDelivery>
                                                                    <proc:Month>2026-08</proc:Month>
                                                                    <proc:Amount>32</proc:Amount>
                                                                </proc:MonthlyDelivery>
                                                            </proc:MonthlyDeliveryList>
                                                        </proc:MonthlyDeliverySchedule>
                                                    </proc:MonthlyDeliveryScheduleList>
                                                    <proc:MonthlyDeliveryScheduleTotal>
                                                        <proc:ProcQuantity>450</proc:ProcQuantity>
                                                        <proc:MonthlyDeliveryList>
                                                            <proc:MonthlyDelivery>
                                                                <proc:Month>2025-09</proc:Month>
                                                                <proc:Amount>38</proc:Amount>
                                                            </proc:MonthlyDelivery>
                                                            <proc:MonthlyDelivery>
                                                                <proc:Month>2025-10</proc:Month>
                                                                <proc:Amount>38</proc:Amount>
                                                            </proc:MonthlyDelivery>
                                                            <proc:MonthlyDelivery>
                                                                <proc:Month>2025-11</proc:Month>
                                                                <proc:Amount>38</proc:Amount>
                                                            </proc:MonthlyDelivery>
                                                            <proc:MonthlyDelivery>
                                                                <proc:Month>2025-12</proc:Month>
                                                                <proc:Amount>38</proc:Amount>
                                                            </proc:MonthlyDelivery>
                                                            <proc:MonthlyDelivery>
                                                                <proc:Month>2026-01</proc:Month>
                                                                <proc:Amount>38</proc:Amount>
                                                            </proc:MonthlyDelivery>
                                                            <proc:MonthlyDelivery>
                                                                <proc:Month>2026-02</proc:Month>
                                                                <proc:Amount>38</proc:Amount>
                                                            </proc:MonthlyDelivery>
                                                            <proc:MonthlyDelivery>
                                                                <proc:Month>2026-03</proc:Month>
                                                                <proc:Amount>38</proc:Amount>
                                                            </proc:MonthlyDelivery>
                                                            <proc:MonthlyDelivery>
                                                                <proc:Month>2026-04</proc:Month>
                                                                <proc:Amount>38</proc:Amount>
                                                            </proc:MonthlyDelivery>
                                                            <proc:MonthlyDelivery>
                                                                <proc:Month>2026-05</proc:Month>
                                                                <proc:Amount>38</proc:Amount>
                                                            </proc:MonthlyDelivery>
                                                            <proc:MonthlyDelivery>
                                                                <proc:Month>2026-06</proc:Month>
                                                                <proc:Amount>38</proc:Amount>
                                                            </proc:MonthlyDelivery>
                                                            <proc:MonthlyDelivery>
                                                                <proc:Month>2026-07</proc:Month>
                                                                <proc:Amount>38</proc:Amount>
                                                            </proc:MonthlyDelivery>
                                                            <proc:MonthlyDelivery>
                                                                <proc:Month>2026-08</proc:Month>
                                                                <proc:Amount>32</proc:Amount>
                                                            </proc:MonthlyDelivery>
                                                        </proc:MonthlyDeliveryList>
                                                    </proc:MonthlyDeliveryScheduleTotal>
                                                </proc:HistoryPlanning>
                                                <proc:HistoryPlanning>
                                                    <proc:FiscalYear>2026</proc:FiscalYear>
                                                    <proc:PCOLocation>PM FSS, Natick</proc:PCOLocation>
                                                    <proc:AwardDate>2026-01</proc:AwardDate>
                                                    <proc:FirstDeliveryDate>2026-05</proc:FirstDeliveryDate>
                                                    <proc:Quantity>450</proc:Quantity>
                                                    <proc:UnitCost>14.938</proc:UnitCost>
                                                    <proc:SpecsAvailableNow>true</proc:SpecsAvailableNow>
                                                    <proc:ContractMethod>C</proc:ContractMethod>
                                                    <proc:ContractType>IDIQ</proc:ContractType>
                                                    <proc:MonthlyDeliveryScheduleList>
                                                        <proc:MonthlyDeliverySchedule>
                                                            <proc:ServiceAgencyName>Army</proc:ServiceAgencyName>
                                                            <proc:ProcQuantity>450</proc:ProcQuantity>
                                                            <proc:MonthlyDeliveryList>
                                                                <proc:MonthlyDelivery>
                                                                    <proc:Month>2026-05</proc:Month>
                                                                    <proc:Amount>12</proc:Amount>
                                                                </proc:MonthlyDelivery>
                                                                <proc:MonthlyDelivery>
                                                                    <proc:Month>2026-06</proc:Month>
                                                                    <proc:Amount>12</proc:Amount>
                                                                </proc:MonthlyDelivery>
                                                                <proc:MonthlyDelivery>
                                                                    <proc:Month>2026-07</proc:Month>
                                                                    <proc:Amount>12</proc:Amount>
                                                                </proc:MonthlyDelivery>
                                                                <proc:MonthlyDelivery>
                                                                    <proc:Month>2026-08</proc:Month>
                                                                    <proc:Amount>18</proc:Amount>
                                                                </proc:MonthlyDelivery>
                                                                <proc:MonthlyDelivery>
                                                                    <proc:Month>2026-09</proc:Month>
                                                                    <proc:Amount>50</proc:Amount>
                                                                </proc:MonthlyDelivery>
                                                                <proc:MonthlyDelivery>
                                                                    <proc:Month>2026-10</proc:Month>
                                                                    <proc:Amount>50</proc:Amount>
                                                                </proc:MonthlyDelivery>
                                                                <proc:MonthlyDelivery>
                                                                    <proc:Month>2026-11</proc:Month>
                                                                    <proc:Amount>50</proc:Amount>
                                                                </proc:MonthlyDelivery>
                                                                <proc:MonthlyDelivery>
                                                                    <proc:Month>2026-12</proc:Month>
                                                                    <proc:Amount>50</proc:Amount>
                                                                </proc:MonthlyDelivery>
                                                                <proc:MonthlyDelivery>
                                                                    <proc:Month>2027-01</proc:Month>
                                                                    <proc:Amount>50</proc:Amount>
                                                                </proc:MonthlyDelivery>
                                                                <proc:MonthlyDelivery>
                                                                    <proc:Month>2027-02</proc:Month>
                                                                    <proc:Amount>50</proc:Amount>
                                                                </proc:MonthlyDelivery>
                                                                <proc:MonthlyDelivery>
                                                                    <proc:Month>2027-03</proc:Month>
                                                                    <proc:Amount>50</proc:Amount>
                                                                </proc:MonthlyDelivery>
                                                                <proc:MonthlyDelivery>
                                                                    <proc:Month>2027-04</proc:Month>
                                                                    <proc:Amount>46</proc:Amount>
                                                                </proc:MonthlyDelivery>
                                                            </proc:MonthlyDeliveryList>
                                                        </proc:MonthlyDeliverySchedule>
                                                    </proc:MonthlyDeliveryScheduleList>
                                                    <proc:MonthlyDeliveryScheduleTotal>
                                                        <proc:ProcQuantity>450</proc:ProcQuantity>
                                                        <proc:MonthlyDeliveryList>
                                                            <proc:MonthlyDelivery>
                                                                <proc:Month>2026-05</proc:Month>
                                                                <proc:Amount>12</proc:Amount>
                                                            </proc:MonthlyDelivery>
                                                            <proc:MonthlyDelivery>
                                                                <proc:Month>2026-06</proc:Month>
                                                                <proc:Amount>12</proc:Amount>
                                                            </proc:MonthlyDelivery>
                                                            <proc:MonthlyDelivery>
                                                                <proc:Month>2026-07</proc:Month>
                                                                <proc:Amount>12</proc:Amount>
                                                            </proc:MonthlyDelivery>
                                                            <proc:MonthlyDelivery>
                                                                <proc:Month>2026-08</proc:Month>
                                                                <proc:Amount>18</proc:Amount>
                                                            </proc:MonthlyDelivery>
                                                            <proc:MonthlyDelivery>
                                                                <proc:Month>2026-09</proc:Month>
                                                                <proc:Amount>50</proc:Amount>
                                                            </proc:MonthlyDelivery>
                                                            <proc:MonthlyDelivery>
                                                                <proc:Month>2026-10</proc:Month>
                                                                <proc:Amount>50</proc:Amount>
                                                            </proc:MonthlyDelivery>
                                                            <proc:MonthlyDelivery>
                                                                <proc:Month>2026-11</proc:Month>
                                                                <proc:Amount>50</proc:Amount>
                                                            </proc:MonthlyDelivery>
                                                            <proc:MonthlyDelivery>
                                                                <proc:Month>2026-12</proc:Month>
                                                                <proc:Amount>50</proc:Amount>
                                                            </proc:MonthlyDelivery>
                                                            <proc:MonthlyDelivery>
                                                                <proc:Month>2027-01</proc:Month>
                                                                <proc:Amount>50</proc:Amount>
                                                            </proc:MonthlyDelivery>
                                                            <proc:MonthlyDelivery>
                                                                <proc:Month>2027-02</proc:Month>
                                                                <proc:Amount>50</proc:Amount>
                                                            </proc:MonthlyDelivery>
                                                            <proc:MonthlyDelivery>
                                                                <proc:Month>2027-03</proc:Month>
                                                                <proc:Amount>50</proc:Amount>
                                                            </proc:MonthlyDelivery>
                                                            <proc:MonthlyDelivery>
                                                                <proc:Month>2027-04</proc:Month>
                                                                <proc:Amount>46</proc:Amount>
                                                            </proc:MonthlyDelivery>
                                                        </proc:MonthlyDeliveryList>
                                                    </proc:MonthlyDeliveryScheduleTotal>
                                                </proc:HistoryPlanning>
                                            </proc:HistoryPlanningList>
                                        </proc:Manufacturer>
                                    </proc:ManufacturerList>
                                </proc:CostElement>
                                <proc:CostElement>
                                    <proc:Name>Hardware Spares JPADS 2K</proc:Name>
                                    <proc:Cost>
                                        <proc:TotalCost>
                                            <proc:AllPriorYears>1.996</proc:AllPriorYears>
                                        </proc:TotalCost>
                                    </proc:Cost>
                                </proc:CostElement>
                                <proc:CostElement>
                                    <proc:Name>Sys Test &amp; Evaluate, Production</proc:Name>
                                    <proc:Cost>
                                        <proc:TotalCost>
                                            <proc:AllPriorYears>0.756</proc:AllPriorYears>
                                        </proc:TotalCost>
                                    </proc:Cost>
                                </proc:CostElement>
                                <proc:CostElement>
                                    <proc:Name>Fielding/Training</proc:Name>
                                    <proc:Cost>
                                        <proc:TotalCost>
                                            <proc:AllPriorYears>1.893</proc:AllPriorYears>
                                            <proc:CurrentYear>0.075</proc:CurrentYear>
                                            <proc:BudgetYearOneBase>0.075</proc:BudgetYearOneBase>
                                            <proc:BudgetYearOne>0.075</proc:BudgetYearOne>
                                        </proc:TotalCost>
                                    </proc:Cost>
                                </proc:CostElement>
                                <proc:CostElement>
                                    <proc:Name>Engineering Changes - JPADS Software Updates</proc:Name>
                                    <proc:Cost>
                                        <proc:TotalCost>
                                            <proc:AllPriorYears>5.538</proc:AllPriorYears>
                                            <proc:PriorYear>1.753</proc:PriorYear>
                                            <proc:CurrentYear>1.941</proc:CurrentYear>
                                        </proc:TotalCost>
                                    </proc:Cost>
                                </proc:CostElement>
                                <proc:CostElement>
                                    <proc:Name>Data</proc:Name>
                                    <proc:Cost>
                                        <proc:TotalCost>
                                            <proc:AllPriorYears>0.859</proc:AllPriorYears>
                                        </proc:TotalCost>
                                    </proc:Cost>
                                </proc:CostElement>
                                <proc:CostElement>
                                    <proc:Name>Engineering Changes</proc:Name>
                                    <proc:Cost>
                                        <proc:TotalCost>
                                            <proc:AllPriorYears>2.818</proc:AllPriorYears>
                                        </proc:TotalCost>
                                    </proc:Cost>
                                </proc:CostElement>
                                <proc:CostElement>
                                    <proc:Name>CLS/Shipping JPADS 2K</proc:Name>
                                    <proc:Cost>
                                        <proc:TotalCost>
                                            <proc:AllPriorYears>0.956</proc:AllPriorYears>
                                            <proc:PriorYear>0.135</proc:PriorYear>
                                            <proc:CurrentYear>0.132</proc:CurrentYear>
                                        </proc:TotalCost>
                                    </proc:Cost>
                                </proc:CostElement>
                                <proc:CostElement>
                                    <proc:Name>Hardware JPADS 10K</proc:Name>
                                    <proc:Cost>
                                        <proc:Quantity>
                                            <proc:AllPriorYears>141</proc:AllPriorYears>
                                        </proc:Quantity>
                                        <proc:TotalCost>
                                            <proc:AllPriorYears>59.265</proc:AllPriorYears>
                                        </proc:TotalCost>
                                        <proc:UnitCost>
                                            <proc:AllPriorYears>420.319</proc:AllPriorYears>
                                        </proc:UnitCost>
                                    </proc:Cost>
                                </proc:CostElement>
                                <proc:CostElement>
                                    <proc:Name>System Engineering/Program Management</proc:Name>
                                    <proc:Cost>
                                        <proc:TotalCost>
                                            <proc:AllPriorYears>23.148</proc:AllPriorYears>
                                            <proc:PriorYear>0.48</proc:PriorYear>
                                            <proc:CurrentYear>2.118</proc:CurrentYear>
                                            <proc:BudgetYearOneBase>2.008</proc:BudgetYearOneBase>
                                            <proc:BudgetYearOne>2.008</proc:BudgetYearOne>
                                        </proc:TotalCost>
                                    </proc:Cost>
                                </proc:CostElement>
                            </proc:CostElementList>
                            <proc:CategorySubtotal>
                                <proc:TotalCost>
                                    <proc:AllPriorYears>177.114</proc:AllPriorYears>
                                    <proc:PriorYear>3</proc:PriorYear>
                                    <proc:CurrentYear>11.096</proc:CurrentYear>
                                    <proc:BudgetYearOneBase>9.04</proc:BudgetYearOneBase>
                                    <proc:BudgetYearOne>9.04</proc:BudgetYearOne>
                                </proc:TotalCost>
                            </proc:CategorySubtotal>
                        </proc:Recurring>
                        <proc:CategorySubtotal>
                            <proc:TotalCost>
                                <proc:AllPriorYears>177.114</proc:AllPriorYears>
                                <proc:PriorYear>3</proc:PriorYear>
                                <proc:CurrentYear>11.096</proc:CurrentYear>
                                <proc:BudgetYearOneBase>9.04</proc:BudgetYearOneBase>
                                <proc:BudgetYearOne>9.04</proc:BudgetYearOne>
                            </proc:TotalCost>
                        </proc:CategorySubtotal>
                    </proc:Flyaway>
                </proc:CostElementCategoryList>
                <proc:OverallHistoryPlanningRemarks>JPADS 2K contract is an IDIQ with multiple vendors with each delivery order completed amongst the qualified vendors.</proc:OverallHistoryPlanningRemarks>
            </proc:P5Item>
        </proc:ItemExhibitList>
        <proc:DocumentAssemblyOptions>
            <proc:p40AItemScheduleSetting>item</proc:p40AItemScheduleSetting>
        </proc:DocumentAssemblyOptions>
    </proc:LineItem>
</proc:LineItemList>