<?xml version="1.0" encoding="UTF-8"?>
<proc:LineItemList xmlns:proc="http://www.dtic.mil/comptroller/xml/schema/20100219/procurement">
    <proc:LineItem quantityUnits="Each" quantityUnitName="Each" unitCostUnits="Thousands" totalCostUnits="Millions" manufacturerRateUnits="Yearly">
        <proc:LineItemNumber>8822G01101</proc:LineItemNumber>
        <proc:LineItemTitle>Personnel Recovery Support System (PRSS)</proc:LineItemTitle>
        <proc:P1LineNumber>155</proc:P1LineNumber>
        <proc:BudgetYear>2026</proc:BudgetYear>
        <proc:BudgetCycle>PB</proc:BudgetCycle>
        <proc:SubmissionDate>2025-06</proc:SubmissionDate>
        <proc:ServiceAgencyName>Army</proc:ServiceAgencyName>
        <proc:AppropriationNumber>2035A</proc:AppropriationNumber>
        <proc:AppropriationTitle>Other Procurement, Army</proc:AppropriationTitle>
        <proc:BudgetActivityNumber>3</proc:BudgetActivityNumber>
        <proc:BudgetActivityTitle>Other Support Equipment</proc:BudgetActivityTitle>
        <proc:BudgetSubActivityNumber>25</proc:BudgetSubActivityNumber>
        <proc:BudgetSubActivityTitle>Combat Service Support Equipment</proc:BudgetSubActivityTitle>
        <proc:ResourceSummary>
            <proc:Quantity>
                <proc:AllPriorYears>10530</proc:AllPriorYears>
                <proc:PriorYear>2960</proc:PriorYear>
                <proc:CurrentYear>4052</proc:CurrentYear>
            </proc:Quantity>
            <proc:TotalCost>
                <proc:AllPriorYears>131.537</proc:AllPriorYears>
                <proc:PriorYear>5.356</proc:PriorYear>
                <proc:CurrentYear>6.503</proc:CurrentYear>
            </proc:TotalCost>
            <proc:UnitCost>
                <proc:AllPriorYears>12.492</proc:AllPriorYears>
                <proc:PriorYear>1.809</proc:PriorYear>
                <proc:CurrentYear>1.605</proc:CurrentYear>
            </proc:UnitCost>
            <proc:NetProcurementP1>
                <proc:AllPriorYears>131.537</proc:AllPriorYears>
                <proc:PriorYear>5.356</proc:PriorYear>
                <proc:CurrentYear>6.503</proc:CurrentYear>
            </proc:NetProcurementP1>
            <proc:TotalObligationAuthority>
                <proc:AllPriorYears>131.537</proc:AllPriorYears>
                <proc:PriorYear>5.356</proc:PriorYear>
                <proc:CurrentYear>6.503</proc:CurrentYear>
            </proc:TotalObligationAuthority>
        </proc:ResourceSummary>
        <proc:SecondaryDistribution>
            <proc:ComponentList>
                <proc:Component>
                    <proc:Name>Army Active</proc:Name>
                    <proc:Cost>
                        <proc:Quantity>
                            <proc:PriorYear>2960</proc:PriorYear>
                            <proc:CurrentYear>4052</proc:CurrentYear>
                        </proc:Quantity>
                        <proc:TotalCost>
                            <proc:PriorYear>5.356</proc:PriorYear>
                            <proc:CurrentYear>6.503</proc:CurrentYear>
                        </proc:TotalCost>
                    </proc:Cost>
                </proc:Component>
            </proc:ComponentList>
            <proc:TotalCost>
                <proc:Quantity>
                    <proc:PriorYear>2960</proc:PriorYear>
                    <proc:CurrentYear>4052</proc:CurrentYear>
                </proc:Quantity>
                <proc:TotalCost>
                    <proc:PriorYear>5.356</proc:PriorYear>
                    <proc:CurrentYear>6.503</proc:CurrentYear>
                </proc:TotalCost>
            </proc:TotalCost>
        </proc:SecondaryDistribution>
        <proc:Description>The Personnel Recovery Support System (PRSS) consists of several components that included Personnel Recovery Devices (PRD) and other Personnel Recovery Support Equipment (PRSE) items to report and locate isolated Soldiers, forces and elements in a GPS denied environment.</proc:Description>
        <proc:Justification>G01101 has no request in FY 2026.</proc:Justification>
        <proc:DocumentAssemblyOptions>
            <proc:p40AItemScheduleSetting>item</proc:p40AItemScheduleSetting>
        </proc:DocumentAssemblyOptions>
    </proc:LineItem>
</proc:LineItemList>