<?xml version="1.0" encoding="UTF-8"?>
<proc:LineItemList xmlns:proc="http://www.dtic.mil/comptroller/xml/schema/20100219/procurement">
    <proc:LineItem quantityUnits="Each" quantityUnitName="Each" unitCostUnits="Thousands" totalCostUnits="Millions" manufacturerRateUnits="Yearly">
        <proc:LineItemNumber>9280BZ5075</proc:LineItemNumber>
        <proc:LineItemTitle>IAMD Battle Command System</proc:LineItemTitle>
        <proc:P1LineNumber>116</proc:P1LineNumber>
        <proc:BudgetYear>2026</proc:BudgetYear>
        <proc:BudgetCycle>PB</proc:BudgetCycle>
        <proc:SubmissionDate>2025-06</proc:SubmissionDate>
        <proc:ServiceAgencyName>Army</proc:ServiceAgencyName>
        <proc:AppropriationNumber>2035A</proc:AppropriationNumber>
        <proc:AppropriationTitle>Other Procurement, Army</proc:AppropriationTitle>
        <proc:BudgetActivityNumber>2</proc:BudgetActivityNumber>
        <proc:BudgetActivityTitle>Communications and Electronics Equipment</proc:BudgetActivityTitle>
        <proc:BudgetSubActivityNumber>89</proc:BudgetSubActivityNumber>
        <proc:BudgetSubActivityTitle>Elect Equip - Tactical C2 Systems</proc:BudgetSubActivityTitle>
        <proc:ResourceSummary>
            <proc:Quantity>
                <proc:AllPriorYears>25</proc:AllPriorYears>
                <proc:PriorYear>18</proc:PriorYear>
                <proc:CurrentYear>8</proc:CurrentYear>
                <proc:BudgetYearOneBase>35</proc:BudgetYearOneBase>
                <proc:BudgetYearOne>35</proc:BudgetYearOne>
            </proc:Quantity>
            <proc:TotalCost>
                <proc:AllPriorYears>1106.203</proc:AllPriorYears>
                <proc:PriorYear>418.756</proc:PriorYear>
                <proc:CurrentYear>347.883</proc:CurrentYear>
                <proc:BudgetYearOneBase>546.48</proc:BudgetYearOneBase>
                <proc:BudgetYearOne>546.48</proc:BudgetYearOne>
            </proc:TotalCost>
            <proc:UnitCost>
                <proc:AllPriorYears>44248.12</proc:AllPriorYears>
                <proc:PriorYear>23264.222</proc:PriorYear>
                <proc:CurrentYear>43485.375</proc:CurrentYear>
                <proc:BudgetYearOneBase>15613.714</proc:BudgetYearOneBase>
                <proc:BudgetYearOne>15613.714</proc:BudgetYearOne>
            </proc:UnitCost>
            <proc:NetProcurementP1>
                <proc:AllPriorYears>1106.203</proc:AllPriorYears>
                <proc:PriorYear>418.756</proc:PriorYear>
                <proc:CurrentYear>347.883</proc:CurrentYear>
                <proc:BudgetYearOneBase>546.48</proc:BudgetYearOneBase>
                <proc:BudgetYearOne>546.48</proc:BudgetYearOne>
            </proc:NetProcurementP1>
            <proc:TotalObligationAuthority>
                <proc:AllPriorYears>1106.203</proc:AllPriorYears>
                <proc:PriorYear>418.756</proc:PriorYear>
                <proc:CurrentYear>347.883</proc:CurrentYear>
                <proc:BudgetYearOneBase>546.48</proc:BudgetYearOneBase>
                <proc:BudgetYearOne>546.48</proc:BudgetYearOne>
            </proc:TotalObligationAuthority>
        </proc:ResourceSummary>
        <proc:OtherRelatedProgramElementList>
            <proc:ProgramElementNumber>0603327A</proc:ProgramElementNumber>
            <proc:ProgramElementNumber>0605457A</proc:ProgramElementNumber>
        </proc:OtherRelatedProgramElementList>
        <proc:SecondaryDistribution>
            <proc:ComponentList>
                <proc:Component>
                    <proc:Name>Army Active</proc:Name>
                    <proc:Cost>
                        <proc:Quantity>
                            <proc:PriorYear>18</proc:PriorYear>
                            <proc:CurrentYear>8</proc:CurrentYear>
                            <proc:BudgetYearOneBase>35</proc:BudgetYearOneBase>
                            <proc:BudgetYearOne>35</proc:BudgetYearOne>
                        </proc:Quantity>
                        <proc:TotalCost>
                            <proc:PriorYear>418.756</proc:PriorYear>
                            <proc:CurrentYear>347.883</proc:CurrentYear>
                            <proc:BudgetYearOneBase>546.48</proc:BudgetYearOneBase>
                            <proc:BudgetYearOne>546.48</proc:BudgetYearOne>
                        </proc:TotalCost>
                    </proc:Cost>
                </proc:Component>
            </proc:ComponentList>
            <proc:TotalCost>
                <proc:Quantity>
                    <proc:PriorYear>18</proc:PriorYear>
                    <proc:CurrentYear>8</proc:CurrentYear>
                    <proc:BudgetYearOneBase>35</proc:BudgetYearOneBase>
                    <proc:BudgetYearOne>35</proc:BudgetYearOne>
                </proc:Quantity>
                <proc:TotalCost>
                    <proc:PriorYear>418.756</proc:PriorYear>
                    <proc:CurrentYear>347.883</proc:CurrentYear>
                    <proc:BudgetYearOneBase>546.48</proc:BudgetYearOneBase>
                    <proc:BudgetYearOne>546.48</proc:BudgetYearOne>
                </proc:TotalCost>
            </proc:TotalCost>
        </proc:SecondaryDistribution>
        <proc:Description>This funding line is directly aligned to the U.S. Army Air and Missile Defense (AMD) Modernization Priority. 

The Army Integrated Air and Missile Defense (AIAMD) program is a direct response to the U.S. Army AMD Concept and Operational and Organizational (O&amp;O) Plan for the Future Force, the AIAMD System of Systems (SoS) Capabilities Development Document (CDD), and the AMD Task Force Concept of Operations (CONOPS). The AIAMD Program is uniquely structured to enable the development of an overarching system of systems (SoS) capability with all participating Air Defense Artillery (ADA) components functioning interdependently to provide total operational capabilities not achievable by the individual element systems. The AIAMD program achieves this objective by establishing the AIAMD architecture and developing (1) the IAMD Battle Command Systems (IBCS) Engagement Operations Center (EOC) that provides the common Mission Command capability, (2) the Integrated Fire Control Network (IFCN) Relay capability for fire control connectivity and distributed operations, and (3) the common Plug and Fight (P&amp;F) Kits that network enable multiple sensor components, weapon components, and the IBCS EOC.

The AIAMD Program will provide advanced capabilities to the Army and the soldier by allowing transformation to a network-centric system-of-systems capability (also referred to as "Plug and Fight") that integrates Army AMD sensors and weapons with the IBCS EOC. The AIAMD SoS architecture will enable extended range and non-line-of-sight engagements to include joint kill chain engagements across the full spectrum of aerial threats, providing fire control quality data to the most appropriate weapon to complete the mission successfully. Further, it will mitigate the coverage gaps and the single points of failure that have affected AMD defense design in the past. The AIAMD program will provide the user with the ability to train on a single IBCS that will result in overall training savings. The AIAMD program will also provide the Army with the ability to procure components that will build to established Integrated Fire Control interfaces alleviating the cost of procuring total system capabilities in the future. 

AIAMD will be delivered through the fielding of the IBCS-based AIAMD architecture, including the IBCS EOC, IFCN Relay, Sentinel A3, and Patriot components connected via an IFCN, working in an integrated manner. The government controlled open architecture enables integration of future capabilities to meet emerging threats and fielding to Enduring Indirect Fire Protection Capability (IFPC), Air Defense Airspace Management (ADAM) Cells, ADA Brigade, Army Air and Missile Defense Command Headquarters (AAMDC), and Terminal High Altitude Area Defense (THAAD).</proc:Description>
        <proc:Justification>FY 2026 base procurement dollars in the amount of $546.480 million will procure hardware to convert:
Two (2) PATRIOT Battalions to IBCS Enabled Battalions (12 Engagement Operation Centers (EOC) and 24 Integrated Fire Control Network (IFCN) Relays)
One (1) Indirect Fire Protection Capability (IFPC) Battalion (14 EOCs and 9 IFCN Relays)
One (1) Terminal High Altitude Area Defense (THAAD) Battery (1 EOC)
One (1) AAMDC (3 EOCs, 3 IFCN Relays)
One (1) ADA BDEs (2 EOCs and 3 IFCN Relays)
Two (2) Trainer (2 EOC). 
Funds also procure Plug and Fight Items, Prime Movers, Government Furnished Equipment, such as radios and Global Position System equipment, and initial spares.

In accordance with section 1815 of the FY 2008 National Defense Authorization Act (P.L. 110 - 181), this item is necessary for use by the active and reserve components of the Armed Forces for homeland defense missions, domestic emergency responses, and providing military support to civil authorities.</proc:Justification>
        <proc:MDAPCode>205</proc:MDAPCode>
        <proc:ItemExhibitList>
            <proc:P5Item>
                <proc:Name>IAMD Battle Command System</proc:Name>
                <proc:ItemNumber>BZ5075</proc:ItemNumber>
                <proc:SecondaryDistribution>
                    <proc:ComponentList>
                        <proc:Component>
                            <proc:Name>Army Active</proc:Name>
                            <proc:Cost>
                                <proc:Quantity>
                                    <proc:PriorYear>18</proc:PriorYear>
                                    <proc:CurrentYear>8</proc:CurrentYear>
                                    <proc:BudgetYearOneBase>35</proc:BudgetYearOneBase>
                                    <proc:BudgetYearOne>35</proc:BudgetYearOne>
                                </proc:Quantity>
                                <proc:TotalCost>
                                    <proc:PriorYear>418.756</proc:PriorYear>
                                    <proc:CurrentYear>347.883</proc:CurrentYear>
                                    <proc:BudgetYearOneBase>546.48</proc:BudgetYearOneBase>
                                    <proc:BudgetYearOne>546.48</proc:BudgetYearOne>
                                </proc:TotalCost>
                            </proc:Cost>
                        </proc:Component>
                    </proc:ComponentList>
                </proc:SecondaryDistribution>
                <proc:Remarks>In FY 2026 total costs include the production and integration of IAMD Battle Command System (IBCS) Engagement Operation Centers (EOC) and Integrated Fire Control Network (IFCN) Relays, procurement of Contractor Furnished Equipment (CFE) and Government Furnished Equipment (GFE) required for integration, Component Major Item (CMI), associated costs of changes driven by commercial-off-the-shelf (COTS) hardware availability, commercial-off-the-shelf (COTS) software, software license costs associated with delivery of Major End Items (MEIs), production facilities, initial spares, interim contractor support, logistics support, Systems Engineering, Program Management, and Plug and Fight Items to network enable multiple sensor and weapon components with IBCS.

In FY 2026, Prime Mover cost is reflected in the Government Furnished Equipment (GFE) Cost Element rather than the Component Major Item (CMI) cost element.  The Army has formally decided the Program Management Office is responsible for procuring the M1085A2 trucks and other GFE to support production of the IAMD Battle Command System Major End Items.  Likewise, GFE also includes Plug and Fight items starting in FY 2026.

In FY 2025, the Interim Contractor Support Cost Element increased due to accelerated fielding activities per guidance of Chief of Staff Army as well as Transformation in Contact (TiC) efforts.

Systems engineering covers a wide range of engineering to include ECPs. It is a cost estimating factor based on production maturity as well as units produced.

Prior Years, FY 2025 and FY 2026 quantities are incorrect on the P-40 due to COMPO. Correct quantities are below as well as on the P-5 breakout.

Prior Years (FY 2020-2023)
EOC =42; Relay = 91

FY 2025 
EOC = 9; Relay = 16

FY 2026
EOC = 34; Relay = 40</proc:Remarks>
                <proc:ResourceSummary>
                    <proc:Quantity>
                        <proc:AllPriorYears>25</proc:AllPriorYears>
                        <proc:PriorYear>18</proc:PriorYear>
                        <proc:CurrentYear>8</proc:CurrentYear>
                        <proc:BudgetYearOneBase>35</proc:BudgetYearOneBase>
                        <proc:BudgetYearOne>35</proc:BudgetYearOne>
                    </proc:Quantity>
                    <proc:TotalCost>
                        <proc:AllPriorYears>1106.203</proc:AllPriorYears>
                        <proc:PriorYear>418.756</proc:PriorYear>
                        <proc:CurrentYear>347.883</proc:CurrentYear>
                        <proc:BudgetYearOneBase>546.48</proc:BudgetYearOneBase>
                        <proc:BudgetYearOne>546.48</proc:BudgetYearOne>
                    </proc:TotalCost>
                    <proc:UnitCost>
                        <proc:AllPriorYears>44248.12</proc:AllPriorYears>
                        <proc:PriorYear>23264.222</proc:PriorYear>
                        <proc:CurrentYear>43485.375</proc:CurrentYear>
                        <proc:BudgetYearOneBase>15613.714</proc:BudgetYearOneBase>
                        <proc:BudgetYearOne>15613.714</proc:BudgetYearOne>
                    </proc:UnitCost>
                    <proc:NetProcurementP1>
                        <proc:AllPriorYears>1106.203</proc:AllPriorYears>
                        <proc:PriorYear>418.756</proc:PriorYear>
                        <proc:CurrentYear>347.883</proc:CurrentYear>
                        <proc:BudgetYearOneBase>546.48</proc:BudgetYearOneBase>
                        <proc:BudgetYearOne>546.48</proc:BudgetYearOne>
                    </proc:NetProcurementP1>
                    <proc:TotalObligationAuthority>
                        <proc:AllPriorYears>1106.203</proc:AllPriorYears>
                        <proc:PriorYear>418.756</proc:PriorYear>
                        <proc:CurrentYear>347.883</proc:CurrentYear>
                        <proc:BudgetYearOneBase>546.48</proc:BudgetYearOneBase>
                        <proc:BudgetYearOne>546.48</proc:BudgetYearOne>
                    </proc:TotalObligationAuthority>
                </proc:ResourceSummary>
                <proc:CostElementCategoryList>
                    <proc:Flyaway>
                        <proc:Recurring>
                            <proc:CostElementList>
                                <proc:CostElement>
                                    <proc:Name>Engagement Operation Centers (CFE)</proc:Name>
                                    <proc:Cost>
                                        <proc:Quantity>
                                            <proc:AllPriorYears>42</proc:AllPriorYears>
                                            <proc:PriorYear>18</proc:PriorYear>
                                            <proc:CurrentYear>9</proc:CurrentYear>
                                            <proc:BudgetYearOneBase>34</proc:BudgetYearOneBase>
                                            <proc:BudgetYearOne>34</proc:BudgetYearOne>
                                        </proc:Quantity>
                                        <proc:TotalCost>
                                            <proc:AllPriorYears>281.115</proc:AllPriorYears>
                                            <proc:PriorYear>142.557</proc:PriorYear>
                                            <proc:CurrentYear>78.527</proc:CurrentYear>
                                            <proc:BudgetYearOneBase>186.093</proc:BudgetYearOneBase>
                                            <proc:BudgetYearOne>186.093</proc:BudgetYearOne>
                                        </proc:TotalCost>
                                        <proc:UnitCost>
                                            <proc:AllPriorYears>6693.214</proc:AllPriorYears>
                                            <proc:PriorYear>7919.833</proc:PriorYear>
                                            <proc:CurrentYear>8725.222</proc:CurrentYear>
                                            <proc:BudgetYearOneBase>5473.324</proc:BudgetYearOneBase>
                                            <proc:BudgetYearOne>5473.324</proc:BudgetYearOne>
                                        </proc:UnitCost>
                                    </proc:Cost>
                                    <proc:AllPriorYearsDeliveries>28</proc:AllPriorYearsDeliveries>
                                    <proc:ManufacturerList>
                                        <proc:Manufacturer>
                                            <proc:Name>Northrop Grumman Systems Corporation</proc:Name>
                                            <proc:Location>Huntsville, Alabama</proc:Location>
                                            <proc:MinimumSustainingRate>12</proc:MinimumSustainingRate>
                                            <proc:MaximumProductionRate>72</proc:MaximumProductionRate>
                                            <proc:Rate185>36</proc:Rate185>
                                            <proc:InitialQuantity>
                                                <proc:AdminLeadTimeBeforeOct1InMonths>12</proc:AdminLeadTimeBeforeOct1InMonths>
                                                <proc:AdminLeadTimeAfterOct1InMonths>11</proc:AdminLeadTimeAfterOct1InMonths>
                                                <proc:ProductionLeadTimeAfterOct1InMonths>21</proc:ProductionLeadTimeAfterOct1InMonths>
                                                <proc:TotalLeadTimeAfterOct1InMonths>32</proc:TotalLeadTimeAfterOct1InMonths>
                                            </proc:InitialQuantity>
                                            <proc:ReorderQuantity>
                                                <proc:AdminLeadTimeBeforeOct1InMonths>12</proc:AdminLeadTimeBeforeOct1InMonths>
                                                <proc:AdminLeadTimeAfterOct1InMonths>11</proc:AdminLeadTimeAfterOct1InMonths>
                                                <proc:ProductionLeadTimeAfterOct1InMonths>21</proc:ProductionLeadTimeAfterOct1InMonths>
                                                <proc:TotalLeadTimeAfterOct1InMonths>32</proc:TotalLeadTimeAfterOct1InMonths>
                                            </proc:ReorderQuantity>
                                            <proc:HistoryPlanningList>
                                                <proc:HistoryPlanning>
                                                    <proc:FiscalYear>2023</proc:FiscalYear>
                                                    <proc:PCOLocation>ACC-R</proc:PCOLocation>
                                                    <proc:AwardDate>2022-11</proc:AwardDate>
                                                    <proc:FirstDeliveryDate>2024-12</proc:FirstDeliveryDate>
                                                    <proc:Quantity>14</proc:Quantity>
                                                    <proc:UnitCost>7817.143</proc:UnitCost>
                                                    <proc:SpecsAvailableNow>true</proc:SpecsAvailableNow>
                                                    <proc:ContractMethod>C</proc:ContractMethod>
                                                    <proc:ContractType>IDIQ</proc:ContractType>
                                                    <proc:MonthlyDeliveryScheduleList>
                                                        <proc:MonthlyDeliverySchedule>
                                                            <proc:ServiceAgencyName>Army</proc:ServiceAgencyName>
                                                            <proc:ProcQuantity>14</proc:ProcQuantity>
                                                            <proc:MonthlyDeliveryList>
                                                                <proc:MonthlyDelivery>
                                                                    <proc:Month>2024-12</proc:Month>
                                                                    <proc:Amount>1</proc:Amount>
                                                                </proc:MonthlyDelivery>
                                                                <proc:MonthlyDelivery>
                                                                    <proc:Month>2025-01</proc:Month>
                                                                    <proc:Amount>3</proc:Amount>
                                                                </proc:MonthlyDelivery>
                                                                <proc:MonthlyDelivery>
                                                                    <proc:Month>2025-02</proc:Month>
                                                                    <proc:Amount>3</proc:Amount>
                                                                </proc:MonthlyDelivery>
                                                                <proc:MonthlyDelivery>
                                                                    <proc:Month>2025-03</proc:Month>
                                                                    <proc:Amount>3</proc:Amount>
                                                                </proc:MonthlyDelivery>
                                                                <proc:MonthlyDelivery>
                                                                    <proc:Month>2025-04</proc:Month>
                                                                    <proc:Amount>3</proc:Amount>
                                                                </proc:MonthlyDelivery>
                                                                <proc:MonthlyDelivery>
                                                                    <proc:Month>2025-05</proc:Month>
                                                                    <proc:Amount>1</proc:Amount>
                                                                </proc:MonthlyDelivery>
                                                            </proc:MonthlyDeliveryList>
                                                        </proc:MonthlyDeliverySchedule>
                                                    </proc:MonthlyDeliveryScheduleList>
                                                    <proc:MonthlyDeliveryScheduleTotal>
                                                        <proc:ProcQuantity>14</proc:ProcQuantity>
                                                        <proc:MonthlyDeliveryList>
                                                            <proc:MonthlyDelivery>
                                                                <proc:Month>2024-12</proc:Month>
                                                                <proc:Amount>1</proc:Amount>
                                                            </proc:MonthlyDelivery>
                                                            <proc:MonthlyDelivery>
                                                                <proc:Month>2025-01</proc:Month>
                                                                <proc:Amount>3</proc:Amount>
                                                            </proc:MonthlyDelivery>
                                                            <proc:MonthlyDelivery>
                                                                <proc:Month>2025-02</proc:Month>
                                                                <proc:Amount>3</proc:Amount>
                                                            </proc:MonthlyDelivery>
                                                            <proc:MonthlyDelivery>
                                                                <proc:Month>2025-03</proc:Month>
                                                                <proc:Amount>3</proc:Amount>
                                                            </proc:MonthlyDelivery>
                                                            <proc:MonthlyDelivery>
                                                                <proc:Month>2025-04</proc:Month>
                                                                <proc:Amount>3</proc:Amount>
                                                            </proc:MonthlyDelivery>
                                                            <proc:MonthlyDelivery>
                                                                <proc:Month>2025-05</proc:Month>
                                                                <proc:Amount>1</proc:Amount>
                                                            </proc:MonthlyDelivery>
                                                        </proc:MonthlyDeliveryList>
                                                    </proc:MonthlyDeliveryScheduleTotal>
                                                </proc:HistoryPlanning>
                                                <proc:HistoryPlanning>
                                                    <proc:FiscalYear>2024</proc:FiscalYear>
                                                    <proc:PCOLocation>ACC-R</proc:PCOLocation>
                                                    <proc:AwardDate>2024-05</proc:AwardDate>
                                                    <proc:FirstDeliveryDate>2026-04</proc:FirstDeliveryDate>
                                                    <proc:Quantity>18</proc:Quantity>
                                                    <proc:UnitCost>7919.833</proc:UnitCost>
                                                    <proc:SpecsAvailableNow>true</proc:SpecsAvailableNow>
                                                    <proc:ContractMethod>C</proc:ContractMethod>
                                                    <proc:ContractType>IDIQ</proc:ContractType>
                                                    <proc:MonthlyDeliveryScheduleList>
                                                        <proc:MonthlyDeliverySchedule>
                                                            <proc:ServiceAgencyName>Army</proc:ServiceAgencyName>
                                                            <proc:ProcQuantity>18</proc:ProcQuantity>
                                                            <proc:MonthlyDeliveryList>
                                                                <proc:MonthlyDelivery>
                                                                    <proc:Month>2026-04</proc:Month>
                                                                    <proc:Amount>3</proc:Amount>
                                                                </proc:MonthlyDelivery>
                                                                <proc:MonthlyDelivery>
                                                                    <proc:Month>2026-05</proc:Month>
                                                                    <proc:Amount>3</proc:Amount>
                                                                </proc:MonthlyDelivery>
                                                                <proc:MonthlyDelivery>
                                                                    <proc:Month>2026-06</proc:Month>
                                                                    <proc:Amount>3</proc:Amount>
                                                                </proc:MonthlyDelivery>
                                                                <proc:MonthlyDelivery>
                                                                    <proc:Month>2026-07</proc:Month>
                                                                    <proc:Amount>3</proc:Amount>
                                                                </proc:MonthlyDelivery>
                                                                <proc:MonthlyDelivery>
                                                                    <proc:Month>2026-08</proc:Month>
                                                                    <proc:Amount>3</proc:Amount>
                                                                </proc:MonthlyDelivery>
                                                                <proc:MonthlyDelivery>
                                                                    <proc:Month>2026-09</proc:Month>
                                                                    <proc:Amount>3</proc:Amount>
                                                                </proc:MonthlyDelivery>
                                                            </proc:MonthlyDeliveryList>
                                                        </proc:MonthlyDeliverySchedule>
                                                    </proc:MonthlyDeliveryScheduleList>
                                                    <proc:MonthlyDeliveryScheduleTotal>
                                                        <proc:ProcQuantity>18</proc:ProcQuantity>
                                                        <proc:MonthlyDeliveryList>
                                                            <proc:MonthlyDelivery>
                                                                <proc:Month>2026-04</proc:Month>
                                                                <proc:Amount>3</proc:Amount>
                                                            </proc:MonthlyDelivery>
                                                            <proc:MonthlyDelivery>
                                                                <proc:Month>2026-05</proc:Month>
                                                                <proc:Amount>3</proc:Amount>
                                                            </proc:MonthlyDelivery>
                                                            <proc:MonthlyDelivery>
                                                                <proc:Month>2026-06</proc:Month>
                                                                <proc:Amount>3</proc:Amount>
                                                            </proc:MonthlyDelivery>
                                                            <proc:MonthlyDelivery>
                                                                <proc:Month>2026-07</proc:Month>
                                                                <proc:Amount>3</proc:Amount>
                                                            </proc:MonthlyDelivery>
                                                            <proc:MonthlyDelivery>
                                                                <proc:Month>2026-08</proc:Month>
                                                                <proc:Amount>3</proc:Amount>
                                                            </proc:MonthlyDelivery>
                                                            <proc:MonthlyDelivery>
                                                                <proc:Month>2026-09</proc:Month>
                                                                <proc:Amount>3</proc:Amount>
                                                            </proc:MonthlyDelivery>
                                                        </proc:MonthlyDeliveryList>
                                                    </proc:MonthlyDeliveryScheduleTotal>
                                                </proc:HistoryPlanning>
                                                <proc:HistoryPlanning>
                                                    <proc:FiscalYear>2025</proc:FiscalYear>
                                                    <proc:PCOLocation>ACC-R</proc:PCOLocation>
                                                    <proc:AwardDate>2025-06</proc:AwardDate>
                                                    <proc:FirstDeliveryDate>2027-04</proc:FirstDeliveryDate>
                                                    <proc:Quantity>9</proc:Quantity>
                                                    <proc:UnitCost>8725.222</proc:UnitCost>
                                                    <proc:SpecsAvailableNow>true</proc:SpecsAvailableNow>
                                                    <proc:ContractMethod>C</proc:ContractMethod>
                                                    <proc:ContractType>IDIQ</proc:ContractType>
                                                    <proc:MonthlyDeliveryScheduleList>
                                                        <proc:MonthlyDeliverySchedule>
                                                            <proc:ServiceAgencyName>Army</proc:ServiceAgencyName>
                                                            <proc:ProcQuantity>9</proc:ProcQuantity>
                                                            <proc:MonthlyDeliveryList>
                                                                <proc:MonthlyDelivery>
                                                                    <proc:Month>2027-04</proc:Month>
                                                                    <proc:Amount>3</proc:Amount>
                                                                </proc:MonthlyDelivery>
                                                                <proc:MonthlyDelivery>
                                                                    <proc:Month>2027-05</proc:Month>
                                                                    <proc:Amount>3</proc:Amount>
                                                                </proc:MonthlyDelivery>
                                                                <proc:MonthlyDelivery>
                                                                    <proc:Month>2027-06</proc:Month>
                                                                    <proc:Amount>3</proc:Amount>
                                                                </proc:MonthlyDelivery>
                                                            </proc:MonthlyDeliveryList>
                                                        </proc:MonthlyDeliverySchedule>
                                                    </proc:MonthlyDeliveryScheduleList>
                                                    <proc:MonthlyDeliveryScheduleTotal>
                                                        <proc:ProcQuantity>9</proc:ProcQuantity>
                                                        <proc:MonthlyDeliveryList>
                                                            <proc:MonthlyDelivery>
                                                                <proc:Month>2027-04</proc:Month>
                                                                <proc:Amount>3</proc:Amount>
                                                            </proc:MonthlyDelivery>
                                                            <proc:MonthlyDelivery>
                                                                <proc:Month>2027-05</proc:Month>
                                                                <proc:Amount>3</proc:Amount>
                                                            </proc:MonthlyDelivery>
                                                            <proc:MonthlyDelivery>
                                                                <proc:Month>2027-06</proc:Month>
                                                                <proc:Amount>3</proc:Amount>
                                                            </proc:MonthlyDelivery>
                                                        </proc:MonthlyDeliveryList>
                                                    </proc:MonthlyDeliveryScheduleTotal>
                                                </proc:HistoryPlanning>
                                                <proc:HistoryPlanning>
                                                    <proc:FiscalYear>2026</proc:FiscalYear>
                                                    <proc:PCOLocation>ACC-R</proc:PCOLocation>
                                                    <proc:AwardDate>2026-05</proc:AwardDate>
                                                    <proc:FirstDeliveryDate>2028-03</proc:FirstDeliveryDate>
                                                    <proc:Quantity>34</proc:Quantity>
                                                    <proc:UnitCost>5473.324</proc:UnitCost>
                                                    <proc:SpecsAvailableNow>true</proc:SpecsAvailableNow>
                                                    <proc:ContractMethod>C</proc:ContractMethod>
                                                    <proc:ContractType>IDIQ</proc:ContractType>
                                                    <proc:MonthlyDeliveryScheduleList>
                                                        <proc:MonthlyDeliverySchedule>
                                                            <proc:ServiceAgencyName>Army</proc:ServiceAgencyName>
                                                            <proc:ProcQuantity>34</proc:ProcQuantity>
                                                            <proc:MonthlyDeliveryList>
                                                                <proc:MonthlyDelivery>
                                                                    <proc:Month>2028-03</proc:Month>
                                                                    <proc:Amount>2</proc:Amount>
                                                                </proc:MonthlyDelivery>
                                                                <proc:MonthlyDelivery>
                                                                    <proc:Month>2028-04</proc:Month>
                                                                    <proc:Amount>3</proc:Amount>
                                                                </proc:MonthlyDelivery>
                                                                <proc:MonthlyDelivery>
                                                                    <proc:Month>2028-05</proc:Month>
                                                                    <proc:Amount>3</proc:Amount>
                                                                </proc:MonthlyDelivery>
                                                                <proc:MonthlyDelivery>
                                                                    <proc:Month>2028-06</proc:Month>
                                                                    <proc:Amount>3</proc:Amount>
                                                                </proc:MonthlyDelivery>
                                                                <proc:MonthlyDelivery>
                                                                    <proc:Month>2028-07</proc:Month>
                                                                    <proc:Amount>3</proc:Amount>
                                                                </proc:MonthlyDelivery>
                                                                <proc:MonthlyDelivery>
                                                                    <proc:Month>2028-08</proc:Month>
                                                                    <proc:Amount>3</proc:Amount>
                                                                </proc:MonthlyDelivery>
                                                                <proc:MonthlyDelivery>
                                                                    <proc:Month>2028-09</proc:Month>
                                                                    <proc:Amount>3</proc:Amount>
                                                                </proc:MonthlyDelivery>
                                                                <proc:MonthlyDelivery>
                                                                    <proc:Month>2028-10</proc:Month>
                                                                    <proc:Amount>3</proc:Amount>
                                                                </proc:MonthlyDelivery>
                                                                <proc:MonthlyDelivery>
                                                                    <proc:Month>2028-11</proc:Month>
                                                                    <proc:Amount>3</proc:Amount>
                                                                </proc:MonthlyDelivery>
                                                                <proc:MonthlyDelivery>
                                                                    <proc:Month>2028-12</proc:Month>
                                                                    <proc:Amount>3</proc:Amount>
                                                                </proc:MonthlyDelivery>
                                                                <proc:MonthlyDelivery>
                                                                    <proc:Month>2029-01</proc:Month>
                                                                    <proc:Amount>3</proc:Amount>
                                                                </proc:MonthlyDelivery>
                                                                <proc:MonthlyDelivery>
                                                                    <proc:Month>2029-02</proc:Month>
                                                                    <proc:Amount>2</proc:Amount>
                                                                </proc:MonthlyDelivery>
                                                            </proc:MonthlyDeliveryList>
                                                        </proc:MonthlyDeliverySchedule>
                                                    </proc:MonthlyDeliveryScheduleList>
                                                    <proc:MonthlyDeliveryScheduleTotal>
                                                        <proc:ProcQuantity>34</proc:ProcQuantity>
                                                        <proc:MonthlyDeliveryList>
                                                            <proc:MonthlyDelivery>
                                                                <proc:Month>2028-03</proc:Month>
                                                                <proc:Amount>2</proc:Amount>
                                                            </proc:MonthlyDelivery>
                                                            <proc:MonthlyDelivery>
                                                                <proc:Month>2028-04</proc:Month>
                                                                <proc:Amount>3</proc:Amount>
                                                            </proc:MonthlyDelivery>
                                                            <proc:MonthlyDelivery>
                                                                <proc:Month>2028-05</proc:Month>
                                                                <proc:Amount>3</proc:Amount>
                                                            </proc:MonthlyDelivery>
                                                            <proc:MonthlyDelivery>
                                                                <proc:Month>2028-06</proc:Month>
                                                                <proc:Amount>3</proc:Amount>
                                                            </proc:MonthlyDelivery>
                                                            <proc:MonthlyDelivery>
                                                                <proc:Month>2028-07</proc:Month>
                                                                <proc:Amount>3</proc:Amount>
                                                            </proc:MonthlyDelivery>
                                                            <proc:MonthlyDelivery>
                                                                <proc:Month>2028-08</proc:Month>
                                                                <proc:Amount>3</proc:Amount>
                                                            </proc:MonthlyDelivery>
                                                            <proc:MonthlyDelivery>
                                                                <proc:Month>2028-09</proc:Month>
                                                                <proc:Amount>3</proc:Amount>
                                                            </proc:MonthlyDelivery>
                                                            <proc:MonthlyDelivery>
                                                                <proc:Month>2028-10</proc:Month>
                                                                <proc:Amount>3</proc:Amount>
                                                            </proc:MonthlyDelivery>
                                                            <proc:MonthlyDelivery>
                                                                <proc:Month>2028-11</proc:Month>
                                                                <proc:Amount>3</proc:Amount>
                                                            </proc:MonthlyDelivery>
                                                            <proc:MonthlyDelivery>
                                                                <proc:Month>2028-12</proc:Month>
                                                                <proc:Amount>3</proc:Amount>
                                                            </proc:MonthlyDelivery>
                                                            <proc:MonthlyDelivery>
                                                                <proc:Month>2029-01</proc:Month>
                                                                <proc:Amount>3</proc:Amount>
                                                            </proc:MonthlyDelivery>
                                                            <proc:MonthlyDelivery>
                                                                <proc:Month>2029-02</proc:Month>
                                                                <proc:Amount>2</proc:Amount>
                                                            </proc:MonthlyDelivery>
                                                        </proc:MonthlyDeliveryList>
                                                    </proc:MonthlyDeliveryScheduleTotal>
                                                </proc:HistoryPlanning>
                                            </proc:HistoryPlanningList>
                                        </proc:Manufacturer>
                                    </proc:ManufacturerList>
                                </proc:CostElement>
                                <proc:CostElement>
                                    <proc:Name>Integrated Fire Control Network Relays (CFE)</proc:Name>
                                    <proc:Cost>
                                        <proc:Quantity>
                                            <proc:AllPriorYears>91</proc:AllPriorYears>
                                            <proc:PriorYear>18</proc:PriorYear>
                                            <proc:CurrentYear>16</proc:CurrentYear>
                                            <proc:BudgetYearOneBase>40</proc:BudgetYearOneBase>
                                            <proc:BudgetYearOne>40</proc:BudgetYearOne>
                                        </proc:Quantity>
                                        <proc:TotalCost>
                                            <proc:AllPriorYears>200.044</proc:AllPriorYears>
                                            <proc:PriorYear>71.405</proc:PriorYear>
                                            <proc:CurrentYear>62.547</proc:CurrentYear>
                                            <proc:BudgetYearOneBase>104.131</proc:BudgetYearOneBase>
                                            <proc:BudgetYearOne>104.131</proc:BudgetYearOne>
                                        </proc:TotalCost>
                                        <proc:UnitCost>
                                            <proc:AllPriorYears>2198.286</proc:AllPriorYears>
                                            <proc:PriorYear>3966.944</proc:PriorYear>
                                            <proc:CurrentYear>3909.188</proc:CurrentYear>
                                            <proc:BudgetYearOneBase>2603.275</proc:BudgetYearOneBase>
                                            <proc:BudgetYearOne>2603.275</proc:BudgetYearOne>
                                        </proc:UnitCost>
                                    </proc:Cost>
                                </proc:CostElement>
                                <proc:CostElement>
                                    <proc:Name>Plug and Fight Items</proc:Name>
                                    <proc:Cost>
                                        <proc:TotalCost>
                                            <proc:AllPriorYears>45.395</proc:AllPriorYears>
                                            <proc:PriorYear>11.671</proc:PriorYear>
                                            <proc:CurrentYear>10.289</proc:CurrentYear>
                                            <proc:BudgetYearOneBase>20.617</proc:BudgetYearOneBase>
                                            <proc:BudgetYearOne>20.617</proc:BudgetYearOne>
                                        </proc:TotalCost>
                                    </proc:Cost>
                                </proc:CostElement>
                                <proc:CostElement>
                                    <proc:Name>Government Furnished Equipment</proc:Name>
                                    <proc:Cost>
                                        <proc:TotalCost>
                                            <proc:AllPriorYears>32.707</proc:AllPriorYears>
                                            <proc:PriorYear>30.796</proc:PriorYear>
                                            <proc:CurrentYear>35.466</proc:CurrentYear>
                                            <proc:BudgetYearOneBase>107.889</proc:BudgetYearOneBase>
                                            <proc:BudgetYearOne>107.889</proc:BudgetYearOne>
                                        </proc:TotalCost>
                                    </proc:Cost>
                                </proc:CostElement>
                                <proc:CostElement>
                                    <proc:Name>Component Major Item - Prime Movers</proc:Name>
                                    <proc:Cost>
                                        <proc:TotalCost>
                                            <proc:AllPriorYears>99.288</proc:AllPriorYears>
                                            <proc:PriorYear>30.361</proc:PriorYear>
                                        </proc:TotalCost>
                                    </proc:Cost>
                                </proc:CostElement>
                                <proc:CostElement>
                                    <proc:Name>Government Program Management</proc:Name>
                                    <proc:Cost>
                                        <proc:TotalCost>
                                            <proc:AllPriorYears>16.258</proc:AllPriorYears>
                                            <proc:PriorYear>6.363</proc:PriorYear>
                                            <proc:CurrentYear>6.498</proc:CurrentYear>
                                            <proc:BudgetYearOneBase>6.634</proc:BudgetYearOneBase>
                                            <proc:BudgetYearOne>6.634</proc:BudgetYearOne>
                                        </proc:TotalCost>
                                    </proc:Cost>
                                </proc:CostElement>
                                <proc:CostElement>
                                    <proc:Name>Software and Systems Engineering</proc:Name>
                                    <proc:Cost>
                                        <proc:TotalCost>
                                            <proc:AllPriorYears>366.78</proc:AllPriorYears>
                                            <proc:PriorYear>77.712</proc:PriorYear>
                                            <proc:CurrentYear>46.807</proc:CurrentYear>
                                        </proc:TotalCost>
                                    </proc:Cost>
                                </proc:CostElement>
                                <proc:CostElement>
                                    <proc:Name>System Engineering</proc:Name>
                                    <proc:Cost>
                                        <proc:TotalCost>
                                            <proc:BudgetYearOneBase>44.341</proc:BudgetYearOneBase>
                                            <proc:BudgetYearOne>44.341</proc:BudgetYearOne>
                                        </proc:TotalCost>
                                    </proc:Cost>
                                </proc:CostElement>
                            </proc:CostElementList>
                            <proc:CategorySubtotal>
                                <proc:TotalCost>
                                    <proc:AllPriorYears>1041.587</proc:AllPriorYears>
                                    <proc:PriorYear>370.865</proc:PriorYear>
                                    <proc:CurrentYear>240.134</proc:CurrentYear>
                                    <proc:BudgetYearOneBase>469.705</proc:BudgetYearOneBase>
                                    <proc:BudgetYearOne>469.705</proc:BudgetYearOne>
                                </proc:TotalCost>
                            </proc:CategorySubtotal>
                        </proc:Recurring>
                        <proc:NonRecurring>
                            <proc:CostElementList>
                                <proc:CostElement>
                                    <proc:Name>Long Lead Materials</proc:Name>
                                    <proc:Cost>
                                        <proc:TotalCost>
                                            <proc:AllPriorYears>20.917</proc:AllPriorYears>
                                        </proc:TotalCost>
                                    </proc:Cost>
                                </proc:CostElement>
                                <proc:CostElement>
                                    <proc:Name>Initial Production Facilities</proc:Name>
                                    <proc:Cost>
                                        <proc:TotalCost>
                                            <proc:PriorYear>4.015</proc:PriorYear>
                                            <proc:CurrentYear>8.029</proc:CurrentYear>
                                            <proc:BudgetYearOneBase>1.338</proc:BudgetYearOneBase>
                                            <proc:BudgetYearOne>1.338</proc:BudgetYearOne>
                                        </proc:TotalCost>
                                    </proc:Cost>
                                </proc:CostElement>
                            </proc:CostElementList>
                            <proc:CategorySubtotal>
                                <proc:TotalCost>
                                    <proc:AllPriorYears>20.917</proc:AllPriorYears>
                                    <proc:PriorYear>4.015</proc:PriorYear>
                                    <proc:CurrentYear>8.029</proc:CurrentYear>
                                    <proc:BudgetYearOneBase>1.338</proc:BudgetYearOneBase>
                                    <proc:BudgetYearOne>1.338</proc:BudgetYearOne>
                                </proc:TotalCost>
                            </proc:CategorySubtotal>
                        </proc:NonRecurring>
                        <proc:CategorySubtotal>
                            <proc:TotalCost>
                                <proc:AllPriorYears>1062.504</proc:AllPriorYears>
                                <proc:PriorYear>374.88</proc:PriorYear>
                                <proc:CurrentYear>248.163</proc:CurrentYear>
                                <proc:BudgetYearOneBase>471.043</proc:BudgetYearOneBase>
                                <proc:BudgetYearOne>471.043</proc:BudgetYearOne>
                            </proc:TotalCost>
                        </proc:CategorySubtotal>
                    </proc:Flyaway>
                    <proc:Logistics>
                        <proc:NonRecurring>
                            <proc:CostElementList>
                                <proc:CostElement>
                                    <proc:Name>Initial Spares</proc:Name>
                                    <proc:Cost>
                                        <proc:TotalCost>
                                            <proc:AllPriorYears>12.275</proc:AllPriorYears>
                                            <proc:PriorYear>2.456</proc:PriorYear>
                                            <proc:CurrentYear>5.525</proc:CurrentYear>
                                            <proc:BudgetYearOneBase>6.689</proc:BudgetYearOneBase>
                                            <proc:BudgetYearOne>6.689</proc:BudgetYearOne>
                                        </proc:TotalCost>
                                    </proc:Cost>
                                </proc:CostElement>
                                <proc:CostElement>
                                    <proc:Name>Interim Contractor Support</proc:Name>
                                    <proc:Cost>
                                        <proc:TotalCost>
                                            <proc:AllPriorYears>27.976</proc:AllPriorYears>
                                            <proc:PriorYear>20.088</proc:PriorYear>
                                            <proc:CurrentYear>69.409</proc:CurrentYear>
                                            <proc:BudgetYearOneBase>40.314</proc:BudgetYearOneBase>
                                            <proc:BudgetYearOne>40.314</proc:BudgetYearOne>
                                        </proc:TotalCost>
                                    </proc:Cost>
                                </proc:CostElement>
                                <proc:CostElement>
                                    <proc:Name>Logistics Support</proc:Name>
                                    <proc:Cost>
                                        <proc:TotalCost>
                                            <proc:AllPriorYears>3.448</proc:AllPriorYears>
                                            <proc:PriorYear>21.332</proc:PriorYear>
                                            <proc:CurrentYear>24.786</proc:CurrentYear>
                                        </proc:TotalCost>
                                    </proc:Cost>
                                </proc:CostElement>
                                <proc:CostElement>
                                    <proc:Name>Fielding and Logistics Support</proc:Name>
                                    <proc:Cost>
                                        <proc:TotalCost>
                                            <proc:BudgetYearOneBase>28.434</proc:BudgetYearOneBase>
                                            <proc:BudgetYearOne>28.434</proc:BudgetYearOne>
                                        </proc:TotalCost>
                                    </proc:Cost>
                                </proc:CostElement>
                            </proc:CostElementList>
                            <proc:CategorySubtotal>
                                <proc:TotalCost>
                                    <proc:AllPriorYears>43.699</proc:AllPriorYears>
                                    <proc:PriorYear>43.876</proc:PriorYear>
                                    <proc:CurrentYear>99.72</proc:CurrentYear>
                                    <proc:BudgetYearOneBase>75.437</proc:BudgetYearOneBase>
                                    <proc:BudgetYearOne>75.437</proc:BudgetYearOne>
                                </proc:TotalCost>
                            </proc:CategorySubtotal>
                        </proc:NonRecurring>
                        <proc:CategorySubtotal>
                            <proc:TotalCost>
                                <proc:AllPriorYears>43.699</proc:AllPriorYears>
                                <proc:PriorYear>43.876</proc:PriorYear>
                                <proc:CurrentYear>99.72</proc:CurrentYear>
                                <proc:BudgetYearOneBase>75.437</proc:BudgetYearOneBase>
                                <proc:BudgetYearOne>75.437</proc:BudgetYearOne>
                            </proc:TotalCost>
                        </proc:CategorySubtotal>
                    </proc:Logistics>
                </proc:CostElementCategoryList>
                <proc:OverallDeliveryScheduleRemarks>The program office works closely with the OEM to mitigate production line gaps.  Gaps in production between FY23 deliveries and FY24 deliveries is a result of the OEM moving to a new production facility.  Once production resumes in FY26, gaps noted in FY27/28 are anticipated to be filled by other customers and not represented in this P-Form.</proc:OverallDeliveryScheduleRemarks>
            </proc:P5Item>
        </proc:ItemExhibitList>
        <proc:DocumentAssemblyOptions>
            <proc:p40AItemScheduleSetting>item</proc:p40AItemScheduleSetting>
        </proc:DocumentAssemblyOptions>
    </proc:LineItem>
</proc:LineItemList>