<?xml version="1.0" encoding="UTF-8"?>
<proc:LineItemList xmlns:proc="http://www.dtic.mil/comptroller/xml/schema/20100219/procurement">
    <proc:LineItem quantityUnits="Each" quantityUnitName="Each" unitCostUnits="Thousands" totalCostUnits="Millions" manufacturerRateUnits="Monthly">
        <proc:LineItemNumber>9552ML5355</proc:LineItemNumber>
        <proc:LineItemTitle>Items Less Than $5.0M (Float/Rail)</proc:LineItemTitle>
        <proc:P1LineNumber>181</proc:P1LineNumber>
        <proc:BudgetYear>2026</proc:BudgetYear>
        <proc:BudgetCycle>PB</proc:BudgetCycle>
        <proc:SubmissionDate>2025-06</proc:SubmissionDate>
        <proc:ServiceAgencyName>Army</proc:ServiceAgencyName>
        <proc:AppropriationNumber>2035A</proc:AppropriationNumber>
        <proc:AppropriationTitle>Other Procurement, Army</proc:AppropriationTitle>
        <proc:BudgetActivityNumber>3</proc:BudgetActivityNumber>
        <proc:BudgetActivityTitle>Other Support Equipment</proc:BudgetActivityTitle>
        <proc:BudgetSubActivityNumber>55</proc:BudgetSubActivityNumber>
        <proc:BudgetSubActivityTitle>Rail Float Containerization Equipment</proc:BudgetSubActivityTitle>
        <proc:ResourceSummary>
            <proc:TotalCost>
                <proc:AllPriorYears>202.915</proc:AllPriorYears>
                <proc:CurrentYear>20.036</proc:CurrentYear>
                <proc:BudgetYearOneBase>18.217</proc:BudgetYearOneBase>
                <proc:BudgetYearOne>18.217</proc:BudgetYearOne>
            </proc:TotalCost>
            <proc:NetProcurementP1>
                <proc:AllPriorYears>202.915</proc:AllPriorYears>
                <proc:CurrentYear>20.036</proc:CurrentYear>
                <proc:BudgetYearOneBase>18.217</proc:BudgetYearOneBase>
                <proc:BudgetYearOne>18.217</proc:BudgetYearOne>
            </proc:NetProcurementP1>
            <proc:TotalObligationAuthority>
                <proc:AllPriorYears>202.915</proc:AllPriorYears>
                <proc:CurrentYear>20.036</proc:CurrentYear>
                <proc:BudgetYearOneBase>18.217</proc:BudgetYearOneBase>
                <proc:BudgetYearOne>18.217</proc:BudgetYearOne>
            </proc:TotalObligationAuthority>
        </proc:ResourceSummary>
        <proc:SecondaryDistribution>
            <proc:ComponentList>
                <proc:Component>
                    <proc:Name>Army Active</proc:Name>
                    <proc:Cost>
                        <proc:TotalCost>
                            <proc:CurrentYear>20.036</proc:CurrentYear>
                            <proc:BudgetYearOneBase>18.217</proc:BudgetYearOneBase>
                            <proc:BudgetYearOne>18.217</proc:BudgetYearOne>
                        </proc:TotalCost>
                    </proc:Cost>
                </proc:Component>
            </proc:ComponentList>
            <proc:TotalCost>
                <proc:TotalCost>
                    <proc:CurrentYear>20.036</proc:CurrentYear>
                    <proc:BudgetYearOneBase>18.217</proc:BudgetYearOneBase>
                    <proc:BudgetYearOne>18.217</proc:BudgetYearOne>
                </proc:TotalCost>
            </proc:TotalCost>
        </proc:SecondaryDistribution>
        <proc:Description>This budget line supports Float and Rail programs.  Presently, the Army is focused on Army Rail requirements to obtain new railroad locomotives and railway cars to replace aging assets. . 

For the Rail program, railroad equipment consists of locomotives, rolling stock, railway passenger cars, track maintenance equipment, etc., used to support Army ammunition plants, Army Materiel Command (AMC) depots, Installation Management Command (IMCOM), Forces Command (FORSCOM) and Training and Doctrine Command (TRADOC) installations in peacetime, training and mobilization missions. This Railway Equipment is required for the replacement of locomotives and railway cars that have exceeded their economic useful life (65 years) and have become logistically unsupportable and costly to maintain.  This equipment is in some cases already unserviceable and in other cases, either unsafe or not cleared for use under the Federal Railroad Administration (FRA). Previous year funding procured shop equipment and tools to assist in the Army's move of its railroad locomotive overhaul facility, the Defense Generator &amp; Rail Center from Hill, AFB, UT to Anniston Army Depot, AL. Army Rail moves the warfighter's equipment (Abrams tanks, Bradley Fighting Vehicles, MRAPS etc.) from within the installations to the mainline where it is transferred to commercial railroads. 

The Rail program also supports the replacement of the DODX flatcars that are facing mandatory retirement by the Federal Railroad Administration after 50 years of service. These railway cars move the warfighters heavy equipment over the nation's commercial railroads.

Locomotive equipment consist of commercial off-the-shelf switcher locomotives in direct support of the Army Rail Modernization Program. The program mandates systematic replacement of an aging fleet, that for the respective installations are becoming increasingly more costly to maintain. The Locomotives are industry proven, state of the art technology that will position the Army to meet current EPA air quality restrictions, and future fuel economy mandates. The procurement of railway cars is to meet TDA shortages at various Army installations as well as to replace aging assets that have exceeded their economic useful life.</proc:Description>
        <proc:Justification>FY 2026  Base procurement dollars in the amount of $18.217 million supports the Army Rail Program.

The funds will be used to procure new railroad locomotives and railway cars for the Army's captive railway fleet. They replace aging assets that are on average 50 years old. One-Third of the Army's railroad locomotives are beyond their economic useful-life of 65 years and are increasingly difficult to maintain and logistically support. The procurement of railway cars for the captive fleet will be used to meet TDA shortages at various Army installations and replace aging assets that have exceeded their economic useful life. This program will extend over several years and continue until the required replacement quantity is obtained.

The Rail program also supports the replacement of the DODX flatcars that are facing mandatory retirement by the Federal Railroad Administration after 50 years of service. These railway cars move the warfighters heavy equipment over the nation's commercial railroads. 

In accordance with Section 1815 of the FY 2008 National Defense Authorization Act (P.L. 110-181), these items are necessary for use by the active and reserve components of the Armed Forces for homeland defense missions, domestics emergency responses, and providing military support to civil authorities.</proc:Justification>
        <proc:ItemExhibitList>
            <proc:P5Item>
                <proc:Name>Items Less Than $5.0M (Float/Rail)</proc:Name>
                <proc:ItemNumber>ML5355</proc:ItemNumber>
                <proc:SecondaryDistribution>
                    <proc:ComponentList>
                        <proc:Component>
                            <proc:Name>Army Active</proc:Name>
                            <proc:Cost>
                                <proc:TotalCost>
                                    <proc:CurrentYear>20.036</proc:CurrentYear>
                                    <proc:BudgetYearOneBase>18.217</proc:BudgetYearOneBase>
                                    <proc:BudgetYearOne>18.217</proc:BudgetYearOne>
                                </proc:TotalCost>
                            </proc:Cost>
                        </proc:Component>
                    </proc:ComponentList>
                </proc:SecondaryDistribution>
                <proc:ResourceSummary>
                    <proc:TotalCost>
                        <proc:AllPriorYears>202.915</proc:AllPriorYears>
                        <proc:CurrentYear>20.036</proc:CurrentYear>
                        <proc:BudgetYearOneBase>18.217</proc:BudgetYearOneBase>
                        <proc:BudgetYearOne>18.217</proc:BudgetYearOne>
                    </proc:TotalCost>
                    <proc:NetProcurementP1>
                        <proc:AllPriorYears>202.915</proc:AllPriorYears>
                        <proc:CurrentYear>20.036</proc:CurrentYear>
                        <proc:BudgetYearOneBase>18.217</proc:BudgetYearOneBase>
                        <proc:BudgetYearOne>18.217</proc:BudgetYearOne>
                    </proc:NetProcurementP1>
                    <proc:TotalObligationAuthority>
                        <proc:AllPriorYears>202.915</proc:AllPriorYears>
                        <proc:CurrentYear>20.036</proc:CurrentYear>
                        <proc:BudgetYearOneBase>18.217</proc:BudgetYearOneBase>
                        <proc:BudgetYearOne>18.217</proc:BudgetYearOne>
                    </proc:TotalObligationAuthority>
                </proc:ResourceSummary>
                <proc:CostElementCategoryList>
                    <proc:Flyaway>
                        <proc:Recurring>
                            <proc:CostElementList>
                                <proc:CostElement>
                                    <proc:Name>Float/Rail Prior Years</proc:Name>
                                    <proc:Cost>
                                        <proc:Quantity>
                                            <proc:AllPriorYears>1</proc:AllPriorYears>
                                        </proc:Quantity>
                                        <proc:TotalCost>
                                            <proc:AllPriorYears>190.951</proc:AllPriorYears>
                                        </proc:TotalCost>
                                        <proc:UnitCost>
                                            <proc:AllPriorYears>190951</proc:AllPriorYears>
                                        </proc:UnitCost>
                                    </proc:Cost>
                                </proc:CostElement>
                                <proc:CostElement>
                                    <proc:Name>Army Rail Hardware</proc:Name>
                                    <proc:Cost>
                                        <proc:Quantity>
                                            <proc:AllPriorYears>1</proc:AllPriorYears>
                                        </proc:Quantity>
                                        <proc:TotalCost>
                                            <proc:AllPriorYears>1.833</proc:AllPriorYears>
                                        </proc:TotalCost>
                                        <proc:UnitCost>
                                            <proc:AllPriorYears>1833</proc:AllPriorYears>
                                        </proc:UnitCost>
                                    </proc:Cost>
                                </proc:CostElement>
                            </proc:CostElementList>
                            <proc:CategorySubtotal>
                                <proc:TotalCost>
                                    <proc:AllPriorYears>192.784</proc:AllPriorYears>
                                </proc:TotalCost>
                            </proc:CategorySubtotal>
                        </proc:Recurring>
                        <proc:CategorySubtotal>
                            <proc:TotalCost>
                                <proc:AllPriorYears>192.784</proc:AllPriorYears>
                            </proc:TotalCost>
                        </proc:CategorySubtotal>
                    </proc:Flyaway>
                    <proc:Vehicles>
                        <proc:Recurring>
                            <proc:CostElementList>
                                <proc:CostElement>
                                    <proc:Name>Railroad Locomotives and railway cars</proc:Name>
                                    <proc:Cost>
                                        <proc:Quantity>
                                            <proc:AllPriorYears>520</proc:AllPriorYears>
                                            <proc:CurrentYear>9</proc:CurrentYear>
                                            <proc:BudgetYearOneBase>6</proc:BudgetYearOneBase>
                                            <proc:BudgetYearOne>6</proc:BudgetYearOne>
                                        </proc:Quantity>
                                        <proc:TotalCost>
                                            <proc:AllPriorYears>10.131</proc:AllPriorYears>
                                            <proc:CurrentYear>20.036</proc:CurrentYear>
                                            <proc:BudgetYearOneBase>18.217</proc:BudgetYearOneBase>
                                            <proc:BudgetYearOne>18.217</proc:BudgetYearOne>
                                        </proc:TotalCost>
                                        <proc:UnitCost>
                                            <proc:AllPriorYears>19.483</proc:AllPriorYears>
                                            <proc:CurrentYear>2226.222</proc:CurrentYear>
                                            <proc:BudgetYearOneBase>3036.167</proc:BudgetYearOneBase>
                                            <proc:BudgetYearOne>3036.167</proc:BudgetYearOne>
                                        </proc:UnitCost>
                                    </proc:Cost>
                                </proc:CostElement>
                            </proc:CostElementList>
                            <proc:CategorySubtotal>
                                <proc:TotalCost>
                                    <proc:AllPriorYears>10.131</proc:AllPriorYears>
                                    <proc:CurrentYear>20.036</proc:CurrentYear>
                                    <proc:BudgetYearOneBase>18.217</proc:BudgetYearOneBase>
                                    <proc:BudgetYearOne>18.217</proc:BudgetYearOne>
                                </proc:TotalCost>
                            </proc:CategorySubtotal>
                        </proc:Recurring>
                        <proc:CategorySubtotal>
                            <proc:TotalCost>
                                <proc:AllPriorYears>10.131</proc:AllPriorYears>
                                <proc:CurrentYear>20.036</proc:CurrentYear>
                                <proc:BudgetYearOneBase>18.217</proc:BudgetYearOneBase>
                                <proc:BudgetYearOne>18.217</proc:BudgetYearOne>
                            </proc:TotalCost>
                        </proc:CategorySubtotal>
                    </proc:Vehicles>
                </proc:CostElementCategoryList>
            </proc:P5Item>
        </proc:ItemExhibitList>
        <proc:DocumentAssemblyOptions>
            <proc:p40AItemScheduleSetting>item</proc:p40AItemScheduleSetting>
        </proc:DocumentAssemblyOptions>
    </proc:LineItem>
</proc:LineItemList>