<?xml version="1.0" encoding="UTF-8"?>
<proc:LineItemList xmlns:proc="http://www.dtic.mil/comptroller/xml/schema/20100219/procurement">
    <proc:LineItem quantityUnits="Each" quantityUnitName="Each" unitCostUnits="Thousands" totalCostUnits="Millions" manufacturerRateUnits="Monthly">
        <proc:LineItemNumber>7264B24400</proc:LineItemNumber>
        <proc:LineItemTitle>ARMY LINK 16 SYSTEMS</proc:LineItemTitle>
        <proc:P1LineNumber>48</proc:P1LineNumber>
        <proc:BudgetYear>2026</proc:BudgetYear>
        <proc:BudgetCycle>PB</proc:BudgetCycle>
        <proc:SubmissionDate>2025-06</proc:SubmissionDate>
        <proc:ServiceAgencyName>Army</proc:ServiceAgencyName>
        <proc:AppropriationNumber>2035A</proc:AppropriationNumber>
        <proc:AppropriationTitle>Other Procurement, Army</proc:AppropriationTitle>
        <proc:BudgetActivityNumber>2</proc:BudgetActivityNumber>
        <proc:BudgetActivityTitle>Communications and Electronics Equipment</proc:BudgetActivityTitle>
        <proc:BudgetSubActivityNumber>32</proc:BudgetSubActivityNumber>
        <proc:BudgetSubActivityTitle>Comm - Combat Communications</proc:BudgetSubActivityTitle>
        <proc:ResourceSummary>
            <proc:Quantity>
                <proc:AllPriorYears>52</proc:AllPriorYears>
                <proc:PriorYear>112</proc:PriorYear>
                <proc:CurrentYear>164</proc:CurrentYear>
                <proc:BudgetYearOneBase>180</proc:BudgetYearOneBase>
                <proc:BudgetYearOne>180</proc:BudgetYearOne>
            </proc:Quantity>
            <proc:TotalCost>
                <proc:AllPriorYears>61.27</proc:AllPriorYears>
                <proc:PriorYear>60.767</proc:PriorYear>
                <proc:CurrentYear>104.32</proc:CurrentYear>
                <proc:BudgetYearOneBase>133.836</proc:BudgetYearOneBase>
                <proc:BudgetYearOne>133.836</proc:BudgetYearOne>
            </proc:TotalCost>
            <proc:UnitCost>
                <proc:AllPriorYears>1178.269</proc:AllPriorYears>
                <proc:PriorYear>542.563</proc:PriorYear>
                <proc:CurrentYear>636.098</proc:CurrentYear>
                <proc:BudgetYearOneBase>743.533</proc:BudgetYearOneBase>
                <proc:BudgetYearOne>743.533</proc:BudgetYearOne>
            </proc:UnitCost>
            <proc:NetProcurementP1>
                <proc:AllPriorYears>61.27</proc:AllPriorYears>
                <proc:PriorYear>60.767</proc:PriorYear>
                <proc:CurrentYear>104.32</proc:CurrentYear>
                <proc:BudgetYearOneBase>133.836</proc:BudgetYearOneBase>
                <proc:BudgetYearOne>133.836</proc:BudgetYearOne>
            </proc:NetProcurementP1>
            <proc:TotalObligationAuthority>
                <proc:AllPriorYears>61.27</proc:AllPriorYears>
                <proc:PriorYear>60.767</proc:PriorYear>
                <proc:CurrentYear>104.32</proc:CurrentYear>
                <proc:BudgetYearOneBase>133.836</proc:BudgetYearOneBase>
                <proc:BudgetYearOne>133.836</proc:BudgetYearOne>
            </proc:TotalObligationAuthority>
        </proc:ResourceSummary>
        <proc:SecondaryDistribution>
            <proc:ComponentList>
                <proc:Component>
                    <proc:Name>Army Active</proc:Name>
                    <proc:Cost>
                        <proc:Quantity>
                            <proc:PriorYear>109</proc:PriorYear>
                            <proc:CurrentYear>114</proc:CurrentYear>
                            <proc:BudgetYearOneBase>150</proc:BudgetYearOneBase>
                            <proc:BudgetYearOne>150</proc:BudgetYearOne>
                        </proc:Quantity>
                        <proc:TotalCost>
                            <proc:PriorYear>57.391</proc:PriorYear>
                            <proc:CurrentYear>72.515</proc:CurrentYear>
                            <proc:BudgetYearOneBase>115.753</proc:BudgetYearOneBase>
                            <proc:BudgetYearOne>115.753</proc:BudgetYearOne>
                        </proc:TotalCost>
                    </proc:Cost>
                </proc:Component>
                <proc:Component>
                    <proc:Name>Army National Guard</proc:Name>
                    <proc:Cost>
                        <proc:Quantity>
                            <proc:PriorYear>3</proc:PriorYear>
                            <proc:CurrentYear>45</proc:CurrentYear>
                            <proc:BudgetYearOneBase>30</proc:BudgetYearOneBase>
                            <proc:BudgetYearOne>30</proc:BudgetYearOne>
                        </proc:Quantity>
                        <proc:TotalCost>
                            <proc:PriorYear>3.376</proc:PriorYear>
                            <proc:CurrentYear>28.624</proc:CurrentYear>
                            <proc:BudgetYearOneBase>18.083</proc:BudgetYearOneBase>
                            <proc:BudgetYearOne>18.083</proc:BudgetYearOne>
                        </proc:TotalCost>
                    </proc:Cost>
                </proc:Component>
                <proc:Component>
                    <proc:Name>Army Reserve</proc:Name>
                    <proc:Cost>
                        <proc:Quantity>
                            <proc:CurrentYear>5</proc:CurrentYear>
                        </proc:Quantity>
                        <proc:TotalCost>
                            <proc:CurrentYear>3.181</proc:CurrentYear>
                        </proc:TotalCost>
                    </proc:Cost>
                </proc:Component>
            </proc:ComponentList>
            <proc:TotalCost>
                <proc:Quantity>
                    <proc:PriorYear>112</proc:PriorYear>
                    <proc:CurrentYear>164</proc:CurrentYear>
                    <proc:BudgetYearOneBase>180</proc:BudgetYearOneBase>
                    <proc:BudgetYearOne>180</proc:BudgetYearOne>
                </proc:Quantity>
                <proc:TotalCost>
                    <proc:PriorYear>60.767</proc:PriorYear>
                    <proc:CurrentYear>104.32</proc:CurrentYear>
                    <proc:BudgetYearOneBase>133.836</proc:BudgetYearOneBase>
                    <proc:BudgetYearOne>133.836</proc:BudgetYearOne>
                </proc:TotalCost>
            </proc:TotalCost>
        </proc:SecondaryDistribution>
        <proc:Description>This funding enables the Army's Next Generation Command and Control (NGC2) initiative to modernize Command and Control (C2) systems.

This funding line supports the Army Modernization Priority Air &amp; Missile Defense and is part of the Army's modernization plans.

B24400 Army Link 16 Systems is the Parent Line to Multifunctional Information Distribution System (MIDS) Joint Tactical Radio System (JTRS) Ground Variant (GV) (B24425).  

Army Link 16 is a tactical data link that networks communication between land, sea, and air forces to support joint operations and improve interoperability. It allows for real-time transfer of combat data, voice communications, imagery, and relative navigation information using data encryption and frequency hopping to maintain secure communications. Interoperability provided by Army Link 16 allows the user in the communication link to electronically observe the battlespace, identify threats, and acquire targets.

IAW the Joint Requirements Oversight Council Memorandum (JROCM), the Army will procure Link 16 terminals, gateways, and radios along with services in support of the Army's Link 16 Modernization Strategy by providing interoperability and continuity through the procurement of tactical communication enhancement equipment, ancillaries, and related services. Components supported under Army Link 16 include but are not limited to: Ground Army Integrated Air and Missile Defense (IAMD), Aviation, Communication Gateways, and Ground Fires Radios. These items will provide Concurrent Multi-netting (CMN), Concurrent Contentions Receive (CCR), Enhanced Throughput (ET) and advanced Transmission Security (TRANSEC) capabilities. 

MIDS JTRS GV is a modernization effort of the MIDS Low Volume Terminal (LVT), providing a software defined radio solution that introduces modernized Link 16 networking capabilities. Upon completion of fielding, MIDS JTRS GV will fully displace Army MIDS LVT variant. MIDS JTRS GV will provide CMN, CCR, ET and TRANSEC.</proc:Description>
        <proc:Justification>FY 2026 Base procurement dollars in the amount of $133.836 million supports the procurement of MIDS JTRS Ground Variant systems/B-Kit Production, A-Kit Production, Schoolhouse A-Kits, ancillaries, assessments, warranties, software licenses, Army Network Design Facility (ANDF) support, platform integration, fielding, and Systems Engineering and Program Management (SEPM).

In accordance with Section 1815 of the FY 2008 National Defense Authorization Act (P.L. 110-181), these items are necessary for use by the active and reserve components of the Armed Forces for homeland defense missions, domestic emergency responses, and providing military support to civil authorities.</proc:Justification>
        <proc:ItemExhibitList>
            <proc:P5Item>
                <proc:Name>MIDS JTRS GROUND VARIANT</proc:Name>
                <proc:ItemNumber>B24425</proc:ItemNumber>
                <proc:SecondaryDistribution>
                    <proc:ComponentList>
                        <proc:Component>
                            <proc:Name>Army Active</proc:Name>
                            <proc:Cost>
                                <proc:Quantity>
                                    <proc:PriorYear>109</proc:PriorYear>
                                    <proc:CurrentYear>114</proc:CurrentYear>
                                    <proc:BudgetYearOneBase>150</proc:BudgetYearOneBase>
                                    <proc:BudgetYearOne>150</proc:BudgetYearOne>
                                </proc:Quantity>
                                <proc:TotalCost>
                                    <proc:PriorYear>57.391</proc:PriorYear>
                                    <proc:CurrentYear>72.515</proc:CurrentYear>
                                    <proc:BudgetYearOneBase>115.753</proc:BudgetYearOneBase>
                                    <proc:BudgetYearOne>115.753</proc:BudgetYearOne>
                                </proc:TotalCost>
                            </proc:Cost>
                        </proc:Component>
                        <proc:Component>
                            <proc:Name>Army National Guard</proc:Name>
                            <proc:Cost>
                                <proc:Quantity>
                                    <proc:PriorYear>3</proc:PriorYear>
                                    <proc:CurrentYear>45</proc:CurrentYear>
                                    <proc:BudgetYearOneBase>30</proc:BudgetYearOneBase>
                                    <proc:BudgetYearOne>30</proc:BudgetYearOne>
                                </proc:Quantity>
                                <proc:TotalCost>
                                    <proc:PriorYear>3.376</proc:PriorYear>
                                    <proc:CurrentYear>28.624</proc:CurrentYear>
                                    <proc:BudgetYearOneBase>18.083</proc:BudgetYearOneBase>
                                    <proc:BudgetYearOne>18.083</proc:BudgetYearOne>
                                </proc:TotalCost>
                            </proc:Cost>
                        </proc:Component>
                        <proc:Component>
                            <proc:Name>Army Reserve</proc:Name>
                            <proc:Cost>
                                <proc:Quantity>
                                    <proc:CurrentYear>5</proc:CurrentYear>
                                </proc:Quantity>
                                <proc:TotalCost>
                                    <proc:CurrentYear>3.181</proc:CurrentYear>
                                </proc:TotalCost>
                            </proc:Cost>
                        </proc:Component>
                    </proc:ComponentList>
                </proc:SecondaryDistribution>
                <proc:Remarks>This funding enables the Army's Next Generation Command and Control (NGC2) initiative to modernize Command and Control (C2) systems.

FY 2026 Base procurement dollars in the amount of $133.836 million supports the procurement of MIDS JTRS Ground Variant system's B-Kit Production, A-Kit Production, Schoolhouse A-Kits, ancillaries, assessments, warranties, software licenses, Army Network Design Facility (ANDF) support, platform integration, fielding, and program management office support.

Recurring Production: MIDS JTRS Ground Variant (GV) radios, ancillary equipment, and associated warranties. 
Non-Recurring Costs: MIDS-JTRS GV Platform Integration in support of (FAAD, Patriot, IBCS, THAAD, ADAM (AMDPCS). FY 2025 to FY 2026 increase due to integration efforts for FAAD, Patriot, IBCS, THAAD, ADAM (AMDPCS)) expected to complete FY 2026.
Software Costs: Maintenance of software licenses for the MIDS JTRS GV systems and Link 16 terminal annual required software updates, and maintenance.
System Engineering Cost: Matrix Government and Systems Engineering and Technical Advisory (SETA) contract labor for system management, control and execution.
System Test and Evaluation Cost: ATEC and ANDF (DEVCOM) support for Operational Assessments.
Training Cost: Hardware for training team. Decrease from FY 2025 to FY 2026 due to the training hardware being procured prior to FY 2026 in order to support the First Unit Equipped in FY 2027.
Initial Spares: Spare MIDS JTRS GV systems and ancillaries will be procured to support depot activity. Increases from FY 2025 to FY 2026 due to program ramp up in order to meet Joint Full Operational Capability of 90% by FY 2029.
Fielding Cost: MIDS JTRS GV new equipment training (NET) and new equipment fielding (NEF), initial support equipment, repairs, shipping, and Tobyhanna Depot support. FY 2025 to FY 2026 cost increase results from ramping up of fielding efforts as procurement deliveries increase in support of FUE in FY 2027.</proc:Remarks>
                <proc:ResourceSummary>
                    <proc:Quantity>
                        <proc:AllPriorYears>52</proc:AllPriorYears>
                        <proc:PriorYear>112</proc:PriorYear>
                        <proc:CurrentYear>164</proc:CurrentYear>
                        <proc:BudgetYearOneBase>180</proc:BudgetYearOneBase>
                        <proc:BudgetYearOne>180</proc:BudgetYearOne>
                    </proc:Quantity>
                    <proc:TotalCost>
                        <proc:AllPriorYears>61.27</proc:AllPriorYears>
                        <proc:PriorYear>60.767</proc:PriorYear>
                        <proc:CurrentYear>104.32</proc:CurrentYear>
                        <proc:BudgetYearOneBase>133.836</proc:BudgetYearOneBase>
                        <proc:BudgetYearOne>133.836</proc:BudgetYearOne>
                    </proc:TotalCost>
                    <proc:UnitCost>
                        <proc:AllPriorYears>1178.269</proc:AllPriorYears>
                        <proc:PriorYear>542.563</proc:PriorYear>
                        <proc:CurrentYear>636.098</proc:CurrentYear>
                        <proc:BudgetYearOneBase>743.533</proc:BudgetYearOneBase>
                        <proc:BudgetYearOne>743.533</proc:BudgetYearOne>
                    </proc:UnitCost>
                    <proc:NetProcurementP1>
                        <proc:AllPriorYears>61.27</proc:AllPriorYears>
                        <proc:PriorYear>60.767</proc:PriorYear>
                        <proc:CurrentYear>104.32</proc:CurrentYear>
                        <proc:BudgetYearOneBase>133.836</proc:BudgetYearOneBase>
                        <proc:BudgetYearOne>133.836</proc:BudgetYearOne>
                    </proc:NetProcurementP1>
                    <proc:TotalObligationAuthority>
                        <proc:AllPriorYears>61.27</proc:AllPriorYears>
                        <proc:PriorYear>60.767</proc:PriorYear>
                        <proc:CurrentYear>104.32</proc:CurrentYear>
                        <proc:BudgetYearOneBase>133.836</proc:BudgetYearOneBase>
                        <proc:BudgetYearOne>133.836</proc:BudgetYearOne>
                    </proc:TotalObligationAuthority>
                </proc:ResourceSummary>
                <proc:CostElementCategoryList>
                    <proc:Hardware>
                        <proc:Recurring>
                            <proc:CostElementList>
                                <proc:CostElement>
                                    <proc:Name>MIDS JTRS GV</proc:Name>
                                    <proc:Cost>
                                        <proc:Quantity>
                                            <proc:AllPriorYears>52</proc:AllPriorYears>
                                            <proc:PriorYear>118</proc:PriorYear>
                                            <proc:CurrentYear>164</proc:CurrentYear>
                                            <proc:BudgetYearOneBase>180</proc:BudgetYearOneBase>
                                            <proc:BudgetYearOne>180</proc:BudgetYearOne>
                                        </proc:Quantity>
                                        <proc:TotalCost>
                                            <proc:AllPriorYears>24.25</proc:AllPriorYears>
                                            <proc:PriorYear>28.838</proc:PriorYear>
                                            <proc:CurrentYear>69.119</proc:CurrentYear>
                                            <proc:BudgetYearOneBase>77.94</proc:BudgetYearOneBase>
                                            <proc:BudgetYearOne>77.94</proc:BudgetYearOne>
                                        </proc:TotalCost>
                                        <proc:UnitCost>
                                            <proc:AllPriorYears>466.346</proc:AllPriorYears>
                                            <proc:PriorYear>244.39</proc:PriorYear>
                                            <proc:CurrentYear>421.457</proc:CurrentYear>
                                            <proc:BudgetYearOneBase>433</proc:BudgetYearOneBase>
                                            <proc:BudgetYearOne>433</proc:BudgetYearOne>
                                        </proc:UnitCost>
                                    </proc:Cost>
                                    <proc:ManufacturerList>
                                        <proc:Manufacturer>
                                            <proc:Name>L3 TECHNOLOGIES INC. COMMUNICATION SYSTEMS-WEST</proc:Name>
                                            <proc:Location>SALT LAKE CITY, UT</proc:Location>
                                            <proc:MinimumSustainingRate>4</proc:MinimumSustainingRate>
                                            <proc:MaximumProductionRate>1920</proc:MaximumProductionRate>
                                            <proc:Rate185>34</proc:Rate185>
                                            <proc:InitialQuantity>
                                                <proc:AdminLeadTimeBeforeOct1InMonths>0</proc:AdminLeadTimeBeforeOct1InMonths>
                                                <proc:AdminLeadTimeAfterOct1InMonths>0</proc:AdminLeadTimeAfterOct1InMonths>
                                                <proc:ProductionLeadTimeAfterOct1InMonths>12</proc:ProductionLeadTimeAfterOct1InMonths>
                                                <proc:TotalLeadTimeAfterOct1InMonths>12</proc:TotalLeadTimeAfterOct1InMonths>
                                            </proc:InitialQuantity>
                                            <proc:ReorderQuantity>
                                                <proc:AdminLeadTimeBeforeOct1InMonths>0</proc:AdminLeadTimeBeforeOct1InMonths>
                                                <proc:AdminLeadTimeAfterOct1InMonths>0</proc:AdminLeadTimeAfterOct1InMonths>
                                                <proc:ProductionLeadTimeAfterOct1InMonths>0</proc:ProductionLeadTimeAfterOct1InMonths>
                                                <proc:TotalLeadTimeAfterOct1InMonths>0</proc:TotalLeadTimeAfterOct1InMonths>
                                            </proc:ReorderQuantity>
                                            <proc:HistoryPlanningList>
                                                <proc:HistoryPlanning>
                                                    <proc:FiscalYear>2024</proc:FiscalYear>
                                                    <proc:PCOLocation>San Diego, CA</proc:PCOLocation>
                                                    <proc:AwardDate>2024-06</proc:AwardDate>
                                                    <proc:FirstDeliveryDate>2025-07</proc:FirstDeliveryDate>
                                                    <proc:Quantity>82</proc:Quantity>
                                                    <proc:UnitCost>209.731</proc:UnitCost>
                                                    <proc:SpecsAvailableNow>true</proc:SpecsAvailableNow>
                                                    <proc:ContractMethod>C</proc:ContractMethod>
                                                    <proc:ContractType>FFP</proc:ContractType>
                                                    <proc:MonthlyDeliveryScheduleList>
                                                        <proc:MonthlyDeliverySchedule>
                                                            <proc:ServiceAgencyName>Army</proc:ServiceAgencyName>
                                                            <proc:ProcQuantity>82</proc:ProcQuantity>
                                                            <proc:MonthlyDeliveryList>
                                                                <proc:MonthlyDelivery>
                                                                    <proc:Month>2025-07</proc:Month>
                                                                    <proc:Amount>5</proc:Amount>
                                                                </proc:MonthlyDelivery>
                                                                <proc:MonthlyDelivery>
                                                                    <proc:Month>2025-08</proc:Month>
                                                                    <proc:Amount>7</proc:Amount>
                                                                </proc:MonthlyDelivery>
                                                                <proc:MonthlyDelivery>
                                                                    <proc:Month>2025-09</proc:Month>
                                                                    <proc:Amount>7</proc:Amount>
                                                                </proc:MonthlyDelivery>
                                                                <proc:MonthlyDelivery>
                                                                    <proc:Month>2025-10</proc:Month>
                                                                    <proc:Amount>7</proc:Amount>
                                                                </proc:MonthlyDelivery>
                                                                <proc:MonthlyDelivery>
                                                                    <proc:Month>2025-11</proc:Month>
                                                                    <proc:Amount>7</proc:Amount>
                                                                </proc:MonthlyDelivery>
                                                                <proc:MonthlyDelivery>
                                                                    <proc:Month>2025-12</proc:Month>
                                                                    <proc:Amount>7</proc:Amount>
                                                                </proc:MonthlyDelivery>
                                                                <proc:MonthlyDelivery>
                                                                    <proc:Month>2026-01</proc:Month>
                                                                    <proc:Amount>7</proc:Amount>
                                                                </proc:MonthlyDelivery>
                                                                <proc:MonthlyDelivery>
                                                                    <proc:Month>2026-02</proc:Month>
                                                                    <proc:Amount>7</proc:Amount>
                                                                </proc:MonthlyDelivery>
                                                                <proc:MonthlyDelivery>
                                                                    <proc:Month>2026-03</proc:Month>
                                                                    <proc:Amount>7</proc:Amount>
                                                                </proc:MonthlyDelivery>
                                                                <proc:MonthlyDelivery>
                                                                    <proc:Month>2026-04</proc:Month>
                                                                    <proc:Amount>7</proc:Amount>
                                                                </proc:MonthlyDelivery>
                                                                <proc:MonthlyDelivery>
                                                                    <proc:Month>2026-05</proc:Month>
                                                                    <proc:Amount>7</proc:Amount>
                                                                </proc:MonthlyDelivery>
                                                                <proc:MonthlyDelivery>
                                                                    <proc:Month>2026-06</proc:Month>
                                                                    <proc:Amount>7</proc:Amount>
                                                                </proc:MonthlyDelivery>
                                                            </proc:MonthlyDeliveryList>
                                                        </proc:MonthlyDeliverySchedule>
                                                    </proc:MonthlyDeliveryScheduleList>
                                                    <proc:MonthlyDeliveryScheduleTotal>
                                                        <proc:ProcQuantity>82</proc:ProcQuantity>
                                                        <proc:MonthlyDeliveryList>
                                                            <proc:MonthlyDelivery>
                                                                <proc:Month>2025-07</proc:Month>
                                                                <proc:Amount>5</proc:Amount>
                                                            </proc:MonthlyDelivery>
                                                            <proc:MonthlyDelivery>
                                                                <proc:Month>2025-08</proc:Month>
                                                                <proc:Amount>7</proc:Amount>
                                                            </proc:MonthlyDelivery>
                                                            <proc:MonthlyDelivery>
                                                                <proc:Month>2025-09</proc:Month>
                                                                <proc:Amount>7</proc:Amount>
                                                            </proc:MonthlyDelivery>
                                                            <proc:MonthlyDelivery>
                                                                <proc:Month>2025-10</proc:Month>
                                                                <proc:Amount>7</proc:Amount>
                                                            </proc:MonthlyDelivery>
                                                            <proc:MonthlyDelivery>
                                                                <proc:Month>2025-11</proc:Month>
                                                                <proc:Amount>7</proc:Amount>
                                                            </proc:MonthlyDelivery>
                                                            <proc:MonthlyDelivery>
                                                                <proc:Month>2025-12</proc:Month>
                                                                <proc:Amount>7</proc:Amount>
                                                            </proc:MonthlyDelivery>
                                                            <proc:MonthlyDelivery>
                                                                <proc:Month>2026-01</proc:Month>
                                                                <proc:Amount>7</proc:Amount>
                                                            </proc:MonthlyDelivery>
                                                            <proc:MonthlyDelivery>
                                                                <proc:Month>2026-02</proc:Month>
                                                                <proc:Amount>7</proc:Amount>
                                                            </proc:MonthlyDelivery>
                                                            <proc:MonthlyDelivery>
                                                                <proc:Month>2026-03</proc:Month>
                                                                <proc:Amount>7</proc:Amount>
                                                            </proc:MonthlyDelivery>
                                                            <proc:MonthlyDelivery>
                                                                <proc:Month>2026-04</proc:Month>
                                                                <proc:Amount>7</proc:Amount>
                                                            </proc:MonthlyDelivery>
                                                            <proc:MonthlyDelivery>
                                                                <proc:Month>2026-05</proc:Month>
                                                                <proc:Amount>7</proc:Amount>
                                                            </proc:MonthlyDelivery>
                                                            <proc:MonthlyDelivery>
                                                                <proc:Month>2026-06</proc:Month>
                                                                <proc:Amount>7</proc:Amount>
                                                            </proc:MonthlyDelivery>
                                                        </proc:MonthlyDeliveryList>
                                                    </proc:MonthlyDeliveryScheduleTotal>
                                                </proc:HistoryPlanning>
                                            </proc:HistoryPlanningList>
                                        </proc:Manufacturer>
                                        <proc:Manufacturer>
                                            <proc:Name>DATA LINK SOLUTIONS LLC</proc:Name>
                                            <proc:Location>CEDAR RAPIDS, IA</proc:Location>
                                            <proc:MinimumSustainingRate>4</proc:MinimumSustainingRate>
                                            <proc:MaximumProductionRate>1920</proc:MaximumProductionRate>
                                            <proc:Rate185>34</proc:Rate185>
                                            <proc:InitialQuantity>
                                                <proc:AdminLeadTimeBeforeOct1InMonths>0</proc:AdminLeadTimeBeforeOct1InMonths>
                                                <proc:AdminLeadTimeAfterOct1InMonths>0</proc:AdminLeadTimeAfterOct1InMonths>
                                                <proc:ProductionLeadTimeAfterOct1InMonths>12</proc:ProductionLeadTimeAfterOct1InMonths>
                                                <proc:TotalLeadTimeAfterOct1InMonths>12</proc:TotalLeadTimeAfterOct1InMonths>
                                            </proc:InitialQuantity>
                                            <proc:ReorderQuantity>
                                                <proc:AdminLeadTimeBeforeOct1InMonths>0</proc:AdminLeadTimeBeforeOct1InMonths>
                                                <proc:AdminLeadTimeAfterOct1InMonths>0</proc:AdminLeadTimeAfterOct1InMonths>
                                                <proc:ProductionLeadTimeAfterOct1InMonths>0</proc:ProductionLeadTimeAfterOct1InMonths>
                                                <proc:TotalLeadTimeAfterOct1InMonths>0</proc:TotalLeadTimeAfterOct1InMonths>
                                            </proc:ReorderQuantity>
                                            <proc:HistoryPlanningList>
                                                <proc:HistoryPlanning>
                                                    <proc:FiscalYear>2024</proc:FiscalYear>
                                                    <proc:PCOLocation>San Diego, CA</proc:PCOLocation>
                                                    <proc:AwardDate>2024-06</proc:AwardDate>
                                                    <proc:FirstDeliveryDate>2025-07</proc:FirstDeliveryDate>
                                                    <proc:Quantity>36</proc:Quantity>
                                                    <proc:UnitCost>213.123</proc:UnitCost>
                                                    <proc:SpecsAvailableNow>true</proc:SpecsAvailableNow>
                                                    <proc:ContractMethod>C</proc:ContractMethod>
                                                    <proc:ContractType>FFP</proc:ContractType>
                                                    <proc:MonthlyDeliveryScheduleList>
                                                        <proc:MonthlyDeliverySchedule>
                                                            <proc:ServiceAgencyName>Army</proc:ServiceAgencyName>
                                                            <proc:ProcQuantity>36</proc:ProcQuantity>
                                                            <proc:MonthlyDeliveryList>
                                                                <proc:MonthlyDelivery>
                                                                    <proc:Month>2025-07</proc:Month>
                                                                    <proc:Amount>2</proc:Amount>
                                                                </proc:MonthlyDelivery>
                                                                <proc:MonthlyDelivery>
                                                                    <proc:Month>2025-08</proc:Month>
                                                                    <proc:Amount>2</proc:Amount>
                                                                </proc:MonthlyDelivery>
                                                                <proc:MonthlyDelivery>
                                                                    <proc:Month>2025-09</proc:Month>
                                                                    <proc:Amount>2</proc:Amount>
                                                                </proc:MonthlyDelivery>
                                                                <proc:MonthlyDelivery>
                                                                    <proc:Month>2025-10</proc:Month>
                                                                    <proc:Amount>4</proc:Amount>
                                                                </proc:MonthlyDelivery>
                                                                <proc:MonthlyDelivery>
                                                                    <proc:Month>2025-11</proc:Month>
                                                                    <proc:Amount>4</proc:Amount>
                                                                </proc:MonthlyDelivery>
                                                                <proc:MonthlyDelivery>
                                                                    <proc:Month>2025-12</proc:Month>
                                                                    <proc:Amount>4</proc:Amount>
                                                                </proc:MonthlyDelivery>
                                                                <proc:MonthlyDelivery>
                                                                    <proc:Month>2026-01</proc:Month>
                                                                    <proc:Amount>4</proc:Amount>
                                                                </proc:MonthlyDelivery>
                                                                <proc:MonthlyDelivery>
                                                                    <proc:Month>2026-02</proc:Month>
                                                                    <proc:Amount>4</proc:Amount>
                                                                </proc:MonthlyDelivery>
                                                                <proc:MonthlyDelivery>
                                                                    <proc:Month>2026-03</proc:Month>
                                                                    <proc:Amount>4</proc:Amount>
                                                                </proc:MonthlyDelivery>
                                                                <proc:MonthlyDelivery>
                                                                    <proc:Month>2026-04</proc:Month>
                                                                    <proc:Amount>4</proc:Amount>
                                                                </proc:MonthlyDelivery>
                                                                <proc:MonthlyDelivery>
                                                                    <proc:Month>2026-05</proc:Month>
                                                                    <proc:Amount>2</proc:Amount>
                                                                </proc:MonthlyDelivery>
                                                            </proc:MonthlyDeliveryList>
                                                        </proc:MonthlyDeliverySchedule>
                                                    </proc:MonthlyDeliveryScheduleList>
                                                    <proc:MonthlyDeliveryScheduleTotal>
                                                        <proc:ProcQuantity>36</proc:ProcQuantity>
                                                        <proc:MonthlyDeliveryList>
                                                            <proc:MonthlyDelivery>
                                                                <proc:Month>2025-07</proc:Month>
                                                                <proc:Amount>2</proc:Amount>
                                                            </proc:MonthlyDelivery>
                                                            <proc:MonthlyDelivery>
                                                                <proc:Month>2025-08</proc:Month>
                                                                <proc:Amount>2</proc:Amount>
                                                            </proc:MonthlyDelivery>
                                                            <proc:MonthlyDelivery>
                                                                <proc:Month>2025-09</proc:Month>
                                                                <proc:Amount>2</proc:Amount>
                                                            </proc:MonthlyDelivery>
                                                            <proc:MonthlyDelivery>
                                                                <proc:Month>2025-10</proc:Month>
                                                                <proc:Amount>4</proc:Amount>
                                                            </proc:MonthlyDelivery>
                                                            <proc:MonthlyDelivery>
                                                                <proc:Month>2025-11</proc:Month>
                                                                <proc:Amount>4</proc:Amount>
                                                            </proc:MonthlyDelivery>
                                                            <proc:MonthlyDelivery>
                                                                <proc:Month>2025-12</proc:Month>
                                                                <proc:Amount>4</proc:Amount>
                                                            </proc:MonthlyDelivery>
                                                            <proc:MonthlyDelivery>
                                                                <proc:Month>2026-01</proc:Month>
                                                                <proc:Amount>4</proc:Amount>
                                                            </proc:MonthlyDelivery>
                                                            <proc:MonthlyDelivery>
                                                                <proc:Month>2026-02</proc:Month>
                                                                <proc:Amount>4</proc:Amount>
                                                            </proc:MonthlyDelivery>
                                                            <proc:MonthlyDelivery>
                                                                <proc:Month>2026-03</proc:Month>
                                                                <proc:Amount>4</proc:Amount>
                                                            </proc:MonthlyDelivery>
                                                            <proc:MonthlyDelivery>
                                                                <proc:Month>2026-04</proc:Month>
                                                                <proc:Amount>4</proc:Amount>
                                                            </proc:MonthlyDelivery>
                                                            <proc:MonthlyDelivery>
                                                                <proc:Month>2026-05</proc:Month>
                                                                <proc:Amount>2</proc:Amount>
                                                            </proc:MonthlyDelivery>
                                                        </proc:MonthlyDeliveryList>
                                                    </proc:MonthlyDeliveryScheduleTotal>
                                                </proc:HistoryPlanning>
                                            </proc:HistoryPlanningList>
                                        </proc:Manufacturer>
                                        <proc:Manufacturer>
                                            <proc:Name>TBD</proc:Name>
                                            <proc:Location>TBD</proc:Location>
                                            <proc:MinimumSustainingRate>4</proc:MinimumSustainingRate>
                                            <proc:MaximumProductionRate>1920</proc:MaximumProductionRate>
                                            <proc:Rate185>34</proc:Rate185>
                                            <proc:InitialQuantity>
                                                <proc:AdminLeadTimeBeforeOct1InMonths>0</proc:AdminLeadTimeBeforeOct1InMonths>
                                                <proc:AdminLeadTimeAfterOct1InMonths>0</proc:AdminLeadTimeAfterOct1InMonths>
                                                <proc:ProductionLeadTimeAfterOct1InMonths>12</proc:ProductionLeadTimeAfterOct1InMonths>
                                                <proc:TotalLeadTimeAfterOct1InMonths>12</proc:TotalLeadTimeAfterOct1InMonths>
                                            </proc:InitialQuantity>
                                            <proc:ReorderQuantity>
                                                <proc:AdminLeadTimeBeforeOct1InMonths>0</proc:AdminLeadTimeBeforeOct1InMonths>
                                                <proc:AdminLeadTimeAfterOct1InMonths>0</proc:AdminLeadTimeAfterOct1InMonths>
                                                <proc:ProductionLeadTimeAfterOct1InMonths>0</proc:ProductionLeadTimeAfterOct1InMonths>
                                                <proc:TotalLeadTimeAfterOct1InMonths>0</proc:TotalLeadTimeAfterOct1InMonths>
                                            </proc:ReorderQuantity>
                                            <proc:HistoryPlanningList>
                                                <proc:HistoryPlanning>
                                                    <proc:FiscalYear>2025</proc:FiscalYear>
                                                    <proc:PCOLocation>San Diego, CA</proc:PCOLocation>
                                                    <proc:AwardDate>2025-07</proc:AwardDate>
                                                    <proc:FirstDeliveryDate>2026-07</proc:FirstDeliveryDate>
                                                    <proc:Quantity>164</proc:Quantity>
                                                    <proc:UnitCost>421.457</proc:UnitCost>
                                                    <proc:SpecsAvailableNow>true</proc:SpecsAvailableNow>
                                                    <proc:ContractMethod>C</proc:ContractMethod>
                                                    <proc:ContractType>FFP</proc:ContractType>
                                                    <proc:MonthlyDeliveryScheduleList>
                                                        <proc:MonthlyDeliverySchedule>
                                                            <proc:ServiceAgencyName>Army</proc:ServiceAgencyName>
                                                            <proc:ProcQuantity>164</proc:ProcQuantity>
                                                            <proc:MonthlyDeliveryList>
                                                                <proc:MonthlyDelivery>
                                                                    <proc:Month>2026-07</proc:Month>
                                                                    <proc:Amount>13</proc:Amount>
                                                                </proc:MonthlyDelivery>
                                                                <proc:MonthlyDelivery>
                                                                    <proc:Month>2026-08</proc:Month>
                                                                    <proc:Amount>13</proc:Amount>
                                                                </proc:MonthlyDelivery>
                                                                <proc:MonthlyDelivery>
                                                                    <proc:Month>2026-09</proc:Month>
                                                                    <proc:Amount>13</proc:Amount>
                                                                </proc:MonthlyDelivery>
                                                                <proc:MonthlyDelivery>
                                                                    <proc:Month>2026-10</proc:Month>
                                                                    <proc:Amount>13</proc:Amount>
                                                                </proc:MonthlyDelivery>
                                                                <proc:MonthlyDelivery>
                                                                    <proc:Month>2026-11</proc:Month>
                                                                    <proc:Amount>14</proc:Amount>
                                                                </proc:MonthlyDelivery>
                                                                <proc:MonthlyDelivery>
                                                                    <proc:Month>2026-12</proc:Month>
                                                                    <proc:Amount>14</proc:Amount>
                                                                </proc:MonthlyDelivery>
                                                                <proc:MonthlyDelivery>
                                                                    <proc:Month>2027-01</proc:Month>
                                                                    <proc:Amount>14</proc:Amount>
                                                                </proc:MonthlyDelivery>
                                                                <proc:MonthlyDelivery>
                                                                    <proc:Month>2027-02</proc:Month>
                                                                    <proc:Amount>14</proc:Amount>
                                                                </proc:MonthlyDelivery>
                                                                <proc:MonthlyDelivery>
                                                                    <proc:Month>2027-03</proc:Month>
                                                                    <proc:Amount>14</proc:Amount>
                                                                </proc:MonthlyDelivery>
                                                                <proc:MonthlyDelivery>
                                                                    <proc:Month>2027-04</proc:Month>
                                                                    <proc:Amount>14</proc:Amount>
                                                                </proc:MonthlyDelivery>
                                                                <proc:MonthlyDelivery>
                                                                    <proc:Month>2027-05</proc:Month>
                                                                    <proc:Amount>14</proc:Amount>
                                                                </proc:MonthlyDelivery>
                                                                <proc:MonthlyDelivery>
                                                                    <proc:Month>2027-06</proc:Month>
                                                                    <proc:Amount>14</proc:Amount>
                                                                </proc:MonthlyDelivery>
                                                            </proc:MonthlyDeliveryList>
                                                        </proc:MonthlyDeliverySchedule>
                                                    </proc:MonthlyDeliveryScheduleList>
                                                    <proc:MonthlyDeliveryScheduleTotal>
                                                        <proc:ProcQuantity>164</proc:ProcQuantity>
                                                        <proc:MonthlyDeliveryList>
                                                            <proc:MonthlyDelivery>
                                                                <proc:Month>2026-07</proc:Month>
                                                                <proc:Amount>13</proc:Amount>
                                                            </proc:MonthlyDelivery>
                                                            <proc:MonthlyDelivery>
                                                                <proc:Month>2026-08</proc:Month>
                                                                <proc:Amount>13</proc:Amount>
                                                            </proc:MonthlyDelivery>
                                                            <proc:MonthlyDelivery>
                                                                <proc:Month>2026-09</proc:Month>
                                                                <proc:Amount>13</proc:Amount>
                                                            </proc:MonthlyDelivery>
                                                            <proc:MonthlyDelivery>
                                                                <proc:Month>2026-10</proc:Month>
                                                                <proc:Amount>13</proc:Amount>
                                                            </proc:MonthlyDelivery>
                                                            <proc:MonthlyDelivery>
                                                                <proc:Month>2026-11</proc:Month>
                                                                <proc:Amount>14</proc:Amount>
                                                            </proc:MonthlyDelivery>
                                                            <proc:MonthlyDelivery>
                                                                <proc:Month>2026-12</proc:Month>
                                                                <proc:Amount>14</proc:Amount>
                                                            </proc:MonthlyDelivery>
                                                            <proc:MonthlyDelivery>
                                                                <proc:Month>2027-01</proc:Month>
                                                                <proc:Amount>14</proc:Amount>
                                                            </proc:MonthlyDelivery>
                                                            <proc:MonthlyDelivery>
                                                                <proc:Month>2027-02</proc:Month>
                                                                <proc:Amount>14</proc:Amount>
                                                            </proc:MonthlyDelivery>
                                                            <proc:MonthlyDelivery>
                                                                <proc:Month>2027-03</proc:Month>
                                                                <proc:Amount>14</proc:Amount>
                                                            </proc:MonthlyDelivery>
                                                            <proc:MonthlyDelivery>
                                                                <proc:Month>2027-04</proc:Month>
                                                                <proc:Amount>14</proc:Amount>
                                                            </proc:MonthlyDelivery>
                                                            <proc:MonthlyDelivery>
                                                                <proc:Month>2027-05</proc:Month>
                                                                <proc:Amount>14</proc:Amount>
                                                            </proc:MonthlyDelivery>
                                                            <proc:MonthlyDelivery>
                                                                <proc:Month>2027-06</proc:Month>
                                                                <proc:Amount>14</proc:Amount>
                                                            </proc:MonthlyDelivery>
                                                        </proc:MonthlyDeliveryList>
                                                    </proc:MonthlyDeliveryScheduleTotal>
                                                </proc:HistoryPlanning>
                                                <proc:HistoryPlanning>
                                                    <proc:FiscalYear>2026</proc:FiscalYear>
                                                    <proc:PCOLocation>San Diego, CA</proc:PCOLocation>
                                                    <proc:AwardDate>2026-07</proc:AwardDate>
                                                    <proc:FirstDeliveryDate>2027-07</proc:FirstDeliveryDate>
                                                    <proc:Quantity>180</proc:Quantity>
                                                    <proc:UnitCost>433</proc:UnitCost>
                                                    <proc:SpecsAvailableNow>false</proc:SpecsAvailableNow>
                                                    <proc:ContractMethod>C</proc:ContractMethod>
                                                    <proc:ContractType>FFP</proc:ContractType>
                                                    <proc:MonthlyDeliveryScheduleList>
                                                        <proc:MonthlyDeliverySchedule>
                                                            <proc:ServiceAgencyName>Army</proc:ServiceAgencyName>
                                                            <proc:ProcQuantity>180</proc:ProcQuantity>
                                                            <proc:MonthlyDeliveryList>
                                                                <proc:MonthlyDelivery>
                                                                    <proc:Month>2027-07</proc:Month>
                                                                    <proc:Amount>15</proc:Amount>
                                                                </proc:MonthlyDelivery>
                                                                <proc:MonthlyDelivery>
                                                                    <proc:Month>2027-08</proc:Month>
                                                                    <proc:Amount>15</proc:Amount>
                                                                </proc:MonthlyDelivery>
                                                                <proc:MonthlyDelivery>
                                                                    <proc:Month>2027-09</proc:Month>
                                                                    <proc:Amount>15</proc:Amount>
                                                                </proc:MonthlyDelivery>
                                                                <proc:MonthlyDelivery>
                                                                    <proc:Month>2027-10</proc:Month>
                                                                    <proc:Amount>15</proc:Amount>
                                                                </proc:MonthlyDelivery>
                                                                <proc:MonthlyDelivery>
                                                                    <proc:Month>2027-11</proc:Month>
                                                                    <proc:Amount>15</proc:Amount>
                                                                </proc:MonthlyDelivery>
                                                                <proc:MonthlyDelivery>
                                                                    <proc:Month>2027-12</proc:Month>
                                                                    <proc:Amount>15</proc:Amount>
                                                                </proc:MonthlyDelivery>
                                                                <proc:MonthlyDelivery>
                                                                    <proc:Month>2028-01</proc:Month>
                                                                    <proc:Amount>15</proc:Amount>
                                                                </proc:MonthlyDelivery>
                                                                <proc:MonthlyDelivery>
                                                                    <proc:Month>2028-02</proc:Month>
                                                                    <proc:Amount>15</proc:Amount>
                                                                </proc:MonthlyDelivery>
                                                                <proc:MonthlyDelivery>
                                                                    <proc:Month>2028-03</proc:Month>
                                                                    <proc:Amount>15</proc:Amount>
                                                                </proc:MonthlyDelivery>
                                                                <proc:MonthlyDelivery>
                                                                    <proc:Month>2028-04</proc:Month>
                                                                    <proc:Amount>15</proc:Amount>
                                                                </proc:MonthlyDelivery>
                                                                <proc:MonthlyDelivery>
                                                                    <proc:Month>2028-05</proc:Month>
                                                                    <proc:Amount>15</proc:Amount>
                                                                </proc:MonthlyDelivery>
                                                                <proc:MonthlyDelivery>
                                                                    <proc:Month>2028-06</proc:Month>
                                                                    <proc:Amount>15</proc:Amount>
                                                                </proc:MonthlyDelivery>
                                                            </proc:MonthlyDeliveryList>
                                                        </proc:MonthlyDeliverySchedule>
                                                    </proc:MonthlyDeliveryScheduleList>
                                                    <proc:MonthlyDeliveryScheduleTotal>
                                                        <proc:ProcQuantity>180</proc:ProcQuantity>
                                                        <proc:MonthlyDeliveryList>
                                                            <proc:MonthlyDelivery>
                                                                <proc:Month>2027-07</proc:Month>
                                                                <proc:Amount>15</proc:Amount>
                                                            </proc:MonthlyDelivery>
                                                            <proc:MonthlyDelivery>
                                                                <proc:Month>2027-08</proc:Month>
                                                                <proc:Amount>15</proc:Amount>
                                                            </proc:MonthlyDelivery>
                                                            <proc:MonthlyDelivery>
                                                                <proc:Month>2027-09</proc:Month>
                                                                <proc:Amount>15</proc:Amount>
                                                            </proc:MonthlyDelivery>
                                                            <proc:MonthlyDelivery>
                                                                <proc:Month>2027-10</proc:Month>
                                                                <proc:Amount>15</proc:Amount>
                                                            </proc:MonthlyDelivery>
                                                            <proc:MonthlyDelivery>
                                                                <proc:Month>2027-11</proc:Month>
                                                                <proc:Amount>15</proc:Amount>
                                                            </proc:MonthlyDelivery>
                                                            <proc:MonthlyDelivery>
                                                                <proc:Month>2027-12</proc:Month>
                                                                <proc:Amount>15</proc:Amount>
                                                            </proc:MonthlyDelivery>
                                                            <proc:MonthlyDelivery>
                                                                <proc:Month>2028-01</proc:Month>
                                                                <proc:Amount>15</proc:Amount>
                                                            </proc:MonthlyDelivery>
                                                            <proc:MonthlyDelivery>
                                                                <proc:Month>2028-02</proc:Month>
                                                                <proc:Amount>15</proc:Amount>
                                                            </proc:MonthlyDelivery>
                                                            <proc:MonthlyDelivery>
                                                                <proc:Month>2028-03</proc:Month>
                                                                <proc:Amount>15</proc:Amount>
                                                            </proc:MonthlyDelivery>
                                                            <proc:MonthlyDelivery>
                                                                <proc:Month>2028-04</proc:Month>
                                                                <proc:Amount>15</proc:Amount>
                                                            </proc:MonthlyDelivery>
                                                            <proc:MonthlyDelivery>
                                                                <proc:Month>2028-05</proc:Month>
                                                                <proc:Amount>15</proc:Amount>
                                                            </proc:MonthlyDelivery>
                                                            <proc:MonthlyDelivery>
                                                                <proc:Month>2028-06</proc:Month>
                                                                <proc:Amount>15</proc:Amount>
                                                            </proc:MonthlyDelivery>
                                                        </proc:MonthlyDeliveryList>
                                                    </proc:MonthlyDeliveryScheduleTotal>
                                                </proc:HistoryPlanning>
                                            </proc:HistoryPlanningList>
                                        </proc:Manufacturer>
                                        <proc:Manufacturer>
                                            <proc:Name>DATA LINK SOLUTIONS (DLS)</proc:Name>
                                            <proc:Location>WAYNE, NY</proc:Location>
                                            <proc:MinimumSustainingRate>4</proc:MinimumSustainingRate>
                                            <proc:MaximumProductionRate>1920</proc:MaximumProductionRate>
                                            <proc:Rate185>34</proc:Rate185>
                                            <proc:InitialQuantity>
                                                <proc:AdminLeadTimeBeforeOct1InMonths>0</proc:AdminLeadTimeBeforeOct1InMonths>
                                                <proc:AdminLeadTimeAfterOct1InMonths>0</proc:AdminLeadTimeAfterOct1InMonths>
                                                <proc:ProductionLeadTimeAfterOct1InMonths>12</proc:ProductionLeadTimeAfterOct1InMonths>
                                                <proc:TotalLeadTimeAfterOct1InMonths>12</proc:TotalLeadTimeAfterOct1InMonths>
                                            </proc:InitialQuantity>
                                            <proc:ReorderQuantity>
                                                <proc:AdminLeadTimeBeforeOct1InMonths>0</proc:AdminLeadTimeBeforeOct1InMonths>
                                                <proc:AdminLeadTimeAfterOct1InMonths>0</proc:AdminLeadTimeAfterOct1InMonths>
                                                <proc:ProductionLeadTimeAfterOct1InMonths>0</proc:ProductionLeadTimeAfterOct1InMonths>
                                                <proc:TotalLeadTimeAfterOct1InMonths>0</proc:TotalLeadTimeAfterOct1InMonths>
                                            </proc:ReorderQuantity>
                                            <proc:HistoryPlanningList>
                                                <proc:HistoryPlanning>
                                                    <proc:FiscalYear>2023</proc:FiscalYear>
                                                    <proc:PCOLocation>San Diego, CA</proc:PCOLocation>
                                                    <proc:AwardDate>2023-06</proc:AwardDate>
                                                    <proc:FirstDeliveryDate>2025-06</proc:FirstDeliveryDate>
                                                    <proc:Quantity>14</proc:Quantity>
                                                    <proc:UnitCost>4913</proc:UnitCost>
                                                    <proc:SpecsAvailableNow>true</proc:SpecsAvailableNow>
                                                    <proc:ContractMethod>C</proc:ContractMethod>
                                                    <proc:ContractType>FFP</proc:ContractType>
                                                    <proc:MonthlyDeliveryScheduleList>
                                                        <proc:MonthlyDeliverySchedule>
                                                            <proc:ServiceAgencyName>Army</proc:ServiceAgencyName>
                                                            <proc:ProcQuantity>14</proc:ProcQuantity>
                                                            <proc:MonthlyDeliveryList>
                                                                <proc:MonthlyDelivery>
                                                                    <proc:Month>2025-06</proc:Month>
                                                                    <proc:Amount>7</proc:Amount>
                                                                </proc:MonthlyDelivery>
                                                                <proc:MonthlyDelivery>
                                                                    <proc:Month>2025-07</proc:Month>
                                                                    <proc:Amount>7</proc:Amount>
                                                                </proc:MonthlyDelivery>
                                                            </proc:MonthlyDeliveryList>
                                                        </proc:MonthlyDeliverySchedule>
                                                    </proc:MonthlyDeliveryScheduleList>
                                                    <proc:MonthlyDeliveryScheduleTotal>
                                                        <proc:ProcQuantity>14</proc:ProcQuantity>
                                                        <proc:MonthlyDeliveryList>
                                                            <proc:MonthlyDelivery>
                                                                <proc:Month>2025-06</proc:Month>
                                                                <proc:Amount>7</proc:Amount>
                                                            </proc:MonthlyDelivery>
                                                            <proc:MonthlyDelivery>
                                                                <proc:Month>2025-07</proc:Month>
                                                                <proc:Amount>7</proc:Amount>
                                                            </proc:MonthlyDelivery>
                                                        </proc:MonthlyDeliveryList>
                                                    </proc:MonthlyDeliveryScheduleTotal>
                                                </proc:HistoryPlanning>
                                            </proc:HistoryPlanningList>
                                        </proc:Manufacturer>
                                        <proc:Manufacturer>
                                            <proc:Name>VIASAT INC</proc:Name>
                                            <proc:Location>CARLSBAD, CA</proc:Location>
                                            <proc:MinimumSustainingRate>4</proc:MinimumSustainingRate>
                                            <proc:MaximumProductionRate>1920</proc:MaximumProductionRate>
                                            <proc:Rate185>34</proc:Rate185>
                                            <proc:InitialQuantity>
                                                <proc:AdminLeadTimeBeforeOct1InMonths>0</proc:AdminLeadTimeBeforeOct1InMonths>
                                                <proc:AdminLeadTimeAfterOct1InMonths>0</proc:AdminLeadTimeAfterOct1InMonths>
                                                <proc:ProductionLeadTimeAfterOct1InMonths>12</proc:ProductionLeadTimeAfterOct1InMonths>
                                                <proc:TotalLeadTimeAfterOct1InMonths>12</proc:TotalLeadTimeAfterOct1InMonths>
                                            </proc:InitialQuantity>
                                            <proc:ReorderQuantity>
                                                <proc:AdminLeadTimeBeforeOct1InMonths>0</proc:AdminLeadTimeBeforeOct1InMonths>
                                                <proc:AdminLeadTimeAfterOct1InMonths>0</proc:AdminLeadTimeAfterOct1InMonths>
                                                <proc:ProductionLeadTimeAfterOct1InMonths>0</proc:ProductionLeadTimeAfterOct1InMonths>
                                                <proc:TotalLeadTimeAfterOct1InMonths>0</proc:TotalLeadTimeAfterOct1InMonths>
                                            </proc:ReorderQuantity>
                                            <proc:HistoryPlanningList>
                                                <proc:HistoryPlanning>
                                                    <proc:FiscalYear>2023</proc:FiscalYear>
                                                    <proc:PCOLocation>San Diego, CA</proc:PCOLocation>
                                                    <proc:AwardDate>2023-06</proc:AwardDate>
                                                    <proc:FirstDeliveryDate>2025-06</proc:FirstDeliveryDate>
                                                    <proc:Quantity>38</proc:Quantity>
                                                    <proc:UnitCost>13334</proc:UnitCost>
                                                    <proc:SpecsAvailableNow>true</proc:SpecsAvailableNow>
                                                    <proc:ContractMethod>C</proc:ContractMethod>
                                                    <proc:ContractType>FFP</proc:ContractType>
                                                    <proc:MonthlyDeliveryScheduleList>
                                                        <proc:MonthlyDeliverySchedule>
                                                            <proc:ServiceAgencyName>Army</proc:ServiceAgencyName>
                                                            <proc:ProcQuantity>38</proc:ProcQuantity>
                                                            <proc:MonthlyDeliveryList>
                                                                <proc:MonthlyDelivery>
                                                                    <proc:Month>2025-06</proc:Month>
                                                                    <proc:Amount>7</proc:Amount>
                                                                </proc:MonthlyDelivery>
                                                                <proc:MonthlyDelivery>
                                                                    <proc:Month>2025-07</proc:Month>
                                                                    <proc:Amount>7</proc:Amount>
                                                                </proc:MonthlyDelivery>
                                                                <proc:MonthlyDelivery>
                                                                    <proc:Month>2025-08</proc:Month>
                                                                    <proc:Amount>7</proc:Amount>
                                                                </proc:MonthlyDelivery>
                                                                <proc:MonthlyDelivery>
                                                                    <proc:Month>2025-09</proc:Month>
                                                                    <proc:Amount>7</proc:Amount>
                                                                </proc:MonthlyDelivery>
                                                                <proc:MonthlyDelivery>
                                                                    <proc:Month>2025-10</proc:Month>
                                                                    <proc:Amount>7</proc:Amount>
                                                                </proc:MonthlyDelivery>
                                                                <proc:MonthlyDelivery>
                                                                    <proc:Month>2025-11</proc:Month>
                                                                    <proc:Amount>3</proc:Amount>
                                                                </proc:MonthlyDelivery>
                                                            </proc:MonthlyDeliveryList>
                                                        </proc:MonthlyDeliverySchedule>
                                                    </proc:MonthlyDeliveryScheduleList>
                                                    <proc:MonthlyDeliveryScheduleTotal>
                                                        <proc:ProcQuantity>38</proc:ProcQuantity>
                                                        <proc:MonthlyDeliveryList>
                                                            <proc:MonthlyDelivery>
                                                                <proc:Month>2025-06</proc:Month>
                                                                <proc:Amount>7</proc:Amount>
                                                            </proc:MonthlyDelivery>
                                                            <proc:MonthlyDelivery>
                                                                <proc:Month>2025-07</proc:Month>
                                                                <proc:Amount>7</proc:Amount>
                                                            </proc:MonthlyDelivery>
                                                            <proc:MonthlyDelivery>
                                                                <proc:Month>2025-08</proc:Month>
                                                                <proc:Amount>7</proc:Amount>
                                                            </proc:MonthlyDelivery>
                                                            <proc:MonthlyDelivery>
                                                                <proc:Month>2025-09</proc:Month>
                                                                <proc:Amount>7</proc:Amount>
                                                            </proc:MonthlyDelivery>
                                                            <proc:MonthlyDelivery>
                                                                <proc:Month>2025-10</proc:Month>
                                                                <proc:Amount>7</proc:Amount>
                                                            </proc:MonthlyDelivery>
                                                            <proc:MonthlyDelivery>
                                                                <proc:Month>2025-11</proc:Month>
                                                                <proc:Amount>3</proc:Amount>
                                                            </proc:MonthlyDelivery>
                                                        </proc:MonthlyDeliveryList>
                                                    </proc:MonthlyDeliveryScheduleTotal>
                                                </proc:HistoryPlanning>
                                            </proc:HistoryPlanningList>
                                        </proc:Manufacturer>
                                    </proc:ManufacturerList>
                                </proc:CostElement>
                            </proc:CostElementList>
                            <proc:CategorySubtotal>
                                <proc:TotalCost>
                                    <proc:AllPriorYears>24.25</proc:AllPriorYears>
                                    <proc:PriorYear>28.838</proc:PriorYear>
                                    <proc:CurrentYear>69.119</proc:CurrentYear>
                                    <proc:BudgetYearOneBase>77.94</proc:BudgetYearOneBase>
                                    <proc:BudgetYearOne>77.94</proc:BudgetYearOne>
                                </proc:TotalCost>
                            </proc:CategorySubtotal>
                        </proc:Recurring>
                        <proc:NonRecurring>
                            <proc:CostElementList>
                                <proc:CostElement>
                                    <proc:Name>MIDS JTRS GV TYAD, Platform Integration and Interoperability Hardware</proc:Name>
                                    <proc:Cost>
                                        <proc:TotalCost>
                                            <proc:AllPriorYears>20.035</proc:AllPriorYears>
                                            <proc:PriorYear>20.97</proc:PriorYear>
                                            <proc:CurrentYear>16.536</proc:CurrentYear>
                                            <proc:BudgetYearOneBase>18.913</proc:BudgetYearOneBase>
                                            <proc:BudgetYearOne>18.913</proc:BudgetYearOne>
                                        </proc:TotalCost>
                                    </proc:Cost>
                                </proc:CostElement>
                            </proc:CostElementList>
                            <proc:CategorySubtotal>
                                <proc:TotalCost>
                                    <proc:AllPriorYears>20.035</proc:AllPriorYears>
                                    <proc:PriorYear>20.97</proc:PriorYear>
                                    <proc:CurrentYear>16.536</proc:CurrentYear>
                                    <proc:BudgetYearOneBase>18.913</proc:BudgetYearOneBase>
                                    <proc:BudgetYearOne>18.913</proc:BudgetYearOne>
                                </proc:TotalCost>
                            </proc:CategorySubtotal>
                        </proc:NonRecurring>
                        <proc:CategorySubtotal>
                            <proc:TotalCost>
                                <proc:AllPriorYears>44.285</proc:AllPriorYears>
                                <proc:PriorYear>49.808</proc:PriorYear>
                                <proc:CurrentYear>85.655</proc:CurrentYear>
                                <proc:BudgetYearOneBase>96.853</proc:BudgetYearOneBase>
                                <proc:BudgetYearOne>96.853</proc:BudgetYearOne>
                            </proc:TotalCost>
                        </proc:CategorySubtotal>
                    </proc:Hardware>
                    <proc:Software>
                        <proc:Recurring>
                            <proc:CostElementList>
                                <proc:CostElement>
                                    <proc:Name>Software Maintenance</proc:Name>
                                    <proc:Cost>
                                        <proc:TotalCost>
                                            <proc:AllPriorYears>1.538</proc:AllPriorYears>
                                            <proc:PriorYear>0.601</proc:PriorYear>
                                            <proc:CurrentYear>2.961</proc:CurrentYear>
                                            <proc:BudgetYearOneBase>2.813</proc:BudgetYearOneBase>
                                            <proc:BudgetYearOne>2.813</proc:BudgetYearOne>
                                        </proc:TotalCost>
                                    </proc:Cost>
                                </proc:CostElement>
                            </proc:CostElementList>
                            <proc:CategorySubtotal>
                                <proc:TotalCost>
                                    <proc:AllPriorYears>1.538</proc:AllPriorYears>
                                    <proc:PriorYear>0.601</proc:PriorYear>
                                    <proc:CurrentYear>2.961</proc:CurrentYear>
                                    <proc:BudgetYearOneBase>2.813</proc:BudgetYearOneBase>
                                    <proc:BudgetYearOne>2.813</proc:BudgetYearOne>
                                </proc:TotalCost>
                            </proc:CategorySubtotal>
                        </proc:Recurring>
                        <proc:CategorySubtotal>
                            <proc:TotalCost>
                                <proc:AllPriorYears>1.538</proc:AllPriorYears>
                                <proc:PriorYear>0.601</proc:PriorYear>
                                <proc:CurrentYear>2.961</proc:CurrentYear>
                                <proc:BudgetYearOneBase>2.813</proc:BudgetYearOneBase>
                                <proc:BudgetYearOne>2.813</proc:BudgetYearOne>
                            </proc:TotalCost>
                        </proc:CategorySubtotal>
                    </proc:Software>
                    <proc:Support>
                        <proc:CostElementList>
                            <proc:CostElement>
                                <proc:Name>Fielding</proc:Name>
                                <proc:Cost>
                                    <proc:TotalCost>
                                        <proc:AllPriorYears>0.68</proc:AllPriorYears>
                                        <proc:PriorYear>0.895</proc:PriorYear>
                                        <proc:CurrentYear>1.778</proc:CurrentYear>
                                        <proc:BudgetYearOneBase>19.516</proc:BudgetYearOneBase>
                                        <proc:BudgetYearOne>19.516</proc:BudgetYearOne>
                                    </proc:TotalCost>
                                </proc:Cost>
                            </proc:CostElement>
                        </proc:CostElementList>
                        <proc:CategorySubtotal>
                            <proc:TotalCost>
                                <proc:AllPriorYears>0.68</proc:AllPriorYears>
                                <proc:PriorYear>0.895</proc:PriorYear>
                                <proc:CurrentYear>1.778</proc:CurrentYear>
                                <proc:BudgetYearOneBase>19.516</proc:BudgetYearOneBase>
                                <proc:BudgetYearOne>19.516</proc:BudgetYearOne>
                            </proc:TotalCost>
                        </proc:CategorySubtotal>
                        <proc:Name>Fielding</proc:Name>
                    </proc:Support>
                    <proc:Support>
                        <proc:CostElementList>
                            <proc:CostElement>
                                <proc:Name>Initial Spares and Repair Parts</proc:Name>
                                <proc:Cost>
                                    <proc:TotalCost>
                                        <proc:AllPriorYears>0.418</proc:AllPriorYears>
                                        <proc:PriorYear>2.878</proc:PriorYear>
                                        <proc:CurrentYear>6.704</proc:CurrentYear>
                                        <proc:BudgetYearOneBase>7.794</proc:BudgetYearOneBase>
                                        <proc:BudgetYearOne>7.794</proc:BudgetYearOne>
                                    </proc:TotalCost>
                                </proc:Cost>
                            </proc:CostElement>
                        </proc:CostElementList>
                        <proc:CategorySubtotal>
                            <proc:TotalCost>
                                <proc:AllPriorYears>0.418</proc:AllPriorYears>
                                <proc:PriorYear>2.878</proc:PriorYear>
                                <proc:CurrentYear>6.704</proc:CurrentYear>
                                <proc:BudgetYearOneBase>7.794</proc:BudgetYearOneBase>
                                <proc:BudgetYearOne>7.794</proc:BudgetYearOne>
                            </proc:TotalCost>
                        </proc:CategorySubtotal>
                        <proc:Name>Initial Spares and Repair Parts</proc:Name>
                    </proc:Support>
                    <proc:Support>
                        <proc:CostElementList>
                            <proc:CostElement>
                                <proc:Name>System Engineering</proc:Name>
                                <proc:Cost>
                                    <proc:TotalCost>
                                        <proc:AllPriorYears>6.543</proc:AllPriorYears>
                                        <proc:PriorYear>2.284</proc:PriorYear>
                                        <proc:CurrentYear>4.271</proc:CurrentYear>
                                        <proc:BudgetYearOneBase>4.049</proc:BudgetYearOneBase>
                                        <proc:BudgetYearOne>4.049</proc:BudgetYearOne>
                                    </proc:TotalCost>
                                </proc:Cost>
                            </proc:CostElement>
                        </proc:CostElementList>
                        <proc:CategorySubtotal>
                            <proc:TotalCost>
                                <proc:AllPriorYears>6.543</proc:AllPriorYears>
                                <proc:PriorYear>2.284</proc:PriorYear>
                                <proc:CurrentYear>4.271</proc:CurrentYear>
                                <proc:BudgetYearOneBase>4.049</proc:BudgetYearOneBase>
                                <proc:BudgetYearOne>4.049</proc:BudgetYearOne>
                            </proc:TotalCost>
                        </proc:CategorySubtotal>
                        <proc:Name>System Engineering</proc:Name>
                    </proc:Support>
                    <proc:Support>
                        <proc:CostElementList>
                            <proc:CostElement>
                                <proc:Name>Test and Evaluation Support</proc:Name>
                                <proc:Cost>
                                    <proc:TotalCost>
                                        <proc:AllPriorYears>7.806</proc:AllPriorYears>
                                        <proc:PriorYear>3.923</proc:PriorYear>
                                        <proc:CurrentYear>2.851</proc:CurrentYear>
                                        <proc:BudgetYearOneBase>2.811</proc:BudgetYearOneBase>
                                        <proc:BudgetYearOne>2.811</proc:BudgetYearOne>
                                    </proc:TotalCost>
                                </proc:Cost>
                            </proc:CostElement>
                        </proc:CostElementList>
                        <proc:CategorySubtotal>
                            <proc:TotalCost>
                                <proc:AllPriorYears>7.806</proc:AllPriorYears>
                                <proc:PriorYear>3.923</proc:PriorYear>
                                <proc:CurrentYear>2.851</proc:CurrentYear>
                                <proc:BudgetYearOneBase>2.811</proc:BudgetYearOneBase>
                                <proc:BudgetYearOne>2.811</proc:BudgetYearOne>
                            </proc:TotalCost>
                        </proc:CategorySubtotal>
                        <proc:Name>System Test and Evaluation</proc:Name>
                    </proc:Support>
                    <proc:Support>
                        <proc:CostElementList>
                            <proc:CostElement>
                                <proc:Name>Equipment</proc:Name>
                                <proc:Cost>
                                    <proc:TotalCost>
                                        <proc:PriorYear>0.378</proc:PriorYear>
                                        <proc:CurrentYear>0.1</proc:CurrentYear>
                                    </proc:TotalCost>
                                </proc:Cost>
                            </proc:CostElement>
                        </proc:CostElementList>
                        <proc:CategorySubtotal>
                            <proc:TotalCost>
                                <proc:PriorYear>0.378</proc:PriorYear>
                                <proc:CurrentYear>0.1</proc:CurrentYear>
                            </proc:TotalCost>
                        </proc:CategorySubtotal>
                        <proc:Name>Training</proc:Name>
                    </proc:Support>
                </proc:CostElementCategoryList>
                <proc:OverallHistoryPlanningRemarks>Note: Contractor and Location will be TBD until time of annual awards due to competition between Data Link Solutions L.L.C. and L3 Harris.</proc:OverallHistoryPlanningRemarks>
                <proc:OverallDeliveryScheduleRemarks>Navy program office (owner of MIDS JTRS contract) has established a 12-24 month Lead time for MIDS JTRS vendors.</proc:OverallDeliveryScheduleRemarks>
            </proc:P5Item>
        </proc:ItemExhibitList>
        <proc:DocumentAssemblyOptions>
            <proc:p40AItemScheduleSetting>item</proc:p40AItemScheduleSetting>
        </proc:DocumentAssemblyOptions>
    </proc:LineItem>
</proc:LineItemList>