<?xml version="1.0" encoding="UTF-8"?>
<proc:LineItemList xmlns:proc="http://www.dtic.mil/comptroller/xml/schema/20100219/procurement">
    <proc:LineItem quantityUnits="Each" quantityUnitName="Each" unitCostUnits="Thousands" totalCostUnits="Millions" manufacturerRateUnits="Monthly">
        <proc:LineItemNumber>4734R06701</proc:LineItemNumber>
        <proc:LineItemTitle>All Terrain Cranes</proc:LineItemTitle>
        <proc:P1LineNumber>174</proc:P1LineNumber>
        <proc:BudgetYear>2026</proc:BudgetYear>
        <proc:BudgetCycle>PB</proc:BudgetCycle>
        <proc:SubmissionDate>2025-06</proc:SubmissionDate>
        <proc:ServiceAgencyName>Army</proc:ServiceAgencyName>
        <proc:AppropriationNumber>2035A</proc:AppropriationNumber>
        <proc:AppropriationTitle>Other Procurement, Army</proc:AppropriationTitle>
        <proc:BudgetActivityNumber>3</proc:BudgetActivityNumber>
        <proc:BudgetActivityTitle>Other Support Equipment</proc:BudgetActivityTitle>
        <proc:BudgetSubActivityNumber>50</proc:BudgetSubActivityNumber>
        <proc:BudgetSubActivityTitle>Construction Equipment</proc:BudgetSubActivityTitle>
        <proc:ResourceSummary>
            <proc:Quantity>
                <proc:AllPriorYears>61</proc:AllPriorYears>
                <proc:PriorYear>21</proc:PriorYear>
            </proc:Quantity>
            <proc:TotalCost>
                <proc:AllPriorYears>347.267</proc:AllPriorYears>
                <proc:PriorYear>35.725</proc:PriorYear>
            </proc:TotalCost>
            <proc:UnitCost>
                <proc:AllPriorYears>5692.902</proc:AllPriorYears>
                <proc:PriorYear>1701.19</proc:PriorYear>
            </proc:UnitCost>
            <proc:NetProcurementP1>
                <proc:AllPriorYears>347.267</proc:AllPriorYears>
                <proc:PriorYear>35.725</proc:PriorYear>
            </proc:NetProcurementP1>
            <proc:TotalObligationAuthority>
                <proc:AllPriorYears>347.267</proc:AllPriorYears>
                <proc:PriorYear>35.725</proc:PriorYear>
            </proc:TotalObligationAuthority>
        </proc:ResourceSummary>
        <proc:Code>A</proc:Code>
        <proc:SecondaryDistribution>
            <proc:ComponentList>
                <proc:Component>
                    <proc:Name>Army Active</proc:Name>
                    <proc:Cost>
                        <proc:Quantity>
                            <proc:PriorYear>5</proc:PriorYear>
                        </proc:Quantity>
                        <proc:TotalCost>
                            <proc:PriorYear>9.273</proc:PriorYear>
                        </proc:TotalCost>
                    </proc:Cost>
                </proc:Component>
                <proc:Component>
                    <proc:Name>Army National Guard</proc:Name>
                    <proc:Cost>
                        <proc:Quantity>
                            <proc:PriorYear>12</proc:PriorYear>
                        </proc:Quantity>
                        <proc:TotalCost>
                            <proc:PriorYear>19.839</proc:PriorYear>
                        </proc:TotalCost>
                    </proc:Cost>
                </proc:Component>
                <proc:Component>
                    <proc:Name>Army Reserve</proc:Name>
                    <proc:Cost>
                        <proc:Quantity>
                            <proc:PriorYear>4</proc:PriorYear>
                        </proc:Quantity>
                        <proc:TotalCost>
                            <proc:PriorYear>6.613</proc:PriorYear>
                        </proc:TotalCost>
                    </proc:Cost>
                </proc:Component>
            </proc:ComponentList>
            <proc:TotalCost>
                <proc:Quantity>
                    <proc:PriorYear>21</proc:PriorYear>
                </proc:Quantity>
                <proc:TotalCost>
                    <proc:PriorYear>35.725</proc:PriorYear>
                </proc:TotalCost>
            </proc:TotalCost>
        </proc:SecondaryDistribution>
        <proc:Description>In accordance with section 1815 of the FY 2008 National Defense Authorization Act (P.L. 110 - 181), this item is necessary for use by the active and reserve components of the Armed Forces for homeland defense missions, domestic emergency responses, and providing military support to civil authorities.

Family of All Terrain Cranes (FOATC) Type II Heavy Crane (T2HC) - The Type II Heavy Crane (T2HC) with its 50 Ton lift capacity supports the National Defense Strategy (NDS) by providing critical lift missions including overhead lift, container operations, pile driving, protective barrier emplacement and removal, and port opening/operation capabilities which ensures common domains remain open and free. The T2HC supports Large Scale Combat Operation (LSCO) Gap 8 - Division Wet Gap Crossing Lack Bridging and C2 and LSCO Gap 11 - Brigade Combat Teams (BCTs) Lack Mobility and Lethality by enabling Multi Role Bridging Companies (MRBCs) with the ability to assemble, disassemble, and maintain bridges and bridging components for wet and dry gap crossings. The T2HC is capable of maintaining convoy speeds enabling it to keep up with advancing forces. The T2HC provides protective armor for the driver and operator. The Family of All Terrain Cranes also provides Construction Equipment Virtual Trainer upgrades and support. The Type II Army Acquisition Objective is 39.

Family of All Terrain Cranes Type I - The FOATC Type I Crane supports the NDS by enabling Engineer Construction Companies, Engineer Companies Vertical Construction, and Clearance Companies with the ability to offload critical supplies such as weapons, ammunition, artillery pieces, fuel and water close to the battlefield to support fast moving operations which ensures common domains remain open and free. The Type I Crane provides critical lift missions including overhead lift, container operations, pile driving, protective barrier emplacement and removal, and port opening/operation capabilities, thereby supporting LSCO Gap 11 - BCTs Lack Mobility and Lethality. Type I is capable of maintaining convoy speeds enabling it to keep up with advancing forces. The Type I Army Acquisition Objective is 300.

Military Ocean Terminal Concord (MOTCO) - Acquisition of new Ship to Shore (STS) container gantry cranes at Army's Military Ocean Terminal Concord (MOTCO) re-built Pier 2 provides critical power projection out-loading capability of containerized ammunition to meet required deployment timelines. MOTCO is the main Strategic Seaport for shipping ammunition to the Indo-Pacific Command (INDOPACOM) Area of Responsibility (AOR).  The cranes provide the throughput capability for the safe and efficient transshipment of ammunition and explosives within the timelines necessary to meet operation plan requirements. Cranes directly support Cargo operations mission to safely provide ammunition terminal services to meet the Nation's objectives.

This program is included in the OPA Budget Line Consolidation. All Terrain Cranes (R06701) was consolidated into the Construction Equipment (R02700) program.</proc:Description>
        <proc:Justification>This program is included in the OPA Budget Line Consolidation. All Terrain Cranes (R06701) was consolidated into the Construction Equipment (R02700) program.

In accordance with section 1815 of the FY 2008 National Defense Authorization Act (P.L. 110 - 181), this item is necessary for use by the active and reserve components of the Armed Forces for homeland defense missions, domestic emergency responses, and providing military support to civil authorities.</proc:Justification>
        <proc:DocumentAssemblyOptions>
            <proc:p40AItemScheduleSetting>item</proc:p40AItemScheduleSetting>
        </proc:DocumentAssemblyOptions>
    </proc:LineItem>
</proc:LineItemList>