<?xml version="1.0" encoding="UTF-8"?>
<proc:LineItemList xmlns:proc="http://www.dtic.mil/comptroller/xml/schema/20100219/procurement">
    <proc:LineItem quantityUnits="Each" quantityUnitName="Each" unitCostUnits="Thousands" totalCostUnits="Millions" manufacturerRateUnits="Monthly">
        <proc:LineItemNumber>2948BB8500</proc:LineItemNumber>
        <proc:LineItemTitle>Defense Enterprise Wideband Satcom Systems</proc:LineItemTitle>
        <proc:P1LineNumber>36</proc:P1LineNumber>
        <proc:BudgetYear>2026</proc:BudgetYear>
        <proc:BudgetCycle>PB</proc:BudgetCycle>
        <proc:SubmissionDate>2025-06</proc:SubmissionDate>
        <proc:ServiceAgencyName>Army</proc:ServiceAgencyName>
        <proc:AppropriationNumber>2035A</proc:AppropriationNumber>
        <proc:AppropriationTitle>Other Procurement, Army</proc:AppropriationTitle>
        <proc:BudgetActivityNumber>2</proc:BudgetActivityNumber>
        <proc:BudgetActivityTitle>Communications and Electronics Equipment</proc:BudgetActivityTitle>
        <proc:BudgetSubActivityNumber>18</proc:BudgetSubActivityNumber>
        <proc:BudgetSubActivityTitle>Comm - Satellite Communications</proc:BudgetSubActivityTitle>
        <proc:ResourceSummary>
            <proc:TotalCost>
                <proc:AllPriorYears>3506.444</proc:AllPriorYears>
                <proc:PriorYear>101.181</proc:PriorYear>
                <proc:CurrentYear>87.058</proc:CurrentYear>
                <proc:BudgetYearOneBase>65.591</proc:BudgetYearOneBase>
                <proc:BudgetYearOne>65.591</proc:BudgetYearOne>
            </proc:TotalCost>
            <proc:NetProcurementP1>
                <proc:AllPriorYears>3506.444</proc:AllPriorYears>
                <proc:PriorYear>101.181</proc:PriorYear>
                <proc:CurrentYear>87.058</proc:CurrentYear>
                <proc:BudgetYearOneBase>65.591</proc:BudgetYearOneBase>
                <proc:BudgetYearOne>65.591</proc:BudgetYearOne>
            </proc:NetProcurementP1>
            <proc:TotalObligationAuthority>
                <proc:AllPriorYears>3506.444</proc:AllPriorYears>
                <proc:PriorYear>101.181</proc:PriorYear>
                <proc:CurrentYear>87.058</proc:CurrentYear>
                <proc:BudgetYearOneBase>65.591</proc:BudgetYearOneBase>
                <proc:BudgetYearOne>65.591</proc:BudgetYearOne>
            </proc:TotalObligationAuthority>
        </proc:ResourceSummary>
        <proc:OtherRelatedProgramElementList>
            <proc:ProgramElementNumber>0303142A</proc:ProgramElementNumber>
        </proc:OtherRelatedProgramElementList>
        <proc:SecondaryDistribution>
            <proc:ComponentList>
                <proc:Component>
                    <proc:Name>Army Active</proc:Name>
                    <proc:Cost>
                        <proc:TotalCost>
                            <proc:PriorYear>101.181</proc:PriorYear>
                            <proc:CurrentYear>87.058</proc:CurrentYear>
                            <proc:BudgetYearOneBase>65.591</proc:BudgetYearOneBase>
                            <proc:BudgetYearOne>65.591</proc:BudgetYearOne>
                        </proc:TotalCost>
                    </proc:Cost>
                </proc:Component>
            </proc:ComponentList>
            <proc:TotalCost>
                <proc:TotalCost>
                    <proc:PriorYear>101.181</proc:PriorYear>
                    <proc:CurrentYear>87.058</proc:CurrentYear>
                    <proc:BudgetYearOneBase>65.591</proc:BudgetYearOneBase>
                    <proc:BudgetYearOne>65.591</proc:BudgetYearOne>
                </proc:TotalCost>
            </proc:TotalCost>
        </proc:SecondaryDistribution>
        <proc:Description>The Defense Enterprise Wideband Satellite Communications (SATCOM) Systems (DEWSS) requirement is included in the Army 2030/2040 Strategic Plan and all funding supports Joint and Next Generation Command and Control (NGC2) initiatives to modernize Command and Control (C2) systems.

Note:  Wideband Sat Payload Control System will transition to US Space Force in FY2026.  

The DEWSS funding line provides Super High Frequency (SHF) wideband military satellite communications readiness and resiliency supporting critical national strategic and tactical Command, Control, Communications and Intelligence (C3I) requirements. The DEWSS is a joint interest program supporting Department of Defense (DoD) Components with Joint Chiefs of Staff and DoD Chief Information Officer oversight. The DEWSS/Wideband Global SATCOM (WGS) is a key component of the Department of Defense Information Network (DoDIN), providing end-to-end network connectivity for strategic and combatant command communications. DEWSS is a system of systems composed of various hardware and software components; including large satellite earth terminal antennas, baseband telecommunications and networking equipment, satellite payload control planning and management systems. Requirements vary based on geographic area, terrain, end users, and joint partners (both US and international). 

DEWSS consists of the following efforts: B08900/Special Communications Links Program, BB8416/Enterprise Wideband Satellite Terminal (Mod) - The Modernization of Enterprise Terminals (MET), BB8501/Enterprise Wideband Satellite Terminal Digital EQ, and BB8509/Enterprise Wideband Sat Payload Control System.  

B08900/Special Communications Links Program - The Senior National Leadership Communications (SNLC) program and the required modernization effort exists through a bilateral international agreement for equipment modernization. Per Lead MILDEP designation memorandum - dated 28 July 2000, this is a must fund effort. This funding supports the acquisition and fielding of unique capabilities that provide critical communications to support continuing relations between the United States President, Department of State (DoS), Secretary of Defense (SECDEF), other high level United States members and their foreign counterparts (Russia). The program includes the Direct Communications Link (DCL), Continuous Communications Link (CCL) and the Government-to-Government Communications Link (GGCL).  Communications are required for diplomatic peacekeeping, arms control, and treaty verification purposes. 

BB8416/Enterprise Wideband Satellite Terminal (Mod) - The Modernization of Enterprise Terminals (MET) program is a complete modernization of fixed X-Band enterprise satellite communications terminals. The MET family of terminal equipment will increase the capacity of existing satellite communications facilities by adding military Ka-Band capability, enabling the Army to maximize its use of the Wideband Global SATCOM (WGS) constellation. The MET's modular design and incorporation of Commercial-Off-The-Shelf (COTS) systems will improve the sustainability of Army enterprise satellite communications systems, reduce life cycle costs, and extend the life of the enterprise terminal family beyond 2035. 

BB8501/Enterprise Wideband Satellite Terminal Digital EQ - The Digital Communications Satellite Subsystem (DCSS) is an array of baseband telecommunications equipment that is integral to the Defense Enterprise Wideband SATCOM System (DEWSS). DCSS is the interconnection between the Department of Defense Information Network (DoDIN) and the DEWSS satellite earth terminal equipment, providing users with access to the Wideband Global SATCOM (WGS) system, the DoDIN, and other military and commercially available satellite constellations. Provides deployed Warfighters with global connectivity to military command and control systems, reach back to the sustaining base, and access to enterprise information resources and the Defense Information Systems Network. Interfaces with the national strategic communications infrastructure to support Presidential and senior DoD leadership communications.

BB8509/Enterprise Wideband Sat Payload Control System (This program requirement will transition to US Space Force in FY 2026).  The Wideband SATCOM Operational Management System (WSOMS) integrates COTS-based telecommunications hardware (servers, workstations, routers, switches, and encryption devices) and software applications into a suite of planning and management tools that enable the efficient use of the Wideband Global SATCOM (WGS) constellation for the Department of Defense and International Partners. Modernizations will streamline mission planning to support combatant command operations, improve operational network capacity and availability, integrate data analytics and trend analysis to identify and resolve system performance anomalies, resolve satellite bandwidth and radio-frequency constraints, and improve resiliency for combatant command operations under stressed and unstressed conditions.</proc:Description>
        <proc:Justification>FY 2026 BB8500 Base procurement dollars in the amount of $65.591 million supports Joint and Next Generation Command and Control (NGC2) initiatives to modernize Command and Control (C2) systems under each of the following programs:

FY 2026 B08900 Base procurement dollars in the amount of $2.457 million supports modernization of the Direct Communications Link (DCL) software suite to support modern computers, network hardware and operating systems. Funding provides integration, installation and training support for software and associated hardware.

FY 2026 BB8416 Base Procurement dollars in the amount of $45.115 million supports the engineering, systems integration, post-production integration, testing and installation support of Modernization of Enterprise Terminals (MET) systems fielding globally; MET Interactive Electronic Technical Manual (IETM) upgrades, Life Cycle Modernization of the terminal systems; and the procurement, site preparation and installation of radomes.

FY 2026 BB8501 Base procurement dollars in the amount $17.962 million procures satellite terminal and satellite baseband equipment and associated management systems in support of Network Enterprise Technology Command (NETCOM) new facilities at Ft. Buckner, Japan and Camp Humphreys, Korea. Provides the minimum essential baseband and telecommunications equipment (power distribution, precision timing systems, encryption) to support the modernization of Digital Communications Satellite System (DCSS) components and their integration into the Defense Enterprise Wideband SATCOM Systems (DEWSS).  Additionally, procures the Enterprise Digital Intermediate Frequency Multi-carrier (EDIM) Modem; which will support a future Digital Intermediate Frequency architecture and improve communications resiliency and network diversity.  Supports Chairman, Joint Chiefs of Staff (CJCS) validated Combatant Commanders/Service long haul communication requirements and provides baseband equipment support for the Modernization of Enterprise Terminals (MET) program.

FY 2026 BB8509 Base procurement dollars in the amount of $.057 million supports modernization of the closed restricted Wideband Satellite Operations Management System (WSOMS) network to transition to a modern and capable IP-based any-to-any network that provides reliability, sustainability, scalability, security, and management of the increasing SATCOM demands. It increases resiliency, trend analysis and anomaly resolutions to ensure reliable communications; increases automation of payload planning to increase resource efficiency and dynamic Combatant Commands (COCOM) mission planning, and transitioning WSOMS subsystems to a common interoperable virtual machine computing environment which will significantly reduce the physical footprint and reduce energy costs to the facilities. This program requirement will transition to the US Space Force in FY 2026.</proc:Justification>
        <proc:ItemExhibitList>
            <proc:P5Item>
                <proc:Name>Special Communications Links Program</proc:Name>
                <proc:ItemNumber>B08900</proc:ItemNumber>
                <proc:SecondaryDistribution>
                    <proc:ComponentList>
                        <proc:Component>
                            <proc:Name>Army Active</proc:Name>
                            <proc:Cost>
                                <proc:TotalCost>
                                    <proc:PriorYear>2.042</proc:PriorYear>
                                    <proc:CurrentYear>2.511</proc:CurrentYear>
                                    <proc:BudgetYearOneBase>2.457</proc:BudgetYearOneBase>
                                    <proc:BudgetYearOne>2.457</proc:BudgetYearOne>
                                </proc:TotalCost>
                            </proc:Cost>
                        </proc:Component>
                    </proc:ComponentList>
                </proc:SecondaryDistribution>
                <proc:Remarks>Explanations for significant increases/decreases in efforts from FY 2025 to FY 2026:

- Increase in Software Development and Integration and Systems Engineering is due to preparation of the next DCL modernization increment.
- Decrease in fielding is due to next DCL modernization increment fielding beginning in FY 2027.</proc:Remarks>
                <proc:ResourceSummary>
                    <proc:TotalCost>
                        <proc:AllPriorYears>49.283</proc:AllPriorYears>
                        <proc:PriorYear>2.042</proc:PriorYear>
                        <proc:CurrentYear>2.511</proc:CurrentYear>
                        <proc:BudgetYearOneBase>2.457</proc:BudgetYearOneBase>
                        <proc:BudgetYearOne>2.457</proc:BudgetYearOne>
                    </proc:TotalCost>
                    <proc:NetProcurementP1>
                        <proc:AllPriorYears>49.283</proc:AllPriorYears>
                        <proc:PriorYear>2.042</proc:PriorYear>
                        <proc:CurrentYear>2.511</proc:CurrentYear>
                        <proc:BudgetYearOneBase>2.457</proc:BudgetYearOneBase>
                        <proc:BudgetYearOne>2.457</proc:BudgetYearOne>
                    </proc:NetProcurementP1>
                    <proc:TotalObligationAuthority>
                        <proc:AllPriorYears>49.283</proc:AllPriorYears>
                        <proc:PriorYear>2.042</proc:PriorYear>
                        <proc:CurrentYear>2.511</proc:CurrentYear>
                        <proc:BudgetYearOneBase>2.457</proc:BudgetYearOneBase>
                        <proc:BudgetYearOne>2.457</proc:BudgetYearOne>
                    </proc:TotalObligationAuthority>
                </proc:ResourceSummary>
                <proc:CostElementCategoryList>
                    <proc:Software>
                        <proc:Recurring>
                            <proc:CostElementList>
                                <proc:CostElement>
                                    <proc:Name>Software Development Integration</proc:Name>
                                    <proc:Cost>
                                        <proc:TotalCost>
                                            <proc:AllPriorYears>4.31</proc:AllPriorYears>
                                            <proc:PriorYear>0.71</proc:PriorYear>
                                            <proc:CurrentYear>0.624</proc:CurrentYear>
                                            <proc:BudgetYearOneBase>0.918</proc:BudgetYearOneBase>
                                            <proc:BudgetYearOne>0.918</proc:BudgetYearOne>
                                        </proc:TotalCost>
                                    </proc:Cost>
                                </proc:CostElement>
                            </proc:CostElementList>
                            <proc:CategorySubtotal>
                                <proc:TotalCost>
                                    <proc:AllPriorYears>4.31</proc:AllPriorYears>
                                    <proc:PriorYear>0.71</proc:PriorYear>
                                    <proc:CurrentYear>0.624</proc:CurrentYear>
                                    <proc:BudgetYearOneBase>0.918</proc:BudgetYearOneBase>
                                    <proc:BudgetYearOne>0.918</proc:BudgetYearOne>
                                </proc:TotalCost>
                            </proc:CategorySubtotal>
                        </proc:Recurring>
                        <proc:CategorySubtotal>
                            <proc:TotalCost>
                                <proc:AllPriorYears>4.31</proc:AllPriorYears>
                                <proc:PriorYear>0.71</proc:PriorYear>
                                <proc:CurrentYear>0.624</proc:CurrentYear>
                                <proc:BudgetYearOneBase>0.918</proc:BudgetYearOneBase>
                                <proc:BudgetYearOne>0.918</proc:BudgetYearOne>
                            </proc:TotalCost>
                        </proc:CategorySubtotal>
                    </proc:Software>
                    <proc:PackageFielding>
                        <proc:Recurring>
                            <proc:CostElementList>
                                <proc:CostElement>
                                    <proc:Name>Fielding</proc:Name>
                                    <proc:Cost>
                                        <proc:TotalCost>
                                            <proc:AllPriorYears>6.188</proc:AllPriorYears>
                                            <proc:CurrentYear>0.723</proc:CurrentYear>
                                        </proc:TotalCost>
                                    </proc:Cost>
                                </proc:CostElement>
                            </proc:CostElementList>
                            <proc:CategorySubtotal>
                                <proc:TotalCost>
                                    <proc:AllPriorYears>6.188</proc:AllPriorYears>
                                    <proc:CurrentYear>0.723</proc:CurrentYear>
                                </proc:TotalCost>
                            </proc:CategorySubtotal>
                        </proc:Recurring>
                        <proc:CategorySubtotal>
                            <proc:TotalCost>
                                <proc:AllPriorYears>6.188</proc:AllPriorYears>
                                <proc:CurrentYear>0.723</proc:CurrentYear>
                            </proc:TotalCost>
                        </proc:CategorySubtotal>
                    </proc:PackageFielding>
                    <proc:Support>
                        <proc:CostElementList>
                            <proc:CostElement>
                                <proc:Name>Government Management</proc:Name>
                                <proc:Cost>
                                    <proc:TotalCost>
                                        <proc:AllPriorYears>35.102</proc:AllPriorYears>
                                        <proc:PriorYear>0.141</proc:PriorYear>
                                        <proc:CurrentYear>0.071</proc:CurrentYear>
                                        <proc:BudgetYearOneBase>0.135</proc:BudgetYearOneBase>
                                        <proc:BudgetYearOne>0.135</proc:BudgetYearOne>
                                    </proc:TotalCost>
                                </proc:Cost>
                            </proc:CostElement>
                        </proc:CostElementList>
                        <proc:CategorySubtotal>
                            <proc:TotalCost>
                                <proc:AllPriorYears>35.102</proc:AllPriorYears>
                                <proc:PriorYear>0.141</proc:PriorYear>
                                <proc:CurrentYear>0.071</proc:CurrentYear>
                                <proc:BudgetYearOneBase>0.135</proc:BudgetYearOneBase>
                                <proc:BudgetYearOne>0.135</proc:BudgetYearOne>
                            </proc:TotalCost>
                        </proc:CategorySubtotal>
                        <proc:Name>Program Management</proc:Name>
                    </proc:Support>
                    <proc:Support>
                        <proc:CostElementList>
                            <proc:CostElement>
                                <proc:Name>System Engineering</proc:Name>
                                <proc:Cost>
                                    <proc:TotalCost>
                                        <proc:AllPriorYears>3.683</proc:AllPriorYears>
                                        <proc:PriorYear>1.191</proc:PriorYear>
                                        <proc:CurrentYear>1.093</proc:CurrentYear>
                                        <proc:BudgetYearOneBase>1.404</proc:BudgetYearOneBase>
                                        <proc:BudgetYearOne>1.404</proc:BudgetYearOne>
                                    </proc:TotalCost>
                                </proc:Cost>
                            </proc:CostElement>
                        </proc:CostElementList>
                        <proc:CategorySubtotal>
                            <proc:TotalCost>
                                <proc:AllPriorYears>3.683</proc:AllPriorYears>
                                <proc:PriorYear>1.191</proc:PriorYear>
                                <proc:CurrentYear>1.093</proc:CurrentYear>
                                <proc:BudgetYearOneBase>1.404</proc:BudgetYearOneBase>
                                <proc:BudgetYearOne>1.404</proc:BudgetYearOne>
                            </proc:TotalCost>
                        </proc:CategorySubtotal>
                        <proc:Name>System Engineering</proc:Name>
                    </proc:Support>
                </proc:CostElementCategoryList>
            </proc:P5Item>
            <proc:P5Item>
                <proc:Name>Enterprise Wideband Satellite Terminal - (Mod)</proc:Name>
                <proc:ItemNumber>BB8416</proc:ItemNumber>
                <proc:SecondaryDistribution>
                    <proc:ComponentList>
                        <proc:Component>
                            <proc:Name>Army Active</proc:Name>
                            <proc:Cost>
                                <proc:TotalCost>
                                    <proc:PriorYear>50.472</proc:PriorYear>
                                    <proc:CurrentYear>26.171</proc:CurrentYear>
                                    <proc:BudgetYearOneBase>45.115</proc:BudgetYearOneBase>
                                    <proc:BudgetYearOne>45.115</proc:BudgetYearOne>
                                </proc:TotalCost>
                            </proc:Cost>
                        </proc:Component>
                    </proc:ComponentList>
                </proc:SecondaryDistribution>
                <proc:Remarks>Explanations for significant increases/decreases in efforts from FY 2025 to FY 2026:

- Increase in Large Fixed Anchor Terminals and Hardware procures two High-Altitude Electromagnetic Pulse (HEMP) hardened antennas and one shelter for Alternate ("Alt") Site to modernize 
  legacy systems supporting Presidential voice communications over SATCOM as part of the National Leadership Command, Control and Communications Systems (NLC3S).
- Increase to System Engineering is to support testing and engineering reviews for Large Wideband SATCOM Terminals. 
- Decrease to Radome Hardware &amp; Install; MET Tech Refresh; and Fielding cost elements is due to an Army Senior Leadership decision to realign modernization priorities.</proc:Remarks>
                <proc:ResourceSummary>
                    <proc:TotalCost>
                        <proc:AllPriorYears>1050.932</proc:AllPriorYears>
                        <proc:PriorYear>50.472</proc:PriorYear>
                        <proc:CurrentYear>26.171</proc:CurrentYear>
                        <proc:BudgetYearOneBase>45.115</proc:BudgetYearOneBase>
                        <proc:BudgetYearOne>45.115</proc:BudgetYearOne>
                    </proc:TotalCost>
                    <proc:NetProcurementP1>
                        <proc:AllPriorYears>1050.932</proc:AllPriorYears>
                        <proc:PriorYear>50.472</proc:PriorYear>
                        <proc:CurrentYear>26.171</proc:CurrentYear>
                        <proc:BudgetYearOneBase>45.115</proc:BudgetYearOneBase>
                        <proc:BudgetYearOne>45.115</proc:BudgetYearOne>
                    </proc:NetProcurementP1>
                    <proc:TotalObligationAuthority>
                        <proc:AllPriorYears>1050.932</proc:AllPriorYears>
                        <proc:PriorYear>50.472</proc:PriorYear>
                        <proc:CurrentYear>26.171</proc:CurrentYear>
                        <proc:BudgetYearOneBase>45.115</proc:BudgetYearOneBase>
                        <proc:BudgetYearOne>45.115</proc:BudgetYearOne>
                    </proc:TotalObligationAuthority>
                </proc:ResourceSummary>
                <proc:CostElementCategoryList>
                    <proc:Flyaway>
                        <proc:Recurring>
                            <proc:CostElementList>
                                <proc:CostElement>
                                    <proc:Name>Large Fixed Anchor Terminals Hardware</proc:Name>
                                    <proc:Cost>
                                        <proc:TotalCost>
                                            <proc:PriorYear>24.279</proc:PriorYear>
                                            <proc:BudgetYearOneBase>21.12</proc:BudgetYearOneBase>
                                            <proc:BudgetYearOne>21.12</proc:BudgetYearOne>
                                        </proc:TotalCost>
                                    </proc:Cost>
                                </proc:CostElement>
                                <proc:CostElement>
                                    <proc:Name>Radome Hardware &amp; Install</proc:Name>
                                    <proc:Cost>
                                        <proc:TotalCost>
                                            <proc:AllPriorYears>15.921</proc:AllPriorYears>
                                            <proc:PriorYear>6.652</proc:PriorYear>
                                            <proc:CurrentYear>2.407</proc:CurrentYear>
                                            <proc:BudgetYearOneBase>0.96</proc:BudgetYearOneBase>
                                            <proc:BudgetYearOne>0.96</proc:BudgetYearOne>
                                        </proc:TotalCost>
                                    </proc:Cost>
                                </proc:CostElement>
                                <proc:CostElement>
                                    <proc:Name>MET Tech Refresh</proc:Name>
                                    <proc:Cost>
                                        <proc:TotalCost>
                                            <proc:AllPriorYears>15.393</proc:AllPriorYears>
                                            <proc:CurrentYear>1.779</proc:CurrentYear>
                                            <proc:BudgetYearOneBase>1.07</proc:BudgetYearOneBase>
                                            <proc:BudgetYearOne>1.07</proc:BudgetYearOne>
                                        </proc:TotalCost>
                                    </proc:Cost>
                                </proc:CostElement>
                                <proc:CostElement>
                                    <proc:Name>Digital Intermediate Frequency (IF)</proc:Name>
                                    <proc:Cost>
                                        <proc:TotalCost>
                                            <proc:AllPriorYears>2</proc:AllPriorYears>
                                        </proc:TotalCost>
                                    </proc:Cost>
                                </proc:CostElement>
                            </proc:CostElementList>
                            <proc:CategorySubtotal>
                                <proc:TotalCost>
                                    <proc:AllPriorYears>33.314</proc:AllPriorYears>
                                    <proc:PriorYear>30.931</proc:PriorYear>
                                    <proc:CurrentYear>4.186</proc:CurrentYear>
                                    <proc:BudgetYearOneBase>23.15</proc:BudgetYearOneBase>
                                    <proc:BudgetYearOne>23.15</proc:BudgetYearOne>
                                </proc:TotalCost>
                            </proc:CategorySubtotal>
                        </proc:Recurring>
                        <proc:CategorySubtotal>
                            <proc:TotalCost>
                                <proc:AllPriorYears>33.314</proc:AllPriorYears>
                                <proc:PriorYear>30.931</proc:PriorYear>
                                <proc:CurrentYear>4.186</proc:CurrentYear>
                                <proc:BudgetYearOneBase>23.15</proc:BudgetYearOneBase>
                                <proc:BudgetYearOne>23.15</proc:BudgetYearOne>
                            </proc:TotalCost>
                        </proc:CategorySubtotal>
                    </proc:Flyaway>
                    <proc:Support>
                        <proc:CostElementList>
                            <proc:CostElement>
                                <proc:Name>Fielding</proc:Name>
                                <proc:Cost>
                                    <proc:TotalCost>
                                        <proc:AllPriorYears>811.372</proc:AllPriorYears>
                                        <proc:PriorYear>11.37</proc:PriorYear>
                                        <proc:CurrentYear>13.593</proc:CurrentYear>
                                        <proc:BudgetYearOneBase>12.967</proc:BudgetYearOneBase>
                                        <proc:BudgetYearOne>12.967</proc:BudgetYearOne>
                                    </proc:TotalCost>
                                </proc:Cost>
                            </proc:CostElement>
                        </proc:CostElementList>
                        <proc:CategorySubtotal>
                            <proc:TotalCost>
                                <proc:AllPriorYears>811.372</proc:AllPriorYears>
                                <proc:PriorYear>11.37</proc:PriorYear>
                                <proc:CurrentYear>13.593</proc:CurrentYear>
                                <proc:BudgetYearOneBase>12.967</proc:BudgetYearOneBase>
                                <proc:BudgetYearOne>12.967</proc:BudgetYearOne>
                            </proc:TotalCost>
                        </proc:CategorySubtotal>
                        <proc:Name>Fielding</proc:Name>
                    </proc:Support>
                    <proc:Support>
                        <proc:CostElementList>
                            <proc:CostElement>
                                <proc:Name>Government Management</proc:Name>
                                <proc:Cost>
                                    <proc:TotalCost>
                                        <proc:AllPriorYears>133.835</proc:AllPriorYears>
                                        <proc:PriorYear>0.67</proc:PriorYear>
                                        <proc:CurrentYear>0.508</proc:CurrentYear>
                                        <proc:BudgetYearOneBase>0.569</proc:BudgetYearOneBase>
                                        <proc:BudgetYearOne>0.569</proc:BudgetYearOne>
                                    </proc:TotalCost>
                                </proc:Cost>
                            </proc:CostElement>
                        </proc:CostElementList>
                        <proc:CategorySubtotal>
                            <proc:TotalCost>
                                <proc:AllPriorYears>133.835</proc:AllPriorYears>
                                <proc:PriorYear>0.67</proc:PriorYear>
                                <proc:CurrentYear>0.508</proc:CurrentYear>
                                <proc:BudgetYearOneBase>0.569</proc:BudgetYearOneBase>
                                <proc:BudgetYearOne>0.569</proc:BudgetYearOne>
                            </proc:TotalCost>
                        </proc:CategorySubtotal>
                        <proc:Name>Program Management</proc:Name>
                    </proc:Support>
                    <proc:Support>
                        <proc:CostElementList>
                            <proc:CostElement>
                                <proc:Name>System Engineering</proc:Name>
                                <proc:Cost>
                                    <proc:TotalCost>
                                        <proc:AllPriorYears>72.411</proc:AllPriorYears>
                                        <proc:PriorYear>7.501</proc:PriorYear>
                                        <proc:CurrentYear>7.884</proc:CurrentYear>
                                        <proc:BudgetYearOneBase>8.429</proc:BudgetYearOneBase>
                                        <proc:BudgetYearOne>8.429</proc:BudgetYearOne>
                                    </proc:TotalCost>
                                </proc:Cost>
                            </proc:CostElement>
                        </proc:CostElementList>
                        <proc:CategorySubtotal>
                            <proc:TotalCost>
                                <proc:AllPriorYears>72.411</proc:AllPriorYears>
                                <proc:PriorYear>7.501</proc:PriorYear>
                                <proc:CurrentYear>7.884</proc:CurrentYear>
                                <proc:BudgetYearOneBase>8.429</proc:BudgetYearOneBase>
                                <proc:BudgetYearOne>8.429</proc:BudgetYearOne>
                            </proc:TotalCost>
                        </proc:CategorySubtotal>
                        <proc:Name>System Engineering</proc:Name>
                    </proc:Support>
                </proc:CostElementCategoryList>
            </proc:P5Item>
            <proc:P5Item>
                <proc:Name>Enterprise Wideband Satellite Terminal Digital EQ</proc:Name>
                <proc:ItemNumber>BB8501</proc:ItemNumber>
                <proc:SecondaryDistribution>
                    <proc:ComponentList>
                        <proc:Component>
                            <proc:Name>Army Active</proc:Name>
                            <proc:Cost>
                                <proc:TotalCost>
                                    <proc:PriorYear>13.737</proc:PriorYear>
                                    <proc:CurrentYear>20.582</proc:CurrentYear>
                                    <proc:BudgetYearOneBase>17.962</proc:BudgetYearOneBase>
                                    <proc:BudgetYearOne>17.962</proc:BudgetYearOne>
                                </proc:TotalCost>
                            </proc:Cost>
                        </proc:Component>
                    </proc:ComponentList>
                </proc:SecondaryDistribution>
                <proc:Remarks>Explanations for significant increases/decreases in efforts from FY 2025 to FY 2026:

- Increase in EDIM Modem is due to transition from low rate initial production (LRIP) to full-rate production (FRP).
- Baseband Production Support costs are included in the EDIM Modem project for FY26 and beyond.
- Decrease in Ft. Buckner Equipment is due to completion of project.
- Increase in Gateway Management and Control funds equipment procurement for low-rate initial production (LRIP).
- Decrease in Fielding is due to completion of the Ft. Buckner project.</proc:Remarks>
                <proc:ResourceSummary>
                    <proc:TotalCost>
                        <proc:AllPriorYears>1068.31</proc:AllPriorYears>
                        <proc:PriorYear>13.737</proc:PriorYear>
                        <proc:CurrentYear>20.582</proc:CurrentYear>
                        <proc:BudgetYearOneBase>17.962</proc:BudgetYearOneBase>
                        <proc:BudgetYearOne>17.962</proc:BudgetYearOne>
                    </proc:TotalCost>
                    <proc:NetProcurementP1>
                        <proc:AllPriorYears>1068.31</proc:AllPriorYears>
                        <proc:PriorYear>13.737</proc:PriorYear>
                        <proc:CurrentYear>20.582</proc:CurrentYear>
                        <proc:BudgetYearOneBase>17.962</proc:BudgetYearOneBase>
                        <proc:BudgetYearOne>17.962</proc:BudgetYearOne>
                    </proc:NetProcurementP1>
                    <proc:TotalObligationAuthority>
                        <proc:AllPriorYears>1068.31</proc:AllPriorYears>
                        <proc:PriorYear>13.737</proc:PriorYear>
                        <proc:CurrentYear>20.582</proc:CurrentYear>
                        <proc:BudgetYearOneBase>17.962</proc:BudgetYearOneBase>
                        <proc:BudgetYearOne>17.962</proc:BudgetYearOne>
                    </proc:TotalObligationAuthority>
                </proc:ResourceSummary>
                <proc:CostElementCategoryList>
                    <proc:Flyaway>
                        <proc:Recurring>
                            <proc:CostElementList>
                                <proc:CostElement>
                                    <proc:Name>Baseband Production Support</proc:Name>
                                    <proc:Cost>
                                        <proc:TotalCost>
                                            <proc:AllPriorYears>17.878</proc:AllPriorYears>
                                            <proc:PriorYear>0.608</proc:PriorYear>
                                            <proc:CurrentYear>1.275</proc:CurrentYear>
                                        </proc:TotalCost>
                                    </proc:Cost>
                                </proc:CostElement>
                                <proc:CostElement>
                                    <proc:Name>Ft. Buckner Equipment</proc:Name>
                                    <proc:Cost>
                                        <proc:TotalCost>
                                            <proc:AllPriorYears>14.692</proc:AllPriorYears>
                                            <proc:CurrentYear>2.085</proc:CurrentYear>
                                        </proc:TotalCost>
                                    </proc:Cost>
                                </proc:CostElement>
                                <proc:CostElement>
                                    <proc:Name>Camp Humphreys Equipment</proc:Name>
                                    <proc:Cost>
                                        <proc:TotalCost>
                                            <proc:AllPriorYears>8.244</proc:AllPriorYears>
                                            <proc:PriorYear>1.702</proc:PriorYear>
                                            <proc:CurrentYear>1.502</proc:CurrentYear>
                                            <proc:BudgetYearOneBase>1.817</proc:BudgetYearOneBase>
                                            <proc:BudgetYearOne>1.817</proc:BudgetYearOne>
                                        </proc:TotalCost>
                                    </proc:Cost>
                                </proc:CostElement>
                                <proc:CostElement>
                                    <proc:Name>Gateway Management &amp; Control (M&amp;C)</proc:Name>
                                    <proc:Cost>
                                        <proc:TotalCost>
                                            <proc:PriorYear>0.55</proc:PriorYear>
                                            <proc:BudgetYearOneBase>1.096</proc:BudgetYearOneBase>
                                            <proc:BudgetYearOne>1.096</proc:BudgetYearOne>
                                        </proc:TotalCost>
                                    </proc:Cost>
                                </proc:CostElement>
                                <proc:CostElement>
                                    <proc:Name>Enterprise Digital Intermediate Frequency Multi-Carrier (EDIM) Modem (Current)</proc:Name>
                                    <proc:Cost>
                                        <proc:TotalCost>
                                            <proc:CurrentYear>3.859</proc:CurrentYear>
                                            <proc:BudgetYearOneBase>4.72</proc:BudgetYearOneBase>
                                            <proc:BudgetYearOne>4.72</proc:BudgetYearOne>
                                        </proc:TotalCost>
                                    </proc:Cost>
                                </proc:CostElement>
                            </proc:CostElementList>
                            <proc:CategorySubtotal>
                                <proc:TotalCost>
                                    <proc:AllPriorYears>40.814</proc:AllPriorYears>
                                    <proc:PriorYear>2.86</proc:PriorYear>
                                    <proc:CurrentYear>8.721</proc:CurrentYear>
                                    <proc:BudgetYearOneBase>7.633</proc:BudgetYearOneBase>
                                    <proc:BudgetYearOne>7.633</proc:BudgetYearOne>
                                </proc:TotalCost>
                            </proc:CategorySubtotal>
                        </proc:Recurring>
                        <proc:CategorySubtotal>
                            <proc:TotalCost>
                                <proc:AllPriorYears>40.814</proc:AllPriorYears>
                                <proc:PriorYear>2.86</proc:PriorYear>
                                <proc:CurrentYear>8.721</proc:CurrentYear>
                                <proc:BudgetYearOneBase>7.633</proc:BudgetYearOneBase>
                                <proc:BudgetYearOne>7.633</proc:BudgetYearOne>
                            </proc:TotalCost>
                        </proc:CategorySubtotal>
                    </proc:Flyaway>
                    <proc:Support>
                        <proc:CostElementList>
                            <proc:CostElement>
                                <proc:Name>Fielding</proc:Name>
                                <proc:Cost>
                                    <proc:TotalCost>
                                        <proc:AllPriorYears>692.09</proc:AllPriorYears>
                                        <proc:PriorYear>2.437</proc:PriorYear>
                                        <proc:CurrentYear>3.595</proc:CurrentYear>
                                        <proc:BudgetYearOneBase>2.546</proc:BudgetYearOneBase>
                                        <proc:BudgetYearOne>2.546</proc:BudgetYearOne>
                                    </proc:TotalCost>
                                </proc:Cost>
                            </proc:CostElement>
                        </proc:CostElementList>
                        <proc:CategorySubtotal>
                            <proc:TotalCost>
                                <proc:AllPriorYears>692.09</proc:AllPriorYears>
                                <proc:PriorYear>2.437</proc:PriorYear>
                                <proc:CurrentYear>3.595</proc:CurrentYear>
                                <proc:BudgetYearOneBase>2.546</proc:BudgetYearOneBase>
                                <proc:BudgetYearOne>2.546</proc:BudgetYearOne>
                            </proc:TotalCost>
                        </proc:CategorySubtotal>
                        <proc:Name>Fielding</proc:Name>
                    </proc:Support>
                    <proc:Support>
                        <proc:CostElementList>
                            <proc:CostElement>
                                <proc:Name>Production Engineering</proc:Name>
                                <proc:Cost>
                                    <proc:TotalCost>
                                        <proc:AllPriorYears>21.732</proc:AllPriorYears>
                                        <proc:PriorYear>4.028</proc:PriorYear>
                                        <proc:CurrentYear>2.301</proc:CurrentYear>
                                        <proc:BudgetYearOneBase>2.204</proc:BudgetYearOneBase>
                                        <proc:BudgetYearOne>2.204</proc:BudgetYearOne>
                                    </proc:TotalCost>
                                </proc:Cost>
                            </proc:CostElement>
                        </proc:CostElementList>
                        <proc:CategorySubtotal>
                            <proc:TotalCost>
                                <proc:AllPriorYears>21.732</proc:AllPriorYears>
                                <proc:PriorYear>4.028</proc:PriorYear>
                                <proc:CurrentYear>2.301</proc:CurrentYear>
                                <proc:BudgetYearOneBase>2.204</proc:BudgetYearOneBase>
                                <proc:BudgetYearOne>2.204</proc:BudgetYearOne>
                            </proc:TotalCost>
                        </proc:CategorySubtotal>
                        <proc:Name>Production Engineering</proc:Name>
                    </proc:Support>
                    <proc:Support>
                        <proc:CostElementList>
                            <proc:CostElement>
                                <proc:Name>Government Management</proc:Name>
                                <proc:Cost>
                                    <proc:TotalCost>
                                        <proc:AllPriorYears>99.066</proc:AllPriorYears>
                                        <proc:PriorYear>0.318</proc:PriorYear>
                                        <proc:CurrentYear>0.14</proc:CurrentYear>
                                        <proc:BudgetYearOneBase>0.14</proc:BudgetYearOneBase>
                                        <proc:BudgetYearOne>0.14</proc:BudgetYearOne>
                                    </proc:TotalCost>
                                </proc:Cost>
                            </proc:CostElement>
                        </proc:CostElementList>
                        <proc:CategorySubtotal>
                            <proc:TotalCost>
                                <proc:AllPriorYears>99.066</proc:AllPriorYears>
                                <proc:PriorYear>0.318</proc:PriorYear>
                                <proc:CurrentYear>0.14</proc:CurrentYear>
                                <proc:BudgetYearOneBase>0.14</proc:BudgetYearOneBase>
                                <proc:BudgetYearOne>0.14</proc:BudgetYearOne>
                            </proc:TotalCost>
                        </proc:CategorySubtotal>
                        <proc:Name>Program Management</proc:Name>
                    </proc:Support>
                    <proc:Support>
                        <proc:CostElementList>
                            <proc:CostElement>
                                <proc:Name>System Engineering</proc:Name>
                                <proc:Cost>
                                    <proc:TotalCost>
                                        <proc:AllPriorYears>214.608</proc:AllPriorYears>
                                        <proc:PriorYear>4.094</proc:PriorYear>
                                        <proc:CurrentYear>5.825</proc:CurrentYear>
                                        <proc:BudgetYearOneBase>5.439</proc:BudgetYearOneBase>
                                        <proc:BudgetYearOne>5.439</proc:BudgetYearOne>
                                    </proc:TotalCost>
                                </proc:Cost>
                            </proc:CostElement>
                        </proc:CostElementList>
                        <proc:CategorySubtotal>
                            <proc:TotalCost>
                                <proc:AllPriorYears>214.608</proc:AllPriorYears>
                                <proc:PriorYear>4.094</proc:PriorYear>
                                <proc:CurrentYear>5.825</proc:CurrentYear>
                                <proc:BudgetYearOneBase>5.439</proc:BudgetYearOneBase>
                                <proc:BudgetYearOne>5.439</proc:BudgetYearOne>
                            </proc:TotalCost>
                        </proc:CategorySubtotal>
                        <proc:Name>System Engineering</proc:Name>
                    </proc:Support>
                </proc:CostElementCategoryList>
            </proc:P5Item>
            <proc:P5Item>
                <proc:Name>Enterprise Wideband Sat Payload Control System</proc:Name>
                <proc:ItemNumber>BB8509</proc:ItemNumber>
                <proc:SecondaryDistribution>
                    <proc:ComponentList>
                        <proc:Component>
                            <proc:Name>Army Active</proc:Name>
                            <proc:Cost>
                                <proc:TotalCost>
                                    <proc:PriorYear>34.93</proc:PriorYear>
                                    <proc:CurrentYear>37.794</proc:CurrentYear>
                                    <proc:BudgetYearOneBase>0.057</proc:BudgetYearOneBase>
                                    <proc:BudgetYearOne>0.057</proc:BudgetYearOne>
                                </proc:TotalCost>
                            </proc:Cost>
                        </proc:Component>
                    </proc:ComponentList>
                </proc:SecondaryDistribution>
                <proc:Remarks>Explanations for decreases in efforts from FY 2025 to FY 2026:

- Satellite Payload Control requirements and resources transition to US Space Force in FY2026.</proc:Remarks>
                <proc:ResourceSummary>
                    <proc:TotalCost>
                        <proc:AllPriorYears>1337.919</proc:AllPriorYears>
                        <proc:PriorYear>34.93</proc:PriorYear>
                        <proc:CurrentYear>37.794</proc:CurrentYear>
                        <proc:BudgetYearOneBase>0.057</proc:BudgetYearOneBase>
                        <proc:BudgetYearOne>0.057</proc:BudgetYearOne>
                    </proc:TotalCost>
                    <proc:NetProcurementP1>
                        <proc:AllPriorYears>1337.919</proc:AllPriorYears>
                        <proc:PriorYear>34.93</proc:PriorYear>
                        <proc:CurrentYear>37.794</proc:CurrentYear>
                        <proc:BudgetYearOneBase>0.057</proc:BudgetYearOneBase>
                        <proc:BudgetYearOne>0.057</proc:BudgetYearOne>
                    </proc:NetProcurementP1>
                    <proc:TotalObligationAuthority>
                        <proc:AllPriorYears>1337.919</proc:AllPriorYears>
                        <proc:PriorYear>34.93</proc:PriorYear>
                        <proc:CurrentYear>37.794</proc:CurrentYear>
                        <proc:BudgetYearOneBase>0.057</proc:BudgetYearOneBase>
                        <proc:BudgetYearOne>0.057</proc:BudgetYearOne>
                    </proc:TotalObligationAuthority>
                </proc:ResourceSummary>
                <proc:CostElementCategoryList>
                    <proc:Flyaway>
                        <proc:Recurring>
                            <proc:CostElementList>
                                <proc:CostElement>
                                    <proc:Name>Wideband Satellite Communications Trend Analysis and Anomaly Resolution Solution (WSTARS)</proc:Name>
                                    <proc:Cost>
                                        <proc:TotalCost>
                                            <proc:AllPriorYears>153.018</proc:AllPriorYears>
                                            <proc:PriorYear>5.169</proc:PriorYear>
                                            <proc:CurrentYear>5.203</proc:CurrentYear>
                                        </proc:TotalCost>
                                    </proc:Cost>
                                </proc:CostElement>
                                <proc:CostElement>
                                    <proc:Name>Global Satellite Configuration Control Element (GSCCE)</proc:Name>
                                    <proc:Cost>
                                        <proc:TotalCost>
                                            <proc:AllPriorYears>209.689</proc:AllPriorYears>
                                            <proc:PriorYear>2.371</proc:PriorYear>
                                            <proc:CurrentYear>2.414</proc:CurrentYear>
                                        </proc:TotalCost>
                                    </proc:Cost>
                                </proc:CostElement>
                                <proc:CostElement>
                                    <proc:Name>Wideband SATCOM Operational Management System (WSOMS)</proc:Name>
                                    <proc:Cost>
                                        <proc:TotalCost>
                                            <proc:AllPriorYears>842.016</proc:AllPriorYears>
                                            <proc:PriorYear>12.854</proc:PriorYear>
                                            <proc:CurrentYear>13.778</proc:CurrentYear>
                                        </proc:TotalCost>
                                    </proc:Cost>
                                </proc:CostElement>
                                <proc:CostElement>
                                    <proc:Name>Wideband Trainer &amp; Certification System (WTCS)</proc:Name>
                                    <proc:Cost>
                                        <proc:TotalCost>
                                            <proc:AllPriorYears>10.661</proc:AllPriorYears>
                                            <proc:PriorYear>2.623</proc:PriorYear>
                                            <proc:CurrentYear>2.721</proc:CurrentYear>
                                        </proc:TotalCost>
                                    </proc:Cost>
                                </proc:CostElement>
                            </proc:CostElementList>
                            <proc:CategorySubtotal>
                                <proc:TotalCost>
                                    <proc:AllPriorYears>1215.384</proc:AllPriorYears>
                                    <proc:PriorYear>23.017</proc:PriorYear>
                                    <proc:CurrentYear>24.116</proc:CurrentYear>
                                </proc:TotalCost>
                            </proc:CategorySubtotal>
                        </proc:Recurring>
                        <proc:CategorySubtotal>
                            <proc:TotalCost>
                                <proc:AllPriorYears>1215.384</proc:AllPriorYears>
                                <proc:PriorYear>23.017</proc:PriorYear>
                                <proc:CurrentYear>24.116</proc:CurrentYear>
                            </proc:TotalCost>
                        </proc:CategorySubtotal>
                    </proc:Flyaway>
                    <proc:Support>
                        <proc:CostElementList>
                            <proc:CostElement>
                                <proc:Name>Fielding</proc:Name>
                                <proc:Cost>
                                    <proc:TotalCost>
                                        <proc:AllPriorYears>4.398</proc:AllPriorYears>
                                        <proc:PriorYear>1.772</proc:PriorYear>
                                        <proc:CurrentYear>1.801</proc:CurrentYear>
                                    </proc:TotalCost>
                                </proc:Cost>
                            </proc:CostElement>
                        </proc:CostElementList>
                        <proc:CategorySubtotal>
                            <proc:TotalCost>
                                <proc:AllPriorYears>4.398</proc:AllPriorYears>
                                <proc:PriorYear>1.772</proc:PriorYear>
                                <proc:CurrentYear>1.801</proc:CurrentYear>
                            </proc:TotalCost>
                        </proc:CategorySubtotal>
                        <proc:Name>Fielding</proc:Name>
                    </proc:Support>
                    <proc:Support>
                        <proc:CostElementList>
                            <proc:CostElement>
                                <proc:Name>Production Engineering</proc:Name>
                                <proc:Cost>
                                    <proc:TotalCost>
                                        <proc:AllPriorYears>13.184</proc:AllPriorYears>
                                        <proc:PriorYear>2.337</proc:PriorYear>
                                        <proc:CurrentYear>2.399</proc:CurrentYear>
                                    </proc:TotalCost>
                                </proc:Cost>
                            </proc:CostElement>
                        </proc:CostElementList>
                        <proc:CategorySubtotal>
                            <proc:TotalCost>
                                <proc:AllPriorYears>13.184</proc:AllPriorYears>
                                <proc:PriorYear>2.337</proc:PriorYear>
                                <proc:CurrentYear>2.399</proc:CurrentYear>
                            </proc:TotalCost>
                        </proc:CategorySubtotal>
                        <proc:Name>Production Engineering</proc:Name>
                    </proc:Support>
                    <proc:Support>
                        <proc:CostElementList>
                            <proc:CostElement>
                                <proc:Name>Government Management</proc:Name>
                                <proc:Cost>
                                    <proc:TotalCost>
                                        <proc:AllPriorYears>59.202</proc:AllPriorYears>
                                        <proc:PriorYear>1.067</proc:PriorYear>
                                        <proc:CurrentYear>2.65</proc:CurrentYear>
                                        <proc:BudgetYearOneBase>0.057</proc:BudgetYearOneBase>
                                        <proc:BudgetYearOne>0.057</proc:BudgetYearOne>
                                    </proc:TotalCost>
                                </proc:Cost>
                            </proc:CostElement>
                        </proc:CostElementList>
                        <proc:CategorySubtotal>
                            <proc:TotalCost>
                                <proc:AllPriorYears>59.202</proc:AllPriorYears>
                                <proc:PriorYear>1.067</proc:PriorYear>
                                <proc:CurrentYear>2.65</proc:CurrentYear>
                                <proc:BudgetYearOneBase>0.057</proc:BudgetYearOneBase>
                                <proc:BudgetYearOne>0.057</proc:BudgetYearOne>
                            </proc:TotalCost>
                        </proc:CategorySubtotal>
                        <proc:Name>Program Management</proc:Name>
                    </proc:Support>
                    <proc:Support>
                        <proc:CostElementList>
                            <proc:CostElement>
                                <proc:Name>System Engineering</proc:Name>
                                <proc:Cost>
                                    <proc:TotalCost>
                                        <proc:AllPriorYears>45.751</proc:AllPriorYears>
                                        <proc:PriorYear>6.737</proc:PriorYear>
                                        <proc:CurrentYear>6.828</proc:CurrentYear>
                                    </proc:TotalCost>
                                </proc:Cost>
                            </proc:CostElement>
                        </proc:CostElementList>
                        <proc:CategorySubtotal>
                            <proc:TotalCost>
                                <proc:AllPriorYears>45.751</proc:AllPriorYears>
                                <proc:PriorYear>6.737</proc:PriorYear>
                                <proc:CurrentYear>6.828</proc:CurrentYear>
                            </proc:TotalCost>
                        </proc:CategorySubtotal>
                        <proc:Name>System Engineering</proc:Name>
                    </proc:Support>
                </proc:CostElementCategoryList>
            </proc:P5Item>
        </proc:ItemExhibitList>
        <proc:DocumentAssemblyOptions>
            <proc:p40AItemScheduleSetting>item</proc:p40AItemScheduleSetting>
        </proc:DocumentAssemblyOptions>
    </proc:LineItem>
</proc:LineItemList>