<?xml version="1.0" encoding="UTF-8"?>
<proc:LineItemList xmlns:proc="http://www.dtic.mil/comptroller/xml/schema/20100219/procurement">
    <proc:LineItem quantityUnits="Each" quantityUnitName="Each" unitCostUnits="Thousands" totalCostUnits="Millions" manufacturerRateUnits="Yearly">
        <proc:LineItemNumber>0128B63000</proc:LineItemNumber>
        <proc:LineItemTitle>Defensive CYBER Operations</proc:LineItemTitle>
        <proc:P1LineNumber>62</proc:P1LineNumber>
        <proc:BudgetYear>2026</proc:BudgetYear>
        <proc:BudgetCycle>PB</proc:BudgetCycle>
        <proc:SubmissionDate>2025-06</proc:SubmissionDate>
        <proc:ServiceAgencyName>Army</proc:ServiceAgencyName>
        <proc:AppropriationNumber>2035A</proc:AppropriationNumber>
        <proc:AppropriationTitle>Other Procurement, Army</proc:AppropriationTitle>
        <proc:BudgetActivityNumber>2</proc:BudgetActivityNumber>
        <proc:BudgetActivityTitle>Communications and Electronics Equipment</proc:BudgetActivityTitle>
        <proc:BudgetSubActivityNumber>64</proc:BudgetSubActivityNumber>
        <proc:BudgetSubActivityTitle>Information Security</proc:BudgetSubActivityTitle>
        <proc:ResourceSummary>
            <proc:TotalCost>
                <proc:AllPriorYears>252.244</proc:AllPriorYears>
                <proc:PriorYear>2.399</proc:PriorYear>
            </proc:TotalCost>
            <proc:NetProcurementP1>
                <proc:AllPriorYears>252.244</proc:AllPriorYears>
                <proc:PriorYear>2.399</proc:PriorYear>
            </proc:NetProcurementP1>
            <proc:TotalObligationAuthority>
                <proc:AllPriorYears>252.244</proc:AllPriorYears>
                <proc:PriorYear>2.399</proc:PriorYear>
            </proc:TotalObligationAuthority>
        </proc:ResourceSummary>
        <proc:OtherRelatedProgramElementList>
            <proc:ProgramElementNumber>0605041A</proc:ProgramElementNumber>
        </proc:OtherRelatedProgramElementList>
        <proc:SecondaryDistribution>
            <proc:ComponentList>
                <proc:Component>
                    <proc:Name>Army Active</proc:Name>
                    <proc:Cost>
                        <proc:TotalCost>
                            <proc:PriorYear>2.399</proc:PriorYear>
                        </proc:TotalCost>
                    </proc:Cost>
                </proc:Component>
            </proc:ComponentList>
            <proc:TotalCost>
                <proc:TotalCost>
                    <proc:PriorYear>2.399</proc:PriorYear>
                </proc:TotalCost>
            </proc:TotalCost>
        </proc:SecondaryDistribution>
        <proc:Description>Defensive CYBER Operations (DCO) consists of platform (hardware and software) programs which are key elements of the DCO Maneuver Baseline infrastructure, platform, and tools. The employment of defensive capabilities creates specific effects in cyberspace through actions that allow commanders to achieve the following objectives: deter, destroy, and defeat enemy offensive cyberspace operations; gain time; economy of force; control key terrain; protect tasked critical assets and infrastructure; and develop intelligence. DCO supports the Army Cyber Command (ARCYBER), Information Warfare Operations Center (IWOC), (5) Regional Cyber Centers (RCCs), Cyber Warfare Battalion (CWB), Multi-Domain Task Force (MDTF), and Cyber Protection Teams (CPTs) in COMPO 2/3.

Platforms/Levels:
* DCO - Garrison DCO Platform - (PEO EIS) - Base Level
* DCO - Deployable Defensive Systems - (PEO EIS) - Tactical/Command Post Level
* DCO Development Environment - (PEO EIS) - Armory

Note: FY 2025 funding in the amount of $16.144 million was realigned to BA-08 PE 0608041A Project CD1 Defensive Cyber Software Prototype Development.</proc:Description>
        <proc:Justification>B63000 has no funding request in FY 2026.</proc:Justification>
        <proc:DocumentAssemblyOptions>
            <proc:p40AItemScheduleSetting>item</proc:p40AItemScheduleSetting>
        </proc:DocumentAssemblyOptions>
    </proc:LineItem>
</proc:LineItemList>