<?xml version="1.0" encoding="UTF-8"?>
<r2:ProgramElementList xmlns:r2="http://www.dtic.mil/comptroller/xml/schema/022009/r2" targetSchemaVersion="1.0">
    <r2:ProgramElement monetaryUnit="Millions">
        <r2:ProgramElementNumber>0202057C</r2:ProgramElementNumber>
        <r2:ProgramElementTitle>Safety Program Management</r2:ProgramElementTitle>
        <r2:R1LineNumber>130</r2:R1LineNumber>
        <r2:MdapCode>362</r2:MdapCode>
        <r2:BudgetYear>2026</r2:BudgetYear>
        <r2:BudgetCycle>PB</r2:BudgetCycle>
        <r2:SubmissionDate>2025-06</r2:SubmissionDate>
        <r2:ServiceAgencyName>Missile Defense Agency</r2:ServiceAgencyName>
        <r2:AppropriationCode>0400</r2:AppropriationCode>
        <r2:AppropriationName>Research, Development, Test &amp; Evaluation, Defense-Wide</r2:AppropriationName>
        <r2:BudgetActivityNumber>4</r2:BudgetActivityNumber>
        <r2:BudgetActivityTitle>Advanced Component Development &amp; Prototypes (ACD&amp;P)</r2:BudgetActivityTitle>
        <r2:ProgramElementFunding>
            <r2:AllPriorYears>4.758</r2:AllPriorYears>
            <r2:PriorYear>2.476</r2:PriorYear>
            <r2:CurrentYear>1.771</r2:CurrentYear>
            <r2:BudgetYearOne>1.806</r2:BudgetYearOne>
            <r2:BudgetYearOneBase>1.806</r2:BudgetYearOneBase>
        </r2:ProgramElementFunding>
        <r2:ProgramElementNote>N/A</r2:ProgramElementNote>
        <r2:ProgramElementMissionDescription>The Missile Defense Agency (MDA) Occupational Safety and Health (OSH) establishes the program plans, policy, responsibilities, and guidelines for compliance with statutory, regulatory, and Department of Defense (DoD) policy/program directives. It also establishes MDA OSH programs designed for the protection of human resources through accident prevention; protection of MDA systems, property, and equipment; and the compliance with appropriate statutes, regulations, Executive Orders, and DoD policies.  OSH develops and ensures implementation of safety requirements, mitigates safety risks to the lowest practical level, and ensures a safe workplace for all MDA employees and contractors by implementing a Safety and Occupational Health program.</r2:ProgramElementMissionDescription>
        <r2:ChangeSummary>
            <r2:PreviousPresidentBudget>
                <r2:PriorYear>2.484</r2:PriorYear>
                <r2:CurrentYear>1.771</r2:CurrentYear>
                <r2:BudgetYearOne>1.804</r2:BudgetYearOne>
                <r2:BudgetYearOneBase>1.804</r2:BudgetYearOneBase>
            </r2:PreviousPresidentBudget>
            <r2:CurrentPresidentBudget>
                <r2:PriorYear>2.476</r2:PriorYear>
                <r2:CurrentYear>1.771</r2:CurrentYear>
                <r2:BudgetYearOne>1.806</r2:BudgetYearOne>
                <r2:BudgetYearOneBase>1.806</r2:BudgetYearOneBase>
            </r2:CurrentPresidentBudget>
            <r2:TotalAdjustments>
                <r2:PriorYear>-0.008</r2:PriorYear>
                <r2:CurrentYear>0.000</r2:CurrentYear>
                <r2:BudgetYearOne>0.002</r2:BudgetYearOne>
                <r2:BudgetYearOneBase>0.002</r2:BudgetYearOneBase>
            </r2:TotalAdjustments>
            <r2:AdjustmentDetails>
                <r2:CongressionalGeneralReductions>
                    <r2:PriorYear>0.000</r2:PriorYear>
                    <r2:CurrentYear>0.000</r2:CurrentYear>
                </r2:CongressionalGeneralReductions>
                <r2:CongressionalDirectedReductions>
                    <r2:PriorYear>0.000</r2:PriorYear>
                    <r2:CurrentYear>0.000</r2:CurrentYear>
                </r2:CongressionalDirectedReductions>
                <r2:CongressionalRescissions>
                    <r2:PriorYear>0.000</r2:PriorYear>
                    <r2:CurrentYear>0.000</r2:CurrentYear>
                </r2:CongressionalRescissions>
                <r2:CongressionalAdds>
                    <r2:PriorYear>0.000</r2:PriorYear>
                    <r2:CurrentYear>0.000</r2:CurrentYear>
                </r2:CongressionalAdds>
                <r2:CongressionalDirectedTransfers>
                    <r2:PriorYear>0.000</r2:PriorYear>
                    <r2:CurrentYear>0.000</r2:CurrentYear>
                </r2:CongressionalDirectedTransfers>
                <r2:Reprogrammings>
                    <r2:PriorYear>0.000</r2:PriorYear>
                    <r2:CurrentYear>0.000</r2:CurrentYear>
                </r2:Reprogrammings>
                <r2:SBIRSTTRTransfer>
                    <r2:PriorYear>-0.008</r2:PriorYear>
                    <r2:CurrentYear>0.000</r2:CurrentYear>
                </r2:SBIRSTTRTransfer>
                <r2:OtherAdjustmentDetailList>
                    <r2:OtherAdjustmentDetail>
                        <r2:Title>Other Adjustment</r2:Title>
                        <r2:Funding>
                            <r2:PriorYear>0.000</r2:PriorYear>
                            <r2:CurrentYear>0.000</r2:CurrentYear>
                            <r2:BudgetYearOne>0.002</r2:BudgetYearOne>
                            <r2:BudgetYearOneBase>0.002</r2:BudgetYearOneBase>
                        </r2:Funding>
                    </r2:OtherAdjustmentDetail>
                </r2:OtherAdjustmentDetailList>
            </r2:AdjustmentDetails>
            <r2:SummaryExplanation>N/A</r2:SummaryExplanation>
        </r2:ChangeSummary>
        <r2:ProjectList>
            <r2:Project>
                <r2:ProjectNumber>MDSH</r2:ProjectNumber>
                <r2:ProjectTitle>Safety Program Management</r2:ProjectTitle>
                <r2:SpecialProject>0</r2:SpecialProject>
                <r2:ProjectFunding>
                    <r2:AllPriorYears>4.758</r2:AllPriorYears>
                    <r2:PriorYear>2.476</r2:PriorYear>
                    <r2:CurrentYear>1.771</r2:CurrentYear>
                    <r2:BudgetYearOne>1.806</r2:BudgetYearOne>
                    <r2:BudgetYearOneBase>1.806</r2:BudgetYearOneBase>
                </r2:ProjectFunding>
                <r2:R2aExhibit>
                    <r2:ProjectArticles>
                        <r2:PriorYear>0</r2:PriorYear>
                        <r2:CurrentYear>0</r2:CurrentYear>
                        <r2:BudgetYearOne>0</r2:BudgetYearOne>
                        <r2:BudgetYearOneBase>0</r2:BudgetYearOneBase>
                    </r2:ProjectArticles>
                    <r2:ProjectNote>N/A</r2:ProjectNote>
                    <r2:ProjectMissionDescription>The Missile Defense Agency (MDA) Occupational Safety and Health (OSH) establishes the program plans, policy, responsibilities, and guidelines for compliance with statutory, regulatory, and Department of Defense (DoD) policy/program directives. It also establishes MDA OSH programs designed for the protection of human resources through accident prevention; protection of MDA systems, property, and equipment; and the compliance with appropriate statutes, regulations, Executive Orders, and DoD policies.

OSH develops and ensures implementation of safety requirements, mitigates safety risks to the lowest practical level, and ensures a safe workplace for all MDA employees and contractors by implementing a Safety and Occupational Health program.</r2:ProjectMissionDescription>
                    <r2:AccomplishmentPlannedProgramList>
                        <r2:AccomplishmentPlannedProgram>
                            <r2:Title>Safety Program Management</r2:Title>
                            <r2:Description>The OSH program ensures that all employees are provided a safe and healthful workplace through an aggressive initiative of workplace inspections, audits, and accident investigation processes.

The unique accomplishments to each fiscal year are as follows:</r2:Description>
                            <r2:Accomplishment>
                                <r2:PriorYear>
                                    <r2:Funding>2.476</r2:Funding>
                                    <r2:Articles>0</r2:Articles>
                                </r2:PriorYear>
                            </r2:Accomplishment>
                            <r2:PlannedProgram>
                                <r2:CurrentYear>
                                    <r2:Funding>1.771</r2:Funding>
                                    <r2:Articles>0</r2:Articles>
                                    <r2:Text>- SEE ABOVE.</r2:Text>
                                </r2:CurrentYear>
                                <r2:BudgetYearOne>
                                    <r2:Funding>1.806</r2:Funding>
                                    <r2:Articles>0</r2:Articles>
                                </r2:BudgetYearOne>
                                <r2:BudgetYearOneBase>
                                    <r2:Funding>1.806</r2:Funding>
                                    <r2:Articles>0</r2:Articles>
                                    <r2:Text>- SEE ABOVE.</r2:Text>
                                </r2:BudgetYearOneBase>
                                <r2:AppChangeSummary>N/A</r2:AppChangeSummary>
                            </r2:PlannedProgram>
                        </r2:AccomplishmentPlannedProgram>
                    </r2:AccomplishmentPlannedProgramList>
                    <r2:AcquisitionStrategy>The OSH program utilizes a collaboration between subject matter expertise in the Government and Contract Support Services to ensure implementation of safety requirements, mitigate safety risks to the lowest practical level, and ensure a safe workplace for all MDA employees and contractors.</r2:AcquisitionStrategy>
                </r2:R2aExhibit>
                <r2:R3Exhibit>
                    <r2:Remarks>Award Dates reflect date of first obligation. Additional obligations may incrementally occur throughout the year.</r2:Remarks>
                    <r2:CostCategoryGroupList>
                        <r2:CostCategoryGroup>
                            <r2:Name>Product Development</r2:Name>
                            <r2:Remarks>N/A</r2:Remarks>
                        </r2:CostCategoryGroup>
                        <r2:CostCategoryGroup>
                            <r2:Name>Support</r2:Name>
                            <r2:Remarks>N/A</r2:Remarks>
                            <r2:CostCategoryItemList>
                                <r2:CostCategoryItem>
                                    <r2:Name>Safety Program Management - Civilian Labor/Travel</r2:Name>
                                    <r2:FundingVehicle>Allot</r2:FundingVehicle>
                                    <r2:PerformingActivity>DOD - MISSILE DEFENSE AGENCY (MDA) CIVILIAN</r2:PerformingActivity>
                                    <r2:PerformingActivityLocation>Various</r2:PerformingActivityLocation>
                                    <r2:Cost>
                                        <r2:TotalPreviousYears>2.428</r2:TotalPreviousYears>
                                        <r2:PriorYear>
                                            <r2:Amount>1.184</r2:Amount>
                                            <r2:AwardDate>2023-10</r2:AwardDate>
                                        </r2:PriorYear>
                                        <r2:CurrentYear>
                                            <r2:Amount>0.975</r2:Amount>
                                            <r2:AwardDate>2024-10</r2:AwardDate>
                                        </r2:CurrentYear>
                                        <r2:BudgetYearOne>
                                            <r2:Amount>0.997</r2:Amount>
                                        </r2:BudgetYearOne>
                                        <r2:BudgetYearOneBase>
                                            <r2:Amount>0.997</r2:Amount>
                                            <r2:AwardDate>2025-10</r2:AwardDate>
                                        </r2:BudgetYearOneBase>
                                        <r2:CostToComplete>Continuing</r2:CostToComplete>
                                        <r2:TotalCost>Continuing</r2:TotalCost>
                                        <r2:TargetValue>Continuing</r2:TargetValue>
                                    </r2:Cost>
                                </r2:CostCategoryItem>
                                <r2:CostCategoryItem>
                                    <r2:Name>Safety Program Management - Safety &amp; Occupational Health</r2:Name>
                                    <r2:ContractMethod>C</r2:ContractMethod>
                                    <r2:ContractType>CPFF</r2:ContractType>
                                    <r2:PerformingActivity>ARES CORPORATION</r2:PerformingActivity>
                                    <r2:PerformingActivityLocation>VA</r2:PerformingActivityLocation>
                                    <r2:Cost>
                                        <r2:TotalPreviousYears>1.937</r2:TotalPreviousYears>
                                        <r2:PriorYear>
                                            <r2:Amount>1.125</r2:Amount>
                                            <r2:AwardDate>2023-11</r2:AwardDate>
                                        </r2:PriorYear>
                                        <r2:CurrentYear>
                                            <r2:Amount>0.796</r2:Amount>
                                            <r2:AwardDate>2024-11</r2:AwardDate>
                                        </r2:CurrentYear>
                                        <r2:BudgetYearOne>
                                            <r2:Amount>0.809</r2:Amount>
                                        </r2:BudgetYearOne>
                                        <r2:BudgetYearOneBase>
                                            <r2:Amount>0.809</r2:Amount>
                                            <r2:AwardDate>2025-11</r2:AwardDate>
                                        </r2:BudgetYearOneBase>
                                        <r2:CostToComplete>Continuing</r2:CostToComplete>
                                        <r2:TotalCost>Continuing</r2:TotalCost>
                                        <r2:TargetValue>Continuing</r2:TargetValue>
                                    </r2:Cost>
                                </r2:CostCategoryItem>
                            </r2:CostCategoryItemList>
                        </r2:CostCategoryGroup>
                        <r2:CostCategoryGroup>
                            <r2:Name>Test and Evaluation</r2:Name>
                            <r2:Remarks>N/A</r2:Remarks>
                        </r2:CostCategoryGroup>
                        <r2:CostCategoryGroup>
                            <r2:Name>Management Services</r2:Name>
                            <r2:Remarks>N/A</r2:Remarks>
                            <r2:CostCategoryItemList>
                                <r2:CostCategoryItem>
                                    <r2:Name>Safety Program Management - Safety Operations (SLA)</r2:Name>
                                    <r2:ContractMethod>C</r2:ContractMethod>
                                    <r2:ContractType>CPIF</r2:ContractType>
                                    <r2:PerformingActivity>Various</r2:PerformingActivity>
                                    <r2:PerformingActivityLocation>Various</r2:PerformingActivityLocation>
                                    <r2:Cost>
                                        <r2:TotalPreviousYears>0.393</r2:TotalPreviousYears>
                                        <r2:PriorYear>
                                            <r2:Amount>0.167</r2:Amount>
                                            <r2:AwardDate>2024-03</r2:AwardDate>
                                        </r2:PriorYear>
                                        <r2:CurrentYear>
                                            <r2:Amount>0.000</r2:Amount>
                                        </r2:CurrentYear>
                                        <r2:BudgetYearOne>
                                            <r2:Amount>0.000</r2:Amount>
                                        </r2:BudgetYearOne>
                                        <r2:BudgetYearOneBase>
                                            <r2:Amount>0.000</r2:Amount>
                                        </r2:BudgetYearOneBase>
                                        <r2:CostToComplete>0.000</r2:CostToComplete>
                                        <r2:TotalCost>0.560</r2:TotalCost>
                                        <r2:TargetValue>0.000</r2:TargetValue>
                                    </r2:Cost>
                                </r2:CostCategoryItem>
                            </r2:CostCategoryItemList>
                        </r2:CostCategoryGroup>
                    </r2:CostCategoryGroupList>
                </r2:R3Exhibit>
                <r2:R4Exhibit>
                    <r2:ScheduleProfile>
                        <r2:ImageFileName>Test_133942148206380808.png</r2:ImageFileName>
                    </r2:ScheduleProfile>
                </r2:R4Exhibit>
                <r2:R4aExhibit>
                    <r2:ScheduleDetailList>
                        <r2:ScheduleDetail>
                            <r2:EventTitle>Safety &amp; Occupational Health (Complete)</r2:EventTitle>
                            <r2:Schedule>
                                <r2:Start>
                                    <r2:Quarter>1</r2:Quarter>
                                    <r2:Year>2024</r2:Year>
                                </r2:Start>
                                <r2:End>
                                    <r2:Quarter>2</r2:Quarter>
                                    <r2:Year>2025</r2:Year>
                                </r2:End>
                            </r2:Schedule>
                        </r2:ScheduleDetail>
                        <r2:ScheduleDetail>
                            <r2:EventTitle>Safety &amp; Occupational Health</r2:EventTitle>
                            <r2:Schedule>
                                <r2:Start>
                                    <r2:Quarter>3</r2:Quarter>
                                    <r2:Year>2025</r2:Year>
                                </r2:Start>
                                <r2:End>
                                    <r2:Quarter>4</r2:Quarter>
                                    <r2:Year>2030</r2:Year>
                                </r2:End>
                            </r2:Schedule>
                        </r2:ScheduleDetail>
                    </r2:ScheduleDetailList>
                </r2:R4aExhibit>
            </r2:Project>
        </r2:ProjectList>
    </r2:ProgramElement>
</r2:ProgramElementList>