<?xml version="1.0" encoding="UTF-8"?>
<r2:ProgramElementList xmlns:r2="http://www.dtic.mil/comptroller/xml/schema/022009/r2" targetSchemaVersion="1.0">
    <r2:ProgramElement monetaryUnit="Millions">
        <r2:ProgramElementNumber>0603891C</r2:ProgramElementNumber>
        <r2:ProgramElementTitle>Special Programs - MDA</r2:ProgramElementTitle>
        <r2:R1LineNumber>89</r2:R1LineNumber>
        <r2:MdapCode>362</r2:MdapCode>
        <r2:BudgetYear>2026</r2:BudgetYear>
        <r2:BudgetCycle>PB</r2:BudgetCycle>
        <r2:SubmissionDate>2025-06</r2:SubmissionDate>
        <r2:ServiceAgencyName>Missile Defense Agency</r2:ServiceAgencyName>
        <r2:AppropriationCode>0400</r2:AppropriationCode>
        <r2:AppropriationName>Research, Development, Test &amp; Evaluation, Defense-Wide</r2:AppropriationName>
        <r2:BudgetActivityNumber>4</r2:BudgetActivityNumber>
        <r2:BudgetActivityTitle>Advanced Component Development &amp; Prototypes (ACD&amp;P)</r2:BudgetActivityTitle>
        <r2:ProgramElementFunding>
            <r2:AllPriorYears>4190.494</r2:AllPriorYears>
            <r2:PriorYear>551.028</r2:PriorYear>
            <r2:CurrentYear>495.570</r2:CurrentYear>
            <r2:BudgetYearOne>498.630</r2:BudgetYearOne>
            <r2:BudgetYearOneBase>498.630</r2:BudgetYearOneBase>
        </r2:ProgramElementFunding>
        <r2:ProgramElementNote>This program is reported in accordance with Title 10, United States Code, Section 119 in the annual Special Access Program Budget Justification submission to Congress.</r2:ProgramElementNote>
        <r2:ProgramElementMissionDescription>This program is reported in accordance with Title 10, United States Code, Section 119 in the annual Special Access Program Budget Justification submission to Congress.</r2:ProgramElementMissionDescription>
        <r2:ChangeSummary>
            <r2:PreviousPresidentBudget>
                <r2:PriorYear>552.888</r2:PriorYear>
                <r2:CurrentYear>495.570</r2:CurrentYear>
                <r2:BudgetYearOne>555.344</r2:BudgetYearOne>
                <r2:BudgetYearOneBase>555.344</r2:BudgetYearOneBase>
            </r2:PreviousPresidentBudget>
            <r2:CurrentPresidentBudget>
                <r2:PriorYear>551.028</r2:PriorYear>
                <r2:CurrentYear>495.570</r2:CurrentYear>
                <r2:BudgetYearOne>498.630</r2:BudgetYearOne>
                <r2:BudgetYearOneBase>498.630</r2:BudgetYearOneBase>
            </r2:CurrentPresidentBudget>
            <r2:TotalAdjustments>
                <r2:PriorYear>-1.860</r2:PriorYear>
                <r2:CurrentYear>0.000</r2:CurrentYear>
                <r2:BudgetYearOne>-56.714</r2:BudgetYearOne>
                <r2:BudgetYearOneBase>-56.714</r2:BudgetYearOneBase>
            </r2:TotalAdjustments>
            <r2:AdjustmentDetails>
                <r2:CongressionalGeneralReductions>
                    <r2:PriorYear>0.000</r2:PriorYear>
                    <r2:CurrentYear>0.000</r2:CurrentYear>
                </r2:CongressionalGeneralReductions>
                <r2:CongressionalDirectedReductions>
                    <r2:PriorYear>0.000</r2:PriorYear>
                    <r2:CurrentYear>0.000</r2:CurrentYear>
                </r2:CongressionalDirectedReductions>
                <r2:CongressionalRescissions>
                    <r2:PriorYear>0.000</r2:PriorYear>
                    <r2:CurrentYear>0.000</r2:CurrentYear>
                </r2:CongressionalRescissions>
                <r2:CongressionalAdds>
                    <r2:PriorYear>12.000</r2:PriorYear>
                    <r2:CurrentYear>0.000</r2:CurrentYear>
                </r2:CongressionalAdds>
                <r2:CongressionalDirectedTransfers>
                    <r2:PriorYear>0.000</r2:PriorYear>
                    <r2:CurrentYear>0.000</r2:CurrentYear>
                </r2:CongressionalDirectedTransfers>
                <r2:Reprogrammings>
                    <r2:PriorYear>0.000</r2:PriorYear>
                    <r2:CurrentYear>0.000</r2:CurrentYear>
                </r2:Reprogrammings>
                <r2:SBIRSTTRTransfer>
                    <r2:PriorYear>-13.777</r2:PriorYear>
                    <r2:CurrentYear>0.000</r2:CurrentYear>
                </r2:SBIRSTTRTransfer>
                <r2:OtherAdjustmentDetailList>
                    <r2:OtherAdjustmentDetail>
                        <r2:Title>Other Adjustment</r2:Title>
                        <r2:Funding>
                            <r2:PriorYear>-0.083</r2:PriorYear>
                            <r2:CurrentYear>0.000</r2:CurrentYear>
                            <r2:BudgetYearOne>-56.714</r2:BudgetYearOne>
                            <r2:BudgetYearOneBase>-56.714</r2:BudgetYearOneBase>
                        </r2:Funding>
                    </r2:OtherAdjustmentDetail>
                </r2:OtherAdjustmentDetailList>
            </r2:AdjustmentDetails>
            <r2:SummaryExplanation>Further details are reported in accordance with Title 10, United States Code, Section 119 in the annual Special Access Program Budget Justification submission to Congress.</r2:SummaryExplanation>
        </r2:ChangeSummary>
        <r2:ProjectList>
            <r2:Project>
                <r2:ProjectNumber>MD27</r2:ProjectNumber>
                <r2:ProjectTitle>Special Programs</r2:ProjectTitle>
                <r2:SpecialProject>1</r2:SpecialProject>
                <r2:ProjectFunding>
                    <r2:AllPriorYears>4190.494</r2:AllPriorYears>
                    <r2:PriorYear>551.028</r2:PriorYear>
                    <r2:CurrentYear>495.570</r2:CurrentYear>
                    <r2:BudgetYearOne>498.630</r2:BudgetYearOne>
                    <r2:BudgetYearOneBase>498.630</r2:BudgetYearOneBase>
                </r2:ProjectFunding>
                <r2:R2aExhibit>
                    <r2:ProjectMissionDescription>This program is reported in accordance with Title 10, United States Code, Section 119(a)(1) in the Special Access Program Annual Report to Congress.</r2:ProjectMissionDescription>
                </r2:R2aExhibit>
            </r2:Project>
        </r2:ProjectList>
    </r2:ProgramElement>
</r2:ProgramElementList>