<?xml version="1.0" encoding="UTF-8"?>
<r2:ProgramElementList xmlns:r2="http://www.dtic.mil/comptroller/xml/schema/022009/r2" targetSchemaVersion="1.0">
    <r2:ProgramElement monetaryUnit="Millions">
        <r2:ProgramElementNumber>0604115C</r2:ProgramElementNumber>
        <r2:ProgramElementTitle>Technology Maturation Initiatives</r2:ProgramElementTitle>
        <r2:R1LineNumber>103</r2:R1LineNumber>
        <r2:MdapCode>362</r2:MdapCode>
        <r2:BudgetYear>2026</r2:BudgetYear>
        <r2:BudgetCycle>PB</r2:BudgetCycle>
        <r2:SubmissionDate>2025-06</r2:SubmissionDate>
        <r2:ServiceAgencyName>Missile Defense Agency</r2:ServiceAgencyName>
        <r2:AppropriationCode>0400</r2:AppropriationCode>
        <r2:AppropriationName>Research, Development, Test &amp; Evaluation, Defense-Wide</r2:AppropriationName>
        <r2:BudgetActivityNumber>4</r2:BudgetActivityNumber>
        <r2:BudgetActivityTitle>Advanced Component Development &amp; Prototypes (ACD&amp;P)</r2:BudgetActivityTitle>
        <r2:ProgramElementFunding>
            <r2:AllPriorYears>503.783</r2:AllPriorYears>
            <r2:PriorYear>10.000</r2:PriorYear>
            <r2:CurrentYear>2.500</r2:CurrentYear>
            <r2:BudgetYearOne>0.000</r2:BudgetYearOne>
            <r2:BudgetYearOneBase>0.000</r2:BudgetYearOneBase>
        </r2:ProgramElementFunding>
        <r2:ProgramElementNote>No funding is requested for this program in FY 2026.</r2:ProgramElementNote>
        <r2:ProgramElementMissionDescription>Technology Maturation Initiatives (TMI) demonstrates the utility of directed energy for missile defense. The Missile Defense Agency's (MDA) directed energy plan incrementally demonstrates and improves the constituent components required to execute a directed energy acquisition, tracking, and lethality kill chain. The directed energy effort advances the technology readiness levels of emerging and developing technologies, while simultaneously assessing the performance and contributions to the Missile Defense System architecture. TMI included analysis, development, demonstration, systems engineering and test efforts to examine, develop, and improve directed energy systems, disruptive directed energy concepts, sensors, and future missile defense technologies.

Directed Energy Demonstrator Development addressed technology risk reduction and maturation for high powered strategic lasers, beam control, lethality, and related technologies. The efforts remain tightly coupled with Office of the Undersecretary of Defense Research and Engineering (OUSD(R&amp;E)) High Energy Laser Development Road Map, and are essential to mature strategic laser technology. 

MDA collaborates with the Combatant Commands, Defense Advanced Research Projects Agency, Department of Energy, Joint Directed Energy Transition Office, Military Departments, National Laboratories and OUSD(R&amp;E) in a systems engineering based strategy to research, analyze, develop and test directed energy weapons technology.

MDA continues to participate in the Department's Directed Energy Reviews.</r2:ProgramElementMissionDescription>
        <r2:ChangeSummary>
            <r2:PreviousPresidentBudget>
                <r2:PriorYear>0.000</r2:PriorYear>
                <r2:CurrentYear>0.000</r2:CurrentYear>
                <r2:BudgetYearOne>0.000</r2:BudgetYearOne>
                <r2:BudgetYearOneBase>0.000</r2:BudgetYearOneBase>
            </r2:PreviousPresidentBudget>
            <r2:CurrentPresidentBudget>
                <r2:PriorYear>10.000</r2:PriorYear>
                <r2:CurrentYear>2.500</r2:CurrentYear>
                <r2:BudgetYearOne>0.000</r2:BudgetYearOne>
                <r2:BudgetYearOneBase>0.000</r2:BudgetYearOneBase>
            </r2:CurrentPresidentBudget>
            <r2:TotalAdjustments>
                <r2:PriorYear>10.000</r2:PriorYear>
                <r2:CurrentYear>2.500</r2:CurrentYear>
                <r2:BudgetYearOne>0.000</r2:BudgetYearOne>
                <r2:BudgetYearOneBase>0.000</r2:BudgetYearOneBase>
            </r2:TotalAdjustments>
            <r2:AdjustmentDetails>
                <r2:CongressionalGeneralReductions>
                    <r2:PriorYear>0.000</r2:PriorYear>
                    <r2:CurrentYear>0.000</r2:CurrentYear>
                </r2:CongressionalGeneralReductions>
                <r2:CongressionalDirectedReductions>
                    <r2:PriorYear>0.000</r2:PriorYear>
                    <r2:CurrentYear>0.000</r2:CurrentYear>
                </r2:CongressionalDirectedReductions>
                <r2:CongressionalRescissions>
                    <r2:PriorYear>0.000</r2:PriorYear>
                    <r2:CurrentYear>0.000</r2:CurrentYear>
                </r2:CongressionalRescissions>
                <r2:CongressionalAdds>
                    <r2:PriorYear>10.000</r2:PriorYear>
                    <r2:CurrentYear>2.500</r2:CurrentYear>
                </r2:CongressionalAdds>
                <r2:CongressionalDirectedTransfers>
                    <r2:PriorYear>0.000</r2:PriorYear>
                    <r2:CurrentYear>0.000</r2:CurrentYear>
                </r2:CongressionalDirectedTransfers>
                <r2:Reprogrammings>
                    <r2:PriorYear>0.000</r2:PriorYear>
                    <r2:CurrentYear>0.000</r2:CurrentYear>
                </r2:Reprogrammings>
                <r2:SBIRSTTRTransfer>
                    <r2:PriorYear>0.000</r2:PriorYear>
                    <r2:CurrentYear>0.000</r2:CurrentYear>
                </r2:SBIRSTTRTransfer>
                <r2:OtherAdjustmentDetailList>
                    <r2:OtherAdjustmentDetail>
                        <r2:Title>Other Adjustment</r2:Title>
                        <r2:Funding>
                            <r2:PriorYear>0.000</r2:PriorYear>
                            <r2:CurrentYear>0.000</r2:CurrentYear>
                            <r2:BudgetYearOne>0.000</r2:BudgetYearOne>
                            <r2:BudgetYearOneBase>0.000</r2:BudgetYearOneBase>
                        </r2:Funding>
                    </r2:OtherAdjustmentDetail>
                </r2:OtherAdjustmentDetailList>
            </r2:AdjustmentDetails>
            <r2:SummaryExplanation>Congressional Adds Details

FY 2024 Congressional Adds Total $10.0 million

Project: MD98 Directed Energy Demonstrator Development
- Short pulse laser research ($10.0 million).

FY 2025 Congressional Adds Total $2.5 million

Project: MD98 Directed Energy Demonstrator Development
- Short pulse laser research ($2.5 million).

No funding is requested in FY 2026.</r2:SummaryExplanation>
        </r2:ChangeSummary>
        <r2:ProjectList>
            <r2:Project>
                <r2:ProjectNumber>MD98</r2:ProjectNumber>
                <r2:ProjectTitle>Directed Energy Demonstrator Development</r2:ProjectTitle>
                <r2:SpecialProject>0</r2:SpecialProject>
                <r2:ProjectFunding>
                    <r2:AllPriorYears>503.783</r2:AllPriorYears>
                    <r2:PriorYear>10.000</r2:PriorYear>
                    <r2:CurrentYear>2.500</r2:CurrentYear>
                    <r2:BudgetYearOne>0.000</r2:BudgetYearOne>
                    <r2:BudgetYearOneBase>0.000</r2:BudgetYearOneBase>
                </r2:ProjectFunding>
                <r2:R2aExhibit>
                    <r2:ProjectArticles>
                        <r2:PriorYear>0</r2:PriorYear>
                        <r2:CurrentYear>0</r2:CurrentYear>
                        <r2:BudgetYearOne>0</r2:BudgetYearOne>
                        <r2:BudgetYearOneBase>0</r2:BudgetYearOneBase>
                    </r2:ProjectArticles>
                    <r2:ProjectNote>No funding is requested for this program in FY 2026.</r2:ProjectNote>
                    <r2:ProjectMissionDescription>The Directed Energy Demonstrator Development (DEDD) project develops, integrates, and tests the component technologies required to scale electric lasers to hundreds of kilowatts. Laser scaling focused on maturing laser capability to levels sufficient to enter into the Office of the Undersecretary of Defense Research and Engineering High Energy Laser Road Map efforts. The DEDD project provided the necessary technology, test data, and operations familiarity to successfully transition to a higher power directed energy weapon. MDA continues to participate in the Department's Directed Energy Reviews.</r2:ProjectMissionDescription>
                    <r2:AccomplishmentPlannedProgramList>
                        <r2:AccomplishmentPlannedProgram>
                            <r2:Title>Directed Energy Demonstrator Development</r2:Title>
                            <r2:Description>Laser scaling develops, integrates, and tests the component technologies required for scaling electric lasers while maintaining optimal size, weight, and power metrics and near diffraction limited beam quality.</r2:Description>
                            <r2:Accomplishment>
                                <r2:PriorYear>
                                    <r2:Funding>10.000</r2:Funding>
                                    <r2:Articles>0</r2:Articles>
                                </r2:PriorYear>
                            </r2:Accomplishment>
                            <r2:PlannedProgram>
                                <r2:CurrentYear>
                                    <r2:Funding>2.500</r2:Funding>
                                    <r2:Articles>0</r2:Articles>
                                    <r2:Text>- SEE ABOVE.</r2:Text>
                                </r2:CurrentYear>
                                <r2:BudgetYearOne>
                                    <r2:Funding>0.000</r2:Funding>
                                    <r2:Articles>0</r2:Articles>
                                </r2:BudgetYearOne>
                                <r2:BudgetYearOneBase>
                                    <r2:Funding>0.000</r2:Funding>
                                    <r2:Articles>0</r2:Articles>
                                    <r2:Text>No funding is requested in FY 2026.</r2:Text>
                                </r2:BudgetYearOneBase>
                                <r2:AppChangeSummary>FY 2025 to FY 2026 decrease reflects realignment for technology risk reduction and maturation for directed energy systems.</r2:AppChangeSummary>
                            </r2:PlannedProgram>
                        </r2:AccomplishmentPlannedProgram>
                    </r2:AccomplishmentPlannedProgramList>
                    <r2:OtherProgramFundingSummaryList>
                        <r2:OtherProgramFundingSummary>
                            <r2:LineItem>0603176C</r2:LineItem>
                            <r2:Title>Advanced Concepts and Performance Assessment</r2:Title>
                            <r2:Funding>
                                <r2:PriorYear>29.019</r2:PriorYear>
                                <r2:CurrentYear>17.920</r2:CurrentYear>
                                <r2:BudgetYearOne>21.625</r2:BudgetYearOne>
                                <r2:BudgetYearOneBase>21.625</r2:BudgetYearOneBase>
                            </r2:Funding>
                        </r2:OtherProgramFundingSummary>
                    </r2:OtherProgramFundingSummaryList>
                    <r2:AcquisitionStrategy>The MDA will employ a flexible and adaptive range of contracting strategies to maximize benefits, leveraging industry partnerships, competitive procurements, Broad Agency Announcements, Small Business Innovative Research programs, Federally Funded Research and Development Centers, University Affiliated Research Centers, and collaborations with Other Government Agencies.  This approach will draw on Agency and Partner subject matter expertise to inform acquisition decisions, enabling rapid response to changing needs, adaptation to evolving requirements, and capitalization on emerging opportunities.</r2:AcquisitionStrategy>
                </r2:R2aExhibit>
                <r2:R3Exhibit>
                    <r2:Remarks>N/A</r2:Remarks>
                    <r2:CostCategoryGroupList>
                        <r2:CostCategoryGroup>
                            <r2:Name>Product Development</r2:Name>
                            <r2:Remarks>N/A</r2:Remarks>
                            <r2:CostCategoryItemList>
                                <r2:CostCategoryItem>
                                    <r2:Name>Directed Energy Demonstrator Development - Adaptive Optics Effectiveness Demonstration</r2:Name>
                                    <r2:ContractMethod>C</r2:ContractMethod>
                                    <r2:ContractType>CPFF</r2:ContractType>
                                    <r2:PerformingActivity>Various</r2:PerformingActivity>
                                    <r2:PerformingActivityLocation>Various</r2:PerformingActivityLocation>
                                    <r2:Cost>
                                        <r2:TotalPreviousYears>9.000</r2:TotalPreviousYears>
                                        <r2:PriorYear>
                                            <r2:Amount>0.000</r2:Amount>
                                        </r2:PriorYear>
                                        <r2:CurrentYear>
                                            <r2:Amount>0.000</r2:Amount>
                                        </r2:CurrentYear>
                                        <r2:BudgetYearOne>
                                            <r2:Amount>0.000</r2:Amount>
                                        </r2:BudgetYearOne>
                                        <r2:BudgetYearOneBase>
                                            <r2:Amount>0.000</r2:Amount>
                                        </r2:BudgetYearOneBase>
                                        <r2:CostToComplete>0.000</r2:CostToComplete>
                                        <r2:TotalCost>9.000</r2:TotalCost>
                                        <r2:TargetValue>0.000</r2:TargetValue>
                                    </r2:Cost>
                                </r2:CostCategoryItem>
                                <r2:CostCategoryItem>
                                    <r2:Name>Directed Energy Demonstrator Development - Beam Control and Lethality Demonstration</r2:Name>
                                    <r2:ContractMethod>C</r2:ContractMethod>
                                    <r2:ContractType>CPFF</r2:ContractType>
                                    <r2:PerformingActivity>Various</r2:PerformingActivity>
                                    <r2:PerformingActivityLocation>Various</r2:PerformingActivityLocation>
                                    <r2:Cost>
                                        <r2:TotalPreviousYears>27.561</r2:TotalPreviousYears>
                                        <r2:PriorYear>
                                            <r2:Amount>0.000</r2:Amount>
                                        </r2:PriorYear>
                                        <r2:CurrentYear>
                                            <r2:Amount>0.000</r2:Amount>
                                        </r2:CurrentYear>
                                        <r2:BudgetYearOne>
                                            <r2:Amount>0.000</r2:Amount>
                                        </r2:BudgetYearOne>
                                        <r2:BudgetYearOneBase>
                                            <r2:Amount>0.000</r2:Amount>
                                        </r2:BudgetYearOneBase>
                                        <r2:CostToComplete>0.000</r2:CostToComplete>
                                        <r2:TotalCost>27.561</r2:TotalCost>
                                        <r2:TargetValue>0.000</r2:TargetValue>
                                    </r2:Cost>
                                </r2:CostCategoryItem>
                                <r2:CostCategoryItem>
                                    <r2:Name>Directed Energy Demonstrator Development - Directed Energy CPU</r2:Name>
                                    <r2:FundingVehicle>Various</r2:FundingVehicle>
                                    <r2:PerformingActivity>Various</r2:PerformingActivity>
                                    <r2:PerformingActivityLocation>Various</r2:PerformingActivityLocation>
                                    <r2:Cost>
                                        <r2:TotalPreviousYears>3.395</r2:TotalPreviousYears>
                                        <r2:PriorYear>
                                            <r2:Amount>0.000</r2:Amount>
                                        </r2:PriorYear>
                                        <r2:CurrentYear>
                                            <r2:Amount>0.000</r2:Amount>
                                        </r2:CurrentYear>
                                        <r2:BudgetYearOne>
                                            <r2:Amount>0.000</r2:Amount>
                                        </r2:BudgetYearOne>
                                        <r2:BudgetYearOneBase>
                                            <r2:Amount>0.000</r2:Amount>
                                        </r2:BudgetYearOneBase>
                                        <r2:CostToComplete>0.000</r2:CostToComplete>
                                        <r2:TotalCost>3.395</r2:TotalCost>
                                        <r2:TargetValue>0.000</r2:TargetValue>
                                    </r2:Cost>
                                </r2:CostCategoryItem>
                                <r2:CostCategoryItem>
                                    <r2:Name>Directed Energy Demonstrator Development - Industry Laser Scaling and Technology Transfer</r2:Name>
                                    <r2:ContractMethod>C</r2:ContractMethod>
                                    <r2:ContractType>CPFF</r2:ContractType>
                                    <r2:PerformingActivity>Boeing</r2:PerformingActivity>
                                    <r2:PerformingActivityLocation>CA</r2:PerformingActivityLocation>
                                    <r2:Cost>
                                        <r2:TotalPreviousYears>18.412</r2:TotalPreviousYears>
                                        <r2:PriorYear>
                                            <r2:Amount>0.000</r2:Amount>
                                        </r2:PriorYear>
                                        <r2:CurrentYear>
                                            <r2:Amount>0.000</r2:Amount>
                                        </r2:CurrentYear>
                                        <r2:BudgetYearOne>
                                            <r2:Amount>0.000</r2:Amount>
                                        </r2:BudgetYearOne>
                                        <r2:BudgetYearOneBase>
                                            <r2:Amount>0.000</r2:Amount>
                                        </r2:BudgetYearOneBase>
                                        <r2:CostToComplete>0.000</r2:CostToComplete>
                                        <r2:TotalCost>18.412</r2:TotalCost>
                                        <r2:TargetValue>0.000</r2:TargetValue>
                                    </r2:Cost>
                                </r2:CostCategoryItem>
                                <r2:CostCategoryItem>
                                    <r2:Name>Directed Energy Demonstrator Development - LPLD Preliminary Design A</r2:Name>
                                    <r2:ContractMethod>C</r2:ContractMethod>
                                    <r2:ContractType>CPFF</r2:ContractType>
                                    <r2:PerformingActivity>Lockheed Martin</r2:PerformingActivity>
                                    <r2:PerformingActivityLocation>CA</r2:PerformingActivityLocation>
                                    <r2:Cost>
                                        <r2:TotalPreviousYears>40.494</r2:TotalPreviousYears>
                                        <r2:PriorYear>
                                            <r2:Amount>0.000</r2:Amount>
                                        </r2:PriorYear>
                                        <r2:CurrentYear>
                                            <r2:Amount>0.000</r2:Amount>
                                        </r2:CurrentYear>
                                        <r2:BudgetYearOne>
                                            <r2:Amount>0.000</r2:Amount>
                                        </r2:BudgetYearOne>
                                        <r2:BudgetYearOneBase>
                                            <r2:Amount>0.000</r2:Amount>
                                        </r2:BudgetYearOneBase>
                                        <r2:CostToComplete>0.000</r2:CostToComplete>
                                        <r2:TotalCost>40.494</r2:TotalCost>
                                        <r2:TargetValue>0.000</r2:TargetValue>
                                    </r2:Cost>
                                </r2:CostCategoryItem>
                                <r2:CostCategoryItem>
                                    <r2:Name>Directed Energy Demonstrator Development - LPLD Preliminary Design B</r2:Name>
                                    <r2:ContractMethod>C</r2:ContractMethod>
                                    <r2:ContractType>CPFF</r2:ContractType>
                                    <r2:PerformingActivity>General Atomics</r2:PerformingActivity>
                                    <r2:PerformingActivityLocation>CA</r2:PerformingActivityLocation>
                                    <r2:Cost>
                                        <r2:TotalPreviousYears>36.841</r2:TotalPreviousYears>
                                        <r2:PriorYear>
                                            <r2:Amount>0.000</r2:Amount>
                                        </r2:PriorYear>
                                        <r2:CurrentYear>
                                            <r2:Amount>0.000</r2:Amount>
                                        </r2:CurrentYear>
                                        <r2:BudgetYearOne>
                                            <r2:Amount>0.000</r2:Amount>
                                        </r2:BudgetYearOne>
                                        <r2:BudgetYearOneBase>
                                            <r2:Amount>0.000</r2:Amount>
                                        </r2:BudgetYearOneBase>
                                        <r2:CostToComplete>0.000</r2:CostToComplete>
                                        <r2:TotalCost>36.841</r2:TotalCost>
                                        <r2:TargetValue>0.000</r2:TargetValue>
                                    </r2:Cost>
                                </r2:CostCategoryItem>
                                <r2:CostCategoryItem>
                                    <r2:Name>Directed Energy Demonstrator Development - LPLD Preliminary Design C</r2:Name>
                                    <r2:ContractMethod>C</r2:ContractMethod>
                                    <r2:ContractType>CPFF</r2:ContractType>
                                    <r2:PerformingActivity>Boeing</r2:PerformingActivity>
                                    <r2:PerformingActivityLocation>CA</r2:PerformingActivityLocation>
                                    <r2:Cost>
                                        <r2:TotalPreviousYears>36.361</r2:TotalPreviousYears>
                                        <r2:PriorYear>
                                            <r2:Amount>0.000</r2:Amount>
                                        </r2:PriorYear>
                                        <r2:CurrentYear>
                                            <r2:Amount>0.000</r2:Amount>
                                        </r2:CurrentYear>
                                        <r2:BudgetYearOne>
                                            <r2:Amount>0.000</r2:Amount>
                                        </r2:BudgetYearOne>
                                        <r2:BudgetYearOneBase>
                                            <r2:Amount>0.000</r2:Amount>
                                        </r2:BudgetYearOneBase>
                                        <r2:CostToComplete>0.000</r2:CostToComplete>
                                        <r2:TotalCost>36.361</r2:TotalCost>
                                        <r2:TargetValue>0.000</r2:TargetValue>
                                    </r2:Cost>
                                </r2:CostCategoryItem>
                                <r2:CostCategoryItem>
                                    <r2:Name>Directed Energy Demonstrator Development - LPLD System Critical Design A (CPU)</r2:Name>
                                    <r2:ContractMethod>C</r2:ContractMethod>
                                    <r2:ContractType>CPFF</r2:ContractType>
                                    <r2:PerformingActivity>Lockheed Martin</r2:PerformingActivity>
                                    <r2:PerformingActivityLocation>CA</r2:PerformingActivityLocation>
                                    <r2:Cost>
                                        <r2:TotalPreviousYears>26.000</r2:TotalPreviousYears>
                                        <r2:PriorYear>
                                            <r2:Amount>0.000</r2:Amount>
                                        </r2:PriorYear>
                                        <r2:CurrentYear>
                                            <r2:Amount>0.000</r2:Amount>
                                        </r2:CurrentYear>
                                        <r2:BudgetYearOne>
                                            <r2:Amount>0.000</r2:Amount>
                                        </r2:BudgetYearOne>
                                        <r2:BudgetYearOneBase>
                                            <r2:Amount>0.000</r2:Amount>
                                        </r2:BudgetYearOneBase>
                                        <r2:CostToComplete>0.000</r2:CostToComplete>
                                        <r2:TotalCost>26.000</r2:TotalCost>
                                        <r2:TargetValue>0.000</r2:TargetValue>
                                    </r2:Cost>
                                </r2:CostCategoryItem>
                                <r2:CostCategoryItem>
                                    <r2:Name>Directed Energy Demonstrator Development - LPLD System Critical Design B (CPU)</r2:Name>
                                    <r2:ContractMethod>C</r2:ContractMethod>
                                    <r2:ContractType>CPFF</r2:ContractType>
                                    <r2:PerformingActivity>General Atomics</r2:PerformingActivity>
                                    <r2:PerformingActivityLocation>CA</r2:PerformingActivityLocation>
                                    <r2:Cost>
                                        <r2:TotalPreviousYears>26.000</r2:TotalPreviousYears>
                                        <r2:PriorYear>
                                            <r2:Amount>0.000</r2:Amount>
                                        </r2:PriorYear>
                                        <r2:CurrentYear>
                                            <r2:Amount>0.000</r2:Amount>
                                        </r2:CurrentYear>
                                        <r2:BudgetYearOne>
                                            <r2:Amount>0.000</r2:Amount>
                                        </r2:BudgetYearOne>
                                        <r2:BudgetYearOneBase>
                                            <r2:Amount>0.000</r2:Amount>
                                        </r2:BudgetYearOneBase>
                                        <r2:CostToComplete>0.000</r2:CostToComplete>
                                        <r2:TotalCost>26.000</r2:TotalCost>
                                        <r2:TargetValue>0.000</r2:TargetValue>
                                    </r2:Cost>
                                </r2:CostCategoryItem>
                                <r2:CostCategoryItem>
                                    <r2:Name>Directed Energy Demonstrator Development - LPLD System Critical Design C (CPU)</r2:Name>
                                    <r2:ContractMethod>C</r2:ContractMethod>
                                    <r2:ContractType>CPFF</r2:ContractType>
                                    <r2:PerformingActivity>Boeing</r2:PerformingActivity>
                                    <r2:PerformingActivityLocation>CA</r2:PerformingActivityLocation>
                                    <r2:Cost>
                                        <r2:TotalPreviousYears>26.000</r2:TotalPreviousYears>
                                        <r2:PriorYear>
                                            <r2:Amount>0.000</r2:Amount>
                                        </r2:PriorYear>
                                        <r2:CurrentYear>
                                            <r2:Amount>0.000</r2:Amount>
                                        </r2:CurrentYear>
                                        <r2:BudgetYearOne>
                                            <r2:Amount>0.000</r2:Amount>
                                        </r2:BudgetYearOne>
                                        <r2:BudgetYearOneBase>
                                            <r2:Amount>0.000</r2:Amount>
                                        </r2:BudgetYearOneBase>
                                        <r2:CostToComplete>0.000</r2:CostToComplete>
                                        <r2:TotalCost>26.000</r2:TotalCost>
                                        <r2:TargetValue>0.000</r2:TargetValue>
                                    </r2:Cost>
                                </r2:CostCategoryItem>
                                <r2:CostCategoryItem>
                                    <r2:Name>Directed Energy Demonstrator Development - Laser Lethality Demonstration</r2:Name>
                                    <r2:ContractMethod>C</r2:ContractMethod>
                                    <r2:ContractType>CPFF</r2:ContractType>
                                    <r2:PerformingActivity>General Atomics, AFRL, Redstone Testing Center, White Sands Missile Range</r2:PerformingActivity>
                                    <r2:PerformingActivityLocation>CA, AL, NM</r2:PerformingActivityLocation>
                                    <r2:Cost>
                                        <r2:TotalPreviousYears>11.378</r2:TotalPreviousYears>
                                        <r2:PriorYear>
                                            <r2:Amount>0.000</r2:Amount>
                                        </r2:PriorYear>
                                        <r2:CurrentYear>
                                            <r2:Amount>0.000</r2:Amount>
                                        </r2:CurrentYear>
                                        <r2:BudgetYearOne>
                                            <r2:Amount>0.000</r2:Amount>
                                        </r2:BudgetYearOne>
                                        <r2:BudgetYearOneBase>
                                            <r2:Amount>0.000</r2:Amount>
                                        </r2:BudgetYearOneBase>
                                        <r2:CostToComplete>0.000</r2:CostToComplete>
                                        <r2:TotalCost>11.378</r2:TotalCost>
                                        <r2:TargetValue>0.000</r2:TargetValue>
                                    </r2:Cost>
                                </r2:CostCategoryItem>
                                <r2:CostCategoryItem>
                                    <r2:Name>Directed Energy Demonstrator Development - Laser Scaling</r2:Name>
                                    <r2:FundingVehicle>FFRDC</r2:FundingVehicle>
                                    <r2:PerformingActivity>MIT LL, LLNL</r2:PerformingActivity>
                                    <r2:PerformingActivityLocation>MA, CA</r2:PerformingActivityLocation>
                                    <r2:Cost>
                                        <r2:TotalPreviousYears>136.658</r2:TotalPreviousYears>
                                        <r2:PriorYear>
                                            <r2:Amount>0.000</r2:Amount>
                                        </r2:PriorYear>
                                        <r2:CurrentYear>
                                            <r2:Amount>0.000</r2:Amount>
                                        </r2:CurrentYear>
                                        <r2:BudgetYearOne>
                                            <r2:Amount>0.000</r2:Amount>
                                        </r2:BudgetYearOne>
                                        <r2:BudgetYearOneBase>
                                            <r2:Amount>0.000</r2:Amount>
                                        </r2:BudgetYearOneBase>
                                        <r2:CostToComplete>0.000</r2:CostToComplete>
                                        <r2:TotalCost>136.658</r2:TotalCost>
                                        <r2:TargetValue>0.000</r2:TargetValue>
                                    </r2:Cost>
                                </r2:CostCategoryItem>
                                <r2:CostCategoryItem>
                                    <r2:Name>Directed Energy Demonstrator Development - Laser Scaling - Diode Pumped Alkali Laser (CPU)</r2:Name>
                                    <r2:FundingVehicle>FFRDC</r2:FundingVehicle>
                                    <r2:PerformingActivity>LLNL (Lawrence Livermore National Laboratory)</r2:PerformingActivity>
                                    <r2:PerformingActivityLocation>CA</r2:PerformingActivityLocation>
                                    <r2:Cost>
                                        <r2:TotalPreviousYears>50.556</r2:TotalPreviousYears>
                                        <r2:PriorYear>
                                            <r2:Amount>0.000</r2:Amount>
                                        </r2:PriorYear>
                                        <r2:CurrentYear>
                                            <r2:Amount>0.000</r2:Amount>
                                        </r2:CurrentYear>
                                        <r2:BudgetYearOne>
                                            <r2:Amount>0.000</r2:Amount>
                                        </r2:BudgetYearOne>
                                        <r2:BudgetYearOneBase>
                                            <r2:Amount>0.000</r2:Amount>
                                        </r2:BudgetYearOneBase>
                                        <r2:CostToComplete>0.000</r2:CostToComplete>
                                        <r2:TotalCost>50.556</r2:TotalCost>
                                        <r2:TargetValue>0.000</r2:TargetValue>
                                    </r2:Cost>
                                </r2:CostCategoryItem>
                                <r2:CostCategoryItem>
                                    <r2:Name>Directed Energy Demonstrator Development - Laser Scaling - Diode Pumped Alkali Laser (CPU) Contract</r2:Name>
                                    <r2:ContractMethod>C</r2:ContractMethod>
                                    <r2:ContractType>CPFF</r2:ContractType>
                                    <r2:PerformingActivity>LOCKHEED MARTIN CORPORATION</r2:PerformingActivity>
                                    <r2:PerformingActivityLocation>Various</r2:PerformingActivityLocation>
                                    <r2:Cost>
                                        <r2:TotalPreviousYears>3.844</r2:TotalPreviousYears>
                                        <r2:PriorYear>
                                            <r2:Amount>0.000</r2:Amount>
                                        </r2:PriorYear>
                                        <r2:CurrentYear>
                                            <r2:Amount>0.000</r2:Amount>
                                        </r2:CurrentYear>
                                        <r2:BudgetYearOne>
                                            <r2:Amount>0.000</r2:Amount>
                                        </r2:BudgetYearOne>
                                        <r2:BudgetYearOneBase>
                                            <r2:Amount>0.000</r2:Amount>
                                        </r2:BudgetYearOneBase>
                                        <r2:CostToComplete>0.000</r2:CostToComplete>
                                        <r2:TotalCost>3.844</r2:TotalCost>
                                        <r2:TargetValue>0.000</r2:TargetValue>
                                    </r2:Cost>
                                </r2:CostCategoryItem>
                                <r2:CostCategoryItem>
                                    <r2:Name>Directed Energy Demonstrator Development - Machine Learning Adaptive Optics</r2:Name>
                                    <r2:ContractMethod>C</r2:ContractMethod>
                                    <r2:ContractType>Various</r2:ContractType>
                                    <r2:PerformingActivity>Various</r2:PerformingActivity>
                                    <r2:PerformingActivityLocation>Various</r2:PerformingActivityLocation>
                                    <r2:Cost>
                                        <r2:TotalPreviousYears>2.500</r2:TotalPreviousYears>
                                        <r2:PriorYear>
                                            <r2:Amount>0.000</r2:Amount>
                                        </r2:PriorYear>
                                        <r2:CurrentYear>
                                            <r2:Amount>0.000</r2:Amount>
                                        </r2:CurrentYear>
                                        <r2:BudgetYearOne>
                                            <r2:Amount>0.000</r2:Amount>
                                        </r2:BudgetYearOne>
                                        <r2:BudgetYearOneBase>
                                            <r2:Amount>0.000</r2:Amount>
                                        </r2:BudgetYearOneBase>
                                        <r2:CostToComplete>0.000</r2:CostToComplete>
                                        <r2:TotalCost>2.500</r2:TotalCost>
                                        <r2:TargetValue>0.000</r2:TargetValue>
                                    </r2:Cost>
                                </r2:CostCategoryItem>
                                <r2:CostCategoryItem>
                                    <r2:Name>Directed Energy Demonstrator Development - Microwave Technology Assessment</r2:Name>
                                    <r2:ContractMethod>C</r2:ContractMethod>
                                    <r2:ContractType>CPFF</r2:ContractType>
                                    <r2:PerformingActivity>RAYTHEON</r2:PerformingActivity>
                                    <r2:PerformingActivityLocation>AZ</r2:PerformingActivityLocation>
                                    <r2:Cost>
                                        <r2:TotalPreviousYears>5.500</r2:TotalPreviousYears>
                                        <r2:PriorYear>
                                            <r2:Amount>0.000</r2:Amount>
                                        </r2:PriorYear>
                                        <r2:CurrentYear>
                                            <r2:Amount>0.000</r2:Amount>
                                        </r2:CurrentYear>
                                        <r2:BudgetYearOne>
                                            <r2:Amount>0.000</r2:Amount>
                                        </r2:BudgetYearOne>
                                        <r2:BudgetYearOneBase>
                                            <r2:Amount>0.000</r2:Amount>
                                        </r2:BudgetYearOneBase>
                                        <r2:CostToComplete>0.000</r2:CostToComplete>
                                        <r2:TotalCost>5.500</r2:TotalCost>
                                        <r2:TargetValue>0.000</r2:TargetValue>
                                    </r2:Cost>
                                </r2:CostCategoryItem>
                                <r2:CostCategoryItem>
                                    <r2:Name>Directed Energy Demonstrator Development - Performance Analysis</r2:Name>
                                    <r2:FundingVehicle>MIPR</r2:FundingVehicle>
                                    <r2:PerformingActivity>MIT LL, Aviation and Missile Research Development and Engineering Center (AMRDEC),Combat Capabilities Development Command - Aviation and Missile Center (CCDC-AMC), AFRL, USAFA, Semquest</r2:PerformingActivity>
                                    <r2:PerformingActivityLocation>MA, AL, NM, CO</r2:PerformingActivityLocation>
                                    <r2:Cost>
                                        <r2:TotalPreviousYears>12.469</r2:TotalPreviousYears>
                                        <r2:PriorYear>
                                            <r2:Amount>0.000</r2:Amount>
                                        </r2:PriorYear>
                                        <r2:CurrentYear>
                                            <r2:Amount>0.000</r2:Amount>
                                        </r2:CurrentYear>
                                        <r2:BudgetYearOne>
                                            <r2:Amount>0.000</r2:Amount>
                                        </r2:BudgetYearOne>
                                        <r2:BudgetYearOneBase>
                                            <r2:Amount>0.000</r2:Amount>
                                        </r2:BudgetYearOneBase>
                                        <r2:CostToComplete>0.000</r2:CostToComplete>
                                        <r2:TotalCost>12.469</r2:TotalCost>
                                        <r2:TargetValue>0.000</r2:TargetValue>
                                    </r2:Cost>
                                </r2:CostCategoryItem>
                                <r2:CostCategoryItem>
                                    <r2:Name>Directed Energy Demonstrator Development - Short Pulsed Laser Lethality Assessment</r2:Name>
                                    <r2:ContractMethod>C</r2:ContractMethod>
                                    <r2:ContractType>CPFF</r2:ContractType>
                                    <r2:PerformingActivity>UNIVERSITY OF ROCHESTER</r2:PerformingActivity>
                                    <r2:PerformingActivityLocation>NY</r2:PerformingActivityLocation>
                                    <r2:Cost>
                                        <r2:TotalPreviousYears>14.605</r2:TotalPreviousYears>
                                        <r2:PriorYear>
                                            <r2:Amount>10.000</r2:Amount>
                                            <r2:AwardDate>2024-09</r2:AwardDate>
                                        </r2:PriorYear>
                                        <r2:CurrentYear>
                                            <r2:Amount>2.500</r2:Amount>
                                            <r2:AwardDate>2025-06</r2:AwardDate>
                                        </r2:CurrentYear>
                                        <r2:BudgetYearOne>
                                            <r2:Amount>0.000</r2:Amount>
                                        </r2:BudgetYearOne>
                                        <r2:BudgetYearOneBase>
                                            <r2:Amount>0.000</r2:Amount>
                                        </r2:BudgetYearOneBase>
                                        <r2:CostToComplete>0.000</r2:CostToComplete>
                                        <r2:TotalCost>27.105</r2:TotalCost>
                                        <r2:TargetValue>0.000</r2:TargetValue>
                                    </r2:Cost>
                                </r2:CostCategoryItem>
                                <r2:CostCategoryItem>
                                    <r2:Name>Directed Energy Demonstrator Development - Technology Transfer/Component Development</r2:Name>
                                    <r2:ContractMethod>C</r2:ContractMethod>
                                    <r2:ContractType>CPIF</r2:ContractType>
                                    <r2:PerformingActivity>Boeing</r2:PerformingActivity>
                                    <r2:PerformingActivityLocation>CA</r2:PerformingActivityLocation>
                                    <r2:Cost>
                                        <r2:TotalPreviousYears>16.209</r2:TotalPreviousYears>
                                        <r2:PriorYear>
                                            <r2:Amount>0.000</r2:Amount>
                                        </r2:PriorYear>
                                        <r2:CurrentYear>
                                            <r2:Amount>0.000</r2:Amount>
                                        </r2:CurrentYear>
                                        <r2:BudgetYearOne>
                                            <r2:Amount>0.000</r2:Amount>
                                        </r2:BudgetYearOne>
                                        <r2:BudgetYearOneBase>
                                            <r2:Amount>0.000</r2:Amount>
                                        </r2:BudgetYearOneBase>
                                        <r2:CostToComplete>0.000</r2:CostToComplete>
                                        <r2:TotalCost>16.209</r2:TotalCost>
                                        <r2:TargetValue>0.000</r2:TargetValue>
                                    </r2:Cost>
                                </r2:CostCategoryItem>
                            </r2:CostCategoryItemList>
                        </r2:CostCategoryGroup>
                    </r2:CostCategoryGroupList>
                </r2:R3Exhibit>
                <r2:R4Exhibit>
                    <r2:ScheduleProfile>
                        <r2:ImageFileName>Test_133942153918708072.png</r2:ImageFileName>
                    </r2:ScheduleProfile>
                </r2:R4Exhibit>
                <r2:R4aExhibit>
                    <r2:ScheduleDetailList>
                        <r2:ScheduleDetail>
                            <r2:EventTitle>Optimize laser performance</r2:EventTitle>
                            <r2:Schedule>
                                <r2:Start>
                                    <r2:Quarter>4</r2:Quarter>
                                    <r2:Year>2024</r2:Year>
                                </r2:Start>
                                <r2:End>
                                    <r2:Quarter>2</r2:Quarter>
                                    <r2:Year>2025</r2:Year>
                                </r2:End>
                            </r2:Schedule>
                        </r2:ScheduleDetail>
                        <r2:ScheduleDetail>
                            <r2:EventTitle>Short Pulse Laser Technology</r2:EventTitle>
                            <r2:Schedule>
                                <r2:Start>
                                    <r2:Quarter>3</r2:Quarter>
                                    <r2:Year>2025</r2:Year>
                                </r2:Start>
                                <r2:End>
                                    <r2:Quarter>2</r2:Quarter>
                                    <r2:Year>2027</r2:Year>
                                </r2:End>
                            </r2:Schedule>
                        </r2:ScheduleDetail>
                    </r2:ScheduleDetailList>
                </r2:R4aExhibit>
            </r2:Project>
        </r2:ProjectList>
    </r2:ProgramElement>
</r2:ProgramElementList>