<?xml version="1.0" encoding="UTF-8"?>
<r2:ProgramElementList xmlns:r2="http://www.dtic.mil/comptroller/xml/schema/022009/r2" targetSchemaVersion="1.0">
    <r2:ProgramElement monetaryUnit="Millions">
        <r2:ProgramElementNumber>0603913C</r2:ProgramElementNumber>
        <r2:ProgramElementTitle>Israeli Cooperative Programs</r2:ProgramElementTitle>
        <r2:R1LineNumber>96</r2:R1LineNumber>
        <r2:MdapCode>362</r2:MdapCode>
        <r2:BudgetYear>2026</r2:BudgetYear>
        <r2:BudgetCycle>PB</r2:BudgetCycle>
        <r2:SubmissionDate>2025-06</r2:SubmissionDate>
        <r2:ServiceAgencyName>Missile Defense Agency</r2:ServiceAgencyName>
        <r2:AppropriationCode>0400</r2:AppropriationCode>
        <r2:AppropriationName>Research, Development, Test &amp; Evaluation, Defense-Wide</r2:AppropriationName>
        <r2:BudgetActivityNumber>4</r2:BudgetActivityNumber>
        <r2:BudgetActivityTitle>Advanced Component Development &amp; Prototypes (ACD&amp;P)</r2:BudgetActivityTitle>
        <r2:ProgramElementFunding>
            <r2:AllPriorYears>3058.391</r2:AllPriorYears>
            <r2:PriorYear>300.000</r2:PriorYear>
            <r2:CurrentYear>300.000</r2:CurrentYear>
            <r2:BudgetYearOne>300.000</r2:BudgetYearOne>
            <r2:BudgetYearOneBase>300.000</r2:BudgetYearOneBase>
        </r2:ProgramElementFunding>
        <r2:ProgramElementNote>Content supports expected contributions from Israel per international agreements.</r2:ProgramElementNote>
        <r2:ProgramElementMissionDescription>Since 1986, the United States (U.S.) and the State of Israel have cooperated on missile defense. Currently, the Missile Defense Agency (MDA) has two major projects with Israel to develop and improve their indigenous capability to defend against short range rockets, cruise missiles, and short and medium range ballistic missiles. These include the Arrow Weapon System (MD26) and the Short Range Ballistic Missile Defense David's Sling Weapon System (MD34). Within these projects MDA along with Israeli Missile Defense Organization develops and produces weapon systems, conducts tests, and exercises interoperability between the U.S. Missile Defense System and the Israeli Missile Defense Architecture.

The U.S. and State of Israel entered into a Memorandum of Understanding on September 2016, in which "Such funding, should over a ten year period beginning in FY 2019 and ending in FY 2028, be provided at a level of $500 million per year." (U.S. contributions only). These funds will be distributed between the Israeli Programs in Research Development Test &amp; Evaluation and Procurement Funds.</r2:ProgramElementMissionDescription>
        <r2:ChangeSummary>
            <r2:PreviousPresidentBudget>
                <r2:PriorYear>300.000</r2:PriorYear>
                <r2:CurrentYear>300.000</r2:CurrentYear>
                <r2:BudgetYearOne>300.000</r2:BudgetYearOne>
                <r2:BudgetYearOneBase>300.000</r2:BudgetYearOneBase>
            </r2:PreviousPresidentBudget>
            <r2:CurrentPresidentBudget>
                <r2:PriorYear>300.000</r2:PriorYear>
                <r2:CurrentYear>300.000</r2:CurrentYear>
                <r2:BudgetYearOne>300.000</r2:BudgetYearOne>
                <r2:BudgetYearOneBase>300.000</r2:BudgetYearOneBase>
            </r2:CurrentPresidentBudget>
            <r2:TotalAdjustments>
                <r2:PriorYear>0.000</r2:PriorYear>
                <r2:CurrentYear>0.000</r2:CurrentYear>
                <r2:BudgetYearOne>0.000</r2:BudgetYearOne>
                <r2:BudgetYearOneBase>0.000</r2:BudgetYearOneBase>
            </r2:TotalAdjustments>
            <r2:AdjustmentDetails>
                <r2:CongressionalGeneralReductions>
                    <r2:PriorYear>0.000</r2:PriorYear>
                    <r2:CurrentYear>0.000</r2:CurrentYear>
                </r2:CongressionalGeneralReductions>
                <r2:CongressionalDirectedReductions>
                    <r2:PriorYear>0.000</r2:PriorYear>
                    <r2:CurrentYear>0.000</r2:CurrentYear>
                </r2:CongressionalDirectedReductions>
                <r2:CongressionalRescissions>
                    <r2:PriorYear>0.000</r2:PriorYear>
                    <r2:CurrentYear>0.000</r2:CurrentYear>
                </r2:CongressionalRescissions>
                <r2:CongressionalAdds>
                    <r2:PriorYear>0.000</r2:PriorYear>
                    <r2:CurrentYear>0.000</r2:CurrentYear>
                </r2:CongressionalAdds>
                <r2:CongressionalDirectedTransfers>
                    <r2:PriorYear>0.000</r2:PriorYear>
                    <r2:CurrentYear>0.000</r2:CurrentYear>
                </r2:CongressionalDirectedTransfers>
                <r2:Reprogrammings>
                    <r2:PriorYear>0.000</r2:PriorYear>
                    <r2:CurrentYear>0.000</r2:CurrentYear>
                </r2:Reprogrammings>
                <r2:SBIRSTTRTransfer>
                    <r2:PriorYear>0.000</r2:PriorYear>
                    <r2:CurrentYear>0.000</r2:CurrentYear>
                </r2:SBIRSTTRTransfer>
                <r2:OtherAdjustmentDetailList>
                    <r2:OtherAdjustmentDetail>
                        <r2:Title>Other Adjustment</r2:Title>
                        <r2:Funding>
                            <r2:PriorYear>0.000</r2:PriorYear>
                            <r2:CurrentYear>0.000</r2:CurrentYear>
                            <r2:BudgetYearOne>0.000</r2:BudgetYearOne>
                            <r2:BudgetYearOneBase>0.000</r2:BudgetYearOneBase>
                        </r2:Funding>
                    </r2:OtherAdjustmentDetail>
                </r2:OtherAdjustmentDetailList>
            </r2:AdjustmentDetails>
            <r2:SummaryExplanation>N/A</r2:SummaryExplanation>
        </r2:ChangeSummary>
        <r2:ProjectList>
            <r2:Project>
                <r2:ProjectNumber>MD26</r2:ProjectNumber>
                <r2:ProjectTitle>Arrow Weapon System</r2:ProjectTitle>
                <r2:SpecialProject>0</r2:SpecialProject>
                <r2:ProjectFunding>
                    <r2:AllPriorYears>1352.645</r2:AllPriorYears>
                    <r2:PriorYear>173.000</r2:PriorYear>
                    <r2:CurrentYear>173.000</r2:CurrentYear>
                    <r2:BudgetYearOne>173.000</r2:BudgetYearOne>
                    <r2:BudgetYearOneBase>173.000</r2:BudgetYearOneBase>
                </r2:ProjectFunding>
                <r2:R2aExhibit>
                    <r2:ProjectArticles>
                        <r2:PriorYear>0</r2:PriorYear>
                        <r2:CurrentYear>0</r2:CurrentYear>
                        <r2:BudgetYearOne>0</r2:BudgetYearOne>
                        <r2:BudgetYearOneBase>0</r2:BudgetYearOneBase>
                    </r2:ProjectArticles>
                    <r2:ProjectNote>This project encompasses the Missile Defense Agency (MDA) United States (U.S.) - Israeli cooperative program for the Israeli Arrow Weapon System (AWS) Program.</r2:ProjectNote>
                    <r2:ProjectMissionDescription>Israeli AWS: This system includes block upgrades to the AWS components which enhances capabilities against evolving medium range threats by increasing the total defended area. AWS elements include the Arrow-2 and Arrow-3 missiles and launchers, Citron Tree Battle Management Center (BMC), Green Pine (GP) and Super Green Pine (SGP) Radars, Lego Shield data interfaces, and Hazelnut Tree Launcher Control Centers (LCC). 

AWS Block 5 development incorporates a Long Range Detection Suite that consists of an Airborne Early Warning System (ABEWS) for enhanced sensor tracking, discrimination, and raid size capacity. In addition, the Sharp Eye ground-based sensor suite, the Arrow-4 interceptor and the Pine Woods Radar are being developed for integration into future AWS Blocks. The program also includes the continued development of Arrow's interoperability with U.S. Missile Defense System.

The U.S. and State of Israel entered into a Memorandum of Understanding on September 2016, in which "Such funding, should over a ten year period beginning in FY 2019 and ending in FY 2028, be provided at a level of $500 million per year." (U.S. contributions only). These funds will be distributed between the Israeli Programs in Research Development Test &amp; Evaluation and Procurement Funds.</r2:ProjectMissionDescription>
                    <r2:AccomplishmentPlannedProgramList>
                        <r2:AccomplishmentPlannedProgram>
                            <r2:Title>Arrow Weapon System</r2:Title>
                            <r2:Description>The AWS continues Block 5 spiral development and target development. Included is the integration of Block 5 assets, which consist of Arrow-2 and Arrow-3 missiles, launchers, GPs and SGP, Citron Tree BMC, Hazelnut Tree LCCs, ABEWS, and Lego Shield. Development continues for the Sharp Eye sensor suite, Arrow-4 interceptor and Pine Woods Radar for future AWS Blocks. Continue proven Interoperability with U.S. Assets and enhancements to existing AWS System Components.
 
Specific and/or unique planned accomplishments to each FY are as follows:</r2:Description>
                            <r2:Accomplishment>
                                <r2:PriorYear>
                                    <r2:Funding>167.940</r2:Funding>
                                    <r2:Articles>0</r2:Articles>
                                </r2:PriorYear>
                            </r2:Accomplishment>
                            <r2:PlannedProgram>
                                <r2:CurrentYear>
                                    <r2:Funding>167.940</r2:Funding>
                                    <r2:Articles>0</r2:Articles>
                                    <r2:Text>- Continue Arrow-4 Interceptor and Launcher Development.
- Continue Block 5.1 Development.
- Continue Block 6.0 Development (Preliminary Design Review).
- Conduct Arrow-4 Interceptor Fly-out. 
- Procure Long Lead Items for Arrow-4 Interceptor Initial Lot Production.
- Initiate Arrow-4 Launcher Production.
- Continue AWS radar/optical sensor development and integration into the AWS.</r2:Text>
                                </r2:CurrentYear>
                                <r2:BudgetYearOne>
                                    <r2:Funding>167.940</r2:Funding>
                                    <r2:Articles>0</r2:Articles>
                                </r2:BudgetYearOne>
                                <r2:BudgetYearOneBase>
                                    <r2:Funding>167.940</r2:Funding>
                                    <r2:Articles>0</r2:Articles>
                                    <r2:Text>- Complete Block 5.1 Development.
- Continue Block 6.0 Development (Critical Design Review).
- Complete Arrow-4 Interceptor and Launcher Development.
- Initiate Engineering and Manufacturing Development phase of Arrow-4 production.
- Continue Arrow-4 Launcher Production.
- Continue new Target Development.
- Continue AWS radar/optical sensor development and integration into the AWS.</r2:Text>
                                </r2:BudgetYearOneBase>
                                <r2:AppChangeSummary>N/A</r2:AppChangeSummary>
                            </r2:PlannedProgram>
                        </r2:AccomplishmentPlannedProgram>
                        <r2:AccomplishmentPlannedProgram>
                            <r2:Title>Israeli Test Bed (ITB)</r2:Title>
                            <r2:Description>The ITB provides experiments to evaluate Human Machine Interface battle management and integration of Israeli Missile Defense Weapon Systems Techniques, Tactics, Procedures, and Concept of Operations.

Specific and/or unique accomplishments to each FY are as follows:</r2:Description>
                            <r2:Accomplishment>
                                <r2:PriorYear>
                                    <r2:Funding>3.535</r2:Funding>
                                    <r2:Articles>0</r2:Articles>
                                </r2:PriorYear>
                            </r2:Accomplishment>
                            <r2:PlannedProgram>
                                <r2:CurrentYear>
                                    <r2:Funding>3.535</r2:Funding>
                                    <r2:Articles>0</r2:Articles>
                                    <r2:Text>-SEE ABOVE.</r2:Text>
                                </r2:CurrentYear>
                                <r2:BudgetYearOne>
                                    <r2:Funding>3.535</r2:Funding>
                                    <r2:Articles>0</r2:Articles>
                                </r2:BudgetYearOne>
                                <r2:BudgetYearOneBase>
                                    <r2:Funding>3.535</r2:Funding>
                                    <r2:Articles>0</r2:Articles>
                                    <r2:Text>-SEE ABOVE.</r2:Text>
                                </r2:BudgetYearOneBase>
                                <r2:AppChangeSummary>N/A</r2:AppChangeSummary>
                            </r2:PlannedProgram>
                        </r2:AccomplishmentPlannedProgram>
                        <r2:AccomplishmentPlannedProgram>
                            <r2:Title>Israeli Systems Architecture and Integration (ISA&amp;I)</r2:Title>
                            <r2:Description>The ISA&amp;I conducts studies to assess Israel's future 2040 Missile Defense Architecture. This identifies the preferred missile defense architecture and reference threat for 10-15 year future epoch and interoperability special studies on regional threats and growth path options.

Specific and/or unique accomplishments to each FY are as follows:</r2:Description>
                            <r2:Accomplishment>
                                <r2:PriorYear>
                                    <r2:Funding>1.525</r2:Funding>
                                    <r2:Articles>0</r2:Articles>
                                </r2:PriorYear>
                            </r2:Accomplishment>
                            <r2:PlannedProgram>
                                <r2:CurrentYear>
                                    <r2:Funding>1.525</r2:Funding>
                                    <r2:Articles>0</r2:Articles>
                                    <r2:Text>-SEE ABOVE.</r2:Text>
                                </r2:CurrentYear>
                                <r2:BudgetYearOne>
                                    <r2:Funding>1.525</r2:Funding>
                                    <r2:Articles>0</r2:Articles>
                                </r2:BudgetYearOne>
                                <r2:BudgetYearOneBase>
                                    <r2:Funding>1.525</r2:Funding>
                                    <r2:Articles>0</r2:Articles>
                                    <r2:Text>-SEE ABOVE.</r2:Text>
                                </r2:BudgetYearOneBase>
                                <r2:AppChangeSummary>N/A</r2:AppChangeSummary>
                            </r2:PlannedProgram>
                        </r2:AccomplishmentPlannedProgram>
                    </r2:AccomplishmentPlannedProgramList>
                    <r2:OtherProgramFundingSummaryList>
                        <r2:OtherProgramFundingSummary>
                            <r2:LineItem>0208866C: MD26</r2:LineItem>
                            <r2:Title>Arrow 3 Upper Tier System Procurement</r2:Title>
                            <r2:Funding>
                                <r2:PriorYear>80.000</r2:PriorYear>
                                <r2:CurrentYear>50.000</r2:CurrentYear>
                                <r2:BudgetYearOne>100.000</r2:BudgetYearOne>
                                <r2:BudgetYearOneBase>100.000</r2:BudgetYearOneBase>
                            </r2:Funding>
                        </r2:OtherProgramFundingSummary>
                    </r2:OtherProgramFundingSummaryList>
                    <r2:AcquisitionStrategy>The MDA - U.S. Israeli Cooperative Program Office jointly manages the Arrow Program with Israeli Missile Defense Organization (IMDO) to ensure that all systems are delivered with quality, on time, on budget, and meet the needs of the warfighter. The program funding is equitably funded between the U.S. and Israel with Israel providing matching contributions. However, a portion of the Israeli cost share comes from non-financial contributions such as previously completed work prior to joint program initiation. Contracts are awarded by IMDO or MDA, dependent on what is most advantageous to the Joint Governments. In regard to AWS, IMDO contracts on behalf of U.S. government with Israel Aerospace Industries (IAI). IAI subcontracts with Israeli and U.S. companies. For the ITB, the MDA contracts directly with Elbit Systems, Ltd. while IMDO provides an equitable share of the funding to the U.S. Finally, MDA provides funding and contracts directly with WALES, Ltd. for the ISA&amp;I program.</r2:AcquisitionStrategy>
                </r2:R2aExhibit>
                <r2:R3Exhibit>
                    <r2:Remarks>Contract cost reflect U.S. contribution only. 
Award Date reflects date of first obligation. Additional obligations may incrementally occur throughout the year.</r2:Remarks>
                    <r2:CostCategoryGroupList>
                        <r2:CostCategoryGroup>
                            <r2:Name>Product Development</r2:Name>
                            <r2:Remarks>ISA&amp;I and ITB Follow On Contracts were awarded.</r2:Remarks>
                            <r2:CostCategoryItemList>
                                <r2:CostCategoryItem>
                                    <r2:Name>Arrow Weapon System - Arrow Weapon System - AWS</r2:Name>
                                    <r2:ContractMethod>C</r2:ContractMethod>
                                    <r2:ContractType>CPFF</r2:ContractType>
                                    <r2:PerformingActivity>Israel Aerospace Industries (IAI)</r2:PerformingActivity>
                                    <r2:PerformingActivityLocation>Israel</r2:PerformingActivityLocation>
                                    <r2:Cost>
                                        <r2:TotalPreviousYears>1265.153</r2:TotalPreviousYears>
                                        <r2:PriorYear>
                                            <r2:Amount>167.940</r2:Amount>
                                            <r2:AwardDate>2023-12</r2:AwardDate>
                                        </r2:PriorYear>
                                        <r2:CurrentYear>
                                            <r2:Amount>167.940</r2:Amount>
                                            <r2:AwardDate>2024-12</r2:AwardDate>
                                        </r2:CurrentYear>
                                        <r2:BudgetYearOne>
                                            <r2:Amount>167.940</r2:Amount>
                                        </r2:BudgetYearOne>
                                        <r2:BudgetYearOneBase>
                                            <r2:Amount>167.940</r2:Amount>
                                            <r2:AwardDate>2025-12</r2:AwardDate>
                                        </r2:BudgetYearOneBase>
                                        <r2:CostToComplete>Continuing</r2:CostToComplete>
                                        <r2:TotalCost>Continuing</r2:TotalCost>
                                        <r2:TargetValue>Continuing</r2:TargetValue>
                                    </r2:Cost>
                                </r2:CostCategoryItem>
                                <r2:CostCategoryItem>
                                    <r2:Name>Israeli Test Bed (ITB) - Israeli Test Bed (ITB) -  ITB</r2:Name>
                                    <r2:ContractMethod>C</r2:ContractMethod>
                                    <r2:ContractType>FFP</r2:ContractType>
                                    <r2:PerformingActivity>ELBIT SYSTEMS LTD.</r2:PerformingActivity>
                                    <r2:PerformingActivityLocation>Israel</r2:PerformingActivityLocation>
                                    <r2:Cost>
                                        <r2:TotalPreviousYears>53.025</r2:TotalPreviousYears>
                                        <r2:PriorYear>
                                            <r2:Amount>3.535</r2:Amount>
                                            <r2:AwardDate>2023-11</r2:AwardDate>
                                        </r2:PriorYear>
                                        <r2:CurrentYear>
                                            <r2:Amount>3.535</r2:Amount>
                                            <r2:AwardDate>2024-11</r2:AwardDate>
                                        </r2:CurrentYear>
                                        <r2:BudgetYearOne>
                                            <r2:Amount>3.535</r2:Amount>
                                        </r2:BudgetYearOne>
                                        <r2:BudgetYearOneBase>
                                            <r2:Amount>3.535</r2:Amount>
                                            <r2:AwardDate>2025-11</r2:AwardDate>
                                        </r2:BudgetYearOneBase>
                                        <r2:CostToComplete>Continuing</r2:CostToComplete>
                                        <r2:TotalCost>Continuing</r2:TotalCost>
                                        <r2:TargetValue>Continuing</r2:TargetValue>
                                    </r2:Cost>
                                </r2:CostCategoryItem>
                                <r2:CostCategoryItem>
                                    <r2:Name>Israeli Systems Architecture and Integration (ISA&amp;I) - Israeli Systems Architecture and Integration (ISA&amp;I) - ISA&amp;I</r2:Name>
                                    <r2:ContractMethod>C</r2:ContractMethod>
                                    <r2:ContractType>FFP</r2:ContractType>
                                    <r2:PerformingActivity>WALES LTD</r2:PerformingActivity>
                                    <r2:PerformingActivityLocation>Israel</r2:PerformingActivityLocation>
                                    <r2:Cost>
                                        <r2:TotalPreviousYears>34.467</r2:TotalPreviousYears>
                                        <r2:PriorYear>
                                            <r2:Amount>1.525</r2:Amount>
                                            <r2:AwardDate>2023-12</r2:AwardDate>
                                        </r2:PriorYear>
                                        <r2:CurrentYear>
                                            <r2:Amount>1.525</r2:Amount>
                                            <r2:AwardDate>2024-12</r2:AwardDate>
                                        </r2:CurrentYear>
                                        <r2:BudgetYearOne>
                                            <r2:Amount>1.525</r2:Amount>
                                        </r2:BudgetYearOne>
                                        <r2:BudgetYearOneBase>
                                            <r2:Amount>1.525</r2:Amount>
                                            <r2:AwardDate>2025-12</r2:AwardDate>
                                        </r2:BudgetYearOneBase>
                                        <r2:CostToComplete>Continuing</r2:CostToComplete>
                                        <r2:TotalCost>Continuing</r2:TotalCost>
                                        <r2:TargetValue>Continuing</r2:TargetValue>
                                    </r2:Cost>
                                </r2:CostCategoryItem>
                            </r2:CostCategoryItemList>
                        </r2:CostCategoryGroup>
                        <r2:CostCategoryGroup>
                            <r2:Name>Support</r2:Name>
                            <r2:Remarks>N/A</r2:Remarks>
                        </r2:CostCategoryGroup>
                        <r2:CostCategoryGroup>
                            <r2:Name>Test and Evaluation</r2:Name>
                            <r2:Remarks>N/A</r2:Remarks>
                        </r2:CostCategoryGroup>
                        <r2:CostCategoryGroup>
                            <r2:Name>Management Services</r2:Name>
                            <r2:Remarks>N/A</r2:Remarks>
                        </r2:CostCategoryGroup>
                    </r2:CostCategoryGroupList>
                </r2:R3Exhibit>
                <r2:R4Exhibit>
                    <r2:ScheduleProfile>
                        <r2:ImageFileName>Test_133942152520218868.png</r2:ImageFileName>
                    </r2:ScheduleProfile>
                </r2:R4Exhibit>
                <r2:R4aExhibit>
                    <r2:ScheduleDetailList>
                        <r2:ScheduleDetail>
                            <r2:EventTitle>Israeli Test Bed Experiments FY 2024</r2:EventTitle>
                            <r2:Schedule>
                                <r2:Start>
                                    <r2:Quarter>1</r2:Quarter>
                                    <r2:Year>2024</r2:Year>
                                </r2:Start>
                                <r2:End>
                                    <r2:Quarter>4</r2:Quarter>
                                    <r2:Year>2024</r2:Year>
                                </r2:End>
                            </r2:Schedule>
                        </r2:ScheduleDetail>
                        <r2:ScheduleDetail>
                            <r2:EventTitle>Arrow Weapon System Flight Test FY 2024</r2:EventTitle>
                            <r2:Schedule>
                                <r2:Start>
                                    <r2:Quarter>1</r2:Quarter>
                                    <r2:Year>2024</r2:Year>
                                </r2:Start>
                                <r2:End>
                                    <r2:Quarter>4</r2:Quarter>
                                    <r2:Year>2024</r2:Year>
                                </r2:End>
                            </r2:Schedule>
                        </r2:ScheduleDetail>
                        <r2:ScheduleDetail>
                            <r2:EventTitle>Israeli Test Bed Exercise to include Ground Test (GT) Support FY 2025</r2:EventTitle>
                            <r2:Schedule>
                                <r2:Start>
                                    <r2:Quarter>1</r2:Quarter>
                                    <r2:Year>2025</r2:Year>
                                </r2:Start>
                                <r2:End>
                                    <r2:Quarter>4</r2:Quarter>
                                    <r2:Year>2025</r2:Year>
                                </r2:End>
                            </r2:Schedule>
                        </r2:ScheduleDetail>
                        <r2:ScheduleDetail>
                            <r2:EventTitle>Israeli Test Bed Experiments FY 2025</r2:EventTitle>
                            <r2:Schedule>
                                <r2:Start>
                                    <r2:Quarter>1</r2:Quarter>
                                    <r2:Year>2025</r2:Year>
                                </r2:Start>
                                <r2:End>
                                    <r2:Quarter>4</r2:Quarter>
                                    <r2:Year>2025</r2:Year>
                                </r2:End>
                            </r2:Schedule>
                        </r2:ScheduleDetail>
                        <r2:ScheduleDetail>
                            <r2:EventTitle>Israeli Test Bed Experiments FY 2026</r2:EventTitle>
                            <r2:Schedule>
                                <r2:Start>
                                    <r2:Quarter>1</r2:Quarter>
                                    <r2:Year>2026</r2:Year>
                                </r2:Start>
                                <r2:End>
                                    <r2:Quarter>4</r2:Quarter>
                                    <r2:Year>2026</r2:Year>
                                </r2:End>
                            </r2:Schedule>
                        </r2:ScheduleDetail>
                        <r2:ScheduleDetail>
                            <r2:EventTitle>Arrow Weapon System Flight Test FY 2026</r2:EventTitle>
                            <r2:Schedule>
                                <r2:Start>
                                    <r2:Quarter>1</r2:Quarter>
                                    <r2:Year>2026</r2:Year>
                                </r2:Start>
                                <r2:End>
                                    <r2:Quarter>4</r2:Quarter>
                                    <r2:Year>2026</r2:Year>
                                </r2:End>
                            </r2:Schedule>
                        </r2:ScheduleDetail>
                        <r2:ScheduleDetail>
                            <r2:EventTitle>Israeli Test Bed Exercise to include Ground Test (GT) Support FY 2027</r2:EventTitle>
                            <r2:Schedule>
                                <r2:Start>
                                    <r2:Quarter>1</r2:Quarter>
                                    <r2:Year>2027</r2:Year>
                                </r2:Start>
                                <r2:End>
                                    <r2:Quarter>4</r2:Quarter>
                                    <r2:Year>2027</r2:Year>
                                </r2:End>
                            </r2:Schedule>
                        </r2:ScheduleDetail>
                        <r2:ScheduleDetail>
                            <r2:EventTitle>Israeli Test Bed Experiments FY 2027</r2:EventTitle>
                            <r2:Schedule>
                                <r2:Start>
                                    <r2:Quarter>1</r2:Quarter>
                                    <r2:Year>2027</r2:Year>
                                </r2:Start>
                                <r2:End>
                                    <r2:Quarter>4</r2:Quarter>
                                    <r2:Year>2027</r2:Year>
                                </r2:End>
                            </r2:Schedule>
                        </r2:ScheduleDetail>
                        <r2:ScheduleDetail>
                            <r2:EventTitle>Arrow Weapon System Flight Test FY 2027</r2:EventTitle>
                            <r2:Schedule>
                                <r2:Start>
                                    <r2:Quarter>1</r2:Quarter>
                                    <r2:Year>2027</r2:Year>
                                </r2:Start>
                                <r2:End>
                                    <r2:Quarter>4</r2:Quarter>
                                    <r2:Year>2027</r2:Year>
                                </r2:End>
                            </r2:Schedule>
                        </r2:ScheduleDetail>
                        <r2:ScheduleDetail>
                            <r2:EventTitle>Israeli Test Bed Experiments FY 2028</r2:EventTitle>
                            <r2:Schedule>
                                <r2:Start>
                                    <r2:Quarter>1</r2:Quarter>
                                    <r2:Year>2028</r2:Year>
                                </r2:Start>
                                <r2:End>
                                    <r2:Quarter>4</r2:Quarter>
                                    <r2:Year>2028</r2:Year>
                                </r2:End>
                            </r2:Schedule>
                        </r2:ScheduleDetail>
                        <r2:ScheduleDetail>
                            <r2:EventTitle>Arrow Weapon System Flight Test FY 2028</r2:EventTitle>
                            <r2:Schedule>
                                <r2:Start>
                                    <r2:Quarter>1</r2:Quarter>
                                    <r2:Year>2028</r2:Year>
                                </r2:Start>
                                <r2:End>
                                    <r2:Quarter>4</r2:Quarter>
                                    <r2:Year>2028</r2:Year>
                                </r2:End>
                            </r2:Schedule>
                        </r2:ScheduleDetail>
                        <r2:ScheduleDetail>
                            <r2:EventTitle>Israeli Test Bed Exercise to include Ground Test (GT) Support FY 2029</r2:EventTitle>
                            <r2:Schedule>
                                <r2:Start>
                                    <r2:Quarter>1</r2:Quarter>
                                    <r2:Year>2029</r2:Year>
                                </r2:Start>
                                <r2:End>
                                    <r2:Quarter>4</r2:Quarter>
                                    <r2:Year>2029</r2:Year>
                                </r2:End>
                            </r2:Schedule>
                        </r2:ScheduleDetail>
                        <r2:ScheduleDetail>
                            <r2:EventTitle>Israeli Test Bed Experiments FY 2029</r2:EventTitle>
                            <r2:Schedule>
                                <r2:Start>
                                    <r2:Quarter>1</r2:Quarter>
                                    <r2:Year>2029</r2:Year>
                                </r2:Start>
                                <r2:End>
                                    <r2:Quarter>4</r2:Quarter>
                                    <r2:Year>2029</r2:Year>
                                </r2:End>
                            </r2:Schedule>
                        </r2:ScheduleDetail>
                        <r2:ScheduleDetail>
                            <r2:EventTitle>Arrow Weapon System Flight Test FY 2029</r2:EventTitle>
                            <r2:Schedule>
                                <r2:Start>
                                    <r2:Quarter>1</r2:Quarter>
                                    <r2:Year>2029</r2:Year>
                                </r2:Start>
                                <r2:End>
                                    <r2:Quarter>4</r2:Quarter>
                                    <r2:Year>2029</r2:Year>
                                </r2:End>
                            </r2:Schedule>
                        </r2:ScheduleDetail>
                        <r2:ScheduleDetail>
                            <r2:EventTitle>Israeli Test Bed Experiments FY 2030</r2:EventTitle>
                            <r2:Schedule>
                                <r2:Start>
                                    <r2:Quarter>1</r2:Quarter>
                                    <r2:Year>2030</r2:Year>
                                </r2:Start>
                                <r2:End>
                                    <r2:Quarter>4</r2:Quarter>
                                    <r2:Year>2030</r2:Year>
                                </r2:End>
                            </r2:Schedule>
                        </r2:ScheduleDetail>
                        <r2:ScheduleDetail>
                            <r2:EventTitle>Arrow Weapon System Flight Test FY 2030</r2:EventTitle>
                            <r2:Schedule>
                                <r2:Start>
                                    <r2:Quarter>1</r2:Quarter>
                                    <r2:Year>2030</r2:Year>
                                </r2:Start>
                                <r2:End>
                                    <r2:Quarter>4</r2:Quarter>
                                    <r2:Year>2030</r2:Year>
                                </r2:End>
                            </r2:Schedule>
                        </r2:ScheduleDetail>
                    </r2:ScheduleDetailList>
                    <r2:ScheduleDetailNote>Additional information available in a higher classification level.</r2:ScheduleDetailNote>
                </r2:R4aExhibit>
            </r2:Project>
            <r2:Project>
                <r2:ProjectNumber>MD34</r2:ProjectNumber>
                <r2:ProjectTitle>Short Range Ballistic Missile Defense (SRBMD)(David's Sling Weapon System (DSWS))</r2:ProjectTitle>
                <r2:SpecialProject>0</r2:SpecialProject>
                <r2:ProjectFunding>
                    <r2:AllPriorYears>1705.746</r2:AllPriorYears>
                    <r2:PriorYear>127.000</r2:PriorYear>
                    <r2:CurrentYear>127.000</r2:CurrentYear>
                    <r2:BudgetYearOne>127.000</r2:BudgetYearOne>
                    <r2:BudgetYearOneBase>127.000</r2:BudgetYearOneBase>
                </r2:ProjectFunding>
                <r2:R2aExhibit>
                    <r2:ProjectArticles>
                        <r2:PriorYear>0</r2:PriorYear>
                        <r2:CurrentYear>0</r2:CurrentYear>
                        <r2:BudgetYearOne>0</r2:BudgetYearOne>
                        <r2:BudgetYearOneBase>0</r2:BudgetYearOneBase>
                    </r2:ProjectArticles>
                    <r2:ProjectNote>This project encompasses the Missile Defense Agency (MDA) United States (U.S.) - Israeli cooperative program for the Israeli DSWS Program.</r2:ProjectNote>
                    <r2:ProjectMissionDescription>Israeli SRBMD, also known as the DSWS, is designed to counter short range rockets, air breathing threats, medium caliber rockets, and theater ballistic missiles, and is integrated into the Israeli Missile Defense Architecture. The DSWS includes the Stunner Interceptor (Electro-Optical and All Weather variants), a Missile Firing Unit (MFU), a Multi-Mission Radar - Next Generation (MMR-NG), a Launch Site Controller, a Ground Data Link (GDL), and the Golden Almond Battle Management Center (GA BMC). The DSWS can be deployed in a variety of configurations to support the intended mission.

The DSWS Block 3 capability expands the range and threat versatility of the system by adding the All Weather Stunner Interceptor, improving the MMR-NG, upgrades to GDL and increasing the capacity of the GA BMC.

The U.S. and State of Israel entered into a Memorandum of Understanding on September 2016, in which "Such funding, should over a ten year period beginning in FY 2019 and ending in FY 2028, be provided at a level of $500 million per year." (U.S. contributions only). These funds will be distributed between the Israeli Programs in Research Development Test &amp; Evaluation and Procurement Funds.</r2:ProjectMissionDescription>
                    <r2:AccomplishmentPlannedProgramList>
                        <r2:AccomplishmentPlannedProgram>
                            <r2:Title>SRBMD Program</r2:Title>
                            <r2:Description>The DSWS continues system development, testing, and integration of spiral software development for Block 3. Block 3 will provide robust defense capability and add significant detection capability to the Israeli Air Defense Architecture. To ensure earliest delivery of capability to the Israeli Warfighter, Block 3 is split into 3 spirals:
- Block 3.0- delivers improved GABMC capability and technology refresh.
- Block 3.15 delivers the new All-weather Stunner, improved MMR-NG, improved GDL, and expanded threat capability.
- Block 3.2 delivers refined algorithms for additional threat capability and mission flexibility.</r2:Description>
                            <r2:Accomplishment>
                                <r2:PriorYear>
                                    <r2:Funding>127.000</r2:Funding>
                                    <r2:Articles>0</r2:Articles>
                                </r2:PriorYear>
                            </r2:Accomplishment>
                            <r2:PlannedProgram>
                                <r2:CurrentYear>
                                    <r2:Funding>127.000</r2:Funding>
                                    <r2:Articles>0</r2:Articles>
                                    <r2:Text>- Complete Block 3.0 and continue 3.15 spiral development and fielding (BMC, MFU, GDL). 
- Conduct System Flight Test.
- Continue All-weather Stunner development.
- MMR-NG development and integration.</r2:Text>
                                </r2:CurrentYear>
                                <r2:BudgetYearOne>
                                    <r2:Funding>127.000</r2:Funding>
                                    <r2:Articles>0</r2:Articles>
                                </r2:BudgetYearOne>
                                <r2:BudgetYearOneBase>
                                    <r2:Funding>127.000</r2:Funding>
                                    <r2:Articles>0</r2:Articles>
                                    <r2:Text>- Continue Block 3.15 Development (Systems Requirements Review and Preliminary Design Review).
- Initiate Initial Lot Production of All-weather Stunner.
- Conduct Block 3.2 System Requirements Review.</r2:Text>
                                </r2:BudgetYearOneBase>
                                <r2:AppChangeSummary>N/A</r2:AppChangeSummary>
                            </r2:PlannedProgram>
                        </r2:AccomplishmentPlannedProgram>
                    </r2:AccomplishmentPlannedProgramList>
                    <r2:OtherProgramFundingSummaryList>
                        <r2:OtherProgramFundingSummary>
                            <r2:LineItem>06028866C: MD34</r2:LineItem>
                            <r2:Title>Short Range Ballistic Missile Defense (SRBMD)(David`s Sling Weapon System (DSWS)) Procurement</r2:Title>
                            <r2:Funding>
                                <r2:PriorYear>1040.000</r2:PriorYear>
                                <r2:CurrentYear>40.000</r2:CurrentYear>
                                <r2:BudgetYearOne>40.000</r2:BudgetYearOne>
                                <r2:BudgetYearOneBase>40.000</r2:BudgetYearOneBase>
                            </r2:Funding>
                        </r2:OtherProgramFundingSummary>
                    </r2:OtherProgramFundingSummaryList>
                    <r2:AcquisitionStrategy>The MDA- U.S. Israeli Cooperative Program Office jointly manages the DSWS Program with Israeli Missile Defense Organization (IMDO) to ensure that all systems are delivered with quality, on time, on budget, and meet the needs of the warfighter. The program funding is equitably funded between the U.S. and Israel with Israel providing matching contributions. However, a portion of the Israeli cost share comes from non-financial contributions such as previously completed work prior to joint program initiation. Contracts are awarded by IMDO or MDA, dependent on what is most advantageous to the Joint Governments. In regard to DSWS, IMDO contracts on behalf of U.S. government with Rafael. Rafael subcontracts with Israeli and U.S. companies.</r2:AcquisitionStrategy>
                </r2:R2aExhibit>
                <r2:R3Exhibit>
                    <r2:Remarks>Contract cost reflect U.S. contribution only. 
Award Date reflects date of first obligation. Additional obligations may incrementally occur throughout the year.</r2:Remarks>
                    <r2:CostCategoryGroupList>
                        <r2:CostCategoryGroup>
                            <r2:Name>Product Development</r2:Name>
                            <r2:Remarks>N/A</r2:Remarks>
                            <r2:CostCategoryItemList>
                                <r2:CostCategoryItem>
                                    <r2:Name>SRBMD Program - SRBMD Program - SRBMD Program</r2:Name>
                                    <r2:ContractMethod>C</r2:ContractMethod>
                                    <r2:ContractType>CPFF</r2:ContractType>
                                    <r2:PerformingActivity>Rafael Advanced Defense Systems LTD</r2:PerformingActivity>
                                    <r2:PerformingActivityLocation>Israel</r2:PerformingActivityLocation>
                                    <r2:Cost>
                                        <r2:TotalPreviousYears>1705.746</r2:TotalPreviousYears>
                                        <r2:PriorYear>
                                            <r2:Amount>127.000</r2:Amount>
                                            <r2:AwardDate>2023-12</r2:AwardDate>
                                        </r2:PriorYear>
                                        <r2:CurrentYear>
                                            <r2:Amount>127.000</r2:Amount>
                                            <r2:AwardDate>2024-12</r2:AwardDate>
                                        </r2:CurrentYear>
                                        <r2:BudgetYearOne>
                                            <r2:Amount>127.000</r2:Amount>
                                        </r2:BudgetYearOne>
                                        <r2:BudgetYearOneBase>
                                            <r2:Amount>127.000</r2:Amount>
                                            <r2:AwardDate>2025-12</r2:AwardDate>
                                        </r2:BudgetYearOneBase>
                                        <r2:CostToComplete>Continuing</r2:CostToComplete>
                                        <r2:TotalCost>Continuing</r2:TotalCost>
                                        <r2:TargetValue>Continuing</r2:TargetValue>
                                    </r2:Cost>
                                </r2:CostCategoryItem>
                            </r2:CostCategoryItemList>
                        </r2:CostCategoryGroup>
                        <r2:CostCategoryGroup>
                            <r2:Name>Support</r2:Name>
                            <r2:Remarks>N/A</r2:Remarks>
                        </r2:CostCategoryGroup>
                        <r2:CostCategoryGroup>
                            <r2:Name>Test and Evaluation</r2:Name>
                            <r2:Remarks>N/A</r2:Remarks>
                        </r2:CostCategoryGroup>
                        <r2:CostCategoryGroup>
                            <r2:Name>Management Services</r2:Name>
                            <r2:Remarks>N/A</r2:Remarks>
                        </r2:CostCategoryGroup>
                    </r2:CostCategoryGroupList>
                </r2:R3Exhibit>
                <r2:R4Exhibit>
                    <r2:ScheduleProfile>
                        <r2:ImageFileName>Test_133942152521818591.png</r2:ImageFileName>
                    </r2:ScheduleProfile>
                </r2:R4Exhibit>
                <r2:R4aExhibit>
                    <r2:ScheduleDetailList>
                        <r2:ScheduleDetail>
                            <r2:EventTitle>System Flight Test FY 2024</r2:EventTitle>
                            <r2:Schedule>
                                <r2:Start>
                                    <r2:Quarter>1</r2:Quarter>
                                    <r2:Year>2024</r2:Year>
                                </r2:Start>
                                <r2:End>
                                    <r2:Quarter>4</r2:Quarter>
                                    <r2:Year>2024</r2:Year>
                                </r2:End>
                            </r2:Schedule>
                        </r2:ScheduleDetail>
                        <r2:ScheduleDetail>
                            <r2:EventTitle>System Flight Test FY 2025</r2:EventTitle>
                            <r2:Schedule>
                                <r2:Start>
                                    <r2:Quarter>1</r2:Quarter>
                                    <r2:Year>2025</r2:Year>
                                </r2:Start>
                                <r2:End>
                                    <r2:Quarter>4</r2:Quarter>
                                    <r2:Year>2025</r2:Year>
                                </r2:End>
                            </r2:Schedule>
                        </r2:ScheduleDetail>
                        <r2:ScheduleDetail>
                            <r2:EventTitle>System Flight Test FY 2026</r2:EventTitle>
                            <r2:Schedule>
                                <r2:Start>
                                    <r2:Quarter>1</r2:Quarter>
                                    <r2:Year>2026</r2:Year>
                                </r2:Start>
                                <r2:End>
                                    <r2:Quarter>4</r2:Quarter>
                                    <r2:Year>2026</r2:Year>
                                </r2:End>
                            </r2:Schedule>
                        </r2:ScheduleDetail>
                        <r2:ScheduleDetail>
                            <r2:EventTitle>System Flight Test FY 2027</r2:EventTitle>
                            <r2:Schedule>
                                <r2:Start>
                                    <r2:Quarter>1</r2:Quarter>
                                    <r2:Year>2027</r2:Year>
                                </r2:Start>
                                <r2:End>
                                    <r2:Quarter>4</r2:Quarter>
                                    <r2:Year>2027</r2:Year>
                                </r2:End>
                            </r2:Schedule>
                        </r2:ScheduleDetail>
                        <r2:ScheduleDetail>
                            <r2:EventTitle>System Flight Test FY 2028</r2:EventTitle>
                            <r2:Schedule>
                                <r2:Start>
                                    <r2:Quarter>1</r2:Quarter>
                                    <r2:Year>2028</r2:Year>
                                </r2:Start>
                                <r2:End>
                                    <r2:Quarter>4</r2:Quarter>
                                    <r2:Year>2028</r2:Year>
                                </r2:End>
                            </r2:Schedule>
                        </r2:ScheduleDetail>
                        <r2:ScheduleDetail>
                            <r2:EventTitle>System Flight Test FY 2029</r2:EventTitle>
                            <r2:Schedule>
                                <r2:Start>
                                    <r2:Quarter>1</r2:Quarter>
                                    <r2:Year>2029</r2:Year>
                                </r2:Start>
                                <r2:End>
                                    <r2:Quarter>4</r2:Quarter>
                                    <r2:Year>2029</r2:Year>
                                </r2:End>
                            </r2:Schedule>
                        </r2:ScheduleDetail>
                        <r2:ScheduleDetail>
                            <r2:EventTitle>System Flight Test FY 2030</r2:EventTitle>
                            <r2:Schedule>
                                <r2:Start>
                                    <r2:Quarter>1</r2:Quarter>
                                    <r2:Year>2030</r2:Year>
                                </r2:Start>
                                <r2:End>
                                    <r2:Quarter>4</r2:Quarter>
                                    <r2:Year>2030</r2:Year>
                                </r2:End>
                            </r2:Schedule>
                        </r2:ScheduleDetail>
                    </r2:ScheduleDetailList>
                    <r2:ScheduleDetailNote>Additional information available in a higher classification level.</r2:ScheduleDetailNote>
                </r2:R4aExhibit>
            </r2:Project>
        </r2:ProjectList>
    </r2:ProgramElement>
</r2:ProgramElementList>