<?xml version="1.0" encoding="UTF-8"?>
<r2:ProgramElementList xmlns:r2="http://www.dtic.mil/comptroller/xml/schema/022009/r2" targetSchemaVersion="1.0">
    <r2:ProgramElement monetaryUnit="Millions">
        <r2:ProgramElementNumber>0604876C</r2:ProgramElementNumber>
        <r2:ProgramElementTitle>Ballistic Missile Defense Terminal Defense Segment Test</r2:ProgramElementTitle>
        <r2:R1LineNumber>124</r2:R1LineNumber>
        <r2:MdapCode>362</r2:MdapCode>
        <r2:BudgetYear>2026</r2:BudgetYear>
        <r2:BudgetCycle>PB</r2:BudgetCycle>
        <r2:SubmissionDate>2025-06</r2:SubmissionDate>
        <r2:ServiceAgencyName>Missile Defense Agency</r2:ServiceAgencyName>
        <r2:AppropriationCode>0400</r2:AppropriationCode>
        <r2:AppropriationName>Research, Development, Test &amp; Evaluation, Defense-Wide</r2:AppropriationName>
        <r2:BudgetActivityNumber>4</r2:BudgetActivityNumber>
        <r2:BudgetActivityTitle>Advanced Component Development &amp; Prototypes (ACD&amp;P)</r2:BudgetActivityTitle>
        <r2:ProgramElementFunding>
            <r2:AllPriorYears>404.897</r2:AllPriorYears>
            <r2:PriorYear>16.708</r2:PriorYear>
            <r2:CurrentYear>25.673</r2:CurrentYear>
            <r2:BudgetYearOne>37.784</r2:BudgetYearOne>
            <r2:BudgetYearOneBase>37.784</r2:BudgetYearOneBase>
        </r2:ProgramElementFunding>
        <r2:ProgramElementNote>Increase from Fiscal Year (FY) 2025 to FY 2026 is in accordance with the current Integrated Master Test Plan (IMTP).</r2:ProgramElementNote>
        <r2:ProgramElementMissionDescription>Ballistic Missile Defense Terminal Defense Segment Test provides the Terminal High Altitude Area Defense (THAAD) program's participation in Missile Defense System Flight Tests and Ground Tests in accordance with the IMTP. THAAD Test coordinates with Operational Test Agencies, conducts pretest planning, coordination and analysis, conducts flight test operations, performs post-flight test reporting, and performs data distribution and storage.</r2:ProgramElementMissionDescription>
        <r2:ChangeSummary>
            <r2:PreviousPresidentBudget>
                <r2:PriorYear>47.577</r2:PriorYear>
                <r2:CurrentYear>25.673</r2:CurrentYear>
                <r2:BudgetYearOne>61.982</r2:BudgetYearOne>
                <r2:BudgetYearOneBase>61.982</r2:BudgetYearOneBase>
            </r2:PreviousPresidentBudget>
            <r2:CurrentPresidentBudget>
                <r2:PriorYear>16.708</r2:PriorYear>
                <r2:CurrentYear>25.673</r2:CurrentYear>
                <r2:BudgetYearOne>37.784</r2:BudgetYearOne>
                <r2:BudgetYearOneBase>37.784</r2:BudgetYearOneBase>
            </r2:CurrentPresidentBudget>
            <r2:TotalAdjustments>
                <r2:PriorYear>-30.869</r2:PriorYear>
                <r2:CurrentYear>0.000</r2:CurrentYear>
                <r2:BudgetYearOne>-24.198</r2:BudgetYearOne>
                <r2:BudgetYearOneBase>-24.198</r2:BudgetYearOneBase>
            </r2:TotalAdjustments>
            <r2:AdjustmentDetails>
                <r2:CongressionalGeneralReductions>
                    <r2:PriorYear>0.000</r2:PriorYear>
                    <r2:CurrentYear>0.000</r2:CurrentYear>
                </r2:CongressionalGeneralReductions>
                <r2:CongressionalDirectedReductions>
                    <r2:PriorYear>-26.869</r2:PriorYear>
                    <r2:CurrentYear>0.000</r2:CurrentYear>
                </r2:CongressionalDirectedReductions>
                <r2:CongressionalRescissions>
                    <r2:PriorYear>0.000</r2:PriorYear>
                    <r2:CurrentYear>0.000</r2:CurrentYear>
                </r2:CongressionalRescissions>
                <r2:CongressionalAdds>
                    <r2:PriorYear>0.000</r2:PriorYear>
                    <r2:CurrentYear>0.000</r2:CurrentYear>
                </r2:CongressionalAdds>
                <r2:CongressionalDirectedTransfers>
                    <r2:PriorYear>0.000</r2:PriorYear>
                    <r2:CurrentYear>0.000</r2:CurrentYear>
                </r2:CongressionalDirectedTransfers>
                <r2:Reprogrammings>
                    <r2:PriorYear>0.000</r2:PriorYear>
                    <r2:CurrentYear>0.000</r2:CurrentYear>
                </r2:Reprogrammings>
                <r2:SBIRSTTRTransfer>
                    <r2:PriorYear>0.000</r2:PriorYear>
                    <r2:CurrentYear>0.000</r2:CurrentYear>
                </r2:SBIRSTTRTransfer>
                <r2:OtherAdjustmentDetailList>
                    <r2:OtherAdjustmentDetail>
                        <r2:Title>Other Adjustment</r2:Title>
                        <r2:Funding>
                            <r2:PriorYear>-4.000</r2:PriorYear>
                            <r2:CurrentYear>0.000</r2:CurrentYear>
                            <r2:BudgetYearOne>-24.198</r2:BudgetYearOne>
                            <r2:BudgetYearOneBase>-24.198</r2:BudgetYearOneBase>
                        </r2:Funding>
                    </r2:OtherAdjustmentDetail>
                </r2:OtherAdjustmentDetailList>
            </r2:AdjustmentDetails>
            <r2:SummaryExplanation>Congressional Reduction Details

FY 2024 Congressional Directed Reductions Total $26.869 million

Project: MT07 THAAD Test
- Flight test adjustments ($26.869 million).

Decrease in FY 2026 from PB 2025 to PB 2026 is in accordance with the current IMTP.</r2:SummaryExplanation>
        </r2:ChangeSummary>
        <r2:ProjectList>
            <r2:Project>
                <r2:ProjectNumber>MT07</r2:ProjectNumber>
                <r2:ProjectTitle>THAAD Test</r2:ProjectTitle>
                <r2:SpecialProject>0</r2:SpecialProject>
                <r2:ProjectFunding>
                    <r2:AllPriorYears>385.335</r2:AllPriorYears>
                    <r2:PriorYear>15.017</r2:PriorYear>
                    <r2:CurrentYear>24.685</r2:CurrentYear>
                    <r2:BudgetYearOne>36.479</r2:BudgetYearOne>
                    <r2:BudgetYearOneBase>36.479</r2:BudgetYearOneBase>
                </r2:ProjectFunding>
                <r2:R2aExhibit>
                    <r2:ProjectArticles>
                        <r2:PriorYear>0</r2:PriorYear>
                        <r2:CurrentYear>0</r2:CurrentYear>
                        <r2:BudgetYearOne>0</r2:BudgetYearOne>
                        <r2:BudgetYearOneBase>0</r2:BudgetYearOneBase>
                    </r2:ProjectArticles>
                    <r2:ProjectNote>Increase from Fiscal Year (FY) 2025 to FY 2026 is in accordance with the current Integrated Master Test Plan (IMTP).</r2:ProjectNote>
                    <r2:ProjectMissionDescription>Terminal High Altitude Area Defense (THAAD) Test conducts Missile Defense System Flight Tests and Ground Tests with other Missile Defense System elements (such as Army Navy / Transportable Radar Surveillance and Control (AN/TPY-2), Missile Defense System Command, Control, Battle Management, and Communication (C2BMC), Phased Array Tracking Intercept of Target (PATRIOT), and Aegis) in accordance with the IMTP. THAAD Test coordinates with Operational Test Agencies, conducts all pre and post flight test, ground test, testing of cyber security enhancements, and wargames and exercises requirements.</r2:ProjectMissionDescription>
                    <r2:AccomplishmentPlannedProgramList>
                        <r2:AccomplishmentPlannedProgram>
                            <r2:Title>Flight Test Execution</r2:Title>
                            <r2:Description>Performs all requirements to support flight test execution such as mission planning, pre-flight integration testing, conduct of readiness reviews, test asset transportation, flight test execution and data collection, post flight test reporting and data distribution in accordance with the IMTP.

Specific and/or unique planned accomplishments to each FY are as follows:</r2:Description>
                            <r2:Accomplishment>
                                <r2:PriorYear>
                                    <r2:Funding>0.010</r2:Funding>
                                    <r2:Articles>0</r2:Articles>
                                </r2:PriorYear>
                            </r2:Accomplishment>
                            <r2:PlannedProgram>
                                <r2:CurrentYear>
                                    <r2:Funding>8.915</r2:Funding>
                                    <r2:Articles>0</r2:Articles>
                                    <r2:Text>- SEE ABOVE.</r2:Text>
                                </r2:CurrentYear>
                                <r2:BudgetYearOne>
                                    <r2:Funding>18.952</r2:Funding>
                                    <r2:Articles>0</r2:Articles>
                                </r2:BudgetYearOne>
                                <r2:BudgetYearOneBase>
                                    <r2:Funding>18.952</r2:Funding>
                                    <r2:Articles>0</r2:Articles>
                                    <r2:Text>- SEE ABOVE.</r2:Text>
                                </r2:BudgetYearOneBase>
                                <r2:AppChangeSummary>Increase from FY 2025 to FY 2026 is in accordance with the current IMTP.</r2:AppChangeSummary>
                            </r2:PlannedProgram>
                        </r2:AccomplishmentPlannedProgram>
                        <r2:AccomplishmentPlannedProgram>
                            <r2:Title>Ground Test Execution</r2:Title>
                            <r2:Description>Ground Test (GT) Execution includes: 
- THAAD participation in Missile Defense System GT operational scenario events to validate THAAD's ability to conduct coordinated engagements with Aegis and PATRIOT operating with C2BMC and AN/TPY-2.
- Pre-mission planning, pre- and post-mission analyses, reporting, and execution to support Missile Defense System Ground and Flight Test campaigns. 
- GT of element hardware and software prior to hardware-in-the-loop testing to enable an efficient, continuous, capacity-based GT environment.
- Continued performance assessments to evaluate system performance and interoperability within the Missile Defense System.
- Participation in Wargames and Exercises that support the Combatant Commands with modeling and simulations and subject matter expertise during exercise events.  Continue to assist in developing/refining Tactics, Techniques, and Procedures and Pre-Planned Responses to incorporate in future events.  Demonstrate THAAD capability to the warfighter community in the Integrated Air and Missile Defense environment.

Specific and/or unique planned accomplishments to each FY are as follows:</r2:Description>
                            <r2:Accomplishment>
                                <r2:PriorYear>
                                    <r2:Funding>6.839</r2:Funding>
                                    <r2:Articles>0</r2:Articles>
                                </r2:PriorYear>
                            </r2:Accomplishment>
                            <r2:PlannedProgram>
                                <r2:CurrentYear>
                                    <r2:Funding>4.003</r2:Funding>
                                    <r2:Articles>0</r2:Articles>
                                    <r2:Text>- SEE ABOVE.</r2:Text>
                                </r2:CurrentYear>
                                <r2:BudgetYearOne>
                                    <r2:Funding>4.483</r2:Funding>
                                    <r2:Articles>0</r2:Articles>
                                </r2:BudgetYearOne>
                                <r2:BudgetYearOneBase>
                                    <r2:Funding>4.483</r2:Funding>
                                    <r2:Articles>0</r2:Articles>
                                    <r2:Text>- SEE ABOVE.</r2:Text>
                                </r2:BudgetYearOneBase>
                                <r2:AppChangeSummary>Increase from FY 2025 to FY 2026 is in accordance with the current IMTP.</r2:AppChangeSummary>
                            </r2:PlannedProgram>
                        </r2:AccomplishmentPlannedProgram>
                        <r2:AccomplishmentPlannedProgram>
                            <r2:Title>Resources</r2:Title>
                            <r2:Description>Resources includes: 
- On-site range support for THAAD maintenance, repair, and pre-mission analysis to ensure THAAD test asset readiness.
- Data management, facilities operations, and post-test reporting in support of Missile Defense System tests to ensure data collection and readiness for mission execution. 
- Performance Assessments to evaluate system performance and interoperability within the Missile Defense System.

Specific and/or unique planned accomplishments to each FY are as follows:</r2:Description>
                            <r2:Accomplishment>
                                <r2:PriorYear>
                                    <r2:Funding>4.396</r2:Funding>
                                    <r2:Articles>0</r2:Articles>
                                </r2:PriorYear>
                            </r2:Accomplishment>
                            <r2:PlannedProgram>
                                <r2:CurrentYear>
                                    <r2:Funding>8.560</r2:Funding>
                                    <r2:Articles>0</r2:Articles>
                                    <r2:Text>- SEE ABOVE.</r2:Text>
                                </r2:CurrentYear>
                                <r2:BudgetYearOne>
                                    <r2:Funding>9.303</r2:Funding>
                                    <r2:Articles>0</r2:Articles>
                                </r2:BudgetYearOne>
                                <r2:BudgetYearOneBase>
                                    <r2:Funding>9.303</r2:Funding>
                                    <r2:Articles>0</r2:Articles>
                                    <r2:Text>- SEE ABOVE.</r2:Text>
                                </r2:BudgetYearOneBase>
                                <r2:AppChangeSummary>N/A</r2:AppChangeSummary>
                            </r2:PlannedProgram>
                        </r2:AccomplishmentPlannedProgram>
                        <r2:AccomplishmentPlannedProgram>
                            <r2:Title>Test Program Operations</r2:Title>
                            <r2:Description>Program Operations provides strategic planning, program integration, acquisition, engineering, financial management, internal reviews and audits, and program assessments for THAAD Test Activities.

Specific and/or unique planned accomplishments to each FY are as follows:</r2:Description>
                            <r2:Accomplishment>
                                <r2:PriorYear>
                                    <r2:Funding>3.772</r2:Funding>
                                    <r2:Articles>0</r2:Articles>
                                </r2:PriorYear>
                            </r2:Accomplishment>
                            <r2:PlannedProgram>
                                <r2:CurrentYear>
                                    <r2:Funding>3.207</r2:Funding>
                                    <r2:Articles>0</r2:Articles>
                                    <r2:Text>- SEE ABOVE.</r2:Text>
                                </r2:CurrentYear>
                                <r2:BudgetYearOne>
                                    <r2:Funding>3.741</r2:Funding>
                                    <r2:Articles>0</r2:Articles>
                                </r2:BudgetYearOne>
                                <r2:BudgetYearOneBase>
                                    <r2:Funding>3.741</r2:Funding>
                                    <r2:Articles>0</r2:Articles>
                                    <r2:Text>- SEE ABOVE.</r2:Text>
                                </r2:BudgetYearOneBase>
                                <r2:AppChangeSummary>Increase from FY 2025 to FY 2026 is in accordance with the current IMTP.</r2:AppChangeSummary>
                            </r2:PlannedProgram>
                        </r2:AccomplishmentPlannedProgram>
                    </r2:AccomplishmentPlannedProgramList>
                    <r2:OtherProgramFundingSummaryList>
                        <r2:OtherProgramFundingSummary>
                            <r2:LineItem>0208866C</r2:LineItem>
                            <r2:Title>MD07: THAAD Procurement</r2:Title>
                            <r2:Funding>
                                <r2:PriorYear>216.782</r2:PriorYear>
                                <r2:CurrentYear>246.995</r2:CurrentYear>
                                <r2:BudgetYearOne>523.125</r2:BudgetYearOne>
                                <r2:BudgetYearOneBase>523.125</r2:BudgetYearOneBase>
                            </r2:Funding>
                        </r2:OtherProgramFundingSummary>
                        <r2:OtherProgramFundingSummary>
                            <r2:LineItem>0208866C</r2:LineItem>
                            <r2:Title>THAAD Operation and Maintenance</r2:Title>
                            <r2:Funding>
                                <r2:PriorYear>88.938</r2:PriorYear>
                                <r2:CurrentYear>90.802</r2:CurrentYear>
                                <r2:BudgetYearOne>117.028</r2:BudgetYearOne>
                                <r2:BudgetYearOneBase>117.028</r2:BudgetYearOneBase>
                            </r2:Funding>
                        </r2:OtherProgramFundingSummary>
                        <r2:OtherProgramFundingSummary>
                            <r2:LineItem>0603881C</r2:LineItem>
                            <r2:Title>Ballistic Missile Defense Terminal Defense Segment</r2:Title>
                            <r2:Funding>
                                <r2:PriorYear>224.457</r2:PriorYear>
                                <r2:CurrentYear>285.279</r2:CurrentYear>
                                <r2:BudgetYearOne>508.898</r2:BudgetYearOne>
                                <r2:BudgetYearOneBase>508.898</r2:BudgetYearOneBase>
                            </r2:Funding>
                        </r2:OtherProgramFundingSummary>
                    </r2:OtherProgramFundingSummaryList>
                    <r2:AcquisitionStrategy>The THAAD program awards Task Orders on the THAAD Follow on Development Contract Indefinite Delivery Indefinite Quantity (IDIQ) contract for THAAD development and test.    

THAAD also utilizes other contracts with industry as well as agreements with other United States. Government organizations in order to develop, test and upgrade the THAAD Weapon system.</r2:AcquisitionStrategy>
                </r2:R2aExhibit>
                <r2:R3Exhibit>
                    <r2:Remarks>Award Date reflects date of first obligation. Additional obligations may incrementally occur throughout the year.</r2:Remarks>
                    <r2:CostCategoryGroupList>
                        <r2:CostCategoryGroup>
                            <r2:Name>Product Development</r2:Name>
                            <r2:Remarks>N/A</r2:Remarks>
                        </r2:CostCategoryGroup>
                        <r2:CostCategoryGroup>
                            <r2:Name>Support</r2:Name>
                            <r2:Remarks>N/A</r2:Remarks>
                        </r2:CostCategoryGroup>
                        <r2:CostCategoryGroup>
                            <r2:Name>Test and Evaluation</r2:Name>
                            <r2:Remarks>N/A</r2:Remarks>
                            <r2:CostCategoryItemList>
                                <r2:CostCategoryItem>
                                    <r2:Name>Flight Test Execution - Execution Support and Planning (WSMR)</r2:Name>
                                    <r2:FundingVehicle>MIPR</r2:FundingVehicle>
                                    <r2:PerformingActivity>DOD - USA - WHITE SANDS MISSILE RANGE (WSMR)</r2:PerformingActivity>
                                    <r2:PerformingActivityLocation>NM</r2:PerformingActivityLocation>
                                    <r2:Cost>
                                        <r2:TotalPreviousYears>1.215</r2:TotalPreviousYears>
                                        <r2:PriorYear>
                                            <r2:Amount>0.000</r2:Amount>
                                        </r2:PriorYear>
                                        <r2:CurrentYear>
                                            <r2:Amount>4.164</r2:Amount>
                                            <r2:AwardDate>2024-11</r2:AwardDate>
                                        </r2:CurrentYear>
                                        <r2:BudgetYearOne>
                                            <r2:Amount>0.000</r2:Amount>
                                        </r2:BudgetYearOne>
                                        <r2:BudgetYearOneBase>
                                            <r2:Amount>0.000</r2:Amount>
                                        </r2:BudgetYearOneBase>
                                        <r2:CostToComplete>Continuing</r2:CostToComplete>
                                        <r2:TotalCost>Continuing</r2:TotalCost>
                                        <r2:TargetValue>Continuing</r2:TargetValue>
                                    </r2:Cost>
                                </r2:CostCategoryItem>
                                <r2:CostCategoryItem>
                                    <r2:Name>Flight Test Execution - Execution, Support and Planning (CCDC)</r2:Name>
                                    <r2:FundingVehicle>MIPR</r2:FundingVehicle>
                                    <r2:PerformingActivity>DOD - USA - COMBAT CAPABILITIES DEVELOPMENT COMMAND (CCDC)</r2:PerformingActivity>
                                    <r2:PerformingActivityLocation>AL</r2:PerformingActivityLocation>
                                    <r2:Cost>
                                        <r2:TotalPreviousYears>11.377</r2:TotalPreviousYears>
                                        <r2:PriorYear>
                                            <r2:Amount>0.000</r2:Amount>
                                        </r2:PriorYear>
                                        <r2:CurrentYear>
                                            <r2:Amount>0.433</r2:Amount>
                                            <r2:AwardDate>2024-11</r2:AwardDate>
                                        </r2:CurrentYear>
                                        <r2:BudgetYearOne>
                                            <r2:Amount>9.756</r2:Amount>
                                        </r2:BudgetYearOne>
                                        <r2:BudgetYearOneBase>
                                            <r2:Amount>9.756</r2:Amount>
                                            <r2:AwardDate>2025-11</r2:AwardDate>
                                        </r2:BudgetYearOneBase>
                                        <r2:CostToComplete>Continuing</r2:CostToComplete>
                                        <r2:TotalCost>Continuing</r2:TotalCost>
                                        <r2:TargetValue>Continuing</r2:TargetValue>
                                    </r2:Cost>
                                </r2:CostCategoryItem>
                                <r2:CostCategoryItem>
                                    <r2:Name>Flight Test Execution - Execution, Support and Planning (PM Shield)</r2:Name>
                                    <r2:FundingVehicle>MIPR</r2:FundingVehicle>
                                    <r2:PerformingActivity>DOD - USA - SHORT AND INTERMEDIATE EFFECTORS FOR LAYERED DEFENSE (SHIELD)</r2:PerformingActivity>
                                    <r2:PerformingActivityLocation>AL</r2:PerformingActivityLocation>
                                    <r2:Cost>
                                        <r2:TotalPreviousYears>0.000</r2:TotalPreviousYears>
                                        <r2:PriorYear>
                                            <r2:Amount>0.000</r2:Amount>
                                        </r2:PriorYear>
                                        <r2:CurrentYear>
                                            <r2:Amount>0.000</r2:Amount>
                                        </r2:CurrentYear>
                                        <r2:BudgetYearOne>
                                            <r2:Amount>3.301</r2:Amount>
                                        </r2:BudgetYearOne>
                                        <r2:BudgetYearOneBase>
                                            <r2:Amount>3.301</r2:Amount>
                                            <r2:AwardDate>2025-11</r2:AwardDate>
                                        </r2:BudgetYearOneBase>
                                        <r2:CostToComplete>Continuing</r2:CostToComplete>
                                        <r2:TotalCost>Continuing</r2:TotalCost>
                                        <r2:TargetValue>Continuing</r2:TargetValue>
                                    </r2:Cost>
                                </r2:CostCategoryItem>
                                <r2:CostCategoryItem>
                                    <r2:Name>Flight Test Execution - Execution, Support and Planning (RTC)</r2:Name>
                                    <r2:FundingVehicle>MIPR</r2:FundingVehicle>
                                    <r2:PerformingActivity>DOD - USA - REDSTONE TEST CENTER (RTC)</r2:PerformingActivity>
                                    <r2:PerformingActivityLocation>AL</r2:PerformingActivityLocation>
                                    <r2:Cost>
                                        <r2:TotalPreviousYears>3.077</r2:TotalPreviousYears>
                                        <r2:PriorYear>
                                            <r2:Amount>0.000</r2:Amount>
                                        </r2:PriorYear>
                                        <r2:CurrentYear>
                                            <r2:Amount>0.000</r2:Amount>
                                        </r2:CurrentYear>
                                        <r2:BudgetYearOne>
                                            <r2:Amount>0.000</r2:Amount>
                                        </r2:BudgetYearOne>
                                        <r2:BudgetYearOneBase>
                                            <r2:Amount>0.000</r2:Amount>
                                        </r2:BudgetYearOneBase>
                                        <r2:CostToComplete>0.000</r2:CostToComplete>
                                        <r2:TotalCost>3.077</r2:TotalCost>
                                        <r2:TargetValue>3.077</r2:TargetValue>
                                    </r2:Cost>
                                </r2:CostCategoryItem>
                                <r2:CostCategoryItem>
                                    <r2:Name>Flight Test Execution - Execution, Support and Planning (Various)</r2:Name>
                                    <r2:FundingVehicle>Various</r2:FundingVehicle>
                                    <r2:PerformingActivity>Various</r2:PerformingActivity>
                                    <r2:PerformingActivityLocation>Various</r2:PerformingActivityLocation>
                                    <r2:Cost>
                                        <r2:TotalPreviousYears>27.520</r2:TotalPreviousYears>
                                        <r2:PriorYear>
                                            <r2:Amount>0.010</r2:Amount>
                                            <r2:AwardDate>2023-11</r2:AwardDate>
                                        </r2:PriorYear>
                                        <r2:CurrentYear>
                                            <r2:Amount>4.318</r2:Amount>
                                            <r2:AwardDate>2024-11</r2:AwardDate>
                                        </r2:CurrentYear>
                                        <r2:BudgetYearOne>
                                            <r2:Amount>0.503</r2:Amount>
                                        </r2:BudgetYearOne>
                                        <r2:BudgetYearOneBase>
                                            <r2:Amount>0.503</r2:Amount>
                                            <r2:AwardDate>2025-11</r2:AwardDate>
                                        </r2:BudgetYearOneBase>
                                        <r2:CostToComplete>Continuing</r2:CostToComplete>
                                        <r2:TotalCost>Continuing</r2:TotalCost>
                                        <r2:TargetValue>Continuing</r2:TargetValue>
                                    </r2:Cost>
                                </r2:CostCategoryItem>
                                <r2:CostCategoryItem>
                                    <r2:Name>Flight Test Execution - Planning, Analysis, and Execution</r2:Name>
                                    <r2:ContractMethod>SS</r2:ContractMethod>
                                    <r2:ContractType>IDIQ</r2:ContractType>
                                    <r2:PerformingActivity>LOCKHEED MARTIN CORPORATION</r2:PerformingActivity>
                                    <r2:PerformingActivityLocation>AL</r2:PerformingActivityLocation>
                                    <r2:Cost>
                                        <r2:TotalPreviousYears>96.700</r2:TotalPreviousYears>
                                        <r2:PriorYear>
                                            <r2:Amount>0.000</r2:Amount>
                                        </r2:PriorYear>
                                        <r2:CurrentYear>
                                            <r2:Amount>0.000</r2:Amount>
                                        </r2:CurrentYear>
                                        <r2:BudgetYearOne>
                                            <r2:Amount>5.392</r2:Amount>
                                        </r2:BudgetYearOne>
                                        <r2:BudgetYearOneBase>
                                            <r2:Amount>5.392</r2:Amount>
                                            <r2:AwardDate>2025-11</r2:AwardDate>
                                        </r2:BudgetYearOneBase>
                                        <r2:CostToComplete>Continuing</r2:CostToComplete>
                                        <r2:TotalCost>Continuing</r2:TotalCost>
                                        <r2:TargetValue>Continuing</r2:TargetValue>
                                    </r2:Cost>
                                </r2:CostCategoryItem>
                                <r2:CostCategoryItem>
                                    <r2:Name>Flight Test Execution - Planning, Analysis, and Execution (DMVA)</r2:Name>
                                    <r2:ContractMethod>SS</r2:ContractMethod>
                                    <r2:ContractType>IDIQ</r2:ContractType>
                                    <r2:PerformingActivity>ALASKA DEPARTMENT OF MILITARY AND VETERANS AFFAIRS (DMVA)</r2:PerformingActivity>
                                    <r2:PerformingActivityLocation>AK</r2:PerformingActivityLocation>
                                    <r2:Cost>
                                        <r2:TotalPreviousYears>4.834</r2:TotalPreviousYears>
                                        <r2:PriorYear>
                                            <r2:Amount>0.000</r2:Amount>
                                        </r2:PriorYear>
                                        <r2:CurrentYear>
                                            <r2:Amount>0.000</r2:Amount>
                                        </r2:CurrentYear>
                                        <r2:BudgetYearOne>
                                            <r2:Amount>0.000</r2:Amount>
                                        </r2:BudgetYearOne>
                                        <r2:BudgetYearOneBase>
                                            <r2:Amount>0.000</r2:Amount>
                                        </r2:BudgetYearOneBase>
                                        <r2:CostToComplete>0.000</r2:CostToComplete>
                                        <r2:TotalCost>4.834</r2:TotalCost>
                                        <r2:TargetValue>4.834</r2:TargetValue>
                                    </r2:Cost>
                                </r2:CostCategoryItem>
                                <r2:CostCategoryItem>
                                    <r2:Name>Flight Test Execution - Prior Years Execution, Support and Planning</r2:Name>
                                    <r2:FundingVehicle>Various</r2:FundingVehicle>
                                    <r2:PerformingActivity>MDA / US Army Combat Capabilities Development Command (CCDC) / KLC / RTS</r2:PerformingActivity>
                                    <r2:PerformingActivityLocation>AL / CO / AK / HI / Wake Island / Kwajalein</r2:PerformingActivityLocation>
                                    <r2:Cost>
                                        <r2:TotalPreviousYears>121.552</r2:TotalPreviousYears>
                                        <r2:PriorYear>
                                            <r2:Amount>0.000</r2:Amount>
                                        </r2:PriorYear>
                                        <r2:CurrentYear>
                                            <r2:Amount>0.000</r2:Amount>
                                        </r2:CurrentYear>
                                        <r2:BudgetYearOne>
                                            <r2:Amount>0.000</r2:Amount>
                                        </r2:BudgetYearOne>
                                        <r2:BudgetYearOneBase>
                                            <r2:Amount>0.000</r2:Amount>
                                        </r2:BudgetYearOneBase>
                                        <r2:CostToComplete>0.000</r2:CostToComplete>
                                        <r2:TotalCost>121.552</r2:TotalCost>
                                        <r2:TargetValue>121.552</r2:TargetValue>
                                    </r2:Cost>
                                </r2:CostCategoryItem>
                                <r2:CostCategoryItem>
                                    <r2:Name>Ground Test Execution - Ground Test Support</r2:Name>
                                    <r2:FundingVehicle>MIPR</r2:FundingVehicle>
                                    <r2:PerformingActivity>DOD - USA - COMBAT CAPABILITIES DEVELOPMENT COMMAND (CCDC)</r2:PerformingActivity>
                                    <r2:PerformingActivityLocation>AL</r2:PerformingActivityLocation>
                                    <r2:Cost>
                                        <r2:TotalPreviousYears>13.208</r2:TotalPreviousYears>
                                        <r2:PriorYear>
                                            <r2:Amount>6.193</r2:Amount>
                                            <r2:AwardDate>2023-11</r2:AwardDate>
                                        </r2:PriorYear>
                                        <r2:CurrentYear>
                                            <r2:Amount>3.562</r2:Amount>
                                            <r2:AwardDate>2024-11</r2:AwardDate>
                                        </r2:CurrentYear>
                                        <r2:BudgetYearOne>
                                            <r2:Amount>3.911</r2:Amount>
                                        </r2:BudgetYearOne>
                                        <r2:BudgetYearOneBase>
                                            <r2:Amount>3.911</r2:Amount>
                                            <r2:AwardDate>2025-11</r2:AwardDate>
                                        </r2:BudgetYearOneBase>
                                        <r2:CostToComplete>Continuing</r2:CostToComplete>
                                        <r2:TotalCost>Continuing</r2:TotalCost>
                                        <r2:TargetValue>Continuing</r2:TargetValue>
                                    </r2:Cost>
                                </r2:CostCategoryItem>
                                <r2:CostCategoryItem>
                                    <r2:Name>Ground Test Execution - Ground Test Support - Various</r2:Name>
                                    <r2:FundingVehicle>Various</r2:FundingVehicle>
                                    <r2:PerformingActivity>Various</r2:PerformingActivity>
                                    <r2:PerformingActivityLocation>Various</r2:PerformingActivityLocation>
                                    <r2:Cost>
                                        <r2:TotalPreviousYears>33.398</r2:TotalPreviousYears>
                                        <r2:PriorYear>
                                            <r2:Amount>0.000</r2:Amount>
                                        </r2:PriorYear>
                                        <r2:CurrentYear>
                                            <r2:Amount>0.000</r2:Amount>
                                        </r2:CurrentYear>
                                        <r2:BudgetYearOne>
                                            <r2:Amount>0.000</r2:Amount>
                                        </r2:BudgetYearOne>
                                        <r2:BudgetYearOneBase>
                                            <r2:Amount>0.000</r2:Amount>
                                        </r2:BudgetYearOneBase>
                                        <r2:CostToComplete>0.000</r2:CostToComplete>
                                        <r2:TotalCost>33.398</r2:TotalCost>
                                        <r2:TargetValue>33.398</r2:TargetValue>
                                    </r2:Cost>
                                </r2:CostCategoryItem>
                                <r2:CostCategoryItem>
                                    <r2:Name>Ground Test Execution - Wargames and Exercises</r2:Name>
                                    <r2:FundingVehicle>MIPR</r2:FundingVehicle>
                                    <r2:PerformingActivity>DOD - USA - SPACE AND MISSILE DEFENSE COMMAND (SMDC)</r2:PerformingActivity>
                                    <r2:PerformingActivityLocation>AL</r2:PerformingActivityLocation>
                                    <r2:Cost>
                                        <r2:TotalPreviousYears>0.000</r2:TotalPreviousYears>
                                        <r2:PriorYear>
                                            <r2:Amount>0.646</r2:Amount>
                                            <r2:AwardDate>2023-11</r2:AwardDate>
                                        </r2:PriorYear>
                                        <r2:CurrentYear>
                                            <r2:Amount>0.441</r2:Amount>
                                            <r2:AwardDate>2024-11</r2:AwardDate>
                                        </r2:CurrentYear>
                                        <r2:BudgetYearOne>
                                            <r2:Amount>0.572</r2:Amount>
                                        </r2:BudgetYearOne>
                                        <r2:BudgetYearOneBase>
                                            <r2:Amount>0.572</r2:Amount>
                                            <r2:AwardDate>2025-11</r2:AwardDate>
                                        </r2:BudgetYearOneBase>
                                        <r2:CostToComplete>Continuing</r2:CostToComplete>
                                        <r2:TotalCost>Continuing</r2:TotalCost>
                                        <r2:TargetValue>Continuing</r2:TargetValue>
                                    </r2:Cost>
                                </r2:CostCategoryItem>
                                <r2:CostCategoryItem>
                                    <r2:Name>Resources - Test and Range Infrastructure (CCDC)</r2:Name>
                                    <r2:FundingVehicle>MIPR</r2:FundingVehicle>
                                    <r2:PerformingActivity>DOD - USA - COMBAT CAPABILITIES DEVELOPMENT COMMAND (CCDC)</r2:PerformingActivity>
                                    <r2:PerformingActivityLocation>AL</r2:PerformingActivityLocation>
                                    <r2:Cost>
                                        <r2:TotalPreviousYears>0.000</r2:TotalPreviousYears>
                                        <r2:PriorYear>
                                            <r2:Amount>0.637</r2:Amount>
                                            <r2:AwardDate>2023-11</r2:AwardDate>
                                        </r2:PriorYear>
                                        <r2:CurrentYear>
                                            <r2:Amount>5.431</r2:Amount>
                                            <r2:AwardDate>2024-11</r2:AwardDate>
                                        </r2:CurrentYear>
                                        <r2:BudgetYearOne>
                                            <r2:Amount>4.714</r2:Amount>
                                        </r2:BudgetYearOne>
                                        <r2:BudgetYearOneBase>
                                            <r2:Amount>4.714</r2:Amount>
                                            <r2:AwardDate>2025-11</r2:AwardDate>
                                        </r2:BudgetYearOneBase>
                                        <r2:CostToComplete>Continuing</r2:CostToComplete>
                                        <r2:TotalCost>Continuing</r2:TotalCost>
                                        <r2:TargetValue>Continuing</r2:TargetValue>
                                    </r2:Cost>
                                </r2:CostCategoryItem>
                                <r2:CostCategoryItem>
                                    <r2:Name>Resources - Test and Range Infrastructure (LM)</r2:Name>
                                    <r2:ContractMethod>SS</r2:ContractMethod>
                                    <r2:ContractType>IDIQ</r2:ContractType>
                                    <r2:PerformingActivity>LOCKHEED MARTIN CORPORATION</r2:PerformingActivity>
                                    <r2:PerformingActivityLocation>AL</r2:PerformingActivityLocation>
                                    <r2:Cost>
                                        <r2:TotalPreviousYears>4.148</r2:TotalPreviousYears>
                                        <r2:PriorYear>
                                            <r2:Amount>2.467</r2:Amount>
                                            <r2:AwardDate>2023-11</r2:AwardDate>
                                        </r2:PriorYear>
                                        <r2:CurrentYear>
                                            <r2:Amount>1.785</r2:Amount>
                                            <r2:AwardDate>2024-11</r2:AwardDate>
                                        </r2:CurrentYear>
                                        <r2:BudgetYearOne>
                                            <r2:Amount>3.122</r2:Amount>
                                        </r2:BudgetYearOne>
                                        <r2:BudgetYearOneBase>
                                            <r2:Amount>3.122</r2:Amount>
                                            <r2:AwardDate>2025-11</r2:AwardDate>
                                        </r2:BudgetYearOneBase>
                                        <r2:CostToComplete>Continuing</r2:CostToComplete>
                                        <r2:TotalCost>Continuing</r2:TotalCost>
                                        <r2:TargetValue>Continuing</r2:TargetValue>
                                    </r2:Cost>
                                </r2:CostCategoryItem>
                                <r2:CostCategoryItem>
                                    <r2:Name>Resources - Test and Range Infrastructure (RTC)</r2:Name>
                                    <r2:FundingVehicle>MIPR</r2:FundingVehicle>
                                    <r2:PerformingActivity>DOD - USA - REDSTONE TEST CENTER (RTC)</r2:PerformingActivity>
                                    <r2:PerformingActivityLocation>AL</r2:PerformingActivityLocation>
                                    <r2:Cost>
                                        <r2:TotalPreviousYears>0.000</r2:TotalPreviousYears>
                                        <r2:PriorYear>
                                            <r2:Amount>0.000</r2:Amount>
                                        </r2:PriorYear>
                                        <r2:CurrentYear>
                                            <r2:Amount>0.600</r2:Amount>
                                            <r2:AwardDate>2024-11</r2:AwardDate>
                                        </r2:CurrentYear>
                                        <r2:BudgetYearOne>
                                            <r2:Amount>0.600</r2:Amount>
                                        </r2:BudgetYearOne>
                                        <r2:BudgetYearOneBase>
                                            <r2:Amount>0.600</r2:Amount>
                                            <r2:AwardDate>2025-11</r2:AwardDate>
                                        </r2:BudgetYearOneBase>
                                        <r2:CostToComplete>Continuing</r2:CostToComplete>
                                        <r2:TotalCost>Continuing</r2:TotalCost>
                                        <r2:TargetValue>Continuing</r2:TargetValue>
                                    </r2:Cost>
                                </r2:CostCategoryItem>
                                <r2:CostCategoryItem>
                                    <r2:Name>Resources - Test and Range Infrastructure (Various)</r2:Name>
                                    <r2:FundingVehicle>Various</r2:FundingVehicle>
                                    <r2:PerformingActivity>Various</r2:PerformingActivity>
                                    <r2:PerformingActivityLocation>Various</r2:PerformingActivityLocation>
                                    <r2:Cost>
                                        <r2:TotalPreviousYears>39.874</r2:TotalPreviousYears>
                                        <r2:PriorYear>
                                            <r2:Amount>1.292</r2:Amount>
                                            <r2:AwardDate>2023-11</r2:AwardDate>
                                        </r2:PriorYear>
                                        <r2:CurrentYear>
                                            <r2:Amount>0.744</r2:Amount>
                                            <r2:AwardDate>2024-11</r2:AwardDate>
                                        </r2:CurrentYear>
                                        <r2:BudgetYearOne>
                                            <r2:Amount>0.649</r2:Amount>
                                        </r2:BudgetYearOne>
                                        <r2:BudgetYearOneBase>
                                            <r2:Amount>0.649</r2:Amount>
                                            <r2:AwardDate>2025-11</r2:AwardDate>
                                        </r2:BudgetYearOneBase>
                                        <r2:CostToComplete>Continuing</r2:CostToComplete>
                                        <r2:TotalCost>Continuing</r2:TotalCost>
                                        <r2:TargetValue>Continuing</r2:TargetValue>
                                    </r2:Cost>
                                </r2:CostCategoryItem>
                                <r2:CostCategoryItem>
                                    <r2:Name>Resources - Test and Range Infrastructure (WSMR)</r2:Name>
                                    <r2:FundingVehicle>MIPR</r2:FundingVehicle>
                                    <r2:PerformingActivity>DOD - USA - WHITE SANDS MISSILE RANGE (WSMR)</r2:PerformingActivity>
                                    <r2:PerformingActivityLocation>Various</r2:PerformingActivityLocation>
                                    <r2:Cost>
                                        <r2:TotalPreviousYears>0.000</r2:TotalPreviousYears>
                                        <r2:PriorYear>
                                            <r2:Amount>0.000</r2:Amount>
                                        </r2:PriorYear>
                                        <r2:CurrentYear>
                                            <r2:Amount>0.000</r2:Amount>
                                        </r2:CurrentYear>
                                        <r2:BudgetYearOne>
                                            <r2:Amount>0.218</r2:Amount>
                                        </r2:BudgetYearOne>
                                        <r2:BudgetYearOneBase>
                                            <r2:Amount>0.218</r2:Amount>
                                            <r2:AwardDate>2025-11</r2:AwardDate>
                                        </r2:BudgetYearOneBase>
                                        <r2:CostToComplete>Continuing</r2:CostToComplete>
                                        <r2:TotalCost>Continuing</r2:TotalCost>
                                        <r2:TargetValue>Continuing</r2:TargetValue>
                                    </r2:Cost>
                                </r2:CostCategoryItem>
                                <r2:CostCategoryItem>
                                    <r2:Name>Test Program Operations - All Prior Years</r2:Name>
                                    <r2:FundingVehicle>Various</r2:FundingVehicle>
                                    <r2:PerformingActivity>Various</r2:PerformingActivity>
                                    <r2:PerformingActivityLocation>Various</r2:PerformingActivityLocation>
                                    <r2:Cost>
                                        <r2:TotalPreviousYears>17.670</r2:TotalPreviousYears>
                                        <r2:PriorYear>
                                            <r2:Amount>0.000</r2:Amount>
                                        </r2:PriorYear>
                                        <r2:CurrentYear>
                                            <r2:Amount>0.000</r2:Amount>
                                        </r2:CurrentYear>
                                        <r2:BudgetYearOne>
                                            <r2:Amount>0.000</r2:Amount>
                                        </r2:BudgetYearOne>
                                        <r2:BudgetYearOneBase>
                                            <r2:Amount>0.000</r2:Amount>
                                        </r2:BudgetYearOneBase>
                                        <r2:CostToComplete>0.000</r2:CostToComplete>
                                        <r2:TotalCost>17.670</r2:TotalCost>
                                        <r2:TargetValue>17.670</r2:TargetValue>
                                    </r2:Cost>
                                </r2:CostCategoryItem>
                                <r2:CostCategoryItem>
                                    <r2:Name>Test Program Operations - Contractor Support Services (Test Support)</r2:Name>
                                    <r2:ContractMethod>C</r2:ContractMethod>
                                    <r2:ContractType>CPFF</r2:ContractType>
                                    <r2:PerformingActivity>MP SOLUTIONS, LLC</r2:PerformingActivity>
                                    <r2:PerformingActivityLocation>VA</r2:PerformingActivityLocation>
                                    <r2:Cost>
                                        <r2:TotalPreviousYears>6.880</r2:TotalPreviousYears>
                                        <r2:PriorYear>
                                            <r2:Amount>3.480</r2:Amount>
                                            <r2:AwardDate>2023-11</r2:AwardDate>
                                        </r2:PriorYear>
                                        <r2:CurrentYear>
                                            <r2:Amount>2.946</r2:Amount>
                                            <r2:AwardDate>2024-11</r2:AwardDate>
                                        </r2:CurrentYear>
                                        <r2:BudgetYearOne>
                                            <r2:Amount>3.484</r2:Amount>
                                        </r2:BudgetYearOne>
                                        <r2:BudgetYearOneBase>
                                            <r2:Amount>3.484</r2:Amount>
                                            <r2:AwardDate>2025-11</r2:AwardDate>
                                        </r2:BudgetYearOneBase>
                                        <r2:CostToComplete>Continuing</r2:CostToComplete>
                                        <r2:TotalCost>Continuing</r2:TotalCost>
                                        <r2:TargetValue>Continuing</r2:TargetValue>
                                    </r2:Cost>
                                </r2:CostCategoryItem>
                                <r2:CostCategoryItem>
                                    <r2:Name>Test Program Operations - MDA Civilian Travel</r2:Name>
                                    <r2:FundingVehicle>Allot</r2:FundingVehicle>
                                    <r2:PerformingActivity>DOD - MISSILE DEFENSE AGENCY (MDA)</r2:PerformingActivity>
                                    <r2:PerformingActivityLocation>Various</r2:PerformingActivityLocation>
                                    <r2:Cost>
                                        <r2:TotalPreviousYears>0.976</r2:TotalPreviousYears>
                                        <r2:PriorYear>
                                            <r2:Amount>0.292</r2:Amount>
                                            <r2:AwardDate>2023-10</r2:AwardDate>
                                        </r2:PriorYear>
                                        <r2:CurrentYear>
                                            <r2:Amount>0.261</r2:Amount>
                                            <r2:AwardDate>2024-10</r2:AwardDate>
                                        </r2:CurrentYear>
                                        <r2:BudgetYearOne>
                                            <r2:Amount>0.257</r2:Amount>
                                        </r2:BudgetYearOne>
                                        <r2:BudgetYearOneBase>
                                            <r2:Amount>0.257</r2:Amount>
                                            <r2:AwardDate>2025-10</r2:AwardDate>
                                        </r2:BudgetYearOneBase>
                                        <r2:CostToComplete>Continuing</r2:CostToComplete>
                                        <r2:TotalCost>Continuing</r2:TotalCost>
                                        <r2:TargetValue>Continuing</r2:TargetValue>
                                    </r2:Cost>
                                </r2:CostCategoryItem>
                                <r2:CostCategoryItem>
                                    <r2:Name>Wargames and Exercises - Wargames and Exercises</r2:Name>
                                    <r2:FundingVehicle>MIPR</r2:FundingVehicle>
                                    <r2:PerformingActivity>DOD - USA - SPACE AND MISSILE DEFENSE COMMAND (SMDC)</r2:PerformingActivity>
                                    <r2:PerformingActivityLocation>AL</r2:PerformingActivityLocation>
                                    <r2:Cost>
                                        <r2:TotalPreviousYears>2.906</r2:TotalPreviousYears>
                                        <r2:PriorYear>
                                            <r2:Amount>0.000</r2:Amount>
                                        </r2:PriorYear>
                                        <r2:CurrentYear>
                                            <r2:Amount>0.000</r2:Amount>
                                        </r2:CurrentYear>
                                        <r2:BudgetYearOne>
                                            <r2:Amount>0.000</r2:Amount>
                                        </r2:BudgetYearOne>
                                        <r2:BudgetYearOneBase>
                                            <r2:Amount>0.000</r2:Amount>
                                        </r2:BudgetYearOneBase>
                                        <r2:CostToComplete>0.000</r2:CostToComplete>
                                        <r2:TotalCost>2.906</r2:TotalCost>
                                        <r2:TargetValue>2.906</r2:TargetValue>
                                    </r2:Cost>
                                </r2:CostCategoryItem>
                            </r2:CostCategoryItemList>
                        </r2:CostCategoryGroup>
                        <r2:CostCategoryGroup>
                            <r2:Name>Management Services</r2:Name>
                            <r2:Remarks>N/A</r2:Remarks>
                        </r2:CostCategoryGroup>
                    </r2:CostCategoryGroupList>
                </r2:R3Exhibit>
                <r2:R4Exhibit>
                    <r2:ScheduleProfile>
                        <r2:ImageFileName>Test_133942257033321400.png</r2:ImageFileName>
                    </r2:ScheduleProfile>
                </r2:R4Exhibit>
                <r2:R4aExhibit>
                    <r2:ScheduleDetailList>
                        <r2:ScheduleDetail>
                            <r2:EventTitle>GTI-ISR (23)</r2:EventTitle>
                            <r2:Schedule>
                                <r2:Start>
                                    <r2:Quarter>3</r2:Quarter>
                                    <r2:Year>2024</r2:Year>
                                </r2:Start>
                                <r2:End>
                                    <r2:Quarter>3</r2:Quarter>
                                    <r2:Year>2024</r2:Year>
                                </r2:End>
                            </r2:Schedule>
                        </r2:ScheduleDetail>
                        <r2:ScheduleDetail>
                            <r2:EventTitle>GTI-08b (N/I)</r2:EventTitle>
                            <r2:Schedule>
                                <r2:Start>
                                    <r2:Quarter>4</r2:Quarter>
                                    <r2:Year>2024</r2:Year>
                                </r2:Start>
                                <r2:End>
                                    <r2:Quarter>4</r2:Quarter>
                                    <r2:Year>2024</r2:Year>
                                </r2:End>
                            </r2:Schedule>
                        </r2:ScheduleDetail>
                        <r2:ScheduleDetail>
                            <r2:EventTitle>GTD-08b (N/I)</r2:EventTitle>
                            <r2:Schedule>
                                <r2:Start>
                                    <r2:Quarter>4</r2:Quarter>
                                    <r2:Year>2024</r2:Year>
                                </r2:Start>
                                <r2:End>
                                    <r2:Quarter>4</r2:Quarter>
                                    <r2:Year>2024</r2:Year>
                                </r2:End>
                            </r2:Schedule>
                        </r2:ScheduleDetail>
                        <r2:ScheduleDetail>
                            <r2:EventTitle>FTX-28 E1 (DT)</r2:EventTitle>
                            <r2:Schedule>
                                <r2:Start>
                                    <r2:Quarter>4</r2:Quarter>
                                    <r2:Year>2025</r2:Year>
                                </r2:Start>
                                <r2:End>
                                    <r2:Quarter>4</r2:Quarter>
                                    <r2:Year>2025</r2:Year>
                                </r2:End>
                            </r2:Schedule>
                        </r2:ScheduleDetail>
                        <r2:ScheduleDetail>
                            <r2:EventTitle>GTI-13 (N/I) Sprint 1</r2:EventTitle>
                            <r2:Schedule>
                                <r2:Start>
                                    <r2:Quarter>1</r2:Quarter>
                                    <r2:Year>2026</r2:Year>
                                </r2:Start>
                                <r2:End>
                                    <r2:Quarter>1</r2:Quarter>
                                    <r2:Year>2026</r2:Year>
                                </r2:End>
                            </r2:Schedule>
                        </r2:ScheduleDetail>
                        <r2:ScheduleDetail>
                            <r2:EventTitle>FTX-28 E3 (DT)</r2:EventTitle>
                            <r2:Schedule>
                                <r2:Start>
                                    <r2:Quarter>1</r2:Quarter>
                                    <r2:Year>2026</r2:Year>
                                </r2:Start>
                                <r2:End>
                                    <r2:Quarter>1</r2:Quarter>
                                    <r2:Year>2026</r2:Year>
                                </r2:End>
                            </r2:Schedule>
                        </r2:ScheduleDetail>
                        <r2:ScheduleDetail>
                            <r2:EventTitle>GTI-12 (E/C)</r2:EventTitle>
                            <r2:Schedule>
                                <r2:Start>
                                    <r2:Quarter>1</r2:Quarter>
                                    <r2:Year>2026</r2:Year>
                                </r2:Start>
                                <r2:End>
                                    <r2:Quarter>1</r2:Quarter>
                                    <r2:Year>2026</r2:Year>
                                </r2:End>
                            </r2:Schedule>
                        </r2:ScheduleDetail>
                        <r2:ScheduleDetail>
                            <r2:EventTitle>GTD-13 (N/I)</r2:EventTitle>
                            <r2:Schedule>
                                <r2:Start>
                                    <r2:Quarter>2</r2:Quarter>
                                    <r2:Year>2026</r2:Year>
                                </r2:Start>
                                <r2:End>
                                    <r2:Quarter>2</r2:Quarter>
                                    <r2:Year>2026</r2:Year>
                                </r2:End>
                            </r2:Schedule>
                        </r2:ScheduleDetail>
                        <r2:ScheduleDetail>
                            <r2:EventTitle>GTD-12 (E/C)</r2:EventTitle>
                            <r2:Schedule>
                                <r2:Start>
                                    <r2:Quarter>3</r2:Quarter>
                                    <r2:Year>2026</r2:Year>
                                </r2:Start>
                                <r2:End>
                                    <r2:Quarter>3</r2:Quarter>
                                    <r2:Year>2026</r2:Year>
                                </r2:End>
                            </r2:Schedule>
                        </r2:ScheduleDetail>
                        <r2:ScheduleDetail>
                            <r2:EventTitle>FTX-28 E2 (DT)</r2:EventTitle>
                            <r2:Schedule>
                                <r2:Start>
                                    <r2:Quarter>3</r2:Quarter>
                                    <r2:Year>2027</r2:Year>
                                </r2:Start>
                                <r2:End>
                                    <r2:Quarter>3</r2:Quarter>
                                    <r2:Year>2027</r2:Year>
                                </r2:End>
                            </r2:Schedule>
                        </r2:ScheduleDetail>
                        <r2:ScheduleDetail>
                            <r2:EventTitle>FTT-26 (DT/OT)</r2:EventTitle>
                            <r2:Schedule>
                                <r2:Start>
                                    <r2:Quarter>3</r2:Quarter>
                                    <r2:Year>2027</r2:Year>
                                </r2:Start>
                                <r2:End>
                                    <r2:Quarter>3</r2:Quarter>
                                    <r2:Year>2027</r2:Year>
                                </r2:End>
                            </r2:Schedule>
                        </r2:ScheduleDetail>
                        <r2:ScheduleDetail>
                            <r2:EventTitle>FTT-24 (DT/OT)</r2:EventTitle>
                            <r2:Schedule>
                                <r2:Start>
                                    <r2:Quarter>2</r2:Quarter>
                                    <r2:Year>2028</r2:Year>
                                </r2:Start>
                                <r2:End>
                                    <r2:Quarter>2</r2:Quarter>
                                    <r2:Year>2028</r2:Year>
                                </r2:End>
                            </r2:Schedule>
                        </r2:ScheduleDetail>
                        <r2:ScheduleDetail>
                            <r2:EventTitle>GTI-14 Sprint 1 (N)</r2:EventTitle>
                            <r2:Schedule>
                                <r2:Start>
                                    <r2:Quarter>1</r2:Quarter>
                                    <r2:Year>2029</r2:Year>
                                </r2:Start>
                                <r2:End>
                                    <r2:Quarter>1</r2:Quarter>
                                    <r2:Year>2029</r2:Year>
                                </r2:End>
                            </r2:Schedule>
                        </r2:ScheduleDetail>
                        <r2:ScheduleDetail>
                            <r2:EventTitle>GTI-15 (E/C)</r2:EventTitle>
                            <r2:Schedule>
                                <r2:Start>
                                    <r2:Quarter>1</r2:Quarter>
                                    <r2:Year>2029</r2:Year>
                                </r2:Start>
                                <r2:End>
                                    <r2:Quarter>1</r2:Quarter>
                                    <r2:Year>2029</r2:Year>
                                </r2:End>
                            </r2:Schedule>
                        </r2:ScheduleDetail>
                        <r2:ScheduleDetail>
                            <r2:EventTitle>GTI-ISR (27)</r2:EventTitle>
                            <r2:Schedule>
                                <r2:Start>
                                    <r2:Quarter>1</r2:Quarter>
                                    <r2:Year>2029</r2:Year>
                                </r2:Start>
                                <r2:End>
                                    <r2:Quarter>1</r2:Quarter>
                                    <r2:Year>2029</r2:Year>
                                </r2:End>
                            </r2:Schedule>
                        </r2:ScheduleDetail>
                        <r2:ScheduleDetail>
                            <r2:EventTitle>GTD-15 (E/C)</r2:EventTitle>
                            <r2:Schedule>
                                <r2:Start>
                                    <r2:Quarter>4</r2:Quarter>
                                    <r2:Year>2029</r2:Year>
                                </r2:Start>
                                <r2:End>
                                    <r2:Quarter>4</r2:Quarter>
                                    <r2:Year>2029</r2:Year>
                                </r2:End>
                            </r2:Schedule>
                        </r2:ScheduleDetail>
                        <r2:ScheduleDetail>
                            <r2:EventTitle>GTI-14 (N/I) Sprint 2</r2:EventTitle>
                            <r2:Schedule>
                                <r2:Start>
                                    <r2:Quarter>4</r2:Quarter>
                                    <r2:Year>2029</r2:Year>
                                </r2:Start>
                                <r2:End>
                                    <r2:Quarter>4</r2:Quarter>
                                    <r2:Year>2029</r2:Year>
                                </r2:End>
                            </r2:Schedule>
                        </r2:ScheduleDetail>
                        <r2:ScheduleDetail>
                            <r2:EventTitle>GTI-ASI (28)</r2:EventTitle>
                            <r2:Schedule>
                                <r2:Start>
                                    <r2:Quarter>4</r2:Quarter>
                                    <r2:Year>2029</r2:Year>
                                </r2:Start>
                                <r2:End>
                                    <r2:Quarter>4</r2:Quarter>
                                    <r2:Year>2029</r2:Year>
                                </r2:End>
                            </r2:Schedule>
                        </r2:ScheduleDetail>
                        <r2:ScheduleDetail>
                            <r2:EventTitle>FTT-22 (DT/OT)</r2:EventTitle>
                            <r2:Schedule>
                                <r2:Start>
                                    <r2:Quarter>4</r2:Quarter>
                                    <r2:Year>2029</r2:Year>
                                </r2:Start>
                                <r2:End>
                                    <r2:Quarter>4</r2:Quarter>
                                    <r2:Year>2029</r2:Year>
                                </r2:End>
                            </r2:Schedule>
                        </r2:ScheduleDetail>
                        <r2:ScheduleDetail>
                            <r2:EventTitle>GTD-14 (N/I)</r2:EventTitle>
                            <r2:Schedule>
                                <r2:Start>
                                    <r2:Quarter>2</r2:Quarter>
                                    <r2:Year>2030</r2:Year>
                                </r2:Start>
                                <r2:End>
                                    <r2:Quarter>2</r2:Quarter>
                                    <r2:Year>2030</r2:Year>
                                </r2:End>
                            </r2:Schedule>
                        </r2:ScheduleDetail>
                    </r2:ScheduleDetailList>
                </r2:R4aExhibit>
            </r2:Project>
            <r2:Project>
                <r2:ProjectNumber>MD40</r2:ProjectNumber>
                <r2:ProjectTitle>Program Wide Support</r2:ProjectTitle>
                <r2:SpecialProject>0</r2:SpecialProject>
                <r2:ProjectFunding>
                    <r2:AllPriorYears>19.562</r2:AllPriorYears>
                    <r2:PriorYear>1.691</r2:PriorYear>
                    <r2:CurrentYear>0.988</r2:CurrentYear>
                    <r2:BudgetYearOne>1.305</r2:BudgetYearOne>
                    <r2:BudgetYearOneBase>1.305</r2:BudgetYearOneBase>
                </r2:ProjectFunding>
                <r2:R2aExhibit>
                    <r2:ProjectArticles>
                        <r2:PriorYear>0</r2:PriorYear>
                        <r2:CurrentYear>0</r2:CurrentYear>
                        <r2:BudgetYearOne>0</r2:BudgetYearOne>
                        <r2:BudgetYearOneBase>0</r2:BudgetYearOneBase>
                    </r2:ProjectArticles>
                    <r2:ProjectNote>Program Wide Support (PWS) is allocated on a pro-rata basis across multiple Agency Program Elements (PE) each Fiscal Year (FY) based on the total Agency budget; therefore, fluctuates per PE by FY.</r2:ProjectNote>
                    <r2:ProjectMissionDescription>PWS contains non-headquarters management costs in support of Missile Defense Agency (MDA) functions and activities across the entire Missile Defense System. These functions include Government Civilians and Contract Support Services. This effort provides integrity and oversight of the Missile Defense System as well as supports MDA in the development and evaluation of technologies that will respond to the changing threat. Additionally, PWS includes personnel to support global deployments performing deployment site preparation and activation, and provides facility capabilities for MDA Executing Agent locations worldwide. Other MDA wide costs include: physical and technical security; civilian drug testing; audit readiness; the Science, Technology, Engineering, and Mathematics (STEM) program; legal services and settlements; travel and agency training; office, equipment, vehicle, and warehouse leases; utilities and base operations across multiple geographic locations; commercial and ancillary facility services; management of all facility aspects regardless of lifecycle stage; supplies and maintenance; compliance with statutory environmental requirements; data and unified communications support; materiel and readiness and central property management of equipment; Facilities Sustainment, Restoration and Modernization (FSRM) program (formerly Real Property Maintenance) to keep the Department's inventory of facilities in good working order; and similar operating expenses. PWS is allocated on a pro-rata basis across most Agency PEs; therefore, fluctuates per PE by FY based on the total Agency budget in that FY.</r2:ProjectMissionDescription>
                    <r2:AccomplishmentPlannedProgramList>
                        <r2:AccomplishmentPlannedProgram>
                            <r2:Title>Program Wide Support</r2:Title>
                            <r2:Description>PWS contains non-headquarters management costs in support of MDA functions and activities across the entire Missile Defense System. These functions include Government Civilians and Contract Support Services. This effort provides integrity and oversight of the Missile Defense System as well as supports MDA in the development and evaluation of technologies that will respond to the changing threat. Additionally, PWS includes personnel to support global deployments performing deployment site preparation and activation, and provides facility capabilities for MDA Executing Agent locations worldwide. Other MDA wide costs include: physical and technical security; civilian drug testing; audit readiness; the STEM program; legal services and settlements; travel and agency training; office, equipment, vehicle, and warehouse leases; utilities and base operations across multiple geographic locations; commercial and ancillary facility services; management of all facility aspects regardless of lifecycle stage; supplies and maintenance; compliance with statutory environmental requirements; data and unified communications support; materiel and readiness and central property management of equipment; the FSRM program to keep the Department's inventory of facilities in good working order; and similar operating expenses. PWS is allocated on a pro-rata basis across most Agency PEs; therefore, fluctuates per PE by FY based on the total Agency budget in that FY.

Specific and/or unique accomplishments to each FY are as follows:</r2:Description>
                            <r2:Accomplishment>
                                <r2:PriorYear>
                                    <r2:Funding>1.691</r2:Funding>
                                    <r2:Articles>0</r2:Articles>
                                </r2:PriorYear>
                            </r2:Accomplishment>
                            <r2:PlannedProgram>
                                <r2:CurrentYear>
                                    <r2:Funding>0.988</r2:Funding>
                                    <r2:Articles>0</r2:Articles>
                                    <r2:Text>- SEE ABOVE.</r2:Text>
                                </r2:CurrentYear>
                                <r2:BudgetYearOne>
                                    <r2:Funding>1.305</r2:Funding>
                                    <r2:Articles>0</r2:Articles>
                                </r2:BudgetYearOne>
                                <r2:BudgetYearOneBase>
                                    <r2:Funding>1.305</r2:Funding>
                                    <r2:Articles>0</r2:Articles>
                                    <r2:Text>- SEE ABOVE.</r2:Text>
                                </r2:BudgetYearOneBase>
                                <r2:AppChangeSummary>Increase from FY 2025 to FY 2026 provides for the PWS allocation on a pro-rata basis across multiple Agency PE's each FY based on the total Agency budget; therefore, fluctuates per PE by FY.</r2:AppChangeSummary>
                            </r2:PlannedProgram>
                        </r2:AccomplishmentPlannedProgram>
                    </r2:AccomplishmentPlannedProgramList>
                    <r2:AcquisitionStrategy>The acquisition strategy for MDA Consolidated Support consists of contract actions to industry for: a) Engineering and technical support; b) studies, analyses, and evaluations; and c) management and professional services to MDA functional organizations and program offices.  With a focus to achieve Small Business goals, MDA is leveraging existing contracts and will competitively award new contracts to meet MDA's FYs 2020-2030 Advisory and Assistance Services support.</r2:AcquisitionStrategy>
                </r2:R2aExhibit>
                <r2:R3Exhibit>
                    <r2:Remarks>Award Date reflects date of first obligation. Additional obligations may incrementally occur throughout the year.</r2:Remarks>
                    <r2:CostCategoryGroupList>
                        <r2:CostCategoryGroup>
                            <r2:Name>Product Development</r2:Name>
                            <r2:Remarks>N/A</r2:Remarks>
                        </r2:CostCategoryGroup>
                        <r2:CostCategoryGroup>
                            <r2:Name>Support</r2:Name>
                            <r2:Remarks>N/A</r2:Remarks>
                            <r2:CostCategoryItemList>
                                <r2:CostCategoryItem>
                                    <r2:Name>Program Wide Support - Agency Operations Management Support</r2:Name>
                                    <r2:FundingVehicle>MIPR</r2:FundingVehicle>
                                    <r2:PerformingActivity>DOD - DEFENSE FINANCE AND ACCOUNTING SERVICES (DFAS)</r2:PerformingActivity>
                                    <r2:PerformingActivityLocation>IN</r2:PerformingActivityLocation>
                                    <r2:Cost>
                                        <r2:TotalPreviousYears>2.971</r2:TotalPreviousYears>
                                        <r2:PriorYear>
                                            <r2:Amount>1.691</r2:Amount>
                                            <r2:AwardDate>2023-12</r2:AwardDate>
                                        </r2:PriorYear>
                                        <r2:CurrentYear>
                                            <r2:Amount>0.000</r2:Amount>
                                        </r2:CurrentYear>
                                        <r2:BudgetYearOne>
                                            <r2:Amount>0.000</r2:Amount>
                                        </r2:BudgetYearOne>
                                        <r2:BudgetYearOneBase>
                                            <r2:Amount>0.000</r2:Amount>
                                        </r2:BudgetYearOneBase>
                                        <r2:CostToComplete>0.000</r2:CostToComplete>
                                        <r2:TotalCost>4.662</r2:TotalCost>
                                        <r2:TargetValue>0.000</r2:TargetValue>
                                    </r2:Cost>
                                </r2:CostCategoryItem>
                                <r2:CostCategoryItem>
                                    <r2:Name>Program Wide Support - Agency Operations and Support Civilian Salaries, Travel, Training</r2:Name>
                                    <r2:ContractMethod>C</r2:ContractMethod>
                                    <r2:ContractType>CPFF</r2:ContractType>
                                    <r2:PerformingActivity>Various</r2:PerformingActivity>
                                    <r2:PerformingActivityLocation>VA</r2:PerformingActivityLocation>
                                    <r2:Cost>
                                        <r2:TotalPreviousYears>4.174</r2:TotalPreviousYears>
                                        <r2:PriorYear>
                                            <r2:Amount>0.000</r2:Amount>
                                        </r2:PriorYear>
                                        <r2:CurrentYear>
                                            <r2:Amount>0.000</r2:Amount>
                                        </r2:CurrentYear>
                                        <r2:BudgetYearOne>
                                            <r2:Amount>0.000</r2:Amount>
                                        </r2:BudgetYearOne>
                                        <r2:BudgetYearOneBase>
                                            <r2:Amount>0.000</r2:Amount>
                                        </r2:BudgetYearOneBase>
                                        <r2:CostToComplete>0.000</r2:CostToComplete>
                                        <r2:TotalCost>4.174</r2:TotalCost>
                                        <r2:TargetValue>0.000</r2:TargetValue>
                                    </r2:Cost>
                                </r2:CostCategoryItem>
                            </r2:CostCategoryItemList>
                        </r2:CostCategoryGroup>
                        <r2:CostCategoryGroup>
                            <r2:Name>Test and Evaluation</r2:Name>
                            <r2:Remarks>N/A</r2:Remarks>
                        </r2:CostCategoryGroup>
                        <r2:CostCategoryGroup>
                            <r2:Name>Management Services</r2:Name>
                            <r2:Remarks>N/A</r2:Remarks>
                            <r2:CostCategoryItemList>
                                <r2:CostCategoryItem>
                                    <r2:Name>Program Wide Support - Staff Operations - TEAMS Facilities Logistics Environment</r2:Name>
                                    <r2:ContractMethod>C</r2:ContractMethod>
                                    <r2:ContractType>CPFF</r2:ContractType>
                                    <r2:PerformingActivity>STRATEGIC ALLIANCE SOLUTIONS LLC</r2:PerformingActivity>
                                    <r2:PerformingActivityLocation>Various</r2:PerformingActivityLocation>
                                    <r2:Cost>
                                        <r2:TotalPreviousYears>12.417</r2:TotalPreviousYears>
                                        <r2:PriorYear>
                                            <r2:Amount>0.000</r2:Amount>
                                        </r2:PriorYear>
                                        <r2:CurrentYear>
                                            <r2:Amount>0.988</r2:Amount>
                                            <r2:AwardDate>2024-11</r2:AwardDate>
                                        </r2:CurrentYear>
                                        <r2:BudgetYearOne>
                                            <r2:Amount>1.305</r2:Amount>
                                        </r2:BudgetYearOne>
                                        <r2:BudgetYearOneBase>
                                            <r2:Amount>1.305</r2:Amount>
                                            <r2:AwardDate>2025-11</r2:AwardDate>
                                        </r2:BudgetYearOneBase>
                                        <r2:CostToComplete>Continuing</r2:CostToComplete>
                                        <r2:TotalCost>Continuing</r2:TotalCost>
                                        <r2:TargetValue>Continuing</r2:TargetValue>
                                    </r2:Cost>
                                </r2:CostCategoryItem>
                            </r2:CostCategoryItemList>
                        </r2:CostCategoryGroup>
                    </r2:CostCategoryGroupList>
                </r2:R3Exhibit>
                <r2:R4Exhibit>
                    <r2:ScheduleProfile>
                        <r2:ImageFileName>Test_133942257035711539.png</r2:ImageFileName>
                    </r2:ScheduleProfile>
                </r2:R4Exhibit>
                <r2:R4aExhibit>
                    <r2:ScheduleDetailList>
                        <r2:ScheduleDetail>
                            <r2:EventTitle>MD40 Program-Wide Support - Complete</r2:EventTitle>
                            <r2:Schedule>
                                <r2:Start>
                                    <r2:Quarter>1</r2:Quarter>
                                    <r2:Year>2024</r2:Year>
                                </r2:Start>
                                <r2:End>
                                    <r2:Quarter>2</r2:Quarter>
                                    <r2:Year>2025</r2:Year>
                                </r2:End>
                            </r2:Schedule>
                        </r2:ScheduleDetail>
                        <r2:ScheduleDetail>
                            <r2:EventTitle>MD40 Program-Wide Support</r2:EventTitle>
                            <r2:Schedule>
                                <r2:Start>
                                    <r2:Quarter>3</r2:Quarter>
                                    <r2:Year>2025</r2:Year>
                                </r2:Start>
                                <r2:End>
                                    <r2:Quarter>4</r2:Quarter>
                                    <r2:Year>2030</r2:Year>
                                </r2:End>
                            </r2:Schedule>
                        </r2:ScheduleDetail>
                    </r2:ScheduleDetailList>
                </r2:R4aExhibit>
            </r2:Project>
        </r2:ProjectList>
    </r2:ProgramElement>
</r2:ProgramElementList>