<?xml version="1.0" encoding="UTF-8"?>
<r2:ProgramElementList xmlns:r2="http://www.dtic.mil/comptroller/xml/schema/022009/r2" targetSchemaVersion="1.0">
    <r2:ProgramElement monetaryUnit="Millions">
        <r2:ProgramElementNumber>0603176C</r2:ProgramElementNumber>
        <r2:ProgramElementTitle>Advanced Concepts and Performance Assessment</r2:ProgramElementTitle>
        <r2:R1LineNumber>42</r2:R1LineNumber>
        <r2:MdapCode>362</r2:MdapCode>
        <r2:BudgetYear>2026</r2:BudgetYear>
        <r2:BudgetCycle>PB</r2:BudgetCycle>
        <r2:SubmissionDate>2025-06</r2:SubmissionDate>
        <r2:ServiceAgencyName>Missile Defense Agency</r2:ServiceAgencyName>
        <r2:AppropriationCode>0400</r2:AppropriationCode>
        <r2:AppropriationName>Research, Development, Test &amp; Evaluation, Defense-Wide</r2:AppropriationName>
        <r2:BudgetActivityNumber>3</r2:BudgetActivityNumber>
        <r2:BudgetActivityTitle>Advanced Technology Development (ATD)</r2:BudgetActivityTitle>
        <r2:ProgramElementFunding>
            <r2:AllPriorYears>243.926</r2:AllPriorYears>
            <r2:PriorYear>29.019</r2:PriorYear>
            <r2:CurrentYear>17.920</r2:CurrentYear>
            <r2:BudgetYearOne>21.625</r2:BudgetYearOne>
            <r2:BudgetYearOneBase>21.625</r2:BudgetYearOneBase>
        </r2:ProgramElementFunding>
        <r2:ProgramElementNote>Increase from fiscal year (FY) 2025 to FY 2026 provides for investments in technology assessments for kinetic and non-kinetic missile defense concepts.</r2:ProgramElementNote>
        <r2:ProgramElementMissionDescription>The Advanced Concepts and Performance Assessment (ACPA) Program Element delivers a government concept that integrates concept definition, simulation, analysis, and testbed capability.  ACPA's focus is on the exploration of novel and/or emerging capabilities that may have the potential to enhance the Missile Defense System.  ACPA centralizes assessment of advanced missile defense technology and delivers insight into the performance of proposed concepts extending the Missile Defense Agency's (MDA) ability to address evolving threats for the Warfighter. Working with national laboratories and industry, MDA will invest in the analysis and assessment of directed energy system components to determine their effectiveness and capability for missile defense.

Subject Matter Experts provide independent assessments of government, university, and industry technology concepts, used in concert with systems engineering requirements, to support acquisition strategy decisions and define technology focus areas.  The innovative structured concept definition and assessment methodology enables MDA to quickly validate focus areas, verify contractor technology solutions, and evaluate promising concepts in future Missile Defense System architectures. This methodology significantly enhances MDA's ability to assess technology concepts while decreasing the cost of development by:

- Delivering Independent model-based simulations of industry technology concepts to inform the systems engineering process.
- Quantifying expectations through algorithms, digital simulation, hardware-in-the-loop, and/or demonstration events prior to expensive live fire test events.
- Executing end-to-end testing of technology concepts integrated with weapon systems through Command and Control network architectures.
- Maturing and conducting assessments of new technologies to evaluate their readiness for transition to the future Missile Defense System.
- Supports early coordination with the program elements to promote efficient integration into the Missile Defense System and provide additional capability to meet the Warfighter needs.
- Collaborate with partners across Industry, the Office of the Undersecretary of Defense for Research and Engineering, Other Government Agencies, Service Partners, and the National Laboratories to transition advanced technologies into functional areas and programs of record.

Performance assessment of advanced concepts is the key enabler for government evaluation of technology in the earliest stages of development and maximizes the efficiency of technology investments.  Performance assessment is used to quantify capability expectations of innovative concepts to counter the expanding regional and homeland missile threats, including ballistic and cruise missiles, and hypersonic vehicles.</r2:ProgramElementMissionDescription>
        <r2:ChangeSummary>
            <r2:PreviousPresidentBudget>
                <r2:PriorYear>17.825</r2:PriorYear>
                <r2:CurrentYear>17.920</r2:CurrentYear>
                <r2:BudgetYearOne>39.210</r2:BudgetYearOne>
                <r2:BudgetYearOneBase>39.210</r2:BudgetYearOneBase>
            </r2:PreviousPresidentBudget>
            <r2:CurrentPresidentBudget>
                <r2:PriorYear>29.019</r2:PriorYear>
                <r2:CurrentYear>17.920</r2:CurrentYear>
                <r2:BudgetYearOne>21.625</r2:BudgetYearOne>
                <r2:BudgetYearOneBase>21.625</r2:BudgetYearOneBase>
            </r2:CurrentPresidentBudget>
            <r2:TotalAdjustments>
                <r2:PriorYear>11.194</r2:PriorYear>
                <r2:CurrentYear>0.000</r2:CurrentYear>
                <r2:BudgetYearOne>-17.585</r2:BudgetYearOne>
                <r2:BudgetYearOneBase>-17.585</r2:BudgetYearOneBase>
            </r2:TotalAdjustments>
            <r2:AdjustmentDetails>
                <r2:CongressionalGeneralReductions>
                    <r2:PriorYear>0.000</r2:PriorYear>
                    <r2:CurrentYear>0.000</r2:CurrentYear>
                </r2:CongressionalGeneralReductions>
                <r2:CongressionalDirectedReductions>
                    <r2:PriorYear>0.000</r2:PriorYear>
                    <r2:CurrentYear>0.000</r2:CurrentYear>
                </r2:CongressionalDirectedReductions>
                <r2:CongressionalRescissions>
                    <r2:PriorYear>0.000</r2:PriorYear>
                    <r2:CurrentYear>0.000</r2:CurrentYear>
                </r2:CongressionalRescissions>
                <r2:CongressionalAdds>
                    <r2:PriorYear>11.500</r2:PriorYear>
                    <r2:CurrentYear>0.000</r2:CurrentYear>
                </r2:CongressionalAdds>
                <r2:CongressionalDirectedTransfers>
                    <r2:PriorYear>0.000</r2:PriorYear>
                    <r2:CurrentYear>0.000</r2:CurrentYear>
                </r2:CongressionalDirectedTransfers>
                <r2:Reprogrammings>
                    <r2:PriorYear>0.000</r2:PriorYear>
                    <r2:CurrentYear>0.000</r2:CurrentYear>
                </r2:Reprogrammings>
                <r2:SBIRSTTRTransfer>
                    <r2:PriorYear>-0.388</r2:PriorYear>
                    <r2:CurrentYear>0.000</r2:CurrentYear>
                </r2:SBIRSTTRTransfer>
                <r2:OtherAdjustmentDetailList>
                    <r2:OtherAdjustmentDetail>
                        <r2:Title>Other Adjustment</r2:Title>
                        <r2:Funding>
                            <r2:PriorYear>0.082</r2:PriorYear>
                            <r2:CurrentYear>0.000</r2:CurrentYear>
                            <r2:BudgetYearOne>-17.585</r2:BudgetYearOne>
                            <r2:BudgetYearOneBase>-17.585</r2:BudgetYearOneBase>
                        </r2:Funding>
                    </r2:OtherAdjustmentDetail>
                </r2:OtherAdjustmentDetailList>
            </r2:AdjustmentDetails>
            <r2:SummaryExplanation>Congressional Adds Details

FY 2024 Congressional Adds Total $11.5 million

Project: MD71 Advanced Concepts and Performance Assessments
- Long-lived power source for directed energy weapon missile defense satellite system ($5.0 million).
- Hypersonic Hardware-in-the-loop upgrades ($5.0 million).
- Quantum computing threat modeling ($1.5 million).

FY 2026 decrease from PB 2025 to PB 2026 reflects realignment for technology risk reduction and maturation for directed energy systems.</r2:SummaryExplanation>
        </r2:ChangeSummary>
        <r2:ProjectList>
            <r2:Project>
                <r2:ProjectNumber>MD71</r2:ProjectNumber>
                <r2:ProjectTitle>Advanced Concepts and Performance Assessments</r2:ProjectTitle>
                <r2:SpecialProject>0</r2:SpecialProject>
                <r2:ProjectFunding>
                    <r2:AllPriorYears>152.280</r2:AllPriorYears>
                    <r2:PriorYear>24.683</r2:PriorYear>
                    <r2:CurrentYear>13.320</r2:CurrentYear>
                    <r2:BudgetYearOne>16.901</r2:BudgetYearOne>
                    <r2:BudgetYearOneBase>16.901</r2:BudgetYearOneBase>
                </r2:ProjectFunding>
                <r2:R2aExhibit>
                    <r2:ProjectArticles>
                        <r2:PriorYear>0</r2:PriorYear>
                        <r2:CurrentYear>0</r2:CurrentYear>
                        <r2:BudgetYearOne>0</r2:BudgetYearOne>
                        <r2:BudgetYearOneBase>0</r2:BudgetYearOneBase>
                    </r2:ProjectArticles>
                    <r2:ProjectNote>Increase from fiscal year (FY) 2025 to FY 2026 provides for investments in technology assessments for kinetic and non-kinetic missile defense concepts.</r2:ProjectNote>
                    <r2:ProjectMissionDescription>Advanced Concepts and Performance Assessments (ACPA) centralizes advanced technology concept modeling, simulation, software, and analysis.  Integrating models of promising disruptive technical solutions into Missile Defense System system-level simulations enables leadership to make data driven acquisition and technology investment decisions.  Assess concepts that improve or adapt existing systems, such as the addition of mobile sensors or interceptors that can be surged into areas of conflict.  Examples of efforts required to quantify the contribution of disruptive technologies may include, but not limited to environmental experimentation and phenomenological characterization required for new sensor concepts, advanced weapon technologies, and emerging directed energy concepts.  In addition, facilitate stakeholder collaboration on advanced concepts to ensure transition into functional areas and programs of record.  Using a technology development testbed approach, ACPA enables assessment and characterization of disruptive and incremental technology improvements to inform requirements and evaluate missile defense elements, components, and/or sub-component technologies and to assess maturity as it relates to readiness for transition to the future Missile Defense System.  ACPA promotes informed decision making early in the acquisition life-cycle to maximize investments and successful transition into the Missile Defense System.

Coupled with characterization efforts, ACPA develops innovative left-through-right-of-launch modeling capabilities including physics-based representations in the areas of cyber, sensor technologies, lethality and survivability, communications, and sensor support.  ACPA is focusing on Science and Technology initiatives which increase interoperability and leverages expertise with allied and service partners.  

ACPA capitalizes on the innovation of small businesses, universities, Federally Funded Research and Development Centers, and University Affiliated Research Centers to pursue a broad range of hardware, software, models, algorithms, trade studies, and analysis.  These innovations bring together government developed models representing existing and future missile defense architectures, technology concepts, and advanced algorithms to provide detailed assessments of concept performance and inform investment decisions. These innovations, combined with a robust high performance computing infrastructure, provide a unique in-house government capability to demonstrate and assess technology concepts for emerging technology risk reduction, to mature concepts with laboratory, ground, and flight test data, and where possible, apply concepts in simulated exercises with weapon systems across representative communication architectures.

Advanced Concepts for Disruptive Cyber assesses technology and techniques, which move beyond the incremental gains in power balance with a focus on expanding the domain and reach of Missile Defense Agency (MDA) capabilities as well as those with asymmetric countermeasures whether in cost, effect, or defensibility.</r2:ProjectMissionDescription>
                    <r2:AccomplishmentPlannedProgramList>
                        <r2:AccomplishmentPlannedProgram>
                            <r2:Title>Advanced Concepts and Performance Assessment</r2:Title>
                            <r2:Description>Provide quantitative assessments that define the benefits of technology investments and inform requirements using an integrated concept definition, simulation, and performance analysis capability.  A staff of diverse Subject Matter Experts delivers independent government performance evaluations, which exercise kinetic and non-kinetic missile defense concept representations against the broad spectrum of evolving threats.  

- Assess electro-optical infrared and advanced sensor technologies and quantify impacts on Missile Defense System to address future threat capabilities.
- Provide independent government assessments of industry sensor, directed energy and weapon system technology concepts, and the ability of these systems to be integrated for a more effective Missile Defense System.
- Evaluate lethality impacts and weapons effectiveness of emerging concepts.
- Examine pathfinder solutions and demonstrate the utility of directed energy for missile defense.
- Study on-orbit satellite capabilities and contribution to defense against advanced threats.
- Assess and identify promising intercept capabilities across all phases of flight.
- Perform concept performance against emerging advanced threats including hypersonic threat testing scenarios.
- Develop and extend modeling techniques to enhance Missile Defense System technologies.
- Mature advanced technology concepts in a testbed environment and through lab, ground, and flight demonstrations.
- Apply concepts in simulated exercises with weapon systems. 
- Work with the Missile Defense System Architect and MDA Systems Engineer to design concepts, build models and assess technology concepts' contributions to future Missile Defense System architectures.
- Focus research and engineering activities from university and small business partners to identify suitable technology and concepts that improve Missile Defense System performance through a rapid innovation model based on an engineering test bed.
- Assess multi-domain data fusion concept for current or future weapon systems.</r2:Description>
                            <r2:Accomplishment>
                                <r2:PriorYear>
                                    <r2:Funding>24.683</r2:Funding>
                                    <r2:Articles>0</r2:Articles>
                                </r2:PriorYear>
                            </r2:Accomplishment>
                            <r2:PlannedProgram>
                                <r2:CurrentYear>
                                    <r2:Funding>13.320</r2:Funding>
                                    <r2:Articles>0</r2:Articles>
                                    <r2:Text>- SEE ABOVE.</r2:Text>
                                </r2:CurrentYear>
                                <r2:BudgetYearOne>
                                    <r2:Funding>16.901</r2:Funding>
                                    <r2:Articles>0</r2:Articles>
                                </r2:BudgetYearOne>
                                <r2:BudgetYearOneBase>
                                    <r2:Funding>16.901</r2:Funding>
                                    <r2:Articles>0</r2:Articles>
                                    <r2:Text>- SEE ABOVE.</r2:Text>
                                </r2:BudgetYearOneBase>
                                <r2:AppChangeSummary>Increase from FY 2025 to FY 2026 provides for investments in technology assessments for kinetic and non-kinetic missile defense concepts.</r2:AppChangeSummary>
                            </r2:PlannedProgram>
                        </r2:AccomplishmentPlannedProgram>
                    </r2:AccomplishmentPlannedProgramList>
                    <r2:OtherProgramFundingSummaryList>
                        <r2:OtherProgramFundingSummary>
                            <r2:LineItem>0603180C</r2:LineItem>
                            <r2:Title>Advanced Research</r2:Title>
                            <r2:Funding>
                                <r2:PriorYear>61.537</r2:PriorYear>
                                <r2:CurrentYear>46.854</r2:CurrentYear>
                                <r2:BudgetYearOne>42.093</r2:BudgetYearOne>
                                <r2:BudgetYearOneBase>42.093</r2:BudgetYearOneBase>
                            </r2:Funding>
                        </r2:OtherProgramFundingSummary>
                    </r2:OtherProgramFundingSummaryList>
                    <r2:AcquisitionStrategy>The MDA recognizes the need for a flexible acquisition strategy to support technology development efforts in today's rapidly evolving technical landscape.  A flexible approach allows the MDA to adapt to changing requirements and emerging opportunities, leveraging tools such as industry partnerships, competitive procurements, and collaborations with research centers and Other Government Agencies to drive innovation and responsiveness, and deliver cutting-edge technology solutions.</r2:AcquisitionStrategy>
                </r2:R2aExhibit>
            </r2:Project>
            <r2:Project>
                <r2:ProjectNumber>MD40</r2:ProjectNumber>
                <r2:ProjectTitle>Program-Wide Support</r2:ProjectTitle>
                <r2:SpecialProject>0</r2:SpecialProject>
                <r2:ProjectFunding>
                    <r2:AllPriorYears>5.436</r2:AllPriorYears>
                    <r2:PriorYear>0.634</r2:PriorYear>
                    <r2:CurrentYear>0.690</r2:CurrentYear>
                    <r2:BudgetYearOne>0.749</r2:BudgetYearOne>
                    <r2:BudgetYearOneBase>0.749</r2:BudgetYearOneBase>
                </r2:ProjectFunding>
                <r2:R2aExhibit>
                    <r2:ProjectArticles>
                        <r2:PriorYear>0</r2:PriorYear>
                        <r2:CurrentYear>0</r2:CurrentYear>
                        <r2:BudgetYearOne>0</r2:BudgetYearOne>
                        <r2:BudgetYearOneBase>0</r2:BudgetYearOneBase>
                    </r2:ProjectArticles>
                    <r2:ProjectNote>Program Wide Support (PWS) is allocated on a pro-rata basis across multiple Agency Program Elements (PEs) each fiscal year (FY) based on the total Agency budget and therefore, fluctuates per PE by FY.</r2:ProjectNote>
                    <r2:ProjectMissionDescription>PWS contains non-headquarters management costs in support of the Missile Defense Agency (MDA) functions and activities across the entire Missile Defense System. These functions include Government Civilians and Contract Support Services. This effort provides integrity and oversight of the Missile Defense System as well as supports MDA in the development and evaluation of technologies that will respond to the changing threat. Additionally, PWS includes personnel to support global deployments performing deployment site preparation and activation, and provides facility capabilities for MDA Executing Agent locations worldwide. Other MDA wide costs include: physical and technical security; civilian drug testing; audit readiness; the Science, Technology, Engineering, and Mathematics (STEM) program; legal services and settlements; travel and agency training; office, equipment, vehicle, and warehouse leases; utilities and base operations across multiple geographic locations; commercial and ancillary facility services; management of all facility aspects regardless of lifecycle stage; supplies and maintenance; compliance with statutory environmental requirements; data and unified communications support; materiel and readiness and central property management of equipment; Facilities Sustainment, Restoration and Modernization (FSRM) program (formerly Real Property Maintenance) to keep the Department's inventory of facilities in good working order; and similar operating expenses. PWS is allocated on a pro-rata basis across most Agency PEs and therefore fluctuates per PE by FY based on the total Agency budget in that FY.</r2:ProjectMissionDescription>
                    <r2:AccomplishmentPlannedProgramList>
                        <r2:AccomplishmentPlannedProgram>
                            <r2:Title>Program Wide Support</r2:Title>
                            <r2:Description>PWS contains non-headquarters management costs in support of MDA functions and activities across the entire Missile Defense System. These functions include Government Civilians and Contract Support Services. This effort provides integrity and oversight of the Missile Defense System as well as supports MDA in the development and evaluation of technologies that will respond to the changing threat. Additionally, PWS includes personnel to support global deployments performing deployment site preparation and activation, and provides facility capabilities for MDA Executing Agent locations worldwide. Other MDA wide costs include: physical and technical security; civilian drug testing; audit readiness; the STEM program; legal services and settlements; travel and agency training; office, equipment, vehicle, and warehouse leases; utilities and base operations across multiple geographic locations; commercial and ancillary facility services; management of all facility aspects regardless of lifecycle stage; supplies and maintenance; compliance with statutory environmental requirements; data and unified communications support; materiel and readiness and central property management of equipment; the FSRM program to keep the Department's inventory of facilities in good working order; and similar operating expenses. PWS is allocated on a pro-rata basis across most Agency PEs and therefore fluctuates per PE by FY based on the total Agency budget in that FY.

Specific and/or unique accomplishments to each FY are as follows:</r2:Description>
                            <r2:Accomplishment>
                                <r2:PriorYear>
                                    <r2:Funding>0.634</r2:Funding>
                                    <r2:Articles>0</r2:Articles>
                                </r2:PriorYear>
                            </r2:Accomplishment>
                            <r2:PlannedProgram>
                                <r2:CurrentYear>
                                    <r2:Funding>0.690</r2:Funding>
                                    <r2:Articles>0</r2:Articles>
                                    <r2:Text>- SEE ABOVE.</r2:Text>
                                </r2:CurrentYear>
                                <r2:BudgetYearOne>
                                    <r2:Funding>0.749</r2:Funding>
                                    <r2:Articles>0</r2:Articles>
                                </r2:BudgetYearOne>
                                <r2:BudgetYearOneBase>
                                    <r2:Funding>0.749</r2:Funding>
                                    <r2:Articles>0</r2:Articles>
                                    <r2:Text>- SEE ABOVE.</r2:Text>
                                </r2:BudgetYearOneBase>
                                <r2:AppChangeSummary>Increase from FY 2025 to FY 2026 provides for the PWS allocation on a pro-rata basis across multiple Agency PE's each FY based on the total Agency budget, and therefore fluctuates per PE by FY.</r2:AppChangeSummary>
                            </r2:PlannedProgram>
                        </r2:AccomplishmentPlannedProgram>
                    </r2:AccomplishmentPlannedProgramList>
                    <r2:AcquisitionStrategy>The acquisition strategy for MDA Consolidated Support consists of contract actions to industry for: a) Engineering and technical support; b) studies, analyses, and evaluations; and c) management and professional services to MDA functional organizations and program offices.  With a focus to achieve Small Business goals, MDA is leveraging existing contracts and will competitively award new contracts to meet MDA's FYs 2020-2030 Advisory and Assistance Services support.</r2:AcquisitionStrategy>
                </r2:R2aExhibit>
            </r2:Project>
            <r2:Project>
                <r2:ProjectNumber>MC71</r2:ProjectNumber>
                <r2:ProjectTitle>Cyber Operations</r2:ProjectTitle>
                <r2:SpecialProject>0</r2:SpecialProject>
                <r2:ProjectFunding>
                    <r2:AllPriorYears>86.210</r2:AllPriorYears>
                    <r2:PriorYear>3.702</r2:PriorYear>
                    <r2:CurrentYear>3.910</r2:CurrentYear>
                    <r2:BudgetYearOne>3.975</r2:BudgetYearOne>
                    <r2:BudgetYearOneBase>3.975</r2:BudgetYearOneBase>
                </r2:ProjectFunding>
                <r2:R2aExhibit>
                    <r2:ProjectArticles>
                        <r2:PriorYear>0</r2:PriorYear>
                        <r2:CurrentYear>0</r2:CurrentYear>
                        <r2:BudgetYearOne>0</r2:BudgetYearOne>
                        <r2:BudgetYearOneBase>0</r2:BudgetYearOneBase>
                    </r2:ProjectArticles>
                    <r2:ProjectNote>N/A</r2:ProjectNote>
                    <r2:ProjectMissionDescription>This project supports the monitoring and tracking of Cybersecurity mitigations as required in the Department of Defense (DoD) Instruction Number 8510.01, as amended which establishes Risk Management Framework (RMF) requirements for DoD Information Technology (IT).  Funds in this project implement and sustain DoD-required RMF and associated Controls Validation Testing activities, analysis of validation results, risk assessments and reviews of proposed Program Manager/Information Assurance System Security Manager Plans of Action and Milestones (POAMs) for enabling modeling and simulation mission systems.  This project captures the RMF documentation (artifacts, validation results, Information Assurance (IA) risk assessment results, and the Missile Defense Agency (MDA) Authorizing Official and Chief Information Officer accreditation decisions) into the Defense Information Systems Agency's Enterprise Mission Assurance Support Service system.  Hardware and software upgrades required to meet DoD standards are supported by funding in this project. Independent verification and validation team actions ensure the availability, integrity, authentication, confidentiality and non-repudiation of the MDA mission, test and administrative systems.  Activities in the project are necessary to comply with the Federal Information Security Management Act.</r2:ProjectMissionDescription>
                    <r2:AccomplishmentPlannedProgramList>
                        <r2:AccomplishmentPlannedProgram>
                            <r2:Title>Information Assurance / Cyber Network Defense</r2:Title>
                            <r2:Description>Funds RMF, network defense, and information technology requirements including: 
- Conduct Cybersecurity and/or IA engineering and architecture planning.
- Maintain hardware and/or software currency to meet DoD-mandated cybersecurity requirements.
- Support monitoring and tracking of Cybersecurity mitigations detailed in IT security POAM.
- Develop DoD RMF certification and accreditation packages.
- Conduct controls validation testing of systems and to provide POAM to mitigate IA deficiencies. 
- Conduct annual IA reviews to assess compliance in implementing and maintaining IA controls.

Specific and/or unique accomplishments to each FY are as follows:</r2:Description>
                            <r2:Accomplishment>
                                <r2:PriorYear>
                                    <r2:Funding>3.702</r2:Funding>
                                    <r2:Articles>0</r2:Articles>
                                </r2:PriorYear>
                            </r2:Accomplishment>
                            <r2:PlannedProgram>
                                <r2:CurrentYear>
                                    <r2:Funding>3.910</r2:Funding>
                                    <r2:Articles>0</r2:Articles>
                                    <r2:Text>- SEE ABOVE.</r2:Text>
                                </r2:CurrentYear>
                                <r2:BudgetYearOne>
                                    <r2:Funding>3.975</r2:Funding>
                                    <r2:Articles>0</r2:Articles>
                                </r2:BudgetYearOne>
                                <r2:BudgetYearOneBase>
                                    <r2:Funding>3.975</r2:Funding>
                                    <r2:Articles>0</r2:Articles>
                                    <r2:Text>- SEE ABOVE.</r2:Text>
                                </r2:BudgetYearOneBase>
                                <r2:AppChangeSummary>N/A</r2:AppChangeSummary>
                            </r2:PlannedProgram>
                        </r2:AccomplishmentPlannedProgram>
                    </r2:AccomplishmentPlannedProgramList>
                    <r2:AcquisitionStrategy>To effectively support the acquisition of advanced information systems and associated cyber efforts, the MDA requires a flexible acquisition strategy.  This approach enables us to rapidly respond to evolving cyber threats, capitalize on emerging technologies, and deliver secure and resilient information systems that meet our mission needs.</r2:AcquisitionStrategy>
                </r2:R2aExhibit>
            </r2:Project>
        </r2:ProjectList>
    </r2:ProgramElement>
</r2:ProgramElementList>