<?xml version="1.0" encoding="utf-8"?>
<!DOCTYPE hibernate-mapping PUBLIC "-//Hibernate/Hibernate Mapping DTD 3.0//EN"
"http://hibernate.sourceforge.net/hibernate-mapping-3.0.dtd">

<hibernate-mapping>
  <class name="mil.dtic.cbes.submissions.ValueObjects.procurement.LineItem" table="$proc_line_item">
    <id name="id" type="java.lang.Integer">
      <column name="li_ID" />
      <generator class="native" />
    </id>
    <property name="p1LineItemNumber" type="int" column="li_P1_seq" />
    <property name="lineItemNumber" type="string" column="li_P1_item_num" />
    <property name="budgetYear" type="int" column="li_bdgt_yr" />
    <!-- <property name="budgetCycle" type="string" column="li_bdgt_cycle" /> -->
   <!--  <property name="displayOrder" type="int" column="li_display_order" /> -->
    <!-- <property name="serialNumber" type="string" column="li_serial_num" />  -->
    <property name="lineItemTitle" type="string" column="li_P1_title" />
    <!-- <property name="suffix" type="java.util.Date" column="li_submit_date" /> -->
    <!--  <property name="codeBProgramElements" type="string" column="li_code_B_PE" />  -->
    <property name="code" type="string" column="li_ID_code" />
    <!-- <property name="otherRelatedProgramElements" type="string" column="li_related_PE" />  -->
    <property name="dateCreated" type="date" column="date_created" />
    <property name="dateModified" type="date" column="date_modified" />
    <property name="description" type="string" column="li_desc" />
    <!-- 
    <property name="suffix" type="int" column="li_ID" />
    <property name="suffix" type="int" column="bsa_ID" />
    -->
    <many-to-one name="agency" class="mil.dtic.cbes.submissions.ValueObjects.ServiceAgency" column="sa_ID" />
    <!--
    <set name="itemGroupList" inverse="true" cascade="save-update" order-by="categoryName,displayOrder">
      <key>
        <column name="li_id" not-null="true" />
      </key>
      <one-to-many class="mil.dtic.cbes.submissions.ValueObjects.procurement.ItemGroup" />
    </set>
    -->
  </class>
</hibernate-mapping>
