<?xml version="1.0" encoding="UTF-8"?>
<proc:LineItemList xmlns:proc="http://www.dtic.mil/comptroller/xml/schema/20100219/procurement">
<proc:LineItem quantityUnits="Each" quantityUnitName="Each" unitCostUnits="Millions" totalCostUnits="Millions" manufacturerRateUnits="Yearly" combinedP5Flag="false" APOnlyFlag="false" p40Short="false" multiYearProcurementSystem="[START-mhyf9vsV]I recently had the good fortune to meet the distinguished author and scholar Jacques Attali, whose bookLignes d'horizons (Millennium, in the English translation) helped inspire the Java and Jini approach to the coming age of pervasive computing, as previously described in this magazine. In his new bookFraternits, Attali describes how our dreams of utopia have changed over time:&quot;At the dawn of societies, men saw their passage on Earth as nothing more than a labyrinth of pain, at the end of which stood a door leading, via their death, to the company of gods and toEternity. With the Hebrews and then the Greeks, some men dared free themselves from theological demands and dream of an ideal City whereLiberty would flourish. Others, noting the evolution of the market society, understood that the liberty of some would entail the alienation of others, and they soughtEquality.&quot;Jacques helped me understand how these three different utopian goals exist in tension in our society today. He goes on to describe a fourth utopia,Fraternity, whose foundation is altruism. Fraternity alone associates individual happiness with the happiness of others, affording the promise of self-sustainment.This crystallized for me my problem with Kurzweil's dream. A technological approach to Eternity - near immortality through robotics - may not be the most desirable utopia, and its pursuit brings clear dangers. Maybe we should rethink our utopian choices.Where can we look for a new ethical basis to set our course? I have found the ideas in the book Ethics for the New Millennium, by the Dalai Lama, to be very helpful. As is perhaps well known but little heeded, the Dalai Lama argues that the most important thing is for us to conduct our lives with love and compassion for others, and that our societies need to develop a stronger notion of universal responsibility and of our interdependency; he proposes a standard of positive ethical conduct for individuals and societies that seems consonant with Attali's Fraternity utopia.The Dalai Lama further argues that we must understand what it is that makes people happy, and acknowledge the strong evidence that neither material progress nor the pursuit of the power of knowledge is the key - that there are limits to what science and the scientific pursuit alone can do.Our Western notion of happiness seems to come from the Greeks, who defined it as &quot;the exercise of vital powers along lines of excellence in a life affording them scope.&quot; 15Clearly, we need to find meaningful challenges and sufficient scope in our lives if we are to be happy in whatever is to come. But I believe we must find alternative outlets for our creative forces, beyond the culture of perpetual economic growth; this growth has largely been a blessing for several hundred years, but it has not brought us unalloyed happiness, and we must now choose between the pursuit of unrestricted and undirected growth through science and technology and the clear accompanying dangers.It is now more than a year since my first encounter with Ray Kurzweil and John Searle. I see around me cause for hope in the voices for caution and relinquishment and in those people I have discovered who are as concerned as I am about our current predicament. I feel, too, a deepened sense of personal responsibility - not for the work I have already done, but for the work that I might yet do, at the confluence of the sciences.But many other people who know about the dangers still seem strangely silent. When pressed, they trot out the &quot;this is nothing new&quot; riposte - as if awareness of what could happen is response enough. They tell me, There are universities filled with bioethicists who study this stuff all day long. They say, All this has been written about before, and by experts. They complain, Your worries and your arguments are already old hat.I don't know where these people hide their fear. As an architect of complex systems I enter this arena as a generalist. But should this diminish my concerns? I am aware of how much has been written about, talked abou[END-mhyf9vsV]" suppressAdvanceProcurementP40="false">
<proc:LineItemNumber>5044AZ3507</proc:LineItemNumber>
<proc:LineItemTitle>(UNHANDLED)</proc:LineItemTitle>
<proc:P1LineNumber>3(().]]]74</proc:P1LineNumber>
<proc:BudgetYear>2016</proc:BudgetYear>
<proc:BudgetCycle>BES</proc:BudgetCycle>
<proc:SubmissionDate>2014-09</proc:SubmissionDate>
<proc:ServiceAgencyName>zzz PROCUREMENT DEMO AGENCY</proc:ServiceAgencyName>
<proc:AppropriationNumber>0300D</proc:AppropriationNumber>
<proc:AppropriationTitle>Procurement, Defense-Wide</proc:AppropriationTitle>
<proc:BudgetActivityNumber>1</proc:BudgetActivityNumber>
<proc:BudgetActivityTitle>Major Equipment</proc:BudgetActivityTitle>
<proc:BudgetSubActivityNumber>1</proc:BudgetSubActivityNumber>
<proc:BudgetSubActivityTitle>Major Equipment, OSD</proc:BudgetSubActivityTitle>
<proc:ResourceSummary>
<proc:Quantity>
<proc:AllPriorYears footnote="LineItemList/LineItem/ResourceSummary/Quantity/AllPriorYears/@footnote/">70173.99</proc:AllPriorYears>
<proc:PriorYear footnote="LineItemList/LineItem/ResourceSummary/Quantity/PriorYear/@footnote/">68942.154</proc:PriorYear>
<proc:CurrentYear footnote="LineItemList/LineItem/ResourceSummary/Quantity/CurrentYear/@footnote/">1109.351</proc:CurrentYear>
<proc:BudgetYearOneBase footnote="LineItemList/LineItem/ResourceSummary/Quantity/BudgetYearOneBase/@footnote/">45259.207</proc:BudgetYearOneBase>
<proc:BudgetYearOneOOC footnote="LineItemList/LineItem/ResourceSummary/Quantity/BudgetYearOneOOC/@footnote/">38664.486</proc:BudgetYearOneOOC>
<proc:BudgetYearOne footnote="LineItemList/LineItem/ResourceSummary/Quantity/BudgetYearOne/@footnote/">43632.013</proc:BudgetYearOne>
<proc:BudgetYearTwo footnote="LineItemList/LineItem/ResourceSummary/Quantity/BudgetYearTwo/@footnote/">97390.209</proc:BudgetYearTwo>
<proc:BudgetYearThree footnote="LineItemList/LineItem/ResourceSummary/Quantity/BudgetYearThree/@footnote/">41851.073</proc:BudgetYearThree>
<proc:BudgetYearFour footnote="LineItemList/LineItem/ResourceSummary/Quantity/BudgetYearFour/@footnote/">69737.948</proc:BudgetYearFour>
<proc:BudgetYearFive footnote="LineItemList/LineItem/ResourceSummary/Quantity/BudgetYearFive/@footnote/">7856.976</proc:BudgetYearFive>
<proc:ToComplete footnote="LineItemList/LineItem/ResourceSummary/Quantity/ToComplete/@footnote/">16665.683</proc:ToComplete>
<proc:Total footnote="LineItemList/LineItem/ResourceSummary/Quantity/Total/@footnote/">65128.703</proc:Total></proc:Quantity>
<proc:TotalCost>
<proc:AllPriorYears footnote="LineItemList/LineItem/ResourceSummary/TotalCost/AllPriorYears/@footnote/">77892.225</proc:AllPriorYears>
<proc:PriorYear footnote="LineItemList/LineItem/ResourceSummary/TotalCost/PriorYear/@footnote/">-22194.685</proc:PriorYear>
<proc:CurrentYear footnote="LineItemList/LineItem/ResourceSummary/TotalCost/CurrentYear/@footnote/">93620.24</proc:CurrentYear>
<proc:BudgetYearOneBase footnote="LineItemList/LineItem/ResourceSummary/TotalCost/BudgetYearOneBase/@footnote/">-49236.085</proc:BudgetYearOneBase>
<proc:BudgetYearOneOOC footnote="LineItemList/LineItem/ResourceSummary/TotalCost/BudgetYearOneOOC/@footnote/">-34089.427</proc:BudgetYearOneOOC>
<proc:BudgetYearOne footnote="LineItemList/LineItem/ResourceSummary/TotalCost/BudgetYearOne/@footnote/">-23815.452</proc:BudgetYearOne>
<proc:BudgetYearTwo footnote="LineItemList/LineItem/ResourceSummary/TotalCost/BudgetYearTwo/@footnote/">-48936.977</proc:BudgetYearTwo>
<proc:BudgetYearThree footnote="LineItemList/LineItem/ResourceSummary/TotalCost/BudgetYearThree/@footnote/">5340.952</proc:BudgetYearThree>
<proc:BudgetYearFour footnote="LineItemList/LineItem/ResourceSummary/TotalCost/BudgetYearFour/@footnote/">97788.509</proc:BudgetYearFour>
<proc:BudgetYearFive footnote="LineItemList/LineItem/ResourceSummary/TotalCost/BudgetYearFive/@footnote/">-76596.69</proc:BudgetYearFive>
<proc:ToComplete footnote="LineItemList/LineItem/ResourceSummary/TotalCost/ToComplete/@footnote/">95325.612</proc:ToComplete>
<proc:Total footnote="LineItemList/LineItem/ResourceSummary/TotalCost/Total/@footnote/">-6244.333</proc:Total></proc:TotalCost>
<proc:UnitCost>
<proc:AllPriorYears footnote="LineItemList/LineItem/ResourceSummary/UnitCost/AllPriorYears/@footnote/">14943.594</proc:AllPriorYears>
<proc:PriorYear footnote="LineItemList/LineItem/ResourceSummary/UnitCost/PriorYear/@footnote/">95858.411</proc:PriorYear>
<proc:CurrentYear footnote="LineItemList/LineItem/ResourceSummary/UnitCost/CurrentYear/@footnote/">-82287.641</proc:CurrentYear>
<proc:BudgetYearOneBase footnote="LineItemList/LineItem/ResourceSummary/UnitCost/BudgetYearOneBase/@footnote/">-16540.206</proc:BudgetYearOneBase>
<proc:BudgetYearOneOOC footnote="LineItemList/LineItem/ResourceSummary/UnitCost/BudgetYearOneOOC/@footnote/">61247.504</proc:BudgetYearOneOOC>
<proc:BudgetYearOne footnote="LineItemList/LineItem/ResourceSummary/UnitCost/BudgetYearOne/@footnote/">-69956.956</proc:BudgetYearOne>
<proc:BudgetYearTwo footnote="LineItemList/LineItem/ResourceSummary/UnitCost/BudgetYearTwo/@footnote/">-41865.69</proc:BudgetYearTwo>
<proc:BudgetYearThree footnote="LineItemList/LineItem/ResourceSummary/UnitCost/BudgetYearThree/@footnote/">-82583.732</proc:BudgetYearThree>
<proc:BudgetYearFour footnote="LineItemList/LineItem/ResourceSummary/UnitCost/BudgetYearFour/@footnote/">78469.213</proc:BudgetYearFour>
<proc:BudgetYearFive footnote="LineItemList/LineItem/ResourceSummary/UnitCost/BudgetYearFive/@footnote/">-83806.532</proc:BudgetYearFive>
<proc:ToComplete footnote="LineItemList/LineItem/ResourceSummary/UnitCost/ToComplete/@footnote/">-88873.911</proc:ToComplete>
<proc:Total footnote="LineItemList/LineItem/ResourceSummary/UnitCost/Total/@footnote/">-13414.84</proc:Total></proc:UnitCost>
<proc:PYAdvanceProcurement>
<proc:AllPriorYears footnote="LineItemList/LineItem/ResourceSummary/PYAdvanceProcurement/AllPriorYears/@footnote/">9388.864</proc:AllPriorYears>
<proc:PriorYear footnote="LineItemList/LineItem/ResourceSummary/PYAdvanceProcurement/PriorYear/@footnote/">27774.16</proc:PriorYear>
<proc:CurrentYear footnote="LineItemList/LineItem/ResourceSummary/PYAdvanceProcurement/CurrentYear/@footnote/">29662.869</proc:CurrentYear>
<proc:BudgetYearOneBase footnote="LineItemList/LineItem/ResourceSummary/PYAdvanceProcurement/BudgetYearOneBase/@footnote/">95598.05</proc:BudgetYearOneBase>
<proc:BudgetYearOneOOC footnote="LineItemList/LineItem/ResourceSummary/PYAdvanceProcurement/BudgetYearOneOOC/@footnote/">36642.519</proc:BudgetYearOneOOC>
<proc:BudgetYearOne footnote="LineItemList/LineItem/ResourceSummary/PYAdvanceProcurement/BudgetYearOne/@footnote/">82410.147</proc:BudgetYearOne>
<proc:BudgetYearTwo footnote="LineItemList/LineItem/ResourceSummary/PYAdvanceProcurement/BudgetYearTwo/@footnote/">64013.562</proc:BudgetYearTwo>
<proc:BudgetYearThree footnote="LineItemList/LineItem/ResourceSummary/PYAdvanceProcurement/BudgetYearThree/@footnote/">30221.122</proc:BudgetYearThree>
<proc:BudgetYearFour footnote="LineItemList/LineItem/ResourceSummary/PYAdvanceProcurement/BudgetYearFour/@footnote/">46965.162</proc:BudgetYearFour>
<proc:BudgetYearFive footnote="LineItemList/LineItem/ResourceSummary/PYAdvanceProcurement/BudgetYearFive/@footnote/">67556.449</proc:BudgetYearFive>
<proc:Continuing footnote="LineItemList/LineItem/ResourceSummary/PYAdvanceProcurement/Continuing/@footnote/">true</proc:Continuing></proc:PYAdvanceProcurement>
<proc:LessCostToComplete>
<proc:AllPriorYears footnote="LineItemList/LineItem/ResourceSummary/LessCostToComplete/AllPriorYears/@footnote/">67929.936</proc:AllPriorYears>
<proc:PriorYear footnote="LineItemList/LineItem/ResourceSummary/LessCostToComplete/PriorYear/@footnote/">25994.277</proc:PriorYear>
<proc:CurrentYear footnote="LineItemList/LineItem/ResourceSummary/LessCostToComplete/CurrentYear/@footnote/">60288.383</proc:CurrentYear>
<proc:BudgetYearOneBase footnote="LineItemList/LineItem/ResourceSummary/LessCostToComplete/BudgetYearOneBase/@footnote/">91198.892</proc:BudgetYearOneBase>
<proc:BudgetYearOneOOC footnote="LineItemList/LineItem/ResourceSummary/LessCostToComplete/BudgetYearOneOOC/@footnote/">77173.528</proc:BudgetYearOneOOC>
<proc:BudgetYearOne footnote="LineItemList/LineItem/ResourceSummary/LessCostToComplete/BudgetYearOne/@footnote/">55347.539</proc:BudgetYearOne>
<proc:BudgetYearTwo footnote="LineItemList/LineItem/ResourceSummary/LessCostToComplete/BudgetYearTwo/@footnote/">58006.291</proc:BudgetYearTwo>
<proc:BudgetYearThree footnote="LineItemList/LineItem/ResourceSummary/LessCostToComplete/BudgetYearThree/@footnote/">81400.456</proc:BudgetYearThree>
<proc:BudgetYearFour footnote="LineItemList/LineItem/ResourceSummary/LessCostToComplete/BudgetYearFour/@footnote/">91518.09</proc:BudgetYearFour>
<proc:BudgetYearFive footnote="LineItemList/LineItem/ResourceSummary/LessCostToComplete/BudgetYearFive/@footnote/">15106.804</proc:BudgetYearFive>
<proc:ToComplete footnote="LineItemList/LineItem/ResourceSummary/LessCostToComplete/ToComplete/@footnote/">79309.143</proc:ToComplete>
<proc:Total footnote="LineItemList/LineItem/ResourceSummary/LessCostToComplete/Total/@footnote/">84164.334</proc:Total></proc:LessCostToComplete>
<proc:LessSubsequentYearFullFunding>
<proc:AllPriorYears footnote="LineItemList/LineItem/ResourceSummary/LessSubsequentYearFullFunding/AllPriorYears/@footnote/">98547.179</proc:AllPriorYears>
<proc:PriorYear footnote="LineItemList/LineItem/ResourceSummary/LessSubsequentYearFullFunding/PriorYear/@footnote/">15812.041</proc:PriorYear>
<proc:CurrentYear footnote="LineItemList/LineItem/ResourceSummary/LessSubsequentYearFullFunding/CurrentYear/@footnote/">72891.203</proc:CurrentYear>
<proc:BudgetYearOneBase footnote="LineItemList/LineItem/ResourceSummary/LessSubsequentYearFullFunding/BudgetYearOneBase/@footnote/">33648.913</proc:BudgetYearOneBase>
<proc:BudgetYearOneOOC footnote="LineItemList/LineItem/ResourceSummary/LessSubsequentYearFullFunding/BudgetYearOneOOC/@footnote/">15351.925</proc:BudgetYearOneOOC>
<proc:BudgetYearOne footnote="LineItemList/LineItem/ResourceSummary/LessSubsequentYearFullFunding/BudgetYearOne/@footnote/">75017.339</proc:BudgetYearOne>
<proc:BudgetYearTwo footnote="LineItemList/LineItem/ResourceSummary/LessSubsequentYearFullFunding/BudgetYearTwo/@footnote/">60359.155</proc:BudgetYearTwo>
<proc:BudgetYearThree footnote="LineItemList/LineItem/ResourceSummary/LessSubsequentYearFullFunding/BudgetYearThree/@footnote/">4308.076</proc:BudgetYearThree>
<proc:BudgetYearFour footnote="LineItemList/LineItem/ResourceSummary/LessSubsequentYearFullFunding/BudgetYearFour/@footnote/">61144.723</proc:BudgetYearFour>
<proc:BudgetYearFive footnote="LineItemList/LineItem/ResourceSummary/LessSubsequentYearFullFunding/BudgetYearFive/@footnote/">1538.788</proc:BudgetYearFive>
<proc:Continuing footnote="LineItemList/LineItem/ResourceSummary/LessSubsequentYearFullFunding/Continuing/@footnote/">true</proc:Continuing></proc:LessSubsequentYearFullFunding>
<proc:LessPriorYearFullFunding>
<proc:AllPriorYears footnote="LineItemList/LineItem/ResourceSummary/LessPriorYearFullFunding/AllPriorYears/@footnote/">75577.484</proc:AllPriorYears>
<proc:PriorYear footnote="LineItemList/LineItem/ResourceSummary/LessPriorYearFullFunding/PriorYear/@footnote/">35096.536</proc:PriorYear>
<proc:CurrentYear footnote="LineItemList/LineItem/ResourceSummary/LessPriorYearFullFunding/CurrentYear/@footnote/">83277.263</proc:CurrentYear>
<proc:BudgetYearOneBase footnote="LineItemList/LineItem/ResourceSummary/LessPriorYearFullFunding/BudgetYearOneBase/@footnote/">2245.027</proc:BudgetYearOneBase>
<proc:BudgetYearOneOOC footnote="LineItemList/LineItem/ResourceSummary/LessPriorYearFullFunding/BudgetYearOneOOC/@footnote/">80222.451</proc:BudgetYearOneOOC>
<proc:BudgetYearOne footnote="LineItemList/LineItem/ResourceSummary/LessPriorYearFullFunding/BudgetYearOne/@footnote/">49571.455</proc:BudgetYearOne>
<proc:BudgetYearTwo footnote="LineItemList/LineItem/ResourceSummary/LessPriorYearFullFunding/BudgetYearTwo/@footnote/">46748.943</proc:BudgetYearTwo>
<proc:BudgetYearThree footnote="LineItemList/LineItem/ResourceSummary/LessPriorYearFullFunding/BudgetYearThree/@footnote/">90739.205</proc:BudgetYearThree>
<proc:BudgetYearFour footnote="LineItemList/LineItem/ResourceSummary/LessPriorYearFullFunding/BudgetYearFour/@footnote/">19976.43</proc:BudgetYearFour>
<proc:BudgetYearFive footnote="LineItemList/LineItem/ResourceSummary/LessPriorYearFullFunding/BudgetYearFive/@footnote/">82537.852</proc:BudgetYearFive>
<proc:Continuing footnote="LineItemList/LineItem/ResourceSummary/LessPriorYearFullFunding/Continuing/@footnote/">true</proc:Continuing></proc:LessPriorYearFullFunding>
<proc:NetProcurementP1>
<proc:AllPriorYears footnote="LineItemList/LineItem/ResourceSummary/NetProcurementP1/AllPriorYears/@footnote/">63014.395</proc:AllPriorYears>
<proc:PriorYear footnote="LineItemList/LineItem/ResourceSummary/NetProcurementP1/PriorYear/@footnote/">28160.044</proc:PriorYear>
<proc:CurrentYear footnote="LineItemList/LineItem/ResourceSummary/NetProcurementP1/CurrentYear/@footnote/">78079.514</proc:CurrentYear>
<proc:BudgetYearOneBase footnote="LineItemList/LineItem/ResourceSummary/NetProcurementP1/BudgetYearOneBase/@footnote/">63826.853</proc:BudgetYearOneBase>
<proc:BudgetYearOneOOC footnote="LineItemList/LineItem/ResourceSummary/NetProcurementP1/BudgetYearOneOOC/@footnote/">77746.493</proc:BudgetYearOneOOC>
<proc:BudgetYearOne footnote="LineItemList/LineItem/ResourceSummary/NetProcurementP1/BudgetYearOne/@footnote/">80333.532</proc:BudgetYearOne>
<proc:BudgetYearTwo footnote="LineItemList/LineItem/ResourceSummary/NetProcurementP1/BudgetYearTwo/@footnote/">3365.461</proc:BudgetYearTwo>
<proc:BudgetYearThree footnote="LineItemList/LineItem/ResourceSummary/NetProcurementP1/BudgetYearThree/@footnote/">2862.146</proc:BudgetYearThree>
<proc:BudgetYearFour footnote="LineItemList/LineItem/ResourceSummary/NetProcurementP1/BudgetYearFour/@footnote/">59183.852</proc:BudgetYearFour>
<proc:BudgetYearFive footnote="LineItemList/LineItem/ResourceSummary/NetProcurementP1/BudgetYearFive/@footnote/">32635.75</proc:BudgetYearFive>
<proc:ToComplete footnote="LineItemList/LineItem/ResourceSummary/NetProcurementP1/ToComplete/@footnote/">38444.239</proc:ToComplete>
<proc:Total footnote="LineItemList/LineItem/ResourceSummary/NetProcurementP1/Total/@footnote/">63861.434</proc:Total></proc:NetProcurementP1>
<proc:PlusSubsequentYearFullFunding>
<proc:AllPriorYears footnote="LineItemList/LineItem/ResourceSummary/PlusSubsequentYearFullFunding/AllPriorYears/@footnote/">28789.538</proc:AllPriorYears>
<proc:PriorYear footnote="LineItemList/LineItem/ResourceSummary/PlusSubsequentYearFullFunding/PriorYear/@footnote/">64181.207</proc:PriorYear>
<proc:CurrentYear footnote="LineItemList/LineItem/ResourceSummary/PlusSubsequentYearFullFunding/CurrentYear/@footnote/">50353.515</proc:CurrentYear>
<proc:BudgetYearOneBase footnote="LineItemList/LineItem/ResourceSummary/PlusSubsequentYearFullFunding/BudgetYearOneBase/@footnote/">20836.146</proc:BudgetYearOneBase>
<proc:BudgetYearOneOOC footnote="LineItemList/LineItem/ResourceSummary/PlusSubsequentYearFullFunding/BudgetYearOneOOC/@footnote/">54170.293</proc:BudgetYearOneOOC>
<proc:BudgetYearOne footnote="LineItemList/LineItem/ResourceSummary/PlusSubsequentYearFullFunding/BudgetYearOne/@footnote/">46329.957</proc:BudgetYearOne>
<proc:BudgetYearTwo footnote="LineItemList/LineItem/ResourceSummary/PlusSubsequentYearFullFunding/BudgetYearTwo/@footnote/">70786.678</proc:BudgetYearTwo>
<proc:BudgetYearThree footnote="LineItemList/LineItem/ResourceSummary/PlusSubsequentYearFullFunding/BudgetYearThree/@footnote/">33993.935</proc:BudgetYearThree>
<proc:BudgetYearFour footnote="LineItemList/LineItem/ResourceSummary/PlusSubsequentYearFullFunding/BudgetYearFour/@footnote/">80553.312</proc:BudgetYearFour>
<proc:BudgetYearFive footnote="LineItemList/LineItem/ResourceSummary/PlusSubsequentYearFullFunding/BudgetYearFive/@footnote/">97010.705</proc:BudgetYearFive>
<proc:ToComplete footnote="LineItemList/LineItem/ResourceSummary/PlusSubsequentYearFullFunding/ToComplete/@footnote/">85915.053</proc:ToComplete>
<proc:Total footnote="LineItemList/LineItem/ResourceSummary/PlusSubsequentYearFullFunding/Total/@footnote/">94715.081</proc:Total></proc:PlusSubsequentYearFullFunding>
<proc:PlusPriorYearFullFunding>
<proc:AllPriorYears footnote="LineItemList/LineItem/ResourceSummary/PlusPriorYearFullFunding/AllPriorYears/@footnote/">11590.168</proc:AllPriorYears>
<proc:PriorYear footnote="LineItemList/LineItem/ResourceSummary/PlusPriorYearFullFunding/PriorYear/@footnote/">91985.997</proc:PriorYear>
<proc:CurrentYear footnote="LineItemList/LineItem/ResourceSummary/PlusPriorYearFullFunding/CurrentYear/@footnote/">76857.201</proc:CurrentYear>
<proc:BudgetYearOneBase footnote="LineItemList/LineItem/ResourceSummary/PlusPriorYearFullFunding/BudgetYearOneBase/@footnote/">44965.143</proc:BudgetYearOneBase>
<proc:BudgetYearOneOOC footnote="LineItemList/LineItem/ResourceSummary/PlusPriorYearFullFunding/BudgetYearOneOOC/@footnote/">62855.27</proc:BudgetYearOneOOC>
<proc:BudgetYearOne footnote="LineItemList/LineItem/ResourceSummary/PlusPriorYearFullFunding/BudgetYearOne/@footnote/">6939.479</proc:BudgetYearOne>
<proc:BudgetYearTwo footnote="LineItemList/LineItem/ResourceSummary/PlusPriorYearFullFunding/BudgetYearTwo/@footnote/">1008.285</proc:BudgetYearTwo>
<proc:BudgetYearThree footnote="LineItemList/LineItem/ResourceSummary/PlusPriorYearFullFunding/BudgetYearThree/@footnote/">88822.737</proc:BudgetYearThree>
<proc:BudgetYearFour footnote="LineItemList/LineItem/ResourceSummary/PlusPriorYearFullFunding/BudgetYearFour/@footnote/">2128.748</proc:BudgetYearFour>
<proc:BudgetYearFive footnote="LineItemList/LineItem/ResourceSummary/PlusPriorYearFullFunding/BudgetYearFive/@footnote/">40144.179</proc:BudgetYearFive>
<proc:Continuing footnote="LineItemList/LineItem/ResourceSummary/PlusPriorYearFullFunding/Continuing/@footnote/">true</proc:Continuing></proc:PlusPriorYearFullFunding>
<proc:FullFundingTOA>
<proc:AllPriorYears footnote="LineItemList/LineItem/ResourceSummary/FullFundingTOA/AllPriorYears/@footnote/">21727.697</proc:AllPriorYears>
<proc:PriorYear footnote="LineItemList/LineItem/ResourceSummary/FullFundingTOA/PriorYear/@footnote/">78742.68</proc:PriorYear>
<proc:CurrentYear footnote="LineItemList/LineItem/ResourceSummary/FullFundingTOA/CurrentYear/@footnote/">59401.43</proc:CurrentYear>
<proc:BudgetYearOneBase footnote="LineItemList/LineItem/ResourceSummary/FullFundingTOA/BudgetYearOneBase/@footnote/">44474.588</proc:BudgetYearOneBase>
<proc:BudgetYearOneOOC footnote="LineItemList/LineItem/ResourceSummary/FullFundingTOA/BudgetYearOneOOC/@footnote/">39293.252</proc:BudgetYearOneOOC>
<proc:BudgetYearOne footnote="LineItemList/LineItem/ResourceSummary/FullFundingTOA/BudgetYearOne/@footnote/">77241.12</proc:BudgetYearOne>
<proc:BudgetYearTwo footnote="LineItemList/LineItem/ResourceSummary/FullFundingTOA/BudgetYearTwo/@footnote/">36512.182</proc:BudgetYearTwo>
<proc:BudgetYearThree footnote="LineItemList/LineItem/ResourceSummary/FullFundingTOA/BudgetYearThree/@footnote/">79654.279</proc:BudgetYearThree>
<proc:BudgetYearFour footnote="LineItemList/LineItem/ResourceSummary/FullFundingTOA/BudgetYearFour/@footnote/">49565.447</proc:BudgetYearFour>
<proc:BudgetYearFive footnote="LineItemList/LineItem/ResourceSummary/FullFundingTOA/BudgetYearFive/@footnote/">65880.723</proc:BudgetYearFive>
<proc:ToComplete footnote="LineItemList/LineItem/ResourceSummary/FullFundingTOA/ToComplete/@footnote/">71425.532</proc:ToComplete>
<proc:Total footnote="LineItemList/LineItem/ResourceSummary/FullFundingTOA/Total/@footnote/">80884.699</proc:Total></proc:FullFundingTOA>
<proc:CYAdvanceProcurement>
<proc:AllPriorYears footnote="LineItemList/LineItem/ResourceSummary/CYAdvanceProcurement/AllPriorYears/@footnote/">58465.396</proc:AllPriorYears>
<proc:PriorYear footnote="LineItemList/LineItem/ResourceSummary/CYAdvanceProcurement/PriorYear/@footnote/">97750.375</proc:PriorYear>
<proc:CurrentYear footnote="LineItemList/LineItem/ResourceSummary/CYAdvanceProcurement/CurrentYear/@footnote/">15380.18</proc:CurrentYear>
<proc:BudgetYearOneBase footnote="LineItemList/LineItem/ResourceSummary/CYAdvanceProcurement/BudgetYearOneBase/@footnote/">28379.666</proc:BudgetYearOneBase>
<proc:BudgetYearOneOOC footnote="LineItemList/LineItem/ResourceSummary/CYAdvanceProcurement/BudgetYearOneOOC/@footnote/">10155.277</proc:BudgetYearOneOOC>
<proc:BudgetYearOne footnote="LineItemList/LineItem/ResourceSummary/CYAdvanceProcurement/BudgetYearOne/@footnote/">67075.26</proc:BudgetYearOne>
<proc:BudgetYearTwo footnote="LineItemList/LineItem/ResourceSummary/CYAdvanceProcurement/BudgetYearTwo/@footnote/">62486.651</proc:BudgetYearTwo>
<proc:BudgetYearThree footnote="LineItemList/LineItem/ResourceSummary/CYAdvanceProcurement/BudgetYearThree/@footnote/">93834.015</proc:BudgetYearThree>
<proc:BudgetYearFour footnote="LineItemList/LineItem/ResourceSummary/CYAdvanceProcurement/BudgetYearFour/@footnote/">44720.202</proc:BudgetYearFour>
<proc:BudgetYearFive footnote="LineItemList/LineItem/ResourceSummary/CYAdvanceProcurement/BudgetYearFive/@footnote/">159.57</proc:BudgetYearFive>
<proc:ToComplete footnote="LineItemList/LineItem/ResourceSummary/CYAdvanceProcurement/ToComplete/@footnote/">30824.957</proc:ToComplete>
<proc:Total footnote="LineItemList/LineItem/ResourceSummary/CYAdvanceProcurement/Total/@footnote/">34483.727</proc:Total></proc:CYAdvanceProcurement>
<proc:PlusCostToComplete>
<proc:AllPriorYears footnote="LineItemList/LineItem/ResourceSummary/PlusCostToComplete/AllPriorYears/@footnote/">87185.636</proc:AllPriorYears>
<proc:PriorYear footnote="LineItemList/LineItem/ResourceSummary/PlusCostToComplete/PriorYear/@footnote/">55555.556</proc:PriorYear>
<proc:CurrentYear footnote="LineItemList/LineItem/ResourceSummary/PlusCostToComplete/CurrentYear/@footnote/">31690.885</proc:CurrentYear>
<proc:BudgetYearOneBase footnote="LineItemList/LineItem/ResourceSummary/PlusCostToComplete/BudgetYearOneBase/@footnote/">3168.821</proc:BudgetYearOneBase>
<proc:BudgetYearOneOOC footnote="LineItemList/LineItem/ResourceSummary/PlusCostToComplete/BudgetYearOneOOC/@footnote/">83864.622</proc:BudgetYearOneOOC>
<proc:BudgetYearOne footnote="LineItemList/LineItem/ResourceSummary/PlusCostToComplete/BudgetYearOne/@footnote/">58168.97</proc:BudgetYearOne>
<proc:BudgetYearTwo footnote="LineItemList/LineItem/ResourceSummary/PlusCostToComplete/BudgetYearTwo/@footnote/">79362.061</proc:BudgetYearTwo>
<proc:BudgetYearThree footnote="LineItemList/LineItem/ResourceSummary/PlusCostToComplete/BudgetYearThree/@footnote/">43689.165</proc:BudgetYearThree>
<proc:BudgetYearFour footnote="LineItemList/LineItem/ResourceSummary/PlusCostToComplete/BudgetYearFour/@footnote/">44314.221</proc:BudgetYearFour>
<proc:BudgetYearFive footnote="LineItemList/LineItem/ResourceSummary/PlusCostToComplete/BudgetYearFive/@footnote/">81952.409</proc:BudgetYearFive>
<proc:ToComplete footnote="LineItemList/LineItem/ResourceSummary/PlusCostToComplete/ToComplete/@footnote/">87602.729</proc:ToComplete>
<proc:Total footnote="LineItemList/LineItem/ResourceSummary/PlusCostToComplete/Total/@footnote/">44747.23</proc:Total></proc:PlusCostToComplete>
<proc:TotalObligationAuthority>
<proc:AllPriorYears footnote="LineItemList/LineItem/ResourceSummary/TotalObligationAuthority/AllPriorYears/@footnote/">17590.791</proc:AllPriorYears>
<proc:PriorYear footnote="LineItemList/LineItem/ResourceSummary/TotalObligationAuthority/PriorYear/@footnote/">38904.442</proc:PriorYear>
<proc:CurrentYear footnote="LineItemList/LineItem/ResourceSummary/TotalObligationAuthority/CurrentYear/@footnote/">71098.713</proc:CurrentYear>
<proc:BudgetYearOneBase footnote="LineItemList/LineItem/ResourceSummary/TotalObligationAuthority/BudgetYearOneBase/@footnote/">32900.846</proc:BudgetYearOneBase>
<proc:BudgetYearOneOOC footnote="LineItemList/LineItem/ResourceSummary/TotalObligationAuthority/BudgetYearOneOOC/@footnote/">30028.746</proc:BudgetYearOneOOC>
<proc:BudgetYearOne footnote="LineItemList/LineItem/ResourceSummary/TotalObligationAuthority/BudgetYearOne/@footnote/">28283.84</proc:BudgetYearOne>
<proc:BudgetYearTwo footnote="LineItemList/LineItem/ResourceSummary/TotalObligationAuthority/BudgetYearTwo/@footnote/">20111.787</proc:BudgetYearTwo>
<proc:BudgetYearThree footnote="LineItemList/LineItem/ResourceSummary/TotalObligationAuthority/BudgetYearThree/@footnote/">95202.753</proc:BudgetYearThree>
<proc:BudgetYearFour footnote="LineItemList/LineItem/ResourceSummary/TotalObligationAuthority/BudgetYearFour/@footnote/">38427.779</proc:BudgetYearFour>
<proc:BudgetYearFive footnote="LineItemList/LineItem/ResourceSummary/TotalObligationAuthority/BudgetYearFive/@footnote/">49264.589</proc:BudgetYearFive>
<proc:Continuing footnote="LineItemList/LineItem/ResourceSummary/TotalObligationAuthority/Continuing/@footnote/">true</proc:Continuing></proc:TotalObligationAuthority>
<proc:OtherResourceSummaryEntryList>
<proc:OtherResourceSummaryEntry LessOrPlus="Plus">
<proc:Name footnote="LineItemList/LineItem/ResourceSummary/OtherResourceSummaryEntryList/OtherResourceSummaryEntry/Name/@footnote/">Alfa Romeo Mercurius</proc:Name>
<proc:Cost>
<proc:AllPriorYears footnote="LineItemList/LineItem/ResourceSummary/OtherResourceSummaryEntryList/OtherResourceSummaryEntry/Cost/AllPriorYears/@footnote/">7318.523</proc:AllPriorYears>
<proc:PriorYear footnote="LineItemList/LineItem/ResourceSummary/OtherResourceSummaryEntryList/OtherResourceSummaryEntry/Cost/PriorYear/@footnote/">82698.841</proc:PriorYear>
<proc:CurrentYear footnote="LineItemList/LineItem/ResourceSummary/OtherResourceSummaryEntryList/OtherResourceSummaryEntry/Cost/CurrentYear/@footnote/">92520.407</proc:CurrentYear>
<proc:BudgetYearOneBase footnote="LineItemList/LineItem/ResourceSummary/OtherResourceSummaryEntryList/OtherResourceSummaryEntry/Cost/BudgetYearOneBase/@footnote/">85532.362</proc:BudgetYearOneBase>
<proc:BudgetYearOneOOC footnote="LineItemList/LineItem/ResourceSummary/OtherResourceSummaryEntryList/OtherResourceSummaryEntry/Cost/BudgetYearOneOOC/@footnote/">1886.896</proc:BudgetYearOneOOC>
<proc:BudgetYearOne footnote="LineItemList/LineItem/ResourceSummary/OtherResourceSummaryEntryList/OtherResourceSummaryEntry/Cost/BudgetYearOne/@footnote/">3221.265</proc:BudgetYearOne>
<proc:BudgetYearTwo footnote="LineItemList/LineItem/ResourceSummary/OtherResourceSummaryEntryList/OtherResourceSummaryEntry/Cost/BudgetYearTwo/@footnote/">24075.504</proc:BudgetYearTwo>
<proc:BudgetYearThree footnote="LineItemList/LineItem/ResourceSummary/OtherResourceSummaryEntryList/OtherResourceSummaryEntry/Cost/BudgetYearThree/@footnote/">9279.9</proc:BudgetYearThree>
<proc:BudgetYearFour footnote="LineItemList/LineItem/ResourceSummary/OtherResourceSummaryEntryList/OtherResourceSummaryEntry/Cost/BudgetYearFour/@footnote/">99172.451</proc:BudgetYearFour>
<proc:BudgetYearFive footnote="LineItemList/LineItem/ResourceSummary/OtherResourceSummaryEntryList/OtherResourceSummaryEntry/Cost/BudgetYearFive/@footnote/">91619.801</proc:BudgetYearFive>
<proc:ToComplete footnote="LineItemList/LineItem/ResourceSummary/OtherResourceSummaryEntryList/OtherResourceSummaryEntry/Cost/ToComplete/@footnote/">1117.923</proc:ToComplete>
<proc:Total footnote="LineItemList/LineItem/ResourceSummary/OtherResourceSummaryEntryList/OtherResourceSummaryEntry/Cost/Total/@footnote/">66399.618</proc:Total></proc:Cost></proc:OtherResourceSummaryEntry></proc:OtherResourceSummaryEntryList>
<proc:InitialSpares>
<proc:AllPriorYears footnote="LineItemList/LineItem/ResourceSummary/InitialSpares/AllPriorYears/@footnote/">59316.268</proc:AllPriorYears>
<proc:PriorYear footnote="LineItemList/LineItem/ResourceSummary/InitialSpares/PriorYear/@footnote/">79214.071</proc:PriorYear>
<proc:CurrentYear footnote="LineItemList/LineItem/ResourceSummary/InitialSpares/CurrentYear/@footnote/">73081.13</proc:CurrentYear>
<proc:BudgetYearOneBase footnote="LineItemList/LineItem/ResourceSummary/InitialSpares/BudgetYearOneBase/@footnote/">20675.189</proc:BudgetYearOneBase>
<proc:BudgetYearOneOOC footnote="LineItemList/LineItem/ResourceSummary/InitialSpares/BudgetYearOneOOC/@footnote/">65919.047</proc:BudgetYearOneOOC>
<proc:BudgetYearOne footnote="LineItemList/LineItem/ResourceSummary/InitialSpares/BudgetYearOne/@footnote/">70924.249</proc:BudgetYearOne>
<proc:BudgetYearTwo footnote="LineItemList/LineItem/ResourceSummary/InitialSpares/BudgetYearTwo/@footnote/">74507.059</proc:BudgetYearTwo>
<proc:BudgetYearThree footnote="LineItemList/LineItem/ResourceSummary/InitialSpares/BudgetYearThree/@footnote/">13043.519</proc:BudgetYearThree>
<proc:BudgetYearFour footnote="LineItemList/LineItem/ResourceSummary/InitialSpares/BudgetYearFour/@footnote/">39980.234</proc:BudgetYearFour>
<proc:BudgetYearFive footnote="LineItemList/LineItem/ResourceSummary/InitialSpares/BudgetYearFive/@footnote/">61779.493</proc:BudgetYearFive>
<proc:ToComplete footnote="LineItemList/LineItem/ResourceSummary/InitialSpares/ToComplete/@footnote/">38786.529</proc:ToComplete>
<proc:Total footnote="LineItemList/LineItem/ResourceSummary/InitialSpares/Total/@footnote/">48572.907</proc:Total></proc:InitialSpares>
<proc:PlusOutfittingAndPostDelivery>
<proc:AllPriorYears footnote="LineItemList/LineItem/ResourceSummary/PlusOutfittingAndPostDelivery/AllPriorYears/@footnote/">55424.142</proc:AllPriorYears>
<proc:PriorYear footnote="LineItemList/LineItem/ResourceSummary/PlusOutfittingAndPostDelivery/PriorYear/@footnote/">82806.519</proc:PriorYear>
<proc:CurrentYear footnote="LineItemList/LineItem/ResourceSummary/PlusOutfittingAndPostDelivery/CurrentYear/@footnote/">9948.179</proc:CurrentYear>
<proc:BudgetYearOneBase footnote="LineItemList/LineItem/ResourceSummary/PlusOutfittingAndPostDelivery/BudgetYearOneBase/@footnote/">82683.688</proc:BudgetYearOneBase>
<proc:BudgetYearOneOOC footnote="LineItemList/LineItem/ResourceSummary/PlusOutfittingAndPostDelivery/BudgetYearOneOOC/@footnote/">35879.241</proc:BudgetYearOneOOC>
<proc:BudgetYearOne footnote="LineItemList/LineItem/ResourceSummary/PlusOutfittingAndPostDelivery/BudgetYearOne/@footnote/">86555.259</proc:BudgetYearOne>
<proc:BudgetYearTwo footnote="LineItemList/LineItem/ResourceSummary/PlusOutfittingAndPostDelivery/BudgetYearTwo/@footnote/">87288.957</proc:BudgetYearTwo>
<proc:BudgetYearThree footnote="LineItemList/LineItem/ResourceSummary/PlusOutfittingAndPostDelivery/BudgetYearThree/@footnote/">30198.414</proc:BudgetYearThree>
<proc:BudgetYearFour footnote="LineItemList/LineItem/ResourceSummary/PlusOutfittingAndPostDelivery/BudgetYearFour/@footnote/">92161.867</proc:BudgetYearFour>
<proc:BudgetYearFive footnote="LineItemList/LineItem/ResourceSummary/PlusOutfittingAndPostDelivery/BudgetYearFive/@footnote/">9959.972</proc:BudgetYearFive>
<proc:ToComplete footnote="LineItemList/LineItem/ResourceSummary/PlusOutfittingAndPostDelivery/ToComplete/@footnote/">68986.975</proc:ToComplete>
<proc:Total footnote="LineItemList/LineItem/ResourceSummary/PlusOutfittingAndPostDelivery/Total/@footnote/">62312.515</proc:Total></proc:PlusOutfittingAndPostDelivery>
<proc:FlyawayUnitCost>
<proc:AllPriorYears footnote="LineItemList/LineItem/ResourceSummary/FlyawayUnitCost/AllPriorYears/@footnote/">67825.839</proc:AllPriorYears>
<proc:PriorYear footnote="LineItemList/LineItem/ResourceSummary/FlyawayUnitCost/PriorYear/@footnote/">32800.578</proc:PriorYear>
<proc:CurrentYear footnote="LineItemList/LineItem/ResourceSummary/FlyawayUnitCost/CurrentYear/@footnote/">70310.079</proc:CurrentYear>
<proc:BudgetYearOneBase footnote="LineItemList/LineItem/ResourceSummary/FlyawayUnitCost/BudgetYearOneBase/@footnote/">1205.28</proc:BudgetYearOneBase>
<proc:BudgetYearOneOOC footnote="LineItemList/LineItem/ResourceSummary/FlyawayUnitCost/BudgetYearOneOOC/@footnote/">96174.562</proc:BudgetYearOneOOC>
<proc:BudgetYearOne footnote="LineItemList/LineItem/ResourceSummary/FlyawayUnitCost/BudgetYearOne/@footnote/">83720.399</proc:BudgetYearOne>
<proc:BudgetYearTwo footnote="LineItemList/LineItem/ResourceSummary/FlyawayUnitCost/BudgetYearTwo/@footnote/">79631.228</proc:BudgetYearTwo>
<proc:BudgetYearThree footnote="LineItemList/LineItem/ResourceSummary/FlyawayUnitCost/BudgetYearThree/@footnote/">69764.905</proc:BudgetYearThree>
<proc:BudgetYearFour footnote="LineItemList/LineItem/ResourceSummary/FlyawayUnitCost/BudgetYearFour/@footnote/">36292.397</proc:BudgetYearFour>
<proc:BudgetYearFive footnote="LineItemList/LineItem/ResourceSummary/FlyawayUnitCost/BudgetYearFive/@footnote/">32572.873</proc:BudgetYearFive>
<proc:Continuing footnote="LineItemList/LineItem/ResourceSummary/FlyawayUnitCost/Continuing/@footnote/">true</proc:Continuing></proc:FlyawayUnitCost>
<proc:AllLineItemsTotal>
<proc:AllPriorYears footnote="LineItemList/LineItem/ResourceSummary/AllLineItemsTotal/AllPriorYears/@footnote/">81184.379</proc:AllPriorYears>
<proc:PriorYear footnote="LineItemList/LineItem/ResourceSummary/AllLineItemsTotal/PriorYear/@footnote/">4780.308</proc:PriorYear>
<proc:CurrentYear footnote="LineItemList/LineItem/ResourceSummary/AllLineItemsTotal/CurrentYear/@footnote/">47937.212</proc:CurrentYear>
<proc:BudgetYearOneBase footnote="LineItemList/LineItem/ResourceSummary/AllLineItemsTotal/BudgetYearOneBase/@footnote/">47811.244</proc:BudgetYearOneBase>
<proc:BudgetYearOneOOC footnote="LineItemList/LineItem/ResourceSummary/AllLineItemsTotal/BudgetYearOneOOC/@footnote/">17342.266</proc:BudgetYearOneOOC>
<proc:BudgetYearOne footnote="LineItemList/LineItem/ResourceSummary/AllLineItemsTotal/BudgetYearOne/@footnote/">95956.217</proc:BudgetYearOne>
<proc:BudgetYearTwo footnote="LineItemList/LineItem/ResourceSummary/AllLineItemsTotal/BudgetYearTwo/@footnote/">85546.179</proc:BudgetYearTwo>
<proc:BudgetYearThree footnote="LineItemList/LineItem/ResourceSummary/AllLineItemsTotal/BudgetYearThree/@footnote/">90701.629</proc:BudgetYearThree>
<proc:BudgetYearFour footnote="LineItemList/LineItem/ResourceSummary/AllLineItemsTotal/BudgetYearFour/@footnote/">85170.077</proc:BudgetYearFour>
<proc:BudgetYearFive footnote="LineItemList/LineItem/ResourceSummary/AllLineItemsTotal/BudgetYearFive/@footnote/">70237.071</proc:BudgetYearFive>
<proc:Continuing footnote="LineItemList/LineItem/ResourceSummary/AllLineItemsTotal/Continuing/@footnote/">true</proc:Continuing></proc:AllLineItemsTotal></proc:ResourceSummary>
<proc:Code>A</proc:Code>
<proc:CodeBProgramElementList>
<proc:ProgramElementNumber footnote="LineItemList/LineItem/CodeBProgramElementList/ProgramElementNumber/@footnote/">3818652FE2</proc:ProgramElementNumber></proc:CodeBProgramElementList>
<proc:OtherRelatedProgramElementList>
<proc:ProgramElementNumber footnote="LineItemList/LineItem/OtherRelatedProgramElementList/ProgramElementNumber/@footnote/">7427501Ox</proc:ProgramElementNumber></proc:OtherRelatedProgramElementList>
<proc:SecondaryDistribution footnote="LineItemList/LineItem/SecondaryDistribution/@footnote/">
<proc:ComponentList>
<proc:Component>
<proc:ServiceAgencyName footnote="LineItemList/LineItem/SecondaryDistribution/ComponentList/Component/ServiceAgencyName/@footnote/">zzz PROCUREMENT DEMO AGENCY</proc:ServiceAgencyName>
<proc:ServiceAgencySuffix footnote="LineItemList/LineItem/SecondaryDistribution/ComponentList/Component/ServiceAgencySuffix/@footnote/">I r</proc:ServiceAgencySuffix>
<proc:Name footnote="LineItemList/LineItem/SecondaryDistribution/ComponentList/Component/Name/@footnote/">DEMO Reserve</proc:Name>
<proc:Cost>
<proc:Quantity>
<proc:PriorYear footnote="LineItemList/LineItem/SecondaryDistribution/ComponentList/Component/Cost/Quantity/PriorYear/@footnote/">62106.745</proc:PriorYear>
<proc:CurrentYear footnote="LineItemList/LineItem/SecondaryDistribution/ComponentList/Component/Cost/Quantity/CurrentYear/@footnote/">1179.055</proc:CurrentYear>
<proc:BudgetYearOneBase footnote="LineItemList/LineItem/SecondaryDistribution/ComponentList/Component/Cost/Quantity/BudgetYearOneBase/@footnote/">34587.403</proc:BudgetYearOneBase>
<proc:BudgetYearOneOOC footnote="LineItemList/LineItem/SecondaryDistribution/ComponentList/Component/Cost/Quantity/BudgetYearOneOOC/@footnote/">34699.989</proc:BudgetYearOneOOC>
<proc:BudgetYearOne footnote="LineItemList/LineItem/SecondaryDistribution/ComponentList/Component/Cost/Quantity/BudgetYearOne/@footnote/">33848.174</proc:BudgetYearOne>
<proc:BudgetYearTwo footnote="LineItemList/LineItem/SecondaryDistribution/ComponentList/Component/Cost/Quantity/BudgetYearTwo/@footnote/">86488.602</proc:BudgetYearTwo>
<proc:BudgetYearThree footnote="LineItemList/LineItem/SecondaryDistribution/ComponentList/Component/Cost/Quantity/BudgetYearThree/@footnote/">82419.042</proc:BudgetYearThree>
<proc:BudgetYearFour footnote="LineItemList/LineItem/SecondaryDistribution/ComponentList/Component/Cost/Quantity/BudgetYearFour/@footnote/">93625.105</proc:BudgetYearFour>
<proc:BudgetYearFive footnote="LineItemList/LineItem/SecondaryDistribution/ComponentList/Component/Cost/Quantity/BudgetYearFive/@footnote/">53854.386</proc:BudgetYearFive></proc:Quantity>
<proc:TotalCost>
<proc:PriorYear footnote="LineItemList/LineItem/SecondaryDistribution/ComponentList/Component/Cost/TotalCost/PriorYear/@footnote/">3349.52</proc:PriorYear>
<proc:CurrentYear footnote="LineItemList/LineItem/SecondaryDistribution/ComponentList/Component/Cost/TotalCost/CurrentYear/@footnote/">53405.881</proc:CurrentYear>
<proc:BudgetYearOneBase footnote="LineItemList/LineItem/SecondaryDistribution/ComponentList/Component/Cost/TotalCost/BudgetYearOneBase/@footnote/">38754.722</proc:BudgetYearOneBase>
<proc:BudgetYearOneOOC footnote="LineItemList/LineItem/SecondaryDistribution/ComponentList/Component/Cost/TotalCost/BudgetYearOneOOC/@footnote/">98375.275</proc:BudgetYearOneOOC>
<proc:BudgetYearOne footnote="LineItemList/LineItem/SecondaryDistribution/ComponentList/Component/Cost/TotalCost/BudgetYearOne/@footnote/">20789.861</proc:BudgetYearOne>
<proc:BudgetYearTwo footnote="LineItemList/LineItem/SecondaryDistribution/ComponentList/Component/Cost/TotalCost/BudgetYearTwo/@footnote/">50007.522</proc:BudgetYearTwo>
<proc:BudgetYearThree footnote="LineItemList/LineItem/SecondaryDistribution/ComponentList/Component/Cost/TotalCost/BudgetYearThree/@footnote/">4677.945</proc:BudgetYearThree>
<proc:BudgetYearFour footnote="LineItemList/LineItem/SecondaryDistribution/ComponentList/Component/Cost/TotalCost/BudgetYearFour/@footnote/">93487.256</proc:BudgetYearFour>
<proc:BudgetYearFive footnote="LineItemList/LineItem/SecondaryDistribution/ComponentList/Component/Cost/TotalCost/BudgetYearFive/@footnote/">21093.541</proc:BudgetYearFive></proc:TotalCost></proc:Cost>
<proc:ModsOutYearDelta>
<proc:Quantity>
<proc:BudgetYearTwo footnote="LineItemList/LineItem/SecondaryDistribution/ComponentList/Component/ModsOutYearDelta/Quantity/BudgetYearTwo/@footnote/">88071.929</proc:BudgetYearTwo>
<proc:BudgetYearThree footnote="LineItemList/LineItem/SecondaryDistribution/ComponentList/Component/ModsOutYearDelta/Quantity/BudgetYearThree/@footnote/">90935.169</proc:BudgetYearThree>
<proc:BudgetYearFour footnote="LineItemList/LineItem/SecondaryDistribution/ComponentList/Component/ModsOutYearDelta/Quantity/BudgetYearFour/@footnote/">81355.773</proc:BudgetYearFour>
<proc:BudgetYearFive footnote="LineItemList/LineItem/SecondaryDistribution/ComponentList/Component/ModsOutYearDelta/Quantity/BudgetYearFive/@footnote/">58140.603</proc:BudgetYearFive>
<proc:ToComplete footnote="LineItemList/LineItem/SecondaryDistribution/ComponentList/Component/ModsOutYearDelta/Quantity/ToComplete/@footnote/">92395.242</proc:ToComplete>
<proc:Total footnote="LineItemList/LineItem/SecondaryDistribution/ComponentList/Component/ModsOutYearDelta/Quantity/Total/@footnote/">97673.916</proc:Total></proc:Quantity>
<proc:Cost>
<proc:BudgetYearTwo footnote="LineItemList/LineItem/SecondaryDistribution/ComponentList/Component/ModsOutYearDelta/Cost/BudgetYearTwo/@footnote/">61786.288</proc:BudgetYearTwo>
<proc:BudgetYearThree footnote="LineItemList/LineItem/SecondaryDistribution/ComponentList/Component/ModsOutYearDelta/Cost/BudgetYearThree/@footnote/">59563.942</proc:BudgetYearThree>
<proc:BudgetYearFour footnote="LineItemList/LineItem/SecondaryDistribution/ComponentList/Component/ModsOutYearDelta/Cost/BudgetYearFour/@footnote/">63177.081</proc:BudgetYearFour>
<proc:BudgetYearFive footnote="LineItemList/LineItem/SecondaryDistribution/ComponentList/Component/ModsOutYearDelta/Cost/BudgetYearFive/@footnote/">97761.829</proc:BudgetYearFive>
<proc:Continuing footnote="LineItemList/LineItem/SecondaryDistribution/ComponentList/Component/ModsOutYearDelta/Cost/Continuing/@footnote/">true</proc:Continuing></proc:Cost></proc:ModsOutYearDelta></proc:Component></proc:ComponentList>
<proc:TotalCost>
<proc:Quantity>
<proc:PriorYear footnote="LineItemList/LineItem/SecondaryDistribution/TotalCost/Quantity/PriorYear/@footnote/">92099.061</proc:PriorYear>
<proc:CurrentYear footnote="LineItemList/LineItem/SecondaryDistribution/TotalCost/Quantity/CurrentYear/@footnote/">61739.259</proc:CurrentYear>
<proc:BudgetYearOneBase footnote="LineItemList/LineItem/SecondaryDistribution/TotalCost/Quantity/BudgetYearOneBase/@footnote/">42939.796</proc:BudgetYearOneBase>
<proc:BudgetYearOneOOC footnote="LineItemList/LineItem/SecondaryDistribution/TotalCost/Quantity/BudgetYearOneOOC/@footnote/">45359.869</proc:BudgetYearOneOOC>
<proc:BudgetYearOne footnote="LineItemList/LineItem/SecondaryDistribution/TotalCost/Quantity/BudgetYearOne/@footnote/">53460.591</proc:BudgetYearOne>
<proc:BudgetYearTwo footnote="LineItemList/LineItem/SecondaryDistribution/TotalCost/Quantity/BudgetYearTwo/@footnote/">51878.806</proc:BudgetYearTwo>
<proc:BudgetYearThree footnote="LineItemList/LineItem/SecondaryDistribution/TotalCost/Quantity/BudgetYearThree/@footnote/">15140.327</proc:BudgetYearThree>
<proc:BudgetYearFour footnote="LineItemList/LineItem/SecondaryDistribution/TotalCost/Quantity/BudgetYearFour/@footnote/">45275.181</proc:BudgetYearFour>
<proc:BudgetYearFive footnote="LineItemList/LineItem/SecondaryDistribution/TotalCost/Quantity/BudgetYearFive/@footnote/">95027.375</proc:BudgetYearFive></proc:Quantity>
<proc:TotalCost>
<proc:PriorYear footnote="LineItemList/LineItem/SecondaryDistribution/TotalCost/TotalCost/PriorYear/@footnote/">79878.501</proc:PriorYear>
<proc:CurrentYear footnote="LineItemList/LineItem/SecondaryDistribution/TotalCost/TotalCost/CurrentYear/@footnote/">95488.461</proc:CurrentYear>
<proc:BudgetYearOneBase footnote="LineItemList/LineItem/SecondaryDistribution/TotalCost/TotalCost/BudgetYearOneBase/@footnote/">84854.506</proc:BudgetYearOneBase>
<proc:BudgetYearOneOOC footnote="LineItemList/LineItem/SecondaryDistribution/TotalCost/TotalCost/BudgetYearOneOOC/@footnote/">48605.209</proc:BudgetYearOneOOC>
<proc:BudgetYearOne footnote="LineItemList/LineItem/SecondaryDistribution/TotalCost/TotalCost/BudgetYearOne/@footnote/">94071.852</proc:BudgetYearOne>
<proc:BudgetYearTwo footnote="LineItemList/LineItem/SecondaryDistribution/TotalCost/TotalCost/BudgetYearTwo/@footnote/">34895.419</proc:BudgetYearTwo>
<proc:BudgetYearThree footnote="LineItemList/LineItem/SecondaryDistribution/TotalCost/TotalCost/BudgetYearThree/@footnote/">60745.367</proc:BudgetYearThree>
<proc:BudgetYearFour footnote="LineItemList/LineItem/SecondaryDistribution/TotalCost/TotalCost/BudgetYearFour/@footnote/">65999.893</proc:BudgetYearFour>
<proc:BudgetYearFive footnote="LineItemList/LineItem/SecondaryDistribution/TotalCost/TotalCost/BudgetYearFive/@footnote/">49673.034</proc:BudgetYearFive></proc:TotalCost></proc:TotalCost></proc:SecondaryDistribution>
<proc:Description>[START-GcjQrVFv]Thoreau also said that we will be &quot;rich in proportion to the number of things which we can afford to let alone.&quot; We each seek to be happy, but it would seem worthwhile to question whether we need to take such a high risk of total destruction to gain yet more knowledge and yet more things; common sense says that there is a limit to our material needs - and that certain knowledge is too dangerous and is best forgone.Neither should we pursue near immortality without considering the costs, without considering the commensurate increase in the risk of extinction. Immortality, while perhaps the original, is certainly not the only possible utopian dream.I recently had the good fortune to meet the distinguished author and scholar Jacques Attali, whose bookLignes d'horizons (Millennium, in the English translation) helped inspire the Java and Jini approach to the coming age of pervasive computing, as previously described in this magazine. In his new bookFraternits, Attali describes how our dreams of utopia have changed over time:&quot;At the dawn of societies, men saw their passage on Earth as nothing more than a labyrinth of pain, at the end of which stood a door leading, via their death, to the company of gods and toEternity. With the Hebrews and then the Greeks, some men dared free themselves from theological demands and dream of an ideal City whereLiberty would flourish. Others, noting the evolution of the market society, understood that the liberty of some would entail the alienation of others, and they soughtEquality.&quot;Jacques helped me understand how these three different utopian goals exist in tension in our society today. He goes on to describe a fourth utopia,Fraternity, whose foundation is altruism. Fraternity alone associates individual happiness with the happiness of others, affording the promise of self-sustainment.This crystallized for me my problem with Kurzweil's dream. A technological approach to Eternity - near immortality through robotics - may not be the most desirable utopia, and its pursuit brings clear dangers. Maybe we should rethink our utopian choices.Where can we look for a new ethical basis to set our course? I have found the ideas in the book Ethics for the New Millennium, by the Dalai Lama, to be very helpful. As is perhaps well known but little heeded, the Dalai Lama argues that the most important thing is for us to conduct our lives with love and compassion for others, and that our societies need to develop a stronger notion of universal responsibility and of our interdependency; he proposes a standard of positive ethical conduct for individuals and societies that seems consonant with Attali's Fraternity utopia.The Dalai Lama further argues that we must understand what it is that makes people happy, and acknowledge the strong evidence that neither material progress nor the pursuit of the power of knowledge is the key - that there are limits to what science and the scientific pursuit alone can do.Our Western notion of happiness seems to come from the Greeks, who defined it as &quot;the exercise of vital powers along lines of excellence in a life affording them scope.&quot; 15Clearly, we need to find meaningful challenges and sufficient scope in our lives if we are to be happy in whatever is to come. But I believe we must find alternative outlets for our creative forces, beyond the culture of perpetual economic growth; this growth has largely been a blessing for several hundred years, but it has not brought us unalloyed happiness, and we must now choose between the pursuit of unrestricted and undirected growth through science and technology and the clear accompanying dangers.It is now more than a year since my first encounter with Ray Kurzweil and John Searle. I see around me cause for hope in the voices for caution and relinquishment and in those people I have discovered who are as concerned as I am about our current predicament. I feel, too, a deepened sense of personal responsibility - not for the work I have already done, but for the work that I might yet do, at the confluence of the sciences.But many other people who know about the dangers still seem strangely silent. When pressed, they trot out the &quot;this is nothing new&quot; riposte - as if awareness of what could happen is response enough. They tell me, There are universities filled with bioethicists who study this stuff all day long. They say, All this has been written about before, and by experts. They complain, Your worries and your arguments are already old hat.I don't know where these people hide their fear. As an architect of complex systems I enter this arena as a generalist. But should this diminish my concerns? I am aware of how much has been written about, talked about, and lectured about so authoritatively. But does this mean it has reached people? Does this mean we can discount the dangers before us?Knowing is not a rationale for not acting. Can we doubt that knowledge has become a weapon we wield against ourselves?The experiences of the atomic scientists clearly show the need to take personal responsibility, the danger that things will move too fast, and the way in which a process can take on a life of its own. We can, as they did, create insurmountable problems in almost no time flat. We must do more thinking up front if we are not to be similarly surprised and shocked by the consequences of our inventions.My continuing professional work is on improving the reliability of software. Software is a tool, and as a toolbuilder I must struggle with the uses to which the tools I make are put. I have always believed that making software more reliable, given its many uses, will make the world a safer and better place; if I were to come to believe the opposite, then I would be morally obligated to stop this work. I can now imagine such a day may come.This all leaves me not angry but at least a bit melancholic. Henceforth, for me, progress will be somewhat bittersweet.Do you remember the beautiful penultimate scene in Manhattan where Woody Allen is lying on his couch and talking into a tape recorder? He is writing a short story about people who are creating unnecessary, neurotic problems for themselves, because it keeps them from dealing with more unsolvable, terrifying problems about the universe.He leads himself to the question, &quot;Why is life worth living?&quot; and to consider what makes it worthwhile for him: Groucho Marx, Willie Mays, the second movement of the Jupiter Symphony, Louis Armstrong's recording of &quot;Potato Head Blues,&quot; Swedish movies, Flaubert's Sentimental Education, Marlon Brando, Frank Sinatra, the apples and pears by Czanne, the crabs at Sam Wo's, and, finally, the showstopper: his love Tracy's face.Each of us has our precious things, and as we care for them we locate the essence of our humanity. In the end, it is because of our great capacity for caring that I remain optimistic we will confront the dangerous issues now before us.My immediate hope is to participate in a much larger discussion of the issues raised here, with people from many different backgrounds, in settings not predisposed to fear or favor technology for its own sake[END-GcjQrVFv]</proc:Description>
<proc:Justification>[START-ksQObvbX]That is Carl Sagan, writing in 1994, inPale Blue Dot, a book describi[END-ksQObvbX]</proc:Justification>
<proc:MDAPCode footnote="LineItemList/LineItem/MDAPCode/@footnote/">123</proc:MDAPCode>
<proc:AdvanceProcurement>
<proc:P1LineNumber>p--G.905)T</proc:P1LineNumber>
<proc:Description>[START-qdWfGZ72]The nuclear, biological, and chemical (NBC) technologies used in 20th-century weapons of mass destruction were and are largely military, developed in government laboratories. In sharp contrast, the 21st-century GNR technologies have clear commercial uses and are being developed almost exclusively by corporate enterprises. In this age of triumphant commercialism, technology - with science as its handmaiden - is delivering a series of almost magical inventions that are the most phenomenally lucrative ever seen. We are aggressively pursuing the promises of these new technologies within the now-unchallenged system of global capitalism and its manifold financial incentives and competitive pressures.This is the first moment in the history of our planet when any species, by its own voluntary actions, has become a danger to itself - as well as to vast numbers of others.It might be a familiar progression, transpiring on many worlds - a planet, newly formed, placidly revolves around its star; life slowly forms; a kaleidoscopic procession of creatures evolves; intelligence emerges which, at least up to a point, confers enormous survival value; and then technology is invented. It dawns on them that there are such things as laws of Nature, that these laws can be revealed by experiment, and that knowledge of these laws can be made both to save and to take lives, both on unprecedented scales. Science, they recognize, grants immense powers. In a flash, they create world-altering contrivances. Some planetary civilizations see their way through, place limits on what may and what must not be done, and safely pass through the time of perils. Others, not so lucky or so prudent, perish.That is Carl Sagan, writing in 1994, inPale Blue Dot, a book describing his vision of the human future in space. I am only now realizing how deep his insight was, and how sorely I miss, and will miss, his voice. For all its eloquence, Sagan's contribution was not least that of simple common sense - an attribute that, along with humility, many of the leading advocates of the 21st-century technologies seem to lack.I remember from my childhood that my grandmother was strongly against the overuse of antibiotics. She had worked since before the first World War as a nurse and had a commonsense attitude that taking antibiotics, unless they were absolutely necessary, was bad for you.It is not that she was an enemy of progress. She saw much progress in an almost 70-year nursing career; my grandfather, a diabetic, benefited greatly from the improved treatments that became available in his lifetime. But she, like many levelheaded people, would probably think it greatly arrogant for us, now, to be designing a robotic &quot;replacement species,&quot; when we obviously have so much trouble making relatively simple things work, and so much trouble managing - or even understanding - ourselves.I realize now that she had an awareness of the nature of the order of life, and of the necessity of living with and respecting that order. With this respect comes a necessary humility that we, with our early-21st-century chutzpah, lack at our peril. The commonsense view, grounded in this respect, is often right, in advance of the scientific evidence. The clear fragility and inefficiencies of the human-made systems we have built should give us all pause; the fragility of the systems I have worked on certainly humbles me.We should have learned a lesson from the making of the first atomic bomb and the resulting arms race. We didn't do well then, and the parallels to our current situation are troubling.The effort to build the first atomic bomb was led by the brilliant physicist J. Robert Oppenheimer. Oppenheimer was not naturally interested in politics but became painfully aware of what he perceived as the grave threat to Western civilization from the Third Reich, a threat surely grave because of the possibility that Hitler [END-qdWfGZ72]</proc:Description>
<proc:Justification>[START-3FcY8JJL]Gray goo would surely be a depressing ending to our human adventure on Earth, far worse than mere fire or ice, and one that could stem from a simple laboratory accident.6 Oops.It is most of all the power of destructive self-replication in genetics, nanotechnology, and robotics (GNR) that should give us pause. Self-replication is the modus operandi of genetic engineering, which uses the machinery of the cell to replicate its designs, and the prime danger underlying gray goo in nanotechnology. Stories of run-amok robots like the Borg, replicating or mutating to escape from the ethical constraints imposed on them by their creators, are well established in our science fiction books and movies. It is even possible that self-replication may be more fundamental than we thought, and hence harder - or even impossible - to control. A recent article by Stuart Kauffman inNature titled &quot;Self-Replication: Even Peptides Do It&quot; discusses the discovery that a 32-amino-acid peptide can &quot;autocatalyse its own synthesis.&quot; We don't know how widespread this ability is, but Kauffman notes that it may hint at &quot;a route to self-reproducing molecular systems on a basis far wider than Watson-Crick base-pairing.&quot;7In truth, we have had in hand for years clear warnings of the dangers inherent in widespread knowledge of GNR technologies - of the possibility of knowledge alone enabling mass destruction. But these warnings haven't been widely publicized; the public discussions have been clearly inadequate. There is no profit in publicizing the dangers.The nuclear, biological, and chemical (NBC) technologies used in 20th-century weapons of mass destruction were and are largely military, developed in government laboratories. In sharp contrast, the 21st-century GNR technologies have clear commercial uses and are being developed almost exclusively by corporate enterprises. In this age of triumphant commercialism, technology - with science as its handmaiden - is delivering a series of almost magical inventions that are the most phenomenally lucrative ever seen. We are aggressively pursuing the promises of these new technologies within the now-unchallenged system of global capitalism and its manifold financial incentives and competitive pressures.This is the first moment in the history of our planet when any species, by its own voluntary actions, has become a danger to itself - as well as to vast numbers of others.It might be a familiar progression, transpiring on many worlds - a planet, newly formed, placidly revolves around its star; life slowly forms; a kaleidoscopic procession of creatures evolves; intelligence emerges which, at least up to a point, confers enormous survival value; and then technology is invented. It dawns on them that there are such things as laws of Nature, that these laws can be revealed by experiment, and that knowledge of these laws can be made both to save and to take lives, both on unprecedented scales. Science, they recognize, grants immense powers. In a flash, they create world-altering contrivances. Some planetary civilizations see their way through, place limits on what may and what must not be done, and safely pass through the time of perils. Others, not so lucky or so prudent, perish.That is Carl Sagan, writing in 1994, inPale Blue Dot, a book describing his vision of the human future in space. I am only now realizing how deep his insight was, and how sorely I miss, and will miss, his voice. For all its eloquence, Sagan's contribution was not least that of simple common sense - an attribute that, along with humility, many of the leading advocates of the 21st-century technologies seem to lack.I remember from my childhood that my grandmother was strongly against the overuse of antibiotics. She had worked since before the first World War as a nurse and had a commonsense attitude that taking antibiotics, unless they were absolutely necessary, was bad for you.It is not that she was an enemy of progress. She saw much progress in an almost 70-year nursing career; my grandfather, a diabetic, benefited greatly from the improved treatments that became available in his lifetime. But she, like many levelheaded people, would probably think it greatly arrogant for us, now, to be designing a robotic &quot;replacement species,&quot; when we obviously have so much trouble making relatively simple things work, and so much trouble managing - or even understanding - ourselves.I realize now that she had an awareness of the nature of the order of life, and of the necessity of living with and respecting that order. With this respect comes a necessary humility that we, with our early-21st-century chutzpah, lack at our peril. The commonsense view, grounded in this respect, is often right, in advance of the scientific evidence. The clear fragility and inefficiencies of the human-made systems we have built should give us all pause; the fragility of the systems I have worked on certainly humbles me.We should have learned a lesson from the making of the first atomic bomb and the resulting arms race. We didn't do well then, and the parallels to our current situation are troubling.The effort to build the first atomic bomb was led by the brilliant physicist J. Robert Oppenheimer. Oppenheimer was not naturally interested in politics but became painfully aware of what he perceived as the grave threat to Western civilization from the Third Reich, a threat surely grave because of the possibility that Hitler might obtain nuclear weapons. Energized by this concern, he brought his strong intellect, passion for physics, and charismatic leadership skills to Los Alamos and led a rapid and successful effort by an incredible collection of great minds to quickly invent the bomb.What is striking is how this effort continued so naturally after the initial impetus was removed. In a meeting shortly after V-E Day with some physicists who felt that perhaps the effort should stop, Oppenheimer argued to continue. His stated reason seems a bit strange: not because of the fear of large casualties from an invasion of Japan, but because the United Nations, which was soon to be formed, should have foreknowledge of atomic weapons. A more likely reason the project continued is the momentum that had built up - the first atomic test, Trinity, was nearly at hand.We know that in preparing this first atomic test the physicists proceeded despite a large number of possible dangers. They were initially worried, based on a calculation by Edward Teller, that an atomic explosion might set fire to the atmosphere. A revised calculation reduced the danger of destroying the world to a three-in-a-million chance. (Teller says he was later able to dismiss the prospect of atmospheric ignition entirely.) Oppenheimer, though, was sufficiently concerned about the result of Trinity that he arranged for a possible evacuation of the southwest part of the state of New Mexico. And, of course, there was the clear danger of starting a nuclear arms race.Within a month of that first, successful test, two atomic bombs destroyed Hiroshima and Nagasaki. Some scientists had suggested that the bomb simply be demonstrated, rather than dropped on Japanese cities - saying that this would greatly improve the chances for arms control after the war - but to no avail. With the tragedy of Pearl Harbor still fresh in Americans' minds, it would have been very difficult for President Truman to order a demonstration of the weapons rather than use them as he did - the desire to quickly end the war and save the lives that would have been lost in any invasion of Japan was very strong. Yet the overriding truth was probably very simple: As the physicist Freeman Dyson later said, &quot;The reason that it was dropped was just that nobody had the courage or the foresight to say no.&quot;It's important to realize how shocked the physicists were in the aftermath of the bombing of Hiroshima, on August 6, 1945. They describe a series of waves of emotion: first, a sense of fulfillment that the bomb worked, then horror at all the people that had been killed, and then a convincing feeling that on no account should another bomb be dropped. Yet of course another bomb was dropped, on Nagasaki, only three days after the bombing of Hiroshima.In November 1945, three months after the atomic bombings, Oppenheimer stood firmly behind the scientific attitude, saying, &quot;It is not possible to be a scientist unless you believe that the knowledge of the world, and the power which this gives, is a thing which is of intrinsic value to humanity, and that you are using it to help in the spread of knowledge and are willing to take the consequences.&quot;Oppenheimer went on to work, with others, on the Acheson-Lilienthal report, which, as Richard Rhodes says in his recent bookVisions of Technology, &quot;found a way to prevent a clandestine nuclear arms race without resorting to armed world government&quot;; their suggestion was a form of relinquishment of nuclear weapons work by nation-states to an international agency.This proposal led to the Baruch Plan, which was submitted to the United Nations in June 1946 but never adopted (perhaps because, as Rhodes suggests, Bernard Baruch had &quot;insisted on burdening the plan with conventional sanctions,&quot; thereby inevitably dooming it, even though it would &quot;almost certainly have been rejected by Stalinist Russia anyway&quot;). Other efforts to promote sensible steps toward internationalizing nuclear power to prevent an arms race ran afoul either of US politics and internal distrust, or distrust by the Soviets. The opportunity to avoid the arms race was lost, and very quickly.Two years later, in 1948, Oppenheimer seemed to have reached another stage in his thinking, saying, &quot;In some sort of crude sense which no vulgarity, no humor, no overstatement can quite extinguish, the physicists have known sin; and this is a knowledge they cannot lose.&quot;In 1949, the Soviets exploded an atom bomb. By[END-3FcY8JJL]</proc:Justification></proc:AdvanceProcurement>
<proc:ModsOutYearDelta>
<proc:Quantity>
<proc:BudgetYearTwo footnote="LineItemList/LineItem/ModsOutYearDelta/Quantity/BudgetYearTwo/@footnote/">39011.921</proc:BudgetYearTwo>
<proc:BudgetYearThree footnote="LineItemList/LineItem/ModsOutYearDelta/Quantity/BudgetYearThree/@footnote/">16543.757</proc:BudgetYearThree>
<proc:BudgetYearFour footnote="LineItemList/LineItem/ModsOutYearDelta/Quantity/BudgetYearFour/@footnote/">68832.98</proc:BudgetYearFour>
<proc:BudgetYearFive footnote="LineItemList/LineItem/ModsOutYearDelta/Quantity/BudgetYearFive/@footnote/">36445.358</proc:BudgetYearFive>
<proc:ToComplete footnote="LineItemList/LineItem/ModsOutYearDelta/Quantity/ToComplete/@footnote/">23474.927</proc:ToComplete>
<proc:Total footnote="LineItemList/LineItem/ModsOutYearDelta/Quantity/Total/@footnote/">44163.38</proc:Total></proc:Quantity>
<proc:Cost>
<proc:BudgetYearTwo footnote="LineItemList/LineItem/ModsOutYearDelta/Cost/BudgetYearTwo/@footnote/">16318.713</proc:BudgetYearTwo>
<proc:BudgetYearThree footnote="LineItemList/LineItem/ModsOutYearDelta/Cost/BudgetYearThree/@footnote/">73010.327</proc:BudgetYearThree>
<proc:BudgetYearFour footnote="LineItemList/LineItem/ModsOutYearDelta/Cost/BudgetYearFour/@footnote/">66267.55</proc:BudgetYearFour>
<proc:BudgetYearFive footnote="LineItemList/LineItem/ModsOutYearDelta/Cost/BudgetYearFive/@footnote/">91702.938</proc:BudgetYearFive>
<proc:ToComplete footnote="LineItemList/LineItem/ModsOutYearDelta/Cost/ToComplete/@footnote/">90346.061</proc:ToComplete>
<proc:Total footnote="LineItemList/LineItem/ModsOutYearDelta/Cost/Total/@footnote/">19216.32</proc:Total></proc:Cost></proc:ModsOutYearDelta>
<proc:PriorYearsDelta>
<proc:Cost>89006.64</proc:Cost>
<proc:Quantity>63654.37</proc:Quantity></proc:PriorYearsDelta>
<proc:DocumentAssemblyOptions>
<proc:p40AItemScheduleSetting>item</proc:p40AItemScheduleSetting></proc:DocumentAssemblyOptions></proc:LineItem></proc:LineItemList>
