<?xml version="1.0" encoding="UTF-8"?>
<r2:R2ExhibitList xmlns:r2="http://www.dtic.mil/comptroller/xml/schema/022009/r2" targetSchemaVersion="1.0">
    <r2:R2Exhibit monetaryUnit="Millions">
        <r2:ProgramElement>
            <r2:ProgramElementNumber>0000000M</r2:ProgramElementNumber>
            <r2:ProgramElementTitle>qwe</r2:ProgramElementTitle>
            <r2:BudgetYear>2011</r2:BudgetYear>
            <r2:BudgetCycle>PB</r2:BudgetCycle>
            <r2:SubmissionDate>2010-02</r2:SubmissionDate>
            <r2:ServiceAgencyName>Navy</r2:ServiceAgencyName>
            <r2:AppropriationCode>1319</r2:AppropriationCode>
            <r2:AppropriationName>Research, Development, Test &amp; Evaluation, Navy</r2:AppropriationName>
            <r2:BudgetActivityNumber>1</r2:BudgetActivityNumber>
            <r2:BudgetActivityTitle>Basic Research</r2:BudgetActivityTitle>
            <r2:ProgramElementFunding>
                <r2:PriorYear>0.000</r2:PriorYear>
                <r2:CurrentYear>0.000</r2:CurrentYear>
                <r2:BudgetYearOne>0.000</r2:BudgetYearOne>
                <r2:BudgetYearOneBase>0.000</r2:BudgetYearOneBase>
                <r2:BudgetYearTwo>0.000</r2:BudgetYearTwo>
                <r2:BudgetYearThree>0.000</r2:BudgetYearThree>
                <r2:BudgetYearFour>0.000</r2:BudgetYearFour>
                <r2:BudgetYearFive>0.000</r2:BudgetYearFive>
                <r2:CostToComplete>Continuing</r2:CostToComplete>
                <r2:TotalCost>Continuing</r2:TotalCost>
            </r2:ProgramElementFunding>
            <r2:ProgramElementMissionDescription>*** PLEASE ENTER TEXT ***</r2:ProgramElementMissionDescription>
            <r2:ChangeSummary>
                <r2:PreviousPresidentBudget>
                    <r2:PriorYear>0.000</r2:PriorYear>
                    <r2:CurrentYear>0.000</r2:CurrentYear>
                    <r2:BudgetYearOne>0.000</r2:BudgetYearOne>
                    <r2:BudgetYearOneBase>0.000</r2:BudgetYearOneBase>
                </r2:PreviousPresidentBudget>
                <r2:CurrentPresidentBudget>
                    <r2:PriorYear>0.000</r2:PriorYear>
                    <r2:CurrentYear>0.000</r2:CurrentYear>
                    <r2:BudgetYearOne>0.000</r2:BudgetYearOne>
                    <r2:BudgetYearOneBase>0.000</r2:BudgetYearOneBase>
                </r2:CurrentPresidentBudget>
                <r2:TotalAdjustments>
                    <r2:PriorYear>0.000</r2:PriorYear>
                    <r2:CurrentYear>0.000</r2:CurrentYear>
                    <r2:BudgetYearOne>0.000</r2:BudgetYearOne>
                    <r2:BudgetYearOneBase>0.000</r2:BudgetYearOneBase>
                </r2:TotalAdjustments>
            </r2:ChangeSummary>
            <r2:ProjectList>
                <r2:Project>
                    <r2:ProjectNumber>1</r2:ProjectNumber>
                    <r2:ProjectTitle>11</r2:ProjectTitle>
                    <r2:ProjectFunding>
                        <r2:PriorYear>0.000</r2:PriorYear>
                        <r2:CurrentYear>0.000</r2:CurrentYear>
                        <r2:BudgetYearOne>0.000</r2:BudgetYearOne>
                        <r2:BudgetYearOneBase>0.000</r2:BudgetYearOneBase>
                        <r2:BudgetYearTwo>0.000</r2:BudgetYearTwo>
                        <r2:BudgetYearThree>0.000</r2:BudgetYearThree>
                        <r2:BudgetYearFour>0.000</r2:BudgetYearFour>
                        <r2:BudgetYearFive>0.000</r2:BudgetYearFive>
                        <r2:CostToComplete>Continuing</r2:CostToComplete>
                        <r2:TotalCost>Continuing</r2:TotalCost>
                    </r2:ProjectFunding>
                    <r2:R2aExhibit>
                        <r2:ProjectMissionDescription>*** PLEASE ENTER TEXT ***</r2:ProjectMissionDescription>
                        <r2:CongressionalAddDetailList>
                            <r2:CongressionalAddDetail>
                                <r2:Title>*** PLEASE ENTER CONGRESSIONAL ADD TITLE ***</r2:Title>
                                <r2:PriorYear>
                                    <r2:Funding>0.000</r2:Funding>
                                    <r2:Text>[*** PLEASE ENTER CONGRESSIONAL ADD TEXT FOR PRIOR YEAR. ***]
</r2:Text>
                                </r2:PriorYear>
                            </r2:CongressionalAddDetail>
                        </r2:CongressionalAddDetailList>
                        <r2:AccomplishmentPlannedProgramList>
                            <r2:AccomplishmentPlannedProgram>
                                <r2:Title>*** PLEASE ENTER ACCOMPLISHMENT/PLANNED PROGRAM TITLE ***</r2:Title>
                                <r2:Accomplishment>
                                    <r2:PriorYear>
                                        <r2:Funding>0.000</r2:Funding>
                                        <r2:Text>[*** PLEASE ENTER ACCOMPLISHMENT/PLANNED PROGRAM TEXT FOR PRIOR YEAR. ***]
</r2:Text>
                                    </r2:PriorYear>
                                </r2:Accomplishment>
                            </r2:AccomplishmentPlannedProgram>
                        </r2:AccomplishmentPlannedProgramList>
                    </r2:R2aExhibit>
                </r2:Project>
            </r2:ProjectList>
        </r2:ProgramElement>
    </r2:R2Exhibit>
</r2:R2ExhibitList>