<?xml version="1.0" encoding="UTF-8"?>
<proc:LineItemList xmlns:proc="http://www.dtic.mil/comptroller/xml/schema/20100219/procurement">
    <proc:LineItem quantityUnits="Each" quantityUnitName="Each" unitCostUnits="Millions" totalCostUnits="Millions" manufacturerRateUnits="Monthly">
        <proc:LineItemNumber>MD09</proc:LineItemNumber>
        <proc:LineItemTitle>AEGIS BMD</proc:LineItemTitle>
        <proc:P1LineNumber>46</proc:P1LineNumber>
        <proc:BudgetYear>2026</proc:BudgetYear>
        <proc:BudgetCycle>PB</proc:BudgetCycle>
        <proc:SubmissionDate>2025-06</proc:SubmissionDate>
        <proc:ServiceAgencyName>Missile Defense Agency</proc:ServiceAgencyName>
        <proc:AppropriationNumber>0300D</proc:AppropriationNumber>
        <proc:AppropriationTitle>Procurement, Defense-Wide</proc:AppropriationTitle>
        <proc:BudgetActivityNumber>1</proc:BudgetActivityNumber>
        <proc:BudgetActivityTitle>Major Equipment</proc:BudgetActivityTitle>
        <proc:BudgetSubActivityNumber>17</proc:BudgetSubActivityNumber>
        <proc:BudgetSubActivityTitle>Major Equipment, Missile Defense Agency</proc:BudgetSubActivityTitle>
        <proc:ResourceSummary>
            <proc:Quantity>
                <proc:AllPriorYears>504</proc:AllPriorYears>
                <proc:PriorYear>36</proc:PriorYear>
                <proc:CurrentYear>6</proc:CurrentYear>
            </proc:Quantity>
            <proc:TotalCost>
                <proc:AllPriorYears>7091.465</proc:AllPriorYears>
                <proc:PriorYear>601.506</proc:PriorYear>
                <proc:CurrentYear>195</proc:CurrentYear>
            </proc:TotalCost>
            <proc:UnitCost>
                <proc:AllPriorYears>14.07</proc:AllPriorYears>
                <proc:PriorYear>16.709</proc:PriorYear>
                <proc:CurrentYear>32.5</proc:CurrentYear>
            </proc:UnitCost>
            <proc:PYAdvanceProcurement>
                <proc:AllPriorYears>159.389</proc:AllPriorYears>
                <proc:PriorYear>0</proc:PriorYear>
                <proc:CurrentYear>0</proc:CurrentYear>
            </proc:PYAdvanceProcurement>
            <proc:NetProcurementP1>
                <proc:AllPriorYears>6932.076</proc:AllPriorYears>
                <proc:PriorYear>601.506</proc:PriorYear>
                <proc:CurrentYear>195</proc:CurrentYear>
            </proc:NetProcurementP1>
            <proc:CYAdvanceProcurement>
                <proc:AllPriorYears>159.389</proc:AllPriorYears>
                <proc:PriorYear>0</proc:PriorYear>
                <proc:CurrentYear>0</proc:CurrentYear>
            </proc:CYAdvanceProcurement>
            <proc:TotalObligationAuthority>
                <proc:AllPriorYears>7091.465</proc:AllPriorYears>
                <proc:PriorYear>601.506</proc:PriorYear>
                <proc:CurrentYear>195</proc:CurrentYear>
            </proc:TotalObligationAuthority>
            <proc:InitialSpares>
                <proc:AllPriorYears>0</proc:AllPriorYears>
            </proc:InitialSpares>
            <proc:FlyawayUnitCost>
                <proc:AllPriorYears>10.352</proc:AllPriorYears>
                <proc:PriorYear>12.5</proc:PriorYear>
            </proc:FlyawayUnitCost>
        </proc:ResourceSummary>
        <proc:Code>A</proc:Code>
        <proc:CodeBProgramElementList>
            <proc:ProgramElementNumber>0603892C</proc:ProgramElementNumber>
            <proc:ProgramElementNumber>0604881C</proc:ProgramElementNumber>
        </proc:CodeBProgramElementList>
        <proc:OtherRelatedProgramElementList>
            <proc:ProgramElementNumber>0603892C</proc:ProgramElementNumber>
        </proc:OtherRelatedProgramElementList>
        <proc:Description>Decrease from Fiscal Year (FY) 2025 to FY 2026 reflects the termination of Standard Missile-3 (SM-3) Block IB new production as a result in a shift in Department priorities. After FY 2024, the Department will discontinue the SM-3 Block IB procurements in favor of SM-3 Block IIA, and continue to evolve the Block IIA missile within the Aegis Weapons System. FY 2025 provides $110 million Congressional Plus Up for procurement of six (6) SM-3 Block IBs and $85 million for critical investment spares to support repair and recertification of fielded SM-3 Block IB All-Up Rounds (AURs) in anticipation of supply chain attrition following termination of new production.

In accordance with the Consolidated Appropriations Act 2020, SM-3 Block IIA was transferred to MD14 from MD09 in FY 2020 and beyond; this exhibit includes FY 2018 and FY 2019 SM-3 Block IIA funding.  FY 2023 quantities are the final year of the FY 2019 through FY 2023 Multi-Year Procurement of 198 AURs that resulted in a reduced unit cost due to economy of scale.  FY 2024 and FY 2025 are single year procurements resulting in a higher unit cost due to lower quantities and loss of economy of scale. 

Procurement Quantity" and "Flyaway Unit Cost" above represent SM-3 Block IB missiles only, but the Net Procurement and Gross Weapon System costs includes all hardware and support costs including canisters, production engineering, obsolescence and system engineering, which are detailed in separate P-5s.  The Flyaway Unit Cost is baseline only.

Prior Year procurement of 71 SM-3 Block IAs are not included.  

The Aegis-Based Weapon Systems mission is to deliver an operationally effective and supportable Ballistic Missile Defense (BMD) capability to defend the nation, deployed forces, and allies. Aegis BMD aims to increase this capability by delivering evolutionary improvements as part of Missile Defense System upgrades. Sea-Based Weapon Systems provides a forward-deployable, mobile capability to detect and track ballistic missiles of all ranges, and the ability to destroy Short-Range Ballistic Missiles, Medium-Range Ballistic Missiles, and Intermediate-Range Ballistic Missiles in the midcourse phase of flight. Upgrades to both the Aegis BMD Weapon System and SM-3 configuration enable Aegis BMD to provide an effective, supportable, and defensive capability against longer range, more sophisticated threats and an enduring Aegis Ashore defensive capability. 

The SM-3 Block IB improves Aegis-Based Weapon Systems ability to expand the BMD battlespace, engage longer range, more sophisticated ballistic missiles that may deploy countermeasures and launch in larger raid sizes. The SM-3 Block IB Kinetic Warhead's two color infrared seeker and advanced signal processor provides a real-time discrimination and characterization capability while improving sensitivity for longer range targets.</proc:Description>
        <proc:Justification>Decrease from FY 2025 to FY 2026 reflects the termination of SM-3 Block IB new production as a result in a shift in Department priorities. After FY 2024, the Department will discontinue the SM-3 Block IB procurements in favor of SM-3 Block IIA, and continue to evolve the Block IIA missile within the Aegis Weapons System. FY 2025 provides $110 million Congressional Plus Up for procurement of six (6) SM-3 Block IBs and $85 million for critical investment spares to support repair and recertification of fielded SM-3 Block IB AURs in anticipation of supply chain attrition following termination of new production.</proc:Justification>
        <proc:MDAPCode>362</proc:MDAPCode>
        <proc:ItemExhibitList>
            <proc:P5Item>
                <proc:Name>Aegis BMD SM-3 Block IB</proc:Name>
                <proc:IdCode>A</proc:IdCode>
                <proc:Remarks>Note: Fiscal Year (FY) 2024 reflects a total $226.75M of supplemental. $213.75M to procure nine (9) Standard Missile (SM)- 3 Block IB Threat Upgrade (TU) All-up Rounds (AURs) and associated canisters ($213.75M) expended in support of the Department of Defense's (DoD) response to the situation in Israel.  $13.00M to accelerate SM-3 Block IB TU update addressing performance anomalies observed in support of DoD's response to the situation in Israel.  

FY24 Supplement unit cost is based on government estimate of $23.750M per AUR on the previous proposal for the FY24/25 IB production contract.  The proposal was invalidated following Department's shift in priorities to discontinue the SM-3 Block IB procurements in favor of SM-3 Block IIA and continue to evolve the Block IIA missile within the Aegis Weapons System.  AUR consists of the SM-3 Bock IB missile and the canister.

FY24 Baseline unit cost of $12.5M was based on a synergy buy for FY24 and FY25 before Block IB new production termination in favor of SM-3 Block IIA. FY24 baseline AUR, which consists of a missile and a canister, is $12.759M.   

FY25 Congressional Plus Up (CPU) unit cost of $18.33M is based on current Not to Exceed Undefinitized Contractual Actions proposal. Final negotiated unit cost will be updated as part of actuals submission.

Decrease from FY 2025 to FY 2026 reflects the termination of SM-3 Block IB new production as a result in a shift in Department priorities. After FY 2025, the Department will discontinue the SM-3 Block IB procurements in favor of SM-3 Block IIA and continue to evolve the Block IIA missile within the Aegis Weapons System. FY 2025 provides $110 million CPU for procurement of six (6) SM-3 Block IBs and $85 million for critical investment spares to support repair and recertification of fielded SM-3 Block IB AURs in anticipation of supply chain attrition following termination of new production.

(1) Canisters are required for each SM-3 procured.  

(2) SM-3 Transportation of Ballistic Barriers are required by Joint Service Insensitive Munitions Technical Panel and Naval Ordnance Safety and Security Activity to transport missiles.

(3) Cyber Security - Support Certification &amp; Accreditation planning and testing in accordance with the Operational Designated Accrediting Authority Process.  Conduct certification and accreditation of classified systems and networks under The National Industrial Security Program Operating Manual.  Ensure protection of trusted system networks and unclassified contractor networks containing Department of Defense Information.

(4) Diminishing Manufacturing Sources Mitigation allows Aegis Ballistic Missile Defense to mitigate the loss, or impending loss, of manufacturers of items or suppliers of items or of raw materials caused by several factors.  These factors include new or evolving science, detection limits, toxicity values, and regulations related to chemicals and materials resulting in significant impact on the supply chain and industrial base. 

(5) SM-3 Block IB Investment Spares are procured to coincide with the delivery of the missile and are required to support AURs during four-year maintenance period.

(6) Obsolescence monitoring and management is the program’s most effective and efficient way to minimize materiel readiness risks, realize future savings during production and sustainment, and improve overall life-cycle management.  Identifies risk associated with the 800 vendors/suppliers discontinuing production of a component or raw material and then properly mitigating impacts to production.  If not identified early, such activities will impact production and Fleet deliveries.

(7) Production Engineering supports SM-3 Guided Missile Round production activities and issue resolution during manufacturing, assembly, testing, and missile integration. Funding provides production change validation, preparation, and configuration management, government prepared production acceptance procedures, production planning, Integrated Logistics Support planning, coordination of government furnished information and government furnished equipment, contract deliverable monitoring and prime contractor monitoring of cost/schedule performance. Also provides in-service engineering agent and technical direction agent support.

(8) SM-3 Block IB Production Shutdown costs are associated with the efficient and proper disposition of production property, equipment and information, protection of decades of government investment.

(9) SM-3 Block IB Service Life Evaluation Program includes testing and analysis to demonstrate the safety and suitability of the SM-3 for an extended service life goal of 12 years.

(10) Systems Engineering and Integration addresses production technical issues that arise within the entire SM-3 vendor/supplier base.  Includes improvement and efficiency activities such as configuration management and control boards, engineering assessments of manufacturing process improvement changes, engineering assessments of sub-vendor production issues, and engineering and quality review of documentation and test data prior to missile acceptance by the government.

(11) Engineering Change Proposal will address self-destruct logic and addition of midcourse guidance algorithm. Funding provides production changes, procure material and formalize the changes to the missile configuration.</proc:Remarks>
                <proc:ResourceSummary>
                    <proc:Quantity>
                        <proc:AllPriorYears>474</proc:AllPriorYears>
                        <proc:PriorYear>36</proc:PriorYear>
                        <proc:CurrentYear>6</proc:CurrentYear>
                    </proc:Quantity>
                    <proc:TotalCost>
                        <proc:AllPriorYears>6240.407</proc:AllPriorYears>
                        <proc:PriorYear>601.506</proc:PriorYear>
                        <proc:CurrentYear>195</proc:CurrentYear>
                    </proc:TotalCost>
                    <proc:UnitCost>
                        <proc:AllPriorYears>13.165</proc:AllPriorYears>
                        <proc:PriorYear>16.709</proc:PriorYear>
                        <proc:CurrentYear>32.5</proc:CurrentYear>
                    </proc:UnitCost>
                    <proc:PYAdvanceProcurement>
                        <proc:AllPriorYears>159.389</proc:AllPriorYears>
                        <proc:PriorYear>0</proc:PriorYear>
                        <proc:CurrentYear>0</proc:CurrentYear>
                    </proc:PYAdvanceProcurement>
                    <proc:NetProcurementP1>
                        <proc:AllPriorYears>6081.018</proc:AllPriorYears>
                        <proc:PriorYear>601.506</proc:PriorYear>
                        <proc:CurrentYear>195</proc:CurrentYear>
                    </proc:NetProcurementP1>
                    <proc:CYAdvanceProcurement>
                        <proc:AllPriorYears>0</proc:AllPriorYears>
                        <proc:PriorYear>0</proc:PriorYear>
                        <proc:CurrentYear>0</proc:CurrentYear>
                    </proc:CYAdvanceProcurement>
                    <proc:TotalObligationAuthority>
                        <proc:AllPriorYears>6081.018</proc:AllPriorYears>
                        <proc:PriorYear>601.506</proc:PriorYear>
                        <proc:CurrentYear>195</proc:CurrentYear>
                    </proc:TotalObligationAuthority>
                </proc:ResourceSummary>
                <proc:CostElementCategoryList>
                    <proc:Flyaway>
                        <proc:Recurring>
                            <proc:CostElementList>
                                <proc:CostElement>
                                    <proc:Name>SM-3 Block IA Procurement</proc:Name>
                                    <proc:Cost>
                                        <proc:Quantity>
                                            <proc:AllPriorYears>71</proc:AllPriorYears>
                                        </proc:Quantity>
                                        <proc:TotalCost>
                                            <proc:AllPriorYears>766.765</proc:AllPriorYears>
                                        </proc:TotalCost>
                                        <proc:UnitCost>
                                            <proc:AllPriorYears>10.8</proc:AllPriorYears>
                                        </proc:UnitCost>
                                    </proc:Cost>
                                </proc:CostElement>
                                <proc:CostElement>
                                    <proc:Name>SM-3 Block IB Procurement</proc:Name>
                                    <proc:Cost>
                                        <proc:Quantity>
                                            <proc:AllPriorYears>474</proc:AllPriorYears>
                                            <proc:PriorYear>27</proc:PriorYear>
                                            <proc:CurrentYear>6</proc:CurrentYear>
                                        </proc:Quantity>
                                        <proc:TotalCost>
                                            <proc:AllPriorYears>4907.03</proc:AllPriorYears>
                                            <proc:PriorYear>337.5</proc:PriorYear>
                                            <proc:CurrentYear>110</proc:CurrentYear>
                                        </proc:TotalCost>
                                        <proc:UnitCost>
                                            <proc:AllPriorYears>10.352</proc:AllPriorYears>
                                            <proc:PriorYear>12.5</proc:PriorYear>
                                            <proc:CurrentYear>18.333</proc:CurrentYear>
                                        </proc:UnitCost>
                                    </proc:Cost>
                                    <proc:AllPriorYearsDeliveries>347</proc:AllPriorYearsDeliveries>
                                    <proc:ManufacturerList>
                                        <proc:Manufacturer>
                                            <proc:Name>Raytheon</proc:Name>
                                            <proc:Location>Tucson, AZ</proc:Location>
                                            <proc:MinimumSustainingRate>1.00</proc:MinimumSustainingRate>
                                            <proc:MaximumProductionRate>5.00</proc:MaximumProductionRate>
                                            <proc:Rate185>4.00</proc:Rate185>
                                            <proc:InitialQuantity>
                                                <proc:AdminLeadTimeBeforeOct1InMonths>14</proc:AdminLeadTimeBeforeOct1InMonths>
                                                <proc:AdminLeadTimeAfterOct1InMonths>5</proc:AdminLeadTimeAfterOct1InMonths>
                                                <proc:ProductionLeadTimeAfterOct1InMonths>36</proc:ProductionLeadTimeAfterOct1InMonths>
                                                <proc:TotalLeadTimeAfterOct1InMonths>41</proc:TotalLeadTimeAfterOct1InMonths>
                                            </proc:InitialQuantity>
                                            <proc:ReorderQuantity>
                                                <proc:AdminLeadTimeBeforeOct1InMonths>36</proc:AdminLeadTimeBeforeOct1InMonths>
                                                <proc:AdminLeadTimeAfterOct1InMonths>0</proc:AdminLeadTimeAfterOct1InMonths>
                                                <proc:ProductionLeadTimeAfterOct1InMonths>36</proc:ProductionLeadTimeAfterOct1InMonths>
                                                <proc:TotalLeadTimeAfterOct1InMonths>36</proc:TotalLeadTimeAfterOct1InMonths>
                                            </proc:ReorderQuantity>
                                            <proc:HistoryPlanningList>
                                                <proc:HistoryPlanning>
                                                    <proc:FiscalYear>2021</proc:FiscalYear>
                                                    <proc:PCOLocation>Dahlgren, VA</proc:PCOLocation>
                                                    <proc:AwardDate>2021-03</proc:AwardDate>
                                                    <proc:FirstDeliveryDate>2024-06</proc:FirstDeliveryDate>
                                                    <proc:Quantity>40.000</proc:Quantity>
                                                    <proc:UnitCost>8.890</proc:UnitCost>
                                                    <proc:SpecsAvailableNow>true</proc:SpecsAvailableNow>
                                                    <proc:RFPIssueDate>2018-08</proc:RFPIssueDate>
                                                    <proc:ContractMethod>SS</proc:ContractMethod>
                                                    <proc:ContractType>FPIF</proc:ContractType>
                                                    <proc:MonthlyDeliveryScheduleList>
                                                        <proc:MonthlyDeliverySchedule>
                                                            <proc:ServiceAgencyName>Missile Defense Agency</proc:ServiceAgencyName>
                                                            <proc:ProcQuantity>40.000</proc:ProcQuantity>
                                                            <proc:MonthlyDeliveryList>
                                                                <proc:MonthlyDelivery>
                                                                    <proc:Month>2025-03</proc:Month>
                                                                    <proc:Amount>11</proc:Amount>
                                                                </proc:MonthlyDelivery>
                                                                <proc:MonthlyDelivery>
                                                                    <proc:Month>2024-09</proc:Month>
                                                                    <proc:Amount>7</proc:Amount>
                                                                </proc:MonthlyDelivery>
                                                                <proc:MonthlyDelivery>
                                                                    <proc:Month>2024-06</proc:Month>
                                                                    <proc:Amount>1</proc:Amount>
                                                                </proc:MonthlyDelivery>
                                                                <proc:MonthlyDelivery>
                                                                    <proc:Month>2024-10</proc:Month>
                                                                    <proc:Amount>4</proc:Amount>
                                                                </proc:MonthlyDelivery>
                                                                <proc:MonthlyDelivery>
                                                                    <proc:Month>2024-11</proc:Month>
                                                                    <proc:Amount>5</proc:Amount>
                                                                </proc:MonthlyDelivery>
                                                                <proc:MonthlyDelivery>
                                                                    <proc:Month>2024-12</proc:Month>
                                                                    <proc:Amount>12</proc:Amount>
                                                                </proc:MonthlyDelivery>
                                                            </proc:MonthlyDeliveryList>
                                                        </proc:MonthlyDeliverySchedule>
                                                    </proc:MonthlyDeliveryScheduleList>
                                                </proc:HistoryPlanning>
                                                <proc:HistoryPlanning>
                                                    <proc:FiscalYear>2022</proc:FiscalYear>
                                                    <proc:PCOLocation>Dahlgren, VA</proc:PCOLocation>
                                                    <proc:AwardDate>2022-03</proc:AwardDate>
                                                    <proc:FirstDeliveryDate>2025-04</proc:FirstDeliveryDate>
                                                    <proc:Quantity>40.000</proc:Quantity>
                                                    <proc:UnitCost>8.890</proc:UnitCost>
                                                    <proc:SpecsAvailableNow>true</proc:SpecsAvailableNow>
                                                    <proc:RFPIssueDate>2018-08</proc:RFPIssueDate>
                                                    <proc:ContractMethod>SS</proc:ContractMethod>
                                                    <proc:ContractType>FPIF</proc:ContractType>
                                                    <proc:MonthlyDeliveryScheduleList>
                                                        <proc:MonthlyDeliverySchedule>
                                                            <proc:ServiceAgencyName>Missile Defense Agency</proc:ServiceAgencyName>
                                                            <proc:ProcQuantity>40.000</proc:ProcQuantity>
                                                            <proc:MonthlyDeliveryList>
                                                                <proc:MonthlyDelivery>
                                                                    <proc:Month>2025-04</proc:Month>
                                                                    <proc:Amount>8</proc:Amount>
                                                                </proc:MonthlyDelivery>
                                                                <proc:MonthlyDelivery>
                                                                    <proc:Month>2025-06</proc:Month>
                                                                    <proc:Amount>10</proc:Amount>
                                                                </proc:MonthlyDelivery>
                                                                <proc:MonthlyDelivery>
                                                                    <proc:Month>2025-09</proc:Month>
                                                                    <proc:Amount>11</proc:Amount>
                                                                </proc:MonthlyDelivery>
                                                                <proc:MonthlyDelivery>
                                                                    <proc:Month>2025-12</proc:Month>
                                                                    <proc:Amount>11</proc:Amount>
                                                                </proc:MonthlyDelivery>
                                                            </proc:MonthlyDeliveryList>
                                                        </proc:MonthlyDeliverySchedule>
                                                    </proc:MonthlyDeliveryScheduleList>
                                                </proc:HistoryPlanning>
                                                <proc:HistoryPlanning>
                                                    <proc:FiscalYear>2023</proc:FiscalYear>
                                                    <proc:PCOLocation>Dahlgren, VA</proc:PCOLocation>
                                                    <proc:AwardDate>2023-03</proc:AwardDate>
                                                    <proc:FirstDeliveryDate>2026-02</proc:FirstDeliveryDate>
                                                    <proc:Quantity>47.000</proc:Quantity>
                                                    <proc:UnitCost>8.980</proc:UnitCost>
                                                    <proc:SpecsAvailableNow>true</proc:SpecsAvailableNow>
                                                    <proc:RFPIssueDate>2018-08</proc:RFPIssueDate>
                                                    <proc:ContractMethod>SS</proc:ContractMethod>
                                                    <proc:ContractType>FPIF</proc:ContractType>
                                                    <proc:MonthlyDeliveryScheduleList>
                                                        <proc:MonthlyDeliverySchedule>
                                                            <proc:ServiceAgencyName>Missile Defense Agency</proc:ServiceAgencyName>
                                                            <proc:ProcQuantity>47.000</proc:ProcQuantity>
                                                            <proc:MonthlyDeliveryList>
                                                                <proc:MonthlyDelivery>
                                                                    <proc:Month>2026-02</proc:Month>
                                                                    <proc:Amount>9</proc:Amount>
                                                                </proc:MonthlyDelivery>
                                                                <proc:MonthlyDelivery>
                                                                    <proc:Month>2026-05</proc:Month>
                                                                    <proc:Amount>12</proc:Amount>
                                                                </proc:MonthlyDelivery>
                                                                <proc:MonthlyDelivery>
                                                                    <proc:Month>2026-08</proc:Month>
                                                                    <proc:Amount>13</proc:Amount>
                                                                </proc:MonthlyDelivery>
                                                                <proc:MonthlyDelivery>
                                                                    <proc:Month>2026-11</proc:Month>
                                                                    <proc:Amount>13</proc:Amount>
                                                                </proc:MonthlyDelivery>
                                                            </proc:MonthlyDeliveryList>
                                                        </proc:MonthlyDeliverySchedule>
                                                    </proc:MonthlyDeliveryScheduleList>
                                                </proc:HistoryPlanning>
                                                <proc:HistoryPlanning>
                                                    <proc:FiscalYear>2024</proc:FiscalYear>
                                                    <proc:PCOLocation>Dahlgren, VA</proc:PCOLocation>
                                                    <proc:AwardDate>2025-05</proc:AwardDate>
                                                    <proc:FirstDeliveryDate>2028-09</proc:FirstDeliveryDate>
                                                    <proc:Quantity>27.000</proc:Quantity>
                                                    <proc:UnitCost>12.500</proc:UnitCost>
                                                    <proc:SpecsAvailableNow>true</proc:SpecsAvailableNow>
                                                    <proc:RFPIssueDate>2024-09</proc:RFPIssueDate>
                                                    <proc:ContractMethod>SS</proc:ContractMethod>
                                                    <proc:ContractType>FPIF</proc:ContractType>
                                                    <proc:MonthlyDeliveryScheduleList>
                                                        <proc:MonthlyDeliverySchedule>
                                                            <proc:ServiceAgencyName>Missile Defense Agency</proc:ServiceAgencyName>
                                                            <proc:ProcQuantity>27.000</proc:ProcQuantity>
                                                            <proc:MonthlyDeliveryList>
                                                                <proc:MonthlyDelivery>
                                                                    <proc:Month>2028-12</proc:Month>
                                                                    <proc:Amount>6</proc:Amount>
                                                                </proc:MonthlyDelivery>
                                                                <proc:MonthlyDelivery>
                                                                    <proc:Month>2029-06</proc:Month>
                                                                    <proc:Amount>6</proc:Amount>
                                                                </proc:MonthlyDelivery>
                                                                <proc:MonthlyDelivery>
                                                                    <proc:Month>2029-03</proc:Month>
                                                                    <proc:Amount>6</proc:Amount>
                                                                </proc:MonthlyDelivery>
                                                                <proc:MonthlyDelivery>
                                                                    <proc:Month>2028-09</proc:Month>
                                                                    <proc:Amount>9</proc:Amount>
                                                                </proc:MonthlyDelivery>
                                                            </proc:MonthlyDeliveryList>
                                                        </proc:MonthlyDeliverySchedule>
                                                    </proc:MonthlyDeliveryScheduleList>
                                                </proc:HistoryPlanning>
                                                <proc:HistoryPlanning>
                                                    <proc:FiscalYear>2025</proc:FiscalYear>
                                                    <proc:PCOLocation>Dahlgren, VA</proc:PCOLocation>
                                                    <proc:AwardDate>2025-05</proc:AwardDate>
                                                    <proc:FirstDeliveryDate>2028-10</proc:FirstDeliveryDate>
                                                    <proc:Quantity>6.000</proc:Quantity>
                                                    <proc:UnitCost>18.333</proc:UnitCost>
                                                    <proc:SpecsAvailableNow>false</proc:SpecsAvailableNow>
                                                    <proc:RFPIssueDate>2024-08</proc:RFPIssueDate>
                                                    <proc:ContractMethod>SS</proc:ContractMethod>
                                                    <proc:ContractType>BA</proc:ContractType>
                                                    <proc:MonthlyDeliveryScheduleList>
                                                        <proc:MonthlyDeliverySchedule>
                                                            <proc:ServiceAgencyName>Missile Defense Agency</proc:ServiceAgencyName>
                                                            <proc:ProcQuantity>6.000</proc:ProcQuantity>
                                                            <proc:MonthlyDeliveryList>
                                                                <proc:MonthlyDelivery>
                                                                    <proc:Month>2028-10</proc:Month>
                                                                    <proc:Amount>2</proc:Amount>
                                                                </proc:MonthlyDelivery>
                                                                <proc:MonthlyDelivery>
                                                                    <proc:Month>2028-11</proc:Month>
                                                                    <proc:Amount>2</proc:Amount>
                                                                </proc:MonthlyDelivery>
                                                                <proc:MonthlyDelivery>
                                                                    <proc:Month>2028-12</proc:Month>
                                                                    <proc:Amount>2</proc:Amount>
                                                                </proc:MonthlyDelivery>
                                                            </proc:MonthlyDeliveryList>
                                                        </proc:MonthlyDeliverySchedule>
                                                    </proc:MonthlyDeliveryScheduleList>
                                                </proc:HistoryPlanning>
                                            </proc:HistoryPlanningList>
                                        </proc:Manufacturer>
                                    </proc:ManufacturerList>
                                </proc:CostElement>
                                <proc:CostElement>
                                    <proc:Name>SM-3 Block IB Supplemental - Missiles</proc:Name>
                                    <proc:Cost>
                                        <proc:Quantity>
                                            <proc:PriorYear>9</proc:PriorYear>
                                        </proc:Quantity>
                                        <proc:TotalCost>
                                            <proc:PriorYear>211.419</proc:PriorYear>
                                        </proc:TotalCost>
                                        <proc:UnitCost>
                                            <proc:PriorYear>23.491</proc:PriorYear>
                                        </proc:UnitCost>
                                    </proc:Cost>
                                    <proc:ManufacturerList>
                                        <proc:Manufacturer>
                                            <proc:Name>Raytheon</proc:Name>
                                            <proc:Location>Tucson, AZ</proc:Location>
                                            <proc:MinimumSustainingRate>1.00</proc:MinimumSustainingRate>
                                            <proc:MaximumProductionRate>5.00</proc:MaximumProductionRate>
                                            <proc:Rate185>4.00</proc:Rate185>
                                            <proc:InitialQuantity>
                                                <proc:AdminLeadTimeBeforeOct1InMonths>0</proc:AdminLeadTimeBeforeOct1InMonths>
                                                <proc:AdminLeadTimeAfterOct1InMonths>23</proc:AdminLeadTimeAfterOct1InMonths>
                                                <proc:ProductionLeadTimeAfterOct1InMonths>36</proc:ProductionLeadTimeAfterOct1InMonths>
                                                <proc:TotalLeadTimeAfterOct1InMonths>59</proc:TotalLeadTimeAfterOct1InMonths>
                                            </proc:InitialQuantity>
                                            <proc:ReorderQuantity>
                                                <proc:AdminLeadTimeBeforeOct1InMonths>36</proc:AdminLeadTimeBeforeOct1InMonths>
                                                <proc:AdminLeadTimeAfterOct1InMonths>0</proc:AdminLeadTimeAfterOct1InMonths>
                                                <proc:ProductionLeadTimeAfterOct1InMonths>36</proc:ProductionLeadTimeAfterOct1InMonths>
                                                <proc:TotalLeadTimeAfterOct1InMonths>36</proc:TotalLeadTimeAfterOct1InMonths>
                                            </proc:ReorderQuantity>
                                            <proc:HistoryPlanningList>
                                                <proc:HistoryPlanning>
                                                    <proc:FiscalYear>2024</proc:FiscalYear>
                                                    <proc:PCOLocation>Dahlgren, VA</proc:PCOLocation>
                                                    <proc:AwardDate>2025-09</proc:AwardDate>
                                                    <proc:FirstDeliveryDate>2028-09</proc:FirstDeliveryDate>
                                                    <proc:Quantity>9.000</proc:Quantity>
                                                    <proc:UnitCost>23.491</proc:UnitCost>
                                                    <proc:SpecsAvailableNow>false</proc:SpecsAvailableNow>
                                                    <proc:RFPIssueDate>2024-09</proc:RFPIssueDate>
                                                    <proc:ContractMethod>SS</proc:ContractMethod>
                                                    <proc:ContractType>FPIF</proc:ContractType>
                                                    <proc:MonthlyDeliveryScheduleList>
                                                        <proc:MonthlyDeliverySchedule>
                                                            <proc:ServiceAgencyName>Missile Defense Agency</proc:ServiceAgencyName>
                                                            <proc:ProcQuantity>9.000</proc:ProcQuantity>
                                                            <proc:MonthlyDeliveryList>
                                                                <proc:MonthlyDelivery>
                                                                    <proc:Month>2028-09</proc:Month>
                                                                    <proc:Amount>9</proc:Amount>
                                                                </proc:MonthlyDelivery>
                                                            </proc:MonthlyDeliveryList>
                                                        </proc:MonthlyDeliverySchedule>
                                                    </proc:MonthlyDeliveryScheduleList>
                                                </proc:HistoryPlanning>
                                            </proc:HistoryPlanningList>
                                        </proc:Manufacturer>
                                    </proc:ManufacturerList>
                                </proc:CostElement>
                            </proc:CostElementList>
                            <proc:CategorySubtotal>
                                <proc:TotalCost>
                                    <proc:AllPriorYears>5673.795</proc:AllPriorYears>
                                    <proc:PriorYear>548.919</proc:PriorYear>
                                    <proc:CurrentYear>110</proc:CurrentYear>
                                </proc:TotalCost>
                            </proc:CategorySubtotal>
                        </proc:Recurring>
                        <proc:CategorySubtotal>
                            <proc:TotalCost>
                                <proc:AllPriorYears>5673.795</proc:AllPriorYears>
                                <proc:PriorYear>548.919</proc:PriorYear>
                                <proc:CurrentYear>110</proc:CurrentYear>
                            </proc:TotalCost>
                        </proc:CategorySubtotal>
                    </proc:Flyaway>
                    <proc:Hardware>
                        <proc:Recurring>
                            <proc:CostElementList>
                                <proc:CostElement>
                                    <proc:Name>Canisters Procurement SM-3 Block IA/IB (1)</proc:Name>
                                    <proc:Cost>
                                        <proc:Quantity>
                                            <proc:AllPriorYears>483</proc:AllPriorYears>
                                            <proc:PriorYear>27</proc:PriorYear>
                                        </proc:Quantity>
                                        <proc:TotalCost>
                                            <proc:AllPriorYears>128.116</proc:AllPriorYears>
                                            <proc:PriorYear>6.991</proc:PriorYear>
                                        </proc:TotalCost>
                                        <proc:UnitCost>
                                            <proc:AllPriorYears>0.265</proc:AllPriorYears>
                                            <proc:PriorYear>0.259</proc:PriorYear>
                                        </proc:UnitCost>
                                    </proc:Cost>
                                </proc:CostElement>
                                <proc:CostElement>
                                    <proc:Name>Supplement Canisters Procurement SM-3 Block IB</proc:Name>
                                    <proc:Cost>
                                        <proc:Quantity>
                                            <proc:PriorYear>9</proc:PriorYear>
                                        </proc:Quantity>
                                        <proc:TotalCost>
                                            <proc:PriorYear>2.331</proc:PriorYear>
                                        </proc:TotalCost>
                                        <proc:UnitCost>
                                            <proc:PriorYear>0.259</proc:PriorYear>
                                        </proc:UnitCost>
                                    </proc:Cost>
                                </proc:CostElement>
                            </proc:CostElementList>
                            <proc:CategorySubtotal>
                                <proc:TotalCost>
                                    <proc:AllPriorYears>128.116</proc:AllPriorYears>
                                    <proc:PriorYear>9.322</proc:PriorYear>
                                </proc:TotalCost>
                            </proc:CategorySubtotal>
                        </proc:Recurring>
                        <proc:CategorySubtotal>
                            <proc:TotalCost>
                                <proc:AllPriorYears>128.116</proc:AllPriorYears>
                                <proc:PriorYear>9.322</proc:PriorYear>
                            </proc:TotalCost>
                        </proc:CategorySubtotal>
                    </proc:Hardware>
                    <proc:Support>
                        <proc:CostElementList>
                            <proc:CostElement>
                                <proc:Name>Ballistic Barriers for Transportation SM-3 Block IB (2)</proc:Name>
                                <proc:Cost>
                                    <proc:Quantity>
                                        <proc:AllPriorYears>36</proc:AllPriorYears>
                                    </proc:Quantity>
                                    <proc:TotalCost>
                                        <proc:AllPriorYears>10.963</proc:AllPriorYears>
                                    </proc:TotalCost>
                                    <proc:UnitCost>
                                        <proc:AllPriorYears>0.305</proc:AllPriorYears>
                                    </proc:UnitCost>
                                </proc:Cost>
                            </proc:CostElement>
                            <proc:CostElement>
                                <proc:Name>Cyber Security (3)</proc:Name>
                                <proc:Cost>
                                    <proc:Quantity>
                                        <proc:AllPriorYears>2</proc:AllPriorYears>
                                    </proc:Quantity>
                                    <proc:TotalCost>
                                        <proc:AllPriorYears>3</proc:AllPriorYears>
                                    </proc:TotalCost>
                                    <proc:UnitCost>
                                        <proc:AllPriorYears>1.5</proc:AllPriorYears>
                                    </proc:UnitCost>
                                </proc:Cost>
                            </proc:CostElement>
                            <proc:CostElement>
                                <proc:Name>Diminishing Manufacturing Sources Mitigation (4)</proc:Name>
                                <proc:Cost>
                                    <proc:Quantity>
                                        <proc:AllPriorYears>6</proc:AllPriorYears>
                                        <proc:PriorYear>1</proc:PriorYear>
                                    </proc:Quantity>
                                    <proc:TotalCost>
                                        <proc:AllPriorYears>30.515</proc:AllPriorYears>
                                        <proc:PriorYear>6.091</proc:PriorYear>
                                    </proc:TotalCost>
                                    <proc:UnitCost>
                                        <proc:AllPriorYears>5.086</proc:AllPriorYears>
                                        <proc:PriorYear>6.091</proc:PriorYear>
                                    </proc:UnitCost>
                                </proc:Cost>
                            </proc:CostElement>
                            <proc:CostElement>
                                <proc:Name>SM-3 Block IB Investment Spares (5)</proc:Name>
                                <proc:Cost>
                                    <proc:Quantity>
                                        <proc:AllPriorYears>7</proc:AllPriorYears>
                                        <proc:PriorYear>1</proc:PriorYear>
                                        <proc:CurrentYear>1</proc:CurrentYear>
                                    </proc:Quantity>
                                    <proc:TotalCost>
                                        <proc:AllPriorYears>57.537</proc:AllPriorYears>
                                        <proc:PriorYear>7.6</proc:PriorYear>
                                        <proc:CurrentYear>85</proc:CurrentYear>
                                    </proc:TotalCost>
                                    <proc:UnitCost>
                                        <proc:AllPriorYears>8.22</proc:AllPriorYears>
                                        <proc:PriorYear>7.6</proc:PriorYear>
                                        <proc:CurrentYear>85</proc:CurrentYear>
                                    </proc:UnitCost>
                                </proc:Cost>
                            </proc:CostElement>
                            <proc:CostElement>
                                <proc:Name>SM-3 Block IB Obsolescence (6)</proc:Name>
                                <proc:Cost>
                                    <proc:Quantity>
                                        <proc:AllPriorYears>7</proc:AllPriorYears>
                                        <proc:PriorYear>1</proc:PriorYear>
                                    </proc:Quantity>
                                    <proc:TotalCost>
                                        <proc:AllPriorYears>57.374</proc:AllPriorYears>
                                        <proc:PriorYear>1.384</proc:PriorYear>
                                    </proc:TotalCost>
                                    <proc:UnitCost>
                                        <proc:AllPriorYears>8.196</proc:AllPriorYears>
                                        <proc:PriorYear>1.384</proc:PriorYear>
                                    </proc:UnitCost>
                                </proc:Cost>
                            </proc:CostElement>
                            <proc:CostElement>
                                <proc:Name>SM-3 Block IB Production Engineering (7)</proc:Name>
                                <proc:Cost>
                                    <proc:Quantity>
                                        <proc:AllPriorYears>12</proc:AllPriorYears>
                                        <proc:PriorYear>1</proc:PriorYear>
                                    </proc:Quantity>
                                    <proc:TotalCost>
                                        <proc:AllPriorYears>226.415</proc:AllPriorYears>
                                        <proc:PriorYear>7.714</proc:PriorYear>
                                    </proc:TotalCost>
                                    <proc:UnitCost>
                                        <proc:AllPriorYears>18.868</proc:AllPriorYears>
                                        <proc:PriorYear>7.714</proc:PriorYear>
                                    </proc:UnitCost>
                                </proc:Cost>
                            </proc:CostElement>
                            <proc:CostElement>
                                <proc:Name>SM-3 Block IB Service Life Evaluation Program (9)</proc:Name>
                                <proc:Cost>
                                    <proc:Quantity>
                                        <proc:AllPriorYears>5</proc:AllPriorYears>
                                    </proc:Quantity>
                                    <proc:TotalCost>
                                        <proc:AllPriorYears>13.9</proc:AllPriorYears>
                                    </proc:TotalCost>
                                    <proc:UnitCost>
                                        <proc:AllPriorYears>2.78</proc:AllPriorYears>
                                    </proc:UnitCost>
                                </proc:Cost>
                            </proc:CostElement>
                            <proc:CostElement>
                                <proc:Name>SM-3 Block IB Systems Engineering and Integration (10)</proc:Name>
                                <proc:Cost>
                                    <proc:Quantity>
                                        <proc:AllPriorYears>6</proc:AllPriorYears>
                                        <proc:PriorYear>1</proc:PriorYear>
                                    </proc:Quantity>
                                    <proc:TotalCost>
                                        <proc:AllPriorYears>38.792</proc:AllPriorYears>
                                        <proc:PriorYear>7.476</proc:PriorYear>
                                    </proc:TotalCost>
                                    <proc:UnitCost>
                                        <proc:AllPriorYears>6.465</proc:AllPriorYears>
                                        <proc:PriorYear>7.476</proc:PriorYear>
                                    </proc:UnitCost>
                                </proc:Cost>
                            </proc:CostElement>
                            <proc:CostElement>
                                <proc:Name>Supplemental :SM-3 Block IB Engineering Change Proposals (ECPs)</proc:Name>
                                <proc:Cost>
                                    <proc:Quantity>
                                        <proc:PriorYear>1</proc:PriorYear>
                                    </proc:Quantity>
                                    <proc:TotalCost>
                                        <proc:PriorYear>13</proc:PriorYear>
                                    </proc:TotalCost>
                                    <proc:UnitCost>
                                        <proc:PriorYear>13</proc:PriorYear>
                                    </proc:UnitCost>
                                </proc:Cost>
                            </proc:CostElement>
                        </proc:CostElementList>
                        <proc:CategorySubtotal>
                            <proc:TotalCost>
                                <proc:AllPriorYears>438.496</proc:AllPriorYears>
                                <proc:PriorYear>43.265</proc:PriorYear>
                                <proc:CurrentYear>85</proc:CurrentYear>
                            </proc:TotalCost>
                        </proc:CategorySubtotal>
                    </proc:Support>
                </proc:CostElementCategoryList>
                <proc:OverallDeliveryScheduleRemarks>FY25 deliveries in conjunction with FY24</proc:OverallDeliveryScheduleRemarks>
            </proc:P5Item>
            <proc:P5Item>
                <proc:Name>Aegis BMD SM-3 Block IIA</proc:Name>
                <proc:IdCode>A</proc:IdCode>
                <proc:Remarks>N/A</proc:Remarks>
                <proc:ResourceSummary>
                    <proc:Quantity>
                        <proc:AllPriorYears>30</proc:AllPriorYears>
                    </proc:Quantity>
                    <proc:TotalCost>
                        <proc:AllPriorYears>851.058</proc:AllPriorYears>
                        <proc:PriorYear>0</proc:PriorYear>
                        <proc:CurrentYear>0</proc:CurrentYear>
                    </proc:TotalCost>
                    <proc:UnitCost>
                        <proc:AllPriorYears>28.369</proc:AllPriorYears>
                        <proc:PriorYear>0</proc:PriorYear>
                        <proc:CurrentYear>0</proc:CurrentYear>
                    </proc:UnitCost>
                    <proc:PYAdvanceProcurement>
                        <proc:AllPriorYears>0</proc:AllPriorYears>
                        <proc:PriorYear>0</proc:PriorYear>
                        <proc:CurrentYear>0</proc:CurrentYear>
                    </proc:PYAdvanceProcurement>
                    <proc:NetProcurementP1>
                        <proc:AllPriorYears>851.058</proc:AllPriorYears>
                        <proc:PriorYear>0</proc:PriorYear>
                        <proc:CurrentYear>0</proc:CurrentYear>
                    </proc:NetProcurementP1>
                    <proc:CYAdvanceProcurement>
                        <proc:AllPriorYears>0</proc:AllPriorYears>
                        <proc:PriorYear>0</proc:PriorYear>
                        <proc:CurrentYear>0</proc:CurrentYear>
                    </proc:CYAdvanceProcurement>
                    <proc:TotalObligationAuthority>
                        <proc:AllPriorYears>851.058</proc:AllPriorYears>
                        <proc:PriorYear>0</proc:PriorYear>
                        <proc:CurrentYear>0</proc:CurrentYear>
                    </proc:TotalObligationAuthority>
                </proc:ResourceSummary>
                <proc:CostElementCategoryList>
                    <proc:Flyaway>
                        <proc:Recurring>
                            <proc:CostElementList>
                                <proc:CostElement>
                                    <proc:Name>SM-3 Block IIA Procurement</proc:Name>
                                    <proc:Cost>
                                        <proc:Quantity>
                                            <proc:AllPriorYears>30</proc:AllPriorYears>
                                        </proc:Quantity>
                                        <proc:TotalCost>
                                            <proc:AllPriorYears>810.533</proc:AllPriorYears>
                                        </proc:TotalCost>
                                        <proc:UnitCost>
                                            <proc:AllPriorYears>27.018</proc:AllPriorYears>
                                        </proc:UnitCost>
                                    </proc:Cost>
                                    <proc:ManufacturerList>
                                        <proc:Manufacturer>
                                            <proc:Name>Raytheon</proc:Name>
                                            <proc:Location>Tucson, AZ</proc:Location>
                                            <proc:MinimumSustainingRate>0.00</proc:MinimumSustainingRate>
                                            <proc:MaximumProductionRate>2.00</proc:MaximumProductionRate>
                                            <proc:Rate185>1.00</proc:Rate185>
                                            <proc:InitialQuantity>
                                                <proc:AdminLeadTimeBeforeOct1InMonths>4</proc:AdminLeadTimeBeforeOct1InMonths>
                                                <proc:AdminLeadTimeAfterOct1InMonths>0</proc:AdminLeadTimeAfterOct1InMonths>
                                                <proc:ProductionLeadTimeAfterOct1InMonths>39</proc:ProductionLeadTimeAfterOct1InMonths>
                                                <proc:TotalLeadTimeAfterOct1InMonths>39</proc:TotalLeadTimeAfterOct1InMonths>
                                            </proc:InitialQuantity>
                                            <proc:ReorderQuantity>
                                                <proc:AdminLeadTimeBeforeOct1InMonths>4</proc:AdminLeadTimeBeforeOct1InMonths>
                                                <proc:AdminLeadTimeAfterOct1InMonths>0</proc:AdminLeadTimeAfterOct1InMonths>
                                                <proc:ProductionLeadTimeAfterOct1InMonths>39</proc:ProductionLeadTimeAfterOct1InMonths>
                                                <proc:TotalLeadTimeAfterOct1InMonths>39</proc:TotalLeadTimeAfterOct1InMonths>
                                            </proc:ReorderQuantity>
                                            <proc:HistoryPlanningList>
                                                <proc:HistoryPlanning>
                                                    <proc:FiscalYear>2018</proc:FiscalYear>
                                                    <proc:PCOLocation>Dahlgren, VA</proc:PCOLocation>
                                                    <proc:AwardDate>2018-08</proc:AwardDate>
                                                    <proc:FirstDeliveryDate>2022-03</proc:FirstDeliveryDate>
                                                    <proc:Quantity>20.000</proc:Quantity>
                                                    <proc:UnitCost>26.848</proc:UnitCost>
                                                    <proc:SpecsAvailableNow>true</proc:SpecsAvailableNow>
                                                    <proc:ContractMethod>SS</proc:ContractMethod>
                                                    <proc:ContractType>CPIF</proc:ContractType>
                                                    <proc:MonthlyDeliveryScheduleList>
                                                        <proc:MonthlyDeliverySchedule>
                                                            <proc:ServiceAgencyName>Missile Defense Agency</proc:ServiceAgencyName>
                                                            <proc:ProcQuantity>20.000</proc:ProcQuantity>
                                                            <proc:MonthlyDeliveryList>
                                                                <proc:MonthlyDelivery>
                                                                    <proc:Month>2024-11</proc:Month>
                                                                    <proc:Amount>1</proc:Amount>
                                                                </proc:MonthlyDelivery>
                                                                <proc:MonthlyDelivery>
                                                                    <proc:Month>2025-02</proc:Month>
                                                                    <proc:Amount>1</proc:Amount>
                                                                </proc:MonthlyDelivery>
                                                                <proc:MonthlyDelivery>
                                                                    <proc:Month>2022-03</proc:Month>
                                                                    <proc:Amount>3</proc:Amount>
                                                                </proc:MonthlyDelivery>
                                                                <proc:MonthlyDelivery>
                                                                    <proc:Month>2022-05</proc:Month>
                                                                    <proc:Amount>2</proc:Amount>
                                                                </proc:MonthlyDelivery>
                                                                <proc:MonthlyDelivery>
                                                                    <proc:Month>2025-07</proc:Month>
                                                                    <proc:Amount>3</proc:Amount>
                                                                </proc:MonthlyDelivery>
                                                                <proc:MonthlyDelivery>
                                                                    <proc:Month>2022-04</proc:Month>
                                                                    <proc:Amount>1</proc:Amount>
                                                                </proc:MonthlyDelivery>
                                                                <proc:MonthlyDelivery>
                                                                    <proc:Month>2022-06</proc:Month>
                                                                    <proc:Amount>1</proc:Amount>
                                                                </proc:MonthlyDelivery>
                                                                <proc:MonthlyDelivery>
                                                                    <proc:Month>2022-07</proc:Month>
                                                                    <proc:Amount>2</proc:Amount>
                                                                </proc:MonthlyDelivery>
                                                                <proc:MonthlyDelivery>
                                                                    <proc:Month>2022-09</proc:Month>
                                                                    <proc:Amount>1</proc:Amount>
                                                                </proc:MonthlyDelivery>
                                                                <proc:MonthlyDelivery>
                                                                    <proc:Month>2024-01</proc:Month>
                                                                    <proc:Amount>1</proc:Amount>
                                                                </proc:MonthlyDelivery>
                                                                <proc:MonthlyDelivery>
                                                                    <proc:Month>2024-09</proc:Month>
                                                                    <proc:Amount>2</proc:Amount>
                                                                </proc:MonthlyDelivery>
                                                                <proc:MonthlyDelivery>
                                                                    <proc:Month>2024-06</proc:Month>
                                                                    <proc:Amount>2</proc:Amount>
                                                                </proc:MonthlyDelivery>
                                                            </proc:MonthlyDeliveryList>
                                                        </proc:MonthlyDeliverySchedule>
                                                    </proc:MonthlyDeliveryScheduleList>
                                                </proc:HistoryPlanning>
                                                <proc:HistoryPlanning>
                                                    <proc:FiscalYear>2019</proc:FiscalYear>
                                                    <proc:PCOLocation>Dahlgren, VA</proc:PCOLocation>
                                                    <proc:AwardDate>2019-12</proc:AwardDate>
                                                    <proc:FirstDeliveryDate>2025-08</proc:FirstDeliveryDate>
                                                    <proc:Quantity>10.000</proc:Quantity>
                                                    <proc:UnitCost>25.403</proc:UnitCost>
                                                    <proc:SpecsAvailableNow>true</proc:SpecsAvailableNow>
                                                    <proc:RFPIssueDate>2019-08</proc:RFPIssueDate>
                                                    <proc:ContractMethod>SS</proc:ContractMethod>
                                                    <proc:ContractType>CPIF</proc:ContractType>
                                                    <proc:MonthlyDeliveryScheduleList>
                                                        <proc:MonthlyDeliverySchedule>
                                                            <proc:ServiceAgencyName>Missile Defense Agency</proc:ServiceAgencyName>
                                                            <proc:ProcQuantity>10.000</proc:ProcQuantity>
                                                            <proc:MonthlyDeliveryList>
                                                                <proc:MonthlyDelivery>
                                                                    <proc:Month>2025-12</proc:Month>
                                                                    <proc:Amount>2</proc:Amount>
                                                                </proc:MonthlyDelivery>
                                                                <proc:MonthlyDelivery>
                                                                    <proc:Month>2025-11</proc:Month>
                                                                    <proc:Amount>2</proc:Amount>
                                                                </proc:MonthlyDelivery>
                                                                <proc:MonthlyDelivery>
                                                                    <proc:Month>2025-08</proc:Month>
                                                                    <proc:Amount>2</proc:Amount>
                                                                </proc:MonthlyDelivery>
                                                                <proc:MonthlyDelivery>
                                                                    <proc:Month>2025-09</proc:Month>
                                                                    <proc:Amount>2</proc:Amount>
                                                                </proc:MonthlyDelivery>
                                                                <proc:MonthlyDelivery>
                                                                    <proc:Month>2025-10</proc:Month>
                                                                    <proc:Amount>2</proc:Amount>
                                                                </proc:MonthlyDelivery>
                                                            </proc:MonthlyDeliveryList>
                                                        </proc:MonthlyDeliverySchedule>
                                                    </proc:MonthlyDeliveryScheduleList>
                                                </proc:HistoryPlanning>
                                            </proc:HistoryPlanningList>
                                        </proc:Manufacturer>
                                    </proc:ManufacturerList>
                                </proc:CostElement>
                            </proc:CostElementList>
                            <proc:CategorySubtotal>
                                <proc:TotalCost>
                                    <proc:AllPriorYears>810.533</proc:AllPriorYears>
                                </proc:TotalCost>
                            </proc:CategorySubtotal>
                        </proc:Recurring>
                        <proc:CategorySubtotal>
                            <proc:TotalCost>
                                <proc:AllPriorYears>810.533</proc:AllPriorYears>
                            </proc:TotalCost>
                        </proc:CategorySubtotal>
                    </proc:Flyaway>
                    <proc:Hardware>
                        <proc:Recurring>
                            <proc:CostElementList>
                                <proc:CostElement>
                                    <proc:Name>Canisters Procurement SM-3 Block IIA</proc:Name>
                                    <proc:Cost>
                                        <proc:Quantity>
                                            <proc:AllPriorYears>32</proc:AllPriorYears>
                                        </proc:Quantity>
                                        <proc:TotalCost>
                                            <proc:AllPriorYears>39.171</proc:AllPriorYears>
                                        </proc:TotalCost>
                                        <proc:UnitCost>
                                            <proc:AllPriorYears>1.224</proc:AllPriorYears>
                                        </proc:UnitCost>
                                    </proc:Cost>
                                </proc:CostElement>
                            </proc:CostElementList>
                            <proc:CategorySubtotal>
                                <proc:TotalCost>
                                    <proc:AllPriorYears>39.171</proc:AllPriorYears>
                                </proc:TotalCost>
                            </proc:CategorySubtotal>
                        </proc:Recurring>
                        <proc:CategorySubtotal>
                            <proc:TotalCost>
                                <proc:AllPriorYears>39.171</proc:AllPriorYears>
                            </proc:TotalCost>
                        </proc:CategorySubtotal>
                    </proc:Hardware>
                    <proc:Support>
                        <proc:CostElementList>
                            <proc:CostElement>
                                <proc:Name>SM-3 Block IIA Production Engineering</proc:Name>
                                <proc:Cost>
                                    <proc:Quantity>
                                        <proc:AllPriorYears>1</proc:AllPriorYears>
                                    </proc:Quantity>
                                    <proc:TotalCost>
                                        <proc:AllPriorYears>1.354</proc:AllPriorYears>
                                    </proc:TotalCost>
                                    <proc:UnitCost>
                                        <proc:AllPriorYears>1.354</proc:AllPriorYears>
                                    </proc:UnitCost>
                                </proc:Cost>
                            </proc:CostElement>
                        </proc:CostElementList>
                        <proc:CategorySubtotal>
                            <proc:TotalCost>
                                <proc:AllPriorYears>1.354</proc:AllPriorYears>
                            </proc:TotalCost>
                        </proc:CategorySubtotal>
                    </proc:Support>
                </proc:CostElementCategoryList>
                <proc:OverallDeliveryScheduleRemarks>Gaps in delivery of US SM-3 Block IIA denotes FMS deliveries.</proc:OverallDeliveryScheduleRemarks>
            </proc:P5Item>
        </proc:ItemExhibitList>
        <proc:DocumentAssemblyOptions>
            <proc:p40AItemScheduleSetting>expandItemSuppressExhibit</proc:p40AItemScheduleSetting>
        </proc:DocumentAssemblyOptions>
    </proc:LineItem>
</proc:LineItemList>