<?xml version="1.0" encoding="UTF-8"?>
<proc:LineItemList xmlns:proc="http://www.dtic.mil/comptroller/xml/schema/20100219/procurement">
    <proc:LineItem quantityUnits="Each" quantityUnitName="Each" unitCostUnits="Millions" totalCostUnits="Millions" manufacturerRateUnits="Monthly">
        <proc:LineItemNumber>MD83</proc:LineItemNumber>
        <proc:LineItemTitle>Iron Dome</proc:LineItemTitle>
        <proc:P1LineNumber>56</proc:P1LineNumber>
        <proc:BudgetYear>2026</proc:BudgetYear>
        <proc:BudgetCycle>PB</proc:BudgetCycle>
        <proc:SubmissionDate>2025-06</proc:SubmissionDate>
        <proc:ServiceAgencyName>Missile Defense Agency</proc:ServiceAgencyName>
        <proc:AppropriationNumber>0300D</proc:AppropriationNumber>
        <proc:AppropriationTitle>Procurement, Defense-Wide</proc:AppropriationTitle>
        <proc:BudgetActivityNumber>1</proc:BudgetActivityNumber>
        <proc:BudgetActivityTitle>Major Equipment</proc:BudgetActivityTitle>
        <proc:BudgetSubActivityNumber>17</proc:BudgetSubActivityNumber>
        <proc:BudgetSubActivityTitle>Major Equipment, Missile Defense Agency</proc:BudgetSubActivityTitle>
        <proc:ResourceSummary>
            <proc:Quantity>
                <proc:AllPriorYears>12</proc:AllPriorYears>
                <proc:PriorYear>1</proc:PriorYear>
                <proc:CurrentYear>1</proc:CurrentYear>
                <proc:BudgetYearOneBase>1</proc:BudgetYearOneBase>
                <proc:BudgetYearOne>1</proc:BudgetYearOne>
            </proc:Quantity>
            <proc:TotalCost>
                <proc:AllPriorYears>2829.63</proc:AllPriorYears>
                <proc:PriorYear>3080</proc:PriorYear>
                <proc:CurrentYear>110</proc:CurrentYear>
                <proc:BudgetYearOneBase>60</proc:BudgetYearOneBase>
                <proc:BudgetYearOne>60</proc:BudgetYearOne>
            </proc:TotalCost>
            <proc:UnitCost>
                <proc:AllPriorYears>235.803</proc:AllPriorYears>
                <proc:PriorYear>3080</proc:PriorYear>
                <proc:CurrentYear>110</proc:CurrentYear>
                <proc:BudgetYearOneBase>60</proc:BudgetYearOneBase>
                <proc:BudgetYearOne>60</proc:BudgetYearOne>
            </proc:UnitCost>
            <proc:PYAdvanceProcurement>
                <proc:AllPriorYears>0</proc:AllPriorYears>
                <proc:PriorYear>0</proc:PriorYear>
                <proc:CurrentYear>0</proc:CurrentYear>
            </proc:PYAdvanceProcurement>
            <proc:NetProcurementP1>
                <proc:AllPriorYears>2829.63</proc:AllPriorYears>
                <proc:PriorYear>3080</proc:PriorYear>
                <proc:CurrentYear>110</proc:CurrentYear>
                <proc:BudgetYearOneBase>60</proc:BudgetYearOneBase>
                <proc:BudgetYearOne>60</proc:BudgetYearOne>
            </proc:NetProcurementP1>
            <proc:CYAdvanceProcurement>
                <proc:AllPriorYears>0</proc:AllPriorYears>
                <proc:PriorYear>0</proc:PriorYear>
                <proc:CurrentYear>0</proc:CurrentYear>
            </proc:CYAdvanceProcurement>
            <proc:TotalObligationAuthority>
                <proc:AllPriorYears>2829.63</proc:AllPriorYears>
                <proc:PriorYear>3080</proc:PriorYear>
                <proc:CurrentYear>110</proc:CurrentYear>
                <proc:BudgetYearOneBase>60</proc:BudgetYearOneBase>
                <proc:BudgetYearOne>60</proc:BudgetYearOne>
            </proc:TotalObligationAuthority>
            <proc:InitialSpares>
                <proc:AllPriorYears>0</proc:AllPriorYears>
            </proc:InitialSpares>
            <proc:FlyawayUnitCost>
                <proc:AllPriorYears>0</proc:AllPriorYears>
            </proc:FlyawayUnitCost>
        </proc:ResourceSummary>
        <proc:Code>A</proc:Code>
        <proc:OtherRelatedProgramElementList>
            <proc:ProgramElementNumber>0603913C</proc:ProgramElementNumber>
        </proc:OtherRelatedProgramElementList>
        <proc:Description>This procurement program provides funding to the Government of Israel to procure Iron Dome components. Quantities are classified. The unit quantity of one is used as a proxy in each fiscal year with funding.

Funding profile mirrors the Program Funding Baseline that has been coordinated with Israeli Missile Defense Organization based on the Strategic Plan of the Memorandum of Understanding between Israel and the United States.  (Additional information available in a higher classification level).</proc:Description>
        <proc:Justification>This procurement program provides funding to the Government of Israel to procure Iron Dome components.  Supplemental funding appropriated in the amount of $3 billion in Division A of Public Law 118-50, Israel Security Supplemental Appropriation Act, 2024.</proc:Justification>
        <proc:MDAPCode>362</proc:MDAPCode>
        <proc:ItemExhibitList>
            <proc:P5Item>
                <proc:Name>Iron Dome</proc:Name>
                <proc:IdCode>A</proc:IdCode>
                <proc:Remarks>Procurement of additional Iron Dome components. Quantities are classified. The unit quantity of one is used as a proxy in each fiscal year with funding.  Supplemental funding appropriated in the amount of $3 billion in Division A of Public Law 118-50, Israel Security Supplemental Appropriation Act, 2024.</proc:Remarks>
                <proc:ResourceSummary>
                    <proc:Quantity>
                        <proc:AllPriorYears>12</proc:AllPriorYears>
                        <proc:PriorYear>1</proc:PriorYear>
                        <proc:CurrentYear>1</proc:CurrentYear>
                        <proc:BudgetYearOneBase>1</proc:BudgetYearOneBase>
                        <proc:BudgetYearOne>1</proc:BudgetYearOne>
                    </proc:Quantity>
                    <proc:TotalCost>
                        <proc:AllPriorYears>2829.63</proc:AllPriorYears>
                        <proc:PriorYear>3080</proc:PriorYear>
                        <proc:CurrentYear>110</proc:CurrentYear>
                        <proc:BudgetYearOneBase>60</proc:BudgetYearOneBase>
                        <proc:BudgetYearOne>60</proc:BudgetYearOne>
                    </proc:TotalCost>
                    <proc:UnitCost>
                        <proc:AllPriorYears>235.803</proc:AllPriorYears>
                        <proc:PriorYear>3080</proc:PriorYear>
                        <proc:CurrentYear>110</proc:CurrentYear>
                        <proc:BudgetYearOneBase>60</proc:BudgetYearOneBase>
                        <proc:BudgetYearOne>60</proc:BudgetYearOne>
                    </proc:UnitCost>
                    <proc:PYAdvanceProcurement>
                        <proc:AllPriorYears>0</proc:AllPriorYears>
                        <proc:PriorYear>0</proc:PriorYear>
                        <proc:CurrentYear>0</proc:CurrentYear>
                    </proc:PYAdvanceProcurement>
                    <proc:NetProcurementP1>
                        <proc:AllPriorYears>2829.63</proc:AllPriorYears>
                        <proc:PriorYear>3080</proc:PriorYear>
                        <proc:CurrentYear>110</proc:CurrentYear>
                        <proc:BudgetYearOneBase>60</proc:BudgetYearOneBase>
                        <proc:BudgetYearOne>60</proc:BudgetYearOne>
                    </proc:NetProcurementP1>
                    <proc:CYAdvanceProcurement>
                        <proc:AllPriorYears>0</proc:AllPriorYears>
                        <proc:PriorYear>0</proc:PriorYear>
                        <proc:CurrentYear>0</proc:CurrentYear>
                    </proc:CYAdvanceProcurement>
                    <proc:TotalObligationAuthority>
                        <proc:AllPriorYears>2829.63</proc:AllPriorYears>
                        <proc:PriorYear>3080</proc:PriorYear>
                        <proc:CurrentYear>110</proc:CurrentYear>
                        <proc:BudgetYearOneBase>60</proc:BudgetYearOneBase>
                        <proc:BudgetYearOne>60</proc:BudgetYearOne>
                    </proc:TotalObligationAuthority>
                </proc:ResourceSummary>
                <proc:CostElementCategoryList>
                    <proc:Hardware>
                        <proc:Recurring>
                            <proc:CostElementList>
                                <proc:CostElement>
                                    <proc:Name>Iron Dome</proc:Name>
                                    <proc:Cost>
                                        <proc:Quantity>
                                            <proc:AllPriorYears>12</proc:AllPriorYears>
                                            <proc:PriorYear>1</proc:PriorYear>
                                            <proc:CurrentYear>1</proc:CurrentYear>
                                            <proc:BudgetYearOneBase>1</proc:BudgetYearOneBase>
                                            <proc:BudgetYearOne>1</proc:BudgetYearOne>
                                        </proc:Quantity>
                                        <proc:TotalCost>
                                            <proc:AllPriorYears>2829.63</proc:AllPriorYears>
                                            <proc:PriorYear>3080</proc:PriorYear>
                                            <proc:CurrentYear>110</proc:CurrentYear>
                                            <proc:BudgetYearOneBase>60</proc:BudgetYearOneBase>
                                            <proc:BudgetYearOne>60</proc:BudgetYearOne>
                                        </proc:TotalCost>
                                        <proc:UnitCost>
                                            <proc:AllPriorYears>235.803</proc:AllPriorYears>
                                            <proc:PriorYear>3080</proc:PriorYear>
                                            <proc:CurrentYear>110</proc:CurrentYear>
                                            <proc:BudgetYearOneBase>60</proc:BudgetYearOneBase>
                                            <proc:BudgetYearOne>60</proc:BudgetYearOne>
                                        </proc:UnitCost>
                                    </proc:Cost>
                                </proc:CostElement>
                            </proc:CostElementList>
                            <proc:CategorySubtotal>
                                <proc:TotalCost>
                                    <proc:AllPriorYears>2829.63</proc:AllPriorYears>
                                    <proc:PriorYear>3080</proc:PriorYear>
                                    <proc:CurrentYear>110</proc:CurrentYear>
                                    <proc:BudgetYearOneBase>60</proc:BudgetYearOneBase>
                                    <proc:BudgetYearOne>60</proc:BudgetYearOne>
                                </proc:TotalCost>
                            </proc:CategorySubtotal>
                        </proc:Recurring>
                        <proc:CategorySubtotal>
                            <proc:TotalCost>
                                <proc:AllPriorYears>2829.63</proc:AllPriorYears>
                                <proc:PriorYear>3080</proc:PriorYear>
                                <proc:CurrentYear>110</proc:CurrentYear>
                                <proc:BudgetYearOneBase>60</proc:BudgetYearOneBase>
                                <proc:BudgetYearOne>60</proc:BudgetYearOne>
                            </proc:TotalCost>
                        </proc:CategorySubtotal>
                    </proc:Hardware>
                </proc:CostElementCategoryList>
            </proc:P5Item>
        </proc:ItemExhibitList>
        <proc:DocumentAssemblyOptions>
            <proc:p40AItemScheduleSetting>expandItemSuppressExhibit</proc:p40AItemScheduleSetting>
        </proc:DocumentAssemblyOptions>
    </proc:LineItem>
</proc:LineItemList>