<?xml version="1.0" encoding="UTF-8"?>
<proc:LineItemList xmlns:proc="http://www.dtic.mil/comptroller/xml/schema/20100219/procurement">
    <proc:LineItem quantityUnits="Each" quantityUnitName="Each" unitCostUnits="Millions" totalCostUnits="Millions" manufacturerRateUnits="Monthly">
        <proc:LineItemNumber>MD73</proc:LineItemNumber>
        <proc:LineItemTitle>Aegis Ashore Phase III</proc:LineItemTitle>
        <proc:P1LineNumber>53</proc:P1LineNumber>
        <proc:BudgetYear>2026</proc:BudgetYear>
        <proc:BudgetCycle>PB</proc:BudgetCycle>
        <proc:SubmissionDate>2025-06</proc:SubmissionDate>
        <proc:ServiceAgencyName>Missile Defense Agency</proc:ServiceAgencyName>
        <proc:AppropriationNumber>0300D</proc:AppropriationNumber>
        <proc:AppropriationTitle>Procurement, Defense-Wide</proc:AppropriationTitle>
        <proc:BudgetActivityNumber>1</proc:BudgetActivityNumber>
        <proc:BudgetActivityTitle>Major Equipment</proc:BudgetActivityTitle>
        <proc:BudgetSubActivityNumber>17</proc:BudgetSubActivityNumber>
        <proc:BudgetSubActivityTitle>Major Equipment, Missile Defense Agency</proc:BudgetSubActivityTitle>
        <proc:ResourceSummary>
            <proc:Quantity>
                <proc:AllPriorYears>1</proc:AllPriorYears>
            </proc:Quantity>
            <proc:TotalCost>
                <proc:AllPriorYears>639.877</proc:AllPriorYears>
                <proc:PriorYear>2.39</proc:PriorYear>
                <proc:CurrentYear>0</proc:CurrentYear>
            </proc:TotalCost>
            <proc:UnitCost>
                <proc:AllPriorYears>639.877</proc:AllPriorYears>
                <proc:PriorYear>0</proc:PriorYear>
                <proc:CurrentYear>0</proc:CurrentYear>
            </proc:UnitCost>
            <proc:PYAdvanceProcurement>
                <proc:AllPriorYears>0</proc:AllPriorYears>
                <proc:PriorYear>0</proc:PriorYear>
                <proc:CurrentYear>0</proc:CurrentYear>
            </proc:PYAdvanceProcurement>
            <proc:NetProcurementP1>
                <proc:AllPriorYears>639.877</proc:AllPriorYears>
                <proc:PriorYear>2.39</proc:PriorYear>
                <proc:CurrentYear>0</proc:CurrentYear>
            </proc:NetProcurementP1>
            <proc:CYAdvanceProcurement>
                <proc:AllPriorYears>0</proc:AllPriorYears>
                <proc:PriorYear>0</proc:PriorYear>
                <proc:CurrentYear>0</proc:CurrentYear>
            </proc:CYAdvanceProcurement>
            <proc:TotalObligationAuthority>
                <proc:AllPriorYears>639.877</proc:AllPriorYears>
                <proc:PriorYear>2.39</proc:PriorYear>
                <proc:CurrentYear>0</proc:CurrentYear>
            </proc:TotalObligationAuthority>
            <proc:InitialSpares>
                <proc:AllPriorYears>0</proc:AllPriorYears>
            </proc:InitialSpares>
            <proc:FlyawayUnitCost>
                <proc:AllPriorYears>0</proc:AllPriorYears>
            </proc:FlyawayUnitCost>
        </proc:ResourceSummary>
        <proc:Code>A</proc:Code>
        <proc:CodeBProgramElementList>
            <proc:ProgramElementNumber>0604881C</proc:ProgramElementNumber>
            <proc:ProgramElementNumber>0604880C</proc:ProgramElementNumber>
            <proc:ProgramElementNumber>0603892C</proc:ProgramElementNumber>
        </proc:CodeBProgramElementList>
        <proc:OtherRelatedProgramElementList>
            <proc:ProgramElementNumber>0604880C</proc:ProgramElementNumber>
        </proc:OtherRelatedProgramElementList>
        <proc:Description>No funding is requested in fiscal year (FY) 2026 due to completion of Aegis Ashore Poland construction and transition to the United States (U.S.) Navy in FY 2024.
 
On 17 December 2009, President Obama announced an overarching policy to provide regional missile defense to U.S. deployed forces, allies, and partners in Europe called the European Phased Adaptive Approach (EPAA). Within this policy, the EPAA specifically addresses a timeline to deploy a mix of afloat and land-based missile defense capabilities. Aegis Ashore represents one of these land-based capabilities. 

Aegis Ashore provides the Aegis Missile Defense capability against short and medium range ballistic missiles in an ashore configuration. It will be similar to the Aegis At-Sea Ballistic Missile Defense (BMD) capability inherent in the new Arleigh Burke-class Aegis destroyers (DDG-113 and following ships) to facilitate training and logistical support by the lead service, Navy. Aegis Ashore re-hosts the required BMD components of a Navy Destroyer in an ashore configuration to include a Deckhouse structure and Weapon System comprised of an Army/Navy Surface Radar Surveillance and Control Radar; Vertical Launch System; computing infrastructure; Command, Control, Communications, Computers and Intelligence systems; and operator consoles. Aegis Ashore can adapt to the threat and can be deployed to other regions as needed to provide persistent coverage for the Geographic Combatant Commanders.  Phase III of EPAA (FY 2023) deploys a land-based Aegis Ashore in Poland, and introduces an upgraded Standard Missile-3 Block IIA, which brings improved coverage against medium and intermediate range ballistic threats. 

The Missile Defense Agency uses Research Development, Test, and Evaluation (Program Element 0604880C) to operate, develop, and test Aegis Ashore capability improvements at the Aegis Ashore Missile Defense Test Complex in Hawaii for implementation at operational sites.</proc:Description>
        <proc:Justification>No funding requested in FY 2026 due to the completion of Aegis Ashore Poland construction and transition to the U.S. Navy in FY 2024.</proc:Justification>
        <proc:MDAPCode>362</proc:MDAPCode>
        <proc:ItemExhibitList>
            <proc:P5Item>
                <proc:Name>Aegis Ashore Poland, Equipment and Deckhouse</proc:Name>
                <proc:IdCode>A</proc:IdCode>
                <proc:Remarks>No funding requested in fiscal year (FY) 2026 due to the completion of Aegis Ashore Poland construction and transition to the United States Navy in FY 2024.</proc:Remarks>
                <proc:ResourceSummary>
                    <proc:Quantity>
                        <proc:AllPriorYears>1</proc:AllPriorYears>
                    </proc:Quantity>
                    <proc:TotalCost>
                        <proc:AllPriorYears>639.877</proc:AllPriorYears>
                        <proc:PriorYear>2.39</proc:PriorYear>
                        <proc:CurrentYear>0</proc:CurrentYear>
                    </proc:TotalCost>
                    <proc:UnitCost>
                        <proc:AllPriorYears>639.877</proc:AllPriorYears>
                        <proc:PriorYear>0</proc:PriorYear>
                        <proc:CurrentYear>0</proc:CurrentYear>
                    </proc:UnitCost>
                    <proc:PYAdvanceProcurement>
                        <proc:AllPriorYears>0</proc:AllPriorYears>
                        <proc:PriorYear>0</proc:PriorYear>
                        <proc:CurrentYear>0</proc:CurrentYear>
                    </proc:PYAdvanceProcurement>
                    <proc:NetProcurementP1>
                        <proc:AllPriorYears>639.877</proc:AllPriorYears>
                        <proc:PriorYear>2.39</proc:PriorYear>
                        <proc:CurrentYear>0</proc:CurrentYear>
                    </proc:NetProcurementP1>
                    <proc:CYAdvanceProcurement>
                        <proc:AllPriorYears>0</proc:AllPriorYears>
                        <proc:PriorYear>0</proc:PriorYear>
                        <proc:CurrentYear>0</proc:CurrentYear>
                    </proc:CYAdvanceProcurement>
                    <proc:TotalObligationAuthority>
                        <proc:AllPriorYears>639.877</proc:AllPriorYears>
                        <proc:PriorYear>2.39</proc:PriorYear>
                        <proc:CurrentYear>0</proc:CurrentYear>
                    </proc:TotalObligationAuthority>
                </proc:ResourceSummary>
                <proc:CostElementCategoryList>
                    <proc:Flyaway>
                        <proc:Recurring>
                            <proc:CostElementList>
                                <proc:CostElement>
                                    <proc:Name>Aegis Ashore Poland, Equipment and Deckhouse</proc:Name>
                                    <proc:Cost>
                                        <proc:Quantity>
                                            <proc:AllPriorYears>1</proc:AllPriorYears>
                                        </proc:Quantity>
                                        <proc:TotalCost>
                                            <proc:AllPriorYears>639.877</proc:AllPriorYears>
                                            <proc:PriorYear>2.39</proc:PriorYear>
                                        </proc:TotalCost>
                                        <proc:UnitCost>
                                            <proc:AllPriorYears>639.877</proc:AllPriorYears>
                                        </proc:UnitCost>
                                    </proc:Cost>
                                </proc:CostElement>
                            </proc:CostElementList>
                            <proc:CategorySubtotal>
                                <proc:TotalCost>
                                    <proc:AllPriorYears>639.877</proc:AllPriorYears>
                                    <proc:PriorYear>2.39</proc:PriorYear>
                                </proc:TotalCost>
                            </proc:CategorySubtotal>
                        </proc:Recurring>
                        <proc:CategorySubtotal>
                            <proc:TotalCost>
                                <proc:AllPriorYears>639.877</proc:AllPriorYears>
                                <proc:PriorYear>2.39</proc:PriorYear>
                            </proc:TotalCost>
                        </proc:CategorySubtotal>
                    </proc:Flyaway>
                </proc:CostElementCategoryList>
            </proc:P5Item>
        </proc:ItemExhibitList>
        <proc:DocumentAssemblyOptions>
            <proc:p40AItemScheduleSetting>expandItemSuppressExhibit</proc:p40AItemScheduleSetting>
        </proc:DocumentAssemblyOptions>
    </proc:LineItem>
</proc:LineItemList>