<?xml version="1.0" encoding="UTF-8"?>
<proc:LineItemList xmlns:proc="http://www.dtic.mil/comptroller/xml/schema/20100219/procurement">
    <proc:LineItem quantityUnits="Each" quantityUnitName="Each" unitCostUnits="Millions" totalCostUnits="Millions" manufacturerRateUnits="Monthly">
        <proc:LineItemNumber>MD11</proc:LineItemNumber>
        <proc:LineItemTitle>BMDS Sensors</proc:LineItemTitle>
        <proc:P1LineNumber>48</proc:P1LineNumber>
        <proc:BudgetYear>2026</proc:BudgetYear>
        <proc:BudgetCycle>PB</proc:BudgetCycle>
        <proc:SubmissionDate>2025-06</proc:SubmissionDate>
        <proc:ServiceAgencyName>Missile Defense Agency</proc:ServiceAgencyName>
        <proc:AppropriationNumber>0300D</proc:AppropriationNumber>
        <proc:AppropriationTitle>Procurement, Defense-Wide</proc:AppropriationTitle>
        <proc:BudgetActivityNumber>1</proc:BudgetActivityNumber>
        <proc:BudgetActivityTitle>Major Equipment</proc:BudgetActivityTitle>
        <proc:BudgetSubActivityNumber>17</proc:BudgetSubActivityNumber>
        <proc:BudgetSubActivityTitle>Major Equipment, Missile Defense Agency</proc:BudgetSubActivityTitle>
        <proc:ResourceSummary>
            <proc:Quantity>
                <proc:AllPriorYears>6</proc:AllPriorYears>
            </proc:Quantity>
            <proc:TotalCost>
                <proc:AllPriorYears>2912.332</proc:AllPriorYears>
                <proc:PriorYear>29.108</proc:PriorYear>
                <proc:CurrentYear>55.965</proc:CurrentYear>
                <proc:BudgetYearOneBase>36.53</proc:BudgetYearOneBase>
                <proc:BudgetYearOne>36.53</proc:BudgetYearOne>
            </proc:TotalCost>
            <proc:UnitCost>
                <proc:AllPriorYears>485.389</proc:AllPriorYears>
                <proc:PriorYear>0</proc:PriorYear>
                <proc:CurrentYear>0</proc:CurrentYear>
            </proc:UnitCost>
            <proc:PYAdvanceProcurement>
                <proc:AllPriorYears>0</proc:AllPriorYears>
                <proc:PriorYear>0</proc:PriorYear>
                <proc:CurrentYear>0</proc:CurrentYear>
            </proc:PYAdvanceProcurement>
            <proc:NetProcurementP1>
                <proc:AllPriorYears>2912.332</proc:AllPriorYears>
                <proc:PriorYear>29.108</proc:PriorYear>
                <proc:CurrentYear>55.965</proc:CurrentYear>
                <proc:BudgetYearOneBase>36.53</proc:BudgetYearOneBase>
                <proc:BudgetYearOne>36.53</proc:BudgetYearOne>
            </proc:NetProcurementP1>
            <proc:CYAdvanceProcurement>
                <proc:AllPriorYears>0</proc:AllPriorYears>
                <proc:PriorYear>0</proc:PriorYear>
                <proc:CurrentYear>0</proc:CurrentYear>
            </proc:CYAdvanceProcurement>
            <proc:TotalObligationAuthority>
                <proc:AllPriorYears>2912.332</proc:AllPriorYears>
                <proc:PriorYear>29.108</proc:PriorYear>
                <proc:CurrentYear>55.965</proc:CurrentYear>
                <proc:BudgetYearOneBase>36.53</proc:BudgetYearOneBase>
                <proc:BudgetYearOne>36.53</proc:BudgetYearOne>
            </proc:TotalObligationAuthority>
            <proc:InitialSpares>
                <proc:AllPriorYears>10.901</proc:AllPriorYears>
            </proc:InitialSpares>
            <proc:FlyawayUnitCost>
                <proc:AllPriorYears>172.502</proc:AllPriorYears>
            </proc:FlyawayUnitCost>
        </proc:ResourceSummary>
        <proc:Code>A</proc:Code>
        <proc:CodeBProgramElementList>
            <proc:ProgramElementNumber>0603884C</proc:ProgramElementNumber>
            <proc:ProgramElementNumber>0603881C</proc:ProgramElementNumber>
        </proc:CodeBProgramElementList>
        <proc:OtherRelatedProgramElementList>
            <proc:ProgramElementNumber>0603881C</proc:ProgramElementNumber>
            <proc:ProgramElementNumber>0603884C</proc:ProgramElementNumber>
        </proc:OtherRelatedProgramElementList>
        <proc:Description>The decrease from Fiscal Year (FY) 2025 to FY 2026 reflects the procurement completion of Radar 13 Initial Spares and Power Converters.

The AN/TPY-2 radar is an integral component of the Missile Defense System layered network of sensors. It is transportable and can be configured to operate as either a Terminal High Altitude Area Defense (THAAD) Fire Unit Radar (terminal mode) or a Forward-Based Radar. The forward-based AN/TPY-2 provides detection and tracking during the boost phase. This significantly reduces the uncertainty in target discrimination and reaction time, increasing the probability of a successful Missile Defense System engagement. In forward-based mode, the AN/TPY-2 provides acquisition and track data via the Missile Defense System Command, Control, Battle Management and Communications and Link 16 to the Aegis Missile Defense System for cueing. The AN/TPY-2 used in terminal mode is an integral component of the THAAD Battery. The THAAD battery radar can track multiple threats and multiple interceptors during engagements in the terminal phase. It provides surveillance, acquisition, tracking, discrimination, interceptor communications, and hit assessment data collection for fire control. 

Prior year procurement funding acquired six (6) AN/TPY-2 Radars required to complete the THAAD Battery acquisitions. "Procurement Quantity" and "Flyaway Unit Cost" represent AN/TPY-2 radar systems (e.g. one (1) Antenna Equipment Unit (AEU), one (1) Cooling Equipment Unit (CEU), one (1) Electronic Equipment Unit (EEU), and two (2) Prime Power Units (PPU)) only, but the "Net Procurement" cost plus the Initial Spares amount includes the costs of all hardware. The AEU Transformer and PPU procurement addressed the obsolescence of major end items and was completed in FY 2020.

The AN/TPY-2 EEU Modification Kits and Radar Field Upgrade Kits provided updated processing capabilities and added a cybersecurity server in the EEUs in both Terminal and Forward-based modes.  The AEU transformers include design improvements to extend the life of this mission-critical component.

The Next Generation server procurement updates the fleet's existing servers and enhances the fleet's cybersecurity protection and processing capability.  

The CEU Retrofit Kit and Refurbishment procurement modernize the CEU, replacing obsolete equipment and adding performance enhancements that increase radar capabilities while bringing the CEUs into a common, more reliable configuration.

The Digital Receiver/Exciter (DREX) kit procurement will upgrade the current analog Receiver/Exciter technology to a modern digital capability, increasing reliability and spares availability for the fleet.  

The Advanced Signal Processor (ASP) kit procurement, when used with the DREX, will upgrade the system waveform processing capability to align signal-processing capability with advanced waveform types and provide a scalable, distributed processing solution and enhanced capability against emerging threats. 

The AN/TPY-2 Line Replacement Unit (LRU) obsolescence mitigation program provides for kits of LRUs that become obsolete as the AN/TPY-2 system ages. The program mitigates unforeseen supply chain risks and improves repair cycle time.

The AEU Refurbishment kit and program replaces obsolete electrical equipment and refreshes the unit's core structure, bringing the AEUs into near "zero-hour" operational readiness.</proc:Description>
        <proc:Justification>The decrease from Fiscal Year (FY) 2025 to FY 2026 reflects the procurement completion of Radar 13 Initial Spares and Power Converters.

FY 2026 procurements include:
- Six (6) ASP for DREX.
- Three (3) AN/TPY-2 LRU Kits.
- Two (2) CEU Refurb.
- One (1) CEU Retrofit kit.

FY 2025 procurements include:
- Seven (7) DREX kits.
- Seven (7) Next Generation Servers (Cyber).
- One (1) CEU Retrofit kit.
- Radar 13 Initial Spares.
- Power Converters.

FY 2024 procurements included: 
- Next Generation Servers (Cyber).
- Alternating Current/Direct Current (AC/DC) Converters.
The prior year's quantity above reflects the procurement of complete radars only. Seven (7) of the thirteen (13) AN/TPY-2 Radars procured to date were funded with Research Development Test and Evaluation in Program Element 0603884C, therefore, not included in the costs above.</proc:Justification>
        <proc:MDAPCode>362</proc:MDAPCode>
        <proc:ItemExhibitList>
            <proc:P5Item>
                <proc:Name>BMDS AN/TPY-2 Radars</proc:Name>
                <proc:IdCode>A</proc:IdCode>
                <proc:Remarks>AN/TPY-2 Radar consists of one (1) AEU, one (1) CEU, one (1) EEU and two (2) PPUs.

Prior year procurement quantity above reflects procurement of complete radars only. Seven (7) of the thirteen (13) AN/TPY-2 Radars procured to date were funded with Research Development Test and Evaluation in Program Element 0603884C, thus not included in the costs above.</proc:Remarks>
                <proc:ResourceSummary>
                    <proc:Quantity>
                        <proc:AllPriorYears>6</proc:AllPriorYears>
                    </proc:Quantity>
                    <proc:TotalCost>
                        <proc:AllPriorYears>2912.332</proc:AllPriorYears>
                        <proc:PriorYear>29.108</proc:PriorYear>
                        <proc:CurrentYear>55.965</proc:CurrentYear>
                        <proc:BudgetYearOneBase>36.53</proc:BudgetYearOneBase>
                        <proc:BudgetYearOne>36.53</proc:BudgetYearOne>
                    </proc:TotalCost>
                    <proc:UnitCost>
                        <proc:AllPriorYears>485.389</proc:AllPriorYears>
                        <proc:PriorYear>0</proc:PriorYear>
                        <proc:CurrentYear>0</proc:CurrentYear>
                    </proc:UnitCost>
                    <proc:PYAdvanceProcurement>
                        <proc:AllPriorYears>0</proc:AllPriorYears>
                        <proc:PriorYear>0</proc:PriorYear>
                        <proc:CurrentYear>0</proc:CurrentYear>
                    </proc:PYAdvanceProcurement>
                    <proc:NetProcurementP1>
                        <proc:AllPriorYears>2912.332</proc:AllPriorYears>
                        <proc:PriorYear>29.108</proc:PriorYear>
                        <proc:CurrentYear>55.965</proc:CurrentYear>
                        <proc:BudgetYearOneBase>36.53</proc:BudgetYearOneBase>
                        <proc:BudgetYearOne>36.53</proc:BudgetYearOne>
                    </proc:NetProcurementP1>
                    <proc:CYAdvanceProcurement>
                        <proc:AllPriorYears>0</proc:AllPriorYears>
                        <proc:PriorYear>0</proc:PriorYear>
                        <proc:CurrentYear>0</proc:CurrentYear>
                    </proc:CYAdvanceProcurement>
                    <proc:TotalObligationAuthority>
                        <proc:AllPriorYears>2912.332</proc:AllPriorYears>
                        <proc:PriorYear>29.108</proc:PriorYear>
                        <proc:CurrentYear>55.965</proc:CurrentYear>
                        <proc:BudgetYearOneBase>36.53</proc:BudgetYearOneBase>
                        <proc:BudgetYearOne>36.53</proc:BudgetYearOne>
                    </proc:TotalObligationAuthority>
                </proc:ResourceSummary>
                <proc:CostElementCategoryList>
                    <proc:Hardware>
                        <proc:Recurring>
                            <proc:CostElementList>
                                <proc:CostElement>
                                    <proc:Name>AN/TPY-2 Line Replaceable Unit (LRU) Obsolescence Kits</proc:Name>
                                    <proc:Cost>
                                        <proc:Quantity>
                                            <proc:BudgetYearOneBase>3</proc:BudgetYearOneBase>
                                            <proc:BudgetYearOne>3</proc:BudgetYearOne>
                                        </proc:Quantity>
                                        <proc:TotalCost>
                                            <proc:BudgetYearOneBase>4.43</proc:BudgetYearOneBase>
                                            <proc:BudgetYearOne>4.43</proc:BudgetYearOne>
                                        </proc:TotalCost>
                                        <proc:UnitCost>
                                            <proc:BudgetYearOneBase>1.477</proc:BudgetYearOneBase>
                                            <proc:BudgetYearOne>1.477</proc:BudgetYearOne>
                                        </proc:UnitCost>
                                    </proc:Cost>
                                    <proc:ManufacturerList>
                                        <proc:Manufacturer>
                                            <proc:Name>Raytheon</proc:Name>
                                            <proc:Location>Woburn, MA</proc:Location>
                                            <proc:MinimumSustainingRate>0.00</proc:MinimumSustainingRate>
                                            <proc:MaximumProductionRate>3.00</proc:MaximumProductionRate>
                                            <proc:Rate185>1.00</proc:Rate185>
                                            <proc:InitialQuantity>
                                                <proc:AdminLeadTimeBeforeOct1InMonths>6</proc:AdminLeadTimeBeforeOct1InMonths>
                                                <proc:AdminLeadTimeAfterOct1InMonths>1</proc:AdminLeadTimeAfterOct1InMonths>
                                                <proc:ProductionLeadTimeAfterOct1InMonths>18</proc:ProductionLeadTimeAfterOct1InMonths>
                                                <proc:TotalLeadTimeAfterOct1InMonths>19</proc:TotalLeadTimeAfterOct1InMonths>
                                            </proc:InitialQuantity>
                                            <proc:ReorderQuantity>
                                                <proc:AdminLeadTimeBeforeOct1InMonths>6</proc:AdminLeadTimeBeforeOct1InMonths>
                                                <proc:AdminLeadTimeAfterOct1InMonths>1</proc:AdminLeadTimeAfterOct1InMonths>
                                                <proc:ProductionLeadTimeAfterOct1InMonths>18</proc:ProductionLeadTimeAfterOct1InMonths>
                                                <proc:TotalLeadTimeAfterOct1InMonths>19</proc:TotalLeadTimeAfterOct1InMonths>
                                            </proc:ReorderQuantity>
                                            <proc:HistoryPlanningList>
                                                <proc:HistoryPlanning>
                                                    <proc:FiscalYear>2026</proc:FiscalYear>
                                                    <proc:PCOLocation>Huntsville, AL</proc:PCOLocation>
                                                    <proc:AwardDate>2025-11</proc:AwardDate>
                                                    <proc:FirstDeliveryDate>2027-05</proc:FirstDeliveryDate>
                                                    <proc:Quantity>3.000</proc:Quantity>
                                                    <proc:UnitCost>1.477</proc:UnitCost>
                                                    <proc:SpecsAvailableNow>false</proc:SpecsAvailableNow>
                                                    <proc:RFPIssueDate>2025-04</proc:RFPIssueDate>
                                                    <proc:ContractMethod>C</proc:ContractMethod>
                                                    <proc:ContractType>TBD</proc:ContractType>
                                                    <proc:ItemNameSuffix>Lot</proc:ItemNameSuffix>
                                                    <proc:MonthlyDeliveryScheduleList>
                                                        <proc:MonthlyDeliverySchedule>
                                                            <proc:ServiceAgencyName>Missile Defense Agency</proc:ServiceAgencyName>
                                                            <proc:ProcQuantity>3.000</proc:ProcQuantity>
                                                            <proc:MonthlyDeliveryList>
                                                                <proc:MonthlyDelivery>
                                                                    <proc:Month>2027-05</proc:Month>
                                                                    <proc:Amount>3</proc:Amount>
                                                                </proc:MonthlyDelivery>
                                                            </proc:MonthlyDeliveryList>
                                                        </proc:MonthlyDeliverySchedule>
                                                    </proc:MonthlyDeliveryScheduleList>
                                                </proc:HistoryPlanning>
                                            </proc:HistoryPlanningList>
                                        </proc:Manufacturer>
                                    </proc:ManufacturerList>
                                </proc:CostElement>
                                <proc:CostElement>
                                    <proc:Name>AN/TPY-2 Major End Item CN Kits</proc:Name>
                                    <proc:Cost>
                                        <proc:Quantity>
                                            <proc:AllPriorYears>1</proc:AllPriorYears>
                                        </proc:Quantity>
                                        <proc:TotalCost>
                                            <proc:AllPriorYears>2.738</proc:AllPriorYears>
                                        </proc:TotalCost>
                                        <proc:UnitCost>
                                            <proc:AllPriorYears>2.738</proc:AllPriorYears>
                                        </proc:UnitCost>
                                    </proc:Cost>
                                </proc:CostElement>
                                <proc:CostElement>
                                    <proc:Name>AN/TPY-2 Next Generation Servers/Network Kits</proc:Name>
                                    <proc:Cost>
                                        <proc:Quantity>
                                            <proc:PriorYear>6</proc:PriorYear>
                                            <proc:CurrentYear>7</proc:CurrentYear>
                                        </proc:Quantity>
                                        <proc:TotalCost>
                                            <proc:PriorYear>9.106</proc:PriorYear>
                                            <proc:CurrentYear>12.904</proc:CurrentYear>
                                        </proc:TotalCost>
                                        <proc:UnitCost>
                                            <proc:PriorYear>1.518</proc:PriorYear>
                                            <proc:CurrentYear>1.843</proc:CurrentYear>
                                        </proc:UnitCost>
                                    </proc:Cost>
                                    <proc:ManufacturerList>
                                        <proc:Manufacturer>
                                            <proc:Name>Raytheon</proc:Name>
                                            <proc:Location>Woburn, MA</proc:Location>
                                            <proc:MinimumSustainingRate>1.00</proc:MinimumSustainingRate>
                                            <proc:MaximumProductionRate>7.00</proc:MaximumProductionRate>
                                            <proc:Rate185>1.00</proc:Rate185>
                                            <proc:InitialQuantity>
                                                <proc:AdminLeadTimeBeforeOct1InMonths>6</proc:AdminLeadTimeBeforeOct1InMonths>
                                                <proc:AdminLeadTimeAfterOct1InMonths>1</proc:AdminLeadTimeAfterOct1InMonths>
                                                <proc:ProductionLeadTimeAfterOct1InMonths>24</proc:ProductionLeadTimeAfterOct1InMonths>
                                                <proc:TotalLeadTimeAfterOct1InMonths>25</proc:TotalLeadTimeAfterOct1InMonths>
                                            </proc:InitialQuantity>
                                            <proc:ReorderQuantity>
                                                <proc:AdminLeadTimeBeforeOct1InMonths>6</proc:AdminLeadTimeBeforeOct1InMonths>
                                                <proc:AdminLeadTimeAfterOct1InMonths>1</proc:AdminLeadTimeAfterOct1InMonths>
                                                <proc:ProductionLeadTimeAfterOct1InMonths>24</proc:ProductionLeadTimeAfterOct1InMonths>
                                                <proc:TotalLeadTimeAfterOct1InMonths>25</proc:TotalLeadTimeAfterOct1InMonths>
                                            </proc:ReorderQuantity>
                                            <proc:HistoryPlanningList>
                                                <proc:HistoryPlanning>
                                                    <proc:FiscalYear>2024</proc:FiscalYear>
                                                    <proc:PCOLocation>Huntsville, AL</proc:PCOLocation>
                                                    <proc:AwardDate>2023-10</proc:AwardDate>
                                                    <proc:FirstDeliveryDate>2025-10</proc:FirstDeliveryDate>
                                                    <proc:Quantity>6.000</proc:Quantity>
                                                    <proc:UnitCost>1.158</proc:UnitCost>
                                                    <proc:SpecsAvailableNow>true</proc:SpecsAvailableNow>
                                                    <proc:RFPIssueDate>2023-03</proc:RFPIssueDate>
                                                    <proc:ContractMethod>C</proc:ContractMethod>
                                                    <proc:ContractType>BA</proc:ContractType>
                                                    <proc:ItemNameSuffix>Lot</proc:ItemNameSuffix>
                                                    <proc:MonthlyDeliveryScheduleList>
                                                        <proc:MonthlyDeliverySchedule>
                                                            <proc:ServiceAgencyName>Missile Defense Agency</proc:ServiceAgencyName>
                                                            <proc:ProcQuantity>6.000</proc:ProcQuantity>
                                                            <proc:MonthlyDeliveryList>
                                                                <proc:MonthlyDelivery>
                                                                    <proc:Month>2025-10</proc:Month>
                                                                    <proc:Amount>6</proc:Amount>
                                                                </proc:MonthlyDelivery>
                                                            </proc:MonthlyDeliveryList>
                                                        </proc:MonthlyDeliverySchedule>
                                                    </proc:MonthlyDeliveryScheduleList>
                                                </proc:HistoryPlanning>
                                                <proc:HistoryPlanning>
                                                    <proc:FiscalYear>2025</proc:FiscalYear>
                                                    <proc:PCOLocation>Huntsville, AL</proc:PCOLocation>
                                                    <proc:AwardDate>2024-10</proc:AwardDate>
                                                    <proc:FirstDeliveryDate>2026-10</proc:FirstDeliveryDate>
                                                    <proc:Quantity>7.000</proc:Quantity>
                                                    <proc:UnitCost>1.843</proc:UnitCost>
                                                    <proc:SpecsAvailableNow>true</proc:SpecsAvailableNow>
                                                    <proc:RFPIssueDate>2024-03</proc:RFPIssueDate>
                                                    <proc:ContractMethod>C</proc:ContractMethod>
                                                    <proc:ContractType>BA</proc:ContractType>
                                                    <proc:ItemNameSuffix>Lot</proc:ItemNameSuffix>
                                                    <proc:MonthlyDeliveryScheduleList>
                                                        <proc:MonthlyDeliverySchedule>
                                                            <proc:ServiceAgencyName>Missile Defense Agency</proc:ServiceAgencyName>
                                                            <proc:ProcQuantity>7.000</proc:ProcQuantity>
                                                            <proc:MonthlyDeliveryList>
                                                                <proc:MonthlyDelivery>
                                                                    <proc:Month>2026-10</proc:Month>
                                                                    <proc:Amount>7</proc:Amount>
                                                                </proc:MonthlyDelivery>
                                                            </proc:MonthlyDeliveryList>
                                                        </proc:MonthlyDeliverySchedule>
                                                    </proc:MonthlyDeliveryScheduleList>
                                                </proc:HistoryPlanning>
                                            </proc:HistoryPlanningList>
                                        </proc:Manufacturer>
                                    </proc:ManufacturerList>
                                </proc:CostElement>
                                <proc:CostElement>
                                    <proc:Name>AN/TPY-2 Secure Servers (Cyber)</proc:Name>
                                    <proc:Cost>
                                        <proc:Quantity>
                                            <proc:AllPriorYears>2</proc:AllPriorYears>
                                        </proc:Quantity>
                                        <proc:TotalCost>
                                            <proc:AllPriorYears>3.724</proc:AllPriorYears>
                                        </proc:TotalCost>
                                        <proc:UnitCost>
                                            <proc:AllPriorYears>1.862</proc:AllPriorYears>
                                        </proc:UnitCost>
                                    </proc:Cost>
                                </proc:CostElement>
                                <proc:CostElement>
                                    <proc:Name>Advanced Signal Processor for DREX</proc:Name>
                                    <proc:Cost>
                                        <proc:Quantity>
                                            <proc:BudgetYearOneBase>6</proc:BudgetYearOneBase>
                                            <proc:BudgetYearOne>6</proc:BudgetYearOne>
                                        </proc:Quantity>
                                        <proc:TotalCost>
                                            <proc:BudgetYearOneBase>15.893</proc:BudgetYearOneBase>
                                            <proc:BudgetYearOne>15.893</proc:BudgetYearOne>
                                        </proc:TotalCost>
                                        <proc:UnitCost>
                                            <proc:BudgetYearOneBase>2.649</proc:BudgetYearOneBase>
                                            <proc:BudgetYearOne>2.649</proc:BudgetYearOne>
                                        </proc:UnitCost>
                                    </proc:Cost>
                                    <proc:ManufacturerList>
                                        <proc:Manufacturer>
                                            <proc:Name>Raytheon</proc:Name>
                                            <proc:Location>Woburn, MA</proc:Location>
                                            <proc:MinimumSustainingRate>1.00</proc:MinimumSustainingRate>
                                            <proc:MaximumProductionRate>7.00</proc:MaximumProductionRate>
                                            <proc:Rate185>1.00</proc:Rate185>
                                            <proc:InitialQuantity>
                                                <proc:AdminLeadTimeBeforeOct1InMonths>7</proc:AdminLeadTimeBeforeOct1InMonths>
                                                <proc:AdminLeadTimeAfterOct1InMonths>2</proc:AdminLeadTimeAfterOct1InMonths>
                                                <proc:ProductionLeadTimeAfterOct1InMonths>24</proc:ProductionLeadTimeAfterOct1InMonths>
                                                <proc:TotalLeadTimeAfterOct1InMonths>26</proc:TotalLeadTimeAfterOct1InMonths>
                                            </proc:InitialQuantity>
                                            <proc:ReorderQuantity>
                                                <proc:AdminLeadTimeBeforeOct1InMonths>7</proc:AdminLeadTimeBeforeOct1InMonths>
                                                <proc:AdminLeadTimeAfterOct1InMonths>2</proc:AdminLeadTimeAfterOct1InMonths>
                                                <proc:ProductionLeadTimeAfterOct1InMonths>24</proc:ProductionLeadTimeAfterOct1InMonths>
                                                <proc:TotalLeadTimeAfterOct1InMonths>26</proc:TotalLeadTimeAfterOct1InMonths>
                                            </proc:ReorderQuantity>
                                            <proc:HistoryPlanningList>
                                                <proc:HistoryPlanning>
                                                    <proc:FiscalYear>2026</proc:FiscalYear>
                                                    <proc:PCOLocation>MDA, Huntsville, AL</proc:PCOLocation>
                                                    <proc:AwardDate>2025-12</proc:AwardDate>
                                                    <proc:FirstDeliveryDate>2027-12</proc:FirstDeliveryDate>
                                                    <proc:Quantity>6.000</proc:Quantity>
                                                    <proc:UnitCost>2.649</proc:UnitCost>
                                                    <proc:SpecsAvailableNow>false</proc:SpecsAvailableNow>
                                                    <proc:RevisionsAvailableDate>2025-01</proc:RevisionsAvailableDate>
                                                    <proc:RFPIssueDate>2025-03</proc:RFPIssueDate>
                                                    <proc:ContractMethod>SS</proc:ContractMethod>
                                                    <proc:ContractType>FFP</proc:ContractType>
                                                    <proc:ItemNameSuffix>1</proc:ItemNameSuffix>
                                                    <proc:MonthlyDeliveryScheduleList>
                                                        <proc:MonthlyDeliverySchedule>
                                                            <proc:ServiceAgencyName>Missile Defense Agency</proc:ServiceAgencyName>
                                                            <proc:ProcQuantity>6.000</proc:ProcQuantity>
                                                            <proc:MonthlyDeliveryList>
                                                                <proc:MonthlyDelivery>
                                                                    <proc:Month>2027-12</proc:Month>
                                                                    <proc:Amount>6</proc:Amount>
                                                                </proc:MonthlyDelivery>
                                                            </proc:MonthlyDeliveryList>
                                                        </proc:MonthlyDeliverySchedule>
                                                    </proc:MonthlyDeliveryScheduleList>
                                                </proc:HistoryPlanning>
                                            </proc:HistoryPlanningList>
                                        </proc:Manufacturer>
                                    </proc:ManufacturerList>
                                </proc:CostElement>
                                <proc:CostElement>
                                    <proc:Name>Antenna Equipment Unit (AEU)</proc:Name>
                                    <proc:Cost>
                                        <proc:Quantity>
                                            <proc:AllPriorYears>6</proc:AllPriorYears>
                                        </proc:Quantity>
                                        <proc:TotalCost>
                                            <proc:AllPriorYears>816.451</proc:AllPriorYears>
                                        </proc:TotalCost>
                                        <proc:UnitCost>
                                            <proc:AllPriorYears>136.075</proc:AllPriorYears>
                                        </proc:UnitCost>
                                    </proc:Cost>
                                </proc:CostElement>
                                <proc:CostElement>
                                    <proc:Name>Antenna Equipment Unit (AEU) Transformer</proc:Name>
                                    <proc:Cost>
                                        <proc:Quantity>
                                            <proc:AllPriorYears>10</proc:AllPriorYears>
                                        </proc:Quantity>
                                        <proc:TotalCost>
                                            <proc:AllPriorYears>10.829</proc:AllPriorYears>
                                        </proc:TotalCost>
                                        <proc:UnitCost>
                                            <proc:AllPriorYears>1.083</proc:AllPriorYears>
                                        </proc:UnitCost>
                                    </proc:Cost>
                                </proc:CostElement>
                                <proc:CostElement>
                                    <proc:Name>COBRA DANE Transmitter Group Replacement</proc:Name>
                                    <proc:Cost>
                                        <proc:Quantity>
                                            <proc:AllPriorYears>2</proc:AllPriorYears>
                                        </proc:Quantity>
                                        <proc:TotalCost>
                                            <proc:AllPriorYears>19.408</proc:AllPriorYears>
                                        </proc:TotalCost>
                                        <proc:UnitCost>
                                            <proc:AllPriorYears>9.704</proc:AllPriorYears>
                                        </proc:UnitCost>
                                    </proc:Cost>
                                </proc:CostElement>
                                <proc:CostElement>
                                    <proc:Name>Cooling Equipment Unit (CEU)</proc:Name>
                                    <proc:Cost>
                                        <proc:Quantity>
                                            <proc:AllPriorYears>6</proc:AllPriorYears>
                                        </proc:Quantity>
                                        <proc:TotalCost>
                                            <proc:AllPriorYears>48.642</proc:AllPriorYears>
                                        </proc:TotalCost>
                                        <proc:UnitCost>
                                            <proc:AllPriorYears>8.107</proc:AllPriorYears>
                                        </proc:UnitCost>
                                    </proc:Cost>
                                </proc:CostElement>
                                <proc:CostElement>
                                    <proc:Name>Cooling Equipment Unit (CEU) Refurb Program</proc:Name>
                                    <proc:Cost>
                                        <proc:Quantity>
                                            <proc:CurrentYear>2</proc:CurrentYear>
                                            <proc:BudgetYearOneBase>2</proc:BudgetYearOneBase>
                                            <proc:BudgetYearOne>2</proc:BudgetYearOne>
                                        </proc:Quantity>
                                        <proc:TotalCost>
                                            <proc:CurrentYear>8.321</proc:CurrentYear>
                                            <proc:BudgetYearOneBase>8.496</proc:BudgetYearOneBase>
                                            <proc:BudgetYearOne>8.496</proc:BudgetYearOne>
                                        </proc:TotalCost>
                                        <proc:UnitCost>
                                            <proc:CurrentYear>4.161</proc:CurrentYear>
                                            <proc:BudgetYearOneBase>4.248</proc:BudgetYearOneBase>
                                            <proc:BudgetYearOne>4.248</proc:BudgetYearOne>
                                        </proc:UnitCost>
                                    </proc:Cost>
                                    <proc:ManufacturerList>
                                        <proc:Manufacturer>
                                            <proc:Name>Letterkenny Army Depot</proc:Name>
                                            <proc:Location>Chambersburg, PA</proc:Location>
                                            <proc:MinimumSustainingRate>0.00</proc:MinimumSustainingRate>
                                            <proc:MaximumProductionRate>2.00</proc:MaximumProductionRate>
                                            <proc:Rate185>1.00</proc:Rate185>
                                            <proc:InitialQuantity>
                                                <proc:AdminLeadTimeBeforeOct1InMonths>1</proc:AdminLeadTimeBeforeOct1InMonths>
                                                <proc:AdminLeadTimeAfterOct1InMonths>4</proc:AdminLeadTimeAfterOct1InMonths>
                                                <proc:ProductionLeadTimeAfterOct1InMonths>18</proc:ProductionLeadTimeAfterOct1InMonths>
                                                <proc:TotalLeadTimeAfterOct1InMonths>22</proc:TotalLeadTimeAfterOct1InMonths>
                                            </proc:InitialQuantity>
                                            <proc:ReorderQuantity>
                                                <proc:AdminLeadTimeBeforeOct1InMonths>0</proc:AdminLeadTimeBeforeOct1InMonths>
                                                <proc:AdminLeadTimeAfterOct1InMonths>0</proc:AdminLeadTimeAfterOct1InMonths>
                                                <proc:ProductionLeadTimeAfterOct1InMonths>0</proc:ProductionLeadTimeAfterOct1InMonths>
                                                <proc:TotalLeadTimeAfterOct1InMonths>0</proc:TotalLeadTimeAfterOct1InMonths>
                                            </proc:ReorderQuantity>
                                            <proc:HistoryPlanningList>
                                                <proc:HistoryPlanning>
                                                    <proc:FiscalYear>2025</proc:FiscalYear>
                                                    <proc:PCOLocation>Chambersburg, PA</proc:PCOLocation>
                                                    <proc:AwardDate>2024-11</proc:AwardDate>
                                                    <proc:FirstDeliveryDate>2026-05</proc:FirstDeliveryDate>
                                                    <proc:Quantity>2.000</proc:Quantity>
                                                    <proc:UnitCost>4.161</proc:UnitCost>
                                                    <proc:SpecsAvailableNow>false</proc:SpecsAvailableNow>
                                                    <proc:RFPIssueDate>2024-07</proc:RFPIssueDate>
                                                    <proc:FundingVehicle>MIPR</proc:FundingVehicle>
                                                    <proc:MonthlyDeliveryScheduleList>
                                                        <proc:MonthlyDeliverySchedule>
                                                            <proc:ServiceAgencyName>Missile Defense Agency</proc:ServiceAgencyName>
                                                            <proc:ProcQuantity>2.000</proc:ProcQuantity>
                                                            <proc:MonthlyDeliveryList>
                                                                <proc:MonthlyDelivery>
                                                                    <proc:Month>2026-05</proc:Month>
                                                                    <proc:Amount>2</proc:Amount>
                                                                </proc:MonthlyDelivery>
                                                            </proc:MonthlyDeliveryList>
                                                        </proc:MonthlyDeliverySchedule>
                                                    </proc:MonthlyDeliveryScheduleList>
                                                </proc:HistoryPlanning>
                                                <proc:HistoryPlanning>
                                                    <proc:FiscalYear>2026</proc:FiscalYear>
                                                    <proc:PCOLocation>Chambersburg, PA</proc:PCOLocation>
                                                    <proc:AwardDate>2025-11</proc:AwardDate>
                                                    <proc:FirstDeliveryDate>2027-05</proc:FirstDeliveryDate>
                                                    <proc:Quantity>2.000</proc:Quantity>
                                                    <proc:UnitCost>4.248</proc:UnitCost>
                                                    <proc:SpecsAvailableNow>false</proc:SpecsAvailableNow>
                                                    <proc:RFPIssueDate>2025-07</proc:RFPIssueDate>
                                                    <proc:FundingVehicle>MIPR</proc:FundingVehicle>
                                                    <proc:MonthlyDeliveryScheduleList>
                                                        <proc:MonthlyDeliverySchedule>
                                                            <proc:ServiceAgencyName>Missile Defense Agency</proc:ServiceAgencyName>
                                                            <proc:ProcQuantity>2.000</proc:ProcQuantity>
                                                            <proc:MonthlyDeliveryList>
                                                                <proc:MonthlyDelivery>
                                                                    <proc:Month>2027-05</proc:Month>
                                                                    <proc:Amount>2</proc:Amount>
                                                                </proc:MonthlyDelivery>
                                                            </proc:MonthlyDeliveryList>
                                                        </proc:MonthlyDeliverySchedule>
                                                    </proc:MonthlyDeliveryScheduleList>
                                                </proc:HistoryPlanning>
                                            </proc:HistoryPlanningList>
                                        </proc:Manufacturer>
                                    </proc:ManufacturerList>
                                </proc:CostElement>
                                <proc:CostElement>
                                    <proc:Name>Cooling Equipment Unit (CEU) Retrofit Kit</proc:Name>
                                    <proc:Cost>
                                        <proc:Quantity>
                                            <proc:CurrentYear>1</proc:CurrentYear>
                                            <proc:BudgetYearOneBase>1</proc:BudgetYearOneBase>
                                            <proc:BudgetYearOne>1</proc:BudgetYearOne>
                                        </proc:Quantity>
                                        <proc:TotalCost>
                                            <proc:CurrentYear>7.552</proc:CurrentYear>
                                            <proc:BudgetYearOneBase>7.711</proc:BudgetYearOneBase>
                                            <proc:BudgetYearOne>7.711</proc:BudgetYearOne>
                                        </proc:TotalCost>
                                        <proc:UnitCost>
                                            <proc:CurrentYear>7.552</proc:CurrentYear>
                                            <proc:BudgetYearOneBase>7.711</proc:BudgetYearOneBase>
                                            <proc:BudgetYearOne>7.711</proc:BudgetYearOne>
                                        </proc:UnitCost>
                                    </proc:Cost>
                                    <proc:ManufacturerList>
                                        <proc:Manufacturer>
                                            <proc:Name>Letterkenny Army Depot</proc:Name>
                                            <proc:Location>Chambersburg, PA</proc:Location>
                                            <proc:MinimumSustainingRate>0.00</proc:MinimumSustainingRate>
                                            <proc:MaximumProductionRate>2.00</proc:MaximumProductionRate>
                                            <proc:Rate185>2.00</proc:Rate185>
                                            <proc:InitialQuantity>
                                                <proc:AdminLeadTimeBeforeOct1InMonths>0</proc:AdminLeadTimeBeforeOct1InMonths>
                                                <proc:AdminLeadTimeAfterOct1InMonths>5</proc:AdminLeadTimeAfterOct1InMonths>
                                                <proc:ProductionLeadTimeAfterOct1InMonths>18</proc:ProductionLeadTimeAfterOct1InMonths>
                                                <proc:TotalLeadTimeAfterOct1InMonths>23</proc:TotalLeadTimeAfterOct1InMonths>
                                            </proc:InitialQuantity>
                                            <proc:ReorderQuantity>
                                                <proc:AdminLeadTimeBeforeOct1InMonths>0</proc:AdminLeadTimeBeforeOct1InMonths>
                                                <proc:AdminLeadTimeAfterOct1InMonths>5</proc:AdminLeadTimeAfterOct1InMonths>
                                                <proc:ProductionLeadTimeAfterOct1InMonths>18</proc:ProductionLeadTimeAfterOct1InMonths>
                                                <proc:TotalLeadTimeAfterOct1InMonths>23</proc:TotalLeadTimeAfterOct1InMonths>
                                            </proc:ReorderQuantity>
                                            <proc:HistoryPlanningList>
                                                <proc:HistoryPlanning>
                                                    <proc:FiscalYear>2025</proc:FiscalYear>
                                                    <proc:PCOLocation>Chambersburg, PA</proc:PCOLocation>
                                                    <proc:AwardDate>2025-05</proc:AwardDate>
                                                    <proc:FirstDeliveryDate>2026-11</proc:FirstDeliveryDate>
                                                    <proc:Quantity>1.000</proc:Quantity>
                                                    <proc:UnitCost>7.552</proc:UnitCost>
                                                    <proc:SpecsAvailableNow>false</proc:SpecsAvailableNow>
                                                    <proc:RFPIssueDate>2024-11</proc:RFPIssueDate>
                                                    <proc:FundingVehicle>MIPR</proc:FundingVehicle>
                                                    <proc:MonthlyDeliveryScheduleList>
                                                        <proc:MonthlyDeliverySchedule>
                                                            <proc:ServiceAgencyName>Missile Defense Agency</proc:ServiceAgencyName>
                                                            <proc:ProcQuantity>1.000</proc:ProcQuantity>
                                                            <proc:MonthlyDeliveryList>
                                                                <proc:MonthlyDelivery>
                                                                    <proc:Month>2026-11</proc:Month>
                                                                    <proc:Amount>1</proc:Amount>
                                                                </proc:MonthlyDelivery>
                                                            </proc:MonthlyDeliveryList>
                                                        </proc:MonthlyDeliverySchedule>
                                                    </proc:MonthlyDeliveryScheduleList>
                                                </proc:HistoryPlanning>
                                                <proc:HistoryPlanning>
                                                    <proc:FiscalYear>2026</proc:FiscalYear>
                                                    <proc:PCOLocation>Chambersburg, PA</proc:PCOLocation>
                                                    <proc:AwardDate>2026-04</proc:AwardDate>
                                                    <proc:FirstDeliveryDate>2027-10</proc:FirstDeliveryDate>
                                                    <proc:Quantity>1.000</proc:Quantity>
                                                    <proc:UnitCost>7.711</proc:UnitCost>
                                                    <proc:SpecsAvailableNow>false</proc:SpecsAvailableNow>
                                                    <proc:RevisionsAvailableDate>2025-01</proc:RevisionsAvailableDate>
                                                    <proc:RFPIssueDate>2025-11</proc:RFPIssueDate>
                                                    <proc:FundingVehicle>MIPR</proc:FundingVehicle>
                                                    <proc:MonthlyDeliveryScheduleList>
                                                        <proc:MonthlyDeliverySchedule>
                                                            <proc:ServiceAgencyName>Missile Defense Agency</proc:ServiceAgencyName>
                                                            <proc:ProcQuantity>1.000</proc:ProcQuantity>
                                                            <proc:MonthlyDeliveryList>
                                                                <proc:MonthlyDelivery>
                                                                    <proc:Month>2027-10</proc:Month>
                                                                    <proc:Amount>1</proc:Amount>
                                                                </proc:MonthlyDelivery>
                                                            </proc:MonthlyDeliveryList>
                                                        </proc:MonthlyDeliverySchedule>
                                                    </proc:MonthlyDeliveryScheduleList>
                                                </proc:HistoryPlanning>
                                            </proc:HistoryPlanningList>
                                        </proc:Manufacturer>
                                    </proc:ManufacturerList>
                                </proc:CostElement>
                                <proc:CostElement>
                                    <proc:Name>Critical Spares</proc:Name>
                                    <proc:Cost>
                                        <proc:Quantity>
                                            <proc:AllPriorYears>3</proc:AllPriorYears>
                                        </proc:Quantity>
                                        <proc:TotalCost>
                                            <proc:AllPriorYears>29.227</proc:AllPriorYears>
                                        </proc:TotalCost>
                                        <proc:UnitCost>
                                            <proc:AllPriorYears>9.742</proc:AllPriorYears>
                                        </proc:UnitCost>
                                    </proc:Cost>
                                </proc:CostElement>
                                <proc:CostElement>
                                    <proc:Name>DREX kit</proc:Name>
                                    <proc:Cost>
                                        <proc:Quantity>
                                            <proc:AllPriorYears>2</proc:AllPriorYears>
                                            <proc:PriorYear>4</proc:PriorYear>
                                            <proc:CurrentYear>7</proc:CurrentYear>
                                        </proc:Quantity>
                                        <proc:TotalCost>
                                            <proc:AllPriorYears>4.606</proc:AllPriorYears>
                                            <proc:PriorYear>10.741</proc:PriorYear>
                                            <proc:CurrentYear>16.399</proc:CurrentYear>
                                        </proc:TotalCost>
                                        <proc:UnitCost>
                                            <proc:AllPriorYears>2.303</proc:AllPriorYears>
                                            <proc:PriorYear>2.685</proc:PriorYear>
                                            <proc:CurrentYear>2.343</proc:CurrentYear>
                                        </proc:UnitCost>
                                    </proc:Cost>
                                    <proc:ManufacturerList>
                                        <proc:Manufacturer>
                                            <proc:Name>Raytheon</proc:Name>
                                            <proc:Location>Woburn, MA</proc:Location>
                                            <proc:MinimumSustainingRate>1.00</proc:MinimumSustainingRate>
                                            <proc:MaximumProductionRate>7.00</proc:MaximumProductionRate>
                                            <proc:Rate185>1.00</proc:Rate185>
                                            <proc:InitialQuantity>
                                                <proc:AdminLeadTimeBeforeOct1InMonths>9</proc:AdminLeadTimeBeforeOct1InMonths>
                                                <proc:AdminLeadTimeAfterOct1InMonths>9</proc:AdminLeadTimeAfterOct1InMonths>
                                                <proc:ProductionLeadTimeAfterOct1InMonths>26</proc:ProductionLeadTimeAfterOct1InMonths>
                                                <proc:TotalLeadTimeAfterOct1InMonths>35</proc:TotalLeadTimeAfterOct1InMonths>
                                            </proc:InitialQuantity>
                                            <proc:ReorderQuantity>
                                                <proc:AdminLeadTimeBeforeOct1InMonths>0</proc:AdminLeadTimeBeforeOct1InMonths>
                                                <proc:AdminLeadTimeAfterOct1InMonths>7</proc:AdminLeadTimeAfterOct1InMonths>
                                                <proc:ProductionLeadTimeAfterOct1InMonths>26</proc:ProductionLeadTimeAfterOct1InMonths>
                                                <proc:TotalLeadTimeAfterOct1InMonths>33</proc:TotalLeadTimeAfterOct1InMonths>
                                            </proc:ReorderQuantity>
                                            <proc:HistoryPlanningList>
                                                <proc:HistoryPlanning>
                                                    <proc:FiscalYear>2023</proc:FiscalYear>
                                                    <proc:PCOLocation>MDA, Huntsville, AL</proc:PCOLocation>
                                                    <proc:AwardDate>2023-06</proc:AwardDate>
                                                    <proc:FirstDeliveryDate>2025-11</proc:FirstDeliveryDate>
                                                    <proc:Quantity>2.000</proc:Quantity>
                                                    <proc:UnitCost>2.303</proc:UnitCost>
                                                    <proc:SpecsAvailableNow>true</proc:SpecsAvailableNow>
                                                    <proc:RFPIssueDate>2021-12</proc:RFPIssueDate>
                                                    <proc:ContractMethod>SS</proc:ContractMethod>
                                                    <proc:ContractType>FFP</proc:ContractType>
                                                    <proc:ItemNameSuffix>1</proc:ItemNameSuffix>
                                                    <proc:MonthlyDeliveryScheduleList>
                                                        <proc:MonthlyDeliverySchedule>
                                                            <proc:ServiceAgencyName>Missile Defense Agency</proc:ServiceAgencyName>
                                                            <proc:ProcQuantity>2.000</proc:ProcQuantity>
                                                            <proc:MonthlyDeliveryList>
                                                                <proc:MonthlyDelivery>
                                                                    <proc:Month>2025-11</proc:Month>
                                                                    <proc:Amount>2</proc:Amount>
                                                                </proc:MonthlyDelivery>
                                                            </proc:MonthlyDeliveryList>
                                                        </proc:MonthlyDeliverySchedule>
                                                    </proc:MonthlyDeliveryScheduleList>
                                                </proc:HistoryPlanning>
                                                <proc:HistoryPlanning>
                                                    <proc:FiscalYear>2024</proc:FiscalYear>
                                                    <proc:PCOLocation>MDA, Huntsville, AL</proc:PCOLocation>
                                                    <proc:AwardDate>2023-10</proc:AwardDate>
                                                    <proc:FirstDeliveryDate>2026-01</proc:FirstDeliveryDate>
                                                    <proc:Quantity>4.000</proc:Quantity>
                                                    <proc:UnitCost>2.685</proc:UnitCost>
                                                    <proc:SpecsAvailableNow>true</proc:SpecsAvailableNow>
                                                    <proc:RFPIssueDate>2022-03</proc:RFPIssueDate>
                                                    <proc:ContractMethod>SS</proc:ContractMethod>
                                                    <proc:ContractType>FFP</proc:ContractType>
                                                    <proc:ItemNameSuffix>1</proc:ItemNameSuffix>
                                                    <proc:MonthlyDeliveryScheduleList>
                                                        <proc:MonthlyDeliverySchedule>
                                                            <proc:ServiceAgencyName>Missile Defense Agency</proc:ServiceAgencyName>
                                                            <proc:ProcQuantity>4.000</proc:ProcQuantity>
                                                            <proc:MonthlyDeliveryList>
                                                                <proc:MonthlyDelivery>
                                                                    <proc:Month>2026-01</proc:Month>
                                                                    <proc:Amount>4</proc:Amount>
                                                                </proc:MonthlyDelivery>
                                                            </proc:MonthlyDeliveryList>
                                                        </proc:MonthlyDeliverySchedule>
                                                    </proc:MonthlyDeliveryScheduleList>
                                                </proc:HistoryPlanning>
                                                <proc:HistoryPlanning>
                                                    <proc:FiscalYear>2025</proc:FiscalYear>
                                                    <proc:PCOLocation>MDA, Huntsville, AL</proc:PCOLocation>
                                                    <proc:AwardDate>2024-10</proc:AwardDate>
                                                    <proc:FirstDeliveryDate>2027-01</proc:FirstDeliveryDate>
                                                    <proc:Quantity>7.000</proc:Quantity>
                                                    <proc:UnitCost>2.343</proc:UnitCost>
                                                    <proc:SpecsAvailableNow>true</proc:SpecsAvailableNow>
                                                    <proc:RFPIssueDate>2024-03</proc:RFPIssueDate>
                                                    <proc:ContractMethod>SS</proc:ContractMethod>
                                                    <proc:ContractType>FFP</proc:ContractType>
                                                    <proc:ItemNameSuffix>1</proc:ItemNameSuffix>
                                                    <proc:MonthlyDeliveryScheduleList>
                                                        <proc:MonthlyDeliverySchedule>
                                                            <proc:ServiceAgencyName>Missile Defense Agency</proc:ServiceAgencyName>
                                                            <proc:ProcQuantity>7.000</proc:ProcQuantity>
                                                            <proc:MonthlyDeliveryList>
                                                                <proc:MonthlyDelivery>
                                                                    <proc:Month>2027-01</proc:Month>
                                                                    <proc:Amount>7</proc:Amount>
                                                                </proc:MonthlyDelivery>
                                                            </proc:MonthlyDeliveryList>
                                                        </proc:MonthlyDeliverySchedule>
                                                    </proc:MonthlyDeliveryScheduleList>
                                                </proc:HistoryPlanning>
                                            </proc:HistoryPlanningList>
                                        </proc:Manufacturer>
                                    </proc:ManufacturerList>
                                </proc:CostElement>
                                <proc:CostElement>
                                    <proc:Name>Electronic Equipment Unit (EEU)</proc:Name>
                                    <proc:Cost>
                                        <proc:Quantity>
                                            <proc:AllPriorYears>6</proc:AllPriorYears>
                                        </proc:Quantity>
                                        <proc:TotalCost>
                                            <proc:AllPriorYears>133.927</proc:AllPriorYears>
                                        </proc:TotalCost>
                                        <proc:UnitCost>
                                            <proc:AllPriorYears>22.321</proc:AllPriorYears>
                                        </proc:UnitCost>
                                    </proc:Cost>
                                </proc:CostElement>
                                <proc:CostElement>
                                    <proc:Name>Electronic Equipment Unit (EEU) Modification Kit</proc:Name>
                                    <proc:Cost>
                                        <proc:Quantity>
                                            <proc:AllPriorYears>5</proc:AllPriorYears>
                                        </proc:Quantity>
                                        <proc:TotalCost>
                                            <proc:AllPriorYears>24.248</proc:AllPriorYears>
                                        </proc:TotalCost>
                                        <proc:UnitCost>
                                            <proc:AllPriorYears>4.85</proc:AllPriorYears>
                                        </proc:UnitCost>
                                    </proc:Cost>
                                </proc:CostElement>
                                <proc:CostElement>
                                    <proc:Name>Float Antenna Equipment Unit (AEU)</proc:Name>
                                    <proc:Cost>
                                        <proc:Quantity>
                                            <proc:AllPriorYears>1</proc:AllPriorYears>
                                        </proc:Quantity>
                                        <proc:TotalCost>
                                            <proc:AllPriorYears>62.019</proc:AllPriorYears>
                                        </proc:TotalCost>
                                        <proc:UnitCost>
                                            <proc:AllPriorYears>62.019</proc:AllPriorYears>
                                        </proc:UnitCost>
                                    </proc:Cost>
                                </proc:CostElement>
                                <proc:CostElement>
                                    <proc:Name>Float Cooling Equipment Unit (CEU)</proc:Name>
                                    <proc:Cost>
                                        <proc:Quantity>
                                            <proc:AllPriorYears>2</proc:AllPriorYears>
                                        </proc:Quantity>
                                        <proc:TotalCost>
                                            <proc:AllPriorYears>25.857</proc:AllPriorYears>
                                        </proc:TotalCost>
                                        <proc:UnitCost>
                                            <proc:AllPriorYears>12.929</proc:AllPriorYears>
                                        </proc:UnitCost>
                                    </proc:Cost>
                                </proc:CostElement>
                                <proc:CostElement>
                                    <proc:Name>Float Electronic Equipment Unit (EEU)</proc:Name>
                                    <proc:Cost>
                                        <proc:Quantity>
                                            <proc:AllPriorYears>2</proc:AllPriorYears>
                                        </proc:Quantity>
                                        <proc:TotalCost>
                                            <proc:AllPriorYears>42.982</proc:AllPriorYears>
                                        </proc:TotalCost>
                                        <proc:UnitCost>
                                            <proc:AllPriorYears>21.491</proc:AllPriorYears>
                                        </proc:UnitCost>
                                    </proc:Cost>
                                </proc:CostElement>
                                <proc:CostElement>
                                    <proc:Name>Forward-Based Mode Prime Power Units (PPU)</proc:Name>
                                    <proc:Cost>
                                        <proc:Quantity>
                                            <proc:AllPriorYears>4</proc:AllPriorYears>
                                        </proc:Quantity>
                                        <proc:TotalCost>
                                            <proc:AllPriorYears>43.94</proc:AllPriorYears>
                                        </proc:TotalCost>
                                        <proc:UnitCost>
                                            <proc:AllPriorYears>10.985</proc:AllPriorYears>
                                        </proc:UnitCost>
                                    </proc:Cost>
                                </proc:CostElement>
                                <proc:CostElement>
                                    <proc:Name>Prime Power Unit (PPUs - 2 each radar system)</proc:Name>
                                    <proc:Cost>
                                        <proc:Quantity>
                                            <proc:AllPriorYears>7</proc:AllPriorYears>
                                        </proc:Quantity>
                                        <proc:TotalCost>
                                            <proc:AllPriorYears>106.76</proc:AllPriorYears>
                                        </proc:TotalCost>
                                        <proc:UnitCost>
                                            <proc:AllPriorYears>15.251</proc:AllPriorYears>
                                        </proc:UnitCost>
                                    </proc:Cost>
                                </proc:CostElement>
                                <proc:CostElement>
                                    <proc:Name>Radar Field Upgrade (RAFU) Kit</proc:Name>
                                    <proc:Cost>
                                        <proc:Quantity>
                                            <proc:AllPriorYears>1</proc:AllPriorYears>
                                        </proc:Quantity>
                                        <proc:TotalCost>
                                            <proc:AllPriorYears>1450</proc:AllPriorYears>
                                        </proc:TotalCost>
                                        <proc:UnitCost>
                                            <proc:AllPriorYears>1450</proc:AllPriorYears>
                                        </proc:UnitCost>
                                    </proc:Cost>
                                </proc:CostElement>
                                <proc:CostElement>
                                    <proc:Name>Transmit/Receive Integrated Microwave Module (TRIMMs)</proc:Name>
                                    <proc:Cost>
                                        <proc:Quantity>
                                            <proc:AllPriorYears>1</proc:AllPriorYears>
                                        </proc:Quantity>
                                        <proc:TotalCost>
                                            <proc:AllPriorYears>59.84</proc:AllPriorYears>
                                        </proc:TotalCost>
                                        <proc:UnitCost>
                                            <proc:AllPriorYears>59.84</proc:AllPriorYears>
                                        </proc:UnitCost>
                                    </proc:Cost>
                                </proc:CostElement>
                            </proc:CostElementList>
                            <proc:CategorySubtotal>
                                <proc:TotalCost>
                                    <proc:AllPriorYears>2885.198</proc:AllPriorYears>
                                    <proc:PriorYear>19.847</proc:PriorYear>
                                    <proc:CurrentYear>45.176</proc:CurrentYear>
                                    <proc:BudgetYearOneBase>36.53</proc:BudgetYearOneBase>
                                    <proc:BudgetYearOne>36.53</proc:BudgetYearOne>
                                </proc:TotalCost>
                            </proc:CategorySubtotal>
                        </proc:Recurring>
                        <proc:NonRecurring>
                            <proc:CostElementList>
                                <proc:CostElement>
                                    <proc:Name>Antenna Equipment Unit (AEU) Radome</proc:Name>
                                    <proc:Cost>
                                        <proc:Quantity>
                                            <proc:AllPriorYears>1</proc:AllPriorYears>
                                        </proc:Quantity>
                                        <proc:TotalCost>
                                            <proc:AllPriorYears>1.525</proc:AllPriorYears>
                                        </proc:TotalCost>
                                        <proc:UnitCost>
                                            <proc:AllPriorYears>1.525</proc:AllPriorYears>
                                        </proc:UnitCost>
                                    </proc:Cost>
                                </proc:CostElement>
                                <proc:CostElement>
                                    <proc:Name>Antenna Equipment Unit (AEU) Transformer Hoses</proc:Name>
                                    <proc:Cost>
                                        <proc:Quantity>
                                            <proc:AllPriorYears>180</proc:AllPriorYears>
                                        </proc:Quantity>
                                        <proc:TotalCost>
                                            <proc:AllPriorYears>0.151</proc:AllPriorYears>
                                        </proc:TotalCost>
                                        <proc:UnitCost>
                                            <proc:AllPriorYears>0.001</proc:AllPriorYears>
                                        </proc:UnitCost>
                                    </proc:Cost>
                                </proc:CostElement>
                                <proc:CostElement>
                                    <proc:Name>CEU Fan Motors</proc:Name>
                                    <proc:Cost>
                                        <proc:Quantity>
                                            <proc:AllPriorYears>24</proc:AllPriorYears>
                                        </proc:Quantity>
                                        <proc:TotalCost>
                                            <proc:AllPriorYears>2.933</proc:AllPriorYears>
                                        </proc:TotalCost>
                                        <proc:UnitCost>
                                            <proc:AllPriorYears>0.122</proc:AllPriorYears>
                                        </proc:UnitCost>
                                    </proc:Cost>
                                </proc:CostElement>
                                <proc:CostElement>
                                    <proc:Name>Contractor Certification</proc:Name>
                                    <proc:Cost>
                                        <proc:Quantity>
                                            <proc:AllPriorYears>1</proc:AllPriorYears>
                                        </proc:Quantity>
                                        <proc:TotalCost>
                                            <proc:AllPriorYears>2.862</proc:AllPriorYears>
                                        </proc:TotalCost>
                                        <proc:UnitCost>
                                            <proc:AllPriorYears>2.862</proc:AllPriorYears>
                                        </proc:UnitCost>
                                    </proc:Cost>
                                </proc:CostElement>
                                <proc:CostElement>
                                    <proc:Name>Radar 13 Initial Spares and AC/DC Converters</proc:Name>
                                    <proc:Cost>
                                        <proc:Quantity>
                                            <proc:PriorYear>1</proc:PriorYear>
                                            <proc:CurrentYear>1</proc:CurrentYear>
                                        </proc:Quantity>
                                        <proc:TotalCost>
                                            <proc:PriorYear>9.261</proc:PriorYear>
                                            <proc:CurrentYear>10.789</proc:CurrentYear>
                                        </proc:TotalCost>
                                        <proc:UnitCost>
                                            <proc:PriorYear>9.261</proc:PriorYear>
                                            <proc:CurrentYear>10.789</proc:CurrentYear>
                                        </proc:UnitCost>
                                    </proc:Cost>
                                    <proc:ManufacturerList>
                                        <proc:Manufacturer>
                                            <proc:Name>Raytheon</proc:Name>
                                            <proc:Location>Woburn, MA</proc:Location>
                                            <proc:MinimumSustainingRate>1.00</proc:MinimumSustainingRate>
                                            <proc:MaximumProductionRate>4.00</proc:MaximumProductionRate>
                                            <proc:Rate185>1.00</proc:Rate185>
                                            <proc:InitialQuantity>
                                                <proc:AdminLeadTimeBeforeOct1InMonths>18</proc:AdminLeadTimeBeforeOct1InMonths>
                                                <proc:AdminLeadTimeAfterOct1InMonths>1</proc:AdminLeadTimeAfterOct1InMonths>
                                                <proc:ProductionLeadTimeAfterOct1InMonths>24</proc:ProductionLeadTimeAfterOct1InMonths>
                                                <proc:TotalLeadTimeAfterOct1InMonths>25</proc:TotalLeadTimeAfterOct1InMonths>
                                            </proc:InitialQuantity>
                                            <proc:ReorderQuantity>
                                                <proc:AdminLeadTimeBeforeOct1InMonths>6</proc:AdminLeadTimeBeforeOct1InMonths>
                                                <proc:AdminLeadTimeAfterOct1InMonths>1</proc:AdminLeadTimeAfterOct1InMonths>
                                                <proc:ProductionLeadTimeAfterOct1InMonths>24</proc:ProductionLeadTimeAfterOct1InMonths>
                                                <proc:TotalLeadTimeAfterOct1InMonths>25</proc:TotalLeadTimeAfterOct1InMonths>
                                            </proc:ReorderQuantity>
                                            <proc:HistoryPlanningList>
                                                <proc:HistoryPlanning>
                                                    <proc:FiscalYear>2024</proc:FiscalYear>
                                                    <proc:PCOLocation>Huntsville, AL</proc:PCOLocation>
                                                    <proc:AwardDate>2023-10</proc:AwardDate>
                                                    <proc:FirstDeliveryDate>2025-10</proc:FirstDeliveryDate>
                                                    <proc:Quantity>1.000</proc:Quantity>
                                                    <proc:UnitCost>9.261</proc:UnitCost>
                                                    <proc:SpecsAvailableNow>false</proc:SpecsAvailableNow>
                                                    <proc:RevisionsAvailableDate>2025-01</proc:RevisionsAvailableDate>
                                                    <proc:RFPIssueDate>2022-03</proc:RFPIssueDate>
                                                    <proc:ContractMethod>C</proc:ContractMethod>
                                                    <proc:ContractType>BA</proc:ContractType>
                                                    <proc:ItemNameSuffix>1</proc:ItemNameSuffix>
                                                    <proc:MonthlyDeliveryScheduleList>
                                                        <proc:MonthlyDeliverySchedule>
                                                            <proc:ServiceAgencyName>Missile Defense Agency</proc:ServiceAgencyName>
                                                            <proc:ProcQuantity>1.000</proc:ProcQuantity>
                                                            <proc:MonthlyDeliveryList>
                                                                <proc:MonthlyDelivery>
                                                                    <proc:Month>2025-10</proc:Month>
                                                                    <proc:Amount>1</proc:Amount>
                                                                </proc:MonthlyDelivery>
                                                            </proc:MonthlyDeliveryList>
                                                        </proc:MonthlyDeliverySchedule>
                                                    </proc:MonthlyDeliveryScheduleList>
                                                </proc:HistoryPlanning>
                                                <proc:HistoryPlanning>
                                                    <proc:FiscalYear>2025</proc:FiscalYear>
                                                    <proc:PCOLocation>Huntsville, AL</proc:PCOLocation>
                                                    <proc:AwardDate>2024-10</proc:AwardDate>
                                                    <proc:FirstDeliveryDate>2026-10</proc:FirstDeliveryDate>
                                                    <proc:Quantity>1.000</proc:Quantity>
                                                    <proc:UnitCost>10.789</proc:UnitCost>
                                                    <proc:SpecsAvailableNow>true</proc:SpecsAvailableNow>
                                                    <proc:RevisionsAvailableDate>2025-01</proc:RevisionsAvailableDate>
                                                    <proc:RFPIssueDate>2024-03</proc:RFPIssueDate>
                                                    <proc:ContractMethod>C</proc:ContractMethod>
                                                    <proc:ContractType>BA</proc:ContractType>
                                                    <proc:ItemNameSuffix>2</proc:ItemNameSuffix>
                                                    <proc:MonthlyDeliveryScheduleList>
                                                        <proc:MonthlyDeliverySchedule>
                                                            <proc:ServiceAgencyName>Missile Defense Agency</proc:ServiceAgencyName>
                                                            <proc:ProcQuantity>1.000</proc:ProcQuantity>
                                                            <proc:MonthlyDeliveryList>
                                                                <proc:MonthlyDelivery>
                                                                    <proc:Month>2026-10</proc:Month>
                                                                    <proc:Amount>1</proc:Amount>
                                                                </proc:MonthlyDelivery>
                                                            </proc:MonthlyDeliveryList>
                                                        </proc:MonthlyDeliverySchedule>
                                                    </proc:MonthlyDeliveryScheduleList>
                                                </proc:HistoryPlanning>
                                            </proc:HistoryPlanningList>
                                        </proc:Manufacturer>
                                    </proc:ManufacturerList>
                                </proc:CostElement>
                                <proc:CostElement>
                                    <proc:Name>Reference Horn Switch Assembly (RHSA) Retrofit Kits</proc:Name>
                                    <proc:Cost>
                                        <proc:Quantity>
                                            <proc:AllPriorYears>1</proc:AllPriorYears>
                                        </proc:Quantity>
                                        <proc:TotalCost>
                                            <proc:AllPriorYears>0.242</proc:AllPriorYears>
                                        </proc:TotalCost>
                                        <proc:UnitCost>
                                            <proc:AllPriorYears>0.242</proc:AllPriorYears>
                                        </proc:UnitCost>
                                    </proc:Cost>
                                </proc:CostElement>
                                <proc:CostElement>
                                    <proc:Name>Retrofit Firewall Kits</proc:Name>
                                    <proc:Cost>
                                        <proc:Quantity>
                                            <proc:AllPriorYears>37</proc:AllPriorYears>
                                        </proc:Quantity>
                                        <proc:TotalCost>
                                            <proc:AllPriorYears>3.421</proc:AllPriorYears>
                                        </proc:TotalCost>
                                        <proc:UnitCost>
                                            <proc:AllPriorYears>0.092</proc:AllPriorYears>
                                        </proc:UnitCost>
                                    </proc:Cost>
                                </proc:CostElement>
                            </proc:CostElementList>
                            <proc:CategorySubtotal>
                                <proc:TotalCost>
                                    <proc:AllPriorYears>11.134</proc:AllPriorYears>
                                    <proc:PriorYear>9.261</proc:PriorYear>
                                    <proc:CurrentYear>10.789</proc:CurrentYear>
                                </proc:TotalCost>
                            </proc:CategorySubtotal>
                        </proc:NonRecurring>
                        <proc:CategorySubtotal>
                            <proc:TotalCost>
                                <proc:AllPriorYears>2896.332</proc:AllPriorYears>
                                <proc:PriorYear>29.108</proc:PriorYear>
                                <proc:CurrentYear>55.965</proc:CurrentYear>
                                <proc:BudgetYearOneBase>36.53</proc:BudgetYearOneBase>
                                <proc:BudgetYearOne>36.53</proc:BudgetYearOne>
                            </proc:TotalCost>
                        </proc:CategorySubtotal>
                    </proc:Hardware>
                    <proc:Support>
                        <proc:CostElementList>
                            <proc:CostElement>
                                <proc:Name>Program Support</proc:Name>
                                <proc:Cost>
                                    <proc:Quantity>
                                        <proc:AllPriorYears>1</proc:AllPriorYears>
                                    </proc:Quantity>
                                    <proc:TotalCost>
                                        <proc:AllPriorYears>16</proc:AllPriorYears>
                                    </proc:TotalCost>
                                    <proc:UnitCost>
                                        <proc:AllPriorYears>16</proc:AllPriorYears>
                                    </proc:UnitCost>
                                </proc:Cost>
                            </proc:CostElement>
                        </proc:CostElementList>
                        <proc:CategorySubtotal>
                            <proc:TotalCost>
                                <proc:AllPriorYears>16</proc:AllPriorYears>
                            </proc:TotalCost>
                        </proc:CategorySubtotal>
                    </proc:Support>
                </proc:CostElementCategoryList>
            </proc:P5Item>
        </proc:ItemExhibitList>
        <proc:DocumentAssemblyOptions>
            <proc:p40AItemScheduleSetting>expandItemSuppressExhibit</proc:p40AItemScheduleSetting>
        </proc:DocumentAssemblyOptions>
    </proc:LineItem>
</proc:LineItemList>