<?xml version="1.0" encoding="UTF-8"?>
<r2:ProgramElementList xmlns:r2="http://www.dtic.mil/comptroller/xml/schema/022009/r2" targetSchemaVersion="1.0">
    <r2:ProgramElement monetaryUnit="Millions">
        <r2:ProgramElementNumber>0603160BR</r2:ProgramElementNumber>
        <r2:ProgramElementTitle>COUNTER WEAPONS OF MASS DESTRUCTION ADVANCED TECHNOLOGY DEVELOPMENT</r2:ProgramElementTitle>
        <r2:R1LineNumber>40</r2:R1LineNumber>
        <r2:BudgetYear>2026</r2:BudgetYear>
        <r2:BudgetCycle>PB</r2:BudgetCycle>
        <r2:SubmissionDate>2025-06</r2:SubmissionDate>
        <r2:ServiceAgencyName>Defense Threat Reduction Agency</r2:ServiceAgencyName>
        <r2:AppropriationCode>0400</r2:AppropriationCode>
        <r2:AppropriationName>Research, Development, Test &amp; Evaluation, Defense-Wide</r2:AppropriationName>
        <r2:BudgetActivityNumber>3</r2:BudgetActivityNumber>
        <r2:BudgetActivityTitle>Advanced Technology Development (ATD)</r2:BudgetActivityTitle>
        <r2:ProgramElementFunding>
            <r2:AllPriorYears>1824.544</r2:AllPriorYears>
            <r2:PriorYear>390.581</r2:PriorYear>
            <r2:CurrentYear>410.112</r2:CurrentYear>
            <r2:BudgetYearOne>393.469</r2:BudgetYearOne>
            <r2:BudgetYearOneBase>393.469</r2:BudgetYearOneBase>
            <r2:BudgetYearOneOOC>0.000</r2:BudgetYearOneOOC>
        </r2:ProgramElementFunding>
        <r2:ProgramElementMissionDescription>Counter Weapons of Mass Destruction (CWMD) Technologies and Capabilities Development project develops advanced technologies and weapon concepts and validates their applicability to CWMD. Research encompasses the following areas:
Defeat Technologies supports Combatant Commands through research, development, and transition of offensive weapons and other capabilities to counter Weapons of Mass Destruction (WMD) while mitigating collateral contamination effects.
Enable rapid capability delivery supports urgent warfighter operational requirements in countering WMD and emerging threats, often below the level of armed conflict. This research develops and delivers urgent CWMD capabilities to provide Combatant Commands a competitive advantage against WMD-capable adversaries with a focus on innovative, agile, achievable, and effective technology solutions for DoD sensitive and classified programs, Combatant Command hybrid warfare support, and competition below the level of armed conflict.
Counter emergent threat technologies research develops and transitions a full spectrum of new technologies to counter emergent WMD threats providing combatant commanders improved offensive capabilities in support of near-peer emerging threats and counter-proliferation missions that combat weapons of mass destruction. This research supports the U.S. Special Operations Command (USSOCOM) in two areas: (1) counter proliferation research is a collaborative effort to develop advanced, warfighter-unique technologies to defeat WMD development and acquisition pathways, to include defeat of the devices themselves, while minimizing risks to U.S. forces; and (2) counter emerging threats concepts and technologies to integrate and synchronize activities that prevent violent extremist organizations and rogue nation states from developing, acquiring, proliferating, or using WMD. This effort supports Commander, USSOCOM responsibilities under the Chairman, Joint Chiefs of Staff Unified Command Plan.
Counterforce technologies research develops, integrates, demonstrates, and transitions advanced sensors, surveillance, and target defeat planning technologies to enable the warfighter to hold WMD-related targets at risk. There are three core research efforts in this project: Technical Reconnaissance; CWMD Weapons Effects; and, Applied CWMD Computational, Physical and Life Science Research.
Target assessment technologies research develops, applies, and transitions processes and technologies providing advanced capabilities in the areas of WMD Targets Immersive Mission Planning (TIMP), and Full Dimensional Defeat Enterprise (FDDE). Nuclear - Advanced Automated Target Development automates intelligence input to provide more realistic target input parameters incorporating 3-D models. WMD-TIMP provides an interactive virtual reality platform for mission planning that mitigates impact of characterization uncertainty by allowing mission planners to execute multiple planning iterations with varied uncertainty parameters. FDDE aims to develop an enterprise capability for finding and identifying a facility, characterizing its function and physical layout, determining current or future vulnerabilities to available defeat mechanisms, planning and executing an attack, assessing damage, and denying reconstitution efforts. The dynamic capabilities encompassed in this effort provide Combatant Commands and the intelligence community tools and processes needed to hold at risk high value hard targets and WMD targets possessed by adversaries.</r2:ProgramElementMissionDescription>
        <r2:ChangeSummary>
            <r2:PreviousPresidentBudget>
                <r2:PriorYear>400.947</r2:PriorYear>
                <r2:CurrentYear>418.044</r2:CurrentYear>
                <r2:BudgetYearOne>420.147</r2:BudgetYearOne>
                <r2:BudgetYearOneBase>420.147</r2:BudgetYearOneBase>
            </r2:PreviousPresidentBudget>
            <r2:CurrentPresidentBudget>
                <r2:PriorYear>390.581</r2:PriorYear>
                <r2:CurrentYear>410.112</r2:CurrentYear>
                <r2:BudgetYearOne>393.469</r2:BudgetYearOne>
                <r2:BudgetYearOneBase>393.469</r2:BudgetYearOneBase>
            </r2:CurrentPresidentBudget>
            <r2:TotalAdjustments>
                <r2:PriorYear>-10.366</r2:PriorYear>
                <r2:CurrentYear>-7.932</r2:CurrentYear>
                <r2:BudgetYearOne>-26.678</r2:BudgetYearOne>
                <r2:BudgetYearOneBase>-26.678</r2:BudgetYearOneBase>
                <r2:BudgetYearOneOOC>0.000</r2:BudgetYearOneOOC>
            </r2:TotalAdjustments>
            <r2:AdjustmentDetails>
                <r2:CongressionalGeneralReductions>
                    <r2:PriorYear>0.000</r2:PriorYear>
                    <r2:CurrentYear>0.000</r2:CurrentYear>
                </r2:CongressionalGeneralReductions>
                <r2:CongressionalDirectedReductions>
                    <r2:PriorYear>0.000</r2:PriorYear>
                    <r2:CurrentYear>-7.932</r2:CurrentYear>
                </r2:CongressionalDirectedReductions>
                <r2:CongressionalRescissions>
                    <r2:PriorYear>0.000</r2:PriorYear>
                    <r2:CurrentYear>0.000</r2:CurrentYear>
                </r2:CongressionalRescissions>
                <r2:CongressionalAdds>
                    <r2:PriorYear>8.500</r2:PriorYear>
                    <r2:CurrentYear>0.000</r2:CurrentYear>
                </r2:CongressionalAdds>
                <r2:CongressionalDirectedTransfers>
                    <r2:PriorYear>0.000</r2:PriorYear>
                    <r2:CurrentYear>0.000</r2:CurrentYear>
                </r2:CongressionalDirectedTransfers>
                <r2:Reprogrammings>
                    <r2:PriorYear>0.000</r2:PriorYear>
                    <r2:CurrentYear>0.000</r2:CurrentYear>
                </r2:Reprogrammings>
                <r2:SBIRSTTRTransfer>
                    <r2:PriorYear>-10.366</r2:PriorYear>
                    <r2:CurrentYear>0.000</r2:CurrentYear>
                </r2:SBIRSTTRTransfer>
                <r2:OtherAdjustmentDetailList>
                    <r2:OtherAdjustmentDetail>
                        <r2:Title>Realignments</r2:Title>
                        <r2:Funding>
                            <r2:PriorYear>0.000</r2:PriorYear>
                            <r2:CurrentYear>0.000</r2:CurrentYear>
                            <r2:BudgetYearOne>-26.678</r2:BudgetYearOne>
                            <r2:BudgetYearOneBase>-26.678</r2:BudgetYearOneBase>
                        </r2:Funding>
                    </r2:OtherAdjustmentDetail>
                    <r2:OtherAdjustmentDetail>
                        <r2:Title>Program Adjustments</r2:Title>
                        <r2:Funding>
                            <r2:PriorYear>-8.500</r2:PriorYear>
                            <r2:CurrentYear>0.000</r2:CurrentYear>
                        </r2:Funding>
                    </r2:OtherAdjustmentDetail>
                </r2:OtherAdjustmentDetailList>
            </r2:AdjustmentDetails>
            <r2:SummaryExplanation>The current President's Budget request is a decrease from the previous President’s Budget. The decrease is due to the combined impact of the following reductions and realignments:
- Reduction in discretionary travel funding to align with Executive Order 14222, “Implementing the President’s Department of Government Efficiency Cost Efficiency Initiative.
- Reduction in contracts for Advisory and Assistance Services to promote efficiencies and advance the policies of the Administration in alignment with Executive Order 14222, “Implementing the President’s Department of Government Efficiency Cost Efficiency Initiative.”
- Reduction in Fourth Estate Science and Technology Funding by 2%.
- Reduction in Federally Funded Research and Development Center support.
- Realignment in funding to increase investment in Project RD – Nuclear Technologies and Capabilities Development for nuclear environments, effects, and survivability analysis and risk mitigation for U.S. space assets (space-based and ground-based). This increased investment will provide a study of the current pacing threat of Directed Energy Weapon (DEW) capabilities and possible future threat levels through 2030.  
- Realignment in funding to increase investment for DEW survivability analysis against strategic systems, defense critical capabilities, and mission-critical systems.
- Realignment in funding to increase investment for strengthening future arms control with resources realigned from DTRA's O&amp;M account and lower priority requirements elsewhere in this project.
- Realignment in funding from Project RA - CWMD Cross-Cutting Technical and Information Sciences and Project RG - CWMD Technologies and Capabilities Development to DTRA’s O&amp;M account to (1) convert secret collateral office space in DTRA's Fort Belvoir headquarters facility to expand Sensitive Compartmented Information Facility capacity as demand for DTRA support necessitates expanded mission processing on systems accredited for sensitive compartments and (2) fund higher priority requirements aligned to Defense budget priorities.</r2:SummaryExplanation>
        </r2:ChangeSummary>
        <r2:ProjectList>
            <r2:Project>
                <r2:ProjectNumber>RA</r2:ProjectNumber>
                <r2:ProjectTitle>CWMD CROSS-CUTTING TECHNICAL AND INFORMATION SCIENCES</r2:ProjectTitle>
                <r2:SpecialProject>0</r2:SpecialProject>
                <r2:ProjectFunding>
                    <r2:AllPriorYears>345.718</r2:AllPriorYears>
                    <r2:PriorYear>75.766</r2:PriorYear>
                    <r2:CurrentYear>74.806</r2:CurrentYear>
                    <r2:BudgetYearOne>63.598</r2:BudgetYearOne>
                    <r2:BudgetYearOneBase>63.598</r2:BudgetYearOneBase>
                </r2:ProjectFunding>
                <r2:R2aExhibit>
                    <r2:ProjectMissionDescription>The Counter Weapons of Mass Destruction (CWMD) Cross-Cutting Technical and Information Sciences project provides technical expertise through continuous reachback and quick reaction support to the United States and its allies across the CWMD mission space. The project performs continuous modeling of ad hoc computational analyses on the consequences of Weapons of Mass Destruction (WMD) in consultation with military and civilian planners, warfighters, and first responders. The project also supports international CWMD cooperation by developing technologies and concepts suitable for foreign release.</r2:ProjectMissionDescription>
                    <r2:AccomplishmentPlannedProgramList>
                        <r2:AccomplishmentPlannedProgram>
                            <r2:Title>RA: CWMD Cross-Cutting Technical and Information Sciences</r2:Title>
                            <r2:Description>Project RA develops modeling and simulation capabilities and provides technical reachback support to maintain and increase decision advantages for the United States and its allies through improved situational understanding across the complete CWMD mission space.</r2:Description>
                            <r2:Accomplishment>
                                <r2:PriorYear>
                                    <r2:Funding>75.766</r2:Funding>
                                    <r2:Text>- Provide 24/7 technical reachback assistance, decision support and planning support to Combatant Command (CCMD), Service, interagency, and other government customers to support immediate mission and operational environments; respond to over 1200 requests for information/assistance with over 95% timeliness in responses.
- Develop data integration, analysis and visualization solutions in support of CCMDs, Special Operations Forces, and other mission partners; apply advanced analytics to develop novel capabilities for illuminating and disrupting procurement and proliferation networks and coordinating CWMD operations; transition operational prototype applications/processes to supported commands/units or sustainment programs.
- Develop and deliver critical technical capabilities responsive to urgent, emergent theater requirements in support of critical strategic partners via non-traditional, efficient acquisition pathways; deliver timely technical capabilities in response to emergent needs that would otherwise not be met in the required timeline.
- Enhance and integrate toolset for capturing, documenting, decomposing, and prioritizing DTRA RDT&amp;E activities, including the identification and de-confliction of redundancies across DTRA, greater DoD and broader government CWMD capability development activities.</r2:Text>
                                </r2:PriorYear>
                            </r2:Accomplishment>
                            <r2:PlannedProgram>
                                <r2:CurrentYear>
                                    <r2:Funding>74.806</r2:Funding>
                                    <r2:Text>- Provide 24/7 technical reachback assistance, decision support and planning support to Combatant Commands (CCMD), Services, interagency and other government customers to support immediate mission and operational environments; respond to over 1300 requests for information/assistance with over 95% timeliness in responses.
- Develop comprehensive capability for modeling atmospheric release and effects of chemical, biological, radiological, and nuclear (CBRN) material, incorporating the latest threat developments and trends into the Hazard Prediction and Assessment Capability (HPAC) model; develop multi-operating system containerized version to meet Security, Development, and Operations guidance and streamline integration and transition.
- Rapidly prototype software applications and data science solutions to enhance CWMD situational awareness and information sharing, synchronization of operations, and identification of WMD threats. Maintain rotating portfolio in various stages of development, from initial concept through transition to advanced developer or to the customer for sustainment.
- Develop data integration, analysis and visualization solutions in support of mission partners; apply advanced analytics to develop novel capabilities for illuminating and disrupting procurement and proliferation networks and coordinating CWMD operations; transition operational prototype applications/processes to supported commands/units or sustainment programs.
- Deliver engineering /vulnerability studies identifying areas for continued capability development to support CCMD counter threats; develop/deliver rapid prototype CWMD and emerging threat capabilities addressing emerging theater CWMD requirements, with focus on: vulnerabilities analysis, human-machine interfaces, networked sensing and signatures, next generation communications, and disruptive technologies.
- Develop and deliver critical technical capabilities responsive to urgent, emergent theater requirements in support of critical strategic partners via non-traditional, efficient acquisition pathways; deliver timely technical capabilities in response to emergent needs that would otherwise not be met in the required timeline.
- Enhance and integrate toolset under the DTRA Requirements Management Tool to capture, document, decompose, and prioritize DTRA RDT&amp;E activities, including the identification and de-confliction of redundancies across DTRA, greater DoD and broader government CWMD capability development activities.</r2:Text>
                                </r2:CurrentYear>
                                <r2:BudgetYearOne>
                                    <r2:Funding>63.598</r2:Funding>
                                </r2:BudgetYearOne>
                                <r2:BudgetYearOneBase>
                                    <r2:Funding>63.598</r2:Funding>
                                    <r2:Text>- Transition to the National Geospatial Agency, the production process and methods to develop building data (e.g. construction and population) in support of CCMD requirements for Civilian Harm Mitigation and Response.
- Facilitate the initial operational use of agent-based analytic tools and techniques needed to link massively interacting systems (e.g. population behavior, infrastructure, etc.) at a level that allows inference of possible reactions and effects.
- Deliver HPAC 8.0 with enhanced CBRN capabilities to include urban transport, up-to-date agents and data, and container architecture enhancing integration to web-based tools.
- Develop and test cross-cutting CBRN capabilities in support of emergent CCMD/customer requirements, including sensor communications backhaul and virtual reality / augmented reality for WMD incident responders.
- Utilize Applied Data Science to provide rapid prototype software applications and data science solutions to enhance CWMD situational awareness and information sharing, synchronization of operations, and identification of WMD threats.
- Leverage federated DoD Platform as a Service (Air Force Platform 1, Operational Development, Security, and Operations (DevSecOps) for Intelligence, Surveillance, and Reconnaissance NEXGEN, and a Data Science Platform) to support DevSecOps, Advanced Analytics, and Transition Hosting on Non-classified Internet Protocol, Secret Internet Protocol, and Joint Worldwide Intelligence Communication System.</r2:Text>
                                </r2:BudgetYearOneBase>
                                <r2:AppChangeSummary>The decrease from FY 2025 to FY 2026 is due to the combined reductions and realignments below:
1) Reduction in discretionary travel funding to align with Executive Order 14222, “Implementing the President’s Department of Government Efficiency Cost Efficiency Initiative.
2) Reduction in contracts for Advisory and Assistance Services to promote efficiencies and advance the policies of the Administration in alignment with Executive Order 14222, “Implementing the President’s Department of Government Efficiency Cost Efficiency Initiative.”
3) Reduction in Fourth Estate Science and Technology Funding by 2%.
4) Realignment to DTRA’s O&amp;M account to (1) convert secret collateral office space in DTRA's Fort Belvoir headquarters facility to expand Sensitive Compartmented Information Facility capacity as demand for DTRA support necessitates expanded mission processing on systems accredited for sensitive compartments and (2) fund higher priority requirements aligned to Defense budget priorities.
5) Realignment to Project RD - Nuclear Technologies and Capabilities Development for research into the Directed Energy Weapons pacing threat and space related nuclear weapons effects assessments</r2:AppChangeSummary>
                            </r2:PlannedProgram>
                        </r2:AccomplishmentPlannedProgram>
                    </r2:AccomplishmentPlannedProgramList>
                    <r2:OtherProgramFundingSummaryList>
                        <r2:OtherProgramFundingSummary>
                            <r2:LineItem>0604551BR/RA</r2:LineItem>
                            <r2:Title>CATAPULT INFORMATION SYSTEM</r2:Title>
                            <r2:Funding>
                                <r2:PriorYear>8.117</r2:PriorYear>
                                <r2:CurrentYear>7.475</r2:CurrentYear>
                                <r2:BudgetYearOne>4.161</r2:BudgetYearOne>
                                <r2:BudgetYearOneBase>4.161</r2:BudgetYearOneBase>
                            </r2:Funding>
                        </r2:OtherProgramFundingSummary>
                        <r2:OtherProgramFundingSummary>
                            <r2:LineItem>0602718BR/RA</r2:LineItem>
                            <r2:Title>COUNTER WEAPONS OF MASS DESTRUCTION APPLIED RESEARCH</r2:Title>
                            <r2:Funding>
                                <r2:PriorYear>38.239</r2:PriorYear>
                                <r2:CurrentYear>17.202</r2:CurrentYear>
                                <r2:BudgetYearOne>16.672</r2:BudgetYearOne>
                                <r2:BudgetYearOneBase>16.672</r2:BudgetYearOneBase>
                            </r2:Funding>
                        </r2:OtherProgramFundingSummary>
                        <r2:OtherProgramFundingSummary>
                            <r2:LineItem>0605502BR/RA</r2:LineItem>
                            <r2:Title>SMALL BUSINESS INNOVATION RESEARCH</r2:Title>
                            <r2:Funding>
                                <r2:PriorYear>17.801</r2:PriorYear>
                                <r2:CurrentYear>0.000</r2:CurrentYear>
                                <r2:BudgetYearOne>0.000</r2:BudgetYearOne>
                                <r2:BudgetYearOneBase>0.000</r2:BudgetYearOneBase>
                            </r2:Funding>
                        </r2:OtherProgramFundingSummary>
                    </r2:OtherProgramFundingSummaryList>
                    <r2:AcquisitionStrategy>Assessment and selection of best performer for developmental requirements to meet specific military capability needs.</r2:AcquisitionStrategy>
                </r2:R2aExhibit>
            </r2:Project>
            <r2:Project>
                <r2:ProjectNumber>RD</r2:ProjectNumber>
                <r2:ProjectTitle>NUCLEAR TECHNOLOGIES AND CAPABILITIES DEVELOPMENT</r2:ProjectTitle>
                <r2:SpecialProject>0</r2:SpecialProject>
                <r2:ProjectFunding>
                    <r2:AllPriorYears>313.366</r2:AllPriorYears>
                    <r2:PriorYear>55.004</r2:PriorYear>
                    <r2:CurrentYear>76.872</r2:CurrentYear>
                    <r2:BudgetYearOne>84.153</r2:BudgetYearOne>
                    <r2:BudgetYearOneBase>84.153</r2:BudgetYearOneBase>
                </r2:ProjectFunding>
                <r2:R2aExhibit>
                    <r2:ProjectMissionDescription>RDT&amp;E to identify, develop, and exploit signatures associated with nuclear threats in support of U.S. capabilities that detect and interdict such threats; and locate, identify, and track special nuclear material and improve detection factors such as range, time, sensitivity, and accuracy to enhance Service and Special Mission Unit capabilities. These efforts support Department of Defense (DoD) requirements for countering terrorism, counter proliferation, nonproliferation, countering rogue states, and homeland defense.
RDT&amp;E to systematically study signatures associated with adversary nuclear programs and nuclear detonations to gain knowledge or understanding necessary to: determine technical capabilities needed to improve DoD contingency planning activities; improve DoD situational awareness on the nuclear battlefield; and improve capabilities to attribute the source of a nuclear detonation.
Research and develop innovative technologies for the protection of mission-essential personnel, critical military and national defense capabilities, and associated control and support systems during a nuclear event. Research under this project supports the mission critical systems identified under DoD Instruction 3150.09, Chemical, Biological, Radiological, and Nuclear Survivability Policy. System vulnerability research develops nuclear assessment capabilities to support operational planning, weapons effects predictions, and strategic system design. This activity also provides the DoD’s nuclear design and protection standards for new and existing systems, e.g., command and control facilities and aircraft. Key systems include the Nuclear Command and Control System, the net-centric thin-line, and both military and civilian satellites and associated support systems. Experimental capabilities research provides the warfighter with unique x-ray, gamma ray, and electromagnetic pulse (EMP) test capabilities in support of system survivability development, certification, and sustainment. These efforts also support international collaboration, user groups, case study reviews, and the Joint Atomic Information Exchange Group. The human survivability effort conducts research to develop and validate mortality and morbidity models associated with radiological and nuclear weapon effects.
Research and development modeling tools to support military operational planning, weapons effects predictions, and strategic system design decisions; consolidate validated modeling tools for integrated functionality; predict system responses to nuclear and radiological weapons producing electromagnetic, thermal, blast, shock, and radiation environments; provide detailed adversary nuclear infrastructure characterization to enhance counterforce operations and hazard effects; and, develop foreign nuclear weapon outputs.
Delivers integrated applications, data analysis, and cloud-ready artificial intelligence-enhanced capabilities, cross-cutting platform supporting full spectrum of nuclear operations, wargaming, and assessments.
Provides timely electronic access to Nuclear Testing Archives supporting validation of the effectiveness of the Nuclear Deterrent and survivability of U.S. military assets without a return to nuclear testing.
Delivers research on options for adapting arms control approaches and implementing related risk reduction concepts over the next 15 years. Provides an in-depth appraisal of verification approaches from issues such as ability to monitor space behaviors to international bio-monitoring system architecture or advanced conventional weapons monitoring/accountability/verification and applications of these concepts to both current treaties and/or future risk reduction measures.</r2:ProjectMissionDescription>
                    <r2:AccomplishmentPlannedProgramList>
                        <r2:AccomplishmentPlannedProgram>
                            <r2:Title>RD: Nuclear Technologies and Capabilities Development</r2:Title>
                            <r2:Description>Project RD develops, integrates and transitions radiation detection technologies, and systems, tools, techniques, and procedures that take advantage of non-radiation based signatures, in order to advance warfighter capabilities to rapidly detect, localize, characterize, and interdict nuclear and radiological threats.</r2:Description>
                            <r2:Accomplishment>
                                <r2:PriorYear>
                                    <r2:Funding>55.004</r2:Funding>
                                    <r2:Text>- Develop Artificial Intelligence/Machine Learning (AI/ML) capability to ingest and analyze sensor feeds into DoD command and control (C2) systems for situational awareness, risk mitigation planning, and assessment tools.
- Deliver Mission Impacts of Nuclear Events (MINES) support of the analysis and assessment of Combatant Command (CCMD) operation plans (OPLANs), course of action (COA) development, and concept of operations (CONOPs); leverage AI/ML and Augmented Reality/Virtual Reality (AR/ VR) to increase nuclear environment visualization.
- Complete laboratory testing of next-generation radionuclide particulate monitoring system and prototype field mass-spectrometry analysis system; operational test and evaluation (OT&amp;E) of field X-ray/gamma analysis system.
- Transition modular radiation detection systems to meet the needs of Explosive Ordinance Disposal, Special Operations Forces, National Guard Bureau, 20th CBRNE, and DTRA Technical Support Groups (TSGs), while ensuring every system is interoperable with the widely used Tactical Assault Kit (TAK) ecosystem.
- Support end-user early operational assessments and transition activities to ensure prototype capabilities meet the minimum criteria to be inserted into a program-of-record or for direct procurement.
- Transition the Dose Rate Application to DTRA/TSG and Service end-users, complete transition of VIPER to Army Multi-Purpose Vehicle (AMPV), and begin transitioning VIPER into CH-47 Chinook, UH-60 Black Hawk, and UH-72 Lakota airborne platforms to include airworthiness certifications.
- Perform environmental testing on the Vehicle Mounted Radiation Detection System (VMRDS) and fix any weaknesses in the system in preparation for transition to National Guard Civil Support Teams.
- Collaborate with the Joint Program Executive Office for Chemical, Biological, Radiological and Nuclear Defense's CBRN Sensory Integration on Robotic Platforms for the Chemical Biological Incident Response Force (CBIRF) program to integrate state-of-the-art radiation detection systems on the Nuclear, Biological, Chemical Reconnaissance Vehicle (NBCRV) SkyRaider Unmanned Aerial System (UAS).
- Demonstrate nuclear weapon effects capabilities in a relevant cloud environment for evaluation by Enhanced Consequence Analysis (ECA), MINES, and the Nuclear, Chemical, Biological, Radiological, and high Explosive (NCBRE) Analysis Toolset (NATs) and continue development and verification and validation (V&amp;V) of capabilities as prioritized by end users.
- Demonstrate waste water and agricultural models that account for impacts of significant nuclear weapons environments.
- Deliver updated nuclear effects damage calculator for Army maneuver planning.
- Improve operational USSTRATCOM nuclear planning tools.
- Publish two updated nuclear weapons effects chapters.
- Expand the historical nuclear testing archive at the Defense Threat Reduction Information Analysis Center (DTRIAC).</r2:Text>
                                </r2:PriorYear>
                            </r2:Accomplishment>
                            <r2:PlannedProgram>
                                <r2:CurrentYear>
                                    <r2:Funding>76.872</r2:Funding>
                                    <r2:Text>- Deliver Mission Impacts of Nuclear Events (MINES) support of the analysis and assessment of Combatant Command (CCMD) operation plans, course of action development, and concept of operations to support mission impacts of nuclear detonations in the ground, air, maritime &amp; space domains.
- Complete testing of machine-language tool for component identification and expand artifacts reference dataset for foreign equipment inspections to support arms control inspections, verifications, and authentications.
- Complete 3D models for topography effects on yield estimation and comparative data analysis for U.S. Indo-Pacific Command areas of interest; complete xenon integration into a multi-function atom-trap trace analysis system and testing for potential International Monitoring System integration.
-  Conduct space-based prompt diagnostics characterization preliminary design review and develop plan for component ground testing to provide relevant forensic data supporting attribution in the event of a nuclear attack. Model and simulate improvements to detector response for prompt data collection to support U.S. Prompt Diagnostics System mission and deliver improved ground debris collection capabilities.
- Demonstrate interdependent infrastructure models using water, petroleum, and transportation with coupling to a significant nuclear weapons effect environment and deliver 14 new integrated or updated capabilities through Nuclear Capabilities Services (NuCS) 2025 for strategic contingency planning and damage estimation efforts. 
- Deliver moving receiver radiation dose, eye damage/flash blindness, source-region EMP, and radiation hardness standard computation tool to U.S. Army via Enhanced Nuclear Weapons Effects Database for maneuver planning and North Atlantic Treaty Organization support.
- Deliver Military-Standards (MIL-STDs) and handbooks that keep pace with threat, technology, and methodologies to ensure the warfighter has the tools necessary to develop a survivable strategic deterrent; provide test and evaluation support for Phase 2 of the Comprehensive Endo-/Exo-Atmospheric Nuclear Environment Standard (CANES) revision.
- Transition modular radiation detection systems to meet the needs of Explosive Ordinance Disposal, Special Operations Forces, National Guard Bureau, 20th Chemical, Biological, Radiological, and high-Explosive (CBRNE), and DTRA Technical Support Groups (TSGs), while ensuring every system is interoperable with the widely used Tactical Assault Kit (TAK) ecosystem.
- Support end-user early operational assessments and transition activities to ensure radiation sensor prototype capabilities meet the minimum criteria to be inserted into a program-of-record or for direct procurement and develop an application programming interface to reduce time and cost of integration with Service and CCMD training tools.
- Refresh Nuclear, Chemical, Biological, Radiological, and high-Explosive (NCBRE) Analysis Toolset Consequence Assessment user interface and integrate latest Linux version of the Hazard Prediction and Assessment Capability to improve system performance; deliver updates to Comprehensive Nuclear Effects Model providing one canvas for all available nuclear effects calculations for CCMDs, Services, and DTRA Technical Reachback.
- Enhance the historical nuclear testing archive at Defense Threat Reduction Information Analysis Center (DTRIAC).
- Deliver verified water shock environment tool to U.S. Army and NuCS Team for seaport damage to support U.S. Army planners’ operations for nuclear environments.
- Publish two updated nuclear weapons effects chapters for the Nuclear Weapons Effects Manual One.
- Enhance the historical nuclear testing archive at the DTRIAC,
- Modernize the Defense Stockpile Management System.</r2:Text>
                                </r2:CurrentYear>
                                <r2:BudgetYearOne>
                                    <r2:Funding>84.153</r2:Funding>
                                </r2:BudgetYearOne>
                                <r2:BudgetYearOneBase>
                                    <r2:Funding>84.153</r2:Funding>
                                    <r2:Text>- Transition modular radiation detection systems to meet the needs of Explosive Ordinance Disposal, Special Operations Forces, National Guard Bureau, 20th CBRNE, and DTRA TSGs, while ensuring every system is interoperable with the widely used TAK ecosystem.
- Develop a modular unmanned family of passive sensors to provide a flexible and cost-effective solution to address platform payload constraints.
- Perform MIL-STD-810G testing to ensure DoD radiation sensors set the standard for reliability in difficult (e.g. maritime, arctic) environments, including growing a product line of nuclear-survivable sensors.
- Start Phase 1 of the Satellite Systems Nuclear Survivability Protection Standard (SSNS-P) MIL-STD-3065 revision focusing on lessons learned from analysis of satellite survivability studies of various orbital regimes.
- Conduct Phase 1 of the Satellite Systems Nuclear Survivability Design/Verification, Military Handbook (MIL-HDBK)-533 revision, drawing on and exploiting information gained from collaboration efforts with U.S. Space Command and  U.S. Space Force and their acquisition program offices.
- Complete impacts analysis of proliferated Mid-Earth Orbit and Geostationary Earth Orbit satellites nuclear survivability on conventional nuclear integration operations.
- Deliver MINES support of the analysis and assessment of CCMD operation plans, course of action development, and concept of operations; incorporates initial space domain modeling for exo-atmospheric nuclear detection modeling and visualization, route planning capability for Chemical, Biological, Radiological and Nuclear (CBRN) hazards, ground shock for underground impacts, and three-dimensional plume visualization.
- Develop monitoring, verification, and other technologies/capabilities to support and prepare for future arms control requirements for increased arms-control negotiation options and more accurate and faster on-site treaty verification; complete Phase 1 design of radionuclide particulate system modernization for faster confirmation of covert nuclear test/operations; transition a persistent airborne nuclear weapon characterization capability, intended for operations in a nuclear environment as part of information resilience, to Air Force Technical Applications Center.
- Provide common core nuclear effects calculation engine with expanded collateral damage estimates through NuCS.
- Improve space nuclear effects capabilities, expanding to support Nuclear Command, Control, and Communications and DoD Instruction 3150.09 CBRN survivability analytic needs, for High Altitude Nuclear Effects.
- Deliver MIL-STDs and handbooks that keep pace with threat, technology, and methodologies to ensure the warfighter has the tools necessary to develop a survivable strategic deterrent; provide test and evaluation support for Phase 3 of the CANES revision; provide T&amp;E support for Phase 1 of the SSNS-P MIL-STD-3065 and Phase 1 of the Satellite Systems Nuclear Survivability Design/Verification MIL-HDBK-533 revisions; and updates to facility and aircraft standards to reflect changes in the EMP threat environment.
- Integrate advanced human effects capabilities, fire spread modeling, and high altitude nuclear effects modeling into the NCBRE Analysis Toolset.
- Deliver analysis and assessments of potential verification approaches from issues on ability to monitor space behaviors, international monitoring system architecture, advanced conventional weapons monitoring/accountability/verification and the applications of these concepts to both current treaties and/or future risk reduction measures.
-Research the need for, and ability to conduct, a directed energy weapon survivability analysis against Strategic Systems, Defense critical capabilities, and Mission-Critical Systems.</r2:Text>
                                </r2:BudgetYearOneBase>
                                <r2:AppChangeSummary>The increase from FY 2025 to FY 2026 is due to the combined reductions and realignments below:
1) Realignment for increased investment in Project RD – Nuclear Technologies and Capabilities Development for nuclear environments, effects, and survivability analysis and risk mitigation for U.S. space assets (space-based and ground-based). DTRA will increase collaboration with U.S. Space Command and U.S. Space Force for support of U.S. space-based deterrence and defense capabilities and enhance these relationships by engaging in joint projects, regular high-level meetings, and shared strategic planning to ensure mutual benefit and sustained positive momentum. 
2) Realignment for increased investment for Directed Energy Weapon survivability analysis against strategic systems, defense critical capabilities, and mission critical systems. These increases are offset by realignments from elsewhere in this project, Project RA - CWMD Cross-Cutting Technical and Information Sciences, and Project RG - CWMD Technologies and Capabilities. 
3) Realignment in funding to increase investment for strengthening future arms control with resources realigned from DTRA's O&amp;M account and lower priority requirements elsewhere in this project.
4) Reduction in discretionary travel funding to align with Executive Order 14222, “Implementing the President’s Department of Government Efficiency Cost Efficiency Initiative.
5) Reduction in contracts for Advisory and Assistance Services to promote efficiencies and advance the policies of the Administration in alignment with Executive Order 14222, “Implementing the President’s Department of Government Efficiency Cost Efficiency Initiative.”</r2:AppChangeSummary>
                            </r2:PlannedProgram>
                        </r2:AccomplishmentPlannedProgram>
                    </r2:AccomplishmentPlannedProgramList>
                    <r2:OtherProgramFundingSummaryList>
                        <r2:OtherProgramFundingSummary>
                            <r2:LineItem>0602718BR/RD</r2:LineItem>
                            <r2:Title>COUNTER WEAPONS OF MASS DESTRUCTION APPLIED RESEARCH</r2:Title>
                            <r2:Funding>
                                <r2:PriorYear>119.470</r2:PriorYear>
                                <r2:CurrentYear>102.812</r2:CurrentYear>
                                <r2:BudgetYearOne>99.178</r2:BudgetYearOne>
                                <r2:BudgetYearOneBase>99.178</r2:BudgetYearOneBase>
                            </r2:Funding>
                        </r2:OtherProgramFundingSummary>
                        <r2:OtherProgramFundingSummary>
                            <r2:LineItem>0605000BR/RD</r2:LineItem>
                            <r2:Title>COUNTER WEAPONS OF MASS DESTRUCTION SYSTEMS DEVELOPMENT</r2:Title>
                            <r2:Funding>
                                <r2:PriorYear>14.049</r2:PriorYear>
                                <r2:CurrentYear>14.841</r2:CurrentYear>
                                <r2:BudgetYearOne>14.931</r2:BudgetYearOne>
                                <r2:BudgetYearOneBase>14.931</r2:BudgetYearOneBase>
                            </r2:Funding>
                        </r2:OtherProgramFundingSummary>
                    </r2:OtherProgramFundingSummaryList>
                    <r2:AcquisitionStrategy>Assessment and selection of best performer for developmental requirements to meet specific military capability needs.</r2:AcquisitionStrategy>
                </r2:R2aExhibit>
            </r2:Project>
            <r2:Project>
                <r2:ProjectNumber>RG</r2:ProjectNumber>
                <r2:ProjectTitle>CWMD TECHNOLOGIES AND CAPABILITIES DEVELOPMENT</r2:ProjectTitle>
                <r2:SpecialProject>0</r2:SpecialProject>
                <r2:ProjectFunding>
                    <r2:AllPriorYears>1150.190</r2:AllPriorYears>
                    <r2:PriorYear>252.361</r2:PriorYear>
                    <r2:CurrentYear>246.304</r2:CurrentYear>
                    <r2:BudgetYearOne>233.668</r2:BudgetYearOne>
                    <r2:BudgetYearOneBase>233.668</r2:BudgetYearOneBase>
                </r2:ProjectFunding>
                <r2:R2aExhibit>
                    <r2:ProjectMissionDescription>Counter Weapons of Mass Destruction (CWMD) Technologies and Capabilities Development project develops advanced technologies and weapon concepts and validates their applicability to CWMD. Research encompasses the following areas:
Defeat Technologies supports Combatant Commands through research, development, and transition of offensive weapons and other capabilities to counter Weapons of Mass Destruction (WMD) while mitigating collateral contamination effects.
Enable rapid capability delivery supports urgent warfighter operational requirements in countering WMD and emerging threats, often below the level of armed conflict. This research develops and delivers urgent CWMD capabilities to provide Combatant Commands a competitive advantage against WMD-capable adversaries with a focus on innovative, agile, achievable, and effective technology solutions for DoD sensitive and classified programs, Combatant Command hybrid warfare support, and competition below the level of armed conflict.
Counter emergent threat technologies research develops and transitions a full spectrum of new technologies to counter emergent WMD threats providing combatant commanders improved offensive capabilities in support of near-peer emerging threats and counter-proliferation missions that combat weapons of mass destruction. This research supports the U.S. Special Operations Command (USSOCOM) in two areas: (1) counter proliferation research is a collaborative effort to develop advanced, warfighter-unique technologies to defeat WMD development and acquisition pathways, to include defeat of the devices themselves, while minimizing risks to U.S. forces; and (2) counter emerging threats concepts and technologies to integrate and synchronize activities that prevent violent extremist organizations and rogue nation states from developing, acquiring, proliferating, or using WMD. This effort supports Commander, USSOCOM responsibilities under the Chairman, Joint Chiefs of Staff Unified Command Plan.
Counterforce technologies research develops, integrates, demonstrates, and transitions advanced sensors, surveillance, and target defeat planning technologies to enable the warfighter to hold WMD-related targets at risk. There are three core research efforts in this project: Technical Reconnaissance; CWMD Weapons Effects; and, Applied CWMD Computational, Physical and Life Science Research.
Target assessment technologies research develops, applies, and transitions processes and technologies providing advanced capabilities in the areas of WMD Targets Immersive Mission Planning (TIMP), and Full
Dimensional Defeat Enterprise (FDDE). Nuclear - Advanced Automated Target Development automates intelligence input to provide more realistic target input parameters incorporating 3-D models. WMD-TIMP provides an interactive virtual reality platform for mission planning that mitigates impact of characterization uncertainty by allowing mission planners to execute multiple planning iterations with varied uncertainty parameters. FDDE aims to develop an enterprise capability for finding and identifying a facility, characterizing its function and physical layout, determining current or future vulnerabilities to available defeat mechanisms, planning and executing an attack, assessing damage, and denying reconstitution efforts. The dynamic capabilities encompassed in this effort provide Combatant Commands and the intelligence community tools and processes needed to hold at risk high value hard targets and WMD targets possessed by adversaries.</r2:ProjectMissionDescription>
                    <r2:CongressionalAddDetailList>
                        <r2:CongressionalAddDetail>
                            <r2:Title>Advanced Manufacturing of Energetic Materials</r2:Title>
                            <r2:PriorYear>
                                <r2:Funding>8.500</r2:Funding>
                                <r2:Text>Reprogrammed to Department of Army in FY 2024.</r2:Text>
                            </r2:PriorYear>
                            <r2:CurrentYear>
                                <r2:Funding>0.000</r2:Funding>
                                <r2:Text>N/A</r2:Text>
                            </r2:CurrentYear>
                        </r2:CongressionalAddDetail>
                    </r2:CongressionalAddDetailList>
                    <r2:AccomplishmentPlannedProgramList>
                        <r2:AccomplishmentPlannedProgram>
                            <r2:Title>RG:  Counter WMD Technologies and Capabilities Development</r2:Title>
                            <r2:Description>Project RG develops advanced technologies and weapon concepts and validates their applicability to CWMD.</r2:Description>
                            <r2:Accomplishment>
                                <r2:PriorYear>
                                    <r2:Funding>243.861</r2:Funding>
                                    <r2:Text>- Provide offensive counter proliferation/CWMD facility defeat and critical node disruptive technologies.
- Conduct USSOCOM SOF specific counter proliferation RDT&amp;E to execute system integration and system demonstration for counter proliferation/CWMD technologies. Execute system test, evaluation, and development of tactics, techniques, and procedures.
- Provide diagnostic and defeat RDT&amp;E against emergent CWMD requirements for specific Explosive Ordnance Disposal (EOD) render safe operations.
- Purchase additional access denial test articles with advanced development (specifically for Active Denial for Targets Right of the Line (ADTROL): seeker, warhead, communications). Conduct preliminary aircraft integration of ADTROL.
- Conduct field testing of advanced sensor prototypes in collaboration with Air Force Technical Applications Center (AFTAC) for dual-use applications. Develop and deliver enhanced capability to perform magnetic characterization for time-sensitive targets.
- Develop models to simulate combined kinetic and non-kinetic effects for WMD targets. Implement improvements for robust collateral damage estimates and uncertainty bounds.
- Initiate Adversarial Weapons Asset Protection Toolkit (AWAPT) development for near-peer threat.
- Develop and transition technology required to meet urgent CCMD needs for planned hybrid-warfare missions to counter WMD.
- Mature the Full Dimensional Defeat Enterprise (FDDE) organization, functionality, and cross-functional CWMD Technical Assistance Group (TAG) to effectively utilize the agent-based modeling approach to system of systems analysis of WMD targets.
- Expand functional agent libraries and facility templates, including larger system of facilities and cross-domain targeting.
- Provide Analysis of Effect on WMD network domains, including consequences actions.
- Develop models, leveraging legacy models, to create a 3-D immersive virtual reality environment for iterative mission planning.
- Verification and validation of Nuclear-Automated Advanced Target Development (N-A2TD) prototype that provides more realistic target input parameters for more extensive and faster analytical results.
- Deliver Targeting Weaponeering Assistance Cell (TWAC) targeting recommendation packages and conduct training activities as requested by Combatant Commands.</r2:Text>
                                </r2:PriorYear>
                            </r2:Accomplishment>
                            <r2:PlannedProgram>
                                <r2:CurrentYear>
                                    <r2:Funding>246.304</r2:Funding>
                                    <r2:Text>- Demonstrate electromagnetic pulse (directed energy) effects capabilities in a developed prototype on a relevant WMD hardened structure as prioritized by end users.
- Develop additional full-scale WMD manufacturing facility target model to test multiple agent and facility defeat capabilities.
- Optimize rubble generation in support of active denial of adversary’s use of hardened and deeply buried targets (HDBTs).
- Develop and deliver high density high explosive materials to hold high value HDBT at risk.
- Spiral develop unmanned kinetic weapon system for precision defeat of WMD platforms and infrastructure to deter WMD aggression in U.S. Indo-Pacific Command (USINDOPACOM).
- Test special purpose kinetics and other precision effects improved by additive manufacturing processes.
- Test prototype that determines presence of WMD materials behind barriers to identify current and emerging WMD threats against combat forces in USINDOPACOM.
- Test capability to bypass WMD mechanical security to support efforts to increase situational awareness of adversarial WMD activities in USINDOPACOM.
- Conduct functional utility test of universal decoding prototypes for operational utility against USINDOPACOM threats.
- Provide offensive, scalable, and flexible options for execution of overt and discreet counter proliferation and CWMD operations to deny, delay, degrade, disrupt, defeat, or destroy facilities, critical nodes, and other WMD capabilities in support of USSOCOM and other CCMDs.
- Development and transition of Kinetic Barrier Defeat Tools, Maritime System Defeat Tools, and Critical Node Defeat Tools for CCMD use.
- Development of WMD Facility Defeat operational support technologies for CCMD use.
- Transition next generation 6G/ &amp; “Next G” radio frequency threat countermeasures capability to USSOCOM, CCMDs, and other U.S. government partners.
- Provide diagnostic and defeat tools against emergent CWMD requirements for specific Explosive Ordnance Disposal (EOD) render safe operations.
- Deliver capability integrating tools to create and modify buildings in a computer-based simulation/model to share targeting data with other targeting systems seamlessly; implement capability for cloud computing to accelerate targeting processing.
- Release Integrated Munitions Effect Assessment (IMEA) V13.0 in new, modular architecture that enables greater sharing with key allies, cloud computing and supports seamless interoperability with targeting community.
- Develop and integrate baseline mobile missile launcher models with WMD capabilities into IMEA to support rapid targeting and weapons effects predictions for pacing and acute threats.
- Integrate modules to simulate combined kinetic and non-kinetic (direct energy/cyber) effects. 
- Integrate hypersonic system characterization and weapons data in models to allow for dynamic targeting of WMD targets including delivery systems.
- Integrate dynamic weapon capabilities (penetration, fracturing) for adversarial weapons systems into Vulnerability Assessment and Protection Option (VAPO).
- Move VAPO to net-centric cloud-based solution, enabling broader accessibility to multiple user communities and allowing for faster delivery time on capability enhancements for improved bug fix capability and version control, enhanced security, and better control over user access and experience.
- Provide Targeting Weaponeering Assistance Cell weaponeering Subject Matter Experts to deliver ~500 (estimated) Targeting Recommendation Packages and participate in Targeting Planning Conferences in support of USINDOPACOM and U.S. European Command (USEUCOM).
- Support weapon development and weapon effects phenomenology programs such as the Legacy Weapons Test Program with test design, requirements, and execution support ensuring operational requirements are met and validated models are integrated into weaponeering planning tools.
- Mature Full Dimensional Defeat Enterprise (FDDE) organization and functionality featuring workshops, demonstrations and CCMD exercise support. 
- Enhance FFDE agent-based modeling approach to system of systems analysis of WMD targets, expanding functional agent libraries and facility templates, including larger system of facilities and cross-domain targeting.  
- Fully integrate Automated Advanced Target Development (A2TD) capability to produce automated Underground Targeting and Assessment System models on selected target sets to include automated procedures for feature extraction of observables, automated geology characterization, using Defense Intelligence Agency (DIA) Underground Facility Analysis Center (UFAC) approved layouts. 
- Coordinate with and receive certification from National Geospatial Intelligence Agency for point positioning capability to allow direct aim point determination without the requirement for separate geo-recertification of the point in a separate system.
- Initiate WMD Target Immersive Mission Planning project to leverage target models built through A2TD and FDDE to create a 3D immersive virtual reality environment for iterative mission planning.
- Develop Nuclear-Automated Advanced Target Development prototype ready for Verification and Validation which provides more realistic target input parameters by incorporating existing state of the art 3D UFAC DIA models for the basis of calculation.</r2:Text>
                                </r2:CurrentYear>
                                <r2:BudgetYearOne>
                                    <r2:Funding>233.668</r2:Funding>
                                </r2:BudgetYearOne>
                                <r2:BudgetYearOneBase>
                                    <r2:Funding>233.668</r2:Funding>
                                    <r2:Text>- Develop and deliver Next Generation Agent Defeat and Advanced Energetics programs through innovative use of additive manufacturing technologies while maintaining weapons platform integration, enhancing performance, and supporting mission diversity.
- Partner with DTRA’s Technical Support Groups and Training Integration Branch to transition a group of autonomous ground and air robots equipped with CWMD-specific modular-mission-payloads that can meet a subset of tactical situational awareness, logistics, and casualty evacuation requirements.
- Demonstrate electromagnetic pulse (directed energy) effects capabilities on CWMD hardened structures.
- Develop additional applicability and effects with the Super Polymer Advanced Absorbent Material and demonstrate capability on a relevant Chem/Bio target simulation.
- Transition Next Gen (6G/Next G) radio frequency threat countermeasures capability for EOD render safe operations to USSOCOM and other U.S. government entities.
- Transition Augmented Reality capability and dataset modules to user program of record for EOD render safe operations.
- Deliver final reports to the Departments of Defense, Justice, and Energy on hydrodynamic tests from predictive modeling campaigns.
- Develop process for the removal of brittleness in production of all aspects of U.S. munitions.
- Develop competitive industry prototypes for Hyper Nomad for advanced mobile missile detection capabilities.
- Implement next generation, ultra-low-visibility, automated technical sensing, and machine learning tools to identify weapons of mass destruction via radio frequency, seismic, acoustic, electro-magnetic, cyber, optical, and/or chemical signatures.
- Transition five sets of a novel detection capability to USSOCOM improving their capability by 100% for wide area search of emerging and pacing biological and chemical threats.
- Transition to the Air Force Technical Applications Center operations center the Sensor Placement Optimization Tool that accounts for both environmental conditions and sensing capabilities enabling the DoD to efficiently place Chemical, Biological, Radiological and Nuclear (CBRN) sensors increasing the probability of detecting WMD activity.
- Demonstrate the capability to accurately emplace acoustic sensors to aid in the support of future arms control initiatives.
- Utilize leading edge technologies in additive manufacturing and Artificial Intelligence (AI) / Machine Learning (ML) to rapidly prototype a rugged, field-based system to fuse CBRN detection and sample processing technologies analyze emerging WMD threats in near real-time to support USSOCOM offensive operations.
- Transition three CBRN sensing payloads with fully autonomous capability to create 3-D maps and detect/delineate WMD threats in subterranean environments.
- Support weapon development and weapon effects phenomenology programs with test design, requirements, and execution support ensuring operational requirements are met and validated models are integrated into weaponeering planning tools.
- Deliver enhanced Adversarial Weapons Asset Protection Toolkit capability in VAPO tool via a critical expansion to the library of adversarial weapons, adding the highest priority weapons for USINDOPACOM and USEUCOM.
- Mature FDDE organization and functionality featuring workshops, demonstrations and CCMD exercise support using agent-based modeling for system of systems analysis of WMD targets.
- Develop and transition new pilot/exploratory Unmasking Denial and Deception technological and process approaches for finding and characterizing the toughest "Unknown/Unknown" targets that are masked by denial and deception techniques.</r2:Text>
                                </r2:BudgetYearOneBase>
                                <r2:AppChangeSummary>The decrease from FY 2025 to FY 2026 is due to the combined reductions and realignment below:
1) Reduction in discretionary travel funding to align with Executive Order 14222, “Implementing the President’s Department of Government Efficiency Cost Efficiency Initiative.
2) Reduction in contracts for Advisory and Assistance Services to promote efficiencies and advance the policies of the Administration in alignment with Executive Order 14222, “Implementing the President’s Department of Government Efficiency Cost Efficiency Initiative.”
3) Reduction in Fourth Estate Science and Technology Funding by 2%.
4) Reduction in Federally Funded Research and Development Center support.
5) Realignment from this project to DTRA’s O&amp;M account to (1) convert secret collateral office space in DTRA's Fort Belvoir headquarters facility to expand Sensitive Compartmented Information Facility capacity as demand for DTRA support necessitates expanded mission processing on systems accredited for sensitive compartments and (2) fund higher priority requirements aligned to Defense budget priorities.</r2:AppChangeSummary>
                            </r2:PlannedProgram>
                        </r2:AccomplishmentPlannedProgram>
                    </r2:AccomplishmentPlannedProgramList>
                    <r2:OtherProgramFundingSummaryList>
                        <r2:OtherProgramFundingSummary>
                            <r2:LineItem>0602718BR/RG</r2:LineItem>
                            <r2:Title>COUNTER WEAPONS OF MASS DESTRUCTION APPLIED RESEARCH</r2:Title>
                            <r2:Funding>
                                <r2:PriorYear>31.621</r2:PriorYear>
                                <r2:CurrentYear>33.193</r2:CurrentYear>
                                <r2:BudgetYearOne>27.182</r2:BudgetYearOne>
                                <r2:BudgetYearOneBase>27.182</r2:BudgetYearOneBase>
                            </r2:Funding>
                        </r2:OtherProgramFundingSummary>
                    </r2:OtherProgramFundingSummaryList>
                    <r2:AcquisitionStrategy>Assessment and selection of best performer for developmental requirements to meet specific military capability needs.</r2:AcquisitionStrategy>
                </r2:R2aExhibit>
            </r2:Project>
            <r2:Project>
                <r2:ProjectNumber>RR</r2:ProjectNumber>
                <r2:ProjectTitle>CWMD TEST AND EVALUATION</r2:ProjectTitle>
                <r2:SpecialProject>0</r2:SpecialProject>
                <r2:ProjectFunding>
                    <r2:AllPriorYears>15.270</r2:AllPriorYears>
                    <r2:PriorYear>7.450</r2:PriorYear>
                    <r2:CurrentYear>12.130</r2:CurrentYear>
                    <r2:BudgetYearOne>12.050</r2:BudgetYearOne>
                    <r2:BudgetYearOneBase>12.050</r2:BudgetYearOneBase>
                </r2:ProjectFunding>
                <r2:R2aExhibit>
                    <r2:ProjectMissionDescription>The Countering Weapons of Mass Destruction (CWMD) Test and Evaluation project provides a unique national test capability for simulated Weapons of Mass Destruction (WMD) facilities and processes. This capability provides DTRA’s structured and systematic end-to-end test event planning, preparation, management, execution, and data analysis. It also offers test instrumentation (data acquisition systems and optics), scientific analysis and predictions, test article construction, test article/test bed remediation, tunnel mining, architectural and engineering design, systems engineering and integration, and test data management. The project leverages 50 years of expertise in investigating weapons effects and target response across the spectrum of hostile environments that could be created by proliferative nations or terrorist organizations with access to advanced conventional weapons or WMD. Subject matter experts design full and sub-scale testing strategies focusing on weapon-target interaction with fixed soft and hardened facilities to include above ground facilities, cut-and-cover facilities, and deep underground tunnels.</r2:ProjectMissionDescription>
                    <r2:AccomplishmentPlannedProgramList>
                        <r2:AccomplishmentPlannedProgram>
                            <r2:Title>RR:  CWMD Test and Evaluation</r2:Title>
                            <r2:Description>This project employs technology development, modeling-and-simulation, and analysis support tools to meet Combatant Command requirements and anticipated threats. DTRA provides timely acquisition and delivery of solutions that respond to asymmetric threat requirements and gaps.</r2:Description>
                            <r2:Accomplishment>
                                <r2:PriorYear>
                                    <r2:Funding>7.450</r2:Funding>
                                    <r2:Text>- Develop intuitive, visual browser access to data and improve reliability of infrastructure services for assembly of large data sets for Artificial Intelligence/Machine Learning (AI/ML) development.
- Generate data using software models to reduce cost and schedule of Test &amp; Evaluation activities.
- Provide end-to-end test event planning, management, execution, and analysis supporting DoD, federal agencies’, and friendly nations' programs to counter proliferation and defeat WMD.</r2:Text>
                                </r2:PriorYear>
                            </r2:Accomplishment>
                            <r2:PlannedProgram>
                                <r2:CurrentYear>
                                    <r2:Funding>12.130</r2:Funding>
                                    <r2:Text>- Finalize Data and Management Handling capability to manage two PetaBytes of historic test data and 200 TeraBytes per year of future data archived and accessible in compliance with DoD Scientific and Technical Information Program. 
- Develop new data analysis and visualization tools.  Expand access to various networks.
- Instrument test ranges and conduct 100 individual test events in support of RDT&amp;E programs.
- Replace 20% of instrumentation and data acquisition equipment in accordance with 5-year life cycle management plan.
- Develop and replace obsolete and end of life data acquisition systems to ensure state-of-the-art testing capability for DTRA.
- Enhance optics capabilities to enable testing at multiple locations simultaneously.
- Provide test range support and DTRA facility support at Nevada National Security Site to enable end-to-end testing for four national-level CWMD tests (customers are expected to include 14 DoD and other USG Agencies).
- Perform repairs and remediation of 1,000 feet of the DTRA-owned, deeply-buried underground tunnel test complex at Capitol Peak on White Sands Missile Range.
- Develop, refine, and upgrade existing modeling and simulation tools, most notably the Tunnel Air Blast model that incorporates the effects of debris on the resulting air blast in the tunnel, leading to a greatly improved capability to forecast air blast pressures resulting from in-tunnel detonations.
- Integrate the results of the geotechnical characterization, the Z-model for penetration prediction, and geostatistical analysis into a fast-running tool that will provide accurate penetration predictions for selecting aim points and scoping penetration tests at the New Granite site. Includes 3D Rockworks model for visualization of site geologic variability.
- Conduct 30 classified, independent operational assessments of new/novel kit/capabilities for Combatant Commands.
- Produce 35 letters of observation and final reports.
- Provide technical, instrumentation, and communications end-items and bench stock required to ensure the test division remains full mission capability, relevant to emerging test requirements, and updates items in accordance with service life plan.
- Purchase various radio-frequency equipment to update stock of cabling, omni-directional antennas, and measurement systems.
-  Purchase various monitoring and analysis tools to support susceptibility, new tool, and network effects assessments.
- Purchase Electronic Warfare/Electronic Surveillance and general radio-frequency collection, analysis, testing and measurements training for relevant capabilities to expand into the growing testing and evaluation support realm as services acquire more capabilities to execute in the mission space.</r2:Text>
                                </r2:CurrentYear>
                                <r2:BudgetYearOne>
                                    <r2:Funding>12.050</r2:Funding>
                                </r2:BudgetYearOne>
                                <r2:BudgetYearOneBase>
                                    <r2:Funding>12.050</r2:Funding>
                                    <r2:Text>- Sustain a capability to manage 2 Petabytes of historic test data and 200 Terabytes per year of future data in compliance with DoD Scientific and Technical Information Program.  Ensures data is accessible and available for Artificial Intelligence/Machine Learning tool development.
- Provide diagnostics support for 40 CWMD test and evaluation activities at White Sands Missile Range, Nevada National Security Site, Kirtland Air Force Base, and other remote locations.
- Enable the expansion and modernization of critical test range infrastructure.
- Modernize diagnostic test and evaluation capabilities.
-  Fully operationalize high speed video camera capability to enable activities at two locations simultaneously.
- Replenish bench stock of long-lead specialized items.
- Sustain the diagnostic resources to support test and evaluation fielding, execution, and recovery for four mid-scale tests simultaneously.
- Conduct research and development to develop new CWMD test and evaluation diagnostic capabilities to support the DTRA mission set.
- Fully operationalize autonomous impulse momentum gage for measurements of blast with debris capability.
- Fully operationalize fluorescence detector for measuring simulated chemical agents capability.
- Develop, refine, and upgrade modeling and simulation tools (M&amp;S) used by DTRA Reachback (M&amp;S tools include the Integrated Munitions Effects Assessment and Blast Overpressure, Gemini, Thermal Airblast, LS-DYNA, Second-Order Hydrodynamic Automatic Mesh Refinement Code, Virtual Reality Equipment, Ansys Fluent Computational Fluid Dynamics model).
- Conduct up to 28 independent operational assessments of new/novel kit/capes for U.S. Special Operations Command, U.S. Central Command, Joint Program Executive Office for Chemical, Biological, Radiological and Nuclear Defense, U.S. Army Intelligence and Security Command and others; support fielding determinations for new capabilities that address urgent needs and the development of new/novel CWMD technology to strengthen joint force ability to defeat adversary threats.</r2:Text>
                                </r2:BudgetYearOneBase>
                                <r2:AppChangeSummary>The decrease from FY 2025 to FY 2026 is due to the combined impact of the reductions below:
1) Reduction in discretionary travel funding to align with Executive Order 14222, “Implementing the President’s Department of Government Efficiency Cost Efficiency Initiative.
2) Reduction in Fourth Estate Science and Technology Funding by 2%.</r2:AppChangeSummary>
                            </r2:PlannedProgram>
                        </r2:AccomplishmentPlannedProgram>
                    </r2:AccomplishmentPlannedProgramList>
                    <r2:OtherProgramFundingSummaryList>
                        <r2:OtherProgramFundingSummary>
                            <r2:LineItem>0602718BR/RR</r2:LineItem>
                            <r2:Title>COUNTER WEAPONS OF MASS DESTRUCTION APPLIED RESEARCH</r2:Title>
                            <r2:Funding>
                                <r2:PriorYear>19.872</r2:PriorYear>
                                <r2:CurrentYear>17.408</r2:CurrentYear>
                                <r2:BudgetYearOne>18.463</r2:BudgetYearOne>
                                <r2:BudgetYearOneBase>18.463</r2:BudgetYearOneBase>
                            </r2:Funding>
                        </r2:OtherProgramFundingSummary>
                        <r2:OtherProgramFundingSummary>
                            <r2:LineItem>0603176BR/RR</r2:LineItem>
                            <r2:Title>ADVANCED CONCEPTS AND PERFORMANCE ASSESSMENT</r2:Title>
                            <r2:Funding>
                                <r2:PriorYear>7.788</r2:PriorYear>
                                <r2:CurrentYear>0.000</r2:CurrentYear>
                                <r2:BudgetYearOne>0.000</r2:BudgetYearOne>
                                <r2:BudgetYearOneBase>0.000</r2:BudgetYearOneBase>
                            </r2:Funding>
                        </r2:OtherProgramFundingSummary>
                    </r2:OtherProgramFundingSummaryList>
                    <r2:AcquisitionStrategy>N/A</r2:AcquisitionStrategy>
                </r2:R2aExhibit>
            </r2:Project>
        </r2:ProjectList>
    </r2:ProgramElement>
</r2:ProgramElementList>