<?xml version="1.0" encoding="UTF-8"?>
<r2:ProgramElementList xmlns:r2="http://www.dtic.mil/comptroller/xml/schema/022009/r2" targetSchemaVersion="1.0">
    <r2:ProgramElement monetaryUnit="Millions">
        <r2:ProgramElementNumber>0603176BR</r2:ProgramElementNumber>
        <r2:ProgramElementTitle>ADVANCED CONCEPTS AND PERFORMANCE ASSESSMENT</r2:ProgramElementTitle>
        <r2:R1LineNumber>41</r2:R1LineNumber>
        <r2:BudgetYear>2026</r2:BudgetYear>
        <r2:BudgetCycle>PB</r2:BudgetCycle>
        <r2:SubmissionDate>2025-06</r2:SubmissionDate>
        <r2:ServiceAgencyName>Defense Threat Reduction Agency</r2:ServiceAgencyName>
        <r2:AppropriationCode>0400</r2:AppropriationCode>
        <r2:AppropriationName>Research, Development, Test &amp; Evaluation, Defense-Wide</r2:AppropriationName>
        <r2:BudgetActivityNumber>3</r2:BudgetActivityNumber>
        <r2:BudgetActivityTitle>Advanced Technology Development (ATD)</r2:BudgetActivityTitle>
        <r2:ProgramElementFunding>
            <r2:AllPriorYears>6.343</r2:AllPriorYears>
            <r2:PriorYear>7.788</r2:PriorYear>
            <r2:CurrentYear>0.000</r2:CurrentYear>
            <r2:BudgetYearOne>0.000</r2:BudgetYearOne>
            <r2:BudgetYearOneBase>0.000</r2:BudgetYearOneBase>
            <r2:BudgetYearOneOOC>0.000</r2:BudgetYearOneOOC>
        </r2:ProgramElementFunding>
        <r2:ProgramElementNote>On November 9, 2020, the Deputy Secretary of Defense directed the programmatic transfer of the National Assessment Group (NAG) from the Office of the Under Secretary of Defense for Acquisition &amp; Sustainment (OUSD(A&amp;S)) to DTRA for a better alignment of similar missions. This Program Element (PE), established in the FY 2023 budget request includes the RDT&amp;E funding associated with this transfer.</r2:ProgramElementNote>
        <r2:ProgramElementMissionDescription>The NAG conducts rapid, secure, and independent assessments of critical and unique technologies to support the Military Services, other government agencies, and DTRA. This rapid assessment group provides independent assessments of critical and unique technologies and capabilities for customers in the areas of counter WMD and emerging threats. The NAG provides an independent review/analysis and reporting of operational assessments, capability demonstrations, and test events.</r2:ProgramElementMissionDescription>
        <r2:ChangeSummary>
            <r2:PreviousPresidentBudget>
                <r2:PriorYear>7.990</r2:PriorYear>
                <r2:CurrentYear>0.000</r2:CurrentYear>
                <r2:BudgetYearOne>0.000</r2:BudgetYearOne>
                <r2:BudgetYearOneBase>0.000</r2:BudgetYearOneBase>
            </r2:PreviousPresidentBudget>
            <r2:CurrentPresidentBudget>
                <r2:PriorYear>7.788</r2:PriorYear>
                <r2:CurrentYear>0.000</r2:CurrentYear>
                <r2:BudgetYearOne>0.000</r2:BudgetYearOne>
                <r2:BudgetYearOneBase>0.000</r2:BudgetYearOneBase>
            </r2:CurrentPresidentBudget>
            <r2:TotalAdjustments>
                <r2:PriorYear>-0.202</r2:PriorYear>
                <r2:CurrentYear>0.000</r2:CurrentYear>
                <r2:BudgetYearOne>0.000</r2:BudgetYearOne>
                <r2:BudgetYearOneBase>0.000</r2:BudgetYearOneBase>
                <r2:BudgetYearOneOOC>0.000</r2:BudgetYearOneOOC>
            </r2:TotalAdjustments>
            <r2:AdjustmentDetails>
                <r2:CongressionalGeneralReductions>
                    <r2:PriorYear>0.000</r2:PriorYear>
                    <r2:CurrentYear>0.000</r2:CurrentYear>
                </r2:CongressionalGeneralReductions>
                <r2:CongressionalDirectedReductions>
                    <r2:PriorYear>0.000</r2:PriorYear>
                    <r2:CurrentYear>0.000</r2:CurrentYear>
                </r2:CongressionalDirectedReductions>
                <r2:CongressionalRescissions>
                    <r2:PriorYear>0.000</r2:PriorYear>
                    <r2:CurrentYear>0.000</r2:CurrentYear>
                </r2:CongressionalRescissions>
                <r2:CongressionalAdds>
                    <r2:PriorYear>0.000</r2:PriorYear>
                    <r2:CurrentYear>0.000</r2:CurrentYear>
                </r2:CongressionalAdds>
                <r2:CongressionalDirectedTransfers>
                    <r2:PriorYear>0.000</r2:PriorYear>
                    <r2:CurrentYear>0.000</r2:CurrentYear>
                </r2:CongressionalDirectedTransfers>
                <r2:Reprogrammings>
                    <r2:PriorYear>0.000</r2:PriorYear>
                    <r2:CurrentYear>0.000</r2:CurrentYear>
                </r2:Reprogrammings>
                <r2:SBIRSTTRTransfer>
                    <r2:PriorYear>-0.202</r2:PriorYear>
                    <r2:CurrentYear>0.000</r2:CurrentYear>
                </r2:SBIRSTTRTransfer>
                <r2:OtherAdjustmentDetailList>
                    <r2:OtherAdjustmentDetail>
                        <r2:Title>Realignments</r2:Title>
                        <r2:Funding>
                            <r2:PriorYear>0.000</r2:PriorYear>
                            <r2:CurrentYear>0.000</r2:CurrentYear>
                            <r2:BudgetYearOne>0.000</r2:BudgetYearOne>
                            <r2:BudgetYearOneBase>0.000</r2:BudgetYearOneBase>
                        </r2:Funding>
                    </r2:OtherAdjustmentDetail>
                </r2:OtherAdjustmentDetailList>
            </r2:AdjustmentDetails>
            <r2:SummaryExplanation>Funds in program element 0603176BR Project RR were realigned to Project RR in PE 0603160BR during FY 2025 to better integrate this activity administratively into the RDT&amp;E portfolio.</r2:SummaryExplanation>
        </r2:ChangeSummary>
        <r2:ProjectList>
            <r2:Project>
                <r2:ProjectNumber>RR</r2:ProjectNumber>
                <r2:ProjectTitle>CWMD TEST AND EVALUATION</r2:ProjectTitle>
                <r2:SpecialProject>0</r2:SpecialProject>
                <r2:ProjectFunding>
                    <r2:AllPriorYears>6.343</r2:AllPriorYears>
                    <r2:PriorYear>7.788</r2:PriorYear>
                    <r2:CurrentYear>0.000</r2:CurrentYear>
                    <r2:BudgetYearOne>0.000</r2:BudgetYearOne>
                    <r2:BudgetYearOneBase>0.000</r2:BudgetYearOneBase>
                </r2:ProjectFunding>
                <r2:R2aExhibit>
                    <r2:ProjectNote>On November 9, 2020, the Deputy Secretary of Defense directed the programmatic transfer of the National Assessment Group (NAG) from the Office of the Under Secretary of Defense for Acquisition &amp; Sustainment (OUSD(A&amp;S)) to DTRA for a better alignment of similar missions. This PE, established in the FY 2023 budget request includes the RDT&amp;E associated with this transfer.</r2:ProjectNote>
                    <r2:ProjectMissionDescription>The National Assessment Group (NAG) conducts rapid, secure, and independent assessments of critical and unique technologies to support the Military Services, other government agencies, and DTRA. This rapid assessment group provides independent assessments of critical and unique technologies and capabilities for customers in the areas of counter weapons of mass destruction (CWMD) and emerging threats. The NAG provides an independent review/analysis and reporting of operational assessments, capability demonstrations, and test events. Funds in program element 0603176BR Project RR were realigned to Project RR in PE 0603160BR during FY 2025 to better integrate this activity administratively into the RDT&amp;E portfolio.</r2:ProjectMissionDescription>
                    <r2:AccomplishmentPlannedProgramList>
                        <r2:AccomplishmentPlannedProgram>
                            <r2:Title>Project RR: CWMD Test and Evaluation</r2:Title>
                            <r2:Description>Project RR conducts independent assessments, analyses, reviews, capability demonstrations and test events.</r2:Description>
                            <r2:Accomplishment>
                                <r2:PriorYear>
                                    <r2:Funding>7.788</r2:Funding>
                                    <r2:Text>- Assess new/novel CWMD technology and capabilities to strengthen joint force ability to defeat adversary threats.
- Conduct assessments to verify and validate system/capability communication detectability to exploit adversary WMD vulnerabilities.
- Assess non-traditional planning solutions development efforts for emergent threats and emergent WMD problems.</r2:Text>
                                </r2:PriorYear>
                            </r2:Accomplishment>
                        </r2:AccomplishmentPlannedProgram>
                    </r2:AccomplishmentPlannedProgramList>
                    <r2:OtherProgramFundingSummaryList>
                        <r2:OtherProgramFundingSummary>
                            <r2:LineItem>0602718BR/RR</r2:LineItem>
                            <r2:Title>COUNTER WEAPONS OF MASS DESTRUCTION APPLIED RESEARCH</r2:Title>
                            <r2:Funding>
                                <r2:PriorYear>19.872</r2:PriorYear>
                                <r2:CurrentYear>17.408</r2:CurrentYear>
                                <r2:BudgetYearOne>18.463</r2:BudgetYearOne>
                                <r2:BudgetYearOneBase>18.463</r2:BudgetYearOneBase>
                            </r2:Funding>
                        </r2:OtherProgramFundingSummary>
                        <r2:OtherProgramFundingSummary>
                            <r2:LineItem>0603160BR/RR</r2:LineItem>
                            <r2:Title>COUNTER WEAPONS OF MASS DESTRUCTION ADVANCED TECHNOLOGY DEVELOPMENT</r2:Title>
                            <r2:Funding>
                                <r2:PriorYear>7.450</r2:PriorYear>
                                <r2:CurrentYear>12.130</r2:CurrentYear>
                                <r2:BudgetYearOne>12.050</r2:BudgetYearOne>
                                <r2:BudgetYearOneBase>12.050</r2:BudgetYearOneBase>
                            </r2:Funding>
                        </r2:OtherProgramFundingSummary>
                    </r2:OtherProgramFundingSummaryList>
                    <r2:AcquisitionStrategy>N/A</r2:AcquisitionStrategy>
                </r2:R2aExhibit>
            </r2:Project>
        </r2:ProjectList>
    </r2:ProgramElement>
</r2:ProgramElementList>