<?xml version="1.0" encoding="UTF-8"?>
<r2:ProgramElementList xmlns:r2="http://www.dtic.mil/comptroller/xml/schema/022009/r2" targetSchemaVersion="1.0">
    <r2:ProgramElement monetaryUnit="Millions">
        <r2:ProgramElementNumber>0602718BR</r2:ProgramElementNumber>
        <r2:ProgramElementTitle>COUNTER WEAPONS OF MASS DESTRUCTION APPLIED RESEARCH</r2:ProgramElementTitle>
        <r2:R1LineNumber>28</r2:R1LineNumber>
        <r2:BudgetYear>2026</r2:BudgetYear>
        <r2:BudgetCycle>PB</r2:BudgetCycle>
        <r2:SubmissionDate>2025-06</r2:SubmissionDate>
        <r2:ServiceAgencyName>Defense Threat Reduction Agency</r2:ServiceAgencyName>
        <r2:AppropriationCode>0400</r2:AppropriationCode>
        <r2:AppropriationName>Research, Development, Test &amp; Evaluation, Defense-Wide</r2:AppropriationName>
        <r2:BudgetActivityNumber>2</r2:BudgetActivityNumber>
        <r2:BudgetActivityTitle>Applied Research</r2:BudgetActivityTitle>
        <r2:ProgramElementFunding>
            <r2:AllPriorYears>1293.436</r2:AllPriorYears>
            <r2:PriorYear>209.202</r2:PriorYear>
            <r2:CurrentYear>170.615</r2:CurrentYear>
            <r2:BudgetYearOne>161.495</r2:BudgetYearOne>
            <r2:BudgetYearOneBase>161.495</r2:BudgetYearOneBase>
            <r2:BudgetYearOneOOC>0.000</r2:BudgetYearOneOOC>
        </r2:ProgramElementFunding>
        <r2:ProgramElementMissionDescription>The Counter Weapons of Mass Destruction (CWMD) Cross-Cutting Technical and Information Sciences project develops concepts and technologies in the areas of high-speed information processing, modeling and simulation, signal detection, and data-driven decision analysis in support of the Defense Threat Reduction Agency's (DTRA's) technical reachback teams. This project develops and maintains continuously improving collaborative architectures and Weapons of Mass Destruction (WMD) modeling and simulation codes that drive an integrated suite of decision support tools serving the Combatant Commands, other Department of Defense (DoD) agencies, and national and international CWMD partners. This effort also funds research activities that benefit the public through analysis and engagement to reduce and counter threats posed by WMD via the Strategic Trends Research Initiative. Strategic Trends Research Initiative cultivates national and international research community partnerships across domains, bringing scientific, technical, and social science experts together to help understand and anticipate WMD capabilities and threats.</r2:ProgramElementMissionDescription>
        <r2:ChangeSummary>
            <r2:PreviousPresidentBudget>
                <r2:PriorYear>208.870</r2:PriorYear>
                <r2:CurrentYear>174.955</r2:CurrentYear>
                <r2:BudgetYearOne>180.404</r2:BudgetYearOne>
                <r2:BudgetYearOneBase>180.404</r2:BudgetYearOneBase>
            </r2:PreviousPresidentBudget>
            <r2:CurrentPresidentBudget>
                <r2:PriorYear>209.202</r2:PriorYear>
                <r2:CurrentYear>170.615</r2:CurrentYear>
                <r2:BudgetYearOne>161.495</r2:BudgetYearOne>
                <r2:BudgetYearOneBase>161.495</r2:BudgetYearOneBase>
            </r2:CurrentPresidentBudget>
            <r2:TotalAdjustments>
                <r2:PriorYear>0.332</r2:PriorYear>
                <r2:CurrentYear>-4.340</r2:CurrentYear>
                <r2:BudgetYearOne>-18.909</r2:BudgetYearOne>
                <r2:BudgetYearOneBase>-18.909</r2:BudgetYearOneBase>
                <r2:BudgetYearOneOOC>0.000</r2:BudgetYearOneOOC>
            </r2:TotalAdjustments>
            <r2:AdjustmentDetails>
                <r2:CongressionalGeneralReductions>
                    <r2:PriorYear>0.000</r2:PriorYear>
                    <r2:CurrentYear>0.000</r2:CurrentYear>
                </r2:CongressionalGeneralReductions>
                <r2:CongressionalDirectedReductions>
                    <r2:PriorYear>0.000</r2:PriorYear>
                    <r2:CurrentYear>-9.340</r2:CurrentYear>
                </r2:CongressionalDirectedReductions>
                <r2:CongressionalRescissions>
                    <r2:PriorYear>0.000</r2:PriorYear>
                    <r2:CurrentYear>0.000</r2:CurrentYear>
                </r2:CongressionalRescissions>
                <r2:CongressionalAdds>
                    <r2:PriorYear>11.350</r2:PriorYear>
                    <r2:CurrentYear>5.000</r2:CurrentYear>
                </r2:CongressionalAdds>
                <r2:CongressionalDirectedTransfers>
                    <r2:PriorYear>0.000</r2:PriorYear>
                    <r2:CurrentYear>0.000</r2:CurrentYear>
                </r2:CongressionalDirectedTransfers>
                <r2:Reprogrammings>
                    <r2:PriorYear>-0.177</r2:PriorYear>
                    <r2:CurrentYear>0.000</r2:CurrentYear>
                </r2:Reprogrammings>
                <r2:SBIRSTTRTransfer>
                    <r2:PriorYear>-5.568</r2:PriorYear>
                    <r2:CurrentYear>0.000</r2:CurrentYear>
                </r2:SBIRSTTRTransfer>
                <r2:OtherAdjustmentDetailList>
                    <r2:OtherAdjustmentDetail>
                        <r2:Title>Realignments</r2:Title>
                        <r2:Funding>
                            <r2:PriorYear>-0.273</r2:PriorYear>
                            <r2:CurrentYear>0.000</r2:CurrentYear>
                            <r2:BudgetYearOne>-18.909</r2:BudgetYearOne>
                            <r2:BudgetYearOneBase>-18.909</r2:BudgetYearOneBase>
                        </r2:Funding>
                    </r2:OtherAdjustmentDetail>
                    <r2:OtherAdjustmentDetail>
                        <r2:Title>Program Adjustments</r2:Title>
                        <r2:Funding>
                            <r2:PriorYear>-5.000</r2:PriorYear>
                            <r2:CurrentYear>0.000</r2:CurrentYear>
                        </r2:Funding>
                    </r2:OtherAdjustmentDetail>
                </r2:OtherAdjustmentDetailList>
            </r2:AdjustmentDetails>
            <r2:SummaryExplanation>The current President's Budget request is a decrease from the previous President’s Budget. The decrease is due to the combined impact of the following reductions and realignments:
- Reduction in discretionary travel funding to align with Executive Order 14222, “Implementing the President’s Department of Government Efficiency Cost Efficiency Initiative.
- Reduction in contracts for Advisory and Assistance Services to promote efficiencies and advance the policies of the Administration in alignment with Executive Order 14222, “Implementing the President’s Department of Government Efficiency Cost Efficiency Initiative.”
- Program reduction in Fourth Estate Science and Technology Funding by 2%.
- Program reduction in Federally Funded Research and Development Center support.
- Realignment from Project RA – CWMD Cross-Cutting Technical and Information Sciences to DTRA's Operation and Maintenance (O&amp;M) account for the Agency’s Chief Data and Artificial Intelligence Office and for the transition of information technology transformation investments to sustainment.
- Realignment to increase investment in Project RD – Nuclear Technologies and Capabilities Development for nuclear environments, effects, and survivability analysis and risk mitigation for U.S. space assets (space-based and ground-based).
- Realignment to increase investment for research into the current pacing threat of Directed Energy Weapons by conducting a study of capabilities and potential future threat levels through 2030.
- Realignment from Project RD – Nuclear Technologies and Capabilities Development to DTRA’s O&amp;M account to fund higher priority requirements aligned to Defense budget priorities.</r2:SummaryExplanation>
        </r2:ChangeSummary>
        <r2:ProjectList>
            <r2:Project>
                <r2:ProjectNumber>RA</r2:ProjectNumber>
                <r2:ProjectTitle>CWMD CROSS-CUTTING TECHNICAL AND INFORMATION SCIENCES</r2:ProjectTitle>
                <r2:SpecialProject>0</r2:SpecialProject>
                <r2:ProjectFunding>
                    <r2:AllPriorYears>457.310</r2:AllPriorYears>
                    <r2:PriorYear>38.239</r2:PriorYear>
                    <r2:CurrentYear>17.202</r2:CurrentYear>
                    <r2:BudgetYearOne>16.672</r2:BudgetYearOne>
                    <r2:BudgetYearOneBase>16.672</r2:BudgetYearOneBase>
                </r2:ProjectFunding>
                <r2:R2aExhibit>
                    <r2:ProjectMissionDescription>The Counter Weapons of Mass Destruction (CWMD) Cross-Cutting Technical and Information Sciences project develops concepts and technologies in the areas of high-speed information processing, modeling and simulation, signal detection, and data-driven decision analysis in support of the Defense Threat Reduction Agency's (DTRA's) technical reachback teams. This project develops and maintains continuously improving collaborative architectures and Weapons of Mass Destruction (WMD) modeling and simulation codes that drive an integrated suite of decision support tools serving the Combatant Commands, other Department of Defense (DoD) agencies, and national and international CWMD partners. This effort also funds research activities that benefit the public through analysis and engagement to reduce and counter threats posed by WMD via the Strategic Trends Research Initiative. Strategic Trends Research Initiative cultivates national and international research community partnerships across domains, bringing scientific, technical, and social science experts together to help understand and anticipate WMD capabilities and threats.</r2:ProjectMissionDescription>
                    <r2:AccomplishmentPlannedProgramList>
                        <r2:AccomplishmentPlannedProgram>
                            <r2:Title>RA: CWMD Cross-Cutting Technical and Information Sciences</r2:Title>
                            <r2:Description>Project RA develops concepts and technologies in the areas of high-speed information processing, modeling and simulation, signal detection, and data-driven decision analysis.</r2:Description>
                            <r2:Accomplishment>
                                <r2:PriorYear>
                                    <r2:Funding>38.239</r2:Funding>
                                    <r2:Text>- Use new and emergent advanced modeling and simulation tools and development activities to develop and deliver one new, integrated CWMD modeling capability to support in theater operational planning.
- Expand development capabilities within the development, security, and operations (DevSecOps) pipeline and move to a more automated, secure, agile, and efficient System Development Life Cycle (SDLC); combine containerized technology environments enabling customer to package application development of all of its dependencies and process together with DoD approved Cloud solution to create hybrid, on premise/Cloud solutions to meet DTRA mission needs and DoD software development mandates; increase the security posture of the DTRA Experimentation Lab-Unclassified (DEL-U) enclave by meeting DISA Risk Management Framework and Continuous Monitoring measurements to ensure DTRA maintains Authority To Operate (ATO); implement automated security and monitoring measures in DEL-Classified enclave to meet Agency requirements for the Annual Security Review (ASR) and upcoming ATO (FY2024/25).
- Provide ready access to the DoD High-Performance Computing Modernization Program (HPCMP) resources enabling researchers across the entire RD application spectrum to rapidly perform the detailed computer simulations integral to the successful execution of the Agency’s R&amp;D Mission; enable performance engineers and DTRA application teams to collaborate, modernize, and optimize the heavily used High Fidelity (HF) computer codes for existing and future High-Performance Computing (HPC) architectures.
- Facilitate international S&amp;T cooperation with partners from 14+ countries, contributing to new U.S. CWMD capabilities, improved ally CWMD capability, and RDT&amp;E cost sharing; conduct technology demonstration events for multiple CCMDs, helping to match developmental CWMD capabilities with critical warfighter needs.
- Sponsor projects with DoD academic organizations, Federally Funded Research and Development Centers (FFRDCs), and U.S. think-tanks to gather insights on CMWD challenges for the Warfighter and refine strategic dialogues/symposia/fora to accommodate year-upon-year learning and advancement on anticipated future battlespace challenges. 
- Generate timely and actionable recommendations on countering and mitigating current and future WMD trends and challenges.
- Conduct timely and relevant strategic studies and dialogues with international partners to facilitate year-upon-year learning on anticipated future challenges.
- Refine strategic research projects to improve tangible outcomes and actionable recommendations for future activities to deter and counter WMD threats.
- Provide in-depth research and analysis to anticipate, assess, and address key challenges related to strategic stability, strategic competition, multipolar escalation dynamics, limited WMD development and use, and other WMD threat trends by leveraging expert community resources. 
- Sponsor external research on strategic WMD and emerging threat topics and execution of bilateral, trilateral, and multilateral strategic dialogues with allies/partners.</r2:Text>
                                </r2:PriorYear>
                            </r2:Accomplishment>
                            <r2:PlannedProgram>
                                <r2:CurrentYear>
                                    <r2:Funding>17.202</r2:Funding>
                                    <r2:Text>- Expand and modernize container technology capabilities integrated with cybersecurity framework methodologies (Zero Trust) within the DTRA Experimentation (computing) Lab’s development, security, and operations (DevSecOps) pipeline.  This will enable a more secure, agile, and efficient System Development Life Cycle coupled with DoD Enterprise Cloud Environment to create a hybrid on-premise/Cloud solution to meet DTRA mission needs and DoD software development mandates.
- Increase security modernization of the DTRA Experimentation (computing) Lab’s unclassified and DTRA Experimentation (computing) Lab’s classified enclaves meeting Defense Information Systems Agency -mandated Risk Management Framework and Continuous Monitoring measurements for an Authority To Operate, to include robust Zero Trust and Comply-to-Connect solutions.
- Provide ready access to the DoD High Performance Computing Modernization Program resources enabling researchers to rapidly perform detailed computer simulations integral to the successful execution of DTRA’s Research &amp; Development Mission.
- Enable performance engineers and DTRA application teams to collaborate, modernize and optimize the heavily used High Fidelity computer codes for existing and future High-Performance Computing architectures.
- Provide advanced information technology engineering and component architecture development and integration.
- Identify legacy code for application modernization for more productive provisioning of High-Performance Computing assets. 
- Facilitate technical exchanges with partners in 14+ countries and with all geographic and functional Combatant Commands to improve understanding of and refine requests to align developmental CWMD capabilities with critical warfighter needs.
- Conduct technology demonstration events for at least two Combatant Commands to showcase capability solutions addressing critical theater CWMD requirements in cooperation with key U.S. allies and increase early joint force operational input to CWMD capability development.
- Generate timely and actionable recommendations on countering and mitigating current and future WMD trends and challenges.
- Conduct timely and relevant strategic studies and dialogues with international partners to facilitate year-upon-year learning on anticipated future challenges.
- Refine strategic research projects to improve tangible outcomes and actionable recommendations for future activities to deter and counter WMD threats.
- Provide in-depth research and analysis to anticipate, assess, and address key challenges related to strategic stability, strategic competition, multipolar escalation dynamics, limited WMD development and use, and other WMD threat trends by leveraging expert community resources.
- Sponsor external research on strategic WMD and emerging threat topics and execution of bilateral, trilateral, and multilateral strategic dialogues with allies/partners.</r2:Text>
                                </r2:CurrentYear>
                                <r2:BudgetYearOne>
                                    <r2:Funding>16.672</r2:Funding>
                                </r2:BudgetYearOne>
                                <r2:BudgetYearOneBase>
                                    <r2:Funding>16.672</r2:Funding>
                                    <r2:Text>- Facilitate technical exchanges with geographic and functional Combatant Commands, military services, and international and interagency partners to improve understanding of and refine CWMD research and development requirements.
- Provide high-performance scientific computing capability to WMD communities of interest.
- Utilize high-performance scientific computing to inform modernization and optimization of High Fidelity computer codes for existing and future high-performance computing architectures.
- Utilize DTRA’s Experimental (computing) Lab secure, containerized DevSecOps pipeline to modernize CWMD specific software and systems.
- Provide customers access to a secure, virtual, System or Software Development Environment to test CWMD specific software.
- Generate timely and actionable recommendations on countering and mitigating current and future WMD trends and challenges.
- Conduct timely and relevant strategic studies and dialogues with international partners to facilitate year-upon-year learning on anticipated future challenges.
- Refine strategic research projects to improve tangible outcomes and actionable recommendations for future activities to deter and counter WMD threats.
- Provide in-depth research and analysis to anticipate, assess, and address key challenges related to strategic stability, strategic competition, multipolar escalation dynamics, limited WMD development and use, and other WMD threat trends by leveraging expert community resources.
- Sponsor external research on strategic WMD and emerging threat topics and execution of bilateral, trilateral, and multilateral strategic dialogues with allies/partners.</r2:Text>
                                </r2:BudgetYearOneBase>
                                <r2:AppChangeSummary>The decrease from FY 2025 to FY 2026 is due to the combined reductions and realignment below:
1) Reduction in discretionary travel funding to align with Executive Order 14222, “Implementing the President’s Department of Government Efficiency Cost Efficiency Initiative.
2) Reduction in contracts for Advisory and Assistance Services to promote efficiencies and advance the policies of the Administration in alignment with Executive Order 14222, “Implementing the President’s Department of Government Efficiency Cost Efficiency Initiative.”
3) Realignment from Project RA – CWMD Cross-Cutting Technical and Information Sciences to DTRA's O&amp;M account for the Agency’s Chief Data and Artificial Intelligence Office and for the transition of information technology transformation investments to sustainment.</r2:AppChangeSummary>
                            </r2:PlannedProgram>
                        </r2:AccomplishmentPlannedProgram>
                    </r2:AccomplishmentPlannedProgramList>
                    <r2:OtherProgramFundingSummaryList>
                        <r2:OtherProgramFundingSummary>
                            <r2:LineItem>0604551BR/RA</r2:LineItem>
                            <r2:Title>CATAPULT INFORMATION SYSTEM</r2:Title>
                            <r2:Funding>
                                <r2:PriorYear>8.117</r2:PriorYear>
                                <r2:CurrentYear>7.475</r2:CurrentYear>
                                <r2:BudgetYearOne>4.161</r2:BudgetYearOne>
                                <r2:BudgetYearOneBase>4.161</r2:BudgetYearOneBase>
                            </r2:Funding>
                        </r2:OtherProgramFundingSummary>
                        <r2:OtherProgramFundingSummary>
                            <r2:LineItem>0605502BR/RA</r2:LineItem>
                            <r2:Title>SMALL BUSINESS INNOVATION RESEARCH</r2:Title>
                            <r2:Funding>
                                <r2:PriorYear>17.801</r2:PriorYear>
                                <r2:CurrentYear>0.000</r2:CurrentYear>
                                <r2:BudgetYearOne>0.000</r2:BudgetYearOne>
                                <r2:BudgetYearOneBase>0.000</r2:BudgetYearOneBase>
                            </r2:Funding>
                        </r2:OtherProgramFundingSummary>
                        <r2:OtherProgramFundingSummary>
                            <r2:LineItem>0603160BR/RA</r2:LineItem>
                            <r2:Title>COUNTER WEAPONS OF MASS DESTRUCTION ADVANCED TECHNOLOGY DEVELOPMENT</r2:Title>
                            <r2:Funding>
                                <r2:PriorYear>75.766</r2:PriorYear>
                                <r2:CurrentYear>74.806</r2:CurrentYear>
                                <r2:BudgetYearOne>63.598</r2:BudgetYearOne>
                                <r2:BudgetYearOneBase>63.598</r2:BudgetYearOneBase>
                            </r2:Funding>
                        </r2:OtherProgramFundingSummary>
                    </r2:OtherProgramFundingSummaryList>
                    <r2:AcquisitionStrategy>Competitive selection of most appropriate performers to fulfill science and technology development needs.</r2:AcquisitionStrategy>
                </r2:R2aExhibit>
            </r2:Project>
            <r2:Project>
                <r2:ProjectNumber>RD</r2:ProjectNumber>
                <r2:ProjectTitle>NUCLEAR TECHNOLOGIES AND CAPABILITIES DEVELOPMENT</r2:ProjectTitle>
                <r2:SpecialProject>0</r2:SpecialProject>
                <r2:ProjectFunding>
                    <r2:AllPriorYears>436.687</r2:AllPriorYears>
                    <r2:PriorYear>119.470</r2:PriorYear>
                    <r2:CurrentYear>102.812</r2:CurrentYear>
                    <r2:BudgetYearOne>99.178</r2:BudgetYearOne>
                    <r2:BudgetYearOneBase>99.178</r2:BudgetYearOneBase>
                </r2:ProjectFunding>
                <r2:R2aExhibit>
                    <r2:ProjectMissionDescription>Nuclear Technologies and Capabilities Development encompasses the following related areas:
RDT&amp;E to identify, develop, and exploit signatures associated with nuclear threats in support of U.S. capabilities that detect and interdict such threats; and locate, identify, and track special nuclear material and improve detection factors such as range, time, sensitivity, and accuracy to enhance Service and Special Mission Unit capabilities. These efforts support Department of Defense (DoD) requirements for counterproliferation, nonproliferation, countering emerging threats, and homeland defense.
RDT&amp;E to study signatures associated with adversary nuclear programs and nuclear detonations to gain knowledge or understanding necessary to: determine technical capabilities needed to improve DoD contingency planning activities; improve DoD situational awareness on the nuclear battlefield; and improve capabilities to attribute the source of a nuclear detonation.

Research and develop innovative technologies for the protection of mission-essential personnel, critical military and national defense capabilities, and associated control and support systems during a nuclear event. Research under this project supports the mission critical systems identified under DoD Instruction 3150.09, Chemical, Biological, Radiological, and Nuclear Survivability Policy. System vulnerability research develops nuclear assessment capabilities to support operational planning, weapons effects predictions, and strategic system design. This activity also provides the DoD’s nuclear design and protection standards for new and existing systems, e.g., command and control facilities and aircraft. Key systems include the Nuclear Command and Control System, the net-centric thin-line, and both military and civilian satellites and associated support systems. Experimental capabilities research provides the warfighter with unique x-ray, gamma ray, and electromagnetic pulse test capabilities in support of system survivability development, certification, and sustainment. These efforts also support international collaboration, user groups, case study reviews, and the Joint Atomic Information Exchange Group. The human survivability effort conducts research to develop and validate mortality and morbidity models associated with radiological and nuclear weapon effects.
Research and develop modeling tools to support military operational planning, weapons effects predictions, and strategic system design decisions; consolidate validated modeling tools for integrated functionality; predict system responses to nuclear and radiological weapons producing electromagnetic, thermal, blast, shock, and radiation environments; provide detailed adversary nuclear infrastructure characterization to enhance counterforce operations and hazard effects; and, develop foreign nuclear weapon outputs.
Delivers integrated applications, data analysis, and cloud-ready Artificial Intelligence-enhanced capabilities, using a cross-cutting platform supporting the full spectrum of nuclear operations, wargaming, and assessments. Provides timely electronic access to Nuclear Testing Archives supporting validation of the effectiveness of the Nuclear Deterrent and survivability of U.S. military assets without a return to nuclear testing.</r2:ProjectMissionDescription>
                    <r2:CongressionalAddDetailList>
                        <r2:CongressionalAddDetail>
                            <r2:Title>Crowd Sourced AI for Detection</r2:Title>
                            <r2:PriorYear>
                                <r2:Funding>6.350</r2:Funding>
                                <r2:Text>This investment uses publicly available distributed sensor data to characterize activities relevant to treaty monitoring and other DoD purposes.  This project applies artificial intelligence to the analysis of large data sets to support the design and development of a full-scope artificial intelligence Sensor Network solution.</r2:Text>
                            </r2:PriorYear>
                            <r2:CurrentYear>
                                <r2:Funding>0.000</r2:Funding>
                                <r2:Text>N/A</r2:Text>
                            </r2:CurrentYear>
                        </r2:CongressionalAddDetail>
                    </r2:CongressionalAddDetailList>
                    <r2:AccomplishmentPlannedProgramList>
                        <r2:AccomplishmentPlannedProgram>
                            <r2:Title>RD:  Nuclear Technologies and Capabilities Development</r2:Title>
                            <r2:Description>Project RD develops direct and indirect technologies for the detection of radiation and non- radiative signatures associated with nuclear threats, and advances warfighter capabilities to rapidly locate, characterize, and counter such threats.</r2:Description>
                            <r2:Accomplishment>
                                <r2:PriorYear>
                                    <r2:Funding>113.120</r2:Funding>
                                    <r2:Text>- Prototype search capabilities to increase document recognition by ~167%, photography by ~150%, and film by 400%, over the FY 2023 baseline metrics, enabling greater accessibility for nuclear technologies Subject Matter Experts (SMEs).
- Integrate a computational methodology to estimate vehicle-specific radiation protection factors to assess personnel survivability.
- Use the Mission Impacts of Nuclear Events (MINES) software to support design/execution of nuclear play in 10 DoD exercises (including 2 Title X), 1 North Atlantic Treaty Organization (NATO) or United Kingdom war-game/exercise, and 1 nuclear war-game for Combatant Commands (CCMDs).
- Complete analysis of high-explosive experiment at Balapan nuclear testing site; deliver advanced models of yield estimation in extreme topography.
- Develop electronics to replace Geiger tubes for high-dose rate applications to reduce the size, weight, power, and increase the actionable information available to end-users during Conventional Nuclear Integration (CNI) warfighting.
- Transition improved electronics from applied research to prototyping and evaluate emerging National Nuclear Security Administration (NNSA) developed scintillators to reduce the size, weight, power, and cost, while increasing the performance of radiation detection systems; evaluate non-radiation approaches to detecting and geo-locating nuclear weapons or delivery systems.
- Develop near-field technologies to improve real-time assessments of the geo-location, height-of-burst, and other characterization data from a nuclear explosion during battlefield operations.
- Deliver improved multi-physics / multi-regime algorithms to bridge modeling gaps in time and burst altitude, and add additional EMP models to contribute to Nuclear Command, Control and Communications (NC3) modernization efforts, USAF Ground Based Strategic Deterrent, and USN Strategic Systems Programs (SSP) modernization
- Deliver updated economic, social, communications, and electrical power impact models for significant nuclear weapons environments.
- Deliver improved nuclear weapons environment model that reduces uncertainty of fratricide on military systems.
- Deliver improved thermal radiation environment model valid across a broader range of weapon employment scenarios, geographies, and atmospheric conditions.
- Deliver air blast models jointly with the UK appropriate for non-ideal environments.
- Deliver improved nuclear weapons environment model for nuclear fire ignition and spread in urban areas accounting for building types, with initial atmospheric conditions from DoD-approved numerical weather model forecasts.
- Nuclear Survivability (NS) Military Standards (MIL-STDs) and Military Handbooks (MIL-HDBKs) for Space and Missiles (NTSI):  Final coordination of Nuclear Space Environments MIL-STD, Phase 1 of the Comprehensive Endo-/Exo-Atmospheric Nuclear Environment Standard (CANES) revision.
- Support Nuclear Weapons Effects survivability testing at the National Ignition Facility; execute experiments for complex surfaces and optimization of sources; and support 41 weeks of strategic user testing at the West Coast Facility.
- Transition scintillation hardware-in-the-loop from prototype to user test capability, demonstrate modular electromagnetic pulse capability on warfighter asset and begin transition from prototype to user test capability, and research on characterization and mitigation of prompt neutron and gamma dose rate effects.
- Deliver version 6.0 of Testable Hardware Toolkit and support over 40+ customers with training and requests; conduct response validation test campaign, and conduct large solar cell experiment on Quad Eagle.
- Demonstrate the full operating capability of Quad Eagle X-ray Simulator to the Test and Evaluation (T&amp;E) community and conduct a Critical Design Review of Pithon II data sources to modernize diagnostics for use in future test events.
- Publish Ground Systems Hardening MIL-STD and MIL-HDBK-4023 (Surface Vessel EMP Hardening).</r2:Text>
                                </r2:PriorYear>
                            </r2:Accomplishment>
                            <r2:PlannedProgram>
                                <r2:CurrentYear>
                                    <r2:Funding>102.812</r2:Funding>
                                    <r2:Text>- Implement Mission Impacts of Nuclear Events Software for adjudication of nuclear play in four Service, four Combatant Command, two Joint Staff, four DTRA, two US Forces Korea, and four Five Eyes/North Atlantic Treaty Organization (NATO) wargames and exercises. 
- Complete prototype for next-generation radionuclide particulate collection and analysis system for the International Monitoring System for greater awareness of nuclear testing activities in denied areas. 
- Deliver improved nuclear weapons environment models that improve vulnerability assessments, reduce uncertainty of fratricide and thermal effects on military systems, and reduce uncertainty from nuclear ground shock. 
- Deliver improved structure damage models from nuclear air blast insults. 
- Deliver improved lower-altitude nuclear disturbed environment tools and additional electromagnetic pulse models to contribute to Nuclear Command, Control and Communications modernization efforts, United States Air Force Ground Based Strategic Deterrent, and United States Navy Strategic Systems Programs modernization. 
- Deliver Electromagnetic Reliability and Effects Prediction toolsets with relevant test data for technical reachback, exercise support, and data visualization of unhardened electromagnetic pulse effects to support nuclear verification and survivability. 
- Complete Phase 2 of the Comprehensive Endo-/Exo-Atmospheric Nuclear Environment Standard Nuclear Survivability Military Standards revision in support of acquisition programs survivability certification and compliance efforts.
- Support Nuclear Weapons Effects survivability testing at the National Ignition Facility; execute experiments for the optimization of X-ray, neutron, and combined environment sources for strategic testing at the National Ignition Facility; and support 41 weeks of strategic user testing and 14 weeks of development testing at the West Coast Facility. 
- Demonstrate operating capability of Pithon II X-ray Simulator and demonstrate mixed gas and multishell nozzle cold x-ray generation platforms on Quad Eagle. 
- Transition prototype sensors to replace Geiger tubes for high-dose rate applications to reduce the size, weight, power, and increase the actionable information available to end-users during Conventional Nuclear Integration warfighting. 
- Develop a prototype Cadmium Zinc Telluride-based multi-function diagnostics tool and perform early operational assessments with end-users to reduce the size, weight, and power, while increasing performance of radiation sensors. 
- Develop novel nuclear search algorithms, including those that use novel machine learning approaches to improve threat identification software. 
- Integrate new capabilities into the Comprehensive Nuclear Effects Model to improve the model’s underground facility response to nuclear strike, model fire ignition and spread from nuclear strike.
- Integrate nuclear incident analytic outputs with command and control and geospatial systems in a chemical, biological, radiological, and nuclear (CBRN) warning and reporting networks testbed to provide enhanced situational awareness in support of Conventional Nuclear Integration. Analytics to include yield, height of burst, near-real time hazard prediction and decision support outputs.
- Improve Over the Horizon Arms Control capability, replacing Arms Control Enterprise System with a modern application hosted on the Nuclear, Chemical, Biological, Radiological, and high Explosive Analysis Toolset platform in support of arms control monitoring modernization.
- Expand and advance Optical Character Recognition and multimedia (video) Artificial Intelligence/Machine Learning methods to increase discoverability of the Defense Threat Reduction Information Analysis Center multimedia collection to support research in the DoD nuclear weapons community.</r2:Text>
                                </r2:CurrentYear>
                                <r2:BudgetYearOne>
                                    <r2:Funding>99.178</r2:Funding>
                                </r2:BudgetYearOne>
                                <r2:BudgetYearOneBase>
                                    <r2:Funding>99.178</r2:Funding>
                                    <r2:Text>- Provide actionable information on radiological and nuclear threats across the full range of future contested operating environments; develop foundational techniques to improve radiation mapping capabilities to increase stand-off and reduce the amount of time DoD forces need to spend in radioactive environments; improve sensor electronics to be able to survive harsh maritime, arctic, and highly radioactive environments.
- Develop foundational nuclear weapons effects capabilities to enable DoD, National Nuclear Security Administration and United Kingdom (UK) to predict nuclear weapons effects to support strategic contingency planning, including collateral damage estimation.
- Expand authoritative DoD data availability on stockpile, foreign, and historical nuclear weapons outputs through Electronic Nuclear Weapons Outputs (eBooks) to meet Nuclear Command, Control and Communications  and DoD Instruction 3150.09 CBRN survivability needs.
- Develop innovative cutting edge electromagnetic pulse hardening and verification technologies to include device hardness characterization and testing, hardware qualifications, mission critical equipment analysis, and unhardened infrastructure testing.
- Deliver unhardened electromagnetic pulse effects tool, Electromagnetic Reliability and Effects Prediction 9.0, with relevant test data from US-UK Joint electromagnetic pulse test campaigns and battlefield electromagnetic pulse testing with Army assets for technical reachback, exercise support, and data visualization.
- Provide strategic material certification support for materials and sub-system response in Direct Laser Impulse testing; initiate upgrade of National Ignition Facility Direct Laser Impulse optics and 3D target diagnostics; release X-ray Transport and Radiation Response Analysis toolkit with porous and gas gun materials data.
- Improve Nuclear, Chemical, Biological, Radiological, and high Explosive Analysis Toolset platform with second- and third-order effects models such as damage to TELECON networks, electric grid, and population movement from nuclear events.
- Transition Mission Impacts of Nuclear Events Software and provide nuclear subject matter expertise support for adjudication of nuclear play in four Service, four Combatant Command, two Joint Staff, two US Forces Korea, and four Five Eyes /NATO wargames and exercises.
-Complete impact analysis of proliferated Mid-Earth Orbit and Geostationary Earth Orbit satellites nuclear survivability on conventional nuclear integration operations.
-Complete scintillation study in support of nuclear survivability analysis request for Army and; combatant commands (USSPACECOM, USSTRATCOM, and USEUCOM) Operational Planning.
- Complete persistent nuclear effects survivability study in support of Space Development Agency and US Space Force requests.
- Conduct applied research into directed energy weapons environment characterization to guide future investments into detection and sensing capabilities to support development of environment and protection military standards.</r2:Text>
                                </r2:BudgetYearOneBase>
                                <r2:AppChangeSummary>The decrease from FY 2025 to FY 2026 is due to the combined impact of the reductions and realignments below:
1) Reduction in discretionary travel funding to align with Executive Order 14222, “Implementing the President’s Department of Government Efficiency Cost Efficiency Initiative.
2) Reduction in contracts for Advisory and Assistance Services to promote efficiencies and advance the policies of the Administration in alignment with Executive Order 14222, “Implementing the President’s Department of Government Efficiency Cost Efficiency Initiative.”
3) Reduction in Fourth Estate Science and Technology Funding by 2%.
4) Reduction in Federally Funded Research and Development Center support.
5) Realignment of funds for increased investment in Project RD – Nuclear Technologies and Capabilities Development for nuclear environments, effects, and survivability analysis and risk mitigation for U.S. space assets (space-based and ground-based). DTRA will increase collaboration with U.S. Space Command and U.S. Space Force for support of U.S. space-based deterrence and defense capabilities and enhance these relationships by engaging in joint projects, regular high-level meetings, and shared strategic planning to ensure mutual benefit and sustained positive momentum.
6) Realignment of funds for increased investment for applied research into Directed Energy Weapons environment characterization to guide future investments into detection and sensing capabilities to support development of environment and protection military standards.
7) Realignment from Project RD – Nuclear Technologies and Capabilities Development to DTRA’s O&amp;M account to (1) convert secret collateral office space in DTRA's Fort Belvoir headquarters facility to expand Sensitive Compartmented Information Facility capacity as demand for DTRA support necessitates expanded mission processing on systems accredited for sensitive compartments and (2) fund higher priority requirements aligned to Defense budget priorities.</r2:AppChangeSummary>
                            </r2:PlannedProgram>
                        </r2:AccomplishmentPlannedProgram>
                    </r2:AccomplishmentPlannedProgramList>
                    <r2:OtherProgramFundingSummaryList>
                        <r2:OtherProgramFundingSummary>
                            <r2:LineItem>0603160BR/RD</r2:LineItem>
                            <r2:Title>COUNTER WEAPONS OF MASS DESTRUCTION ADVANCED TECHNOLOGY DEVELOPMENT</r2:Title>
                            <r2:Funding>
                                <r2:PriorYear>55.004</r2:PriorYear>
                                <r2:CurrentYear>76.872</r2:CurrentYear>
                                <r2:BudgetYearOne>84.153</r2:BudgetYearOne>
                                <r2:BudgetYearOneBase>84.153</r2:BudgetYearOneBase>
                            </r2:Funding>
                        </r2:OtherProgramFundingSummary>
                        <r2:OtherProgramFundingSummary>
                            <r2:LineItem>0605000BR/RD</r2:LineItem>
                            <r2:Title>COUNTER WEAPONS OF MASS DESTRUCTION SYSTEMS DEVELOPMENT</r2:Title>
                            <r2:Funding>
                                <r2:PriorYear>14.049</r2:PriorYear>
                                <r2:CurrentYear>14.841</r2:CurrentYear>
                                <r2:BudgetYearOne>14.931</r2:BudgetYearOne>
                                <r2:BudgetYearOneBase>14.931</r2:BudgetYearOneBase>
                            </r2:Funding>
                        </r2:OtherProgramFundingSummary>
                    </r2:OtherProgramFundingSummaryList>
                    <r2:AcquisitionStrategy>Competitive selection of most appropriate performers to fulfill science and technology development needs.</r2:AcquisitionStrategy>
                </r2:R2aExhibit>
            </r2:Project>
            <r2:Project>
                <r2:ProjectNumber>RG</r2:ProjectNumber>
                <r2:ProjectTitle>CWMD TECHNOLOGIES AND CAPABILITIES DEVELOPMENT</r2:ProjectTitle>
                <r2:SpecialProject>0</r2:SpecialProject>
                <r2:ProjectFunding>
                    <r2:AllPriorYears>216.736</r2:AllPriorYears>
                    <r2:PriorYear>31.621</r2:PriorYear>
                    <r2:CurrentYear>33.193</r2:CurrentYear>
                    <r2:BudgetYearOne>27.182</r2:BudgetYearOne>
                    <r2:BudgetYearOneBase>27.182</r2:BudgetYearOneBase>
                </r2:ProjectFunding>
                <r2:R2aExhibit>
                    <r2:ProjectMissionDescription>Counter Weapons of Mass Destruction (CWMD) Technologies and Capabilities Development encompasses the following areas:
Defeat Technologies supports Combatant Commands through research, development, and transition of offensive weapons and other capabilities to counter Weapons of Mass Destruction (WMD) while mitigating collateral contamination effects. Technology development focuses on the physical or functional defeat of WMD threat materials, an adversary's ability to deliver the same, and the physical and nonphysical support networks enabling both. It does so through the systematic identification and maturation of technologies capable of defeating WMD agents or agent-based processes and selecting technologies for integration into weapons, delivery systems, or rapid WMD elimination capabilities. This effort includes developing specific WMD agent/agent-based process simulants, sub-scale test infrastructure, and sampling capability required for effective development, testing, and evaluation of next-generation CWMD capabilities. The project places a high priority on understanding, characterizing, and validating potential weapon effects within mathematical confidence as it relates to the unintended release of hazardous threat materials. Energetics research develops materials and weapon design technology providing defeat capabilities for engaging hard and deeply buried targets that are beyond current high explosive blast/fragmentation warhead technology. Technologies with the potential for weapon and capability integration are transitioned to Budget Activity 3, Advanced Technology Development efforts. On a limited basis, technology test data is shared with coalition partners.
WMD counterforce technologies research develops weapons effects modeling algorithms, full and sub-scale test series required to investigate CWMD weapon effects and sensor performance, and visualization and situational awareness tools to support the next generation Technical Reachback cell. These activities are critical enablers for the development of advanced CWMD planning tools. This effort couples long-range fundamental and applied research with technology development in the physical, life, and computational sciences to support kill chain activities in countering emerging WMD threats.</r2:ProjectMissionDescription>
                    <r2:CongressionalAddDetailList>
                        <r2:CongressionalAddDetail>
                            <r2:Title>Advanced Manufacturing of Energetics</r2:Title>
                            <r2:PriorYear>
                                <r2:Funding>5.000</r2:Funding>
                                <r2:Text>Reprogramed to Department of Army in FY 2024.</r2:Text>
                            </r2:PriorYear>
                            <r2:CurrentYear>
                                <r2:Funding>0.000</r2:Funding>
                                <r2:Text>N/A</r2:Text>
                            </r2:CurrentYear>
                        </r2:CongressionalAddDetail>
                        <r2:CongressionalAddDetail>
                            <r2:Title>Diagnostic evaluation of transient turbulence</r2:Title>
                            <r2:PriorYear>
                                <r2:Funding>0.000</r2:Funding>
                                <r2:Text>Received funds in FY 2025.</r2:Text>
                            </r2:PriorYear>
                            <r2:CurrentYear>
                                <r2:Funding>5.000</r2:Funding>
                                <r2:Text>This project seeks to understand and characterize transient turbulent phenomenology for kinetic weapon strikes against chemical or biological storage or production facilities. Results will support enhancement and further development of high-fidelity and fast-running modeling and simulation capabilities resulting in improved predictions of agent fate and collateral effects.</r2:Text>
                            </r2:CurrentYear>
                        </r2:CongressionalAddDetail>
                    </r2:CongressionalAddDetailList>
                    <r2:AccomplishmentPlannedProgramList>
                        <r2:AccomplishmentPlannedProgram>
                            <r2:Title>RG: Counter WMD Technologies and Capabilities Development</r2:Title>
                            <r2:Description>Project RG uses applied research to develop CWMD technologies and capabilities.</r2:Description>
                            <r2:Accomplishment>
                                <r2:PriorYear>
                                    <r2:Funding>26.621</r2:Funding>
                                    <r2:Text>- Modernize and evolve instrumentation and diagnostics capability to support test and evaluation activities across the CWMD spectrum, and develop new methods to address the evolving threats. Includes improving data communications links, enhancing acoustic temperature systems, and networking autonomous underground vehicles (UGVs) with obstacle avoidance capabilities.
- Remediate and restore existing test bed articles to continue support across the CWMD spectrum. Includes structure demolition and clean-up at White Sands Missile Range (WSMR), New Mexico.
- Replicate, test, and evaluate identified threat WMD systems and use tactics, techniques, and procedures to support the development of WMD detection, characterization, and countermeasures documented in Combatant Command (CCMD) requirements.
- Perform threat-relevant test and evaluation activities to document unique signatures that identify, characterize, and determine the effectiveness of defeat techniques for WMD proliferation and production facilities, leveraging the Nevada National Security Site, and a novel transportable capability that can replicate specific threats of interest to the CCMDs.
- Design and build testbeds in small, mid, and large-scale environments capable of capturing data needed to improve and validate high-fidelity modeling and simulation tools used to predict U.S. weapon and adversary threat effects on facilities of interest.</r2:Text>
                                </r2:PriorYear>
                            </r2:Accomplishment>
                            <r2:PlannedProgram>
                                <r2:CurrentYear>
                                    <r2:Funding>28.193</r2:Funding>
                                    <r2:Text>- Continue to advance additive manufacturing capabilities within the Next Generation Defeat portfolio in order to enhance/improve current capabilities.  
- Research and develop an initial prototype for small-scale testing of a ruggedized/miniaturized high-powered laser to meet the needs of Explosive Ordnance Disposal CWMD defeat. 
- Research and develop an initial prototype for novel 3-D energetics to enable end-users to disrupt upstream WMD. 
- Develop and improve next generation core Modular Autonomous CWMD System single-platform autonomous navigation as well as multi-agent coordination and data-fusion competencies and core algorithms to enable improved Manned-Unmanned-Teaming. 
- Finish the final three tests of the Agent Defeat Modeling and Simulation Baseline capstone test series. Perform post-capstone validation of agent release/defeat models and source term generation for collateral effects assessment. 
- Initiate Legacy Weapons Test Program with focus on pacing and acute time-sensitive mobile WMD threats. 
- Conduct blast response testing and residual capacity of precast columns, precast beam-column connections, and precast load-bearing walls in collaboration with Singapore. 
- Accredit and transition Optimized Weapon Load-out tool to the Integrated Munitions Effects Assessment Program improving the accuracy and fidelity of weapons effects models to aid targeting decisions against challenging pacing and acute threats. 
- Deliver improved automated targeting capabilities utilizing continuous machine learning and trained neural networks to automate portions of the targeting process improving lethality against WMD and Hard and Deeply Buried Targets. 
- Continue delivery of real-time mapping and situational awareness innovations for subterranean CWMD operations through Edge-Enhanced Mapping &amp; Positioning System. 
- Develop streaming of underground facility schematics to contact lens displays. 
- Develop map compression algorithms for communications-limited operations. 
- Advance novel map visualizations in augmented reality to reduce incidence of mission errors.</r2:Text>
                                </r2:CurrentYear>
                                <r2:BudgetYearOne>
                                    <r2:Funding>27.182</r2:Funding>
                                </r2:BudgetYearOne>
                                <r2:BudgetYearOneBase>
                                    <r2:Funding>27.182</r2:Funding>
                                    <r2:Text>- Deliver advanced additive manufacturing capabilities within the Next Generation Defeat portfolio to maintain and enhance existing capabilities, improve weapons performance, and expand manufacturing technical capabilities.
- Down select and mature energetic candidates of next generation weapons designed to hold high value Hard and Deeply Buried Targets at risk.
- Develop and deliver advanced diagnostics equipment designed to characterize detonation environments. This equipment supports high fidelity modeling and simulation.
- Develop Active Denial for Targets Right of Line Evolution capabilities to optimize rubble generation to deny adversary use of Hard and Deeply Buried Targets.
- Develop and improve next generation multi-agent coordination and data-fusion core algorithms and software architectures to enable the use of more unmanned systems in parallel with reduced cognitive burden on human operator(s) and teammates.
- Develop a prototype set of CWMD modular mission payloads to provide kinetic and non-kinetic effects through integration across a family of autonomous ground and air robots.
- Collaborate with military academies to address next generation autonomy challenges while advancing critical science, technology, engineering, and mathematics skills amongst future CWMD workforce.
- Develop additional Tactical Assault Kit plug-in tools.
- Deliver improved untethered foreign language and audio signature analytics, improving United State Special Operations Command (USSOCOM) campaigning capabilities by increasing foreign language translation capacity at the edge and decreasing lag time to exploit opportunities.
- Deliver increased integration into networked ground and aerial sensors, improving location data associated with audio feeds by decreasing geo-location error.
- Transition the Blue Raptor plug-in, embedded in the Joint Threat Warning System Air 3 program software, to USSOCOM.
- Transition real-time mapping and situational awareness innovations for subterranean CWMD operations.
- Deliver technical data packages to DoD stakeholders to produce Government off-the-shelf Software for the Mapping and Awareness for CWMD Operations systems.
- Develop map compression algorithms for comms-limited operations in subterranean conditions.
- Develop 3D maps to simulate breaching blasts to determine hazard standoff for mission personnel.
- Advance novel map visualizations in augmented reality to reduce incidence of mission errors.
- Develop live streaming capability of facility schematics including key facility attributes (infrastructure, access points, etc.) for use during CWMD operations.
- Transition a compact, standalone Subterranean Personnel Tracker solution for tracking personnel in the global positioning system (GPS) -denied environments.
- Deliver improved automated targeting capabilities utilizing continuous machine learning and trained neural networks to automate portions of the targeting process improving lethality against WMD and Hard and Deeply Buried Targets.</r2:Text>
                                </r2:BudgetYearOneBase>
                                <r2:AppChangeSummary>The decrease from FY 2025 to FY 2026 is due to the combined impact of the reductions below:
1) Reduction in contracts for Advisory and Assistance Services to promote efficiencies and advance the policies of the Administration in alignment with Executive Order 14222, “Implementing the President’s Department of Government Efficiency Cost Efficiency Initiative.”
2) Reduction in Fourth Estate Science and Technology Funding by 2%.</r2:AppChangeSummary>
                            </r2:PlannedProgram>
                        </r2:AccomplishmentPlannedProgram>
                    </r2:AccomplishmentPlannedProgramList>
                    <r2:OtherProgramFundingSummaryList>
                        <r2:OtherProgramFundingSummary>
                            <r2:LineItem>0603160BR/RG</r2:LineItem>
                            <r2:Title>COUNTER WEAPONS OF MASS DESTRUCTION ADVANCED TECHNOLOGY DEVELOPMENT</r2:Title>
                            <r2:Funding>
                                <r2:PriorYear>252.361</r2:PriorYear>
                                <r2:CurrentYear>246.304</r2:CurrentYear>
                                <r2:BudgetYearOne>233.668</r2:BudgetYearOne>
                                <r2:BudgetYearOneBase>233.668</r2:BudgetYearOneBase>
                            </r2:Funding>
                        </r2:OtherProgramFundingSummary>
                    </r2:OtherProgramFundingSummaryList>
                    <r2:AcquisitionStrategy>Competitive selection of most appropriate performers to fulfill science and technology development needs.</r2:AcquisitionStrategy>
                </r2:R2aExhibit>
            </r2:Project>
            <r2:Project>
                <r2:ProjectNumber>RR</r2:ProjectNumber>
                <r2:ProjectTitle>CWMD TEST AND EVALUATION</r2:ProjectTitle>
                <r2:SpecialProject>0</r2:SpecialProject>
                <r2:ProjectFunding>
                    <r2:AllPriorYears>182.703</r2:AllPriorYears>
                    <r2:PriorYear>19.872</r2:PriorYear>
                    <r2:CurrentYear>17.408</r2:CurrentYear>
                    <r2:BudgetYearOne>18.463</r2:BudgetYearOne>
                    <r2:BudgetYearOneBase>18.463</r2:BudgetYearOneBase>
                </r2:ProjectFunding>
                <r2:R2aExhibit>
                    <r2:ProjectMissionDescription>The CWMD Test and Evaluation project provides a unique national test capability for simulated WMD facilities and processes. This capability provides DTRA's structured and systematic end-to-end test event planning, preparation, management, execution, and data analysis. It also offers test instrumentation (data acquisition systems and optics), scientific analysis and predictions, test article construction, test article/test bed remediation, tunnel mining, architectural and engineering design, systems engineering and integration, and test data management. The project leverages 50 years of expertise in investigating weapons effects and target response across the spectrum of hostile environments that could be created by proliferate nations or terrorist organizations with access to advanced conventional weapons or WMD. Subject matter experts design full and sub-scale testing strategies focusing on weapon-target interaction with fixed soft and hardened facilities to include above ground facilities, cut-and-cover facilities, and deep underground tunnels.</r2:ProjectMissionDescription>
                    <r2:AccomplishmentPlannedProgramList>
                        <r2:AccomplishmentPlannedProgram>
                            <r2:Title>RR:  Countering WMD Test and Evaluation</r2:Title>
                            <r2:Description>Project RR provides innovative science and technology to enable the development, evaluation, and validation of capabilities for DTRA, DoD, and federal partners that maintain U.S. superiority in CWMD and emerging threats, mitigate the risks of technological surprise, and respond to the warfighter’s CWMD requirements.</r2:Description>
                            <r2:Accomplishment>
                                <r2:PriorYear>
                                    <r2:Funding>19.872</r2:Funding>
                                    <r2:Text>- Modernize and evolve instrumentation and diagnostics capability to support test and evaluation activities across the CWMD spectrum, and develop new methods to address the evolving threats. Includes improving data communications links, enhancing acoustic temperature systems, and networking autonomous underground vehicles (UGVs) with obstacle avoidance capabilities.
- Remediate and restore existing test bed articles to continue support across the CWMD spectrum. Includes structure demolition and clean-up at WSMR, NM.
- Replicate, test, and evaluate identified threat WMD systems and use tactics, techniques, and procedures to support the development of WMD detection, characterization, and countermeasures documented in CCMD requirements.
- Perform threat-relevant test and evaluation activities to document unique signatures that identify, characterize, and determine the effectiveness of defeat techniques for WMD proliferation and production facilities, leveraging the Nevada National Security Site, and a novel transportable capability that can replicate specific threats of interest to the CCMDs.
- Design and build testbeds in small, mid, and large-scale environments capable of capturing data needed to improve and validate high-fidelity modeling and simulation tools used to predict U.S. weapon and adversary threat effects on facilities of interest.</r2:Text>
                                </r2:PriorYear>
                            </r2:Accomplishment>
                            <r2:PlannedProgram>
                                <r2:CurrentYear>
                                    <r2:Funding>17.408</r2:Funding>
                                    <r2:Text>- Improve efficiency and effectiveness of DTRA's RDT&amp;E programs by procuring and guaranteeing availability of software tools that provide rapid analysis and modeling.
- Purchase necessary test and life safety equipment in support of RDT&amp;E programs.
- Support test bed construction, geological surveys, and site remediation.
- Provide calibration and life cycle management of safety and air sampling monitoring equipment.
- Provide testing support for Agent Defeat Modeling and Simulation Baseline efforts to improve modeling capabilities.
- Provide integration of fluorescence detection, chemical sensors, and radiological detectors into autonomous unmanned ground vehicle platforms.
- Deliver four test campaigns across three novel test activities to refine collection of Tactics, Techniques and Procedures; validate new sensors; and broaden U.S. Government search, collection, and characterization capabilities.
- Provide program management, operational/logistics support, and explosives support consisting of test planning, fielding, management, safe execution and results analysis for 100 blast tests.
- Support operational and developmental testing at three fixed locations (Kirtland Air Force Base, White Sands Missile Range, and the Nevada National Security Site) and maintain an expeditionary capability to enable testing activities at multiple remote locations.
- Provide explosives support including planning, operations, explosives development, procurement, explosives safety, operational use, fielding, firing, and disposal of explosives for operational and developmental testing.
- Remediate a penetration test target at White Sands Missile Range to comply with White Sands Missile Range agreements to remove targets no longer required.
- Clean-up and close open pits and remove abandoned cable hazards on the Small and Intermediate Test Beds on White Sands Missile Range.
- Protect the local Albuquerque Community through improvements to the in-house seismic/acoustic laboratory, enabling safe conduct of explosive testing at Kirtland Air Force Base.</r2:Text>
                                </r2:CurrentYear>
                                <r2:BudgetYearOne>
                                    <r2:Funding>18.463</r2:Funding>
                                </r2:BudgetYearOne>
                                <r2:BudgetYearOneBase>
                                    <r2:Funding>18.463</r2:Funding>
                                    <r2:Text>- Conduct remediation of a penetration test structure (DIVINE ALBATROS 2) at White Sands Missile Range in compliance with White Sands Missile Range agreements to remove targets no longer required.
- Maintain 30-year White Sands Missile Range U.S. Fish and Wildlife Service Golden Eagle permit for the DTRA Granite Site.
- Sustain life safety equipment in support of Test, Evaluation, and Assessment Programs.
- Research potential geologically threat-representative sites to serve as Hard and Deeply Buried Targets defeat capability testbeds for future Hard and Deeply Buried Targets test and evaluation activities.  Deliver studies on the efficacy of the potential sites to support future operational needs.
- Support the expansion of the Technical Examination and Assessment Monitoring Site on Kirtland Air Force Base to support future arms control RDT&amp;E and training requirements.
- Support integration of toxin simulants and pharmaceutical-based agents into Test and Evaluation program.
- Provide certification of test personnel utilizing small, unmanned aircraft systems for CWMD testing and evaluation.
- Provide maintenance, remediation, and test support on DTRA test beds.
- Ensure that DTRA facilities, test articles, and capabilities, including secure communications on test beds, are maintained and available to support test and assessment activities.
- Sustain Government Owned Equipment used for explosive disposal, explosive storage, batching concrete, conducting construction quality assurance, and other specialized functions.
- Modernize a seismic diagnostics capability that provides critical support to air-delivered explosive weapon and facility vulnerability / protection test and evaluation activities.
- Support airdrop weapon tests, providing real-time “high-order” detonation determination to allow safe re-entry of DTRA personnel to the test sites after a weapon drop from an aerial platform or static detonations.
- Support open-air explosion tests at Kirtland Air Force Base while protecting residential areas around the base from blast effects damage.
- Improve in-house far-field acoustic overpressure prediction tool and validate the prediction tool using the collected test data at Kirtland Air Force Base.
- Provide program management, operational/logistics support, and explosives support consisting of test planning, fielding, management, safe execution and results analysis for up to 40 CWMD test and evaluation activities, including agent defeat phenomenology studies, structural response testing, and user assessments for new radiological and nuclear technologies.
- Support open-air explosion tests at Kirtland Air Force Base while protecting residential areas around the base from blast effects damage.
- Improve in-house far-field acoustic overpressure prediction tool and validate the prediction tool using the collected test data at Kirtland Air Force Base.
- Provide program management, operational/logistics support, and explosives support consisting of test planning, fielding, management, safe execution and results analysis for up to 40 CWMD test and evaluation activities, including agent defeat phenomenology studies, structural response testing, and user assessments for new radiological and nuclear technologies.</r2:Text>
                                </r2:BudgetYearOneBase>
                                <r2:AppChangeSummary>The increase from FY 2025 to FY 2026 is due to the combined impact of the following:
1) Increased investment in WMD national testbed assets to ensure state of the art RDT&amp;E facilities are available for CWMD capability development.
2) Reduction in discretionary travel funding to align with Executive Order 14222, “Implementing the President’s Department of Government Efficiency Cost Efficiency Initiative.
3) Reduction in contracts for Advisory and Assistance Services to promote efficiencies and advance the policies of the Administration in alignment with Executive Order 14222, “Implementing the President’s Department of Government Efficiency Cost Efficiency Initiative.”</r2:AppChangeSummary>
                            </r2:PlannedProgram>
                        </r2:AccomplishmentPlannedProgram>
                    </r2:AccomplishmentPlannedProgramList>
                    <r2:OtherProgramFundingSummaryList>
                        <r2:OtherProgramFundingSummary>
                            <r2:LineItem>0603160BR/RR</r2:LineItem>
                            <r2:Title>COUNTER WEAPONS OF MASS DESTRUCTION ADVANCED TECHNOLOGY DEVELOPMENT</r2:Title>
                            <r2:Funding>
                                <r2:PriorYear>7.450</r2:PriorYear>
                                <r2:CurrentYear>12.130</r2:CurrentYear>
                                <r2:BudgetYearOne>12.050</r2:BudgetYearOne>
                                <r2:BudgetYearOneBase>12.050</r2:BudgetYearOneBase>
                            </r2:Funding>
                        </r2:OtherProgramFundingSummary>
                        <r2:OtherProgramFundingSummary>
                            <r2:LineItem>0603176BR/RR</r2:LineItem>
                            <r2:Title>ADVANCED CONCEPTS AND PERFORMANCE ASSESSMENT</r2:Title>
                            <r2:Funding>
                                <r2:PriorYear>7.788</r2:PriorYear>
                                <r2:CurrentYear>0.000</r2:CurrentYear>
                                <r2:BudgetYearOne>0.000</r2:BudgetYearOne>
                                <r2:BudgetYearOneBase>0.000</r2:BudgetYearOneBase>
                            </r2:Funding>
                        </r2:OtherProgramFundingSummary>
                    </r2:OtherProgramFundingSummaryList>
                    <r2:AcquisitionStrategy>Competitive selection of most appropriate performers to fulfill science and technology development needs.</r2:AcquisitionStrategy>
                </r2:R2aExhibit>
            </r2:Project>
        </r2:ProjectList>
    </r2:ProgramElement>
</r2:ProgramElementList>