<?xml version="1.0" encoding="UTF-8"?>
<r2:ProgramElementList xmlns:r2="http://www.dtic.mil/comptroller/xml/schema/022009/r2" targetSchemaVersion="1.0">
    <r2:ProgramElement monetaryUnit="Millions">
        <r2:ProgramElementNumber>0606853BR</r2:ProgramElementNumber>
        <r2:ProgramElementTitle>MANAGEMENT TECHNICAL AND INTERNATIONAL SUPPORT</r2:ProgramElementTitle>
        <r2:R1LineNumber>206</r2:R1LineNumber>
        <r2:BudgetYear>2026</r2:BudgetYear>
        <r2:BudgetCycle>PB</r2:BudgetCycle>
        <r2:SubmissionDate>2025-06</r2:SubmissionDate>
        <r2:ServiceAgencyName>Defense Threat Reduction Agency</r2:ServiceAgencyName>
        <r2:AppropriationCode>0400</r2:AppropriationCode>
        <r2:AppropriationName>Research, Development, Test &amp; Evaluation, Defense-Wide</r2:AppropriationName>
        <r2:BudgetActivityNumber>6</r2:BudgetActivityNumber>
        <r2:BudgetActivityTitle>RDT&amp;E Management Support</r2:BudgetActivityTitle>
        <r2:ProgramElementFunding>
            <r2:AllPriorYears>10.039</r2:AllPriorYears>
            <r2:PriorYear>11.617</r2:PriorYear>
            <r2:CurrentYear>10.039</r2:CurrentYear>
            <r2:BudgetYearOne>14.841</r2:BudgetYearOne>
            <r2:BudgetYearOneBase>14.841</r2:BudgetYearOneBase>
            <r2:BudgetYearOneOOC>0.000</r2:BudgetYearOneOOC>
        </r2:ProgramElementFunding>
        <r2:ProgramElementNote>This program element supports the development of a series of advanced analytic efforts to more effectively identify risks and threats to Surge Layer Defense and, more broadly, Depart of Defense's (DoD’s) Mission Assurance (MA) as identified in the current Interim National Defense Strategic Guidance (INDSG).</r2:ProgramElementNote>
        <r2:ProgramElementMissionDescription>The Defense Threat Reduction Agency (DTRA), as the DoD Center of Excellence for Mission Assurance Assessments, has been tasked by Deputy Assistant Secretary of Defense for Defense Continuity and Mission Assurance with leading change within the MA community on behalf of Office of the Under Secretary of Defense to ensure best practices are documented during the Joint Mission Assurance Assessments (JMAA), Balanced Survivability Assessments (BSA), and Red Team Assessments. Including but not limited to dependency analysis, asymmetric threats, cyber operations, general engineering, security operations, and emergency management.
In partnership with the Critical Infrastructure Defense Analysis Center (CIDAC) and the U.S. Department of the Navy's Defense Critical Infrastructure - Mission Assurance program, DTRA’s Mission Assurance program will perform mission analysis; engineering and commercial infrastructure network interdependency analysis; MA assessments; information enterprise design, implementation, and support; and defense industrial base supply chain network and related analysis. Efforts provide broad leadership, best practices, research, development, coordination, support to DoD Components around specific focus areas to drive solution-oriented efficiencies, collaboration, and results that benefit the entire DoD MA enterprise.</r2:ProgramElementMissionDescription>
        <r2:ChangeSummary>
            <r2:PreviousPresidentBudget>
                <r2:PriorYear>11.919</r2:PriorYear>
                <r2:CurrentYear>12.115</r2:CurrentYear>
                <r2:BudgetYearOne>12.358</r2:BudgetYearOne>
                <r2:BudgetYearOneBase>12.358</r2:BudgetYearOneBase>
            </r2:PreviousPresidentBudget>
            <r2:CurrentPresidentBudget>
                <r2:PriorYear>11.617</r2:PriorYear>
                <r2:CurrentYear>10.039</r2:CurrentYear>
                <r2:BudgetYearOne>14.841</r2:BudgetYearOne>
                <r2:BudgetYearOneBase>14.841</r2:BudgetYearOneBase>
            </r2:CurrentPresidentBudget>
            <r2:TotalAdjustments>
                <r2:PriorYear>-0.302</r2:PriorYear>
                <r2:CurrentYear>-2.076</r2:CurrentYear>
                <r2:BudgetYearOne>2.483</r2:BudgetYearOne>
                <r2:BudgetYearOneBase>2.483</r2:BudgetYearOneBase>
                <r2:BudgetYearOneOOC>0.000</r2:BudgetYearOneOOC>
            </r2:TotalAdjustments>
            <r2:AdjustmentDetails>
                <r2:CongressionalGeneralReductions>
                    <r2:PriorYear>0.000</r2:PriorYear>
                    <r2:CurrentYear>0.000</r2:CurrentYear>
                </r2:CongressionalGeneralReductions>
                <r2:CongressionalDirectedReductions>
                    <r2:PriorYear>0.000</r2:PriorYear>
                    <r2:CurrentYear>-2.076</r2:CurrentYear>
                </r2:CongressionalDirectedReductions>
                <r2:CongressionalRescissions>
                    <r2:PriorYear>0.000</r2:PriorYear>
                    <r2:CurrentYear>0.000</r2:CurrentYear>
                </r2:CongressionalRescissions>
                <r2:CongressionalAdds>
                    <r2:PriorYear>0.000</r2:PriorYear>
                    <r2:CurrentYear>0.000</r2:CurrentYear>
                </r2:CongressionalAdds>
                <r2:CongressionalDirectedTransfers>
                    <r2:PriorYear>0.000</r2:PriorYear>
                    <r2:CurrentYear>0.000</r2:CurrentYear>
                </r2:CongressionalDirectedTransfers>
                <r2:Reprogrammings>
                    <r2:PriorYear>0.000</r2:PriorYear>
                    <r2:CurrentYear>0.000</r2:CurrentYear>
                </r2:Reprogrammings>
                <r2:SBIRSTTRTransfer>
                    <r2:PriorYear>-0.302</r2:PriorYear>
                    <r2:CurrentYear>0.000</r2:CurrentYear>
                </r2:SBIRSTTRTransfer>
                <r2:OtherAdjustmentDetailList>
                    <r2:OtherAdjustmentDetail>
                        <r2:Title>Realignments</r2:Title>
                        <r2:Funding>
                            <r2:PriorYear>0.000</r2:PriorYear>
                            <r2:CurrentYear>0.000</r2:CurrentYear>
                            <r2:BudgetYearOne>2.483</r2:BudgetYearOne>
                            <r2:BudgetYearOneBase>2.483</r2:BudgetYearOneBase>
                        </r2:Funding>
                    </r2:OtherAdjustmentDetail>
                </r2:OtherAdjustmentDetailList>
            </r2:AdjustmentDetails>
            <r2:SummaryExplanation>The increase from the previous President’s Budget is due to increased investment to support the growth of onsite assessment of DoD Dependencies in this program element, funded by a realignment of resources from DTRA’s Operation and Maintenance (O&amp;M) account.</r2:SummaryExplanation>
        </r2:ChangeSummary>
        <r2:ProjectList>
            <r2:Project>
                <r2:ProjectNumber>MN</r2:ProjectNumber>
                <r2:ProjectTitle>DEFENSE CRITICAL INFRASTRUCTURE - MISSION ASSURANCE</r2:ProjectTitle>
                <r2:SpecialProject>0</r2:SpecialProject>
                <r2:ProjectFunding>
                    <r2:AllPriorYears>10.039</r2:AllPriorYears>
                    <r2:PriorYear>11.617</r2:PriorYear>
                    <r2:CurrentYear>10.039</r2:CurrentYear>
                    <r2:BudgetYearOne>14.841</r2:BudgetYearOne>
                    <r2:BudgetYearOneBase>14.841</r2:BudgetYearOneBase>
                </r2:ProjectFunding>
                <r2:R2aExhibit>
                    <r2:ProjectMissionDescription>This project supports the development of a series of advanced analytic efforts to more effectively identify risks and threats to Surge-Layer Defense and, more broadly, DoD’s Mission Assurance (MA) as identified in the current Interim National Defense Strategic Guidance (INDSG).
The Defense Threat Reduction Agency (DTRA) as the DoD Center of Excellence for Mission Assurance Assessments has been tasked by Deputy Assistant Secretary of Defense for Defense Continuity and Mission Assurance with leading change within the MA community on behalf of OSD to ensure best practices are documented during Joint Mission Assurance Assessments, Balanced Survivability Assessments, and Red Team Assessments. Including but not limited to dependency analysis, asymmetric threats, cyber operations, general engineering, security operations, and emergency management.
In partnership with the Critical Infrastructure Defense Analysis Center (CIDAC) and the U.S. Department of the Navy's Defense Critical Infrastructure - Mission Assurance program, DTRA’s Mission Assurance program will perform mission analyses; engineering, and commercial infrastructure network interdependency analyses; MA assessments; information enterprise design, implementation, and support; and defense industrial base supply chain network and related analysis.  Efforts provide broad leadership, best practices, research, development, coordination, and support to DoD Components around specific focus areas to drive solution-oriented efficiencies, collaboration, and results that benefit the entire DoD MA enterprise.</r2:ProjectMissionDescription>
                    <r2:AccomplishmentPlannedProgramList>
                        <r2:AccomplishmentPlannedProgram>
                            <r2:Title>MN - Defense Critical Infrastructure - Mission Assurance</r2:Title>
                            <r2:Description>This program establishes an integrated and comprehensive approach to deliver vastly improved threat data and operational support to the DoD mission assurance enterprise.</r2:Description>
                            <r2:Accomplishment>
                                <r2:PriorYear>
                                    <r2:Funding>11.617</r2:Funding>
                                    <r2:Text>- Provide oversight and program management of the CIDAC (formerly Homeland Advanced Analytic Capability (HAAC)) program in coordination with the Office of the Under Secretary of Defense for Policy (OUSD(P)), the U.S. Navy, and the U.S. Air Force.
- Provide CIDAC products to facilitate DoD dependency analysis, vulnerability, and risk assessments.
- Develop innovative infrastructure network interdependency analysis while identifying and prioritizing threats and risks to DoD's critical infrastructure.</r2:Text>
                                </r2:PriorYear>
                            </r2:Accomplishment>
                            <r2:PlannedProgram>
                                <r2:CurrentYear>
                                    <r2:Funding>10.039</r2:Funding>
                                    <r2:Text>- Provide oversight and program management of the CIDAC program in coordination with the Office of the Under Secretary of Defense for Policy (OUSD(P)), the U.S. Navy, and the U.S. Air Force.
- Provide DoD products to facilitate DoD dependency analysis, vulnerability, and risk assessments.
- Development of an enterprise knowledge platform to perform “outside the wire” threat analysis (J2) and build and maintain the CIDAC’s Threats Information Technology Environment (J6) driving transformational threat analysis and advanced analytics for CIDAC.</r2:Text>
                                </r2:CurrentYear>
                                <r2:BudgetYearOne>
                                    <r2:Funding>14.841</r2:Funding>
                                </r2:BudgetYearOne>
                                <r2:BudgetYearOneBase>
                                    <r2:Funding>14.841</r2:Funding>
                                    <r2:Text>- Provide oversight and program management of the CIDAC program in coordination with the OUSD(P), the U.S. Navy, and the U.S. Air Force.
- Provide DoD products to facilitate DoD dependency analysis, vulnerability, and risk assessments.
- CIDAC delivers threat and vulnerabilities assessments derived from information from the Intelligence Community, interagency, state and local partners, law enforcement partners, homeland defense organizations and the commercial sector to inform the DoD strategic risk decision-making processes.</r2:Text>
                                </r2:BudgetYearOneBase>
                                <r2:AppChangeSummary>The increase from FY 2025 to FY 2026 is to support the growth of onsite assessment of DoD Dependencies.</r2:AppChangeSummary>
                            </r2:PlannedProgram>
                        </r2:AccomplishmentPlannedProgram>
                    </r2:AccomplishmentPlannedProgramList>
                </r2:R2aExhibit>
            </r2:Project>
        </r2:ProjectList>
    </r2:ProgramElement>
</r2:ProgramElementList>