<?xml version="1.0" encoding="UTF-8"?>
<r2:ProgramElementList xmlns:r2="http://www.dtic.mil/comptroller/xml/schema/022009/r2" targetSchemaVersion="1.0">
    <r2:ProgramElement monetaryUnit="Millions">
        <r2:ProgramElementNumber>0605502BR</r2:ProgramElementNumber>
        <r2:ProgramElementTitle>SMALL BUSINESS INNOVATION RESEARCH</r2:ProgramElementTitle>
        <r2:R1LineNumber>181</r2:R1LineNumber>
        <r2:BudgetYear>2026</r2:BudgetYear>
        <r2:BudgetCycle>PB</r2:BudgetCycle>
        <r2:SubmissionDate>2025-06</r2:SubmissionDate>
        <r2:ServiceAgencyName>Defense Threat Reduction Agency</r2:ServiceAgencyName>
        <r2:AppropriationCode>0400</r2:AppropriationCode>
        <r2:AppropriationName>Research, Development, Test &amp; Evaluation, Defense-Wide</r2:AppropriationName>
        <r2:BudgetActivityNumber>6</r2:BudgetActivityNumber>
        <r2:BudgetActivityTitle>RDT&amp;E Management Support</r2:BudgetActivityTitle>
        <r2:ProgramElementFunding>
            <r2:AllPriorYears>0.000</r2:AllPriorYears>
            <r2:PriorYear>17.801</r2:PriorYear>
            <r2:CurrentYear>0.000</r2:CurrentYear>
            <r2:BudgetYearOne>0.000</r2:BudgetYearOne>
            <r2:BudgetYearOneBase>0.000</r2:BudgetYearOneBase>
            <r2:BudgetYearOneOOC>0.000</r2:BudgetYearOneOOC>
        </r2:ProgramElementFunding>
        <r2:ProgramElementMissionDescription>The Small Business Innovation Research (SBIR) and the Small Business Technology Transfer (STTR) programs provide the means for stimulating technological innovation in the private sector, strengthens the role of small business in meeting the Department of Defense (DoD) research and development needs; fosters and encourages participation of minority and disadvantaged businesses in technological innovation; and increases the commercial application of the DoD supported research and development results. These efforts are responsive to Public Law 106-554 and the SBIR and STTR Extension Act of 2022 (Public Law 117-183).</r2:ProgramElementMissionDescription>
        <r2:ChangeSummary>
            <r2:PreviousPresidentBudget>
                <r2:PriorYear>0.000</r2:PriorYear>
                <r2:CurrentYear>0.000</r2:CurrentYear>
                <r2:BudgetYearOne>0.000</r2:BudgetYearOne>
                <r2:BudgetYearOneBase>0.000</r2:BudgetYearOneBase>
            </r2:PreviousPresidentBudget>
            <r2:CurrentPresidentBudget>
                <r2:PriorYear>17.801</r2:PriorYear>
                <r2:CurrentYear>0.000</r2:CurrentYear>
                <r2:BudgetYearOne>0.000</r2:BudgetYearOne>
                <r2:BudgetYearOneBase>0.000</r2:BudgetYearOneBase>
            </r2:CurrentPresidentBudget>
            <r2:TotalAdjustments>
                <r2:PriorYear>17.801</r2:PriorYear>
                <r2:CurrentYear>0.000</r2:CurrentYear>
                <r2:BudgetYearOne>0.000</r2:BudgetYearOne>
                <r2:BudgetYearOneBase>0.000</r2:BudgetYearOneBase>
                <r2:BudgetYearOneOOC>0.000</r2:BudgetYearOneOOC>
            </r2:TotalAdjustments>
            <r2:AdjustmentDetails>
                <r2:CongressionalGeneralReductions>
                    <r2:PriorYear>0.000</r2:PriorYear>
                    <r2:CurrentYear>0.000</r2:CurrentYear>
                </r2:CongressionalGeneralReductions>
                <r2:CongressionalDirectedReductions>
                    <r2:PriorYear>0.000</r2:PriorYear>
                    <r2:CurrentYear>0.000</r2:CurrentYear>
                </r2:CongressionalDirectedReductions>
                <r2:CongressionalRescissions>
                    <r2:PriorYear>0.000</r2:PriorYear>
                    <r2:CurrentYear>0.000</r2:CurrentYear>
                </r2:CongressionalRescissions>
                <r2:CongressionalAdds>
                    <r2:PriorYear>0.000</r2:PriorYear>
                    <r2:CurrentYear>0.000</r2:CurrentYear>
                </r2:CongressionalAdds>
                <r2:CongressionalDirectedTransfers>
                    <r2:PriorYear>0.000</r2:PriorYear>
                    <r2:CurrentYear>0.000</r2:CurrentYear>
                </r2:CongressionalDirectedTransfers>
                <r2:Reprogrammings>
                    <r2:PriorYear>0.000</r2:PriorYear>
                    <r2:CurrentYear>0.000</r2:CurrentYear>
                </r2:Reprogrammings>
                <r2:SBIRSTTRTransfer>
                    <r2:PriorYear>17.801</r2:PriorYear>
                    <r2:CurrentYear>0.000</r2:CurrentYear>
                </r2:SBIRSTTRTransfer>
            </r2:AdjustmentDetails>
            <r2:SummaryExplanation>Funding for the SBIR program is consolidated in this program element during the year of execution.</r2:SummaryExplanation>
        </r2:ChangeSummary>
        <r2:ProjectList>
            <r2:Project>
                <r2:ProjectNumber>RA</r2:ProjectNumber>
                <r2:ProjectTitle>CWMD CROSS-CUTTING TECHNICAL AND INFORMATION SCIENCES</r2:ProjectTitle>
                <r2:SpecialProject>0</r2:SpecialProject>
                <r2:ProjectFunding>
                    <r2:AllPriorYears>0.000</r2:AllPriorYears>
                    <r2:PriorYear>17.801</r2:PriorYear>
                    <r2:CurrentYear>0.000</r2:CurrentYear>
                    <r2:BudgetYearOne>0.000</r2:BudgetYearOne>
                    <r2:BudgetYearOneBase>0.000</r2:BudgetYearOneBase>
                </r2:ProjectFunding>
                <r2:R2aExhibit>
                    <r2:ProjectMissionDescription>This project provides the means for stimulating technological innovation in the private sector; strengthens the role of small business in meeting the DoD research and development needs; fosters and encourages participation of minority and disadvantaged businesses in technological innovation; and increases the commercial application of the DoD supported research and development results. These efforts are responsive to Public Law 106-554.</r2:ProjectMissionDescription>
                    <r2:AccomplishmentPlannedProgramList>
                        <r2:AccomplishmentPlannedProgram>
                            <r2:Title>RA: CWMD CROSS-CUTTING TECHNICAL AND INFORMATION SCIENCES</r2:Title>
                            <r2:Accomplishment>
                                <r2:PriorYear>
                                    <r2:Funding>17.801</r2:Funding>
                                    <r2:Text>Counter Weapons of Mass Destruction (CWMD) ($17.380M).
- The radiation dose advisor project will develop a simple electronic application that is able to run on a handheld electronic device in conjunction take real time radiation sensor data (to include
the dose rate and accumulated dose), any optional user input such as any dose restrictions for the responders, and then rapidly run calculations to compare against a set of safety guidelines to
then display a recommended stay time limits in the area and display any applicable health warnings based on the dose accumulated.
- A pedigree reconstruction for identifying terrorist networks project will be developed a new software platform for pedigree reconstruction that can use DNA profiles from challenging
forensic samples to establish familial relationships between individuals and within groups of interest. This included a graphical user interface to provide statistically relevant interpretation of
results. This would allow agencies such as intelligence, law enforcement and defense to generate connections among individuals from DNA.
- The project to develop use of diagnostics of transient electric fields will advance the state of the art of using transient electric field measurements as a test diagnostics tool, specifically for
conventional explosive tests. This includes developing a better understanding of the generation of electric and electromagnetic phenomena from high explosive tests. This also includes
determining what the measured signal content represents and the best method to conduct these measurements.
- The Nuclear Scintillation Mitigation by Matched Channel Filtering project will develop a new method to mitigate digital communications message errors resulting from communication over
nuclear-disturbed RF propagation channels. Such errors can occur on SATCOM links which must pass through magneto-ionic media generated by nuclear weapons detonation in the high
atmosphere. This new method defines a “Matched Channel Filter” (MCF)—matched to the then current scintillated communication channel filter function which offers mitigation of communication message errors.
- The Radiation-Resistant and Temperature-Insensitive Solid State Photomultipliers project will develop silicon-based photomultipliers that are radiation resistant and insensitive to variations in
environmental temperature, suitable to be used in equipment for warfighting missions under nuclear battlefield environments. The new Silicon-based Photomultiplier (SiPM) provides orders
of magnitude higher radiation tolerance for both below and above the breakdown voltage over the commercial state-of-the-art SiPMs. The new SiPM demonstrates orders of magnitude
reduction in gain sensitivity to the environmental temperature and allows gamma-ray isotope identification without external temperature compensation.
- Field Detection of Trace Elements and Chemicals project will develop a capability to collect and provide immediate analysis of trace radiological/nuclear samples of concern in field
environments. The developed prototype device will demonstrate reliable gamma-ray (and/or neutron) detection and identification under both low dose rate and fallout conditions. Selected
scintillation materials will be optimized for detector use. The detectors will demonstrate improved radioisotope identification capabilities.</r2:Text>
                                </r2:PriorYear>
                            </r2:Accomplishment>
                            <r2:PlannedProgram>
                                <r2:CurrentYear>
                                    <r2:Funding>0.000</r2:Funding>
                                    <r2:Text>Once SBIR/STTR funds are reprogrammed in the Year of Execution, DTRA plans on accomplishing the following:

- Develop technologies that demonstrate capabilities to detect, identify, and differentiate high performance concrete and ultra-high performance concrete; research advancements in ultrasonic pulse velocity, pulsed fiber lasers, laser induced plasma shockwave generation, acoustic technologies, laser-based ultrasonic testing, laser scanning technologies (ex. LiDAR), and laser-induced breakdown spectroscopy. 
- Develop computational modeling tools to reconstruct heavy weapon repeated firing events in combat scenarios and to quantify blast exposure and risk injury scores to service members; enable accurate prediction of the blast dose from a single exposure and the cumulative blast dose from repeated exposures encountered during prolonged firing in combat operations
- Develop and demonstrate a fast-running approach, tool, or methodology for determining the necessary laser and tamper parameters to achieve a desired impulse on a material or 3D structure of interest.
- Develop Nuclear Plume Advisory Algorithm to demonstrate on simulated scenes for use in satellite products.
- Develop synthetic and game environments for information resilience training and exercises to understand and mitigate Foreign Malign Influence.
- Research technologies to enable the real-time streaming of radiation sensor data in subsea (underwater) environments.
- Research and develop applications of nanoelectromechanical systems towards the development of an ultracompact handheld-sized airborne alpha contamination monitoring system.
- Develop non-cryogenic, spectroscopic radiation imaging technologies capable of imaging high-energy gamma radiation resulting from the neutron interrogation of a chemical munition and the ability to correctly identify the atomic composition of the target, including any casing materials.
- Develop ultra-compact, high-voltage, high energy density, capacitors, and related advanced dielectric materials to support the development of advanced portable x-ray radiographic imaging systems.
- Develop technologies that can automatically extract and analyze classification markings from historical nuclear testing documents; streamline the manual classification review process by leveraging machine learning models to identify existing classifications, extract document topics and sensitive information, and present the results in a structured format for expert review.</r2:Text>
                                </r2:CurrentYear>
                                <r2:BudgetYearOne>
                                    <r2:Funding>0.000</r2:Funding>
                                </r2:BudgetYearOne>
                                <r2:BudgetYearOneBase>
                                    <r2:Funding>0.000</r2:Funding>
                                    <r2:Text>FY 2026 plans for SBIR and STTR activities are dependent on outcomes of work completed during FY 2025 efforts currently in progress.  Exact plans for FY 2026 will be developed during the 3rd and 4th quarters of FY 2025. Funding for FY 2026 SBIR/STTR efforts is expected to be approximately $15M.</r2:Text>
                                </r2:BudgetYearOneBase>
                            </r2:PlannedProgram>
                        </r2:AccomplishmentPlannedProgram>
                    </r2:AccomplishmentPlannedProgramList>
                    <r2:OtherProgramFundingSummaryList>
                        <r2:OtherProgramFundingSummary>
                            <r2:LineItem>0604551BR/RA</r2:LineItem>
                            <r2:Title>CATAPULT INFORMATION SYSTEM</r2:Title>
                            <r2:Funding>
                                <r2:PriorYear>8.117</r2:PriorYear>
                                <r2:CurrentYear>7.475</r2:CurrentYear>
                                <r2:BudgetYearOne>4.161</r2:BudgetYearOne>
                                <r2:BudgetYearOneBase>4.161</r2:BudgetYearOneBase>
                            </r2:Funding>
                        </r2:OtherProgramFundingSummary>
                        <r2:OtherProgramFundingSummary>
                            <r2:LineItem>0602718BR/RA</r2:LineItem>
                            <r2:Title>COUNTER WEAPONS OF MASS DESTRUCTION APPLIED RESEARCH</r2:Title>
                            <r2:Funding>
                                <r2:PriorYear>38.239</r2:PriorYear>
                                <r2:CurrentYear>17.202</r2:CurrentYear>
                                <r2:BudgetYearOne>16.672</r2:BudgetYearOne>
                                <r2:BudgetYearOneBase>16.672</r2:BudgetYearOneBase>
                            </r2:Funding>
                        </r2:OtherProgramFundingSummary>
                        <r2:OtherProgramFundingSummary>
                            <r2:LineItem>0603160BR/RA</r2:LineItem>
                            <r2:Title>COUNTER WEAPONS OF MASS DESTRUCTION ADVANCED TECHNOLOGY DEVELOPMENT</r2:Title>
                            <r2:Funding>
                                <r2:PriorYear>75.766</r2:PriorYear>
                                <r2:CurrentYear>74.806</r2:CurrentYear>
                                <r2:BudgetYearOne>63.598</r2:BudgetYearOne>
                                <r2:BudgetYearOneBase>63.598</r2:BudgetYearOneBase>
                            </r2:Funding>
                        </r2:OtherProgramFundingSummary>
                    </r2:OtherProgramFundingSummaryList>
                </r2:R2aExhibit>
            </r2:Project>
        </r2:ProjectList>
    </r2:ProgramElement>
</r2:ProgramElementList>