<?xml version="1.0" encoding="UTF-8"?>
<proc:LineItemList xmlns:proc="http://www.dtic.mil/comptroller/xml/schema/20100219/procurement">
    <proc:LineItem quantityUnits="Each" unitCostUnits="Thousands" totalCostUnits="Millions" manufacturerRateUnits="Yearly" suppressOutfittingDeliveryBY2ToBY5="true">
        <proc:LineItemNumber>0164</proc:LineItemNumber>
        <proc:LineItemTitle>V-22 (Medium Lift)</proc:LineItemTitle>
        <proc:P1LineNumber>10</proc:P1LineNumber>
        <proc:BudgetYear>2026</proc:BudgetYear>
        <proc:BudgetCycle>PB</proc:BudgetCycle>
        <proc:SubmissionDate>2025-06</proc:SubmissionDate>
        <proc:ServiceAgencyName>Navy</proc:ServiceAgencyName>
        <proc:AppropriationNumber>1506N</proc:AppropriationNumber>
        <proc:AppropriationTitle>Aircraft Procurement, Navy</proc:AppropriationTitle>
        <proc:BudgetActivityNumber>1</proc:BudgetActivityNumber>
        <proc:BudgetActivityTitle>Combat Aircraft</proc:BudgetActivityTitle>
        <proc:BudgetSubActivityNumber>1</proc:BudgetSubActivityNumber>
        <proc:BudgetSubActivityTitle>Combat Aircraft</proc:BudgetSubActivityTitle>
        <proc:ResourceSummary>
            <proc:Quantity>
                <proc:AllPriorYears>408</proc:AllPriorYears>
                <proc:PriorYear>5</proc:PriorYear>
            </proc:Quantity>
            <proc:TotalCost>
                <proc:AllPriorYears>35146.407</proc:AllPriorYears>
                <proc:PriorYear>694.916</proc:PriorYear>
                <proc:CurrentYear>30.175</proc:CurrentYear>
                <proc:BudgetYearOneBase>47.196</proc:BudgetYearOneBase>
                <proc:BudgetYearOneOOC>0</proc:BudgetYearOneOOC>
                <proc:BudgetYearOne>47.196</proc:BudgetYearOne>
            </proc:TotalCost>
            <proc:NetProcurementP1>
                <proc:AllPriorYears>35146.407</proc:AllPriorYears>
                <proc:PriorYear>694.916</proc:PriorYear>
                <proc:CurrentYear>30.175</proc:CurrentYear>
                <proc:BudgetYearOneBase>47.196</proc:BudgetYearOneBase>
                <proc:BudgetYearOneOOC>0</proc:BudgetYearOneOOC>
                <proc:BudgetYearOne>47.196</proc:BudgetYearOne>
            </proc:NetProcurementP1>
            <proc:TotalObligationAuthority>
                <proc:AllPriorYears>35146.407</proc:AllPriorYears>
                <proc:PriorYear>694.916</proc:PriorYear>
                <proc:CurrentYear>30.175</proc:CurrentYear>
                <proc:BudgetYearOneBase>47.196</proc:BudgetYearOneBase>
                <proc:BudgetYearOneOOC>0</proc:BudgetYearOneOOC>
                <proc:BudgetYearOne>47.196</proc:BudgetYearOne>
            </proc:TotalObligationAuthority>
            <proc:InitialSpares>
                <proc:PriorYear>15.076</proc:PriorYear>
                <proc:CurrentYear>0.016</proc:CurrentYear>
                <proc:BudgetYearOneBase>6.85</proc:BudgetYearOneBase>
                <proc:BudgetYearOne>6.85</proc:BudgetYearOne>
            </proc:InitialSpares>
            <proc:FlyawayUnitCost>
                <proc:AllPriorYears>75328.049</proc:AllPriorYears>
                <proc:PriorYear>137719</proc:PriorYear>
            </proc:FlyawayUnitCost>
        </proc:ResourceSummary>
        <proc:Code>A</proc:Code>
        <proc:Description>The V-22 is a tilt-rotor vertical takeoff and landing aircraft currently being produced for joint service application.  The program provides an aircraft to meet the amphibious/vertical assault needs of the United States Marine Corps (USMC), the Carrier Onboard Delivery (COD) needs of the United States Navy (USN), and supplements United States Special Operations Command (USSOCOM) special mission aircraft.  The aircraft is capable of flying 2,100 miles with one refueling, and gives the Services the advantage of a Vertical/Short Takeoff and Landing (V/STOL) aircraft that can rapidly self-deploy to any location in the world.

The current procurement objective is 464: 360 MV-22 USMC aircraft, 48 CMV-22 USN aircraft, and 56 CV-22 aircraft for USSOCOM (funded by USSOCOM and the United States Air Force). The MV-22 program successfully completed Milestone III in the 1st Quarter of 2006, and Initial Operational Capability (IOC) in March of 2007. The CMV-22 program successfully completed IOC December of 2021.

The USMC Program of Record (POR) for MV-22 aircraft quantities remains 360. The USN POR for CMV-22 aircraft quantities remains 48. FY24 authorized for five CMV-22 USN aircraft above the program of record.</proc:Description>
        <proc:Justification>FY 2026 budget request for V-22 Production Line Shutdown for V-22 to include material, tooling, and special test equipment disposition, technical data procurements or disposition, production support, and storage requirements.

The FY 2026 request was reduced by $2.142 million for Advisory and Assistance Services to promote efficiencies and advance the policies of the Administration in alignment with Executive Order 14222, "Implementing the President's Department of Government Efficiency Cost Efficiency Initiative."

The FY 2026 request was reduced by $0.501 million for civilian personnel to optimize the workforce in compliance with Executive Order 14210, "Implementing the President's Department of Government Efficiency Workforce Optimization Initiative."</proc:Justification>
        <proc:MDAPCode>212</proc:MDAPCode>
        <proc:ItemExhibitList>
            <proc:P5Item>
                <proc:Name>0164 MV-22</proc:Name>
                <proc:ItemNumber>1</proc:ItemNumber>
                <proc:ResourceSummary>
                    <proc:Quantity>
                        <proc:AllPriorYears>360</proc:AllPriorYears>
                    </proc:Quantity>
                    <proc:TotalCost>
                        <proc:AllPriorYears>30610.967</proc:AllPriorYears>
                        <proc:PriorYear>19.166</proc:PriorYear>
                        <proc:CurrentYear>30.175</proc:CurrentYear>
                        <proc:BudgetYearOneBase>47.196</proc:BudgetYearOneBase>
                        <proc:BudgetYearOneOOC>0</proc:BudgetYearOneOOC>
                        <proc:BudgetYearOne>47.196</proc:BudgetYearOne>
                    </proc:TotalCost>
                    <proc:UnitCost>
                        <proc:AllPriorYears>85030.464</proc:AllPriorYears>
                    </proc:UnitCost>
                    <proc:PYAdvanceProcurement>
                        <proc:AllPriorYears>1603.412</proc:AllPriorYears>
                    </proc:PYAdvanceProcurement>
                    <proc:NetProcurementP1>
                        <proc:AllPriorYears>30610.967</proc:AllPriorYears>
                        <proc:PriorYear>19.166</proc:PriorYear>
                        <proc:CurrentYear>30.175</proc:CurrentYear>
                        <proc:BudgetYearOneBase>47.196</proc:BudgetYearOneBase>
                        <proc:BudgetYearOneOOC>0</proc:BudgetYearOneOOC>
                        <proc:BudgetYearOne>47.196</proc:BudgetYearOne>
                    </proc:NetProcurementP1>
                    <proc:CYAdvanceProcurement>
                        <proc:AllPriorYears>1603.412</proc:AllPriorYears>
                    </proc:CYAdvanceProcurement>
                    <proc:TotalObligationAuthority>
                        <proc:AllPriorYears>30610.967</proc:AllPriorYears>
                        <proc:PriorYear>19.166</proc:PriorYear>
                        <proc:CurrentYear>30.175</proc:CurrentYear>
                        <proc:BudgetYearOneBase>47.196</proc:BudgetYearOneBase>
                        <proc:BudgetYearOneOOC>0</proc:BudgetYearOneOOC>
                        <proc:BudgetYearOne>47.196</proc:BudgetYearOne>
                    </proc:TotalObligationAuthority>
                </proc:ResourceSummary>
                <proc:CostElementCategoryList>
                    <proc:Flyaway>
                        <proc:Recurring>
                            <proc:CostElementList>
                                <proc:CostElement>
                                    <proc:Name>1.1.1) Airframe/CFE</proc:Name>
                                    <proc:Cost>
                                        <proc:Quantity>
                                            <proc:AllPriorYears>360</proc:AllPriorYears>
                                        </proc:Quantity>
                                        <proc:TotalCost>
                                            <proc:AllPriorYears>23341.605</proc:AllPriorYears>
                                            <proc:PriorYear>0</proc:PriorYear>
                                            <proc:CurrentYear>0</proc:CurrentYear>
                                            <proc:BudgetYearOneBase>0</proc:BudgetYearOneBase>
                                            <proc:BudgetYearOneOOC>0</proc:BudgetYearOneOOC>
                                            <proc:BudgetYearOne>0</proc:BudgetYearOne>
                                        </proc:TotalCost>
                                        <proc:UnitCost>
                                            <proc:AllPriorYears>64837.792</proc:AllPriorYears>
                                        </proc:UnitCost>
                                    </proc:Cost>
                                    <proc:AllPriorYearsDeliveries>351</proc:AllPriorYearsDeliveries>
                                    <proc:ManufacturerList>
                                        <proc:Manufacturer>
                                            <proc:Name>Bell Boeing</proc:Name>
                                            <proc:Location>Amarillo, TX</proc:Location>
                                            <proc:MinimumSustainingRate>6</proc:MinimumSustainingRate>
                                            <proc:MaximumProductionRate>44</proc:MaximumProductionRate>
                                            <proc:Rate185>10</proc:Rate185>
                                            <proc:InitialQuantity>
                                                <proc:AdminLeadTimeBeforeOct1InMonths>19</proc:AdminLeadTimeBeforeOct1InMonths>
                                                <proc:AdminLeadTimeAfterOct1InMonths>3</proc:AdminLeadTimeAfterOct1InMonths>
                                                <proc:ProductionLeadTimeAfterOct1InMonths>24</proc:ProductionLeadTimeAfterOct1InMonths>
                                                <proc:TotalLeadTimeAfterOct1InMonths>27</proc:TotalLeadTimeAfterOct1InMonths>
                                            </proc:InitialQuantity>
                                            <proc:ReorderQuantity>
                                                <proc:AdminLeadTimeBeforeOct1InMonths>0</proc:AdminLeadTimeBeforeOct1InMonths>
                                                <proc:AdminLeadTimeAfterOct1InMonths>2</proc:AdminLeadTimeAfterOct1InMonths>
                                                <proc:ProductionLeadTimeAfterOct1InMonths>24</proc:ProductionLeadTimeAfterOct1InMonths>
                                                <proc:TotalLeadTimeAfterOct1InMonths>26</proc:TotalLeadTimeAfterOct1InMonths>
                                            </proc:ReorderQuantity>
                                            <proc:HistoryPlanningList>
                                                <proc:HistoryPlanning>
                                                    <proc:FiscalYear>2022</proc:FiscalYear>
                                                    <proc:PCOLocation>NAVAIR</proc:PCOLocation>
                                                    <proc:AwardDate>2021-12</proc:AwardDate>
                                                    <proc:FirstDeliveryDate>2024-05</proc:FirstDeliveryDate>
                                                    <proc:Quantity>9</proc:Quantity>
                                                    <proc:UnitCost>76006.195</proc:UnitCost>
                                                    <proc:SpecsAvailableNow>true</proc:SpecsAvailableNow>
                                                    <proc:RFPIssueDate>2016-03</proc:RFPIssueDate>
                                                    <proc:ContractMethod>SS</proc:ContractMethod>
                                                    <proc:ContractType>FPIF</proc:ContractType>
                                                    <proc:MonthlyDeliveryScheduleList>
                                                        <proc:MonthlyDeliverySchedule>
                                                            <proc:ServiceAgencyName>Navy</proc:ServiceAgencyName>
                                                            <proc:ProcQuantity footnote="FY 2022 Congressional Add MV-22 aircraft procured will deliver with Lot 26.">9</proc:ProcQuantity>
                                                            <proc:MonthlyDeliveryList>
                                                                <proc:MonthlyDelivery>
                                                                    <proc:Month>2024-05</proc:Month>
                                                                    <proc:Amount>2</proc:Amount>
                                                                </proc:MonthlyDelivery>
                                                                <proc:MonthlyDelivery>
                                                                    <proc:Month>2024-06</proc:Month>
                                                                    <proc:Amount>2</proc:Amount>
                                                                </proc:MonthlyDelivery>
                                                                <proc:MonthlyDelivery>
                                                                    <proc:Month>2024-07</proc:Month>
                                                                    <proc:Amount>1</proc:Amount>
                                                                </proc:MonthlyDelivery>
                                                                <proc:MonthlyDelivery>
                                                                    <proc:Month>2025-10</proc:Month>
                                                                    <proc:Amount>1</proc:Amount>
                                                                </proc:MonthlyDelivery>
                                                                <proc:MonthlyDelivery>
                                                                    <proc:Month>2026-01</proc:Month>
                                                                    <proc:Amount>1</proc:Amount>
                                                                </proc:MonthlyDelivery>
                                                                <proc:MonthlyDelivery>
                                                                    <proc:Month>2026-03</proc:Month>
                                                                    <proc:Amount>1</proc:Amount>
                                                                </proc:MonthlyDelivery>
                                                                <proc:MonthlyDelivery>
                                                                    <proc:Month>2026-04</proc:Month>
                                                                    <proc:Amount>1</proc:Amount>
                                                                </proc:MonthlyDelivery>
                                                            </proc:MonthlyDeliveryList>
                                                        </proc:MonthlyDeliverySchedule>
                                                    </proc:MonthlyDeliveryScheduleList>
                                                </proc:HistoryPlanning>
                                            </proc:HistoryPlanningList>
                                        </proc:Manufacturer>
                                    </proc:ManufacturerList>
                                </proc:CostElement>
                                <proc:CostElement>
                                    <proc:Name>1.1.2) GFE Electronics</proc:Name>
                                    <proc:Cost>
                                        <proc:TotalCost>
                                            <proc:AllPriorYears>325.406</proc:AllPriorYears>
                                            <proc:PriorYear>0</proc:PriorYear>
                                            <proc:CurrentYear>0</proc:CurrentYear>
                                            <proc:BudgetYearOneBase>0</proc:BudgetYearOneBase>
                                            <proc:BudgetYearOneOOC>0</proc:BudgetYearOneOOC>
                                            <proc:BudgetYearOne>0</proc:BudgetYearOne>
                                        </proc:TotalCost>
                                    </proc:Cost>
                                </proc:CostElement>
                                <proc:CostElement>
                                    <proc:Name>1.1.3) Engines/Eng Acc</proc:Name>
                                    <proc:Cost>
                                        <proc:Quantity>
                                            <proc:AllPriorYears>720</proc:AllPriorYears>
                                        </proc:Quantity>
                                        <proc:TotalCost>
                                            <proc:AllPriorYears>1520.802</proc:AllPriorYears>
                                            <proc:PriorYear>0</proc:PriorYear>
                                            <proc:CurrentYear>0</proc:CurrentYear>
                                            <proc:BudgetYearOneBase>0</proc:BudgetYearOneBase>
                                            <proc:BudgetYearOneOOC>0</proc:BudgetYearOneOOC>
                                            <proc:BudgetYearOne>0</proc:BudgetYearOne>
                                        </proc:TotalCost>
                                        <proc:UnitCost>
                                            <proc:AllPriorYears>2112.225</proc:AllPriorYears>
                                        </proc:UnitCost>
                                    </proc:Cost>
                                    <proc:AllPriorYearsDeliveries>702</proc:AllPriorYearsDeliveries>
                                    <proc:ManufacturerList>
                                        <proc:Manufacturer>
                                            <proc:Name>Allison Engine Co. (Rolls Royce)</proc:Name>
                                            <proc:Location>Indianapolis, IN</proc:Location>
                                            <proc:MinimumSustainingRate>0</proc:MinimumSustainingRate>
                                            <proc:MaximumProductionRate>88</proc:MaximumProductionRate>
                                            <proc:Rate185>0</proc:Rate185>
                                            <proc:InitialQuantity>
                                                <proc:AdminLeadTimeBeforeOct1InMonths>9</proc:AdminLeadTimeBeforeOct1InMonths>
                                                <proc:AdminLeadTimeAfterOct1InMonths>3</proc:AdminLeadTimeAfterOct1InMonths>
                                                <proc:ProductionLeadTimeAfterOct1InMonths>14</proc:ProductionLeadTimeAfterOct1InMonths>
                                                <proc:TotalLeadTimeAfterOct1InMonths>17</proc:TotalLeadTimeAfterOct1InMonths>
                                            </proc:InitialQuantity>
                                            <proc:ReorderQuantity>
                                                <proc:AdminLeadTimeBeforeOct1InMonths>3</proc:AdminLeadTimeBeforeOct1InMonths>
                                                <proc:AdminLeadTimeAfterOct1InMonths>3</proc:AdminLeadTimeAfterOct1InMonths>
                                                <proc:ProductionLeadTimeAfterOct1InMonths>14</proc:ProductionLeadTimeAfterOct1InMonths>
                                                <proc:TotalLeadTimeAfterOct1InMonths>17</proc:TotalLeadTimeAfterOct1InMonths>
                                            </proc:ReorderQuantity>
                                            <proc:HistoryPlanningList>
                                                <proc:HistoryPlanning>
                                                    <proc:FiscalYear>2022</proc:FiscalYear>
                                                    <proc:PCOLocation>NAVAIR</proc:PCOLocation>
                                                    <proc:AwardDate>2022-01</proc:AwardDate>
                                                    <proc:FirstDeliveryDate>2023-03</proc:FirstDeliveryDate>
                                                    <proc:Quantity>18</proc:Quantity>
                                                    <proc:UnitCost>2553.976</proc:UnitCost>
                                                    <proc:SpecsAvailableNow>true</proc:SpecsAvailableNow>
                                                    <proc:RFPIssueDate>2016-04</proc:RFPIssueDate>
                                                    <proc:ContractMethod>SS</proc:ContractMethod>
                                                    <proc:ContractType>FFP</proc:ContractType>
                                                    <proc:MonthlyDeliveryScheduleList>
                                                        <proc:MonthlyDeliverySchedule>
                                                            <proc:ServiceAgencyName>Navy</proc:ServiceAgencyName>
                                                            <proc:ProcQuantity>18</proc:ProcQuantity>
                                                            <proc:MonthlyDeliveryList>
                                                                <proc:MonthlyDelivery>
                                                                    <proc:Month>2023-03</proc:Month>
                                                                    <proc:Amount>2</proc:Amount>
                                                                </proc:MonthlyDelivery>
                                                                <proc:MonthlyDelivery>
                                                                    <proc:Month>2023-05</proc:Month>
                                                                    <proc:Amount>2</proc:Amount>
                                                                </proc:MonthlyDelivery>
                                                                <proc:MonthlyDelivery>
                                                                    <proc:Month>2023-08</proc:Month>
                                                                    <proc:Amount>2</proc:Amount>
                                                                </proc:MonthlyDelivery>
                                                                <proc:MonthlyDelivery>
                                                                    <proc:Month>2023-10</proc:Month>
                                                                    <proc:Amount>2</proc:Amount>
                                                                </proc:MonthlyDelivery>
                                                                <proc:MonthlyDelivery>
                                                                    <proc:Month>2023-12</proc:Month>
                                                                    <proc:Amount>2</proc:Amount>
                                                                </proc:MonthlyDelivery>
                                                                <proc:MonthlyDelivery>
                                                                    <proc:Month>2024-02</proc:Month>
                                                                    <proc:Amount>2</proc:Amount>
                                                                </proc:MonthlyDelivery>
                                                                <proc:MonthlyDelivery>
                                                                    <proc:Month>2024-04</proc:Month>
                                                                    <proc:Amount>2</proc:Amount>
                                                                </proc:MonthlyDelivery>
                                                                <proc:MonthlyDelivery>
                                                                    <proc:Month>2024-06</proc:Month>
                                                                    <proc:Amount>2</proc:Amount>
                                                                </proc:MonthlyDelivery>
                                                                <proc:MonthlyDelivery>
                                                                    <proc:Month>2024-08</proc:Month>
                                                                    <proc:Amount>2</proc:Amount>
                                                                </proc:MonthlyDelivery>
                                                            </proc:MonthlyDeliveryList>
                                                        </proc:MonthlyDeliverySchedule>
                                                    </proc:MonthlyDeliveryScheduleList>
                                                </proc:HistoryPlanning>
                                            </proc:HistoryPlanningList>
                                        </proc:Manufacturer>
                                    </proc:ManufacturerList>
                                </proc:CostElement>
                                <proc:CostElement>
                                    <proc:Name>1.1.4) Other GFE</proc:Name>
                                    <proc:Cost>
                                        <proc:TotalCost>
                                            <proc:AllPriorYears>70.923</proc:AllPriorYears>
                                            <proc:PriorYear>0</proc:PriorYear>
                                            <proc:CurrentYear>0</proc:CurrentYear>
                                            <proc:BudgetYearOneBase>0</proc:BudgetYearOneBase>
                                            <proc:BudgetYearOneOOC>0</proc:BudgetYearOneOOC>
                                            <proc:BudgetYearOne>0</proc:BudgetYearOne>
                                        </proc:TotalCost>
                                    </proc:Cost>
                                </proc:CostElement>
                                <proc:CostElement>
                                    <proc:Name>1.1.5) Recurring Flyaway ECO</proc:Name>
                                    <proc:Cost>
                                        <proc:TotalCost>
                                            <proc:AllPriorYears>164.403</proc:AllPriorYears>
                                            <proc:PriorYear>0</proc:PriorYear>
                                            <proc:CurrentYear>0</proc:CurrentYear>
                                            <proc:BudgetYearOneBase>0</proc:BudgetYearOneBase>
                                            <proc:BudgetYearOneOOC>0</proc:BudgetYearOneOOC>
                                            <proc:BudgetYearOne>0</proc:BudgetYearOne>
                                        </proc:TotalCost>
                                    </proc:Cost>
                                </proc:CostElement>
                            </proc:CostElementList>
                            <proc:CategorySubtotal>
                                <proc:TotalCost>
                                    <proc:AllPriorYears>25423.139</proc:AllPriorYears>
                                    <proc:PriorYear>0</proc:PriorYear>
                                    <proc:CurrentYear>0</proc:CurrentYear>
                                    <proc:BudgetYearOneBase>0</proc:BudgetYearOneBase>
                                    <proc:BudgetYearOneOOC>0</proc:BudgetYearOneOOC>
                                    <proc:BudgetYearOne>0</proc:BudgetYearOne>
                                </proc:TotalCost>
                            </proc:CategorySubtotal>
                        </proc:Recurring>
                        <proc:NonRecurring>
                            <proc:CostElementList>
                                <proc:CostElement>
                                    <proc:Name>1.2.1) Non-Recurring Cost</proc:Name>
                                    <proc:Cost>
                                        <proc:TotalCost>
                                            <proc:AllPriorYears>873.315</proc:AllPriorYears>
                                            <proc:PriorYear>0</proc:PriorYear>
                                            <proc:CurrentYear>0</proc:CurrentYear>
                                            <proc:BudgetYearOneBase>0</proc:BudgetYearOneBase>
                                            <proc:BudgetYearOneOOC>0</proc:BudgetYearOneOOC>
                                            <proc:BudgetYearOne>0</proc:BudgetYearOne>
                                        </proc:TotalCost>
                                    </proc:Cost>
                                </proc:CostElement>
                                <proc:CostElement>
                                    <proc:Name footnote="Production Line Shutdown (PLS): Production Line Shutdown for MV-22 includes material, tooling, and special test equipment disposition, technical data procurements or disposition, and transportation for long-term storage.">1.2.2) Production Line Shutdown</proc:Name>
                                    <proc:Cost>
                                        <proc:TotalCost>
                                            <proc:AllPriorYears>0</proc:AllPriorYears>
                                            <proc:PriorYear>18.095</proc:PriorYear>
                                            <proc:CurrentYear>26.939</proc:CurrentYear>
                                            <proc:BudgetYearOneBase>45.758</proc:BudgetYearOneBase>
                                            <proc:BudgetYearOneOOC>0</proc:BudgetYearOneOOC>
                                            <proc:BudgetYearOne>45.758</proc:BudgetYearOne>
                                        </proc:TotalCost>
                                    </proc:Cost>
                                </proc:CostElement>
                                <proc:CostElement>
                                    <proc:Name>1.2.3) Ancillary Equipment</proc:Name>
                                    <proc:Cost>
                                        <proc:TotalCost>
                                            <proc:AllPriorYears>156.824</proc:AllPriorYears>
                                            <proc:PriorYear>0</proc:PriorYear>
                                            <proc:CurrentYear>0</proc:CurrentYear>
                                            <proc:BudgetYearOneBase>0</proc:BudgetYearOneBase>
                                            <proc:BudgetYearOneOOC>0</proc:BudgetYearOneOOC>
                                            <proc:BudgetYearOne>0</proc:BudgetYearOne>
                                        </proc:TotalCost>
                                    </proc:Cost>
                                </proc:CostElement>
                                <proc:CostElement>
                                    <proc:Name>1.2.4) Other</proc:Name>
                                    <proc:Cost>
                                        <proc:TotalCost>
                                            <proc:AllPriorYears>293.844</proc:AllPriorYears>
                                            <proc:PriorYear>0</proc:PriorYear>
                                            <proc:CurrentYear>0</proc:CurrentYear>
                                            <proc:BudgetYearOneBase>0</proc:BudgetYearOneBase>
                                            <proc:BudgetYearOneOOC>0</proc:BudgetYearOneOOC>
                                            <proc:BudgetYearOne>0</proc:BudgetYearOne>
                                        </proc:TotalCost>
                                    </proc:Cost>
                                </proc:CostElement>
                            </proc:CostElementList>
                            <proc:CategorySubtotal>
                                <proc:TotalCost>
                                    <proc:AllPriorYears>1323.983</proc:AllPriorYears>
                                    <proc:PriorYear>18.095</proc:PriorYear>
                                    <proc:CurrentYear>26.939</proc:CurrentYear>
                                    <proc:BudgetYearOneBase>45.758</proc:BudgetYearOneBase>
                                    <proc:BudgetYearOneOOC>0</proc:BudgetYearOneOOC>
                                    <proc:BudgetYearOne>45.758</proc:BudgetYearOne>
                                </proc:TotalCost>
                            </proc:CategorySubtotal>
                        </proc:NonRecurring>
                        <proc:CategorySubtotal>
                            <proc:TotalCost>
                                <proc:AllPriorYears>26747.122</proc:AllPriorYears>
                                <proc:PriorYear>18.095</proc:PriorYear>
                                <proc:CurrentYear>26.939</proc:CurrentYear>
                                <proc:BudgetYearOneBase>45.758</proc:BudgetYearOneBase>
                                <proc:BudgetYearOneOOC>0</proc:BudgetYearOneOOC>
                                <proc:BudgetYearOne>45.758</proc:BudgetYearOne>
                            </proc:TotalCost>
                        </proc:CategorySubtotal>
                    </proc:Flyaway>
                    <proc:Support>
                        <proc:CostElementList>
                            <proc:CostElement>
                                <proc:Name>2.1) Airframe PGSE</proc:Name>
                                <proc:Cost>
                                    <proc:TotalCost>
                                        <proc:AllPriorYears>476.717</proc:AllPriorYears>
                                        <proc:PriorYear>0</proc:PriorYear>
                                        <proc:CurrentYear>0</proc:CurrentYear>
                                        <proc:BudgetYearOneBase>0</proc:BudgetYearOneBase>
                                        <proc:BudgetYearOneOOC>0</proc:BudgetYearOneOOC>
                                        <proc:BudgetYearOne>0</proc:BudgetYearOne>
                                    </proc:TotalCost>
                                </proc:Cost>
                            </proc:CostElement>
                            <proc:CostElement>
                                <proc:Name>2.2) Engine PGSE</proc:Name>
                                <proc:Cost>
                                    <proc:TotalCost>
                                        <proc:AllPriorYears>40.679</proc:AllPriorYears>
                                        <proc:PriorYear>0</proc:PriorYear>
                                        <proc:CurrentYear>0</proc:CurrentYear>
                                        <proc:BudgetYearOneBase>0</proc:BudgetYearOneBase>
                                        <proc:BudgetYearOneOOC>0</proc:BudgetYearOneOOC>
                                        <proc:BudgetYearOne>0</proc:BudgetYearOne>
                                    </proc:TotalCost>
                                </proc:Cost>
                            </proc:CostElement>
                            <proc:CostElement>
                                <proc:Name>2.3) Avionics PGSE</proc:Name>
                                <proc:Cost>
                                    <proc:TotalCost>
                                        <proc:AllPriorYears>241.649</proc:AllPriorYears>
                                        <proc:PriorYear>0</proc:PriorYear>
                                        <proc:CurrentYear>0</proc:CurrentYear>
                                        <proc:BudgetYearOneBase>0</proc:BudgetYearOneBase>
                                        <proc:BudgetYearOneOOC>0</proc:BudgetYearOneOOC>
                                        <proc:BudgetYearOne>0</proc:BudgetYearOne>
                                    </proc:TotalCost>
                                </proc:Cost>
                            </proc:CostElement>
                            <proc:CostElement>
                                <proc:Name>2.4) Pec Trng Eq</proc:Name>
                                <proc:Cost>
                                    <proc:TotalCost>
                                        <proc:AllPriorYears>443.832</proc:AllPriorYears>
                                        <proc:PriorYear>0</proc:PriorYear>
                                        <proc:CurrentYear>0</proc:CurrentYear>
                                        <proc:BudgetYearOneBase>0</proc:BudgetYearOneBase>
                                        <proc:BudgetYearOneOOC>0</proc:BudgetYearOneOOC>
                                        <proc:BudgetYearOne>0</proc:BudgetYearOne>
                                    </proc:TotalCost>
                                </proc:Cost>
                            </proc:CostElement>
                            <proc:CostElement>
                                <proc:Name>2.5) Pub/Tech Eq</proc:Name>
                                <proc:Cost>
                                    <proc:TotalCost>
                                        <proc:AllPriorYears>114.073</proc:AllPriorYears>
                                        <proc:PriorYear>0</proc:PriorYear>
                                        <proc:CurrentYear>0</proc:CurrentYear>
                                        <proc:BudgetYearOneBase>0</proc:BudgetYearOneBase>
                                        <proc:BudgetYearOneOOC>0</proc:BudgetYearOneOOC>
                                        <proc:BudgetYearOne>0</proc:BudgetYearOne>
                                    </proc:TotalCost>
                                </proc:Cost>
                            </proc:CostElement>
                            <proc:CostElement>
                                <proc:Name>2.6) Prod Eng Supt</proc:Name>
                                <proc:Cost>
                                    <proc:TotalCost>
                                        <proc:AllPriorYears>1265.128</proc:AllPriorYears>
                                        <proc:PriorYear>0.671</proc:PriorYear>
                                        <proc:CurrentYear>2.806</proc:CurrentYear>
                                        <proc:BudgetYearOneBase>1</proc:BudgetYearOneBase>
                                        <proc:BudgetYearOneOOC>0</proc:BudgetYearOneOOC>
                                        <proc:BudgetYearOne>1</proc:BudgetYearOne>
                                    </proc:TotalCost>
                                </proc:Cost>
                            </proc:CostElement>
                            <proc:CostElement>
                                <proc:Name>2.7) Other ILS</proc:Name>
                                <proc:Cost>
                                    <proc:TotalCost>
                                        <proc:AllPriorYears>1050.367</proc:AllPriorYears>
                                        <proc:PriorYear>0.4</proc:PriorYear>
                                        <proc:CurrentYear>0.43</proc:CurrentYear>
                                        <proc:BudgetYearOneBase>0.438</proc:BudgetYearOneBase>
                                        <proc:BudgetYearOneOOC>0</proc:BudgetYearOneOOC>
                                        <proc:BudgetYearOne>0.438</proc:BudgetYearOne>
                                    </proc:TotalCost>
                                </proc:Cost>
                            </proc:CostElement>
                            <proc:CostElement>
                                <proc:Name>2.8) Common SE</proc:Name>
                                <proc:Cost>
                                    <proc:TotalCost>
                                        <proc:AllPriorYears>231.4</proc:AllPriorYears>
                                        <proc:PriorYear>0</proc:PriorYear>
                                        <proc:CurrentYear>0</proc:CurrentYear>
                                        <proc:BudgetYearOneBase>0</proc:BudgetYearOneBase>
                                        <proc:BudgetYearOneOOC>0</proc:BudgetYearOneOOC>
                                        <proc:BudgetYearOne>0</proc:BudgetYearOne>
                                    </proc:TotalCost>
                                </proc:Cost>
                            </proc:CostElement>
                        </proc:CostElementList>
                        <proc:CategorySubtotal>
                            <proc:TotalCost>
                                <proc:AllPriorYears>3863.845</proc:AllPriorYears>
                                <proc:PriorYear>1.071</proc:PriorYear>
                                <proc:CurrentYear>3.236</proc:CurrentYear>
                                <proc:BudgetYearOneBase>1.438</proc:BudgetYearOneBase>
                                <proc:BudgetYearOneOOC>0</proc:BudgetYearOneOOC>
                                <proc:BudgetYearOne>1.438</proc:BudgetYearOne>
                            </proc:TotalCost>
                        </proc:CategorySubtotal>
                    </proc:Support>
                </proc:CostElementCategoryList>
            </proc:P5Item>
            <proc:P5Item>
                <proc:Name>0164 CMV-22</proc:Name>
                <proc:ItemNumber>2</proc:ItemNumber>
                <proc:ResourceSummary>
                    <proc:Quantity>
                        <proc:AllPriorYears>48</proc:AllPriorYears>
                        <proc:PriorYear>5</proc:PriorYear>
                    </proc:Quantity>
                    <proc:TotalCost>
                        <proc:AllPriorYears>4535.44</proc:AllPriorYears>
                        <proc:PriorYear>675.75</proc:PriorYear>
                        <proc:CurrentYear>0</proc:CurrentYear>
                        <proc:BudgetYearOneBase>0</proc:BudgetYearOneBase>
                        <proc:BudgetYearOneOOC>0</proc:BudgetYearOneOOC>
                        <proc:BudgetYearOne>0</proc:BudgetYearOne>
                    </proc:TotalCost>
                    <proc:UnitCost>
                        <proc:AllPriorYears>94488.333</proc:AllPriorYears>
                        <proc:PriorYear>135150</proc:PriorYear>
                    </proc:UnitCost>
                    <proc:PYAdvanceProcurement>
                        <proc:AllPriorYears>95.801</proc:AllPriorYears>
                    </proc:PYAdvanceProcurement>
                    <proc:NetProcurementP1>
                        <proc:AllPriorYears>4535.44</proc:AllPriorYears>
                        <proc:PriorYear>675.75</proc:PriorYear>
                        <proc:CurrentYear>0</proc:CurrentYear>
                        <proc:BudgetYearOneBase>0</proc:BudgetYearOneBase>
                        <proc:BudgetYearOneOOC>0</proc:BudgetYearOneOOC>
                        <proc:BudgetYearOne>0</proc:BudgetYearOne>
                    </proc:NetProcurementP1>
                    <proc:CYAdvanceProcurement>
                        <proc:AllPriorYears>95.801</proc:AllPriorYears>
                    </proc:CYAdvanceProcurement>
                    <proc:TotalObligationAuthority>
                        <proc:AllPriorYears>4535.44</proc:AllPriorYears>
                        <proc:PriorYear>675.75</proc:PriorYear>
                        <proc:CurrentYear>0</proc:CurrentYear>
                        <proc:BudgetYearOneBase>0</proc:BudgetYearOneBase>
                        <proc:BudgetYearOneOOC>0</proc:BudgetYearOneOOC>
                        <proc:BudgetYearOne>0</proc:BudgetYearOne>
                    </proc:TotalObligationAuthority>
                </proc:ResourceSummary>
                <proc:CostElementCategoryList>
                    <proc:Flyaway>
                        <proc:Recurring>
                            <proc:CostElementList>
                                <proc:CostElement>
                                    <proc:Name footnote="The CMV-22 aircraft is a modification of the MV-22 and will perform the COD mission and include: (1) external conformal fuel tanks to provide the capability to meet the range requirements that the COD mission demands, (2) a high frequency radio to transmit/receive beyond line of sight over water, (3) a public address system for use while transporting passengers, (4) improved cargo handling system, and (5) enhanced fuel jettison.">1.1.1) Airframe/CFE</proc:Name>
                                    <proc:Cost>
                                        <proc:Quantity>
                                            <proc:AllPriorYears>48</proc:AllPriorYears>
                                            <proc:PriorYear>5</proc:PriorYear>
                                        </proc:Quantity>
                                        <proc:TotalCost>
                                            <proc:AllPriorYears>3608.958</proc:AllPriorYears>
                                            <proc:PriorYear>531</proc:PriorYear>
                                            <proc:CurrentYear>0</proc:CurrentYear>
                                            <proc:BudgetYearOneBase>0</proc:BudgetYearOneBase>
                                            <proc:BudgetYearOneOOC>0</proc:BudgetYearOneOOC>
                                            <proc:BudgetYearOne>0</proc:BudgetYearOne>
                                        </proc:TotalCost>
                                        <proc:UnitCost>
                                            <proc:AllPriorYears>75186.625</proc:AllPriorYears>
                                            <proc:PriorYear>106200</proc:PriorYear>
                                        </proc:UnitCost>
                                    </proc:Cost>
                                    <proc:AllPriorYearsDeliveries>41</proc:AllPriorYearsDeliveries>
                                    <proc:ManufacturerList>
                                        <proc:Manufacturer>
                                            <proc:Name>Bell Boeing</proc:Name>
                                            <proc:Location>Amarillo, TX</proc:Location>
                                            <proc:MinimumSustainingRate>6</proc:MinimumSustainingRate>
                                            <proc:MaximumProductionRate>44</proc:MaximumProductionRate>
                                            <proc:Rate185>10</proc:Rate185>
                                            <proc:InitialQuantity>
                                                <proc:AdminLeadTimeBeforeOct1InMonths>19</proc:AdminLeadTimeBeforeOct1InMonths>
                                                <proc:AdminLeadTimeAfterOct1InMonths>3</proc:AdminLeadTimeAfterOct1InMonths>
                                                <proc:ProductionLeadTimeAfterOct1InMonths>17</proc:ProductionLeadTimeAfterOct1InMonths>
                                                <proc:TotalLeadTimeAfterOct1InMonths>20</proc:TotalLeadTimeAfterOct1InMonths>
                                            </proc:InitialQuantity>
                                            <proc:ReorderQuantity>
                                                <proc:AdminLeadTimeBeforeOct1InMonths>0</proc:AdminLeadTimeBeforeOct1InMonths>
                                                <proc:AdminLeadTimeAfterOct1InMonths>2</proc:AdminLeadTimeAfterOct1InMonths>
                                                <proc:ProductionLeadTimeAfterOct1InMonths>24</proc:ProductionLeadTimeAfterOct1InMonths>
                                                <proc:TotalLeadTimeAfterOct1InMonths>26</proc:TotalLeadTimeAfterOct1InMonths>
                                            </proc:ReorderQuantity>
                                            <proc:HistoryPlanningList>
                                                <proc:HistoryPlanning>
                                                    <proc:FiscalYear>2022</proc:FiscalYear>
                                                    <proc:PCOLocation>NAVAIR</proc:PCOLocation>
                                                    <proc:AwardDate>2021-12</proc:AwardDate>
                                                    <proc:FirstDeliveryDate>2025-02</proc:FirstDeliveryDate>
                                                    <proc:Quantity>3</proc:Quantity>
                                                    <proc:UnitCost>77092.702</proc:UnitCost>
                                                    <proc:SpecsAvailableNow>true</proc:SpecsAvailableNow>
                                                    <proc:RFPIssueDate>2016-03</proc:RFPIssueDate>
                                                    <proc:ContractMethod>SS</proc:ContractMethod>
                                                    <proc:ContractType>FPIF</proc:ContractType>
                                                    <proc:MonthlyDeliveryScheduleList>
                                                        <proc:MonthlyDeliverySchedule>
                                                            <proc:ServiceAgencyName>Navy</proc:ServiceAgencyName>
                                                            <proc:ProcQuantity>3</proc:ProcQuantity>
                                                            <proc:MonthlyDeliveryList>
                                                                <proc:MonthlyDelivery>
                                                                    <proc:Month>2025-02</proc:Month>
                                                                    <proc:Amount>1</proc:Amount>
                                                                </proc:MonthlyDelivery>
                                                                <proc:MonthlyDelivery>
                                                                    <proc:Month>2025-03</proc:Month>
                                                                    <proc:Amount>1</proc:Amount>
                                                                </proc:MonthlyDelivery>
                                                                <proc:MonthlyDelivery>
                                                                    <proc:Month>2025-06</proc:Month>
                                                                    <proc:Amount>1</proc:Amount>
                                                                </proc:MonthlyDelivery>
                                                            </proc:MonthlyDeliveryList>
                                                        </proc:MonthlyDeliverySchedule>
                                                    </proc:MonthlyDeliveryScheduleList>
                                                </proc:HistoryPlanning>
                                                <proc:HistoryPlanning>
                                                    <proc:FiscalYear>2023</proc:FiscalYear>
                                                    <proc:PCOLocation>NAVAIR</proc:PCOLocation>
                                                    <proc:AwardDate>2023-05</proc:AwardDate>
                                                    <proc:FirstDeliveryDate>2026-07</proc:FirstDeliveryDate>
                                                    <proc:Quantity>4</proc:Quantity>
                                                    <proc:UnitCost>109284.750</proc:UnitCost>
                                                    <proc:SpecsAvailableNow>true</proc:SpecsAvailableNow>
                                                    <proc:RFPIssueDate>2016-03</proc:RFPIssueDate>
                                                    <proc:ContractMethod>SS</proc:ContractMethod>
                                                    <proc:ContractType>FPIF</proc:ContractType>
                                                    <proc:MonthlyDeliveryScheduleList>
                                                        <proc:MonthlyDeliverySchedule>
                                                            <proc:ServiceAgencyName>Navy</proc:ServiceAgencyName>
                                                            <proc:ProcQuantity>4</proc:ProcQuantity>
                                                            <proc:MonthlyDeliveryList>
                                                                <proc:MonthlyDelivery>
                                                                    <proc:Month>2026-07</proc:Month>
                                                                    <proc:Amount>1</proc:Amount>
                                                                </proc:MonthlyDelivery>
                                                                <proc:MonthlyDelivery>
                                                                    <proc:Month>2026-09</proc:Month>
                                                                    <proc:Amount>1</proc:Amount>
                                                                </proc:MonthlyDelivery>
                                                                <proc:MonthlyDelivery>
                                                                    <proc:Month>2026-11</proc:Month>
                                                                    <proc:Amount>1</proc:Amount>
                                                                </proc:MonthlyDelivery>
                                                                <proc:MonthlyDelivery>
                                                                    <proc:Month>2027-01</proc:Month>
                                                                    <proc:Amount>1</proc:Amount>
                                                                </proc:MonthlyDelivery>
                                                            </proc:MonthlyDeliveryList>
                                                        </proc:MonthlyDeliverySchedule>
                                                    </proc:MonthlyDeliveryScheduleList>
                                                </proc:HistoryPlanning>
                                                <proc:HistoryPlanning>
                                                    <proc:FiscalYear>2024</proc:FiscalYear>
                                                    <proc:PCOLocation>NAVAIR</proc:PCOLocation>
                                                    <proc:AwardDate>2025-03</proc:AwardDate>
                                                    <proc:FirstDeliveryDate>2027-03</proc:FirstDeliveryDate>
                                                    <proc:Quantity>5</proc:Quantity>
                                                    <proc:UnitCost>106200.000</proc:UnitCost>
                                                    <proc:SpecsAvailableNow>true</proc:SpecsAvailableNow>
                                                    <proc:RFPIssueDate>2024-06</proc:RFPIssueDate>
                                                    <proc:ContractMethod>SS</proc:ContractMethod>
                                                    <proc:ContractType>FPIF</proc:ContractType>
                                                    <proc:MonthlyDeliveryScheduleList>
                                                        <proc:MonthlyDeliverySchedule>
                                                            <proc:ServiceAgencyName>Navy</proc:ServiceAgencyName>
                                                            <proc:ProcQuantity>5</proc:ProcQuantity>
                                                            <proc:MonthlyDeliveryList>
                                                                <proc:MonthlyDelivery>
                                                                    <proc:Month>2027-03</proc:Month>
                                                                    <proc:Amount>1</proc:Amount>
                                                                </proc:MonthlyDelivery>
                                                                <proc:MonthlyDelivery>
                                                                    <proc:Month>2027-05</proc:Month>
                                                                    <proc:Amount>1</proc:Amount>
                                                                </proc:MonthlyDelivery>
                                                                <proc:MonthlyDelivery>
                                                                    <proc:Month>2027-07</proc:Month>
                                                                    <proc:Amount>1</proc:Amount>
                                                                </proc:MonthlyDelivery>
                                                                <proc:MonthlyDelivery>
                                                                    <proc:Month>2027-09</proc:Month>
                                                                    <proc:Amount>1</proc:Amount>
                                                                </proc:MonthlyDelivery>
                                                                <proc:MonthlyDelivery>
                                                                    <proc:Month>2027-11</proc:Month>
                                                                    <proc:Amount>1</proc:Amount>
                                                                </proc:MonthlyDelivery>
                                                            </proc:MonthlyDeliveryList>
                                                        </proc:MonthlyDeliverySchedule>
                                                    </proc:MonthlyDeliveryScheduleList>
                                                </proc:HistoryPlanning>
                                            </proc:HistoryPlanningList>
                                        </proc:Manufacturer>
                                    </proc:ManufacturerList>
                                </proc:CostElement>
                                <proc:CostElement>
                                    <proc:Name>1.1.2) GFE Electronics</proc:Name>
                                    <proc:Cost>
                                        <proc:TotalCost>
                                            <proc:AllPriorYears>85.915</proc:AllPriorYears>
                                            <proc:PriorYear>12.6</proc:PriorYear>
                                            <proc:CurrentYear>0</proc:CurrentYear>
                                            <proc:BudgetYearOneBase>0</proc:BudgetYearOneBase>
                                            <proc:BudgetYearOneOOC>0</proc:BudgetYearOneOOC>
                                            <proc:BudgetYearOne>0</proc:BudgetYearOne>
                                        </proc:TotalCost>
                                    </proc:Cost>
                                </proc:CostElement>
                                <proc:CostElement>
                                    <proc:Name>1.1.3) Engines/Eng Acc</proc:Name>
                                    <proc:Cost>
                                        <proc:Quantity>
                                            <proc:AllPriorYears>96</proc:AllPriorYears>
                                            <proc:PriorYear>10</proc:PriorYear>
                                        </proc:Quantity>
                                        <proc:TotalCost>
                                            <proc:AllPriorYears>216.633</proc:AllPriorYears>
                                            <proc:PriorYear>35</proc:PriorYear>
                                            <proc:CurrentYear>0</proc:CurrentYear>
                                            <proc:BudgetYearOneBase>0</proc:BudgetYearOneBase>
                                            <proc:BudgetYearOneOOC>0</proc:BudgetYearOneOOC>
                                            <proc:BudgetYearOne>0</proc:BudgetYearOne>
                                        </proc:TotalCost>
                                        <proc:UnitCost>
                                            <proc:AllPriorYears>2256.594</proc:AllPriorYears>
                                            <proc:PriorYear>3500</proc:PriorYear>
                                        </proc:UnitCost>
                                    </proc:Cost>
                                    <proc:AllPriorYearsDeliveries>82</proc:AllPriorYearsDeliveries>
                                    <proc:ManufacturerList>
                                        <proc:Manufacturer>
                                            <proc:Name>Allison Engine Co. (Rolls Royce)</proc:Name>
                                            <proc:Location>Indianapolis, IN</proc:Location>
                                            <proc:MinimumSustainingRate>0</proc:MinimumSustainingRate>
                                            <proc:MaximumProductionRate>88</proc:MaximumProductionRate>
                                            <proc:Rate185>0</proc:Rate185>
                                            <proc:InitialQuantity>
                                                <proc:AdminLeadTimeBeforeOct1InMonths>9</proc:AdminLeadTimeBeforeOct1InMonths>
                                                <proc:AdminLeadTimeAfterOct1InMonths>3</proc:AdminLeadTimeAfterOct1InMonths>
                                                <proc:ProductionLeadTimeAfterOct1InMonths>14</proc:ProductionLeadTimeAfterOct1InMonths>
                                                <proc:TotalLeadTimeAfterOct1InMonths>17</proc:TotalLeadTimeAfterOct1InMonths>
                                            </proc:InitialQuantity>
                                            <proc:ReorderQuantity>
                                                <proc:AdminLeadTimeBeforeOct1InMonths>3</proc:AdminLeadTimeBeforeOct1InMonths>
                                                <proc:AdminLeadTimeAfterOct1InMonths>3</proc:AdminLeadTimeAfterOct1InMonths>
                                                <proc:ProductionLeadTimeAfterOct1InMonths>14</proc:ProductionLeadTimeAfterOct1InMonths>
                                                <proc:TotalLeadTimeAfterOct1InMonths>17</proc:TotalLeadTimeAfterOct1InMonths>
                                            </proc:ReorderQuantity>
                                            <proc:HistoryPlanningList>
                                                <proc:HistoryPlanning>
                                                    <proc:FiscalYear>2022</proc:FiscalYear>
                                                    <proc:PCOLocation>NAVAIR</proc:PCOLocation>
                                                    <proc:AwardDate>2022-01</proc:AwardDate>
                                                    <proc:FirstDeliveryDate>2023-03</proc:FirstDeliveryDate>
                                                    <proc:Quantity>6</proc:Quantity>
                                                    <proc:UnitCost>2553.976</proc:UnitCost>
                                                    <proc:SpecsAvailableNow>true</proc:SpecsAvailableNow>
                                                    <proc:RFPIssueDate>2016-04</proc:RFPIssueDate>
                                                    <proc:ContractMethod>SS</proc:ContractMethod>
                                                    <proc:ContractType>FFP</proc:ContractType>
                                                    <proc:MonthlyDeliveryScheduleList>
                                                        <proc:MonthlyDeliverySchedule>
                                                            <proc:ServiceAgencyName>Navy</proc:ServiceAgencyName>
                                                            <proc:ProcQuantity>6</proc:ProcQuantity>
                                                            <proc:MonthlyDeliveryList>
                                                                <proc:MonthlyDelivery>
                                                                    <proc:Month>2023-03</proc:Month>
                                                                    <proc:Amount>2</proc:Amount>
                                                                </proc:MonthlyDelivery>
                                                                <proc:MonthlyDelivery>
                                                                    <proc:Month>2023-06</proc:Month>
                                                                    <proc:Amount>2</proc:Amount>
                                                                </proc:MonthlyDelivery>
                                                                <proc:MonthlyDelivery>
                                                                    <proc:Month>2023-09</proc:Month>
                                                                    <proc:Amount>2</proc:Amount>
                                                                </proc:MonthlyDelivery>
                                                            </proc:MonthlyDeliveryList>
                                                        </proc:MonthlyDeliverySchedule>
                                                    </proc:MonthlyDeliveryScheduleList>
                                                </proc:HistoryPlanning>
                                                <proc:HistoryPlanning>
                                                    <proc:FiscalYear>2023</proc:FiscalYear>
                                                    <proc:PCOLocation>NAVAIR</proc:PCOLocation>
                                                    <proc:AwardDate>2023-05</proc:AwardDate>
                                                    <proc:FirstDeliveryDate>2024-07</proc:FirstDeliveryDate>
                                                    <proc:Quantity>8</proc:Quantity>
                                                    <proc:UnitCost>2684.228</proc:UnitCost>
                                                    <proc:SpecsAvailableNow>true</proc:SpecsAvailableNow>
                                                    <proc:RFPIssueDate>2016-04</proc:RFPIssueDate>
                                                    <proc:ContractMethod>SS</proc:ContractMethod>
                                                    <proc:ContractType>FFP</proc:ContractType>
                                                    <proc:MonthlyDeliveryScheduleList>
                                                        <proc:MonthlyDeliverySchedule>
                                                            <proc:ServiceAgencyName>Navy</proc:ServiceAgencyName>
                                                            <proc:ProcQuantity>8</proc:ProcQuantity>
                                                            <proc:MonthlyDeliveryList>
                                                                <proc:MonthlyDelivery>
                                                                    <proc:Month>2024-07</proc:Month>
                                                                    <proc:Amount>2</proc:Amount>
                                                                </proc:MonthlyDelivery>
                                                                <proc:MonthlyDelivery>
                                                                    <proc:Month>2024-08</proc:Month>
                                                                    <proc:Amount>2</proc:Amount>
                                                                </proc:MonthlyDelivery>
                                                                <proc:MonthlyDelivery>
                                                                    <proc:Month>2024-10</proc:Month>
                                                                    <proc:Amount>2</proc:Amount>
                                                                </proc:MonthlyDelivery>
                                                                <proc:MonthlyDelivery>
                                                                    <proc:Month>2024-11</proc:Month>
                                                                    <proc:Amount>2</proc:Amount>
                                                                </proc:MonthlyDelivery>
                                                            </proc:MonthlyDeliveryList>
                                                        </proc:MonthlyDeliverySchedule>
                                                    </proc:MonthlyDeliveryScheduleList>
                                                </proc:HistoryPlanning>
                                                <proc:HistoryPlanning>
                                                    <proc:FiscalYear>2024</proc:FiscalYear>
                                                    <proc:PCOLocation>NAVAIR</proc:PCOLocation>
                                                    <proc:AwardDate>2025-08</proc:AwardDate>
                                                    <proc:FirstDeliveryDate>2026-10</proc:FirstDeliveryDate>
                                                    <proc:Quantity>10</proc:Quantity>
                                                    <proc:UnitCost>3500.000</proc:UnitCost>
                                                    <proc:SpecsAvailableNow>true</proc:SpecsAvailableNow>
                                                    <proc:RFPIssueDate>2024-06</proc:RFPIssueDate>
                                                    <proc:ContractMethod>SS</proc:ContractMethod>
                                                    <proc:ContractType>FFP</proc:ContractType>
                                                    <proc:MonthlyDeliveryScheduleList>
                                                        <proc:MonthlyDeliverySchedule>
                                                            <proc:ServiceAgencyName>Navy</proc:ServiceAgencyName>
                                                            <proc:ProcQuantity>10</proc:ProcQuantity>
                                                            <proc:MonthlyDeliveryList>
                                                                <proc:MonthlyDelivery>
                                                                    <proc:Month>2026-10</proc:Month>
                                                                    <proc:Amount>2</proc:Amount>
                                                                </proc:MonthlyDelivery>
                                                                <proc:MonthlyDelivery>
                                                                    <proc:Month>2026-12</proc:Month>
                                                                    <proc:Amount>2</proc:Amount>
                                                                </proc:MonthlyDelivery>
                                                                <proc:MonthlyDelivery>
                                                                    <proc:Month>2027-02</proc:Month>
                                                                    <proc:Amount>2</proc:Amount>
                                                                </proc:MonthlyDelivery>
                                                                <proc:MonthlyDelivery>
                                                                    <proc:Month>2027-04</proc:Month>
                                                                    <proc:Amount>2</proc:Amount>
                                                                </proc:MonthlyDelivery>
                                                                <proc:MonthlyDelivery>
                                                                    <proc:Month>2027-06</proc:Month>
                                                                    <proc:Amount>2</proc:Amount>
                                                                </proc:MonthlyDelivery>
                                                            </proc:MonthlyDeliveryList>
                                                        </proc:MonthlyDeliverySchedule>
                                                    </proc:MonthlyDeliveryScheduleList>
                                                </proc:HistoryPlanning>
                                            </proc:HistoryPlanningList>
                                        </proc:Manufacturer>
                                    </proc:ManufacturerList>
                                </proc:CostElement>
                                <proc:CostElement>
                                    <proc:Name>1.1.4) Other GFE</proc:Name>
                                    <proc:Cost>
                                        <proc:TotalCost>
                                            <proc:AllPriorYears>12.77</proc:AllPriorYears>
                                            <proc:PriorYear>4.6</proc:PriorYear>
                                            <proc:CurrentYear>0</proc:CurrentYear>
                                            <proc:BudgetYearOneBase>0</proc:BudgetYearOneBase>
                                            <proc:BudgetYearOneOOC>0</proc:BudgetYearOneOOC>
                                            <proc:BudgetYearOne>0</proc:BudgetYearOne>
                                        </proc:TotalCost>
                                    </proc:Cost>
                                </proc:CostElement>
                                <proc:CostElement>
                                    <proc:Name>1.1.5) Recurring Flyaway ECO</proc:Name>
                                    <proc:Cost>
                                        <proc:TotalCost>
                                            <proc:AllPriorYears>14.229</proc:AllPriorYears>
                                            <proc:PriorYear>0</proc:PriorYear>
                                            <proc:CurrentYear>0</proc:CurrentYear>
                                            <proc:BudgetYearOneBase>0</proc:BudgetYearOneBase>
                                            <proc:BudgetYearOneOOC>0</proc:BudgetYearOneOOC>
                                            <proc:BudgetYearOne>0</proc:BudgetYearOne>
                                        </proc:TotalCost>
                                    </proc:Cost>
                                </proc:CostElement>
                            </proc:CostElementList>
                            <proc:CategorySubtotal>
                                <proc:TotalCost>
                                    <proc:AllPriorYears>3938.505</proc:AllPriorYears>
                                    <proc:PriorYear>583.2</proc:PriorYear>
                                    <proc:CurrentYear>0</proc:CurrentYear>
                                    <proc:BudgetYearOneBase>0</proc:BudgetYearOneBase>
                                    <proc:BudgetYearOneOOC>0</proc:BudgetYearOneOOC>
                                    <proc:BudgetYearOne>0</proc:BudgetYearOne>
                                </proc:TotalCost>
                            </proc:CategorySubtotal>
                        </proc:Recurring>
                        <proc:NonRecurring>
                            <proc:CostElementList>
                                <proc:CostElement>
                                    <proc:Name footnote="Non-recurring costs identified for Contractor Furnished Equipment (CFE) Obsolescence and Government Furnished Equipment (GFE) Obsolescence.">1.2.1) Non-Recurring Cost</proc:Name>
                                    <proc:Cost>
                                        <proc:TotalCost>
                                            <proc:AllPriorYears>31.783</proc:AllPriorYears>
                                            <proc:PriorYear>87.3</proc:PriorYear>
                                            <proc:CurrentYear>0</proc:CurrentYear>
                                            <proc:BudgetYearOneBase>0</proc:BudgetYearOneBase>
                                            <proc:BudgetYearOneOOC>0</proc:BudgetYearOneOOC>
                                            <proc:BudgetYearOne>0</proc:BudgetYearOne>
                                        </proc:TotalCost>
                                    </proc:Cost>
                                </proc:CostElement>
                                <proc:CostElement>
                                    <proc:Name>1.2.3) Ancillary Equipment</proc:Name>
                                    <proc:Cost>
                                        <proc:TotalCost>
                                            <proc:AllPriorYears>16.434</proc:AllPriorYears>
                                            <proc:PriorYear>0</proc:PriorYear>
                                            <proc:CurrentYear>0</proc:CurrentYear>
                                            <proc:BudgetYearOneBase>0</proc:BudgetYearOneBase>
                                            <proc:BudgetYearOneOOC>0</proc:BudgetYearOneOOC>
                                            <proc:BudgetYearOne>0</proc:BudgetYearOne>
                                        </proc:TotalCost>
                                    </proc:Cost>
                                </proc:CostElement>
                            </proc:CostElementList>
                            <proc:CategorySubtotal>
                                <proc:TotalCost>
                                    <proc:AllPriorYears>48.217</proc:AllPriorYears>
                                    <proc:PriorYear>87.3</proc:PriorYear>
                                    <proc:CurrentYear>0</proc:CurrentYear>
                                    <proc:BudgetYearOneBase>0</proc:BudgetYearOneBase>
                                    <proc:BudgetYearOneOOC>0</proc:BudgetYearOneOOC>
                                    <proc:BudgetYearOne>0</proc:BudgetYearOne>
                                </proc:TotalCost>
                            </proc:CategorySubtotal>
                        </proc:NonRecurring>
                        <proc:CategorySubtotal>
                            <proc:TotalCost>
                                <proc:AllPriorYears>3986.722</proc:AllPriorYears>
                                <proc:PriorYear>670.5</proc:PriorYear>
                                <proc:CurrentYear>0</proc:CurrentYear>
                                <proc:BudgetYearOneBase>0</proc:BudgetYearOneBase>
                                <proc:BudgetYearOneOOC>0</proc:BudgetYearOneOOC>
                                <proc:BudgetYearOne>0</proc:BudgetYearOne>
                            </proc:TotalCost>
                        </proc:CategorySubtotal>
                    </proc:Flyaway>
                    <proc:Support>
                        <proc:CostElementList>
                            <proc:CostElement>
                                <proc:Name>2.1) Airframe PGSE</proc:Name>
                                <proc:Cost>
                                    <proc:TotalCost>
                                        <proc:AllPriorYears>87.237</proc:AllPriorYears>
                                        <proc:PriorYear>0</proc:PriorYear>
                                        <proc:CurrentYear>0</proc:CurrentYear>
                                        <proc:BudgetYearOneBase>0</proc:BudgetYearOneBase>
                                        <proc:BudgetYearOneOOC>0</proc:BudgetYearOneOOC>
                                        <proc:BudgetYearOne>0</proc:BudgetYearOne>
                                    </proc:TotalCost>
                                </proc:Cost>
                            </proc:CostElement>
                            <proc:CostElement>
                                <proc:Name>2.2) Engine PGSE</proc:Name>
                                <proc:Cost>
                                    <proc:TotalCost>
                                        <proc:AllPriorYears>8.904</proc:AllPriorYears>
                                        <proc:PriorYear>0</proc:PriorYear>
                                        <proc:CurrentYear>0</proc:CurrentYear>
                                        <proc:BudgetYearOneBase>0</proc:BudgetYearOneBase>
                                        <proc:BudgetYearOneOOC>0</proc:BudgetYearOneOOC>
                                        <proc:BudgetYearOne>0</proc:BudgetYearOne>
                                    </proc:TotalCost>
                                </proc:Cost>
                            </proc:CostElement>
                            <proc:CostElement>
                                <proc:Name>2.3) Avionics PGSE</proc:Name>
                                <proc:Cost>
                                    <proc:TotalCost>
                                        <proc:AllPriorYears>11.523</proc:AllPriorYears>
                                        <proc:PriorYear>0</proc:PriorYear>
                                        <proc:CurrentYear>0</proc:CurrentYear>
                                        <proc:BudgetYearOneBase>0</proc:BudgetYearOneBase>
                                        <proc:BudgetYearOneOOC>0</proc:BudgetYearOneOOC>
                                        <proc:BudgetYearOne>0</proc:BudgetYearOne>
                                    </proc:TotalCost>
                                </proc:Cost>
                            </proc:CostElement>
                            <proc:CostElement>
                                <proc:Name>2.4) Pec Trng Eq</proc:Name>
                                <proc:Cost>
                                    <proc:TotalCost>
                                        <proc:AllPriorYears>74.942</proc:AllPriorYears>
                                        <proc:PriorYear>0</proc:PriorYear>
                                        <proc:CurrentYear>0</proc:CurrentYear>
                                        <proc:BudgetYearOneBase>0</proc:BudgetYearOneBase>
                                        <proc:BudgetYearOneOOC>0</proc:BudgetYearOneOOC>
                                        <proc:BudgetYearOne>0</proc:BudgetYearOne>
                                    </proc:TotalCost>
                                </proc:Cost>
                            </proc:CostElement>
                            <proc:CostElement>
                                <proc:Name>2.5) Pub/Tech Eq</proc:Name>
                                <proc:Cost>
                                    <proc:TotalCost>
                                        <proc:AllPriorYears>1.35</proc:AllPriorYears>
                                        <proc:PriorYear>0</proc:PriorYear>
                                        <proc:CurrentYear>0</proc:CurrentYear>
                                        <proc:BudgetYearOneBase>0</proc:BudgetYearOneBase>
                                        <proc:BudgetYearOneOOC>0</proc:BudgetYearOneOOC>
                                        <proc:BudgetYearOne>0</proc:BudgetYearOne>
                                    </proc:TotalCost>
                                </proc:Cost>
                            </proc:CostElement>
                            <proc:CostElement>
                                <proc:Name footnote="Production Engineering Support (PES): FY24 Congressional Add funding will support government production-related engineering operations and support through FY26.">2.6) Prod Eng Supt</proc:Name>
                                <proc:Cost>
                                    <proc:TotalCost>
                                        <proc:AllPriorYears>177.668</proc:AllPriorYears>
                                        <proc:PriorYear>4.43</proc:PriorYear>
                                        <proc:CurrentYear>0</proc:CurrentYear>
                                        <proc:BudgetYearOneBase>0</proc:BudgetYearOneBase>
                                        <proc:BudgetYearOneOOC>0</proc:BudgetYearOneOOC>
                                        <proc:BudgetYearOne>0</proc:BudgetYearOne>
                                    </proc:TotalCost>
                                </proc:Cost>
                            </proc:CostElement>
                            <proc:CostElement>
                                <proc:Name>2.7) Other ILS</proc:Name>
                                <proc:Cost>
                                    <proc:TotalCost>
                                        <proc:AllPriorYears>187.094</proc:AllPriorYears>
                                        <proc:PriorYear>0.82</proc:PriorYear>
                                        <proc:CurrentYear>0</proc:CurrentYear>
                                        <proc:BudgetYearOneBase>0</proc:BudgetYearOneBase>
                                        <proc:BudgetYearOneOOC>0</proc:BudgetYearOneOOC>
                                        <proc:BudgetYearOne>0</proc:BudgetYearOne>
                                    </proc:TotalCost>
                                </proc:Cost>
                            </proc:CostElement>
                        </proc:CostElementList>
                        <proc:CategorySubtotal>
                            <proc:TotalCost>
                                <proc:AllPriorYears>548.718</proc:AllPriorYears>
                                <proc:PriorYear>5.25</proc:PriorYear>
                                <proc:CurrentYear>0</proc:CurrentYear>
                                <proc:BudgetYearOneBase>0</proc:BudgetYearOneBase>
                                <proc:BudgetYearOneOOC>0</proc:BudgetYearOneOOC>
                                <proc:BudgetYearOne>0</proc:BudgetYearOne>
                            </proc:TotalCost>
                        </proc:CategorySubtotal>
                    </proc:Support>
                </proc:CostElementCategoryList>
            </proc:P5Item>
        </proc:ItemExhibitList>
        <proc:DocumentAssemblyOptions>
            <proc:p40AItemScheduleSetting>total</proc:p40AItemScheduleSetting>
        </proc:DocumentAssemblyOptions>
    </proc:LineItem>
</proc:LineItemList>