<?xml version="1.0" encoding="UTF-8"?>
<proc:LineItemList xmlns:proc="http://www.dtic.mil/comptroller/xml/schema/20100219/procurement">
    <proc:LineItem quantityUnits="Each" unitCostUnits="Dollars" totalCostUnits="Millions" manufacturerRateUnits="Yearly" suppressOutfittingDeliveryBY2ToBY5="true">
        <proc:LineItemNumber>0582</proc:LineItemNumber>
        <proc:LineItemTitle>ID Sys</proc:LineItemTitle>
        <proc:P1LineNumber>67</proc:P1LineNumber>
        <proc:BudgetYear>2026</proc:BudgetYear>
        <proc:BudgetCycle>PB</proc:BudgetCycle>
        <proc:SubmissionDate>2025-06</proc:SubmissionDate>
        <proc:ServiceAgencyName>Navy</proc:ServiceAgencyName>
        <proc:AppropriationNumber>1506N</proc:AppropriationNumber>
        <proc:AppropriationTitle>Aircraft Procurement, Navy</proc:AppropriationTitle>
        <proc:BudgetActivityNumber>5</proc:BudgetActivityNumber>
        <proc:BudgetActivityTitle>Modification of Aircraft</proc:BudgetActivityTitle>
        <proc:BudgetSubActivityNumber>1</proc:BudgetSubActivityNumber>
        <proc:BudgetSubActivityTitle>Modification of Aircraft</proc:BudgetSubActivityTitle>
        <proc:ResourceSummary>
            <proc:TotalCost>
                <proc:AllPriorYears>502.372</proc:AllPriorYears>
                <proc:PriorYear>12.676</proc:PriorYear>
                <proc:CurrentYear>7.02</proc:CurrentYear>
                <proc:BudgetYearOneBase>3.011</proc:BudgetYearOneBase>
                <proc:BudgetYearOneOOC>0</proc:BudgetYearOneOOC>
                <proc:BudgetYearOne>3.011</proc:BudgetYearOne>
            </proc:TotalCost>
            <proc:NetProcurementP1>
                <proc:AllPriorYears>502.372</proc:AllPriorYears>
                <proc:PriorYear>12.676</proc:PriorYear>
                <proc:CurrentYear>7.02</proc:CurrentYear>
                <proc:BudgetYearOneBase>3.011</proc:BudgetYearOneBase>
                <proc:BudgetYearOneOOC>0</proc:BudgetYearOneOOC>
                <proc:BudgetYearOne>3.011</proc:BudgetYearOne>
            </proc:NetProcurementP1>
            <proc:TotalObligationAuthority>
                <proc:AllPriorYears>502.372</proc:AllPriorYears>
                <proc:PriorYear>12.676</proc:PriorYear>
                <proc:CurrentYear>7.02</proc:CurrentYear>
                <proc:BudgetYearOneBase>3.011</proc:BudgetYearOneBase>
                <proc:BudgetYearOneOOC>0</proc:BudgetYearOneOOC>
                <proc:BudgetYearOne>3.011</proc:BudgetYearOne>
            </proc:TotalObligationAuthority>
        </proc:ResourceSummary>
        <proc:Code>A</proc:Code>
        <proc:Description>Mark (MK) XIIA Mode 5 provides improved secure cooperative combat identification via the Identification Friend or Foe (IFF) system. Mode 5 compatibility is part of the Combat Identification Family of Systems strategy employed by US and North Atlantic Treaty Organization/Allied forces and will improve situational awareness, reduce fratricide, reduce enemy disruption of IFF functions and ensure the safe return of friendly aircraft. The DoD implementation is governed by AIMS 03-1000A, AIMS 03-1000B and USN requirements defined in ORD 577-06-01 and is designed to be compatible with civilian IFF modes to ensure interoperability of military and civilian aircraft. Mode 5 is a product improvement, which is designed to be installed through engineering changes to digital Mark XII IFF Systems (interrogators and transponders) and their associated cryptographic material on all type/model/series aircraft. 

Joint Requirements Oversight Council Memorandums (047-07, 122-08 and 108-13) endorsed an Identification Friend or Foe (IFF) Mode 5 Joint Full Operational Capability in 2020. Platforms continued to integrate the Mode 5 capability beyond 2020 within funding constraints, and new production aircraft require Mode 5 capable equipment for installation and fleet deployment through FY2035.  Navy Initial Operational Capability was achieved in FY 2012. As of 30 June 2020, the NSA no longer supports IFF Mode 4 keying material. Mode 5 provides added security and more data transmissions than Mode 4. Additionally, Mode 5 uses a spread spectrum waveform, which reduces susceptibility to interference.</proc:Description>
        <proc:Justification>FY26 efforts will continue to address hardware obsolescence, ensuring equipment availability for future platform installations, update to the AIMS 17-1000 standard, and incorporation of NSA-mandated Mode 5 Crypto Modernization 2 (CM2) requirements via Engineering Change Proposals.

The FY 2026 request was reduced by $0.106 million for Advisory and Assistance Services to promote efficiencies and advance the policies of the Administration in alignment with Executive Order 14222, "Implementing the President's Department of Government Efficiency Cost Efficiency Initiative."

The FY 2026 request was reduced by $0.057 million for civilian personnel to optimize the workforce in compliance with Executive Order 14210, "Implementing the President's Department of Government Efficiency Workforce Optimization Initiative."</proc:Justification>
        <proc:ItemExhibitList>
            <proc:P3AModificationItemGroup>
                <proc:ModificationTitle>Mark XIIA Mode 5 IFF (OSIP 15-03)</proc:ModificationTitle>
                <proc:ModificationNumber>1</proc:ModificationNumber>
                <proc:ModificationType>Capability Improvement</proc:ModificationType>
                <proc:Model>Various (49 Separate T/M/S)</proc:Model>
                <proc:ResourceSummary>
                    <proc:TotalCost>
                        <proc:AllPriorYears>502.372</proc:AllPriorYears>
                        <proc:PriorYear>12.676</proc:PriorYear>
                        <proc:CurrentYear>7.02</proc:CurrentYear>
                        <proc:BudgetYearOneBase>3.011</proc:BudgetYearOneBase>
                        <proc:BudgetYearOneOOC>0</proc:BudgetYearOneOOC>
                        <proc:BudgetYearOne>3.011</proc:BudgetYearOne>
                    </proc:TotalCost>
                    <proc:NetProcurementP1>
                        <proc:AllPriorYears>502.372</proc:AllPriorYears>
                        <proc:PriorYear>12.676</proc:PriorYear>
                        <proc:CurrentYear>7.02</proc:CurrentYear>
                        <proc:BudgetYearOneBase>3.011</proc:BudgetYearOneBase>
                        <proc:BudgetYearOneOOC>0</proc:BudgetYearOneOOC>
                        <proc:BudgetYearOne>3.011</proc:BudgetYearOne>
                    </proc:NetProcurementP1>
                    <proc:TotalObligationAuthority>
                        <proc:AllPriorYears>502.372</proc:AllPriorYears>
                        <proc:PriorYear>12.676</proc:PriorYear>
                        <proc:CurrentYear>7.02</proc:CurrentYear>
                        <proc:BudgetYearOneBase>3.011</proc:BudgetYearOneBase>
                        <proc:BudgetYearOneOOC>0</proc:BudgetYearOneOOC>
                        <proc:BudgetYearOne>3.011</proc:BudgetYearOne>
                    </proc:TotalObligationAuthority>
                </proc:ResourceSummary>
                <proc:RelatedProgramElementList>
                    <proc:ProgramElementNumber>0604777N</proc:ProgramElementNumber>
                </proc:RelatedProgramElementList>
                <proc:SupportCost>
                    <proc:CostElementList>
                        <proc:CostElement>
                            <proc:Name>3.1) Data</proc:Name>
                            <proc:Cost>
                                <proc:TotalCost>
                                    <proc:AllPriorYears>4.548</proc:AllPriorYears>
                                    <proc:PriorYear>0.035</proc:PriorYear>
                                    <proc:CurrentYear>0.035</proc:CurrentYear>
                                    <proc:BudgetYearOneBase>0.035</proc:BudgetYearOneBase>
                                    <proc:BudgetYearOne>0.035</proc:BudgetYearOne>
                                </proc:TotalCost>
                            </proc:Cost>
                        </proc:CostElement>
                        <proc:CostElement>
                            <proc:Name>3.2) Training Equipment</proc:Name>
                            <proc:Cost>
                                <proc:TotalCost>
                                    <proc:AllPriorYears>9.278</proc:AllPriorYears>
                                </proc:TotalCost>
                            </proc:Cost>
                        </proc:CostElement>
                        <proc:CostElement>
                            <proc:Name>3.3) Support Equipment</proc:Name>
                            <proc:Cost>
                                <proc:TotalCost>
                                    <proc:AllPriorYears>17.627</proc:AllPriorYears>
                                </proc:TotalCost>
                            </proc:Cost>
                        </proc:CostElement>
                        <proc:CostElement>
                            <proc:Name>3.4) ILS</proc:Name>
                            <proc:Cost>
                                <proc:TotalCost>
                                    <proc:AllPriorYears>19.607</proc:AllPriorYears>
                                    <proc:PriorYear>0.479</proc:PriorYear>
                                    <proc:CurrentYear>0.49</proc:CurrentYear>
                                    <proc:BudgetYearOneBase>0.5</proc:BudgetYearOneBase>
                                    <proc:BudgetYearOne>0.5</proc:BudgetYearOne>
                                </proc:TotalCost>
                            </proc:Cost>
                        </proc:CostElement>
                        <proc:CostElement>
                            <proc:Name>3.5) Other Support</proc:Name>
                            <proc:Cost>
                                <proc:TotalCost>
                                    <proc:AllPriorYears>99.422</proc:AllPriorYears>
                                    <proc:PriorYear>0.95</proc:PriorYear>
                                    <proc:CurrentYear>1.393</proc:CurrentYear>
                                    <proc:BudgetYearOneBase>0.097</proc:BudgetYearOneBase>
                                    <proc:BudgetYearOne>0.097</proc:BudgetYearOne>
                                </proc:TotalCost>
                            </proc:Cost>
                        </proc:CostElement>
                    </proc:CostElementList>
                    <proc:CategorySubtotal>
                        <proc:TotalCost>
                            <proc:AllPriorYears>150.482</proc:AllPriorYears>
                            <proc:PriorYear>1.464</proc:PriorYear>
                            <proc:CurrentYear>1.918</proc:CurrentYear>
                            <proc:BudgetYearOneBase>0.632</proc:BudgetYearOneBase>
                            <proc:BudgetYearOne>0.632</proc:BudgetYearOne>
                        </proc:TotalCost>
                    </proc:CategorySubtotal>
                </proc:SupportCost>
                <proc:ModificationItemList>
                    <proc:ModificationItem>
                        <proc:Title>Mark XIIA Mode 5 IFF (OSIP 15-03)</proc:Title>
                        <proc:Procurement>
                            <proc:AKits>
                                <proc:Recurring>
                                    <proc:KitList>
                                        <proc:Kit>
                                            <proc:Name>1.1.1) Mode 5 IFF - NonOrganic</proc:Name>
                                            <proc:Cost>
                                                <proc:Quantity>
                                                    <proc:AllPriorYears>613</proc:AllPriorYears>
                                                </proc:Quantity>
                                                <proc:TotalCost>
                                                    <proc:AllPriorYears>9.07</proc:AllPriorYears>
                                                </proc:TotalCost>
                                            </proc:Cost>
                                        </proc:Kit>
                                    </proc:KitList>
                                    <proc:CategorySubtotal>
                                        <proc:TotalCost>
                                            <proc:AllPriorYears>9.07</proc:AllPriorYears>
                                        </proc:TotalCost>
                                    </proc:CategorySubtotal>
                                </proc:Recurring>
                                <proc:CategorySubtotal>
                                    <proc:TotalCost>
                                        <proc:AllPriorYears>9.07</proc:AllPriorYears>
                                    </proc:TotalCost>
                                </proc:CategorySubtotal>
                            </proc:AKits>
                            <proc:BKits>
                                <proc:Recurring>
                                    <proc:KitList>
                                        <proc:Kit>
                                            <proc:Name footnote="B-kit (F/A-18 CIT -40 RT Upgrade Kits) total quantity decrease due to reduced retrofit quantities of F/A-18 &amp; EA-18G aircraft (sunset and attrition). Inventory Objective (all B-Kits, including but not limited to CXP and CIT) is 3300.   Prior year install total decreased from previously reported due to error found in calculation. Prior year total reflects all A-kit and B-kit installs completed, in addition to any spares previously procured with no specific install plan.">2.1.1) Mode 5 IFF - NonOrganic</proc:Name>
                                            <proc:Cost>
                                                <proc:Quantity>
                                                    <proc:AllPriorYears>3330</proc:AllPriorYears>
                                                </proc:Quantity>
                                                <proc:TotalCost>
                                                    <proc:AllPriorYears>186.679</proc:AllPriorYears>
                                                </proc:TotalCost>
                                            </proc:Cost>
                                        </proc:Kit>
                                        <proc:Kit>
                                            <proc:Name footnote="New B-Kit First Article Tech Refresh Recurring line reflects quantities required support an Engineering Change Proposal (ECP) to the AN/APX-123/123A equipment to address component obsolescence issues, and new IFF performance standards (AIMS 17-1000 specification changes). AN/APX-123/123A is over 16 years into its lifecycle and requires hardware and software changes to the current configuration to ensure supportability for aircraft, surface, and subsurface platforms that use this equipment as their Mode 5 transponder solution. FY24 unit price for B-kit due to associated ECP development costs. Units have an 18-24 month lead time; procurement is required in order to take delivery of, test, integrate, and certify the tech refresh equipment in FY26-29.  These units will not be installed, as they are for integrations and certifications.">2.1.2) First Article Tech Refresh Units - Organic</proc:Name>
                                            <proc:Cost>
                                                <proc:Quantity>
                                                    <proc:PriorYear>15</proc:PriorYear>
                                                </proc:Quantity>
                                                <proc:TotalCost>
                                                    <proc:PriorYear>3.75</proc:PriorYear>
                                                </proc:TotalCost>
                                            </proc:Cost>
                                        </proc:Kit>
                                    </proc:KitList>
                                    <proc:CategorySubtotal>
                                        <proc:TotalCost>
                                            <proc:AllPriorYears>186.679</proc:AllPriorYears>
                                            <proc:PriorYear>3.75</proc:PriorYear>
                                        </proc:TotalCost>
                                    </proc:CategorySubtotal>
                                </proc:Recurring>
                                <proc:NonRecurring>
                                    <proc:KitList>
                                        <proc:Kit>
                                            <proc:Name>2.2.1) Installation Equipment N/R - Organic</proc:Name>
                                            <proc:Cost>
                                                <proc:TotalCost>
                                                    <proc:AllPriorYears>135.133</proc:AllPriorYears>
                                                </proc:TotalCost>
                                            </proc:Cost>
                                        </proc:Kit>
                                        <proc:Kit>
                                            <proc:Name footnote="B-Kit Install Equipment N/R costs in FY25-FY28 support an Engineering Change Proposal (ECP) to the AN/APX-123/123A equipment to address component obsolescence issues, and new IFF performance standards (AIMS 17-1000 specification changes). B-Kit Install Equip Non-Recurring costs include equipment manufacturer performance, environmental, and electromagnetic interference testing for the tech refreshed equipment and initial platform integration testing to support fielding across air and ship platforms, extending the lifecycle of the equipment.">2.2.2) First Article Tech Refresh Units - Installation Equipment - Organic</proc:Name>
                                            <proc:Cost>
                                                <proc:TotalCost>
                                                    <proc:PriorYear>6.532</proc:PriorYear>
                                                    <proc:CurrentYear>4.502</proc:CurrentYear>
                                                    <proc:BudgetYearOneBase>2.279</proc:BudgetYearOneBase>
                                                    <proc:BudgetYearOne>2.279</proc:BudgetYearOne>
                                                </proc:TotalCost>
                                            </proc:Cost>
                                        </proc:Kit>
                                    </proc:KitList>
                                    <proc:CategorySubtotal>
                                        <proc:TotalCost>
                                            <proc:AllPriorYears>135.133</proc:AllPriorYears>
                                            <proc:PriorYear>6.532</proc:PriorYear>
                                            <proc:CurrentYear>4.502</proc:CurrentYear>
                                            <proc:BudgetYearOneBase>2.279</proc:BudgetYearOneBase>
                                            <proc:BudgetYearOne>2.279</proc:BudgetYearOne>
                                        </proc:TotalCost>
                                    </proc:CategorySubtotal>
                                </proc:NonRecurring>
                                <proc:CategorySubtotal>
                                    <proc:TotalCost>
                                        <proc:AllPriorYears>321.812</proc:AllPriorYears>
                                        <proc:PriorYear>10.282</proc:PriorYear>
                                        <proc:CurrentYear>4.502</proc:CurrentYear>
                                        <proc:BudgetYearOneBase>2.279</proc:BudgetYearOneBase>
                                        <proc:BudgetYearOne>2.279</proc:BudgetYearOne>
                                    </proc:TotalCost>
                                </proc:CategorySubtotal>
                            </proc:BKits>
                            <proc:ManufacturerList>
                                <proc:Manufacturer>
                                    <proc:Name>BAE</proc:Name>
                                    <proc:Location>Greenlawn, NY</proc:Location>
                                    <proc:AdminLeadTimeAfterOct1InMonths>3</proc:AdminLeadTimeAfterOct1InMonths>
                                    <proc:ProductionLeadTimeAfterOct1InMonths>24</proc:ProductionLeadTimeAfterOct1InMonths>
                                </proc:Manufacturer>
                            </proc:ManufacturerList>
                            <proc:TotalCost>
                                <proc:Quantity>
                                    <proc:AllPriorYears>3943</proc:AllPriorYears>
                                    <proc:PriorYear>15</proc:PriorYear>
                                </proc:Quantity>
                                <proc:TotalCost>
                                    <proc:AllPriorYears>330.882</proc:AllPriorYears>
                                    <proc:PriorYear>10.282</proc:PriorYear>
                                    <proc:CurrentYear>4.502</proc:CurrentYear>
                                    <proc:BudgetYearOneBase>2.279</proc:BudgetYearOneBase>
                                    <proc:BudgetYearOne>2.279</proc:BudgetYearOne>
                                </proc:TotalCost>
                            </proc:TotalCost>
                        </proc:Procurement>
                        <proc:Installation>
                            <proc:ImplementationMethodList>
                                <proc:ImplementationMethod>
                                    <proc:NonOrganicInstallation>
                                        <proc:ImplementationMethodName>Field Installs Kits and Vendor Depot ECP Install:: Installation Name: Mark XIIA Mode 5 IFF</proc:ImplementationMethodName>
                                        <proc:InstallationCost>
                                            <proc:AllPriorYears>
                                                <proc:Cost>
                                                    <proc:Quantity>
                                                        <proc:AllPriorYears>3845</proc:AllPriorYears>
                                                        <proc:PriorYear>25</proc:PriorYear>
                                                        <proc:CurrentYear>25</proc:CurrentYear>
                                                        <proc:BudgetYearOneBase>24</proc:BudgetYearOneBase>
                                                        <proc:BudgetYearOneOOC>0</proc:BudgetYearOneOOC>
                                                        <proc:BudgetYearOne>24</proc:BudgetYearOne>
                                                    </proc:Quantity>
                                                    <proc:TotalCost>
                                                        <proc:AllPriorYears>21.008</proc:AllPriorYears>
                                                        <proc:PriorYear>0.93</proc:PriorYear>
                                                        <proc:CurrentYear>0.6</proc:CurrentYear>
                                                        <proc:BudgetYearOneBase>0.1</proc:BudgetYearOneBase>
                                                        <proc:BudgetYearOneOOC>0</proc:BudgetYearOneOOC>
                                                        <proc:BudgetYearOne>0.1</proc:BudgetYearOne>
                                                    </proc:TotalCost>
                                                </proc:Cost>
                                            </proc:AllPriorYears>
                                            <proc:Total>
                                                <proc:Cost>
                                                    <proc:Quantity>
                                                        <proc:AllPriorYears>3845</proc:AllPriorYears>
                                                        <proc:PriorYear>25</proc:PriorYear>
                                                        <proc:CurrentYear>25</proc:CurrentYear>
                                                        <proc:BudgetYearOneBase>24</proc:BudgetYearOneBase>
                                                        <proc:BudgetYearOneOOC>0</proc:BudgetYearOneOOC>
                                                        <proc:BudgetYearOne>24</proc:BudgetYearOne>
                                                    </proc:Quantity>
                                                    <proc:TotalCost>
                                                        <proc:AllPriorYears>21.008</proc:AllPriorYears>
                                                        <proc:PriorYear>0.93</proc:PriorYear>
                                                        <proc:CurrentYear>0.6</proc:CurrentYear>
                                                        <proc:BudgetYearOneBase>0.1</proc:BudgetYearOneBase>
                                                        <proc:BudgetYearOneOOC>0</proc:BudgetYearOneOOC>
                                                        <proc:BudgetYearOne>0.1</proc:BudgetYearOne>
                                                    </proc:TotalCost>
                                                </proc:Cost>
                                            </proc:Total>
                                        </proc:InstallationCost>
                                        <proc:InstallationSchedule>
                                            <proc:In>
                                                <proc:AllPriorYears>3845</proc:AllPriorYears>
                                                <proc:PriorYear>
                                                    <proc:FirstQuarter>6</proc:FirstQuarter>
                                                    <proc:SecondQuarter>6</proc:SecondQuarter>
                                                    <proc:ThirdQuarter>6</proc:ThirdQuarter>
                                                    <proc:FourthQuarter>7</proc:FourthQuarter>
                                                </proc:PriorYear>
                                                <proc:CurrentYear>
                                                    <proc:FirstQuarter>6</proc:FirstQuarter>
                                                    <proc:SecondQuarter>6</proc:SecondQuarter>
                                                    <proc:ThirdQuarter>6</proc:ThirdQuarter>
                                                    <proc:FourthQuarter>7</proc:FourthQuarter>
                                                </proc:CurrentYear>
                                                <proc:BudgetYearOne>
                                                    <proc:FirstQuarter>6</proc:FirstQuarter>
                                                    <proc:SecondQuarter>6</proc:SecondQuarter>
                                                    <proc:ThirdQuarter>6</proc:ThirdQuarter>
                                                    <proc:FourthQuarter>6</proc:FourthQuarter>
                                                </proc:BudgetYearOne>
                                            </proc:In>
                                            <proc:Out>
                                                <proc:AllPriorYears>3845</proc:AllPriorYears>
                                                <proc:PriorYear>
                                                    <proc:FirstQuarter>6</proc:FirstQuarter>
                                                    <proc:SecondQuarter>6</proc:SecondQuarter>
                                                    <proc:ThirdQuarter>6</proc:ThirdQuarter>
                                                    <proc:FourthQuarter>7</proc:FourthQuarter>
                                                </proc:PriorYear>
                                                <proc:CurrentYear>
                                                    <proc:FirstQuarter>6</proc:FirstQuarter>
                                                    <proc:SecondQuarter>6</proc:SecondQuarter>
                                                    <proc:ThirdQuarter>6</proc:ThirdQuarter>
                                                    <proc:FourthQuarter>7</proc:FourthQuarter>
                                                </proc:CurrentYear>
                                                <proc:BudgetYearOne>
                                                    <proc:FirstQuarter>6</proc:FirstQuarter>
                                                    <proc:SecondQuarter>6</proc:SecondQuarter>
                                                    <proc:ThirdQuarter>6</proc:ThirdQuarter>
                                                    <proc:FourthQuarter>6</proc:FourthQuarter>
                                                </proc:BudgetYearOne>
                                            </proc:Out>
                                        </proc:InstallationSchedule>
                                    </proc:NonOrganicInstallation>
                                </proc:ImplementationMethod>
                                <proc:ImplementationMethod>
                                    <proc:OrganicInstallation>
                                        <proc:ImplementationMethodName>First Article Tech Refresh Units - Not Installed</proc:ImplementationMethodName>
                                        <proc:InstallationQuantity>15</proc:InstallationQuantity>
                                    </proc:OrganicInstallation>
                                </proc:ImplementationMethod>
                            </proc:ImplementationMethodList>
                            <proc:TotalCost>
                                <proc:TotalCost>
                                    <proc:AllPriorYears>21.008</proc:AllPriorYears>
                                    <proc:PriorYear>0.93</proc:PriorYear>
                                    <proc:CurrentYear>0.6</proc:CurrentYear>
                                    <proc:BudgetYearOneBase>0.1</proc:BudgetYearOneBase>
                                    <proc:BudgetYearOneOOC>0</proc:BudgetYearOneOOC>
                                    <proc:BudgetYearOne>0.1</proc:BudgetYearOne>
                                </proc:TotalCost>
                            </proc:TotalCost>
                        </proc:Installation>
                    </proc:ModificationItem>
                </proc:ModificationItemList>
                <proc:ProcurementSubtotal>
                    <proc:TotalCost>
                        <proc:AllPriorYears>330.882</proc:AllPriorYears>
                        <proc:PriorYear>10.282</proc:PriorYear>
                        <proc:CurrentYear>4.502</proc:CurrentYear>
                        <proc:BudgetYearOneBase>2.279</proc:BudgetYearOneBase>
                        <proc:BudgetYearOne>2.279</proc:BudgetYearOne>
                    </proc:TotalCost>
                </proc:ProcurementSubtotal>
                <proc:InstallationSubtotal>
                    <proc:TotalCost>
                        <proc:AllPriorYears>21.008</proc:AllPriorYears>
                        <proc:PriorYear>0.93</proc:PriorYear>
                        <proc:CurrentYear>0.6</proc:CurrentYear>
                        <proc:BudgetYearOneBase>0.1</proc:BudgetYearOneBase>
                        <proc:BudgetYearOne>0.1</proc:BudgetYearOne>
                    </proc:TotalCost>
                </proc:InstallationSubtotal>
                <proc:Description>DESCRIPTION/JUSTIFICATION: MK XIIA Mode 5 provides improved secure cooperative combat identification via a two-way encrypted datalink known as Identification Friend or Foe (IFF). Mode 5 compatibility is part of the Combat Identification Family of Systems strategy employed by US and North Atlantic Treaty Organization (NATO)/Allied forces and improves situational awareness, reduces fratricide, reduces enemy disruption of IFF functions and ensures the safe return of friendly aircraft. The DoD implementation is governed by AIMS 03-1000A, AIMS 03-1000B, AIMS 17-1000 and USN requirements defined in ORD # 577-06-01 and is designed to be compatible with civilian IFF modes ensuring interoperability of military and civilian aircraft. 

DEVELOPMENT STATUS/MAJOR DEVELOPMENT MILESTONES:  USN forward-deployed aircraft are fully Mode 5 capable. Mode 5 integration continues for the UC-12W+ aircraft which will field Mode 5 in 2025. FY 26 efforts are for enhancements, mitigation steps for obsolescence issues, and implementation of NSA-mandated Mode 5 Crypto Modernization 2 (CM2) requirements.</proc:Description>
            </proc:P3AModificationItemGroup>
        </proc:ItemExhibitList>
        <proc:DocumentAssemblyOptions>
            <proc:p40AItemScheduleSetting>total</proc:p40AItemScheduleSetting>
        </proc:DocumentAssemblyOptions>
    </proc:LineItem>
</proc:LineItemList>