<?xml version="1.0" encoding="UTF-8"?>
<proc:LineItemList xmlns:proc="http://www.dtic.mil/comptroller/xml/schema/20100219/procurement">
    <proc:LineItem quantityUnits="Each" unitCostUnits="Thousands" totalCostUnits="Millions" manufacturerRateUnits="Yearly" suppressOutfittingDeliveryBY2ToBY5="true">
        <proc:LineItemNumber>0443</proc:LineItemNumber>
        <proc:LineItemTitle>MQ-8 UAV</proc:LineItemTitle>
        <proc:P1LineNumber>29</proc:P1LineNumber>
        <proc:BudgetYear>2026</proc:BudgetYear>
        <proc:BudgetCycle>PB</proc:BudgetCycle>
        <proc:SubmissionDate>2025-06</proc:SubmissionDate>
        <proc:ServiceAgencyName>Navy</proc:ServiceAgencyName>
        <proc:AppropriationNumber>1506N</proc:AppropriationNumber>
        <proc:AppropriationTitle>Aircraft Procurement, Navy</proc:AppropriationTitle>
        <proc:BudgetActivityNumber>4</proc:BudgetActivityNumber>
        <proc:BudgetActivityTitle>Other Aircraft</proc:BudgetActivityTitle>
        <proc:BudgetSubActivityNumber>1</proc:BudgetSubActivityNumber>
        <proc:BudgetSubActivityTitle>Other Aircraft</proc:BudgetSubActivityTitle>
        <proc:ResourceSummary>
            <proc:Quantity>
                <proc:AllPriorYears>59</proc:AllPriorYears>
            </proc:Quantity>
            <proc:TotalCost>
                <proc:AllPriorYears>1427.25</proc:AllPriorYears>
                <proc:PriorYear>1.546</proc:PriorYear>
                <proc:CurrentYear>0</proc:CurrentYear>
                <proc:BudgetYearOneBase>0</proc:BudgetYearOneBase>
                <proc:BudgetYearOneOOC>0</proc:BudgetYearOneOOC>
                <proc:BudgetYearOne>0</proc:BudgetYearOne>
            </proc:TotalCost>
            <proc:UnitCost>
                <proc:AllPriorYears>24190.678</proc:AllPriorYears>
            </proc:UnitCost>
            <proc:NetProcurementP1>
                <proc:AllPriorYears>1427.25</proc:AllPriorYears>
                <proc:PriorYear>1.546</proc:PriorYear>
                <proc:CurrentYear>0</proc:CurrentYear>
                <proc:BudgetYearOneBase>0</proc:BudgetYearOneBase>
                <proc:BudgetYearOneOOC>0</proc:BudgetYearOneOOC>
                <proc:BudgetYearOne>0</proc:BudgetYearOne>
            </proc:NetProcurementP1>
            <proc:TotalObligationAuthority>
                <proc:AllPriorYears>1427.25</proc:AllPriorYears>
                <proc:PriorYear>1.546</proc:PriorYear>
                <proc:CurrentYear>0</proc:CurrentYear>
                <proc:BudgetYearOneBase>0</proc:BudgetYearOneBase>
                <proc:BudgetYearOneOOC>0</proc:BudgetYearOneOOC>
                <proc:BudgetYearOne>0</proc:BudgetYearOne>
            </proc:TotalObligationAuthority>
            <proc:FlyawayUnitCost>
                <proc:AllPriorYears>17244.78</proc:AllPriorYears>
            </proc:FlyawayUnitCost>
        </proc:ResourceSummary>
        <proc:Code>A</proc:Code>
        <proc:Description>The MQ-8 Unmanned Air System is a Joint Military Intelligence Program.

There is no funding requested in FY2026 based on a Navy decision to divest current inventory of MQ-8C Air Vehicles (AVs) and associated equipment. The Navy will divest the MQ-8C Fire Scout Uncrewed Aircraft System at the conclusion of FY 2024. Through coordination with Commander Naval Air Forces, Commander Naval Surface Forces, Naval Air Systems Command and Naval Sea Systems Command, operational employment of the MQ-8C will end in Q4 FY2024 and sundown will be completed by Q4 FY2026.

The MQ-8C Fire Scout is a vertical take-off and landing, expeditionary, unmanned aircraft system (UAS) capable of day/night ship and shore-based operations.  Fire Scout provides an airborne, unmanned, sea-based, persistent intelligence, surveillance, reconnaissance and targeting (ISR-T) asset to the host Littoral Combat Ship (LCS) platform or suitably equipped air capable ships (SEACS) without the reliance on limited joint theater or national assets.   The MQ-8C Fire Scout system of systems includes the Mission Control System (MCS), Unmanned Common Aircraft Recovery System (UCARS) (required for shipboard only), and Tactical Common Data Link (TCDL) for MQ-8C command &amp; control and payload data transmission. 
 
The program procured a total of 68 (59 procurement and nine (9) RDTEN) air vehicles 30 MQ-8Bs and 38 MQ-8Cs. The program sustains Nineteen 19 MQ-8C Fire Scout Operational air vehicles (17 allocated to Fleet, two (2) allocated to UX24) with no further contract deliveries.  17 MQ-8Cs are in long term preservation located at the Fleet Contractor Field Team (CFT) supported storage and maintenance facility at Naval Base Ventura County (NBVC) Pt. Mugu, CA. Two (2) MQ-8Cs were stricken due to attrition. All 30 MQ-8B's have been fully sun downed as of 30 September 2022.
 
A deployed MQ-8 system includes AV(s), payloads (i.e. electro-optical/infrared/laser designator-range finder, Automated Identification System, voice communications relay, Radar, and other specialty payloads), MCS (with TCS and TCDL integrated for interoperability), UCARS for automatic launch and recovery, and associated spares and support equipment. The quantities and schedules for MCS and UCARS components are based on host ship requirements, while quantities and schedules for air vehicle components, support equipment, and training equipment are based on operational deployment plans. A limited number of land-based MCS supplement the shipboard systems to support shore-based operations, such as pre-deployment or acceptance functional check flights. These land-based MCS will also support depot-level maintenance/post-maintenance activities. 

MQ-8 systems will support missions on LCS and/or suitably-equipped air capable ships and land based MQ-8 requirements.  Quantities of air vehicles are derived from LCS and/or suitably-equipped air capable ship deployment requirements for Surveillance and Reconnaissance, and Surface Warfare and Mine Countermeasures mission sets. Future ships supported include FFG.</proc:Description>
        <proc:Justification>There is no funding requested in FY2026 based on a Navy decision to divest current inventory of MQ-8C Air Vehicles (AVs) and associated equipment.</proc:Justification>
        <proc:MDAPCode>253</proc:MDAPCode>
        <proc:ItemExhibitList>
            <proc:P5Item>
                <proc:Name>MQ-8 UAV</proc:Name>
                <proc:ItemNumber>1</proc:ItemNumber>
                <proc:ResourceSummary>
                    <proc:Quantity>
                        <proc:AllPriorYears>59</proc:AllPriorYears>
                    </proc:Quantity>
                    <proc:TotalCost>
                        <proc:AllPriorYears>1427.25</proc:AllPriorYears>
                        <proc:PriorYear>1.546</proc:PriorYear>
                        <proc:CurrentYear>0</proc:CurrentYear>
                        <proc:BudgetYearOneBase>0</proc:BudgetYearOneBase>
                        <proc:BudgetYearOneOOC>0</proc:BudgetYearOneOOC>
                        <proc:BudgetYearOne>0</proc:BudgetYearOne>
                    </proc:TotalCost>
                    <proc:UnitCost>
                        <proc:AllPriorYears>24190.678</proc:AllPriorYears>
                    </proc:UnitCost>
                    <proc:NetProcurementP1>
                        <proc:AllPriorYears>1427.25</proc:AllPriorYears>
                        <proc:PriorYear>1.546</proc:PriorYear>
                        <proc:CurrentYear>0</proc:CurrentYear>
                        <proc:BudgetYearOneBase>0</proc:BudgetYearOneBase>
                        <proc:BudgetYearOneOOC>0</proc:BudgetYearOneOOC>
                        <proc:BudgetYearOne>0</proc:BudgetYearOne>
                    </proc:NetProcurementP1>
                    <proc:TotalObligationAuthority>
                        <proc:AllPriorYears>1427.25</proc:AllPriorYears>
                        <proc:PriorYear>1.546</proc:PriorYear>
                        <proc:CurrentYear>0</proc:CurrentYear>
                        <proc:BudgetYearOneBase>0</proc:BudgetYearOneBase>
                        <proc:BudgetYearOneOOC>0</proc:BudgetYearOneOOC>
                        <proc:BudgetYearOne>0</proc:BudgetYearOne>
                    </proc:TotalObligationAuthority>
                </proc:ResourceSummary>
                <proc:CostElementCategoryList>
                    <proc:Flyaway>
                        <proc:Recurring>
                            <proc:CostElementList>
                                <proc:CostElement>
                                    <proc:Name>1.1.1) Airframe/CFE</proc:Name>
                                    <proc:Cost>
                                        <proc:Quantity>
                                            <proc:AllPriorYears>59</proc:AllPriorYears>
                                        </proc:Quantity>
                                        <proc:TotalCost>
                                            <proc:AllPriorYears>648.432</proc:AllPriorYears>
                                        </proc:TotalCost>
                                        <proc:UnitCost>
                                            <proc:AllPriorYears>10990.373</proc:AllPriorYears>
                                        </proc:UnitCost>
                                    </proc:Cost>
                                </proc:CostElement>
                                <proc:CostElement>
                                    <proc:Name>1.1.2) GFE Electronics</proc:Name>
                                    <proc:Cost>
                                        <proc:TotalCost>
                                            <proc:AllPriorYears>128.256</proc:AllPriorYears>
                                        </proc:TotalCost>
                                    </proc:Cost>
                                </proc:CostElement>
                            </proc:CostElementList>
                            <proc:CategorySubtotal>
                                <proc:TotalCost>
                                    <proc:AllPriorYears>776.688</proc:AllPriorYears>
                                </proc:TotalCost>
                            </proc:CategorySubtotal>
                        </proc:Recurring>
                        <proc:NonRecurring>
                            <proc:CostElementList>
                                <proc:CostElement>
                                    <proc:Name>1.2.1) Non-Recur Cost</proc:Name>
                                    <proc:Cost>
                                        <proc:TotalCost>
                                            <proc:AllPriorYears>30.79</proc:AllPriorYears>
                                        </proc:TotalCost>
                                    </proc:Cost>
                                </proc:CostElement>
                                <proc:CostElement>
                                    <proc:Name>1.2.2) Ancillary Equipment</proc:Name>
                                    <proc:Cost>
                                        <proc:TotalCost>
                                            <proc:AllPriorYears>209.964</proc:AllPriorYears>
                                            <proc:PriorYear>0.421</proc:PriorYear>
                                        </proc:TotalCost>
                                    </proc:Cost>
                                </proc:CostElement>
                            </proc:CostElementList>
                            <proc:CategorySubtotal>
                                <proc:TotalCost>
                                    <proc:AllPriorYears>240.754</proc:AllPriorYears>
                                    <proc:PriorYear>0.421</proc:PriorYear>
                                </proc:TotalCost>
                            </proc:CategorySubtotal>
                        </proc:NonRecurring>
                        <proc:CategorySubtotal>
                            <proc:TotalCost>
                                <proc:AllPriorYears>1017.442</proc:AllPriorYears>
                                <proc:PriorYear>0.421</proc:PriorYear>
                            </proc:TotalCost>
                        </proc:CategorySubtotal>
                    </proc:Flyaway>
                    <proc:Support>
                        <proc:CostElementList>
                            <proc:CostElement>
                                <proc:Name>2.1) Airframe PGSE</proc:Name>
                                <proc:Cost>
                                    <proc:TotalCost>
                                        <proc:AllPriorYears>31.396</proc:AllPriorYears>
                                    </proc:TotalCost>
                                </proc:Cost>
                            </proc:CostElement>
                            <proc:CostElement>
                                <proc:Name>2.2) Avionics PGSE</proc:Name>
                                <proc:Cost>
                                    <proc:TotalCost>
                                        <proc:AllPriorYears>7.813</proc:AllPriorYears>
                                    </proc:TotalCost>
                                </proc:Cost>
                            </proc:CostElement>
                            <proc:CostElement>
                                <proc:Name>2.3) Peculiar Training Equipment</proc:Name>
                                <proc:Cost>
                                    <proc:TotalCost>
                                        <proc:AllPriorYears>92.134</proc:AllPriorYears>
                                        <proc:PriorYear>0.711</proc:PriorYear>
                                    </proc:TotalCost>
                                </proc:Cost>
                            </proc:CostElement>
                            <proc:CostElement>
                                <proc:Name>2.4) Pubs/Tech Equipment</proc:Name>
                                <proc:Cost>
                                    <proc:TotalCost>
                                        <proc:AllPriorYears>20.687</proc:AllPriorYears>
                                    </proc:TotalCost>
                                </proc:Cost>
                            </proc:CostElement>
                            <proc:CostElement>
                                <proc:Name>2.5) Production Engineering Support</proc:Name>
                                <proc:Cost>
                                    <proc:TotalCost>
                                        <proc:AllPriorYears>181.486</proc:AllPriorYears>
                                        <proc:PriorYear>0.303</proc:PriorYear>
                                    </proc:TotalCost>
                                </proc:Cost>
                            </proc:CostElement>
                            <proc:CostElement>
                                <proc:Name>2.6) Other ILS Support</proc:Name>
                                <proc:Cost>
                                    <proc:TotalCost>
                                        <proc:AllPriorYears>76.292</proc:AllPriorYears>
                                        <proc:PriorYear>0.111</proc:PriorYear>
                                    </proc:TotalCost>
                                </proc:Cost>
                            </proc:CostElement>
                        </proc:CostElementList>
                        <proc:CategorySubtotal>
                            <proc:TotalCost>
                                <proc:AllPriorYears>409.808</proc:AllPriorYears>
                                <proc:PriorYear>1.125</proc:PriorYear>
                            </proc:TotalCost>
                        </proc:CategorySubtotal>
                    </proc:Support>
                </proc:CostElementCategoryList>
            </proc:P5Item>
        </proc:ItemExhibitList>
        <proc:DocumentAssemblyOptions>
            <proc:p40AItemScheduleSetting>total</proc:p40AItemScheduleSetting>
        </proc:DocumentAssemblyOptions>
    </proc:LineItem>
</proc:LineItemList>