<?xml version="1.0" encoding="UTF-8"?>
<proc:LineItemList xmlns:proc="http://www.dtic.mil/comptroller/xml/schema/20100219/procurement">
    <proc:LineItem quantityUnits="Each" unitCostUnits="Dollars" totalCostUnits="Millions" manufacturerRateUnits="Yearly" suppressOutfittingDeliveryBY2ToBY5="true">
        <proc:LineItemNumber>0514</proc:LineItemNumber>
        <proc:LineItemTitle>AV-8 Series</proc:LineItemTitle>
        <proc:P1LineNumber>43</proc:P1LineNumber>
        <proc:BudgetYear>2026</proc:BudgetYear>
        <proc:BudgetCycle>PB</proc:BudgetCycle>
        <proc:SubmissionDate>2025-06</proc:SubmissionDate>
        <proc:ServiceAgencyName>Navy</proc:ServiceAgencyName>
        <proc:AppropriationNumber>1506N</proc:AppropriationNumber>
        <proc:AppropriationTitle>Aircraft Procurement, Navy</proc:AppropriationTitle>
        <proc:BudgetActivityNumber>5</proc:BudgetActivityNumber>
        <proc:BudgetActivityTitle>Modification of Aircraft</proc:BudgetActivityTitle>
        <proc:BudgetSubActivityNumber>1</proc:BudgetSubActivityNumber>
        <proc:BudgetSubActivityTitle>Modification of Aircraft</proc:BudgetSubActivityTitle>
        <proc:ResourceSummary>
            <proc:TotalCost>
                <proc:AllPriorYears>1547.151</proc:AllPriorYears>
                <proc:PriorYear>3.137</proc:PriorYear>
                <proc:CurrentYear>3.584</proc:CurrentYear>
                <proc:BudgetYearOneBase>0</proc:BudgetYearOneBase>
                <proc:BudgetYearOneOOC>0</proc:BudgetYearOneOOC>
                <proc:BudgetYearOne>0</proc:BudgetYearOne>
            </proc:TotalCost>
            <proc:NetProcurementP1>
                <proc:AllPriorYears>1547.151</proc:AllPriorYears>
                <proc:PriorYear>3.137</proc:PriorYear>
                <proc:CurrentYear>3.584</proc:CurrentYear>
                <proc:BudgetYearOneBase>0</proc:BudgetYearOneBase>
                <proc:BudgetYearOneOOC>0</proc:BudgetYearOneOOC>
                <proc:BudgetYearOne>0</proc:BudgetYearOne>
            </proc:NetProcurementP1>
            <proc:TotalObligationAuthority>
                <proc:AllPriorYears>1547.151</proc:AllPriorYears>
                <proc:PriorYear>3.137</proc:PriorYear>
                <proc:CurrentYear>3.584</proc:CurrentYear>
                <proc:BudgetYearOneBase>0</proc:BudgetYearOneBase>
                <proc:BudgetYearOneOOC>0</proc:BudgetYearOneOOC>
                <proc:BudgetYearOne>0</proc:BudgetYearOne>
            </proc:TotalObligationAuthority>
        </proc:ResourceSummary>
        <proc:Code>A</proc:Code>
        <proc:Description>This line item funds modifications to T/AV-8B aircraft.  The AV-8B is a single engine, single crew member (two crew members for the trainer variant) aircraft capable of vertical/short take-off and landing operations.  The AV-8B meets the Marine Corps requirements for a light attack aircraft to provide responsive offensive air power that can operate from ships and austere forward bases in direct support of ground forces.  The overall goal of the modifications budgeted in FY 2024 is to continue incorporation of Obsolescence Replacement (OR)/Readiness Management Plan (RMP) systems, electrical and structural changes; inventory sustainment and upgrade efforts to offset obsolescence and attrition; incorporation of LITENING Pod upgrades, to include a forward section upgrade, an Advanced Tactical Data Link (ATDL) and release of associated software upgrades; incorporation of AV-8B F402-RR-408 engine safety and operational changes and crypto-modernization upgrade of a digitally interoperable Link 16 capability and associated software upgrades.   

The AV-8B active inventory (May 2025) consists of 3 configurations:
     3 Two-Seat T/AV-8B Aircraft
    22 RADAR Remanufacture Aircraft
     6 RADAR Production Aircraft

Retrofit quantities of each Engineering Change Proposal (ECP) vary by aircraft configuration type &amp; inventory when the change was introduced into production.  Retrofit quantities of each ECP also vary depending on whether the ECP applies to the airframe or an individual Weapons Replaceable Assembly. Non-recurring Engineering (NRE) varies from year to year based on complexity of ECPs and upgrades being engineered for implementation in a given year. Publications and Integrated Logistics Support (ILS) also vary from year to year based on complexity of logistics elements and number of publications required to be updated for each individual ECP. 

NOTE:
Funding reductions due to MA prioritized divestment strategy by FY 2026.</proc:Description>
        <proc:Justification>FY 2026 funding has been removed per the prioritized Marine Aviation (MA) divestment strategy.

The FY 2026 request was reduced by $0.014 million for Advisory and Assistance Services to promote efficiencies and advance the policies of the Administration in alignment with Executive Order 14222, "Implementing the President's Department of Government Efficiency Cost Efficiency Initiative."</proc:Justification>
        <proc:MDAPCode>530</proc:MDAPCode>
        <proc:ItemExhibitList>
            <proc:P3AModificationItemGroup>
                <proc:ModificationTitle>AV-8B LITENING POD (OSIP 023-00)</proc:ModificationTitle>
                <proc:ModificationNumber>1</proc:ModificationNumber>
                <proc:ModificationType>Upgrade</proc:ModificationType>
                <proc:Model>AV-8B Night Attack &amp; Radar/Reman</proc:Model>
                <proc:ResourceSummary>
                    <proc:TotalCost>
                        <proc:AllPriorYears>714.643</proc:AllPriorYears>
                        <proc:PriorYear>0.84</proc:PriorYear>
                        <proc:CurrentYear>2.464</proc:CurrentYear>
                        <proc:BudgetYearOneBase>0</proc:BudgetYearOneBase>
                        <proc:BudgetYearOneOOC>0</proc:BudgetYearOneOOC>
                        <proc:BudgetYearOne>0</proc:BudgetYearOne>
                    </proc:TotalCost>
                    <proc:NetProcurementP1>
                        <proc:AllPriorYears>714.643</proc:AllPriorYears>
                        <proc:PriorYear>0.84</proc:PriorYear>
                        <proc:CurrentYear>2.464</proc:CurrentYear>
                        <proc:BudgetYearOneBase>0</proc:BudgetYearOneBase>
                        <proc:BudgetYearOneOOC>0</proc:BudgetYearOneOOC>
                        <proc:BudgetYearOne>0</proc:BudgetYearOne>
                    </proc:NetProcurementP1>
                    <proc:TotalObligationAuthority>
                        <proc:AllPriorYears>714.643</proc:AllPriorYears>
                        <proc:PriorYear>0.84</proc:PriorYear>
                        <proc:CurrentYear>2.464</proc:CurrentYear>
                        <proc:BudgetYearOneBase>0</proc:BudgetYearOneBase>
                        <proc:BudgetYearOneOOC>0</proc:BudgetYearOneOOC>
                        <proc:BudgetYearOne>0</proc:BudgetYearOne>
                    </proc:TotalObligationAuthority>
                </proc:ResourceSummary>
                <proc:SupportCost>
                    <proc:CostElementList>
                        <proc:CostElement>
                            <proc:Name>3.1) Engineering Change Orders</proc:Name>
                            <proc:Cost>
                                <proc:TotalCost>
                                    <proc:AllPriorYears>1.748</proc:AllPriorYears>
                                </proc:TotalCost>
                            </proc:Cost>
                        </proc:CostElement>
                        <proc:CostElement>
                            <proc:Name>3.2) Data</proc:Name>
                            <proc:Cost>
                                <proc:TotalCost>
                                    <proc:AllPriorYears>2.114</proc:AllPriorYears>
                                    <proc:PriorYear>0.03</proc:PriorYear>
                                </proc:TotalCost>
                            </proc:Cost>
                        </proc:CostElement>
                        <proc:CostElement>
                            <proc:Name>3.3) Training Equipment</proc:Name>
                            <proc:Cost>
                                <proc:TotalCost>
                                    <proc:AllPriorYears>28.915</proc:AllPriorYears>
                                    <proc:PriorYear>0.14</proc:PriorYear>
                                </proc:TotalCost>
                            </proc:Cost>
                        </proc:CostElement>
                        <proc:CostElement>
                            <proc:Name>3.4) Support Equipment</proc:Name>
                            <proc:Cost>
                                <proc:Quantity>
                                    <proc:AllPriorYears>111</proc:AllPriorYears>
                                </proc:Quantity>
                                <proc:TotalCost>
                                    <proc:AllPriorYears>7.855</proc:AllPriorYears>
                                </proc:TotalCost>
                            </proc:Cost>
                        </proc:CostElement>
                        <proc:CostElement>
                            <proc:Name>3.5) ILS</proc:Name>
                            <proc:Cost>
                                <proc:TotalCost>
                                    <proc:AllPriorYears>4.504</proc:AllPriorYears>
                                    <proc:CurrentYear>0.835</proc:CurrentYear>
                                </proc:TotalCost>
                            </proc:Cost>
                        </proc:CostElement>
                        <proc:CostElement>
                            <proc:Name footnote="Cost element reduction in FY26 is due to sundown per MA divestment strategy.">3.6) Other Support</proc:Name>
                            <proc:Cost>
                                <proc:TotalCost>
                                    <proc:AllPriorYears>63.903</proc:AllPriorYears>
                                    <proc:PriorYear>0.592</proc:PriorYear>
                                    <proc:CurrentYear>0.239</proc:CurrentYear>
                                </proc:TotalCost>
                            </proc:Cost>
                        </proc:CostElement>
                    </proc:CostElementList>
                    <proc:CategorySubtotal>
                        <proc:TotalCost>
                            <proc:AllPriorYears>109.039</proc:AllPriorYears>
                            <proc:PriorYear>0.762</proc:PriorYear>
                            <proc:CurrentYear>1.074</proc:CurrentYear>
                        </proc:TotalCost>
                    </proc:CategorySubtotal>
                </proc:SupportCost>
                <proc:ModificationItemList>
                    <proc:ModificationItem>
                        <proc:Title>AV-8B LITENING POD (OSIP 023-00)</proc:Title>
                        <proc:Procurement>
                            <proc:TotalCost>
                                <proc:Quantity>
                                    <proc:AllPriorYears>361</proc:AllPriorYears>
                                </proc:Quantity>
                                <proc:TotalCost>
                                    <proc:AllPriorYears>605.604</proc:AllPriorYears>
                                    <proc:PriorYear>0.078</proc:PriorYear>
                                    <proc:CurrentYear>1.39</proc:CurrentYear>
                                </proc:TotalCost>
                            </proc:TotalCost>
                        </proc:Procurement>
                        <proc:IndividualModInstallationList>
                            <proc:IndividualModInstallation>
                                <proc:Title>Common OFP V4</proc:Title>
                                <proc:KitList>
                                    <proc:Kit>
                                        <proc:Name>2.1.1) Common OFP V4 - Organic</proc:Name>
                                        <proc:Cost>
                                            <proc:TotalCost>
                                                <proc:AllPriorYears>27.875</proc:AllPriorYears>
                                            </proc:TotalCost>
                                        </proc:Cost>
                                    </proc:Kit>
                                </proc:KitList>
                                <proc:TotalCost>
                                    <proc:TotalCost>
                                        <proc:AllPriorYears>27.875</proc:AllPriorYears>
                                    </proc:TotalCost>
                                </proc:TotalCost>
                            </proc:IndividualModInstallation>
                            <proc:IndividualModInstallation>
                                <proc:Title>Advanced Tactical Datalink (ATDL) WRA</proc:Title>
                                <proc:KitList>
                                    <proc:Kit>
                                        <proc:Name>2.1.2) Advanced Tactical Datalink (ATDL) WRA - Organic</proc:Name>
                                        <proc:Cost>
                                            <proc:Quantity>
                                                <proc:AllPriorYears>43</proc:AllPriorYears>
                                            </proc:Quantity>
                                            <proc:TotalCost>
                                                <proc:AllPriorYears>18.496</proc:AllPriorYears>
                                            </proc:TotalCost>
                                        </proc:Cost>
                                    </proc:Kit>
                                </proc:KitList>
                                <proc:TotalCost>
                                    <proc:Quantity>
                                        <proc:AllPriorYears>43</proc:AllPriorYears>
                                    </proc:Quantity>
                                    <proc:TotalCost>
                                        <proc:AllPriorYears>18.496</proc:AllPriorYears>
                                    </proc:TotalCost>
                                </proc:TotalCost>
                            </proc:IndividualModInstallation>
                            <proc:IndividualModInstallation>
                                <proc:Title>Common OFP V5 - LITENING Digital Port</proc:Title>
                                <proc:KitList>
                                    <proc:Kit>
                                        <proc:Name>2.1.3) Common OFP V5 - LITENING Digital Port - Organic</proc:Name>
                                        <proc:Cost>
                                            <proc:TotalCost>
                                                <proc:CurrentYear>1.39</proc:CurrentYear>
                                            </proc:TotalCost>
                                        </proc:Cost>
                                    </proc:Kit>
                                </proc:KitList>
                                <proc:TotalCost>
                                    <proc:TotalCost>
                                        <proc:CurrentYear>1.39</proc:CurrentYear>
                                    </proc:TotalCost>
                                </proc:TotalCost>
                            </proc:IndividualModInstallation>
                            <proc:IndividualModInstallation>
                                <proc:Title>Archived ECPs</proc:Title>
                                <proc:KitList>
                                    <proc:Kit>
                                        <proc:Name>2.1.4) Archived ECPs - Organic</proc:Name>
                                        <proc:Cost>
                                            <proc:Quantity>
                                                <proc:AllPriorYears>318</proc:AllPriorYears>
                                            </proc:Quantity>
                                            <proc:TotalCost>
                                                <proc:AllPriorYears>486.577</proc:AllPriorYears>
                                            </proc:TotalCost>
                                        </proc:Cost>
                                    </proc:Kit>
                                </proc:KitList>
                                <proc:TotalCost>
                                    <proc:Quantity>
                                        <proc:AllPriorYears>318</proc:AllPriorYears>
                                    </proc:Quantity>
                                    <proc:TotalCost>
                                        <proc:AllPriorYears>486.577</proc:AllPriorYears>
                                    </proc:TotalCost>
                                </proc:TotalCost>
                            </proc:IndividualModInstallation>
                            <proc:IndividualModInstallation>
                                <proc:Title>Installation Equipment N/R</proc:Title>
                                <proc:KitList>
                                    <proc:Kit>
                                        <proc:Name>2.2.1) Installation Equipment N/R - Organic</proc:Name>
                                        <proc:Cost>
                                            <proc:TotalCost>
                                                <proc:AllPriorYears>72.656</proc:AllPriorYears>
                                                <proc:PriorYear>0.078</proc:PriorYear>
                                            </proc:TotalCost>
                                        </proc:Cost>
                                    </proc:Kit>
                                </proc:KitList>
                                <proc:TotalCost>
                                    <proc:TotalCost>
                                        <proc:AllPriorYears>72.656</proc:AllPriorYears>
                                        <proc:PriorYear>0.078</proc:PriorYear>
                                    </proc:TotalCost>
                                </proc:TotalCost>
                            </proc:IndividualModInstallation>
                        </proc:IndividualModInstallationList>
                    </proc:ModificationItem>
                </proc:ModificationItemList>
                <proc:ProcurementSubtotal>
                    <proc:TotalCost>
                        <proc:AllPriorYears>605.604</proc:AllPriorYears>
                        <proc:PriorYear>0.078</proc:PriorYear>
                        <proc:CurrentYear>1.39</proc:CurrentYear>
                    </proc:TotalCost>
                </proc:ProcurementSubtotal>
                <proc:Description>The system integrates and procures an external targeting pod that includes an infrared and low-light television targeting device capable of detecting, classifying, auto-tracking, and designating air-to-surface targets. The system will support first-pass autonomous delivery of conventional, precision guided and accurate munitions to include Laser Maverick, Guided Bomb Unit (GBU)-12, GBU-16, and Joint Direct Attack Munitions. The system will provide targeting capabilities for the AV-8B Fleet of Night Attack and RADAR aircraft through the end of its service life. The AV-8B Program Office is the single management authority, procuring, integrating, and managing the LITENING Pod program on all United States Marine Corps (USMC) (AV-8B/F/A-18) platforms in order to maintain commonality within USMC Tactical Air (TACAIR) for LITENING capabilities. Under this structure, the G4 LITENING pod is being procured and integrated on the AV-8B and F/A-18 platforms via aircraft-specific Operational Flight Programs (OFPs). The G4 upgrade vastly improves combat capabilities through increased coverage, expanded Improvised Explosive Device detection capability, and expanding range of video downlink to support ground units equipped with Remote Operated Video Enhanced Receiver (ROVER) and Video Scout ground stations. Theater Joint Tactical Air Requests are specifically requesting LITENING Datalink capabilities for Intelligence, Surveillance, and Reconnaissance. The upgrade doubles the Forward Looking Infrared resolution, and adds Laser Target Image Processing (LTIP) for enhanced detection and targeting capability; increasing the survivability and effectiveness of ground forces. Further upgrades to the Pod Common USMC OFP, such as COFP V4 and V5, will be integrated in follow-on AV-8B and F/A-18 platform OFPs. Future upgrades are planned to the LITENING Datalink. The Advanced Tactical Datalink (ATDL), in conjunction with COFP V4, will permit collaborative and networked payloads to communicate with each other and determine appropriate action against multiple targets simultaneously. It will enable usage of secure, nonproprietary encrypted data waveforms for information exchange in both air-to-air and air-to-ground environments among an increasing number of contributors, providing the ability to link to ground forces in a digital interoperable, robust, and flexible network architecture. Support equipment will include portable power units, trouble shooting support equipment and video viewing devices. The associated V4 software upgrade will integrate tracking Algorithm updates providing more reliable tracking of moving targets, improvements to the passive ranging, improvements to Pod focus and mode selection process, and image overlay mode</proc:Description>
            </proc:P3AModificationItemGroup>
            <proc:P3AModificationItemGroup>
                <proc:ModificationTitle>OBSOLESCENCE REPLACEMENT (OSIP 006-06)</proc:ModificationTitle>
                <proc:ModificationNumber>2</proc:ModificationNumber>
                <proc:ModificationType>TBD</proc:ModificationType>
                <proc:Model>[No Model Specified]</proc:Model>
                <proc:ResourceSummary>
                    <proc:TotalCost>
                        <proc:AllPriorYears>238.584</proc:AllPriorYears>
                        <proc:PriorYear>2.297</proc:PriorYear>
                        <proc:CurrentYear>1.12</proc:CurrentYear>
                        <proc:BudgetYearOneBase>0</proc:BudgetYearOneBase>
                        <proc:BudgetYearOneOOC>0</proc:BudgetYearOneOOC>
                        <proc:BudgetYearOne>0</proc:BudgetYearOne>
                    </proc:TotalCost>
                    <proc:NetProcurementP1>
                        <proc:AllPriorYears>238.584</proc:AllPriorYears>
                        <proc:PriorYear>2.297</proc:PriorYear>
                        <proc:CurrentYear>1.12</proc:CurrentYear>
                        <proc:BudgetYearOneBase>0</proc:BudgetYearOneBase>
                        <proc:BudgetYearOneOOC>0</proc:BudgetYearOneOOC>
                        <proc:BudgetYearOne>0</proc:BudgetYearOne>
                    </proc:NetProcurementP1>
                    <proc:TotalObligationAuthority>
                        <proc:AllPriorYears>238.584</proc:AllPriorYears>
                        <proc:PriorYear>2.297</proc:PriorYear>
                        <proc:CurrentYear>1.12</proc:CurrentYear>
                        <proc:BudgetYearOneBase>0</proc:BudgetYearOneBase>
                        <proc:BudgetYearOneOOC>0</proc:BudgetYearOneOOC>
                        <proc:BudgetYearOne>0</proc:BudgetYearOne>
                    </proc:TotalObligationAuthority>
                </proc:ResourceSummary>
                <proc:SupportCost>
                    <proc:CostElementList>
                        <proc:CostElement>
                            <proc:Name>3.1) Data</proc:Name>
                            <proc:Cost>
                                <proc:TotalCost>
                                    <proc:AllPriorYears>2.254</proc:AllPriorYears>
                                    <proc:PriorYear>0.01</proc:PriorYear>
                                </proc:TotalCost>
                            </proc:Cost>
                        </proc:CostElement>
                        <proc:CostElement>
                            <proc:Name>3.2) Training Equipment</proc:Name>
                            <proc:Cost>
                                <proc:TotalCost>
                                    <proc:AllPriorYears>1.194</proc:AllPriorYears>
                                </proc:TotalCost>
                            </proc:Cost>
                        </proc:CostElement>
                        <proc:CostElement>
                            <proc:Name>3.3) Support Equipment</proc:Name>
                            <proc:Cost>
                                <proc:TotalCost>
                                    <proc:AllPriorYears>12.902</proc:AllPriorYears>
                                    <proc:PriorYear>1.807</proc:PriorYear>
                                    <proc:CurrentYear>0.41</proc:CurrentYear>
                                </proc:TotalCost>
                            </proc:Cost>
                        </proc:CostElement>
                        <proc:CostElement>
                            <proc:Name>3.4) ILS</proc:Name>
                            <proc:Cost>
                                <proc:TotalCost>
                                    <proc:AllPriorYears>7.142</proc:AllPriorYears>
                                    <proc:PriorYear>0.425</proc:PriorYear>
                                    <proc:CurrentYear>0.7</proc:CurrentYear>
                                </proc:TotalCost>
                            </proc:Cost>
                        </proc:CostElement>
                        <proc:CostElement>
                            <proc:Name>3.5) Other Support</proc:Name>
                            <proc:Cost>
                                <proc:TotalCost>
                                    <proc:AllPriorYears>57.499</proc:AllPriorYears>
                                    <proc:PriorYear>0.01</proc:PriorYear>
                                    <proc:CurrentYear>0.01</proc:CurrentYear>
                                </proc:TotalCost>
                            </proc:Cost>
                        </proc:CostElement>
                    </proc:CostElementList>
                    <proc:CategorySubtotal>
                        <proc:TotalCost>
                            <proc:AllPriorYears>80.991</proc:AllPriorYears>
                            <proc:PriorYear>2.252</proc:PriorYear>
                            <proc:CurrentYear>1.12</proc:CurrentYear>
                        </proc:TotalCost>
                    </proc:CategorySubtotal>
                </proc:SupportCost>
                <proc:ModificationItemList>
                    <proc:ModificationItem>
                        <proc:Title>OBSOLESCENCE REPLACEMENT (OSIP 006-06)</proc:Title>
                        <proc:Procurement>
                            <proc:TotalCost>
                                <proc:Quantity>
                                    <proc:AllPriorYears>392</proc:AllPriorYears>
                                </proc:Quantity>
                                <proc:TotalCost>
                                    <proc:AllPriorYears>157.593</proc:AllPriorYears>
                                    <proc:PriorYear>0.045</proc:PriorYear>
                                </proc:TotalCost>
                            </proc:TotalCost>
                        </proc:Procurement>
                        <proc:IndividualModInstallationList>
                            <proc:IndividualModInstallation>
                                <proc:Title>PMA-257-2023-0001 RDC FPGA Firmware Upgrade</proc:Title>
                                <proc:KitList>
                                    <proc:Kit>
                                        <proc:Name>1.1.2) PMA-257-2023-0001 RDC FPGA Firmware Upgrade - Organic</proc:Name>
                                        <proc:Cost>
                                            <proc:Quantity>
                                                <proc:AllPriorYears>45</proc:AllPriorYears>
                                            </proc:Quantity>
                                            <proc:TotalCost>
                                                <proc:AllPriorYears>0.002</proc:AllPriorYears>
                                            </proc:TotalCost>
                                        </proc:Cost>
                                    </proc:Kit>
                                </proc:KitList>
                                <proc:TotalCost>
                                    <proc:Quantity>
                                        <proc:AllPriorYears>45</proc:AllPriorYears>
                                    </proc:Quantity>
                                    <proc:TotalCost>
                                        <proc:AllPriorYears>0.002</proc:AllPriorYears>
                                    </proc:TotalCost>
                                </proc:TotalCost>
                            </proc:IndividualModInstallation>
                            <proc:IndividualModInstallation>
                                <proc:Title>A Kits/Recurring - ARCHIVED ECPs</proc:Title>
                                <proc:KitList>
                                    <proc:Kit>
                                        <proc:Name>1.1.3) A Kits/Recurring - ARCHIVED ECPs - Organic</proc:Name>
                                        <proc:Cost>
                                            <proc:Quantity>
                                                <proc:AllPriorYears>177</proc:AllPriorYears>
                                            </proc:Quantity>
                                            <proc:TotalCost>
                                                <proc:AllPriorYears>66.869</proc:AllPriorYears>
                                            </proc:TotalCost>
                                        </proc:Cost>
                                    </proc:Kit>
                                </proc:KitList>
                                <proc:TotalCost>
                                    <proc:Quantity>
                                        <proc:AllPriorYears>177</proc:AllPriorYears>
                                    </proc:Quantity>
                                    <proc:TotalCost>
                                        <proc:AllPriorYears>66.869</proc:AllPriorYears>
                                    </proc:TotalCost>
                                </proc:TotalCost>
                            </proc:IndividualModInstallation>
                            <proc:IndividualModInstallation>
                                <proc:Title>Installation Kits N/R</proc:Title>
                                <proc:KitList>
                                    <proc:Kit>
                                        <proc:Name>1.2.1) Installation Kits N/R - Organic</proc:Name>
                                        <proc:Cost>
                                            <proc:TotalCost>
                                                <proc:AllPriorYears>24.577</proc:AllPriorYears>
                                                <proc:PriorYear>0.045</proc:PriorYear>
                                            </proc:TotalCost>
                                        </proc:Cost>
                                    </proc:Kit>
                                </proc:KitList>
                                <proc:TotalCost>
                                    <proc:TotalCost>
                                        <proc:AllPriorYears>24.577</proc:AllPriorYears>
                                        <proc:PriorYear>0.045</proc:PriorYear>
                                    </proc:TotalCost>
                                </proc:TotalCost>
                            </proc:IndividualModInstallation>
                            <proc:IndividualModInstallation>
                                <proc:Title>B Kits Recurring - ARCHIVED ECPs</proc:Title>
                                <proc:KitList>
                                    <proc:Kit>
                                        <proc:Name>2.1.1) B Kits Recurring - ARCHIVED ECPs - Organic</proc:Name>
                                        <proc:Cost>
                                            <proc:Quantity>
                                                <proc:AllPriorYears>170</proc:AllPriorYears>
                                            </proc:Quantity>
                                            <proc:TotalCost>
                                                <proc:AllPriorYears>36.558</proc:AllPriorYears>
                                            </proc:TotalCost>
                                        </proc:Cost>
                                    </proc:Kit>
                                </proc:KitList>
                                <proc:TotalCost>
                                    <proc:Quantity>
                                        <proc:AllPriorYears>170</proc:AllPriorYears>
                                    </proc:Quantity>
                                    <proc:TotalCost>
                                        <proc:AllPriorYears>36.558</proc:AllPriorYears>
                                    </proc:TotalCost>
                                </proc:TotalCost>
                            </proc:IndividualModInstallation>
                            <proc:IndividualModInstallation>
                                <proc:Title>Installation Equipment N/R</proc:Title>
                                <proc:KitList>
                                    <proc:Kit>
                                        <proc:Name>2.2.1) Installation Equipment N/R - Organic</proc:Name>
                                        <proc:Cost>
                                            <proc:TotalCost>
                                                <proc:AllPriorYears>29.587</proc:AllPriorYears>
                                            </proc:TotalCost>
                                        </proc:Cost>
                                    </proc:Kit>
                                </proc:KitList>
                                <proc:TotalCost>
                                    <proc:TotalCost>
                                        <proc:AllPriorYears>29.587</proc:AllPriorYears>
                                    </proc:TotalCost>
                                </proc:TotalCost>
                            </proc:IndividualModInstallation>
                        </proc:IndividualModInstallationList>
                    </proc:ModificationItem>
                </proc:ModificationItemList>
                <proc:ProcurementSubtotal>
                    <proc:TotalCost>
                        <proc:AllPriorYears>157.593</proc:AllPriorYears>
                        <proc:PriorYear>0.045</proc:PriorYear>
                    </proc:TotalCost>
                </proc:ProcurementSubtotal>
                <proc:Description>Obsolescence Replacement provides for maintaining the reliability of the AV-8B weapons system until its projected end of service, which is now 2028 or until replaced by short take-off and vertical landing (STOVL) operations F-35B.  This requires the airframe and integrated systems to exceed planned service life and requires both systems modifications and obsolescence solutions.  Funds will be utilized to procure kits and kit components, incorporate Engineering Change Proposals (ECPs) and implement changes to sustain and improve AV-8B weapons system reliability including safety, mission availability, structural integrity, air-to-ground and air-to-air weapon system employment, stores expansion, and component (avionics/systems) reliability, maintainability, and obsolescence conditions, including peculiar support equipment.  This program may be required to provide emergent, timely remedial action for any aircraft system, component or structure.  Depot level modification installations will be planned and programmed concurrent with Planned Maintenance Interval (PMI) scheduled depot overhaul events to minimize aircraft out-of-service periods, unless safety or aircraft availability require stand-alone installations, or depot lack of capacity requires contracted modification installations. 

With the end of service life currently being 2028, OSIP 06-06 Obsolescence Replacement continues to focus on those ECPs that maintain the readiness of the AV-8B weapons system with consideration for cost and schedule. Determination of ECP kit quantities is based off of fleet requirements as outlined in the A-II as well as information from the TYCOM which reflects the squadron transition plan for the AV-8B fleet.

Support costs required for Obsolescence ECPs do not correlate significantly with the quantity or unit cost of kits procured.</proc:Description>
            </proc:P3AModificationItemGroup>
            <proc:P3AModificationItemGroup>
                <proc:ModificationTitle>INACTIVE OSIPS</proc:ModificationTitle>
                <proc:ModificationNumber>3</proc:ModificationNumber>
                <proc:ModificationType>TBD</proc:ModificationType>
                <proc:Model>[No Model Specified]</proc:Model>
                <proc:ResourceSummary>
                    <proc:TotalCost>
                        <proc:AllPriorYears>593.924</proc:AllPriorYears>
                        <proc:PriorYear>0</proc:PriorYear>
                        <proc:CurrentYear>0</proc:CurrentYear>
                        <proc:BudgetYearOneBase>0</proc:BudgetYearOneBase>
                        <proc:BudgetYearOneOOC>0</proc:BudgetYearOneOOC>
                        <proc:BudgetYearOne>0</proc:BudgetYearOne>
                    </proc:TotalCost>
                    <proc:NetProcurementP1>
                        <proc:AllPriorYears>593.924</proc:AllPriorYears>
                        <proc:PriorYear>0</proc:PriorYear>
                        <proc:CurrentYear>0</proc:CurrentYear>
                        <proc:BudgetYearOneBase>0</proc:BudgetYearOneBase>
                        <proc:BudgetYearOneOOC>0</proc:BudgetYearOneOOC>
                        <proc:BudgetYearOne>0</proc:BudgetYearOne>
                    </proc:NetProcurementP1>
                    <proc:TotalObligationAuthority>
                        <proc:AllPriorYears>593.924</proc:AllPriorYears>
                        <proc:PriorYear>0</proc:PriorYear>
                        <proc:CurrentYear>0</proc:CurrentYear>
                        <proc:BudgetYearOneBase>0</proc:BudgetYearOneBase>
                        <proc:BudgetYearOneOOC>0</proc:BudgetYearOneOOC>
                        <proc:BudgetYearOne>0</proc:BudgetYearOne>
                    </proc:TotalObligationAuthority>
                </proc:ResourceSummary>
                <proc:ModificationItemList>
                    <proc:ModificationItem>
                        <proc:Title>INACTIVE OSIPS</proc:Title>
                        <proc:Procurement>
                            <proc:TotalCost>
                                <proc:TotalCost>
                                    <proc:AllPriorYears>593.924</proc:AllPriorYears>
                                </proc:TotalCost>
                            </proc:TotalCost>
                        </proc:Procurement>
                        <proc:IndividualModInstallationList>
                            <proc:IndividualModInstallation>
                                <proc:Title>Inactive Osips</proc:Title>
                                <proc:KitList>
                                    <proc:Kit>
                                        <proc:Name>1.1.1) Inactive Osips - Organic</proc:Name>
                                        <proc:Cost>
                                            <proc:TotalCost>
                                                <proc:AllPriorYears>593.924</proc:AllPriorYears>
                                            </proc:TotalCost>
                                        </proc:Cost>
                                    </proc:Kit>
                                </proc:KitList>
                                <proc:TotalCost>
                                    <proc:TotalCost>
                                        <proc:AllPriorYears>593.924</proc:AllPriorYears>
                                    </proc:TotalCost>
                                </proc:TotalCost>
                            </proc:IndividualModInstallation>
                        </proc:IndividualModInstallationList>
                    </proc:ModificationItem>
                </proc:ModificationItemList>
                <proc:ProcurementSubtotal>
                    <proc:TotalCost>
                        <proc:AllPriorYears>593.924</proc:AllPriorYears>
                    </proc:TotalCost>
                </proc:ProcurementSubtotal>
                <proc:Description>Inactive OSIPs prior year totals.</proc:Description>
            </proc:P3AModificationItemGroup>
        </proc:ItemExhibitList>
        <proc:DocumentAssemblyOptions>
            <proc:p40AItemScheduleSetting>total</proc:p40AItemScheduleSetting>
        </proc:DocumentAssemblyOptions>
    </proc:LineItem>
</proc:LineItemList>