<?xml version="1.0" encoding="UTF-8"?>
<proc:LineItemList xmlns:proc="http://www.dtic.mil/comptroller/xml/schema/20100219/procurement">
    <proc:LineItem quantityUnits="Each" unitCostUnits="Thousands" totalCostUnits="Millions" manufacturerRateUnits="Yearly" suppressOutfittingDeliveryBY2ToBY5="true">
        <proc:LineItemNumber>0452</proc:LineItemNumber>
        <proc:LineItemTitle>Marine Group 5 UAS</proc:LineItemTitle>
        <proc:P1LineNumber>34</proc:P1LineNumber>
        <proc:BudgetYear>2026</proc:BudgetYear>
        <proc:BudgetCycle>PB</proc:BudgetCycle>
        <proc:SubmissionDate>2025-06</proc:SubmissionDate>
        <proc:ServiceAgencyName>Navy</proc:ServiceAgencyName>
        <proc:AppropriationNumber>1506N</proc:AppropriationNumber>
        <proc:AppropriationTitle>Aircraft Procurement, Navy</proc:AppropriationTitle>
        <proc:BudgetActivityNumber>4</proc:BudgetActivityNumber>
        <proc:BudgetActivityTitle>Other Aircraft</proc:BudgetActivityTitle>
        <proc:BudgetSubActivityNumber>1</proc:BudgetSubActivityNumber>
        <proc:BudgetSubActivityTitle>Other Aircraft</proc:BudgetSubActivityTitle>
        <proc:ResourceSummary>
            <proc:Quantity>
                <proc:AllPriorYears>13</proc:AllPriorYears>
                <proc:PriorYear>5</proc:PriorYear>
            </proc:Quantity>
            <proc:TotalCost>
                <proc:AllPriorYears>376.548</proc:AllPriorYears>
                <proc:PriorYear>86.063</proc:PriorYear>
                <proc:CurrentYear>19.081</proc:CurrentYear>
                <proc:BudgetYearOneBase>15.162</proc:BudgetYearOneBase>
                <proc:BudgetYearOneOOC>0</proc:BudgetYearOneOOC>
                <proc:BudgetYearOne>15.162</proc:BudgetYearOne>
            </proc:TotalCost>
            <proc:UnitCost>
                <proc:AllPriorYears>28965.231</proc:AllPriorYears>
                <proc:PriorYear>17212.6</proc:PriorYear>
            </proc:UnitCost>
            <proc:NetProcurementP1>
                <proc:AllPriorYears>376.548</proc:AllPriorYears>
                <proc:PriorYear>86.063</proc:PriorYear>
                <proc:CurrentYear>19.081</proc:CurrentYear>
                <proc:BudgetYearOneBase>15.162</proc:BudgetYearOneBase>
                <proc:BudgetYearOneOOC>0</proc:BudgetYearOneOOC>
                <proc:BudgetYearOne>15.162</proc:BudgetYearOne>
            </proc:NetProcurementP1>
            <proc:TotalObligationAuthority>
                <proc:AllPriorYears>376.548</proc:AllPriorYears>
                <proc:PriorYear>86.063</proc:PriorYear>
                <proc:CurrentYear>19.081</proc:CurrentYear>
                <proc:BudgetYearOneBase>15.162</proc:BudgetYearOneBase>
                <proc:BudgetYearOneOOC>0</proc:BudgetYearOneOOC>
                <proc:BudgetYearOne>15.162</proc:BudgetYearOne>
            </proc:TotalObligationAuthority>
            <proc:InitialSpares>
                <proc:PriorYear>49.122</proc:PriorYear>
                <proc:CurrentYear>15.917</proc:CurrentYear>
            </proc:InitialSpares>
            <proc:FlyawayUnitCost>
                <proc:AllPriorYears>22311.615</proc:AllPriorYears>
                <proc:PriorYear>6534</proc:PriorYear>
            </proc:FlyawayUnitCost>
        </proc:ResourceSummary>
        <proc:Code>A</proc:Code>
        <proc:CodeBProgramElementList>
            <proc:ProgramElementNumber>0207257N</proc:ProgramElementNumber>
        </proc:CodeBProgramElementList>
        <proc:OtherRelatedProgramElementList>
            <proc:ProgramElementNumber>0603128N</proc:ProgramElementNumber>
        </proc:OtherRelatedProgramElementList>
        <proc:Description>The Medium Altitude Long Endurance (MALE) program of record originated from the Marine Air Ground Task Force (MAGTF) Unmanned Aircraft System (UAS) Expeditionary (MUX) program to address capability requirements identified in the October 2016 MUX ICD and to meet the National Defense Strategy objectives through USMC Force Design Requirements by enabling operations inside of an adversary's weapons engagement zone. MALE, the first element of the MUX Family of Systems (FoS) employs a Block 5 MQ-9A airframe. The MQ-9A system is being re-purposed to provide persistent long-range stand-off multi-sensor reconnaissance, surveillance and targeting as well as airborne network extension and data relay of Command, Control, and Communications (C3) capabilities to MAGTF Stand-In-Forces (SIF) such as the Marine Littoral Regiment. Additionally, the MALE platform capabilities will enhance the multi-domain awareness and survivability of Joint Task Forces, consisting of distributed naval forces, and provide a critical node in area of operations kill webs during expeditionary, Joint and Combined Operations. The first production lot (FY22) was procured through a USAF contract for a QTY of (8), all Aircraft have been delivered.  The remaining 10 Aircraft have been transferred from previously USAF procured production inventory.</proc:Description>
        <proc:Justification>FY26 funding provides funding for ancillary equipment, site standup, airframe PGSE, peculiar training equipment, technical publications, and support.

The FY 2026 request was reduced by $0.745 million for Advisory and Assistance Services to promote efficiencies and advance the policies of the Administration in alignment with Executive Order 14222, "Implementing the President's Department of Government Efficiency Cost Efficiency Initiative."

The FY 2026 request was reduced by $0.216 million for civilian personnel to optimize the workforce in compliance with Executive Order 14210, "Implementing the President's Department of Government Efficiency Workforce Optimization Initiative."</proc:Justification>
        <proc:ItemExhibitList>
            <proc:P5Item>
                <proc:Name>Marine Group 5 UAS</proc:Name>
                <proc:ItemNumber>1</proc:ItemNumber>
                <proc:ResourceSummary>
                    <proc:Quantity>
                        <proc:AllPriorYears>13</proc:AllPriorYears>
                        <proc:PriorYear>5</proc:PriorYear>
                    </proc:Quantity>
                    <proc:TotalCost>
                        <proc:AllPriorYears>376.548</proc:AllPriorYears>
                        <proc:PriorYear>86.063</proc:PriorYear>
                        <proc:CurrentYear>19.081</proc:CurrentYear>
                        <proc:BudgetYearOneBase>15.162</proc:BudgetYearOneBase>
                        <proc:BudgetYearOneOOC>0</proc:BudgetYearOneOOC>
                        <proc:BudgetYearOne>15.162</proc:BudgetYearOne>
                    </proc:TotalCost>
                    <proc:UnitCost>
                        <proc:AllPriorYears>28965.231</proc:AllPriorYears>
                        <proc:PriorYear>17212.6</proc:PriorYear>
                    </proc:UnitCost>
                    <proc:NetProcurementP1>
                        <proc:AllPriorYears>376.548</proc:AllPriorYears>
                        <proc:PriorYear>86.063</proc:PriorYear>
                        <proc:CurrentYear>19.081</proc:CurrentYear>
                        <proc:BudgetYearOneBase>15.162</proc:BudgetYearOneBase>
                        <proc:BudgetYearOneOOC>0</proc:BudgetYearOneOOC>
                        <proc:BudgetYearOne>15.162</proc:BudgetYearOne>
                    </proc:NetProcurementP1>
                    <proc:TotalObligationAuthority>
                        <proc:AllPriorYears>376.548</proc:AllPriorYears>
                        <proc:PriorYear>86.063</proc:PriorYear>
                        <proc:CurrentYear>19.081</proc:CurrentYear>
                        <proc:BudgetYearOneBase>15.162</proc:BudgetYearOneBase>
                        <proc:BudgetYearOneOOC>0</proc:BudgetYearOneOOC>
                        <proc:BudgetYearOne>15.162</proc:BudgetYearOne>
                    </proc:TotalObligationAuthority>
                    <proc:InitialSpares>
                        <proc:PriorYear>49.122</proc:PriorYear>
                        <proc:CurrentYear>15.917</proc:CurrentYear>
                    </proc:InitialSpares>
                </proc:ResourceSummary>
                <proc:CostElementCategoryList>
                    <proc:Flyaway>
                        <proc:Recurring>
                            <proc:CostElementList>
                                <proc:CostElement>
                                    <proc:Name>1.1.1) Airframe/CFE</proc:Name>
                                    <proc:Cost>
                                        <proc:Quantity>
                                            <proc:AllPriorYears>13</proc:AllPriorYears>
                                        </proc:Quantity>
                                        <proc:TotalCost>
                                            <proc:AllPriorYears>153.21</proc:AllPriorYears>
                                        </proc:TotalCost>
                                        <proc:UnitCost>
                                            <proc:AllPriorYears>11785.385</proc:AllPriorYears>
                                        </proc:UnitCost>
                                    </proc:Cost>
                                </proc:CostElement>
                                <proc:CostElement>
                                    <proc:Name>1.1.2) Payload/Mission System CFE</proc:Name>
                                    <proc:Cost>
                                        <proc:TotalCost>
                                            <proc:AllPriorYears>18.346</proc:AllPriorYears>
                                        </proc:TotalCost>
                                    </proc:Cost>
                                </proc:CostElement>
                                <proc:CostElement>
                                    <proc:Name>1.1.3) GFE Electronics</proc:Name>
                                    <proc:Cost>
                                        <proc:TotalCost>
                                            <proc:AllPriorYears>36.148</proc:AllPriorYears>
                                        </proc:TotalCost>
                                    </proc:Cost>
                                </proc:CostElement>
                                <proc:CostElement>
                                    <proc:Name>1.1.4) Rec Flyaway ECO</proc:Name>
                                    <proc:Cost>
                                        <proc:TotalCost>
                                            <proc:AllPriorYears>6.798</proc:AllPriorYears>
                                        </proc:TotalCost>
                                    </proc:Cost>
                                </proc:CostElement>
                            </proc:CostElementList>
                            <proc:CategorySubtotal>
                                <proc:TotalCost>
                                    <proc:AllPriorYears>214.502</proc:AllPriorYears>
                                </proc:TotalCost>
                            </proc:CategorySubtotal>
                        </proc:Recurring>
                        <proc:NonRecurring>
                            <proc:CostElementList>
                                <proc:CostElement>
                                    <proc:Name footnote="FY 2025 to FY 2026 decrease is reflective of reduction in required ancillary equipment to support production requirements.">1.2.1) Ancillary Equip</proc:Name>
                                    <proc:Cost>
                                        <proc:TotalCost>
                                            <proc:AllPriorYears>75.549</proc:AllPriorYears>
                                            <proc:PriorYear>32.67</proc:PriorYear>
                                            <proc:CurrentYear>6.296</proc:CurrentYear>
                                            <proc:BudgetYearOneBase>3.5</proc:BudgetYearOneBase>
                                            <proc:BudgetYearOne>3.5</proc:BudgetYearOne>
                                        </proc:TotalCost>
                                    </proc:Cost>
                                </proc:CostElement>
                            </proc:CostElementList>
                            <proc:CategorySubtotal>
                                <proc:TotalCost>
                                    <proc:AllPriorYears>75.549</proc:AllPriorYears>
                                    <proc:PriorYear>32.67</proc:PriorYear>
                                    <proc:CurrentYear>6.296</proc:CurrentYear>
                                    <proc:BudgetYearOneBase>3.5</proc:BudgetYearOneBase>
                                    <proc:BudgetYearOne>3.5</proc:BudgetYearOne>
                                </proc:TotalCost>
                            </proc:CategorySubtotal>
                        </proc:NonRecurring>
                        <proc:CategorySubtotal>
                            <proc:TotalCost>
                                <proc:AllPriorYears>290.051</proc:AllPriorYears>
                                <proc:PriorYear>32.67</proc:PriorYear>
                                <proc:CurrentYear>6.296</proc:CurrentYear>
                                <proc:BudgetYearOneBase>3.5</proc:BudgetYearOneBase>
                                <proc:BudgetYearOne>3.5</proc:BudgetYearOne>
                            </proc:TotalCost>
                        </proc:CategorySubtotal>
                    </proc:Flyaway>
                    <proc:Support>
                        <proc:CostElementList>
                            <proc:CostElement>
                                <proc:Name footnote="FY 2025 to FY 2026 decrease is reflective of reduction in required Airframe PGSE to support production requirements.">2.1) Airframe PGSE</proc:Name>
                                <proc:Cost>
                                    <proc:TotalCost>
                                        <proc:AllPriorYears>18.558</proc:AllPriorYears>
                                        <proc:PriorYear>6.377</proc:PriorYear>
                                        <proc:CurrentYear>2</proc:CurrentYear>
                                        <proc:BudgetYearOneBase>1</proc:BudgetYearOneBase>
                                        <proc:BudgetYearOne>1</proc:BudgetYearOne>
                                    </proc:TotalCost>
                                </proc:Cost>
                            </proc:CostElement>
                            <proc:CostElement>
                                <proc:Name footnote="FY 2025 to FY 2026 increase is due to the requirement for an additional Mission Systems Aircrew Trainer (MSAT) procurement for VMUT-2. FY 2026 funds the additional development and procurement of operator and maintenance courseware.">2.2) Pec Trng Eq</proc:Name>
                                <proc:Cost>
                                    <proc:TotalCost>
                                        <proc:AllPriorYears>42.454</proc:AllPriorYears>
                                        <proc:PriorYear>21.659</proc:PriorYear>
                                        <proc:CurrentYear>3.6</proc:CurrentYear>
                                        <proc:BudgetYearOneBase>4.287</proc:BudgetYearOneBase>
                                        <proc:BudgetYearOne>4.287</proc:BudgetYearOne>
                                    </proc:TotalCost>
                                </proc:Cost>
                            </proc:CostElement>
                            <proc:CostElement>
                                <proc:Name footnote="FY 2025 to FY 2026 decrease is reflective of the near completion of initial technical publications for the USMC MQ-9 Increment 1 program. Initial technical publication production effort for FY2026 includes incorporation of Skytower I, Support Equipment and other USMC specific efforts. Includes posting to NATEC using the NSIV viewer along with incorporation of IETM functionality such as, graphic hotspots, full acronym roll over text and linkable external publication references.">2.3) Pubs/Tech Equipment Data</proc:Name>
                                <proc:Cost>
                                    <proc:TotalCost>
                                        <proc:AllPriorYears>1.869</proc:AllPriorYears>
                                        <proc:PriorYear>5.356</proc:PriorYear>
                                        <proc:CurrentYear>0.767</proc:CurrentYear>
                                        <proc:BudgetYearOneBase>0.665</proc:BudgetYearOneBase>
                                        <proc:BudgetYearOne>0.665</proc:BudgetYearOne>
                                    </proc:TotalCost>
                                </proc:Cost>
                            </proc:CostElement>
                            <proc:CostElement>
                                <proc:Name footnote="FY 2025 to FY 2026 increase is due to the transition to initial Organic standup support and delivery of logistics product elements. This includes the completion of the initial stand up for VMU-1, VMU-3 and UX-24 operations center and procurement for common support equipment for initial squadron stand up.">2.4) Other ILS</proc:Name>
                                <proc:Cost>
                                    <proc:TotalCost>
                                        <proc:AllPriorYears>11.631</proc:AllPriorYears>
                                        <proc:PriorYear>13.057</proc:PriorYear>
                                        <proc:CurrentYear>1.552</proc:CurrentYear>
                                        <proc:BudgetYearOneBase>2.476</proc:BudgetYearOneBase>
                                        <proc:BudgetYearOne>2.476</proc:BudgetYearOne>
                                    </proc:TotalCost>
                                </proc:Cost>
                            </proc:CostElement>
                            <proc:CostElement>
                                <proc:Name footnote="FY 2025 to FY 2026 decrease is due to program starting transition from production to sustainment.">2.5) Prod Eng Supt</proc:Name>
                                <proc:Cost>
                                    <proc:TotalCost>
                                        <proc:AllPriorYears>11.985</proc:AllPriorYears>
                                        <proc:PriorYear>6.944</proc:PriorYear>
                                        <proc:CurrentYear>4.866</proc:CurrentYear>
                                        <proc:BudgetYearOneBase>3.234</proc:BudgetYearOneBase>
                                        <proc:BudgetYearOne>3.234</proc:BudgetYearOne>
                                    </proc:TotalCost>
                                </proc:Cost>
                            </proc:CostElement>
                        </proc:CostElementList>
                        <proc:CategorySubtotal>
                            <proc:TotalCost>
                                <proc:AllPriorYears>86.497</proc:AllPriorYears>
                                <proc:PriorYear>53.393</proc:PriorYear>
                                <proc:CurrentYear>12.785</proc:CurrentYear>
                                <proc:BudgetYearOneBase>11.662</proc:BudgetYearOneBase>
                                <proc:BudgetYearOne>11.662</proc:BudgetYearOne>
                            </proc:TotalCost>
                        </proc:CategorySubtotal>
                    </proc:Support>
                </proc:CostElementCategoryList>
            </proc:P5Item>
        </proc:ItemExhibitList>
        <proc:DocumentAssemblyOptions>
            <proc:p40AItemScheduleSetting>total</proc:p40AItemScheduleSetting>
        </proc:DocumentAssemblyOptions>
    </proc:LineItem>
</proc:LineItemList>