{
  "newAgencies": [
    {
      "p40AppropAccount": [{
        "code": "3175T",
        "name": "Test 3175 Account, MDJ",
        "p40BaList": [
        {
          "baTitle": "P40 3175 BA 1",
          "bsas": [
            {
              "bsaTitle": "P40 3175 BSA 1"
            },
           {
              "bsaTitle": "P40 3175 BSA 2"
            }
          ]
        },
        {"baTitle": "P40 3175_TOO BA 1",
          "bsas": [
            {
              "bsaTitle": "P40 3175_TOO BSA 1"
            }
          ]
        }
      ]
      },
      {
        "code": "9180T",
        "name": "Test 9180 Account, MDJ",
        "p40BaList": [
        {
          "baTitle": "P40 9180 BA 1",
          "bsas": [
            {
              "bsaTitle": "P40 9180 BSA 1"
            }
          ]
        }
      ]
      }]   
      ,
      "r2AppropAccount": {
        "code": "Non-RDTE",
        "name": "***",
        "skip": true    
      },
      "r2BaList": [
        {
          "baTitle": "3175 R2BA 1"
        }
      ],
      "name": "Test Agency JSON",
      "code": "TAJ",
      "suffix": "O",
      "logo": "taj.logo"
    }
  ]
}