<?xml version="1.0" encoding="UTF-8"?>
<proc:LineItemList xmlns:proc="http://www.dtic.mil/comptroller/xml/schema/20100219/procurement">
    <proc:LineItem quantityUnits="Each" quantityUnitName="Each" unitCostUnits="Thousands" totalCostUnits="Millions" manufacturerRateUnits="Yearly" suppressAdvanceProcurementP40="true">
        <proc:LineItemNumber>2104C59300</proc:LineItemNumber>
        <proc:LineItemTitle>TOW 2 System Summary</proc:LineItemTitle>
        <proc:P1LineNumber>19</proc:P1LineNumber>
        <proc:BudgetYear>2026</proc:BudgetYear>
        <proc:BudgetCycle>PB</proc:BudgetCycle>
        <proc:SubmissionDate>2025-06</proc:SubmissionDate>
        <proc:ServiceAgencyName>Army</proc:ServiceAgencyName>
        <proc:AppropriationNumber>2032A</proc:AppropriationNumber>
        <proc:AppropriationTitle>Missile Procurement, Army</proc:AppropriationTitle>
        <proc:BudgetActivityNumber>2</proc:BudgetActivityNumber>
        <proc:BudgetActivityTitle>Other Missiles</proc:BudgetActivityTitle>
        <proc:BudgetSubActivityNumber>30</proc:BudgetSubActivityNumber>
        <proc:BudgetSubActivityTitle>Anti-Tank/Assault Missile Sys</proc:BudgetSubActivityTitle>
        <proc:ResourceSummary>
            <proc:Quantity>
                <proc:AllPriorYears>179372</proc:AllPriorYears>
                <proc:PriorYear>867</proc:PriorYear>
                <proc:CurrentYear>420</proc:CurrentYear>
            </proc:Quantity>
            <proc:TotalCost>
                <proc:AllPriorYears>4240.731</proc:AllPriorYears>
                <proc:PriorYear>180.764</proc:PriorYear>
                <proc:CurrentYear>105.295</proc:CurrentYear>
                <proc:BudgetYearOneBase>11.731</proc:BudgetYearOneBase>
                <proc:BudgetYearOne>11.731</proc:BudgetYearOne>
            </proc:TotalCost>
            <proc:UnitCost>
                <proc:AllPriorYears>23.642</proc:AllPriorYears>
                <proc:PriorYear>208.494</proc:PriorYear>
                <proc:CurrentYear>250.702</proc:CurrentYear>
            </proc:UnitCost>
            <proc:PYAdvanceProcurement>
                <proc:AllPriorYears>238.047</proc:AllPriorYears>
            </proc:PYAdvanceProcurement>
            <proc:NetProcurementP1>
                <proc:AllPriorYears>4002.684</proc:AllPriorYears>
                <proc:PriorYear>180.764</proc:PriorYear>
                <proc:CurrentYear>105.295</proc:CurrentYear>
                <proc:BudgetYearOneBase>11.731</proc:BudgetYearOneBase>
                <proc:BudgetYearOne>11.731</proc:BudgetYearOne>
            </proc:NetProcurementP1>
            <proc:CYAdvanceProcurement>
                <proc:AllPriorYears>238.047</proc:AllPriorYears>
            </proc:CYAdvanceProcurement>
            <proc:TotalObligationAuthority>
                <proc:AllPriorYears>4240.731</proc:AllPriorYears>
                <proc:PriorYear>180.764</proc:PriorYear>
                <proc:CurrentYear>105.295</proc:CurrentYear>
                <proc:BudgetYearOneBase>11.731</proc:BudgetYearOneBase>
                <proc:BudgetYearOne>11.731</proc:BudgetYearOne>
            </proc:TotalObligationAuthority>
        </proc:ResourceSummary>
        <proc:SecondaryDistribution>
            <proc:ComponentList>
                <proc:Component>
                    <proc:Name>Army Active</proc:Name>
                    <proc:Cost>
                        <proc:Quantity>
                            <proc:PriorYear>867</proc:PriorYear>
                            <proc:CurrentYear>420</proc:CurrentYear>
                        </proc:Quantity>
                        <proc:TotalCost>
                            <proc:PriorYear>180.764</proc:PriorYear>
                            <proc:CurrentYear>105.295</proc:CurrentYear>
                            <proc:BudgetYearOneBase>11.731</proc:BudgetYearOneBase>
                            <proc:BudgetYearOne>11.731</proc:BudgetYearOne>
                        </proc:TotalCost>
                    </proc:Cost>
                </proc:Component>
            </proc:ComponentList>
            <proc:TotalCost>
                <proc:Quantity>
                    <proc:PriorYear>867</proc:PriorYear>
                    <proc:CurrentYear>420</proc:CurrentYear>
                </proc:Quantity>
                <proc:TotalCost>
                    <proc:PriorYear>180.764</proc:PriorYear>
                    <proc:CurrentYear>105.295</proc:CurrentYear>
                    <proc:BudgetYearOneBase>11.731</proc:BudgetYearOneBase>
                    <proc:BudgetYearOne>11.731</proc:BudgetYearOne>
                </proc:TotalCost>
            </proc:TotalCost>
        </proc:SecondaryDistribution>
        <proc:Description>Tube launched, Optically tracked, Wireless guided (TOW) missiles (BGM-71 Series) are combat proven munitions that provide heavy anti-armor/assault capability to the Army's Infantry Brigade Combat Teams (IBCT), Stryker Brigade Combat Teams (SBCT) and Armor Brigade Combat Teams (ABCT). TOW missiles continue to be used as the weapon of choice in precision combat engagements. TOW missiles are also the primary heavy anti-armor/ assault missile for the U.S. Marine Corps (USMC) and more than 43 allied nations. Warfighters also employ TOW missiles against buildings and field fortifications, taking advantage of the missile's precision assault capabilities. The TOW weapon system is an Army-led, Acquisition Category (ACAT) IC Major Defense Acquisition Program (MDAP) that has joint interest with the USMC. 

The TOW weapon system includes the Improved Target Acquisition System (ITAS) launcher, TOW missiles, and associated tactical training aids/devices. The ITAS is a combat proven TOW missile launcher that provides long-range, lethal anti-armor and precision assault fires capability for Active, Reserve, and National Guard component IBCT and SBCT across a spectrum of operational environments. The USMC employs the TOW missile from its ITAS derived M41A7 Saber launchers and Anti-Tank Guided Missile (ATGM) vehicles.</proc:Description>
        <proc:Justification>FY 2026 base funding of $11.731M is required to support Engineering Services, Acceptance Testing, Management and fielding of prior year(s) production of TOW 2 missiles.

Funding decrease from FY 2025 to FY 2026 is due to the completion of the procurement of TOW 2 missiles, in support of Army Transformation Initiative (ATI) to cease TOW missile procurement.

In accordance with Section 1815 of the FY 2008 National Defense Authorization Act, this item is necessary for use by the active components and reserve components of the Armed Forces for homeland defense missions, domestic emergency responses and providing military support to civil authorities.</proc:Justification>
        <proc:ItemExhibitList>
            <proc:P5Item>
                <proc:Name>TOW Family of Missiles</proc:Name>
                <proc:ItemNumber>C59403</proc:ItemNumber>
                <proc:SecondaryDistribution>
                    <proc:ComponentList>
                        <proc:Component>
                            <proc:Name>Army Active</proc:Name>
                            <proc:Cost>
                                <proc:Quantity>
                                    <proc:PriorYear>867</proc:PriorYear>
                                    <proc:CurrentYear>420</proc:CurrentYear>
                                </proc:Quantity>
                                <proc:TotalCost>
                                    <proc:PriorYear>180.764</proc:PriorYear>
                                    <proc:CurrentYear>105.295</proc:CurrentYear>
                                    <proc:BudgetYearOneBase>11.731</proc:BudgetYearOneBase>
                                    <proc:BudgetYearOne>11.731</proc:BudgetYearOne>
                                </proc:TotalCost>
                            </proc:Cost>
                        </proc:Component>
                    </proc:ComponentList>
                </proc:SecondaryDistribution>
                <proc:Remarks>FY2025 and FY 2026 base funding is required to support Engineering Services, Acceptance Testing, Management and fielding of prior year(s) production of TOW 2 missiles, in support of Army Transformation Initiative (ATI) to cease TOW missile procurement.</proc:Remarks>
                <proc:ResourceSummary>
                    <proc:Quantity>
                        <proc:AllPriorYears>179372</proc:AllPriorYears>
                        <proc:PriorYear>867</proc:PriorYear>
                        <proc:CurrentYear>420</proc:CurrentYear>
                    </proc:Quantity>
                    <proc:TotalCost>
                        <proc:AllPriorYears>4240.731</proc:AllPriorYears>
                        <proc:PriorYear>180.764</proc:PriorYear>
                        <proc:CurrentYear>105.295</proc:CurrentYear>
                        <proc:BudgetYearOneBase>11.731</proc:BudgetYearOneBase>
                        <proc:BudgetYearOne>11.731</proc:BudgetYearOne>
                    </proc:TotalCost>
                    <proc:UnitCost>
                        <proc:AllPriorYears>23.642</proc:AllPriorYears>
                        <proc:PriorYear>208.494</proc:PriorYear>
                        <proc:CurrentYear>250.702</proc:CurrentYear>
                    </proc:UnitCost>
                    <proc:PYAdvanceProcurement>
                        <proc:AllPriorYears>238.047</proc:AllPriorYears>
                    </proc:PYAdvanceProcurement>
                    <proc:NetProcurementP1>
                        <proc:AllPriorYears>4002.684</proc:AllPriorYears>
                        <proc:PriorYear>180.764</proc:PriorYear>
                        <proc:CurrentYear>105.295</proc:CurrentYear>
                        <proc:BudgetYearOneBase>11.731</proc:BudgetYearOneBase>
                        <proc:BudgetYearOne>11.731</proc:BudgetYearOne>
                    </proc:NetProcurementP1>
                    <proc:CYAdvanceProcurement>
                        <proc:AllPriorYears>238.047</proc:AllPriorYears>
                    </proc:CYAdvanceProcurement>
                    <proc:TotalObligationAuthority>
                        <proc:AllPriorYears>4240.731</proc:AllPriorYears>
                        <proc:PriorYear>180.764</proc:PriorYear>
                        <proc:CurrentYear>105.295</proc:CurrentYear>
                        <proc:BudgetYearOneBase>11.731</proc:BudgetYearOneBase>
                        <proc:BudgetYearOne>11.731</proc:BudgetYearOne>
                    </proc:TotalObligationAuthority>
                </proc:ResourceSummary>
                <proc:CostElementCategoryList>
                    <proc:Flyaway>
                        <proc:Recurring>
                            <proc:CostElementList>
                                <proc:CostElement>
                                    <proc:Name>Missile Contract</proc:Name>
                                    <proc:Cost>
                                        <proc:Quantity>
                                            <proc:AllPriorYears>179258</proc:AllPriorYears>
                                            <proc:PriorYear>867</proc:PriorYear>
                                            <proc:CurrentYear>420</proc:CurrentYear>
                                        </proc:Quantity>
                                        <proc:TotalCost>
                                            <proc:AllPriorYears>4063.657</proc:AllPriorYears>
                                            <proc:PriorYear>125.556</proc:PriorYear>
                                            <proc:CurrentYear>65.608</proc:CurrentYear>
                                        </proc:TotalCost>
                                        <proc:UnitCost>
                                            <proc:AllPriorYears>22.669</proc:AllPriorYears>
                                            <proc:PriorYear>144.817</proc:PriorYear>
                                            <proc:CurrentYear>156.21</proc:CurrentYear>
                                        </proc:UnitCost>
                                    </proc:Cost>
                                    <proc:AllPriorYearsDeliveries>175433</proc:AllPriorYearsDeliveries>
                                    <proc:ManufacturerList>
                                        <proc:Manufacturer>
                                            <proc:Name>Raytheon</proc:Name>
                                            <proc:Location>Tucson</proc:Location>
                                            <proc:HistoryPlanningList>
                                                <proc:HistoryPlanning>
                                                    <proc:FiscalYear>2021</proc:FiscalYear>
                                                    <proc:PCOLocation>AMCOM, Redstone Arsenal, AL</proc:PCOLocation>
                                                    <proc:AwardDate>2021-03</proc:AwardDate>
                                                    <proc:FirstDeliveryDate>2023-03</proc:FirstDeliveryDate>
                                                    <proc:Quantity>1231</proc:Quantity>
                                                    <proc:UnitCost>90.48</proc:UnitCost>
                                                    <proc:SpecsAvailableNow>true</proc:SpecsAvailableNow>
                                                    <proc:RFPIssueDate>2018-04</proc:RFPIssueDate>
                                                    <proc:ContractMethod>SS</proc:ContractMethod>
                                                    <proc:ContractType>FPIF</proc:ContractType>
                                                </proc:HistoryPlanning>
                                                <proc:HistoryPlanning>
                                                    <proc:FiscalYear>2022</proc:FiscalYear>
                                                    <proc:PCOLocation>AMCOM, Redstone Arsenal, AL</proc:PCOLocation>
                                                    <proc:AwardDate>2022-06</proc:AwardDate>
                                                    <proc:FirstDeliveryDate>2024-06</proc:FirstDeliveryDate>
                                                    <proc:Quantity>889</proc:Quantity>
                                                    <proc:UnitCost>100.978</proc:UnitCost>
                                                    <proc:SpecsAvailableNow>true</proc:SpecsAvailableNow>
                                                    <proc:RFPIssueDate>2020-08</proc:RFPIssueDate>
                                                    <proc:ContractMethod>SS</proc:ContractMethod>
                                                    <proc:ContractType>FPIF</proc:ContractType>
                                                </proc:HistoryPlanning>
                                                <proc:HistoryPlanning>
                                                    <proc:FiscalYear>2023</proc:FiscalYear>
                                                    <proc:PCOLocation>AMCOM, Redstone Arsenal, AL</proc:PCOLocation>
                                                    <proc:AwardDate>2023-08</proc:AwardDate>
                                                    <proc:FirstDeliveryDate>2025-09</proc:FirstDeliveryDate>
                                                    <proc:Quantity>1705</proc:Quantity>
                                                    <proc:UnitCost>107.5</proc:UnitCost>
                                                    <proc:SpecsAvailableNow>true</proc:SpecsAvailableNow>
                                                    <proc:RFPIssueDate>2022-02</proc:RFPIssueDate>
                                                    <proc:ContractMethod>SS</proc:ContractMethod>
                                                    <proc:ContractType>FPIF</proc:ContractType>
                                                </proc:HistoryPlanning>
                                                <proc:HistoryPlanning>
                                                    <proc:FiscalYear>2024</proc:FiscalYear>
                                                    <proc:PCOLocation>AMCOM, Redstone Arsenal, AL</proc:PCOLocation>
                                                    <proc:AwardDate>2024-08</proc:AwardDate>
                                                    <proc:FirstDeliveryDate>2026-09</proc:FirstDeliveryDate>
                                                    <proc:Quantity>867</proc:Quantity>
                                                    <proc:UnitCost>144.817</proc:UnitCost>
                                                    <proc:SpecsAvailableNow>true</proc:SpecsAvailableNow>
                                                    <proc:RFPIssueDate>2022-02</proc:RFPIssueDate>
                                                    <proc:ContractMethod>SS</proc:ContractMethod>
                                                    <proc:ContractType>FPIF</proc:ContractType>
                                                </proc:HistoryPlanning>
                                                <proc:HistoryPlanning>
                                                    <proc:FiscalYear>2025</proc:FiscalYear>
                                                    <proc:PCOLocation>AMCOM, Redstone Arsenal, AL</proc:PCOLocation>
                                                    <proc:AwardDate>2025-09</proc:AwardDate>
                                                    <proc:FirstDeliveryDate>2027-10</proc:FirstDeliveryDate>
                                                    <proc:Quantity>420</proc:Quantity>
                                                    <proc:UnitCost>156.21</proc:UnitCost>
                                                    <proc:SpecsAvailableNow>true</proc:SpecsAvailableNow>
                                                    <proc:RFPIssueDate>2022-02</proc:RFPIssueDate>
                                                    <proc:ContractMethod>SS</proc:ContractMethod>
                                                    <proc:ContractType>FPIF</proc:ContractType>
                                                </proc:HistoryPlanning>
                                            </proc:HistoryPlanningList>
                                        </proc:Manufacturer>
                                    </proc:ManufacturerList>
                                    <proc:SubCostElementList>
                                        <proc:SubCostElement>
                                            <proc:Name>All configurations (FY 19 and prior)</proc:Name>
                                            <proc:Cost>
                                                <proc:Quantity>
                                                    <proc:AllPriorYears>173632</proc:AllPriorYears>
                                                </proc:Quantity>
                                                <proc:TotalCost>
                                                    <proc:AllPriorYears>3529.681</proc:AllPriorYears>
                                                </proc:TotalCost>
                                                <proc:UnitCost>
                                                    <proc:AllPriorYears>20.329</proc:AllPriorYears>
                                                </proc:UnitCost>
                                            </proc:Cost>
                                        </proc:SubCostElement>
                                        <proc:SubCostElement>
                                            <proc:Name>2B Aero</proc:Name>
                                            <proc:Cost>
                                                <proc:Quantity>
                                                    <proc:AllPriorYears>4626</proc:AllPriorYears>
                                                    <proc:PriorYear>867</proc:PriorYear>
                                                    <proc:CurrentYear>420</proc:CurrentYear>
                                                </proc:Quantity>
                                                <proc:TotalCost>
                                                    <proc:AllPriorYears>479.639</proc:AllPriorYears>
                                                    <proc:PriorYear>125.556</proc:PriorYear>
                                                    <proc:CurrentYear>65.608</proc:CurrentYear>
                                                </proc:TotalCost>
                                                <proc:UnitCost>
                                                    <proc:AllPriorYears>103.683</proc:AllPriorYears>
                                                    <proc:PriorYear>144.817</proc:PriorYear>
                                                    <proc:CurrentYear>156.21</proc:CurrentYear>
                                                </proc:UnitCost>
                                            </proc:Cost>
                                        </proc:SubCostElement>
                                        <proc:SubCostElement>
                                            <proc:Name>Bunker Buster</proc:Name>
                                            <proc:Cost>
                                                <proc:Quantity>
                                                    <proc:AllPriorYears>1000</proc:AllPriorYears>
                                                </proc:Quantity>
                                                <proc:TotalCost>
                                                    <proc:AllPriorYears>54.254</proc:AllPriorYears>
                                                </proc:TotalCost>
                                                <proc:UnitCost>
                                                    <proc:AllPriorYears>54.254</proc:AllPriorYears>
                                                </proc:UnitCost>
                                            </proc:Cost>
                                        </proc:SubCostElement>
                                    </proc:SubCostElementList>
                                </proc:CostElement>
                                <proc:CostElement>
                                    <proc:Name>Recurring Engineering</proc:Name>
                                    <proc:Cost>
                                        <proc:TotalCost>
                                            <proc:AllPriorYears>8.237</proc:AllPriorYears>
                                            <proc:PriorYear>8.937</proc:PriorYear>
                                            <proc:CurrentYear>9.41</proc:CurrentYear>
                                            <proc:BudgetYearOneBase>3.201</proc:BudgetYearOneBase>
                                            <proc:BudgetYearOne>3.201</proc:BudgetYearOne>
                                        </proc:TotalCost>
                                    </proc:Cost>
                                </proc:CostElement>
                                <proc:CostElement>
                                    <proc:Name>Acceptance Testing</proc:Name>
                                    <proc:Cost>
                                        <proc:TotalCost>
                                            <proc:AllPriorYears>27.574</proc:AllPriorYears>
                                            <proc:PriorYear>3.81</proc:PriorYear>
                                            <proc:CurrentYear>15.362</proc:CurrentYear>
                                            <proc:BudgetYearOneBase>1.214</proc:BudgetYearOneBase>
                                            <proc:BudgetYearOne>1.214</proc:BudgetYearOne>
                                        </proc:TotalCost>
                                    </proc:Cost>
                                </proc:CostElement>
                            </proc:CostElementList>
                            <proc:CategorySubtotal>
                                <proc:TotalCost>
                                    <proc:AllPriorYears>4099.468</proc:AllPriorYears>
                                    <proc:PriorYear>138.303</proc:PriorYear>
                                    <proc:CurrentYear>90.38</proc:CurrentYear>
                                    <proc:BudgetYearOneBase>4.415</proc:BudgetYearOneBase>
                                    <proc:BudgetYearOne>4.415</proc:BudgetYearOne>
                                </proc:TotalCost>
                            </proc:CategorySubtotal>
                        </proc:Recurring>
                        <proc:NonRecurring>
                            <proc:CostElementList>
                                <proc:CostElement>
                                    <proc:Name>Counter Active Protection System (CAPS) Obsolescence</proc:Name>
                                    <proc:Cost>
                                        <proc:TotalCost>
                                            <proc:AllPriorYears>7.65</proc:AllPriorYears>
                                            <proc:PriorYear>3.895</proc:PriorYear>
                                        </proc:TotalCost>
                                    </proc:Cost>
                                </proc:CostElement>
                                <proc:CostElement>
                                    <proc:Name>Missile Obsolescence</proc:Name>
                                    <proc:Cost>
                                        <proc:TotalCost>
                                            <proc:AllPriorYears>13.05</proc:AllPriorYears>
                                            <proc:PriorYear>29.281</proc:PriorYear>
                                        </proc:TotalCost>
                                    </proc:Cost>
                                </proc:CostElement>
                            </proc:CostElementList>
                            <proc:CategorySubtotal>
                                <proc:TotalCost>
                                    <proc:AllPriorYears>20.7</proc:AllPriorYears>
                                    <proc:PriorYear>33.176</proc:PriorYear>
                                </proc:TotalCost>
                            </proc:CategorySubtotal>
                        </proc:NonRecurring>
                        <proc:CategorySubtotal>
                            <proc:TotalCost>
                                <proc:AllPriorYears>4120.168</proc:AllPriorYears>
                                <proc:PriorYear>171.479</proc:PriorYear>
                                <proc:CurrentYear>90.38</proc:CurrentYear>
                                <proc:BudgetYearOneBase>4.415</proc:BudgetYearOneBase>
                                <proc:BudgetYearOne>4.415</proc:BudgetYearOne>
                            </proc:TotalCost>
                        </proc:CategorySubtotal>
                    </proc:Flyaway>
                    <proc:Support>
                        <proc:CostElementList>
                            <proc:CostElement>
                                <proc:Name>Production Engineering</proc:Name>
                                <proc:Cost>
                                    <proc:TotalCost>
                                        <proc:AllPriorYears>13.46</proc:AllPriorYears>
                                        <proc:PriorYear>4.949</proc:PriorYear>
                                        <proc:CurrentYear>10.24</proc:CurrentYear>
                                        <proc:BudgetYearOneBase>4.583</proc:BudgetYearOneBase>
                                        <proc:BudgetYearOne>4.583</proc:BudgetYearOne>
                                    </proc:TotalCost>
                                </proc:Cost>
                            </proc:CostElement>
                        </proc:CostElementList>
                        <proc:CategorySubtotal>
                            <proc:TotalCost>
                                <proc:AllPriorYears>13.46</proc:AllPriorYears>
                                <proc:PriorYear>4.949</proc:PriorYear>
                                <proc:CurrentYear>10.24</proc:CurrentYear>
                                <proc:BudgetYearOneBase>4.583</proc:BudgetYearOneBase>
                                <proc:BudgetYearOne>4.583</proc:BudgetYearOne>
                            </proc:TotalCost>
                        </proc:CategorySubtotal>
                        <proc:Name>Production Engineering</proc:Name>
                    </proc:Support>
                    <proc:Support>
                        <proc:CostElementList>
                            <proc:CostElement>
                                <proc:Name>Government Management</proc:Name>
                                <proc:Cost>
                                    <proc:TotalCost>
                                        <proc:AllPriorYears>71.791</proc:AllPriorYears>
                                        <proc:PriorYear>4.336</proc:PriorYear>
                                        <proc:CurrentYear>4.675</proc:CurrentYear>
                                        <proc:BudgetYearOneBase>2.733</proc:BudgetYearOneBase>
                                        <proc:BudgetYearOne>2.733</proc:BudgetYearOne>
                                    </proc:TotalCost>
                                </proc:Cost>
                            </proc:CostElement>
                        </proc:CostElementList>
                        <proc:CategorySubtotal>
                            <proc:TotalCost>
                                <proc:AllPriorYears>71.791</proc:AllPriorYears>
                                <proc:PriorYear>4.336</proc:PriorYear>
                                <proc:CurrentYear>4.675</proc:CurrentYear>
                                <proc:BudgetYearOneBase>2.733</proc:BudgetYearOneBase>
                                <proc:BudgetYearOne>2.733</proc:BudgetYearOne>
                            </proc:TotalCost>
                        </proc:CategorySubtotal>
                        <proc:Name>Program Management</proc:Name>
                    </proc:Support>
                    <proc:Support>
                        <proc:CostElementList>
                            <proc:CostElement>
                                <proc:Name>System Engineering</proc:Name>
                                <proc:Cost>
                                    <proc:TotalCost>
                                        <proc:AllPriorYears>35.395</proc:AllPriorYears>
                                    </proc:TotalCost>
                                </proc:Cost>
                            </proc:CostElement>
                        </proc:CostElementList>
                        <proc:CategorySubtotal>
                            <proc:TotalCost>
                                <proc:AllPriorYears>35.395</proc:AllPriorYears>
                            </proc:TotalCost>
                        </proc:CategorySubtotal>
                        <proc:Name>System Engineering</proc:Name>
                    </proc:Support>
                </proc:CostElementCategoryList>
                <proc:OverallHistoryPlanningRemarks>Raytheon is the only industry source that is both facilitized and qualified to produce TOW missiles.

AMCOM    Aviation and Missile Command
FPIF          Fixed Price Incentive Firm Target
SS             Sole Source</proc:OverallHistoryPlanningRemarks>
            </proc:P5Item>
        </proc:ItemExhibitList>
        <proc:DocumentAssemblyOptions>
            <proc:p40AItemScheduleSetting>item</proc:p40AItemScheduleSetting>
        </proc:DocumentAssemblyOptions>
    </proc:LineItem>
</proc:LineItemList>