<?xml version="1.0" encoding="UTF-8"?>
<proc:LineItemList xmlns:proc="http://www.dtic.mil/comptroller/xml/schema/20100219/procurement">
    <proc:LineItem quantityUnits="Each" quantityUnitName="Each" unitCostUnits="Thousands" totalCostUnits="Millions" manufacturerRateUnits="Yearly">
        <proc:LineItemNumber>9214C81200</proc:LineItemNumber>
        <proc:LineItemTitle>MID-RANGE CAPABILITY (MRC)</proc:LineItemTitle>
        <proc:P1LineNumber>12</proc:P1LineNumber>
        <proc:BudgetYear>2026</proc:BudgetYear>
        <proc:BudgetCycle>PB</proc:BudgetCycle>
        <proc:SubmissionDate>2025-06</proc:SubmissionDate>
        <proc:ServiceAgencyName>Army</proc:ServiceAgencyName>
        <proc:AppropriationNumber>2032A</proc:AppropriationNumber>
        <proc:AppropriationTitle>Missile Procurement, Army</proc:AppropriationTitle>
        <proc:BudgetActivityNumber>2</proc:BudgetActivityNumber>
        <proc:BudgetActivityTitle>Other Missiles</proc:BudgetActivityTitle>
        <proc:BudgetSubActivityNumber>10</proc:BudgetSubActivityNumber>
        <proc:BudgetSubActivityTitle>Surface-to-Air Missile System</proc:BudgetSubActivityTitle>
        <proc:ResourceSummary>
            <proc:Quantity>
                <proc:PriorYear>58</proc:PriorYear>
                <proc:CurrentYear>27</proc:CurrentYear>
                <proc:BudgetYearOneBase>13</proc:BudgetYearOneBase>
                <proc:BudgetYearOne>13</proc:BudgetYearOne>
            </proc:Quantity>
            <proc:TotalCost>
                <proc:PriorYear>169.519</proc:PriorYear>
                <proc:CurrentYear>233.037</proc:CurrentYear>
                <proc:BudgetYearOneBase>82.407</proc:BudgetYearOneBase>
                <proc:BudgetYearOne>82.407</proc:BudgetYearOne>
            </proc:TotalCost>
            <proc:UnitCost>
                <proc:PriorYear>2922.741</proc:PriorYear>
                <proc:CurrentYear>8631</proc:CurrentYear>
                <proc:BudgetYearOneBase>6339</proc:BudgetYearOneBase>
                <proc:BudgetYearOne>6339</proc:BudgetYearOne>
            </proc:UnitCost>
            <proc:NetProcurementP1>
                <proc:PriorYear>169.519</proc:PriorYear>
                <proc:CurrentYear>233.037</proc:CurrentYear>
                <proc:BudgetYearOneBase>82.407</proc:BudgetYearOneBase>
                <proc:BudgetYearOne>82.407</proc:BudgetYearOne>
            </proc:NetProcurementP1>
            <proc:TotalObligationAuthority>
                <proc:PriorYear>169.519</proc:PriorYear>
                <proc:CurrentYear>233.037</proc:CurrentYear>
                <proc:BudgetYearOneBase>82.407</proc:BudgetYearOneBase>
                <proc:BudgetYearOne>82.407</proc:BudgetYearOne>
            </proc:TotalObligationAuthority>
        </proc:ResourceSummary>
        <proc:Code>A</proc:Code>
        <proc:SecondaryDistribution>
            <proc:ComponentList>
                <proc:Component>
                    <proc:Name>Army Active</proc:Name>
                    <proc:Cost>
                        <proc:Quantity>
                            <proc:PriorYear>58</proc:PriorYear>
                            <proc:CurrentYear>27</proc:CurrentYear>
                            <proc:BudgetYearOneBase>13</proc:BudgetYearOneBase>
                            <proc:BudgetYearOne>13</proc:BudgetYearOne>
                        </proc:Quantity>
                        <proc:TotalCost>
                            <proc:PriorYear>169.519</proc:PriorYear>
                            <proc:CurrentYear>233.037</proc:CurrentYear>
                            <proc:BudgetYearOneBase>82.407</proc:BudgetYearOneBase>
                            <proc:BudgetYearOne>82.407</proc:BudgetYearOne>
                        </proc:TotalCost>
                    </proc:Cost>
                </proc:Component>
            </proc:ComponentList>
            <proc:TotalCost>
                <proc:Quantity>
                    <proc:PriorYear>58</proc:PriorYear>
                    <proc:CurrentYear>27</proc:CurrentYear>
                    <proc:BudgetYearOneBase>13</proc:BudgetYearOneBase>
                    <proc:BudgetYearOne>13</proc:BudgetYearOne>
                </proc:Quantity>
                <proc:TotalCost>
                    <proc:PriorYear>169.519</proc:PriorYear>
                    <proc:CurrentYear>233.037</proc:CurrentYear>
                    <proc:BudgetYearOneBase>82.407</proc:BudgetYearOneBase>
                    <proc:BudgetYearOne>82.407</proc:BudgetYearOne>
                </proc:TotalCost>
            </proc:TotalCost>
        </proc:SecondaryDistribution>
        <proc:Description>This budget line procures Tomahawk and Standard Missile-6 (SM-6) missiles to meet the Army Total Munition Requirement and procures MRC Ground Support Equipment end items and components. 

The Mid-Range Capability is a ground launched, long-range precision fires offensive weapon system to defeat Anti-Access/Area-Denial (A2/AD) threats and other high value targets to enable warfighter dominance in support of Long-Range Precision Fires, Multi-Domain Operations, and Joint Force objectives.

Each battery consists of four launchers equipped with a Vertical Launch System capable of carrying four of the U.S. Navy's Tomahawk and/or SM-6 with a basic load of 16 missiles, one Battery Operations Center (BOC), one BOC Support Vehicle, and a reload capability.

Tomahawk missiles procured on Navy contracts will include the Block V modernized Tactical Tomahawk (TACTOM) missile that includes navigation communications upgrade and advanced communication package (ACP). These TACTOM upgrades consist of the Integrated Single Box Solution radio, two new antennas and associated cabling, a new mid-body cover, changes to the aft-body structure and aft-body cover, and installation of the ACP.  In FY25, the Army is procuring a mix of Block V and Block Va Maritime Strike Tomahawks (MST).  Beginning in FY26, the Army will only procure the MST variant.

SM-6 missiles procured on Navy contracts will be in the Block IA configuration. The MRC SM-6 missiles provide land and naval surface targeting capability. SM-6 missiles are procured as an all up round including guidance, ordnance, MK 72 Boosters, and a MK 21 Canister.</proc:Description>
        <proc:Justification>C81214 | FY 2026 funding of $42.874 million supports the procurement of seven MSTs and MK14 cannisters, along with program management costs. 

C81215 | FY 2026 funding of $4.801 million supports MRC GSE systems engineering and program management costs.

C81216 | FY 2026 funding of $34.732 million supports the procurement of six SM-6 Block IA configuration missiles.

This funding line is directly aligned to the Army Long-Range Precision Fires Modernization Priority and the requirements of the MRC Abbreviated-Capabilities Development Document. 

The Army intends to convert any price advantage created through Navy contract negotiations, other service procurement, and/or foreign military sales to support procurement of additional MRC munitions. 

Decrease in funding from $233.037 million in FY 2025 to $82.407 million in FY 2026 is due to reduced missile quantities procured in FY26 and completing GSE end item procurement in FY25. 



C81214 | FY 2024 quantity of 58 locked from prior budget submission. Program Office anticipates a reduced quantity of 26 in response to unit cost increase on Navy TLAM production contract.</proc:Justification>
        <proc:ItemExhibitList>
            <proc:P5Item>
                <proc:Name>TOMAHAWK AND TOMAHAWK MISSION PLANNING CENTER (TMP</proc:Name>
                <proc:ItemNumber>C81214</proc:ItemNumber>
                <proc:SecondaryDistribution>
                    <proc:ComponentList>
                        <proc:Component>
                            <proc:Name>Army Active</proc:Name>
                            <proc:Cost>
                                <proc:Quantity>
                                    <proc:PriorYear>58</proc:PriorYear>
                                    <proc:CurrentYear>26</proc:CurrentYear>
                                    <proc:BudgetYearOneBase>7</proc:BudgetYearOneBase>
                                    <proc:BudgetYearOne>7</proc:BudgetYearOne>
                                </proc:Quantity>
                                <proc:TotalCost>
                                    <proc:PriorYear>169.519</proc:PriorYear>
                                    <proc:CurrentYear>144.941</proc:CurrentYear>
                                    <proc:BudgetYearOneBase>42.874</proc:BudgetYearOneBase>
                                    <proc:BudgetYearOne>42.874</proc:BudgetYearOne>
                                </proc:TotalCost>
                            </proc:Cost>
                        </proc:Component>
                    </proc:ComponentList>
                </proc:SecondaryDistribution>
                <proc:Remarks>Item Number C81214 funds the acquisition of seven seven Maritime Strike Tomahawk missiles to include canisters.

FY 2025 to FY 2026 Tomahawk unit cost increase is due to FY 2025 being a combination of Block V and Block Va variants whereas FY 2026 is all Block Va. 

The Army intends to convert any price advantage created through Navy contract negotiations, other service procurement, and/or foreign military sales to procure additional MRC munitions.</proc:Remarks>
                <proc:ResourceSummary>
                    <proc:Quantity>
                        <proc:PriorYear>58</proc:PriorYear>
                        <proc:CurrentYear>26</proc:CurrentYear>
                        <proc:BudgetYearOneBase>7</proc:BudgetYearOneBase>
                        <proc:BudgetYearOne>7</proc:BudgetYearOne>
                    </proc:Quantity>
                    <proc:TotalCost>
                        <proc:PriorYear>169.519</proc:PriorYear>
                        <proc:CurrentYear>144.941</proc:CurrentYear>
                        <proc:BudgetYearOneBase>42.874</proc:BudgetYearOneBase>
                        <proc:BudgetYearOne>42.874</proc:BudgetYearOne>
                    </proc:TotalCost>
                    <proc:UnitCost>
                        <proc:PriorYear>2922.741</proc:PriorYear>
                        <proc:CurrentYear>5574.654</proc:CurrentYear>
                        <proc:BudgetYearOneBase>6124.857</proc:BudgetYearOneBase>
                        <proc:BudgetYearOne>6124.857</proc:BudgetYearOne>
                    </proc:UnitCost>
                    <proc:NetProcurementP1>
                        <proc:PriorYear>169.519</proc:PriorYear>
                        <proc:CurrentYear>144.941</proc:CurrentYear>
                        <proc:BudgetYearOneBase>42.874</proc:BudgetYearOneBase>
                        <proc:BudgetYearOne>42.874</proc:BudgetYearOne>
                    </proc:NetProcurementP1>
                    <proc:TotalObligationAuthority>
                        <proc:PriorYear>169.519</proc:PriorYear>
                        <proc:CurrentYear>144.941</proc:CurrentYear>
                        <proc:BudgetYearOneBase>42.874</proc:BudgetYearOneBase>
                        <proc:BudgetYearOne>42.874</proc:BudgetYearOne>
                    </proc:TotalObligationAuthority>
                </proc:ResourceSummary>
                <proc:CostElementCategoryList>
                    <proc:Flyaway>
                        <proc:Recurring>
                            <proc:CostElementList>
                                <proc:CostElement>
                                    <proc:Name>Tactical Tomahawk</proc:Name>
                                    <proc:Cost>
                                        <proc:Quantity>
                                            <proc:PriorYear>44</proc:PriorYear>
                                            <proc:CurrentYear>26</proc:CurrentYear>
                                            <proc:BudgetYearOneBase>7</proc:BudgetYearOneBase>
                                            <proc:BudgetYearOne>7</proc:BudgetYearOne>
                                        </proc:Quantity>
                                        <proc:TotalCost>
                                            <proc:PriorYear>119.339</proc:PriorYear>
                                            <proc:CurrentYear>113.48</proc:CurrentYear>
                                            <proc:BudgetYearOneBase>35.63</proc:BudgetYearOneBase>
                                            <proc:BudgetYearOne>35.63</proc:BudgetYearOne>
                                        </proc:TotalCost>
                                        <proc:UnitCost>
                                            <proc:PriorYear>2712.25</proc:PriorYear>
                                            <proc:CurrentYear>4364.615</proc:CurrentYear>
                                            <proc:BudgetYearOneBase>5090</proc:BudgetYearOneBase>
                                            <proc:BudgetYearOne>5090</proc:BudgetYearOne>
                                        </proc:UnitCost>
                                    </proc:Cost>
                                    <proc:ManufacturerList>
                                        <proc:Manufacturer>
                                            <proc:Name>Raytheon Missile System</proc:Name>
                                            <proc:Location>Tucson, AZ</proc:Location>
                                            <proc:MinimumSustainingRate>90</proc:MinimumSustainingRate>
                                            <proc:MaximumProductionRate>530</proc:MaximumProductionRate>
                                            <proc:Rate185>250</proc:Rate185>
                                            <proc:InitialQuantity>
                                                <proc:AdminLeadTimeBeforeOct1InMonths>0</proc:AdminLeadTimeBeforeOct1InMonths>
                                                <proc:AdminLeadTimeAfterOct1InMonths>0</proc:AdminLeadTimeAfterOct1InMonths>
                                                <proc:ProductionLeadTimeAfterOct1InMonths>0</proc:ProductionLeadTimeAfterOct1InMonths>
                                                <proc:TotalLeadTimeAfterOct1InMonths>0</proc:TotalLeadTimeAfterOct1InMonths>
                                            </proc:InitialQuantity>
                                            <proc:ReorderQuantity>
                                                <proc:AdminLeadTimeBeforeOct1InMonths>0</proc:AdminLeadTimeBeforeOct1InMonths>
                                                <proc:AdminLeadTimeAfterOct1InMonths>6</proc:AdminLeadTimeAfterOct1InMonths>
                                                <proc:ProductionLeadTimeAfterOct1InMonths>36</proc:ProductionLeadTimeAfterOct1InMonths>
                                                <proc:TotalLeadTimeAfterOct1InMonths>42</proc:TotalLeadTimeAfterOct1InMonths>
                                            </proc:ReorderQuantity>
                                            <proc:HistoryPlanningList>
                                                <proc:HistoryPlanning>
                                                    <proc:FiscalYear>2024</proc:FiscalYear>
                                                    <proc:PCOLocation>NAVAIR</proc:PCOLocation>
                                                    <proc:AwardDate>2025-06</proc:AwardDate>
                                                    <proc:FirstDeliveryDate>2027-09</proc:FirstDeliveryDate>
                                                    <proc:Quantity>44</proc:Quantity>
                                                    <proc:UnitCost>2712.25</proc:UnitCost>
                                                    <proc:SpecsAvailableNow>true</proc:SpecsAvailableNow>
                                                    <proc:RFPIssueDate>2022-04</proc:RFPIssueDate>
                                                    <proc:ContractMethod>SS</proc:ContractMethod>
                                                    <proc:ContractType>FPIF</proc:ContractType>
                                                    <proc:MonthlyDeliveryScheduleList>
                                                        <proc:MonthlyDeliverySchedule>
                                                            <proc:ServiceAgencyName>Army</proc:ServiceAgencyName>
                                                            <proc:ProcQuantity>44</proc:ProcQuantity>
                                                            <proc:MonthlyDeliveryList>
                                                                <proc:MonthlyDelivery>
                                                                    <proc:Month>2027-09</proc:Month>
                                                                    <proc:Amount>5</proc:Amount>
                                                                </proc:MonthlyDelivery>
                                                                <proc:MonthlyDelivery>
                                                                    <proc:Month>2027-10</proc:Month>
                                                                    <proc:Amount>5</proc:Amount>
                                                                </proc:MonthlyDelivery>
                                                                <proc:MonthlyDelivery>
                                                                    <proc:Month>2027-11</proc:Month>
                                                                    <proc:Amount>5</proc:Amount>
                                                                </proc:MonthlyDelivery>
                                                                <proc:MonthlyDelivery>
                                                                    <proc:Month>2027-12</proc:Month>
                                                                    <proc:Amount>5</proc:Amount>
                                                                </proc:MonthlyDelivery>
                                                                <proc:MonthlyDelivery>
                                                                    <proc:Month>2028-01</proc:Month>
                                                                    <proc:Amount>6</proc:Amount>
                                                                </proc:MonthlyDelivery>
                                                            </proc:MonthlyDeliveryList>
                                                        </proc:MonthlyDeliverySchedule>
                                                    </proc:MonthlyDeliveryScheduleList>
                                                    <proc:MonthlyDeliveryScheduleTotal>
                                                        <proc:ProcQuantity>26</proc:ProcQuantity>
                                                        <proc:MonthlyDeliveryList>
                                                            <proc:MonthlyDelivery>
                                                                <proc:Month>2027-09</proc:Month>
                                                                <proc:Amount>5</proc:Amount>
                                                            </proc:MonthlyDelivery>
                                                            <proc:MonthlyDelivery>
                                                                <proc:Month>2027-10</proc:Month>
                                                                <proc:Amount>5</proc:Amount>
                                                            </proc:MonthlyDelivery>
                                                            <proc:MonthlyDelivery>
                                                                <proc:Month>2027-11</proc:Month>
                                                                <proc:Amount>5</proc:Amount>
                                                            </proc:MonthlyDelivery>
                                                            <proc:MonthlyDelivery>
                                                                <proc:Month>2027-12</proc:Month>
                                                                <proc:Amount>5</proc:Amount>
                                                            </proc:MonthlyDelivery>
                                                            <proc:MonthlyDelivery>
                                                                <proc:Month>2028-01</proc:Month>
                                                                <proc:Amount>6</proc:Amount>
                                                            </proc:MonthlyDelivery>
                                                        </proc:MonthlyDeliveryList>
                                                    </proc:MonthlyDeliveryScheduleTotal>
                                                </proc:HistoryPlanning>
                                                <proc:HistoryPlanning>
                                                    <proc:FiscalYear>2025</proc:FiscalYear>
                                                    <proc:PCOLocation>NAVAIR</proc:PCOLocation>
                                                    <proc:AwardDate>2025-07</proc:AwardDate>
                                                    <proc:FirstDeliveryDate>2029-04</proc:FirstDeliveryDate>
                                                    <proc:Quantity>26</proc:Quantity>
                                                    <proc:UnitCost>4364.615</proc:UnitCost>
                                                    <proc:SpecsAvailableNow>true</proc:SpecsAvailableNow>
                                                    <proc:RFPIssueDate>2022-04</proc:RFPIssueDate>
                                                    <proc:ContractMethod>SS</proc:ContractMethod>
                                                    <proc:ContractType>FPIF</proc:ContractType>
                                                    <proc:MonthlyDeliveryScheduleList>
                                                        <proc:MonthlyDeliverySchedule>
                                                            <proc:ServiceAgencyName>Army</proc:ServiceAgencyName>
                                                            <proc:ProcQuantity>26</proc:ProcQuantity>
                                                            <proc:MonthlyDeliveryList>
                                                                <proc:MonthlyDelivery>
                                                                    <proc:Month>2029-04</proc:Month>
                                                                    <proc:Amount>5</proc:Amount>
                                                                </proc:MonthlyDelivery>
                                                                <proc:MonthlyDelivery>
                                                                    <proc:Month>2029-05</proc:Month>
                                                                    <proc:Amount>5</proc:Amount>
                                                                </proc:MonthlyDelivery>
                                                                <proc:MonthlyDelivery>
                                                                    <proc:Month>2029-06</proc:Month>
                                                                    <proc:Amount>5</proc:Amount>
                                                                </proc:MonthlyDelivery>
                                                                <proc:MonthlyDelivery>
                                                                    <proc:Month>2029-07</proc:Month>
                                                                    <proc:Amount>5</proc:Amount>
                                                                </proc:MonthlyDelivery>
                                                                <proc:MonthlyDelivery>
                                                                    <proc:Month>2029-08</proc:Month>
                                                                    <proc:Amount>6</proc:Amount>
                                                                </proc:MonthlyDelivery>
                                                            </proc:MonthlyDeliveryList>
                                                        </proc:MonthlyDeliverySchedule>
                                                    </proc:MonthlyDeliveryScheduleList>
                                                    <proc:MonthlyDeliveryScheduleTotal>
                                                        <proc:ProcQuantity>26</proc:ProcQuantity>
                                                        <proc:MonthlyDeliveryList>
                                                            <proc:MonthlyDelivery>
                                                                <proc:Month>2029-04</proc:Month>
                                                                <proc:Amount>5</proc:Amount>
                                                            </proc:MonthlyDelivery>
                                                            <proc:MonthlyDelivery>
                                                                <proc:Month>2029-05</proc:Month>
                                                                <proc:Amount>5</proc:Amount>
                                                            </proc:MonthlyDelivery>
                                                            <proc:MonthlyDelivery>
                                                                <proc:Month>2029-06</proc:Month>
                                                                <proc:Amount>5</proc:Amount>
                                                            </proc:MonthlyDelivery>
                                                            <proc:MonthlyDelivery>
                                                                <proc:Month>2029-07</proc:Month>
                                                                <proc:Amount>5</proc:Amount>
                                                            </proc:MonthlyDelivery>
                                                            <proc:MonthlyDelivery>
                                                                <proc:Month>2029-08</proc:Month>
                                                                <proc:Amount>6</proc:Amount>
                                                            </proc:MonthlyDelivery>
                                                        </proc:MonthlyDeliveryList>
                                                    </proc:MonthlyDeliveryScheduleTotal>
                                                </proc:HistoryPlanning>
                                                <proc:HistoryPlanning>
                                                    <proc:FiscalYear>2026</proc:FiscalYear>
                                                    <proc:PCOLocation>NAVAIR</proc:PCOLocation>
                                                    <proc:AwardDate>2026-06</proc:AwardDate>
                                                    <proc:FirstDeliveryDate>2029-09</proc:FirstDeliveryDate>
                                                    <proc:Quantity>7</proc:Quantity>
                                                    <proc:UnitCost>5090</proc:UnitCost>
                                                    <proc:SpecsAvailableNow>true</proc:SpecsAvailableNow>
                                                    <proc:RFPIssueDate>2025-04</proc:RFPIssueDate>
                                                    <proc:ContractMethod>SS</proc:ContractMethod>
                                                    <proc:ContractType>FPIF</proc:ContractType>
                                                    <proc:MonthlyDeliveryScheduleList>
                                                        <proc:MonthlyDeliverySchedule>
                                                            <proc:ServiceAgencyName>Army</proc:ServiceAgencyName>
                                                            <proc:ProcQuantity>7</proc:ProcQuantity>
                                                            <proc:MonthlyDeliveryList>
                                                                <proc:MonthlyDelivery>
                                                                    <proc:Month>2029-09</proc:Month>
                                                                    <proc:Amount>7</proc:Amount>
                                                                </proc:MonthlyDelivery>
                                                            </proc:MonthlyDeliveryList>
                                                        </proc:MonthlyDeliverySchedule>
                                                    </proc:MonthlyDeliveryScheduleList>
                                                    <proc:MonthlyDeliveryScheduleTotal>
                                                        <proc:ProcQuantity>7</proc:ProcQuantity>
                                                        <proc:MonthlyDeliveryList>
                                                            <proc:MonthlyDelivery>
                                                                <proc:Month>2029-09</proc:Month>
                                                                <proc:Amount>7</proc:Amount>
                                                            </proc:MonthlyDelivery>
                                                        </proc:MonthlyDeliveryList>
                                                    </proc:MonthlyDeliveryScheduleTotal>
                                                </proc:HistoryPlanning>
                                            </proc:HistoryPlanningList>
                                        </proc:Manufacturer>
                                    </proc:ManufacturerList>
                                </proc:CostElement>
                                <proc:CostElement>
                                    <proc:Name>Tactical Tomahawk - Classified</proc:Name>
                                    <proc:Cost>
                                        <proc:TotalCost>
                                            <proc:PriorYear>41.895</proc:PriorYear>
                                            <proc:CurrentYear>23.774</proc:CurrentYear>
                                            <proc:BudgetYearOneBase>5.264</proc:BudgetYearOneBase>
                                            <proc:BudgetYearOne>5.264</proc:BudgetYearOne>
                                        </proc:TotalCost>
                                    </proc:Cost>
                                </proc:CostElement>
                            </proc:CostElementList>
                            <proc:CategorySubtotal>
                                <proc:TotalCost>
                                    <proc:PriorYear>161.234</proc:PriorYear>
                                    <proc:CurrentYear>137.254</proc:CurrentYear>
                                    <proc:BudgetYearOneBase>40.894</proc:BudgetYearOneBase>
                                    <proc:BudgetYearOne>40.894</proc:BudgetYearOne>
                                </proc:TotalCost>
                            </proc:CategorySubtotal>
                        </proc:Recurring>
                        <proc:CategorySubtotal>
                            <proc:TotalCost>
                                <proc:PriorYear>161.234</proc:PriorYear>
                                <proc:CurrentYear>137.254</proc:CurrentYear>
                                <proc:BudgetYearOneBase>40.894</proc:BudgetYearOneBase>
                                <proc:BudgetYearOne>40.894</proc:BudgetYearOne>
                            </proc:TotalCost>
                        </proc:CategorySubtotal>
                    </proc:Flyaway>
                    <proc:Support>
                        <proc:CostElementList>
                            <proc:CostElement>
                                <proc:Name>Government Management</proc:Name>
                                <proc:Cost>
                                    <proc:TotalCost>
                                        <proc:PriorYear>8.284</proc:PriorYear>
                                        <proc:CurrentYear>7.687</proc:CurrentYear>
                                        <proc:BudgetYearOneBase>1.98</proc:BudgetYearOneBase>
                                        <proc:BudgetYearOne>1.98</proc:BudgetYearOne>
                                    </proc:TotalCost>
                                </proc:Cost>
                            </proc:CostElement>
                        </proc:CostElementList>
                        <proc:CategorySubtotal>
                            <proc:TotalCost>
                                <proc:PriorYear>8.284</proc:PriorYear>
                                <proc:CurrentYear>7.687</proc:CurrentYear>
                                <proc:BudgetYearOneBase>1.98</proc:BudgetYearOneBase>
                                <proc:BudgetYearOne>1.98</proc:BudgetYearOne>
                            </proc:TotalCost>
                        </proc:CategorySubtotal>
                        <proc:Name>Program Management</proc:Name>
                    </proc:Support>
                </proc:CostElementCategoryList>
                <proc:OverallHistoryPlanningRemarks>Item Number C81214 funds the acquisition of seven Maritime Strike Tomahawk missiles.

The FY 2024 contract includes an option for FY 2025.  A new contract will be awarded in FY 2026.

The Army intends to convert any price advantage created through Navy contract negotiations, other service procurement, and/or foreign military sales to procure additional MRC munitions.</proc:OverallHistoryPlanningRemarks>
                <proc:OverallDeliveryScheduleRemarks>The delivery of Army missiles is based on an estimated schedule that incorporates Army, Navy, and FMS deliveries from the Tomahawk production contract.

The Army intends to convert any price advantage created through Navy contract negotiations, other service procurement, and/or foreign military sales to procure additional MRC munitions.</proc:OverallDeliveryScheduleRemarks>
            </proc:P5Item>
            <proc:P5Item>
                <proc:Name>MID-RANGE CAPABILITY GROUND SUPPORT EQUIPMENT</proc:Name>
                <proc:ItemNumber>C81215</proc:ItemNumber>
                <proc:SecondaryDistribution>
                    <proc:ComponentList>
                        <proc:Component>
                            <proc:Name>Army Active</proc:Name>
                            <proc:Cost>
                                <proc:Quantity>
                                    <proc:CurrentYear>1</proc:CurrentYear>
                                </proc:Quantity>
                                <proc:TotalCost>
                                    <proc:CurrentYear>88.096</proc:CurrentYear>
                                    <proc:BudgetYearOneBase>4.801</proc:BudgetYearOneBase>
                                    <proc:BudgetYearOne>4.801</proc:BudgetYearOne>
                                </proc:TotalCost>
                            </proc:Cost>
                        </proc:Component>
                    </proc:ComponentList>
                </proc:SecondaryDistribution>
                <proc:ResourceSummary>
                    <proc:Quantity>
                        <proc:CurrentYear>1</proc:CurrentYear>
                    </proc:Quantity>
                    <proc:TotalCost>
                        <proc:CurrentYear>88.096</proc:CurrentYear>
                        <proc:BudgetYearOneBase>4.801</proc:BudgetYearOneBase>
                        <proc:BudgetYearOne>4.801</proc:BudgetYearOne>
                    </proc:TotalCost>
                    <proc:UnitCost>
                        <proc:CurrentYear>88096</proc:CurrentYear>
                    </proc:UnitCost>
                    <proc:NetProcurementP1>
                        <proc:CurrentYear>88.096</proc:CurrentYear>
                        <proc:BudgetYearOneBase>4.801</proc:BudgetYearOneBase>
                        <proc:BudgetYearOne>4.801</proc:BudgetYearOne>
                    </proc:NetProcurementP1>
                    <proc:TotalObligationAuthority>
                        <proc:CurrentYear>88.096</proc:CurrentYear>
                        <proc:BudgetYearOneBase>4.801</proc:BudgetYearOneBase>
                        <proc:BudgetYearOne>4.801</proc:BudgetYearOne>
                    </proc:TotalObligationAuthority>
                </proc:ResourceSummary>
                <proc:CostElementCategoryList>
                    <proc:Hardware>
                        <proc:Recurring>
                            <proc:CostElementList>
                                <proc:CostElement>
                                    <proc:Name>Ground Support Equipment - Original Equipment Manufacturer (OEM)</proc:Name>
                                    <proc:Cost>
                                        <proc:Quantity>
                                            <proc:CurrentYear>1</proc:CurrentYear>
                                        </proc:Quantity>
                                        <proc:TotalCost>
                                            <proc:CurrentYear>65.254</proc:CurrentYear>
                                        </proc:TotalCost>
                                        <proc:UnitCost>
                                            <proc:CurrentYear>65254</proc:CurrentYear>
                                        </proc:UnitCost>
                                    </proc:Cost>
                                    <proc:ManufacturerList>
                                        <proc:Manufacturer>
                                            <proc:Name>Lockheed Martin Corporation</proc:Name>
                                            <proc:Location>Moorestown, NJ</proc:Location>
                                            <proc:HistoryPlanningList>
                                                <proc:HistoryPlanning>
                                                    <proc:FiscalYear>2025</proc:FiscalYear>
                                                    <proc:PCOLocation>Redstone Arsenal, AL</proc:PCOLocation>
                                                    <proc:AwardDate>2025-09</proc:AwardDate>
                                                    <proc:FirstDeliveryDate>2027-06</proc:FirstDeliveryDate>
                                                    <proc:Quantity>1</proc:Quantity>
                                                    <proc:UnitCost>65254</proc:UnitCost>
                                                    <proc:SpecsAvailableNow>true</proc:SpecsAvailableNow>
                                                    <proc:RFPIssueDate>2025-02</proc:RFPIssueDate>
                                                    <proc:ContractMethod>SS</proc:ContractMethod>
                                                    <proc:ContractType>CPFF</proc:ContractType>
                                                </proc:HistoryPlanning>
                                            </proc:HistoryPlanningList>
                                        </proc:Manufacturer>
                                    </proc:ManufacturerList>
                                </proc:CostElement>
                                <proc:CostElement>
                                    <proc:Name>Ground Support Equipment - Government Furnished Equipment (GFE)</proc:Name>
                                    <proc:Cost>
                                        <proc:TotalCost>
                                            <proc:CurrentYear>9.358</proc:CurrentYear>
                                        </proc:TotalCost>
                                    </proc:Cost>
                                </proc:CostElement>
                            </proc:CostElementList>
                            <proc:CategorySubtotal>
                                <proc:TotalCost>
                                    <proc:CurrentYear>74.612</proc:CurrentYear>
                                </proc:TotalCost>
                            </proc:CategorySubtotal>
                        </proc:Recurring>
                        <proc:CategorySubtotal>
                            <proc:TotalCost>
                                <proc:CurrentYear>74.612</proc:CurrentYear>
                            </proc:TotalCost>
                        </proc:CategorySubtotal>
                    </proc:Hardware>
                    <proc:Support>
                        <proc:CostElementList>
                            <proc:CostElement>
                                <proc:Name>Contractor Management</proc:Name>
                                <proc:Cost>
                                    <proc:TotalCost>
                                        <proc:CurrentYear>9.297</proc:CurrentYear>
                                    </proc:TotalCost>
                                </proc:Cost>
                            </proc:CostElement>
                            <proc:CostElement>
                                <proc:Name>Government Management</proc:Name>
                                <proc:Cost>
                                    <proc:TotalCost>
                                        <proc:CurrentYear>4.187</proc:CurrentYear>
                                        <proc:BudgetYearOneBase>4.801</proc:BudgetYearOneBase>
                                        <proc:BudgetYearOne>4.801</proc:BudgetYearOne>
                                    </proc:TotalCost>
                                </proc:Cost>
                            </proc:CostElement>
                        </proc:CostElementList>
                        <proc:CategorySubtotal>
                            <proc:TotalCost>
                                <proc:CurrentYear>13.484</proc:CurrentYear>
                                <proc:BudgetYearOneBase>4.801</proc:BudgetYearOneBase>
                                <proc:BudgetYearOne>4.801</proc:BudgetYearOne>
                            </proc:TotalCost>
                        </proc:CategorySubtotal>
                        <proc:Name>Program Management</proc:Name>
                    </proc:Support>
                </proc:CostElementCategoryList>
            </proc:P5Item>
            <proc:P5Item>
                <proc:Name>STANDARD MISSILE-6 (SM-6)</proc:Name>
                <proc:ItemNumber>C81216</proc:ItemNumber>
                <proc:SecondaryDistribution>
                    <proc:ComponentList>
                        <proc:Component>
                            <proc:Name>Army Active</proc:Name>
                            <proc:Cost>
                                <proc:Quantity>
                                    <proc:BudgetYearOneBase>6</proc:BudgetYearOneBase>
                                    <proc:BudgetYearOne>6</proc:BudgetYearOne>
                                </proc:Quantity>
                                <proc:TotalCost>
                                    <proc:BudgetYearOneBase>34.732</proc:BudgetYearOneBase>
                                    <proc:BudgetYearOne>34.732</proc:BudgetYearOne>
                                </proc:TotalCost>
                            </proc:Cost>
                        </proc:Component>
                    </proc:ComponentList>
                </proc:SecondaryDistribution>
                <proc:Remarks>Item Number C81216 funds the acquisition of six Block IA Standard Missle-6 (SM-6) missiles.

The Army plans to procure Block IA SM-6 missiles. 

The Army intends to convert any price advantage created through Navy contract negotiations, other service procurement, and/or foreign military sales to procure additional MRC munitions.</proc:Remarks>
                <proc:ResourceSummary>
                    <proc:Quantity>
                        <proc:BudgetYearOneBase>6</proc:BudgetYearOneBase>
                        <proc:BudgetYearOne>6</proc:BudgetYearOne>
                    </proc:Quantity>
                    <proc:TotalCost>
                        <proc:BudgetYearOneBase>34.732</proc:BudgetYearOneBase>
                        <proc:BudgetYearOne>34.732</proc:BudgetYearOne>
                    </proc:TotalCost>
                    <proc:UnitCost>
                        <proc:BudgetYearOneBase>5788.667</proc:BudgetYearOneBase>
                        <proc:BudgetYearOne>5788.667</proc:BudgetYearOne>
                    </proc:UnitCost>
                    <proc:NetProcurementP1>
                        <proc:BudgetYearOneBase>34.732</proc:BudgetYearOneBase>
                        <proc:BudgetYearOne>34.732</proc:BudgetYearOne>
                    </proc:NetProcurementP1>
                    <proc:TotalObligationAuthority>
                        <proc:BudgetYearOneBase>34.732</proc:BudgetYearOneBase>
                        <proc:BudgetYearOne>34.732</proc:BudgetYearOne>
                    </proc:TotalObligationAuthority>
                </proc:ResourceSummary>
                <proc:CostElementCategoryList>
                    <proc:Flyaway>
                        <proc:Recurring>
                            <proc:CostElementList>
                                <proc:CostElement>
                                    <proc:Name>SM-6</proc:Name>
                                    <proc:Cost>
                                        <proc:Quantity>
                                            <proc:BudgetYearOneBase>6</proc:BudgetYearOneBase>
                                            <proc:BudgetYearOne>6</proc:BudgetYearOne>
                                        </proc:Quantity>
                                        <proc:TotalCost>
                                            <proc:BudgetYearOneBase>32.692</proc:BudgetYearOneBase>
                                            <proc:BudgetYearOne>32.692</proc:BudgetYearOne>
                                        </proc:TotalCost>
                                        <proc:UnitCost>
                                            <proc:BudgetYearOneBase>5448.667</proc:BudgetYearOneBase>
                                            <proc:BudgetYearOne>5448.667</proc:BudgetYearOne>
                                        </proc:UnitCost>
                                    </proc:Cost>
                                    <proc:ManufacturerList>
                                        <proc:Manufacturer>
                                            <proc:Name>Raytheon Missile System</proc:Name>
                                            <proc:Location>Tucson, AZ</proc:Location>
                                            <proc:MinimumSustainingRate>125</proc:MinimumSustainingRate>
                                            <proc:MaximumProductionRate>250</proc:MaximumProductionRate>
                                            <proc:Rate185>125</proc:Rate185>
                                            <proc:InitialQuantity>
                                                <proc:AdminLeadTimeBeforeOct1InMonths>3</proc:AdminLeadTimeBeforeOct1InMonths>
                                                <proc:AdminLeadTimeAfterOct1InMonths>6</proc:AdminLeadTimeAfterOct1InMonths>
                                                <proc:ProductionLeadTimeAfterOct1InMonths>36</proc:ProductionLeadTimeAfterOct1InMonths>
                                                <proc:TotalLeadTimeAfterOct1InMonths>42</proc:TotalLeadTimeAfterOct1InMonths>
                                            </proc:InitialQuantity>
                                            <proc:ReorderQuantity>
                                                <proc:AdminLeadTimeBeforeOct1InMonths>3</proc:AdminLeadTimeBeforeOct1InMonths>
                                                <proc:AdminLeadTimeAfterOct1InMonths>6</proc:AdminLeadTimeAfterOct1InMonths>
                                                <proc:ProductionLeadTimeAfterOct1InMonths>36</proc:ProductionLeadTimeAfterOct1InMonths>
                                                <proc:TotalLeadTimeAfterOct1InMonths>42</proc:TotalLeadTimeAfterOct1InMonths>
                                            </proc:ReorderQuantity>
                                            <proc:HistoryPlanningList>
                                                <proc:HistoryPlanning>
                                                    <proc:FiscalYear>2026</proc:FiscalYear>
                                                    <proc:PCOLocation>NAVSEA</proc:PCOLocation>
                                                    <proc:AwardDate>2026-03</proc:AwardDate>
                                                    <proc:FirstDeliveryDate>2029-03</proc:FirstDeliveryDate>
                                                    <proc:Quantity>6</proc:Quantity>
                                                    <proc:UnitCost>5448.667</proc:UnitCost>
                                                    <proc:SpecsAvailableNow>true</proc:SpecsAvailableNow>
                                                    <proc:RFPIssueDate>2022-06</proc:RFPIssueDate>
                                                    <proc:ContractMethod>SS</proc:ContractMethod>
                                                    <proc:ContractType>FFP</proc:ContractType>
                                                    <proc:MonthlyDeliveryScheduleList>
                                                        <proc:MonthlyDeliverySchedule>
                                                            <proc:ServiceAgencyName>Army</proc:ServiceAgencyName>
                                                            <proc:ProcQuantity>6</proc:ProcQuantity>
                                                            <proc:MonthlyDeliveryList>
                                                                <proc:MonthlyDelivery>
                                                                    <proc:Month>2029-03</proc:Month>
                                                                    <proc:Amount>6</proc:Amount>
                                                                </proc:MonthlyDelivery>
                                                            </proc:MonthlyDeliveryList>
                                                        </proc:MonthlyDeliverySchedule>
                                                    </proc:MonthlyDeliveryScheduleList>
                                                    <proc:MonthlyDeliveryScheduleTotal>
                                                        <proc:ProcQuantity>6</proc:ProcQuantity>
                                                        <proc:MonthlyDeliveryList>
                                                            <proc:MonthlyDelivery>
                                                                <proc:Month>2029-03</proc:Month>
                                                                <proc:Amount>6</proc:Amount>
                                                            </proc:MonthlyDelivery>
                                                        </proc:MonthlyDeliveryList>
                                                    </proc:MonthlyDeliveryScheduleTotal>
                                                </proc:HistoryPlanning>
                                            </proc:HistoryPlanningList>
                                        </proc:Manufacturer>
                                    </proc:ManufacturerList>
                                </proc:CostElement>
                            </proc:CostElementList>
                            <proc:CategorySubtotal>
                                <proc:TotalCost>
                                    <proc:BudgetYearOneBase>32.692</proc:BudgetYearOneBase>
                                    <proc:BudgetYearOne>32.692</proc:BudgetYearOne>
                                </proc:TotalCost>
                            </proc:CategorySubtotal>
                        </proc:Recurring>
                        <proc:CategorySubtotal>
                            <proc:TotalCost>
                                <proc:BudgetYearOneBase>32.692</proc:BudgetYearOneBase>
                                <proc:BudgetYearOne>32.692</proc:BudgetYearOne>
                            </proc:TotalCost>
                        </proc:CategorySubtotal>
                    </proc:Flyaway>
                    <proc:Hardware>
                        <proc:Recurring>
                            <proc:CostElementList>
                                <proc:CostElement>
                                    <proc:Name>Canister SM-6</proc:Name>
                                    <proc:Cost>
                                        <proc:TotalCost>
                                            <proc:BudgetYearOneBase>1.842</proc:BudgetYearOneBase>
                                            <proc:BudgetYearOne>1.842</proc:BudgetYearOne>
                                        </proc:TotalCost>
                                    </proc:Cost>
                                </proc:CostElement>
                            </proc:CostElementList>
                            <proc:CategorySubtotal>
                                <proc:TotalCost>
                                    <proc:BudgetYearOneBase>1.842</proc:BudgetYearOneBase>
                                    <proc:BudgetYearOne>1.842</proc:BudgetYearOne>
                                </proc:TotalCost>
                            </proc:CategorySubtotal>
                        </proc:Recurring>
                        <proc:CategorySubtotal>
                            <proc:TotalCost>
                                <proc:BudgetYearOneBase>1.842</proc:BudgetYearOneBase>
                                <proc:BudgetYearOne>1.842</proc:BudgetYearOne>
                            </proc:TotalCost>
                        </proc:CategorySubtotal>
                    </proc:Hardware>
                    <proc:Support>
                        <proc:CostElementList>
                            <proc:CostElement>
                                <proc:Name>Government Management</proc:Name>
                                <proc:Cost>
                                    <proc:TotalCost>
                                        <proc:BudgetYearOneBase>0.198</proc:BudgetYearOneBase>
                                        <proc:BudgetYearOne>0.198</proc:BudgetYearOne>
                                    </proc:TotalCost>
                                </proc:Cost>
                            </proc:CostElement>
                        </proc:CostElementList>
                        <proc:CategorySubtotal>
                            <proc:TotalCost>
                                <proc:BudgetYearOneBase>0.198</proc:BudgetYearOneBase>
                                <proc:BudgetYearOne>0.198</proc:BudgetYearOne>
                            </proc:TotalCost>
                        </proc:CategorySubtotal>
                        <proc:Name>Program Management</proc:Name>
                    </proc:Support>
                </proc:CostElementCategoryList>
                <proc:OverallHistoryPlanningRemarks>Item Number C81216 FY 2026 funds the acquisition of six Block IA Standard Missle-6 (SM-6) missiles.

The Army plans to procure Block IA SM-6 missiles.

The Army intends to convert any price advantage created through Navy contract negotiations, other service procurement, and/or foreign military sales to procure additional MRC munitions.

Not reflected in this budget due to the timing of funds receipt, The Army acquired 7 SM-6 Block IAs based on $39.232M received through the FY 2024 Omnibus ATR. The 7 SM-6s were put on contract in 3QFY25.</proc:OverallHistoryPlanningRemarks>
                <proc:OverallDeliveryScheduleRemarks>The delivery of Army missiles is based on an estimated schedule that incorporates Army, Navy, and FMS deliveries from the Standard Missile-6 production contract.

The Army intends to convert any price advantage created through Navy contract negotiations, other service procurement, and/or foreign military sales to support procurement of additional MRC munitions.</proc:OverallDeliveryScheduleRemarks>
            </proc:P5Item>
        </proc:ItemExhibitList>
        <proc:DocumentAssemblyOptions>
            <proc:p40AItemScheduleSetting>item</proc:p40AItemScheduleSetting>
        </proc:DocumentAssemblyOptions>
    </proc:LineItem>
</proc:LineItemList>