<?xml version="1.0" encoding="UTF-8"?>
<proc:LineItemList xmlns:proc="http://www.dtic.mil/comptroller/xml/schema/20100219/procurement">
    <proc:LineItem quantityUnits="Each" quantityUnitName="Each" unitCostUnits="Thousands" totalCostUnits="Millions" manufacturerRateUnits="Yearly">
        <proc:LineItemNumber>2607C71300</proc:LineItemNumber>
        <proc:LineItemTitle>Long Range Precision Munition</proc:LineItemTitle>
        <proc:P1LineNumber>16</proc:P1LineNumber>
        <proc:BudgetYear>2026</proc:BudgetYear>
        <proc:BudgetCycle>PB</proc:BudgetCycle>
        <proc:SubmissionDate>2025-06</proc:SubmissionDate>
        <proc:ServiceAgencyName>Army</proc:ServiceAgencyName>
        <proc:AppropriationNumber>2032A</proc:AppropriationNumber>
        <proc:AppropriationTitle>Missile Procurement, Army</proc:AppropriationTitle>
        <proc:BudgetActivityNumber>2</proc:BudgetActivityNumber>
        <proc:BudgetActivityTitle>Other Missiles</proc:BudgetActivityTitle>
        <proc:BudgetSubActivityNumber>20</proc:BudgetSubActivityNumber>
        <proc:BudgetSubActivityTitle>Air-To-Surface Missile System</proc:BudgetSubActivityTitle>
        <proc:ResourceSummary>
            <proc:Quantity>
                <proc:AllPriorYears>196</proc:AllPriorYears>
            </proc:Quantity>
            <proc:TotalCost>
                <proc:AllPriorYears>82.351</proc:AllPriorYears>
                <proc:PriorYear>5</proc:PriorYear>
            </proc:TotalCost>
            <proc:UnitCost>
                <proc:AllPriorYears>420.158</proc:AllPriorYears>
            </proc:UnitCost>
            <proc:NetProcurementP1>
                <proc:AllPriorYears>82.351</proc:AllPriorYears>
                <proc:PriorYear>5</proc:PriorYear>
            </proc:NetProcurementP1>
            <proc:TotalObligationAuthority>
                <proc:AllPriorYears>82.351</proc:AllPriorYears>
                <proc:PriorYear>5</proc:PriorYear>
            </proc:TotalObligationAuthority>
        </proc:ResourceSummary>
        <proc:SecondaryDistribution>
            <proc:ComponentList>
                <proc:Component>
                    <proc:Name>Army Active</proc:Name>
                    <proc:Cost>
                        <proc:TotalCost>
                            <proc:PriorYear>5</proc:PriorYear>
                        </proc:TotalCost>
                    </proc:Cost>
                </proc:Component>
            </proc:ComponentList>
            <proc:TotalCost>
                <proc:TotalCost>
                    <proc:PriorYear>5</proc:PriorYear>
                </proc:TotalCost>
            </proc:TotalCost>
        </proc:SecondaryDistribution>
        <proc:Description>Long Range Precision Munition (LRPM) is the lethal variant of the Launched Effects (LE) Family of Systems which provide a range of capabilities through variations of platforms, payloads, and mission systems. LE provides tactical and operational flexibility through collaboration of heterogeneous groups of LE launched from multiple domains (land and air) in conjunction with other manned platforms, C2, unmanned systems, and sensors throughout the operational environment. The ability to interoperate and coordinate with other LE systems at long ranges and adapt to changing threats is a core concept of the Launched Effects Abbreviated Capability Development Document validated in June 2024. Primary target set for LRPM is Integrated Air Defense Systems. LRPM will provide Army Aviation and Ground Forces with a precise long range munition system to rapidly respond in a combat environment to improve the lethality and stand-off of Warfighters and aviation platforms in an Anti-Access Area Denial (A2AD) and positioning, navigation, and timing (PNT) denied environment.

FY 2026 funding was transferred from Budget Activity (BA) 2, C71300 Long Range Precision Munition to BA 6, I46000 LAUNCHED EFFECTS FAMILY in support of Agile Portfolio Management.</proc:Description>
        <proc:Justification>FY24 Funding in the amount of $5M is in support of the Spike Non-line of Sight (NLOS) directed requirement to federate an existing production system to the Apache AH-64 as an interim solution to provide longer stand-off ranges in an anti-access/area denial (A2/AD) environment until the LE LRPM solution is developed.

LRPM (C71300) has no FY 2026 funding.

In accordance with section 1815 of the FY 2008 National Defense Authorization Act (P.L. 110-181), this item is necessary for use by the active and reserve components of the Armed Forces for homeland defense missions, domestic emergency responses, and providing military support to civil authorities.</proc:Justification>
        <proc:DocumentAssemblyOptions>
            <proc:p40AItemScheduleSetting>item</proc:p40AItemScheduleSetting>
        </proc:DocumentAssemblyOptions>
    </proc:LineItem>
</proc:LineItemList>