<?xml version="1.0" encoding="UTF-8"?>
<proc:LineItemList xmlns:proc="http://www.dtic.mil/comptroller/xml/schema/20100219/procurement">
    <proc:LineItem quantityUnits="Each" quantityUnitName="Each" unitCostUnits="Thousands" totalCostUnits="Millions" manufacturerRateUnits="Yearly">
        <proc:LineItemNumber>7265C12000</proc:LineItemNumber>
        <proc:LineItemTitle>Lower Tier Air and Missile Defense (AMD)  Sensor</proc:LineItemTitle>
        <proc:P1LineNumber>2</proc:P1LineNumber>
        <proc:BudgetYear>2026</proc:BudgetYear>
        <proc:BudgetCycle>PB</proc:BudgetCycle>
        <proc:SubmissionDate>2025-06</proc:SubmissionDate>
        <proc:ServiceAgencyName>Army</proc:ServiceAgencyName>
        <proc:AppropriationNumber>2032A</proc:AppropriationNumber>
        <proc:AppropriationTitle>Missile Procurement, Army</proc:AppropriationTitle>
        <proc:BudgetActivityNumber>2</proc:BudgetActivityNumber>
        <proc:BudgetActivityTitle>Other Missiles</proc:BudgetActivityTitle>
        <proc:BudgetSubActivityNumber>10</proc:BudgetSubActivityNumber>
        <proc:BudgetSubActivityTitle>Surface-to-Air Missile System</proc:BudgetSubActivityTitle>
        <proc:ResourceSummary>
            <proc:Quantity>
                <proc:CurrentYear>2</proc:CurrentYear>
                <proc:BudgetYearOneBase>4</proc:BudgetYearOneBase>
                <proc:BudgetYearOne>4</proc:BudgetYearOne>
            </proc:Quantity>
            <proc:TotalCost>
                <proc:AllPriorYears>37.733</proc:AllPriorYears>
                <proc:PriorYear>158.799</proc:PriorYear>
                <proc:CurrentYear>387.629</proc:CurrentYear>
                <proc:BudgetYearOneBase>637.473</proc:BudgetYearOneBase>
                <proc:BudgetYearOne>637.473</proc:BudgetYearOne>
            </proc:TotalCost>
            <proc:UnitCost>
                <proc:CurrentYear>193814.5</proc:CurrentYear>
                <proc:BudgetYearOneBase>159368.25</proc:BudgetYearOneBase>
                <proc:BudgetYearOne>159368.25</proc:BudgetYearOne>
            </proc:UnitCost>
            <proc:PYAdvanceProcurement>
                <proc:PriorYear>9.2</proc:PriorYear>
            </proc:PYAdvanceProcurement>
            <proc:NetProcurementP1>
                <proc:AllPriorYears>37.733</proc:AllPriorYears>
                <proc:PriorYear>149.599</proc:PriorYear>
                <proc:CurrentYear>387.629</proc:CurrentYear>
                <proc:BudgetYearOneBase>637.473</proc:BudgetYearOneBase>
                <proc:BudgetYearOne>637.473</proc:BudgetYearOne>
            </proc:NetProcurementP1>
            <proc:CYAdvanceProcurement>
                <proc:AllPriorYears>9.2</proc:AllPriorYears>
            </proc:CYAdvanceProcurement>
            <proc:TotalObligationAuthority>
                <proc:AllPriorYears>46.933</proc:AllPriorYears>
                <proc:PriorYear>149.599</proc:PriorYear>
                <proc:CurrentYear>387.629</proc:CurrentYear>
                <proc:BudgetYearOneBase>637.473</proc:BudgetYearOneBase>
                <proc:BudgetYearOne>637.473</proc:BudgetYearOne>
            </proc:TotalObligationAuthority>
        </proc:ResourceSummary>
        <proc:Code>A</proc:Code>
        <proc:SecondaryDistribution>
            <proc:ComponentList>
                <proc:Component>
                    <proc:Name>Army Active</proc:Name>
                    <proc:Cost>
                        <proc:Quantity>
                            <proc:CurrentYear>2</proc:CurrentYear>
                            <proc:BudgetYearOneBase>4</proc:BudgetYearOneBase>
                            <proc:BudgetYearOne>4</proc:BudgetYearOne>
                        </proc:Quantity>
                        <proc:TotalCost>
                            <proc:PriorYear>149.599</proc:PriorYear>
                            <proc:CurrentYear>387.629</proc:CurrentYear>
                            <proc:BudgetYearOneBase>637.473</proc:BudgetYearOneBase>
                            <proc:BudgetYearOne>637.473</proc:BudgetYearOne>
                        </proc:TotalCost>
                    </proc:Cost>
                </proc:Component>
            </proc:ComponentList>
            <proc:TotalCost>
                <proc:Quantity>
                    <proc:CurrentYear>2</proc:CurrentYear>
                    <proc:BudgetYearOneBase>4</proc:BudgetYearOneBase>
                    <proc:BudgetYearOne>4</proc:BudgetYearOne>
                </proc:Quantity>
                <proc:TotalCost>
                    <proc:PriorYear>149.599</proc:PriorYear>
                    <proc:CurrentYear>387.629</proc:CurrentYear>
                    <proc:BudgetYearOneBase>637.473</proc:BudgetYearOneBase>
                    <proc:BudgetYearOne>637.473</proc:BudgetYearOne>
                </proc:TotalCost>
            </proc:TotalCost>
        </proc:SecondaryDistribution>
        <proc:Description>The FY2026 request for LTAMDS includes $637,473 thousand of discretionary and $618,000 thousand of mandatory (reconciliation) dollars for a total of $1,255,473 thousand. The mandatory funds procure 4 LRIP Sensors and ancillary equipment in FY2026. Further information for this reconciliation request is provided in Section 20003 (Missile Defense) of the Reconciliation Exhibit.

This funding line is directly aligned to the Army Air and Missile Defense Modernization priority and supports the Air and Missile Defense Cross Functional Team (AMD CFT). Lower Tier Air Missile Defense Sensor (LTAMDS) program will provide the required sensing capabilities, surveillance and fire control quality data in the lower tier portion of the Army Integrated Air and Missile Defense (AIAMD) of the ballistic missile defense battlespace. The LTAMDS capability increases sensor/radar performance to maximize the inherent PATRIOT Advanced Capability (PAC-3) Missile Segment Enhanced (MSE) Interceptor capabilities to engage threats.

.</proc:Description>
        <proc:Justification>The FY2026 request for LTAMDS includes $637,473 thousand of discretionary and $618,000 thousand of mandatory (reconciliation) dollars for a total of $1,255,473 thousand. The mandatory funds procure 4 LRIP Sensors and ancillary equipment in FY2026. Further information for this reconciliation request is provided in Section 20003 (Missile Defense) of the Reconciliation Exhibit.

The funding increase of $249.844 Million in FY26 base discretionary procurement dollars from FY25 is due to an increase in production and initial fielding walk-up activities. 

This funding line is directly aligned to the Army Air and Missile Defense Modernization priority and supports the Air and Missile Defense Cross Functional Team (AMD CFT).</proc:Justification>
        <proc:ItemExhibitList>
            <proc:P5Item>
                <proc:Name>Lower Tier Air and Missile Defense Sensor</proc:Name>
                <proc:ItemNumber>C12101</proc:ItemNumber>
                <proc:IdCode>A</proc:IdCode>
                <proc:SecondaryDistribution>
                    <proc:ComponentList>
                        <proc:Component>
                            <proc:Name>Army Active</proc:Name>
                            <proc:Cost>
                                <proc:Quantity>
                                    <proc:CurrentYear>2</proc:CurrentYear>
                                    <proc:BudgetYearOneBase>4</proc:BudgetYearOneBase>
                                    <proc:BudgetYearOne>4</proc:BudgetYearOne>
                                </proc:Quantity>
                                <proc:TotalCost>
                                    <proc:PriorYear>149.599</proc:PriorYear>
                                    <proc:CurrentYear>387.629</proc:CurrentYear>
                                    <proc:BudgetYearOneBase>637.473</proc:BudgetYearOneBase>
                                    <proc:BudgetYearOne>637.473</proc:BudgetYearOne>
                                </proc:TotalCost>
                            </proc:Cost>
                        </proc:Component>
                    </proc:ComponentList>
                </proc:SecondaryDistribution>
                <proc:ResourceSummary>
                    <proc:Quantity>
                        <proc:CurrentYear>2</proc:CurrentYear>
                        <proc:BudgetYearOneBase>4</proc:BudgetYearOneBase>
                        <proc:BudgetYearOne>4</proc:BudgetYearOne>
                    </proc:Quantity>
                    <proc:TotalCost>
                        <proc:AllPriorYears>37.733</proc:AllPriorYears>
                        <proc:PriorYear>158.799</proc:PriorYear>
                        <proc:CurrentYear>387.629</proc:CurrentYear>
                        <proc:BudgetYearOneBase>637.473</proc:BudgetYearOneBase>
                        <proc:BudgetYearOne>637.473</proc:BudgetYearOne>
                    </proc:TotalCost>
                    <proc:UnitCost>
                        <proc:CurrentYear>193814.5</proc:CurrentYear>
                        <proc:BudgetYearOneBase>159368.25</proc:BudgetYearOneBase>
                        <proc:BudgetYearOne>159368.25</proc:BudgetYearOne>
                    </proc:UnitCost>
                    <proc:PYAdvanceProcurement>
                        <proc:PriorYear>9.2</proc:PriorYear>
                    </proc:PYAdvanceProcurement>
                    <proc:NetProcurementP1>
                        <proc:AllPriorYears>37.733</proc:AllPriorYears>
                        <proc:PriorYear>149.599</proc:PriorYear>
                        <proc:CurrentYear>387.629</proc:CurrentYear>
                        <proc:BudgetYearOneBase>637.473</proc:BudgetYearOneBase>
                        <proc:BudgetYearOne>637.473</proc:BudgetYearOne>
                    </proc:NetProcurementP1>
                    <proc:CYAdvanceProcurement>
                        <proc:AllPriorYears>9.2</proc:AllPriorYears>
                    </proc:CYAdvanceProcurement>
                    <proc:TotalObligationAuthority>
                        <proc:AllPriorYears>46.933</proc:AllPriorYears>
                        <proc:PriorYear>149.599</proc:PriorYear>
                        <proc:CurrentYear>387.629</proc:CurrentYear>
                        <proc:BudgetYearOneBase>637.473</proc:BudgetYearOneBase>
                        <proc:BudgetYearOne>637.473</proc:BudgetYearOne>
                    </proc:TotalObligationAuthority>
                </proc:ResourceSummary>
                <proc:CostElementCategoryList>
                    <proc:Hardware>
                        <proc:Recurring>
                            <proc:CostElementList>
                                <proc:CostElement>
                                    <proc:Name>LTAMDS Manufacturing</proc:Name>
                                    <proc:Cost>
                                        <proc:Quantity>
                                            <proc:PriorYear>1</proc:PriorYear>
                                            <proc:CurrentYear>2</proc:CurrentYear>
                                            <proc:BudgetYearOneBase>4</proc:BudgetYearOneBase>
                                            <proc:BudgetYearOne>4</proc:BudgetYearOne>
                                        </proc:Quantity>
                                        <proc:TotalCost>
                                            <proc:PriorYear>133.23</proc:PriorYear>
                                            <proc:CurrentYear>266.46</proc:CurrentYear>
                                            <proc:BudgetYearOneBase>493.42</proc:BudgetYearOneBase>
                                            <proc:BudgetYearOne>493.42</proc:BudgetYearOne>
                                        </proc:TotalCost>
                                        <proc:UnitCost>
                                            <proc:PriorYear>133230</proc:PriorYear>
                                            <proc:CurrentYear>133230</proc:CurrentYear>
                                            <proc:BudgetYearOneBase>123355</proc:BudgetYearOneBase>
                                            <proc:BudgetYearOne>123355</proc:BudgetYearOne>
                                        </proc:UnitCost>
                                    </proc:Cost>
                                    <proc:ManufacturerList>
                                        <proc:Manufacturer>
                                            <proc:Name>Raytheon</proc:Name>
                                            <proc:Location>350 Lowell Street, Andover, MA 01810</proc:Location>
                                            <proc:MinimumSustainingRate>2</proc:MinimumSustainingRate>
                                            <proc:MaximumProductionRate>8</proc:MaximumProductionRate>
                                            <proc:Rate185>6</proc:Rate185>
                                            <proc:InitialQuantity>
                                                <proc:AdminLeadTimeBeforeOct1InMonths>0</proc:AdminLeadTimeBeforeOct1InMonths>
                                                <proc:AdminLeadTimeAfterOct1InMonths>0</proc:AdminLeadTimeAfterOct1InMonths>
                                                <proc:ProductionLeadTimeAfterOct1InMonths>40</proc:ProductionLeadTimeAfterOct1InMonths>
                                                <proc:TotalLeadTimeAfterOct1InMonths>40</proc:TotalLeadTimeAfterOct1InMonths>
                                            </proc:InitialQuantity>
                                            <proc:ReorderQuantity>
                                                <proc:AdminLeadTimeBeforeOct1InMonths>0</proc:AdminLeadTimeBeforeOct1InMonths>
                                                <proc:AdminLeadTimeAfterOct1InMonths>0</proc:AdminLeadTimeAfterOct1InMonths>
                                                <proc:ProductionLeadTimeAfterOct1InMonths>0</proc:ProductionLeadTimeAfterOct1InMonths>
                                                <proc:TotalLeadTimeAfterOct1InMonths>0</proc:TotalLeadTimeAfterOct1InMonths>
                                            </proc:ReorderQuantity>
                                            <proc:HistoryPlanningList>
                                                <proc:HistoryPlanning>
                                                    <proc:FiscalYear>2025</proc:FiscalYear>
                                                    <proc:PCOLocation>ACC-RSA</proc:PCOLocation>
                                                    <proc:AwardDate>2025-05</proc:AwardDate>
                                                    <proc:FirstDeliveryDate>2028-09</proc:FirstDeliveryDate>
                                                    <proc:Quantity>2</proc:Quantity>
                                                    <proc:UnitCost>133230</proc:UnitCost>
                                                    <proc:SpecsAvailableNow>false</proc:SpecsAvailableNow>
                                                    <proc:RFPIssueDate>2022-04</proc:RFPIssueDate>
                                                    <proc:ContractMethod>SS</proc:ContractMethod>
                                                    <proc:ContractType>FPIF</proc:ContractType>
                                                    <proc:MonthlyDeliveryScheduleList>
                                                        <proc:MonthlyDeliverySchedule>
                                                            <proc:ServiceAgencyName>Army</proc:ServiceAgencyName>
                                                            <proc:ProcQuantity>2</proc:ProcQuantity>
                                                            <proc:MonthlyDeliveryList>
                                                                <proc:MonthlyDelivery>
                                                                    <proc:Month>2028-09</proc:Month>
                                                                    <proc:Amount>2</proc:Amount>
                                                                </proc:MonthlyDelivery>
                                                            </proc:MonthlyDeliveryList>
                                                        </proc:MonthlyDeliverySchedule>
                                                    </proc:MonthlyDeliveryScheduleList>
                                                    <proc:MonthlyDeliveryScheduleTotal>
                                                        <proc:ProcQuantity>2</proc:ProcQuantity>
                                                        <proc:MonthlyDeliveryList>
                                                            <proc:MonthlyDelivery>
                                                                <proc:Month>2028-09</proc:Month>
                                                                <proc:Amount>2</proc:Amount>
                                                            </proc:MonthlyDelivery>
                                                        </proc:MonthlyDeliveryList>
                                                    </proc:MonthlyDeliveryScheduleTotal>
                                                </proc:HistoryPlanning>
                                                <proc:HistoryPlanning>
                                                    <proc:FiscalYear>2026</proc:FiscalYear>
                                                    <proc:PCOLocation>ACC-RSA</proc:PCOLocation>
                                                    <proc:AwardDate>2025-12</proc:AwardDate>
                                                    <proc:FirstDeliveryDate>2029-04</proc:FirstDeliveryDate>
                                                    <proc:Quantity>4</proc:Quantity>
                                                    <proc:UnitCost>123355</proc:UnitCost>
                                                    <proc:SpecsAvailableNow>false</proc:SpecsAvailableNow>
                                                    <proc:ContractMethod>SS</proc:ContractMethod>
                                                    <proc:ContractType>FPIF</proc:ContractType>
                                                    <proc:MonthlyDeliveryScheduleList>
                                                        <proc:MonthlyDeliverySchedule>
                                                            <proc:ServiceAgencyName>Army</proc:ServiceAgencyName>
                                                            <proc:ProcQuantity>4</proc:ProcQuantity>
                                                            <proc:MonthlyDeliveryList>
                                                                <proc:MonthlyDelivery>
                                                                    <proc:Month>2029-04</proc:Month>
                                                                    <proc:Amount>1</proc:Amount>
                                                                </proc:MonthlyDelivery>
                                                                <proc:MonthlyDelivery>
                                                                    <proc:Month>2029-06</proc:Month>
                                                                    <proc:Amount>1</proc:Amount>
                                                                </proc:MonthlyDelivery>
                                                                <proc:MonthlyDelivery>
                                                                    <proc:Month>2029-08</proc:Month>
                                                                    <proc:Amount>1</proc:Amount>
                                                                </proc:MonthlyDelivery>
                                                                <proc:MonthlyDelivery>
                                                                    <proc:Month>2029-10</proc:Month>
                                                                    <proc:Amount>1</proc:Amount>
                                                                </proc:MonthlyDelivery>
                                                            </proc:MonthlyDeliveryList>
                                                        </proc:MonthlyDeliverySchedule>
                                                    </proc:MonthlyDeliveryScheduleList>
                                                    <proc:MonthlyDeliveryScheduleTotal>
                                                        <proc:ProcQuantity>4</proc:ProcQuantity>
                                                        <proc:MonthlyDeliveryList>
                                                            <proc:MonthlyDelivery>
                                                                <proc:Month>2029-04</proc:Month>
                                                                <proc:Amount>1</proc:Amount>
                                                            </proc:MonthlyDelivery>
                                                            <proc:MonthlyDelivery>
                                                                <proc:Month>2029-06</proc:Month>
                                                                <proc:Amount>1</proc:Amount>
                                                            </proc:MonthlyDelivery>
                                                            <proc:MonthlyDelivery>
                                                                <proc:Month>2029-08</proc:Month>
                                                                <proc:Amount>1</proc:Amount>
                                                            </proc:MonthlyDelivery>
                                                            <proc:MonthlyDelivery>
                                                                <proc:Month>2029-10</proc:Month>
                                                                <proc:Amount>1</proc:Amount>
                                                            </proc:MonthlyDelivery>
                                                        </proc:MonthlyDeliveryList>
                                                    </proc:MonthlyDeliveryScheduleTotal>
                                                </proc:HistoryPlanning>
                                            </proc:HistoryPlanningList>
                                        </proc:Manufacturer>
                                    </proc:ManufacturerList>
                                </proc:CostElement>
                            </proc:CostElementList>
                            <proc:CategorySubtotal>
                                <proc:TotalCost>
                                    <proc:PriorYear>133.23</proc:PriorYear>
                                    <proc:CurrentYear>266.46</proc:CurrentYear>
                                    <proc:BudgetYearOneBase>493.42</proc:BudgetYearOneBase>
                                    <proc:BudgetYearOne>493.42</proc:BudgetYearOne>
                                </proc:TotalCost>
                            </proc:CategorySubtotal>
                        </proc:Recurring>
                        <proc:NonRecurring>
                            <proc:CostElementList>
                                <proc:CostElement>
                                    <proc:Name>Advance Procurement</proc:Name>
                                    <proc:Cost>
                                        <proc:TotalCost>
                                            <proc:PriorYear>9.2</proc:PriorYear>
                                        </proc:TotalCost>
                                    </proc:Cost>
                                </proc:CostElement>
                                <proc:CostElement>
                                    <proc:Name>ICS (Interim Contractor Support)</proc:Name>
                                    <proc:Cost>
                                        <proc:TotalCost>
                                            <proc:AllPriorYears>37.733</proc:AllPriorYears>
                                            <proc:PriorYear>3.75</proc:PriorYear>
                                            <proc:CurrentYear>24.05</proc:CurrentYear>
                                            <proc:BudgetYearOneBase>25.29</proc:BudgetYearOneBase>
                                            <proc:BudgetYearOne>25.29</proc:BudgetYearOne>
                                        </proc:TotalCost>
                                    </proc:Cost>
                                </proc:CostElement>
                            </proc:CostElementList>
                            <proc:CategorySubtotal>
                                <proc:TotalCost>
                                    <proc:AllPriorYears>37.733</proc:AllPriorYears>
                                    <proc:PriorYear>12.95</proc:PriorYear>
                                    <proc:CurrentYear>24.05</proc:CurrentYear>
                                    <proc:BudgetYearOneBase>25.29</proc:BudgetYearOneBase>
                                    <proc:BudgetYearOne>25.29</proc:BudgetYearOne>
                                </proc:TotalCost>
                            </proc:CategorySubtotal>
                        </proc:NonRecurring>
                        <proc:CategorySubtotal>
                            <proc:TotalCost>
                                <proc:AllPriorYears>37.733</proc:AllPriorYears>
                                <proc:PriorYear>146.18</proc:PriorYear>
                                <proc:CurrentYear>290.51</proc:CurrentYear>
                                <proc:BudgetYearOneBase>518.71</proc:BudgetYearOneBase>
                                <proc:BudgetYearOne>518.71</proc:BudgetYearOne>
                            </proc:TotalCost>
                        </proc:CategorySubtotal>
                    </proc:Hardware>
                    <proc:Support>
                        <proc:CostElementList>
                            <proc:CostElement>
                                <proc:Name>Support and Handling Equipment</proc:Name>
                                <proc:Cost>
                                    <proc:TotalCost>
                                        <proc:PriorYear>3.895</proc:PriorYear>
                                        <proc:CurrentYear>11.86</proc:CurrentYear>
                                        <proc:BudgetYearOneBase>22.217</proc:BudgetYearOneBase>
                                        <proc:BudgetYearOne>22.217</proc:BudgetYearOne>
                                    </proc:TotalCost>
                                </proc:Cost>
                            </proc:CostElement>
                        </proc:CostElementList>
                        <proc:CategorySubtotal>
                            <proc:TotalCost>
                                <proc:PriorYear>3.895</proc:PriorYear>
                                <proc:CurrentYear>11.86</proc:CurrentYear>
                                <proc:BudgetYearOneBase>22.217</proc:BudgetYearOneBase>
                                <proc:BudgetYearOne>22.217</proc:BudgetYearOne>
                            </proc:TotalCost>
                        </proc:CategorySubtotal>
                        <proc:Name>Common Support Equipment</proc:Name>
                    </proc:Support>
                    <proc:Support>
                        <proc:CostElementList>
                            <proc:CostElement>
                                <proc:Name>Initial Spares and Repair Parts</proc:Name>
                                <proc:Cost>
                                    <proc:TotalCost>
                                        <proc:PriorYear>7.994</proc:PriorYear>
                                        <proc:CurrentYear>69.549</proc:CurrentYear>
                                        <proc:BudgetYearOneBase>78.996</proc:BudgetYearOneBase>
                                        <proc:BudgetYearOne>78.996</proc:BudgetYearOne>
                                    </proc:TotalCost>
                                </proc:Cost>
                            </proc:CostElement>
                        </proc:CostElementList>
                        <proc:CategorySubtotal>
                            <proc:TotalCost>
                                <proc:PriorYear>7.994</proc:PriorYear>
                                <proc:CurrentYear>69.549</proc:CurrentYear>
                                <proc:BudgetYearOneBase>78.996</proc:BudgetYearOneBase>
                                <proc:BudgetYearOne>78.996</proc:BudgetYearOne>
                            </proc:TotalCost>
                        </proc:CategorySubtotal>
                        <proc:Name>Initial Spares and Repair Parts</proc:Name>
                    </proc:Support>
                    <proc:Support>
                        <proc:CostElementList>
                            <proc:CostElement>
                                <proc:Name>Production Engineering</proc:Name>
                                <proc:Cost>
                                    <proc:TotalCost>
                                        <proc:PriorYear>0.23</proc:PriorYear>
                                        <proc:CurrentYear>5.5</proc:CurrentYear>
                                        <proc:BudgetYearOneBase>6.14</proc:BudgetYearOneBase>
                                        <proc:BudgetYearOne>6.14</proc:BudgetYearOne>
                                    </proc:TotalCost>
                                </proc:Cost>
                            </proc:CostElement>
                        </proc:CostElementList>
                        <proc:CategorySubtotal>
                            <proc:TotalCost>
                                <proc:PriorYear>0.23</proc:PriorYear>
                                <proc:CurrentYear>5.5</proc:CurrentYear>
                                <proc:BudgetYearOneBase>6.14</proc:BudgetYearOneBase>
                                <proc:BudgetYearOne>6.14</proc:BudgetYearOne>
                            </proc:TotalCost>
                        </proc:CategorySubtotal>
                        <proc:Name>Production Engineering</proc:Name>
                    </proc:Support>
                    <proc:Support>
                        <proc:CostElementList>
                            <proc:CostElement>
                                <proc:Name>Quality Assurance</proc:Name>
                                <proc:Cost>
                                    <proc:TotalCost>
                                        <proc:PriorYear>0.5</proc:PriorYear>
                                        <proc:CurrentYear>10.21</proc:CurrentYear>
                                        <proc:BudgetYearOneBase>11.41</proc:BudgetYearOneBase>
                                        <proc:BudgetYearOne>11.41</proc:BudgetYearOne>
                                    </proc:TotalCost>
                                </proc:Cost>
                            </proc:CostElement>
                        </proc:CostElementList>
                        <proc:CategorySubtotal>
                            <proc:TotalCost>
                                <proc:PriorYear>0.5</proc:PriorYear>
                                <proc:CurrentYear>10.21</proc:CurrentYear>
                                <proc:BudgetYearOneBase>11.41</proc:BudgetYearOneBase>
                                <proc:BudgetYearOne>11.41</proc:BudgetYearOne>
                            </proc:TotalCost>
                        </proc:CategorySubtotal>
                        <proc:Name>Quality Assurance</proc:Name>
                    </proc:Support>
                </proc:CostElementCategoryList>
            </proc:P5Item>
        </proc:ItemExhibitList>
        <proc:DocumentAssemblyOptions>
            <proc:p40AItemScheduleSetting>item</proc:p40AItemScheduleSetting>
        </proc:DocumentAssemblyOptions>
    </proc:LineItem>
</proc:LineItemList>