<?xml version="1.0" encoding="UTF-8"?>
<r2:ProgramElementList xmlns:r2="http://www.dtic.mil/comptroller/xml/schema/022009/r2" targetSchemaVersion="1.0">
    <r2:ProgramElement monetaryUnit="Millions">
        <r2:ProgramElementNumber>0208045K</r2:ProgramElementNumber>
        <r2:ProgramElementTitle>C4I Interoperability</r2:ProgramElementTitle>
        <r2:R1LineNumber>209</r2:R1LineNumber>
        <r2:BudgetYear>2026</r2:BudgetYear>
        <r2:BudgetCycle>PB</r2:BudgetCycle>
        <r2:SubmissionDate>2025-06</r2:SubmissionDate>
        <r2:ServiceAgencyName>Defense Information Systems Agency</r2:ServiceAgencyName>
        <r2:AppropriationCode>0400</r2:AppropriationCode>
        <r2:AppropriationName>Research, Development, Test &amp; Evaluation, Defense-Wide</r2:AppropriationName>
        <r2:BudgetActivityNumber>6</r2:BudgetActivityNumber>
        <r2:BudgetActivityTitle>RDT&amp;E Management Support</r2:BudgetActivityTitle>
        <r2:ProgramElementFunding>
            <r2:AllPriorYears>120.237</r2:AllPriorYears>
            <r2:PriorYear>66.108</r2:PriorYear>
            <r2:CurrentYear>65.144</r2:CurrentYear>
            <r2:BudgetYearOne>70.893</r2:BudgetYearOne>
            <r2:BudgetYearOneBase>70.893</r2:BudgetYearOneBase>
        </r2:ProgramElementFunding>
        <r2:ProgramElementMissionDescription>The Joint Interoperability Test Command (JITC) is the only joint element of the Department of Defense’s (DoD) Major Range and Test Facility Base (MRTFB) that primarily performs Test and Evaluation (T&amp;E) of Information Technology and National Security Systems (IT/NSS) in support of Command, Control, Communications, Computers and Intelligence (C4I).  JITC is the DoD's only Joint Interoperability Certifier at the only Non-Service Operational Test Agency. 

Interoperability is vital to the DoD’s success as it allows forces, units and/or systems of military services, and U.S. partners to share data, information, materiel, and services required to operate collaboratively. Operational testing addresses critical issues of a system's effectiveness in combat-like environments. Additionally, operational testing provides decision makers an independent evaluation to better understand the risks and capabilities of a system’s effectiveness, suitability, and cyber-security before fielding to the warfighters.

JITC’s T&amp;E efforts determine the degree to which the DoD is fielding interoperable, operationally effective, suitable, and cyber survivable joint warfighting capabilities to achieve DoD’s goal of information superiority. JITC evaluates DoD system and capability conformance to applicable Military Standards and technical specifications and performs Cyber T&amp;E of DoD IT and NSS (including Cloud services and Mobility).  Collectively, JITC's Test, Evaluation, and Certification (TE&amp;C) services support DISA's strategy to operate and secure the DISA portion of the DoD Information Network. 

JITC is responsible for: 
• Evaluating DoD IT/NSS for Joint/Coalition (involving two or more US military services and/or partner nations) interoperability to provide decision makers objective information on systems issues, risks and capabilities.
• Issuing Joint Interoperability Certifications and Assessments to document system functionality and capability. 
• Conducting operational evaluations of production representative systems to determine how they perform in typical real-world scenarios. 
• Maintaining a federated IT infrastructure which provides a national test asset to DoD and other organizations as an MRTFB activity. 
• Providing interoperability mission support to warfighters to enable effective communication and operations between U.S. Military Services and other foreign nations.</r2:ProgramElementMissionDescription>
        <r2:ChangeSummary>
            <r2:PreviousPresidentBudget>
                <r2:PriorYear>66.152</r2:PriorYear>
                <r2:CurrentYear>65.144</r2:CurrentYear>
                <r2:BudgetYearOne>74.206</r2:BudgetYearOne>
                <r2:BudgetYearOneBase>74.206</r2:BudgetYearOneBase>
            </r2:PreviousPresidentBudget>
            <r2:CurrentPresidentBudget>
                <r2:PriorYear>66.108</r2:PriorYear>
                <r2:CurrentYear>65.144</r2:CurrentYear>
                <r2:BudgetYearOne>70.893</r2:BudgetYearOne>
                <r2:BudgetYearOneBase>70.893</r2:BudgetYearOneBase>
            </r2:CurrentPresidentBudget>
            <r2:TotalAdjustments>
                <r2:PriorYear>-0.044</r2:PriorYear>
                <r2:CurrentYear>0.000</r2:CurrentYear>
                <r2:BudgetYearOne>-3.313</r2:BudgetYearOne>
                <r2:BudgetYearOneBase>-3.313</r2:BudgetYearOneBase>
            </r2:TotalAdjustments>
            <r2:AdjustmentDetails>
                <r2:OtherAdjustmentDetailList>
                    <r2:OtherAdjustmentDetail>
                        <r2:Title>Adjustment</r2:Title>
                        <r2:Funding>
                            <r2:PriorYear>-0.044</r2:PriorYear>
                            <r2:BudgetYearOne>-3.313</r2:BudgetYearOne>
                            <r2:BudgetYearOneBase>-3.313</r2:BudgetYearOneBase>
                        </r2:Funding>
                    </r2:OtherAdjustmentDetail>
                </r2:OtherAdjustmentDetailList>
            </r2:AdjustmentDetails>
            <r2:SummaryExplanation>The decrease within the FY 2026 profile is due to the realignment of critical requirements to support enterprise-level IT capabilities and services in support of the warfighter.</r2:SummaryExplanation>
        </r2:ChangeSummary>
        <r2:ProjectList>
            <r2:Project>
                <r2:ProjectNumber>T-40</r2:ProjectNumber>
                <r2:ProjectTitle>Major Range Test Facility Base Operations</r2:ProjectTitle>
                <r2:SpecialProject>0</r2:SpecialProject>
                <r2:ProjectFunding>
                    <r2:AllPriorYears>120.237</r2:AllPriorYears>
                    <r2:PriorYear>66.108</r2:PriorYear>
                    <r2:CurrentYear>65.144</r2:CurrentYear>
                    <r2:BudgetYearOne>70.893</r2:BudgetYearOne>
                    <r2:BudgetYearOneBase>70.893</r2:BudgetYearOneBase>
                </r2:ProjectFunding>
                <r2:R2aExhibit>
                    <r2:ProjectMissionDescription>Beginning in FY 2024. T-30 MRTFB Test and Evaluation funding and mission have been realigned under T-40 Major Range Test Facility Base Operations. This exhibit includes the combined T-30 and T-40 mission descriptions.  

DISA, through JITC, manages the Department’s Joint Interoperability TE&amp;C process structured to provide meaningful and independent test results, which increases stakeholder confidence that capabilities fielded to the warfighter meet mission needs.  The T&amp;E activities target evaluation strategies in the design, development, operational, integration and/or sustainment aspects of every program supported. JITC’s T&amp;E efforts span a variety of test categories that support Department-wide enterprise solutions. JITC also provides services for Service, Agency, and mission partner developmental, operational, cyber and interoperability TE&amp;C efforts.  

As the DoD Joint Interoperability Certification Authority, JITC annually:
• Ensures interoperability test, evaluation, and certification standard practices and procedures are in accordance with DoD policy.
• Evaluates DoD’s IT/NSS for joint interoperability and issues Joint interoperability certifications and assessments.
• Manages the scheduling and executes interoperability test events. These events evaluate, certify, and re-certify Service/Agency systems.
• Reviews Joint Capabilities Integration and Development System documents, interoperability support plans, and interoperability policy waivers on behalf of the DoD Chief Information Officer (CIO) and the Joint Staff. These reviews ensure compliance with DoD interoperability testing policy and requirements. 
• Serves as executive agent to DoD’s Interoperability Steering Group, in support of the DoD CIO, and uses forum to coordinate policy, adjudicate issues, and to process Interim Certificates to Operate.

JITC made significant strides in updating test and evaluation methodologies to support new acquisition pathways resulting in increased integrated testing, conducting smaller events, and informing decision makers more often. This enables releasing capabilities to the warfighter more efficiently. On 4 OCT 2022, the Operational Test Agency (OTAs) for the military services and JITC jointly released an “Operational Test Agencies Six Core Test Principles” to encourage early engagement, increased agility, and flexibility to support continuous evaluations for programs and improved support for agile acquisition. 

As the only non-Service OTA within DoD, JITC annually:
• Conducts operational testing of IT/NSS under realistic conditions to determine the operational effectiveness, suitability, interoperability, and cyber survivability. Additionally, JITC independently assesses the operational impact of system issues on mission accomplishment.
• Serves as the OTA for DISA-managed programs, and upon request, serves as the OTA for other Agencies such as the Defense Logistics Agency, Department of Homeland Security, Defense Health Agency, Defense Counterintelligence and Security Agency, and the National Security Agency. 
 
In direct support of the Warfighter, JITC participates in Joint, Coalition, and Allied operations in exercises designed to evaluate Joint, Coalition and Allied capabilities in, or planned to deploy to theater, by:
• Providing on-demand rapid response contingency support to Regional Combatant Commands (COCOMs) and conducting assessments during interoperability exercises.
• Maintaining a 24x7 Warfighter (C4I) Interoperability Hotline that connects warfighters to subject matter experts to resolve IT interoperability challenges. 

JITC provides strategy development and investments to maintain, operate, and improve joint interoperability certification, operational, and warfighter TE&amp;C services by:  
• Integrating evolving processes and technologies that leverage efficiencies such as DevSecOps (a development practice that integrates security initiatives at every stage of the software development lifecycle to deliver robust and secure applications), virtualization, enterprise elements, and the foundational Cyber assets mandated by the DMS.
• Expanding test infrastructure and operations to enable rapid, on-demand provisioning across the DoD and Cyber integration with enterprise environments.
• Designing consistent, repeatable test methodologies to ensure efficient T&amp;E for changing or emerging technologies.
• Providing T&amp;E guidance/oversight to DISA programs, creating synergy and efficiencies across the DISA IT portfolio, and gaining insight in new technologies and commercial best practices.

As the only non-Service activity of the DoD MRTFB, JITC provides a dedicated IT testing environment for a single end-to-end infrastructure. As an MRTFB asset,  JITC provides tested IT infrastructure products to the DoD, Federal/non-Federal Government, Commercial vendors, and Allied partners. 
The JITC MRTFB: 
• Encompasses two geographic locations (Ft. Huachuca, AZ; Ft. Meade, MD) and covers 116K square feet of raised floor space comprised of multiple test environments and test networks supporting over 100 programs on an annual basis.  
• Evolves technologies that leverage efficiencies such as virtualization, Information as a Service (IaaS), Platform as a Service (PaaS), and the foundational Cyber resources. These resources expand test infrastructure and operations to allow rapid, on-demand provisioning, and federation across the DoD and Cyber integration with enterprise environments. 
• Complies with multiple levels of security and supports approximately 1,000 annual testing events to evaluate the DoD's converged information environment, DoDIN Approved Products List, Cyber, Cloud services, Mobility, and NSS. 
• Includes a significant portfolio of reference implementations, test tools, and supporting IT systems to aid both test execution and data collection/analysis.</r2:ProjectMissionDescription>
                    <r2:AccomplishmentPlannedProgramList>
                        <r2:AccomplishmentPlannedProgram>
                            <r2:Title>MRTFB Test, Evaluation and Operations</r2:Title>
                            <r2:Description>Interoperability (IOP) - Plans and executes Joint Interoperability Certifications for DoD’s IT/NSS by evaluating Joint Staff certified Net-Ready requirements for conformance to standards. This is completed through participation in developmental and/or operational testing and/or executing purposefully planned Interoperability TE&amp;C. 

Operational Test &amp; Evaluation (OT&amp;E) - Conducts operational testing of IT/NSS under realistic operational conditions to determine the operational effectiveness, suitability, interoperability, and cyber survivability of a particular system. Independently assesses the operational and suitability impact of system issues on mission accomplishment. 

Warfighter Support - Provides pre/post-production evaluations including collecting relevant data during a continuous monitoring effort. Additionally, this provides on-the-spot evaluations of problem areas and viable mission-oriented solutions to warfighting COCOMs during exercises and contingency operations.

Major Range and Test Facility Base (MRTFB) - Maintains IT/NSS, Command and Control (C2), Defense reform initiatives, and the DoD’s migration towards more agile development and acquisition of IT capabilities. This provides T&amp;E support, including infrastructure, testing capabilities and events, policies, and processes to Regional Combatant Commands (COCOMs), Military Services, DoD Agencies, other Federal Government agencies, private industry, Coalition partners and allies.</r2:Description>
                            <r2:Accomplishment>
                                <r2:PriorYear>
                                    <r2:Funding>66.108</r2:Funding>
                                    <r2:Text>IOP – 
• Continue to evolve customer accessibility through enhanced T&amp;E capabilities by integrating DevSecOps, employing 
  automation technologies for cloud testing services, increasing cybersecurity survivability testing services, and expanding 
  the occurrence of value-added Joint Interoperability Testing across the Service Test Agencies and Enterprise. 
• Persist with risk reduction and identify/analyze trends by employing new technology and methodology to conduct data 
  analysis in the operational environment. 
OT&amp;E – 
• Continue to enhance OT&amp;E processes, procedures, tools and leverage new acquisition pathways such as the software 
  acquisition pathway to better support the release of capabilities to the warfighter. Increase automation and utilize 
  virtualization to better evaluate performance and improve operational testing capabilities for evolving requirements. 
• Provide OT&amp;E support to COCOMs, Military Services, and Defense Agencies as requested. Key initiatives will include 
  testing support to the Defense Health Agency for electronic health records, enhanced crypto and identity management for 
  National Security Agency, and continuous vetting and trusted workforce for the Defense Counterintelligence and Security 
  Agency 
Warfighter Support – 
• Sustain Warfighter Support capability sufficient to respond to critical fielded system interoperability issues. Provide secure 
  testing capabilities, and accelerating capability delivery to warfighters through modernized infrastructure, state of the art 
  cyber expertise, and innovative TE&amp;C services that capitalize on cutting edge technologies, platforms, and frameworks. 
• Maintain focus primarily on the Geographic Combatant Commands and their regional partners consistent with the National 
  Defense Strategy 
MRTFB – 
• Operate and maintain the DISA IT Test infrastructure standardized test bed at Fort George G. Meade, MD and Fort 
  Huachuca, AZ. JITC will support the Agency and the Department by reducing the need for manual processes in support of 
  cloud technologies to provide seamless distributed testing services and expand/modernize test automation and equipment. 
• JITC will maintain a technical workforce, support base operations, communications, and operating expenses at each 
   location.</r2:Text>
                                </r2:PriorYear>
                            </r2:Accomplishment>
                            <r2:PlannedProgram>
                                <r2:CurrentYear>
                                    <r2:Funding>65.144</r2:Funding>
                                    <r2:Text>IOP:
• Continue to evolve customer accessibility through enhanced T&amp;E capabilities by integrating DevSecOps, employing automation technologies for cloud testing services, increasing cybersecurity survivability testing services and expanding the occurrence of value-added Joint Interoperability Testing across the Service Test Agencies and Enterprise.
• Increase test rigor using scientific-based test design, design of experiments (DOE), modeling and simulation, and test instrumentation and automation.  Develop a test methodology to support Joint Interoperability Certification of the Combined Joint All- Domain Command and Control (CJADC2) enterprise.
• Persist with risk reduction and identify/analyze trends by employing new technology and methodology to conduct data analysis in the operational environment.
 
OT&amp;E:
• Continue to enhance OT&amp;E processes, procedures, tools and leverage new acquisition pathways such as the software acquisition pathway to better support the release of capabilities to the warfighter.
• Increase automation and utilize virtualization to better evaluate performance and improve operational testing capabilities for evolving requirements.
• Improve Cyber T&amp;E processes by incorporating enabling technologies, increasing workforce expertise, and leveraging government and industry best practices. Improve integration of JITC test services to remove boundaries between DT and OT to improve efficiency and reduce cost and time to test. 
• Provide OT&amp;E support to COCOMs, Military Services, and Defense Agencies as requested. Key initiatives will include testing support to the Defense Health Agency for electronic health records, enhanced crypto and identity management for National Security Agency, continuous vetting and trusted workforce for the Defense Counterintelligence and Security Agency, and testing of Joint Cyber Warfighting Area for CYBERCOM.

Warfighter Support:
• Sustain Warfighter Support capability sufficient to respond to critical fielded system interoperability issues.
• Support Combatant Commanders during exercises, contingencies, and real-world operations to improve joint and coalition warfighting interoperability.
• Support Command and Control exercises by deploying test teams to various locations to conduct multinational operational test events and provide warfighter exercise support through interoperability and cybersecurity evaluations that assess the degree to which information and services are shared amongst Coalition and Mission Partner systems and identify the cybersecurity posture of warfighting information systems.

MRTFB:
• Operate and maintain the DISA IT Test infrastructure standardized test bed at Fort George G. Meade, MD and Fort Huachuca, AZ. JITC test labs will provide an operationally representative developmental test environment enabling rapid development, test, certification, and fielding of capabilities.
• Employ technologies and processes to improve the cyber survivability of its test lab infrastructure. Integrate continuous improvement processes in infrastructure modernization and sustainment to collect metrics that will aid in the forecasting of operating costs, and the availability and reliability of test capabilities.
• Support the Agency and the Department by reducing the need for manual processes in support of cloud technologies to provide seamless distributed testing services and expand/modernize test automation and equipment.
• Develop command wide and specific test service area training programs. JITC will streamline and automate business processes to increase workforce productivity, promote collaboration and transparency, and provide deeper insights into the financial health of the Command.
• Maintain a technical workforce, support base operations, communications, and operating expenses at each location.</r2:Text>
                                </r2:CurrentYear>
                                <r2:BudgetYearOne>
                                    <r2:Funding>70.893</r2:Funding>
                                </r2:BudgetYearOne>
                                <r2:BudgetYearOneBase>
                                    <r2:Funding>70.893</r2:Funding>
                                    <r2:Text>IOP: 
• Adopt digital engineering methods and maximize data reuse from previous test events and those conducted by other testers, to include Military Services, contractors, other United States government agencies, state and local governments, allied nations, and private industry to avoid duplication of effort.
• Provide greater standardization, increase customer interaction and awareness, improve project management execution, implement greater data collection and analysis automation, and improve service request processes to optimize productivity and test service delivery capabilities. 
• Increase the use of Modeling &amp; Simulation in the execution of T&amp;E.
• Implement agile continuous T&amp;E through integration of JITC test instrumentation at both Continental U.S. (CONUS) and outside CONUS (OCONUS) key test facilities and key operational facilities to reduce test planning requirements and increase test responsiveness.
• Adopt use of Artificial Intelligence and Large Language Models to improve efficiency in test product development, such as Master Test Procedures and Requirements Analysis Frameworks for Test. Execute DevSecOps continuous integration delivery software practices and use of containerized, verified, and validated tools as the foundation for T&amp;E agility, rapid test evolution, and speed-to-field.
• Advance access to and interoperability of software capabilities and data in accordance with DoD’s Software Modernization Plan.
• Conduct testing/assessments of pre-program of record emerging capabilities during technology demonstrations and exercises on behalf of the Office of the Secretary of Defense organizations to confirm how well the new capabilities integrate within existing operational environments to support and improve current missions or to address emerging threats.
• Execute Radio Conformance including Second Generation Anti-Jam Tactical Ultra-High Frequency Radio (SATURN).
• Conduct High Frequency (HF) radio test efforts in support of world operations.
• Increase automated test capabilities for standards conformance and compliance of 508, Standard Financial Information Structure (SFIS), and Records Management (RM).

OT&amp;E:
• Provide an adaptive continuous Operational Test and Evaluation service to provide value-added test results to decision makers throughout the acquisition lifecycle.
• Adopt and integrate a virtual testing capability to support the creation of cutting-edge test environments simulating realistic systems across the full system life cycle.
• Establish workforce development plan for Cyber and Operational T&amp;E processes to improve skillsets required to support  evolving requirements and software acquisition pathways.
• Provide OT&amp;E support to COCOMs, Military Services, and Defense Agencies as requested. Key initiatives will include testing support to the Defense Health Agency for operational medicine modernization, National Security Agency for modernization of Key Management Information, T&amp;E strategy development for the Defense Counterintelligence and Security Agency modernization, and test strategy development of Joint Cyber Warfighting Area for CYBERCOM.

Warfighter Support:
• Enhance Warfighter Support capability by modernizing JITC system tracking capabilities to respond to critical fielded system interoperability issues.
• Increase Combatant Commanders engagement during exercises, contingencies, and real-world operations to improve joint and coalition warfighting interoperability.
• Support Command and Control exercises by deploying specialized assessment test teams to various locations to conduct multinational operational test events and provide warfighter exercise support through interoperability and cybersecurity evaluations that assess the degree to which information and services are shared amongst Coalition and Mission Partner systems and identify the cybersecurity posture of warfighting information systems.

MRTFB:
• Modernize JITC’s infrastructure to meet emerging capability deployment. This includes utilizing cloud infrastructure technology where applicable, co-locating SharePoint applications, revamping knowledge management and resource management processes, and creating or improving rapidly deployable data solutions, such as the System Tracking Program, Electronic Report Distribution system, Joint Analysis Net-Centric Evaluation Testing Toolkit, and JITC Data Analysis Reporting Tool Suite.
• Provide a customer-accessible T&amp;E program tracker portal to provide up-to-date program/project cost, schedule, and performance project tracking for command level project tracking and improve inter-stakeholder communications.
• Integrate leading-edge technology into T&amp;E services and business applications to provide secure, resilient, and reliable capabilities.
• Integrate continuous improvement processes in infrastructure modernization and sustainment to collect metrics that will aid in the forecasting of operating costs, and the availability and reliability of test capabilities.
• Develop and execute an integrated ‘multi-range’ concept to leverage and expand range T&amp;E capabilities that increase the interconnectivity of test ranges and ensure the real-time transfer of T&amp;E information at multiple classification levels.
• Revamp applicable legacy systems; harden network infrastructure; and develop, test, and maintain new capabilities (Combined Joint All-Domain Command and Control, cloud environment, IT infrastructure, and web-based capabilities).
• Increase test automation development and improve data support capabilities and analytics.
• Modernize heating and cooling IT infrastructure and provide labs cleaner/filtered power.
• Continue to operate, maintain, and improve the Cyber Survivability of the DISA test infrastructure at Fort George G. Meade, MD and Fort Huachuca, AZ. JITC test labs will provide an operationally representative developmental test environment enabling rapid development, test, certification, and fielding capabilities.
• Continue to support the Agency and the Department by reducing the need for manual processes to provide seamless distributed testing services and expand/modernize test automation and equipment.
• Develop command wide workforce development training programs.
• Streamline and automate business processes to increase workforce productivity, promote collaboration and transparency, and provide deeper insights into the financial health of the Command.
• Continue to maintain a technical workforce, support base operations, communications, and operating expenses at each location.</r2:Text>
                                </r2:BudgetYearOneBase>
                                <r2:AppChangeSummary>The increase of +$5.749 from FY 2025 and FY 2026 funds JITC lab facility projects, test automation, infrastructure improvements, and modernization to include: revamping applicable legacy system; hardening of network infrastructure; developing, testing, creating new capabilities (Combined Joint All-Domain Command and Control, cloud environment, IT infrastructure, and web-based capabilities); developing automated testing capabilities; improving data support capabilities and analytics; modernizing heating and cooling IT infrastructure; and providing labs cleaner/filtered power.</r2:AppChangeSummary>
                            </r2:PlannedProgram>
                        </r2:AccomplishmentPlannedProgram>
                    </r2:AccomplishmentPlannedProgramList>
                    <r2:AcquisitionStrategy>The Test, Evaluation, and Certification (TECII) indefinite delivery/indefinite quantity contract provides T&amp;E support by performing a wide range of non-personal services to encompass testing, scientific, engineering, logistic, administrative, and ancillary support of the DISA T&amp;E missions. The TECII contract provides for expansion and contraction of staff years as workload dictates. An additional contract is a Federal Preferential Sole Source Procurement set-aside which provides consolidated facilities
support.</r2:AcquisitionStrategy>
                </r2:R2aExhibit>
            </r2:Project>
        </r2:ProjectList>
    </r2:ProgramElement>
</r2:ProgramElementList>