<?xml version="1.0" encoding="UTF-8"?>
<r2:ProgramElementList xmlns:r2="http://www.dtic.mil/comptroller/xml/schema/022009/r2" targetSchemaVersion="1.0">
    <r2:ProgramElement monetaryUnit="Millions">
        <r2:ProgramElementNumber>0303140K</r2:ProgramElementNumber>
        <r2:ProgramElementTitle>Information Systems Security Program</r2:ProgramElementTitle>
        <r2:R1LineNumber>242</r2:R1LineNumber>
        <r2:BudgetYear>2026</r2:BudgetYear>
        <r2:BudgetCycle>PB</r2:BudgetCycle>
        <r2:SubmissionDate>2025-06</r2:SubmissionDate>
        <r2:ServiceAgencyName>Defense Information Systems Agency</r2:ServiceAgencyName>
        <r2:AppropriationCode>0400</r2:AppropriationCode>
        <r2:AppropriationName>Research, Development, Test &amp; Evaluation, Defense-Wide</r2:AppropriationName>
        <r2:BudgetActivityNumber>7</r2:BudgetActivityNumber>
        <r2:BudgetActivityTitle>Operational Systems Development</r2:BudgetActivityTitle>
        <r2:ProgramElementFunding>
            <r2:AllPriorYears>100.702</r2:AllPriorYears>
            <r2:PriorYear>8.034</r2:PriorYear>
            <r2:CurrentYear>31.414</r2:CurrentYear>
            <r2:BudgetYearOne>23.224</r2:BudgetYearOne>
            <r2:BudgetYearOneBase>23.224</r2:BudgetYearOneBase>
        </r2:ProgramElementFunding>
        <r2:ProgramElementMissionDescription>Cyber Security &amp; Analytics enables mission operations for global partners and the warfighter by providing communications through the delivery of optimized cyber infrastructure solutions. The intent is to be dominant in providing strategic and innovative cyber infrastructure to support Department of Defense (DoD) missions. Cyber Security &amp; Analytics ensures enterprise services evolve support for a joint information assurance model. The joint information assurance model manages risks related to the use, storage, and transmission of information and supports a broad range of information sharing policies across the unclassified and classified communities.  The enhancements to SIPRNet and its enablers will help to secure devices on the network.

Cyber Security &amp; Analytics will:
• Test and develop active defensive capabilities.
• Test and integrate software defined networking and orchestration closed-loop security, which through analytics, monitors and assesses network activities to improve network performance and mitigate negative network occurrences.  
• Perform research, development, and engineering of emerging cyber situational awareness technologies. 
• Improve the network performance by providing architecture support, systems engineering and analytical functions.</r2:ProgramElementMissionDescription>
        <r2:ChangeSummary>
            <r2:PreviousPresidentBudget>
                <r2:PriorYear>8.351</r2:PriorYear>
                <r2:CurrentYear>31.414</r2:CurrentYear>
                <r2:BudgetYearOne>31.510</r2:BudgetYearOne>
                <r2:BudgetYearOneBase>31.510</r2:BudgetYearOneBase>
            </r2:PreviousPresidentBudget>
            <r2:CurrentPresidentBudget>
                <r2:PriorYear>8.034</r2:PriorYear>
                <r2:CurrentYear>31.414</r2:CurrentYear>
                <r2:BudgetYearOne>23.224</r2:BudgetYearOne>
                <r2:BudgetYearOneBase>23.224</r2:BudgetYearOneBase>
            </r2:CurrentPresidentBudget>
            <r2:TotalAdjustments>
                <r2:PriorYear>-0.317</r2:PriorYear>
                <r2:CurrentYear>0.000</r2:CurrentYear>
                <r2:BudgetYearOne>-8.286</r2:BudgetYearOne>
                <r2:BudgetYearOneBase>-8.286</r2:BudgetYearOneBase>
            </r2:TotalAdjustments>
            <r2:AdjustmentDetails>
                <r2:OtherAdjustmentDetailList>
                    <r2:OtherAdjustmentDetail>
                        <r2:Title>Adjustment</r2:Title>
                        <r2:Funding>
                            <r2:PriorYear>-0.317</r2:PriorYear>
                            <r2:BudgetYearOne>-8.286</r2:BudgetYearOne>
                            <r2:BudgetYearOneBase>-8.286</r2:BudgetYearOneBase>
                        </r2:Funding>
                    </r2:OtherAdjustmentDetail>
                </r2:OtherAdjustmentDetailList>
            </r2:AdjustmentDetails>
            <r2:SummaryExplanation>The FY 2024 decrease of $-0.317 is due to the Small Business Innovative Research (SBIR)/ and Small Business Technology Transfer (STTR). 
The decrease in FY 2026 RDT&amp;E funding is due to a realignment to O&amp;M to support the procurement of Microsoft Defender licenses.  Initial plans explored internal research and development of endpoint monitoring capabilities for Zero Trust implementation.  However, a market analysis determined that Microsoft Defender offers a readily available, commercially viable, and more cost-effective solution to meet this requirement.  These licenses will enable comprehensive endpoint monitoring for over 500,000 SIPRNet users across the Services, Defense Agencies and Field Activities (DAFAs), and Combatant Commands (CCMDs), significantly enhancing the security posture of the SIPRNet. This approach allows for faster deployment and reduces the risk associated with internal development.</r2:SummaryExplanation>
        </r2:ChangeSummary>
        <r2:ProjectList>
            <r2:Project>
                <r2:ProjectNumber>IA3</r2:ProjectNumber>
                <r2:ProjectTitle>Information Systems Security Program</r2:ProjectTitle>
                <r2:SpecialProject>0</r2:SpecialProject>
                <r2:ProjectFunding>
                    <r2:AllPriorYears>100.702</r2:AllPriorYears>
                    <r2:PriorYear>8.034</r2:PriorYear>
                    <r2:CurrentYear>31.414</r2:CurrentYear>
                    <r2:BudgetYearOne>23.224</r2:BudgetYearOne>
                    <r2:BudgetYearOneBase>23.224</r2:BudgetYearOneBase>
                </r2:ProjectFunding>
                <r2:R2aExhibit>
                    <r2:ProjectMissionDescription>Cyber Security &amp; Analytics enables mission operations for global partners and the warfighter by providing communications through the delivery of optimized cyber infrastructure solutions. The intent is to be dominant in providing strategic and innovative cyber infrastructure to support Department of Defense (DoD) missions. Cyber Security &amp; Analytics ensures enterprise services support a joint information assurance model. The joint information assurance model mitigates risks related to the use, storage, and transmission of information and supports a broad range of information sharing policies across the unclassified and classified communities. 

Cyber Security &amp; Analytics will:
• Test and develop active defensive capabilities.
• Test and integrate software defined networking and orchestration closed-loop security, which through analytics, monitors and assesses network activities to improve network performance and mitigate negative network occurrences. 
• Perform research, development, and engineering of emerging cyber situational awareness technologies. 
• Improve the network performance by providing architecture support, systems engineering and analytical functions.</r2:ProjectMissionDescription>
                    <r2:AccomplishmentPlannedProgramList>
                        <r2:AccomplishmentPlannedProgram>
                            <r2:Title>Automation Technical Integration and Engineering in Cyberspace</r2:Title>
                            <r2:Description>This program provides research and development, conducts technology assessments, and provides data to drive real time automation integration decisions and enterprise solutions, ultimately improving the user experience. As DISA moves towards a shared transparency of understanding, automation of technical solutions promotes increased information sharing and improved understanding of interdependencies underlying service operations and mission activities. Emerging information technology must  support the current and next-generation warfighters to ensure systems are protected while also leveraging advances in automation to deliver capabilities. Ultimately, these efforts support the achievement of an optimized IT environment to protect against threats in cyberspace that remain dynamic and persistent.</r2:Description>
                            <r2:Accomplishment>
                                <r2:PriorYear>
                                    <r2:Funding>0.167</r2:Funding>
                                    <r2:Text>Leverage automation capabilities to demonstrate improved service operations in cyberspace. These capabilities will concurrently mature the associated architecture and technical understanding to support portfolio management and user experience.  Complete transition from the Software Defined Enterprise (SDE).</r2:Text>
                                </r2:PriorYear>
                            </r2:Accomplishment>
                            <r2:PlannedProgram>
                                <r2:CurrentYear>
                                    <r2:Funding>1.684</r2:Funding>
                                    <r2:Text>Continue to leverage automation capabilities to demonstrate improved service operations in cyberspace. These capabilities will concurrently mature the associated architecture and technical understanding to support portfolio management and user experience.  Focus will be given to the Automation and Integration project.</r2:Text>
                                </r2:CurrentYear>
                                <r2:BudgetYearOne>
                                    <r2:Funding>1.403</r2:Funding>
                                </r2:BudgetYearOne>
                                <r2:BudgetYearOneBase>
                                    <r2:Funding>1.403</r2:Funding>
                                    <r2:Text>Continue to mature understanding of technical and process automation integration considerations for improved service operations impacting user experience in cyberspace.</r2:Text>
                                </r2:BudgetYearOneBase>
                                <r2:AppChangeSummary>The decrease of -$0.281 between FY 2025 and FY 2026 is attributed to reduced testing requirements associated with continued maturation of the project.</r2:AppChangeSummary>
                            </r2:PlannedProgram>
                        </r2:AccomplishmentPlannedProgram>
                        <r2:AccomplishmentPlannedProgram>
                            <r2:Title>Zero Trust Architecture (ZTA)</r2:Title>
                            <r2:Description>The ZTA project supports the effort to create a Zero Trust Commercial Cloud Lab (ZTCCL). The ZTCCL is an environment that provides an integration space to develop, test, and mature concepts, capabilities, and technology to benefit the DoD Information Network (DoDIN).  These concepts, capabilities, and technologies will increase the DoDIN’s ability to prevent, detect, respond, and recover from malicious cyber activities while proving scalability to enterprise levels. 
 
The ZTCCL will: 
• Provide a test and development environment to test ZT capabilities within a cloud lab environment.  
• Provide automations for customer research and development with an activity template to include standard IT domain builds, three tiered applications that improve scalability and availability, and "Gold images" that provide a consistent system baseline for common Operating Systems deployments.   

The ZT project stemmed from a FY 2018 initial Zero Trust Reference Architecture effort with US Cyber Command, NSA, and DoD-CIO.</r2:Description>
                            <r2:Accomplishment>
                                <r2:PriorYear>
                                    <r2:Funding>6.073</r2:Funding>
                                    <r2:Text>The development of Zero Trust Assessment Tool (ZTAT) will be completed. This effort includes hosting and accreditation.  This will allow for the initial utilization of the application by internal mission partners. The fully accredited Amazon Web Services (AWS) Cloud Test
environment, ZTCCL, will continue to provide DISA and its mission partners an integration space to develop, test and mature ZT concepts, capabilities, and technologies.</r2:Text>
                                </r2:PriorYear>
                            </r2:Accomplishment>
                            <r2:PlannedProgram>
                                <r2:CurrentYear>
                                    <r2:Funding>4.276</r2:Funding>
                                    <r2:Text>Continued expansion of ZTAT capabilities to match the changing security scope from initial implementation to a more robust tool and capability set as DISA moves forward in its Zero Trust Journey. ZTAT’s capabilities are also planned to be expanded to support external mission partners. </r2:Text>
                                </r2:CurrentYear>
                                <r2:BudgetYearOne>
                                    <r2:Funding>2.086</r2:Funding>
                                </r2:BudgetYearOne>
                                <r2:BudgetYearOneBase>
                                    <r2:Funding>2.086</r2:Funding>
                                    <r2:Text>Funding provides cybersecurity testing activities to maintain accreditation and Authority-To-Operate (ATO) approvals to maintain ZTA Operational Status and Mission Capability Readiness. Additionally, funds provide integration and operational testing of new or updated hardware/software versions to ensure evolution, interoperability, and operational readiness of deployed ZTA capabilities.</r2:Text>
                                </r2:BudgetYearOneBase>
                                <r2:AppChangeSummary>The decrease of -$2.190 between FY 2025 and  FY 2026 for ZT is attributed to decreased testing requirements as capability matures.</r2:AppChangeSummary>
                            </r2:PlannedProgram>
                        </r2:AccomplishmentPlannedProgram>
                        <r2:AccomplishmentPlannedProgram>
                            <r2:Title>Public Key Infrastructure (PKI)</r2:Title>
                            <r2:Description>Provide non-reputable digital identities of users, devices, applications, and services for both DoD and external mission partners using hardware and software-based certificate/key pairs, and a suite of capabilities that uses interoperable industry standards (OCSP/CRLs) to enable real-time revocation status of those identities.  Enable secure communication at OSI 5/6.</r2:Description>
                            <r2:Accomplishment>
                                <r2:PriorYear>
                                    <r2:Funding>0.000</r2:Funding>
                                    <r2:Text>N/A</r2:Text>
                                </r2:PriorYear>
                            </r2:Accomplishment>
                            <r2:PlannedProgram>
                                <r2:CurrentYear>
                                    <r2:Funding>3.000</r2:Funding>
                                    <r2:Text>RDT&amp;E funding for the DoD PKI directly supports the requirements/mandate from DoD CIO that the DoD PKI infrastructure Cryptographic Algorithm had to change from (RSA)-2048 to 3072- and 4098-bit algorithm by December 2027.  Not only is this requirement for the entire DoD to transition to these stronger Algorithms, but the PKI PMO is responsible for creating the entire infrastructure that the DoD will leverage.  This funding supports the procurement, building, testing and evaluation of the Algorithms Evolution (AE) capability for production.

DISA will stand up and procure Certificate Authorities for test and evaluation on the SIPRNet to include leveraging the Online Certificate Status Protocol Capabilities and perform token testing to ensure that the DoD Tokens are interoperable with the 4K CA's.</r2:Text>
                                </r2:CurrentYear>
                                <r2:BudgetYearOne>
                                    <r2:Funding>19.735</r2:Funding>
                                </r2:BudgetYearOne>
                                <r2:BudgetYearOneBase>
                                    <r2:Funding>19.735</r2:Funding>
                                    <r2:Text>Public Key Infrastructure: RDT&amp;E funding will support integration testing of key PKI Technical Capabilities as directed/mandated by the DoD CIO for continued evolution of the DoD PKI Infrastructure Cryptographic Algorithm.  Additional funding will continue PKI Modernization Development, Integration, Performance. 

Cryptographic Modernization (Algorithm Evolution): Funding is needed to transition the DoD PKI to stronger cryptographic algorithms (RSA 3072/4096 and SHA-384) by the 2027 deadline, ensuring compliance with NSA standards and enhanced security. This involves building and testing the infrastructure to support these new algorithms across various environments  (Development, O&amp;M, test, and production).​ 

PKI Modernization (Hybrid Cloud Platform): RDT&amp;E is required to migrate the DoD PKI to a hybrid cloud environment, addressing emerging requirements (like Global Gray and SIPR mobile credentialing) and reducing operational costs. This includes testing the platform with the NSA, updating PKI policies, and migrating existing systems to the new modernized platform. The current infrastructure only supports sustainment and lacks the flexibility for modernization.

DoD PKI Public Trust: Funding will establish and sustain a Public Trust Certificate Authority, enabling automated issuance and renewal of publicly trusted TLS certificates for DoD and Federal Government systems. This will ensure that visitors trust the confidentiality of their communications with these systems without requiring government-specific trust chains.</r2:Text>
                                </r2:BudgetYearOneBase>
                                <r2:AppChangeSummary>The increase of +$16.735 from FY 2025 to FY 2026 is attributed to increased RDT&amp;E requirements for continued PKI Modernization efforts that will provide a Hybrid Cloud Environment that provides automation and migrates remaining Legacy PKI Infrastructure to the Hybrid Cloud.</r2:AppChangeSummary>
                            </r2:PlannedProgram>
                        </r2:AccomplishmentPlannedProgram>
                        <r2:AccomplishmentPlannedProgram>
                            <r2:Title>Endpoint License and Support</r2:Title>
                            <r2:Description>DISA, at the request of the United States Strategic Command (USSTRATCOM) and in support of National Security goals established by the President, has purchased a capability from industry that takes data from Endpoint tools and centralizes it for monitoring and roll up for all Endpoint Security System (ESS) solution(s).  This solution will provide data points for network administrators and security personnel with intelligence to prevent, detect, track, report, and remediate malicious computer-related activities and incidents across all DoD networks and information systems.</r2:Description>
                            <r2:Accomplishment>
                                <r2:PriorYear>
                                    <r2:Funding>1.794</r2:Funding>
                                    <r2:Text>Comply to Connect (C2C) will perform proof of concept research for Governance, Risk and Compliance Capability. Research supports appliance updates (hardware/software), vulnerability patching to fix security vulnerabilities, and new capability deployment. All developed items over the course of the research are made available to the enterprise community for implementation.</r2:Text>
                                </r2:PriorYear>
                            </r2:Accomplishment>
                            <r2:PlannedProgram>
                                <r2:CurrentYear>
                                    <r2:Funding>1.454</r2:Funding>
                                    <r2:Text>The development of a cloud-based integration environment to test endpoint security solutions in real time against automated security vulnerability toolsets. Integrated cloud lab environments allow for faster test and development of requirements and interactions for existing commercial technologies in the endpoint space. Modernization of the DoDIN is crucial to support ZT initiatives and directives while increasing the DoD’s ability to respond, at speed, to adversarial use of Artificial Intelligence (AI)  and Machine Learning (ML) based attacks.</r2:Text>
                                </r2:CurrentYear>
                                <r2:BudgetYearOne>
                                    <r2:Funding>0.000</r2:Funding>
                                </r2:BudgetYearOne>
                                <r2:BudgetYearOneBase>
                                    <r2:Funding>0.000</r2:Funding>
                                    <r2:Text>N/A.</r2:Text>
                                </r2:BudgetYearOneBase>
                                <r2:AppChangeSummary>The decrease of -$1.454 between FY 2025 to FY 2026 is attributed to decreased testing requirements for Endpoint Security Capabilities as it continues to perform operations and sustainment mission.</r2:AppChangeSummary>
                            </r2:PlannedProgram>
                        </r2:AccomplishmentPlannedProgram>
                        <r2:AccomplishmentPlannedProgram>
                            <r2:Title>SIPRNet Endpoint Management</r2:Title>
                            <r2:Description>DISA will provide an enterprise Unified Endpoint Management (UEM) suite of tools that will be available to the Department to help secure devices on the network. DISA will invest in people, processes and policy coordination and work with vendors, such as Microsoft and others, to bring Impact Level 5 (IL) security tools over to the Impact Level (IL6) environment that secures the SIPRNet. By porting tools supporting Unified Endpoint Management, DISA and the DoD gain advantages at scale by having a shared UEM solution that ensures endpoints are operating at a common security level across the SIPRNet domain. Without these tools, the enterprise is left to less efficient and disparate methods for updating devices which leads to varying software versions on the network.</r2:Description>
                            <r2:Accomplishment>
                                <r2:PriorYear>
                                    <r2:Funding>0.000</r2:Funding>
                                    <r2:Text>N/A</r2:Text>
                                </r2:PriorYear>
                            </r2:Accomplishment>
                            <r2:PlannedProgram>
                                <r2:CurrentYear>
                                    <r2:Funding>21.000</r2:Funding>
                                    <r2:Text>The FY 2025 RDT&amp;E budget included funding to support the evaluation and adaptation of IL5 security tools for use in the IL6 environment. This effort encompassed several key activities: assessing the suitability of a Unified Endpoint Management (UEM) software solution on IL6, documenting coverage gaps between IL5 and IL6 versions of security software, and piloting software installation on DISA-owned IL6 computers to understand configuration challenges and network requirements.  FY 2025 plans also include the purchase of commercially available Microsoft Defender licenses.  This shift allows for a faster and more cost- effective deployment of a comprehensive endpoint monitoring solution across the SIPRNet, supporting Zero Trust architecture principles. The Microsoft Defender solution provides a mature and readily available capability, mitigating the risks and delays associated with internal development efforts.</r2:Text>
                                </r2:CurrentYear>
                                <r2:BudgetYearOne>
                                    <r2:Funding>0.000</r2:Funding>
                                </r2:BudgetYearOne>
                                <r2:BudgetYearOneBase>
                                    <r2:Funding>0.000</r2:Funding>
                                    <r2:Text>N/A</r2:Text>
                                </r2:BudgetYearOneBase>
                                <r2:AppChangeSummary>The decrease of -$21.000  from FY 2025 to FY 2026 is attributed to realignment of SIPRNet Endpoint Management funds to O&amp;M to purchase Microsoft Defender licenses.</r2:AppChangeSummary>
                            </r2:PlannedProgram>
                        </r2:AccomplishmentPlannedProgram>
                    </r2:AccomplishmentPlannedProgramList>
                    <r2:OtherProgramFundingSummaryList>
                        <r2:OtherProgramFundingSummary>
                            <r2:LineItem>O&amp;M, DW</r2:LineItem>
                            <r2:Title>PE 0303140K</r2:Title>
                            <r2:Funding>
                                <r2:PriorYear>459.610</r2:PriorYear>
                                <r2:CurrentYear>453.625</r2:CurrentYear>
                                <r2:BudgetYearOne>519.460</r2:BudgetYearOne>
                                <r2:BudgetYearOneBase>519.460</r2:BudgetYearOneBase>
                            </r2:Funding>
                        </r2:OtherProgramFundingSummary>
                        <r2:OtherProgramFundingSummary>
                            <r2:LineItem>Procurement, DW</r2:LineItem>
                            <r2:Title>PE 0303140K</r2:Title>
                            <r2:Funding>
                                <r2:PriorYear>10.012</r2:PriorYear>
                                <r2:CurrentYear>25.392</r2:CurrentYear>
                                <r2:BudgetYearOne>6.254</r2:BudgetYearOne>
                                <r2:BudgetYearOneBase>6.254</r2:BudgetYearOneBase>
                            </r2:Funding>
                        </r2:OtherProgramFundingSummary>
                    </r2:OtherProgramFundingSummaryList>
                    <r2:OtherProgramFundingSummaryRemarks>N/A</r2:OtherProgramFundingSummaryRemarks>
                    <r2:AcquisitionStrategy>N/A</r2:AcquisitionStrategy>
                </r2:R2aExhibit>
                <r2:R3Exhibit>
                    <r2:CostCategoryGroupList>
                        <r2:CostCategoryGroup>
                            <r2:Name>Support</r2:Name>
                            <r2:CostCategoryItemList>
                                <r2:CostCategoryItem>
                                    <r2:Name>ZND Technology Assessment/Evaluation for email capability Tech Refresh</r2:Name>
                                    <r2:ContractMethod>C</r2:ContractMethod>
                                    <r2:ContractType>FFP</r2:ContractType>
                                    <r2:PerformingActivity>ASRC Federal</r2:PerformingActivity>
                                    <r2:PerformingActivityLocation>Beltsville, MD</r2:PerformingActivityLocation>
                                    <r2:Cost>
                                        <r2:TotalPreviousYears>16.705</r2:TotalPreviousYears>
                                    </r2:Cost>
                                </r2:CostCategoryItem>
                                <r2:CostCategoryItem>
                                    <r2:Name>DoD Cyber Security Range (CSR) Virtual Training Environment</r2:Name>
                                    <r2:ContractMethod>C</r2:ContractMethod>
                                    <r2:ContractType>FFP</r2:ContractType>
                                    <r2:PerformingActivity>ManTech</r2:PerformingActivity>
                                    <r2:PerformingActivityLocation>Fairfax, VA</r2:PerformingActivityLocation>
                                    <r2:Cost>
                                        <r2:TotalPreviousYears>2.198</r2:TotalPreviousYears>
                                    </r2:Cost>
                                </r2:CostCategoryItem>
                                <r2:CostCategoryItem>
                                    <r2:Name>DoD Cyber Security Range (CSR) Virtual Training Environment - Re-compete</r2:Name>
                                    <r2:ContractMethod>C</r2:ContractMethod>
                                    <r2:ContractType>FFP</r2:ContractType>
                                    <r2:PerformingActivity>ManTech</r2:PerformingActivity>
                                    <r2:PerformingActivityLocation>Fairfax, VA</r2:PerformingActivityLocation>
                                    <r2:Cost>
                                        <r2:TotalPreviousYears>1.683</r2:TotalPreviousYears>
                                    </r2:Cost>
                                </r2:CostCategoryItem>
                                <r2:CostCategoryItem>
                                    <r2:Name>DoD Endpoint Security Solutions (ESS)</r2:Name>
                                    <r2:ContractMethod>C</r2:ContractMethod>
                                    <r2:ContractType>FFP</r2:ContractType>
                                    <r2:PerformingActivity>Trellix</r2:PerformingActivity>
                                    <r2:PerformingActivityLocation>Ft. Meade Md</r2:PerformingActivityLocation>
                                    <r2:Cost>
                                        <r2:TotalPreviousYears>2.678</r2:TotalPreviousYears>
                                        <r2:CurrentYear>
                                            <r2:Amount>1.454</r2:Amount>
                                            <r2:AwardDate>2025-08</r2:AwardDate>
                                        </r2:CurrentYear>
                                    </r2:Cost>
                                </r2:CostCategoryItem>
                                <r2:CostCategoryItem>
                                    <r2:Name>Cyber HQs Support</r2:Name>
                                    <r2:ContractMethod>C</r2:ContractMethod>
                                    <r2:ContractType>FFP</r2:ContractType>
                                    <r2:PerformingActivity>Bylight</r2:PerformingActivity>
                                    <r2:PerformingActivityLocation>Fort Meade, MD</r2:PerformingActivityLocation>
                                    <r2:Cost>
                                        <r2:TotalPreviousYears>18.705</r2:TotalPreviousYears>
                                    </r2:Cost>
                                </r2:CostCategoryItem>
                                <r2:CostCategoryItem>
                                    <r2:Name>Joint Information Operations Range (JIOR) Connection</r2:Name>
                                    <r2:ContractMethod>C</r2:ContractMethod>
                                    <r2:ContractType>FFP</r2:ContractType>
                                    <r2:PerformingActivity>ManTech</r2:PerformingActivity>
                                    <r2:PerformingActivityLocation>Stafford, VA</r2:PerformingActivityLocation>
                                    <r2:Cost>
                                        <r2:TotalPreviousYears>0.260</r2:TotalPreviousYears>
                                    </r2:Cost>
                                </r2:CostCategoryItem>
                                <r2:CostCategoryItem>
                                    <r2:Name>DISA EA Model Development for Cyber Security and Network Technical Domains, DODCAR Cyber Analysis Tool Development</r2:Name>
                                    <r2:ContractMethod>C</r2:ContractMethod>
                                    <r2:ContractType>FFP</r2:ContractType>
                                    <r2:PerformingActivity>Various</r2:PerformingActivity>
                                    <r2:PerformingActivityLocation>Various</r2:PerformingActivityLocation>
                                    <r2:Cost>
                                        <r2:TotalPreviousYears>5.430</r2:TotalPreviousYears>
                                    </r2:Cost>
                                </r2:CostCategoryItem>
                                <r2:CostCategoryItem>
                                    <r2:Name>Deployment of Blockchain and Next Generation Identity</r2:Name>
                                    <r2:ContractMethod>C</r2:ContractMethod>
                                    <r2:ContractType>FFP</r2:ContractType>
                                    <r2:PerformingActivity>Various</r2:PerformingActivity>
                                    <r2:PerformingActivityLocation>Various</r2:PerformingActivityLocation>
                                    <r2:Cost>
                                        <r2:TotalPreviousYears>7.494</r2:TotalPreviousYears>
                                    </r2:Cost>
                                </r2:CostCategoryItem>
                                <r2:CostCategoryItem>
                                    <r2:Name>Cyber Innovation and Technology</r2:Name>
                                    <r2:ContractMethod>C</r2:ContractMethod>
                                    <r2:ContractType>FFP</r2:ContractType>
                                    <r2:PerformingActivity>Various</r2:PerformingActivity>
                                    <r2:PerformingActivityLocation>Various</r2:PerformingActivityLocation>
                                    <r2:Cost>
                                        <r2:TotalPreviousYears>5.000</r2:TotalPreviousYears>
                                    </r2:Cost>
                                </r2:CostCategoryItem>
                                <r2:CostCategoryItem>
                                    <r2:Name>Identity, Credential, and Access Management (ICAM)</r2:Name>
                                    <r2:ContractMethod>C</r2:ContractMethod>
                                    <r2:ContractType>FFP</r2:ContractType>
                                    <r2:PerformingActivity>Various</r2:PerformingActivity>
                                    <r2:PerformingActivityLocation>Various</r2:PerformingActivityLocation>
                                    <r2:Cost>
                                        <r2:TotalPreviousYears>27.002</r2:TotalPreviousYears>
                                    </r2:Cost>
                                </r2:CostCategoryItem>
                                <r2:CostCategoryItem>
                                    <r2:Name>Sharkseeker</r2:Name>
                                    <r2:ContractMethod>C</r2:ContractMethod>
                                    <r2:ContractType>FFP</r2:ContractType>
                                    <r2:PerformingActivity>Various</r2:PerformingActivity>
                                    <r2:PerformingActivityLocation>Various</r2:PerformingActivityLocation>
                                    <r2:Cost>
                                        <r2:TotalPreviousYears>5.023</r2:TotalPreviousYears>
                                    </r2:Cost>
                                </r2:CostCategoryItem>
                                <r2:CostCategoryItem>
                                    <r2:Name>Zero Trust Architecture (ZTA)</r2:Name>
                                    <r2:ContractMethod>C</r2:ContractMethod>
                                    <r2:ContractType>FFP</r2:ContractType>
                                    <r2:PerformingActivity>Man Tech</r2:PerformingActivity>
                                    <r2:PerformingActivityLocation>Fairfax, Va</r2:PerformingActivityLocation>
                                    <r2:Cost>
                                        <r2:TotalPreviousYears>6.699</r2:TotalPreviousYears>
                                        <r2:PriorYear>
                                            <r2:Amount>4.153</r2:Amount>
                                            <r2:AwardDate>2024-05</r2:AwardDate>
                                        </r2:PriorYear>
                                        <r2:CurrentYear>
                                            <r2:Amount>4.276</r2:Amount>
                                            <r2:AwardDate>2025-07</r2:AwardDate>
                                        </r2:CurrentYear>
                                        <r2:BudgetYearOne>
                                            <r2:Amount>2.086</r2:Amount>
                                        </r2:BudgetYearOne>
                                        <r2:BudgetYearOneBase>
                                            <r2:Amount>2.086</r2:Amount>
                                            <r2:AwardDate>2025-11</r2:AwardDate>
                                        </r2:BudgetYearOneBase>
                                    </r2:Cost>
                                </r2:CostCategoryItem>
                                <r2:CostCategoryItem>
                                    <r2:Name>PKI/Software Defined Enterprise</r2:Name>
                                    <r2:ContractMethod>C</r2:ContractMethod>
                                    <r2:ContractType>FFP</r2:ContractType>
                                    <r2:PerformingActivity>Various</r2:PerformingActivity>
                                    <r2:PerformingActivityLocation>Various</r2:PerformingActivityLocation>
                                    <r2:Cost>
                                        <r2:TotalPreviousYears>1.744</r2:TotalPreviousYears>
                                        <r2:PriorYear>
                                            <r2:Amount>2.228</r2:Amount>
                                        </r2:PriorYear>
                                    </r2:Cost>
                                </r2:CostCategoryItem>
                                <r2:CostCategoryItem>
                                    <r2:Name>Automation Technical Integration and Engineering in Cyberspace</r2:Name>
                                    <r2:ContractMethod>C</r2:ContractMethod>
                                    <r2:ContractType>FFP</r2:ContractType>
                                    <r2:PerformingActivity>Various</r2:PerformingActivity>
                                    <r2:PerformingActivityLocation>Various</r2:PerformingActivityLocation>
                                    <r2:Cost>
                                        <r2:TotalPreviousYears>0.081</r2:TotalPreviousYears>
                                        <r2:PriorYear>
                                            <r2:Amount>0.167</r2:Amount>
                                            <r2:AwardDate>2024-03</r2:AwardDate>
                                        </r2:PriorYear>
                                        <r2:CurrentYear>
                                            <r2:Amount>1.684</r2:Amount>
                                            <r2:AwardDate>2025-01</r2:AwardDate>
                                        </r2:CurrentYear>
                                        <r2:BudgetYearOne>
                                            <r2:Amount>1.403</r2:Amount>
                                        </r2:BudgetYearOne>
                                        <r2:BudgetYearOneBase>
                                            <r2:Amount>1.403</r2:Amount>
                                            <r2:AwardDate>2026-01</r2:AwardDate>
                                        </r2:BudgetYearOneBase>
                                    </r2:Cost>
                                </r2:CostCategoryItem>
                                <r2:CostCategoryItem>
                                    <r2:Name>Public Key Infrastructure (PKI)</r2:Name>
                                    <r2:ContractMethod>C</r2:ContractMethod>
                                    <r2:ContractType>FFP</r2:ContractType>
                                    <r2:PerformingActivity>Various</r2:PerformingActivity>
                                    <r2:PerformingActivityLocation>Various</r2:PerformingActivityLocation>
                                    <r2:Cost>
                                        <r2:CurrentYear>
                                            <r2:Amount>3.000</r2:Amount>
                                            <r2:AwardDate>2025-05</r2:AwardDate>
                                        </r2:CurrentYear>
                                        <r2:BudgetYearOne>
                                            <r2:Amount>19.735</r2:Amount>
                                        </r2:BudgetYearOne>
                                        <r2:BudgetYearOneBase>
                                            <r2:Amount>19.735</r2:Amount>
                                            <r2:AwardDate>2026-02</r2:AwardDate>
                                        </r2:BudgetYearOneBase>
                                    </r2:Cost>
                                </r2:CostCategoryItem>
                                <r2:CostCategoryItem>
                                    <r2:Name>SIPRNET Endpoint Management</r2:Name>
                                    <r2:ContractMethod>C</r2:ContractMethod>
                                    <r2:ContractType>FFP</r2:ContractType>
                                    <r2:PerformingActivity>Various</r2:PerformingActivity>
                                    <r2:PerformingActivityLocation>Various</r2:PerformingActivityLocation>
                                    <r2:Cost>
                                        <r2:CurrentYear>
                                            <r2:Amount>21.000</r2:Amount>
                                            <r2:AwardDate>2025-01</r2:AwardDate>
                                        </r2:CurrentYear>
                                        <r2:BudgetYearOne>
                                            <r2:Amount>0.000</r2:Amount>
                                        </r2:BudgetYearOne>
                                        <r2:BudgetYearOneBase>
                                            <r2:Amount>0.000</r2:Amount>
                                        </r2:BudgetYearOneBase>
                                    </r2:Cost>
                                </r2:CostCategoryItem>
                            </r2:CostCategoryItemList>
                        </r2:CostCategoryGroup>
                        <r2:CostCategoryGroup>
                            <r2:Name>Test and Evaluation</r2:Name>
                            <r2:CostCategoryItemList>
                                <r2:CostCategoryItem>
                                    <r2:Name>Comply to Connect (C2C)</r2:Name>
                                    <r2:ContractMethod>C</r2:ContractMethod>
                                    <r2:ContractType>FFP</r2:ContractType>
                                    <r2:PerformingActivity>Various</r2:PerformingActivity>
                                    <r2:PerformingActivityLocation>Various</r2:PerformingActivityLocation>
                                    <r2:Cost>
                                        <r2:PriorYear>
                                            <r2:Amount>1.486</r2:Amount>
                                            <r2:AwardDate>2024-07</r2:AwardDate>
                                        </r2:PriorYear>
                                        <r2:CostToComplete>Continuing</r2:CostToComplete>
                                        <r2:TotalCost>Continuing</r2:TotalCost>
                                    </r2:Cost>
                                </r2:CostCategoryItem>
                            </r2:CostCategoryItemList>
                        </r2:CostCategoryGroup>
                    </r2:CostCategoryGroupList>
                </r2:R3Exhibit>
                <r2:R4aExhibit>
                    <r2:SubProjectScheduleList>
                        <r2:SubProjectSchedule>
                            <r2:Title>Automation Technical Integration and Engineering in Cyberspace</r2:Title>
                            <r2:ScheduleDetailList>
                                <r2:ScheduleDetail>
                                    <r2:EventTitle>Automation and Integration Project</r2:EventTitle>
                                    <r2:Schedule>
                                        <r2:Start>
                                            <r2:Quarter>1</r2:Quarter>
                                            <r2:Year>2024</r2:Year>
                                        </r2:Start>
                                        <r2:End>
                                            <r2:Quarter>4</r2:Quarter>
                                            <r2:Year>2030</r2:Year>
                                        </r2:End>
                                    </r2:Schedule>
                                </r2:ScheduleDetail>
                            </r2:ScheduleDetailList>
                        </r2:SubProjectSchedule>
                        <r2:SubProjectSchedule>
                            <r2:Title>Zero Trust Architecture (ZTA)</r2:Title>
                            <r2:ScheduleDetailList>
                                <r2:ScheduleDetail>
                                    <r2:EventTitle>Develop, test, and evaluate the technologies</r2:EventTitle>
                                    <r2:Schedule>
                                        <r2:Start>
                                            <r2:Quarter>4</r2:Quarter>
                                            <r2:Year>2021</r2:Year>
                                        </r2:Start>
                                        <r2:End>
                                            <r2:Quarter>4</r2:Quarter>
                                            <r2:Year>2030</r2:Year>
                                        </r2:End>
                                    </r2:Schedule>
                                </r2:ScheduleDetail>
                            </r2:ScheduleDetailList>
                        </r2:SubProjectSchedule>
                        <r2:SubProjectSchedule>
                            <r2:Title>Endpoint License and Support/Comply to Connect</r2:Title>
                            <r2:ScheduleDetailList>
                                <r2:ScheduleDetail>
                                    <r2:EventTitle>Develop, test, and evaluate the technologies</r2:EventTitle>
                                    <r2:Schedule>
                                        <r2:Start>
                                            <r2:Quarter>4</r2:Quarter>
                                            <r2:Year>2021</r2:Year>
                                        </r2:Start>
                                        <r2:End>
                                            <r2:Quarter>4</r2:Quarter>
                                            <r2:Year>2025</r2:Year>
                                        </r2:End>
                                    </r2:Schedule>
                                </r2:ScheduleDetail>
                            </r2:ScheduleDetailList>
                        </r2:SubProjectSchedule>
                        <r2:SubProjectSchedule>
                            <r2:Title>PKI/ Software Defined Enterprise</r2:Title>
                            <r2:ScheduleDetailList>
                                <r2:ScheduleDetail>
                                    <r2:EventTitle>Identify, develop and enforce the adoption of software defined technologies</r2:EventTitle>
                                    <r2:Schedule>
                                        <r2:Start>
                                            <r2:Quarter>4</r2:Quarter>
                                            <r2:Year>2021</r2:Year>
                                        </r2:Start>
                                        <r2:End>
                                            <r2:Quarter>4</r2:Quarter>
                                            <r2:Year>2030</r2:Year>
                                        </r2:End>
                                    </r2:Schedule>
                                </r2:ScheduleDetail>
                            </r2:ScheduleDetailList>
                        </r2:SubProjectSchedule>
                        <r2:SubProjectSchedule>
                            <r2:Title>SIPRNET Endpoint Management</r2:Title>
                            <r2:ScheduleDetailList>
                                <r2:ScheduleDetail>
                                    <r2:EventTitle>Rollout of UEM on DISA Computers</r2:EventTitle>
                                    <r2:Schedule>
                                        <r2:Start>
                                            <r2:Quarter>2</r2:Quarter>
                                            <r2:Year>2025</r2:Year>
                                        </r2:Start>
                                        <r2:End>
                                            <r2:Quarter>4</r2:Quarter>
                                            <r2:Year>2025</r2:Year>
                                        </r2:End>
                                    </r2:Schedule>
                                </r2:ScheduleDetail>
                                <r2:ScheduleDetail>
                                    <r2:EventTitle>Rollout of UEM on other Enclaves</r2:EventTitle>
                                    <r2:Schedule>
                                        <r2:Start>
                                            <r2:Quarter>4</r2:Quarter>
                                            <r2:Year>2025</r2:Year>
                                        </r2:Start>
                                        <r2:End>
                                            <r2:Quarter>4</r2:Quarter>
                                            <r2:Year>2027</r2:Year>
                                        </r2:End>
                                    </r2:Schedule>
                                </r2:ScheduleDetail>
                                <r2:ScheduleDetail>
                                    <r2:EventTitle>Rollout of UEM suite of tools</r2:EventTitle>
                                    <r2:Schedule>
                                        <r2:Start>
                                            <r2:Quarter>4</r2:Quarter>
                                            <r2:Year>2026</r2:Year>
                                        </r2:Start>
                                        <r2:End>
                                            <r2:Quarter>4</r2:Quarter>
                                            <r2:Year>2028</r2:Year>
                                        </r2:End>
                                    </r2:Schedule>
                                </r2:ScheduleDetail>
                            </r2:ScheduleDetailList>
                        </r2:SubProjectSchedule>
                    </r2:SubProjectScheduleList>
                </r2:R4aExhibit>
            </r2:Project>
        </r2:ProjectList>
    </r2:ProgramElement>
</r2:ProgramElementList>