<?xml version="1.0" encoding="UTF-8"?>
<r2:ProgramElementList xmlns:r2="http://www.dtic.mil/comptroller/xml/schema/022009/r2" targetSchemaVersion="1.0">
    <r2:ProgramElement monetaryUnit="Millions">
        <r2:ProgramElementNumber>0305282K</r2:ProgramElementNumber>
        <r2:ProgramElementTitle>Joint Fires Network</r2:ProgramElementTitle>
        <r2:R1LineNumber>159</r2:R1LineNumber>
        <r2:BudgetYear>2026</r2:BudgetYear>
        <r2:BudgetCycle>PB</r2:BudgetCycle>
        <r2:SubmissionDate>2025-06</r2:SubmissionDate>
        <r2:ServiceAgencyName>Defense Information Systems Agency</r2:ServiceAgencyName>
        <r2:AppropriationCode>0400</r2:AppropriationCode>
        <r2:AppropriationName>Research, Development, Test &amp; Evaluation, Defense-Wide</r2:AppropriationName>
        <r2:BudgetActivityNumber>5</r2:BudgetActivityNumber>
        <r2:BudgetActivityTitle>System Development &amp; Demonstration (SDD)</r2:BudgetActivityTitle>
        <r2:ProgramElementFunding>
            <r2:AllPriorYears>0.000</r2:AllPriorYears>
            <r2:PriorYear>0.000</r2:PriorYear>
            <r2:CurrentYear>0.000</r2:CurrentYear>
            <r2:BudgetYearOne>10.000</r2:BudgetYearOne>
            <r2:BudgetYearOneBase>10.000</r2:BudgetYearOneBase>
        </r2:ProgramElementFunding>
        <r2:ProgramElementNote>Early network prototyping was previously funded for the Joint Fires Network by OUSD (R&amp;E)</r2:ProgramElementNote>
        <r2:ProgramElementMissionDescription>Supports the development of a Joint and Combined warfighting network architecture for the Joint Fires Network program that is resilient, interoperable and flexible.   This development effort will ensure efficient and secure transport for Joint Fires data across the theater from the strategic to tactical level of operations in a contested disconnected, denied, intermittent and/or with limited bandwidth (DDIL) environment</r2:ProgramElementMissionDescription>
        <r2:ChangeSummary>
            <r2:PreviousPresidentBudget>
                <r2:PriorYear>0.000</r2:PriorYear>
                <r2:CurrentYear>0.000</r2:CurrentYear>
                <r2:BudgetYearOne>0.000</r2:BudgetYearOne>
                <r2:BudgetYearOneBase>0.000</r2:BudgetYearOneBase>
            </r2:PreviousPresidentBudget>
            <r2:CurrentPresidentBudget>
                <r2:PriorYear>0.000</r2:PriorYear>
                <r2:CurrentYear>0.000</r2:CurrentYear>
                <r2:BudgetYearOne>10.000</r2:BudgetYearOne>
                <r2:BudgetYearOneBase>10.000</r2:BudgetYearOneBase>
            </r2:CurrentPresidentBudget>
            <r2:TotalAdjustments>
                <r2:PriorYear>0.000</r2:PriorYear>
                <r2:CurrentYear>0.000</r2:CurrentYear>
                <r2:BudgetYearOne>10.000</r2:BudgetYearOne>
                <r2:BudgetYearOneBase>10.000</r2:BudgetYearOneBase>
            </r2:TotalAdjustments>
            <r2:AdjustmentDetails>
                <r2:OtherAdjustmentDetailList>
                    <r2:OtherAdjustmentDetail>
                        <r2:Title>Adjsutment</r2:Title>
                        <r2:Funding>
                            <r2:PriorYear>0.000</r2:PriorYear>
                            <r2:CurrentYear>0.000</r2:CurrentYear>
                            <r2:BudgetYearOne>10.000</r2:BudgetYearOne>
                            <r2:BudgetYearOneBase>10.000</r2:BudgetYearOneBase>
                        </r2:Funding>
                    </r2:OtherAdjustmentDetail>
                </r2:OtherAdjustmentDetailList>
            </r2:AdjustmentDetails>
            <r2:SummaryExplanation>The increase in FY 2026 funding profile assess mission command and planning applications used to support mission command and planning workflows across echelons, with an initial focus on situational awareness and targeting.</r2:SummaryExplanation>
        </r2:ChangeSummary>
        <r2:ProjectList>
            <r2:Project>
                <r2:ProjectNumber>JWN</r2:ProjectNumber>
                <r2:ProjectTitle>Joint Fires Network</r2:ProjectTitle>
                <r2:SpecialProject>0</r2:SpecialProject>
                <r2:ProjectFunding>
                    <r2:AllPriorYears>0.000</r2:AllPriorYears>
                    <r2:PriorYear>0.000</r2:PriorYear>
                    <r2:CurrentYear>0.000</r2:CurrentYear>
                    <r2:BudgetYearOne>10.000</r2:BudgetYearOne>
                    <r2:BudgetYearOneBase>10.000</r2:BudgetYearOneBase>
                </r2:ProjectFunding>
                <r2:R2aExhibit>
                    <r2:ProjectMissionDescription>Supports the development of a Joint and Combined warfighting network architecture for the Joint Fires Network program that is resilient, interoperable and flexible.   This development effort will ensure efficient and secure transport for Joint Fires data across the theater from the strategic to tactical level of operations in a contested disconnected, denied, intermittent and/or with limited bandwidth (DDIL) environment.</r2:ProjectMissionDescription>
                    <r2:AccomplishmentPlannedProgramList>
                        <r2:AccomplishmentPlannedProgram>
                            <r2:Title>Joint Fires Network</r2:Title>
                            <r2:Description>Joint and combines network for the Joint Fires Network.</r2:Description>
                            <r2:Accomplishment>
                                <r2:PriorYear>
                                    <r2:Funding>0.000</r2:Funding>
                                </r2:PriorYear>
                            </r2:Accomplishment>
                            <r2:PlannedProgram>
                                <r2:CurrentYear>
                                    <r2:Funding>0.000</r2:Funding>
                                    <r2:Text>N/A</r2:Text>
                                </r2:CurrentYear>
                                <r2:BudgetYearOne>
                                    <r2:Funding>10.000</r2:Funding>
                                </r2:BudgetYearOne>
                                <r2:BudgetYearOneBase>
                                    <r2:Funding>10.000</r2:Funding>
                                    <r2:Text>Development of a resilient network for Fires data in USINDOPACOM with redundancy and security. 
Implementation of dynamic software defined networking that is highly adaptable to changes in the operational environment.  
Develop and deploy scaled secure and resilient networking to Joint Fires Network nodes and centers.</r2:Text>
                                </r2:BudgetYearOneBase>
                                <r2:AppChangeSummary>The increase in FY 2026 funding profile assess mission command and planning applications used to support mission command  and planning workflows across echelons, with an initial focus on situational awareness and targeting.</r2:AppChangeSummary>
                            </r2:PlannedProgram>
                        </r2:AccomplishmentPlannedProgram>
                    </r2:AccomplishmentPlannedProgramList>
                </r2:R2aExhibit>
                <r2:R3Exhibit>
                    <r2:CostCategoryGroupList>
                        <r2:CostCategoryGroup>
                            <r2:Name>Support</r2:Name>
                            <r2:CostCategoryItemList>
                                <r2:CostCategoryItem>
                                    <r2:Name>TBS</r2:Name>
                                    <r2:ContractMethod>C</r2:ContractMethod>
                                    <r2:ContractType>FFP</r2:ContractType>
                                    <r2:PerformingActivity>Various</r2:PerformingActivity>
                                    <r2:PerformingActivityLocation>Various</r2:PerformingActivityLocation>
                                    <r2:Cost>
                                        <r2:BudgetYearOne>
                                            <r2:Amount>10.000</r2:Amount>
                                        </r2:BudgetYearOne>
                                        <r2:BudgetYearOneBase>
                                            <r2:Amount>10.000</r2:Amount>
                                        </r2:BudgetYearOneBase>
                                    </r2:Cost>
                                </r2:CostCategoryItem>
                            </r2:CostCategoryItemList>
                        </r2:CostCategoryGroup>
                    </r2:CostCategoryGroupList>
                </r2:R3Exhibit>
                <r2:R4aExhibit>
                    <r2:SubProjectScheduleList>
                        <r2:SubProjectSchedule>
                            <r2:Title>JFN</r2:Title>
                            <r2:ScheduleDetailList>
                                <r2:ScheduleDetail>
                                    <r2:EventTitle>JFN Nodes to DISN</r2:EventTitle>
                                    <r2:Schedule>
                                        <r2:Start>
                                            <r2:Quarter>3</r2:Quarter>
                                            <r2:Year>2026</r2:Year>
                                        </r2:Start>
                                        <r2:End>
                                            <r2:Quarter>3</r2:Quarter>
                                            <r2:Year>2028</r2:Year>
                                        </r2:End>
                                    </r2:Schedule>
                                </r2:ScheduleDetail>
                            </r2:ScheduleDetailList>
                        </r2:SubProjectSchedule>
                        <r2:SubProjectSchedule>
                            <r2:Title>Enhanced Resiliencies</r2:Title>
                            <r2:ScheduleDetailList>
                                <r2:ScheduleDetail>
                                    <r2:EventTitle>Edge Enhancements</r2:EventTitle>
                                    <r2:Schedule>
                                        <r2:Start>
                                            <r2:Quarter>2</r2:Quarter>
                                            <r2:Year>2027</r2:Year>
                                        </r2:Start>
                                        <r2:End>
                                            <r2:Quarter>3</r2:Quarter>
                                            <r2:Year>2028</r2:Year>
                                        </r2:End>
                                    </r2:Schedule>
                                </r2:ScheduleDetail>
                                <r2:ScheduleDetail>
                                    <r2:EventTitle>MLS for Coalition</r2:EventTitle>
                                    <r2:Schedule>
                                        <r2:Start>
                                            <r2:Quarter>4</r2:Quarter>
                                            <r2:Year>2027</r2:Year>
                                        </r2:Start>
                                        <r2:End>
                                            <r2:Quarter>3</r2:Quarter>
                                            <r2:Year>2028</r2:Year>
                                        </r2:End>
                                    </r2:Schedule>
                                </r2:ScheduleDetail>
                            </r2:ScheduleDetailList>
                        </r2:SubProjectSchedule>
                    </r2:SubProjectScheduleList>
                </r2:R4aExhibit>
            </r2:Project>
        </r2:ProjectList>
    </r2:ProgramElement>
</r2:ProgramElementList>