<?xml version="1.0" encoding="UTF-8"?>
<r2:ProgramElementList xmlns:r2="http://www.dtic.mil/comptroller/xml/schema/022009/r2" targetSchemaVersion="1.0">
    <r2:ProgramElement monetaryUnit="Millions">
        <r2:ProgramElementNumber>0303228K</r2:ProgramElementNumber>
        <r2:ProgramElementTitle>Joint Information Environment (JIE)</r2:ProgramElementTitle>
        <r2:R1LineNumber>245</r2:R1LineNumber>
        <r2:BudgetYear>2026</r2:BudgetYear>
        <r2:BudgetCycle>PB</r2:BudgetCycle>
        <r2:SubmissionDate>2025-06</r2:SubmissionDate>
        <r2:ServiceAgencyName>Defense Information Systems Agency</r2:ServiceAgencyName>
        <r2:AppropriationCode>0400</r2:AppropriationCode>
        <r2:AppropriationName>Research, Development, Test &amp; Evaluation, Defense-Wide</r2:AppropriationName>
        <r2:BudgetActivityNumber>7</r2:BudgetActivityNumber>
        <r2:BudgetActivityTitle>Operational Systems Development</r2:BudgetActivityTitle>
        <r2:ProgramElementFunding>
            <r2:AllPriorYears>53.640</r2:AllPriorYears>
            <r2:PriorYear>3.079</r2:PriorYear>
            <r2:CurrentYear>2.371</r2:CurrentYear>
            <r2:BudgetYearOne>0.000</r2:BudgetYearOne>
            <r2:BudgetYearOneBase>0.000</r2:BudgetYearOneBase>
        </r2:ProgramElementFunding>
        <r2:ProgramElementMissionDescription>Joint Information Environment (JIE)/The Joint Regional Security Stack (JRSS) is a joint Department of Defense (DoD) security architecture deployed regionally throughout the world. There are fourteen Non-Secure Internet Protocol Router (NIPR) stacks, which are a collection of software components designed to operate as a single unit. DISA will achieve cost reductions through planned Decommissioning Efforts and user transition off of JRSS in accordance with the JRSS Senior Advisory Group-approved Decommissioning Plan. The current JRSS footprint will be reduced to nine at the end of FY 2025 before closeout of the remaining stacks in FY 2027. 

Each stack is comprised of complementary defensive security solutions that: 
• Streamline cybersecurity protections.
• Leverage enterprise defensive capabilities with standardized security suites to protect against attacks that disrupt or cause damage to the network.
• Protect the JRSS enclaves (internal networks separate from the rest of the network) after the separation.
• Provide the tool sets necessary to monitor all security mechanisms throughout the network.

The JRSS Management System (JMS) provides management and operational control capabilities for the JRSS. The JMS centralizes and enhances the management of JRSS components and achieve economies of scale. The JMS enables DoD Components to maintain Title 10 required management and visibility of IT security while providing high level visibility to U.S. Cyber Command (CYBERCOM). This is done by: 
• Providing centralized management of the JRSS.
• Providing visibility and control over network transport and associated security systems.
• Enabling the monitoring and analysis of data to determine the impact on current operations.

This centralized capability allows standardization of policies, procedures, and configurations and allows for Cyber Operations to take proactive actions to ensure the uninterrupted availability and protection of information.</r2:ProgramElementMissionDescription>
        <r2:ChangeSummary>
            <r2:PreviousPresidentBudget>
                <r2:PriorYear>3.196</r2:PriorYear>
                <r2:CurrentYear>2.371</r2:CurrentYear>
                <r2:BudgetYearOne>1.123</r2:BudgetYearOne>
                <r2:BudgetYearOneBase>1.123</r2:BudgetYearOneBase>
            </r2:PreviousPresidentBudget>
            <r2:CurrentPresidentBudget>
                <r2:PriorYear>3.079</r2:PriorYear>
                <r2:CurrentYear>2.371</r2:CurrentYear>
                <r2:BudgetYearOne>0.000</r2:BudgetYearOne>
                <r2:BudgetYearOneBase>0.000</r2:BudgetYearOneBase>
            </r2:CurrentPresidentBudget>
            <r2:TotalAdjustments>
                <r2:PriorYear>-0.117</r2:PriorYear>
                <r2:CurrentYear>0.000</r2:CurrentYear>
                <r2:BudgetYearOne>-1.123</r2:BudgetYearOne>
                <r2:BudgetYearOneBase>-1.123</r2:BudgetYearOneBase>
            </r2:TotalAdjustments>
            <r2:AdjustmentDetails>
                <r2:SBIRSTTRTransfer>
                    <r2:PriorYear>-0.117</r2:PriorYear>
                </r2:SBIRSTTRTransfer>
                <r2:OtherAdjustmentDetailList>
                    <r2:OtherAdjustmentDetail>
                        <r2:Title>Adjustment</r2:Title>
                        <r2:Funding>
                            <r2:PriorYear>0.000</r2:PriorYear>
                            <r2:BudgetYearOne>-1.123</r2:BudgetYearOne>
                            <r2:BudgetYearOneBase>-1.123</r2:BudgetYearOneBase>
                        </r2:Funding>
                    </r2:OtherAdjustmentDetail>
                </r2:OtherAdjustmentDetailList>
            </r2:AdjustmentDetails>
            <r2:SummaryExplanation>The decrease within the FY 2026 profile is attributed to the JRSS funding transition to O&amp;M funding commensurate with Portfolio Management, Modernization and Capabilities (PM2C) Council and DoD Services directed JRSS decommissioning efforts.  JRSS will only conduct bare minimum Tech Refresh of critical components, allowing for continued operational capability of JRSS functionality for remaining on board JRSS Users.  JRSS has minimal testing requirements requiring RDT&amp;E funding due to the continued progression of JRSS sunset activities.</r2:SummaryExplanation>
        </r2:ChangeSummary>
        <r2:ProjectList>
            <r2:Project>
                <r2:ProjectNumber>JE1</r2:ProjectNumber>
                <r2:ProjectTitle>Joint Regional Security Stacks (JRSS)</r2:ProjectTitle>
                <r2:SpecialProject>0</r2:SpecialProject>
                <r2:ProjectFunding>
                    <r2:AllPriorYears>53.640</r2:AllPriorYears>
                    <r2:PriorYear>3.079</r2:PriorYear>
                    <r2:CurrentYear>2.371</r2:CurrentYear>
                    <r2:BudgetYearOne>0.000</r2:BudgetYearOne>
                    <r2:BudgetYearOneBase>0.000</r2:BudgetYearOneBase>
                </r2:ProjectFunding>
                <r2:R2aExhibit>
                    <r2:ProjectMissionDescription>The Joint Information Environment (JIE)/Joint Regional Security Stack (JRSS) is a joint Department of Defense (DoD) security architecture deployed regionally throughout the world. There are fourteen (14) Non-Secure Internet Protocol Router (NIPR) stacks, which are a collection of software components designed to operate as a single unit. DISA will achieve cost reductions through planned Decommissioning Efforts and user transition off of JRSS in accordance with the JRSS Senior Advisory Group-approved Decommissioning Plan. The current JRSS footprint will be reduced to nine at the end of FY 2025 before closeout of the remaining stacks in FY 2027. 

Each stack is comprised of complementary defensive security solutions that: 
• Streamline cybersecurity protections.
• Leverage enterprise defensive capabilities with standardized security suites to protect against attacks that disrupt or cause damage to the network.
• Protect the JRSS enclaves done on my end, waiting on requests after the separation.
• Provide the tool sets necessary to monitor all security mechanisms throughout the network.

The JRSS Management System (JMS) provides management and operational control capabilities for the JRSS. The JMS centralizes and enhances the management of JRSS components and achieve economies of scale. The JMS enables DoD Components to maintain Title 10 required management and visibility of IT security while providing high level visibility to U.S. Cyber Command (CYBERCOM). This is done by: 
• Providing centralized management of the JRSS.
• Providing visibility and control over network transport and associated security systems.
• Enabling the monitoring and analysis of data to determine the impact on current operations.

This centralized capability allows standardization of policies, procedures, and configurations and allows for Cyber Operations to take proactive actions to ensure the uninterrupted availability and protection of information.</r2:ProjectMissionDescription>
                    <r2:AccomplishmentPlannedProgramList>
                        <r2:AccomplishmentPlannedProgram>
                            <r2:Title>Joint Regional Security Stacks (JRSS)</r2:Title>
                            <r2:Description>The JRSS is a joint DoD security architecture deployed regionally throughout the world. Each NIPR stack is comprised of complementary defensive security solutions that: 
• Remove redundant Information Assurance (IA) protections, which protect against and mitigate risk related to the use, 
storage, and transmission of data
• Leverage enterprise defensive capabilities with standardized security suites that protect against attacks
• Protect the enclaves (secured portions of the hardware’s processor and memory) after the separation of server and user 
assets
• Provide the tool sets necessary to monitor and control all security mechanisms throughout DoD's JIE.</r2:Description>
                            <r2:Accomplishment>
                                <r2:PriorYear>
                                    <r2:Funding>3.079</r2:Funding>
                                    <r2:Text>Will provide cybersecurity testing to maintain accreditation and Authority-To-Operate (ATO) approvals to remain operational.  Additionally, will provide integration testing of technology refreshed End-of-Life/End-of-Support hardware and software as well as testing version updates on hardware and software items.</r2:Text>
                                </r2:PriorYear>
                            </r2:Accomplishment>
                            <r2:PlannedProgram>
                                <r2:CurrentYear>
                                    <r2:Funding>2.371</r2:Funding>
                                    <r2:Text>Will continue to provide cybersecurity testing to maintain accreditation and Authority-To-Operate (ATO) approvals to remain operational. Additionally, will provide integration testing of technology refreshed End-of-Life/End-of-Support hardware and software as well as testing version updates on hardware and software items.  JRSS stacks need testing to remain operational until they are sunset by FY 2027.</r2:Text>
                                </r2:CurrentYear>
                                <r2:BudgetYearOne>
                                    <r2:Funding>0.000</r2:Funding>
                                </r2:BudgetYearOne>
                                <r2:BudgetYearOneBase>
                                    <r2:Funding>0.000</r2:Funding>
                                    <r2:Text>N/A</r2:Text>
                                </r2:BudgetYearOneBase>
                                <r2:AppChangeSummary>Decrease commensurate with Portfolio Management, Modernization and Capabilities (PM2C) Council and DoD Services directed JRSS decommissioning efforts. JRSS will only conduct bare minimum Tech Refresh of critical components, allowing for continued operational capability of JRSS functionality for remaining on board JRSS users. JRSS had minimal testing requirements requiring RDT&amp;E funding due to the continued progression of JRSS sunset activities.</r2:AppChangeSummary>
                            </r2:PlannedProgram>
                        </r2:AccomplishmentPlannedProgram>
                    </r2:AccomplishmentPlannedProgramList>
                    <r2:OtherProgramFundingSummaryList>
                        <r2:OtherProgramFundingSummary>
                            <r2:LineItem>O&amp;M</r2:LineItem>
                            <r2:Title>DW: PE 0303228K</r2:Title>
                            <r2:Funding>
                                <r2:PriorYear>45.887</r2:PriorYear>
                                <r2:CurrentYear>37.005</r2:CurrentYear>
                                <r2:BudgetYearOne>39.966</r2:BudgetYearOne>
                                <r2:BudgetYearOneBase>39.966</r2:BudgetYearOneBase>
                                <r2:BudgetYearTwo>0.000</r2:BudgetYearTwo>
                                <r2:BudgetYearThree>0.000</r2:BudgetYearThree>
                                <r2:BudgetYearFour>0.000</r2:BudgetYearFour>
                                <r2:BudgetYearFive>0.000</r2:BudgetYearFive>
                                <r2:CostToComplete>Continuing</r2:CostToComplete>
                                <r2:TotalCost>Continuing</r2:TotalCost>
                            </r2:Funding>
                        </r2:OtherProgramFundingSummary>
                        <r2:OtherProgramFundingSummary>
                            <r2:LineItem>PROC</r2:LineItem>
                            <r2:Title>DW: PE 03030228K</r2:Title>
                            <r2:Funding>
                                <r2:PriorYear>14.254</r2:PriorYear>
                                <r2:CurrentYear>17.213</r2:CurrentYear>
                                <r2:BudgetYearOne>1.496</r2:BudgetYearOne>
                                <r2:BudgetYearOneBase>1.496</r2:BudgetYearOneBase>
                                <r2:BudgetYearTwo>0.000</r2:BudgetYearTwo>
                                <r2:BudgetYearThree>0.000</r2:BudgetYearThree>
                                <r2:BudgetYearFour>0.000</r2:BudgetYearFour>
                                <r2:BudgetYearFive>0.000</r2:BudgetYearFive>
                                <r2:CostToComplete>Continuing</r2:CostToComplete>
                                <r2:TotalCost>Continuing</r2:TotalCost>
                            </r2:Funding>
                        </r2:OtherProgramFundingSummary>
                    </r2:OtherProgramFundingSummaryList>
                    <r2:OtherProgramFundingSummaryRemarks>N/A</r2:OtherProgramFundingSummaryRemarks>
                    <r2:AcquisitionStrategy>N/A</r2:AcquisitionStrategy>
                </r2:R2aExhibit>
                <r2:R3Exhibit>
                    <r2:CostCategoryGroupList>
                        <r2:CostCategoryGroup>
                            <r2:Name>Support</r2:Name>
                            <r2:CostCategoryItemList>
                                <r2:CostCategoryItem>
                                    <r2:Name>Certification Testing</r2:Name>
                                    <r2:FundingVehicle>Various</r2:FundingVehicle>
                                    <r2:PerformingActivity>Various</r2:PerformingActivity>
                                    <r2:PerformingActivityLocation>Various</r2:PerformingActivityLocation>
                                    <r2:Cost>
                                        <r2:TotalPreviousYears>1.532</r2:TotalPreviousYears>
                                    </r2:Cost>
                                </r2:CostCategoryItem>
                                <r2:CostCategoryItem>
                                    <r2:Name>Test and Evaluation Support</r2:Name>
                                    <r2:FundingVehicle>Various</r2:FundingVehicle>
                                    <r2:PerformingActivity>JITC</r2:PerformingActivity>
                                    <r2:PerformingActivityLocation>Various</r2:PerformingActivityLocation>
                                    <r2:Cost>
                                        <r2:TotalPreviousYears>4.294</r2:TotalPreviousYears>
                                        <r2:CurrentYear>
                                            <r2:Amount>1.911</r2:Amount>
                                            <r2:AwardDate>2025-07</r2:AwardDate>
                                        </r2:CurrentYear>
                                    </r2:Cost>
                                </r2:CostCategoryItem>
                                <r2:CostCategoryItem>
                                    <r2:Name>Integration Test and Modification</r2:Name>
                                    <r2:FundingVehicle>Various</r2:FundingVehicle>
                                    <r2:PerformingActivity>Multiple</r2:PerformingActivity>
                                    <r2:PerformingActivityLocation>Various</r2:PerformingActivityLocation>
                                    <r2:Cost>
                                        <r2:TotalPreviousYears>4.892</r2:TotalPreviousYears>
                                        <r2:CurrentYear>
                                            <r2:Amount>0.460</r2:Amount>
                                            <r2:AwardDate>2025-03</r2:AwardDate>
                                        </r2:CurrentYear>
                                    </r2:Cost>
                                </r2:CostCategoryItem>
                                <r2:CostCategoryItem>
                                    <r2:Name>Tech Refresh/Functionality Testing</r2:Name>
                                    <r2:FundingVehicle>Various</r2:FundingVehicle>
                                    <r2:PerformingActivity>Multiple</r2:PerformingActivity>
                                    <r2:PerformingActivityLocation>Various</r2:PerformingActivityLocation>
                                    <r2:Cost>
                                        <r2:TotalPreviousYears>8.710</r2:TotalPreviousYears>
                                        <r2:PriorYear>
                                            <r2:Amount>2.678</r2:Amount>
                                            <r2:AwardDate>2024-03</r2:AwardDate>
                                        </r2:PriorYear>
                                    </r2:Cost>
                                </r2:CostCategoryItem>
                                <r2:CostCategoryItem>
                                    <r2:Name>Analytic Development &amp; Testing (CSAAC)</r2:Name>
                                    <r2:FundingVehicle>Various</r2:FundingVehicle>
                                    <r2:PerformingActivity>Multiple</r2:PerformingActivity>
                                    <r2:PerformingActivityLocation>Various</r2:PerformingActivityLocation>
                                    <r2:Cost>
                                        <r2:TotalPreviousYears>4.820</r2:TotalPreviousYears>
                                    </r2:Cost>
                                </r2:CostCategoryItem>
                                <r2:CostCategoryItem>
                                    <r2:Name>JRSS Integration Test and Acceptance Support</r2:Name>
                                    <r2:FundingVehicle>Various</r2:FundingVehicle>
                                    <r2:PerformingActivity>Multiple</r2:PerformingActivity>
                                    <r2:PerformingActivityLocation>Various</r2:PerformingActivityLocation>
                                    <r2:Cost>
                                        <r2:TotalPreviousYears>17.915</r2:TotalPreviousYears>
                                        <r2:PriorYear>
                                            <r2:Amount>0.401</r2:Amount>
                                            <r2:AwardDate>2024-03</r2:AwardDate>
                                        </r2:PriorYear>
                                    </r2:Cost>
                                </r2:CostCategoryItem>
                                <r2:CostCategoryItem>
                                    <r2:Name>JRSS Integration Test and Acceptance Support_2</r2:Name>
                                    <r2:FundingVehicle>Various</r2:FundingVehicle>
                                    <r2:PerformingActivity>Multiple</r2:PerformingActivity>
                                    <r2:PerformingActivityLocation>Various</r2:PerformingActivityLocation>
                                    <r2:Cost>
                                        <r2:TotalPreviousYears>6.309</r2:TotalPreviousYears>
                                    </r2:Cost>
                                </r2:CostCategoryItem>
                                <r2:CostCategoryItem>
                                    <r2:Name>JRSS Integration Test and Acceptance Support_3</r2:Name>
                                    <r2:FundingVehicle>Various</r2:FundingVehicle>
                                    <r2:PerformingActivity>Multiple</r2:PerformingActivity>
                                    <r2:PerformingActivityLocation>Various</r2:PerformingActivityLocation>
                                    <r2:Cost>
                                        <r2:TotalPreviousYears>5.168</r2:TotalPreviousYears>
                                    </r2:Cost>
                                </r2:CostCategoryItem>
                            </r2:CostCategoryItemList>
                        </r2:CostCategoryGroup>
                    </r2:CostCategoryGroupList>
                </r2:R3Exhibit>
                <r2:R4aExhibit>
                    <r2:SubProjectScheduleList>
                        <r2:SubProjectSchedule>
                            <r2:Title>JRSS Testing and Evaluation</r2:Title>
                            <r2:ScheduleDetailList>
                                <r2:ScheduleDetail>
                                    <r2:EventTitle>JRSS Testing and Evaluation</r2:EventTitle>
                                    <r2:Schedule>
                                        <r2:Start>
                                            <r2:Quarter>1</r2:Quarter>
                                            <r2:Year>2017</r2:Year>
                                        </r2:Start>
                                        <r2:End>
                                            <r2:Quarter>4</r2:Quarter>
                                            <r2:Year>2025</r2:Year>
                                        </r2:End>
                                    </r2:Schedule>
                                </r2:ScheduleDetail>
                            </r2:ScheduleDetailList>
                        </r2:SubProjectSchedule>
                    </r2:SubProjectScheduleList>
                </r2:R4aExhibit>
            </r2:Project>
        </r2:ProjectList>
    </r2:ProgramElement>
</r2:ProgramElementList>