<?xml version="1.0" encoding="UTF-8"?>
<r2:ProgramElementList xmlns:r2="http://www.dtic.mil/comptroller/xml/schema/022009/r2" targetSchemaVersion="1.0">
    <r2:ProgramElement monetaryUnit="Millions">
        <r2:ProgramElementNumber>0305208K</r2:ProgramElementNumber>
        <r2:ProgramElementTitle>Distributed Common Ground/Surface Systems</r2:ProgramElementTitle>
        <r2:R1LineNumber>213</r2:R1LineNumber>
        <r2:BudgetYear>2026</r2:BudgetYear>
        <r2:BudgetCycle>PB</r2:BudgetCycle>
        <r2:SubmissionDate>2025-06</r2:SubmissionDate>
        <r2:ServiceAgencyName>Defense Information Systems Agency</r2:ServiceAgencyName>
        <r2:AppropriationCode>0400</r2:AppropriationCode>
        <r2:AppropriationName>Research, Development, Test &amp; Evaluation, Defense-Wide</r2:AppropriationName>
        <r2:BudgetActivityNumber>6</r2:BudgetActivityNumber>
        <r2:BudgetActivityTitle>RDT&amp;E Management Support</r2:BudgetActivityTitle>
        <r2:ProgramElementFunding>
            <r2:AllPriorYears>9.257</r2:AllPriorYears>
            <r2:PriorYear>3.069</r2:PriorYear>
            <r2:CurrentYear>2.988</r2:CurrentYear>
            <r2:BudgetYearOne>2.887</r2:BudgetYearOne>
            <r2:BudgetYearOneBase>2.887</r2:BudgetYearOneBase>
        </r2:ProgramElementFunding>
        <r2:ProgramElementMissionDescription>The Defense Information Systems Agency (DISA)  Joint Interoperability Test Command (JITC) is the sole joint interoperability certification agent for the Department of Defense (DoD).  JITC provides test and evaluation (T&amp;E) services to the Distributed Common Ground/Surface Systems (DCGS) Family of Systems (FoS), a major component of the Defense Intelligence Enterprise (DIE). The DIE enables the joint intelligence process and the planning and direction, collection, processing and exploitation, analysis and production, dissemination and integration, and evaluation and feedback of intelligence, surveillance, and reconnaissance (ISR) needed to answer priority intelligence requirements (PIRs) across military operations. Answering PIRs enables leaders to take decisive military action. DIE components are improving battlespace awareness (BA) through the modernization and evolution of how intelligence is delivered to commanders. Part of this evolution is the development of modernized DIE test, evaluation, and assessment concepts to improve senior leader Military Intelligence Program (MIP) management and investment decisions. The goal is to develop real-time, continuous, metrics collection combined with interactive health and status visualization methods to provide quality data for leadership decision making at the speed of need.

Operational testing addresses critical operational issues of a system's effectiveness in combat-like environments. Additionally, operational testing provides key stakeholders and decision makers an independent evaluation of a system’s operational effectiveness, suitability, and cybersecurity posture. Interoperability testing directly contributes to the DoD’s success by ensuring that Military forces, units and/or systems, along with U.S. mission partners, can share the data, information, materiel, and services required to operate collaboratively and effectively. Decision makers must understand the capabilities and risks of new technologies and systems as they are fielded onto warfighters’ hands at an increasingly faster pace.

The Under Secretary of Defense for Intelligence and Security (OUSD(I&amp;S)) sponsored a Capabilities Based Assessment that resulted in an Initial Capability Document (ICD) and Joint Requirements Oversight Council Memorandum ICD for the DCGS Enterprise. These form the foundational evaluation framework for the DIE.</r2:ProgramElementMissionDescription>
        <r2:ChangeSummary>
            <r2:PreviousPresidentBudget>
                <r2:PriorYear>3.069</r2:PriorYear>
                <r2:CurrentYear>2.988</r2:CurrentYear>
                <r2:BudgetYearOne>2.977</r2:BudgetYearOne>
                <r2:BudgetYearOneBase>2.977</r2:BudgetYearOneBase>
            </r2:PreviousPresidentBudget>
            <r2:CurrentPresidentBudget>
                <r2:PriorYear>3.069</r2:PriorYear>
                <r2:CurrentYear>2.988</r2:CurrentYear>
                <r2:BudgetYearOne>2.887</r2:BudgetYearOne>
                <r2:BudgetYearOneBase>2.887</r2:BudgetYearOneBase>
            </r2:CurrentPresidentBudget>
            <r2:TotalAdjustments>
                <r2:PriorYear>0.000</r2:PriorYear>
                <r2:CurrentYear>0.000</r2:CurrentYear>
                <r2:BudgetYearOne>-0.090</r2:BudgetYearOne>
                <r2:BudgetYearOneBase>-0.090</r2:BudgetYearOneBase>
            </r2:TotalAdjustments>
            <r2:AdjustmentDetails>
                <r2:OtherAdjustmentDetailList>
                    <r2:OtherAdjustmentDetail>
                        <r2:Title>Adjustment</r2:Title>
                        <r2:Funding>
                            <r2:BudgetYearOne>-0.090</r2:BudgetYearOne>
                            <r2:BudgetYearOneBase>-0.090</r2:BudgetYearOneBase>
                        </r2:Funding>
                    </r2:OtherAdjustmentDetail>
                </r2:OtherAdjustmentDetailList>
            </r2:AdjustmentDetails>
            <r2:SummaryExplanation>The decrease within the FY 2026 profile is due to realignment of critical requirements to support enterprise level IT capabilities and services in support of the warfighter.</r2:SummaryExplanation>
        </r2:ChangeSummary>
        <r2:ProjectList>
            <r2:Project>
                <r2:ProjectNumber>NF1</r2:ProjectNumber>
                <r2:ProjectTitle>Distributed Common Ground/Surface Systems</r2:ProjectTitle>
                <r2:SpecialProject>0</r2:SpecialProject>
                <r2:ProjectFunding>
                    <r2:AllPriorYears>9.257</r2:AllPriorYears>
                    <r2:PriorYear>3.069</r2:PriorYear>
                    <r2:CurrentYear>2.988</r2:CurrentYear>
                    <r2:BudgetYearOne>2.887</r2:BudgetYearOne>
                    <r2:BudgetYearOneBase>2.887</r2:BudgetYearOneBase>
                </r2:ProjectFunding>
                <r2:R2aExhibit>
                    <r2:ProjectMissionDescription>JITC coordinates with Military Services and Combat Support Agencies (CSA) to conduct DCGS Family of Systems (FoS) and follow-on capabilities testing and analysis, including event coordination, configuration, and instrumentation through the operation of the Enterprise Integration and Test Capability (EITC) and the Test and Evaluation Focus Team (TEFT). The TEFT predominantly executes three functions:

• The EITC Focus Function (Lab), which provides and sustains DIE T&amp;E requirements analysis to advance instrumentation and automation of metrics collection.
• The Strategy Focus Function, which evaluates DIE T&amp;E methods and capabilities to meet modern software acquisition practices development, integration, and continuous delivery of capabilities.
• The Execution Focus Function, which supports DIE demonstration events, such as ENTERPRISE STORMFORCE (aka Enterprise Challenge, STORMFORCE), which is the DIE demonstration series to promote joint interoperability and integration between the Military Services, Defense Intelligence Agencies, Five Eye (FVEY) Allies and select Coalition Partners. 
  
Additionally, the TEFT:
•  Advocates, coordinates, and synchronizes with Military Services and CSAs for the use of existing DoD test facilities, such as the Test Resource Management Center (TRMC), to advance common science, technology, modeling, and simulation that improve DIE test capabilities, capacity, and integration.   
•  Supports data collection activities on secret, top-secret, and Coalition and Partner networks to characterize the state of DIE capabilities.
•  Teams with JITC DCGS FoS, ISR Platforms, and Command and Control (C2) interoperability testers to advance integrated data collection for DIE capabilities.
•  Supports DIE-wide acquisitions to advance digital transformation objectives and integrate with Combined Joint All-Domain Command and Control (CJADC2) initiatives.
•  Supports ENTERPRISE STORMFORCE T&amp;E. These efforts help close Joint capability gaps, promote enterprise interoperability, and enable DCGS and like capabilities integration. This enables improved data sharing between DIE components. 
•  Supports demonstrations and evaluation of capabilities relying on the Defense Intelligence Agency’s data broker (known as the Common Data Fabric, or CDF). The CDF is an enterprise modernization initiative to enable automated machine-to-machine transactions in accordance with data sharing policies to increase the speed of delivery via one-to-many sharing agreements.</r2:ProjectMissionDescription>
                    <r2:AccomplishmentPlannedProgramList>
                        <r2:AccomplishmentPlannedProgram>
                            <r2:Title>Distributed Common Ground/Surface Systems (DCGS)</r2:Title>
                            <r2:Description>The TEFT develops testing, evaluation, assessment concepts, and execution of data collection methods to determine compliance with emergent DIE attributes and applicable interoperability standards. The TEFT supports ENTERPRISE STORMFORCE T&amp;E planning, execution, and data collection to assess the effectiveness of technology demonstrations for initiatives selected by senior intelligence leaders in support of Combatant Command (CCMD) intelligence and BA priorities. Demonstrations occur as follows:
• Signals Intelligence (SIGINT) event during a yearly, 4-week demonstration known as STORMFORCE.
• Geo-Intelligence (GEOINT) events, known as Enterprise Challenge, in varying venues as coordinated with innovation leads.
• Technical collection efforts to support specific technologies, such as the CDF or the legacy DCGS enterprise integration 
   architecture, to ensure interoperable warfighting capabilities during technological transition.</r2:Description>
                            <r2:Accomplishment>
                                <r2:PriorYear>
                                    <r2:Funding>3.069</r2:Funding>
                                    <r2:Text>• Improve fidelity of evaluation frameworks and maturity models used to support OUSD(I&amp;S) business analytics objectives.
• Assess progress against Project Herald (aka Defense Intelligence Digital Transformation Campaign Plan) objectives and 
  ISR Architecture Convergence Study recommendations roadmap and activities.
• Improve automated reporting of T&amp;E outcomes to support continuous stakeholder oversight of DIE modernization efforts 
  and yearly ENTERPRISE STORM innovation events.
• Work with the Joint Staff, Intelligence Force Modernization Capabilities and Integration Division, to advance their 
   assessment of Combatant Command Intelligence focus areas. 
• Augment T&amp;E capacity with ISR models, simulations, or synthetic data to improve operational realism or stimulate tasking, 
  collection, processing, analysis, exploitation, and reporting of ISR at scale.
• Gain access to TRMCs Secret Defense Research and Engineering Network to expand access to T&amp;E tools and 
   collaboration over the Joint Mission Environment Test Capability (JMETC) Secret Network (JSN).  
• Gain access to the United States Battlefield Information Collection &amp; Exploitation Systems (US BICES) to support T&amp;E of 
   automated Cross Domain Exchanges with the CDF as well as Partner Nation interoperability evaluations.
• Explore the use of tactical data link T&amp;E tools to develop test concepts and characterization of Joint Interface Control 
   Document (JICD 4.2) for geolocating Electronics Intelligence
• Incorporate Fort Huachuca Multi-Domain Operations Range connectivity to integrate Special Operations Command ISR- 
  centric demonstrations, and Intelligence and Electromagnetic Warfare modernization initiatives for deep sensing and joint, 
  multinational integration via the local VANGUARD and CONVERGENCE series of intelligence and C2 experimentation.</r2:Text>
                                </r2:PriorYear>
                            </r2:Accomplishment>
                            <r2:PlannedProgram>
                                <r2:CurrentYear>
                                    <r2:Funding>2.988</r2:Funding>
                                    <r2:Text>• Gain access to the Intelligence Community Commercial Cloud Enterprise to explore the integration of operationally 
   relevant data within test, demonstration, and experimentation environments.
•  Gain access to Development, Security, Operations (DevSecOps) pipelines or as-a-service environments to collect MIP 
    software development metrics and populate enterprise maturity models and emergent DIE evaluation frameworks. 
•  Develop T&amp;E tools that reside on DevSecOps pipelines to enable direct data collection and advance continuous 
    interoperability assessment concepts, to include the exploration of Artificial Intelligence-powered analysis tools.
•  Team with Military Service or Agency MIP development efforts to advance metrics collection, use, and provide operational 
    mission context, as required for OUSD(I&amp;S) Executive-level portfolio oversight.  
• Explore the development of mechanisms to enable T&amp;E information aggregation, visibility, and feedback to effect MIP 
   portfolio-centric management and processes that adapt to or mimic equally agile acquisition methods.
• Gain access to the JMETC Multiple Independent Levels of Security Network (JMN) to advance Live-Virtual-Constructive 
   integration of intelligence capabilities experimentation and innovation at the Top-Secret level.  
• Converge intelligence T&amp;E efforts within JITC ISR Platforms and Command and Control interoperability certifiers to 
   advance integrated data collection for legacy and new systems within the span of DIE and formal MIP capabilities.</r2:Text>
                                </r2:CurrentYear>
                                <r2:BudgetYearOne>
                                    <r2:Funding>2.887</r2:Funding>
                                </r2:BudgetYearOne>
                                <r2:BudgetYearOneBase>
                                    <r2:Funding>2.887</r2:Funding>
                                    <r2:Text>In addition to continuing the FY 2025 efforts and yearly OUSD(I&amp;S) technology demonstration cycle, the TEFT will:
• Develop an enterprise “view" composed of intelligence-data interfaces for capabilities with joint interoperability certification requirements and programs under Director, Operational Test and Evaluation oversight. 
• Synchronize T&amp;E methods, execution, and reporting of intelligence data with other operational capabilities and CJADC2 concepts. 
• Participate in CJADC2 experimentation and other Joint/Service/Agency events advancing intelligence data integration into Artificial Intelligence/Machine Learning workflows designed to expedite warfighting outcomes.
• Incorporate programs within the Intelligence Community Capability Requirements process, with joint interfaces into the enterprise view. 
• Evaluate developing Intelligence technologies and capabilities that can effectively transition to operational use within 6-12  months.
 • Evaluate emergent capabilities advancing intelligence focused Partner Nation integration within the TEFT.</r2:Text>
                                </r2:BudgetYearOneBase>
                                <r2:AppChangeSummary>The decrease of -$0.101  from FY 2025 to FY 2026 is due to realignment of critical requirements to support enterprise-level capabilities and services in support of the warfighter.</r2:AppChangeSummary>
                            </r2:PlannedProgram>
                        </r2:AccomplishmentPlannedProgram>
                    </r2:AccomplishmentPlannedProgramList>
                    <r2:AcquisitionStrategy>Test, Evaluation, and Certification (TECII) indefinite delivery/indefinite quantity contract provides T&amp;E support by performing a wide range of non-personal services to encompass testing, scientific, engineering, administrative, and ancillary support of the DISA T&amp;E missions. The TECII contract provides for expansion and contraction of staff years as workload dictates.</r2:AcquisitionStrategy>
                </r2:R2aExhibit>
            </r2:Project>
        </r2:ProjectList>
    </r2:ProgramElement>
</r2:ProgramElementList>