<?xml version="1.0" encoding="UTF-8"?>
<r2:ProgramElementList xmlns:r2="http://www.dtic.mil/comptroller/xml/schema/022009/r2" targetSchemaVersion="1.0">
    <r2:ProgramElement monetaryUnit="Millions">
        <r2:ProgramElementNumber>0303126K</r2:ProgramElementNumber>
        <r2:ProgramElementTitle>Long-Haul Communications - DCS</r2:ProgramElementTitle>
        <r2:R1LineNumber>237</r2:R1LineNumber>
        <r2:BudgetYear>2026</r2:BudgetYear>
        <r2:BudgetCycle>PB</r2:BudgetCycle>
        <r2:SubmissionDate>2025-06</r2:SubmissionDate>
        <r2:ServiceAgencyName>Defense Information Systems Agency</r2:ServiceAgencyName>
        <r2:AppropriationCode>0400</r2:AppropriationCode>
        <r2:AppropriationName>Research, Development, Test &amp; Evaluation, Defense-Wide</r2:AppropriationName>
        <r2:BudgetActivityNumber>7</r2:BudgetActivityNumber>
        <r2:BudgetActivityTitle>Operational Systems Development</r2:BudgetActivityTitle>
        <r2:ProgramElementFunding>
            <r2:AllPriorYears>245.710</r2:AllPriorYears>
            <r2:PriorYear>36.222</r2:PriorYear>
            <r2:CurrentYear>51.214</r2:CurrentYear>
            <r2:BudgetYearOne>40.293</r2:BudgetYearOne>
            <r2:BudgetYearOneBase>40.293</r2:BudgetYearOneBase>
        </r2:ProgramElementFunding>
        <r2:ProgramElementMissionDescription>The Defense Information Systems Network (DISN) is the Department of Defense's (DoD's) consolidated worldwide telecommunications infrastructure that provides end- to-end information transport for DoD operations to the warfighters and the Combatant Commanders via a robust Command, Control, Communications, Computers and Intelligence information long-haul transport infrastructure. The DISN, seamlessly spanning the full spectrum from terrestrial to space and strategic to tactical domains, provides the interoperable telecommunications connectivity required to plan, implement, and support all operational missions, anytime.  DISN services reach the edge of the communications network; the warfighter can access them worldwide.  Continual enhancement of the DISN is needed to provide optimal network resources to the warfighter. 

The Defense Red Switch Network (DRSN) is a global, secure voice service providing the President, the Secretary of Defense, the Joint Chiefs of Staff, the Combatant Commands (COCOMs) and selected agencies with Nuclear Command, Control, and Communications (NC3) secure voice and video conferencing capabilities and higher classification levels. The DRSN consists of Military Department and Agency-owned secure voice switches connected by a DISA provided transport backbone.

The RDT&amp;E funding supports the following efforts: 

DISN Networking - Tech Refresh (TR) (formally known as Next Generation Networking Technologies): Provides engineering technical expertise to update the global network with the latest technologies. 

DRSN Peripheral and Component Re-Design and MLSV2: Supports Peripheral and Component Re-Design to continue interoperability between DRSN and its operators.  This capability is not commercially available and satisfies unique military requirements for multi-level secure voice services and conferencing capabilities.  

Additionally, RDT&amp;E funding supports the development, testing, and fielding of a prototype of the modern Multi-Level Secure Voice and Video (MLSV2) conference capability.  The MLSV2 prototype effort will modernize voice, video and chat conferencing capability providing a flexible and interoperable capability through standardization of protocols and interfaces as well as orchestration between hardware (HW) and software (SW). The MLSV2 initiative will show  future possibilities for classified conferencing at three classification levels with the same system.  

DoD Mobility: The virtual/zero desktop infrastructure and zero-sign on experience will enable the warfighter to access mobile device applications by entering credentials once.  The warfighter will then be automatically verified as he or she accesses additional applications.  Additionally, it supports the continued evolution and expansion of Unified Endpoint Management (UEM) Capabilities for unclassified mobility within the Department.  The Unified Endpoint Management Capabilities are a class of software tools that provide a single management interface for mobile devices, enhancing user experience for the warfighter and COCOMs.  The Mobility program is also expanding research on Derived Credential capabilities, which allows for the automation of the operations, administration, maintenance, and provisioning functions of unclassified and classified mobile endpoints.</r2:ProgramElementMissionDescription>
        <r2:ChangeSummary>
            <r2:PreviousPresidentBudget>
                <r2:PriorYear>37.726</r2:PriorYear>
                <r2:CurrentYear>51.214</r2:CurrentYear>
                <r2:BudgetYearOne>40.508</r2:BudgetYearOne>
                <r2:BudgetYearOneBase>40.508</r2:BudgetYearOneBase>
            </r2:PreviousPresidentBudget>
            <r2:CurrentPresidentBudget>
                <r2:PriorYear>36.222</r2:PriorYear>
                <r2:CurrentYear>51.214</r2:CurrentYear>
                <r2:BudgetYearOne>40.293</r2:BudgetYearOne>
                <r2:BudgetYearOneBase>40.293</r2:BudgetYearOneBase>
            </r2:CurrentPresidentBudget>
            <r2:TotalAdjustments>
                <r2:PriorYear>-1.504</r2:PriorYear>
                <r2:CurrentYear>0.000</r2:CurrentYear>
                <r2:BudgetYearOne>-0.215</r2:BudgetYearOne>
                <r2:BudgetYearOneBase>-0.215</r2:BudgetYearOneBase>
            </r2:TotalAdjustments>
            <r2:AdjustmentDetails>
                <r2:OtherAdjustmentDetailList>
                    <r2:OtherAdjustmentDetail>
                        <r2:Title>Adjustment</r2:Title>
                        <r2:Funding>
                            <r2:PriorYear>-1.504</r2:PriorYear>
                            <r2:BudgetYearOne>-0.215</r2:BudgetYearOne>
                            <r2:BudgetYearOneBase>-0.215</r2:BudgetYearOneBase>
                        </r2:Funding>
                    </r2:OtherAdjustmentDetail>
                </r2:OtherAdjustmentDetailList>
            </r2:AdjustmentDetails>
            <r2:SummaryExplanation>The FY 2024 decrease of $-1.504 is due to the Small Business Innovative Research (SBIR)/ and Small Business Technology Transfer (STTR). 
The decrease within the FY 2026 profile is due to the completion of the DMUC mobility UEM solution.  DISA will complete a UEM solution and migrate legacy DMUC to the UEM solution.</r2:SummaryExplanation>
        </r2:ChangeSummary>
        <r2:ProjectList>
            <r2:Project>
                <r2:ProjectNumber>T82</r2:ProjectNumber>
                <r2:ProjectTitle>DISN Systems Engineering Support</r2:ProjectTitle>
                <r2:SpecialProject>0</r2:SpecialProject>
                <r2:ProjectFunding>
                    <r2:AllPriorYears>245.710</r2:AllPriorYears>
                    <r2:PriorYear>36.222</r2:PriorYear>
                    <r2:CurrentYear>51.214</r2:CurrentYear>
                    <r2:BudgetYearOne>40.293</r2:BudgetYearOne>
                    <r2:BudgetYearOneBase>40.293</r2:BudgetYearOneBase>
                </r2:ProjectFunding>
                <r2:R2aExhibit>
                    <r2:ProjectMissionDescription>The Defense Information Systems Network (DISN) RDT&amp;E Funding supports the following:

DISN Networking: TR (formally known as Next Generation Networking Technologies): Provides engineering technical expertise to update the global network with the latest technologies. These new technologies provide protected and assured services for critical global, all theater support to the warfighter as well as other DoD and federal customers that consume services from the Defense Information Systems Network (DISN). Specific technical focus is on assured, dynamic global communications networks that can operate under various adversarial threat and risk conditions. Other RDT&amp;E investments are made in ensuring operational and network operating systems that instrument and automate the operations, administration, maintenance, and provisioning functions creating a single DISN-wide view for network managers and operators.

DRSN: Supports Peripheral and Component Re-Design between DRSN and its operators. The efforts within this program satisfy unique military requirements for multi-level secure voice services and conferencing capabilities in support of the Defense Red Switch Network (DRSN), a critical component of the National Military Command System (NMCS). Commercial equipment is not certified by the NSA to perform necessary encryption requirements of DRSN and Secure Voice Conferencing.
Additionally, RDT&amp;E funding supports the development, testing, and fielding of a prototype of the modern Multi-Level Secure Voice and Video (MLSV2) conference capability. The MLSV2 effort will provide a modern, flexible, and interoperable voice, video, and chat conferencing capability through standard protocols, interfaces, and hardware (HW) and software (SW) orchestration.  MLSV2 will permit conferencing at three classification levels with one system.  

DoD Mobility: Mobility is leading the research, development, and deployment of Enterprise Controlled Unclassified Information (CUI) and classified mobile technologies. The goal of this effort is to increase information sharing and use of secure mobile devices across the global DoD. The continued evolution and expansion of mobility capabilities will revolutionize the way Combatant Commands, Services, and Agencies work by enabling on-demand access to services and information anytime, anywhere.</r2:ProjectMissionDescription>
                    <r2:AccomplishmentPlannedProgramList>
                        <r2:AccomplishmentPlannedProgram>
                            <r2:Title>DISN Networking - TR (formally known as Next Generation Networking Technologies)</r2:Title>
                            <r2:Description>DISN Networking - TR (formally known as Next Generation Networking Technologies): Provides technical engineering expertise to develop, design and implement solutions to ensure technical superiority and mission readiness of the DISN, leverage software-based control to rapidly enable network automation, develop critical technologies needed for programmable global network backbone at speeds in excess of 400/800 gigabits per second (gbps).</r2:Description>
                            <r2:Accomplishment>
                                <r2:PriorYear>
                                    <r2:Funding>5.752</r2:Funding>
                                    <r2:Text>• Continue technical evolution of global backbone, supporting development and deployment of several prototype efforts and next generation of capabilities in theater. 
• Provide classified support to DISN global core infrastructure evolution program enabling rapid deployment of services and capabilities.</r2:Text>
                                </r2:PriorYear>
                            </r2:Accomplishment>
                            <r2:PlannedProgram>
                                <r2:CurrentYear>
                                    <r2:Funding>5.395</r2:Funding>
                                    <r2:Text>• Technical evolution of global backbone, supporting development and deployment of several prototype efforts and next generation of capabilities in theater.
• Will conduct technology experimentation in novel transport medium and development of classified countermeasure capabilities to further enhance and modernize the overall DISN/DoD global communications backbone to include support to classified areas.</r2:Text>
                                </r2:CurrentYear>
                                <r2:BudgetYearOne>
                                    <r2:Funding>4.764</r2:Funding>
                                </r2:BudgetYearOne>
                                <r2:BudgetYearOneBase>
                                    <r2:Funding>4.764</r2:Funding>
                                    <r2:Text>• Continue technical evolution of global backbone, supporting development and deployment of several prototype efforts and next generation of capabilities in theater. 
•  Develop software solutions to support lab automation and research on network data science, high speed network telemetry and next generation backbone.</r2:Text>
                                </r2:BudgetYearOneBase>
                                <r2:AppChangeSummary>The decrease of -$0.631 from FY 2025 to FY 2026 is due to a reduction in contractor support for engineering, development, and cyber security efforts related to Optical Next Generation Technologies.</r2:AppChangeSummary>
                            </r2:PlannedProgram>
                        </r2:AccomplishmentPlannedProgram>
                        <r2:AccomplishmentPlannedProgram>
                            <r2:Title>DRSN Peripheral and Component Re-Design and MLSV2</r2:Title>
                            <r2:Description>DRSN: Supports Peripheral and Component Re-Design between DRSN and its operators.  The effort satisfies unique military requirements for multi-level secure voice services and conferencing capabilities in support of the Defense Red Switch Network, a critical component of the National Military Command System (NMCS). Commercial equipment is not certified by the NSA to perform necessary encryption requirements of DRSN and Secure Voice Conferencing.
Additionally, RDT&amp;E funding supports the development, testing, and fielding of a prototype of the modern Multi-Level Secure Voice and Video (MLSV2) conference capability, which will address the future of the DRSN, whether to modernize or replace it.  The MLSV2 effort will provide the modern, flexible, and interoperable voice, video, and chat conferencing capability for both the tactical and strategic communities, through stands protocols, interfaces, and hardware (HW) and software (SW) orchestration. It permits three levels of classified conferencing in one system.</r2:Description>
                            <r2:Accomplishment>
                                <r2:PriorYear>
                                    <r2:Funding>25.817</r2:Funding>
                                    <r2:Text>• Continue system component replacement - additionally, develop and build out prototype for Multi-Level Secure Voice and Video (MSLV2).
• Develop and integrate prototype and conduct limited demonstration of the MLVSV2 capability</r2:Text>
                                </r2:PriorYear>
                            </r2:Accomplishment>
                            <r2:PlannedProgram>
                                <r2:CurrentYear>
                                    <r2:Funding>41.750</r2:Funding>
                                    <r2:Text>• Build the MLSV2 multi-level prototype: Develop, test and field two levels with three node multilevel secure (MLS) conference control, MLS adjudicated conferencing demonstrating multiple simulated security domains using a Conference Operator. The prototype will be a true representation of the capability and be used when deployed operationally. 
• Test within lab environment with various classified systems. 
• Bring MLSV2 to a limited production capability (Note: Due to funding delays, MLSV2 will now achieve IOC in FY 2026).
• Replace DRSN Channel Encryption Unit (CEU). 
• Conduct ECTOCRYP Black Development.</r2:Text>
                                </r2:CurrentYear>
                                <r2:BudgetYearOne>
                                    <r2:Funding>31.678</r2:Funding>
                                </r2:BudgetYearOne>
                                <r2:BudgetYearOneBase>
                                    <r2:Funding>31.678</r2:Funding>
                                    <r2:Text>• Complete integration of the MLSV2 prototype. MLSV2 must be available at nine nodes with three classification levels. DISA will integrate the MLSV2 prototype with existing communications networks in three environments. 
• Develop security operations functions to protect MLSV2. DISA will manage the security of the prototype in three environments and must invest in the appropriate security. 
• Create the capacity to provide Tier I, II, and II support for MLSV2 users. 
• Achieve MLSV2 Initial Operating Capability in FY 2026 Q4. DISA will deploy the MLSV2 prototype in three Operational Environments as needed for our partners. 
• Test three classification levels with three operational nodes. 
• Implement and maintain the DRSN Channel Encryption Unit (CEU) replacement. 
• Implement and maintain the ECTOCRYP Black Development.</r2:Text>
                                </r2:BudgetYearOneBase>
                                <r2:AppChangeSummary>The decrease  of -$10.072 from FY 2025 to FY 2026 is due to fewer development requirements for MLSV2 as the FY 2025 funds provided a significant boost to develop the prototype.</r2:AppChangeSummary>
                            </r2:PlannedProgram>
                        </r2:AccomplishmentPlannedProgram>
                        <r2:AccomplishmentPlannedProgram>
                            <r2:Title>Mobility</r2:Title>
                            <r2:Description>Mobility is leading the research, development, and deployment of Enterprise CUI and classified mobile technologies. These technologies include a virtual/zero desktop infrastructure, Unified Endpoint Management capabilities, derived credentials, and the Windows Data-At-Rest for Secret (WINDAR-S) capability. The goal of this effort is to increase information sharing and use of secure mobile devices across the global DoD. The continued evolution and expansion of mobility capabilities will revolutionize the way Combatant Commands, Services, and Agencies work by enabling on-demand access to services and information anytime, anywhere.</r2:Description>
                            <r2:Accomplishment>
                                <r2:PriorYear>
                                    <r2:Funding>4.653</r2:Funding>
                                    <r2:Text>Key FY 2024 efforts include:
• Expanding the operational use of derived credentials via a prototype to evaluate authentication to DoD unclassified and 
classified networks and resources through common standards, shared services, and federation. Operationalized derived 
credentials on mobile devices will enable the automation of account provisioning based on a user’s defined attributes, 
provide secure access to DoD systems, and enhanced security of DoD credentials. 
• Continuing operational testing and evaluation associated with the migration from the legacy DoD Mobility Unclassified 
Capability (DMUC) capability to the cloud-based Unified Endpoint Management (UEM) solution to promote visibility across 
all unclassified endpoints. Deploying a singled UEM capability for unclassified management and security will offer 
increased efficiencies and reduce operational complexities. 
• Prototyping a virtual/zero desktop infrastructure and applications on mobile devices using laptops, tablets, or smartphones 
to evaluate increase security, lightweight operating system, and centralized operational administration. A zero and thin 
client capability would help prevent evasive and unidentified malware, zero-day vulnerabilities, and browser-based attacks 
across various DoD environments.</r2:Text>
                                </r2:PriorYear>
                            </r2:Accomplishment>
                            <r2:PlannedProgram>
                                <r2:CurrentYear>
                                    <r2:Funding>4.069</r2:Funding>
                                    <r2:Text>• Operational testing and evaluation associated with the migration from the legacy DoD Mobility Unclassified Capability (DMUC) capability to the cloud-based Unified Endpoint Management (UEM) solution to promote visibility across all classified endpoints.  
• Completing DMUC migration to UEM.
• Deploying a single UEM capability for classified management and security will offer increased efficiencies and reduce operational complexities.
• Testing and evaluating a remote management capability for the Defense Mobility Classified Capability – Secret (DMCC-S) Gray Network to allow control of operational components and greater interoperability and flexibility for DMCC-S network management.</r2:Text>
                                </r2:CurrentYear>
                                <r2:BudgetYearOne>
                                    <r2:Funding>3.851</r2:Funding>
                                </r2:BudgetYearOne>
                                <r2:BudgetYearOneBase>
                                    <r2:Funding>3.851</r2:Funding>
                                    <r2:Text>• Assessing potential next-generation UEM solutions for mobile, expansion of the virtual desk capability and evaluating tools to address increased cybersecurity requirements for application-vetting.
• Testing, validating, and deploying UEM capability for classified mobile management.
• Investigating enhancements to the Commercial Solutions for Classified (CSfC) that will include adding layered security Architecture, upgrading the existing capability to comply with security standards and protocols set by the NSA, and providing rapid deployment for secured communications using commercially available products to allow a more secured and cost- effective solution.</r2:Text>
                                </r2:BudgetYearOneBase>
                                <r2:AppChangeSummary>The decrease of -$0.218 from FY 2025 to FY 2026 represents completion of DMUC migration to UEM solution.</r2:AppChangeSummary>
                            </r2:PlannedProgram>
                        </r2:AccomplishmentPlannedProgram>
                    </r2:AccomplishmentPlannedProgramList>
                    <r2:OtherProgramFundingSummaryList>
                        <r2:OtherProgramFundingSummary>
                            <r2:LineItem>O&amp;M/PE0303126K</r2:LineItem>
                            <r2:Title>Operation &amp; Maintenance, Defense-Wide</r2:Title>
                            <r2:Funding>
                                <r2:PriorYear>303.819</r2:PriorYear>
                                <r2:CurrentYear>317.732</r2:CurrentYear>
                                <r2:BudgetYearOne>486.143</r2:BudgetYearOne>
                                <r2:BudgetYearOneBase>486.143</r2:BudgetYearOneBase>
                            </r2:Funding>
                        </r2:OtherProgramFundingSummary>
                        <r2:OtherProgramFundingSummary>
                            <r2:LineItem>Procurement/PE0303126K</r2:LineItem>
                            <r2:Title>Procurement, Defense-Wide</r2:Title>
                            <r2:Funding>
                                <r2:PriorYear>44.172</r2:PriorYear>
                                <r2:CurrentYear>68.786</r2:CurrentYear>
                                <r2:BudgetYearOne>252.370</r2:BudgetYearOne>
                                <r2:BudgetYearOneBase>252.370</r2:BudgetYearOneBase>
                            </r2:Funding>
                        </r2:OtherProgramFundingSummary>
                    </r2:OtherProgramFundingSummaryList>
                    <r2:AcquisitionStrategy>DISN Networking - TR (formally known as Next Generation Networking Technologies) will use Federally Funded Research and Development Centers (FFRDC) and Systems Engineering and Technical Assistance (SETA) type entities to assist with cutting edge technology exploration, development, documentation and limited operational field deployment of prototype and next generation capabilities into the DISN.

DRSN: MITRE and  Program contract labor funded via existing inter agency agreements.</r2:AcquisitionStrategy>
                </r2:R2aExhibit>
                <r2:R3Exhibit>
                    <r2:CostCategoryGroupList>
                        <r2:CostCategoryGroup>
                            <r2:Name>Product Development</r2:Name>
                            <r2:CostCategoryItemList>
                                <r2:CostCategoryItem>
                                    <r2:Name>Systems Engineering for DSRN Components &amp; Peripherals</r2:Name>
                                    <r2:FundingVehicle>Various</r2:FundingVehicle>
                                    <r2:PerformingActivity>Raytheon</r2:PerformingActivity>
                                    <r2:PerformingActivityLocation>Florida</r2:PerformingActivityLocation>
                                    <r2:Cost>
                                        <r2:TotalPreviousYears>21.910</r2:TotalPreviousYears>
                                        <r2:PriorYear>
                                            <r2:Amount>1.729</r2:Amount>
                                            <r2:AwardDate>2024-03</r2:AwardDate>
                                        </r2:PriorYear>
                                        <r2:CurrentYear>
                                            <r2:Amount>1.673</r2:Amount>
                                            <r2:AwardDate>2025-03</r2:AwardDate>
                                        </r2:CurrentYear>
                                        <r2:BudgetYearOne>
                                            <r2:Amount>1.678</r2:Amount>
                                        </r2:BudgetYearOne>
                                        <r2:BudgetYearOneBase>
                                            <r2:Amount>1.678</r2:Amount>
                                            <r2:AwardDate>2026-03</r2:AwardDate>
                                        </r2:BudgetYearOneBase>
                                    </r2:Cost>
                                </r2:CostCategoryItem>
                                <r2:CostCategoryItem>
                                    <r2:Name>Systems Engineering for IP Enabling DSS-2A Secure Voice Switch</r2:Name>
                                    <r2:ContractMethod>C</r2:ContractMethod>
                                    <r2:ContractType>T&amp;M</r2:ContractType>
                                    <r2:PerformingActivity>Raytheon</r2:PerformingActivity>
                                    <r2:PerformingActivityLocation>Florida</r2:PerformingActivityLocation>
                                    <r2:Cost>
                                        <r2:TotalPreviousYears>21.440</r2:TotalPreviousYears>
                                    </r2:Cost>
                                </r2:CostCategoryItem>
                                <r2:CostCategoryItem>
                                    <r2:Name>Engineering &amp;Technical Services for Information Sharing Services for Voice</r2:Name>
                                    <r2:ContractMethod>C</r2:ContractMethod>
                                    <r2:ContractType>T&amp;M</r2:ContractType>
                                    <r2:PerformingActivity>SAIC</r2:PerformingActivity>
                                    <r2:PerformingActivityLocation>VA</r2:PerformingActivityLocation>
                                    <r2:Cost>
                                        <r2:TotalPreviousYears>2.774</r2:TotalPreviousYears>
                                    </r2:Cost>
                                </r2:CostCategoryItem>
                                <r2:CostCategoryItem>
                                    <r2:Name>Engineering &amp; Technical Services for Network Mgmt Solutions for New DISN Element Technologies</r2:Name>
                                    <r2:ContractMethod>C</r2:ContractMethod>
                                    <r2:ContractType>T&amp;M</r2:ContractType>
                                    <r2:PerformingActivity>Various</r2:PerformingActivity>
                                    <r2:PerformingActivityLocation>VA</r2:PerformingActivityLocation>
                                    <r2:Cost>
                                        <r2:TotalPreviousYears>2.026</r2:TotalPreviousYears>
                                    </r2:Cost>
                                </r2:CostCategoryItem>
                                <r2:CostCategoryItem>
                                    <r2:Name>Single Sign On</r2:Name>
                                    <r2:ContractMethod>C</r2:ContractMethod>
                                    <r2:ContractType>T&amp;M</r2:ContractType>
                                    <r2:PerformingActivity>SAIC</r2:PerformingActivity>
                                    <r2:PerformingActivityLocation>Various</r2:PerformingActivityLocation>
                                    <r2:Cost>
                                        <r2:TotalPreviousYears>1.397</r2:TotalPreviousYears>
                                    </r2:Cost>
                                </r2:CostCategoryItem>
                                <r2:CostCategoryItem>
                                    <r2:Name>System Engineering for VoSIP</r2:Name>
                                    <r2:ContractMethod>C</r2:ContractMethod>
                                    <r2:ContractType>T&amp;M</r2:ContractType>
                                    <r2:PerformingActivity>Various</r2:PerformingActivity>
                                    <r2:PerformingActivityLocation>Various</r2:PerformingActivityLocation>
                                    <r2:Cost>
                                        <r2:TotalPreviousYears>1.218</r2:TotalPreviousYears>
                                    </r2:Cost>
                                </r2:CostCategoryItem>
                                <r2:CostCategoryItem>
                                    <r2:Name>Space Vehicle Upload</r2:Name>
                                    <r2:ContractMethod>SS</r2:ContractMethod>
                                    <r2:ContractType>CPFF</r2:ContractType>
                                    <r2:PerformingActivity>Iridium</r2:PerformingActivity>
                                    <r2:PerformingActivityLocation>McLean, VA</r2:PerformingActivityLocation>
                                    <r2:Cost>
                                        <r2:TotalPreviousYears>12.635</r2:TotalPreviousYears>
                                    </r2:Cost>
                                </r2:CostCategoryItem>
                                <r2:CostCategoryItem>
                                    <r2:Name>Gateway Improvement</r2:Name>
                                    <r2:ContractMethod>SS</r2:ContractMethod>
                                    <r2:ContractType>CPFF</r2:ContractType>
                                    <r2:PerformingActivity>Iridium</r2:PerformingActivity>
                                    <r2:PerformingActivityLocation>McLean, VA</r2:PerformingActivityLocation>
                                    <r2:Cost>
                                        <r2:TotalPreviousYears>13.565</r2:TotalPreviousYears>
                                    </r2:Cost>
                                </r2:CostCategoryItem>
                                <r2:CostCategoryItem>
                                    <r2:Name>Field Application Tool</r2:Name>
                                    <r2:FundingVehicle>MIPR</r2:FundingVehicle>
                                    <r2:PerformingActivity>NSWC</r2:PerformingActivity>
                                    <r2:PerformingActivityLocation>Dahlgren</r2:PerformingActivityLocation>
                                    <r2:Cost>
                                        <r2:TotalPreviousYears>6.635</r2:TotalPreviousYears>
                                    </r2:Cost>
                                </r2:CostCategoryItem>
                                <r2:CostCategoryItem>
                                    <r2:Name>DTCS Handset</r2:Name>
                                    <r2:ContractMethod>SS</r2:ContractMethod>
                                    <r2:ContractType>CPFF</r2:ContractType>
                                    <r2:PerformingActivity>Iridium</r2:PerformingActivity>
                                    <r2:PerformingActivityLocation>McLean, VA</r2:PerformingActivityLocation>
                                    <r2:Cost>
                                        <r2:TotalPreviousYears>5.850</r2:TotalPreviousYears>
                                    </r2:Cost>
                                </r2:CostCategoryItem>
                                <r2:CostCategoryItem>
                                    <r2:Name>Command and Control Handset</r2:Name>
                                    <r2:ContractMethod>SS</r2:ContractMethod>
                                    <r2:ContractType>CPFF</r2:ContractType>
                                    <r2:PerformingActivity>Iridium</r2:PerformingActivity>
                                    <r2:PerformingActivityLocation>McLean, VA</r2:PerformingActivityLocation>
                                    <r2:Cost>
                                        <r2:TotalPreviousYears>7.275</r2:TotalPreviousYears>
                                    </r2:Cost>
                                </r2:CostCategoryItem>
                                <r2:CostCategoryItem>
                                    <r2:Name>Alt. Supplier Development</r2:Name>
                                    <r2:FundingVehicle>MIPR</r2:FundingVehicle>
                                    <r2:PerformingActivity>NSWC</r2:PerformingActivity>
                                    <r2:PerformingActivityLocation>Dahlgren, VA</r2:PerformingActivityLocation>
                                    <r2:Cost>
                                        <r2:TotalPreviousYears>3.450</r2:TotalPreviousYears>
                                    </r2:Cost>
                                </r2:CostCategoryItem>
                                <r2:CostCategoryItem>
                                    <r2:Name>Radio Only Interface</r2:Name>
                                    <r2:FundingVehicle>MIPR</r2:FundingVehicle>
                                    <r2:PerformingActivity>NSWC</r2:PerformingActivity>
                                    <r2:PerformingActivityLocation>Dahlgren, VA</r2:PerformingActivityLocation>
                                    <r2:Cost>
                                        <r2:TotalPreviousYears>2.525</r2:TotalPreviousYears>
                                    </r2:Cost>
                                </r2:CostCategoryItem>
                                <r2:CostCategoryItem>
                                    <r2:Name>Remote Control Unit</r2:Name>
                                    <r2:ContractMethod>SS</r2:ContractMethod>
                                    <r2:ContractType>CPFF</r2:ContractType>
                                    <r2:PerformingActivity>Iridium</r2:PerformingActivity>
                                    <r2:PerformingActivityLocation>McLean, VA</r2:PerformingActivityLocation>
                                    <r2:Cost>
                                        <r2:TotalPreviousYears>2.100</r2:TotalPreviousYears>
                                    </r2:Cost>
                                </r2:CostCategoryItem>
                                <r2:CostCategoryItem>
                                    <r2:Name>Type 1 Security</r2:Name>
                                    <r2:ContractMethod>SS</r2:ContractMethod>
                                    <r2:ContractType>CPFF</r2:ContractType>
                                    <r2:PerformingActivity>Iridium</r2:PerformingActivity>
                                    <r2:PerformingActivityLocation>McLean, VA</r2:PerformingActivityLocation>
                                    <r2:Cost>
                                        <r2:TotalPreviousYears>6.455</r2:TotalPreviousYears>
                                    </r2:Cost>
                                </r2:CostCategoryItem>
                                <r2:CostCategoryItem>
                                    <r2:Name>Vehicle Integration</r2:Name>
                                    <r2:FundingVehicle>MIPR</r2:FundingVehicle>
                                    <r2:PerformingActivity>NSWC</r2:PerformingActivity>
                                    <r2:PerformingActivityLocation>Dahlgren, VA</r2:PerformingActivityLocation>
                                    <r2:Cost>
                                        <r2:TotalPreviousYears>3.185</r2:TotalPreviousYears>
                                    </r2:Cost>
                                </r2:CostCategoryItem>
                                <r2:CostCategoryItem>
                                    <r2:Name>Systems Engineering for IP and Optical Technology Refresh</r2:Name>
                                    <r2:FundingVehicle>Various</r2:FundingVehicle>
                                    <r2:PerformingActivity>DITCO</r2:PerformingActivity>
                                    <r2:PerformingActivityLocation>Various</r2:PerformingActivityLocation>
                                    <r2:Cost>
                                        <r2:TotalPreviousYears>8.717</r2:TotalPreviousYears>
                                    </r2:Cost>
                                </r2:CostCategoryItem>
                                <r2:CostCategoryItem>
                                    <r2:Name>Engineering &amp; Technical Services for Web Based Mediation</r2:Name>
                                    <r2:ContractMethod>C</r2:ContractMethod>
                                    <r2:ContractType>T&amp;M</r2:ContractType>
                                    <r2:PerformingActivity>Apptis</r2:PerformingActivity>
                                    <r2:PerformingActivityLocation>VA</r2:PerformingActivityLocation>
                                    <r2:Cost>
                                        <r2:TotalPreviousYears>1.168</r2:TotalPreviousYears>
                                    </r2:Cost>
                                </r2:CostCategoryItem>
                                <r2:CostCategoryItem>
                                    <r2:Name>System Engineering and Technical Services for ISOM</r2:Name>
                                    <r2:FundingVehicle>Various</r2:FundingVehicle>
                                    <r2:PerformingActivity>DITCO</r2:PerformingActivity>
                                    <r2:PerformingActivityLocation>Various</r2:PerformingActivityLocation>
                                    <r2:Cost>
                                        <r2:TotalPreviousYears>2.915</r2:TotalPreviousYears>
                                    </r2:Cost>
                                </r2:CostCategoryItem>
                                <r2:CostCategoryItem>
                                    <r2:Name>Serialized Asset Management - OSS</r2:Name>
                                    <r2:ContractMethod>C</r2:ContractMethod>
                                    <r2:ContractType>T&amp;M</r2:ContractType>
                                    <r2:PerformingActivity>SAIC</r2:PerformingActivity>
                                    <r2:PerformingActivityLocation>VA</r2:PerformingActivityLocation>
                                    <r2:Cost>
                                        <r2:TotalPreviousYears>0.822</r2:TotalPreviousYears>
                                    </r2:Cost>
                                </r2:CostCategoryItem>
                                <r2:CostCategoryItem>
                                    <r2:Name>Gateways - Mobility</r2:Name>
                                    <r2:ContractMethod>C</r2:ContractMethod>
                                    <r2:ContractType>FFP</r2:ContractType>
                                    <r2:PerformingActivity>Various</r2:PerformingActivity>
                                    <r2:PerformingActivityLocation>Various</r2:PerformingActivityLocation>
                                    <r2:Cost>
                                        <r2:TotalPreviousYears>7.107</r2:TotalPreviousYears>
                                    </r2:Cost>
                                </r2:CostCategoryItem>
                                <r2:CostCategoryItem>
                                    <r2:Name>Thin Client Solution - Mobility</r2:Name>
                                    <r2:ContractMethod>C</r2:ContractMethod>
                                    <r2:ContractType>Various</r2:ContractType>
                                    <r2:PerformingActivity>Various</r2:PerformingActivity>
                                    <r2:PerformingActivityLocation>Various (MDM)</r2:PerformingActivityLocation>
                                    <r2:Cost>
                                        <r2:TotalPreviousYears>2.154</r2:TotalPreviousYears>
                                    </r2:Cost>
                                </r2:CostCategoryItem>
                                <r2:CostCategoryItem>
                                    <r2:Name>New Field Communications</r2:Name>
                                    <r2:ContractMethod>C</r2:ContractMethod>
                                    <r2:ContractType>FFP</r2:ContractType>
                                    <r2:PerformingActivity>Various</r2:PerformingActivity>
                                    <r2:PerformingActivityLocation>Various</r2:PerformingActivityLocation>
                                    <r2:Cost>
                                        <r2:TotalPreviousYears>0.550</r2:TotalPreviousYears>
                                    </r2:Cost>
                                </r2:CostCategoryItem>
                                <r2:CostCategoryItem>
                                    <r2:Name>National Conference Management</r2:Name>
                                    <r2:FundingVehicle>MIPR</r2:FundingVehicle>
                                    <r2:PerformingActivity>USAF</r2:PerformingActivity>
                                    <r2:PerformingActivityLocation>Raytheon</r2:PerformingActivityLocation>
                                    <r2:Cost>
                                        <r2:TotalPreviousYears>4.514</r2:TotalPreviousYears>
                                    </r2:Cost>
                                </r2:CostCategoryItem>
                                <r2:CostCategoryItem>
                                    <r2:Name>IP Enable DRSN</r2:Name>
                                    <r2:FundingVehicle>MIPR</r2:FundingVehicle>
                                    <r2:PerformingActivity>USAF</r2:PerformingActivity>
                                    <r2:PerformingActivityLocation>Raytheon</r2:PerformingActivityLocation>
                                    <r2:Cost>
                                        <r2:TotalPreviousYears>2.272</r2:TotalPreviousYears>
                                    </r2:Cost>
                                </r2:CostCategoryItem>
                                <r2:CostCategoryItem>
                                    <r2:Name>HEMP Phone Development</r2:Name>
                                    <r2:FundingVehicle>MIPR</r2:FundingVehicle>
                                    <r2:PerformingActivity>USAF</r2:PerformingActivity>
                                    <r2:PerformingActivityLocation>Raytheon</r2:PerformingActivityLocation>
                                    <r2:Cost>
                                        <r2:TotalPreviousYears>0.869</r2:TotalPreviousYears>
                                    </r2:Cost>
                                </r2:CostCategoryItem>
                                <r2:CostCategoryItem>
                                    <r2:Name>100G Optical</r2:Name>
                                    <r2:FundingVehicle>Various</r2:FundingVehicle>
                                    <r2:PerformingActivity>Various</r2:PerformingActivity>
                                    <r2:PerformingActivityLocation>Various</r2:PerformingActivityLocation>
                                    <r2:Cost>
                                        <r2:TotalPreviousYears>0.337</r2:TotalPreviousYears>
                                    </r2:Cost>
                                </r2:CostCategoryItem>
                                <r2:CostCategoryItem>
                                    <r2:Name>Defense Production Act III Optical Networking</r2:Name>
                                    <r2:FundingVehicle>Various</r2:FundingVehicle>
                                    <r2:PerformingActivity>Various</r2:PerformingActivity>
                                    <r2:PerformingActivityLocation>Various</r2:PerformingActivityLocation>
                                    <r2:Cost>
                                        <r2:TotalPreviousYears>2.666</r2:TotalPreviousYears>
                                    </r2:Cost>
                                </r2:CostCategoryItem>
                                <r2:CostCategoryItem>
                                    <r2:Name>DoD Mobility Capability Service Assurance</r2:Name>
                                    <r2:ContractMethod>C</r2:ContractMethod>
                                    <r2:ContractType>FFP</r2:ContractType>
                                    <r2:PerformingActivity>Various (JITC, HYPHONI)</r2:PerformingActivity>
                                    <r2:PerformingActivityLocation>Various</r2:PerformingActivityLocation>
                                    <r2:Cost>
                                        <r2:TotalPreviousYears>2.316</r2:TotalPreviousYears>
                                    </r2:Cost>
                                </r2:CostCategoryItem>
                                <r2:CostCategoryItem>
                                    <r2:Name>System Engineering &amp; Future Technology Support</r2:Name>
                                    <r2:ContractMethod>SS</r2:ContractMethod>
                                    <r2:ContractType>CPFF</r2:ContractType>
                                    <r2:PerformingActivity>SPAWAR</r2:PerformingActivity>
                                    <r2:PerformingActivityLocation>Charleston</r2:PerformingActivityLocation>
                                    <r2:Cost>
                                        <r2:TotalPreviousYears>2.420</r2:TotalPreviousYears>
                                    </r2:Cost>
                                </r2:CostCategoryItem>
                                <r2:CostCategoryItem>
                                    <r2:Name>System Engineering Support DMCC/DMUC</r2:Name>
                                    <r2:ContractMethod>C</r2:ContractMethod>
                                    <r2:ContractType>FFP</r2:ContractType>
                                    <r2:PerformingActivity>BAH</r2:PerformingActivity>
                                    <r2:PerformingActivityLocation>Annapolis Junction MD</r2:PerformingActivityLocation>
                                    <r2:Cost>
                                        <r2:TotalPreviousYears>7.428</r2:TotalPreviousYears>
                                        <r2:PriorYear>
                                            <r2:Amount>3.635</r2:Amount>
                                            <r2:AwardDate>2024-05</r2:AwardDate>
                                        </r2:PriorYear>
                                        <r2:CurrentYear>
                                            <r2:Amount>3.089</r2:Amount>
                                            <r2:AwardDate>2025-05</r2:AwardDate>
                                        </r2:CurrentYear>
                                    </r2:Cost>
                                </r2:CostCategoryItem>
                                <r2:CostCategoryItem>
                                    <r2:Name>DIUx-Mobility APP Vetting and MSM tools (MTD)</r2:Name>
                                    <r2:FundingVehicle>MIPR</r2:FundingVehicle>
                                    <r2:PerformingActivity>Zimperium</r2:PerformingActivity>
                                    <r2:PerformingActivityLocation>Dallas TX</r2:PerformingActivityLocation>
                                    <r2:Cost>
                                        <r2:TotalPreviousYears>2.237</r2:TotalPreviousYears>
                                    </r2:Cost>
                                </r2:CostCategoryItem>
                                <r2:CostCategoryItem>
                                    <r2:Name>MES-C-DMCC Buildout/VDI</r2:Name>
                                    <r2:ContractMethod>SS</r2:ContractMethod>
                                    <r2:ContractType>CPFF</r2:ContractType>
                                    <r2:PerformingActivity>APRIVA/SPAWAR</r2:PerformingActivity>
                                    <r2:PerformingActivityLocation>APRIVA/SPAWAR</r2:PerformingActivityLocation>
                                    <r2:Cost>
                                        <r2:TotalPreviousYears>3.175</r2:TotalPreviousYears>
                                    </r2:Cost>
                                </r2:CostCategoryItem>
                                <r2:CostCategoryItem>
                                    <r2:Name>MES-(Unclassified) and MES-(Classified)/NEW Contract</r2:Name>
                                    <r2:ContractMethod>C</r2:ContractMethod>
                                    <r2:ContractType>FFP</r2:ContractType>
                                    <r2:PerformingActivity>BAH</r2:PerformingActivity>
                                    <r2:PerformingActivityLocation>Annapolis Junction MD</r2:PerformingActivityLocation>
                                    <r2:Cost>
                                        <r2:TotalPreviousYears>2.369</r2:TotalPreviousYears>
                                    </r2:Cost>
                                </r2:CostCategoryItem>
                                <r2:CostCategoryItem>
                                    <r2:Name>Prototype-MSLV2</r2:Name>
                                    <r2:ContractMethod>C</r2:ContractMethod>
                                    <r2:ContractType>FFP</r2:ContractType>
                                    <r2:PerformingActivity>Various</r2:PerformingActivity>
                                    <r2:PerformingActivityLocation>Various</r2:PerformingActivityLocation>
                                    <r2:Cost>
                                        <r2:PriorYear>
                                            <r2:Amount>24.088</r2:Amount>
                                            <r2:AwardDate>2024-03</r2:AwardDate>
                                        </r2:PriorYear>
                                        <r2:CurrentYear>
                                            <r2:Amount>25.104</r2:Amount>
                                            <r2:AwardDate>2025-03</r2:AwardDate>
                                        </r2:CurrentYear>
                                    </r2:Cost>
                                </r2:CostCategoryItem>
                            </r2:CostCategoryItemList>
                        </r2:CostCategoryGroup>
                        <r2:CostCategoryGroup>
                            <r2:Name>Support</r2:Name>
                            <r2:CostCategoryItemList>
                                <r2:CostCategoryItem>
                                    <r2:Name>IT Support - Mobility</r2:Name>
                                    <r2:ContractMethod>C</r2:ContractMethod>
                                    <r2:ContractType>FFP</r2:ContractType>
                                    <r2:PerformingActivity>Arieds, LLC</r2:PerformingActivity>
                                    <r2:PerformingActivityLocation>Ft. Meade</r2:PerformingActivityLocation>
                                    <r2:Cost>
                                        <r2:TotalPreviousYears>2.300</r2:TotalPreviousYears>
                                    </r2:Cost>
                                </r2:CostCategoryItem>
                                <r2:CostCategoryItem>
                                    <r2:Name>NS2 SE Support - Mobility</r2:Name>
                                    <r2:ContractMethod>C</r2:ContractMethod>
                                    <r2:ContractType>FFP</r2:ContractType>
                                    <r2:PerformingActivity>APPTIS</r2:PerformingActivity>
                                    <r2:PerformingActivityLocation>Ft. Meade</r2:PerformingActivityLocation>
                                    <r2:Cost>
                                        <r2:TotalPreviousYears>0.311</r2:TotalPreviousYears>
                                    </r2:Cost>
                                </r2:CostCategoryItem>
                                <r2:CostCategoryItem>
                                    <r2:Name>IT Support - Mobility</r2:Name>
                                    <r2:FundingVehicle>Various</r2:FundingVehicle>
                                    <r2:PerformingActivity>Various</r2:PerformingActivity>
                                    <r2:PerformingActivityLocation>Various</r2:PerformingActivityLocation>
                                    <r2:Cost>
                                        <r2:TotalPreviousYears>8.391</r2:TotalPreviousYears>
                                        <r2:PriorYear>
                                            <r2:Amount>0.788</r2:Amount>
                                            <r2:AwardDate>2023-12</r2:AwardDate>
                                        </r2:PriorYear>
                                        <r2:CurrentYear>
                                            <r2:Amount>0.675</r2:Amount>
                                            <r2:AwardDate>2024-12</r2:AwardDate>
                                        </r2:CurrentYear>
                                        <r2:BudgetYearOne>
                                            <r2:Amount>3.851</r2:Amount>
                                        </r2:BudgetYearOne>
                                        <r2:BudgetYearOneBase>
                                            <r2:Amount>3.851</r2:Amount>
                                            <r2:AwardDate>2026-06</r2:AwardDate>
                                        </r2:BudgetYearOneBase>
                                    </r2:Cost>
                                </r2:CostCategoryItem>
                                <r2:CostCategoryItem>
                                    <r2:Name>PNVC Software enhancements</r2:Name>
                                    <r2:ContractMethod>C</r2:ContractMethod>
                                    <r2:ContractType>CPFF</r2:ContractType>
                                    <r2:PerformingActivity>General Dynamics</r2:PerformingActivity>
                                    <r2:PerformingActivityLocation>NSA</r2:PerformingActivityLocation>
                                    <r2:Cost>
                                        <r2:TotalPreviousYears>5.900</r2:TotalPreviousYears>
                                    </r2:Cost>
                                </r2:CostCategoryItem>
                                <r2:CostCategoryItem>
                                    <r2:Name>MLSV2 Prototype</r2:Name>
                                    <r2:ContractMethod>C</r2:ContractMethod>
                                    <r2:ContractType>Various</r2:ContractType>
                                    <r2:PerformingActivity>Various</r2:PerformingActivity>
                                    <r2:PerformingActivityLocation>Various</r2:PerformingActivityLocation>
                                    <r2:Cost>
                                        <r2:CurrentYear>
                                            <r2:Amount>15.000</r2:Amount>
                                            <r2:AwardDate>2025-05</r2:AwardDate>
                                        </r2:CurrentYear>
                                        <r2:BudgetYearOne>
                                            <r2:Amount>30.000</r2:Amount>
                                        </r2:BudgetYearOne>
                                        <r2:BudgetYearOneBase>
                                            <r2:Amount>30.000</r2:Amount>
                                            <r2:AwardDate>2026-05</r2:AwardDate>
                                        </r2:BudgetYearOneBase>
                                    </r2:Cost>
                                </r2:CostCategoryItem>
                            </r2:CostCategoryItemList>
                        </r2:CostCategoryGroup>
                        <r2:CostCategoryGroup>
                            <r2:Name>Test and Evaluation</r2:Name>
                            <r2:CostCategoryItemList>
                                <r2:CostCategoryItem>
                                    <r2:Name>Certification Testing</r2:Name>
                                    <r2:FundingVehicle>Various</r2:FundingVehicle>
                                    <r2:PerformingActivity>JITC</r2:PerformingActivity>
                                    <r2:PerformingActivityLocation>Various</r2:PerformingActivityLocation>
                                    <r2:Cost>
                                        <r2:TotalPreviousYears>8.242</r2:TotalPreviousYears>
                                    </r2:Cost>
                                </r2:CostCategoryItem>
                                <r2:CostCategoryItem>
                                    <r2:Name>Test &amp; Evaluation Support - Mobility</r2:Name>
                                    <r2:FundingVehicle>Various</r2:FundingVehicle>
                                    <r2:PerformingActivity>JITC</r2:PerformingActivity>
                                    <r2:PerformingActivityLocation>Ft. Meade</r2:PerformingActivityLocation>
                                    <r2:Cost>
                                        <r2:TotalPreviousYears>9.196</r2:TotalPreviousYears>
                                        <r2:PriorYear>
                                            <r2:Amount>0.110</r2:Amount>
                                            <r2:AwardDate>2023-11</r2:AwardDate>
                                        </r2:PriorYear>
                                        <r2:CurrentYear>
                                            <r2:Amount>0.120</r2:Amount>
                                            <r2:AwardDate>2024-11</r2:AwardDate>
                                        </r2:CurrentYear>
                                    </r2:Cost>
                                </r2:CostCategoryItem>
                                <r2:CostCategoryItem>
                                    <r2:Name>Integration, Test and Modification - Mobility</r2:Name>
                                    <r2:FundingVehicle>Various</r2:FundingVehicle>
                                    <r2:PerformingActivity>Various</r2:PerformingActivity>
                                    <r2:PerformingActivityLocation>Various</r2:PerformingActivityLocation>
                                    <r2:Cost>
                                        <r2:TotalPreviousYears>7.158</r2:TotalPreviousYears>
                                    </r2:Cost>
                                </r2:CostCategoryItem>
                                <r2:CostCategoryItem>
                                    <r2:Name>DISN Tech Refresh</r2:Name>
                                    <r2:FundingVehicle>Various</r2:FundingVehicle>
                                    <r2:PerformingActivity>Various</r2:PerformingActivity>
                                    <r2:PerformingActivityLocation>Various</r2:PerformingActivityLocation>
                                    <r2:Cost>
                                        <r2:TotalPreviousYears>33.242</r2:TotalPreviousYears>
                                        <r2:PriorYear>
                                            <r2:Amount>5.752</r2:Amount>
                                            <r2:AwardDate>2024-04</r2:AwardDate>
                                        </r2:PriorYear>
                                        <r2:CurrentYear>
                                            <r2:Amount>5.380</r2:Amount>
                                            <r2:AwardDate>2025-04</r2:AwardDate>
                                        </r2:CurrentYear>
                                        <r2:BudgetYearOne>
                                            <r2:Amount>4.764</r2:Amount>
                                        </r2:BudgetYearOne>
                                        <r2:BudgetYearOneBase>
                                            <r2:Amount>4.764</r2:Amount>
                                            <r2:AwardDate>2026-04</r2:AwardDate>
                                        </r2:BudgetYearOneBase>
                                    </r2:Cost>
                                </r2:CostCategoryItem>
                                <r2:CostCategoryItem>
                                    <r2:Name>Various</r2:Name>
                                    <r2:FundingVehicle>Various</r2:FundingVehicle>
                                    <r2:PerformingActivity>Various</r2:PerformingActivity>
                                    <r2:PerformingActivityLocation>Various</r2:PerformingActivityLocation>
                                    <r2:Cost>
                                        <r2:TotalPreviousYears>2.494</r2:TotalPreviousYears>
                                        <r2:PriorYear>
                                            <r2:Amount>0.120</r2:Amount>
                                            <r2:AwardDate>2023-12</r2:AwardDate>
                                        </r2:PriorYear>
                                        <r2:CurrentYear>
                                            <r2:Amount>0.173</r2:Amount>
                                            <r2:AwardDate>2024-12</r2:AwardDate>
                                        </r2:CurrentYear>
                                    </r2:Cost>
                                </r2:CostCategoryItem>
                            </r2:CostCategoryItemList>
                        </r2:CostCategoryGroup>
                    </r2:CostCategoryGroupList>
                </r2:R3Exhibit>
                <r2:R4aExhibit>
                    <r2:SubProjectScheduleList>
                        <r2:SubProjectSchedule>
                            <r2:Title>DISN Technology Refresh</r2:Title>
                            <r2:ScheduleDetailList>
                                <r2:ScheduleDetail>
                                    <r2:EventTitle>Next Generation Strategy</r2:EventTitle>
                                    <r2:Schedule>
                                        <r2:Start>
                                            <r2:Quarter>1</r2:Quarter>
                                            <r2:Year>2017</r2:Year>
                                        </r2:Start>
                                        <r2:End>
                                            <r2:Quarter>4</r2:Quarter>
                                            <r2:Year>2029</r2:Year>
                                        </r2:End>
                                    </r2:Schedule>
                                </r2:ScheduleDetail>
                                <r2:ScheduleDetail>
                                    <r2:EventTitle>Ciean Research</r2:EventTitle>
                                    <r2:Schedule>
                                        <r2:Start>
                                            <r2:Quarter>1</r2:Quarter>
                                            <r2:Year>2017</r2:Year>
                                        </r2:Start>
                                        <r2:End>
                                            <r2:Quarter>4</r2:Quarter>
                                            <r2:Year>2029</r2:Year>
                                        </r2:End>
                                    </r2:Schedule>
                                </r2:ScheduleDetail>
                                <r2:ScheduleDetail>
                                    <r2:EventTitle>DISN Tech Refresh Service Delivery Models &amp; Open Source Evals Basic Research</r2:EventTitle>
                                    <r2:Schedule>
                                        <r2:Start>
                                            <r2:Quarter>4</r2:Quarter>
                                            <r2:Year>2024</r2:Year>
                                        </r2:Start>
                                        <r2:End>
                                            <r2:Quarter>4</r2:Quarter>
                                            <r2:Year>2025</r2:Year>
                                        </r2:End>
                                    </r2:Schedule>
                                </r2:ScheduleDetail>
                                <r2:ScheduleDetail>
                                    <r2:EventTitle>DISN Tech Refresh Service Delivery and Graphic User Interface Automation in DISN Labs</r2:EventTitle>
                                    <r2:Schedule>
                                        <r2:Start>
                                            <r2:Quarter>4</r2:Quarter>
                                            <r2:Year>2025</r2:Year>
                                        </r2:Start>
                                        <r2:End>
                                            <r2:Quarter>4</r2:Quarter>
                                            <r2:Year>2026</r2:Year>
                                        </r2:End>
                                    </r2:Schedule>
                                </r2:ScheduleDetail>
                                <r2:ScheduleDetail>
                                    <r2:EventTitle>DISN Tech Refresh Cloud &amp; AI Test &amp; Eval, Rapid Certification in DISN Labs</r2:EventTitle>
                                    <r2:Schedule>
                                        <r2:Start>
                                            <r2:Quarter>4</r2:Quarter>
                                            <r2:Year>2026</r2:Year>
                                        </r2:Start>
                                        <r2:End>
                                            <r2:Quarter>4</r2:Quarter>
                                            <r2:Year>2027</r2:Year>
                                        </r2:End>
                                    </r2:Schedule>
                                </r2:ScheduleDetail>
                                <r2:ScheduleDetail>
                                    <r2:EventTitle>DISN Tech Refresh Sensing and Control Test and Eval within DISN Environment</r2:EventTitle>
                                    <r2:Schedule>
                                        <r2:Start>
                                            <r2:Quarter>3</r2:Quarter>
                                            <r2:Year>2027</r2:Year>
                                        </r2:Start>
                                        <r2:End>
                                            <r2:Quarter>4</r2:Quarter>
                                            <r2:Year>2028</r2:Year>
                                        </r2:End>
                                    </r2:Schedule>
                                </r2:ScheduleDetail>
                                <r2:ScheduleDetail>
                                    <r2:EventTitle>DISN Tech Refresh Cloud &amp; AI Test &amp; Eval, within DISN Environment</r2:EventTitle>
                                    <r2:Schedule>
                                        <r2:Start>
                                            <r2:Quarter>3</r2:Quarter>
                                            <r2:Year>2027</r2:Year>
                                        </r2:Start>
                                        <r2:End>
                                            <r2:Quarter>4</r2:Quarter>
                                            <r2:Year>2029</r2:Year>
                                        </r2:End>
                                    </r2:Schedule>
                                </r2:ScheduleDetail>
                            </r2:ScheduleDetailList>
                        </r2:SubProjectSchedule>
                        <r2:SubProjectSchedule>
                            <r2:Title>DRSN and MLSV2</r2:Title>
                            <r2:ScheduleDetailList>
                                <r2:ScheduleDetail>
                                    <r2:EventTitle>DRSN Channel Encryption Unit (CEU) replacement/ECTOCRYP Black Development Project - Discovery Phase</r2:EventTitle>
                                    <r2:Schedule>
                                        <r2:Start>
                                            <r2:Quarter>2</r2:Quarter>
                                            <r2:Year>2025</r2:Year>
                                        </r2:Start>
                                        <r2:End>
                                            <r2:Quarter>3</r2:Quarter>
                                            <r2:Year>2025</r2:Year>
                                        </r2:End>
                                    </r2:Schedule>
                                </r2:ScheduleDetail>
                                <r2:ScheduleDetail>
                                    <r2:EventTitle>DRSN Channel Encryption Unit (CEU) replacement/ECTOCRYP Black Development Project - Development  Phase</r2:EventTitle>
                                    <r2:Schedule>
                                        <r2:Start>
                                            <r2:Quarter>4</r2:Quarter>
                                            <r2:Year>2025</r2:Year>
                                        </r2:Start>
                                        <r2:End>
                                            <r2:Quarter>4</r2:Quarter>
                                            <r2:Year>2027</r2:Year>
                                        </r2:End>
                                    </r2:Schedule>
                                </r2:ScheduleDetail>
                                <r2:ScheduleDetail>
                                    <r2:EventTitle>DRSN Channel Encryption Unit (CEU) replacement/ECTOCRYP Black Development Project - Certification Phase</r2:EventTitle>
                                    <r2:Schedule>
                                        <r2:Start>
                                            <r2:Quarter>1</r2:Quarter>
                                            <r2:Year>2028</r2:Year>
                                        </r2:Start>
                                        <r2:End>
                                            <r2:Quarter>4</r2:Quarter>
                                            <r2:Year>2029</r2:Year>
                                        </r2:End>
                                    </r2:Schedule>
                                </r2:ScheduleDetail>
                                <r2:ScheduleDetail>
                                    <r2:EventTitle>MLSV2: Prototype Development</r2:EventTitle>
                                    <r2:Schedule>
                                        <r2:Start>
                                            <r2:Quarter>3</r2:Quarter>
                                            <r2:Year>2024</r2:Year>
                                        </r2:Start>
                                        <r2:End>
                                            <r2:Quarter>4</r2:Quarter>
                                            <r2:Year>2025</r2:Year>
                                        </r2:End>
                                    </r2:Schedule>
                                </r2:ScheduleDetail>
                                <r2:ScheduleDetail>
                                    <r2:EventTitle>MLSV2: Prototype Integration</r2:EventTitle>
                                    <r2:Schedule>
                                        <r2:Start>
                                            <r2:Quarter>3</r2:Quarter>
                                            <r2:Year>2025</r2:Year>
                                        </r2:Start>
                                        <r2:End>
                                            <r2:Quarter>4</r2:Quarter>
                                            <r2:Year>2025</r2:Year>
                                        </r2:End>
                                    </r2:Schedule>
                                </r2:ScheduleDetail>
                                <r2:ScheduleDetail>
                                    <r2:EventTitle>MLSV2: IOC</r2:EventTitle>
                                    <r2:Schedule>
                                        <r2:Start>
                                            <r2:Quarter>3</r2:Quarter>
                                            <r2:Year>2026</r2:Year>
                                        </r2:Start>
                                        <r2:End>
                                            <r2:Quarter>4</r2:Quarter>
                                            <r2:Year>2026</r2:Year>
                                        </r2:End>
                                    </r2:Schedule>
                                </r2:ScheduleDetail>
                            </r2:ScheduleDetailList>
                        </r2:SubProjectSchedule>
                        <r2:SubProjectSchedule>
                            <r2:Title>Mobility</r2:Title>
                            <r2:ScheduleDetailList>
                                <r2:ScheduleDetail>
                                    <r2:EventTitle>Lab Purchase (Gateways, NIPR, SIPR, TS Enclave)</r2:EventTitle>
                                    <r2:Schedule>
                                        <r2:Start>
                                            <r2:Quarter>1</r2:Quarter>
                                            <r2:Year>2017</r2:Year>
                                        </r2:Start>
                                        <r2:End>
                                            <r2:Quarter>4</r2:Quarter>
                                            <r2:Year>2030</r2:Year>
                                        </r2:End>
                                    </r2:Schedule>
                                </r2:ScheduleDetail>
                                <r2:ScheduleDetail>
                                    <r2:EventTitle>DoD Mobility Gateways - Architecture Support</r2:EventTitle>
                                    <r2:Schedule>
                                        <r2:Start>
                                            <r2:Quarter>1</r2:Quarter>
                                            <r2:Year>2017</r2:Year>
                                        </r2:Start>
                                        <r2:End>
                                            <r2:Quarter>4</r2:Quarter>
                                            <r2:Year>2030</r2:Year>
                                        </r2:End>
                                    </r2:Schedule>
                                </r2:ScheduleDetail>
                                <r2:ScheduleDetail>
                                    <r2:EventTitle>NIPR Enclave (Mobile Device Management (MDM), Mobile Application Store (MAS))</r2:EventTitle>
                                    <r2:Schedule>
                                        <r2:Start>
                                            <r2:Quarter>1</r2:Quarter>
                                            <r2:Year>2017</r2:Year>
                                        </r2:Start>
                                        <r2:End>
                                            <r2:Quarter>4</r2:Quarter>
                                            <r2:Year>2030</r2:Year>
                                        </r2:End>
                                    </r2:Schedule>
                                </r2:ScheduleDetail>
                                <r2:ScheduleDetail>
                                    <r2:EventTitle>SIPR Enclave (MDM, MAS)</r2:EventTitle>
                                    <r2:Schedule>
                                        <r2:Start>
                                            <r2:Quarter>1</r2:Quarter>
                                            <r2:Year>2017</r2:Year>
                                        </r2:Start>
                                        <r2:End>
                                            <r2:Quarter>4</r2:Quarter>
                                            <r2:Year>2030</r2:Year>
                                        </r2:End>
                                    </r2:Schedule>
                                </r2:ScheduleDetail>
                                <r2:ScheduleDetail>
                                    <r2:EventTitle>TS Enclave (MDM, MAS)</r2:EventTitle>
                                    <r2:Schedule>
                                        <r2:Start>
                                            <r2:Quarter>1</r2:Quarter>
                                            <r2:Year>2017</r2:Year>
                                        </r2:Start>
                                        <r2:End>
                                            <r2:Quarter>4</r2:Quarter>
                                            <r2:Year>2030</r2:Year>
                                        </r2:End>
                                    </r2:Schedule>
                                </r2:ScheduleDetail>
                                <r2:ScheduleDetail>
                                    <r2:EventTitle>MDM &amp; MAS Operational Testing</r2:EventTitle>
                                    <r2:Schedule>
                                        <r2:Start>
                                            <r2:Quarter>1</r2:Quarter>
                                            <r2:Year>2017</r2:Year>
                                        </r2:Start>
                                        <r2:End>
                                            <r2:Quarter>4</r2:Quarter>
                                            <r2:Year>2030</r2:Year>
                                        </r2:End>
                                    </r2:Schedule>
                                </r2:ScheduleDetail>
                            </r2:ScheduleDetailList>
                        </r2:SubProjectSchedule>
                    </r2:SubProjectScheduleList>
                </r2:R4aExhibit>
            </r2:Project>
        </r2:ProjectList>
    </r2:ProgramElement>
</r2:ProgramElementList>