<?xml version="1.0" encoding="UTF-8"?>
<r2:ProgramElementList xmlns:r2="http://www.dtic.mil/comptroller/xml/schema/022009/r2" targetSchemaVersion="1.0">
    <r2:ProgramElement monetaryUnit="Millions">
        <r2:ProgramElementNumber>0303131K</r2:ProgramElementNumber>
        <r2:ProgramElementTitle>Minimum Essential Emergency Communications Network (MEECN)</r2:ProgramElementTitle>
        <r2:R1LineNumber>238</r2:R1LineNumber>
        <r2:BudgetYear>2026</r2:BudgetYear>
        <r2:BudgetCycle>PB</r2:BudgetCycle>
        <r2:SubmissionDate>2025-06</r2:SubmissionDate>
        <r2:ServiceAgencyName>Defense Information Systems Agency</r2:ServiceAgencyName>
        <r2:AppropriationCode>0400</r2:AppropriationCode>
        <r2:AppropriationName>Research, Development, Test &amp; Evaluation, Defense-Wide</r2:AppropriationName>
        <r2:BudgetActivityNumber>7</r2:BudgetActivityNumber>
        <r2:BudgetActivityTitle>Operational Systems Development</r2:BudgetActivityTitle>
        <r2:ProgramElementFunding>
            <r2:AllPriorYears>98.370</r2:AllPriorYears>
            <r2:PriorYear>5.037</r2:PriorYear>
            <r2:CurrentYear>4.985</r2:CurrentYear>
            <r2:BudgetYearOne>5.113</r2:BudgetYearOne>
            <r2:BudgetYearOneBase>5.113</r2:BudgetYearOneBase>
        </r2:ProgramElementFunding>
        <r2:ProgramElementMissionDescription>Minimum Essential Emergency Communications Network (MEECN) provides the Nuclear Command, Control, and Communications (NC3) Engineer with a variety of services. MEECN equips the NC3 Engineer with planning, systems analysis, operational assessments, systems engineering, and architectural and concept development. Through the National Military Command System, the NC3 System provides connectivity between the President and the Secretary of Defense to critical nuclear execution forces (spanning both “homeland-to-homeland” and theater nuclear war). MEECN includes the Emergency Action Message dissemination systems and the systems used for integrated Tactical Warning/Attack Assessment, presidential decision-making conferencing, force report back, re-targeting, force management, and requests for permission nuclear weapons use. These efforts assure positive control of nuclear forces and connectivity between the Secretary of Defense and military forces. They also help allow the President, the Secretary of Defense, and the Combatant Commands to communicate and make more informed decisions. MEECN ensures U.S. national leadership has proper command and control of military forces during national security emergencies, including the possibility of nuclear war.</r2:ProgramElementMissionDescription>
        <r2:ChangeSummary>
            <r2:PreviousPresidentBudget>
                <r2:PriorYear>5.037</r2:PriorYear>
                <r2:CurrentYear>4.985</r2:CurrentYear>
                <r2:BudgetYearOne>5.130</r2:BudgetYearOne>
                <r2:BudgetYearOneBase>5.130</r2:BudgetYearOneBase>
            </r2:PreviousPresidentBudget>
            <r2:CurrentPresidentBudget>
                <r2:PriorYear>5.037</r2:PriorYear>
                <r2:CurrentYear>4.985</r2:CurrentYear>
                <r2:BudgetYearOne>5.113</r2:BudgetYearOne>
                <r2:BudgetYearOneBase>5.113</r2:BudgetYearOneBase>
            </r2:CurrentPresidentBudget>
            <r2:TotalAdjustments>
                <r2:PriorYear>0.000</r2:PriorYear>
                <r2:CurrentYear>0.000</r2:CurrentYear>
                <r2:BudgetYearOne>-0.017</r2:BudgetYearOne>
                <r2:BudgetYearOneBase>-0.017</r2:BudgetYearOneBase>
            </r2:TotalAdjustments>
            <r2:AdjustmentDetails>
                <r2:OtherAdjustmentDetailList>
                    <r2:OtherAdjustmentDetail>
                        <r2:Title>Adjustment</r2:Title>
                        <r2:Funding>
                            <r2:BudgetYearOne>-0.017</r2:BudgetYearOne>
                            <r2:BudgetYearOneBase>-0.017</r2:BudgetYearOneBase>
                        </r2:Funding>
                    </r2:OtherAdjustmentDetail>
                </r2:OtherAdjustmentDetailList>
            </r2:AdjustmentDetails>
            <r2:SummaryExplanation>Program is classified.  Details are available on request.</r2:SummaryExplanation>
        </r2:ChangeSummary>
        <r2:ProjectList>
            <r2:Project>
                <r2:ProjectNumber>T64</r2:ProjectNumber>
                <r2:ProjectTitle>Special Projects</r2:ProjectTitle>
                <r2:SpecialProject>0</r2:SpecialProject>
                <r2:ProjectFunding>
                    <r2:AllPriorYears>98.370</r2:AllPriorYears>
                    <r2:PriorYear>5.037</r2:PriorYear>
                    <r2:CurrentYear>4.985</r2:CurrentYear>
                    <r2:BudgetYearOne>5.113</r2:BudgetYearOne>
                    <r2:BudgetYearOneBase>5.113</r2:BudgetYearOneBase>
                </r2:ProjectFunding>
                <r2:R2aExhibit>
                    <r2:ProjectMissionDescription>The mission is performing classified work.  All aspects of this project are classified and require special access.  Detailed information on this project is not contained in this document.</r2:ProjectMissionDescription>
                    <r2:AccomplishmentPlannedProgramList>
                        <r2:AccomplishmentPlannedProgram>
                            <r2:Title>Special Projects</r2:Title>
                            <r2:Description>Program is classified.  Details are available on request.</r2:Description>
                            <r2:Accomplishment>
                                <r2:PriorYear>
                                    <r2:Funding>5.037</r2:Funding>
                                    <r2:Text>This program/mission is classified. Details provided for this program are submitted in appropriately classified DoD exhibits.</r2:Text>
                                </r2:PriorYear>
                            </r2:Accomplishment>
                            <r2:PlannedProgram>
                                <r2:CurrentYear>
                                    <r2:Funding>4.985</r2:Funding>
                                    <r2:Text>Program is classified.  Details are available on request.</r2:Text>
                                </r2:CurrentYear>
                                <r2:BudgetYearOne>
                                    <r2:Funding>5.113</r2:Funding>
                                </r2:BudgetYearOne>
                                <r2:BudgetYearOneBase>
                                    <r2:Funding>5.113</r2:Funding>
                                    <r2:Text>Program is classified.  Details are available on request.</r2:Text>
                                </r2:BudgetYearOneBase>
                                <r2:AppChangeSummary>Program is classified.  Details are available on request.</r2:AppChangeSummary>
                            </r2:PlannedProgram>
                        </r2:AccomplishmentPlannedProgram>
                    </r2:AccomplishmentPlannedProgramList>
                    <r2:OtherProgramFundingSummaryList>
                        <r2:OtherProgramFundingSummary>
                            <r2:LineItem>O&amp;M</r2:LineItem>
                            <r2:Title>DW: PE 0303131K</r2:Title>
                            <r2:Funding>
                                <r2:PriorYear>0.000</r2:PriorYear>
                                <r2:CurrentYear>0.997</r2:CurrentYear>
                                <r2:BudgetYearOne>1.011</r2:BudgetYearOne>
                                <r2:BudgetYearOneBase>1.011</r2:BudgetYearOneBase>
                            </r2:Funding>
                        </r2:OtherProgramFundingSummary>
                    </r2:OtherProgramFundingSummaryList>
                    <r2:AcquisitionStrategy>Program is classified.  Details are available on request.</r2:AcquisitionStrategy>
                </r2:R2aExhibit>
                <r2:R3Exhibit>
                    <r2:CostCategoryGroupList>
                        <r2:CostCategoryGroup>
                            <r2:Name>Support</r2:Name>
                            <r2:CostCategoryItemList>
                                <r2:CostCategoryItem>
                                    <r2:Name>Classified</r2:Name>
                                    <r2:FundingVehicle>Various</r2:FundingVehicle>
                                    <r2:PerformingActivity>Classified</r2:PerformingActivity>
                                    <r2:PerformingActivityLocation>Classified</r2:PerformingActivityLocation>
                                    <r2:Cost>
                                        <r2:TotalPreviousYears>98.370</r2:TotalPreviousYears>
                                        <r2:PriorYear>
                                            <r2:Amount>5.037</r2:Amount>
                                            <r2:AwardDate>2024-07</r2:AwardDate>
                                        </r2:PriorYear>
                                        <r2:CurrentYear>
                                            <r2:Amount>4.985</r2:Amount>
                                            <r2:AwardDate>2025-07</r2:AwardDate>
                                        </r2:CurrentYear>
                                        <r2:BudgetYearOne>
                                            <r2:Amount>5.113</r2:Amount>
                                        </r2:BudgetYearOne>
                                        <r2:BudgetYearOneBase>
                                            <r2:Amount>5.113</r2:Amount>
                                            <r2:AwardDate>2026-07</r2:AwardDate>
                                        </r2:BudgetYearOneBase>
                                    </r2:Cost>
                                </r2:CostCategoryItem>
                            </r2:CostCategoryItemList>
                        </r2:CostCategoryGroup>
                    </r2:CostCategoryGroupList>
                </r2:R3Exhibit>
                <r2:R4aExhibit>
                    <r2:SubProjectScheduleList>
                        <r2:SubProjectSchedule>
                            <r2:Title>Classified</r2:Title>
                            <r2:ScheduleDetailList>
                                <r2:ScheduleDetail>
                                    <r2:EventTitle>Classified</r2:EventTitle>
                                    <r2:Schedule>
                                        <r2:Start>
                                            <r2:Quarter>1</r2:Quarter>
                                            <r2:Year>2018</r2:Year>
                                        </r2:Start>
                                        <r2:End>
                                            <r2:Quarter>4</r2:Quarter>
                                            <r2:Year>2029</r2:Year>
                                        </r2:End>
                                    </r2:Schedule>
                                </r2:ScheduleDetail>
                            </r2:ScheduleDetailList>
                        </r2:SubProjectSchedule>
                    </r2:SubProjectScheduleList>
                </r2:R4aExhibit>
            </r2:Project>
        </r2:ProjectList>
    </r2:ProgramElement>
</r2:ProgramElementList>