<?xml version="1.0" encoding="UTF-8"?>
<r2:ProgramElementList xmlns:r2="http://www.dtic.mil/comptroller/xml/schema/022009/r2" targetSchemaVersion="1.0">
    <r2:ProgramElement monetaryUnit="Millions">
        <r2:ProgramElementNumber>0708012K</r2:ProgramElementNumber>
        <r2:ProgramElementTitle>Logistics Support Activities</r2:ProgramElementTitle>
        <r2:R1LineNumber>283</r2:R1LineNumber>
        <r2:BudgetYear>2026</r2:BudgetYear>
        <r2:BudgetCycle>PB</r2:BudgetCycle>
        <r2:SubmissionDate>2025-06</r2:SubmissionDate>
        <r2:ServiceAgencyName>Defense Information Systems Agency</r2:ServiceAgencyName>
        <r2:AppropriationCode>0400</r2:AppropriationCode>
        <r2:AppropriationName>Research, Development, Test &amp; Evaluation, Defense-Wide</r2:AppropriationName>
        <r2:BudgetActivityNumber>7</r2:BudgetActivityNumber>
        <r2:BudgetActivityTitle>Operational Systems Development</r2:BudgetActivityTitle>
        <r2:ProgramElementFunding>
            <r2:AllPriorYears>7.642</r2:AllPriorYears>
            <r2:PriorYear>1.420</r2:PriorYear>
            <r2:CurrentYear>1.406</r2:CurrentYear>
            <r2:BudgetYearOne>2.876</r2:BudgetYearOne>
            <r2:BudgetYearOneBase>2.876</r2:BudgetYearOneBase>
        </r2:ProgramElementFunding>
        <r2:ProgramElementMissionDescription>The Distributed Continuity Integrated Network – Top Secret Enterprise Services (DCIN-TS ES) is a Department of Defense (DoD) continuity of operations and continuity of government decision-support collaboration environment that facilitates decision making among principals and staff.  Available in Fixed, Transportable, and Mobile configurations; functions on air, ground, rail, and sea platforms.</r2:ProgramElementMissionDescription>
        <r2:ChangeSummary>
            <r2:PreviousPresidentBudget>
                <r2:PriorYear>1.420</r2:PriorYear>
                <r2:CurrentYear>1.406</r2:CurrentYear>
                <r2:BudgetYearOne>1.446</r2:BudgetYearOne>
                <r2:BudgetYearOneBase>1.446</r2:BudgetYearOneBase>
            </r2:PreviousPresidentBudget>
            <r2:CurrentPresidentBudget>
                <r2:PriorYear>1.420</r2:PriorYear>
                <r2:CurrentYear>1.406</r2:CurrentYear>
                <r2:BudgetYearOne>2.876</r2:BudgetYearOne>
                <r2:BudgetYearOneBase>2.876</r2:BudgetYearOneBase>
            </r2:CurrentPresidentBudget>
            <r2:TotalAdjustments>
                <r2:PriorYear>0.000</r2:PriorYear>
                <r2:CurrentYear>0.000</r2:CurrentYear>
                <r2:BudgetYearOne>1.430</r2:BudgetYearOne>
                <r2:BudgetYearOneBase>1.430</r2:BudgetYearOneBase>
            </r2:TotalAdjustments>
            <r2:AdjustmentDetails>
                <r2:OtherAdjustmentDetailList>
                    <r2:OtherAdjustmentDetail>
                        <r2:Title>Adjustment</r2:Title>
                        <r2:Funding>
                            <r2:PriorYear>0.000</r2:PriorYear>
                            <r2:BudgetYearOne>1.430</r2:BudgetYearOne>
                            <r2:BudgetYearOneBase>1.430</r2:BudgetYearOneBase>
                        </r2:Funding>
                    </r2:OtherAdjustmentDetail>
                </r2:OtherAdjustmentDetailList>
            </r2:AdjustmentDetails>
            <r2:SummaryExplanation>Program is classified.  Details are available on request.</r2:SummaryExplanation>
        </r2:ChangeSummary>
        <r2:ProjectList>
            <r2:Project>
                <r2:ProjectNumber>LSA</r2:ProjectNumber>
                <r2:ProjectTitle>Logistics Support Activities</r2:ProjectTitle>
                <r2:SpecialProject>0</r2:SpecialProject>
                <r2:ProjectFunding>
                    <r2:AllPriorYears>7.642</r2:AllPriorYears>
                    <r2:PriorYear>1.420</r2:PriorYear>
                    <r2:CurrentYear>1.406</r2:CurrentYear>
                    <r2:BudgetYearOne>2.876</r2:BudgetYearOne>
                    <r2:BudgetYearOneBase>2.876</r2:BudgetYearOneBase>
                </r2:ProjectFunding>
                <r2:R2aExhibit>
                    <r2:ProjectMissionDescription>The Distributed Continuity Integrated Network – Top Secret Enterprise Services (DCIN-TS ES) (0708012K/0701113K) is a Department of Defense (DoD) continuity of operations and continuity of government decision-support collaboration environment that facilitates decision making among principals and staff.  Available in Fixed, Transportable, and Mobile configurations; functions on air, ground, rail, and sea platforms.</r2:ProjectMissionDescription>
                    <r2:AccomplishmentPlannedProgramList>
                        <r2:AccomplishmentPlannedProgram>
                            <r2:Title>LSA</r2:Title>
                            <r2:Description>Program is classified.  Details are available on request.</r2:Description>
                            <r2:Accomplishment>
                                <r2:PriorYear>
                                    <r2:Funding>1.420</r2:Funding>
                                    <r2:Text>This program/mission is classified. Details provided for this program are submitted in appropriately classified DoD exhibits.</r2:Text>
                                </r2:PriorYear>
                            </r2:Accomplishment>
                            <r2:PlannedProgram>
                                <r2:CurrentYear>
                                    <r2:Funding>1.406</r2:Funding>
                                    <r2:Text>Program is classified.  Details are available on request.</r2:Text>
                                </r2:CurrentYear>
                                <r2:BudgetYearOne>
                                    <r2:Funding>2.876</r2:Funding>
                                </r2:BudgetYearOne>
                                <r2:BudgetYearOneBase>
                                    <r2:Funding>2.876</r2:Funding>
                                    <r2:Text>Program is classified.  Details are available on request.</r2:Text>
                                </r2:BudgetYearOneBase>
                                <r2:AppChangeSummary>Program is classified.  Details are available on request.</r2:AppChangeSummary>
                            </r2:PlannedProgram>
                        </r2:AccomplishmentPlannedProgram>
                    </r2:AccomplishmentPlannedProgramList>
                    <r2:OtherProgramFundingSummaryList>
                        <r2:OtherProgramFundingSummary>
                            <r2:LineItem>Operations &amp; Maintenance: DW</r2:LineItem>
                            <r2:Title>PE 070812K</r2:Title>
                            <r2:Funding>
                                <r2:PriorYear>52.698</r2:PriorYear>
                                <r2:CurrentYear>62.475</r2:CurrentYear>
                                <r2:BudgetYearOne>70.773</r2:BudgetYearOne>
                                <r2:BudgetYearOneBase>70.773</r2:BudgetYearOneBase>
                            </r2:Funding>
                        </r2:OtherProgramFundingSummary>
                    </r2:OtherProgramFundingSummaryList>
                    <r2:OtherProgramFundingSummaryRemarks>Program is classified.  Details are available on request.</r2:OtherProgramFundingSummaryRemarks>
                    <r2:AcquisitionStrategy>Program is classified.  Details are available on request.</r2:AcquisitionStrategy>
                </r2:R2aExhibit>
                <r2:R3Exhibit>
                    <r2:CostCategoryGroupList>
                        <r2:CostCategoryGroup>
                            <r2:Name>Product Development</r2:Name>
                            <r2:CostCategoryItemList>
                                <r2:CostCategoryItem>
                                    <r2:Name>Classified</r2:Name>
                                    <r2:FundingVehicle>Various</r2:FundingVehicle>
                                    <r2:PerformingActivity>Classified</r2:PerformingActivity>
                                    <r2:PerformingActivityLocation>Classified</r2:PerformingActivityLocation>
                                    <r2:Cost>
                                        <r2:TotalPreviousYears>7.642</r2:TotalPreviousYears>
                                        <r2:PriorYear>
                                            <r2:Amount>1.420</r2:Amount>
                                            <r2:AwardDate>2024-05</r2:AwardDate>
                                        </r2:PriorYear>
                                        <r2:CurrentYear>
                                            <r2:Amount>1.406</r2:Amount>
                                            <r2:AwardDate>2025-05</r2:AwardDate>
                                        </r2:CurrentYear>
                                        <r2:BudgetYearOne>
                                            <r2:Amount>2.876</r2:Amount>
                                        </r2:BudgetYearOne>
                                        <r2:BudgetYearOneBase>
                                            <r2:Amount>2.876</r2:Amount>
                                            <r2:AwardDate>2026-05</r2:AwardDate>
                                        </r2:BudgetYearOneBase>
                                    </r2:Cost>
                                </r2:CostCategoryItem>
                            </r2:CostCategoryItemList>
                        </r2:CostCategoryGroup>
                    </r2:CostCategoryGroupList>
                </r2:R3Exhibit>
                <r2:R4aExhibit>
                    <r2:SubProjectScheduleList>
                        <r2:SubProjectSchedule>
                            <r2:Title>Classified</r2:Title>
                            <r2:ScheduleDetailList>
                                <r2:ScheduleDetail>
                                    <r2:EventTitle>Classified</r2:EventTitle>
                                    <r2:Schedule>
                                        <r2:Start>
                                            <r2:Quarter>1</r2:Quarter>
                                            <r2:Year>2019</r2:Year>
                                        </r2:Start>
                                        <r2:End>
                                            <r2:Quarter>4</r2:Quarter>
                                            <r2:Year>2030</r2:Year>
                                        </r2:End>
                                    </r2:Schedule>
                                </r2:ScheduleDetail>
                            </r2:ScheduleDetailList>
                        </r2:SubProjectSchedule>
                    </r2:SubProjectScheduleList>
                </r2:R4aExhibit>
            </r2:Project>
        </r2:ProjectList>
    </r2:ProgramElement>
</r2:ProgramElementList>