<?xml version="1.0" encoding="UTF-8"?>
<r2:ProgramElementList xmlns:r2="http://www.dtic.mil/comptroller/xml/schema/022009/r2" targetSchemaVersion="1.0">
    <r2:ProgramElement monetaryUnit="Millions">
        <r2:ProgramElementNumber>0903235K</r2:ProgramElementNumber>
        <r2:ProgramElementTitle>Joint Service Provider</r2:ProgramElementTitle>
        <r2:R1LineNumber>219</r2:R1LineNumber>
        <r2:BudgetYear>2026</r2:BudgetYear>
        <r2:BudgetCycle>PB</r2:BudgetCycle>
        <r2:SubmissionDate>2025-06</r2:SubmissionDate>
        <r2:ServiceAgencyName>Defense Information Systems Agency</r2:ServiceAgencyName>
        <r2:AppropriationCode>0400</r2:AppropriationCode>
        <r2:AppropriationName>Research, Development, Test &amp; Evaluation, Defense-Wide</r2:AppropriationName>
        <r2:BudgetActivityNumber>6</r2:BudgetActivityNumber>
        <r2:BudgetActivityTitle>RDT&amp;E Management Support</r2:BudgetActivityTitle>
        <r2:ProgramElementFunding>
            <r2:AllPriorYears>18.562</r2:AllPriorYears>
            <r2:PriorYear>4.988</r2:PriorYear>
            <r2:CurrentYear>2.244</r2:CurrentYear>
            <r2:BudgetYearOne>1.283</r2:BudgetYearOne>
            <r2:BudgetYearOneBase>1.283</r2:BudgetYearOneBase>
        </r2:ProgramElementFunding>
        <r2:ProgramElementMissionDescription>The Joint Service Provider (JSP) is the exclusive Information Technology (IT) service provider for the Pentagon Reservation and National Capital Region (NCR), serving a wide variety of Department of Defense (DoD) personnel. The JSP provides office automation tools, critical software, and IT support services for over 55,000 customers. RDT&amp;E funding provides for the testing, piloting, and development of new integrated business technologies to enhance the JSP’s business processes, IT services, and capabilities. RDT&amp;E activity combines commercial and government-managed software to provide network transport, storage, compute, defensive cyber operations, Pentagon Installation Processing Nodes (IPN), and other components of the NCR's core network infrastructure. These efforts also provide mobile computing and communications platforms technology test and development for the immediate Office of the Secretary of Defense (OSD), enabling secured computing at residence, temporary, and mobile locations around the world.

JSP also encompasses the Secretary of Defense Communications Office (SECDEFCOMS).  SECFEFCOMS provides the Secretary of Defense resilient communication and situational awareness capabilities, which enable the Secretary of Defense and Immediate Office to coordinate national defense, in every circumstance.</r2:ProgramElementMissionDescription>
        <r2:ChangeSummary>
            <r2:PreviousPresidentBudget>
                <r2:PriorYear>5.177</r2:PriorYear>
                <r2:CurrentYear>2.244</r2:CurrentYear>
                <r2:BudgetYearOne>2.287</r2:BudgetYearOne>
                <r2:BudgetYearOneBase>2.287</r2:BudgetYearOneBase>
            </r2:PreviousPresidentBudget>
            <r2:CurrentPresidentBudget>
                <r2:PriorYear>4.988</r2:PriorYear>
                <r2:CurrentYear>2.244</r2:CurrentYear>
                <r2:BudgetYearOne>1.283</r2:BudgetYearOne>
                <r2:BudgetYearOneBase>1.283</r2:BudgetYearOneBase>
            </r2:CurrentPresidentBudget>
            <r2:TotalAdjustments>
                <r2:PriorYear>-0.189</r2:PriorYear>
                <r2:CurrentYear>0.000</r2:CurrentYear>
                <r2:BudgetYearOne>-1.004</r2:BudgetYearOne>
                <r2:BudgetYearOneBase>-1.004</r2:BudgetYearOneBase>
            </r2:TotalAdjustments>
            <r2:AdjustmentDetails>
                <r2:SBIRSTTRTransfer>
                    <r2:PriorYear>-0.189</r2:PriorYear>
                </r2:SBIRSTTRTransfer>
                <r2:OtherAdjustmentDetailList>
                    <r2:OtherAdjustmentDetail>
                        <r2:Title>Adjustment</r2:Title>
                        <r2:Funding>
                            <r2:PriorYear>0.000</r2:PriorYear>
                            <r2:BudgetYearOne>-1.004</r2:BudgetYearOne>
                            <r2:BudgetYearOneBase>-1.004</r2:BudgetYearOneBase>
                        </r2:Funding>
                    </r2:OtherAdjustmentDetail>
                </r2:OtherAdjustmentDetailList>
            </r2:AdjustmentDetails>
            <r2:SummaryExplanation>The decrease within the FY 2026 profile is due to realignment of resources to O&amp;M in support of increased service subscription and sustainment requirements for network applications and services while retaining sufficient resources to support innovation efforts.</r2:SummaryExplanation>
        </r2:ChangeSummary>
        <r2:ProjectList>
            <r2:Project>
                <r2:ProjectNumber>JSP</r2:ProjectNumber>
                <r2:ProjectTitle>Joint Service Provider</r2:ProjectTitle>
                <r2:SpecialProject>0</r2:SpecialProject>
                <r2:ProjectFunding>
                    <r2:AllPriorYears>18.562</r2:AllPriorYears>
                    <r2:PriorYear>4.988</r2:PriorYear>
                    <r2:CurrentYear>2.244</r2:CurrentYear>
                    <r2:BudgetYearOne>1.283</r2:BudgetYearOne>
                    <r2:BudgetYearOneBase>1.283</r2:BudgetYearOneBase>
                </r2:ProjectFunding>
                <r2:R2aExhibit>
                    <r2:ProjectMissionDescription>Joint Service Provider (JSP) provides mobile classified computing and communications platforms technology test and development for the immediate Office of the Secretary of Defense, enabling secured computing at residence, temporary and mobile locations around the world.

JSP also encompasses the Secretary of Defense Communications Office (SECDEFCOMS).  SECFEFCOMS provides the Secretary of Defense resilient communication and situational awareness capabilities, which enable the Secretary of Defense and Immediate Office to coordinate national defense, in every circumstance.</r2:ProjectMissionDescription>
                    <r2:AccomplishmentPlannedProgramList>
                        <r2:AccomplishmentPlannedProgram>
                            <r2:Title>SECDEF Communications</r2:Title>
                            <r2:Description>Provides mobile classified computing and communications platforms technology test and development for the immediate Office of the Secretary of Defense, enabling secured computing at residence, temporary and mobile locations around the world.</r2:Description>
                            <r2:Accomplishment>
                                <r2:PriorYear>
                                    <r2:Funding>2.115</r2:Funding>
                                    <r2:Text>Supports modernization and capability efforts for mobile classified computing and other communications platforms technology. The JSP will also test and develop secured computing at residence, temporary, mobile, and deployed locations around the world that are at risk of overuse.</r2:Text>
                                </r2:PriorYear>
                            </r2:Accomplishment>
                            <r2:PlannedProgram>
                                <r2:CurrentYear>
                                    <r2:Funding>2.244</r2:Funding>
                                    <r2:Text>Provide mobile classified computing and communications platforms technology test and development for the immediate Office of the Secretary of Defense, enabling secured computing at residence, temporary and mobile locations around the world.</r2:Text>
                                </r2:CurrentYear>
                                <r2:BudgetYearOne>
                                    <r2:Funding>1.283</r2:Funding>
                                </r2:BudgetYearOne>
                                <r2:BudgetYearOneBase>
                                    <r2:Funding>1.283</r2:Funding>
                                    <r2:Text>Provide mobile classified computing and communications platforms technology test and development for the immediate Office of the Secretary of Defense, enabling secured computing at residence, temporary and mobile locations around the world. Support the next generation communication capabilities and integration requirements necessary to enable future state missions and ensure tighter alignment with the Defense Planning Guide and Capability Programming Guide.</r2:Text>
                                </r2:BudgetYearOneBase>
                                <r2:AppChangeSummary>The decrease of -$0.961  between FY 2025 and FY 2026 is due to realignment of resources to O&amp;M in support of increased service subscription and sustainment requirements for network applications and services while retaining sufficient resources to support innovation efforts.</r2:AppChangeSummary>
                            </r2:PlannedProgram>
                        </r2:AccomplishmentPlannedProgram>
                        <r2:AccomplishmentPlannedProgram>
                            <r2:Title>Enterprise Initiative Test &amp; Development</r2:Title>
                            <r2:Description>This activity allows JSP's testing environment to combine commercial and government-managed software to create stronger network transport, storage, compute, and defensive cyber operation capabilities. This effort enables informed investment in cyber defense, resilience, and integration into the full spectrum of DoD needs. Enterprise testing and developing also helps create a more resilient Department of Defense Information Network (DODIN) in the face of an increasingly sophisticated cyber threat environment.</r2:Description>
                            <r2:Accomplishment>
                                <r2:PriorYear>
                                    <r2:Funding>2.873</r2:Funding>
                                    <r2:Text>Evaluate and test AI OPS (Artificial intelligence for IT operations) capabilities to improve data analytics and integrate with service management tools. Identify and evaluate application containerization tools that simplify server hosting requirements and cloud migration. Identify and evaluate cloud-based Desktop as a service solution and evaluate advanced teleworking capabilities to streamline end user access to data in a distributed environment.</r2:Text>
                                </r2:PriorYear>
                            </r2:Accomplishment>
                            <r2:PlannedProgram>
                                <r2:CurrentYear>
                                    <r2:Funding>0.000</r2:Funding>
                                    <r2:Text>No RDT&amp;E funds for FY 2025.</r2:Text>
                                </r2:CurrentYear>
                                <r2:BudgetYearOne>
                                    <r2:Funding>0.000</r2:Funding>
                                </r2:BudgetYearOne>
                                <r2:BudgetYearOneBase>
                                    <r2:Funding>0.000</r2:Funding>
                                    <r2:Text>No RDT&amp;E funds for FY 2026.</r2:Text>
                                </r2:BudgetYearOneBase>
                                <r2:AppChangeSummary>N/A.</r2:AppChangeSummary>
                            </r2:PlannedProgram>
                        </r2:AccomplishmentPlannedProgram>
                    </r2:AccomplishmentPlannedProgramList>
                    <r2:OtherProgramFundingSummaryList>
                        <r2:OtherProgramFundingSummary>
                            <r2:LineItem>0903235K</r2:LineItem>
                            <r2:Title>Operations &amp; Maintenance</r2:Title>
                            <r2:Funding>
                                <r2:PriorYear>40.629</r2:PriorYear>
                                <r2:CurrentYear>39.639</r2:CurrentYear>
                                <r2:BudgetYearOne>46.932</r2:BudgetYearOne>
                                <r2:BudgetYearOneBase>46.932</r2:BudgetYearOneBase>
                            </r2:Funding>
                        </r2:OtherProgramFundingSummary>
                        <r2:OtherProgramFundingSummary>
                            <r2:LineItem>0903235K</r2:LineItem>
                            <r2:Title>Procurement, Defense-Wide</r2:Title>
                            <r2:Funding>
                                <r2:PriorYear>8.902</r2:PriorYear>
                                <r2:CurrentYear>8.525</r2:CurrentYear>
                                <r2:BudgetYearOne>3.552</r2:BudgetYearOne>
                                <r2:BudgetYearOneBase>3.552</r2:BudgetYearOneBase>
                            </r2:Funding>
                        </r2:OtherProgramFundingSummary>
                    </r2:OtherProgramFundingSummaryList>
                    <r2:OtherProgramFundingSummaryRemarks>Above profiles represent SECDEFCOMS funds only as only SECDEFCOMS is requesting FY 2026 RDT&amp;E funds.</r2:OtherProgramFundingSummaryRemarks>
                    <r2:AcquisitionStrategy>N/A</r2:AcquisitionStrategy>
                </r2:R2aExhibit>
            </r2:Project>
        </r2:ProjectList>
    </r2:ProgramElement>
</r2:ProgramElementList>