<?xml version="1.0" encoding="UTF-8"?>
<r2:ProgramElementList xmlns:r2="http://www.dtic.mil/comptroller/xml/schema/022009/r2" targetSchemaVersion="1.0">
    <r2:ProgramElement monetaryUnit="Millions">
        <r2:ProgramElementNumber>0208097JCY</r2:ProgramElementNumber>
        <r2:ProgramElementTitle>Cyber Command and Control (C2)</r2:ProgramElementTitle>
        <r2:R1LineNumber>230</r2:R1LineNumber>
        <r2:BudgetYear>2026</r2:BudgetYear>
        <r2:BudgetCycle>PB</r2:BudgetCycle>
        <r2:SubmissionDate>2025-06</r2:SubmissionDate>
        <r2:ServiceAgencyName>United States Cyber Command</r2:ServiceAgencyName>
        <r2:AppropriationCode>0400</r2:AppropriationCode>
        <r2:AppropriationName>Research, Development, Test &amp; Evaluation, Defense-Wide</r2:AppropriationName>
        <r2:BudgetActivityNumber>7</r2:BudgetActivityNumber>
        <r2:BudgetActivityTitle>Operational Systems Development</r2:BudgetActivityTitle>
        <r2:ProgramElementFunding>
            <r2:AllPriorYears>0.000</r2:AllPriorYears>
            <r2:PriorYear>95.733</r2:PriorYear>
            <r2:CurrentYear>96.932</r2:CurrentYear>
            <r2:BudgetYearOne>85.833</r2:BudgetYearOne>
            <r2:BudgetYearOneBase>85.833</r2:BudgetYearOneBase>
        </r2:ProgramElementFunding>
        <r2:ProgramElementMissionDescription>Joint Cyber Command and Control (JCC2) provides Combatant Commanders, Joint Force Commanders and Service Component Commanders with enhanced Situational Awareness and Battle Management for cyberspace operations missions and forces. JCC2 establishes a congressionally directed focal point to provide integrated C2 solutions to all echelons for execution of cyberspace operations to enable and accelerate planning/collaboration between Cyber Mission Forces (CMF) and Combatant Commands (CCMD).

JCC2 integrates Cyber C2 with joint, coalition and inter-agency C2 to enhance multi-domain operations, reduce planning time, and improve decision quality and speed--resulting in a shorter kill chain. Capabilities are developed to address the needs. of the CMF conducting cyberspace operations. Additionally, this program leverages and utilizes a Continuous Integration/Continuous Development (CI/CD) Framework to pace development with warfighter need. JCC2 development activities include, but are not limited to rapid prototyping, development of software systems; integration and transition of lab developed cyber capabilities to the warfighter; testing and evaluation; program management, studies, analysis, pilots, and demonstrations; risk reduction for emerging technologies; and development and assessment of operational systems for inclusion into JCC2 to meet capability requirements.

This program is in Budget Activity 7, Operational System Development, as it includes development efforts to upgrade systems that have been fielded or have received approval for full rate production and anticipates production funding in the current or subsequent fiscal year.</r2:ProgramElementMissionDescription>
        <r2:ChangeSummary>
            <r2:PreviousPresidentBudget>
                <r2:PriorYear>95.733</r2:PriorYear>
                <r2:CurrentYear>96.932</r2:CurrentYear>
                <r2:BudgetYearOne>98.358</r2:BudgetYearOne>
                <r2:BudgetYearOneBase>98.358</r2:BudgetYearOneBase>
            </r2:PreviousPresidentBudget>
            <r2:CurrentPresidentBudget>
                <r2:PriorYear>95.733</r2:PriorYear>
                <r2:CurrentYear>96.932</r2:CurrentYear>
                <r2:BudgetYearOne>85.833</r2:BudgetYearOne>
                <r2:BudgetYearOneBase>85.833</r2:BudgetYearOneBase>
            </r2:CurrentPresidentBudget>
            <r2:TotalAdjustments>
                <r2:PriorYear>0.000</r2:PriorYear>
                <r2:CurrentYear>0.000</r2:CurrentYear>
                <r2:BudgetYearOne>-12.525</r2:BudgetYearOne>
                <r2:BudgetYearOneBase>-12.525</r2:BudgetYearOneBase>
            </r2:TotalAdjustments>
            <r2:AdjustmentDetails>
                <r2:OtherAdjustmentDetailList>
                    <r2:OtherAdjustmentDetail>
                        <r2:Title>Reprogram</r2:Title>
                        <r2:Funding>
                            <r2:BudgetYearOne>-12.525</r2:BudgetYearOne>
                            <r2:BudgetYearOneBase>-12.525</r2:BudgetYearOneBase>
                        </r2:Funding>
                    </r2:OtherAdjustmentDetail>
                </r2:OtherAdjustmentDetailList>
            </r2:AdjustmentDetails>
        </r2:ChangeSummary>
        <r2:ProjectList>
            <r2:Project>
                <r2:ProjectNumber>CY97C1</r2:ProjectNumber>
                <r2:ProjectTitle>Cyber Command and Control (C2)</r2:ProjectTitle>
                <r2:SpecialProject>0</r2:SpecialProject>
                <r2:ProjectFunding>
                    <r2:AllPriorYears>0.000</r2:AllPriorYears>
                    <r2:PriorYear>0.000</r2:PriorYear>
                    <r2:CurrentYear>96.932</r2:CurrentYear>
                    <r2:BudgetYearOne>85.833</r2:BudgetYearOne>
                    <r2:BudgetYearOneBase>85.833</r2:BudgetYearOneBase>
                </r2:ProjectFunding>
                <r2:R2aExhibit>
                    <r2:ProjectMissionDescription>JCC2 provides Combatant Commanders, Joint Force Commanders, and Service Component Commanders with enhanced Situational Awareness and Battle Management for cyberspace operations missions and forces. JCC2 establishes a congressionally directed focal point to provide integrated C2 solutions to all echelons for execution of cyberspace operations to enable and accelerate planning/collaboration between Cyber Mission Forces (CMF) and Combatant Commands (CCMD).

JCC2 integrates Cyber Command and Control (C2) with joint, coalition and inter-agency C2 to enhance multi-domain operations, reduce planning time, and improve decision quality and speed--resulting in a shorter kill chain. Capabilities are developed to address the needs of the CMF conducting cyberspace operations. Additionally, the program leverages and utilizes a Continuous Integration/Continuous Development (CI/CD) Framework to pace development with warfighter needs. JCC2 development activities include but are not limited to: rapid prototyping, development of software systems; integration and transition of lab developed cyber capabilities to the warfighter; testing and evaluation; program management, studies, analysis, pilots, and demonstrations; risk reduction for emerging technologies; and development and assessment of operational systems for inclusion into JCC2 to meet capability requirements.

JCC2 is a critical capability that enables global cyber offensive and defensive military operations and ensures cohesive and efficient command structures, thus enabling robust coordination and execution of cyber missions.  Situational Awareness tools gather, process, and disseminate real-time intelligence of cyber threats, vulnerabilities, and activities, leading to a comprehensive situational picture that allows commanders to make informed real-time decisions. By integrating data from various sensors, networks, intelligence sources, JCC2 provides a unified view of the cyberspace landscape. In addition, Battle Management (BM) expedites detailed mission planning, execution, mission monitoring, and assessments, ensuring that cyber operations are aligned to strategic objectives and allowing commanders to effectively coordinate cyber defenses, attacks, and other operations with precision. BM enables efficient allocation of cyber resources, including skilled personnel, tools, and capabilities to areas of operations most needed.  This ensures optimal use of available assets to achieve mission success.

The program is comprised of four major application capability areas:
•	Threat Awareness Sharing Capability (TASC) – 12 unique capabilities that provide cyber threat assessment, monitoring, reduction, detection, and response.
•	Mission Assurance Decision Support System (MADSS) - Mission Assurance System of Record for identifying the critical infrastructure required to execute DoD’s numbered missions.
•	JCC2 Cyber Operations (JCO) – Platform that enables operators to manage missions throughout the entire mission lifecycle as well as visualize mission data and operational environments.
•	JCC2 – Readiness (JCC2-R) – a single application leveraging several authoritative data sources to host personnel, training, qualification, and mission readiness data.

The JCC2 program releases incremental capabilities to the cyber operational forces every 2 days to 4 weeks, depending on the application.</r2:ProjectMissionDescription>
                    <r2:AccomplishmentPlannedProgramList>
                        <r2:AccomplishmentPlannedProgram>
                            <r2:Title>Joint Cyber Command and Control</r2:Title>
                            <r2:Description>Program activities occur at multiple operating locations to support development and evaluation activities and JCC2 baseline efforts to provide capabilities. Actions include system and software engineering, field operations and training support, risk management, developmental framework management, and the execution of acquisition activities.

Accomplishments and planned programs include the following: provide management services; develop application program interfaces for development and integration of data sources; develop a framework for expedient and flexible requirements gathering, processing, and capability delivery; migrate capabilities to cloud service to streamline scaling and support faster delivery, to include migration to the JCC2 Amazon Web Service (AWS) managed environment; enhance automation for mapping/monitoring of mission relevant terrain at all domains; integrate Situational Awareness and Battle Management capabilities in support of the Joint Cyber Warfighting Architecture (JCWA) requirements construct and scale and deliver capability through an agile development model, delivering operational capabilities as determined by the governance process.

Accomplishments include:
•	Fully integrated the TASC suite on Unified Big Data Platform (BDP) across NIPR, SIPR, JWICS, giving Combatant Commanders (CCMD) real-time data analytics to make critical decisions on cyber operations.
•	Delivered Mission Assurance capability on JWICS, facilitating USSTRATCOM’s ability to execute Nuclear Command, Control, and Communications (NC3) enterprise cyber operations ensuring integrated deterrence against potential adversaries.
•	Delivered synchronized JCC2-R training mission application with Joint Cyber Operations (JCO), streamlining mission assignment/deconfliction of best qualified operators for global and regional tasking in support of unified joint cyber operations.</r2:Description>
                            <r2:Accomplishment>
                                <r2:PriorYear>
                                    <r2:Funding>0.000</r2:Funding>
                                    <r2:Text>FY 2024 funding supports development of Mission Relevant Terrain in Cyberspace (MRT-C) enhanced visualization and real-time data flows to the JCC2 Threat Awareness application suite; creating, delivering, and integrating the Cyber Force Readiness presentation capability; developing/improving tools to increase shared situational/battle space awareness, cyberspace operations planning and cyberspace sensing capabilities based on real world use during offensive/defensive cyberspace operations; and developing a capability to use a common framework for cyber risk assessments, to include development of a common data schema.  Funding also includes executing a support contract for Help Desk and IT Services.</r2:Text>
                                </r2:PriorYear>
                            </r2:Accomplishment>
                            <r2:PlannedProgram>
                                <r2:CurrentYear>
                                    <r2:Funding>96.932</r2:Funding>
                                    <r2:Text>Funding supports the following activities: 
•	Continue to develop application program interfaces for development and integration of data sources; develop a framework for expedient and flexible requirements gathering, processing, and capability delivery to address emerging USCYBERCOM requirements; continue to enhance automation for mapping/monitoring of Mission Relevant Terrain - Cyber (MRT-C) across all domains

•	Integrate Situational Awareness and Battle Management capabilities in support of the JCWA requirements construct,
 •	 Scale and deliver capability through an agile development model; consolidate Cyber Ops and Readiness applications into one tool to support operator ease of use and optimal data sharing for effective cyber mission planning; improve data sharing capabilities across the Cyber C2 portfolio in support of cyber tasking operational requirements

•	Enhance Cyber C2 initial training and field support capabilities to address increased application usage across the cyber mission forces.</r2:Text>
                                </r2:CurrentYear>
                                <r2:BudgetYearOne>
                                    <r2:Funding>85.833</r2:Funding>
                                </r2:BudgetYearOne>
                                <r2:BudgetYearOneBase>
                                    <r2:Funding>85.833</r2:Funding>
                                    <r2:Text>Funding supports technology insertion, capability development, and JCWA integration to include the following activities:
•	Incorporate detailed Offensive Cyber Operations targeting data for planning through system integration with Joint Cyber Weapons (JCW) and the Joint Common Access Program (JCAP) systems to semi-automate the path to target planning and capture usage metrics in near real-time across platforms.
•	Create the capability to generate and leverage available analytics to generate tipping and queueing of cyber threats to reduce incident response across the Department of Defense Information Network (DoDIN).
•	Incorporate USSTRATCOM requirements into the JCC2 application suite for automation and support alignment and synchronization between supporting and subordinate commands.
•	Develop the ability to share data between the Service cyber components’ big data platforms to share data for metrics and support advance mission planning and reporting.
•	Develop application trainings to be hosted within the Persistent Cyber Training Environment to equip the global force with advanced proficiency in JCC2 capabilities.</r2:Text>
                                </r2:BudgetYearOneBase>
                                <r2:AppChangeSummary>The decrease of $11.1M from FY 2025 to FY 2026 is due to the efficiencies gained from leveraging the Unified Platform software development/IT operations (Dev/Ops) environment.</r2:AppChangeSummary>
                            </r2:PlannedProgram>
                        </r2:AccomplishmentPlannedProgram>
                    </r2:AccomplishmentPlannedProgramList>
                    <r2:AcquisitionStrategy>JCC2 is in the Software Acquisition Pathway Execution Phase per DoDI 5000.87, which enables continuous integration and delivery of previously developed software capabilities at the speed of relevance. JCC2 applies agile acquisition tenants to the programmatic, design/engineering, test, and delivery aspects to provide an ability to rapidly deliver Situational Awareness/C2 capabilities to the warfighter. JCC2 is transitioning from a collection of distinct, special-purpose tools to an integrated joint C2 capability to reduce overall lifecycle costs, improve interoperability, and increase information sharing across the CCMDs.
As part of a streamlined approach the JCC2 program office is utilizing new and existing contract vehicles as well as concept, development, risk management, production, and deployment plans as part of a streamlined approach.  The JCC2 program office has established a continuous integration/continuous development (CI/CD) pipeline to facilitate the rapid development, integration, and fielding of capabilities to remain responsive to evolving warfighter requirements. The JCC2 program will execute the agile development requirements provided by USCYBERCOM, Army, Navy, Marine Corps, and Air Force stakeholders IAW the prioritization provided by the multi-Service JCC2 governance structure.</r2:AcquisitionStrategy>
                </r2:R2aExhibit>
                <r2:R3Exhibit>
                    <r2:CostCategoryGroupList>
                        <r2:CostCategoryGroup>
                            <r2:Name>Product Development</r2:Name>
                            <r2:CostCategoryItemList>
                                <r2:CostCategoryItem>
                                    <r2:Name>CI/CD Infrastructure</r2:Name>
                                    <r2:FundingVehicle>Various</r2:FundingVehicle>
                                    <r2:PerformingActivity>Multiple</r2:PerformingActivity>
                                    <r2:PerformingActivityLocation>Multiple</r2:PerformingActivityLocation>
                                    <r2:Cost>
                                        <r2:CurrentYear>
                                            <r2:Amount>2.485</r2:Amount>
                                            <r2:AwardDate>2024-12</r2:AwardDate>
                                        </r2:CurrentYear>
                                        <r2:BudgetYearOne>
                                            <r2:Amount>0.000</r2:Amount>
                                        </r2:BudgetYearOne>
                                        <r2:BudgetYearOneBase>
                                            <r2:Amount>0.000</r2:Amount>
                                        </r2:BudgetYearOneBase>
                                        <r2:CostToComplete>Continuing</r2:CostToComplete>
                                        <r2:TotalCost>Continuing</r2:TotalCost>
                                    </r2:Cost>
                                </r2:CostCategoryItem>
                                <r2:CostCategoryItem>
                                    <r2:Name>Agile Capability Development</r2:Name>
                                    <r2:FundingVehicle>Various</r2:FundingVehicle>
                                    <r2:PerformingActivity>Multiple</r2:PerformingActivity>
                                    <r2:PerformingActivityLocation>Multiple</r2:PerformingActivityLocation>
                                    <r2:Cost>
                                        <r2:CurrentYear>
                                            <r2:Amount>65.556</r2:Amount>
                                            <r2:AwardDate>2024-12</r2:AwardDate>
                                        </r2:CurrentYear>
                                        <r2:BudgetYearOne>
                                            <r2:Amount>60.256</r2:Amount>
                                        </r2:BudgetYearOne>
                                        <r2:BudgetYearOneBase>
                                            <r2:Amount>60.256</r2:Amount>
                                            <r2:AwardDate>2025-12</r2:AwardDate>
                                        </r2:BudgetYearOneBase>
                                        <r2:CostToComplete>Continuing</r2:CostToComplete>
                                        <r2:TotalCost>Continuing</r2:TotalCost>
                                    </r2:Cost>
                                </r2:CostCategoryItem>
                            </r2:CostCategoryItemList>
                        </r2:CostCategoryGroup>
                        <r2:CostCategoryGroup>
                            <r2:Name>Support</r2:Name>
                            <r2:CostCategoryItemList>
                                <r2:CostCategoryItem>
                                    <r2:Name>Direct Cite Authority Civilian Pay</r2:Name>
                                    <r2:FundingVehicle>TBD</r2:FundingVehicle>
                                    <r2:PerformingActivity>Multiple</r2:PerformingActivity>
                                    <r2:PerformingActivityLocation>Various</r2:PerformingActivityLocation>
                                    <r2:Cost>
                                        <r2:CurrentYear>
                                            <r2:Amount>11.232</r2:Amount>
                                            <r2:AwardDate>2024-10</r2:AwardDate>
                                        </r2:CurrentYear>
                                        <r2:BudgetYearOne>
                                            <r2:Amount>12.023</r2:Amount>
                                        </r2:BudgetYearOne>
                                        <r2:BudgetYearOneBase>
                                            <r2:Amount>12.023</r2:Amount>
                                            <r2:AwardDate>2025-10</r2:AwardDate>
                                        </r2:BudgetYearOneBase>
                                        <r2:CostToComplete>Continuing</r2:CostToComplete>
                                        <r2:TotalCost>Continuing</r2:TotalCost>
                                    </r2:Cost>
                                </r2:CostCategoryItem>
                            </r2:CostCategoryItemList>
                        </r2:CostCategoryGroup>
                        <r2:CostCategoryGroup>
                            <r2:Name>Test and Evaluation</r2:Name>
                            <r2:CostCategoryItemList>
                                <r2:CostCategoryItem>
                                    <r2:Name>Test and Evaluation</r2:Name>
                                    <r2:ContractMethod>C</r2:ContractMethod>
                                    <r2:ContractType>CPAF</r2:ContractType>
                                    <r2:PerformingActivity>Multiple</r2:PerformingActivity>
                                    <r2:PerformingActivityLocation>Multiple</r2:PerformingActivityLocation>
                                    <r2:Cost>
                                        <r2:CurrentYear>
                                            <r2:Amount>2.225</r2:Amount>
                                            <r2:AwardDate>2024-10</r2:AwardDate>
                                        </r2:CurrentYear>
                                        <r2:BudgetYearOne>
                                            <r2:Amount>1.965</r2:Amount>
                                        </r2:BudgetYearOne>
                                        <r2:BudgetYearOneBase>
                                            <r2:Amount>1.965</r2:Amount>
                                            <r2:AwardDate>2025-10</r2:AwardDate>
                                        </r2:BudgetYearOneBase>
                                        <r2:CostToComplete>Continuing</r2:CostToComplete>
                                        <r2:TotalCost>Continuing</r2:TotalCost>
                                    </r2:Cost>
                                </r2:CostCategoryItem>
                            </r2:CostCategoryItemList>
                        </r2:CostCategoryGroup>
                        <r2:CostCategoryGroup>
                            <r2:Name>Management Services</r2:Name>
                            <r2:CostCategoryItemList>
                                <r2:CostCategoryItem>
                                    <r2:Name>Acquisition Support</r2:Name>
                                    <r2:FundingVehicle>Various</r2:FundingVehicle>
                                    <r2:PerformingActivity>Multiple</r2:PerformingActivity>
                                    <r2:PerformingActivityLocation>Multiple</r2:PerformingActivityLocation>
                                    <r2:Cost>
                                        <r2:CurrentYear>
                                            <r2:Amount>15.434</r2:Amount>
                                            <r2:AwardDate>2024-11</r2:AwardDate>
                                        </r2:CurrentYear>
                                        <r2:BudgetYearOne>
                                            <r2:Amount>11.589</r2:Amount>
                                        </r2:BudgetYearOne>
                                        <r2:BudgetYearOneBase>
                                            <r2:Amount>11.589</r2:Amount>
                                            <r2:AwardDate>2025-11</r2:AwardDate>
                                        </r2:BudgetYearOneBase>
                                        <r2:CostToComplete>Continuing</r2:CostToComplete>
                                        <r2:TotalCost>Continuing</r2:TotalCost>
                                    </r2:Cost>
                                </r2:CostCategoryItem>
                            </r2:CostCategoryItemList>
                        </r2:CostCategoryGroup>
                    </r2:CostCategoryGroupList>
                </r2:R3Exhibit>
                <r2:R4Exhibit>
                    <r2:ScheduleProfile>
                        <r2:ImageFileName>JCC2 2024-07-30 172004.jpg</r2:ImageFileName>
                    </r2:ScheduleProfile>
                </r2:R4Exhibit>
                <r2:R4aExhibit>
                    <r2:SubProjectScheduleList>
                        <r2:SubProjectSchedule>
                            <r2:Title>Joint Cyber Command and Control (JCC2)</r2:Title>
                            <r2:ScheduleDetailList>
                                <r2:ScheduleDetail>
                                    <r2:EventTitle>Continuous Integration and Continuous Delivery Infrastructure</r2:EventTitle>
                                    <r2:Schedule>
                                        <r2:Start>
                                            <r2:Quarter>1</r2:Quarter>
                                            <r2:Year>2026</r2:Year>
                                        </r2:Start>
                                        <r2:End>
                                            <r2:Quarter>4</r2:Quarter>
                                            <r2:Year>2030</r2:Year>
                                        </r2:End>
                                    </r2:Schedule>
                                </r2:ScheduleDetail>
                                <r2:ScheduleDetail>
                                    <r2:EventTitle>Agile Capability Development</r2:EventTitle>
                                    <r2:Schedule>
                                        <r2:Start>
                                            <r2:Quarter>1</r2:Quarter>
                                            <r2:Year>2026</r2:Year>
                                        </r2:Start>
                                        <r2:End>
                                            <r2:Quarter>4</r2:Quarter>
                                            <r2:Year>2030</r2:Year>
                                        </r2:End>
                                    </r2:Schedule>
                                </r2:ScheduleDetail>
                            </r2:ScheduleDetailList>
                        </r2:SubProjectSchedule>
                    </r2:SubProjectScheduleList>
                </r2:R4aExhibit>
            </r2:Project>
            <r2:Project>
                <r2:ProjectNumber>CY02</r2:ProjectNumber>
                <r2:ProjectTitle>Cyber Command and Control</r2:ProjectTitle>
                <r2:SpecialProject>0</r2:SpecialProject>
                <r2:ProjectFunding>
                    <r2:AllPriorYears>0.000</r2:AllPriorYears>
                    <r2:PriorYear>95.733</r2:PriorYear>
                    <r2:CurrentYear>0.000</r2:CurrentYear>
                    <r2:BudgetYearOne>0.000</r2:BudgetYearOne>
                    <r2:BudgetYearOneBase>0.000</r2:BudgetYearOneBase>
                </r2:ProjectFunding>
                <r2:R2aExhibit>
                    <r2:ProjectMissionDescription>Cyber Command and Control (C2) provides Combatant Commanders, Joint Force Commanders and Service Component Commanders with enhanced situational awareness and battle management for cyberspace operations missions and forces. C2 establishes congressionally directed focal point to provide integrated C2 solutions to all echelons for execution of cyberspace operations to enable and accelerate planning/collaboration between Cyber Mission Forces (CMF) and Combatant
Commands (CCMD).

This program will integrate Cyber Command and Control (C2) with Joint, Coalition and inter-agency C2 to enhance multi-domain operations, reduce planning time, improve decision quality and speed resulting in a shorter kill chain. Capabilities will be developed to address the CMF used to conduct cyberspace operations.  Additionally, it will leverage and utilize a Continuous Infrastructure/Continuous Development (CI/CD) Framework to pace development with warfighter need. C2 development activities include but are not limited to rapid prototyping, development of software/hardware systems; integration and transition of lab developed cyber capabilities to the warfighter; testing and evaluation; program management, studies, analysis, pilots, and demonstrations; risk reduction for emerging technologies; and development and assessment of operational systems for inclusion into C2 to meet capability requirements.

This program is in Budget Activity 7, Operational System Development because this budget activity includes development efforts to upgrade systems that have been fielded or have received approval for full rate production and anticipate production funding in the current or subsequent fiscal year.

This program element includes civilian pay expenses required to manage, execute, and deliver existing or emergent support weapon system capability in accordance with USCC MOA with US Air Force.</r2:ProjectMissionDescription>
                    <r2:AccomplishmentPlannedProgramList>
                        <r2:AccomplishmentPlannedProgram>
                            <r2:Title>Cyber Command and Control (C2)</r2:Title>
                            <r2:Description>Program activities occur at multiple operating locations, to support development and evaluation activities, and Joint Cyber C2 (JCC2)  baseline efforts to provide capabilities. Actions include system and software engineering, risk management, developmental framework management, and the execution of acquisition activities.</r2:Description>
                            <r2:Accomplishment>
                                <r2:PriorYear>
                                    <r2:Funding>95.733</r2:Funding>
                                    <r2:Text>Program activities develop Mission Relevant Terrain in Cyberspace, to include real-time data flows to the JCC2 Threat Awareness application suite; create, deliver, and integrate the Force Readiness/Presentation capability; develop/improve tools to increase shared situational/battle space awareness, cyber ops planning and cyber sensing capabilities based on real-world use during offensive/defensive cyberspace operations and develop a capability to use a common framework for cyber risk assessments, to include development of a common data schema; execute support contract for Help Desk and IT Service Management services; develop application program interfaces for development and integration of data sources; develop a framework for expedient and flexible requirements gathering, processing, and capability delivery; migrate capabilities to cloud service to streamline scaling and support faster delivery, to include migration to the JCC2 Amazon Web Service (AWS) managed environment; enhance automation for mapping/monitoring of mission relevant terrain at all domains; integrate Situational Awareness and Battle Management capabilities in support of the Joint Cyber Warfighting Architecture (JCWA) requirements construct and scale and deliver capability
through an agile development model, delivering operational capabilities as determined by governance process.</r2:Text>
                                </r2:PriorYear>
                            </r2:Accomplishment>
                        </r2:AccomplishmentPlannedProgram>
                    </r2:AccomplishmentPlannedProgramList>
                    <r2:OtherProgramFundingSummaryRemarks>USCYBERCOM realigned the Project Code CY02: Cyber Command and Control (C2)  to CY97C1: Cyber Command and Control (C2).</r2:OtherProgramFundingSummaryRemarks>
                    <r2:AcquisitionStrategy>C2 is in the Software Acquisition Execution Phase which enables continuous integration and delivery of software capability at the speed of relevance. C2 will apply agile acquisition tenants to the programmatic, design/engineering, test, and delivery aspects to provide an ability to rapidly deliver Situational Awareness/C2 capabilities to the warfighter. C2 is transitioning from a collection of distinct, special-purpose tools to an integrated joint C2 capability to reduce overall lifecycle costs, improve
interoperability, and increase information sharing across the CCMDs. 

As part of a streamlined approach the C2 program office is utilizing new and existing contract vehicles as well as concept, development, risk management, production,
and deployment plans as part of a streamlined approach. The C2 program office has established a continuous integration/continuous development (CI/CD) pipeline to facilitate the rapid development, integration, and fielding of capabilities to remain responsive to evolving warfighter requirements. The C2 program will execute the agile development requirements provided by USCYBERCOM, Army, Navy, Marine Corps, and Air Force stakeholders in accordance with the prioritization provided by the
multi-Service C2 governance structure.</r2:AcquisitionStrategy>
                </r2:R2aExhibit>
                <r2:R3Exhibit>
                    <r2:CostCategoryGroupList>
                        <r2:CostCategoryGroup>
                            <r2:Name>Product Development</r2:Name>
                            <r2:CostCategoryItemList>
                                <r2:CostCategoryItem>
                                    <r2:Name>CI/CD Infrastructure</r2:Name>
                                    <r2:ContractMethod>C</r2:ContractMethod>
                                    <r2:ContractType>Various</r2:ContractType>
                                    <r2:PerformingActivity>Various</r2:PerformingActivity>
                                    <r2:PerformingActivityLocation>Various</r2:PerformingActivityLocation>
                                    <r2:Cost>
                                        <r2:PriorYear>
                                            <r2:Amount>4.800</r2:Amount>
                                            <r2:AwardDate>2024-02</r2:AwardDate>
                                        </r2:PriorYear>
                                    </r2:Cost>
                                </r2:CostCategoryItem>
                                <r2:CostCategoryItem>
                                    <r2:Name>Agile Capability Development</r2:Name>
                                    <r2:ContractMethod>C</r2:ContractMethod>
                                    <r2:ContractType>Various</r2:ContractType>
                                    <r2:PerformingActivity>Various</r2:PerformingActivity>
                                    <r2:PerformingActivityLocation>Various</r2:PerformingActivityLocation>
                                    <r2:Cost>
                                        <r2:PriorYear>
                                            <r2:Amount>51.941</r2:Amount>
                                            <r2:AwardDate>2024-02</r2:AwardDate>
                                        </r2:PriorYear>
                                    </r2:Cost>
                                </r2:CostCategoryItem>
                            </r2:CostCategoryItemList>
                        </r2:CostCategoryGroup>
                        <r2:CostCategoryGroup>
                            <r2:Name>Support</r2:Name>
                            <r2:CostCategoryItemList>
                                <r2:CostCategoryItem>
                                    <r2:Name>Direct Cite Authority Civilian Pay</r2:Name>
                                    <r2:ContractMethod>C</r2:ContractMethod>
                                    <r2:ContractType>Various</r2:ContractType>
                                    <r2:PerformingActivity>Various</r2:PerformingActivity>
                                    <r2:PerformingActivityLocation>Various</r2:PerformingActivityLocation>
                                    <r2:Cost>
                                        <r2:PriorYear>
                                            <r2:Amount>7.200</r2:Amount>
                                            <r2:AwardDate>2023-10</r2:AwardDate>
                                        </r2:PriorYear>
                                    </r2:Cost>
                                </r2:CostCategoryItem>
                            </r2:CostCategoryItemList>
                        </r2:CostCategoryGroup>
                        <r2:CostCategoryGroup>
                            <r2:Name>Test and Evaluation</r2:Name>
                            <r2:CostCategoryItemList>
                                <r2:CostCategoryItem>
                                    <r2:Name>Test and Evaluation</r2:Name>
                                    <r2:ContractMethod>C</r2:ContractMethod>
                                    <r2:ContractType>Various</r2:ContractType>
                                    <r2:PerformingActivity>Multiple</r2:PerformingActivity>
                                    <r2:PerformingActivityLocation>Multiple</r2:PerformingActivityLocation>
                                    <r2:Cost>
                                        <r2:PriorYear>
                                            <r2:Amount>2.200</r2:Amount>
                                            <r2:AwardDate>2023-10</r2:AwardDate>
                                        </r2:PriorYear>
                                    </r2:Cost>
                                </r2:CostCategoryItem>
                            </r2:CostCategoryItemList>
                        </r2:CostCategoryGroup>
                        <r2:CostCategoryGroup>
                            <r2:Name>Management Services</r2:Name>
                            <r2:CostCategoryItemList>
                                <r2:CostCategoryItem>
                                    <r2:Name>Acquisition Support</r2:Name>
                                    <r2:ContractMethod>C</r2:ContractMethod>
                                    <r2:ContractType>Various</r2:ContractType>
                                    <r2:PerformingActivity>Multiple</r2:PerformingActivity>
                                    <r2:PerformingActivityLocation>Multiple</r2:PerformingActivityLocation>
                                    <r2:Cost>
                                        <r2:PriorYear>
                                            <r2:Amount>29.592</r2:Amount>
                                            <r2:AwardDate>2023-10</r2:AwardDate>
                                        </r2:PriorYear>
                                    </r2:Cost>
                                </r2:CostCategoryItem>
                            </r2:CostCategoryItemList>
                        </r2:CostCategoryGroup>
                    </r2:CostCategoryGroupList>
                </r2:R3Exhibit>
                <r2:R4aExhibit>
                    <r2:SubProjectScheduleList>
                        <r2:SubProjectSchedule>
                            <r2:Title>Joint Cyber Command and Control</r2:Title>
                            <r2:ScheduleDetailList>
                                <r2:ScheduleDetail>
                                    <r2:EventTitle>Continuous Integration and Continuous Delivery Infrastructure</r2:EventTitle>
                                    <r2:Schedule>
                                        <r2:Start>
                                            <r2:Quarter>1</r2:Quarter>
                                            <r2:Year>2024</r2:Year>
                                        </r2:Start>
                                        <r2:End>
                                            <r2:Quarter>4</r2:Quarter>
                                            <r2:Year>2024</r2:Year>
                                        </r2:End>
                                    </r2:Schedule>
                                </r2:ScheduleDetail>
                                <r2:ScheduleDetail>
                                    <r2:EventTitle>Agile Capability development</r2:EventTitle>
                                    <r2:Schedule>
                                        <r2:Start>
                                            <r2:Quarter>1</r2:Quarter>
                                            <r2:Year>2024</r2:Year>
                                        </r2:Start>
                                        <r2:End>
                                            <r2:Quarter>4</r2:Quarter>
                                            <r2:Year>2024</r2:Year>
                                        </r2:End>
                                    </r2:Schedule>
                                </r2:ScheduleDetail>
                            </r2:ScheduleDetailList>
                        </r2:SubProjectSchedule>
                    </r2:SubProjectScheduleList>
                </r2:R4aExhibit>
            </r2:Project>
        </r2:ProjectList>
    </r2:ProgramElement>
</r2:ProgramElementList>