<?xml version="1.0" encoding="UTF-8"?>
<r2:ProgramElementList xmlns:r2="http://www.dtic.mil/comptroller/xml/schema/022009/r2" targetSchemaVersion="1.0">
    <r2:ProgramElement monetaryUnit="Millions">
        <r2:ProgramElementNumber>0208085JCY</r2:ProgramElementNumber>
        <r2:ProgramElementTitle>Robust Infrastructure</r2:ProgramElementTitle>
        <r2:R1LineNumber>132</r2:R1LineNumber>
        <r2:BudgetYear>2026</r2:BudgetYear>
        <r2:BudgetCycle>PB</r2:BudgetCycle>
        <r2:SubmissionDate>2025-06</r2:SubmissionDate>
        <r2:ServiceAgencyName>United States Cyber Command</r2:ServiceAgencyName>
        <r2:AppropriationCode>0400</r2:AppropriationCode>
        <r2:AppropriationName>Research, Development, Test &amp; Evaluation, Defense-Wide</r2:AppropriationName>
        <r2:BudgetActivityNumber>4</r2:BudgetActivityNumber>
        <r2:BudgetActivityTitle>Advanced Component Development &amp; Prototypes (ACD&amp;P)</r2:BudgetActivityTitle>
        <r2:ProgramElementFunding>
            <r2:AllPriorYears>0.000</r2:AllPriorYears>
            <r2:PriorYear>133.630</r2:PriorYear>
            <r2:CurrentYear>0.000</r2:CurrentYear>
            <r2:BudgetYearOne>0.000</r2:BudgetYearOne>
            <r2:BudgetYearOneBase>0.000</r2:BudgetYearOneBase>
        </r2:ProgramElementFunding>
        <r2:ProgramElementMissionDescription>United States Cyber Command's (USCYBERCOM) mission is to deter or defeat strategic threats to US interests and infrastructure, provide mission assurance for the operations and defense of the Department of Defense information environment, and support the achievement of the Joint Force Commander's objectives.
 
The Joint Common Access Platform (JCAP) supports USCYBERCOM by providing a protected, managed, orchestrated environment and common firing platform to coordinate and execute the delivery of cyber effects against approved targets.  This capability enables Cyber Mission Forces' (CMF) ability to execute operations while managing detection and attribution.</r2:ProgramElementMissionDescription>
        <r2:ChangeSummary>
            <r2:PreviousPresidentBudget>
                <r2:PriorYear>170.182</r2:PriorYear>
                <r2:CurrentYear>0.000</r2:CurrentYear>
                <r2:BudgetYearOne>0.000</r2:BudgetYearOne>
                <r2:BudgetYearOneBase>0.000</r2:BudgetYearOneBase>
            </r2:PreviousPresidentBudget>
            <r2:CurrentPresidentBudget>
                <r2:PriorYear>133.630</r2:PriorYear>
                <r2:CurrentYear>0.000</r2:CurrentYear>
                <r2:BudgetYearOne>0.000</r2:BudgetYearOne>
                <r2:BudgetYearOneBase>0.000</r2:BudgetYearOneBase>
            </r2:CurrentPresidentBudget>
            <r2:TotalAdjustments>
                <r2:PriorYear>-36.552</r2:PriorYear>
                <r2:CurrentYear>0.000</r2:CurrentYear>
                <r2:BudgetYearOne>0.000</r2:BudgetYearOne>
                <r2:BudgetYearOneBase>0.000</r2:BudgetYearOneBase>
            </r2:TotalAdjustments>
            <r2:AdjustmentDetails>
                <r2:Reprogrammings>
                    <r2:PriorYear>-36.552</r2:PriorYear>
                </r2:Reprogrammings>
            </r2:AdjustmentDetails>
            <r2:SummaryExplanation>For FY 2025 and beyond USCYBERCOM changed the project structure to more clearly align project and budget activities . See new project code CY85P1 for further justification information.</r2:SummaryExplanation>
        </r2:ChangeSummary>
        <r2:ProjectList>
            <r2:Project>
                <r2:ProjectNumber>CY05</r2:ProjectNumber>
                <r2:ProjectTitle>Robust Infrastructure and Other Cyber Operations Infrastructure</r2:ProjectTitle>
                <r2:SpecialProject>0</r2:SpecialProject>
                <r2:ProjectFunding>
                    <r2:AllPriorYears>0.000</r2:AllPriorYears>
                    <r2:PriorYear>133.630</r2:PriorYear>
                    <r2:CurrentYear>0.000</r2:CurrentYear>
                    <r2:BudgetYearOne>0.000</r2:BudgetYearOne>
                    <r2:BudgetYearOneBase>0.000</r2:BudgetYearOneBase>
                </r2:ProjectFunding>
                <r2:R2aExhibit>
                    <r2:ProjectMissionDescription>US Cyber Command's (USCYBERCOM) mission is to deter or defeat strategic threats to US interests and infrastructure, provide mission assurance for the operations and defense of the Department of Defense information environment, and support the achievement of the Joint Force Commander's objectives.

The Joint Common Access Platform (JCAP) supports USCYBERCOM by providing a protected, managed, orchestrated environment and common firing platform to coordinate and execute the delivery of cyber effects against approved targets. This capability enables Cyber Mission Forces' (CMF) ability to execute operations while managing detection and attribution. The JCAP program leverages existing service access platform programs, with the objective of combining, enhancing, and evolving existing program baselines into a "Best of Breed" JCAP.</r2:ProjectMissionDescription>
                    <r2:AccomplishmentPlannedProgramList>
                        <r2:AccomplishmentPlannedProgram>
                            <r2:Title>Joint Common Access Platform (JCAP)</r2:Title>
                            <r2:Description>The JCAP supports USCYBERCOM by providing a protected, managed, orchestrated environment and common
firing platform to coordinate and execute the delivery of cyber effects against approved targets. This capability enables CMF's ability to execute operations while managing detection and attribution. The JCAP program leverages existing service access platform programs, with the objective of combining, enhancing, and evolving existing program baselines into a "Best of Breed" JCAP.</r2:Description>
                            <r2:Accomplishment>
                                <r2:PriorYear>
                                    <r2:Funding>52.900</r2:Funding>
                                    <r2:Text>FY 2024 JCAP funding reflect Commander United States Cyber Command (CDRUSCYBERCOM) priorities within platform releases to include capability improvements that enhance CMF operations and support mission readiness. The JCAP platform continues collaboration with all stakeholders within the Joint Cyber Warfighting Architecture (JCWA), and continues integration efforts across the JCWA portfolio as prioritized through USCYBERCOM.</r2:Text>
                                </r2:PriorYear>
                            </r2:Accomplishment>
                            <r2:PlannedProgram>
                                <r2:CurrentYear>
                                    <r2:Funding>0.000</r2:Funding>
                                    <r2:Text>FY 2025 and beyond, project CY05 JCAP realigned to project CY85P1 JCAP.</r2:Text>
                                </r2:CurrentYear>
                                <r2:AppChangeSummary>For FY 2025 and beyond,  USCYBERCOM changed the project structure to more clearly align projects and budget activities more clearly. See new project code CY85P1 for further justification information.</r2:AppChangeSummary>
                            </r2:PlannedProgram>
                        </r2:AccomplishmentPlannedProgram>
                        <r2:AccomplishmentPlannedProgram>
                            <r2:Title>Other Cyber Operations Infrastructure</r2:Title>
                            <r2:Description>The Robust Infrastructure portfolio provides select resources in support of Defensive Cyberspace Operations, such as the managed unclassified infrastructure that provides virtual tenant spaces for Cyber National Mission Force (CNMF) Hunt Forward Operations (HFO) missions. CNMF conducted 22 HFO deployments to support foreign allies/partners in calendar year 2023.

The CENTURION effort involves developing and advancing the state of the art in non-kinetic capabilities, delivered to operators with the appropriate authorities for effect to meet designated USCYBERCOM and DoD missions.</r2:Description>
                            <r2:Accomplishment>
                                <r2:PriorYear>
                                    <r2:Funding>80.730</r2:Funding>
                                    <r2:Text>Funding in FY 2024 for Robust Infrastructure supports increasing maturity in acquiring, deploying, and improving technical infrastructure, expert contract services, and low-equity cyber tooling to meet the specific rapid access generation and tradecraft innovation/transfer needs of USCYBERCOM..

FY 2024 funding for CENTURION will execute the development pipeline of capabilities, identifying appropriate mechanisms to support USCYBERCOM and DoD goals and mission. CENTURION will also deliver additional non-kinetic capabilities/ applications in accordance with identified opportunities and mission goals and expand applicability of strategy and tools to support additional AORs as needed and directed.</r2:Text>
                                </r2:PriorYear>
                            </r2:Accomplishment>
                            <r2:PlannedProgram>
                                <r2:CurrentYear>
                                    <r2:Funding>0.000</r2:Funding>
                                    <r2:Text>FY 2025 and beyond, project code other infrastructure realigned to BA07 project CY85R1.</r2:Text>
                                </r2:CurrentYear>
                                <r2:AppChangeSummary>For FY 2025 and beyond USCYBERCOM changed the project code structure to align projects and budget activities more clearly.  See new project CY85R1 for further justification information.</r2:AppChangeSummary>
                            </r2:PlannedProgram>
                        </r2:AccomplishmentPlannedProgram>
                    </r2:AccomplishmentPlannedProgramList>
                </r2:R2aExhibit>
                <r2:R3Exhibit>
                    <r2:CostCategoryGroupList>
                        <r2:CostCategoryGroup>
                            <r2:Name>Product Development</r2:Name>
                            <r2:CostCategoryItemList>
                                <r2:CostCategoryItem>
                                    <r2:Name>JCAP</r2:Name>
                                    <r2:ContractMethod>C</r2:ContractMethod>
                                    <r2:ContractType>Various</r2:ContractType>
                                    <r2:PerformingActivity>Various</r2:PerformingActivity>
                                    <r2:PerformingActivityLocation>Various</r2:PerformingActivityLocation>
                                    <r2:Cost>
                                        <r2:PriorYear>
                                            <r2:Amount>52.900</r2:Amount>
                                            <r2:AwardDate>2023-10</r2:AwardDate>
                                        </r2:PriorYear>
                                        <r2:CurrentYear>
                                            <r2:Amount>0.000</r2:Amount>
                                        </r2:CurrentYear>
                                    </r2:Cost>
                                </r2:CostCategoryItem>
                                <r2:CostCategoryItem>
                                    <r2:Name>Other Cyber Operations Infrastructure</r2:Name>
                                    <r2:ContractMethod>C</r2:ContractMethod>
                                    <r2:ContractType>Various</r2:ContractType>
                                    <r2:PerformingActivity>Various</r2:PerformingActivity>
                                    <r2:PerformingActivityLocation>Various</r2:PerformingActivityLocation>
                                    <r2:Cost>
                                        <r2:PriorYear>
                                            <r2:Amount>80.730</r2:Amount>
                                            <r2:AwardDate>2023-10</r2:AwardDate>
                                        </r2:PriorYear>
                                        <r2:CurrentYear>
                                            <r2:Amount>0.000</r2:Amount>
                                        </r2:CurrentYear>
                                    </r2:Cost>
                                </r2:CostCategoryItem>
                            </r2:CostCategoryItemList>
                        </r2:CostCategoryGroup>
                    </r2:CostCategoryGroupList>
                </r2:R3Exhibit>
                <r2:R4aExhibit>
                    <r2:SubProjectScheduleList>
                        <r2:SubProjectSchedule>
                            <r2:Title>Joint Common Access Platform (JCAP)</r2:Title>
                            <r2:ScheduleDetailList>
                                <r2:ScheduleDetail>
                                    <r2:EventTitle>Joint Common Access Platform (JCAP)</r2:EventTitle>
                                    <r2:Schedule>
                                        <r2:Start>
                                            <r2:Quarter>1</r2:Quarter>
                                            <r2:Year>2024</r2:Year>
                                        </r2:Start>
                                        <r2:End>
                                            <r2:Quarter>4</r2:Quarter>
                                            <r2:Year>2024</r2:Year>
                                        </r2:End>
                                    </r2:Schedule>
                                </r2:ScheduleDetail>
                            </r2:ScheduleDetailList>
                        </r2:SubProjectSchedule>
                        <r2:SubProjectSchedule>
                            <r2:Title>Other Cyber Operations Infrastructure</r2:Title>
                            <r2:ScheduleDetailList>
                                <r2:ScheduleDetail>
                                    <r2:EventTitle>Other Cyber Operations Infrastructure</r2:EventTitle>
                                    <r2:Schedule>
                                        <r2:Start>
                                            <r2:Quarter>1</r2:Quarter>
                                            <r2:Year>2024</r2:Year>
                                        </r2:Start>
                                        <r2:End>
                                            <r2:Quarter>4</r2:Quarter>
                                            <r2:Year>2024</r2:Year>
                                        </r2:End>
                                    </r2:Schedule>
                                </r2:ScheduleDetail>
                            </r2:ScheduleDetailList>
                        </r2:SubProjectSchedule>
                    </r2:SubProjectScheduleList>
                </r2:R4aExhibit>
            </r2:Project>
        </r2:ProjectList>
    </r2:ProgramElement>
</r2:ProgramElementList>