<?xml version="1.0" encoding="UTF-8"?>
<r2:ProgramElementList xmlns:r2="http://www.dtic.mil/comptroller/xml/schema/022009/r2" targetSchemaVersion="1.0">
    <r2:ProgramElement monetaryUnit="Millions">
        <r2:ProgramElementNumber>0208059JCY</r2:ProgramElementNumber>
        <r2:ProgramElementTitle>CYBERCOM Activities</r2:ProgramElementTitle>
        <r2:R1LineNumber>131</r2:R1LineNumber>
        <r2:BudgetYear>2026</r2:BudgetYear>
        <r2:BudgetCycle>PB</r2:BudgetCycle>
        <r2:SubmissionDate>2025-06</r2:SubmissionDate>
        <r2:ServiceAgencyName>United States Cyber Command</r2:ServiceAgencyName>
        <r2:AppropriationCode>0400</r2:AppropriationCode>
        <r2:AppropriationName>Research, Development, Test &amp; Evaluation, Defense-Wide</r2:AppropriationName>
        <r2:BudgetActivityNumber>4</r2:BudgetActivityNumber>
        <r2:BudgetActivityTitle>Advanced Component Development &amp; Prototypes (ACD&amp;P)</r2:BudgetActivityTitle>
        <r2:ProgramElementFunding>
            <r2:AllPriorYears>0.000</r2:AllPriorYears>
            <r2:PriorYear>65.484</r2:PriorYear>
            <r2:CurrentYear>35.700</r2:CurrentYear>
            <r2:BudgetYearOne>30.212</r2:BudgetYearOne>
            <r2:BudgetYearOneBase>30.212</r2:BudgetYearOneBase>
        </r2:ProgramElementFunding>
        <r2:ProgramElementMissionDescription>United States Cyber Command "USCYBERCOM" Activities funds engineering support, analytical support, and Information Technology (IT) development for headquarters operations.  These activities provide the foundational support to enable contributions to the Joint Force while operating with greater effectiveness and efficiency.

.</r2:ProgramElementMissionDescription>
        <r2:ChangeSummary>
            <r2:PreviousPresidentBudget>
                <r2:PriorYear>65.484</r2:PriorYear>
                <r2:CurrentYear>35.700</r2:CurrentYear>
                <r2:BudgetYearOne>34.432</r2:BudgetYearOne>
                <r2:BudgetYearOneBase>34.432</r2:BudgetYearOneBase>
            </r2:PreviousPresidentBudget>
            <r2:CurrentPresidentBudget>
                <r2:PriorYear>65.484</r2:PriorYear>
                <r2:CurrentYear>35.700</r2:CurrentYear>
                <r2:BudgetYearOne>30.212</r2:BudgetYearOne>
                <r2:BudgetYearOneBase>30.212</r2:BudgetYearOneBase>
            </r2:CurrentPresidentBudget>
            <r2:TotalAdjustments>
                <r2:PriorYear>0.000</r2:PriorYear>
                <r2:CurrentYear>0.000</r2:CurrentYear>
                <r2:BudgetYearOne>-4.220</r2:BudgetYearOne>
                <r2:BudgetYearOneBase>-4.220</r2:BudgetYearOneBase>
            </r2:TotalAdjustments>
            <r2:AdjustmentDetails>
                <r2:OtherAdjustmentDetailList>
                    <r2:OtherAdjustmentDetail>
                        <r2:Title>Reprogramming</r2:Title>
                        <r2:Funding>
                            <r2:BudgetYearOne>-4.220</r2:BudgetYearOne>
                            <r2:BudgetYearOneBase>-4.220</r2:BudgetYearOneBase>
                        </r2:Funding>
                    </r2:OtherAdjustmentDetail>
                </r2:OtherAdjustmentDetailList>
            </r2:AdjustmentDetails>
        </r2:ChangeSummary>
        <r2:ProjectList>
            <r2:Project>
                <r2:ProjectNumber>CY59A1</r2:ProjectNumber>
                <r2:ProjectTitle>CYBERCOM Activities</r2:ProjectTitle>
                <r2:SpecialProject>0</r2:SpecialProject>
                <r2:ProjectFunding>
                    <r2:AllPriorYears>0.000</r2:AllPriorYears>
                    <r2:PriorYear>0.000</r2:PriorYear>
                    <r2:CurrentYear>35.700</r2:CurrentYear>
                    <r2:BudgetYearOne>30.212</r2:BudgetYearOne>
                    <r2:BudgetYearOneBase>30.212</r2:BudgetYearOneBase>
                </r2:ProjectFunding>
                <r2:R2aExhibit>
                    <r2:ProjectMissionDescription>United States Cyber Command (USCYBERCOM) Activities funds engineering support, analytical support, and Information Technology (IT) development for headquarters operations.   These activities provide the foundational support to enable contributions to the Joint Force while operating with greater effectiveness and efficiency.</r2:ProjectMissionDescription>
                    <r2:AccomplishmentPlannedProgramList>
                        <r2:AccomplishmentPlannedProgram>
                            <r2:Title>HQ Engineering and Analytic Support</r2:Title>
                            <r2:Description>Supports specialized expertise in providing technical, scientific, analytical, and systems engineering support to enhance the full range of cyber activities across the spectrum of conflict.  This expertise spans enterprise systems engineering and systems architecture design, requirements analysis, development and assessment of system integration strategies, analysis of technical performance and mission readiness, strategic planning, capability assessments and gap analysis, special program planning, and acquisition support. The result is an enhanced USCYBERCOM ability to develop and effectively deploy defensive and offensive cyber operational effects.   

USCYBERCOM leverages technical staff support for cybersecurity, engineering, and architecture activities in support of IT capability development, assessment, and modernization of USCYBERCOM systems.</r2:Description>
                            <r2:Accomplishment>
                                <r2:PriorYear>
                                    <r2:Funding>0.000</r2:Funding>
                                    <r2:Text>FY 2024 funds supports the following priority tasks and capabilities for HQ Support:
•	Provide a range of technical, systems engineering, and analytical support for the implementation of USCYBERCOM’s Systems Engineering and Integration Authority. This includes development of the Joint Cyber Warfighting Architecture (JCWA) and support for the Component Acquisition Executive (CAE).
•  Identify capability gaps in current training, materiel, data sources, compute infrastructure, operational tactics, prototypes or other solutions to mitigate risk, including growing the Cyber National Mission Force’s (CNMF) ability to engage adversaries at scale; informing deliberations on access strategy; defending non-traditional cyber environments; assessing artificial intelligence needs via systems analysis and create metrics, evaluation tools, and frameworks to ensure robustness; enhancing measurement of and evaluation capabilities for offensive cyber tools; and providing technical evaluation of innovations associated with Defense Advanced research Projects Agency (DARPA) Constellation, In-Q-Tel, and other programs and support the rapid integration of these technologies.
•	Develop Mission Relevant Terrain-Cyber (MRT-C) mapping and aggregation mechanisms, to include coordination roles, responsibilities and reporting procedures, and complete initial baseline to provide capability to identify, secure, operate, and maintain situational awareness of USCYBERCOM task critical assets and associated MRT-C.
•	Develop cyber wargaming concepts and force design projections through modeling and simulation efforts, which influence strategic cyber targeting strategy. The concepts incorporate Artificial Intelligence(AI) and Machine Learning(ML)  projections to understand the future cyber scalability challenges and influence the force design models.</r2:Text>
                                </r2:PriorYear>
                            </r2:Accomplishment>
                            <r2:PlannedProgram>
                                <r2:CurrentYear>
                                    <r2:Funding>27.393</r2:Funding>
                                    <r2:Text>Funds support the following priority tasks and capabilities for USCYBERCOM Support:

•  Assist USCYBERCOM with the implementation of the Systems Engineering and Integration Authorities and other necessary system and process development.  

•  Refine assessment of capability gaps in training, materiel, data sources, compute infrastructure, and operational tactics as these evolve and mature. This involves providing enhanced options to integrate prototyped mitigation technologies into operations; providing engagement options to the Cyber National Mission Force (CNMF) within the areas of Hunt Forward Operations and analysis of Malicious Cyber Actor (MCA) target systems; and ensuring CNMF operational needs are being met in the prototype development process via incorporating adjustments to the systems based on feedback from operators. 

•  Conduct analysis to plan for the execution and the delivery of an integrated prototype of an artificial intelligence (AI) enabled system and its components; improve performance and evaluate mission-ready, artificial intelligence (AI) enabled systems based on FY 2025-funded AI efforts; expand the common cyber mission data holdings to support multi-domain missions; further enhancing and integrating novel assessment technologies to satisfy operational requirements; and develop and refine prototype sensing capabilities for non-traditional cyber environments to enhance the Cyber Mission Force’s ability to defend nations’ critical infrastructure.

•   Expand technical evaluations of innovations coming from DARPA Constellation, In-Q-Tel, and other programs, including guiding leading technologies from these efforts toward rapid technical transfer and integration into USCYBERCOM’s mission.

•  Mature the Mission Relevant Terrain-Cyber (MRT-C) mapping, to include extension to Service Cyber Components (SCC), and develop and test methods and procedures to execute Cybersecurity Risk Assessments of terrain to proactively identify and manage risks against USCYBERCOM task critical assets and associated MRT-C.

•  Further develop cyber wargaming concepts to include dynamic scenarios and the force design projections through modeling and simulation efforts, which will further refine strategic cyber targeting strategy.</r2:Text>
                                </r2:CurrentYear>
                                <r2:BudgetYearOne>
                                    <r2:Funding>25.622</r2:Funding>
                                </r2:BudgetYearOne>
                                <r2:BudgetYearOneBase>
                                    <r2:Funding>25.622</r2:Funding>
                                    <r2:Text>•  Assist CNMF in providing strategies, implementation plans, and prototype solutions for current and future state capabilities required to equip the Task Forces and improve their capacity to defend against and respond to cyber threats that impact US interests, through the execution of Hunt Forward Operations and the analysis of target systems to identify offensive and defensive engagement opportunities. Continue to assist CNMF in the implementation of the 5-year AI Roadmap aligned to USCYBERCOM’s mission.

•  Transition, integrate, and operationalize externally developed special program capabilities by establishing the enabling processes and procedures as identified in the DOTMLPF-F Change Recommendations 033-24.

•  Enhance Operating Concepts to address evolving threats and incorporate emerging technology. Support the development of material and non-material requirements impacting the Command’s training, exercises, wargaming, force design, policy, acquisition, and strategies.

•  Provide program execution analysis, technical assessments, technical and program strategies, implementation plans, requirements, and prototype solutions for current and future state capabilities required to equip the Cyber Forces and improve their capacity to collectively defend against and respond to cyber threats. 

•  Engage in the Defensive Cyber Operations (DCO) Community of Interest (COI), to identify areas of opportunity for data integration and development of requirements across commands, centers, and agencies.  Conduct studies to develop joint architecture solution for DCO, including developing design concepts and technology prototypes that improve analytic superiority across defensive cyberspace operations, and transition technology through JCWA Programs of Records (PORs).
 
•  Implement the Systems Engineering and Integration Authorities and other necessary process development on the path to USCYBERCOM establishing a JCWA PEO by FY 2027 as directed in NDAA for FY 2023, Section 1509.

•  Evaluate innovations from DARPA, SCO, In-Q-Tel, and other programs, and help inform transition paths through DARPA Constellation and other relevant efforts to enhance USCYBERCOM’s cyberspace operations capabilities.</r2:Text>
                                </r2:BudgetYearOneBase>
                                <r2:AppChangeSummary>The decrease reflects reduced support to continuous architectural design, requirements analysis, development, system integration and analytic support across the enterprise.</r2:AppChangeSummary>
                            </r2:PlannedProgram>
                        </r2:AccomplishmentPlannedProgram>
                        <r2:AccomplishmentPlannedProgram>
                            <r2:Title>HQ IT Development</r2:Title>
                            <r2:Description>USCYBERCOM develops, enhances, and operates commercial cloud environments for the enterprise, integrating cybersecurity and common IT services with cyberspace planning and operations to enable the CMF and support elements with rapid capabilities necessary to persistently engage and defeat the adversary in cyberspace. USCYBERCOM supports and enhances centralized continuous monitoring, security control assessment, and DoD mandated Cybersecurity Service Provider (CSSP) services in support of IT system development and JCWA to include exploration on integrating DevSecOps capabilities.</r2:Description>
                            <r2:Accomplishment>
                                <r2:PriorYear>
                                    <r2:Funding>0.000</r2:Funding>
                                    <r2:Text>FY 2024 funding for HQ IT supports establishing recurring Engineering Review Boards (ERB) and Architecture Review Boards (ARB) to align sustainment criteria for systems throughout the design and development phases of capability development. The funding also achieves the ability to develop, test, and field a Command Cloud Infrastructure-as-a-Service environment on SIPRNet, and testing of commercial cloud services in the Top Secret environment to enable rapid accreditation and deployment of emerging technology and cyber tools. FY 2024 funding also supports development and implementation of cybersecurity requirements.</r2:Text>
                                </r2:PriorYear>
                            </r2:Accomplishment>
                            <r2:PlannedProgram>
                                <r2:CurrentYear>
                                    <r2:Funding>8.307</r2:Funding>
                                    <r2:Text>Funding for USCYBERCOM IT supports the continuation of efforts providing engineering and cybersecurity support for new IT requirements analysis, design, planning and implementation of IT solutions.  These include implementing centralized security and monitoring capabilities for the Command’s dynamic multi-cloud and on-premise network environment spanning across classification levels. FY 2025 funding also supports incorporating DevSecOps frameworks, tools and enforcement mechanisms into cloud infrastructure environments and IT system development processes, to include prototyping and development of automated Authority to Operate (ATO) capabilities to support rapid accreditation of mission systems.</r2:Text>
                                </r2:CurrentYear>
                                <r2:BudgetYearOne>
                                    <r2:Funding>4.590</r2:Funding>
                                </r2:BudgetYearOne>
                                <r2:BudgetYearOneBase>
                                    <r2:Funding>4.590</r2:Funding>
                                    <r2:Text>•  As USCYBERCOM IT transitions many of our research and development initiatives into full operational use, the focus of the FY 2026 RDT&amp;E budget is on completing the final stages of development for key technologies while strategically scaling down RDT&amp;E investments in favor of increased O&amp;M appropriations. This shift reflects the successful maturation of critical projects, particularly in cloud computing, cybersecurity, and enterprise architecture, which are now moving into sustained operational phases. 

•  Funds will be used to finalize any remaining testing and evaluation processes, ensuring that these technologies meet all operational requirements before being fully handed over to O&amp;M for ongoing support and optimization. 

• This careful transition ensures that we maximize the value of our RDT&amp;E investments while strategically reallocating resources to maintain and enhance these capabilities in their operational lifecycle, thereby supporting our long-term mission goals.</r2:Text>
                                </r2:BudgetYearOneBase>
                                <r2:AppChangeSummary>The decrease of $3.7M is due to RDT&amp;E activities transitioning to O&amp;M-funded efforts such as steady-state cloud hosting, enterprise cloud governance, and concerted efforts to identify, assess, and execute minor refactoring of IT systems and mission cyberspace capabilities for integration into the Command Cloud commercial environments.</r2:AppChangeSummary>
                            </r2:PlannedProgram>
                        </r2:AccomplishmentPlannedProgram>
                    </r2:AccomplishmentPlannedProgramList>
                    <r2:AcquisitionStrategy>Facilitate the delivery of cyber capability by applying innovative solutions for existing and emerging technologies. Contracts are awarded under full and open competition whenever possible. Variations of both Fixed Price (FP) and Cost Plus (CP) contracting vehicles will be executed and managed by USCYBERCOM Acquisition authority, as well as various Service Component contracting offices, other Defense Agency contracting offices and the National Security Agency contracting offices.</r2:AcquisitionStrategy>
                </r2:R2aExhibit>
                <r2:R3Exhibit>
                    <r2:CostCategoryGroupList>
                        <r2:CostCategoryGroup>
                            <r2:Name>Product Development</r2:Name>
                            <r2:Remarks>Explain</r2:Remarks>
                            <r2:CostCategoryItemList>
                                <r2:CostCategoryItem>
                                    <r2:Name>Cyber Technology</r2:Name>
                                    <r2:ContractMethod>C</r2:ContractMethod>
                                    <r2:ContractType>Various</r2:ContractType>
                                    <r2:PerformingActivity>Various</r2:PerformingActivity>
                                    <r2:PerformingActivityLocation>Various</r2:PerformingActivityLocation>
                                    <r2:Cost>
                                        <r2:PriorYear>
                                            <r2:Amount>0.000</r2:Amount>
                                        </r2:PriorYear>
                                        <r2:CurrentYear>
                                            <r2:Amount>35.700</r2:Amount>
                                            <r2:AwardDate>2024-10</r2:AwardDate>
                                        </r2:CurrentYear>
                                        <r2:BudgetYearOne>
                                            <r2:Amount>30.212</r2:Amount>
                                        </r2:BudgetYearOne>
                                        <r2:BudgetYearOneBase>
                                            <r2:Amount>30.212</r2:Amount>
                                            <r2:AwardDate>2025-11</r2:AwardDate>
                                        </r2:BudgetYearOneBase>
                                    </r2:Cost>
                                </r2:CostCategoryItem>
                            </r2:CostCategoryItemList>
                        </r2:CostCategoryGroup>
                    </r2:CostCategoryGroupList>
                </r2:R3Exhibit>
                <r2:R4aExhibit>
                    <r2:SubProjectScheduleList>
                        <r2:SubProjectSchedule>
                            <r2:Title>Cyber Technology Development</r2:Title>
                            <r2:ScheduleDetailList>
                                <r2:ScheduleDetail>
                                    <r2:EventTitle>Cyber Technology Development</r2:EventTitle>
                                    <r2:Schedule>
                                        <r2:Start>
                                            <r2:Quarter>1</r2:Quarter>
                                            <r2:Year>2026</r2:Year>
                                        </r2:Start>
                                        <r2:End>
                                            <r2:Quarter>4</r2:Quarter>
                                            <r2:Year>2026</r2:Year>
                                        </r2:End>
                                    </r2:Schedule>
                                </r2:ScheduleDetail>
                            </r2:ScheduleDetailList>
                        </r2:SubProjectSchedule>
                    </r2:SubProjectScheduleList>
                </r2:R4aExhibit>
            </r2:Project>
            <r2:Project>
                <r2:ProjectNumber>CY04</r2:ProjectNumber>
                <r2:ProjectTitle>CYBERCOM Activities</r2:ProjectTitle>
                <r2:SpecialProject>0</r2:SpecialProject>
                <r2:ProjectFunding>
                    <r2:AllPriorYears>0.000</r2:AllPriorYears>
                    <r2:PriorYear>65.484</r2:PriorYear>
                    <r2:CurrentYear>0.000</r2:CurrentYear>
                    <r2:BudgetYearOne>0.000</r2:BudgetYearOne>
                    <r2:BudgetYearOneBase>0.000</r2:BudgetYearOneBase>
                </r2:ProjectFunding>
                <r2:R2aExhibit>
                    <r2:ProjectMissionDescription>In FY 2025, $35.7M was realigned from to project CY04 CYBERCOM Activities to Project CY59A1 CYBERCOM Activities.  The remaining $19.8M from Project CY04 CYBERCOM Activities was realigned to PE 0306250JCY, Cyber Operations Technology Support, BA 08, Project CY50D1 "Data Sensors DMSS Kits"</r2:ProjectMissionDescription>
                    <r2:AccomplishmentPlannedProgramList>
                        <r2:AccomplishmentPlannedProgram>
                            <r2:Title>CYBERCOM Activities</r2:Title>
                            <r2:Accomplishment>
                                <r2:PriorYear>
                                    <r2:Funding>65.484</r2:Funding>
                                    <r2:Text>FY 2024, funding supports HQ IT establishing recurring Engineering Review Boards (ERB) and Architecture Review Boards (ARB) to align sustainment criteria for systems throughout the design and development phases of capability development. The funding also achieves the ability to develop, test, and field a Command Cloud Infrastructure-as-a-Service environment on SIPRNet, and testing of commercial cloud services in the Top Secret environment to enable rapid accreditation and deployment of emerging technology and cyber tools. Other key tasks achieved with FY 2024 funding are the development and implementation of cybersecurity requirements for standard and rapid program management activities.

FY 2024 funds support the following priority tasks and capabilities for HQ Support:
•  Provide a range of technical, systems engineering, and analytical support for the implementation of USCYBERCOM’s Systems Engineering and Integration Authority. This includes development of the Joint Cyber Warfighting Architecture (JCWA) and support for the Component Acquisition Executive (CAE).
•  Identify capability gaps in current training, materiel, data sources, compute infrastructure, and operational tactics and develop prototypes and other solutions to mitigate risk, including growing the Cyber National Mission Force’s (CNMF) ability to engage adversaries at scale; informing deliberations on access strategy; defending non-traditional cyber environments; assessing artificial intelligence needs via systems analysis and create metrics, evaluation tools, and frameworks to ensure robustness; enhancing measurement of and evaluation capabilities for offensive cyber tools; and providing technical evaluation of innovations associated with DARPA Constellation, In-Q-Tel, and other programs and support the rapid integration of these technologies.
•  Develop Mission Relevant Terrain-Cyber (MRT-C) mapping and aggregation mechanisms, to include coordination roles, responsibilities and reporting procedures, and complete initial baseline to provide capability to identify, secure, operate, and maintain situational awareness of USCYBERCOM task critical assets and associated MRT-C.
•  Develop cyber wargaming concepts and force design projections through modeling and simulation efforts, which will influence strategic cyber targeting strategy. The concepts will incorporate AI and ML projections to understand the future cyber scalability challenges and influence the force design models</r2:Text>
                                </r2:PriorYear>
                            </r2:Accomplishment>
                        </r2:AccomplishmentPlannedProgram>
                    </r2:AccomplishmentPlannedProgramList>
                </r2:R2aExhibit>
                <r2:R3Exhibit>
                    <r2:CostCategoryGroupList>
                        <r2:CostCategoryGroup>
                            <r2:Name>Product Development</r2:Name>
                            <r2:CostCategoryItemList>
                                <r2:CostCategoryItem>
                                    <r2:Name>Cyber Technology Department</r2:Name>
                                    <r2:ContractMethod>C</r2:ContractMethod>
                                    <r2:ContractType>Various</r2:ContractType>
                                    <r2:PerformingActivity>Various</r2:PerformingActivity>
                                    <r2:PerformingActivityLocation>Various</r2:PerformingActivityLocation>
                                    <r2:Cost>
                                        <r2:PriorYear>
                                            <r2:Amount>65.484</r2:Amount>
                                            <r2:AwardDate>2024-03</r2:AwardDate>
                                        </r2:PriorYear>
                                        <r2:CurrentYear>
                                            <r2:Amount>0.000</r2:Amount>
                                        </r2:CurrentYear>
                                    </r2:Cost>
                                </r2:CostCategoryItem>
                            </r2:CostCategoryItemList>
                        </r2:CostCategoryGroup>
                    </r2:CostCategoryGroupList>
                </r2:R3Exhibit>
                <r2:R4aExhibit>
                    <r2:SubProjectScheduleList>
                        <r2:SubProjectSchedule>
                            <r2:Title>Cyber Technology Department</r2:Title>
                            <r2:ScheduleDetailList>
                                <r2:ScheduleDetail>
                                    <r2:EventTitle>Cyber Technology Department</r2:EventTitle>
                                    <r2:Schedule>
                                        <r2:Start>
                                            <r2:Quarter>3</r2:Quarter>
                                            <r2:Year>2024</r2:Year>
                                        </r2:Start>
                                        <r2:End>
                                            <r2:Quarter>3</r2:Quarter>
                                            <r2:Year>2026</r2:Year>
                                        </r2:End>
                                    </r2:Schedule>
                                </r2:ScheduleDetail>
                            </r2:ScheduleDetailList>
                        </r2:SubProjectSchedule>
                    </r2:SubProjectScheduleList>
                </r2:R4aExhibit>
            </r2:Project>
        </r2:ProjectList>
    </r2:ProgramElement>
</r2:ProgramElementList>