<?xml version="1.0" encoding="UTF-8"?>
<r2:ProgramElementList xmlns:r2="http://www.dtic.mil/comptroller/xml/schema/022009/r2" targetSchemaVersion="1.0">
    <r2:ProgramElement monetaryUnit="Millions">
        <r2:ProgramElementNumber>0208086JCY</r2:ProgramElementNumber>
        <r2:ProgramElementTitle>Cyber Training Environment</r2:ProgramElementTitle>
        <r2:R1LineNumber>133</r2:R1LineNumber>
        <r2:BudgetYear>2026</r2:BudgetYear>
        <r2:BudgetCycle>PB</r2:BudgetCycle>
        <r2:SubmissionDate>2025-06</r2:SubmissionDate>
        <r2:ServiceAgencyName>United States Cyber Command</r2:ServiceAgencyName>
        <r2:AppropriationCode>0400</r2:AppropriationCode>
        <r2:AppropriationName>Research, Development, Test &amp; Evaluation, Defense-Wide</r2:AppropriationName>
        <r2:BudgetActivityNumber>4</r2:BudgetActivityNumber>
        <r2:BudgetActivityTitle>Advanced Component Development &amp; Prototypes (ACD&amp;P)</r2:BudgetActivityTitle>
        <r2:ProgramElementFunding>
            <r2:AllPriorYears>0.000</r2:AllPriorYears>
            <r2:PriorYear>114.980</r2:PriorYear>
            <r2:CurrentYear>149.145</r2:CurrentYear>
            <r2:BudgetYearOne>124.971</r2:BudgetYearOne>
            <r2:BudgetYearOneBase>124.971</r2:BudgetYearOneBase>
        </r2:ProgramElementFunding>
        <r2:ProgramElementMissionDescription>Persistent Cyber Training Environment (PCTE) supports the United States Cyber Command (USCYBERCOM) by enabling the critical need for the DoD Cyber Mission Force (CMF) to train at the individual, team, and force level. PCTE provides the DoD CMF with a standardized training capability that maximizes shared content across the Services. PCTE emulates network environments and connects with other range environments and cyber training assets. The Program Executive Office for Simulation, Training, and Instrumentation (PEO STRI) was designated as the DoD Acquisition Lead for the PCTE. The program is directed by the FY 2016 National Defense Authorization Act, Section 1645. The PCTE program achieved Milestone B on 6 December 2019. The program received approval to transition from a Major Capability Acquisition program to the Software Acquisition Pathway Execution Phase with a signed Acquisition Decision Memorandum (ADM) dated 2 May 2025 from the Army Acquisition Executive. An updated Cyber Capability Integration and Development System (CCIDS) validated Information System - Capability Development Document (IS- CDD-U) was approved on 8 January 2024. Through ongoing rapid prototyping efforts, the PCTE platform has fulfilled the critical need for a CMF standardized training capability since release of PCTE Version 2 in FY 2020 and continues to do so with each software release through a continuous integration and continuous delivery approach.</r2:ProgramElementMissionDescription>
        <r2:ChangeSummary>
            <r2:PreviousPresidentBudget>
                <r2:PriorYear>114.980</r2:PriorYear>
                <r2:CurrentYear>158.345</r2:CurrentYear>
                <r2:BudgetYearOne>125.019</r2:BudgetYearOne>
                <r2:BudgetYearOneBase>125.019</r2:BudgetYearOneBase>
            </r2:PreviousPresidentBudget>
            <r2:CurrentPresidentBudget>
                <r2:PriorYear>114.980</r2:PriorYear>
                <r2:CurrentYear>149.145</r2:CurrentYear>
                <r2:BudgetYearOne>124.971</r2:BudgetYearOne>
                <r2:BudgetYearOneBase>124.971</r2:BudgetYearOneBase>
            </r2:CurrentPresidentBudget>
            <r2:TotalAdjustments>
                <r2:PriorYear>0.000</r2:PriorYear>
                <r2:CurrentYear>-9.200</r2:CurrentYear>
                <r2:BudgetYearOne>-0.048</r2:BudgetYearOne>
                <r2:BudgetYearOneBase>-0.048</r2:BudgetYearOneBase>
            </r2:TotalAdjustments>
            <r2:AdjustmentDetails>
                <r2:CongressionalGeneralReductions>
                    <r2:PriorYear>0.000</r2:PriorYear>
                </r2:CongressionalGeneralReductions>
                <r2:CongressionalDirectedReductions>
                    <r2:PriorYear>0.000</r2:PriorYear>
                    <r2:CurrentYear>-9.200</r2:CurrentYear>
                </r2:CongressionalDirectedReductions>
                <r2:CongressionalAdds>
                    <r2:PriorYear>0.000</r2:PriorYear>
                </r2:CongressionalAdds>
                <r2:CongressionalDirectedTransfers>
                    <r2:PriorYear>0.000</r2:PriorYear>
                </r2:CongressionalDirectedTransfers>
                <r2:OtherAdjustmentDetailList>
                    <r2:OtherAdjustmentDetail>
                        <r2:Title>Reduced Request</r2:Title>
                        <r2:Funding>
                            <r2:BudgetYearOne>-0.048</r2:BudgetYearOne>
                            <r2:BudgetYearOneBase>-0.048</r2:BudgetYearOneBase>
                        </r2:Funding>
                    </r2:OtherAdjustmentDetail>
                </r2:OtherAdjustmentDetailList>
            </r2:AdjustmentDetails>
        </r2:ChangeSummary>
        <r2:ProjectList>
            <r2:Project>
                <r2:ProjectNumber>CY86T1</r2:ProjectNumber>
                <r2:ProjectTitle>Cyber Training Environment</r2:ProjectTitle>
                <r2:SpecialProject>0</r2:SpecialProject>
                <r2:ProjectFunding>
                    <r2:AllPriorYears>0.000</r2:AllPriorYears>
                    <r2:PriorYear>0.000</r2:PriorYear>
                    <r2:CurrentYear>149.145</r2:CurrentYear>
                    <r2:BudgetYearOne>124.971</r2:BudgetYearOne>
                    <r2:BudgetYearOneBase>124.971</r2:BudgetYearOneBase>
                </r2:ProjectFunding>
                <r2:R2aExhibit>
                    <r2:ProjectMissionDescription>PCTE supports the USCYBERCOM by enabling the critical need for the DoD Cyber Mission Force (CMF) to train at the individual, team, and force level. PCTE provides the DoD CMF with a standardized training capability that maximizes shared content across the Services. PCTE emulates network environments and connects with other range environments and cyber training assets.

FY 2026 delivers features that enhance the capability and functionality to improve CMF operations and support to mission readiness. PCTE increases scalability through capacity expansion of the infrastructure at the UNCLASSIFIED, SECRET/RELEASABLE and TOP SECRET enclaves required to deliver accelerated PCTE schoolhouse training, integrate additional cyber skills via third-party commercial courseware, complete content alignment to CMF Job Qualification Requirements (JQRs) training, collective training and increased mission rehearsal capabilities. Planned improvements to the PCTE capability include expanding the environment through additional Cloud capabilities, white cell automation, which will assist in exercise orchestration through the automation of setup, control, and management of the cybersecurity exercises. The program establishes agreements with existing commercial data centers across the continental United States to support the modernized PCTE enterprise systems.  Utilizing the commercial data centers across the continental united states reduces latency issues for cyber forces accessing the system from remote, austere locations.

PCTE provides the most realistic training environment by leveraging existing technology and services from designated/supporting Cyber Training Ranges, physical cyber test beds, tools, and sensors. The Cyber Resiliency and Training (CRT) product office collaborates with all stakeholders within Joint Cyber Warfighting Architecture (JCWA) to advance the integration efforts across the JCWA portfolio as prioritized through USCYBERCOM. The PCTE platform maintains accreditations at all required classification levels implementing aan Authority to Operate (ATO) approach to serve DoD CMF user training on all domains/classification levels. Platform infrastructure and licensing supports the full DoD CMF user base. Other enhancements focus on the development of a deployable PCTE training-based system to support on-site training in austere environments with limited to trace communications.

In FY 2025 PCTE is focusing capability improvements that enhance CMF operations and support to mission readiness. Areas of planned enhancements focused on feature updates and capacity expansion required to deliver accelerated PCTE schoolhouse training, improved CMF Joint Qualification Requirements (JQRs) training and increased mission rehearsal capabilities. Some improvements to the PCTE capability include instructor course management, improved notifications and alerts functionality, and automated environment building. PCTE integrates scalable enterprise platforms for the SECRET/RELEASABLE and TOP SECRET enclaves. PCTE expands infrastructure on existing UNCLASSIFIED platforms. The PCTE platform continues collaboration with all stakeholders and integration efforts across the JCWA portfolio as prioritized through USCYBERCOM. The PCTE platform maintained accreditations at all required classification levels that serve DoD CMF user training on all domains/classification levels. Platform infrastructure and licensing were  maintained to support the full DoD CMF user base.</r2:ProjectMissionDescription>
                    <r2:AccomplishmentPlannedProgramList>
                        <r2:AccomplishmentPlannedProgram>
                            <r2:Title>Event Management for Persistent Cyber Training Environment (PCTE)</r2:Title>
                            <r2:Description>Design, build and iterate PCTE capabilities; build upon individual, collective and institutional training features supporting operational force training requirements supported by standardized training assessment tools and capabilities; develop improved readiness functions, event scheduling, allocation and management for PCTE to include event design, planning, and execution.</r2:Description>
                            <r2:PlannedProgram>
                                <r2:CurrentYear>
                                    <r2:Funding>84.751</r2:Funding>
                                    <r2:Text>Funding focuses on capability improvements that enhance Cyber Mission Force (CMF) operations and support mission readiness. Areas of planned enhancements are comprised of PCTE application features and capability updates required to accelerate initial PCTE schoolhouse training, improve CMF JQRs training, and increase mission rehearsal capabilities. Improvements to the PCTE capability such as instructor course management, improved notifications and alerts functionality, automated environment building, and external content integration will be developed and integrated to support USCYBERCOM holistic readiness objectives.</r2:Text>
                                </r2:CurrentYear>
                                <r2:BudgetYearOne>
                                    <r2:Funding>72.332</r2:Funding>
                                </r2:BudgetYearOne>
                                <r2:BudgetYearOneBase>
                                    <r2:Funding>72.332</r2:Funding>
                                    <r2:Text>PCTE funding:
•   Delivers features that enhance the capability, functionality, and user experience to improve Cyber Mission Force (CMF) CMF operations and 
    support mission readiness.
•   Incorporates automation to support Operational Forces (force multiplier) to emulate a more dynamic, scalable, and realistic cyber training scenarios.  
•   Explore the use of Artificial Intelligence (AI) for helpdesk automation, rapid range generation, advance user/traffic emulation, and automation of Opposing Forces.
•   Expands the environment through additional Cloud capabilities to augment the capacity of the scalable hybrid cloud infrastructure across UNCLASSIFIED, SECRET, and TOP SECRET domains to enable Joint Qualification Requirements, repository for all schoolhouse training and content, and support more than 8K Cyber Operating Forces. 
•   Expands Job Qualification Requirements (JQRs) to support cyber offensive operator work roles based on service mission requirements.
•   Supports the Cyber Resiliency and Training (CRT) product office, which continues further collaboration with all stakeholders within the Joint Cyber Warfighting Architecture (JCWA) to advance the integration efforts across the JCWA portfolio as prioritized through USCYBERCOM.
•   Adds a single management interface (i.e. organization tree) across the individual and collective training applications.
•   Continues to refine Rapid Range development to quickly deploy a cyber range 
•   Expands the use of other third-party vendors to enhance individual training competencies.</r2:Text>
                                </r2:BudgetYearOneBase>
                                <r2:AppChangeSummary>The decrease is due to procurement and integration efforts to support the capacity expansion anticipated to be completed by FY2025.  However, commercial data centers to support the deployment of the PCTE enterprise platforms will be required in FY 2026 and beyond.</r2:AppChangeSummary>
                            </r2:PlannedProgram>
                        </r2:AccomplishmentPlannedProgram>
                        <r2:AccomplishmentPlannedProgram>
                            <r2:Title>Environment Operations and Management for Persistent Cyber Training Environment (PCTE)</r2:Title>
                            <r2:Description>Development of PCTE with mission-relevant terrain and realistic vignettes/scenarios as part of a system of individual and collective training that includes certification and real-world mission rehearsals.</r2:Description>
                            <r2:PlannedProgram>
                                <r2:CurrentYear>
                                    <r2:Funding>10.190</r2:Funding>
                                    <r2:Text>Funding focuses on integrating the capability as part of the JCWA data fabric in collaboration with all component stakeholders. To enhance CMF operations and support mission readiness, PCTE focuses on JCWA mission objectives through continuing execution of USCYBERCOM prioritized mission threads focused on integration with Joint Cyber Command and Control (JCC2), Joint Common Access Platform (JCAP), Unified Platform (UP), and Joint Development Environment (JDE) that increase mission relevant content sharing, integration computation and data exchange related to USCYBERCOM identified priorities.</r2:Text>
                                </r2:CurrentYear>
                                <r2:BudgetYearOne>
                                    <r2:Funding>8.172</r2:Funding>
                                </r2:BudgetYearOne>
                                <r2:BudgetYearOneBase>
                                    <r2:Funding>8.172</r2:Funding>
                                    <r2:Text>PCTE Funding:
  
•   Improves realistic training environments by leveraging existing technology and services from designated/Supporting Cyber Training Ranges, physical cyber test beds, tools, and sensors. 

•   Supports the Cyber Resiliency and Training (CRT) product office, which furthers collaboration with all stakeholders within Joint Cyber Warfighting Architecture (JCWA) to advance the integration efforts, as prioritized through USCYBERCOM, across the JCWA portfolio consisting of JCC2, JCAP, UP, and JDE.  This focus on integration increases mission relevant content sharing, integration computation and data exchange 
related to the USCYBERCOM identified priorities.</r2:Text>
                                </r2:BudgetYearOneBase>
                                <r2:AppChangeSummary>The $2M reduction is attributed to the Joint Cyber Warfighting Architecture (JCWA) assuming responsibility for procuring, developing, and managing common services, software support service licenses, and other common platform Development Operations (DevOps) integration efforts across the JCWA portfolio. This strategic shift consolidates these efforts under JCWA, enabling more efficient resource allocation and reducing duplicative costs within the Persistent Cyber Training Environment (PCTE) program. By centralizing these activities, the program benefits from economies of scale and streamlined operations, resulting in a more cost-effective approach to supporting cyber capabilities.</r2:AppChangeSummary>
                            </r2:PlannedProgram>
                        </r2:AccomplishmentPlannedProgram>
                        <r2:AccomplishmentPlannedProgram>
                            <r2:Title>Physical and Virtual Connectivity for the Persistent Cyber Training Environment (PCTE)</r2:Title>
                            <r2:Description>PCTE maintains an infrastructure that is highly dynamic, mainly consisting of Regional Compute and Storage (RCS) nodes, Enterprise Compute and Store nodes, and Cloud environments that enables on demand, reliable, and secure virtual access from anywhere participants are geographically located. Additionally, the PCTE infrastructure creates a core cyber exercise integrated network and event management platform to support Cyber Mission Force (CMF) training on all domains and classification levels.</r2:Description>
                            <r2:PlannedProgram>
                                <r2:CurrentYear>
                                    <r2:Funding>51.794</r2:Funding>
                                    <r2:Text>Funding focusses on enabling the platform infrastructure to scale to meet Cyber Mission Force (CMF) readiness objectives. As part of the technical refresh strategy, PCTE integrated scalable enterprise platforms for the SECRET/RELEASABLE and TOP SECRET enclaves. PCTE expands infrastructure on existing UNCLASSIFIED platforms, expanding RCS capacity and delivering infrastructure improvements required to enable schoolhouse training on PCTE, significantly increasing PCTE’s ability to host CMF JQR training and expanding mission rehearsal capabilities. To support readiness, PCTE infrastructure leverages DoD and commercial enterprise transport services at the UNCLASSIFIED, SECRET/RELEASABLE, and TOP SECRET enclaves.</r2:Text>
                                </r2:CurrentYear>
                                <r2:BudgetYearOne>
                                    <r2:Funding>41.537</r2:Funding>
                                </r2:BudgetYearOne>
                                <r2:BudgetYearOneBase>
                                    <r2:Funding>41.537</r2:Funding>
                                    <r2:Text>PCTE funding:

•   Leverages DoD and commercial enterprise transport services at the UNCLASSIFIED, SECRET/RELEASABLE, and TOP SECRET enclaves.
•   Facilitates expansion of the physical infrastructure of PCTE to the Services’ institutional schoolhouses and support cloud development efforts in alignment with Joint Cyber Warfighting Architecture (JCWA) guidelines.
•   Supports expansion of the infrastructure at the UNCLASSIFIED, SECRET/RELEASABLE and TOP SECRET enclaves required to deliver accelerated PCTE schoolhouse training, complete content alignment to Cyber Mission Force (CMF) Job Qualification Requirements (JQRs) training, collective training and increased mission rehearsal capabilities to integrate Rapid Capability Development Network solutions.
•   Expands the use of commercial and government-owned data centers to support the deployment of PCTE Enterprise platforms across all the enclaves.



.</r2:Text>
                                </r2:BudgetYearOneBase>
                                <r2:AppChangeSummary>The reduction is attributed to the removal of procurement and sustainment support for a new Persistent Cyber Training Environment (PCTE) Enterprise (SEC/REL) platform. intended</r2:AppChangeSummary>
                            </r2:PlannedProgram>
                        </r2:AccomplishmentPlannedProgram>
                        <r2:AccomplishmentPlannedProgram>
                            <r2:Title>Persistent Cyber Training Environment (PCTE) Test and Evaluation</r2:Title>
                            <r2:Description>PCTE integration, development, and operational testing includes validation and verification (V&amp;V), operational assessments (OA), and testing in association with cyber training exercises. These areas are incorporated throughout the Product Manager (PM) Development Operations (DevOps) process in coordination with the Director, Operational Test and Evaluation (DOT&amp;E). An Operational Test Authority (OTA) has been incorporated to conduct operational testing leveraging DevOps processes.</r2:Description>
                            <r2:PlannedProgram>
                                <r2:CurrentYear>
                                    <r2:Funding>2.410</r2:Funding>
                                    <r2:Text>Testing continues with integration and V&amp;V testing of the integration activities focused on the PCTE scalable enterprise solutions supporting the Commander USCYBERCOM (CDRUSCYBERCOM) priorities. PCTE conducts integrated and targeted Developmental Testing and Operational Testing to verify capability features that are operational and gather user feedback to assess effectiveness and suitability. An increase in scalability testing efforts assessed capacity improvements. PCTE conducts a series of cybersecurity purple teaming test as well as Persistent Cyber Operations test conducted by an NSA certified red team to ensure a resilient PCTE capability. Operational Test efforts in FY 2025 included integration testing with other platforms within the JCWA.</r2:Text>
                                </r2:CurrentYear>
                                <r2:BudgetYearOne>
                                    <r2:Funding>2.930</r2:Funding>
                                </r2:BudgetYearOne>
                                <r2:BudgetYearOneBase>
                                    <r2:Funding>2.930</r2:Funding>
                                    <r2:Text>PCTE funding supports:

•   Integration, verification and validation (IV&amp;V) testing of the integration activities focused on the PCTE scalable enterprise solutions supporting 
    the Commander USCYBERCOM (CDRUSCYBERCOM) priorities.
•   Conducting PCTE's pathfinding test approach with integrated and targeted Developmental Testing and Operational Testing to verify capability  
    features are operational.
•   Gathering user feedback to assess effectiveness and suitability.
•   Focusing efforts on increasing automation throughout the developmental and operational tests.   
    Conducting a series of cybersecurity purple teaming tests as well as Persistent Cyber Operations test conducted by a NSA certified red team to ensure a resilient PCTE capability. Operational Test efforts in FY 2026 include integration testing with other platforms within the Joint Cyber Warfighting Architecture (JCWA).</r2:Text>
                                </r2:BudgetYearOneBase>
                                <r2:AppChangeSummary>The increase is due to adding test automation and align that automation  with test and evaluation efforts supporting the planned infrastructure improvements. As other TOP SECRET and SECRET/RELEASABLE enterprise solutions are provisioned, developmental and operational testing efforts assess effectiveness, suitability, and survivability of the platform related to the CDRUSCYBERCOM. A part of developmental test includes an increase in scalability testing on the enterprise solutions being integrated.</r2:AppChangeSummary>
                            </r2:PlannedProgram>
                        </r2:AccomplishmentPlannedProgram>
                    </r2:AccomplishmentPlannedProgramList>
                    <r2:OtherProgramFundingSummaryRemarks>N/A</r2:OtherProgramFundingSummaryRemarks>
                    <r2:AcquisitionStrategy>The PCTE program employs an incremental acquisition strategy leveraging several contracting vehicles and acquisition streamlining methods to deliver capability rapidly and efficiently. Through the execution of existing cyber contracts, Other Transactional Authority (OTA) contracts, and Federal Acquisition Regulation (FAR) based contracts, the PCTE can continue enabling the PCTE platform to achieve scalability, optimization, innovation, and quality standards to meet the dynamic needs of the CMF user base. The Product Manager awarded an 8-year integration focused Single Award Indefinite Delivery/Indefinite Quantity (ID/IQ) contract to serve PCTE and other cyber community customers called the Cyber Training, Readiness, Integration, Delivery, and Enterprise Technology (TRIDENT) contract on Q1 FY 2022. The Cyber TRIDENT contract enables PCTE to provide iterative capability to address Cyber Command mission objectives with a primary focus on feature updates and capacity expansion required to deliver PCTE schoolhouse training, improved Cyber Mission Force (CMF) Job Qualification Requirements (JQRs) training and increased mission rehearsal capabilities.</r2:AcquisitionStrategy>
                </r2:R2aExhibit>
                <r2:R3Exhibit>
                    <r2:CostCategoryGroupList>
                        <r2:CostCategoryGroup>
                            <r2:Name>Product Development</r2:Name>
                            <r2:CostCategoryItemList>
                                <r2:CostCategoryItem>
                                    <r2:Name>PCTE Development and Integration Support</r2:Name>
                                    <r2:ContractMethod>C</r2:ContractMethod>
                                    <r2:ContractType>IDDQ</r2:ContractType>
                                    <r2:PerformingActivity>Various</r2:PerformingActivity>
                                    <r2:PerformingActivityLocation>Various</r2:PerformingActivityLocation>
                                    <r2:Cost>
                                        <r2:PriorYear>
                                            <r2:Amount>0.000</r2:Amount>
                                        </r2:PriorYear>
                                        <r2:CurrentYear>
                                            <r2:Amount>10.190</r2:Amount>
                                            <r2:AwardDate>2025-03</r2:AwardDate>
                                        </r2:CurrentYear>
                                        <r2:BudgetYearOne>
                                            <r2:Amount>8.172</r2:Amount>
                                        </r2:BudgetYearOne>
                                        <r2:BudgetYearOneBase>
                                            <r2:Amount>8.172</r2:Amount>
                                            <r2:AwardDate>2026-03</r2:AwardDate>
                                        </r2:BudgetYearOneBase>
                                        <r2:CostToComplete>Continuing</r2:CostToComplete>
                                        <r2:TotalCost>Continuing</r2:TotalCost>
                                    </r2:Cost>
                                </r2:CostCategoryItem>
                                <r2:CostCategoryItem>
                                    <r2:Name>PCTE Cyber Training, Readiness, Integration, Delivery, and Enterprise Technology (TRIDENT) and other Contracts</r2:Name>
                                    <r2:ContractMethod>C</r2:ContractMethod>
                                    <r2:ContractType>IDDQ</r2:ContractType>
                                    <r2:PerformingActivity>Various</r2:PerformingActivity>
                                    <r2:PerformingActivityLocation>Various</r2:PerformingActivityLocation>
                                    <r2:Cost>
                                        <r2:PriorYear>
                                            <r2:Amount>0.000</r2:Amount>
                                        </r2:PriorYear>
                                        <r2:CurrentYear>
                                            <r2:Amount>78.532</r2:Amount>
                                            <r2:AwardDate>2025-05</r2:AwardDate>
                                        </r2:CurrentYear>
                                        <r2:BudgetYearOne>
                                            <r2:Amount>67.397</r2:Amount>
                                        </r2:BudgetYearOne>
                                        <r2:BudgetYearOneBase>
                                            <r2:Amount>67.397</r2:Amount>
                                            <r2:AwardDate>2026-05</r2:AwardDate>
                                        </r2:BudgetYearOneBase>
                                        <r2:CostToComplete>Continuing</r2:CostToComplete>
                                        <r2:TotalCost>Continuing</r2:TotalCost>
                                    </r2:Cost>
                                </r2:CostCategoryItem>
                                <r2:CostCategoryItem>
                                    <r2:Name>PCTE Development and Integration - Other Contracts</r2:Name>
                                    <r2:ContractMethod>Option</r2:ContractMethod>
                                    <r2:ContractType>FFP</r2:ContractType>
                                    <r2:PerformingActivity>Various</r2:PerformingActivity>
                                    <r2:PerformingActivityLocation>Various</r2:PerformingActivityLocation>
                                    <r2:Cost>
                                        <r2:PriorYear>
                                            <r2:Amount>0.000</r2:Amount>
                                        </r2:PriorYear>
                                        <r2:CurrentYear>
                                            <r2:Amount>58.013</r2:Amount>
                                            <r2:AwardDate>2025-04</r2:AwardDate>
                                        </r2:CurrentYear>
                                        <r2:BudgetYearOne>
                                            <r2:Amount>46.472</r2:Amount>
                                        </r2:BudgetYearOne>
                                        <r2:BudgetYearOneBase>
                                            <r2:Amount>46.472</r2:Amount>
                                            <r2:AwardDate>2026-04</r2:AwardDate>
                                        </r2:BudgetYearOneBase>
                                        <r2:CostToComplete>Continuing</r2:CostToComplete>
                                        <r2:TotalCost>Continuing</r2:TotalCost>
                                    </r2:Cost>
                                </r2:CostCategoryItem>
                            </r2:CostCategoryItemList>
                        </r2:CostCategoryGroup>
                        <r2:CostCategoryGroup>
                            <r2:Name>Test and Evaluation</r2:Name>
                            <r2:CostCategoryItemList>
                                <r2:CostCategoryItem>
                                    <r2:Name>PCTE Government Test and Evaluation</r2:Name>
                                    <r2:ContractMethod>Option</r2:ContractMethod>
                                    <r2:ContractType>Various</r2:ContractType>
                                    <r2:PerformingActivity>Various</r2:PerformingActivity>
                                    <r2:PerformingActivityLocation>Various</r2:PerformingActivityLocation>
                                    <r2:Cost>
                                        <r2:PriorYear>
                                            <r2:Amount>0.000</r2:Amount>
                                        </r2:PriorYear>
                                        <r2:CurrentYear>
                                            <r2:Amount>2.410</r2:Amount>
                                            <r2:AwardDate>2025-04</r2:AwardDate>
                                        </r2:CurrentYear>
                                        <r2:BudgetYearOne>
                                            <r2:Amount>2.930</r2:Amount>
                                        </r2:BudgetYearOne>
                                        <r2:BudgetYearOneBase>
                                            <r2:Amount>2.930</r2:Amount>
                                            <r2:AwardDate>2026-04</r2:AwardDate>
                                        </r2:BudgetYearOneBase>
                                        <r2:CostToComplete>Continuing</r2:CostToComplete>
                                        <r2:TotalCost>Continuing</r2:TotalCost>
                                    </r2:Cost>
                                </r2:CostCategoryItem>
                            </r2:CostCategoryItemList>
                        </r2:CostCategoryGroup>
                    </r2:CostCategoryGroupList>
                </r2:R3Exhibit>
                <r2:R4Exhibit>
                    <r2:ScheduleProfile>
                        <r2:ImageFileName>PCTE FY26 Program Schedule.png</r2:ImageFileName>
                    </r2:ScheduleProfile>
                    <r2:ScheduleProfile>
                        <r2:ImageFileName>CRT Schedule 20240726R.png</r2:ImageFileName>
                    </r2:ScheduleProfile>
                    <r2:ScheduleProfile>
                        <r2:ImageFileName>Copy of Copy of R_Form R-4 Schedule_JUN 20241.jpg</r2:ImageFileName>
                    </r2:ScheduleProfile>
                </r2:R4Exhibit>
                <r2:R4aExhibit>
                    <r2:SubProjectScheduleList>
                        <r2:SubProjectSchedule>
                            <r2:Title>Platform Releases (v8.0-v19.0 - (IS-CDD 2) 02-2024 to 04-2029</r2:Title>
                            <r2:ScheduleDetailList>
                                <r2:ScheduleDetail>
                                    <r2:EventTitle>PCTE v8.0</r2:EventTitle>
                                    <r2:Schedule>
                                        <r2:Start>
                                            <r2:Quarter>2</r2:Quarter>
                                            <r2:Year>2024</r2:Year>
                                        </r2:Start>
                                        <r2:End>
                                            <r2:Quarter>2</r2:Quarter>
                                            <r2:Year>2024</r2:Year>
                                        </r2:End>
                                    </r2:Schedule>
                                </r2:ScheduleDetail>
                                <r2:ScheduleDetail>
                                    <r2:EventTitle>PCTE v9.0</r2:EventTitle>
                                    <r2:Schedule>
                                        <r2:Start>
                                            <r2:Quarter>4</r2:Quarter>
                                            <r2:Year>2024</r2:Year>
                                        </r2:Start>
                                        <r2:End>
                                            <r2:Quarter>4</r2:Quarter>
                                            <r2:Year>2024</r2:Year>
                                        </r2:End>
                                    </r2:Schedule>
                                </r2:ScheduleDetail>
                                <r2:ScheduleDetail>
                                    <r2:EventTitle>PCTE v10.0</r2:EventTitle>
                                    <r2:Schedule>
                                        <r2:Start>
                                            <r2:Quarter>2</r2:Quarter>
                                            <r2:Year>2025</r2:Year>
                                        </r2:Start>
                                        <r2:End>
                                            <r2:Quarter>2</r2:Quarter>
                                            <r2:Year>2025</r2:Year>
                                        </r2:End>
                                    </r2:Schedule>
                                </r2:ScheduleDetail>
                                <r2:ScheduleDetail>
                                    <r2:EventTitle>PCTE v11.0</r2:EventTitle>
                                    <r2:Schedule>
                                        <r2:Start>
                                            <r2:Quarter>4</r2:Quarter>
                                            <r2:Year>2025</r2:Year>
                                        </r2:Start>
                                        <r2:End>
                                            <r2:Quarter>4</r2:Quarter>
                                            <r2:Year>2025</r2:Year>
                                        </r2:End>
                                    </r2:Schedule>
                                </r2:ScheduleDetail>
                                <r2:ScheduleDetail>
                                    <r2:EventTitle>PCTE v12.0</r2:EventTitle>
                                    <r2:Schedule>
                                        <r2:Start>
                                            <r2:Quarter>2</r2:Quarter>
                                            <r2:Year>2026</r2:Year>
                                        </r2:Start>
                                        <r2:End>
                                            <r2:Quarter>2</r2:Quarter>
                                            <r2:Year>2026</r2:Year>
                                        </r2:End>
                                    </r2:Schedule>
                                </r2:ScheduleDetail>
                                <r2:ScheduleDetail>
                                    <r2:EventTitle>PCTE v13.0</r2:EventTitle>
                                    <r2:Schedule>
                                        <r2:Start>
                                            <r2:Quarter>4</r2:Quarter>
                                            <r2:Year>2026</r2:Year>
                                        </r2:Start>
                                        <r2:End>
                                            <r2:Quarter>4</r2:Quarter>
                                            <r2:Year>2026</r2:Year>
                                        </r2:End>
                                    </r2:Schedule>
                                </r2:ScheduleDetail>
                                <r2:ScheduleDetail>
                                    <r2:EventTitle>PCTE v14.0</r2:EventTitle>
                                    <r2:Schedule>
                                        <r2:Start>
                                            <r2:Quarter>2</r2:Quarter>
                                            <r2:Year>2027</r2:Year>
                                        </r2:Start>
                                        <r2:End>
                                            <r2:Quarter>2</r2:Quarter>
                                            <r2:Year>2027</r2:Year>
                                        </r2:End>
                                    </r2:Schedule>
                                </r2:ScheduleDetail>
                                <r2:ScheduleDetail>
                                    <r2:EventTitle>PCTE v15.0</r2:EventTitle>
                                    <r2:Schedule>
                                        <r2:Start>
                                            <r2:Quarter>4</r2:Quarter>
                                            <r2:Year>2027</r2:Year>
                                        </r2:Start>
                                        <r2:End>
                                            <r2:Quarter>4</r2:Quarter>
                                            <r2:Year>2027</r2:Year>
                                        </r2:End>
                                    </r2:Schedule>
                                </r2:ScheduleDetail>
                                <r2:ScheduleDetail>
                                    <r2:EventTitle>PCTE v16.0</r2:EventTitle>
                                    <r2:Schedule>
                                        <r2:Start>
                                            <r2:Quarter>2</r2:Quarter>
                                            <r2:Year>2028</r2:Year>
                                        </r2:Start>
                                        <r2:End>
                                            <r2:Quarter>2</r2:Quarter>
                                            <r2:Year>2028</r2:Year>
                                        </r2:End>
                                    </r2:Schedule>
                                </r2:ScheduleDetail>
                                <r2:ScheduleDetail>
                                    <r2:EventTitle>PCTE v17.0</r2:EventTitle>
                                    <r2:Schedule>
                                        <r2:Start>
                                            <r2:Quarter>4</r2:Quarter>
                                            <r2:Year>2028</r2:Year>
                                        </r2:Start>
                                        <r2:End>
                                            <r2:Quarter>4</r2:Quarter>
                                            <r2:Year>2028</r2:Year>
                                        </r2:End>
                                    </r2:Schedule>
                                </r2:ScheduleDetail>
                                <r2:ScheduleDetail>
                                    <r2:EventTitle>PCTE v18.0</r2:EventTitle>
                                    <r2:Schedule>
                                        <r2:Start>
                                            <r2:Quarter>2</r2:Quarter>
                                            <r2:Year>2029</r2:Year>
                                        </r2:Start>
                                        <r2:End>
                                            <r2:Quarter>2</r2:Quarter>
                                            <r2:Year>2029</r2:Year>
                                        </r2:End>
                                    </r2:Schedule>
                                </r2:ScheduleDetail>
                                <r2:ScheduleDetail>
                                    <r2:EventTitle>PCTE v19.0</r2:EventTitle>
                                    <r2:Schedule>
                                        <r2:Start>
                                            <r2:Quarter>4</r2:Quarter>
                                            <r2:Year>2029</r2:Year>
                                        </r2:Start>
                                        <r2:End>
                                            <r2:Quarter>4</r2:Quarter>
                                            <r2:Year>2029</r2:Year>
                                        </r2:End>
                                    </r2:Schedule>
                                </r2:ScheduleDetail>
                            </r2:ScheduleDetailList>
                        </r2:SubProjectSchedule>
                    </r2:SubProjectScheduleList>
                </r2:R4aExhibit>
            </r2:Project>
            <r2:Project>
                <r2:ProjectNumber>CY01</r2:ProjectNumber>
                <r2:ProjectTitle>Cyber Training Environment</r2:ProjectTitle>
                <r2:SpecialProject>0</r2:SpecialProject>
                <r2:ProjectFunding>
                    <r2:AllPriorYears>0.000</r2:AllPriorYears>
                    <r2:PriorYear>114.980</r2:PriorYear>
                    <r2:CurrentYear>0.000</r2:CurrentYear>
                    <r2:BudgetYearOne>0.000</r2:BudgetYearOne>
                    <r2:BudgetYearOneBase>0.000</r2:BudgetYearOneBase>
                </r2:ProjectFunding>
                <r2:R2aExhibit>
                    <r2:ProjectMissionDescription>PCTE supports USCYBERCOM by enabling the critical need for the DoD CMF to train at the individual, team, and force level. PCTE provides the DoD CMF with a standardized training capability that maximizes shared content across the Services. PCTE emulates network environments and connects with other range environments and cyber training assets. The PEO STRI was designated as the DoD Acquisition Lead for the PCTE, and the program is directed by the 2016 National Defense Authorization Act, Section 1645. With the JROC validation of the IS-CDD on 4 November 2019, the PCTE program quickly achieved Milestone B on 6 December 2019. Through ongoing rapid prototyping efforts, the PCTE platform has fulfilled the critical need for a CMF standardized training capability upon release of PCTE Version 2 in Fourth Quarter FY 2020 and continues to do so with ongoing version releases.

FY 2024 PCTE funding focused on CDRUSCYBERCOM priorities within platform releases to include capability improvements that enhance CMF operations and support mission readiness. Areas of planned enhancements focus on feature updates and capacity expansion required to deliver initial PCTE schoolhouse training, improved CMF JQRs training and increased mission rehearsal capabilities. The PCTE platform continues collaboration with all stakeholders, within the JCWA, and integration efforts across the JCWA portfolio as prioritized through USCYBERCOM. The PCTE platform  maintains accreditations at all required classification levels to serve DoD CMF user training on all domains/classification levels. Platform infrastructure and licensing supports the full DoD CMF user base.</r2:ProjectMissionDescription>
                    <r2:AccomplishmentPlannedProgramList>
                        <r2:AccomplishmentPlannedProgram>
                            <r2:Title>Event Management for Persistent Cyber Training Environment (PCTE)</r2:Title>
                            <r2:Description>Design, build and iterate PCTE capabilities; build upon individual, collective and institutional training features supporting operational force training requirements supported by standardized training assessment tools and capabilities; develop
improved readiness functions, event scheduling, allocation and management for PCTE to include event design, planning, and execution.</r2:Description>
                            <r2:Accomplishment>
                                <r2:PriorYear>
                                    <r2:Funding>68.221</r2:Funding>
                                    <r2:Text>FY 2024 PCTE funding focuses on CDRUSCYBERCOM priorities within platform releases to include capability improvements that enhance CMF operations and support mission readiness.  Areas of planned enhancements are comprised of PCTE application features and capability updates required to accelerate initial PCTE schoolhouse training, improve CMF JQRs training, and increase mission rehearsal capabilities. Improvements to features such as readiness assessment, traffic generation, learning management, training content development and discoverability continue to mature to support USCYBERCOM holistic readiness objectives.</r2:Text>
                                </r2:PriorYear>
                            </r2:Accomplishment>
                            <r2:PlannedProgram>
                                <r2:CurrentYear>
                                    <r2:Funding>0.000</r2:Funding>
                                    <r2:Text>FY2025 and beyond, project CY01 realigned to project CY86T1.  See project CY86T1 for further justification information.</r2:Text>
                                </r2:CurrentYear>
                                <r2:AppChangeSummary>FY 2025 and beyond USCYBERCOM changed the project structure to more clearly align projects .  See project CY86T1 for further justification information.</r2:AppChangeSummary>
                            </r2:PlannedProgram>
                        </r2:AccomplishmentPlannedProgram>
                        <r2:AccomplishmentPlannedProgram>
                            <r2:Title>Environment Operations and Management for Persistent Cyber Training Environment (PCTE)</r2:Title>
                            <r2:Description>Development of PCTE with mission-relevant terrain and realistic vignettes/scenarios as part of a system of individual and collective training that includes certification and real-world mission rehearsals.</r2:Description>
                            <r2:Accomplishment>
                                <r2:PriorYear>
                                    <r2:Funding>7.399</r2:Funding>
                                    <r2:Text>FY 2024 PCTE funding continues to focus on USCYBERCOM priorities to integrate the capability as part of the JCWA data fabric in collaboration with all component stakeholders. To enhance CMF operations and support mission readiness, PCTE plans to focus on JCWA mission objectives that increase mission relevant content sharing, integration computation and data exchange.</r2:Text>
                                </r2:PriorYear>
                            </r2:Accomplishment>
                            <r2:PlannedProgram>
                                <r2:CurrentYear>
                                    <r2:Funding>0.000</r2:Funding>
                                    <r2:Text>See project CY86T1.</r2:Text>
                                </r2:CurrentYear>
                                <r2:AppChangeSummary>USCYBERCOM realigned project codes. See project code CY86T1 for further justification information.</r2:AppChangeSummary>
                            </r2:PlannedProgram>
                        </r2:AccomplishmentPlannedProgram>
                        <r2:AccomplishmentPlannedProgram>
                            <r2:Title>Physical and Virtual Connectivity for the Persistent Cyber Training Environment (PCTE)</r2:Title>
                            <r2:Description>PCTE maintains an infrastructure that is highly dynamic mainly consisting of nodes that enables on demand, reliable, and secure virtual access from anywhere participants are geographically located. Additionally, the PCTE RCS infrastructure creates a core cyber exercise integrated network and event management platform to support CMF training on all domains and classification levels.</r2:Description>
                            <r2:Accomplishment>
                                <r2:PriorYear>
                                    <r2:Funding>37.610</r2:Funding>
                                    <r2:Text>FY 2024 PCTE funding focuses on CDRUSCYBERCOM priorities that enable the platform infrastructure to scale to meet CMF readiness objectives. As part of the technical refresh strategy, PCTE introduces a scalable enterprise platform infrastructure. This new approach provides enhancements to expand RCS capacity and deliver infrastructure improvements required to enable schoolhouse training on PCTE, significantly advance CMF JQRs training and increase mission rehearsal capabilities. To support readiness, PCTE infrastructure continues to leverage DoD and commercial enterprise transport services at the Unclassified, Secret/Releasable, and Top-Secret enclaves.</r2:Text>
                                </r2:PriorYear>
                            </r2:Accomplishment>
                            <r2:PlannedProgram>
                                <r2:CurrentYear>
                                    <r2:Funding>0.000</r2:Funding>
                                    <r2:Text>FY 2025 and beyond, project CY01 realigned to CY86T1. See project CY86T1 for further justification information.</r2:Text>
                                </r2:CurrentYear>
                                <r2:AppChangeSummary>USCYBERCOM realigned project codes. See new project CY86T1 for further justification information.</r2:AppChangeSummary>
                            </r2:PlannedProgram>
                        </r2:AccomplishmentPlannedProgram>
                        <r2:AccomplishmentPlannedProgram>
                            <r2:Title>Persistent Cyber Training Environment (PCTE) Test and Evaluation</r2:Title>
                            <r2:Description>PCTE integration, development, and operational testing which includes validation and verifications (V&amp;V), operational assessments (OA), and testing in association with cyber training exercises. These areas are incorporated throughout the Product Manager (PM) Development Operations (DevOps) process in coordination with the Director, Operational Test and Evaluation (DOT&amp;E). An Operational Test Authority (OTA) has been incorporated to conduct operational testing leveraging DevOps testing processes.</r2:Description>
                            <r2:Accomplishment>
                                <r2:PriorYear>
                                    <r2:Funding>1.750</r2:Funding>
                                    <r2:Text>Testing continues in FY 2024 with integration and V&amp;V testing of the PCTE capability on a per-version basis. To decrease the
time it takes to identify and resolve emerging Cyber threats on the platform, PCTE is subject to continuous Cybersecurity focused test activities in FY 2024 through a concept called Persistent Cyber Operations. Operational Test efforts in FY 2024
include integration testing with other platforms within the JCWA.</r2:Text>
                                </r2:PriorYear>
                            </r2:Accomplishment>
                            <r2:PlannedProgram>
                                <r2:CurrentYear>
                                    <r2:Funding>0.000</r2:Funding>
                                    <r2:Text>FY2025 and beyond project code CY01 realigned to CY86T1.  See project CY86T1 for further justification information.</r2:Text>
                                </r2:CurrentYear>
                                <r2:AppChangeSummary>USCYBERCOM realigned project codes. See project CY86T1 for further justification information.</r2:AppChangeSummary>
                            </r2:PlannedProgram>
                        </r2:AccomplishmentPlannedProgram>
                    </r2:AccomplishmentPlannedProgramList>
                    <r2:AcquisitionStrategy>The PCTE program employs an incremental acquisition strategy leveraging several contracting vehicles and acquisition streamlining methods to deliver capability rapidly and efficiently. Through the execution of existing cyber contracts, OTA contracts, and Federal Acquisition Regulation (FAR) based contracts, the PCTE program continues to enable the PCTE platform to achieve scalability, optimization, innovation, and quality standards to meet the dynamic needs of the CMF user base. The Product Manager awarded an integration focused Single Award ID/IQ contract to serve PCTE as well as other cyber community customers called the TRIDENT contract on Q1 FY 2022. The Cyber TRIDENT contract enables PCTE to provide iterative capability provided to the CMF in Capability Drops (CDs) that either improve or add features. These CDs will be based on requirements contained and further developed as part of the PCTE IS-CDD. This is a major capability acquisition that continues to deliver capability in line with Information Technology (IT) Box requirements strategy.</r2:AcquisitionStrategy>
                </r2:R2aExhibit>
                <r2:R3Exhibit>
                    <r2:Remarks>N/a</r2:Remarks>
                    <r2:CostCategoryGroupList>
                        <r2:CostCategoryGroup>
                            <r2:Name>Product Development</r2:Name>
                            <r2:CostCategoryItemList>
                                <r2:CostCategoryItem>
                                    <r2:Name>PCTE Development and Integration Support</r2:Name>
                                    <r2:ContractMethod>C</r2:ContractMethod>
                                    <r2:ContractType>IDDQ</r2:ContractType>
                                    <r2:PerformingActivity>Various</r2:PerformingActivity>
                                    <r2:PerformingActivityLocation>Various</r2:PerformingActivityLocation>
                                    <r2:Cost>
                                        <r2:PriorYear>
                                            <r2:Amount>7.399</r2:Amount>
                                            <r2:AwardDate>2024-03</r2:AwardDate>
                                        </r2:PriorYear>
                                    </r2:Cost>
                                </r2:CostCategoryItem>
                                <r2:CostCategoryItem>
                                    <r2:Name>PCTE Cyber Training, Readiness, Integration, Delivery, and Enterprise Technology (TRIDENT) Contract</r2:Name>
                                    <r2:ContractMethod>C</r2:ContractMethod>
                                    <r2:ContractType>IDDQ</r2:ContractType>
                                    <r2:PerformingActivity>Various</r2:PerformingActivity>
                                    <r2:PerformingActivityLocation>Various</r2:PerformingActivityLocation>
                                    <r2:Cost>
                                        <r2:PriorYear>
                                            <r2:Amount>63.705</r2:Amount>
                                            <r2:AwardDate>2024-05</r2:AwardDate>
                                        </r2:PriorYear>
                                    </r2:Cost>
                                </r2:CostCategoryItem>
                                <r2:CostCategoryItem>
                                    <r2:Name>PCTE Development and Integration - Other Contracts</r2:Name>
                                    <r2:ContractMethod>Option</r2:ContractMethod>
                                    <r2:ContractType>FFP</r2:ContractType>
                                    <r2:PerformingActivity>Various</r2:PerformingActivity>
                                    <r2:PerformingActivityLocation>Various</r2:PerformingActivityLocation>
                                    <r2:Cost>
                                        <r2:PriorYear>
                                            <r2:Amount>42.126</r2:Amount>
                                            <r2:AwardDate>2024-04</r2:AwardDate>
                                        </r2:PriorYear>
                                    </r2:Cost>
                                </r2:CostCategoryItem>
                                <r2:CostCategoryItem>
                                    <r2:Name>PCTE Government Test and Evaluation</r2:Name>
                                    <r2:ContractMethod>Option</r2:ContractMethod>
                                    <r2:ContractType>Various</r2:ContractType>
                                    <r2:PerformingActivity>Various</r2:PerformingActivity>
                                    <r2:PerformingActivityLocation>Various</r2:PerformingActivityLocation>
                                    <r2:Cost>
                                        <r2:PriorYear>
                                            <r2:Amount>1.750</r2:Amount>
                                            <r2:AwardDate>2024-04</r2:AwardDate>
                                        </r2:PriorYear>
                                    </r2:Cost>
                                </r2:CostCategoryItem>
                            </r2:CostCategoryItemList>
                        </r2:CostCategoryGroup>
                    </r2:CostCategoryGroupList>
                </r2:R3Exhibit>
                <r2:R4Exhibit>
                    <r2:ScheduleProfile>
                        <r2:ImageFileName>PCTE PB 2024.png</r2:ImageFileName>
                    </r2:ScheduleProfile>
                </r2:R4Exhibit>
                <r2:R4aExhibit>
                    <r2:SubProjectScheduleList>
                        <r2:SubProjectSchedule>
                            <r2:Title>Cyber Training Environment</r2:Title>
                            <r2:ScheduleDetailList>
                                <r2:ScheduleDetail>
                                    <r2:EventTitle>PCTE v9.0</r2:EventTitle>
                                    <r2:Schedule>
                                        <r2:Start>
                                            <r2:Quarter>2</r2:Quarter>
                                            <r2:Year>2024</r2:Year>
                                        </r2:Start>
                                        <r2:End>
                                            <r2:Quarter>2</r2:Quarter>
                                            <r2:Year>2024</r2:Year>
                                        </r2:End>
                                    </r2:Schedule>
                                </r2:ScheduleDetail>
                                <r2:ScheduleDetail>
                                    <r2:EventTitle>PCTE v11.0</r2:EventTitle>
                                    <r2:Schedule>
                                        <r2:Start>
                                            <r2:Quarter>4</r2:Quarter>
                                            <r2:Year>2025</r2:Year>
                                        </r2:Start>
                                        <r2:End>
                                            <r2:Quarter>4</r2:Quarter>
                                            <r2:Year>2025</r2:Year>
                                        </r2:End>
                                    </r2:Schedule>
                                </r2:ScheduleDetail>
                                <r2:ScheduleDetail>
                                    <r2:EventTitle>PCTE v13.0</r2:EventTitle>
                                    <r2:Schedule>
                                        <r2:Start>
                                            <r2:Quarter>4</r2:Quarter>
                                            <r2:Year>2026</r2:Year>
                                        </r2:Start>
                                        <r2:End>
                                            <r2:Quarter>4</r2:Quarter>
                                            <r2:Year>2026</r2:Year>
                                        </r2:End>
                                    </r2:Schedule>
                                </r2:ScheduleDetail>
                            </r2:ScheduleDetailList>
                        </r2:SubProjectSchedule>
                    </r2:SubProjectScheduleList>
                </r2:R4aExhibit>
            </r2:Project>
        </r2:ProjectList>
    </r2:ProgramElement>
</r2:ProgramElementList>