<?xml version="1.0" encoding="UTF-8"?>
<r2:ProgramElementList xmlns:r2="http://www.dtic.mil/comptroller/xml/schema/022009/r2" targetSchemaVersion="1.0">
    <r2:ProgramElement monetaryUnit="Millions">
        <r2:ProgramElementNumber>0208085JCY</r2:ProgramElementNumber>
        <r2:ProgramElementTitle>Robust Infrastructure</r2:ProgramElementTitle>
        <r2:R1LineNumber>229</r2:R1LineNumber>
        <r2:BudgetYear>2026</r2:BudgetYear>
        <r2:BudgetCycle>PB</r2:BudgetCycle>
        <r2:SubmissionDate>2025-06</r2:SubmissionDate>
        <r2:ServiceAgencyName>United States Cyber Command</r2:ServiceAgencyName>
        <r2:AppropriationCode>0400</r2:AppropriationCode>
        <r2:AppropriationName>Research, Development, Test &amp; Evaluation, Defense-Wide</r2:AppropriationName>
        <r2:BudgetActivityNumber>7</r2:BudgetActivityNumber>
        <r2:BudgetActivityTitle>Operational Systems Development</r2:BudgetActivityTitle>
        <r2:ProgramElementFunding>
            <r2:AllPriorYears>0.000</r2:AllPriorYears>
            <r2:CurrentYear>127.372</r2:CurrentYear>
            <r2:BudgetYearOne>88.522</r2:BudgetYearOne>
            <r2:BudgetYearOneBase>88.522</r2:BudgetYearOneBase>
        </r2:ProgramElementFunding>
        <r2:ProgramElementMissionDescription>United States Cyber Command's (USCYBERCOM) mission is to deter or defeat strategic threats to US interests and infrastructure, provide mission assurance for the operations and defense of the Department of Defense information environment, and support the achievement of the Joint Force Commander's objectives.  

Robust Infrastructure are the platforms necessary to conduct offensive and defensive cyberspace operations.  The Joint Common Access Platform (JCAP) supports USCYBERCOM by providing a protected, managed, orchestrated environment and common firing platform to coordinate and execute the delivery of cyber effects against approved targets.  This capability enables Cyber Mission Forces' (CMF) ability to execute operations while managing detection and attribution.  The JCAP program leverages existing service access platform programs, with the objective of combining, enhancing, and evolving existing program baselines into a "Best of Breed" JCAP.

The other portion of this Robust Infrastructure program element support of Defensive Cyber Operations, such as the managed unclassified infrastructure that provides virtual tenant spaces for Cyber National Mission Force (CNMF) Hunt Forward Operations (HFO) missions. 

Robust Infrastructure includes Cyberspace Rapid Response Platform (CRRP) resources critical for CYBERCOM's CNMF to successfully implement new and extended capabilities, services, tradecraft/tactics, and partnerships optimized to accelerate and expand opportunities to counter adversary aggression, especially when arising under no-notice and other emergent / crisis scenarios. CRRP resources are foundational for the success of the CNMF's new Joint Task Force ZERO, which is charged with rapid access generation, innovation, and transfer of actionable cyber insights and methods across the CNMF, to other USCYBERCOM elements, and to designated partners.

The FY 2026 Request for CRRP includes $20.440 million of discretionary and $53.000 million of mandatory (reconciliation) for a total of $73.440 million.   These mandatory funds provide for Low equity cyber infrastructure. Further information for this reconciliation request is provided in Chapter 12 of the Reconciliation Exhibit.</r2:ProgramElementMissionDescription>
        <r2:ChangeSummary>
            <r2:PreviousPresidentBudget>
                <r2:PriorYear>0.000</r2:PriorYear>
                <r2:CurrentYear>154.375</r2:CurrentYear>
                <r2:BudgetYearOne>117.624</r2:BudgetYearOne>
                <r2:BudgetYearOneBase>117.624</r2:BudgetYearOneBase>
            </r2:PreviousPresidentBudget>
            <r2:CurrentPresidentBudget>
                <r2:PriorYear>0.000</r2:PriorYear>
                <r2:CurrentYear>127.372</r2:CurrentYear>
                <r2:BudgetYearOne>88.522</r2:BudgetYearOne>
                <r2:BudgetYearOneBase>88.522</r2:BudgetYearOneBase>
            </r2:CurrentPresidentBudget>
            <r2:TotalAdjustments>
                <r2:PriorYear>0.000</r2:PriorYear>
                <r2:CurrentYear>-27.003</r2:CurrentYear>
                <r2:BudgetYearOne>-29.102</r2:BudgetYearOne>
                <r2:BudgetYearOneBase>-29.102</r2:BudgetYearOneBase>
            </r2:TotalAdjustments>
            <r2:AdjustmentDetails>
                <r2:CongressionalDirectedReductions>
                    <r2:CurrentYear>-27.003</r2:CurrentYear>
                </r2:CongressionalDirectedReductions>
                <r2:OtherAdjustmentDetailList>
                    <r2:OtherAdjustmentDetail>
                        <r2:Title>Reprogramming</r2:Title>
                        <r2:Funding>
                            <r2:BudgetYearOne>-29.102</r2:BudgetYearOne>
                            <r2:BudgetYearOneBase>-29.102</r2:BudgetYearOneBase>
                        </r2:Funding>
                    </r2:OtherAdjustmentDetail>
                </r2:OtherAdjustmentDetailList>
            </r2:AdjustmentDetails>
            <r2:SummaryExplanation>For FY 2025 and beyond, USCYBERCOM changed the projects structure to align projects and budget activities more clearly. See new project code CY85P1 for further justification information.</r2:SummaryExplanation>
        </r2:ChangeSummary>
        <r2:ProjectList>
            <r2:Project>
                <r2:ProjectNumber>CY85P1</r2:ProjectNumber>
                <r2:ProjectTitle>JCAP</r2:ProjectTitle>
                <r2:SpecialProject>0</r2:SpecialProject>
                <r2:ProjectFunding>
                    <r2:AllPriorYears>0.000</r2:AllPriorYears>
                    <r2:CurrentYear>74.980</r2:CurrentYear>
                    <r2:BudgetYearOne>68.085</r2:BudgetYearOne>
                    <r2:BudgetYearOneBase>68.085</r2:BudgetYearOneBase>
                </r2:ProjectFunding>
                <r2:R2aExhibit>
                    <r2:ProjectMissionDescription>USCYBERCOM's mission is to deter or defeat strategic threats to US interests and infrastructure, provide mission assurance for the operations and defense of the Department of Defense information environment, and support the achievement of the Joint Force Commander's objectives.
 
The JCAP is comprised of multiple hardware and software components that together provide a protected, managed, orchestrated environment and common firing platform to coordinate and execute the delivery of cyber effects against approved targets.  The platform includes a low-side (unclassified) infrastructure and a high-side (classified) infrastructure that are connected through a cross-domain solution.  Additionally, JCAP provides a security operations center and a wide area network that connects the geographically dispersed operating locations.</r2:ProjectMissionDescription>
                    <r2:AccomplishmentPlannedProgramList>
                        <r2:AccomplishmentPlannedProgram>
                            <r2:Title>Joint Common Access Platform (JCAP)</r2:Title>
                            <r2:Description>The JCAP supports USCYBERCOM by providing a protected, managed, orchestrated environment and common firing platform to coordinate and execute the delivery of cyber effects against approved targets.  This capability enables CMF's ability to execute operations while managing detection and attribution.  The JCAP program expands upon existing service access platform programs, with the objective of combining, enhancing, and evolving existing program baselines into a "Best of Breed," constantly evolving JCAP.

Accomplishments:
JCAP has successfully integrated cross-service capabilities into a fielded product to provide a common platform for delivery of all future offensive cyberspace actions.  JCAP has also delivered two Minimum Viable Capability Releases (MVCRs) to replace multiple service-developed cyber infrastructures.

In FY 2024, JCAP delivered the fourth MVCR, which provides the high-side (classified) infrastructure and cross-domain solution, allowing for classified mission management. Additionally, JCAP established the second data center to ensure continuity of operations and delivered 284 software releases to the operational platform to expand capability.  JCAP awarded a new prime contract in FY 2024 to continue design, development, integration, test and support activities for the system.</r2:Description>
                            <r2:PlannedProgram>
                                <r2:CurrentYear>
                                    <r2:Funding>74.980</r2:Funding>
                                    <r2:Text>Funding supports CDRUSCYBERCOM priorities to deliver capabilities that enhance the platforms' effectiveness while maintaining mission readiness. Continuous JCAP releases are planned to maintain readiness and address emerging technologies while staying aligned to USCYBERCOM priorities. Enhancements to the platform include:
•  Modernizing the infrastructure and software by transitioning from on-premises cloud to a hybrid-cloud architecture to optimize and increase capacity to support CMF operational demands
•  Adding a second data center to ensure continuity of operations and expand capacity 
•  Delivering a federated security operations center that expands defensive cyberspace capabilities to all four cyber service components 
•  Managing infrastructure orchestration across data centers for increased resiliency and failover
•  Integrating with other JCWA components, specifically integration of new cyber effects and enhancements in interoperability across the JCWA portfolio, with the Joint Cyber Command and Control (JCC2), Unified Platform (UP), Persistent Cyber Training Environment (PCTE), and the Joint Deployment Environment (JDE).</r2:Text>
                                </r2:CurrentYear>
                                <r2:BudgetYearOne>
                                    <r2:Funding>68.085</r2:Funding>
                                </r2:BudgetYearOne>
                                <r2:BudgetYearOneBase>
                                    <r2:Funding>68.085</r2:Funding>
                                    <r2:Text>Funding supports CDRUSCYBERCOM priorities to deliver capabilities that enhance the platforms' effectiveness while maintaining mission readiness. Continuous JCAP releases are planned to maintain readiness and address emerging technologies while staying aligned to USCYBERCOM priorities. Enhancements to the platform include:
•  Developing and fielding of Federated SOC that expands defensive cyberspace capabilities to all four Joint Mission Operations Centers (JMOCs)
•  Provides seamless platform management through orchestration between data centers for increased capacity resiliency, and support continuity of operation requirements.
•  Integration with new cyber effects and enhancements in interoperability across the JCWA portfolio with the Joint Cyber Weapons and the Joint Deployment Environment (JDE).</r2:Text>
                                </r2:BudgetYearOneBase>
                                <r2:AppChangeSummary>The decrease of $6.9M from FY 2025 to FY 2026 is due to efficiencies gained by strategically aligning JCAP, JCW, and JDE planning and development teams under a unified OCO solution-level structure, resulting in streamlined processes and reduced redundancies. The realignment streamlines disparate program development environments into a single Joint Development Environment (JDE) to be shared by JCAP, JCW, and JDE. All three efforts share hardware and software dependencies supported by a common development environment. JDE provides a common environment for developing and testing software, hardware and connectivity, and  standardized test and evaluation capabilities.</r2:AppChangeSummary>
                            </r2:PlannedProgram>
                        </r2:AccomplishmentPlannedProgram>
                    </r2:AccomplishmentPlannedProgramList>
                    <r2:AcquisitionStrategy>The Joint Common Access Platform (JCAP) program leverages commercial solutions through Other Transaction Authorities and the transition of mission-specific R&amp;D capabilities from Defense Advanced Research Projects Agency (DARPA) and Federally Funded Research and Development Centers (FFRDCs).</r2:AcquisitionStrategy>
                </r2:R2aExhibit>
                <r2:R3Exhibit>
                    <r2:CostCategoryGroupList>
                        <r2:CostCategoryGroup>
                            <r2:Name>Product Development</r2:Name>
                            <r2:CostCategoryItemList>
                                <r2:CostCategoryItem>
                                    <r2:Name>JCAP Development</r2:Name>
                                    <r2:ContractMethod>C</r2:ContractMethod>
                                    <r2:ContractType>Various</r2:ContractType>
                                    <r2:PerformingActivity>Various</r2:PerformingActivity>
                                    <r2:PerformingActivityLocation>Various</r2:PerformingActivityLocation>
                                    <r2:Cost>
                                        <r2:CurrentYear>
                                            <r2:Amount>70.728</r2:Amount>
                                            <r2:AwardDate>2025-06</r2:AwardDate>
                                        </r2:CurrentYear>
                                        <r2:BudgetYearOne>
                                            <r2:Amount>53.436</r2:Amount>
                                        </r2:BudgetYearOne>
                                        <r2:BudgetYearOneBase>
                                            <r2:Amount>53.436</r2:Amount>
                                        </r2:BudgetYearOneBase>
                                    </r2:Cost>
                                </r2:CostCategoryItem>
                                <r2:CostCategoryItem>
                                    <r2:Name>Development Enhancements</r2:Name>
                                    <r2:ContractMethod>C</r2:ContractMethod>
                                    <r2:ContractType>Various</r2:ContractType>
                                    <r2:PerformingActivity>Various</r2:PerformingActivity>
                                    <r2:PerformingActivityLocation>Various</r2:PerformingActivityLocation>
                                    <r2:Cost>
                                        <r2:CurrentYear>
                                            <r2:Amount>0.100</r2:Amount>
                                            <r2:AwardDate>2024-11</r2:AwardDate>
                                        </r2:CurrentYear>
                                        <r2:BudgetYearOne>
                                            <r2:Amount>10.120</r2:Amount>
                                        </r2:BudgetYearOne>
                                        <r2:BudgetYearOneBase>
                                            <r2:Amount>10.120</r2:Amount>
                                        </r2:BudgetYearOneBase>
                                    </r2:Cost>
                                </r2:CostCategoryItem>
                                <r2:CostCategoryItem>
                                    <r2:Name>CIV PAY</r2:Name>
                                    <r2:ContractMethod>C</r2:ContractMethod>
                                    <r2:ContractType>Various</r2:ContractType>
                                    <r2:PerformingActivity>Various</r2:PerformingActivity>
                                    <r2:PerformingActivityLocation>Various</r2:PerformingActivityLocation>
                                    <r2:Cost>
                                        <r2:CurrentYear>
                                            <r2:Amount>4.052</r2:Amount>
                                            <r2:AwardDate>2025-01</r2:AwardDate>
                                        </r2:CurrentYear>
                                        <r2:BudgetYearOne>
                                            <r2:Amount>2.019</r2:Amount>
                                        </r2:BudgetYearOne>
                                        <r2:BudgetYearOneBase>
                                            <r2:Amount>2.019</r2:Amount>
                                        </r2:BudgetYearOneBase>
                                    </r2:Cost>
                                </r2:CostCategoryItem>
                                <r2:CostCategoryItem>
                                    <r2:Name>Test and Eval</r2:Name>
                                    <r2:ContractMethod>C</r2:ContractMethod>
                                    <r2:ContractType>Various</r2:ContractType>
                                    <r2:PerformingActivity>Various</r2:PerformingActivity>
                                    <r2:PerformingActivityLocation>Various</r2:PerformingActivityLocation>
                                    <r2:Cost>
                                        <r2:CurrentYear>
                                            <r2:Amount>0.100</r2:Amount>
                                            <r2:AwardDate>2024-12</r2:AwardDate>
                                        </r2:CurrentYear>
                                        <r2:BudgetYearOne>
                                            <r2:Amount>2.510</r2:Amount>
                                        </r2:BudgetYearOne>
                                        <r2:BudgetYearOneBase>
                                            <r2:Amount>2.510</r2:Amount>
                                        </r2:BudgetYearOneBase>
                                    </r2:Cost>
                                </r2:CostCategoryItem>
                            </r2:CostCategoryItemList>
                        </r2:CostCategoryGroup>
                    </r2:CostCategoryGroupList>
                </r2:R3Exhibit>
                <r2:R4Exhibit>
                    <r2:ScheduleProfile>
                        <r2:ImageFileName>JCAP schedule JPEG.png</r2:ImageFileName>
                    </r2:ScheduleProfile>
                </r2:R4Exhibit>
                <r2:R4aExhibit>
                    <r2:SubProjectScheduleList>
                        <r2:SubProjectSchedule>
                            <r2:Title>Joint Common Access Platform (JCAP)</r2:Title>
                            <r2:ScheduleDetailList>
                                <r2:ScheduleDetail>
                                    <r2:EventTitle>Joint Common Access Platform (JCAP)</r2:EventTitle>
                                    <r2:Schedule>
                                        <r2:Start>
                                            <r2:Quarter>1</r2:Quarter>
                                            <r2:Year>2024</r2:Year>
                                        </r2:Start>
                                        <r2:End>
                                            <r2:Quarter>4</r2:Quarter>
                                            <r2:Year>2030</r2:Year>
                                        </r2:End>
                                    </r2:Schedule>
                                </r2:ScheduleDetail>
                            </r2:ScheduleDetailList>
                        </r2:SubProjectSchedule>
                        <r2:SubProjectSchedule>
                            <r2:Title>Other Cyber Operations Infrastructure</r2:Title>
                            <r2:ScheduleDetailList>
                                <r2:ScheduleDetail>
                                    <r2:EventTitle>Other Cyber Operations Infrastructure</r2:EventTitle>
                                    <r2:Schedule>
                                        <r2:Start>
                                            <r2:Quarter>1</r2:Quarter>
                                            <r2:Year>2024</r2:Year>
                                        </r2:Start>
                                        <r2:End>
                                            <r2:Quarter>4</r2:Quarter>
                                            <r2:Year>2030</r2:Year>
                                        </r2:End>
                                    </r2:Schedule>
                                </r2:ScheduleDetail>
                            </r2:ScheduleDetailList>
                        </r2:SubProjectSchedule>
                    </r2:SubProjectScheduleList>
                </r2:R4aExhibit>
            </r2:Project>
            <r2:Project>
                <r2:ProjectNumber>CY85R1</r2:ProjectNumber>
                <r2:ProjectTitle>Other Robust Infrastructure</r2:ProjectTitle>
                <r2:SpecialProject>0</r2:SpecialProject>
                <r2:ProjectFunding>
                    <r2:AllPriorYears>0.000</r2:AllPriorYears>
                    <r2:CurrentYear>52.392</r2:CurrentYear>
                    <r2:BudgetYearOne>20.437</r2:BudgetYearOne>
                    <r2:BudgetYearOneBase>20.437</r2:BudgetYearOneBase>
                </r2:ProjectFunding>
                <r2:R2aExhibit>
                    <r2:ProjectMissionDescription>The Robust Infrastructure  portfolio provides select resources in support of Defensive Cyberspace Operations, such as the managed unclassified infrastructure that provides virtual tenant spaces for CNMF Hunt Forward Operations missions. 
  
Robust Infrastructure includes Cyberspace Rapid Response Platform (CRRP) resources critical for USCYBERCOM's CNMF to successfully implement new and extended capabilities, services, tradecraft/tactics, and partnerships optimized to accelerate and expand opportunities to counter adversary aggression, especially under no-notice and other emergent / crisis scenarios. CRRP resources are foundational for the success of the CNMF's new JTF  ZERO, which is charged with rapid access generation, innovation, and transfer of actionable cyber insights and methods across the CNMF, to other USCYBERCOM elements, and to designated partners.

The CENTURION effort involves developing and advancing the state of the art in non-kinetic capabilities, delivered to operators with the appropriate authorities for effect to meet designated USCYBERCOM and DoD missions.</r2:ProjectMissionDescription>
                    <r2:AccomplishmentPlannedProgramList>
                        <r2:AccomplishmentPlannedProgram>
                            <r2:Title>Other Robust Infrastructure</r2:Title>
                            <r2:Description>The Other Robust Infrastructure portfolio provides select resources in support of Defensive Cyberspace Operations, such as the managed unclassified infrastructure that provides virtual tenant spaces for CNMF Hunt Forward Operations (HFO) missions. The CNMF conducted 35 HFO deployments in calendar year 2024 to support foreign allies/partners by hunting abroad to find common adversaries, helping partners defend their sensitive networks, and enhancing strategic relationships.  In FY 2025, further refresh is projected to replace aging servers and related equipment.

Other Robust Infrastructure also includes Cyberspace Rapid Response Platform (CRRP) resources critical for USCYBERCOM's Cyber National Mission Force to successfully implement new and extended capabilities, services, tradecraft/tactics, and partnerships optimized to accelerate and expand opportunities to counter adversary aggression, especially when arising under no-notice and other emergent / crisis scenarios.  CRRP / JTF ZERO accomplishments through mid-2024 include initial operational activation of new capabilities; repeated success in enabling improved mission outcomes; more than doubling the number of private sector partnerships to share cyber threat information; approval of new tradecraft innovations and accelerated TTPs; and significant progress in fitting up JTF ZERO’s future operational space for occupancy in 2025.

The CENTURION effort involves developing and advancing the state of the art in non-kinetic capabilities, delivered to operators with the appropriate authorities for effect to meet designated USCYBERCOM and DoD missions.</r2:Description>
                            <r2:PlannedProgram>
                                <r2:CurrentYear>
                                    <r2:Funding>52.392</r2:Funding>
                                    <r2:Text>FY 2025 funding for Robust Infrastructure supports increasing maturity in acquiring, deploying, and improving technical infrastructure, expert contract services, and low-equity cyber tooling to meet the specific rapid access generation and tradecraft innovation/transfer needs of CNMF's JTF ZERO.

FY 2025 funding for CENTURION allows the effort to execute the development pipeline of capabilities, further identifying appropriate mechanisms to support USCYBERCOM and DoD goals and mission imperatives. CENTURION delivers additional non-kinetic capabilities/ applications in accordance with identified opportunities and mission goals and expand applicability of strategy and tools to support additional AORs as needed and directed. Other key efforts include developing a roadmap to integrate RF enabled capabilities on partner platforms that enable full-spectrum cyber operations with initial demonstrated capability by the fourth quarter of FY 2025.</r2:Text>
                                </r2:CurrentYear>
                                <r2:BudgetYearOne>
                                    <r2:Funding>20.437</r2:Funding>
                                </r2:BudgetYearOne>
                                <r2:BudgetYearOneBase>
                                    <r2:Funding>20.437</r2:Funding>
                                    <r2:Text>In  FY 2026, refresh of the CNMF DCO infrastructure supporting Hunt Forward Operations is expected to be completed with replaced servers and related equipment.

FY 2026 funding for CENTURION allows for a change in priority from development and fielding, to the integration and operationalization of current capabilities with partner platforms, the JCWA and other Hard Target initiatives, accompanied by a robust testing and evaluation and exercise way forward. This focus contributes to an increased number and readiness levels of capabilities, delivering more options to the Combatant Commands (COCOMs).  Efforts to execute the development and fielding pipeline of capabilities will continue, and CENTURION will deliver additional non-kinetic capabilities/ applications in accordance with identified opportunities and mission goals as well as expand applicability of strategy and tools to support additional AORs as needed and directed.</r2:Text>
                                </r2:BudgetYearOneBase>
                                <r2:AppChangeSummary>The decrease from FY 2025 to FY 2026 reflects decrease of CRRP funding fund mandatory (reconciliation) to provide low equity cyber infrastructure.</r2:AppChangeSummary>
                            </r2:PlannedProgram>
                        </r2:AccomplishmentPlannedProgram>
                    </r2:AccomplishmentPlannedProgramList>
                    <r2:AcquisitionStrategy>Acquisition for CNMF and Defense Cyberspace Operations infrastructure encompasses a diverse spectrum of sources to contribute technical solutions, services, and tools, as well as hardware/software products needed for classified test and integration at CNMF locations. These sources include established cleared defense contractors, small businesses, minority/disadvantaged businesses, partner agencies, and less traditional providers.

CENTURION’s acquisition strategy primarily leverages multiple existing contracts, but also includes new contract awards for engineering expertise. Contracts will support multiple, short-term efforts to rapidly develop operational prototypes.</r2:AcquisitionStrategy>
                </r2:R2aExhibit>
                <r2:R3Exhibit>
                    <r2:CostCategoryGroupList>
                        <r2:CostCategoryGroup>
                            <r2:Name>Product Development</r2:Name>
                            <r2:CostCategoryItemList>
                                <r2:CostCategoryItem>
                                    <r2:Name>Other Cyber Operations Infrastructure</r2:Name>
                                    <r2:ContractMethod>C</r2:ContractMethod>
                                    <r2:ContractType>Various</r2:ContractType>
                                    <r2:PerformingActivity>Various</r2:PerformingActivity>
                                    <r2:PerformingActivityLocation>Various</r2:PerformingActivityLocation>
                                    <r2:Cost>
                                        <r2:CurrentYear>
                                            <r2:Amount>52.392</r2:Amount>
                                            <r2:AwardDate>2025-03</r2:AwardDate>
                                        </r2:CurrentYear>
                                        <r2:BudgetYearOne>
                                            <r2:Amount>20.437</r2:Amount>
                                        </r2:BudgetYearOne>
                                        <r2:BudgetYearOneBase>
                                            <r2:Amount>20.437</r2:Amount>
                                            <r2:AwardDate>2026-03</r2:AwardDate>
                                        </r2:BudgetYearOneBase>
                                    </r2:Cost>
                                </r2:CostCategoryItem>
                            </r2:CostCategoryItemList>
                        </r2:CostCategoryGroup>
                    </r2:CostCategoryGroupList>
                </r2:R3Exhibit>
                <r2:R4aExhibit>
                    <r2:SubProjectScheduleList>
                        <r2:SubProjectSchedule>
                            <r2:Title>Other Cyber Operations Infrastructure</r2:Title>
                            <r2:ScheduleDetailList>
                                <r2:ScheduleDetail>
                                    <r2:EventTitle>Other Cyber Operations Infrastructure</r2:EventTitle>
                                    <r2:Schedule>
                                        <r2:Start>
                                            <r2:Quarter>4</r2:Quarter>
                                            <r2:Year>2025</r2:Year>
                                        </r2:Start>
                                        <r2:End>
                                            <r2:Quarter>3</r2:Quarter>
                                            <r2:Year>2030</r2:Year>
                                        </r2:End>
                                    </r2:Schedule>
                                </r2:ScheduleDetail>
                            </r2:ScheduleDetailList>
                        </r2:SubProjectSchedule>
                    </r2:SubProjectScheduleList>
                </r2:R4aExhibit>
            </r2:Project>
        </r2:ProjectList>
    </r2:ProgramElement>
</r2:ProgramElementList>