<?xml version="1.0" encoding="UTF-8"?>
<proc:LineItemList xmlns:proc="http://www.dtic.mil/comptroller/xml/schema/20100219/procurement">
    <proc:LineItem quantityUnits="Each" quantityUnitName="Each" unitCostUnits="Millions" totalCostUnits="Millions" manufacturerRateUnits="Monthly" combinedP5Flag="false">
        <proc:LineItemNumber>30</proc:LineItemNumber>
        <proc:LineItemTitle>Major Equipment, OSD</proc:LineItemTitle>
        <proc:P1LineNumber>5</proc:P1LineNumber>
        <proc:BudgetYear>2026</proc:BudgetYear>
        <proc:BudgetCycle>PB</proc:BudgetCycle>
        <proc:SubmissionDate>2025-06</proc:SubmissionDate>
        <proc:ServiceAgencyName>Office of the Secretary Of Defense</proc:ServiceAgencyName>
        <proc:AppropriationNumber>0300D</proc:AppropriationNumber>
        <proc:AppropriationTitle>Procurement, Defense-Wide</proc:AppropriationTitle>
        <proc:BudgetActivityNumber>1</proc:BudgetActivityNumber>
        <proc:BudgetActivityTitle>Major Equipment</proc:BudgetActivityTitle>
        <proc:BudgetSubActivityNumber>1</proc:BudgetSubActivityNumber>
        <proc:BudgetSubActivityTitle>Major Equipment, DPAA</proc:BudgetSubActivityTitle>
        <proc:ResourceSummary>
            <proc:TotalCost>
                <proc:AllPriorYears>1312.408</proc:AllPriorYears>
                <proc:PriorYear>408.006</proc:PriorYear>
                <proc:CurrentYear>473.814</proc:CurrentYear>
                <proc:BudgetYearOneBase>164.9</proc:BudgetYearOneBase>
                <proc:BudgetYearOne>164.9</proc:BudgetYearOne>
            </proc:TotalCost>
            <proc:NetProcurementP1>
                <proc:AllPriorYears>1312.408</proc:AllPriorYears>
                <proc:PriorYear>408.006</proc:PriorYear>
                <proc:CurrentYear>473.814</proc:CurrentYear>
                <proc:BudgetYearOneBase>164.9</proc:BudgetYearOneBase>
                <proc:BudgetYearOne>164.9</proc:BudgetYearOne>
            </proc:NetProcurementP1>
            <proc:TotalObligationAuthority>
                <proc:AllPriorYears>1312.408</proc:AllPriorYears>
                <proc:PriorYear>408.006</proc:PriorYear>
                <proc:CurrentYear>473.814</proc:CurrentYear>
                <proc:BudgetYearOneBase>164.9</proc:BudgetYearOneBase>
                <proc:BudgetYearOne>164.9</proc:BudgetYearOne>
            </proc:TotalObligationAuthority>
        </proc:ResourceSummary>
        <proc:Code>A</proc:Code>
        <proc:Description>New Start (Y/N): No

This program supports the Department's initiatives to Build Enduring Advantage, Deter Aggression, Defend the Homeland, and Taking Care of People.

The Director, Cost Assessment and Program Evaluation (D, CAPE) provides the Department of Defense with timely, insightful, and unbiased analysis on resource allocation and cost estimation problems to deliver the optimum portfolio of military capabilities through efficient and effective use of each taxpayer dollar. To continue to enhance and deliver products focused on future force planning and analysis CAPE will continue to increase use of collaboration tools and technologies and web/cloud-based delivery of key products.  The CAPE procurement program supports these activities such as through audio-visual technologies, computing and storage, and processing capabilities including improvements in VTC, modeling, and distribution of information. 

The Department of Defense (DoD) Mentor-Protege Program (MPP) is authorized under 10 USC 4902. Through this program the department incentivizes major DoD contractors to furnish and assist small business concerns in enhancing their capabilities to perform as subcontractors and viable suppliers under DoD contracts and other federal government and commercial contracts. This program helps to sustain a competitive supplier base which contributes to affordability in current and future defense acquisitions. MPP also works to enable small businesses to effectively meet the Department's industrial base challenges by ensuring small business utilization into the Department's major acquisition programs. The DoD MPP works to address those critical gaps and challenges the industrial base faces as noted in the DoD national defense strategy and Executive Order 13806 through the utilization of socio-economic disadvantaged small businesses and identifies small businesses that possess unique mission-critical capabilities in support of the warfighter.  The MPP is also focused on implementing a five-year pilot program by providing up to 25 percent of reimbursement to proteges who are eligible when implementing an engineering, software development, or manufacturing customization to ensure that technology developed by protégé firms will be ready for integration into a DoD program or system.

The Indian Incentive Program is authorized by U.S.C. 1544 of the Indian Financing Act of 1974.  In 1998, Congress began providing annual funds through the DoD Appropriation Act for the DoD Indian Incentive Program. The program seeks to boost Native American economic development, increase partnerships with Native American businesses in the Defense Industrial Base, and act as a catalyst for teaming and subcontracting with Native companies to meet the Department's mission requirements.  The program motivates prime contractors to utilize Native American-owned enterprises by providing a 5 percent rebate on subcontracted work performed by those companies. The annual budget represents 2.2 percent ($500M) of subcontracted work performed by Native-owned businesses.  To be eligible a DoD prime contractor must subcontract to one of the following companies: Federally Recognized American Indian Organizations, Indian-Owned economic enterprises, and small businesses owned by members of recognized tribes, Native Alaskans, or Native Hawaiians.  By generating subcontracts to the aforementioned entities, the Indian Incentive Program fulfills its purpose as an economic multiplier for Native American communities.

Small business and Academia Cybersecurity Maturity Model Certification (CM-MC) - To assist small businesses and academic institutions achieve the cybersecurity maturity levels needed or required, the DoD Office of Small Business Programs (OSBP) initiated the development of Project Spectrum — a comprehensive platform to provide the tools and training needed to increase cybersecurity awareness and maintain compliance in accordance with DoD contracting requirements. Project Spectrum offers heightened, free-to-the-user cybersecurity awareness tools and training resources. This platform is an extremely valuable asset for small businesses and academic institutions that may be particularly susceptible to cyber threats due to funding and other resource limitations. The Project Spectrum platform provides up-to-date cybersecurity compliance and policy best practices and educates users on relevant topics that can affect business risk management. Their team of cyber advisors and outreach specialists share the tools and information small businesses and academic institutions need to thwart exploitation of various vulnerabilities like phishing, malware, and other cybersecurity threats. Supporting cyber resilience within the small business industrial base is key to enabling these companies to address industrial base gaps across the Department. Cybercriminals know that small businesses are the most resource constrained, high value targets in the defense supply chain so they repeatedly target companies that are often unprepared to prevent those attacks. Protecting DoD information and capabilities from these increasingly sophisticated threats posed by foreign competitors and adversaries remains a critical national security priority for the Department.

Emergent Counter small Unmanned Aircraft System (CsUAS) - CsUAS requirements allow the DoD to respond quickly to small unmanned aircraft systems growing and unpredictable threats. Additional details are available at a higher classification level.

The Radiological/Nuclear Defense Capability Development (RNDCD) program fields modern radiological and nuclear (R/N) detection and identification capabilities to the Joint Force and the National Guard Bureau.  This program supports all of the Department's Defense Priorities as described in the 2022 National Defense Strategy of (1) Defending the Homeland; (2) Deterring Strategic Attacks; (3) Deterring Aggression, while being prepared to prevail in conflict when necessary; and (4) Building a Resilient Joint Force.  RNDCD addresses the challenges of keeping pace with our increasingly nuclear-capable adversaries by developing and fielding modern R/N detection and identification capabilities that are networked into secure and hardened communications, command, and control (C3) systems.  The Radiological and Nuclear Defense Gear Modernization and Procurement PE supports these efforts by procuring capabilities that enable the Department to prevent R/N attacks on the homeland, and survive and prevail in an R/N contested environment if/when the need arises.  These efforts address the strategic objective of 'fielding modernized R/N detection capabilities to enable the Joint Force to survive and prevail in an R/N contaminated environment' (DoD Strategic Management Plan for FY2022-2026).  This program is specifically geared to provide improved R/N detection, indication, and identification capabilities for domestic prevention and response forces and to the warfighter to upgrade obsolete equipment. 

The RNDCD portfolio executes along cohesive lines of effort (LOEs) designed to prepare the Joint Force for a future operating environment in which adversary pursuit or possession of WMDs pose threats ranging from existential to tactical. The Office of the Secretary of Defense uses the RNDCD portfolio to invest strategically in projects across the Military Services, Combatant Commands, and Defense Agencies. By building a R/N resilient Joint Force and National Guard Bureau, this program contributes to nuclear deterrence by denying any strategic advantage our adversaries may perceive in using nuclear weapons on the homeland or Joint Force stationed abroad.  By ensuring the Department's strategic direction aligns with the National Defense Strategy's priorities, the RNDCD Program enables DoD to: prepare for and respond to any emergency involving nuclear and/or radiological events in the United States; provide a capability for the Joint Force to withstand, operate through, and recover from an R/N event; improve resilience; and promote integrated layered deterrence of WMD with state, local, and other federal agencies.  
 
Funding is prioritized for projects that close Joint Force and National Guard capability gaps. An annual investment strategy is used to meet emergent operational and capability needs validated by the Joint Force and the National Guard Bureau, yielding new fielded capabilities within one to three years. Through the Radiological and Nuclear Defense Gear Modernization and Procurement PE, the department strategically procures modern R/N detection and identification equipment through rapid acquisition pathways for units that lack organic procurement capabilities or have critical requirements for emergent capabilities to address R/N threats.  This program leverages significant science and technology (S&amp;T) investments made by the Department of Defense, other Federal agencies, and industry. 

The Accelerate the Procurement and Fielding of Innovative Technologies (APFIT) program is authorized in Section 861 of the National Defense Authorization Act (NDAA) for FY 2025. APFIT is a competitive, merit-based internal DoD process to solicit, evaluate and select projects for $10.000 million - $50.000 million of procurement funding, with priority to those provided by small businesses and non-traditional defense innovators. APFIT accelerates the delivery of these capabilities to the Services and DoD Agencies by providing critical procurement funding to programs with production-ready capability and a current procurement funding disconnect, thereby enabling the transition of the program across the "valley of death". 

The Office of the Under Secretary of Defense for Comptroller (OUSD(C)) requirement for an integrated risk management platform in support of DoD's ongoing internal control program improvements for the 4th estate reporting entities will reach operations and maintenance phase in FY 2025 for licenses that are planned to be purchased in FY 2024.

Office of the Under Secretary of Defense for Policy (OUSD(P)) requirement for RRMC is a classified program.

Office of Under Secretary of Defense for Acquisition and Sustainment requirement for the Sustainment Transition Capabilities PE 0606829D8Z is a New Start in FY2026. The F-35 requirement will  accomplish FY22 NDAA Section 142 which requires the Department to transition Sustainment functions from the F-35 Joint Program Office to the Military Departments (MILDEPs) of the Air Force and Navy no later than end of 2027.  The Under Secretary of Defense (USD) Acquisition &amp; Sustainment (A&amp;S) Report to Congress dated 30 January 2023, states that the MILDEPs will achieve Initial Operating Capability (IOC) by end of 2027 to act as the Inventory Control Point (ICP) and reach Full Operating Capability (FOC) by end of 2029.  Additionally, for NDAA Section 142 to effectively occur, FY24 NDAA Section 1005 mandates that the Department achieve an unmodified audit opinion by the end of 2028.  To achieve both statutory requirements and allow the MIPDEPS to assume ICP control by the end of 2027, the Department requires a Logistics Information Technology (LogIT) network that will facilitate necessary data exchange via Department standard Defense Logistics Management Standard (DLMS) transactions and the F-35 prime vendor systems.  Once the network is established the Departments' financial and business systems will have enabled capability for full asset visibility, financial transactions, and Inventory Control Points (ICPs) accountability operations.  This investment will deliver that data architecture design, implementation, and capability which will provide the MILDEPs with the necessary asset visibility and controls to assume full ICP responsibilities from the prime vendors.</proc:Description>
        <proc:Justification>FY 2026 funding supports the Office of the Director, Cost Assessment and Program Evaluation's (CAPE) procurement of improved technology including robust computer and data analysis systems such as servers, software, and models; as well as various audio visual capabilities, computing capabilities, and specialized workstations or workstation upgrades that support in-house-developed software and other DoD-developed simulation models and applications that enable CAPE to perform its mission and unique business functions. These capabilities provide CAPE analysts with the ability to support mission functions such as: conducting Program Review, Program Objective Memorandum (POM) coordination, Future Years Defense Plan (FYDP) development, and the collection, maintenance, and analysis of cost data, both developmental and operating and support costs.  Additionally, these sophisticated tools allow CAPE analysts to conduct research, technical analyses, and collaborative studies within CAPE and with other DoD agencies and provide analysts with the flexibility of running simulation models. FY 2026 funding continues to support the implementation, and build-out of a network Demilitarized Zone (DMZ). On-going improvement of audio visual (A/V) systems continue to be more critical to the day-to-day operations. CAPE will maintain a steady state procurement program throughout the out years that aligns procurement expenditures for maximum efficiency in order to fund higher priority requirements in the Department while meeting analytic needs.

FY 2026 the DoD Mentor-Protege Program (DoD MPP) provides small, non-traditional, and new entrant businesses with developmental assistance focused on expanding and integrating their technical abilities, knowledge, capacity, and participation in DoD contracting. This program supports the Department's priority to reestablish deterrence and serves to multiply and build partnerships with innovative businesses that are critical to aiding the Nation in maintaining technological superiority, military advantage, and national security.  FY 2026 DoD MPP funding supports strengthening and innovating defense supply chains by increasing the participation of small, non-traditional, and new entrant businesses in defense programs and procurements through targeted developmental assistance partnerships between them and more experienced defense prime contractors. Priority areas will include manufacturing, shipbuilding, aerospace, and more, and will include enabling sectors like strategic and critical minerals. Funding will also support their Cybersecurity readiness, per FY19 NDAA, Section 1644(k) (Public Law 115-232), through training and technical assistance to help them conduct self-assessments and readiness checks and maintain compliance with the NIST 800-171 cybersecurity requirements to ensure a standardized level of protection for the Defense Industrial Base. The training and technical assistance tools will also be expanded to include Foreign Ownership, Control, or Influence (FOCI) education and mitigation tools as required by 15 USC § 638 note. Additionally, the FY 2026 funding supports expanding the use of DoD MPP within the Department to add additional DoD components within the Department, from 9 to 12 components.  The funding will also continue efforts of the Manufacturing Innovation Institutes Pilot program to support small- and medium-sized manufacturers in alignment with the Department's priorities to revive the Defense Industrial Base.  The funding will also provide developmental assistance to small businesses to align with both the Secretary of Defense and DoD Service Component and Other Defense Agency (ODA) requirements toward essential national security requirements, fill critical defense procurement or sustainment needs, and resolve operational challenges.

FY 2026 Indian Incentive Program funding supports rebate payments to prime contractors who utilize eligible Native American-owned businesses. On average, the program funds over 140 rebates across major DoD services, agencies, and sub-commands. Over the past decade, the Indian Incentive Program has significantly impacted various industries, including construction, manufacturing, professional and scientific services, waste management, and information technology, with participation from over 100 DoD primes and more than 100 different Native-owned businesses.  Participating Native American enterprises view the program as playing a crucial role in securing DoD contracts, with 46 percent directly crediting their contract wins to the program. The Indian Incentive Program will persist in building a broad industrial base by fostering collaborations between Native-owned enterprises and primes, thereby enhancing economic growth and efficiency. OSBP's commitment to increased outreach in 2026 forecasts a continued vigorous interest in program fostering continued partnership and economic development for the Native American community.

FY 2026 Small Business and Academia Cybersecurity Maturity Model Certification (CM-MC) - To assist small businesses and academic institutions achieve the cybersecurity maturity levels needed or required, the DoD Office of Small Business Programs (OSBP) initiated the development of Project Spectrum - a comprehensive platform to provide the tools and training needed to increase cybersecurity awareness and maintain compliance in accordance with DoD contracting requirements. Project Spectrum offers heightened, free-to-the-user cybersecurity awareness tools and training resources. This platform is an extremely valuable asset for small businesses and academic institutions that may be particularly susceptible to cyber threats due to funding and other resource limitations. The Project Spectrum platform provides up-to-date cybersecurity compliance and policy best practices and educates users on relevant topics that can affect business risk management. Their team of cyber advisors and outreach specialists share the tools and information small businesses and academic institutions need to thwart exploitation of various vulnerabilities like phishing, malware, and other cybersecurity threats. Supporting cyber resilience within the small business industrial base is key to enabling these companies to address industrial base gaps across the Department. Cybercriminals know that small businesses are the most resource constrained, high value targets in the defense supply chain so they repeatedly target companies that are often unprepared to prevent those attacks. Protecting DoD information and capabilities from these increasingly sophisticated threats posed by foreign competitors and adversaries remains a critical national security priority for the Department.

Emergent Counter small Unmanned Aircraft System (CsUAS).  In support of the 2022 National Defense Strategy, the 2022 Missile Defense Review characterizes enemy small, unmanned aircraft systems as an accessible, expendable, flexible, and inexpensive threat who's use will expand and continue to pose a threat to US personnel overseas, allies and partners, and potentially to the US homeland.   It further directs that protecting the homeland and forward deployed forces requires C-sUAS solutions to meet the range of threats and hedge against future advancements. Additional details are available at a higher classification level.

The Department requests $5.322 million to procure modern Man Portable Radiation Detector Systems (MRDS) for the National Guard Bureau.  The MRDS leverages prior DoD Research, Development, Test, and Evaluation (RDT&amp;E) investments and offers the most state-of-the art R/N detection and identification capabilities which are fully integrated into a comprehensive communication, command, and control software system.  By the end of FY2026, all 57 of the National Guard Bureau's Weapons of Mass Destruction Civil Support Teams (WMD-CSTs) will be fully outfitted with an MRDS.  Every state and several territories will have a WMD-CST that can detect and identify R/N hazards and provide incident response in conjunction with other interagency response units.

FY 2026 Accelerate the Procurement and Fielding of Innovative Technologies (APFIT) funding supports the Assistant Secretary of Defense for Mission Capabilities, ASD(MC), objective to accelerate transition and fielding of innovative technologies throughout the Department of Defense. The purpose of the APFIT program is to facilitate transition of capabilities developed by small business or non-traditional performers into initial production. Project selection is guided by the National Defense Strategy, the Under Secretary of the Defense for Research and Engineering National Defense Science and Technology Strategy, and the Chairman's Gap Assessment, with input from the Joint Staff, the Under Secretary of Defense for Acquisition and Sustainment USD(A&amp;S), and the Service Acquisition Executive Offices. This funding is required to carry out Section 861 of the FY 2025 National Defense Authorization Act (NDAA).  

The Office of the Under Secretary of Defense for Comptroller (OUSD(C)) requirement for an integrated risk management platform in support of DoD's ongoing internal control program improvements for the 4th estate reporting entities will reach operations and maintenance phase in FY 2025 for licenses that are planned to be purchased in FY 2024.

Office of the Under Secretary of Defense for Policy (OUSD(P)) requirement of $0.691M for RRMC is a classified program.

Office of Under Secretary of Defense for Acquisition and Sustainment requirement for the Sustainment Transition Capabilities PE 0606829D8Z / F-35 funding is considered a New Start in FY2026. The $40M in FY26 is required to accomplish to accomplish FY22 NDAA Section 142 which requires the Department to transition Sustainment functions from the F-35 Joint Program Office to the Military Departments (MILDEPs) of the Air Force and Navy no later than end of 2027.  The Under Secretary of Defense (USD) Acquisition &amp; Sustainment (A&amp;S) Report to Congress dated 30 January 2023, states that the MILDEPs will achieve Initial Operating Capability (IOC) by end of 2027 to act as the Inventory Control Point (ICP) and reach Full Operating Capability (FOC) by end of 2029.  Additionally, for NDAA Section 142 to effectively occur, FY24 NDAA Section 1005 mandates that the Department achieve an unmodified audit opinion by the end of 2028.  The procurement funding will be used to accomplish purchase of Provisioning and Cataloging Data to support the MILDEPs to provisioning and cataloging F-35 Parts into the Federal Logistics Information System and creating National Stock Numbers for the Joint Spares Pool.  FY26 funds are expected to fund all repairable parts (~1,800 parts) and maintenance significant impact consumables (MSI) (~1,150 parts).  This program also has a RDT&amp;E New Start to accomplish efforts in tandem with the procurement funding to meet the Congressional mandates for F-35 sustainment transitions deadlines.</proc:Justification>
        <proc:ItemExhibitList>
            <proc:P5Item>
                <proc:Name>CAPE - Procurement Programs</proc:Name>
                <proc:ItemNumber>1</proc:ItemNumber>
                <proc:Remarks>FY 2026 funding supports the Office of the Director, Cost Assessment and Program Evaluation (CAPE) analytic needs to run both internally developed models and other DoD-developed simulation models and applications as well as conduct data analysis, enabling the organization to perform its mission and unique business functions including program analyses, cost data collection, and analytic activities and investigations. It supports audio visual system improvements, computing capacity and storage (including cloud-based) and other computer systems and tools that allow CAPE analysts to conduct research, technical analyses, and collaborative studies within CAPE and with other DoD agencies.</proc:Remarks>
                <proc:ResourceSummary>
                    <proc:TotalCost>
                        <proc:AllPriorYears>207.26</proc:AllPriorYears>
                        <proc:PriorYear>1.415</proc:PriorYear>
                        <proc:CurrentYear>1.257</proc:CurrentYear>
                        <proc:BudgetYearOneBase>1.295</proc:BudgetYearOneBase>
                        <proc:BudgetYearOne>1.295</proc:BudgetYearOne>
                    </proc:TotalCost>
                    <proc:NetProcurementP1>
                        <proc:AllPriorYears>207.26</proc:AllPriorYears>
                        <proc:PriorYear>1.415</proc:PriorYear>
                        <proc:CurrentYear>1.257</proc:CurrentYear>
                        <proc:BudgetYearOneBase>1.295</proc:BudgetYearOneBase>
                        <proc:BudgetYearOne>1.295</proc:BudgetYearOne>
                    </proc:NetProcurementP1>
                    <proc:TotalObligationAuthority>
                        <proc:AllPriorYears>207.26</proc:AllPriorYears>
                        <proc:PriorYear>1.415</proc:PriorYear>
                        <proc:CurrentYear>1.257</proc:CurrentYear>
                        <proc:BudgetYearOneBase>1.295</proc:BudgetYearOneBase>
                        <proc:BudgetYearOne>1.295</proc:BudgetYearOne>
                    </proc:TotalObligationAuthority>
                </proc:ResourceSummary>
                <proc:CostElementCategoryList>
                    <proc:Hardware>
                        <proc:Name>IT Hardware, Equipment, Software, and Licenses</proc:Name>
                        <proc:Recurring>
                            <proc:CostElementList>
                                <proc:CostElement>
                                    <proc:Name>IT Hardware, Equipment, Software, and Licenses</proc:Name>
                                    <proc:Cost>
                                        <proc:Quantity>
                                            <proc:AllPriorYears>4</proc:AllPriorYears>
                                            <proc:PriorYear>1</proc:PriorYear>
                                            <proc:CurrentYear>1</proc:CurrentYear>
                                            <proc:BudgetYearOneBase>1</proc:BudgetYearOneBase>
                                            <proc:BudgetYearOne>1</proc:BudgetYearOne>
                                        </proc:Quantity>
                                        <proc:TotalCost>
                                            <proc:AllPriorYears>185.152</proc:AllPriorYears>
                                            <proc:PriorYear>0.559</proc:PriorYear>
                                            <proc:CurrentYear>0.6</proc:CurrentYear>
                                            <proc:BudgetYearOneBase>0.473</proc:BudgetYearOneBase>
                                            <proc:BudgetYearOne>0.473</proc:BudgetYearOne>
                                        </proc:TotalCost>
                                        <proc:UnitCost>
                                            <proc:AllPriorYears>46.288</proc:AllPriorYears>
                                            <proc:PriorYear>0.559</proc:PriorYear>
                                            <proc:CurrentYear>0.6</proc:CurrentYear>
                                            <proc:BudgetYearOneBase>0.473</proc:BudgetYearOneBase>
                                            <proc:BudgetYearOne>0.473</proc:BudgetYearOne>
                                        </proc:UnitCost>
                                    </proc:Cost>
                                </proc:CostElement>
                            </proc:CostElementList>
                            <proc:CategorySubtotal>
                                <proc:TotalCost>
                                    <proc:AllPriorYears>185.152</proc:AllPriorYears>
                                    <proc:PriorYear>0.559</proc:PriorYear>
                                    <proc:CurrentYear>0.6</proc:CurrentYear>
                                    <proc:BudgetYearOneBase>0.473</proc:BudgetYearOneBase>
                                    <proc:BudgetYearOne>0.473</proc:BudgetYearOne>
                                </proc:TotalCost>
                            </proc:CategorySubtotal>
                        </proc:Recurring>
                        <proc:CategorySubtotal>
                            <proc:TotalCost>
                                <proc:AllPriorYears>185.152</proc:AllPriorYears>
                                <proc:PriorYear>0.559</proc:PriorYear>
                                <proc:CurrentYear>0.6</proc:CurrentYear>
                                <proc:BudgetYearOneBase>0.473</proc:BudgetYearOneBase>
                                <proc:BudgetYearOne>0.473</proc:BudgetYearOne>
                            </proc:TotalCost>
                        </proc:CategorySubtotal>
                    </proc:Hardware>
                    <proc:Support>
                        <proc:CostElementList>
                            <proc:CostElement>
                                <proc:Name>Long Range Planning -- Internet DMZ Migration Services</proc:Name>
                                <proc:Cost>
                                    <proc:Quantity>
                                        <proc:AllPriorYears>4</proc:AllPriorYears>
                                        <proc:PriorYear>1</proc:PriorYear>
                                        <proc:CurrentYear>1</proc:CurrentYear>
                                        <proc:BudgetYearOneBase>1</proc:BudgetYearOneBase>
                                        <proc:BudgetYearOne>1</proc:BudgetYearOne>
                                    </proc:Quantity>
                                    <proc:TotalCost>
                                        <proc:AllPriorYears>22.108</proc:AllPriorYears>
                                        <proc:PriorYear>0.856</proc:PriorYear>
                                        <proc:CurrentYear>0.657</proc:CurrentYear>
                                        <proc:BudgetYearOneBase>0.822</proc:BudgetYearOneBase>
                                        <proc:BudgetYearOne>0.822</proc:BudgetYearOne>
                                    </proc:TotalCost>
                                    <proc:UnitCost>
                                        <proc:AllPriorYears>5.527</proc:AllPriorYears>
                                        <proc:PriorYear>0.856</proc:PriorYear>
                                        <proc:CurrentYear>0.657</proc:CurrentYear>
                                        <proc:BudgetYearOneBase>0.822</proc:BudgetYearOneBase>
                                        <proc:BudgetYearOne>0.822</proc:BudgetYearOne>
                                    </proc:UnitCost>
                                </proc:Cost>
                            </proc:CostElement>
                        </proc:CostElementList>
                        <proc:CategorySubtotal>
                            <proc:TotalCost>
                                <proc:AllPriorYears>22.108</proc:AllPriorYears>
                                <proc:PriorYear>0.856</proc:PriorYear>
                                <proc:CurrentYear>0.657</proc:CurrentYear>
                                <proc:BudgetYearOneBase>0.822</proc:BudgetYearOneBase>
                                <proc:BudgetYearOne>0.822</proc:BudgetYearOne>
                            </proc:TotalCost>
                        </proc:CategorySubtotal>
                        <proc:Name>Long Range Planning -- Internet DMZ Migration Services</proc:Name>
                    </proc:Support>
                </proc:CostElementCategoryList>
            </proc:P5Item>
            <proc:P5Item>
                <proc:Name>A&amp;S - Procurement Programs</proc:Name>
                <proc:ItemNumber>3</proc:ItemNumber>
                <proc:Remarks>FY 2026 $2.000 million is realigned from the Indian Incentive Procurement Program to the RDT&amp;E Program Element, 0604775D8Z, Rapid Integrated Scalable Enterprise (RISE), to accelerate the transition and integration of innovative technologies.  $0.918 million is realigned to the International Cooperation Program Support Program of the Office of Secretary of Defense (OSD), Operation and Maintenance, to strengthen international partnerships.  $0.383 million is realigned to the Small Business Program Support Program of OSD, Operation and Maintenance, to augment efforts required for the Small Business Implementation Strategy.  

FY 2024 $30.000 million of appropriation for the Mentor-Protege Program was a Congressional add for the Hearing Protection Program that the Department erroneously included in the Mentor Protégé Program but later re-aligned to the correct account.

Mentor Protege Program FY 2026 request was reduced by $22.772 million for Advisory and Assistance Services to promote efficiencies and advance the policies of the Administration in alignment with Executive Order 14222, "Implementing the President's Department of Government Efficiency Cost Efficiency Initiative", and $0.152 million was reduced for inflation.

Cyber Security Maturity Model Certification (CM-MC) FY 2026 request was reduced by $3.047 million for Advisory and Assistance Services to promote efficiencies and advance the policies of the Administration in alignment with Executive Order 14222, "Implementing the President's Department of Government Efficiency Cost Efficiency Initiative", and $0.025 million was reduced for inflation.

Indian Incentive Program FY 2026 request was reduced by $3.301 million for other higher DoD priorities, and $0.030 million was reduced for inflation.

The Sustainment Transition Capabilities PE 0606829D8Z is a New Start in FY2026. Funding supports the F-35 requirement to accomplish FY22 NDAA Section 142 which requires the Department to transition Sustainment functions from the F-35 Joint Program Office to the Military Departments (MILDEPs) of the Air Force and Navy no later than end of 2027.  The Under Secretary of Defense (USD) Acquisition &amp; Sustainment (A&amp;S) Report to Congress dated 30 January 2023, states that the MILDEPs will achieve Initial Operating Capability (IOC) by end of 2027 to act as the Inventory Control Point (ICP) and reach Full Operating Capability (FOC) by end of 2029.  Additionally, for NDAA Section 142 to effectively occur, FY24 NDAA Section 1005 mandates that the Department achieve an unmodified audit opinion by the end of 2028.  To achieve both statutory requirements and allow the MIPDEPS to assume ICP control by the end of 2027, the Department requires a Logistics Information Technology (LogIT) network that will facilitate necessary data exchange via Department standard Defense Logistics Management Standard (DLMS) transactions and the F-35 prime vendor systems.  Once the network is established the Departments' financial and business systems will have enabled capability for full asset visibility, financial transactions, and Inventory Control Points (ICPs) accountability operations.  This investment will deliver that data architecture design, implementation, and capability which will provide the MILDEPs with the necessary asset visibility and controls to assume full ICP responsibilities from the prime vendors.</proc:Remarks>
                <proc:ResourceSummary>
                    <proc:TotalCost>
                        <proc:AllPriorYears>844.222</proc:AllPriorYears>
                        <proc:PriorYear>98.382</proc:PriorYear>
                        <proc:CurrentYear>71.66</proc:CurrentYear>
                        <proc:BudgetYearOneBase>70.721</proc:BudgetYearOneBase>
                        <proc:BudgetYearOne>70.721</proc:BudgetYearOne>
                    </proc:TotalCost>
                    <proc:NetProcurementP1>
                        <proc:AllPriorYears>844.222</proc:AllPriorYears>
                        <proc:PriorYear>98.382</proc:PriorYear>
                        <proc:CurrentYear>71.66</proc:CurrentYear>
                        <proc:BudgetYearOneBase>70.721</proc:BudgetYearOneBase>
                        <proc:BudgetYearOne>70.721</proc:BudgetYearOne>
                    </proc:NetProcurementP1>
                    <proc:TotalObligationAuthority>
                        <proc:AllPriorYears>844.222</proc:AllPriorYears>
                        <proc:PriorYear>98.382</proc:PriorYear>
                        <proc:CurrentYear>71.66</proc:CurrentYear>
                        <proc:BudgetYearOneBase>70.721</proc:BudgetYearOneBase>
                        <proc:BudgetYearOne>70.721</proc:BudgetYearOne>
                    </proc:TotalObligationAuthority>
                </proc:ResourceSummary>
                <proc:CostElementCategoryList>
                    <proc:Support>
                        <proc:CostElementList>
                            <proc:CostElement>
                                <proc:Name>Mentor Protege Program</proc:Name>
                                <proc:Cost>
                                    <proc:Quantity>
                                        <proc:AllPriorYears>3</proc:AllPriorYears>
                                        <proc:PriorYear>1</proc:PriorYear>
                                        <proc:CurrentYear>1</proc:CurrentYear>
                                        <proc:BudgetYearOneBase>1</proc:BudgetYearOneBase>
                                        <proc:BudgetYearOne>1</proc:BudgetYearOne>
                                    </proc:Quantity>
                                    <proc:TotalCost>
                                        <proc:AllPriorYears>600.806</proc:AllPriorYears>
                                        <proc:PriorYear>64.743</proc:PriorYear>
                                        <proc:CurrentYear>33.455</proc:CurrentYear>
                                        <proc:BudgetYearOneBase>15.854</proc:BudgetYearOneBase>
                                        <proc:BudgetYearOne>15.854</proc:BudgetYearOne>
                                    </proc:TotalCost>
                                    <proc:UnitCost>
                                        <proc:AllPriorYears>200.269</proc:AllPriorYears>
                                        <proc:PriorYear>64.743</proc:PriorYear>
                                        <proc:CurrentYear>33.455</proc:CurrentYear>
                                        <proc:BudgetYearOneBase>15.854</proc:BudgetYearOneBase>
                                        <proc:BudgetYearOne>15.854</proc:BudgetYearOne>
                                    </proc:UnitCost>
                                </proc:Cost>
                            </proc:CostElement>
                            <proc:CostElement>
                                <proc:Name>Indian Financing Act</proc:Name>
                                <proc:Cost>
                                    <proc:Quantity>
                                        <proc:AllPriorYears>3</proc:AllPriorYears>
                                        <proc:PriorYear>1</proc:PriorYear>
                                        <proc:CurrentYear>1</proc:CurrentYear>
                                        <proc:BudgetYearOneBase>1</proc:BudgetYearOneBase>
                                        <proc:BudgetYearOne>1</proc:BudgetYearOne>
                                    </proc:Quantity>
                                    <proc:TotalCost>
                                        <proc:AllPriorYears>94.556</proc:AllPriorYears>
                                        <proc:PriorYear>25.169</proc:PriorYear>
                                        <proc:CurrentYear>25.169</proc:CurrentYear>
                                        <proc:BudgetYearOneBase>7.613</proc:BudgetYearOneBase>
                                        <proc:BudgetYearOne>7.613</proc:BudgetYearOne>
                                    </proc:TotalCost>
                                    <proc:UnitCost>
                                        <proc:AllPriorYears>31.519</proc:AllPriorYears>
                                        <proc:PriorYear>25.169</proc:PriorYear>
                                        <proc:CurrentYear>25.169</proc:CurrentYear>
                                        <proc:BudgetYearOneBase>7.613</proc:BudgetYearOneBase>
                                        <proc:BudgetYearOne>7.613</proc:BudgetYearOne>
                                    </proc:UnitCost>
                                </proc:Cost>
                            </proc:CostElement>
                            <proc:CostElement>
                                <proc:Name>Counter small Unmanned Aircraft System (CsUAS) Activities</proc:Name>
                                <proc:Cost>
                                    <proc:Quantity>
                                        <proc:CurrentYear>1</proc:CurrentYear>
                                    </proc:Quantity>
                                    <proc:TotalCost>
                                        <proc:CurrentYear>0.5</proc:CurrentYear>
                                    </proc:TotalCost>
                                    <proc:UnitCost>
                                        <proc:CurrentYear>0.5</proc:CurrentYear>
                                    </proc:UnitCost>
                                </proc:Cost>
                            </proc:CostElement>
                            <proc:CostElement>
                                <proc:Name>Domestic Prepare Against WMD</proc:Name>
                                <proc:Cost>
                                    <proc:Quantity>
                                        <proc:PriorYear>1</proc:PriorYear>
                                    </proc:Quantity>
                                    <proc:TotalCost>
                                        <proc:PriorYear>8.47</proc:PriorYear>
                                    </proc:TotalCost>
                                    <proc:UnitCost>
                                        <proc:PriorYear>8.47</proc:PriorYear>
                                    </proc:UnitCost>
                                </proc:Cost>
                            </proc:CostElement>
                            <proc:CostElement>
                                <proc:Name>Small Business and Academia Cybersecurity Maturity Model Cerification (CM-MC)</proc:Name>
                                <proc:Cost>
                                    <proc:Quantity>
                                        <proc:AllPriorYears>1</proc:AllPriorYears>
                                        <proc:CurrentYear>1</proc:CurrentYear>
                                        <proc:BudgetYearOneBase>1</proc:BudgetYearOneBase>
                                        <proc:BudgetYearOne>1</proc:BudgetYearOne>
                                    </proc:Quantity>
                                    <proc:TotalCost>
                                        <proc:AllPriorYears>20</proc:AllPriorYears>
                                        <proc:CurrentYear>5.004</proc:CurrentYear>
                                        <proc:BudgetYearOneBase>1.932</proc:BudgetYearOneBase>
                                        <proc:BudgetYearOne>1.932</proc:BudgetYearOne>
                                    </proc:TotalCost>
                                    <proc:UnitCost>
                                        <proc:AllPriorYears>20</proc:AllPriorYears>
                                        <proc:CurrentYear>5.004</proc:CurrentYear>
                                        <proc:BudgetYearOneBase>1.932</proc:BudgetYearOneBase>
                                        <proc:BudgetYearOne>1.932</proc:BudgetYearOne>
                                    </proc:UnitCost>
                                </proc:Cost>
                            </proc:CostElement>
                            <proc:CostElement>
                                <proc:Name>Defense Industrial Base &amp; Supply Chain Resiliency</proc:Name>
                                <proc:Cost>
                                    <proc:Quantity>
                                        <proc:AllPriorYears>1</proc:AllPriorYears>
                                    </proc:Quantity>
                                    <proc:TotalCost>
                                        <proc:AllPriorYears>100</proc:AllPriorYears>
                                    </proc:TotalCost>
                                    <proc:UnitCost>
                                        <proc:AllPriorYears>100</proc:AllPriorYears>
                                    </proc:UnitCost>
                                </proc:Cost>
                            </proc:CostElement>
                            <proc:CostElement>
                                <proc:Name>CWMD Systems Procurement</proc:Name>
                                <proc:Cost>
                                    <proc:Quantity>
                                        <proc:AllPriorYears>2</proc:AllPriorYears>
                                    </proc:Quantity>
                                    <proc:TotalCost>
                                        <proc:AllPriorYears>12.002</proc:AllPriorYears>
                                    </proc:TotalCost>
                                    <proc:UnitCost>
                                        <proc:AllPriorYears>6.001</proc:AllPriorYears>
                                    </proc:UnitCost>
                                </proc:Cost>
                            </proc:CostElement>
                            <proc:CostElement>
                                <proc:Name>Enterprise Portals</proc:Name>
                                <proc:Cost>
                                    <proc:Quantity>
                                        <proc:AllPriorYears>1</proc:AllPriorYears>
                                    </proc:Quantity>
                                    <proc:TotalCost>
                                        <proc:AllPriorYears>16.858</proc:AllPriorYears>
                                    </proc:TotalCost>
                                    <proc:UnitCost>
                                        <proc:AllPriorYears>16.858</proc:AllPriorYears>
                                    </proc:UnitCost>
                                </proc:Cost>
                            </proc:CostElement>
                            <proc:CostElement>
                                <proc:Name>Rad/Nuc Def Mod Proc</proc:Name>
                                <proc:Cost>
                                    <proc:Quantity>
                                        <proc:CurrentYear>1</proc:CurrentYear>
                                        <proc:BudgetYearOneBase>1</proc:BudgetYearOneBase>
                                        <proc:BudgetYearOne>1</proc:BudgetYearOne>
                                    </proc:Quantity>
                                    <proc:TotalCost>
                                        <proc:CurrentYear>7.532</proc:CurrentYear>
                                        <proc:BudgetYearOneBase>5.322</proc:BudgetYearOneBase>
                                        <proc:BudgetYearOne>5.322</proc:BudgetYearOne>
                                    </proc:TotalCost>
                                    <proc:UnitCost>
                                        <proc:CurrentYear>7.532</proc:CurrentYear>
                                        <proc:BudgetYearOneBase>5.322</proc:BudgetYearOneBase>
                                        <proc:BudgetYearOne>5.322</proc:BudgetYearOne>
                                    </proc:UnitCost>
                                </proc:Cost>
                            </proc:CostElement>
                            <proc:CostElement>
                                <proc:Name>Sustainment Transition Capabilities (F-35 Section 142)</proc:Name>
                                <proc:Cost>
                                    <proc:Quantity>
                                        <proc:BudgetYearOneBase>2</proc:BudgetYearOneBase>
                                        <proc:BudgetYearOne>2</proc:BudgetYearOne>
                                    </proc:Quantity>
                                    <proc:TotalCost>
                                        <proc:BudgetYearOneBase>40</proc:BudgetYearOneBase>
                                        <proc:BudgetYearOne>40</proc:BudgetYearOne>
                                    </proc:TotalCost>
                                    <proc:UnitCost>
                                        <proc:BudgetYearOneBase>20</proc:BudgetYearOneBase>
                                        <proc:BudgetYearOne>20</proc:BudgetYearOne>
                                    </proc:UnitCost>
                                </proc:Cost>
                                <proc:ManufacturerList>
                                    <proc:Manufacturer>
                                        <proc:Name>Pratt &amp; Whitney</proc:Name>
                                        <proc:Location>East Hartford, CT</proc:Location>
                                        <proc:HistoryPlanningList>
                                            <proc:HistoryPlanning>
                                                <proc:FiscalYear footnote="Once contract awarded, delivery is expected to start within a couple weeks after award as a Contracted Data Requirements List (CDRL) of a grouping of parts by sub-system, and continue to be delivered in subsequent parts groups every 1-2 weeks with completion in approximate 12-15 months.">2026</proc:FiscalYear>
                                                <proc:PCOLocation>Program Office, Crystal City, VA</proc:PCOLocation>
                                                <proc:AwardDate>2026-01</proc:AwardDate>
                                                <proc:FirstDeliveryDate>2026-03</proc:FirstDeliveryDate>
                                                <proc:Quantity>1.000</proc:Quantity>
                                                <proc:UnitCost>20.000</proc:UnitCost>
                                                <proc:RFPIssueDate>2025-06</proc:RFPIssueDate>
                                                <proc:ContractMethod>SS</proc:ContractMethod>
                                                <proc:ContractType>FP</proc:ContractType>
                                            </proc:HistoryPlanning>
                                        </proc:HistoryPlanningList>
                                    </proc:Manufacturer>
                                    <proc:Manufacturer>
                                        <proc:Name>Lockheed Martin</proc:Name>
                                        <proc:Location>Fort Worth, TX</proc:Location>
                                        <proc:HistoryPlanningList>
                                            <proc:HistoryPlanning>
                                                <proc:FiscalYear footnote="Once contract awarded, delivery is expected to start within a couple weeks after award as a Contracted Data Requirements List (CDRL) of a grouping of parts by sub-system, and continue to be delivered in subsequent parts groups every 1-2 weeks with completion in approximate 12-15 months.">2026</proc:FiscalYear>
                                                <proc:PCOLocation>Joint Program Office, Crystal City, VA</proc:PCOLocation>
                                                <proc:AwardDate>2026-01</proc:AwardDate>
                                                <proc:FirstDeliveryDate>2026-03</proc:FirstDeliveryDate>
                                                <proc:Quantity>1.000</proc:Quantity>
                                                <proc:UnitCost>20.000</proc:UnitCost>
                                                <proc:RFPIssueDate>2025-06</proc:RFPIssueDate>
                                                <proc:ContractMethod>SS</proc:ContractMethod>
                                                <proc:ContractType>FP</proc:ContractType>
                                            </proc:HistoryPlanning>
                                        </proc:HistoryPlanningList>
                                    </proc:Manufacturer>
                                </proc:ManufacturerList>
                            </proc:CostElement>
                        </proc:CostElementList>
                        <proc:CategorySubtotal>
                            <proc:TotalCost>
                                <proc:AllPriorYears>844.224</proc:AllPriorYears>
                                <proc:PriorYear>98.382</proc:PriorYear>
                                <proc:CurrentYear>71.66</proc:CurrentYear>
                                <proc:BudgetYearOneBase>70.721</proc:BudgetYearOneBase>
                                <proc:BudgetYearOne>70.721</proc:BudgetYearOne>
                            </proc:TotalCost>
                        </proc:CategorySubtotal>
                        <proc:Name>Procurement Support Programs</proc:Name>
                    </proc:Support>
                </proc:CostElementCategoryList>
            </proc:P5Item>
            <proc:P5Item>
                <proc:Name>R&amp;E - Joint Capability Technology Demonstration</proc:Name>
                <proc:ItemNumber>2</proc:ItemNumber>
                <proc:Remarks>In FY 2025 funding was realigned to P-1 Line Item Number 30, Major Equipment / OSD, Item Number 4, R&amp;E - Agile Procurement Transition Pilot, for better alignment of the mission that is in support of the NDAA and National Defense Strategy goals of rapid acquisition and transition.</proc:Remarks>
                <proc:ResourceSummary>
                    <proc:TotalCost>
                        <proc:AllPriorYears>24.825</proc:AllPriorYears>
                        <proc:PriorYear>0.779</proc:PriorYear>
                    </proc:TotalCost>
                    <proc:NetProcurementP1>
                        <proc:AllPriorYears>24.825</proc:AllPriorYears>
                        <proc:PriorYear>0.779</proc:PriorYear>
                    </proc:NetProcurementP1>
                    <proc:TotalObligationAuthority>
                        <proc:AllPriorYears>24.825</proc:AllPriorYears>
                        <proc:PriorYear>0.779</proc:PriorYear>
                    </proc:TotalObligationAuthority>
                </proc:ResourceSummary>
                <proc:CostElementCategoryList>
                    <proc:Support>
                        <proc:CostElementList>
                            <proc:CostElement>
                                <proc:Name>Joint Capability Technology Demonstration</proc:Name>
                                <proc:Cost>
                                    <proc:Quantity>
                                        <proc:AllPriorYears>3</proc:AllPriorYears>
                                        <proc:PriorYear>1</proc:PriorYear>
                                    </proc:Quantity>
                                    <proc:TotalCost>
                                        <proc:AllPriorYears>24.825</proc:AllPriorYears>
                                        <proc:PriorYear>0.779</proc:PriorYear>
                                    </proc:TotalCost>
                                    <proc:UnitCost>
                                        <proc:AllPriorYears>8.275</proc:AllPriorYears>
                                        <proc:PriorYear>0.779</proc:PriorYear>
                                    </proc:UnitCost>
                                </proc:Cost>
                            </proc:CostElement>
                        </proc:CostElementList>
                        <proc:CategorySubtotal>
                            <proc:TotalCost>
                                <proc:AllPriorYears>24.825</proc:AllPriorYears>
                                <proc:PriorYear>0.779</proc:PriorYear>
                            </proc:TotalCost>
                        </proc:CategorySubtotal>
                        <proc:Name>JCTD</proc:Name>
                    </proc:Support>
                </proc:CostElementCategoryList>
            </proc:P5Item>
            <proc:P5Item>
                <proc:Name>R&amp;E - Accelerate the Procurement and Fielding of Innovative Technologies</proc:Name>
                <proc:ItemNumber>4</proc:ItemNumber>
                <proc:ResourceSummary>
                    <proc:TotalCost>
                        <proc:AllPriorYears>232.425</proc:AllPriorYears>
                        <proc:PriorYear>299.931</proc:PriorYear>
                        <proc:CurrentYear>400.897</proc:CurrentYear>
                        <proc:BudgetYearOneBase>92.193</proc:BudgetYearOneBase>
                        <proc:BudgetYearOne>92.193</proc:BudgetYearOne>
                    </proc:TotalCost>
                    <proc:NetProcurementP1>
                        <proc:AllPriorYears>232.425</proc:AllPriorYears>
                        <proc:PriorYear>299.931</proc:PriorYear>
                        <proc:CurrentYear>400.897</proc:CurrentYear>
                        <proc:BudgetYearOneBase>92.193</proc:BudgetYearOneBase>
                        <proc:BudgetYearOne>92.193</proc:BudgetYearOne>
                    </proc:NetProcurementP1>
                    <proc:TotalObligationAuthority>
                        <proc:AllPriorYears>232.425</proc:AllPriorYears>
                        <proc:PriorYear>299.931</proc:PriorYear>
                        <proc:CurrentYear>400.897</proc:CurrentYear>
                        <proc:BudgetYearOneBase>92.193</proc:BudgetYearOneBase>
                        <proc:BudgetYearOne>92.193</proc:BudgetYearOne>
                    </proc:TotalObligationAuthority>
                </proc:ResourceSummary>
                <proc:CostElementCategoryList>
                    <proc:Support>
                        <proc:CostElementList>
                            <proc:CostElement>
                                <proc:Name>Accelerate the Procurement and Fielding of Innovative Technologies</proc:Name>
                                <proc:Cost>
                                    <proc:Quantity>
                                        <proc:AllPriorYears>2</proc:AllPriorYears>
                                        <proc:PriorYear>1</proc:PriorYear>
                                        <proc:CurrentYear>1</proc:CurrentYear>
                                        <proc:BudgetYearOneBase>1</proc:BudgetYearOneBase>
                                        <proc:BudgetYearOneOOC>0</proc:BudgetYearOneOOC>
                                        <proc:BudgetYearOne>1</proc:BudgetYearOne>
                                    </proc:Quantity>
                                    <proc:TotalCost>
                                        <proc:AllPriorYears>232.425</proc:AllPriorYears>
                                        <proc:PriorYear>299.931</proc:PriorYear>
                                        <proc:CurrentYear>400.897</proc:CurrentYear>
                                        <proc:BudgetYearOneBase>92.193</proc:BudgetYearOneBase>
                                        <proc:BudgetYearOneOOC>0</proc:BudgetYearOneOOC>
                                        <proc:BudgetYearOne>92.193</proc:BudgetYearOne>
                                    </proc:TotalCost>
                                    <proc:UnitCost>
                                        <proc:AllPriorYears>116.212</proc:AllPriorYears>
                                        <proc:PriorYear>299.931</proc:PriorYear>
                                        <proc:CurrentYear>400.897</proc:CurrentYear>
                                        <proc:BudgetYearOneBase>92.193</proc:BudgetYearOneBase>
                                        <proc:BudgetYearOneOOC>0</proc:BudgetYearOneOOC>
                                        <proc:BudgetYearOne>92.193</proc:BudgetYearOne>
                                    </proc:UnitCost>
                                </proc:Cost>
                            </proc:CostElement>
                        </proc:CostElementList>
                        <proc:CategorySubtotal>
                            <proc:TotalCost>
                                <proc:AllPriorYears>232.424</proc:AllPriorYears>
                                <proc:PriorYear>299.931</proc:PriorYear>
                                <proc:CurrentYear>400.897</proc:CurrentYear>
                                <proc:BudgetYearOneBase>92.193</proc:BudgetYearOneBase>
                                <proc:BudgetYearOne>92.193</proc:BudgetYearOne>
                            </proc:TotalCost>
                        </proc:CategorySubtotal>
                        <proc:Name>Accelerate the Procurement and Fielding of Innovative Technologies</proc:Name>
                    </proc:Support>
                </proc:CostElementCategoryList>
            </proc:P5Item>
            <proc:P5Item>
                <proc:Name>OUSDC - Advana Support for Ukraine</proc:Name>
                <proc:ItemNumber>5</proc:ItemNumber>
                <proc:ResourceSummary>
                    <proc:TotalCost>
                        <proc:AllPriorYears>3.676</proc:AllPriorYears>
                    </proc:TotalCost>
                    <proc:NetProcurementP1>
                        <proc:AllPriorYears>3.676</proc:AllPriorYears>
                    </proc:NetProcurementP1>
                    <proc:TotalObligationAuthority>
                        <proc:AllPriorYears>3.676</proc:AllPriorYears>
                    </proc:TotalObligationAuthority>
                </proc:ResourceSummary>
                <proc:CostElementCategoryList>
                    <proc:Support>
                        <proc:CostElementList>
                            <proc:CostElement>
                                <proc:Name>OUSDC - Advana Support for Ukraine</proc:Name>
                                <proc:Cost>
                                    <proc:Quantity>
                                        <proc:AllPriorYears>1</proc:AllPriorYears>
                                    </proc:Quantity>
                                    <proc:TotalCost>
                                        <proc:AllPriorYears>3.676</proc:AllPriorYears>
                                    </proc:TotalCost>
                                    <proc:UnitCost>
                                        <proc:AllPriorYears>3.676</proc:AllPriorYears>
                                    </proc:UnitCost>
                                </proc:Cost>
                            </proc:CostElement>
                        </proc:CostElementList>
                        <proc:CategorySubtotal>
                            <proc:TotalCost>
                                <proc:AllPriorYears>3.676</proc:AllPriorYears>
                            </proc:TotalCost>
                        </proc:CategorySubtotal>
                        <proc:Name>OUSDC - Advana Support for Ukraine</proc:Name>
                    </proc:Support>
                </proc:CostElementCategoryList>
            </proc:P5Item>
            <proc:P5Item>
                <proc:Name>OUSDC - Comptroller Initiatives</proc:Name>
                <proc:ItemNumber>6</proc:ItemNumber>
                <proc:Remarks>The Office of the Under Secretary of Defense for Comptroller (OUSD(C)) requirement for an integrated risk management platform in support of DoD's ongoing internal control program improvements for the 4th estate reporting entities will reach operations and maintenance phase in FY 2025 for licenses that are planned to be purchased in FY 2024.</proc:Remarks>
                <proc:ResourceSummary>
                    <proc:TotalCost>
                        <proc:PriorYear>7.5</proc:PriorYear>
                    </proc:TotalCost>
                    <proc:NetProcurementP1>
                        <proc:PriorYear>7.5</proc:PriorYear>
                    </proc:NetProcurementP1>
                    <proc:TotalObligationAuthority>
                        <proc:PriorYear>7.5</proc:PriorYear>
                    </proc:TotalObligationAuthority>
                </proc:ResourceSummary>
                <proc:CostElementCategoryList>
                    <proc:Software>
                        <proc:Name>Enterprise Audit Enablers</proc:Name>
                        <proc:NonRecurring>
                            <proc:CostElementList>
                                <proc:CostElement>
                                    <proc:Name>Enterprise Audit Enablers</proc:Name>
                                    <proc:Cost>
                                        <proc:Quantity>
                                            <proc:PriorYear>1</proc:PriorYear>
                                        </proc:Quantity>
                                        <proc:TotalCost>
                                            <proc:PriorYear>7.5</proc:PriorYear>
                                        </proc:TotalCost>
                                        <proc:UnitCost>
                                            <proc:PriorYear>7.5</proc:PriorYear>
                                        </proc:UnitCost>
                                    </proc:Cost>
                                </proc:CostElement>
                            </proc:CostElementList>
                            <proc:CategorySubtotal>
                                <proc:TotalCost>
                                    <proc:PriorYear>7.5</proc:PriorYear>
                                </proc:TotalCost>
                            </proc:CategorySubtotal>
                        </proc:NonRecurring>
                        <proc:CategorySubtotal>
                            <proc:TotalCost>
                                <proc:PriorYear>7.5</proc:PriorYear>
                            </proc:TotalCost>
                        </proc:CategorySubtotal>
                    </proc:Software>
                </proc:CostElementCategoryList>
            </proc:P5Item>
            <proc:P5Item>
                <proc:Name>OUSDP - RRMC COOP</proc:Name>
                <proc:ItemNumber>7</proc:ItemNumber>
                <proc:ResourceSummary>
                    <proc:TotalCost>
                        <proc:BudgetYearOneBase>0.691</proc:BudgetYearOneBase>
                        <proc:BudgetYearOne>0.691</proc:BudgetYearOne>
                    </proc:TotalCost>
                    <proc:NetProcurementP1>
                        <proc:BudgetYearOneBase>0.691</proc:BudgetYearOneBase>
                        <proc:BudgetYearOne>0.691</proc:BudgetYearOne>
                    </proc:NetProcurementP1>
                    <proc:TotalObligationAuthority>
                        <proc:BudgetYearOneBase>0.691</proc:BudgetYearOneBase>
                        <proc:BudgetYearOne>0.691</proc:BudgetYearOne>
                    </proc:TotalObligationAuthority>
                </proc:ResourceSummary>
                <proc:CostElementCategoryList>
                    <proc:Support>
                        <proc:CostElementList>
                            <proc:CostElement>
                                <proc:Name>RRMC COOP</proc:Name>
                                <proc:Cost>
                                    <proc:Quantity>
                                        <proc:BudgetYearOneBase>1</proc:BudgetYearOneBase>
                                        <proc:BudgetYearOne>1</proc:BudgetYearOne>
                                    </proc:Quantity>
                                    <proc:TotalCost>
                                        <proc:BudgetYearOneBase>0.691</proc:BudgetYearOneBase>
                                        <proc:BudgetYearOne>0.691</proc:BudgetYearOne>
                                    </proc:TotalCost>
                                    <proc:UnitCost>
                                        <proc:BudgetYearOneBase>0.691</proc:BudgetYearOneBase>
                                        <proc:BudgetYearOne>0.691</proc:BudgetYearOne>
                                    </proc:UnitCost>
                                </proc:Cost>
                            </proc:CostElement>
                        </proc:CostElementList>
                        <proc:CategorySubtotal>
                            <proc:TotalCost>
                                <proc:BudgetYearOneBase>0.691</proc:BudgetYearOneBase>
                                <proc:BudgetYearOne>0.691</proc:BudgetYearOne>
                            </proc:TotalCost>
                        </proc:CategorySubtotal>
                        <proc:Name>RRMC COOP</proc:Name>
                    </proc:Support>
                </proc:CostElementCategoryList>
            </proc:P5Item>
        </proc:ItemExhibitList>
        <proc:DocumentAssemblyOptions>
            <proc:p40AItemScheduleSetting>item</proc:p40AItemScheduleSetting>
        </proc:DocumentAssemblyOptions>
    </proc:LineItem>
</proc:LineItemList>