<?xml version="1.0" encoding="UTF-8"?>
<r2:ProgramElementList xmlns:r2="http://www.dtic.mil/comptroller/xml/schema/022009/r2" targetSchemaVersion="1.0">
    <r2:ProgramElement monetaryUnit="Millions">
        <r2:ProgramElementNumber>0305327V</r2:ProgramElementNumber>
        <r2:ProgramElementTitle>Insider Threat</r2:ProgramElementTitle>
        <r2:R1LineNumber>269</r2:R1LineNumber>
        <r2:BudgetYear>2026</r2:BudgetYear>
        <r2:BudgetCycle>PB</r2:BudgetCycle>
        <r2:SubmissionDate>2025-06</r2:SubmissionDate>
        <r2:ServiceAgencyName>Defense Counterintelligence and Security Agency</r2:ServiceAgencyName>
        <r2:AppropriationCode>0400</r2:AppropriationCode>
        <r2:AppropriationName>Research, Development, Test &amp; Evaluation, Defense-Wide</r2:AppropriationName>
        <r2:BudgetActivityNumber>7</r2:BudgetActivityNumber>
        <r2:BudgetActivityTitle>Operational Systems Development</r2:BudgetActivityTitle>
        <r2:ProgramElementFunding>
            <r2:AllPriorYears>48.210</r2:AllPriorYears>
            <r2:PriorYear>12.498</r2:PriorYear>
            <r2:CurrentYear>0.000</r2:CurrentYear>
            <r2:BudgetYearOne>0.000</r2:BudgetYearOne>
            <r2:BudgetYearOneBase>0.000</r2:BudgetYearOneBase>
            <r2:BudgetYearTwo>0.000</r2:BudgetYearTwo>
            <r2:BudgetYearThree>0.000</r2:BudgetYearThree>
            <r2:CostToComplete>Continuing</r2:CostToComplete>
            <r2:TotalCost>Continuing</r2:TotalCost>
        </r2:ProgramElementFunding>
        <r2:ProgramElementMissionDescription>The Defense Counterintelligence Security Agency (DCSA) is a strategic asset to the nation and our allies - continuously ensuring a trusted federal, industrial, and affiliated workforce, and enabling industry's delivery of uncompromised capabilities by leveraging advanced technologies and innovation. DCSA uniquely blends critical technology protection, trusted personnel vetting, counterintelligence, and professional education and certification to advance and preserve America's strategic edge.

The two programs which fall under Insider Threat are DoD Insider Threat Management and Analysis Center (DITMAC) and National Center for Credibility Assessment (NCCA)

DITMAC: Provides an integrated capability to collect and analyze information for insider threat detection and mitigation. The system gathers, integrates, reviews, assesses, and responds to information derived from DoD Insider Threat hubs, Counterintelligence (CI), security, cybersecurity, civilian and military personnel management, workplace violence, anti-terrorism risk management, law enforcement, user activity monitoring on DoD information networks, and other sources as necessary and appropriate to support the identification, mitigation, and countering of insider threats to DoD personnel, assets and information.

In FY25, the DITMAC System of Systems (DSoS) requires the capability to support installation-level reporting for the Prevention, Assistance, and Response (PAR) program, User Access Monitoring (UAM), and Behavioral Threat Analysis Capability (BTAC). It also requires adaptation to allow for automated data ingest which will directly support and enhance analytic efforts to focus on areas of increased risk.</r2:ProgramElementMissionDescription>
        <r2:ChangeSummary>
            <r2:PreviousPresidentBudget>
                <r2:PriorYear>2.971</r2:PriorYear>
                <r2:CurrentYear>0.000</r2:CurrentYear>
                <r2:BudgetYearOne>0.000</r2:BudgetYearOne>
                <r2:BudgetYearOneBase>0.000</r2:BudgetYearOneBase>
            </r2:PreviousPresidentBudget>
            <r2:CurrentPresidentBudget>
                <r2:PriorYear>12.498</r2:PriorYear>
                <r2:CurrentYear>0.000</r2:CurrentYear>
                <r2:BudgetYearOne>0.000</r2:BudgetYearOne>
                <r2:BudgetYearOneBase>0.000</r2:BudgetYearOneBase>
            </r2:CurrentPresidentBudget>
            <r2:TotalAdjustments>
                <r2:PriorYear>9.527</r2:PriorYear>
                <r2:CurrentYear>0.000</r2:CurrentYear>
                <r2:BudgetYearOne>0.000</r2:BudgetYearOne>
                <r2:BudgetYearOneBase>0.000</r2:BudgetYearOneBase>
            </r2:TotalAdjustments>
            <r2:AdjustmentDetails>
                <r2:CongressionalAdds>
                    <r2:PriorYear>9.527</r2:PriorYear>
                </r2:CongressionalAdds>
                <r2:CongressionalDirectedTransfers>
                    <r2:PriorYear>0.000</r2:PriorYear>
                </r2:CongressionalDirectedTransfers>
            </r2:AdjustmentDetails>
            <r2:SummaryExplanation>The FY25 funds for Insider Threat were transferred to PE 0302609V.</r2:SummaryExplanation>
        </r2:ChangeSummary>
        <r2:ProjectList>
            <r2:Project>
                <r2:ProjectNumber>002</r2:ProjectNumber>
                <r2:ProjectTitle>Insider Threat</r2:ProjectTitle>
                <r2:SpecialProject>0</r2:SpecialProject>
                <r2:ProjectFunding>
                    <r2:AllPriorYears>48.210</r2:AllPriorYears>
                    <r2:PriorYear>12.498</r2:PriorYear>
                    <r2:CurrentYear>0.000</r2:CurrentYear>
                    <r2:BudgetYearOne>0.000</r2:BudgetYearOne>
                    <r2:BudgetYearOneBase>0.000</r2:BudgetYearOneBase>
                    <r2:BudgetYearTwo>0.000</r2:BudgetYearTwo>
                    <r2:BudgetYearThree>0.000</r2:BudgetYearThree>
                    <r2:CostToComplete>Continuing</r2:CostToComplete>
                    <r2:TotalCost>Continuing</r2:TotalCost>
                </r2:ProjectFunding>
                <r2:R2aExhibit>
                    <r2:ProjectMissionDescription>The Defense Counterintelligence Security Agency (DCSA) is a strategic asset to the nation and our allies - continuously ensuring a trusted federal, industrial, and affiliated workforce, and enabling industry's delivery of uncompromised capabilities by leveraging advanced technologies and innovation. DCSA uniquely blends critical technology protection, trusted personnel vetting, counterintelligence, and professional education and certification to advance and preserve America's strategic edge.

The two programs which fall under Insider Threat are DoD Insider Threat Management and Analysis Center (DITMAC) and National Center for Credibility Assessment (NCCA)

DITMAC: Provides an integrated capability to collect and analyze information for insider threat detection and mitigation. The system gathers, integrates, reviews, assesses, and responds to information derived from DoD Insider Threat hubs, Counterintelligence (CI), security, cybersecurity, civilian and military personnel management, workplace violence, anti-terrorism risk management, law enforcement, user activity monitoring on DoD information networks, and other sources as necessary and appropriate to support the identification, mitigation, and countering of insider threats to DoD personnel, assets and information.

In FY25, the DITMAC System of Systems (DSoS) requires the capability to support installation-level reporting for the Prevention, Assistance, and Response (PAR) program, User Access Monitoring (UAM), and Behavioral Threat Analysis Capability (BTAC). It also requires adaptation to allow for automated data ingest which will directly support and enhance analytic efforts to focus on areas of increased risk.</r2:ProjectMissionDescription>
                    <r2:CongressionalAddDetailList>
                        <r2:CongressionalAddDetail>
                            <r2:Title>Ocular-motor deception detection (ODT) capabilities</r2:Title>
                            <r2:PriorYear>
                                <r2:Funding>9.527</r2:Funding>
                                <r2:Text>A scientific evaluation of the EyeDetect system was conducted by ARLIS via its academic consortium member, Texas A&amp;M University, in south Texas between FY 2023 and FY 2025. The performance of the EyeDetect system was evaluated using a testing format similar to current commercial applications. Final results of this two year effort will be reported in Q3 of FY2025.

An effort is underway at the Department of Energy’s Oak Ridge National Laboratory (ORNL) to develop a federal government proprietary decision algorithm for national security applications using machine learning techniques. This effort began in FY 2023 and will conclude in FY 2026.

A scientific evaluation of the EyeDetect was conducted by ORNL at multiple sites between FY 2022 and FY 2024. The performance of the EyeDetect system was evaluated using a testing format of interest to the federal government.</r2:Text>
                            </r2:PriorYear>
                        </r2:CongressionalAddDetail>
                    </r2:CongressionalAddDetailList>
                    <r2:AccomplishmentPlannedProgramList>
                        <r2:AccomplishmentPlannedProgram>
                            <r2:Title>DITMAC System of System (DSoS)</r2:Title>
                            <r2:Description>Continued support for the Insider Threat mission via the collection, processing and storage of case information in support of the Insider Threat mission. Serves as a secure automated mechanism for the transmission of information between DoD Components and the DITMAC.</r2:Description>
                            <r2:Accomplishment>
                                <r2:PriorYear>
                                    <r2:Funding>2.971</r2:Funding>
                                    <r2:Text>FY 2024 plans include continued case management enhancements and installation-level reporting necessary for initial implementation of the Prevention, Assistance, and Response (PAR) program.  Requires adaptation to allow for automated data ingest which will directly support analytic efforts to focus on areas of increased risk.  Expands reporting onto the unclassified network and deploys the Interim Solution to the user community.</r2:Text>
                                </r2:PriorYear>
                            </r2:Accomplishment>
                            <r2:PlannedProgram>
                                <r2:CurrentYear>
                                    <r2:Funding>0.000</r2:Funding>
                                    <r2:Text>No plans - funds transferred.</r2:Text>
                                </r2:CurrentYear>
                                <r2:AppChangeSummary>No additional funds were received in FY25 or FY26.</r2:AppChangeSummary>
                            </r2:PlannedProgram>
                        </r2:AccomplishmentPlannedProgram>
                        <r2:AccomplishmentPlannedProgram>
                            <r2:Title>Ocular-motor Deception Detection (ODT) Capabilities</r2:Title>
                            <r2:Description>NCCA: Conducts credibility assessment training and education, research and development, technical support, and oversight activities for federal polygraph and credibility assessment mission partners. This program is to clinically and scientifically evaluate ocular-motor deception detection capabilities and determine their performance parameters, including how accurately they are able to classify deceptive and non-deceptive individuals. These funds will support the NCCA efforts to collect Eye-Detect data from one or more field locations.</r2:Description>
                            <r2:Accomplishment>
                                <r2:PriorYear>
                                    <r2:Funding>0.000</r2:Funding>
                                    <r2:Text>No Plans.</r2:Text>
                                </r2:PriorYear>
                            </r2:Accomplishment>
                            <r2:PlannedProgram>
                                <r2:CurrentYear>
                                    <r2:Funding>0.000</r2:Funding>
                                    <r2:Text>A new scientific initiative will be implemented with the Applied Research Laboratory for Intelligence and Security (ARLIS) via its academic consortium member, the University of South Carolina. The performance of the EyeDetect system will be evaluated using a testing format currently employed within the federal government.</r2:Text>
                                </r2:CurrentYear>
                                <r2:AppChangeSummary>No additional funds were received in FY25 or FY26.</r2:AppChangeSummary>
                            </r2:PlannedProgram>
                        </r2:AccomplishmentPlannedProgram>
                    </r2:AccomplishmentPlannedProgramList>
                    <r2:AcquisitionStrategy>N/A</r2:AcquisitionStrategy>
                </r2:R2aExhibit>
                <r2:R3Exhibit>
                    <r2:CostCategoryGroupList>
                        <r2:CostCategoryGroup>
                            <r2:Name>Product Development</r2:Name>
                            <r2:CostCategoryItemList>
                                <r2:CostCategoryItem>
                                    <r2:Name>DITMAC System Of Systems</r2:Name>
                                    <r2:ContractMethod>C</r2:ContractMethod>
                                    <r2:ContractType>TBD</r2:ContractType>
                                    <r2:PerformingActivity>TBD</r2:PerformingActivity>
                                    <r2:PerformingActivityLocation>TBD</r2:PerformingActivityLocation>
                                    <r2:Cost>
                                        <r2:TotalPreviousYears>40.823</r2:TotalPreviousYears>
                                        <r2:PriorYear>
                                            <r2:Amount>2.971</r2:Amount>
                                        </r2:PriorYear>
                                        <r2:CurrentYear>
                                            <r2:Amount>0.000</r2:Amount>
                                        </r2:CurrentYear>
                                        <r2:CostToComplete>Continuing</r2:CostToComplete>
                                        <r2:TotalCost>Continuing</r2:TotalCost>
                                    </r2:Cost>
                                </r2:CostCategoryItem>
                                <r2:CostCategoryItem>
                                    <r2:Name>National Center for Credibility Assessment</r2:Name>
                                    <r2:FundingVehicle>MIPR</r2:FundingVehicle>
                                    <r2:PerformingActivity>DoE</r2:PerformingActivity>
                                    <r2:PerformingActivityLocation>TBD</r2:PerformingActivityLocation>
                                    <r2:Cost>
                                        <r2:TotalPreviousYears>3.000</r2:TotalPreviousYears>
                                        <r2:CostToComplete>Continuing</r2:CostToComplete>
                                        <r2:TotalCost>Continuing</r2:TotalCost>
                                    </r2:Cost>
                                </r2:CostCategoryItem>
                                <r2:CostCategoryItem>
                                    <r2:Name>Ocular-motor deception Testing (ODT) capability</r2:Name>
                                    <r2:FundingVehicle>TBD</r2:FundingVehicle>
                                    <r2:PerformingActivity>TBD</r2:PerformingActivity>
                                    <r2:PerformingActivityLocation>TBD</r2:PerformingActivityLocation>
                                    <r2:Cost>
                                        <r2:TotalPreviousYears>4.387</r2:TotalPreviousYears>
                                        <r2:PriorYear>
                                            <r2:Amount>9.527</r2:Amount>
                                        </r2:PriorYear>
                                    </r2:Cost>
                                </r2:CostCategoryItem>
                            </r2:CostCategoryItemList>
                        </r2:CostCategoryGroup>
                    </r2:CostCategoryGroupList>
                </r2:R3Exhibit>
                <r2:R4aExhibit>
                    <r2:SubProjectScheduleList>
                        <r2:SubProjectSchedule>
                            <r2:Title>DITMAC System Of Systems</r2:Title>
                            <r2:ScheduleDetailList>
                                <r2:ScheduleDetail>
                                    <r2:EventTitle>Production Development</r2:EventTitle>
                                    <r2:Schedule>
                                        <r2:Start>
                                            <r2:Quarter>4</r2:Quarter>
                                            <r2:Year>2023</r2:Year>
                                        </r2:Start>
                                        <r2:End>
                                            <r2:Quarter>4</r2:Quarter>
                                            <r2:Year>2024</r2:Year>
                                        </r2:End>
                                    </r2:Schedule>
                                </r2:ScheduleDetail>
                            </r2:ScheduleDetailList>
                        </r2:SubProjectSchedule>
                        <r2:SubProjectSchedule>
                            <r2:Title>National Center for Credibility Assessment</r2:Title>
                            <r2:ScheduleDetailList>
                                <r2:ScheduleDetail>
                                    <r2:EventTitle>Production Development</r2:EventTitle>
                                    <r2:Schedule>
                                        <r2:Start>
                                            <r2:Quarter>2</r2:Quarter>
                                            <r2:Year>2023</r2:Year>
                                        </r2:Start>
                                        <r2:End>
                                            <r2:Quarter>4</r2:Quarter>
                                            <r2:Year>2024</r2:Year>
                                        </r2:End>
                                    </r2:Schedule>
                                </r2:ScheduleDetail>
                            </r2:ScheduleDetailList>
                        </r2:SubProjectSchedule>
                        <r2:SubProjectSchedule>
                            <r2:Title>Ocular-motor deception Testing (ODT) capability</r2:Title>
                            <r2:ScheduleDetailList>
                                <r2:ScheduleDetail>
                                    <r2:EventTitle>Production Development</r2:EventTitle>
                                    <r2:Schedule>
                                        <r2:Start>
                                            <r2:Quarter>4</r2:Quarter>
                                            <r2:Year>2022</r2:Year>
                                        </r2:Start>
                                        <r2:End>
                                            <r2:Quarter>4</r2:Quarter>
                                            <r2:Year>2023</r2:Year>
                                        </r2:End>
                                    </r2:Schedule>
                                </r2:ScheduleDetail>
                            </r2:ScheduleDetailList>
                        </r2:SubProjectSchedule>
                    </r2:SubProjectScheduleList>
                </r2:R4aExhibit>
            </r2:Project>
        </r2:ProjectList>
    </r2:ProgramElement>
</r2:ProgramElementList>