<?xml version="1.0" encoding="UTF-8"?>
<r2:ProgramElementList xmlns:r2="http://www.dtic.mil/comptroller/xml/schema/022009/r2" targetSchemaVersion="1.0">
    <r2:ProgramElement monetaryUnit="Millions">
        <r2:ProgramElementNumber>0605801KA</r2:ProgramElementNumber>
        <r2:ProgramElementTitle>Defense Technical Information Center</r2:ProgramElementTitle>
        <r2:R1LineNumber>190</r2:R1LineNumber>
        <r2:BudgetYear>2026</r2:BudgetYear>
        <r2:BudgetCycle>PB</r2:BudgetCycle>
        <r2:SubmissionDate>2025-06</r2:SubmissionDate>
        <r2:ServiceAgencyName>Defense Technical Information Center</r2:ServiceAgencyName>
        <r2:AppropriationCode>0400</r2:AppropriationCode>
        <r2:AppropriationName>Research, Development, Test &amp; Evaluation, Defense-Wide</r2:AppropriationName>
        <r2:BudgetActivityNumber>6</r2:BudgetActivityNumber>
        <r2:BudgetActivityTitle>RDT&amp;E Management Support</r2:BudgetActivityTitle>
        <r2:ProgramElementFunding>
            <r2:AllPriorYears>562.365</r2:AllPriorYears>
            <r2:PriorYear>65.167</r2:PriorYear>
            <r2:CurrentYear>71.247</r2:CurrentYear>
            <r2:BudgetYearOne>60.209</r2:BudgetYearOne>
            <r2:BudgetYearOneBase>60.209</r2:BudgetYearOneBase>
        </r2:ProgramElementFunding>
        <r2:ProgramElementMissionDescription>The Defense Technical Information Center (DTIC) is essential to DoD’s research and innovation ecosystem.  Capturing, curating, and sharing current and past research results enables researchers to start new efforts with the collected wisdom of past achievement.  Progress is advanced by the next group of researchers skipping to the front of the line, knowing which ideas were proven correct and which did not prove out, rather than relearning the same lessons.  DTIC’s collections combined with renewed search and discovery tools provide a catalyst for all DoD researchers to deliver new and enhanced capability to our Warfighters in the competition to field the next generation of systems first.  Addressing the critical need to maintain and advance the U.S. position in near-peer competition, DTIC’s continuous innovation of its knowledge base and enhanced interfaces enable multiple projects across the DoD enterprise to simultaneously build on past results, increasing the pace of technical maturity and the return on investment of research activities.

More than 30 years ago, DTIC launched DefenseLINK, DoD’s first official web site, helping to drive revolutionary changes in information dissemination.  Today, DTIC continues to lean forward focusing on rapid advances in AI, ML, cloud computing, along with Software as a Service (SaaS) offerings, to support discovery of new inflection points.  DTIC is evaluating and assessing tools that will increase the relevance of search results, summarize papers, improve data quality, improve document technology categorization, and follow author citations to discover related past work and key research.  DTIC continues to track technology maturation to avail itself of cutting-edge capabilities and enhance the efforts of members of the R&amp;E and S&amp;T communities.  With a foundation of artificial intelligence (AI) and machine learning (ML) enabled tools, DTIC is refining and developing new models to enhance discovery and encourage collaboration across the research and engineering (R&amp;E) enterprise and the Warfighting community, enabling DTIC’s users to interrogate and explore DoD’s S&amp;T knowledge base and discover new understanding from past and current results, advancing the DoD’s return on the nation’s $20 Billion investment in S&amp;T.  DTIC will expand and build on these efforts and employ new technological opportunities in FY 2026.  Addressing the potential for high compute costs, DTIC will continue building coalitions and working with partners.

Successful implementation holds the promise to provide predictive analytics to assist the S&amp;T enterprise in identifying areas, processes, and investments most likely to succeed; illuminating trends, revealing associated areas of science, and identifying resources and opportunities for collaboration; and bringing the capabilities of DoD’s 30+ S&amp;T labs into focus for leadership and decision makers.  Successful implementation further promises to complement and enhance DoD’s Information Analysis Centers (IACs) resources providing industry subject matter experts (SME) to answer quick turn questions and facilitating further research through short-term task orders and complex multi-year research and prototyping efforts.

Moving away from the idea that we can and must customize every tool to address DoD’s unique mission, SaaS allows DTIC to focus on mission and pick providers at reduced investments, quickly transitioning to the next advancement without leaving behind capital investments in hardware and software licenses; and shifts the burden on vendors to respond to cyber issues.  Utilizing a government cloud environment and working with both the Defense Innovation Unit (DIU) and the R&amp;E Joint Reserve Directorate (JRD), DTIC is utilizing AI and ML technologies with development, security, and operations (DevSecOps, or “rapid security focused development”) to integrate and deliver state-of-the-art innovative discovery and submission capabilities.  Having completed the modernization steps briefed to USD(R&amp;E) and Congress, the focus for FY 2026 is launching into the next generation of innovation and technical enhancements, which includes continued frequent engagements with the community to validate approach, gain buy in, and understand user needs in content submission and dissemination; ongoing work with the Department’s Chief Digital and Artificial Intelligence Officer (CDAO) on steps to approve generative AI within our secure environment providing the community with the powerful benefits of these emerging technologies; leveraging computational power to integrate AI and ML to enhance search and discovery; and maintaining unparalleled, end-to-end R&amp;D support through the DoDIAC Multiple Award Contract (IAC MAC), to be optimized through the next contract vehicle competition and look to meet or exceed the FY 2025 research projects started and aligned to DoD research objectives.

DTIC holds a knowledge base of nearly 5 million information records and is working with the R&amp;E and S&amp;T communities and vendors to increase its holdings, enhance completeness of the records already in the collection, assure quality of records submitted, and federate to additional information stores and resources.  DTIC has expanded its inventory of peer-reviewed journal articles funded by the DoD by linking to additional sources, and is providing access to all users without embargo, to include links to digital data sets.  DTIC is engaged with the CDAO to seek methods to improve data quality, focusing on opportunities made possible through enterprise data management and other advances in technology, to include but not limited to AI and ML.

This Program Element (PE) provides for DTIC mission operations, which are focused on three core activities: Content, Discovery, and Information Analysis Centers (IAC):

a)  Content: Includes the S&amp;T repository of DoD and Service records (reports and research data).  DTIC acquires, curates, and enriches 80,000 records each year, including tagging each record for alignment to Critical Technology Areas (CTA), DoD Communities of Interest (CoI), and other technology areas to aid discovery.  As DTIC’s state-of-the-art electronic document submission pipeline is refined, DTIC continues leading open science activities, sharing content with Advana, conducting gap analysis to identify sources for potential materials, and federating to external collections.  Ongoing efforts focus on consolidating input systems and providing bulk upload capabilities and Application Programming Interfaces (APIs) while improving data quality and realigning resources from manual processing to ecommerce enabled end user tools.  Still, DTIC receives thousands of paper and other media documents each year for preservation and sharing.  AI/ML and automation capabilities will speed processing steps such as scanning for Personally Identifiable Information (PII), verifying control markings, generating summaries, and extracting metadata to aid in discovery; however, digitization remains a manual, human process.  Further, DTIC continues to work to complete digitization of hundreds of thousands of documents on microfilm.

b)  Discovery: Offers search and analysis interfaces within a government cloud enterprise keeping costs lean and information secure at the controlled unclassified information (CUI) level and classified level, providing for situational awareness of ongoing research activity across DoD.  Consolidating tools simplifies user experience, reduces learning curves, and reduces time on site per topic.  Federation with other collections adds context and connections.  The time users spend locating data is reduced, lessening the need to be trained in collection types and content.  DTIC will continue to enhance community understanding of the S&amp;T research and funding landscape; incorporate SaaS analytic and search technologies and enhance and broaden search results; refine data visualizations to more quickly spot trends and gaps; and provide users key information and a complete picture of activity and progress, shifting the burden of initial analysis from the user by pre-processing and presenting information products that inform and answer questions using data drawn from multiple sources.  DTIC continually prioritizes resources on information analysis and interrogation capabilities.

c)  DTIC's Department of Defense Information Analysis Centers (DoDIAC): support research and development activities across the defense systems, cyber security, information systems, and homeland defense domains to drive innovation and technological development by anticipating and responding to the research needs of the defense and broader community.  The DoDIAC Program Management Office (PMO) provides core funding, management, and oversight of IACs, which are chartered by DoD to collect, research, analyze, and disseminate S&amp;T information in specialized fields to DoD researchers and acquisition professionals.  In addition, the PMO manages the $48 Billion IAC multiple award contract (MAC), an indefinite delivery, indefinite quantity (ID/IQ) MAC that provides for new research built on prior investments and incorporates the innovations of government, industry, and academia.  For the last several years, competition inherent in the IAC model has produced savings of 10-16% under projected costs, while still delivering vetted technical expertise to address DoD’s complex challenges.  Providing DoD labs and program managers access to thousands of industry subject matter experts, the IACs performed $3.2 Billion of customer-funded research and analysis in FY 2024 and estimated $4 Billion in FY 2025, supporting more than 700 organizations and more than 900 research and development projects across 273 task orders.  Approximately 9,000 current research artifacts from this R&amp;D work are provided to DTIC's technical repository annually and are available to users across the Department.

In concert with Congressional and R&amp;E community interest, DTIC’s continuing modernization and innovation efforts are informed by the DoD community to transform distribution, enhance collection, strengthen analytical capabilities on S&amp;T content, and support the management of research data sets.  Ongoing modernization activities embrace data-driven concepts and leverage commercial innovations opening the opportunity to draw new insights, recognize relationships, and track activity with a focus on:

- Readiness and Availability:  The goal remains to be always on and available.  Using rapid failover capabilities of the government cloud along with rapid deployment capabilities of DevSecOps, DTIC has increased readiness and availability, including access to on-demand compute and storage for AI and ML implementation.  Downtime is reduced and access to burst compute capacity addresses user needs.

- Submissions:  Having consolidated submission processes in FY 2024, an updated pipeline with a consistent clear user interface is built on ecommerce capabilities.  By enhancing and simplifying the submission system, along with the automation of the process, DTIC is removing barriers resulting in a more complete picture (quality and quantity) of the state of knowledge and activity accessed by DTIC search, providing improved situational awareness, increasing understanding, and enabling better decisions.

- Search and Analysis:  Adopting AI/ML-ready commercial search engine gives DTIC users access to leading commercial engines and user interface features that will be continuously enhanced.  Analysis and visualizations remain key methods of conveying information.  Analysis and data mining of DoD collections continues to uncover new relationships, trends, and opportunities.  This foundation will be extended in FY 2026 with new models, further data enhancement, and integration of emerging technology insertion, including addition of validated AI/ML and Large Language Model (LLM) informed products.

- Data Sets:  Aided by cooperative engagement with the services and coordination within R&amp;E, data sets continue to mature as a knowledge asset.  DTIC is coordinating its approach with the CDAO and is working with the DoD S&amp;T community to populate a research data sets directory.  DTIC chairs the Research Data Executive Council (RDEC) and the Research Data Working Group (RDWG); the Services are engaged in governance and strategy for metadata sharing, APIs, and code/tools to exploit data sets.  Increased awareness of existing DoD S&amp;T data sets across the community, revalidating results, and sharing data sets and associated code/tools across Services/agencies, will provide a baseline to validate the utility of data set preservation.

OTHER MISSION PRIORITIES

Other priority and complementary DTIC mission activities are described below:

- Bring communities together supporting collaboration between researchers, Warfighters, industry, academia, federal agencies, and allied partners.
- Information protection: readily available to trusted users and blocked from unauthorized access.
- Develop and manage DoD’s Science Technology Information Policy (STIP).
- Maintain compliance with existing public law, regulations, and guidelines.

In support of these mission operations, DTIC leases space and critical shared services (e.g., human resources; financial management and accounting; contracting; cloud hosting; common-use IT services and security; communications; and civilian payroll services) from expert and efficient DoD and commercial service-providers.

SUMMARY

- DTIC actively supports the Secretary’s priorities – revive the warrior ethos, rebuild our military, and reestablish deterrence.
- DTIC plans reflect a strong commitment to address Congressional, DoD, and R&amp;E priorities.
- Building on progress, DTIC’s focus remains on growing the knowledge base, facilitating sharing, maintaining open repositories, and developing data analytics to advance discovery and understanding as effectively and efficiently as possible.
- DTIC is adopting transformational technologies to enhance collection, distribution, analysis, and research data sets to provide decisionmakers and Warfighters insight into the S&amp;T research terrain, speeding discovery and enabling faster implementation.</r2:ProgramElementMissionDescription>
        <r2:ChangeSummary>
            <r2:PreviousPresidentBudget>
                <r2:PriorYear>65.715</r2:PriorYear>
                <r2:CurrentYear>66.247</r2:CurrentYear>
                <r2:BudgetYearOne>66.554</r2:BudgetYearOne>
                <r2:BudgetYearOneBase>66.554</r2:BudgetYearOneBase>
            </r2:PreviousPresidentBudget>
            <r2:CurrentPresidentBudget>
                <r2:PriorYear>65.167</r2:PriorYear>
                <r2:CurrentYear>71.247</r2:CurrentYear>
                <r2:BudgetYearOne>60.209</r2:BudgetYearOne>
                <r2:BudgetYearOneBase>60.209</r2:BudgetYearOneBase>
            </r2:CurrentPresidentBudget>
            <r2:TotalAdjustments>
                <r2:PriorYear>-0.548</r2:PriorYear>
                <r2:CurrentYear>5.000</r2:CurrentYear>
                <r2:BudgetYearOne>-6.345</r2:BudgetYearOne>
                <r2:BudgetYearOneBase>-6.345</r2:BudgetYearOneBase>
            </r2:TotalAdjustments>
            <r2:AdjustmentDetails>
                <r2:CongressionalGeneralReductions>
                    <r2:PriorYear>0.000</r2:PriorYear>
                </r2:CongressionalGeneralReductions>
                <r2:CongressionalDirectedReductions>
                    <r2:PriorYear>0.000</r2:PriorYear>
                </r2:CongressionalDirectedReductions>
                <r2:CongressionalAdds>
                    <r2:CurrentYear>5.000</r2:CurrentYear>
                </r2:CongressionalAdds>
                <r2:SBIRSTTRTransfer>
                    <r2:PriorYear>-0.548</r2:PriorYear>
                </r2:SBIRSTTRTransfer>
                <r2:OtherAdjustmentDetailList>
                    <r2:OtherAdjustmentDetail>
                        <r2:Title>Program Adjustments</r2:Title>
                        <r2:Funding>
                            <r2:BudgetYearOne>-6.328</r2:BudgetYearOne>
                            <r2:BudgetYearOneBase>-6.328</r2:BudgetYearOneBase>
                        </r2:Funding>
                    </r2:OtherAdjustmentDetail>
                    <r2:OtherAdjustmentDetail>
                        <r2:Title>Program Change</r2:Title>
                        <r2:Funding>
                            <r2:BudgetYearOne>-0.017</r2:BudgetYearOne>
                            <r2:BudgetYearOneBase>-0.017</r2:BudgetYearOneBase>
                        </r2:Funding>
                    </r2:OtherAdjustmentDetail>
                </r2:OtherAdjustmentDetailList>
            </r2:AdjustmentDetails>
            <r2:SummaryExplanation>Program Change:  There is a minor decrease ($0.017 Million) in the current FY 2026 Discretionary Funding President’s Budget request, as compared to the previous FY 2026 Discretionary Funding budget. This decrease is the net result of Department-level efficiencies in compliance with the following Executive Orders: 
Executive Order 14210, “Implementing the President’s Department of Government Efficiency Workforce Optimization Initiative” 
Executive Order 14222, “Implementing the President’s Department of Government Efficiency Cost Efficiency Initiative.”

Program Adjustments: This decrease is the net result of Department-level efficiencies in compliance with the following Executive Orders:
Executive Order 14210, “Implementing the President’s Department of Government Efficiency Workforce Optimization Initiative.”
Executive Order 14222, “Implementing the President’s Department of Government Efficiency Cost Efficiency Initiative.”</r2:SummaryExplanation>
        </r2:ChangeSummary>
        <r2:ProjectList>
            <r2:Project>
                <r2:ProjectNumber>001</r2:ProjectNumber>
                <r2:ProjectTitle>Defense Technical Information Center</r2:ProjectTitle>
                <r2:SpecialProject>0</r2:SpecialProject>
                <r2:ProjectFunding>
                    <r2:AllPriorYears>507.914</r2:AllPriorYears>
                    <r2:PriorYear>60.151</r2:PriorYear>
                    <r2:CurrentYear>66.231</r2:CurrentYear>
                    <r2:BudgetYearOne>55.193</r2:BudgetYearOne>
                    <r2:BudgetYearOneBase>55.193</r2:BudgetYearOneBase>
                </r2:ProjectFunding>
                <r2:R2aExhibit>
                    <r2:ProjectMissionDescription>The Defense Technical Information Center (DTIC) is essential to DoD’s research and innovation ecosystem.  Capturing, curating, and sharing current and past research results enables researchers to start new efforts with the collected wisdom of past achievement.  Progress is advanced by the next group of researchers skipping to the front of the line, knowing which ideas were proven correct and which did not prove out, rather than relearning the same lessons.  DTIC’s collections combined with renewed search and discovery tools provide a catalyst for all DoD researchers to deliver new and enhanced capability to our Warfighters in the competition to field the next generation of systems first.  Addressing the critical need to maintain and advance the U.S. position in near-peer competition, DTIC’s continuous innovation of its knowledge base and enhanced interfaces enable multiple projects across the DoD enterprise to simultaneously build on past results, increasing the pace of technical maturity and the return on investment of research activities.

More than 30 years ago, DTIC launched DefenseLINK, DoD’s first official web site, helping to drive revolutionary changes in information dissemination.  Today, DTIC continues to lean forward focusing on rapid advances in AI, ML, cloud computing, along with Software as a Service (SaaS) offerings, to support discovery of new inflection points.  DTIC is evaluating and assessing tools that will increase the relevance of search results, summarize papers, improve data quality, improve document technology categorization, and follow author citations to discover related past work and key research.  DTIC continues to track technology maturation to avail itself of cutting-edge capabilities and enhance the efforts of members of the R&amp;E and S&amp;T communities.  With a foundation of artificial intelligence (AI) and machine learning (ML) enabled tools, DTIC is refining and developing new models to enhance discovery and encourage collaboration across the research and engineering (R&amp;E) enterprise and the Warfighting community, enabling DTIC’s users to interrogate and explore DoD’s S&amp;T knowledge base and discover new understanding from past and current results, advancing the DoD’s return on the nation’s $20 Billion investment in S&amp;T.  DTIC will expand and build on these efforts and employ new technological opportunities in FY 2026.  Addressing the potential for high compute costs, DTIC will continue building coalitions and working with partners.

Successful implementation holds the promise to provide predictive analytics to assist the S&amp;T enterprise in identifying areas, processes, and investments most likely to succeed; illuminating trends, revealing associated areas of science, and identifying resources and opportunities for collaboration; and bringing the capabilities of DoD’s 30+ S&amp;T labs into focus for leadership and decision makers.  Successful implementation further promises to complement and enhance DoD’s Information Analysis Centers (IACs) resources providing industry subject matter experts (SME) to answer quick turn questions and facilitating further research through short-term task orders and complex multi-year research and prototyping efforts.

Moving away from the idea that we can and must customize every tool to address DoD’s unique mission, SaaS allows DTIC to focus on mission and pick providers at reduced investments, quickly transitioning to the next advancement without leaving behind capital investments in hardware and software licenses; and shifts the burden on vendors to respond to cyber issues.  Utilizing a government cloud environment and working with both the Defense Innovation Unit (DIU) and the R&amp;E Joint Reserve Directorate (JRD), DTIC is utilizing AI and ML technologies with development, security, and operations (DevSecOps, or “rapid security focused development”) to integrate and deliver state-of-the-art innovative discovery and submission capabilities.  Having completed the modernization steps briefed to USD(R&amp;E) and Congress, the focus for FY 2026 is launching into the next generation of innovation and technical enhancements, which includes continued frequent engagements with the community to validate approach, gain buy in, and understand user needs in content submission and dissemination; ongoing work with the Department’s Chief Digital and Artificial Intelligence Officer (CDAO) on steps to approve generative AI within our secure environment providing the community with the powerful benefits of these emerging technologies; leveraging computational power to integrate AI and ML to enhance search and discovery; and maintaining unparalleled, end-to-end R&amp;D support through the DoDIAC Multiple Award Contract (IAC MAC), to be optimized through the next contract vehicle competition and look to meet or exceed the FY 2025 research projects started and aligned to DoD research objectives.

DTIC holds a knowledge base of nearly 5 million information records and is working with the R&amp;E and S&amp;T communities and vendors to increase its holdings, enhance completeness of the records already in the collection, assure quality of records submitted, and federate to additional information stores and resources.  DTIC has expanded its inventory of peer-reviewed journal articles funded by the DoD by linking to additional sources, and is providing access to all users without embargo, to include links to digital data sets.  DTIC is engaged with the CDAO to seek methods to improve data quality, focusing on opportunities made possible through enterprise data management and other advances in technology, to include but not limited to AI and ML.

This Program Element (PE) provides for DTIC mission operations, which are focused on three core activities: Content, Discovery, and Information Analysis Centers (IAC):

a)  Content: Includes the S&amp;T repository of DoD and Service records (reports and research data).  DTIC acquires, curates, and enriches 80,000 records each year, including tagging each record for alignment to Critical Technology Areas (CTA), DoD Communities of Interest (CoI), and other technology areas to aid discovery.  As DTIC’s state-of-the-art electronic document submission pipeline is refined, DTIC continues leading open science activities, sharing content with Advana, conducting gap analysis to identify sources for potential materials, and federating to external collections.  Ongoing efforts focus on consolidating input systems and providing bulk upload capabilities and Application Programming Interfaces (APIs) while improving data quality and realigning resources from manual processing to ecommerce enabled end user tools.  Still, DTIC receives thousands of paper and other media documents each year for preservation and sharing.  AI/ML and automation capabilities will speed processing steps such as scanning for Personally Identifiable Information (PII), verifying control markings, generating summaries, and extracting metadata to aid in discovery; however, digitization remains a manual, human process.  Further, DTIC continues to work to complete digitization of hundreds of thousands of documents on microfilm.

b)  Discovery: Offers search and analysis interfaces within a government cloud enterprise keeping costs lean and information secure at the controlled unclassified information (CUI) level and classified level, providing for situational awareness of ongoing research activity across DoD.  Consolidating tools simplifies user experience, reduces learning curves, and reduces time on site per topic.  Federation with other collections adds context and connections.  The time users spend locating data is reduced, lessening the need to be trained in collection types and content.  DTIC will continue to enhance community understanding of the S&amp;T research and funding landscape; incorporate SaaS analytic and search technologies and enhance and broaden search results; refine data visualizations to more quickly spot trends and gaps; and provide users key information and a complete picture of activity and progress, shifting the burden of initial analysis from the user by pre-processing and presenting information products that inform and answer questions using data drawn from multiple sources.  DTIC continually prioritizes resources on information analysis and interrogation capabilities.

c)  DTIC's Department of Defense Information Analysis Centers (DoDIAC): support research and development activities across the defense systems, cyber security, information systems, and homeland defense domains to drive innovation and technological development by anticipating and responding to the research needs of the defense and broader community.  The DoDIAC Program Management Office (PMO) provides core funding, management, and oversight of IACs, which are chartered by DoD to collect, research, analyze, and disseminate S&amp;T information in specialized fields to DoD researchers and acquisition professionals.  In addition, the PMO manages the $48 Billion IAC multiple award contract (MAC), an indefinite delivery, indefinite quantity (ID/IQ) MAC that provides for new research built on prior investments and incorporates the innovations of government, industry, and academia.  For the last several years, competition inherent in the IAC model has produced savings of 10-16% under projected costs, while still delivering vetted technical expertise to address DoD’s complex challenges.  Providing DoD labs and program managers access to thousands of industry subject matter experts, the IACs performed $3.2 Billion of customer-funded research and analysis in FY 2024 and estimated $4 Billion in FY 2025, supporting more than 700 organizations and more than 900 research and development projects across 273 task orders.  Approximately 9,000 current research artifacts from this R&amp;D work are provided to DTIC's technical repository annually and are available to users across the Department.

In concert with Congressional and R&amp;E community interest, DTIC’s continuing modernization and innovation efforts are informed by the DoD community to transform distribution, enhance collection, strengthen analytical capabilities on S&amp;T content, and support the management of research data sets.  Ongoing modernization activities embrace data-driven concepts and leverage commercial innovations opening the opportunity to draw new insights, recognize relationships, and track activity with a focus on:

- Readiness and Availability:  The goal remains to be always on and available.  Using rapid failover capabilities of the government cloud along with rapid deployment capabilities of DevSecOps, DTIC has increased readiness and availability, including access to on-demand compute and storage for AI and ML implementation.  Downtime is reduced and access to burst compute capacity addresses user needs.
- Submissions:  Having consolidated submission processes in FY 2024, an updated pipeline with a consistent clear user interface is built on ecommerce capabilities.  By enhancing and simplifying the submission system, along with the automation of the process, DTIC is removing barriers resulting in a more complete picture (quality and quantity) of the state of knowledge and activity accessed by DTIC search, providing improved situational awareness, increasing understanding, and enabling better decisions.
- Search and Analysis:  Adopting AI/ML-ready commercial search engine gives DTIC users access to leading commercial engines and user interface features that will be continuously enhanced.  Analysis and visualizations remain key methods of conveying information.  Analysis and data mining of DoD collections continues to uncover new relationships, trends, and opportunities.  This foundation will be extended in FY 2026 with new models, further data enhancement, and integration of emerging technology insertion, including addition of validated AI/ML and Large Language Model (LLM) informed products.
- Data Sets:  Aided by cooperative engagement with the services and coordination within R&amp;E, data sets continue to mature as a knowledge asset.  DTIC is coordinating its approach with the CDAO and is working with the DoD S&amp;T community to populate a research data sets directory.  DTIC chairs the Research Data Executive Council (RDEC) and the Research Data Working Group (RDWG); the Services are engaged in governance and strategy for metadata sharing, APIs, and code/tools to exploit data sets.  Increased awareness of existing DoD S&amp;T data sets across the community, revalidating results, and sharing data sets and associated code/tools across Services/agencies, will provide a baseline to validate the utility of data set preservation.

OTHER MISSION PRIORITIES

Other priority and complementary DTIC mission activities are described below:
- Bring communities together supporting collaboration between researchers, Warfighters, industry, academia, federal agencies, and allied partners.
- Information protection: readily available to trusted users and blocked from unauthorized access.
- Develop and manage DoD’s Science Technology Information Policy (STIP).
- Maintain compliance with existing public law, regulations, and guidelines.

In support of these mission operations, DTIC leases space and critical shared services (e.g., human resources; financial management and accounting; contracting; cloud hosting; common-use IT services and security; communications; and civilian payroll services) from expert and efficient DoD and commercial service-providers.

SUMMARY

- DTIC actively supports the Secretary’s priorities – revive the warrior ethos, rebuild our military, and reestablish deterrence.
- DTIC plans reflect a strong commitment to address Congressional, DoD, and R&amp;E priorities.
- Building on progress, DTIC’s focus remains on growing the knowledge base, facilitating sharing, maintaining open repositories, and developing data analytics to advance discovery and understanding as effectively and efficiently as possible.
- DTIC is adopting transformational technologies to enhance collection, distribution, analysis, and research data sets to provide decisionmakers and Warfighters insight into the S&amp;T research terrain, speeding discovery and enabling faster implementation.</r2:ProjectMissionDescription>
                    <r2:CongressionalAddDetailList>
                        <r2:CongressionalAddDetail>
                            <r2:Title>AI/ML Add</r2:Title>
                            <r2:CurrentYear>
                                <r2:Funding>5.000</r2:Funding>
                                <r2:Text>Provided funds to fund AI/ML contracts</r2:Text>
                            </r2:CurrentYear>
                        </r2:CongressionalAddDetail>
                    </r2:CongressionalAddDetailList>
                    <r2:AccomplishmentPlannedProgramList>
                        <r2:AccomplishmentPlannedProgram>
                            <r2:Title>Defense Technical Information Center</r2:Title>
                            <r2:Accomplishment>
                                <r2:PriorYear>
                                    <r2:Funding>60.151</r2:Funding>
                                    <r2:Text>- Enhance cutting edge technology, computational power offered in the cloud, machine learning (ML), and artificial intelligence (AI) to provide enhanced insight into the science and technology (S&amp;T) enterprise with support for decision makers and researchers.
-- Continue to improve our search technologies and ranking algorithms to provide the most relevant documents.
-- Provide analysis and linkages of past, current, and planned activities to enhance the tracking of research transitions.
-- Continue to discover relationships to show connections between researchers, organizations, scientific specialties, and published works to better display the S&amp;T landscape.
-- Enhance the presentation of information in visualizations making trends and gaps easier to recognize.
-- Improve user’s ability to access DTIC data (e.g., via Application Programming Interfaces) to enable further analysis using their own tools.
-- Create associations between researchers, institutions, and technology, permitting research efforts further enhancing collaboration and information sharing on emerging technology.
-- Facilitate the citation of content in DTIC’s collections by customers, predominantly authors of technical reports.
- Migrate collaboration content and knowledge management platforms to the Air Force Cloud One services.
-- Reassess and enhance collaborative tools, to ensure our valued customers are receiving the most pertinent features and technologies to meet their mission needs.
-- Restructure collaboration tools for improved user experience, sharing, organization, and efficiency.  
-- Improve and streamline collaborative communications and coordination between S&amp;T and the warfighting community.
- Enhance DTIC’s Identity and Access Management (IAM) and implement on NIPR products and services once products and services are migrated to the commercial cloud.
-- Initiate a user profile model to better understand user needs, map outreach messaging to personas, and maximize customer systems engagement.
-- Connect users with exceptional experiences that are secure, simple, seamless, personalized, and centralized.
-- Evaluate the digital ecosystem to provide enhanced support for the remote workforce across digital channels.
- Continue to unify DTIC’s products and services user interface to increase customer satisfaction.
-- Reevaluate and enhance the DTIC Web Style Guide to expand Web Accessibility compliance and Web Design standards.
- Prototype Service pipeline connection to DTIC.
-- Federates data pipelines with Service workflows and leverage AI/ML at the edge; acquiring data for more complete picture of the S&amp;T domain.
- Replace submission pipeline, field e-commerce submission features for customer use.
-- Encourages increased submissions thru application of ML processes such as:  e-commerce features (prepopulated fields), auto-generated summaries, recommended document tags, Personally Identifiable Information (PII) screening, classification confirmation, and distribution code check.
- Reassess R&amp;E engagement and outreach activities and focus on those providing the greatest value.
-- Improve metrics that measure return on investment for outreach activities.  
-- Better understand our customer personas and customize associated targeted engagements.
-- Encourage authors of submitted DoD publications and DoD researchers to be registered DTIC users.
- Transition classified/Impact Level 6 (IL6) content and data to Cloud One hosting.
- Build artificial intelligence (AI) and machine learning (ML) models of S&amp;T activity, where technology is progressing.
- Continue to collaborate with DoD Labs on DoD Data set Directory, to promote completeness of records within the directory and encourage its use to provide consolidated location for discovering data sets associated with DoD-funded research.
-- Continue to coordinate on data interoperability standardization to streamline S&amp;T collaboration across the DoD.
-- Continue to integrate with DoD JCS Data Advantage Platform to link existing research with Joint Experimentation and Testing Capability.
- Continue to publish the Journal of DoD Research and Engineering (JDRE) four times each year, including special editions.</r2:Text>
                                </r2:PriorYear>
                            </r2:Accomplishment>
                            <r2:PlannedProgram>
                                <r2:CurrentYear>
                                    <r2:Funding>61.231</r2:Funding>
                                    <r2:Text>-	Increase total submissions by 8% over FY 2024.
-	Began incorporating automation into submission pipeline.
-	Deliver bulk submission capability to lower barriers to submission, improve ease of submissions.
-	Migrated collaboration content and knowledge management platforms to Azure cloud services.
-	Maintained and enhanced DoDTechipedia capability for users.
-	Continued to improve and streamline collaborative communications and coordination between S&amp;T and the warfighting community.
-	Consolidated containerized applications to cloud native architecture to reduce cyber risks and provide users with a consistent view of all data.
-	Modernized cloud architecture to leverage Azure services a further reduce cyber footprint and maintenance workload.
-	Further automated the DTIC registration system to enhance seamless registration.
-	Consolidate user interface components in DTIC’s new cloud environment to improve user experience on DTIC digital products and services by unifying user interface and implementing web accessibility.
-	Continue to enhance the presentation of information in visualizations making trends and gaps easier to recognize.
-	Initiate a user profile model to better understand user needs, map outreach messaging to personas, and maximize customer systems engagement.
-	Enhancing DTIC’s Identity, Credential, and Access Management (ICAM) to enhance user profiles and support SaaS advanced analytics.
-	Build AI and ML models of S&amp;T activity, where technology is progressing.
-	Continue to publish the Journal of DoD Research and Engineering (JDRE) four times each year, including special editions.
-	Increase frequency of Innovators Information Repository (IIR) updates to at least quarterly.
-	Sponsored AI knowledge graph analytics platform for FedRAMP authorization.
-	Pilot Research Data Hub for small data set sharing.</r2:Text>
                                </r2:CurrentYear>
                                <r2:BudgetYearOne>
                                    <r2:Funding>55.193</r2:Funding>
                                </r2:BudgetYearOne>
                                <r2:BudgetYearOneBase>
                                    <r2:Funding>55.193</r2:Funding>
                                    <r2:Text>-	Increase total submissions by 8% over FY 2025.
-	Deliver Submit API for system-to-system transfer from submitting organizations.
-	Fully automate submission pipeline with AI-enabled ecommerce functionality.
-	Incorporate automated acceptance criteria validation, tagging and indexing at point of submission to increase speed of accessibility across collections.
-	Continue to enhance customer-facing functionality and enrichment automation across the submission pipeline including customer status checks and change request features.
-	Consolidate submission applications to achieve a single unified channel for contributions across collections, standardizing metadata to improve discovery and reducing resource demands to maintain core capabilities.
-	Update and modernize customer-facing submissions artifacts to reduce friction and customer support requests while improving metadata quality and completeness.
-	Consolidate collections to improve data quality and discoverability and reduce maintenance and support requirements.
-	Continue to create associations between researchers, authors, institutions, and technology, permitting research efforts further enhancing collaboration and information sharing on emerging technology.
-	Continue to improve user’s ability to access DTIC data (e.g., via Data Fabric) to enable further analysis using their own tools.
-	Continue to provide analysis and linkages of past, current, and planned research activities to enhance the tracking of transitions.
-	Coordinate to implement API updates to the Innovators Information Repository (IIR) 
-	Pilot lightweight digital rights management developed through a SBIR to further reduce exfiltration risk.
- Incorporate AI-enabled decision support SaaS further enhancing discovery and collaboration.</r2:Text>
                                </r2:BudgetYearOneBase>
                                <r2:AppChangeSummary>- There is a $6.038 Million decrease reflected in the current FY 2026 Discretionary Funding, as compared to the FY 2025 Discretionary Funding.  This decrease represents adjustments for civilian pay, travel and contract services in compliance with Executive Orders 14210 and 14222.</r2:AppChangeSummary>
                            </r2:PlannedProgram>
                        </r2:AccomplishmentPlannedProgram>
                    </r2:AccomplishmentPlannedProgramList>
                    <r2:AcquisitionStrategy>N/A</r2:AcquisitionStrategy>
                </r2:R2aExhibit>
            </r2:Project>
            <r2:Project>
                <r2:ProjectNumber>002</r2:ProjectNumber>
                <r2:ProjectTitle>Information Analysis Centers</r2:ProjectTitle>
                <r2:SpecialProject>0</r2:SpecialProject>
                <r2:ProjectFunding>
                    <r2:AllPriorYears>54.451</r2:AllPriorYears>
                    <r2:PriorYear>5.016</r2:PriorYear>
                    <r2:CurrentYear>5.016</r2:CurrentYear>
                    <r2:BudgetYearOne>5.016</r2:BudgetYearOne>
                    <r2:BudgetYearOneBase>5.016</r2:BudgetYearOneBase>
                </r2:ProjectFunding>
                <r2:R2aExhibit>
                    <r2:ProjectMissionDescription>The Department of Defense Information Analysis Centers (DoDIAC), established under DoD Instruction 3200.14, serve as a vital resource in providing timely, relevant information directly to users when and where it is needed.  The IACs serve as a bridge between the Warfighter and the Acquisition/Research community, providing essential technical analysis and data support to a diverse customer base, to include the Combatant Commands (CCMD), the Office of the Secretary of Defense, Defense Agencies, and the Military Services. DoDIAC actively partners and collaborates with Defense Research and Engineering (R&amp;E) focus groups and communities of interest in areas of specialized fields or specific technologies.  The three IACs are staffed with scientists, engineers, information specialists, and each have a strong network of subject matter experts to provide research and analysis to customers with diverse, complex, and challenging requirements.  The DoDIAC supports development and maintenance of comprehensive knowledge bases, including historical, technical, scientific, and other data collected throughout the world and pertinent to DoD S&amp;T thrust areas and Critical Technology Areas (CTA), providing technology developers, Warfighters, program managers, and other stakeholders access to tools, research, testing, evaluation, and training methods that can best contribute to fulfilling their mission.

The DoDIAC currently partners with approximately 700 unique organizations to identify and fill DoD’s technological gaps by (1) creating missing information through analysis and/or synthesis of available ongoing research and Scientific and Technical Information (STI), or (2) utilizing available research and STI to support applied and basic research programs, or (3) performing primary research directly or jointly with other agencies where STI sharing is a requirement.

The DoDIAC leverages existing bodies of scientific knowledge within DTIC’s repository and other repositories enabling innovative reuse.  In FY 2024, the DoDIAC produced 4,900 Technical Inquiries and, 183 technical products and publications, 42 SME training events (webinars or classroom) to capitalize on available STI and maximize their budget by locating and analyzing data, information, and tools that were used in the development of similar solutions throughout the world.  Both the research gaps and the potential partnership opportunities are further synthesized into information and produced as a useful input when engineering new requirements for a Research and Development (R&amp;D) project owner’s need.  Through its research support services and innovative contracting mechanisms, the DoDIAC fosters a design of collaborative and responsible innovation to create building blocks of new research, creating a loop of continuous capability development while adding over 9,000 new research documents to the DTIC repository yearly.  In FY 2025, DoDIAC onboarded 65 new DoD organizations to its existing base of over 700 active organizations while creating and facilitating reuse of researching findings within the 14 Critical Technology Areas, (CTA) including microelectronics, hypersonic, directed energy, cyber, autonomy, artificial intelligence (AI) and machine learning (ML).  DoDIAC operations, in concert with National Defense Strategy objectives, directly support the warfighter, and play an ongoing and critical role in solving key CCMD operational issues such as cyber security, unmanned aerial vehicle visual/audible signature reduction, and improvements to the ballistic resistance of body armor.  While the appropriated budget has not increased since 2004, the DoDIAC has continued to advance its capabilities to meet the evolving needs of the DoD S&amp;T community, and the demand for its services has grown exponentially, exceeding $3.7 Billion in joint R&amp;D projects in FY 2024.

The IAC Program Management Office at DTIC performs contract acquisition, program management, and operational support for IAC contract operations and the technical information that is generated as a result of research and studies. In a time of shrinking budgets and increasing responsibility.  The DoDIAC answers technical inquiries; conducts basic and applied research; develops, tests, and implements new technologies and approaches; analyzes and synthesizes existing data and information; facilitates collaboration and knowledge sharing, evaluates the current state-of-the-art, identifies knowledge gaps, and implements solutions, and provides knowledge products to enhance researcher understanding.  The DoDIAC services are funded in part through partnerships with the Defense R&amp;E community and the annual collection of customer reimbursements for their share of direct costs, in accordance with the IAC Reimbursable Review Board (IRRB) recommendations.  This represents the maximum cost-sharing with IAC customers allowable, per guidance from the Office of the Secretary of Defense (OSD) Office of General Counsel. Annual IAC efforts and accomplishments are dependent on the level of participation and collaboration by the R&amp;E community at large.</r2:ProjectMissionDescription>
                    <r2:AccomplishmentPlannedProgramList>
                        <r2:AccomplishmentPlannedProgram>
                            <r2:Title>Information Analysis Centers</r2:Title>
                            <r2:Accomplishment>
                                <r2:PriorYear>
                                    <r2:Funding>5.016</r2:Funding>
                                    <r2:Text>- Though new rules on eligible collections (restricting them to only government-funded research) have reduced the number of reports that can be submitted to DTIC, meet or exceed the number of reports acquired in FY 2023.
- Continue to provide rapid answers to Technical Inquiries for DoD government researchers, meeting or exceeding the number of Inquiries answered in FY 2023 and provide relevant scientific-technical products to the DTIC repository generated by the DoDIAC.
- Provide research and analysis services to the DoD research community via the DoDIAC $48 Billion multiple award contracts (IAC MAC), meeting or exceeding the amount of contract ceiling awarded in FY 2023; provide program strategy that aligns to, and evolves with, DoD overarching research goals.
- Start working on IAC MAC follow-on to ensure continuous coverage of support to meet DoD research needs.
-- Develop and issue a request for proposal (RFP) for an On-Ramp of new large and small business vendors on the current IAC MAC vehicle to ensure increased competition and provide new vendor capabilities to our customers.
- Expand usage of the IAC program research and analysis services by increasing the number of new users of the service, ensuring that new technology areas of research are supported by the expertise of the DoDIAC industry partners across the DoDIAC’s three domain areas (Cyber Security, Defense Systems, and Homeland Defense).
- Continue to highlight the research and analysis services offered by the IACs to DoD researchers working in Basic Research areas, particularly those in DoD laboratories.</r2:Text>
                                </r2:PriorYear>
                            </r2:Accomplishment>
                            <r2:PlannedProgram>
                                <r2:CurrentYear>
                                    <r2:Funding>5.016</r2:Funding>
                                    <r2:Text>-	Provide research and analysis services to the DoD research community via the DoDIAC $48 Billion multiple award contracts (IAC MAC), meeting or exceeding the amount of contract ceiling awarded in FY 2024; provide program strategy that aligns to, and evolves with, DoD overarching research goals.
-	Continue working on IACMAC follow-on to ensure continuous coverage of support to meet DoD research needs.
-	Expand usage of the IAC program research and analysis services by increasing the number of new users of the service, ensuring that new technology areas of research are supported by the expertise of the DoDIAC industry partners across the DoDIAC’s three domain areas (Cyber Security, Defense Systems, and Homeland Defense).
-	Continue to highlight the research and analysis services offered by the IACs to DoD researchers working in Basic Research areas, particularly those in DoD laboratories.</r2:Text>
                                </r2:CurrentYear>
                                <r2:BudgetYearOne>
                                    <r2:Funding>5.016</r2:Funding>
                                </r2:BudgetYearOne>
                                <r2:BudgetYearOneBase>
                                    <r2:Funding>5.016</r2:Funding>
                                    <r2:Text>-	Continue to provide research and analysis services to the DoD research community via the DoDIAC $48 Billion multiple award contracts (IACMAC), increase efficiency in awarding R&amp;D task orders to support the S&amp;T community at the speed of need; deliver research and technology to the warfighter, provide program strategy that aligns to, and evolves with, DoD overarching research goals.
-	Continue working on IACMAC follow-on to ensure continuous coverage of support to meet DoD research needs.
-	Continue to expand usage of the IAC program research and analysis services by increasing the number of new users of the service, ensuring that new technology areas of research are supported by the expertise of the DoDIAC industry partners across the DoDIAC’s three domain areas (Cyber Security, Defense Systems, and Homeland Defense).
-	Continue to highlight the research and analysis services offered by the IACs to DoD researchers working in Basic Research areas, particularly those in DoD laboratories.
-	Use AI/ML to increase process efficiencies in funding document processing, general terms and condition development and review, performance work statement development, deliverable tracking and analysis to ensure effective research projects are able to get on contract, and perform within cost, schedule, and performance.  This goal is to reduce overall cost and reduce contractor support.</r2:Text>
                                </r2:BudgetYearOneBase>
                                <r2:AppChangeSummary>- There is no change in the FY 2026 Discretionary Funding request, as compared to the FY 2025 Discretionary Funding request.</r2:AppChangeSummary>
                            </r2:PlannedProgram>
                        </r2:AccomplishmentPlannedProgram>
                    </r2:AccomplishmentPlannedProgramList>
                    <r2:AcquisitionStrategy>N/A</r2:AcquisitionStrategy>
                </r2:R2aExhibit>
            </r2:Project>
        </r2:ProjectList>
    </r2:ProgramElement>
</r2:ProgramElementList>