<?xml version="1.0" encoding="UTF-8"?>
<proc:LineItemList xmlns:proc="http://www.dtic.mil/comptroller/xml/schema/20100219/procurement">
    <proc:LineItem quantityUnits="Each" quantityUnitName="Each" unitCostUnits="Millions" totalCostUnits="Millions" manufacturerRateUnits="Monthly" combinedP5Flag="false">
        <proc:LineItemNumber>0201UMNISR</proc:LineItemNumber>
        <proc:LineItemTitle>UNMANNED ISR</proc:LineItemTitle>
        <proc:P1LineNumber>96</proc:P1LineNumber>
        <proc:BudgetYear>2026</proc:BudgetYear>
        <proc:BudgetCycle>PB</proc:BudgetCycle>
        <proc:SubmissionDate>2025-06</proc:SubmissionDate>
        <proc:ServiceAgencyName>United States Special Operations Command</proc:ServiceAgencyName>
        <proc:AppropriationNumber>0300D</proc:AppropriationNumber>
        <proc:AppropriationTitle>Procurement, Defense-Wide</proc:AppropriationTitle>
        <proc:BudgetActivityNumber>2</proc:BudgetActivityNumber>
        <proc:BudgetActivityTitle>Special Operations Command</proc:BudgetActivityTitle>
        <proc:BudgetSubActivityNumber>1</proc:BudgetSubActivityNumber>
        <proc:BudgetSubActivityTitle>Aviation Programs</proc:BudgetSubActivityTitle>
        <proc:ResourceSummary>
            <proc:TotalCost>
                <proc:AllPriorYears>433.656</proc:AllPriorYears>
                <proc:PriorYear>29.497</proc:PriorYear>
                <proc:CurrentYear>33.917</proc:CurrentYear>
                <proc:BudgetYearOneBase>6.858</proc:BudgetYearOneBase>
                <proc:BudgetYearOne>6.858</proc:BudgetYearOne>
            </proc:TotalCost>
            <proc:NetProcurementP1>
                <proc:AllPriorYears>433.656</proc:AllPriorYears>
                <proc:PriorYear>29.497</proc:PriorYear>
                <proc:CurrentYear>33.917</proc:CurrentYear>
                <proc:BudgetYearOneBase>6.858</proc:BudgetYearOneBase>
                <proc:BudgetYearOne>6.858</proc:BudgetYearOne>
            </proc:NetProcurementP1>
            <proc:TotalObligationAuthority>
                <proc:AllPriorYears>433.656</proc:AllPriorYears>
                <proc:PriorYear>29.497</proc:PriorYear>
                <proc:CurrentYear>33.917</proc:CurrentYear>
                <proc:BudgetYearOneBase>6.858</proc:BudgetYearOneBase>
                <proc:BudgetYearOne>6.858</proc:BudgetYearOne>
            </proc:TotalObligationAuthority>
        </proc:ResourceSummary>
        <proc:OtherRelatedProgramElementList>
            <proc:ProgramElementNumber>1105232BB</proc:ProgramElementNumber>
        </proc:OtherRelatedProgramElementList>
        <proc:Description>This P-1 Line Item is part of the Military Intelligence Program (MIP). The United States Special Operations Command (USSOCOM) has been designated as the Department of the Defense (DoD) lead for planning, synchronizing, and as directed, executing global operations against terrorist networks and targets. The USSOCOM requires the capability to find, fix, and finish time-sensitive high-value fixed and fleeting targets at the unit and team level without placing personnel and units in harm's way. These targets can often only be identified with patient collection of information and require rapid, decisive action during the short periods in which they present themselves. This Line Item addresses the primary areas of intelligence, surveillance, and reconnaissance (ISR), and targeting capabilities for Special Operations Forces (SOF).

This P-1 Line Item procures various expendable Unmanned Aerial Systems (UAS) and related sensor payloads for ISR, which allows for remotely controlled system emplacement and data exfiltration.  These systems are procured from an approved resource list in order to provide for rapid fielding of proven capability.  It also funds the acquisition and support of SO-peculiar (SO-p) mission kits, mission payloads, weaponization, and modifications of Unmanned Aerial Vehicles (UAVs), Ground Control Stations (GCS), and training systems.  The USSOCOM aims to standardize payload interfaces for SOF Group 1-5 UAS to accelerate the procurement and fielding of much needed capability in order to reduce the time and cost to develop, field, and sustain SOF Group 1-5 UAV future payload enhancements.  This will allow users in the field to quickly change out payloads on the same platform and reduce time between sorties.

FY 2024 includes $2.949 million in Overseas Operations Costs (OOC) execution. FY 2025 includes $1.750 million in OOC Enactment. FY 2026 includes $0.00 for the OOC Budget Estimate.</proc:Description>
        <proc:Justification>1.  Group 4 Unmanned Aerial Systems (UAS) are large systems that weigh more than 1,320 pounds and fly less than 18,000 feet above sea level. The MQ-1 UAS, Program Number, 781 funds the acquisition and support of SO-p mission kits, mission payloads, weapons, and modifications on MQ-1C UAS, Ground Control Stations (GCS), and training systems as part of the Medium Altitude Long Endurance Tactical (MALET) program.

FY 2026 BASE PROGRAM JUSTIFICATION: Procures weapon launchers, Tactical Mission Networking, Airborne Mission Networking, Situational Awareness Payload Integration, and Expeditionary Capabilities.

FY 2025 to FY 2026 decrease of $2.351 million due to adjusted procurement of weapon launchers and hardware required to meet Basis of Issue in FY 2026 for Airborne/Tactical Mission Networking and a decrease in anticipated cost for Expeditionary Trailers.


2.  The Long Endurance aircraft (LEA) UAS, Program Number 4GD, funds the acquisition and support of SO-p mission kits, mission payloads, weapons, and modifications on the LEA Family of Systems aircraft, turrets, and GCSs in support of the USSOCOM ISR multi-Intelligence capacity.
 
FY 2025 to FY 2026 decrease of $24.708 million defers procurement of additional air vehicles, sensor payloads, and Ground Control Stations as current inventory levels are sufficient to support ongoing operational airborne intelligence requirements.</proc:Justification>
        <proc:ItemExhibitList>
            <proc:P40AItemGroup>
                <proc:Name>Unmanned Aerial Systems (UAS)</proc:Name>
                <proc:CategoryList>
                    <proc:Category>
                        <proc:Name>1 - Group 4 Unmanned Aerial System (UAS):  MQ-1C</proc:Name>
                        <proc:ItemList>
                            <proc:Item>
                                <proc:Name>Weapon Launchers</proc:Name>
                                <proc:ItemNumber>1a</proc:ItemNumber>
                                <proc:ResourceSummary>
                                    <proc:TotalCost>
                                        <proc:AllPriorYears>0.897</proc:AllPriorYears>
                                        <proc:PriorYear>2.048</proc:PriorYear>
                                        <proc:CurrentYear>2.028</proc:CurrentYear>
                                        <proc:BudgetYearOneBase>1.773</proc:BudgetYearOneBase>
                                        <proc:BudgetYearOne>1.773</proc:BudgetYearOne>
                                    </proc:TotalCost>
                                </proc:ResourceSummary>
                            </proc:Item>
                            <proc:Item>
                                <proc:Name>Tactical Mission Networking - Base</proc:Name>
                                <proc:ItemNumber>1b</proc:ItemNumber>
                                <proc:ResourceSummary>
                                    <proc:TotalCost>
                                        <proc:AllPriorYears>2.04</proc:AllPriorYears>
                                        <proc:PriorYear>0.9</proc:PriorYear>
                                        <proc:CurrentYear>1.03</proc:CurrentYear>
                                        <proc:BudgetYearOneBase>1.604</proc:BudgetYearOneBase>
                                        <proc:BudgetYearOne>1.604</proc:BudgetYearOne>
                                    </proc:TotalCost>
                                </proc:ResourceSummary>
                            </proc:Item>
                            <proc:Item>
                                <proc:Name>Tactical Mission Networking - OOC</proc:Name>
                                <proc:ItemNumber>1c</proc:ItemNumber>
                                <proc:ResourceSummary>
                                    <proc:TotalCost>
                                        <proc:AllPriorYears>1.75</proc:AllPriorYears>
                                        <proc:PriorYear>1.75</proc:PriorYear>
                                        <proc:CurrentYear>1.75</proc:CurrentYear>
                                    </proc:TotalCost>
                                </proc:ResourceSummary>
                            </proc:Item>
                            <proc:Item>
                                <proc:Name>Airborne Mission Networking</proc:Name>
                                <proc:ItemNumber>1d</proc:ItemNumber>
                                <proc:ResourceSummary>
                                    <proc:TotalCost>
                                        <proc:AllPriorYears>4.416</proc:AllPriorYears>
                                        <proc:PriorYear>1.208</proc:PriorYear>
                                        <proc:CurrentYear>1.38</proc:CurrentYear>
                                        <proc:BudgetYearOneBase>1.12</proc:BudgetYearOneBase>
                                        <proc:BudgetYearOne>1.12</proc:BudgetYearOne>
                                    </proc:TotalCost>
                                </proc:ResourceSummary>
                            </proc:Item>
                            <proc:Item>
                                <proc:Name>Situational Awareness Payload Integration</proc:Name>
                                <proc:ItemNumber>1e</proc:ItemNumber>
                                <proc:ResourceSummary>
                                    <proc:TotalCost>
                                        <proc:AllPriorYears>0.309</proc:AllPriorYears>
                                        <proc:PriorYear>1.242</proc:PriorYear>
                                        <proc:CurrentYear>1.421</proc:CurrentYear>
                                        <proc:BudgetYearOneBase>1.421</proc:BudgetYearOneBase>
                                        <proc:BudgetYearOne>1.421</proc:BudgetYearOne>
                                    </proc:TotalCost>
                                </proc:ResourceSummary>
                            </proc:Item>
                            <proc:Item>
                                <proc:Name>Expeditionary Capabilities</proc:Name>
                                <proc:ItemNumber>1f</proc:ItemNumber>
                                <proc:ResourceSummary>
                                    <proc:TotalCost>
                                        <proc:AllPriorYears>0.432</proc:AllPriorYears>
                                        <proc:PriorYear>1.2</proc:PriorYear>
                                        <proc:CurrentYear>1.6</proc:CurrentYear>
                                        <proc:BudgetYearOneBase>0.94</proc:BudgetYearOneBase>
                                        <proc:BudgetYearOne>0.94</proc:BudgetYearOne>
                                    </proc:TotalCost>
                                </proc:ResourceSummary>
                            </proc:Item>
                            <proc:Item>
                                <proc:Name>SOCOM ISR (Congressional Add)</proc:Name>
                                <proc:ItemNumber>1g</proc:ItemNumber>
                                <proc:ResourceSummary>
                                    <proc:TotalCost>
                                        <proc:PriorYear>2.5</proc:PriorYear>
                                    </proc:TotalCost>
                                </proc:ResourceSummary>
                            </proc:Item>
                            <proc:Item>
                                <proc:Name>Prior Year Funding - Base</proc:Name>
                                <proc:ItemNumber>1h</proc:ItemNumber>
                                <proc:ResourceSummary>
                                    <proc:TotalCost>
                                        <proc:AllPriorYears>25.029</proc:AllPriorYears>
                                    </proc:TotalCost>
                                </proc:ResourceSummary>
                            </proc:Item>
                            <proc:Item>
                                <proc:Name>Prior Years Funding Congressional Add</proc:Name>
                                <proc:ItemNumber>1i</proc:ItemNumber>
                                <proc:ResourceSummary>
                                    <proc:TotalCost>
                                        <proc:AllPriorYears>10.3</proc:AllPriorYears>
                                    </proc:TotalCost>
                                </proc:ResourceSummary>
                            </proc:Item>
                            <proc:Item>
                                <proc:Name>Prior Year Funding - (OCO)</proc:Name>
                                <proc:ItemNumber>1j</proc:ItemNumber>
                                <proc:ResourceSummary>
                                    <proc:TotalCost>
                                        <proc:AllPriorYears>50.58</proc:AllPriorYears>
                                    </proc:TotalCost>
                                </proc:ResourceSummary>
                            </proc:Item>
                        </proc:ItemList>
                        <proc:CategorySubtotal>
                            <proc:TotalCost>
                                <proc:AllPriorYears>95.753</proc:AllPriorYears>
                                <proc:PriorYear>10.848</proc:PriorYear>
                                <proc:CurrentYear>9.209</proc:CurrentYear>
                                <proc:BudgetYearOneBase>6.858</proc:BudgetYearOneBase>
                                <proc:BudgetYearOne>6.858</proc:BudgetYearOne>
                            </proc:TotalCost>
                        </proc:CategorySubtotal>
                    </proc:Category>
                    <proc:Category>
                        <proc:Name>2 - Long Endurance Aircraft (LEA) Unmanned Aerial System (UAS)</proc:Name>
                        <proc:ItemList>
                            <proc:Item>
                                <proc:Name>Air Vehicles</proc:Name>
                                <proc:ItemNumber>2a</proc:ItemNumber>
                                <proc:ResourceSummary>
                                    <proc:Quantity>
                                        <proc:AllPriorYears>7</proc:AllPriorYears>
                                        <proc:PriorYear>4</proc:PriorYear>
                                    </proc:Quantity>
                                    <proc:TotalCost>
                                        <proc:AllPriorYears>21.592</proc:AllPriorYears>
                                        <proc:PriorYear>13.72</proc:PriorYear>
                                    </proc:TotalCost>
                                    <proc:UnitCost>
                                        <proc:AllPriorYears>3.085</proc:AllPriorYears>
                                        <proc:PriorYear>3.43</proc:PriorYear>
                                    </proc:UnitCost>
                                </proc:ResourceSummary>
                            </proc:Item>
                            <proc:Item>
                                <proc:Name>Sensor Payloads</proc:Name>
                                <proc:ItemNumber>2b</proc:ItemNumber>
                                <proc:ResourceSummary>
                                    <proc:TotalCost>
                                        <proc:AllPriorYears>14.3</proc:AllPriorYears>
                                        <proc:PriorYear>4.929</proc:PriorYear>
                                        <proc:CurrentYear>20.681</proc:CurrentYear>
                                    </proc:TotalCost>
                                </proc:ResourceSummary>
                            </proc:Item>
                            <proc:Item>
                                <proc:Name>Combat Loss Replacement Aircraft (OOC)</proc:Name>
                                <proc:ItemNumber>2c</proc:ItemNumber>
                                <proc:ResourceSummary>
                                    <proc:TotalCost>
                                        <proc:AllPriorYears>3.25</proc:AllPriorYears>
                                    </proc:TotalCost>
                                </proc:ResourceSummary>
                            </proc:Item>
                            <proc:Item>
                                <proc:Name>Ground Control Stations and Support Equipment</proc:Name>
                                <proc:ItemNumber>2d</proc:ItemNumber>
                                <proc:ResourceSummary>
                                    <proc:TotalCost>
                                        <proc:CurrentYear>4.027</proc:CurrentYear>
                                    </proc:TotalCost>
                                </proc:ResourceSummary>
                            </proc:Item>
                        </proc:ItemList>
                        <proc:CategorySubtotal>
                            <proc:TotalCost>
                                <proc:AllPriorYears>39.142</proc:AllPriorYears>
                                <proc:PriorYear>18.649</proc:PriorYear>
                                <proc:CurrentYear>24.708</proc:CurrentYear>
                            </proc:TotalCost>
                        </proc:CategorySubtotal>
                    </proc:Category>
                    <proc:Category>
                        <proc:Name>3 - Prior Year Completed Efforts</proc:Name>
                        <proc:ItemList>
                            <proc:Item>
                                <proc:Name>Completed Efforts</proc:Name>
                                <proc:ItemNumber>3a</proc:ItemNumber>
                                <proc:ResourceSummary>
                                    <proc:TotalCost>
                                        <proc:AllPriorYears>298.761</proc:AllPriorYears>
                                    </proc:TotalCost>
                                </proc:ResourceSummary>
                            </proc:Item>
                        </proc:ItemList>
                        <proc:CategorySubtotal>
                            <proc:TotalCost>
                                <proc:AllPriorYears>298.761</proc:AllPriorYears>
                            </proc:TotalCost>
                        </proc:CategorySubtotal>
                    </proc:Category>
                </proc:CategoryList>
                <proc:TotalCost>
                    <proc:TotalCost>
                        <proc:AllPriorYears>433.656</proc:AllPriorYears>
                        <proc:PriorYear>29.497</proc:PriorYear>
                        <proc:CurrentYear>33.917</proc:CurrentYear>
                        <proc:BudgetYearOneBase>6.858</proc:BudgetYearOneBase>
                        <proc:BudgetYearOne>6.858</proc:BudgetYearOne>
                    </proc:TotalCost>
                </proc:TotalCost>
            </proc:P40AItemGroup>
        </proc:ItemExhibitList>
        <proc:DocumentAssemblyOptions>
            <proc:p40AItemScheduleSetting>total</proc:p40AItemScheduleSetting>
        </proc:DocumentAssemblyOptions>
    </proc:LineItem>
</proc:LineItemList>