<?xml version="1.0" encoding="UTF-8"?>
<proc:LineItemList xmlns:proc="http://www.dtic.mil/comptroller/xml/schema/20100219/procurement">
    <proc:LineItem quantityUnits="Each" quantityUnitName="Each" unitCostUnits="Millions" totalCostUnits="Millions" manufacturerRateUnits="Monthly" combinedP5Flag="false">
        <proc:LineItemNumber>1202PSP</proc:LineItemNumber>
        <proc:LineItemTitle>PRECISION STRIKE PACKAGE</proc:LineItemTitle>
        <proc:P1LineNumber>102</proc:P1LineNumber>
        <proc:BudgetYear>2026</proc:BudgetYear>
        <proc:BudgetCycle>PB</proc:BudgetCycle>
        <proc:SubmissionDate>2025-06</proc:SubmissionDate>
        <proc:ServiceAgencyName>United States Special Operations Command</proc:ServiceAgencyName>
        <proc:AppropriationNumber>0300D</proc:AppropriationNumber>
        <proc:AppropriationTitle>Procurement, Defense-Wide</proc:AppropriationTitle>
        <proc:BudgetActivityNumber>2</proc:BudgetActivityNumber>
        <proc:BudgetActivityTitle>Special Operations Command</proc:BudgetActivityTitle>
        <proc:BudgetSubActivityNumber>1</proc:BudgetSubActivityNumber>
        <proc:BudgetSubActivityTitle>Aviation Programs</proc:BudgetSubActivityTitle>
        <proc:ResourceSummary>
            <proc:TotalCost>
                <proc:AllPriorYears>1884.243</proc:AllPriorYears>
                <proc:PriorYear>104.38</proc:PriorYear>
                <proc:CurrentYear>57.65</proc:CurrentYear>
                <proc:BudgetYearOneBase>61.595</proc:BudgetYearOneBase>
                <proc:BudgetYearOne>61.595</proc:BudgetYearOne>
            </proc:TotalCost>
            <proc:NetProcurementP1>
                <proc:AllPriorYears>1884.243</proc:AllPriorYears>
                <proc:PriorYear>104.38</proc:PriorYear>
                <proc:CurrentYear>57.65</proc:CurrentYear>
                <proc:BudgetYearOneBase>61.595</proc:BudgetYearOneBase>
                <proc:BudgetYearOne>61.595</proc:BudgetYearOne>
            </proc:NetProcurementP1>
            <proc:TotalObligationAuthority>
                <proc:AllPriorYears>1884.243</proc:AllPriorYears>
                <proc:PriorYear>104.38</proc:PriorYear>
                <proc:CurrentYear>57.65</proc:CurrentYear>
                <proc:BudgetYearOneBase>61.595</proc:BudgetYearOneBase>
                <proc:BudgetYearOne>61.595</proc:BudgetYearOne>
            </proc:TotalObligationAuthority>
            <proc:InitialSpares>
                <proc:AllPriorYears>102.142</proc:AllPriorYears>
                <proc:PriorYear>2.376</proc:PriorYear>
                <proc:CurrentYear>2.95</proc:CurrentYear>
                <proc:BudgetYearOneBase>3.16</proc:BudgetYearOneBase>
                <proc:BudgetYearOne>3.16</proc:BudgetYearOne>
            </proc:InitialSpares>
        </proc:ResourceSummary>
        <proc:OtherRelatedProgramElementList>
            <proc:ProgramElementNumber>1160403BB</proc:ProgramElementNumber>
        </proc:OtherRelatedProgramElementList>
        <proc:Description>The Precision Strike Package (PSP) for Special Operations Forces (SOF), Program Number 843, funds the procurement, installation, and rapid fielding of the PSP onto the AC-130J and various SOF platforms and training devices to provide a close air support, air interdiction, and armed reconnaissance capability including sensors, communications systems, precision guided munition systems, mission operator pallet, and gun systems. The PSP program fields the 30th and final Block 30 AC-130J in 2nd QTR FY 2025.  In FY 2026, the PSP program will continue to modernize and enhance the PSP baseline through Mission Optimization Modifications, previously referred to Crew Optimization efforts. The Mission Optimization Modifications are a result of AFSOC focus to reduce crew cognitive burden and ease workload, rather than simply reducing crew workload.</proc:Description>
        <proc:Justification>Funds the procurement of Mission Optimization Modifications, PSP software baseline updates through test and evaluation, contractor support, facilities, travel, initial spares and other government costs, technical orders, spares and peculiar support equipment, and deficiency and obsolescence resolution. Mission Optimization Modifications comm suite installs to support Airborne Adaptive Enterprise/Enhanced Precision Effects, installs pilot and copilot helmet-mounted displays, automate crew functions and weapon modernization efforts. These efforts are central to SOCOM requirements to expand the AC-130J's role in support of INDOPACOM operations.

FY 2025 to FY 2026 net increase of $3.945 million; $11.777 million increase for fleet installs for Mission Optimization Modifications (Weapon Modernization effort); and $7.832 million decrease due to elimination of hanger lease and reductions in contract support, test and evaluation, tech orders, and other government cost requirements associated with completion of Block 30 modifications.</proc:Justification>
        <proc:ItemExhibitList>
            <proc:P5Item>
                <proc:Name>Precision Strike Package</proc:Name>
                <proc:ItemNumber>1</proc:ItemNumber>
                <proc:ResourceSummary>
                    <proc:TotalCost>
                        <proc:AllPriorYears>1884.243</proc:AllPriorYears>
                        <proc:PriorYear>104.38</proc:PriorYear>
                        <proc:CurrentYear>57.65</proc:CurrentYear>
                        <proc:BudgetYearOneBase>61.595</proc:BudgetYearOneBase>
                        <proc:BudgetYearOne>61.595</proc:BudgetYearOne>
                    </proc:TotalCost>
                    <proc:NetProcurementP1>
                        <proc:AllPriorYears>1884.243</proc:AllPriorYears>
                        <proc:PriorYear>104.38</proc:PriorYear>
                        <proc:CurrentYear>57.65</proc:CurrentYear>
                        <proc:BudgetYearOneBase>61.595</proc:BudgetYearOneBase>
                        <proc:BudgetYearOne>61.595</proc:BudgetYearOne>
                    </proc:NetProcurementP1>
                    <proc:TotalObligationAuthority>
                        <proc:AllPriorYears>1884.243</proc:AllPriorYears>
                        <proc:PriorYear>104.38</proc:PriorYear>
                        <proc:CurrentYear>57.65</proc:CurrentYear>
                        <proc:BudgetYearOneBase>61.595</proc:BudgetYearOneBase>
                        <proc:BudgetYearOne>61.595</proc:BudgetYearOne>
                    </proc:TotalObligationAuthority>
                    <proc:InitialSpares>
                        <proc:AllPriorYears>102.142</proc:AllPriorYears>
                        <proc:PriorYear>3.376</proc:PriorYear>
                        <proc:CurrentYear>2.95</proc:CurrentYear>
                        <proc:BudgetYearOneBase>3.16</proc:BudgetYearOneBase>
                        <proc:BudgetYearOne>3.16</proc:BudgetYearOne>
                    </proc:InitialSpares>
                </proc:ResourceSummary>
                <proc:CostElementCategoryList>
                    <proc:Hardware>
                        <proc:Name>Armament/Weapons Delivery</proc:Name>
                        <proc:Recurring>
                            <proc:CostElementList>
                                <proc:CostElement>
                                    <proc:Name>PSP Kit and Installs</proc:Name>
                                    <proc:Cost>
                                        <proc:Quantity>
                                            <proc:PriorYear>5</proc:PriorYear>
                                        </proc:Quantity>
                                        <proc:TotalCost>
                                            <proc:AllPriorYears>1109.498</proc:AllPriorYears>
                                            <proc:PriorYear>73</proc:PriorYear>
                                        </proc:TotalCost>
                                        <proc:UnitCost>
                                            <proc:PriorYear>14.6</proc:PriorYear>
                                        </proc:UnitCost>
                                    </proc:Cost>
                                    <proc:ManufacturerList>
                                        <proc:Manufacturer>
                                            <proc:Name>Various</proc:Name>
                                            <proc:Location>Various</proc:Location>
                                            <proc:HistoryPlanningList>
                                                <proc:HistoryPlanning>
                                                    <proc:FiscalYear>2024</proc:FiscalYear>
                                                    <proc:PCOLocation>Various</proc:PCOLocation>
                                                    <proc:AwardDate>2023-12</proc:AwardDate>
                                                    <proc:FirstDeliveryDate>2024-06</proc:FirstDeliveryDate>
                                                    <proc:Quantity>5.000</proc:Quantity>
                                                    <proc:UnitCost>14.600</proc:UnitCost>
                                                    <proc:SpecsAvailableNow>true</proc:SpecsAvailableNow>
                                                    <proc:FundingVehicle>Various</proc:FundingVehicle>
                                                </proc:HistoryPlanning>
                                            </proc:HistoryPlanningList>
                                        </proc:Manufacturer>
                                    </proc:ManufacturerList>
                                </proc:CostElement>
                                <proc:CostElement>
                                    <proc:Name>Mission Optimization Modifications</proc:Name>
                                    <proc:Cost>
                                        <proc:TotalCost>
                                            <proc:CurrentYear>27.342</proc:CurrentYear>
                                            <proc:BudgetYearOneBase footnote="$8.388 million increase for fleet installs for Mission Optimization Modifications (Weapon Modernization effort).">35.73</proc:BudgetYearOneBase>
                                            <proc:BudgetYearOne>35.73</proc:BudgetYearOne>
                                        </proc:TotalCost>
                                    </proc:Cost>
                                </proc:CostElement>
                                <proc:CostElement>
                                    <proc:Name>PSP Kit OCO</proc:Name>
                                    <proc:Cost>
                                        <proc:TotalCost>
                                            <proc:AllPriorYears>25.556</proc:AllPriorYears>
                                        </proc:TotalCost>
                                    </proc:Cost>
                                </proc:CostElement>
                                <proc:CostElement>
                                    <proc:Name>Prior Year Recurring Costs</proc:Name>
                                    <proc:Cost>
                                        <proc:TotalCost>
                                            <proc:AllPriorYears>279.296</proc:AllPriorYears>
                                        </proc:TotalCost>
                                    </proc:Cost>
                                </proc:CostElement>
                            </proc:CostElementList>
                            <proc:CategorySubtotal>
                                <proc:TotalCost>
                                    <proc:AllPriorYears>1414.35</proc:AllPriorYears>
                                    <proc:PriorYear>73</proc:PriorYear>
                                    <proc:CurrentYear>27.342</proc:CurrentYear>
                                    <proc:BudgetYearOneBase>35.73</proc:BudgetYearOneBase>
                                    <proc:BudgetYearOne>35.73</proc:BudgetYearOne>
                                </proc:TotalCost>
                            </proc:CategorySubtotal>
                        </proc:Recurring>
                        <proc:NonRecurring>
                            <proc:CostElementList>
                                <proc:CostElement>
                                    <proc:Name>AC-130J Deficiency and Obsolescence Resolutions</proc:Name>
                                    <proc:Cost>
                                        <proc:TotalCost>
                                            <proc:AllPriorYears>68.947</proc:AllPriorYears>
                                            <proc:PriorYear>8.453</proc:PriorYear>
                                            <proc:CurrentYear>5.827</proc:CurrentYear>
                                            <proc:BudgetYearOneBase footnote="$2.423 million increase provides resources to address high priority identified deficiencies (deficiency resolutions / DRs) and to return to baseline allocations.">8.25</proc:BudgetYearOneBase>
                                            <proc:BudgetYearOne>8.25</proc:BudgetYearOne>
                                        </proc:TotalCost>
                                    </proc:Cost>
                                </proc:CostElement>
                                <proc:CostElement>
                                    <proc:Name>AC-130W Deficiency Resolutions</proc:Name>
                                    <proc:Cost>
                                        <proc:TotalCost>
                                            <proc:AllPriorYears>33.791</proc:AllPriorYears>
                                        </proc:TotalCost>
                                    </proc:Cost>
                                </proc:CostElement>
                                <proc:CostElement>
                                    <proc:Name>Test and Evaluation</proc:Name>
                                    <proc:Cost>
                                        <proc:TotalCost>
                                            <proc:AllPriorYears>4.271</proc:AllPriorYears>
                                            <proc:PriorYear>0.867</proc:PriorYear>
                                            <proc:CurrentYear>1.495</proc:CurrentYear>
                                            <proc:BudgetYearOneBase>1.125</proc:BudgetYearOneBase>
                                            <proc:BudgetYearOne>1.125</proc:BudgetYearOne>
                                        </proc:TotalCost>
                                    </proc:Cost>
                                </proc:CostElement>
                                <proc:CostElement>
                                    <proc:Name>Prior Year Non-Recurring Costs</proc:Name>
                                    <proc:Cost>
                                        <proc:TotalCost>
                                            <proc:AllPriorYears>56.065</proc:AllPriorYears>
                                        </proc:TotalCost>
                                    </proc:Cost>
                                </proc:CostElement>
                            </proc:CostElementList>
                            <proc:CategorySubtotal>
                                <proc:TotalCost>
                                    <proc:AllPriorYears>163.074</proc:AllPriorYears>
                                    <proc:PriorYear>9.32</proc:PriorYear>
                                    <proc:CurrentYear>7.322</proc:CurrentYear>
                                    <proc:BudgetYearOneBase>9.375</proc:BudgetYearOneBase>
                                    <proc:BudgetYearOne>9.375</proc:BudgetYearOne>
                                </proc:TotalCost>
                            </proc:CategorySubtotal>
                        </proc:NonRecurring>
                        <proc:CategorySubtotal>
                            <proc:TotalCost>
                                <proc:AllPriorYears>1577.424</proc:AllPriorYears>
                                <proc:PriorYear>82.32</proc:PriorYear>
                                <proc:CurrentYear>34.664</proc:CurrentYear>
                                <proc:BudgetYearOneBase>45.105</proc:BudgetYearOneBase>
                                <proc:BudgetYearOne>45.105</proc:BudgetYearOne>
                            </proc:TotalCost>
                        </proc:CategorySubtotal>
                    </proc:Hardware>
                    <proc:Support>
                        <proc:CostElementList>
                            <proc:CostElement>
                                <proc:Name footnote="$3.743 million decrease due to completion of Block 30 modifications and no further requirements for hanger lease.">Hangar Lease</proc:Name>
                                <proc:Cost>
                                    <proc:TotalCost>
                                        <proc:AllPriorYears>34.592</proc:AllPriorYears>
                                        <proc:PriorYear>7.191</proc:PriorYear>
                                        <proc:CurrentYear>3.743</proc:CurrentYear>
                                    </proc:TotalCost>
                                </proc:Cost>
                            </proc:CostElement>
                            <proc:CostElement>
                                <proc:Name>Technical Orders</proc:Name>
                                <proc:Cost>
                                    <proc:TotalCost>
                                        <proc:AllPriorYears>12.138</proc:AllPriorYears>
                                        <proc:PriorYear>3.199</proc:PriorYear>
                                        <proc:CurrentYear>4.3</proc:CurrentYear>
                                        <proc:BudgetYearOneBase>3.39</proc:BudgetYearOneBase>
                                        <proc:BudgetYearOne>3.39</proc:BudgetYearOne>
                                    </proc:TotalCost>
                                </proc:Cost>
                            </proc:CostElement>
                            <proc:CostElement>
                                <proc:Name>Peculiar Support Equipment</proc:Name>
                                <proc:Cost>
                                    <proc:TotalCost>
                                        <proc:AllPriorYears>23.481</proc:AllPriorYears>
                                        <proc:PriorYear>1.484</proc:PriorYear>
                                        <proc:CurrentYear>1.2</proc:CurrentYear>
                                        <proc:BudgetYearOneBase>0.59</proc:BudgetYearOneBase>
                                        <proc:BudgetYearOne>0.59</proc:BudgetYearOne>
                                    </proc:TotalCost>
                                </proc:Cost>
                            </proc:CostElement>
                            <proc:CostElement>
                                <proc:Name>Contractor Support</proc:Name>
                                <proc:Cost>
                                    <proc:TotalCost>
                                        <proc:AllPriorYears>91.946</proc:AllPriorYears>
                                        <proc:PriorYear>6.05</proc:PriorYear>
                                        <proc:CurrentYear>7.332</proc:CurrentYear>
                                        <proc:BudgetYearOneBase footnote="$1.099 million decrease due to completion of Block 30 modifications and shift of support to Mission Optimization Modifications.">6.233</proc:BudgetYearOneBase>
                                        <proc:BudgetYearOne>6.233</proc:BudgetYearOne>
                                    </proc:TotalCost>
                                </proc:Cost>
                            </proc:CostElement>
                            <proc:CostElement>
                                <proc:Name>Facilities</proc:Name>
                                <proc:Cost>
                                    <proc:TotalCost>
                                        <proc:AllPriorYears>5.321</proc:AllPriorYears>
                                        <proc:PriorYear>0.016</proc:PriorYear>
                                        <proc:CurrentYear>0.025</proc:CurrentYear>
                                        <proc:BudgetYearOneBase>0.031</proc:BudgetYearOneBase>
                                        <proc:BudgetYearOne>0.031</proc:BudgetYearOne>
                                    </proc:TotalCost>
                                </proc:Cost>
                            </proc:CostElement>
                            <proc:CostElement>
                                <proc:Name>Travel</proc:Name>
                                <proc:Cost>
                                    <proc:TotalCost>
                                        <proc:AllPriorYears>2.902</proc:AllPriorYears>
                                        <proc:PriorYear>0.2</proc:PriorYear>
                                        <proc:CurrentYear>0.296</proc:CurrentYear>
                                        <proc:BudgetYearOneBase>0.396</proc:BudgetYearOneBase>
                                        <proc:BudgetYearOne>0.396</proc:BudgetYearOne>
                                    </proc:TotalCost>
                                </proc:Cost>
                            </proc:CostElement>
                            <proc:CostElement>
                                <proc:Name>Initial Spares</proc:Name>
                                <proc:Cost>
                                    <proc:TotalCost>
                                        <proc:AllPriorYears>102.142</proc:AllPriorYears>
                                        <proc:PriorYear>2.376</proc:PriorYear>
                                        <proc:CurrentYear>2.95</proc:CurrentYear>
                                        <proc:BudgetYearOneBase>3.16</proc:BudgetYearOneBase>
                                        <proc:BudgetYearOne>3.16</proc:BudgetYearOne>
                                    </proc:TotalCost>
                                </proc:Cost>
                            </proc:CostElement>
                            <proc:CostElement>
                                <proc:Name>Other Government Costs</proc:Name>
                                <proc:Cost>
                                    <proc:TotalCost>
                                        <proc:AllPriorYears>34.297</proc:AllPriorYears>
                                        <proc:PriorYear>1.544</proc:PriorYear>
                                        <proc:CurrentYear>3.14</proc:CurrentYear>
                                        <proc:BudgetYearOneBase>2.69</proc:BudgetYearOneBase>
                                        <proc:BudgetYearOne>2.69</proc:BudgetYearOne>
                                    </proc:TotalCost>
                                </proc:Cost>
                            </proc:CostElement>
                        </proc:CostElementList>
                        <proc:CategorySubtotal>
                            <proc:TotalCost>
                                <proc:AllPriorYears>306.819</proc:AllPriorYears>
                                <proc:PriorYear>22.06</proc:PriorYear>
                                <proc:CurrentYear>22.986</proc:CurrentYear>
                                <proc:BudgetYearOneBase>16.49</proc:BudgetYearOneBase>
                                <proc:BudgetYearOne>16.49</proc:BudgetYearOne>
                            </proc:TotalCost>
                        </proc:CategorySubtotal>
                        <proc:Name>Armament/Weapons Delivery</proc:Name>
                    </proc:Support>
                </proc:CostElementCategoryList>
            </proc:P5Item>
        </proc:ItemExhibitList>
        <proc:DocumentAssemblyOptions>
            <proc:p40AItemScheduleSetting>total</proc:p40AItemScheduleSetting>
        </proc:DocumentAssemblyOptions>
    </proc:LineItem>
</proc:LineItemList>