<?xml version="1.0" encoding="UTF-8"?>
<proc:LineItemList xmlns:proc="http://www.dtic.mil/comptroller/xml/schema/20100219/procurement">
    <proc:LineItem quantityUnits="Each" quantityUnitName="Each" unitCostUnits="Millions" totalCostUnits="Millions" manufacturerRateUnits="Monthly" combinedP5Flag="false">
        <proc:LineItemNumber>0204SPCPRG</proc:LineItemNumber>
        <proc:LineItemTitle>SPECIAL PROGRAMS</proc:LineItemTitle>
        <proc:P1LineNumber>111</proc:P1LineNumber>
        <proc:BudgetYear>2026</proc:BudgetYear>
        <proc:BudgetCycle>PB</proc:BudgetCycle>
        <proc:SubmissionDate>2025-06</proc:SubmissionDate>
        <proc:ServiceAgencyName>United States Special Operations Command</proc:ServiceAgencyName>
        <proc:AppropriationNumber>0300D</proc:AppropriationNumber>
        <proc:AppropriationTitle>Procurement, Defense-Wide</proc:AppropriationTitle>
        <proc:BudgetActivityNumber>2</proc:BudgetActivityNumber>
        <proc:BudgetActivityTitle>Special Operations Command</proc:BudgetActivityTitle>
        <proc:BudgetSubActivityNumber>4</proc:BudgetSubActivityNumber>
        <proc:BudgetSubActivityTitle>Other Procurement Programs</proc:BudgetSubActivityTitle>
        <proc:ResourceSummary>
            <proc:TotalCost>
                <proc:AllPriorYears>636.705</proc:AllPriorYears>
                <proc:PriorYear>20.412</proc:PriorYear>
                <proc:CurrentYear>20.822</proc:CurrentYear>
                <proc:BudgetYearOneBase>30.418</proc:BudgetYearOneBase>
                <proc:BudgetYearOne>30.418</proc:BudgetYearOne>
            </proc:TotalCost>
            <proc:NetProcurementP1>
                <proc:AllPriorYears>636.705</proc:AllPriorYears>
                <proc:PriorYear>20.412</proc:PriorYear>
                <proc:CurrentYear>20.822</proc:CurrentYear>
                <proc:BudgetYearOneBase>30.418</proc:BudgetYearOneBase>
                <proc:BudgetYearOne>30.418</proc:BudgetYearOne>
            </proc:NetProcurementP1>
            <proc:TotalObligationAuthority>
                <proc:AllPriorYears>636.705</proc:AllPriorYears>
                <proc:PriorYear>20.412</proc:PriorYear>
                <proc:CurrentYear>20.822</proc:CurrentYear>
                <proc:BudgetYearOneBase>30.418</proc:BudgetYearOneBase>
                <proc:BudgetYearOne>30.418</proc:BudgetYearOne>
            </proc:TotalObligationAuthority>
        </proc:ResourceSummary>
        <proc:Description>This program is reported in accordance with Title 10, United States Code, Section 119(a)(1) in the Special Access Program Congressional Budget Justification Book (CBJB) to Congress.</proc:Description>
        <proc:Justification>The FY 2026 request for Special Programs includes $30.418 million of discretionary and $25.400 million of mandatory (reconciliation) for a total of $55.818 million. Further information for this reconciliation request is provided in Section 20010(Readiness) of the Reconciliation Exhibit.</proc:Justification>
        <proc:DocumentAssemblyOptions>
            <proc:p40AItemScheduleSetting>item</proc:p40AItemScheduleSetting>
        </proc:DocumentAssemblyOptions>
    </proc:LineItem>
</proc:LineItemList>