<?xml version="1.0" encoding="UTF-8"?>
<proc:LineItemList xmlns:proc="http://www.dtic.mil/comptroller/xml/schema/20100219/procurement">
    <proc:LineItem quantityUnits="Each" quantityUnitName="Each" unitCostUnits="Millions" totalCostUnits="Millions" manufacturerRateUnits="Monthly" combinedP5Flag="false">
        <proc:LineItemNumber>0201MH60</proc:LineItemNumber>
        <proc:LineItemTitle>MH-60 BLACKHAWK</proc:LineItemTitle>
        <proc:P1LineNumber>94</proc:P1LineNumber>
        <proc:BudgetYear>2026</proc:BudgetYear>
        <proc:BudgetCycle>PB</proc:BudgetCycle>
        <proc:SubmissionDate>2025-06</proc:SubmissionDate>
        <proc:ServiceAgencyName>United States Special Operations Command</proc:ServiceAgencyName>
        <proc:AppropriationNumber>0300D</proc:AppropriationNumber>
        <proc:AppropriationTitle>Procurement, Defense-Wide</proc:AppropriationTitle>
        <proc:BudgetActivityNumber>2</proc:BudgetActivityNumber>
        <proc:BudgetActivityTitle>Special Operations Command</proc:BudgetActivityTitle>
        <proc:BudgetSubActivityNumber>1</proc:BudgetSubActivityNumber>
        <proc:BudgetSubActivityTitle>Aviation Programs</proc:BudgetSubActivityTitle>
        <proc:ResourceSummary>
            <proc:Quantity>
                <proc:AllPriorYears>5</proc:AllPriorYears>
                <proc:CurrentYear>1</proc:CurrentYear>
            </proc:Quantity>
            <proc:TotalCost>
                <proc:AllPriorYears>1127.976</proc:AllPriorYears>
                <proc:CurrentYear>22.773</proc:CurrentYear>
            </proc:TotalCost>
            <proc:NetProcurementP1>
                <proc:AllPriorYears>1127.976</proc:AllPriorYears>
                <proc:CurrentYear>22.773</proc:CurrentYear>
            </proc:NetProcurementP1>
            <proc:TotalObligationAuthority>
                <proc:AllPriorYears>1127.976</proc:AllPriorYears>
                <proc:CurrentYear>22.773</proc:CurrentYear>
            </proc:TotalObligationAuthority>
            <proc:InitialSpares>
                <proc:AllPriorYears>32.91</proc:AllPriorYears>
            </proc:InitialSpares>
        </proc:ResourceSummary>
        <proc:OtherRelatedProgramElementList>
            <proc:ProgramElementNumber>1160403BB</proc:ProgramElementNumber>
        </proc:OtherRelatedProgramElementList>
        <proc:Description>The United States Special Operations Command through the Army Special Operations Aviation (ARSOA), provides organic aviation support to Special Operations Forces (SOF) for worldwide contingency operations and low-intensity conflicts, and multi-domain operations (MDO) against near-peer threat environments. The ARSOA employs 72 highly specialized MH-60 aircraft capable of worldwide rapid deployment operations and penetration of hostile areas for these missions.  The aircraft are capable of operating at extended ranges under adverse weather conditions and harsh environments deep in enemy territory. These aircraft are used to infiltrate, provide logistics for, reinforce, provide close air support, and extract SOF. Year-to-year changes in baseline aircraft configuration received from Army increase costs for SOF-peculiar conversions. The MH-60 program provides ARSOA with a single SOF unique configuration that is common across the fleet to support the SOF ground force commander into the foreseeable future.

This P-1 received FY 2025 Congressional add funding for an MH-60M overseas aircraft loss ($22.273 million).</proc:Description>
        <proc:Justification>Funds A and B kits, and program support for SOF-unique mission equipment and aircraft components lost in an MH-60M Defensive Armed Penetrator (DAP) Blackhawk battle loss.</proc:Justification>
        <proc:MDAPCode>0000</proc:MDAPCode>
        <proc:ModsOutYearDelta>
            <proc:Cost>
                <proc:ToComplete>0</proc:ToComplete>
                <proc:Total>130.42</proc:Total>
            </proc:Cost>
        </proc:ModsOutYearDelta>
        <proc:ItemExhibitList>
            <proc:P5Item>
                <proc:Name>1 / MH-60 BLACKHAWK</proc:Name>
                <proc:ResourceSummary>
                    <proc:Quantity>
                        <proc:AllPriorYears>5</proc:AllPriorYears>
                        <proc:CurrentYear>1</proc:CurrentYear>
                    </proc:Quantity>
                    <proc:TotalCost>
                        <proc:AllPriorYears>130.44</proc:AllPriorYears>
                        <proc:CurrentYear>22.773</proc:CurrentYear>
                    </proc:TotalCost>
                    <proc:NetProcurementP1>
                        <proc:AllPriorYears>130.44</proc:AllPriorYears>
                        <proc:CurrentYear>22.773</proc:CurrentYear>
                    </proc:NetProcurementP1>
                    <proc:TotalObligationAuthority>
                        <proc:AllPriorYears>130.44</proc:AllPriorYears>
                        <proc:CurrentYear>22.773</proc:CurrentYear>
                    </proc:TotalObligationAuthority>
                </proc:ResourceSummary>
                <proc:CostElementCategoryList>
                    <proc:Hardware>
                        <proc:Name>Government Furnished Equipment</proc:Name>
                        <proc:Recurring>
                            <proc:CostElementList>
                                <proc:CostElement>
                                    <proc:Name>A Kits</proc:Name>
                                    <proc:Cost>
                                        <proc:TotalCost>
                                            <proc:AllPriorYears>41.378</proc:AllPriorYears>
                                        </proc:TotalCost>
                                    </proc:Cost>
                                </proc:CostElement>
                                <proc:CostElement>
                                    <proc:Name>A Kit - Congressional Add</proc:Name>
                                    <proc:Cost>
                                        <proc:TotalCost>
                                            <proc:AllPriorYears>14.486</proc:AllPriorYears>
                                            <proc:CurrentYear>10.248</proc:CurrentYear>
                                        </proc:TotalCost>
                                    </proc:Cost>
                                </proc:CostElement>
                                <proc:CostElement>
                                    <proc:Name>B Kits</proc:Name>
                                    <proc:Cost>
                                        <proc:Quantity>
                                            <proc:AllPriorYears>4</proc:AllPriorYears>
                                        </proc:Quantity>
                                        <proc:TotalCost>
                                            <proc:AllPriorYears>51.599</proc:AllPriorYears>
                                        </proc:TotalCost>
                                        <proc:UnitCost>
                                            <proc:AllPriorYears>12.9</proc:AllPriorYears>
                                        </proc:UnitCost>
                                    </proc:Cost>
                                    <proc:AllPriorYearsDeliveries>3</proc:AllPriorYearsDeliveries>
                                    <proc:ManufacturerList>
                                        <proc:Manufacturer>
                                            <proc:Name>Lockheed Martin</proc:Name>
                                            <proc:Location>Lexington, KY</proc:Location>
                                            <proc:MinimumSustainingRate>1.00</proc:MinimumSustainingRate>
                                            <proc:MaximumProductionRate>1.00</proc:MaximumProductionRate>
                                            <proc:Rate185>1.00</proc:Rate185>
                                            <proc:InitialQuantity>
                                                <proc:AdminLeadTimeAfterOct1InMonths>4</proc:AdminLeadTimeAfterOct1InMonths>
                                                <proc:ProductionLeadTimeAfterOct1InMonths>15</proc:ProductionLeadTimeAfterOct1InMonths>
                                                <proc:TotalLeadTimeAfterOct1InMonths>19</proc:TotalLeadTimeAfterOct1InMonths>
                                            </proc:InitialQuantity>
                                            <proc:HistoryPlanningList>
                                                <proc:HistoryPlanning>
                                                    <proc:FiscalYear>2022</proc:FiscalYear>
                                                    <proc:PCOLocation>Fort Eustis, VA</proc:PCOLocation>
                                                    <proc:AwardDate>2022-05</proc:AwardDate>
                                                    <proc:FirstDeliveryDate>2024-01</proc:FirstDeliveryDate>
                                                    <proc:Quantity>1.000</proc:Quantity>
                                                    <proc:UnitCost>13.094</proc:UnitCost>
                                                    <proc:SpecsAvailableNow>true</proc:SpecsAvailableNow>
                                                    <proc:ContractMethod>SS</proc:ContractMethod>
                                                    <proc:ContractType>CPFF</proc:ContractType>
                                                    <proc:MonthlyDeliveryScheduleList>
                                                        <proc:MonthlyDeliverySchedule>
                                                            <proc:ServiceAgencyName>United States Special Operations Command</proc:ServiceAgencyName>
                                                            <proc:ProcQuantity>1.000</proc:ProcQuantity>
                                                            <proc:MonthlyDeliveryList>
                                                                <proc:MonthlyDelivery>
                                                                    <proc:Month>2024-01</proc:Month>
                                                                    <proc:Amount>1</proc:Amount>
                                                                </proc:MonthlyDelivery>
                                                            </proc:MonthlyDeliveryList>
                                                        </proc:MonthlyDeliverySchedule>
                                                    </proc:MonthlyDeliveryScheduleList>
                                                </proc:HistoryPlanning>
                                            </proc:HistoryPlanningList>
                                        </proc:Manufacturer>
                                    </proc:ManufacturerList>
                                </proc:CostElement>
                                <proc:CostElement>
                                    <proc:Name>B Kit - Congressional Add</proc:Name>
                                    <proc:Cost>
                                        <proc:Quantity>
                                            <proc:AllPriorYears>1</proc:AllPriorYears>
                                            <proc:CurrentYear>1</proc:CurrentYear>
                                        </proc:Quantity>
                                        <proc:TotalCost>
                                            <proc:AllPriorYears>12.692</proc:AllPriorYears>
                                            <proc:CurrentYear>12.525</proc:CurrentYear>
                                        </proc:TotalCost>
                                        <proc:UnitCost>
                                            <proc:AllPriorYears>12.692</proc:AllPriorYears>
                                            <proc:CurrentYear>12.525</proc:CurrentYear>
                                        </proc:UnitCost>
                                    </proc:Cost>
                                    <proc:ManufacturerList>
                                        <proc:Manufacturer>
                                            <proc:Name>Lockheed Martin</proc:Name>
                                            <proc:Location>Lexington, KY</proc:Location>
                                            <proc:MinimumSustainingRate>1.00</proc:MinimumSustainingRate>
                                            <proc:MaximumProductionRate>1.00</proc:MaximumProductionRate>
                                            <proc:Rate185>1.00</proc:Rate185>
                                            <proc:InitialQuantity>
                                                <proc:AdminLeadTimeAfterOct1InMonths>4</proc:AdminLeadTimeAfterOct1InMonths>
                                                <proc:ProductionLeadTimeAfterOct1InMonths>15</proc:ProductionLeadTimeAfterOct1InMonths>
                                                <proc:TotalLeadTimeAfterOct1InMonths>19</proc:TotalLeadTimeAfterOct1InMonths>
                                            </proc:InitialQuantity>
                                            <proc:HistoryPlanningList>
                                                <proc:HistoryPlanning>
                                                    <proc:FiscalYear>2022</proc:FiscalYear>
                                                    <proc:PCOLocation>Fort Eustis, VA</proc:PCOLocation>
                                                    <proc:AwardDate>2022-05</proc:AwardDate>
                                                    <proc:FirstDeliveryDate>2024-04</proc:FirstDeliveryDate>
                                                    <proc:Quantity>1.000</proc:Quantity>
                                                    <proc:UnitCost>12.692</proc:UnitCost>
                                                    <proc:SpecsAvailableNow>true</proc:SpecsAvailableNow>
                                                    <proc:ContractMethod>SS</proc:ContractMethod>
                                                    <proc:ContractType>CPFF</proc:ContractType>
                                                    <proc:MonthlyDeliveryScheduleList>
                                                        <proc:MonthlyDeliverySchedule>
                                                            <proc:ServiceAgencyName>United States Special Operations Command</proc:ServiceAgencyName>
                                                            <proc:ProcQuantity>1.000</proc:ProcQuantity>
                                                            <proc:MonthlyDeliveryList>
                                                                <proc:MonthlyDelivery>
                                                                    <proc:Month>2024-04</proc:Month>
                                                                    <proc:Amount>1</proc:Amount>
                                                                </proc:MonthlyDelivery>
                                                            </proc:MonthlyDeliveryList>
                                                        </proc:MonthlyDeliverySchedule>
                                                    </proc:MonthlyDeliveryScheduleList>
                                                </proc:HistoryPlanning>
                                                <proc:HistoryPlanning>
                                                    <proc:FiscalYear>2025</proc:FiscalYear>
                                                    <proc:PCOLocation>Fort Eustis, VA</proc:PCOLocation>
                                                    <proc:AwardDate>2025-05</proc:AwardDate>
                                                    <proc:FirstDeliveryDate>2028-05</proc:FirstDeliveryDate>
                                                    <proc:Quantity>1.000</proc:Quantity>
                                                    <proc:UnitCost>22.773</proc:UnitCost>
                                                    <proc:SpecsAvailableNow>true</proc:SpecsAvailableNow>
                                                    <proc:ContractMethod>SS</proc:ContractMethod>
                                                    <proc:ContractType>CPFF</proc:ContractType>
                                                    <proc:MonthlyDeliveryScheduleList>
                                                        <proc:MonthlyDeliverySchedule>
                                                            <proc:ServiceAgencyName>United States Special Operations Command</proc:ServiceAgencyName>
                                                            <proc:ProcQuantity>1.000</proc:ProcQuantity>
                                                            <proc:MonthlyDeliveryList>
                                                                <proc:MonthlyDelivery>
                                                                    <proc:Month>2028-05</proc:Month>
                                                                    <proc:Amount>1</proc:Amount>
                                                                </proc:MonthlyDelivery>
                                                            </proc:MonthlyDeliveryList>
                                                        </proc:MonthlyDeliverySchedule>
                                                    </proc:MonthlyDeliveryScheduleList>
                                                </proc:HistoryPlanning>
                                            </proc:HistoryPlanningList>
                                        </proc:Manufacturer>
                                    </proc:ManufacturerList>
                                </proc:CostElement>
                            </proc:CostElementList>
                            <proc:CategorySubtotal>
                                <proc:TotalCost>
                                    <proc:AllPriorYears>120.155</proc:AllPriorYears>
                                    <proc:CurrentYear>22.773</proc:CurrentYear>
                                </proc:TotalCost>
                            </proc:CategorySubtotal>
                        </proc:Recurring>
                        <proc:CategorySubtotal>
                            <proc:TotalCost>
                                <proc:AllPriorYears>120.155</proc:AllPriorYears>
                                <proc:CurrentYear>22.773</proc:CurrentYear>
                            </proc:TotalCost>
                        </proc:CategorySubtotal>
                    </proc:Hardware>
                    <proc:Support>
                        <proc:CostElementList>
                            <proc:CostElement>
                                <proc:Name>Labor and Program Support</proc:Name>
                                <proc:Cost>
                                    <proc:TotalCost>
                                        <proc:AllPriorYears>8.387</proc:AllPriorYears>
                                    </proc:TotalCost>
                                </proc:Cost>
                            </proc:CostElement>
                            <proc:CostElement>
                                <proc:Name>Labor and Program Support - Congressional add</proc:Name>
                                <proc:Cost>
                                    <proc:TotalCost>
                                        <proc:AllPriorYears>1.898</proc:AllPriorYears>
                                    </proc:TotalCost>
                                </proc:Cost>
                            </proc:CostElement>
                        </proc:CostElementList>
                        <proc:CategorySubtotal>
                            <proc:TotalCost>
                                <proc:AllPriorYears>10.285</proc:AllPriorYears>
                            </proc:TotalCost>
                        </proc:CategorySubtotal>
                        <proc:Name>Support</proc:Name>
                    </proc:Support>
                </proc:CostElementCategoryList>
            </proc:P5Item>
            <proc:P40AItemGroup>
                <proc:Name>Modifications Prior Years</proc:Name>
                <proc:CategoryList>
                    <proc:Category>
                        <proc:Name>Modifications Prior Years</proc:Name>
                        <proc:ItemList>
                            <proc:Item>
                                <proc:Name>Modifications Prior Years</proc:Name>
                                <proc:ModificationType>Various</proc:ModificationType>
                                <proc:ModelsAffectedList>
                                    <proc:ModelAffected>MH-60 Blackhawk</proc:ModelAffected>
                                </proc:ModelsAffectedList>
                                <proc:ResourceSummary>
                                    <proc:TotalCost>
                                        <proc:AllPriorYears>997.536</proc:AllPriorYears>
                                    </proc:TotalCost>
                                </proc:ResourceSummary>
                            </proc:Item>
                        </proc:ItemList>
                        <proc:CategorySubtotal>
                            <proc:TotalCost>
                                <proc:AllPriorYears>997.536</proc:AllPriorYears>
                            </proc:TotalCost>
                        </proc:CategorySubtotal>
                    </proc:Category>
                </proc:CategoryList>
                <proc:TotalCost>
                    <proc:TotalCost>
                        <proc:AllPriorYears>997.536</proc:AllPriorYears>
                    </proc:TotalCost>
                </proc:TotalCost>
                <proc:ModificationItemsIndicator>true</proc:ModificationItemsIndicator>
            </proc:P40AItemGroup>
        </proc:ItemExhibitList>
        <proc:DocumentAssemblyOptions>
            <proc:p40AItemScheduleSetting>total</proc:p40AItemScheduleSetting>
        </proc:DocumentAssemblyOptions>
    </proc:LineItem>
</proc:LineItemList>