<?xml version="1.0" encoding="UTF-8"?>
<proc:LineItemList xmlns:proc="http://www.dtic.mil/comptroller/xml/schema/20100219/procurement">
    <proc:LineItem quantityUnits="Each" quantityUnitName="Each" unitCostUnits="Millions" totalCostUnits="Millions" manufacturerRateUnits="Monthly" combinedP5Flag="false">
        <proc:LineItemNumber>0204OTHER</proc:LineItemNumber>
        <proc:LineItemTitle>OTHER ITEMS &lt;$5M</proc:LineItemTitle>
        <proc:P1LineNumber>109</proc:P1LineNumber>
        <proc:BudgetYear>2026</proc:BudgetYear>
        <proc:BudgetCycle>PB</proc:BudgetCycle>
        <proc:SubmissionDate>2025-06</proc:SubmissionDate>
        <proc:ServiceAgencyName>United States Special Operations Command</proc:ServiceAgencyName>
        <proc:AppropriationNumber>0300D</proc:AppropriationNumber>
        <proc:AppropriationTitle>Procurement, Defense-Wide</proc:AppropriationTitle>
        <proc:BudgetActivityNumber>2</proc:BudgetActivityNumber>
        <proc:BudgetActivityTitle>Special Operations Command</proc:BudgetActivityTitle>
        <proc:BudgetSubActivityNumber>4</proc:BudgetSubActivityNumber>
        <proc:BudgetSubActivityTitle>Other Procurement Programs</proc:BudgetSubActivityTitle>
        <proc:ResourceSummary>
            <proc:TotalCost>
                <proc:AllPriorYears>896.62</proc:AllPriorYears>
                <proc:PriorYear>108.431</proc:PriorYear>
                <proc:CurrentYear>75.776</proc:CurrentYear>
                <proc:BudgetYearOneBase>95.685</proc:BudgetYearOneBase>
                <proc:BudgetYearOne>95.685</proc:BudgetYearOne>
            </proc:TotalCost>
            <proc:NetProcurementP1>
                <proc:AllPriorYears>896.62</proc:AllPriorYears>
                <proc:PriorYear>108.431</proc:PriorYear>
                <proc:CurrentYear>75.776</proc:CurrentYear>
                <proc:BudgetYearOneBase>95.685</proc:BudgetYearOneBase>
                <proc:BudgetYearOne>95.685</proc:BudgetYearOne>
            </proc:NetProcurementP1>
            <proc:TotalObligationAuthority>
                <proc:AllPriorYears>896.62</proc:AllPriorYears>
                <proc:PriorYear>108.431</proc:PriorYear>
                <proc:CurrentYear>75.776</proc:CurrentYear>
                <proc:BudgetYearOneBase>95.685</proc:BudgetYearOneBase>
                <proc:BudgetYearOne>95.685</proc:BudgetYearOne>
            </proc:TotalObligationAuthority>
            <proc:InitialSpares>
                <proc:AllPriorYears>5.276</proc:AllPriorYears>
                <proc:PriorYear>0.955</proc:PriorYear>
                <proc:CurrentYear>0.974</proc:CurrentYear>
                <proc:BudgetYearOneBase>0.993</proc:BudgetYearOneBase>
                <proc:BudgetYearOne>0.993</proc:BudgetYearOne>
            </proc:InitialSpares>
        </proc:ResourceSummary>
        <proc:OtherRelatedProgramElementList>
            <proc:ProgramElementNumber>1160431BB</proc:ProgramElementNumber>
        </proc:OtherRelatedProgramElementList>
        <proc:Description>This P-1 Line Item provides for the procurement, rapid fielding, and associated costs of specialized equipment in the areas of aircraft support; military construction (MILCON) collateral equipment; Command, Control, Communications, and Computer Information and Automated Systems (C4IAS); Tactical Local Area Network (TACLAN); Special Access Program Network (SAPNET); joint operational stocks (JOS); Fly-Away Broadcast System (FABS); base procured equipment; and miscellaneous equipment.  Additionally, this P-1 line item consists of miscellaneous equipment items that do not reasonably fit in any other United States Special Operations Command (USSOCOM) procurement Line Item categories and are above the $350 thousand threshold.  These capabilities will be pursued via rapid fielding techniques when appropriate.

Beginning in FY 2026, the Tactical Local Area Network (TACLAN) and Fly-Away Broadcasting System (FABS) program funding was realigned from P-1 Other Items &lt;$5M to P-1 Warrior Systems &lt;$5M.

FY 2024 includes $1.045 million in OOC execution. FY 2025 includes $1.045 million in OOC Enactment. FY 2026 includes $0.00 million for the OOC Budget Estimate.</proc:Description>
        <proc:Justification>1.  Aircraft Support. This effort provides various types of equipment and minor modifications to support Special Operations Forces (SOF) fixed wing aircraft, and Simulator Block Upgrades (SBUD) required to support training transformation initiatives to modernize the Air Force Special Operations Command (AFSOC) fixed wing simulator and training device portfolio.

FY 2026 BASE PROGRAM JUSTIFICATION: The Simulator Block Upgrade (SBUD) program procures hardware/software to support training transformation capability deliveries to the operational unit and formal training units across the AFSOC enterprise to further increase the fidelity, quality, and efficiency of the AFSOC training pipeline.

2.  Military Construction Collateral Equipment. This effort procures collateral equipment for SOF military construction facilities. Funding provides collateral equipment for the following MILCON projects: 90610, SOF Arms Room Addition (Fort Bragg, NC); P823, SOF Operations Support Facility (Coronado, CA); 81907, SOF Consolidated Rigging Facility (JB Lewis-McChord, WA); and 96409, SOF Company Operations Facility; 92342, SOF Battalion Annex; 92243, SOF Operations Annex; 92351, SOF Communications Annex; and 92352, SOF Support Annex at (Baumholder, GY).

FY 2026 BASE PROGRAM JUSTIFICATION: Provides information technology equipment, video monitoring, intrusion detection systems, and other equipment above the Operation and Maintenance threshold of $350 thousand, as well as items that are centrally managed. 

3. Command, Control, Communications, and Computer Information and Automated Systems (C4IAS), Program Number 751 transitioned from the Middle Tier of Acquisition pathway and was re-designated as a Support Program, subcategory Mission Support, within the Acquisition Workload Master List. C4IAS is a Support Program providing Commercial Off the Shelf (COTS) Information Technology (IT) hardware &amp; software in support of various Military Information Support Operations (MISO) media production capabilities. The purpose of the Support Program is to provide COTS IT Hardware and Software in support of cloud and on-premise solutions for servers, data storage, networks, video teleconferencing, and workstations (computers, peripherals, and printers). The C4IAS program fields operational and strategic garrison infrastructure and end user devices required to provide the USSOCOM personnel with continuous high availability access to the USSOCOM systems and services worldwide. The C4IAS directly supports defending the homeland; deterring strategic attacks; deterring aggression; and building a resilient Joint Force and defense ecosystem; this is accomplished by adhering to the 2022 USSOCOM Commander's guidance which focuses on deterrence, crisis response, and counter-Violent Extremist Organization efforts. It provides the capabilities to support integrated deterrence by enabling command and control (C2) and collaboration across warfighting domains and theaters and sharing of data with mission partners; it facilitates mission planning and operational preparation of the battle space, connecting numerous data repositories while maintaining cyber security. Additionally, it provides the critical reach back for SOF local area networks to access critical systems and services provided by the USSOCOM Enterprise. This program is composed of state-of-the-art automated systems (firewalls, routers, switches, appliances) servers, storage devices, computers, and associated peripherals supporting a myriad of SOF user requirements, including the cloud data initiative, cyber security systems, and uses a variety of commercial off-the-shelf software and databases to ensure interoperability between SOF units.

FY 2025 to FY 2026 net increase of ($21.863 million). The increase in Cyber &amp; Zero Trust Infrastructure ($9.609 million) is due to investments in new and expanded Identity Credential and Access Management (ICAM), Microsegmentation, Zero Trust Network Access (ZTNA), User Entity and Behavior Analytics (UEBA), Security Incident and Event Management (SIEM), Security Orchestration and Response (SOAR), and Cross Domain System capabilities to modernize Cyber Security and Information Technology Systems necessary to defend critical infrastructure against threat actors. The capabilities will ensure compliance with the White House Office of Management and Budget (OMB) deadline of September 30, 2027, for implementation of a Zero Trust Architecture, as well as compliance with the National Security Agency (NSA) Raise the Bar strategy for improving cyber security for all cross-domain solutions. The net increase in Infrastructure ($14.985 million) supports investments in hardware for infrastructure block upgrades necessary to replace assets that are no longer supported by the manufacturer and create cyber security risk. Of the ($21.863 million) net increase ($12.254 million) supports investments and upgrades necessary to replace assets that are no longer supported by the manufacturer and create cyber security risk.

FY 2026 BASE PROGRAM JUSTIFICATION: Procures distributed data center hardware, local network hardware, Technology Insertions (TIs), i.e., ability to persevere resilient communications and support data driven technologies and diverse data sources, elastic compute to strategic edge, classified and unclassified network system infrastructure, integration, video teleconferencing, and cyber systems infrastructure.

4.  Tactical Local Area Network (TACLAN), Program Number 745.  The TACLAN program has been designated a Major Capability Acquisition Program (ACAT III) in Operations and Support at Milestone C in accordance with the authority in DoD Directive 5135.02 and the guidance in DoD Instruction 5000.85 along with the Acquisition Executive Memorandum for PEO TIS, dated 08 December 2023.  The program will use an Evolutionary Technology Insertion (ETI) strategy to rapidly field production quantities of systems with proven technologies to provide tactical SOF elements from the individual operator to a larger Joint Special Operations Task Force (JSOTF) / Special Operations Joint Task Force (SOJTF) Headquarters (HQ), support for a wide range of tactical edge computing functions that support Command and Control (C2), Situational Awareness (SA), intelligence analysis and reporting, office automation, decision-making, mission analysis, planning, rehearsal, and execution support. Commercial and government sources are leveraged for required certifications, system level integration, functional, and operational testing, and evaluations.
 
Beginning in FY 2026, the Tactical Local Area Network (TACLAN) program funding was realigned to P-1 Warrior Systems &lt;$5M.

5.  Special Access Network (SAPNET) transitioned from the Middle Tier of Acquisitions pathway and was re-designated as a Support Program, subcategory Mission Support, within the Acquisition Workload Master List. SAPNET is a Support Program providing Commercial off the Shelf (COTS) Information Technology (IT) hardware and software in support of various Military Information Support Operations (MISO) special network capabilities. SAPNET provides multi-SAP collaboration and information exchange for mission operations in support of integrated deterrence, campaigning and actions that build enduring advantages. It is on SAP systems and databases, enabling secure voice, video and data communication between National/Theater SOF and select mission partners. SAPNET integrates advanced technologies and gains efficiencies through collapsing infrastructure while still supporting user growth and mission readiness through Technology Insertions (TIs).

FY 2026 BASE PROGRAM JUSTIFICATION:  Building a Resilient Joint Force and Defense Ecosystem, deterring aggression while being prepared to prevail in conflict, by procuring TIs that support data driven technologies, modernization efforts for Special Operations Forces with focus on the Pacific and European Area of Operations, and network infrastructure resilience. 

FY 2025 to FY 2026 decrease of $0.213 million is due to decrease in TIs.

6.  Joint Operational Stocks (JOS).  Provides a centrally managed repository of Special Operations Peculiar (SO-P) equipment, configured for rapid response for SOF unit Requirements for contingency operations, Humanitarian Assistance/Disaster Response and training missions. The equipment contained within JOS generally falls into one of the following categories: night vision devices and optics, weapons, communications, forensic, biometric, tracking systems and bare-base support. Bare-base support includes equipment required to provide key life support and work areas to SOF units deployed in austere locations. The JOS inventory is maintained, stored and issued at PEO SOF Support Activity (SOFSA) located in Lexington, KY.

FY 2026 BASE PROGRAM JUSTIFICATION: Procures CERP equipment.

FY 2025 to FY 2026 increase of $1.145 million supports previously deferred replacement of centrally managed JOS equipment


7.  Flyaway Broadcast System (FABS), Program Number 753.  FABS is a third-generation radio, television, and cellular broadcast Family of Systems (FoS) that that uses Government and industry standard technology to disseminate influence products to foreign target audiences using a wide range of frequencies and spectrums: Frequency Modulation (FM), Television Very High Frequency (TV VHF), Television Ultra High Frequency (TV UHF) (in digital/analog formats), and cellular multi-media messaging service/short messaging service broadcasts. This capability serves to deter adversarial aggression and counters social/political propaganda that threaten U.S vital interests in support of the Interim National Defense Strategic Guidance. The Next Generation FABS is the Broadcast Dissemination Platform (BDP) which integrates additional capabilities to enhance Military Information Support Operation (MISO) broadcast, reduces size, weight, and power (SWAP), and consists of three variants (light, medium, and heavy). 

FABS is a Major Capability Acquisition Program (ACAT III) at Milestone C in accordance with the authority in DoD Directive 5135.02 and the guidance in DoD Instruction 5000.85 along with the Acquisition Executive Memorandum for Program Executive Office Tactical Information Systems dated 08 December 2023.  

Beginning in FY 2026, the Fly-Away Broadcasting System (FABS) program funding was realigned to P-1 Warrior Systems &lt;$5M.</proc:Justification>
        <proc:ItemExhibitList>
            <proc:P40AItemGroup>
                <proc:Name>Other Items &lt;$5M</proc:Name>
                <proc:CategoryList>
                    <proc:Category>
                        <proc:Name>1. Aircraft Support</proc:Name>
                        <proc:ItemList>
                            <proc:Item>
                                <proc:Name>Aircraft Modification Spares and Repair Parts - Air Force Stock Fund</proc:Name>
                                <proc:ItemNumber>1a</proc:ItemNumber>
                                <proc:ResourceSummary>
                                    <proc:TotalCost>
                                        <proc:AllPriorYears>5.276</proc:AllPriorYears>
                                        <proc:PriorYear>1.108</proc:PriorYear>
                                    </proc:TotalCost>
                                </proc:ResourceSummary>
                            </proc:Item>
                            <proc:Item>
                                <proc:Name>Simulator Block Upgrades (SBUD)</proc:Name>
                                <proc:ItemNumber>1b</proc:ItemNumber>
                                <proc:ResourceSummary>
                                    <proc:TotalCost>
                                        <proc:AllPriorYears>0.265</proc:AllPriorYears>
                                        <proc:PriorYear>1.077</proc:PriorYear>
                                        <proc:CurrentYear>2.559</proc:CurrentYear>
                                        <proc:BudgetYearOneBase>3.756</proc:BudgetYearOneBase>
                                        <proc:BudgetYearOne>3.756</proc:BudgetYearOne>
                                    </proc:TotalCost>
                                </proc:ResourceSummary>
                            </proc:Item>
                        </proc:ItemList>
                        <proc:CategorySubtotal>
                            <proc:TotalCost>
                                <proc:AllPriorYears>5.541</proc:AllPriorYears>
                                <proc:PriorYear>2.185</proc:PriorYear>
                                <proc:CurrentYear>2.559</proc:CurrentYear>
                                <proc:BudgetYearOneBase>3.756</proc:BudgetYearOneBase>
                                <proc:BudgetYearOne>3.756</proc:BudgetYearOne>
                            </proc:TotalCost>
                        </proc:CategorySubtotal>
                    </proc:Category>
                    <proc:Category>
                        <proc:Name>2. Military Construction (MILCON) Collateral Equipment</proc:Name>
                        <proc:ItemList>
                            <proc:Item>
                                <proc:Name>MILCON Collateral Equipment</proc:Name>
                                <proc:ItemNumber>2a</proc:ItemNumber>
                                <proc:ResourceSummary>
                                    <proc:TotalCost>
                                        <proc:AllPriorYears>178.708</proc:AllPriorYears>
                                        <proc:PriorYear>36.338</proc:PriorYear>
                                        <proc:CurrentYear>6.085</proc:CurrentYear>
                                        <proc:BudgetYearOneBase>17.719</proc:BudgetYearOneBase>
                                        <proc:BudgetYearOne>17.719</proc:BudgetYearOne>
                                    </proc:TotalCost>
                                </proc:ResourceSummary>
                            </proc:Item>
                            <proc:Item>
                                <proc:Name>Project #P688, Camp Lemonier, Djibouti - Overseas Contingency Operations (OCO/OOC)</proc:Name>
                                <proc:ItemNumber>2b</proc:ItemNumber>
                                <proc:ResourceSummary>
                                    <proc:TotalCost>
                                        <proc:AllPriorYears>18.537</proc:AllPriorYears>
                                    </proc:TotalCost>
                                </proc:ResourceSummary>
                            </proc:Item>
                        </proc:ItemList>
                        <proc:CategorySubtotal>
                            <proc:TotalCost>
                                <proc:AllPriorYears>197.245</proc:AllPriorYears>
                                <proc:PriorYear>36.338</proc:PriorYear>
                                <proc:CurrentYear>6.085</proc:CurrentYear>
                                <proc:BudgetYearOneBase>17.719</proc:BudgetYearOneBase>
                                <proc:BudgetYearOne>17.719</proc:BudgetYearOne>
                            </proc:TotalCost>
                        </proc:CategorySubtotal>
                    </proc:Category>
                    <proc:Category>
                        <proc:Name>3. Command, Control, Communication, Computers, Information and Automated Systems (C4IAS)</proc:Name>
                        <proc:ItemList>
                            <proc:Item>
                                <proc:Name>Distributive Data Center Hardware</proc:Name>
                                <proc:ItemNumber>3a</proc:ItemNumber>
                                <proc:ResourceSummary>
                                    <proc:TotalCost>
                                        <proc:AllPriorYears>98.74</proc:AllPriorYears>
                                        <proc:PriorYear>3.342</proc:PriorYear>
                                        <proc:CurrentYear>3.408</proc:CurrentYear>
                                        <proc:BudgetYearOneBase>3.364</proc:BudgetYearOneBase>
                                        <proc:BudgetYearOne>3.364</proc:BudgetYearOne>
                                    </proc:TotalCost>
                                </proc:ResourceSummary>
                            </proc:Item>
                            <proc:Item>
                                <proc:Name>Technology Insertions (TI)</proc:Name>
                                <proc:ItemNumber>3b</proc:ItemNumber>
                                <proc:ResourceSummary>
                                    <proc:TotalCost>
                                        <proc:AllPriorYears>18.52</proc:AllPriorYears>
                                        <proc:PriorYear>2.465</proc:PriorYear>
                                        <proc:CurrentYear>2.44</proc:CurrentYear>
                                        <proc:BudgetYearOneBase>1.293</proc:BudgetYearOneBase>
                                        <proc:BudgetYearOne>1.293</proc:BudgetYearOne>
                                    </proc:TotalCost>
                                </proc:ResourceSummary>
                            </proc:Item>
                            <proc:Item>
                                <proc:Name>Classified Network System Infrastructure</proc:Name>
                                <proc:ItemNumber>3c</proc:ItemNumber>
                                <proc:ResourceSummary>
                                    <proc:TotalCost>
                                        <proc:AllPriorYears>102.095</proc:AllPriorYears>
                                        <proc:PriorYear>7.51</proc:PriorYear>
                                        <proc:CurrentYear>6.148</proc:CurrentYear>
                                        <proc:BudgetYearOneBase>14.181</proc:BudgetYearOneBase>
                                        <proc:BudgetYearOne footnote="C4IAS: $8.033 million increase in Infrastructure supports investments in hardware for infrastructure block upgrades necessary to replace assets that are no longer supported by the manufacturer and create cyber security risk.">14.181</proc:BudgetYearOne>
                                    </proc:TotalCost>
                                </proc:ResourceSummary>
                            </proc:Item>
                            <proc:Item>
                                <proc:Name>Unclassified Network System Infrastructure</proc:Name>
                                <proc:ItemNumber>3d</proc:ItemNumber>
                                <proc:ResourceSummary>
                                    <proc:TotalCost>
                                        <proc:AllPriorYears>146.047</proc:AllPriorYears>
                                        <proc:PriorYear>13.118</proc:PriorYear>
                                        <proc:CurrentYear>13.285</proc:CurrentYear>
                                        <proc:BudgetYearOneBase>20.237</proc:BudgetYearOneBase>
                                        <proc:BudgetYearOne footnote="C4IAS: $6.952 million increase in Infrastructure supports investments in hardware for infrastructure block upgrades necessary to replace assets that are no longer supported by the manufacturer and create cyber security risk.">20.237</proc:BudgetYearOne>
                                    </proc:TotalCost>
                                </proc:ResourceSummary>
                            </proc:Item>
                            <proc:Item>
                                <proc:Name>Integration</proc:Name>
                                <proc:ItemNumber>3e</proc:ItemNumber>
                                <proc:ResourceSummary>
                                    <proc:TotalCost>
                                        <proc:AllPriorYears>22.954</proc:AllPriorYears>
                                        <proc:PriorYear>7.193</proc:PriorYear>
                                        <proc:CurrentYear>15.589</proc:CurrentYear>
                                        <proc:BudgetYearOneBase>14.049</proc:BudgetYearOneBase>
                                        <proc:BudgetYearOne>14.049</proc:BudgetYearOne>
                                    </proc:TotalCost>
                                </proc:ResourceSummary>
                            </proc:Item>
                            <proc:Item>
                                <proc:Name>Cyber &amp; Zero Trust Infrastructure</proc:Name>
                                <proc:ItemNumber>3f</proc:ItemNumber>
                                <proc:ResourceSummary>
                                    <proc:TotalCost>
                                        <proc:AllPriorYears>11.111</proc:AllPriorYears>
                                        <proc:PriorYear>8.28</proc:PriorYear>
                                        <proc:CurrentYear>4.646</proc:CurrentYear>
                                        <proc:BudgetYearOneBase>14.255</proc:BudgetYearOneBase>
                                        <proc:BudgetYearOne>14.255</proc:BudgetYearOne>
                                    </proc:TotalCost>
                                </proc:ResourceSummary>
                            </proc:Item>
                            <proc:Item>
                                <proc:Name>Cloud Data Initiative</proc:Name>
                                <proc:ItemNumber>3g</proc:ItemNumber>
                                <proc:ResourceSummary>
                                    <proc:TotalCost>
                                        <proc:AllPriorYears>7.478</proc:AllPriorYears>
                                        <proc:PriorYear>3.217</proc:PriorYear>
                                    </proc:TotalCost>
                                </proc:ResourceSummary>
                            </proc:Item>
                            <proc:Item>
                                <proc:Name>Prior Years - OCO/OOC</proc:Name>
                                <proc:ItemNumber>3h</proc:ItemNumber>
                                <proc:ResourceSummary>
                                    <proc:TotalCost>
                                        <proc:AllPriorYears>7.692</proc:AllPriorYears>
                                    </proc:TotalCost>
                                </proc:ResourceSummary>
                            </proc:Item>
                        </proc:ItemList>
                        <proc:CategorySubtotal>
                            <proc:TotalCost>
                                <proc:AllPriorYears>414.637</proc:AllPriorYears>
                                <proc:PriorYear>45.125</proc:PriorYear>
                                <proc:CurrentYear>45.516</proc:CurrentYear>
                                <proc:BudgetYearOneBase>67.379</proc:BudgetYearOneBase>
                                <proc:BudgetYearOne>67.379</proc:BudgetYearOne>
                            </proc:TotalCost>
                        </proc:CategorySubtotal>
                    </proc:Category>
                    <proc:Category>
                        <proc:Name>4. Tactical Local Area Network (TACLAN)</proc:Name>
                        <proc:ItemList>
                            <proc:Item>
                                <proc:Name>TACLAN-Heavy Equipment</proc:Name>
                                <proc:ItemNumber>4a</proc:ItemNumber>
                                <proc:ResourceSummary>
                                    <proc:Quantity>
                                        <proc:AllPriorYears>11</proc:AllPriorYears>
                                        <proc:PriorYear>13</proc:PriorYear>
                                        <proc:CurrentYear>9</proc:CurrentYear>
                                    </proc:Quantity>
                                    <proc:TotalCost>
                                        <proc:AllPriorYears>9.059</proc:AllPriorYears>
                                        <proc:PriorYear>6.383</proc:PriorYear>
                                        <proc:CurrentYear>4.68</proc:CurrentYear>
                                    </proc:TotalCost>
                                    <proc:UnitCost>
                                        <proc:AllPriorYears>0.823</proc:AllPriorYears>
                                        <proc:PriorYear>0.491</proc:PriorYear>
                                        <proc:CurrentYear>0.52</proc:CurrentYear>
                                    </proc:UnitCost>
                                </proc:ResourceSummary>
                            </proc:Item>
                            <proc:Item>
                                <proc:Name>TACLAN-Medium Equipment</proc:Name>
                                <proc:ItemNumber>4b</proc:ItemNumber>
                                <proc:ResourceSummary>
                                    <proc:Quantity>
                                        <proc:AllPriorYears>9</proc:AllPriorYears>
                                        <proc:PriorYear>15</proc:PriorYear>
                                        <proc:CurrentYear>15</proc:CurrentYear>
                                    </proc:Quantity>
                                    <proc:TotalCost>
                                        <proc:AllPriorYears>5.793</proc:AllPriorYears>
                                        <proc:PriorYear>4.965</proc:PriorYear>
                                        <proc:CurrentYear>6.6</proc:CurrentYear>
                                    </proc:TotalCost>
                                    <proc:UnitCost>
                                        <proc:AllPriorYears>0.644</proc:AllPriorYears>
                                        <proc:PriorYear>0.331</proc:PriorYear>
                                        <proc:CurrentYear>0.44</proc:CurrentYear>
                                    </proc:UnitCost>
                                </proc:ResourceSummary>
                            </proc:Item>
                            <proc:Item>
                                <proc:Name>TACLAN-Light Equipment</proc:Name>
                                <proc:ItemNumber>4c</proc:ItemNumber>
                                <proc:ResourceSummary>
                                    <proc:Quantity>
                                        <proc:AllPriorYears>1</proc:AllPriorYears>
                                        <proc:PriorYear>18</proc:PriorYear>
                                        <proc:CurrentYear>13</proc:CurrentYear>
                                    </proc:Quantity>
                                    <proc:TotalCost>
                                        <proc:AllPriorYears>0.828</proc:AllPriorYears>
                                        <proc:PriorYear>2.106</proc:PriorYear>
                                        <proc:CurrentYear>1.82</proc:CurrentYear>
                                    </proc:TotalCost>
                                    <proc:UnitCost>
                                        <proc:AllPriorYears>0.828</proc:AllPriorYears>
                                        <proc:PriorYear>0.117</proc:PriorYear>
                                        <proc:CurrentYear>0.14</proc:CurrentYear>
                                    </proc:UnitCost>
                                </proc:ResourceSummary>
                            </proc:Item>
                            <proc:Item>
                                <proc:Name>Ancillary Equipment - All Variants (Heavy, Medium, Light)</proc:Name>
                                <proc:ItemNumber>4d</proc:ItemNumber>
                                <proc:ResourceSummary>
                                    <proc:TotalCost>
                                        <proc:AllPriorYears>9.858</proc:AllPriorYears>
                                        <proc:PriorYear>0</proc:PriorYear>
                                        <proc:CurrentYear>0.046</proc:CurrentYear>
                                    </proc:TotalCost>
                                </proc:ResourceSummary>
                            </proc:Item>
                            <proc:Item>
                                <proc:Name>Ancillary Equipment - OOC</proc:Name>
                                <proc:ItemNumber>4e</proc:ItemNumber>
                                <proc:ResourceSummary>
                                    <proc:TotalCost>
                                        <proc:AllPriorYears>0.96</proc:AllPriorYears>
                                        <proc:PriorYear>0.92</proc:PriorYear>
                                        <proc:CurrentYear>1.045</proc:CurrentYear>
                                    </proc:TotalCost>
                                </proc:ResourceSummary>
                            </proc:Item>
                            <proc:Item>
                                <proc:Name>Integration</proc:Name>
                                <proc:ItemNumber>4f</proc:ItemNumber>
                                <proc:ResourceSummary>
                                    <proc:TotalCost>
                                        <proc:AllPriorYears>14.1</proc:AllPriorYears>
                                        <proc:PriorYear>1.481</proc:PriorYear>
                                        <proc:CurrentYear>1.526</proc:CurrentYear>
                                    </proc:TotalCost>
                                </proc:ResourceSummary>
                            </proc:Item>
                            <proc:Item>
                                <proc:Name>Integration - OOC</proc:Name>
                                <proc:ItemNumber>4g</proc:ItemNumber>
                                <proc:ResourceSummary>
                                    <proc:TotalCost>
                                        <proc:PriorYear>0.001</proc:PriorYear>
                                    </proc:TotalCost>
                                </proc:ResourceSummary>
                            </proc:Item>
                            <proc:Item>
                                <proc:Name>Prior Year Funding</proc:Name>
                                <proc:ItemNumber>4h</proc:ItemNumber>
                                <proc:ResourceSummary>
                                    <proc:TotalCost>
                                        <proc:AllPriorYears>87.961</proc:AllPriorYears>
                                    </proc:TotalCost>
                                </proc:ResourceSummary>
                            </proc:Item>
                            <proc:Item>
                                <proc:Name>Prior Year Funding OCO/OOC</proc:Name>
                                <proc:ItemNumber>4i</proc:ItemNumber>
                                <proc:ResourceSummary>
                                    <proc:TotalCost>
                                        <proc:AllPriorYears>1.012</proc:AllPriorYears>
                                    </proc:TotalCost>
                                </proc:ResourceSummary>
                            </proc:Item>
                        </proc:ItemList>
                        <proc:CategorySubtotal>
                            <proc:TotalCost>
                                <proc:AllPriorYears>129.571</proc:AllPriorYears>
                                <proc:PriorYear>15.856</proc:PriorYear>
                                <proc:CurrentYear>15.717</proc:CurrentYear>
                                <proc:BudgetYearOneBase>0</proc:BudgetYearOneBase>
                                <proc:BudgetYearOne>0</proc:BudgetYearOne>
                            </proc:TotalCost>
                        </proc:CategorySubtotal>
                    </proc:Category>
                    <proc:Category>
                        <proc:Name>5. Special Access Program Network (SAPNET)</proc:Name>
                        <proc:ItemList>
                            <proc:Item>
                                <proc:Name>Technical Insertions</proc:Name>
                                <proc:ItemNumber>5a</proc:ItemNumber>
                                <proc:ResourceSummary>
                                    <proc:TotalCost>
                                        <proc:AllPriorYears>27.493</proc:AllPriorYears>
                                        <proc:PriorYear>5.547</proc:PriorYear>
                                        <proc:CurrentYear>5.519</proc:CurrentYear>
                                        <proc:BudgetYearOneBase>5.306</proc:BudgetYearOneBase>
                                        <proc:BudgetYearOne>5.306</proc:BudgetYearOne>
                                    </proc:TotalCost>
                                </proc:ResourceSummary>
                            </proc:Item>
                        </proc:ItemList>
                        <proc:CategorySubtotal>
                            <proc:TotalCost>
                                <proc:AllPriorYears>27.493</proc:AllPriorYears>
                                <proc:PriorYear>5.547</proc:PriorYear>
                                <proc:CurrentYear>5.519</proc:CurrentYear>
                                <proc:BudgetYearOneBase>5.306</proc:BudgetYearOneBase>
                                <proc:BudgetYearOne>5.306</proc:BudgetYearOne>
                            </proc:TotalCost>
                        </proc:CategorySubtotal>
                    </proc:Category>
                    <proc:Category>
                        <proc:Name>6. Joint Operational Stocks (JOS)</proc:Name>
                        <proc:ItemList>
                            <proc:Item>
                                <proc:Name>Military Liaison Element</proc:Name>
                                <proc:ItemNumber>6a</proc:ItemNumber>
                                <proc:ResourceSummary>
                                    <proc:TotalCost>
                                        <proc:AllPriorYears>11.217</proc:AllPriorYears>
                                    </proc:TotalCost>
                                </proc:ResourceSummary>
                            </proc:Item>
                            <proc:Item>
                                <proc:Name>Equipment - CERP</proc:Name>
                                <proc:ItemNumber>6b</proc:ItemNumber>
                                <proc:ResourceSummary>
                                    <proc:TotalCost>
                                        <proc:AllPriorYears>19.323</proc:AllPriorYears>
                                        <proc:PriorYear>1.876</proc:PriorYear>
                                        <proc:CurrentYear>0.38</proc:CurrentYear>
                                        <proc:BudgetYearOneBase>1.525</proc:BudgetYearOneBase>
                                        <proc:BudgetYearOne>1.525</proc:BudgetYearOne>
                                    </proc:TotalCost>
                                </proc:ResourceSummary>
                            </proc:Item>
                            <proc:Item>
                                <proc:Name>Prior Year Funding - OCO/OOC</proc:Name>
                                <proc:ItemNumber>6c</proc:ItemNumber>
                                <proc:ResourceSummary>
                                    <proc:TotalCost>
                                        <proc:AllPriorYears>20.671</proc:AllPriorYears>
                                    </proc:TotalCost>
                                </proc:ResourceSummary>
                            </proc:Item>
                        </proc:ItemList>
                        <proc:CategorySubtotal>
                            <proc:TotalCost>
                                <proc:AllPriorYears>51.211</proc:AllPriorYears>
                                <proc:PriorYear>1.876</proc:PriorYear>
                                <proc:CurrentYear>0.38</proc:CurrentYear>
                                <proc:BudgetYearOneBase>1.525</proc:BudgetYearOneBase>
                                <proc:BudgetYearOne>1.525</proc:BudgetYearOne>
                            </proc:TotalCost>
                        </proc:CategorySubtotal>
                    </proc:Category>
                    <proc:Category>
                        <proc:Name>7. Fly-Away Broadcasting System (FABS)</proc:Name>
                        <proc:ItemList>
                            <proc:Item>
                                <proc:Name>FABS - Broadcast Dissemination Platform (BDP)-Light</proc:Name>
                                <proc:ItemNumber>7a</proc:ItemNumber>
                                <proc:ResourceSummary>
                                    <proc:Quantity>
                                        <proc:PriorYear>3</proc:PriorYear>
                                    </proc:Quantity>
                                    <proc:TotalCost>
                                        <proc:AllPriorYears>0.578</proc:AllPriorYears>
                                        <proc:PriorYear>1.504</proc:PriorYear>
                                    </proc:TotalCost>
                                    <proc:UnitCost>
                                        <proc:PriorYear>0.501</proc:PriorYear>
                                    </proc:UnitCost>
                                </proc:ResourceSummary>
                            </proc:Item>
                        </proc:ItemList>
                        <proc:CategorySubtotal>
                            <proc:TotalCost>
                                <proc:AllPriorYears>0.578</proc:AllPriorYears>
                                <proc:PriorYear>1.504</proc:PriorYear>
                                <proc:CurrentYear>0</proc:CurrentYear>
                                <proc:BudgetYearOneBase>0</proc:BudgetYearOneBase>
                                <proc:BudgetYearOne>0</proc:BudgetYearOne>
                            </proc:TotalCost>
                        </proc:CategorySubtotal>
                    </proc:Category>
                    <proc:Category>
                        <proc:Name>8. Prior Year Funding</proc:Name>
                        <proc:ItemList>
                            <proc:Item>
                                <proc:Name>Prior Year Funding</proc:Name>
                                <proc:ItemNumber>8a</proc:ItemNumber>
                                <proc:ResourceSummary>
                                    <proc:TotalCost>
                                        <proc:AllPriorYears>70.344</proc:AllPriorYears>
                                    </proc:TotalCost>
                                </proc:ResourceSummary>
                            </proc:Item>
                        </proc:ItemList>
                        <proc:CategorySubtotal>
                            <proc:TotalCost>
                                <proc:AllPriorYears>70.344</proc:AllPriorYears>
                            </proc:TotalCost>
                        </proc:CategorySubtotal>
                    </proc:Category>
                </proc:CategoryList>
                <proc:TotalCost>
                    <proc:TotalCost>
                        <proc:AllPriorYears>896.62</proc:AllPriorYears>
                        <proc:PriorYear>108.431</proc:PriorYear>
                        <proc:CurrentYear>75.776</proc:CurrentYear>
                        <proc:BudgetYearOneBase>95.685</proc:BudgetYearOneBase>
                        <proc:BudgetYearOne>95.685</proc:BudgetYearOne>
                    </proc:TotalCost>
                </proc:TotalCost>
            </proc:P40AItemGroup>
        </proc:ItemExhibitList>
        <proc:DocumentAssemblyOptions>
            <proc:p40AItemScheduleSetting>category</proc:p40AItemScheduleSetting>
        </proc:DocumentAssemblyOptions>
    </proc:LineItem>
</proc:LineItemList>