<?xml version="1.0" encoding="UTF-8"?>
<proc:LineItemList xmlns:proc="http://www.dtic.mil/comptroller/xml/schema/20100219/procurement">
    <proc:LineItem quantityUnits="Each" quantityUnitName="Each" unitCostUnits="Millions" totalCostUnits="Millions" manufacturerRateUnits="Yearly">
        <proc:LineItemNumber>0201ARMOWT</proc:LineItemNumber>
        <proc:LineItemTitle>Armed Overwatch/Targeting</proc:LineItemTitle>
        <proc:P1LineNumber>91</proc:P1LineNumber>
        <proc:BudgetYear>2026</proc:BudgetYear>
        <proc:BudgetCycle>PB</proc:BudgetCycle>
        <proc:SubmissionDate>2025-06</proc:SubmissionDate>
        <proc:ServiceAgencyName>United States Special Operations Command</proc:ServiceAgencyName>
        <proc:AppropriationNumber>0300D</proc:AppropriationNumber>
        <proc:AppropriationTitle>Procurement, Defense-Wide</proc:AppropriationTitle>
        <proc:BudgetActivityNumber>2</proc:BudgetActivityNumber>
        <proc:BudgetActivityTitle>Special Operations Command</proc:BudgetActivityTitle>
        <proc:BudgetSubActivityNumber>1</proc:BudgetSubActivityNumber>
        <proc:BudgetSubActivityTitle>Aviation Programs</proc:BudgetSubActivityTitle>
        <proc:ResourceSummary>
            <proc:Quantity>
                <proc:AllPriorYears>16</proc:AllPriorYears>
                <proc:PriorYear>11</proc:PriorYear>
                <proc:CurrentYear>12</proc:CurrentYear>
                <proc:BudgetYearOneBase>6</proc:BudgetYearOneBase>
                <proc:BudgetYearOne>6</proc:BudgetYearOne>
            </proc:Quantity>
            <proc:TotalCost>
                <proc:AllPriorYears>433</proc:AllPriorYears>
                <proc:PriorYear>264.688</proc:PriorYear>
                <proc:CurrentYear>313.105</proc:CurrentYear>
                <proc:BudgetYearOneBase>156.606</proc:BudgetYearOneBase>
                <proc:BudgetYearOne>156.606</proc:BudgetYearOne>
            </proc:TotalCost>
            <proc:NetProcurementP1>
                <proc:AllPriorYears>433</proc:AllPriorYears>
                <proc:PriorYear>264.688</proc:PriorYear>
                <proc:CurrentYear>313.105</proc:CurrentYear>
                <proc:BudgetYearOneBase>156.606</proc:BudgetYearOneBase>
                <proc:BudgetYearOne>156.606</proc:BudgetYearOne>
            </proc:NetProcurementP1>
            <proc:TotalObligationAuthority>
                <proc:AllPriorYears>433</proc:AllPriorYears>
                <proc:PriorYear>264.688</proc:PriorYear>
                <proc:CurrentYear>313.105</proc:CurrentYear>
                <proc:BudgetYearOneBase>156.606</proc:BudgetYearOneBase>
                <proc:BudgetYearOne>156.606</proc:BudgetYearOne>
            </proc:TotalObligationAuthority>
            <proc:InitialSpares>
                <proc:AllPriorYears>37.31</proc:AllPriorYears>
                <proc:PriorYear>21.044</proc:PriorYear>
                <proc:CurrentYear>25.445</proc:CurrentYear>
                <proc:BudgetYearOneBase>19.505</proc:BudgetYearOneBase>
                <proc:BudgetYearOne>19.505</proc:BudgetYearOne>
            </proc:InitialSpares>
        </proc:ResourceSummary>
        <proc:CodeBProgramElementList>
            <proc:ProgramElementNumber>1160403BB</proc:ProgramElementNumber>
        </proc:CodeBProgramElementList>
        <proc:OtherRelatedProgramElementList>
            <proc:ProgramElementNumber>1160403BB</proc:ProgramElementNumber>
        </proc:OtherRelatedProgramElementList>
        <proc:Description>Armed Overwatch, Program Number 814, provides Special Operations Forces (SOF) with a deployable, affordable, and sustainable crewed aircraft systems capable of executing Close Air Support (CAS), precision strike, and armed reconnaissance requirements in austere and permissive environments for use in Irregular Warfare.  The Milestone Decision Authority (MDA), the United States Special Operations Command (USSOCOM) Acquisition Executive, approved entry into Low-Rate Initial Production in 4th QTR FY 2022. The Armed Overwatch program is projected to enter Full Rate Production in 3rd QTR FY 2027. The Armed Overwatch program will procure 6 SO-peculiar OA-1K aircraft in FY 2026.</proc:Description>
        <proc:Justification>FY 2026 BASE PROGRAM JUSTIFICATION: Funds the procurement and fielding of six OA-1K Armed Overwatch aircraft, initial spares, systems engineering/program management, support equipment, one weapon system trainer, mission planning systems, and other government costs.

FY 2025 to FY 2026 decrease of $156.394 million is due to the planned reduction in aircraft procured from 12 to 6.</proc:Justification>
        <proc:ItemExhibitList>
            <proc:P5Item>
                <proc:Name>Armed Overwatch</proc:Name>
                <proc:ResourceSummary>
                    <proc:Quantity>
                        <proc:AllPriorYears>16</proc:AllPriorYears>
                        <proc:PriorYear>11</proc:PriorYear>
                        <proc:CurrentYear>12</proc:CurrentYear>
                        <proc:BudgetYearOneBase>6</proc:BudgetYearOneBase>
                        <proc:BudgetYearOne>6</proc:BudgetYearOne>
                    </proc:Quantity>
                    <proc:TotalCost>
                        <proc:AllPriorYears>433</proc:AllPriorYears>
                        <proc:PriorYear>264.688</proc:PriorYear>
                        <proc:CurrentYear>313.105</proc:CurrentYear>
                        <proc:BudgetYearOneBase>156.606</proc:BudgetYearOneBase>
                        <proc:BudgetYearOne>156.606</proc:BudgetYearOne>
                    </proc:TotalCost>
                    <proc:NetProcurementP1>
                        <proc:AllPriorYears>433</proc:AllPriorYears>
                        <proc:PriorYear>264.688</proc:PriorYear>
                        <proc:CurrentYear>313.105</proc:CurrentYear>
                        <proc:BudgetYearOneBase>156.606</proc:BudgetYearOneBase>
                        <proc:BudgetYearOne>156.606</proc:BudgetYearOne>
                    </proc:NetProcurementP1>
                    <proc:TotalObligationAuthority>
                        <proc:AllPriorYears>433</proc:AllPriorYears>
                        <proc:PriorYear>264.688</proc:PriorYear>
                        <proc:CurrentYear>313.105</proc:CurrentYear>
                        <proc:BudgetYearOneBase>156.606</proc:BudgetYearOneBase>
                        <proc:BudgetYearOne>156.606</proc:BudgetYearOne>
                    </proc:TotalObligationAuthority>
                    <proc:InitialSpares>
                        <proc:AllPriorYears>37.31</proc:AllPriorYears>
                        <proc:PriorYear>21.044</proc:PriorYear>
                        <proc:CurrentYear>25.583</proc:CurrentYear>
                        <proc:BudgetYearOneBase>13.189</proc:BudgetYearOneBase>
                        <proc:BudgetYearOne>13.189</proc:BudgetYearOne>
                    </proc:InitialSpares>
                </proc:ResourceSummary>
                <proc:CostElementCategoryList>
                    <proc:Flyaway>
                        <proc:Name>Aircraft</proc:Name>
                        <proc:Recurring>
                            <proc:CostElementList>
                                <proc:CostElement>
                                    <proc:Name>Aircraft</proc:Name>
                                    <proc:Cost>
                                        <proc:Quantity>
                                            <proc:AllPriorYears>16</proc:AllPriorYears>
                                            <proc:PriorYear>11</proc:PriorYear>
                                            <proc:CurrentYear>12</proc:CurrentYear>
                                            <proc:BudgetYearOneBase>6</proc:BudgetYearOneBase>
                                            <proc:BudgetYearOne>6</proc:BudgetYearOne>
                                        </proc:Quantity>
                                        <proc:TotalCost>
                                            <proc:AllPriorYears>243.836</proc:AllPriorYears>
                                            <proc:PriorYear>168.437</proc:PriorYear>
                                            <proc:CurrentYear>187.768</proc:CurrentYear>
                                            <proc:BudgetYearOneBase>96.819</proc:BudgetYearOneBase>
                                            <proc:BudgetYearOne>96.819</proc:BudgetYearOne>
                                        </proc:TotalCost>
                                        <proc:UnitCost>
                                            <proc:AllPriorYears>15.24</proc:AllPriorYears>
                                            <proc:PriorYear>15.312</proc:PriorYear>
                                            <proc:CurrentYear>15.647</proc:CurrentYear>
                                            <proc:BudgetYearOneBase footnote="Aircraft unit costs based upon fixed price contract rates.">16.137</proc:BudgetYearOneBase>
                                            <proc:BudgetYearOne>16.137</proc:BudgetYearOne>
                                        </proc:UnitCost>
                                    </proc:Cost>
                                    <proc:AllPriorYearsDeliveries>0</proc:AllPriorYearsDeliveries>
                                    <proc:ManufacturerList>
                                        <proc:Manufacturer>
                                            <proc:Name>L-3 Harris</proc:Name>
                                            <proc:Location>Greenville, TX</proc:Location>
                                            <proc:MinimumSustainingRate>1.00</proc:MinimumSustainingRate>
                                            <proc:MaximumProductionRate>15.00</proc:MaximumProductionRate>
                                            <proc:Rate185>1.00</proc:Rate185>
                                            <proc:InitialQuantity>
                                                <proc:ProductionLeadTimeAfterOct1InMonths>12</proc:ProductionLeadTimeAfterOct1InMonths>
                                                <proc:TotalLeadTimeAfterOct1InMonths>12</proc:TotalLeadTimeAfterOct1InMonths>
                                            </proc:InitialQuantity>
                                            <proc:HistoryPlanningList>
                                                <proc:HistoryPlanning>
                                                    <proc:FiscalYear>2021</proc:FiscalYear>
                                                    <proc:PCOLocation>Wright Patterson AFB</proc:PCOLocation>
                                                    <proc:AwardDate>2022-07</proc:AwardDate>
                                                    <proc:FirstDeliveryDate>2025-03</proc:FirstDeliveryDate>
                                                    <proc:Quantity>1.000</proc:Quantity>
                                                    <proc:UnitCost>15.492</proc:UnitCost>
                                                    <proc:SpecsAvailableNow>false</proc:SpecsAvailableNow>
                                                    <proc:ContractMethod>SS</proc:ContractMethod>
                                                    <proc:ContractType>IDIQ</proc:ContractType>
                                                    <proc:MonthlyDeliveryScheduleList>
                                                        <proc:MonthlyDeliverySchedule>
                                                            <proc:ServiceAgencyName>United States Special Operations Command</proc:ServiceAgencyName>
                                                            <proc:ProcQuantity footnote="Number in the Delivery Schedule indicates quantity of aircraft accepted by the Government (via DD250) in that month.">1.000</proc:ProcQuantity>
                                                            <proc:MonthlyDeliveryList>
                                                                <proc:MonthlyDelivery>
                                                                    <proc:Month>2025-03</proc:Month>
                                                                    <proc:Amount>1</proc:Amount>
                                                                </proc:MonthlyDelivery>
                                                            </proc:MonthlyDeliveryList>
                                                        </proc:MonthlyDeliverySchedule>
                                                    </proc:MonthlyDeliveryScheduleList>
                                                </proc:HistoryPlanning>
                                                <proc:HistoryPlanning>
                                                    <proc:FiscalYear>2025</proc:FiscalYear>
                                                    <proc:PCOLocation>Wright Patterson AFB</proc:PCOLocation>
                                                    <proc:AwardDate>2025-05</proc:AwardDate>
                                                    <proc:FirstDeliveryDate>2027-01</proc:FirstDeliveryDate>
                                                    <proc:Quantity>12.000</proc:Quantity>
                                                    <proc:UnitCost>15.647</proc:UnitCost>
                                                    <proc:SpecsAvailableNow>false</proc:SpecsAvailableNow>
                                                    <proc:ContractMethod>Option</proc:ContractMethod>
                                                    <proc:ContractType>IDIQ</proc:ContractType>
                                                    <proc:MonthlyDeliveryScheduleList>
                                                        <proc:MonthlyDeliverySchedule>
                                                            <proc:ServiceAgencyName>United States Special Operations Command</proc:ServiceAgencyName>
                                                            <proc:ProcQuantity>12.000</proc:ProcQuantity>
                                                            <proc:MonthlyDeliveryList>
                                                                <proc:MonthlyDelivery>
                                                                    <proc:Month>2027-02</proc:Month>
                                                                    <proc:Amount>1</proc:Amount>
                                                                </proc:MonthlyDelivery>
                                                                <proc:MonthlyDelivery>
                                                                    <proc:Month>2027-03</proc:Month>
                                                                    <proc:Amount>1</proc:Amount>
                                                                </proc:MonthlyDelivery>
                                                                <proc:MonthlyDelivery>
                                                                    <proc:Month>2027-04</proc:Month>
                                                                    <proc:Amount>1</proc:Amount>
                                                                </proc:MonthlyDelivery>
                                                                <proc:MonthlyDelivery>
                                                                    <proc:Month>2027-01</proc:Month>
                                                                    <proc:Amount>1</proc:Amount>
                                                                </proc:MonthlyDelivery>
                                                                <proc:MonthlyDelivery>
                                                                    <proc:Month>2027-05</proc:Month>
                                                                    <proc:Amount>1</proc:Amount>
                                                                </proc:MonthlyDelivery>
                                                                <proc:MonthlyDelivery>
                                                                    <proc:Month>2027-06</proc:Month>
                                                                    <proc:Amount>1</proc:Amount>
                                                                </proc:MonthlyDelivery>
                                                                <proc:MonthlyDelivery>
                                                                    <proc:Month>2027-08</proc:Month>
                                                                    <proc:Amount>1</proc:Amount>
                                                                </proc:MonthlyDelivery>
                                                                <proc:MonthlyDelivery>
                                                                    <proc:Month>2027-07</proc:Month>
                                                                    <proc:Amount>1</proc:Amount>
                                                                </proc:MonthlyDelivery>
                                                                <proc:MonthlyDelivery>
                                                                    <proc:Month>2027-09</proc:Month>
                                                                    <proc:Amount>1</proc:Amount>
                                                                </proc:MonthlyDelivery>
                                                                <proc:MonthlyDelivery>
                                                                    <proc:Month>2027-11</proc:Month>
                                                                    <proc:Amount>2</proc:Amount>
                                                                </proc:MonthlyDelivery>
                                                                <proc:MonthlyDelivery>
                                                                    <proc:Month>2027-10</proc:Month>
                                                                    <proc:Amount>1</proc:Amount>
                                                                </proc:MonthlyDelivery>
                                                            </proc:MonthlyDeliveryList>
                                                        </proc:MonthlyDeliverySchedule>
                                                    </proc:MonthlyDeliveryScheduleList>
                                                </proc:HistoryPlanning>
                                                <proc:HistoryPlanning>
                                                    <proc:FiscalYear>2024</proc:FiscalYear>
                                                    <proc:PCOLocation>Wright Patterson AFB</proc:PCOLocation>
                                                    <proc:AwardDate>2024-04</proc:AwardDate>
                                                    <proc:FirstDeliveryDate>2026-02</proc:FirstDeliveryDate>
                                                    <proc:Quantity>11.000</proc:Quantity>
                                                    <proc:UnitCost>15.312</proc:UnitCost>
                                                    <proc:SpecsAvailableNow>false</proc:SpecsAvailableNow>
                                                    <proc:ContractMethod>Option</proc:ContractMethod>
                                                    <proc:ContractType>IDIQ</proc:ContractType>
                                                    <proc:MonthlyDeliveryScheduleList>
                                                        <proc:MonthlyDeliverySchedule>
                                                            <proc:ServiceAgencyName>United States Special Operations Command</proc:ServiceAgencyName>
                                                            <proc:ProcQuantity>11.000</proc:ProcQuantity>
                                                            <proc:MonthlyDeliveryList>
                                                                <proc:MonthlyDelivery>
                                                                    <proc:Month>2026-09</proc:Month>
                                                                    <proc:Amount>1</proc:Amount>
                                                                </proc:MonthlyDelivery>
                                                                <proc:MonthlyDelivery>
                                                                    <proc:Month>2026-06</proc:Month>
                                                                    <proc:Amount>1</proc:Amount>
                                                                </proc:MonthlyDelivery>
                                                                <proc:MonthlyDelivery>
                                                                    <proc:Month>2026-10</proc:Month>
                                                                    <proc:Amount>1</proc:Amount>
                                                                </proc:MonthlyDelivery>
                                                                <proc:MonthlyDelivery>
                                                                    <proc:Month>2026-05</proc:Month>
                                                                    <proc:Amount>1</proc:Amount>
                                                                </proc:MonthlyDelivery>
                                                                <proc:MonthlyDelivery>
                                                                    <proc:Month>2026-03</proc:Month>
                                                                    <proc:Amount>1</proc:Amount>
                                                                </proc:MonthlyDelivery>
                                                                <proc:MonthlyDelivery>
                                                                    <proc:Month>2026-11</proc:Month>
                                                                    <proc:Amount>2</proc:Amount>
                                                                </proc:MonthlyDelivery>
                                                                <proc:MonthlyDelivery>
                                                                    <proc:Month>2026-04</proc:Month>
                                                                    <proc:Amount>1</proc:Amount>
                                                                </proc:MonthlyDelivery>
                                                                <proc:MonthlyDelivery>
                                                                    <proc:Month>2026-08</proc:Month>
                                                                    <proc:Amount>1</proc:Amount>
                                                                </proc:MonthlyDelivery>
                                                                <proc:MonthlyDelivery>
                                                                    <proc:Month>2026-07</proc:Month>
                                                                    <proc:Amount>1</proc:Amount>
                                                                </proc:MonthlyDelivery>
                                                                <proc:MonthlyDelivery>
                                                                    <proc:Month>2026-02</proc:Month>
                                                                    <proc:Amount>1</proc:Amount>
                                                                </proc:MonthlyDelivery>
                                                            </proc:MonthlyDeliveryList>
                                                        </proc:MonthlyDeliverySchedule>
                                                    </proc:MonthlyDeliveryScheduleList>
                                                </proc:HistoryPlanning>
                                                <proc:HistoryPlanning>
                                                    <proc:FiscalYear>2022</proc:FiscalYear>
                                                    <proc:PCOLocation>Wright Patterson AFB</proc:PCOLocation>
                                                    <proc:AwardDate>2022-07</proc:AwardDate>
                                                    <proc:FirstDeliveryDate>2025-03</proc:FirstDeliveryDate>
                                                    <proc:Quantity>6.000</proc:Quantity>
                                                    <proc:UnitCost>15.492</proc:UnitCost>
                                                    <proc:SpecsAvailableNow>false</proc:SpecsAvailableNow>
                                                    <proc:ContractMethod>SS</proc:ContractMethod>
                                                    <proc:ContractType>IDIQ</proc:ContractType>
                                                    <proc:MonthlyDeliveryScheduleList>
                                                        <proc:MonthlyDeliverySchedule>
                                                            <proc:ServiceAgencyName>United States Special Operations Command</proc:ServiceAgencyName>
                                                            <proc:ProcQuantity>6.000</proc:ProcQuantity>
                                                            <proc:MonthlyDeliveryList>
                                                                <proc:MonthlyDelivery>
                                                                    <proc:Month>2025-03</proc:Month>
                                                                    <proc:Amount>2</proc:Amount>
                                                                </proc:MonthlyDelivery>
                                                                <proc:MonthlyDelivery>
                                                                    <proc:Month>2025-04</proc:Month>
                                                                    <proc:Amount>1</proc:Amount>
                                                                </proc:MonthlyDelivery>
                                                                <proc:MonthlyDelivery>
                                                                    <proc:Month>2025-05</proc:Month>
                                                                    <proc:Amount>1</proc:Amount>
                                                                </proc:MonthlyDelivery>
                                                                <proc:MonthlyDelivery>
                                                                    <proc:Month>2025-06</proc:Month>
                                                                    <proc:Amount>1</proc:Amount>
                                                                </proc:MonthlyDelivery>
                                                                <proc:MonthlyDelivery>
                                                                    <proc:Month>2025-07</proc:Month>
                                                                    <proc:Amount>1</proc:Amount>
                                                                </proc:MonthlyDelivery>
                                                            </proc:MonthlyDeliveryList>
                                                        </proc:MonthlyDeliverySchedule>
                                                    </proc:MonthlyDeliveryScheduleList>
                                                </proc:HistoryPlanning>
                                                <proc:HistoryPlanning>
                                                    <proc:FiscalYear>2026</proc:FiscalYear>
                                                    <proc:PCOLocation>Wright Patterson AFB</proc:PCOLocation>
                                                    <proc:AwardDate>2026-04</proc:AwardDate>
                                                    <proc:FirstDeliveryDate>2027-12</proc:FirstDeliveryDate>
                                                    <proc:Quantity>6.000</proc:Quantity>
                                                    <proc:UnitCost>16.137</proc:UnitCost>
                                                    <proc:SpecsAvailableNow>false</proc:SpecsAvailableNow>
                                                    <proc:ContractMethod>Option</proc:ContractMethod>
                                                    <proc:ContractType>IDIQ</proc:ContractType>
                                                    <proc:MonthlyDeliveryScheduleList>
                                                        <proc:MonthlyDeliverySchedule>
                                                            <proc:ServiceAgencyName>United States Special Operations Command</proc:ServiceAgencyName>
                                                            <proc:ProcQuantity>6.000</proc:ProcQuantity>
                                                            <proc:MonthlyDeliveryList>
                                                                <proc:MonthlyDelivery>
                                                                    <proc:Month>2028-01</proc:Month>
                                                                    <proc:Amount>1</proc:Amount>
                                                                </proc:MonthlyDelivery>
                                                                <proc:MonthlyDelivery>
                                                                    <proc:Month>2027-12</proc:Month>
                                                                    <proc:Amount>2</proc:Amount>
                                                                </proc:MonthlyDelivery>
                                                                <proc:MonthlyDelivery>
                                                                    <proc:Month>2028-03</proc:Month>
                                                                    <proc:Amount>1</proc:Amount>
                                                                </proc:MonthlyDelivery>
                                                                <proc:MonthlyDelivery>
                                                                    <proc:Month>2028-04</proc:Month>
                                                                    <proc:Amount>1</proc:Amount>
                                                                </proc:MonthlyDelivery>
                                                                <proc:MonthlyDelivery>
                                                                    <proc:Month>2028-02</proc:Month>
                                                                    <proc:Amount>1</proc:Amount>
                                                                </proc:MonthlyDelivery>
                                                            </proc:MonthlyDeliveryList>
                                                        </proc:MonthlyDeliverySchedule>
                                                    </proc:MonthlyDeliveryScheduleList>
                                                </proc:HistoryPlanning>
                                                <proc:HistoryPlanning>
                                                    <proc:FiscalYear>2023</proc:FiscalYear>
                                                    <proc:PCOLocation>Wright Patterson AFB</proc:PCOLocation>
                                                    <proc:AwardDate>2023-03</proc:AwardDate>
                                                    <proc:FirstDeliveryDate>2025-04</proc:FirstDeliveryDate>
                                                    <proc:Quantity>9.000</proc:Quantity>
                                                    <proc:UnitCost>15.044</proc:UnitCost>
                                                    <proc:SpecsAvailableNow>false</proc:SpecsAvailableNow>
                                                    <proc:ContractMethod>Option</proc:ContractMethod>
                                                    <proc:ContractType>IDIQ</proc:ContractType>
                                                    <proc:MonthlyDeliveryScheduleList>
                                                        <proc:MonthlyDeliverySchedule>
                                                            <proc:ServiceAgencyName>United States Special Operations Command</proc:ServiceAgencyName>
                                                            <proc:ProcQuantity>9.000</proc:ProcQuantity>
                                                            <proc:MonthlyDeliveryList>
                                                                <proc:MonthlyDelivery>
                                                                    <proc:Month>2025-04</proc:Month>
                                                                    <proc:Amount>1</proc:Amount>
                                                                </proc:MonthlyDelivery>
                                                                <proc:MonthlyDelivery>
                                                                    <proc:Month>2025-06</proc:Month>
                                                                    <proc:Amount>2</proc:Amount>
                                                                </proc:MonthlyDelivery>
                                                                <proc:MonthlyDelivery>
                                                                    <proc:Month>2025-08</proc:Month>
                                                                    <proc:Amount>1</proc:Amount>
                                                                </proc:MonthlyDelivery>
                                                                <proc:MonthlyDelivery>
                                                                    <proc:Month>2025-05</proc:Month>
                                                                    <proc:Amount>1</proc:Amount>
                                                                </proc:MonthlyDelivery>
                                                                <proc:MonthlyDelivery>
                                                                    <proc:Month>2025-09</proc:Month>
                                                                    <proc:Amount>1</proc:Amount>
                                                                </proc:MonthlyDelivery>
                                                                <proc:MonthlyDelivery>
                                                                    <proc:Month>2025-11</proc:Month>
                                                                    <proc:Amount>1</proc:Amount>
                                                                </proc:MonthlyDelivery>
                                                                <proc:MonthlyDelivery>
                                                                    <proc:Month>2025-10</proc:Month>
                                                                    <proc:Amount>1</proc:Amount>
                                                                </proc:MonthlyDelivery>
                                                                <proc:MonthlyDelivery>
                                                                    <proc:Month>2025-07</proc:Month>
                                                                    <proc:Amount>1</proc:Amount>
                                                                </proc:MonthlyDelivery>
                                                            </proc:MonthlyDeliveryList>
                                                        </proc:MonthlyDeliverySchedule>
                                                    </proc:MonthlyDeliveryScheduleList>
                                                </proc:HistoryPlanning>
                                            </proc:HistoryPlanningList>
                                        </proc:Manufacturer>
                                    </proc:ManufacturerList>
                                </proc:CostElement>
                            </proc:CostElementList>
                            <proc:CategorySubtotal>
                                <proc:TotalCost>
                                    <proc:AllPriorYears>243.836</proc:AllPriorYears>
                                    <proc:PriorYear>168.437</proc:PriorYear>
                                    <proc:CurrentYear>187.768</proc:CurrentYear>
                                    <proc:BudgetYearOneBase>96.819</proc:BudgetYearOneBase>
                                    <proc:BudgetYearOne>96.819</proc:BudgetYearOne>
                                </proc:TotalCost>
                            </proc:CategorySubtotal>
                        </proc:Recurring>
                        <proc:NonRecurring>
                            <proc:CostElementList>
                                <proc:CostElement>
                                    <proc:Name>Initial Spares</proc:Name>
                                    <proc:Cost>
                                        <proc:TotalCost>
                                            <proc:AllPriorYears>37.31</proc:AllPriorYears>
                                            <proc:PriorYear>21.044</proc:PriorYear>
                                            <proc:CurrentYear>25.445</proc:CurrentYear>
                                            <proc:BudgetYearOneBase footnote="Spares costs (in relation to quantity being procured) includes three additional replacement aircraft engines that are required due to engine failures in existing fleet.">19.505</proc:BudgetYearOneBase>
                                            <proc:BudgetYearOne>19.505</proc:BudgetYearOne>
                                        </proc:TotalCost>
                                    </proc:Cost>
                                </proc:CostElement>
                                <proc:CostElement>
                                    <proc:Name>System Engineering &amp; Management</proc:Name>
                                    <proc:Cost>
                                        <proc:TotalCost>
                                            <proc:AllPriorYears>49.597</proc:AllPriorYears>
                                            <proc:PriorYear>26.93</proc:PriorYear>
                                            <proc:CurrentYear>39.083</proc:CurrentYear>
                                            <proc:BudgetYearOneBase>20.736</proc:BudgetYearOneBase>
                                            <proc:BudgetYearOne>20.736</proc:BudgetYearOne>
                                        </proc:TotalCost>
                                    </proc:Cost>
                                </proc:CostElement>
                                <proc:CostElement>
                                    <proc:Name>Support Equipment</proc:Name>
                                    <proc:Cost>
                                        <proc:TotalCost>
                                            <proc:AllPriorYears>11.787</proc:AllPriorYears>
                                            <proc:PriorYear>13.096</proc:PriorYear>
                                            <proc:CurrentYear>4.586</proc:CurrentYear>
                                            <proc:BudgetYearOneBase>3.198</proc:BudgetYearOneBase>
                                            <proc:BudgetYearOne>3.198</proc:BudgetYearOne>
                                        </proc:TotalCost>
                                    </proc:Cost>
                                </proc:CostElement>
                                <proc:CostElement>
                                    <proc:Name footnote="Beginning in FY2026, Interim Contractor Support transitions to Contract Logistics Support, funded with Operation and Maintenance, Maintenance Sub Activity Group.">Interim Contractor Support</proc:Name>
                                    <proc:Cost>
                                        <proc:TotalCost>
                                            <proc:CurrentYear>22.506</proc:CurrentYear>
                                        </proc:TotalCost>
                                    </proc:Cost>
                                </proc:CostElement>
                                <proc:CostElement>
                                    <proc:Name>Weapons System Trainer</proc:Name>
                                    <proc:Cost>
                                        <proc:Quantity>
                                            <proc:PriorYear>1</proc:PriorYear>
                                            <proc:CurrentYear>1</proc:CurrentYear>
                                            <proc:BudgetYearOneBase>1</proc:BudgetYearOneBase>
                                            <proc:BudgetYearOne>1</proc:BudgetYearOne>
                                        </proc:Quantity>
                                        <proc:TotalCost>
                                            <proc:AllPriorYears>19.423</proc:AllPriorYears>
                                            <proc:PriorYear>9.901</proc:PriorYear>
                                            <proc:CurrentYear>11.89</proc:CurrentYear>
                                            <proc:BudgetYearOneBase>10.322</proc:BudgetYearOneBase>
                                            <proc:BudgetYearOne>10.322</proc:BudgetYearOne>
                                        </proc:TotalCost>
                                        <proc:UnitCost>
                                            <proc:PriorYear>9.901</proc:PriorYear>
                                            <proc:CurrentYear>11.89</proc:CurrentYear>
                                            <proc:BudgetYearOneBase>10.322</proc:BudgetYearOneBase>
                                            <proc:BudgetYearOne>10.322</proc:BudgetYearOne>
                                        </proc:UnitCost>
                                    </proc:Cost>
                                </proc:CostElement>
                                <proc:CostElement>
                                    <proc:Name>Cockpit Familiarization Trainer</proc:Name>
                                    <proc:Cost>
                                        <proc:Quantity>
                                            <proc:PriorYear>4</proc:PriorYear>
                                            <proc:CurrentYear>8</proc:CurrentYear>
                                        </proc:Quantity>
                                        <proc:TotalCost>
                                            <proc:AllPriorYears>9.001</proc:AllPriorYears>
                                            <proc:PriorYear>8.017</proc:PriorYear>
                                            <proc:CurrentYear>12.181</proc:CurrentYear>
                                        </proc:TotalCost>
                                        <proc:UnitCost>
                                            <proc:PriorYear>2.004</proc:PriorYear>
                                            <proc:CurrentYear>1.523</proc:CurrentYear>
                                        </proc:UnitCost>
                                    </proc:Cost>
                                </proc:CostElement>
                                <proc:CostElement>
                                    <proc:Name>Mission Planning Systems</proc:Name>
                                    <proc:Cost>
                                        <proc:TotalCost>
                                            <proc:AllPriorYears>14.46</proc:AllPriorYears>
                                            <proc:PriorYear>1.03</proc:PriorYear>
                                            <proc:CurrentYear>1.226</proc:CurrentYear>
                                            <proc:BudgetYearOneBase>0.632</proc:BudgetYearOneBase>
                                            <proc:BudgetYearOne>0.632</proc:BudgetYearOne>
                                        </proc:TotalCost>
                                    </proc:Cost>
                                </proc:CostElement>
                                <proc:CostElement>
                                    <proc:Name>Other Government Costs</proc:Name>
                                    <proc:Cost>
                                        <proc:TotalCost>
                                            <proc:AllPriorYears>47.586</proc:AllPriorYears>
                                            <proc:PriorYear>16.233</proc:PriorYear>
                                            <proc:CurrentYear>8.42</proc:CurrentYear>
                                            <proc:BudgetYearOneBase>5.394</proc:BudgetYearOneBase>
                                            <proc:BudgetYearOne>5.394</proc:BudgetYearOne>
                                        </proc:TotalCost>
                                    </proc:Cost>
                                </proc:CostElement>
                            </proc:CostElementList>
                            <proc:CategorySubtotal>
                                <proc:TotalCost>
                                    <proc:AllPriorYears>189.164</proc:AllPriorYears>
                                    <proc:PriorYear>96.251</proc:PriorYear>
                                    <proc:CurrentYear>125.337</proc:CurrentYear>
                                    <proc:BudgetYearOneBase>59.787</proc:BudgetYearOneBase>
                                    <proc:BudgetYearOne>59.787</proc:BudgetYearOne>
                                </proc:TotalCost>
                            </proc:CategorySubtotal>
                        </proc:NonRecurring>
                        <proc:CategorySubtotal>
                            <proc:TotalCost>
                                <proc:AllPriorYears>433</proc:AllPriorYears>
                                <proc:PriorYear>264.688</proc:PriorYear>
                                <proc:CurrentYear>313.105</proc:CurrentYear>
                                <proc:BudgetYearOneBase>156.606</proc:BudgetYearOneBase>
                                <proc:BudgetYearOne>156.606</proc:BudgetYearOne>
                            </proc:TotalCost>
                        </proc:CategorySubtotal>
                    </proc:Flyaway>
                </proc:CostElementCategoryList>
            </proc:P5Item>
        </proc:ItemExhibitList>
        <proc:DocumentAssemblyOptions>
            <proc:p40AItemScheduleSetting>item</proc:p40AItemScheduleSetting>
        </proc:DocumentAssemblyOptions>
    </proc:LineItem>
</proc:LineItemList>