<?xml version="1.0" encoding="UTF-8"?>
<proc:LineItemList xmlns:proc="http://www.dtic.mil/comptroller/xml/schema/20100219/procurement">
    <proc:LineItem quantityUnits="Each" quantityUnitName="Each" unitCostUnits="Millions" totalCostUnits="Millions" manufacturerRateUnits="Monthly" combinedP5Flag="false">
        <proc:LineItemNumber>020401INTL</proc:LineItemNumber>
        <proc:LineItemTitle>DISTRIBUTED COMMON GROUND/SURFACE SYSTEM</proc:LineItemTitle>
        <proc:P1LineNumber>108</proc:P1LineNumber>
        <proc:BudgetYear>2026</proc:BudgetYear>
        <proc:BudgetCycle>PB</proc:BudgetCycle>
        <proc:SubmissionDate>2025-06</proc:SubmissionDate>
        <proc:ServiceAgencyName>United States Special Operations Command</proc:ServiceAgencyName>
        <proc:AppropriationNumber>0300D</proc:AppropriationNumber>
        <proc:AppropriationTitle>Procurement, Defense-Wide</proc:AppropriationTitle>
        <proc:BudgetActivityNumber>2</proc:BudgetActivityNumber>
        <proc:BudgetActivityTitle>Special Operations Command</proc:BudgetActivityTitle>
        <proc:BudgetSubActivityNumber>4</proc:BudgetSubActivityNumber>
        <proc:BudgetSubActivityTitle>Other Procurement Programs</proc:BudgetSubActivityTitle>
        <proc:ResourceSummary>
            <proc:TotalCost>
                <proc:AllPriorYears>173.677</proc:AllPriorYears>
                <proc:PriorYear>5.718</proc:PriorYear>
                <proc:CurrentYear>3.918</proc:CurrentYear>
                <proc:BudgetYearOneBase>2.824</proc:BudgetYearOneBase>
                <proc:BudgetYearOne>2.824</proc:BudgetYearOne>
                <proc:Continuing>true</proc:Continuing>
            </proc:TotalCost>
            <proc:NetProcurementP1>
                <proc:AllPriorYears>173.677</proc:AllPriorYears>
                <proc:PriorYear>5.718</proc:PriorYear>
                <proc:CurrentYear>3.918</proc:CurrentYear>
                <proc:BudgetYearOneBase>2.824</proc:BudgetYearOneBase>
                <proc:BudgetYearOne>2.824</proc:BudgetYearOne>
                <proc:Continuing>true</proc:Continuing>
            </proc:NetProcurementP1>
            <proc:TotalObligationAuthority>
                <proc:AllPriorYears>173.677</proc:AllPriorYears>
                <proc:PriorYear>5.718</proc:PriorYear>
                <proc:CurrentYear>3.918</proc:CurrentYear>
                <proc:BudgetYearOneBase>2.824</proc:BudgetYearOneBase>
                <proc:BudgetYearOne>2.824</proc:BudgetYearOne>
                <proc:Continuing>true</proc:Continuing>
            </proc:TotalObligationAuthority>
        </proc:ResourceSummary>
        <proc:OtherRelatedProgramElementList>
            <proc:ProgramElementNumber>0305208BB</proc:ProgramElementNumber>
        </proc:OtherRelatedProgramElementList>
        <proc:Description>This Line Item is part of the Military Intelligence Program (MIP). The Distributed Common Ground/Surface System - Special Operations Forces (DCGS-SOF), Program Number 837, is part of a family of systems providing rapid fielding of Intelligence, Surveillance, and Reconnaissance Processing, Exploitation, Dissemination (PED), and analytical capabilities at the Combatant Commands (COCOMs), Component/Theater Special Operations Command (TSOC) level and below through a combination of reach back, forward support, and collaboration.  The mission tailored infrastructure interconnects the warfighter, analysts, and sensors to find and fix High Value Targets and provides a network-enabled, interoperable construct allowing continual, unimpeded sharing of intelligence data, information and services with SOF and between the Services, other national intelligence agencies, COCOMs and multi-national partners.  It connects the SOF warfighter and analysts with essential intelligence information and provides situational awareness information to SOF leadership at all echelons.  The components of DCGS-SOF include Enterprise/All Source Information Fusion (ENT/ASIF) and SOF Geospatial Intelligence Imagery Processing, Exploitation, and Dissemination (SGIP).  The ENT/ASIF provides infrastructure, processing and intelligence analytical tools to allow for worldwide SOF intelligence information sharing via a globally connected cloud-based architecture as well as a forward disconnected capability. The SGIP provides capabilities in garrison and deployed environments for the PED of crewed and uncrewed sensors.</proc:Description>
        <proc:Justification>FY 2026 BASE PROGRAM JUSTIFICATION:  Funds the SGIP Deployable / Tactical Hardware, and Garrison infrastructure Hardware Capital Equipment Replacement Program (CERP) (3-5 years).

FY 2025 to FY 2026 decrease of $1.094 million is due to a reduction in the procurement of Deployable / Tactical Processing, Exploitation and Dissemination (PED) hardware and Garrison infrastructure capital equipment in the SOF Geospatial Intelligence Imagery Processing, Exploitation, &amp; Dissemination (SGIP) program of record. ENT/ASIF has transitioned to the Software Acquisition Pathway and will no longer require the procurement of IT equipment after FY 2025.</proc:Justification>
        <proc:MDAPCode>0000</proc:MDAPCode>
        <proc:ItemExhibitList>
            <proc:P40AItemGroup>
                <proc:Name>Distributed Common Ground/Surface System (DCGS)</proc:Name>
                <proc:CategoryList>
                    <proc:Category>
                        <proc:Name>Distributed Common Ground/Surface System Program Number 837</proc:Name>
                        <proc:ItemList>
                            <proc:Item>
                                <proc:Name>DCGS - SOF Advanced Analytics</proc:Name>
                                <proc:ItemNumber>1</proc:ItemNumber>
                                <proc:ResourceSummary>
                                    <proc:TotalCost>
                                        <proc:AllPriorYears>14.303</proc:AllPriorYears>
                                        <proc:PriorYear>0.082</proc:PriorYear>
                                        <proc:CurrentYear footnote="(1) FY 2025 to FY2026 decrease of $0.051 million is due to the transition of DCGS Enterprise/All-source Information Fusion (ENT/ASIF) program of record into the Software Acquisition pathway, ending the need for procurement of Information Technology hardware.">0.051</proc:CurrentYear>
                                    </proc:TotalCost>
                                </proc:ResourceSummary>
                            </proc:Item>
                            <proc:Item>
                                <proc:Name footnote="Funds the SGIP Deployable / Tactical Hardware, and Garrison infrastructure Hardware Capital Equipment Replacement (CERP) (3-5 years): Fluctuations in Fiscal Year estimates/requests is reflective of variance between partial component CERP and full System CERP requirements based upon varying equipment utilization.">Deployable/Tactical SOF Geospatial Intelligence Processing Hardware</proc:Name>
                                <proc:ItemNumber>2</proc:ItemNumber>
                                <proc:ResourceSummary>
                                    <proc:TotalCost>
                                        <proc:AllPriorYears>12.19</proc:AllPriorYears>
                                        <proc:PriorYear>1.809</proc:PriorYear>
                                        <proc:CurrentYear>1.505</proc:CurrentYear>
                                        <proc:BudgetYearOneBase footnote="FY 2025 to FY 2026 decrease of $0.396 million is due to a reduction in the procurement of Deployable / Tactical Processing, Exploitation and Dissemination (PED) infrastructure and replacement equipment.">1.109</proc:BudgetYearOneBase>
                                        <proc:BudgetYearOne>1.109</proc:BudgetYearOne>
                                    </proc:TotalCost>
                                </proc:ResourceSummary>
                            </proc:Item>
                            <proc:Item>
                                <proc:Name>Garrison SGIP Infrastructure Hardware Capital Equipment Replacement Program (CERP)</proc:Name>
                                <proc:ItemNumber>3</proc:ItemNumber>
                                <proc:ResourceSummary>
                                    <proc:TotalCost>
                                        <proc:AllPriorYears>26.581</proc:AllPriorYears>
                                        <proc:PriorYear>3.827</proc:PriorYear>
                                        <proc:CurrentYear>2.362</proc:CurrentYear>
                                        <proc:BudgetYearOneBase footnote="FY 2025 to FY 2026 decrease of $0.647 million is due to a reduction in the procurement of Garrison Processing, Exploitation and Dissemination (PED) infrastructure and replacement equipment.">1.715</proc:BudgetYearOneBase>
                                        <proc:BudgetYearOne>1.715</proc:BudgetYearOne>
                                    </proc:TotalCost>
                                </proc:ResourceSummary>
                            </proc:Item>
                            <proc:Item>
                                <proc:Name>Prior Year Funding</proc:Name>
                                <proc:ItemNumber>4</proc:ItemNumber>
                                <proc:ResourceSummary>
                                    <proc:TotalCost>
                                        <proc:AllPriorYears>40.993</proc:AllPriorYears>
                                    </proc:TotalCost>
                                </proc:ResourceSummary>
                            </proc:Item>
                            <proc:Item>
                                <proc:Name>Prior Year Funding (OCO)</proc:Name>
                                <proc:ItemNumber>5</proc:ItemNumber>
                                <proc:ResourceSummary>
                                    <proc:TotalCost>
                                        <proc:AllPriorYears>79.61</proc:AllPriorYears>
                                    </proc:TotalCost>
                                </proc:ResourceSummary>
                            </proc:Item>
                        </proc:ItemList>
                        <proc:CategorySubtotal>
                            <proc:TotalCost>
                                <proc:AllPriorYears>173.677</proc:AllPriorYears>
                                <proc:PriorYear>5.718</proc:PriorYear>
                                <proc:CurrentYear>3.918</proc:CurrentYear>
                                <proc:BudgetYearOneBase>2.824</proc:BudgetYearOneBase>
                                <proc:BudgetYearOne>2.824</proc:BudgetYearOne>
                            </proc:TotalCost>
                        </proc:CategorySubtotal>
                    </proc:Category>
                </proc:CategoryList>
                <proc:TotalCost>
                    <proc:TotalCost>
                        <proc:AllPriorYears>173.677</proc:AllPriorYears>
                        <proc:PriorYear>5.718</proc:PriorYear>
                        <proc:CurrentYear>3.918</proc:CurrentYear>
                        <proc:BudgetYearOneBase>2.824</proc:BudgetYearOneBase>
                        <proc:BudgetYearOne>2.824</proc:BudgetYearOne>
                    </proc:TotalCost>
                </proc:TotalCost>
            </proc:P40AItemGroup>
        </proc:ItemExhibitList>
        <proc:DocumentAssemblyOptions>
            <proc:p40AItemScheduleSetting>total</proc:p40AItemScheduleSetting>
        </proc:DocumentAssemblyOptions>
    </proc:LineItem>
</proc:LineItemList>