<?xml version="1.0" encoding="UTF-8"?>
<proc:LineItemList xmlns:proc="http://www.dtic.mil/comptroller/xml/schema/20100219/procurement">
    <proc:LineItem quantityUnits="Each" quantityUnitName="Each" unitCostUnits="Dollars" totalCostUnits="Millions" manufacturerRateUnits="Monthly" combinedP5Flag="false">
        <proc:LineItemNumber>0203ORD</proc:LineItemNumber>
        <proc:LineItemTitle>ORDNANCE ITEMS &lt;$5M</proc:LineItemTitle>
        <proc:P1LineNumber>106</proc:P1LineNumber>
        <proc:BudgetYear>2026</proc:BudgetYear>
        <proc:BudgetCycle>PB</proc:BudgetCycle>
        <proc:SubmissionDate>2025-06</proc:SubmissionDate>
        <proc:ServiceAgencyName>United States Special Operations Command</proc:ServiceAgencyName>
        <proc:AppropriationNumber>0300D</proc:AppropriationNumber>
        <proc:AppropriationTitle>Procurement, Defense-Wide</proc:AppropriationTitle>
        <proc:BudgetActivityNumber>2</proc:BudgetActivityNumber>
        <proc:BudgetActivityTitle>Special Operations Command</proc:BudgetActivityTitle>
        <proc:BudgetSubActivityNumber>3</proc:BudgetSubActivityNumber>
        <proc:BudgetSubActivityTitle>Ammunition Programs</proc:BudgetSubActivityTitle>
        <proc:ResourceSummary>
            <proc:TotalCost>
                <proc:AllPriorYears>2345.166</proc:AllPriorYears>
                <proc:PriorYear>147.033</proc:PriorYear>
                <proc:CurrentYear>130.702</proc:CurrentYear>
                <proc:BudgetYearOneBase>116.972</proc:BudgetYearOneBase>
                <proc:BudgetYearOne>116.972</proc:BudgetYearOne>
            </proc:TotalCost>
            <proc:NetProcurementP1>
                <proc:AllPriorYears>2345.166</proc:AllPriorYears>
                <proc:PriorYear>147.033</proc:PriorYear>
                <proc:CurrentYear>130.702</proc:CurrentYear>
                <proc:BudgetYearOneBase>116.972</proc:BudgetYearOneBase>
                <proc:BudgetYearOne>116.972</proc:BudgetYearOne>
            </proc:NetProcurementP1>
            <proc:TotalObligationAuthority>
                <proc:AllPriorYears>2345.166</proc:AllPriorYears>
                <proc:PriorYear>147.033</proc:PriorYear>
                <proc:CurrentYear>130.702</proc:CurrentYear>
                <proc:BudgetYearOneBase>116.972</proc:BudgetYearOneBase>
                <proc:BudgetYearOne>116.972</proc:BudgetYearOne>
            </proc:TotalObligationAuthority>
        </proc:ResourceSummary>
        <proc:OtherRelatedProgramElementList>
            <proc:ProgramElementNumber>1160481BB</proc:ProgramElementNumber>
            <proc:ProgramElementNumber>1160431BB</proc:ProgramElementNumber>
        </proc:OtherRelatedProgramElementList>
        <proc:Description>This Line Item funds ordnance items, munitions, small/medium/large caliber ammunition, demolitions, pyrotechnics, explosive initiation devices, underwater munitions, grenades, foreign weapons and ammunition, air delivered munitions, precision guided munitions, and rockets for Special Operations Forces (SOF).  Ammunition provided will allow SOF components to accomplish the required rapid fielding, annual training, support required combat missions and build toward the required war reserve quantities.

ELEMENT       FY 2024        FY 2025        FY 2026
Unclassified     $140.939      $124.501       $112.412
Classified             $6.094          $6.201           $4.560
TOTAL             $147.033      $130.702       $116.972</proc:Description>
        <proc:Justification>1. Air Delivered Munitions. Provides 20+ AC-130 gunship munitions to include several tactical and training configurations of the 30mm, 105mm and fuzes, including the associated safety certification, Insensitive Munitions (IM) production verification testing, production engineering, and transportation.

FY 2026 PROGRAM JUSTIFICATION: Procures and qualifies 48,000 30MM air delivered ammunition to meet mission requirements essential to maintain AC-130 Gunship crew mission-related readiness skills and provide combat mission support. Actual quantities vary depending on training requirements.


2. Small Caliber Bullets. Provides 75+ barrel launched munitions including the associated safety certification, Insensitive Munitions production verification testing, production engineering and transportation. Provides several tactical and training configurations of the U.S. and non-standard foreign munitions, weapons and related equipment, in calibers of 4.6mm, 5.45mm, 5.56mm, 6.5mm, .260, 7.62mm, .300NM, .338NM, 9mm, .357, .380, .40, .44, .45, .50 caliber, 12.7mm, 14.7mm, 12 gauge, 25mm, 40mm, 60mm, 64mm, 66mm, 81mm, 84mm, 105mm, 4.2", 107mm, 120mm, 155mm, rocket propelled grenades and other calibers as required.

FY 2026 PROGRAM JUSTIFICATION: Funding procures the following munitions: Handgun; Rifle; Sniper Rifle; and Machine Gun (all types of 5.56mm, 7.62mm, .300 BLK, .50 Caliber, 6.5MM, .300NM, .338NM and others as required); replenishes munitions expended in real-world events and training. Procures various types of non-standard foreign ammunition. Actual quantities vary depending on training requirements.

FY 2025 to FY 2026 Net increase of $2.132 million includes $0.298 million realigned to Operation and Maintenance (O&amp;M), Maintenance Sub Activity Group. Funds procurement of required munitions.

3. Demolition, Breaching and Pyrotechnics. Provides 85+ munitions including the associated safety certification, Insensitive Munitions production verification testing, production engineering, and transportation.  Provides several tactical and training configurations of munitions and related equipment of explosively formed penetrators, conical shape charges, linear shaped charges, diversionary devices, demolition hand grenades, breaching devices, demolition hand grenades, breaching devices, explosives, firing devices, underwater munitions, flares, signaling devices, along with tools, equipment, and attaching devices for constructing and emplacing a variety of demolition charges and other munitions as required. Funding will accelerate fielding upgraded capabilities while at the same time fielding innovative technologies and creative operational concepts to target adversary vulnerabilities.

FY 2025 to FY 2026 increase of $4.555 million to support procurement of required devices and training requirements.

FY 2026 PROGRAM JUSTIFICATION: Procures grenades (offensive/smoke), training devices, a variety of demolition materiel consisting of explosives, firing devices, accessories, and flares. Replenishes munitions expended in real-world events and training. Actual quantities vary depending on training requirements.

4. Shoulder-Fired Munitions and Rockets. Provides unguided and laser-guided shoulder fired munitions, launchers and rockets, including the associated safety certification, IM qualification, production engineering, and transportation. Provides tactical and training configurations of munitions and related equipment providing armored vehicle destruction, bunker and hardened facility destruction, soft target destruction, fire from enclosure, anti-personnel, smoke obscuration, visible and infrared illumination, as well as sub-caliber training devices with back blast simulation. These systems give SOF extended range fires to operate where no artillery, mortar, or armor support is available.

FY 2026 JUSTIFICATION: Procures shoulder fired munitions, launchers and rockets. Replenishes munitions expended in real-world events and training. Actual quantities vary depending on training requirements.


5. Stand-Off Precision Guided Munitions (SOPGM), Program Number 8XE. Provides precision guided munitions including the associated safety certification, IM qualification, production engineering, transportation, and provides for the integration of service-common and SO-peculiar (SO-p) SOPGM onto SOF platforms to support lethal strike and armed overwatch capability on the battlefield. Includes procurement of SO-p munitions for designated SOF platforms and modification of service-provided munitions to meet specific SOF mission sets including first-pass lethality, low collateral damage requirements, net enabled weapons, and dynamic moving targets. The SOPGM program has been designated a Major Capability Acquisition (MCA) at Milestone C, in accordance with the authority in DoD Directive 5135.02, the guidance in DoD Instruction 5000.85. The purpose of the MCA is to acquire air-to-ground precision guided munitions capabilities by delivering first pass lethality against targets requiring a one-shot kill engagement and also includes integration of long-range, low-cost strike missiles, and improved warheads to support global operations in diverse environments with varying threat level. 

FY 2026 PROGRAM JUSTIFICATION: Procures 175 Hellfire modifications/All Up Rounds, 84 small cruise missiles, as well as necessary integration/shipping services. SOPGM unit costs are estimates; the price fluctuates based on quantities of systems procured during the ordering period.

FY 2025 to FY 2026 net increase of $2.643 million supports increased costs for Hellfire missile Selectable Precision Effects Articulated (SPEAR) warhead integration and shipping and small cruise missile procurement.


6. Ground Organic Precision Strike Systems (GOPSS), Program Number 710. Provides a family of precision strike munitions with the ability to rapidly launch, fly, track and engage stationary and moving targets in a variety of environments. GOPSS provides SOF units an organic capability in contested and multi-domain battlefield where close-air support may not be available. Man-packable, crew served, and vehicle mounted systems with Electro-Optical/Infrared sensor downlink keeps operators in-the-loop. Datalink, global positioning system, and inertial aided guidance extends range beyond laser-guided shoulder launched munitions.

FY 2026 PROGRAM JUSTIFICATION: Procures 12 Vertical Take-Off and Landing (VTOL) micro munitions, 4 VTOL control kits micro, 24 crew-served PSS munitions, 5 crew-served ground data terminals, 4 crew-served fire control kits, 8 crew-served spares, and 3 crew-served simulators. Actual quantities may vary based on actual funding and the overall GOPSS requirement. Funding supports planned GOPSS allocations for Marine Special Operations Command and Naval Special Warfare Command.

FY 2025 to FY 2026 decrease of $21.320 million is due to reprioritization of FY 2024 FY 2025 funding between Demolition and GOPSS programs to take advantage of cost savings achieved through larger bulk buys for both programs, resulting in purchase of increased quantities at lower prices, as well as the projected completion of HERO-120 system procurement for United States Army Special Operations Command in FY 2025.


7. Classified Program. Details are provided under separate cover.</proc:Justification>
        <proc:ItemExhibitList>
            <proc:P40AItemGroup>
                <proc:Name>ORDNANCE ITEMS &lt;$5M</proc:Name>
                <proc:CategoryList>
                    <proc:Category>
                        <proc:Name>1. Air Delivered Munitions</proc:Name>
                        <proc:ItemList>
                            <proc:Item>
                                <proc:Name>105MM</proc:Name>
                                <proc:ItemNumber>1a</proc:ItemNumber>
                                <proc:ResourceSummary>
                                    <proc:Quantity>
                                        <proc:CurrentYear>3800</proc:CurrentYear>
                                    </proc:Quantity>
                                    <proc:TotalCost>
                                        <proc:AllPriorYears>176.06</proc:AllPriorYears>
                                        <proc:CurrentYear>3.691</proc:CurrentYear>
                                    </proc:TotalCost>
                                    <proc:UnitCost>
                                        <proc:CurrentYear>971.36</proc:CurrentYear>
                                    </proc:UnitCost>
                                </proc:ResourceSummary>
                            </proc:Item>
                            <proc:Item>
                                <proc:Name>30MM</proc:Name>
                                <proc:ItemNumber>1b</proc:ItemNumber>
                                <proc:ResourceSummary>
                                    <proc:Quantity>
                                        <proc:PriorYear>60110</proc:PriorYear>
                                        <proc:CurrentYear>26480</proc:CurrentYear>
                                        <proc:BudgetYearOneBase>48000</proc:BudgetYearOneBase>
                                        <proc:BudgetYearOne>48000</proc:BudgetYearOne>
                                    </proc:Quantity>
                                    <proc:TotalCost>
                                        <proc:AllPriorYears>102.392</proc:AllPriorYears>
                                        <proc:PriorYear>9.921</proc:PriorYear>
                                        <proc:CurrentYear>4.465</proc:CurrentYear>
                                        <proc:BudgetYearOneBase>8.268</proc:BudgetYearOneBase>
                                        <proc:BudgetYearOne>8.268</proc:BudgetYearOne>
                                    </proc:TotalCost>
                                    <proc:UnitCost>
                                        <proc:PriorYear>165.04</proc:PriorYear>
                                        <proc:CurrentYear>168.62</proc:CurrentYear>
                                        <proc:BudgetYearOneBase>172.24</proc:BudgetYearOneBase>
                                        <proc:BudgetYearOne>172.24</proc:BudgetYearOne>
                                    </proc:UnitCost>
                                </proc:ResourceSummary>
                            </proc:Item>
                            <proc:Item>
                                <proc:Name>Prior Years Funding</proc:Name>
                                <proc:ItemNumber>1c</proc:ItemNumber>
                                <proc:ResourceSummary>
                                    <proc:TotalCost>
                                        <proc:AllPriorYears>64.293</proc:AllPriorYears>
                                    </proc:TotalCost>
                                </proc:ResourceSummary>
                            </proc:Item>
                            <proc:Item>
                                <proc:Name>Prior Years Funding - Overseas Contingency Operations (OCO)</proc:Name>
                                <proc:ItemNumber>1d</proc:ItemNumber>
                                <proc:ResourceSummary>
                                    <proc:TotalCost>
                                        <proc:AllPriorYears>10.769</proc:AllPriorYears>
                                    </proc:TotalCost>
                                </proc:ResourceSummary>
                            </proc:Item>
                        </proc:ItemList>
                        <proc:CategorySubtotal>
                            <proc:TotalCost>
                                <proc:AllPriorYears>353.514</proc:AllPriorYears>
                                <proc:PriorYear>9.921</proc:PriorYear>
                                <proc:CurrentYear>8.156</proc:CurrentYear>
                                <proc:BudgetYearOneBase>8.268</proc:BudgetYearOneBase>
                                <proc:BudgetYearOne>8.268</proc:BudgetYearOne>
                            </proc:TotalCost>
                        </proc:CategorySubtotal>
                    </proc:Category>
                    <proc:Category>
                        <proc:Name>2. Small Caliber Bullets</proc:Name>
                        <proc:ItemList>
                            <proc:Item>
                                <proc:Name>40MM</proc:Name>
                                <proc:ItemNumber>2a</proc:ItemNumber>
                                <proc:ResourceSummary>
                                    <proc:Quantity>
                                        <proc:PriorYear>5000</proc:PriorYear>
                                        <proc:CurrentYear>4000</proc:CurrentYear>
                                        <proc:BudgetYearOneBase>3000</proc:BudgetYearOneBase>
                                        <proc:BudgetYearOne>3000</proc:BudgetYearOne>
                                    </proc:Quantity>
                                    <proc:TotalCost>
                                        <proc:AllPriorYears>8.051</proc:AllPriorYears>
                                        <proc:PriorYear>0.262</proc:PriorYear>
                                        <proc:CurrentYear>0.217</proc:CurrentYear>
                                        <proc:BudgetYearOneBase>0.165</proc:BudgetYearOneBase>
                                        <proc:BudgetYearOne>0.165</proc:BudgetYearOne>
                                    </proc:TotalCost>
                                    <proc:UnitCost>
                                        <proc:PriorYear>52.33</proc:PriorYear>
                                        <proc:CurrentYear>54.2</proc:CurrentYear>
                                        <proc:BudgetYearOneBase>55.11</proc:BudgetYearOneBase>
                                        <proc:BudgetYearOne>55.11</proc:BudgetYearOne>
                                    </proc:UnitCost>
                                </proc:ResourceSummary>
                            </proc:Item>
                            <proc:Item>
                                <proc:Name>Handgun Ammunition</proc:Name>
                                <proc:ItemNumber>2b</proc:ItemNumber>
                                <proc:ResourceSummary>
                                    <proc:Quantity>
                                        <proc:PriorYear>300000</proc:PriorYear>
                                        <proc:CurrentYear>225000</proc:CurrentYear>
                                        <proc:BudgetYearOneBase>180000</proc:BudgetYearOneBase>
                                        <proc:BudgetYearOne>180000</proc:BudgetYearOne>
                                    </proc:Quantity>
                                    <proc:TotalCost>
                                        <proc:AllPriorYears>1.484</proc:AllPriorYears>
                                        <proc:PriorYear>0.195</proc:PriorYear>
                                        <proc:CurrentYear>0.153</proc:CurrentYear>
                                        <proc:BudgetYearOneBase>0.128</proc:BudgetYearOneBase>
                                        <proc:BudgetYearOne>0.128</proc:BudgetYearOne>
                                    </proc:TotalCost>
                                    <proc:UnitCost>
                                        <proc:PriorYear>0.65</proc:PriorYear>
                                        <proc:CurrentYear>0.68</proc:CurrentYear>
                                        <proc:BudgetYearOneBase>0.71</proc:BudgetYearOneBase>
                                        <proc:BudgetYearOne>0.71</proc:BudgetYearOne>
                                    </proc:UnitCost>
                                </proc:ResourceSummary>
                            </proc:Item>
                            <proc:Item>
                                <proc:Name>Rifle Ammunition</proc:Name>
                                <proc:ItemNumber>2c</proc:ItemNumber>
                                <proc:ResourceSummary>
                                    <proc:Quantity>
                                        <proc:PriorYear>6400000</proc:PriorYear>
                                        <proc:CurrentYear>6015000</proc:CurrentYear>
                                        <proc:BudgetYearOneBase>4000000</proc:BudgetYearOneBase>
                                        <proc:BudgetYearOne>4000000</proc:BudgetYearOne>
                                    </proc:Quantity>
                                    <proc:TotalCost>
                                        <proc:AllPriorYears>121.275</proc:AllPriorYears>
                                        <proc:PriorYear>11.52</proc:PriorYear>
                                        <proc:CurrentYear>11.188</proc:CurrentYear>
                                        <proc:BudgetYearOneBase>7.72</proc:BudgetYearOneBase>
                                        <proc:BudgetYearOne>7.72</proc:BudgetYearOne>
                                    </proc:TotalCost>
                                    <proc:UnitCost>
                                        <proc:PriorYear>1.8</proc:PriorYear>
                                        <proc:CurrentYear>1.86</proc:CurrentYear>
                                        <proc:BudgetYearOneBase>1.93</proc:BudgetYearOneBase>
                                        <proc:BudgetYearOne>1.93</proc:BudgetYearOne>
                                    </proc:UnitCost>
                                </proc:ResourceSummary>
                            </proc:Item>
                            <proc:Item>
                                <proc:Name>Machine-Gun Ammunition</proc:Name>
                                <proc:ItemNumber>2d</proc:ItemNumber>
                                <proc:ResourceSummary>
                                    <proc:Quantity>
                                        <proc:PriorYear>6239429</proc:PriorYear>
                                        <proc:CurrentYear>1906143</proc:CurrentYear>
                                        <proc:BudgetYearOneBase>4121500</proc:BudgetYearOneBase>
                                        <proc:BudgetYearOne>4121500</proc:BudgetYearOne>
                                    </proc:Quantity>
                                    <proc:TotalCost>
                                        <proc:AllPriorYears>148.313</proc:AllPriorYears>
                                        <proc:PriorYear>17.471</proc:PriorYear>
                                        <proc:CurrentYear>5.585</proc:CurrentYear>
                                        <proc:BudgetYearOneBase>12.612</proc:BudgetYearOneBase>
                                        <proc:BudgetYearOne>12.612</proc:BudgetYearOne>
                                    </proc:TotalCost>
                                    <proc:UnitCost>
                                        <proc:PriorYear>2.8</proc:PriorYear>
                                        <proc:CurrentYear>2.93</proc:CurrentYear>
                                        <proc:BudgetYearOneBase>3.06</proc:BudgetYearOneBase>
                                        <proc:BudgetYearOne>3.06</proc:BudgetYearOne>
                                    </proc:UnitCost>
                                </proc:ResourceSummary>
                            </proc:Item>
                            <proc:Item>
                                <proc:Name>Foreign Ammunition</proc:Name>
                                <proc:ItemNumber>2e</proc:ItemNumber>
                                <proc:ResourceSummary>
                                    <proc:Quantity>
                                        <proc:PriorYear>1500000</proc:PriorYear>
                                        <proc:CurrentYear>2000000</proc:CurrentYear>
                                        <proc:BudgetYearOneBase>1000000</proc:BudgetYearOneBase>
                                        <proc:BudgetYearOne>1000000</proc:BudgetYearOne>
                                    </proc:Quantity>
                                    <proc:TotalCost>
                                        <proc:AllPriorYears>34.592</proc:AllPriorYears>
                                        <proc:PriorYear>2.04</proc:PriorYear>
                                        <proc:CurrentYear>2.82</proc:CurrentYear>
                                        <proc:BudgetYearOneBase>1.47</proc:BudgetYearOneBase>
                                        <proc:BudgetYearOne>1.47</proc:BudgetYearOne>
                                    </proc:TotalCost>
                                    <proc:UnitCost>
                                        <proc:PriorYear>1.36</proc:PriorYear>
                                        <proc:CurrentYear>1.41</proc:CurrentYear>
                                        <proc:BudgetYearOneBase>1.47</proc:BudgetYearOneBase>
                                        <proc:BudgetYearOne>1.47</proc:BudgetYearOne>
                                    </proc:UnitCost>
                                </proc:ResourceSummary>
                            </proc:Item>
                            <proc:Item>
                                <proc:Name>Linked Machine-Gun Ammunition</proc:Name>
                                <proc:ItemNumber>2f</proc:ItemNumber>
                                <proc:ResourceSummary>
                                    <proc:TotalCost>
                                        <proc:AllPriorYears>1.66</proc:AllPriorYears>
                                    </proc:TotalCost>
                                </proc:ResourceSummary>
                            </proc:Item>
                            <proc:Item>
                                <proc:Name>Prior Years Funding</proc:Name>
                                <proc:ItemNumber>2g</proc:ItemNumber>
                                <proc:ResourceSummary>
                                    <proc:TotalCost>
                                        <proc:AllPriorYears>4.376</proc:AllPriorYears>
                                    </proc:TotalCost>
                                </proc:ResourceSummary>
                            </proc:Item>
                            <proc:Item>
                                <proc:Name>Prior Years Funding - OCO</proc:Name>
                                <proc:ItemNumber>2h</proc:ItemNumber>
                                <proc:ResourceSummary>
                                    <proc:TotalCost>
                                        <proc:AllPriorYears>0.478</proc:AllPriorYears>
                                    </proc:TotalCost>
                                </proc:ResourceSummary>
                            </proc:Item>
                        </proc:ItemList>
                        <proc:CategorySubtotal>
                            <proc:TotalCost>
                                <proc:AllPriorYears>320.229</proc:AllPriorYears>
                                <proc:PriorYear>31.488</proc:PriorYear>
                                <proc:CurrentYear>19.963</proc:CurrentYear>
                                <proc:BudgetYearOneBase>22.095</proc:BudgetYearOneBase>
                                <proc:BudgetYearOne>22.095</proc:BudgetYearOne>
                            </proc:TotalCost>
                        </proc:CategorySubtotal>
                    </proc:Category>
                    <proc:Category>
                        <proc:Name>3. Demolition, Breaching, and Pyrotechnics</proc:Name>
                        <proc:ItemList>
                            <proc:Item>
                                <proc:Name>Grenade Offensive/Smoke (All Types)</proc:Name>
                                <proc:ItemNumber>3a</proc:ItemNumber>
                                <proc:ResourceSummary>
                                    <proc:Quantity>
                                        <proc:PriorYear>16000</proc:PriorYear>
                                        <proc:CurrentYear>13854</proc:CurrentYear>
                                        <proc:BudgetYearOneBase>12000</proc:BudgetYearOneBase>
                                        <proc:BudgetYearOne>12000</proc:BudgetYearOne>
                                    </proc:Quantity>
                                    <proc:TotalCost>
                                        <proc:AllPriorYears>32.595</proc:AllPriorYears>
                                        <proc:PriorYear>1.906</proc:PriorYear>
                                        <proc:CurrentYear>1.677</proc:CurrentYear>
                                        <proc:BudgetYearOneBase>1.476</proc:BudgetYearOneBase>
                                        <proc:BudgetYearOne>1.476</proc:BudgetYearOne>
                                    </proc:TotalCost>
                                    <proc:UnitCost>
                                        <proc:PriorYear>119.14</proc:PriorYear>
                                        <proc:CurrentYear>121.04</proc:CurrentYear>
                                        <proc:BudgetYearOneBase>122.98</proc:BudgetYearOneBase>
                                        <proc:BudgetYearOne>122.98</proc:BudgetYearOne>
                                    </proc:UnitCost>
                                </proc:ResourceSummary>
                            </proc:Item>
                            <proc:Item>
                                <proc:Name>Training Devices</proc:Name>
                                <proc:ItemNumber>3b</proc:ItemNumber>
                                <proc:ResourceSummary>
                                    <proc:Quantity>
                                        <proc:PriorYear>8000</proc:PriorYear>
                                        <proc:CurrentYear>7000</proc:CurrentYear>
                                        <proc:BudgetYearOneBase>7000</proc:BudgetYearOneBase>
                                        <proc:BudgetYearOne>7000</proc:BudgetYearOne>
                                    </proc:Quantity>
                                    <proc:TotalCost>
                                        <proc:AllPriorYears>12.13</proc:AllPriorYears>
                                        <proc:PriorYear>1.794</proc:PriorYear>
                                        <proc:CurrentYear>1.607</proc:CurrentYear>
                                        <proc:BudgetYearOneBase>1.641</proc:BudgetYearOneBase>
                                        <proc:BudgetYearOne>1.641</proc:BudgetYearOne>
                                    </proc:TotalCost>
                                    <proc:UnitCost>
                                        <proc:PriorYear>224.24</proc:PriorYear>
                                        <proc:CurrentYear>229.53</proc:CurrentYear>
                                        <proc:BudgetYearOneBase>234.42</proc:BudgetYearOneBase>
                                        <proc:BudgetYearOne>234.42</proc:BudgetYearOne>
                                    </proc:UnitCost>
                                </proc:ResourceSummary>
                            </proc:Item>
                            <proc:Item>
                                <proc:Name>Explosives, Firing Devices, and Accessories</proc:Name>
                                <proc:ItemNumber>3c</proc:ItemNumber>
                                <proc:ResourceSummary>
                                    <proc:Quantity>
                                        <proc:PriorYear>38954</proc:PriorYear>
                                        <proc:CurrentYear>35000</proc:CurrentYear>
                                        <proc:BudgetYearOneBase>29000</proc:BudgetYearOneBase>
                                        <proc:BudgetYearOne>29000</proc:BudgetYearOne>
                                    </proc:Quantity>
                                    <proc:TotalCost>
                                        <proc:AllPriorYears>86.055</proc:AllPriorYears>
                                        <proc:PriorYear>9.023</proc:PriorYear>
                                        <proc:CurrentYear>8.157</proc:CurrentYear>
                                        <proc:BudgetYearOneBase>6.819</proc:BudgetYearOneBase>
                                        <proc:BudgetYearOne>6.819</proc:BudgetYearOne>
                                    </proc:TotalCost>
                                    <proc:UnitCost>
                                        <proc:PriorYear>231.62</proc:PriorYear>
                                        <proc:CurrentYear>233.05</proc:CurrentYear>
                                        <proc:BudgetYearOneBase>235.15</proc:BudgetYearOneBase>
                                        <proc:BudgetYearOne>235.15</proc:BudgetYearOne>
                                    </proc:UnitCost>
                                </proc:ResourceSummary>
                            </proc:Item>
                            <proc:Item>
                                <proc:Name>Flares</proc:Name>
                                <proc:ItemNumber>3d</proc:ItemNumber>
                                <proc:ResourceSummary>
                                    <proc:Quantity>
                                        <proc:PriorYear>19000</proc:PriorYear>
                                        <proc:CurrentYear>6470</proc:CurrentYear>
                                        <proc:BudgetYearOneBase>14691</proc:BudgetYearOneBase>
                                        <proc:BudgetYearOne>14691</proc:BudgetYearOne>
                                    </proc:Quantity>
                                    <proc:TotalCost>
                                        <proc:AllPriorYears>64.853</proc:AllPriorYears>
                                        <proc:PriorYear>13.531</proc:PriorYear>
                                        <proc:CurrentYear>4.662</proc:CurrentYear>
                                        <proc:BudgetYearOneBase>10.721</proc:BudgetYearOneBase>
                                        <proc:BudgetYearOne>10.721</proc:BudgetYearOne>
                                    </proc:TotalCost>
                                    <proc:UnitCost>
                                        <proc:PriorYear>712.17</proc:PriorYear>
                                        <proc:CurrentYear>720.56</proc:CurrentYear>
                                        <proc:BudgetYearOneBase>729.76</proc:BudgetYearOneBase>
                                        <proc:BudgetYearOne>729.76</proc:BudgetYearOne>
                                    </proc:UnitCost>
                                </proc:ResourceSummary>
                            </proc:Item>
                            <proc:Item>
                                <proc:Name>Prior Years Funding - OCO</proc:Name>
                                <proc:ItemNumber>3e</proc:ItemNumber>
                                <proc:ResourceSummary>
                                    <proc:TotalCost>
                                        <proc:AllPriorYears>23</proc:AllPriorYears>
                                    </proc:TotalCost>
                                </proc:ResourceSummary>
                            </proc:Item>
                            <proc:Item>
                                <proc:Name>Prior Years Funding</proc:Name>
                                <proc:ItemNumber>3f</proc:ItemNumber>
                                <proc:ResourceSummary>
                                    <proc:TotalCost>
                                        <proc:AllPriorYears>2.133</proc:AllPriorYears>
                                    </proc:TotalCost>
                                </proc:ResourceSummary>
                            </proc:Item>
                        </proc:ItemList>
                        <proc:CategorySubtotal>
                            <proc:TotalCost>
                                <proc:AllPriorYears>220.766</proc:AllPriorYears>
                                <proc:PriorYear>26.255</proc:PriorYear>
                                <proc:CurrentYear>16.102</proc:CurrentYear>
                                <proc:BudgetYearOneBase>20.657</proc:BudgetYearOneBase>
                                <proc:BudgetYearOne>20.657</proc:BudgetYearOne>
                            </proc:TotalCost>
                        </proc:CategorySubtotal>
                    </proc:Category>
                    <proc:Category>
                        <proc:Name>4. Shoulder-Fired Munitions and Rockets</proc:Name>
                        <proc:ItemList>
                            <proc:Item>
                                <proc:Name>Shoulder-Fired Munitions</proc:Name>
                                <proc:ItemNumber>4a</proc:ItemNumber>
                                <proc:ResourceSummary>
                                    <proc:Quantity>
                                        <proc:PriorYear>8073</proc:PriorYear>
                                        <proc:CurrentYear>3192</proc:CurrentYear>
                                        <proc:BudgetYearOneBase>3027</proc:BudgetYearOneBase>
                                        <proc:BudgetYearOne>3027</proc:BudgetYearOne>
                                    </proc:Quantity>
                                    <proc:TotalCost>
                                        <proc:AllPriorYears>88.427</proc:AllPriorYears>
                                        <proc:PriorYear>14.577</proc:PriorYear>
                                        <proc:CurrentYear>5.814</proc:CurrentYear>
                                        <proc:BudgetYearOneBase>5.563</proc:BudgetYearOneBase>
                                        <proc:BudgetYearOne>5.563</proc:BudgetYearOne>
                                    </proc:TotalCost>
                                    <proc:UnitCost>
                                        <proc:PriorYear>1805.61</proc:PriorYear>
                                        <proc:CurrentYear>1821.35</proc:CurrentYear>
                                        <proc:BudgetYearOneBase>1837.72</proc:BudgetYearOneBase>
                                        <proc:BudgetYearOne>1837.72</proc:BudgetYearOne>
                                    </proc:UnitCost>
                                </proc:ResourceSummary>
                            </proc:Item>
                            <proc:Item>
                                <proc:Name>Ukraine Reimbursement Presidential Drawdown (UKRDP) Shoulder-Fired Munitions</proc:Name>
                                <proc:ItemNumber>4b</proc:ItemNumber>
                                <proc:ResourceSummary>
                                    <proc:TotalCost>
                                        <proc:AllPriorYears>1.726</proc:AllPriorYears>
                                    </proc:TotalCost>
                                </proc:ResourceSummary>
                            </proc:Item>
                            <proc:Item>
                                <proc:Name>Prior Years Funding</proc:Name>
                                <proc:ItemNumber>4c</proc:ItemNumber>
                                <proc:ResourceSummary>
                                    <proc:TotalCost>
                                        <proc:AllPriorYears>36.341</proc:AllPriorYears>
                                    </proc:TotalCost>
                                </proc:ResourceSummary>
                            </proc:Item>
                        </proc:ItemList>
                        <proc:CategorySubtotal>
                            <proc:TotalCost>
                                <proc:AllPriorYears>126.494</proc:AllPriorYears>
                                <proc:PriorYear>14.577</proc:PriorYear>
                                <proc:CurrentYear>5.814</proc:CurrentYear>
                                <proc:BudgetYearOneBase>5.563</proc:BudgetYearOneBase>
                                <proc:BudgetYearOne>5.563</proc:BudgetYearOne>
                            </proc:TotalCost>
                        </proc:CategorySubtotal>
                    </proc:Category>
                    <proc:Category>
                        <proc:Name>5. Stand-Off Precision Guided Munition (SOPGM)</proc:Name>
                        <proc:ItemList>
                            <proc:Item>
                                <proc:Name>SOF Hellfire Modifications/All Up Rounds (AUR)</proc:Name>
                                <proc:ItemNumber>5a</proc:ItemNumber>
                                <proc:ResourceSummary>
                                    <proc:Quantity>
                                        <proc:PriorYear>174</proc:PriorYear>
                                        <proc:CurrentYear>200</proc:CurrentYear>
                                        <proc:BudgetYearOneBase>175</proc:BudgetYearOneBase>
                                        <proc:BudgetYearOne>175</proc:BudgetYearOne>
                                    </proc:Quantity>
                                    <proc:TotalCost>
                                        <proc:AllPriorYears>17.483</proc:AllPriorYears>
                                        <proc:PriorYear>8.408</proc:PriorYear>
                                        <proc:CurrentYear>6.6</proc:CurrentYear>
                                        <proc:BudgetYearOneBase>10.5</proc:BudgetYearOneBase>
                                        <proc:BudgetYearOne>10.5</proc:BudgetYearOne>
                                    </proc:TotalCost>
                                    <proc:UnitCost>
                                        <proc:PriorYear>48319</proc:PriorYear>
                                        <proc:CurrentYear>33000</proc:CurrentYear>
                                        <proc:BudgetYearOneBase footnote="SOPGM: FY2026 increase is due to an overall increase in the cost to provide Hellfire with a Selectable Precision Effects Articulated (SPEAR) warhead. The SPEAR warhead is a dual mode warhead (Forward/ Radial) that allows the user to select different firing modes (Radial or forward blast) depending on the targets. This new variant will be integrated on both the AC-130 Gunship and the MQ-9 Platforms.">60000</proc:BudgetYearOneBase>
                                        <proc:BudgetYearOne>60000</proc:BudgetYearOne>
                                    </proc:UnitCost>
                                </proc:ResourceSummary>
                            </proc:Item>
                            <proc:Item>
                                <proc:Name>Munitions with Datalink</proc:Name>
                                <proc:ItemNumber>5b</proc:ItemNumber>
                                <proc:ResourceSummary>
                                    <proc:Quantity>
                                        <proc:PriorYear>268</proc:PriorYear>
                                    </proc:Quantity>
                                    <proc:TotalCost>
                                        <proc:AllPriorYears>71.966</proc:AllPriorYears>
                                        <proc:PriorYear>31.323</proc:PriorYear>
                                    </proc:TotalCost>
                                    <proc:UnitCost>
                                        <proc:PriorYear>116876</proc:PriorYear>
                                    </proc:UnitCost>
                                </proc:ResourceSummary>
                            </proc:Item>
                            <proc:Item>
                                <proc:Name>Small Cruise Missiles</proc:Name>
                                <proc:ItemNumber>5c</proc:ItemNumber>
                                <proc:ResourceSummary>
                                    <proc:Quantity>
                                        <proc:BudgetYearOneBase>84</proc:BudgetYearOneBase>
                                        <proc:BudgetYearOne>84</proc:BudgetYearOne>
                                    </proc:Quantity>
                                    <proc:TotalCost>
                                        <proc:BudgetYearOneBase footnote="Purchasing Small Cruise Missile in lieu of Small Guided Munitions for near-peer competition. Fulfilling requirement for stand off attack in contested environments with next generation guidance.">25.2</proc:BudgetYearOneBase>
                                        <proc:BudgetYearOne>25.2</proc:BudgetYearOne>
                                    </proc:TotalCost>
                                    <proc:UnitCost>
                                        <proc:BudgetYearOneBase>300000</proc:BudgetYearOneBase>
                                        <proc:BudgetYearOne>300000</proc:BudgetYearOne>
                                    </proc:UnitCost>
                                </proc:ResourceSummary>
                            </proc:Item>
                            <proc:Item>
                                <proc:Name>Advanced Precision Kill Weapon System (APKWS)</proc:Name>
                                <proc:ItemNumber>5d</proc:ItemNumber>
                                <proc:ResourceSummary>
                                    <proc:TotalCost>
                                        <proc:CurrentYear>10.597</proc:CurrentYear>
                                    </proc:TotalCost>
                                </proc:ResourceSummary>
                            </proc:Item>
                            <proc:Item>
                                <proc:Name>Integration &amp; Shipping Overseas Operations Costs (OOC)</proc:Name>
                                <proc:ItemNumber>5e</proc:ItemNumber>
                                <proc:ResourceSummary>
                                    <proc:TotalCost>
                                        <proc:AllPriorYears>31.286</proc:AllPriorYears>
                                        <proc:PriorYear>12.885</proc:PriorYear>
                                    </proc:TotalCost>
                                </proc:ResourceSummary>
                            </proc:Item>
                            <proc:Item>
                                <proc:Name>Integration &amp; Shipping</proc:Name>
                                <proc:ItemNumber>5f</proc:ItemNumber>
                                <proc:ResourceSummary>
                                    <proc:TotalCost>
                                        <proc:CurrentYear>30.132</proc:CurrentYear>
                                        <proc:BudgetYearOneBase>14.272</proc:BudgetYearOneBase>
                                        <proc:BudgetYearOne>14.272</proc:BudgetYearOne>
                                    </proc:TotalCost>
                                </proc:ResourceSummary>
                            </proc:Item>
                            <proc:Item>
                                <proc:Name>Prior Year Funding - Base</proc:Name>
                                <proc:ItemNumber>5g</proc:ItemNumber>
                                <proc:ResourceSummary>
                                    <proc:TotalCost>
                                        <proc:AllPriorYears>614.805</proc:AllPriorYears>
                                    </proc:TotalCost>
                                </proc:ResourceSummary>
                            </proc:Item>
                            <proc:Item>
                                <proc:Name>Prior Year Funding - OCO/OOC</proc:Name>
                                <proc:ItemNumber>5h</proc:ItemNumber>
                                <proc:ResourceSummary>
                                    <proc:TotalCost>
                                        <proc:AllPriorYears>559.526</proc:AllPriorYears>
                                    </proc:TotalCost>
                                </proc:ResourceSummary>
                            </proc:Item>
                        </proc:ItemList>
                        <proc:CategorySubtotal>
                            <proc:TotalCost>
                                <proc:AllPriorYears>1295.066</proc:AllPriorYears>
                                <proc:PriorYear>52.616</proc:PriorYear>
                                <proc:CurrentYear>47.329</proc:CurrentYear>
                                <proc:BudgetYearOneBase>49.972</proc:BudgetYearOneBase>
                                <proc:BudgetYearOne>49.972</proc:BudgetYearOne>
                            </proc:TotalCost>
                        </proc:CategorySubtotal>
                    </proc:Category>
                    <proc:Category>
                        <proc:Name>6. Ground Organic Precision Strike System (GOPSS)</proc:Name>
                        <proc:ItemList>
                            <proc:Item>
                                <proc:Name>Vertical Take-Off and Landing (VTOL) Micro Munitions -- Echelon 0 Air</proc:Name>
                                <proc:ItemNumber>6a</proc:ItemNumber>
                                <proc:ResourceSummary>
                                    <proc:Quantity>
                                        <proc:CurrentYear>12</proc:CurrentYear>
                                        <proc:BudgetYearOneBase>12</proc:BudgetYearOneBase>
                                        <proc:BudgetYearOne>12</proc:BudgetYearOne>
                                    </proc:Quantity>
                                    <proc:TotalCost>
                                        <proc:CurrentYear>0.72</proc:CurrentYear>
                                        <proc:BudgetYearOneBase>0.684</proc:BudgetYearOneBase>
                                        <proc:BudgetYearOne>0.684</proc:BudgetYearOne>
                                    </proc:TotalCost>
                                    <proc:UnitCost>
                                        <proc:CurrentYear>60000</proc:CurrentYear>
                                        <proc:BudgetYearOneBase>57000</proc:BudgetYearOneBase>
                                        <proc:BudgetYearOne>57000</proc:BudgetYearOne>
                                    </proc:UnitCost>
                                </proc:ResourceSummary>
                            </proc:Item>
                            <proc:Item>
                                <proc:Name>VTOL Control Kit Micro -- Echelon 0 Air</proc:Name>
                                <proc:ItemNumber>6b</proc:ItemNumber>
                                <proc:ResourceSummary>
                                    <proc:Quantity>
                                        <proc:CurrentYear>4</proc:CurrentYear>
                                        <proc:BudgetYearOneBase>4</proc:BudgetYearOneBase>
                                        <proc:BudgetYearOne>4</proc:BudgetYearOne>
                                    </proc:Quantity>
                                    <proc:TotalCost>
                                        <proc:CurrentYear>0.056</proc:CurrentYear>
                                        <proc:BudgetYearOneBase>0.052</proc:BudgetYearOneBase>
                                        <proc:BudgetYearOne>0.052</proc:BudgetYearOne>
                                    </proc:TotalCost>
                                    <proc:UnitCost>
                                        <proc:CurrentYear>14000</proc:CurrentYear>
                                        <proc:BudgetYearOneBase>13126</proc:BudgetYearOneBase>
                                        <proc:BudgetYearOne>13126</proc:BudgetYearOne>
                                    </proc:UnitCost>
                                </proc:ResourceSummary>
                            </proc:Item>
                            <proc:Item>
                                <proc:Name>Crew-Served PSS Munitions -- Echelon II</proc:Name>
                                <proc:ItemNumber>6c</proc:ItemNumber>
                                <proc:ResourceSummary>
                                    <proc:Quantity>
                                        <proc:AllPriorYears>18</proc:AllPriorYears>
                                        <proc:PriorYear>23</proc:PriorYear>
                                        <proc:CurrentYear>108</proc:CurrentYear>
                                        <proc:BudgetYearOneBase>24</proc:BudgetYearOneBase>
                                        <proc:BudgetYearOne>24</proc:BudgetYearOne>
                                    </proc:Quantity>
                                    <proc:TotalCost>
                                        <proc:AllPriorYears>3.344</proc:AllPriorYears>
                                        <proc:PriorYear>3.739</proc:PriorYear>
                                        <proc:CurrentYear>15.891</proc:CurrentYear>
                                        <proc:BudgetYearOneBase>3.873</proc:BudgetYearOneBase>
                                        <proc:BudgetYearOne>3.873</proc:BudgetYearOne>
                                    </proc:TotalCost>
                                    <proc:UnitCost>
                                        <proc:AllPriorYears>185783</proc:AllPriorYears>
                                        <proc:PriorYear>162580</proc:PriorYear>
                                        <proc:CurrentYear>147141</proc:CurrentYear>
                                        <proc:BudgetYearOneBase>161384</proc:BudgetYearOneBase>
                                        <proc:BudgetYearOne>161384</proc:BudgetYearOne>
                                    </proc:UnitCost>
                                </proc:ResourceSummary>
                            </proc:Item>
                            <proc:Item>
                                <proc:Name>Crew-Served PSS Ground Data Terminals</proc:Name>
                                <proc:ItemNumber>6d</proc:ItemNumber>
                                <proc:ResourceSummary>
                                    <proc:Quantity>
                                        <proc:AllPriorYears>4</proc:AllPriorYears>
                                        <proc:PriorYear>18</proc:PriorYear>
                                        <proc:CurrentYear>53</proc:CurrentYear>
                                        <proc:BudgetYearOneBase>5</proc:BudgetYearOneBase>
                                        <proc:BudgetYearOne>5</proc:BudgetYearOne>
                                    </proc:Quantity>
                                    <proc:TotalCost>
                                        <proc:AllPriorYears>0.132</proc:AllPriorYears>
                                        <proc:PriorYear>0.58</proc:PriorYear>
                                        <proc:CurrentYear>1.708</proc:CurrentYear>
                                        <proc:BudgetYearOneBase>0.169</proc:BudgetYearOneBase>
                                        <proc:BudgetYearOne>0.169</proc:BudgetYearOne>
                                    </proc:TotalCost>
                                    <proc:UnitCost>
                                        <proc:AllPriorYears>33106</proc:AllPriorYears>
                                        <proc:PriorYear>32228</proc:PriorYear>
                                        <proc:CurrentYear>32228</proc:CurrentYear>
                                        <proc:BudgetYearOneBase>33870</proc:BudgetYearOneBase>
                                        <proc:BudgetYearOne>33870</proc:BudgetYearOne>
                                    </proc:UnitCost>
                                </proc:ResourceSummary>
                            </proc:Item>
                            <proc:Item>
                                <proc:Name>Crew-Served PSS Fire Control Kits -- Echelon II</proc:Name>
                                <proc:ItemNumber>6e</proc:ItemNumber>
                                <proc:ResourceSummary>
                                    <proc:Quantity>
                                        <proc:AllPriorYears>4</proc:AllPriorYears>
                                        <proc:PriorYear>19</proc:PriorYear>
                                        <proc:CurrentYear>53</proc:CurrentYear>
                                        <proc:BudgetYearOneBase>4</proc:BudgetYearOneBase>
                                        <proc:BudgetYearOne>4</proc:BudgetYearOne>
                                    </proc:Quantity>
                                    <proc:TotalCost>
                                        <proc:AllPriorYears>0.107</proc:AllPriorYears>
                                        <proc:PriorYear>0.386</proc:PriorYear>
                                        <proc:CurrentYear>1.078</proc:CurrentYear>
                                        <proc:BudgetYearOneBase>0.09</proc:BudgetYearOneBase>
                                        <proc:BudgetYearOne>0.09</proc:BudgetYearOne>
                                    </proc:TotalCost>
                                    <proc:UnitCost>
                                        <proc:AllPriorYears>26741</proc:AllPriorYears>
                                        <proc:PriorYear>20339</proc:PriorYear>
                                        <proc:CurrentYear>20339</proc:CurrentYear>
                                        <proc:BudgetYearOneBase>22500</proc:BudgetYearOneBase>
                                        <proc:BudgetYearOne>22500</proc:BudgetYearOne>
                                    </proc:UnitCost>
                                </proc:ResourceSummary>
                            </proc:Item>
                            <proc:Item>
                                <proc:Name>Crew-Served Spares -- Echelon II</proc:Name>
                                <proc:ItemNumber>6f</proc:ItemNumber>
                                <proc:ResourceSummary>
                                    <proc:Quantity>
                                        <proc:AllPriorYears>1</proc:AllPriorYears>
                                        <proc:PriorYear>26</proc:PriorYear>
                                        <proc:CurrentYear>25</proc:CurrentYear>
                                        <proc:BudgetYearOneBase>8</proc:BudgetYearOneBase>
                                        <proc:BudgetYearOne>8</proc:BudgetYearOne>
                                    </proc:Quantity>
                                    <proc:TotalCost>
                                        <proc:AllPriorYears>0.008</proc:AllPriorYears>
                                        <proc:PriorYear>0.69</proc:PriorYear>
                                        <proc:CurrentYear>0.664</proc:CurrentYear>
                                        <proc:BudgetYearOneBase>0.186</proc:BudgetYearOneBase>
                                        <proc:BudgetYearOne>0.186</proc:BudgetYearOne>
                                    </proc:TotalCost>
                                    <proc:UnitCost>
                                        <proc:AllPriorYears>7520</proc:AllPriorYears>
                                        <proc:PriorYear>26564</proc:PriorYear>
                                        <proc:CurrentYear>26564</proc:CurrentYear>
                                        <proc:BudgetYearOneBase>23196</proc:BudgetYearOneBase>
                                        <proc:BudgetYearOne>23196</proc:BudgetYearOne>
                                    </proc:UnitCost>
                                </proc:ResourceSummary>
                            </proc:Item>
                            <proc:Item>
                                <proc:Name>Crew-Served Simulators -- Echelon II</proc:Name>
                                <proc:ItemNumber>6g</proc:ItemNumber>
                                <proc:ResourceSummary>
                                    <proc:Quantity>
                                        <proc:PriorYear>1</proc:PriorYear>
                                        <proc:CurrentYear>14</proc:CurrentYear>
                                        <proc:BudgetYearOneBase>3</proc:BudgetYearOneBase>
                                        <proc:BudgetYearOne>3</proc:BudgetYearOne>
                                    </proc:Quantity>
                                    <proc:TotalCost>
                                        <proc:PriorYear>0.25</proc:PriorYear>
                                        <proc:CurrentYear>2.24</proc:CurrentYear>
                                        <proc:BudgetYearOneBase>0.48</proc:BudgetYearOneBase>
                                        <proc:BudgetYearOne>0.48</proc:BudgetYearOne>
                                    </proc:TotalCost>
                                    <proc:UnitCost>
                                        <proc:PriorYear>250240</proc:PriorYear>
                                        <proc:CurrentYear>160000</proc:CurrentYear>
                                        <proc:BudgetYearOneBase>160000</proc:BudgetYearOneBase>
                                        <proc:BudgetYearOne>160000</proc:BudgetYearOne>
                                    </proc:UnitCost>
                                </proc:ResourceSummary>
                            </proc:Item>
                            <proc:Item>
                                <proc:Name>Long-Range Antennas -- Echelon II</proc:Name>
                                <proc:ItemNumber>6h</proc:ItemNumber>
                                <proc:ResourceSummary>
                                    <proc:Quantity>
                                        <proc:CurrentYear>17</proc:CurrentYear>
                                    </proc:Quantity>
                                    <proc:TotalCost>
                                        <proc:CurrentYear>1.776</proc:CurrentYear>
                                    </proc:TotalCost>
                                    <proc:UnitCost>
                                        <proc:CurrentYear>104500</proc:CurrentYear>
                                    </proc:UnitCost>
                                </proc:ResourceSummary>
                            </proc:Item>
                            <proc:Item>
                                <proc:Name>Crew Served Parachute Recoverable -- Echelon II</proc:Name>
                                <proc:ItemNumber>6i</proc:ItemNumber>
                                <proc:ResourceSummary>
                                    <proc:Quantity>
                                        <proc:PriorYear>2</proc:PriorYear>
                                        <proc:CurrentYear>20</proc:CurrentYear>
                                    </proc:Quantity>
                                    <proc:TotalCost>
                                        <proc:PriorYear>0.248</proc:PriorYear>
                                        <proc:CurrentYear>2.483</proc:CurrentYear>
                                    </proc:TotalCost>
                                    <proc:UnitCost>
                                        <proc:PriorYear>124173</proc:PriorYear>
                                        <proc:CurrentYear>124173</proc:CurrentYear>
                                    </proc:UnitCost>
                                </proc:ResourceSummary>
                            </proc:Item>
                            <proc:Item>
                                <proc:Name>Production Support -- Echelon II</proc:Name>
                                <proc:ItemNumber>6j</proc:ItemNumber>
                                <proc:ResourceSummary>
                                    <proc:TotalCost>
                                        <proc:PriorYear>0.187</proc:PriorYear>
                                        <proc:CurrentYear>0.52</proc:CurrentYear>
                                        <proc:BudgetYearOneBase>0.323</proc:BudgetYearOneBase>
                                        <proc:BudgetYearOne>0.323</proc:BudgetYearOne>
                                    </proc:TotalCost>
                                </proc:ResourceSummary>
                            </proc:Item>
                        </proc:ItemList>
                        <proc:CategorySubtotal>
                            <proc:TotalCost>
                                <proc:AllPriorYears>3.591</proc:AllPriorYears>
                                <proc:PriorYear>6.082</proc:PriorYear>
                                <proc:CurrentYear>27.137</proc:CurrentYear>
                                <proc:BudgetYearOneBase>5.857</proc:BudgetYearOneBase>
                                <proc:BudgetYearOne>5.857</proc:BudgetYearOne>
                            </proc:TotalCost>
                        </proc:CategorySubtotal>
                    </proc:Category>
                    <proc:Category>
                        <proc:Name>7. Classified Programs</proc:Name>
                        <proc:ItemList>
                            <proc:Item>
                                <proc:Name>Classified Programs</proc:Name>
                                <proc:ItemNumber>7a</proc:ItemNumber>
                                <proc:ResourceSummary>
                                    <proc:TotalCost>
                                        <proc:AllPriorYears>6.457</proc:AllPriorYears>
                                        <proc:PriorYear>6.094</proc:PriorYear>
                                        <proc:CurrentYear>6.201</proc:CurrentYear>
                                        <proc:BudgetYearOneBase>4.56</proc:BudgetYearOneBase>
                                        <proc:BudgetYearOne>4.56</proc:BudgetYearOne>
                                    </proc:TotalCost>
                                </proc:ResourceSummary>
                            </proc:Item>
                        </proc:ItemList>
                        <proc:CategorySubtotal>
                            <proc:TotalCost>
                                <proc:AllPriorYears>6.457</proc:AllPriorYears>
                                <proc:PriorYear>6.094</proc:PriorYear>
                                <proc:CurrentYear>6.201</proc:CurrentYear>
                                <proc:BudgetYearOneBase>4.56</proc:BudgetYearOneBase>
                                <proc:BudgetYearOne>4.56</proc:BudgetYearOne>
                            </proc:TotalCost>
                        </proc:CategorySubtotal>
                    </proc:Category>
                    <proc:Category>
                        <proc:Name>8. Prior Years</proc:Name>
                        <proc:ItemList>
                            <proc:Item>
                                <proc:Name>Completed Efforts</proc:Name>
                                <proc:ItemNumber>8a</proc:ItemNumber>
                                <proc:ResourceSummary>
                                    <proc:TotalCost>
                                        <proc:AllPriorYears>19.049</proc:AllPriorYears>
                                    </proc:TotalCost>
                                </proc:ResourceSummary>
                            </proc:Item>
                        </proc:ItemList>
                        <proc:CategorySubtotal>
                            <proc:TotalCost>
                                <proc:AllPriorYears>19.049</proc:AllPriorYears>
                            </proc:TotalCost>
                        </proc:CategorySubtotal>
                    </proc:Category>
                </proc:CategoryList>
                <proc:TotalCost>
                    <proc:TotalCost>
                        <proc:AllPriorYears>2345.166</proc:AllPriorYears>
                        <proc:PriorYear>147.033</proc:PriorYear>
                        <proc:CurrentYear>130.702</proc:CurrentYear>
                        <proc:BudgetYearOneBase>116.972</proc:BudgetYearOneBase>
                        <proc:BudgetYearOne>116.972</proc:BudgetYearOne>
                    </proc:TotalCost>
                </proc:TotalCost>
            </proc:P40AItemGroup>
        </proc:ItemExhibitList>
        <proc:DocumentAssemblyOptions>
            <proc:p40AItemScheduleSetting>category</proc:p40AItemScheduleSetting>
        </proc:DocumentAssemblyOptions>
    </proc:LineItem>
</proc:LineItemList>