<?xml version="1.0" encoding="UTF-8"?>
<proc:LineItemList xmlns:proc="http://www.dtic.mil/comptroller/xml/schema/20100219/procurement">
    <proc:LineItem quantityUnits="Each" quantityUnitName="Each" unitCostUnits="Millions" totalCostUnits="Millions" manufacturerRateUnits="Monthly" combinedP5Flag="false">
        <proc:LineItemNumber>2143369000</proc:LineItemNumber>
        <proc:LineItemTitle>OPERATIONAL ENHANCEMENTS</proc:LineItemTitle>
        <proc:P1LineNumber>117</proc:P1LineNumber>
        <proc:BudgetYear>2026</proc:BudgetYear>
        <proc:BudgetCycle>PB</proc:BudgetCycle>
        <proc:SubmissionDate>2025-06</proc:SubmissionDate>
        <proc:ServiceAgencyName>United States Special Operations Command</proc:ServiceAgencyName>
        <proc:AppropriationNumber>0300D</proc:AppropriationNumber>
        <proc:AppropriationTitle>Procurement, Defense-Wide</proc:AppropriationTitle>
        <proc:BudgetActivityNumber>2</proc:BudgetActivityNumber>
        <proc:BudgetActivityTitle>Special Operations Command</proc:BudgetActivityTitle>
        <proc:BudgetSubActivityNumber>4</proc:BudgetSubActivityNumber>
        <proc:BudgetSubActivityTitle>Other Procurement Programs</proc:BudgetSubActivityTitle>
        <proc:ResourceSummary>
            <proc:TotalCost>
                <proc:AllPriorYears>8110.208</proc:AllPriorYears>
                <proc:PriorYear>322.341</proc:PriorYear>
                <proc:CurrentYear>331.592</proc:CurrentYear>
                <proc:BudgetYearOneBase>324.056</proc:BudgetYearOneBase>
                <proc:BudgetYearOneOOC>28.044</proc:BudgetYearOneOOC>
                <proc:BudgetYearOne>352.1</proc:BudgetYearOne>
            </proc:TotalCost>
            <proc:NetProcurementP1>
                <proc:AllPriorYears>8110.208</proc:AllPriorYears>
                <proc:PriorYear>322.341</proc:PriorYear>
                <proc:CurrentYear>331.592</proc:CurrentYear>
                <proc:BudgetYearOneBase>324.056</proc:BudgetYearOneBase>
                <proc:BudgetYearOneOOC>28.044</proc:BudgetYearOneOOC>
                <proc:BudgetYearOne>352.1</proc:BudgetYearOne>
            </proc:NetProcurementP1>
            <proc:TotalObligationAuthority>
                <proc:AllPriorYears>8110.208</proc:AllPriorYears>
                <proc:PriorYear>322.341</proc:PriorYear>
                <proc:CurrentYear>331.592</proc:CurrentYear>
                <proc:BudgetYearOneBase>324.056</proc:BudgetYearOneBase>
                <proc:BudgetYearOneOOC>28.044</proc:BudgetYearOneOOC>
                <proc:BudgetYearOne>352.1</proc:BudgetYearOne>
            </proc:TotalObligationAuthority>
        </proc:ResourceSummary>
        <proc:OtherRelatedProgramElementList>
            <proc:ProgramElementNumber>1160408BB</proc:ProgramElementNumber>
        </proc:OtherRelatedProgramElementList>
        <proc:Description>Details provided under separate cover.

Fiscal Year (FY) 2026 Overseas Operations Costs (OOC) accounted for in the Base budget total $28.044

FY 2024 includes $34.635 million in OOC execution. FY 2025 includes $29.111 million in OOC Enactment. FY 2026 includes $28.044 million for the OOC Budget Estimate.</proc:Description>
        <proc:Justification>The FY 2026 request for Operational Enhancements includes $352.100 million of discretionary and $42.901 million of mandatory (reconciliation) for a total of $395.001 million. Further information for this reconciliation request is provided in Section 20010 (Readiness) of the Reconciliation Exhibit.</proc:Justification>
        <proc:DocumentAssemblyOptions>
            <proc:p40AItemScheduleSetting>total</proc:p40AItemScheduleSetting>
        </proc:DocumentAssemblyOptions>
    </proc:LineItem>
</proc:LineItemList>