<?xml version="1.0" encoding="UTF-8"?>
<proc:LineItemList xmlns:proc="http://www.dtic.mil/comptroller/xml/schema/20100219/procurement">
    <proc:LineItem quantityUnits="Each" quantityUnitName="Each" unitCostUnits="Millions" totalCostUnits="Millions" manufacturerRateUnits="Monthly" combinedP5Flag="false">
        <proc:LineItemNumber>1000CV2200</proc:LineItemNumber>
        <proc:LineItemTitle>CV-22 MODIFICATION</proc:LineItemTitle>
        <proc:P1LineNumber>100</proc:P1LineNumber>
        <proc:BudgetYear>2026</proc:BudgetYear>
        <proc:BudgetCycle>PB</proc:BudgetCycle>
        <proc:SubmissionDate>2025-06</proc:SubmissionDate>
        <proc:ServiceAgencyName>United States Special Operations Command</proc:ServiceAgencyName>
        <proc:AppropriationNumber>0300D</proc:AppropriationNumber>
        <proc:AppropriationTitle>Procurement, Defense-Wide</proc:AppropriationTitle>
        <proc:BudgetActivityNumber>2</proc:BudgetActivityNumber>
        <proc:BudgetActivityTitle>Special Operations Command</proc:BudgetActivityTitle>
        <proc:BudgetSubActivityNumber>1</proc:BudgetSubActivityNumber>
        <proc:BudgetSubActivityTitle>Aviation Programs</proc:BudgetSubActivityTitle>
        <proc:ResourceSummary>
            <proc:Quantity>
                <proc:AllPriorYears>56</proc:AllPriorYears>
            </proc:Quantity>
            <proc:TotalCost>
                <proc:AllPriorYears>1977.133</proc:AllPriorYears>
                <proc:PriorYear>75.981</proc:PriorYear>
                <proc:CurrentYear>40.764</proc:CurrentYear>
                <proc:BudgetYearOneBase>19.692</proc:BudgetYearOneBase>
                <proc:BudgetYearOne>19.692</proc:BudgetYearOne>
            </proc:TotalCost>
            <proc:NetProcurementP1>
                <proc:AllPriorYears>1977.133</proc:AllPriorYears>
                <proc:PriorYear>75.981</proc:PriorYear>
                <proc:CurrentYear>40.764</proc:CurrentYear>
                <proc:BudgetYearOneBase>19.692</proc:BudgetYearOneBase>
                <proc:BudgetYearOne>19.692</proc:BudgetYearOne>
            </proc:NetProcurementP1>
            <proc:TotalObligationAuthority>
                <proc:AllPriorYears>1977.133</proc:AllPriorYears>
                <proc:PriorYear>75.981</proc:PriorYear>
                <proc:CurrentYear>40.764</proc:CurrentYear>
                <proc:BudgetYearOneBase>19.692</proc:BudgetYearOneBase>
                <proc:BudgetYearOne>19.692</proc:BudgetYearOne>
            </proc:TotalObligationAuthority>
            <proc:InitialSpares>
                <proc:AllPriorYears>244.374</proc:AllPriorYears>
                <proc:PriorYear>6</proc:PriorYear>
                <proc:CurrentYear>3.06</proc:CurrentYear>
            </proc:InitialSpares>
        </proc:ResourceSummary>
        <proc:Code>A</proc:Code>
        <proc:OtherRelatedProgramElementList>
            <proc:ProgramElementNumber>1160427BB</proc:ProgramElementNumber>
            <proc:ProgramElementNumber>1160403BB</proc:ProgramElementNumber>
            <proc:ProgramElementNumber>1160421BB</proc:ProgramElementNumber>
        </proc:OtherRelatedProgramElementList>
        <proc:Description>The CV-22 Modification Line Item funds the Special Operations Forces (SOF) variant of the V-22 vertical medium lift, multi-mission aircraft and associated training systems. The CV-22 provides long-range, high speed, all weather, infiltration (infil), exfiltration (exfil), and resupply of SOF teams in hostile, denied, and politically sensitive areas that allows the Joint Force to be more agile and responsive. The United States Department of the Navy is the lead Service for the Joint V-22 program and is responsible for managing and funding the development of the MV 22 and CMV-22, as well as the Block 0 portion of the CV-22. The United States Department of the Air Force funds the service common portion of the CV-22 while the United Special Operations Command (USSOCOM) funded the development and procurement of SO-peculiar systems of Block 10 and 20. Modification efforts include: defensive/survivability systems; situational awareness systems; mission planning systems; SOF Common Terrain Following/Terrain Avoidance (TF/TA) Silent Knight Radar (SKR); SOF communications; electronic warfare systems; interoperability among core platform and SOF mission systems; flight director; weapons integration; high speed and maneuverability enhancements; reliability and maintainability improvements; and intelligence, surveillance, and reconnaissance (ISR) systems. The CV-22 Low Cost Modification, Program Number 773, has been designated a Major Capability Acquisition (MCA) at Milestone C, in accordance with the authority in DoD Directive 5135.02, the guidance in DoD Instruction 5000.85. The purpose of the MCA is to addresses fielded deficiencies, obsolescence, reliability, and maintainability issues. The CV-22 Simulator Block Upgrade program improves legacy CV-22 aircrew training device capabilities by addressing concurrency, obsolescence, and fidelity training issues. These capabilities will be pursued via rapid fielding techniques when appropriate.</proc:Description>
        <proc:Justification>FY 2026 BASE PROGRAM JUSTIFICATION:  Procures SOF common TF/TA APQ-187 SKR A-kits, CV-22 aircraft modifications (labor), technical support, other government costs, CV-22 low-cost modifications, and CV-22 simulator block upgrades. Funds system upgrades to address SO-peculiar CV-22 training concurrency, obsolescence and fidelity issues.

The USSOCOM SKR program office executed a 3-year Multi-year Procurement (MYP) contract that stabilized the procurement price of the radar from FY 2021 through FY 2023.  Based upon the success of this acquisition strategy, the SKR program office awarded a 5-year MYP contract in FY 2024 which maintains a stabilized procurement price of the radar.  This budget request includes funding to support a FY 2024 through FY 2028 MYP for the SOF Common TF/TA SKR program for the MH-47, MH-60, CV-22 and MC-130J aircraft.

FY 2025 to FY 2026 net decrease of $21.072 million represents a $21.212 million decrease due to completing procurement of SOF common TF/TA APQ-187 SKR B-kits for CV-22 aircraft, $0.140 million increase for CV-22 low cost modifications and simulator block upgrades.</proc:Justification>
        <proc:ItemExhibitList>
            <proc:P40AItemGroup>
                <proc:Name>CV-22 System</proc:Name>
                <proc:CategoryList>
                    <proc:Category>
                        <proc:Name>1 - CV-22 Low Cost Modifications, Program Number 773</proc:Name>
                        <proc:ItemList>
                            <proc:Item>
                                <proc:Name>CV-22 Low Cost Modifications</proc:Name>
                                <proc:ItemNumber>1.1</proc:ItemNumber>
                                <proc:ResourceSummary>
                                    <proc:TotalCost>
                                        <proc:AllPriorYears>19.192</proc:AllPriorYears>
                                        <proc:PriorYear>2.153</proc:PriorYear>
                                        <proc:CurrentYear>2.196</proc:CurrentYear>
                                        <proc:BudgetYearOneBase>2.238</proc:BudgetYearOneBase>
                                        <proc:BudgetYearOne>2.238</proc:BudgetYearOne>
                                    </proc:TotalCost>
                                </proc:ResourceSummary>
                            </proc:Item>
                        </proc:ItemList>
                        <proc:CategorySubtotal>
                            <proc:TotalCost>
                                <proc:AllPriorYears>19.192</proc:AllPriorYears>
                                <proc:PriorYear>2.153</proc:PriorYear>
                                <proc:CurrentYear>2.196</proc:CurrentYear>
                                <proc:BudgetYearOneBase>2.238</proc:BudgetYearOneBase>
                                <proc:BudgetYearOne>2.238</proc:BudgetYearOne>
                            </proc:TotalCost>
                        </proc:CategorySubtotal>
                    </proc:Category>
                    <proc:Category>
                        <proc:Name>2 - CV-22 Mission Training and Preparation Systems</proc:Name>
                        <proc:ItemList>
                            <proc:Item>
                                <proc:Name>CV-22 Simulator Block Upgrades</proc:Name>
                                <proc:ItemNumber>2.1</proc:ItemNumber>
                                <proc:ResourceSummary>
                                    <proc:TotalCost>
                                        <proc:AllPriorYears>54.383</proc:AllPriorYears>
                                        <proc:PriorYear>6.474</proc:PriorYear>
                                        <proc:CurrentYear>6.603</proc:CurrentYear>
                                        <proc:BudgetYearOneBase>6.701</proc:BudgetYearOneBase>
                                        <proc:BudgetYearOne>6.701</proc:BudgetYearOne>
                                    </proc:TotalCost>
                                </proc:ResourceSummary>
                            </proc:Item>
                        </proc:ItemList>
                        <proc:CategorySubtotal>
                            <proc:TotalCost>
                                <proc:AllPriorYears>54.383</proc:AllPriorYears>
                                <proc:PriorYear>6.474</proc:PriorYear>
                                <proc:CurrentYear>6.603</proc:CurrentYear>
                                <proc:BudgetYearOneBase>6.701</proc:BudgetYearOneBase>
                                <proc:BudgetYearOne>6.701</proc:BudgetYearOne>
                            </proc:TotalCost>
                        </proc:CategorySubtotal>
                    </proc:Category>
                    <proc:Category>
                        <proc:Name>3 - Reliability Improvements</proc:Name>
                        <proc:ItemList>
                            <proc:Item>
                                <proc:Name>Reliability Improvements</proc:Name>
                                <proc:ItemNumber>5.1</proc:ItemNumber>
                                <proc:ResourceSummary>
                                    <proc:TotalCost>
                                        <proc:AllPriorYears>31.646</proc:AllPriorYears>
                                        <proc:PriorYear>9.796</proc:PriorYear>
                                    </proc:TotalCost>
                                </proc:ResourceSummary>
                            </proc:Item>
                        </proc:ItemList>
                        <proc:CategorySubtotal>
                            <proc:TotalCost>
                                <proc:AllPriorYears>31.646</proc:AllPriorYears>
                                <proc:PriorYear>9.796</proc:PriorYear>
                            </proc:TotalCost>
                        </proc:CategorySubtotal>
                    </proc:Category>
                    <proc:Category>
                        <proc:Name>Prior Year Funding</proc:Name>
                        <proc:ItemList>
                            <proc:Item>
                                <proc:Name>Completed Efforts</proc:Name>
                                <proc:ItemNumber>6.1</proc:ItemNumber>
                                <proc:ResourceSummary>
                                    <proc:TotalCost>
                                        <proc:AllPriorYears>258.928</proc:AllPriorYears>
                                    </proc:TotalCost>
                                </proc:ResourceSummary>
                            </proc:Item>
                            <proc:Item>
                                <proc:Name>Completed Efforts (Cong Add)</proc:Name>
                                <proc:ItemNumber>6.2</proc:ItemNumber>
                                <proc:ResourceSummary>
                                    <proc:TotalCost>
                                        <proc:AllPriorYears>7.586</proc:AllPriorYears>
                                    </proc:TotalCost>
                                </proc:ResourceSummary>
                            </proc:Item>
                        </proc:ItemList>
                        <proc:CategorySubtotal>
                            <proc:TotalCost>
                                <proc:AllPriorYears>266.514</proc:AllPriorYears>
                            </proc:TotalCost>
                        </proc:CategorySubtotal>
                    </proc:Category>
                </proc:CategoryList>
                <proc:TotalCost>
                    <proc:TotalCost>
                        <proc:AllPriorYears>371.735</proc:AllPriorYears>
                        <proc:PriorYear>18.423</proc:PriorYear>
                        <proc:CurrentYear>8.799</proc:CurrentYear>
                        <proc:BudgetYearOneBase>8.939</proc:BudgetYearOneBase>
                        <proc:BudgetYearOne>8.939</proc:BudgetYearOne>
                    </proc:TotalCost>
                </proc:TotalCost>
            </proc:P40AItemGroup>
            <proc:P3AModificationItemGroup>
                <proc:ModificationTitle>CV-22 SOF Common TF/TA SKR</proc:ModificationTitle>
                <proc:ModificationNumber>1</proc:ModificationNumber>
                <proc:ModificationType>Added Capability</proc:ModificationType>
                <proc:ModelsAffectedList>
                    <proc:ModelAffected>CV-22</proc:ModelAffected>
                </proc:ModelsAffectedList>
                <proc:ResourceSummary>
                    <proc:TotalCost>
                        <proc:AllPriorYears>58.405</proc:AllPriorYears>
                        <proc:PriorYear>57.558</proc:PriorYear>
                        <proc:CurrentYear>31.965</proc:CurrentYear>
                        <proc:BudgetYearOneBase>10.753</proc:BudgetYearOneBase>
                        <proc:BudgetYearOne>10.753</proc:BudgetYearOne>
                    </proc:TotalCost>
                    <proc:NetProcurementP1>
                        <proc:AllPriorYears>58.405</proc:AllPriorYears>
                        <proc:PriorYear>57.558</proc:PriorYear>
                        <proc:CurrentYear>31.965</proc:CurrentYear>
                        <proc:BudgetYearOneBase>10.753</proc:BudgetYearOneBase>
                        <proc:BudgetYearOne>10.753</proc:BudgetYearOne>
                    </proc:NetProcurementP1>
                    <proc:TotalObligationAuthority>
                        <proc:AllPriorYears>58.405</proc:AllPriorYears>
                        <proc:PriorYear>57.558</proc:PriorYear>
                        <proc:CurrentYear>31.965</proc:CurrentYear>
                        <proc:BudgetYearOneBase>10.753</proc:BudgetYearOneBase>
                        <proc:BudgetYearOne>10.753</proc:BudgetYearOne>
                    </proc:TotalObligationAuthority>
                    <proc:InitialSpares>
                        <proc:AllPriorYears>7.436</proc:AllPriorYears>
                        <proc:PriorYear>6</proc:PriorYear>
                        <proc:CurrentYear>3.06</proc:CurrentYear>
                    </proc:InitialSpares>
                </proc:ResourceSummary>
                <proc:RelatedProgramElementList>
                    <proc:ProgramElementNumber>1160403BB</proc:ProgramElementNumber>
                </proc:RelatedProgramElementList>
                <proc:SupportCost>
                    <proc:CostElementList>
                        <proc:CostElement>
                            <proc:Name>Technical Support</proc:Name>
                            <proc:Cost>
                                <proc:TotalCost>
                                    <proc:AllPriorYears>1.52</proc:AllPriorYears>
                                    <proc:PriorYear>0.54</proc:PriorYear>
                                    <proc:CurrentYear>0.56</proc:CurrentYear>
                                    <proc:BudgetYearOneBase>0.577</proc:BudgetYearOneBase>
                                    <proc:BudgetYearOne>0.577</proc:BudgetYearOne>
                                </proc:TotalCost>
                            </proc:Cost>
                        </proc:CostElement>
                        <proc:CostElement>
                            <proc:Name>Simulators/Training Systems Modifications</proc:Name>
                            <proc:Cost>
                                <proc:TotalCost>
                                    <proc:PriorYear>3.493</proc:PriorYear>
                                </proc:TotalCost>
                            </proc:Cost>
                        </proc:CostElement>
                        <proc:CostElement>
                            <proc:Name>Other Government Costs</proc:Name>
                            <proc:Cost>
                                <proc:TotalCost>
                                    <proc:AllPriorYears>1.481</proc:AllPriorYears>
                                    <proc:PriorYear>0.78</proc:PriorYear>
                                    <proc:CurrentYear>0.805</proc:CurrentYear>
                                    <proc:BudgetYearOneBase>0.805</proc:BudgetYearOneBase>
                                    <proc:BudgetYearOne>0.805</proc:BudgetYearOne>
                                </proc:TotalCost>
                            </proc:Cost>
                        </proc:CostElement>
                        <proc:CostElement>
                            <proc:Name>Interim Contractor Support (Labor)</proc:Name>
                            <proc:Cost>
                                <proc:TotalCost>
                                    <proc:AllPriorYears>0.4</proc:AllPriorYears>
                                </proc:TotalCost>
                            </proc:Cost>
                        </proc:CostElement>
                        <proc:CostElement>
                            <proc:Name>Peculiar Support Equipment</proc:Name>
                            <proc:Cost>
                                <proc:TotalCost>
                                    <proc:PriorYear>0.295</proc:PriorYear>
                                </proc:TotalCost>
                            </proc:Cost>
                        </proc:CostElement>
                    </proc:CostElementList>
                    <proc:CategorySubtotal>
                        <proc:TotalCost>
                            <proc:AllPriorYears>3.401</proc:AllPriorYears>
                            <proc:PriorYear>5.108</proc:PriorYear>
                            <proc:CurrentYear>1.365</proc:CurrentYear>
                            <proc:BudgetYearOneBase>1.382</proc:BudgetYearOneBase>
                            <proc:BudgetYearOne>1.382</proc:BudgetYearOne>
                        </proc:TotalCost>
                    </proc:CategorySubtotal>
                </proc:SupportCost>
                <proc:ModificationItemList>
                    <proc:ModificationItem>
                        <proc:Title>SOF Common Terrain Following/Terrain Avoidance (TF/TA) Silent Knight Radar (SKR)</proc:Title>
                        <proc:RDTE>
                            <proc:ProgramElementSummaryList>
                                <proc:ProgramElementSummary>
                                    <proc:ProgramElementNumber>1160403BB</proc:ProgramElementNumber>
                                    <proc:ProgramElementFunding>
                                        <proc:TotalCost>
                                            <proc:AllPriorYears>95.484</proc:AllPriorYears>
                                            <proc:PriorYear>19.83</proc:PriorYear>
                                            <proc:CurrentYear>15.727</proc:CurrentYear>
                                            <proc:BudgetYearOneBase>4.497</proc:BudgetYearOneBase>
                                            <proc:BudgetYearOne>4.497</proc:BudgetYearOne>
                                        </proc:TotalCost>
                                    </proc:ProgramElementFunding>
                                </proc:ProgramElementSummary>
                            </proc:ProgramElementSummaryList>
                        </proc:RDTE>
                        <proc:Procurement>
                            <proc:AKits>
                                <proc:Recurring>
                                    <proc:KitList>
                                        <proc:Kit>
                                            <proc:Name>Silent Knight Radar (SKR)</proc:Name>
                                            <proc:Cost>
                                                <proc:TotalCost>
                                                    <proc:AllPriorYears>2.472</proc:AllPriorYears>
                                                    <proc:PriorYear>3.893</proc:PriorYear>
                                                    <proc:BudgetYearOneBase>6.9</proc:BudgetYearOneBase>
                                                    <proc:BudgetYearOne>6.9</proc:BudgetYearOne>
                                                </proc:TotalCost>
                                            </proc:Cost>
                                        </proc:Kit>
                                        <proc:Kit>
                                            <proc:Name>CV-22 Aircraft Modifications (Labor)</proc:Name>
                                            <proc:Cost>
                                                <proc:TotalCost>
                                                    <proc:PriorYear>0.557</proc:PriorYear>
                                                    <proc:BudgetYearOneBase>2.471</proc:BudgetYearOneBase>
                                                    <proc:BudgetYearOne>2.471</proc:BudgetYearOne>
                                                </proc:TotalCost>
                                            </proc:Cost>
                                        </proc:Kit>
                                    </proc:KitList>
                                    <proc:CategorySubtotal>
                                        <proc:TotalCost>
                                            <proc:AllPriorYears>2.472</proc:AllPriorYears>
                                            <proc:PriorYear>4.45</proc:PriorYear>
                                            <proc:BudgetYearOneBase footnote="FY 2026 increase funds additional A Kits, labor and installation of previously procured SKR A Kits in order to meet modification line schedule.">9.371</proc:BudgetYearOneBase>
                                            <proc:BudgetYearOne>9.371</proc:BudgetYearOne>
                                        </proc:TotalCost>
                                    </proc:CategorySubtotal>
                                </proc:Recurring>
                            </proc:AKits>
                            <proc:BKits>
                                <proc:Recurring>
                                    <proc:KitList>
                                        <proc:Kit>
                                            <proc:Name>Silent Knight Radar (SKR) (CV-22)</proc:Name>
                                            <proc:Cost>
                                                <proc:Quantity>
                                                    <proc:AllPriorYears>20</proc:AllPriorYears>
                                                    <proc:PriorYear>14</proc:PriorYear>
                                                    <proc:CurrentYear>9</proc:CurrentYear>
                                                </proc:Quantity>
                                                <proc:TotalCost>
                                                    <proc:AllPriorYears>45.096</proc:AllPriorYears>
                                                    <proc:PriorYear>42</proc:PriorYear>
                                                    <proc:CurrentYear>27.54</proc:CurrentYear>
                                                </proc:TotalCost>
                                            </proc:Cost>
                                        </proc:Kit>
                                        <proc:Kit>
                                            <proc:Name>Initial Spares</proc:Name>
                                            <proc:Cost>
                                                <proc:TotalCost>
                                                    <proc:AllPriorYears>7.436</proc:AllPriorYears>
                                                    <proc:PriorYear>6</proc:PriorYear>
                                                    <proc:CurrentYear>3.06</proc:CurrentYear>
                                                </proc:TotalCost>
                                            </proc:Cost>
                                        </proc:Kit>
                                    </proc:KitList>
                                    <proc:CategorySubtotal>
                                        <proc:TotalCost>
                                            <proc:AllPriorYears>52.532</proc:AllPriorYears>
                                            <proc:PriorYear>48</proc:PriorYear>
                                            <proc:CurrentYear>30.6</proc:CurrentYear>
                                        </proc:TotalCost>
                                    </proc:CategorySubtotal>
                                </proc:Recurring>
                            </proc:BKits>
                            <proc:ManufacturerList>
                                <proc:Manufacturer>
                                    <proc:Name>Yulista Holding LLC (Alaskan Native Corporation, ANC) (A Kits)</proc:Name>
                                    <proc:Location>Huntsville, AL</proc:Location>
                                    <proc:ContractDates>
                                        <proc:PriorYear>2024-09</proc:PriorYear>
                                        <proc:CurrentYear>2025-12</proc:CurrentYear>
                                        <proc:BudgetYearOne>2026-08</proc:BudgetYearOne>
                                    </proc:ContractDates>
                                    <proc:DeliveryDates>
                                        <proc:PriorYear>2025-06</proc:PriorYear>
                                    </proc:DeliveryDates>
                                    <proc:AdminLeadTimeAfterOct1InMonths>0</proc:AdminLeadTimeAfterOct1InMonths>
                                    <proc:ProductionLeadTimeAfterOct1InMonths>15</proc:ProductionLeadTimeAfterOct1InMonths>
                                </proc:Manufacturer>
                                <proc:Manufacturer>
                                    <proc:Name>Raytheon (B Kits)</proc:Name>
                                    <proc:Location>Forest, MS</proc:Location>
                                    <proc:ContractDates>
                                        <proc:PriorYear>2023-12</proc:PriorYear>
                                    </proc:ContractDates>
                                    <proc:DeliveryDates>
                                        <proc:PriorYear footnote="MYP II first article delivery">2025-08</proc:PriorYear>
                                    </proc:DeliveryDates>
                                    <proc:AdminLeadTimeAfterOct1InMonths>0</proc:AdminLeadTimeAfterOct1InMonths>
                                    <proc:ProductionLeadTimeAfterOct1InMonths>20</proc:ProductionLeadTimeAfterOct1InMonths>
                                </proc:Manufacturer>
                            </proc:ManufacturerList>
                            <proc:TotalCost>
                                <proc:TotalCost>
                                    <proc:AllPriorYears>55.004</proc:AllPriorYears>
                                    <proc:PriorYear>52.45</proc:PriorYear>
                                    <proc:CurrentYear>30.6</proc:CurrentYear>
                                    <proc:BudgetYearOneBase>9.371</proc:BudgetYearOneBase>
                                    <proc:BudgetYearOne>9.371</proc:BudgetYearOne>
                                </proc:TotalCost>
                            </proc:TotalCost>
                        </proc:Procurement>
                        <proc:Installation>
                            <proc:ImplementationMethodList>
                                <proc:ImplementationMethod>
                                    <proc:OrganicInstallation>
                                        <proc:ImplementationMethodName>Modification Line</proc:ImplementationMethodName>
                                        <proc:InstallationQuantity>43</proc:InstallationQuantity>
                                    </proc:OrganicInstallation>
                                </proc:ImplementationMethod>
                            </proc:ImplementationMethodList>
                        </proc:Installation>
                    </proc:ModificationItem>
                </proc:ModificationItemList>
                <proc:ProcurementSubtotal>
                    <proc:TotalCost>
                        <proc:AllPriorYears>55.004</proc:AllPriorYears>
                        <proc:PriorYear>52.45</proc:PriorYear>
                        <proc:CurrentYear>30.6</proc:CurrentYear>
                        <proc:BudgetYearOneBase>9.371</proc:BudgetYearOneBase>
                        <proc:BudgetYearOne>9.371</proc:BudgetYearOne>
                    </proc:TotalCost>
                </proc:ProcurementSubtotal>
                <proc:Description>This modification line funds the retrofit of fielded CV-22 aircraft and related equipment. The Terrain Following (TF) / Terrain Avoidance (TA) Silent Knight Radar (SKR) modification, Program Number 442, includes: Special Operations Forces (SOF) Common TF/TA SKR; SKR ethernet and network connectivity upgrades; SKR navigational display enhancements; upgrades to correct deficiencies identified during testing or field operations; and improvements in reliability/maintainability of the SKR system. The SKR program has been designated a Major Capability Acquisition (MCA) at Milestone C in accordance with the authority in DoD Directive 5135.02, the guidance in DoD Instruction 5000.85.  The purpose of the MCA is to develop, acquire and field a Low Probability or Intercept/Low Probability of Detection Terrain Following/Terrain Avoidance radar to enable CV-22 aircrew to perform infiltration, exfiltration, and resupply missions in hostile, denied, and politically sensitive areas.

The USSOCOM SKR program office executed a 3-year Multiyear Procurement (MYP) contract that stabilized the procurement price of the radar from FY 2021 through FY 2023.  Based upon the success of this acquisition strategy, the SKR program office awarded a 5-year MYP contract in FY 2024 which maintains a stabilized procurement price of the radar.  This budget request includes funding to support a FY 2024 through FY 2028 MYP for the SOF Common TF/TA SKR program for the CV-22 aircraft.

FY 2025 to FY 2026 net decrease of $21.212 million is primarily due to the reduction in the quantity of SKR B kits from 9 to 0 consistent with the acquisition strategy for CV-22 SOF Common TF/TA SKR.</proc:Description>
            </proc:P3AModificationItemGroup>
            <proc:P5Item>
                <proc:Name>Aviation</proc:Name>
                <proc:ResourceSummary>
                    <proc:Quantity>
                        <proc:AllPriorYears>56</proc:AllPriorYears>
                    </proc:Quantity>
                    <proc:TotalCost>
                        <proc:AllPriorYears>1546.99</proc:AllPriorYears>
                    </proc:TotalCost>
                    <proc:NetProcurementP1>
                        <proc:AllPriorYears>1546.99</proc:AllPriorYears>
                    </proc:NetProcurementP1>
                    <proc:TotalObligationAuthority>
                        <proc:AllPriorYears>1546.99</proc:AllPriorYears>
                    </proc:TotalObligationAuthority>
                    <proc:InitialSpares>
                        <proc:AllPriorYears>232.226</proc:AllPriorYears>
                    </proc:InitialSpares>
                </proc:ResourceSummary>
                <proc:CostElementCategoryList>
                    <proc:Flyaway>
                        <proc:Name>CV-22 Airframe</proc:Name>
                        <proc:Recurring>
                            <proc:CostElementList>
                                <proc:CostElement>
                                    <proc:Name>Airframe/CFE (Congressional Add)</proc:Name>
                                    <proc:Cost>
                                        <proc:Quantity>
                                            <proc:AllPriorYears>2</proc:AllPriorYears>
                                        </proc:Quantity>
                                        <proc:TotalCost>
                                            <proc:AllPriorYears>39.28</proc:AllPriorYears>
                                        </proc:TotalCost>
                                        <proc:UnitCost>
                                            <proc:AllPriorYears>19.64</proc:AllPriorYears>
                                        </proc:UnitCost>
                                    </proc:Cost>
                                    <proc:ManufacturerList>
                                        <proc:Manufacturer>
                                            <proc:Name>Bell Boeing</proc:Name>
                                            <proc:Location>Philadelphia, PA</proc:Location>
                                            <proc:HistoryPlanningList>
                                                <proc:HistoryPlanning>
                                                    <proc:FiscalYear>2021</proc:FiscalYear>
                                                    <proc:PCOLocation>Patuxent River, MD</proc:PCOLocation>
                                                    <proc:AwardDate>2021-03</proc:AwardDate>
                                                    <proc:FirstDeliveryDate>2024-11</proc:FirstDeliveryDate>
                                                    <proc:Quantity>2.000</proc:Quantity>
                                                    <proc:UnitCost>19.640</proc:UnitCost>
                                                    <proc:SpecsAvailableNow>true</proc:SpecsAvailableNow>
                                                    <proc:ContractMethod>SS</proc:ContractMethod>
                                                    <proc:ContractType>FPIF</proc:ContractType>
                                                    <proc:ItemNameSuffix>Airframe</proc:ItemNameSuffix>
                                                </proc:HistoryPlanning>
                                            </proc:HistoryPlanningList>
                                        </proc:Manufacturer>
                                    </proc:ManufacturerList>
                                </proc:CostElement>
                                <proc:CostElement>
                                    <proc:Name>Prior Year Funding</proc:Name>
                                    <proc:Cost>
                                        <proc:TotalCost>
                                            <proc:AllPriorYears>1507.71</proc:AllPriorYears>
                                        </proc:TotalCost>
                                    </proc:Cost>
                                </proc:CostElement>
                            </proc:CostElementList>
                            <proc:CategorySubtotal>
                                <proc:TotalCost>
                                    <proc:AllPriorYears>1546.99</proc:AllPriorYears>
                                </proc:TotalCost>
                            </proc:CategorySubtotal>
                        </proc:Recurring>
                        <proc:CategorySubtotal>
                            <proc:TotalCost>
                                <proc:AllPriorYears>1546.99</proc:AllPriorYears>
                            </proc:TotalCost>
                        </proc:CategorySubtotal>
                    </proc:Flyaway>
                </proc:CostElementCategoryList>
            </proc:P5Item>
        </proc:ItemExhibitList>
        <proc:DocumentAssemblyOptions>
            <proc:p40AItemScheduleSetting>total</proc:p40AItemScheduleSetting>
        </proc:DocumentAssemblyOptions>
    </proc:LineItem>
</proc:LineItemList>