<?xml version="1.0" encoding="UTF-8"?>
<proc:LineItemList xmlns:proc="http://www.dtic.mil/comptroller/xml/schema/20100219/procurement">
    <proc:LineItem quantityUnits="Each" quantityUnitName="Each" unitCostUnits="Millions" totalCostUnits="Millions" manufacturerRateUnits="Monthly" combinedP5Flag="false">
        <proc:LineItemNumber>0607OEI</proc:LineItemNumber>
        <proc:LineItemTitle>OPERATIONAL ENHANCEMENTS INTELLIGENCE</proc:LineItemTitle>
        <proc:P1LineNumber>116</proc:P1LineNumber>
        <proc:BudgetYear>2026</proc:BudgetYear>
        <proc:BudgetCycle>PB</proc:BudgetCycle>
        <proc:SubmissionDate>2025-06</proc:SubmissionDate>
        <proc:ServiceAgencyName>United States Special Operations Command</proc:ServiceAgencyName>
        <proc:AppropriationNumber>0300D</proc:AppropriationNumber>
        <proc:AppropriationTitle>Procurement, Defense-Wide</proc:AppropriationTitle>
        <proc:BudgetActivityNumber>2</proc:BudgetActivityNumber>
        <proc:BudgetActivityTitle>Special Operations Command</proc:BudgetActivityTitle>
        <proc:BudgetSubActivityNumber>4</proc:BudgetSubActivityNumber>
        <proc:BudgetSubActivityTitle>Other Procurement Programs</proc:BudgetSubActivityTitle>
        <proc:ResourceSummary>
            <proc:TotalCost>
                <proc:AllPriorYears>457.551</proc:AllPriorYears>
                <proc:PriorYear>23.639</proc:PriorYear>
                <proc:CurrentYear>23.715</proc:CurrentYear>
                <proc:BudgetYearOneBase>17.645</proc:BudgetYearOneBase>
                <proc:BudgetYearOneOOC>3.694</proc:BudgetYearOneOOC>
                <proc:BudgetYearOne>21.339</proc:BudgetYearOne>
            </proc:TotalCost>
            <proc:NetProcurementP1>
                <proc:AllPriorYears>457.551</proc:AllPriorYears>
                <proc:PriorYear>23.639</proc:PriorYear>
                <proc:CurrentYear>23.715</proc:CurrentYear>
                <proc:BudgetYearOneBase>17.645</proc:BudgetYearOneBase>
                <proc:BudgetYearOneOOC>3.694</proc:BudgetYearOneOOC>
                <proc:BudgetYearOne>21.339</proc:BudgetYearOne>
            </proc:NetProcurementP1>
            <proc:TotalObligationAuthority>
                <proc:AllPriorYears>457.551</proc:AllPriorYears>
                <proc:PriorYear>23.639</proc:PriorYear>
                <proc:CurrentYear>23.715</proc:CurrentYear>
                <proc:BudgetYearOneBase>17.645</proc:BudgetYearOneBase>
                <proc:BudgetYearOneOOC>3.694</proc:BudgetYearOneOOC>
                <proc:BudgetYearOne>21.339</proc:BudgetYearOne>
            </proc:TotalObligationAuthority>
        </proc:ResourceSummary>
        <proc:Description>This P-1 Line Item is part of the Military Intelligence Program.  This program is reported in accordance with Title 10, United States Code, Section 119(a)(1) in the Special Access Program Congressional Budget Justification Book (CBJB) to Congress.

Fiscal Year (FY) 2026 Overseas Operations Costs accounted for in the Base budget total $3.694 million.

FY 2024 includes $7.594 million in OOC execution. FY 2025 includes $7.594 million in OOC Enactment. FY 2026 includes $3.694 million for the OOC Budget Estimate.</proc:Description>
        <proc:DocumentAssemblyOptions>
            <proc:p40AItemScheduleSetting>total</proc:p40AItemScheduleSetting>
        </proc:DocumentAssemblyOptions>
    </proc:LineItem>
</proc:LineItemList>