<?xml version="1.0" encoding="UTF-8"?>
<r2:ProgramElementList xmlns:r2="http://www.dtic.mil/comptroller/xml/schema/022009/r2" targetSchemaVersion="1.0">
    <r2:ProgramElement monetaryUnit="Millions">
        <r2:ProgramElementNumber>0305208BB</r2:ProgramElementNumber>
        <r2:ProgramElementTitle>Distributed Common Ground/Surface Systems</r2:ProgramElementTitle>
        <r2:R1LineNumber>264</r2:R1LineNumber>
        <r2:BudgetYear>2026</r2:BudgetYear>
        <r2:BudgetCycle>PB</r2:BudgetCycle>
        <r2:SubmissionDate>2025-06</r2:SubmissionDate>
        <r2:ServiceAgencyName>United States Special Operations Command</r2:ServiceAgencyName>
        <r2:AppropriationCode>0400</r2:AppropriationCode>
        <r2:AppropriationName>Research, Development, Test &amp; Evaluation, Defense-Wide</r2:AppropriationName>
        <r2:BudgetActivityNumber>7</r2:BudgetActivityNumber>
        <r2:BudgetActivityTitle>Operational Systems Development</r2:BudgetActivityTitle>
        <r2:ProgramElementFunding>
            <r2:AllPriorYears>79.440</r2:AllPriorYears>
            <r2:PriorYear>6.214</r2:PriorYear>
            <r2:CurrentYear>5.854</r2:CurrentYear>
            <r2:BudgetYearOne>5.656</r2:BudgetYearOne>
            <r2:BudgetYearOneBase>5.656</r2:BudgetYearOneBase>
            <r2:CostToComplete>Continuing</r2:CostToComplete>
            <r2:TotalCost>Continuing</r2:TotalCost>
        </r2:ProgramElementFunding>
        <r2:ProgramElementMissionDescription>This Program Element is part of the Military Intelligence Program (MIP). The Distributed Common Ground/Surface System Special Operations Forces (DCGS-SOF) is part of a family of systems providing rapid fielding of Intelligence, Surveillance, and Reconnaissance (ISR) Processing, Exploitation, Dissemination (PED), and analytical capabilities at the Combatant Commands (COCOM), Component/Theater Special Operations Commands (TSOC) level and below through a combination of reach back, forward support, and collaboration. The mission tailored infrastructure interconnects the warfighters, analysts, and sensors to find and fix high value targets and provides a network-enabled, interoperable construct allowing continual, unimpeded sharing of intelligence data, information and services with SOF and between the services, national intelligence agencies, COCOMs, and multi-national partners. The DCGS-SOF connects SOF warfighters and analysts with essential intelligence information and provides situational awareness information to SOF leadership at all echelons. The two components of DCGS-SOF are Enterprise/All Source Information Fusion (ENT/ASIF) and SOF Geospatial Intelligence Imagery Processing, Exploitation, and Dissemination (SGIP).  The ENT/ASIF provides infrastructure, processing, and intelligence analytical tools for worldwide SOF intelligence information sharing via a globally connected cloud based architecture as well as a forward disconnected capability. The SGIP provides capabilities in garrison and deployed environments for the PED of crewed and uncrewed sensors.</r2:ProgramElementMissionDescription>
        <r2:ChangeSummary>
            <r2:PreviousPresidentBudget>
                <r2:PriorYear>6.214</r2:PriorYear>
                <r2:CurrentYear>5.854</r2:CurrentYear>
                <r2:BudgetYearOne>6.066</r2:BudgetYearOne>
                <r2:BudgetYearOneBase>6.066</r2:BudgetYearOneBase>
            </r2:PreviousPresidentBudget>
            <r2:CurrentPresidentBudget>
                <r2:PriorYear>6.214</r2:PriorYear>
                <r2:CurrentYear>5.854</r2:CurrentYear>
                <r2:BudgetYearOne>5.656</r2:BudgetYearOne>
                <r2:BudgetYearOneBase>5.656</r2:BudgetYearOneBase>
            </r2:CurrentPresidentBudget>
            <r2:TotalAdjustments>
                <r2:PriorYear>0.000</r2:PriorYear>
                <r2:CurrentYear>0.000</r2:CurrentYear>
                <r2:BudgetYearOne>-0.410</r2:BudgetYearOne>
                <r2:BudgetYearOneBase>-0.410</r2:BudgetYearOneBase>
            </r2:TotalAdjustments>
            <r2:AdjustmentDetails>
                <r2:OtherAdjustmentDetailList>
                    <r2:OtherAdjustmentDetail>
                        <r2:Title>Adjustments to Budget Year</r2:Title>
                        <r2:Funding>
                            <r2:BudgetYearOne>-0.410</r2:BudgetYearOne>
                            <r2:BudgetYearOneBase>-0.410</r2:BudgetYearOneBase>
                        </r2:Funding>
                    </r2:OtherAdjustmentDetail>
                </r2:OtherAdjustmentDetailList>
            </r2:AdjustmentDetails>
            <r2:SummaryExplanation>Funding: 

FY 2024:  None.

FY 2025:  None.

FY 2026:  Decrease of $0.410 million is due to a reduction of ENT/ASIF technology enhancements and cloud integration.</r2:SummaryExplanation>
        </r2:ChangeSummary>
        <r2:ProjectList>
            <r2:Project>
                <r2:ProjectNumber>S400A</r2:ProjectNumber>
                <r2:ProjectTitle>Distributed Common Ground/Surface Systems</r2:ProjectTitle>
                <r2:SpecialProject>0</r2:SpecialProject>
                <r2:ProjectFunding>
                    <r2:AllPriorYears>79.440</r2:AllPriorYears>
                    <r2:PriorYear>6.214</r2:PriorYear>
                    <r2:CurrentYear>5.854</r2:CurrentYear>
                    <r2:BudgetYearOne>5.656</r2:BudgetYearOne>
                    <r2:BudgetYearOneBase>5.656</r2:BudgetYearOneBase>
                    <r2:CostToComplete>Continuing</r2:CostToComplete>
                    <r2:TotalCost>Continuing</r2:TotalCost>
                </r2:ProjectFunding>
                <r2:R2aExhibit>
                    <r2:ProjectMissionDescription>This project is part of the Military Intelligence Program (MIP).  The Distributed Common Ground/Surface System Special Operations Forces (DCGS-SOF) is part of a family of systems providing rapid fielding of Intelligence, Surveillance, and Reconnaissance (ISR) Processing, Exploitation, Dissemination (PED), and analytical capabilities at the Combatant Commands (COCOM), Component/Theater Special Operations Commands (TSOC) level and below through a combination of reach back, forward support, and collaboration. The mission tailored infrastructure interconnects the warfighters, analysts, and sensors to find and fix high value targets and provides a network-enabled, interoperable construct allowing continual, unimpeded sharing of intelligence data, information and services with SOF and between the Services, national intelligence agencies, COCOMs and multi-national partners. The DCGS-SOF connects SOF warfighters and analysts with the essential intelligence information and provides situational awareness information to SOF leadership at all echelons.  The two components of DCGS-SOF are Enterprise/All Source Information Fusion (ENT/ASIF) and SOF Geospatial Intelligence Imagery Processing, Exploitation, and Dissemination (SGIP).  The ENT/ASIF provides infrastructure, processing, and intelligence analytical tools for worldwide SOF intelligence information sharing via a globally connected cloud based architecture as well as a forward disconnected capability.  The SGIP provides capabilities in garrison and deployed environments for the PED of crewed and uncrewed sensors.</r2:ProjectMissionDescription>
                    <r2:AccomplishmentPlannedProgramList>
                        <r2:AccomplishmentPlannedProgram>
                            <r2:Title>DCGS-SOF, Program Number 837</r2:Title>
                            <r2:Description>The DCGS-SOF is composed of two major components: Enterprise/ASIF and SGIP.  The DCGS-SOF develops and integrates SOF hardware and software networks that provide the United States Special Operations Command (USSOCOM) with unique decision capabilities to include: measurement and signature data; sensor exploitation; data compressions and man-portable workstations. The DCGS-SOF provides the supporting architecture to link the Global Sensor Network to those who will interpret the data for rapid transmission to collaborative partners via the SOF Information Environment (SIE).</r2:Description>
                            <r2:Accomplishment>
                                <r2:PriorYear>
                                    <r2:Funding>6.214</r2:Funding>
                                    <r2:Text>Provide technical integration of software tools and interoperability for data ingress/egress within the software acquisition pathway’s agile practice for ASIF analysts. Continue technology development, integration of emerging technologies, software solutions and capabilities enhancements for DCGS-SOF ENT/ASIF requirements including but not limited to: advanced analytics; User Interfaces (UI); cloud computing; machine learning; and disconnected operations capability. Continue technology development, testing and integration of emerging technologies for SGIP. Continue DCGS-SOF support training, Limited Objective Events, and exercise participation to test integration of emerging technologies and obtain user feedback of items in development.</r2:Text>
                                </r2:PriorYear>
                            </r2:Accomplishment>
                            <r2:PlannedProgram>
                                <r2:CurrentYear>
                                    <r2:Funding>5.854</r2:Funding>
                                    <r2:Text>Provide capability releases, value assessments within the software acquisition pathway’s agile practice for Intel analysts. Continue technology enhancements and cloud integration of emerging technologies for DCGS-SOF requirements including but not limited to machine learning, artificial intelligence advancements, undersea PED prototype. Continue exercise and limited objective test events and obtaining user feedback of items in development.</r2:Text>
                                </r2:CurrentYear>
                                <r2:BudgetYearOne>
                                    <r2:Funding>5.656</r2:Funding>
                                </r2:BudgetYearOne>
                                <r2:BudgetYearOneBase>
                                    <r2:Funding>5.656</r2:Funding>
                                    <r2:Text>Continues to provide capability releases, value assessments within the software acquisition pathway’s agile practice for intelligence analysts. Continues technology enhancements and cloud integration of emerging technologies, for DCGS-SOF requirements including but not limited to machine learning, artificial intelligence advancements, undersea PED prototype. Continues exercise and limited objective test events and obtaining user feedback of items in development.</r2:Text>
                                </r2:BudgetYearOneBase>
                                <r2:AppChangeSummary>Decrease of $0.198 million is due to a reduction in ENT/ASIF technology enhancements and integration.</r2:AppChangeSummary>
                            </r2:PlannedProgram>
                        </r2:AccomplishmentPlannedProgram>
                    </r2:AccomplishmentPlannedProgramList>
                    <r2:OtherProgramFundingSummaryList>
                        <r2:OtherProgramFundingSummary>
                            <r2:LineItem>PROC/020401INTL</r2:LineItem>
                            <r2:Title>Distributed Common Ground/Surface System</r2:Title>
                            <r2:Funding>
                                <r2:PriorYear>5.718</r2:PriorYear>
                                <r2:CurrentYear>3.918</r2:CurrentYear>
                                <r2:BudgetYearOne>2.824</r2:BudgetYearOne>
                                <r2:BudgetYearOneBase>2.824</r2:BudgetYearOneBase>
                                <r2:CostToComplete>Continuing</r2:CostToComplete>
                                <r2:TotalCost>Continuing</r2:TotalCost>
                            </r2:Funding>
                        </r2:OtherProgramFundingSummary>
                    </r2:OtherProgramFundingSummaryList>
                    <r2:AcquisitionStrategy>The DCGS-SOF ENT/ASIF is executing under the software acquisition pathway to facilitate rapid and iterative delivery of operational software to meet dynamic SOF requirements. Various contract vehicles are used, primarily Indefinite Delivery/Indefinite Quantity, Firm Fixed Price, and Cost/Cost Plus Fixed Fee. Leverages other SOF programs, DoD and Intelligence Community partners, National Labs, and Other Government Agencies to integrate Commercially available and Government off-the-shelf items, and other mature technologies into the Program of Record which will reside partially within the SOF Information Enterprise combined with Web-Client tools in a global cloud.  Leverage DoD exercises and test and experimentation events to obtain user feedback to accelerate development.  Develops bespoke and Enterprise level SOF-peculiar applications to exploit data and create intel products, which populate Geographic Combatant Commanders' Common Intelligence Picture.</r2:AcquisitionStrategy>
                </r2:R2aExhibit>
                <r2:R3Exhibit>
                    <r2:CostCategoryGroupList>
                        <r2:CostCategoryGroup>
                            <r2:Name>Product Development</r2:Name>
                            <r2:CostCategoryItemList>
                                <r2:CostCategoryItem>
                                    <r2:Name>Enterprise / All Source Information Fusion (ENT/ASIF) Technology Enhancements and Cloud Integration</r2:Name>
                                    <r2:FundingVehicle>Various</r2:FundingVehicle>
                                    <r2:PerformingActivity>Various</r2:PerformingActivity>
                                    <r2:PerformingActivityLocation>Various</r2:PerformingActivityLocation>
                                    <r2:Cost>
                                        <r2:TotalPreviousYears>25.154</r2:TotalPreviousYears>
                                        <r2:PriorYear>
                                            <r2:Amount>3.453</r2:Amount>
                                            <r2:AwardDate>2024-03</r2:AwardDate>
                                        </r2:PriorYear>
                                        <r2:CurrentYear>
                                            <r2:Amount>3.093</r2:Amount>
                                            <r2:AwardDate>2025-03</r2:AwardDate>
                                        </r2:CurrentYear>
                                        <r2:BudgetYearOne>
                                            <r2:Amount>2.904</r2:Amount>
                                        </r2:BudgetYearOne>
                                        <r2:BudgetYearOneBase>
                                            <r2:Amount>2.904</r2:Amount>
                                            <r2:AwardDate>2026-03</r2:AwardDate>
                                        </r2:BudgetYearOneBase>
                                        <r2:CostToComplete>Continuing</r2:CostToComplete>
                                        <r2:TotalCost>Continuing</r2:TotalCost>
                                    </r2:Cost>
                                </r2:CostCategoryItem>
                                <r2:CostCategoryItem>
                                    <r2:Name>SOF Geospatial Intelligence Processing, Exploitation, and Dissemination (SGIP) - Machine Learning and Artificial Intelligence Advancements and Undersea PED Prototype</r2:Name>
                                    <r2:FundingVehicle>Various</r2:FundingVehicle>
                                    <r2:PerformingActivity>Various</r2:PerformingActivity>
                                    <r2:PerformingActivityLocation>Various</r2:PerformingActivityLocation>
                                    <r2:Cost>
                                        <r2:TotalPreviousYears>22.160</r2:TotalPreviousYears>
                                        <r2:PriorYear>
                                            <r2:Amount>1.000</r2:Amount>
                                            <r2:AwardDate>2024-03</r2:AwardDate>
                                        </r2:PriorYear>
                                        <r2:CurrentYear>
                                            <r2:Amount>1.000</r2:Amount>
                                            <r2:AwardDate>2025-03</r2:AwardDate>
                                        </r2:CurrentYear>
                                        <r2:BudgetYearOne>
                                            <r2:Amount>2.491</r2:Amount>
                                        </r2:BudgetYearOne>
                                        <r2:BudgetYearOneBase>
                                            <r2:Amount>2.491</r2:Amount>
                                            <r2:AwardDate>2026-03</r2:AwardDate>
                                        </r2:BudgetYearOneBase>
                                        <r2:CostToComplete>Continuing</r2:CostToComplete>
                                        <r2:TotalCost>Continuing</r2:TotalCost>
                                    </r2:Cost>
                                </r2:CostCategoryItem>
                                <r2:CostCategoryItem>
                                    <r2:Name>Prior Year Funding - Completed Efforts</r2:Name>
                                    <r2:FundingVehicle>Various</r2:FundingVehicle>
                                    <r2:PerformingActivity>Various</r2:PerformingActivity>
                                    <r2:PerformingActivityLocation>Various</r2:PerformingActivityLocation>
                                    <r2:Cost>
                                        <r2:TotalPreviousYears>5.553</r2:TotalPreviousYears>
                                        <r2:CostToComplete>0.000</r2:CostToComplete>
                                        <r2:TotalCost>5.553</r2:TotalCost>
                                    </r2:Cost>
                                </r2:CostCategoryItem>
                            </r2:CostCategoryItemList>
                        </r2:CostCategoryGroup>
                        <r2:CostCategoryGroup>
                            <r2:Name>Support</r2:Name>
                            <r2:CostCategoryItemList>
                                <r2:CostCategoryItem>
                                    <r2:Name>ENT / ASIF Program Support</r2:Name>
                                    <r2:ContractMethod>C</r2:ContractMethod>
                                    <r2:ContractType>FFP</r2:ContractType>
                                    <r2:PerformingActivity>Various</r2:PerformingActivity>
                                    <r2:PerformingActivityLocation>Various</r2:PerformingActivityLocation>
                                    <r2:Cost>
                                        <r2:TotalPreviousYears>10.057</r2:TotalPreviousYears>
                                        <r2:PriorYear>
                                            <r2:Amount>1.500</r2:Amount>
                                            <r2:AwardDate>2024-06</r2:AwardDate>
                                        </r2:PriorYear>
                                        <r2:CurrentYear>
                                            <r2:Amount>1.500</r2:Amount>
                                            <r2:AwardDate>2025-06</r2:AwardDate>
                                        </r2:CurrentYear>
                                    </r2:Cost>
                                </r2:CostCategoryItem>
                                <r2:CostCategoryItem>
                                    <r2:Name>Prior Year Funding - Completed Efforts</r2:Name>
                                    <r2:FundingVehicle>Various</r2:FundingVehicle>
                                    <r2:PerformingActivity>Various</r2:PerformingActivity>
                                    <r2:PerformingActivityLocation>Various</r2:PerformingActivityLocation>
                                    <r2:Cost>
                                        <r2:TotalPreviousYears>0.576</r2:TotalPreviousYears>
                                        <r2:CostToComplete>0.000</r2:CostToComplete>
                                        <r2:TotalCost>0.576</r2:TotalCost>
                                    </r2:Cost>
                                </r2:CostCategoryItem>
                            </r2:CostCategoryItemList>
                        </r2:CostCategoryGroup>
                        <r2:CostCategoryGroup>
                            <r2:Name>Test and Evaluation</r2:Name>
                            <r2:CostCategoryItemList>
                                <r2:CostCategoryItem>
                                    <r2:Name>ENT/ASIF/SGIP Exercise &amp; Limited Objective Developmental Test Events</r2:Name>
                                    <r2:FundingVehicle>MIPR</r2:FundingVehicle>
                                    <r2:PerformingActivity>Various</r2:PerformingActivity>
                                    <r2:PerformingActivityLocation>Various</r2:PerformingActivityLocation>
                                    <r2:Cost>
                                        <r2:TotalPreviousYears>3.138</r2:TotalPreviousYears>
                                        <r2:PriorYear>
                                            <r2:Amount>0.261</r2:Amount>
                                            <r2:AwardDate>2024-02</r2:AwardDate>
                                        </r2:PriorYear>
                                        <r2:CurrentYear>
                                            <r2:Amount>0.261</r2:Amount>
                                            <r2:AwardDate>2025-02</r2:AwardDate>
                                        </r2:CurrentYear>
                                        <r2:BudgetYearOne>
                                            <r2:Amount>0.261</r2:Amount>
                                        </r2:BudgetYearOne>
                                        <r2:BudgetYearOneBase>
                                            <r2:Amount>0.261</r2:Amount>
                                            <r2:AwardDate>2026-02</r2:AwardDate>
                                        </r2:BudgetYearOneBase>
                                        <r2:CostToComplete>Continuing</r2:CostToComplete>
                                        <r2:TotalCost>Continuing</r2:TotalCost>
                                    </r2:Cost>
                                </r2:CostCategoryItem>
                                <r2:CostCategoryItem>
                                    <r2:Name>Prior Year Funding - Completed Efforts</r2:Name>
                                    <r2:FundingVehicle>Various</r2:FundingVehicle>
                                    <r2:PerformingActivity>Various</r2:PerformingActivity>
                                    <r2:PerformingActivityLocation>Various</r2:PerformingActivityLocation>
                                    <r2:Cost>
                                        <r2:TotalPreviousYears>12.802</r2:TotalPreviousYears>
                                        <r2:CostToComplete>0.000</r2:CostToComplete>
                                        <r2:TotalCost>12.802</r2:TotalCost>
                                    </r2:Cost>
                                </r2:CostCategoryItem>
                            </r2:CostCategoryItemList>
                        </r2:CostCategoryGroup>
                    </r2:CostCategoryGroupList>
                </r2:R3Exhibit>
                <r2:R4Exhibit>
                    <r2:ScheduleProfile>
                        <r2:ImageFileName>FY26 CSB DCGS-SOF Schedule_27 May 25_JMA.png</r2:ImageFileName>
                    </r2:ScheduleProfile>
                </r2:R4Exhibit>
                <r2:R4aExhibit>
                    <r2:SubProjectScheduleList>
                        <r2:SubProjectSchedule>
                            <r2:Title>Distributed Common Ground/Surface System-Special Operations Forces (DCGS-SOF)</r2:Title>
                            <r2:ScheduleDetailList>
                                <r2:ScheduleDetail>
                                    <r2:EventTitle>Enterprise / All Source Information Fusion (ENT/ASIF) Technology Enhancements &amp; Cloud Integration</r2:EventTitle>
                                    <r2:Schedule>
                                        <r2:Start>
                                            <r2:Quarter>1</r2:Quarter>
                                            <r2:Year>2024</r2:Year>
                                        </r2:Start>
                                        <r2:End>
                                            <r2:Quarter>4</r2:Quarter>
                                            <r2:Year>2030</r2:Year>
                                        </r2:End>
                                    </r2:Schedule>
                                </r2:ScheduleDetail>
                                <r2:ScheduleDetail>
                                    <r2:EventTitle>SOF Geospatial Intelligence Processing Exploitation, and Dissemination (SGIP) Machine Learning and Artificial Intelligence Advancements and Undersea PED Prototype</r2:EventTitle>
                                    <r2:Schedule>
                                        <r2:Start>
                                            <r2:Quarter>1</r2:Quarter>
                                            <r2:Year>2024</r2:Year>
                                        </r2:Start>
                                        <r2:End>
                                            <r2:Quarter>4</r2:Quarter>
                                            <r2:Year>2030</r2:Year>
                                        </r2:End>
                                    </r2:Schedule>
                                </r2:ScheduleDetail>
                                <r2:ScheduleDetail>
                                    <r2:EventTitle>ENT/ASIF/SGIP Exercise &amp; Limited Objective Developmental Test Events</r2:EventTitle>
                                    <r2:Schedule>
                                        <r2:Start>
                                            <r2:Quarter>1</r2:Quarter>
                                            <r2:Year>2024</r2:Year>
                                        </r2:Start>
                                        <r2:End>
                                            <r2:Quarter>4</r2:Quarter>
                                            <r2:Year>2030</r2:Year>
                                        </r2:End>
                                    </r2:Schedule>
                                </r2:ScheduleDetail>
                            </r2:ScheduleDetailList>
                        </r2:SubProjectSchedule>
                    </r2:SubProjectScheduleList>
                </r2:R4aExhibit>
            </r2:Project>
        </r2:ProjectList>
    </r2:ProgramElement>
</r2:ProgramElementList>