<?xml version="1.0" encoding="UTF-8"?>
<r2:ProgramElementList xmlns:r2="http://www.dtic.mil/comptroller/xml/schema/022009/r2" targetSchemaVersion="1.0">
    <r2:ProgramElement monetaryUnit="Millions">
        <r2:ProgramElementNumber>1160480BB</r2:ProgramElementNumber>
        <r2:ProgramElementTitle>SOF Tactical Vehicles</r2:ProgramElementTitle>
        <r2:R1LineNumber>295</r2:R1LineNumber>
        <r2:BudgetYear>2026</r2:BudgetYear>
        <r2:BudgetCycle>PB</r2:BudgetCycle>
        <r2:SubmissionDate>2025-06</r2:SubmissionDate>
        <r2:ServiceAgencyName>United States Special Operations Command</r2:ServiceAgencyName>
        <r2:AppropriationCode>0400</r2:AppropriationCode>
        <r2:AppropriationName>Research, Development, Test &amp; Evaluation, Defense-Wide</r2:AppropriationName>
        <r2:BudgetActivityNumber>7</r2:BudgetActivityNumber>
        <r2:BudgetActivityTitle>Operational Systems Development</r2:BudgetActivityTitle>
        <r2:ProgramElementFunding>
            <r2:AllPriorYears>77.706</r2:AllPriorYears>
            <r2:PriorYear>8.994</r2:PriorYear>
            <r2:CurrentYear>7.025</r2:CurrentYear>
            <r2:BudgetYearOne>9.213</r2:BudgetYearOne>
            <r2:BudgetYearOneBase>9.213</r2:BudgetYearOneBase>
        </r2:ProgramElementFunding>
        <r2:ProgramElementMissionDescription>This Program Element provides for the development and testing of a variety of capability upgrades to Special Operations Forces (SOF) Vehicles and mission enabling equipment. Current SOF tactical vehicles are categorized into Light, Medium, Heavy, and Commercial, which include the Lightweight Tactical All-Terrain Vehicle (LTATV); Ground Mobility Vehicle (GMV 1.0 / 1.1); Joint Light Tactical Vehicle (JLTV); Mine Resistant Ambush Protected (MRAP) Vehicle; Armored Ground Mobility System (AGMS); Non-Standard Commercial Vehicle (NSCV); and Special Operations-peculiar (SO-p) modifications for commercially available and service common platforms, such as the Infantry Squad Vehicle (ISV), Squad Multipurpose Equipment Transport (SMET) and JLTV. The SOF mission mandates that SOF vehicles remain technologically superior, able to operate in multiple environments, meet any threat to provide a maximum degree of survivability, and build enduring advantages and campaigning to advance strategy-aligned priorities.

FOSOV utilizes evolutionary acquisition, leveraging emerging technology and rapid prototyping efforts when appropriate. An evolutionary approach delivers capability in increments, recognizing, up front, the need for future capability improvements. Full and open competition with Firm-Fixed Price contracts and Other Transaction Authorities (OTAs). The total cost of the FSOV JLTV SO-p modifications (Program Number P7Z) Middle Tier of Acquisition effort is $111.735 million, including RDT&amp;E and procurement of prototype units. The FSOV JLTV is fully funded across the Future Years Defense Program.</r2:ProgramElementMissionDescription>
        <r2:ChangeSummary>
            <r2:PreviousPresidentBudget>
                <r2:PriorYear>9.335</r2:PriorYear>
                <r2:CurrentYear>9.025</r2:CurrentYear>
                <r2:BudgetYearOne>9.213</r2:BudgetYearOne>
                <r2:BudgetYearOneBase>9.213</r2:BudgetYearOneBase>
            </r2:PreviousPresidentBudget>
            <r2:CurrentPresidentBudget>
                <r2:PriorYear>8.994</r2:PriorYear>
                <r2:CurrentYear>7.025</r2:CurrentYear>
                <r2:BudgetYearOne>9.213</r2:BudgetYearOne>
                <r2:BudgetYearOneBase>9.213</r2:BudgetYearOneBase>
            </r2:CurrentPresidentBudget>
            <r2:TotalAdjustments>
                <r2:PriorYear>-0.341</r2:PriorYear>
                <r2:CurrentYear>-2.000</r2:CurrentYear>
                <r2:BudgetYearOne>0.000</r2:BudgetYearOne>
                <r2:BudgetYearOneBase>0.000</r2:BudgetYearOneBase>
            </r2:TotalAdjustments>
            <r2:AdjustmentDetails>
                <r2:CongressionalDirectedReductions>
                    <r2:CurrentYear>-2.000</r2:CurrentYear>
                </r2:CongressionalDirectedReductions>
                <r2:SBIRSTTRTransfer>
                    <r2:PriorYear>-0.341</r2:PriorYear>
                </r2:SBIRSTTRTransfer>
            </r2:AdjustmentDetails>
            <r2:SummaryExplanation>Funding:    

FY 2024: Decrease of $0.341 million is due to a reprogramming of funds to the congressionally mandated Small Business Innovative Research/Small Business Technology Transfer (SBIR/STTR) programs.

FY 2025:  Decrease of $2.000 million is due to a Congressional directed reduction.

FY 2026:  None.</r2:SummaryExplanation>
        </r2:ChangeSummary>
        <r2:ProjectList>
            <r2:Project>
                <r2:ProjectNumber>S910</r2:ProjectNumber>
                <r2:ProjectTitle>SOF Tactical Vehicles</r2:ProjectTitle>
                <r2:SpecialProject>0</r2:SpecialProject>
                <r2:ProjectFunding>
                    <r2:AllPriorYears>77.706</r2:AllPriorYears>
                    <r2:PriorYear>8.994</r2:PriorYear>
                    <r2:CurrentYear>7.025</r2:CurrentYear>
                    <r2:BudgetYearOne>9.213</r2:BudgetYearOne>
                    <r2:BudgetYearOneBase>9.213</r2:BudgetYearOneBase>
                </r2:ProjectFunding>
                <r2:R2aExhibit>
                    <r2:ProjectMissionDescription>This project provides for the development and testing of a variety of capability upgrades to Special Operations Forces (SOF) Vehicles and mission enabling equipment. Current SOF tactical vehicles are categorized into Light, Medium, Heavy, and Commercial, which include the Lightweight Tactical All-Terrain Vehicle (LTATV); Ground Mobility Vehicle (GMV 1.0 / 1.1); Joint Light Tactical Vehicle (JLTV); Mine Resistant Ambush Protected (MRAP) Vehicle; Armored Ground Mobility System (AGMS); Non-Standard Commercial Vehicle (NSCV); and Special Operations-peculiar (SO-p) modifications for commercially available and service common platforms. The SOF mission mandates that SOF vehicles remain technologically superior, operate in multiple environments, and able to meet any threat to provide a maximum degree of survivability.</r2:ProjectMissionDescription>
                    <r2:AccomplishmentPlannedProgramList>
                        <r2:AccomplishmentPlannedProgram>
                            <r2:Title>Family of Special Operations Vehicles (FSOV)</r2:Title>
                            <r2:Description>Funding provides for design/engineering, test, and evaluation costs related to capability upgrades in the following areas:  survivability; lethality; signature management; mobility/performance; communications; and product development.  These capability upgrades and Engineering Change Proposals (ECPs) are incorporated across the FSOV family of vehicles: Ground Mobility Vehicle (GMV 1.1), Program Number 803; Non-Standard Commercial Vehicle (NSCV), Program Number 804; Lightweight Tactical All-Terrain Vehicle (LTATV), Program Number Q8M; Mine Resistant Ambush Protected (MRAP) Vehicle, Program Number 802; and commercially available and other service common platforms such as the Joint Light Tactical Vehicle (JLTV), Program Number P7Z and Infantry Squad Vehicle (ISV).</r2:Description>
                            <r2:Accomplishment>
                                <r2:PriorYear>
                                    <r2:Funding>8.994</r2:Funding>
                                    <r2:Text>Continue the development and integration of ECPs that improve the performance of LTATV, GMV 1.1, MRAP, JLTV, NSCV, Stryker communications, and other emerging SOF and service common platforms. Continue capability development for JLTV SOF modifications and other SOF Mobility platforms including Hybrid/Electric and autonomous technology, signature reduction, Counter Uncrewed Aerial Systems (C-UxS), Precision Strike System (PSS), Situational Awareness (SA), along with enhanced integrated communications, lethality, and survivability modernization. Continue to transition developed technologies across the FSOV family of vehicles.</r2:Text>
                                </r2:PriorYear>
                            </r2:Accomplishment>
                            <r2:PlannedProgram>
                                <r2:CurrentYear>
                                    <r2:Funding>7.025</r2:Funding>
                                    <r2:Text>Continue the development and integration of ECPs that improve the performance of LTATV, GMV 1.1, MRAP, JLTV, NSCV, and other emerging SOF and service common platforms. Continue capability development for SO-p kits for SOF vehicles, JLTV, ISV, other commercial vehicles and other SOF Mobility platforms including Hybrid/Electric and autonomous technology, signature reduction, Remote Weapon System (RWS), Counter Uncrewed Aerial Systems (C-UxS), Precision Strike, lethality, survivability modernization and enhanced integrated communications. Continue to transition developed technologies across the FSOV family of vehicles. Complete the development and integration of Stryker communication. Completion of JLTV SOF Modification Block 1 ECPs.</r2:Text>
                                </r2:CurrentYear>
                                <r2:BudgetYearOne>
                                    <r2:Funding>9.213</r2:Funding>
                                </r2:BudgetYearOne>
                                <r2:BudgetYearOneBase>
                                    <r2:Funding>9.213</r2:Funding>
                                    <r2:Text>Continues the development, integration and testing of ECPs that improve the performance of LTATV, GMV 1.1, MRAP, JLTV, NSCV, and other emerging SOF and service common platforms. Continues capability development for SO-p kits for SOF vehicles, JLTV, ISV, other commercial vehicles, including snowmobiles to support arctic missions, and other SOF Mobility platforms including Hybrid/Electric and autonomous technology, signature reduction, RWS, C-UxS, Precision Strike, lethality, survivability modernization and enhanced integrated communications. Continues to transition developed technologies across the FSOV family of vehicles.</r2:Text>
                                </r2:BudgetYearOneBase>
                                <r2:AppChangeSummary>Increase of $2.188 million supports development previously delayed ISV SO-p modifications, JLTV SO-p, and arctic modifications to SOF vehicles and commercial vehicles.</r2:AppChangeSummary>
                            </r2:PlannedProgram>
                        </r2:AccomplishmentPlannedProgram>
                    </r2:AccomplishmentPlannedProgramList>
                    <r2:OtherProgramFundingSummaryList>
                        <r2:OtherProgramFundingSummary>
                            <r2:LineItem>PROC/0204TACVEH</r2:LineItem>
                            <r2:Title>Tactical Vehicles</r2:Title>
                            <r2:Funding>
                                <r2:PriorYear>68.061</r2:PriorYear>
                                <r2:CurrentYear>58.016</r2:CurrentYear>
                                <r2:BudgetYearOne>54.100</r2:BudgetYearOne>
                                <r2:BudgetYearOneBase>51.476</r2:BudgetYearOneBase>
                                <r2:BudgetYearOneOOC>2.624</r2:BudgetYearOneOOC>
                            </r2:Funding>
                        </r2:OtherProgramFundingSummary>
                    </r2:OtherProgramFundingSummaryList>
                    <r2:AcquisitionStrategy>The Family of Special Operations Vehicles (FSOV) has been designated a Major Capability Acquisition (MCA) at Milestone C, in accordance with the authority in DoD Directive 5135.02, the guidance in DoD Instruction 5000.85.

FOSOV utilizes the MCA ACAT III acquisition pathway to acquire capabilities to support global operations in diverse environments with varying threat levels for survivability, lethality, signature management, mobility/performance, communications, and product development, incorporated across the FSOV family of vehicles to include: Ground Mobility Vehicle (GMV 1.1); Non-Standard Commercial Vehicle (NSCV); Lightweight Tactical All-Terrain Vehicle (LTATV); Mine Resistant Ambush Protected (MRAP) Vehicle; Armored round Mobility System (AGMS) and SOF Mods on other service common platforms such as the Infantry Squad Vehicle (ISV) and Squad Multipurpose Equipment Transport (SMET). 

The current acquisition approach for SOF Tactical Vehicles also utilizes the MTA rapid fielding pathway to support capability set procurements and fielding of capability upgrades and Engineering Change Proposals for survivability, lethality, signature management, mobility/performance, communications, and product development of SOF Mods on the service common Joint Light Tactical Vehicle (JLTV) platform. 

The FSOV program will transition MTA rapid fielding assets to a tailored ACAT program utilizing the MCA pathway to complete fielding. The FSOV program will apply SO-p modifications to service common or Commercial-Off-The-Shelf (COTS) vehicles whenever possible. Where required, the FSOV program will incorporate purpose-built, non-developmental item, or modified COTS vehicles if/when service solution is unavailable.</r2:AcquisitionStrategy>
                </r2:R2aExhibit>
                <r2:R3Exhibit>
                    <r2:CostCategoryGroupList>
                        <r2:CostCategoryGroup>
                            <r2:Name>Product Development</r2:Name>
                            <r2:CostCategoryItemList>
                                <r2:CostCategoryItem>
                                    <r2:Name>Light Tactical All-Terrain Vehicle (LTATV) Capability Enhancements / Engineering Change Proposal (ECP) Development</r2:Name>
                                    <r2:FundingVehicle>Various</r2:FundingVehicle>
                                    <r2:PerformingActivity>Various</r2:PerformingActivity>
                                    <r2:PerformingActivityLocation>Various</r2:PerformingActivityLocation>
                                    <r2:Cost>
                                        <r2:TotalPreviousYears>5.216</r2:TotalPreviousYears>
                                        <r2:PriorYear>
                                            <r2:Amount>1.100</r2:Amount>
                                            <r2:AwardDate>2023-11</r2:AwardDate>
                                        </r2:PriorYear>
                                        <r2:CurrentYear>
                                            <r2:Amount>1.500</r2:Amount>
                                            <r2:AwardDate>2024-11</r2:AwardDate>
                                        </r2:CurrentYear>
                                        <r2:BudgetYearOne>
                                            <r2:Amount>1.250</r2:Amount>
                                        </r2:BudgetYearOne>
                                        <r2:BudgetYearOneBase>
                                            <r2:Amount>1.250</r2:Amount>
                                            <r2:AwardDate>2026-05</r2:AwardDate>
                                        </r2:BudgetYearOneBase>
                                    </r2:Cost>
                                </r2:CostCategoryItem>
                                <r2:CostCategoryItem>
                                    <r2:Name>Medium Vehicle (Ground Mobility Vehicle (GMV) 1.1, Infantry Squad Vehicle (ISV))  Capability Enhancements / ECP Development</r2:Name>
                                    <r2:FundingVehicle>Various</r2:FundingVehicle>
                                    <r2:PerformingActivity>Various</r2:PerformingActivity>
                                    <r2:PerformingActivityLocation>Various</r2:PerformingActivityLocation>
                                    <r2:Cost>
                                        <r2:TotalPreviousYears>19.057</r2:TotalPreviousYears>
                                        <r2:PriorYear>
                                            <r2:Amount>0.715</r2:Amount>
                                            <r2:AwardDate>2024-05</r2:AwardDate>
                                        </r2:PriorYear>
                                        <r2:CurrentYear>
                                            <r2:Amount>0.250</r2:Amount>
                                            <r2:AwardDate>2025-02</r2:AwardDate>
                                        </r2:CurrentYear>
                                        <r2:BudgetYearOne>
                                            <r2:Amount>1.000</r2:Amount>
                                        </r2:BudgetYearOne>
                                        <r2:BudgetYearOneBase>
                                            <r2:Amount>1.000</r2:Amount>
                                            <r2:AwardDate>2026-03</r2:AwardDate>
                                        </r2:BudgetYearOneBase>
                                    </r2:Cost>
                                </r2:CostCategoryItem>
                                <r2:CostCategoryItem>
                                    <r2:Name>Non-Standard Commercial Vehicle (NSCV) Capability Enhancements / ECP Development</r2:Name>
                                    <r2:FundingVehicle>Various</r2:FundingVehicle>
                                    <r2:PerformingActivity>Various</r2:PerformingActivity>
                                    <r2:PerformingActivityLocation>Various</r2:PerformingActivityLocation>
                                    <r2:Cost>
                                        <r2:TotalPreviousYears>9.048</r2:TotalPreviousYears>
                                        <r2:PriorYear>
                                            <r2:Amount>0.901</r2:Amount>
                                            <r2:AwardDate>2024-02</r2:AwardDate>
                                        </r2:PriorYear>
                                        <r2:CurrentYear>
                                            <r2:Amount>1.750</r2:Amount>
                                            <r2:AwardDate>2025-05</r2:AwardDate>
                                        </r2:CurrentYear>
                                        <r2:BudgetYearOne>
                                            <r2:Amount>1.250</r2:Amount>
                                        </r2:BudgetYearOne>
                                        <r2:BudgetYearOneBase>
                                            <r2:Amount>1.250</r2:Amount>
                                            <r2:AwardDate>2025-12</r2:AwardDate>
                                        </r2:BudgetYearOneBase>
                                    </r2:Cost>
                                </r2:CostCategoryItem>
                                <r2:CostCategoryItem>
                                    <r2:Name>Heavy Vehicle (Mine Resistant Ambush Protected Vehicle (MRAP), SO-p Mod Kit, Armored Ground Mobility System (AGMS) Capability Enhancements / ECP Development</r2:Name>
                                    <r2:FundingVehicle>Various</r2:FundingVehicle>
                                    <r2:PerformingActivity>Various</r2:PerformingActivity>
                                    <r2:PerformingActivityLocation>Various</r2:PerformingActivityLocation>
                                    <r2:Cost>
                                        <r2:TotalPreviousYears>4.111</r2:TotalPreviousYears>
                                        <r2:PriorYear>
                                            <r2:Amount>0.068</r2:Amount>
                                            <r2:AwardDate>2024-03</r2:AwardDate>
                                        </r2:PriorYear>
                                        <r2:BudgetYearOne>
                                            <r2:Amount>0.250</r2:Amount>
                                        </r2:BudgetYearOne>
                                        <r2:BudgetYearOneBase>
                                            <r2:Amount>0.250</r2:Amount>
                                            <r2:AwardDate>2026-03</r2:AwardDate>
                                        </r2:BudgetYearOneBase>
                                    </r2:Cost>
                                </r2:CostCategoryItem>
                                <r2:CostCategoryItem>
                                    <r2:Name>Joint Light Tactical Vehicle (JLTV) Capability Enhancements / ECP Development</r2:Name>
                                    <r2:FundingVehicle>Various</r2:FundingVehicle>
                                    <r2:PerformingActivity>Various</r2:PerformingActivity>
                                    <r2:PerformingActivityLocation>Various</r2:PerformingActivityLocation>
                                    <r2:Cost>
                                        <r2:TotalPreviousYears>3.750</r2:TotalPreviousYears>
                                        <r2:PriorYear>
                                            <r2:Amount>1.000</r2:Amount>
                                            <r2:AwardDate>2023-12</r2:AwardDate>
                                        </r2:PriorYear>
                                        <r2:CurrentYear>
                                            <r2:Amount>0.250</r2:Amount>
                                        </r2:CurrentYear>
                                        <r2:BudgetYearOne>
                                            <r2:Amount>0.750</r2:Amount>
                                        </r2:BudgetYearOne>
                                        <r2:BudgetYearOneBase>
                                            <r2:Amount>0.750</r2:Amount>
                                            <r2:AwardDate>2025-10</r2:AwardDate>
                                        </r2:BudgetYearOneBase>
                                    </r2:Cost>
                                </r2:CostCategoryItem>
                                <r2:CostCategoryItem>
                                    <r2:Name>Survivability Enhancement/ Improvement Efforts</r2:Name>
                                    <r2:FundingVehicle>Various</r2:FundingVehicle>
                                    <r2:PerformingActivity>Various</r2:PerformingActivity>
                                    <r2:PerformingActivityLocation>Various</r2:PerformingActivityLocation>
                                    <r2:Cost>
                                        <r2:TotalPreviousYears>3.436</r2:TotalPreviousYears>
                                        <r2:PriorYear>
                                            <r2:Amount>0.800</r2:Amount>
                                            <r2:AwardDate>2024-03</r2:AwardDate>
                                        </r2:PriorYear>
                                        <r2:CurrentYear>
                                            <r2:Amount>0.525</r2:Amount>
                                            <r2:AwardDate>2025-03</r2:AwardDate>
                                        </r2:CurrentYear>
                                        <r2:BudgetYearOne>
                                            <r2:Amount>0.500</r2:Amount>
                                        </r2:BudgetYearOne>
                                        <r2:BudgetYearOneBase>
                                            <r2:Amount>0.500</r2:Amount>
                                            <r2:AwardDate>2025-11</r2:AwardDate>
                                        </r2:BudgetYearOneBase>
                                    </r2:Cost>
                                </r2:CostCategoryItem>
                                <r2:CostCategoryItem>
                                    <r2:Name>Prior Year Funding</r2:Name>
                                    <r2:FundingVehicle>Various</r2:FundingVehicle>
                                    <r2:PerformingActivity>Various</r2:PerformingActivity>
                                    <r2:PerformingActivityLocation>Various</r2:PerformingActivityLocation>
                                    <r2:Cost>
                                        <r2:TotalPreviousYears>0.385</r2:TotalPreviousYears>
                                    </r2:Cost>
                                </r2:CostCategoryItem>
                                <r2:CostCategoryItem>
                                    <r2:Name>Prior Year Funding - (OCO)</r2:Name>
                                    <r2:ContractMethod>C</r2:ContractMethod>
                                    <r2:ContractType>Various</r2:ContractType>
                                    <r2:PerformingActivity>Various</r2:PerformingActivity>
                                    <r2:PerformingActivityLocation>Various</r2:PerformingActivityLocation>
                                    <r2:Cost>
                                        <r2:TotalPreviousYears>0.725</r2:TotalPreviousYears>
                                    </r2:Cost>
                                </r2:CostCategoryItem>
                                <r2:CostCategoryItem>
                                    <r2:Name>Prior Year Funding - Congressional Add</r2:Name>
                                    <r2:FundingVehicle>Various</r2:FundingVehicle>
                                    <r2:PerformingActivity>Various</r2:PerformingActivity>
                                    <r2:PerformingActivityLocation>Various</r2:PerformingActivityLocation>
                                    <r2:Cost>
                                        <r2:TotalPreviousYears>4.818</r2:TotalPreviousYears>
                                    </r2:Cost>
                                </r2:CostCategoryItem>
                            </r2:CostCategoryItemList>
                        </r2:CostCategoryGroup>
                        <r2:CostCategoryGroup>
                            <r2:Name>Support</r2:Name>
                            <r2:CostCategoryItemList>
                                <r2:CostCategoryItem>
                                    <r2:Name>Prior Year Funding</r2:Name>
                                    <r2:FundingVehicle>Various</r2:FundingVehicle>
                                    <r2:PerformingActivity>Various</r2:PerformingActivity>
                                    <r2:PerformingActivityLocation>Various</r2:PerformingActivityLocation>
                                    <r2:Cost>
                                        <r2:TotalPreviousYears>4.051</r2:TotalPreviousYears>
                                    </r2:Cost>
                                </r2:CostCategoryItem>
                            </r2:CostCategoryItemList>
                        </r2:CostCategoryGroup>
                        <r2:CostCategoryGroup>
                            <r2:Name>Test and Evaluation</r2:Name>
                            <r2:CostCategoryItemList>
                                <r2:CostCategoryItem>
                                    <r2:Name>Light Tactical All-Terrain Vehicle (LTATV) Developmental Test and Evaluation (DT&amp;E) Efforts</r2:Name>
                                    <r2:FundingVehicle>Various</r2:FundingVehicle>
                                    <r2:PerformingActivity>Various</r2:PerformingActivity>
                                    <r2:PerformingActivityLocation>Various</r2:PerformingActivityLocation>
                                    <r2:Cost>
                                        <r2:TotalPreviousYears>3.431</r2:TotalPreviousYears>
                                        <r2:PriorYear>
                                            <r2:Amount>0.503</r2:Amount>
                                            <r2:AwardDate>2024-01</r2:AwardDate>
                                        </r2:PriorYear>
                                        <r2:CurrentYear>
                                            <r2:Amount>0.750</r2:Amount>
                                            <r2:AwardDate>2025-05</r2:AwardDate>
                                        </r2:CurrentYear>
                                        <r2:BudgetYearOne>
                                            <r2:Amount>0.800</r2:Amount>
                                        </r2:BudgetYearOne>
                                        <r2:BudgetYearOneBase>
                                            <r2:Amount>0.800</r2:Amount>
                                            <r2:AwardDate>2026-04</r2:AwardDate>
                                        </r2:BudgetYearOneBase>
                                    </r2:Cost>
                                </r2:CostCategoryItem>
                                <r2:CostCategoryItem>
                                    <r2:Name>NSCV DT&amp;E Validation Efforts (Automotive, Command, Control, Communications, Computers, and Intelligence (C4I), Ballistics) Operator Events</r2:Name>
                                    <r2:FundingVehicle>Various</r2:FundingVehicle>
                                    <r2:PerformingActivity>Various</r2:PerformingActivity>
                                    <r2:PerformingActivityLocation>Various</r2:PerformingActivityLocation>
                                    <r2:Cost>
                                        <r2:TotalPreviousYears>6.155</r2:TotalPreviousYears>
                                        <r2:PriorYear>
                                            <r2:Amount>1.500</r2:Amount>
                                            <r2:AwardDate>2024-01</r2:AwardDate>
                                        </r2:PriorYear>
                                        <r2:CurrentYear>
                                            <r2:Amount>1.000</r2:Amount>
                                            <r2:AwardDate>2025-01</r2:AwardDate>
                                        </r2:CurrentYear>
                                        <r2:BudgetYearOne>
                                            <r2:Amount>1.200</r2:Amount>
                                        </r2:BudgetYearOne>
                                        <r2:BudgetYearOneBase>
                                            <r2:Amount>1.200</r2:Amount>
                                            <r2:AwardDate>2026-03</r2:AwardDate>
                                        </r2:BudgetYearOneBase>
                                    </r2:Cost>
                                </r2:CostCategoryItem>
                                <r2:CostCategoryItem>
                                    <r2:Name>Medium Vehicle DT&amp;E Validation Efforts (Automotive, C4I) Operator Events</r2:Name>
                                    <r2:FundingVehicle>Various</r2:FundingVehicle>
                                    <r2:PerformingActivity>Various</r2:PerformingActivity>
                                    <r2:PerformingActivityLocation>Various</r2:PerformingActivityLocation>
                                    <r2:Cost>
                                        <r2:TotalPreviousYears>3.834</r2:TotalPreviousYears>
                                        <r2:PriorYear>
                                            <r2:Amount>0.407</r2:Amount>
                                            <r2:AwardDate>2024-03</r2:AwardDate>
                                        </r2:PriorYear>
                                        <r2:CurrentYear>
                                            <r2:Amount>0.250</r2:Amount>
                                            <r2:AwardDate>2024-11</r2:AwardDate>
                                        </r2:CurrentYear>
                                        <r2:BudgetYearOne>
                                            <r2:Amount>1.250</r2:Amount>
                                        </r2:BudgetYearOne>
                                        <r2:BudgetYearOneBase>
                                            <r2:Amount>1.250</r2:Amount>
                                            <r2:AwardDate>2026-02</r2:AwardDate>
                                        </r2:BudgetYearOneBase>
                                    </r2:Cost>
                                </r2:CostCategoryItem>
                                <r2:CostCategoryItem>
                                    <r2:Name>Heavy Vehicle DT&amp;E Validation</r2:Name>
                                    <r2:FundingVehicle>Various</r2:FundingVehicle>
                                    <r2:PerformingActivity>Various</r2:PerformingActivity>
                                    <r2:PerformingActivityLocation>Various</r2:PerformingActivityLocation>
                                    <r2:Cost>
                                        <r2:PriorYear>
                                            <r2:Amount>2.000</r2:Amount>
                                            <r2:AwardDate>2024-03</r2:AwardDate>
                                        </r2:PriorYear>
                                        <r2:CurrentYear>
                                            <r2:Amount>0.750</r2:Amount>
                                            <r2:AwardDate>2025-03</r2:AwardDate>
                                        </r2:CurrentYear>
                                        <r2:BudgetYearOne>
                                            <r2:Amount>0.963</r2:Amount>
                                        </r2:BudgetYearOne>
                                        <r2:BudgetYearOneBase>
                                            <r2:Amount>0.963</r2:Amount>
                                            <r2:AwardDate>2026-03</r2:AwardDate>
                                        </r2:BudgetYearOneBase>
                                    </r2:Cost>
                                </r2:CostCategoryItem>
                                <r2:CostCategoryItem>
                                    <r2:Name>Prior Year Funding</r2:Name>
                                    <r2:FundingVehicle>Various</r2:FundingVehicle>
                                    <r2:PerformingActivity>Various</r2:PerformingActivity>
                                    <r2:PerformingActivityLocation>Various</r2:PerformingActivityLocation>
                                    <r2:Cost>
                                        <r2:TotalPreviousYears>9.689</r2:TotalPreviousYears>
                                    </r2:Cost>
                                </r2:CostCategoryItem>
                            </r2:CostCategoryItemList>
                        </r2:CostCategoryGroup>
                    </r2:CostCategoryGroupList>
                </r2:R3Exhibit>
                <r2:R4Exhibit>
                    <r2:ScheduleProfile>
                        <r2:ImageFileName>04 -- 26PB FOSOV Schedule -- 6 Jun 25 1340.jpg</r2:ImageFileName>
                    </r2:ScheduleProfile>
                </r2:R4Exhibit>
                <r2:R4aExhibit>
                    <r2:SubProjectScheduleList>
                        <r2:SubProjectSchedule>
                            <r2:Title>Family of Special Operations Vehicles (FSOV)</r2:Title>
                            <r2:ScheduleDetailList>
                                <r2:ScheduleDetail>
                                    <r2:EventTitle>Light Tactical All-Terrain Vehicle (LTATV) Product Development</r2:EventTitle>
                                    <r2:Schedule>
                                        <r2:Start>
                                            <r2:Quarter>1</r2:Quarter>
                                            <r2:Year>2024</r2:Year>
                                        </r2:Start>
                                        <r2:End>
                                            <r2:Quarter>4</r2:Quarter>
                                            <r2:Year>2030</r2:Year>
                                        </r2:End>
                                    </r2:Schedule>
                                </r2:ScheduleDetail>
                                <r2:ScheduleDetail>
                                    <r2:EventTitle>Medium Vehicle (Ground Mobility Vehicle 1.1, Infantry Squad Vehicle) Product Development</r2:EventTitle>
                                    <r2:Schedule>
                                        <r2:Start>
                                            <r2:Quarter>1</r2:Quarter>
                                            <r2:Year>2024</r2:Year>
                                        </r2:Start>
                                        <r2:End>
                                            <r2:Quarter>4</r2:Quarter>
                                            <r2:Year>2030</r2:Year>
                                        </r2:End>
                                    </r2:Schedule>
                                </r2:ScheduleDetail>
                                <r2:ScheduleDetail>
                                    <r2:EventTitle>Non-Standard Commercial Vehicle (NSCV) Product Development</r2:EventTitle>
                                    <r2:Schedule>
                                        <r2:Start>
                                            <r2:Quarter>1</r2:Quarter>
                                            <r2:Year>2024</r2:Year>
                                        </r2:Start>
                                        <r2:End>
                                            <r2:Quarter>4</r2:Quarter>
                                            <r2:Year>2030</r2:Year>
                                        </r2:End>
                                    </r2:Schedule>
                                </r2:ScheduleDetail>
                                <r2:ScheduleDetail>
                                    <r2:EventTitle>Heavy Vehicle (Mine Resistant Ambush Protected Vehicle, SO-p Mod Kit, Armored Ground Mobility System) Product Development</r2:EventTitle>
                                    <r2:Schedule>
                                        <r2:Start>
                                            <r2:Quarter>1</r2:Quarter>
                                            <r2:Year>2024</r2:Year>
                                        </r2:Start>
                                        <r2:End>
                                            <r2:Quarter>4</r2:Quarter>
                                            <r2:Year>2029</r2:Year>
                                        </r2:End>
                                    </r2:Schedule>
                                </r2:ScheduleDetail>
                                <r2:ScheduleDetail>
                                    <r2:EventTitle>Joint Light Tactical Vehicle (JLTV) Product Development</r2:EventTitle>
                                    <r2:Schedule>
                                        <r2:Start>
                                            <r2:Quarter>1</r2:Quarter>
                                            <r2:Year>2024</r2:Year>
                                        </r2:Start>
                                        <r2:End>
                                            <r2:Quarter>4</r2:Quarter>
                                            <r2:Year>2030</r2:Year>
                                        </r2:End>
                                    </r2:Schedule>
                                </r2:ScheduleDetail>
                                <r2:ScheduleDetail>
                                    <r2:EventTitle>Survivability Enforcement Efforts/Improvement Effort Combat Vehicles Product Development</r2:EventTitle>
                                    <r2:Schedule>
                                        <r2:Start>
                                            <r2:Quarter>1</r2:Quarter>
                                            <r2:Year>2024</r2:Year>
                                        </r2:Start>
                                        <r2:End>
                                            <r2:Quarter>4</r2:Quarter>
                                            <r2:Year>2030</r2:Year>
                                        </r2:End>
                                    </r2:Schedule>
                                </r2:ScheduleDetail>
                                <r2:ScheduleDetail>
                                    <r2:EventTitle>LTATV Development Test &amp; Evaluation (DT&amp;E)</r2:EventTitle>
                                    <r2:Schedule>
                                        <r2:Start>
                                            <r2:Quarter>1</r2:Quarter>
                                            <r2:Year>2024</r2:Year>
                                        </r2:Start>
                                        <r2:End>
                                            <r2:Quarter>4</r2:Quarter>
                                            <r2:Year>2030</r2:Year>
                                        </r2:End>
                                    </r2:Schedule>
                                </r2:ScheduleDetail>
                                <r2:ScheduleDetail>
                                    <r2:EventTitle>NSCV DT&amp;E Validation Efforts</r2:EventTitle>
                                    <r2:Schedule>
                                        <r2:Start>
                                            <r2:Quarter>1</r2:Quarter>
                                            <r2:Year>2024</r2:Year>
                                        </r2:Start>
                                        <r2:End>
                                            <r2:Quarter>4</r2:Quarter>
                                            <r2:Year>2030</r2:Year>
                                        </r2:End>
                                    </r2:Schedule>
                                </r2:ScheduleDetail>
                                <r2:ScheduleDetail>
                                    <r2:EventTitle>Medium Vehicle DT&amp;E</r2:EventTitle>
                                    <r2:Schedule>
                                        <r2:Start>
                                            <r2:Quarter>1</r2:Quarter>
                                            <r2:Year>2024</r2:Year>
                                        </r2:Start>
                                        <r2:End>
                                            <r2:Quarter>4</r2:Quarter>
                                            <r2:Year>2030</r2:Year>
                                        </r2:End>
                                    </r2:Schedule>
                                </r2:ScheduleDetail>
                                <r2:ScheduleDetail>
                                    <r2:EventTitle>Heavy/JLTV Vehicle DT&amp;E Validation</r2:EventTitle>
                                    <r2:Schedule>
                                        <r2:Start>
                                            <r2:Quarter>1</r2:Quarter>
                                            <r2:Year>2024</r2:Year>
                                        </r2:Start>
                                        <r2:End>
                                            <r2:Quarter>4</r2:Quarter>
                                            <r2:Year>2030</r2:Year>
                                        </r2:End>
                                    </r2:Schedule>
                                </r2:ScheduleDetail>
                            </r2:ScheduleDetailList>
                        </r2:SubProjectSchedule>
                    </r2:SubProjectScheduleList>
                </r2:R4aExhibit>
            </r2:Project>
        </r2:ProjectList>
    </r2:ProgramElement>
</r2:ProgramElementList>