<?xml version="1.0" encoding="UTF-8"?>
<r2:ProgramElementList xmlns:r2="http://www.dtic.mil/comptroller/xml/schema/022009/r2" targetSchemaVersion="1.0">
    <r2:ProgramElement monetaryUnit="Millions">
        <r2:ProgramElementNumber>1160432BB</r2:ProgramElementNumber>
        <r2:ProgramElementTitle>Special Programs</r2:ProgramElementTitle>
        <r2:R1LineNumber>293</r2:R1LineNumber>
        <r2:BudgetYear>2026</r2:BudgetYear>
        <r2:BudgetCycle>PB</r2:BudgetCycle>
        <r2:SubmissionDate>2025-06</r2:SubmissionDate>
        <r2:ServiceAgencyName>United States Special Operations Command</r2:ServiceAgencyName>
        <r2:AppropriationCode>0400</r2:AppropriationCode>
        <r2:AppropriationName>Research, Development, Test &amp; Evaluation, Defense-Wide</r2:AppropriationName>
        <r2:BudgetActivityNumber>7</r2:BudgetActivityNumber>
        <r2:BudgetActivityTitle>Operational Systems Development</r2:BudgetActivityTitle>
        <r2:ProgramElementFunding>
            <r2:AllPriorYears>70.601</r2:AllPriorYears>
            <r2:PriorYear>0.510</r2:PriorYear>
            <r2:CurrentYear>0.539</r2:CurrentYear>
            <r2:BudgetYearOne>0.550</r2:BudgetYearOne>
            <r2:BudgetYearOneBase>0.550</r2:BudgetYearOneBase>
        </r2:ProgramElementFunding>
        <r2:ProgramElementMissionDescription>This program is reported in accordance with Title 10, United States Code, Section 119 (a)(1) in the Special Access Program Congressional Budget Justification Book (CBJB) to Congress.</r2:ProgramElementMissionDescription>
        <r2:ChangeSummary>
            <r2:PreviousPresidentBudget>
                <r2:PriorYear>0.529</r2:PriorYear>
                <r2:CurrentYear>0.539</r2:CurrentYear>
                <r2:BudgetYearOne>0.550</r2:BudgetYearOne>
                <r2:BudgetYearOneBase>0.550</r2:BudgetYearOneBase>
            </r2:PreviousPresidentBudget>
            <r2:CurrentPresidentBudget>
                <r2:PriorYear>0.510</r2:PriorYear>
                <r2:CurrentYear>0.539</r2:CurrentYear>
                <r2:BudgetYearOne>0.550</r2:BudgetYearOne>
                <r2:BudgetYearOneBase>0.550</r2:BudgetYearOneBase>
            </r2:CurrentPresidentBudget>
            <r2:TotalAdjustments>
                <r2:PriorYear>-0.019</r2:PriorYear>
                <r2:CurrentYear>0.000</r2:CurrentYear>
                <r2:BudgetYearOne>0.000</r2:BudgetYearOne>
                <r2:BudgetYearOneBase>0.000</r2:BudgetYearOneBase>
            </r2:TotalAdjustments>
            <r2:AdjustmentDetails>
                <r2:Reprogrammings>
                    <r2:PriorYear>-0.019</r2:PriorYear>
                </r2:Reprogrammings>
                <r2:SBIRSTTRTransfer>
                    <r2:PriorYear>0.000</r2:PriorYear>
                </r2:SBIRSTTRTransfer>
                <r2:OtherAdjustmentDetailList>
                    <r2:OtherAdjustmentDetail>
                        <r2:Title>Adjustments to Budget Year</r2:Title>
                        <r2:Funding>
                            <r2:BudgetYearOne>0.000</r2:BudgetYearOne>
                            <r2:BudgetYearOneBase>0.000</r2:BudgetYearOneBase>
                        </r2:Funding>
                    </r2:OtherAdjustmentDetail>
                </r2:OtherAdjustmentDetailList>
            </r2:AdjustmentDetails>
            <r2:SummaryExplanation>Funding:

FY 2024: Decrease of $0.019 million is due to a reprogramming of funds to the Congressionally mandated Small Business Innovative Research/Small Business Technology Transfer (SBIR/STTR) programs.

FY 2025: None.

FY 2026: Increase of $10.000 million; details will be provided under separate cover. The FY 2026 request for Special Programs includes $0.550 million of discretionary and $10.000 million of mandatory (reconciliation) for a total of $10.550 million. Further information for this reconciliation request is provided in Section 20005 (Low-Cost Weapons) and Section 20010 (Readiness) of the Reconciliation Exhibit.</r2:SummaryExplanation>
        </r2:ChangeSummary>
        <r2:ProjectList>
            <r2:Project>
                <r2:ProjectNumber>S500E</r2:ProjectNumber>
                <r2:ProjectTitle>Special Programs</r2:ProjectTitle>
                <r2:SpecialProject>1</r2:SpecialProject>
                <r2:ProjectFunding>
                    <r2:AllPriorYears>70.601</r2:AllPriorYears>
                    <r2:PriorYear>0.510</r2:PriorYear>
                    <r2:CurrentYear>0.539</r2:CurrentYear>
                    <r2:BudgetYearOne>0.550</r2:BudgetYearOne>
                    <r2:BudgetYearOneBase>0.550</r2:BudgetYearOneBase>
                </r2:ProjectFunding>
                <r2:R2aExhibit>
                    <r2:ProjectMissionDescription>This project is reported in accordance with Title 10, United States Code, Section 119(a)(1) in the Special Access Program Annual Report to Congress.</r2:ProjectMissionDescription>
                </r2:R2aExhibit>
            </r2:Project>
        </r2:ProjectList>
    </r2:ProgramElement>
</r2:ProgramElementList>