<?xml version="1.0" encoding="UTF-8"?>
<r2:ProgramElementList xmlns:r2="http://www.dtic.mil/comptroller/xml/schema/022009/r2" targetSchemaVersion="1.0">
    <r2:ProgramElement monetaryUnit="Millions">
        <r2:ProgramElementNumber>1160434BB</r2:ProgramElementNumber>
        <r2:ProgramElementTitle>Unmanned ISR</r2:ProgramElementTitle>
        <r2:R1LineNumber>294</r2:R1LineNumber>
        <r2:BudgetYear>2026</r2:BudgetYear>
        <r2:BudgetCycle>PB</r2:BudgetCycle>
        <r2:SubmissionDate>2025-06</r2:SubmissionDate>
        <r2:ServiceAgencyName>United States Special Operations Command</r2:ServiceAgencyName>
        <r2:AppropriationCode>0400</r2:AppropriationCode>
        <r2:AppropriationName>Research, Development, Test &amp; Evaluation, Defense-Wide</r2:AppropriationName>
        <r2:BudgetActivityNumber>7</r2:BudgetActivityNumber>
        <r2:BudgetActivityTitle>Operational Systems Development</r2:BudgetActivityTitle>
        <r2:ProgramElementFunding>
            <r2:AllPriorYears>196.764</r2:AllPriorYears>
            <r2:PriorYear>6.727</r2:PriorYear>
            <r2:CurrentYear>31.578</r2:CurrentYear>
            <r2:BudgetYearOne>2.281</r2:BudgetYearOne>
            <r2:BudgetYearOneBase>2.281</r2:BudgetYearOneBase>
        </r2:ProgramElementFunding>
        <r2:ProgramElementMissionDescription>This Program Element (PE) is part of the Military Intelligence Program (MIP).  Unmanned Intelligence, Surveillance, and Reconnaissance (ISR) rapidly develops and deploys special capabilities to perform ISR for deployed Special Operations Forces (SOF) using non-traditional means. The United States Special Operations Command (USSOCOM) has been designated as the Department of Defense lead for planning, synchronizing, and as directed, executing global operations against terrorist networks and targets.  The USSOCOM requires the capability to find, fix, and finish time-sensitive high-value fixed and fleeting targets at the unit and team level without placing personnel and units in harm’s way. These targets can often only be identified with patient collection of information and require rapid, decisive action during the short periods in which they present themselves. This PE addresses the primary areas of ISR and targeting capabilities for SOF.

The total cost of the MQ-1C Major Capability Acquisition (MCA) effort is $54.273 million, including RDT&amp;E and procurement of prototype units. The MQ-1C is fully funded across the Future Years Defense Program (FYDP).

The total cost of the Long Endurance Aircraft (LEA) MCA effort is $52.072 million, including RDT&amp;E and procurement of prototype units. The LEA is fully funded across the FYDP.</r2:ProgramElementMissionDescription>
        <r2:ChangeSummary>
            <r2:PreviousPresidentBudget>
                <r2:PriorYear>6.727</r2:PriorYear>
                <r2:CurrentYear>31.578</r2:CurrentYear>
                <r2:BudgetYearOne>13.661</r2:BudgetYearOne>
                <r2:BudgetYearOneBase>13.661</r2:BudgetYearOneBase>
            </r2:PreviousPresidentBudget>
            <r2:CurrentPresidentBudget>
                <r2:PriorYear>6.727</r2:PriorYear>
                <r2:CurrentYear>31.578</r2:CurrentYear>
                <r2:BudgetYearOne>2.281</r2:BudgetYearOne>
                <r2:BudgetYearOneBase>2.281</r2:BudgetYearOneBase>
            </r2:CurrentPresidentBudget>
            <r2:TotalAdjustments>
                <r2:PriorYear>0.000</r2:PriorYear>
                <r2:CurrentYear>0.000</r2:CurrentYear>
                <r2:BudgetYearOne>-11.380</r2:BudgetYearOne>
                <r2:BudgetYearOneBase>-11.380</r2:BudgetYearOneBase>
            </r2:TotalAdjustments>
            <r2:AdjustmentDetails>
                <r2:OtherAdjustmentDetailList>
                    <r2:OtherAdjustmentDetail>
                        <r2:Title>Adjustments to Budget Year</r2:Title>
                        <r2:Funding>
                            <r2:BudgetYearOne>-11.380</r2:BudgetYearOne>
                            <r2:BudgetYearOneBase>-11.380</r2:BudgetYearOneBase>
                        </r2:Funding>
                    </r2:OtherAdjustmentDetail>
                </r2:OtherAdjustmentDetailList>
            </r2:AdjustmentDetails>
            <r2:SummaryExplanation>Funding:     

FY 2024:  None

FY 2025:  None

FY 2026:  Overall decrease of $11.380 million; $2.000 million decrease is due to realigning funding to O&amp;M, DW, 1PLU Intelligence Sub Activity Group for MQ-1C program support including systems engineering, logistics, network engineering, operations support, and cybersecurity for recently added programs, $0.945 million decrease is due to completion of sensor pod testing and battle management system integration and test, and $8.435 million decrease is due to higher USSOCOM priorities and a focus on enhancing the existing LEA platform vice developing a next generation platform.</r2:SummaryExplanation>
        </r2:ChangeSummary>
        <r2:ProjectList>
            <r2:Project>
                <r2:ProjectNumber>S855</r2:ProjectNumber>
                <r2:ProjectTitle>Unmanned ISR</r2:ProjectTitle>
                <r2:SpecialProject>0</r2:SpecialProject>
                <r2:ProjectFunding>
                    <r2:AllPriorYears>196.764</r2:AllPriorYears>
                    <r2:PriorYear>6.727</r2:PriorYear>
                    <r2:CurrentYear>31.578</r2:CurrentYear>
                    <r2:BudgetYearOne>2.281</r2:BudgetYearOne>
                    <r2:BudgetYearOneBase>2.281</r2:BudgetYearOneBase>
                </r2:ProjectFunding>
                <r2:R2aExhibit>
                    <r2:ProjectMissionDescription>This project is part of the Military Intelligence Program (MIP). Unmanned Intelligence, Surveillance, and Reconnaissance (ISR) rapidly develops and deploys special capabilities to perform ISR for deployed Special Operations Forces (SOF) using non-traditional means.

Group 1, 2, 3 and 4, Unmanned Aerial Systems (UAS) developmental efforts are to identify, develop, integrate, and test Special Operations-peculiar (SO-p) mission kits, mission payloads, air vehicle enhancements, and modifications to ground control stations. Based on stakeholder input and requirements, United States Special Operations Command develops and integrates UAS payloads to advance ISR capabilities that address dynamic and emergent operational needs of the SOF user.  Efforts include improving imagery intelligence and electronic warfare payloads, capitalizing on developing technologies to reduce size, weight and power while addressing processing and data management challenges. This program also provides a mechanism for SOF user combat evaluation of emerging sensor technologies.</r2:ProjectMissionDescription>
                    <r2:AccomplishmentPlannedProgramList>
                        <r2:AccomplishmentPlannedProgram>
                            <r2:Title>Group 4 UAS: MQ-1C, Program Number 781</r2:Title>
                            <r2:Description>Group 4 UAS are large systems that weigh greater than 1,320 pounds and fly higher than 18,000 feet (flight level 180). Provides for development efforts to identify, integrate, and test SO-p mission kits to include improved communications/networking, sensors, payloads, pod, and weapons integration.  Complete sensor pod testing and battle management system integration and test.</r2:Description>
                            <r2:Accomplishment>
                                <r2:PriorYear>
                                    <r2:Funding>4.596</r2:Funding>
                                    <r2:Text>Continue to develop, test, and integrate SOF-p weapon launchers and sensors on the MQ-1C.  Improve Ground Control Stations (GCS) and training systems to implement advanced capabilities to combat emerging threats.</r2:Text>
                                </r2:PriorYear>
                            </r2:Accomplishment>
                            <r2:PlannedProgram>
                                <r2:CurrentYear>
                                    <r2:Funding>5.226</r2:Funding>
                                    <r2:Text>Continue to develop, test, and integrate capabilities, such as weapon launchers, tactical networking enhancements, airborne mission networking enhancements, and situational awareness payload integration.</r2:Text>
                                </r2:CurrentYear>
                                <r2:BudgetYearOne>
                                    <r2:Funding>2.281</r2:Funding>
                                </r2:BudgetYearOne>
                                <r2:BudgetYearOneBase>
                                    <r2:Funding>2.281</r2:Funding>
                                    <r2:Text>Continues to develop, test, and integrate capabilities, such as weapon launchers, tactical networking enhancements, airborne mission networking enhancements, and situational awareness payload integration.</r2:Text>
                                </r2:BudgetYearOneBase>
                                <r2:AppChangeSummary>Decrease of $2.945 million is due to completion of sensor pod testing and battle management system integration and test ($0.945M) and $2.000 million realignment to Operation and Maintenance, DW, 1PLU Intelligence Sub Activity Group to fund program support including program support, systems engineering, logistics, network engineering, operations support, and cybersecurity.</r2:AppChangeSummary>
                            </r2:PlannedProgram>
                        </r2:AccomplishmentPlannedProgram>
                        <r2:AccomplishmentPlannedProgram>
                            <r2:Title>Group 4 UAS: Long Endurance Aircraft (LEA), Program Number 4GD</r2:Title>
                            <r2:Description>The LEA provides SOF with relatively low-cost uncrewed aircraft family of systems to meet ISR requirements in austere and permissive environments for use in Irregular Warfare operations.</r2:Description>
                            <r2:Accomplishment>
                                <r2:PriorYear>
                                    <r2:Funding>2.131</r2:Funding>
                                    <r2:Text>Continue to develop and integrate SO-p sensor to increase combat line fielding for enhanced LEA platforms.</r2:Text>
                                </r2:PriorYear>
                            </r2:Accomplishment>
                            <r2:PlannedProgram>
                                <r2:CurrentYear>
                                    <r2:Funding>26.352</r2:Funding>
                                    <r2:Text>Continue to develop and integrate SO-p sensor to increase combat line fielding for enhanced LEA platforms.  Upgrade existing communication system.  Begins payload enhancements to facilitate air launched effects (ALE) capabilities.</r2:Text>
                                </r2:CurrentYear>
                                <r2:AppChangeSummary>Decrease of $26.352 million is due to higher USSOCOM priorities and a focus on enhancing the existing LEA platform vice developing a next generation platform.</r2:AppChangeSummary>
                            </r2:PlannedProgram>
                        </r2:AccomplishmentPlannedProgram>
                    </r2:AccomplishmentPlannedProgramList>
                    <r2:OtherProgramFundingSummaryList>
                        <r2:OtherProgramFundingSummary>
                            <r2:LineItem>PROC/0201UMNISR</r2:LineItem>
                            <r2:Title>Unmanned ISR</r2:Title>
                            <r2:Funding>
                                <r2:PriorYear>29.497</r2:PriorYear>
                                <r2:CurrentYear>33.917</r2:CurrentYear>
                                <r2:BudgetYearOne>6.858</r2:BudgetYearOne>
                                <r2:BudgetYearOneBase>6.858</r2:BudgetYearOneBase>
                            </r2:Funding>
                        </r2:OtherProgramFundingSummary>
                    </r2:OtherProgramFundingSummaryList>
                    <r2:AcquisitionStrategy>MQ-1C: an acquisition program that develops, tests, and integrates SO-peculiar (SO-p) emerging technology mission kits, mission payloads, weapons, and modifications on MQ-1C and associated Ground Control Stations and training systems. Program provides rapid prototype activities and technology maturation events to increase situational awareness, lethality, and platform capability. Contract types include a mix of cost type and fixed price. Where possible, Group 4 UAS leverages service common Contractor Logistics Support and developmental activities and contracts for aircraft and ancillary equipment development, improvement, and sustainment.  The MQ-1C program has been designated a Major Capability Acquisition (MCA) at Milestone C, in accordance with the authority in DoD Directive 5135.02, the guidance in DoD Instruction 5000.85. The purpose of the MCA is to acquire, integrate, and test MQ-1C Extended Range (ER) Special Operations-peculiar (SO-p) mission kits to support global operations in diverse environments with varying threat levels.

LEA:  Small Business Innovative Research III contract utilizing UAS technology developed under Air Force Research Laboratory.  LEA utilizes Cost Plus Fixed Fee, Indefinite Delivery/Indefinite Quantity contract for ISR services.  This program is designed to utilize a family of systems to meet operational requirements.  The LEA program has been designated a Major Capability Acquisition (MCA) at Milestone C, in accordance with the authority in DoD Directive 5135.02, the guidance in DoD Instruction 5000.85. The purpose of the MCA is to acquire relatively low-cost unmanned aircraft family of systems to meet intelligence, surveillance &amp; reconnaissance (ISR) requirements in austere and permissive environments for use in Irregular Warfare operations in support of global operations in diverse environments with varying threat levels.</r2:AcquisitionStrategy>
                </r2:R2aExhibit>
                <r2:R3Exhibit>
                    <r2:CostCategoryGroupList>
                        <r2:CostCategoryGroup>
                            <r2:Name>Product Development</r2:Name>
                            <r2:Remarks>MQ-1C Weapon/Launchers FY26 increase of $0.456M completes Battle Management System development.

Long Endurance Aircraft (LEA) UAS Payload Prototypes and Integration: USSOCOM intends to realign previously requested FY 2025 funding from LEA UAS Next Generation aircraft development to Long Endurance Aircraft (LEA) UAS Payload Prototypes and Integration to procure and integrate Air Launched Effects (ALE) payloads and a communication system upgrade to the existing LEA platform.</r2:Remarks>
                            <r2:CostCategoryItemList>
                                <r2:CostCategoryItem>
                                    <r2:Name>MQ-1C Weapon/Launchers</r2:Name>
                                    <r2:FundingVehicle>Various</r2:FundingVehicle>
                                    <r2:PerformingActivity>Various</r2:PerformingActivity>
                                    <r2:PerformingActivityLocation>Various</r2:PerformingActivityLocation>
                                    <r2:Cost>
                                        <r2:TotalPreviousYears>1.235</r2:TotalPreviousYears>
                                        <r2:PriorYear>
                                            <r2:Amount>0.472</r2:Amount>
                                            <r2:AwardDate>2024-02</r2:AwardDate>
                                        </r2:PriorYear>
                                        <r2:CurrentYear>
                                            <r2:Amount>0.582</r2:Amount>
                                            <r2:AwardDate>2025-02</r2:AwardDate>
                                        </r2:CurrentYear>
                                        <r2:BudgetYearOne>
                                            <r2:Amount>1.038</r2:Amount>
                                        </r2:BudgetYearOne>
                                        <r2:BudgetYearOneBase>
                                            <r2:Amount>1.038</r2:Amount>
                                            <r2:AwardDate>2026-02</r2:AwardDate>
                                        </r2:BudgetYearOneBase>
                                    </r2:Cost>
                                </r2:CostCategoryItem>
                                <r2:CostCategoryItem>
                                    <r2:Name>MQ-1C Tactical Mission Networking</r2:Name>
                                    <r2:FundingVehicle>Various</r2:FundingVehicle>
                                    <r2:PerformingActivity>Various</r2:PerformingActivity>
                                    <r2:PerformingActivityLocation>Various</r2:PerformingActivityLocation>
                                    <r2:Cost>
                                        <r2:PriorYear>
                                            <r2:Amount>1.472</r2:Amount>
                                            <r2:AwardDate>2024-02</r2:AwardDate>
                                        </r2:PriorYear>
                                        <r2:CurrentYear>
                                            <r2:Amount>1.653</r2:Amount>
                                            <r2:AwardDate>2025-02</r2:AwardDate>
                                        </r2:CurrentYear>
                                    </r2:Cost>
                                </r2:CostCategoryItem>
                                <r2:CostCategoryItem>
                                    <r2:Name>MQ-1C Airborne Mission Networking</r2:Name>
                                    <r2:FundingVehicle>Various</r2:FundingVehicle>
                                    <r2:PerformingActivity>Various</r2:PerformingActivity>
                                    <r2:PerformingActivityLocation>Various</r2:PerformingActivityLocation>
                                    <r2:Cost>
                                        <r2:TotalPreviousYears>22.601</r2:TotalPreviousYears>
                                        <r2:PriorYear>
                                            <r2:Amount>1.572</r2:Amount>
                                            <r2:AwardDate>2024-04</r2:AwardDate>
                                        </r2:PriorYear>
                                        <r2:CurrentYear>
                                            <r2:Amount>1.964</r2:Amount>
                                            <r2:AwardDate>2025-04</r2:AwardDate>
                                        </r2:CurrentYear>
                                        <r2:BudgetYearOne>
                                            <r2:Amount>0.555</r2:Amount>
                                        </r2:BudgetYearOne>
                                        <r2:BudgetYearOneBase>
                                            <r2:Amount>0.555</r2:Amount>
                                            <r2:AwardDate>2026-02</r2:AwardDate>
                                        </r2:BudgetYearOneBase>
                                    </r2:Cost>
                                </r2:CostCategoryItem>
                                <r2:CostCategoryItem>
                                    <r2:Name>MQ-1C Situational Awareness Payload Integration</r2:Name>
                                    <r2:FundingVehicle>Various</r2:FundingVehicle>
                                    <r2:PerformingActivity>Various</r2:PerformingActivity>
                                    <r2:PerformingActivityLocation>Various</r2:PerformingActivityLocation>
                                    <r2:Cost>
                                        <r2:TotalPreviousYears>0.159</r2:TotalPreviousYears>
                                        <r2:CurrentYear>
                                            <r2:Amount>0.161</r2:Amount>
                                            <r2:AwardDate>2025-02</r2:AwardDate>
                                        </r2:CurrentYear>
                                        <r2:BudgetYearOne>
                                            <r2:Amount>0.100</r2:Amount>
                                        </r2:BudgetYearOne>
                                        <r2:BudgetYearOneBase>
                                            <r2:Amount>0.100</r2:Amount>
                                            <r2:AwardDate>2026-03</r2:AwardDate>
                                        </r2:BudgetYearOneBase>
                                    </r2:Cost>
                                </r2:CostCategoryItem>
                                <r2:CostCategoryItem>
                                    <r2:Name>Long Endurance Aircraft (LEA) UAS Payload Prototypes and Integration</r2:Name>
                                    <r2:FundingVehicle>Various</r2:FundingVehicle>
                                    <r2:PerformingActivity>Various</r2:PerformingActivity>
                                    <r2:PerformingActivityLocation>Various</r2:PerformingActivityLocation>
                                    <r2:Cost>
                                        <r2:TotalPreviousYears>0.980</r2:TotalPreviousYears>
                                        <r2:PriorYear>
                                            <r2:Amount>2.131</r2:Amount>
                                            <r2:AwardDate>2024-04</r2:AwardDate>
                                        </r2:PriorYear>
                                        <r2:CurrentYear>
                                            <r2:Amount>21.252</r2:Amount>
                                            <r2:AwardDate>2025-06</r2:AwardDate>
                                        </r2:CurrentYear>
                                    </r2:Cost>
                                </r2:CostCategoryItem>
                                <r2:CostCategoryItem>
                                    <r2:Name>Prior Year Effort</r2:Name>
                                    <r2:FundingVehicle>Various</r2:FundingVehicle>
                                    <r2:PerformingActivity>Various</r2:PerformingActivity>
                                    <r2:PerformingActivityLocation>Various</r2:PerformingActivityLocation>
                                    <r2:Cost>
                                        <r2:TotalPreviousYears>76.195</r2:TotalPreviousYears>
                                    </r2:Cost>
                                </r2:CostCategoryItem>
                                <r2:CostCategoryItem>
                                    <r2:Name>Prior Year Effort - Overseas Contingency Operations (OCO)</r2:Name>
                                    <r2:FundingVehicle>Various</r2:FundingVehicle>
                                    <r2:PerformingActivity>Various</r2:PerformingActivity>
                                    <r2:PerformingActivityLocation>Various</r2:PerformingActivityLocation>
                                    <r2:Cost>
                                        <r2:TotalPreviousYears>8.053</r2:TotalPreviousYears>
                                    </r2:Cost>
                                </r2:CostCategoryItem>
                                <r2:CostCategoryItem>
                                    <r2:Name>Prior Year Effort - Congressional Add</r2:Name>
                                    <r2:FundingVehicle>Various</r2:FundingVehicle>
                                    <r2:PerformingActivity>Various</r2:PerformingActivity>
                                    <r2:PerformingActivityLocation>Various</r2:PerformingActivityLocation>
                                    <r2:Cost>
                                        <r2:TotalPreviousYears>26.300</r2:TotalPreviousYears>
                                    </r2:Cost>
                                </r2:CostCategoryItem>
                            </r2:CostCategoryItemList>
                        </r2:CostCategoryGroup>
                        <r2:CostCategoryGroup>
                            <r2:Name>Support</r2:Name>
                            <r2:CostCategoryItemList>
                                <r2:CostCategoryItem>
                                    <r2:Name>Prior Year Effort</r2:Name>
                                    <r2:FundingVehicle>Various</r2:FundingVehicle>
                                    <r2:PerformingActivity>Various</r2:PerformingActivity>
                                    <r2:PerformingActivityLocation>Various</r2:PerformingActivityLocation>
                                    <r2:Cost>
                                        <r2:TotalPreviousYears>8.690</r2:TotalPreviousYears>
                                    </r2:Cost>
                                </r2:CostCategoryItem>
                                <r2:CostCategoryItem>
                                    <r2:Name>Prior Year Effort - OCO</r2:Name>
                                    <r2:FundingVehicle>Various</r2:FundingVehicle>
                                    <r2:PerformingActivity>Various</r2:PerformingActivity>
                                    <r2:PerformingActivityLocation>Various</r2:PerformingActivityLocation>
                                    <r2:Cost>
                                        <r2:TotalPreviousYears>3.279</r2:TotalPreviousYears>
                                    </r2:Cost>
                                </r2:CostCategoryItem>
                            </r2:CostCategoryItemList>
                        </r2:CostCategoryGroup>
                        <r2:CostCategoryGroup>
                            <r2:Name>Test and Evaluation</r2:Name>
                            <r2:CostCategoryItemList>
                                <r2:CostCategoryItem>
                                    <r2:Name>MQ-1C Operational Test and Evaluation</r2:Name>
                                    <r2:FundingVehicle>Various</r2:FundingVehicle>
                                    <r2:PerformingActivity>Various</r2:PerformingActivity>
                                    <r2:PerformingActivityLocation>Various Vendors During Integration</r2:PerformingActivityLocation>
                                    <r2:Cost>
                                        <r2:TotalPreviousYears>1.876</r2:TotalPreviousYears>
                                        <r2:PriorYear>
                                            <r2:Amount>1.080</r2:Amount>
                                            <r2:AwardDate>2024-02</r2:AwardDate>
                                        </r2:PriorYear>
                                        <r2:CurrentYear>
                                            <r2:Amount>0.866</r2:Amount>
                                            <r2:AwardDate>2025-03</r2:AwardDate>
                                        </r2:CurrentYear>
                                        <r2:BudgetYearOne>
                                            <r2:Amount>0.588</r2:Amount>
                                        </r2:BudgetYearOne>
                                        <r2:BudgetYearOneBase>
                                            <r2:Amount>0.588</r2:Amount>
                                            <r2:AwardDate>2026-03</r2:AwardDate>
                                        </r2:BudgetYearOneBase>
                                    </r2:Cost>
                                </r2:CostCategoryItem>
                                <r2:CostCategoryItem>
                                    <r2:Name>Various Effects Launcher Capability Operational - Congressional Add</r2:Name>
                                    <r2:FundingVehicle>Various</r2:FundingVehicle>
                                    <r2:PerformingActivity>Various</r2:PerformingActivity>
                                    <r2:PerformingActivityLocation>Various</r2:PerformingActivityLocation>
                                    <r2:Cost>
                                        <r2:TotalPreviousYears>0.700</r2:TotalPreviousYears>
                                    </r2:Cost>
                                </r2:CostCategoryItem>
                                <r2:CostCategoryItem>
                                    <r2:Name>LEA UAS Payload and Autopilot Test and Evaluation</r2:Name>
                                    <r2:FundingVehicle>Various</r2:FundingVehicle>
                                    <r2:PerformingActivity>Various</r2:PerformingActivity>
                                    <r2:PerformingActivityLocation>Various</r2:PerformingActivityLocation>
                                    <r2:Cost>
                                        <r2:CurrentYear>
                                            <r2:Amount>5.100</r2:Amount>
                                            <r2:AwardDate>2025-06</r2:AwardDate>
                                        </r2:CurrentYear>
                                    </r2:Cost>
                                </r2:CostCategoryItem>
                                <r2:CostCategoryItem>
                                    <r2:Name>Prior Year</r2:Name>
                                    <r2:FundingVehicle>Various</r2:FundingVehicle>
                                    <r2:PerformingActivity>Various</r2:PerformingActivity>
                                    <r2:PerformingActivityLocation>Various</r2:PerformingActivityLocation>
                                    <r2:Cost>
                                        <r2:TotalPreviousYears>30.369</r2:TotalPreviousYears>
                                    </r2:Cost>
                                </r2:CostCategoryItem>
                                <r2:CostCategoryItem>
                                    <r2:Name>Prior Year Effort - OCO</r2:Name>
                                    <r2:FundingVehicle>Various</r2:FundingVehicle>
                                    <r2:PerformingActivity>Various</r2:PerformingActivity>
                                    <r2:PerformingActivityLocation>Various</r2:PerformingActivityLocation>
                                    <r2:Cost>
                                        <r2:TotalPreviousYears>1.668</r2:TotalPreviousYears>
                                    </r2:Cost>
                                </r2:CostCategoryItem>
                            </r2:CostCategoryItemList>
                        </r2:CostCategoryGroup>
                        <r2:CostCategoryGroup>
                            <r2:Name>Management Services</r2:Name>
                            <r2:CostCategoryItemList>
                                <r2:CostCategoryItem>
                                    <r2:Name>Prior Year Effort</r2:Name>
                                    <r2:FundingVehicle>Various</r2:FundingVehicle>
                                    <r2:PerformingActivity>Various</r2:PerformingActivity>
                                    <r2:PerformingActivityLocation>Various</r2:PerformingActivityLocation>
                                    <r2:Cost>
                                        <r2:TotalPreviousYears>14.659</r2:TotalPreviousYears>
                                    </r2:Cost>
                                </r2:CostCategoryItem>
                            </r2:CostCategoryItemList>
                        </r2:CostCategoryGroup>
                    </r2:CostCategoryGroupList>
                </r2:R3Exhibit>
                <r2:R4Exhibit>
                    <r2:ScheduleProfile>
                        <r2:ImageFileName>26PB MQ-1 Schedule_4 Jum 25@1014.png</r2:ImageFileName>
                    </r2:ScheduleProfile>
                    <r2:ScheduleProfile>
                        <r2:ImageFileName>26PB LEA Schedule_04 Jun 25@1015.png</r2:ImageFileName>
                    </r2:ScheduleProfile>
                </r2:R4Exhibit>
                <r2:R4aExhibit>
                    <r2:SubProjectScheduleList>
                        <r2:SubProjectSchedule>
                            <r2:Title>Group 4 UAS:  MQ-1C</r2:Title>
                            <r2:ScheduleDetailList>
                                <r2:ScheduleDetail>
                                    <r2:EventTitle>Various Effects Launcher Capability (Congressional Add)</r2:EventTitle>
                                    <r2:Schedule>
                                        <r2:Start>
                                            <r2:Quarter>1</r2:Quarter>
                                            <r2:Year>2024</r2:Year>
                                        </r2:Start>
                                        <r2:End>
                                            <r2:Quarter>4</r2:Quarter>
                                            <r2:Year>2025</r2:Year>
                                        </r2:End>
                                    </r2:Schedule>
                                </r2:ScheduleDetail>
                                <r2:ScheduleDetail>
                                    <r2:EventTitle>Weapon/Launchers</r2:EventTitle>
                                    <r2:Schedule>
                                        <r2:Start>
                                            <r2:Quarter>1</r2:Quarter>
                                            <r2:Year>2024</r2:Year>
                                        </r2:Start>
                                        <r2:End>
                                            <r2:Quarter>4</r2:Quarter>
                                            <r2:Year>2030</r2:Year>
                                        </r2:End>
                                    </r2:Schedule>
                                </r2:ScheduleDetail>
                                <r2:ScheduleDetail>
                                    <r2:EventTitle>Tactical Networking Enhancements</r2:EventTitle>
                                    <r2:Schedule>
                                        <r2:Start>
                                            <r2:Quarter>1</r2:Quarter>
                                            <r2:Year>2024</r2:Year>
                                        </r2:Start>
                                        <r2:End>
                                            <r2:Quarter>4</r2:Quarter>
                                            <r2:Year>2030</r2:Year>
                                        </r2:End>
                                    </r2:Schedule>
                                </r2:ScheduleDetail>
                                <r2:ScheduleDetail>
                                    <r2:EventTitle>Airborne Mission Networking Enhancements</r2:EventTitle>
                                    <r2:Schedule>
                                        <r2:Start>
                                            <r2:Quarter>1</r2:Quarter>
                                            <r2:Year>2024</r2:Year>
                                        </r2:Start>
                                        <r2:End>
                                            <r2:Quarter>4</r2:Quarter>
                                            <r2:Year>2030</r2:Year>
                                        </r2:End>
                                    </r2:Schedule>
                                </r2:ScheduleDetail>
                                <r2:ScheduleDetail>
                                    <r2:EventTitle>Situational Awareness Payload Integration</r2:EventTitle>
                                    <r2:Schedule>
                                        <r2:Start>
                                            <r2:Quarter>1</r2:Quarter>
                                            <r2:Year>2024</r2:Year>
                                        </r2:Start>
                                        <r2:End>
                                            <r2:Quarter>4</r2:Quarter>
                                            <r2:Year>2030</r2:Year>
                                        </r2:End>
                                    </r2:Schedule>
                                </r2:ScheduleDetail>
                                <r2:ScheduleDetail>
                                    <r2:EventTitle>Operational Test &amp; Evaluation</r2:EventTitle>
                                    <r2:Schedule>
                                        <r2:Start>
                                            <r2:Quarter>1</r2:Quarter>
                                            <r2:Year>2024</r2:Year>
                                        </r2:Start>
                                        <r2:End>
                                            <r2:Quarter>4</r2:Quarter>
                                            <r2:Year>2030</r2:Year>
                                        </r2:End>
                                    </r2:Schedule>
                                </r2:ScheduleDetail>
                            </r2:ScheduleDetailList>
                        </r2:SubProjectSchedule>
                        <r2:SubProjectSchedule>
                            <r2:Title>Long Endurance Aircraft (LEA) Unmanned Aerial System (UAS)</r2:Title>
                            <r2:ScheduleDetailList>
                                <r2:ScheduleDetail>
                                    <r2:EventTitle>LEA Payload Prototype and Integration</r2:EventTitle>
                                    <r2:Schedule>
                                        <r2:Start>
                                            <r2:Quarter>3</r2:Quarter>
                                            <r2:Year>2025</r2:Year>
                                        </r2:Start>
                                        <r2:End>
                                            <r2:Quarter>3</r2:Quarter>
                                            <r2:Year>2026</r2:Year>
                                        </r2:End>
                                    </r2:Schedule>
                                </r2:ScheduleDetail>
                                <r2:ScheduleDetail>
                                    <r2:EventTitle>Payload and Autopilot Test and Evaluation</r2:EventTitle>
                                    <r2:Schedule>
                                        <r2:Start>
                                            <r2:Quarter>3</r2:Quarter>
                                            <r2:Year>2025</r2:Year>
                                        </r2:Start>
                                        <r2:End>
                                            <r2:Quarter>2</r2:Quarter>
                                            <r2:Year>2026</r2:Year>
                                        </r2:End>
                                    </r2:Schedule>
                                </r2:ScheduleDetail>
                            </r2:ScheduleDetailList>
                        </r2:SubProjectSchedule>
                    </r2:SubProjectScheduleList>
                </r2:R4aExhibit>
            </r2:Project>
        </r2:ProjectList>
    </r2:ProgramElement>
</r2:ProgramElementList>