<?xml version="1.0" encoding="UTF-8"?>
<r2:ProgramElementList xmlns:r2="http://www.dtic.mil/comptroller/xml/schema/022009/r2" targetSchemaVersion="1.0">
    <r2:ProgramElement monetaryUnit="Millions">
        <r2:ProgramElementNumber>1160279BB</r2:ProgramElementNumber>
        <r2:ProgramElementTitle>Small Business Innovation Research/Small Bus Tech Transfer</r2:ProgramElementTitle>
        <r2:R1LineNumber>288</r2:R1LineNumber>
        <r2:BudgetYear>2026</r2:BudgetYear>
        <r2:BudgetCycle>PB</r2:BudgetCycle>
        <r2:SubmissionDate>2025-06</r2:SubmissionDate>
        <r2:ServiceAgencyName>United States Special Operations Command</r2:ServiceAgencyName>
        <r2:AppropriationCode>0400</r2:AppropriationCode>
        <r2:AppropriationName>Research, Development, Test &amp; Evaluation, Defense-Wide</r2:AppropriationName>
        <r2:BudgetActivityNumber>7</r2:BudgetActivityNumber>
        <r2:BudgetActivityTitle>Operational Systems Development</r2:BudgetActivityTitle>
        <r2:ProgramElementFunding>
            <r2:AllPriorYears>377.635</r2:AllPriorYears>
            <r2:PriorYear>39.893</r2:PriorYear>
        </r2:ProgramElementFunding>
        <r2:ProgramElementMissionDescription>The Small Business Innovation Research (SBIR) and Small Business Technology Transfer (STTR) implements 15 U.S.C Section 638 to maximize the creative innovative, entrepreneurial spirit of small businesses to solve technological problems. The goals of the Small Business Innovation Research (SBIR) program are to stimulate technological innovation, increase private sector commercialization of federal research and development (R&amp;D), increase small business participation in federally funded R&amp;D, and foster participation by minority and disadvantaged firms in technological innovation. Leveraging the innovation of small business concerns is an important contributor to the development of the cutting-edge technologies that will generate decisive and sustained U.S. military advantages by increasing the readiness, modernization, and lethality of the United States Special Operations Command (USSOCOM). This program supports high priority projects within the USSOCOM Components, their missions, and the Warfighter. The goal of the Small Business Technology Transfer (STTR) program is to stimulate a partnership of ideas between small business concerns (SBCs) and research institutions through the USSOCOM funded research or research and development (R/R&amp;D). By providing awards to SBCs or cooperative R/R&amp;D efforts with research institutions, the USSOCOM supports innovation and economic growth to generate decisive and sustained U.S. military advantages. This program supports high priority projects within the USSOCOM Components, their missions, and the Warfighter.</r2:ProgramElementMissionDescription>
        <r2:ChangeSummary>
            <r2:PreviousPresidentBudget>
                <r2:PriorYear>0.000</r2:PriorYear>
                <r2:CurrentYear>0.000</r2:CurrentYear>
                <r2:BudgetYearOne>0.000</r2:BudgetYearOne>
                <r2:BudgetYearOneBase>0.000</r2:BudgetYearOneBase>
            </r2:PreviousPresidentBudget>
            <r2:CurrentPresidentBudget>
                <r2:PriorYear>39.893</r2:PriorYear>
                <r2:CurrentYear>0.000</r2:CurrentYear>
                <r2:BudgetYearOne>0.000</r2:BudgetYearOne>
                <r2:BudgetYearOneBase>0.000</r2:BudgetYearOneBase>
            </r2:CurrentPresidentBudget>
            <r2:TotalAdjustments>
                <r2:PriorYear>39.893</r2:PriorYear>
                <r2:CurrentYear>0.000</r2:CurrentYear>
                <r2:BudgetYearOne>0.000</r2:BudgetYearOne>
                <r2:BudgetYearOneBase>0.000</r2:BudgetYearOneBase>
            </r2:TotalAdjustments>
            <r2:AdjustmentDetails>
                <r2:SBIRSTTRTransfer>
                    <r2:PriorYear>39.893</r2:PriorYear>
                </r2:SBIRSTTRTransfer>
            </r2:AdjustmentDetails>
            <r2:SummaryExplanation>Funding:

FY 2024:   Net increase of $39.893 million is due to reprogramming of funds from various program elements for the congressionally mandated SBIR ($34.974 million) and STTR ($4.919 million) programs.

FY 2025:  None.

FY 2026: None.</r2:SummaryExplanation>
        </r2:ChangeSummary>
        <r2:ProjectList>
            <r2:Project>
                <r2:ProjectNumber>S050</r2:ProjectNumber>
                <r2:ProjectTitle>Small Business Innovation Research</r2:ProjectTitle>
                <r2:SpecialProject>0</r2:SpecialProject>
                <r2:ProjectFunding>
                    <r2:AllPriorYears>351.014</r2:AllPriorYears>
                    <r2:PriorYear>34.974</r2:PriorYear>
                </r2:ProjectFunding>
                <r2:R2aExhibit>
                    <r2:ProjectMissionDescription>The goals of the Small Business Innovation Research (SBIR) program are to stimulate technological innovation, increase private sector commercialization of federal research and development (R&amp;D), increase small business participation in federally funded R&amp;D, and foster participation by minority and disadvantaged firms in technological innovation. Leveraging the innovation of small business concerns is an important contributor to the development of the cutting-edge technologies that will generate decisive and sustained U.S. military advantages by increasing the readiness, modernization, and lethality of the United States Special Operations Command (USSOCOM). This program supports high priority projects within the USSOCOM Components, their missions, and the Warfighter.</r2:ProjectMissionDescription>
                    <r2:AccomplishmentPlannedProgramList>
                        <r2:AccomplishmentPlannedProgram>
                            <r2:Title>Small Business Innovation Research (SBIR)</r2:Title>
                            <r2:Accomplishment>
                                <r2:PriorYear>
                                    <r2:Funding>34.974</r2:Funding>
                                    <r2:Text>•  Multi-Domain Communications and Computing (estimated funding, $9.600 million): Family of Special Operations Vehicles system and automation modernization; High performance multi-platform sensor computing; Hokkien Low Density Language Capability.
 •  Scalable and Precision Effects (estimated funding, $10.600 million): Out of band tracker, multi-function beacon; Automated Target Recognition for rapid multi-target grouping; Electronic Embedded Glass; Precision guided cruise missile.
 •  Battle Space Awareness (estimated funding, $8.332 million): Analyzing Narrative evolution across social media; radio location tracker, waveform development.</r2:Text>
                                </r2:PriorYear>
                            </r2:Accomplishment>
                            <r2:PlannedProgram>
                                <r2:CurrentYear>
                                    <r2:Funding>0.000</r2:Funding>
                                    <r2:Text>•  Multi-Domain Communications and Computing (estimated funding, $9.600 million): Family of Special Operations Vehicles system and automation modernization.
 •  Scalable and Precision Effects (estimated funding, $22.500 million): Visual Augmentation Systems; High energy batteries; contested and out of band tracker; Slim Form Cargo loader; Thermal Reflex Sight; Small Unmanned Ground Robotic System; Advanced manufacturing of Common launch container; Handheld kinetic Defeat for UAS.
 •  Human Performance (estimated funding $3.300 million): Water Tester at Point of Need.</r2:Text>
                                </r2:CurrentYear>
                                <r2:BudgetYearOne>
                                    <r2:Funding>0.000</r2:Funding>
                                </r2:BudgetYearOne>
                                <r2:BudgetYearOneBase>
                                    <r2:Funding>0.000</r2:Funding>
                                    <r2:Text>Battlespace Awareness (estimated funding $6.400 million): Sensor fusion using AI and large language models, human-machine interface for contested environments.
Multi-Domain Communications and Computing (estimated funding $4.800 million): Secure terrestrial comms via omnidirectional laser link, Uncrewed underwater vehicle software- AI/ML enhancements.
Scalable and Precision Effects (estimated funding $3.700 million): High Power Microwave DE payload to disrupt, disable or destroy electronic systems and targets at range.
Warfighter Performance (estimated funding $4.900 million): Traumatic brain injury and blast reduction efforts.</r2:Text>
                                </r2:BudgetYearOneBase>
                                <r2:AppChangeSummary>N/A</r2:AppChangeSummary>
                            </r2:PlannedProgram>
                        </r2:AccomplishmentPlannedProgram>
                    </r2:AccomplishmentPlannedProgramList>
                    <r2:AcquisitionStrategy>SBIR is a three-phase program that provides early-stage R&amp;D to small companies. Eligible projects must fulfill an R&amp;D need identified by the Department of Defense and have the potential to be developed into a product or service for commercial or defense markets. SBIR is designed to stimulate technological innovation, increase private sector commercialization of federal R&amp;D, increase small business participation in federally funded R&amp;D, and foster participation by minority and disadvantaged firms in technological innovation.</r2:AcquisitionStrategy>
                </r2:R2aExhibit>
                <r2:R3Exhibit>
                    <r2:Remarks>Due to multiple awards, the dates listed above reflect the first Phase I and II efforts awarded.</r2:Remarks>
                    <r2:CostCategoryGroupList>
                        <r2:CostCategoryGroup>
                            <r2:Name>Product Development</r2:Name>
                            <r2:Remarks>Due to multiple awards, the dates listed above reflect the first Phase I and II efforts awarded.</r2:Remarks>
                            <r2:CostCategoryItemList>
                                <r2:CostCategoryItem>
                                    <r2:Name>Small Business Innovation Research (SBIR) Phase I &lt;$150K</r2:Name>
                                    <r2:ContractMethod>C</r2:ContractMethod>
                                    <r2:ContractType>Various</r2:ContractType>
                                    <r2:PerformingActivity>Various</r2:PerformingActivity>
                                    <r2:PerformingActivityLocation>Various</r2:PerformingActivityLocation>
                                    <r2:Cost>
                                        <r2:TotalPreviousYears>54.822</r2:TotalPreviousYears>
                                        <r2:PriorYear>
                                            <r2:Amount>6.358</r2:Amount>
                                            <r2:AwardDate>2023-10</r2:AwardDate>
                                        </r2:PriorYear>
                                    </r2:Cost>
                                </r2:CostCategoryItem>
                                <r2:CostCategoryItem>
                                    <r2:Name>SBIR Phase II >$750K</r2:Name>
                                    <r2:ContractMethod>C</r2:ContractMethod>
                                    <r2:ContractType>Various</r2:ContractType>
                                    <r2:PerformingActivity>Various</r2:PerformingActivity>
                                    <r2:PerformingActivityLocation>Various</r2:PerformingActivityLocation>
                                    <r2:Cost>
                                        <r2:TotalPreviousYears>97.681</r2:TotalPreviousYears>
                                        <r2:PriorYear>
                                            <r2:Amount>28.616</r2:Amount>
                                            <r2:AwardDate>2023-10</r2:AwardDate>
                                        </r2:PriorYear>
                                    </r2:Cost>
                                </r2:CostCategoryItem>
                                <r2:CostCategoryItem>
                                    <r2:Name>Prior Year Funding</r2:Name>
                                    <r2:ContractMethod>C</r2:ContractMethod>
                                    <r2:ContractType>Various</r2:ContractType>
                                    <r2:PerformingActivity>Various</r2:PerformingActivity>
                                    <r2:PerformingActivityLocation>Various</r2:PerformingActivityLocation>
                                    <r2:Cost>
                                        <r2:TotalPreviousYears>198.511</r2:TotalPreviousYears>
                                    </r2:Cost>
                                </r2:CostCategoryItem>
                            </r2:CostCategoryItemList>
                        </r2:CostCategoryGroup>
                    </r2:CostCategoryGroupList>
                </r2:R3Exhibit>
                <r2:R4aExhibit>
                    <r2:SubProjectScheduleList>
                        <r2:SubProjectSchedule>
                            <r2:Title>Small Business Innovative Research (SBIR)</r2:Title>
                            <r2:ScheduleDetailList>
                                <r2:ScheduleDetail>
                                    <r2:EventTitle>Phase I Efforts</r2:EventTitle>
                                    <r2:Schedule>
                                        <r2:Start>
                                            <r2:Quarter>1</r2:Quarter>
                                            <r2:Year>2024</r2:Year>
                                        </r2:Start>
                                        <r2:End>
                                            <r2:Quarter>4</r2:Quarter>
                                            <r2:Year>2024</r2:Year>
                                        </r2:End>
                                    </r2:Schedule>
                                </r2:ScheduleDetail>
                                <r2:ScheduleDetail>
                                    <r2:EventTitle>Phase II Efforts</r2:EventTitle>
                                    <r2:Schedule>
                                        <r2:Start>
                                            <r2:Quarter>1</r2:Quarter>
                                            <r2:Year>2024</r2:Year>
                                        </r2:Start>
                                        <r2:End>
                                            <r2:Quarter>4</r2:Quarter>
                                            <r2:Year>2024</r2:Year>
                                        </r2:End>
                                    </r2:Schedule>
                                </r2:ScheduleDetail>
                            </r2:ScheduleDetailList>
                        </r2:SubProjectSchedule>
                    </r2:SubProjectScheduleList>
                </r2:R4aExhibit>
            </r2:Project>
            <r2:Project>
                <r2:ProjectNumber>S051</r2:ProjectNumber>
                <r2:ProjectTitle>Small Business Technology Transfer</r2:ProjectTitle>
                <r2:SpecialProject>0</r2:SpecialProject>
                <r2:ProjectFunding>
                    <r2:AllPriorYears>26.621</r2:AllPriorYears>
                    <r2:PriorYear>4.919</r2:PriorYear>
                </r2:ProjectFunding>
                <r2:R2aExhibit>
                    <r2:ProjectMissionDescription>The goals of the Small Business Technology Transfer (STTR) program is to stimulate a partnership of ideas between small business concerns (SBCs) and research institutions through the United States Special Operations Command (USSOCOM) funded research or research and development (R/R&amp;D). By providing awards to SBCs or cooperative R/R&amp;D efforts with research institutions, USSOCOM supports innovation and economic growth to generate decisive and sustained U.S. military advantages. This program supports high priority projects within the USSOCOM Components, their missions, and the Warfighter.</r2:ProjectMissionDescription>
                    <r2:AccomplishmentPlannedProgramList>
                        <r2:AccomplishmentPlannedProgram>
                            <r2:Title>Small Business Technology Transfer (STTR)</r2:Title>
                            <r2:Accomplishment>
                                <r2:PriorYear>
                                    <r2:Funding>4.919</r2:Funding>
                                    <r2:Text>•  A series of feasibility and initial research into the following focus areas (estimated funding, $4.620 million): Scalability and Precision Effects; Multi-Domain Communications and Computing; Human Performance; Emplacement and Access; Battle Space Awareness; and HEO.</r2:Text>
                                </r2:PriorYear>
                            </r2:Accomplishment>
                            <r2:PlannedProgram>
                                <r2:CurrentYear>
                                    <r2:Funding>0.000</r2:Funding>
                                    <r2:Text>A series of feasibility and initial research into the following focus areas (estimated funding, $5.082 million): Precision and Scalable Effects; Multi-Domain Communications and Computing; Human Performance; Emplacement and Access; Battle Space Awareness; and HEO.</r2:Text>
                                </r2:CurrentYear>
                                <r2:BudgetYearOne>
                                    <r2:Funding>0.000</r2:Funding>
                                </r2:BudgetYearOne>
                                <r2:BudgetYearOneBase>
                                    <r2:Funding>0.000</r2:Funding>
                                    <r2:Text>A series of feasibility and initial research into the following focus areas (estimated funding, $5.249 million): Precision and Scalable Effects; Multi-Domain Communications and Computing; Human Performance; Emplacement and Access; Battle Space Awareness; and HEO.</r2:Text>
                                </r2:BudgetYearOneBase>
                                <r2:AppChangeSummary>N/A</r2:AppChangeSummary>
                            </r2:PlannedProgram>
                        </r2:AccomplishmentPlannedProgram>
                    </r2:AccomplishmentPlannedProgramList>
                    <r2:AcquisitionStrategy>The STTR program provides early-stage R&amp;D funding directly to small companies working cooperatively with researchers at universities and other research institutions. The STTR is also a three-phased program designed to stimulate technological innovation, increase private sector commercialization of federal R&amp;D, increase small business participation in federally funded R&amp;D, and foster participation by minority and disadvantaged firms in technological innovation.</r2:AcquisitionStrategy>
                </r2:R2aExhibit>
                <r2:R3Exhibit>
                    <r2:Remarks>Due to multiple awards, the dates listed above reflect the first Phase I and II efforts awarded.</r2:Remarks>
                    <r2:CostCategoryGroupList>
                        <r2:CostCategoryGroup>
                            <r2:Name>Product Development</r2:Name>
                            <r2:Remarks>Due to multiple awards, the dates listed above reflect the last Phase I and II awarded.</r2:Remarks>
                            <r2:CostCategoryItemList>
                                <r2:CostCategoryItem>
                                    <r2:Name>Small Business Technology Transfer (STTR) Phase I &lt;$150K</r2:Name>
                                    <r2:ContractMethod>C</r2:ContractMethod>
                                    <r2:ContractType>FFP</r2:ContractType>
                                    <r2:PerformingActivity>Various Vendors</r2:PerformingActivity>
                                    <r2:PerformingActivityLocation>Various Locations</r2:PerformingActivityLocation>
                                    <r2:Cost>
                                        <r2:TotalPreviousYears>9.030</r2:TotalPreviousYears>
                                        <r2:PriorYear>
                                            <r2:Amount>0.000</r2:Amount>
                                        </r2:PriorYear>
                                        <r2:CostToComplete>Continuing</r2:CostToComplete>
                                        <r2:TotalCost>Continuing</r2:TotalCost>
                                    </r2:Cost>
                                </r2:CostCategoryItem>
                                <r2:CostCategoryItem>
                                    <r2:Name>STTR Phase II >$750K</r2:Name>
                                    <r2:ContractMethod>C</r2:ContractMethod>
                                    <r2:ContractType>Various</r2:ContractType>
                                    <r2:PerformingActivity>Various Vendors</r2:PerformingActivity>
                                    <r2:PerformingActivityLocation>Various Locations</r2:PerformingActivityLocation>
                                    <r2:Cost>
                                        <r2:TotalPreviousYears>12.468</r2:TotalPreviousYears>
                                        <r2:PriorYear>
                                            <r2:Amount>4.919</r2:Amount>
                                            <r2:AwardDate>2023-10</r2:AwardDate>
                                        </r2:PriorYear>
                                        <r2:CostToComplete>Continuing</r2:CostToComplete>
                                        <r2:TotalCost>Continuing</r2:TotalCost>
                                    </r2:Cost>
                                </r2:CostCategoryItem>
                                <r2:CostCategoryItem>
                                    <r2:Name>Prior Year Funding</r2:Name>
                                    <r2:ContractMethod>C</r2:ContractMethod>
                                    <r2:ContractType>Various</r2:ContractType>
                                    <r2:PerformingActivity>Various</r2:PerformingActivity>
                                    <r2:PerformingActivityLocation>Various</r2:PerformingActivityLocation>
                                    <r2:Cost>
                                        <r2:TotalPreviousYears>5.123</r2:TotalPreviousYears>
                                        <r2:CostToComplete>0.000</r2:CostToComplete>
                                        <r2:TotalCost>5.123</r2:TotalCost>
                                    </r2:Cost>
                                </r2:CostCategoryItem>
                            </r2:CostCategoryItemList>
                        </r2:CostCategoryGroup>
                    </r2:CostCategoryGroupList>
                </r2:R3Exhibit>
                <r2:R4aExhibit>
                    <r2:SubProjectScheduleList>
                        <r2:SubProjectSchedule>
                            <r2:Title>Small Business Technology Transfer (STTR)</r2:Title>
                            <r2:ScheduleDetailList>
                                <r2:ScheduleDetail>
                                    <r2:EventTitle>Phase I Efforts</r2:EventTitle>
                                    <r2:Schedule>
                                        <r2:Start>
                                            <r2:Quarter>1</r2:Quarter>
                                            <r2:Year>2024</r2:Year>
                                        </r2:Start>
                                        <r2:End>
                                            <r2:Quarter>4</r2:Quarter>
                                            <r2:Year>2024</r2:Year>
                                        </r2:End>
                                    </r2:Schedule>
                                </r2:ScheduleDetail>
                                <r2:ScheduleDetail>
                                    <r2:EventTitle>Phase II Efforts</r2:EventTitle>
                                    <r2:Schedule>
                                        <r2:Start>
                                            <r2:Quarter>1</r2:Quarter>
                                            <r2:Year>2024</r2:Year>
                                        </r2:Start>
                                        <r2:End>
                                            <r2:Quarter>4</r2:Quarter>
                                            <r2:Year>2024</r2:Year>
                                        </r2:End>
                                    </r2:Schedule>
                                </r2:ScheduleDetail>
                            </r2:ScheduleDetailList>
                        </r2:SubProjectSchedule>
                    </r2:SubProjectScheduleList>
                </r2:R4aExhibit>
            </r2:Project>
        </r2:ProjectList>
    </r2:ProgramElement>
</r2:ProgramElementList>