<?xml version="1.0" encoding="UTF-8"?>
<r2:ProgramElementList xmlns:r2="http://www.dtic.mil/comptroller/xml/schema/022009/r2" targetSchemaVersion="1.0">
    <r2:ProgramElement monetaryUnit="Millions">
        <r2:ProgramElementNumber>1160490BB</r2:ProgramElementNumber>
        <r2:ProgramElementTitle>Operational Enhancements Intelligence</r2:ProgramElementTitle>
        <r2:R1LineNumber>297</r2:R1LineNumber>
        <r2:BudgetYear>2026</r2:BudgetYear>
        <r2:BudgetCycle>PB</r2:BudgetCycle>
        <r2:SubmissionDate>2025-06</r2:SubmissionDate>
        <r2:ServiceAgencyName>United States Special Operations Command</r2:ServiceAgencyName>
        <r2:AppropriationCode>0400</r2:AppropriationCode>
        <r2:AppropriationName>Research, Development, Test &amp; Evaluation, Defense-Wide</r2:AppropriationName>
        <r2:BudgetActivityNumber>7</r2:BudgetActivityNumber>
        <r2:BudgetActivityTitle>Operational Systems Development</r2:BudgetActivityTitle>
        <r2:ProgramElementFunding>
            <r2:AllPriorYears>171.968</r2:AllPriorYears>
            <r2:PriorYear>18.249</r2:PriorYear>
            <r2:CurrentYear>27.233</r2:CurrentYear>
            <r2:BudgetYearOne>21.752</r2:BudgetYearOne>
            <r2:BudgetYearOneBase>21.752</r2:BudgetYearOneBase>
        </r2:ProgramElementFunding>
        <r2:ProgramElementMissionDescription>This program element is part of the Military Intelligence Program.  This program is reported in accordance with Title 10, United States Code, Section 119(a)(1) in the Special Access Program Congressional Budget Justification Book (CBJB) to Congress.</r2:ProgramElementMissionDescription>
        <r2:ChangeSummary>
            <r2:PreviousPresidentBudget>
                <r2:PriorYear>15.749</r2:PriorYear>
                <r2:CurrentYear>17.233</r2:CurrentYear>
                <r2:BudgetYearOne>23.252</r2:BudgetYearOne>
                <r2:BudgetYearOneBase>23.252</r2:BudgetYearOneBase>
            </r2:PreviousPresidentBudget>
            <r2:CurrentPresidentBudget>
                <r2:PriorYear>18.249</r2:PriorYear>
                <r2:CurrentYear>27.233</r2:CurrentYear>
                <r2:BudgetYearOne>21.752</r2:BudgetYearOne>
                <r2:BudgetYearOneBase>21.752</r2:BudgetYearOneBase>
            </r2:CurrentPresidentBudget>
            <r2:TotalAdjustments>
                <r2:PriorYear>2.500</r2:PriorYear>
                <r2:CurrentYear>10.000</r2:CurrentYear>
                <r2:BudgetYearOne>-1.500</r2:BudgetYearOne>
                <r2:BudgetYearOneBase>-1.500</r2:BudgetYearOneBase>
            </r2:TotalAdjustments>
            <r2:AdjustmentDetails>
                <r2:CongressionalAdds>
                    <r2:PriorYear>2.500</r2:PriorYear>
                    <r2:CurrentYear>10.000</r2:CurrentYear>
                </r2:CongressionalAdds>
                <r2:OtherAdjustmentDetailList>
                    <r2:OtherAdjustmentDetail>
                        <r2:Title>Directed Reductions</r2:Title>
                        <r2:Funding>
                            <r2:BudgetYearOne>-1.500</r2:BudgetYearOne>
                            <r2:BudgetYearOneBase>-1.500</r2:BudgetYearOneBase>
                        </r2:Funding>
                    </r2:OtherAdjustmentDetail>
                </r2:OtherAdjustmentDetailList>
            </r2:AdjustmentDetails>
            <r2:SummaryExplanation>FY 2024:  This project received Congressional Add funding in FY 2024 ($2.500 million), details will be provided under separate cover. 

FY 2025:  This project received Congressional Add funding in FY 2025 ($10.000 million), details will be provided under separate cover. 

FY 2026:  Decrease of $1.500 million to support emergent requirements.</r2:SummaryExplanation>
        </r2:ChangeSummary>
        <r2:ProjectList>
            <r2:Project>
                <r2:ProjectNumber>S500D</r2:ProjectNumber>
                <r2:ProjectTitle>Operational Enhancements Intelligence</r2:ProjectTitle>
                <r2:SpecialProject>1</r2:SpecialProject>
                <r2:ProjectFunding>
                    <r2:AllPriorYears>171.968</r2:AllPriorYears>
                    <r2:PriorYear>18.249</r2:PriorYear>
                    <r2:CurrentYear>27.233</r2:CurrentYear>
                    <r2:BudgetYearOne>21.752</r2:BudgetYearOne>
                    <r2:BudgetYearOneBase>21.752</r2:BudgetYearOneBase>
                    <r2:CostToComplete>Continuing</r2:CostToComplete>
                    <r2:TotalCost>Continuing</r2:TotalCost>
                </r2:ProjectFunding>
                <r2:R2aExhibit>
                    <r2:ProjectMissionDescription>This project is part of the Military Intelligence Program.  This project is reported in accordance with Title 10, United States Code, Section 119(a)(1) in the Special Access Program Annual Report to Congress.</r2:ProjectMissionDescription>
                </r2:R2aExhibit>
            </r2:Project>
        </r2:ProjectList>
    </r2:ProgramElement>
</r2:ProgramElementList>