<?xml version="1.0" encoding="UTF-8"?>
<r2:ProgramElementList xmlns:r2="http://www.dtic.mil/comptroller/xml/schema/022009/r2" targetSchemaVersion="1.0">
    <r2:ProgramElement monetaryUnit="Millions">
        <r2:ProgramElementNumber>1160402BB</r2:ProgramElementNumber>
        <r2:ProgramElementTitle>SOF Advanced Technology Development</r2:ProgramElementTitle>
        <r2:R1LineNumber>80</r2:R1LineNumber>
        <r2:BudgetYear>2026</r2:BudgetYear>
        <r2:BudgetCycle>PB</r2:BudgetCycle>
        <r2:SubmissionDate>2025-06</r2:SubmissionDate>
        <r2:ServiceAgencyName>United States Special Operations Command</r2:ServiceAgencyName>
        <r2:AppropriationCode>0400</r2:AppropriationCode>
        <r2:AppropriationName>Research, Development, Test &amp; Evaluation, Defense-Wide</r2:AppropriationName>
        <r2:BudgetActivityNumber>3</r2:BudgetActivityNumber>
        <r2:BudgetActivityTitle>Advanced Technology Development (ATD)</r2:BudgetActivityTitle>
        <r2:ProgramElementFunding>
            <r2:AllPriorYears>1868.943</r2:AllPriorYears>
            <r2:PriorYear>159.668</r2:PriorYear>
            <r2:CurrentYear>193.767</r2:CurrentYear>
            <r2:BudgetYearOne>152.282</r2:BudgetYearOne>
            <r2:BudgetYearOneBase>152.282</r2:BudgetYearOneBase>
        </r2:ProgramElementFunding>
        <r2:ProgramElementMissionDescription>S200 Advanced Technology Development
This project conducts rapid prototyping and Advanced Technology Demonstrations (ATDs). ATDs provide a means for evaluating the utility of emerging/advanced technologies in operationally relevant environments with Special Operations forces (SOF) users. Evaluation results are included in a transition package, which assists in the initiation of or insertion into an acquisition program. ATDs also address projects that are a result of unique joint special mission or area-specific needs for which a few-of-a-kind prototypes must be developed on a rapid response basis, or of sufficient time sensitivity to accelerate the prototyping effort of a normal acquisition program in any phase. The ATD investment strategy is aligned to establish future SOF capability in support of Joint Warfighting Concepts.

S201 Rapid Defense Experimentation Reserve (RDER)
This project funds Unites States Special Operations Command RDER projects via Office of the Secretary of Defense process. USSOCOM RDER projects accelerate technology from prototypes to validated joint SOF and SOF/Conventional forces military capabilities to support operations in highly contested environments. USSOCOM RDER projects are 12-24 month efforts focused on fast iterations of prototyping between technologists and warfighters through experimentation.

SF101 Engineering Analysis
This project provides rapid response capability for the investigation, evaluation, and demonstration of technologies for SOF platform (ground, air, and maritime) and soldier system-unique requirements. Timely application of SO-peculiar technology is critical and necessary to meet requirements in such areas as: sensor integration; enhanced situational awareness; near-real-time intelligence to include data fusion; threat detection and avoidance; electronic support measures for threat geo-location and specific emitter identification; navigation; target detection; weapon performance integration; and future SOF platform and soldier system requirements. This project provides additional engineering analysis and testing required to transition items from national forces to theater forces.</r2:ProgramElementMissionDescription>
        <r2:ChangeSummary>
            <r2:PreviousPresidentBudget>
                <r2:PriorYear>156.097</r2:PriorYear>
                <r2:CurrentYear>197.767</r2:CurrentYear>
                <r2:BudgetYearOne>156.925</r2:BudgetYearOne>
                <r2:BudgetYearOneBase>156.925</r2:BudgetYearOneBase>
            </r2:PreviousPresidentBudget>
            <r2:CurrentPresidentBudget>
                <r2:PriorYear>159.668</r2:PriorYear>
                <r2:CurrentYear>193.767</r2:CurrentYear>
                <r2:BudgetYearOne>152.282</r2:BudgetYearOne>
                <r2:BudgetYearOneBase>152.282</r2:BudgetYearOneBase>
            </r2:CurrentPresidentBudget>
            <r2:TotalAdjustments>
                <r2:PriorYear>3.571</r2:PriorYear>
                <r2:CurrentYear>-4.000</r2:CurrentYear>
                <r2:BudgetYearOne>-4.643</r2:BudgetYearOne>
                <r2:BudgetYearOneBase>-4.643</r2:BudgetYearOneBase>
            </r2:TotalAdjustments>
            <r2:AdjustmentDetails>
                <r2:CongressionalDirectedReductions>
                    <r2:PriorYear>-8.934</r2:PriorYear>
                    <r2:CurrentYear>-9.000</r2:CurrentYear>
                </r2:CongressionalDirectedReductions>
                <r2:CongressionalAdds>
                    <r2:PriorYear>18.000</r2:PriorYear>
                    <r2:CurrentYear>5.000</r2:CurrentYear>
                </r2:CongressionalAdds>
                <r2:SBIRSTTRTransfer>
                    <r2:PriorYear>-5.495</r2:PriorYear>
                </r2:SBIRSTTRTransfer>
                <r2:OtherAdjustmentDetailList>
                    <r2:OtherAdjustmentDetail>
                        <r2:Title>Adjustments to Budget Year</r2:Title>
                        <r2:Funding>
                            <r2:BudgetYearOne>-4.643</r2:BudgetYearOne>
                            <r2:BudgetYearOneBase>-4.643</r2:BudgetYearOneBase>
                        </r2:Funding>
                    </r2:OtherAdjustmentDetail>
                </r2:OtherAdjustmentDetailList>
            </r2:AdjustmentDetails>
            <r2:SummaryExplanation>Funding:

FY 2024: Net increase of $3.571 million is due to Congressional adds: C-130J auto flight desk and remote mission system ($10.500 million); quantum computing and quantum networking ($7.500 million); and Congressional directed reductions: level of effort - advanced technology effort (-$4.934 million); and program decrease (-$4.000 million).

FY 2025: Net decrease of $4.000 million is due to Congressional add funding for quantum computing and quantum networking ($5.000 million); and a Congressional directed reduction to Rapid Defense Experimentation Reserve (-$9.000 million).

FY 2026: Net decrease of $4.643 million is due to lower than previously forecasted pricing assumptions and emergent requirements.</r2:SummaryExplanation>
        </r2:ChangeSummary>
        <r2:ProjectList>
            <r2:Project>
                <r2:ProjectNumber>S200</r2:ProjectNumber>
                <r2:ProjectTitle>Advanced Technology Development</r2:ProjectTitle>
                <r2:SpecialProject>0</r2:SpecialProject>
                <r2:ProjectFunding>
                    <r2:AllPriorYears>1733.583</r2:AllPriorYears>
                    <r2:PriorYear>134.376</r2:PriorYear>
                    <r2:CurrentYear>164.011</r2:CurrentYear>
                    <r2:BudgetYearOne>134.182</r2:BudgetYearOne>
                    <r2:BudgetYearOneBase>134.182</r2:BudgetYearOneBase>
                </r2:ProjectFunding>
                <r2:R2aExhibit>
                    <r2:ProjectMissionDescription>This project provides for rapid prototyping, Advanced Technology Demonstrations (ATDs) and Joint Capability Technology Demonstrations. It is a means for demonstrating and evaluating the utility of emerging/advanced technologies in operationally relevant environments with Special Operations Forces (SOF) users. This project integrates disruptive solutions and emerging technologies and then presents them in technology demonstrations, in conjunction with joint experiments and other assessment events. Evaluation results often facilitate the initiation of new programs and the insertion of appropriate technologies to acquisition programs. This project leverages key stakeholder relationships with the Department of Defense and government technology developers to address unique, joint special mission or area-specific needs for which a few rapid prototypes must be developed on a responsive basis, or of sufficient time sensitivity to accelerate prototyping efforts of a normal acquisition program in any phase.</r2:ProjectMissionDescription>
                    <r2:CongressionalAddDetailList>
                        <r2:CongressionalAddDetail>
                            <r2:Title>C-130J Auto Flight Deck and Remote Missions System</r2:Title>
                            <r2:PriorYear>
                                <r2:Funding>10.500</r2:Funding>
                                <r2:Text>Awarded development contract and started design activities.</r2:Text>
                            </r2:PriorYear>
                            <r2:CurrentYear>
                                <r2:Funding>0.000</r2:Funding>
                                <r2:Text>Complete preliminary design review and begin advanced engineering and design activities to prepare for critical design review of the C-130J flight deck autonomy system.</r2:Text>
                            </r2:CurrentYear>
                        </r2:CongressionalAddDetail>
                        <r2:CongressionalAddDetail>
                            <r2:Title>Quantum Computing and Quantum Networking</r2:Title>
                            <r2:PriorYear>
                                <r2:Funding>7.500</r2:Funding>
                                <r2:Text>Advancement of the quantum research and development facilities at University of Maryland Applied Research Laboratory for Intelligence and Security (UMD ARLIS) supporting DoD and Special Operations Forces (SOF) prioritized capability and technology areas. Partnership with the Secretary of the Air Force Concepts, Development, and Management (SAF CDM) Secure Experimental Quantum Computing Usage in Research Environments (SEQCURE) subject matter expertise and facilities. R&amp;D projects in prototype products and applied quantum technologies for encryption, sensing, alternate timing and positioning, and communications enabling SOF R&amp;D experimentation and assessment advancing the application of quantum science and technologies.</r2:Text>
                            </r2:PriorYear>
                            <r2:CurrentYear>
                                <r2:Funding>5.000</r2:Funding>
                                <r2:Text>Effort progressing on schedule. Milestone prototype demonstration completed successfully in April. Continue advanced prototyping activities.</r2:Text>
                            </r2:CurrentYear>
                        </r2:CongressionalAddDetail>
                    </r2:CongressionalAddDetailList>
                    <r2:AccomplishmentPlannedProgramList>
                        <r2:AccomplishmentPlannedProgram>
                            <r2:Title>SOF Special Technology Project</r2:Title>
                            <r2:Description>This project integrates emerging technologies and presents them in technology demonstrations, in conjunction with joint experiments and other assessment events. This project will continue to exploit and integrate emerging technologies to enable SOF to conduct assigned military responsibilities and expand in support of integrated deterrence. Also funds technical field experimentation to equip the future SOF warfighter. Based upon agreed technology maturity metrics, transfers successful projects into programs of record, and conducts field experimentations at various venues to facilitate technology insertion.</r2:Description>
                            <r2:Accomplishment>
                                <r2:PriorYear>
                                    <r2:Funding>83.729</r2:Funding>
                                    <r2:Text>Continue the development and insertion of technology into existing programs. Technologies include but are not limited to: reduced signature profiles; next generation effects; assured communications; command and control systems; machine learning / artificial intelligence (ML/AI); sensors; information sources; emplacement and access; situational awareness tools; revolutionary materials; power and energy enablers; and technologies that reduce the load of the operator. Continue development of technologies supporting undersea, ground and air mobility. Evaluate and develop opportunities to leverage the electromagnetic spectrum to meet operational requirements. Continue the integration of critical technologies focused on providing the dismounted special operator with leap-ahead capabilities via innovative collaborative processes. Continue to develop sensors, surveillance, network and data management technology to provide tactically relevant situational awareness at the point of need. Continue effort for field prototype system incorporating technologies likely to transition to fielded systems. Based upon agreed technology maturity metrics, transfer successful projects into programs of record, and conduct field experimentations at various venues to facilitate technology insertion. Continue the United States Special Operations Command (USSOCOM) focus on modernization supporting advanced technology development.</r2:Text>
                                </r2:PriorYear>
                            </r2:Accomplishment>
                            <r2:PlannedProgram>
                                <r2:CurrentYear>
                                    <r2:Funding>78.918</r2:Funding>
                                    <r2:Text>Continue the development and insertion of technology into existing programs. Technologies include but are not limited to: scalable and precision effects; command and control systems; capability specific machine learning/artificial intelligence algorithms; sensors; multi-domain emplacement and access; situational awareness tools; and technologies that reduce the load of the operator. Continue development of field prototypes incorporating technologies likely to transition to fielded systems, supporting the United States Special Operations Command focus on modernization.</r2:Text>
                                </r2:CurrentYear>
                                <r2:BudgetYearOne>
                                    <r2:Funding>77.072</r2:Funding>
                                </r2:BudgetYearOne>
                                <r2:BudgetYearOneBase>
                                    <r2:Funding>77.072</r2:Funding>
                                    <r2:Text>Continues the development and insertion of technology into existing programs. Technologies include but are not limited to: scalable and precision effects; command and control systems; battlespace awareness capabilities; Sensor-fusion with AI/large language models; tailorable secure network fabric/agile scalable swarms; multi-domain emplacement and access; Machine Learning Enhancements on the Obstacle Avoidance Sonar; and technologies that reduce the load of the operator. Continues development of field prototypes incorporating technologies likely to transition to fielded systems, supporting the United States Special Operations Command focus on modernization.</r2:Text>
                                </r2:BudgetYearOneBase>
                                <r2:AppChangeSummary>Decrease of $1.846 million is due to emergent requirements.</r2:AppChangeSummary>
                            </r2:PlannedProgram>
                        </r2:AccomplishmentPlannedProgram>
                        <r2:AccomplishmentPlannedProgram>
                            <r2:Title>High Speed Vertical Takeoff and Landing (HSVTOL)</r2:Title>
                            <r2:Description>In conjunction with Defense Advanced Research Projects Agency, the HSVTOL supports the development and demonstration of agile and responsive air mobility capabilities to support runway independent operations and increased speed of maneuverability.</r2:Description>
                            <r2:Accomplishment>
                                <r2:PriorYear>
                                    <r2:Funding>19.334</r2:Funding>
                                    <r2:Text>Begin efforts focused on early engineering activities for a HSVTOL demonstration platform and risk reduction of critical technologies such as materials, propulsion and flight controls.</r2:Text>
                                </r2:PriorYear>
                            </r2:Accomplishment>
                            <r2:PlannedProgram>
                                <r2:CurrentYear>
                                    <r2:Funding>72.150</r2:Funding>
                                    <r2:Text>Continue efforts focused on engineering activities geared towards design activities for the HSVTOL demonstration platform. This includes preliminary and detailed design, development, analysis, modeling and simulation, and system/subsystem verification of various engineering disciplines such as avionics, electrical, structural, propulsion, aerodynamics, and survivability, amongst other engineering disciplines.</r2:Text>
                                </r2:CurrentYear>
                                <r2:BudgetYearOne>
                                    <r2:Funding>49.545</r2:Funding>
                                </r2:BudgetYearOne>
                                <r2:BudgetYearOneBase>
                                    <r2:Funding>49.545</r2:Funding>
                                    <r2:Text>Continues efforts focused on engineering activities geared towards design activities for the HSVTOL demonstration platform. This includes completion of detailed design activities, finalizing control law development, software development, subsystem development, vehicle integration and engineering drawing release. Initiates manufacturing and assembly activities which includes material acquisition, tooling fabrication, ground station interface development and assembly of the demonstration platform.</r2:Text>
                                </r2:BudgetYearOneBase>
                                <r2:AppChangeSummary>Decrease of $22.605 million is due to the down selection from two vendor efforts in FY 2025 for Preliminary Design Review to a single vendor. Supports the continuation of the selected vendor efforts.</r2:AppChangeSummary>
                            </r2:PlannedProgram>
                        </r2:AccomplishmentPlannedProgram>
                        <r2:AccomplishmentPlannedProgram>
                            <r2:Title>Rapid Defense Experimentation Reserve (RDER)</r2:Title>
                            <r2:Description>Funds United States Special Operations Command (USSOCOM) RDER projects via Secretary of Defense process. USSOCOM RDER projects accelerate technology from prototypes to validated joint SOF and SOF/Conventional Forces military capabilities to support operations in highly contested environments. USSOCOM RDER projects are 12-24 month efforts focused on fast iterations of prototyping between technologists and warfighters through experimentation.

Note: Beginning in FY 2025, RDER funding moved from Project S200 to S201.</r2:Description>
                            <r2:Accomplishment>
                                <r2:PriorYear>
                                    <r2:Funding>5.781</r2:Funding>
                                </r2:PriorYear>
                            </r2:Accomplishment>
                            <r2:PlannedProgram>
                                <r2:CurrentYear>
                                    <r2:Funding>0.000</r2:Funding>
                                    <r2:Text>Continued the development and insertion of technology into existing programs. Technologies include but are not limited to: scalable and precision effects; command and control systems; capability specific machine learning/artificial intelligence algorithms; sensors; multi-domain emplacement and access; situational awareness tools; and technologies that reduce the load of the operator. Continue development of field prototypes incorporating technologies likely to transition to fielded systems, supporting the USSOCOM focus on modernization</r2:Text>
                                </r2:CurrentYear>
                                <r2:BudgetYearOne>
                                    <r2:Funding>0.000</r2:Funding>
                                </r2:BudgetYearOne>
                                <r2:BudgetYearOneBase>
                                    <r2:Funding>0.000</r2:Funding>
                                    <r2:Text>Begins USSOCOM Rapid Defense Experimentation Reserve development effort.</r2:Text>
                                </r2:BudgetYearOneBase>
                                <r2:AppChangeSummary>Decrease of $10.000 million, as FY 2026 RDER project resourcing is not yet approved.</r2:AppChangeSummary>
                            </r2:PlannedProgram>
                        </r2:AccomplishmentPlannedProgram>
                        <r2:AccomplishmentPlannedProgram>
                            <r2:Title>Classified Sub-Project</r2:Title>
                            <r2:Description>Classified Sub-Project (provided under separate cover).</r2:Description>
                            <r2:Accomplishment>
                                <r2:PriorYear>
                                    <r2:Funding>7.532</r2:Funding>
                                    <r2:Text>Details provided under separate cover.</r2:Text>
                                </r2:PriorYear>
                            </r2:Accomplishment>
                            <r2:PlannedProgram>
                                <r2:CurrentYear>
                                    <r2:Funding>7.943</r2:Funding>
                                    <r2:Text>Details provided under separate cover.</r2:Text>
                                </r2:CurrentYear>
                                <r2:BudgetYearOne>
                                    <r2:Funding>7.565</r2:Funding>
                                </r2:BudgetYearOne>
                                <r2:BudgetYearOneBase>
                                    <r2:Funding>7.565</r2:Funding>
                                    <r2:Text>Details provided under separate cover.</r2:Text>
                                </r2:BudgetYearOneBase>
                                <r2:AppChangeSummary>Details for decrease of $0.378 million provided under separate cover. Sub-project is reported in accordance with Title 10, United States Code, Section 119(a)(1), in the Special Access Program Congressional Budget Justification Book (CBJB) to Congress.</r2:AppChangeSummary>
                            </r2:PlannedProgram>
                        </r2:AccomplishmentPlannedProgram>
                    </r2:AccomplishmentPlannedProgramList>
                    <r2:AcquisitionStrategy>N/A</r2:AcquisitionStrategy>
                </r2:R2aExhibit>
            </r2:Project>
            <r2:Project>
                <r2:ProjectNumber>S201</r2:ProjectNumber>
                <r2:ProjectTitle>Rapid Defense Experimentation Reserve</r2:ProjectTitle>
                <r2:SpecialProject>0</r2:SpecialProject>
                <r2:ProjectFunding>
                    <r2:AllPriorYears>0.000</r2:AllPriorYears>
                    <r2:PriorYear>0.000</r2:PriorYear>
                    <r2:CurrentYear>10.000</r2:CurrentYear>
                    <r2:BudgetYearOne>0.000</r2:BudgetYearOne>
                    <r2:BudgetYearOneBase>0.000</r2:BudgetYearOneBase>
                </r2:ProjectFunding>
                <r2:R2aExhibit>
                    <r2:ProjectMissionDescription>USSOCOM's component of the Rapid Defense Experimentation Reserve (RDER) is executed within this program element (PE) Element of Cost (EOC). To facilitate rapid modernization of the force, the Rapid Defense Experimentation Reserve (RDER) initiative was established in the Defense Planning Guidance for Fiscal Years 2023-2027, to encourage multi-component experimentation through a campaign of learning. Services, Agencies, and other participating organizations are to identify "best of breed” capabilities developed among the DoD prototyping programs, and execute approved projects through large-scale, cross- service experiments in order to refine and/or validate the Joint Warfighting Concept (JWC). Organizations nominate proposals to the Office of the Under Secretary of Defense for Research and Engineering (OUSD(R&amp;E)) that are multi-component — involving Joint Services, International partners and/or other government agencies and link to one or more of the four key supporting concepts ("functional battles”) of the Joint Warfighting Concept: Joint Concept for Fires, Joint Concept for Command and Control, Joint Concept for Contested Logistics, and Joint Concept for Information Advantage.</r2:ProjectMissionDescription>
                    <r2:AccomplishmentPlannedProgramList>
                        <r2:AccomplishmentPlannedProgram>
                            <r2:Title>Rapid Defense Experimentation Reserve (RDER)</r2:Title>
                            <r2:Description>Funds United States Special Operations Command (USSOCOM) RDER projects via Secretary of Defense process. USSOCOM RDER projects accelerate technology from prototypes to validated joint SOF and SOF/Conventional Forces military capabilities to support operations in highly contested environments. USSOCOM RDER projects are 12-24 month efforts focused on fast iterations of prototyping between technologists and warfighters through experimentation.

Note: Beginning in FY 2025, RDER funding moved from Project S200 to S201.</r2:Description>
                            <r2:Accomplishment>
                                <r2:PriorYear>
                                    <r2:Funding>0.000</r2:Funding>
                                </r2:PriorYear>
                            </r2:Accomplishment>
                            <r2:PlannedProgram>
                                <r2:CurrentYear>
                                    <r2:Funding>10.000</r2:Funding>
                                    <r2:Text>Continued the development and insertion of technology into existing programs. Technologies include but are not limited to: scalable and precision effects; command and control systems; capability specific machine learning/artificial intelligence algorithms; sensors; multi-domain emplacement and access; situational awareness tools; and technologies that reduce the load of the operator. Continue development of field prototypes incorporating technologies likely to transition to fielded systems, supporting the USSOCOM focus on modernization</r2:Text>
                                </r2:CurrentYear>
                                <r2:BudgetYearOne>
                                    <r2:Funding>0.000</r2:Funding>
                                </r2:BudgetYearOne>
                                <r2:BudgetYearOneBase>
                                    <r2:Funding>0.000</r2:Funding>
                                    <r2:Text>Begins USSOCOM Rapid Defense Experimentation Reserve development effort.</r2:Text>
                                </r2:BudgetYearOneBase>
                                <r2:AppChangeSummary>Decrease of $10.000 million, as FY 2026 RDER project resourcing is not yet approved.</r2:AppChangeSummary>
                            </r2:PlannedProgram>
                        </r2:AccomplishmentPlannedProgram>
                    </r2:AccomplishmentPlannedProgramList>
                </r2:R2aExhibit>
            </r2:Project>
            <r2:Project>
                <r2:ProjectNumber>SF101</r2:ProjectNumber>
                <r2:ProjectTitle>Engineering Analysis</r2:ProjectTitle>
                <r2:SpecialProject>0</r2:SpecialProject>
                <r2:ProjectFunding>
                    <r2:AllPriorYears>135.360</r2:AllPriorYears>
                    <r2:PriorYear>25.292</r2:PriorYear>
                    <r2:CurrentYear>19.756</r2:CurrentYear>
                    <r2:BudgetYearOne>18.100</r2:BudgetYearOne>
                    <r2:BudgetYearOneBase>18.100</r2:BudgetYearOneBase>
                </r2:ProjectFunding>
                <r2:R2aExhibit>
                    <r2:ProjectMissionDescription>This project provides a rapid response capability to support Special Operations Forces (SOF) programs and capabilities across the enterprise. The purpose is to correct system deficiencies, improve asset life, and enhance mission capability through the means of feasibility studies, analysis of alternatives, pre-developmental risk reduction studies, and engineering analyses. This project provides the engineering required to improve the design and performance integrity of the SOF equipment and software and to integrate disruptive “off-the-shelf” technologies to meet current and emergent capability gaps. This project also conducts risk reduction studies, analyses, and demonstrations to support emerging, time-critical equipment, weapons, and sensor enhancements.</r2:ProjectMissionDescription>
                    <r2:AccomplishmentPlannedProgramList>
                        <r2:AccomplishmentPlannedProgram>
                            <r2:Title>National to Theater Engineering Analysis</r2:Title>
                            <r2:Description>Provides additional engineering analysis and testing required to transition items from national forces to theater forces.</r2:Description>
                            <r2:Accomplishment>
                                <r2:PriorYear>
                                    <r2:Funding>2.334</r2:Funding>
                                    <r2:Text>Continue additional testing and evaluation required on various equipment items such as communications, intelligence, weapons, and operator protection planned for transition to SOF Theater Forces.</r2:Text>
                                </r2:PriorYear>
                            </r2:Accomplishment>
                            <r2:PlannedProgram>
                                <r2:CurrentYear>
                                    <r2:Funding>2.480</r2:Funding>
                                    <r2:Text>Continue additional testing and evaluation required on various equipment items such as communications, intelligence, weapons, and operator protection planned for transition to SOF Theater Forces.</r2:Text>
                                </r2:CurrentYear>
                                <r2:BudgetYearOne>
                                    <r2:Funding>2.530</r2:Funding>
                                </r2:BudgetYearOne>
                                <r2:BudgetYearOneBase>
                                    <r2:Funding>2.530</r2:Funding>
                                    <r2:Text>Continues additional testing and evaluation required on various equipment items such as communications, intelligence, weapons, and operator protection planned for transition to SOF Theater Forces.</r2:Text>
                                </r2:BudgetYearOneBase>
                                <r2:AppChangeSummary>Increase of $0.050 million supports additional testing and evaluation requirements on various planned efforts.</r2:AppChangeSummary>
                            </r2:PlannedProgram>
                        </r2:AccomplishmentPlannedProgram>
                        <r2:AccomplishmentPlannedProgram>
                            <r2:Title>Engineering Analysis</r2:Title>
                            <r2:Description>Funding supports the development of rapid response capabilities to support SOF platform and soldier systems. Supports technology development to correct system deficiencies, improve platform asset life, and enhance mission capabilities. Supports engineering assessments and evaluation of technology feasibility, producibility, and integration into SOF specific equipment.  Supports engineering analysis activities to address platform survivability such as signature management, situational awareness, and versatile mission equipment (payloads, communications, and weapons) to achieve SOF mission objectives. Prioritizes insertion of emergent technology into programs of record in a timely manner.</r2:Description>
                            <r2:Accomplishment>
                                <r2:PriorYear>
                                    <r2:Funding>19.128</r2:Funding>
                                    <r2:Text>Continue to assess concepts and prototypes that provide increased capability of SOF mobility platforms to include improvements to meet emerging threats. Assess and evaluate advanced methods to deliver next generation effects. Identify, assess, and evaluate improved network and data management systems that incorporate significant improvements to operate in contested environments, systems that improve situational awareness on the battlefield, and disruptive technologies to enable Intelligence, Surveillance, and Reconnaissance (ISR) in future environments. Continue to assess materials, concepts, and prototypes to increase operator effectiveness and situational awareness in all environments. Continue engineering analysis activities to improve SOF platform mission survivability. Activities include signature management (acoustic, infrared, radio frequency), situational awareness with full spectrum threat warning and countermeasures, and versatile mission equipment (payloads, communications, and weapons) to improve SOF survivability in less than permissive operating environments.</r2:Text>
                                </r2:PriorYear>
                            </r2:Accomplishment>
                            <r2:PlannedProgram>
                                <r2:CurrentYear>
                                    <r2:Funding>13.276</r2:Funding>
                                    <r2:Text>Continue to assess concepts and prototypes that provide increased capability of SOF mobility platforms to include improvements to meet emerging threats. Assesses and evaluates advanced methods to deliver scalable and precision effects.  Identifies, assesses, and evaluates improved network and data management systems multi-domain communications and computers that incorporate significant improvements to operate in contested environments, systems that improve situational awareness on the battlefield, and disruptive technologies to enable ISR in future environments. Continue to assess materials, concepts, and prototypes to increase operator effectiveness and situational awareness in all environments. Continue engineering analysis activities to improve SOF platform mission survivability. Activities include signature management (acoustic, infrared, radio frequency), situational awareness with full spectrum threat warning and countermeasures, and versatile mission equipment (payloads, communications, and weapons) to improve SOF survivability in less than permissive operating environments.</r2:Text>
                                </r2:CurrentYear>
                                <r2:BudgetYearOne>
                                    <r2:Funding>12.333</r2:Funding>
                                </r2:BudgetYearOne>
                                <r2:BudgetYearOneBase>
                                    <r2:Funding>12.333</r2:Funding>
                                    <r2:Text>Continues to assess concepts and prototypes that provide increased capability of SOF mobility platforms to include improvements to meet emerging threats. Assesses and evaluates advanced methods to deliver scalable and precision effects.  Identifies, assesses, and evaluates improved multi-domain communications and computers that incorporate significant improvements to operate in contested environments, systems that improve situational awareness on the battlefield, and disruptive technologies to enable ISR in future environments. Continues to assess materials, concepts, and prototypes to increase operator effectiveness and situational awareness in all environments. Continues engineering analysis activities to improve SOF platform mission survivability. Activities include enhanced data source correlation capability to improve SA and improve platform survivability, AI enabled ISR targeting and counterintelligence, track correlation software to reduce duplicate object tracks on a display, and versatile mission equipment (payloads, communications, and weapons) to improve SOF survivability in less than permissive operating environments.</r2:Text>
                                </r2:BudgetYearOneBase>
                                <r2:AppChangeSummary>Decrease of $0.943 million is due to emergent requirements.</r2:AppChangeSummary>
                            </r2:PlannedProgram>
                        </r2:AccomplishmentPlannedProgram>
                        <r2:AccomplishmentPlannedProgram>
                            <r2:Title>Experimentation Force</r2:Title>
                            <r2:Description>Funding supports the integration of technology with operational vignette-based experiments designed to stimulate innovative applications across all domains addressing Special Operations-peculiar (SO-p) modernization needs.</r2:Description>
                            <r2:Accomplishment>
                                <r2:PriorYear>
                                    <r2:Funding>3.830</r2:Funding>
                                    <r2:Text>Continue the development of innovative concepts, conducts experimentation to develop hyper-enabled teams capable of conducting globally integrated special operations across all domains.</r2:Text>
                                </r2:PriorYear>
                            </r2:Accomplishment>
                            <r2:PlannedProgram>
                                <r2:CurrentYear>
                                    <r2:Funding>4.000</r2:Funding>
                                    <r2:Text>Continue the development of innovative concepts, conducts experimentation to develop hyper-enabled teams capable of conducting globally integrated special operations across all domains and identifies opportunities to insert technology to mitigate SO-p operational capability gaps.</r2:Text>
                                </r2:CurrentYear>
                                <r2:BudgetYearOne>
                                    <r2:Funding>3.237</r2:Funding>
                                </r2:BudgetYearOne>
                                <r2:BudgetYearOneBase>
                                    <r2:Funding>3.237</r2:Funding>
                                    <r2:Text>Continues the development of innovative concepts, conducts experimentation to develop autonomous remotely controlled systems, solutions for contested communications and solutions for contested logistics.</r2:Text>
                                </r2:BudgetYearOneBase>
                                <r2:AppChangeSummary>Decrease of $0.763 million is due to emergent requirements.</r2:AppChangeSummary>
                            </r2:PlannedProgram>
                        </r2:AccomplishmentPlannedProgram>
                    </r2:AccomplishmentPlannedProgramList>
                    <r2:AcquisitionStrategy>N/A</r2:AcquisitionStrategy>
                </r2:R2aExhibit>
            </r2:Project>
        </r2:ProjectList>
    </r2:ProgramElement>
</r2:ProgramElementList>