<?xml version="1.0" encoding="UTF-8"?>
<r2:ProgramElementList xmlns:r2="http://www.dtic.mil/comptroller/xml/schema/022009/r2" targetSchemaVersion="1.0">
    <r2:ProgramElement monetaryUnit="Millions">
        <r2:ProgramElementNumber>0605803SE</r2:ProgramElementNumber>
        <r2:ProgramElementTitle>R&amp;D in Support of DOD Enlistment, Testing and Evaluation</r2:ProgramElementTitle>
        <r2:R1LineNumber>191</r2:R1LineNumber>
        <r2:BudgetYear>2026</r2:BudgetYear>
        <r2:BudgetCycle>PB</r2:BudgetCycle>
        <r2:SubmissionDate>2025-06</r2:SubmissionDate>
        <r2:ServiceAgencyName>DoD Human Resources Activity</r2:ServiceAgencyName>
        <r2:AppropriationCode>0400</r2:AppropriationCode>
        <r2:AppropriationName>Research, Development, Test &amp; Evaluation, Defense-Wide</r2:AppropriationName>
        <r2:BudgetActivityNumber>6</r2:BudgetActivityNumber>
        <r2:BudgetActivityTitle>RDT&amp;E Management Support</r2:BudgetActivityTitle>
        <r2:ProgramElementFunding>
            <r2:AllPriorYears>113.470</r2:AllPriorYears>
            <r2:PriorYear>31.037</r2:PriorYear>
            <r2:CurrentYear>26.935</r2:CurrentYear>
            <r2:BudgetYearOne>30.778</r2:BudgetYearOne>
            <r2:BudgetYearOneBase>30.778</r2:BudgetYearOneBase>
            <r2:CostToComplete>Continuing</r2:CostToComplete>
            <r2:TotalCost>Continuing</r2:TotalCost>
        </r2:ProgramElementFunding>
        <r2:ProgramElementMissionDescription>The Department of Defense Human Resources Activity (DHRA) is a DoD-wide Field Activity chartered to support the Under Secretary of Defense for Personnel and Readiness (USD (P&amp;R)). This PE includes application of R&amp;D to expedite prototype development and mission support efforts to sustain and/or modernize operations required for general RDT&amp;E.

Project 1: Identity Credential Management (ICM). DMDC executes DHRA’s responsibility to provide a central source of identification and authorization of people throughout their affiliation with DoD for identity protection, security, and entitlements and benefits verification. This funding supports evaluation and testing of emerging technologies that develop more robust and secure capabilities for the Department’s ICM program. ICM will also research capabilities such as improved self-service solutions, and reusable-services that will enable more efficient credential delivery.

Project 2: Office of People Analytics (OPA) Testing and Assessment Division administers testing programs, which enable the Armed Services to select highly qualified military recruits. The DoD uses a single test, the Armed Services Vocational Aptitude Battery (ASVAB), to determine eligibility of military applicants and students (high school and post-secondary) and to report recruit quality data to Congress. The ASVAB is administered annually to approximately 360,000 applicants for Military Service as part of the DoD Enlistment Testing program, and the ASVAB is administered to over 700,000 students in more than 13,000 high schools and post-secondary schools via the ASVAB career Exploration Program. Each Service also uses ASVAB test forms developed in this program as part of their in-service testing programs. This allows DoD to make measurement improvements as well as decreasing the likelihood of test compromise. Ongoing RDT&amp;E efforts include development and evaluation of procedures which (1) reduce or eliminate threats to the validity of the ASVAB test scores generated; (2) improve the efficiency of the test development, calibration, and validation process; and (3) improve selection and classification decisions made by each Service through more effective use of test score information.  In addition, periodic assessments are required to provide DoD manpower planners and Congress with information on aptitude trends in the population from which recruits are drawn. 

Project 05: The Federal Voting Assistance Program (FVAP) administers many of the federal responsibilities of the Uniformed and Overseas Citizens Absentee Voting Act (UOCAVA) of 1986 and other federal military voter registration and assistance laws. FVAP works to ensure Service members, their eligible family members and overseas citizens are aware of their right to vote and have the tools and resources to successfully do so from anywhere in the world. FVAP works to increase the level of awareness of available DoD voting assistance resources among Active Duty Members, in order to increase the likelihood of returning their absentee ballots. Utilizing a repository that maintains the record of 50 million military personnel, FVAP regularly reaches out directly to 1.3 million active duty service members, and attempts to assist the estimated 700,000 military spouses and dependents of voting age. FVAP also attempts to reach out to and assist the estimated 2.8 million overseas citizens of voting age. FVAP conducts voting research projects with States, local election jurisdictions and private entities to assist UOCAVA voters to register to vote and submit their absentee ballot and improve federal, State and local election processes and procedures.

Project 6: Enterprise Data Services (EDS) is a streamlined methodology for sharing data with external partners. It will allow a real-time or batch broker service to any major DMDC database, including the Person Data Repository (PDR), Uniformed Services Human Resource Information System (USHRIS), and eventually most other DMDC data holdings and some DoD data holdings outside of DMDC. Authorized customers will be able to receive automated, real-time updates directly from these databases. This project supports data Application Programming Interfaces (API) necessary to realize Zero Trust (ZT) requirements and supply identities and credential assurance levels that meet security requirements and digital identity guidelines set by National Institute of Standards and Technology (NIST). It also has the potential to improve customer service and transaction efficiency for data processing throughout the DMDC enterprise. DDS supports specific external customer use cases, improves DMDC internal data processes, supports Zero Trust for the Department, and aligns DMDC’s data access and sharing with the DoD Data Strategy objectives. 

Project 7: The Defense Enrollment Eligibility Reporting System (DEERS) is the DoD’s authoritative eligibility and enrollment repository for manpower, personnel identity, affiliation data on military, civilians, retirees, family members, and other populations. VLER programs provide support for evolving efforts to modernize medical records that can be used across the Federal enclave to support care in facilities managed by DoD, the Department of Veterans Affairs (VA), and other Federal partners. DEERS administers medical and other benefits seamlessly as individuals move through a “virtual lifetime” in the Uniformed Services and VA. VLER is designed to reduce the administrative burden on Service Members and Veterans when seeking benefits from DoD, the VA and other Federal partners. SOES is the automated solution that allows Service members to submit updates and request changes to their SGLI and Family SGLI (FSGLI) online. SOES centralizes SGLI/FSGLI data into one authoritative system capable of providing consistent SGLI/FSGLI information to Service members and their leadership.  A technology refresh of the VLER and SOES programs is required to respond rapidly to congressional changes in policy. Current technology limitations impede delivery of benefits to Service members, and veterans and their families.

Project 08: Defense Travel System (DTS), within Personnel Support Programs (PSP), is the department’s authoritative travel system. The National Defense Authorization Act (NDAA) for FY 2024 Sec 1551 required an in-depth analysis on the future of DoD Travel. The result of the capability assessment was a DoD CIO certified plan to reinvest in DTS to deliver an efficient, audit-clean travel program that processes an estimated 1.8 million vouchers annually and serve approximately 2.9 million travelers across the department. The reinvestment in DTS aligns with overall DoD efforts to have audit ready financial management systems by FY 2028.

Project 09: Advanced Distributed Learning (ADL) initiative is helping DoD evolve its digital learning systems, including web-based, mobile, instructor-led, on the job, and virtual classroom training across DoD-wide enterprise systems for training and education. These improvements benefit DoD in several ways: (1) EFFICIENCY: Increase business systems’ efficiency, saving time and resources, by eliminating duplications and developing shared services for digital learning technology and data. (2) EFFECTIVENESS: Improve the quality and efficiency of training/education delivery by developing and fielding modern technologies, integrated data systems, associated learning science, ultimately impacting personnel readiness; and (3) INTEROPERABILITY: Strengthen interagency interoperability by developing shared digital learning capabilities and policy and through leadership in DoD and Federal communities of practice.

This program was originally established in response to Section 378 of Public Law 105-261, the NDAA for FY 1999. The ADL program directly supports all DoD Components, and as a leader in the field of digital learning technologies, also coordinates with other federal agencies, and partners. 

The program’s work falls into two categories: (A) Modernization and (B) Governance. The Modernization work involves advanced technology development in technical areas related to digital learning. These efforts inform the program’s Governance work, including transition and adoption of Enterprise Digital Learning Modernization (EDLM) technologies and the authoring and upkeep of technical guidance and policy documents, such as DoD Instruction 1322.26 governing Distributed Learning, and Total Learning Architecture (TLA) standards including but not limited to the experience API (IEEE 9274.1.1), cmi5 (IEEE 9274.3.1), Shareable Competency Definitions (IEEE 1484.20.3), Learning Metadata Terms (IEEE 2881), and Enterprise Learner Records (IEEE 2997) .

This program’s modernization investments are vetted through the Defense ADL Advisory Committee (DADLAC), a working group of military personnel and DoD/Federal civilians who formally represent their organizations’ digital learning interests. They are also considered against emerging industry trends and technologies.</r2:ProgramElementMissionDescription>
        <r2:ChangeSummary>
            <r2:PreviousPresidentBudget>
                <r2:PriorYear>26.037</r2:PriorYear>
                <r2:CurrentYear>26.935</r2:CurrentYear>
                <r2:BudgetYearOne>30.778</r2:BudgetYearOne>
                <r2:BudgetYearOneBase>30.778</r2:BudgetYearOneBase>
            </r2:PreviousPresidentBudget>
            <r2:CurrentPresidentBudget>
                <r2:PriorYear>31.037</r2:PriorYear>
                <r2:CurrentYear>26.935</r2:CurrentYear>
                <r2:BudgetYearOne>30.778</r2:BudgetYearOne>
                <r2:BudgetYearOneBase>30.778</r2:BudgetYearOneBase>
            </r2:CurrentPresidentBudget>
            <r2:TotalAdjustments>
                <r2:PriorYear>5.000</r2:PriorYear>
                <r2:CurrentYear>0.000</r2:CurrentYear>
                <r2:BudgetYearOne>0.000</r2:BudgetYearOne>
                <r2:BudgetYearOneBase>0.000</r2:BudgetYearOneBase>
            </r2:TotalAdjustments>
            <r2:AdjustmentDetails>
                <r2:CongressionalAdds>
                    <r2:PriorYear>5.000</r2:PriorYear>
                </r2:CongressionalAdds>
            </r2:AdjustmentDetails>
            <r2:SummaryExplanation>The increase from FY 2025 to FY 2026 reflects growth in the myAuth pilot to meet self-service authentication requirements at enhanced availability rate.  Additionally, growth is found in the DEERS technology refresh of the VLER and SOES program to modernize VLER and SOES applications, reducing the technical footprint and to comply with security and modern programming standards.</r2:SummaryExplanation>
        </r2:ChangeSummary>
        <r2:ProjectList>
            <r2:Project>
                <r2:ProjectNumber>1</r2:ProjectNumber>
                <r2:ProjectTitle>Identity Credential Management (ICM)</r2:ProjectTitle>
                <r2:SpecialProject>0</r2:SpecialProject>
                <r2:ProjectFunding>
                    <r2:AllPriorYears>11.120</r2:AllPriorYears>
                    <r2:PriorYear>6.447</r2:PriorYear>
                    <r2:CurrentYear>7.755</r2:CurrentYear>
                    <r2:BudgetYearOne>9.225</r2:BudgetYearOne>
                    <r2:BudgetYearOneBase>9.225</r2:BudgetYearOneBase>
                    <r2:CostToComplete>Continuing</r2:CostToComplete>
                    <r2:TotalCost>Continuing</r2:TotalCost>
                </r2:ProjectFunding>
                <r2:R2aExhibit>
                    <r2:ProjectMissionDescription>DMDC executes DHRA’s responsibility to provide a central source of identification and authorization of people throughout their affiliation with DoD for identity protection, security, and entitlements and benefits verification. This funding will support the evaluation and testing emerging technologies that will develop more robust and secure capabilities for the Department’s ICM program. The ICM program supports research, development, test, and evaluation efforts to deploy new identity and credential management technologies, including modernization of RAPIDS Suite and DoD Self-Service Logon (DS Logon) products, and to meet business system compliance standards, including cybersecurity. ICM will continue with the development of its modernized identity and credentialing capability, reaching initial operational capability (IOC) during this fiscal year. ICM will begin development on a pilot with a commercial authorization capability provider to meet key business functions of the DS Logon product. This pilot, called ‘myAuth’ is intended to provide a higher rate of availability.</r2:ProjectMissionDescription>
                    <r2:AccomplishmentPlannedProgramList>
                        <r2:AccomplishmentPlannedProgram>
                            <r2:Title>Identity Credential Management (ICM)</r2:Title>
                            <r2:Description>This funding will support the evaluation and testing of emerging technologies that will develop more robust and secure capabilities for the Department’s ICM program. ICM will also research capabilities such as improved self-service solutions, and reusable services that will enable more efficient credential issuance, management, and delivery.</r2:Description>
                            <r2:Accomplishment>
                                <r2:PriorYear>
                                    <r2:Funding>6.447</r2:Funding>
                                    <r2:Text>Defense Manpower Data Center will begin execution of the recommendations from the business analysis completed in FY23.  The funds will provide contract services to develop, integrate and implement enhanced Identity and Credential Management modernized services. These micro-services will include reusable application programming interfaces (APIs), identity creation with enhanced data quality assurance, and expanded data attribute services to enable affiliation management in support of zero trust implementation.</r2:Text>
                                </r2:PriorYear>
                            </r2:Accomplishment>
                            <r2:PlannedProgram>
                                <r2:CurrentYear>
                                    <r2:Funding>7.755</r2:Funding>
                                    <r2:Text>In FY 2025 the Defense Manpower Data Center (DMDC) will reach initial operational capability with its modernized identity and credentialing capability. The funding will be used to support that capability’s development, testing, pilot trials, and infrastructure. DMDC will also begin the ‘myAuth’ pilot of a commercial authorization capability to meet key functionality requirements of the DS Logon product to improve user experience and achieve a higher rate of availability.</r2:Text>
                                </r2:CurrentYear>
                                <r2:BudgetYearOne>
                                    <r2:Funding>9.225</r2:Funding>
                                </r2:BudgetYearOne>
                                <r2:BudgetYearOneBase>
                                    <r2:Funding>9.225</r2:Funding>
                                    <r2:Text>In FY 2026 the Defense Manpower Data Center (DMDC) will continue development and evaluation of the ‘myAuth’ pilot of a commercial identity as a service capability to meet key functionality requirements of the DS Logon product to improve user experience and achieve a higher rate of availability.  The modernized credentialing capability, My DoD Identity Service (MYDIS), will undergo beta testing and production deployments to more locations, and performing system enhancements.</r2:Text>
                                </r2:BudgetYearOneBase>
                                <r2:AppChangeSummary>The increase from FY 2025 to FY 2026 reflects the myAuth pilot to meet self-service authentication requirements at enhanced availability rate. The myAuth pilot development and evaluation is expected to continue into FY 2026 across substantially more users which drives up the licensing costs.</r2:AppChangeSummary>
                            </r2:PlannedProgram>
                        </r2:AccomplishmentPlannedProgram>
                    </r2:AccomplishmentPlannedProgramList>
                    <r2:OtherProgramFundingSummaryRemarks>N/A</r2:OtherProgramFundingSummaryRemarks>
                    <r2:AcquisitionStrategy>N/A</r2:AcquisitionStrategy>
                </r2:R2aExhibit>
            </r2:Project>
            <r2:Project>
                <r2:ProjectNumber>2</r2:ProjectNumber>
                <r2:ProjectTitle>Office of People Analytics (OPA), Testing and Assessment</r2:ProjectTitle>
                <r2:SpecialProject>0</r2:SpecialProject>
                <r2:ProjectFunding>
                    <r2:AllPriorYears>25.289</r2:AllPriorYears>
                    <r2:PriorYear>9.420</r2:PriorYear>
                    <r2:CurrentYear>6.258</r2:CurrentYear>
                    <r2:BudgetYearOne>6.440</r2:BudgetYearOne>
                    <r2:BudgetYearOneBase>6.440</r2:BudgetYearOneBase>
                    <r2:CostToComplete>Continuing</r2:CostToComplete>
                    <r2:TotalCost>Continuing</r2:TotalCost>
                </r2:ProjectFunding>
                <r2:R2aExhibit>
                    <r2:ProjectMissionDescription>The primary mission of Office of People Analytics (OPA) Testing and Assessment Division is to test and implement more accurate methods of assessing aptitudes required for military enlistment, success in training, and performance on the job. Also, it includes implementing methods that are useful in the identification of persons with the high aptitudes required by today’s smaller and more technically demanding military, and the identification of persons compatible with military core values, to include administering testing programs, which enable the Armed Services to select highly qualified military recruits. The DoD aims to deliver a single noncognitive assessment to complement the existing Armed Services Vocational Aptitude Battery (ASVAB), toward a more holistic assessment of recruits. The Joint-Service Tailored Adaptive Personality Assessment System (JS-TAPAS) has been developed and will be administered to approximately 360,000 applicants for Military Service as part of the DoD Enlistment Testing program. Similar noncognitive assessments are under review to support officer candidate assessment across 5 Services.</r2:ProjectMissionDescription>
                    <r2:AccomplishmentPlannedProgramList>
                        <r2:AccomplishmentPlannedProgram>
                            <r2:Title>Office of People Analytics (OPA), Testing and Assessment</r2:Title>
                            <r2:Description>OPA’s Testing and Assessment division conducts research and development in support of operational testing programs. This funding will enable continued robust assessment that reflects best practices and incorporates psychometric and technological advances in the field. This includes the Armed Services Vocational Aptitude Battery (ASVAB) which is administered annually to approximately 360,000 applicants for Military Service as part of the DoD Enlistment Testing program, and the ASVAB is administered to over 700,000 students in more than 13,000 high schools and post-secondary schools via the ASVAB career Exploration Program.</r2:Description>
                            <r2:Accomplishment>
                                <r2:PriorYear>
                                    <r2:Funding>9.420</r2:Funding>
                                    <r2:Text>These funds will be used to continue the following efforts: to (1) develop and carry out a high school curriculum study to determine how ASVAB subtests align with what is taught in high schools, explore how ASVAB content is taught, and map ASVAB content to other relevant tests, (2) conduct an ASVAB re-norming needs assessment that identifies, evaluates, and compares possible avenues to re-norming the ASVAB, outlines necessary steps for a re-norming, and includes research designs for studies required before proceeding with a re-norming of the ASVAB, (3) develop additional research designs and a post-test questionnaire to support the operational transition for ASVAB device expansion, (4) develop and carry out joint-service Tailored Adaptive Personality Assessment System (TAPAS) research studies in order to identify the best model for pursuing a joint-service TAPAS, (5) explore the efficacy of using Bayesian-based item calibration methods to streamline ASVAB form development by reducing calibration sample size requirements, and (6)conduct a construct analysis for computational thinking and analyzing the feasibility of combining Complex Reasoning, Cyber Test, and/or ASVAB scores to produce a computational thinking composite.</r2:Text>
                                </r2:PriorYear>
                            </r2:Accomplishment>
                            <r2:PlannedProgram>
                                <r2:CurrentYear>
                                    <r2:Funding>6.258</r2:Funding>
                                    <r2:Text>These funds will be used to continue the following efforts: to (1) consolidate, evaluate, and synthesize information about the ASVAB and special purpose tests administered on the ASVAB platform, develop an integrated vision for the next generation of ASVAB, and outline a roadmap for realizing that vision, (2) conduct analyses examining the differential prediction of training success based on ASVAB and related special tests, focusing on ASVAB subtests and classification composites, (3) develop Complex Reasoning test forms to support the development and implementation of a Computational Thinking score composite, and (4) explore alternate approaches to conducting differential item functioning and adverse impact analyses and develop a tool to support automation of adverse impact analyses and reporting.</r2:Text>
                                </r2:CurrentYear>
                                <r2:BudgetYearOne>
                                    <r2:Funding>6.440</r2:Funding>
                                </r2:BudgetYearOne>
                                <r2:BudgetYearOneBase>
                                    <r2:Funding>6.440</r2:Funding>
                                    <r2:Text>These funds will be used to continue the following efforts: (1) review artificial intelligence, generative artificial intelligence, and technology capabilities for testing; (2) conduct research and development for the complex Reasoning and Computational Thinking tests (including designing a piloting method, developing new items, piloting new items, assembling item pools, identifying refinements for blueprints, item generation, and form assembly procedures, and designing studies to evaluate Complex Reasoning and Computational Thinking scores); (3) research ASVAB form development procedures (including evaluating item inventory analysis procedures and the accuracy of differential item functioning approaches); and (4) develop an updated validity argument for the ASVAB.</r2:Text>
                                </r2:BudgetYearOneBase>
                                <r2:AppChangeSummary>The program growth is due to increased research and development initiatives.</r2:AppChangeSummary>
                            </r2:PlannedProgram>
                        </r2:AccomplishmentPlannedProgram>
                    </r2:AccomplishmentPlannedProgramList>
                </r2:R2aExhibit>
            </r2:Project>
            <r2:Project>
                <r2:ProjectNumber>05</r2:ProjectNumber>
                <r2:ProjectTitle>Federal Voting Assistance Program (FVAP)</r2:ProjectTitle>
                <r2:SpecialProject>0</r2:SpecialProject>
                <r2:ProjectFunding>
                    <r2:AllPriorYears>13.763</r2:AllPriorYears>
                    <r2:PriorYear>5.840</r2:PriorYear>
                    <r2:CurrentYear>0.859</r2:CurrentYear>
                    <r2:BudgetYearOne>0.873</r2:BudgetYearOne>
                    <r2:BudgetYearOneBase>0.873</r2:BudgetYearOneBase>
                    <r2:CostToComplete>Continuing</r2:CostToComplete>
                    <r2:TotalCost>Continuing</r2:TotalCost>
                </r2:ProjectFunding>
                <r2:R2aExhibit>
                    <r2:ProjectMissionDescription>FVAP administers many of the federal responsibilities of the Uniformed and Overseas Citizens Absentee Voting Act (UOCAVA) of 1986 and other federal military voter registration and assistance laws. FVAP works to ensure Service members, their eligible family members and overseas citizens are aware of their right to vote and have the tools and resources to successfully do so – from anywhere in the world. FVAP works to increase the likelihood of interested Active Duty Members to use available FVAP resources to increase their level of awareness of available DoD voting assistance resources, which will increase the likelihood of returning their absentee ballot. FVAP conducts voting research projects with states, local election jurisdictions and private entities to assist UOCAVA voters to register to vote and submit their absentee ballot and improve federal, State and local election processes and procedures. FVAP regularly reaches out directly to 1.3 million active duty service members, and attempts to assist the estimated 700, 000 military spouses and dependents of voting age. FVAP also attempts to reach out to and assist the estimated 2.8 million overseas citizens of voting age.</r2:ProjectMissionDescription>
                    <r2:AccomplishmentPlannedProgramList>
                        <r2:AccomplishmentPlannedProgram>
                            <r2:Title>Federal Voting Assistance Program</r2:Title>
                            <r2:Description>Federal Voting Assistance Program (FVAP) requires a research and analysis policy clearinghouse program that continues to research and present the value of key policy and technology topics that connects to the successful return of absentee balloting materials from military and overseas citizen voters pursuant to the Uniformed and Overseas Citizens Absentee Voting Act (UOCAVA).  FVAP regularly reaches out directly to 1.3M active duty service members, and attempts to assist the estimated 
700,000 military spouses and dependents of voting age. FVAP also attempts to reach out to and assist the estimated 2.8 million overseas citizens of voting age.</r2:Description>
                            <r2:Accomplishment>
                                <r2:PriorYear>
                                    <r2:Funding>5.840</r2:Funding>
                                    <r2:Text>The Federal Voting Assistance Program (FVAP) will continue to utilize RDT&amp;E funding to research and present the value of key policy and technology topics that connects to the successful return of absentee balloting materials from military and overseas citizen voters pursuant to the Uniformed and Overseas Citizens Absentee Voting Act (UOCAVA).</r2:Text>
                                </r2:PriorYear>
                            </r2:Accomplishment>
                            <r2:PlannedProgram>
                                <r2:CurrentYear>
                                    <r2:Funding>0.859</r2:Funding>
                                    <r2:Text>The Federal Voting Assistance Program (FVAP) will continue to utilize RDT&amp;E funding to research and present the value of key policy and technology topics that connects to the successful return of absentee balloting materials from military and overseas citizen voters pursuant to the Uniformed and Overseas Citizens Absentee Voting Act (UOCAVA).</r2:Text>
                                </r2:CurrentYear>
                                <r2:BudgetYearOne>
                                    <r2:Funding>0.873</r2:Funding>
                                </r2:BudgetYearOne>
                                <r2:BudgetYearOneBase>
                                    <r2:Funding>0.873</r2:Funding>
                                    <r2:Text>The Federal Voting Assistance Program (FVAP) will continue to utilize RDT&amp;E funding to research and present the value of key policy and technology topics that connects to the successful return of absentee balloting materials from military and overseas citizen voters pursuant to the Uniformed and Overseas Citizens Absentee Voting Act (UOCAVA).</r2:Text>
                                </r2:BudgetYearOneBase>
                                <r2:AppChangeSummary>The increase from FY 2025 to FY 2026 is the result of economic assumptions.</r2:AppChangeSummary>
                            </r2:PlannedProgram>
                        </r2:AccomplishmentPlannedProgram>
                    </r2:AccomplishmentPlannedProgramList>
                    <r2:AcquisitionStrategy>N/A</r2:AcquisitionStrategy>
                </r2:R2aExhibit>
            </r2:Project>
            <r2:Project>
                <r2:ProjectNumber>6</r2:ProjectNumber>
                <r2:ProjectTitle>Enterprise Data Services (EDS)</r2:ProjectTitle>
                <r2:SpecialProject>0</r2:SpecialProject>
                <r2:ProjectFunding>
                    <r2:AllPriorYears>56.221</r2:AllPriorYears>
                    <r2:PriorYear>3.676</r2:PriorYear>
                    <r2:CurrentYear>6.145</r2:CurrentYear>
                    <r2:BudgetYearOne>5.850</r2:BudgetYearOne>
                    <r2:BudgetYearOneBase>5.850</r2:BudgetYearOneBase>
                    <r2:CostToComplete>Continuing</r2:CostToComplete>
                    <r2:TotalCost>Continuing</r2:TotalCost>
                </r2:ProjectFunding>
                <r2:R2aExhibit>
                    <r2:ProjectMissionDescription>This program is focused on Data as a Strategic Asset, recognizing its value for reporting, analytics, insights, decision-making, and Zero Trust. Having quality data that is accessible, trustworthy, and interoperable helps improve operations, promotes innovation, reduces risk, and improves stakeholder relationships. Efforts in this area support: the National Defense Strategy goal of Dynamic Force This program is focused on Data as a Strategic Asset, recognizing its value for reporting, analytics, insights, decision-making, and Zero Trust. Having quality data that is accessible, trustworthy, and interoperable helps improve operations, promotes innovation, reduces risk, and improves stakeholder relationships. Efforts in this area support: the National Defense Strategy goal of Dynamic Force Deployment; the National Defense Business Operation Plan goal for reforming business practices for greater performance and affordability; the DoD Data Strategy for Visible, Accessible, Understandable, Linked, Trustworthy, Interoperable, and Secure data; the Personnel and Readiness (P&amp;R) Strategy for achieving data-dominance; the Joint DoD VA Data Strategy; and the DoD Zero Trust Strategy. Supports research and development projects to provide “data as a service” and “analytics as a service” and improve data access through Data Delivery Services (DDS) Application Programming Interface (API).</r2:ProjectMissionDescription>
                    <r2:AccomplishmentPlannedProgramList>
                        <r2:AccomplishmentPlannedProgram>
                            <r2:Title>Enterprise Data Services (EDS)</r2:Title>
                            <r2:Description>Enterprise Data Management (EDS) Data Delivery Services (DDS) provides an automated means to share data externally to authorized users from any major Defense Manpower Data Center (DMDC) data holding.  DDS provides real-time, streamlined, and automated read access to all DMDC databases for authorized customers through the DoD and Federal Government. Legacy data exchanges relied on multiple systems or other system access interface exchanges to obtain DMDC data. DDS enables data sharing from multiple DMDC data holdings via a single connection interface and data Application Programming Interface (API). DHRA has completed the initial version of DDS in FY 2024, including real-time broker service to the Person Data Repository (PDR). In FY 2025, DDS will begin Foundational Enhancements to enable Zero Trust (ZT), developing API’s which will supply identities and credential assurance levels that meet security requirements and digital identity guidelines set by the National Institute of Standards and Technology (NIST).  In FY 2025, DDS will also expand to provide customer access to data on multiple DMDC and non-DMDC DoD data holdings.</r2:Description>
                            <r2:Accomplishment>
                                <r2:PriorYear>
                                    <r2:Funding>3.676</r2:Funding>
                                    <r2:Text>Data Delivery Services will deliver initial prototype, define use cases, and begin testing functionality with customers. DSAID will modernize its Case Synopsis Module which tracks Subject case outcomes required to meet section 563 FY09 NDAA, and an interface between DSAID and ADVANA (Advanced Analytics).</r2:Text>
                                </r2:PriorYear>
                            </r2:Accomplishment>
                            <r2:PlannedProgram>
                                <r2:CurrentYear>
                                    <r2:Funding>6.145</r2:Funding>
                                    <r2:Text>Data Delivery Services will begin deploying to customers as part of a pilot.  Additionally, the DDS will be expanded to provide access to more DMDC data holdings to support ZT data API’s and customer use cases.</r2:Text>
                                </r2:CurrentYear>
                                <r2:BudgetYearOne>
                                    <r2:Funding>5.850</r2:Funding>
                                </r2:BudgetYearOne>
                                <r2:BudgetYearOneBase>
                                    <r2:Funding>5.850</r2:Funding>
                                    <r2:Text>Data Delivery Services will connect to additional databases, making more data available for the customer.  DDS will also onboard more customers and consumers of this data.  FY 2026 work will include rationalization with similar DMDC systems, allowing for decommissioning of legacy systems in which DDS has taken over the functionality.</r2:Text>
                                </r2:BudgetYearOneBase>
                                <r2:AppChangeSummary>The decrease from FY 2025 to FY 2026 reflects a transition away from building the primary functionality of DDS and a move toward incrementally introducing new capabilities.</r2:AppChangeSummary>
                            </r2:PlannedProgram>
                        </r2:AccomplishmentPlannedProgram>
                    </r2:AccomplishmentPlannedProgramList>
                    <r2:AcquisitionStrategy>N/A</r2:AcquisitionStrategy>
                </r2:R2aExhibit>
            </r2:Project>
            <r2:Project>
                <r2:ProjectNumber>08</r2:ProjectNumber>
                <r2:ProjectTitle>Personnel Support Programs (PSP)</r2:ProjectTitle>
                <r2:SpecialProject>0</r2:SpecialProject>
                <r2:ProjectFunding>
                    <r2:AllPriorYears>1.450</r2:AllPriorYears>
                    <r2:PriorYear>0.000</r2:PriorYear>
                    <r2:CurrentYear>0.000</r2:CurrentYear>
                    <r2:BudgetYearOne>0.299</r2:BudgetYearOne>
                    <r2:BudgetYearOneBase>0.299</r2:BudgetYearOneBase>
                    <r2:CostToComplete>Continuing</r2:CostToComplete>
                    <r2:TotalCost>Continuing</r2:TotalCost>
                </r2:ProjectFunding>
                <r2:R2aExhibit>
                    <r2:ProjectMissionDescription>Personnel Support Programs (PSP) is comprised of the various programs that support personnel throughout the department, including personnel accountability and travel mission space. The Defense Travel System (DTS) provides an automated, end-to-end travel management system that enables DoD travelers to create authorizations and travel orders, prepare reservations, receive approvals, generate travel vouchers, and receive reimbursement. This initiative supports the development and deployment of modernized travel management services.</r2:ProjectMissionDescription>
                    <r2:AccomplishmentPlannedProgramList>
                        <r2:AccomplishmentPlannedProgram>
                            <r2:Title>Personnel Support Programs (PSP)</r2:Title>
                            <r2:Description>The NDAA for FY 2024 Section 1551 required DMDC to assess the future of DoD Travel and conduct a Business Capability Assessment to determine departmental needs for an efficient travel program. This resulted in a DoD CIO approved submission to Congress detailing DoD’s intent to reinvest and modernize DTS. DTS requires innovative transformation not only to improve the user experience, but also to decrease the possibility of erroneous payments, and secure data.</r2:Description>
                            <r2:Accomplishment>
                                <r2:PriorYear>
                                    <r2:Funding>0.000</r2:Funding>
                                    <r2:Text>This work has been strategically paused. Analysis of the requirements and re-architecture should allow the organization to look for commercial managed services to manage these capabilities.</r2:Text>
                                </r2:PriorYear>
                            </r2:Accomplishment>
                            <r2:PlannedProgram>
                                <r2:CurrentYear>
                                    <r2:Funding>0.000</r2:Funding>
                                    <r2:Text>There was no FY 2025 plan to reinvest in DTS. This is a new initiative targeted to begin in FY 2026.</r2:Text>
                                </r2:CurrentYear>
                                <r2:BudgetYearOne>
                                    <r2:Funding>0.299</r2:Funding>
                                </r2:BudgetYearOne>
                                <r2:BudgetYearOneBase>
                                    <r2:Funding>0.299</r2:Funding>
                                    <r2:Text>In an effort to begin addressing capability gaps identified in the NDAA for FY 2024 Sec 1551 submission, DMDC identified a limited pilot to begin addressing capability gaps for the department. This will allow DMDC to begin modernization research and development in 
FY 2026 rather than FY 2027. DMDC will conduct usability assessments of the current travel system, with a focus on improving when nonconformant Joint Travel Regulation (JTR) travel is approved and reimbursed, thus reducing improper payments of travel reimbursement.</r2:Text>
                                </r2:BudgetYearOneBase>
                                <r2:AppChangeSummary>There was no FY 2025 plan to reinvest in DTS. This is a new initiative targeted to begin in FY 2026.</r2:AppChangeSummary>
                            </r2:PlannedProgram>
                        </r2:AccomplishmentPlannedProgram>
                    </r2:AccomplishmentPlannedProgramList>
                </r2:R2aExhibit>
            </r2:Project>
            <r2:Project>
                <r2:ProjectNumber>09</r2:ProjectNumber>
                <r2:ProjectTitle>Advanced Distributed Learning (ADL)</r2:ProjectTitle>
                <r2:SpecialProject>0</r2:SpecialProject>
                <r2:ProjectFunding>
                    <r2:AllPriorYears>5.627</r2:AllPriorYears>
                    <r2:PriorYear>5.654</r2:PriorYear>
                    <r2:CurrentYear>5.918</r2:CurrentYear>
                    <r2:BudgetYearOne>0.000</r2:BudgetYearOne>
                    <r2:BudgetYearOneBase>0.000</r2:BudgetYearOneBase>
                    <r2:CostToComplete>Continuing</r2:CostToComplete>
                    <r2:TotalCost>Continuing</r2:TotalCost>
                </r2:ProjectFunding>
                <r2:R2aExhibit>
                    <r2:ProjectMissionDescription>The Advanced Distributed Learning (ADL) initiative is helping DoD evolve its digital learning systems, including web-based, mobile, instructor-led, on the job, and virtual classroom training across DoD-wide enterprise systems for training and education. These improvements benefit DoD in several ways: (1) EFFICIENCY: Increase business systems’ efficiency, saving time and resources, by eliminating duplications and developing shared services for digital learning technology and data; (2) EFFECTIVENESS: Improve the quality and efficiency of training/education delivery by developing and fielding modern technologies, integrated data systems, and associated learning science, directly impacting personnel readiness; and(3) INTEROPERABILITY: Strengthen interagency interoperability by developing shared digital learning capabilities and policy and through leadership in DoD and Federal communities of practice. The ADL initiative directly supports all DoD Components, and as a leader in the field of digital learning technologies, also coordinates with other federal agencies and partners.</r2:ProjectMissionDescription>
                    <r2:AccomplishmentPlannedProgramList>
                        <r2:AccomplishmentPlannedProgram>
                            <r2:Title>Advanced Distributed Learning (ADL)</r2:Title>
                            <r2:Description>Advanced Distributed Learning (ADL) program serves as the innovation hub for digital learning across DoD and other government agencies. The ADL program supports DoD-wide initiatives for innovation, modernization, and advancement of digital learning capabilities as well as associated enterprise digital learning modernization (EDLM) tools and systems. Activities include advanced technology design and development, demonstrations, assessments, and associated policy stewardship. Results improve efficiencies and reduce costs by helping eliminate system redundancies, integrating learner data from different sources, increasing interoperability, and prototyping tools for digital learning to improve enterprise-level performance, data availability, and learning outcomes.</r2:Description>
                            <r2:Accomplishment>
                                <r2:PriorYear>
                                    <r2:Funding>5.654</r2:Funding>
                                    <r2:Text>1. Enterprise Course Catalog – Coordinate with key stakeholders to prioritize and develop requirements to facilitate adoption across DoD.  Development will focus on hardening core functionalities. FY 2024 ECC efforts will identify DoD wide learning activity metadata recommendations for new acquisitions. The ECC will grow the capability for automated tools to scrape metadata from existing courseware, and will operationally test this capability for a high priority learning and training need (e.g. Cyber, Artificial Intelligence) for a library of cross DoD courseware for the selected training area. Coordinate with the DoD CDO Council, Enterprise Digital Learning Modernization executive steering committee, and DoD organizations for additional requirements, testing, governance development, and transition of this capability.

2. Enterprise Learner Record Repository – Leverage FY 2023 JST/ELRR report to prioritize requirements for development.  Continue to develop the integrated Joint Services Transcript (JST)/ ELRR/ ECC capability to facilitate a user-friendly tool for learners to identify interconnected pathways for upskilling and growth pipelines.

3. Learning Services Ecosystem – Conduct operational testing for tools, scripts, and technologies for connecting Total Learning Architecture (TLA) data resources. Conduct testing on the automation toolkit to promote the integration of legacy digital learning systems, so they can leverage TLA data resources. Prioritize tech insertions and updates based on requirements or guidance from DoD Components and the EDLM executive steering committee.

4. Update Distributed Learning Policy -- Continue to coordinate with the Defense ADL Advisory Committee to incorporate new requirements into existing Defense policy, as required. Work also continues with the IEEE (Institute of Electrical and Electronics Engineers voluntary consensus standards organization) on developing, implementing, and governing learning technology standards. 

5. Coordination -- Continue to coordinate with DoD groups (e.g., Defense ADL Advisory Committee, CDO Council, Joint Enterprise Standards Committee) and professional technical organizations to enact and govern software/data standards and digital learning science.</r2:Text>
                                </r2:PriorYear>
                            </r2:Accomplishment>
                            <r2:PlannedProgram>
                                <r2:CurrentYear>
                                    <r2:Funding>5.918</r2:Funding>
                                    <r2:Text>In Fiscal Year 2025, the Advanced Distributed Learning (ADL) Initiative is delivering the DoD Learning Enclave (DLE) at Initial Operational Capability. The DLE provides secure IL2 and IL4 environments, supporting a modernized Learning Management System that includes:

The Enterprise Learning Management System (Moodle)
The Enterprise Course Catalog (ECC)
The Enterprise Competency and Credential Registry (ECCR)
The Enterprise Learner Record Repository (ELRR)
The Linked Data &amp; Schema Service (LDSS) – automated ETL of learner data
A Generalizable EDLM Portal (that aggregates all the data for each DLE customer / user)

These components enhance data interoperability, visibility, accessibility, and alignment with enterprise-wide education and training modernization goals and are linked to readiness and manpower requirements. The DLE translates incoming learning data into IEEE standards specified by DoDI 1322.26 and the DoD IT Standards Repository (DISR). This ensures real-time interoperability and seamless data sharing across Services and DoD components.  The DLE provides tools for data enrichment, linking mission and manpower requirements to skill sets to personnel.  The DLE also provides tools for data governance to maintain concurrence across authoritative global and local data sets. 
 
In FY25, 22 DLE components are being deployed to support different DoD customers across the Navy, Air Force, and the Defense-Wide agencies and activities.</r2:Text>
                                </r2:CurrentYear>
                                <r2:BudgetYearOne>
                                    <r2:Funding>0.000</r2:Funding>
                                </r2:BudgetYearOne>
                                <r2:BudgetYearOneBase>
                                    <r2:Funding>0.000</r2:Funding>
                                    <r2:Text>Funding was reduced to support higher administration priorities.</r2:Text>
                                </r2:BudgetYearOneBase>
                                <r2:AppChangeSummary>Funding was reduced in order to support higher Defense priorities.</r2:AppChangeSummary>
                            </r2:PlannedProgram>
                        </r2:AccomplishmentPlannedProgram>
                    </r2:AccomplishmentPlannedProgramList>
                </r2:R2aExhibit>
            </r2:Project>
            <r2:Project>
                <r2:ProjectNumber>07</r2:ProjectNumber>
                <r2:ProjectTitle>Defense Enrollment Eligibility Reporting System (DEERS)</r2:ProjectTitle>
                <r2:SpecialProject>0</r2:SpecialProject>
                <r2:ProjectFunding>
                    <r2:AllPriorYears>0.000</r2:AllPriorYears>
                    <r2:PriorYear>0.000</r2:PriorYear>
                    <r2:CurrentYear>0.000</r2:CurrentYear>
                    <r2:BudgetYearOne>8.091</r2:BudgetYearOne>
                    <r2:BudgetYearOneBase>8.091</r2:BudgetYearOneBase>
                    <r2:CostToComplete>Continuing</r2:CostToComplete>
                    <r2:TotalCost>Continuing</r2:TotalCost>
                </r2:ProjectFunding>
                <r2:R2aExhibit>
                    <r2:ProjectMissionDescription>The DEERS is the DoD’s authoritative eligibility and enrollment repository for manpower, personnel identity, and affiliation data on military, civilians, retirees, family members, and other populations. DEERS includes identity and personnel data for roughly 60 million persons, including current, retired, and former members of the Uniformed services and their family members. In addition, DEERS maintains records for Veterans and their caregivers.  DEERS interfaces with other federal agency systems to share service members’ Virtual Lifetime Electronic Record (VLER) for veterans’ benefits determination.  The VLER and SOES applications have not been modernized since their inception.  The applications still rely on manual data-sharing processes that result in incomplete and untimely data that does not meet current cybersecurity standards. Current solutions use outdated technologies that prevent agile change, the ability to accommodate timely policy changes, or to meet modern compliance or availability standards. Specific elements will position DoD data to more flexibly support evolving DoD benefits; improve support of PACT Act data needs; update sharing of DD214 data, as well as contact information gathered in the Transitional Assistance Program (TAP), as required under the NDAA for FY 2020 and DoDI 1336.01; refine data sharing with the Department of Labor to better support unemployment compensation for those separating from service; and refresh technology for VLER and SOES applications to reduce technical footprint and comply with security and modern programming standards. The scope of VLER and SOES share similar business requirements, beneficiary bases, and a common customer in the VA.</r2:ProjectMissionDescription>
                    <r2:AccomplishmentPlannedProgramList>
                        <r2:AccomplishmentPlannedProgram>
                            <r2:Title>Defense Enrollment Eligibility Reporting System (DEERS)</r2:Title>
                            <r2:Description>Refresh DEERS VLER and SOES programs to rapidly meet legislative changes and ensure compliance with cybersecurity standards to protect DoD personnel data and to ensure the accurate and safe transmission of data between DoD and partner agencies so that service members, veterans, and their families receive entitled benefits.</r2:Description>
                            <r2:Accomplishment>
                                <r2:PriorYear>
                                    <r2:Funding>0.000</r2:Funding>
                                </r2:PriorYear>
                            </r2:Accomplishment>
                            <r2:PlannedProgram>
                                <r2:CurrentYear>
                                    <r2:Funding>0.000</r2:Funding>
                                    <r2:Text>There was no FY 2025 plan to reinvest in the VLER and SOES application. This is a new initiative targeted to begin in FY 2026</r2:Text>
                                </r2:CurrentYear>
                                <r2:BudgetYearOne>
                                    <r2:Funding>8.091</r2:Funding>
                                </r2:BudgetYearOne>
                                <r2:BudgetYearOneBase>
                                    <r2:Funding>8.091</r2:Funding>
                                    <r2:Text>Perform detailed analysis, build a plan for the VLER/SOES modernization and deliver and demo of a pilot application and the modernized framework to the Government.</r2:Text>
                                </r2:BudgetYearOneBase>
                                <r2:AppChangeSummary>This is a new initiative targeted to begin in FY 2026.</r2:AppChangeSummary>
                            </r2:PlannedProgram>
                        </r2:AccomplishmentPlannedProgram>
                    </r2:AccomplishmentPlannedProgramList>
                </r2:R2aExhibit>
            </r2:Project>
        </r2:ProjectList>
    </r2:ProgramElement>
</r2:ProgramElementList>