<?xml version="1.0" encoding="UTF-8"?>
<proc:LineItemList xmlns:proc="http://www.dtic.mil/comptroller/xml/schema/20100219/procurement">
    <proc:LineItem quantityUnits="Each" quantityUnitName="Each" unitCostUnits="Millions" totalCostUnits="Millions" manufacturerRateUnits="Monthly" combinedP5Flag="false">
        <proc:LineItemNumber>31</proc:LineItemNumber>
        <proc:LineItemTitle>Major Equipment, WHS</proc:LineItemTitle>
        <proc:P1LineNumber>15</proc:P1LineNumber>
        <proc:BudgetYear>2026</proc:BudgetYear>
        <proc:BudgetCycle>PB</proc:BudgetCycle>
        <proc:SubmissionDate>2025-06</proc:SubmissionDate>
        <proc:ServiceAgencyName>Washington Headquarters Services</proc:ServiceAgencyName>
        <proc:AppropriationNumber>0300D</proc:AppropriationNumber>
        <proc:AppropriationTitle>Procurement, Defense-Wide</proc:AppropriationTitle>
        <proc:BudgetActivityNumber>1</proc:BudgetActivityNumber>
        <proc:BudgetActivityTitle>Major Equipment</proc:BudgetActivityTitle>
        <proc:BudgetSubActivityNumber>4</proc:BudgetSubActivityNumber>
        <proc:BudgetSubActivityTitle>Major Equipment, WHS</proc:BudgetSubActivityTitle>
        <proc:ResourceSummary>
            <proc:TotalCost>
                <proc:AllPriorYears>422.009</proc:AllPriorYears>
                <proc:CurrentYear>0.374</proc:CurrentYear>
                <proc:BudgetYearOneBase>0.403</proc:BudgetYearOneBase>
                <proc:BudgetYearOne>0.403</proc:BudgetYearOne>
            </proc:TotalCost>
            <proc:NetProcurementP1>
                <proc:AllPriorYears>422.009</proc:AllPriorYears>
                <proc:CurrentYear>0.374</proc:CurrentYear>
                <proc:BudgetYearOneBase>0.403</proc:BudgetYearOneBase>
                <proc:BudgetYearOne>0.403</proc:BudgetYearOne>
            </proc:NetProcurementP1>
            <proc:TotalObligationAuthority>
                <proc:AllPriorYears>422.009</proc:AllPriorYears>
                <proc:CurrentYear>0.374</proc:CurrentYear>
                <proc:BudgetYearOneBase>0.403</proc:BudgetYearOneBase>
                <proc:BudgetYearOne>0.403</proc:BudgetYearOne>
            </proc:TotalObligationAuthority>
        </proc:ResourceSummary>
        <proc:Description>Commercial Heavy Armored Vehicles (CHAVs) are used to transport and protect the lives of Congressionally authorized DoD High-Risk Personnel including, the Secretary of Defense, Deputy Secretary of Defense, and visiting foreign dignitaries.  CHAVs are equipped with sensitive communications and specialized law enforcement and emergency equipment to facilitate federal interoperability, continuity of operations, and public safety.</proc:Description>
        <proc:Justification>Funding reflects procurement of physical security vehicles assigned to missions in high threat OCONUS locations, specifically the life-cycle replacement cost for one Commercial Heavy Armored Vehicle (CHAV) that supports DoD High-Risk Personnel to include the Secretary of Defense, Deputy Secretary of Defense, OSD Senior officials, and foreign dignitaries providing secure and reliable ground transportation capability.  CHAVs are armored to various levels of protection and are on platforms of varying sizes and gross vehicle weights, dependent upon the level of threat and the operating environment.  A suitable vehicle platform has not been available for purchase since 2019-2020, thus life cycle management has been negatively impacted.  As the manufacturing costs of these vehicles has also risen, a shortfall will become enduring without an adjustment to the WHS Procurement program.  By resuming vehicle purchases to every year, the WHS is able to reestablish an appropriate life cycle schedule, stabilize the CHAVs program, and fully fund the higher cost of the upgraded vehicles that has resulted from an increased government-wide demand and limited procurement opportunities.

FY 2024 actuals were erroneously placed under Budget Sub-Activity (BSA) 01, but should be BSA 04. There is no change in this program, please see justification under Line 7 for FY 2024 actuals.</proc:Justification>
        <proc:DocumentAssemblyOptions>
            <proc:p40AItemScheduleSetting>item</proc:p40AItemScheduleSetting>
        </proc:DocumentAssemblyOptions>
    </proc:LineItem>
</proc:LineItemList>