<?xml version="1.0" encoding="UTF-8"?>
<proc:LineItemList xmlns:proc="http://www.dtic.mil/comptroller/xml/schema/20100219/procurement">
    <proc:LineItem quantityUnits="Each" unitCostUnits="Millions" totalCostUnits="Millions" manufacturerRateUnits="Yearly">
        <proc:LineItemNumber>MGBSD0</proc:LineItemNumber>
        <proc:LineItemTitle>Ground Based Strategic Deterrent</proc:LineItemTitle>
        <proc:P1LineNumber>3</proc:P1LineNumber>
        <proc:BudgetYear>2026</proc:BudgetYear>
        <proc:BudgetCycle>PB</proc:BudgetCycle>
        <proc:SubmissionDate>2025-06</proc:SubmissionDate>
        <proc:ServiceAgencyName>Air Force</proc:ServiceAgencyName>
        <proc:AppropriationNumber>3020F</proc:AppropriationNumber>
        <proc:AppropriationTitle>Missile Procurement, Air Force</proc:AppropriationTitle>
        <proc:BudgetActivityNumber>1</proc:BudgetActivityNumber>
        <proc:BudgetActivityTitle>Ballistic Missiles</proc:BudgetActivityTitle>
        <proc:BudgetSubActivityNumber>4</proc:BudgetSubActivityNumber>
        <proc:BudgetSubActivityTitle>Ballistic Missiles</proc:BudgetSubActivityTitle>
        <proc:ResourceSummary>
            <proc:TotalCost>
                <proc:AllPriorYears>0</proc:AllPriorYears>
                <proc:PriorYear>0</proc:PriorYear>
                <proc:CurrentYear>0</proc:CurrentYear>
                <proc:BudgetYearOneBase>0.742</proc:BudgetYearOneBase>
                <proc:BudgetYearOne>0.742</proc:BudgetYearOne>
            </proc:TotalCost>
            <proc:PYAdvanceProcurement>
                <proc:AllPriorYears>0</proc:AllPriorYears>
                <proc:PriorYear>0</proc:PriorYear>
                <proc:CurrentYear>0</proc:CurrentYear>
                <proc:BudgetYearOneBase>0.742</proc:BudgetYearOneBase>
                <proc:BudgetYearOne>0.742</proc:BudgetYearOne>
            </proc:PYAdvanceProcurement>
            <proc:NetProcurementP1>
                <proc:AllPriorYears>0</proc:AllPriorYears>
                <proc:PriorYear>0</proc:PriorYear>
                <proc:CurrentYear>0</proc:CurrentYear>
                <proc:BudgetYearOneBase>0</proc:BudgetYearOneBase>
                <proc:BudgetYearOne>0</proc:BudgetYearOne>
            </proc:NetProcurementP1>
            <proc:CYAdvanceProcurement>
                <proc:AllPriorYears>7.182</proc:AllPriorYears>
                <proc:PriorYear>0</proc:PriorYear>
                <proc:CurrentYear>0</proc:CurrentYear>
                <proc:BudgetYearOneBase>0</proc:BudgetYearOneBase>
                <proc:BudgetYearOne>0</proc:BudgetYearOne>
            </proc:CYAdvanceProcurement>
            <proc:TotalObligationAuthority>
                <proc:AllPriorYears>7.182</proc:AllPriorYears>
                <proc:PriorYear>0</proc:PriorYear>
                <proc:CurrentYear>0</proc:CurrentYear>
                <proc:BudgetYearOneBase>0</proc:BudgetYearOneBase>
                <proc:BudgetYearOne>0</proc:BudgetYearOne>
            </proc:TotalObligationAuthority>
        </proc:ResourceSummary>
        <proc:Code>B</proc:Code>
        <proc:CodeBProgramElementList>
            <proc:ProgramElementNumber>0101233F</proc:ProgramElementNumber>
        </proc:CodeBProgramElementList>
        <proc:Description>The Secretary of Defense's Nunn-McCurdy decision on July 8, 2024 recertified the LGM-35A Sentinel program. The Milestone Decision Authority rescinded the 2020 Milestone B decision which allows the Program Office to focus on the reassessment and refinement of requirements as they translate to system specifications, technical maturation of the system design, and cost and schedule risk mitigation strategies. The Program Office will work with stakeholders to update program requirements, quantities, and milestones to align with the outcomes of the reassessments and refinements. 

To differentiate between Sentinel Systems Directorate and the Ground Based Strategic Deterrent (GBSD) now known as the Sentinel program, the GBSD program has been designated as the LGM-35A Sentinel. The LGM-35A Sentinel incorporates the Sentinel weapon system which is called out in related Sentinel System Directorate portfolio programs that includes Intercontinental Ballistic Missile (ICBM) Reentry Vehicles and ICBM Fuze Modernization.

The LGM-35A Sentinel will produce and deploy a replacement for the current Minuteman III (MM III) Intercontinental Ballistic Missile (ICBM) weapon system in order to maintain a safe, secure, reliable, and effective nuclear deterrent. The LGM-35A Sentinel program delivers a fully integrated weapon system to lower lifecycle costs and to close key capability gaps and vulnerabilities identified in the LGM-35A Sentinel Capabilities Based Assessment, LGM-35A Sentinel Capabilities Development Document, and the LGM-35A Sentinel Analysis of Alternatives. Sentinel mitigates ground based deterrent degradation due to MM III component age-out and attrition. The LGM-35A Sentinel program includes prime contractor development of applicable support equipment, data, flight test hardware and infrastructure, and training systems material, as well as examination and mitigation of risk during the MM III to LGM-35A Sentinel transition. This program includes nuclear surety certification and system vulnerability assessments. 

During the now-rescinded Engineering and Manufacturing Development (EMD) phase, the LGM-35A Sentinel program executed 1) government system engineering, analytics, and test capability development; 2) air vehicle equipment development; 3) command &amp; launch systems development; 4) infrastructure and deployment development; 5) support systems development; and 6) weapon system integration. While the program has reverted to a pre-Milestone B posture, activities that were conducted in EMD are still being performed.  

The Air Force developed a new Aerospace Vehicle Equipment (AVE) (flight system) for the LGM-35A Sentinel weapon system to replace the MM III flight system. The LGM-35A Sentinel AVE consists of a boost propulsion subsystem, a post-boost propulsion subsystem, a guidance, navigation, and control (GN&amp;C) subsystem, and a re-entry subsystem. The boost propulsion subsystem is comprised of a 3-stage solid rocket booster. The post-boost propulsion subsystem (PBPS) is comprised of a liquid-fueled rocket propulsion system integrated into a post-boost attitude control module (PBACM) structure, as well as all guidance, navigation, and control components. 

Milestone dates are subject to change due to acquisition strategy revisions. The event schedule updates will be provided once the revisions are completed.
 
Funding for this exhibit is contained in PE 0101233F.</proc:Description>
        <proc:Justification>No FY2026 funding requested.</proc:Justification>
        <proc:MDAPCode>493</proc:MDAPCode>
        <proc:ItemExhibitList>
            <proc:P5Item>
                <proc:Name>Ground Based Strategic Deterrent</proc:Name>
                <proc:IdCode>B</proc:IdCode>
                <proc:ResourceSummary>
                    <proc:TotalCost>
                        <proc:AllPriorYears>0</proc:AllPriorYears>
                        <proc:PriorYear>0</proc:PriorYear>
                        <proc:CurrentYear>0</proc:CurrentYear>
                        <proc:BudgetYearOneBase>0.742</proc:BudgetYearOneBase>
                        <proc:BudgetYearOne>0.742</proc:BudgetYearOne>
                    </proc:TotalCost>
                    <proc:PYAdvanceProcurement>
                        <proc:AllPriorYears>0</proc:AllPriorYears>
                        <proc:PriorYear>0</proc:PriorYear>
                        <proc:CurrentYear>0</proc:CurrentYear>
                        <proc:BudgetYearOneBase>0.742</proc:BudgetYearOneBase>
                        <proc:BudgetYearOne>0.742</proc:BudgetYearOne>
                    </proc:PYAdvanceProcurement>
                    <proc:NetProcurementP1>
                        <proc:AllPriorYears>0</proc:AllPriorYears>
                        <proc:PriorYear>0</proc:PriorYear>
                        <proc:CurrentYear>0</proc:CurrentYear>
                        <proc:BudgetYearOneBase>0</proc:BudgetYearOneBase>
                        <proc:BudgetYearOne>0</proc:BudgetYearOne>
                    </proc:NetProcurementP1>
                    <proc:CYAdvanceProcurement>
                        <proc:AllPriorYears>7.182</proc:AllPriorYears>
                        <proc:PriorYear>0</proc:PriorYear>
                        <proc:CurrentYear>0</proc:CurrentYear>
                        <proc:BudgetYearOneBase>0</proc:BudgetYearOneBase>
                        <proc:BudgetYearOne>0</proc:BudgetYearOne>
                    </proc:CYAdvanceProcurement>
                    <proc:TotalObligationAuthority>
                        <proc:AllPriorYears>7.182</proc:AllPriorYears>
                        <proc:PriorYear>0</proc:PriorYear>
                        <proc:CurrentYear>0</proc:CurrentYear>
                        <proc:BudgetYearOneBase>0</proc:BudgetYearOneBase>
                        <proc:BudgetYearOne>0</proc:BudgetYearOne>
                    </proc:TotalObligationAuthority>
                </proc:ResourceSummary>
                <proc:CostElementCategoryList>
                    <proc:Hardware>
                        <proc:Name>LGM-35A Sentinel</proc:Name>
                        <proc:Recurring>
                            <proc:CostElementList>
                                <proc:CostElement>
                                    <proc:Name>LGM-35A Sentinel</proc:Name>
                                    <proc:Cost>
                                        <proc:TotalCost>
                                            <proc:AllPriorYears>0</proc:AllPriorYears>
                                            <proc:PriorYear>0</proc:PriorYear>
                                            <proc:CurrentYear>0</proc:CurrentYear>
                                            <proc:BudgetYearOneBase>0.742</proc:BudgetYearOneBase>
                                            <proc:BudgetYearOne>0.742</proc:BudgetYearOne>
                                        </proc:TotalCost>
                                    </proc:Cost>
                                </proc:CostElement>
                            </proc:CostElementList>
                            <proc:CategorySubtotal>
                                <proc:TotalCost>
                                    <proc:AllPriorYears>0</proc:AllPriorYears>
                                    <proc:PriorYear>0</proc:PriorYear>
                                    <proc:CurrentYear>0</proc:CurrentYear>
                                    <proc:BudgetYearOneBase>0.742</proc:BudgetYearOneBase>
                                    <proc:BudgetYearOne>0.742</proc:BudgetYearOne>
                                </proc:TotalCost>
                            </proc:CategorySubtotal>
                        </proc:Recurring>
                        <proc:CategorySubtotal>
                            <proc:TotalCost>
                                <proc:AllPriorYears>0</proc:AllPriorYears>
                                <proc:PriorYear>0</proc:PriorYear>
                                <proc:CurrentYear>0</proc:CurrentYear>
                                <proc:BudgetYearOneBase>0.742</proc:BudgetYearOneBase>
                                <proc:BudgetYearOne>0.742</proc:BudgetYearOne>
                            </proc:TotalCost>
                        </proc:CategorySubtotal>
                    </proc:Hardware>
                </proc:CostElementCategoryList>
            </proc:P5Item>
        </proc:ItemExhibitList>
        <proc:DocumentAssemblyOptions>
            <proc:p40AItemScheduleSetting>expandItemSuppressExhibit</proc:p40AItemScheduleSetting>
        </proc:DocumentAssemblyOptions>
    </proc:LineItem>
</proc:LineItemList>