<?xml version="1.0" encoding="UTF-8"?>
<proc:LineItemList xmlns:proc="http://www.dtic.mil/comptroller/xml/schema/20100219/procurement">
    <proc:LineItem quantityUnits="Each" unitCostUnits="Millions" totalCostUnits="Millions" manufacturerRateUnits="Yearly">
        <proc:LineItemNumber>JASSM0</proc:LineItemNumber>
        <proc:LineItemTitle>Joint Air-Surface Standoff Missile</proc:LineItemTitle>
        <proc:P1LineNumber>11</proc:P1LineNumber>
        <proc:BudgetYear>2026</proc:BudgetYear>
        <proc:BudgetCycle>PB</proc:BudgetCycle>
        <proc:SubmissionDate>2025-06</proc:SubmissionDate>
        <proc:ServiceAgencyName>Air Force</proc:ServiceAgencyName>
        <proc:AppropriationNumber>3020F</proc:AppropriationNumber>
        <proc:AppropriationTitle>Missile Procurement, Air Force</proc:AppropriationTitle>
        <proc:BudgetActivityNumber>2</proc:BudgetActivityNumber>
        <proc:BudgetActivityTitle>Other Missiles</proc:BudgetActivityTitle>
        <proc:BudgetSubActivityNumber>2</proc:BudgetSubActivityNumber>
        <proc:BudgetSubActivityTitle>Tactical</proc:BudgetSubActivityTitle>
        <proc:ResourceSummary>
            <proc:Quantity>
                <proc:AllPriorYears>5569</proc:AllPriorYears>
                <proc:PriorYear>1140</proc:PriorYear>
                <proc:CurrentYear>450</proc:CurrentYear>
                <proc:BudgetYearOneBase>144</proc:BudgetYearOneBase>
                <proc:BudgetYearOne>144</proc:BudgetYearOne>
            </proc:Quantity>
            <proc:TotalCost>
                <proc:AllPriorYears>6657.796</proc:AllPriorYears>
                <proc:PriorYear>1959.58</proc:PriorYear>
                <proc:CurrentYear>1042.469</proc:CurrentYear>
                <proc:BudgetYearOneBase>510.499</proc:BudgetYearOneBase>
                <proc:BudgetYearOne>510.499</proc:BudgetYearOne>
            </proc:TotalCost>
            <proc:UnitCost>
                <proc:AllPriorYears>1.196</proc:AllPriorYears>
                <proc:PriorYear>1.719</proc:PriorYear>
                <proc:CurrentYear>2.317</proc:CurrentYear>
                <proc:BudgetYearOneBase>3.545</proc:BudgetYearOneBase>
                <proc:BudgetYearOne>3.545</proc:BudgetYearOne>
            </proc:UnitCost>
            <proc:PYAdvanceProcurement>
                <proc:PriorYear>0</proc:PriorYear>
                <proc:CurrentYear>222.418</proc:CurrentYear>
                <proc:BudgetYearOneBase>182.418</proc:BudgetYearOneBase>
                <proc:BudgetYearOne>182.418</proc:BudgetYearOne>
            </proc:PYAdvanceProcurement>
            <proc:NetProcurementP1>
                <proc:AllPriorYears>6657.796</proc:AllPriorYears>
                <proc:PriorYear>1959.58</proc:PriorYear>
                <proc:CurrentYear>820.051</proc:CurrentYear>
                <proc:BudgetYearOneBase>328.081</proc:BudgetYearOneBase>
                <proc:BudgetYearOne>328.081</proc:BudgetYearOne>
            </proc:NetProcurementP1>
            <proc:CYAdvanceProcurement>
                <proc:PriorYear>769.672</proc:PriorYear>
                <proc:CurrentYear>0</proc:CurrentYear>
                <proc:BudgetYearOneBase>0</proc:BudgetYearOneBase>
                <proc:BudgetYearOne>0</proc:BudgetYearOne>
            </proc:CYAdvanceProcurement>
            <proc:TotalObligationAuthority>
                <proc:AllPriorYears>6657.796</proc:AllPriorYears>
                <proc:PriorYear>2729.252</proc:PriorYear>
                <proc:CurrentYear>820.051</proc:CurrentYear>
                <proc:BudgetYearOneBase>328.081</proc:BudgetYearOneBase>
                <proc:BudgetYearOne>328.081</proc:BudgetYearOne>
            </proc:TotalObligationAuthority>
            <proc:InitialSpares>
                <proc:AllPriorYears>3.011</proc:AllPriorYears>
                <proc:PriorYear>0.482</proc:PriorYear>
                <proc:CurrentYear>0.49</proc:CurrentYear>
                <proc:BudgetYearOneBase>0.496</proc:BudgetYearOneBase>
                <proc:BudgetYearOne>0.496</proc:BudgetYearOne>
            </proc:InitialSpares>
            <proc:FlyawayUnitCost>
                <proc:AllPriorYears>0.981</proc:AllPriorYears>
                <proc:PriorYear>1.602</proc:PriorYear>
                <proc:CurrentYear>2.071</proc:CurrentYear>
                <proc:BudgetYearOneBase>2.935</proc:BudgetYearOneBase>
                <proc:BudgetYearOne>2.935</proc:BudgetYearOne>
            </proc:FlyawayUnitCost>
        </proc:ResourceSummary>
        <proc:Code>A</proc:Code>
        <proc:Description>In the FY 2024 budget request, the Department is initiating a Multiyear Procurement (MYP) strategy for JASSM, under the Large Lot Procurement (LLP) concept in which individual MYPs would be executed in a concurrent and overlapping multiyear strategy so that synergies in production across different but related programs can generate efficiencies and result in greater production capacity, accelerated delivery, and lower unit costs. LLP represents an evolution of the existing MYP contracting and financing strategy, that leverages the savings generated through the use of Economic Order Quantities (EOQ) financing to procure additional lots of missiles under a Buy-to-Budget concept, to further improve efficiencies and yields.

The Joint Air-to-Surface Standoff Missile (JASSM) is an ACAT 1C program. This program provides a long range, conventional air-to-surface, autonomous, precision guided, standoff cruise missile compatible
with fighter and bomber aircraft able to attack a variety of fixed or relocatable targets. The JASSM family of missiles includes JASSM Baseline (JASSM-BL/AGM-158A) and JASSM Extended Range (JASSM-ER/ AGM-158B, JASSM-ER/AGM-158B-2, JASSM-ER/AGM-158B-3, and JASSM-ER/AGM-158D). The AGM-158A is no longer in production. The AGM-158A, B, and B-2 are fielded. The AGM-158B-3 and D are in development. The variants in development will be gradually inserted into the production line as a new missile build once ready. Missiles accepted by the Air Force will not be returned for modification to the newest variant.

In the FY 2024 budget request, the Department initiated a Multiyear Procurement (MYP) strategy for JASSM and LRASM, under the Large Lot Procurement (LLP) concept. The MYP will be executed in a concurrent and overlapping multiyear strategy so that synergies in production across different but related programs in sequential production lots generate efficiencies and result in stabilization of the industrial base.
 
The AGM-158B-2 replaces obsolete components and provides a new electronic fuze, a new Global Positioning System (GPS) receiver, an upgraded Missile Control Unit (MCU) Unit, and enhanced software. 
The AGM-158B-2 began low-rate initial production (LRIP) in Lot 19/FY21 funding year. The AGM-158B-3 provides GPS M-Code capability and a terminal sensor. It began LRIP in Lot 22/FY24 funding year. 
 
The AGM-158D provides Weapon Data Link (WDL) capability to re-target the missile, post-launch, against relocatable or higher priority targets during mission execution. AGM-158D was originally planned for a Lot 20/FY22 cut-in but was restructured to begin production in Lot 22/FY24 funding year to support joint interoperability requirements. Efforts also include, but are not limited to, production cut-in of alternate communication methods, architectures and waveforms to advance missile capabilities against emerging threats. FY24 Procurement fully funds the 22nd production lot as well as AGM-158B-3 and AGM-158D Low-Rate Initial Production (LRIP), provides advanced procurement for Lot 23, and Economic Order Quantities for Lots 22-26 under the MYP strategy.  FY25 Procurement fully funds the 23rd production lot. FY26 Procurement fully funds the 24th production lot. In the FY 2026 budget, the JASSM program will be in the third year of the MYP.  
 
In addition to procuring JASSM All Up Rounds, funds in this exhibit will be used for production tooling &amp; equipment and addressing Diminishing Manufacturing Sources and Material Shortages (DMSMS) issues through studies, bridge buys, life of type buys, supplier/parts replacement, to include electronic components used commercially and in short supply and qualification and reliability activities to preserve future
production capabilities and capacities

Threshold aircraft is the B-1 and the objective aircraft are the B-52, F-16, B-2, F-15E, and F-35A. Aircraft integration for JASSM-BL/AGM-158A is complete on the B-52H, F-16 (Block 40-52), B-1, B-2, and F-15E. Aircraft integration for JASSM-ER/AGM-158B is complete on the B-1, B-2, F-15E, F-16 (Block 40-52), and B-52H. JASSM Lots 2-10 are covered under an Original Equipment Manufacture (OEM) warranty. Lots 11 and beyond are covered under a Contractor Logistics Support (CLS) contract, and missile initial/replenishment spares program funds are required to fill the spare parts pipeline under this program. Procurement quantities are estimates only and fall within a range of quantities based on negotiations for each specific lot contract.

Procurement quantities are estimates only and fall within a range of quantities based on negotiations for each specific lot contract. Funding may be used to address Diminishing Manufacturing Sources (DMS) issues. The program also plans to use funds to address obsolescence issues and reliability improvement, including flight testing, studies, bridge buys, life of type buys, supplier/parts replacement, to include electronic components used commercially and in short supply, and qualification activities to preserve future production capabilities and capacity. 

The FY 2026 request for the Joint Air-to-Surface Standoff Missile (JASSM) includes $328,081 thousand of discretionary and $490,000 thousand of mandatory (reconciliation) for a total of $818,081 thousand. The mandatory funds will procure an additional 245 JASSMs in FY2026. Further information for this reconciliation request is provided in Chapter 20004 (Munitions &amp; Supply Chain) of the Reconciliation Exhibit.


This requirement supports performance of a full financial audit as required by Title 10 U.S.C. Chapter 9A, Sec 240-D. Funding for this exhibit contained in PE 0207325F</proc:Description>
        <proc:Justification>FY26 funding (combined with the FY 2024 Advance Procurement amount 182.418 million supporting Lot 24) provides 510.499 million to procure 144 missiles

FY25 funding (combined with the FY 2024 Advance Procurement amount 222.418 million supporting Lot 23) provides 1,042.469 million to procure 450 missiles. Full funding for every end item requesting advance procurement is included in the budget submission. 

FY24 funding totals include 1,959.580M to procure 1,140 missiles.

Variant mix totals in all Fiscal Years are above MSR.

The increase in Test Support/Reliability/Obsolescence from FY25 to FY26 reflected in the P-5 is to fund increased Weapon System Evaluations, test instrumentation kits and batteries. Additionally, these totals include an increase in obsolescence associated with the production of the new AGM-158-B-3 and AGM-158D variants, which adds Weapon Data Link Radio, antenna, terminal sensor and fuel tanks. As weapon inventory increases, obsolescence costs will also increase.

Note: Procurement quantities can change based on negotiated options/pricing bands and available funding, in accordance with Title 10, U.S. Code Section 3069 BUY-TO-BUDGET ACQUISITION.</proc:Justification>
        <proc:MDAPCode>555</proc:MDAPCode>
        <proc:AdvanceProcurement>
            <proc:P1LineNumber>12</proc:P1LineNumber>
            <proc:Description>In the FY 2024 budget request, the Department initiated a Multiyear Procurement (MYP) strategy for JASSM and LRASM, under the Large Lot Procurement (LLP) concept. The MYP will be executed in a concurrent and overlapping multiyear strategy so that synergies in production across different but related programs in sequential production lots generate efficiencies and result in stabilization of the industrial base.</proc:Description>
            <proc:Justification>In the FY 2024 budget request, the Department initiated a Multiyear Procurement (MYP) strategy for JASSM and LRASM, under the Large Lot Procurement (LLP) concept. The MYP will be executed in a concurrent and overlapping multiyear strategy so that synergies in production across different but related programs in sequential production lots generate efficiencies and result in stabilization of the industrial base.</proc:Justification>
        </proc:AdvanceProcurement>
        <proc:ItemExhibitList>
            <proc:P5Item>
                <proc:Name>Joint Air-Surface Standoff Missile</proc:Name>
                <proc:IdCode>A</proc:IdCode>
                <proc:Remarks>JASSM (+ $15.245M) larger increase in FY25 to FY26 ECO/Tooling /Maintenance. This due to the cut-in of the AGM-158D. FY24 to FY26 prime contractor funding supports engineering practices to increase producibility, capability, and affordability, and to improve engineering and manufacturing processes of existing and future units. Also, the fact that we support baseline and additional quantities based on Presidential Drawdown Authority tranche funding. Also accounts for increased hardware cost to support a more expensive variant. 

Other Program Support: Includes funding for labor, travel, and support functions for mission related items that include cybersecurity support.</proc:Remarks>
                <proc:ResourceSummary>
                    <proc:Quantity>
                        <proc:AllPriorYears>5569</proc:AllPriorYears>
                        <proc:PriorYear>1140</proc:PriorYear>
                        <proc:CurrentYear>450</proc:CurrentYear>
                        <proc:BudgetYearOneBase>144</proc:BudgetYearOneBase>
                        <proc:BudgetYearOne>144</proc:BudgetYearOne>
                    </proc:Quantity>
                    <proc:TotalCost>
                        <proc:AllPriorYears>6657.796</proc:AllPriorYears>
                        <proc:PriorYear>1959.58</proc:PriorYear>
                        <proc:CurrentYear>1042.469</proc:CurrentYear>
                        <proc:BudgetYearOneBase>510.499</proc:BudgetYearOneBase>
                        <proc:BudgetYearOne>510.499</proc:BudgetYearOne>
                    </proc:TotalCost>
                    <proc:UnitCost>
                        <proc:AllPriorYears>1.196</proc:AllPriorYears>
                        <proc:PriorYear>1.719</proc:PriorYear>
                        <proc:CurrentYear>2.317</proc:CurrentYear>
                        <proc:BudgetYearOneBase>3.545</proc:BudgetYearOneBase>
                        <proc:BudgetYearOne>3.545</proc:BudgetYearOne>
                    </proc:UnitCost>
                    <proc:PYAdvanceProcurement>
                        <proc:PriorYear>0</proc:PriorYear>
                        <proc:CurrentYear>222.418</proc:CurrentYear>
                        <proc:BudgetYearOneBase>182.418</proc:BudgetYearOneBase>
                        <proc:BudgetYearOne>182.418</proc:BudgetYearOne>
                    </proc:PYAdvanceProcurement>
                    <proc:NetProcurementP1>
                        <proc:AllPriorYears>6657.796</proc:AllPriorYears>
                        <proc:PriorYear>1959.58</proc:PriorYear>
                        <proc:CurrentYear>820.051</proc:CurrentYear>
                        <proc:BudgetYearOneBase>328.081</proc:BudgetYearOneBase>
                        <proc:BudgetYearOne>328.081</proc:BudgetYearOne>
                    </proc:NetProcurementP1>
                    <proc:CYAdvanceProcurement>
                        <proc:PriorYear>769.672</proc:PriorYear>
                        <proc:CurrentYear>0</proc:CurrentYear>
                        <proc:BudgetYearOneBase>0</proc:BudgetYearOneBase>
                        <proc:BudgetYearOne>0</proc:BudgetYearOne>
                    </proc:CYAdvanceProcurement>
                    <proc:TotalObligationAuthority>
                        <proc:AllPriorYears>6657.796</proc:AllPriorYears>
                        <proc:PriorYear>2729.252</proc:PriorYear>
                        <proc:CurrentYear>820.051</proc:CurrentYear>
                        <proc:BudgetYearOneBase>328.081</proc:BudgetYearOneBase>
                        <proc:BudgetYearOne>328.081</proc:BudgetYearOne>
                    </proc:TotalObligationAuthority>
                    <proc:InitialSpares>
                        <proc:AllPriorYears>3.011</proc:AllPriorYears>
                        <proc:PriorYear>0.482</proc:PriorYear>
                        <proc:CurrentYear>0.49</proc:CurrentYear>
                        <proc:BudgetYearOneBase>0.496</proc:BudgetYearOneBase>
                        <proc:BudgetYearOne>0.496</proc:BudgetYearOne>
                    </proc:InitialSpares>
                </proc:ResourceSummary>
                <proc:CostElementCategoryList>
                    <proc:Flyaway>
                        <proc:Name>Flyaway End Item</proc:Name>
                        <proc:Recurring>
                            <proc:CostElementList>
                                <proc:CostElement>
                                    <proc:Name>AGM-158B</proc:Name>
                                    <proc:Cost>
                                        <proc:Quantity>
                                            <proc:AllPriorYears>2650</proc:AllPriorYears>
                                        </proc:Quantity>
                                        <proc:TotalCost>
                                            <proc:AllPriorYears>2913.227</proc:AllPriorYears>
                                        </proc:TotalCost>
                                        <proc:UnitCost>
                                            <proc:AllPriorYears>1.099</proc:AllPriorYears>
                                        </proc:UnitCost>
                                    </proc:Cost>
                                </proc:CostElement>
                                <proc:CostElement>
                                    <proc:Name>Engineering Change Orders/Tooling/Equipment Maintenance/Repairs/M&amp;S Support</proc:Name>
                                    <proc:Cost>
                                        <proc:TotalCost>
                                            <proc:AllPriorYears>78.504</proc:AllPriorYears>
                                            <proc:PriorYear>47.59</proc:PriorYear>
                                            <proc:CurrentYear>35.239</proc:CurrentYear>
                                            <proc:BudgetYearOneBase>50.484</proc:BudgetYearOneBase>
                                            <proc:BudgetYearOne>50.484</proc:BudgetYearOne>
                                        </proc:TotalCost>
                                    </proc:Cost>
                                </proc:CostElement>
                                <proc:CostElement>
                                    <proc:Name>AGM-158B-2</proc:Name>
                                    <proc:Cost>
                                        <proc:Quantity>
                                            <proc:AllPriorYears>885</proc:AllPriorYears>
                                            <proc:PriorYear>962</proc:PriorYear>
                                            <proc:CurrentYear>150</proc:CurrentYear>
                                        </proc:Quantity>
                                        <proc:TotalCost>
                                            <proc:AllPriorYears>1049.769</proc:AllPriorYears>
                                            <proc:PriorYear>1372.28</proc:PriorYear>
                                            <proc:CurrentYear>217.5</proc:CurrentYear>
                                        </proc:TotalCost>
                                        <proc:UnitCost>
                                            <proc:AllPriorYears>1.186</proc:AllPriorYears>
                                            <proc:PriorYear>1.426</proc:PriorYear>
                                            <proc:CurrentYear>1.45</proc:CurrentYear>
                                        </proc:UnitCost>
                                    </proc:Cost>
                                </proc:CostElement>
                                <proc:CostElement>
                                    <proc:Name>AGM-158D</proc:Name>
                                    <proc:Cost>
                                        <proc:Quantity>
                                            <proc:PriorYear>148</proc:PriorYear>
                                            <proc:CurrentYear>100</proc:CurrentYear>
                                            <proc:BudgetYearOneBase>144</proc:BudgetYearOneBase>
                                            <proc:BudgetYearOne>144</proc:BudgetYearOne>
                                        </proc:Quantity>
                                        <proc:TotalCost>
                                            <proc:PriorYear>341.36</proc:PriorYear>
                                            <proc:CurrentYear>247.96</proc:CurrentYear>
                                            <proc:BudgetYearOneBase>372.096</proc:BudgetYearOneBase>
                                            <proc:BudgetYearOne>372.096</proc:BudgetYearOne>
                                        </proc:TotalCost>
                                        <proc:UnitCost>
                                            <proc:PriorYear>2.306</proc:PriorYear>
                                            <proc:CurrentYear>2.48</proc:CurrentYear>
                                            <proc:BudgetYearOneBase>2.584</proc:BudgetYearOneBase>
                                            <proc:BudgetYearOne>2.584</proc:BudgetYearOne>
                                        </proc:UnitCost>
                                    </proc:Cost>
                                    <proc:ManufacturerList>
                                        <proc:Manufacturer>
                                            <proc:Name>Lockheed Martin</proc:Name>
                                            <proc:Location>Troy, Alabama</proc:Location>
                                            <proc:MinimumSustainingRate>396.00</proc:MinimumSustainingRate>
                                            <proc:MaximumProductionRate>860.00</proc:MaximumProductionRate>
                                            <proc:Rate185>396.00</proc:Rate185>
                                            <proc:InitialQuantity>
                                                <proc:AdminLeadTimeBeforeOct1InMonths>1</proc:AdminLeadTimeBeforeOct1InMonths>
                                                <proc:AdminLeadTimeAfterOct1InMonths>6</proc:AdminLeadTimeAfterOct1InMonths>
                                                <proc:ProductionLeadTimeAfterOct1InMonths>37</proc:ProductionLeadTimeAfterOct1InMonths>
                                                <proc:TotalLeadTimeAfterOct1InMonths>43</proc:TotalLeadTimeAfterOct1InMonths>
                                            </proc:InitialQuantity>
                                            <proc:ReorderQuantity>
                                                <proc:AdminLeadTimeBeforeOct1InMonths>0</proc:AdminLeadTimeBeforeOct1InMonths>
                                                <proc:AdminLeadTimeAfterOct1InMonths>0</proc:AdminLeadTimeAfterOct1InMonths>
                                                <proc:ProductionLeadTimeAfterOct1InMonths>0</proc:ProductionLeadTimeAfterOct1InMonths>
                                                <proc:TotalLeadTimeAfterOct1InMonths>0</proc:TotalLeadTimeAfterOct1InMonths>
                                            </proc:ReorderQuantity>
                                            <proc:HistoryPlanningList>
                                                <proc:HistoryPlanning>
                                                    <proc:FiscalYear>2024</proc:FiscalYear>
                                                    <proc:PCOLocation>AFLCMC/PK Eglin AFB, FL</proc:PCOLocation>
                                                    <proc:AwardDate>2024-09</proc:AwardDate>
                                                    <proc:FirstDeliveryDate>2027-09</proc:FirstDeliveryDate>
                                                    <proc:Quantity>10</proc:Quantity>
                                                    <proc:UnitCost>2.306</proc:UnitCost>
                                                    <proc:SpecsAvailableNow>true</proc:SpecsAvailableNow>
                                                    <proc:RFPIssueDate>2023-08</proc:RFPIssueDate>
                                                    <proc:ContractMethod>SS</proc:ContractMethod>
                                                    <proc:ContractType>FFP</proc:ContractType>
                                                    <proc:MonthlyDeliveryScheduleList>
                                                        <proc:MonthlyDeliverySchedule>
                                                            <proc:ServiceAgencyName>Air Force</proc:ServiceAgencyName>
                                                            <proc:ProcQuantity>10</proc:ProcQuantity>
                                                            <proc:MonthlyDeliveryList>
                                                                <proc:MonthlyDelivery>
                                                                    <proc:Month>2027-09</proc:Month>
                                                                    <proc:Amount>2</proc:Amount>
                                                                </proc:MonthlyDelivery>
                                                                <proc:MonthlyDelivery>
                                                                    <proc:Month>2027-10</proc:Month>
                                                                    <proc:Amount>2</proc:Amount>
                                                                </proc:MonthlyDelivery>
                                                                <proc:MonthlyDelivery>
                                                                    <proc:Month>2027-11</proc:Month>
                                                                    <proc:Amount>2</proc:Amount>
                                                                </proc:MonthlyDelivery>
                                                                <proc:MonthlyDelivery>
                                                                    <proc:Month>2027-12</proc:Month>
                                                                    <proc:Amount>2</proc:Amount>
                                                                </proc:MonthlyDelivery>
                                                                <proc:MonthlyDelivery>
                                                                    <proc:Month>2028-01</proc:Month>
                                                                    <proc:Amount>2</proc:Amount>
                                                                </proc:MonthlyDelivery>
                                                            </proc:MonthlyDeliveryList>
                                                        </proc:MonthlyDeliverySchedule>
                                                    </proc:MonthlyDeliveryScheduleList>
                                                    <proc:MonthlyDeliveryScheduleTotal>
                                                        <proc:ProcQuantity>10</proc:ProcQuantity>
                                                        <proc:MonthlyDeliveryList>
                                                            <proc:MonthlyDelivery>
                                                                <proc:Month>2027-09</proc:Month>
                                                                <proc:Amount>2</proc:Amount>
                                                            </proc:MonthlyDelivery>
                                                            <proc:MonthlyDelivery>
                                                                <proc:Month>2027-10</proc:Month>
                                                                <proc:Amount>2</proc:Amount>
                                                            </proc:MonthlyDelivery>
                                                            <proc:MonthlyDelivery>
                                                                <proc:Month>2027-11</proc:Month>
                                                                <proc:Amount>2</proc:Amount>
                                                            </proc:MonthlyDelivery>
                                                            <proc:MonthlyDelivery>
                                                                <proc:Month>2027-12</proc:Month>
                                                                <proc:Amount>2</proc:Amount>
                                                            </proc:MonthlyDelivery>
                                                            <proc:MonthlyDelivery>
                                                                <proc:Month>2028-01</proc:Month>
                                                                <proc:Amount>2</proc:Amount>
                                                            </proc:MonthlyDelivery>
                                                        </proc:MonthlyDeliveryList>
                                                    </proc:MonthlyDeliveryScheduleTotal>
                                                </proc:HistoryPlanning>
                                                <proc:HistoryPlanning>
                                                    <proc:FiscalYear>2024</proc:FiscalYear>
                                                    <proc:PCOLocation>AFLCMC/PK Eglin AFB, FL</proc:PCOLocation>
                                                    <proc:AwardDate>2026-03</proc:AwardDate>
                                                    <proc:FirstDeliveryDate>2029-04</proc:FirstDeliveryDate>
                                                    <proc:Quantity>138</proc:Quantity>
                                                    <proc:UnitCost>2.306</proc:UnitCost>
                                                    <proc:SpecsAvailableNow>true</proc:SpecsAvailableNow>
                                                    <proc:RFPIssueDate>2023-08</proc:RFPIssueDate>
                                                    <proc:ContractMethod>SS</proc:ContractMethod>
                                                    <proc:ContractType>FFP</proc:ContractType>
                                                    <proc:MonthlyDeliveryScheduleList>
                                                        <proc:MonthlyDeliverySchedule>
                                                            <proc:ServiceAgencyName>Air Force</proc:ServiceAgencyName>
                                                            <proc:ProcQuantity>138</proc:ProcQuantity>
                                                            <proc:MonthlyDeliveryList>
                                                                <proc:MonthlyDelivery>
                                                                    <proc:Month>2029-04</proc:Month>
                                                                    <proc:Amount>12</proc:Amount>
                                                                </proc:MonthlyDelivery>
                                                                <proc:MonthlyDelivery>
                                                                    <proc:Month>2029-05</proc:Month>
                                                                    <proc:Amount>12</proc:Amount>
                                                                </proc:MonthlyDelivery>
                                                                <proc:MonthlyDelivery>
                                                                    <proc:Month>2029-06</proc:Month>
                                                                    <proc:Amount>12</proc:Amount>
                                                                </proc:MonthlyDelivery>
                                                                <proc:MonthlyDelivery>
                                                                    <proc:Month>2029-07</proc:Month>
                                                                    <proc:Amount>12</proc:Amount>
                                                                </proc:MonthlyDelivery>
                                                                <proc:MonthlyDelivery>
                                                                    <proc:Month>2029-08</proc:Month>
                                                                    <proc:Amount>12</proc:Amount>
                                                                </proc:MonthlyDelivery>
                                                                <proc:MonthlyDelivery>
                                                                    <proc:Month>2029-09</proc:Month>
                                                                    <proc:Amount>12</proc:Amount>
                                                                </proc:MonthlyDelivery>
                                                                <proc:MonthlyDelivery>
                                                                    <proc:Month>2029-10</proc:Month>
                                                                    <proc:Amount>12</proc:Amount>
                                                                </proc:MonthlyDelivery>
                                                                <proc:MonthlyDelivery>
                                                                    <proc:Month>2029-11</proc:Month>
                                                                    <proc:Amount>12</proc:Amount>
                                                                </proc:MonthlyDelivery>
                                                                <proc:MonthlyDelivery>
                                                                    <proc:Month>2029-12</proc:Month>
                                                                    <proc:Amount>12</proc:Amount>
                                                                </proc:MonthlyDelivery>
                                                                <proc:MonthlyDelivery>
                                                                    <proc:Month>2030-01</proc:Month>
                                                                    <proc:Amount>12</proc:Amount>
                                                                </proc:MonthlyDelivery>
                                                                <proc:MonthlyDelivery>
                                                                    <proc:Month>2030-02</proc:Month>
                                                                    <proc:Amount>9</proc:Amount>
                                                                </proc:MonthlyDelivery>
                                                                <proc:MonthlyDelivery>
                                                                    <proc:Month>2030-03</proc:Month>
                                                                    <proc:Amount>9</proc:Amount>
                                                                </proc:MonthlyDelivery>
                                                            </proc:MonthlyDeliveryList>
                                                        </proc:MonthlyDeliverySchedule>
                                                    </proc:MonthlyDeliveryScheduleList>
                                                    <proc:MonthlyDeliveryScheduleTotal>
                                                        <proc:ProcQuantity>138</proc:ProcQuantity>
                                                        <proc:MonthlyDeliveryList>
                                                            <proc:MonthlyDelivery>
                                                                <proc:Month>2029-04</proc:Month>
                                                                <proc:Amount>12</proc:Amount>
                                                            </proc:MonthlyDelivery>
                                                            <proc:MonthlyDelivery>
                                                                <proc:Month>2029-05</proc:Month>
                                                                <proc:Amount>12</proc:Amount>
                                                            </proc:MonthlyDelivery>
                                                            <proc:MonthlyDelivery>
                                                                <proc:Month>2029-06</proc:Month>
                                                                <proc:Amount>12</proc:Amount>
                                                            </proc:MonthlyDelivery>
                                                            <proc:MonthlyDelivery>
                                                                <proc:Month>2029-07</proc:Month>
                                                                <proc:Amount>12</proc:Amount>
                                                            </proc:MonthlyDelivery>
                                                            <proc:MonthlyDelivery>
                                                                <proc:Month>2029-08</proc:Month>
                                                                <proc:Amount>12</proc:Amount>
                                                            </proc:MonthlyDelivery>
                                                            <proc:MonthlyDelivery>
                                                                <proc:Month>2029-09</proc:Month>
                                                                <proc:Amount>12</proc:Amount>
                                                            </proc:MonthlyDelivery>
                                                            <proc:MonthlyDelivery>
                                                                <proc:Month>2029-10</proc:Month>
                                                                <proc:Amount>12</proc:Amount>
                                                            </proc:MonthlyDelivery>
                                                            <proc:MonthlyDelivery>
                                                                <proc:Month>2029-11</proc:Month>
                                                                <proc:Amount>12</proc:Amount>
                                                            </proc:MonthlyDelivery>
                                                            <proc:MonthlyDelivery>
                                                                <proc:Month>2029-12</proc:Month>
                                                                <proc:Amount>12</proc:Amount>
                                                            </proc:MonthlyDelivery>
                                                            <proc:MonthlyDelivery>
                                                                <proc:Month>2030-01</proc:Month>
                                                                <proc:Amount>12</proc:Amount>
                                                            </proc:MonthlyDelivery>
                                                            <proc:MonthlyDelivery>
                                                                <proc:Month>2030-02</proc:Month>
                                                                <proc:Amount>9</proc:Amount>
                                                            </proc:MonthlyDelivery>
                                                            <proc:MonthlyDelivery>
                                                                <proc:Month>2030-03</proc:Month>
                                                                <proc:Amount>9</proc:Amount>
                                                            </proc:MonthlyDelivery>
                                                        </proc:MonthlyDeliveryList>
                                                    </proc:MonthlyDeliveryScheduleTotal>
                                                </proc:HistoryPlanning>
                                                <proc:HistoryPlanning>
                                                    <proc:FiscalYear>2025</proc:FiscalYear>
                                                    <proc:PCOLocation>AFLCMC/PK Eglin AFB, FL</proc:PCOLocation>
                                                    <proc:AwardDate>2025-03</proc:AwardDate>
                                                    <proc:FirstDeliveryDate>2028-03</proc:FirstDeliveryDate>
                                                    <proc:Quantity>100</proc:Quantity>
                                                    <proc:UnitCost>2.480</proc:UnitCost>
                                                    <proc:SpecsAvailableNow>true</proc:SpecsAvailableNow>
                                                    <proc:RFPIssueDate>2023-08</proc:RFPIssueDate>
                                                    <proc:ContractMethod>SS</proc:ContractMethod>
                                                    <proc:ContractType>FFP</proc:ContractType>
                                                    <proc:MonthlyDeliveryScheduleList>
                                                        <proc:MonthlyDeliverySchedule>
                                                            <proc:ServiceAgencyName>Air Force</proc:ServiceAgencyName>
                                                            <proc:ProcQuantity>100</proc:ProcQuantity>
                                                            <proc:MonthlyDeliveryList>
                                                                <proc:MonthlyDelivery>
                                                                    <proc:Month>2028-03</proc:Month>
                                                                    <proc:Amount>9</proc:Amount>
                                                                </proc:MonthlyDelivery>
                                                                <proc:MonthlyDelivery>
                                                                    <proc:Month>2028-04</proc:Month>
                                                                    <proc:Amount>9</proc:Amount>
                                                                </proc:MonthlyDelivery>
                                                                <proc:MonthlyDelivery>
                                                                    <proc:Month>2028-05</proc:Month>
                                                                    <proc:Amount>9</proc:Amount>
                                                                </proc:MonthlyDelivery>
                                                                <proc:MonthlyDelivery>
                                                                    <proc:Month>2028-06</proc:Month>
                                                                    <proc:Amount>9</proc:Amount>
                                                                </proc:MonthlyDelivery>
                                                                <proc:MonthlyDelivery>
                                                                    <proc:Month>2028-07</proc:Month>
                                                                    <proc:Amount>8</proc:Amount>
                                                                </proc:MonthlyDelivery>
                                                                <proc:MonthlyDelivery>
                                                                    <proc:Month>2028-08</proc:Month>
                                                                    <proc:Amount>8</proc:Amount>
                                                                </proc:MonthlyDelivery>
                                                                <proc:MonthlyDelivery>
                                                                    <proc:Month>2028-09</proc:Month>
                                                                    <proc:Amount>8</proc:Amount>
                                                                </proc:MonthlyDelivery>
                                                                <proc:MonthlyDelivery>
                                                                    <proc:Month>2028-10</proc:Month>
                                                                    <proc:Amount>8</proc:Amount>
                                                                </proc:MonthlyDelivery>
                                                                <proc:MonthlyDelivery>
                                                                    <proc:Month>2028-11</proc:Month>
                                                                    <proc:Amount>8</proc:Amount>
                                                                </proc:MonthlyDelivery>
                                                                <proc:MonthlyDelivery>
                                                                    <proc:Month>2028-12</proc:Month>
                                                                    <proc:Amount>8</proc:Amount>
                                                                </proc:MonthlyDelivery>
                                                                <proc:MonthlyDelivery>
                                                                    <proc:Month>2029-01</proc:Month>
                                                                    <proc:Amount>8</proc:Amount>
                                                                </proc:MonthlyDelivery>
                                                                <proc:MonthlyDelivery>
                                                                    <proc:Month>2029-02</proc:Month>
                                                                    <proc:Amount>8</proc:Amount>
                                                                </proc:MonthlyDelivery>
                                                            </proc:MonthlyDeliveryList>
                                                        </proc:MonthlyDeliverySchedule>
                                                    </proc:MonthlyDeliveryScheduleList>
                                                    <proc:MonthlyDeliveryScheduleTotal>
                                                        <proc:ProcQuantity>100</proc:ProcQuantity>
                                                        <proc:MonthlyDeliveryList>
                                                            <proc:MonthlyDelivery>
                                                                <proc:Month>2028-03</proc:Month>
                                                                <proc:Amount>9</proc:Amount>
                                                            </proc:MonthlyDelivery>
                                                            <proc:MonthlyDelivery>
                                                                <proc:Month>2028-04</proc:Month>
                                                                <proc:Amount>9</proc:Amount>
                                                            </proc:MonthlyDelivery>
                                                            <proc:MonthlyDelivery>
                                                                <proc:Month>2028-05</proc:Month>
                                                                <proc:Amount>9</proc:Amount>
                                                            </proc:MonthlyDelivery>
                                                            <proc:MonthlyDelivery>
                                                                <proc:Month>2028-06</proc:Month>
                                                                <proc:Amount>9</proc:Amount>
                                                            </proc:MonthlyDelivery>
                                                            <proc:MonthlyDelivery>
                                                                <proc:Month>2028-07</proc:Month>
                                                                <proc:Amount>8</proc:Amount>
                                                            </proc:MonthlyDelivery>
                                                            <proc:MonthlyDelivery>
                                                                <proc:Month>2028-08</proc:Month>
                                                                <proc:Amount>8</proc:Amount>
                                                            </proc:MonthlyDelivery>
                                                            <proc:MonthlyDelivery>
                                                                <proc:Month>2028-09</proc:Month>
                                                                <proc:Amount>8</proc:Amount>
                                                            </proc:MonthlyDelivery>
                                                            <proc:MonthlyDelivery>
                                                                <proc:Month>2028-10</proc:Month>
                                                                <proc:Amount>8</proc:Amount>
                                                            </proc:MonthlyDelivery>
                                                            <proc:MonthlyDelivery>
                                                                <proc:Month>2028-11</proc:Month>
                                                                <proc:Amount>8</proc:Amount>
                                                            </proc:MonthlyDelivery>
                                                            <proc:MonthlyDelivery>
                                                                <proc:Month>2028-12</proc:Month>
                                                                <proc:Amount>8</proc:Amount>
                                                            </proc:MonthlyDelivery>
                                                            <proc:MonthlyDelivery>
                                                                <proc:Month>2029-01</proc:Month>
                                                                <proc:Amount>8</proc:Amount>
                                                            </proc:MonthlyDelivery>
                                                            <proc:MonthlyDelivery>
                                                                <proc:Month>2029-02</proc:Month>
                                                                <proc:Amount>8</proc:Amount>
                                                            </proc:MonthlyDelivery>
                                                        </proc:MonthlyDeliveryList>
                                                    </proc:MonthlyDeliveryScheduleTotal>
                                                </proc:HistoryPlanning>
                                                <proc:HistoryPlanning>
                                                    <proc:FiscalYear>2026</proc:FiscalYear>
                                                    <proc:PCOLocation>AFLCMC/PK Eglin AFB, FL</proc:PCOLocation>
                                                    <proc:AwardDate>2026-03</proc:AwardDate>
                                                    <proc:FirstDeliveryDate>2029-04</proc:FirstDeliveryDate>
                                                    <proc:Quantity>144</proc:Quantity>
                                                    <proc:UnitCost>2.584</proc:UnitCost>
                                                    <proc:SpecsAvailableNow>true</proc:SpecsAvailableNow>
                                                    <proc:RFPIssueDate>2023-08</proc:RFPIssueDate>
                                                    <proc:ContractMethod>SS</proc:ContractMethod>
                                                    <proc:ContractType>FFP</proc:ContractType>
                                                    <proc:MonthlyDeliveryScheduleList>
                                                        <proc:MonthlyDeliverySchedule>
                                                            <proc:ServiceAgencyName>Air Force</proc:ServiceAgencyName>
                                                            <proc:ProcQuantity>144</proc:ProcQuantity>
                                                            <proc:MonthlyDeliveryList>
                                                                <proc:MonthlyDelivery>
                                                                    <proc:Month>2029-04</proc:Month>
                                                                    <proc:Amount>12</proc:Amount>
                                                                </proc:MonthlyDelivery>
                                                                <proc:MonthlyDelivery>
                                                                    <proc:Month>2029-05</proc:Month>
                                                                    <proc:Amount>12</proc:Amount>
                                                                </proc:MonthlyDelivery>
                                                                <proc:MonthlyDelivery>
                                                                    <proc:Month>2029-06</proc:Month>
                                                                    <proc:Amount>12</proc:Amount>
                                                                </proc:MonthlyDelivery>
                                                                <proc:MonthlyDelivery>
                                                                    <proc:Month>2029-07</proc:Month>
                                                                    <proc:Amount>12</proc:Amount>
                                                                </proc:MonthlyDelivery>
                                                                <proc:MonthlyDelivery>
                                                                    <proc:Month>2029-08</proc:Month>
                                                                    <proc:Amount>12</proc:Amount>
                                                                </proc:MonthlyDelivery>
                                                                <proc:MonthlyDelivery>
                                                                    <proc:Month>2029-09</proc:Month>
                                                                    <proc:Amount>12</proc:Amount>
                                                                </proc:MonthlyDelivery>
                                                                <proc:MonthlyDelivery>
                                                                    <proc:Month>2029-10</proc:Month>
                                                                    <proc:Amount>12</proc:Amount>
                                                                </proc:MonthlyDelivery>
                                                                <proc:MonthlyDelivery>
                                                                    <proc:Month>2029-11</proc:Month>
                                                                    <proc:Amount>12</proc:Amount>
                                                                </proc:MonthlyDelivery>
                                                                <proc:MonthlyDelivery>
                                                                    <proc:Month>2029-12</proc:Month>
                                                                    <proc:Amount>12</proc:Amount>
                                                                </proc:MonthlyDelivery>
                                                                <proc:MonthlyDelivery>
                                                                    <proc:Month>2030-01</proc:Month>
                                                                    <proc:Amount>12</proc:Amount>
                                                                </proc:MonthlyDelivery>
                                                                <proc:MonthlyDelivery>
                                                                    <proc:Month>2030-02</proc:Month>
                                                                    <proc:Amount>12</proc:Amount>
                                                                </proc:MonthlyDelivery>
                                                                <proc:MonthlyDelivery>
                                                                    <proc:Month>2030-03</proc:Month>
                                                                    <proc:Amount>12</proc:Amount>
                                                                </proc:MonthlyDelivery>
                                                            </proc:MonthlyDeliveryList>
                                                        </proc:MonthlyDeliverySchedule>
                                                    </proc:MonthlyDeliveryScheduleList>
                                                    <proc:MonthlyDeliveryScheduleTotal>
                                                        <proc:ProcQuantity>144</proc:ProcQuantity>
                                                        <proc:MonthlyDeliveryList>
                                                            <proc:MonthlyDelivery>
                                                                <proc:Month>2029-04</proc:Month>
                                                                <proc:Amount>12</proc:Amount>
                                                            </proc:MonthlyDelivery>
                                                            <proc:MonthlyDelivery>
                                                                <proc:Month>2029-05</proc:Month>
                                                                <proc:Amount>12</proc:Amount>
                                                            </proc:MonthlyDelivery>
                                                            <proc:MonthlyDelivery>
                                                                <proc:Month>2029-06</proc:Month>
                                                                <proc:Amount>12</proc:Amount>
                                                            </proc:MonthlyDelivery>
                                                            <proc:MonthlyDelivery>
                                                                <proc:Month>2029-07</proc:Month>
                                                                <proc:Amount>12</proc:Amount>
                                                            </proc:MonthlyDelivery>
                                                            <proc:MonthlyDelivery>
                                                                <proc:Month>2029-08</proc:Month>
                                                                <proc:Amount>12</proc:Amount>
                                                            </proc:MonthlyDelivery>
                                                            <proc:MonthlyDelivery>
                                                                <proc:Month>2029-09</proc:Month>
                                                                <proc:Amount>12</proc:Amount>
                                                            </proc:MonthlyDelivery>
                                                            <proc:MonthlyDelivery>
                                                                <proc:Month>2029-10</proc:Month>
                                                                <proc:Amount>12</proc:Amount>
                                                            </proc:MonthlyDelivery>
                                                            <proc:MonthlyDelivery>
                                                                <proc:Month>2029-11</proc:Month>
                                                                <proc:Amount>12</proc:Amount>
                                                            </proc:MonthlyDelivery>
                                                            <proc:MonthlyDelivery>
                                                                <proc:Month>2029-12</proc:Month>
                                                                <proc:Amount>12</proc:Amount>
                                                            </proc:MonthlyDelivery>
                                                            <proc:MonthlyDelivery>
                                                                <proc:Month>2030-01</proc:Month>
                                                                <proc:Amount>12</proc:Amount>
                                                            </proc:MonthlyDelivery>
                                                            <proc:MonthlyDelivery>
                                                                <proc:Month>2030-02</proc:Month>
                                                                <proc:Amount>12</proc:Amount>
                                                            </proc:MonthlyDelivery>
                                                            <proc:MonthlyDelivery>
                                                                <proc:Month>2030-03</proc:Month>
                                                                <proc:Amount>12</proc:Amount>
                                                            </proc:MonthlyDelivery>
                                                        </proc:MonthlyDeliveryList>
                                                    </proc:MonthlyDeliveryScheduleTotal>
                                                </proc:HistoryPlanning>
                                            </proc:HistoryPlanningList>
                                        </proc:Manufacturer>
                                    </proc:ManufacturerList>
                                </proc:CostElement>
                                <proc:CostElement>
                                    <proc:Name>AGM-158B-3</proc:Name>
                                    <proc:Cost>
                                        <proc:Quantity>
                                            <proc:PriorYear>30</proc:PriorYear>
                                            <proc:CurrentYear>200</proc:CurrentYear>
                                        </proc:Quantity>
                                        <proc:TotalCost>
                                            <proc:PriorYear>65.46</proc:PriorYear>
                                            <proc:CurrentYear>431.35</proc:CurrentYear>
                                        </proc:TotalCost>
                                        <proc:UnitCost>
                                            <proc:PriorYear>2.182</proc:PriorYear>
                                            <proc:CurrentYear>2.157</proc:CurrentYear>
                                        </proc:UnitCost>
                                    </proc:Cost>
                                </proc:CostElement>
                                <proc:CostElement>
                                    <proc:Name>AGM-158A</proc:Name>
                                    <proc:Cost>
                                        <proc:Quantity>
                                            <proc:AllPriorYears>2034</proc:AllPriorYears>
                                        </proc:Quantity>
                                        <proc:TotalCost>
                                            <proc:AllPriorYears>1420.038</proc:AllPriorYears>
                                        </proc:TotalCost>
                                        <proc:UnitCost>
                                            <proc:AllPriorYears>0.698</proc:AllPriorYears>
                                        </proc:UnitCost>
                                    </proc:Cost>
                                </proc:CostElement>
                            </proc:CostElementList>
                            <proc:CategorySubtotal>
                                <proc:TotalCost>
                                    <proc:AllPriorYears>5461.538</proc:AllPriorYears>
                                    <proc:PriorYear>1826.69</proc:PriorYear>
                                    <proc:CurrentYear>932.049</proc:CurrentYear>
                                    <proc:BudgetYearOneBase>422.58</proc:BudgetYearOneBase>
                                    <proc:BudgetYearOne>422.58</proc:BudgetYearOne>
                                </proc:TotalCost>
                            </proc:CategorySubtotal>
                        </proc:Recurring>
                        <proc:CategorySubtotal>
                            <proc:TotalCost>
                                <proc:AllPriorYears>5461.538</proc:AllPriorYears>
                                <proc:PriorYear>1826.69</proc:PriorYear>
                                <proc:CurrentYear>932.049</proc:CurrentYear>
                                <proc:BudgetYearOneBase>422.58</proc:BudgetYearOneBase>
                                <proc:BudgetYearOne>422.58</proc:BudgetYearOne>
                            </proc:TotalCost>
                        </proc:CategorySubtotal>
                    </proc:Flyaway>
                    <proc:Support>
                        <proc:CostElementList>
                            <proc:CostElement>
                                <proc:Name>Program Support Costs (PSC) Contractor Services</proc:Name>
                                <proc:Cost>
                                    <proc:TotalCost>
                                        <proc:AllPriorYears>72.456</proc:AllPriorYears>
                                        <proc:PriorYear>6.71</proc:PriorYear>
                                        <proc:CurrentYear>10.98</proc:CurrentYear>
                                        <proc:BudgetYearOneBase>10.984</proc:BudgetYearOneBase>
                                        <proc:BudgetYearOne>10.984</proc:BudgetYearOne>
                                    </proc:TotalCost>
                                </proc:Cost>
                            </proc:CostElement>
                            <proc:CostElement>
                                <proc:Name>Program Support Costs (PSC) Other Government Costs</proc:Name>
                                <proc:Cost>
                                    <proc:TotalCost>
                                        <proc:AllPriorYears>35.432</proc:AllPriorYears>
                                        <proc:PriorYear>5.83</proc:PriorYear>
                                        <proc:CurrentYear>5.06</proc:CurrentYear>
                                        <proc:BudgetYearOneBase>5.162</proc:BudgetYearOneBase>
                                        <proc:BudgetYearOne>5.162</proc:BudgetYearOne>
                                    </proc:TotalCost>
                                </proc:Cost>
                            </proc:CostElement>
                            <proc:CostElement>
                                <proc:Name>Test Support/Reliability/Obsolescence</proc:Name>
                                <proc:Cost>
                                    <proc:TotalCost>
                                        <proc:AllPriorYears>729.891</proc:AllPriorYears>
                                        <proc:PriorYear>33.6</proc:PriorYear>
                                        <proc:CurrentYear>58.68</proc:CurrentYear>
                                        <proc:BudgetYearOneBase>58.682</proc:BudgetYearOneBase>
                                        <proc:BudgetYearOne>58.682</proc:BudgetYearOne>
                                    </proc:TotalCost>
                                </proc:Cost>
                            </proc:CostElement>
                            <proc:CostElement>
                                <proc:Name>Prime Contractor Support</proc:Name>
                                <proc:Cost>
                                    <proc:TotalCost>
                                        <proc:AllPriorYears>168.296</proc:AllPriorYears>
                                        <proc:PriorYear>10.52</proc:PriorYear>
                                        <proc:CurrentYear>9.87</proc:CurrentYear>
                                        <proc:BudgetYearOneBase>13.091</proc:BudgetYearOneBase>
                                        <proc:BudgetYearOne>13.091</proc:BudgetYearOne>
                                    </proc:TotalCost>
                                </proc:Cost>
                            </proc:CostElement>
                            <proc:CostElement>
                                <proc:Name>Facilitization</proc:Name>
                                <proc:Cost>
                                    <proc:TotalCost>
                                        <proc:AllPriorYears>140.657</proc:AllPriorYears>
                                        <proc:PriorYear>76.23</proc:PriorYear>
                                        <proc:CurrentYear>25.83</proc:CurrentYear>
                                        <proc:BudgetYearOneBase>0</proc:BudgetYearOneBase>
                                        <proc:BudgetYearOne>0</proc:BudgetYearOne>
                                    </proc:TotalCost>
                                </proc:Cost>
                            </proc:CostElement>
                            <proc:CostElement>
                                <proc:Name>New Factory/Ramp-up</proc:Name>
                                <proc:Cost>
                                    <proc:TotalCost>
                                        <proc:AllPriorYears>49.526</proc:AllPriorYears>
                                    </proc:TotalCost>
                                </proc:Cost>
                            </proc:CostElement>
                        </proc:CostElementList>
                        <proc:CategorySubtotal>
                            <proc:TotalCost>
                                <proc:AllPriorYears>1196.258</proc:AllPriorYears>
                                <proc:PriorYear>132.89</proc:PriorYear>
                                <proc:CurrentYear>110.42</proc:CurrentYear>
                                <proc:BudgetYearOneBase>87.919</proc:BudgetYearOneBase>
                                <proc:BudgetYearOne>87.919</proc:BudgetYearOne>
                            </proc:TotalCost>
                        </proc:CategorySubtotal>
                        <proc:Name>Joint Air-Surface Standoff Missile</proc:Name>
                    </proc:Support>
                </proc:CostElementCategoryList>
                <proc:OverallHistoryPlanningRemarks>The variants in development will be gradually inserted into the production line as a new missile build once ready. Missiles accepted by the Air Force will not be returned for modification to the newest variant. 

The Lot 20 contract was awarded in November 2021 for 525 AGM-158Bs. A contract modification to change 245 of the AGM-158B missiles to AGM-158B-2 was awarded in May 2023. 

The Lot 21 contract was awarded in March 2023 for 600 AGM-158B-2s.

The Lot 22 Undefinitized Contract Award was in Sept 2024 for 1140 AGM-158B-2s. A contract modification to change 40 of the AGM-158B-2 missiles to AGM-158B-3s is projected in 2026. A contract modification to change 10 of the AGM-158B-3 missiles to AGM-158D is projected in 2026. 

238 B-2s and 148 Ds will be procured for Lot 23 using FY24 funds from Ukraine Presidential Drawdown Authority Tranche 25 and JASSM UKR WPN plus up.

The Lot 23 is part of Large Lot Procurement (LLP) . Includes 150 AGM-158B-2s, 200 AGM-158B-3s, and 100 AGM-158Ds.   

The Lot 24 is part of LLP. Includes 144 AGM-158Ds.

LMMFC is the only contractor able to fulfill the Government's requirements listed in this J&amp;A as cited below in this section. The original business strategy for the JASSM Baseline program included a full and open competition with two (2) contracts awarded to McDonnell Douglas (now The Boeing Company) and Lockheed Martin Integrated Systems (now Lockheed Martin Missile and Fire Control (LMMFC)). During a rolling down-select in the PDRR phase, the Program Office conducted a down select to one (1) contractor (winner take all) for completion of development and production of an estimated 2,400 JASSM Baseline units. In April 1998, the Government selected Lockheed Martin as the best value offer to be the JASSM Baseline prime contractor. The competitive acquisition plan included any upgrades to the JASSM Baseline system, such as the extended range capability.

It would cost the USG at least $4.962B to attain the level of production currently realized in the present day by JASSM and its variants. Based on Government estimates, if the remaining JASSM requirements including all future quantities were re-competed, the nearly 5B investment would not be recovered. Accordingly, LMMFC is the only firm capable of providing the supplies and services described in the Justification and Approval for other than Full and Open Competition document, Section Ill without DoD and FMS customers experiencing substantial duplication of cost that are not expected to be recovered through competition.</proc:OverallHistoryPlanningRemarks>
                <proc:OverallDeliveryScheduleRemarks>Minimum Sustained Rate (MSR) Increased due to new operational production facility.

LRASM and JASSM missiles are procured on the same LLP contract.

LRASM and JASSM missiles currently share the same assembly line and are procured on the same contract. JASSM MSR is 336 which leaves a LRASM capacity of 60 for a total of 396 for both in FY26.  1 shift (1-4-10) in both buildings.

Reference LRASM0 PE Line item 0207325F document, page 10 of 14, Exhibit P-21.
  
Variant mix quantity totals in all fiscal years are above MSR.

LRASM AGM-158C-1 and  AGM-158C-3

JASSM AGM-158B-2, AGM-158B-3 and AGM-158D</proc:OverallDeliveryScheduleRemarks>
                <proc:P10AdvanceProcurement>
                    <proc:FirstSystemAwardDate>2024-06</proc:FirstSystemAwardDate>
                    <proc:FirstSystemCompletionDate>2027-02</proc:FirstSystemCompletionDate>
                    <proc:IntervalBetweenSystems>1</proc:IntervalBetweenSystems>
                    <proc:Description>In the FY 2024 budget request, the Department initiated a Multiyear Procurement (MYP) strategy for JASSM and LRASM, under the Large Lot Procurement (LLP) concept. The MYP will be executed in a concurrent and overlapping multiyear strategy so that synergies in production across different but related programs in sequential production lots generate efficiencies and result in stabilization of the industrial base.

Funding breakout of 769.672 is 40.000M for Advanced Procurement. This funding secures long-lead/high-risk material buys of the missile that include long-lead micro-electronics and rare earth elements. It reduces the risk of late missile delivery, improves stock position in the event of a surge, and helps mitigate obsolescence risk. The remaining 729.672M EOQ will be used for other raw materials and procurement of bulk buys.

**Note - EOQ was calculated as 15% of the Procurement Funding associated with a MYP contract beginning with a contract award in FY24 and culminating in FY28. The EOQ funding is NOT calculated using a single year procurement quantity or funding amount. FY24 funding total of 769.672M includes 729.672M for EOQ financing for Lots 22-26 and 40.000M to procure long-lead time parts for Lot 23.</proc:Description>
                    <proc:ProductionLeadtime>33</proc:ProductionLeadtime>
                    <proc:APCostElementCategoryList>
                        <proc:EOQ>
                            <proc:APCostElement>
                                <proc:Name>AGM-158B-2</proc:Name>
                                <proc:WhenRequiredInMonths>33</proc:WhenRequiredInMonths>
                                <proc:Cost>
                                    <proc:PriorYear>769.672</proc:PriorYear>
                                    <proc:CurrentYear>0</proc:CurrentYear>
                                </proc:Cost>
                            </proc:APCostElement>
                            <proc:CategorySubtotal>
                                <proc:PriorYear>769.672</proc:PriorYear>
                                <proc:CurrentYear>0</proc:CurrentYear>
                            </proc:CategorySubtotal>
                        </proc:EOQ>
                    </proc:APCostElementCategoryList>
                </proc:P10AdvanceProcurement>
            </proc:P5Item>
        </proc:ItemExhibitList>
        <proc:DocumentAssemblyOptions>
            <proc:p40AItemScheduleSetting>expandItemSuppressExhibit</proc:p40AItemScheduleSetting>
        </proc:DocumentAssemblyOptions>
    </proc:LineItem>
</proc:LineItemList>