<?xml version="1.0" encoding="UTF-8"?>
<proc:LineItemList xmlns:proc="http://www.dtic.mil/comptroller/xml/schema/20100219/procurement">
    <proc:LineItem quantityUnits="Each" unitCostUnits="Millions" totalCostUnits="Millions" manufacturerRateUnits="Yearly">
        <proc:LineItemNumber>PRDTA2</proc:LineItemNumber>
        <proc:LineItemTitle>Predator Hellfire Missile</proc:LineItemTitle>
        <proc:P1LineNumber>20</proc:P1LineNumber>
        <proc:BudgetYear>2026</proc:BudgetYear>
        <proc:BudgetCycle>PB</proc:BudgetCycle>
        <proc:SubmissionDate>2025-06</proc:SubmissionDate>
        <proc:ServiceAgencyName>Air Force</proc:ServiceAgencyName>
        <proc:AppropriationNumber>3020F</proc:AppropriationNumber>
        <proc:AppropriationTitle>Missile Procurement, Air Force</proc:AppropriationTitle>
        <proc:BudgetActivityNumber>2</proc:BudgetActivityNumber>
        <proc:BudgetActivityTitle>Other Missiles</proc:BudgetActivityTitle>
        <proc:BudgetSubActivityNumber>2</proc:BudgetSubActivityNumber>
        <proc:BudgetSubActivityTitle>Tactical</proc:BudgetSubActivityTitle>
        <proc:ResourceSummary>
            <proc:TotalCost>
                <proc:PriorYear>1.049</proc:PriorYear>
                <proc:CurrentYear>0</proc:CurrentYear>
                <proc:BudgetYearOneBase>0</proc:BudgetYearOneBase>
                <proc:BudgetYearOne>0</proc:BudgetYearOne>
            </proc:TotalCost>
            <proc:NetProcurementP1>
                <proc:PriorYear>1.049</proc:PriorYear>
                <proc:CurrentYear>0</proc:CurrentYear>
                <proc:BudgetYearOneBase>0</proc:BudgetYearOneBase>
                <proc:BudgetYearOne>0</proc:BudgetYearOne>
            </proc:NetProcurementP1>
            <proc:TotalObligationAuthority>
                <proc:PriorYear>1.049</proc:PriorYear>
                <proc:CurrentYear>0</proc:CurrentYear>
                <proc:BudgetYearOneBase>0</proc:BudgetYearOneBase>
                <proc:BudgetYearOne>0</proc:BudgetYearOne>
            </proc:TotalObligationAuthority>
        </proc:ResourceSummary>
        <proc:Code>A</proc:Code>
        <proc:OtherRelatedProgramElementList>
            <proc:ProgramElementNumber>0305219F</proc:ProgramElementNumber>
        </proc:OtherRelatedProgramElementList>
        <proc:Description>In FY2024, PRDTA2, Hellfire was completed and no future procurements are expected

The Army is the Lead Service for the HELLFIRE Missile program with Air Force missiles being procured through the Army's Redstone Arsenal. HELLFIRE missiles (all variants) provide precision-kill capability and has become a key weapon in overseas operations. Laser HELLFIRE uses semi-active laser terminal guidance. The latest variant provides for point target precision strike and is effective against countermeasures. The HELLFIRE missiles are used by the MQ-9 Reaper aircraft. 

HELLFIRE procurement funding supports the entire HELLFIRE system to include resolution of obsolescence, end-of-life buys, safety, insensitive munitions, reliability, weapon integration activities, test sets, engineering changes, modifications, facilitation, production ramp-up activities and production issues.  Funding may be used to address Diminishing Manufacturing Sources (DMS) issues.  HELLFIRE unit cost may vary based on procurement quantities of Lead Service, other Services and/or Foreign Military Sales (FMS) for HELLFIRE.  Prior to FY08, HELLFIRE missiles were procured under the Predator PE 0305219F.      

Note: These funds may also procure inventoried items which may not be procured on an annual basis and could be required on an emerging basis.  Variations to cover critical shortfalls to inventory objectives as well as actual and planned expenditures will be addressed during execution year. Procurement quantities can change based on negotiated options/pricing bands and available funding, in accordance with Title 10, U.S Code Section 2308 BUY-TO-BUDGET ACQUISITION.

Procurements for the execution year may vary due to changes in inventory objectives. Combatant commanders' requirements for Operational Plans influence these objectives, which are updated throughout the year.

Funds may be used to address production Diminishing Manufacturing Sources (DMS)/Material Shortages/Obsolescence issues through studies, bridge buys, life of type buys, supplier/parts replacement, to include electronic components used commercially and in short supply, and qualification activities to preserve future production capabilities and capacities.

Funding for this exhibit contained in PE 0201109F.</proc:Description>
        <proc:Justification>There is no FY26 budget request.</proc:Justification>
        <proc:DocumentAssemblyOptions>
            <proc:p40AItemScheduleSetting>expandItemSuppressExhibit</proc:p40AItemScheduleSetting>
        </proc:DocumentAssemblyOptions>
    </proc:LineItem>
</proc:LineItemList>