<?xml version="1.0" encoding="UTF-8"?>
<proc:LineItemList xmlns:proc="http://www.dtic.mil/comptroller/xml/schema/20100219/procurement">
    <proc:LineItem quantityUnits="Each" unitCostUnits="Millions" totalCostUnits="Millions" manufacturerRateUnits="Yearly">
        <proc:LineItemNumber>000042</proc:LineItemNumber>
        <proc:LineItemTitle>Industrial Preparedness/Pol Prevention</proc:LineItemTitle>
        <proc:P1LineNumber>24</proc:P1LineNumber>
        <proc:BudgetYear>2026</proc:BudgetYear>
        <proc:BudgetCycle>PB</proc:BudgetCycle>
        <proc:SubmissionDate>2025-06</proc:SubmissionDate>
        <proc:ServiceAgencyName>Air Force</proc:ServiceAgencyName>
        <proc:AppropriationNumber>3020F</proc:AppropriationNumber>
        <proc:AppropriationTitle>Missile Procurement, Air Force</proc:AppropriationTitle>
        <proc:BudgetActivityNumber>2</proc:BudgetActivityNumber>
        <proc:BudgetActivityTitle>Other Missiles</proc:BudgetActivityTitle>
        <proc:BudgetSubActivityNumber>5</proc:BudgetSubActivityNumber>
        <proc:BudgetSubActivityTitle>Industrial Facilities</proc:BudgetSubActivityTitle>
        <proc:ResourceSummary>
            <proc:TotalCost>
                <proc:PriorYear>0.793</proc:PriorYear>
                <proc:CurrentYear>0.913</proc:CurrentYear>
                <proc:BudgetYearOneBase>0.917</proc:BudgetYearOneBase>
                <proc:BudgetYearOne>0.917</proc:BudgetYearOne>
            </proc:TotalCost>
            <proc:NetProcurementP1>
                <proc:PriorYear>0.793</proc:PriorYear>
                <proc:CurrentYear>0.913</proc:CurrentYear>
                <proc:BudgetYearOneBase>0.917</proc:BudgetYearOneBase>
                <proc:BudgetYearOne>0.917</proc:BudgetYearOne>
            </proc:NetProcurementP1>
            <proc:TotalObligationAuthority>
                <proc:PriorYear>0.793</proc:PriorYear>
                <proc:CurrentYear>0.913</proc:CurrentYear>
                <proc:BudgetYearOneBase>0.917</proc:BudgetYearOneBase>
                <proc:BudgetYearOne>0.917</proc:BudgetYearOne>
            </proc:TotalObligationAuthority>
        </proc:ResourceSummary>
        <proc:Code>A</proc:Code>
        <proc:Description>The Air Force Industrial Preparedness program element combines the resources of several appropriations (Aircraft Procurement, Missile Procurement, and Operation and Maintenance) to create a comprehensive program that aids in ensuring the defense industry can supply reliable, safe, affordable systems to operational commanders.
 
The Missile Procurement part of Industrial Preparedness supports the management and upkeep of Air Force Plant 44, Tucson, AZ. This includes capital type rehabilitation (MPC 3000) projects for repair and expansion, major capital rehabilitation, construction, demolition, equipment, property appraisals and energy conservation ensuring industrial plant operational safety, security, suitability, and effectiveness to meet the nation's missile production needs; and environmental compliance (MPC 7000) efforts to ensure compliance with federal, state and local regulatory requirements to avoid risk of: shutdown due to non-compliance, clean-up costs, and penalties from Federal State, and Local regulators. The environmental compliance program includes efforts to enhance compliance through pollution prevention reducing controlled emissions and use of hazardous materials. Air Force Plant 44 is the backbone of Department of Defense (DoD) weapon systems assembly and maintenance supporting Storm Breaker, AMRAAM, Javelin, Griffin, Phalanx, Sidewinder, Standard Missiles, Stinger, Tomahawk, and numerous other weapon system.  Funds are also provided within this appropriation to assess missile-related industrial base concerns (MPC 6000).  

Funding for this exhibit is contained in PE 78011F</proc:Description>
        <proc:Justification>FY2026 funds missile-related industrial base assessments (MPC 6000), environmental compliance (MPC 7000) and capital type rehabilitation (MPC 3000) programs, at Air Force Plant 44, a unique defense asset which supports the production of several missile systems for the Air Force and the Navy.</proc:Justification>
        <proc:DocumentAssemblyOptions>
            <proc:p40AItemScheduleSetting>expandItemSuppressExhibit</proc:p40AItemScheduleSetting>
        </proc:DocumentAssemblyOptions>
    </proc:LineItem>
</proc:LineItemList>