<?xml version="1.0" encoding="UTF-8"?>
<proc:LineItemList xmlns:proc="http://www.dtic.mil/comptroller/xml/schema/20100219/procurement">
    <proc:LineItem quantityUnits="Each" unitCostUnits="Millions" totalCostUnits="Millions" manufacturerRateUnits="Yearly">
        <proc:LineItemNumber>222000</proc:LineItemNumber>
        <proc:LineItemTitle>Replac Equip &amp; War Consumables</proc:LineItemTitle>
        <proc:P1LineNumber>7</proc:P1LineNumber>
        <proc:BudgetYear>2026</proc:BudgetYear>
        <proc:BudgetCycle>PB</proc:BudgetCycle>
        <proc:SubmissionDate>2025-06</proc:SubmissionDate>
        <proc:ServiceAgencyName>Air Force</proc:ServiceAgencyName>
        <proc:AppropriationNumber>3020F</proc:AppropriationNumber>
        <proc:AppropriationTitle>Missile Procurement, Air Force</proc:AppropriationTitle>
        <proc:BudgetActivityNumber>2</proc:BudgetActivityNumber>
        <proc:BudgetActivityTitle>Other Missiles</proc:BudgetActivityTitle>
        <proc:BudgetSubActivityNumber>2</proc:BudgetSubActivityNumber>
        <proc:BudgetSubActivityTitle>Tactical</proc:BudgetSubActivityTitle>
        <proc:ResourceSummary>
            <proc:TotalCost>
                <proc:PriorYear>33.844</proc:PriorYear>
                <proc:CurrentYear>6.533</proc:CurrentYear>
                <proc:BudgetYearOneBase>12.436</proc:BudgetYearOneBase>
                <proc:BudgetYearOne>12.436</proc:BudgetYearOne>
            </proc:TotalCost>
            <proc:NetProcurementP1>
                <proc:PriorYear>33.844</proc:PriorYear>
                <proc:CurrentYear>6.533</proc:CurrentYear>
                <proc:BudgetYearOneBase>12.436</proc:BudgetYearOneBase>
                <proc:BudgetYearOne>12.436</proc:BudgetYearOne>
            </proc:NetProcurementP1>
            <proc:TotalObligationAuthority>
                <proc:PriorYear>33.844</proc:PriorYear>
                <proc:CurrentYear>6.533</proc:CurrentYear>
                <proc:BudgetYearOneBase>12.436</proc:BudgetYearOneBase>
                <proc:BudgetYearOne>12.436</proc:BudgetYearOne>
            </proc:TotalObligationAuthority>
        </proc:ResourceSummary>
        <proc:Code>A</proc:Code>
        <proc:Description>Common Munitions BIT Reprogramming Equipment (CMBRE) Cyber Enhanced (CE) is a critical program replacing a legacy system fielded in the 1990s utilizing floppy drives and a DOS/Win XP operating system.  The CMBRE CE program will mitigate the effects and risk associated with a growing list of 20+ obsolete components, outdated technology, and insufficient cybersecurity outlined in Red Team and POA&amp;M findings in order to sustain current capabilities.  CMBRE SLEP will  effectively support the 20+ smart munitions and weapon systems currently fielded for the warfighter today, as well as advanced systems currently in development. CMBRE SLEP is needed to verify weapons built-in test status, reprogram operational flight data, and up/download mission and GPS data. 

Cruise Missile Automatic Test System (CM-ATS)
The CM-ATS is a nuclear certified tester designed to test the AGM-86 Cruise Missile fleet, the B-2 RLA, and associated Carrier Aircraft Equipment (CAE) used to launch missiles.

Funding for this exhibit is contained in PE 0701212F.</proc:Description>
        <proc:Justification>FY 2026 Funds are required for the Common Munitions BIT Reprogramming Equipment (CMBRE) Cyber Enhanced (CE) Program and the Cruise Missile Automatic Test System (CM-ATS).

FY 2026 funding increase is due to increase in production hardware kits.  The cost of Munitions Application Programs (MAPs) an average cost increase of 500K per Munitions Application Program (MAP) for established munitions and increases of up to $2M or more advanced/newer munitions. CMBRE system procurement costs have increased from originally estimated costs due to the inflated costs of CCA components, digital controller unit components, and assembly labor costs.

Funds will be used to procure and recapitalize the ATS Product Group which consists of:  Armament and Stores ATS and Software Loader/Verifier and Built-in-Test ATS to include proven commercial and/or Government off-the-shelf ATS to replace legacy and obsolete systems to ensure persistent logistics and enable agile combat employment.

Funds are required in order to upgrade the CMBRE CE and CM-ATS system.  CMBRE is comprised of three major components that must be replaced: Digital Computer System Assembly (DCSA), Test Adapter Unit (TAU), and ADU.  There will be no test capability for smart munitions and Bomber Rack Unit, BRU-61, for fighter aircraft if upgrades are not complete.


CMBRE Tester is used to initiate built-in test (BIT), reprogram the Operational Flight Programs (OFPs) for MIL-STD-1760/Non-1760 smart bombs and missiles, upload mission planning, and upload/download Global Positioning System (GPS) crypto keys.

CMBRE SLEP breaks vendor lock, allowing the Government to own full data rights and the technical data package (TDP).  It also addresses obsolescence and cyber security issues.

The CM-ATS is a nuclear certified tester designed to test the AGM-86 Cruise Missile fleet, the B-2 Rotary Launcher Assembly (RLA), and associated Carrier Aircraft Equipment (CAE) used to launch missiles.</proc:Justification>
        <proc:ItemExhibitList>
            <proc:P40AItemGroup>
                <proc:Name>Replac Equip &amp; War Consumables</proc:Name>
                <proc:CategoryList>
                    <proc:Category>
                        <proc:Name>ARMAMENT AND STORES</proc:Name>
                        <proc:ItemList>
                            <proc:Item>
                                <proc:Name>CRUISE MISSILE ATS</proc:Name>
                                <proc:IdCode>A</proc:IdCode>
                                <proc:ResourceSummary>
                                    <proc:Quantity>
                                        <proc:CurrentYear>1</proc:CurrentYear>
                                        <proc:BudgetYearOneBase>1</proc:BudgetYearOneBase>
                                        <proc:BudgetYearOne>1</proc:BudgetYearOne>
                                    </proc:Quantity>
                                    <proc:TotalCost>
                                        <proc:CurrentYear>0.991</proc:CurrentYear>
                                        <proc:BudgetYearOneBase>1.01</proc:BudgetYearOneBase>
                                        <proc:BudgetYearOne>1.01</proc:BudgetYearOne>
                                    </proc:TotalCost>
                                    <proc:UnitCost>
                                        <proc:CurrentYear>0.991</proc:CurrentYear>
                                        <proc:BudgetYearOneBase>1.01</proc:BudgetYearOneBase>
                                        <proc:BudgetYearOne>1.01</proc:BudgetYearOne>
                                    </proc:UnitCost>
                                </proc:ResourceSummary>
                            </proc:Item>
                        </proc:ItemList>
                        <proc:CategorySubtotal>
                            <proc:TotalCost>
                                <proc:CurrentYear>0.991</proc:CurrentYear>
                                <proc:BudgetYearOneBase>1.01</proc:BudgetYearOneBase>
                                <proc:BudgetYearOne>1.01</proc:BudgetYearOne>
                            </proc:TotalCost>
                        </proc:CategorySubtotal>
                    </proc:Category>
                    <proc:Category>
                        <proc:Name>SOFTWARE LOADER VERIFIER AUTOMATIC TEST SYSTEMS</proc:Name>
                        <proc:ItemList>
                            <proc:Item>
                                <proc:Name>DCSA PRODUCTION UNITS (CMBRE CE / SLEP)</proc:Name>
                                <proc:IdCode>A</proc:IdCode>
                                <proc:ResourceSummary>
                                    <proc:TotalCost>
                                        <proc:AllPriorYears>0</proc:AllPriorYears>
                                    </proc:TotalCost>
                                </proc:ResourceSummary>
                            </proc:Item>
                            <proc:Item>
                                <proc:Name>LRIP PRODUCTION</proc:Name>
                                <proc:IdCode>A</proc:IdCode>
                                <proc:ResourceSummary>
                                    <proc:Quantity>
                                        <proc:PriorYear>150</proc:PriorYear>
                                        <proc:CurrentYear>1</proc:CurrentYear>
                                        <proc:BudgetYearOneBase>1</proc:BudgetYearOneBase>
                                        <proc:BudgetYearOne>1</proc:BudgetYearOne>
                                    </proc:Quantity>
                                    <proc:TotalCost>
                                        <proc:PriorYear>27.45</proc:PriorYear>
                                        <proc:CurrentYear>1.542</proc:CurrentYear>
                                        <proc:BudgetYearOneBase>11.426</proc:BudgetYearOneBase>
                                        <proc:BudgetYearOne>11.426</proc:BudgetYearOne>
                                    </proc:TotalCost>
                                    <proc:UnitCost>
                                        <proc:PriorYear>0.183</proc:PriorYear>
                                        <proc:CurrentYear>1.542</proc:CurrentYear>
                                        <proc:BudgetYearOneBase>11.426</proc:BudgetYearOneBase>
                                        <proc:BudgetYearOne>11.426</proc:BudgetYearOne>
                                    </proc:UnitCost>
                                </proc:ResourceSummary>
                            </proc:Item>
                            <proc:Item>
                                <proc:Name>Munition Application Program (MAPs) (CMBFRE CE/SLEP)</proc:Name>
                                <proc:IdCode>A</proc:IdCode>
                                <proc:ResourceSummary>
                                    <proc:Quantity>
                                        <proc:PriorYear>1</proc:PriorYear>
                                        <proc:CurrentYear>1</proc:CurrentYear>
                                    </proc:Quantity>
                                    <proc:TotalCost>
                                        <proc:PriorYear>3</proc:PriorYear>
                                        <proc:CurrentYear>3.5</proc:CurrentYear>
                                    </proc:TotalCost>
                                    <proc:UnitCost>
                                        <proc:PriorYear>3</proc:PriorYear>
                                        <proc:CurrentYear>3.5</proc:CurrentYear>
                                    </proc:UnitCost>
                                </proc:ResourceSummary>
                            </proc:Item>
                            <proc:Item>
                                <proc:Name>ICS  (CMBRE CE/SLEP)</proc:Name>
                                <proc:IdCode>A</proc:IdCode>
                                <proc:ResourceSummary>
                                    <proc:TotalCost>
                                        <proc:PriorYear>0</proc:PriorYear>
                                    </proc:TotalCost>
                                </proc:ResourceSummary>
                            </proc:Item>
                            <proc:Item>
                                <proc:Name>Program Management Administration (PMA)</proc:Name>
                                <proc:IdCode>A</proc:IdCode>
                                <proc:ResourceSummary>
                                    <proc:Quantity>
                                        <proc:PriorYear>1</proc:PriorYear>
                                        <proc:CurrentYear>1</proc:CurrentYear>
                                    </proc:Quantity>
                                    <proc:TotalCost>
                                        <proc:PriorYear>0.501</proc:PriorYear>
                                        <proc:CurrentYear>0.5</proc:CurrentYear>
                                    </proc:TotalCost>
                                    <proc:UnitCost>
                                        <proc:PriorYear>0.501</proc:PriorYear>
                                        <proc:CurrentYear>0.5</proc:CurrentYear>
                                    </proc:UnitCost>
                                </proc:ResourceSummary>
                            </proc:Item>
                            <proc:Item>
                                <proc:Name>CMBRE -CONGRESSIONAL ADD</proc:Name>
                                <proc:IdCode>A</proc:IdCode>
                                <proc:ResourceSummary>
                                    <proc:Quantity>
                                        <proc:PriorYear>1</proc:PriorYear>
                                    </proc:Quantity>
                                    <proc:TotalCost>
                                        <proc:PriorYear>2.893</proc:PriorYear>
                                    </proc:TotalCost>
                                    <proc:UnitCost>
                                        <proc:PriorYear>2.893</proc:PriorYear>
                                    </proc:UnitCost>
                                </proc:ResourceSummary>
                            </proc:Item>
                        </proc:ItemList>
                        <proc:CategorySubtotal>
                            <proc:TotalCost>
                                <proc:PriorYear>33.844</proc:PriorYear>
                                <proc:CurrentYear>5.542</proc:CurrentYear>
                                <proc:BudgetYearOneBase>11.426</proc:BudgetYearOneBase>
                                <proc:BudgetYearOne>11.426</proc:BudgetYearOne>
                            </proc:TotalCost>
                        </proc:CategorySubtotal>
                    </proc:Category>
                </proc:CategoryList>
                <proc:Remarks>FY26 funds will be utilized to procure 200 CMBRE CE production kits.  Prices range from $112K to $180K per kit and to finish Low-Rate Initial Production.  Funds will also be utilized to procure and recapitalize the ATS Product Group which consists of:  Armament and Stores ATS and Software Loader/Verifier and Built-in-Test ATS to include proven commercial and/or Government off-the-shelf ATS to replace legacy and obsolete systems to ensure persistent logistics and enable agile combat employment.  Testers include Common Munitions BIT Reprogramming Equipment Plus (CMBRE), Common Munitions Built in Test Reprogramming Equipment Cyber Enhanced / Service Life Extension Program (CMBRE CE/CMBRE SLEP), Cruise Missile Automatic Test Systems and any program management administration (PMA) or procurement efforts associated with this product group. 

Funds increased due to an average cost increase of $500K per Munitions Application Program (MAP) for established munitions and increases of up to $2M for more advanced/newer munitions. CMBRE system procurement costs have increased from originally estimated costs due to the inflated costs of CCA components, digital controller unit components, and assembly labor costs.  Funds increased also due to the cost increases associated with the tech refresh on the Cruise Missile ATS program.

Congressional Add funds received in FY24 for the Ebbing Field Beddown effort. 


Common Munitions BIT Reprogramming Equipment (CMBRE) Service Life Extension Program / has involved into the CMBRE Cyber Enhanced (SLEP/CE) test and is utilized  to initiate BIT and reprogram MIL-STD-1760/Non-1760 smart bombs and missiles.
Provides BIT status, upload/download and verification of applicable software including:
Operational Flight Programs (OFPs), mission planning and/or Global Positioning System (GPS) crypto keys, preflight of smart munitions.

The Cruise Missile - Automatic Test System is a nuclear certified tester designed to test the AGM-86 Cruise Missile fleet, the B-2 RLA, and associated Carrier Aircraft Equipment (CAE) used to launch missiles.</proc:Remarks>
                <proc:TotalCost>
                    <proc:TotalCost>
                        <proc:PriorYear>33.844</proc:PriorYear>
                        <proc:CurrentYear>6.533</proc:CurrentYear>
                        <proc:BudgetYearOneBase>12.436</proc:BudgetYearOneBase>
                        <proc:BudgetYearOne>12.436</proc:BudgetYearOne>
                    </proc:TotalCost>
                </proc:TotalCost>
            </proc:P40AItemGroup>
        </proc:ItemExhibitList>
        <proc:DocumentAssemblyOptions>
            <proc:p40AItemScheduleSetting>total</proc:p40AItemScheduleSetting>
        </proc:DocumentAssemblyOptions>
    </proc:LineItem>
</proc:LineItemList>