<?xml version="1.0" encoding="UTF-8"?>
<proc:LineItemList xmlns:proc="http://www.dtic.mil/comptroller/xml/schema/20100219/procurement">
    <proc:LineItem quantityUnits="Each" unitCostUnits="Millions" totalCostUnits="Millions" manufacturerRateUnits="Yearly">
        <proc:LineItemNumber>JSM000</proc:LineItemNumber>
        <proc:LineItemTitle>Joint Strike Missile</proc:LineItemTitle>
        <proc:P1LineNumber>14</proc:P1LineNumber>
        <proc:BudgetYear>2026</proc:BudgetYear>
        <proc:BudgetCycle>PB</proc:BudgetCycle>
        <proc:SubmissionDate>2025-06</proc:SubmissionDate>
        <proc:ServiceAgencyName>Air Force</proc:ServiceAgencyName>
        <proc:AppropriationNumber>3020F</proc:AppropriationNumber>
        <proc:AppropriationTitle>Missile Procurement, Air Force</proc:AppropriationTitle>
        <proc:BudgetActivityNumber>2</proc:BudgetActivityNumber>
        <proc:BudgetActivityTitle>Other Missiles</proc:BudgetActivityTitle>
        <proc:BudgetSubActivityNumber>2</proc:BudgetSubActivityNumber>
        <proc:BudgetSubActivityTitle>Tactical</proc:BudgetSubActivityTitle>
        <proc:ResourceSummary>
            <proc:Quantity>
                <proc:PriorYear>104</proc:PriorYear>
                <proc:CurrentYear>40</proc:CurrentYear>
            </proc:Quantity>
            <proc:TotalCost>
                <proc:PriorYear>373.511</proc:PriorYear>
                <proc:CurrentYear>165.909</proc:CurrentYear>
                <proc:BudgetYearOneBase>0</proc:BudgetYearOneBase>
                <proc:BudgetYearOne>0</proc:BudgetYearOne>
            </proc:TotalCost>
            <proc:UnitCost>
                <proc:PriorYear>3.591</proc:PriorYear>
                <proc:CurrentYear>4.148</proc:CurrentYear>
            </proc:UnitCost>
            <proc:NetProcurementP1>
                <proc:PriorYear>373.511</proc:PriorYear>
                <proc:CurrentYear>165.909</proc:CurrentYear>
                <proc:BudgetYearOneBase>0</proc:BudgetYearOneBase>
                <proc:BudgetYearOne>0</proc:BudgetYearOne>
            </proc:NetProcurementP1>
            <proc:TotalObligationAuthority>
                <proc:PriorYear>373.511</proc:PriorYear>
                <proc:CurrentYear>165.909</proc:CurrentYear>
                <proc:BudgetYearOneBase>0</proc:BudgetYearOneBase>
                <proc:BudgetYearOne>0</proc:BudgetYearOne>
            </proc:TotalObligationAuthority>
            <proc:FlyawayUnitCost>
                <proc:PriorYear>3.133</proc:PriorYear>
                <proc:CurrentYear>3.478</proc:CurrentYear>
            </proc:FlyawayUnitCost>
        </proc:ResourceSummary>
        <proc:Code>A</proc:Code>
        <proc:Description>Joint Strike Missile (JSM) is a near-term solution for long range precision strike capability against maritime surface and land targets in highly contested environments. JSM provides long-range standoff for platform survivability, performance in GPS denied environments, survivability against advanced threat systems, and internal carriage in F-35A weapons bay. Initial fielding and operational use will be on the F-35A.  Integration on other platforms may occur during this time-frame as directed by ACC.

Norwegian defense contractor, Kongsberg Defense &amp; Aerospace (KDA), has completed development of JSM. Royal Norwegian Air Force (RNoAF) funded F-35A test and integration is ongoing and is required to support delta integration for USAF JSM on the F-35A. 

USAF will leverage the RNoAF test and integration efforts to gain confidence of JSM performance on F-35A and improve timeline for fielding. Additionally, USAF will perform additional tests needed for USAF fielding that include service specific test and integration, regression, and qualification activities as well as cyber security compliance.

The JSM procurement funding supports the entire weapon system to include resolution of obsolescence, end-of-life buys, bridge buys, test assets, simulators, COMSEC components, GPS receivers, supplier/parts replacement, to include electronic components used commercially and in short supply, and qualification activities to preserve and increase future production capabilities and capacity. Procurement funding also supports engineering and technical support needed to produce, test, modify and field the JSM and support mission planning activities.  Funding may be used to perform the USAF specific test and integration, regression, and qualification activities. Funding may also be used to address Diminishing Manufacturing Sources (DMS) issues and cyber security compliance requirements.

USAF JSM OT&amp;E is projected to begin May 2026 (subject to completion of F-35 JPO/RNoAF JSM DT&amp;E - currently projected for Dec 2025). No items are being replaced. Comparative info (e.g., range, speed) is TBD: will be assessed throughout F-35 JPO/RNoAF DT&amp;E effort; once available, key performance characteristics are expected to be classified. USAF JSM effort heavily leverages ongoing F-35 JPO/RNoAF JSM DT&amp;E effort and is reliant on integration of network enabled weapons (NEW) capabilities.

This requirement supports performance of a full financial audit as required by title 10 U.S.C. Chapter 9A, Sec 240-D. 

Funding for this exhibit is contained in PE 0207335F.</proc:Description>
        <proc:Justification>The FY 2026 request for Joint Strike Missile (JSM) includes $0 thousand of discretionary and $376,901 thousand of mandatory funds for a total of $376,901 thousand. The Mandatory breakout is $210,000 thousand which will procure a quantity of 58 in Section 20009 (INDOPACOM) and $166,901 thousand which will procure a quantity of 54 in Section 20004 (Munitions and Supply Chain). Further information for this reconciliation request is provided in Section 20004 (Munitions and Supply Chain) and Section 20009 (INDOPACOM) of the Reconciliation Exhibit.


Note: Procurement quantities can change based on negotiated options/pricing bands and available funding, in accordance with Title 10, U.S Code Section 2308 BUY-TO-BUDGET ACQUISITION.</proc:Justification>
        <proc:ItemExhibitList>
            <proc:P5Item>
                <proc:Name>Joint Strike Missile</proc:Name>
                <proc:IdCode>A</proc:IdCode>
                <proc:Remarks>Note: JSM quantities are estimated and were based on program office estimates only.  The actual quantities the USAF can procure will be based upon the negotiated prices. JSM will utilize buy to budget authority and negotiation efficiencies to obtain the maximum quantity each FY towards meeting the new inventory objective of 340.

PSC Other Government Costs: Travel and Government Purchase Card (GPC).
PSC Contractor Services: Advisory and Assistance Services (A&amp;AS) and Other Government Costs (OGC) for contract support.</proc:Remarks>
                <proc:ResourceSummary>
                    <proc:Quantity>
                        <proc:PriorYear>104</proc:PriorYear>
                        <proc:CurrentYear>40</proc:CurrentYear>
                    </proc:Quantity>
                    <proc:TotalCost>
                        <proc:PriorYear>373.511</proc:PriorYear>
                        <proc:CurrentYear>165.909</proc:CurrentYear>
                        <proc:BudgetYearOneBase>0</proc:BudgetYearOneBase>
                        <proc:BudgetYearOne>0</proc:BudgetYearOne>
                    </proc:TotalCost>
                    <proc:UnitCost>
                        <proc:PriorYear>3.591</proc:PriorYear>
                        <proc:CurrentYear>4.148</proc:CurrentYear>
                    </proc:UnitCost>
                    <proc:NetProcurementP1>
                        <proc:PriorYear>373.511</proc:PriorYear>
                        <proc:CurrentYear>165.909</proc:CurrentYear>
                        <proc:BudgetYearOneBase>0</proc:BudgetYearOneBase>
                        <proc:BudgetYearOne>0</proc:BudgetYearOne>
                    </proc:NetProcurementP1>
                    <proc:TotalObligationAuthority>
                        <proc:PriorYear>373.511</proc:PriorYear>
                        <proc:CurrentYear>165.909</proc:CurrentYear>
                        <proc:BudgetYearOneBase>0</proc:BudgetYearOneBase>
                        <proc:BudgetYearOne>0</proc:BudgetYearOne>
                    </proc:TotalObligationAuthority>
                </proc:ResourceSummary>
                <proc:CostElementCategoryList>
                    <proc:Flyaway>
                        <proc:Name>Joint Strike Missile</proc:Name>
                        <proc:Recurring>
                            <proc:CostElementList>
                                <proc:CostElement>
                                    <proc:Name>JSM Msl All Up Round (AUR)</proc:Name>
                                    <proc:Cost>
                                        <proc:Quantity>
                                            <proc:PriorYear>104</proc:PriorYear>
                                            <proc:CurrentYear>40</proc:CurrentYear>
                                        </proc:Quantity>
                                        <proc:TotalCost>
                                            <proc:PriorYear>323.765</proc:PriorYear>
                                            <proc:CurrentYear>137.109</proc:CurrentYear>
                                            <proc:BudgetYearOneBase>0</proc:BudgetYearOneBase>
                                            <proc:BudgetYearOne>0</proc:BudgetYearOne>
                                        </proc:TotalCost>
                                        <proc:UnitCost>
                                            <proc:PriorYear>3.113</proc:PriorYear>
                                            <proc:CurrentYear>3.428</proc:CurrentYear>
                                        </proc:UnitCost>
                                    </proc:Cost>
                                    <proc:ManufacturerList>
                                        <proc:Manufacturer>
                                            <proc:Name>KDA</proc:Name>
                                            <proc:Location>Kongsberg, Norway</proc:Location>
                                            <proc:MinimumSustainingRate>40.00</proc:MinimumSustainingRate>
                                            <proc:MaximumProductionRate>100.00</proc:MaximumProductionRate>
                                            <proc:Rate185>40.00</proc:Rate185>
                                            <proc:InitialQuantity>
                                                <proc:AdminLeadTimeBeforeOct1InMonths>0</proc:AdminLeadTimeBeforeOct1InMonths>
                                                <proc:AdminLeadTimeAfterOct1InMonths>0</proc:AdminLeadTimeAfterOct1InMonths>
                                                <proc:ProductionLeadTimeAfterOct1InMonths>0</proc:ProductionLeadTimeAfterOct1InMonths>
                                                <proc:TotalLeadTimeAfterOct1InMonths>0</proc:TotalLeadTimeAfterOct1InMonths>
                                            </proc:InitialQuantity>
                                            <proc:ReorderQuantity>
                                                <proc:AdminLeadTimeBeforeOct1InMonths>1</proc:AdminLeadTimeBeforeOct1InMonths>
                                                <proc:AdminLeadTimeAfterOct1InMonths>14</proc:AdminLeadTimeAfterOct1InMonths>
                                                <proc:ProductionLeadTimeAfterOct1InMonths>23</proc:ProductionLeadTimeAfterOct1InMonths>
                                                <proc:TotalLeadTimeAfterOct1InMonths>37</proc:TotalLeadTimeAfterOct1InMonths>
                                            </proc:ReorderQuantity>
                                            <proc:HistoryPlanningList>
                                                <proc:HistoryPlanning>
                                                    <proc:FiscalYear>2024</proc:FiscalYear>
                                                    <proc:PCOLocation>AFLCMC/PK Eglin AFB, FL</proc:PCOLocation>
                                                    <proc:AwardDate>2024-05</proc:AwardDate>
                                                    <proc:FirstDeliveryDate>2026-06</proc:FirstDeliveryDate>
                                                    <proc:Quantity>104</proc:Quantity>
                                                    <proc:UnitCost>3.113</proc:UnitCost>
                                                    <proc:SpecsAvailableNow>true</proc:SpecsAvailableNow>
                                                    <proc:RFPIssueDate>2023-12</proc:RFPIssueDate>
                                                    <proc:ContractMethod>SS</proc:ContractMethod>
                                                    <proc:ContractType>UCA</proc:ContractType>
                                                    <proc:MonthlyDeliveryScheduleList>
                                                        <proc:MonthlyDeliverySchedule>
                                                            <proc:ServiceAgencyName>Air Force</proc:ServiceAgencyName>
                                                            <proc:ProcQuantity>104</proc:ProcQuantity>
                                                            <proc:MonthlyDeliveryList>
                                                                <proc:MonthlyDelivery>
                                                                    <proc:Month>2026-06</proc:Month>
                                                                    <proc:Amount>8</proc:Amount>
                                                                </proc:MonthlyDelivery>
                                                                <proc:MonthlyDelivery>
                                                                    <proc:Month>2026-07</proc:Month>
                                                                    <proc:Amount>8</proc:Amount>
                                                                </proc:MonthlyDelivery>
                                                                <proc:MonthlyDelivery>
                                                                    <proc:Month>2026-08</proc:Month>
                                                                    <proc:Amount>8</proc:Amount>
                                                                </proc:MonthlyDelivery>
                                                                <proc:MonthlyDelivery>
                                                                    <proc:Month>2026-09</proc:Month>
                                                                    <proc:Amount>8</proc:Amount>
                                                                </proc:MonthlyDelivery>
                                                                <proc:MonthlyDelivery>
                                                                    <proc:Month>2026-10</proc:Month>
                                                                    <proc:Amount>9</proc:Amount>
                                                                </proc:MonthlyDelivery>
                                                                <proc:MonthlyDelivery>
                                                                    <proc:Month>2026-11</proc:Month>
                                                                    <proc:Amount>9</proc:Amount>
                                                                </proc:MonthlyDelivery>
                                                                <proc:MonthlyDelivery>
                                                                    <proc:Month>2026-12</proc:Month>
                                                                    <proc:Amount>9</proc:Amount>
                                                                </proc:MonthlyDelivery>
                                                                <proc:MonthlyDelivery>
                                                                    <proc:Month>2027-01</proc:Month>
                                                                    <proc:Amount>9</proc:Amount>
                                                                </proc:MonthlyDelivery>
                                                                <proc:MonthlyDelivery>
                                                                    <proc:Month>2027-02</proc:Month>
                                                                    <proc:Amount>9</proc:Amount>
                                                                </proc:MonthlyDelivery>
                                                                <proc:MonthlyDelivery>
                                                                    <proc:Month>2027-03</proc:Month>
                                                                    <proc:Amount>9</proc:Amount>
                                                                </proc:MonthlyDelivery>
                                                                <proc:MonthlyDelivery>
                                                                    <proc:Month>2027-04</proc:Month>
                                                                    <proc:Amount>9</proc:Amount>
                                                                </proc:MonthlyDelivery>
                                                                <proc:MonthlyDelivery>
                                                                    <proc:Month>2027-05</proc:Month>
                                                                    <proc:Amount>9</proc:Amount>
                                                                </proc:MonthlyDelivery>
                                                            </proc:MonthlyDeliveryList>
                                                        </proc:MonthlyDeliverySchedule>
                                                    </proc:MonthlyDeliveryScheduleList>
                                                    <proc:MonthlyDeliveryScheduleTotal>
                                                        <proc:ProcQuantity>104</proc:ProcQuantity>
                                                        <proc:MonthlyDeliveryList>
                                                            <proc:MonthlyDelivery>
                                                                <proc:Month>2026-06</proc:Month>
                                                                <proc:Amount>8</proc:Amount>
                                                            </proc:MonthlyDelivery>
                                                            <proc:MonthlyDelivery>
                                                                <proc:Month>2026-07</proc:Month>
                                                                <proc:Amount>8</proc:Amount>
                                                            </proc:MonthlyDelivery>
                                                            <proc:MonthlyDelivery>
                                                                <proc:Month>2026-08</proc:Month>
                                                                <proc:Amount>8</proc:Amount>
                                                            </proc:MonthlyDelivery>
                                                            <proc:MonthlyDelivery>
                                                                <proc:Month>2026-09</proc:Month>
                                                                <proc:Amount>8</proc:Amount>
                                                            </proc:MonthlyDelivery>
                                                            <proc:MonthlyDelivery>
                                                                <proc:Month>2026-10</proc:Month>
                                                                <proc:Amount>9</proc:Amount>
                                                            </proc:MonthlyDelivery>
                                                            <proc:MonthlyDelivery>
                                                                <proc:Month>2026-11</proc:Month>
                                                                <proc:Amount>9</proc:Amount>
                                                            </proc:MonthlyDelivery>
                                                            <proc:MonthlyDelivery>
                                                                <proc:Month>2026-12</proc:Month>
                                                                <proc:Amount>9</proc:Amount>
                                                            </proc:MonthlyDelivery>
                                                            <proc:MonthlyDelivery>
                                                                <proc:Month>2027-01</proc:Month>
                                                                <proc:Amount>9</proc:Amount>
                                                            </proc:MonthlyDelivery>
                                                            <proc:MonthlyDelivery>
                                                                <proc:Month>2027-02</proc:Month>
                                                                <proc:Amount>9</proc:Amount>
                                                            </proc:MonthlyDelivery>
                                                            <proc:MonthlyDelivery>
                                                                <proc:Month>2027-03</proc:Month>
                                                                <proc:Amount>9</proc:Amount>
                                                            </proc:MonthlyDelivery>
                                                            <proc:MonthlyDelivery>
                                                                <proc:Month>2027-04</proc:Month>
                                                                <proc:Amount>9</proc:Amount>
                                                            </proc:MonthlyDelivery>
                                                            <proc:MonthlyDelivery>
                                                                <proc:Month>2027-05</proc:Month>
                                                                <proc:Amount>9</proc:Amount>
                                                            </proc:MonthlyDelivery>
                                                        </proc:MonthlyDeliveryList>
                                                    </proc:MonthlyDeliveryScheduleTotal>
                                                </proc:HistoryPlanning>
                                                <proc:HistoryPlanning>
                                                    <proc:FiscalYear>2025</proc:FiscalYear>
                                                    <proc:PCOLocation>AFLCMC/PK Eglin AFB, FL</proc:PCOLocation>
                                                    <proc:AwardDate>2025-11</proc:AwardDate>
                                                    <proc:FirstDeliveryDate>2027-10</proc:FirstDeliveryDate>
                                                    <proc:Quantity>40</proc:Quantity>
                                                    <proc:UnitCost>3.428</proc:UnitCost>
                                                    <proc:SpecsAvailableNow>true</proc:SpecsAvailableNow>
                                                    <proc:RFPIssueDate>2023-12</proc:RFPIssueDate>
                                                    <proc:FundingVehicle>TBD</proc:FundingVehicle>
                                                    <proc:MonthlyDeliveryScheduleList>
                                                        <proc:MonthlyDeliverySchedule>
                                                            <proc:ServiceAgencyName>Air Force</proc:ServiceAgencyName>
                                                            <proc:ProcQuantity>40</proc:ProcQuantity>
                                                            <proc:MonthlyDeliveryList>
                                                                <proc:MonthlyDelivery>
                                                                    <proc:Month>2027-10</proc:Month>
                                                                    <proc:Amount>4</proc:Amount>
                                                                </proc:MonthlyDelivery>
                                                                <proc:MonthlyDelivery>
                                                                    <proc:Month>2027-11</proc:Month>
                                                                    <proc:Amount>3</proc:Amount>
                                                                </proc:MonthlyDelivery>
                                                                <proc:MonthlyDelivery>
                                                                    <proc:Month>2027-12</proc:Month>
                                                                    <proc:Amount>3</proc:Amount>
                                                                </proc:MonthlyDelivery>
                                                                <proc:MonthlyDelivery>
                                                                    <proc:Month>2028-01</proc:Month>
                                                                    <proc:Amount>3</proc:Amount>
                                                                </proc:MonthlyDelivery>
                                                                <proc:MonthlyDelivery>
                                                                    <proc:Month>2028-02</proc:Month>
                                                                    <proc:Amount>3</proc:Amount>
                                                                </proc:MonthlyDelivery>
                                                                <proc:MonthlyDelivery>
                                                                    <proc:Month>2028-03</proc:Month>
                                                                    <proc:Amount>3</proc:Amount>
                                                                </proc:MonthlyDelivery>
                                                                <proc:MonthlyDelivery>
                                                                    <proc:Month>2028-04</proc:Month>
                                                                    <proc:Amount>3</proc:Amount>
                                                                </proc:MonthlyDelivery>
                                                                <proc:MonthlyDelivery>
                                                                    <proc:Month>2028-05</proc:Month>
                                                                    <proc:Amount>3</proc:Amount>
                                                                </proc:MonthlyDelivery>
                                                                <proc:MonthlyDelivery>
                                                                    <proc:Month>2028-06</proc:Month>
                                                                    <proc:Amount>3</proc:Amount>
                                                                </proc:MonthlyDelivery>
                                                                <proc:MonthlyDelivery>
                                                                    <proc:Month>2028-07</proc:Month>
                                                                    <proc:Amount>4</proc:Amount>
                                                                </proc:MonthlyDelivery>
                                                                <proc:MonthlyDelivery>
                                                                    <proc:Month>2028-08</proc:Month>
                                                                    <proc:Amount>4</proc:Amount>
                                                                </proc:MonthlyDelivery>
                                                                <proc:MonthlyDelivery>
                                                                    <proc:Month>2028-09</proc:Month>
                                                                    <proc:Amount>4</proc:Amount>
                                                                </proc:MonthlyDelivery>
                                                            </proc:MonthlyDeliveryList>
                                                        </proc:MonthlyDeliverySchedule>
                                                    </proc:MonthlyDeliveryScheduleList>
                                                    <proc:MonthlyDeliveryScheduleTotal>
                                                        <proc:ProcQuantity>40</proc:ProcQuantity>
                                                        <proc:MonthlyDeliveryList>
                                                            <proc:MonthlyDelivery>
                                                                <proc:Month>2027-10</proc:Month>
                                                                <proc:Amount>4</proc:Amount>
                                                            </proc:MonthlyDelivery>
                                                            <proc:MonthlyDelivery>
                                                                <proc:Month>2027-11</proc:Month>
                                                                <proc:Amount>3</proc:Amount>
                                                            </proc:MonthlyDelivery>
                                                            <proc:MonthlyDelivery>
                                                                <proc:Month>2027-12</proc:Month>
                                                                <proc:Amount>3</proc:Amount>
                                                            </proc:MonthlyDelivery>
                                                            <proc:MonthlyDelivery>
                                                                <proc:Month>2028-01</proc:Month>
                                                                <proc:Amount>3</proc:Amount>
                                                            </proc:MonthlyDelivery>
                                                            <proc:MonthlyDelivery>
                                                                <proc:Month>2028-02</proc:Month>
                                                                <proc:Amount>3</proc:Amount>
                                                            </proc:MonthlyDelivery>
                                                            <proc:MonthlyDelivery>
                                                                <proc:Month>2028-03</proc:Month>
                                                                <proc:Amount>3</proc:Amount>
                                                            </proc:MonthlyDelivery>
                                                            <proc:MonthlyDelivery>
                                                                <proc:Month>2028-04</proc:Month>
                                                                <proc:Amount>3</proc:Amount>
                                                            </proc:MonthlyDelivery>
                                                            <proc:MonthlyDelivery>
                                                                <proc:Month>2028-05</proc:Month>
                                                                <proc:Amount>3</proc:Amount>
                                                            </proc:MonthlyDelivery>
                                                            <proc:MonthlyDelivery>
                                                                <proc:Month>2028-06</proc:Month>
                                                                <proc:Amount>3</proc:Amount>
                                                            </proc:MonthlyDelivery>
                                                            <proc:MonthlyDelivery>
                                                                <proc:Month>2028-07</proc:Month>
                                                                <proc:Amount>4</proc:Amount>
                                                            </proc:MonthlyDelivery>
                                                            <proc:MonthlyDelivery>
                                                                <proc:Month>2028-08</proc:Month>
                                                                <proc:Amount>4</proc:Amount>
                                                            </proc:MonthlyDelivery>
                                                            <proc:MonthlyDelivery>
                                                                <proc:Month>2028-09</proc:Month>
                                                                <proc:Amount>4</proc:Amount>
                                                            </proc:MonthlyDelivery>
                                                        </proc:MonthlyDeliveryList>
                                                    </proc:MonthlyDeliveryScheduleTotal>
                                                </proc:HistoryPlanning>
                                            </proc:HistoryPlanningList>
                                        </proc:Manufacturer>
                                    </proc:ManufacturerList>
                                </proc:CostElement>
                            </proc:CostElementList>
                            <proc:CategorySubtotal>
                                <proc:TotalCost>
                                    <proc:PriorYear>323.765</proc:PriorYear>
                                    <proc:CurrentYear>137.109</proc:CurrentYear>
                                    <proc:BudgetYearOneBase>0</proc:BudgetYearOneBase>
                                    <proc:BudgetYearOne>0</proc:BudgetYearOne>
                                </proc:TotalCost>
                            </proc:CategorySubtotal>
                        </proc:Recurring>
                        <proc:CategorySubtotal>
                            <proc:TotalCost>
                                <proc:PriorYear>323.765</proc:PriorYear>
                                <proc:CurrentYear>137.109</proc:CurrentYear>
                                <proc:BudgetYearOneBase>0</proc:BudgetYearOneBase>
                                <proc:BudgetYearOne>0</proc:BudgetYearOne>
                            </proc:TotalCost>
                        </proc:CategorySubtotal>
                    </proc:Flyaway>
                    <proc:Flyaway>
                        <proc:Name>Ancillary Equipment Cost</proc:Name>
                        <proc:NonRecurring>
                            <proc:CostElementList>
                                <proc:CostElement>
                                    <proc:Name>Containers</proc:Name>
                                    <proc:Cost>
                                        <proc:TotalCost>
                                            <proc:PriorYear>2.056</proc:PriorYear>
                                            <proc:CurrentYear>2.01</proc:CurrentYear>
                                            <proc:BudgetYearOneBase>0</proc:BudgetYearOneBase>
                                            <proc:BudgetYearOne>0</proc:BudgetYearOne>
                                        </proc:TotalCost>
                                    </proc:Cost>
                                </proc:CostElement>
                            </proc:CostElementList>
                            <proc:CategorySubtotal>
                                <proc:TotalCost>
                                    <proc:PriorYear>2.056</proc:PriorYear>
                                    <proc:CurrentYear>2.01</proc:CurrentYear>
                                    <proc:BudgetYearOneBase>0</proc:BudgetYearOneBase>
                                    <proc:BudgetYearOne>0</proc:BudgetYearOne>
                                </proc:TotalCost>
                            </proc:CategorySubtotal>
                        </proc:NonRecurring>
                        <proc:CategorySubtotal>
                            <proc:TotalCost>
                                <proc:PriorYear>2.056</proc:PriorYear>
                                <proc:CurrentYear>2.01</proc:CurrentYear>
                                <proc:BudgetYearOneBase>0</proc:BudgetYearOneBase>
                                <proc:BudgetYearOne>0</proc:BudgetYearOne>
                            </proc:TotalCost>
                        </proc:CategorySubtotal>
                    </proc:Flyaway>
                    <proc:Support>
                        <proc:CostElementList>
                            <proc:CostElement>
                                <proc:Name>PSC Other Government Costs</proc:Name>
                                <proc:Cost>
                                    <proc:TotalCost>
                                        <proc:PriorYear>4.689</proc:PriorYear>
                                        <proc:CurrentYear>5.343</proc:CurrentYear>
                                        <proc:BudgetYearOneBase>0</proc:BudgetYearOneBase>
                                        <proc:BudgetYearOne>0</proc:BudgetYearOne>
                                    </proc:TotalCost>
                                </proc:Cost>
                            </proc:CostElement>
                            <proc:CostElement>
                                <proc:Name>PSC Contractor Services</proc:Name>
                                <proc:Cost>
                                    <proc:TotalCost>
                                        <proc:PriorYear>1.176</proc:PriorYear>
                                        <proc:CurrentYear>2.215</proc:CurrentYear>
                                        <proc:BudgetYearOneBase>0</proc:BudgetYearOneBase>
                                        <proc:BudgetYearOne>0</proc:BudgetYearOne>
                                    </proc:TotalCost>
                                </proc:Cost>
                            </proc:CostElement>
                            <proc:CostElement>
                                <proc:Name>Loading Cradle</proc:Name>
                                <proc:Cost>
                                    <proc:TotalCost>
                                        <proc:PriorYear>0.324</proc:PriorYear>
                                        <proc:CurrentYear>0.532</proc:CurrentYear>
                                        <proc:BudgetYearOneBase>0</proc:BudgetYearOneBase>
                                        <proc:BudgetYearOne>0</proc:BudgetYearOne>
                                    </proc:TotalCost>
                                </proc:Cost>
                            </proc:CostElement>
                            <proc:CostElement>
                                <proc:Name>Test and Integration</proc:Name>
                                <proc:Cost>
                                    <proc:TotalCost>
                                        <proc:PriorYear>32.492</proc:PriorYear>
                                        <proc:CurrentYear>8.975</proc:CurrentYear>
                                        <proc:BudgetYearOneBase>0</proc:BudgetYearOneBase>
                                        <proc:BudgetYearOne>0</proc:BudgetYearOne>
                                    </proc:TotalCost>
                                </proc:Cost>
                            </proc:CostElement>
                            <proc:CostElement>
                                <proc:Name>Cybersecurity</proc:Name>
                                <proc:Cost>
                                    <proc:TotalCost>
                                        <proc:PriorYear>0.4</proc:PriorYear>
                                        <proc:CurrentYear>1.987</proc:CurrentYear>
                                        <proc:BudgetYearOneBase>0</proc:BudgetYearOneBase>
                                        <proc:BudgetYearOne>0</proc:BudgetYearOne>
                                    </proc:TotalCost>
                                </proc:Cost>
                            </proc:CostElement>
                            <proc:CostElement>
                                <proc:Name>Engineering &amp; Technical Support</proc:Name>
                                <proc:Cost>
                                    <proc:TotalCost>
                                        <proc:PriorYear>8.609</proc:PriorYear>
                                        <proc:CurrentYear>7.738</proc:CurrentYear>
                                        <proc:BudgetYearOneBase>0</proc:BudgetYearOneBase>
                                        <proc:BudgetYearOne>0</proc:BudgetYearOne>
                                    </proc:TotalCost>
                                </proc:Cost>
                            </proc:CostElement>
                        </proc:CostElementList>
                        <proc:CategorySubtotal>
                            <proc:TotalCost>
                                <proc:PriorYear>47.69</proc:PriorYear>
                                <proc:CurrentYear>26.79</proc:CurrentYear>
                                <proc:BudgetYearOneBase>0</proc:BudgetYearOneBase>
                                <proc:BudgetYearOne>0</proc:BudgetYearOne>
                            </proc:TotalCost>
                        </proc:CategorySubtotal>
                        <proc:Name>Support End Item Cost</proc:Name>
                    </proc:Support>
                </proc:CostElementCategoryList>
                <proc:OverallDeliveryScheduleRemarks>FY24 Quantity of 104 should be broken out into two Lots
--Lot 1 64 (delivery Jun 26 to May 27)
--Lot 2 40 (delivery Oct 27 to Sep 28)

Note: Procurement quantities can change based on negotiated options/pricing bands and available funding, in accordance with Title 10, U.S Code Section 2308 BUY-TO-BUDGET ACQUISITION.

In the delivery schedule an "A" indicates either an Authority to Proceed event or the definitized Contract Award Date.

Production rates and procurement lead times are estimated; better insight will be obtained after contract award.</proc:OverallDeliveryScheduleRemarks>
            </proc:P5Item>
        </proc:ItemExhibitList>
        <proc:DocumentAssemblyOptions>
            <proc:p40AItemScheduleSetting>expandItemSuppressExhibit</proc:p40AItemScheduleSetting>
        </proc:DocumentAssemblyOptions>
    </proc:LineItem>
</proc:LineItemList>