<?xml version="1.0" encoding="UTF-8"?>
<proc:LineItemList xmlns:proc="http://www.dtic.mil/comptroller/xml/schema/20100219/procurement">
    <proc:LineItem quantityUnits="Each" unitCostUnits="Millions" totalCostUnits="Millions" manufacturerRateUnits="Monthly">
        <proc:LineItemNumber>M30FLH</proc:LineItemNumber>
        <proc:LineItemTitle>ICBM FUZE MOD</proc:LineItemTitle>
        <proc:P1LineNumber>25</proc:P1LineNumber>
        <proc:BudgetYear>2026</proc:BudgetYear>
        <proc:BudgetCycle>PB</proc:BudgetCycle>
        <proc:SubmissionDate>2025-06</proc:SubmissionDate>
        <proc:ServiceAgencyName>Air Force</proc:ServiceAgencyName>
        <proc:AppropriationNumber>3020F</proc:AppropriationNumber>
        <proc:AppropriationTitle>Missile Procurement, Air Force</proc:AppropriationTitle>
        <proc:BudgetActivityNumber>3</proc:BudgetActivityNumber>
        <proc:BudgetActivityTitle>Modification of Inservice Missiles</proc:BudgetActivityTitle>
        <proc:BudgetSubActivityNumber>1</proc:BudgetSubActivityNumber>
        <proc:BudgetSubActivityTitle>Class IV</proc:BudgetSubActivityTitle>
        <proc:ResourceSummary>
            <proc:TotalCost>
                <proc:AllPriorYears>235.17</proc:AllPriorYears>
                <proc:PriorYear>153.795</proc:PriorYear>
                <proc:CurrentYear>153.569</proc:CurrentYear>
                <proc:BudgetYearOneBase>157.049</proc:BudgetYearOneBase>
                <proc:BudgetYearOne>157.049</proc:BudgetYearOne>
            </proc:TotalCost>
            <proc:PYAdvanceProcurement>
                <proc:AllPriorYears>18.597</proc:AllPriorYears>
                <proc:PriorYear>43.45</proc:PriorYear>
                <proc:CurrentYear>35.507</proc:CurrentYear>
                <proc:BudgetYearOneBase>37.673</proc:BudgetYearOneBase>
                <proc:BudgetYearOne>37.673</proc:BudgetYearOne>
            </proc:PYAdvanceProcurement>
            <proc:NetProcurementP1>
                <proc:AllPriorYears>216.573</proc:AllPriorYears>
                <proc:PriorYear>110.345</proc:PriorYear>
                <proc:CurrentYear>118.062</proc:CurrentYear>
                <proc:BudgetYearOneBase>119.376</proc:BudgetYearOneBase>
                <proc:BudgetYearOne>119.376</proc:BudgetYearOne>
            </proc:NetProcurementP1>
            <proc:CYAdvanceProcurement>
                <proc:AllPriorYears>135.227</proc:AllPriorYears>
                <proc:PriorYear>40.216</proc:PriorYear>
                <proc:CurrentYear>26.313</proc:CurrentYear>
                <proc:BudgetYearOneBase>0</proc:BudgetYearOneBase>
                <proc:BudgetYearOne>0</proc:BudgetYearOne>
            </proc:CYAdvanceProcurement>
            <proc:TotalObligationAuthority>
                <proc:AllPriorYears>351.8</proc:AllPriorYears>
                <proc:PriorYear>150.561</proc:PriorYear>
                <proc:CurrentYear>144.375</proc:CurrentYear>
                <proc:BudgetYearOneBase>119.376</proc:BudgetYearOneBase>
                <proc:BudgetYearOne>119.376</proc:BudgetYearOne>
            </proc:TotalObligationAuthority>
        </proc:ResourceSummary>
        <proc:Code>B</proc:Code>
        <proc:CodeBProgramElementList>
            <proc:ProgramElementNumber>0604933F</proc:ProgramElementNumber>
        </proc:CodeBProgramElementList>
        <proc:OtherRelatedProgramElementList>
            <proc:ProgramElementNumber>0604933F</proc:ProgramElementNumber>
        </proc:OtherRelatedProgramElementList>
        <proc:Description>Prior year funding includes $18.4M which was executed in Program 0101213F, M30MLG, Minuteman III (MMIII) Modifications. Funding for this exhibit contained in Program 0101328F.

Program Overview
The Intercontinental Ballistic Missile (ICBM) Fuze Modernization program is designing and producing a functionally equivalent replacement for the current Mk21 fuze that will provide a 20-year threshold, 30-year objective design life. Currently available Mk21/W87-0 fuze quantities do not meet United States Strategic Command's (USSTRATCOM) requirements and the current fuze is three times beyond its original ten year design life. The program will provide needed MMIII weapon system modifications, system testing, support/test equipment, data and training required to accommodate, field, and support the new Mk21 replacement fuze along with the W87-0 warhead as defined in the Air Force Global Strike Command (AFGSC) Requirements Traceability Memo dated 2 December 2013. In addition, the Joint Requirements Oversight Council (JROC) signed the program's JROC Memorandum validating the operational requirement for the program on 6 December 2016. A replacement Mk21/W87-0 fuze is urgently required to meet warfighter requirements and to ensure operational capability. The Mk21 reentry vehicle and fuze is designed to be deployed on the current MMIII and LGM-35A Sentinel weapon systems.

Low Rate Initial Production
The production units procured in FY 2022 through FY 2024 are considered Low Rate Initial Production (LRIP) units. The program completed Milestone C Decision on 4 October 2021 and approved for entrance into Full Rate Production (FRP) on 21 November 2024.

Life of Type Buy (LOTB)
The ICBM Fuze Modernization program procured Application Specific Integrated Circuit (ASIC), Heterojunction Bipolar Transistor (HBT), and power source components produced by the Department of Energy National Nuclear Security Administration (DOE/NNSA) as a LOTB through FY 2025. The DOE/NNSA Office of Stockpile Management (NA-12) procurement strategy for the ICBM Fuze Modernization program is structured to ensure the production schedule requirements are met. The DOE/NNSA required DoD funding that aligned with the planned production runs in order to meet DOE/NNSA's production commitments. This was the only viable approach because there is neither component availability nor process capacity within Kansas City National Security Campus (KCNSC).

Purchasing components in a single production run or lot to support joint production activities was required to manage capacity and resource conflicts in the production workload within DOE/NNSA. DOE/NNSA has a large number of current and pending modernization activities necessitating careful planning and coordination among related programs that rely on the same vendors, components, and plant production space. Funding and building these components as a LOTB was critical to maintaining production line availability and schedule for the Mk21 ICBM Fuze Modernization, MK5/W88 Alt 370, B61-12 LEP, W87-1 Modification, and W80-4 LEP programs.

Long Lead Production
The ICBM Fuze Modernization program required advance procurement authority through FY 2025 to procure long-lead items (Model XI sensor hardware, Terminal Protection Device (TPD) connectors, cable assemblies, connector assemblies, and Commercial Off-the-Shelf (COTS) components for the Radar Module, Pathlength Module (PLM), Missile Interface &amp; Controller Module (MICM), Firing Set Interface Module (FSIM), and Launch Safety Device (LSD)).

Prior Year Activities
Prior years funding includes Life of Type Buy (LOTB) procurements to affordably acquire qualified COTS parts for use during and after exposure to nuclear environments and to ensure commonality between the Air Force and the Navy. LOTB was executed jointly with the Navy to provide a pool of interchangeable, qualified, and certified parts for each Service's fuze. These parts will be delivered to DOE/NNSA's Kansas City National Security Campus for use in producing common component modules for the Air Force and Navy fuzes. Some component modules will be entirely interchangeable between the Services while others will have interchangeable sub-assemblies.</proc:Description>
        <proc:Justification>Where applicable, justification for individual modification is provided in the P-3A exhibits.</proc:Justification>
        <proc:MDAPCode>498</proc:MDAPCode>
        <proc:AdvanceProcurement>
            <proc:P1LineNumber>26</proc:P1LineNumber>
            <proc:Description>The ICBM Fuze Modernization program required advance procurement (AP) authority through FY 2025 to procure long-lead items (Model XI sensor hardware, Terminal Protection Device (TPD) connectors, cable assemblies, connector assemblies, and Commercial Off-the-Shelf (COTS) components for the Radar Module, Pathlength Module (PLM), Missile Interface &amp; Controller Module (MICM), Firing Set Interface Module (FSIM), and Launch Safety Device (LSD)).

AP enabled continuation of the program's manufacturing schedule established in FY 2020. The key component associated with the three-year advance procurement lead time was the Model XI sensor assembly, which was also the most expensive subcomponent in the Bill of Material.</proc:Description>
            <proc:Justification>No FY 2026 Advance Procurement funds are requested

The ICBM Fuze Modernization program requires advance procurement authority through FY 2025 to procure long-lead items (Model XI sensor hardware, Terminal Protection Device (TPD) connectors, cable assemblies, connector assemblies, and Commercial Off-the-Shelf (COTS) components for the Radar Module, Pathlength Module (PLM), Missile Interface &amp; Controller Module (MICM), Firing Set Interface Module (FSIM), and Launch Safety Device (LSD)).</proc:Justification>
        </proc:AdvanceProcurement>
        <proc:ItemExhibitList>
            <proc:P3AModificationItemGroup>
                <proc:ModificationTitle>FUZE MODERNIZATION</proc:ModificationTitle>
                <proc:ModificationNumber>5915</proc:ModificationNumber>
                <proc:ModificationType>Service Life Extension</proc:ModificationType>
                <proc:ModelsAffectedList>
                    <proc:ModelAffected>LGM-30G</proc:ModelAffected>
                </proc:ModelsAffectedList>
                <proc:IdCode>B</proc:IdCode>
                <proc:ResourceSummary>
                    <proc:TotalCost>
                        <proc:AllPriorYears>235.17</proc:AllPriorYears>
                        <proc:PriorYear>153.795</proc:PriorYear>
                        <proc:CurrentYear>153.569</proc:CurrentYear>
                        <proc:BudgetYearOneBase>157.049</proc:BudgetYearOneBase>
                        <proc:BudgetYearOneOOC>0</proc:BudgetYearOneOOC>
                        <proc:BudgetYearOne>157.049</proc:BudgetYearOne>
                    </proc:TotalCost>
                    <proc:PYAdvanceProcurement>
                        <proc:AllPriorYears>18.597</proc:AllPriorYears>
                        <proc:PriorYear>43.45</proc:PriorYear>
                        <proc:CurrentYear>35.507</proc:CurrentYear>
                        <proc:BudgetYearOneBase>37.673</proc:BudgetYearOneBase>
                        <proc:BudgetYearOne>37.673</proc:BudgetYearOne>
                    </proc:PYAdvanceProcurement>
                    <proc:NetProcurementP1>
                        <proc:AllPriorYears>216.573</proc:AllPriorYears>
                        <proc:PriorYear>110.345</proc:PriorYear>
                        <proc:CurrentYear>118.062</proc:CurrentYear>
                        <proc:BudgetYearOneBase>119.376</proc:BudgetYearOneBase>
                        <proc:BudgetYearOneOOC>0</proc:BudgetYearOneOOC>
                        <proc:BudgetYearOne>119.376</proc:BudgetYearOne>
                    </proc:NetProcurementP1>
                    <proc:CYAdvanceProcurement>
                        <proc:AllPriorYears>135.227</proc:AllPriorYears>
                        <proc:PriorYear>40.216</proc:PriorYear>
                        <proc:CurrentYear>26.313</proc:CurrentYear>
                        <proc:BudgetYearOneBase>0</proc:BudgetYearOneBase>
                        <proc:BudgetYearOne>0</proc:BudgetYearOne>
                    </proc:CYAdvanceProcurement>
                    <proc:TotalObligationAuthority>
                        <proc:AllPriorYears>351.8</proc:AllPriorYears>
                        <proc:PriorYear>150.561</proc:PriorYear>
                        <proc:CurrentYear>144.375</proc:CurrentYear>
                        <proc:BudgetYearOneBase>119.376</proc:BudgetYearOneBase>
                        <proc:BudgetYearOneOOC>0</proc:BudgetYearOneOOC>
                        <proc:BudgetYearOne>119.376</proc:BudgetYearOne>
                    </proc:TotalObligationAuthority>
                </proc:ResourceSummary>
                <proc:RelatedProgramElementList>
                    <proc:ProgramElementNumber>0604933F</proc:ProgramElementNumber>
                </proc:RelatedProgramElementList>
                <proc:SupportCost>
                    <proc:CostElementList>
                        <proc:CostElement>
                            <proc:Name>GROUP B: TOTAL NONRECURRING</proc:Name>
                            <proc:Cost>
                                <proc:TotalCost>
                                    <proc:AllPriorYears>51.619</proc:AllPriorYears>
                                </proc:TotalCost>
                            </proc:Cost>
                        </proc:CostElement>
                        <proc:CostElement>
                            <proc:Name>Change Orders</proc:Name>
                            <proc:Cost>
                                <proc:TotalCost>
                                    <proc:AllPriorYears>1.864</proc:AllPriorYears>
                                    <proc:PriorYear>1.384</proc:PriorYear>
                                    <proc:CurrentYear>1.392</proc:CurrentYear>
                                    <proc:BudgetYearOneBase>1.031</proc:BudgetYearOneBase>
                                    <proc:BudgetYearOne>1.031</proc:BudgetYearOne>
                                </proc:TotalCost>
                            </proc:Cost>
                        </proc:CostElement>
                        <proc:CostElement>
                            <proc:Name>SIM/TRAINER</proc:Name>
                            <proc:Cost>
                                <proc:TotalCost>
                                    <proc:AllPriorYears>2.885</proc:AllPriorYears>
                                </proc:TotalCost>
                            </proc:Cost>
                        </proc:CostElement>
                        <proc:CostElement>
                            <proc:Name>OTHER GOVT</proc:Name>
                            <proc:Cost>
                                <proc:TotalCost>
                                    <proc:PriorYear>0.007</proc:PriorYear>
                                    <proc:BudgetYearOneBase>3.954</proc:BudgetYearOneBase>
                                    <proc:BudgetYearOne>3.954</proc:BudgetYearOne>
                                </proc:TotalCost>
                            </proc:Cost>
                        </proc:CostElement>
                        <proc:CostElement>
                            <proc:Name>PSC - Other Gov't Costs</proc:Name>
                            <proc:Cost>
                                <proc:TotalCost>
                                    <proc:AllPriorYears>4.587</proc:AllPriorYears>
                                    <proc:PriorYear>3.567</proc:PriorYear>
                                    <proc:CurrentYear>4.073</proc:CurrentYear>
                                    <proc:BudgetYearOneBase>4.593</proc:BudgetYearOneBase>
                                    <proc:BudgetYearOne>4.593</proc:BudgetYearOne>
                                </proc:TotalCost>
                            </proc:Cost>
                        </proc:CostElement>
                    </proc:CostElementList>
                    <proc:CategorySubtotal>
                        <proc:TotalCost>
                            <proc:AllPriorYears>60.955</proc:AllPriorYears>
                            <proc:PriorYear>4.958</proc:PriorYear>
                            <proc:CurrentYear>5.465</proc:CurrentYear>
                            <proc:BudgetYearOneBase>9.578</proc:BudgetYearOneBase>
                            <proc:BudgetYearOne>9.578</proc:BudgetYearOne>
                        </proc:TotalCost>
                    </proc:CategorySubtotal>
                </proc:SupportCost>
                <proc:ModificationItemList>
                    <proc:ModificationItem>
                        <proc:Title>ICBM Fuze</proc:Title>
                        <proc:RDTE>
                            <proc:ProgramElementSummaryList>
                                <proc:ProgramElementSummary>
                                    <proc:ProgramElementNumber>0604933F</proc:ProgramElementNumber>
                                    <proc:ProgramElementFunding>
                                        <proc:Quantity>
                                            <proc:AllPriorYears>78</proc:AllPriorYears>
                                            <proc:PriorYear>10</proc:PriorYear>
                                        </proc:Quantity>
                                        <proc:TotalCost>
                                            <proc:AllPriorYears>1346.043</proc:AllPriorYears>
                                            <proc:PriorYear>71.732</proc:PriorYear>
                                            <proc:BudgetYearOneBase>3.252</proc:BudgetYearOneBase>
                                            <proc:BudgetYearOne>3.252</proc:BudgetYearOne>
                                        </proc:TotalCost>
                                    </proc:ProgramElementFunding>
                                </proc:ProgramElementSummary>
                            </proc:ProgramElementSummaryList>
                        </proc:RDTE>
                        <proc:Procurement>
                            <proc:BKits>
                                <proc:Recurring>
                                    <proc:KitList>
                                        <proc:Kit>
                                            <proc:Name>ICBM Fuze:EQUIPMENT Group B (Active)</proc:Name>
                                            <proc:Cost>
                                                <proc:Quantity>
                                                    <proc:AllPriorYears>100</proc:AllPriorYears>
                                                    <proc:PriorYear>99</proc:PriorYear>
                                                    <proc:CurrentYear>104</proc:CurrentYear>
                                                    <proc:BudgetYearOneBase>110</proc:BudgetYearOneBase>
                                                    <proc:BudgetYearOne>110</proc:BudgetYearOne>
                                                </proc:Quantity>
                                                <proc:TotalCost>
                                                    <proc:AllPriorYears>127.804</proc:AllPriorYears>
                                                    <proc:PriorYear>144.483</proc:PriorYear>
                                                    <proc:CurrentYear>145.458</proc:CurrentYear>
                                                    <proc:BudgetYearOneBase>147.471</proc:BudgetYearOneBase>
                                                    <proc:BudgetYearOne>147.471</proc:BudgetYearOne>
                                                </proc:TotalCost>
                                            </proc:Cost>
                                        </proc:Kit>
                                    </proc:KitList>
                                    <proc:CategorySubtotal>
                                        <proc:TotalCost>
                                            <proc:AllPriorYears>127.804</proc:AllPriorYears>
                                            <proc:PriorYear>144.483</proc:PriorYear>
                                            <proc:CurrentYear>145.458</proc:CurrentYear>
                                            <proc:BudgetYearOneBase>147.471</proc:BudgetYearOneBase>
                                            <proc:BudgetYearOne>147.471</proc:BudgetYearOne>
                                        </proc:TotalCost>
                                    </proc:CategorySubtotal>
                                </proc:Recurring>
                            </proc:BKits>
                            <proc:ManufacturerList>
                                <proc:Manufacturer>
                                    <proc:Name>Kansas City National Security Campus</proc:Name>
                                    <proc:Location>Kansas City, KS</proc:Location>
                                    <proc:ContractDates>
                                        <proc:PriorYear>2023-12</proc:PriorYear>
                                        <proc:CurrentYear>2024-12</proc:CurrentYear>
                                        <proc:BudgetYearOne>2025-12</proc:BudgetYearOne>
                                    </proc:ContractDates>
                                    <proc:DeliveryDates>
                                        <proc:PriorYear>2026-06</proc:PriorYear>
                                        <proc:CurrentYear>2027-06</proc:CurrentYear>
                                        <proc:BudgetYearOne>2028-06</proc:BudgetYearOne>
                                    </proc:DeliveryDates>
                                    <proc:AdminLeadTimeAfterOct1InMonths>2</proc:AdminLeadTimeAfterOct1InMonths>
                                    <proc:ProductionLeadTimeAfterOct1InMonths>30</proc:ProductionLeadTimeAfterOct1InMonths>
                                </proc:Manufacturer>
                            </proc:ManufacturerList>
                            <proc:TotalCost>
                                <proc:TotalCost>
                                    <proc:AllPriorYears>127.804</proc:AllPriorYears>
                                    <proc:PriorYear>144.483</proc:PriorYear>
                                    <proc:CurrentYear>145.458</proc:CurrentYear>
                                    <proc:BudgetYearOneBase>147.471</proc:BudgetYearOneBase>
                                    <proc:BudgetYearOne>147.471</proc:BudgetYearOne>
                                </proc:TotalCost>
                            </proc:TotalCost>
                        </proc:Procurement>
                        <proc:Installation>
                            <proc:ImplementationMethodList>
                                <proc:ImplementationMethod>
                                    <proc:OrganicInstallation>
                                        <proc:ImplementationMethodName>Org/Intermediate</proc:ImplementationMethodName>
                                        <proc:InstallationQuantity>413</proc:InstallationQuantity>
                                    </proc:OrganicInstallation>
                                </proc:ImplementationMethod>
                            </proc:ImplementationMethodList>
                        </proc:Installation>
                    </proc:ModificationItem>
                    <proc:ModificationItem>
                        <proc:Title>Life of Type Buy (NNSA)</proc:Title>
                        <proc:Procurement>
                            <proc:BKits>
                                <proc:Recurring>
                                    <proc:KitList>
                                        <proc:Kit>
                                            <proc:Name>Life of Type Buy (NNSA):EQUIPMENT Group B (Active)</proc:Name>
                                            <proc:Cost>
                                                <proc:TotalCost>
                                                    <proc:AllPriorYears>46.411</proc:AllPriorYears>
                                                    <proc:PriorYear>4.354</proc:PriorYear>
                                                    <proc:CurrentYear>2.646</proc:CurrentYear>
                                                </proc:TotalCost>
                                            </proc:Cost>
                                        </proc:Kit>
                                    </proc:KitList>
                                    <proc:CategorySubtotal>
                                        <proc:TotalCost>
                                            <proc:AllPriorYears>46.411</proc:AllPriorYears>
                                            <proc:PriorYear>4.354</proc:PriorYear>
                                            <proc:CurrentYear>2.646</proc:CurrentYear>
                                        </proc:TotalCost>
                                    </proc:CategorySubtotal>
                                </proc:Recurring>
                            </proc:BKits>
                            <proc:ManufacturerList>
                                <proc:Manufacturer>
                                    <proc:Name>National Nuclear Security Administration</proc:Name>
                                    <proc:Location>Various</proc:Location>
                                    <proc:AdminLeadTimeAfterOct1InMonths>0</proc:AdminLeadTimeAfterOct1InMonths>
                                    <proc:ProductionLeadTimeAfterOct1InMonths>0</proc:ProductionLeadTimeAfterOct1InMonths>
                                </proc:Manufacturer>
                            </proc:ManufacturerList>
                            <proc:TotalCost>
                                <proc:TotalCost>
                                    <proc:AllPriorYears>46.411</proc:AllPriorYears>
                                    <proc:PriorYear>4.354</proc:PriorYear>
                                    <proc:CurrentYear>2.646</proc:CurrentYear>
                                </proc:TotalCost>
                            </proc:TotalCost>
                        </proc:Procurement>
                        <proc:Installation>
                            <proc:ImplementationMethodList>
                                <proc:ImplementationMethod>
                                    <proc:OrganicInstallation>
                                        <proc:ImplementationMethodName>Org/Intermediate</proc:ImplementationMethodName>
                                        <proc:InstallationQuantity>0</proc:InstallationQuantity>
                                    </proc:OrganicInstallation>
                                </proc:ImplementationMethod>
                            </proc:ImplementationMethodList>
                        </proc:Installation>
                    </proc:ModificationItem>
                </proc:ModificationItemList>
                <proc:ProcurementSubtotal>
                    <proc:TotalCost>
                        <proc:AllPriorYears>174.215</proc:AllPriorYears>
                        <proc:PriorYear>148.837</proc:PriorYear>
                        <proc:CurrentYear>148.104</proc:CurrentYear>
                        <proc:BudgetYearOneBase>147.471</proc:BudgetYearOneBase>
                        <proc:BudgetYearOne>147.471</proc:BudgetYearOne>
                    </proc:TotalCost>
                </proc:ProcurementSubtotal>
                <proc:Description>Prior year funding includes $18.4M which was executed in Program 0101213F, M30MLG, MM III Modifications. Funding for this exhibit contained in Program 0101328F.

Program Overview
The Intercontinental Ballistic Missile (ICBM) Fuze Modernization Program is designing and producing a functionally equivalent replacement for the current Mk21 fuze that will provide a 20-year threshold, 30-year objective design life. Currently available Mk21/W87-0 fuze quantities do not meet United States Strategic Command (USSTRATCOM) requirements and the current fuze is three times beyond its original ten year design life. The program will provide needed MMIII weapon system modifications, system testing, support/test equipment, data and training required to accommodate, field, and support the new Mk21 replacement fuze along with the W87-0 warhead as defined in the Air Force Global Strike Command (AFGSC) Requirements Traceability Memo dated 2 December 2013. In addition, the Joint Requirements Oversight Council (JROC) signed the program's JROC Memorandum validating the operational requirement for the program on 6 December 2016. A replacement Mk21/W87-0 fuze is urgently required to meet warfighter requirements and to ensure operational capability. The Mk21 reentry vehicle and fuze is designed to be deployed on the current Minuteman III (MMIII) and LGM-35A Sentinel weapon systems.

Low Rate Initial Production
The production units procured in FY 2022 through FY 2024 are considered Low Rate Initial Production (LRIP) units. The program approved for entrance into Full Rate Production (FRP) on 21 November 2024.

Life of Type Buy (LOTB)
The ICBM Fuze Modernization program procured Application Specific Integrated Circuit (ASIC), Heterojunction Bipolar Transistor (HBT), and power source components produced by the Department of Energy National Nuclear Security Administration (DOE/NNSA) as a Life of Type Buy (LOTB) through FY2025. The DOE/NNSA Office of Stockpile Management (NA-12) procurement strategy for the ICBM Fuze Modernization program was structured to ensure the production schedule requirements were met. The DOE/NNSA required DoD funding that was aligned with the planned production runs in order to meet DOE/ NNSA's production commitments. This was the only viable approach given there is neither component availability nor process capacity on any other schedule.

Purchasing components in a single production run or lot to support joint production activities was required to manage capacity and resource conflicts in the production workload within DOE/NNSA. DOE/NNSA has a large number of current and pending modernization activities necessitating careful planning and coordination among related programs that rely on the same vendors, components, and plant production space. Funding and building these components as a Life of Type Buy (LOTB) was critical to maintaining production line availability and schedule for the Mk21 ICBM Fuze Modernization, MKS/W88 Alt 370, B61-12 LEP, W87-1 Modification, and W80-4 LEP programs.

Long Lead Production
The ICBM Fuze Modernization program required advance procurement authority through FY 2025 to procure long lead items (Model XI sensor hardware, Terminal Protection Device (TPD) connectors, cable assemblies, connector assemblies, and Commercial Off-the-Shelf (COTS) components for the Radar Module, Pathlength Module (PLM), Missile Interface &amp; Controller Module (MICM), Firing Set Interface Module (FSIM), and Launch Safety Device (LSD)).

Prior Year Activities
Prior Years funding includes Life of Type Buy (LOTB) procurements to affordably acquire qualified COTS parts for use during and after exposure to nuclear environments and to ensure commonality between the Air Force and the Navy. LOTB was executed jointly with the Navy to provide a pool of interchangeable, qualified, and certified parts for each service's fuze. Procured parts will be delivered to DOE/NNSA's Kansas City National Security Campus for use in producing common component modules for the Air Force and Navy fuzes. Some component modules will be entirely interchangeable between the Services while others will have interchangeable sub-assemblies.

Current Year 
FY2025 funds include procurement of 104 Arming and Fuzing Assemblies (AFAs) to support Full Rate Production (FRP) as well as continued LOTB procurements. These LOTB components were executed jointly with the Navy to provide a pool of interchangeable, qualified, and certified parts for each service's fuze.

FY2026 funding continues AFA production, supporting a lot buy of 110 Arming and Fuzing Assemblies (AFAs) to support Full Rate Production (FRP) as well as continued LOTB procurements. These LOTB components were executed jointly with the Navy to provide a pool of interchangeable, qualified, and certified parts for each service's fuze.

Milestone/Development Status

Milestone/Development Status
The program entered phase 6.5 (first Production) on 6 March 2024. During Phase 6.5, the components and systems final design and process development are completed in preparation for system production readiness. Production Engineering stage activities include 1) verification of production readiness, 2) completion of qualification of processes, equipment, and product, 3) maturation of manufacturing processes and technology to a level sufficient for steady-state production and 4) completion of the formal documentation needed to move into steady-state production. The first flight test was performed in FY2019, the second flight test was performed in FY2020, the third in FY2022, and the final flight test was completed on 4 June 2024. The program is tailored to use the joint Department of Defense - Department of Energy Phase 6.X processes for routine nuclear stockpile activities to align with Navy and DOE/NNSA operations. The Next Phase will be 6.6 Full Scale Production, program plans to enter Phase 6.6 2QFY2026 after FRP is achieved.

Research, Development, Test and Evaluation (RDT&amp;E) is contained in Program Element 0604933F. Baseline Design Review (BDR) completed 23 May 2017. Final Design Review (FDR) completed 19 August 2020. Qualification Evaluation Release (QER) Completed 9 February 2024. Flight Unit 4 (FTU4) as part of GT249 launched 4 June 2024. Initial Operational Test &amp; Evaluation (IOT&amp;E) report released on 4 April 2025.

The ICBM Fuze Mod Program discovered the need to de-couple Milestone C and Full Rate Production (FRP) from the DOE/NNSA Phase 6.x process Phase 6.5 and Phase 6.6 respectively. At the time of the initial baseline in 2014, Phase 6.5 and Phase 6.6 were selected as the surrogates for the DoD milestones. Differences between the DOE/NNSA Phase 6.x process and the DoDI 5000-Series instructions, as it relates to funding Title 10 programs, drove a de-coupling of these milestones into the Acquisition Program Baseline. This program is still being managed according to the Phase 6.x process; however, Milestone C (completed October 2021) and the FRP Decision (completed 21 November 2024) were added as milestones to satisfy statutory requirements of a Major Defense Acquisition Program.</proc:Description>
                <proc:P10AdvanceProcurement>
                    <proc:FirstSystemAwardDate>2026-12</proc:FirstSystemAwardDate>
                    <proc:FirstSystemCompletionDate>2029-06</proc:FirstSystemCompletionDate>
                    <proc:IntervalBetweenSystems>1</proc:IntervalBetweenSystems>
                    <proc:Description>The ICBM Fuze Modernization program required advance procurement authority through FY 2025 to procure long lead items (Model XI sensor hardware, Terminal Protection Device (TPD) connectors, cable assemblies, connector assemblies, and Commercial Off-the-Shelf (COTS) components for the Radar Module, Pathlength Module (PLM), Missile Interface &amp; Controller Module (MICM), Firing Set Interface Module (FSIM), and Launch Safety Device (LSD)).</proc:Description>
                    <proc:ProductionLeadtime>30</proc:ProductionLeadtime>
                    <proc:APCostElementCategoryList>
                        <proc:CFE>
                            <proc:APCostElement>
                                <proc:Name>ICBM FUZE MOD Hardware: ICBM Fuze Mod Hardware</proc:Name>
                                <proc:WhenRequiredInMonths>24</proc:WhenRequiredInMonths>
                                <proc:Cost>
                                    <proc:AllPriorYears>62.047</proc:AllPriorYears>
                                    <proc:PriorYear>0</proc:PriorYear>
                                    <proc:CurrentYear>0</proc:CurrentYear>
                                    <proc:BudgetYearOne>0</proc:BudgetYearOne>
                                </proc:Cost>
                                <proc:ManufacturerList>
                                    <proc:Manufacturer>
                                        <proc:Name>National Security Campus</proc:Name>
                                        <proc:Location>Kansas City, MO</proc:Location>
                                        <proc:InitialQuantity>
                                            <proc:ProductionLeadTimeAfterOct1InMonths>0</proc:ProductionLeadTimeAfterOct1InMonths>
                                            <proc:TotalLeadTimeAfterOct1InMonths>0</proc:TotalLeadTimeAfterOct1InMonths>
                                        </proc:InitialQuantity>
                                        <proc:HistoryPlanningList>
                                            <proc:HistoryPlanning>
                                                <proc:FiscalYear>2026</proc:FiscalYear>
                                                <proc:AwardDate>2025-12</proc:AwardDate>
                                                <proc:Quantity>0</proc:Quantity>
                                                <proc:UnitCost>0.000</proc:UnitCost>
                                                <proc:SpecsAvailableNow>false</proc:SpecsAvailableNow>
                                                <proc:FundingVehicle>MIPR</proc:FundingVehicle>
                                            </proc:HistoryPlanning>
                                        </proc:HistoryPlanningList>
                                    </proc:Manufacturer>
                                </proc:ManufacturerList>
                            </proc:APCostElement>
                            <proc:APCostElement>
                                <proc:Name>ICBM FUZE MOD Hardware: Radar COTS</proc:Name>
                                <proc:WhenRequiredInMonths>24</proc:WhenRequiredInMonths>
                                <proc:Cost>
                                    <proc:AllPriorYears>1.136</proc:AllPriorYears>
                                    <proc:PriorYear>0.667</proc:PriorYear>
                                    <proc:CurrentYear>0.625</proc:CurrentYear>
                                    <proc:BudgetYearOne>0</proc:BudgetYearOne>
                                </proc:Cost>
                                <proc:ManufacturerList>
                                    <proc:Manufacturer>
                                        <proc:Name>National Security Campus</proc:Name>
                                        <proc:Location>Kansas City, MO</proc:Location>
                                        <proc:InitialQuantity>
                                            <proc:ProductionLeadTimeAfterOct1InMonths>0</proc:ProductionLeadTimeAfterOct1InMonths>
                                            <proc:TotalLeadTimeAfterOct1InMonths>0</proc:TotalLeadTimeAfterOct1InMonths>
                                        </proc:InitialQuantity>
                                        <proc:HistoryPlanningList>
                                            <proc:HistoryPlanning>
                                                <proc:FiscalYear>2026</proc:FiscalYear>
                                                <proc:AwardDate>2025-12</proc:AwardDate>
                                                <proc:Quantity>0</proc:Quantity>
                                                <proc:UnitCost>0.000</proc:UnitCost>
                                                <proc:SpecsAvailableNow>false</proc:SpecsAvailableNow>
                                                <proc:FundingVehicle>MIPR</proc:FundingVehicle>
                                            </proc:HistoryPlanning>
                                        </proc:HistoryPlanningList>
                                    </proc:Manufacturer>
                                </proc:ManufacturerList>
                            </proc:APCostElement>
                            <proc:APCostElement>
                                <proc:Name>ICBM FUZE MOD Hardware: MICM COTS</proc:Name>
                                <proc:WhenRequiredInMonths>24</proc:WhenRequiredInMonths>
                                <proc:Cost>
                                    <proc:AllPriorYears>0.887</proc:AllPriorYears>
                                    <proc:PriorYear>0.521</proc:PriorYear>
                                    <proc:CurrentYear>0.489</proc:CurrentYear>
                                    <proc:BudgetYearOne>0</proc:BudgetYearOne>
                                </proc:Cost>
                                <proc:ManufacturerList>
                                    <proc:Manufacturer>
                                        <proc:Name>National Security Campus</proc:Name>
                                        <proc:Location>Kansas City, MO</proc:Location>
                                        <proc:InitialQuantity>
                                            <proc:ProductionLeadTimeAfterOct1InMonths>0</proc:ProductionLeadTimeAfterOct1InMonths>
                                            <proc:TotalLeadTimeAfterOct1InMonths>0</proc:TotalLeadTimeAfterOct1InMonths>
                                        </proc:InitialQuantity>
                                        <proc:HistoryPlanningList>
                                            <proc:HistoryPlanning>
                                                <proc:FiscalYear>2026</proc:FiscalYear>
                                                <proc:AwardDate>2025-12</proc:AwardDate>
                                                <proc:Quantity>0</proc:Quantity>
                                                <proc:UnitCost>0.000</proc:UnitCost>
                                                <proc:SpecsAvailableNow>false</proc:SpecsAvailableNow>
                                                <proc:FundingVehicle>MIPR</proc:FundingVehicle>
                                            </proc:HistoryPlanning>
                                        </proc:HistoryPlanningList>
                                    </proc:Manufacturer>
                                </proc:ManufacturerList>
                            </proc:APCostElement>
                            <proc:APCostElement>
                                <proc:Name>ICBM FUZE MOD Hardware: FSIM COTS</proc:Name>
                                <proc:WhenRequiredInMonths>24</proc:WhenRequiredInMonths>
                                <proc:Cost>
                                    <proc:AllPriorYears>1.928</proc:AllPriorYears>
                                    <proc:PriorYear>1.135</proc:PriorYear>
                                    <proc:CurrentYear>1.063</proc:CurrentYear>
                                    <proc:BudgetYearOne>0</proc:BudgetYearOne>
                                </proc:Cost>
                                <proc:ManufacturerList>
                                    <proc:Manufacturer>
                                        <proc:Name>National Security Campus</proc:Name>
                                        <proc:Location>Kansas City, MO</proc:Location>
                                        <proc:InitialQuantity>
                                            <proc:ProductionLeadTimeAfterOct1InMonths>0</proc:ProductionLeadTimeAfterOct1InMonths>
                                            <proc:TotalLeadTimeAfterOct1InMonths>0</proc:TotalLeadTimeAfterOct1InMonths>
                                        </proc:InitialQuantity>
                                        <proc:HistoryPlanningList>
                                            <proc:HistoryPlanning>
                                                <proc:FiscalYear>2026</proc:FiscalYear>
                                                <proc:AwardDate>2025-12</proc:AwardDate>
                                                <proc:Quantity>0</proc:Quantity>
                                                <proc:UnitCost>0.000</proc:UnitCost>
                                                <proc:SpecsAvailableNow>false</proc:SpecsAvailableNow>
                                                <proc:FundingVehicle>MIPR</proc:FundingVehicle>
                                            </proc:HistoryPlanning>
                                        </proc:HistoryPlanningList>
                                    </proc:Manufacturer>
                                </proc:ManufacturerList>
                            </proc:APCostElement>
                            <proc:APCostElement>
                                <proc:Name>ICBM FUZE MOD Hardware: PLM COTS</proc:Name>
                                <proc:WhenRequiredInMonths>24</proc:WhenRequiredInMonths>
                                <proc:Cost>
                                    <proc:AllPriorYears>0.125</proc:AllPriorYears>
                                    <proc:PriorYear>0.074</proc:PriorYear>
                                    <proc:CurrentYear>0.069</proc:CurrentYear>
                                    <proc:BudgetYearOne>0</proc:BudgetYearOne>
                                </proc:Cost>
                                <proc:ManufacturerList>
                                    <proc:Manufacturer>
                                        <proc:Name>National Security Campus</proc:Name>
                                        <proc:Location>Kansas City, MO</proc:Location>
                                        <proc:InitialQuantity>
                                            <proc:ProductionLeadTimeAfterOct1InMonths>0</proc:ProductionLeadTimeAfterOct1InMonths>
                                            <proc:TotalLeadTimeAfterOct1InMonths>0</proc:TotalLeadTimeAfterOct1InMonths>
                                        </proc:InitialQuantity>
                                        <proc:HistoryPlanningList>
                                            <proc:HistoryPlanning>
                                                <proc:FiscalYear>2026</proc:FiscalYear>
                                                <proc:AwardDate>2025-12</proc:AwardDate>
                                                <proc:Quantity>0</proc:Quantity>
                                                <proc:UnitCost>0.000</proc:UnitCost>
                                                <proc:SpecsAvailableNow>false</proc:SpecsAvailableNow>
                                                <proc:FundingVehicle>MIPR</proc:FundingVehicle>
                                            </proc:HistoryPlanning>
                                        </proc:HistoryPlanningList>
                                    </proc:Manufacturer>
                                </proc:ManufacturerList>
                            </proc:APCostElement>
                            <proc:APCostElement>
                                <proc:Name>ICBM FUZE MOD Hardware: Mod XI Sensor Assembly</proc:Name>
                                <proc:WhenRequiredInMonths>24</proc:WhenRequiredInMonths>
                                <proc:Cost>
                                    <proc:AllPriorYears>61.63</proc:AllPriorYears>
                                    <proc:PriorYear>33.429</proc:PriorYear>
                                    <proc:CurrentYear>19.952</proc:CurrentYear>
                                    <proc:BudgetYearOne>0</proc:BudgetYearOne>
                                </proc:Cost>
                                <proc:ManufacturerList>
                                    <proc:Manufacturer>
                                        <proc:Name>National Security Campus</proc:Name>
                                        <proc:Location>Kansas City, MO</proc:Location>
                                        <proc:InitialQuantity>
                                            <proc:ProductionLeadTimeAfterOct1InMonths>0</proc:ProductionLeadTimeAfterOct1InMonths>
                                            <proc:TotalLeadTimeAfterOct1InMonths>0</proc:TotalLeadTimeAfterOct1InMonths>
                                        </proc:InitialQuantity>
                                        <proc:HistoryPlanningList>
                                            <proc:HistoryPlanning>
                                                <proc:FiscalYear>2026</proc:FiscalYear>
                                                <proc:AwardDate>2025-12</proc:AwardDate>
                                                <proc:Quantity>0</proc:Quantity>
                                                <proc:UnitCost>0.000</proc:UnitCost>
                                                <proc:SpecsAvailableNow>false</proc:SpecsAvailableNow>
                                                <proc:FundingVehicle>MIPR</proc:FundingVehicle>
                                            </proc:HistoryPlanning>
                                        </proc:HistoryPlanningList>
                                    </proc:Manufacturer>
                                </proc:ManufacturerList>
                            </proc:APCostElement>
                            <proc:APCostElement>
                                <proc:Name>ICBM FUZE MOD Hardware: TPD Connectors</proc:Name>
                                <proc:WhenRequiredInMonths>24</proc:WhenRequiredInMonths>
                                <proc:Cost>
                                    <proc:AllPriorYears>0.531</proc:AllPriorYears>
                                    <proc:PriorYear>0.312</proc:PriorYear>
                                    <proc:CurrentYear>0.293</proc:CurrentYear>
                                    <proc:BudgetYearOne>0</proc:BudgetYearOne>
                                </proc:Cost>
                                <proc:ManufacturerList>
                                    <proc:Manufacturer>
                                        <proc:Name>National Security Campus</proc:Name>
                                        <proc:Location>Kansas City, MO</proc:Location>
                                        <proc:InitialQuantity>
                                            <proc:ProductionLeadTimeAfterOct1InMonths>0</proc:ProductionLeadTimeAfterOct1InMonths>
                                            <proc:TotalLeadTimeAfterOct1InMonths>0</proc:TotalLeadTimeAfterOct1InMonths>
                                        </proc:InitialQuantity>
                                        <proc:HistoryPlanningList>
                                            <proc:HistoryPlanning>
                                                <proc:FiscalYear>2026</proc:FiscalYear>
                                                <proc:AwardDate>2025-12</proc:AwardDate>
                                                <proc:Quantity>0</proc:Quantity>
                                                <proc:UnitCost>0.000</proc:UnitCost>
                                                <proc:SpecsAvailableNow>false</proc:SpecsAvailableNow>
                                                <proc:FundingVehicle>MIPR</proc:FundingVehicle>
                                            </proc:HistoryPlanning>
                                        </proc:HistoryPlanningList>
                                    </proc:Manufacturer>
                                </proc:ManufacturerList>
                            </proc:APCostElement>
                            <proc:APCostElement>
                                <proc:Name>ICBM FUZE MOD Hardware: LSDA Header Shell and Parts</proc:Name>
                                <proc:WhenRequiredInMonths>24</proc:WhenRequiredInMonths>
                                <proc:Cost>
                                    <proc:AllPriorYears>2.239</proc:AllPriorYears>
                                    <proc:PriorYear>1.316</proc:PriorYear>
                                    <proc:CurrentYear>1.234</proc:CurrentYear>
                                    <proc:BudgetYearOne>0</proc:BudgetYearOne>
                                </proc:Cost>
                                <proc:ManufacturerList>
                                    <proc:Manufacturer>
                                        <proc:Name>National Security Campus</proc:Name>
                                        <proc:Location>Kansas City, MO</proc:Location>
                                        <proc:InitialQuantity>
                                            <proc:ProductionLeadTimeAfterOct1InMonths>0</proc:ProductionLeadTimeAfterOct1InMonths>
                                            <proc:TotalLeadTimeAfterOct1InMonths>0</proc:TotalLeadTimeAfterOct1InMonths>
                                        </proc:InitialQuantity>
                                        <proc:HistoryPlanningList>
                                            <proc:HistoryPlanning>
                                                <proc:FiscalYear>2026</proc:FiscalYear>
                                                <proc:AwardDate>2025-12</proc:AwardDate>
                                                <proc:Quantity>0</proc:Quantity>
                                                <proc:UnitCost>0.000</proc:UnitCost>
                                                <proc:SpecsAvailableNow>false</proc:SpecsAvailableNow>
                                                <proc:FundingVehicle>MIPR</proc:FundingVehicle>
                                            </proc:HistoryPlanning>
                                        </proc:HistoryPlanningList>
                                    </proc:Manufacturer>
                                </proc:ManufacturerList>
                            </proc:APCostElement>
                            <proc:APCostElement>
                                <proc:Name>ICBM FUZE MOD Hardware: Cable Assembly</proc:Name>
                                <proc:WhenRequiredInMonths>24</proc:WhenRequiredInMonths>
                                <proc:Cost>
                                    <proc:AllPriorYears>1.246</proc:AllPriorYears>
                                    <proc:PriorYear>0.731</proc:PriorYear>
                                    <proc:CurrentYear>0.685</proc:CurrentYear>
                                    <proc:BudgetYearOne>0</proc:BudgetYearOne>
                                </proc:Cost>
                                <proc:ManufacturerList>
                                    <proc:Manufacturer>
                                        <proc:Name>National Security Campus</proc:Name>
                                        <proc:Location>Kansas City, MO</proc:Location>
                                        <proc:InitialQuantity>
                                            <proc:ProductionLeadTimeAfterOct1InMonths>0</proc:ProductionLeadTimeAfterOct1InMonths>
                                            <proc:TotalLeadTimeAfterOct1InMonths>0</proc:TotalLeadTimeAfterOct1InMonths>
                                        </proc:InitialQuantity>
                                        <proc:HistoryPlanningList>
                                            <proc:HistoryPlanning>
                                                <proc:FiscalYear>2026</proc:FiscalYear>
                                                <proc:AwardDate>2025-12</proc:AwardDate>
                                                <proc:Quantity>0</proc:Quantity>
                                                <proc:UnitCost>0.000</proc:UnitCost>
                                                <proc:SpecsAvailableNow>false</proc:SpecsAvailableNow>
                                                <proc:FundingVehicle>MIPR</proc:FundingVehicle>
                                            </proc:HistoryPlanning>
                                        </proc:HistoryPlanningList>
                                    </proc:Manufacturer>
                                </proc:ManufacturerList>
                            </proc:APCostElement>
                            <proc:APCostElement>
                                <proc:Name>ICBM FUZE MOD Hardware: Connector and Subassemblies</proc:Name>
                                <proc:WhenRequiredInMonths>24</proc:WhenRequiredInMonths>
                                <proc:Cost>
                                    <proc:AllPriorYears>1.24</proc:AllPriorYears>
                                    <proc:PriorYear>0.729</proc:PriorYear>
                                    <proc:CurrentYear>0.683</proc:CurrentYear>
                                    <proc:BudgetYearOne>0</proc:BudgetYearOne>
                                </proc:Cost>
                                <proc:ManufacturerList>
                                    <proc:Manufacturer>
                                        <proc:Name>National Security Campus</proc:Name>
                                        <proc:Location>Kansas City, MO</proc:Location>
                                        <proc:InitialQuantity>
                                            <proc:ProductionLeadTimeAfterOct1InMonths>0</proc:ProductionLeadTimeAfterOct1InMonths>
                                            <proc:TotalLeadTimeAfterOct1InMonths>0</proc:TotalLeadTimeAfterOct1InMonths>
                                        </proc:InitialQuantity>
                                        <proc:HistoryPlanningList>
                                            <proc:HistoryPlanning>
                                                <proc:FiscalYear>2026</proc:FiscalYear>
                                                <proc:AwardDate>2025-12</proc:AwardDate>
                                                <proc:Quantity>0</proc:Quantity>
                                                <proc:UnitCost>0.000</proc:UnitCost>
                                                <proc:SpecsAvailableNow>false</proc:SpecsAvailableNow>
                                                <proc:FundingVehicle>MIPR</proc:FundingVehicle>
                                            </proc:HistoryPlanning>
                                        </proc:HistoryPlanningList>
                                    </proc:Manufacturer>
                                </proc:ManufacturerList>
                            </proc:APCostElement>
                            <proc:APCostElement>
                                <proc:Name>ICBM FUZE MOD Hardware: Other (Key Number and Misc Items)</proc:Name>
                                <proc:WhenRequiredInMonths>24</proc:WhenRequiredInMonths>
                                <proc:Cost>
                                    <proc:AllPriorYears>2.218</proc:AllPriorYears>
                                    <proc:PriorYear>1.302</proc:PriorYear>
                                    <proc:CurrentYear>1.22</proc:CurrentYear>
                                    <proc:BudgetYearOne>0</proc:BudgetYearOne>
                                </proc:Cost>
                                <proc:ManufacturerList>
                                    <proc:Manufacturer>
                                        <proc:Name>National Security Campus</proc:Name>
                                        <proc:Location>Kansas City, MO</proc:Location>
                                        <proc:InitialQuantity>
                                            <proc:ProductionLeadTimeAfterOct1InMonths>0</proc:ProductionLeadTimeAfterOct1InMonths>
                                            <proc:TotalLeadTimeAfterOct1InMonths>0</proc:TotalLeadTimeAfterOct1InMonths>
                                        </proc:InitialQuantity>
                                        <proc:HistoryPlanningList>
                                            <proc:HistoryPlanning>
                                                <proc:FiscalYear>2026</proc:FiscalYear>
                                                <proc:AwardDate>2025-12</proc:AwardDate>
                                                <proc:Quantity>0</proc:Quantity>
                                                <proc:UnitCost>0.000</proc:UnitCost>
                                                <proc:SpecsAvailableNow>false</proc:SpecsAvailableNow>
                                                <proc:FundingVehicle>MIPR</proc:FundingVehicle>
                                            </proc:HistoryPlanning>
                                        </proc:HistoryPlanningList>
                                    </proc:Manufacturer>
                                </proc:ManufacturerList>
                            </proc:APCostElement>
                            <proc:CategorySubtotal>
                                <proc:AllPriorYears>135.227</proc:AllPriorYears>
                                <proc:PriorYear>40.216</proc:PriorYear>
                                <proc:CurrentYear>26.313</proc:CurrentYear>
                                <proc:BudgetYearOne>0</proc:BudgetYearOne>
                            </proc:CategorySubtotal>
                        </proc:CFE>
                    </proc:APCostElementCategoryList>
                </proc:P10AdvanceProcurement>
            </proc:P3AModificationItemGroup>
        </proc:ItemExhibitList>
        <proc:DocumentAssemblyOptions>
            <proc:p40AItemScheduleSetting>expandItemSuppressExhibit</proc:p40AItemScheduleSetting>
        </proc:DocumentAssemblyOptions>
    </proc:LineItem>
</proc:LineItemList>